time,open,high,low,close,volume,spread,vol_ok,lwall,ltime,ldate,in_cash,extreme
2012-03-26 00:00:00+00:00,5854.9,5913.1,5854.5,5902.7,0,0.0,False,2012-03-26 01:00:00,1.0,2012-03-26,True,False
2012-03-27 00:00:00+00:00,5902.7,5941.9,5863.8,5869.6,0,0.0,False,2012-03-27 01:00:00,1.0,2012-03-27,True,False
2012-03-28 00:00:00+00:00,5869.6,5877.9,5809.0,5809.0,0,0.0,False,2012-03-28 01:00:00,1.0,2012-03-28,True,False
2012-03-29 00:00:00+00:00,5809.0,5812.2,5726.5,5742.0,0,0.0,False,2012-03-29 01:00:00,1.0,2012-03-29,True,False
2012-03-30 00:00:00+00:00,5742.0,5782.7,5742.0,5768.5,0,0.0,False,2012-03-30 01:00:00,1.0,2012-03-30,True,False
2012-04-02 00:00:00+00:00,5768.5,5874.9,5748.6,5874.9,0,0.0,False,2012-04-02 01:00:00,1.0,2012-04-02,True,False
2012-04-03 00:00:00+00:00,5874.9,5890.2,5838.3,5838.3,0,0.0,False,2012-04-03 01:00:00,1.0,2012-04-03,True,False
2012-04-04 00:00:00+00:00,5838.3,5838.3,5685.7,5703.8,0,0.0,False,2012-04-04 01:00:00,1.0,2012-04-04,True,False
2012-04-05 00:00:00+00:00,5703.8,5731.7,5663.3,5723.7,0,0.0,False,2012-04-05 01:00:00,1.0,2012-04-05,True,False
2012-04-06 00:00:00+00:00,5723.7,5723.7,5723.7,5723.7,0,0.0,False,2012-04-06 01:00:00,1.0,2012-04-06,True,False
2012-04-09 00:00:00+00:00,5723.7,5723.7,5723.7,5723.7,0,0.0,False,2012-04-09 01:00:00,1.0,2012-04-09,True,False
2012-04-10 00:00:00+00:00,5723.7,5723.7,5595.6,5595.6,0,0.0,False,2012-04-10 01:00:00,1.0,2012-04-10,True,False
2012-04-11 00:00:00+00:00,5595.6,5655.9,5576.4,5634.7,0,0.0,False,2012-04-11 01:00:00,1.0,2012-04-11,True,False
2012-04-12 00:00:00+00:00,5634.7,5727.9,5602.6,5710.5,0,0.0,False,2012-04-12 01:00:00,1.0,2012-04-12,True,False
2012-04-13 00:00:00+00:00,5710.5,5710.8,5643.5,5651.8,0,0.0,False,2012-04-13 01:00:00,1.0,2012-04-13,True,False
2012-04-16 00:00:00+00:00,5651.8,5708.0,5641.1,5666.3,0,0.0,False,2012-04-16 01:00:00,1.0,2012-04-16,True,False
2012-04-17 00:00:00+00:00,5666.3,5773.7,5651.5,5767.0,0,0.0,False,2012-04-17 01:00:00,1.0,2012-04-17,True,False
2012-04-18 00:00:00+00:00,5767.0,5783.9,5730.9,5745.3,0,0.0,False,2012-04-18 01:00:00,1.0,2012-04-18,True,False
2012-04-19 00:00:00+00:00,5745.3,5792.1,5738.1,5744.6,0,0.0,False,2012-04-19 01:00:00,1.0,2012-04-19,True,False
2012-04-20 00:00:00+00:00,5744.6,5775.7,5724.2,5772.2,0,0.0,False,2012-04-20 01:00:00,1.0,2012-04-20,True,False
2012-04-23 00:00:00+00:00,5772.2,5772.2,5637.7,5665.6,0,0.0,False,2012-04-23 01:00:00,1.0,2012-04-23,True,False
2012-04-24 00:00:00+00:00,5665.6,5714.2,5658.5,5709.5,0,0.0,False,2012-04-24 01:00:00,1.0,2012-04-24,True,False
2012-04-25 00:00:00+00:00,5709.5,5745.0,5703.2,5718.9,0,0.0,False,2012-04-25 01:00:00,1.0,2012-04-25,True,False
2012-04-26 00:00:00+00:00,5718.9,5761.1,5691.7,5748.7,0,0.0,False,2012-04-26 01:00:00,1.0,2012-04-26,True,False
2012-04-27 00:00:00+00:00,5748.7,5789.0,5708.0,5777.1,0,0.0,False,2012-04-27 01:00:00,1.0,2012-04-27,True,False
2012-04-30 00:00:00+00:00,5777.1,5793.0,5728.9,5737.8,0,0.0,False,2012-04-30 01:00:00,1.0,2012-04-30,True,False
2012-05-01 00:00:00+00:00,5737.8,5819.0,5732.2,5812.2,0,0.0,False,2012-05-01 01:00:00,1.0,2012-05-01,True,False
2012-05-02 00:00:00+00:00,5812.2,5819.9,5736.7,5758.1,0,0.0,False,2012-05-02 01:00:00,1.0,2012-05-02,True,False
2012-05-03 00:00:00+00:00,5758.1,5800.8,5745.2,5766.6,0,0.0,False,2012-05-03 01:00:00,1.0,2012-05-03,True,False
2012-05-04 00:00:00+00:00,5766.6,5766.6,5639.8,5655.1,0,0.0,False,2012-05-04 01:00:00,1.0,2012-05-04,True,False
2012-05-07 00:00:00+00:00,5655.1,5655.1,5655.1,5655.1,0,0.0,False,2012-05-07 01:00:00,1.0,2012-05-07,True,False
2012-05-08 00:00:00+00:00,5655.1,5668.1,5550.1,5554.6,0,0.0,False,2012-05-08 01:00:00,1.0,2012-05-08,True,False
2012-05-09 00:00:00+00:00,5554.6,5571.7,5464.4,5530.1,0,0.0,False,2012-05-09 01:00:00,1.0,2012-05-09,True,False
2012-05-10 00:00:00+00:00,5530.1,5566.1,5490.5,5544.0,0,0.0,False,2012-05-10 01:00:00,1.0,2012-05-10,True,False
2012-05-11 00:00:00+00:00,5544.0,5585.5,5499.3,5575.5,0,0.0,False,2012-05-11 01:00:00,1.0,2012-05-11,True,False
2012-05-14 00:00:00+00:00,5575.5,5575.7,5436.7,5465.5,0,0.0,False,2012-05-14 01:00:00,1.0,2012-05-14,True,False
2012-05-15 00:00:00+00:00,5465.5,5507.7,5411.8,5437.6,0,0.0,False,2012-05-15 01:00:00,1.0,2012-05-15,True,False
2012-05-16 00:00:00+00:00,5437.6,5448.4,5354.0,5405.3,0,0.0,False,2012-05-16 01:00:00,1.0,2012-05-16,True,False
2012-05-17 00:00:00+00:00,5405.3,5413.3,5309.8,5338.4,0,0.0,False,2012-05-17 01:00:00,1.0,2012-05-17,True,False
2012-05-18 00:00:00+00:00,5338.4,5338.4,5256.6,5267.6,0,0.0,False,2012-05-18 01:00:00,1.0,2012-05-18,True,False
2012-05-21 00:00:00+00:00,5267.6,5324.4,5253.9,5304.5,0,0.0,False,2012-05-21 01:00:00,1.0,2012-05-21,True,False
2012-05-22 00:00:00+00:00,5304.5,5408.7,5304.5,5403.3,0,0.0,False,2012-05-22 01:00:00,1.0,2012-05-22,True,False
2012-05-23 00:00:00+00:00,5403.3,5403.7,5262.9,5266.4,0,0.0,False,2012-05-23 01:00:00,1.0,2012-05-23,True,False
2012-05-24 00:00:00+00:00,5266.4,5371.8,5266.4,5350.1,0,0.0,False,2012-05-24 01:00:00,1.0,2012-05-24,True,False
2012-05-25 00:00:00+00:00,5350.1,5385.2,5312.2,5351.5,0,0.0,False,2012-05-25 01:00:00,1.0,2012-05-25,True,False
2012-05-28 00:00:00+00:00,5351.5,5413.8,5341.3,5356.3,0,0.0,False,2012-05-28 01:00:00,1.0,2012-05-28,True,False
2012-05-29 00:00:00+00:00,5356.3,5404.7,5342.5,5391.1,0,0.0,False,2012-05-29 01:00:00,1.0,2012-05-29,True,False
2012-05-30 00:00:00+00:00,5391.1,5391.1,5284.4,5297.3,0,0.0,False,2012-05-30 01:00:00,1.0,2012-05-30,True,False
2012-05-31 00:00:00+00:00,5297.3,5352.1,5272.7,5320.9,0,0.0,False,2012-05-31 01:00:00,1.0,2012-05-31,True,False
2012-06-01 00:00:00+00:00,5320.9,5354.5,5229.8,5260.2,0,0.0,False,2012-06-01 01:00:00,1.0,2012-06-01,True,False
2012-06-04 00:00:00+00:00,5260.2,5260.2,5260.2,5260.2,0,0.0,False,2012-06-04 01:00:00,1.0,2012-06-04,True,False
2012-06-05 00:00:00+00:00,5260.2,5260.2,5260.2,5260.2,0,0.0,False,2012-06-05 01:00:00,1.0,2012-06-05,True,False
2012-06-06 00:00:00+00:00,5260.2,5388.0,5260.2,5384.1,0,0.0,False,2012-06-06 01:00:00,1.0,2012-06-06,True,False
2012-06-07 00:00:00+00:00,5384.1,5494.5,5384.1,5447.8,0,0.0,False,2012-06-07 01:00:00,1.0,2012-06-07,True,False
2012-06-08 00:00:00+00:00,5447.8,5447.8,5381.8,5435.1,0,0.0,False,2012-06-08 01:00:00,1.0,2012-06-08,True,False
2012-06-11 00:00:00+00:00,5435.1,5536.3,5419.6,5432.4,0,0.0,False,2012-06-11 01:00:00,1.0,2012-06-11,True,False
2012-06-12 00:00:00+00:00,5432.4,5478.6,5414.6,5473.7,0,0.0,False,2012-06-12 01:00:00,1.0,2012-06-12,True,False
2012-06-13 00:00:00+00:00,5473.7,5507.7,5436.7,5483.8,0,0.0,False,2012-06-13 01:00:00,1.0,2012-06-13,True,False
2012-06-14 00:00:00+00:00,5483.8,5483.8,5424.4,5467.1,0,0.0,False,2012-06-14 01:00:00,1.0,2012-06-14,True,False
2012-06-15 00:00:00+00:00,5467.1,5522.9,5465.1,5478.8,0,0.0,False,2012-06-15 01:00:00,1.0,2012-06-15,True,False
2012-06-18 00:00:00+00:00,5478.8,5555.3,5461.1,5491.1,0,0.0,False,2012-06-18 01:00:00,1.0,2012-06-18,True,False
2012-06-19 00:00:00+00:00,5491.1,5603.1,5491.0,5586.3,0,0.0,False,2012-06-19 01:00:00,1.0,2012-06-19,True,False
2012-06-20 00:00:00+00:00,5586.3,5623.9,5566.0,5622.3,0,0.0,False,2012-06-20 01:00:00,1.0,2012-06-20,True,False
2012-06-21 00:00:00+00:00,5622.3,5622.3,5564.8,5566.4,0,0.0,False,2012-06-21 01:00:00,1.0,2012-06-21,True,False
2012-06-22 00:00:00+00:00,5566.4,5566.4,5500.0,5513.7,0,0.0,False,2012-06-22 01:00:00,1.0,2012-06-22,True,False
2012-06-25 00:00:00+00:00,5513.7,5513.7,5435.5,5450.7,0,0.0,False,2012-06-25 01:00:00,1.0,2012-06-25,True,False
2012-06-26 00:00:00+00:00,5450.7,5476.5,5436.3,5447.0,0,0.0,False,2012-06-26 01:00:00,1.0,2012-06-26,True,False
2012-06-27 00:00:00+00:00,5447.0,5525.1,5447.0,5523.9,0,0.0,False,2012-06-27 01:00:00,1.0,2012-06-27,True,False
2012-06-28 00:00:00+00:00,5523.9,5533.8,5436.5,5493.1,0,0.0,False,2012-06-28 01:00:00,1.0,2012-06-28,True,False
2012-06-29 00:00:00+00:00,5493.1,5619.7,5493.1,5571.2,0,0.0,False,2012-06-29 01:00:00,1.0,2012-06-29,True,False
2012-07-02 00:00:00+00:00,5571.2,5640.6,5571.2,5640.6,0,0.0,False,2012-07-02 01:00:00,1.0,2012-07-02,True,False
2012-07-03 00:00:00+00:00,5640.6,5689.0,5636.1,5687.7,0,0.0,False,2012-07-03 01:00:00,1.0,2012-07-03,True,False
2012-07-04 00:00:00+00:00,5687.7,5699.9,5669.7,5684.5,0,0.0,False,2012-07-04 01:00:00,1.0,2012-07-04,True,False
2012-07-05 00:00:00+00:00,5684.5,5727.5,5662.5,5692.6,0,0.0,False,2012-07-05 01:00:00,1.0,2012-07-05,True,False
2012-07-06 00:00:00+00:00,5692.6,5695.1,5647.5,5662.6,0,0.0,False,2012-07-06 01:00:00,1.0,2012-07-06,True,False
2012-07-09 00:00:00+00:00,5662.6,5669.8,5610.7,5627.3,0,0.0,False,2012-07-09 01:00:00,1.0,2012-07-09,True,False
2012-07-10 00:00:00+00:00,5627.3,5688.7,5622.3,5664.1,0,0.0,False,2012-07-10 01:00:00,1.0,2012-07-10,True,False
2012-07-11 00:00:00+00:00,5664.1,5674.7,5625.6,5664.5,0,0.0,False,2012-07-11 01:00:00,1.0,2012-07-11,True,False
2012-07-12 00:00:00+00:00,5664.5,5664.5,5588.8,5608.3,0,0.0,False,2012-07-12 01:00:00,1.0,2012-07-12,True,False
2012-07-13 00:00:00+00:00,5608.3,5675.6,5608.3,5666.1,0,0.0,False,2012-07-13 01:00:00,1.0,2012-07-13,True,False
2012-07-16 00:00:00+00:00,5666.1,5670.6,5640.9,5662.4,0,0.0,False,2012-07-16 01:00:00,1.0,2012-07-16,True,False
2012-07-17 00:00:00+00:00,5662.4,5676.5,5621.2,5629.1,0,0.0,False,2012-07-17 01:00:00,1.0,2012-07-17,True,False
2012-07-18 00:00:00+00:00,5629.1,5688.3,5624.5,5685.8,0,0.0,False,2012-07-18 01:00:00,1.0,2012-07-18,True,False
2012-07-19 00:00:00+00:00,5685.8,5718.6,5685.8,5714.2,0,0.0,False,2012-07-19 01:00:00,1.0,2012-07-19,True,False
2012-07-20 00:00:00+00:00,5714.2,5714.2,5644.9,5651.8,0,0.0,False,2012-07-20 01:00:00,1.0,2012-07-20,True,False
2012-07-23 00:00:00+00:00,5651.8,5651.8,5510.9,5533.9,0,0.0,False,2012-07-23 01:00:00,1.0,2012-07-23,True,False
2012-07-24 00:00:00+00:00,5533.9,5556.6,5487.0,5499.2,0,0.0,False,2012-07-24 01:00:00,1.0,2012-07-24,True,False
2012-07-25 00:00:00+00:00,5499.2,5526.1,5478.0,5498.3,0,0.0,False,2012-07-25 01:00:00,1.0,2012-07-25,True,False
2012-07-26 00:00:00+00:00,5498.3,5594.5,5478.0,5573.2,0,0.0,False,2012-07-26 01:00:00,1.0,2012-07-26,True,False
2012-07-27 00:00:00+00:00,5573.2,5631.0,5550.9,5627.2,0,0.0,False,2012-07-27 01:00:00,1.0,2012-07-27,True,False
2012-07-30 00:00:00+00:00,5627.2,5706.5,5625.7,5693.6,0,0.0,False,2012-07-30 01:00:00,1.0,2012-07-30,True,False
2012-07-31 00:00:00+00:00,5693.6,5695.5,5635.3,5635.3,0,0.0,False,2012-07-31 01:00:00,1.0,2012-07-31,True,False
2012-08-01 00:00:00+00:00,5635.3,5712.8,5633.0,5712.8,0,0.0,False,2012-08-01 01:00:00,1.0,2012-08-01,True,False
2012-08-02 00:00:00+00:00,5712.8,5765.8,5657.3,5662.3,0,0.0,False,2012-08-02 01:00:00,1.0,2012-08-02,True,False
2012-08-03 00:00:00+00:00,5662.3,5794.0,5662.3,5787.3,0,0.0,False,2012-08-03 01:00:00,1.0,2012-08-03,True,False
2012-08-06 00:00:00+00:00,5787.3,5837.6,5767.1,5808.8,0,0.0,False,2012-08-06 01:00:00,1.0,2012-08-06,True,False
2012-08-07 00:00:00+00:00,5808.8,5841.2,5785.0,5841.2,0,0.0,False,2012-08-07 01:00:00,1.0,2012-08-07,True,False
2012-08-08 00:00:00+00:00,5841.2,5845.9,5801.1,5845.9,0,0.0,False,2012-08-08 01:00:00,1.0,2012-08-08,True,False
2012-08-09 00:00:00+00:00,5845.9,5860.2,5828.4,5851.5,0,0.0,False,2012-08-09 01:00:00,1.0,2012-08-09,True,False
2012-08-10 00:00:00+00:00,5851.5,5858.6,5827.7,5847.1,0,0.0,False,2012-08-10 01:00:00,1.0,2012-08-10,True,False
2012-08-13 00:00:00+00:00,5847.1,5852.8,5813.6,5831.9,0,0.0,False,2012-08-13 01:00:00,1.0,2012-08-13,True,False
2012-08-14 00:00:00+00:00,5831.9,5876.2,5831.9,5864.8,0,0.0,False,2012-08-14 01:00:00,1.0,2012-08-14,True,False
2012-08-15 00:00:00+00:00,5864.8,5864.8,5822.3,5833.0,0,0.0,False,2012-08-15 01:00:00,1.0,2012-08-15,True,False
2012-08-16 00:00:00+00:00,5833.0,5846.7,5811.3,5834.5,0,0.0,False,2012-08-16 01:00:00,1.0,2012-08-16,True,False
2012-08-17 00:00:00+00:00,5834.5,5854.7,5834.4,5852.4,0,0.0,False,2012-08-17 01:00:00,1.0,2012-08-17,True,False
2012-08-20 00:00:00+00:00,5852.4,5857.5,5802.9,5824.4,0,0.0,False,2012-08-20 01:00:00,1.0,2012-08-20,True,False
2012-08-21 00:00:00+00:00,5824.4,5872.6,5824.4,5857.5,0,0.0,False,2012-08-21 01:00:00,1.0,2012-08-21,True,False
2012-08-22 00:00:00+00:00,5857.5,5857.5,5771.2,5774.2,0,0.0,False,2012-08-22 01:00:00,1.0,2012-08-22,True,False
2012-08-23 00:00:00+00:00,5774.2,5809.3,5764.0,5776.6,0,0.0,False,2012-08-23 01:00:00,1.0,2012-08-23,True,False
2012-08-24 00:00:00+00:00,5776.6,5791.4,5739.4,5776.6,0,0.0,False,2012-08-24 01:00:00,1.0,2012-08-24,True,False
2012-08-27 00:00:00+00:00,5776.6,5776.6,5776.6,5776.6,0,0.0,False,2012-08-27 01:00:00,1.0,2012-08-27,True,False
2012-08-28 00:00:00+00:00,5776.6,5779.5,5749.8,5775.7,0,0.0,False,2012-08-28 01:00:00,1.0,2012-08-28,True,False
2012-08-29 00:00:00+00:00,5775.7,5775.8,5739.2,5743.5,0,0.0,False,2012-08-29 01:00:00,1.0,2012-08-29,True,False
2012-08-30 00:00:00+00:00,5743.5,5743.5,5705.7,5719.5,0,0.0,False,2012-08-30 01:00:00,1.0,2012-08-30,True,False
2012-08-31 00:00:00+00:00,5719.5,5763.8,5708.0,5711.5,0,0.0,False,2012-08-31 01:00:00,1.0,2012-08-31,True,False
2012-09-03 00:00:00+00:00,5711.5,5758.4,5701.1,5758.4,0,0.0,False,2012-09-03 01:00:00,1.0,2012-09-03,True,False
2012-09-04 00:00:00+00:00,5758.4,5758.4,5658.3,5672.0,0,0.0,False,2012-09-04 01:00:00,1.0,2012-09-04,True,False
2012-09-05 00:00:00+00:00,5672.0,5675.9,5634.9,5657.9,0,0.0,False,2012-09-05 01:00:00,1.0,2012-09-05,True,False
2012-09-06 00:00:00+00:00,5657.9,5786.0,5657.9,5777.3,0,0.0,False,2012-09-06 01:00:00,1.0,2012-09-06,True,False
2012-09-07 00:00:00+00:00,5777.3,5807.6,5772.9,5794.8,0,0.0,False,2012-09-07 01:00:00,1.0,2012-09-07,True,False
2012-09-10 00:00:00+00:00,5794.8,5806.8,5777.1,5793.2,0,0.0,False,2012-09-10 01:00:00,1.0,2012-09-10,True,False
2012-09-11 00:00:00+00:00,5793.2,5796.6,5764.2,5792.2,0,0.0,False,2012-09-11 01:00:00,1.0,2012-09-11,True,False
2012-09-12 00:00:00+00:00,5792.2,5821.2,5757.6,5782.1,0,0.0,False,2012-09-12 01:00:00,1.0,2012-09-12,True,False
2012-09-13 00:00:00+00:00,5782.1,5826.6,5770.3,5819.9,0,0.0,False,2012-09-13 01:00:00,1.0,2012-09-13,True,False
2012-09-14 00:00:00+00:00,5819.9,5932.6,5819.9,5915.6,0,0.0,False,2012-09-14 01:00:00,1.0,2012-09-14,True,False
2012-09-17 00:00:00+00:00,5915.6,5915.7,5883.2,5893.5,0,0.0,False,2012-09-17 01:00:00,1.0,2012-09-17,True,False
2012-09-18 00:00:00+00:00,5893.5,5893.5,5837.5,5868.2,0,0.0,False,2012-09-18 01:00:00,1.0,2012-09-18,True,False
2012-09-19 00:00:00+00:00,5868.2,5894.4,5861.0,5888.5,0,0.0,False,2012-09-19 01:00:00,1.0,2012-09-19,True,False
2012-09-20 00:00:00+00:00,5888.5,5888.5,5824.4,5854.6,0,0.0,False,2012-09-20 01:00:00,1.0,2012-09-20,True,False
2012-09-21 00:00:00+00:00,5854.6,5887.6,5838.9,5852.6,0,0.0,False,2012-09-21 01:00:00,1.0,2012-09-21,True,False
2012-09-24 00:00:00+00:00,5852.6,5852.6,5806.1,5838.8,0,0.0,False,2012-09-24 01:00:00,1.0,2012-09-24,True,False
2012-09-25 00:00:00+00:00,5838.8,5869.2,5828.3,5859.7,0,0.0,False,2012-09-25 01:00:00,1.0,2012-09-25,True,False
2012-09-26 00:00:00+00:00,5859.7,5859.7,5751.4,5768.1,0,0.0,False,2012-09-26 01:00:00,1.0,2012-09-26,True,False
2012-09-27 00:00:00+00:00,5768.1,5804.1,5763.0,5779.4,0,0.0,False,2012-09-27 01:00:00,1.0,2012-09-27,True,False
2012-09-28 00:00:00+00:00,5779.4,5807.8,5740.5,5742.1,0,0.0,False,2012-09-28 01:00:00,1.0,2012-09-28,True,False
2012-10-01 00:00:00+00:00,5742.1,5843.5,5738.6,5820.5,0,0.0,False,2012-10-01 01:00:00,1.0,2012-10-01,True,False
2012-10-02 00:00:00+00:00,5820.5,5840.4,5781.4,5809.5,0,0.0,False,2012-10-02 01:00:00,1.0,2012-10-02,True,False
2012-10-03 00:00:00+00:00,5809.5,5832.5,5785.0,5825.8,0,0.0,False,2012-10-03 01:00:00,1.0,2012-10-03,True,False
2012-10-04 00:00:00+00:00,5825.8,5854.2,5803.2,5827.8,0,0.0,False,2012-10-04 01:00:00,1.0,2012-10-04,True,False
2012-10-05 00:00:00+00:00,5827.8,5885.6,5827.6,5871.0,0,0.0,False,2012-10-05 01:00:00,1.0,2012-10-05,True,False
2012-10-08 00:00:00+00:00,5871.0,5871.0,5818.8,5841.7,0,0.0,False,2012-10-08 01:00:00,1.0,2012-10-08,True,False
2012-10-09 00:00:00+00:00,5841.7,5856.4,5795.2,5810.3,0,0.0,False,2012-10-09 01:00:00,1.0,2012-10-09,True,False
2012-10-10 00:00:00+00:00,5810.3,5810.5,5776.7,5776.7,0,0.0,False,2012-10-10 01:00:00,1.0,2012-10-10,True,False
2012-10-11 00:00:00+00:00,5776.7,5846.3,5766.7,5829.8,0,0.0,False,2012-10-11 01:00:00,1.0,2012-10-11,True,False
2012-10-12 00:00:00+00:00,5829.8,5829.8,5793.3,5793.3,0,0.0,False,2012-10-12 01:00:00,1.0,2012-10-12,True,False
2012-10-15 00:00:00+00:00,5793.3,5827.9,5786.0,5805.6,0,0.0,False,2012-10-15 01:00:00,1.0,2012-10-15,True,False
2012-10-16 00:00:00+00:00,5805.6,5878.1,5805.6,5870.5,0,0.0,False,2012-10-16 01:00:00,1.0,2012-10-16,True,False
2012-10-17 00:00:00+00:00,5870.5,5915.6,5868.7,5910.9,0,0.0,False,2012-10-17 01:00:00,1.0,2012-10-17,True,False
2012-10-18 00:00:00+00:00,5910.9,5928.3,5896.5,5917.1,0,0.0,False,2012-10-18 01:00:00,1.0,2012-10-18,True,False
2012-10-19 00:00:00+00:00,5917.1,5919.7,5892.2,5896.2,0,0.0,False,2012-10-19 01:00:00,1.0,2012-10-19,True,False
2012-10-22 00:00:00+00:00,5896.2,5911.0,5869.9,5882.9,0,0.0,False,2012-10-22 01:00:00,1.0,2012-10-22,True,False
2012-10-23 00:00:00+00:00,5882.9,5893.4,5789.0,5797.9,0,0.0,False,2012-10-23 01:00:00,1.0,2012-10-23,True,False
2012-10-24 00:00:00+00:00,5797.9,5823.2,5776.6,5804.8,0,0.0,False,2012-10-24 01:00:00,1.0,2012-10-24,True,False
2012-10-25 00:00:00+00:00,5804.8,5840.6,5802.2,5805.1,0,0.0,False,2012-10-25 01:00:00,1.0,2012-10-25,True,False
2012-10-26 00:00:00+00:00,5805.1,5817.9,5753.3,5806.7,0,0.0,False,2012-10-26 01:00:00,1.0,2012-10-26,True,False
2012-10-29 00:00:00+00:00,5806.7,5812.7,5763.5,5795.1,0,0.0,False,2012-10-29 00:00:00,0.0,2012-10-29,True,False
2012-10-30 00:00:00+00:00,5795.1,5852.2,5794.9,5849.9,0,0.0,False,2012-10-30 00:00:00,0.0,2012-10-30,True,False
2012-10-31 00:00:00+00:00,5849.9,5866.7,5782.7,5782.7,0,0.0,False,2012-10-31 00:00:00,0.0,2012-10-31,True,False
2012-11-01 00:00:00+00:00,5782.7,5866.8,5778.0,5861.9,0,0.0,False,2012-11-01 00:00:00,0.0,2012-11-01,True,False
2012-11-02 00:00:00+00:00,5861.9,5890.1,5844.3,5868.6,0,0.0,False,2012-11-02 00:00:00,0.0,2012-11-02,True,False
2012-11-05 00:00:00+00:00,5868.6,5868.6,5825.6,5839.1,0,0.0,False,2012-11-05 00:00:00,0.0,2012-11-05,True,False
2012-11-06 00:00:00+00:00,5839.1,5885.2,5839.1,5884.9,0,0.0,False,2012-11-06 00:00:00,0.0,2012-11-06,True,False
2012-11-07 00:00:00+00:00,5884.9,5921.8,5789.4,5791.6,0,0.0,False,2012-11-07 00:00:00,0.0,2012-11-07,True,False
2012-11-08 00:00:00+00:00,5791.6,5824.4,5770.7,5776.1,0,0.0,False,2012-11-08 00:00:00,0.0,2012-11-08,True,False
2012-11-09 00:00:00+00:00,5776.1,5786.4,5715.2,5769.7,0,0.0,False,2012-11-09 00:00:00,0.0,2012-11-09,True,False
2012-11-12 00:00:00+00:00,5769.7,5795.3,5762.0,5767.3,0,0.0,False,2012-11-12 00:00:00,0.0,2012-11-12,True,False
2012-11-13 00:00:00+00:00,5767.3,5786.3,5711.0,5786.3,0,0.0,False,2012-11-13 00:00:00,0.0,2012-11-13,True,False
2012-11-14 00:00:00+00:00,5786.3,5786.3,5719.6,5722.0,0,0.0,False,2012-11-14 00:00:00,0.0,2012-11-14,True,False
2012-11-15 00:00:00+00:00,5722.0,5722.0,5674.3,5677.8,0,0.0,False,2012-11-15 00:00:00,0.0,2012-11-15,True,False
2012-11-16 00:00:00+00:00,5677.8,5682.7,5605.6,5605.6,0,0.0,False,2012-11-16 00:00:00,0.0,2012-11-16,True,False
2012-11-19 00:00:00+00:00,5605.6,5739.7,5605.6,5737.7,0,0.0,False,2012-11-19 00:00:00,0.0,2012-11-19,True,False
2012-11-20 00:00:00+00:00,5737.7,5751.8,5706.7,5748.1,0,0.0,False,2012-11-20 00:00:00,0.0,2012-11-20,True,False
2012-11-21 00:00:00+00:00,5748.1,5760.1,5727.9,5752.0,0,0.0,False,2012-11-21 00:00:00,0.0,2012-11-21,True,False
2012-11-22 00:00:00+00:00,5752.0,5796.5,5752.0,5791.0,0,0.0,False,2012-11-22 00:00:00,0.0,2012-11-22,True,False
2012-11-23 00:00:00+00:00,5791.0,5830.5,5781.4,5819.1,0,0.0,False,2012-11-23 00:00:00,0.0,2012-11-23,True,False
2012-11-26 00:00:00+00:00,5819.1,5819.1,5773.9,5786.7,0,0.0,False,2012-11-26 00:00:00,0.0,2012-11-26,True,False
2012-11-27 00:00:00+00:00,5786.7,5823.2,5786.7,5799.7,0,0.0,False,2012-11-27 00:00:00,0.0,2012-11-27,True,False
2012-11-28 00:00:00+00:00,5799.7,5808.3,5755.2,5803.3,0,0.0,False,2012-11-28 00:00:00,0.0,2012-11-28,True,False
2012-11-29 00:00:00+00:00,5803.3,5884.0,5803.3,5870.3,0,0.0,False,2012-11-29 00:00:00,0.0,2012-11-29,True,False
2012-11-30 00:00:00+00:00,5870.3,5904.4,5860.3,5866.8,0,0.0,False,2012-11-30 00:00:00,0.0,2012-11-30,True,False
2012-12-03 00:00:00+00:00,5866.8,5902.0,5859.6,5871.2,0,0.0,False,2012-12-03 00:00:00,0.0,2012-12-03,True,False
2012-12-04 00:00:00+00:00,5871.2,5885.4,5852.9,5869.0,0,0.0,False,2012-12-04 00:00:00,0.0,2012-12-04,True,False
2012-12-05 00:00:00+00:00,5869.0,5902.7,5869.0,5892.1,0,0.0,False,2012-12-05 00:00:00,0.0,2012-12-05,True,False
2012-12-06 00:00:00+00:00,5892.1,5923.9,5889.7,5901.4,0,0.0,False,2012-12-06 00:00:00,0.0,2012-12-06,True,False
2012-12-07 00:00:00+00:00,5901.4,5923.1,5889.9,5914.4,0,0.0,False,2012-12-07 00:00:00,0.0,2012-12-07,True,False
2012-12-10 00:00:00+00:00,5914.4,5924.0,5891.3,5921.6,0,0.0,False,2012-12-10 00:00:00,0.0,2012-12-10,True,False
2012-12-11 00:00:00+00:00,5921.6,5937.9,5908.3,5925.0,0,0.0,False,2012-12-11 00:00:00,0.0,2012-12-11,True,False
2012-12-12 00:00:00+00:00,5925.0,5948.5,5915.9,5945.9,0,0.0,False,2012-12-12 00:00:00,0.0,2012-12-12,True,False
2012-12-13 00:00:00+00:00,5945.9,5947.9,5918.6,5929.6,0,0.0,False,2012-12-13 00:00:00,0.0,2012-12-13,True,False
2012-12-14 00:00:00+00:00,5929.6,5944.5,5915.3,5921.8,0,0.0,False,2012-12-14 00:00:00,0.0,2012-12-14,True,False
2012-12-17 00:00:00+00:00,5921.8,5923.9,5881.0,5912.2,0,0.0,False,2012-12-17 00:00:00,0.0,2012-12-17,True,False
2012-12-18 00:00:00+00:00,5912.2,5946.4,5911.1,5935.9,0,0.0,False,2012-12-18 00:00:00,0.0,2012-12-18,True,False
2012-12-19 00:00:00+00:00,5935.9,5977.8,5935.9,5961.6,0,0.0,False,2012-12-19 00:00:00,0.0,2012-12-19,True,False
2012-12-20 00:00:00+00:00,5961.6,5970.9,5950.1,5958.3,0,0.0,False,2012-12-20 00:00:00,0.0,2012-12-20,True,False
2012-12-21 00:00:00+00:00,5958.3,5958.3,5894.1,5940.0,0,0.0,False,2012-12-21 00:00:00,0.0,2012-12-21,True,False
2012-12-24 00:00:00+00:00,5940.0,5957.7,5937.1,5954.2,0,0.0,False,2012-12-24 00:00:00,0.0,2012-12-24,True,False
2012-12-25 00:00:00+00:00,5954.2,5954.2,5954.2,5954.2,0,0.0,False,2012-12-25 00:00:00,0.0,2012-12-25,True,False
2012-12-26 00:00:00+00:00,5954.2,5954.2,5954.2,5954.2,0,0.0,False,2012-12-26 00:00:00,0.0,2012-12-26,True,False
2012-12-27 00:00:00+00:00,5954.2,5997.0,5942.4,5954.3,0,0.0,False,2012-12-27 00:00:00,0.0,2012-12-27,True,False
2012-12-28 00:00:00+00:00,5954.3,5976.0,5915.3,5925.4,0,0.0,False,2012-12-28 00:00:00,0.0,2012-12-28,True,False
2012-12-31 00:00:00+00:00,5925.4,5925.4,5873.4,5897.8,0,0.0,False,2012-12-31 00:00:00,0.0,2012-12-31,True,False
2013-01-01 00:00:00+00:00,5897.8,5897.8,5897.8,5897.8,0,0.0,False,2013-01-01 00:00:00,0.0,2013-01-01,True,False
2013-01-02 00:00:00+00:00,5897.8,6044.6,5897.8,6027.4,0,0.0,False,2013-01-02 00:00:00,0.0,2013-01-02,True,False
2013-01-03 00:00:00+00:00,6027.4,6051.3,6016.8,6047.3,0,0.0,False,2013-01-03 00:00:00,0.0,2013-01-03,True,False
2013-01-04 00:00:00+00:00,6047.3,6089.8,6038.0,6089.8,0,0.0,False,2013-01-04 00:00:00,0.0,2013-01-04,True,False
2013-01-07 00:00:00+00:00,6089.8,6091.5,6060.8,6064.6,0,0.0,False,2013-01-07 00:00:00,0.0,2013-01-07,True,False
2013-01-08 00:00:00+00:00,6064.6,6088.2,6053.6,6053.6,0,0.0,False,2013-01-08 00:00:00,0.0,2013-01-08,True,False
2013-01-09 00:00:00+00:00,6053.6,6112.3,6053.6,6098.7,0,0.0,False,2013-01-09 00:00:00,0.0,2013-01-09,True,False
2013-01-10 00:00:00+00:00,6098.7,6118.3,6090.6,6101.5,0,0.0,False,2013-01-10 00:00:00,0.0,2013-01-10,True,False
2013-01-11 00:00:00+00:00,6101.5,6121.6,6095.1,6121.6,0,0.0,False,2013-01-11 00:00:00,0.0,2013-01-11,True,False
2013-01-14 00:00:00+00:00,6121.6,6134.2,6104.9,6107.9,0,0.0,False,2013-01-14 00:00:00,0.0,2013-01-14,True,False
2013-01-15 00:00:00+00:00,6107.9,6117.3,6086.2,6117.3,0,0.0,False,2013-01-15 00:00:00,0.0,2013-01-15,True,False
2013-01-16 00:00:00+00:00,6117.3,6117.3,6076.1,6104.0,0,0.0,False,2013-01-16 00:00:00,0.0,2013-01-16,True,False
2013-01-17 00:00:00+00:00,6104.0,6135.9,6087.5,6132.4,0,0.0,False,2013-01-17 00:00:00,0.0,2013-01-17,True,False
2013-01-18 00:00:00+00:00,6132.4,6172.5,6131.9,6154.4,0,0.0,False,2013-01-18 00:00:00,0.0,2013-01-18,True,False
2013-01-21 00:00:00+00:00,6154.4,6182.2,6154.4,6181.0,0,0.0,False,2013-01-21 00:00:00,0.0,2013-01-21,True,False
2013-01-22 00:00:00+00:00,6181.0,6188.6,6149.2,6179.2,0,0.0,False,2013-01-22 00:00:00,0.0,2013-01-22,True,False
2013-01-23 00:00:00+00:00,6179.2,6200.5,6178.5,6197.6,0,0.0,False,2013-01-23 00:00:00,0.0,2013-01-23,True,False
2013-01-24 00:00:00+00:00,6197.6,6271.4,6186.5,6264.9,0,0.0,False,2013-01-24 00:00:00,0.0,2013-01-24,True,False
2013-01-25 00:00:00+00:00,6264.9,6284.5,6247.3,6284.5,0,0.0,False,2013-01-25 00:00:00,0.0,2013-01-25,True,False
2013-01-28 00:00:00+00:00,6284.5,6311.3,6277.0,6294.4,0,0.0,False,2013-01-28 00:00:00,0.0,2013-01-28,True,False
2013-01-29 00:00:00+00:00,6294.4,6346.4,6285.8,6339.2,0,0.0,False,2013-01-29 00:00:00,0.0,2013-01-29,True,False
2013-01-30 00:00:00+00:00,6339.2,6354.5,6316.3,6323.1,0,0.0,False,2013-01-30 00:00:00,0.0,2013-01-30,True,False
2013-01-31 00:00:00+00:00,6323.1,6323.1,6276.9,6276.9,0,0.0,False,2013-01-31 00:00:00,0.0,2013-01-31,True,False
2013-02-01 00:00:00+00:00,6276.9,6354.0,6275.5,6347.2,0,0.0,False,2013-02-01 00:00:00,0.0,2013-02-01,True,False
2013-02-04 00:00:00+00:00,6347.2,6347.3,6236.7,6246.8,0,0.0,False,2013-02-04 00:00:00,0.0,2013-02-04,True,False
2013-02-05 00:00:00+00:00,6246.8,6296.5,6244.1,6282.8,0,0.0,False,2013-02-05 00:00:00,0.0,2013-02-05,True,False
2013-02-06 00:00:00+00:00,6282.8,6321.5,6265.6,6295.3,0,0.0,False,2013-02-06 00:00:00,0.0,2013-02-06,True,False
2013-02-07 00:00:00+00:00,6295.3,6313.0,6216.7,6228.4,0,0.0,False,2013-02-07 00:00:00,0.0,2013-02-07,True,False
2013-02-08 00:00:00+00:00,6228.4,6278.1,6228.4,6263.9,0,0.0,False,2013-02-08 00:00:00,0.0,2013-02-08,True,False
2013-02-11 00:00:00+00:00,6263.9,6294.8,6252.3,6277.1,0,0.0,False,2013-02-11 00:00:00,0.0,2013-02-11,True,False
2013-02-12 00:00:00+00:00,6277.1,6338.4,6259.8,6338.4,0,0.0,False,2013-02-12 00:00:00,0.0,2013-02-12,True,False
2013-02-13 00:00:00+00:00,6338.4,6384.7,6311.6,6359.1,0,0.0,False,2013-02-13 00:00:00,0.0,2013-02-13,True,False
2013-02-14 00:00:00+00:00,6359.1,6364.7,6302.0,6327.4,0,0.0,False,2013-02-14 00:00:00,0.0,2013-02-14,True,False
2013-02-15 00:00:00+00:00,6327.4,6352.2,6309.8,6328.3,0,0.0,False,2013-02-15 00:00:00,0.0,2013-02-15,True,False
2013-02-18 00:00:00+00:00,6328.3,6330.2,6306.8,6318.2,0,0.0,False,2013-02-18 00:00:00,0.0,2013-02-18,True,False
2013-02-19 00:00:00+00:00,6318.2,6385.1,6304.4,6379.1,0,0.0,False,2013-02-19 00:00:00,0.0,2013-02-19,True,False
2013-02-20 00:00:00+00:00,6379.1,6412.4,6368.2,6395.4,0,0.0,False,2013-02-20 00:00:00,0.0,2013-02-20,True,False
2013-02-21 00:00:00+00:00,6395.4,6395.4,6278.0,6291.5,0,0.0,False,2013-02-21 00:00:00,0.0,2013-02-21,True,False
2013-02-22 00:00:00+00:00,6291.5,6347.3,6291.5,6335.7,0,0.0,False,2013-02-22 00:00:00,0.0,2013-02-22,True,False
2013-02-25 00:00:00+00:00,6335.7,6390.1,6324.0,6355.4,0,0.0,False,2013-02-25 00:00:00,0.0,2013-02-25,True,False
2013-02-26 00:00:00+00:00,6355.4,6355.4,6258.6,6270.4,0,0.0,False,2013-02-26 00:00:00,0.0,2013-02-26,True,False
2013-02-27 00:00:00+00:00,6270.4,6335.9,6269.3,6325.9,0,0.0,False,2013-02-27 00:00:00,0.0,2013-02-27,True,False
2013-02-28 00:00:00+00:00,6325.9,6372.0,6325.9,6360.8,0,0.0,False,2013-02-28 00:00:00,0.0,2013-02-28,True,False
2013-03-01 00:00:00+00:00,6360.8,6391.7,6308.6,6378.6,0,0.0,False,2013-03-01 00:00:00,0.0,2013-03-01,True,False
2013-03-04 00:00:00+00:00,6378.6,6379.3,6333.2,6345.6,0,0.0,False,2013-03-04 00:00:00,0.0,2013-03-04,True,False
2013-03-05 00:00:00+00:00,6345.6,6437.3,6344.8,6432.0,0,0.0,False,2013-03-05 00:00:00,0.0,2013-03-05,True,False
2013-03-06 00:00:00+00:00,6432.0,6461.0,6418.7,6427.6,0,0.0,False,2013-03-06 00:00:00,0.0,2013-03-06,True,False
2013-03-07 00:00:00+00:00,6427.6,6459.7,6427.3,6439.2,0,0.0,False,2013-03-07 00:00:00,0.0,2013-03-07,True,False
2013-03-08 00:00:00+00:00,6439.2,6489.5,6439.2,6483.6,0,0.0,False,2013-03-08 00:00:00,0.0,2013-03-08,True,False
2013-03-11 00:00:00+00:00,6483.6,6505.3,6473.6,6503.6,0,0.0,False,2013-03-11 00:00:00,0.0,2013-03-11,True,False
2013-03-12 00:00:00+00:00,6503.6,6534.0,6491.8,6510.6,0,0.0,False,2013-03-12 00:00:00,0.0,2013-03-12,True,False
2013-03-13 00:00:00+00:00,6510.6,6510.6,6437.6,6481.5,0,0.0,False,2013-03-13 00:00:00,0.0,2013-03-13,True,False
2013-03-14 00:00:00+00:00,6481.5,6532.6,6478.5,6529.4,0,0.0,False,2013-03-14 00:00:00,0.0,2013-03-14,True,False
2013-03-15 00:00:00+00:00,6529.4,6533.8,6470.1,6489.7,0,0.0,False,2013-03-15 00:00:00,0.0,2013-03-15,True,False
2013-03-18 00:00:00+00:00,6489.7,6489.7,6386.2,6457.9,0,0.0,False,2013-03-18 00:00:00,0.0,2013-03-18,True,False
2013-03-19 00:00:00+00:00,6457.9,6474.6,6414.5,6441.3,0,0.0,False,2013-03-19 00:00:00,0.0,2013-03-19,True,False
2013-03-20 00:00:00+00:00,6441.3,6475.6,6421.3,6432.7,0,0.0,False,2013-03-20 00:00:00,0.0,2013-03-20,True,False
2013-03-21 00:00:00+00:00,6432.7,6435.6,6364.0,6388.6,0,0.0,False,2013-03-21 00:00:00,0.0,2013-03-21,True,False
2013-03-22 00:00:00+00:00,6388.6,6426.5,6374.5,6392.8,0,0.0,False,2013-03-22 00:00:00,0.0,2013-03-22,True,False
2013-03-25 00:00:00+00:00,6392.8,6458.5,6366.6,6378.4,0,0.0,False,2013-03-25 00:00:00,0.0,2013-03-25,True,False
2013-03-26 00:00:00+00:00,6378.4,6404.5,6369.6,6399.4,0,0.0,False,2013-03-26 00:00:00,0.0,2013-03-26,True,False
2013-03-27 00:00:00+00:00,6399.4,6420.9,6344.2,6387.6,0,0.0,False,2013-03-27 00:00:00,0.0,2013-03-27,True,False
2013-03-28 00:00:00+00:00,6387.6,6447.9,6382.0,6411.7,0,0.0,False,2013-03-28 00:00:00,0.0,2013-03-28,True,False
2013-03-29 00:00:00+00:00,6411.7,6411.7,6411.7,6411.7,0,0.0,False,2013-03-29 00:00:00,0.0,2013-03-29,True,False
2013-04-01 00:00:00+00:00,6411.7,6411.7,6411.7,6411.7,0,0.0,False,2013-04-01 01:00:00,1.0,2013-04-01,True,False
2013-04-02 00:00:00+00:00,6411.7,6501.8,6408.8,6490.7,0,0.0,False,2013-04-02 01:00:00,1.0,2013-04-02,True,False
2013-04-03 00:00:00+00:00,6490.7,6491.8,6416.7,6420.3,0,0.0,False,2013-04-03 01:00:00,1.0,2013-04-03,True,False
2013-04-04 00:00:00+00:00,6420.3,6426.4,6341.4,6344.1,0,0.0,False,2013-04-04 01:00:00,1.0,2013-04-04,True,False
2013-04-05 00:00:00+00:00,6344.1,6346.8,6214.4,6249.8,0,0.0,False,2013-04-05 01:00:00,1.0,2013-04-05,True,False
2013-04-08 00:00:00+00:00,6249.8,6289.6,6249.8,6276.9,0,0.0,False,2013-04-08 01:00:00,1.0,2013-04-08,True,False
2013-04-09 00:00:00+00:00,6276.9,6326.5,6276.9,6313.2,0,0.0,False,2013-04-09 01:00:00,1.0,2013-04-09,True,False
2013-04-10 00:00:00+00:00,6313.2,6405.2,6313.2,6387.4,0,0.0,False,2013-04-10 01:00:00,1.0,2013-04-10,True,False
2013-04-11 00:00:00+00:00,6387.4,6423.6,6377.5,6416.1,0,0.0,False,2013-04-11 01:00:00,1.0,2013-04-11,True,False
2013-04-12 00:00:00+00:00,6416.1,6416.1,6368.2,6384.4,0,0.0,False,2013-04-12 01:00:00,1.0,2013-04-12,True,False
2013-04-15 00:00:00+00:00,6384.4,6384.4,6300.1,6343.6,0,0.0,False,2013-04-15 01:00:00,1.0,2013-04-15,True,False
2013-04-16 00:00:00+00:00,6343.6,6343.6,6297.5,6304.6,0,0.0,False,2013-04-16 01:00:00,1.0,2013-04-16,True,False
2013-04-17 00:00:00+00:00,6304.6,6334.4,6225.2,6244.2,0,0.0,False,2013-04-17 01:00:00,1.0,2013-04-17,True,False
2013-04-18 00:00:00+00:00,6244.2,6277.8,6225.9,6243.7,0,0.0,False,2013-04-18 01:00:00,1.0,2013-04-18,True,False
2013-04-19 00:00:00+00:00,6243.7,6288.7,6243.7,6286.6,0,0.0,False,2013-04-19 01:00:00,1.0,2013-04-19,True,False
2013-04-22 00:00:00+00:00,6286.6,6342.0,6259.0,6280.6,0,0.0,False,2013-04-22 01:00:00,1.0,2013-04-22,True,False
2013-04-23 00:00:00+00:00,6280.6,6406.1,6278.5,6406.1,0,0.0,False,2013-04-23 01:00:00,1.0,2013-04-23,True,False
2013-04-24 00:00:00+00:00,6406.1,6438.9,6396.2,6431.8,0,0.0,False,2013-04-24 01:00:00,1.0,2013-04-24,True,False
2013-04-25 00:00:00+00:00,6431.8,6467.1,6411.9,6442.6,0,0.0,False,2013-04-25 01:00:00,1.0,2013-04-25,True,False
2013-04-26 00:00:00+00:00,6442.6,6442.6,6399.4,6426.4,0,0.0,False,2013-04-26 01:00:00,1.0,2013-04-26,True,False
2013-04-29 00:00:00+00:00,6426.4,6458.0,6419.3,6458.0,0,0.0,False,2013-04-29 01:00:00,1.0,2013-04-29,True,False
2013-04-30 00:00:00+00:00,6458.0,6483.1,6412.7,6430.1,0,0.0,False,2013-04-30 01:00:00,1.0,2013-04-30,True,False
2013-05-01 00:00:00+00:00,6430.1,6475.9,6429.8,6451.3,0,0.0,False,2013-05-01 01:00:00,1.0,2013-05-01,True,False
2013-05-02 00:00:00+00:00,6451.3,6470.3,6409.8,6460.7,0,0.0,False,2013-05-02 01:00:00,1.0,2013-05-02,True,False
2013-05-03 00:00:00+00:00,6460.7,6541.7,6451.5,6521.5,0,0.0,False,2013-05-03 01:00:00,1.0,2013-05-03,True,False
2013-05-06 00:00:00+00:00,6521.5,6521.5,6521.5,6521.5,0,0.0,False,2013-05-06 01:00:00,1.0,2013-05-06,True,False
2013-05-07 00:00:00+00:00,6521.5,6563.9,6521.4,6557.3,0,0.0,False,2013-05-07 01:00:00,1.0,2013-05-07,True,False
2013-05-08 00:00:00+00:00,6557.3,6587.4,6547.0,6583.5,0,0.0,False,2013-05-08 01:00:00,1.0,2013-05-08,True,False
2013-05-09 00:00:00+00:00,6583.5,6597.3,6571.7,6592.7,0,0.0,False,2013-05-09 01:00:00,1.0,2013-05-09,True,False
2013-05-10 00:00:00+00:00,6592.7,6637.8,6591.6,6625.0,0,0.0,False,2013-05-10 01:00:00,1.0,2013-05-10,True,False
2013-05-13 00:00:00+00:00,6625.0,6633.3,6602.8,6631.8,0,0.0,False,2013-05-13 01:00:00,1.0,2013-05-13,True,False
2013-05-14 00:00:00+00:00,6631.8,6686.1,6618.4,6686.1,0,0.0,False,2013-05-14 01:00:00,1.0,2013-05-14,True,False
2013-05-15 00:00:00+00:00,6686.1,6701.7,6669.0,6693.6,0,0.0,False,2013-05-15 01:00:00,1.0,2013-05-15,True,False
2013-05-16 00:00:00+00:00,6693.6,6714.5,6677.2,6687.8,0,0.0,False,2013-05-16 01:00:00,1.0,2013-05-16,True,False
2013-05-17 00:00:00+00:00,6687.8,6726.9,6669.9,6723.1,0,0.0,False,2013-05-17 01:00:00,1.0,2013-05-17,True,False
2013-05-20 00:00:00+00:00,6723.1,6755.6,6709.1,6755.6,0,0.0,False,2013-05-20 01:00:00,1.0,2013-05-20,True,False
2013-05-21 00:00:00+00:00,6755.6,6803.9,6744.2,6803.9,0,0.0,False,2013-05-21 01:00:00,1.0,2013-05-21,True,False
2013-05-22 00:00:00+00:00,6803.9,6875.6,6781.5,6840.3,0,0.0,False,2013-05-22 01:00:00,1.0,2013-05-22,True,False
2013-05-23 00:00:00+00:00,6840.3,6840.3,6658.8,6696.8,0,0.0,False,2013-05-23 01:00:00,1.0,2013-05-23,True,False
2013-05-24 00:00:00+00:00,6696.8,6720.1,6640.1,6654.3,0,0.0,False,2013-05-24 01:00:00,1.0,2013-05-24,True,False
2013-05-27 00:00:00+00:00,6654.3,6654.3,6654.3,6654.3,0,0.0,False,2013-05-27 01:00:00,1.0,2013-05-27,True,False
2013-05-28 00:00:00+00:00,6654.3,6790.7,6654.3,6762.0,0,0.0,False,2013-05-28 01:00:00,1.0,2013-05-28,True,False
2013-05-29 00:00:00+00:00,6762.0,6762.0,6620.8,6627.2,0,0.0,False,2013-05-29 01:00:00,1.0,2013-05-29,True,False
2013-05-30 00:00:00+00:00,6627.2,6657.0,6611.0,6657.0,0,0.0,False,2013-05-30 01:00:00,1.0,2013-05-30,True,False
2013-05-31 00:00:00+00:00,6657.0,6657.1,6577.8,6583.1,0,0.0,False,2013-05-31 01:00:00,1.0,2013-05-31,True,False
2013-06-03 00:00:00+00:00,6583.1,6583.1,6514.1,6525.1,0,0.0,False,2013-06-03 01:00:00,1.0,2013-06-03,True,False
2013-06-04 00:00:00+00:00,6525.1,6577.0,6525.1,6558.6,0,0.0,False,2013-06-04 01:00:00,1.0,2013-06-04,True,False
2013-06-05 00:00:00+00:00,6558.6,6558.6,6419.3,6419.3,0,0.0,False,2013-06-05 01:00:00,1.0,2013-06-05,True,False
2013-06-06 00:00:00+00:00,6419.3,6435.4,6336.1,6336.1,0,0.0,False,2013-06-06 01:00:00,1.0,2013-06-06,True,False
2013-06-07 00:00:00+00:00,6336.1,6421.4,6313.6,6412.0,0,0.0,False,2013-06-07 01:00:00,1.0,2013-06-07,True,False
2013-06-10 00:00:00+00:00,6412.0,6421.2,6379.6,6400.5,0,0.0,False,2013-06-10 01:00:00,1.0,2013-06-10,True,False
2013-06-11 00:00:00+00:00,6400.5,6401.2,6280.1,6340.1,0,0.0,False,2013-06-11 01:00:00,1.0,2013-06-11,True,False
2013-06-12 00:00:00+00:00,6340.1,6364.3,6295.9,6299.5,0,0.0,False,2013-06-12 01:00:00,1.0,2013-06-12,True,False
2013-06-13 00:00:00+00:00,6299.5,6311.0,6205.7,6304.6,0,0.0,False,2013-06-13 01:00:00,1.0,2013-06-13,True,False
2013-06-14 00:00:00+00:00,6304.6,6343.5,6290.6,6308.3,0,0.0,False,2013-06-14 01:00:00,1.0,2013-06-14,True,False
2013-06-17 00:00:00+00:00,6308.3,6370.8,6308.3,6330.5,0,0.0,False,2013-06-17 01:00:00,1.0,2013-06-17,True,False
2013-06-18 00:00:00+00:00,6330.5,6397.3,6311.4,6374.2,0,0.0,False,2013-06-18 01:00:00,1.0,2013-06-18,True,False
2013-06-19 00:00:00+00:00,6374.2,6383.6,6327.0,6348.8,0,0.0,False,2013-06-19 01:00:00,1.0,2013-06-19,True,False
2013-06-20 00:00:00+00:00,6348.8,6348.8,6145.0,6159.5,0,0.0,False,2013-06-20 01:00:00,1.0,2013-06-20,True,False
2013-06-21 00:00:00+00:00,6159.5,6244.2,6116.2,6116.2,0,0.0,False,2013-06-21 01:00:00,1.0,2013-06-21,True,False
2013-06-24 00:00:00+00:00,6116.2,6136.1,6023.4,6029.1,0,0.0,False,2013-06-24 01:00:00,1.0,2013-06-24,True,False
2013-06-25 00:00:00+00:00,6029.1,6114.6,6029.1,6101.9,0,0.0,False,2013-06-25 01:00:00,1.0,2013-06-25,True,False
2013-06-26 00:00:00+00:00,6101.9,6177.9,6089.2,6165.5,0,0.0,False,2013-06-26 01:00:00,1.0,2013-06-26,True,False
2013-06-27 00:00:00+00:00,6165.5,6271.8,6165.5,6243.4,0,0.0,False,2013-06-27 01:00:00,1.0,2013-06-27,True,False
2013-06-28 00:00:00+00:00,6243.4,6268.8,6207.7,6215.5,0,0.0,False,2013-06-28 01:00:00,1.0,2013-06-28,True,False
2013-07-01 00:00:00+00:00,6215.5,6317.0,6215.4,6307.8,0,0.0,False,2013-07-01 01:00:00,1.0,2013-07-01,True,False
2013-07-02 00:00:00+00:00,6307.8,6314.1,6266.5,6303.9,0,0.0,False,2013-07-02 01:00:00,1.0,2013-07-02,True,False
2013-07-03 00:00:00+00:00,6303.9,6303.9,6185.2,6229.9,0,0.0,False,2013-07-03 01:00:00,1.0,2013-07-03,True,False
2013-07-04 00:00:00+00:00,6229.9,6431.4,6229.9,6421.7,0,0.0,False,2013-07-04 01:00:00,1.0,2013-07-04,True,False
2013-07-05 00:00:00+00:00,6421.7,6498.6,6364.4,6375.5,0,0.0,False,2013-07-05 01:00:00,1.0,2013-07-05,True,False
2013-07-08 00:00:00+00:00,6375.5,6476.1,6375.5,6450.1,0,0.0,False,2013-07-08 01:00:00,1.0,2013-07-08,True,False
2013-07-09 00:00:00+00:00,6450.1,6530.9,6450.1,6513.1,0,0.0,False,2013-07-09 01:00:00,1.0,2013-07-09,True,False
2013-07-10 00:00:00+00:00,6513.1,6535.9,6472.4,6505.0,0,0.0,False,2013-07-10 01:00:00,1.0,2013-07-10,True,False
2013-07-11 00:00:00+00:00,6505.0,6585.7,6505.0,6543.4,0,0.0,False,2013-07-11 01:00:00,1.0,2013-07-11,True,False
2013-07-12 00:00:00+00:00,6543.4,6583.9,6540.2,6544.9,0,0.0,False,2013-07-12 01:00:00,1.0,2013-07-12,True,False
2013-07-15 00:00:00+00:00,6544.9,6605.9,6544.9,6586.1,0,0.0,False,2013-07-15 01:00:00,1.0,2013-07-15,True,False
2013-07-16 00:00:00+00:00,6586.1,6606.4,6556.4,6556.4,0,0.0,False,2013-07-16 01:00:00,1.0,2013-07-16,True,False
2013-07-17 00:00:00+00:00,6556.4,6595.6,6517.4,6571.9,0,0.0,False,2013-07-17 01:00:00,1.0,2013-07-17,True,False
2013-07-18 00:00:00+00:00,6571.9,6657.4,6555.8,6634.4,0,0.0,False,2013-07-18 01:00:00,1.0,2013-07-18,True,False
2013-07-19 00:00:00+00:00,6634.4,6635.2,6592.1,6630.7,0,0.0,False,2013-07-19 01:00:00,1.0,2013-07-19,True,False
2013-07-22 00:00:00+00:00,6630.7,6645.0,6608.2,6623.2,0,0.0,False,2013-07-22 01:00:00,1.0,2013-07-22,True,False
2013-07-23 00:00:00+00:00,6623.2,6657.7,6597.4,6597.4,0,0.0,False,2013-07-23 01:00:00,1.0,2013-07-23,True,False
2013-07-24 00:00:00+00:00,6597.4,6662.2,6581.6,6620.4,0,0.0,False,2013-07-24 01:00:00,1.0,2013-07-24,True,False
2013-07-25 00:00:00+00:00,6620.4,6625.4,6540.4,6588.0,0,0.0,False,2013-07-25 01:00:00,1.0,2013-07-25,True,False
2013-07-26 00:00:00+00:00,6588.0,6629.9,6535.2,6554.8,0,0.0,False,2013-07-26 01:00:00,1.0,2013-07-26,True,False
2013-07-29 00:00:00+00:00,6554.8,6606.4,6544.1,6560.3,0,0.0,False,2013-07-29 01:00:00,1.0,2013-07-29,True,False
2013-07-30 00:00:00+00:00,6560.3,6600.7,6560.3,6571.0,0,0.0,False,2013-07-30 01:00:00,1.0,2013-07-30,True,False
2013-07-31 00:00:00+00:00,6571.0,6659.4,6556.7,6621.1,0,0.0,False,2013-07-31 01:00:00,1.0,2013-07-31,True,False
2013-08-01 00:00:00+00:00,6621.1,6682.0,6607.3,6682.0,0,0.0,False,2013-08-01 01:00:00,1.0,2013-08-01,True,False
2013-08-02 00:00:00+00:00,6682.0,6696.6,6623.9,6647.9,0,0.0,False,2013-08-02 01:00:00,1.0,2013-08-02,True,False
2013-08-05 00:00:00+00:00,6647.9,6685.0,6590.1,6619.6,0,0.0,False,2013-08-05 01:00:00,1.0,2013-08-05,True,False
2013-08-06 00:00:00+00:00,6619.6,6630.1,6562.3,6604.2,0,0.0,False,2013-08-06 01:00:00,1.0,2013-08-06,True,False
2013-08-07 00:00:00+00:00,6604.2,6625.0,6511.2,6511.2,0,0.0,False,2013-08-07 01:00:00,1.0,2013-08-07,True,False
2013-08-08 00:00:00+00:00,6511.2,6558.6,6507.2,6529.7,0,0.0,False,2013-08-08 01:00:00,1.0,2013-08-08,True,False
2013-08-09 00:00:00+00:00,6529.7,6601.2,6529.5,6583.4,0,0.0,False,2013-08-09 01:00:00,1.0,2013-08-09,True,False
2013-08-12 00:00:00+00:00,6583.4,6598.4,6547.0,6574.3,0,0.0,False,2013-08-12 01:00:00,1.0,2013-08-12,True,False
2013-08-13 00:00:00+00:00,6574.3,6620.4,6568.4,6611.9,0,0.0,False,2013-08-13 01:00:00,1.0,2013-08-13,True,False
2013-08-14 00:00:00+00:00,6611.9,6628.0,6582.6,6587.4,0,0.0,False,2013-08-14 01:00:00,1.0,2013-08-14,True,False
2013-08-15 00:00:00+00:00,6587.4,6587.9,6460.1,6483.3,0,0.0,False,2013-08-15 01:00:00,1.0,2013-08-15,True,False
2013-08-16 00:00:00+00:00,6483.3,6502.3,6461.3,6500.0,0,0.0,False,2013-08-16 01:00:00,1.0,2013-08-16,True,False
2013-08-19 00:00:00+00:00,6500.0,6506.6,6457.7,6465.7,0,0.0,False,2013-08-19 01:00:00,1.0,2013-08-19,True,False
2013-08-20 00:00:00+00:00,6465.7,6465.7,6398.6,6453.5,0,0.0,False,2013-08-20 01:00:00,1.0,2013-08-20,True,False
2013-08-21 00:00:00+00:00,6453.5,6453.6,6386.7,6390.8,0,0.0,False,2013-08-21 01:00:00,1.0,2013-08-21,True,False
2013-08-22 00:00:00+00:00,6390.8,6468.9,6390.6,6446.9,0,0.0,False,2013-08-22 01:00:00,1.0,2013-08-22,True,False
2013-08-23 00:00:00+00:00,6446.9,6516.7,6422.4,6492.1,0,0.0,False,2013-08-23 01:00:00,1.0,2013-08-23,True,False
2013-08-26 00:00:00+00:00,6492.1,6492.1,6492.1,6492.1,0,0.0,False,2013-08-26 01:00:00,1.0,2013-08-26,True,False
2013-08-27 00:00:00+00:00,6492.1,6494.2,6424.0,6441.0,0,0.0,False,2013-08-27 01:00:00,1.0,2013-08-27,True,False
2013-08-28 00:00:00+00:00,6441.0,6441.0,6393.7,6430.1,0,0.0,False,2013-08-28 01:00:00,1.0,2013-08-28,True,False
2013-08-29 00:00:00+00:00,6430.1,6500.5,6430.0,6483.1,0,0.0,False,2013-08-29 01:00:00,1.0,2013-08-29,True,False
2013-08-30 00:00:00+00:00,6483.1,6502.2,6409.6,6412.9,0,0.0,False,2013-08-30 01:00:00,1.0,2013-08-30,True,False
2013-09-02 00:00:00+00:00,6412.9,6532.3,6412.9,6506.2,0,0.0,False,2013-09-02 01:00:00,1.0,2013-09-02,True,False
2013-09-03 00:00:00+00:00,6506.2,6523.2,6457.0,6468.4,0,0.0,False,2013-09-03 01:00:00,1.0,2013-09-03,True,False
2013-09-04 00:00:00+00:00,6468.4,6486.4,6423.5,6474.7,0,0.0,False,2013-09-04 01:00:00,1.0,2013-09-04,True,False
2013-09-05 00:00:00+00:00,6474.7,6543.2,6461.7,6532.4,0,0.0,False,2013-09-05 01:00:00,1.0,2013-09-05,True,False
2013-09-06 00:00:00+00:00,6532.4,6568.2,6492.5,6547.3,0,0.0,False,2013-09-06 01:00:00,1.0,2013-09-06,True,False
2013-09-09 00:00:00+00:00,6547.3,6555.9,6508.8,6530.7,0,0.0,False,2013-09-09 01:00:00,1.0,2013-09-09,True,False
2013-09-10 00:00:00+00:00,6530.7,6599.5,6530.7,6584.0,0,0.0,False,2013-09-10 01:00:00,1.0,2013-09-10,True,False
2013-09-11 00:00:00+00:00,6584.0,6589.9,6559.7,6588.4,0,0.0,False,2013-09-11 01:00:00,1.0,2013-09-11,True,False
2013-09-12 00:00:00+00:00,6588.4,6606.1,6558.6,6589.0,0,0.0,False,2013-09-12 01:00:00,1.0,2013-09-12,True,False
2013-09-13 00:00:00+00:00,6589.0,6589.0,6561.8,6583.8,0,0.0,False,2013-09-13 01:00:00,1.0,2013-09-13,True,False
2013-09-16 00:00:00+00:00,6583.8,6652.7,6583.8,6622.9,0,0.0,False,2013-09-16 01:00:00,1.0,2013-09-16,True,False
2013-09-17 00:00:00+00:00,6622.9,6623.0,6570.2,6570.2,0,0.0,False,2013-09-17 01:00:00,1.0,2013-09-17,True,False
2013-09-18 00:00:00+00:00,6570.2,6587.6,6532.5,6558.8,0,0.0,False,2013-09-18 01:00:00,1.0,2013-09-18,True,False
2013-09-19 00:00:00+00:00,6558.8,6659.1,6558.8,6625.4,0,0.0,False,2013-09-19 01:00:00,1.0,2013-09-19,True,False
2013-09-20 00:00:00+00:00,6625.4,6629.9,6594.2,6596.4,0,0.0,False,2013-09-20 01:00:00,1.0,2013-09-20,True,False
2013-09-23 00:00:00+00:00,6596.4,6601.5,6542.7,6557.4,0,0.0,False,2013-09-23 01:00:00,1.0,2013-09-23,True,False
2013-09-24 00:00:00+00:00,6557.4,6585.4,6549.9,6571.5,0,0.0,False,2013-09-24 01:00:00,1.0,2013-09-24,True,False
2013-09-25 00:00:00+00:00,6571.5,6588.0,6526.4,6551.5,0,0.0,False,2013-09-25 01:00:00,1.0,2013-09-25,True,False
2013-09-26 00:00:00+00:00,6551.5,6580.9,6535.8,6565.6,0,0.0,False,2013-09-26 01:00:00,1.0,2013-09-26,True,False
2013-09-27 00:00:00+00:00,6565.6,6568.9,6487.3,6512.7,0,0.0,False,2013-09-27 01:00:00,1.0,2013-09-27,True,False
2013-09-30 00:00:00+00:00,6512.7,6512.7,6438.7,6462.2,0,0.0,False,2013-09-30 01:00:00,1.0,2013-09-30,True,False
2013-10-01 00:00:00+00:00,6462.2,6466.3,6424.4,6460.0,0,0.0,False,2013-10-01 01:00:00,1.0,2013-10-01,True,False
2013-10-02 00:00:00+00:00,6460.0,6460.0,6386.2,6437.5,0,0.0,False,2013-10-02 01:00:00,1.0,2013-10-02,True,False
2013-10-03 00:00:00+00:00,6437.5,6472.4,6436.2,6449.0,0,0.0,False,2013-10-03 01:00:00,1.0,2013-10-03,True,False
2013-10-04 00:00:00+00:00,6449.0,6473.6,6429.0,6453.9,0,0.0,False,2013-10-04 01:00:00,1.0,2013-10-04,True,False
2013-10-07 00:00:00+00:00,6453.9,6453.9,6391.5,6437.3,0,0.0,False,2013-10-07 01:00:00,1.0,2013-10-07,True,False
2013-10-08 00:00:00+00:00,6437.3,6437.7,6365.0,6365.8,0,0.0,False,2013-10-08 01:00:00,1.0,2013-10-08,True,False
2013-10-09 00:00:00+00:00,6365.8,6372.6,6316.9,6337.9,0,0.0,False,2013-10-09 01:00:00,1.0,2013-10-09,True,False
2013-10-10 00:00:00+00:00,6337.9,6446.2,6337.9,6430.5,0,0.0,False,2013-10-10 01:00:00,1.0,2013-10-10,True,False
2013-10-11 00:00:00+00:00,6430.5,6489.2,6430.5,6487.2,0,0.0,False,2013-10-11 01:00:00,1.0,2013-10-11,True,False
2013-10-14 00:00:00+00:00,6487.2,6507.8,6464.4,6507.7,0,0.0,False,2013-10-14 01:00:00,1.0,2013-10-14,True,False
2013-10-15 00:00:00+00:00,6507.7,6569.3,6507.7,6549.1,0,0.0,False,2013-10-15 01:00:00,1.0,2013-10-15,True,False
2013-10-16 00:00:00+00:00,6549.1,6584.4,6504.3,6571.6,0,0.0,False,2013-10-16 01:00:00,1.0,2013-10-16,True,False
2013-10-17 00:00:00+00:00,6571.6,6576.2,6529.2,6576.2,0,0.0,False,2013-10-17 01:00:00,1.0,2013-10-17,True,False
2013-10-18 00:00:00+00:00,6576.2,6622.7,6576.2,6622.6,0,0.0,False,2013-10-18 01:00:00,1.0,2013-10-18,True,False
2013-10-21 00:00:00+00:00,6622.6,6654.2,6617.8,6654.2,0,0.0,False,2013-10-21 01:00:00,1.0,2013-10-21,True,False
2013-10-22 00:00:00+00:00,6654.2,6719.3,6653.7,6695.7,0,0.0,False,2013-10-22 01:00:00,1.0,2013-10-22,True,False
2013-10-23 00:00:00+00:00,6695.7,6695.9,6655.2,6674.5,0,0.0,False,2013-10-23 01:00:00,1.0,2013-10-23,True,False
2013-10-24 00:00:00+00:00,6674.5,6719.3,6674.2,6713.2,0,0.0,False,2013-10-24 01:00:00,1.0,2013-10-24,True,False
2013-10-25 00:00:00+00:00,6713.2,6729.7,6700.4,6721.3,0,0.0,False,2013-10-25 01:00:00,1.0,2013-10-25,True,False
2013-10-28 00:00:00+00:00,6721.3,6739.7,6704.2,6725.8,0,0.0,False,2013-10-28 00:00:00,0.0,2013-10-28,True,False
2013-10-29 00:00:00+00:00,6725.8,6777.2,6718.9,6774.7,0,0.0,False,2013-10-29 00:00:00,0.0,2013-10-29,True,False
2013-10-30 00:00:00+00:00,6774.7,6819.9,6763.7,6777.7,0,0.0,False,2013-10-30 00:00:00,0.0,2013-10-30,True,False
2013-10-31 00:00:00+00:00,6777.7,6778.3,6719.5,6731.4,0,0.0,False,2013-10-31 00:00:00,0.0,2013-10-31,True,False
2013-11-01 00:00:00+00:00,6731.4,6760.9,6715.3,6734.7,0,0.0,False,2013-11-01 00:00:00,0.0,2013-11-01,True,False
2013-11-04 00:00:00+00:00,6734.7,6780.1,6734.6,6763.6,0,0.0,False,2013-11-04 00:00:00,0.0,2013-11-04,True,False
2013-11-05 00:00:00+00:00,6763.6,6773.9,6708.5,6746.8,0,0.0,False,2013-11-05 00:00:00,0.0,2013-11-05,True,False
2013-11-06 00:00:00+00:00,6746.8,6768.2,6735.6,6741.7,0,0.0,False,2013-11-06 00:00:00,0.0,2013-11-06,True,False
2013-11-07 00:00:00+00:00,6741.7,6779.2,6680.0,6697.2,0,0.0,False,2013-11-07 00:00:00,0.0,2013-11-07,True,False
2013-11-08 00:00:00+00:00,6697.2,6713.9,6643.9,6708.4,0,0.0,False,2013-11-08 00:00:00,0.0,2013-11-08,True,False
2013-11-11 00:00:00+00:00,6708.4,6744.8,6702.0,6728.4,0,0.0,False,2013-11-11 00:00:00,0.0,2013-11-11,True,False
2013-11-12 00:00:00+00:00,6728.4,6728.4,6693.3,6726.8,0,0.0,False,2013-11-12 00:00:00,0.0,2013-11-12,True,False
2013-11-13 00:00:00+00:00,6726.8,6726.8,6614.0,6630.0,0,0.0,False,2013-11-13 00:00:00,0.0,2013-11-13,True,False
2013-11-14 00:00:00+00:00,6630.0,6696.2,6630.0,6666.1,0,0.0,False,2013-11-14 00:00:00,0.0,2013-11-14,True,False
2013-11-15 00:00:00+00:00,6666.1,6703.1,6665.5,6693.4,0,0.0,False,2013-11-15 00:00:00,0.0,2013-11-15,True,False
2013-11-18 00:00:00+00:00,6693.4,6732.1,6671.6,6723.5,0,0.0,False,2013-11-18 00:00:00,0.0,2013-11-18,True,False
2013-11-19 00:00:00+00:00,6723.5,6723.5,6677.9,6698.0,0,0.0,False,2013-11-19 00:00:00,0.0,2013-11-19,True,False
2013-11-20 00:00:00+00:00,6698.0,6711.4,6661.7,6681.1,0,0.0,False,2013-11-20 00:00:00,0.0,2013-11-20,True,False
2013-11-21 00:00:00+00:00,6681.1,6697.7,6643.5,6681.3,0,0.0,False,2013-11-21 00:00:00,0.0,2013-11-21,True,False
2013-11-22 00:00:00+00:00,6681.3,6711.0,6661.0,6674.3,0,0.0,False,2013-11-22 00:00:00,0.0,2013-11-22,True,False
2013-11-25 00:00:00+00:00,6674.3,6709.1,6674.3,6694.6,0,0.0,False,2013-11-25 00:00:00,0.0,2013-11-25,True,False
2013-11-26 00:00:00+00:00,6694.6,6697.0,6636.2,6636.2,0,0.0,False,2013-11-26 00:00:00,0.0,2013-11-26,True,False
2013-11-27 00:00:00+00:00,6636.2,6664.1,6635.7,6649.5,0,0.0,False,2013-11-27 00:00:00,0.0,2013-11-27,True,False
2013-11-28 00:00:00+00:00,6649.5,6679.5,6642.6,6654.5,0,0.0,False,2013-11-28 00:00:00,0.0,2013-11-28,True,False
2013-11-29 00:00:00+00:00,6654.5,6681.6,6648.5,6650.6,0,0.0,False,2013-11-29 00:00:00,0.0,2013-11-29,True,False
2013-12-02 00:00:00+00:00,6650.6,6657.4,6595.2,6595.3,0,0.0,False,2013-12-02 00:00:00,0.0,2013-12-02,True,False
2013-12-03 00:00:00+00:00,6595.3,6595.5,6531.3,6532.4,0,0.0,False,2013-12-03 00:00:00,0.0,2013-12-03,True,False
2013-12-04 00:00:00+00:00,6532.4,6544.7,6479.7,6510.0,0,0.0,False,2013-12-04 00:00:00,0.0,2013-12-04,True,False
2013-12-05 00:00:00+00:00,6510.0,6518.9,6487.2,6498.3,0,0.0,False,2013-12-05 00:00:00,0.0,2013-12-05,True,False
2013-12-06 00:00:00+00:00,6498.3,6555.7,6496.3,6552.0,0,0.0,False,2013-12-06 00:00:00,0.0,2013-12-06,True,False
2013-12-09 00:00:00+00:00,6552.0,6568.4,6534.7,6559.5,0,0.0,False,2013-12-09 00:00:00,0.0,2013-12-09,True,False
2013-12-10 00:00:00+00:00,6559.5,6571.9,6519.0,6523.3,0,0.0,False,2013-12-10 00:00:00,0.0,2013-12-10,True,False
2013-12-11 00:00:00+00:00,6523.3,6555.6,6507.7,6507.7,0,0.0,False,2013-12-11 00:00:00,0.0,2013-12-11,True,False
2013-12-12 00:00:00+00:00,6507.7,6507.7,6436.0,6445.3,0,0.0,False,2013-12-12 00:00:00,0.0,2013-12-12,True,False
2013-12-13 00:00:00+00:00,6445.3,6462.8,6433.5,6440.0,0,0.0,False,2013-12-13 00:00:00,0.0,2013-12-13,True,False
2013-12-16 00:00:00+00:00,6440.0,6531.2,6422.2,6522.2,0,0.0,False,2013-12-16 00:00:00,0.0,2013-12-16,True,False
2013-12-17 00:00:00+00:00,6522.2,6522.2,6482.6,6486.2,0,0.0,False,2013-12-17 00:00:00,0.0,2013-12-17,True,False
2013-12-18 00:00:00+00:00,6486.2,6524.5,6486.2,6492.1,0,0.0,False,2013-12-18 00:00:00,0.0,2013-12-18,True,False
2013-12-19 00:00:00+00:00,6492.1,6584.7,6492.1,6584.7,0,0.0,False,2013-12-19 00:00:00,0.0,2013-12-19,True,False
2013-12-20 00:00:00+00:00,6584.7,6616.8,6576.8,6606.6,0,0.0,False,2013-12-20 00:00:00,0.0,2013-12-20,True,False
2013-12-23 00:00:00+00:00,6606.6,6678.6,6606.2,6678.6,0,0.0,False,2013-12-23 00:00:00,0.0,2013-12-23,True,False
2013-12-24 00:00:00+00:00,6678.6,6712.1,6672.2,6694.2,0,0.0,False,2013-12-24 00:00:00,0.0,2013-12-24,True,False
2013-12-25 00:00:00+00:00,6694.2,6694.2,6694.2,6694.2,0,0.0,False,2013-12-25 00:00:00,0.0,2013-12-25,True,False
2013-12-26 00:00:00+00:00,6694.2,6694.2,6694.2,6694.2,0,0.0,False,2013-12-26 00:00:00,0.0,2013-12-26,True,False
2013-12-27 00:00:00+00:00,6694.2,6754.1,6694.2,6750.9,0,0.0,False,2013-12-27 00:00:00,0.0,2013-12-27,True,False
2013-12-30 00:00:00+00:00,6750.9,6768.4,6718.2,6731.3,0,0.0,False,2013-12-30 00:00:00,0.0,2013-12-30,True,False
2013-12-31 00:00:00+00:00,6731.3,6757.0,6731.3,6749.1,0,0.0,False,2013-12-31 00:00:00,0.0,2013-12-31,True,False
2014-01-01 00:00:00+00:00,6749.1,6749.1,6749.1,6749.1,0,0.0,False,2014-01-01 00:00:00,0.0,2014-01-01,True,False
2014-01-02 00:00:00+00:00,6749.1,6759.4,6707.5,6717.9,0,0.0,False,2014-01-02 00:00:00,0.0,2014-01-02,True,False
2014-01-03 00:00:00+00:00,6717.9,6747.3,6699.3,6730.7,0,0.0,False,2014-01-03 00:00:00,0.0,2014-01-03,True,False
2014-01-06 00:00:00+00:00,6730.7,6752.0,6714.6,6730.7,0,0.0,False,2014-01-06 00:00:00,0.0,2014-01-06,True,False
2014-01-07 00:00:00+00:00,6730.7,6768.9,6718.1,6755.5,0,0.0,False,2014-01-07 00:00:00,0.0,2014-01-07,True,False
2014-01-08 00:00:00+00:00,6755.5,6755.5,6713.4,6721.8,0,0.0,False,2014-01-08 00:00:00,0.0,2014-01-08,True,False
2014-01-09 00:00:00+00:00,6721.8,6746.4,6679.3,6691.3,0,0.0,False,2014-01-09 00:00:00,0.0,2014-01-09,True,False
2014-01-10 00:00:00+00:00,6691.3,6769.9,6691.3,6739.9,0,0.0,False,2014-01-10 00:00:00,0.0,2014-01-10,True,False
2014-01-13 00:00:00+00:00,6739.9,6765.6,6731.0,6757.2,0,0.0,False,2014-01-13 00:00:00,0.0,2014-01-13,True,False
2014-01-14 00:00:00+00:00,6757.2,6772.6,6694.1,6766.9,0,0.0,False,2014-01-14 00:00:00,0.0,2014-01-14,True,False
2014-01-15 00:00:00+00:00,6766.9,6825.2,6766.9,6819.9,0,0.0,False,2014-01-15 00:00:00,0.0,2014-01-15,True,False
2014-01-16 00:00:00+00:00,6819.9,6831.7,6811.2,6815.4,0,0.0,False,2014-01-16 00:00:00,0.0,2014-01-16,True,False
2014-01-17 00:00:00+00:00,6815.4,6840.5,6800.0,6829.3,0,0.0,False,2014-01-17 00:00:00,0.0,2014-01-17,True,False
2014-01-20 00:00:00+00:00,6829.3,6837.5,6810.6,6836.7,0,0.0,False,2014-01-20 00:00:00,0.0,2014-01-20,True,False
2014-01-21 00:00:00+00:00,6836.7,6867.4,6822.3,6834.3,0,0.0,False,2014-01-21 00:00:00,0.0,2014-01-21,True,False
2014-01-22 00:00:00+00:00,6834.3,6864.9,6821.8,6826.3,0,0.0,False,2014-01-22 00:00:00,0.0,2014-01-22,True,False
2014-01-23 00:00:00+00:00,6826.3,6837.2,6760.6,6773.3,0,0.0,False,2014-01-23 00:00:00,0.0,2014-01-23,True,False
2014-01-24 00:00:00+00:00,6773.3,6784.4,6654.9,6663.7,0,0.0,False,2014-01-24 00:00:00,0.0,2014-01-24,True,False
2014-01-27 00:00:00+00:00,6663.7,6665.4,6539.3,6550.7,0,0.0,False,2014-01-27 00:00:00,0.0,2014-01-27,True,False
2014-01-28 00:00:00+00:00,6550.7,6590.7,6550.7,6572.3,0,0.0,False,2014-01-28 00:00:00,0.0,2014-01-28,True,False
2014-01-29 00:00:00+00:00,6572.3,6645.2,6482.7,6544.3,0,0.0,False,2014-01-29 00:00:00,0.0,2014-01-29,True,False
2014-01-30 00:00:00+00:00,6544.3,6573.9,6503.3,6538.5,0,0.0,False,2014-01-30 00:00:00,0.0,2014-01-30,True,False
2014-01-31 00:00:00+00:00,6538.5,6548.5,6421.3,6510.4,0,0.0,False,2014-01-31 00:00:00,0.0,2014-01-31,True,False
2014-02-03 00:00:00+00:00,6510.4,6538.3,6460.0,6465.7,0,0.0,False,2014-02-03 00:00:00,0.0,2014-02-03,True,False
2014-02-04 00:00:00+00:00,6465.7,6478.2,6416.7,6449.3,0,0.0,False,2014-02-04 00:00:00,0.0,2014-02-04,True,False
2014-02-05 00:00:00+00:00,6449.3,6483.7,6423.8,6457.9,0,0.0,False,2014-02-05 00:00:00,0.0,2014-02-05,True,False
2014-02-06 00:00:00+00:00,6457.9,6566.0,6457.9,6558.3,0,0.0,False,2014-02-06 00:00:00,0.0,2014-02-06,True,False
2014-02-07 00:00:00+00:00,6558.3,6596.3,6540.8,6571.7,0,0.0,False,2014-02-07 00:00:00,0.0,2014-02-07,True,False
2014-02-10 00:00:00+00:00,6571.7,6597.0,6565.3,6591.6,0,0.0,False,2014-02-10 00:00:00,0.0,2014-02-10,True,False
2014-02-11 00:00:00+00:00,6591.6,6672.7,6591.6,6672.7,0,0.0,False,2014-02-11 00:00:00,0.0,2014-02-11,True,False
2014-02-12 00:00:00+00:00,6672.7,6708.2,6669.1,6675.0,0,0.0,False,2014-02-12 00:00:00,0.0,2014-02-12,True,False
2014-02-13 00:00:00+00:00,6675.0,6675.2,6608.1,6659.4,0,0.0,False,2014-02-13 00:00:00,0.0,2014-02-13,True,False
2014-02-14 00:00:00+00:00,6659.4,6672.2,6646.5,6663.6,0,0.0,False,2014-02-14 00:00:00,0.0,2014-02-14,True,False
2014-02-17 00:00:00+00:00,6663.6,6745.6,6661.5,6736.0,0,0.0,False,2014-02-17 00:00:00,0.0,2014-02-17,True,False
2014-02-18 00:00:00+00:00,6736.0,6802.9,6716.6,6796.4,0,0.0,False,2014-02-18 00:00:00,0.0,2014-02-18,True,False
2014-02-19 00:00:00+00:00,6796.4,6810.5,6759.9,6796.7,0,0.0,False,2014-02-19 00:00:00,0.0,2014-02-19,True,False
2014-02-20 00:00:00+00:00,6796.7,6813.0,6732.0,6813.0,0,0.0,False,2014-02-20 00:00:00,0.0,2014-02-20,True,False
2014-02-21 00:00:00+00:00,6813.0,6859.9,6813.0,6838.1,0,0.0,False,2014-02-21 00:00:00,0.0,2014-02-21,True,False
2014-02-24 00:00:00+00:00,6838.1,6865.9,6797.8,6865.9,0,0.0,False,2014-02-24 00:00:00,0.0,2014-02-24,True,False
2014-02-25 00:00:00+00:00,6862.7,6866.4,6790.9,6830.5,0,0.0,False,2014-02-25 00:00:00,0.0,2014-02-25,True,False
2014-02-26 00:00:00+00:00,6830.5,6834.1,6785.3,6799.2,0,0.0,False,2014-02-26 00:00:00,0.0,2014-02-26,True,False
2014-02-27 00:00:00+00:00,6799.2,6819.2,6733.5,6810.3,0,0.0,False,2014-02-27 00:00:00,0.0,2014-02-27,True,False
2014-02-28 00:00:00+00:00,6810.3,6833.8,6785.5,6809.7,0,0.0,False,2014-02-28 00:00:00,0.0,2014-02-28,True,False
2014-03-03 00:00:00+00:00,6809.7,6809.7,6671.9,6708.4,0,0.0,False,2014-03-03 00:00:00,0.0,2014-03-03,True,False
2014-03-04 00:00:00+00:00,6708.4,6827.2,6708.4,6823.8,0,0.0,False,2014-03-04 00:00:00,0.0,2014-03-04,True,False
2014-03-05 00:00:00+00:00,6823.8,6824.2,6771.5,6775.4,0,0.0,False,2014-03-05 00:00:00,0.0,2014-03-05,True,False
2014-03-06 00:00:00+00:00,6775.4,6806.6,6771.0,6788.5,0,0.0,False,2014-03-06 00:00:00,0.0,2014-03-06,True,False
2014-03-07 00:00:00+00:00,6788.5,6800.7,6706.4,6712.7,0,0.0,False,2014-03-07 00:00:00,0.0,2014-03-07,True,False
2014-03-10 00:00:00+00:00,6712.7,6757.0,6671.6,6689.5,0,0.0,False,2014-03-10 00:00:00,0.0,2014-03-10,True,False
2014-03-11 00:00:00+00:00,6689.5,6718.3,6660.6,6685.5,0,0.0,False,2014-03-11 00:00:00,0.0,2014-03-11,True,False
2014-03-12 00:00:00+00:00,6685.5,6685.5,6598.4,6620.9,0,0.0,False,2014-03-12 00:00:00,0.0,2014-03-12,True,False
2014-03-13 00:00:00+00:00,6620.9,6631.4,6552.5,6553.8,0,0.0,False,2014-03-13 00:00:00,0.0,2014-03-13,True,False
2014-03-14 00:00:00+00:00,6553.8,6553.8,6500.4,6527.9,0,0.0,False,2014-03-14 00:00:00,0.0,2014-03-14,True,False
2014-03-17 00:00:00+00:00,6527.9,6592.4,6527.9,6568.4,0,0.0,False,2014-03-17 00:00:00,0.0,2014-03-17,True,False
2014-03-18 00:00:00+00:00,6568.4,6628.2,6534.9,6605.3,0,0.0,False,2014-03-18 00:00:00,0.0,2014-03-18,True,False
2014-03-19 00:00:00+00:00,6605.3,6609.5,6566.9,6573.1,0,0.0,False,2014-03-19 00:00:00,0.0,2014-03-19,True,False
2014-03-20 00:00:00+00:00,6573.1,6573.1,6492.6,6542.4,0,0.0,False,2014-03-20 00:00:00,0.0,2014-03-20,True,False
2014-03-21 00:00:00+00:00,6542.4,6572.1,6537.9,6557.2,0,0.0,False,2014-03-21 00:00:00,0.0,2014-03-21,True,False
2014-03-24 00:00:00+00:00,6557.2,6569.0,6506.4,6520.4,0,0.0,False,2014-03-24 00:00:00,0.0,2014-03-24,True,False
2014-03-25 00:00:00+00:00,6520.4,6604.9,6520.4,6604.9,0,0.0,False,2014-03-25 00:00:00,0.0,2014-03-25,True,False
2014-03-26 00:00:00+00:00,6604.9,6643.6,6601.8,6605.3,0,0.0,False,2014-03-26 00:00:00,0.0,2014-03-26,True,False
2014-03-27 00:00:00+00:00,6605.3,6605.3,6561.4,6588.3,0,0.0,False,2014-03-27 00:00:00,0.0,2014-03-27,True,False
2014-03-28 00:00:00+00:00,6588.3,6631.5,6585.7,6615.6,0,0.0,False,2014-03-28 00:00:00,0.0,2014-03-28,True,False
2014-03-31 00:00:00+00:00,6615.6,6658.4,6583.1,6598.4,0,0.0,False,2014-03-31 01:00:00,1.0,2014-03-31,True,False
2014-04-01 00:00:00+00:00,6598.4,6660.3,6598.4,6652.6,0,0.0,False,2014-04-01 01:00:00,1.0,2014-04-01,True,False
2014-04-02 00:00:00+00:00,6652.6,6672.7,6639.6,6659.0,0,0.0,False,2014-04-02 01:00:00,1.0,2014-04-02,True,False
2014-04-03 00:00:00+00:00,6659.0,6680.8,6638.5,6649.1,0,0.0,False,2014-04-03 01:00:00,1.0,2014-04-03,True,False
2014-04-04 00:00:00+00:00,6649.1,6706.3,6649.1,6695.6,0,0.0,False,2014-04-04 01:00:00,1.0,2014-04-04,True,False
2014-04-07 00:00:00+00:00,6695.6,6695.6,6614.7,6622.8,0,0.0,False,2014-04-07 01:00:00,1.0,2014-04-07,True,False
2014-04-08 00:00:00+00:00,6622.8,6625.2,6549.8,6590.7,0,0.0,False,2014-04-08 01:00:00,1.0,2014-04-08,True,False
2014-04-09 00:00:00+00:00,6590.7,6654.1,6590.4,6635.6,0,0.0,False,2014-04-09 01:00:00,1.0,2014-04-09,True,False
2014-04-10 00:00:00+00:00,6635.6,6688.3,6620.4,6642.0,0,0.0,False,2014-04-10 01:00:00,1.0,2014-04-10,True,False
2014-04-11 00:00:00+00:00,6642.0,6642.0,6538.8,6561.7,0,0.0,False,2014-04-11 01:00:00,1.0,2014-04-11,True,False
2014-04-14 00:00:00+00:00,6561.7,6583.8,6507.1,6583.8,0,0.0,False,2014-04-14 01:00:00,1.0,2014-04-14,True,False
2014-04-15 00:00:00+00:00,6583.8,6594.2,6534.2,6541.6,0,0.0,False,2014-04-15 01:00:00,1.0,2014-04-15,True,False
2014-04-16 00:00:00+00:00,6541.6,6597.0,6541.6,6584.2,0,0.0,False,2014-04-16 01:00:00,1.0,2014-04-16,True,False
2014-04-17 00:00:00+00:00,6584.2,6627.3,6559.4,6625.3,0,0.0,False,2014-04-17 01:00:00,1.0,2014-04-17,True,False
2014-04-22 00:00:00+00:00,6625.3,6706.2,6625.3,6681.8,0,0.0,False,2014-04-22 01:00:00,1.0,2014-04-22,True,False
2014-04-23 00:00:00+00:00,6681.8,6694.8,6661.4,6674.7,0,0.0,False,2014-04-23 01:00:00,1.0,2014-04-23,True,False
2014-04-24 00:00:00+00:00,6674.7,6724.6,6667.7,6703.0,0,0.0,False,2014-04-24 01:00:00,1.0,2014-04-24,True,False
2014-04-25 00:00:00+00:00,6703.0,6704.4,6657.3,6685.7,0,0.0,False,2014-04-25 01:00:00,1.0,2014-04-25,True,False
2014-04-28 00:00:00+00:00,6685.7,6720.3,6682.9,6700.2,0,0.0,False,2014-04-28 01:00:00,1.0,2014-04-28,True,False
2014-04-29 00:00:00+00:00,6700.2,6769.9,6700.1,6769.9,0,0.0,False,2014-04-29 01:00:00,1.0,2014-04-29,True,False
2014-04-30 00:00:00+00:00,6769.9,6794.9,6748.8,6780.0,0,0.0,False,2014-04-30 01:00:00,1.0,2014-04-30,True,False
2014-05-01 00:00:00+00:00,6780.0,6811.6,6773.7,6808.9,0,0.0,False,2014-05-01 01:00:00,1.0,2014-05-01,True,False
2014-05-02 00:00:00+00:00,6808.9,6838.2,6798.6,6822.4,0,0.0,False,2014-05-02 01:00:00,1.0,2014-05-02,True,False
2014-05-06 00:00:00+00:00,6822.4,6828.6,6785.3,6798.6,0,0.0,False,2014-05-06 01:00:00,1.0,2014-05-06,True,False
2014-05-07 00:00:00+00:00,6798.6,6799.3,6766.8,6796.4,0,0.0,False,2014-05-07 01:00:00,1.0,2014-05-07,True,False
2014-05-08 00:00:00+00:00,6796.4,6840.4,6796.4,6839.3,0,0.0,False,2014-05-08 01:00:00,1.0,2014-05-08,True,False
2014-05-09 00:00:00+00:00,6839.3,6839.4,6805.4,6814.6,0,0.0,False,2014-05-09 01:00:00,1.0,2014-05-09,True,False
2014-05-12 00:00:00+00:00,6814.6,6851.8,6814.6,6851.8,0,0.0,False,2014-05-12 01:00:00,1.0,2014-05-12,True,False
2014-05-13 00:00:00+00:00,6851.8,6877.4,6846.0,6873.1,0,0.0,False,2014-05-13 01:00:00,1.0,2014-05-13,True,False
2014-05-14 00:00:00+00:00,6873.1,6880.1,6854.0,6878.5,0,0.0,False,2014-05-14 01:00:00,1.0,2014-05-14,True,False
2014-05-15 00:00:00+00:00,6878.5,6894.9,6821.7,6840.9,0,0.0,False,2014-05-15 01:00:00,1.0,2014-05-15,True,False
2014-05-16 00:00:00+00:00,6840.9,6855.9,6813.5,6855.8,0,0.0,False,2014-05-16 01:00:00,1.0,2014-05-16,True,False
2014-05-19 00:00:00+00:00,6855.8,6862.2,6804.3,6844.6,0,0.0,False,2014-05-19 01:00:00,1.0,2014-05-19,True,False
2014-05-20 00:00:00+00:00,6844.6,6848.4,6792.5,6802.0,0,0.0,False,2014-05-20 01:00:00,1.0,2014-05-20,True,False
2014-05-21 00:00:00+00:00,6802.0,6821.0,6782.8,6821.0,0,0.0,False,2014-05-21 01:00:00,1.0,2014-05-21,True,False
2014-05-22 00:00:00+00:00,6821.0,6846.6,6810.2,6820.6,0,0.0,False,2014-05-22 01:00:00,1.0,2014-05-22,True,False
2014-05-23 00:00:00+00:00,6820.6,6825.5,6793.5,6815.8,0,0.0,False,2014-05-23 01:00:00,1.0,2014-05-23,True,False
2014-05-27 00:00:00+00:00,6815.8,6857.1,6815.4,6844.9,0,0.0,False,2014-05-27 01:00:00,1.0,2014-05-27,True,False
2014-05-28 00:00:00+00:00,6844.9,6855.8,6833.6,6851.2,0,0.0,False,2014-05-28 01:00:00,1.0,2014-05-28,True,False
2014-05-29 00:00:00+00:00,6851.2,6882.1,6848.1,6871.3,0,0.0,False,2014-05-29 01:00:00,1.0,2014-05-29,True,False
2014-05-30 00:00:00+00:00,6871.3,6874.3,6832.0,6844.5,0,0.0,False,2014-05-30 01:00:00,1.0,2014-05-30,True,False
2014-06-02 00:00:00+00:00,6844.5,6874.4,6844.5,6864.1,0,0.0,False,2014-06-02 01:00:00,1.0,2014-06-02,True,False
2014-06-03 00:00:00+00:00,6864.1,6865.4,6818.0,6836.3,0,0.0,False,2014-06-03 01:00:00,1.0,2014-06-03,True,False
2014-06-04 00:00:00+00:00,6836.3,6840.6,6800.1,6818.6,0,0.0,False,2014-06-04 01:00:00,1.0,2014-06-04,True,False
2014-06-05 00:00:00+00:00,6818.6,6847.0,6795.3,6813.5,0,0.0,False,2014-06-05 01:00:00,1.0,2014-06-05,True,False
2014-06-06 00:00:00+00:00,6813.5,6862.9,6813.5,6858.2,0,0.0,False,2014-06-06 01:00:00,1.0,2014-06-06,True,False
2014-06-09 00:00:00+00:00,6858.2,6879.0,6857.7,6875.0,0,0.0,False,2014-06-09 01:00:00,1.0,2014-06-09,True,False
2014-06-10 00:00:00+00:00,6875.0,6875.2,6835.8,6873.6,0,0.0,False,2014-06-10 01:00:00,1.0,2014-06-10,True,False
2014-06-11 00:00:00+00:00,6873.6,6873.6,6825.2,6838.9,0,0.0,False,2014-06-11 01:00:00,1.0,2014-06-11,True,False
2014-06-12 00:00:00+00:00,6838.9,6853.2,6827.0,6843.1,0,0.0,False,2014-06-12 01:00:00,1.0,2014-06-12,True,False
2014-06-13 00:00:00+00:00,6843.1,6843.1,6758.2,6777.9,0,0.0,False,2014-06-13 01:00:00,1.0,2014-06-13,True,False
2014-06-16 00:00:00+00:00,6777.9,6779.4,6748.0,6754.6,0,0.0,False,2014-06-16 01:00:00,1.0,2014-06-16,True,False
2014-06-17 00:00:00+00:00,6754.6,6774.9,6736.1,6766.8,0,0.0,False,2014-06-17 01:00:00,1.0,2014-06-17,True,False
2014-06-18 00:00:00+00:00,6766.8,6799.6,6766.8,6778.6,0,0.0,False,2014-06-18 01:00:00,1.0,2014-06-18,True,False
2014-06-19 00:00:00+00:00,6778.6,6837.6,6778.6,6808.1,0,0.0,False,2014-06-19 01:00:00,1.0,2014-06-19,True,False
2014-06-20 00:00:00+00:00,6808.1,6840.6,6791.2,6825.2,0,0.0,False,2014-06-20 01:00:00,1.0,2014-06-20,True,False
2014-06-23 00:00:00+00:00,6825.2,6829.8,6785.8,6800.6,0,0.0,False,2014-06-23 01:00:00,1.0,2014-06-23,True,False
2014-06-24 00:00:00+00:00,6800.6,6824.5,6776.8,6787.1,0,0.0,False,2014-06-24 01:00:00,1.0,2014-06-24,True,False
2014-06-25 00:00:00+00:00,6787.1,6787.1,6716.4,6733.6,0,0.0,False,2014-06-25 01:00:00,1.0,2014-06-25,True,False
2014-06-26 00:00:00+00:00,6733.6,6753.3,6701.6,6735.1,0,0.0,False,2014-06-26 01:00:00,1.0,2014-06-26,True,False
2014-06-27 00:00:00+00:00,6735.1,6767.6,6735.1,6757.8,0,0.0,False,2014-06-27 01:00:00,1.0,2014-06-27,True,False
2014-06-30 00:00:00+00:00,6757.8,6777.1,6730.5,6743.9,0,0.0,False,2014-06-30 01:00:00,1.0,2014-06-30,True,False
2014-07-01 00:00:00+00:00,6743.9,6805.9,6743.9,6802.9,0,0.0,False,2014-07-01 01:00:00,1.0,2014-07-01,True,False
2014-07-02 00:00:00+00:00,6802.9,6829.5,6796.6,6816.4,0,0.0,False,2014-07-02 01:00:00,1.0,2014-07-02,True,False
2014-07-03 00:00:00+00:00,6816.4,6866.6,6815.5,6865.2,0,0.0,False,2014-07-03 01:00:00,1.0,2014-07-03,True,False
2014-07-04 00:00:00+00:00,6865.2,6875.3,6856.4,6866.1,0,0.0,False,2014-07-04 01:00:00,1.0,2014-07-04,True,False
2014-07-07 00:00:00+00:00,6866.1,6866.4,6817.6,6823.5,0,0.0,False,2014-07-07 01:00:00,1.0,2014-07-07,True,False
2014-07-08 00:00:00+00:00,6823.5,6831.0,6738.5,6738.5,0,0.0,False,2014-07-08 01:00:00,1.0,2014-07-08,True,False
2014-07-09 00:00:00+00:00,6738.5,6740.8,6692.8,6718.0,0,0.0,False,2014-07-09 01:00:00,1.0,2014-07-09,True,False
2014-07-10 00:00:00+00:00,6718.0,6724.8,6643.6,6672.4,0,0.0,False,2014-07-10 01:00:00,1.0,2014-07-10,True,False
2014-07-11 00:00:00+00:00,6672.4,6696.1,6663.7,6690.2,0,0.0,False,2014-07-11 01:00:00,1.0,2014-07-11,True,False
2014-07-14 00:00:00+00:00,6690.2,6760.7,6690.2,6746.1,0,0.0,False,2014-07-14 01:00:00,1.0,2014-07-14,True,False
2014-07-15 00:00:00+00:00,6746.1,6764.0,6709.2,6710.5,0,0.0,False,2014-07-15 01:00:00,1.0,2014-07-15,True,False
2014-07-16 00:00:00+00:00,6710.5,6792.6,6710.5,6784.7,0,0.0,False,2014-07-16 01:00:00,1.0,2014-07-16,True,False
2014-07-17 00:00:00+00:00,6784.7,6784.7,6727.7,6738.3,0,0.0,False,2014-07-17 01:00:00,1.0,2014-07-17,True,False
2014-07-18 00:00:00+00:00,6738.3,6749.9,6690.9,6749.5,0,0.0,False,2014-07-18 01:00:00,1.0,2014-07-18,True,False
2014-07-21 00:00:00+00:00,6749.5,6753.4,6715.8,6728.4,0,0.0,False,2014-07-21 01:00:00,1.0,2014-07-21,True,False
2014-07-22 00:00:00+00:00,6728.4,6801.8,6728.4,6795.3,0,0.0,False,2014-07-22 01:00:00,1.0,2014-07-22,True,False
2014-07-23 00:00:00+00:00,6795.3,6822.7,6773.1,6798.2,0,0.0,False,2014-07-23 01:00:00,1.0,2014-07-23,True,False
2014-07-24 00:00:00+00:00,6798.2,6821.5,6767.3,6821.5,0,0.0,False,2014-07-24 01:00:00,1.0,2014-07-24,True,False
2014-07-25 00:00:00+00:00,6821.5,6830.8,6780.7,6791.6,0,0.0,False,2014-07-25 01:00:00,1.0,2014-07-25,True,False
2014-07-28 00:00:00+00:00,6791.6,6809.6,6761.8,6788.1,0,0.0,False,2014-07-28 01:00:00,1.0,2014-07-28,True,False
2014-07-29 00:00:00+00:00,6788.1,6833.7,6784.0,6807.8,0,0.0,False,2014-07-29 01:00:00,1.0,2014-07-29,True,False
2014-07-30 00:00:00+00:00,6807.8,6815.3,6758.2,6773.4,0,0.0,False,2014-07-30 01:00:00,1.0,2014-07-30,True,False
2014-07-31 00:00:00+00:00,6773.4,6797.1,6716.3,6730.1,0,0.0,False,2014-07-31 01:00:00,1.0,2014-07-31,True,False
2014-08-01 00:00:00+00:00,6730.1,6730.1,6624.7,6679.2,0,0.0,False,2014-08-01 01:00:00,1.0,2014-08-01,True,False
2014-08-04 00:00:00+00:00,6679.2,6715.6,6669.9,6677.5,0,0.0,False,2014-08-04 01:00:00,1.0,2014-08-04,True,False
2014-08-05 00:00:00+00:00,6677.5,6713.5,6671.5,6682.5,0,0.0,False,2014-08-05 01:00:00,1.0,2014-08-05,True,False
2014-08-06 00:00:00+00:00,6639.6,6651.5,6586.0,6623.7,0,0.0,False,2014-08-06 01:00:00,1.0,2014-08-06,True,False
2014-08-07 00:00:00+00:00,6623.9,6648.8,6569.3,6583.8,0,0.0,False,2014-08-07 01:00:00,1.0,2014-08-07,True,False
2014-08-08 00:00:00+00:00,6558.8,6609.3,6526.8,6597.8,0,0.0,False,2014-08-08 01:00:00,1.0,2014-08-08,True,False
2014-08-10 00:00:00+00:00,6599.2,6612.6,6599.2,6604.4,0,0.0,False,2014-08-10 01:00:00,1.0,2014-08-10,True,False
2014-08-11 00:00:00+00:00,6604.0,6647.0,6593.0,6622.4,0,0.0,False,2014-08-11 01:00:00,1.0,2014-08-11,True,False
2014-08-12 00:00:00+00:00,6622.6,6643.3,6610.8,6630.3,0,0.0,False,2014-08-12 01:00:00,1.0,2014-08-12,True,False
2014-08-13 00:00:00+00:00,6656.6,6664.2,6652.1,6658.4,0,0.0,False,2014-08-13 01:00:00,1.0,2014-08-13,True,False
2014-08-14 00:00:00+00:00,6658.2,6700.9,6640.0,6696.3,0,0.0,False,2014-08-14 01:00:00,1.0,2014-08-14,True,False
2014-08-15 00:00:00+00:00,6697.0,6743.8,6686.0,6699.3,0,0.0,False,2014-08-15 01:00:00,1.0,2014-08-15,True,False
2014-08-18 00:00:00+00:00,6737.3,6757.6,6718.3,6756.8,0,0.0,False,2014-08-18 01:00:00,1.0,2014-08-18,True,False
2014-08-19 00:00:00+00:00,6756.4,6790.3,6753.5,6772.3,0,0.0,False,2014-08-19 01:00:00,1.0,2014-08-19,True,False
2014-08-20 00:00:00+00:00,6772.5,6776.3,6738.5,6760.5,0,0.0,False,2014-08-20 01:00:00,1.0,2014-08-20,True,False
2014-08-21 00:00:00+00:00,6760.3,6780.0,6751.3,6772.5,0,0.0,False,2014-08-21 01:00:00,1.0,2014-08-21,True,False
2014-08-22 00:00:00+00:00,6776.8,6785.3,6744.3,6767.8,0,0.0,False,2014-08-22 01:00:00,1.0,2014-08-22,True,False
2014-08-25 00:00:00+00:00,6770.8,6820.4,6765.2,6805.4,0,0.0,False,2014-08-25 01:00:00,1.0,2014-08-25,True,False
2014-08-26 00:00:00+00:00,6805.8,6828.8,6780.0,6810.2,0,0.0,False,2014-08-26 01:00:00,1.0,2014-08-26,True,False
2014-08-27 00:00:00+00:00,6810.6,6830.3,6809.2,6819.6,0,0.0,False,2014-08-27 01:00:00,1.0,2014-08-27,True,False
2014-08-28 00:00:00+00:00,6819.4,6826.8,6797.3,6806.2,0,0.0,False,2014-08-28 01:00:00,1.0,2014-08-28,True,False
2014-08-29 00:00:00+00:00,6810.0,6830.0,6780.3,6809.1,0,0.0,False,2014-08-29 01:00:00,1.0,2014-08-29,True,False
2014-08-31 00:00:00+00:00,6809.7,6814.7,6808.9,6813.5,0,0.0,False,2014-08-31 01:00:00,1.0,2014-08-31,True,False
2014-09-01 00:00:00+00:00,6813.9,6826.3,6796.5,6816.3,0,0.0,False,2014-09-01 01:00:00,1.0,2014-09-01,True,False
2014-09-02 00:00:00+00:00,6816.5,6849.8,6809.2,6824.5,0,0.0,False,2014-09-02 01:00:00,1.0,2014-09-02,True,False
2014-09-03 00:00:00+00:00,6824.7,6898.8,6821.7,6872.7,0,0.0,False,2014-09-03 01:00:00,1.0,2014-09-03,True,False
2014-09-04 00:00:00+00:00,6872.3,6905.3,6856.0,6877.6,0,0.0,False,2014-09-04 01:00:00,1.0,2014-09-04,True,False
2014-09-05 00:00:00+00:00,6877.8,6881.8,6826.8,6870.8,0,0.0,False,2014-09-05 01:00:00,1.0,2014-09-05,True,False
2014-09-07 00:00:00+00:00,6868.4,6870.2,6852.2,6854.2,0,0.0,False,2014-09-07 01:00:00,1.0,2014-09-07,True,False
2014-09-08 00:00:00+00:00,6854.6,6864.8,6772.6,6824.1,0,0.0,False,2014-09-08 01:00:00,1.0,2014-09-08,True,False
2014-09-09 00:00:00+00:00,6823.9,6846.6,6811.8,6818.6,0,0.0,False,2014-09-09 01:00:00,1.0,2014-09-09,True,False
2014-09-10 00:00:00+00:00,6818.2,6858.8,6799.1,6845.5,0,0.0,False,2014-09-10 01:00:00,1.0,2014-09-10,True,False
2014-09-11 00:00:00+00:00,6845.7,6857.3,6762.8,6806.7,0,0.0,False,2014-09-11 01:00:00,1.0,2014-09-11,True,False
2014-09-12 00:00:00+00:00,6809.3,6819.3,6786.8,6801.9,0,0.0,False,2014-09-12 01:00:00,1.0,2014-09-12,True,False
2014-09-14 00:00:00+00:00,6782.1,6782.3,6762.1,6778.5,0,0.0,False,2014-09-14 01:00:00,1.0,2014-09-14,True,False
2014-09-15 00:00:00+00:00,6778.7,6817.5,6773.8,6808.8,0,0.0,False,2014-09-15 01:00:00,1.0,2014-09-15,True,False
2014-09-16 00:00:00+00:00,6808.6,6823.2,6744.8,6814.5,0,0.0,False,2014-09-16 01:00:00,1.0,2014-09-16,True,False
2014-09-17 00:00:00+00:00,6814.7,6817.3,6770.0,6789.4,0,0.0,False,2014-09-17 01:00:00,1.0,2014-09-17,True,False
2014-09-18 00:00:00+00:00,6789.2,6842.9,6767.8,6840.1,0,0.0,False,2014-09-18 01:00:00,1.0,2014-09-18,True,False
2014-09-19 00:00:00+00:00,6840.3,6897.0,6829.5,6839.2,0,0.0,False,2014-09-19 01:00:00,1.0,2014-09-19,True,False
2014-09-21 00:00:00+00:00,6836.6,6842.0,6834.8,6841.8,0,0.0,False,2014-09-21 01:00:00,1.0,2014-09-21,True,False
2014-09-22 00:00:00+00:00,6842.0,6843.2,6757.4,6765.8,0,0.0,False,2014-09-22 01:00:00,1.0,2014-09-22,True,False
2014-09-23 00:00:00+00:00,6765.4,6782.0,6632.7,6645.3,0,0.0,False,2014-09-23 01:00:00,1.0,2014-09-23,True,False
2014-09-24 00:00:00+00:00,6645.1,6721.3,6643.7,6717.4,0,0.0,False,2014-09-24 01:00:00,1.0,2014-09-24,True,False
2014-09-25 00:00:00+00:00,6717.6,6726.8,6619.8,6638.1,0,0.0,False,2014-09-25 01:00:00,1.0,2014-09-25,True,False
2014-09-26 00:00:00+00:00,6638.5,6685.8,6614.8,6669.4,0,0.0,False,2014-09-26 01:00:00,1.0,2014-09-26,True,False
2014-09-28 00:00:00+00:00,6670.8,6671.0,6661.6,6663.8,0,0.0,False,2014-09-28 01:00:00,1.0,2014-09-28,True,False
2014-09-29 00:00:00+00:00,6664.4,6668.0,6607.5,6638.1,0,0.0,False,2014-09-29 01:00:00,1.0,2014-09-29,True,False
2014-09-30 00:00:00+00:00,6638.3,6661.5,6588.8,6601.1,0,0.0,False,2014-09-30 01:00:00,1.0,2014-09-30,True,False
2014-10-01 00:00:00+00:00,6601.5,6616.0,6528.3,6541.2,0,0.0,False,2014-10-01 01:00:00,1.0,2014-10-01,True,False
2014-10-02 00:00:00+00:00,6541.0,6558.0,6423.8,6472.2,0,0.0,False,2014-10-02 01:00:00,1.0,2014-10-02,True,False
2014-10-03 00:00:00+00:00,6472.0,6543.8,6467.3,6528.3,0,0.0,False,2014-10-03 01:00:00,1.0,2014-10-03,True,False
2014-10-05 00:00:00+00:00,6526.5,6539.3,6526.2,6539.3,0,0.0,False,2014-10-05 01:00:00,1.0,2014-10-05,True,False
2014-10-06 00:00:00+00:00,6539.0,6588.3,6531.5,6559.3,0,0.0,False,2014-10-06 01:00:00,1.0,2014-10-06,True,False
2014-10-07 00:00:00+00:00,6559.5,6565.8,6445.5,6460.5,0,0.0,False,2014-10-07 01:00:00,1.0,2014-10-07,True,False
2014-10-08 00:00:00+00:00,6460.2,6553.0,6448.9,6537.2,0,0.0,False,2014-10-08 01:00:00,1.0,2014-10-08,True,False
2014-10-09 00:00:00+00:00,6537.0,6555.2,6354.4,6361.3,0,0.0,False,2014-10-09 01:00:00,1.0,2014-10-09,True,False
2014-10-10 00:00:00+00:00,6361.2,6409.8,6301.8,6301.8,0,0.0,False,2014-10-10 01:00:00,1.0,2014-10-10,True,False
2014-10-12 00:00:00+00:00,6299.0,6300.0,6241.5,6249.1,0,0.0,False,2014-10-12 01:00:00,1.0,2014-10-12,True,False
2014-10-13 00:00:00+00:00,6248.8,6388.6,6246.8,6315.7,0,0.0,False,2014-10-13 01:00:00,1.0,2014-10-13,True,False
2014-10-14 00:00:00+00:00,6316.2,6411.8,6302.3,6393.5,0,0.0,False,2014-10-14 01:00:00,1.0,2014-10-14,True,False
2014-10-15 00:00:00+00:00,6393.6,6410.2,6152.3,6216.0,0,0.0,False,2014-10-15 01:00:00,1.0,2014-10-15,True,False
2014-10-16 00:00:00+00:00,6215.6,6282.5,6070.1,6186.4,0,0.0,False,2014-10-16 01:00:00,1.0,2014-10-16,True,False
2014-10-17 00:00:00+00:00,6186.3,6318.4,6170.4,6304.3,0,0.0,False,2014-10-17 01:00:00,1.0,2014-10-17,True,False
2014-10-19 00:00:00+00:00,6316.6,6352.6,6316.6,6351.4,0,0.0,False,2014-10-19 01:00:00,1.0,2014-10-19,True,False
2014-10-20 00:00:00+00:00,6351.2,6353.3,6236.8,6293.3,0,0.0,False,2014-10-20 01:00:00,1.0,2014-10-20,True,False
2014-10-21 00:00:00+00:00,6293.1,6408.9,6227.3,6395.8,0,0.0,False,2014-10-21 01:00:00,1.0,2014-10-21,True,False
2014-10-22 00:00:00+00:00,6395.5,6410.8,6340.0,6364.0,0,0.0,False,2014-10-22 01:00:00,1.0,2014-10-22,True,False
2014-10-23 00:00:00+00:00,6363.9,6430.3,6314.3,6406.4,0,0.0,False,2014-10-23 01:00:00,1.0,2014-10-23,True,False
2014-10-24 00:00:00+00:00,6406.6,6414.6,6364.3,6414.1,0,0.0,False,2014-10-24 01:00:00,1.0,2014-10-24,True,False
2014-10-26 00:00:00+00:00,6416.2,6424.6,6415.6,6422.8,0,0.0,False,2014-10-26 01:00:00,1.0,2014-10-26,True,False
2014-10-27 00:00:00+00:00,6423.0,6449.8,6335.3,6380.8,0,0.0,False,2014-10-27 00:00:00,0.0,2014-10-27,True,False
2014-10-28 00:00:00+00:00,6380.9,6436.8,6376.8,6419.4,0,0.0,False,2014-10-28 00:00:00,0.0,2014-10-28,True,False
2014-10-29 00:00:00+00:00,6418.7,6475.8,6417.5,6443.4,0,0.0,False,2014-10-29 00:00:00,0.0,2014-10-29,True,False
2014-10-30 00:00:00+00:00,6443.1,6492.8,6377.0,6482.2,0,0.0,False,2014-10-30 00:00:00,0.0,2014-10-30,True,False
2014-10-31 00:00:00+00:00,6482.3,6560.3,6473.8,6543.0,0,0.0,False,2014-10-31 00:00:00,0.0,2014-10-31,True,False
2014-11-02 00:00:00+00:00,6543.6,6548.1,6541.2,6545.3,0,0.0,False,2014-11-02 00:00:00,0.0,2014-11-02,True,False
2014-11-03 00:00:00+00:00,6545.4,6557.5,6473.8,6474.8,0,0.0,False,2014-11-03 00:00:00,0.0,2014-11-03,True,False
2014-11-04 00:00:00+00:00,6474.6,6509.8,6442.5,6472.4,0,0.0,False,2014-11-04 00:00:00,0.0,2014-11-04,True,False
2014-11-05 00:00:00+00:00,6472.9,6544.8,6471.7,6520.1,0,0.0,False,2014-11-05 00:00:00,0.0,2014-11-05,True,False
2014-11-06 00:00:00+00:00,6520.6,6579.5,6502.3,6560.8,0,0.0,False,2014-11-06 00:00:00,0.0,2014-11-06,True,False
2014-11-07 00:00:00+00:00,6561.1,6607.8,6551.3,6568.6,0,0.0,False,2014-11-07 00:00:00,0.0,2014-11-07,True,False
2014-11-09 00:00:00+00:00,6566.8,6569.4,6562.1,6566.7,0,0.0,False,2014-11-09 00:00:00,0.0,2014-11-09,True,False
2014-11-10 00:00:00+00:00,6566.6,6618.7,6559.6,6610.2,0,0.0,False,2014-11-10 00:00:00,0.0,2014-11-10,True,False
2014-11-11 00:00:00+00:00,6610.0,6632.8,6604.5,6626.9,0,0.0,False,2014-11-11 00:00:00,0.0,2014-11-11,True,False
2014-11-12 00:00:00+00:00,6627.0,6630.0,6588.5,6605.6,0,0.0,False,2014-11-12 00:00:00,0.0,2014-11-12,True,False
2014-11-13 00:00:00+00:00,6605.7,6646.7,6595.5,6639.8,0,0.0,False,2014-11-13 00:00:00,0.0,2014-11-13,True,False
2014-11-14 00:00:00+00:00,6640.1,6656.5,6608.7,6647.4,0,0.0,False,2014-11-14 00:00:00,0.0,2014-11-14,True,False
2014-11-16 00:00:00+00:00,6647.9,6648.2,6636.6,6637.2,0,0.0,False,2014-11-16 00:00:00,0.0,2014-11-16,True,False
2014-11-17 00:00:00+00:00,6637.1,6687.8,6610.5,6679.8,0,0.0,False,2014-11-17 00:00:00,0.0,2014-11-17,True,False
2014-11-18 00:00:00+00:00,6679.6,6728.8,6673.0,6714.1,0,0.0,False,2014-11-18 00:00:00,0.0,2014-11-18,True,False
2014-11-19 00:00:00+00:00,6714.4,6717.4,6676.8,6699.5,0,0.0,False,2014-11-19 00:00:00,0.0,2014-11-19,True,False
2014-11-20 00:00:00+00:00,6699.6,6701.1,6640.3,6676.9,0,0.0,False,2014-11-20 00:00:00,0.0,2014-11-20,True,False
2014-11-21 00:00:00+00:00,6676.7,6773.3,6674.9,6742.9,0,0.0,False,2014-11-21 00:00:00,0.0,2014-11-21,True,False
2014-11-23 00:00:00+00:00,6744.9,6751.5,6742.8,6747.8,0,0.0,False,2014-11-23 00:00:00,0.0,2014-11-23,True,False
2014-11-24 00:00:00+00:00,6747.9,6762.8,6718.3,6741.2,0,0.0,False,2014-11-24 00:00:00,0.0,2014-11-24,True,False
2014-11-25 00:00:00+00:00,6741.1,6749.8,6703.5,6736.5,0,0.0,False,2014-11-25 00:00:00,0.0,2014-11-25,True,False
2014-11-26 00:00:00+00:00,6736.6,6765.5,6716.8,6736.6,0,0.0,False,2014-11-26 00:00:00,0.0,2014-11-26,True,False
2014-11-27 00:00:00+00:00,6736.8,6751.0,6706.1,6707.9,0,0.0,False,2014-11-27 00:00:00,0.0,2014-11-27,True,False
2014-11-28 00:00:00+00:00,6708.1,6736.5,6665.8,6701.1,0,0.0,False,2014-11-28 00:00:00,0.0,2014-11-28,True,False
2014-11-30 00:00:00+00:00,6693.5,6701.1,6679.6,6694.4,0,0.0,False,2014-11-30 00:00:00,0.0,2014-11-30,True,False
2014-12-01 00:00:00+00:00,6694.6,6706.7,6636.3,6652.9,0,0.0,False,2014-12-01 00:00:00,0.0,2014-12-01,True,False
2014-12-02 00:00:00+00:00,6653.2,6755.0,6652.4,6747.7,0,0.0,False,2014-12-02 00:00:00,0.0,2014-12-02,True,False
2014-12-03 00:00:00+00:00,6747.6,6757.2,6711.8,6722.7,0,0.0,False,2014-12-03 00:00:00,0.0,2014-12-03,True,False
2014-12-04 00:00:00+00:00,6722.8,6733.7,6668.8,6691.8,0,0.0,False,2014-12-04 00:00:00,0.0,2014-12-04,True,False
2014-12-05 00:00:00+00:00,6691.6,6753.2,6689.7,6747.4,0,0.0,False,2014-12-05 00:00:00,0.0,2014-12-05,True,False
2014-12-07 00:00:00+00:00,6750.9,6755.0,6748.7,6749.1,0,0.0,False,2014-12-07 00:00:00,0.0,2014-12-07,True,False
2014-12-08 00:00:00+00:00,6749.0,6752.3,6635.3,6663.8,0,0.0,False,2014-12-08 00:00:00,0.0,2014-12-08,True,False
2014-12-09 00:00:00+00:00,6664.0,6665.9,6515.0,6552.5,0,0.0,False,2014-12-09 00:00:00,0.0,2014-12-09,True,False
2014-12-10 00:00:00+00:00,6552.6,6563.8,6461.8,6465.5,0,0.0,False,2014-12-10 00:00:00,0.0,2014-12-10,True,False
2014-12-11 00:00:00+00:00,6466.3,6519.3,6378.8,6400.3,0,0.0,False,2014-12-11 00:00:00,0.0,2014-12-11,True,False
2014-12-12 00:00:00+00:00,6401.3,6436.5,6210.9,6214.0,0,0.0,False,2014-12-12 00:00:00,0.0,2014-12-12,True,False
2014-12-14 00:00:00+00:00,6221.1,6227.8,6211.3,6220.6,0,0.0,False,2014-12-14 00:00:00,0.0,2014-12-14,True,False
2014-12-15 00:00:00+00:00,6220.7,6355.8,6123.0,6188.2,0,0.0,False,2014-12-15 00:00:00,0.0,2014-12-15,True,False
2014-12-16 00:00:00+00:00,6188.3,6351.3,6142.0,6261.5,0,0.0,False,2014-12-16 00:00:00,0.0,2014-12-16,True,False
2014-12-17 00:00:00+00:00,6261.9,6398.0,6236.5,6390.2,0,0.0,False,2014-12-17 00:00:00,0.0,2014-12-17,True,False
2014-12-18 00:00:00+00:00,6390.3,6518.1,6357.8,6509.2,0,0.0,False,2014-12-18 00:00:00,0.0,2014-12-18,True,False
2014-12-19 00:00:00+00:00,6508.9,6592.0,6475.0,6572.2,0,0.0,False,2014-12-19 00:00:00,0.0,2014-12-19,True,False
2014-12-21 00:00:00+00:00,6570.3,6578.3,6567.5,6575.5,0,0.0,False,2014-12-21 00:00:00,0.0,2014-12-21,True,False
2014-12-22 00:00:00+00:00,6575.3,6627.3,6563.8,6610.2,0,0.0,False,2014-12-22 00:00:00,0.0,2014-12-22,True,False
2014-12-23 00:00:00+00:00,6610.0,6621.8,6583.0,6593.1,0,0.0,False,2014-12-23 00:00:00,0.0,2014-12-23,True,False
2014-12-24 00:00:00+00:00,6592.9,6631.8,6592.0,6615.3,0,0.0,False,2014-12-24 00:00:00,0.0,2014-12-24,True,False
2014-12-29 00:00:00+00:00,6620.3,6657.5,6585.0,6611.1,0,0.0,False,2014-12-29 00:00:00,0.0,2014-12-29,True,False
2014-12-30 00:00:00+00:00,6611.2,6613.2,6521.5,6555.6,0,0.0,False,2014-12-30 00:00:00,0.0,2014-12-30,True,False
2014-12-31 00:00:00+00:00,6555.7,6582.3,6546.5,6574.8,0,0.0,False,2014-12-31 00:00:00,0.0,2014-12-31,True,False
2015-01-01 00:00:00+00:00,6575.1,6576.5,6509.1,6521.2,0,0.0,False,2015-01-01 00:00:00,0.0,2015-01-01,True,False
2015-01-02 00:00:00+00:00,6521.5,6610.3,6505.8,6529.2,0,0.0,False,2015-01-02 00:00:00,0.0,2015-01-02,True,False
2015-01-04 00:00:00+00:00,6526.8,6527.1,6506.8,6508.8,0,0.0,False,2015-01-04 00:00:00,0.0,2015-01-04,True,False
2015-01-05 00:00:00+00:00,6509.1,6576.3,6384.0,6420.8,0,0.0,False,2015-01-05 00:00:00,0.0,2015-01-05,True,False
2015-01-06 00:00:00+00:00,6420.7,6451.8,6326.3,6368.7,0,0.0,False,2015-01-06 00:00:00,0.0,2015-01-06,True,False
2015-01-07 00:00:00+00:00,6368.8,6461.5,6366.3,6456.6,0,0.0,False,2015-01-07 00:00:00,0.0,2015-01-07,True,False
2015-01-08 00:00:00+00:00,6456.9,6581.2,6454.6,6566.7,0,0.0,False,2015-01-08 00:00:00,0.0,2015-01-08,True,False
2015-01-09 00:00:00+00:00,6567.0,6570.7,6469.7,6491.0,0,0.0,False,2015-01-09 00:00:00,0.0,2015-01-09,True,False
2015-01-11 00:00:00+00:00,6493.7,6499.4,6484.3,6486.7,0,0.0,False,2015-01-11 00:00:00,0.0,2015-01-11,True,False
2015-01-12 00:00:00+00:00,6487.0,6544.3,6445.8,6478.8,0,0.0,False,2015-01-12 00:00:00,0.0,2015-01-12,True,False
2015-01-13 00:00:00+00:00,6478.7,6558.3,6452.5,6495.6,0,0.0,False,2015-01-13 00:00:00,0.0,2015-01-13,True,False
2015-01-14 00:00:00+00:00,6495.5,6503.3,6351.5,6423.7,0,0.0,False,2015-01-14 00:00:00,0.0,2015-01-14,True,False
2015-01-15 00:00:00+00:00,6423.4,6506.8,6295.0,6449.0,0,0.0,False,2015-01-15 00:00:00,0.0,2015-01-15,True,False
2015-01-16 00:00:00+00:00,6448.8,6589.0,6426.0,6579.5,0,0.0,False,2015-01-16 00:00:00,0.0,2015-01-16,True,False
2015-01-18 00:00:00+00:00,6577.9,6579.1,6565.9,6571.6,0,0.0,False,2015-01-18 00:00:00,0.0,2015-01-18,True,False
2015-01-19 00:00:00+00:00,6571.1,6607.7,6545.8,6596.8,0,0.0,False,2015-01-19 00:00:00,0.0,2015-01-19,True,False
2015-01-20 00:00:00+00:00,6596.7,6649.3,6595.3,6637.0,0,0.0,False,2015-01-20 00:00:00,0.0,2015-01-20,True,False
2015-01-21 00:00:00+00:00,6636.9,6732.3,6626.3,6720.6,0,0.0,False,2015-01-21 00:00:00,0.0,2015-01-21,True,False
2015-01-22 00:00:00+00:00,6721.1,6842.8,6718.1,6824.4,0,0.0,False,2015-01-22 00:00:00,0.0,2015-01-22,True,False
2015-01-23 00:00:00+00:00,6824.0,6847.3,6795.3,6800.9,0,0.0,False,2015-01-23 00:00:00,0.0,2015-01-23,True,False
2015-01-25 00:00:00+00:00,6780.2,6780.2,6738.2,6740.2,0,0.0,False,2015-01-25 00:00:00,0.0,2015-01-25,True,False
2015-01-26 00:00:00+00:00,6740.4,6889.3,6738.9,6868.2,0,0.0,False,2015-01-26 00:00:00,0.0,2015-01-26,True,False
2015-01-27 00:00:00+00:00,6868.1,6874.1,6772.8,6848.5,0,0.0,False,2015-01-27 00:00:00,0.0,2015-01-27,True,False
2015-01-28 00:00:00+00:00,6848.8,6879.3,6741.0,6762.6,0,0.0,False,2015-01-28 00:00:00,0.0,2015-01-28,True,False
2015-01-29 00:00:00+00:00,6762.7,6859.8,6738.2,6837.2,0,0.0,False,2015-01-29 00:00:00,0.0,2015-01-29,True,False
2015-01-30 00:00:00+00:00,6837.8,6843.5,6720.9,6739.4,0,0.0,False,2015-01-30 00:00:00,0.0,2015-01-30,True,False
2015-02-01 00:00:00+00:00,6737.6,6743.8,6716.6,6722.2,0,0.0,False,2015-02-01 00:00:00,0.0,2015-02-01,True,False
2015-02-02 00:00:00+00:00,6722.4,6837.9,6722.4,6794.6,0,0.0,False,2015-02-02 00:00:00,0.0,2015-02-02,True,False
2015-02-03 00:00:00+00:00,6794.8,6905.0,6771.0,6885.5,0,0.0,False,2015-02-03 00:00:00,0.0,2015-02-03,True,False
2015-02-04 00:00:00+00:00,6885.3,6896.9,6791.8,6801.9,0,0.0,False,2015-02-04 00:00:00,0.0,2015-02-04,True,False
2015-02-05 00:00:00+00:00,6801.3,6870.5,6796.7,6848.1,0,0.0,False,2015-02-05 00:00:00,0.0,2015-02-05,True,False
2015-02-06 00:00:00+00:00,6847.9,6887.3,6816.3,6838.0,0,0.0,False,2015-02-06 00:00:00,0.0,2015-02-06,True,False
2015-02-08 00:00:00+00:00,6822.2,6825.5,6801.5,6817.1,0,0.0,False,2015-02-08 00:00:00,0.0,2015-02-08,True,False
2015-02-09 00:00:00+00:00,6816.9,6847.8,6775.5,6830.1,0,0.0,False,2015-02-09 00:00:00,0.0,2015-02-09,True,False
2015-02-10 00:00:00+00:00,6830.5,6849.3,6787.0,6835.1,0,0.0,False,2015-02-10 00:00:00,0.0,2015-02-10,True,False
2015-02-11 00:00:00+00:00,6834.3,6865.7,6785.0,6806.8,0,0.0,False,2015-02-11 00:00:00,0.0,2015-02-11,True,False
2015-02-12 00:00:00+00:00,6806.4,6856.8,6787.0,6843.8,0,0.0,False,2015-02-12 00:00:00,0.0,2015-02-12,True,False
2015-02-13 00:00:00+00:00,6843.6,6890.9,6841.6,6882.4,0,0.0,False,2015-02-13 00:00:00,0.0,2015-02-13,True,False
2015-02-15 00:00:00+00:00,6879.4,6885.0,6871.8,6871.8,0,0.0,False,2015-02-15 00:00:00,0.0,2015-02-15,True,False
2015-02-16 00:00:00+00:00,6872.0,6888.8,6820.0,6828.8,0,0.0,False,2015-02-16 00:00:00,0.0,2015-02-16,True,False
2015-02-17 00:00:00+00:00,6828.2,6914.5,6816.3,6901.0,0,0.0,False,2015-02-17 00:00:00,0.0,2015-02-17,True,False
2015-02-18 00:00:00+00:00,6902.0,6920.5,6876.3,6880.9,0,0.0,False,2015-02-18 00:00:00,0.0,2015-02-18,True,False
2015-02-19 00:00:00+00:00,6881.1,6907.3,6858.8,6885.0,0,0.0,False,2015-02-19 00:00:00,0.0,2015-02-19,True,False
2015-02-20 00:00:00+00:00,6884.8,6960.0,6878.3,6951.7,0,0.0,False,2015-02-20 00:00:00,0.0,2015-02-20,True,False
2015-02-22 00:00:00+00:00,6949.7,6951.7,6943.5,6947.3,0,0.0,False,2015-02-22 00:00:00,0.0,2015-02-22,True,False
2015-02-23 00:00:00+00:00,6946.9,6956.5,6885.3,6900.8,0,0.0,False,2015-02-23 00:00:00,0.0,2015-02-23,True,False
2015-02-24 00:00:00+00:00,6900.6,6959.3,6898.3,6942.6,0,0.0,False,2015-02-24 00:00:00,0.0,2015-02-24,True,False
2015-02-25 00:00:00+00:00,6942.4,6956.0,6904.8,6914.4,0,0.0,False,2015-02-25 00:00:00,0.0,2015-02-25,True,False
2015-02-26 00:00:00+00:00,6914.6,6957.8,6914.6,6940.6,0,0.0,False,2015-02-26 00:00:00,0.0,2015-02-26,True,False
2015-02-27 00:00:00+00:00,6940.8,6969.8,6918.5,6932.1,0,0.0,False,2015-02-27 00:00:00,0.0,2015-02-27,True,False
2015-03-01 00:00:00+00:00,6932.3,6939.5,6930.7,6936.1,0,0.0,False,2015-03-01 00:00:00,0.0,2015-03-01,True,False
2015-03-02 00:00:00+00:00,6936.5,6975.3,6924.3,6948.1,0,0.0,False,2015-03-02 00:00:00,0.0,2015-03-02,True,False
2015-03-03 00:00:00+00:00,6947.9,6963.3,6874.8,6896.7,0,0.0,False,2015-03-03 00:00:00,0.0,2015-03-03,True,False
2015-03-04 00:00:00+00:00,6896.3,6933.8,6860.5,6899.1,0,0.0,False,2015-03-04 00:00:00,0.0,2015-03-04,True,False
2015-03-05 00:00:00+00:00,6899.3,6969.0,6896.5,6954.8,0,0.0,False,2015-03-05 00:00:00,0.0,2015-03-05,True,False
2015-03-06 00:00:00+00:00,6955.0,6961.3,6878.2,6889.2,0,0.0,False,2015-03-06 00:00:00,0.0,2015-03-06,True,False
2015-03-08 00:00:00+00:00,6887.4,6887.4,6878.6,6881.0,0,0.0,False,2015-03-08 00:00:00,0.0,2015-03-08,True,False
2015-03-09 00:00:00+00:00,6881.2,6895.8,6858.8,6865.7,0,0.0,False,2015-03-09 00:00:00,0.0,2015-03-09,True,False
2015-03-10 00:00:00+00:00,6865.9,6869.8,6691.3,6712.8,0,0.0,False,2015-03-10 00:00:00,0.0,2015-03-10,True,False
2015-03-11 00:00:00+00:00,6713.0,6737.8,6693.3,6715.2,0,0.0,False,2015-03-11 00:00:00,0.0,2015-03-11,True,False
2015-03-12 00:00:00+00:00,6715.8,6801.3,6710.8,6763.6,0,0.0,False,2015-03-12 00:00:00,0.0,2015-03-12,True,False
2015-03-13 00:00:00+00:00,6764.0,6777.8,6712.3,6763.8,0,0.0,False,2015-03-13 00:00:00,0.0,2015-03-13,True,False
2015-03-15 00:00:00+00:00,6749.0,6750.8,6744.2,6748.0,0,0.0,False,2015-03-15 00:00:00,0.0,2015-03-15,True,False
2015-03-16 00:00:00+00:00,6748.2,6818.8,6742.2,6796.4,0,0.0,False,2015-03-16 00:00:00,0.0,2015-03-16,True,False
2015-03-17 00:00:00+00:00,6796.6,6861.3,6787.0,6846.3,0,0.0,False,2015-03-17 00:00:00,0.0,2015-03-17,True,False
2015-03-18 00:00:00+00:00,6845.3,6995.3,6829.8,6958.7,0,0.0,False,2015-03-18 00:00:00,0.0,2015-03-18,True,False
2015-03-19 00:00:00+00:00,6959.1,6983.8,6928.8,6963.2,0,0.0,False,2015-03-19 00:00:00,0.0,2015-03-19,True,False
2015-03-20 00:00:00+00:00,6963.0,7031.8,6956.3,7016.5,0,0.0,False,2015-03-20 00:00:00,0.0,2015-03-20,True,False
2015-03-22 00:00:00+00:00,7033.8,7035.2,7031.6,7032.2,0,0.0,False,2015-03-22 00:00:00,0.0,2015-03-22,True,False
2015-03-23 00:00:00+00:00,7032.4,7043.0,6989.6,7022.0,0,0.0,False,2015-03-23 00:00:00,0.0,2015-03-23,True,False
2015-03-24 00:00:00+00:00,7023.0,7065.0,7003.0,7008.0,0,0.0,False,2015-03-24 00:00:00,0.0,2015-03-24,True,False
2015-03-25 00:00:00+00:00,7009.0,7035.0,6959.0,6973.0,0,0.0,False,2015-03-25 00:00:00,0.0,2015-03-25,True,False
2015-03-26 00:00:00+00:00,6974.0,6977.0,6874.0,6900.8,0,0.0,False,2015-03-26 00:00:00,0.0,2015-03-26,True,False
2015-03-27 00:00:00+00:00,6900.4,6930.6,6836.0,6867.5,0,0.0,False,2015-03-27 00:00:00,0.0,2015-03-27,True,False
2015-03-29 00:00:00+00:00,6864.8,6873.0,6858.0,6858.4,0,0.0,False,2015-03-29 00:00:00,0.0,2015-03-29,True,False
2015-03-30 00:00:00+00:00,6858.6,6913.8,6849.8,6895.3,0,0.0,False,2015-03-30 01:00:00,1.0,2015-03-30,True,False
2015-03-31 00:00:00+00:00,6895.7,6906.5,6752.9,6758.7,0,0.0,False,2015-03-31 01:00:00,1.0,2015-03-31,True,False
2015-04-01 00:00:00+00:00,6758.9,6856.3,6670.7,6809.9,0,0.0,False,2015-04-01 01:00:00,1.0,2015-04-01,True,False
2015-04-02 00:00:00+00:00,6810.3,6852.0,6790.2,6834.8,0,0.0,False,2015-04-02 01:00:00,1.0,2015-04-02,True,False
2015-04-03 00:00:00+00:00,6835.0,6848.6,6777.0,6782.4,0,0.0,False,2015-04-03 01:00:00,1.0,2015-04-03,True,False
2015-04-06 00:00:00+00:00,6802.4,6873.0,6797.6,6853.6,0,0.0,False,2015-04-06 01:00:00,1.0,2015-04-06,True,False
2015-04-07 00:00:00+00:00,6854.0,6968.5,6849.0,6929.1,0,0.0,False,2015-04-07 01:00:00,1.0,2015-04-07,True,False
2015-04-08 00:00:00+00:00,6929.5,7012.3,6926.7,6965.2,0,0.0,False,2015-04-08 01:00:00,1.0,2015-04-08,True,False
2015-04-09 00:00:00+00:00,6965.4,7045.8,6952.8,7031.9,0,0.0,False,2015-04-09 01:00:00,1.0,2015-04-09,True,False
2015-04-10 00:00:00+00:00,7031.5,7097.3,7023.5,7085.8,0,0.0,False,2015-04-10 01:00:00,1.0,2015-04-10,True,False
2015-04-12 00:00:00+00:00,7083.4,7095.6,7082.6,7094.8,0,0.0,False,2015-04-12 01:00:00,1.0,2015-04-12,True,False
2015-04-13 00:00:00+00:00,7095.0,7096.9,7040.5,7043.4,0,0.0,False,2015-04-13 01:00:00,1.0,2015-04-13,True,False
2015-04-14 00:00:00+00:00,7043.2,7089.3,7039.8,7077.0,0,0.0,False,2015-04-14 01:00:00,1.0,2015-04-14,True,False
2015-04-15 00:00:00+00:00,7076.8,7111.8,7055.5,7092.4,0,0.0,False,2015-04-15 01:00:00,1.0,2015-04-15,True,False
2015-04-16 00:00:00+00:00,7092.8,7126.8,7048.8,7082.4,0,0.0,False,2015-04-16 01:00:00,1.0,2015-04-16,True,False
2015-04-17 00:00:00+00:00,7083.0,7102.3,6973.0,7001.9,0,0.0,False,2015-04-17 01:00:00,1.0,2015-04-17,True,False
2015-04-19 00:00:00+00:00,7018.5,7023.5,7015.3,7020.9,0,0.0,False,2015-04-19 01:00:00,1.0,2015-04-19,True,False
2015-04-20 00:00:00+00:00,7021.1,7067.8,7008.3,7030.0,0,0.0,False,2015-04-20 01:00:00,1.0,2015-04-20,True,False
2015-04-21 00:00:00+00:00,7029.6,7104.3,7027.8,7069.3,0,0.0,False,2015-04-21 01:00:00,1.0,2015-04-21,True,False
2015-04-22 00:00:00+00:00,7069.1,7089.0,6994.5,7027.8,0,0.0,False,2015-04-22 01:00:00,1.0,2015-04-22,True,False
2015-04-23 00:00:00+00:00,7028.2,7084.0,6994.5,7067.1,0,0.0,False,2015-04-23 01:00:00,1.0,2015-04-23,True,False
2015-04-24 00:00:00+00:00,7066.9,7102.5,7049.3,7059.0,0,0.0,False,2015-04-24 01:00:00,1.0,2015-04-24,True,False
2015-04-26 00:00:00+00:00,7061.4,7064.3,7056.0,7063.5,0,0.0,False,2015-04-26 01:00:00,1.0,2015-04-26,True,False
2015-04-27 00:00:00+00:00,7063.1,7122.5,7021.5,7080.9,0,0.0,False,2015-04-27 01:00:00,1.0,2015-04-27,True,False
2015-04-28 00:00:00+00:00,7081.1,7085.3,6981.5,7047.3,0,0.0,False,2015-04-28 01:00:00,1.0,2015-04-28,True,False
2015-04-29 00:00:00+00:00,7047.7,7060.5,6927.6,6964.7,0,0.0,False,2015-04-29 01:00:00,1.0,2015-04-29,True,False
2015-04-30 00:00:00+00:00,6964.5,6987.3,6902.8,6939.5,0,0.0,False,2015-04-30 01:00:00,1.0,2015-04-30,True,False
2015-05-01 00:00:00+00:00,6939.9,7036.3,6913.8,7032.2,0,0.0,False,2015-05-01 01:00:00,1.0,2015-05-01,True,False
2015-05-03 00:00:00+00:00,7033.6,7033.6,7025.4,7026.8,0,0.0,False,2015-05-03 01:00:00,1.0,2015-05-03,True,False
2015-05-04 00:00:00+00:00,7027.0,7064.5,7000.4,7036.5,0,0.0,False,2015-05-04 01:00:00,1.0,2015-05-04,True,False
2015-05-05 00:00:00+00:00,7036.7,7054.0,6921.8,6944.8,0,0.0,False,2015-05-05 01:00:00,1.0,2015-05-05,True,False
2015-05-06 00:00:00+00:00,6944.6,6974.5,6896.3,6912.9,0,0.0,False,2015-05-06 01:00:00,1.0,2015-05-06,True,False
2015-05-07 00:00:00+00:00,6913.1,6956.5,6807.3,6952.3,0,0.0,False,2015-05-07 01:00:00,1.0,2015-05-07,True,False
2015-05-08 00:00:00+00:00,6952.5,7060.8,6951.7,7034.0,0,0.0,False,2015-05-08 01:00:00,1.0,2015-05-08,True,False
2015-05-10 00:00:00+00:00,7039.2,7042.6,7034.8,7041.4,0,0.0,False,2015-05-10 01:00:00,1.0,2015-05-10,True,False
2015-05-11 00:00:00+00:00,7041.2,7085.3,6997.5,7011.0,0,0.0,False,2015-05-11 01:00:00,1.0,2015-05-11,True,False
2015-05-12 00:00:00+00:00,7011.2,7037.0,6884.3,6943.4,0,0.0,False,2015-05-12 01:00:00,1.0,2015-05-12,True,False
2015-05-13 00:00:00+00:00,6943.6,6992.5,6919.5,6929.0,0,0.0,False,2015-05-13 01:00:00,1.0,2015-05-13,True,False
2015-05-14 00:00:00+00:00,6928.8,6985.3,6882.5,6972.2,0,0.0,False,2015-05-14 01:00:00,1.0,2015-05-14,True,False
2015-05-15 00:00:00+00:00,6972.4,7010.0,6934.3,6971.0,0,0.0,False,2015-05-15 01:00:00,1.0,2015-05-15,True,False
2015-05-17 00:00:00+00:00,6971.4,6971.4,6965.4,6969.6,0,0.0,False,2015-05-17 01:00:00,1.0,2015-05-17,True,False
2015-05-18 00:00:00+00:00,6969.4,7019.0,6927.8,6976.1,0,0.0,False,2015-05-18 01:00:00,1.0,2015-05-18,True,False
2015-05-19 00:00:00+00:00,6976.5,7010.3,6969.8,6987.0,0,0.0,False,2015-05-19 01:00:00,1.0,2015-05-19,True,False
2015-05-20 00:00:00+00:00,6986.8,7022.0,6957.8,6993.7,0,0.0,False,2015-05-20 01:00:00,1.0,2015-05-20,True,False
2015-05-21 00:00:00+00:00,6994.1,7028.5,6988.6,7014.0,0,0.0,False,2015-05-21 01:00:00,1.0,2015-05-21,True,False
2015-05-22 00:00:00+00:00,7013.8,7064.0,7009.0,7034.1,0,0.0,False,2015-05-22 01:00:00,1.0,2015-05-22,True,False
2015-05-24 00:00:00+00:00,7033.5,7037.9,7026.1,7037.5,0,0.0,False,2015-05-24 01:00:00,1.0,2015-05-24,True,False
2015-05-25 00:00:00+00:00,7038.1,7049.9,7020.3,7033.9,0,0.0,False,2015-05-25 01:00:00,1.0,2015-05-25,True,False
2015-05-26 00:00:00+00:00,7034.1,7052.5,6928.8,6957.1,0,0.0,False,2015-05-26 01:00:00,1.0,2015-05-26,True,False
2015-05-27 00:00:00+00:00,6957.3,7055.1,6946.3,7035.0,0,0.0,False,2015-05-27 01:00:00,1.0,2015-05-27,True,False
2015-05-28 00:00:00+00:00,7035.2,7049.7,7004.3,7040.6,0,0.0,False,2015-05-28 01:00:00,1.0,2015-05-28,True,False
2015-05-29 00:00:00+00:00,7040.8,7071.1,6960.1,6998.2,0,0.0,False,2015-05-29 01:00:00,1.0,2015-05-29,True,False
2015-05-31 00:00:00+00:00,6996.4,7005.4,6991.6,6998.6,0,0.0,False,2015-05-31 01:00:00,1.0,2015-05-31,True,False
2015-06-01 00:00:00+00:00,6998.8,7039.3,6938.3,6965.7,0,0.0,False,2015-06-01 01:00:00,1.0,2015-06-01,True,False
2015-06-02 00:00:00+00:00,6965.9,6973.3,6867.8,6926.1,0,0.0,False,2015-06-02 01:00:00,1.0,2015-06-02,True,False
2015-06-03 00:00:00+00:00,6925.7,6988.0,6900.5,6937.9,0,0.0,False,2015-06-03 01:00:00,1.0,2015-06-03,True,False
2015-06-04 00:00:00+00:00,6938.5,6939.7,6808.3,6839.7,0,0.0,False,2015-06-04 01:00:00,1.0,2015-06-04,True,False
2015-06-05 00:00:00+00:00,6839.9,6849.0,6785.0,6820.7,0,0.0,False,2015-06-05 01:00:00,1.0,2015-06-05,True,False
2015-06-07 00:00:00+00:00,6821.7,6826.7,6815.3,6821.3,0,0.0,False,2015-06-07 01:00:00,1.0,2015-06-07,True,False
2015-06-08 00:00:00+00:00,6820.5,6826.0,6762.8,6785.2,0,0.0,False,2015-06-08 01:00:00,1.0,2015-06-08,True,False
2015-06-09 00:00:00+00:00,6785.4,6804.3,6726.5,6739.0,0,0.0,False,2015-06-09 01:00:00,1.0,2015-06-09,True,False
2015-06-10 00:00:00+00:00,6739.2,6844.8,6731.3,6818.6,0,0.0,False,2015-06-10 01:00:00,1.0,2015-06-10,True,False
2015-06-11 00:00:00+00:00,6818.8,6870.3,6805.0,6835.4,0,0.0,False,2015-06-11 01:00:00,1.0,2015-06-11,True,False
2015-06-12 00:00:00+00:00,6835.6,6835.6,6759.3,6781.5,0,0.0,False,2015-06-12 01:00:00,1.0,2015-06-12,True,False
2015-06-14 00:00:00+00:00,6750.9,6756.5,6728.1,6743.9,0,0.0,False,2015-06-14 01:00:00,1.0,2015-06-14,True,False
2015-06-15 00:00:00+00:00,6744.1,6773.8,6702.3,6713.3,0,0.0,False,2015-06-15 01:00:00,1.0,2015-06-15,True,False
2015-06-16 00:00:00+00:00,6712.7,6726.9,6655.0,6724.7,0,0.0,False,2015-06-16 01:00:00,1.0,2015-06-16,True,False
2015-06-17 00:00:00+00:00,6724.9,6734.2,6653.2,6663.8,0,0.0,False,2015-06-17 01:00:00,1.0,2015-06-17,True,False
2015-06-18 00:00:00+00:00,6663.6,6742.8,6623.6,6705.2,0,0.0,False,2015-06-18 01:00:00,1.0,2015-06-18,True,False
2015-06-19 00:00:00+00:00,6705.0,6760.3,6682.3,6684.7,0,0.0,False,2015-06-19 01:00:00,1.0,2015-06-19,True,False
2015-06-21 00:00:00+00:00,6709.7,6723.9,6708.9,6717.9,0,0.0,False,2015-06-21 01:00:00,1.0,2015-06-21,True,False
2015-06-22 00:00:00+00:00,6718.1,6826.3,6712.7,6809.0,0,0.0,False,2015-06-22 01:00:00,1.0,2015-06-22,True,False
2015-06-23 00:00:00+00:00,6808.8,6856.8,6808.2,6838.0,0,0.0,False,2015-06-23 01:00:00,1.0,2015-06-23,True,False
2015-06-24 00:00:00+00:00,6837.8,6874.5,6818.2,6825.8,0,0.0,False,2015-06-24 01:00:00,1.0,2015-06-24,True,False
2015-06-25 00:00:00+00:00,6826.0,6869.0,6788.3,6795.9,0,0.0,False,2015-06-25 01:00:00,1.0,2015-06-25,True,False
2015-06-26 00:00:00+00:00,6795.7,6799.0,6728.8,6753.0,0,0.0,False,2015-06-26 01:00:00,1.0,2015-06-26,True,False
2015-06-28 00:00:00+00:00,6631.7,6632.5,6526.7,6556.9,0,0.0,False,2015-06-28 01:00:00,1.0,2015-06-28,True,False
2015-06-29 00:00:00+00:00,6557.1,6692.8,6512.8,6577.1,0,0.0,False,2015-06-29 01:00:00,1.0,2015-06-29,True,False
2015-06-30 00:00:00+00:00,6577.5,6603.8,6495.5,6532.7,0,0.0,False,2015-06-30 01:00:00,1.0,2015-06-30,True,False
2015-07-01 00:00:00+00:00,6533.0,6639.5,6528.7,6577.8,0,0.0,False,2015-07-01 01:00:00,1.0,2015-07-01,True,False
2015-07-02 00:00:00+00:00,6578.4,6647.0,6570.8,6624.2,0,0.0,False,2015-07-02 01:00:00,1.0,2015-07-02,True,False
2015-07-03 00:00:00+00:00,6624.0,6634.1,6571.5,6605.8,0,0.0,False,2015-07-03 01:00:00,1.0,2015-07-03,True,False
2015-07-05 00:00:00+00:00,6412.0,6469.0,6412.0,6465.8,0,0.0,False,2015-07-05 01:00:00,1.0,2015-07-05,True,False
2015-07-06 00:00:00+00:00,6465.4,6572.0,6444.6,6542.3,0,0.0,False,2015-07-06 01:00:00,1.0,2015-07-06,True,False
2015-07-07 00:00:00+00:00,6542.1,6564.9,6428.3,6510.0,0,0.0,False,2015-07-07 01:00:00,1.0,2015-07-07,True,False
2015-07-08 00:00:00+00:00,6509.8,6516.0,6434.3,6474.6,0,0.0,False,2015-07-08 01:00:00,1.0,2015-07-08,True,False
2015-07-09 00:00:00+00:00,6474.8,6646.2,6463.8,6639.2,0,0.0,False,2015-07-09 01:00:00,1.0,2015-07-09,True,False
2015-07-10 00:00:00+00:00,6638.8,6694.3,6601.6,6678.4,0,0.0,False,2015-07-10 01:00:00,1.0,2015-07-10,True,False
2015-07-12 00:00:00+00:00,6676.5,6694.3,6629.7,6632.1,0,0.0,False,2015-07-12 01:00:00,1.0,2015-07-12,True,False
2015-07-13 00:00:00+00:00,6632.5,6773.8,6628.7,6733.7,0,0.0,False,2015-07-13 01:00:00,1.0,2015-07-13,True,False
2015-07-14 00:00:00+00:00,6733.5,6758.0,6710.0,6744.1,0,0.0,False,2015-07-14 01:00:00,1.0,2015-07-14,True,False
2015-07-15 00:00:00+00:00,6744.3,6779.8,6719.8,6768.6,0,0.0,False,2015-07-15 01:00:00,1.0,2015-07-15,True,False
2015-07-16 00:00:00+00:00,6768.4,6805.3,6751.3,6787.3,0,0.0,False,2015-07-16 01:00:00,1.0,2015-07-16,True,False
2015-07-17 00:00:00+00:00,6787.1,6802.8,6762.8,6775.1,0,0.0,False,2015-07-17 01:00:00,1.0,2015-07-17,True,False
2015-07-19 00:00:00+00:00,6770.5,6778.9,6770.5,6775.3,0,0.0,False,2015-07-19 01:00:00,1.0,2015-07-19,True,False
2015-07-20 00:00:00+00:00,6775.7,6812.8,6767.5,6791.3,0,0.0,False,2015-07-20 01:00:00,1.0,2015-07-20,True,False
2015-07-21 00:00:00+00:00,6791.5,6807.9,6743.2,6748.8,0,0.0,False,2015-07-21 01:00:00,1.0,2015-07-21,True,False
2015-07-22 00:00:00+00:00,6749.0,6750.8,6650.8,6690.6,0,0.0,False,2015-07-22 01:00:00,1.0,2015-07-22,True,False
2015-07-23 00:00:00+00:00,6690.8,6713.1,6623.0,6635.2,0,0.0,False,2015-07-23 01:00:00,1.0,2015-07-23,True,False
2015-07-24 00:00:00+00:00,6635.0,6685.8,6539.3,6552.3,0,0.0,False,2015-07-24 01:00:00,1.0,2015-07-24,True,False
2015-07-26 00:00:00+00:00,6548.9,6556.9,6544.5,6555.3,0,0.0,False,2015-07-26 01:00:00,1.0,2015-07-26,True,False
2015-07-27 00:00:00+00:00,6555.5,6587.8,6488.8,6506.2,0,0.0,False,2015-07-27 01:00:00,1.0,2015-07-27,True,False
2015-07-28 00:00:00+00:00,6506.0,6590.8,6496.4,6582.9,0,0.0,False,2015-07-28 01:00:00,1.0,2015-07-28,True,False
2015-07-29 00:00:00+00:00,6582.7,6647.0,6572.1,6629.3,0,0.0,False,2015-07-29 01:00:00,1.0,2015-07-29,True,False
2015-07-30 00:00:00+00:00,6630.1,6698.8,6627.9,6668.6,0,0.0,False,2015-07-30 01:00:00,1.0,2015-07-30,True,False
2015-07-31 00:00:00+00:00,6668.2,6709.0,6645.8,6693.6,0,0.0,False,2015-07-31 01:00:00,1.0,2015-07-31,True,False
2015-08-02 00:00:00+00:00,6686.6,6691.8,6683.0,6689.2,0,0.0,False,2015-08-02 01:00:00,1.0,2015-08-02,True,False
2015-08-03 00:00:00+00:00,6689.4,6711.3,6634.8,6664.6,0,0.0,False,2015-08-03 01:00:00,1.0,2015-08-03,True,False
2015-08-04 00:00:00+00:00,6664.0,6717.8,6642.3,6681.9,0,0.0,False,2015-08-04 01:00:00,1.0,2015-08-04,True,False
2015-08-05 00:00:00+00:00,6681.7,6765.8,6678.3,6715.1,0,0.0,False,2015-08-05 01:00:00,1.0,2015-08-05,True,False
2015-08-06 00:00:00+00:00,6714.9,6764.3,6704.0,6747.7,0,0.0,False,2015-08-06 01:00:00,1.0,2015-08-06,True,False
2015-08-07 00:00:00+00:00,6747.9,6756.1,6716.8,6732.4,0,0.0,False,2015-08-07 01:00:00,1.0,2015-08-07,True,False
2015-08-09 00:00:00+00:00,6731.4,6736.6,6725.2,6728.0,0,0.0,False,2015-08-09 01:00:00,1.0,2015-08-09,True,False
2015-08-10 00:00:00+00:00,6727.8,6764.0,6651.8,6744.7,0,0.0,False,2015-08-10 01:00:00,1.0,2015-08-10,True,False
2015-08-11 00:00:00+00:00,6744.9,6747.3,6650.3,6671.2,0,0.0,False,2015-08-11 01:00:00,1.0,2015-08-11,True,False
2015-08-12 00:00:00+00:00,6671.0,6684.4,6534.3,6585.9,0,0.0,False,2015-08-12 01:00:00,1.0,2015-08-12,True,False
2015-08-13 00:00:00+00:00,6586.1,6636.3,6550.8,6558.8,0,0.0,False,2015-08-13 01:00:00,1.0,2015-08-13,True,False
2015-08-14 00:00:00+00:00,6558.6,6602.3,6541.8,6588.5,0,0.0,False,2015-08-14 01:00:00,1.0,2015-08-14,True,False
2015-08-16 00:00:00+00:00,6590.1,6595.3,6587.7,6591.3,0,0.0,False,2015-08-16 01:00:00,1.0,2015-08-16,True,False
2015-08-17 00:00:00+00:00,6591.5,6597.1,6506.5,6564.8,0,0.0,False,2015-08-17 01:00:00,1.0,2015-08-17,True,False
2015-08-18 00:00:00+00:00,6565.4,6578.6,6503.8,6523.9,0,0.0,False,2015-08-18 01:00:00,1.0,2015-08-18,True,False
2015-08-19 00:00:00+00:00,6524.1,6531.3,6387.0,6394.0,0,0.0,False,2015-08-19 01:00:00,1.0,2015-08-19,True,False
2015-08-20 00:00:00+00:00,6394.4,6409.0,6285.8,6301.4,0,0.0,False,2015-08-20 01:00:00,1.0,2015-08-20,True,False
2015-08-21 00:00:00+00:00,6301.2,6344.3,6123.0,6143.8,0,0.0,False,2015-08-21 01:00:00,1.0,2015-08-21,True,False
2015-08-23 00:00:00+00:00,6120.8,6122.2,6094.0,6112.2,0,0.0,False,2015-08-23 01:00:00,1.0,2015-08-23,True,False
2015-08-24 00:00:00+00:00,6112.0,6122.8,5768.0,5866.6,0,0.0,False,2015-08-24 01:00:00,1.0,2015-08-24,True,False
2015-08-25 00:00:00+00:00,5866.2,6117.0,5851.0,5941.8,0,0.0,False,2015-08-25 01:00:00,1.0,2015-08-25,True,False
2015-08-26 00:00:00+00:00,5941.6,6096.3,5895.6,6077.3,0,0.0,False,2015-08-26 01:00:00,1.0,2015-08-26,True,False
2015-08-27 00:00:00+00:00,6076.7,6231.5,6069.3,6200.0,0,0.0,False,2015-08-27 01:00:00,1.0,2015-08-27,True,False
2015-08-28 00:00:00+00:00,6200.2,6259.3,6149.8,6237.7,0,0.0,False,2015-08-28 01:00:00,1.0,2015-08-28,True,False
2015-08-30 00:00:00+00:00,6227.5,6228.7,6148.7,6158.5,0,0.0,False,2015-08-30 01:00:00,1.0,2015-08-30,True,False
2015-08-31 00:00:00+00:00,6158.9,6241.9,6153.7,6196.5,0,0.0,False,2015-08-31 01:00:00,1.0,2015-08-31,True,False
2015-09-01 00:00:00+00:00,6196.7,6243.8,5985.0,6009.4,0,0.0,False,2015-09-01 01:00:00,1.0,2015-09-01,True,False
2015-09-02 00:00:00+00:00,6009.6,6164.3,6000.4,6151.2,0,0.0,False,2015-09-02 01:00:00,1.0,2015-09-02,True,False
2015-09-03 00:00:00+00:00,6151.0,6216.8,6116.0,6159.6,0,0.0,False,2015-09-03 01:00:00,1.0,2015-09-03,True,False
2015-09-04 00:00:00+00:00,6160.0,6161.4,6010.8,6045.5,0,0.0,False,2015-09-04 01:00:00,1.0,2015-09-04,True,False
2015-09-06 00:00:00+00:00,6008.5,6068.9,6007.7,6056.9,0,0.0,False,2015-09-06 01:00:00,1.0,2015-09-06,True,False
2015-09-07 00:00:00+00:00,6057.3,6126.3,6036.9,6074.0,0,0.0,False,2015-09-07 01:00:00,1.0,2015-09-07,True,False
2015-09-08 00:00:00+00:00,6074.4,6197.8,6067.1,6164.1,0,0.0,False,2015-09-08 01:00:00,1.0,2015-09-08,True,False
2015-09-09 00:00:00+00:00,6164.5,6298.3,6133.0,6141.6,0,0.0,False,2015-09-09 01:00:00,1.0,2015-09-09,True,False
2015-09-10 00:00:00+00:00,6141.4,6217.8,6124.8,6175.0,0,0.0,False,2015-09-10 01:00:00,1.0,2015-09-10,True,False
2015-09-11 00:00:00+00:00,6174.8,6194.4,6112.8,6161.3,0,0.0,False,2015-09-11 01:00:00,1.0,2015-09-11,True,False
2015-09-13 00:00:00+00:00,6169.3,6169.9,6160.3,6167.3,0,0.0,False,2015-09-13 01:00:00,1.0,2015-09-13,True,False
2015-09-14 00:00:00+00:00,6167.5,6200.1,6063.5,6100.7,0,0.0,False,2015-09-14 01:00:00,1.0,2015-09-14,True,False
2015-09-15 00:00:00+00:00,6100.9,6184.0,6017.5,6174.8,0,0.0,False,2015-09-15 01:00:00,1.0,2015-09-15,True,False
2015-09-16 00:00:00+00:00,6175.0,6266.9,6147.0,6259.6,0,0.0,False,2015-09-16 01:00:00,1.0,2015-09-16,True,False
2015-09-17 00:00:00+00:00,6259.8,6262.8,6146.5,6172.7,0,0.0,False,2015-09-17 01:00:00,1.0,2015-09-17,True,False
2015-09-18 00:00:00+00:00,6172.5,6187.3,6062.3,6106.4,0,0.0,False,2015-09-18 01:00:00,1.0,2015-09-18,True,False
2015-09-20 00:00:00+00:00,6107.8,6113.0,6082.8,6091.6,0,0.0,False,2015-09-20 01:00:00,1.0,2015-09-20,True,False
2015-09-21 00:00:00+00:00,6091.0,6169.8,6067.2,6116.3,0,0.0,False,2015-09-21 01:00:00,1.0,2015-09-21,True,False
2015-09-22 00:00:00+00:00,6116.5,6124.5,5927.8,5942.8,0,0.0,False,2015-09-22 01:00:00,1.0,2015-09-22,True,False
2015-09-23 00:00:00+00:00,5943.0,6069.0,5877.0,6034.1,0,0.0,False,2015-09-23 01:00:00,1.0,2015-09-23,True,False
2015-09-24 00:00:00+00:00,6034.3,6056.3,5945.8,6023.8,0,0.0,False,2015-09-24 01:00:00,1.0,2015-09-24,True,False
2015-09-25 00:00:00+00:00,6023.6,6133.0,6003.8,6073.0,0,0.0,False,2015-09-25 01:00:00,1.0,2015-09-25,True,False
2015-09-27 00:00:00+00:00,6056.6,6069.6,6039.0,6053.0,0,0.0,False,2015-09-27 01:00:00,1.0,2015-09-27,True,False
2015-09-28 00:00:00+00:00,6052.8,6100.8,5909.8,5944.4,0,0.0,False,2015-09-28 01:00:00,1.0,2015-09-28,True,False
2015-09-29 00:00:00+00:00,5944.6,5953.3,5873.0,5933.9,0,0.0,False,2015-09-29 01:00:00,1.0,2015-09-29,True,False
2015-09-30 00:00:00+00:00,5934.1,6082.3,5920.1,6061.8,0,0.0,False,2015-09-30 01:00:00,1.0,2015-09-30,True,False
2015-10-01 00:00:00+00:00,6061.6,6174.5,6034.0,6100.4,0,0.0,False,2015-10-01 01:00:00,1.0,2015-10-01,True,False
2015-10-02 00:00:00+00:00,6100.6,6238.6,6049.5,6235.8,0,0.0,False,2015-10-02 01:00:00,1.0,2015-10-02,True,False
2015-10-04 00:00:00+00:00,6226.6,6228.6,6202.0,6207.6,0,0.0,False,2015-10-04 01:00:00,1.0,2015-10-04,True,False
2015-10-05 00:00:00+00:00,6207.4,6343.2,6205.0,6315.0,0,0.0,False,2015-10-05 01:00:00,1.0,2015-10-05,True,False
2015-10-06 00:00:00+00:00,6315.2,6343.8,6253.3,6290.2,0,0.0,False,2015-10-06 01:00:00,1.0,2015-10-06,True,False
2015-10-07 00:00:00+00:00,6291.4,6396.3,6285.6,6369.4,0,0.0,False,2015-10-07 01:00:00,1.0,2015-10-07,True,False
2015-10-08 00:00:00+00:00,6369.6,6435.3,6301.5,6425.5,0,0.0,False,2015-10-08 01:00:00,1.0,2015-10-08,True,False
2015-10-09 00:00:00+00:00,6425.9,6453.5,6386.3,6408.8,0,0.0,False,2015-10-09 01:00:00,1.0,2015-10-09,True,False
2015-10-11 00:00:00+00:00,6397.8,6399.2,6392.4,6395.8,0,0.0,False,2015-10-11 01:00:00,1.0,2015-10-11,True,False
2015-10-12 00:00:00+00:00,6396.0,6412.8,6351.0,6376.9,0,0.0,False,2015-10-12 01:00:00,1.0,2015-10-12,True,False
2015-10-13 00:00:00+00:00,6376.7,6381.5,6279.4,6283.6,0,0.0,False,2015-10-13 01:00:00,1.0,2015-10-13,True,False
2015-10-14 00:00:00+00:00,6284.0,6316.5,6255.0,6268.6,0,0.0,False,2015-10-14 01:00:00,1.0,2015-10-14,True,False
2015-10-15 00:00:00+00:00,6268.4,6403.0,6265.2,6398.0,0,0.0,False,2015-10-15 01:00:00,1.0,2015-10-15,True,False
2015-10-16 00:00:00+00:00,6398.2,6407.3,6355.8,6389.6,0,0.0,False,2015-10-16 01:00:00,1.0,2015-10-16,True,False
2015-10-18 00:00:00+00:00,6382.2,6388.0,6381.2,6385.6,0,0.0,False,2015-10-18 01:00:00,1.0,2015-10-18,True,False
2015-10-19 00:00:00+00:00,6385.4,6408.5,6331.8,6350.2,0,0.0,False,2015-10-19 01:00:00,1.0,2015-10-19,True,False
2015-10-20 00:00:00+00:00,6350.6,6368.5,6318.3,6340.8,0,0.0,False,2015-10-20 01:00:00,1.0,2015-10-20,True,False
2015-10-21 00:00:00+00:00,6340.6,6387.8,6302.4,6309.4,0,0.0,False,2015-10-21 01:00:00,1.0,2015-10-21,True,False
2015-10-22 00:00:00+00:00,6309.2,6433.9,6303.2,6427.7,0,0.0,False,2015-10-22 01:00:00,1.0,2015-10-22,True,False
2015-10-23 00:00:00+00:00,6427.9,6488.5,6396.3,6440.9,0,0.0,False,2015-10-23 01:00:00,1.0,2015-10-23,True,False
2015-10-25 00:00:00+00:00,6440.1,6442.5,6435.7,6437.5,0,0.0,False,2015-10-25 01:00:00,1.0,2015-10-25,True,False
2015-10-26 00:00:00+00:00,6437.3,6453.0,6403.0,6415.4,0,0.0,False,2015-10-26 00:00:00,0.0,2015-10-26,True,False
2015-10-27 00:00:00+00:00,6415.6,6415.6,6356.8,6364.0,0,0.0,False,2015-10-27 00:00:00,0.0,2015-10-27,True,False
2015-10-28 00:00:00+00:00,6363.8,6456.3,6355.0,6445.0,0,0.0,False,2015-10-28 00:00:00,0.0,2015-10-28,True,False
2015-10-29 00:00:00+00:00,6445.2,6448.2,6356.3,6393.7,0,0.0,False,2015-10-29 00:00:00,0.0,2015-10-29,True,False
2015-10-30 00:00:00+00:00,6393.9,6415.3,6335.8,6340.0,0,0.0,False,2015-10-30 00:00:00,0.0,2015-10-30,True,False
2015-11-01 00:00:00+00:00,6334.3,6335.1,6310.1,6314.3,0,0.0,False,2015-11-01 00:00:00,0.0,2015-11-01,True,False
2015-11-02 00:00:00+00:00,6314.1,6402.8,6311.7,6383.2,0,0.0,False,2015-11-02 00:00:00,0.0,2015-11-02,True,False
2015-11-03 00:00:00+00:00,6383.4,6412.8,6343.3,6391.3,0,0.0,False,2015-11-03 00:00:00,0.0,2015-11-03,True,False
2015-11-04 00:00:00+00:00,6391.1,6459.8,6385.1,6392.3,0,0.0,False,2015-11-04 00:00:00,0.0,2015-11-04,True,False
2015-11-05 00:00:00+00:00,6392.1,6422.8,6356.0,6365.7,0,0.0,False,2015-11-05 00:00:00,0.0,2015-11-05,True,False
2015-11-06 00:00:00+00:00,6364.9,6396.3,6330.8,6372.9,0,0.0,False,2015-11-06 00:00:00,0.0,2015-11-06,True,False
2015-11-08 00:00:00+00:00,6366.9,6371.7,6360.7,6361.3,0,0.0,False,2015-11-08 00:00:00,0.0,2015-11-08,True,False
2015-11-09 00:00:00+00:00,6361.5,6381.8,6277.3,6305.4,0,0.0,False,2015-11-09 00:00:00,0.0,2015-11-09,True,False
2015-11-10 00:00:00+00:00,6305.6,6329.3,6247.8,6278.7,0,0.0,False,2015-11-10 00:00:00,0.0,2015-11-10,True,False
2015-11-11 00:00:00+00:00,6278.5,6327.3,6263.0,6265.8,0,0.0,False,2015-11-11 00:00:00,0.0,2015-11-11,True,False
2015-11-12 00:00:00+00:00,6266.4,6302.3,6133.0,6156.7,0,0.0,False,2015-11-12 00:00:00,0.0,2015-11-12,True,False
2015-11-13 00:00:00+00:00,6156.1,6164.8,6087.5,6099.8,0,0.0,False,2015-11-13 00:00:00,0.0,2015-11-13,True,False
2015-11-15 00:00:00+00:00,6058.8,6062.2,6010.4,6022.6,0,0.0,False,2015-11-15 00:00:00,0.0,2015-11-15,True,False
2015-11-16 00:00:00+00:00,6022.4,6233.0,6021.6,6216.6,0,0.0,False,2015-11-16 00:00:00,0.0,2015-11-16,True,False
2015-11-17 00:00:00+00:00,6216.4,6280.3,6208.9,6255.8,0,0.0,False,2015-11-17 00:00:00,0.0,2015-11-17,True,False
2015-11-18 00:00:00+00:00,6249.1,6323.3,6230.7,6313.3,0,0.0,False,2015-11-18 00:00:00,0.0,2015-11-18,True,False
2015-11-19 00:00:00+00:00,6313.3,6377.1,6310.5,6341.1,0,0.0,False,2015-11-19 00:00:00,0.0,2015-11-19,True,False
2015-11-20 00:00:00+00:00,6341.1,6367.1,6306.5,6309.0,0,0.0,False,2015-11-20 00:00:00,0.0,2015-11-20,True,False
2015-11-21 00:00:00+00:00,6309.0,6309.0,6309.0,6309.0,0,0.0,False,2015-11-21 00:00:00,0.0,2015-11-21,True,False
2015-11-22 00:00:00+00:00,6309.0,6309.0,6309.0,6309.0,0,0.0,False,2015-11-22 00:00:00,0.0,2015-11-22,True,False
2015-11-23 00:00:00+00:00,6309.0,6327.5,6265.5,6289.5,0,0.0,False,2015-11-23 00:00:00,0.0,2015-11-23,True,False
2015-11-24 00:00:00+00:00,6289.5,6323.8,6230.7,6316.3,0,0.0,False,2015-11-24 00:00:00,0.0,2015-11-24,True,False
2015-11-25 00:00:00+00:00,6316.3,6359.7,6299.2,6346.0,0,0.0,False,2015-11-25 00:00:00,0.0,2015-11-25,True,False
2015-11-26 00:00:00+00:00,6346.0,6410.9,6342.4,6393.1,0,0.0,False,2015-11-26 00:00:00,0.0,2015-11-26,True,False
2015-11-27 00:00:00+00:00,6393.1,6400.4,6354.0,6383.6,0,0.0,False,2015-11-27 00:00:00,0.0,2015-11-27,True,False
2015-11-28 00:00:00+00:00,6383.6,6383.6,6383.6,6383.6,0,0.0,False,2015-11-28 00:00:00,0.0,2015-11-28,True,False
2015-11-29 00:00:00+00:00,6383.6,6383.6,6383.6,6383.6,0,0.0,False,2015-11-29 00:00:00,0.0,2015-11-29,True,False
2015-11-30 00:00:00+00:00,6383.6,6398.9,6338.5,6364.1,0,0.0,False,2015-11-30 00:00:00,0.0,2015-11-30,True,False
2015-12-01 00:00:00+00:00,6364.1,6434.5,6364.1,6430.4,0,0.0,False,2015-12-01 00:00:00,0.0,2015-12-01,True,False
2015-12-02 00:00:00+00:00,6430.4,6458.9,6382.9,6393.9,0,0.0,False,2015-12-02 00:00:00,0.0,2015-12-02,True,False
2015-12-03 00:00:00+00:00,6393.9,6456.1,6208.7,6224.5,0,0.0,False,2015-12-03 00:00:00,0.0,2015-12-03,True,False
2015-12-04 00:00:00+00:00,6224.5,6305.3,6224.5,6297.6,0,0.0,False,2015-12-04 00:00:00,0.0,2015-12-04,True,False
2015-12-05 00:00:00+00:00,6297.6,6297.6,6297.6,6297.6,0,0.0,False,2015-12-05 00:00:00,0.0,2015-12-05,True,False
2015-12-06 00:00:00+00:00,6297.6,6297.6,6297.6,6297.6,0,0.0,False,2015-12-06 00:00:00,0.0,2015-12-06,True,False
2015-12-07 00:00:00+00:00,6297.6,6298.0,6217.8,6247.7,0,0.0,False,2015-12-07 00:00:00,0.0,2015-12-07,True,False
2015-12-08 00:00:00+00:00,6247.7,6265.8,6128.3,6148.0,0,0.0,False,2015-12-08 00:00:00,0.0,2015-12-08,True,False
2015-12-09 00:00:00+00:00,6148.0,6184.5,6057.2,6093.6,0,0.0,False,2015-12-09 00:00:00,0.0,2015-12-09,True,False
2015-12-10 00:00:00+00:00,6093.6,6134.9,6075.2,6080.7,0,0.0,False,2015-12-10 00:00:00,0.0,2015-12-10,True,False
2015-12-11 00:00:00+00:00,6080.7,6094.9,5926.5,5933.4,0,0.0,False,2015-12-11 00:00:00,0.0,2015-12-11,True,False
2015-12-12 00:00:00+00:00,5933.4,5933.4,5933.4,5933.4,0,0.0,False,2015-12-12 00:00:00,0.0,2015-12-12,True,False
2015-12-13 00:00:00+00:00,5933.4,5933.4,5933.4,5933.4,0,0.0,False,2015-12-13 00:00:00,0.0,2015-12-13,True,False
2015-12-14 00:00:00+00:00,5933.4,6017.6,5870.2,5952.2,0,0.0,False,2015-12-14 00:00:00,0.0,2015-12-14,True,False
2015-12-15 00:00:00+00:00,5952.2,6038.5,5922.2,6017.5,0,0.0,False,2015-12-15 00:00:00,0.0,2015-12-15,True,False
2015-12-16 00:00:00+00:00,6017.5,6156.3,6017.5,6139.3,0,0.0,False,2015-12-16 00:00:00,0.0,2015-12-16,True,False
2015-12-17 00:00:00+00:00,6139.3,6173.6,6099.5,6103.2,0,0.0,False,2015-12-17 00:00:00,0.0,2015-12-17,True,False
2015-12-18 00:00:00+00:00,6103.2,6113.3,6007.1,6007.1,0,0.0,False,2015-12-18 00:00:00,0.0,2015-12-18,True,False
2015-12-19 00:00:00+00:00,6007.1,6007.1,6007.1,6007.1,0,0.0,False,2015-12-19 00:00:00,0.0,2015-12-19,True,False
2015-12-20 00:00:00+00:00,6007.1,6007.1,6007.1,6007.1,0,0.0,False,2015-12-20 00:00:00,0.0,2015-12-20,True,False
2015-12-21 00:00:00+00:00,6007.1,6121.3,6001.5,6060.5,0,0.0,False,2015-12-21 00:00:00,0.0,2015-12-21,True,False
2015-12-22 00:00:00+00:00,6060.5,6137.7,6035.6,6130.4,0,0.0,False,2015-12-22 00:00:00,0.0,2015-12-22,True,False
2015-12-23 00:00:00+00:00,6130.4,6274.9,6126.1,6269.4,0,0.0,False,2015-12-23 00:00:00,0.0,2015-12-23,True,False
2015-12-24 00:00:00+00:00,6269.4,6272.7,6239.0,6264.9,0,0.0,False,2015-12-24 00:00:00,0.0,2015-12-24,True,False
2015-12-25 00:00:00+00:00,6264.9,6264.9,6264.9,6264.9,0,0.0,False,2015-12-25 00:00:00,0.0,2015-12-25,True,False
2015-12-26 00:00:00+00:00,6264.9,6264.9,6264.9,6264.9,0,0.0,False,2015-12-26 00:00:00,0.0,2015-12-26,True,False
2015-12-27 00:00:00+00:00,6264.9,6264.9,6264.9,6264.9,0,0.0,False,2015-12-27 00:00:00,0.0,2015-12-27,True,False
2015-12-28 00:00:00+00:00,6264.9,6264.9,6264.9,6264.9,0,0.0,False,2015-12-28 00:00:00,0.0,2015-12-28,True,False
2015-12-29 00:00:00+00:00,6264.9,6331.3,6234.4,6315.9,0,0.0,False,2015-12-29 00:00:00,0.0,2015-12-29,True,False
2015-12-30 00:00:00+00:00,6315.9,6316.3,6259.3,6267.9,0,0.0,False,2015-12-30 00:00:00,0.0,2015-12-30,True,False
2015-12-31 00:00:00+00:00,6267.9,6274.8,6237.6,6254.1,0,0.0,False,2015-12-31 00:00:00,0.0,2015-12-31,True,False
2016-01-01 00:00:00+00:00,6254.1,6254.1,6254.1,6254.1,0,0.0,False,2016-01-01 00:00:00,0.0,2016-01-01,True,False
2016-01-02 00:00:00+00:00,6254.1,6254.1,6254.1,6254.1,0,0.0,False,2016-01-02 00:00:00,0.0,2016-01-02,True,False
2016-01-03 00:00:00+00:00,6254.1,6254.1,6254.1,6254.1,0,0.0,False,2016-01-03 00:00:00,0.0,2016-01-03,True,False
2016-01-04 00:00:00+00:00,6254.1,6254.1,6071.1,6146.1,0,0.0,False,2016-01-04 00:00:00,0.0,2016-01-04,True,False
2016-01-05 00:00:00+00:00,6146.1,6174.1,6081.9,6157.8,0,0.0,False,2016-01-05 00:00:00,0.0,2016-01-05,True,False
2016-01-06 00:00:00+00:00,6157.8,6157.8,6016.2,6053.8,0,0.0,False,2016-01-06 00:00:00,0.0,2016-01-06,True,False
2016-01-07 00:00:00+00:00,6053.8,6070.5,5879.3,5891.0,0,0.0,False,2016-01-07 00:00:00,0.0,2016-01-07,True,False
2016-01-08 00:00:00+00:00,5891.0,6015.4,5880.3,5893.6,0,0.0,False,2016-01-08 00:00:00,0.0,2016-01-08,True,False
2016-01-09 00:00:00+00:00,5893.6,5893.6,5893.6,5893.6,0,0.0,False,2016-01-09 00:00:00,0.0,2016-01-09,True,False
2016-01-10 00:00:00+00:00,5893.6,5893.6,5893.6,5893.6,0,0.0,False,2016-01-10 00:00:00,0.0,2016-01-10,True,False
2016-01-11 00:00:00+00:00,5893.6,5943.9,5842.9,5905.7,0,0.0,False,2016-01-11 00:00:00,0.0,2016-01-11,True,False
2016-01-12 00:00:00+00:00,5905.7,5987.9,5860.4,5945.7,0,0.0,False,2016-01-12 00:00:00,0.0,2016-01-12,True,False
2016-01-13 00:00:00+00:00,5945.7,6010.9,5834.4,5846.3,0,0.0,False,2016-01-13 00:00:00,0.0,2016-01-13,True,False
2016-01-14 00:00:00+00:00,5846.3,6000.4,5825.2,5969.6,0,0.0,False,2016-01-14 00:00:00,0.0,2016-01-14,True,False
2016-01-15 00:00:00+00:00,5969.6,5969.6,5736.6,5786.3,0,0.0,False,2016-01-15 00:00:00,0.0,2016-01-15,True,False
2016-01-16 00:00:00+00:00,5786.3,5786.3,5786.3,5786.3,0,0.0,False,2016-01-16 00:00:00,0.0,2016-01-16,True,False
2016-01-17 00:00:00+00:00,5786.3,5786.3,5786.3,5786.3,0,0.0,False,2016-01-17 00:00:00,0.0,2016-01-17,True,False
2016-01-18 00:00:00+00:00,5786.3,5852.7,5764.7,5775.9,0,0.0,False,2016-01-18 00:00:00,0.0,2016-01-18,True,False
2016-01-19 00:00:00+00:00,5775.9,5919.3,5775.9,5850.3,0,0.0,False,2016-01-19 00:00:00,0.0,2016-01-19,True,False
2016-01-20 00:00:00+00:00,5850.3,5850.3,5600.5,5720.0,0,0.0,False,2016-01-20 00:00:00,0.0,2016-01-20,True,False
2016-01-21 00:00:00+00:00,5720.0,5823.5,5658.5,5776.5,0,0.0,False,2016-01-21 00:00:00,0.0,2016-01-21,True,False
2016-01-22 00:00:00+00:00,5776.5,5941.5,5776.5,5932.5,0,0.0,False,2016-01-22 00:00:00,0.0,2016-01-22,True,False
2016-01-23 00:00:00+00:00,5932.5,5932.5,5932.5,5932.5,0,0.0,False,2016-01-23 00:00:00,0.0,2016-01-23,True,False
2016-01-24 00:00:00+00:00,5932.5,5932.5,5932.5,5932.5,0,0.0,False,2016-01-24 00:00:00,0.0,2016-01-24,True,False
2016-01-25 00:00:00+00:00,5932.5,5944.0,5834.5,5836.5,0,0.0,False,2016-01-25 00:00:00,0.0,2016-01-25,True,False
2016-01-26 00:00:00+00:00,5836.5,5942.5,5770.5,5936.0,0,0.0,False,2016-01-26 00:00:00,0.0,2016-01-26,True,False
2016-01-27 00:00:00+00:00,5936.0,6027.5,5870.5,5932.0,0,0.0,False,2016-01-27 00:00:00,0.0,2016-01-27,True,False
2016-01-28 00:00:00+00:00,5932.0,6021.5,5887.5,5949.5,0,0.0,False,2016-01-28 00:00:00,0.0,2016-01-28,True,False
2016-01-29 00:00:00+00:00,5949.5,6129.0,5949.5,6125.5,0,0.0,False,2016-01-29 00:00:00,0.0,2016-01-29,True,False
2016-01-30 00:00:00+00:00,6125.5,6125.5,6125.5,6125.5,0,0.0,False,2016-01-30 00:00:00,0.0,2016-01-30,True,False
2016-01-31 00:00:00+00:00,6125.5,6125.5,6125.5,6125.5,0,0.0,False,2016-01-31 00:00:00,0.0,2016-01-31,True,False
2016-02-01 00:00:00+00:00,6125.5,6125.5,5992.5,6060.0,0,0.0,False,2016-02-01 00:00:00,0.0,2016-02-01,True,False
2016-02-02 00:00:00+00:00,6060.0,6060.0,5867.5,5882.0,0,0.0,False,2016-02-02 00:00:00,0.0,2016-02-02,True,False
2016-02-03 00:00:00+00:00,5882.0,5922.5,5789.5,5898.5,0,0.0,False,2016-02-03 00:00:00,0.0,2016-02-03,True,False
2016-02-04 00:00:00+00:00,5936.5,5946.5,5829.5,5909.5,0,0.0,False,2016-02-04 00:00:00,0.0,2016-02-04,True,False
2016-02-05 00:00:00+00:00,5899.5,5945.5,5822.0,5846.0,0,0.0,False,2016-02-05 00:00:00,0.0,2016-02-05,True,False
2016-02-08 00:00:00+00:00,5880.0,5886.5,5657.5,5715.0,0,0.0,False,2016-02-08 00:00:00,0.0,2016-02-08,True,False
2016-02-09 00:00:00+00:00,5677.5,5740.5,5594.0,5654.0,0,0.0,False,2016-02-09 00:00:00,0.0,2016-02-09,True,False
2016-02-10 00:00:00+00:00,5643.0,5713.5,5614.5,5633.5,0,0.0,False,2016-02-10 00:00:00,0.0,2016-02-10,True,False
2016-02-11 00:00:00+00:00,5624.0,5628.5,5494.5,5569.0,0,0.0,False,2016-02-11 00:00:00,0.0,2016-02-11,True,False
2016-02-12 00:00:00+00:00,5570.5,5732.5,5562.0,5732.0,0,0.0,False,2016-02-12 00:00:00,0.0,2016-02-12,True,False
2016-02-15 00:00:00+00:00,5732.0,5844.5,5732.0,5809.5,0,0.0,False,2016-02-15 00:00:00,0.0,2016-02-15,True,False
2016-02-16 00:00:00+00:00,5847.5,5901.5,5810.5,5897.5,0,0.0,False,2016-02-16 00:00:00,0.0,2016-02-16,True,False
2016-02-17 00:00:00+00:00,5878.5,6054.5,5864.5,6035.5,0,0.0,False,2016-02-17 00:00:00,0.0,2016-02-17,True,False
2016-02-18 00:00:00+00:00,6036.5,6036.5,5948.5,5965.0,0,0.0,False,2016-02-18 00:00:00,0.0,2016-02-18,True,False
2016-02-19 00:00:00+00:00,5965.0,6003.0,5915.5,5947.0,0,0.0,False,2016-02-19 00:00:00,0.0,2016-02-19,True,False
2016-02-22 00:00:00+00:00,5950.0,6066.5,5950.0,6035.5,0,0.0,False,2016-02-22 00:00:00,0.0,2016-02-22,True,False
2016-02-23 00:00:00+00:00,5998.5,6024.5,5950.5,5950.5,0,0.0,False,2016-02-23 00:00:00,0.0,2016-02-23,True,False
2016-02-24 00:00:00+00:00,5950.5,5963.5,5844.0,5950.0,0,0.0,False,2016-02-24 00:00:00,0.0,2016-02-24,True,False
2016-02-25 00:00:00+00:00,5950.0,6051.5,5913.5,6051.0,0,0.0,False,2016-02-25 00:00:00,0.0,2016-02-25,True,False
2016-02-26 00:00:00+00:00,6053.0,6116.5,6052.0,6080.0,0,0.0,False,2016-02-26 00:00:00,0.0,2016-02-26,True,False
2016-02-29 00:00:00+00:00,6050.0,6106.5,6033.5,6047.5,0,0.0,False,2016-02-29 00:00:00,0.0,2016-02-29,True,False
2016-03-01 00:00:00+00:00,6056.0,6184.0,6056.0,6179.5,0,0.0,False,2016-03-01 00:00:00,0.0,2016-03-01,True,False
2016-03-02 00:00:00+00:00,6206.8,6210.5,6098.3,6153.8,0,0.0,False,2016-03-02 00:00:00,0.0,2016-03-02,True,False
2016-03-03 00:00:00+00:00,6153.8,6173.0,6106.8,6156.0,0,0.0,False,2016-03-03 00:00:00,0.0,2016-03-03,True,False
2016-03-04 00:00:00+00:00,6154.8,6220.0,6149.8,6180.8,0,0.0,False,2016-03-04 00:00:00,0.0,2016-03-04,True,False
2016-03-07 00:00:00+00:00,6173.8,6214.8,6123.8,6176.3,0,0.0,False,2016-03-07 00:00:00,0.0,2016-03-07,True,False
2016-03-08 00:00:00+00:00,6176.3,6176.5,6101.5,6119.3,0,0.0,False,2016-03-08 00:00:00,0.0,2016-03-08,True,False
2016-03-09 00:00:00+00:00,6134.0,6176.3,6117.3,6148.8,0,0.0,False,2016-03-09 00:00:00,0.0,2016-03-09,True,False
2016-03-10 00:00:00+00:00,6147.3,6204.8,6006.8,6066.3,0,0.0,False,2016-03-10 00:00:00,0.0,2016-03-10,True,False
2016-03-11 00:00:00+00:00,6130.0,6165.3,6112.8,6162.8,0,0.0,False,2016-03-11 00:00:00,0.0,2016-03-11,True,False
2016-03-14 00:00:00+00:00,6146.5,6199.0,6141.0,6169.8,0,0.0,False,2016-03-14 00:00:00,0.0,2016-03-14,True,False
2016-03-15 00:00:00+00:00,6149.0,6159.8,6114.0,6159.3,0,0.0,False,2016-03-15 00:00:00,0.0,2016-03-15,True,False
2016-03-16 00:00:00+00:00,6160.5,6193.3,6134.3,6187.0,0,0.0,False,2016-03-16 00:00:00,0.0,2016-03-16,True,False
2016-03-17 00:00:00+00:00,6187.0,6227.3,6122.5,6200.3,0,0.0,False,2016-03-17 00:00:00,0.0,2016-03-17,True,False
2016-03-18 00:00:00+00:00,6200.3,6237.1,6170.3,6181.0,0,0.0,False,2016-03-18 00:00:00,0.0,2016-03-18,True,False
2016-03-21 00:00:00+00:00,6167.3,6214.8,6150.3,6192.3,0,0.0,False,2016-03-21 00:00:00,0.0,2016-03-21,True,False
2016-03-22 00:00:00+00:00,6184.3,6199.5,6107.5,6186.3,0,0.0,False,2016-03-22 00:00:00,0.0,2016-03-22,True,False
2016-03-23 00:00:00+00:00,6177.3,6217.3,6163.0,6171.8,0,0.0,False,2016-03-23 00:00:00,0.0,2016-03-23,True,False
2016-03-24 00:00:00+00:00,6171.8,6171.8,6088.8,6146.8,0,0.0,False,2016-03-24 00:00:00,0.0,2016-03-24,True,False
2016-03-29 00:00:00+00:00,6146.8,6158.8,6067.3,6140.8,0,0.0,False,2016-03-29 01:00:00,1.0,2016-03-29,True,False
2016-03-30 00:00:00+00:00,6140.8,6220.3,6140.8,6200.5,0,0.0,False,2016-03-30 01:00:00,1.0,2016-03-30,True,False
2016-03-31 00:00:00+00:00,6186.3,6195.3,6147.8,6154.3,0,0.0,False,2016-03-31 01:00:00,1.0,2016-03-31,True,False
2016-04-01 00:00:00+00:00,6154.3,6162.8,6074.8,6154.1,0,0.0,False,2016-04-01 01:00:00,1.0,2016-04-01,True,False
2016-04-04 00:00:00+00:00,6154.1,6203.8,6127.3,6163.0,0,0.0,False,2016-04-04 01:00:00,1.0,2016-04-04,True,False
2016-04-05 00:00:00+00:00,6163.0,6163.0,6060.8,6076.5,0,0.0,False,2016-04-05 01:00:00,1.0,2016-04-05,True,False
2016-04-06 00:00:00+00:00,6076.5,6188.5,6076.5,6186.8,0,0.0,False,2016-04-06 01:00:00,1.0,2016-04-06,True,False
2016-04-07 00:00:00+00:00,6186.8,6203.8,6106.5,6122.0,0,0.0,False,2016-04-07 01:00:00,1.0,2016-04-07,True,False
2016-04-08 00:00:00+00:00,6122.0,6216.8,6122.0,6198.8,0,0.0,False,2016-04-08 01:00:00,1.0,2016-04-08,True,False
2016-04-11 00:00:00+00:00,6198.8,6229.0,6162.8,6177.3,0,0.0,False,2016-04-11 01:00:00,1.0,2016-04-11,True,False
2016-04-12 00:00:00+00:00,6176.3,6263.5,6174.3,6255.5,0,0.0,False,2016-04-12 01:00:00,1.0,2016-04-12,True,False
2016-04-13 00:00:00+00:00,6255.5,6375.3,6255.5,6366.8,0,0.0,False,2016-04-13 01:00:00,1.0,2016-04-13,True,False
2016-04-14 00:00:00+00:00,6366.8,6377.3,6334.8,6361.3,0,0.0,False,2016-04-14 01:00:00,1.0,2016-04-14,True,False
2016-04-15 00:00:00+00:00,6361.3,6374.3,6328.3,6331.3,0,0.0,False,2016-04-15 01:00:00,1.0,2016-04-15,True,False
2016-04-18 00:00:00+00:00,6331.3,6357.8,6260.3,6352.3,0,0.0,False,2016-04-18 01:00:00,1.0,2016-04-18,True,False
2016-04-19 00:00:00+00:00,6352.3,6417.3,6352.3,6409.8,0,0.0,False,2016-04-19 01:00:00,1.0,2016-04-19,True,False
2016-04-20 00:00:00+00:00,6409.8,6431.8,6365.8,6412.8,0,0.0,False,2016-04-20 01:00:00,1.0,2016-04-20,True,False
2016-04-21 00:00:00+00:00,6412.8,6433.0,6346.8,6357.5,0,0.0,False,2016-04-21 01:00:00,1.0,2016-04-21,True,False
2016-04-22 00:00:00+00:00,6357.5,6370.0,6287.3,6323.0,0,0.0,False,2016-04-22 01:00:00,1.0,2016-04-22,True,False
2016-04-25 00:00:00+00:00,6323.0,6323.0,6248.5,6277.8,0,0.0,False,2016-04-25 01:00:00,1.0,2016-04-25,True,False
2016-04-26 00:00:00+00:00,6277.8,6298.8,6266.3,6291.0,0,0.0,False,2016-04-26 01:00:00,1.0,2016-04-26,True,False
2016-04-27 00:00:00+00:00,6291.0,6344.0,6253.8,6326.3,0,0.0,False,2016-04-27 01:00:00,1.0,2016-04-27,True,False
2016-04-28 00:00:00+00:00,6326.3,6326.3,6222.3,6267.3,0,0.0,False,2016-04-28 01:00:00,1.0,2016-04-28,True,False
2016-04-29 00:00:00+00:00,6267.3,6294.3,6231.8,6258.0,0,0.0,False,2016-04-29 01:00:00,1.0,2016-04-29,True,False
2016-05-03 00:00:00+00:00,6258.0,6283.5,6158.3,6189.5,0,0.0,False,2016-05-03 01:00:00,1.0,2016-05-03,True,False
2016-05-04 00:00:00+00:00,6189.5,6196.5,6098.5,6119.5,0,0.0,False,2016-05-04 01:00:00,1.0,2016-05-04,True,False
2016-05-05 00:00:00+00:00,6119.5,6154.8,6100.3,6118.0,0,0.0,False,2016-05-05 01:00:00,1.0,2016-05-05,True,False
2016-05-06 00:00:00+00:00,6118.0,6158.8,6053.8,6157.5,0,0.0,False,2016-05-06 01:00:00,1.0,2016-05-06,True,False
2016-05-09 00:00:00+00:00,6157.5,6179.8,6107.8,6121.8,0,0.0,False,2016-05-09 01:00:00,1.0,2016-05-09,True,False
2016-05-10 00:00:00+00:00,6121.8,6182.5,6114.8,6167.5,0,0.0,False,2016-05-10 01:00:00,1.0,2016-05-10,True,False
2016-05-11 00:00:00+00:00,6167.5,6173.8,6130.8,6140.5,0,0.0,False,2016-05-11 01:00:00,1.0,2016-05-11,True,False
2016-05-12 00:00:00+00:00,6140.5,6196.3,6090.3,6120.3,0,0.0,False,2016-05-12 01:00:00,1.0,2016-05-12,True,False
2016-05-13 00:00:00+00:00,6120.3,6144.8,6060.3,6099.5,0,0.0,False,2016-05-13 01:00:00,1.0,2016-05-13,True,False
2016-05-16 00:00:00+00:00,6121.5,6179.3,6090.3,6175.8,0,0.0,False,2016-05-16 01:00:00,1.0,2016-05-16,True,False
2016-05-17 00:00:00+00:00,6174.5,6217.3,6129.8,6137.0,0,0.0,False,2016-05-17 01:00:00,1.0,2016-05-17,True,False
2016-05-18 00:00:00+00:00,6146.0,6173.3,6112.5,6142.0,0,0.0,False,2016-05-18 01:00:00,1.0,2016-05-18,True,False
2016-05-19 00:00:00+00:00,6110.3,6122.8,6049.5,6084.8,0,0.0,False,2016-05-19 01:00:00,1.0,2016-05-19,True,False
2016-05-20 00:00:00+00:00,6084.8,6159.8,6084.8,6154.3,0,0.0,False,2016-05-20 01:00:00,1.0,2016-05-20,True,False
2016-05-23 00:00:00+00:00,6157.3,6174.3,6121.8,6136.5,0,0.0,False,2016-05-23 01:00:00,1.0,2016-05-23,True,False
2016-05-24 00:00:00+00:00,6136.8,6243.0,6108.0,6237.8,0,0.0,False,2016-05-24 01:00:00,1.0,2016-05-24,True,False
2016-05-25 00:00:00+00:00,6266.3,6278.8,6246.3,6272.0,0,0.0,False,2016-05-25 01:00:00,1.0,2016-05-25,True,False
2016-05-26 00:00:00+00:00,6259.5,6282.3,6244.8,6258.8,0,0.0,False,2016-05-26 01:00:00,1.0,2016-05-26,True,False
2016-05-27 00:00:00+00:00,6258.8,6277.8,6250.3,6263.8,0,0.0,False,2016-05-27 01:00:00,1.0,2016-05-27,True,False
2016-05-31 00:00:00+00:00,6263.8,6291.8,6208.3,6224.0,0,0.0,False,2016-05-31 01:00:00,1.0,2016-05-31,True,False
2016-06-01 00:00:00+00:00,6221.3,6228.3,6149.8,6207.0,0,0.0,False,2016-06-01 01:00:00,1.0,2016-06-01,True,False
2016-06-02 00:00:00+00:00,6182.5,6221.8,6172.3,6220.3,0,0.0,False,2016-06-02 01:00:00,1.0,2016-06-02,True,False
2016-06-03 00:00:00+00:00,6220.3,6253.3,6168.0,6235.0,0,0.0,False,2016-06-03 01:00:00,1.0,2016-06-03,True,False
2016-06-06 00:00:00+00:00,6237.3,6302.8,6228.0,6272.3,0,0.0,False,2016-06-06 01:00:00,1.0,2016-06-06,True,False
2016-06-07 00:00:00+00:00,6278.5,6323.8,6264.8,6269.0,0,0.0,False,2016-06-07 01:00:00,1.0,2016-06-07,True,False
2016-06-08 00:00:00+00:00,6269.0,6308.3,6261.8,6300.3,0,0.0,False,2016-06-08 01:00:00,1.0,2016-06-08,True,False
2016-06-09 00:00:00+00:00,6300.3,6300.3,6218.3,6229.0,0,0.0,False,2016-06-09 01:00:00,1.0,2016-06-09,True,False
2016-06-10 00:00:00+00:00,6229.0,6229.0,6078.3,6091.5,0,0.0,False,2016-06-10 01:00:00,1.0,2016-06-10,True,False
2016-06-13 00:00:00+00:00,6066.8,6103.8,6016.3,6036.0,0,0.0,False,2016-06-13 01:00:00,1.0,2016-06-13,True,False
2016-06-14 00:00:00+00:00,6042.0,6043.3,5906.3,5936.0,0,0.0,False,2016-06-14 01:00:00,1.0,2016-06-14,True,False
2016-06-15 00:00:00+00:00,5938.5,6008.0,5933.3,5951.5,0,0.0,False,2016-06-15 01:00:00,1.0,2016-06-15,True,False
2016-06-16 00:00:00+00:00,5917.3,5995.5,5895.0,5987.8,0,0.0,False,2016-06-16 01:00:00,1.0,2016-06-16,True,False
2016-06-17 00:00:00+00:00,6004.8,6057.3,5971.3,6053.5,0,0.0,False,2016-06-17 01:00:00,1.0,2016-06-17,True,False
2016-06-20 00:00:00+00:00,6053.5,6239.8,6053.5,6157.8,0,0.0,False,2016-06-20 01:00:00,1.0,2016-06-20,True,False
2016-06-21 00:00:00+00:00,6157.0,6282.8,6156.3,6248.3,0,0.0,False,2016-06-21 01:00:00,1.0,2016-06-21,True,False
2016-06-22 00:00:00+00:00,6261.3,6318.8,6222.8,6258.3,0,0.0,False,2016-06-22 01:00:00,1.0,2016-06-22,True,False
2016-06-23 00:00:00+00:00,6258.3,6380.3,6258.3,6353.8,0,0.0,False,2016-06-23 01:00:00,1.0,2016-06-23,True,False
2016-06-24 00:00:00+00:00,6353.8,6353.8,5727.3,6055.8,0,0.0,False,2016-06-24 01:00:00,1.0,2016-06-24,True,False
2016-06-27 00:00:00+00:00,6055.8,6129.8,5956.3,6007.8,0,0.0,False,2016-06-27 01:00:00,1.0,2016-06-27,True,False
2016-06-28 00:00:00+00:00,6007.8,6203.8,6007.8,6203.3,0,0.0,False,2016-06-28 01:00:00,1.0,2016-06-28,True,False
2016-06-29 00:00:00+00:00,6207.3,6379.5,6202.8,6344.3,0,0.0,False,2016-06-29 01:00:00,1.0,2016-06-29,True,False
2016-06-30 00:00:00+00:00,6359.5,6585.0,6309.3,6563.3,0,0.0,False,2016-06-30 01:00:00,1.0,2016-06-30,True,False
2016-07-01 00:00:00+00:00,6543.5,6615.8,6501.3,6585.5,0,0.0,False,2016-07-01 01:00:00,1.0,2016-07-01,True,False
2016-07-04 00:00:00+00:00,6585.5,6628.0,6513.3,6549.5,0,0.0,False,2016-07-04 01:00:00,1.0,2016-07-04,True,False
2016-07-05 00:00:00+00:00,6549.5,6563.8,6472.5,6550.0,0,0.0,False,2016-07-05 01:00:00,1.0,2016-07-05,True,False
2016-07-06 00:00:00+00:00,6550.0,6581.8,6431.3,6546.5,0,0.0,False,2016-07-06 01:00:00,1.0,2016-07-06,True,False
2016-07-07 00:00:00+00:00,6546.5,6579.8,6504.0,6532.8,0,0.0,False,2016-07-07 01:00:00,1.0,2016-07-07,True,False
2016-07-08 00:00:00+00:00,6532.8,6606.0,6514.8,6595.0,0,0.0,False,2016-07-08 01:00:00,1.0,2016-07-08,True,False
2016-07-11 00:00:00+00:00,6595.0,6696.0,6595.0,6667.3,0,0.0,False,2016-07-11 01:00:00,1.0,2016-07-11,True,False
2016-07-12 00:00:00+00:00,6667.3,6703.8,6664.0,6667.0,0,0.0,False,2016-07-12 01:00:00,1.0,2016-07-12,True,False
2016-07-13 00:00:00+00:00,6667.0,6718.0,6649.5,6686.0,0,0.0,False,2016-07-13 01:00:00,1.0,2016-07-13,True,False
2016-07-14 00:00:00+00:00,6686.0,6744.5,6647.3,6661.8,0,0.0,False,2016-07-14 01:00:00,1.0,2016-07-14,True,False
2016-07-15 00:00:00+00:00,6636.8,6678.3,6610.3,6667.0,0,0.0,False,2016-07-15 01:00:00,1.0,2016-07-15,True,False
2016-07-18 00:00:00+00:00,6666.5,6715.5,6666.5,6695.0,0,0.0,False,2016-07-18 01:00:00,1.0,2016-07-18,True,False
2016-07-19 00:00:00+00:00,6695.0,6710.8,6658.5,6703.8,0,0.0,False,2016-07-19 01:00:00,1.0,2016-07-19,True,False
2016-07-20 00:00:00+00:00,6703.8,6737.3,6691.5,6699.8,0,0.0,False,2016-07-20 01:00:00,1.0,2016-07-20,True,False
2016-07-21 00:00:00+00:00,6699.8,6732.5,6677.8,6683.8,0,0.0,False,2016-07-21 01:00:00,1.0,2016-07-21,True,False
2016-07-22 00:00:00+00:00,6683.8,6738.8,6662.8,6731.5,0,0.0,False,2016-07-22 01:00:00,1.0,2016-07-22,True,False
2016-07-25 00:00:00+00:00,6731.5,6757.3,6691.0,6711.8,0,0.0,False,2016-07-25 01:00:00,1.0,2016-07-25,True,False
2016-07-26 00:00:00+00:00,6711.8,6746.0,6707.5,6733.8,0,0.0,False,2016-07-26 01:00:00,1.0,2016-07-26,True,False
2016-07-27 00:00:00+00:00,6733.8,6779.8,6728.6,6735.3,0,0.0,False,2016-07-27 01:00:00,1.0,2016-07-27,True,False
2016-07-28 00:00:00+00:00,6735.3,6763.3,6711.3,6733.8,0,0.0,False,2016-07-28 01:00:00,1.0,2016-07-28,True,False
2016-07-29 00:00:00+00:00,6733.8,6742.5,6690.5,6729.5,0,0.0,False,2016-07-29 01:00:00,1.0,2016-07-29,True,False
2016-08-01 00:00:00+00:00,6729.5,6770.3,6665.5,6672.5,0,0.0,False,2016-08-01 01:00:00,1.0,2016-08-01,True,False
2016-08-02 00:00:00+00:00,6672.5,6689.0,6630.3,6658.0,0,0.0,False,2016-08-02 01:00:00,1.0,2016-08-02,True,False
2016-08-03 00:00:00+00:00,6658.0,6676.3,6618.3,6644.3,0,0.0,False,2016-08-03 01:00:00,1.0,2016-08-03,True,False
2016-08-04 00:00:00+00:00,6644.3,6761.8,6611.8,6759.0,0,0.0,False,2016-08-04 01:00:00,1.0,2016-08-04,True,False
2016-08-05 00:00:00+00:00,6759.0,6803.8,6738.3,6793.3,0,0.0,False,2016-08-05 01:00:00,1.0,2016-08-05,True,False
2016-08-08 00:00:00+00:00,6793.3,6829.8,6781.0,6814.5,0,0.0,False,2016-08-08 01:00:00,1.0,2016-08-08,True,False
2016-08-09 00:00:00+00:00,6814.5,6864.3,6807.8,6837.0,0,0.0,False,2016-08-09 01:00:00,1.0,2016-08-09,True,False
2016-08-10 00:00:00+00:00,6837.0,6866.3,6810.5,6815.5,0,0.0,False,2016-08-10 01:00:00,1.0,2016-08-10,True,False
2016-08-11 00:00:00+00:00,6815.5,6918.3,6815.5,6903.8,0,0.0,False,2016-08-11 01:00:00,1.0,2016-08-11,True,False
2016-08-12 00:00:00+00:00,6903.8,6931.8,6895.8,6909.3,0,0.0,False,2016-08-12 01:00:00,1.0,2016-08-12,True,False
2016-08-15 00:00:00+00:00,6909.3,6956.5,6909.3,6938.5,0,0.0,False,2016-08-15 01:00:00,1.0,2016-08-15,True,False
2016-08-16 00:00:00+00:00,6938.5,6941.3,6888.8,6894.0,0,0.0,False,2016-08-16 01:00:00,1.0,2016-08-16,True,False
2016-08-17 00:00:00+00:00,6894.0,6919.8,6848.3,6896.0,0,0.0,False,2016-08-17 01:00:00,1.0,2016-08-17,True,False
2016-08-18 00:00:00+00:00,6896.0,6896.0,6847.6,6876.0,0,0.0,False,2016-08-18 01:00:00,1.0,2016-08-18,True,False
2016-08-19 00:00:00+00:00,6876.0,6876.0,6840.3,6860.5,0,0.0,False,2016-08-19 01:00:00,1.0,2016-08-19,True,False
2016-08-22 00:00:00+00:00,6860.5,6885.8,6811.0,6841.3,0,0.0,False,2016-08-22 01:00:00,1.0,2016-08-22,True,False
2016-08-23 00:00:00+00:00,6842.0,6884.8,6842.0,6856.3,0,0.0,False,2016-08-23 01:00:00,1.0,2016-08-23,True,False
2016-08-24 00:00:00+00:00,6856.3,6867.3,6811.8,6820.5,0,0.0,False,2016-08-24 01:00:00,1.0,2016-08-24,True,False
2016-08-25 00:00:00+00:00,6820.5,6827.5,6778.0,6808.0,0,0.0,False,2016-08-25 01:00:00,1.0,2016-08-25,True,False
2016-08-26 00:00:00+00:00,6808.0,6857.5,6769.3,6798.0,0,0.0,False,2016-08-26 01:00:00,1.0,2016-08-26,True,False
2016-08-30 00:00:00+00:00,6798.0,6852.0,6798.0,6826.0,0,0.0,False,2016-08-30 01:00:00,1.0,2016-08-30,True,False
2016-08-31 00:00:00+00:00,6826.0,6831.8,6763.3,6786.5,0,0.0,False,2016-08-31 01:00:00,1.0,2016-08-31,True,False
2016-09-01 00:00:00+00:00,6786.5,6827.3,6722.3,6771.8,0,0.0,False,2016-09-01 01:00:00,1.0,2016-09-01,True,False
2016-09-02 00:00:00+00:00,6771.8,6929.8,6754.3,6901.3,0,0.0,False,2016-09-02 01:00:00,1.0,2016-09-02,True,False
2016-09-05 00:00:00+00:00,6901.3,6923.5,6867.3,6884.3,0,0.0,False,2016-09-05 01:00:00,1.0,2016-09-05,True,False
2016-09-06 00:00:00+00:00,6884.3,6897.0,6816.8,6836.3,0,0.0,False,2016-09-06 01:00:00,1.0,2016-09-06,True,False
2016-09-07 00:00:00+00:00,6836.3,6855.8,6813.0,6838.8,0,0.0,False,2016-09-07 01:00:00,1.0,2016-09-07,True,False
2016-09-08 00:00:00+00:00,6838.8,6889.0,6819.0,6861.3,0,0.0,False,2016-09-08 01:00:00,1.0,2016-09-08,True,False
2016-09-09 00:00:00+00:00,6861.3,6861.3,6732.0,6732.0,0,0.0,False,2016-09-09 01:00:00,1.0,2016-09-09,True,False
2016-09-12 00:00:00+00:00,6732.0,6766.0,6655.0,6764.8,0,0.0,False,2016-09-12 01:00:00,1.0,2016-09-12,True,False
2016-09-13 00:00:00+00:00,6764.8,6764.8,6647.0,6666.8,0,0.0,False,2016-09-13 01:00:00,1.0,2016-09-13,True,False
2016-09-14 00:00:00+00:00,6667.3,6721.0,6654.3,6665.5,0,0.0,False,2016-09-14 01:00:00,1.0,2016-09-14,True,False
2016-09-15 00:00:00+00:00,6665.5,6751.3,6653.0,6740.8,0,0.0,False,2016-09-15 01:00:00,1.0,2016-09-15,True,False
2016-09-16 00:00:00+00:00,6741.0,6748.8,6692.8,6741.5,0,0.0,False,2016-09-16 01:00:00,1.0,2016-09-16,True,False
2016-09-19 00:00:00+00:00,6741.5,6819.0,6741.5,6789.5,0,0.0,False,2016-09-19 01:00:00,1.0,2016-09-19,True,False
2016-09-20 00:00:00+00:00,6789.5,6870.3,6789.5,6822.8,0,0.0,False,2016-09-20 01:00:00,1.0,2016-09-20,True,False
2016-09-21 00:00:00+00:00,6822.8,6880.8,6818.3,6865.9,0,0.0,False,2016-09-21 01:00:00,1.0,2016-09-21,True,False
2016-09-22 00:00:00+00:00,6866.3,6939.4,6861.4,6909.3,0,0.0,False,2016-09-22 01:00:00,1.0,2016-09-22,True,False
2016-09-23 00:00:00+00:00,6909.3,6922.8,6884.3,6898.5,0,0.0,False,2016-09-23 01:00:00,1.0,2016-09-23,True,False
2016-09-26 00:00:00+00:00,6881.0,6884.0,6803.8,6819.3,0,0.0,False,2016-09-26 01:00:00,1.0,2016-09-26,True,False
2016-09-27 00:00:00+00:00,6862.3,6869.3,6767.3,6822.8,0,0.0,False,2016-09-27 01:00:00,1.0,2016-09-27,True,False
2016-09-28 00:00:00+00:00,6815.3,6904.3,6806.0,6899.0,0,0.0,False,2016-09-28 01:00:00,1.0,2016-09-28,True,False
2016-09-29 00:00:00+00:00,6899.0,6941.8,6851.5,6868.8,0,0.0,False,2016-09-29 01:00:00,1.0,2016-09-29,True,False
2016-09-30 00:00:00+00:00,6852.5,6922.0,6809.0,6903.0,0,0.0,False,2016-09-30 01:00:00,1.0,2016-09-30,True,False
2016-10-03 00:00:00+00:00,6907.0,6996.8,6896.5,6967.5,0,0.0,False,2016-10-03 01:00:00,1.0,2016-10-03,True,False
2016-10-04 00:00:00+00:00,6978.3,7128.8,6974.5,7051.3,0,0.0,False,2016-10-04 01:00:00,1.0,2016-10-04,True,False
2016-10-05 00:00:00+00:00,7062.5,7082.0,7023.8,7040.5,0,0.0,False,2016-10-05 01:00:00,1.0,2016-10-05,True,False
2016-10-06 00:00:00+00:00,7041.3,7058.8,6999.0,7033.0,0,0.0,False,2016-10-06 01:00:00,1.0,2016-10-06,True,False
2016-10-07 00:00:00+00:00,7051.3,7080.0,7012.3,7055.8,0,0.0,False,2016-10-07 01:00:00,1.0,2016-10-07,True,False
2016-10-10 00:00:00+00:00,7055.8,7104.8,7023.8,7098.0,0,0.0,False,2016-10-10 01:00:00,1.0,2016-10-10,True,False
2016-10-11 00:00:00+00:00,7080.0,7130.0,7053.8,7080.3,0,0.0,False,2016-10-11 01:00:00,1.0,2016-10-11,True,False
2016-10-12 00:00:00+00:00,7066.8,7079.5,7015.3,7043.0,0,0.0,False,2016-10-12 01:00:00,1.0,2016-10-12,True,False
2016-10-13 00:00:00+00:00,6997.5,7012.3,6928.5,6997.3,0,0.0,False,2016-10-13 01:00:00,1.0,2016-10-13,True,False
2016-10-14 00:00:00+00:00,7007.8,7055.8,6990.0,7013.5,0,0.0,False,2016-10-14 01:00:00,1.0,2016-10-14,True,False
2016-10-17 00:00:00+00:00,6996.0,7002.8,6935.8,6949.8,0,0.0,False,2016-10-17 01:00:00,1.0,2016-10-17,True,False
2016-10-18 00:00:00+00:00,6970.8,7028.0,6969.3,7003.8,0,0.0,False,2016-10-18 01:00:00,1.0,2016-10-18,True,False
2016-10-19 00:00:00+00:00,7007.5,7033.8,6974.2,7021.5,0,0.0,False,2016-10-19 01:00:00,1.0,2016-10-19,True,False
2016-10-20 00:00:00+00:00,7026.8,7047.8,6996.8,7028.3,0,0.0,False,2016-10-20 01:00:00,1.0,2016-10-20,True,False
2016-10-21 00:00:00+00:00,7016.5,7058.3,7010.3,7037.8,0,0.0,False,2016-10-21 01:00:00,1.0,2016-10-21,True,False
2016-10-24 00:00:00+00:00,7038.5,7068.8,6980.8,6996.0,0,0.0,False,2016-10-24 01:00:00,1.0,2016-10-24,True,False
2016-10-25 00:00:00+00:00,7008.3,7067.8,7001.3,7009.8,0,0.0,False,2016-10-25 01:00:00,1.0,2016-10-25,True,False
2016-10-26 00:00:00+00:00,7001.3,7003.8,6915.3,6942.3,0,0.0,False,2016-10-26 01:00:00,1.0,2016-10-26,True,False
2016-10-27 00:00:00+00:00,6942.3,7011.3,6923.3,6978.8,0,0.0,False,2016-10-27 01:00:00,1.0,2016-10-27,True,False
2016-10-28 00:00:00+00:00,6978.8,7007.5,6924.5,6957.8,0,0.0,False,2016-10-28 01:00:00,1.0,2016-10-28,True,False
2016-10-31 00:00:00+00:00,6957.8,6980.8,6930.0,6941.8,0,0.0,False,2016-10-31 00:00:00,0.0,2016-10-31,True,False
2016-11-01 00:00:00+00:00,6964.5,6992.8,6879.3,6901.8,0,0.0,False,2016-11-01 00:00:00,0.0,2016-11-01,True,False
2016-11-02 00:00:00+00:00,6901.8,6902.8,6827.3,6845.3,0,0.0,False,2016-11-02 00:00:00,0.0,2016-11-02,True,False
2016-11-03 00:00:00+00:00,6845.3,6873.0,6750.3,6761.3,0,0.0,False,2016-11-03 00:00:00,0.0,2016-11-03,True,False
2016-11-04 00:00:00+00:00,6761.3,6774.0,6655.5,6658.5,0,0.0,False,2016-11-04 00:00:00,0.0,2016-11-04,True,False
2016-11-07 00:00:00+00:00,6772.8,6815.0,6758.8,6813.8,0,0.0,False,2016-11-07 00:00:00,0.0,2016-11-07,True,False
2016-11-08 00:00:00+00:00,6813.8,6876.5,6789.3,6864.3,0,0.0,False,2016-11-08 00:00:00,0.0,2016-11-08,True,False
2016-11-09 00:00:00+00:00,6864.3,6953.8,6609.8,6927.5,0,0.0,False,2016-11-09 00:00:00,0.0,2016-11-09,True,False
2016-11-10 00:00:00+00:00,6927.5,6999.0,6798.5,6831.5,0,0.0,False,2016-11-10 00:00:00,0.0,2016-11-10,True,False
2016-11-11 00:00:00+00:00,6836.0,6853.3,6707.8,6739.5,0,0.0,False,2016-11-11 00:00:00,0.0,2016-11-11,True,False
2016-11-14 00:00:00+00:00,6782.8,6815.8,6731.8,6769.8,0,0.0,False,2016-11-14 00:00:00,0.0,2016-11-14,True,False
2016-11-15 00:00:00+00:00,6771.8,6822.3,6764.8,6819.3,0,0.0,False,2016-11-15 00:00:00,0.0,2016-11-15,True,False
2016-11-16 00:00:00+00:00,6819.3,6822.5,6733.0,6755.8,0,0.0,False,2016-11-16 00:00:00,0.0,2016-11-16,True,False
2016-11-17 00:00:00+00:00,6763.0,6807.8,6743.8,6807.5,0,0.0,False,2016-11-17 00:00:00,0.0,2016-11-17,True,False
2016-11-18 00:00:00+00:00,6803.5,6812.0,6738.8,6772.0,0,0.0,False,2016-11-18 00:00:00,0.0,2016-11-18,True,False
2016-11-21 00:00:00+00:00,6790.8,6822.8,6752.7,6794.5,0,0.0,False,2016-11-21 00:00:00,0.0,2016-11-21,True,False
2016-11-22 00:00:00+00:00,6823.0,6853.3,6810.5,6848.0,0,0.0,False,2016-11-22 00:00:00,0.0,2016-11-22,True,False
2016-11-23 00:00:00+00:00,6851.5,6882.0,6778.5,6832.5,0,0.0,False,2016-11-23 00:00:00,0.0,2016-11-23,True,False
2016-11-24 00:00:00+00:00,6821.8,6838.0,6789.8,6824.0,0,0.0,False,2016-11-24 00:00:00,0.0,2016-11-24,True,False
2016-11-25 00:00:00+00:00,6829.8,6852.0,6816.5,6838.0,0,0.0,False,2016-11-25 00:00:00,0.0,2016-11-25,True,False
2016-11-28 00:00:00+00:00,6834.3,6835.8,6767.3,6780.8,0,0.0,False,2016-11-28 00:00:00,0.0,2016-11-28,True,False
2016-11-29 00:00:00+00:00,6789.3,6800.0,6728.8,6773.5,0,0.0,False,2016-11-29 00:00:00,0.0,2016-11-29,True,False
2016-11-30 00:00:00+00:00,6772.0,6847.3,6764.8,6768.5,0,0.0,False,2016-11-30 00:00:00,0.0,2016-11-30,True,False
2016-12-01 00:00:00+00:00,6769.8,6785.8,6686.8,6726.0,0,0.0,False,2016-12-01 00:00:00,0.0,2016-12-01,True,False
2016-12-02 00:00:00+00:00,6710.3,6746.5,6678.3,6712.0,0,0.0,False,2016-12-02 00:00:00,0.0,2016-12-02,True,False
2016-12-05 00:00:00+00:00,6685.8,6802.0,6683.8,6756.8,0,0.0,False,2016-12-05 00:00:00,0.0,2016-12-05,True,False
2016-12-06 00:00:00+00:00,6752.0,6815.5,6721.8,6808.0,0,0.0,False,2016-12-06 00:00:00,0.0,2016-12-06,True,False
2016-12-07 00:00:00+00:00,6820.3,6941.0,6812.0,6931.8,0,0.0,False,2016-12-07 00:00:00,0.0,2016-12-07,True,False
2016-12-08 00:00:00+00:00,6915.8,6950.8,6891.8,6932.5,0,0.0,False,2016-12-08 00:00:00,0.0,2016-12-08,True,False
2016-12-09 00:00:00+00:00,6933.3,6978.3,6928.5,6975.5,0,0.0,False,2016-12-09 00:00:00,0.0,2016-12-09,True,False
2016-12-12 00:00:00+00:00,6972.8,6974.8,6869.3,6884.8,0,0.0,False,2016-12-12 00:00:00,0.0,2016-12-12,True,False
2016-12-13 00:00:00+00:00,6885.0,6981.3,6876.3,6970.5,0,0.0,False,2016-12-13 00:00:00,0.0,2016-12-13,True,False
2016-12-14 00:00:00+00:00,6964.8,6987.8,6927.5,6938.3,0,0.0,False,2016-12-14 00:00:00,0.0,2016-12-14,True,False
2016-12-15 00:00:00+00:00,6948.3,7012.8,6927.8,7001.5,0,0.0,False,2016-12-15 00:00:00,0.0,2016-12-15,True,False
2016-12-16 00:00:00+00:00,7005.0,7038.8,6980.8,7002.3,0,0.0,False,2016-12-16 00:00:00,0.0,2016-12-16,True,False
2016-12-19 00:00:00+00:00,7026.0,7027.3,6986.5,7003.0,0,0.0,False,2016-12-19 00:00:00,0.0,2016-12-19,True,False
2016-12-20 00:00:00+00:00,7010.0,7046.8,6994.0,7034.3,0,0.0,False,2016-12-20 00:00:00,0.0,2016-12-20,True,False
2016-12-21 00:00:00+00:00,7033.0,7056.3,7025.0,7033.3,0,0.0,False,2016-12-21 00:00:00,0.0,2016-12-21,True,False
2016-12-22 00:00:00+00:00,7023.8,7065.3,7018.8,7046.3,0,0.0,False,2016-12-22 00:00:00,0.0,2016-12-22,True,False
2016-12-23 00:00:00+00:00,7055.0,7073.0,7053.8,7067.0,0,0.0,False,2016-12-23 00:00:00,0.0,2016-12-23,True,False
2016-12-28 00:00:00+00:00,7075.8,7111.3,7070.8,7075.5,0,0.0,False,2016-12-28 00:00:00,0.0,2016-12-28,True,False
2016-12-29 00:00:00+00:00,7080.3,7122.3,7073.5,7092.5,0,0.0,False,2016-12-29 00:00:00,0.0,2016-12-29,True,False
2016-12-30 00:00:00+00:00,7111.5,7137.0,7085.5,7120.8,0,0.0,False,2016-12-30 00:00:00,0.0,2016-12-30,True,False
2017-01-03 00:00:00+00:00,7161.8,7204.0,7157.8,7184.8,0,0.0,False,2017-01-03 00:00:00,0.0,2017-01-03,True,False
2017-01-04 00:00:00+00:00,7192.8,7201.8,7167.8,7200.0,0,0.0,False,2017-01-04 00:00:00,0.0,2017-01-04,True,False
2017-01-05 00:00:00+00:00,7181.8,7211.8,7171.3,7199.5,0,0.0,False,2017-01-05 00:00:00,0.0,2017-01-05,True,False
2017-01-06 00:00:00+00:00,7198.8,7227.3,7179.5,7220.0,0,0.0,False,2017-01-06 00:00:00,0.0,2017-01-06,True,False
2017-01-09 00:00:00+00:00,7216.1,7244.3,7206.8,7236.3,0,0.0,False,2017-01-09 00:00:00,0.0,2017-01-09,True,False
2017-01-10 00:00:00+00:00,7237.0,7286.8,7222.5,7270.3,0,0.0,False,2017-01-10 00:00:00,0.0,2017-01-10,True,False
2017-01-11 00:00:00+00:00,7270.3,7329.3,7257.5,7305.8,0,0.0,False,2017-01-11 00:00:00,0.0,2017-01-11,True,False
2017-01-12 00:00:00+00:00,7304.6,7331.3,7264.3,7322.5,0,0.0,False,2017-01-12 00:00:00,0.0,2017-01-12,True,False
2017-01-13 00:00:00+00:00,7325.5,7340.8,7307.3,7332.8,0,0.0,False,2017-01-13 00:00:00,0.0,2017-01-13,True,False
2017-01-16 00:00:00+00:00,7330.3,7362.5,7319.5,7326.3,0,0.0,False,2017-01-16 00:00:00,0.0,2017-01-16,True,False
2017-01-17 00:00:00+00:00,7326.3,7328.5,7217.3,7222.3,0,0.0,False,2017-01-17 00:00:00,0.0,2017-01-17,True,False
2017-01-18 00:00:00+00:00,7222.3,7258.8,7214.5,7251.5,0,0.0,False,2017-01-18 00:00:00,0.0,2017-01-18,True,False
2017-01-19 00:00:00+00:00,7250.3,7260.8,7190.8,7209.5,0,0.0,False,2017-01-19 00:00:00,0.0,2017-01-19,True,False
2017-01-20 00:00:00+00:00,7208.0,7223.3,7177.3,7195.5,0,0.0,False,2017-01-20 00:00:00,0.0,2017-01-20,True,False
2017-01-23 00:00:00+00:00,7194.8,7197.5,7129.8,7174.5,0,0.0,False,2017-01-23 00:00:00,0.0,2017-01-23,True,False
2017-01-24 00:00:00+00:00,7173.0,7186.8,7144.5,7174.5,0,0.0,False,2017-01-24 00:00:00,0.0,2017-01-24,True,False
2017-01-25 00:00:00+00:00,7175.3,7206.3,7153.3,7173.0,0,0.0,False,2017-01-25 00:00:00,0.0,2017-01-25,True,False
2017-01-26 00:00:00+00:00,7172.3,7192.8,7150.8,7166.8,0,0.0,False,2017-01-26 00:00:00,0.0,2017-01-26,True,False
2017-01-27 00:00:00+00:00,7164.1,7186.8,7150.8,7172.5,0,0.0,False,2017-01-27 00:00:00,0.0,2017-01-27,True,False
2017-01-30 00:00:00+00:00,7147.3,7160.5,7104.8,7140.8,0,0.0,False,2017-01-30 00:00:00,0.0,2017-01-30,True,False
2017-01-31 00:00:00+00:00,7140.0,7163.3,7096.3,7133.3,0,0.0,False,2017-01-31 00:00:00,0.0,2017-01-31,True,False
2017-02-01 00:00:00+00:00,7133.3,7170.3,7098.3,7119.3,0,0.0,False,2017-02-01 00:00:00,0.0,2017-02-01,True,False
2017-02-02 00:00:00+00:00,7120.0,7164.5,7090.5,7153.3,0,0.0,False,2017-02-02 00:00:00,0.0,2017-02-02,True,False
2017-02-03 00:00:00+00:00,7152.5,7202.8,7128.8,7195.0,0,0.0,False,2017-02-03 00:00:00,0.0,2017-02-03,True,False
2017-02-06 00:00:00+00:00,7196.3,7209.8,7163.8,7177.3,0,0.0,False,2017-02-06 00:00:00,0.0,2017-02-06,True,False
2017-02-07 00:00:00+00:00,7176.5,7227.3,7161.8,7174.3,0,0.0,False,2017-02-07 00:00:00,0.0,2017-02-07,True,False
2017-02-08 00:00:00+00:00,7174.3,7197.0,7145.3,7190.5,0,0.0,False,2017-02-08 00:00:00,0.0,2017-02-08,True,False
2017-02-09 00:00:00+00:00,7188.5,7243.3,7182.0,7240.5,0,0.0,False,2017-02-09 00:00:00,0.0,2017-02-09,True,False
2017-02-10 00:00:00+00:00,7240.5,7275.3,7235.3,7267.8,0,0.0,False,2017-02-10 00:00:00,0.0,2017-02-10,True,False
2017-02-13 00:00:00+00:00,7272.5,7299.8,7257.0,7284.8,0,0.0,False,2017-02-13 00:00:00,0.0,2017-02-13,True,False
2017-02-14 00:00:00+00:00,7284.8,7298.3,7251.3,7293.0,0,0.0,False,2017-02-14 00:00:00,0.0,2017-02-14,True,False
2017-02-15 00:00:00+00:00,7290.5,7332.8,7284.3,7327.1,0,0.0,False,2017-02-15 00:00:00,0.0,2017-02-15,True,False
2017-02-16 00:00:00+00:00,7298.8,7299.5,7259.0,7283.8,0,0.0,False,2017-02-16 00:00:00,0.0,2017-02-16,True,False
2017-02-17 00:00:00+00:00,7280.8,7316.0,7252.3,7311.5,0,0.0,False,2017-02-17 00:00:00,0.0,2017-02-17,True,False
2017-02-20 00:00:00+00:00,7307.0,7323.3,7281.8,7298.8,0,0.0,False,2017-02-20 00:00:00,0.0,2017-02-20,True,False
2017-02-21 00:00:00+00:00,7298.8,7303.3,7268.0,7284.0,0,0.0,False,2017-02-21 00:00:00,0.0,2017-02-21,True,False
2017-02-22 00:00:00+00:00,7283.3,7316.5,7272.8,7314.3,0,0.0,False,2017-02-22 00:00:00,0.0,2017-02-22,True,False
2017-02-23 00:00:00+00:00,7287.5,7310.8,7262.8,7278.0,0,0.0,False,2017-02-23 00:00:00,0.0,2017-02-23,True,False
2017-02-24 00:00:00+00:00,7275.0,7278.5,7192.5,7260.3,0,0.0,False,2017-02-24 00:00:00,0.0,2017-02-24,True,False
2017-02-27 00:00:00+00:00,7259.3,7285.5,7238.3,7264.5,0,0.0,False,2017-02-27 00:00:00,0.0,2017-02-27,True,False
2017-02-28 00:00:00+00:00,7264.5,7285.8,7245.0,7280.0,0,0.0,False,2017-02-28 00:00:00,0.0,2017-02-28,True,False
2017-03-01 00:00:00+00:00,7276.3,7398.3,7268.3,7379.5,0,0.0,False,2017-03-01 00:00:00,0.0,2017-03-01,True,False
2017-03-02 00:00:00+00:00,7377.8,7394.3,7371.0,7382.5,0,0.0,False,2017-03-02 00:00:00,0.0,2017-03-02,True,False
2017-03-03 00:00:00+00:00,7379.5,7385.8,7351.8,7367.3,0,0.0,False,2017-03-03 00:00:00,0.0,2017-03-03,True,False
2017-03-06 00:00:00+00:00,7363.3,7367.0,7336.8,7352.8,0,0.0,False,2017-03-06 00:00:00,0.0,2017-03-06,True,False
2017-03-07 00:00:00+00:00,7353.9,7369.3,7330.5,7330.5,0,0.0,False,2017-03-07 00:00:00,0.0,2017-03-07,True,False
2017-03-08 00:00:00+00:00,7329.0,7355.3,7314.3,7321.3,0,0.0,False,2017-03-08 00:00:00,0.0,2017-03-08,True,False
2017-03-09 00:00:00+00:00,7317.8,7327.3,7262.0,7326.5,0,0.0,False,2017-03-09 00:00:00,0.0,2017-03-09,True,False
2017-03-10 00:00:00+00:00,7325.8,7373.0,7321.8,7352.0,0,0.0,False,2017-03-10 00:00:00,0.0,2017-03-10,True,False
2017-03-12 00:00:00+00:00,7346.3,7352.8,7346.3,7352.0,0,0.0,False,2017-03-12 00:00:00,0.0,2017-03-12,True,False
2017-03-13 00:00:00+00:00,7351.6,7379.3,7337.8,7376.0,0,0.0,False,2017-03-13 00:00:00,0.0,2017-03-13,True,False
2017-03-14 00:00:00+00:00,7376.8,7391.3,7339.8,7363.3,0,0.0,False,2017-03-14 00:00:00,0.0,2017-03-14,True,False
2017-03-15 00:00:00+00:00,7362.5,7397.8,7357.8,7387.9,0,0.0,False,2017-03-15 00:00:00,0.0,2017-03-15,True,False
2017-03-16 00:00:00+00:00,7387.1,7444.0,7384.3,7420.3,0,0.0,False,2017-03-16 00:00:00,0.0,2017-03-16,True,False
2017-03-17 00:00:00+00:00,7420.6,7448.3,7403.5,7423.5,0,0.0,False,2017-03-17 00:00:00,0.0,2017-03-17,True,False
2017-03-19 00:00:00+00:00,7424.3,7425.8,7417.0,7419.3,0,0.0,False,2017-03-19 00:00:00,0.0,2017-03-19,True,False
2017-03-20 00:00:00+00:00,7418.5,7435.3,7400.8,7419.8,0,0.0,False,2017-03-20 00:00:00,0.0,2017-03-20,True,False
2017-03-21 00:00:00+00:00,7419.0,7441.3,7343.3,7348.0,0,0.0,False,2017-03-21 00:00:00,0.0,2017-03-21,True,False
2017-03-22 00:00:00+00:00,7347.2,7348.7,7301.8,7339.1,0,0.0,False,2017-03-22 00:00:00,0.0,2017-03-22,True,False
2017-03-23 00:00:00+00:00,7339.9,7346.0,7305.8,7335.0,0,0.0,False,2017-03-23 00:00:00,0.0,2017-03-23,True,False
2017-03-24 00:00:00+00:00,7334.2,7353.3,7310.0,7333.8,0,0.0,False,2017-03-24 00:00:00,0.0,2017-03-24,True,False
2017-03-27 00:00:00+00:00,7316.8,7320.8,7254.3,7313.2,0,0.0,False,2017-03-27 01:00:00,1.0,2017-03-27,True,False
2017-03-28 00:00:00+00:00,7314.8,7365.3,7285.0,7352.0,0,0.0,False,2017-03-28 01:00:00,1.0,2017-03-28,True,False
2017-03-29 00:00:00+00:00,7352.0,7384.3,7311.8,7375.2,0,0.0,False,2017-03-29 01:00:00,1.0,2017-03-29,True,False
2017-03-30 00:00:00+00:00,7370.4,7387.8,7339.5,7364.6,0,0.0,False,2017-03-30 01:00:00,1.0,2017-03-30,True,False
2017-03-31 00:00:00+00:00,7364.6,7365.3,7325.0,7332.3,0,0.0,False,2017-03-31 01:00:00,1.0,2017-03-31,True,False
2017-04-03 00:00:00+00:00,7336.9,7353.3,7260.8,7309.7,0,0.0,False,2017-04-03 01:00:00,1.0,2017-04-03,True,False
2017-04-04 00:00:00+00:00,7308.0,7349.2,7292.8,7349.2,0,0.0,False,2017-04-04 01:00:00,1.0,2017-04-04,True,False
2017-04-05 00:00:00+00:00,7349.6,7363.8,7282.3,7287.9,0,0.0,False,2017-04-05 01:00:00,1.0,2017-04-05,True,False
2017-04-06 00:00:00+00:00,7276.3,7322.3,7253.3,7304.8,0,0.0,False,2017-04-06 01:00:00,1.0,2017-04-06,True,False
2017-04-07 00:00:00+00:00,7304.8,7358.8,7265.5,7355.0,0,0.0,False,2017-04-07 01:00:00,1.0,2017-04-07,True,False
2017-04-10 00:00:00+00:00,7355.0,7362.8,7335.8,7353.1,0,0.0,False,2017-04-10 01:00:00,1.0,2017-04-10,True,False
2017-04-11 00:00:00+00:00,7353.1,7408.3,7330.8,7392.0,0,0.0,False,2017-04-11 01:00:00,1.0,2017-04-11,True,False
2017-04-12 00:00:00+00:00,7391.2,7402.8,7333.6,7333.6,0,0.0,False,2017-04-12 01:00:00,1.0,2017-04-12,True,False
2017-04-13 00:00:00+00:00,7332.9,7349.0,7297.8,7309.9,0,0.0,False,2017-04-13 01:00:00,1.0,2017-04-13,True,False
2017-04-17 00:00:00+00:00,7302.9,7344.9,7293.6,7339.5,0,0.0,False,2017-04-17 01:00:00,1.0,2017-04-17,True,False
2017-04-18 00:00:00+00:00,7338.7,7345.8,7111.0,7135.0,0,0.0,False,2017-04-18 01:00:00,1.0,2017-04-18,True,False
2017-04-19 00:00:00+00:00,7133.5,7152.3,7093.3,7098.6,0,0.0,False,2017-04-19 01:00:00,1.0,2017-04-19,True,False
2017-04-20 00:00:00+00:00,7097.2,7128.3,7092.6,7114.5,0,0.0,False,2017-04-20 01:00:00,1.0,2017-04-20,True,False
2017-04-21 00:00:00+00:00,7114.5,7135.3,7103.8,7120.3,0,0.0,False,2017-04-21 01:00:00,1.0,2017-04-21,True,False
2017-04-24 00:00:00+00:00,7195.4,7281.3,7144.0,7264.7,0,0.0,False,2017-04-24 01:00:00,1.0,2017-04-24,True,False
2017-04-25 00:00:00+00:00,7263.1,7290.3,7257.3,7274.9,0,0.0,False,2017-04-25 01:00:00,1.0,2017-04-25,True,False
2017-04-26 00:00:00+00:00,7272.6,7303.8,7256.3,7256.3,0,0.0,False,2017-04-26 01:00:00,1.0,2017-04-26,True,False
2017-04-27 00:00:00+00:00,7250.5,7269.3,7225.0,7256.1,0,0.0,False,2017-04-27 01:00:00,1.0,2017-04-27,True,False
2017-04-28 00:00:00+00:00,7253.0,7253.8,7195.8,7197.8,0,0.0,False,2017-04-28 01:00:00,1.0,2017-04-28,True,False
2017-05-01 00:00:00+00:00,7197.0,7197.0,7186.9,7191.0,0,0.0,False,2017-05-01 01:00:00,1.0,2017-05-01,True,False
2017-05-02 00:00:00+00:00,7218.0,7264.8,7212.3,7251.8,0,0.0,False,2017-05-02 01:00:00,1.0,2017-05-02,True,False
2017-05-03 00:00:00+00:00,7248.7,7256.8,7219.3,7248.9,0,0.0,False,2017-05-03 01:00:00,1.0,2017-05-03,True,False
2017-05-04 00:00:00+00:00,7244.3,7281.3,7225.3,7260.3,0,0.0,False,2017-05-04 01:00:00,1.0,2017-05-04,True,False
2017-05-05 00:00:00+00:00,7259.5,7313.8,7225.3,7312.3,0,0.0,False,2017-05-05 01:00:00,1.0,2017-05-05,True,False
2017-05-08 00:00:00+00:00,7330.1,7333.0,7282.3,7308.5,0,0.0,False,2017-05-08 01:00:00,1.0,2017-05-08,True,False
2017-05-09 00:00:00+00:00,7307.8,7361.8,7299.3,7344.5,0,0.0,False,2017-05-09 01:00:00,1.0,2017-05-09,True,False
2017-05-10 00:00:00+00:00,7341.4,7398.3,7321.5,7385.1,0,0.0,False,2017-05-10 01:00:00,1.0,2017-05-10,True,False
2017-05-11 00:00:00+00:00,7373.4,7400.4,7368.0,7392.6,0,0.0,False,2017-05-11 01:00:00,1.0,2017-05-11,True,False
2017-05-12 00:00:00+00:00,7394.2,7439.8,7381.8,7439.0,0,0.0,False,2017-05-12 01:00:00,1.0,2017-05-12,True,False
2017-05-15 00:00:00+00:00,7441.3,7468.5,7433.0,7468.5,0,0.0,False,2017-05-15 01:00:00,1.0,2017-05-15,True,False
2017-05-16 00:00:00+00:00,7466.9,7533.8,7449.8,7518.4,0,0.0,False,2017-05-16 01:00:00,1.0,2017-05-16,True,False
2017-05-17 00:00:00+00:00,7514.5,7533.3,7447.9,7451.0,0,0.0,False,2017-05-17 01:00:00,1.0,2017-05-17,True,False
2017-05-18 00:00:00+00:00,7428.7,7484.8,7387.8,7464.2,0,0.0,False,2017-05-18 01:00:00,1.0,2017-05-18,True,False
2017-05-19 00:00:00+00:00,7464.9,7489.8,7453.8,7488.5,0,0.0,False,2017-05-19 01:00:00,1.0,2017-05-19,True,False
2017-05-22 00:00:00+00:00,7496.3,7519.3,7482.3,7513.4,0,0.0,False,2017-05-22 01:00:00,1.0,2017-05-22,True,False
2017-05-23 00:00:00+00:00,7511.8,7521.8,7479.3,7506.0,0,0.0,False,2017-05-23 01:00:00,1.0,2017-05-23,True,False
2017-05-24 00:00:00+00:00,7498.7,7524.7,7474.3,7523.5,0,0.0,False,2017-05-24 01:00:00,1.0,2017-05-24,True,False
2017-05-25 00:00:00+00:00,7520.4,7540.5,7496.3,7521.5,0,0.0,False,2017-05-25 01:00:00,1.0,2017-05-25,True,False
2017-05-26 00:00:00+00:00,7520.7,7555.3,7509.8,7545.8,0,0.0,False,2017-05-26 01:00:00,1.0,2017-05-26,True,False
2017-05-30 00:00:00+00:00,7547.1,7553.0,7496.5,7527.7,0,0.0,False,2017-05-30 01:00:00,1.0,2017-05-30,True,False
2017-05-31 00:00:00+00:00,7525.4,7586.8,7514.8,7541.4,0,0.0,False,2017-05-31 01:00:00,1.0,2017-05-31,True,False
2017-06-01 00:00:00+00:00,7532.0,7577.9,7526.2,7574.8,0,0.0,False,2017-06-01 01:00:00,1.0,2017-06-01,True,False
2017-06-02 00:00:00+00:00,7574.8,7599.5,7539.3,7570.8,0,0.0,False,2017-06-02 01:00:00,1.0,2017-06-02,True,False
2017-06-05 00:00:00+00:00,7568.7,7568.7,7519.3,7545.2,0,0.0,False,2017-06-05 01:00:00,1.0,2017-06-05,True,False
2017-06-06 00:00:00+00:00,7542.9,7544.5,7502.0,7528.9,0,0.0,False,2017-06-06 01:00:00,1.0,2017-06-06,True,False
2017-06-07 00:00:00+00:00,7527.7,7555.3,7472.8,7491.0,0,0.0,False,2017-06-07 01:00:00,1.0,2017-06-07,True,False
2017-06-08 00:00:00+00:00,7479.2,7490.3,7445.3,7470.9,0,0.0,False,2017-06-08 01:00:00,1.0,2017-06-08,True,False
2017-06-09 00:00:00+00:00,7450.7,7545.3,7399.9,7519.8,0,0.0,False,2017-06-09 01:00:00,1.0,2017-06-09,True,False
2017-06-12 00:00:00+00:00,7521.3,7541.3,7493.3,7526.1,0,0.0,False,2017-06-12 01:00:00,1.0,2017-06-12,True,False
2017-06-13 00:00:00+00:00,7522.5,7551.8,7490.0,7507.0,0,0.0,False,2017-06-13 01:00:00,1.0,2017-06-13,True,False
2017-06-14 00:00:00+00:00,7507.0,7545.3,7460.8,7487.0,0,0.0,False,2017-06-14 01:00:00,1.0,2017-06-14,True,False
2017-06-15 00:00:00+00:00,7483.9,7484.6,7377.3,7430.7,0,0.0,False,2017-06-15 01:00:00,1.0,2017-06-15,True,False
2017-06-16 00:00:00+00:00,7426.8,7499.5,7422.9,7495.5,0,0.0,False,2017-06-16 01:00:00,1.0,2017-06-16,True,False
2017-06-19 00:00:00+00:00,7495.5,7540.8,7492.0,7524.0,0,0.0,False,2017-06-19 01:00:00,1.0,2017-06-19,True,False
2017-06-20 00:00:00+00:00,7524.0,7560.8,7449.8,7478.9,0,0.0,False,2017-06-20 01:00:00,1.0,2017-06-20,True,False
2017-06-21 00:00:00+00:00,7476.6,7479.7,7415.8,7447.9,0,0.0,False,2017-06-21 01:00:00,1.0,2017-06-21,True,False
2017-06-22 00:00:00+00:00,7444.4,7461.3,7396.8,7426.1,0,0.0,False,2017-06-22 01:00:00,1.0,2017-06-22,True,False
2017-06-23 00:00:00+00:00,7425.7,7443.5,7396.3,7430.3,0,0.0,False,2017-06-23 01:00:00,1.0,2017-06-23,True,False
2017-06-26 00:00:00+00:00,7421.2,7481.8,7418.5,7456.0,0,0.0,False,2017-06-26 01:00:00,1.0,2017-06-26,True,False
2017-06-27 00:00:00+00:00,7454.8,7461.5,7402.7,7405.8,0,0.0,False,2017-06-27 01:00:00,1.0,2017-06-27,True,False
2017-06-28 00:00:00+00:00,7404.3,7446.8,7378.8,7423.0,0,0.0,False,2017-06-28 01:00:00,1.0,2017-06-28,True,False
2017-06-29 00:00:00+00:00,7417.9,7454.0,7305.5,7348.7,0,0.0,False,2017-06-29 01:00:00,1.0,2017-06-29,True,False
2017-06-30 00:00:00+00:00,7347.9,7378.3,7293.8,7320.5,0,0.0,False,2017-06-30 01:00:00,1.0,2017-06-30,True,False
2017-07-03 00:00:00+00:00,7331.4,7386.3,7315.3,7358.5,0,0.0,False,2017-07-03 01:00:00,1.0,2017-07-03,True,False
2017-07-04 00:00:00+00:00,7351.7,7383.0,7335.3,7353.0,0,0.0,False,2017-07-04 01:00:00,1.0,2017-07-04,True,False
2017-07-05 00:00:00+00:00,7353.0,7386.8,7342.0,7378.9,0,0.0,False,2017-07-05 01:00:00,1.0,2017-07-05,True,False
2017-07-06 00:00:00+00:00,7376.6,7383.1,7302.3,7323.6,0,0.0,False,2017-07-06 01:00:00,1.0,2017-07-06,True,False
2017-07-07 00:00:00+00:00,7326.7,7370.8,7312.8,7367.3,0,0.0,False,2017-07-07 01:00:00,1.0,2017-07-07,True,False
2017-07-10 00:00:00+00:00,7369.6,7391.3,7343.3,7363.9,0,0.0,False,2017-07-10 01:00:00,1.0,2017-07-10,True,False
2017-07-11 00:00:00+00:00,7362.3,7386.5,7303.8,7362.9,0,0.0,False,2017-07-11 01:00:00,1.0,2017-07-11,True,False
2017-07-12 00:00:00+00:00,7362.2,7441.8,7348.3,7418.9,0,0.0,False,2017-07-12 01:00:00,1.0,2017-07-12,True,False
2017-07-13 00:00:00+00:00,7420.5,7431.3,7402.8,7426.4,0,0.0,False,2017-07-13 01:00:00,1.0,2017-07-13,True,False
2017-07-14 00:00:00+00:00,7425.6,7432.0,7361.8,7391.0,0,0.0,False,2017-07-14 01:00:00,1.0,2017-07-14,True,False
2017-07-17 00:00:00+00:00,7397.4,7431.5,7382.3,7409.3,0,0.0,False,2017-07-17 01:00:00,1.0,2017-07-17,True,False
2017-07-18 00:00:00+00:00,7408.6,7420.8,7357.3,7411.5,0,0.0,False,2017-07-18 01:00:00,1.0,2017-07-18,True,False
2017-07-19 00:00:00+00:00,7410.7,7445.8,7378.3,7436.3,0,0.0,False,2017-07-19 01:00:00,1.0,2017-07-19,True,False
2017-07-20 00:00:00+00:00,7434.7,7501.4,7430.4,7499.1,0,0.0,False,2017-07-20 01:00:00,1.0,2017-07-20,True,False
2017-07-21 00:00:00+00:00,7498.3,7515.5,7432.8,7458.3,0,0.0,False,2017-07-21 01:00:00,1.0,2017-07-21,True,False
2017-07-24 00:00:00+00:00,7459.0,7461.1,7356.799999999999,7395.6,0,0.0,False,2017-07-24 01:00:00,1.0,2017-07-24,True,False
2017-07-25 00:00:00+00:00,7392.5,7454.5,7389.3,7446.1,0,0.0,False,2017-07-25 01:00:00,1.0,2017-07-25,True,False
2017-07-26 00:00:00+00:00,7443.8,7487.8,7434.3,7442.7,0,0.0,False,2017-07-26 01:00:00,1.0,2017-07-26,True,False
2017-07-27 00:00:00+00:00,7443.0,7460.8,7402.5,7431.7,0,0.0,False,2017-07-27 01:00:00,1.0,2017-07-27,True,False
2017-07-28 00:00:00+00:00,7430.9,7430.9,7341.5,7376.3,0,0.0,False,2017-07-28 01:00:00,1.0,2017-07-28,True,False
2017-07-31 00:00:00+00:00,7381.7,7425.9,7354.6,7383.4,0,0.0,False,2017-07-31 01:00:00,1.0,2017-07-31,True,False
2017-08-01 00:00:00+00:00,7381.9,7442.8,7376.4,7433.6,0,0.0,False,2017-08-01 01:00:00,1.0,2017-08-01,True,False
2017-08-02 00:00:00+00:00,7434.4,7445.3,7389.8,7426.3,0,0.0,False,2017-08-02 01:00:00,1.0,2017-08-02,True,False
2017-08-03 00:00:00+00:00,7417.1,7485.5,7384.5,7469.4,0,0.0,False,2017-08-03 01:00:00,1.0,2017-08-03,True,False
2017-08-04 00:00:00+00:00,7469.4,7521.299999999999,7460.0,7520.5,0,0.0,False,2017-08-04 01:00:00,1.0,2017-08-04,True,False
2017-08-07 00:00:00+00:00,7522.299999999999,7536.799999999999,7521.799999999999,7534.0,0,0.0,False,2017-08-07 01:00:00,1.0,2017-08-07,True,False
2017-08-08 00:00:00+00:00,7531.700000000001,7552.799999999999,7505.5,7511.0,0,0.0,False,2017-08-08 01:00:00,1.0,2017-08-08,True,False
2017-08-09 00:00:00+00:00,7507.6,7524.6,7473.5,7481.299999999999,0,0.0,False,2017-08-09 01:00:00,1.0,2017-08-09,True,False
2017-08-10 00:00:00+00:00,7481.299999999999,7483.0,7339.1,7347.6,0,0.0,False,2017-08-10 01:00:00,1.0,2017-08-10,True,False
2017-08-11 00:00:00+00:00,7348.0,7354.0,7293.299999999999,7295.299999999999,0,0.0,False,2017-08-11 01:00:00,1.0,2017-08-11,True,False
2017-08-14 00:00:00+00:00,7312.8,7379.8,7311.3,7363.9,0,0.0,False,2017-08-14 01:00:00,1.0,2017-08-14,True,False
2017-08-15 00:00:00+00:00,7361.6,7418.299999999999,7354.3,7394.6,0,0.0,False,2017-08-15 01:00:00,1.0,2017-08-15,True,False
2017-08-16 00:00:00+00:00,7395.4,7447.799999999999,7385.1,7424.4,0,0.0,False,2017-08-16 01:00:00,1.0,2017-08-16,True,False
2017-08-17 00:00:00+00:00,7422.1,7432.799999999999,7324.5,7335.299999999999,0,0.0,False,2017-08-17 01:00:00,1.0,2017-08-17,True,False
2017-08-18 00:00:00+00:00,7334.9,7359.299999999999,7301.299999999999,7316.799999999999,0,0.0,False,2017-08-18 01:00:00,1.0,2017-08-18,True,False
2017-08-21 00:00:00+00:00,7328.1,7336.200000000001,7294.299999999999,7327.4,0,0.0,False,2017-08-21 01:00:00,1.0,2017-08-21,True,False
2017-08-22 00:00:00+00:00,7325.9,7398.1,7322.299999999999,7396.5,0,0.0,False,2017-08-22 01:00:00,1.0,2017-08-22,True,False
2017-08-23 00:00:00+00:00,7394.200000000001,7399.6,7355.5,7385.700000000001,0,0.0,False,2017-08-23 01:00:00,1.0,2017-08-23,True,False
2017-08-24 00:00:00+00:00,7383.700000000001,7439.299999999999,7370.799999999999,7416.0,0,0.0,False,2017-08-24 01:00:00,1.0,2017-08-24,True,False
2017-08-25 00:00:00+00:00,7415.200000000001,7441.0,7396.299999999999,7397.5,0,0.0,False,2017-08-25 01:00:00,1.0,2017-08-25,True,False
2017-08-29 00:00:00+00:00,7364.6,7375.0,7288.299999999999,7366.9,0,0.0,False,2017-08-29 01:00:00,1.0,2017-08-29,True,False
2017-08-30 00:00:00+00:00,7366.1,7382.799999999999,7349.799999999999,7372.200000000001,0,0.0,False,2017-08-30 01:00:00,1.0,2017-08-30,True,False
2017-08-31 00:00:00+00:00,7370.6,7443.8,7370.6,7430.5,0,0.0,False,2017-08-31 01:00:00,1.0,2017-08-31,True,False
2017-09-01 00:00:00+00:00,7430.5,7461.799999999999,7420.5,7448.299999999999,0,0.0,False,2017-09-01 01:00:00,1.0,2017-09-01,True,False
2017-09-04 00:00:00+00:00,7405.5,7435.799999999999,7399.799999999999,7425.799999999999,0,0.0,False,2017-09-04 01:00:00,1.0,2017-09-04,True,False
2017-09-05 00:00:00+00:00,7425.799999999999,7437.799999999999,7333.799999999999,7352.799999999999,0,0.0,False,2017-09-05 01:00:00,1.0,2017-09-05,True,False
2017-09-06 00:00:00+00:00,7351.299999999999,7381.299999999999,7319.0,7365.9,0,0.0,False,2017-09-06 01:00:00,1.0,2017-09-06,True,False
2017-09-07 00:00:00+00:00,7350.5,7413.5,7349.299999999999,7400.4,0,0.0,False,2017-09-07 01:00:00,1.0,2017-09-07,True,False
2017-09-08 00:00:00+00:00,7400.4,7401.299999999999,7356.799999999999,7359.5,0,0.0,False,2017-09-08 01:00:00,1.0,2017-09-08,True,False
2017-09-11 00:00:00+00:00,7395.200000000001,7435.799999999999,7382.4,7434.200000000001,0,0.0,False,2017-09-11 01:00:00,1.0,2017-09-11,True,False
2017-09-12 00:00:00+00:00,7433.4,7436.799999999999,7386.299999999999,7403.799999999999,0,0.0,False,2017-09-12 01:00:00,1.0,2017-09-12,True,False
2017-09-13 00:00:00+00:00,7404.6,7405.299999999999,7335.299999999999,7389.299999999999,0,0.0,False,2017-09-13 01:00:00,1.0,2017-09-13,True,False
2017-09-14 00:00:00+00:00,7387.700000000001,7398.5,7284.799999999999,7307.299999999999,0,0.0,False,2017-09-14 01:00:00,1.0,2017-09-14,True,False
2017-09-15 00:00:00+00:00,7305.0,7305.700000000001,7194.299999999999,7214.799999999999,0,0.0,False,2017-09-15 01:00:00,1.0,2017-09-15,True,False
2017-09-18 00:00:00+00:00,7221.200000000001,7263.4,7211.799999999999,7262.6,0,0.0,False,2017-09-18 01:00:00,1.0,2017-09-18,True,False
2017-09-19 00:00:00+00:00,7265.4,7287.299999999999,7241.799999999999,7273.1,0,0.0,False,2017-09-19 01:00:00,1.0,2017-09-19,True,False
2017-09-20 00:00:00+00:00,7272.299999999999,7296.799999999999,7248.299999999999,7287.700000000001,0,0.0,False,2017-09-20 01:00:00,1.0,2017-09-20,True,False
2017-09-21 00:00:00+00:00,7285.1,7291.5,7252.799999999999,7258.5,0,0.0,False,2017-09-21 01:00:00,1.0,2017-09-21,True,False
2017-09-22 00:00:00+00:00,7258.5,7322.799999999999,7233.299999999999,7311.799999999999,0,0.0,False,2017-09-22 01:00:00,1.0,2017-09-22,True,False
2017-09-25 00:00:00+00:00,7304.299999999999,7323.299999999999,7271.299999999999,7307.5,0,0.0,False,2017-09-25 01:00:00,1.0,2017-09-25,True,False
2017-09-26 00:00:00+00:00,7307.5,7313.0,7272.799999999999,7286.0,0,0.0,False,2017-09-26 01:00:00,1.0,2017-09-26,True,False
2017-09-27 00:00:00+00:00,7286.0,7330.299999999999,7272.799999999999,7320.299999999999,0,0.0,False,2017-09-27 01:00:00,1.0,2017-09-27,True,False
2017-09-28 00:00:00+00:00,7317.299999999999,7330.299999999999,7288.799999999999,7328.5,0,0.0,False,2017-09-28 01:00:00,1.0,2017-09-28,True,False
2017-09-29 00:00:00+00:00,7323.299999999999,7383.799999999999,7318.799999999999,7373.299999999999,0,0.0,False,2017-09-29 01:00:00,1.0,2017-09-29,True,False
2017-10-02 00:00:00+00:00,7381.799999999999,7442.299999999999,7376.799999999999,7432.0,0,0.0,False,2017-10-02 01:00:00,1.0,2017-10-02,True,False
2017-10-03 00:00:00+00:00,7430.5,7474.0,7425.299999999999,7473.299999999999,0,0.0,False,2017-10-03 01:00:00,1.0,2017-10-03,True,False
2017-10-04 00:00:00+00:00,7471.799999999999,7478.299999999999,7455.299999999999,7466.0,0,0.0,False,2017-10-04 01:00:00,1.0,2017-10-04,True,False
2017-10-05 00:00:00+00:00,7462.299999999999,7515.0,7459.799999999999,7510.5,0,0.0,False,2017-10-05 01:00:00,1.0,2017-10-05,True,False
2017-10-06 00:00:00+00:00,7509.0,7528.5,7507.0,7527.0,0,0.0,False,2017-10-06 01:00:00,1.0,2017-10-06,True,False
2017-10-09 00:00:00+00:00,7528.299999999999,7543.5,7485.299999999999,7493.0,0,0.0,False,2017-10-09 01:00:00,1.0,2017-10-09,True,False
2017-10-10 00:00:00+00:00,7493.0,7554.0,7492.299999999999,7553.299999999999,0,0.0,False,2017-10-10 01:00:00,1.0,2017-10-10,True,False
2017-10-11 00:00:00+00:00,7551.799999999999,7553.799999999999,7519.799999999999,7537.0,0,0.0,False,2017-10-11 01:00:00,1.0,2017-10-11,True,False
2017-10-12 00:00:00+00:00,7529.299999999999,7564.799999999999,7523.299999999999,7533.0,0,0.0,False,2017-10-12 01:00:00,1.0,2017-10-12,True,False
2017-10-13 00:00:00+00:00,7530.799999999999,7555.299999999999,7520.5,7542.799999999999,0,0.0,False,2017-10-13 01:00:00,1.0,2017-10-13,True,False
2017-10-16 00:00:00+00:00,7547.799999999999,7558.0,7517.299999999999,7539.799999999999,0,0.0,False,2017-10-16 01:00:00,1.0,2017-10-16,True,False
2017-10-17 00:00:00+00:00,7540.5,7551.299999999999,7505.799999999999,7535.5,0,0.0,False,2017-10-17 01:00:00,1.0,2017-10-17,True,False
2017-10-18 00:00:00+00:00,7535.5,7555.799999999999,7523.799999999999,7541.299999999999,0,0.0,False,2017-10-18 01:00:00,1.0,2017-10-18,True,False
2017-10-19 00:00:00+00:00,7540.299999999999,7542.799999999999,7484.5,7531.299999999999,0,0.0,False,2017-10-19 01:00:00,1.0,2017-10-19,True,False
2017-10-20 00:00:00+00:00,7530.5,7559.299999999999,7515.799999999999,7526.0,0,0.0,False,2017-10-20 01:00:00,1.0,2017-10-20,True,False
2017-10-23 00:00:00+00:00,7528.0,7542.299999999999,7499.299999999999,7505.5,0,0.0,False,2017-10-23 01:00:00,1.0,2017-10-23,True,False
2017-10-24 00:00:00+00:00,7504.0,7536.799999999999,7503.299999999999,7516.5,0,0.0,False,2017-10-24 01:00:00,1.0,2017-10-24,True,False
2017-10-25 00:00:00+00:00,7515.799999999999,7527.799999999999,7429.299999999999,7475.299999999999,0,0.0,False,2017-10-25 01:00:00,1.0,2017-10-25,True,False
2017-10-26 00:00:00+00:00,7472.5,7500.299999999999,7444.299999999999,7494.0,0,0.0,False,2017-10-26 01:00:00,1.0,2017-10-26,True,False
2017-10-27 00:00:00+00:00,7493.299999999999,7520.5,7483.299999999999,7500.5,0,0.0,False,2017-10-27 01:00:00,1.0,2017-10-27,True,False
2017-10-29 00:00:00+00:00,7485.799999999999,7505.0,7485.0,7504.299999999999,0,0.0,False,2017-10-29 01:00:00,1.0,2017-10-29,True,False
2017-10-30 00:00:00+00:00,7485.799999999999,7505.799999999999,7474.5,7477.5,0,0.0,False,2017-10-30 00:00:00,0.0,2017-10-30,True,False
2017-10-31 00:00:00+00:00,7476.0,7516.799999999999,7473.0,7496.799999999999,0,0.0,False,2017-10-31 00:00:00,0.0,2017-10-31,True,False
2017-11-01 00:00:00+00:00,7497.9,7533.299999999999,7466.799999999999,7471.299999999999,0,0.0,False,2017-11-01 00:00:00,0.0,2017-11-01,True,False
2017-11-02 00:00:00+00:00,7472.1,7570.5,7444.6,7564.799999999999,0,0.0,False,2017-11-02 00:00:00,0.0,2017-11-02,True,False
2017-11-03 00:00:00+00:00,7562.5,7580.299999999999,7541.799999999999,7556.0,0,0.0,False,2017-11-03 00:00:00,0.0,2017-11-03,True,False
2017-11-06 00:00:00+00:00,7558.799999999999,7573.299999999999,7526.0,7566.299999999999,0,0.0,False,2017-11-06 00:00:00,0.0,2017-11-06,True,False
2017-11-07 00:00:00+00:00,7566.299999999999,7590.0,7495.299999999999,7506.299999999999,0,0.0,False,2017-11-07 00:00:00,0.0,2017-11-07,True,False
2017-11-08 00:00:00+00:00,7500.299999999999,7538.299999999999,7483.299999999999,7519.5,0,0.0,False,2017-11-08 00:00:00,0.0,2017-11-08,True,False
2017-11-09 00:00:00+00:00,7510.5,7540.799999999999,7458.299999999999,7489.799999999999,0,0.0,False,2017-11-09 00:00:00,0.0,2017-11-09,True,False
2017-11-10 00:00:00+00:00,7486.0,7501.799999999999,7420.799999999999,7443.5,0,0.0,False,2017-11-10 00:00:00,0.0,2017-11-10,True,False
2017-11-13 00:00:00+00:00,7446.299999999999,7474.799999999999,7401.799999999999,7422.0,0,0.0,False,2017-11-13 00:00:00,0.0,2017-11-13,True,False
2017-11-14 00:00:00+00:00,7419.799999999999,7437.799999999999,7395.299999999999,7415.5,0,0.0,False,2017-11-14 00:00:00,0.0,2017-11-14,True,False
2017-11-15 00:00:00+00:00,7412.5,7415.5,7356.299999999999,7379.299999999999,0,0.0,False,2017-11-15 00:00:00,0.0,2017-11-15,True,False
2017-11-16 00:00:00+00:00,7366.0,7400.0,7360.0,7392.5,0,0.0,False,2017-11-16 00:00:00,0.0,2017-11-16,True,False
2017-11-17 00:00:00+00:00,7388.799999999999,7406.799999999999,7354.799999999999,7386.0,0,0.0,False,2017-11-17 00:00:00,0.0,2017-11-17,True,False
2017-11-20 00:00:00+00:00,7387.299999999999,7400.299999999999,7350.5,7395.0,0,0.0,False,2017-11-20 00:00:00,0.0,2017-11-20,True,False
2017-11-21 00:00:00+00:00,7393.5,7422.799999999999,7365.799999999999,7406.799999999999,0,0.0,False,2017-11-21 00:00:00,0.0,2017-11-21,True,False
2017-11-22 00:00:00+00:00,7405.299999999999,7461.799999999999,7402.299999999999,7412.799999999999,0,0.0,False,2017-11-22 00:00:00,0.0,2017-11-22,True,False
2017-11-23 00:00:00+00:00,7405.0,7424.799999999999,7372.299999999999,7408.799999999999,0,0.0,False,2017-11-23 00:00:00,0.0,2017-11-23,True,False
2017-11-24 00:00:00+00:00,7408.799999999999,7424.799999999999,7387.799999999999,7415.5,0,0.0,False,2017-11-24 00:00:00,0.0,2017-11-24,True,False
2017-11-27 00:00:00+00:00,7421.1,7438.299999999999,7381.799999999999,7392.5,0,0.0,False,2017-11-27 00:00:00,0.0,2017-11-27,True,False
2017-11-28 00:00:00+00:00,7388.0,7473.299999999999,7377.5,7437.799999999999,0,0.0,False,2017-11-28 00:00:00,0.0,2017-11-28,True,False
2017-11-29 00:00:00+00:00,7437.799999999999,7443.5,7353.299999999999,7385.299999999999,0,0.0,False,2017-11-29 00:00:00,0.0,2017-11-29,True,False
2017-11-30 00:00:00+00:00,7384.299999999999,7418.799999999999,7303.299999999999,7316.299999999999,0,0.0,False,2017-11-30 00:00:00,0.0,2017-11-30,True,False
2017-12-01 00:00:00+00:00,7314.299999999999,7355.299999999999,7279.0,7333.299999999999,0,0.0,False,2017-12-01 00:00:00,0.0,2017-12-01,True,False
2017-12-04 00:00:00+00:00,7376.299999999999,7379.799999999999,7303.799999999999,7312.0,0,0.0,False,2017-12-04 00:00:00,0.0,2017-12-04,True,False
2017-12-05 00:00:00+00:00,7312.0,7374.299999999999,7303.299999999999,7308.0,0,0.0,False,2017-12-05 00:00:00,0.0,2017-12-05,True,False
2017-12-06 00:00:00+00:00,7309.5,7370.799999999999,7279.5,7345.0,0,0.0,False,2017-12-06 00:00:00,0.0,2017-12-06,True,False
2017-12-07 00:00:00+00:00,7342.799999999999,7372.299999999999,7303.299999999999,7316.5,0,0.0,False,2017-12-07 00:00:00,0.0,2017-12-07,True,False
2017-12-08 00:00:00+00:00,7317.299999999999,7414.299999999999,7309.0,7408.0,0,0.0,False,2017-12-08 00:00:00,0.0,2017-12-08,True,False
2017-12-11 00:00:00+00:00,7419.0,7473.5,7403.799999999999,7469.0,0,0.0,False,2017-12-11 00:00:00,0.0,2017-12-11,True,False
2017-12-12 00:00:00+00:00,7468.299999999999,7504.299999999999,7447.799999999999,7492.0,0,0.0,False,2017-12-12 00:00:00,0.0,2017-12-12,True,False
2017-12-13 00:00:00+00:00,7491.299999999999,7511.299999999999,7472.299999999999,7488.299999999999,0,0.0,False,2017-12-13 00:00:00,0.0,2017-12-13,True,False
2017-12-14 00:00:00+00:00,7488.299999999999,7498.799999999999,7441.9,7444.200000000001,0,0.0,False,2017-12-14 00:00:00,0.0,2017-12-14,True,False
2017-12-15 00:00:00+00:00,7446.6,7503.299999999999,7434.299999999999,7496.299999999999,0,0.0,False,2017-12-15 00:00:00,0.0,2017-12-15,True,False
2017-12-18 00:00:00+00:00,7516.200000000001,7547.299999999999,7489.299999999999,7541.799999999999,0,0.0,False,2017-12-18 00:00:00,0.0,2017-12-18,True,False
2017-12-19 00:00:00+00:00,7541.0,7564.299999999999,7522.5,7528.700000000001,0,0.0,False,2017-12-19 00:00:00,0.0,2017-12-19,True,False
2017-12-20 00:00:00+00:00,7528.700000000001,7550.799999999999,7511.0,7525.0,0,0.0,False,2017-12-20 00:00:00,0.0,2017-12-20,True,False
2017-12-21 00:00:00+00:00,7525.0,7610.799999999999,7517.299999999999,7581.200000000001,0,0.0,False,2017-12-21 00:00:00,0.0,2017-12-21,True,False
2017-12-22 00:00:00+00:00,7579.6,7616.299999999999,7579.6,7586.5,0,0.0,False,2017-12-22 00:00:00,0.0,2017-12-22,True,False
2017-12-27 00:00:00+00:00,7583.700000000001,7633.799999999999,7583.700000000001,7626.299999999999,0,0.0,False,2017-12-27 00:00:00,0.0,2017-12-27,True,False
2017-12-28 00:00:00+00:00,7619.700000000001,7636.799999999999,7610.799999999999,7620.6,0,0.0,False,2017-12-28 00:00:00,0.0,2017-12-28,True,False
2017-12-29 00:00:00+00:00,7619.9,7704.299999999999,7617.5,7703.299999999999,0,0.0,False,2017-12-29 00:00:00,0.0,2017-12-29,True,False
2018-01-02 00:00:00+00:00,7675.6,7704.299999999999,7621.799999999999,7646.1,0,0.0,False,2018-01-02 00:00:00,0.0,2018-01-02,True,False
2018-01-03 00:00:00+00:00,7643.700000000001,7694.799999999999,7639.799999999999,7684.700000000001,0,0.0,False,2018-01-03 00:00:00,0.0,2018-01-03,True,False
2018-01-04 00:00:00+00:00,7686.799999999999,7701.299999999999,7668.799999999999,7697.9,0,0.0,False,2018-01-04 00:00:00,0.0,2018-01-04,True,False
2018-01-05 00:00:00+00:00,7698.700000000001,7727.799999999999,7687.5,7716.5,0,0.0,False,2018-01-05 00:00:00,0.0,2018-01-05,True,False
2018-01-08 00:00:00+00:00,7733.1,7739.1,7689.799999999999,7715.799999999999,0,0.0,False,2018-01-08 00:00:00,0.0,2018-01-08,True,False
2018-01-09 00:00:00+00:00,7715.0,7735.6,7706.0,7727.1,0,0.0,False,2018-01-09 00:00:00,0.0,2018-01-09,True,False
2018-01-10 00:00:00+00:00,7724.700000000001,7756.799999999999,7715.799999999999,7744.299999999999,0,0.0,False,2018-01-10 00:00:00,0.0,2018-01-10,True,False
2018-01-11 00:00:00+00:00,7741.200000000001,7779.700000000001,7734.0,7776.6,0,0.0,False,2018-01-11 00:00:00,0.0,2018-01-11,True,False
2018-01-12 00:00:00+00:00,7775.1,7793.299999999999,7751.299999999999,7778.299999999999,0,0.0,False,2018-01-12 00:00:00,0.0,2018-01-12,True,False
2018-01-15 00:00:00+00:00,7785.4,7803.1,7762.799999999999,7772.5,0,0.0,False,2018-01-15 00:00:00,0.0,2018-01-15,True,False
2018-01-16 00:00:00+00:00,7771.5,7792.799999999999,7714.799999999999,7739.6,0,0.0,False,2018-01-16 00:00:00,0.0,2018-01-16,True,False
2018-01-17 00:00:00+00:00,7738.799999999999,7749.799999999999,7711.299999999999,7726.299999999999,0,0.0,False,2018-01-17 00:00:00,0.0,2018-01-17,True,False
2018-01-18 00:00:00+00:00,7722.5,7740.799999999999,7683.799999999999,7703.5,0,0.0,False,2018-01-18 00:00:00,0.0,2018-01-18,True,False
2018-01-19 00:00:00+00:00,7702.700000000001,7738.799999999999,7686.799999999999,7738.5,0,0.0,False,2018-01-19 00:00:00,0.0,2018-01-19,True,False
2018-01-22 00:00:00+00:00,7736.6,7741.6,7702.0,7734.5,0,0.0,False,2018-01-22 00:00:00,0.0,2018-01-22,True,False
2018-01-23 00:00:00+00:00,7733.799999999999,7746.0,7710.299999999999,7730.0,0,0.0,False,2018-01-23 00:00:00,0.0,2018-01-23,True,False
2018-01-24 00:00:00+00:00,7726.9,7739.799999999999,7620.799999999999,7655.4,0,0.0,False,2018-01-24 00:00:00,0.0,2018-01-24,True,False
2018-01-25 00:00:00+00:00,7651.9,7662.5,7608.299999999999,7646.299999999999,0,0.0,False,2018-01-25 00:00:00,0.0,2018-01-25,True,False
2018-01-26 00:00:00+00:00,7647.1,7697.0,7622.799999999999,7697.0,0,0.0,False,2018-01-26 00:00:00,0.0,2018-01-26,True,False
2018-01-29 00:00:00+00:00,7701.799999999999,7715.6,7649.799999999999,7656.799999999999,0,0.0,False,2018-01-29 00:00:00,0.0,2018-01-29,True,False
2018-01-30 00:00:00+00:00,7658.299999999999,7670.0,7575.6,7580.299999999999,0,0.0,False,2018-01-30 00:00:00,0.0,2018-01-30,True,False
2018-01-31 00:00:00+00:00,7581.799999999999,7604.5,7519.299999999999,7534.6,0,0.0,False,2018-01-31 00:00:00,0.0,2018-01-31,True,False
2018-02-01 00:00:00+00:00,7545.4,7563.299999999999,7472.299999999999,7495.4,0,0.0,False,2018-02-01 00:00:00,0.0,2018-02-01,True,False
2018-02-02 00:00:00+00:00,7507.1,7511.9,7394.299999999999,7396.299999999999,0,0.0,False,2018-02-02 00:00:00,0.0,2018-02-02,True,False
2018-02-05 00:00:00+00:00,7355.799999999999,7391.0,6993.9,7085.0,0,0.0,False,2018-02-05 00:00:00,0.0,2018-02-05,True,False
2018-02-06 00:00:00+00:00,7102.4,7307.299999999999,6919.799999999999,7255.799999999999,0,0.0,False,2018-02-06 00:00:00,0.0,2018-02-06,True,False
2018-02-07 00:00:00+00:00,7263.200000000001,7311.799999999999,7160.799999999999,7228.4,0,0.0,False,2018-02-07 00:00:00,0.0,2018-02-07,True,False
2018-02-08 00:00:00+00:00,7222.1,7261.0,7093.5,7144.6,0,0.0,False,2018-02-08 00:00:00,0.0,2018-02-08,True,False
2018-02-09 00:00:00+00:00,7139.6,7168.799999999999,6979.299999999999,7128.799999999999,0,0.0,False,2018-02-09 00:00:00,0.0,2018-02-09,True,False
2018-02-12 00:00:00+00:00,7152.0,7219.0,7137.0,7206.6,0,0.0,False,2018-02-12 00:00:00,0.0,2018-02-12,True,False
2018-02-13 00:00:00+00:00,7209.299999999999,7219.1,7162.299999999999,7205.200000000001,0,0.0,False,2018-02-13 00:00:00,0.0,2018-02-13,True,False
2018-02-14 00:00:00+00:00,7202.9,7260.200000000001,7144.0,7250.5,0,0.0,False,2018-02-14 00:00:00,0.0,2018-02-14,True,False
2018-02-15 00:00:00+00:00,7225.0,7271.9,7205.299999999999,7265.700000000001,0,0.0,False,2018-02-15 00:00:00,0.0,2018-02-15,True,False
2018-02-16 00:00:00+00:00,7264.200000000001,7306.299999999999,7253.5,7289.299999999999,0,0.0,False,2018-02-16 00:00:00,0.0,2018-02-16,True,False
2018-02-19 00:00:00+00:00,7305.200000000001,7329.299999999999,7239.799999999999,7252.5,0,0.0,False,2018-02-19 00:00:00,0.0,2018-02-19,True,False
2018-02-20 00:00:00+00:00,7252.5,7269.799999999999,7201.5,7222.700000000001,0,0.0,False,2018-02-20 00:00:00,0.0,2018-02-20,True,False
2018-02-21 00:00:00+00:00,7221.5,7299.0,7210.5,7232.9,0,0.0,False,2018-02-21 00:00:00,0.0,2018-02-21,True,False
2018-02-22 00:00:00+00:00,7234.4,7263.799999999999,7185.799999999999,7251.4,0,0.0,False,2018-02-22 00:00:00,0.0,2018-02-22,True,False
2018-02-23 00:00:00+00:00,7248.700000000001,7278.799999999999,7220.5,7275.299999999999,0,0.0,False,2018-02-23 00:00:00,0.0,2018-02-23,True,False
2018-02-26 00:00:00+00:00,7289.4,7344.200000000001,7259.5,7338.0,0,0.0,False,2018-02-26 00:00:00,0.0,2018-02-26,True,False
2018-02-27 00:00:00+00:00,7338.0,7340.4,7236.1,7252.4,0,0.0,False,2018-02-27 00:00:00,0.0,2018-02-27,True,False
2018-02-28 00:00:00+00:00,7250.799999999999,7294.5,7205.799999999999,7227.200000000001,0,0.0,False,2018-02-28 00:00:00,0.0,2018-02-28,True,False
2018-03-01 00:00:00+00:00,7219.5,7227.799999999999,7096.299999999999,7142.799999999999,0,0.0,False,2018-03-01 00:00:00,0.0,2018-03-01,True,False
2018-03-02 00:00:00+00:00,7143.5,7162.299999999999,7063.299999999999,7133.0,0,0.0,False,2018-03-02 00:00:00,0.0,2018-03-02,True,False
2018-03-05 00:00:00+00:00,7109.4,7156.6,7061.299999999999,7150.4,0,0.0,False,2018-03-05 00:00:00,0.0,2018-03-05,True,False
2018-03-06 00:00:00+00:00,7152.0,7198.799999999999,7138.0,7154.1,0,0.0,False,2018-03-06 00:00:00,0.0,2018-03-06,True,False
2018-03-07 00:00:00+00:00,7060.0,7181.299999999999,7053.4,7146.4,0,0.0,False,2018-03-07 00:00:00,0.0,2018-03-07,True,False
2018-03-08 00:00:00+00:00,7139.6,7215.299999999999,7132.6,7208.799999999999,0,0.0,False,2018-03-08 00:00:00,0.0,2018-03-08,True,False
2018-03-09 00:00:00+00:00,7204.9,7237.299999999999,7187.799999999999,7237.299999999999,0,0.0,False,2018-03-09 00:00:00,0.0,2018-03-09,True,False
2018-03-11 00:00:00+00:00,7235.200000000001,7245.9,7235.200000000001,7245.5,0,0.0,False,2018-03-11 00:00:00,0.0,2018-03-11,True,False
2018-03-12 00:00:00+00:00,7235.200000000001,7259.799999999999,7189.299999999999,7200.799999999999,0,0.0,False,2018-03-12 00:00:00,0.0,2018-03-12,True,False
2018-03-13 00:00:00+00:00,7197.799999999999,7224.299999999999,7104.799999999999,7121.0,0,0.0,False,2018-03-13 00:00:00,0.0,2018-03-13,True,False
2018-03-14 00:00:00+00:00,7119.799999999999,7178.299999999999,7105.299999999999,7129.0,0,0.0,False,2018-03-14 00:00:00,0.0,2018-03-14,True,False
2018-03-15 00:00:00+00:00,7127.299999999999,7164.299999999999,7098.6,7141.5,0,0.0,False,2018-03-15 00:00:00,0.0,2018-03-15,True,False
2018-03-16 00:00:00+00:00,7141.299999999999,7188.299999999999,7125.799999999999,7155.299999999999,0,0.0,False,2018-03-16 00:00:00,0.0,2018-03-16,True,False
2018-03-18 00:00:00+00:00,7150.0,7153.0,7147.0,7148.5,0,0.0,False,2018-03-18 00:00:00,0.0,2018-03-18,True,False
2018-03-19 00:00:00+00:00,7150.0,7158.299999999999,7024.5,7067.299999999999,0,0.0,False,2018-03-19 00:00:00,0.0,2018-03-19,True,False
2018-03-20 00:00:00+00:00,7066.5,7082.0,7043.299999999999,7070.0,0,0.0,False,2018-03-20 00:00:00,0.0,2018-03-20,True,False
2018-03-21 00:00:00+00:00,7070.0,7076.0,6999.299999999999,7025.5,0,0.0,False,2018-03-21 00:00:00,0.0,2018-03-21,True,False
2018-03-22 00:00:00+00:00,7019.5,7037.0,6889.299999999999,6903.0,0,0.0,False,2018-03-22 00:00:00,0.0,2018-03-22,True,False
2018-03-23 00:00:00+00:00,6903.5,6953.5,6839.299999999999,6873.799999999999,0,0.0,False,2018-03-23 00:00:00,0.0,2018-03-23,True,False
2018-03-26 00:00:00+00:00,6880.299999999999,6958.799999999999,6857.0,6952.799999999999,0,0.0,False,2018-03-26 01:00:00,1.0,2018-03-26,True,False
2018-03-27 00:00:00+00:00,6952.799999999999,7044.799999999999,6912.799999999999,6932.0,0,0.0,False,2018-03-27 01:00:00,1.0,2018-03-27,True,False
2018-03-28 00:00:00+00:00,6932.0,7063.799999999999,6918.299999999999,7034.1,0,0.0,False,2018-03-28 01:00:00,1.0,2018-03-28,True,False
2018-03-29 00:00:00+00:00,7044.6,7110.299999999999,7009.299999999999,7060.1,0,0.0,False,2018-03-29 01:00:00,1.0,2018-03-29,True,False
2018-04-03 00:00:00+00:00,7003.799999999999,7065.799999999999,6980.299999999999,7041.799999999999,0,0.0,False,2018-04-03 01:00:00,1.0,2018-04-03,True,False
2018-04-04 00:00:00+00:00,7039.5,7114.4,6972.299999999999,7103.4,0,0.0,False,2018-04-04 01:00:00,1.0,2018-04-04,True,False
2018-04-05 00:00:00+00:00,7107.5,7222.5,7094.0,7208.299999999999,0,0.0,False,2018-04-05 01:00:00,1.0,2018-04-05,True,False
2018-04-06 00:00:00+00:00,7209.799999999999,7216.299999999999,7115.4,7143.799999999999,0,0.0,False,2018-04-06 01:00:00,1.0,2018-04-06,True,False
2018-04-09 00:00:00+00:00,7190.6,7219.299999999999,7145.299999999999,7188.799999999999,0,0.0,False,2018-04-09 01:00:00,1.0,2018-04-09,True,False
2018-04-10 00:00:00+00:00,7188.799999999999,7272.299999999999,7166.799999999999,7247.5,0,0.0,False,2018-04-10 01:00:00,1.0,2018-04-10,True,False
2018-04-11 00:00:00+00:00,7248.299999999999,7274.799999999999,7229.5,7238.5,0,0.0,False,2018-04-11 01:00:00,1.0,2018-04-11,True,False
2018-04-12 00:00:00+00:00,7235.299999999999,7273.299999999999,7229.0,7271.0,0,0.0,False,2018-04-12 01:00:00,1.0,2018-04-12,True,False
2018-04-13 00:00:00+00:00,7262.0,7276.299999999999,7241.0,7261.0,0,0.0,False,2018-04-13 01:00:00,1.0,2018-04-13,True,False
2018-04-16 00:00:00+00:00,7298.6,7314.5,7190.5,7194.799999999999,0,0.0,False,2018-04-16 01:00:00,1.0,2018-04-16,True,False
2018-04-17 00:00:00+00:00,7194.799999999999,7249.299999999999,7189.799999999999,7241.5,0,0.0,False,2018-04-17 01:00:00,1.0,2018-04-17,True,False
2018-04-18 00:00:00+00:00,7237.799999999999,7334.799999999999,7235.299999999999,7333.5,0,0.0,False,2018-04-18 01:00:00,1.0,2018-04-18,True,False
2018-04-19 00:00:00+00:00,7326.4,7355.799999999999,7295.4,7344.299999999999,0,0.0,False,2018-04-19 01:00:00,1.0,2018-04-19,True,False
2018-04-20 00:00:00+00:00,7343.299999999999,7374.799999999999,7330.799999999999,7365.1,0,0.0,False,2018-04-20 01:00:00,1.0,2018-04-20,True,False
2018-04-23 00:00:00+00:00,7391.1,7417.5,7358.799999999999,7414.1,0,0.0,False,2018-04-23 01:00:00,1.0,2018-04-23,True,False
2018-04-24 00:00:00+00:00,7413.4,7436.9,7350.9,7373.299999999999,0,0.0,False,2018-04-24 01:00:00,1.0,2018-04-24,True,False
2018-04-25 00:00:00+00:00,7373.4,7405.6,7334.200000000001,7400.1,0,0.0,False,2018-04-25 01:00:00,1.0,2018-04-25,True,False
2018-04-26 00:00:00+00:00,7396.799999999999,7470.6,7356.200000000001,7457.5,0,0.0,False,2018-04-26 01:00:00,1.0,2018-04-26,True,False
2018-04-27 00:00:00+00:00,7463.700000000001,7518.299999999999,7422.299999999999,7511.0,0,0.0,False,2018-04-27 01:00:00,1.0,2018-04-27,True,False
2018-04-30 00:00:00+00:00,7525.799999999999,7546.299999999999,7491.799999999999,7492.5,0,0.0,False,2018-04-30 01:00:00,1.0,2018-04-30,True,False
2018-05-01 00:00:00+00:00,7494.200000000001,7556.5,7482.700000000001,7548.9,0,0.0,False,2018-05-01 01:00:00,1.0,2018-05-01,True,False
2018-05-02 00:00:00+00:00,7543.6,7573.0,7505.4,7510.200000000001,0,0.0,False,2018-05-02 01:00:00,1.0,2018-05-02,True,False
2018-05-03 00:00:00+00:00,7509.5,7561.299999999999,7491.200000000001,7553.200000000001,0,0.0,False,2018-05-03 01:00:00,1.0,2018-05-03,True,False
2018-05-04 00:00:00+00:00,7554.0,7586.1,7518.200000000001,7585.6,0,0.0,False,2018-05-04 01:00:00,1.0,2018-05-04,True,False
2018-05-08 00:00:00+00:00,7601.700000000001,7601.700000000001,7543.0,7582.5,0,0.0,False,2018-05-08 01:00:00,1.0,2018-05-08,True,False
2018-05-09 00:00:00+00:00,7581.1,7709.4,7564.799999999999,7707.299999999999,0,0.0,False,2018-05-09 01:00:00,1.0,2018-05-09,True,False
2018-05-10 00:00:00+00:00,7685.299999999999,7713.9,7630.4,7695.299999999999,0,0.0,False,2018-05-10 01:00:00,1.0,2018-05-10,True,False
2018-05-11 00:00:00+00:00,7695.299999999999,7729.299999999999,7691.0,7708.1,0,0.0,False,2018-05-11 01:00:00,1.0,2018-05-11,True,False
2018-05-14 00:00:00+00:00,7721.0,7730.5,7688.1,7706.200000000001,0,0.0,False,2018-05-14 01:00:00,1.0,2018-05-14,True,False
2018-05-15 00:00:00+00:00,7704.799999999999,7752.299999999999,7685.9,7715.299999999999,0,0.0,False,2018-05-15 01:00:00,1.0,2018-05-15,True,False
2018-05-16 00:00:00+00:00,7718.1,7760.6,7701.1,7748.700000000001,0,0.0,False,2018-05-16 01:00:00,1.0,2018-05-16,True,False
2018-05-17 00:00:00+00:00,7741.9,7799.0,7713.6,7775.700000000001,0,0.0,False,2018-05-17 01:00:00,1.0,2018-05-17,True,False
2018-05-18 00:00:00+00:00,7776.4,7792.299999999999,7752.200000000001,7775.0,0,0.0,False,2018-05-18 01:00:00,1.0,2018-05-18,True,False
2018-05-21 00:00:00+00:00,7821.200000000001,7873.700000000001,7798.700000000001,7857.299999999999,0,0.0,False,2018-05-21 01:00:00,1.0,2018-05-21,True,False
2018-05-22 00:00:00+00:00,7855.5,7903.4,7847.200000000001,7864.200000000001,0,0.0,False,2018-05-22 01:00:00,1.0,2018-05-22,True,False
2018-05-23 00:00:00+00:00,7861.299999999999,7874.6,7764.4,7796.200000000001,0,0.0,False,2018-05-23 01:00:00,1.0,2018-05-23,True,False
2018-05-24 00:00:00+00:00,7791.9,7811.6,7710.299999999999,7745.700000000001,0,0.0,False,2018-05-24 01:00:00,1.0,2018-05-24,True,False
2018-05-25 00:00:00+00:00,7744.299999999999,7770.0,7702.9,7716.0,0,0.0,False,2018-05-25 01:00:00,1.0,2018-05-25,True,False
2018-05-29 00:00:00+00:00,7708.5,7711.1,7591.799999999999,7636.5,0,0.0,False,2018-05-29 01:00:00,1.0,2018-05-29,True,False
2018-05-30 00:00:00+00:00,7636.5,7725.1,7611.6,7713.200000000001,0,0.0,False,2018-05-30 01:00:00,1.0,2018-05-30,True,False
2018-05-31 00:00:00+00:00,7701.200000000001,7728.0,7649.6,7693.200000000001,0,0.0,False,2018-05-31 01:00:00,1.0,2018-05-31,True,False
2018-06-01 00:00:00+00:00,7694.0,7746.9,7684.200000000001,7707.0,0,0.0,False,2018-06-01 01:00:00,1.0,2018-06-01,True,False
2018-06-04 00:00:00+00:00,7706.200000000001,7772.1,7692.6,7727.700000000001,0,0.0,False,2018-06-04 01:00:00,1.0,2018-06-04,True,False
2018-06-05 00:00:00+00:00,7725.6,7744.1,7668.9,7679.0,0,0.0,False,2018-06-05 01:00:00,1.0,2018-06-05,True,False
2018-06-06 00:00:00+00:00,7678.299999999999,7748.700000000001,7671.4,7741.700000000001,0,0.0,False,2018-06-06 01:00:00,1.0,2018-06-06,True,False
2018-06-07 00:00:00+00:00,7731.200000000001,7770.799999999999,7665.4,7684.700000000001,0,0.0,False,2018-06-07 01:00:00,1.0,2018-06-07,True,False
2018-06-08 00:00:00+00:00,7680.9,7715.299999999999,7637.799999999999,7696.6,0,0.0,False,2018-06-08 01:00:00,1.0,2018-06-08,True,False
2018-06-11 00:00:00+00:00,7684.6,7773.700000000001,7673.799999999999,7752.4,0,0.0,False,2018-06-11 01:00:00,1.0,2018-06-11,True,False
2018-06-12 00:00:00+00:00,7750.0,7769.799999999999,7691.0,7703.5,0,0.0,False,2018-06-12 01:00:00,1.0,2018-06-12,True,False
2018-06-13 00:00:00+00:00,7703.5,7746.700000000001,7677.5,7692.799999999999,0,0.0,False,2018-06-13 01:00:00,1.0,2018-06-13,True,False
2018-06-14 00:00:00+00:00,7684.200000000001,7794.299999999999,7650.4,7767.799999999999,0,0.0,False,2018-06-14 01:00:00,1.0,2018-06-14,True,False
2018-06-15 00:00:00+00:00,7765.4,7781.700000000001,7629.0,7672.0,0,0.0,False,2018-06-15 01:00:00,1.0,2018-06-15,True,False
2018-06-18 00:00:00+00:00,7661.9,7676.9,7601.200000000001,7657.200000000001,0,0.0,False,2018-06-18 01:00:00,1.0,2018-06-18,True,False
2018-06-19 00:00:00+00:00,7657.299999999999,7661.299999999999,7543.0,7636.299999999999,0,0.0,False,2018-06-19 01:00:00,1.0,2018-06-19,True,False
2018-06-20 00:00:00+00:00,7634.200000000001,7705.799999999999,7618.5,7641.1,0,0.0,False,2018-06-20 01:00:00,1.0,2018-06-20,True,False
2018-06-21 00:00:00+00:00,7639.299999999999,7683.0,7547.700000000001,7549.6,0,0.0,False,2018-06-21 01:00:00,1.0,2018-06-21,True,False
2018-06-22 00:00:00+00:00,7548.6,7696.1,7543.4,7666.700000000001,0,0.0,False,2018-06-22 01:00:00,1.0,2018-06-22,True,False
2018-06-25 00:00:00+00:00,7665.700000000001,7673.700000000001,7485.5,7512.700000000001,0,0.0,False,2018-06-25 01:00:00,1.0,2018-06-25,True,False
2018-06-26 00:00:00+00:00,7510.700000000001,7580.700000000001,7497.799999999999,7564.799999999999,0,0.0,False,2018-06-26 01:00:00,1.0,2018-06-26,True,False
2018-06-27 00:00:00+00:00,7570.299999999999,7639.9,7511.4,7585.299999999999,0,0.0,False,2018-06-27 01:00:00,1.0,2018-06-27,True,False
2018-06-28 00:00:00+00:00,7579.1,7657.0,7572.200000000001,7651.299999999999,0,0.0,False,2018-06-28 01:00:00,1.0,2018-06-28,True,False
2018-06-29 00:00:00+00:00,7649.9,7707.1,7615.1,7624.799999999999,0,0.0,False,2018-06-29 01:00:00,1.0,2018-06-29,True,False
2018-07-02 00:00:00+00:00,7634.200000000001,7635.299999999999,7537.200000000001,7572.4,0,0.0,False,2018-07-02 01:00:00,1.0,2018-07-02,True,False
2018-07-03 00:00:00+00:00,7573.799999999999,7633.200000000001,7544.9,7575.799999999999,0,0.0,False,2018-07-03 01:00:00,1.0,2018-07-03,True,False
2018-07-04 00:00:00+00:00,7569.0,7588.5,7560.0,7580.799999999999,0,0.0,False,2018-07-04 01:00:00,1.0,2018-07-04,True,False
2018-07-05 00:00:00+00:00,7576.9,7625.799999999999,7562.6,7622.0,0,0.0,False,2018-07-05 01:00:00,1.0,2018-07-05,True,False
2018-07-06 00:00:00+00:00,7616.5,7649.799999999999,7569.5,7622.6,0,0.0,False,2018-07-06 01:00:00,1.0,2018-07-06,True,False
2018-07-09 00:00:00+00:00,7629.200000000001,7712.799999999999,7617.799999999999,7699.5,0,0.0,False,2018-07-09 01:00:00,1.0,2018-07-09,True,False
2018-07-10 00:00:00+00:00,7700.200000000001,7715.4,7655.4,7669.0,0,0.0,False,2018-07-10 01:00:00,1.0,2018-07-10,True,False
2018-07-11 00:00:00+00:00,7658.5,7682.5,7567.6,7594.0,0,0.0,False,2018-07-11 01:00:00,1.0,2018-07-11,True,False
2018-07-12 00:00:00+00:00,7597.200000000001,7675.0,7587.6,7669.200000000001,0,0.0,False,2018-07-12 01:00:00,1.0,2018-07-12,True,False
2018-07-13 00:00:00+00:00,7670.5,7717.4,7657.700000000001,7670.1,0,0.0,False,2018-07-13 01:00:00,1.0,2018-07-13,True,False
2018-07-16 00:00:00+00:00,7682.0,7686.5,7564.4,7610.700000000001,0,0.0,False,2018-07-16 01:00:00,1.0,2018-07-16,True,False
2018-07-17 00:00:00+00:00,7609.4,7682.299999999999,7580.200000000001,7659.700000000001,0,0.0,False,2018-07-17 01:00:00,1.0,2018-07-17,True,False
2018-07-18 00:00:00+00:00,7659.1,7687.1,7648.6,7668.299999999999,0,0.0,False,2018-07-18 01:00:00,1.0,2018-07-18,True,False
2018-07-19 00:00:00+00:00,7667.6,7703.299999999999,7659.5,7677.5,0,0.0,False,2018-07-19 01:00:00,1.0,2018-07-19,True,False
2018-07-20 00:00:00+00:00,7678.9,7706.200000000001,7631.0,7667.200000000001,0,0.0,False,2018-07-20 01:00:00,1.0,2018-07-20,True,False
2018-07-23 00:00:00+00:00,7674.4,7678.299999999999,7621.5,7668.6,0,0.0,False,2018-07-23 01:00:00,1.0,2018-07-23,True,False
2018-07-24 00:00:00+00:00,7667.9,7741.1,7646.799999999999,7704.299999999999,0,0.0,False,2018-07-24 01:00:00,1.0,2018-07-24,True,False
2018-07-25 00:00:00+00:00,7705.0,7716.0,7640.299999999999,7686.700000000001,0,0.0,False,2018-07-25 01:00:00,1.0,2018-07-25,True,False
2018-07-26 00:00:00+00:00,7657.799999999999,7685.5,7640.700000000001,7672.0,0,0.0,False,2018-07-26 01:00:00,1.0,2018-07-26,True,False
2018-07-27 00:00:00+00:00,7673.4,7717.6,7667.200000000001,7677.4,0,0.0,False,2018-07-27 01:00:00,1.0,2018-07-27,True,False
2018-07-30 00:00:00+00:00,7667.0,7718.0,7652.700000000001,7693.1,0,0.0,False,2018-07-30 01:00:00,1.0,2018-07-30,True,False
2018-07-31 00:00:00+00:00,7693.799999999999,7783.4,7682.5,7769.799999999999,0,0.0,False,2018-07-31 01:00:00,1.0,2018-07-31,True,False
2018-08-01 00:00:00+00:00,7765.0,7765.0,7633.0,7652.4,0,0.0,False,2018-08-01 01:00:00,1.0,2018-08-01,True,False
2018-08-02 00:00:00+00:00,7649.700000000001,7654.4,7536.200000000001,7636.6,0,0.0,False,2018-08-02 01:00:00,1.0,2018-08-02,True,False
2018-08-03 00:00:00+00:00,7637.200000000001,7680.799999999999,7590.799999999999,7675.5,0,0.0,False,2018-08-03 01:00:00,1.0,2018-08-03,True,False
2018-08-06 00:00:00+00:00,7682.0,7695.0,7635.700000000001,7657.4,0,0.0,False,2018-08-06 01:00:00,1.0,2018-08-06,True,False
2018-08-07 00:00:00+00:00,7657.4,7752.1,7656.1,7722.200000000001,0,0.0,False,2018-08-07 01:00:00,1.0,2018-08-07,True,False
2018-08-08 00:00:00+00:00,7721.5,7790.4,7707.5,7760.700000000001,0,0.0,False,2018-08-08 01:00:00,1.0,2018-08-08,True,False
2018-08-09 00:00:00+00:00,7720.200000000001,7773.9,7714.200000000001,7746.0,0,0.0,False,2018-08-09 01:00:00,1.0,2018-08-09,True,False
2018-08-10 00:00:00+00:00,7746.700000000001,7755.9,7655.0,7666.200000000001,0,0.0,False,2018-08-10 01:00:00,1.0,2018-08-10,True,False
2018-08-13 00:00:00+00:00,7665.299999999999,7666.700000000001,7613.9,7653.299999999999,0,0.0,False,2018-08-13 01:00:00,1.0,2018-08-13,True,False
2018-08-14 00:00:00+00:00,7654.6,7673.4,7598.9,7641.4,0,0.0,False,2018-08-14 01:00:00,1.0,2018-08-14,True,False
2018-08-15 00:00:00+00:00,7641.4,7648.6,7475.799999999999,7516.5,0,0.0,False,2018-08-15 01:00:00,1.0,2018-08-15,True,False
2018-08-16 00:00:00+00:00,7497.299999999999,7573.5,7491.299999999999,7550.299999999999,0,0.0,False,2018-08-16 01:00:00,1.0,2018-08-16,True,False
2018-08-17 00:00:00+00:00,7549.0,7581.6,7514.1,7561.4,0,0.0,False,2018-08-17 01:00:00,1.0,2018-08-17,True,False
2018-08-20 00:00:00+00:00,7565.799999999999,7616.9,7549.0,7589.0,0,0.0,False,2018-08-20 01:00:00,1.0,2018-08-20,True,False
2018-08-21 00:00:00+00:00,7588.4,7602.799999999999,7522.5,7531.799999999999,0,0.0,False,2018-08-21 01:00:00,1.0,2018-08-21,True,False
2018-08-22 00:00:00+00:00,7527.200000000001,7608.299999999999,7517.9,7565.299999999999,0,0.0,False,2018-08-22 01:00:00,1.0,2018-08-22,True,False
2018-08-23 00:00:00+00:00,7562.0,7602.5,7540.5,7546.799999999999,0,0.0,False,2018-08-23 01:00:00,1.0,2018-08-23,True,False
2018-08-24 00:00:00+00:00,7546.1,7587.799999999999,7536.4,7572.799999999999,0,0.0,False,2018-08-24 01:00:00,1.0,2018-08-24,True,False
2018-08-28 00:00:00+00:00,7620.299999999999,7638.700000000001,7593.9,7616.200000000001,0,0.0,False,2018-08-28 01:00:00,1.0,2018-08-28,True,False
2018-08-29 00:00:00+00:00,7617.5,7645.0,7543.799999999999,7569.299999999999,0,0.0,False,2018-08-29 01:00:00,1.0,2018-08-29,True,False
2018-08-30 00:00:00+00:00,7569.4,7571.299999999999,7487.4,7491.4,0,0.0,False,2018-08-30 01:00:00,1.0,2018-08-30,True,False
2018-08-31 00:00:00+00:00,7488.200000000001,7509.6,7419.9,7447.9,0,0.0,False,2018-08-31 01:00:00,1.0,2018-08-31,True,False
2018-09-03 00:00:00+00:00,7461.0,7516.5,7430.200000000001,7490.200000000001,0,0.0,False,2018-09-03 01:00:00,1.0,2018-09-03,True,False
2018-09-04 00:00:00+00:00,7494.4,7534.299999999999,7437.200000000001,7456.1,0,0.0,False,2018-09-04 01:00:00,1.0,2018-09-04,True,False
2018-09-05 00:00:00+00:00,7456.799999999999,7459.0,7358.299999999999,7408.200000000001,0,0.0,False,2018-09-05 01:00:00,1.0,2018-09-05,True,False
2018-09-06 00:00:00+00:00,7395.799999999999,7397.9,7307.9,7334.6,0,0.0,False,2018-09-06 01:00:00,1.0,2018-09-06,True,False
2018-09-07 00:00:00+00:00,7333.299999999999,7337.5,7226.5,7286.700000000001,0,0.0,False,2018-09-07 01:00:00,1.0,2018-09-07,True,False
2018-09-10 00:00:00+00:00,7287.700000000001,7308.799999999999,7256.1,7278.1,0,0.0,False,2018-09-10 01:00:00,1.0,2018-09-10,True,False
2018-09-11 00:00:00+00:00,7277.5,7293.9,7220.1,7280.299999999999,0,0.0,False,2018-09-11 01:00:00,1.0,2018-09-11,True,False
2018-09-12 00:00:00+00:00,7280.299999999999,7325.299999999999,7250.4,7290.5,0,0.0,False,2018-09-12 01:00:00,1.0,2018-09-12,True,False
2018-09-13 00:00:00+00:00,7289.9,7320.0,7274.700000000001,7290.4,0,0.0,False,2018-09-13 01:00:00,1.0,2018-09-13,True,False
2018-09-14 00:00:00+00:00,7289.1,7324.200000000001,7281.4,7309.299999999999,0,0.0,False,2018-09-14 01:00:00,1.0,2018-09-14,True,False
2018-09-17 00:00:00+00:00,7302.1,7319.299999999999,7264.4,7267.200000000001,0,0.0,False,2018-09-17 01:00:00,1.0,2018-09-17,True,False
2018-09-18 00:00:00+00:00,7265.6,7320.799999999999,7231.700000000001,7311.5,0,0.0,False,2018-09-18 01:00:00,1.0,2018-09-18,True,False
2018-09-19 00:00:00+00:00,7311.5,7347.4,7279.0,7347.4,0,0.0,False,2018-09-19 01:00:00,1.0,2018-09-19,True,False
2018-09-20 00:00:00+00:00,7347.700000000001,7390.5,7323.5,7390.5,0,0.0,False,2018-09-20 01:00:00,1.0,2018-09-20,True,False
2018-09-21 00:00:00+00:00,7388.0,7502.4,7376.9,7478.700000000001,0,0.0,False,2018-09-21 01:00:00,1.0,2018-09-21,True,False
2018-09-24 00:00:00+00:00,7467.4,7487.5,7450.4,7455.6,0,0.0,False,2018-09-24 01:00:00,1.0,2018-09-24,True,False
2018-09-25 00:00:00+00:00,7456.200000000001,7516.700000000001,7445.700000000001,7485.799999999999,0,0.0,False,2018-09-25 01:00:00,1.0,2018-09-25,True,False
2018-09-26 00:00:00+00:00,7485.200000000001,7522.4,7475.200000000001,7484.799999999999,0,0.0,False,2018-09-26 01:00:00,1.0,2018-09-26,True,False
2018-09-27 00:00:00+00:00,7483.5,7558.799999999999,7481.0,7547.799999999999,0,0.0,False,2018-09-27 01:00:00,1.0,2018-09-27,True,False
2018-09-28 00:00:00+00:00,7548.4,7556.700000000001,7473.799999999999,7503.1,0,0.0,False,2018-09-28 01:00:00,1.0,2018-09-28,True,False
2018-10-01 00:00:00+00:00,7519.5,7530.299999999999,7462.200000000001,7492.0,0,0.0,False,2018-10-01 01:00:00,1.0,2018-10-01,True,False
2018-10-02 00:00:00+00:00,7491.299999999999,7498.200000000001,7444.299999999999,7486.9,0,0.0,False,2018-10-02 01:00:00,1.0,2018-10-02,True,False
2018-10-03 00:00:00+00:00,7484.299999999999,7534.700000000001,7477.299999999999,7508.6,0,0.0,False,2018-10-03 01:00:00,1.0,2018-10-03,True,False
2018-10-04 00:00:00+00:00,7500.0,7513.200000000001,7393.799999999999,7430.700000000001,0,0.0,False,2018-10-04 01:00:00,1.0,2018-10-04,True,False
2018-10-05 00:00:00+00:00,7430.0,7445.299999999999,7295.9,7320.299999999999,0,0.0,False,2018-10-05 01:00:00,1.0,2018-10-05,True,False
2018-10-08 00:00:00+00:00,7341.5,7342.5,7222.6,7268.1,0,0.0,False,2018-10-08 01:00:00,1.0,2018-10-08,True,False
2018-10-09 00:00:00+00:00,7268.1,7269.4,7183.9,7234.4,0,0.0,False,2018-10-09 01:00:00,1.0,2018-10-09,True,False
2018-10-10 00:00:00+00:00,7233.1,7243.1,7041.1,7041.799999999999,0,0.0,False,2018-10-10 01:00:00,1.0,2018-10-10,True,False
2018-10-11 00:00:00+00:00,7044.200000000001,7086.1,6923.0,7004.200000000001,0,0.0,False,2018-10-11 01:00:00,1.0,2018-10-11,True,False
2018-10-12 00:00:00+00:00,7006.799999999999,7073.6,6954.299999999999,7012.299999999999,0,0.0,False,2018-10-12 01:00:00,1.0,2018-10-12,True,False
2018-10-15 00:00:00+00:00,7012.9,7044.5,6960.799999999999,7010.299999999999,0,0.0,False,2018-10-15 01:00:00,1.0,2018-10-15,True,False
2018-10-16 00:00:00+00:00,7012.299999999999,7098.299999999999,6998.6,7090.1,0,0.0,False,2018-10-16 01:00:00,1.0,2018-10-16,True,False
2018-10-17 00:00:00+00:00,7089.5,7095.799999999999,7018.799999999999,7073.0,0,0.0,False,2018-10-17 01:00:00,1.0,2018-10-17,True,False
2018-10-18 00:00:00+00:00,7066.1,7078.9,6981.200000000001,7016.4,0,0.0,False,2018-10-18 01:00:00,1.0,2018-10-18,True,False
2018-10-19 00:00:00+00:00,7015.799999999999,7070.9,7008.6,7033.6,0,0.0,False,2018-10-19 01:00:00,1.0,2018-10-19,True,False
2018-10-22 00:00:00+00:00,7007.5,7114.200000000001,7003.299999999999,7044.700000000001,0,0.0,False,2018-10-22 01:00:00,1.0,2018-10-22,True,False
2018-10-23 00:00:00+00:00,7042.1,7046.9,6928.299999999999,7017.6,0,0.0,False,2018-10-23 01:00:00,1.0,2018-10-23,True,False
2018-10-24 00:00:00+00:00,7015.700000000001,7050.5,6892.5,6936.799999999999,0,0.0,False,2018-10-24 01:00:00,1.0,2018-10-24,True,False
2018-10-25 00:00:00+00:00,6935.5,7029.6,6886.799999999999,6950.200000000001,0,0.0,False,2018-10-25 01:00:00,1.0,2018-10-25,True,False
2018-10-26 00:00:00+00:00,6941.5,6981.0,6850.6,6940.299999999999,0,0.0,False,2018-10-26 01:00:00,1.0,2018-10-26,True,False
2018-10-28 00:00:00+00:00,6967.9,6974.9,6961.9,6974.9,0,0.0,False,2018-10-28 01:00:00,1.0,2018-10-28,True,False
2018-10-29 00:00:00+00:00,6967.9,7085.9,6917.0,6973.4,0,0.0,False,2018-10-29 00:00:00,0.0,2018-10-29,True,False
2018-10-30 00:00:00+00:00,6971.5,7085.6,6967.9,7085.6,0,0.0,False,2018-10-30 00:00:00,0.0,2018-10-30,True,False
2018-10-31 00:00:00+00:00,7087.9,7161.799999999999,7064.0,7107.700000000001,0,0.0,False,2018-10-31 00:00:00,0.0,2018-10-31,True,False
2018-11-01 00:00:00+00:00,7107.700000000001,7164.1,7074.9,7122.700000000001,0,0.0,False,2018-11-01 00:00:00,0.0,2018-11-01,True,False
2018-11-02 00:00:00+00:00,7127.5,7196.700000000001,7072.200000000001,7110.200000000001,0,0.0,False,2018-11-02 00:00:00,0.0,2018-11-02,True,False
2018-11-05 00:00:00+00:00,7108.9,7141.5,7077.9,7106.9,0,0.0,False,2018-11-05 00:00:00,0.0,2018-11-05,True,False
2018-11-06 00:00:00+00:00,7105.299999999999,7124.299999999999,7026.700000000001,7065.700000000001,0,0.0,False,2018-11-06 00:00:00,0.0,2018-11-06,True,False
2018-11-07 00:00:00+00:00,7062.5,7164.4,7033.0,7157.0,0,0.0,False,2018-11-07 00:00:00,0.0,2018-11-07,True,False
2018-11-08 00:00:00+00:00,7149.0,7172.299999999999,7114.799999999999,7124.9,0,0.0,False,2018-11-08 00:00:00,0.0,2018-11-08,True,False
2018-11-09 00:00:00+00:00,7121.700000000001,7139.700000000001,7070.799999999999,7123.799999999999,0,0.0,False,2018-11-09 00:00:00,0.0,2018-11-09,True,False
2018-11-12 00:00:00+00:00,7111.1,7175.799999999999,7043.4,7056.200000000001,0,0.0,False,2018-11-12 00:00:00,0.0,2018-11-12,True,False
2018-11-13 00:00:00+00:00,7059.4,7103.6,7015.700000000001,7054.1,0,0.0,False,2018-11-13 00:00:00,0.0,2018-11-13,True,False
2018-11-14 00:00:00+00:00,7058.0,7113.9,6978.799999999999,7028.700000000001,0,0.0,False,2018-11-14 00:00:00,0.0,2018-11-14,True,False
2018-11-15 00:00:00+00:00,7009.299999999999,7104.6,6978.9,7096.200000000001,0,0.0,False,2018-11-15 00:00:00,0.0,2018-11-15,True,False
2018-11-16 00:00:00+00:00,7093.6,7093.6,6968.5,7034.799999999999,0,0.0,False,2018-11-16 00:00:00,0.0,2018-11-16,True,False
2018-11-19 00:00:00+00:00,7015.1,7071.1,6971.5,7009.799999999999,0,0.0,False,2018-11-19 00:00:00,0.0,2018-11-19,True,False
2018-11-20 00:00:00+00:00,7006.5,7009.9,6903.5,6915.299999999999,0,0.0,False,2018-11-20 00:00:00,0.0,2018-11-20,True,False
2018-11-21 00:00:00+00:00,6920.5,7066.5,6900.9,7045.1,0,0.0,False,2018-11-21 00:00:00,0.0,2018-11-21,True,False
2018-11-22 00:00:00+00:00,7038.1,7054.6,6943.799999999999,6962.700000000001,0,0.0,False,2018-11-22 00:00:00,0.0,2018-11-22,True,False
2018-11-23 00:00:00+00:00,6966.700000000001,6988.6,6912.700000000001,6945.9,0,0.0,False,2018-11-23 00:00:00,0.0,2018-11-23,True,False
2018-11-26 00:00:00+00:00,6965.0,7054.0,6954.1,7023.5,0,0.0,False,2018-11-26 00:00:00,0.0,2018-11-26,True,False
2018-11-27 00:00:00+00:00,7023.5,7084.299999999999,6983.0,7047.2,0,0.0,False,2018-11-27 00:00:00,0.0,2018-11-27,True,False
2018-11-28 00:00:00+00:00,7047.200000000001,7076.299999999999,6987.4,7065.8,0,0.0,False,2018-11-28 00:00:00,0.0,2018-11-28,True,False
2018-11-29 00:00:00+00:00,7056.799999999999,7078.9,7016.200000000001,7054.3,0,0.0,False,2018-11-29 00:00:00,0.0,2018-11-29,True,False
2018-11-30 00:00:00+00:00,7054.9,7054.9,6960.1,7010.7,0,0.0,False,2018-11-30 00:00:00,0.0,2018-11-30,True,False
2018-12-03 00:00:00+00:00,7079.700000000001,7145.700000000001,7043.6,7086.8,0,0.0,False,2018-12-03 00:00:00,0.0,2018-12-03,True,False
2018-12-04 00:00:00+00:00,7088.700000000001,7097.4,6922.700000000001,6937.4,0,0.0,False,2018-12-04 00:00:00,0.0,2018-12-04,True,False
2018-12-05 00:00:00+00:00,6931.700000000001,6976.9,6908.700000000001,6915.0,0,0.0,False,2018-12-05 00:00:00,0.0,2018-12-05,True,False
2018-12-06 00:00:00+00:00,6852.0,6891.6,6670.5,6778.7,0,0.0,False,2018-12-06 00:00:00,0.0,2018-12-06,True,False
2018-12-07 00:00:00+00:00,6777.5,6868.4,6732.799999999999,6759.0,0,0.0,False,2018-12-07 00:00:00,0.0,2018-12-07,True,False
2018-12-10 00:00:00+00:00,6726.0,6816.9,6711.299999999999,6775.4,0,0.0,False,2018-12-10 00:00:00,0.0,2018-12-10,True,False
2018-12-11 00:00:00+00:00,6777.299999999999,6858.200000000001,6741.9,6812.799999999999,0,0.0,False,2018-12-11 00:00:00,0.0,2018-12-11,True,False
2018-12-12 00:00:00+00:00,6816.0,6903.299999999999,6814.4,6859.6,0,0.0,False,2018-12-12 00:00:00,0.0,2018-12-12,True,False
2018-12-13 00:00:00+00:00,6863.700000000001,6910.700000000001,6837.6,6846.4,0,0.0,False,2018-12-13 00:00:00,0.0,2018-12-13,True,False
2018-12-14 00:00:00+00:00,6849.0,6867.1,6787.9,6800.8,0,0.0,False,2018-12-14 00:00:00,0.0,2018-12-14,True,False
2018-12-17 00:00:00+00:00,6814.299999999999,6854.6,6692.5,6741.3,0,0.0,False,2018-12-17 00:00:00,0.0,2018-12-17,True,False
2018-12-18 00:00:00+00:00,6742.0,6763.5,6656.0,6662.9,0,0.0,False,2018-12-18 00:00:00,0.0,2018-12-18,True,False
2018-12-19 00:00:00+00:00,6661.6,6792.5,6654.5,6677.5,0,0.0,False,2018-12-19 00:00:00,0.0,2018-12-19,True,False
2018-12-20 00:00:00+00:00,6682.0,6764.299999999999,6630.9,6712.9,0,0.0,False,2018-12-20 00:00:00,0.0,2018-12-20,True,False
2018-12-21 00:00:00+00:00,6706.299999999999,6750.200000000001,6630.0,6631.5,0,0.0,False,2018-12-21 00:00:00,0.0,2018-12-21,True,False
2018-12-24 00:00:00+00:00,6642.1,6698.799999999999,6624.299999999999,6675.4,0,0.0,False,2018-12-24 00:00:00,0.0,2018-12-24,True,False
2018-12-27 00:00:00+00:00,6730.5,6756.200000000001,6536.5,6656.0,0,0.0,False,2018-12-27 00:00:00,0.0,2018-12-27,True,False
2018-12-28 00:00:00+00:00,6662.299999999999,6753.1,6625.799999999999,6725.2,0,0.0,False,2018-12-28 00:00:00,0.0,2018-12-28,True,False
2018-12-31 00:00:00+00:00,6751.4,6758.9,6716.700000000001,6726.9,0,0.0,False,2018-12-31 00:00:00,0.0,2018-12-31,True,False
2019-01-02 00:00:00+00:00,6709.200000000001,6761.9,6598.6,6709.8,0,0.0,False,2019-01-02 00:00:00,0.0,2019-01-02,True,False
2019-01-03 00:00:00+00:00,6685.1,6754.200000000001,6671.799999999999,6706.4,0,0.0,False,2019-01-03 00:00:00,0.0,2019-01-03,True,False
2019-01-04 00:00:00+00:00,6705.4,6862.9,6673.9,6835.8,0,0.0,False,2019-01-04 00:00:00,0.0,2019-01-04,True,False
2019-01-07 00:00:00+00:00,6850.1,6885.6,6776.700000000001,6820.5,0,0.0,False,2019-01-07 00:00:00,0.0,2019-01-07,True,False
2019-01-08 00:00:00+00:00,6819.9,6902.1,6802.9,6878.8,0,0.0,False,2019-01-08 00:00:00,0.0,2019-01-08,True,False
2019-01-09 00:00:00+00:00,6878.200000000001,6947.1,6875.9,6896.0,0,0.0,False,2019-01-09 00:00:00,0.0,2019-01-09,True,False
2019-01-10 00:00:00+00:00,6891.4,6970.9,6860.9,6958.9,0,0.0,False,2019-01-10 00:00:00,0.0,2019-01-10,True,False
2019-01-11 00:00:00+00:00,6952.299999999999,7002.799999999999,6901.799999999999,6915.0,0,0.0,False,2019-01-11 00:00:00,0.0,2019-01-11,True,False
2019-01-14 00:00:00+00:00,6884.4,6910.5,6841.200000000001,6865.2,0,0.0,False,2019-01-14 00:00:00,0.0,2019-01-14,True,False
2019-01-15 00:00:00+00:00,6862.9,6942.6,6849.5,6875.0,0,0.0,False,2019-01-15 00:00:00,0.0,2019-01-15,True,False
2019-01-16 00:00:00+00:00,6874.700000000001,6914.1,6846.1,6858.5,0,0.0,False,2019-01-16 00:00:00,0.0,2019-01-16,True,False
2019-01-17 00:00:00+00:00,6854.0,6863.9,6798.0,6860.7,0,0.0,False,2019-01-17 00:00:00,0.0,2019-01-17,True,False
2019-01-18 00:00:00+00:00,6856.799999999999,7001.299999999999,6846.5,6993.0,0,0.0,False,2019-01-18 00:00:00,0.0,2019-01-18,True,False
2019-01-21 00:00:00+00:00,6997.4,7000.0,6954.9,6979.7,0,0.0,False,2019-01-21 00:00:00,0.0,2019-01-21,True,False
2019-01-22 00:00:00+00:00,6977.200000000001,6984.299999999999,6849.1,6861.799999999999,0,0.0,False,2019-01-22 00:00:00,0.0,2019-01-22,True,False
2019-01-23 00:00:00+00:00,6855.4,6899.0,6810.0,6841.700000000001,0,0.0,False,2019-01-23 00:00:00,0.0,2019-01-23,True,False
2019-01-24 00:00:00+00:00,6837.200000000001,6855.1,6801.4,6816.1,0,0.0,False,2019-01-24 00:00:00,0.0,2019-01-24,True,False
2019-01-25 00:00:00+00:00,6809.9,6859.1,6782.1,6784.0,0,0.0,False,2019-01-25 00:00:00,0.0,2019-01-25,True,False
2019-01-28 00:00:00+00:00,6783.299999999999,6813.200000000001,6732.299999999999,6768.1,0,0.0,False,2019-01-28 00:00:00,0.0,2019-01-28,True,False
2019-01-29 00:00:00+00:00,6766.200000000001,6882.1,6738.6,6878.6,0,0.0,False,2019-01-29 00:00:00,0.0,2019-01-29,True,False
2019-01-30 00:00:00+00:00,6882.1,6967.799999999999,6853.1,6951.5,0,0.0,False,2019-01-30 00:00:00,0.0,2019-01-30,True,False
2019-01-31 00:00:00+00:00,6952.200000000001,6995.5,6938.299999999999,6992.9,0,0.0,False,2019-01-31 00:00:00,0.0,2019-01-31,True,False
2019-02-01 00:00:00+00:00,6981.5,7033.0,6966.9,7021.6,0,0.0,False,2019-02-01 00:00:00,0.0,2019-02-01,True,False
2019-02-04 00:00:00+00:00,7017.299999999999,7068.0,7001.4,7061.2,0,0.0,False,2019-02-04 00:00:00,0.0,2019-02-04,True,False
2019-02-05 00:00:00+00:00,7058.299999999999,7186.4,7047.799999999999,7165.5,0,0.0,False,2019-02-05 00:00:00,0.0,2019-02-05,True,False
2019-02-06 00:00:00+00:00,7164.200000000001,7184.799999999999,7145.1,7154.3,0,0.0,False,2019-02-06 00:00:00,0.0,2019-02-06,True,False
2019-02-07 00:00:00+00:00,7152.9,7188.299999999999,7090.200000000001,7110.7,0,0.0,False,2019-02-07 00:00:00,0.0,2019-02-07,True,False
2019-02-08 00:00:00+00:00,7109.1,7121.6,7064.200000000001,7113.9,0,0.0,False,2019-02-08 00:00:00,0.0,2019-02-08,True,False
2019-02-11 00:00:00+00:00,7107.0,7149.4,7087.299999999999,7112.9,0,0.0,False,2019-02-11 00:00:00,0.0,2019-02-11,True,False
2019-02-12 00:00:00+00:00,7111.0,7169.299999999999,7107.700000000001,7152.7,0,0.0,False,2019-02-12 00:00:00,0.0,2019-02-12,True,False
2019-02-13 00:00:00+00:00,7148.4,7205.5,7145.1,7182.9,0,0.0,False,2019-02-13 00:00:00,0.0,2019-02-13,True,False
2019-02-14 00:00:00+00:00,7162.6,7233.4,7153.5,7196.299999999999,0,0.0,False,2019-02-14 00:00:00,0.0,2019-02-14,True,False
2019-02-15 00:00:00+00:00,7196.299999999999,7262.200000000001,7179.1,7243.799999999999,0,0.0,False,2019-02-15 00:00:00,0.0,2019-02-15,True,False
2019-02-18 00:00:00+00:00,7256.0,7259.200000000001,7208.5,7218.299999999999,0,0.0,False,2019-02-18 00:00:00,0.0,2019-02-18,True,False
2019-02-19 00:00:00+00:00,7218.799999999999,7234.9,7161.9,7176.6,0,0.0,False,2019-02-19 00:00:00,0.0,2019-02-19,True,False
2019-02-20 00:00:00+00:00,7174.700000000001,7244.799999999999,7168.200000000001,7233.799999999999,0,0.0,False,2019-02-20 00:00:00,0.0,2019-02-20,True,False
2019-02-21 00:00:00+00:00,7213.0,7239.9,7141.4,7165.5,0,0.0,False,2019-02-21 00:00:00,0.0,2019-02-21,True,False
2019-02-22 00:00:00+00:00,7164.200000000001,7221.0,7159.1,7181.6,0,0.0,False,2019-02-22 00:00:00,0.0,2019-02-22,True,False
2019-02-25 00:00:00+00:00,7201.200000000001,7213.299999999999,7154.0,7159.200000000001,0,0.0,False,2019-02-25 00:00:00,0.0,2019-02-25,True,False
2019-02-26 00:00:00+00:00,7159.200000000001,7169.9,7091.1,7127.700000000001,0,0.0,False,2019-02-26 00:00:00,0.0,2019-02-26,True,False
2019-02-27 00:00:00+00:00,7124.6,7153.4,7082.1,7115.299999999999,0,0.0,False,2019-02-27 00:00:00,0.0,2019-02-27,True,False
2019-02-28 00:00:00+00:00,7099.0,7100.200000000001,7040.4,7083.799999999999,0,0.0,False,2019-02-28 00:00:00,0.0,2019-02-28,True,False
2019-03-01 00:00:00+00:00,7079.1,7131.700000000001,7073.1,7129.9,0,0.0,False,2019-03-01 00:00:00,0.0,2019-03-01,True,False
2019-03-04 00:00:00+00:00,7151.1,7166.9,7096.200000000001,7119.799999999999,0,0.0,False,2019-03-04 00:00:00,0.0,2019-03-04,True,False
2019-03-05 00:00:00+00:00,7117.9,7192.0,7108.9,7164.0,0,0.0,False,2019-03-05 00:00:00,0.0,2019-03-05,True,False
2019-03-06 00:00:00+00:00,7159.6,7212.700000000001,7153.200000000001,7169.5,0,0.0,False,2019-03-06 00:00:00,0.0,2019-03-06,True,False
2019-03-07 00:00:00+00:00,7153.200000000001,7193.1,7127.200000000001,7138.200000000001,0,0.0,False,2019-03-07 00:00:00,0.0,2019-03-07,True,False
2019-03-08 00:00:00+00:00,7136.200000000001,7142.700000000001,7076.6,7140.700000000001,0,0.0,False,2019-03-08 00:00:00,0.0,2019-03-08,True,False
2019-03-11 00:00:00+00:00,7145.299999999999,7181.700000000001,7111.1,7137.700000000001,0,0.0,False,2019-03-11 00:00:00,0.0,2019-03-11,True,False
2019-03-12 00:00:00+00:00,7138.5,7167.299999999999,7082.200000000001,7160.4,0,0.0,False,2019-03-12 00:00:00,0.0,2019-03-12,True,False
2019-03-13 00:00:00+00:00,7159.6,7183.700000000001,7123.6,7155.299999999999,0,0.0,False,2019-03-13 00:00:00,0.0,2019-03-13,True,False
2019-03-14 00:00:00+00:00,7152.6,7216.200000000001,7133.0,7181.9,0,0.0,False,2019-03-14 00:00:00,0.0,2019-03-14,True,False
2019-03-15 00:00:00+00:00,7181.9,7244.6,7181.9,7235.1,0,0.0,False,2019-03-15 00:00:00,0.0,2019-03-15,True,False
2019-03-18 00:00:00+00:00,7232.4,7305.1,7224.200000000001,7293.200000000001,0,0.0,False,2019-03-18 00:00:00,0.0,2019-03-18,True,False
2019-03-19 00:00:00+00:00,7293.4,7350.4,7286.700000000001,7297.0,0,0.0,False,2019-03-19 00:00:00,0.0,2019-03-19,True,False
2019-03-20 00:00:00+00:00,7296.5,7341.799999999999,7275.299999999999,7305.200000000001,0,0.0,False,2019-03-20 00:00:00,0.0,2019-03-20,True,False
2019-03-21 00:00:00+00:00,7305.200000000001,7370.6,7293.299999999999,7351.1,0,0.0,False,2019-03-21 00:00:00,0.0,2019-03-21,True,False
2019-03-22 00:00:00+00:00,7351.1,7363.5,7186.200000000001,7189.0,0,0.0,False,2019-03-22 00:00:00,0.0,2019-03-22,True,False
2019-03-25 00:00:00+00:00,7204.1,7218.0,7145.799999999999,7181.700000000001,0,0.0,False,2019-03-25 00:00:00,0.0,2019-03-25,True,False
2019-03-26 00:00:00+00:00,7182.0,7221.799999999999,7169.6,7209.9,0,0.0,False,2019-03-26 00:00:00,0.0,2019-03-26,True,False
2019-03-27 00:00:00+00:00,7209.4,7227.200000000001,7159.6,7203.4,0,0.0,False,2019-03-27 00:00:00,0.0,2019-03-27,True,False
2019-03-28 00:00:00+00:00,7203.4,7265.9,7180.6,7261.799999999999,0,0.0,False,2019-03-28 00:00:00,0.0,2019-03-28,True,False
2019-03-29 00:00:00+00:00,7261.799999999999,7293.1,7234.799999999999,7291.1,0,0.0,False,2019-03-29 00:00:00,0.0,2019-03-29,True,False
2019-04-01 00:00:00+00:00,7315.700000000001,7352.1,7295.200000000001,7334.5,0,0.0,False,2019-04-01 01:00:00,1.0,2019-04-01,True,False
2019-04-02 00:00:00+00:00,7328.200000000001,7404.5,7326.1,7366.4,0,0.0,False,2019-04-02 01:00:00,1.0,2019-04-02,True,False
2019-04-03 00:00:00+00:00,7368.299999999999,7428.0,7367.700000000001,7412.6,0,0.0,False,2019-04-03 01:00:00,1.0,2019-04-03,True,False
2019-04-04 00:00:00+00:00,7404.5,7417.799999999999,7366.9,7408.200000000001,0,0.0,False,2019-04-04 01:00:00,1.0,2019-04-04,True,False
2019-04-05 00:00:00+00:00,7407.6,7461.4,7399.700000000001,7458.0,0,0.0,False,2019-04-05 01:00:00,1.0,2019-04-05,True,False
2019-04-08 00:00:00+00:00,7462.5,7466.0,7419.9,7457.200000000001,0,0.0,False,2019-04-08 01:00:00,1.0,2019-04-08,True,False
2019-04-09 00:00:00+00:00,7456.5,7477.4,7412.4,7415.6,0,0.0,False,2019-04-09 01:00:00,1.0,2019-04-09,True,False
2019-04-10 00:00:00+00:00,7415.6,7441.5,7408.299999999999,7418.9,0,0.0,False,2019-04-10 01:00:00,1.0,2019-04-10,True,False
2019-04-11 00:00:00+00:00,7409.799999999999,7441.799999999999,7383.200000000001,7426.0,0,0.0,False,2019-04-11 01:00:00,1.0,2019-04-11,True,False
2019-04-12 00:00:00+00:00,7424.700000000001,7454.700000000001,7414.299999999999,7449.6,0,0.0,False,2019-04-12 01:00:00,1.0,2019-04-12,True,False
2019-04-15 00:00:00+00:00,7453.799999999999,7454.5,7420.6,7444.200000000001,0,0.0,False,2019-04-15 01:00:00,1.0,2019-04-15,True,False
2019-04-16 00:00:00+00:00,7444.9,7485.9,7437.4,7459.5,0,0.0,False,2019-04-16 01:00:00,1.0,2019-04-16,True,False
2019-04-17 00:00:00+00:00,7457.6,7478.9,7445.9,7470.0,0,0.0,False,2019-04-17 01:00:00,1.0,2019-04-17,True,False
2019-04-18 00:00:00+00:00,7467.200000000001,7491.6,7436.700000000001,7490.6,0,0.0,False,2019-04-18 01:00:00,1.0,2019-04-18,True,False
2019-04-23 00:00:00+00:00,7495.799999999999,7528.4,7466.6,7518.700000000001,0,0.0,False,2019-04-23 01:00:00,1.0,2019-04-23,True,False
2019-04-24 00:00:00+00:00,7518.1,7523.6,7456.799999999999,7472.4,0,0.0,False,2019-04-24 01:00:00,1.0,2019-04-24,True,False
2019-04-25 00:00:00+00:00,7471.0,7482.4,7406.1,7444.1,0,0.0,False,2019-04-25 01:00:00,1.0,2019-04-25,True,False
2019-04-26 00:00:00+00:00,7440.299999999999,7447.4,7399.0,7441.4,0,0.0,False,2019-04-26 01:00:00,1.0,2019-04-26,True,False
2019-04-29 00:00:00+00:00,7440.5,7461.1,7405.9,7449.200000000001,0,0.0,False,2019-04-29 01:00:00,1.0,2019-04-29,True,False
2019-04-30 00:00:00+00:00,7449.299999999999,7456.700000000001,7393.6,7452.799999999999,0,0.0,False,2019-04-30 01:00:00,1.0,2019-04-30,True,False
2019-05-01 00:00:00+00:00,7451.6,7459.799999999999,7323.4,7325.5,0,0.0,False,2019-05-01 01:00:00,1.0,2019-05-01,True,False
2019-05-02 00:00:00+00:00,7319.799999999999,7394.0,7318.9,7344.200000000001,0,0.0,False,2019-05-02 01:00:00,1.0,2019-05-02,True,False
2019-05-03 00:00:00+00:00,7343.6,7417.6,7339.799999999999,7385.9,0,0.0,False,2019-05-03 01:00:00,1.0,2019-05-03,True,False
2019-05-07 00:00:00+00:00,7316.299999999999,7373.9,7216.9,7253.299999999999,0,0.0,False,2019-05-07 01:00:00,1.0,2019-05-07,True,False
2019-05-08 00:00:00+00:00,7250.799999999999,7289.299999999999,7222.1,7281.799999999999,0,0.0,False,2019-05-08 01:00:00,1.0,2019-05-08,True,False
2019-05-09 00:00:00+00:00,7271.5,7276.299999999999,7191.5,7249.5,0,0.0,False,2019-05-09 01:00:00,1.0,2019-05-09,True,False
2019-05-10 00:00:00+00:00,7243.9,7282.299999999999,7189.1,7274.0,0,0.0,False,2019-05-10 01:00:00,1.0,2019-05-10,True,False
2019-05-13 00:00:00+00:00,7208.700000000001,7250.5,7137.9,7147.299999999999,0,0.0,False,2019-05-13 01:00:00,1.0,2019-05-13,True,False
2019-05-14 00:00:00+00:00,7141.700000000001,7260.200000000001,7129.0,7253.5,0,0.0,False,2019-05-14 01:00:00,1.0,2019-05-14,True,False
2019-05-15 00:00:00+00:00,7255.1,7312.700000000001,7219.1,7305.5,0,0.0,False,2019-05-15 01:00:00,1.0,2019-05-15,True,False
2019-05-16 00:00:00+00:00,7280.9,7360.700000000001,7247.0,7349.0,0,0.0,False,2019-05-16 01:00:00,1.0,2019-05-16,True,False
2019-05-17 00:00:00+00:00,7350.0,7357.1,7307.1,7337.4,0,0.0,False,2019-05-17 01:00:00,1.0,2019-05-17,True,False
2019-05-20 00:00:00+00:00,7350.799999999999,7372.5,7268.200000000001,7317.5,0,0.0,False,2019-05-20 01:00:00,1.0,2019-05-20,True,False
2019-05-21 00:00:00+00:00,7318.799999999999,7369.799999999999,7308.200000000001,7354.9,0,0.0,False,2019-05-21 01:00:00,1.0,2019-05-21,True,False
2019-05-22 00:00:00+00:00,7355.5,7362.9,7339.799999999999,7351.0,0,0.0,False,2019-05-22 01:00:00,1.0,2019-05-22,True,False
2019-05-23 00:00:00+00:00,7319.9,7322.1,7210.4,7230.799999999999,0,0.0,False,2019-05-23 01:00:00,1.0,2019-05-23,True,False
2019-05-24 00:00:00+00:00,7233.299999999999,7303.0,7226.5,7277.200000000001,0,0.0,False,2019-05-24 01:00:00,1.0,2019-05-24,True,False
2019-05-28 00:00:00+00:00,7292.0,7315.0,7237.299999999999,7251.299999999999,0,0.0,False,2019-05-28 01:00:00,1.0,2019-05-28,True,False
2019-05-29 00:00:00+00:00,7249.4,7250.799999999999,7150.5,7194.6,0,0.0,False,2019-05-29 01:00:00,1.0,2019-05-29,True,False
2019-05-30 00:00:00+00:00,7185.9,7236.9,7178.5,7230.799999999999,0,0.0,False,2019-05-30 01:00:00,1.0,2019-05-30,True,False
2019-05-31 00:00:00+00:00,7227.6,7233.4,7129.700000000001,7153.0,0,0.0,False,2019-05-31 01:00:00,1.0,2019-05-31,True,False
2019-06-03 00:00:00+00:00,7123.6,7193.5,7079.4,7183.0,0,0.0,False,2019-06-03 01:00:00,1.0,2019-06-03,True,False
2019-06-04 00:00:00+00:00,7184.299999999999,7229.299999999999,7138.1,7228.1,0,0.0,False,2019-06-04 01:00:00,1.0,2019-06-04,True,False
2019-06-05 00:00:00+00:00,7230.6,7259.9,7200.4,7233.0,0,0.0,False,2019-06-05 01:00:00,1.0,2019-06-05,True,False
2019-06-06 00:00:00+00:00,7204.799999999999,7286.6,7190.700000000001,7260.700000000001,0,0.0,False,2019-06-06 01:00:00,1.0,2019-06-06,True,False
2019-06-07 00:00:00+00:00,7259.4,7348.299999999999,7254.9,7340.700000000001,0,0.0,False,2019-06-07 01:00:00,1.0,2019-06-07,True,False
2019-06-10 00:00:00+00:00,7391.4,7401.6,7348.9,7373.1,0,0.0,False,2019-06-10 01:00:00,1.0,2019-06-10,True,False
2019-06-11 00:00:00+00:00,7374.799999999999,7421.4,7359.5,7392.200000000001,0,0.0,False,2019-06-11 01:00:00,1.0,2019-06-11,True,False
2019-06-12 00:00:00+00:00,7392.200000000001,7395.4,7329.6,7362.200000000001,0,0.0,False,2019-06-12 01:00:00,1.0,2019-06-12,True,False
2019-06-13 00:00:00+00:00,7357.700000000001,7399.200000000001,7338.700000000001,7375.9,0,0.0,False,2019-06-13 01:00:00,1.0,2019-06-13,True,False
2019-06-14 00:00:00+00:00,7373.1,7384.5,7315.1,7365.0,0,0.0,False,2019-06-14 01:00:00,1.0,2019-06-14,True,False
2019-06-17 00:00:00+00:00,7372.9,7376.4,7324.6,7373.700000000001,0,0.0,False,2019-06-17 01:00:00,1.0,2019-06-17,True,False
2019-06-18 00:00:00+00:00,7374.299999999999,7469.5,7345.299999999999,7455.6,0,0.0,False,2019-06-18 01:00:00,1.0,2019-06-18,True,False
2019-06-19 00:00:00+00:00,7453.1,7463.4,7391.6,7415.4,0,0.0,False,2019-06-19 01:00:00,1.0,2019-06-19,True,False
2019-06-20 00:00:00+00:00,7411.0,7460.6,7411.0,7429.299999999999,0,0.0,False,2019-06-20 01:00:00,1.0,2019-06-20,True,False
2019-06-21 00:00:00+00:00,7428.0,7458.200000000001,7376.4,7379.299999999999,0,0.0,False,2019-06-21 01:00:00,1.0,2019-06-21,True,False
2019-06-24 00:00:00+00:00,7361.200000000001,7435.700000000001,7360.0,7405.5,0,0.0,False,2019-06-24 01:00:00,1.0,2019-06-24,True,False
2019-06-25 00:00:00+00:00,7404.799999999999,7429.700000000001,7371.0,7397.700000000001,0,0.0,False,2019-06-25 01:00:00,1.0,2019-06-25,True,False
2019-06-26 00:00:00+00:00,7396.5,7436.5,7389.0,7399.1,0,0.0,False,2019-06-26 01:00:00,1.0,2019-06-26,True,False
2019-06-27 00:00:00+00:00,7392.4,7440.6,7375.200000000001,7413.299999999999,0,0.0,False,2019-06-27 01:00:00,1.0,2019-06-27,True,False
2019-06-28 00:00:00+00:00,7413.6,7438.9,7394.799999999999,7433.9,0,0.0,False,2019-06-28 01:00:00,1.0,2019-06-28,True,False
2019-07-01 00:00:00+00:00,7499.799999999999,7530.299999999999,7465.5,7505.1,0,0.0,False,2019-07-01 01:00:00,1.0,2019-07-01,True,False
2019-07-02 00:00:00+00:00,7504.5,7573.0,7484.5,7571.0,0,0.0,False,2019-07-02 01:00:00,1.0,2019-07-02,True,False
2019-07-03 00:00:00+00:00,7569.6,7623.5,7560.0,7620.299999999999,0,0.0,False,2019-07-03 01:00:00,1.0,2019-07-03,True,False
2019-07-04 00:00:00+00:00,7620.799999999999,7627.700000000001,7598.1,7602.9,0,0.0,False,2019-07-04 01:00:00,1.0,2019-07-04,True,False
2019-07-05 00:00:00+00:00,7600.5,7608.6,7541.0,7570.700000000001,0,0.0,False,2019-07-05 01:00:00,1.0,2019-07-05,True,False
2019-07-08 00:00:00+00:00,7559.299999999999,7572.299999999999,7533.299999999999,7547.299999999999,0,0.0,False,2019-07-08 01:00:00,1.0,2019-07-08,True,False
2019-07-09 00:00:00+00:00,7545.4,7554.1,7516.9,7539.200000000001,0,0.0,False,2019-07-09 01:00:00,1.0,2019-07-09,True,False
2019-07-10 00:00:00+00:00,7539.200000000001,7559.9,7515.1,7539.5,0,0.0,False,2019-07-10 01:00:00,1.0,2019-07-10,True,False
2019-07-11 00:00:00+00:00,7538.1,7560.4,7501.0,7533.1,0,0.0,False,2019-07-11 01:00:00,1.0,2019-07-11,True,False
2019-07-12 00:00:00+00:00,7530.6,7544.1,7493.0,7500.0,0,0.0,False,2019-07-12 01:00:00,1.0,2019-07-12,True,False
2019-07-15 00:00:00+00:00,7495.6,7548.6,7485.1,7533.700000000001,0,0.0,False,2019-07-15 01:00:00,1.0,2019-07-15,True,False
2019-07-16 00:00:00+00:00,7533.700000000001,7591.1,7527.0,7552.4,0,0.0,False,2019-07-16 01:00:00,1.0,2019-07-16,True,False
2019-07-17 00:00:00+00:00,7552.5,7577.799999999999,7511.700000000001,7514.0,0,0.0,False,2019-07-17 01:00:00,1.0,2019-07-17,True,False
2019-07-18 00:00:00+00:00,7512.700000000001,7523.5,7481.9,7504.6,0,0.0,False,2019-07-18 01:00:00,1.0,2019-07-18,True,False
2019-07-19 00:00:00+00:00,7505.9,7546.700000000001,7474.299999999999,7506.200000000001,0,0.0,False,2019-07-19 01:00:00,1.0,2019-07-19,True,False
2019-07-22 00:00:00+00:00,7493.6,7550.1,7488.700000000001,7520.799999999999,0,0.0,False,2019-07-22 01:00:00,1.0,2019-07-22,True,False
2019-07-23 00:00:00+00:00,7519.9,7599.200000000001,7517.4,7556.9,0,0.0,False,2019-07-23 01:00:00,1.0,2019-07-23,True,False
2019-07-24 00:00:00+00:00,7556.9,7569.5,7478.4,7510.6,0,0.0,False,2019-07-24 01:00:00,1.0,2019-07-24,True,False
2019-07-25 00:00:00+00:00,7508.4,7543.4,7462.0,7471.799999999999,0,0.0,False,2019-07-25 01:00:00,1.0,2019-07-25,True,False
2019-07-26 00:00:00+00:00,7475.200000000001,7564.6,7474.6,7559.1,0,0.0,False,2019-07-26 01:00:00,1.0,2019-07-26,True,False
2019-07-29 00:00:00+00:00,7547.700000000001,7711.799999999999,7547.700000000001,7693.799999999999,0,0.0,False,2019-07-29 01:00:00,1.0,2019-07-29,True,False
2019-07-30 00:00:00+00:00,7692.5,7731.4,7631.5,7647.6,0,0.0,False,2019-07-30 01:00:00,1.0,2019-07-30,True,False
2019-07-31 00:00:00+00:00,7650.1,7664.1,7524.700000000001,7566.5,0,0.0,False,2019-07-31 01:00:00,1.0,2019-07-31,True,False
2019-08-01 00:00:00+00:00,7559.200000000001,7611.299999999999,7487.200000000001,7493.200000000001,0,0.0,False,2019-08-01 01:00:00,1.0,2019-08-01,True,False
2019-08-02 00:00:00+00:00,7497.0,7508.799999999999,7382.1,7395.299999999999,0,0.0,False,2019-08-02 01:00:00,1.0,2019-08-02,True,False
2019-08-05 00:00:00+00:00,7390.700000000001,7392.1,7150.4,7161.5,0,0.0,False,2019-08-05 01:00:00,1.0,2019-08-05,True,False
2019-08-06 00:00:00+00:00,7141.200000000001,7243.200000000001,7048.299999999999,7201.9,0,0.0,False,2019-08-06 01:00:00,1.0,2019-08-06,True,False
2019-08-07 00:00:00+00:00,7197.6,7256.299999999999,7153.9,7241.6,0,0.0,False,2019-08-07 01:00:00,1.0,2019-08-07,True,False
2019-08-08 00:00:00+00:00,7208.799999999999,7297.0,7181.200000000001,7289.1,0,0.0,False,2019-08-08 01:00:00,1.0,2019-08-08,True,False
2019-08-09 00:00:00+00:00,7263.200000000001,7306.1,7236.4,7285.700000000001,0,0.0,False,2019-08-09 01:00:00,1.0,2019-08-09,True,False
2019-08-12 00:00:00+00:00,7292.1,7306.200000000001,7200.700000000001,7210.4,0,0.0,False,2019-08-12 01:00:00,1.0,2019-08-12,True,False
2019-08-13 00:00:00+00:00,7210.4,7295.1,7165.799999999999,7289.0,0,0.0,False,2019-08-13 01:00:00,1.0,2019-08-13,True,False
2019-08-14 00:00:00+00:00,7287.1,7294.799999999999,7096.4,7097.9,0,0.0,False,2019-08-14 01:00:00,1.0,2019-08-14,True,False
2019-08-15 00:00:00+00:00,7061.1,7144.799999999999,7018.6,7085.799999999999,0,0.0,False,2019-08-15 01:00:00,1.0,2019-08-15,True,False
2019-08-16 00:00:00+00:00,7084.299999999999,7130.700000000001,7075.4,7125.700000000001,0,0.0,False,2019-08-16 01:00:00,1.0,2019-08-16,True,False
2019-08-19 00:00:00+00:00,7134.700000000001,7215.299999999999,7132.799999999999,7174.5,0,0.0,False,2019-08-19 01:00:00,1.0,2019-08-19,True,False
2019-08-20 00:00:00+00:00,7172.700000000001,7232.799999999999,7092.0,7094.4,0,0.0,False,2019-08-20 01:00:00,1.0,2019-08-20,True,False
2019-08-21 00:00:00+00:00,7089.799999999999,7215.5,7088.9,7211.5,0,0.0,False,2019-08-21 01:00:00,1.0,2019-08-21,True,False
2019-08-22 00:00:00+00:00,7205.799999999999,7218.9,7104.1,7124.799999999999,0,0.0,False,2019-08-22 01:00:00,1.0,2019-08-22,True,False
2019-08-23 00:00:00+00:00,7124.799999999999,7189.200000000001,7027.1,7028.700000000001,0,0.0,False,2019-08-23 01:00:00,1.0,2019-08-23,True,False
2019-08-27 00:00:00+00:00,7100.700000000001,7110.9,7044.1,7064.299999999999,0,0.0,False,2019-08-27 01:00:00,1.0,2019-08-27,True,False
2019-08-28 00:00:00+00:00,7063.1,7133.299999999999,7048.700000000001,7101.200000000001,0,0.0,False,2019-08-28 01:00:00,1.0,2019-08-28,True,False
2019-08-29 00:00:00+00:00,7099.200000000001,7200.5,7086.5,7183.5,0,0.0,False,2019-08-29 01:00:00,1.0,2019-08-29,True,False
2019-08-30 00:00:00+00:00,7182.299999999999,7240.5,7176.799999999999,7231.299999999999,0,0.0,False,2019-08-30 01:00:00,1.0,2019-08-30,True,False
2019-09-02 00:00:00+00:00,7177.799999999999,7316.0,7164.5,7280.200000000001,0,0.0,False,2019-09-02 01:00:00,1.0,2019-09-02,True,False
2019-09-03 00:00:00+00:00,7270.4,7317.4,7238.1,7271.9,0,0.0,False,2019-09-03 01:00:00,1.0,2019-09-03,True,False
2019-09-04 00:00:00+00:00,7268.799999999999,7335.0,7263.0,7306.700000000001,0,0.0,False,2019-09-04 01:00:00,1.0,2019-09-04,True,False
2019-09-05 00:00:00+00:00,7295.799999999999,7350.200000000001,7241.799999999999,7243.1,0,0.0,False,2019-09-05 01:00:00,1.0,2019-09-05,True,False
2019-09-06 00:00:00+00:00,7244.0,7296.299999999999,7243.6,7291.200000000001,0,0.0,False,2019-09-06 01:00:00,1.0,2019-09-06,True,False
2019-09-09 00:00:00+00:00,7294.799999999999,7326.799999999999,7205.0,7238.799999999999,0,0.0,False,2019-09-09 01:00:00,1.0,2019-09-09,True,False
2019-09-10 00:00:00+00:00,7238.9,7287.799999999999,7199.4,7284.700000000001,0,0.0,False,2019-09-10 01:00:00,1.0,2019-09-10,True,False
2019-09-11 00:00:00+00:00,7283.5,7358.4,7274.6,7353.799999999999,0,0.0,False,2019-09-11 01:00:00,1.0,2019-09-11,True,False
2019-09-12 00:00:00+00:00,7355.0,7396.700000000001,7302.6,7350.0,0,0.0,False,2019-09-12 01:00:00,1.0,2019-09-12,True,False
2019-09-13 00:00:00+00:00,7353.6,7380.299999999999,7317.700000000001,7336.0,0,0.0,False,2019-09-13 01:00:00,1.0,2019-09-13,True,False
2019-09-16 00:00:00+00:00,7301.700000000001,7367.4,7282.5,7332.6,0,0.0,False,2019-09-16 01:00:00,1.0,2019-09-16,True,False
2019-09-17 00:00:00+00:00,7332.0,7350.5,7291.299999999999,7313.4,0,0.0,False,2019-09-17 01:00:00,1.0,2019-09-17,True,False
2019-09-18 00:00:00+00:00,7314.0,7351.6,7298.0,7313.9,0,0.0,False,2019-09-18 01:00:00,1.0,2019-09-18,True,False
2019-09-19 00:00:00+00:00,7315.1,7372.5,7286.9,7322.5,0,0.0,False,2019-09-19 01:00:00,1.0,2019-09-19,True,False
2019-09-20 00:00:00+00:00,7322.5,7377.0,7310.4,7326.9,0,0.0,False,2019-09-20 01:00:00,1.0,2019-09-20,True,False
2019-09-23 00:00:00+00:00,7338.5,7361.4,7283.200000000001,7352.700000000001,0,0.0,False,2019-09-23 01:00:00,1.0,2019-09-23,True,False
2019-09-24 00:00:00+00:00,7353.4,7378.1,7246.1,7259.4,0,0.0,False,2019-09-24 01:00:00,1.0,2019-09-24,True,False
2019-09-25 00:00:00+00:00,7257.6,7313.9,7212.9,7299.9,0,0.0,False,2019-09-25 01:00:00,1.0,2019-09-25,True,False
2019-09-26 00:00:00+00:00,7299.1,7387.5,7274.200000000001,7375.4,0,0.0,False,2019-09-26 01:00:00,1.0,2019-09-26,True,False
2019-09-27 00:00:00+00:00,7376.0,7441.0,7357.1,7401.0,0,0.0,False,2019-09-27 01:00:00,1.0,2019-09-27,True,False
2019-09-30 00:00:00+00:00,7434.799999999999,7444.4,7401.4,7425.299999999999,0,0.0,False,2019-09-30 01:00:00,1.0,2019-09-30,True,False
2019-10-01 00:00:00+00:00,7423.1,7434.299999999999,7308.0,7321.4,0,0.0,False,2019-10-01 01:00:00,1.0,2019-10-01,True,False
2019-10-02 00:00:00+00:00,7322.0,7334.700000000001,7092.4,7107.5,0,0.0,False,2019-10-02 01:00:00,1.0,2019-10-02,True,False
2019-10-03 00:00:00+00:00,7099.0,7124.5,7003.9,7122.1,0,0.0,False,2019-10-03 01:00:00,1.0,2019-10-03,True,False
2019-10-04 00:00:00+00:00,7122.700000000001,7172.1,7078.1,7171.0,0,0.0,False,2019-10-04 01:00:00,1.0,2019-10-04,True,False
2019-10-07 00:00:00+00:00,7121.0,7217.700000000001,7117.4,7184.9,0,0.0,False,2019-10-07 01:00:00,1.0,2019-10-07,True,False
2019-10-08 00:00:00+00:00,7181.799999999999,7227.700000000001,7138.0,7145.700000000001,0,0.0,False,2019-10-08 01:00:00,1.0,2019-10-08,True,False
2019-10-09 00:00:00+00:00,7145.700000000001,7198.6,7133.4,7190.9,0,0.0,False,2019-10-09 01:00:00,1.0,2019-10-09,True,False
2019-10-10 00:00:00+00:00,7182.1,7213.5,7110.4,7165.4,0,0.0,False,2019-10-10 01:00:00,1.0,2019-10-10,True,False
2019-10-11 00:00:00+00:00,7164.799999999999,7254.1,7143.4,7225.700000000001,0,0.0,False,2019-10-11 01:00:00,1.0,2019-10-11,True,False
2019-10-14 00:00:00+00:00,7223.1,7258.5,7193.1,7223.1,0,0.0,False,2019-10-14 01:00:00,1.0,2019-10-14,True,False
2019-10-15 00:00:00+00:00,7224.299999999999,7244.799999999999,7176.299999999999,7204.9,0,0.0,False,2019-10-15 01:00:00,1.0,2019-10-15,True,False
2019-10-16 00:00:00+00:00,7205.200000000001,7218.1,7149.700000000001,7171.0,0,0.0,False,2019-10-16 01:00:00,1.0,2019-10-16,True,False
2019-10-17 00:00:00+00:00,7169.9,7239.0,7158.700000000001,7182.700000000001,0,0.0,False,2019-10-17 01:00:00,1.0,2019-10-17,True,False
2019-10-18 00:00:00+00:00,7182.1,7197.799999999999,7132.1,7139.700000000001,0,0.0,False,2019-10-18 01:00:00,1.0,2019-10-18,True,False
2019-10-21 00:00:00+00:00,7138.9,7197.6,7137.200000000001,7165.0,0,0.0,False,2019-10-21 01:00:00,1.0,2019-10-21,True,False
2019-10-22 00:00:00+00:00,7166.6,7230.0,7146.4,7193.1,0,0.0,False,2019-10-22 01:00:00,1.0,2019-10-22,True,False
2019-10-23 00:00:00+00:00,7196.1,7267.5,7186.5,7259.9,0,0.0,False,2019-10-23 01:00:00,1.0,2019-10-23,True,False
2019-10-24 00:00:00+00:00,7259.299999999999,7339.6,7250.200000000001,7306.5,0,0.0,False,2019-10-24 01:00:00,1.0,2019-10-24,True,False
2019-10-25 00:00:00+00:00,7308.9,7336.799999999999,7279.6,7326.1,0,0.0,False,2019-10-25 01:00:00,1.0,2019-10-25,True,False
2019-10-28 00:00:00+00:00,7326.1,7347.5,7290.799999999999,7337.299999999999,0,0.0,False,2019-10-28 00:00:00,0.0,2019-10-28,True,False
2019-10-29 00:00:00+00:00,7337.299999999999,7345.0,7264.4,7310.799999999999,0,0.0,False,2019-10-29 00:00:00,0.0,2019-10-29,True,False
2019-10-30 00:00:00+00:00,7311.299999999999,7342.299999999999,7283.4,7337.299999999999,0,0.0,False,2019-10-30 00:00:00,0.0,2019-10-30,True,False
2019-10-31 00:00:00+00:00,7338.4,7341.4,7240.9,7264.4,0,0.0,False,2019-10-31 00:00:00,0.0,2019-10-31,True,False
2019-11-01 00:00:00+00:00,7265.9,7313.9,7256.200000000001,7309.700000000001,0,0.0,False,2019-11-01 00:00:00,0.0,2019-11-01,True,False
2019-11-04 00:00:00+00:00,7316.200000000001,7393.200000000001,7314.5,7374.299999999999,0,0.0,False,2019-11-04 00:00:00,0.0,2019-11-04,True,False
2019-11-05 00:00:00+00:00,7375.5,7407.799999999999,7362.4,7377.6,0,0.0,False,2019-11-05 00:00:00,0.0,2019-11-05,True,False
2019-11-06 00:00:00+00:00,7378.200000000001,7404.200000000001,7362.299999999999,7400.700000000001,0,0.0,False,2019-11-06 00:00:00,0.0,2019-11-06,True,False
2019-11-07 00:00:00+00:00,7394.299999999999,7433.5,7382.9,7405.200000000001,0,0.0,False,2019-11-07 00:00:00,0.0,2019-11-07,True,False
2019-11-08 00:00:00+00:00,7405.799999999999,7414.0,7348.299999999999,7382.200000000001,0,0.0,False,2019-11-08 00:00:00,0.0,2019-11-08,True,False
2019-11-11 00:00:00+00:00,7379.299999999999,7379.9,7257.700000000001,7343.6,0,0.0,False,2019-11-11 00:00:00,0.0,2019-11-11,True,False
2019-11-12 00:00:00+00:00,7343.700000000001,7390.9,7323.0,7357.200000000001,0,0.0,False,2019-11-12 00:00:00,0.0,2019-11-12,True,False
2019-11-13 00:00:00+00:00,7357.799999999999,7365.799999999999,7301.799999999999,7361.5,0,0.0,False,2019-11-13 00:00:00,0.0,2019-11-13,True,False
2019-11-14 00:00:00+00:00,7345.6,7354.6,7283.200000000001,7308.5,0,0.0,False,2019-11-14 00:00:00,0.0,2019-11-14,True,False
2019-11-15 00:00:00+00:00,7307.299999999999,7339.1,7241.5,7313.1,0,0.0,False,2019-11-15 00:00:00,0.0,2019-11-15,True,False
2019-11-18 00:00:00+00:00,7304.6,7335.1,7292.700000000001,7311.5,0,0.0,False,2019-11-18 00:00:00,0.0,2019-11-18,True,False
2019-11-19 00:00:00+00:00,7311.5,7405.200000000001,7296.799999999999,7318.6,0,0.0,False,2019-11-19 00:00:00,0.0,2019-11-19,True,False
2019-11-20 00:00:00+00:00,7318.0,7323.5,7218.1,7253.5,0,0.0,False,2019-11-20 00:00:00,0.0,2019-11-20,True,False
2019-11-21 00:00:00+00:00,7222.200000000001,7253.700000000001,7196.6,7250.200000000001,0,0.0,False,2019-11-21 00:00:00,0.0,2019-11-21,True,False
2019-11-22 00:00:00+00:00,7250.5,7343.799999999999,7242.700000000001,7339.799999999999,0,0.0,False,2019-11-22 00:00:00,0.0,2019-11-22,True,False
2019-11-25 00:00:00+00:00,7354.1,7401.9,7344.4,7396.200000000001,0,0.0,False,2019-11-25 00:00:00,0.0,2019-11-25,True,False
2019-11-26 00:00:00+00:00,7395.6,7429.299999999999,7383.6,7412.1,0,0.0,False,2019-11-26 00:00:00,0.0,2019-11-26,True,False
2019-11-27 00:00:00+00:00,7411.5,7446.700000000001,7402.5,7435.4,0,0.0,False,2019-11-27 00:00:00,0.0,2019-11-27,True,False
2019-11-28 00:00:00+00:00,7427.9,7428.5,7384.6,7412.799999999999,0,0.0,False,2019-11-28 00:00:00,0.0,2019-11-28,True,False
2019-11-29 00:00:00+00:00,7413.1,7422.4,7336.299999999999,7341.6,0,0.0,False,2019-11-29 00:00:00,0.0,2019-11-29,True,False
2019-12-02 00:00:00+00:00,7352.5,7401.5,7274.4,7292.0,0,0.0,False,2019-12-02 00:00:00,0.0,2019-12-02,True,False
2019-12-03 00:00:00+00:00,7294.9,7308.6,7134.0,7183.6,0,0.0,False,2019-12-03 00:00:00,0.0,2019-12-03,True,False
2019-12-04 00:00:00+00:00,7183.1,7202.799999999999,7133.0,7193.0,0,0.0,False,2019-12-04 00:00:00,0.0,2019-12-04,True,False
2019-12-05 00:00:00+00:00,7192.700000000001,7202.0,7129.0,7139.4,0,0.0,False,2019-12-05 00:00:00,0.0,2019-12-05,True,False
2019-12-06 00:00:00+00:00,7139.4,7246.1,7136.0,7230.6,0,0.0,False,2019-12-06 00:00:00,0.0,2019-12-06,True,False
2019-12-09 00:00:00+00:00,7233.700000000001,7256.700000000001,7209.9,7225.4,0,0.0,False,2019-12-09 00:00:00,0.0,2019-12-09,True,False
2019-12-10 00:00:00+00:00,7227.1,7244.200000000001,7136.799999999999,7213.6,0,0.0,False,2019-12-10 00:00:00,0.0,2019-12-10,True,False
2019-12-11 00:00:00+00:00,7209.6,7252.9,7193.9,7222.1,0,0.0,False,2019-12-11 00:00:00,0.0,2019-12-11,True,False
2019-12-12 00:00:00+00:00,7220.4,7308.4,7218.0,7283.299999999999,0,0.0,False,2019-12-12 00:00:00,0.0,2019-12-12,True,False
2019-12-13 00:00:00+00:00,7298.4,7429.9,7244.0,7376.4,0,0.0,False,2019-12-13 00:00:00,0.0,2019-12-13,True,False
2019-12-16 00:00:00+00:00,7388.299999999999,7553.0,7373.9,7523.5,0,0.0,False,2019-12-16 00:00:00,0.0,2019-12-16,True,False
2019-12-17 00:00:00+00:00,7522.0,7542.5,7496.4,7512.299999999999,0,0.0,False,2019-12-17 00:00:00,0.0,2019-12-17,True,False
2019-12-18 00:00:00+00:00,7510.299999999999,7561.200000000001,7497.1,7555.5,0,0.0,False,2019-12-18 00:00:00,0.0,2019-12-18,True,False
2019-12-19 00:00:00+00:00,7555.5,7583.5,7525.1,7575.4,0,0.0,False,2019-12-19 00:00:00,0.0,2019-12-19,True,False
2019-12-20 00:00:00+00:00,7576.6,7605.799999999999,7557.0,7570.5,0,0.0,False,2019-12-20 00:00:00,0.0,2019-12-20,True,False
2019-12-23 00:00:00+00:00,7575.200000000001,7632.4,7557.5,7627.299999999999,0,0.0,False,2019-12-23 00:00:00,0.0,2019-12-23,True,False
2019-12-24 00:00:00+00:00,7621.9,7636.0,7607.4,7634.799999999999,0,0.0,False,2019-12-24 00:00:00,0.0,2019-12-24,True,False
2019-12-27 00:00:00+00:00,7677.0,7678.299999999999,7622.4,7633.799999999999,0,0.0,False,2019-12-27 00:00:00,0.0,2019-12-27,True,False
2019-12-30 00:00:00+00:00,7629.200000000001,7642.4,7568.4,7572.799999999999,0,0.0,False,2019-12-30 00:00:00,0.0,2019-12-30,True,False
2019-12-31 00:00:00+00:00,7572.5,7579.9,7531.6,7542.799999999999,0,0.0,False,2019-12-31 00:00:00,0.0,2019-12-31,True,False
2020-01-02 00:00:00+00:00,7585.200000000001,7634.4,7549.299999999999,7631.5,0,0.0,False,2020-01-02 00:00:00,0.0,2020-01-02,True,False
2020-01-03 00:00:00+00:00,7630.4,7637.5,7549.6,7597.5,0,0.0,False,2020-01-03 00:00:00,0.0,2020-01-03,True,False
2020-01-06 00:00:00+00:00,7563.9,7599.5,7526.6,7578.9,0,0.0,False,2020-01-06 00:00:00,0.0,2020-01-06,True,False
2020-01-07 00:00:00+00:00,7581.200000000001,7621.1,7546.200000000001,7562.5,0,0.0,False,2020-01-07 00:00:00,0.0,2020-01-07,True,False
2020-01-08 00:00:00+00:00,7559.200000000001,7610.200000000001,7464.6,7599.200000000001,0,0.0,False,2020-01-08 00:00:00,0.0,2020-01-08,True,False
2020-01-09 00:00:00+00:00,7602.1,7629.1,7581.4,7617.200000000001,0,0.0,False,2020-01-09 00:00:00,0.0,2020-01-09,True,False
2020-01-10 00:00:00+00:00,7617.200000000001,7633.6,7565.0,7572.700000000001,0,0.0,False,2020-01-10 00:00:00,0.0,2020-01-10,True,False
2020-01-13 00:00:00+00:00,7579.4,7636.9,7574.1,7621.0,0,0.0,False,2020-01-13 00:00:00,0.0,2020-01-13,True,False
2020-01-14 00:00:00+00:00,7623.0,7651.6,7588.1,7634.9,0,0.0,False,2020-01-14 00:00:00,0.0,2020-01-14,True,False
2020-01-15 00:00:00+00:00,7635.5,7644.799999999999,7608.9,7632.700000000001,0,0.0,False,2020-01-15 00:00:00,0.0,2020-01-15,True,False
2020-01-16 00:00:00+00:00,7630.5,7654.299999999999,7595.4,7622.5,0,0.0,False,2020-01-16 00:00:00,0.0,2020-01-16,True,False
2020-01-17 00:00:00+00:00,7621.4,7689.700000000001,7620.5,7685.9,0,0.0,False,2020-01-17 00:00:00,0.0,2020-01-17,True,False
2020-01-20 00:00:00+00:00,7674.799999999999,7691.299999999999,7639.299999999999,7655.4,0,0.0,False,2020-01-20 00:00:00,0.0,2020-01-20,True,False
2020-01-21 00:00:00+00:00,7654.4,7657.200000000001,7550.0,7591.200000000001,0,0.0,False,2020-01-21 00:00:00,0.0,2020-01-21,True,False
2020-01-22 00:00:00+00:00,7593.5,7638.200000000001,7553.1,7557.1,0,0.0,False,2020-01-22 00:00:00,0.0,2020-01-22,True,False
2020-01-23 00:00:00+00:00,7557.1,7574.799999999999,7501.9,7551.9,0,0.0,False,2020-01-23 00:00:00,0.0,2020-01-23,True,False
2020-01-24 00:00:00+00:00,7553.0,7642.1,7538.9,7554.4,0,0.0,False,2020-01-24 00:00:00,0.0,2020-01-24,True,False
2020-01-27 00:00:00+00:00,7489.200000000001,7531.5,7391.9,7404.299999999999,0,0.0,False,2020-01-27 00:00:00,0.0,2020-01-27,True,False
2020-01-28 00:00:00+00:00,7401.0,7493.9,7398.700000000001,7489.5,0,0.0,False,2020-01-28 00:00:00,0.0,2020-01-28,True,False
2020-01-29 00:00:00+00:00,7486.700000000001,7515.200000000001,7459.4,7471.9,0,0.0,False,2020-01-29 00:00:00,0.0,2020-01-29,True,False
2020-01-30 00:00:00+00:00,7472.9,7492.4,7356.700000000001,7439.5,0,0.0,False,2020-01-30 00:00:00,0.0,2020-01-30,True,False
2020-01-31 00:00:00+00:00,7432.4,7454.1,7232.200000000001,7260.6,0,0.0,False,2020-01-31 00:00:00,0.0,2020-01-31,True,False
2020-02-03 00:00:00+00:00,7280.5,7361.5,7262.299999999999,7323.1,0,0.0,False,2020-02-03 00:00:00,0.0,2020-02-03,True,False
2020-02-04 00:00:00+00:00,7320.9,7441.299999999999,7306.1,7431.6,0,0.0,False,2020-02-04 00:00:00,0.0,2020-02-04,True,False
2020-02-05 00:00:00+00:00,7431.1,7512.799999999999,7397.299999999999,7499.0,0,0.0,False,2020-02-05 00:00:00,0.0,2020-02-05,True,False
2020-02-06 00:00:00+00:00,7501.9,7538.5,7484.4,7522.4,0,0.0,False,2020-02-06 00:00:00,0.0,2020-02-06,True,False
2020-02-07 00:00:00+00:00,7524.0,7525.700000000001,7440.9,7453.5,0,0.0,False,2020-02-07 00:00:00,0.0,2020-02-07,True,False
2020-02-10 00:00:00+00:00,7456.4,7470.299999999999,7400.200000000001,7468.1,0,0.0,False,2020-02-10 00:00:00,0.0,2020-02-10,True,False
2020-02-11 00:00:00+00:00,7464.799999999999,7530.1,7461.5,7505.5,0,0.0,False,2020-02-11 00:00:00,0.0,2020-02-11,True,False
2020-02-12 00:00:00+00:00,7507.200000000001,7562.299999999999,7492.5,7560.700000000001,0,0.0,False,2020-02-12 00:00:00,0.0,2020-02-12,True,False
2020-02-13 00:00:00+00:00,7543.700000000001,7544.5,7405.4,7454.6,0,0.0,False,2020-02-13 00:00:00,0.0,2020-02-13,True,False
2020-02-14 00:00:00+00:00,7456.299999999999,7474.200000000001,7388.9,7411.299999999999,0,0.0,False,2020-02-14 00:00:00,0.0,2020-02-14,True,False
2020-02-17 00:00:00+00:00,7429.299999999999,7451.5,7406.6,7428.799999999999,0,0.0,False,2020-02-17 00:00:00,0.0,2020-02-17,True,False
2020-02-18 00:00:00+00:00,7405.0,7422.9,7351.700000000001,7403.4,0,0.0,False,2020-02-18 00:00:00,0.0,2020-02-18,True,False
2020-02-19 00:00:00+00:00,7406.1,7473.6,7403.1,7469.299999999999,0,0.0,False,2020-02-19 00:00:00,0.0,2020-02-19,True,False
2020-02-20 00:00:00+00:00,7466.299999999999,7481.200000000001,7423.200000000001,7446.1,0,0.0,False,2020-02-20 00:00:00,0.0,2020-02-20,True,False
2020-02-21 00:00:00+00:00,7446.5,7452.9,7368.299999999999,7406.1,0,0.0,False,2020-02-21 00:00:00,0.0,2020-02-21,True,False
2020-02-24 00:00:00+00:00,7339.9,7347.700000000001,7111.200000000001,7128.6,0,0.0,False,2020-02-24 00:00:00,0.0,2020-02-24,True,False
2020-02-25 00:00:00+00:00,7120.9,7203.1,6910.700000000001,6950.9,0,0.0,False,2020-02-25 00:00:00,0.0,2020-02-25,True,False
2020-02-26 00:00:00+00:00,6949.5,7049.799999999999,6870.0,6928.6,0,0.0,False,2020-02-26 00:00:00,0.0,2020-02-26,True,False
2020-02-27 00:00:00+00:00,6888.5,6949.200000000001,6625.200000000001,6637.799999999999,0,0.0,False,2020-02-27 00:00:00,0.0,2020-02-27,True,False
2020-02-28 00:00:00+00:00,6636.700000000001,6688.4,6456.4,6651.700000000001,0,0.0,False,2020-02-28 00:00:00,0.0,2020-02-28,True,False
2020-03-02 00:00:00+00:00,6470.4,6774.9,6466.5,6713.9,0,0.0,False,2020-03-02 00:00:00,0.0,2020-03-02,True,False
2020-03-03 00:00:00+00:00,6727.799999999999,6848.299999999999,6607.6,6627.1,0,0.0,False,2020-03-03 00:00:00,0.0,2020-03-03,True,False
2020-03-04 00:00:00+00:00,6625.299999999999,6891.4,6597.5,6847.799999999999,0,0.0,False,2020-03-04 00:00:00,0.0,2020-03-04,True,False
2020-03-05 00:00:00+00:00,6825.4,6845.700000000001,6601.5,6626.700000000001,0,0.0,False,2020-03-05 00:00:00,0.0,2020-03-05,True,False
2020-03-06 00:00:00+00:00,6630.0,6657.9,6403.5,6469.6,0,0.0,False,2020-03-06 00:00:00,0.0,2020-03-06,True,False
2020-03-09 00:00:00+00:00,6188.200000000001,6285.9,5810.0,5812.6,0,0.0,False,2020-03-09 00:00:00,0.0,2020-03-09,True,False
2020-03-10 00:00:00+00:00,5812.4,6231.5,5709.1,6155.200000000001,0,0.0,False,2020-03-10 00:00:00,0.0,2020-03-10,True,False
2020-03-11 00:00:00+00:00,6154.200000000001,6154.200000000001,5773.6,5829.1,0,0.0,False,2020-03-11 00:00:00,0.0,2020-03-11,True,False
2020-03-12 00:00:00+00:00,5828.4,5904.5,5201.700000000001,5286.200000000001,0,0.0,False,2020-03-12 00:00:00,0.0,2020-03-12,True,False
2020-03-13 00:00:00+00:00,5285.799999999999,5699.9,5209.4,5679.299999999999,0,0.0,False,2020-03-13 00:00:00,0.0,2020-03-13,True,False
2020-03-16 00:00:00+00:00,5679.0,5679.0,4840.700000000001,5053.700000000001,0,0.0,False,2020-03-16 00:00:00,0.0,2020-03-16,True,False
2020-03-17 00:00:00+00:00,5052.299999999999,5376.5,4983.200000000001,5259.299999999999,0,0.0,False,2020-03-17 00:00:00,0.0,2020-03-17,True,False
2020-03-18 00:00:00+00:00,5258.6,5278.6,4942.5,5092.0,0,0.0,False,2020-03-18 00:00:00,0.0,2020-03-18,True,False
2020-03-19 00:00:00+00:00,5094.5,5287.0,4831.5,5187.799999999999,0,0.0,False,2020-03-19 00:00:00,0.0,2020-03-19,True,False
2020-03-20 00:00:00+00:00,5190.799999999999,5427.799999999999,4998.299999999999,5018.6,0,0.0,False,2020-03-20 00:00:00,0.0,2020-03-20,True,False
2020-03-23 00:00:00+00:00,5020.5,5200.700000000001,4781.5,5010.5,0,0.0,False,2020-03-23 00:00:00,0.0,2020-03-23,True,False
2020-03-24 00:00:00+00:00,5016.799999999999,5463.0,5016.799999999999,5455.299999999999,0,0.0,False,2020-03-24 00:00:00,0.0,2020-03-24,True,False
2020-03-25 00:00:00+00:00,5454.5,5753.5,5364.9,5613.4,0,0.0,False,2020-03-25 00:00:00,0.0,2020-03-25,True,False
2020-03-26 00:00:00+00:00,5614.299999999999,5825.299999999999,5467.0,5806.0,0,0.0,False,2020-03-26 00:00:00,0.0,2020-03-26,True,False
2020-03-27 00:00:00+00:00,5805.299999999999,5829.299999999999,5403.4,5444.799999999999,0,0.0,False,2020-03-27 00:00:00,0.0,2020-03-27,True,False
2020-03-30 00:00:00+00:00,5442.799999999999,5589.4,5330.799999999999,5574.799999999999,0,0.0,False,2020-03-30 01:00:00,1.0,2020-03-30,True,False
2020-03-31 00:00:00+00:00,5575.9,5704.5,5516.0,5582.799999999999,0,0.0,False,2020-03-31 01:00:00,1.0,2020-03-31,True,False
2020-04-01 00:00:00+00:00,5579.0,5579.0,5346.5,5367.200000000001,0,0.0,False,2020-04-01 01:00:00,1.0,2020-04-01,True,False
2020-04-02 00:00:00+00:00,5371.299999999999,5558.4,5358.700000000001,5489.4,0,0.0,False,2020-04-02 01:00:00,1.0,2020-04-02,True,False
2020-04-03 00:00:00+00:00,5485.6,5507.700000000001,5353.200000000001,5386.5,0,0.0,False,2020-04-03 01:00:00,1.0,2020-04-03,True,False
2020-04-06 00:00:00+00:00,5466.799999999999,5662.299999999999,5428.9,5639.799999999999,0,0.0,False,2020-04-06 01:00:00,1.0,2020-04-06,True,False
2020-04-07 00:00:00+00:00,5635.299999999999,5782.0,5572.799999999999,5604.700000000001,0,0.0,False,2020-04-07 01:00:00,1.0,2020-04-07,True,False
2020-04-08 00:00:00+00:00,5613.9,5729.700000000001,5576.1,5710.0,0,0.0,False,2020-04-08 01:00:00,1.0,2020-04-08,True,False
2020-04-09 00:00:00+00:00,5706.1,5888.799999999999,5682.1,5882.4,0,0.0,False,2020-04-09 01:00:00,1.0,2020-04-09,True,False
2020-04-14 00:00:00+00:00,5841.299999999999,5945.9,5776.799999999999,5808.1,0,0.0,False,2020-04-14 01:00:00,1.0,2020-04-14,True,False
2020-04-15 00:00:00+00:00,5808.1,5810.4,5563.200000000001,5569.1,0,0.0,False,2020-04-15 01:00:00,1.0,2020-04-15,True,False
2020-04-16 00:00:00+00:00,5562.9,5738.4,5528.0,5737.1,0,0.0,False,2020-04-16 01:00:00,1.0,2020-04-16,True,False
2020-04-17 00:00:00+00:00,5804.799999999999,5837.799999999999,5731.200000000001,5823.5,0,0.0,False,2020-04-17 01:00:00,1.0,2020-04-17,True,False
2020-04-20 00:00:00+00:00,5796.5,5850.6,5705.700000000001,5729.6,0,0.0,False,2020-04-20 01:00:00,1.0,2020-04-20,True,False
2020-04-21 00:00:00+00:00,5720.700000000001,5768.0,5628.1,5653.5,0,0.0,False,2020-04-21 01:00:00,1.0,2020-04-21,True,False
2020-04-22 00:00:00+00:00,5662.5,5786.299999999999,5631.6,5778.200000000001,0,0.0,False,2020-04-22 01:00:00,1.0,2020-04-22,True,False
2020-04-23 00:00:00+00:00,5775.299999999999,5844.0,5734.5,5759.6,0,0.0,False,2020-04-23 01:00:00,1.0,2020-04-23,True,False
2020-04-24 00:00:00+00:00,5747.200000000001,5811.799999999999,5718.1,5799.4,0,0.0,False,2020-04-24 01:00:00,1.0,2020-04-24,True,False
2020-04-27 00:00:00+00:00,5799.4,5878.299999999999,5768.799999999999,5860.5,0,0.0,False,2020-04-27 01:00:00,1.0,2020-04-27,True,False
2020-04-28 00:00:00+00:00,5862.0,5978.700000000001,5830.299999999999,5928.200000000001,0,0.0,False,2020-04-28 01:00:00,1.0,2020-04-28,True,False
2020-04-29 00:00:00+00:00,5950.700000000001,6170.1,5925.299999999999,6168.5,0,0.0,False,2020-04-29 01:00:00,1.0,2020-04-29,True,False
2020-04-30 00:00:00+00:00,6159.5,6208.4,5834.700000000001,5843.0,0,0.0,False,2020-04-30 01:00:00,1.0,2020-04-30,True,False
2020-05-01 00:00:00+00:00,5820.6,5861.200000000001,5742.0,5758.200000000001,0,0.0,False,2020-05-01 01:00:00,1.0,2020-05-01,True,False
2020-05-04 00:00:00+00:00,5691.299999999999,5816.700000000001,5661.299999999999,5797.4,0,0.0,False,2020-05-04 01:00:00,1.0,2020-05-04,True,False
2020-05-05 00:00:00+00:00,5796.1,5870.5,5790.4,5818.4,0,0.0,False,2020-05-05 01:00:00,1.0,2020-05-05,True,False
2020-05-06 00:00:00+00:00,5815.4,5917.5,5788.1,5812.9,0,0.0,False,2020-05-06 01:00:00,1.0,2020-05-06,True,False
2020-05-07 00:00:00+00:00,5802.1,5951.799999999999,5798.0,5917.5,0,0.0,False,2020-05-07 01:00:00,1.0,2020-05-07,True,False
2020-05-11 00:00:00+00:00,6056.299999999999,6056.6,5895.5,5951.6,0,0.0,False,2020-05-11 01:00:00,1.0,2020-05-11,True,False
2020-05-12 00:00:00+00:00,5953.1,6013.5,5872.1,5881.200000000001,0,0.0,False,2020-05-12 01:00:00,1.0,2020-05-12,True,False
2020-05-13 00:00:00+00:00,5882.6,5953.5,5833.799999999999,5879.0,0,0.0,False,2020-05-13 01:00:00,1.0,2020-05-13,True,False
2020-05-14 00:00:00+00:00,5873.6,5883.700000000001,5660.1,5787.799999999999,0,0.0,False,2020-05-14 01:00:00,1.0,2020-05-14,True,False
2020-05-15 00:00:00+00:00,5783.0,5849.299999999999,5758.4,5834.0,0,0.0,False,2020-05-15 01:00:00,1.0,2020-05-15,True,False
2020-05-18 00:00:00+00:00,5815.700000000001,6081.4,5811.700000000001,6055.799999999999,0,0.0,False,2020-05-18 01:00:00,1.0,2020-05-18,True,False
2020-05-19 00:00:00+00:00,6056.5,6117.1,5934.4,5941.0,0,0.0,False,2020-05-19 01:00:00,1.0,2020-05-19,True,False
2020-05-20 00:00:00+00:00,5933.4,6079.200000000001,5923.200000000001,6076.4,0,0.0,False,2020-05-20 01:00:00,1.0,2020-05-20,True,False
2020-05-21 00:00:00+00:00,6074.799999999999,6094.799999999999,6003.1,6007.4,0,0.0,False,2020-05-21 01:00:00,1.0,2020-05-21,True,False
2020-05-22 00:00:00+00:00,6007.4,6044.4,5888.9,6011.0,0,0.0,False,2020-05-22 01:00:00,1.0,2020-05-22,True,False
2020-05-26 00:00:00+00:00,6087.700000000001,6162.0,6040.9,6057.299999999999,0,0.0,False,2020-05-26 01:00:00,1.0,2020-05-26,True,False
2020-05-27 00:00:00+00:00,6058.0,6182.5,6047.1,6177.4,0,0.0,False,2020-05-27 01:00:00,1.0,2020-05-27,True,False
2020-05-28 00:00:00+00:00,6172.200000000001,6304.5,6151.9,6197.6,0,0.0,False,2020-05-28 01:00:00,1.0,2020-05-28,True,False
2020-05-29 00:00:00+00:00,6193.5,6200.4,6041.6,6108.799999999999,0,0.0,False,2020-05-29 01:00:00,1.0,2020-05-29,True,False
2020-06-01 00:00:00+00:00,6061.1,6203.1,6040.299999999999,6200.6,0,0.0,False,2020-06-01 01:00:00,1.0,2020-06-01,True,False
2020-06-02 00:00:00+00:00,6198.1,6245.299999999999,6156.6,6239.299999999999,0,0.0,False,2020-06-02 01:00:00,1.0,2020-06-02,True,False
2020-06-03 00:00:00+00:00,6241.299999999999,6407.1,6232.700000000001,6384.299999999999,0,0.0,False,2020-06-03 01:00:00,1.0,2020-06-03,True,False
2020-06-04 00:00:00+00:00,6384.4,6420.6,6313.4,6348.299999999999,0,0.0,False,2020-06-04 01:00:00,1.0,2020-06-04,True,False
2020-06-05 00:00:00+00:00,6346.5,6500.6,6329.9,6458.299999999999,0,0.0,False,2020-06-05 01:00:00,1.0,2020-06-05,True,False
2020-06-08 00:00:00+00:00,6478.4,6513.700000000001,6422.6,6501.299999999999,0,0.0,False,2020-06-08 01:00:00,1.0,2020-06-08,True,False
2020-06-09 00:00:00+00:00,6502.9,6515.0,6315.1,6334.799999999999,0,0.0,False,2020-06-09 01:00:00,1.0,2020-06-09,True,False
2020-06-10 00:00:00+00:00,6333.299999999999,6389.0,6292.6,6300.799999999999,0,0.0,False,2020-06-10 01:00:00,1.0,2020-06-10,True,False
2020-06-11 00:00:00+00:00,6294.4,6302.299999999999,5965.4,6004.0,0,0.0,False,2020-06-11 01:00:00,1.0,2020-06-11,True,False
2020-06-12 00:00:00+00:00,5998.200000000001,6185.6,5980.799999999999,6128.799999999999,0,0.0,False,2020-06-12 01:00:00,1.0,2020-06-12,True,False
2020-06-15 00:00:00+00:00,6050.6,6156.4,5931.299999999999,6152.799999999999,0,0.0,False,2020-06-15 01:00:00,1.0,2020-06-15,True,False
2020-06-16 00:00:00+00:00,6151.799999999999,6300.200000000001,6139.299999999999,6245.5,0,0.0,False,2020-06-16 01:00:00,1.0,2020-06-16,True,False
2020-06-17 00:00:00+00:00,6236.5,6311.0,6210.4,6235.299999999999,0,0.0,False,2020-06-17 01:00:00,1.0,2020-06-17,True,False
2020-06-18 00:00:00+00:00,6229.700000000001,6286.9,6146.5,6212.9,0,0.0,False,2020-06-18 01:00:00,1.0,2020-06-18,True,False
2020-06-19 00:00:00+00:00,6208.700000000001,6321.200000000001,6207.799999999999,6235.299999999999,0,0.0,False,2020-06-19 01:00:00,1.0,2020-06-19,True,False
2020-06-22 00:00:00+00:00,6156.6,6310.700000000001,6151.799999999999,6276.9,0,0.0,False,2020-06-22 01:00:00,1.0,2020-06-22,True,False
2020-06-23 00:00:00+00:00,6279.4,6342.9,6191.299999999999,6270.9,0,0.0,False,2020-06-23 01:00:00,1.0,2020-06-23,True,False
2020-06-24 00:00:00+00:00,6271.4,6307.9,6096.6,6134.0,0,0.0,False,2020-06-24 01:00:00,1.0,2020-06-24,True,False
2020-06-25 00:00:00+00:00,6126.6,6229.700000000001,6027.6,6218.1,0,0.0,False,2020-06-25 01:00:00,1.0,2020-06-25,True,False
2020-06-26 00:00:00+00:00,6213.6,6262.799999999999,6133.200000000001,6141.200000000001,0,0.0,False,2020-06-26 01:00:00,1.0,2020-06-26,True,False
2020-06-29 00:00:00+00:00,6120.0,6252.200000000001,6108.200000000001,6239.6,0,0.0,False,2020-06-29 01:00:00,1.0,2020-06-29,True,False
2020-06-30 00:00:00+00:00,6238.1,6265.5,6146.4,6177.799999999999,0,0.0,False,2020-06-30 01:00:00,1.0,2020-06-30,True,False
2020-07-01 00:00:00+00:00,6180.299999999999,6204.0,6083.5,6176.0,0,0.0,False,2020-07-01 01:00:00,1.0,2020-07-01,True,False
2020-07-02 00:00:00+00:00,6169.5,6259.1,6152.5,6239.700000000001,0,0.0,False,2020-07-02 01:00:00,1.0,2020-07-02,True,False
2020-07-03 00:00:00+00:00,6239.9,6264.6,6135.799999999999,6177.299999999999,0,0.0,False,2020-07-03 01:00:00,1.0,2020-07-03,True,False
2020-07-06 00:00:00+00:00,6192.4,6306.799999999999,6188.1,6286.6,0,0.0,False,2020-07-06 01:00:00,1.0,2020-07-06,True,False
2020-07-07 00:00:00+00:00,6288.1,6320.5,6152.4,6156.9,0,0.0,False,2020-07-07 01:00:00,1.0,2020-07-07,True,False
2020-07-08 00:00:00+00:00,6156.4,6210.299999999999,6124.4,6195.4,0,0.0,False,2020-07-08 01:00:00,1.0,2020-07-08,True,False
2020-07-09 00:00:00+00:00,6191.799999999999,6208.799999999999,6030.700000000001,6068.0,0,0.0,False,2020-07-09 01:00:00,1.0,2020-07-09,True,False
2020-07-10 00:00:00+00:00,6068.700000000001,6134.299999999999,5996.1,6132.299999999999,0,0.0,False,2020-07-10 01:00:00,1.0,2020-07-10,True,False
2020-07-13 00:00:00+00:00,6159.4,6194.0,6085.200000000001,6100.4,0,0.0,False,2020-07-13 01:00:00,1.0,2020-07-13,True,False
2020-07-14 00:00:00+00:00,6101.4,6212.299999999999,6089.4,6196.5,0,0.0,False,2020-07-14 01:00:00,1.0,2020-07-14,True,False
2020-07-15 00:00:00+00:00,6235.1,6324.700000000001,6207.1,6299.1,0,0.0,False,2020-07-15 01:00:00,1.0,2020-07-15,True,False
2020-07-16 00:00:00+00:00,6302.299999999999,6312.299999999999,6225.6,6248.700000000001,0,0.0,False,2020-07-16 01:00:00,1.0,2020-07-16,True,False
2020-07-17 00:00:00+00:00,6253.299999999999,6300.5,6229.299999999999,6297.5,0,0.0,False,2020-07-17 01:00:00,1.0,2020-07-17,True,False
2020-07-20 00:00:00+00:00,6295.4,6309.700000000001,6220.700000000001,6262.1,0,0.0,False,2020-07-20 01:00:00,1.0,2020-07-20,True,False
2020-07-21 00:00:00+00:00,6261.700000000001,6316.700000000001,6238.1,6244.6,0,0.0,False,2020-07-21 01:00:00,1.0,2020-07-21,True,False
2020-07-22 00:00:00+00:00,6244.6,6276.6,6196.700000000001,6210.4,0,0.0,False,2020-07-22 01:00:00,1.0,2020-07-22,True,False
2020-07-23 00:00:00+00:00,6209.5,6274.200000000001,6150.4,6172.0,0,0.0,False,2020-07-23 01:00:00,1.0,2020-07-23,True,False
2020-07-24 00:00:00+00:00,6172.0,6184.200000000001,6097.5,6113.200000000001,0,0.0,False,2020-07-24 01:00:00,1.0,2020-07-24,True,False
2020-07-27 00:00:00+00:00,6111.1,6144.700000000001,6084.200000000001,6137.799999999999,0,0.0,False,2020-07-27 01:00:00,1.0,2020-07-27,True,False
2020-07-28 00:00:00+00:00,6138.700000000001,6164.799999999999,6081.200000000001,6106.9,0,0.0,False,2020-07-28 01:00:00,1.0,2020-07-28,True,False
2020-07-29 00:00:00+00:00,6109.5,6164.0,6103.4,6160.4,0,0.0,False,2020-07-29 01:00:00,1.0,2020-07-29,True,False
2020-07-30 00:00:00+00:00,6160.4,6160.4,5923.5,6054.4,0,0.0,False,2020-07-30 01:00:00,1.0,2020-07-30,True,False
2020-07-31 00:00:00+00:00,6055.4,6061.799999999999,5852.1,5901.5,0,0.0,False,2020-07-31 01:00:00,1.0,2020-07-31,True,False
2020-08-03 00:00:00+00:00,5912.200000000001,6039.1,5855.6,6018.700000000001,0,0.0,False,2020-08-03 01:00:00,1.0,2020-08-03,True,False
2020-08-04 00:00:00+00:00,6021.700000000001,6063.200000000001,5985.200000000001,6042.4,0,0.0,False,2020-08-04 01:00:00,1.0,2020-08-04,True,False
2020-08-05 00:00:00+00:00,6044.5,6112.6,6025.200000000001,6071.1,0,0.0,False,2020-08-05 01:00:00,1.0,2020-08-05,True,False
2020-08-06 00:00:00+00:00,6064.299999999999,6098.700000000001,5979.5,6058.5,0,0.0,False,2020-08-06 01:00:00,1.0,2020-08-06,True,False
2020-08-07 00:00:00+00:00,6055.9,6057.0,5994.4,6054.4,0,0.0,False,2020-08-07 01:00:00,1.0,2020-08-07,True,False
2020-08-10 00:00:00+00:00,6048.799999999999,6101.1,6026.700000000001,6076.4,0,0.0,False,2020-08-10 01:00:00,1.0,2020-08-10,True,False
2020-08-11 00:00:00+00:00,6071.9,6205.799999999999,6066.5,6143.799999999999,0,0.0,False,2020-08-11 01:00:00,1.0,2020-08-11,True,False
2020-08-12 00:00:00+00:00,6148.799999999999,6297.6,6129.299999999999,6265.1,0,0.0,False,2020-08-12 01:00:00,1.0,2020-08-12,True,False
2020-08-13 00:00:00+00:00,6242.299999999999,6250.799999999999,6159.799999999999,6184.0,0,0.0,False,2020-08-13 01:00:00,1.0,2020-08-13,True,False
2020-08-14 00:00:00+00:00,6183.1,6202.6,6034.700000000001,6085.9,0,0.0,False,2020-08-14 01:00:00,1.0,2020-08-14,True,False
2020-08-17 00:00:00+00:00,6084.4,6139.9,6058.700000000001,6119.799999999999,0,0.0,False,2020-08-17 01:00:00,1.0,2020-08-17,True,False
2020-08-18 00:00:00+00:00,6119.299999999999,6163.200000000001,6059.299999999999,6074.5,0,0.0,False,2020-08-18 01:00:00,1.0,2020-08-18,True,False
2020-08-19 00:00:00+00:00,6076.299999999999,6119.0,6043.9,6078.4,0,0.0,False,2020-08-19 01:00:00,1.0,2020-08-19,True,False
2020-08-20 00:00:00+00:00,6071.799999999999,6080.700000000001,6008.299999999999,6013.700000000001,0,0.0,False,2020-08-20 01:00:00,1.0,2020-08-20,True,False
2020-08-21 00:00:00+00:00,6014.6,6047.5,5948.1,6016.4,0,0.0,False,2020-08-21 01:00:00,1.0,2020-08-21,True,False
2020-08-24 00:00:00+00:00,6026.4,6120.9,6005.6,6110.700000000001,39361,0.0,True,2020-08-24 01:00:00,1.0,2020-08-24,True,False
2020-08-25 00:00:00+00:00,6112.1,6175.200000000001,6015.1,6057.4,40784,0.0,True,2020-08-25 01:00:00,1.0,2020-08-25,True,False
2020-08-26 00:00:00+00:00,6058.5,6065.9,5991.200000000001,6060.0,38390,0.0,True,2020-08-26 01:00:00,1.0,2020-08-26,True,False
2020-08-27 00:00:00+00:00,6057.0,6063.4,5987.200000000001,6013.0,51173,0.0,True,2020-08-27 01:00:00,1.0,2020-08-27,True,False
2020-08-28 00:00:00+00:00,6014.5,6045.1,5953.5,5986.700000000001,51256,0.0,True,2020-08-28 01:00:00,1.0,2020-08-28,True,False
2020-09-01 00:00:00+00:00,5971.700000000001,5977.4,5823.4,5879.0,58800,0.0,True,2020-09-01 01:00:00,1.0,2020-09-01,True,False
2020-09-02 00:00:00+00:00,5878.5,5976.4,5871.5,5967.799999999999,55151,0.0,True,2020-09-02 01:00:00,1.0,2020-09-02,True,False
2020-09-03 00:00:00+00:00,5963.799999999999,5998.4,5794.1,5824.700000000001,88652,0.0,True,2020-09-03 01:00:00,1.0,2020-09-03,True,False
2020-09-04 00:00:00+00:00,5812.1,5905.0,5767.9,5836.0,111064,0.0,True,2020-09-04 01:00:00,1.0,2020-09-04,True,False
2020-09-07 00:00:00+00:00,5810.700000000001,5948.0,5781.700000000001,5938.200000000001,59921,0.0,True,2020-09-07 01:00:00,1.0,2020-09-07,True,False
2020-09-08 00:00:00+00:00,5938.4,5986.9,5867.6,5907.5,104693,0.0,True,2020-09-08 01:00:00,1.0,2020-09-08,True,False
2020-09-09 00:00:00+00:00,5859.700000000001,6036.9,5848.5,6003.700000000001,80087,0.0,True,2020-09-09 01:00:00,1.0,2020-09-09,True,False
2020-09-10 00:00:00+00:00,6009.6,6032.9,5949.799999999999,5963.299999999999,85950,0.0,True,2020-09-10 01:00:00,1.0,2020-09-10,True,False
2020-09-11 00:00:00+00:00,5971.1,6058.4,5963.9,6020.5,78318,0.0,True,2020-09-11 01:00:00,1.0,2020-09-11,True,False
2020-09-14 00:00:00+00:00,6046.1,6081.200000000001,6007.299999999999,6012.200000000001,51238,0.0,True,2020-09-14 01:00:00,1.0,2020-09-14,True,False
2020-09-15 00:00:00+00:00,6018.4,6126.6,6012.5,6088.700000000001,43639,0.0,True,2020-09-15 01:00:00,1.0,2020-09-15,True,False
2020-09-16 00:00:00+00:00,6091.299999999999,6120.1,6056.9,6079.6,34593,0.0,True,2020-09-16 01:00:00,1.0,2020-09-16,True,False
2020-09-17 00:00:00+00:00,6082.799999999999,6090.0,5996.9,6044.5,53815,0.0,True,2020-09-17 01:00:00,1.0,2020-09-17,True,False
2020-09-18 00:00:00+00:00,6039.799999999999,6069.0,5977.9,5996.299999999999,55217,0.0,True,2020-09-18 01:00:00,1.0,2020-09-18,True,False
2020-09-21 00:00:00+00:00,5974.9,6011.6,5778.799999999999,5837.4,75054,0.0,True,2020-09-21 01:00:00,1.0,2020-09-21,True,False
2020-09-22 00:00:00+00:00,5831.4,5891.799999999999,5793.9,5881.299999999999,66680,0.0,True,2020-09-22 01:00:00,1.0,2020-09-22,True,False
2020-09-23 00:00:00+00:00,5884.299999999999,5975.299999999999,5845.200000000001,5860.6,64091,0.0,True,2020-09-23 01:00:00,1.0,2020-09-23,True,False
2020-09-24 00:00:00+00:00,5858.6,5895.5,5804.5,5839.1,77911,0.0,True,2020-09-24 01:00:00,1.0,2020-09-24,True,False
2020-09-25 00:00:00+00:00,5843.299999999999,5880.0,5770.0,5876.5,63206,0.0,True,2020-09-25 01:00:00,1.0,2020-09-25,True,False
2020-09-28 00:00:00+00:00,5888.5,5956.6,5874.1,5950.200000000001,49210,0.0,True,2020-09-28 01:00:00,1.0,2020-09-28,True,False
2020-09-29 00:00:00+00:00,5946.299999999999,5964.200000000001,5861.6,5903.0,45582,0.0,True,2020-09-29 01:00:00,1.0,2020-09-29,True,False
2020-09-30 00:00:00+00:00,5898.1,5934.799999999999,5839.6,5847.0,70068,0.0,True,2020-09-30 01:00:00,1.0,2020-09-30,True,False
2020-10-01 00:00:00+00:00,5856.700000000001,5926.700000000001,5848.9,5875.200000000001,56262,0.0,True,2020-10-01 01:00:00,1.0,2020-10-01,True,False
2020-10-02 00:00:00+00:00,5875.1,5916.4,5794.9,5898.0,69122,0.0,True,2020-10-02 01:00:00,1.0,2020-10-02,True,False
2020-10-05 00:00:00+00:00,5918.700000000001,5975.9,5913.4,5954.4,42663,0.0,True,2020-10-05 01:00:00,1.0,2020-10-05,True,False
2020-10-06 00:00:00+00:00,5955.6,5972.299999999999,5883.1,5896.799999999999,51676,0.0,True,2020-10-06 01:00:00,1.0,2020-10-06,True,False
2020-10-07 00:00:00+00:00,5908.799999999999,5976.4,5888.799999999999,5949.700000000001,46341,0.0,True,2020-10-07 01:00:00,1.0,2020-10-07,True,False
2020-10-08 00:00:00+00:00,5948.5,6013.6,5929.200000000001,6010.1,40325,0.0,True,2020-10-08 01:00:00,1.0,2020-10-08,True,False
2020-10-09 00:00:00+00:00,6006.5,6041.6,5990.6,6006.299999999999,33082,0.0,True,2020-10-09 01:00:00,1.0,2020-10-09,True,False
2020-10-12 00:00:00+00:00,6009.1,6038.5,5992.4,6027.8,36132,0.0,True,2020-10-12 01:00:00,1.0,2020-10-12,True,False
2020-10-13 00:00:00+00:00,6025.4,6035.0,5950.2,5972.5,44526,0.0,True,2020-10-13 01:00:00,1.0,2020-10-13,True,False
2020-10-14 00:00:00+00:00,5975.6,6010.0,5903.9,5905.6,43763,0.0,True,2020-10-14 01:00:00,1.0,2020-10-14,True,False
2020-10-15 00:00:00+00:00,5907.6,5933.7,5784.7,5866.4,56527,0.0,True,2020-10-15 01:00:00,1.0,2020-10-15,True,False
2020-10-16 00:00:00+00:00,5865.8,5934.3,5858.7,5911.5,50718,0.0,True,2020-10-16 01:00:00,1.0,2020-10-16,True,False
2020-10-19 00:00:00+00:00,5922.1,5961.9,5846.8,5872.5,45251,0.0,True,2020-10-19 01:00:00,1.0,2020-10-19,True,False
2020-10-20 00:00:00+00:00,5868.5,5916.7,5855.6,5881.9,53395,0.0,True,2020-10-20 01:00:00,1.0,2020-10-20,True,False
2020-10-21 00:00:00+00:00,5896.7,5917.5,5757.3,5765.2,58264,0.0,True,2020-10-21 01:00:00,1.0,2020-10-21,True,False
2020-10-22 00:00:00+00:00,5763.8,5810.2,5715.4,5809.6,59393,0.0,True,2020-10-22 01:00:00,1.0,2020-10-22,True,False
2020-10-23 00:00:00+00:00,5809.7,5885.7,5781.8,5871.6,42915,0.0,True,2020-10-23 01:00:00,1.0,2020-10-23,True,False
2020-10-26 00:00:00+00:00,5852.8,5868.8,5756.1,5794.4,60669,0.0,True,2020-10-26 00:00:00,0.0,2020-10-26,True,False
2020-10-27 00:00:00+00:00,5798.0,5816.3,5695.3,5695.5,57579,0.0,True,2020-10-27 00:00:00,0.0,2020-10-27,True,False
2020-10-28 00:00:00+00:00,5698.9,5717.7,5524.9,5550.9,87262,0.0,True,2020-10-28 00:00:00,0.0,2020-10-28,True,False
2020-10-29 00:00:00+00:00,5555.1,5632.4,5533.7,5589.8,87764,0.0,True,2020-10-29 00:00:00,0.0,2020-10-29,True,False
2020-10-30 00:00:00+00:00,5588.5,5610.2,5488.5,5598.8,90278,0.0,True,2020-10-30 00:00:00,0.0,2020-10-30,True,False
2020-11-02 00:00:00+00:00,5569.1,5673.0,5506.6,5665.7,75841,0.0,True,2020-11-02 00:00:00,0.0,2020-11-02,True,False
2020-11-03 00:00:00+00:00,5664.2,5807.6,5660.5,5791.3,69663,0.0,True,2020-11-03 00:00:00,0.0,2020-11-03,True,False
2020-11-04 00:00:00+00:00,5799.9,5903.2,5656.5,5860.7,134489,0.0,True,2020-11-04 00:00:00,0.0,2020-11-04,True,False
2020-11-05 00:00:00+00:00,5868.3,5933.3,5836.4,5901.7,84433,0.0,True,2020-11-05 00:00:00,0.0,2020-11-05,True,False
2020-11-06 00:00:00+00:00,5895.6,5951.3,5858.0,5908.8,69243,0.0,True,2020-11-06 00:00:00,0.0,2020-11-06,True,False
2020-11-09 00:00:00+00:00,5933.6,6259.1,5928.6,6155.1,104541,0.0,True,2020-11-09 00:00:00,0.0,2020-11-09,True,False
2020-11-10 00:00:00+00:00,6164.9,6316.3,6104.2,6286.9,108658,0.0,True,2020-11-10 00:00:00,0.0,2020-11-10,True,False
2020-11-11 00:00:00+00:00,6288.0,6398.9,6261.5,6377.9,73827,0.0,True,2020-11-11 00:00:00,0.0,2020-11-11,True,False
2020-11-12 00:00:00+00:00,6365.6,6371.0,6266.8,6290.5,68165,0.0,True,2020-11-12 00:00:00,0.0,2020-11-12,True,False
2020-11-13 00:00:00+00:00,6286.9,6352.0,6258.7,6348.5,51308,0.0,True,2020-11-13 00:00:00,0.0,2020-11-13,True,False
2020-11-16 00:00:00+00:00,6355.0,6464.5,6331.5,6421.3,62904,0.0,True,2020-11-16 00:00:00,0.0,2020-11-16,True,False
2020-11-17 00:00:00+00:00,6422.8,6428.3,6309.1,6353.3,47955,0.0,True,2020-11-17 00:00:00,0.0,2020-11-17,True,False
2020-11-18 00:00:00+00:00,6356.4,6396.9,6309.0,6317.0,47591,0.0,True,2020-11-18 00:00:00,0.0,2020-11-18,True,False
2020-11-19 00:00:00+00:00,6329.2,6375.3,6304.0,6337.4,52927,0.0,True,2020-11-19 00:00:00,0.0,2020-11-19,True,False
2020-11-20 00:00:00+00:00,6345.8,6393.0,6319.5,6355.6,45519,0.0,True,2020-11-20 00:00:00,0.0,2020-11-20,True,False
2020-11-23 00:00:00+00:00,6357.2,6392.3,6323.0,6354.3,49416,0.0,True,2020-11-23 00:00:00,0.0,2020-11-23,True,False
2020-11-24 00:00:00+00:00,6355.6,6462.7,6352.3,6454.8,44376,0.0,True,2020-11-24 00:00:00,0.0,2020-11-24,True,False
2020-11-25 00:00:00+00:00,6454.6,6487.0,6374.1,6395.9,51236,0.0,True,2020-11-25 00:00:00,0.0,2020-11-25,True,False
2020-11-26 00:00:00+00:00,6393.0,6414.3,6341.2,6347.1,31004,0.0,True,2020-11-26 00:00:00,0.0,2020-11-26,True,False
2020-11-27 00:00:00+00:00,6352.4,6417.5,6300.9,6415.5,34638,0.0,True,2020-11-27 00:00:00,0.0,2020-11-27,True,False
2020-11-30 00:00:00+00:00,6423.1,6424.0,6248.1,6268.6,62278,0.0,True,2020-11-30 00:00:00,0.0,2020-11-30,True,False
2020-12-01 00:00:00+00:00,6263.8,6398.6,6254.9,6388.7,49778,0.0,True,2020-12-01 00:00:00,0.0,2020-12-01,True,False
2020-12-02 00:00:00+00:00,6387.8,6469.5,6352.2,6452.6,49402,0.0,True,2020-12-02 00:00:00,0.0,2020-12-02,True,False
2020-12-03 00:00:00+00:00,6449.1,6512.1,6429.9,6478.8,43882,0.0,True,2020-12-03 00:00:00,0.0,2020-12-03,True,False
2020-12-04 00:00:00+00:00,6489.2,6570.3,6476.3,6563.4,40121,0.0,True,2020-12-04 00:00:00,0.0,2020-12-04,True,False
2020-12-07 00:00:00+00:00,6575.9,6601.8,6513.8,6517.7,45279,0.0,True,2020-12-07 00:00:00,0.0,2020-12-07,True,False
2020-12-08 00:00:00+00:00,6524.9,6575.5,6514.7,6573.3,39103,0.0,True,2020-12-08 00:00:00,0.0,2020-12-08,True,False
2020-12-09 00:00:00+00:00,6579.5,6623.8,6539.8,6575.5,46292,0.0,True,2020-12-09 00:00:00,0.0,2020-12-09,True,False
2020-12-10 00:00:00+00:00,6565.8,6640.1,6559.9,6600.0,54896,0.0,True,2020-12-10 00:00:00,0.0,2020-12-10,True,False
2020-12-11 00:00:00+00:00,6603.5,6613.3,6520.1,6569.3,55606,0.0,True,2020-12-11 00:00:00,0.0,2020-12-11,True,False
2020-12-14 00:00:00+00:00,6582.1,6592.8,6503.1,6518.3,50207,0.0,True,2020-12-14 00:00:00,0.0,2020-12-14,True,False
2020-12-15 00:00:00+00:00,6521.9,6559.1,6483.2,6542.7,47901,0.0,True,2020-12-15 00:00:00,0.0,2020-12-15,True,False
2020-12-16 00:00:00+00:00,6548.8,6600.0,6521.8,6579.6,40057,0.0,True,2020-12-16 00:00:00,0.0,2020-12-16,True,False
2020-12-17 00:00:00+00:00,6576.3,6604.7,6545.9,6553.5,29103,0.0,True,2020-12-17 00:00:00,0.0,2020-12-17,True,False
2020-12-18 00:00:00+00:00,6551.9,6606.0,6508.1,6510.7,42041,0.0,True,2020-12-18 00:00:00,0.0,2020-12-18,True,False
2020-12-21 00:00:00+00:00,6523.9,6524.9,6312.3,6426.2,87945,0.0,True,2020-12-21 00:00:00,0.0,2020-12-21,True,False
2020-12-22 00:00:00+00:00,6429.7,6465.1,6369.0,6453.9,52403,0.0,True,2020-12-22 00:00:00,0.0,2020-12-22,True,False
2020-12-23 00:00:00+00:00,6454.1,6525.4,6411.9,6515.6,52772,0.0,True,2020-12-23 00:00:00,0.0,2020-12-23,True,False
2020-12-24 00:00:00+00:00,6521.5,6537.3,6477.9,6511.5,17020,0.0,True,2020-12-24 00:00:00,0.0,2020-12-24,True,False
2020-12-29 00:00:00+00:00,6572.2,6678.2,6559.1,6589.3,41513,0.0,True,2020-12-29 00:00:00,0.0,2020-12-29,True,False
2020-12-30 00:00:00+00:00,6588.7,6623.7,6503.9,6514.6,35906,0.0,True,2020-12-30 00:00:00,0.0,2020-12-30,True,False
2020-12-31 00:00:00+00:00,6517.5,6531.9,6432.3,6461.3,17824,0.0,True,2020-12-31 00:00:00,0.0,2020-12-31,True,False
2021-01-04 00:00:00+00:00,6491.4,6665.6,6471.1,6558.7,71859,0.0,True,2021-01-04 00:00:00,0.0,2021-01-04,True,False
2021-01-05 00:00:00+00:00,6558.9,6649.9,6516.1,6626.0,68172,0.0,True,2021-01-05 00:00:00,0.0,2021-01-05,True,False
2021-01-06 00:00:00+00:00,6629.4,6865.0,6602.8,6838.5,107895,0.0,True,2021-01-06 00:00:00,0.0,2021-01-06,True,False
2021-01-07 00:00:00+00:00,6850.1,6957.2,6793.3,6860.8,57797,0.0,True,2021-01-07 00:00:00,0.0,2021-01-07,True,False
2021-01-08 00:00:00+00:00,6862.8,6911.7,6835.2,6903.8,60409,0.0,True,2021-01-08 00:00:00,0.0,2021-01-08,True,False
2021-01-11 00:00:00+00:00,6894.3,6897.9,6768.6,6793.1,60732,0.0,True,2021-01-11 00:00:00,0.0,2021-01-11,True,False
2021-01-12 00:00:00+00:00,6796.9,6825.6,6720.1,6763.6,50485,0.0,True,2021-01-12 00:00:00,0.0,2021-01-12,True,False
2021-01-13 00:00:00+00:00,6768.4,6775.4,6734.5,6748.5,40396,0.0,True,2021-01-13 00:00:00,0.0,2021-01-13,True,False
2021-01-14 00:00:00+00:00,6750.5,6811.3,6736.6,6791.9,43292,0.0,True,2021-01-14 00:00:00,0.0,2021-01-14,True,False
2021-01-15 00:00:00+00:00,6799.7,6807.2,6675.2,6725.3,53474,0.0,True,2021-01-15 00:00:00,0.0,2021-01-15,True,False
2021-01-18 00:00:00+00:00,6718.6,6741.8,6701.7,6735.9,36771,0.0,True,2021-01-18 00:00:00,0.0,2021-01-18,True,False
2021-01-19 00:00:00+00:00,6730.6,6770.1,6696.4,6735.4,43769,0.0,True,2021-01-19 00:00:00,0.0,2021-01-19,True,False
2021-01-20 00:00:00+00:00,6733.7,6762.2,6696.2,6746.1,47221,0.0,True,2021-01-20 00:00:00,0.0,2021-01-20,True,False
2021-01-21 00:00:00+00:00,6747.4,6780.4,6704.4,6734.4,41650,0.0,True,2021-01-21 00:00:00,0.0,2021-01-21,True,False
2021-01-22 00:00:00+00:00,6728.9,6735.7,6650.8,6692.5,47146,0.0,True,2021-01-22 00:00:00,0.0,2021-01-22,True,False
2021-01-25 00:00:00+00:00,6704.4,6722.4,6608.8,6674.7,62480,0.0,True,2021-01-25 00:00:00,0.0,2021-01-25,True,False
2021-01-26 00:00:00+00:00,6665.5,6701.9,6623.4,6660.8,53326,0.0,True,2021-01-26 00:00:00,0.0,2021-01-26,True,False
2021-01-27 00:00:00+00:00,6658.3,6669.2,6441.0,6495.1,97525,0.0,True,2021-01-27 00:00:00,0.0,2021-01-27,True,False
2021-01-28 00:00:00+00:00,6493.7,6555.8,6437.9,6509.1,107114,0.0,True,2021-01-28 00:00:00,0.0,2021-01-28,True,False
2021-01-29 00:00:00+00:00,6514.7,6526.4,6349.3,6376.5,95742,0.0,True,2021-01-29 00:00:00,0.0,2021-01-29,True,False
2021-02-01 00:00:00+00:00,6326.4,6495.7,6308.2,6488.1,41280,0.0,True,2021-02-01 00:00:00,0.0,2021-02-01,True,False
2021-02-02 00:00:00+00:00,6486.5,6543.0,6475.4,6539.3,49629,0.0,True,2021-02-02 00:00:00,0.0,2021-02-02,True,False
2021-02-03 00:00:00+00:00,6541.2,6574.0,6488.3,6541.5,48135,0.0,True,2021-02-03 00:00:00,0.0,2021-02-03,True,False
2021-02-04 00:00:00+00:00,6540.4,6554.2,6475.9,6507.8,43229,0.0,True,2021-02-04 00:00:00,0.0,2021-02-04,True,False
2021-02-05 00:00:00+00:00,6502.0,6519.9,6458.3,6500.5,36926,0.0,True,2021-02-05 00:00:00,0.0,2021-02-05,True,False
2021-02-08 00:00:00+00:00,6511.4,6569.7,6502.6,6535.0,34110,0.0,True,2021-02-08 00:00:00,0.0,2021-02-08,True,False
2021-02-09 00:00:00+00:00,6532.8,6555.1,6497.0,6552.9,32089,0.0,True,2021-02-09 00:00:00,0.0,2021-02-09,True,False
2021-02-10 00:00:00+00:00,6552.2,6582.1,6479.7,6518.5,45786,0.0,True,2021-02-10 00:00:00,0.0,2021-02-10,True,False
2021-02-11 00:00:00+00:00,6517.2,6554.7,6497.3,6522.5,37194,0.0,True,2021-02-11 00:00:00,0.0,2021-02-11,True,False
2021-02-12 00:00:00+00:00,6524.7,6608.3,6482.9,6608.3,31394,0.0,True,2021-02-12 00:00:00,0.0,2021-02-12,True,False
2021-02-15 00:00:00+00:00,6638.4,6776.1,6622.0,6759.5,26908,0.0,True,2021-02-15 00:00:00,0.0,2021-02-15,True,False
2021-02-16 00:00:00+00:00,6767.6,6800.4,6734.3,6747.8,43810,0.0,True,2021-02-16 00:00:00,0.0,2021-02-16,True,False
2021-02-17 00:00:00+00:00,6747.6,6769.6,6699.5,6727.1,50714,0.0,True,2021-02-17 00:00:00,0.0,2021-02-17,True,False
2021-02-18 00:00:00+00:00,6719.6,6734.0,6590.5,6623.9,55085,0.0,True,2021-02-18 00:00:00,0.0,2021-02-18,True,False
2021-02-19 00:00:00+00:00,6622.4,6646.7,6578.3,6599.5,49783,0.0,True,2021-02-19 00:00:00,0.0,2021-02-19,True,False
2021-02-22 00:00:00+00:00,6625.1,6627.9,6546.2,6594.8,57278,0.0,True,2021-02-22 00:00:00,0.0,2021-02-22,True,False
2021-02-23 00:00:00+00:00,6591.1,6673.9,6553.7,6625.3,73132,0.0,True,2021-02-23 00:00:00,0.0,2021-02-23,True,False
2021-02-24 00:00:00+00:00,6628.8,6686.9,6565.0,6678.6,70201,0.0,True,2021-02-24 00:00:00,0.0,2021-02-24,True,False
2021-02-25 00:00:00+00:00,6662.8,6704.3,6569.7,6581.9,82061,0.0,True,2021-02-25 00:00:00,0.0,2021-02-25,True,False
2021-02-26 00:00:00+00:00,6589.1,6647.7,6464.0,6494.3,117166,0.0,True,2021-02-26 00:00:00,0.0,2021-02-26,True,False
2021-03-01 00:00:00+00:00,6516.9,6615.6,6505.9,6611.2,48467,0.0,True,2021-03-01 00:00:00,0.0,2021-03-01,True,False
2021-03-02 00:00:00+00:00,6608.0,6661.3,6553.7,6623.3,59615,0.0,True,2021-03-02 00:00:00,0.0,2021-03-02,True,False
2021-03-03 00:00:00+00:00,6632.1,6705.1,6617.3,6641.8,64114,0.0,True,2021-03-03 00:00:00,0.0,2021-03-03,True,False
2021-03-04 00:00:00+00:00,6633.4,6670.7,6564.9,6602.1,92681,0.0,True,2021-03-04 00:00:00,0.0,2021-03-04,True,False
2021-03-05 00:00:00+00:00,6600.9,6711.8,6553.7,6707.6,98875,0.0,True,2021-03-05 00:00:00,0.0,2021-03-05,True,False
2021-03-08 00:00:00+00:00,6733.5,6734.5,6612.3,6711.8,87842,0.0,True,2021-03-08 00:00:00,0.0,2021-03-08,True,False
2021-03-09 00:00:00+00:00,6715.8,6787.5,6684.5,6730.6,61414,0.0,True,2021-03-09 00:00:00,0.0,2021-03-09,True,False
2021-03-10 00:00:00+00:00,6741.2,6751.9,6678.7,6750.5,63192,0.0,True,2021-03-10 00:00:00,0.0,2021-03-10,True,False
2021-03-11 00:00:00+00:00,6732.9,6761.1,6698.5,6724.2,44220,0.0,True,2021-03-11 00:00:00,0.0,2021-03-11,True,False
2021-03-12 00:00:00+00:00,6729.5,6798.4,6697.9,6796.1,43153,0.0,True,2021-03-12 00:00:00,0.0,2021-03-12,True,False
2021-03-15 00:00:00+00:00,6806.5,6816.7,6723.5,6772.8,43555,0.0,True,2021-03-15 00:00:00,0.0,2021-03-15,True,False
2021-03-16 00:00:00+00:00,6773.8,6813.4,6762.9,6800.5,40354,0.0,True,2021-03-16 00:00:00,0.0,2021-03-16,True,False
2021-03-17 00:00:00+00:00,6799.2,6805.9,6753.3,6782.4,41713,0.0,True,2021-03-17 00:00:00,0.0,2021-03-17,True,False
2021-03-18 00:00:00+00:00,6779.0,6807.0,6714.6,6735.5,55138,0.0,True,2021-03-18 00:00:00,0.0,2021-03-18,True,False
2021-03-19 00:00:00+00:00,6737.5,6756.3,6663.6,6718.7,57569,0.0,True,2021-03-19 00:00:00,0.0,2021-03-19,True,False
2021-03-22 00:00:00+00:00,6708.1,6733.5,6645.9,6714.9,42796,0.0,True,2021-03-22 00:00:00,0.0,2021-03-22,True,False
2021-03-23 00:00:00+00:00,6715.3,6726.9,6657.7,6668.6,42647,0.0,True,2021-03-23 00:00:00,0.0,2021-03-23,True,False
2021-03-24 00:00:00+00:00,6670.4,6722.9,6648.7,6695.8,45767,0.0,True,2021-03-24 00:00:00,0.0,2021-03-24,True,False
2021-03-25 00:00:00+00:00,6695.0,6730.4,6616.7,6707.8,54165,0.0,True,2021-03-25 00:00:00,0.0,2021-03-25,True,False
2021-03-26 00:00:00+00:00,6707.8,6782.1,6696.7,6769.5,35620,0.0,True,2021-03-26 00:00:00,0.0,2021-03-26,True,False
2021-03-29 00:00:00+00:00,6758.5,6777.1,6704.4,6772.4,44241,0.0,True,2021-03-29 01:00:00,1.0,2021-03-29,True,False
2021-03-30 00:00:00+00:00,6776.0,6792.7,6728.3,6772.6,33858,0.0,True,2021-03-30 01:00:00,1.0,2021-03-30,True,False
2021-03-31 00:00:00+00:00,6772.9,6788.9,6712.9,6727.7,29976,0.0,True,2021-03-31 01:00:00,1.0,2021-03-31,True,False
2021-04-01 00:00:00+00:00,6727.7,6784.7,6717.8,6777.3,28593,0.0,True,2021-04-01 01:00:00,1.0,2021-04-01,True,False
2021-04-06 00:00:00+00:00,6818.8,6843.9,6757.5,6831.8,31443,0.0,True,2021-04-06 01:00:00,1.0,2021-04-06,True,False
2021-04-07 00:00:00+00:00,6832.5,6912.0,6825.4,6911.2,25449,0.0,True,2021-04-07 01:00:00,1.0,2021-04-07,True,False
2021-04-08 00:00:00+00:00,6903.6,6965.9,6888.2,6960.9,26860,0.0,True,2021-04-08 01:00:00,1.0,2021-04-08,True,False
2021-04-09 00:00:00+00:00,6960.3,6963.5,6906.3,6935.7,24410,0.0,True,2021-04-09 01:00:00,1.0,2021-04-09,True,False
2021-04-12 00:00:00+00:00,6927.6,6939.3,6853.8,6898.9,30133,0.0,True,2021-04-12 01:00:00,1.0,2021-04-12,True,False
2021-04-13 00:00:00+00:00,6899.1,6902.9,6858.6,6896.7,27184,0.0,True,2021-04-13 01:00:00,1.0,2021-04-13,True,False
2021-04-14 00:00:00+00:00,6897.6,6945.2,6882.6,6934.6,26914,0.0,True,2021-04-14 01:00:00,1.0,2021-04-14,True,False
2021-04-15 00:00:00+00:00,6924.9,7001.2,6922.2,6996.3,28451,0.0,True,2021-04-15 01:00:00,1.0,2021-04-15,True,False
2021-04-16 00:00:00+00:00,6995.7,7037.6,6984.3,7027.7,26698,0.0,True,2021-04-16 01:00:00,1.0,2021-04-16,True,False
2021-04-19 00:00:00+00:00,7010.6,7040.8,6980.2,6994.4,33601,0.0,True,2021-04-19 01:00:00,1.0,2021-04-19,True,False
2021-04-20 00:00:00+00:00,6994.4,7009.0,6853.4,6866.7,38305,0.0,True,2021-04-20 01:00:00,1.0,2021-04-20,True,False
2021-04-21 00:00:00+00:00,6869.0,6933.1,6842.9,6918.0,37854,0.0,True,2021-04-21 01:00:00,1.0,2021-04-21,True,False
2021-04-22 00:00:00+00:00,6914.6,6941.5,6887.5,6902.1,35824,0.0,True,2021-04-22 01:00:00,1.0,2021-04-22,True,False
2021-04-23 00:00:00+00:00,6900.4,6943.6,6890.6,6924.9,29006,0.0,True,2021-04-23 01:00:00,1.0,2021-04-23,True,False
2021-04-26 00:00:00+00:00,6928.4,6972.0,6912.9,6959.8,29805,0.0,True,2021-04-26 01:00:00,1.0,2021-04-26,True,False
2021-04-27 00:00:00+00:00,6960.2,6977.5,6927.9,6953.4,28076,0.0,True,2021-04-27 01:00:00,1.0,2021-04-27,True,False
2021-04-28 00:00:00+00:00,6954.0,6987.1,6939.2,6977.1,30152,0.0,True,2021-04-28 01:00:00,1.0,2021-04-28,True,False
2021-04-29 00:00:00+00:00,6973.3,7020.0,6939.5,6963.2,32481,0.0,True,2021-04-29 01:00:00,1.0,2021-04-29,True,False
2021-04-30 00:00:00+00:00,6964.4,7009.3,6933.0,6970.2,38002,0.0,True,2021-04-30 01:00:00,1.0,2021-04-30,True,False
2021-05-04 00:00:00+00:00,7002.2,7040.1,6911.4,6943.6,47100,0.0,True,2021-05-04 01:00:00,1.0,2021-05-04,True,False
2021-05-05 00:00:00+00:00,6944.0,7055.9,6939.0,7045.2,31748,0.0,True,2021-05-05 01:00:00,1.0,2021-05-05,True,False
2021-05-06 00:00:00+00:00,7038.0,7103.7,7025.9,7102.9,42998,0.0,True,2021-05-06 01:00:00,1.0,2021-05-06,True,False
2021-05-07 00:00:00+00:00,7100.6,7151.1,7079.5,7141.8,34632,0.0,True,2021-05-07 01:00:00,1.0,2021-05-07,True,False
2021-05-10 00:00:00+00:00,7144.1,7168.4,7061.9,7069.9,34818,0.0,True,2021-05-10 01:00:00,1.0,2021-05-10,True,False
2021-05-11 00:00:00+00:00,7079.9,7094.4,6912.6,6956.2,68775,0.0,True,2021-05-11 01:00:00,1.0,2021-05-11,True,False
2021-05-12 00:00:00+00:00,6958.7,7028.4,6895.4,6954.9,74636,0.0,True,2021-05-12 01:00:00,1.0,2021-05-12,True,False
2021-05-13 00:00:00+00:00,6958.0,6991.3,6823.2,6987.4,64846,0.0,True,2021-05-13 01:00:00,1.0,2021-05-13,True,False
2021-05-14 00:00:00+00:00,6983.6,7073.8,6974.1,7066.3,42072,0.3999999999996362,True,2021-05-14 01:00:00,1.0,2021-05-14,True,False
2021-05-17 00:00:00+00:00,7061.9,7073.5,6988.7,7063.5,54937,5.0,True,2021-05-17 01:00:00,1.0,2021-05-17,True,False
2021-05-18 00:00:00+00:00,7062.3,7107.8,6991.0,6997.2,40054,5.0,True,2021-05-18 01:00:00,1.0,2021-05-18,True,False
2021-05-19 00:00:00+00:00,6996.7,7019.1,6895.6,6973.6,70333,5.0,True,2021-05-19 01:00:00,1.0,2021-05-19,True,False
2021-05-20 00:00:00+00:00,6963.9,7028.3,6925.0,7018.5,46393,5.0,True,2021-05-20 01:00:00,1.0,2021-05-20,True,False
2021-05-21 00:00:00+00:00,7019.0,7036.6,6971.9,7022.5,45634,0.3999999999996362,True,2021-05-21 01:00:00,1.0,2021-05-21,True,False
2021-05-24 00:00:00+00:00,7015.0,7064.3,7001.8,7058.6,37072,5.0,True,2021-05-24 01:00:00,1.0,2021-05-24,True,False
2021-05-25 00:00:00+00:00,7055.6,7078.8,6999.7,7014.1,39641,5.0,True,2021-05-25 01:00:00,1.0,2021-05-25,True,False
2021-05-26 00:00:00+00:00,7013.2,7050.9,6999.0,7028.0,36950,5.0,True,2021-05-26 01:00:00,1.0,2021-05-26,True,False
2021-05-27 00:00:00+00:00,7024.3,7053.9,6999.2,7053.5,39652,5.0,True,2021-05-27 01:00:00,1.0,2021-05-27,True,False
2021-05-28 00:00:00+00:00,7039.5,7054.6,7012.2,7012.2,32757,0.3999999999996362,True,2021-05-28 01:00:00,1.0,2021-05-28,True,False
2021-06-01 00:00:00+00:00,7008.2,7118.9,6990.1,7077.5,34195,5.0,True,2021-06-01 01:00:00,1.0,2021-06-01,True,False
2021-06-02 00:00:00+00:00,7077.5,7123.3,7066.9,7107.7,32775,5.0,True,2021-06-02 01:00:00,1.0,2021-06-02,True,False
2021-06-03 00:00:00+00:00,7103.8,7122.1,7012.4,7069.4,36120,5.0,True,2021-06-03 01:00:00,1.0,2021-06-03,True,False
2021-06-04 00:00:00+00:00,7068.2,7085.3,7038.5,7078.0,33373,0.3999999999996362,True,2021-06-04 01:00:00,1.0,2021-06-04,True,False
2021-06-07 00:00:00+00:00,7075.5,7098.7,7040.4,7081.1,31836,5.0,True,2021-06-07 01:00:00,1.0,2021-06-07,True,False
2021-06-08 00:00:00+00:00,7081.9,7121.1,7071.3,7101.6,32087,5.0,True,2021-06-08 01:00:00,1.0,2021-06-08,True,False
2021-06-09 00:00:00+00:00,7103.5,7109.5,7044.8,7084.8,28241,5.0,True,2021-06-09 01:00:00,1.0,2021-06-09,True,False
2021-06-10 00:00:00+00:00,7083.4,7117.4,7076.6,7085.8,32519,5.0,True,2021-06-10 01:00:00,1.0,2021-06-10,True,False
2021-06-11 00:00:00+00:00,7086.4,7155.6,7076.1,7155.6,24240,0.4000000000005457,True,2021-06-11 01:00:00,1.0,2021-06-11,True,False
2021-06-14 00:00:00+00:00,7155.8,7190.3,7137.6,7160.7,20891,5.0,True,2021-06-14 01:00:00,1.0,2021-06-14,True,False
2021-06-15 00:00:00+00:00,7161.1,7190.1,7152.6,7183.3,24563,5.0,True,2021-06-15 01:00:00,1.0,2021-06-15,True,False
2021-06-16 00:00:00+00:00,7180.8,7218.7,7149.1,7154.3,28850,5.0,True,2021-06-16 01:00:00,1.0,2021-06-16,True,False
2021-06-17 00:00:00+00:00,7156.5,7171.6,7126.0,7162.8,29574,5.0,True,2021-06-17 01:00:00,1.0,2021-06-17,True,False
2021-06-18 00:00:00+00:00,7161.9,7167.4,7004.3,7015.3,39533,0.3999999999996362,True,2021-06-18 01:00:00,1.0,2021-06-18,True,False
2021-06-21 00:00:00+00:00,7007.5,7095.6,6947.3,7090.4,35876,5.0,True,2021-06-21 01:00:00,1.0,2021-06-21,True,False
2021-06-22 00:00:00+00:00,7088.9,7099.5,7058.1,7080.5,28379,5.0,True,2021-06-22 01:00:00,1.0,2021-06-22,True,False
2021-06-23 00:00:00+00:00,7081.8,7129.8,7069.1,7078.7,25614,5.0,True,2021-06-23 01:00:00,1.0,2021-06-23,True,False
2021-06-24 00:00:00+00:00,7068.3,7129.8,7065.8,7127.9,21265,5.0,True,2021-06-24 01:00:00,1.0,2021-06-24,True,False
2021-06-25 00:00:00+00:00,7128.9,7150.7,7110.4,7147.7,16766,0.3999999999996362,True,2021-06-25 01:00:00,1.0,2021-06-25,True,False
2021-06-28 00:00:00+00:00,7147.8,7155.4,7071.0,7084.5,28245,5.0,True,2021-06-28 01:00:00,1.0,2021-06-28,True,False
2021-06-29 00:00:00+00:00,7083.2,7120.1,7065.3,7085.4,29342,5.0,True,2021-06-29 01:00:00,1.0,2021-06-29,True,False
2021-06-30 00:00:00+00:00,7085.8,7103.1,7009.8,7063.0,37888,5.0,True,2021-06-30 01:00:00,1.0,2021-06-30,True,False
2021-07-01 00:00:00+00:00,7065.7,7149.6,7051.4,7145.2,35784,5.0,True,2021-07-01 01:00:00,1.0,2021-07-01,True,False
2021-07-02 00:00:00+00:00,7145.9,7162.7,7109.7,7136.9,26603,0.4000000000005457,True,2021-07-02 01:00:00,1.0,2021-07-02,True,False
2021-07-05 00:00:00+00:00,7133.1,7169.6,7110.7,7156.6,21338,0.4000000000005457,True,2021-07-05 01:00:00,1.0,2021-07-05,True,False
2021-07-06 00:00:00+00:00,7158.9,7171.9,7075.1,7094.1,39663,5.0,True,2021-07-06 01:00:00,1.0,2021-07-06,True,False
2021-07-07 00:00:00+00:00,7094.1,7161.1,7089.1,7156.2,40667,5.0,True,2021-07-07 01:00:00,1.0,2021-07-07,True,False
2021-07-08 00:00:00+00:00,7151.2,7151.4,6980.8,7029.6,67947,5.0,True,2021-07-08 01:00:00,1.0,2021-07-08,True,False
2021-07-09 00:00:00+00:00,7033.4,7123.9,7006.6,7115.4,51142,0.4000000000005457,True,2021-07-09 01:00:00,1.0,2021-07-09,True,False
2021-07-12 00:00:00+00:00,7116.4,7135.4,7065.5,7124.5,36869,5.0,True,2021-07-12 01:00:00,1.0,2021-07-12,True,False
2021-07-13 00:00:00+00:00,7126.5,7151.4,7115.3,7124.6,33487,5.0,True,2021-07-13 01:00:00,1.0,2021-07-13,True,False
2021-07-14 00:00:00+00:00,7124.6,7133.9,7073.1,7084.8,35093,5.0,True,2021-07-14 01:00:00,1.0,2021-07-14,True,False
2021-07-15 00:00:00+00:00,7084.8,7112.5,7004.3,7015.3,48141,5.0,True,2021-07-15 01:00:00,1.0,2021-07-15,True,False
2021-07-16 00:00:00+00:00,7015.3,7062.5,6975.5,6987.5,44622,0.3999999999996362,True,2021-07-16 01:00:00,1.0,2021-07-16,True,False
2021-07-19 00:00:00+00:00,6998.4,7001.2,6807.5,6862.2,75304,5.0,True,2021-07-19 01:00:00,1.0,2021-07-19,True,False
2021-07-20 00:00:00+00:00,6863.8,6930.3,6826.2,6915.0,59170,5.0,True,2021-07-20 01:00:00,1.0,2021-07-20,True,False
2021-07-21 00:00:00+00:00,6914.6,7015.7,6878.6,7012.6,49754,5.0,True,2021-07-21 01:00:00,1.0,2021-07-21,True,False
2021-07-22 00:00:00+00:00,7010.6,7019.4,6954.9,6989.7,42142,5.0,True,2021-07-22 01:00:00,1.0,2021-07-22,True,False
2021-07-23 00:00:00+00:00,6988.9,7040.4,6972.0,7028.8,33113,0.3999999999996362,True,2021-07-23 01:00:00,1.0,2021-07-23,True,False
2021-07-26 00:00:00+00:00,7023.5,7038.6,6980.0,7031.5,40823,5.0,True,2021-07-26 01:00:00,1.0,2021-07-26,True,False
2021-07-27 00:00:00+00:00,7032.1,7035.0,6927.8,6989.9,51353,5.0,True,2021-07-27 01:00:00,1.0,2021-07-27,True,False
2021-07-28 00:00:00+00:00,6985.6,7024.6,6975.8,7013.4,47359,5.0,True,2021-07-28 01:00:00,1.0,2021-07-28,True,False
2021-07-29 00:00:00+00:00,7008.4,7094.1,6996.6,7043.1,38434,5.0,True,2021-07-29 01:00:00,1.0,2021-07-29,True,False
2021-07-30 00:00:00+00:00,7043.2,7061.1,6996.5,7030.3,47660,0.3999999999996362,True,2021-07-30 01:00:00,1.0,2021-07-30,True,False
2021-08-02 00:00:00+00:00,7031.4,7112.0,7031.1,7062.2,42820,5.0,True,2021-08-02 01:00:00,1.0,2021-08-02,True,False
2021-08-03 00:00:00+00:00,7066.7,7125.5,7059.1,7110.6,40746,5.0,True,2021-08-03 01:00:00,1.0,2021-08-03,True,False
2021-08-04 00:00:00+00:00,7116.4,7143.4,7105.7,7117.1,34794,5.0,True,2021-08-04 01:00:00,1.0,2021-08-04,True,False
2021-08-05 00:00:00+00:00,7107.1,7130.8,7095.3,7121.2,29440,5.0,True,2021-08-05 01:00:00,1.0,2021-08-05,True,False
2021-08-06 00:00:00+00:00,7119.2,7135.6,7104.2,7125.7,28729,0.3999999999996362,True,2021-08-06 01:00:00,1.0,2021-08-06,True,False
2021-08-09 00:00:00+00:00,7121.0,7143.4,7088.9,7141.0,25348,5.0,True,2021-08-09 01:00:00,1.0,2021-08-09,True,False
2021-08-10 00:00:00+00:00,7138.6,7179.3,7116.0,7177.6,23445,5.0,True,2021-08-10 01:00:00,1.0,2021-08-10,True,False
2021-08-11 00:00:00+00:00,7173.7,7235.2,7166.1,7234.8,26640,5.0,True,2021-08-11 01:00:00,1.0,2021-08-11,True,False
2021-08-12 00:00:00+00:00,7205.9,7216.5,7182.8,7207.9,21762,5.0,True,2021-08-12 01:00:00,1.0,2021-08-12,True,False
2021-08-13 00:00:00+00:00,7204.9,7224.5,7194.8,7213.2,22516,0.3999999999996362,True,2021-08-13 01:00:00,1.0,2021-08-13,True,False
2021-08-16 00:00:00+00:00,7204.1,7207.7,7116.9,7166.5,35535,5.0,True,2021-08-16 01:00:00,1.0,2021-08-16,True,False
2021-08-17 00:00:00+00:00,7166.9,7189.8,7111.0,7164.7,38227,5.0,True,2021-08-17 01:00:00,1.0,2021-08-17,True,False
2021-08-18 00:00:00+00:00,7163.1,7208.5,7104.8,7116.9,38548,5.0,True,2021-08-18 01:00:00,1.0,2021-08-18,True,False
2021-08-19 00:00:00+00:00,7106.0,7122.6,6991.7,7077.3,63616,5.0,True,2021-08-19 01:00:00,1.0,2021-08-19,True,False
2021-08-20 00:00:00+00:00,7078.5,7113.8,7031.4,7105.8,46893,0.3999999999996362,True,2021-08-20 01:00:00,1.0,2021-08-20,True,False
2021-08-23 00:00:00+00:00,7109.0,7150.5,7098.9,7121.1,32349,5.0,True,2021-08-23 01:00:00,1.0,2021-08-23,True,False
2021-08-24 00:00:00+00:00,7116.7,7132.1,7075.6,7114.9,24118,5.0,True,2021-08-24 01:00:00,1.0,2021-08-24,True,False
2021-08-25 00:00:00+00:00,7114.7,7155.0,7106.0,7141.6,29062,5.0,True,2021-08-25 01:00:00,1.0,2021-08-25,True,False
2021-08-26 00:00:00+00:00,7136.1,7145.8,7093.9,7130.0,39920,5.0,True,2021-08-26 01:00:00,1.0,2021-08-26,True,False
2021-08-27 00:00:00+00:00,7125.6,7157.8,7107.6,7146.9,29810,0.4000000000005457,True,2021-08-27 01:00:00,1.0,2021-08-27,True,False
2021-08-31 00:00:00+00:00,7143.8,7177.7,7091.4,7131.8,39902,5.0,True,2021-08-31 01:00:00,1.0,2021-08-31,True,False
2021-09-01 00:00:00+00:00,7128.3,7188.6,7124.9,7155.2,31737,5.0,True,2021-09-01 01:00:00,1.0,2021-09-01,True,False
2021-09-02 00:00:00+00:00,7141.5,7172.9,7124.3,7151.4,24837,5.0,True,2021-09-02 01:00:00,1.0,2021-09-02,True,False
2021-09-03 00:00:00+00:00,7152.0,7182.6,7123.2,7144.0,33536,0.3999999999996362,True,2021-09-03 01:00:00,1.0,2021-09-03,True,False
2021-09-06 00:00:00+00:00,7142.5,7195.4,7121.8,7185.0,19879,0.3999999999996362,True,2021-09-06 01:00:00,1.0,2021-09-06,True,False
2021-09-07 00:00:00+00:00,7184.1,7186.3,7115.4,7127.2,29445,5.0,True,2021-09-07 01:00:00,1.0,2021-09-07,True,False
2021-09-08 00:00:00+00:00,7121.3,7132.6,7060.4,7083.1,45661,5.0,True,2021-09-08 01:00:00,1.0,2021-09-08,True,False
2021-09-09 00:00:00+00:00,7077.1,7083.7,6991.2,7003.7,45292,5.0,True,2021-09-09 01:00:00,1.0,2021-09-09,True,False
2021-09-10 00:00:00+00:00,7006.5,7057.7,7001.5,7008.6,39172,0.4000000000005457,True,2021-09-10 01:00:00,1.0,2021-09-10,True,False
2021-09-13 00:00:00+00:00,7027.6,7091.3,7015.4,7074.6,46763,5.0,True,2021-09-13 01:00:00,1.0,2021-09-13,True,False
2021-09-14 00:00:00+00:00,7072.8,7078.1,7019.7,7027.0,40101,5.0,True,2021-09-14 01:00:00,1.0,2021-09-14,True,False
2021-09-15 00:00:00+00:00,7028.3,7056.4,7010.3,7050.9,40594,5.0,True,2021-09-15 01:00:00,1.0,2021-09-15,True,False
2021-09-16 00:00:00+00:00,7052.1,7075.7,7023.9,7061.4,36483,5.0,True,2021-09-16 01:00:00,1.0,2021-09-16,True,False
2021-09-17 00:00:00+00:00,7061.4,7094.4,6933.4,6984.4,51669,0.4000000000005457,True,2021-09-17 01:00:00,1.0,2021-09-17,True,False
2021-09-20 00:00:00+00:00,6969.0,6986.6,6827.8,6897.0,73052,5.0,True,2021-09-20 01:00:00,1.0,2021-09-20,True,False
2021-09-21 00:00:00+00:00,6895.8,7007.4,6895.8,6954.0,54000,5.0,True,2021-09-21 01:00:00,1.0,2021-09-21,True,False
2021-09-22 00:00:00+00:00,6954.9,7105.9,6930.3,7073.9,52509,5.0,True,2021-09-22 01:00:00,1.0,2021-09-22,True,False
2021-09-23 00:00:00+00:00,7072.7,7133.2,7070.4,7093.0,41947,5.0,True,2021-09-23 01:00:00,1.0,2021-09-23,True,False
2021-09-24 00:00:00+00:00,7093.0,7100.7,7040.8,7060.2,40449,0.3999999999996362,True,2021-09-24 01:00:00,1.0,2021-09-24,True,False
2021-09-27 00:00:00+00:00,7065.8,7131.3,7043.3,7067.2,40172,5.0,True,2021-09-27 01:00:00,1.0,2021-09-27,True,False
2021-09-28 00:00:00+00:00,7068.0,7083.5,7010.0,7029.1,58213,5.0,True,2021-09-28 01:00:00,1.0,2021-09-28,True,False
2021-09-29 00:00:00+00:00,7024.5,7117.8,7010.2,7105.2,54127,5.0,True,2021-09-29 01:00:00,1.0,2021-09-29,True,False
2021-09-30 00:00:00+00:00,7102.8,7159.2,7061.3,7071.2,62601,5.0,True,2021-09-30 01:00:00,1.0,2021-09-30,True,False
2021-10-01 00:00:00+00:00,7077.3,7087.6,6986.2,7061.5,64410,0.3999999999996362,True,2021-10-01 01:00:00,1.0,2021-10-01,True,False
2021-10-04 00:00:00+00:00,7062.4,7083.7,6999.9,7037.1,70949,5.0,True,2021-10-04 01:00:00,1.0,2021-10-04,True,False
2021-10-05 00:00:00+00:00,7040.0,7084.6,7004.9,7072.9,55578,5.0,True,2021-10-05 01:00:00,1.0,2021-10-05,True,False
2021-10-06 00:00:00+00:00,7070.9,7081.2,6945.7,7044.8,76037,5.0,True,2021-10-06 01:00:00,1.0,2021-10-06,True,False
2021-10-07 00:00:00+00:00,7043.4,7095.6,7041.5,7071.4,46137,5.0,True,2021-10-07 01:00:00,1.0,2021-10-07,True,False
2021-10-08 00:00:00+00:00,7073.6,7109.8,7061.4,7096.2,44718,0.3999999999996362,True,2021-10-08 01:00:00,1.0,2021-10-08,True,False
2021-10-11 00:00:00+00:00,7099.6,7150.4,7053.4,7107.1,46425,5.0,True,2021-10-11 01:00:00,1.0,2021-10-11,True,False
2021-10-12 00:00:00+00:00,7107.4,7146.6,7059.7,7113.5,52901,5.0,True,2021-10-12 01:00:00,1.0,2021-10-12,True,False
2021-10-13 00:00:00+00:00,7112.0,7172.4,7086.2,7167.9,46262,5.0,True,2021-10-13 01:00:00,1.0,2021-10-13,True,False
2021-10-14 00:00:00+00:00,7165.3,7229.4,7165.3,7225.0,35222,5.0,True,2021-10-14 01:00:00,1.0,2021-10-14,True,False
2021-10-15 00:00:00+00:00,7221.9,7245.8,7208.3,7239.5,36806,0.3999999999996362,True,2021-10-15 01:00:00,1.0,2021-10-15,True,False
2021-10-18 00:00:00+00:00,7252.2,7252.6,7181.6,7198.0,37496,5.0,True,2021-10-18 01:00:00,1.0,2021-10-18,True,False
2021-10-19 00:00:00+00:00,7198.4,7234.0,7190.1,7230.8,35408,5.0,True,2021-10-19 01:00:00,1.0,2021-10-19,True,False
2021-10-20 00:00:00+00:00,7229.6,7234.9,7198.8,7211.3,34267,5.0,True,2021-10-20 01:00:00,1.0,2021-10-20,True,False
2021-10-21 00:00:00+00:00,7209.4,7222.5,7179.6,7190.8,36972,5.0,True,2021-10-21 01:00:00,1.0,2021-10-21,True,False
2021-10-22 00:00:00+00:00,7190.0,7235.2,7188.9,7224.2,39378,0.3999999999996362,True,2021-10-22 01:00:00,1.0,2021-10-22,True,False
2021-10-25 00:00:00+00:00,7210.6,7249.5,7205.6,7236.2,30823,5.0,True,2021-10-25 01:00:00,1.0,2021-10-25,True,False
2021-10-26 00:00:00+00:00,7235.5,7281.8,7228.7,7272.0,36039,5.0,True,2021-10-26 01:00:00,1.0,2021-10-26,True,False
2021-10-27 00:00:00+00:00,7271.8,7281.1,7246.2,7258.6,38355,5.0,True,2021-10-27 01:00:00,1.0,2021-10-27,True,False
2021-10-28 00:00:00+00:00,7258.8,7269.3,7218.0,7241.4,41525,5.0,True,2021-10-28 01:00:00,1.0,2021-10-28,True,False
2021-10-29 00:00:00+00:00,7242.0,7255.8,7189.4,7249.1,46146,0.4000000000005457,True,2021-10-29 01:00:00,1.0,2021-10-29,True,False
2021-11-01 00:00:00+00:00,7266.8,7306.9,7251.5,7299.5,28411,0.3999999999996362,True,2021-11-01 00:00:00,0.0,2021-11-01,True,False
2021-11-02 00:00:00+00:00,7299.9,7304.5,7239.9,7269.6,32118,0.4000000000005457,True,2021-11-02 00:00:00,0.0,2021-11-02,True,False
2021-11-03 00:00:00+00:00,7269.3,7283.3,7234.8,7268.8,30899,0.3999999999996362,True,2021-11-03 00:00:00,0.0,2021-11-03,True,False
2021-11-04 00:00:00+00:00,7263.4,7293.2,7248.0,7275.7,32134,0.3999999999996362,True,2021-11-04 00:00:00,0.0,2021-11-04,True,False
2021-11-05 00:00:00+00:00,7273.4,7331.9,7258.2,7308.6,34740,0.4000000000005457,True,2021-11-05 00:00:00,0.0,2021-11-05,True,False
2021-11-08 00:00:00+00:00,7308.9,7316.0,7289.6,7293.9,28009,5.0,True,2021-11-08 00:00:00,0.0,2021-11-08,True,False
2021-11-09 00:00:00+00:00,7292.3,7313.7,7268.4,7280.4,32384,5.0,True,2021-11-09 00:00:00,0.0,2021-11-09,True,False
2021-11-10 00:00:00+00:00,7279.7,7338.9,7256.1,7329.0,40128,5.0,True,2021-11-10 00:00:00,0.0,2021-11-10,True,False
2021-11-11 00:00:00+00:00,7311.1,7394.8,7303.5,7386.3,27013,5.0,True,2021-11-11 00:00:00,0.0,2021-11-11,True,False
2021-11-12 00:00:00+00:00,7386.7,7403.5,7335.7,7344.2,29828,0.3999999999996362,True,2021-11-12 00:00:00,0.0,2021-11-12,True,False
2021-11-15 00:00:00+00:00,7352.3,7363.8,7328.8,7347.6,27766,5.0,True,2021-11-15 00:00:00,0.0,2021-11-15,True,False
2021-11-16 00:00:00+00:00,7342.9,7368.3,7317.4,7319.0,26510,5.0,True,2021-11-16 00:00:00,0.0,2021-11-16,True,False
2021-11-17 00:00:00+00:00,7319.0,7330.8,7277.4,7283.2,27609,5.0,True,2021-11-17 00:00:00,0.0,2021-11-17,True,False
2021-11-18 00:00:00+00:00,7278.7,7289.2,7241.0,7269.2,28148,5.0,True,2021-11-18 00:00:00,0.0,2021-11-18,True,False
2021-11-19 00:00:00+00:00,7266.0,7296.5,7197.9,7215.6,40092,0.4000000000005457,True,2021-11-19 00:00:00,0.0,2021-11-19,True,False
2021-11-22 00:00:00+00:00,7223.2,7272.0,7208.0,7243.4,31554,5.0,True,2021-11-22 00:00:00,0.0,2021-11-22,True,False
2021-11-23 00:00:00+00:00,7246.9,7294.4,7202.4,7283.9,51212,5.0,True,2021-11-23 00:00:00,0.0,2021-11-23,True,False
2021-11-24 00:00:00+00:00,7286.1,7309.2,7244.9,7296.6,47577,5.0,True,2021-11-24 00:00:00,0.0,2021-11-24,True,False
2021-11-25 00:00:00+00:00,7290.1,7313.1,7288.0,7308.3,22828,0.3999999999996362,True,2021-11-25 00:00:00,0.0,2021-11-25,True,False
2021-11-26 00:00:00+00:00,7304.1,7304.3,6995.0,7025.7,81940,0.3999999999996362,True,2021-11-26 00:00:00,0.0,2021-11-26,True,False
2021-11-29 00:00:00+00:00,7062.6,7162.1,7053.6,7145.0,69070,5.0,True,2021-11-29 00:00:00,0.0,2021-11-29,True,False
2021-11-30 00:00:00+00:00,7147.1,7175.0,6972.1,7090.8,94690,5.0,True,2021-11-30 00:00:00,0.0,2021-11-30,True,False
2021-12-01 00:00:00+00:00,7093.7,7182.5,7024.6,7051.6,75186,5.0,True,2021-12-01 00:00:00,0.0,2021-12-01,True,False
2021-12-02 00:00:00+00:00,7061.8,7166.3,7058.9,7164.1,79678,5.0,True,2021-12-02 00:00:00,0.0,2021-12-02,True,False
2021-12-03 00:00:00+00:00,7166.8,7197.5,7089.3,7128.6,67232,0.4000000000005457,True,2021-12-03 00:00:00,0.0,2021-12-03,True,False
2021-12-06 00:00:00+00:00,7139.8,7247.6,7122.8,7237.6,65154,5.0,True,2021-12-06 00:00:00,0.0,2021-12-06,True,False
2021-12-07 00:00:00+00:00,7235.8,7350.5,7217.5,7347.2,43466,5.0,True,2021-12-07 00:00:00,0.0,2021-12-07,True,False
2021-12-08 00:00:00+00:00,7345.5,7379.5,7320.8,7343.9,48266,5.0,True,2021-12-08 00:00:00,0.0,2021-12-08,True,False
2021-12-09 00:00:00+00:00,7344.9,7374.7,7300.5,7311.5,39077,5.0,True,2021-12-09 00:00:00,0.0,2021-12-09,True,False
2021-12-10 00:00:00+00:00,7312.6,7332.7,7281.2,7294.3,37365,0.3999999999996362,True,2021-12-10 00:00:00,0.0,2021-12-10,True,False
2021-12-13 00:00:00+00:00,7298.3,7329.4,7224.6,7244.3,42082,5.0,True,2021-12-13 00:00:00,0.0,2021-12-13,True,False
2021-12-14 00:00:00+00:00,7243.6,7285.6,7207.9,7232.1,49788,5.0,True,2021-12-14 00:00:00,0.0,2021-12-14,True,False
2021-12-15 00:00:00+00:00,7231.1,7244.5,7166.1,7234.0,47888,5.0,True,2021-12-15 00:00:00,0.0,2021-12-15,True,False
2021-12-16 00:00:00+00:00,7233.1,7276.7,7211.4,7258.4,57812,5.0,True,2021-12-16 00:00:00,0.0,2021-12-16,True,False
2021-12-17 00:00:00+00:00,7256.9,7288.8,7228.4,7234.6,59564,0.4000000000005457,True,2021-12-17 00:00:00,0.0,2021-12-17,True,False
2021-12-20 00:00:00+00:00,7224.3,7260.5,7100.2,7255.8,75380,5.0,True,2021-12-20 00:00:00,0.0,2021-12-20,True,False
2021-12-21 00:00:00+00:00,7256.2,7319.6,7238.2,7314.8,48462,5.0,True,2021-12-21 00:00:00,0.0,2021-12-21,True,False
2021-12-22 00:00:00+00:00,7311.0,7361.9,7272.9,7358.2,33812,5.0,True,2021-12-22 00:00:00,0.0,2021-12-22,True,False
2021-12-23 00:00:00+00:00,7351.0,7386.0,7330.3,7371.8,27650,5.0,True,2021-12-23 00:00:00,0.0,2021-12-23,True,False
2021-12-24 00:00:00+00:00,7368.6,7404.2,7345.2,7380.0,3884,0.3999999999996362,True,2021-12-24 00:00:00,0.0,2021-12-24,True,False
2021-12-29 00:00:00+00:00,7446.5,7457.6,7402.4,7416.6,28646,5.0,True,2021-12-29 00:00:00,0.0,2021-12-29,True,False
2021-12-30 00:00:00+00:00,7414.1,7433.8,7382.5,7388.8,26692,5.0,True,2021-12-30 00:00:00,0.0,2021-12-30,True,False
2021-12-31 00:00:00+00:00,7390.7,7403.5,7354.3,7393.3,11463,0.3999999999996362,True,2021-12-31 00:00:00,0.0,2021-12-31,True,False
2022-01-04 00:00:00+00:00,7454.2,7522.2,7423.9,7493.2,39340,5.0,True,2022-01-04 00:00:00,0.0,2022-01-04,True,False
2022-01-05 00:00:00+00:00,7489.9,7530.2,7446.1,7454.4,40485,5.0,True,2022-01-05 00:00:00,0.0,2022-01-05,True,False
2022-01-06 00:00:00+00:00,7449.9,7496.9,7401.4,7455.9,65486,5.0,True,2022-01-06 00:00:00,0.0,2022-01-06,True,False
2022-01-07 00:00:00+00:00,7459.1,7494.6,7430.7,7490.9,48057,0.4000000000005457,True,2022-01-07 00:00:00,0.0,2022-01-07,True,False
2022-01-10 00:00:00+00:00,7480.3,7508.7,7421.4,7474.6,57949,5.0,True,2022-01-10 00:00:00,0.0,2022-01-10,True,False
2022-01-11 00:00:00+00:00,7477.0,7527.1,7458.9,7516.2,53832,5.0,True,2022-01-11 00:00:00,0.0,2022-01-11,True,False
2022-01-12 00:00:00+00:00,7516.9,7565.1,7511.4,7552.8,47473,5.0,True,2022-01-12 00:00:00,0.0,2022-01-12,True,False
2022-01-13 00:00:00+00:00,7551.2,7571.0,7524.1,7534.9,49385,5.0,True,2022-01-13 00:00:00,0.0,2022-01-13,True,False
2022-01-14 00:00:00+00:00,7535.7,7570.7,7507.4,7563.4,64355,0.4000000000005457,True,2022-01-14 00:00:00,0.0,2022-01-14,True,False
2022-01-17 00:00:00+00:00,7569.0,7616.6,7545.3,7610.0,33370,0.3999999999996362,True,2022-01-17 00:00:00,0.0,2022-01-17,True,False
2022-01-18 00:00:00+00:00,7609.4,7628.5,7530.7,7569.7,62869,5.0,True,2022-01-18 00:00:00,0.0,2022-01-18,True,False
2022-01-19 00:00:00+00:00,7570.5,7616.9,7516.8,7583.1,66789,5.0,True,2022-01-19 00:00:00,0.0,2022-01-19,True,False
2022-01-20 00:00:00+00:00,7585.2,7635.6,7472.0,7511.2,68355,5.0,True,2022-01-20 00:00:00,0.0,2022-01-20,True,False
2022-01-21 00:00:00+00:00,7509.6,7538.9,7425.6,7428.9,91524,0.4000000000005457,True,2022-01-21 00:00:00,0.0,2022-01-21,True,False
2022-01-24 00:00:00+00:00,7441.9,7494.9,7226.7,7389.9,120400,5.0,True,2022-01-24 00:00:00,0.0,2022-01-24,True,False
2022-01-25 00:00:00+00:00,7377.1,7451.8,7305.1,7356.6,131671,5.0,True,2022-01-25 00:00:00,0.0,2022-01-25,True,False
2022-01-26 00:00:00+00:00,7361.4,7526.3,7361.4,7430.1,94147,5.0,True,2022-01-26 00:00:00,0.0,2022-01-26,True,False
2022-01-28 00:00:00+00:00,7583.6,7588.8,7419.4,7510.3,102637,0.3999999999996362,True,2022-01-28 00:00:00,0.0,2022-01-28,True,False
2022-01-31 00:00:00+00:00,7489.6,7535.3,7449.2,7507.3,72959,5.0,True,2022-01-31 00:00:00,0.0,2022-01-31,True,False
2022-02-01 00:00:00+00:00,7508.5,7591.3,7481.3,7583.0,56515,5.0,True,2022-02-01 00:00:00,0.0,2022-02-01,True,False
2022-02-02 00:00:00+00:00,7584.5,7615.1,7556.3,7572.6,47984,5.0,True,2022-02-02 00:00:00,0.0,2022-02-02,True,False
2022-02-03 00:00:00+00:00,7569.1,7606.2,7516.9,7580.0,63291,5.0,True,2022-02-03 00:00:00,0.0,2022-02-03,True,False
2022-02-04 00:00:00+00:00,7571.4,7600.7,7496.0,7532.5,69479,0.3999999999996362,True,2022-02-04 00:00:00,0.0,2022-02-04,True,False
2022-02-07 00:00:00+00:00,7529.9,7598.0,7505.4,7586.7,67316,5.0,True,2022-02-07 00:00:00,0.0,2022-02-07,True,False
2022-02-08 00:00:00+00:00,7578.7,7631.5,7548.1,7600.8,55085,5.0,True,2022-02-08 00:00:00,0.0,2022-02-08,True,False
2022-02-09 00:00:00+00:00,7598.2,7669.0,7590.6,7664.4,45613,5.0,True,2022-02-09 00:00:00,0.0,2022-02-09,True,False
2022-02-10 00:00:00+00:00,7666.3,7686.7,7612.0,7626.4,57214,5.0,True,2022-02-10 00:00:00,0.0,2022-02-10,True,False
2022-02-11 00:00:00+00:00,7625.9,7671.1,7578.1,7588.0,80106,0.3999999999996362,True,2022-02-11 00:00:00,0.0,2022-02-11,True,False
2022-02-14 00:00:00+00:00,7581.2,7633.1,7482.3,7527.3,104141,5.0,True,2022-02-14 00:00:00,0.0,2022-02-14,True,False
2022-02-15 00:00:00+00:00,7526.7,7613.2,7492.6,7595.6,71325,5.0,True,2022-02-15 00:00:00,0.0,2022-02-15,True,False
2022-02-16 00:00:00+00:00,7596.9,7632.0,7562.3,7604.0,60576,5.0,True,2022-02-16 00:00:00,0.0,2022-02-16,True,False
2022-02-17 00:00:00+00:00,7591.1,7608.7,7492.0,7506.0,68884,5.0,True,2022-02-17 00:00:00,0.0,2022-02-17,True,False
2022-02-18 00:00:00+00:00,7505.1,7571.1,7493.0,7505.6,71159,0.4000000000005457,True,2022-02-18 00:00:00,0.0,2022-02-18,True,False
2022-02-21 00:00:00+00:00,7476.5,7572.9,7413.5,7423.9,82270,0.4000000000005457,True,2022-02-21 00:00:00,0.0,2022-02-21,True,False
2022-02-22 00:00:00+00:00,7412.0,7530.4,7359.8,7484.7,84571,5.0,True,2022-02-22 00:00:00,0.0,2022-02-22,True,False
2022-02-23 00:00:00+00:00,7483.2,7550.6,7463.0,7468.3,80621,5.0,True,2022-02-23 00:00:00,0.0,2022-02-23,True,False
2022-02-24 00:00:00+00:00,7452.0,7475.8,7177.2,7275.8,150744,5.0,True,2022-02-24 00:00:00,0.0,2022-02-24,True,False
2022-02-25 00:00:00+00:00,7269.9,7562.5,7254.9,7560.0,106440,0.3999999999996362,True,2022-02-25 00:00:00,0.0,2022-02-25,True,False
2022-02-28 00:00:00+00:00,7421.4,7476.8,7244.1,7394.3,113792,5.0,True,2022-02-28 00:00:00,0.0,2022-02-28,True,False
2022-03-01 00:00:00+00:00,7389.9,7497.4,7272.7,7330.9,102427,5.0,True,2022-03-01 00:00:00,0.0,2022-03-01,True,False
2022-03-02 00:00:00+00:00,7329.0,7463.0,7297.2,7418.3,106100,5.0,True,2022-03-02 00:00:00,0.0,2022-03-02,True,False
2022-03-03 00:00:00+00:00,7415.6,7467.9,7222.8,7259.9,85488,5.0,True,2022-03-03 00:00:00,0.0,2022-03-03,True,False
2022-03-04 00:00:00+00:00,7263.0,7277.8,6914.9,6979.5,89918,0.3999999999996362,True,2022-03-04 00:00:00,0.0,2022-03-04,True,False
2022-03-07 00:00:00+00:00,6903.7,7031.0,6763.3,6895.1,130309,5.0,True,2022-03-07 00:00:00,0.0,2022-03-07,True,False
2022-03-08 00:00:00+00:00,6894.3,7110.5,6841.6,6992.9,127433,5.0,True,2022-03-08 00:00:00,0.0,2022-03-08,True,False
2022-03-09 00:00:00+00:00,6994.2,7250.9,6992.3,7199.2,82425,5.0,True,2022-03-09 00:00:00,0.0,2022-03-09,True,False
2022-03-10 00:00:00+00:00,7168.8,7182.0,7063.9,7116.7,87758,5.0,True,2022-03-10 00:00:00,0.0,2022-03-10,True,False
2022-03-11 00:00:00+00:00,7117.4,7263.3,7053.7,7107.6,84410,0.4000000000005457,True,2022-03-11 00:00:00,0.0,2022-03-11,True,False
2022-03-14 00:00:00+00:00,7151.4,7223.5,7129.5,7179.0,85625,0.3999999999996362,True,2022-03-14 00:00:00,0.0,2022-03-14,True,False
2022-03-15 00:00:00+00:00,7180.0,7211.7,7074.7,7185.5,84171,0.3999999999996362,True,2022-03-15 00:00:00,0.0,2022-03-15,True,False
2022-03-16 00:00:00+00:00,7189.1,7345.0,7170.8,7322.5,89936,0.3999999999996362,True,2022-03-16 00:00:00,0.0,2022-03-16,True,False
2022-03-17 00:00:00+00:00,7312.6,7417.0,7259.0,7383.0,65155,0.3999999999996362,True,2022-03-17 00:00:00,0.0,2022-03-17,True,False
2022-03-18 00:00:00+00:00,7384.3,7452.3,7314.3,7448.8,61467,0.3999999999996362,True,2022-03-18 00:00:00,0.0,2022-03-18,True,False
2022-03-21 00:00:00+00:00,7437.8,7465.8,7385.1,7448.9,45417,0.4000000000005457,True,2022-03-21 00:00:00,0.0,2022-03-21,True,False
2022-03-22 00:00:00+00:00,7442.8,7494.8,7422.0,7484.7,42762,0.3999999999996362,True,2022-03-22 00:00:00,0.0,2022-03-22,True,False
2022-03-23 00:00:00+00:00,7481.9,7521.7,7426.6,7443.2,44394,0.3999999999996362,True,2022-03-23 00:00:00,0.0,2022-03-23,True,False
2022-03-24 00:00:00+00:00,7436.2,7495.3,7432.5,7482.3,44612,0.3999999999996362,True,2022-03-24 00:00:00,0.0,2022-03-24,True,False
2022-03-25 00:00:00+00:00,7472.7,7519.4,7440.6,7511.7,42059,0.3999999999996362,True,2022-03-25 00:00:00,0.0,2022-03-25,True,False
2022-03-28 00:00:00+00:00,7509.7,7541.0,7459.8,7501.2,41980,5.0,True,2022-03-28 01:00:00,1.0,2022-03-28,True,False
2022-03-29 00:00:00+00:00,7500.0,7585.0,7493.1,7555.4,51905,5.0,True,2022-03-29 01:00:00,1.0,2022-03-29,True,False
2022-03-30 00:00:00+00:00,7551.5,7582.5,7522.4,7576.2,43319,5.0,True,2022-03-30 01:00:00,1.0,2022-03-30,True,False
2022-03-31 00:00:00+00:00,7566.4,7594.5,7490.0,7510.3,45109,5.0,True,2022-03-31 01:00:00,1.0,2022-03-31,True,False
2022-04-01 00:00:00+00:00,7510.9,7569.6,7497.5,7568.5,43212,0.3999999999996362,True,2022-04-01 01:00:00,1.0,2022-04-01,True,False
2022-04-04 00:00:00+00:00,7555.9,7582.6,7532.3,7561.5,32926,5.0,True,2022-04-04 01:00:00,1.0,2022-04-04,True,False
2022-04-05 00:00:00+00:00,7561.9,7617.5,7536.4,7603.5,47054,5.0,True,2022-04-05 01:00:00,1.0,2022-04-05,True,False
2022-04-06 00:00:00+00:00,7603.1,7619.0,7534.7,7587.5,57080,5.0,True,2022-04-06 01:00:00,1.0,2022-04-06,True,False
2022-04-07 00:00:00+00:00,7575.6,7620.8,7532.4,7605.7,55618,5.0,True,2022-04-07 01:00:00,1.0,2022-04-07,True,False
2022-04-08 00:00:00+00:00,7605.3,7671.3,7584.5,7656.5,47094,0.3999999999996362,True,2022-04-08 01:00:00,1.0,2022-04-08,True,False
2022-04-11 00:00:00+00:00,7669.1,7670.0,7575.6,7590.3,55740,5.0,True,2022-04-11 01:00:00,1.0,2022-04-11,True,False
2022-04-12 00:00:00+00:00,7591.6,7599.1,7532.3,7553.6,60396,5.0,True,2022-04-12 01:00:00,1.0,2022-04-12,True,False
2022-04-13 00:00:00+00:00,7556.6,7597.9,7544.2,7573.6,47107,5.0,True,2022-04-13 01:00:00,1.0,2022-04-13,True,False
2022-04-14 00:00:00+00:00,7573.5,7623.2,7551.1,7603.2,47179,0.3999999999996362,True,2022-04-14 01:00:00,1.0,2022-04-14,True,False
2022-04-19 00:00:00+00:00,7643.4,7643.4,7565.6,7608.8,51283,5.0,True,2022-04-19 01:00:00,1.0,2022-04-19,True,False
2022-04-20 00:00:00+00:00,7610.6,7656.7,7590.8,7649.9,48240,5.0,True,2022-04-20 01:00:00,1.0,2022-04-20,True,False
2022-04-21 00:00:00+00:00,7633.5,7657.1,7537.8,7547.4,49517,5.0,True,2022-04-21 01:00:00,1.0,2022-04-21,True,False
2022-04-22 00:00:00+00:00,7552.4,7610.2,7482.0,7486.7,64239,0.3999999999996362,True,2022-04-22 01:00:00,1.0,2022-04-22,True,False
2022-04-25 00:00:00+00:00,7478.7,7505.3,7337.5,7455.5,85923,5.0,True,2022-04-25 01:00:00,1.0,2022-04-25,True,False
2022-04-26 00:00:00+00:00,7453.6,7484.8,7297.4,7303.3,69292,5.0,True,2022-04-26 01:00:00,1.0,2022-04-26,True,False
2022-04-27 00:00:00+00:00,7330.8,7493.9,7324.4,7484.1,79919,5.0,True,2022-04-27 01:00:00,1.0,2022-04-27,True,False
2022-04-28 00:00:00+00:00,7471.9,7583.4,7433.8,7535.6,65227,5.0,True,2022-04-28 01:00:00,1.0,2022-04-28,True,False
2022-04-29 00:00:00+00:00,7522.2,7581.3,7438.1,7443.3,63118,0.3999999999996362,True,2022-04-29 01:00:00,1.0,2022-04-29,True,False
2022-05-03 00:00:00+00:00,7459.8,7578.0,7459.8,7561.3,75293,5.0,True,2022-05-03 01:00:00,1.0,2022-05-03,True,False
2022-05-04 00:00:00+00:00,7562.1,7584.3,7488.8,7556.4,62952,5.0,True,2022-05-04 01:00:00,1.0,2022-05-04,True,False
2022-05-05 00:00:00+00:00,7563.2,7621.5,7460.8,7504.5,85146,5.0,True,2022-05-05 01:00:00,1.0,2022-05-05,True,False
2022-05-06 00:00:00+00:00,7494.7,7505.9,7353.4,7406.0,98340,0.3999999999996362,True,2022-05-06 01:00:00,1.0,2022-05-06,True,False
2022-05-09 00:00:00+00:00,7362.8,7392.6,7183.9,7207.1,98365,5.0,True,2022-05-09 01:00:00,1.0,2022-05-09,True,False
2022-05-10 00:00:00+00:00,7214.7,7312.0,7157.7,7254.7,100293,5.0,True,2022-05-10 01:00:00,1.0,2022-05-10,True,False
2022-05-11 00:00:00+00:00,7254.1,7357.2,7235.8,7270.5,96991,5.0,True,2022-05-11 01:00:00,1.0,2022-05-11,True,False
2022-05-12 00:00:00+00:00,7262.6,7273.2,7157.0,7199.8,107069,5.0,True,2022-05-12 01:00:00,1.0,2022-05-12,True,False
2022-05-13 00:00:00+00:00,7224.0,7441.0,7219.8,7441.0,64267,0.3999999999996362,True,2022-05-13 01:00:00,1.0,2022-05-13,True,False
2022-05-16 00:00:00+00:00,7459.5,7507.8,7359.5,7456.5,73823,5.0,True,2022-05-16 01:00:00,1.0,2022-05-16,True,False
2022-05-17 00:00:00+00:00,7459.1,7539.5,7457.5,7538.9,56112,5.0,True,2022-05-17 01:00:00,1.0,2022-05-17,True,False
2022-05-18 00:00:00+00:00,7540.3,7546.3,7368.1,7382.1,56225,5.0,True,2022-05-18 01:00:00,1.0,2022-05-18,True,False
2022-05-19 00:00:00+00:00,7376.8,7399.4,7227.3,7328.8,90193,5.0,True,2022-05-19 01:00:00,1.0,2022-05-19,True,False
2022-05-20 00:00:00+00:00,7329.7,7455.0,7323.6,7397.3,72182,0.3999999999996362,True,2022-05-20 01:00:00,1.0,2022-05-20,True,False
2022-05-23 00:00:00+00:00,7429.3,7518.1,7413.6,7496.6,71372,5.0,True,2022-05-23 01:00:00,1.0,2022-05-23,True,False
2022-05-24 00:00:00+00:00,7451.7,7536.8,7427.5,7532.7,72197,5.0,True,2022-05-24 01:00:00,1.0,2022-05-24,True,False
2022-05-25 00:00:00+00:00,7530.4,7562.8,7493.1,7517.7,63383,5.0,True,2022-05-25 01:00:00,1.0,2022-05-25,True,False
2022-05-26 00:00:00+00:00,7531.2,7581.6,7501.5,7554.8,51749,5.0,True,2022-05-26 01:00:00,1.0,2022-05-26,True,False
2022-05-27 00:00:00+00:00,7545.7,7600.2,7540.0,7583.5,43447,0.3999999999996362,True,2022-05-27 01:00:00,1.0,2022-05-27,True,False
2022-05-30 00:00:00+00:00,7585.4,7626.1,7575.0,7613.6,36863,0.4000000000005457,True,2022-05-30 01:00:00,1.0,2022-05-30,True,False
2022-05-31 00:00:00+00:00,7600.4,7648.3,7577.9,7592.6,68785,5.0,True,2022-05-31 01:00:00,1.0,2022-05-31,True,False
2022-06-01 00:00:00+00:00,7593.8,7639.3,7519.1,7545.2,61890,5.0,True,2022-06-01 01:00:00,1.0,2022-06-01,True,False
2022-06-06 00:00:00+00:00,7574.2,7647.1,7567.3,7606.3,45079,5.0,True,2022-06-06 01:00:00,1.0,2022-06-06,True,False
2022-06-07 00:00:00+00:00,7606.8,7631.5,7570.8,7617.2,45201,5.0,True,2022-06-07 01:00:00,1.0,2022-06-07,True,False
2022-06-08 00:00:00+00:00,7622.5,7636.3,7549.1,7568.8,46824,5.0,True,2022-06-08 01:00:00,1.0,2022-06-08,True,False
2022-06-09 00:00:00+00:00,7565.7,7573.8,7420.3,7439.2,54798,5.0,True,2022-06-09 01:00:00,1.0,2022-06-09,True,False
2022-06-10 00:00:00+00:00,7441.5,7451.1,7293.1,7340.9,65896,0.4000000000005457,True,2022-06-10 01:00:00,1.0,2022-06-10,True,False
2022-06-13 00:00:00+00:00,7311.7,7317.6,7172.9,7225.9,95237,5.0,True,2022-06-13 01:00:00,1.0,2022-06-13,True,False
2022-06-14 00:00:00+00:00,7232.8,7272.3,7134.4,7190.1,91369,5.0,True,2022-06-14 01:00:00,1.0,2022-06-14,True,False
2022-06-15 00:00:00+00:00,7192.5,7314.3,7184.4,7278.0,83044,5.0,True,2022-06-15 01:00:00,1.0,2022-06-15,True,False
2022-06-16 00:00:00+00:00,7294.6,7332.3,6996.1,7022.3,89041,5.0,True,2022-06-16 01:00:00,1.0,2022-06-16,True,False
2022-06-17 00:00:00+00:00,7024.9,7131.2,6991.5,6999.0,96455,0.3999999999996362,True,2022-06-17 01:00:00,1.0,2022-06-17,True,False
2022-06-20 00:00:00+00:00,7017.8,7130.4,6966.5,7111.5,54315,0.3999999999996362,True,2022-06-20 01:00:00,1.0,2022-06-20,True,False
2022-06-21 00:00:00+00:00,7110.6,7193.5,7102.2,7146.1,55335,5.0,True,2022-06-21 01:00:00,1.0,2022-06-21,True,False
2022-06-22 00:00:00+00:00,7142.1,7143.1,7028.2,7069.8,73484,5.0,True,2022-06-22 01:00:00,1.0,2022-06-22,True,False
2022-06-23 00:00:00+00:00,7068.9,7116.5,6991.0,7008.4,77800,5.0,True,2022-06-23 01:00:00,1.0,2022-06-23,True,False
2022-06-24 00:00:00+00:00,7011.3,7244.6,7008.1,7241.4,55594,0.4000000000005457,True,2022-06-24 01:00:00,1.0,2022-06-24,True,False
2022-06-27 00:00:00+00:00,7235.2,7285.2,7210.0,7258.0,60714,5.0,True,2022-06-27 01:00:00,1.0,2022-06-27,True,False
2022-06-28 00:00:00+00:00,7259.2,7361.4,7237.5,7282.4,64922,5.0,True,2022-06-28 01:00:00,1.0,2022-06-28,True,False
2022-06-29 00:00:00+00:00,7285.0,7346.2,7247.8,7302.5,71131,5.0,True,2022-06-29 01:00:00,1.0,2022-06-29,True,False
2022-06-30 00:00:00+00:00,7301.5,7305.0,7109.7,7192.6,81767,5.0,True,2022-06-30 01:00:00,1.0,2022-06-30,True,False
2022-07-01 00:00:00+00:00,7194.9,7238.0,7098.7,7236.7,82203,0.3999999999996362,True,2022-07-01 01:00:00,1.0,2022-07-01,True,False
2022-07-04 00:00:00+00:00,7215.1,7257.7,7177.1,7223.8,44432,0.3999999999996362,True,2022-07-04 01:00:00,1.0,2022-07-04,True,False
2022-07-05 00:00:00+00:00,7232.5,7294.9,7011.9,7091.7,82350,5.0,True,2022-07-05 01:00:00,1.0,2022-07-05,True,False
2022-07-06 00:00:00+00:00,7099.1,7200.2,7070.0,7166.2,81633,5.0,True,2022-07-06 01:00:00,1.0,2022-07-06,True,False
2022-07-07 00:00:00+00:00,7162.3,7213.6,7129.9,7188.8,62612,5.0,True,2022-07-07 01:00:00,1.0,2022-07-07,True,False
2022-07-08 00:00:00+00:00,7185.2,7211.3,7126.6,7187.3,64690,0.3999999999996362,True,2022-07-08 01:00:00,1.0,2022-07-08,True,False
2022-07-11 00:00:00+00:00,7174.9,7216.2,7095.4,7186.5,57855,5.0,True,2022-07-11 01:00:00,1.0,2022-07-11,True,False
2022-07-12 00:00:00+00:00,7186.3,7225.7,7140.1,7189.2,59330,5.0,True,2022-07-12 01:00:00,1.0,2022-07-12,True,False
2022-07-13 00:00:00+00:00,7192.9,7212.2,7102.7,7161.7,71830,5.0,True,2022-07-13 01:00:00,1.0,2022-07-13,True,False
2022-07-14 00:00:00+00:00,7168.1,7188.4,7006.6,7078.2,80080,5.0,True,2022-07-14 01:00:00,1.0,2022-07-14,True,False
2022-07-15 00:00:00+00:00,7081.4,7175.0,7037.0,7174.2,62539,0.3999999999996362,True,2022-07-15 01:00:00,1.0,2022-07-15,True,False
2022-07-18 00:00:00+00:00,7185.0,7270.6,7158.2,7186.6,54987,5.0,True,2022-07-18 01:00:00,1.0,2022-07-18,True,False
2022-07-19 00:00:00+00:00,7186.6,7336.0,7175.0,7330.4,58184,5.0,True,2022-07-19 01:00:00,1.0,2022-07-19,True,False
2022-07-20 00:00:00+00:00,7330.4,7349.1,7237.8,7238.3,66048,5.0,True,2022-07-20 01:00:00,1.0,2022-07-20,True,False
2022-07-21 00:00:00+00:00,7243.4,7295.1,7199.0,7270.5,68903,5.0,True,2022-07-21 01:00:00,1.0,2022-07-21,True,False
2022-07-22 00:00:00+00:00,7266.5,7315.7,7230.8,7253.6,56419,0.4000000000005457,True,2022-07-22 01:00:00,1.0,2022-07-22,True,False
2022-07-25 00:00:00+00:00,7236.2,7328.8,7232.3,7306.1,54341,5.0,True,2022-07-25 01:00:00,1.0,2022-07-25,True,False
2022-07-26 00:00:00+00:00,7302.1,7366.0,7277.3,7313.9,53860,5.0,True,2022-07-26 01:00:00,1.0,2022-07-26,True,False
2022-07-27 00:00:00+00:00,7321.5,7386.5,7315.5,7379.2,50281,5.0,True,2022-07-27 01:00:00,1.0,2022-07-27,True,False
2022-07-28 00:00:00+00:00,7374.6,7425.2,7307.8,7407.9,59241,5.0,True,2022-07-28 01:00:00,1.0,2022-07-28,True,False
2022-07-29 00:00:00+00:00,7389.7,7452.4,7351.1,7449.6,52475,0.4000000000005457,True,2022-07-29 01:00:00,1.0,2022-07-29,True,False
2022-08-01 00:00:00+00:00,7436.2,7472.8,7394.1,7413.7,48595,5.0,True,2022-08-01 01:00:00,1.0,2022-08-01,True,False
2022-08-02 00:00:00+00:00,7407.5,7434.2,7374.5,7399.8,56182,5.0,True,2022-08-02 01:00:00,1.0,2022-08-02,True,False
2022-08-03 00:00:00+00:00,7401.2,7467.3,7370.7,7445.9,48994,5.0,True,2022-08-03 01:00:00,1.0,2022-08-03,True,False
2022-08-04 00:00:00+00:00,7434.1,7492.4,7417.2,7435.7,48758,5.0,True,2022-08-04 01:00:00,1.0,2022-08-04,True,False
2022-08-05 00:00:00+00:00,7435.2,7471.4,7418.2,7458.5,44013,0.3999999999996362,True,2022-08-05 01:00:00,1.0,2022-08-05,True,False
2022-08-08 00:00:00+00:00,7446.9,7514.6,7434.0,7491.8,46810,5.0,True,2022-08-08 01:00:00,1.0,2022-08-08,True,False
2022-08-09 00:00:00+00:00,7485.2,7505.2,7470.6,7486.8,41699,5.0,True,2022-08-09 01:00:00,1.0,2022-08-09,True,False
2022-08-10 00:00:00+00:00,7484.0,7529.8,7465.9,7520.0,39479,5.0,True,2022-08-10 01:00:00,1.0,2022-08-10,True,False
2022-08-11 00:00:00+00:00,7490.5,7521.2,7456.1,7480.2,44097,5.0,True,2022-08-11 01:00:00,1.0,2022-08-11,True,False
2022-08-12 00:00:00+00:00,7482.1,7546.3,7462.2,7546.1,36638,0.4000000000005457,True,2022-08-12 01:00:00,1.0,2022-08-12,True,False
2022-08-15 00:00:00+00:00,7532.0,7544.2,7462.6,7529.9,32662,5.0,True,2022-08-15 01:00:00,1.0,2022-08-15,True,False
2022-08-16 00:00:00+00:00,7529.3,7567.2,7520.2,7564.1,36968,5.0,True,2022-08-16 01:00:00,1.0,2022-08-16,True,False
2022-08-17 00:00:00+00:00,7557.1,7570.3,7501.6,7542.2,44685,5.0,True,2022-08-17 01:00:00,1.0,2022-08-17,True,False
2022-08-18 00:00:00+00:00,7519.3,7565.4,7491.1,7561.9,38284,5.0,True,2022-08-18 01:00:00,1.0,2022-08-18,True,False
2022-08-19 00:00:00+00:00,7559.0,7578.7,7513.0,7549.0,40795,0.3999999999996362,True,2022-08-19 01:00:00,1.0,2022-08-19,True,False
2022-08-22 00:00:00+00:00,7529.4,7551.6,7489.2,7524.9,46504,5.0,True,2022-08-22 01:00:00,1.0,2022-08-22,True,False
2022-08-23 00:00:00+00:00,7528.4,7538.9,7466.9,7489.0,45810,5.0,True,2022-08-23 01:00:00,1.0,2022-08-23,True,False
2022-08-24 00:00:00+00:00,7489.9,7497.6,7408.5,7474.7,42993,5.0,True,2022-08-24 01:00:00,1.0,2022-08-24,True,False
2022-08-25 00:00:00+00:00,7471.4,7536.3,7463.4,7494.9,39834,5.0,True,2022-08-25 01:00:00,1.0,2022-08-25,True,False
2022-08-26 00:00:00+00:00,7501.2,7530.8,7391.6,7400.3,48266,0.3999999999996362,True,2022-08-26 01:00:00,1.0,2022-08-26,True,False
2022-08-30 00:00:00+00:00,7408.6,7487.6,7328.9,7336.9,62246,5.0,True,2022-08-30 01:00:00,1.0,2022-08-30,True,False
2022-08-31 00:00:00+00:00,7338.3,7393.5,7262.6,7276.5,67309,5.0,True,2022-08-31 01:00:00,1.0,2022-08-31,True,False
2022-09-01 00:00:00+00:00,7267.9,7271.0,7131.3,7185.5,67985,5.0,True,2022-09-01 01:00:00,1.0,2022-09-01,True,False
2022-09-02 00:00:00+00:00,7185.5,7289.6,7152.7,7205.1,65533,0.4000000000005457,True,2022-09-02 01:00:00,1.0,2022-09-02,True,False
2022-09-05 00:00:00+00:00,7203.2,7292.5,7182.2,7277.1,44527,0.4000000000005457,True,2022-09-05 01:00:00,1.0,2022-09-05,True,False
2022-09-06 00:00:00+00:00,7275.3,7325.1,7248.3,7256.2,66567,5.0,True,2022-09-06 01:00:00,1.0,2022-09-06,True,False
2022-09-07 00:00:00+00:00,7253.8,7273.3,7186.0,7247.2,62749,5.0,True,2022-09-07 01:00:00,1.0,2022-09-07,True,False
2022-09-08 00:00:00+00:00,7250.9,7276.5,7174.5,7262.6,62001,5.0,True,2022-09-08 01:00:00,1.0,2022-09-08,True,False
2022-09-09 00:00:00+00:00,7258.7,7388.0,7250.7,7386.1,47396,0.4000000000005457,True,2022-09-09 01:00:00,1.0,2022-09-09,True,False
2022-09-12 00:00:00+00:00,7393.6,7483.3,7371.1,7467.7,47879,5.0,True,2022-09-12 01:00:00,1.0,2022-09-12,True,False
2022-09-13 00:00:00+00:00,7466.1,7516.3,7320.9,7338.1,61314,5.0,True,2022-09-13 01:00:00,1.0,2022-09-13,True,False
2022-09-14 00:00:00+00:00,7351.3,7363.2,7258.2,7318.0,67573,5.0,True,2022-09-14 01:00:00,1.0,2022-09-14,True,False
2022-09-15 00:00:00+00:00,7319.3,7330.0,7248.1,7256.9,59413,5.0,True,2022-09-15 01:00:00,1.0,2022-09-15,True,False
2022-09-16 00:00:00+00:00,7247.7,7297.8,7220.9,7244.1,61767,0.4000000000005457,True,2022-09-16 01:00:00,1.0,2022-09-16,True,False
2022-09-20 00:00:00+00:00,7278.1,7328.3,7159.8,7198.8,58843,5.0,True,2022-09-20 01:00:00,1.0,2022-09-20,True,False
2022-09-21 00:00:00+00:00,7194.6,7281.0,7163.0,7184.3,68840,5.0,True,2022-09-21 01:00:00,1.0,2022-09-21,True,False
2022-09-22 00:00:00+00:00,7188.2,7243.3,7138.8,7179.4,78127,5.0,True,2022-09-22 01:00:00,1.0,2022-09-22,True,False
2022-09-23 00:00:00+00:00,7185.6,7197.5,6980.4,7023.8,80277,0.3999999999996362,True,2022-09-23 01:00:00,1.0,2022-09-23,True,False
2022-09-26 00:00:00+00:00,6994.4,7078.9,6942.2,7001.9,107315,5.0,True,2022-09-26 01:00:00,1.0,2022-09-26,True,False
2022-09-27 00:00:00+00:00,7002.6,7071.5,6932.1,6977.5,93153,5.0,True,2022-09-27 01:00:00,1.0,2022-09-27,True,False
2022-09-28 00:00:00+00:00,6971.3,7049.1,6834.6,7026.7,101414,5.0,True,2022-09-28 01:00:00,1.0,2022-09-28,True,False
2022-09-29 00:00:00+00:00,7028.3,7037.9,6827.6,6887.6,101873,5.0,True,2022-09-29 01:00:00,1.0,2022-09-29,True,False
2022-09-30 00:00:00+00:00,6880.4,6956.5,6818.0,6830.0,99028,0.3999999999996362,True,2022-09-30 01:00:00,1.0,2022-09-30,True,False
2022-10-03 00:00:00+00:00,6815.6,6934.5,6785.4,6906.1,92845,5.0,True,2022-10-03 01:00:00,1.0,2022-10-03,True,False
2022-10-04 00:00:00+00:00,6907.2,7089.3,6889.1,7063.7,83082,5.0,True,2022-10-04 01:00:00,1.0,2022-10-04,True,False
2022-10-05 00:00:00+00:00,7060.0,7083.8,6976.7,7051.6,78405,5.0,True,2022-10-05 01:00:00,1.0,2022-10-05,True,False
2022-10-06 00:00:00+00:00,7050.4,7104.1,6959.8,6974.7,84126,5.0,True,2022-10-06 01:00:00,1.0,2022-10-06,True,False
2022-10-07 00:00:00+00:00,6967.6,7022.5,6959.5,6981.9,75854,0.4000000000005457,True,2022-10-07 01:00:00,1.0,2022-10-07,True,False
2022-10-10 00:00:00+00:00,6950.4,6999.8,6921.5,6965.4,75181,5.0,True,2022-10-10 01:00:00,1.0,2022-10-10,True,False
2022-10-11 00:00:00+00:00,6960.4,6983.7,6849.8,6879.6,101331,5.0,True,2022-10-11 01:00:00,1.0,2022-10-11,True,False
2022-10-12 00:00:00+00:00,6877.3,6926.4,6793.0,6822.0,100870,5.0,True,2022-10-12 01:00:00,1.0,2022-10-12,True,False
2022-10-13 00:00:00+00:00,6823.9,6904.2,6705.4,6884.8,102181,5.0,True,2022-10-13 01:00:00,1.0,2022-10-13,True,False
2022-10-14 00:00:00+00:00,6887.3,6977.4,6824.9,6828.9,104497,0.4000000000005457,True,2022-10-14 01:00:00,1.0,2022-10-14,True,False
2022-10-17 00:00:00+00:00,6835.8,6962.3,6831.8,6925.5,80406,5.0,True,2022-10-17 01:00:00,1.0,2022-10-17,True,False
2022-10-18 00:00:00+00:00,6942.3,7018.5,6921.5,6977.5,86696,5.0,True,2022-10-18 01:00:00,1.0,2022-10-18,True,False
2022-10-19 00:00:00+00:00,6977.7,7001.2,6890.6,6931.6,87488,5.0,True,2022-10-19 01:00:00,1.0,2022-10-19,True,False
2022-10-20 00:00:00+00:00,6925.5,6954.9,6890.1,6922.4,90514,5.0,True,2022-10-20 01:00:00,1.0,2022-10-20,True,False
2022-10-21 00:00:00+00:00,6925.5,7004.6,6862.4,7004.4,89693,0.4000000000005457,True,2022-10-21 01:00:00,1.0,2022-10-21,True,False
2022-10-24 00:00:00+00:00,7060.7,7066.1,6912.0,7022.6,98003,5.0,True,2022-10-24 01:00:00,1.0,2022-10-24,True,False
2022-10-25 00:00:00+00:00,7019.1,7040.5,6947.8,7001.8,76429,5.0,True,2022-10-25 01:00:00,1.0,2022-10-25,True,False
2022-10-26 00:00:00+00:00,6988.0,7060.4,6959.6,7040.4,75306,5.0,True,2022-10-26 01:00:00,1.0,2022-10-26,True,False
2022-10-27 00:00:00+00:00,7024.4,7093.8,6980.3,7035.4,88616,5.0,True,2022-10-27 01:00:00,1.0,2022-10-27,True,False
2022-10-28 00:00:00+00:00,7047.3,7081.6,6991.5,7071.9,73265,0.4000000000005457,True,2022-10-28 01:00:00,1.0,2022-10-28,True,False
2022-10-31 00:00:00+00:00,7063.6,7134.3,7027.8,7107.9,62132,0.4000000000005457,True,2022-10-31 00:00:00,0.0,2022-10-31,True,False
2022-11-01 00:00:00+00:00,7107.9,7221.7,7107.4,7178.9,65006,0.4000000000005457,True,2022-11-01 00:00:00,0.0,2022-11-01,True,False
2022-11-02 00:00:00+00:00,7185.5,7209.8,7094.8,7106.8,70364,0.3999999999996362,True,2022-11-02 00:00:00,0.0,2022-11-02,True,False
2022-11-03 00:00:00+00:00,7095.0,7205.1,7072.4,7191.2,70559,0.3999999999996362,True,2022-11-03 00:00:00,0.0,2022-11-03,True,False
2022-11-04 00:00:00+00:00,7184.7,7377.5,7176.6,7348.4,82729,0.4000000000005457,True,2022-11-04 00:00:00,0.0,2022-11-04,True,False
2022-11-07 00:00:00+00:00,7328.8,7347.4,7255.8,7262.7,64984,5.0,True,2022-11-07 00:00:00,0.0,2022-11-07,True,False
2022-11-08 00:00:00+00:00,7263.2,7317.9,7242.5,7292.2,55884,5.0,True,2022-11-08 00:00:00,0.0,2022-11-08,True,False
2022-11-09 00:00:00+00:00,7293.4,7311.0,7260.0,7264.4,67365,5.0,True,2022-11-09 00:00:00,0.0,2022-11-09,True,False
2022-11-10 00:00:00+00:00,7255.9,7405.6,7251.5,7400.4,71680,5.0,True,2022-11-10 00:00:00,0.0,2022-11-10,True,False
2022-11-11 00:00:00+00:00,7398.6,7429.1,7316.1,7340.1,68958,0.4000000000005457,True,2022-11-11 00:00:00,0.0,2022-11-11,True,False
2022-11-14 00:00:00+00:00,7317.8,7414.9,7313.4,7364.0,59833,5.0,True,2022-11-14 00:00:00,0.0,2022-11-14,True,False
2022-11-15 00:00:00+00:00,7366.6,7413.0,7312.1,7328.5,69765,5.0,True,2022-11-15 00:00:00,0.0,2022-11-15,True,False
2022-11-16 00:00:00+00:00,7321.6,7394.4,7302.9,7337.0,70772,5.0,True,2022-11-16 00:00:00,0.0,2022-11-16,True,False
2022-11-17 00:00:00+00:00,7335.8,7381.6,7293.0,7378.6,55169,5.0,True,2022-11-17 00:00:00,0.0,2022-11-17,True,False
2022-11-18 00:00:00+00:00,7377.0,7424.1,7350.2,7395.2,54791,0.3999999999996362,True,2022-11-18 00:00:00,0.0,2022-11-18,True,False
2022-11-21 00:00:00+00:00,7398.0,7417.0,7341.6,7403.7,48669,5.0,True,2022-11-21 00:00:00,0.0,2022-11-21,True,False
2022-11-22 00:00:00+00:00,7404.7,7473.8,7395.0,7467.5,45671,5.0,True,2022-11-22 00:00:00,0.0,2022-11-22,True,False
2022-11-23 00:00:00+00:00,7468.2,7499.0,7451.8,7475.9,39134,5.0,True,2022-11-23 00:00:00,0.0,2022-11-23,True,False
2022-11-24 00:00:00+00:00,7465.6,7488.0,7441.4,7466.0,25814,0.3999999999996362,True,2022-11-24 00:00:00,0.0,2022-11-24,True,False
2022-11-25 00:00:00+00:00,7469.4,7497.6,7459.3,7486.0,27333,0.3999999999996362,True,2022-11-25 00:00:00,0.0,2022-11-25,True,False
2022-11-28 00:00:00+00:00,7470.5,7497.4,7420.9,7475.8,43387,5.0,True,2022-11-28 00:00:00,0.0,2022-11-28,True,False
2022-11-29 00:00:00+00:00,7475.3,7543.3,7471.1,7540.6,47893,5.0,True,2022-11-29 00:00:00,0.0,2022-11-29,True,False
2022-11-30 00:00:00+00:00,7538.8,7620.5,7523.8,7619.1,54102,5.0,True,2022-11-30 00:00:00,0.0,2022-11-30,True,False
2022-12-01 00:00:00+00:00,7618.6,7622.1,7543.7,7553.4,51575,5.0,True,2022-12-01 00:00:00,0.0,2022-12-01,True,False
2022-12-02 00:00:00+00:00,7551.9,7571.3,7505.8,7555.9,46171,0.4000000000005457,True,2022-12-02 00:00:00,0.0,2022-12-02,True,False
2022-12-05 00:00:00+00:00,7548.5,7598.5,7540.8,7560.2,45371,5.0,True,2022-12-05 00:00:00,0.0,2022-12-05,True,False
2022-12-06 00:00:00+00:00,7558.3,7579.5,7503.2,7554.9,51323,5.0,True,2022-12-06 00:00:00,0.0,2022-12-06,True,False
2022-12-07 00:00:00+00:00,7554.2,7568.6,7487.5,7494.6,54945,5.0,True,2022-12-07 00:00:00,0.0,2022-12-07,True,False
2022-12-08 00:00:00+00:00,7495.5,7512.0,7464.0,7471.3,50516,5.0,True,2022-12-08 00:00:00,0.0,2022-12-08,True,False
2022-12-09 00:00:00+00:00,7472.6,7499.9,7429.2,7456.6,47896,0.4000000000005457,True,2022-12-09 00:00:00,0.0,2022-12-09,True,False
2022-12-12 00:00:00+00:00,7452.9,7475.7,7438.0,7457.4,44566,5.0,True,2022-12-12 00:00:00,0.0,2022-12-12,True,False
2022-12-13 00:00:00+00:00,7462.3,7553.0,7426.8,7485.8,73624,5.0,True,2022-12-13 00:00:00,0.0,2022-12-13,True,False
2022-12-14 00:00:00+00:00,7486.1,7509.3,7459.7,7471.9,66195,5.0,True,2022-12-14 00:00:00,0.0,2022-12-14,True,False
2022-12-15 00:00:00+00:00,7470.3,7497.3,7410.0,7444.3,62986,5.0,True,2022-12-15 00:00:00,0.0,2022-12-15,True,False
2022-12-16 00:00:00+00:00,7448.3,7466.4,7305.0,7342.9,67571,0.4000000000005457,True,2022-12-16 00:00:00,0.0,2022-12-16,True,False
2022-12-19 00:00:00+00:00,7344.0,7386.5,7340.5,7357.1,47365,5.0,True,2022-12-19 00:00:00,0.0,2022-12-19,True,False
2022-12-20 00:00:00+00:00,7353.8,7390.9,7296.2,7374.7,60145,5.0,True,2022-12-20 00:00:00,0.0,2022-12-20,True,False
2022-12-21 00:00:00+00:00,7383.6,7522.1,7378.5,7520.7,40356,5.0,True,2022-12-21 00:00:00,0.0,2022-12-21,True,False
2022-12-22 00:00:00+00:00,7517.6,7540.9,7426.1,7473.2,44329,5.0,True,2022-12-22 00:00:00,0.0,2022-12-22,True,False
2022-12-23 00:00:00+00:00,7477.1,7496.0,7455.7,7470.0,23317,0.3999999999996362,True,2022-12-23 00:00:00,0.0,2022-12-23,True,False
2022-12-28 00:00:00+00:00,7459.4,7547.1,7457.0,7480.8,37596,5.0,True,2022-12-28 00:00:00,0.0,2022-12-28,True,False
2022-12-29 00:00:00+00:00,7488.1,7523.8,7431.7,7504.7,32373,5.0,True,2022-12-29 00:00:00,0.0,2022-12-29,True,False
2022-12-30 00:00:00+00:00,7506.2,7521.8,7453.3,7458.3,17304,0.3999999999996362,True,2022-12-30 00:00:00,0.0,2022-12-30,True,False
2023-01-03 00:00:00+00:00,7486.2,7625.4,7410.9,7559.7,60893,5.0,True,2023-01-03 00:00:00,0.0,2023-01-03,True,False
2023-01-04 00:00:00+00:00,7558.2,7610.0,7551.6,7574.1,48451,5.0,True,2023-01-04 00:00:00,0.0,2023-01-04,True,False
2023-01-05 00:00:00+00:00,7577.1,7660.7,7557.9,7642.3,50984,5.0,True,2023-01-05 00:00:00,0.0,2023-01-05,True,False
2023-01-06 00:00:00+00:00,7643.8,7720.5,7634.9,7717.8,42680,0.3999999999996362,True,2023-01-06 00:00:00,0.0,2023-01-06,True,False
2023-01-09 00:00:00+00:00,7727.3,7733.2,7676.5,7683.3,41684,5.0,True,2023-01-09 00:00:00,0.0,2023-01-09,True,False
2023-01-10 00:00:00+00:00,7682.8,7719.7,7663.0,7714.9,39468,5.0,True,2023-01-10 00:00:00,0.0,2023-01-10,True,False
2023-01-11 00:00:00+00:00,7714.9,7773.0,7699.0,7755.2,34481,5.0,True,2023-01-11 00:00:00,0.0,2023-01-11,True,False
2023-01-12 00:00:00+00:00,7758.1,7816.1,7738.8,7809.9,45632,5.0,True,2023-01-12 00:00:00,0.0,2023-01-12,True,False
2023-01-13 00:00:00+00:00,7810.7,7865.0,7801.9,7859.4,38264,0.4000000000005457,True,2023-01-13 00:00:00,0.0,2023-01-13,True,False
2023-01-16 00:00:00+00:00,7859.9,7868.7,7840.3,7854.3,24332,0.3999999999996362,True,2023-01-16 00:00:00,0.0,2023-01-16,True,False
2023-01-17 00:00:00+00:00,7857.3,7876.0,7830.6,7846.5,35320,5.0,True,2023-01-17 00:00:00,0.0,2023-01-17,True,False
2023-01-18 00:00:00+00:00,7845.3,7867.9,7787.2,7789.8,41725,5.0,True,2023-01-18 00:00:00,0.0,2023-01-18,True,False
2023-01-19 00:00:00+00:00,7786.6,7804.2,7724.9,7775.6,44572,5.0,True,2023-01-19 00:00:00,0.0,2023-01-19,True,False
2023-01-20 00:00:00+00:00,7780.6,7798.5,7748.5,7797.6,35118,0.4000000000005457,True,2023-01-20 00:00:00,0.0,2023-01-20,True,False
2023-01-23 00:00:00+00:00,7786.7,7811.4,7768.3,7805.2,32446,5.0,True,2023-01-23 00:00:00,0.0,2023-01-23,True,False
2023-01-24 00:00:00+00:00,7803.8,7807.0,7741.2,7772.0,39426,5.0,True,2023-01-24 00:00:00,0.0,2023-01-24,True,False
2023-01-25 00:00:00+00:00,7778.1,7778.3,7710.8,7754.6,38312,5.0,True,2023-01-25 00:00:00,0.0,2023-01-25,True,False
2023-01-26 00:00:00+00:00,7756.1,7786.4,7748.7,7771.9,36624,5.0,True,2023-01-26 00:00:00,0.0,2023-01-26,True,False
2023-01-27 00:00:00+00:00,7767.7,7781.7,7742.0,7763.1,28708,0.4000000000005457,True,2023-01-27 00:00:00,0.0,2023-01-27,True,False
2023-01-30 00:00:00+00:00,7756.1,7794.1,7714.9,7775.7,41370,5.0,True,2023-01-30 00:00:00,0.0,2023-01-30,True,False
2023-01-31 00:00:00+00:00,7774.4,7796.0,7707.3,7784.8,41766,5.0,True,2023-01-31 00:00:00,0.0,2023-01-31,True,False
2023-02-01 00:00:00+00:00,7783.3,7810.6,7740.3,7802.3,45028,5.0,True,2023-02-01 00:00:00,0.0,2023-02-01,True,False
2023-02-02 00:00:00+00:00,7823.8,7851.5,7770.5,7806.0,56288,5.0,True,2023-02-02 00:00:00,0.0,2023-02-02,True,False
2023-02-03 00:00:00+00:00,7807.5,7913.7,7797.9,7901.6,46755,0.4000000000005457,True,2023-02-03 00:00:00,0.0,2023-02-03,True,False
2023-02-06 00:00:00+00:00,7882.7,7899.4,7807.4,7843.7,42206,5.0,True,2023-02-06 00:00:00,0.0,2023-02-06,True,False
2023-02-07 00:00:00+00:00,7844.6,7908.4,7842.6,7890.2,47222,5.0,True,2023-02-07 00:00:00,0.0,2023-02-07,True,False
2023-02-08 00:00:00+00:00,7899.5,7935.0,7871.3,7894.6,37979,5.0,True,2023-02-08 00:00:00,0.0,2023-02-08,True,False
2023-02-09 00:00:00+00:00,7893.0,7949.1,7883.7,7905.2,42052,5.0,True,2023-02-09 00:00:00,0.0,2023-02-09,True,False
2023-02-10 00:00:00+00:00,7905.5,7914.0,7849.9,7895.1,44585,0.4000000000005457,True,2023-02-10 00:00:00,0.0,2023-02-10,True,False
2023-02-13 00:00:00+00:00,7885.7,7966.4,7870.1,7964.1,32418,5.0,True,2023-02-13 00:00:00,0.0,2023-02-13,True,False
2023-02-14 00:00:00+00:00,7962.1,8000.3,7946.0,7985.6,43871,5.0,True,2023-02-14 00:00:00,0.0,2023-02-14,True,False
2023-02-15 00:00:00+00:00,7984.1,8033.3,7921.4,8021.3,38514,5.0,True,2023-02-15 00:00:00,0.0,2023-02-15,True,False
2023-02-16 00:00:00+00:00,8015.4,8046.0,7978.1,8004.7,39753,5.0,True,2023-02-16 00:00:00,0.0,2023-02-16,True,False
2023-02-17 00:00:00+00:00,8004.5,8022.5,7955.4,8012.9,41132,0.4000000000005457,True,2023-02-17 00:00:00,0.0,2023-02-17,True,False
2023-02-20 00:00:00+00:00,8002.3,8031.1,7995.2,8009.3,17621,0.3999999999996362,True,2023-02-20 00:00:00,0.0,2023-02-20,True,False
2023-02-21 00:00:00+00:00,8005.1,8013.6,7952.0,7966.1,39062,5.0,True,2023-02-21 00:00:00,0.0,2023-02-21,True,False
2023-02-22 00:00:00+00:00,7968.2,7978.6,7878.6,7938.2,42612,5.0,True,2023-02-22 00:00:00,0.0,2023-02-22,True,False
2023-02-23 00:00:00+00:00,7915.6,7946.2,7889.3,7934.1,35693,5.0,True,2023-02-23 00:00:00,0.0,2023-02-23,True,False
2023-02-24 00:00:00+00:00,7937.4,7949.1,7870.1,7916.4,40189,0.4000000000005457,True,2023-02-24 00:00:00,0.0,2023-02-24,True,False
2023-02-27 00:00:00+00:00,7913.9,7950.7,7907.5,7944.8,34289,5.0,True,2023-02-27 00:00:00,0.0,2023-02-27,True,False
2023-02-28 00:00:00+00:00,7943.4,7949.6,7854.2,7871.9,37595,5.0,True,2023-02-28 00:00:00,0.0,2023-02-28,True,False
2023-03-01 00:00:00+00:00,7870.5,7952.5,7856.8,7936.0,43569,5.0,True,2023-03-01 00:00:00,0.0,2023-03-01,True,False
2023-03-02 00:00:00+00:00,7916.5,7971.2,7874.8,7962.2,46398,5.0,True,2023-03-02 00:00:00,0.0,2023-03-02,True,False
2023-03-03 00:00:00+00:00,7963.3,7976.0,7919.0,7958.2,32078,0.3999999999996362,True,2023-03-03 00:00:00,0.0,2023-03-03,True,False
2023-03-06 00:00:00+00:00,7949.2,7959.6,7896.6,7940.4,30626,5.0,True,2023-03-06 00:00:00,0.0,2023-03-06,True,False
2023-03-07 00:00:00+00:00,7935.9,7960.4,7888.0,7902.0,35339,5.0,True,2023-03-07 00:00:00,0.0,2023-03-07,True,False
2023-03-08 00:00:00+00:00,7903.3,7947.9,7890.8,7923.7,36081,5.0,True,2023-03-08 00:00:00,0.0,2023-03-08,True,False
2023-03-09 00:00:00+00:00,7923.0,7925.6,7805.4,7817.4,39300,5.0,True,2023-03-09 00:00:00,0.0,2023-03-09,True,False
2023-03-10 00:00:00+00:00,7817.5,7817.5,7679.2,7687.7,76138,0.3999999999996362,True,2023-03-10 00:00:00,0.0,2023-03-10,True,False
2023-03-13 00:00:00+00:00,7723.2,7764.4,7529.7,7548.9,117449,0.4000000000005457,True,2023-03-13 00:00:00,0.0,2023-03-13,True,False
2023-03-14 00:00:00+00:00,7557.3,7644.9,7500.6,7629.8,82686,0.3999999999996362,True,2023-03-14 00:00:00,0.0,2023-03-14,True,False
2023-03-15 00:00:00+00:00,7619.2,7642.5,7319.9,7396.4,93451,0.4000000000005457,True,2023-03-15 00:00:00,0.0,2023-03-15,True,False
2023-03-16 00:00:00+00:00,7387.3,7466.5,7328.0,7456.3,78119,0.3999999999996362,True,2023-03-16 00:00:00,0.0,2023-03-16,True,False
2023-03-17 00:00:00+00:00,7456.5,7511.4,7309.2,7313.0,79178,0.3999999999996362,True,2023-03-17 00:00:00,0.0,2023-03-17,True,False
2023-03-20 00:00:00+00:00,7351.2,7432.0,7205.3,7420.7,89308,0.3999999999996362,True,2023-03-20 00:00:00,0.0,2023-03-20,True,False
2023-03-21 00:00:00+00:00,7418.4,7568.4,7409.2,7558.6,47819,0.4000000000005457,True,2023-03-21 00:00:00,0.0,2023-03-21,True,False
2023-03-22 00:00:00+00:00,7556.9,7590.5,7501.3,7520.0,51747,0.3999999999996362,True,2023-03-22 00:00:00,0.0,2023-03-22,True,False
2023-03-23 00:00:00+00:00,7517.8,7553.4,7417.7,7455.1,55843,0.4000000000005457,True,2023-03-23 00:00:00,0.0,2023-03-23,True,False
2023-03-24 00:00:00+00:00,7439.0,7476.0,7334.0,7429.1,73264,0.4000000000005457,True,2023-03-24 00:00:00,0.0,2023-03-24,True,False
2023-03-27 00:00:00+00:00,7430.3,7516.1,7418.7,7515.0,48037,5.0,True,2023-03-27 01:00:00,1.0,2023-03-27,True,False
2023-03-28 00:00:00+00:00,7506.3,7524.6,7451.7,7471.1,37483,5.0,True,2023-03-28 01:00:00,1.0,2023-03-28,True,False
2023-03-29 00:00:00+00:00,7471.2,7578.9,7468.0,7572.4,30481,5.0,True,2023-03-29 01:00:00,1.0,2023-03-29,True,False
2023-03-30 00:00:00+00:00,7566.2,7639.6,7556.9,7623.1,33397,5.0,True,2023-03-30 01:00:00,1.0,2023-03-30,True,False
2023-03-31 00:00:00+00:00,7618.9,7659.5,7614.9,7645.9,29354,0.4000000000005457,True,2023-03-31 01:00:00,1.0,2023-03-31,True,False
2023-04-03 00:00:00+00:00,7646.4,7699.3,7637.2,7694.4,37379,5.0,True,2023-04-03 01:00:00,1.0,2023-04-03,True,False
2023-04-04 00:00:00+00:00,7691.6,7727.4,7626.7,7649.0,33959,5.0,True,2023-04-04 01:00:00,1.0,2023-04-04,True,False
2023-04-05 00:00:00+00:00,7647.2,7679.9,7634.0,7672.3,33451,5.0,True,2023-04-05 01:00:00,1.0,2023-04-05,True,False
2023-04-06 00:00:00+00:00,7666.5,7762.5,7655.5,7752.2,27967,0.3999999999996362,True,2023-04-06 01:00:00,1.0,2023-04-06,True,False
2023-04-11 00:00:00+00:00,7772.6,7811.0,7755.9,7785.8,31576,5.0,True,2023-04-11 01:00:00,1.0,2023-04-11,True,False
2023-04-12 00:00:00+00:00,7784.7,7861.8,7776.6,7808.9,35183,5.0,True,2023-04-12 01:00:00,1.0,2023-04-12,True,False
2023-04-13 00:00:00+00:00,7804.3,7868.1,7795.5,7855.7,28698,5.0,True,2023-04-13 01:00:00,1.0,2023-04-13,True,False
2023-04-14 00:00:00+00:00,7856.4,7904.1,7848.6,7887.7,29680,0.3999999999996362,True,2023-04-14 01:00:00,1.0,2023-04-14,True,False
2023-04-17 00:00:00+00:00,7906.4,7916.3,7873.5,7900.6,24250,5.0,True,2023-04-17 01:00:00,1.0,2023-04-17,True,False
2023-04-18 00:00:00+00:00,7900.6,7920.2,7880.7,7916.2,24194,5.0,True,2023-04-18 01:00:00,1.0,2023-04-18,True,False
2023-04-19 00:00:00+00:00,7911.8,7916.5,7871.6,7891.9,23652,5.0,True,2023-04-19 01:00:00,1.0,2023-04-19,True,False
2023-04-20 00:00:00+00:00,7889.2,7916.3,7873.0,7905.4,26007,5.0,True,2023-04-20 01:00:00,1.0,2023-04-20,True,False
2023-04-21 00:00:00+00:00,7905.4,7937.6,7885.0,7914.4,27617,0.4000000000005457,True,2023-04-21 01:00:00,1.0,2023-04-21,True,False
2023-04-24 00:00:00+00:00,7896.7,7927.6,7876.9,7903.1,21355,5.0,True,2023-04-24 01:00:00,1.0,2023-04-24,True,False
2023-04-25 00:00:00+00:00,7906.7,7911.8,7853.0,7874.9,31227,5.0,True,2023-04-25 01:00:00,1.0,2023-04-25,True,False
2023-04-26 00:00:00+00:00,7876.6,7894.0,7815.8,7833.6,39681,5.0,True,2023-04-26 01:00:00,1.0,2023-04-26,True,False
2023-04-27 00:00:00+00:00,7832.0,7890.3,7815.9,7870.8,32009,5.0,True,2023-04-27 01:00:00,1.0,2023-04-27,True,False
2023-04-28 00:00:00+00:00,7857.2,7880.9,7789.6,7869.9,37079,0.4000000000005457,True,2023-04-28 01:00:00,1.0,2023-04-28,True,False
2023-05-02 00:00:00+00:00,7849.5,7897.5,7764.1,7791.8,40149,5.0,True,2023-05-02 01:00:00,1.0,2023-05-02,True,False
2023-05-03 00:00:00+00:00,7790.2,7819.1,7738.9,7744.2,43788,5.0,True,2023-05-03 01:00:00,1.0,2023-05-03,True,False
2023-05-04 00:00:00+00:00,7716.8,7781.5,7690.1,7710.4,56528,5.0,True,2023-05-04 01:00:00,1.0,2023-05-04,True,False
2023-05-05 00:00:00+00:00,7717.2,7808.6,7713.9,7799.2,31892,0.3999999999996362,True,2023-05-05 01:00:00,1.0,2023-05-05,True,False
2023-05-09 00:00:00+00:00,7790.9,7809.6,7732.9,7761.2,24174,5.0,True,2023-05-09 01:00:00,1.0,2023-05-09,True,False
2023-05-10 00:00:00+00:00,7758.2,7780.3,7707.2,7747.1,32232,5.0,True,2023-05-10 01:00:00,1.0,2023-05-10,True,False
2023-05-11 00:00:00+00:00,7733.8,7785.0,7679.1,7746.2,35290,5.0,True,2023-05-11 01:00:00,1.0,2023-05-11,True,False
2023-05-12 00:00:00+00:00,7744.2,7773.4,7736.1,7759.8,29358,0.3999999999996362,True,2023-05-12 01:00:00,1.0,2023-05-12,True,False
2023-05-15 00:00:00+00:00,7749.5,7795.6,7745.8,7781.2,25378,5.0,True,2023-05-15 01:00:00,1.0,2023-05-15,True,False
2023-05-16 00:00:00+00:00,7781.2,7805.9,7726.8,7740.8,29684,5.0,True,2023-05-16 01:00:00,1.0,2023-05-16,True,False
2023-05-17 00:00:00+00:00,7735.6,7761.4,7712.9,7757.6,28018,5.0,True,2023-05-17 01:00:00,1.0,2023-05-17,True,False
2023-05-18 00:00:00+00:00,7745.9,7777.2,7724.0,7766.3,29814,5.0,True,2023-05-18 01:00:00,1.0,2023-05-18,True,False
2023-05-19 00:00:00+00:00,7764.3,7791.7,7747.2,7780.4,30752,0.4000000000005457,True,2023-05-19 01:00:00,1.0,2023-05-19,True,False
2023-05-22 00:00:00+00:00,7766.0,7785.6,7750.1,7776.2,26738,5.0,True,2023-05-22 01:00:00,1.0,2023-05-22,True,False
2023-05-23 00:00:00+00:00,7775.8,7801.2,7725.9,7733.0,33455,5.0,True,2023-05-23 01:00:00,1.0,2023-05-23,True,False
2023-05-24 00:00:00+00:00,7733.6,7742.9,7590.3,7645.6,40548,5.0,True,2023-05-24 01:00:00,1.0,2023-05-24,True,False
2023-05-25 00:00:00+00:00,7637.5,7644.0,7560.7,7587.3,40539,5.0,True,2023-05-25 01:00:00,1.0,2023-05-25,True,False
2023-05-26 00:00:00+00:00,7585.1,7644.7,7556.2,7637.2,32472,0.3999999999996362,True,2023-05-26 01:00:00,1.0,2023-05-26,True,False
2023-05-30 00:00:00+00:00,7637.3,7643.4,7515.5,7535.7,36526,5.0,True,2023-05-30 01:00:00,1.0,2023-05-30,True,False
2023-05-31 00:00:00+00:00,7528.0,7540.9,7440.2,7459.8,42416,5.0,True,2023-05-31 01:00:00,1.0,2023-05-31,True,False
2023-06-01 00:00:00+00:00,7454.3,7507.5,7444.0,7504.8,34837,5.0,True,2023-06-01 01:00:00,1.0,2023-06-01,True,False
2023-06-02 00:00:00+00:00,7505.9,7629.7,7498.1,7620.2,31366,1.0,True,2023-06-02 01:00:00,1.0,2023-06-02,True,False
2023-06-05 00:00:00+00:00,7616.9,7655.0,7583.0,7590.4,31288,5.0,True,2023-06-05 01:00:00,1.0,2023-06-05,True,False
2023-06-06 00:00:00+00:00,7590.0,7648.4,7555.4,7646.7,29482,5.0,True,2023-06-06 01:00:00,1.0,2023-06-06,True,False
2023-06-07 00:00:00+00:00,7649.2,7650.0,7602.3,7637.5,31029,5.0,True,2023-06-07 01:00:00,1.0,2023-06-07,True,False
2023-06-08 00:00:00+00:00,7631.8,7638.5,7586.9,7618.0,30429,5.0,True,2023-06-08 01:00:00,1.0,2023-06-08,True,False
2023-06-09 00:00:00+00:00,7615.1,7619.3,7545.6,7573.2,27205,1.0,True,2023-06-09 01:00:00,1.0,2023-06-09,True,False
2023-06-12 00:00:00+00:00,7569.3,7607.5,7554.9,7580.8,31972,5.0,True,2023-06-12 01:00:00,1.0,2023-06-12,True,False
2023-06-13 00:00:00+00:00,7579.0,7611.3,7553.3,7594.9,37184,5.0,True,2023-06-13 01:00:00,1.0,2023-06-13,True,False
2023-06-14 00:00:00+00:00,7593.3,7639.9,7574.9,7598.5,36539,5.0,True,2023-06-14 01:00:00,1.0,2023-06-14,True,False
2023-06-15 00:00:00+00:00,7596.7,7640.9,7578.5,7626.2,33362,5.0,True,2023-06-15 01:00:00,1.0,2023-06-15,True,False
2023-06-16 00:00:00+00:00,7626.5,7687.4,7612.3,7618.5,33081,1.0,True,2023-06-16 01:00:00,1.0,2023-06-16,True,False
2023-06-19 00:00:00+00:00,7626.0,7626.9,7581.4,7592.7,19350,1.0,True,2023-06-19 01:00:00,1.0,2023-06-19,True,False
2023-06-20 00:00:00+00:00,7594.1,7608.2,7554.7,7561.4,27893,5.0,True,2023-06-20 01:00:00,1.0,2023-06-20,True,False
2023-06-21 00:00:00+00:00,7562.0,7577.9,7517.1,7543.1,28576,5.0,True,2023-06-21 01:00:00,1.0,2023-06-21,True,False
2023-06-22 00:00:00+00:00,7542.7,7548.4,7457.3,7516.1,33178,5.0,True,2023-06-22 01:00:00,1.0,2023-06-22,True,False
2023-06-23 00:00:00+00:00,7515.7,7516.7,7439.3,7453.9,30938,1.0,True,2023-06-23 01:00:00,1.0,2023-06-23,True,False
2023-06-26 00:00:00+00:00,7457.0,7478.4,7399.6,7471.3,33041,5.0,True,2023-06-26 01:00:00,1.0,2023-06-26,True,False
2023-06-27 00:00:00+00:00,7470.9,7498.0,7427.8,7477.7,28559,5.0,True,2023-06-27 01:00:00,1.0,2023-06-27,True,False
2023-06-28 00:00:00+00:00,7476.7,7518.5,7470.6,7504.3,28808,5.0,True,2023-06-28 01:00:00,1.0,2023-06-28,True,False
2023-06-29 00:00:00+00:00,7503.7,7516.4,7459.5,7488.3,25878,5.0,True,2023-06-29 01:00:00,1.0,2023-06-29,True,False
2023-06-30 00:00:00+00:00,7487.7,7553.3,7477.5,7552.0,25622,1.0,True,2023-06-30 01:00:00,1.0,2023-06-30,True,False
2023-07-03 00:00:00+00:00,7556.5,7565.9,7514.6,7532.2,24570,5.0,True,2023-07-03 01:00:00,1.0,2023-07-03,True,False
2023-07-04 00:00:00+00:00,7531.6,7547.5,7516.6,7520.6,14335,1.0,True,2023-07-04 01:00:00,1.0,2023-07-04,True,False
2023-07-05 00:00:00+00:00,7522.6,7523.5,7433.6,7437.5,25766,5.0,True,2023-07-05 01:00:00,1.0,2023-07-05,True,False
2023-07-06 00:00:00+00:00,7439.4,7446.7,7267.2,7282.7,34459,5.0,True,2023-07-06 01:00:00,1.0,2023-07-06,True,False
2023-07-07 00:00:00+00:00,7279.0,7290.3,7227.2,7266.6,34906,1.0,True,2023-07-07 01:00:00,1.0,2023-07-07,True,False
2023-07-10 00:00:00+00:00,7266.4,7307.0,7229.6,7263.8,28126,5.0,True,2023-07-10 01:00:00,1.0,2023-07-10,True,False
2023-07-11 00:00:00+00:00,7263.9,7296.6,7238.5,7292.8,26500,5.0,True,2023-07-11 01:00:00,1.0,2023-07-11,True,False
2023-07-12 00:00:00+00:00,7293.2,7426.0,7291.2,7411.7,29799,5.0,True,2023-07-12 01:00:00,1.0,2023-07-12,True,False
2023-07-13 00:00:00+00:00,7407.4,7458.0,7405.1,7423.9,21854,5.0,True,2023-07-13 01:00:00,1.0,2023-07-13,True,False
2023-07-14 00:00:00+00:00,7432.6,7481.5,7415.5,7420.3,21953,1.0,True,2023-07-14 01:00:00,1.0,2023-07-14,True,False
2023-07-17 00:00:00+00:00,7412.8,7438.2,7393.9,7414.3,22258,5.0,True,2023-07-17 01:00:00,1.0,2023-07-17,True,False
2023-07-18 00:00:00+00:00,7416.7,7464.0,7396.7,7452.2,21128,5.0,True,2023-07-18 01:00:00,1.0,2023-07-18,True,False
2023-07-19 00:00:00+00:00,7454.3,7625.9,7453.5,7583.9,33926,5.0,True,2023-07-19 01:00:00,1.0,2023-07-19,True,False
2023-07-20 00:00:00+00:00,7580.2,7662.4,7568.1,7651.3,26482,5.0,True,2023-07-20 01:00:00,1.0,2023-07-20,True,False
2023-07-21 00:00:00+00:00,7648.9,7674.1,7637.0,7672.6,22379,1.0,True,2023-07-21 01:00:00,1.0,2023-07-21,True,False
2023-07-24 00:00:00+00:00,7675.4,7688.5,7622.0,7680.1,23569,5.0,True,2023-07-24 01:00:00,1.0,2023-07-24,True,False
2023-07-25 00:00:00+00:00,7679.5,7701.3,7668.1,7685.4,25048,5.0,True,2023-07-25 01:00:00,1.0,2023-07-25,True,False
2023-07-26 00:00:00+00:00,7684.3,7703.9,7629.4,7669.1,32528,5.0,True,2023-07-26 01:00:00,1.0,2023-07-26,True,False
2023-07-27 00:00:00+00:00,7676.4,7709.8,7655.7,7669.6,33362,5.0,True,2023-07-27 01:00:00,1.0,2023-07-27,True,False
2023-07-28 00:00:00+00:00,7669.9,7718.1,7646.7,7675.9,33092,1.0,True,2023-07-28 01:00:00,1.0,2023-07-28,True,False
2023-07-31 00:00:00+00:00,7681.0,7723.7,7657.7,7702.6,27283,5.0,True,2023-07-31 01:00:00,1.0,2023-07-31,True,False
2023-08-01 00:00:00+00:00,7702.0,7713.7,7650.0,7659.4,27216,5.0,True,2023-08-01 01:00:00,1.0,2023-08-01,True,False
2023-08-02 00:00:00+00:00,7636.6,7661.2,7519.3,7548.3,39334,5.0,True,2023-08-02 01:00:00,1.0,2023-08-02,True,False
2023-08-03 00:00:00+00:00,7538.3,7566.4,7437.5,7534.3,50718,5.0,True,2023-08-03 01:00:00,1.0,2023-08-03,True,False
2023-08-04 00:00:00+00:00,7537.7,7570.9,7485.9,7514.5,39703,1.0,True,2023-08-04 01:00:00,1.0,2023-08-04,True,False
2023-08-07 00:00:00+00:00,7526.2,7571.5,7504.8,7569.0,30006,5.0,True,2023-08-07 01:00:00,1.0,2023-08-07,True,False
2023-08-08 00:00:00+00:00,7568.7,7570.3,7486.8,7548.6,40322,5.0,True,2023-08-08 01:00:00,1.0,2023-08-08,True,False
2023-08-09 00:00:00+00:00,7547.8,7606.3,7539.0,7602.0,32594,5.0,True,2023-08-09 01:00:00,1.0,2023-08-09,True,False
2023-08-10 00:00:00+00:00,7570.0,7624.2,7561.5,7592.1,41194,5.0,True,2023-08-10 01:00:00,1.0,2023-08-10,True,False
2023-08-11 00:00:00+00:00,7593.5,7600.1,7506.8,7535.5,38810,1.0,True,2023-08-11 01:00:00,1.0,2023-08-11,True,False
2023-08-14 00:00:00+00:00,7544.8,7551.3,7475.7,7517.4,37532,5.0,True,2023-08-14 01:00:00,1.0,2023-08-14,True,False
2023-08-15 00:00:00+00:00,7516.6,7526.4,7369.3,7384.8,41338,5.0,True,2023-08-15 01:00:00,1.0,2023-08-15,True,False
2023-08-16 00:00:00+00:00,7385.3,7398.5,7330.3,7336.2,38852,5.0,True,2023-08-16 01:00:00,1.0,2023-08-16,True,False
2023-08-17 00:00:00+00:00,7330.4,7353.1,7271.6,7273.3,39630,5.0,True,2023-08-17 01:00:00,1.0,2023-08-17,True,False
2023-08-18 00:00:00+00:00,7279.1,7299.4,7215.5,7267.9,41795,1.0,True,2023-08-18 01:00:00,1.0,2023-08-18,True,False
2023-08-21 00:00:00+00:00,7271.7,7317.2,7250.1,7265.8,32306,5.0,True,2023-08-21 01:00:00,1.0,2023-08-21,True,False
2023-08-22 00:00:00+00:00,7267.1,7310.9,7256.4,7262.5,29432,5.0,True,2023-08-22 01:00:00,1.0,2023-08-22,True,False
2023-08-23 00:00:00+00:00,7264.9,7350.1,7260.6,7339.2,32960,5.0,True,2023-08-23 01:00:00,1.0,2023-08-23,True,False
2023-08-24 00:00:00+00:00,7324.3,7385.1,7309.5,7318.4,36759,5.0,True,2023-08-24 01:00:00,1.0,2023-08-24,True,False
2023-08-25 00:00:00+00:00,7321.0,7389.7,7313.2,7363.5,36475,1.0,True,2023-08-25 01:00:00,1.0,2023-08-25,True,False
2023-08-29 00:00:00+00:00,7388.5,7486.1,7369.5,7482.1,40386,5.0,True,2023-08-29 01:00:00,1.0,2023-08-29,True,False
2023-08-30 00:00:00+00:00,7483.4,7510.5,7464.0,7475.5,36387,5.0,True,2023-08-30 01:00:00,1.0,2023-08-30,True,False
2023-08-31 00:00:00+00:00,7476.5,7501.6,7419.0,7436.1,36278,5.0,True,2023-08-31 01:00:00,1.0,2023-08-31,True,False
2023-09-01 00:00:00+00:00,7435.7,7493.5,7430.6,7488.9,37929,1.0,True,2023-09-01 01:00:00,1.0,2023-09-01,True,False
2023-09-04 00:00:00+00:00,7487.0,7524.0,7447.7,7452.1,20549,1.0,True,2023-09-04 01:00:00,1.0,2023-09-04,True,False
2023-09-05 00:00:00+00:00,7451.3,7482.3,7388.7,7425.0,32831,5.0,True,2023-09-05 01:00:00,1.0,2023-09-05,True,False
2023-09-06 00:00:00+00:00,7424.3,7449.1,7368.4,7423.2,33522,5.0,True,2023-09-06 01:00:00,1.0,2023-09-06,True,False
2023-09-07 00:00:00+00:00,7421.3,7462.8,7381.9,7447.0,34440,5.0,True,2023-09-07 01:00:00,1.0,2023-09-07,True,False
2023-09-08 00:00:00+00:00,7448.3,7491.9,7401.1,7487.1,34623,1.0,True,2023-09-08 01:00:00,1.0,2023-09-08,True,False
2023-09-11 00:00:00+00:00,7484.8,7550.7,7467.1,7507.6,34278,5.0,True,2023-09-11 01:00:00,1.0,2023-09-11,True,False
2023-09-12 00:00:00+00:00,7505.8,7551.2,7497.5,7517.7,36195,5.0,True,2023-09-12 01:00:00,1.0,2023-09-12,True,False
2023-09-13 00:00:00+00:00,7518.0,7545.9,7489.1,7529.5,40992,5.0,True,2023-09-13 01:00:00,1.0,2023-09-13,True,False
2023-09-14 00:00:00+00:00,7526.3,7713.2,7521.9,7707.8,33159,5.0,True,2023-09-14 01:00:00,1.0,2023-09-14,True,False
2023-09-15 00:00:00+00:00,7705.3,7748.1,7693.5,7698.0,41436,1.0,True,2023-09-15 01:00:00,1.0,2023-09-15,True,False
2023-09-18 00:00:00+00:00,7702.7,7721.8,7641.2,7662.7,33897,5.0,True,2023-09-18 01:00:00,1.0,2023-09-18,True,False
2023-09-19 00:00:00+00:00,7664.2,7682.6,7641.8,7660.2,30862,5.0,True,2023-09-19 01:00:00,1.0,2023-09-19,True,False
2023-09-20 00:00:00+00:00,7661.0,7742.5,7636.9,7705.7,36437,5.0,True,2023-09-20 01:00:00,1.0,2023-09-20,True,False
2023-09-21 00:00:00+00:00,7709.6,7746.1,7635.9,7639.4,47649,5.0,True,2023-09-21 01:00:00,1.0,2023-09-21,True,False
2023-09-22 00:00:00+00:00,7642.5,7735.8,7635.7,7666.2,44589,1.0,True,2023-09-22 01:00:00,1.0,2023-09-22,True,False
2023-09-25 00:00:00+00:00,7669.1,7686.2,7581.1,7639.6,43480,5.0,True,2023-09-25 01:00:00,1.0,2023-09-25,True,False
2023-09-26 00:00:00+00:00,7637.4,7657.3,7590.7,7607.1,45267,5.0,True,2023-09-26 01:00:00,1.0,2023-09-26,True,False
2023-09-27 00:00:00+00:00,7608.1,7645.8,7561.0,7605.8,43826,5.0,True,2023-09-27 01:00:00,1.0,2023-09-27,True,False
2023-09-28 00:00:00+00:00,7600.4,7621.8,7522.9,7613.2,54598,5.0,True,2023-09-28 01:00:00,1.0,2023-09-28,True,False
2023-09-29 00:00:00+00:00,7612.4,7674.9,7574.9,7586.1,49655,1.0,True,2023-09-29 01:00:00,1.0,2023-09-29,True,False
2023-10-02 00:00:00+00:00,7607.5,7632.9,7486.8,7510.9,53789,5.0,True,2023-10-02 01:00:00,1.0,2023-10-02,True,False
2023-10-03 00:00:00+00:00,7508.6,7546.3,7458.4,7467.4,58360,5.0,True,2023-10-03 01:00:00,1.0,2023-10-03,True,False
2023-10-04 00:00:00+00:00,7467.5,7490.3,7383.5,7418.1,66290,5.0,True,2023-10-04 01:00:00,1.0,2023-10-04,True,False
2023-10-05 00:00:00+00:00,7418.5,7490.6,7406.5,7460.3,54481,5.0,True,2023-10-05 01:00:00,1.0,2023-10-05,True,False
2023-10-06 00:00:00+00:00,7459.5,7531.7,7422.3,7520.2,53754,1.0,True,2023-10-06 01:00:00,1.0,2023-10-06,True,False
2023-10-09 00:00:00+00:00,7484.6,7541.2,7471.3,7523.1,45082,5.0,True,2023-10-09 01:00:00,1.0,2023-10-09,True,False
2023-10-10 00:00:00+00:00,7520.8,7642.4,7519.6,7618.5,44612,5.0,True,2023-10-10 01:00:00,1.0,2023-10-10,True,False
2023-10-11 00:00:00+00:00,7620.2,7652.1,7606.3,7642.2,42441,5.0,True,2023-10-11 01:00:00,1.0,2023-10-11,True,False
2023-10-12 00:00:00+00:00,7635.4,7687.2,7603.8,7638.0,41113,5.0,True,2023-10-12 01:00:00,1.0,2023-10-12,True,False
2023-10-13 00:00:00+00:00,7638.7,7661.2,7590.6,7612.3,51583,1.0,True,2023-10-13 01:00:00,1.0,2023-10-13,True,False
2023-10-16 00:00:00+00:00,7619.4,7651.5,7583.7,7647.3,47097,5.0,True,2023-10-16 01:00:00,1.0,2023-10-16,True,False
2023-10-17 00:00:00+00:00,7647.0,7701.6,7619.0,7676.1,50848,5.0,True,2023-10-17 01:00:00,1.0,2023-10-17,True,False
2023-10-18 00:00:00+00:00,7674.4,7699.9,7564.1,7580.9,68681,5.0,True,2023-10-18 01:00:00,1.0,2023-10-18,True,False
2023-10-19 00:00:00+00:00,7577.6,7588.7,7468.8,7481.9,77834,5.0,True,2023-10-19 01:00:00,1.0,2023-10-19,True,False
2023-10-20 00:00:00+00:00,7481.3,7490.4,7385.6,7386.1,68938,1.0,True,2023-10-20 01:00:00,1.0,2023-10-20,True,False
2023-10-23 00:00:00+00:00,7386.1,7411.1,7338.0,7360.7,60965,5.0,True,2023-10-23 01:00:00,1.0,2023-10-23,True,False
2023-10-24 00:00:00+00:00,7360.8,7425.2,7323.8,7398.1,56792,5.0,True,2023-10-24 01:00:00,1.0,2023-10-24,True,False
2023-10-25 00:00:00+00:00,7397.3,7428.6,7368.2,7398.5,56286,5.0,True,2023-10-25 01:00:00,1.0,2023-10-25,True,False
2023-10-26 00:00:00+00:00,7382.8,7396.9,7323.6,7347.0,66367,5.0,True,2023-10-26 01:00:00,1.0,2023-10-26,True,False
2023-10-27 00:00:00+00:00,7359.1,7381.0,7258.0,7270.9,61834,1.0,True,2023-10-27 01:00:00,1.0,2023-10-27,True,False
2023-10-30 00:00:00+00:00,7278.1,7362.7,7276.1,7333.8,47258,1.0,True,2023-10-30 00:00:00,0.0,2023-10-30,True,False
2023-10-31 00:00:00+00:00,7332.5,7374.3,7307.6,7327.8,48878,1.0,True,2023-10-31 00:00:00,0.0,2023-10-31,True,False
2023-11-01 00:00:00+00:00,7329.9,7386.4,7305.1,7365.2,52242,1.0,True,2023-11-01 00:00:00,0.0,2023-11-01,True,False
2023-11-02 00:00:00+00:00,7365.5,7471.9,7364.4,7467.4,44249,1.0,True,2023-11-02 00:00:00,0.0,2023-11-02,True,False
2023-11-03 00:00:00+00:00,7457.1,7483.8,7395.8,7405.5,40217,1.0,True,2023-11-03 00:00:00,0.0,2023-11-03,True,False
2023-11-06 00:00:00+00:00,7406.6,7448.5,7399.6,7422.0,32743,5.0,True,2023-11-06 00:00:00,0.0,2023-11-06,True,False
2023-11-07 00:00:00+00:00,7421.0,7431.7,7395.0,7406.0,36303,5.0,True,2023-11-07 00:00:00,0.0,2023-11-07,True,False
2023-11-08 00:00:00+00:00,7406.1,7441.9,7380.9,7386.6,38426,5.0,True,2023-11-08 00:00:00,0.0,2023-11-08,True,False
2023-11-09 00:00:00+00:00,7377.6,7467.0,7364.5,7427.8,39476,5.0,True,2023-11-09 00:00:00,0.0,2023-11-09,True,False
2023-11-10 00:00:00+00:00,7427.6,7427.8,7319.5,7404.5,41656,1.0,True,2023-11-10 00:00:00,0.0,2023-11-10,True,False
2023-11-13 00:00:00+00:00,7390.9,7435.3,7360.1,7432.7,31830,5.0,True,2023-11-13 00:00:00,0.0,2023-11-13,True,False
2023-11-14 00:00:00+00:00,7432.1,7456.8,7385.5,7435.5,39815,5.0,True,2023-11-14 00:00:00,0.0,2023-11-14,True,False
2023-11-15 00:00:00+00:00,7437.2,7535.5,7427.7,7476.9,43538,5.0,True,2023-11-15 00:00:00,0.0,2023-11-15,True,False
2023-11-16 00:00:00+00:00,7463.3,7494.4,7403.4,7438.6,33141,5.0,True,2023-11-16 00:00:00,0.0,2023-11-16,True,False
2023-11-17 00:00:00+00:00,7437.4,7516.7,7423.9,7510.4,33031,1.0,True,2023-11-17 00:00:00,0.0,2023-11-17,True,False
2023-11-20 00:00:00+00:00,7511.6,7511.7,7470.2,7493.0,30679,5.0,True,2023-11-20 00:00:00,0.0,2023-11-20,True,False
2023-11-21 00:00:00+00:00,7494.7,7500.7,7446.0,7482.4,29219,5.0,True,2023-11-21 00:00:00,0.0,2023-11-21,True,False
2023-11-22 00:00:00+00:00,7481.4,7506.5,7452.3,7478.5,31273,5.0,True,2023-11-22 00:00:00,0.0,2023-11-22,True,False
2023-11-23 00:00:00+00:00,7468.1,7495.1,7449.2,7483.1,19578,1.0,True,2023-11-23 00:00:00,0.0,2023-11-23,True,False
2023-11-24 00:00:00+00:00,7488.3,7501.5,7449.2,7492.3,22226,1.0,True,2023-11-24 00:00:00,0.0,2023-11-24,True,False
2023-11-27 00:00:00+00:00,7489.6,7496.7,7452.1,7459.3,21602,5.0,True,2023-11-27 00:00:00,0.0,2023-11-27,True,False
2023-11-28 00:00:00+00:00,7459.4,7465.1,7402.1,7439.7,29817,5.0,True,2023-11-28 00:00:00,0.0,2023-11-28,True,False
2023-11-29 00:00:00+00:00,7440.1,7458.3,7407.6,7427.0,33415,5.0,True,2023-11-29 00:00:00,0.0,2023-11-29,True,False
2023-11-30 00:00:00+00:00,7424.7,7497.3,7385.1,7465.0,40739,5.0,True,2023-11-30 00:00:00,0.0,2023-11-30,True,False
2023-12-01 00:00:00+00:00,7465.5,7543.5,7464.2,7524.4,36485,1.0,True,2023-12-01 00:00:00,0.0,2023-12-01,True,False
2023-12-04 00:00:00+00:00,7526.4,7540.3,7476.2,7506.3,34365,5.0,True,2023-12-04 00:00:00,0.0,2023-12-04,True,False
2023-12-05 00:00:00+00:00,7506.8,7508.0,7459.7,7481.5,36269,5.0,True,2023-12-05 00:00:00,0.0,2023-12-05,True,False
2023-12-06 00:00:00+00:00,7478.2,7543.1,7476.8,7497.5,33340,5.0,True,2023-12-06 00:00:00,0.0,2023-12-06,True,False
2023-12-07 00:00:00+00:00,7497.2,7525.2,7475.2,7512.8,33465,5.0,True,2023-12-07 00:00:00,0.0,2023-12-07,True,False
2023-12-08 00:00:00+00:00,7514.1,7581.6,7507.9,7562.3,35381,1.0,True,2023-12-08 00:00:00,0.0,2023-12-08,True,False
2023-12-11 00:00:00+00:00,7563.8,7575.6,7493.0,7551.0,31465,5.0,True,2023-12-11 00:00:00,0.0,2023-12-11,True,False
2023-12-12 00:00:00+00:00,7551.9,7608.4,7540.8,7556.7,34037,5.0,True,2023-12-12 00:00:00,0.0,2023-12-12,True,False
2023-12-13 00:00:00+00:00,7556.8,7602.9,7543.7,7594.8,34150,5.0,True,2023-12-13 00:00:00,0.0,2023-12-13,True,False
2023-12-14 00:00:00+00:00,7596.6,7727.4,7595.8,7634.5,50418,5.0,True,2023-12-14 00:00:00,0.0,2023-12-14,True,False
2023-12-15 00:00:00+00:00,7633.0,7669.2,7546.6,7552.6,38148,1.0,True,2023-12-15 00:00:00,0.0,2023-12-15,True,False
2023-12-18 00:00:00+00:00,7560.4,7631.4,7552.3,7616.0,28296,5.0,True,2023-12-18 00:00:00,0.0,2023-12-18,True,False
2023-12-19 00:00:00+00:00,7616.0,7656.1,7604.3,7647.2,28621,5.0,True,2023-12-19 00:00:00,0.0,2023-12-19,True,False
2023-12-20 00:00:00+00:00,7647.6,7767.9,7646.1,7675.0,44456,5.0,True,2023-12-20 00:00:00,0.0,2023-12-20,True,False
2023-12-21 00:00:00+00:00,7667.3,7711.0,7654.3,7701.6,31477,5.0,True,2023-12-21 00:00:00,0.0,2023-12-21,True,False
2023-12-22 00:00:00+00:00,7701.6,7716.1,7661.5,7695.3,12813,0.6000000000003638,True,2023-12-22 00:00:00,0.0,2023-12-22,True,False
2023-12-27 00:00:00+00:00,7725.3,7761.4,7708.5,7725.2,27437,5.0,True,2023-12-27 00:00:00,0.0,2023-12-27,True,False
2023-12-28 00:00:00+00:00,7723.9,7756.1,7707.0,7723.8,25829,5.0,True,2023-12-28 00:00:00,0.0,2023-12-28,True,False
2023-12-29 00:00:00+00:00,7723.9,7747.7,7720.0,7735.5,12136,0.6000000000003638,True,2023-12-29 00:00:00,0.0,2023-12-29,True,False
2024-01-02 00:00:00+00:00,7732.5,7766.5,7688.9,7713.3,37512,5.0,True,2024-01-02 00:00:00,0.0,2024-01-02,True,False
2024-01-03 00:00:00+00:00,7715.8,7745.9,7648.9,7694.5,46428,5.0,True,2024-01-03 00:00:00,0.0,2024-01-03,True,False
2024-01-04 00:00:00+00:00,7696.5,7729.4,7673.2,7705.1,39313,5.0,True,2024-01-04 00:00:00,0.0,2024-01-04,True,False
2024-01-05 00:00:00+00:00,7705.6,7712.0,7641.5,7673.4,41173,1.0,True,2024-01-05 00:00:00,0.0,2024-01-05,True,False
2024-01-08 00:00:00+00:00,7672.6,7725.2,7634.4,7716.0,38078,5.0,True,2024-01-08 00:00:00,0.0,2024-01-08,True,False
2024-01-09 00:00:00+00:00,7716.2,7720.9,7669.2,7672.3,35248,5.0,True,2024-01-09 00:00:00,0.0,2024-01-09,True,False
2024-01-10 00:00:00+00:00,7671.9,7681.4,7644.2,7658.6,33491,5.0,True,2024-01-10 00:00:00,0.0,2024-01-10,True,False
2024-01-11 00:00:00+00:00,7658.0,7694.8,7572.7,7591.7,42352,5.0,True,2024-01-11 00:00:00,0.0,2024-01-11,True,False
2024-01-12 00:00:00+00:00,7591.7,7656.4,7581.9,7630.8,43297,1.0,True,2024-01-12 00:00:00,0.0,2024-01-12,True,False
2024-01-15 00:00:00+00:00,7619.1,7644.7,7577.2,7593.3,25611,1.0,True,2024-01-15 00:00:00,0.0,2024-01-15,True,False
2024-01-16 00:00:00+00:00,7590.3,7593.2,7530.0,7541.2,44544,5.0,True,2024-01-16 00:00:00,0.0,2024-01-16,True,False
2024-01-17 00:00:00+00:00,7541.4,7543.2,7403.6,7434.7,5201,5.0,True,2024-01-17 00:00:00,0.0,2024-01-17,True,False
2024-01-18 00:00:00+00:00,7430.5,7482.7,7425.2,7479.6,47628,5.0,True,2024-01-18 00:00:00,0.0,2024-01-18,True,False
2024-01-19 00:00:00+00:00,7480.1,7523.2,7450.2,7487.5,45592,1.0,True,2024-01-19 00:00:00,0.0,2024-01-19,True,False
2024-01-22 00:00:00+00:00,7492.9,7508.3,7454.9,7490.2,40210,5.0,True,2024-01-22 00:00:00,0.0,2024-01-22,True,False
2024-01-23 00:00:00+00:00,7491.4,7526.3,7465.3,7510.5,41157,5.0,True,2024-01-23 00:00:00,0.0,2024-01-23,True,False
2024-01-24 00:00:00+00:00,7509.4,7539.5,7495.7,7521.4,43774,5.0,True,2024-01-24 00:00:00,0.0,2024-01-24,True,False
2024-01-25 00:00:00+00:00,7515.9,7562.7,7502.3,7550.6,44615,5.0,True,2024-01-25 00:00:00,0.0,2024-01-25,True,False
2024-01-26 00:00:00+00:00,7550.3,7652.4,7542.3,7648.1,46258,1.0,True,2024-01-26 00:00:00,0.0,2024-01-26,True,False
2024-01-29 00:00:00+00:00,7635.9,7665.5,7626.6,7653.0,34776,5.0,True,2024-01-29 00:00:00,0.0,2024-01-29,True,False
2024-01-30 00:00:00+00:00,7653.4,7684.9,7641.0,7657.2,37175,5.0,True,2024-01-30 00:00:00,0.0,2024-01-30,True,False
2024-01-31 00:00:00+00:00,7650.3,7689.6,7604.1,7617.9,48956,5.0,True,2024-01-31 00:00:00,0.0,2024-01-31,True,False
2024-02-01 00:00:00+00:00,7621.9,7683.7,7599.7,7671.6,54170,5.0,True,2024-02-01 00:00:00,0.0,2024-02-01,True,False
2024-02-02 00:00:00+00:00,7661.5,7685.7,7609.2,7635.4,49523,1.0,True,2024-02-02 00:00:00,0.0,2024-02-02,True,False
2024-02-05 00:00:00+00:00,7629.3,7668.7,7597.0,7629.1,46139,5.0,True,2024-02-05 00:00:00,0.0,2024-02-05,True,False
2024-02-06 00:00:00+00:00,7628.8,7700.4,7621.0,7693.4,43958,5.0,True,2024-02-06 00:00:00,0.0,2024-02-06,True,False
2024-02-07 00:00:00+00:00,7692.1,7709.1,7626.3,7639.5,40745,5.0,True,2024-02-07 00:00:00,0.0,2024-02-07,True,False
2024-02-08 00:00:00+00:00,7639.6,7653.0,7590.4,7611.0,43374,5.0,True,2024-02-08 00:00:00,0.0,2024-02-08,True,False
2024-02-09 00:00:00+00:00,7611.0,7615.2,7557.1,7595.9,31078,1.0,True,2024-02-09 00:00:00,0.0,2024-02-09,True,False
2024-02-12 00:00:00+00:00,7586.5,7595.0,7555.0,7582.1,30825,5.0,True,2024-02-12 00:00:00,0.0,2024-02-12,True,False
2024-02-13 00:00:00+00:00,7579.9,7585.8,7464.5,7489.7,46252,5.0,True,2024-02-13 00:00:00,0.0,2024-02-13,True,False
2024-02-14 00:00:00+00:00,7490.8,7591.8,7483.4,7584.7,43998,5.0,True,2024-02-14 00:00:00,0.0,2024-02-14,True,False
2024-02-15 00:00:00+00:00,7568.5,7631.2,7561.9,7629.5,37319,5.0,True,2024-02-15 00:00:00,0.0,2024-02-15,True,False
2024-02-16 00:00:00+00:00,7627.3,7723.2,7616.5,7699.9,42681,1.0,True,2024-02-16 00:00:00,0.0,2024-02-16,True,False
2024-02-19 00:00:00+00:00,7702.3,7743.3,7689.9,7740.3,26450,1.0,True,2024-02-19 00:00:00,0.0,2024-02-19,True,False
2024-02-20 00:00:00+00:00,7734.9,7749.6,7702.3,7716.2,41781,5.0,True,2024-02-20 00:00:00,0.0,2024-02-20,True,False
2024-02-21 00:00:00+00:00,7716.6,7725.0,7639.2,7661.2,48832,5.0,True,2024-02-21 00:00:00,0.0,2024-02-21,True,False
2024-02-22 00:00:00+00:00,7646.7,7702.8,7644.4,7688.4,47635,5.0,True,2024-02-22 00:00:00,0.0,2024-02-22,True,False
2024-02-23 00:00:00+00:00,7690.1,7717.7,7674.6,7713.2,33613,1.0,True,2024-02-23 00:00:00,0.0,2024-02-23,True,False
2024-02-26 00:00:00+00:00,7708.1,7719.4,7675.0,7680.7,32682,5.0,True,2024-02-26 00:00:00,0.0,2024-02-26,True,False
2024-02-27 00:00:00+00:00,7681.0,7699.5,7668.5,7691.1,30372,5.0,True,2024-02-27 00:00:00,0.0,2024-02-27,True,False
2024-02-28 00:00:00+00:00,7691.9,7694.4,7594.8,7608.3,34207,5.0,True,2024-02-28 00:00:00,0.0,2024-02-28,True,False
2024-02-29 00:00:00+00:00,7605.7,7678.1,7603.1,7666.7,39555,5.0,True,2024-02-29 00:00:00,0.0,2024-02-29,True,False
2024-03-01 00:00:00+00:00,7668.0,7697.7,7644.2,7687.5,38871,1.0,True,2024-03-01 00:00:00,0.0,2024-03-01,True,False
2024-03-04 00:00:00+00:00,7687.4,7691.1,7622.7,7639.0,28888,5.0,True,2024-03-04 00:00:00,0.0,2024-03-04,True,False
2024-03-05 00:00:00+00:00,7638.3,7656.2,7598.2,7646.0,36753,5.0,True,2024-03-05 00:00:00,0.0,2024-03-05,True,False
2024-03-06 00:00:00+00:00,7645.1,7702.2,7634.6,7684.1,39948,5.0,True,2024-03-06 00:00:00,0.0,2024-03-06,True,False
2024-03-07 00:00:00+00:00,7656.1,7712.3,7634.1,7690.6,49012,5.0,True,2024-03-07 00:00:00,0.0,2024-03-07,True,False
2024-03-08 00:00:00+00:00,7693.8,7714.3,7645.6,7653.9,51210,1.0,True,2024-03-08 00:00:00,0.0,2024-03-08,True,False
2024-03-11 00:00:00+00:00,7640.4,7693.8,7610.4,7692.1,41317,1.0,True,2024-03-11 00:00:00,0.0,2024-03-11,True,False
2024-03-12 00:00:00+00:00,7693.9,7764.9,7693.9,7756.4,45972,1.0,True,2024-03-12 00:00:00,0.0,2024-03-12,True,False
2024-03-13 00:00:00+00:00,7756.3,7786.3,7737.4,7783.2,33702,1.0,True,2024-03-13 00:00:00,0.0,2024-03-13,True,False
2024-03-14 00:00:00+00:00,7781.9,7781.9,7711.7,7733.7,36786,1.0,True,2024-03-14 00:00:00,0.0,2024-03-14,True,False
2024-03-15 00:00:00+00:00,7729.6,7762.0,7716.3,7738.5,42139,1.0,True,2024-03-15 00:00:00,0.0,2024-03-15,True,False
2024-03-18 00:00:00+00:00,7741.0,7751.1,7714.3,7719.8,29857,1.0,True,2024-03-18 00:00:00,0.0,2024-03-18,True,False
2024-03-19 00:00:00+00:00,7720.7,7744.5,7694.1,7737.9,36520,1.0,True,2024-03-19 00:00:00,0.0,2024-03-19,True,False
2024-03-20 00:00:00+00:00,7737.9,7778.3,7710.1,7770.9,32280,1.0,True,2024-03-20 00:00:00,0.0,2024-03-20,True,False
2024-03-21 00:00:00+00:00,7767.6,7903.4,7765.9,7885.3,47896,1.0,True,2024-03-21 00:00:00,0.0,2024-03-21,True,False
2024-03-22 00:00:00+00:00,7883.7,7962.2,7875.5,7926.8,35004,1.0,True,2024-03-22 00:00:00,0.0,2024-03-22,True,False
2024-03-25 00:00:00+00:00,7928.4,7939.8,7890.8,7907.4,28066,1.0,True,2024-03-25 00:00:00,0.0,2024-03-25,True,False
2024-03-26 00:00:00+00:00,7907.3,7935.4,7889.5,7918.6,31126,1.0,True,2024-03-26 00:00:00,0.0,2024-03-26,True,False
2024-03-27 00:00:00+00:00,7924.1,7950.8,7892.9,7948.8,25511,1.0,True,2024-03-27 00:00:00,0.0,2024-03-27,True,False
2024-03-28 00:00:00+00:00,7948.8,7977.1,7935.1,7964.9,27789,1.0,True,2024-03-28 00:00:00,0.0,2024-03-28,True,False
2024-04-02 00:00:00+00:00,7953.9,8016.4,7923.8,7946.8,39472,5.0,True,2024-04-02 01:00:00,1.0,2024-04-02,True,False
2024-04-03 00:00:00+00:00,7947.3,7947.3,7881.8,7932.6,37011,5.0,True,2024-04-03 01:00:00,1.0,2024-04-03,True,False
2024-04-04 00:00:00+00:00,7935.6,7991.6,7880.3,7896.6,41224,5.0,True,2024-04-04 01:00:00,1.0,2024-04-04,True,False
2024-04-05 00:00:00+00:00,7900.7,7928.5,7856.2,7919.8,52050,1.0,True,2024-04-05 01:00:00,1.0,2024-04-05,True,False
2024-04-08 00:00:00+00:00,7928.2,7954.4,7887.2,7945.6,35152,5.0,True,2024-04-08 01:00:00,1.0,2024-04-08,True,False
2024-04-09 00:00:00+00:00,7947.1,7962.8,7917.3,7950.8,36367,5.0,True,2024-04-09 01:00:00,1.0,2024-04-09,True,False
2024-04-10 00:00:00+00:00,7949.9,8000.4,7915.7,7970.9,52601,5.0,True,2024-04-10 01:00:00,1.0,2024-04-10,True,False
2024-04-11 00:00:00+00:00,7955.5,7980.3,7886.3,7946.6,55384,5.0,True,2024-04-11 01:00:00,1.0,2024-04-11,True,False
2024-04-12 00:00:00+00:00,7946.7,8045.9,7923.3,7933.3,57281,1.0,True,2024-04-12 01:00:00,1.0,2024-04-12,True,False
2024-04-15 00:00:00+00:00,7936.3,8011.2,7901.4,7913.4,68235,5.0,True,2024-04-15 01:00:00,1.0,2024-04-15,True,False
2024-04-16 00:00:00+00:00,7912.3,7920.1,7793.1,7828.5,73568,5.0,True,2024-04-16 01:00:00,1.0,2024-04-16,True,False
2024-04-17 00:00:00+00:00,7830.1,7894.5,7793.4,7873.4,63302,5.0,True,2024-04-17 01:00:00,1.0,2024-04-17,True,False
2024-04-18 00:00:00+00:00,7873.4,7900.3,7844.7,7862.2,52027,5.0,True,2024-04-18 01:00:00,1.0,2024-04-18,True,False
2024-04-19 00:00:00+00:00,7862.3,7934.4,7749.6,7931.3,89057,1.0,True,2024-04-19 01:00:00,1.0,2024-04-19,True,False
2024-04-22 00:00:00+00:00,7943.9,8066.2,7937.8,8049.6,54322,5.0,True,2024-04-22 01:00:00,1.0,2024-04-22,True,False
2024-04-23 00:00:00+00:00,8052.4,8079.4,8020.3,8072.7,50655,5.0,True,2024-04-23 01:00:00,1.0,2024-04-23,True,False
2024-04-24 00:00:00+00:00,8077.5,8117.3,8000.8,8005.0,46306,5.0,True,2024-04-24 01:00:00,1.0,2024-04-24,True,False
2024-04-25 00:00:00+00:00,7990.2,8164.2,7989.8,8148.5,58662,5.0,True,2024-04-25 01:00:00,1.0,2024-04-25,True,False
2024-04-26 00:00:00+00:00,8148.9,8165.2,8082.6,8153.2,46820,1.0,True,2024-04-26 01:00:00,1.0,2024-04-26,True,False
2024-04-29 00:00:00+00:00,8162.7,8193.4,8107.7,8148.3,35365,5.0,True,2024-04-29 01:00:00,1.0,2024-04-29,True,False
2024-04-30 00:00:00+00:00,8150.3,8200.8,8116.2,8126.5,44046,5.0,True,2024-04-30 01:00:00,1.0,2024-04-30,True,False
2024-05-01 00:00:00+00:00,8118.0,8177.5,8098.1,8119.2,47490,5.0,True,2024-05-01 01:00:00,1.0,2024-05-01,True,False
2024-05-02 00:00:00+00:00,8121.3,8205.9,8117.1,8194.5,49431,5.0,True,2024-05-02 01:00:00,1.0,2024-05-02,True,False
2024-05-03 00:00:00+00:00,8193.5,8250.0,8183.5,8235.1,47336,1.0,True,2024-05-03 01:00:00,1.0,2024-05-03,True,False
2024-05-07 00:00:00+00:00,8283.9,8338.8,8279.6,8332.5,34014,5.0,True,2024-05-07 01:00:00,1.0,2024-05-07,True,False
2024-05-08 00:00:00+00:00,8332.6,8366.9,8319.9,8362.8,30152,5.0,True,2024-05-08 01:00:00,1.0,2024-05-08,True,False
2024-05-09 00:00:00+00:00,8359.1,8417.9,8348.8,8411.9,32700,5.0,True,2024-05-09 01:00:00,1.0,2024-05-09,True,False
2024-05-10 00:00:00+00:00,8411.6,8456.3,8397.7,8423.5,29326,1.0,True,2024-05-10 01:00:00,1.0,2024-05-10,True,False
2024-05-13 00:00:00+00:00,8420.2,8448.3,8397.2,8404.9,24133,5.0,True,2024-05-13 01:00:00,1.0,2024-05-13,True,False
2024-05-14 00:00:00+00:00,8403.6,8449.1,8392.6,8447.2,28940,5.0,True,2024-05-14 01:00:00,1.0,2024-05-14,True,False
2024-05-15 00:00:00+00:00,8446.3,8478.4,8430.2,8440.3,33937,5.0,True,2024-05-15 01:00:00,1.0,2024-05-15,True,False
2024-05-16 00:00:00+00:00,8421.8,8457.5,8406.2,8430.6,33375,5.0,True,2024-05-16 01:00:00,1.0,2024-05-16,True,False
2024-05-17 00:00:00+00:00,8433.9,8439.8,8401.6,8431.5,33294,1.0,True,2024-05-17 01:00:00,1.0,2024-05-17,True,False
2024-05-20 00:00:00+00:00,8438.9,8452.1,8396.8,8400.0,23145,5.0,True,2024-05-20 01:00:00,1.0,2024-05-20,True,False
2024-05-21 00:00:00+00:00,8400.0,8426.1,8361.6,8420.8,28110,5.0,True,2024-05-21 01:00:00,1.0,2024-05-21,True,False
2024-05-22 00:00:00+00:00,8420.4,8439.5,8333.3,8362.2,38276,5.0,True,2024-05-22 01:00:00,1.0,2024-05-22,True,False
2024-05-23 00:00:00+00:00,8376.1,8384.1,8277.3,8291.6,41268,5.0,True,2024-05-23 01:00:00,1.0,2024-05-23,True,False
2024-05-24 00:00:00+00:00,8291.3,8331.3,8249.4,8316.9,33979,1.0,True,2024-05-24 01:00:00,1.0,2024-05-24,True,False
2024-05-28 00:00:00+00:00,8339.7,8344.9,8238.7,8256.8,34433,5.0,True,2024-05-28 01:00:00,1.0,2024-05-28,True,False
2024-05-29 00:00:00+00:00,8256.5,8264.5,8155.6,8157.9,41628,5.0,True,2024-05-29 01:00:00,1.0,2024-05-29,True,False
2024-05-30 00:00:00+00:00,8159.3,8243.9,8140.0,8236.0,40134,5.0,True,2024-05-30 01:00:00,1.0,2024-05-30,True,False
2024-05-31 00:00:00+00:00,8236.1,8312.0,8222.5,8310.0,45195,1.0,True,2024-05-31 01:00:00,1.0,2024-05-31,True,False
2024-06-03 00:00:00+00:00,8297.9,8363.7,8235.4,8257.3,53098,5.0,True,2024-06-03 01:00:00,1.0,2024-06-03,True,False
2024-06-04 00:00:00+00:00,8257.3,8268.5,8199.3,8254.1,43995,5.0,True,2024-06-04 01:00:00,1.0,2024-06-04,True,False
2024-06-05 00:00:00+00:00,8253.2,8291.2,8234.5,8266.3,33438,5.0,True,2024-06-05 01:00:00,1.0,2024-06-05,True,False
2024-06-06 00:00:00+00:00,8257.5,8296.1,8244.3,8288.0,34306,5.0,True,2024-06-06 01:00:00,1.0,2024-06-06,True,False
2024-06-07 00:00:00+00:00,8286.4,8305.3,8208.1,8223.1,41897,1.0,True,2024-06-07 01:00:00,1.0,2024-06-07,True,False
2024-06-10 00:00:00+00:00,8224.3,8251.0,8171.4,8241.1,40474,5.0,True,2024-06-10 01:00:00,1.0,2024-06-10,True,False
2024-06-11 00:00:00+00:00,8241.8,8264.9,8114.1,8145.4,46329,5.0,True,2024-06-11 01:00:00,1.0,2024-06-11,True,False
2024-06-12 00:00:00+00:00,8146.1,8244.6,8140.0,8229.9,54537,5.0,True,2024-06-12 01:00:00,1.0,2024-06-12,True,False
2024-06-13 00:00:00+00:00,8231.4,8232.3,8146.9,8166.5,44700,5.0,True,2024-06-13 01:00:00,1.0,2024-06-13,True,False
2024-06-14 00:00:00+00:00,8166.4,8210.5,8112.6,8174.0,52071,1.0,True,2024-06-14 01:00:00,1.0,2024-06-14,True,False
2024-06-17 00:00:00+00:00,8166.9,8201.0,8120.1,8171.6,41770,5.0,True,2024-06-17 01:00:00,1.0,2024-06-17,True,False
2024-06-18 00:00:00+00:00,8172.6,8203.6,8156.8,8194.9,47477,5.0,True,2024-06-18 01:00:00,1.0,2024-06-18,True,False
2024-06-19 00:00:00+00:00,8194.4,8213.0,8163.6,8208.6,24873,1.0,True,2024-06-19 01:00:00,1.0,2024-06-19,True,False
2024-06-20 00:00:00+00:00,8205.4,8287.0,8199.7,8283.0,38628,5.0,True,2024-06-20 01:00:00,1.0,2024-06-20,True,False
2024-06-21 00:00:00+00:00,8283.4,8290.9,8187.1,8230.3,45246,1.0,True,2024-06-21 01:00:00,1.0,2024-06-21,True,False
2024-06-24 00:00:00+00:00,8236.7,8309.6,8205.4,8293.7,38997,5.0,True,2024-06-24 01:00:00,1.0,2024-06-24,True,False
2024-06-25 00:00:00+00:00,8294.1,8312.1,8219.8,8240.6,33371,5.0,True,2024-06-25 01:00:00,1.0,2024-06-25,True,False
2024-06-26 00:00:00+00:00,8239.9,8302.6,8204.6,8221.0,36477,5.0,True,2024-06-26 01:00:00,1.0,2024-06-26,True,False
2024-06-27 00:00:00+00:00,8217.4,8240.0,8168.1,8194.1,35095,5.0,True,2024-06-27 01:00:00,1.0,2024-06-27,True,False
2024-06-28 00:00:00+00:00,8192.7,8239.2,8148.2,8180.7,43535,1.0,True,2024-06-28 01:00:00,1.0,2024-06-28,True,False
2024-07-01 00:00:00+00:00,8196.5,8227.7,8152.4,8162.5,41145,5.0,True,2024-07-01 01:00:00,1.0,2024-07-01,True,False
2024-07-02 00:00:00+00:00,8163.3,8171.6,8105.9,8135.6,40634,5.0,True,2024-07-02 01:00:00,1.0,2024-07-02,True,False
2024-07-03 00:00:00+00:00,8136.9,8196.1,8133.5,8191.1,31608,5.0,True,2024-07-03 01:00:00,1.0,2024-07-03,True,False
2024-07-04 00:00:00+00:00,8190.9,8259.3,8177.0,8257.6,14943,1.0,True,2024-07-04 01:00:00,1.0,2024-07-04,True,False
2024-07-05 00:00:00+00:00,8272.6,8285.6,8182.1,8211.0,38408,1.0,True,2024-07-05 01:00:00,1.0,2024-07-05,True,False
2024-07-08 00:00:00+00:00,8200.1,8233.8,8175.8,8206.1,28066,5.0,True,2024-07-08 01:00:00,1.0,2024-07-08,True,False
2024-07-09 00:00:00+00:00,8202.3,8218.6,8129.8,8155.2,33629,5.0,True,2024-07-09 01:00:00,1.0,2024-07-09,True,False
2024-07-10 00:00:00+00:00,8154.9,8212.5,8140.7,8203.6,27054,5.0,True,2024-07-10 01:00:00,1.0,2024-07-10,True,False
2024-07-11 00:00:00+00:00,8206.0,8234.2,8187.9,8228.4,39130,5.0,True,2024-07-11 01:00:00,1.0,2024-07-11,True,False
2024-07-12 00:00:00+00:00,8226.1,8276.9,8219.1,8238.7,35210,1.0,True,2024-07-12 01:00:00,1.0,2024-07-12,True,False
2024-07-15 00:00:00+00:00,8239.5,8251.5,8160.6,8173.7,41348,5.0,True,2024-07-15 01:00:00,1.0,2024-07-15,True,False
2024-07-16 00:00:00+00:00,8173.7,8201.8,8124.7,8196.2,36513,5.0,True,2024-07-16 01:00:00,1.0,2024-07-16,True,False
2024-07-17 00:00:00+00:00,8195.0,8212.6,8130.6,8212.6,43473,5.0,True,2024-07-17 01:00:00,1.0,2024-07-17,True,False
2024-07-18 00:00:00+00:00,8216.6,8270.8,8160.2,8182.1,49603,5.0,True,2024-07-18 01:00:00,1.0,2024-07-18,True,False
2024-07-19 00:00:00+00:00,8184.4,8194.9,8128.5,8167.0,47412,1.0,True,2024-07-19 01:00:00,1.0,2024-07-19,True,False
2024-07-22 00:00:00+00:00,8177.7,8240.4,8159.0,8212.1,47842,5.0,True,2024-07-22 01:00:00,1.0,2024-07-22,True,False
2024-07-23 00:00:00+00:00,8211.3,8229.7,8150.5,8163.5,46462,5.0,True,2024-07-23 01:00:00,1.0,2024-07-23,True,False
2024-07-24 00:00:00+00:00,8147.8,8172.5,8109.2,8142.2,49767,5.0,True,2024-07-24 01:00:00,1.0,2024-07-24,True,False
2024-07-25 00:00:00+00:00,8145.5,8227.1,8055.8,8204.2,74034,5.0,True,2024-07-25 01:00:00,1.0,2024-07-25,True,False
2024-07-26 00:00:00+00:00,8206.7,8329.3,8195.9,8311.0,55072,1.0,True,2024-07-26 01:00:00,1.0,2024-07-26,True,False
2024-07-29 00:00:00+00:00,8315.9,8369.9,8278.2,8284.6,57511,5.0,True,2024-07-29 01:00:00,1.0,2024-07-29,True,False
2024-07-30 00:00:00+00:00,8284.7,8300.1,8233.0,8276.2,57028,5.0,True,2024-07-30 01:00:00,1.0,2024-07-30,True,False
2024-07-31 00:00:00+00:00,8277.0,8409.4,8274.9,8377.4,65484,5.0,True,2024-07-31 01:00:00,1.0,2024-07-31,True,False
2024-08-01 00:00:00+00:00,8380.0,8404.5,8257.3,8301.3,78549,5.0,True,2024-08-01 01:00:00,1.0,2024-08-01,True,False
2024-08-02 00:00:00+00:00,8293.5,8302.6,8157.0,8219.5,99485,1.0,True,2024-08-02 01:00:00,1.0,2024-08-02,True,False
2024-08-05 00:00:00+00:00,8161.1,8195.8,7913.7,8038.8,148084,5.0,True,2024-08-05 01:00:00,1.0,2024-08-05,True,False
2024-08-06 00:00:00+00:00,8048.1,8119.6,7948.9,8047.4,119465,5.0,True,2024-08-06 01:00:00,1.0,2024-08-06,True,False
2024-08-07 00:00:00+00:00,8038.9,8177.4,8034.0,8082.5,95119,5.0,True,2024-08-07 01:00:00,1.0,2024-08-07,True,False
2024-08-08 00:00:00+00:00,8070.3,8177.0,8045.1,8163.2,89192,5.0,True,2024-08-08 01:00:00,1.0,2024-08-08,True,False
2024-08-09 00:00:00+00:00,8156.6,8204.6,8134.6,8190.9,69904,1.0,True,2024-08-09 01:00:00,1.0,2024-08-09,True,False
2024-08-12 00:00:00+00:00,8194.2,8232.4,8164.0,8212.7,47070,5.0,True,2024-08-12 01:00:00,1.0,2024-08-12,True,False
2024-08-13 00:00:00+00:00,8222.7,8260.1,8187.0,8252.2,45579,5.0,True,2024-08-13 01:00:00,1.0,2024-08-13,True,False
2024-08-14 00:00:00+00:00,8253.7,8315.9,8242.5,8309.8,48636,5.0,True,2024-08-14 01:00:00,1.0,2024-08-14,True,False
2024-08-15 00:00:00+00:00,8281.0,8367.8,8269.2,8345.5,43896,5.0,True,2024-08-15 01:00:00,1.0,2024-08-15,True,False
2024-08-16 00:00:00+00:00,8347.2,8364.1,8290.8,8299.0,41835,1.0,True,2024-08-16 01:00:00,1.0,2024-08-16,True,False
2024-08-19 00:00:00+00:00,8314.2,8374.5,8277.8,8339.0,37430,5.0,True,2024-08-19 01:00:00,1.0,2024-08-19,True,False
2024-08-20 00:00:00+00:00,8342.7,8349.2,8239.9,8245.0,35602,5.0,True,2024-08-20 01:00:00,1.0,2024-08-20,True,False
2024-08-21 00:00:00+00:00,8243.6,8297.2,8241.6,8288.9,37153,5.0,True,2024-08-21 01:00:00,1.0,2024-08-21,True,False
2024-08-22 00:00:00+00:00,8287.8,8319.7,8265.2,8286.5,36750,5.0,True,2024-08-22 01:00:00,1.0,2024-08-22,True,False
2024-08-23 00:00:00+00:00,8286.0,8339.7,8286.0,8335.0,40118,1.0,True,2024-08-23 01:00:00,1.0,2024-08-23,True,False
2024-08-27 00:00:00+00:00,8337.4,8402.8,8330.4,8353.8,36895,5.0,True,2024-08-27 01:00:00,1.0,2024-08-27,True,False
2024-08-28 00:00:00+00:00,8353.5,8378.0,8320.7,8349.9,40672,5.0,True,2024-08-28 01:00:00,1.0,2024-08-28,True,False
2024-08-29 00:00:00+00:00,8324.0,8419.3,8307.1,8407.2,46515,5.0,True,2024-08-29 01:00:00,1.0,2024-08-29,True,False
2024-08-30 00:00:00+00:00,8407.6,8419.0,8364.1,8404.2,40982,1.0,True,2024-08-30 01:00:00,1.0,2024-08-30,True,False
2024-09-02 00:00:00+00:00,8400.5,8400.9,8350.0,8375.9,25000,1.0,True,2024-09-02 01:00:00,1.0,2024-09-02,True,False
2024-09-03 00:00:00+00:00,8377.4,8389.8,8244.0,8261.0,52314,5.0,True,2024-09-03 01:00:00,1.0,2024-09-03,True,False
2024-09-04 00:00:00+00:00,8260.8,8281.2,8204.9,8255.7,70872,5.0,True,2024-09-04 01:00:00,1.0,2024-09-04,True,False
2024-09-05 00:00:00+00:00,8255.6,8286.3,8215.1,8235.6,55306,5.0,True,2024-09-05 01:00:00,1.0,2024-09-05,True,False
2024-09-06 00:00:00+00:00,8236.9,8262.3,8163.6,8171.3,65839,1.0,True,2024-09-06 01:00:00,1.0,2024-09-06,True,False
2024-09-09 00:00:00+00:00,8163.2,8295.6,8153.0,8271.0,54496,5.0,True,2024-09-09 01:00:00,1.0,2024-09-09,True,False
2024-09-10 00:00:00+00:00,8273.0,8277.2,8173.0,8217.3,56326,5.0,True,2024-09-10 01:00:00,1.0,2024-09-10,True,False
2024-09-11 00:00:00+00:00,8217.0,8270.8,8168.7,8260.0,68487,5.0,True,2024-09-11 01:00:00,1.0,2024-09-11,True,False
2024-09-12 00:00:00+00:00,8259.8,8307.2,8218.1,8252.9,58565,5.0,True,2024-09-12 01:00:00,1.0,2024-09-12,True,False
2024-09-13 00:00:00+00:00,8255.2,8288.8,8229.3,8283.5,44059,1.0,True,2024-09-13 01:00:00,1.0,2024-09-13,True,False
2024-09-16 00:00:00+00:00,8279.4,8315.3,8247.0,8305.4,41954,5.0,True,2024-09-16 01:00:00,1.0,2024-09-16,True,False
2024-09-17 00:00:00+00:00,8305.3,8351.7,8272.9,8292.2,51067,5.0,True,2024-09-17 01:00:00,1.0,2024-09-17,True,False
2024-09-18 00:00:00+00:00,8290.8,8306.0,8238.9,8272.1,50592,5.0,True,2024-09-18 01:00:00,1.0,2024-09-18,True,False
2024-09-19 00:00:00+00:00,8279.3,8372.7,8268.8,8318.4,62396,5.0,True,2024-09-19 01:00:00,1.0,2024-09-19,True,False
2024-09-20 00:00:00+00:00,8320.4,8325.1,8198.8,8205.8,57834,1.0,True,2024-09-20 01:00:00,1.0,2024-09-20,True,False
2024-09-23 00:00:00+00:00,8198.5,8268.7,8195.9,8263.4,50134,5.0,True,2024-09-23 01:00:00,1.0,2024-09-23,True,False
2024-09-24 00:00:00+00:00,8262.4,8314.4,8248.7,8262.5,49230,5.0,True,2024-09-24 01:00:00,1.0,2024-09-24,True,False
2024-09-25 00:00:00+00:00,8262.4,8319.3,8229.2,8272.4,45131,5.0,True,2024-09-25 01:00:00,1.0,2024-09-25,True,False
2024-09-26 00:00:00+00:00,8269.8,8329.3,8261.3,8284.7,48528,5.0,True,2024-09-26 01:00:00,1.0,2024-09-26,True,False
2024-09-27 00:00:00+00:00,8285.6,8335.4,8269.7,8299.5,45729,1.0,True,2024-09-27 01:00:00,1.0,2024-09-27,True,False
2024-09-30 00:00:00+00:00,8294.9,8330.3,8226.0,8245.4,53477,5.0,True,2024-09-30 01:00:00,1.0,2024-09-30,True,False
2024-10-01 00:00:00+00:00,8249.4,8303.8,8224.8,8278.8,60600,5.0,True,2024-10-01 01:00:00,1.0,2024-10-01,True,False
2024-10-02 00:00:00+00:00,8281.7,8322.5,8257.2,8282.3,59391,5.0,True,2024-10-02 01:00:00,1.0,2024-10-02,True,False
2024-10-03 00:00:00+00:00,8282.4,8334.3,8248.1,8272.5,61171,5.0,True,2024-10-03 01:00:00,1.0,2024-10-03,True,False
2024-10-04 00:00:00+00:00,8273.7,8317.8,8233.4,8314.0,56123,1.0,True,2024-10-04 01:00:00,1.0,2024-10-04,True,False
2024-10-07 00:00:00+00:00,8321.0,8331.6,8259.6,8295.1,56086,5.0,True,2024-10-07 01:00:00,1.0,2024-10-07,True,False
2024-10-08 00:00:00+00:00,8295.7,8307.9,8183.3,8208.0,59447,5.0,True,2024-10-08 01:00:00,1.0,2024-10-08,True,False
2024-10-09 00:00:00+00:00,8210.3,8278.3,8190.1,8268.9,42804,5.0,True,2024-10-09 01:00:00,1.0,2024-10-09,True,False
2024-10-10 00:00:00+00:00,8265.7,8277.4,8217.3,8259.6,45589,5.0,True,2024-10-10 01:00:00,1.0,2024-10-10,True,False
2024-10-11 00:00:00+00:00,8260.0,8265.9,8210.7,8261.0,36111,1.0,True,2024-10-11 01:00:00,1.0,2024-10-11,True,False
2024-10-14 00:00:00+00:00,8256.0,8320.1,8232.8,8319.4,38857,5.0,True,2024-10-14 01:00:00,1.0,2024-10-14,True,False
2024-10-15 00:00:00+00:00,8317.4,8329.4,8231.5,8233.7,51483,5.0,True,2024-10-15 01:00:00,1.0,2024-10-15,True,False
2024-10-16 00:00:00+00:00,8234.1,8359.9,8225.5,8353.5,45819,5.0,True,2024-10-16 01:00:00,1.0,2024-10-16,True,False
2024-10-17 00:00:00+00:00,8355.0,8397.7,8319.5,8376.4,47705,5.0,True,2024-10-17 01:00:00,1.0,2024-10-17,True,False
2024-10-18 00:00:00+00:00,8377.3,8385.3,8314.8,8368.0,42168,1.0,True,2024-10-18 01:00:00,1.0,2024-10-18,True,False
2024-10-21 00:00:00+00:00,8376.3,8393.2,8315.1,8330.1,38513,5.0,True,2024-10-21 01:00:00,1.0,2024-10-21,True,False
2024-10-22 00:00:00+00:00,8331.7,8332.2,8251.0,8313.0,44879,5.0,True,2024-10-22 01:00:00,1.0,2024-10-22,True,False
2024-10-23 00:00:00+00:00,8313.4,8324.0,8241.7,8269.0,42619,5.0,True,2024-10-23 01:00:00,1.0,2024-10-23,True,False
2024-10-24 00:00:00+00:00,8273.7,8339.6,8257.5,8281.0,43936,5.0,True,2024-10-24 01:00:00,1.0,2024-10-24,True,False
2024-10-25 00:00:00+00:00,8284.0,8289.3,8220.1,8236.5,38836,1.0,True,2024-10-25 01:00:00,1.0,2024-10-25,True,False
2024-10-28 00:00:00+00:00,8259.6,8309.1,8207.5,8295.8,46113,1.0,True,2024-10-28 00:00:00,0.0,2024-10-28,True,False
2024-10-29 00:00:00+00:00,8298.3,8325.8,8201.2,8207.0,48489,1.0,True,2024-10-29 00:00:00,0.0,2024-10-29,True,False
2024-10-30 00:00:00+00:00,8211.3,8218.8,8152.8,8158.9,55985,1.0,True,2024-10-30 00:00:00,0.0,2024-10-30,True,False
2024-10-31 00:00:00+00:00,8153.7,8165.9,8071.1,8119.9,57776,1.0,True,2024-10-31 00:00:00,0.0,2024-10-31,True,False
2024-11-01 00:00:00+00:00,8131.4,8203.3,8106.7,8167.6,54841,1.0,True,2024-11-01 00:00:00,0.0,2024-11-01,True,False
2024-11-04 00:00:00+00:00,8158.9,8240.3,8157.1,8183.7,46667,5.0,True,2024-11-04 00:00:00,0.0,2024-11-04,True,False
2024-11-05 00:00:00+00:00,8187.6,8216.9,8149.6,8191.3,43325,4.9999999999990905,True,2024-11-05 00:00:00,0.0,2024-11-05,True,False
2024-11-06 00:00:00+00:00,8187.7,8303.6,8143.5,8195.4,96741,5.0,True,2024-11-06 00:00:00,0.0,2024-11-06,True,False
2024-11-07 00:00:00+00:00,8173.3,8194.3,8131.1,8176.1,53745,5.0,True,2024-11-07 00:00:00,0.0,2024-11-07,True,False
2024-11-08 00:00:00+00:00,8177.8,8184.0,8060.6,8088.6,45644,1.0,True,2024-11-08 00:00:00,0.0,2024-11-08,True,False
2024-11-11 00:00:00+00:00,8092.8,8149.1,8078.8,8111.1,37050,5.0,True,2024-11-11 00:00:00,0.0,2024-11-11,True,False
2024-11-12 00:00:00+00:00,8111.8,8113.8,8012.4,8042.0,47240,5.0,True,2024-11-12 00:00:00,0.0,2024-11-12,True,False
2024-11-13 00:00:00+00:00,8040.9,8058.7,7994.7,8049.2,48547,5.0,True,2024-11-13 00:00:00,0.0,2024-11-13,True,False
2024-11-14 00:00:00+00:00,8043.2,8083.2,8002.5,8056.9,48966,5.0,True,2024-11-14 00:00:00,0.0,2024-11-14,True,False
2024-11-15 00:00:00+00:00,8054.9,8093.3,8027.4,8079.8,53100,1.0,True,2024-11-15 00:00:00,0.0,2024-11-15,True,False
2024-11-18 00:00:00+00:00,8074.1,8126.0,8053.3,8107.2,39608,5.0,True,2024-11-18 00:00:00,0.0,2024-11-18,True,False
2024-11-19 00:00:00+00:00,8107.4,8148.2,8050.6,8093.2,56565,5.0,True,2024-11-19 00:00:00,0.0,2024-11-19,True,False
2024-11-20 00:00:00+00:00,8093.6,8129.8,8073.4,8113.0,52525,5.0,True,2024-11-20 00:00:00,0.0,2024-11-20,True,False
2024-11-21 00:00:00+00:00,8105.2,8186.1,8064.7,8175.7,59054,5.0,True,2024-11-21 00:00:00,0.0,2024-11-21,True,False
2024-11-22 00:00:00+00:00,8172.5,8277.8,8167.8,8273.0,54949,1.0,True,2024-11-22 00:00:00,0.0,2024-11-22,True,False
2024-11-25 00:00:00+00:00,8305.1,8318.1,8267.6,8295.4,40778,5.0,True,2024-11-25 00:00:00,0.0,2024-11-25,True,False
2024-11-26 00:00:00+00:00,8296.9,8303.4,8234.9,8270.0,49108,5.0,True,2024-11-26 00:00:00,0.0,2024-11-26,True,False
2024-11-27 00:00:00+00:00,8269.4,8280.9,8237.3,8274.6,39407,5.0,True,2024-11-27 00:00:00,0.0,2024-11-27,True,False
2024-11-28 00:00:00+00:00,8272.3,8303.5,8270.0,8288.8,23551,1.0,True,2024-11-28 00:00:00,0.0,2024-11-28,True,False
2024-11-29 00:00:00+00:00,8285.8,8298.5,8252.6,8280.0,36232,1.0,True,2024-11-29 00:00:00,0.0,2024-11-29,True,False
2024-12-02 00:00:00+00:00,8283.1,8333.0,8267.6,8324.6,41156,5.0,True,2024-12-02 00:00:00,0.0,2024-12-02,True,False
2024-12-03 00:00:00+00:00,8326.2,8388.9,8310.7,8355.8,38252,5.0,True,2024-12-03 00:00:00,0.0,2024-12-03,True,False
2024-12-04 00:00:00+00:00,8355.9,8361.7,8312.8,8317.5,36900,5.0,True,2024-12-04 00:00:00,0.0,2024-12-04,True,False
2024-12-05 00:00:00+00:00,8319.4,8362.4,8313.4,8344.4,33672,5.0,True,2024-12-05 00:00:00,0.0,2024-12-05,True,False
2024-12-06 00:00:00+00:00,8343.8,8356.4,8290.8,8302.2,34756,1.0,True,2024-12-06 00:00:00,0.0,2024-12-06,True,False
2024-12-09 00:00:00+00:00,8301.4,8372.2,8294.7,8330.9,37571,5.0,True,2024-12-09 00:00:00,0.0,2024-12-09,True,False
2024-12-10 00:00:00+00:00,8333.0,8340.0,8249.5,8257.9,36660,5.0,True,2024-12-10 00:00:00,0.0,2024-12-10,True,False
2024-12-11 00:00:00+00:00,8258.3,8322.4,8236.7,8313.2,37983,5.0,True,2024-12-11 00:00:00,0.0,2024-12-11,True,False
2024-12-12 00:00:00+00:00,8316.1,8331.0,8286.4,8289.9,36221,5.0,True,2024-12-12 00:00:00,0.0,2024-12-12,True,False
2024-12-13 00:00:00+00:00,8303.9,8333.1,8278.1,8301.4,33791,1.0,True,2024-12-13 00:00:00,0.0,2024-12-13,True,False
2024-12-16 00:00:00+00:00,8304.2,8317.4,8229.0,8233.7,35004,5.0,True,2024-12-16 00:00:00,0.0,2024-12-16,True,False
2024-12-17 00:00:00+00:00,8235.6,8254.6,8188.4,8193.4,37364,5.0,True,2024-12-17 00:00:00,0.0,2024-12-17,True,False
2024-12-18 00:00:00+00:00,8194.7,8232.8,8071.2,8112.3,46315,5.0,True,2024-12-18 00:00:00,0.0,2024-12-18,True,False
2024-12-19 00:00:00+00:00,8118.1,8135.7,8077.4,8124.2,59167,5.0,True,2024-12-19 00:00:00,0.0,2024-12-19,True,False
2024-12-20 00:00:00+00:00,8128.5,8128.5,7998.4,8071.8,68355,1.0,True,2024-12-20 00:00:00,0.0,2024-12-20,True,False
2024-12-23 00:00:00+00:00,8082.4,8147.7,8039.6,8136.6,37024,5.0,True,2024-12-23 00:00:00,0.0,2024-12-23,True,False
2024-12-24 00:00:00+00:00,8135.7,8152.0,8120.4,8127.0,14285,0.6000000000003638,True,2024-12-24 00:00:00,0.0,2024-12-24,True,False
2024-12-27 00:00:00+00:00,8146.2,8159.3,8109.5,8134.8,38747,1.0,True,2024-12-27 00:00:00,0.0,2024-12-27,True,False
2024-12-30 00:00:00+00:00,8132.6,8150.9,8093.5,8117.0,40398,5.0,True,2024-12-30 00:00:00,0.0,2024-12-30,True,False
2024-12-31 00:00:00+00:00,8118.4,8180.8,8089.8,8165.0,16716,0.6000000000003638,True,2024-12-31 00:00:00,0.0,2024-12-31,True,False
2025-01-02 00:00:00+00:00,8162.2,8271.2,8125.4,8231.9,61360,5.0,True,2025-01-02 00:00:00,0.0,2025-01-02,True,False
2025-01-03 00:00:00+00:00,8233.5,8270.8,8217.0,8223.3,38175,1.0,True,2025-01-03 00:00:00,0.0,2025-01-03,True,False
2025-01-06 00:00:00+00:00,8221.5,8256.2,8196.8,8212.4,44985,5.0,True,2025-01-06 00:00:00,0.0,2025-01-06,True,False
2025-01-07 00:00:00+00:00,8212.5,8259.6,8189.3,8231.4,45495,5.0,True,2025-01-07 00:00:00,0.0,2025-01-07,True,False
2025-01-08 00:00:00+00:00,8232.1,8270.0,8189.2,8260.8,53686,5.0,True,2025-01-08 00:00:00,0.0,2025-01-08,True,False
2025-01-09 00:00:00+00:00,8260.0,8328.1,8240.2,8314.9,31748,1.0,True,2025-01-09 00:00:00,0.0,2025-01-09,True,False
2025-01-10 00:00:00+00:00,8318.5,8327.6,8241.8,8257.0,56005,1.0,True,2025-01-10 00:00:00,0.0,2025-01-10,True,False
2025-01-13 00:00:00+00:00,8242.6,8263.4,8191.1,8227.0,55750,5.0,True,2025-01-13 00:00:00,0.0,2025-01-13,True,False
2025-01-14 00:00:00+00:00,8234.3,8244.4,8182.7,8228.5,52500,5.0,True,2025-01-14 00:00:00,0.0,2025-01-14,True,False
2025-01-15 00:00:00+00:00,8228.5,8334.0,8216.1,8315.8,44797,5.0,True,2025-01-15 00:00:00,0.0,2025-01-15,True,False
2025-01-16 00:00:00+00:00,8317.7,8425.3,8305.6,8414.4,45226,5.0,True,2025-01-16 00:00:00,0.0,2025-01-16,True,False
2025-01-17 00:00:00+00:00,8415.8,8534.2,8413.0,8503.3,44070,1.0,True,2025-01-17 00:00:00,0.0,2025-01-17,True,False
2025-01-20 00:00:00+00:00,8498.0,8549.4,8482.8,8523.7,35682,1.0,True,2025-01-20 00:00:00,0.0,2025-01-20,True,False
2025-01-21 00:00:00+00:00,8522.8,8569.5,8470.1,8567.1,50214,5.0,True,2025-01-21 00:00:00,0.0,2025-01-21,True,False
2025-01-22 00:00:00+00:00,8570.1,8585.6,8510.4,8517.7,35887,5.0,True,2025-01-22 00:00:00,0.0,2025-01-22,True,False
2025-01-23 00:00:00+00:00,8520.0,8573.0,8511.6,8561.1,32330,5.0,True,2025-01-23 00:00:00,0.0,2025-01-23,True,False
2025-01-24 00:00:00+00:00,8560.6,8588.8,8478.5,8484.5,37375,1.0,True,2025-01-24 00:00:00,0.0,2025-01-24,True,False
2025-01-27 00:00:00+00:00,8458.5,8542.6,8428.3,8542.2,59703,5.0,True,2025-01-27 00:00:00,0.0,2025-01-27,True,False
2025-01-28 00:00:00+00:00,8549.3,8574.2,8498.7,8537.1,47409,5.0,True,2025-01-28 00:00:00,0.0,2025-01-28,True,False
2025-01-29 00:00:00+00:00,8536.8,8584.9,8507.7,8546.6,42061,5.0,True,2025-01-29 00:00:00,0.0,2025-01-29,True,False
2025-01-30 00:00:00+00:00,8542.5,8684.5,8530.1,8658.5,38801,5.0,True,2025-01-30 00:00:00,0.0,2025-01-30,True,False
2025-01-31 00:00:00+00:00,8672.8,8692.7,8630.3,8636.5,43192,1.0,True,2025-01-31 00:00:00,0.0,2025-01-31,True,False
2025-02-03 00:00:00+00:00,8569.7,8627.5,8509.4,8582.2,82167,5.0,True,2025-02-03 00:00:00,0.0,2025-02-03,True,False
2025-02-04 00:00:00+00:00,8590.6,8595.1,8522.8,8537.8,35773,5.0,True,2025-02-04 00:00:00,0.0,2025-02-04,True,False
2025-02-05 00:00:00+00:00,8536.8,8664.6,8534.5,8657.6,26312,5.0,True,2025-02-05 00:00:00,0.0,2025-02-05,True,False
2025-02-06 00:00:00+00:00,8660.1,8770.5,8657.3,8700.2,31054,5.0,True,2025-02-06 00:00:00,0.0,2025-02-06,True,False
2025-02-07 00:00:00+00:00,8698.8,8733.1,8682.4,8686.7,28242,1.0,True,2025-02-07 00:00:00,0.0,2025-02-07,True,False
2025-02-10 00:00:00+00:00,8684.0,8786.6,8683.1,8779.2,34000,5.0,True,2025-02-10 00:00:00,0.0,2025-02-10,True,False
2025-02-11 00:00:00+00:00,8776.1,8791.7,8751.2,8777.2,33239,5.0,True,2025-02-11 00:00:00,0.0,2025-02-11,True,False
2025-02-12 00:00:00+00:00,8777.3,8836.3,8758.0,8835.3,37105,5.0,True,2025-02-12 00:00:00,0.0,2025-02-12,True,False
2025-02-13 00:00:00+00:00,8824.8,8836.1,8729.4,8757.0,44771,5.0,True,2025-02-13 00:00:00,0.0,2025-02-13,True,False
2025-02-14 00:00:00+00:00,8755.7,8767.2,8702.5,8708.3,34893,1.0,True,2025-02-14 00:00:00,0.0,2025-02-14,True,False
2025-02-17 00:00:00+00:00,8714.3,8783.5,8704.9,8774.2,23000,1.0,True,2025-02-17 00:00:00,0.0,2025-02-17,True,False
2025-02-18 00:00:00+00:00,8778.8,8788.7,8757.2,8766.9,32114,5.0,True,2025-02-18 00:00:00,0.0,2025-02-18,True,False
2025-02-19 00:00:00+00:00,8775.1,8777.6,8695.3,8713.3,39267,5.0,True,2025-02-19 00:00:00,0.0,2025-02-19,True,False
2025-02-20 00:00:00+00:00,8697.1,8709.3,8647.9,8655.4,39975,5.0,True,2025-02-20 00:00:00,0.0,2025-02-20,True,False
2025-02-21 00:00:00+00:00,8656.5,8685.0,8611.2,8629.9,57653,1.0,True,2025-02-21 00:00:00,0.0,2025-02-21,True,False
2025-02-24 00:00:00+00:00,8643.8,8689.2,8613.8,8639.6,51295,5.0,True,2025-02-24 00:00:00,0.0,2025-02-24,True,False
2025-02-25 00:00:00+00:00,8640.5,8712.6,8624.9,8703.9,53600,5.0,True,2025-02-25 00:00:00,0.0,2025-02-25,True,False
2025-02-26 00:00:00+00:00,8707.8,8738.9,8679.7,8722.9,47269,5.0,True,2025-02-26 00:00:00,0.0,2025-02-26,True,False
2025-02-27 00:00:00+00:00,8705.5,8782.9,8690.3,8735.7,62327,5.0,True,2025-02-27 00:00:00,0.0,2025-02-27,True,False
2025-02-28 00:00:00+00:00,8738.7,8839.9,8678.1,8832.9,66984,1.0,True,2025-02-28 00:00:00,0.0,2025-02-28,True,False
2025-03-03 00:00:00+00:00,8851.0,8909.4,8792.5,8851.8,78801,5.0,True,2025-03-03 00:00:00,0.0,2025-03-03,True,False
2025-03-04 00:00:00+00:00,8849.6,8871.7,8744.3,8834.1,98497,5.0,True,2025-03-04 00:00:00,0.0,2025-03-04,True,False
2025-03-05 00:00:00+00:00,8842.5,8850.6,8744.3,8801.6,83798,5.0,True,2025-03-05 00:00:00,0.0,2025-03-05,True,False
2025-03-06 00:00:00+00:00,8774.6,8797.8,8628.4,8660.4,77679,5.0,True,2025-03-06 00:00:00,0.0,2025-03-06,True,False
2025-03-07 00:00:00+00:00,8667.8,8749.9,8626.3,8744.1,76459,1.0,True,2025-03-07 00:00:00,0.0,2025-03-07,True,False
2025-03-10 00:00:00+00:00,8699.9,8727.4,8530.7,8602.2,89406,1.0,True,2025-03-10 00:00:00,0.0,2025-03-10,True,False
2025-03-11 00:00:00+00:00,8599.8,8631.5,8463.6,8508.5,111712,1.0,True,2025-03-11 00:00:00,0.0,2025-03-11,True,False
2025-03-12 00:00:00+00:00,8503.1,8569.4,8498.3,8542.1,74574,1.0,True,2025-03-12 00:00:00,0.0,2025-03-12,True,False
2025-03-13 00:00:00+00:00,8541.3,8581.7,8509.5,8544.2,78278,1.0,True,2025-03-13 00:00:00,0.0,2025-03-13,True,False
2025-03-14 00:00:00+00:00,8548.1,8675.5,8537.0,8667.5,64106,1.0,True,2025-03-14 00:00:00,0.0,2025-03-14,True,False
2025-03-17 00:00:00+00:00,8662.9,8717.6,8623.3,8699.5,56522,1.0,True,2025-03-17 00:00:00,0.0,2025-03-17,True,False
2025-03-18 00:00:00+00:00,8704.1,8728.3,8679.8,8701.0,56575,1.0,True,2025-03-18 00:00:00,0.0,2025-03-18,True,False
2025-03-19 00:00:00+00:00,8700.1,8730.3,8662.0,8712.8,56543,1.0,True,2025-03-19 00:00:00,0.0,2025-03-19,True,False
2025-03-20 00:00:00+00:00,8719.4,8743.0,8662.3,8700.6,56046,1.0,True,2025-03-20 00:00:00,0.0,2025-03-20,True,False
2025-03-21 00:00:00+00:00,8699.8,8710.3,8613.4,8647.0,59920,1.0,True,2025-03-21 00:00:00,0.0,2025-03-21,True,False
2025-03-24 00:00:00+00:00,8670.3,8697.4,8615.6,8641.2,46200,1.0,True,2025-03-24 00:00:00,0.0,2025-03-24,True,False
2025-03-25 00:00:00+00:00,8642.6,8717.4,8611.1,8676.0,38186,1.0,True,2025-03-25 00:00:00,0.0,2025-03-25,True,False
2025-03-26 00:00:00+00:00,8676.1,8714.5,8655.2,8673.7,47761,1.0,True,2025-03-26 00:00:00,0.0,2025-03-26,True,False
2025-03-27 00:00:00+00:00,8655.9,8670.3,8610.8,8665.5,53581,1.0,True,2025-03-27 00:00:00,0.0,2025-03-27,True,False
2025-03-28 00:00:00+00:00,8666.2,8694.3,8634.8,8642.5,52664,1.0,True,2025-03-28 00:00:00,0.0,2025-03-28,True,False
2025-03-31 00:00:00+00:00,8629.4,8644.6,8530.0,8616.9,77684,5.0,True,2025-03-31 01:00:00,1.0,2025-03-31,True,False
2025-04-01 00:00:00+00:00,8613.1,8672.0,8574.2,8607.4,69262,5.0,True,2025-04-01 01:00:00,1.0,2025-04-01,True,False
2025-04-02 00:00:00+00:00,8613.6,8680.3,8502.0,8543.9,78030,5.0,True,2025-04-02 01:00:00,1.0,2025-04-02,True,False
2025-04-03 00:00:00+00:00,8452.1,8536.0,8384.2,8463.8,130434,5.0,True,2025-04-03 01:00:00,1.0,2025-04-03,True,False
2025-04-04 00:00:00+00:00,8471.9,8480.3,7982.8,8001.0,174602,1.0,True,2025-04-04 01:00:00,1.0,2025-04-04,True,False
2025-04-07 00:00:00+00:00,7691.2,8022.0,7536.8,7785.6,221742,5.0,True,2025-04-07 01:00:00,1.0,2025-04-07,True,False
2025-04-08 00:00:00+00:00,7789.1,7984.6,7657.7,7725.2,157942,5.0,True,2025-04-08 01:00:00,1.0,2025-04-08,True,False
2025-04-09 00:00:00+00:00,7696.1,8188.9,7598.3,8156.2,184788,5.0,True,2025-04-09 01:00:00,1.0,2025-04-09,True,False
2025-04-10 00:00:00+00:00,8123.0,8165.6,7799.2,7955.8,170813,5.0,True,2025-04-10 01:00:00,1.0,2025-04-10,True,False
2025-04-11 00:00:00+00:00,7962.4,8117.0,7860.2,8094.7,151382,1.0,True,2025-04-11 01:00:00,1.0,2025-04-11,True,False
2025-04-14 00:00:00+00:00,8135.7,8171.3,8064.2,8134.0,97461,5.0,True,2025-04-14 01:00:00,1.0,2025-04-14,True,False
2025-04-15 00:00:00+00:00,8132.1,8265.1,8115.4,8231.0,75969,5.0,True,2025-04-15 01:00:00,1.0,2025-04-15,True,False
2025-04-16 00:00:00+00:00,8201.4,8283.1,8166.2,8191.4,81472,5.0,True,2025-04-16 01:00:00,1.0,2025-04-16,True,False
2025-04-17 00:00:00+00:00,8201.5,8328.0,8177.8,8273.0,74512,1.0,True,2025-04-17 01:00:00,1.0,2025-04-17,True,False
2025-04-22 00:00:00+00:00,8203.8,8380.2,8202.9,8357.3,69809,5.0,True,2025-04-22 01:00:00,1.0,2025-04-22,True,False
2025-04-23 00:00:00+00:00,8431.9,8468.4,8376.8,8409.3,89669,5.0,True,2025-04-23 01:00:00,1.0,2025-04-23,True,False
2025-04-24 00:00:00+00:00,8387.2,8475.7,8359.9,8435.6,64421,5.0,True,2025-04-24 01:00:00,1.0,2025-04-24,True,False
2025-04-25 00:00:00+00:00,8435.9,8453.4,8395.0,8448.5,60891,1.0,True,2025-04-25 01:00:00,1.0,2025-04-25,True,False
2025-04-28 00:00:00+00:00,8436.2,8454.1,8395.2,8418.0,43409,5.0,True,2025-04-28 01:00:00,1.0,2025-04-28,True,False
2025-04-29 00:00:00+00:00,8418.4,8502.2,8403.2,8487.6,45481,5.0,True,2025-04-29 01:00:00,1.0,2025-04-29,True,False
2025-04-30 00:00:00+00:00,8486.2,8535.8,8429.8,8521.5,59338,5.0,True,2025-04-30 01:00:00,1.0,2025-04-30,True,False
2025-05-01 00:00:00+00:00,8522.4,8539.9,8444.8,8467.2,40743,5.0,True,2025-05-01 01:00:00,1.0,2025-05-01,True,False
2025-05-02 00:00:00+00:00,8465.8,8638.4,8461.1,8631.0,57048,1.0,True,2025-05-02 01:00:00,1.0,2025-05-02,True,False
2025-05-06 00:00:00+00:00,8681.8,8684.0,8536.9,8552.2,47809,5.0,True,2025-05-06 01:00:00,1.0,2025-05-06,True,False
2025-05-07 00:00:00+00:00,8605.5,8633.2,8532.7,8581.3,61181,5.0,True,2025-05-07 01:00:00,1.0,2025-05-07,True,False
2025-05-08 00:00:00+00:00,8566.0,8618.3,8513.2,8552.8,55175,5.0,True,2025-05-08 01:00:00,1.0,2025-05-08,True,False
2025-05-09 00:00:00+00:00,8552.6,8582.2,8521.2,8541.9,45277,1.0,True,2025-05-09 01:00:00,1.0,2025-05-09,True,False
2025-05-12 00:00:00+00:00,8571.2,8641.6,8544.8,8630.8,66111,5.0,True,2025-05-12 01:00:00,1.0,2025-05-12,True,False
2025-05-13 00:00:00+00:00,8628.8,8631.5,8553.4,8584.2,46685,5.0,True,2025-05-13 01:00:00,1.0,2025-05-13,True,False
2025-05-14 00:00:00+00:00,8586.6,8617.1,8558.3,8581.7,43794,5.0,True,2025-05-14 01:00:00,1.0,2025-05-14,True,False
2025-05-15 00:00:00+00:00,8557.4,8650.6,8533.8,8641.8,42754,5.0,True,2025-05-15 01:00:00,1.0,2025-05-15,True,False
2025-05-16 00:00:00+00:00,8642.6,8699.4,8633.5,8696.7,39972,1.0,True,2025-05-16 01:00:00,1.0,2025-05-16,True,False
2025-05-19 00:00:00+00:00,8668.6,8738.4,8612.9,8737.1,50644,5.0,True,2025-05-19 01:00:00,1.0,2025-05-19,True,False
2025-05-20 00:00:00+00:00,8734.6,8800.3,8715.0,8787.2,42516,5.0,True,2025-05-20 01:00:00,1.0,2025-05-20,True,False
2025-05-21 00:00:00+00:00,8783.9,8799.1,8719.9,8731.0,56683,5.0,True,2025-05-21 01:00:00,1.0,2025-05-21,True,False
2025-05-22 00:00:00+00:00,8730.7,8770.6,8688.9,8759.4,48470,5.0,True,2025-05-22 01:00:00,1.0,2025-05-22,True,False
2025-05-23 00:00:00+00:00,8757.4,8779.6,8602.7,8737.0,66050,1.0,True,2025-05-23 01:00:00,1.0,2025-05-23,True,False
2025-05-27 00:00:00+00:00,8790.5,8825.1,8768.7,8808.3,40197,5.0,True,2025-05-27 01:00:00,1.0,2025-05-27,True,False
2025-05-28 00:00:00+00:00,8805.5,8809.5,8723.2,8766.3,39573,5.0,True,2025-05-28 01:00:00,1.0,2025-05-28,True,False
2025-05-29 00:00:00+00:00,8751.2,8807.9,8695.6,8735.9,58146,5.0,True,2025-05-29 01:00:00,1.0,2025-05-29,True,False
2025-05-30 00:00:00+00:00,8730.8,8807.7,8724.7,8789.0,55187,1.0,True,2025-05-30 01:00:00,1.0,2025-05-30,True,False
2025-06-02 00:00:00+00:00,8778.5,8816.3,8729.1,8806.1,56325,5.0,True,2025-06-02 01:00:00,1.0,2025-06-02,True,False
2025-06-03 00:00:00+00:00,8805.1,8808.3,8738.9,8789.5,43224,5.0,True,2025-06-03 01:00:00,1.0,2025-06-03,True,False
2025-06-04 00:00:00+00:00,8790.4,8822.0,8778.6,8804.4,40783,5.0,True,2025-06-04 01:00:00,1.0,2025-06-04,True,False
2025-06-05 00:00:00+00:00,8805.4,8840.0,8776.5,8787.3,46353,5.0,True,2025-06-05 01:00:00,1.0,2025-06-05,True,False
2025-06-06 00:00:00+00:00,8791.0,8851.2,8790.0,8839.8,39654,1.0,True,2025-06-06 01:00:00,1.0,2025-06-06,True,False
2025-06-09 00:00:00+00:00,8845.2,8852.5,8812.1,8821.3,30693,5.0,True,2025-06-09 01:00:00,1.0,2025-06-09,True,False
2025-06-10 00:00:00+00:00,8829.2,8886.6,8816.0,8856.7,41584,5.0,True,2025-06-10 01:00:00,1.0,2025-06-10,True,False
2025-06-11 00:00:00+00:00,8856.8,8885.6,8837.1,8856.0,46561,5.0,True,2025-06-11 01:00:00,1.0,2025-06-11,True,False
2025-06-12 00:00:00+00:00,8850.7,8902.3,8827.5,8883.7,46610,5.0,True,2025-06-12 01:00:00,1.0,2025-06-12,True,False
2025-06-13 00:00:00+00:00,8880.6,8884.8,8818.6,8836.8,69526,1.0,True,2025-06-13 01:00:00,1.0,2025-06-13,True,False
2025-06-16 00:00:00+00:00,8824.1,8902.9,8820.2,8840.6,47612,5.0,True,2025-06-16 01:00:00,1.0,2025-06-16,True,False
2025-06-17 00:00:00+00:00,8842.6,8864.1,8806.9,8841.2,63882,5.0,True,2025-06-17 01:00:00,1.0,2025-06-17,True,False
2025-06-18 00:00:00+00:00,8833.9,8865.2,8819.0,8852.2,58172,5.0,True,2025-06-18 01:00:00,1.0,2025-06-18,True,False
2025-06-19 00:00:00+00:00,8849.3,8870.7,8784.9,8809.6,42929,1.0,True,2025-06-19 01:00:00,1.0,2025-06-19,True,False
2025-06-20 00:00:00+00:00,8814.6,8847.4,8743.9,8750.0,54802,1.0,True,2025-06-20 01:00:00,1.0,2025-06-20,True,False
2025-06-23 00:00:00+00:00,8721.0,8788.6,8717.4,8771.3,57636,5.0,True,2025-06-23 01:00:00,1.0,2025-06-23,True,False
2025-06-24 00:00:00+00:00,8784.2,8823.3,8751.0,8762.0,54988,5.0,True,2025-06-24 01:00:00,1.0,2025-06-24,True,False
2025-06-25 00:00:00+00:00,8758.4,8792.3,8702.0,8709.0,38116,5.0,True,2025-06-25 01:00:00,1.0,2025-06-25,True,False
2025-06-26 00:00:00+00:00,8706.7,8761.0,8694.8,8758.9,37451,5.0,True,2025-06-26 01:00:00,1.0,2025-06-26,True,False
2025-06-27 00:00:00+00:00,8759.6,8803.4,8743.2,8787.3,42425,1.0,True,2025-06-27 01:00:00,1.0,2025-06-27,True,False
2025-06-30 00:00:00+00:00,8791.1,8819.0,8755.0,8764.6,30648,5.0,True,2025-06-30 01:00:00,1.0,2025-06-30,True,False
2025-07-01 00:00:00+00:00,8766.6,8807.1,8727.1,8790.5,39244,5.0,True,2025-07-01 01:00:00,1.0,2025-07-01,True,False
2025-07-02 00:00:00+00:00,8793.4,8828.0,8738.5,8797.1,42566,5.0,True,2025-07-02 01:00:00,1.0,2025-07-02,True,False
2025-07-03 00:00:00+00:00,8796.1,8839.4,8786.8,8817.3,33288,1.0,True,2025-07-03 01:00:00,1.0,2025-07-03,True,False
2025-07-04 00:00:00+00:00,8817.8,8831.1,8780.9,8793.0,26949,1.0,True,2025-07-04 01:00:00,1.0,2025-07-04,True,False
2025-07-07 00:00:00+00:00,8812.8,8838.2,8757.9,8762.6,42748,5.0,True,2025-07-07 01:00:00,1.0,2025-07-07,True,False
2025-07-08 00:00:00+00:00,8767.1,8877.7,8762.8,8867.0,38476,5.0,True,2025-07-08 01:00:00,1.0,2025-07-08,True,False
2025-07-09 00:00:00+00:00,8868.5,8907.6,8850.3,8904.2,34707,5.0,True,2025-07-09 01:00:00,1.0,2025-07-09,True,False
2025-07-10 00:00:00+00:00,8907.0,8992.4,8892.5,8976.8,34954,5.0,True,2025-07-10 01:00:00,1.0,2025-07-10,True,False
2025-07-11 00:00:00+00:00,8980.3,8985.8,8918.1,8946.2,43408,1.0,True,2025-07-11 01:00:00,1.0,2025-07-11,True,False
2025-07-14 00:00:00+00:00,8928.3,9024.3,8917.8,9019.8,38000,5.0,True,2025-07-14 01:00:00,1.0,2025-07-14,True,False
2025-07-15 00:00:00+00:00,9016.3,9041.8,8934.6,8936.1,45327,5.0,True,2025-07-15 01:00:00,1.0,2025-07-15,True,False
2025-07-16 00:00:00+00:00,8940.9,8986.0,8915.5,8977.3,46929,5.0,True,2025-07-16 01:00:00,1.0,2025-07-16,True,False
2025-07-17 00:00:00+00:00,8977.4,8996.0,8941.5,8985.8,36383,5.0,True,2025-07-17 01:00:00,1.0,2025-07-17,True,False
2025-07-18 00:00:00+00:00,8983.8,9014.2,8968.7,8984.2,35892,1.0,True,2025-07-18 01:00:00,1.0,2025-07-18,True,False
2025-07-21 00:00:00+00:00,8980.7,9013.4,8974.3,8989.8,31194,5.0,True,2025-07-21 01:00:00,1.0,2025-07-21,True,False
2025-07-22 00:00:00+00:00,8990.5,9046.7,8978.1,9045.5,36443,5.0,True,2025-07-22 01:00:00,1.0,2025-07-22,True,False
2025-07-23 00:00:00+00:00,9046.2,9118.1,9039.7,9113.1,45041,5.0,True,2025-07-23 01:00:00,1.0,2025-07-23,True,False
2025-07-24 00:00:00+00:00,9111.2,9158.0,9097.8,9138.4,39941,5.0,True,2025-07-24 01:00:00,1.0,2025-07-24,True,False
2025-07-25 00:00:00+00:00,9139.6,9149.8,9093.6,9144.1,30959,1.0,True,2025-07-25 01:00:00,1.0,2025-07-25,True,False
2025-07-28 00:00:00+00:00,9157.9,9174.1,9058.0,9085.3,36539,5.0,True,2025-07-28 01:00:00,1.0,2025-07-28,True,False
2025-07-29 00:00:00+00:00,9086.5,9163.2,9079.6,9141.8,38097,5.0,True,2025-07-29 01:00:00,1.0,2025-07-29,True,False
2025-07-30 00:00:00+00:00,9146.0,9164.3,9090.6,9143.1,45816,5.0,True,2025-07-30 01:00:00,1.0,2025-07-30,True,False
2025-07-31 00:00:00+00:00,9153.0,9190.2,9106.9,9116.2,56139,5.0,True,2025-07-31 01:00:00,1.0,2025-07-31,True,False
2025-08-01 00:00:00+00:00,9118.3,9128.3,9027.5,9102.0,70884,1.0,True,2025-08-01 01:00:00,1.0,2025-08-01,True,False
2025-08-04 00:00:00+00:00,9100.5,9165.1,9064.3,9164.6,51704,5.0,True,2025-08-04 01:00:00,1.0,2025-08-04,True,False
2025-08-05 00:00:00+00:00,9157.4,9178.3,9126.2,9150.1,48144,5.0,True,2025-08-05 01:00:00,1.0,2025-08-05,True,False
2025-08-06 00:00:00+00:00,9146.9,9184.2,9133.6,9145.8,43530,5.0,True,2025-08-06 01:00:00,1.0,2025-08-06,True,False
2025-08-07 00:00:00+00:00,9125.1,9150.2,9076.0,9094.2,55673,5.0,True,2025-08-07 01:00:00,1.0,2025-08-07,True,False
2025-08-08 00:00:00+00:00,9094.6,9126.3,9079.7,9095.1,39555,1.0,True,2025-08-08 01:00:00,1.0,2025-08-08,True,False
2025-08-11 00:00:00+00:00,9101.1,9139.0,9089.6,9128.9,35811,5.0,True,2025-08-11 01:00:00,1.0,2025-08-11,True,False
2025-08-12 00:00:00+00:00,9132.6,9171.6,9119.5,9170.7,38293,5.0,True,2025-08-12 01:00:00,1.0,2025-08-12,True,False
2025-08-13 00:00:00+00:00,9168.7,9187.7,9142.9,9182.2,34115,5.0,True,2025-08-13 01:00:00,1.0,2025-08-13,True,False
2025-08-14 00:00:00+00:00,9153.3,9213.5,9133.7,9211.8,34163,5.0,True,2025-08-14 01:00:00,1.0,2025-08-14,True,False
2025-08-15 00:00:00+00:00,9208.2,9228.0,9126.3,9147.2,35151,1.0,True,2025-08-15 01:00:00,1.0,2025-08-15,True,False
2025-08-18 00:00:00+00:00,9151.0,9182.8,9125.8,9174.8,30080,5.0,True,2025-08-18 01:00:00,1.0,2025-08-18,True,False
2025-08-19 00:00:00+00:00,9182.8,9196.5,9153.9,9186.8,35960,5.0,True,2025-08-19 01:00:00,1.0,2025-08-19,True,False
2025-08-20 00:00:00+00:00,9188.2,9316.9,9165.0,9311.3,74594,5.0,True,2025-08-20 01:00:00,1.0,2025-08-20,True,False
2025-08-21 00:00:00+00:00,9308.9,9318.1,9257.1,9316.6,81274,5.0,True,2025-08-21 01:00:00,1.0,2025-08-21,True,False
2025-08-22 00:00:00+00:00,9326.3,9358.2,9283.7,9338.4,79522,1.0,True,2025-08-22 01:00:00,1.0,2025-08-22,True,False
2025-08-26 00:00:00+00:00,9325.1,9326.4,9248.5,9298.3,44281,5.0,True,2025-08-26 01:00:00,1.0,2025-08-26,True,False
2025-08-27 00:00:00+00:00,9298.3,9306.8,9229.9,9254.5,32227,5.0,True,2025-08-27 01:00:00,1.0,2025-08-27,True,False
2025-08-28 00:00:00+00:00,9246.5,9272.0,9206.3,9224.8,33697,5.0,True,2025-08-28 01:00:00,1.0,2025-08-28,True,False
2025-08-29 00:00:00+00:00,9224.3,9235.3,9178.7,9194.1,33274,1.0,True,2025-08-29 01:00:00,1.0,2025-08-29,True,False
2025-09-01 00:00:00+00:00,9199.2,9227.3,9179.6,9199.4,26391,1.0,True,2025-09-01 01:00:00,1.0,2025-09-01,True,False
2025-09-02 00:00:00+00:00,9196.2,9210.5,9102.4,9171.7,47279,5.0,True,2025-09-02 01:00:00,1.0,2025-09-02,True,False
2025-09-03 00:00:00+00:00,9167.1,9186.8,9106.9,9184.3,40702,5.0,True,2025-09-03 01:00:00,1.0,2025-09-03,True,False
2025-09-04 00:00:00+00:00,9182.2,9236.4,9154.8,9233.2,37399,5.0,True,2025-09-04 01:00:00,1.0,2025-09-04,True,False
2025-09-05 00:00:00+00:00,9236.5,9254.4,9196.0,9224.6,42814,1.0,True,2025-09-05 01:00:00,1.0,2025-09-05,True,False
2025-09-08 00:00:00+00:00,9215.4,9241.5,9190.0,9228.3,36061,5.0,True,2025-09-08 01:00:00,1.0,2025-09-08,True,False
2025-09-09 00:00:00+00:00,9229.0,9268.3,9209.6,9262.6,34915,5.0,True,2025-09-09 01:00:00,1.0,2025-09-09,True,False
2025-09-10 00:00:00+00:00,9264.3,9291.8,9218.3,9241.5,39188,5.0,True,2025-09-10 01:00:00,1.0,2025-09-10,True,False
2025-09-11 00:00:00+00:00,9241.7,9319.8,9238.9,9317.3,34541,5.0,True,2025-09-11 01:00:00,1.0,2025-09-11,True,False
2025-09-12 00:00:00+00:00,9318.9,9341.7,9261.5,9265.7,31253,1.0,True,2025-09-12 01:00:00,1.0,2025-09-12,True,False
2025-09-15 00:00:00+00:00,9266.3,9298.5,9261.1,9278.1,31779,5.0,True,2025-09-15 01:00:00,1.0,2025-09-15,True,False
2025-09-16 00:00:00+00:00,9277.7,9286.1,9189.8,9205.7,35188,5.0,True,2025-09-16 01:00:00,1.0,2025-09-16,True,False
2025-09-17 00:00:00+00:00,9204.8,9246.0,9178.4,9206.0,45974,5.0,True,2025-09-17 01:00:00,1.0,2025-09-17,True,False
2025-09-18 00:00:00+00:00,9210.0,9245.0,9197.0,9242.7,46302,5.0,True,2025-09-18 01:00:00,1.0,2025-09-18,True,False
2025-09-19 00:00:00+00:00,9246.0,9249.2,9199.1,9223.9,40843,1.0,True,2025-09-19 01:00:00,1.0,2025-09-19,True,False
2025-09-22 00:00:00+00:00,9221.1,9252.2,9189.6,9241.0,34781,5.0,True,2025-09-22 01:00:00,1.0,2025-09-22,True,False
2025-09-23 00:00:00+00:00,9240.6,9267.4,9196.4,9202.1,32972,5.0,True,2025-09-23 01:00:00,1.0,2025-09-23,True,False
2025-09-24 00:00:00+00:00,9206.4,9268.5,9174.8,9240.9,34985,5.0,True,2025-09-24 01:00:00,1.0,2025-09-24,True,False
2025-09-25 00:00:00+00:00,9240.6,9245.9,9201.3,9241.6,41023,5.0,True,2025-09-25 01:00:00,1.0,2025-09-25,True,False
2025-09-26 00:00:00+00:00,9238.6,9307.8,9211.2,9301.3,39975,1.0,True,2025-09-26 01:00:00,1.0,2025-09-26,True,False
2025-09-29 00:00:00+00:00,9302.9,9354.8,9283.3,9293.8,35567,5.0,True,2025-09-29 01:00:00,1.0,2025-09-29,True,False
2025-09-30 00:00:00+00:00,9292.2,9377.8,9266.4,9362.3,41815,5.0,True,2025-09-30 01:00:00,1.0,2025-09-30,True,False
2025-10-01 00:00:00+00:00,9367.4,9465.3,9346.7,9450.9,44306,5.0,True,2025-10-01 01:00:00,1.0,2025-10-01,True,False
2025-10-02 00:00:00+00:00,9453.1,9489.0,9417.0,9428.9,44304,5.0,True,2025-10-02 01:00:00,1.0,2025-10-02,True,False
2025-10-03 00:00:00+00:00,9429.0,9500.0,9422.6,9483.5,33876,1.0,True,2025-10-03 01:00:00,1.0,2025-10-03,True,False
2025-10-06 00:00:00+00:00,9490.4,9517.3,9463.5,9473.9,41009,5.0,True,2025-10-06 01:00:00,1.0,2025-10-06,True,False
2025-10-07 00:00:00+00:00,9473.7,9506.6,9459.8,9492.0,36763,5.0,True,2025-10-07 01:00:00,1.0,2025-10-07,True,False
2025-10-08 00:00:00+00:00,9493.4,9577.7,9481.9,9550.7,35961,5.0,True,2025-10-08 01:00:00,1.0,2025-10-08,True,False
2025-10-09 00:00:00+00:00,9552.4,9560.0,9483.6,9496.3,44621,5.0,True,2025-10-09 01:00:00,1.0,2025-10-09,True,False
2025-10-10 00:00:00+00:00,9500.2,9518.7,9366.1,9382.2,64463,1.0,True,2025-10-10 01:00:00,1.0,2025-10-10,True,False
2025-10-13 00:00:00+00:00,9411.0,9460.8,9403.6,9445.3,69437,5.0,True,2025-10-13 01:00:00,1.0,2025-10-13,True,False
2025-10-14 00:00:00+00:00,9450.2,9492.6,9383.1,9471.0,75465,5.0,True,2025-10-14 01:00:00,1.0,2025-10-14,True,False
2025-10-15 00:00:00+00:00,9481.3,9488.6,9376.3,9415.1,60610,5.0,True,2025-10-15 01:00:00,1.0,2025-10-15,True,False
2025-10-16 00:00:00+00:00,9416.9,9443.5,9357.1,9365.2,72867,5.0,True,2025-10-16 01:00:00,1.0,2025-10-16,True,False
2025-10-17 00:00:00+00:00,9375.0,9390.4,9275.5,9380.5,85372,1.0,True,2025-10-17 01:00:00,1.0,2025-10-17,True,False
2025-10-20 00:00:00+00:00,9391.5,9438.1,9366.0,9438.1,46285,5.0,True,2025-10-20 01:00:00,1.0,2025-10-20,True,False
2025-10-21 00:00:00+00:00,9436.2,9447.0,9404.6,9414.5,37376,5.0,True,2025-10-21 01:00:00,1.0,2025-10-21,True,False
2025-10-22 00:00:00+00:00,9420.8,9545.9,9408.0,9515.5,52127,5.0,True,2025-10-22 01:00:00,1.0,2025-10-22,True,False
2025-10-23 00:00:00+00:00,9512.0,9595.3,9504.1,9588.4,48376,5.0,True,2025-10-23 01:00:00,1.0,2025-10-23,True,False
2025-10-24 00:00:00+00:00,9590.1,9657.3,9559.9,9633.4,33913,1.0,True,2025-10-24 01:00:00,1.0,2025-10-24,True,False
2025-10-27 00:00:00+00:00,9674.4,9683.6,9632.1,9673.4,34433,1.0,True,2025-10-27 00:00:00,0.0,2025-10-27,True,False
2025-10-28 00:00:00+00:00,9671.5,9728.5,9644.2,9699.3,36879,1.0,True,2025-10-28 00:00:00,0.0,2025-10-28,True,False
2025-10-29 00:00:00+00:00,9701.3,9788.0,9687.0,9747.8,53222,1.0,True,2025-10-29 00:00:00,0.0,2025-10-29,True,False
2025-10-30 00:00:00+00:00,9743.0,9770.8,9688.8,9754.3,73131,1.0,True,2025-10-30 00:00:00,0.0,2025-10-30,True,False
2025-10-31 00:00:00+00:00,9757.2,9769.7,9696.2,9736.0,48969,1.0,True,2025-10-31 00:00:00,0.0,2025-10-31,True,False
2025-11-03 00:00:00+00:00,9747.2,9754.9,9692.3,9701.0,37535,5.0,True,2025-11-03 00:00:00,0.0,2025-11-03,True,False
2025-11-04 00:00:00+00:00,9704.0,9726.8,9571.4,9712.5,58570,5.0,True,2025-11-04 00:00:00,0.0,2025-11-04,True,False
2025-11-05 00:00:00+00:00,9706.4,9801.6,9637.9,9785.2,70714,5.0,True,2025-11-05 00:00:00,0.0,2025-11-05,True,False
2025-11-06 00:00:00+00:00,9774.2,9785.1,9703.3,9728.3,61663,5.0,True,2025-11-06 00:00:00,0.0,2025-11-06,True,False
2025-11-07 00:00:00+00:00,9725.1,9736.1,9638.6,9732.9,82310,1.0,True,2025-11-07 00:00:00,0.0,2025-11-07,True,False
2025-11-10 00:00:00+00:00,9746.7,9847.1,9725.0,9841.7,56396,5.0,True,2025-11-10 00:00:00,0.0,2025-11-10,True,False
2025-11-11 00:00:00+00:00,9839.8,9913.9,9838.5,9901.1,56619,5.0,True,2025-11-11 00:00:00,0.0,2025-11-11,True,False
2025-11-12 00:00:00+00:00,9900.7,9931.3,9877.7,9899.9,51779,5.0,True,2025-11-12 00:00:00,0.0,2025-11-12,True,False
2025-11-13 00:00:00+00:00,9873.7,9918.3,9736.4,9749.3,77296,5.0,True,2025-11-13 00:00:00,0.0,2025-11-13,True,False
2025-11-14 00:00:00+00:00,9758.3,9781.2,9607.9,9691.1,95154,1.0,True,2025-11-14 00:00:00,0.0,2025-11-14,True,False
2025-11-17 00:00:00+00:00,9675.2,9708.8,9604.5,9631.7,80145,5.0,True,2025-11-17 00:00:00,0.0,2025-11-17,True,False
2025-11-18 00:00:00+00:00,9638.3,9640.8,9511.0,9561.4,129189,5.0,True,2025-11-18 00:00:00,0.0,2025-11-18,True,False
2025-11-19 00:00:00+00:00,9572.3,9581.2,9502.0,9565.4,103848,5.0,True,2025-11-19 00:00:00,0.0,2025-11-19,True,False
2025-11-20 00:00:00+00:00,9574.2,9599.2,9434.4,9435.6,109400,5.0,True,2025-11-20 00:00:00,0.0,2025-11-20,True,False
2025-11-21 00:00:00+00:00,9439.2,9598.6,9423.8,9575.8,131979,1.0,True,2025-11-21 00:00:00,0.0,2025-11-21,True,False
2025-11-24 00:00:00+00:00,9599.9,9603.7,9513.1,9547.0,81794,5.0,True,2025-11-24 00:00:00,0.0,2025-11-24,True,False
2025-11-25 00:00:00+00:00,9546.1,9646.5,9520.6,9634.0,73217,5.0,True,2025-11-25 00:00:00,0.0,2025-11-25,True,False
2025-11-26 00:00:00+00:00,9636.2,9712.7,9591.9,9693.0,63592,5.0,True,2025-11-26 00:00:00,0.0,2025-11-26,True,False
2025-11-27 00:00:00+00:00,9689.1,9705.9,9658.1,9705.4,30363,1.0,True,2025-11-27 00:00:00,0.0,2025-11-27,True,False
2025-11-28 00:00:00+00:00,9708.1,9741.5,9694.5,9713.0,28764,1.0,True,2025-11-28 00:00:00,0.0,2025-11-28,True,False
2025-12-01 00:00:00+00:00,9712.4,9735.4,9683.8,9691.9,66296,5.0,True,2025-12-01 00:00:00,0.0,2025-12-01,True,False
2025-12-02 00:00:00+00:00,9693.8,9745.6,9682.4,9708.9,55406,5.0,True,2025-12-02 00:00:00,0.0,2025-12-02,True,False
2025-12-03 00:00:00+00:00,9709.8,9717.2,9676.1,9706.3,46213,5.0,True,2025-12-03 00:00:00,0.0,2025-12-03,True,False
2025-12-04 00:00:00+00:00,9707.0,9727.8,9674.0,9706.3,43684,5.0,True,2025-12-04 00:00:00,0.0,2025-12-04,True,False
2025-12-05 00:00:00+00:00,9710.6,9737.4,9657.0,9659.7,40501,1.0,True,2025-12-05 00:00:00,0.0,2025-12-05,True,False
2025-12-08 00:00:00+00:00,9661.0,9677.8,9621.1,9648.7,40415,5.0,True,2025-12-08 00:00:00,0.0,2025-12-08,True,False
2025-12-09 00:00:00+00:00,9649.5,9673.4,9607.9,9611.3,40921,5.0,True,2025-12-09 00:00:00,0.0,2025-12-09,True,False
2025-12-10 00:00:00+00:00,9611.9,9691.4,9607.3,9681.5,49101,5.0,True,2025-12-10 00:00:00,0.0,2025-12-10,True,False
2025-12-11 00:00:00+00:00,9678.6,9735.4,9634.3,9731.5,63312,5.0,True,2025-12-11 00:00:00,0.0,2025-12-11,True,False
2025-12-12 00:00:00+00:00,9723.3,9762.3,9634.4,9667.1,61745,1.0,True,2025-12-12 00:00:00,0.0,2025-12-12,True,False
2025-12-15 00:00:00+00:00,9659.5,9770.1,9654.1,9753.2,114827,5.0,True,2025-12-15 00:00:00,0.0,2025-12-15,True,False
2025-12-16 00:00:00+00:00,9756.6,9761.4,9654.7,9674.4,235218,5.0,True,2025-12-16 00:00:00,0.0,2025-12-16,True,False
2025-12-17 00:00:00+00:00,9672.9,9853.5,9665.5,9761.5,208056,5.0,True,2025-12-17 00:00:00,0.0,2025-12-17,True,False
2025-12-18 00:00:00+00:00,9766.3,9849.1,9745.7,9800.0,212913,5.0,True,2025-12-18 00:00:00,0.0,2025-12-18,True,False
2025-12-19 00:00:00+00:00,9804.8,9915.0,9793.9,9872.9,165795,1.0,True,2025-12-19 00:00:00,0.0,2025-12-19,True,False
2025-12-22 00:00:00+00:00,9889.5,9898.7,9828.5,9865.3,111255,5.0,True,2025-12-22 00:00:00,0.0,2025-12-22,True,False
2025-12-23 00:00:00+00:00,9865.9,9901.6,9842.7,9877.8,104778,5.0,True,2025-12-23 00:00:00,0.0,2025-12-23,True,False
2025-12-24 00:00:00+00:00,9874.4,9895.0,9858.1,9867.8,44154,0.8000000000010914,True,2025-12-24 00:00:00,0.0,2025-12-24,True,False
2025-12-29 00:00:00+00:00,9881.6,9903.9,9855.6,9875.3,118023,5.0,True,2025-12-29 00:00:00,0.0,2025-12-29,True,False
2025-12-30 00:00:00+00:00,9872.7,9956.0,9855.8,9944.0,98670,5.0,True,2025-12-30 00:00:00,0.0,2025-12-30,True,False
2025-12-31 00:00:00+00:00,9947.7,9961.0,9914.0,9951.3,48777,0.8000000000010914,True,2025-12-31 00:00:00,0.0,2025-12-31,True,False
2026-01-02 00:00:00+00:00,9915.1,10049.8,9897.7,9997.8,164193,1.0,True,2026-01-02 00:00:00,0.0,2026-01-02,True,False
2026-01-05 00:00:00+00:00,10004.6,10030.4,9955.4,10025.0,178878,5.0,True,2026-01-05 00:00:00,0.0,2026-01-05,True,False
2026-01-06 00:00:00+00:00,10028.0,10158.9,10020.8,10106.9,143397,5.0,True,2026-01-06 00:00:00,0.0,2026-01-06,True,False
2026-01-07 00:00:00+00:00,10108.6,10116.6,10019.1,10035.7,145617,5.0,True,2026-01-07 00:00:00,0.0,2026-01-07,True,False
2026-01-08 00:00:00+00:00,10037.1,10094.3,9998.3,10087.8,155844,5.0,True,2026-01-08 00:00:00,0.0,2026-01-08,True,False
2026-01-09 00:00:00+00:00,10087.7,10141.8,10057.0,10139.0,141723,1.0,True,2026-01-09 00:00:00,0.0,2026-01-09,True,False
2026-01-12 00:00:00+00:00,10128.7,10149.7,10092.5,10141.4,144690,5.0,True,2026-01-12 00:00:00,0.0,2026-01-12,True,False
2026-01-13 00:00:00+00:00,10138.2,10154.7,10095.5,10145.9,130281,3.0,True,2026-01-13 00:00:00,0.0,2026-01-13,True,False
2026-01-14 00:00:00+00:00,10148.0,10224.5,10137.0,10213.4,161688,5.0,True,2026-01-14 00:00:00,0.0,2026-01-14,True,False
2026-01-15 00:00:00+00:00,10213.8,10252.8,10173.0,10223.6,164187,5.0,True,2026-01-15 00:00:00,0.0,2026-01-15,True,False
2026-01-16 00:00:00+00:00,10225.7,10259.5,10210.9,10255.2,117921,1.0,True,2026-01-16 00:00:00,0.0,2026-01-16,True,False
2026-01-19 00:00:00+00:00,10212.4,10231.3,10150.4,10181.3,174493,1.0,True,2026-01-19 00:00:00,0.0,2026-01-19,True,False
2026-01-20 00:00:00+00:00,10185.3,10188.7,10049.8,10103.2,319452,5.0,True,2026-01-20 00:00:00,0.0,2026-01-20,True,False
2026-01-21 00:00:00+00:00,10108.2,10221.7,10092.2,10211.6,350696,5.0,True,2026-01-21 00:00:00,0.0,2026-01-21,True,False
2026-01-22 00:00:00+00:00,10219.7,10227.3,10135.1,10139.1,240836,5.0,True,2026-01-22 00:00:00,0.0,2026-01-22,True,False
2026-01-23 00:00:00+00:00,10135.8,10183.4,10116.9,10151.8,227476,1.0,True,2026-01-23 00:00:00,0.0,2026-01-23,True,False
2026-01-26 00:00:00+00:00,10096.9,10185.0,10096.7,10151.3,257776,5.0,True,2026-01-26 00:00:00,0.0,2026-01-26,True,False
2026-01-27 00:00:00+00:00,10147.0,10228.3,10146.5,10189.8,198552,5.0,True,2026-01-27 00:00:00,0.0,2026-01-27,True,False
2026-01-28 00:00:00+00:00,10194.0,10231.7,10135.9,10160.3,248748,5.0,True,2026-01-28 00:00:00,0.0,2026-01-28,True,False
2026-01-29 00:00:00+00:00,10164.5,10278.8,10137.7,10207.0,419142,5.0,True,2026-01-29 00:00:00,0.0,2026-01-29,True,False
2026-01-30 00:00:00+00:00,10201.9,10239.9,10135.2,10230.5,469272,1.0,True,2026-01-30 00:00:00,0.0,2026-01-30,True,False
2026-02-02 00:00:00+00:00,10200.8,10367.6,10118.0,10327.8,448208,5.0,True,2026-02-02 00:00:00,0.0,2026-02-02,True,False
2026-02-03 00:00:00+00:00,10343.6,10372.7,10231.6,10294.6,365332,5.0,True,2026-02-03 00:00:00,0.0,2026-02-03,True,False
2026-02-04 00:00:00+00:00,10294.8,10482.8,10288.3,10424.4,444456,5.0,True,2026-02-04 00:00:00,0.0,2026-02-04,True,False
2026-02-05 00:00:00+00:00,10426.1,10433.5,10233.3,10245.2,559191,5.0,True,2026-02-05 00:00:00,0.0,2026-02-05,True,False
2026-02-06 00:00:00+00:00,10249.6,10412.3,10211.4,10408.8,412148,1.0,True,2026-02-06 00:00:00,0.0,2026-02-06,True,False
2026-02-09 00:00:00+00:00,10432.3,10440.0,10315.4,10394.3,317296,5.0,True,2026-02-09 00:00:00,0.0,2026-02-09,True,False
2026-02-10 00:00:00+00:00,10399.7,10427.4,10330.2,10378.7,289684,5.0,True,2026-02-10 00:00:00,0.0,2026-02-10,True,False
2026-02-11 00:00:00+00:00,10385.1,10525.3,10366.2,10512.5,275636,5.0,True,2026-02-11 00:00:00,0.0,2026-02-11,True,False
2026-02-12 00:00:00+00:00,10519.8,10545.5,10378.8,10436.5,366708,5.0,True,2026-02-12 00:00:00,0.0,2026-02-12,True,False
2026-02-13 00:00:00+00:00,10434.8,10465.6,10377.6,10452.0,476296,1.0,True,2026-02-13 00:00:00,0.0,2026-02-13,True,False
2026-02-16 00:00:00+00:00,10444.4,10492.7,10437.8,10464.5,200052,1.0,True,2026-02-16 00:00:00,0.0,2026-02-16,True,False
2026-02-17 00:00:00+00:00,10468.6,10586.9,10442.5,10570.3,428352,5.0,True,2026-02-17 00:00:00,0.0,2026-02-17,True,False
2026-02-18 00:00:00+00:00,10566.8,10716.3,10556.6,10703.1,264788,5.0,True,2026-02-18 00:00:00,0.0,2026-02-18,True,False
2026-02-19 00:00:00+00:00,10680.9,10705.3,10596.2,10659.3,334996,5.0,True,2026-02-19 00:00:00,0.0,2026-02-19,True,False
2026-02-20 00:00:00+00:00,10663.2,10747.5,10639.1,10719.6,315544,1.0,True,2026-02-20 00:00:00,0.0,2026-02-20,True,False
2026-02-23 00:00:00+00:00,10712.5,10738.1,10654.5,10692.0,327152,5.0,True,2026-02-23 00:00:00,0.0,2026-02-23,True,False
2026-02-24 00:00:00+00:00,10691.3,10725.5,10644.6,10707.8,276376,3.0,True,2026-02-24 00:00:00,0.0,2026-02-24,True,False
2026-02-25 00:00:00+00:00,10705.2,10833.4,10699.6,10817.9,274768,5.0,True,2026-02-25 00:00:00,0.0,2026-02-25,True,False
2026-02-26 00:00:00+00:00,10815.0,10872.5,10789.8,10841.6,236988,5.0,True,2026-02-26 00:00:00,0.0,2026-02-26,True,False
2026-02-27 00:00:00+00:00,10831.4,10938.3,10824.8,10876.9,292668,1.0,True,2026-02-27 00:00:00,0.0,2026-02-27,True,False
2026-03-02 00:00:00+00:00,10810.3,10868.3,10730.9,10796.0,434036,5.0,True,2026-03-02 00:00:00,0.0,2026-03-02,True,False
2026-03-03 00:00:00+00:00,10794.9,10796.0,10405.8,10518.3,678785,5.0,True,2026-03-03 00:00:00,0.0,2026-03-03,True,False
2026-03-04 00:00:00+00:00,10513.1,10634.5,10442.2,10627.1,580683,3.0,True,2026-03-04 00:00:00,0.0,2026-03-04,True,False
2026-03-05 00:00:00+00:00,10624.8,10641.4,10343.2,10392.5,511692,5.0,True,2026-03-05 00:00:00,0.0,2026-03-05,True,False
2026-03-06 00:00:00+00:00,10396.0,10482.5,10232.8,10321.5,538756,1.0,True,2026-03-06 00:00:00,0.0,2026-03-06,True,False
2026-03-09 00:00:00+00:00,10239.3,10385.7,10076.8,10333.6,837300,1.0,True,2026-03-09 00:00:00,0.0,2026-03-09,True,False
2026-03-10 00:00:00+00:00,10322.4,10473.4,10275.7,10384.8,537159,1.0,True,2026-03-10 00:00:00,0.0,2026-03-10,True,False
2026-03-11 00:00:00+00:00,10380.8,10420.3,10292.3,10342.9,371210,1.0,True,2026-03-11 00:00:00,0.0,2026-03-11,True,False
2026-03-12 00:00:00+00:00,10309.8,10348.5,10245.4,10289.1,474968,1.0,True,2026-03-12 00:00:00,0.0,2026-03-12,True,False
2026-03-13 00:00:00+00:00,10283.2,10368.1,10196.7,10240.2,422108,1.0,True,2026-03-13 00:00:00,0.0,2026-03-13,True,False
2026-03-16 00:00:00+00:00,10249.5,10375.9,10231.2,10344.4,381628,1.0,True,2026-03-16 00:00:00,0.0,2026-03-16,True,False
2026-03-17 00:00:00+00:00,10339.3,10436.5,10301.4,10369.6,306948,1.0,True,2026-03-17 00:00:00,0.0,2026-03-17,True,False
2026-03-18 00:00:00+00:00,10365.1,10449.0,10220.3,10227.8,306560,1.0,True,2026-03-18 00:00:00,0.0,2026-03-18,True,False
2026-03-19 00:00:00+00:00,10218.5,10252.0,9994.5,10065.7,548312,1.0,True,2026-03-19 00:00:00,0.0,2026-03-19,True,False
2026-03-20 00:00:00+00:00,10069.5,10126.8,9797.2,9840.8,552504,1.0,True,2026-03-20 00:00:00,0.0,2026-03-20,True,False
2026-03-23 00:00:00+00:00,9784.8,10038.1,9669.7,9950.5,886824,1.0,True,2026-03-23 00:00:00,0.0,2026-03-23,True,False
2026-03-24 00:00:00+00:00,9945.2,10028.6,9829.8,10006.4,642444,1.0,True,2026-03-24 00:00:00,0.0,2026-03-24,True,False
2026-03-25 00:00:00+00:00,10016.6,10130.0,9997.2,10105.5,443564,1.0,True,2026-03-25 00:00:00,0.0,2026-03-25,True,False
2026-03-26 00:00:00+00:00,10089.9,10104.0,9931.0,9949.6,412228,1.0,True,2026-03-26 00:00:00,0.0,2026-03-26,True,False
2026-03-27 00:00:00+00:00,9954.8,10029.4,9881.5,9895.9,412912,1.0,True,2026-03-27 00:00:00,0.0,2026-03-27,True,False
2026-03-30 00:00:00+00:00,9870.7,10154.7,9856.2,10067.7,485736,5.0,True,2026-03-30 01:00:00,1.0,2026-03-30,True,False
2026-03-31 00:00:00+00:00,10076.9,10286.2,10026.7,10274.0,655866,3.0,True,2026-03-31 01:00:00,1.0,2026-03-31,True,False
2026-04-01 00:00:00+00:00,10277.3,10425.9,10265.1,10416.4,440984,5.0,True,2026-04-01 01:00:00,1.0,2026-04-01,True,False
2026-04-02 00:00:00+00:00,10418.8,10466.9,10255.8,10454.6,471600,5.0,True,2026-04-02 01:00:00,1.0,2026-04-02,True,False
2026-04-07 00:00:00+00:00,10478.3,10515.9,10330.2,10424.7,583756,5.0,True,2026-04-07 01:00:00,1.0,2026-04-07,True,False
2026-04-08 00:00:00+00:00,10471.5,10722.1,10404.7,10669.3,551308,5.0,True,2026-04-08 01:00:00,1.0,2026-04-08,True,False
2026-04-09 00:00:00+00:00,10665.0,10667.1,10551.1,10602.1,384056,5.0,True,2026-04-09 01:00:00,1.0,2026-04-09,True,False
2026-04-10 00:00:00+00:00,10603.2,10661.7,10567.9,10595.9,293032,1.0,True,2026-04-10 01:00:00,1.0,2026-04-10,True,False
2026-04-13 00:00:00+00:00,10521.1,10618.9,10494.3,10616.1,347036,3.0,True,2026-04-13 01:00:00,1.0,2026-04-13,True,False
2026-04-14 00:00:00+00:00,10615.2,10641.8,10569.3,10621.9,241988,5.0,True,2026-04-14 01:00:00,1.0,2026-04-14,True,False
2026-04-15 00:00:00+00:00,10622.2,10641.7,10542.1,10553.4,273968,3.0,True,2026-04-15 01:00:00,1.0,2026-04-15,True,False
2026-04-16 00:00:00+00:00,10551.1,10646.6,10548.3,10587.0,234936,5.0,True,2026-04-16 01:00:00,1.0,2026-04-16,True,False
2026-04-17 00:00:00+00:00,10587.5,10698.2,10548.1,10694.5,271036,1.0,True,2026-04-17 01:00:00,1.0,2026-04-17,True,False
2026-04-20 00:00:00+00:00,10625.9,10638.4,10580.8,10619.5,299452,3.0,True,2026-04-20 01:00:00,1.0,2026-04-20,True,False
2026-04-21 00:00:00+00:00,10624.9,10635.2,10427.7,10463.9,317072,3.0,True,2026-04-21 01:00:00,1.0,2026-04-21,True,False
2026-04-22 00:00:00+00:00,10469.5,10523.8,10453.7,10469.3,264328,3.0,True,2026-04-22 01:00:00,1.0,2026-04-22,True,False
2026-04-23 00:00:00+00:00,10458.3,10471.5,10341.6,10397.5,431320,3.0,True,2026-04-23 01:00:00,1.0,2026-04-23,True,False
2026-04-24 00:00:00+00:00,10411.0,10449.9,10360.3,10386.1,346580,1.0,True,2026-04-24 01:00:00,1.0,2026-04-24,True,False
2026-04-27 00:00:00+00:00,10365.8,10411.4,10314.8,10317.2,265556,5.0,True,2026-04-27 01:00:00,1.0,2026-04-27,True,False
2026-04-28 00:00:00+00:00,10319.5,10382.8,10287.7,10306.7,275165,5.0,True,2026-04-28 01:00:00,1.0,2026-04-28,True,False
2026-04-29 00:00:00+00:00,10309.4,10332.3,10170.9,10179.0,324796,5.0,True,2026-04-29 01:00:00,1.0,2026-04-29,True,False
2026-04-30 00:00:00+00:00,10203.8,10388.8,10180.7,10359.4,425520,5.0,True,2026-04-30 01:00:00,1.0,2026-04-30,True,False
2026-05-01 00:00:00+00:00,10365.3,10392.6,10292.6,10362.6,147760,1.0,True,2026-05-01 01:00:00,1.0,2026-05-01,True,False
2026-05-05 00:00:00+00:00,10308.6,10308.6,10163.1,10273.1,259288,3.0,True,2026-05-05 01:00:00,1.0,2026-05-05,True,False
2026-05-06 00:00:00+00:00,10273.8,10487.7,10271.2,10446.3,396388,5.0,True,2026-05-06 01:00:00,1.0,2026-05-06,True,False
2026-05-07 00:00:00+00:00,10437.4,10473.2,10192.8,10194.4,374720,5.0,True,2026-05-07 01:00:00,1.0,2026-05-07,True,False
2026-05-08 00:00:00+00:00,10189.7,10278.9,10183.9,10261.1,296264,1.0,True,2026-05-08 01:00:00,1.0,2026-05-08,True,False
2026-05-11 00:00:00+00:00,10238.9,10287.1,10221.4,10239.5,247948,5.0,True,2026-05-11 01:00:00,1.0,2026-05-11,True,False
2026-05-12 00:00:00+00:00,10243.7,10296.7,10149.8,10280.4,326920,5.0,True,2026-05-12 01:00:00,1.0,2026-05-12,True,False
2026-05-13 00:00:00+00:00,10284.0,10366.1,10239.7,10364.2,253420,3.0,True,2026-05-13 01:00:00,1.0,2026-05-13,True,False
2026-05-14 00:00:00+00:00,10347.6,10402.9,10304.8,10359.6,231104,3.0,True,2026-05-14 01:00:00,1.0,2026-05-14,True,False
2026-05-15 00:00:00+00:00,10363.8,10367.6,10160.1,10197.7,317033,1.0,True,2026-05-15 01:00:00,1.0,2026-05-15,True,False
2026-05-18 00:00:00+00:00,10192.8,10353.9,10111.5,10347.4,558624,5.0,True,2026-05-18 01:00:00,1.0,2026-05-18,True,False
2026-05-19 00:00:00+00:00,10353.7,10410.1,10286.0,10288.0,396920,3.0,True,2026-05-19 01:00:00,1.0,2026-05-19,True,False
2026-05-20 00:00:00+00:00,10293.2,10459.2,10233.8,10430.4,384724,3.0,True,2026-05-20 01:00:00,1.0,2026-05-20,True,False
2026-05-21 00:00:00+00:00,10405.6,10522.2,10350.3,10501.9,370800,5.0,True,2026-05-21 01:00:00,1.0,2026-05-21,True,False
2026-05-22 00:00:00+00:00,10508.5,10522.8,10440.0,10443.9,265736,1.0,True,2026-05-22 01:00:00,1.0,2026-05-22,True,False
2026-05-26 00:00:00+00:00,10506.2,10558.3,10481.0,10499.2,288732,3.0,True,2026-05-26 01:00:00,1.0,2026-05-26,True,False
2026-05-27 00:00:00+00:00,10503.1,10525.1,10461.1,10505.5,237220,3.0,True,2026-05-27 01:00:00,1.0,2026-05-27,True,False
2026-05-28 00:00:00+00:00,10499.0,10499.8,10381.2,10412.3,354368,5.0,True,2026-05-28 01:00:00,1.0,2026-05-28,True,False
2026-05-29 00:00:00+00:00,10415.7,10462.9,10368.0,10369.7,251172,1.0,True,2026-05-29 01:00:00,1.0,2026-05-29,True,False
2026-06-01 00:00:00+00:00,10357.5,10410.8,10288.2,10324.4,264732,5.0,True,2026-06-01 01:00:00,1.0,2026-06-01,True,False
2026-06-02 00:00:00+00:00,10318.0,10395.7,10300.7,10385.8,249616,5.0,True,2026-06-02 01:00:00,1.0,2026-06-02,True,False
2026-06-03 00:00:00+00:00,10380.1,10390.5,10280.4,10289.2,249560,3.0,True,2026-06-03 01:00:00,1.0,2026-06-03,True,False
2026-06-04 00:00:00+00:00,10285.4,10399.8,10238.6,10383.4,347132,5.0,True,2026-06-04 01:00:00,1.0,2026-06-04,True,False
2026-06-05 00:00:00+00:00,10380.1,10416.6,10315.3,10336.8,366664,1.0,True,2026-06-05 01:00:00,1.0,2026-06-05,True,False
2026-06-08 00:00:00+00:00,10308.8,10411.5,10286.6,10347.1,583472,5.0,True,2026-06-08 01:00:00,1.0,2026-06-08,True,False
2026-06-09 00:00:00+00:00,10341.8,10374.5,10182.3,10291.0,524088,3.0,True,2026-06-09 01:00:00,1.0,2026-06-09,True,False
2026-06-10 00:00:00+00:00,10281.0,10306.0,10125.0,10185.0,543164,3.0,True,2026-06-10 01:00:00,1.0,2026-06-10,True,False
2026-06-11 00:00:00+00:00,10172.9,10419.4,10154.5,10405.9,578524,5.0,True,2026-06-11 01:00:00,1.0,2026-06-11,True,False
2026-06-12 00:00:00+00:00,10411.3,10484.4,10367.1,10467.5,488805,1.0,True,2026-06-12 01:00:00,1.0,2026-06-12,True,False
2026-06-15 00:00:00+00:00,10534.0,10569.5,10401.1,10408.5,287401,5.0,True,2026-06-15 01:00:00,1.0,2026-06-15,True,False
2026-06-16 00:00:00+00:00,10409.6,10523.9,10396.7,10459.8,277668,5.0,True,2026-06-16 01:00:00,1.0,2026-06-16,True,False
2026-06-17 00:00:00+00:00,10463.1,10513.9,10435.6,10454.1,371040,5.0,True,2026-06-17 01:00:00,1.0,2026-06-17,True,False
2026-06-18 00:00:00+00:00,10450.2,10498.9,10377.4,10413.8,410064,3.0,True,2026-06-18 01:00:00,1.0,2026-06-18,True,False
2026-06-19 00:00:00+00:00,10414.9,10421.6,10341.4,10360.4,234792,1.0,True,2026-06-19 01:00:00,1.0,2026-06-19,True,False
2026-06-22 00:00:00+00:00,10354.8,10449.3,10312.2,10429.3,320088,5.0,True,2026-06-22 01:00:00,1.0,2026-06-22,True,False
2026-06-23 00:00:00+00:00,10430.0,10472.2,10321.8,10439.2,374852,5.0,True,2026-06-23 01:00:00,1.0,2026-06-23,True,False
2026-06-24 00:00:00+00:00,10439.7,10470.7,10376.5,10463.6,509420,5.0,True,2026-06-24 01:00:00,1.0,2026-06-24,True,False
2026-06-25 00:00:00+00:00,10467.9,10576.6,10413.5,10528.8,397376,5.0,True,2026-06-25 01:00:00,1.0,2026-06-25,True,False
2026-06-26 00:00:00+00:00,10520.6,10548.0,10403.2,10476.9,538640,1.0,True,2026-06-26 01:00:00,1.0,2026-06-26,True,False
2026-06-29 00:00:00+00:00,10488.9,10528.8,10471.1,10512.0,394612,5.0,True,2026-06-29 01:00:00,1.0,2026-06-29,True,False
2026-06-30 00:00:00+00:00,10512.4,10613.4,10490.4,10511.3,304300,3.0,True,2026-06-30 01:00:00,1.0,2026-06-30,True,False
2026-07-01 00:00:00+00:00,10514.8,10519.9,10428.6,10467.9,322412,3.0,True,2026-07-01 01:00:00,1.0,2026-07-01,True,False
2026-07-02 00:00:00+00:00,10474.2,10695.4,10439.3,10671.1,411980,3.0,True,2026-07-02 01:00:00,1.0,2026-07-02,True,False
2026-07-03 00:00:00+00:00,10674.1,10706.0,10603.7,10636.5,249505,1.0,True,2026-07-03 01:00:00,1.0,2026-07-03,True,False
2026-07-06 00:00:00+00:00,10649.8,10734.4,10617.9,10675.5,298108,5.0,True,2026-07-06 01:00:00,1.0,2026-07-06,True,False
2026-07-07 00:00:00+00:00,10677.3,10746.4,10640.3,10659.8,338204,3.0,True,2026-07-07 01:00:00,1.0,2026-07-07,True,False
2026-07-08 00:00:00+00:00,10653.2,10682.7,10466.4,10492.5,554364,5.0,True,2026-07-08 01:00:00,1.0,2026-07-08,True,False
2026-07-09 00:00:00+00:00,10494.4,10528.0,10395.9,10465.7,361524,3.0,True,2026-07-09 01:00:00,1.0,2026-07-09,True,False
2026-07-10 00:00:00+00:00,10467.5,10548.4,10453.2,10528.8,279328,1.0,True,2026-07-10 01:00:00,1.0,2026-07-10,True,False
2026-07-13 00:00:00+00:00,10511.3,10533.5,10450.8,10492.7,345152,5.0,True,2026-07-13 01:00:00,1.0,2026-07-13,True,False
2026-07-14 00:00:00+00:00,10496.9,10555.5,10422.2,10485.0,461268,5.0,True,2026-07-14 01:00:00,1.0,2026-07-14,True,False
2026-07-15 00:00:00+00:00,10483.7,10546.6,10442.2,10484.3,304248,3.0,True,2026-07-15 01:00:00,1.0,2026-07-15,True,False
2026-07-16 00:00:00+00:00,10492.4,10590.1,10439.8,10567.0,316504,3.0,True,2026-07-16 01:00:00,1.0,2026-07-16,True,False
2026-07-17 00:00:00+00:00,10571.4,10625.6,10500.6,10575.2,444596,1.0,True,2026-07-17 01:00:00,1.0,2026-07-17,True,False
2026-07-20 00:00:00+00:00,10559.2,10597.5,10453.1,10461.4,425160,5.0,True,2026-07-20 01:00:00,1.0,2026-07-20,True,False
2026-07-21 00:00:00+00:00,10455.9,10611.9,10444.0,10601.3,298704,3.0,True,2026-07-21 01:00:00,1.0,2026-07-21,True,False
2026-07-22 00:00:00+00:00,10602.1,10764.1,10565.5,10712.7,370308,5.0,True,2026-07-22 01:00:00,1.0,2026-07-22,True,False
2026-07-23 00:00:00+00:00,10703.5,10730.9,10594.6,10625.1,390528,3.0,True,2026-07-23 01:00:00,1.0,2026-07-23,True,False
2026-07-24 00:00:00+00:00,10615.7,10749.1,10579.3,10725.0,351064,1.0,True,2026-07-24 01:00:00,1.0,2026-07-24,True,False
2026-07-27 00:00:00+00:00,10775.0,10834.2,10726.4,10797.6,370380,5.0,True,2026-07-27 01:00:00,1.0,2026-07-27,True,False
2026-07-28 00:00:00+00:00,10795.5,10917.4,10759.8,10899.6,345436,3.0,True,2026-07-28 01:00:00,1.0,2026-07-28,True,False
2026-07-29 00:00:00+00:00,10902.3,10950.7,10810.7,10827.1,541984,5.0,True,2026-07-29 01:00:00,1.0,2026-07-29,True,False
2026-07-30 00:00:00+00:00,10839.7,10981.4,10794.5,10940.5,498896,3.0,True,2026-07-30 01:00:00,1.0,2026-07-30,True,False
2026-07-31 00:00:00+00:00,10944.8,10991.1,10829.8,10872.2,319444,1.0,True,2026-07-31 01:00:00,1.0,2026-07-31,True,False
2026-08-03 00:00:00+00:00,10906.1,10924.1,10832.3,10873.7,282572,5.0,True,2026-08-03 01:00:00,1.0,2026-08-03,True,False
2026-08-04 00:00:00+00:00,10874.7,10931.6,10866.2,10907.0,311432,5.0,True,2026-08-04 01:00:00,1.0,2026-08-04,True,False
2026-08-05 00:00:00+00:00,10906.1,10953.7,10837.6,10899.1,283968,3.0,True,2026-08-05 01:00:00,1.0,2026-08-05,True,False
2026-08-06 00:00:00+00:00,10874.5,10944.8,10851.3,10856.1,257156,5.0,True,2026-08-06 01:00:00,1.0,2026-08-06,True,False
2026-08-07 00:00:00+00:00,10858.6,10961.3,10842.6,10897.1,284028,1.0,True,2026-08-07 01:00:00,1.0,2026-08-07,True,False
2026-08-10 00:00:00+00:00,10889.7,10900.7,10828.0,10860.5,175208,5.0,True,2026-08-10 01:00:00,1.0,2026-08-10,True,False
2026-08-11 00:00:00+00:00,10862.5,10894.9,10811.5,10828.4,197084,5.0,True,2026-08-11 01:00:00,1.0,2026-08-11,True,False
2026-08-12 00:00:00+00:00,10827.2,10866.1,10809.6,10850.7,184828,3.0,True,2026-08-12 01:00:00,1.0,2026-08-12,True,False
2026-08-13 00:00:00+00:00,10824.5,10838.2,10754.0,10798.6,174248,3.0,True,2026-08-13 01:00:00,1.0,2026-08-13,True,False
2026-08-14 00:00:00+00:00,10799.1,10802.9,10722.6,10758.4,142640,1.0,True,2026-08-14 01:00:00,1.0,2026-08-14,True,False
