time,open,high,low,close,volume,n_bars,cash_frac,spread,vol_ok,lwall,ltime,ldate,in_cash,extreme
2024-08-11 22:00:00+00:00,8201.8,8206.0,8171.4,8201.6,2348,1,0.0,5.0,True,2024-08-11 23:00:00,23.0,2024-08-11,False,False
2024-08-11 23:00:00+00:00,8201.4,8219.6,8195.3,8218.1,4349,4,0.0,5.0,True,2024-08-12 00:00:00,0.0,2024-08-12,False,False
2024-08-12 03:00:00+00:00,8218.2,8219.0,8197.5,8212.3,2473,4,0.0,4.0,True,2024-08-12 04:00:00,4.0,2024-08-12,False,False
2024-08-12 07:00:00+00:00,8211.5,8231.5,8189.0,8215.3,7159,4,1.0,0.5999999999994543,True,2024-08-12 08:00:00,8.0,2024-08-12,True,False
2024-08-12 11:00:00+00:00,8215.0,8230.8,8196.8,8228.8,9139,4,1.0,0.599999999999909,True,2024-08-12 12:00:00,12.0,2024-08-12,True,False
2024-08-12 15:00:00+00:00,8228.5,8238.8,8210.3,8224.5,8583,4,0.25,1.0,True,2024-08-12 16:00:00,16.0,2024-08-12,True,False
2024-08-12 19:00:00+00:00,8224.0,8231.0,8215.3,8225.8,2839,3,0.0,3.6666666666666665,True,2024-08-12 20:00:00,20.0,2024-08-12,False,False
2024-08-12 23:00:00+00:00,8226.0,8245.8,8223.0,8238.3,4196,4,0.0,5.0,True,2024-08-13 00:00:00,0.0,2024-08-13,False,False
2024-08-13 03:00:00+00:00,8238.4,8241.1,8213.5,8237.3,2450,4,0.0,4.0,True,2024-08-13 04:00:00,4.0,2024-08-13,False,False
2024-08-13 07:00:00+00:00,8237.0,8251.0,8190.8,8200.8,8479,4,1.0,0.5999999999994543,True,2024-08-13 08:00:00,8.0,2024-08-13,True,False
2024-08-13 11:00:00+00:00,8201.0,8236.3,8196.8,8231.0,12321,4,1.0,0.5999999999989996,True,2024-08-13 12:00:00,12.0,2024-08-13,True,False
2024-08-13 15:00:00+00:00,8231.3,8253.8,8230.3,8253.0,4821,4,0.25,1.0,True,2024-08-13 16:00:00,16.0,2024-08-13,True,False
2024-08-13 19:00:00+00:00,8252.8,8265.8,8252.8,8258.3,2698,3,0.0,3.6666666666666665,True,2024-08-13 20:00:00,20.0,2024-08-13,False,False
2024-08-13 23:00:00+00:00,8258.1,8279.5,8256.6,8268.8,3955,4,0.0,5.0,True,2024-08-14 00:00:00,0.0,2024-08-14,False,False
2024-08-14 03:00:00+00:00,8269.0,8316.3,8258.5,8292.0,2802,4,0.0,4.0,True,2024-08-14 04:00:00,4.0,2024-08-14,False,False
2024-08-14 07:00:00+00:00,8291.8,8296.0,8265.0,8269.0,9298,4,1.0,0.5999999999994543,True,2024-08-14 08:00:00,8.0,2024-08-14,True,False
2024-08-14 11:00:00+00:00,8268.8,8274.8,8247.0,8273.5,11981,4,1.0,0.5999999999985448,True,2024-08-14 12:00:00,12.0,2024-08-14,True,False
2024-08-14 15:00:00+00:00,8273.3,8306.5,8272.8,8305.5,6689,4,0.25,1.0,True,2024-08-14 16:00:00,16.0,2024-08-14,True,False
2024-08-14 19:00:00+00:00,8305.3,8322.0,8299.0,8305.6,2689,3,0.0,3.6666666666666665,True,2024-08-14 20:00:00,20.0,2024-08-14,False,False
2024-08-14 23:00:00+00:00,8305.9,8336.0,8299.5,8330.3,3724,4,0.0,5.0,True,2024-08-15 00:00:00,0.0,2024-08-15,False,False
2024-08-15 03:00:00+00:00,8330.1,8331.3,8298.3,8321.5,2305,4,0.0,4.0,True,2024-08-15 04:00:00,4.0,2024-08-15,False,False
2024-08-15 07:00:00+00:00,8320.5,8324.8,8303.3,8309.0,7456,4,1.0,0.599999999999909,True,2024-08-15 08:00:00,8.0,2024-08-15,True,False
2024-08-15 11:00:00+00:00,8309.3,8397.0,8307.8,8377.3,14026,4,1.0,0.5999999999994543,True,2024-08-15 12:00:00,12.0,2024-08-15,True,False
2024-08-15 15:00:00+00:00,8377.5,8385.0,8370.8,8373.8,4854,4,0.25,1.0,True,2024-08-15 16:00:00,16.0,2024-08-15,True,False
2024-08-15 19:00:00+00:00,8373.5,8388.3,8368.6,8385.3,2813,3,0.0,3.6666666666666665,True,2024-08-15 20:00:00,20.0,2024-08-15,False,False
2024-08-15 23:00:00+00:00,8385.5,8392.8,8367.9,8373.5,3863,4,0.0,5.0,True,2024-08-16 00:00:00,0.0,2024-08-16,False,False
2024-08-16 03:00:00+00:00,8373.3,8385.8,8364.7,8371.0,2191,4,0.0,4.0,True,2024-08-16 04:00:00,4.0,2024-08-16,False,False
2024-08-16 07:00:00+00:00,8373.3,8378.3,8332.0,8340.5,10119,4,1.0,0.5999999999994543,True,2024-08-16 08:00:00,8.0,2024-08-16,True,False
2024-08-16 11:00:00+00:00,8340.3,8345.5,8316.3,8333.5,10264,4,1.0,0.5999999999985448,True,2024-08-16 12:00:00,12.0,2024-08-16,True,False
2024-08-16 15:00:00+00:00,8333.3,8340.3,8320.5,8327.3,4392,4,0.25,1.0,True,2024-08-16 16:00:00,16.0,2024-08-16,True,False
2024-08-16 19:00:00+00:00,8327.0,8328.3,8317.0,8325.0,799,1,0.0,1.0,True,2024-08-16 20:00:00,20.0,2024-08-16,False,False
2024-08-18 22:00:00+00:00,8337.8,8337.8,8324.3,8328.4,1047,1,0.0,5.0,True,2024-08-18 23:00:00,23.0,2024-08-18,False,False
2024-08-18 23:00:00+00:00,8328.6,8338.1,8321.9,8329.5,3549,4,0.0,5.0,True,2024-08-19 00:00:00,0.0,2024-08-19,False,False
2024-08-19 03:00:00+00:00,8329.9,8338.7,8300.8,8311.0,2877,4,0.0,4.0,True,2024-08-19 04:00:00,4.0,2024-08-19,False,False
2024-08-19 07:00:00+00:00,8310.5,8336.8,8308.5,8336.8,7198,4,1.0,0.599999999999909,True,2024-08-19 08:00:00,8.0,2024-08-19,True,False
2024-08-19 11:00:00+00:00,8337.0,8400.8,8330.0,8397.8,8235,4,1.0,0.599999999999909,True,2024-08-19 12:00:00,12.0,2024-08-19,True,False
2024-08-19 15:00:00+00:00,8398.0,8399.0,8373.0,8375.8,3843,4,0.25,1.0,True,2024-08-19 16:00:00,16.0,2024-08-19,True,False
2024-08-19 19:00:00+00:00,8375.5,8376.5,8356.7,8371.3,1848,3,0.0,3.6666666666666665,True,2024-08-19 20:00:00,20.0,2024-08-19,False,False
2024-08-19 23:00:00+00:00,8371.6,8374.1,8357.4,8365.3,1892,4,0.0,5.0,True,2024-08-20 00:00:00,0.0,2024-08-20,False,False
2024-08-20 03:00:00+00:00,8365.2,8369.3,8347.5,8361.5,1884,4,0.0,4.0,True,2024-08-20 04:00:00,4.0,2024-08-20,False,False
2024-08-20 07:00:00+00:00,8361.8,8372.8,8317.3,8331.5,8322,4,1.0,0.5999999999985448,True,2024-08-20 08:00:00,8.0,2024-08-20,True,False
2024-08-20 11:00:00+00:00,8331.3,8333.3,8292.8,8300.3,8732,4,1.0,0.6000000000003638,True,2024-08-20 12:00:00,12.0,2024-08-20,True,False
2024-08-20 15:00:00+00:00,8300.5,8305.3,8262.5,8270.8,5142,4,0.25,1.0,True,2024-08-20 16:00:00,16.0,2024-08-20,True,False
2024-08-20 19:00:00+00:00,8270.5,8277.0,8261.8,8266.9,1750,3,0.0,3.6666666666666665,True,2024-08-20 20:00:00,20.0,2024-08-20,False,False
2024-08-20 23:00:00+00:00,8267.3,8282.7,8263.3,8282.7,3206,4,0.0,5.0,True,2024-08-21 00:00:00,0.0,2024-08-21,False,False
2024-08-21 03:00:00+00:00,8282.8,8308.5,8281.0,8301.5,1959,4,0.0,4.0,True,2024-08-21 04:00:00,4.0,2024-08-21,False,False
2024-08-21 07:00:00+00:00,8301.8,8316.5,8290.8,8316.3,6801,4,1.0,0.5999999999994543,True,2024-08-21 08:00:00,8.0,2024-08-21,True,False
2024-08-21 11:00:00+00:00,8315.5,8319.8,8284.8,8293.8,8888,4,1.0,0.6000000000003638,True,2024-08-21 12:00:00,12.0,2024-08-21,True,False
2024-08-21 15:00:00+00:00,8293.5,8313.5,8288.8,8300.5,5633,4,0.25,1.0,True,2024-08-21 16:00:00,16.0,2024-08-21,True,False
2024-08-21 19:00:00+00:00,8300.8,8314.5,8298.3,8309.5,2340,3,0.0,3.6666666666666665,True,2024-08-21 20:00:00,20.0,2024-08-21,False,False
2024-08-21 23:00:00+00:00,8309.6,8319.6,8290.5,8291.3,1905,4,0.0,5.0,True,2024-08-22 00:00:00,0.0,2024-08-22,False,False
2024-08-22 03:00:00+00:00,8291.1,8302.3,8287.4,8300.5,1703,4,0.0,4.0,True,2024-08-22 04:00:00,4.0,2024-08-22,False,False
2024-08-22 07:00:00+00:00,8300.0,8341.0,8299.5,8320.8,7076,4,1.0,0.5999999999994543,True,2024-08-22 08:00:00,8.0,2024-08-22,True,False
2024-08-22 11:00:00+00:00,8320.5,8320.8,8297.3,8303.5,8348,4,1.0,0.5999999999989996,True,2024-08-22 12:00:00,12.0,2024-08-22,True,False
2024-08-22 15:00:00+00:00,8303.3,8319.3,8293.0,8301.5,6740,4,0.25,1.0,True,2024-08-22 16:00:00,16.0,2024-08-22,True,False
2024-08-22 19:00:00+00:00,8302.0,8314.7,8294.3,8313.6,2634,3,0.0,3.6666666666666665,True,2024-08-22 20:00:00,20.0,2024-08-22,False,False
2024-08-22 23:00:00+00:00,8314.0,8320.4,8306.5,8318.3,2197,4,0.0,5.0,True,2024-08-23 00:00:00,0.0,2024-08-23,False,False
2024-08-23 03:00:00+00:00,8318.2,8343.8,8317.8,8327.5,2004,4,0.0,4.0,True,2024-08-23 04:00:00,4.0,2024-08-23,False,False
2024-08-23 07:00:00+00:00,8329.0,8342.5,8319.5,8341.8,6439,4,1.0,0.5999999999994543,True,2024-08-23 08:00:00,8.0,2024-08-23,True,False
2024-08-23 11:00:00+00:00,8341.5,8353.3,8319.8,8351.0,11082,4,1.0,0.5999999999989996,True,2024-08-23 12:00:00,12.0,2024-08-23,True,False
2024-08-23 15:00:00+00:00,8350.8,8354.3,8333.0,8347.5,8075,4,0.25,1.0,True,2024-08-23 16:00:00,16.0,2024-08-23,True,False
2024-08-23 19:00:00+00:00,8347.3,8361.3,8344.3,8356.5,1240,1,0.0,1.0,True,2024-08-23 20:00:00,20.0,2024-08-23,False,False
2024-08-27 00:00:00+00:00,8358.9,8382.0,8354.7,8380.2,2403,3,0.0,5.0,True,2024-08-27 01:00:00,1.0,2024-08-27,False,False
2024-08-27 03:00:00+00:00,8380.3,8391.3,8374.0,8374.8,2094,4,0.0,4.0,True,2024-08-27 04:00:00,4.0,2024-08-27,False,False
2024-08-27 07:00:00+00:00,8375.0,8422.5,8348.8,8376.3,9643,4,1.0,0.5999999999994543,True,2024-08-27 08:00:00,8.0,2024-08-27,True,False
2024-08-27 11:00:00+00:00,8376.0,8382.3,8356.3,8372.5,9581,4,1.0,0.5999999999989996,True,2024-08-27 12:00:00,12.0,2024-08-27,True,False
2024-08-27 15:00:00+00:00,8372.3,8382.5,8362.8,8376.5,4129,4,0.25,1.0,True,2024-08-27 16:00:00,16.0,2024-08-27,True,False
2024-08-27 19:00:00+00:00,8376.3,8380.8,8360.5,8367.3,2069,3,0.0,3.6666666666666665,True,2024-08-27 20:00:00,20.0,2024-08-27,False,False
2024-08-27 23:00:00+00:00,8366.9,8381.0,8359.7,8378.7,2781,4,0.0,5.0,True,2024-08-28 00:00:00,0.0,2024-08-28,False,False
2024-08-28 03:00:00+00:00,8378.6,8396.8,8376.7,8382.8,1503,4,0.0,4.0,True,2024-08-28 04:00:00,4.0,2024-08-28,False,False
2024-08-28 07:00:00+00:00,8382.5,8387.5,8351.8,8356.5,6843,4,1.0,0.5999999999989996,True,2024-08-28 08:00:00,8.0,2024-08-28,True,False
2024-08-28 11:00:00+00:00,8356.3,8376.0,8338.8,8368.0,8505,4,1.0,0.5999999999985448,True,2024-08-28 12:00:00,12.0,2024-08-28,True,False
2024-08-28 15:00:00+00:00,8367.8,8373.3,8345.8,8364.5,6245,4,0.25,1.0,True,2024-08-28 16:00:00,16.0,2024-08-28,True,False
2024-08-28 19:00:00+00:00,8364.3,8381.5,8328.8,8342.6,8175,3,0.0,3.6666666666666665,True,2024-08-28 20:00:00,20.0,2024-08-28,False,False
2024-08-28 23:00:00+00:00,8342.2,8376.8,8338.5,8372.2,3886,4,0.0,5.0,True,2024-08-29 00:00:00,0.0,2024-08-29,False,False
2024-08-29 03:00:00+00:00,8372.3,8385.0,8366.3,8367.8,2168,4,0.0,4.0,True,2024-08-29 04:00:00,4.0,2024-08-29,False,False
2024-08-29 07:00:00+00:00,8369.8,8397.5,8363.0,8393.0,7771,4,1.0,0.5999999999994543,True,2024-08-29 08:00:00,8.0,2024-08-29,True,False
2024-08-29 11:00:00+00:00,8392.8,8415.5,8376.8,8399.8,11460,4,1.0,0.5999999999989996,True,2024-08-29 12:00:00,12.0,2024-08-29,True,False
2024-08-29 15:00:00+00:00,8400.0,8440.8,8399.3,8420.5,6554,4,0.25,1.0,True,2024-08-29 16:00:00,16.0,2024-08-29,True,False
2024-08-29 19:00:00+00:00,8420.3,8436.1,8416.1,8424.8,4108,3,0.0,3.6666666666666665,True,2024-08-29 20:00:00,20.0,2024-08-29,False,False
2024-08-29 23:00:00+00:00,8424.6,8440.0,8415.6,8439.9,3064,4,0.0,5.0,True,2024-08-30 00:00:00,0.0,2024-08-30,False,False
2024-08-30 03:00:00+00:00,8440.0,8440.0,8419.5,8420.3,2400,4,0.0,4.0,True,2024-08-30 04:00:00,4.0,2024-08-30,False,False
2024-08-30 07:00:00+00:00,8421.3,8437.3,8418.0,8432.8,6770,4,1.0,0.5999999999994543,True,2024-08-30 08:00:00,8.0,2024-08-30,True,False
2024-08-30 11:00:00+00:00,8433.0,8433.3,8398.3,8398.8,9839,4,1.0,0.5999999999994543,True,2024-08-30 12:00:00,12.0,2024-08-30,True,False
2024-08-30 15:00:00+00:00,8399.0,8406.0,8384.8,8404.8,6628,4,0.25,1.0,True,2024-08-30 16:00:00,16.0,2024-08-30,True,False
2024-08-30 19:00:00+00:00,8404.5,8430.8,8402.0,8424.8,1554,1,0.0,1.0,True,2024-08-30 20:00:00,20.0,2024-08-30,False,False
2024-09-01 22:00:00+00:00,8421.1,8421.5,8410.3,8412.8,446,1,0.0,5.0,True,2024-09-01 23:00:00,23.0,2024-09-01,False,False
2024-09-01 23:00:00+00:00,8412.4,8420.9,8407.5,8408.7,2323,4,0.0,5.0,True,2024-09-02 00:00:00,0.0,2024-09-02,False,False
2024-09-02 03:00:00+00:00,8408.6,8420.8,8397.8,8399.0,2083,4,0.0,4.0,True,2024-09-02 04:00:00,4.0,2024-09-02,False,False
2024-09-02 07:00:00+00:00,8400.0,8407.5,8370.0,8380.8,6796,4,1.0,0.6000000000003638,True,2024-09-02 08:00:00,8.0,2024-09-02,True,False
2024-09-02 11:00:00+00:00,8380.5,8395.8,8375.5,8380.3,4816,4,1.0,0.599999999999909,True,2024-09-02 12:00:00,12.0,2024-09-02,True,False
2024-09-02 15:00:00+00:00,8380.5,8398.0,8377.8,8396.3,1705,4,0.25,1.0,True,2024-09-02 16:00:00,16.0,2024-09-02,True,False
2024-09-02 19:00:00+00:00,8396.5,8400.7,8382.0,8385.7,1007,2,0.0,3.0,True,2024-09-02 20:00:00,20.0,2024-09-02,False,False
2024-09-02 23:00:00+00:00,8385.9,8394.4,8373.0,8386.9,3167,4,0.0,5.0,True,2024-09-03 00:00:00,0.0,2024-09-03,False,False
2024-09-03 03:00:00+00:00,8386.8,8400.0,8376.7,8395.3,2324,4,0.0,4.0,True,2024-09-03 04:00:00,4.0,2024-09-03,False,False
2024-09-03 07:00:00+00:00,8398.0,8408.3,8326.8,8340.3,9577,4,1.0,0.5999999999994543,True,2024-09-03 08:00:00,8.0,2024-09-03,True,False
2024-09-03 11:00:00+00:00,8340.0,8349.0,8303.3,8309.3,14350,4,1.0,0.5999999999994543,True,2024-09-03 12:00:00,12.0,2024-09-03,True,False
2024-09-03 15:00:00+00:00,8309.0,8318.5,8288.8,8290.0,7731,4,0.25,1.0,True,2024-09-03 16:00:00,16.0,2024-09-03,True,False
2024-09-03 19:00:00+00:00,8289.8,8293.8,8260.3,8276.4,5259,3,0.0,3.6666666666666665,True,2024-09-03 20:00:00,20.0,2024-09-03,False,False
2024-09-03 23:00:00+00:00,8276.1,8283.8,8246.2,8248.1,7458,4,0.0,5.0,True,2024-09-04 00:00:00,0.0,2024-09-04,False,False
2024-09-04 03:00:00+00:00,8248.2,8257.2,8220.5,8224.0,4696,4,0.0,4.0,True,2024-09-04 04:00:00,4.0,2024-09-04,False,False
2024-09-04 07:00:00+00:00,8223.0,8273.3,8221.8,8267.5,14170,4,1.0,0.5999999999994543,True,2024-09-04 08:00:00,8.0,2024-09-04,True,False
2024-09-04 11:00:00+00:00,8268.0,8293.8,8261.3,8292.8,15515,4,1.0,0.599999999999909,True,2024-09-04 12:00:00,12.0,2024-09-04,True,False
2024-09-04 15:00:00+00:00,8293.0,8297.3,8264.3,8265.0,8882,4,0.25,1.0,True,2024-09-04 16:00:00,16.0,2024-09-04,True,False
2024-09-04 19:00:00+00:00,8264.5,8276.8,8252.5,8272.4,3512,3,0.0,3.6666666666666665,True,2024-09-04 20:00:00,20.0,2024-09-04,False,False
2024-09-04 23:00:00+00:00,8272.2,8283.5,8256.1,8276.7,4146,4,0.0,5.0,True,2024-09-05 00:00:00,0.0,2024-09-05,False,False
2024-09-05 03:00:00+00:00,8276.8,8277.5,8255.3,8261.5,3108,4,0.0,4.0,True,2024-09-05 04:00:00,4.0,2024-09-05,False,False
2024-09-05 07:00:00+00:00,8261.3,8301.8,8255.8,8273.5,9349,4,1.0,0.5999999999994543,True,2024-09-05 08:00:00,8.0,2024-09-05,True,False
2024-09-05 11:00:00+00:00,8273.0,8296.3,8260.5,8283.3,14155,4,1.0,0.6000000000003638,True,2024-09-05 12:00:00,12.0,2024-09-05,True,False
2024-09-05 15:00:00+00:00,8283.5,8285.8,8230.5,8262.5,8776,4,0.25,1.0,True,2024-09-05 16:00:00,16.0,2024-09-05,True,False
2024-09-05 19:00:00+00:00,8262.8,8264.9,8242.3,8251.1,4022,3,0.0,3.6666666666666665,True,2024-09-05 20:00:00,20.0,2024-09-05,False,False
2024-09-05 23:00:00+00:00,8251.5,8261.5,8240.4,8260.2,4498,4,0.0,5.0,True,2024-09-06 00:00:00,0.0,2024-09-06,False,False
2024-09-06 03:00:00+00:00,8260.6,8262.4,8241.0,8241.5,2655,4,0.0,4.0,True,2024-09-06 04:00:00,4.0,2024-09-06,False,False
2024-09-06 07:00:00+00:00,8241.0,8243.0,8201.5,8230.0,11872,4,1.0,0.5999999999989996,True,2024-09-06 08:00:00,8.0,2024-09-06,True,False
2024-09-06 11:00:00+00:00,8229.5,8277.3,8195.3,8200.3,22385,4,1.0,0.5999999999994543,True,2024-09-06 12:00:00,12.0,2024-09-06,True,False
2024-09-06 15:00:00+00:00,8200.0,8213.8,8177.0,8183.5,8222,4,0.25,1.0,True,2024-09-06 16:00:00,16.0,2024-09-06,True,False
2024-09-06 19:00:00+00:00,8183.8,8190.0,8177.5,8184.8,1754,1,0.0,1.0,True,2024-09-06 20:00:00,20.0,2024-09-06,False,False
2024-09-08 22:00:00+00:00,8176.7,8186.0,8166.5,8180.9,1536,1,0.0,5.0,True,2024-09-08 23:00:00,23.0,2024-09-08,False,False
2024-09-08 23:00:00+00:00,8180.7,8230.2,8173.5,8220.2,5593,4,0.0,5.0,True,2024-09-09 00:00:00,0.0,2024-09-09,False,False
2024-09-09 03:00:00+00:00,8220.4,8250.0,8220.4,8241.5,3220,4,0.0,4.0,True,2024-09-09 04:00:00,4.0,2024-09-09,False,False
2024-09-09 07:00:00+00:00,8241.3,8264.3,8230.5,8242.0,10341,4,1.0,0.5999999999985448,True,2024-09-09 08:00:00,8.0,2024-09-09,True,False
2024-09-09 11:00:00+00:00,8242.5,8289.8,8238.0,8279.8,11971,4,1.0,0.599999999999909,True,2024-09-09 12:00:00,12.0,2024-09-09,True,False
2024-09-09 15:00:00+00:00,8279.5,8309.5,8261.0,8273.5,7701,4,0.25,1.0,True,2024-09-09 16:00:00,16.0,2024-09-09,True,False
2024-09-09 19:00:00+00:00,8273.3,8290.7,8270.8,8278.2,2975,3,0.0,3.6666666666666665,True,2024-09-09 20:00:00,20.0,2024-09-09,False,False
2024-09-09 23:00:00+00:00,8279.0,8287.8,8253.6,8257.7,3985,4,0.0,5.0,True,2024-09-10 00:00:00,0.0,2024-09-10,False,False
2024-09-10 03:00:00+00:00,8257.8,8258.1,8225.0,8235.0,3108,4,0.0,4.0,True,2024-09-10 04:00:00,4.0,2024-09-10,False,False
2024-09-10 07:00:00+00:00,8233.8,8259.5,8212.3,8233.5,10106,4,1.0,0.5999999999989996,True,2024-09-10 08:00:00,8.0,2024-09-10,True,False
2024-09-10 11:00:00+00:00,8233.3,8267.8,8206.3,8216.5,14986,4,1.0,0.5999999999989996,True,2024-09-10 12:00:00,12.0,2024-09-10,True,False
2024-09-10 15:00:00+00:00,8216.3,8230.8,8185.3,8224.3,9706,4,0.25,1.0,True,2024-09-10 16:00:00,16.0,2024-09-10,True,False
2024-09-10 19:00:00+00:00,8223.8,8237.8,8221.8,8230.0,2235,3,0.0,3.6666666666666665,True,2024-09-10 20:00:00,20.0,2024-09-10,False,False
2024-09-10 23:00:00+00:00,8229.6,8233.4,8205.0,8219.2,4790,4,0.0,5.0,True,2024-09-11 00:00:00,0.0,2024-09-11,False,False
2024-09-11 03:00:00+00:00,8219.3,8240.0,8200.0,8228.5,3626,4,0.0,4.0,True,2024-09-11 04:00:00,4.0,2024-09-11,False,False
2024-09-11 07:00:00+00:00,8229.3,8235.5,8191.3,8223.3,11432,4,1.0,0.599999999999909,True,2024-09-11 08:00:00,8.0,2024-09-11,True,False
2024-09-11 11:00:00+00:00,8223.0,8245.3,8179.8,8194.8,18904,4,1.0,0.5999999999989996,True,2024-09-11 12:00:00,12.0,2024-09-11,True,False
2024-09-11 15:00:00+00:00,8195.3,8270.8,8190.3,8261.3,11497,4,0.25,1.0,True,2024-09-11 16:00:00,16.0,2024-09-11,True,False
2024-09-11 19:00:00+00:00,8260.8,8281.7,8259.3,8265.2,3525,3,0.0,3.6666666666666665,True,2024-09-11 20:00:00,20.0,2024-09-11,False,False
2024-09-11 23:00:00+00:00,8265.6,8284.4,8262.6,8276.4,3399,4,0.0,5.0,True,2024-09-12 00:00:00,0.0,2024-09-12,False,False
2024-09-12 03:00:00+00:00,8275.8,8311.8,8272.7,8301.8,3429,4,0.0,4.0,True,2024-09-12 04:00:00,4.0,2024-09-12,False,False
2024-09-12 07:00:00+00:00,8301.0,8315.8,8260.5,8267.0,11518,4,1.0,0.5999999999989996,True,2024-09-12 08:00:00,8.0,2024-09-12,True,False
2024-09-12 11:00:00+00:00,8267.3,8287.0,8227.8,8239.8,17222,4,1.0,0.5999999999989996,True,2024-09-12 12:00:00,12.0,2024-09-12,True,False
2024-09-12 15:00:00+00:00,8239.3,8283.8,8238.0,8270.8,9483,4,0.25,1.0,True,2024-09-12 16:00:00,16.0,2024-09-12,True,False
2024-09-12 19:00:00+00:00,8270.5,8276.6,8260.0,8275.5,3129,3,0.0,3.6666666666666665,True,2024-09-12 20:00:00,20.0,2024-09-12,False,False
2024-09-12 23:00:00+00:00,8275.7,8283.0,8248.5,8250.9,2813,4,0.0,5.0,True,2024-09-13 00:00:00,0.0,2024-09-13,False,False
2024-09-13 03:00:00+00:00,8251.0,8264.5,8242.5,8251.3,2227,4,0.0,4.0,True,2024-09-13 04:00:00,4.0,2024-09-13,False,False
2024-09-13 07:00:00+00:00,8253.3,8278.8,8237.5,8278.5,9144,4,1.0,0.5999999999994543,True,2024-09-13 08:00:00,8.0,2024-09-13,True,False
2024-09-13 11:00:00+00:00,8279.0,8297.0,8259.8,8284.5,12339,4,1.0,0.5999999999989996,True,2024-09-13 12:00:00,12.0,2024-09-13,True,False
2024-09-13 15:00:00+00:00,8284.3,8292.8,8275.0,8281.5,6656,4,0.25,1.0,True,2024-09-13 16:00:00,16.0,2024-09-13,True,False
2024-09-13 19:00:00+00:00,8281.3,8291.8,8277.8,8291.8,1329,1,0.0,1.0,True,2024-09-13 20:00:00,20.0,2024-09-13,False,False
2024-09-15 22:00:00+00:00,8287.7,8291.0,8280.3,8288.2,582,1,0.0,5.0,True,2024-09-15 23:00:00,23.0,2024-09-15,False,False
2024-09-15 23:00:00+00:00,8287.8,8301.3,8281.1,8284.0,2517,4,0.0,5.0,True,2024-09-16 00:00:00,0.0,2024-09-16,False,False
2024-09-16 03:00:00+00:00,8284.2,8289.0,8257.8,8260.8,1846,4,0.0,4.0,True,2024-09-16 04:00:00,4.0,2024-09-16,False,False
2024-09-16 07:00:00+00:00,8261.0,8287.5,8254.5,8272.3,8374,4,1.0,0.599999999999909,True,2024-09-16 08:00:00,8.0,2024-09-16,True,False
2024-09-16 11:00:00+00:00,8272.0,8298.0,8270.3,8294.3,14489,4,1.0,0.5999999999994543,True,2024-09-16 12:00:00,12.0,2024-09-16,True,False
2024-09-16 15:00:00+00:00,8294.0,8312.3,8276.8,8310.8,5304,4,0.25,1.0,True,2024-09-16 16:00:00,16.0,2024-09-16,True,False
2024-09-16 19:00:00+00:00,8311.0,8322.3,8305.8,8318.1,1910,3,0.0,3.6666666666666665,True,2024-09-16 20:00:00,20.0,2024-09-16,False,False
2024-09-16 23:00:00+00:00,8318.4,8324.4,8309.9,8322.7,2678,4,0.0,5.0,True,2024-09-17 00:00:00,0.0,2024-09-17,False,False
2024-09-17 03:00:00+00:00,8323.3,8346.0,8320.8,8336.8,2431,4,0.0,4.0,True,2024-09-17 04:00:00,4.0,2024-09-17,False,False
2024-09-17 07:00:00+00:00,8337.3,8357.0,8336.8,8343.0,10120,4,1.0,0.5999999999994543,True,2024-09-17 08:00:00,8.0,2024-09-17,True,False
2024-09-17 11:00:00+00:00,8342.5,8358.0,8299.5,8319.0,14398,4,1.0,0.5999999999994543,True,2024-09-17 12:00:00,12.0,2024-09-17,True,False
2024-09-17 15:00:00+00:00,8319.5,8324.8,8278.3,8295.0,8888,4,0.25,1.0,True,2024-09-17 16:00:00,16.0,2024-09-17,True,False
2024-09-17 19:00:00+00:00,8294.5,8304.2,8287.8,8298.5,2214,3,0.0,3.6666666666666665,True,2024-09-17 20:00:00,20.0,2024-09-17,False,False
2024-09-17 23:00:00+00:00,8298.9,8310.6,8296.2,8302.2,1842,4,0.0,5.0,True,2024-09-18 00:00:00,0.0,2024-09-18,False,False
2024-09-18 03:00:00+00:00,8302.3,8307.3,8294.8,8300.0,2038,4,0.0,4.0,True,2024-09-18 04:00:00,4.0,2024-09-18,False,False
2024-09-18 07:00:00+00:00,8300.0,8309.5,8256.3,8257.3,10130,4,1.0,0.5999999999994543,True,2024-09-18 08:00:00,8.0,2024-09-18,True,False
2024-09-18 11:00:00+00:00,8257.0,8277.8,8247.8,8258.3,13269,4,1.0,0.599999999999909,True,2024-09-18 12:00:00,12.0,2024-09-18,True,False
2024-09-18 15:00:00+00:00,8258.5,8293.3,8242.8,8271.0,10035,4,0.25,1.0,True,2024-09-18 16:00:00,16.0,2024-09-18,True,False
2024-09-18 19:00:00+00:00,8270.5,8340.7,8256.3,8334.6,7684,3,0.0,3.6666666666666665,True,2024-09-18 20:00:00,20.0,2024-09-18,False,False
2024-09-18 23:00:00+00:00,8335.2,8390.1,8326.1,8383.8,7848,4,0.0,5.0,True,2024-09-19 00:00:00,0.0,2024-09-19,False,False
2024-09-19 03:00:00+00:00,8383.9,8392.3,8363.3,8386.0,4121,4,0.0,4.0,True,2024-09-19 04:00:00,4.0,2024-09-19,False,False
2024-09-19 07:00:00+00:00,8388.0,8430.3,8360.3,8425.3,12840,4,1.0,0.599999999999909,True,2024-09-19 08:00:00,8.0,2024-09-19,True,False
2024-09-19 11:00:00+00:00,8426.3,8426.3,8355.3,8372.3,15438,4,1.0,0.599999999999909,True,2024-09-19 12:00:00,12.0,2024-09-19,True,False
2024-09-19 15:00:00+00:00,8372.5,8396.8,8368.8,8392.5,6038,4,0.25,1.0,True,2024-09-19 16:00:00,16.0,2024-09-19,True,False
2024-09-19 19:00:00+00:00,8392.0,8393.3,8372.2,8380.9,2291,3,0.0,3.6666666666666665,True,2024-09-19 20:00:00,20.0,2024-09-19,False,False
2024-09-19 23:00:00+00:00,8380.5,8384.5,8347.4,8348.9,2828,4,0.0,5.0,True,2024-09-20 00:00:00,0.0,2024-09-20,False,False
2024-09-20 03:00:00+00:00,8348.8,8356.8,8330.8,8339.0,3291,4,0.0,4.0,True,2024-09-20 04:00:00,4.0,2024-09-20,False,False
2024-09-20 07:00:00+00:00,8339.5,8355.5,8308.8,8347.5,15245,4,1.0,0.5999999999985448,True,2024-09-20 08:00:00,8.0,2024-09-20,True,False
2024-09-20 11:00:00+00:00,8347.0,8351.8,8276.8,8293.0,14561,4,1.0,0.599999999999909,True,2024-09-20 12:00:00,12.0,2024-09-20,True,False
2024-09-20 15:00:00+00:00,8292.8,8297.8,8251.8,8264.5,8602,4,0.25,1.0,True,2024-09-20 16:00:00,16.0,2024-09-20,True,False
2024-09-20 19:00:00+00:00,8264.3,8275.0,8252.3,8258.8,1690,1,0.0,1.0,True,2024-09-20 20:00:00,20.0,2024-09-20,False,False
2024-09-22 22:00:00+00:00,8251.5,8262.9,8248.9,8261.7,624,1,0.0,5.0,True,2024-09-22 23:00:00,23.0,2024-09-22,False,False
2024-09-22 23:00:00+00:00,8262.1,8299.5,8258.3,8298.0,2793,4,0.0,5.0,True,2024-09-23 00:00:00,0.0,2024-09-23,False,False
2024-09-23 03:00:00+00:00,8298.4,8313.5,8282.5,8282.5,2525,4,0.0,4.0,True,2024-09-23 04:00:00,4.0,2024-09-23,False,False
2024-09-23 07:00:00+00:00,8282.8,8318.5,8266.8,8270.8,14029,4,1.0,0.599999999999909,True,2024-09-23 08:00:00,8.0,2024-09-23,True,False
2024-09-23 11:00:00+00:00,8271.3,8314.8,8261.5,8314.3,14034,4,1.0,0.6000000000003638,True,2024-09-23 12:00:00,12.0,2024-09-23,True,False
2024-09-23 15:00:00+00:00,8314.5,8320.8,8291.8,8318.8,5885,4,0.25,1.0,True,2024-09-23 16:00:00,16.0,2024-09-23,True,False
2024-09-23 19:00:00+00:00,8318.5,8322.3,8310.4,8311.1,1383,3,0.0,3.6666666666666665,True,2024-09-23 20:00:00,20.0,2024-09-23,False,False
2024-09-23 23:00:00+00:00,8311.4,8324.7,8301.8,8305.6,3526,4,0.0,5.0,True,2024-09-24 00:00:00,0.0,2024-09-24,False,False
2024-09-24 03:00:00+00:00,8305.5,8368.0,8304.9,8363.0,3507,4,0.0,4.0,True,2024-09-24 04:00:00,4.0,2024-09-24,False,False
2024-09-24 07:00:00+00:00,8363.5,8365.3,8325.0,8342.0,12545,4,1.0,0.5999999999994543,True,2024-09-24 08:00:00,8.0,2024-09-24,True,False
2024-09-24 11:00:00+00:00,8341.5,8343.8,8313.0,8331.8,14005,4,1.0,0.5999999999989996,True,2024-09-24 12:00:00,12.0,2024-09-24,True,False
2024-09-24 15:00:00+00:00,8332.3,8340.0,8313.8,8321.3,4923,4,0.25,1.0,True,2024-09-24 16:00:00,16.0,2024-09-24,True,False
2024-09-24 19:00:00+00:00,8320.8,8325.3,8308.8,8315.9,1522,3,0.0,3.6666666666666665,True,2024-09-24 20:00:00,20.0,2024-09-24,False,False
2024-09-24 23:00:00+00:00,8315.5,8321.0,8284.5,8291.8,2951,4,0.0,5.0,True,2024-09-25 00:00:00,0.0,2024-09-25,False,False
2024-09-25 03:00:00+00:00,8291.7,8300.3,8280.3,8288.5,3244,4,0.0,4.0,True,2024-09-25 04:00:00,4.0,2024-09-25,False,False
2024-09-25 07:00:00+00:00,8287.5,8368.0,8287.5,8368.0,10477,4,1.0,0.5999999999994543,True,2024-09-25 08:00:00,8.0,2024-09-25,True,False
2024-09-25 11:00:00+00:00,8369.0,8370.8,8303.8,8312.3,11291,4,1.0,0.5999999999994543,True,2024-09-25 12:00:00,12.0,2024-09-25,True,False
2024-09-25 15:00:00+00:00,8312.0,8329.0,8308.3,8324.8,5560,4,0.25,1.0,True,2024-09-25 16:00:00,16.0,2024-09-25,True,False
2024-09-25 19:00:00+00:00,8324.5,8327.4,8315.5,8324.9,1849,3,0.0,3.6666666666666665,True,2024-09-25 20:00:00,20.0,2024-09-25,False,False
2024-09-25 23:00:00+00:00,8325.2,8346.5,8323.4,8341.8,2308,4,0.0,5.0,True,2024-09-26 00:00:00,0.0,2024-09-26,False,False
2024-09-26 03:00:00+00:00,8341.4,8383.8,8337.0,8373.5,3560,4,0.0,4.0,True,2024-09-26 04:00:00,4.0,2024-09-26,False,False
2024-09-26 07:00:00+00:00,8373.0,8383.5,8333.0,8335.8,12489,4,1.0,0.599999999999909,True,2024-09-26 08:00:00,8.0,2024-09-26,True,False
2024-09-26 11:00:00+00:00,8335.5,8355.3,8314.5,8327.5,14981,4,1.0,0.5999999999994543,True,2024-09-26 12:00:00,12.0,2024-09-26,True,False
2024-09-26 15:00:00+00:00,8327.3,8345.8,8327.3,8344.0,5905,4,0.25,1.0,True,2024-09-26 16:00:00,16.0,2024-09-26,True,False
2024-09-26 19:00:00+00:00,8343.8,8350.2,8332.3,8344.5,1863,3,0.0,3.6666666666666665,True,2024-09-26 20:00:00,20.0,2024-09-26,False,False
2024-09-26 23:00:00+00:00,8344.2,8345.4,8323.2,8329.7,3283,4,0.0,5.0,True,2024-09-27 00:00:00,0.0,2024-09-27,False,False
2024-09-27 03:00:00+00:00,8329.8,8356.5,8326.7,8341.5,3185,4,0.0,4.0,True,2024-09-27 04:00:00,4.0,2024-09-27,False,False
2024-09-27 07:00:00+00:00,8343.3,8380.0,8339.0,8373.0,10217,4,1.0,0.5999999999994543,True,2024-09-27 08:00:00,8.0,2024-09-27,True,False
2024-09-27 11:00:00+00:00,8373.3,8389.8,8349.8,8380.3,11287,4,1.0,0.5999999999989996,True,2024-09-27 12:00:00,12.0,2024-09-27,True,False
2024-09-27 15:00:00+00:00,8380.5,8382.0,8355.3,8365.8,5883,4,0.25,1.0,True,2024-09-27 16:00:00,16.0,2024-09-27,True,False
2024-09-27 19:00:00+00:00,8365.5,8368.8,8348.5,8353.0,1303,1,0.0,1.0,True,2024-09-27 20:00:00,20.0,2024-09-27,False,False
2024-09-29 22:00:00+00:00,8348.4,8361.8,8348.4,8361.8,714,1,0.0,5.0,True,2024-09-29 23:00:00,23.0,2024-09-29,False,False
2024-09-29 23:00:00+00:00,8361.4,8383.7,8352.9,8366.9,4398,4,0.0,5.0,True,2024-09-30 00:00:00,0.0,2024-09-30,False,False
2024-09-30 03:00:00+00:00,8367.2,8379.2,8342.8,8349.5,2880,4,0.0,4.0,True,2024-09-30 04:00:00,4.0,2024-09-30,False,False
2024-09-30 07:00:00+00:00,8350.0,8376.8,8320.0,8321.3,11297,4,1.0,0.5999999999994543,True,2024-09-30 08:00:00,8.0,2024-09-30,True,False
2024-09-30 11:00:00+00:00,8321.0,8336.0,8295.3,8297.8,12362,4,1.0,0.5999999999994543,True,2024-09-30 12:00:00,12.0,2024-09-30,True,False
2024-09-30 15:00:00+00:00,8298.3,8303.8,8276.3,8296.0,7475,4,0.25,1.0,True,2024-09-30 16:00:00,16.0,2024-09-30,True,False
2024-09-30 19:00:00+00:00,8295.8,8313.8,8291.3,8298.9,3278,3,0.0,3.6666666666666665,True,2024-09-30 20:00:00,20.0,2024-09-30,False,False
2024-09-30 23:00:00+00:00,8298.7,8318.7,8294.6,8311.2,2989,4,0.0,5.0,True,2024-10-01 00:00:00,0.0,2024-10-01,False,False
2024-10-01 03:00:00+00:00,8311.5,8328.5,8306.3,8314.5,2682,4,0.0,4.0,True,2024-10-01 04:00:00,4.0,2024-10-01,False,False
2024-10-01 07:00:00+00:00,8314.8,8325.3,8274.5,8319.0,9258,4,1.0,0.5999999999994543,True,2024-10-01 08:00:00,8.0,2024-10-01,True,False
2024-10-01 11:00:00+00:00,8318.8,8343.8,8285.0,8326.8,19624,4,1.0,0.599999999999909,True,2024-10-01 12:00:00,12.0,2024-10-01,True,False
2024-10-01 15:00:00+00:00,8326.5,8354.0,8315.8,8349.5,11108,4,0.25,1.0,True,2024-10-01 16:00:00,16.0,2024-10-01,True,False
2024-10-01 19:00:00+00:00,8349.8,8349.8,8310.4,8315.5,4175,3,0.0,3.6666666666666665,True,2024-10-01 20:00:00,20.0,2024-10-01,False,False
2024-10-01 23:00:00+00:00,8315.7,8352.7,8309.0,8347.5,4881,4,0.0,5.0,True,2024-10-02 00:00:00,0.0,2024-10-02,False,False
2024-10-02 03:00:00+00:00,8347.4,8355.5,8332.3,8346.5,3869,4,0.0,4.0,True,2024-10-02 04:00:00,4.0,2024-10-02,False,False
2024-10-02 07:00:00+00:00,8346.8,8372.8,8315.0,8342.8,13991,4,1.0,0.599999999999909,True,2024-10-02 08:00:00,8.0,2024-10-02,True,False
2024-10-02 11:00:00+00:00,8343.8,8359.3,8325.5,8341.3,15767,4,1.0,0.5999999999994543,True,2024-10-02 12:00:00,12.0,2024-10-02,True,False
2024-10-02 15:00:00+00:00,8341.0,8346.8,8305.8,8317.3,6568,4,0.25,1.0,True,2024-10-02 16:00:00,16.0,2024-10-02,True,False
2024-10-02 19:00:00+00:00,8317.8,8337.7,8315.3,8326.6,1960,3,0.0,3.6666666666666665,True,2024-10-02 20:00:00,20.0,2024-10-02,False,False
2024-10-02 23:00:00+00:00,8326.8,8332.6,8297.8,8299.0,4212,4,0.0,5.0,True,2024-10-03 00:00:00,0.0,2024-10-03,False,False
2024-10-03 03:00:00+00:00,8298.8,8369.5,8296.1,8359.5,3681,4,0.0,4.0,True,2024-10-03 04:00:00,4.0,2024-10-03,False,False
2024-10-03 07:00:00+00:00,8361.5,8373.0,8318.5,8365.3,14582,4,1.0,0.5999999999989996,True,2024-10-03 08:00:00,8.0,2024-10-03,True,False
2024-10-03 11:00:00+00:00,8365.5,8383.3,8307.8,8321.0,17153,4,1.0,0.5999999999989996,True,2024-10-03 12:00:00,12.0,2024-10-03,True,False
2024-10-03 15:00:00+00:00,8321.3,8348.3,8313.8,8323.0,7850,4,0.25,1.0,True,2024-10-03 16:00:00,16.0,2024-10-03,True,False
2024-10-03 19:00:00+00:00,8322.5,8332.8,8313.6,8325.0,2621,3,0.0,3.6666666666666665,True,2024-10-03 20:00:00,20.0,2024-10-03,False,False
2024-10-03 23:00:00+00:00,8325.2,8332.2,8310.0,8330.3,4440,4,0.0,5.0,True,2024-10-04 00:00:00,0.0,2024-10-04,False,False
2024-10-04 03:00:00+00:00,8330.2,8330.7,8304.3,8305.0,3147,4,0.0,4.0,True,2024-10-04 04:00:00,4.0,2024-10-04,False,False
2024-10-04 07:00:00+00:00,8305.5,8341.3,8282.5,8285.3,11058,4,1.0,0.599999999999909,True,2024-10-04 08:00:00,8.0,2024-10-04,True,False
2024-10-04 11:00:00+00:00,8285.5,8347.8,8277.8,8339.8,17551,4,1.0,0.5999999999994543,True,2024-10-04 12:00:00,12.0,2024-10-04,True,False
2024-10-04 15:00:00+00:00,8340.3,8350.8,8322.8,8345.8,6932,4,0.25,1.0,True,2024-10-04 16:00:00,16.0,2024-10-04,True,False
2024-10-04 19:00:00+00:00,8345.3,8362.8,8340.3,8358.8,1049,1,0.0,1.0,True,2024-10-04 20:00:00,20.0,2024-10-04,False,False
2024-10-06 22:00:00+00:00,8366.0,8369.6,8359.6,8363.0,804,1,0.0,5.0,True,2024-10-06 23:00:00,23.0,2024-10-06,False,False
2024-10-06 23:00:00+00:00,8362.8,8376.6,8345.4,8352.6,4683,4,0.0,5.0,True,2024-10-07 00:00:00,0.0,2024-10-07,False,False
2024-10-07 03:00:00+00:00,8352.7,8372.0,8341.0,8361.0,2906,4,0.0,4.0,True,2024-10-07 04:00:00,4.0,2024-10-07,False,False
2024-10-07 07:00:00+00:00,8360.5,8362.5,8303.0,8353.5,13476,4,1.0,0.5999999999985448,True,2024-10-07 08:00:00,8.0,2024-10-07,True,False
2024-10-07 11:00:00+00:00,8353.5,8369.8,8341.8,8341.8,13608,4,1.0,0.599999999999909,True,2024-10-07 12:00:00,12.0,2024-10-07,True,False
2024-10-07 15:00:00+00:00,8341.5,8354.8,8316.3,8318.3,6399,4,0.25,1.0,True,2024-10-07 16:00:00,16.0,2024-10-07,True,False
2024-10-07 19:00:00+00:00,8318.0,8346.2,8300.9,8327.5,4180,3,0.0,3.6666666666666665,True,2024-10-07 20:00:00,20.0,2024-10-07,False,False
2024-10-07 23:00:00+00:00,8327.3,8352.2,8292.6,8297.1,6346,4,0.0,5.0,True,2024-10-08 00:00:00,0.0,2024-10-08,False,False
2024-10-08 03:00:00+00:00,8297.2,8308.0,8268.8,8280.0,4068,4,0.0,4.0,True,2024-10-08 04:00:00,4.0,2024-10-08,False,False
2024-10-08 07:00:00+00:00,8279.5,8282.0,8231.3,8253.0,14744,4,1.0,0.5999999999994543,True,2024-10-08 08:00:00,8.0,2024-10-08,True,False
2024-10-08 11:00:00+00:00,8252.5,8272.5,8225.0,8233.3,13536,4,1.0,0.5999999999994543,True,2024-10-08 12:00:00,12.0,2024-10-08,True,False
2024-10-08 15:00:00+00:00,8233.8,8258.3,8228.8,8256.3,4986,4,0.25,1.0,True,2024-10-08 16:00:00,16.0,2024-10-08,True,False
2024-10-08 19:00:00+00:00,8255.8,8263.3,8246.8,8251.8,1958,3,0.0,3.6666666666666665,True,2024-10-08 20:00:00,20.0,2024-10-08,False,False
2024-10-08 23:00:00+00:00,8252.0,8267.2,8236.5,8236.8,3607,4,0.0,5.0,True,2024-10-09 00:00:00,0.0,2024-10-09,False,False
2024-10-09 03:00:00+00:00,8237.0,8272.0,8231.5,8252.3,3604,4,0.0,4.0,True,2024-10-09 04:00:00,4.0,2024-10-09,False,False
2024-10-09 07:00:00+00:00,8252.0,8279.3,8243.3,8258.5,9764,4,1.0,0.5999999999985448,True,2024-10-09 08:00:00,8.0,2024-10-09,True,False
2024-10-09 11:00:00+00:00,8258.3,8274.3,8234.0,8272.3,9342,4,1.0,0.6000000000003638,True,2024-10-09 12:00:00,12.0,2024-10-09,True,False
2024-10-09 15:00:00+00:00,8272.5,8321.3,8272.3,8314.8,5159,4,0.25,1.0,True,2024-10-09 16:00:00,16.0,2024-10-09,True,False
2024-10-09 19:00:00+00:00,8314.5,8320.0,8303.5,8312.8,1749,3,0.0,3.6666666666666665,True,2024-10-09 20:00:00,20.0,2024-10-09,False,False
2024-10-09 23:00:00+00:00,8312.6,8320.9,8306.0,8309.7,3328,4,0.0,5.0,True,2024-10-10 00:00:00,0.0,2024-10-10,False,False
2024-10-10 03:00:00+00:00,8309.5,8317.8,8292.3,8294.8,2524,4,0.0,4.0,True,2024-10-10 04:00:00,4.0,2024-10-10,False,False
2024-10-10 07:00:00+00:00,8294.5,8313.8,8262.3,8262.8,8351,4,1.0,0.599999999999909,True,2024-10-10 08:00:00,8.0,2024-10-10,True,False
2024-10-10 11:00:00+00:00,8262.5,8300.0,8257.8,8271.8,14868,4,1.0,0.5999999999989996,True,2024-10-10 12:00:00,12.0,2024-10-10,True,False
2024-10-10 15:00:00+00:00,8271.5,8302.8,8268.3,8284.5,5632,4,0.25,1.0,True,2024-10-10 16:00:00,16.0,2024-10-10,True,False
2024-10-10 19:00:00+00:00,8284.3,8302.7,8282.3,8298.3,1576,3,0.0,3.6666666666666665,True,2024-10-10 20:00:00,20.0,2024-10-10,False,False
2024-10-10 23:00:00+00:00,8298.7,8305.3,8294.2,8299.7,2367,4,0.0,5.0,True,2024-10-11 00:00:00,0.0,2024-10-11,False,False
2024-10-11 03:00:00+00:00,8299.8,8304.5,8279.3,8279.5,1756,4,0.0,4.0,True,2024-10-11 04:00:00,4.0,2024-10-11,False,False
2024-10-11 07:00:00+00:00,8279.0,8284.5,8249.3,8263.0,8942,4,1.0,0.5999999999994543,True,2024-10-11 08:00:00,8.0,2024-10-11,True,False
2024-10-11 11:00:00+00:00,8263.3,8305.8,8260.5,8299.3,10650,4,1.0,0.5999999999994543,True,2024-10-11 12:00:00,12.0,2024-10-11,True,False
2024-10-11 15:00:00+00:00,8299.0,8304.3,8286.8,8302.8,3731,4,0.25,1.0,True,2024-10-11 16:00:00,16.0,2024-10-11,True,False
2024-10-11 19:00:00+00:00,8303.0,8305.0,8296.8,8300.0,794,1,0.0,1.0,True,2024-10-11 20:00:00,20.0,2024-10-11,False,False
2024-10-13 22:00:00+00:00,8295.0,8303.8,8294.3,8303.5,436,1,0.0,5.0,True,2024-10-13 23:00:00,23.0,2024-10-13,False,False
2024-10-13 23:00:00+00:00,8303.8,8305.6,8274.3,8284.0,3564,4,0.0,5.0,True,2024-10-14 00:00:00,0.0,2024-10-14,False,False
2024-10-14 03:00:00+00:00,8284.1,8291.1,8271.8,8284.0,2086,4,0.0,4.0,True,2024-10-14 04:00:00,4.0,2024-10-14,False,False
2024-10-14 07:00:00+00:00,8283.5,8312.8,8274.3,8276.8,9236,4,1.0,0.5999999999989996,True,2024-10-14 08:00:00,8.0,2024-10-14,True,False
2024-10-14 11:00:00+00:00,8277.5,8326.5,8276.8,8317.5,10608,4,1.0,0.5999999999985448,True,2024-10-14 12:00:00,12.0,2024-10-14,True,False
2024-10-14 15:00:00+00:00,8317.3,8354.8,8313.0,8353.0,3427,4,0.25,1.0,True,2024-10-14 16:00:00,16.0,2024-10-14,True,False
2024-10-14 19:00:00+00:00,8353.3,8359.0,8348.4,8355.4,1575,3,0.0,3.6666666666666665,True,2024-10-14 20:00:00,20.0,2024-10-14,False,False
2024-10-14 23:00:00+00:00,8354.7,8368.1,8351.8,8359.5,3076,4,0.0,5.0,True,2024-10-15 00:00:00,0.0,2024-10-15,False,False
2024-10-15 03:00:00+00:00,8359.7,8365.5,8336.3,8339.5,2883,4,0.0,4.0,True,2024-10-15 04:00:00,4.0,2024-10-15,False,False
2024-10-15 07:00:00+00:00,8339.0,8345.0,8278.3,8282.8,11070,4,1.0,0.5999999999989996,True,2024-10-15 08:00:00,8.0,2024-10-15,True,False
2024-10-15 11:00:00+00:00,8282.5,8311.8,8279.0,8293.5,14236,4,1.0,0.5999999999989996,True,2024-10-15 12:00:00,12.0,2024-10-15,True,False
2024-10-15 15:00:00+00:00,8293.3,8300.3,8275.3,8280.3,8045,4,0.25,1.0,True,2024-10-15 16:00:00,16.0,2024-10-15,True,False
2024-10-15 19:00:00+00:00,8280.5,8282.8,8262.5,8277.6,2464,3,0.0,3.6666666666666665,True,2024-10-15 20:00:00,20.0,2024-10-15,False,False
2024-10-15 23:00:00+00:00,8277.9,8290.5,8272.7,8287.5,3072,4,0.0,5.0,True,2024-10-16 00:00:00,0.0,2024-10-16,False,False
2024-10-16 03:00:00+00:00,8287.1,8338.5,8272.8,8323.0,3597,4,0.0,4.0,True,2024-10-16 04:00:00,4.0,2024-10-16,False,False
2024-10-16 07:00:00+00:00,8323.3,8358.3,8323.3,8340.3,13538,4,1.0,0.5999999999994543,True,2024-10-16 08:00:00,8.0,2024-10-16,True,False
2024-10-16 11:00:00+00:00,8340.0,8385.8,8334.3,8378.3,11300,4,1.0,0.599999999999909,True,2024-10-16 12:00:00,12.0,2024-10-16,True,False
2024-10-16 15:00:00+00:00,8378.5,8393.3,8365.0,8389.8,4217,4,0.25,1.0,True,2024-10-16 16:00:00,16.0,2024-10-16,True,False
2024-10-16 19:00:00+00:00,8389.5,8398.3,8384.8,8387.3,1561,3,0.0,3.6666666666666665,True,2024-10-16 20:00:00,20.0,2024-10-16,False,False
2024-10-16 23:00:00+00:00,8386.9,8414.6,8382.3,8390.8,3143,4,0.0,5.0,True,2024-10-17 00:00:00,0.0,2024-10-17,False,False
2024-10-17 03:00:00+00:00,8390.9,8396.3,8362.0,8367.5,2927,4,0.0,4.0,True,2024-10-17 04:00:00,4.0,2024-10-17,False,False
2024-10-17 07:00:00+00:00,8367.3,8405.5,8356.0,8397.8,10440,4,1.0,0.5999999999994543,True,2024-10-17 08:00:00,8.0,2024-10-17,True,False
2024-10-17 11:00:00+00:00,8398.0,8433.5,8389.8,8426.8,14435,4,1.0,0.599999999999909,True,2024-10-17 12:00:00,12.0,2024-10-17,True,False
2024-10-17 15:00:00+00:00,8426.5,8434.5,8406.3,8410.3,5009,4,0.25,1.0,True,2024-10-17 16:00:00,16.0,2024-10-17,True,False
2024-10-17 19:00:00+00:00,8410.5,8422.2,8406.3,8419.9,1832,3,0.0,3.6666666666666665,True,2024-10-17 20:00:00,20.0,2024-10-17,False,False
2024-10-17 23:00:00+00:00,8419.7,8420.4,8383.8,8398.5,3540,4,0.0,5.0,True,2024-10-18 00:00:00,0.0,2024-10-18,False,False
2024-10-18 03:00:00+00:00,8398.1,8409.3,8372.5,8383.0,2866,4,0.0,4.0,True,2024-10-18 04:00:00,4.0,2024-10-18,False,False
2024-10-18 07:00:00+00:00,8383.8,8414.3,8380.5,8396.5,11073,4,1.0,0.5999999999994543,True,2024-10-18 08:00:00,8.0,2024-10-18,True,False
2024-10-18 11:00:00+00:00,8395.8,8410.3,8349.0,8382.3,10179,4,1.0,0.6000000000003638,True,2024-10-18 12:00:00,12.0,2024-10-18,True,False
2024-10-18 15:00:00+00:00,8382.0,8412.0,8381.0,8399.8,3760,4,0.25,1.0,True,2024-10-18 16:00:00,16.0,2024-10-18,True,False
2024-10-18 19:00:00+00:00,8399.3,8403.8,8395.8,8403.0,791,1,0.0,1.0,True,2024-10-18 20:00:00,20.0,2024-10-18,False,False
2024-10-20 22:00:00+00:00,8411.3,8413.7,8409.7,8411.6,433,1,0.0,5.0,True,2024-10-20 23:00:00,23.0,2024-10-20,False,False
2024-10-20 23:00:00+00:00,8411.9,8414.1,8401.8,8405.2,2848,4,0.0,5.0,True,2024-10-21 00:00:00,0.0,2024-10-21,False,False
2024-10-21 03:00:00+00:00,8405.0,8408.4,8386.5,8389.5,2376,4,0.0,4.0,True,2024-10-21 04:00:00,4.0,2024-10-21,False,False
2024-10-21 07:00:00+00:00,8390.3,8427.3,8371.0,8373.0,8838,4,1.0,0.5999999999989996,True,2024-10-21 08:00:00,8.0,2024-10-21,True,False
2024-10-21 11:00:00+00:00,8373.3,8399.5,8362.0,8369.3,10066,4,1.0,0.5999999999994543,True,2024-10-21 12:00:00,12.0,2024-10-21,True,False
2024-10-21 15:00:00+00:00,8369.0,8373.3,8348.8,8359.0,4500,4,0.25,1.0,True,2024-10-21 16:00:00,16.0,2024-10-21,True,False
2024-10-21 19:00:00+00:00,8358.8,8365.6,8356.8,8359.2,1585,3,0.0,3.6666666666666665,True,2024-10-21 20:00:00,20.0,2024-10-21,False,False
2024-10-21 23:00:00+00:00,8359.1,8361.2,8334.7,8335.5,3697,4,0.0,5.0,True,2024-10-22 00:00:00,0.0,2024-10-22,False,False
2024-10-22 03:00:00+00:00,8335.1,8344.3,8316.8,8332.3,3175,4,0.0,4.0,True,2024-10-22 04:00:00,4.0,2024-10-22,False,False
2024-10-22 07:00:00+00:00,8333.3,8335.3,8281.8,8290.0,11860,4,1.0,0.5999999999994543,True,2024-10-22 08:00:00,8.0,2024-10-22,True,False
2024-10-22 11:00:00+00:00,8290.3,8349.5,8283.8,8340.3,11269,4,1.0,0.599999999999909,True,2024-10-22 12:00:00,12.0,2024-10-22,True,False
2024-10-22 15:00:00+00:00,8340.5,8356.0,8335.3,8351.0,3699,4,0.25,1.0,True,2024-10-22 16:00:00,16.0,2024-10-22,True,False
2024-10-22 19:00:00+00:00,8350.8,8361.3,8338.2,8342.8,1667,3,0.0,3.6666666666666665,True,2024-10-22 20:00:00,20.0,2024-10-22,False,False
2024-10-22 23:00:00+00:00,8342.5,8352.7,8330.4,8340.0,2786,4,0.0,5.0,True,2024-10-23 00:00:00,0.0,2024-10-23,False,False
2024-10-23 03:00:00+00:00,8340.1,8343.0,8315.3,8319.8,1939,4,0.0,4.0,True,2024-10-23 04:00:00,4.0,2024-10-23,False,False
2024-10-23 07:00:00+00:00,8319.5,8353.5,8293.5,8295.0,9534,4,1.0,0.5999999999989996,True,2024-10-23 08:00:00,8.0,2024-10-23,True,False
2024-10-23 11:00:00+00:00,8295.3,8310.3,8281.8,8297.3,10788,4,1.0,0.6000000000003638,True,2024-10-23 12:00:00,12.0,2024-10-23,True,False
2024-10-23 15:00:00+00:00,8297.0,8302.8,8270.3,8291.3,6421,4,0.25,1.0,True,2024-10-23 16:00:00,16.0,2024-10-23,True,False
2024-10-23 19:00:00+00:00,8290.8,8306.1,8284.8,8295.7,2826,3,0.0,3.6666666666666665,True,2024-10-23 20:00:00,20.0,2024-10-23,False,False
2024-10-23 23:00:00+00:00,8295.4,8319.0,8290.4,8315.3,3616,4,0.0,5.0,True,2024-10-24 00:00:00,0.0,2024-10-24,False,False
2024-10-24 03:00:00+00:00,8315.6,8335.5,8300.8,8312.8,2608,4,0.0,4.0,True,2024-10-24 04:00:00,4.0,2024-10-24,False,False
2024-10-24 07:00:00+00:00,8313.0,8367.3,8308.5,8330.5,10934,4,1.0,0.5999999999989996,True,2024-10-24 08:00:00,8.0,2024-10-24,True,False
2024-10-24 11:00:00+00:00,8330.3,8339.3,8303.8,8307.8,10350,4,1.0,0.6000000000003638,True,2024-10-24 12:00:00,12.0,2024-10-24,True,False
2024-10-24 15:00:00+00:00,8308.3,8311.3,8284.3,8296.8,5140,4,0.25,1.0,True,2024-10-24 16:00:00,16.0,2024-10-24,True,False
2024-10-24 19:00:00+00:00,8296.3,8316.4,8294.0,8306.9,1715,3,0.0,3.6666666666666665,True,2024-10-24 20:00:00,20.0,2024-10-24,False,False
2024-10-24 23:00:00+00:00,8306.6,8315.8,8301.9,8309.6,2598,4,0.0,5.0,True,2024-10-25 00:00:00,0.0,2024-10-25,False,False
2024-10-25 03:00:00+00:00,8309.7,8311.5,8291.8,8297.5,2421,4,0.0,4.0,True,2024-10-25 04:00:00,4.0,2024-10-25,False,False
2024-10-25 07:00:00+00:00,8298.5,8306.3,8276.8,8279.8,8519,4,1.0,0.5999999999989996,True,2024-10-25 08:00:00,8.0,2024-10-25,True,False
2024-10-25 11:00:00+00:00,8279.5,8302.0,8272.0,8290.5,9379,4,1.0,0.5999999999989996,True,2024-10-25 12:00:00,12.0,2024-10-25,True,False
2024-10-25 15:00:00+00:00,8290.8,8295.8,8246.5,8262.3,5955,4,0.25,1.0,True,2024-10-25 16:00:00,16.0,2024-10-25,True,False
2024-10-25 19:00:00+00:00,8261.8,8264.8,8255.0,8263.0,1070,1,0.0,1.0,True,2024-10-25 20:00:00,20.0,2024-10-25,False,False
2024-10-27 22:00:00+00:00,8286.1,8293.3,8272.8,8275.7,1513,2,0.0,5.0,True,2024-10-27 22:00:00,22.0,2024-10-27,False,False
2024-10-28 00:00:00+00:00,8275.3,8293.6,8267.4,8271.0,3990,4,0.0,5.0,True,2024-10-28 00:00:00,0.0,2024-10-28,False,False
2024-10-28 04:00:00+00:00,8270.9,8301.5,8267.3,8278.3,2928,4,0.0,4.0,True,2024-10-28 04:00:00,4.0,2024-10-28,False,False
2024-10-28 08:00:00+00:00,8279.0,8293.8,8243.5,8243.8,12012,4,1.0,0.6000000000003638,True,2024-10-28 08:00:00,8.0,2024-10-28,True,False
2024-10-28 12:00:00+00:00,8244.0,8322.0,8233.3,8310.5,12358,4,1.0,0.5999999999994543,True,2024-10-28 12:00:00,12.0,2024-10-28,True,False
2024-10-28 16:00:00+00:00,8310.3,8336.0,8306.8,8325.5,4449,4,0.25,1.0,True,2024-10-28 16:00:00,16.0,2024-10-28,True,False
2024-10-28 20:00:00+00:00,8325.8,8326.5,8315.3,8319.7,954,3,0.0,3.6666666666666665,True,2024-10-28 20:00:00,20.0,2024-10-28,False,False
2024-10-29 00:00:00+00:00,8320.5,8323.6,8308.4,8310.5,3478,4,0.0,5.0,True,2024-10-29 00:00:00,0.0,2024-10-29,False,False
2024-10-29 04:00:00+00:00,8310.7,8352.5,8308.6,8337.5,2999,4,0.0,4.0,True,2024-10-29 04:00:00,4.0,2024-10-29,False,False
2024-10-29 08:00:00+00:00,8339.8,8352.5,8309.3,8311.3,11895,4,1.0,0.599999999999909,True,2024-10-29 08:00:00,8.0,2024-10-29,True,False
2024-10-29 12:00:00+00:00,8310.8,8312.3,8237.8,8242.5,14993,4,1.0,0.5999999999994543,True,2024-10-29 12:00:00,12.0,2024-10-29,True,False
2024-10-29 16:00:00+00:00,8242.3,8248.8,8224.3,8228.8,4576,4,0.25,1.0,True,2024-10-29 16:00:00,16.0,2024-10-29,True,False
2024-10-29 20:00:00+00:00,8229.0,8240.6,8229.0,8233.0,1719,3,0.0,3.6666666666666665,True,2024-10-29 20:00:00,20.0,2024-10-29,False,False
2024-10-30 00:00:00+00:00,8232.7,8241.8,8200.8,8202.9,2953,4,0.0,5.0,True,2024-10-30 00:00:00,0.0,2024-10-30,False,False
2024-10-30 04:00:00+00:00,8203.0,8218.8,8186.8,8188.3,2963,4,0.0,4.0,True,2024-10-30 04:00:00,4.0,2024-10-30,False,False
2024-10-30 08:00:00+00:00,8188.0,8232.3,8187.5,8188.5,13428,4,1.0,0.5999999999994543,True,2024-10-30 08:00:00,8.0,2024-10-30,True,False
2024-10-30 12:00:00+00:00,8188.3,8224.5,8176.3,8190.5,19561,4,1.0,0.5999999999994543,True,2024-10-30 12:00:00,12.0,2024-10-30,True,False
2024-10-30 16:00:00+00:00,8190.3,8195.8,8175.5,8188.0,5983,4,0.25,1.0,True,2024-10-30 16:00:00,16.0,2024-10-30,True,False
2024-10-30 20:00:00+00:00,8188.5,8191.5,8163.1,8178.1,3044,3,0.0,3.6666666666666665,True,2024-10-30 20:00:00,20.0,2024-10-30,False,False
2024-10-31 00:00:00+00:00,8177.8,8186.0,8167.2,8170.1,3183,4,0.0,5.0,True,2024-10-31 00:00:00,0.0,2024-10-31,False,False
2024-10-31 04:00:00+00:00,8170.0,8170.0,8138.0,8141.0,2940,4,0.0,4.0,True,2024-10-31 04:00:00,4.0,2024-10-31,False,False
2024-10-31 08:00:00+00:00,8141.8,8144.3,8109.0,8111.3,10722,4,1.0,0.6000000000003638,True,2024-10-31 08:00:00,8.0,2024-10-31,True,False
2024-10-31 12:00:00+00:00,8111.8,8129.3,8088.3,8110.8,14607,4,1.0,0.6000000000003638,True,2024-10-31 12:00:00,12.0,2024-10-31,True,False
2024-10-31 16:00:00+00:00,8110.5,8152.5,8108.3,8146.3,8180,4,0.25,1.0,True,2024-10-31 16:00:00,16.0,2024-10-31,True,False
2024-10-31 20:00:00+00:00,8146.0,8158.0,8132.3,8146.5,2706,3,0.0,3.6666666666666665,True,2024-10-31 20:00:00,20.0,2024-10-31,False,False
2024-11-01 00:00:00+00:00,8146.1,8148.2,8127.3,8141.5,4130,4,0.0,5.0,True,2024-11-01 00:00:00,0.0,2024-11-01,False,False
2024-11-01 04:00:00+00:00,8141.6,8147.7,8124.5,8137.5,3097,4,0.0,4.0,True,2024-11-01 04:00:00,4.0,2024-11-01,False,False
2024-11-01 08:00:00+00:00,8138.5,8204.3,8127.3,8203.8,10939,4,1.0,0.6000000000003638,True,2024-11-01 08:00:00,8.0,2024-11-01,True,False
2024-11-01 12:00:00+00:00,8203.5,8220.8,8184.5,8212.8,14919,4,1.0,0.599999999999909,True,2024-11-01 12:00:00,12.0,2024-11-01,True,False
2024-11-01 16:00:00+00:00,8213.0,8217.0,8175.0,8187.8,7881,4,0.25,1.0,True,2024-11-01 16:00:00,16.0,2024-11-01,True,False
2024-11-01 20:00:00+00:00,8188.3,8191.5,8183.5,8184.3,279,1,0.0,1.0,True,2024-11-01 20:00:00,20.0,2024-11-01,False,False
2024-11-03 23:00:00+00:00,8179.9,8192.5,8179.7,8184.4,1345,1,0.0,5.0,True,2024-11-03 23:00:00,23.0,2024-11-03,False,False
2024-11-04 00:00:00+00:00,8184.7,8202.9,8173.7,8193.8,3568,4,0.0,4.999999999999773,True,2024-11-04 00:00:00,0.0,2024-11-04,False,False
2024-11-04 04:00:00+00:00,8193.7,8198.3,8180.0,8183.5,2549,4,0.0,4.0,True,2024-11-04 04:00:00,4.0,2024-11-04,False,False
2024-11-04 08:00:00+00:00,8184.5,8257.5,8182.0,8245.0,10633,4,1.0,0.599999999999909,True,2024-11-04 08:00:00,8.0,2024-11-04,True,False
2024-11-04 12:00:00+00:00,8245.3,8252.8,8215.3,8219.0,11798,4,1.0,0.5999999999994543,True,2024-11-04 12:00:00,12.0,2024-11-04,True,False
2024-11-04 16:00:00+00:00,8218.8,8220.3,8186.5,8196.0,5775,4,0.25,1.0,True,2024-11-04 16:00:00,16.0,2024-11-04,True,False
2024-11-04 20:00:00+00:00,8196.3,8204.5,8187.7,8193.7,2391,3,0.0,3.6666666666666665,True,2024-11-04 20:00:00,20.0,2024-11-04,False,False
2024-11-05 00:00:00+00:00,8193.4,8194.7,8173.2,8192.5,3445,4,0.0,5.000000000000227,True,2024-11-05 00:00:00,0.0,2024-11-05,False,False
2024-11-05 04:00:00+00:00,8192.8,8202.3,8188.0,8194.5,2202,4,0.0,4.000000000000227,True,2024-11-05 04:00:00,4.0,2024-11-05,False,False
2024-11-05 08:00:00+00:00,8196.5,8231.5,8189.5,8196.0,8911,4,1.0,0.5999999999994543,True,2024-11-05 08:00:00,8.0,2024-11-05,True,False
2024-11-05 12:00:00+00:00,8196.5,8205.3,8163.0,8194.3,10051,4,1.0,0.6000000000003638,True,2024-11-05 12:00:00,12.0,2024-11-05,True,False
2024-11-05 16:00:00+00:00,8194.0,8197.3,8180.3,8183.0,5616,4,0.25,0.9999999999995453,True,2024-11-05 16:00:00,16.0,2024-11-05,True,False
2024-11-05 20:00:00+00:00,8182.8,8206.9,8182.3,8193.2,3499,3,0.0,3.66666666666697,True,2024-11-05 20:00:00,20.0,2024-11-05,False,False
2024-11-06 00:00:00+00:00,8192.9,8249.3,8186.2,8188.7,13261,4,0.0,5.0,True,2024-11-06 00:00:00,0.0,2024-11-06,False,False
2024-11-06 04:00:00+00:00,8189.1,8287.0,8175.0,8257.3,10546,4,0.0,4.0,True,2024-11-06 04:00:00,4.0,2024-11-06,False,False
2024-11-06 08:00:00+00:00,8257.0,8318.8,8241.3,8267.0,19225,4,1.0,0.5999999999985448,True,2024-11-06 08:00:00,8.0,2024-11-06,True,False
2024-11-06 12:00:00+00:00,8267.3,8277.3,8157.8,8183.3,21361,4,1.0,0.599999999999909,True,2024-11-06 12:00:00,12.0,2024-11-06,True,False
2024-11-06 16:00:00+00:00,8183.5,8196.3,8161.0,8189.5,8217,4,0.25,1.0,True,2024-11-06 16:00:00,16.0,2024-11-06,True,False
2024-11-06 20:00:00+00:00,8190.0,8211.3,8187.5,8200.0,2908,3,0.0,3.6666666666666665,True,2024-11-06 20:00:00,20.0,2024-11-06,False,False
2024-11-07 00:00:00+00:00,8200.3,8204.8,8165.1,8192.2,4760,4,0.0,5.000000000000227,True,2024-11-07 00:00:00,0.0,2024-11-07,False,False
2024-11-07 04:00:00+00:00,8192.5,8218.5,8180.6,8210.0,3096,4,0.0,4.0,True,2024-11-07 04:00:00,4.0,2024-11-07,False,False
2024-11-07 08:00:00+00:00,8211.0,8219.3,8185.3,8189.3,11856,4,1.0,0.5999999999994543,True,2024-11-07 08:00:00,8.0,2024-11-07,True,False
2024-11-07 12:00:00+00:00,8188.0,8202.8,8174.5,8193.8,12448,4,1.0,0.6000000000003638,True,2024-11-07 12:00:00,12.0,2024-11-07,True,False
2024-11-07 16:00:00+00:00,8194.3,8202.3,8156.0,8202.3,6444,4,0.25,1.0,True,2024-11-07 16:00:00,16.0,2024-11-07,True,False
2024-11-07 20:00:00+00:00,8202.5,8212.5,8194.8,8199.7,2777,3,0.0,3.6666666666666665,True,2024-11-07 20:00:00,20.0,2024-11-07,False,False
2024-11-08 00:00:00+00:00,8199.8,8208.7,8186.8,8187.8,2805,4,0.0,5.0,True,2024-11-08 00:00:00,0.0,2024-11-08,False,False
2024-11-08 04:00:00+00:00,8188.0,8197.5,8180.0,8182.0,2044,4,0.0,4.0,True,2024-11-08 04:00:00,4.0,2024-11-08,False,False
2024-11-08 08:00:00+00:00,8182.3,8184.0,8084.3,8090.8,12834,4,1.0,0.6000000000003638,True,2024-11-08 08:00:00,8.0,2024-11-08,True,False
2024-11-08 12:00:00+00:00,8091.0,8124.3,8088.8,8098.5,9706,4,1.0,0.6000000000003638,True,2024-11-08 12:00:00,12.0,2024-11-08,True,False
2024-11-08 16:00:00+00:00,8098.3,8112.8,8082.3,8103.5,4840,4,0.25,1.0,True,2024-11-08 16:00:00,16.0,2024-11-08,True,False
2024-11-08 20:00:00+00:00,8103.8,8110.0,8095.3,8110.0,1417,1,0.0,1.0,True,2024-11-08 20:00:00,20.0,2024-11-08,False,False
2024-11-10 23:00:00+00:00,8114.3,8117.9,8109.9,8110.9,693,1,0.0,5.0,True,2024-11-10 23:00:00,23.0,2024-11-10,False,False
2024-11-11 00:00:00+00:00,8111.4,8119.9,8100.3,8101.8,2621,4,0.0,5.0,True,2024-11-11 00:00:00,0.0,2024-11-11,False,False
2024-11-11 04:00:00+00:00,8101.7,8138.5,8101.3,8136.8,2017,4,0.0,4.0,True,2024-11-11 04:00:00,4.0,2024-11-11,False,False
2024-11-11 08:00:00+00:00,8137.0,8168.8,8131.5,8160.3,8398,4,1.0,0.6000000000003638,True,2024-11-11 08:00:00,8.0,2024-11-11,True,False
2024-11-11 12:00:00+00:00,8160.8,8171.8,8141.8,8154.3,7909,4,1.0,0.6000000000003638,True,2024-11-11 12:00:00,12.0,2024-11-11,True,False
2024-11-11 16:00:00+00:00,8153.8,8160.8,8137.3,8145.3,4493,4,0.25,1.0,True,2024-11-11 16:00:00,16.0,2024-11-11,True,False
2024-11-11 20:00:00+00:00,8144.8,8146.8,8128.7,8133.4,1870,3,0.0,3.6666666666666665,True,2024-11-11 20:00:00,20.0,2024-11-11,False,False
2024-11-12 00:00:00+00:00,8132.6,8135.6,8116.2,8122.5,3149,4,0.0,5.0,True,2024-11-12 00:00:00,0.0,2024-11-12,False,False
2024-11-12 04:00:00+00:00,8122.6,8126.8,8096.8,8122.0,2840,4,0.0,4.0,True,2024-11-12 04:00:00,4.0,2024-11-12,False,False
2024-11-12 08:00:00+00:00,8120.5,8124.3,8059.0,8069.0,9643,4,1.0,0.6000000000003638,True,2024-11-12 08:00:00,8.0,2024-11-12,True,False
2024-11-12 12:00:00+00:00,8068.5,8085.5,8043.8,8052.8,10921,4,1.0,0.6000000000003638,True,2024-11-12 12:00:00,12.0,2024-11-12,True,False
2024-11-12 16:00:00+00:00,8052.3,8068.0,8032.5,8064.0,6340,4,0.25,1.0,True,2024-11-12 16:00:00,16.0,2024-11-12,True,False
2024-11-12 20:00:00+00:00,8063.8,8068.4,8050.3,8059.1,2378,3,0.0,3.6666666666666665,True,2024-11-12 20:00:00,20.0,2024-11-12,False,False
2024-11-13 00:00:00+00:00,8059.3,8078.5,8049.1,8070.4,3265,4,0.0,5.0,True,2024-11-13 00:00:00,0.0,2024-11-13,False,False
2024-11-13 04:00:00+00:00,8070.5,8071.8,8041.5,8055.0,3085,4,0.0,4.0,True,2024-11-13 04:00:00,4.0,2024-11-13,False,False
2024-11-13 08:00:00+00:00,8055.3,8078.0,8031.0,8031.0,7727,4,1.0,0.6000000000003638,True,2024-11-13 08:00:00,8.0,2024-11-13,True,False
2024-11-13 12:00:00+00:00,8031.5,8053.0,8013.0,8036.8,13075,4,1.0,0.6000000000003638,True,2024-11-13 12:00:00,12.0,2024-11-13,True,False
2024-11-13 16:00:00+00:00,8037.0,8064.3,8033.3,8057.8,5403,4,0.25,1.0,True,2024-11-13 16:00:00,16.0,2024-11-13,True,False
2024-11-13 20:00:00+00:00,8057.5,8074.6,8052.3,8070.7,2700,3,0.0,3.6666666666666665,True,2024-11-13 20:00:00,20.0,2024-11-13,False,False
2024-11-14 00:00:00+00:00,8071.0,8073.8,8055.7,8060.0,3230,4,0.0,5.0,True,2024-11-14 00:00:00,0.0,2024-11-14,False,False
2024-11-14 04:00:00+00:00,8059.9,8068.5,8027.5,8053.8,3485,4,0.0,4.0,True,2024-11-14 04:00:00,4.0,2024-11-14,False,False
2024-11-14 08:00:00+00:00,8053.5,8099.0,8035.5,8095.3,8721,4,1.0,0.6000000000003638,True,2024-11-14 08:00:00,8.0,2024-11-14,True,False
2024-11-14 12:00:00+00:00,8095.0,8108.0,8076.0,8090.8,10643,4,1.0,0.6000000000003638,True,2024-11-14 12:00:00,12.0,2024-11-14,True,False
2024-11-14 16:00:00+00:00,8091.0,8099.8,8070.5,8096.3,6445,4,0.25,1.0,True,2024-11-14 16:00:00,16.0,2024-11-14,True,False
2024-11-14 20:00:00+00:00,8095.8,8095.8,8066.9,8073.3,4448,3,0.0,3.6666666666666665,True,2024-11-14 20:00:00,20.0,2024-11-14,False,False
2024-11-15 00:00:00+00:00,8073.0,8083.2,8065.2,8078.5,4271,4,0.0,5.0,True,2024-11-15 00:00:00,0.0,2024-11-15,False,False
2024-11-15 04:00:00+00:00,8078.7,8080.0,8051.8,8052.8,2866,4,0.0,4.0,True,2024-11-15 04:00:00,4.0,2024-11-15,False,False
2024-11-15 08:00:00+00:00,8054.0,8118.0,8051.0,8086.8,9471,4,1.0,0.6000000000003638,True,2024-11-15 08:00:00,8.0,2024-11-15,True,False
2024-11-15 12:00:00+00:00,8087.3,8110.0,8078.5,8088.5,12044,4,1.0,0.6000000000003638,True,2024-11-15 12:00:00,12.0,2024-11-15,True,False
2024-11-15 16:00:00+00:00,8088.3,8096.8,8070.8,8086.8,7676,4,0.25,1.0,True,2024-11-15 16:00:00,16.0,2024-11-15,True,False
2024-11-15 20:00:00+00:00,8086.3,8106.8,8086.0,8104.3,1766,1,0.0,1.0,True,2024-11-15 20:00:00,20.0,2024-11-15,False,False
2024-11-17 23:00:00+00:00,8098.6,8102.9,8096.5,8102.6,824,1,0.0,5.0,True,2024-11-17 23:00:00,23.0,2024-11-17,False,False
2024-11-18 00:00:00+00:00,8102.7,8117.1,8097.2,8106.0,3056,4,0.0,5.0,True,2024-11-18 00:00:00,0.0,2024-11-18,False,False
2024-11-18 04:00:00+00:00,8106.1,8113.9,8080.5,8086.5,2223,4,0.0,4.0,True,2024-11-18 04:00:00,4.0,2024-11-18,False,False
2024-11-18 08:00:00+00:00,8086.8,8113.0,8086.5,8098.5,7577,4,1.0,0.6000000000003638,True,2024-11-18 08:00:00,8.0,2024-11-18,True,False
2024-11-18 12:00:00+00:00,8098.3,8126.5,8075.5,8125.0,9166,4,1.0,0.6000000000003638,True,2024-11-18 12:00:00,12.0,2024-11-18,True,False
2024-11-18 16:00:00+00:00,8125.5,8150.3,8122.8,8135.8,5453,4,0.25,1.0,True,2024-11-18 16:00:00,16.0,2024-11-18,True,False
2024-11-18 20:00:00+00:00,8135.3,8137.0,8124.5,8136.5,1845,3,0.0,3.6666666666666665,True,2024-11-18 20:00:00,20.0,2024-11-18,False,False
2024-11-19 00:00:00+00:00,8136.3,8170.8,8135.7,8169.5,3059,4,0.0,5.0,True,2024-11-19 00:00:00,0.0,2024-11-19,False,False
2024-11-19 04:00:00+00:00,8169.7,8172.0,8144.5,8146.0,2406,4,0.0,4.0,True,2024-11-19 04:00:00,4.0,2024-11-19,False,False
2024-11-19 08:00:00+00:00,8147.0,8169.8,8086.0,8095.0,14125,4,1.0,0.6000000000003638,True,2024-11-19 08:00:00,8.0,2024-11-19,True,False
2024-11-19 12:00:00+00:00,8094.8,8109.5,8072.5,8105.8,14385,4,1.0,0.6000000000003638,True,2024-11-19 12:00:00,12.0,2024-11-19,True,False
2024-11-19 16:00:00+00:00,8106.0,8129.3,8104.3,8115.0,5600,4,0.25,1.0,True,2024-11-19 16:00:00,16.0,2024-11-19,True,False
2024-11-19 20:00:00+00:00,8115.3,8126.9,8111.8,8119.9,2306,3,0.0,3.6666666666666665,True,2024-11-19 20:00:00,20.0,2024-11-19,False,False
2024-11-20 00:00:00+00:00,8120.0,8136.1,8109.8,8117.8,3692,4,0.0,5.0,True,2024-11-20 00:00:00,0.0,2024-11-20,False,False
2024-11-20 04:00:00+00:00,8118.6,8137.0,8095.8,8124.5,2675,4,0.0,4.0,True,2024-11-20 04:00:00,4.0,2024-11-20,False,False
2024-11-20 08:00:00+00:00,8123.3,8150.8,8117.5,8121.0,9089,4,1.0,0.6000000000003638,True,2024-11-20 08:00:00,8.0,2024-11-20,True,False
2024-11-20 12:00:00+00:00,8121.8,8142.3,8093.0,8114.3,11593,4,1.0,0.6000000000003638,True,2024-11-20 12:00:00,12.0,2024-11-20,True,False
2024-11-20 16:00:00+00:00,8114.0,8123.8,8095.8,8107.8,8157,4,0.25,1.0,True,2024-11-20 16:00:00,16.0,2024-11-20,True,False
2024-11-20 20:00:00+00:00,8107.3,8139.6,8104.8,8133.0,5048,3,0.0,3.6666666666666665,True,2024-11-20 20:00:00,20.0,2024-11-20,False,False
2024-11-21 00:00:00+00:00,8133.4,8135.3,8105.1,8122.3,4895,4,0.0,5.0,True,2024-11-21 00:00:00,0.0,2024-11-21,False,False
2024-11-21 04:00:00+00:00,8121.8,8148.5,8116.0,8118.3,3332,4,0.0,4.0,True,2024-11-21 04:00:00,4.0,2024-11-21,False,False
2024-11-21 08:00:00+00:00,8118.8,8144.8,8087.0,8132.3,11831,4,1.0,0.6000000000003638,True,2024-11-21 08:00:00,8.0,2024-11-21,True,False
2024-11-21 12:00:00+00:00,8131.5,8177.3,8128.8,8173.3,13735,4,1.0,0.6000000000003638,True,2024-11-21 12:00:00,12.0,2024-11-21,True,False
2024-11-21 16:00:00+00:00,8173.8,8200.8,8164.3,8197.8,6950,4,0.25,1.0,True,2024-11-21 16:00:00,16.0,2024-11-21,True,False
2024-11-21 20:00:00+00:00,8197.3,8210.3,8192.1,8195.5,2309,3,0.0,3.6666666666666665,True,2024-11-21 20:00:00,20.0,2024-11-21,False,False
2024-11-22 00:00:00+00:00,8195.8,8220.7,8192.8,8213.3,4432,4,0.0,5.0,True,2024-11-22 00:00:00,0.0,2024-11-22,False,False
2024-11-22 04:00:00+00:00,8213.2,8230.5,8201.3,8226.5,3717,4,0.0,4.0,True,2024-11-22 04:00:00,4.0,2024-11-22,False,False
2024-11-22 08:00:00+00:00,8227.5,8241.0,8194.5,8233.5,14015,4,1.0,0.5999999999989996,True,2024-11-22 08:00:00,8.0,2024-11-22,True,False
2024-11-22 12:00:00+00:00,8234.0,8299.8,8233.5,8290.3,13939,4,1.0,0.5999999999989996,True,2024-11-22 12:00:00,12.0,2024-11-22,True,False
2024-11-22 16:00:00+00:00,8290.8,8301.3,8284.3,8295.8,5335,4,0.25,1.0,True,2024-11-22 16:00:00,16.0,2024-11-22,True,False
2024-11-22 20:00:00+00:00,8296.3,8297.5,8281.3,8296.5,1240,1,0.0,1.0,True,2024-11-22 20:00:00,20.0,2024-11-22,False,False
2024-11-24 23:00:00+00:00,8328.4,8335.6,8320.0,8327.7,807,1,0.0,5.0,True,2024-11-24 23:00:00,23.0,2024-11-24,False,False
2024-11-25 00:00:00+00:00,8327.9,8341.3,8307.9,8312.2,2659,4,0.0,5.0,True,2024-11-25 00:00:00,0.0,2024-11-25,False,False
2024-11-25 04:00:00+00:00,8312.3,8314.9,8295.5,8307.5,2398,4,0.0,4.0,True,2024-11-25 04:00:00,4.0,2024-11-25,False,False
2024-11-25 08:00:00+00:00,8307.3,8326.3,8289.3,8296.5,9659,4,1.0,0.5999999999994543,True,2024-11-25 08:00:00,8.0,2024-11-25,True,False
2024-11-25 12:00:00+00:00,8296.8,8331.3,8290.8,8327.3,11390,4,1.0,0.5999999999994543,True,2024-11-25 12:00:00,12.0,2024-11-25,True,False
2024-11-25 16:00:00+00:00,8326.8,8329.8,8294.5,8321.8,4975,4,0.25,1.0,True,2024-11-25 16:00:00,16.0,2024-11-25,True,False
2024-11-25 20:00:00+00:00,8321.3,8327.5,8286.4,8297.7,3342,3,0.0,3.6666666666666665,True,2024-11-25 20:00:00,20.0,2024-11-25,False,False
2024-11-26 00:00:00+00:00,8297.4,8298.4,8257.0,8292.4,5935,4,0.0,5.0,True,2024-11-26 00:00:00,0.0,2024-11-26,False,False
2024-11-26 04:00:00+00:00,8292.5,8299.8,8270.5,8286.5,2690,4,0.0,4.0,True,2024-11-26 04:00:00,4.0,2024-11-26,False,False
2024-11-26 08:00:00+00:00,8287.5,8297.0,8266.8,8286.3,10341,4,1.0,0.5999999999994543,True,2024-11-26 08:00:00,8.0,2024-11-26,True,False
2024-11-26 12:00:00+00:00,8286.0,8306.8,8267.3,8279.0,11598,4,1.0,0.5999999999989996,True,2024-11-26 12:00:00,12.0,2024-11-26,True,False
2024-11-26 16:00:00+00:00,8278.8,8291.5,8269.8,8288.3,5121,4,0.25,1.0,True,2024-11-26 16:00:00,16.0,2024-11-26,True,False
2024-11-26 20:00:00+00:00,8288.0,8294.6,8283.3,8288.6,1849,3,0.0,3.6666666666666665,True,2024-11-26 20:00:00,20.0,2024-11-26,False,False
2024-11-27 00:00:00+00:00,8288.8,8297.0,8283.2,8287.2,2236,4,0.0,5.0,True,2024-11-27 00:00:00,0.0,2024-11-27,False,False
2024-11-27 04:00:00+00:00,8286.8,8297.3,8280.5,8287.0,2156,4,0.0,4.0,True,2024-11-27 04:00:00,4.0,2024-11-27,False,False
2024-11-27 08:00:00+00:00,8288.0,8298.8,8270.5,8287.8,9952,4,1.0,0.6000000000003638,True,2024-11-27 08:00:00,8.0,2024-11-27,True,False
2024-11-27 12:00:00+00:00,8287.5,8301.3,8256.8,8286.3,10763,4,1.0,0.599999999999909,True,2024-11-27 12:00:00,12.0,2024-11-27,True,False
2024-11-27 16:00:00+00:00,8286.5,8300.8,8277.3,8292.8,4889,4,0.25,1.0,True,2024-11-27 16:00:00,16.0,2024-11-27,True,False
2024-11-27 20:00:00+00:00,8292.5,8302.4,8281.8,8298.7,1724,3,0.0,3.6666666666666665,True,2024-11-27 20:00:00,20.0,2024-11-27,False,False
2024-11-28 00:00:00+00:00,8298.9,8314.5,8298.4,8313.2,1969,4,0.0,5.0,True,2024-11-28 00:00:00,0.0,2024-11-28,False,False
2024-11-28 04:00:00+00:00,8313.3,8314.0,8298.8,8303.5,1339,4,0.0,4.0,True,2024-11-28 04:00:00,4.0,2024-11-28,False,False
2024-11-28 08:00:00+00:00,8304.0,8325.3,8291.8,8300.0,7179,4,1.0,0.5999999999989996,True,2024-11-28 08:00:00,8.0,2024-11-28,True,False
2024-11-28 12:00:00+00:00,8299.8,8313.3,8293.0,8295.0,5699,4,1.0,0.5999999999989996,True,2024-11-28 12:00:00,12.0,2024-11-28,True,False
2024-11-28 16:00:00+00:00,8294.8,8314.0,8293.0,8310.3,1929,4,0.25,1.0,True,2024-11-28 16:00:00,16.0,2024-11-28,True,False
2024-11-28 20:00:00+00:00,8310.5,8311.8,8303.3,8309.8,542,2,0.0,3.0,True,2024-11-28 20:00:00,20.0,2024-11-28,False,False
2024-11-29 00:00:00+00:00,8309.6,8312.5,8280.4,8312.0,3227,4,0.0,5.0,True,2024-11-29 00:00:00,0.0,2024-11-29,False,False
2024-11-29 04:00:00+00:00,8312.1,8317.5,8274.8,8283.0,2414,4,0.0,4.0,True,2024-11-29 04:00:00,4.0,2024-11-29,False,False
2024-11-29 08:00:00+00:00,8284.0,8314.0,8281.0,8301.8,7732,4,1.0,0.599999999999909,True,2024-11-29 08:00:00,8.0,2024-11-29,True,False
2024-11-29 12:00:00+00:00,8300.8,8307.3,8272.0,8292.8,10332,4,1.0,0.6000000000003638,True,2024-11-29 12:00:00,12.0,2024-11-29,True,False
2024-11-29 16:00:00+00:00,8292.5,8319.3,8292.5,8305.8,4300,4,0.25,1.0,True,2024-11-29 16:00:00,16.0,2024-11-29,True,False
2024-11-29 20:00:00+00:00,8304.8,8306.0,8297.8,8301.3,198,1,0.0,1.0,True,2024-11-29 20:00:00,20.0,2024-11-29,False,False
2024-12-01 23:00:00+00:00,8303.9,8304.1,8296.4,8302.2,850,1,0.0,5.0,True,2024-12-01 23:00:00,23.0,2024-12-01,False,False
2024-12-02 00:00:00+00:00,8303.0,8315.6,8288.6,8308.4,3376,4,0.0,5.0,True,2024-12-02 00:00:00,0.0,2024-12-02,False,False
2024-12-02 04:00:00+00:00,8308.5,8318.0,8300.0,8305.5,2431,4,0.0,4.0,True,2024-12-02 04:00:00,4.0,2024-12-02,False,False
2024-12-02 08:00:00+00:00,8306.5,8325.8,8293.0,8322.3,6193,4,1.0,0.5999999999989996,True,2024-12-02 08:00:00,8.0,2024-12-02,True,False
2024-12-02 12:00:00+00:00,8322.8,8353.8,8297.8,8314.8,13419,4,1.0,0.599999999999909,True,2024-12-02 12:00:00,12.0,2024-12-02,True,False
2024-12-02 16:00:00+00:00,8315.3,8352.3,8312.5,8350.8,5168,4,0.25,1.0,True,2024-12-02 16:00:00,16.0,2024-12-02,True,False
2024-12-02 20:00:00+00:00,8351.0,8351.3,8341.6,8345.7,1879,3,0.0,3.6666666666666665,True,2024-12-02 20:00:00,20.0,2024-12-02,False,False
2024-12-03 00:00:00+00:00,8346.1,8347.4,8335.8,8344.2,2136,4,0.0,5.0,True,2024-12-03 00:00:00,0.0,2024-12-03,False,False
2024-12-03 04:00:00+00:00,8343.8,8344.7,8329.8,8338.5,2028,4,0.0,4.0,True,2024-12-03 04:00:00,4.0,2024-12-03,False,False
2024-12-03 08:00:00+00:00,8338.0,8394.3,8337.5,8393.0,11030,4,1.0,0.5999999999994543,True,2024-12-03 08:00:00,8.0,2024-12-03,True,False
2024-12-03 12:00:00+00:00,8393.3,8408.5,8374.8,8377.5,10465,4,1.0,0.5999999999985448,True,2024-12-03 12:00:00,12.0,2024-12-03,True,False
2024-12-03 16:00:00+00:00,8377.8,8390.8,8361.8,8374.3,4370,4,0.25,1.0,True,2024-12-03 16:00:00,16.0,2024-12-03,True,False
2024-12-03 20:00:00+00:00,8373.8,8379.5,8367.5,8376.8,1862,3,0.0,3.6666666666666665,True,2024-12-03 20:00:00,20.0,2024-12-03,False,False
2024-12-04 00:00:00+00:00,8376.5,8376.8,8354.0,8362.5,2308,4,0.0,5.0,True,2024-12-04 00:00:00,0.0,2024-12-04,False,False
2024-12-04 04:00:00+00:00,8362.7,8373.3,8345.5,8372.3,2456,4,0.0,4.0,True,2024-12-04 04:00:00,4.0,2024-12-04,False,False
2024-12-04 08:00:00+00:00,8372.0,8379.3,8338.3,8356.8,9824,4,1.0,0.5999999999989996,True,2024-12-04 08:00:00,8.0,2024-12-04,True,False
2024-12-04 12:00:00+00:00,8356.3,8365.8,8343.3,8353.8,9178,4,1.0,0.5999999999994543,True,2024-12-04 12:00:00,12.0,2024-12-04,True,False
2024-12-04 16:00:00+00:00,8353.5,8363.8,8330.3,8341.3,4333,4,0.25,1.0,True,2024-12-04 16:00:00,16.0,2024-12-04,True,False
2024-12-04 20:00:00+00:00,8341.8,8347.5,8331.1,8332.7,1584,3,0.0,3.6666666666666665,True,2024-12-04 20:00:00,20.0,2024-12-04,False,False
2024-12-05 00:00:00+00:00,8332.3,8350.5,8328.4,8340.5,1900,4,0.0,5.0,True,2024-12-05 00:00:00,0.0,2024-12-05,False,False
2024-12-05 04:00:00+00:00,8340.4,8348.3,8333.2,8340.5,1897,4,0.0,4.0,True,2024-12-05 04:00:00,4.0,2024-12-05,False,False
2024-12-05 08:00:00+00:00,8341.0,8363.8,8339.0,8346.3,8355,4,1.0,0.599999999999909,True,2024-12-05 08:00:00,8.0,2024-12-05,True,False
2024-12-05 12:00:00+00:00,8346.8,8357.5,8336.0,8355.3,9727,4,1.0,0.5999999999994543,True,2024-12-05 12:00:00,12.0,2024-12-05,True,False
2024-12-05 16:00:00+00:00,8355.5,8377.8,8352.8,8373.8,4052,4,0.25,1.0,True,2024-12-05 16:00:00,16.0,2024-12-05,True,False
2024-12-05 20:00:00+00:00,8373.5,8375.8,8354.0,8367.2,1879,3,0.0,3.6666666666666665,True,2024-12-05 20:00:00,20.0,2024-12-05,False,False
2024-12-06 00:00:00+00:00,8366.9,8368.0,8344.6,8353.7,2342,4,0.0,5.0,True,2024-12-06 00:00:00,0.0,2024-12-06,False,False
2024-12-06 04:00:00+00:00,8353.8,8361.0,8345.8,8361.0,1881,4,0.0,4.0,True,2024-12-06 04:00:00,4.0,2024-12-06,False,False
2024-12-06 08:00:00+00:00,8361.5,8370.3,8343.3,8353.0,8107,4,1.0,0.5999999999994543,True,2024-12-06 08:00:00,8.0,2024-12-06,True,False
2024-12-06 12:00:00+00:00,8353.3,8370.3,8323.3,8325.8,9910,4,1.0,0.6000000000003638,True,2024-12-06 12:00:00,12.0,2024-12-06,True,False
2024-12-06 16:00:00+00:00,8326.0,8328.5,8304.0,8306.3,4244,4,0.25,1.0,True,2024-12-06 16:00:00,16.0,2024-12-06,True,False
2024-12-06 20:00:00+00:00,8306.5,8319.3,8305.5,8315.3,660,1,0.0,1.0,True,2024-12-06 20:00:00,20.0,2024-12-06,False,False
2024-12-08 23:00:00+00:00,8314.5,8329.5,8314.5,8326.0,561,1,0.0,5.0,True,2024-12-08 23:00:00,23.0,2024-12-08,False,False
2024-12-09 00:00:00+00:00,8325.7,8326.3,8307.8,8314.5,2485,4,0.0,5.0,True,2024-12-09 00:00:00,0.0,2024-12-09,False,False
2024-12-09 04:00:00+00:00,8314.0,8347.3,8312.3,8342.5,2380,4,0.0,4.0,True,2024-12-09 04:00:00,4.0,2024-12-09,False,False
2024-12-09 08:00:00+00:00,8342.8,8362.5,8336.5,8355.8,9489,4,1.0,0.5999999999994543,True,2024-12-09 08:00:00,8.0,2024-12-09,True,False
2024-12-09 12:00:00+00:00,8356.0,8385.5,8354.8,8364.3,9384,4,1.0,0.599999999999909,True,2024-12-09 12:00:00,12.0,2024-12-09,True,False
2024-12-09 16:00:00+00:00,8364.8,8371.3,8357.5,8360.8,5072,4,0.25,1.0,True,2024-12-09 16:00:00,16.0,2024-12-09,True,False
2024-12-09 20:00:00+00:00,8360.5,8360.8,8337.7,8349.2,1705,3,0.0,3.6666666666666665,True,2024-12-09 20:00:00,20.0,2024-12-09,False,False
2024-12-10 00:00:00+00:00,8348.8,8350.9,8324.5,8330.5,2573,4,0.0,5.0,True,2024-12-10 00:00:00,0.0,2024-12-10,False,False
2024-12-10 04:00:00+00:00,8330.6,8335.8,8322.5,8324.5,2527,4,0.0,4.0,True,2024-12-10 04:00:00,4.0,2024-12-10,False,False
2024-12-10 08:00:00+00:00,8325.0,8335.5,8306.0,8320.3,9081,4,1.0,0.6000000000003638,True,2024-12-10 08:00:00,8.0,2024-12-10,True,False
2024-12-10 12:00:00+00:00,8321.0,8323.8,8292.0,8296.3,8877,4,1.0,0.599999999999909,True,2024-12-10 12:00:00,12.0,2024-12-10,True,False
2024-12-10 16:00:00+00:00,8296.8,8298.8,8272.3,8281.3,4461,4,0.25,1.0,True,2024-12-10 16:00:00,16.0,2024-12-10,True,False
2024-12-10 20:00:00+00:00,8281.0,8281.3,8259.8,8268.5,1571,3,0.0,3.6666666666666665,True,2024-12-10 20:00:00,20.0,2024-12-10,False,False
2024-12-11 00:00:00+00:00,8268.1,8268.5,8253.1,8258.2,1998,4,0.0,5.0,True,2024-12-11 00:00:00,0.0,2024-12-11,False,False
2024-12-11 04:00:00+00:00,8257.8,8274.8,8245.8,8255.3,2845,4,0.0,4.0,True,2024-12-11 04:00:00,4.0,2024-12-11,False,False
2024-12-11 08:00:00+00:00,8255.5,8302.3,8255.5,8298.8,9572,4,1.0,0.6000000000003638,True,2024-12-11 08:00:00,8.0,2024-12-11,True,False
2024-12-11 12:00:00+00:00,8299.0,8326.5,8293.8,8305.3,11948,4,1.0,0.5999999999989996,True,2024-12-11 12:00:00,12.0,2024-12-11,True,False
2024-12-11 16:00:00+00:00,8305.5,8328.8,8300.0,8328.5,3764,4,0.25,1.0,True,2024-12-11 16:00:00,16.0,2024-12-11,True,False
2024-12-11 20:00:00+00:00,8328.8,8330.3,8314.7,8316.0,1328,3,0.0,3.6666666666666665,True,2024-12-11 20:00:00,20.0,2024-12-11,False,False
2024-12-12 00:00:00+00:00,8315.7,8322.5,8309.6,8319.8,2314,4,0.0,5.0,True,2024-12-12 00:00:00,0.0,2024-12-12,False,False
2024-12-12 04:00:00+00:00,8319.6,8328.3,8312.8,8319.0,1718,4,0.0,4.0,True,2024-12-12 04:00:00,4.0,2024-12-12,False,False
2024-12-12 08:00:00+00:00,8319.8,8336.8,8307.8,8320.0,8737,4,1.0,0.5999999999985448,True,2024-12-12 08:00:00,8.0,2024-12-12,True,False
2024-12-12 12:00:00+00:00,8320.5,8327.0,8304.8,8315.8,10262,4,1.0,0.599999999999909,True,2024-12-12 12:00:00,12.0,2024-12-12,True,False
2024-12-12 16:00:00+00:00,8316.0,8323.3,8293.0,8299.3,4819,4,0.25,1.0,True,2024-12-12 16:00:00,16.0,2024-12-12,True,False
2024-12-12 20:00:00+00:00,8299.0,8311.5,8292.3,8304.9,1997,3,0.0,3.6666666666666665,True,2024-12-12 20:00:00,20.0,2024-12-12,False,False
2024-12-13 00:00:00+00:00,8305.3,8310.9,8283.6,8293.0,2540,4,0.0,5.0,True,2024-12-13 00:00:00,0.0,2024-12-13,False,False
2024-12-13 04:00:00+00:00,8293.1,8333.8,8291.5,8315.5,2293,4,0.0,4.0,True,2024-12-13 04:00:00,4.0,2024-12-13,False,False
2024-12-13 08:00:00+00:00,8315.0,8338.0,8311.8,8326.0,7111,4,1.0,0.5999999999994543,True,2024-12-13 08:00:00,8.0,2024-12-13,True,False
2024-12-13 12:00:00+00:00,8326.3,8329.0,8286.3,8294.3,8030,4,1.0,0.599999999999909,True,2024-12-13 12:00:00,12.0,2024-12-13,True,False
2024-12-13 16:00:00+00:00,8293.8,8309.3,8287.8,8306.3,4934,4,0.25,1.0,True,2024-12-13 16:00:00,16.0,2024-12-13,True,False
2024-12-13 20:00:00+00:00,8306.8,8309.0,8300.8,8305.5,964,1,0.0,1.0,True,2024-12-13 20:00:00,20.0,2024-12-13,False,False
2024-12-15 23:00:00+00:00,8305.3,8313.6,8304.9,8311.2,508,1,0.0,5.0,True,2024-12-15 23:00:00,23.0,2024-12-15,False,False
2024-12-16 00:00:00+00:00,8311.6,8318.4,8297.0,8297.3,2317,4,0.0,5.0,True,2024-12-16 00:00:00,0.0,2024-12-16,False,False
2024-12-16 04:00:00+00:00,8297.5,8300.7,8285.8,8290.0,2023,4,0.0,4.0,True,2024-12-16 04:00:00,4.0,2024-12-16,False,False
2024-12-16 08:00:00+00:00,8292.0,8309.3,8265.8,8276.3,8505,4,1.0,0.599999999999909,True,2024-12-16 08:00:00,8.0,2024-12-16,True,False
2024-12-16 12:00:00+00:00,8276.5,8287.8,8262.3,8268.8,9179,4,1.0,0.5999999999994543,True,2024-12-16 12:00:00,12.0,2024-12-16,True,False
2024-12-16 16:00:00+00:00,8269.3,8274.3,8254.8,8260.0,4515,4,0.25,1.0,True,2024-12-16 16:00:00,16.0,2024-12-16,True,False
2024-12-16 20:00:00+00:00,8259.8,8259.8,8229.6,8238.8,1684,3,0.0,3.6666666666666665,True,2024-12-16 20:00:00,20.0,2024-12-16,False,False
2024-12-17 00:00:00+00:00,8238.5,8255.0,8236.8,8239.5,2127,4,0.0,5.0,True,2024-12-17 00:00:00,0.0,2024-12-17,False,False
2024-12-17 04:00:00+00:00,8239.9,8245.0,8208.0,8208.3,2506,4,0.0,4.0,True,2024-12-17 04:00:00,4.0,2024-12-17,False,False
2024-12-17 08:00:00+00:00,8208.5,8218.8,8191.8,8195.3,10067,4,1.0,0.599999999999909,True,2024-12-17 08:00:00,8.0,2024-12-17,True,False
2024-12-17 12:00:00+00:00,8195.5,8226.5,8188.3,8211.5,9313,4,1.0,0.5999999999989996,True,2024-12-17 12:00:00,12.0,2024-12-17,True,False
2024-12-17 16:00:00+00:00,8211.8,8218.0,8192.8,8201.0,4493,4,0.25,1.0,True,2024-12-17 16:00:00,16.0,2024-12-17,True,False
2024-12-17 20:00:00+00:00,8201.3,8203.3,8179.5,8194.6,2317,3,0.0,3.6666666666666665,True,2024-12-17 20:00:00,20.0,2024-12-17,False,False
2024-12-18 00:00:00+00:00,8194.9,8205.3,8186.7,8190.3,2118,4,0.0,4.999999999999773,True,2024-12-18 00:00:00,0.0,2024-12-18,False,False
2024-12-18 04:00:00+00:00,8189.8,8225.3,8186.5,8213.8,2111,4,0.0,4.0,True,2024-12-18 04:00:00,4.0,2024-12-18,False,False
2024-12-18 08:00:00+00:00,8213.5,8232.5,8201.8,8203.5,7800,4,1.0,0.5999999999989996,True,2024-12-18 08:00:00,8.0,2024-12-18,True,False
2024-12-18 12:00:00+00:00,8203.3,8213.3,8190.5,8199.8,9633,4,1.0,0.5999999999994543,True,2024-12-18 12:00:00,12.0,2024-12-18,True,False
2024-12-18 16:00:00+00:00,8199.5,8208.5,8150.8,8153.5,8014,4,0.25,1.0,True,2024-12-18 16:00:00,16.0,2024-12-18,True,False
2024-12-18 20:00:00+00:00,8153.8,8159.3,8069.9,8118.6,11998,3,0.0,3.6666666666666665,True,2024-12-18 20:00:00,20.0,2024-12-18,False,False
2024-12-19 00:00:00+00:00,8119.0,8134.5,8102.9,8108.3,6267,4,0.0,5.0,True,2024-12-19 00:00:00,0.0,2024-12-19,False,False
2024-12-19 04:00:00+00:00,8108.4,8115.8,8098.5,8107.5,4349,4,0.0,4.0,True,2024-12-19 04:00:00,4.0,2024-12-19,False,False
2024-12-19 08:00:00+00:00,8108.0,8125.3,8077.5,8085.3,9763,4,1.0,0.6000000000003638,True,2024-12-19 08:00:00,8.0,2024-12-19,True,False
2024-12-19 12:00:00+00:00,8086.0,8123.5,8083.8,8102.3,13642,4,1.0,0.6000000000003638,True,2024-12-19 12:00:00,12.0,2024-12-19,True,False
2024-12-19 16:00:00+00:00,8102.0,8136.5,8089.8,8128.5,8068,4,0.25,1.0,True,2024-12-19 16:00:00,16.0,2024-12-19,True,False
2024-12-19 20:00:00+00:00,8129.0,8162.0,8109.8,8146.1,3532,3,0.0,3.6666666666666665,True,2024-12-19 20:00:00,20.0,2024-12-19,False,False
2024-12-20 00:00:00+00:00,8146.8,8150.5,8104.3,8106.4,6593,4,0.0,5.0,True,2024-12-20 00:00:00,0.0,2024-12-20,False,False
2024-12-20 04:00:00+00:00,8106.6,8135.0,8106.6,8121.0,3112,4,0.0,4.0,True,2024-12-20 04:00:00,4.0,2024-12-20,False,False
2024-12-20 08:00:00+00:00,8122.3,8122.8,8046.3,8062.0,12786,4,1.0,0.6000000000003638,True,2024-12-20 08:00:00,8.0,2024-12-20,True,False
2024-12-20 12:00:00+00:00,8062.5,8136.8,8030.5,8129.5,14382,4,1.0,0.6000000000003638,True,2024-12-20 12:00:00,12.0,2024-12-20,True,False
2024-12-20 16:00:00+00:00,8129.3,8139.3,8102.3,8129.3,10221,4,0.25,1.0,True,2024-12-20 16:00:00,16.0,2024-12-20,True,False
2024-12-20 20:00:00+00:00,8129.8,8131.3,8098.3,8103.8,2053,1,0.0,1.0,True,2024-12-20 20:00:00,20.0,2024-12-20,False,False
2024-12-23 07:00:00+00:00,8121.6,8121.6,8096.6,8098.9,592,1,0.0,1.0,True,2024-12-23 07:00:00,7.0,2024-12-23,False,False
2024-12-23 08:00:00+00:00,8098.9,8123.8,8072.6,8116.8,7877,4,1.0,0.6000000000001364,True,2024-12-23 08:00:00,8.0,2024-12-23,True,False
2024-12-23 12:00:00+00:00,8117.5,8136.3,8096.8,8097.3,9124,4,1.0,0.6000000000003638,True,2024-12-23 12:00:00,12.0,2024-12-23,True,False
2024-12-23 16:00:00+00:00,8097.0,8156.3,8097.0,8144.3,5164,4,0.25,1.0,True,2024-12-23 16:00:00,16.0,2024-12-23,True,False
2024-12-23 20:00:00+00:00,8144.0,8168.8,8138.0,8151.0,3163,3,0.0,3.6666666666666665,True,2024-12-23 20:00:00,20.0,2024-12-23,False,False
2024-12-24 00:00:00+00:00,8151.3,8163.5,8141.9,8157.5,2761,4,0.0,5.0,True,2024-12-24 00:00:00,0.0,2024-12-24,False,False
2024-12-24 04:00:00+00:00,8157.6,8170.3,8153.3,8159.8,950,4,0.0,4.0,True,2024-12-24 04:00:00,4.0,2024-12-24,False,False
2024-12-24 08:00:00+00:00,8159.3,8170.5,8139.3,8165.3,2508,4,1.0,0.6000000000003638,True,2024-12-24 08:00:00,8.0,2024-12-24,True,False
2024-12-24 12:00:00+00:00,8166.0,8170.0,8143.3,8145.5,936,1,1.0,0.6000000000003638,True,2024-12-24 12:00:00,12.0,2024-12-24,True,False
2024-12-27 01:00:00+00:00,8171.6,8172.9,8156.0,8158.7,1945,3,0.0,5.0,True,2024-12-27 01:00:00,1.0,2024-12-27,False,False
2024-12-27 04:00:00+00:00,8158.8,8162.0,8138.0,8141.0,1790,4,0.0,4.0,True,2024-12-27 04:00:00,4.0,2024-12-27,False,False
2024-12-27 08:00:00+00:00,8142.8,8162.5,8129.5,8157.5,6055,4,1.0,0.6000000000003638,True,2024-12-27 08:00:00,8.0,2024-12-27,True,False
2024-12-27 12:00:00+00:00,8157.0,8167.3,8132.0,8165.0,8130,4,1.0,0.6000000000003638,True,2024-12-27 12:00:00,12.0,2024-12-27,True,False
2024-12-27 16:00:00+00:00,8164.5,8166.3,8128.3,8160.8,6987,4,0.25,1.0,True,2024-12-27 16:00:00,16.0,2024-12-27,True,False
2024-12-27 20:00:00+00:00,8160.5,8160.8,8136.0,8149.3,1753,1,0.0,1.0,True,2024-12-27 20:00:00,20.0,2024-12-27,False,False
2024-12-29 23:00:00+00:00,8147.1,8148.0,8128.2,8139.5,1320,1,0.0,5.0,True,2024-12-29 23:00:00,23.0,2024-12-29,False,False
2024-12-30 00:00:00+00:00,8139.7,8165.3,8130.7,8150.0,3166,4,0.0,5.0,True,2024-12-30 00:00:00,0.0,2024-12-30,False,False
2024-12-30 04:00:00+00:00,8150.1,8151.5,8119.0,8131.3,1960,4,0.0,4.0,True,2024-12-30 04:00:00,4.0,2024-12-30,False,False
2024-12-30 08:00:00+00:00,8132.0,8155.0,8123.3,8154.3,4835,4,1.0,0.6000000000003638,True,2024-12-30 08:00:00,8.0,2024-12-30,True,False
2024-12-30 12:00:00+00:00,8154.5,8159.5,8107.5,8132.0,9384,4,1.0,0.6000000000003638,True,2024-12-30 12:00:00,12.0,2024-12-30,True,False
2024-12-30 16:00:00+00:00,8131.8,8158.3,8130.8,8157.0,6667,4,0.25,1.0,True,2024-12-30 16:00:00,16.0,2024-12-30,True,False
2024-12-30 20:00:00+00:00,8156.5,8160.3,8122.4,8135.5,3779,3,0.0,3.6666666666666665,True,2024-12-30 20:00:00,20.0,2024-12-30,False,False
2024-12-31 00:00:00+00:00,8135.7,8137.7,8113.2,8119.2,2510,4,0.0,5.0,True,2024-12-31 00:00:00,0.0,2024-12-31,False,False
2024-12-31 04:00:00+00:00,8119.3,8123.6,8105.5,8110.5,1414,4,0.0,4.0,True,2024-12-31 04:00:00,4.0,2024-12-31,False,False
2024-12-31 08:00:00+00:00,8110.3,8193.8,8105.0,8187.3,3600,4,1.0,0.6000000000003638,True,2024-12-31 08:00:00,8.0,2024-12-31,True,False
2024-12-31 12:00:00+00:00,8187.0,8193.8,8170.3,8177.0,1269,1,1.0,0.6000000000003638,True,2024-12-31 12:00:00,12.0,2024-12-31,True,False
2025-01-02 01:00:00+00:00,8161.8,8188.2,8161.8,8172.2,3954,3,0.0,5.0,True,2025-01-02 01:00:00,1.0,2025-01-02,False,False
2025-01-02 04:00:00+00:00,8172.1,8196.3,8169.0,8184.0,2690,4,0.0,4.0,True,2025-01-02 04:00:00,4.0,2025-01-02,False,False
2025-01-02 08:00:00+00:00,8184.8,8213.5,8169.0,8206.5,9013,4,1.0,0.599999999999909,True,2025-01-02 08:00:00,8.0,2025-01-02,True,False
2025-01-02 12:00:00+00:00,8206.0,8283.8,8204.8,8277.3,13577,4,1.0,0.6000000000003638,True,2025-01-02 12:00:00,12.0,2025-01-02,True,False
2025-01-02 16:00:00+00:00,8277.5,8280.3,8222.3,8229.0,10317,4,0.25,1.0,True,2025-01-02 16:00:00,16.0,2025-01-02,True,False
2025-01-02 20:00:00+00:00,8229.3,8250.5,8229.0,8236.3,3831,3,0.0,3.6666666666666665,True,2025-01-02 20:00:00,20.0,2025-01-02,False,False
2025-01-03 00:00:00+00:00,8236.1,8271.2,8234.2,8266.0,3759,4,0.0,5.0,True,2025-01-03 00:00:00,0.0,2025-01-03,False,False
2025-01-03 04:00:00+00:00,8266.1,8268.3,8248.0,8251.5,2033,4,0.0,4.0,True,2025-01-03 04:00:00,4.0,2025-01-03,False,False
2025-01-03 08:00:00+00:00,8250.8,8281.5,8250.3,8271.0,8155,4,1.0,0.5999999999989996,True,2025-01-03 08:00:00,8.0,2025-01-03,True,False
2025-01-03 12:00:00+00:00,8270.8,8273.5,8228.5,8245.8,9475,4,1.0,0.5999999999994543,True,2025-01-03 12:00:00,12.0,2025-01-03,True,False
2025-01-03 16:00:00+00:00,8246.0,8246.8,8227.8,8230.8,4433,4,0.25,1.0,True,2025-01-03 16:00:00,16.0,2025-01-03,True,False
2025-01-03 20:00:00+00:00,8230.3,8237.5,8227.3,8233.5,879,1,0.0,1.0,True,2025-01-03 20:00:00,20.0,2025-01-03,False,False
2025-01-05 23:00:00+00:00,8231.8,8238.2,8226.6,8232.7,831,1,0.0,5.0,True,2025-01-05 23:00:00,23.0,2025-01-05,False,False
2025-01-06 00:00:00+00:00,8233.1,8237.9,8223.0,8228.2,3321,4,0.0,5.0,True,2025-01-06 00:00:00,0.0,2025-01-06,False,False
2025-01-06 04:00:00+00:00,8228.7,8239.3,8223.0,8230.3,1724,4,0.0,4.0,True,2025-01-06 04:00:00,4.0,2025-01-06,False,False
2025-01-06 08:00:00+00:00,8230.5,8246.8,8206.3,8240.8,9378,4,1.0,0.5999999999994543,True,2025-01-06 08:00:00,8.0,2025-01-06,True,False
2025-01-06 12:00:00+00:00,8240.5,8256.0,8212.3,8244.3,12763,4,1.0,0.599999999999909,True,2025-01-06 12:00:00,12.0,2025-01-06,True,False
2025-01-06 16:00:00+00:00,8244.8,8265.3,8215.5,8215.5,6141,4,0.25,1.0,True,2025-01-06 16:00:00,16.0,2025-01-06,True,False
2025-01-06 20:00:00+00:00,8215.3,8226.0,8205.8,8215.8,2822,3,0.0,3.6666666666666665,True,2025-01-06 20:00:00,20.0,2025-01-06,False,False
2025-01-07 00:00:00+00:00,8215.5,8220.3,8206.9,8216.0,2686,4,0.0,5.0,True,2025-01-07 00:00:00,0.0,2025-01-07,False,False
2025-01-07 04:00:00+00:00,8216.1,8225.5,8202.3,8225.0,2289,4,0.0,4.0,True,2025-01-07 04:00:00,4.0,2025-01-07,False,False
2025-01-07 08:00:00+00:00,8224.0,8246.8,8196.3,8226.0,9192,4,1.0,0.5999999999994543,True,2025-01-07 08:00:00,8.0,2025-01-07,True,False
2025-01-07 12:00:00+00:00,8225.8,8260.3,8222.8,8251.8,11859,4,1.0,0.5999999999994543,True,2025-01-07 12:00:00,12.0,2025-01-07,True,False
2025-01-07 16:00:00+00:00,8252.0,8267.5,8240.8,8250.0,6882,4,0.25,1.0,True,2025-01-07 16:00:00,16.0,2025-01-07,True,False
2025-01-07 20:00:00+00:00,8250.3,8250.8,8228.5,8245.5,2934,3,0.0,3.6666666666666665,True,2025-01-07 20:00:00,20.0,2025-01-07,False,False
2025-01-08 00:00:00+00:00,8245.8,8256.3,8237.6,8253.1,2926,4,0.0,5.0,True,2025-01-08 00:00:00,0.0,2025-01-08,False,False
2025-01-08 04:00:00+00:00,8253.5,8254.5,8235.8,8252.8,2248,4,0.0,4.0,True,2025-01-08 04:00:00,4.0,2025-01-08,False,False
2025-01-08 08:00:00+00:00,8252.0,8276.3,8223.0,8239.5,12653,4,1.0,0.5999999999994543,True,2025-01-08 08:00:00,8.0,2025-01-08,True,False
2025-01-08 12:00:00+00:00,8239.8,8254.5,8195.3,8252.5,15987,4,1.0,0.5999999999985448,True,2025-01-08 12:00:00,12.0,2025-01-08,True,False
2025-01-08 16:00:00+00:00,8252.8,8267.3,8236.5,8256.8,7454,4,0.25,1.0,True,2025-01-08 16:00:00,16.0,2025-01-08,True,False
2025-01-08 20:00:00+00:00,8256.5,8277.1,8252.1,8252.6,2883,3,0.0,3.6666666666666665,True,2025-01-08 20:00:00,20.0,2025-01-08,False,False
2025-01-09 00:00:00+00:00,8252.8,8263.2,8244.4,8258.0,3182,4,0.0,5.0,True,2025-01-09 00:00:00,0.0,2025-01-09,False,False
2025-01-09 04:00:00+00:00,8258.1,8283.8,8255.0,8258.0,2604,4,0.0,4.0,True,2025-01-09 04:00:00,4.0,2025-01-09,False,False
2025-01-09 08:00:00+00:00,8257.5,8314.5,8248.5,8301.0,10059,4,1.0,0.5999999999985448,True,2025-01-09 08:00:00,8.0,2025-01-09,True,False
2025-01-09 12:00:00+00:00,8302.0,8329.8,8302.0,8314.3,5797,4,1.0,0.5999999999994543,True,2025-01-09 12:00:00,12.0,2025-01-09,True,False
2025-01-09 16:00:00+00:00,8314.8,8333.3,8313.3,8325.0,1775,4,0.25,1.0,True,2025-01-09 16:00:00,16.0,2025-01-09,True,False
2025-01-09 20:00:00+00:00,8325.3,8326.5,8302.5,8314.1,2129,2,0.0,3.0,True,2025-01-09 20:00:00,20.0,2025-01-09,False,False
2025-01-10 00:00:00+00:00,8314.5,8317.5,8294.0,8312.5,4283,4,0.0,5.0,True,2025-01-10 00:00:00,0.0,2025-01-10,False,False
2025-01-10 04:00:00+00:00,8312.6,8324.6,8302.8,8311.3,2431,4,0.0,4.0,True,2025-01-10 04:00:00,4.0,2025-01-10,False,False
2025-01-10 08:00:00+00:00,8311.5,8331.5,8285.8,8288.5,8040,4,1.0,0.5999999999989996,True,2025-01-10 08:00:00,8.0,2025-01-10,True,False
2025-01-10 12:00:00+00:00,8288.3,8309.8,8258.8,8259.0,17838,4,1.0,0.5999999999985448,True,2025-01-10 12:00:00,12.0,2025-01-10,True,False
2025-01-10 16:00:00+00:00,8258.8,8290.5,8245.3,8274.3,8630,4,0.25,1.0,True,2025-01-10 16:00:00,16.0,2025-01-10,True,False
2025-01-10 20:00:00+00:00,8274.0,8274.0,8251.8,8260.0,1891,1,0.0,1.0,True,2025-01-10 20:00:00,20.0,2025-01-10,False,False
2025-01-12 23:00:00+00:00,8245.6,8265.4,8238.3,8253.8,1896,1,0.0,5.0,True,2025-01-12 23:00:00,23.0,2025-01-12,False,False
2025-01-13 00:00:00+00:00,8254.2,8266.4,8226.2,8235.0,6009,4,0.0,5.0,True,2025-01-13 00:00:00,0.0,2025-01-13,False,False
2025-01-13 04:00:00+00:00,8234.4,8246.3,8229.0,8236.5,2854,4,0.0,4.0,True,2025-01-13 04:00:00,4.0,2025-01-13,False,False
2025-01-13 08:00:00+00:00,8235.8,8243.5,8209.0,8222.5,11269,4,1.0,0.5999999999994543,True,2025-01-13 08:00:00,8.0,2025-01-13,True,False
2025-01-13 12:00:00+00:00,8223.0,8237.8,8191.5,8233.3,13078,4,1.0,0.599999999999909,True,2025-01-13 12:00:00,12.0,2025-01-13,True,False
2025-01-13 16:00:00+00:00,8233.5,8237.8,8207.3,8215.8,6694,4,0.25,1.0,True,2025-01-13 16:00:00,16.0,2025-01-13,True,False
2025-01-13 20:00:00+00:00,8215.5,8244.6,8211.8,8231.3,3314,3,0.0,3.6666666666666665,True,2025-01-13 20:00:00,20.0,2025-01-13,False,False
2025-01-14 00:00:00+00:00,8231.7,8237.0,8219.6,8227.7,3851,4,0.0,5.0,True,2025-01-14 00:00:00,0.0,2025-01-14,False,False
2025-01-14 04:00:00+00:00,8227.9,8237.5,8219.0,8219.5,2666,4,0.0,4.0,True,2025-01-14 04:00:00,4.0,2025-01-14,False,False
2025-01-14 08:00:00+00:00,8219.8,8245.5,8212.0,8230.5,10709,4,1.0,0.5999999999994543,True,2025-01-14 08:00:00,8.0,2025-01-14,True,False
2025-01-14 12:00:00+00:00,8230.0,8232.3,8200.5,8204.5,13431,4,1.0,0.5999999999994543,True,2025-01-14 12:00:00,12.0,2025-01-14,True,False
2025-01-14 16:00:00+00:00,8204.8,8222.8,8182.3,8206.8,7092,4,0.25,1.0,True,2025-01-14 16:00:00,16.0,2025-01-14,True,False
2025-01-14 20:00:00+00:00,8207.3,8234.4,8199.3,8220.0,3657,3,0.0,3.6666666666666665,True,2025-01-14 20:00:00,20.0,2025-01-14,False,False
2025-01-15 00:00:00+00:00,8219.7,8228.8,8217.2,8220.3,2020,4,0.0,5.0,True,2025-01-15 00:00:00,0.0,2025-01-15,False,False
2025-01-15 04:00:00+00:00,8220.7,8250.5,8215.6,8230.0,3284,4,0.0,4.0,True,2025-01-15 04:00:00,4.0,2025-01-15,False,False
2025-01-15 08:00:00+00:00,8230.5,8266.3,8230.0,8262.8,10024,4,1.0,0.6000000000003638,True,2025-01-15 08:00:00,8.0,2025-01-15,True,False
2025-01-15 12:00:00+00:00,8263.5,8303.5,8249.3,8293.8,15493,4,1.0,0.5999999999994543,True,2025-01-15 12:00:00,12.0,2025-01-15,True,False
2025-01-15 16:00:00+00:00,8293.3,8331.5,8293.3,8329.8,5120,4,0.25,1.0,True,2025-01-15 16:00:00,16.0,2025-01-15,True,False
2025-01-15 20:00:00+00:00,8330.0,8333.3,8312.0,8324.5,2007,3,0.0,3.6666666666666665,True,2025-01-15 20:00:00,20.0,2025-01-15,False,False
2025-01-16 00:00:00+00:00,8324.9,8334.3,8305.0,8306.0,2656,4,0.0,5.0,True,2025-01-16 00:00:00,0.0,2025-01-16,False,False
2025-01-16 04:00:00+00:00,8306.1,8344.3,8305.5,8341.5,3598,4,0.0,4.0,True,2025-01-16 04:00:00,4.0,2025-01-16,False,False
2025-01-16 08:00:00+00:00,8342.0,8377.3,8340.8,8356.0,11745,4,1.0,0.599999999999909,True,2025-01-16 08:00:00,8.0,2025-01-16,True,False
2025-01-16 12:00:00+00:00,8356.5,8384.8,8344.5,8368.8,11512,4,1.0,0.599999999999909,True,2025-01-16 12:00:00,12.0,2025-01-16,True,False
2025-01-16 16:00:00+00:00,8368.5,8422.8,8366.8,8419.3,5142,4,0.25,1.0,True,2025-01-16 16:00:00,16.0,2025-01-16,True,False
2025-01-16 20:00:00+00:00,8418.8,8424.8,8402.5,8420.0,2882,3,0.0,3.6666666666666665,True,2025-01-16 20:00:00,20.0,2025-01-16,False,False
2025-01-17 00:00:00+00:00,8419.7,8427.0,8412.3,8426.5,3099,4,0.0,5.0,True,2025-01-17 00:00:00,0.0,2025-01-17,False,False
2025-01-17 04:00:00+00:00,8426.6,8477.8,8420.6,8466.5,4031,4,0.0,4.0,True,2025-01-17 04:00:00,4.0,2025-01-17,False,False
2025-01-17 08:00:00+00:00,8467.0,8500.8,8453.3,8499.8,11769,4,1.0,0.6000000000003638,True,2025-01-17 08:00:00,8.0,2025-01-17,True,False
2025-01-17 12:00:00+00:00,8499.5,8534.3,8491.5,8512.8,10869,4,1.0,0.5999999999994543,True,2025-01-17 12:00:00,12.0,2025-01-17,True,False
2025-01-17 16:00:00+00:00,8512.5,8514.8,8491.3,8494.3,4202,4,0.25,1.0,True,2025-01-17 16:00:00,16.0,2025-01-17,True,False
2025-01-17 20:00:00+00:00,8494.0,8508.8,8490.5,8502.3,993,1,0.0,1.0,True,2025-01-17 20:00:00,20.0,2025-01-17,False,False
2025-01-19 23:00:00+00:00,8497.0,8498.6,8489.2,8497.2,1229,1,0.0,5.0,True,2025-01-19 23:00:00,23.0,2025-01-19,False,False
2025-01-20 00:00:00+00:00,8497.9,8501.7,8485.5,8497.5,3326,4,0.0,5.0,True,2025-01-20 00:00:00,0.0,2025-01-20,False,False
2025-01-20 04:00:00+00:00,8496.9,8500.2,8481.8,8497.0,1729,4,0.0,4.0,True,2025-01-20 04:00:00,4.0,2025-01-20,False,False
2025-01-20 08:00:00+00:00,8497.5,8532.0,8497.5,8511.5,7398,4,1.0,0.5999999999989996,True,2025-01-20 08:00:00,8.0,2025-01-20,True,False
2025-01-20 12:00:00+00:00,8511.3,8548.5,8508.8,8524.0,10757,4,1.0,0.5999999999989996,True,2025-01-20 12:00:00,12.0,2025-01-20,True,False
2025-01-20 16:00:00+00:00,8524.3,8527.3,8502.3,8513.5,3516,4,0.25,1.0,True,2025-01-20 16:00:00,16.0,2025-01-20,True,False
2025-01-20 20:00:00+00:00,8513.0,8528.2,8511.5,8526.8,1608,2,0.0,3.0,True,2025-01-20 20:00:00,20.0,2025-01-20,False,False
2025-01-21 00:00:00+00:00,8527.1,8532.3,8468.9,8524.1,9737,4,0.0,5.0,True,2025-01-21 00:00:00,0.0,2025-01-21,False,False
2025-01-21 04:00:00+00:00,8525.0,8529.8,8510.7,8524.8,3123,4,0.0,4.0,True,2025-01-21 04:00:00,4.0,2025-01-21,False,False
2025-01-21 08:00:00+00:00,8525.0,8542.5,8514.5,8519.8,7811,4,1.0,0.599999999999909,True,2025-01-21 08:00:00,8.0,2025-01-21,True,False
2025-01-21 12:00:00+00:00,8520.3,8545.8,8510.8,8531.8,10102,4,1.0,0.5999999999994543,True,2025-01-21 12:00:00,12.0,2025-01-21,True,False
2025-01-21 16:00:00+00:00,8532.0,8558.8,8529.5,8557.8,4605,4,0.25,1.0,True,2025-01-21 16:00:00,16.0,2025-01-21,True,False
2025-01-21 20:00:00+00:00,8557.5,8575.6,8556.3,8567.1,3021,3,0.0,3.6666666666666665,True,2025-01-21 20:00:00,20.0,2025-01-21,False,False
2025-01-22 00:00:00+00:00,8567.4,8573.8,8556.0,8559.2,2875,4,0.0,5.0,True,2025-01-22 00:00:00,0.0,2025-01-22,False,False
2025-01-22 04:00:00+00:00,8559.4,8563.6,8544.3,8546.8,2408,4,0.0,4.0,True,2025-01-22 04:00:00,4.0,2025-01-22,False,False
2025-01-22 08:00:00+00:00,8547.5,8582.8,8547.5,8569.8,8373,4,1.0,0.6000000000003638,True,2025-01-22 08:00:00,8.0,2025-01-22,True,False
2025-01-22 12:00:00+00:00,8570.0,8576.3,8528.3,8530.8,8736,4,1.0,0.599999999999909,True,2025-01-22 12:00:00,12.0,2025-01-22,True,False
2025-01-22 16:00:00+00:00,8531.0,8547.3,8520.8,8523.8,3806,4,0.25,1.0,True,2025-01-22 16:00:00,16.0,2025-01-22,True,False
2025-01-22 20:00:00+00:00,8524.3,8525.8,8506.4,8509.6,1720,3,0.0,3.6666666666666665,True,2025-01-22 20:00:00,20.0,2025-01-22,False,False
2025-01-23 00:00:00+00:00,8509.2,8517.5,8504.6,8513.3,2369,4,0.0,5.0,True,2025-01-23 00:00:00,0.0,2025-01-23,False,False
2025-01-23 04:00:00+00:00,8513.1,8526.5,8506.8,8524.0,1983,4,0.0,4.0,True,2025-01-23 04:00:00,4.0,2025-01-23,False,False
2025-01-23 08:00:00+00:00,8524.3,8546.3,8523.5,8533.0,7283,4,1.0,0.5999999999989996,True,2025-01-23 08:00:00,8.0,2025-01-23,True,False
2025-01-23 12:00:00+00:00,8533.3,8566.8,8528.8,8553.3,7241,4,1.0,0.5999999999994543,True,2025-01-23 12:00:00,12.0,2025-01-23,True,False
2025-01-23 16:00:00+00:00,8553.5,8565.3,8547.0,8551.0,4805,4,0.25,1.0,True,2025-01-23 16:00:00,16.0,2025-01-23,True,False
2025-01-23 20:00:00+00:00,8550.8,8562.0,8548.3,8554.0,1674,3,0.0,3.6666666666666665,True,2025-01-23 20:00:00,20.0,2025-01-23,False,False
2025-01-24 00:00:00+00:00,8554.3,8571.2,8551.5,8569.0,3228,4,0.0,5.0,True,2025-01-24 00:00:00,0.0,2025-01-24,False,False
2025-01-24 04:00:00+00:00,8568.8,8572.5,8564.3,8571.0,2567,4,0.0,4.0,True,2025-01-24 04:00:00,4.0,2025-01-24,False,False
2025-01-24 08:00:00+00:00,8570.8,8582.0,8520.8,8524.3,9278,4,1.0,0.599999999999909,True,2025-01-24 08:00:00,8.0,2025-01-24,True,False
2025-01-24 12:00:00+00:00,8524.0,8532.8,8482.3,8485.8,8893,4,1.0,0.6000000000003638,True,2025-01-24 12:00:00,12.0,2025-01-24,True,False
2025-01-24 16:00:00+00:00,8485.5,8493.8,8478.3,8482.0,3931,4,0.25,1.0,True,2025-01-24 16:00:00,16.0,2025-01-24,True,False
2025-01-24 20:00:00+00:00,8481.8,8486.3,8469.5,8475.5,748,1,0.0,1.0,True,2025-01-24 20:00:00,20.0,2025-01-24,False,False
2025-01-26 23:00:00+00:00,8449.7,8459.8,8448.3,8457.7,1392,1,0.0,5.0,True,2025-01-26 23:00:00,23.0,2025-01-26,False,False
2025-01-27 00:00:00+00:00,8457.4,8480.6,8443.8,8478.5,5053,4,0.0,5.0,True,2025-01-27 00:00:00,0.0,2025-01-27,False,False
2025-01-27 04:00:00+00:00,8478.8,8478.8,8419.3,8451.0,4873,4,0.0,4.0,True,2025-01-27 04:00:00,4.0,2025-01-27,False,False
2025-01-27 08:00:00+00:00,8451.8,8484.3,8450.8,8466.8,14246,4,1.0,0.5999999999994543,True,2025-01-27 08:00:00,8.0,2025-01-27,True,False
2025-01-27 12:00:00+00:00,8467.0,8505.8,8465.8,8496.3,11820,4,1.0,0.6000000000003638,True,2025-01-27 12:00:00,12.0,2025-01-27,True,False
2025-01-27 16:00:00+00:00,8496.8,8517.5,8483.3,8507.3,6399,4,0.25,1.0,True,2025-01-27 16:00:00,16.0,2025-01-27,True,False
2025-01-27 20:00:00+00:00,8507.5,8538.7,8498.8,8520.2,5859,3,0.0,3.6666666666666665,True,2025-01-27 20:00:00,20.0,2025-01-27,False,False
2025-01-28 00:00:00+00:00,8519.5,8521.7,8495.4,8510.7,6509,4,0.0,5.0,True,2025-01-28 00:00:00,0.0,2025-01-28,False,False
2025-01-28 04:00:00+00:00,8509.9,8518.4,8487.5,8503.3,3527,4,0.0,4.0,True,2025-01-28 04:00:00,4.0,2025-01-28,False,False
2025-01-28 08:00:00+00:00,8503.0,8546.8,8502.8,8541.8,9186,4,1.0,0.599999999999909,True,2025-01-28 08:00:00,8.0,2025-01-28,True,False
2025-01-28 12:00:00+00:00,8541.5,8563.3,8525.3,8536.0,8108,4,1.0,0.5999999999994543,True,2025-01-28 12:00:00,12.0,2025-01-28,True,False
2025-01-28 16:00:00+00:00,8536.3,8538.5,8508.3,8524.5,4452,4,0.25,1.0,True,2025-01-28 16:00:00,16.0,2025-01-28,True,False
2025-01-28 20:00:00+00:00,8524.0,8533.8,8519.2,8520.6,2125,3,0.0,3.6666666666666665,True,2025-01-28 20:00:00,20.0,2025-01-28,False,False
2025-01-29 00:00:00+00:00,8520.8,8539.5,8518.9,8526.5,2494,4,0.0,5.0,True,2025-01-29 00:00:00,0.0,2025-01-29,False,False
2025-01-29 04:00:00+00:00,8526.8,8539.3,8514.5,8521.0,2504,4,0.0,4.0,True,2025-01-29 04:00:00,4.0,2025-01-29,False,False
2025-01-29 08:00:00+00:00,8521.5,8552.3,8507.3,8549.3,7924,4,1.0,0.599999999999909,True,2025-01-29 08:00:00,8.0,2025-01-29,True,False
2025-01-29 12:00:00+00:00,8549.5,8573.3,8542.3,8550.3,6746,4,1.0,0.5999999999994543,True,2025-01-29 12:00:00,12.0,2025-01-29,True,False
2025-01-29 16:00:00+00:00,8550.5,8552.5,8505.8,8526.8,5928,4,0.25,1.0,True,2025-01-29 16:00:00,16.0,2025-01-29,True,False
2025-01-29 20:00:00+00:00,8526.3,8541.3,8495.0,8527.6,10132,3,0.0,3.6666666666666665,True,2025-01-29 20:00:00,20.0,2025-01-29,False,False
2025-01-30 00:00:00+00:00,8527.8,8548.1,8525.1,8540.8,2937,4,0.0,5.0,True,2025-01-30 00:00:00,0.0,2025-01-30,False,False
2025-01-30 04:00:00+00:00,8541.0,8547.5,8531.5,8540.0,1915,4,0.0,4.0,True,2025-01-30 04:00:00,4.0,2025-01-30,False,False
2025-01-30 08:00:00+00:00,8541.8,8584.8,8532.8,8582.3,6707,4,1.0,0.5999999999994543,True,2025-01-30 08:00:00,8.0,2025-01-30,True,False
2025-01-30 12:00:00+00:00,8583.0,8636.3,8576.8,8630.5,7803,4,1.0,0.5999999999989996,True,2025-01-30 12:00:00,12.0,2025-01-30,True,False
2025-01-30 16:00:00+00:00,8630.3,8670.3,8629.0,8665.3,3746,4,0.25,1.0,True,2025-01-30 16:00:00,16.0,2025-01-30,True,False
2025-01-30 20:00:00+00:00,8665.0,8669.3,8631.3,8663.5,7295,3,0.0,3.6666666666666665,True,2025-01-30 20:00:00,20.0,2025-01-30,False,False
2025-01-31 00:00:00+00:00,8663.7,8664.7,8640.7,8641.9,3917,4,0.0,5.0,True,2025-01-31 00:00:00,0.0,2025-01-31,False,False
2025-01-31 04:00:00+00:00,8642.0,8656.3,8641.0,8652.5,2296,4,0.0,4.0,True,2025-01-31 04:00:00,4.0,2025-01-31,False,False
2025-01-31 08:00:00+00:00,8652.8,8677.0,8646.8,8660.3,7143,4,1.0,0.5999999999994543,True,2025-01-31 08:00:00,8.0,2025-01-31,True,False
2025-01-31 12:00:00+00:00,8660.8,8672.8,8646.5,8653.5,7226,4,1.0,0.599999999999909,True,2025-01-31 12:00:00,12.0,2025-01-31,True,False
2025-01-31 16:00:00+00:00,8653.8,8669.3,8622.3,8629.0,7971,4,0.25,1.0,True,2025-01-31 16:00:00,16.0,2025-01-31,True,False
2025-01-31 20:00:00+00:00,8628.8,8628.8,8613.8,8620.0,2457,1,0.0,1.0,True,2025-01-31 20:00:00,20.0,2025-01-31,False,False
2025-02-02 23:00:00+00:00,8553.2,8610.5,8549.9,8601.6,5133,1,0.0,5.0,True,2025-02-02 23:00:00,23.0,2025-02-02,False,False
2025-02-03 00:00:00+00:00,8602.0,8611.0,8512.0,8556.0,12126,4,0.0,5.0,True,2025-02-03 00:00:00,0.0,2025-02-03,False,False
2025-02-03 04:00:00+00:00,8556.1,8560.8,8532.0,8543.8,6257,4,0.0,4.0,True,2025-02-03 04:00:00,4.0,2025-02-03,False,False
2025-02-03 08:00:00+00:00,8547.8,8567.5,8526.3,8542.5,12249,4,1.0,0.5999999999985448,True,2025-02-03 08:00:00,8.0,2025-02-03,True,False
2025-02-03 12:00:00+00:00,8542.0,8570.5,8489.5,8554.3,15766,4,1.0,0.599999999999909,True,2025-02-03 12:00:00,12.0,2025-02-03,True,False
2025-02-03 16:00:00+00:00,8554.5,8571.5,8529.7,8556.7,26687,4,0.25,1.0,True,2025-02-03 16:00:00,16.0,2025-02-03,True,False
2025-02-03 20:00:00+00:00,8557.0,8590.3,8525.6,8562.8,15655,3,0.0,3.6666666666666665,True,2025-02-03 20:00:00,20.0,2025-02-03,False,False
2025-02-04 00:00:00+00:00,8562.6,8567.0,8539.0,8556.7,6446,4,0.0,5.0,True,2025-02-04 00:00:00,0.0,2025-02-04,False,False
2025-02-04 04:00:00+00:00,8557.0,8560.5,8517.0,8534.3,9567,4,0.0,4.0,True,2025-02-04 04:00:00,4.0,2025-02-04,False,False
2025-02-04 08:00:00+00:00,8534.0,8554.5,8502.2,8542.0,21936,4,1.0,0.599999999999909,True,2025-02-04 08:00:00,8.0,2025-02-04,True,False
2025-02-04 12:00:00+00:00,8542.2,8561.8,8527.0,8536.0,22209,4,1.0,0.5999999999989996,True,2025-02-04 12:00:00,12.0,2025-02-04,True,False
2025-02-04 16:00:00+00:00,8536.3,8554.8,8526.7,8533.5,12105,4,0.25,1.0,True,2025-02-04 16:00:00,16.0,2025-02-04,True,False
2025-02-04 20:00:00+00:00,8533.8,8539.4,8503.0,8515.1,10805,3,0.0,3.6666666666666665,True,2025-02-04 20:00:00,20.0,2025-02-04,False,False
2025-02-05 00:00:00+00:00,8515.4,8546.0,8511.7,8532.8,6180,4,0.0,5.0,True,2025-02-05 00:00:00,0.0,2025-02-05,False,False
2025-02-05 04:00:00+00:00,8533.0,8535.3,8516.9,8524.5,4339,4,0.0,4.0,True,2025-02-05 04:00:00,4.0,2025-02-05,False,False
2025-02-05 08:00:00+00:00,8525.0,8565.3,8524.8,8564.0,16736,4,1.0,0.5999999999994543,True,2025-02-05 08:00:00,8.0,2025-02-05,True,False
2025-02-05 12:00:00+00:00,8563.7,8591.8,8555.2,8590.7,18401,4,1.0,0.6000000000003638,True,2025-02-05 12:00:00,12.0,2025-02-05,True,False
2025-02-05 16:00:00+00:00,8590.5,8634.8,8583.7,8626.2,9660,4,0.25,1.0,True,2025-02-05 16:00:00,16.0,2025-02-05,True,False
2025-02-05 20:00:00+00:00,8626.0,8642.5,8626.0,8637.0,4845,3,0.0,3.6666666666666665,True,2025-02-05 20:00:00,20.0,2025-02-05,False,False
2025-02-06 00:00:00+00:00,8636.5,8651.0,8636.5,8646.5,3599,4,0.0,5.0,True,2025-02-06 00:00:00,0.0,2025-02-06,False,False
2025-02-06 04:00:00+00:00,8646.7,8672.0,8643.2,8655.0,3410,4,0.0,4.0,True,2025-02-06 04:00:00,4.0,2025-02-06,False,False
2025-02-06 08:00:00+00:00,8655.5,8715.2,8652.0,8693.0,16483,4,1.0,0.5999999999994543,True,2025-02-06 08:00:00,8.0,2025-02-06,True,False
2025-02-06 12:00:00+00:00,8692.8,8745.0,8692.0,8713.0,28268,4,1.0,0.5999999999989996,True,2025-02-06 12:00:00,12.0,2025-02-06,True,False
2025-02-06 16:00:00+00:00,8712.7,8717.3,8666.7,8674.7,11831,4,0.25,1.0,True,2025-02-06 16:00:00,16.0,2025-02-06,True,False
2025-02-06 20:00:00+00:00,8674.5,8688.3,8652.5,8683.8,10563,3,0.0,3.6666666666666665,True,2025-02-06 20:00:00,20.0,2025-02-06,False,False
2025-02-07 00:00:00+00:00,8683.5,8688.2,8677.3,8683.8,4039,4,0.0,5.0,True,2025-02-07 00:00:00,0.0,2025-02-07,False,False
2025-02-07 04:00:00+00:00,8683.3,8693.0,8677.5,8680.0,3996,4,0.0,4.0,True,2025-02-07 04:00:00,4.0,2025-02-07,False,False
2025-02-07 08:00:00+00:00,8680.3,8706.7,8672.8,8674.3,14624,4,1.0,0.599999999999909,True,2025-02-07 08:00:00,8.0,2025-02-07,True,False
2025-02-07 12:00:00+00:00,8673.7,8694.0,8661.7,8671.3,22626,4,1.0,0.599999999999909,True,2025-02-07 12:00:00,12.0,2025-02-07,True,False
2025-02-07 16:00:00+00:00,8671.5,8683.5,8659.2,8666.3,19174,4,0.25,1.0,True,2025-02-07 16:00:00,16.0,2025-02-07,True,False
2025-02-07 20:00:00+00:00,8666.0,8668.7,8657.2,8661.5,2889,1,0.0,1.0,True,2025-02-07 20:00:00,20.0,2025-02-07,False,False
2025-02-09 23:00:00+00:00,8659.5,8682.4,8658.0,8681.1,4089,1,0.0,5.0,True,2025-02-09 23:00:00,23.0,2025-02-09,False,False
2025-02-10 00:00:00+00:00,8681.0,8689.0,8672.0,8681.5,6513,4,0.0,5.0,True,2025-02-10 00:00:00,0.0,2025-02-10,False,False
2025-02-10 04:00:00+00:00,8681.3,8687.5,8674.2,8683.7,3679,4,0.0,4.0,True,2025-02-10 04:00:00,4.0,2025-02-10,False,False
2025-02-10 08:00:00+00:00,8684.0,8728.3,8684.0,8725.7,14709,4,1.0,0.5999999999994543,True,2025-02-10 08:00:00,8.0,2025-02-10,True,False
2025-02-10 12:00:00+00:00,8725.5,8760.8,8721.2,8754.8,13206,4,1.0,0.6000000000003638,True,2025-02-10 12:00:00,12.0,2025-02-10,True,False
2025-02-10 16:00:00+00:00,8755.0,8755.8,8735.0,8749.5,8647,4,0.25,1.0,True,2025-02-10 16:00:00,16.0,2025-02-10,True,False
2025-02-10 20:00:00+00:00,8749.2,8756.0,8744.8,8750.8,4487,3,0.0,3.6666666666666665,True,2025-02-10 20:00:00,20.0,2025-02-10,False,False
2025-02-11 00:00:00+00:00,8750.7,8760.0,8741.5,8748.0,4664,4,0.0,5.0,True,2025-02-11 00:00:00,0.0,2025-02-11,False,False
2025-02-11 04:00:00+00:00,8748.3,8749.8,8739.2,8748.0,3496,4,0.0,4.0,True,2025-02-11 04:00:00,4.0,2025-02-11,False,False
2025-02-11 08:00:00+00:00,8748.8,8764.0,8730.7,8747.5,13550,4,1.0,0.5999999999985448,True,2025-02-11 08:00:00,8.0,2025-02-11,True,False
2025-02-11 12:00:00+00:00,8747.3,8756.3,8721.7,8754.8,16881,4,1.0,0.599999999999909,True,2025-02-11 12:00:00,12.0,2025-02-11,True,False
2025-02-11 16:00:00+00:00,8755.0,8761.3,8741.7,8759.2,9415,4,0.25,1.0,True,2025-02-11 16:00:00,16.0,2025-02-11,True,False
2025-02-11 20:00:00+00:00,8759.5,8761.3,8748.0,8754.8,4014,3,0.0,3.6666666666666665,True,2025-02-11 20:00:00,20.0,2025-02-11,False,False
2025-02-12 00:00:00+00:00,8754.5,8758.7,8748.2,8755.3,4103,4,0.0,5.0,True,2025-02-12 00:00:00,0.0,2025-02-12,False,False
2025-02-12 04:00:00+00:00,8755.0,8759.5,8751.2,8752.8,3279,4,0.0,4.0,True,2025-02-12 04:00:00,4.0,2025-02-12,False,False
2025-02-12 08:00:00+00:00,8753.5,8763.7,8746.5,8752.5,12241,4,1.0,0.5999999999985448,True,2025-02-12 08:00:00,8.0,2025-02-12,True,False
2025-02-12 12:00:00+00:00,8753.5,8776.7,8729.7,8775.0,23033,4,1.0,0.5999999999994543,True,2025-02-12 12:00:00,12.0,2025-02-12,True,False
2025-02-12 16:00:00+00:00,8775.3,8802.8,8772.3,8800.2,13485,4,0.25,1.0,True,2025-02-12 16:00:00,16.0,2025-02-12,True,False
2025-02-12 20:00:00+00:00,8800.5,8809.0,8793.5,8807.4,5922,3,0.0,3.6666666666666665,True,2025-02-12 20:00:00,20.0,2025-02-12,False,False
2025-02-13 00:00:00+00:00,8807.2,8817.3,8790.5,8792.5,4417,4,0.0,5.0,True,2025-02-13 00:00:00,0.0,2025-02-13,False,False
2025-02-13 04:00:00+00:00,8792.3,8798.3,8777.0,8780.5,5883,4,0.0,4.0,True,2025-02-13 04:00:00,4.0,2025-02-13,False,False
2025-02-13 08:00:00+00:00,8780.7,8781.0,8705.2,8729.7,26411,4,1.0,0.599999999999909,True,2025-02-13 08:00:00,8.0,2025-02-13,True,False
2025-02-13 12:00:00+00:00,8730.3,8745.8,8712.0,8735.0,23192,4,1.0,0.5999999999989996,True,2025-02-13 12:00:00,12.0,2025-02-13,True,False
2025-02-13 16:00:00+00:00,8734.8,8746.3,8725.0,8732.5,15840,4,0.25,1.0,True,2025-02-13 16:00:00,16.0,2025-02-13,True,False
2025-02-13 20:00:00+00:00,8732.3,8740.3,8728.7,8736.0,4707,3,0.0,3.6666666666666665,True,2025-02-13 20:00:00,20.0,2025-02-13,False,False
2025-02-14 00:00:00+00:00,8736.2,8740.0,8729.5,8735.3,4641,4,0.0,5.0,True,2025-02-14 00:00:00,0.0,2025-02-14,False,False
2025-02-14 04:00:00+00:00,8735.0,8742.5,8731.5,8738.0,3425,4,0.0,4.0,True,2025-02-14 04:00:00,4.0,2025-02-14,False,False
2025-02-14 08:00:00+00:00,8738.5,8740.5,8702.8,8725.2,17398,4,1.0,0.599999999999909,True,2025-02-14 08:00:00,8.0,2025-02-14,True,False
2025-02-14 12:00:00+00:00,8725.0,8730.2,8693.2,8698.7,18728,4,1.0,0.599999999999909,True,2025-02-14 12:00:00,12.0,2025-02-14,True,False
2025-02-14 16:00:00+00:00,8699.3,8706.5,8684.7,8689.0,9445,4,0.25,1.0,True,2025-02-14 16:00:00,16.0,2025-02-14,True,False
2025-02-14 20:00:00+00:00,8688.7,8690.5,8675.2,8681.3,2080,1,0.0,1.0,True,2025-02-14 20:00:00,20.0,2025-02-14,False,False
2025-02-16 23:00:00+00:00,8685.2,8687.5,8681.5,8685.0,1098,1,0.0,5.0,True,2025-02-16 23:00:00,23.0,2025-02-16,False,False
2025-02-17 00:00:00+00:00,8684.5,8694.5,8676.5,8694.5,5172,4,0.0,5.0,True,2025-02-17 00:00:00,0.0,2025-02-17,False,False
2025-02-17 04:00:00+00:00,8694.3,8703.5,8690.3,8700.3,3106,4,0.0,4.0,True,2025-02-17 04:00:00,4.0,2025-02-17,False,False
2025-02-17 08:00:00+00:00,8701.0,8728.7,8700.2,8721.8,13309,4,1.0,0.5999999999994543,True,2025-02-17 08:00:00,8.0,2025-02-17,True,False
2025-02-17 12:00:00+00:00,8722.0,8736.3,8719.2,8729.7,8459,4,1.0,0.5999999999994543,True,2025-02-17 12:00:00,12.0,2025-02-17,True,False
2025-02-17 16:00:00+00:00,8729.8,8755.8,8725.7,8743.8,4273,4,0.25,1.0,True,2025-02-17 16:00:00,16.0,2025-02-17,True,False
2025-02-17 20:00:00+00:00,8743.5,8751.9,8736.6,8740.9,1424,2,0.0,3.0,True,2025-02-17 20:00:00,20.0,2025-02-17,False,False
2025-02-18 00:00:00+00:00,8740.7,8746.2,8731.2,8742.7,4552,4,0.0,5.0,True,2025-02-18 00:00:00,0.0,2025-02-18,False,False
2025-02-18 04:00:00+00:00,8742.5,8755.5,8730.7,8751.0,4433,4,0.0,4.0,True,2025-02-18 04:00:00,4.0,2025-02-18,False,False
2025-02-18 08:00:00+00:00,8751.2,8760.2,8728.2,8750.3,14758,4,1.0,0.5999999999994543,True,2025-02-18 08:00:00,8.0,2025-02-18,True,False
2025-02-18 12:00:00+00:00,8751.0,8759.3,8729.2,8755.8,16468,4,1.0,0.5999999999994543,True,2025-02-18 12:00:00,12.0,2025-02-18,True,False
2025-02-18 16:00:00+00:00,8755.3,8755.8,8731.8,8737.3,8027,4,0.25,1.0,True,2025-02-18 16:00:00,16.0,2025-02-18,True,False
2025-02-18 20:00:00+00:00,8737.5,8749.6,8727.0,8739.9,3934,3,0.0,3.6666666666666665,True,2025-02-18 20:00:00,20.0,2025-02-18,False,False
2025-02-19 00:00:00+00:00,8739.7,8746.0,8729.0,8735.5,4993,4,0.0,5.0,True,2025-02-19 00:00:00,0.0,2025-02-19,False,False
2025-02-19 04:00:00+00:00,8735.2,8746.3,8716.0,8735.0,4709,4,0.0,4.0,True,2025-02-19 04:00:00,4.0,2025-02-19,False,False
2025-02-19 08:00:00+00:00,8735.3,8742.3,8688.7,8696.2,21534,4,1.0,0.5999999999989996,True,2025-02-19 08:00:00,8.0,2025-02-19,True,False
2025-02-19 12:00:00+00:00,8695.8,8707.8,8664.2,8671.0,21067,4,1.0,0.5999999999994543,True,2025-02-19 12:00:00,12.0,2025-02-19,True,False
2025-02-19 16:00:00+00:00,8670.8,8690.8,8664.0,8685.0,9872,4,0.25,1.0,True,2025-02-19 16:00:00,16.0,2025-02-19,True,False
2025-02-19 20:00:00+00:00,8685.3,8692.8,8679.2,8681.8,4146,3,0.0,3.6666666666666665,True,2025-02-19 20:00:00,20.0,2025-02-19,False,False
2025-02-20 00:00:00+00:00,8681.5,8690.7,8671.0,8682.0,6047,4,0.0,5.0,True,2025-02-20 00:00:00,0.0,2025-02-20,False,False
2025-02-20 04:00:00+00:00,8681.7,8694.3,8679.5,8681.0,4782,4,0.0,4.0,True,2025-02-20 04:00:00,4.0,2025-02-20,False,False
2025-02-20 08:00:00+00:00,8681.2,8687.3,8659.2,8659.5,17844,4,1.0,0.5999999999989996,True,2025-02-20 08:00:00,8.0,2025-02-20,True,False
2025-02-20 12:00:00+00:00,8660.0,8673.5,8636.5,8639.7,21529,4,1.0,0.5999999999989996,True,2025-02-20 12:00:00,12.0,2025-02-20,True,False
2025-02-20 16:00:00+00:00,8640.3,8652.3,8632.5,8650.8,12056,4,0.25,1.0,True,2025-02-20 16:00:00,16.0,2025-02-20,True,False
2025-02-20 20:00:00+00:00,8650.2,8652.3,8638.5,8644.8,4386,3,0.0,3.6666666666666665,True,2025-02-20 20:00:00,20.0,2025-02-20,False,False
2025-02-21 00:00:00+00:00,8644.2,8648.8,8633.3,8634.5,5506,4,0.0,5.0,True,2025-02-21 00:00:00,0.0,2025-02-21,False,False
2025-02-21 04:00:00+00:00,8634.8,8642.7,8631.3,8634.0,4951,4,0.0,4.0,True,2025-02-21 04:00:00,4.0,2025-02-21,False,False
2025-02-21 08:00:00+00:00,8634.5,8669.8,8629.7,8656.5,18499,4,1.0,0.5999999999989996,True,2025-02-21 08:00:00,8.0,2025-02-21,True,False
2025-02-21 12:00:00+00:00,8656.3,8661.8,8626.0,8646.3,20954,4,1.0,0.599999999999909,True,2025-02-21 12:00:00,12.0,2025-02-21,True,False
2025-02-21 16:00:00+00:00,8646.2,8655.3,8596.7,8607.0,18317,4,0.25,1.0,True,2025-02-21 16:00:00,16.0,2025-02-21,True,False
2025-02-21 20:00:00+00:00,8606.7,8620.5,8603.0,8615.5,4906,1,0.0,1.0,True,2025-02-21 20:00:00,20.0,2025-02-21,False,False
2025-02-23 23:00:00+00:00,8625.1,8638.2,8624.1,8636.0,2259,1,0.0,5.0,True,2025-02-23 23:00:00,23.0,2025-02-23,False,False
2025-02-24 00:00:00+00:00,8636.3,8666.0,8628.5,8655.5,10108,4,0.0,5.0,True,2025-02-24 00:00:00,0.0,2025-02-24,False,False
2025-02-24 04:00:00+00:00,8655.0,8662.5,8639.0,8640.5,6862,4,0.0,4.0,True,2025-02-24 04:00:00,4.0,2025-02-24,False,False
2025-02-24 08:00:00+00:00,8641.5,8672.8,8636.7,8650.2,22658,4,1.0,0.5999999999989996,True,2025-02-24 08:00:00,8.0,2025-02-24,True,False
2025-02-24 12:00:00+00:00,8650.5,8650.5,8596.7,8619.5,27751,4,1.0,0.599999999999909,True,2025-02-24 12:00:00,12.0,2025-02-24,True,False
2025-02-24 16:00:00+00:00,8619.8,8647.3,8618.7,8636.0,15641,4,0.25,1.0,True,2025-02-24 16:00:00,16.0,2025-02-24,True,False
2025-02-24 20:00:00+00:00,8636.3,8636.3,8611.6,8615.6,8663,3,0.0,3.6666666666666665,True,2025-02-24 20:00:00,20.0,2025-02-24,False,False
2025-02-25 00:00:00+00:00,8615.9,8644.8,8615.6,8639.0,7205,4,0.0,5.0,True,2025-02-25 00:00:00,0.0,2025-02-25,False,False
2025-02-25 04:00:00+00:00,8638.7,8643.7,8612.2,8613.5,6088,4,0.0,4.0,True,2025-02-25 04:00:00,4.0,2025-02-25,False,False
2025-02-25 08:00:00+00:00,8613.8,8684.3,8610.7,8673.0,21473,4,1.0,0.5999999999994543,True,2025-02-25 08:00:00,8.0,2025-02-25,True,False
2025-02-25 12:00:00+00:00,8673.0,8695.3,8632.2,8654.2,28465,4,1.0,0.5999999999989996,True,2025-02-25 12:00:00,12.0,2025-02-25,True,False
2025-02-25 16:00:00+00:00,8654.5,8681.7,8642.0,8679.0,21846,4,0.25,1.0,True,2025-02-25 16:00:00,16.0,2025-02-25,True,False
2025-02-25 20:00:00+00:00,8678.5,8692.0,8673.7,8689.7,10018,3,0.0,3.6666666666666665,True,2025-02-25 20:00:00,20.0,2025-02-25,False,False
2025-02-26 00:00:00+00:00,8689.5,8693.0,8682.5,8685.5,7121,4,0.0,5.0,True,2025-02-26 00:00:00,0.0,2025-02-26,False,False
2025-02-26 04:00:00+00:00,8685.2,8719.5,8683.5,8689.2,5866,4,0.0,4.0,True,2025-02-26 04:00:00,4.0,2025-02-26,False,False
2025-02-26 08:00:00+00:00,8691.7,8721.3,8682.3,8700.7,19859,4,1.0,0.5999999999994543,True,2025-02-26 08:00:00,8.0,2025-02-26,True,False
2025-02-26 12:00:00+00:00,8701.0,8716.3,8685.5,8714.5,18550,4,1.0,0.5999999999985448,True,2025-02-26 12:00:00,12.0,2025-02-26,True,False
2025-02-26 16:00:00+00:00,8715.0,8722.3,8662.5,8674.3,18667,4,0.25,1.0,True,2025-02-26 16:00:00,16.0,2025-02-26,True,False
2025-02-26 20:00:00+00:00,8674.2,8706.5,8671.6,8695.9,16247,3,0.0,3.6666666666666665,True,2025-02-26 20:00:00,20.0,2025-02-26,False,False
2025-02-27 00:00:00+00:00,8695.6,8730.3,8683.9,8701.0,13179,4,0.0,5.0,True,2025-02-27 00:00:00,0.0,2025-02-27,False,False
2025-02-27 04:00:00+00:00,8700.8,8713.5,8689.5,8692.5,5493,4,0.0,4.0,True,2025-02-27 04:00:00,4.0,2025-02-27,False,False
2025-02-27 08:00:00+00:00,8692.8,8758.5,8688.5,8750.0,24465,4,1.0,0.599999999999909,True,2025-02-27 08:00:00,8.0,2025-02-27,True,False
2025-02-27 12:00:00+00:00,8749.8,8757.0,8697.0,8743.0,31943,4,1.0,0.599999999999909,True,2025-02-27 12:00:00,12.0,2025-02-27,True,False
2025-02-27 16:00:00+00:00,8743.3,8772.8,8721.0,8730.3,21306,4,0.25,1.0,True,2025-02-27 16:00:00,16.0,2025-02-27,True,False
2025-02-27 20:00:00+00:00,8730.5,8733.3,8714.2,8731.0,15458,3,0.0,3.6666666666666665,True,2025-02-27 20:00:00,20.0,2025-02-27,False,False
2025-02-28 00:00:00+00:00,8730.7,8733.0,8684.0,8686.3,12316,4,0.0,5.0,True,2025-02-28 00:00:00,0.0,2025-02-28,False,False
2025-02-28 04:00:00+00:00,8686.5,8695.0,8667.0,8692.0,10610,4,0.0,4.0,True,2025-02-28 04:00:00,4.0,2025-02-28,False,False
2025-02-28 08:00:00+00:00,8691.7,8775.0,8689.0,8773.5,21519,4,1.0,0.5999999999985448,True,2025-02-28 08:00:00,8.0,2025-02-28,True,False
2025-02-28 12:00:00+00:00,8773.2,8800.8,8760.2,8795.0,26271,4,1.0,0.5999999999994543,True,2025-02-28 12:00:00,12.0,2025-02-28,True,False
2025-02-28 16:00:00+00:00,8795.3,8806.3,8752.5,8783.5,29967,4,0.25,1.0,True,2025-02-28 16:00:00,16.0,2025-02-28,True,False
2025-02-28 20:00:00+00:00,8783.7,8828.3,8782.7,8821.3,6651,1,0.0,1.0,True,2025-02-28 20:00:00,20.0,2025-02-28,False,False
2025-03-02 23:00:00+00:00,8839.0,8851.4,8836.6,8840.5,3071,1,0.0,5.0,True,2025-03-02 23:00:00,23.0,2025-03-02,False,False
2025-03-03 00:00:00+00:00,8840.8,8841.7,8815.7,8833.3,9712,4,0.0,5.0,True,2025-03-03 00:00:00,0.0,2025-03-03,False,False
2025-03-03 04:00:00+00:00,8833.0,8848.5,8823.0,8826.8,5572,4,0.0,4.0,True,2025-03-03 04:00:00,4.0,2025-03-03,False,False
2025-03-03 08:00:00+00:00,8827.0,8862.3,8810.0,8860.2,17054,4,1.0,0.5999999999994543,True,2025-03-03 08:00:00,8.0,2025-03-03,True,False
2025-03-03 12:00:00+00:00,8859.5,8896.3,8856.2,8893.8,23225,4,1.0,0.599999999999909,True,2025-03-03 12:00:00,12.0,2025-03-03,True,False
2025-03-03 16:00:00+00:00,8894.5,8897.7,8813.3,8813.5,19572,4,0.25,1.0,True,2025-03-03 16:00:00,16.0,2025-03-03,True,False
2025-03-03 20:00:00+00:00,8813.3,8837.1,8780.0,8822.6,13336,3,0.0,3.6666666666666665,True,2025-03-03 20:00:00,20.0,2025-03-03,False,False
2025-03-04 00:00:00+00:00,8822.9,8834.7,8806.5,8813.0,8694,4,0.0,5.0,True,2025-03-04 00:00:00,0.0,2025-03-04,False,False
2025-03-04 04:00:00+00:00,8812.8,8822.2,8802.5,8804.2,7108,4,0.0,4.0,True,2025-03-04 04:00:00,4.0,2025-03-04,False,False
2025-03-04 08:00:00+00:00,8804.0,8840.3,8790.5,8816.3,22376,4,1.0,0.5999999999989996,True,2025-03-04 08:00:00,8.0,2025-03-04,True,False
2025-03-04 12:00:00+00:00,8816.5,8821.3,8741.7,8758.5,49381,4,1.0,0.5999999999994543,True,2025-03-04 12:00:00,12.0,2025-03-04,True,False
2025-03-04 16:00:00+00:00,8758.8,8848.8,8730.7,8844.5,42946,4,0.25,1.0,True,2025-03-04 16:00:00,16.0,2025-03-04,True,False
2025-03-04 20:00:00+00:00,8844.3,8857.0,8777.3,8821.6,28110,3,0.0,3.6666666666666665,True,2025-03-04 20:00:00,20.0,2025-03-04,False,False
2025-03-05 00:00:00+00:00,8821.5,8833.1,8783.7,8797.7,18875,4,0.0,5.0,True,2025-03-05 00:00:00,0.0,2025-03-05,False,False
2025-03-05 04:00:00+00:00,8797.5,8816.2,8774.5,8776.5,8913,4,0.0,4.0,True,2025-03-05 04:00:00,4.0,2025-03-05,False,False
2025-03-05 08:00:00+00:00,8777.2,8822.5,8771.2,8779.7,32332,4,1.0,0.5999999999989996,True,2025-03-05 08:00:00,8.0,2025-03-05,True,False
2025-03-05 12:00:00+00:00,8780.0,8797.5,8747.7,8757.3,35870,4,1.0,0.599999999999909,True,2025-03-05 12:00:00,12.0,2025-03-05,True,False
2025-03-05 16:00:00+00:00,8757.0,8815.5,8729.2,8804.5,32834,4,0.25,1.0,True,2025-03-05 16:00:00,16.0,2025-03-05,True,False
2025-03-05 20:00:00+00:00,8804.3,8815.5,8763.6,8768.6,14355,3,0.0,3.6666666666666665,True,2025-03-05 20:00:00,20.0,2025-03-05,False,False
2025-03-06 00:00:00+00:00,8768.1,8793.5,8755.9,8792.0,8178,4,0.0,5.0,True,2025-03-06 00:00:00,0.0,2025-03-06,False,False
2025-03-06 04:00:00+00:00,8792.3,8809.3,8742.8,8774.2,5492,4,0.0,4.0,True,2025-03-06 04:00:00,4.0,2025-03-06,False,False
2025-03-06 08:00:00+00:00,8775.0,8776.5,8654.7,8687.0,37179,4,1.0,0.5999999999985448,True,2025-03-06 08:00:00,8.0,2025-03-06,True,False
2025-03-06 12:00:00+00:00,8687.3,8705.8,8659.7,8702.3,38803,4,1.0,0.5999999999994543,True,2025-03-06 12:00:00,12.0,2025-03-06,True,False
2025-03-06 16:00:00+00:00,8703.0,8714.8,8638.0,8653.0,40268,4,0.25,1.0,True,2025-03-06 16:00:00,16.0,2025-03-06,True,False
2025-03-06 20:00:00+00:00,8652.7,8681.5,8649.5,8665.9,18670,3,0.0,3.6666666666666665,True,2025-03-06 20:00:00,20.0,2025-03-06,False,False
2025-03-07 00:00:00+00:00,8666.1,8683.8,8647.6,8671.5,10946,4,0.0,5.0,True,2025-03-07 00:00:00,0.0,2025-03-07,False,False
2025-03-07 04:00:00+00:00,8671.7,8677.8,8648.0,8658.0,8359,4,0.0,4.0,True,2025-03-07 04:00:00,4.0,2025-03-07,False,False
2025-03-07 08:00:00+00:00,8659.2,8676.0,8634.2,8650.5,25496,4,1.0,0.5999999999985448,True,2025-03-07 08:00:00,8.0,2025-03-07,True,False
2025-03-07 12:00:00+00:00,8650.3,8714.5,8641.5,8704.5,41398,4,1.0,0.5999999999989996,True,2025-03-07 12:00:00,12.0,2025-03-07,True,False
2025-03-07 16:00:00+00:00,8704.8,8759.5,8670.7,8738.5,40666,4,0.25,1.0,True,2025-03-07 16:00:00,16.0,2025-03-07,True,False
2025-03-07 20:00:00+00:00,8738.0,8759.5,8724.5,8753.3,8771,1,0.0,1.0,True,2025-03-07 20:00:00,20.0,2025-03-07,False,False
2025-03-09 22:00:00+00:00,8718.3,8719.9,8686.0,8709.9,13367,2,0.0,5.0,True,2025-03-09 22:00:00,22.0,2025-03-09,False,False
2025-03-10 00:00:00+00:00,8709.6,8737.0,8702.7,8727.5,12421,4,0.0,5.0,True,2025-03-10 00:00:00,0.0,2025-03-10,False,False
2025-03-10 04:00:00+00:00,8727.3,8731.3,8692.7,8700.5,6607,4,0.0,4.0,True,2025-03-10 04:00:00,4.0,2025-03-10,False,False
2025-03-10 08:00:00+00:00,8699.7,8714.7,8632.5,8656.7,42749,4,1.0,0.599999999999909,True,2025-03-10 08:00:00,8.0,2025-03-10,True,False
2025-03-10 12:00:00+00:00,8657.2,8660.8,8606.5,8614.2,48113,4,1.0,0.5999999999994543,True,2025-03-10 12:00:00,12.0,2025-03-10,True,False
2025-03-10 16:00:00+00:00,8614.0,8619.3,8538.8,8596.5,43155,4,0.25,1.0,True,2025-03-10 16:00:00,16.0,2025-03-10,True,False
2025-03-10 20:00:00+00:00,8596.2,8612.0,8567.4,8587.4,16944,3,0.0,3.6666666666666665,True,2025-03-10 20:00:00,20.0,2025-03-10,False,False
2025-03-11 00:00:00+00:00,8587.6,8621.0,8545.3,8619.0,22537,4,0.0,5.0,True,2025-03-11 00:00:00,0.0,2025-03-11,False,False
2025-03-11 04:00:00+00:00,8618.8,8639.0,8614.0,8625.7,10096,4,0.0,4.0,True,2025-03-11 04:00:00,4.0,2025-03-11,False,False
2025-03-11 08:00:00+00:00,8627.0,8627.8,8577.2,8586.0,34110,4,1.0,0.5999999999989996,True,2025-03-11 08:00:00,8.0,2025-03-11,True,False
2025-03-11 12:00:00+00:00,8585.5,8587.0,8486.7,8507.5,66434,4,1.0,0.5999999999985448,True,2025-03-11 12:00:00,12.0,2025-03-11,True,False
2025-03-11 16:00:00+00:00,8507.7,8553.0,8469.7,8520.5,52896,4,0.25,1.0,True,2025-03-11 16:00:00,16.0,2025-03-11,True,False
2025-03-11 20:00:00+00:00,8520.7,8532.6,8512.5,8525.5,8235,3,0.0,3.6666666666666665,True,2025-03-11 20:00:00,20.0,2025-03-11,False,False
2025-03-12 00:00:00+00:00,8526.0,8535.5,8513.0,8520.3,13748,4,0.0,5.0,True,2025-03-12 00:00:00,0.0,2025-03-12,False,False
2025-03-12 04:00:00+00:00,8520.0,8539.8,8508.5,8529.0,7693,4,0.0,4.0,True,2025-03-12 04:00:00,4.0,2025-03-12,False,False
2025-03-12 08:00:00+00:00,8528.8,8564.3,8507.7,8553.5,29727,4,1.0,0.5999999999989996,True,2025-03-12 08:00:00,8.0,2025-03-12,True,False
2025-03-12 12:00:00+00:00,8553.7,8573.5,8502.0,8532.7,46150,4,1.0,0.6000000000003638,True,2025-03-12 12:00:00,12.0,2025-03-12,True,False
2025-03-12 16:00:00+00:00,8532.5,8573.0,8527.0,8550.7,32521,4,0.25,1.0,True,2025-03-12 16:00:00,16.0,2025-03-12,True,False
2025-03-12 20:00:00+00:00,8551.0,8570.5,8540.7,8569.8,5998,3,0.0,3.6666666666666665,True,2025-03-12 20:00:00,20.0,2025-03-12,False,False
2025-03-13 00:00:00+00:00,8570.0,8572.0,8523.0,8525.2,8775,4,0.0,5.0,True,2025-03-13 00:00:00,0.0,2025-03-13,False,False
2025-03-13 04:00:00+00:00,8525.0,8539.3,8515.7,8529.0,8500,4,0.0,4.0,True,2025-03-13 04:00:00,4.0,2025-03-13,False,False
2025-03-13 08:00:00+00:00,8528.7,8588.3,8514.2,8538.0,30145,4,1.0,0.5999999999989996,True,2025-03-13 08:00:00,8.0,2025-03-13,True,False
2025-03-13 12:00:00+00:00,8538.2,8574.5,8521.7,8538.8,22370,4,1.0,0.5999999999994543,True,2025-03-13 12:00:00,12.0,2025-03-13,True,False
2025-03-13 16:00:00+00:00,8538.5,8557.8,8518.0,8551.0,17102,4,0.25,1.0,True,2025-03-13 16:00:00,16.0,2025-03-13,True,False
2025-03-13 20:00:00+00:00,8550.5,8570.5,8548.0,8565.2,5383,3,0.0,3.6666666666666665,True,2025-03-13 20:00:00,20.0,2025-03-13,False,False
2025-03-14 00:00:00+00:00,8565.0,8584.0,8548.8,8564.8,7404,4,0.0,5.0,True,2025-03-14 00:00:00,0.0,2025-03-14,False,False
2025-03-14 04:00:00+00:00,8564.3,8574.3,8559.0,8561.5,3588,4,0.0,4.0,True,2025-03-14 04:00:00,4.0,2025-03-14,False,False
2025-03-14 08:00:00+00:00,8560.8,8610.3,8543.5,8601.5,16067,4,1.0,0.5999999999989996,True,2025-03-14 08:00:00,8.0,2025-03-14,True,False
2025-03-14 12:00:00+00:00,8601.7,8649.2,8585.7,8646.5,16026,4,1.0,0.5999999999994543,True,2025-03-14 12:00:00,12.0,2025-03-14,True,False
2025-03-14 16:00:00+00:00,8647.2,8682.5,8635.7,8678.7,11339,4,0.25,1.0,True,2025-03-14 16:00:00,16.0,2025-03-14,True,False
2025-03-14 20:00:00+00:00,8678.5,8679.5,8662.2,8669.7,817,1,0.0,1.0,True,2025-03-14 20:00:00,20.0,2025-03-14,False,False
2025-03-16 22:00:00+00:00,8672.1,8673.0,8651.4,8665.4,8190,2,0.0,5.0,True,2025-03-16 22:00:00,22.0,2025-03-16,False,False
2025-03-17 00:00:00+00:00,8665.1,8676.7,8659.5,8662.0,6251,4,0.0,5.0,True,2025-03-17 00:00:00,0.0,2025-03-17,False,False
2025-03-17 04:00:00+00:00,8662.3,8667.3,8640.0,8657.3,3541,4,0.0,4.0,True,2025-03-17 04:00:00,4.0,2025-03-17,False,False
2025-03-17 08:00:00+00:00,8657.8,8662.7,8629.0,8645.8,11769,4,1.0,0.5999999999994543,True,2025-03-17 08:00:00,8.0,2025-03-17,True,False
2025-03-17 12:00:00+00:00,8646.0,8694.8,8646.0,8685.7,15664,4,1.0,0.599999999999909,True,2025-03-17 12:00:00,12.0,2025-03-17,True,False
2025-03-17 16:00:00+00:00,8685.5,8722.2,8679.3,8709.0,9911,4,0.25,1.0,True,2025-03-17 16:00:00,16.0,2025-03-17,True,False
2025-03-17 20:00:00+00:00,8708.8,8709.9,8701.0,8704.6,3778,3,0.0,3.6666666666666665,True,2025-03-17 20:00:00,20.0,2025-03-17,False,False
2025-03-18 00:00:00+00:00,8704.1,8718.0,8699.0,8700.8,4381,4,0.0,5.0,True,2025-03-18 00:00:00,0.0,2025-03-18,False,False
2025-03-18 04:00:00+00:00,8701.0,8720.8,8698.7,8716.7,2494,4,0.0,4.0,True,2025-03-18 04:00:00,4.0,2025-03-18,False,False
2025-03-18 08:00:00+00:00,8716.5,8731.3,8702.0,8707.0,11669,4,1.0,0.5999999999989996,True,2025-03-18 08:00:00,8.0,2025-03-18,True,False
2025-03-18 12:00:00+00:00,8706.8,8727.3,8690.3,8694.0,16921,4,1.0,0.5999999999985448,True,2025-03-18 12:00:00,12.0,2025-03-18,True,False
2025-03-18 16:00:00+00:00,8694.3,8712.3,8682.0,8700.3,12916,4,0.25,1.0,True,2025-03-18 16:00:00,16.0,2025-03-18,True,False
2025-03-18 20:00:00+00:00,8700.5,8710.1,8694.1,8708.9,4085,3,0.0,3.6666666666666665,True,2025-03-18 20:00:00,20.0,2025-03-18,False,False
2025-03-19 00:00:00+00:00,8709.1,8729.9,8707.9,8718.7,4666,4,0.0,5.0,True,2025-03-19 00:00:00,0.0,2025-03-19,False,False
2025-03-19 04:00:00+00:00,8718.5,8721.0,8686.3,8687.5,3747,4,0.0,4.0,True,2025-03-19 04:00:00,4.0,2025-03-19,False,False
2025-03-19 08:00:00+00:00,8687.3,8705.5,8665.0,8685.5,11786,4,1.0,0.5999999999989996,True,2025-03-19 08:00:00,8.0,2025-03-19,True,False
2025-03-19 12:00:00+00:00,8685.2,8722.0,8680.2,8717.0,11686,4,1.0,0.5999999999994543,True,2025-03-19 12:00:00,12.0,2025-03-19,True,False
2025-03-19 16:00:00+00:00,8716.8,8729.5,8696.0,8713.5,12761,4,0.25,1.0,True,2025-03-19 16:00:00,16.0,2025-03-19,True,False
2025-03-19 20:00:00+00:00,8713.7,8732.5,8713.5,8727.8,4799,3,0.0,3.6666666666666665,True,2025-03-19 20:00:00,20.0,2025-03-19,False,False
2025-03-20 00:00:00+00:00,8727.9,8730.6,8701.7,8702.8,3857,4,0.0,5.0,True,2025-03-20 00:00:00,0.0,2025-03-20,False,False
2025-03-20 04:00:00+00:00,8703.3,8720.8,8697.0,8707.7,2885,4,0.0,4.0,True,2025-03-20 04:00:00,4.0,2025-03-20,False,False
2025-03-20 08:00:00+00:00,8707.5,8744.0,8664.2,8696.0,15261,4,1.0,0.5999999999985448,True,2025-03-20 08:00:00,8.0,2025-03-20,True,False
2025-03-20 12:00:00+00:00,8695.7,8714.5,8677.5,8696.8,14110,4,1.0,0.599999999999909,True,2025-03-20 12:00:00,12.0,2025-03-20,True,False
2025-03-20 16:00:00+00:00,8696.2,8708.1,8681.7,8704.3,9624,4,0.25,1.0,True,2025-03-20 16:00:00,16.0,2025-03-20,True,False
2025-03-20 20:00:00+00:00,8704.0,8712.2,8693.9,8707.2,2309,3,0.0,3.6666666666666665,True,2025-03-20 20:00:00,20.0,2025-03-20,False,False
2025-03-21 00:00:00+00:00,8706.4,8716.8,8703.8,8705.7,4766,4,0.0,5.0,True,2025-03-21 00:00:00,0.0,2025-03-21,False,False
2025-03-21 04:00:00+00:00,8705.6,8717.3,8690.0,8692.5,4097,4,0.0,4.0,True,2025-03-21 04:00:00,4.0,2025-03-21,False,False
2025-03-21 08:00:00+00:00,8693.5,8697.0,8620.3,8663.3,16298,4,1.0,0.5999999999989996,True,2025-03-21 08:00:00,8.0,2025-03-21,True,False
2025-03-21 12:00:00+00:00,8663.5,8673.8,8621.3,8653.5,14137,4,1.0,0.5999999999994543,True,2025-03-21 12:00:00,12.0,2025-03-21,True,False
2025-03-21 16:00:00+00:00,8652.5,8665.3,8639.0,8653.5,7311,4,0.25,1.0,True,2025-03-21 16:00:00,16.0,2025-03-21,True,False
2025-03-21 20:00:00+00:00,8653.0,8659.5,8651.5,8654.0,389,1,0.0,1.0,True,2025-03-21 20:00:00,20.0,2025-03-21,False,False
2025-03-23 22:00:00+00:00,8678.4,8683.7,8664.3,8678.9,2220,2,0.0,5.0,True,2025-03-23 22:00:00,22.0,2025-03-23,False,False
2025-03-24 00:00:00+00:00,8679.1,8685.1,8668.4,8675.8,3860,4,0.0,5.0,True,2025-03-24 00:00:00,0.0,2025-03-24,False,False
2025-03-24 04:00:00+00:00,8676.0,8692.8,8672.0,8691.5,2606,4,0.0,4.0,True,2025-03-24 04:00:00,4.0,2025-03-24,False,False
2025-03-24 08:00:00+00:00,8691.3,8703.8,8643.8,8654.8,10854,4,1.0,0.5999999999994543,True,2025-03-24 08:00:00,8.0,2025-03-24,True,False
2025-03-24 12:00:00+00:00,8655.0,8668.0,8620.5,8655.5,12752,4,1.0,0.5999999999994543,True,2025-03-24 12:00:00,12.0,2025-03-24,True,False
2025-03-24 16:00:00+00:00,8655.8,8656.0,8630.3,8653.5,5742,4,0.25,1.0,True,2025-03-24 16:00:00,16.0,2025-03-24,True,False
2025-03-24 20:00:00+00:00,8653.3,8655.8,8640.3,8644.3,1095,3,0.0,3.6666666666666665,True,2025-03-24 20:00:00,20.0,2025-03-24,False,False
2025-03-25 00:00:00+00:00,8644.6,8654.3,8622.4,8622.8,3644,4,0.0,5.0,True,2025-03-25 00:00:00,0.0,2025-03-25,False,False
2025-03-25 04:00:00+00:00,8623.0,8653.8,8615.1,8650.5,2627,4,0.0,4.0,True,2025-03-25 04:00:00,4.0,2025-03-25,False,False
2025-03-25 08:00:00+00:00,8653.0,8712.3,8653.0,8711.5,10263,4,1.0,0.5999999999994543,True,2025-03-25 08:00:00,8.0,2025-03-25,True,False
2025-03-25 12:00:00+00:00,8711.8,8722.8,8663.3,8665.0,8853,4,1.0,0.5999999999989996,True,2025-03-25 12:00:00,12.0,2025-03-25,True,False
2025-03-25 16:00:00+00:00,8664.8,8684.5,8664.0,8675.5,4576,4,0.25,1.0,True,2025-03-25 16:00:00,16.0,2025-03-25,True,False
2025-03-25 20:00:00+00:00,8675.3,8686.6,8674.3,8683.6,994,3,0.0,3.6666666666666665,True,2025-03-25 20:00:00,20.0,2025-03-25,False,False
2025-03-26 00:00:00+00:00,8682.9,8689.6,8677.1,8679.7,3032,4,0.0,5.0,True,2025-03-26 00:00:00,0.0,2025-03-26,False,False
2025-03-26 04:00:00+00:00,8680.4,8710.0,8660.8,8697.0,2749,4,0.0,4.0,True,2025-03-26 04:00:00,4.0,2025-03-26,False,False
2025-03-26 08:00:00+00:00,8697.5,8705.5,8659.0,8687.5,10735,4,1.0,0.599999999999909,True,2025-03-26 08:00:00,8.0,2025-03-26,True,False
2025-03-26 12:00:00+00:00,8687.3,8718.8,8667.5,8703.0,12933,4,1.0,0.5999999999994543,True,2025-03-26 12:00:00,12.0,2025-03-26,True,False
2025-03-26 16:00:00+00:00,8702.8,8703.8,8663.5,8679.5,8411,4,0.25,1.0,True,2025-03-26 16:00:00,16.0,2025-03-26,True,False
2025-03-26 20:00:00+00:00,8679.3,8679.8,8652.3,8674.2,3935,3,0.0,3.6666666666666665,True,2025-03-26 20:00:00,20.0,2025-03-26,False,False
2025-03-27 00:00:00+00:00,8673.4,8680.0,8664.3,8678.2,4310,4,0.0,5.0,True,2025-03-27 00:00:00,0.0,2025-03-27,False,False
2025-03-27 04:00:00+00:00,8678.0,8679.5,8649.8,8649.8,3386,4,0.0,4.0,True,2025-03-27 04:00:00,4.0,2025-03-27,False,False
2025-03-27 08:00:00+00:00,8650.8,8667.5,8631.3,8641.5,12787,4,1.0,0.5999999999994543,True,2025-03-27 08:00:00,8.0,2025-03-27,True,False
2025-03-27 12:00:00+00:00,8642.5,8671.3,8620.0,8654.8,12529,4,1.0,0.5999999999989996,True,2025-03-27 12:00:00,12.0,2025-03-27,True,False
2025-03-27 16:00:00+00:00,8655.3,8680.8,8653.0,8669.5,7370,4,0.25,1.0,True,2025-03-27 16:00:00,16.0,2025-03-27,True,False
2025-03-27 20:00:00+00:00,8668.8,8678.5,8661.1,8667.2,1954,3,0.0,3.6666666666666665,True,2025-03-27 20:00:00,20.0,2025-03-27,False,False
2025-03-28 00:00:00+00:00,8667.4,8685.4,8655.1,8674.2,3336,4,0.0,5.0,True,2025-03-28 00:00:00,0.0,2025-03-28,False,False
2025-03-28 04:00:00+00:00,8673.6,8679.5,8644.8,8649.0,2894,4,0.0,4.0,True,2025-03-28 04:00:00,4.0,2025-03-28,False,False
2025-03-28 08:00:00+00:00,8650.8,8704.8,8645.3,8692.5,11573,4,1.0,0.5999999999989996,True,2025-03-28 08:00:00,8.0,2025-03-28,True,False
2025-03-28 12:00:00+00:00,8692.3,8701.0,8645.3,8673.0,16015,4,1.0,0.5999999999994543,True,2025-03-28 12:00:00,12.0,2025-03-28,True,False
2025-03-28 16:00:00+00:00,8672.5,8684.3,8651.3,8661.0,8000,4,0.25,1.0,True,2025-03-28 16:00:00,16.0,2025-03-28,True,False
2025-03-28 20:00:00+00:00,8661.8,8662.8,8650.3,8652.5,491,1,0.0,1.0,True,2025-03-28 20:00:00,20.0,2025-03-28,False,False
2025-03-30 22:00:00+00:00,8637.9,8653.1,8636.7,8651.1,1850,1,0.0,5.0,True,2025-03-30 23:00:00,23.0,2025-03-30,False,False
2025-03-30 23:00:00+00:00,8651.3,8651.5,8618.2,8621.5,8453,4,0.0,5.0,True,2025-03-31 00:00:00,0.0,2025-03-31,False,False
2025-03-31 03:00:00+00:00,8621.7,8628.6,8596.5,8601.0,5598,4,0.0,4.0,True,2025-03-31 04:00:00,4.0,2025-03-31,False,False
2025-03-31 07:00:00+00:00,8603.5,8609.3,8552.0,8554.3,17554,4,1.0,0.5999999999989996,True,2025-03-31 08:00:00,8.0,2025-03-31,True,False
2025-03-31 11:00:00+00:00,8554.0,8597.5,8537.3,8595.3,15939,4,1.0,0.5999999999989996,True,2025-03-31 12:00:00,12.0,2025-03-31,True,False
2025-03-31 15:00:00+00:00,8595.0,8633.8,8587.0,8623.5,9742,4,0.25,1.0,True,2025-03-31 16:00:00,16.0,2025-03-31,True,False
2025-03-31 19:00:00+00:00,8623.3,8644.8,8603.6,8619.6,5621,3,0.0,3.6666666666666665,True,2025-03-31 20:00:00,20.0,2025-03-31,False,False
2025-03-31 23:00:00+00:00,8619.2,8628.1,8605.5,8623.6,6980,4,0.0,5.0,True,2025-04-01 00:00:00,0.0,2025-04-01,False,False
2025-04-01 03:00:00+00:00,8623.5,8648.8,8618.0,8642.5,4192,4,0.0,4.0,True,2025-04-01 04:00:00,4.0,2025-04-01,False,False
2025-04-01 07:00:00+00:00,8642.3,8680.5,8634.3,8646.8,14323,4,1.0,0.6000000000003638,True,2025-04-01 08:00:00,8.0,2025-04-01,True,False
2025-04-01 11:00:00+00:00,8647.0,8662.5,8593.5,8638.5,15679,4,1.0,0.5999999999989996,True,2025-04-01 12:00:00,12.0,2025-04-01,True,False
2025-04-01 15:00:00+00:00,8638.3,8653.0,8581.3,8592.3,9521,4,0.25,1.0,True,2025-04-01 16:00:00,16.0,2025-04-01,True,False
2025-04-01 19:00:00+00:00,8591.8,8644.9,8590.8,8622.6,5305,3,0.0,3.6666666666666665,True,2025-04-01 20:00:00,20.0,2025-04-01,False,False
2025-04-01 23:00:00+00:00,8622.8,8639.7,8606.2,8613.3,6278,4,0.0,5.0,True,2025-04-02 00:00:00,0.0,2025-04-02,False,False
2025-04-02 03:00:00+00:00,8613.5,8619.8,8606.3,8607.3,3111,4,0.0,4.0,True,2025-04-02 04:00:00,4.0,2025-04-02,False,False
2025-04-02 07:00:00+00:00,8607.5,8628.5,8554.8,8574.3,15434,4,1.0,0.6000000000003638,True,2025-04-02 08:00:00,8.0,2025-04-02,True,False
2025-04-02 11:00:00+00:00,8574.5,8601.8,8552.0,8597.3,15740,4,1.0,0.599999999999909,True,2025-04-02 12:00:00,12.0,2025-04-02,True,False
2025-04-02 15:00:00+00:00,8597.0,8615.3,8574.0,8574.5,9355,4,0.25,1.0,True,2025-04-02 16:00:00,16.0,2025-04-02,True,False
2025-04-02 19:00:00+00:00,8575.0,8686.2,8409.1,8522.7,20674,3,0.0,3.6666666666666665,True,2025-04-02 20:00:00,20.0,2025-04-02,False,False
2025-04-02 23:00:00+00:00,8515.9,8525.4,8435.5,8483.4,16218,4,0.0,5.0,True,2025-04-03 00:00:00,0.0,2025-04-03,False,False
2025-04-03 03:00:00+00:00,8483.6,8543.3,8449.0,8486.5,11114,4,0.0,4.0,True,2025-04-03 04:00:00,4.0,2025-04-03,False,False
2025-04-03 07:00:00+00:00,8486.8,8538.3,8474.3,8481.5,24468,4,1.0,0.5999999999985448,True,2025-04-03 08:00:00,8.0,2025-04-03,True,False
2025-04-03 11:00:00+00:00,8482.5,8510.5,8456.5,8457.3,26414,4,1.0,0.5999999999994543,True,2025-04-03 12:00:00,12.0,2025-04-03,True,False
2025-04-03 15:00:00+00:00,8457.0,8526.0,8456.0,8489.5,16085,4,0.25,1.0,True,2025-04-03 16:00:00,16.0,2025-04-03,True,False
2025-04-03 19:00:00+00:00,8489.0,8495.5,8450.6,8469.0,8319,3,0.0,3.6666666666666665,True,2025-04-03 20:00:00,20.0,2025-04-03,False,False
2025-04-03 23:00:00+00:00,8469.4,8484.3,8447.6,8449.4,9762,4,0.0,5.0,True,2025-04-04 00:00:00,0.0,2025-04-04,False,False
2025-04-04 03:00:00+00:00,8448.0,8468.5,8429.3,8439.0,7537,4,0.0,4.0,True,2025-04-04 04:00:00,4.0,2025-04-04,False,False
2025-04-04 07:00:00+00:00,8440.3,8441.0,8136.5,8142.0,38938,4,1.0,0.5999999999989996,True,2025-04-04 08:00:00,8.0,2025-04-04,True,False
2025-04-04 11:00:00+00:00,8142.8,8221.8,8014.5,8062.0,40354,4,1.0,0.6000000000003638,True,2025-04-04 12:00:00,12.0,2025-04-04,True,False
2025-04-04 15:00:00+00:00,8061.3,8122.3,7979.0,8008.0,31403,4,0.25,1.0,True,2025-04-04 16:00:00,16.0,2025-04-04,True,False
2025-04-04 19:00:00+00:00,8008.3,8046.0,7992.0,7997.3,6520,1,0.0,1.0,True,2025-04-04 20:00:00,20.0,2025-04-04,False,False
2025-04-06 22:00:00+00:00,7687.1,7785.7,7667.9,7700.4,9910,1,0.0,5.0,True,2025-04-06 23:00:00,23.0,2025-04-06,False,False
2025-04-06 23:00:00+00:00,7699.8,7898.5,7646.5,7893.5,28045,4,0.0,5.0,True,2025-04-07 00:00:00,0.0,2025-04-07,False,False
2025-04-07 03:00:00+00:00,7892.7,7942.0,7710.0,7711.8,18494,4,0.0,4.0,True,2025-04-07 04:00:00,4.0,2025-04-07,False,False
2025-04-07 07:00:00+00:00,7712.5,7779.8,7533.0,7719.8,29119,4,1.0,0.6000000000003638,True,2025-04-07 08:00:00,8.0,2025-04-07,True,False
2025-04-07 11:00:00+00:00,7719.5,8014.0,7649.5,7830.0,44780,4,1.0,0.6000000000003638,True,2025-04-07 12:00:00,12.0,2025-04-07,True,False
2025-04-07 15:00:00+00:00,7830.3,7855.0,7654.0,7760.3,35467,4,0.25,1.0,True,2025-04-07 16:00:00,16.0,2025-04-07,True,False
2025-04-07 19:00:00+00:00,7760.5,7809.8,7749.5,7805.3,14082,3,0.0,3.6666666666666665,True,2025-04-07 20:00:00,20.0,2025-04-07,False,False
2025-04-07 23:00:00+00:00,7805.5,7886.4,7784.7,7875.4,16520,4,0.0,5.0,True,2025-04-08 00:00:00,0.0,2025-04-08,False,False
2025-04-08 03:00:00+00:00,7875.5,7875.6,7782.0,7807.3,8821,4,0.0,4.0,True,2025-04-08 04:00:00,4.0,2025-04-08,False,False
2025-04-08 07:00:00+00:00,7812.3,7867.0,7749.5,7841.0,26687,4,1.0,0.6000000000003638,True,2025-04-08 08:00:00,8.0,2025-04-08,True,False
2025-04-08 11:00:00+00:00,7840.8,7978.0,7818.3,7909.5,28670,4,1.0,0.6000000000003638,True,2025-04-08 12:00:00,12.0,2025-04-08,True,False
2025-04-08 15:00:00+00:00,7910.0,7942.0,7741.8,7749.8,27227,4,0.25,1.0,True,2025-04-08 16:00:00,16.0,2025-04-08,True,False
2025-04-08 19:00:00+00:00,7749.5,7751.5,7647.0,7687.1,16861,3,0.0,3.6666666666666665,True,2025-04-08 20:00:00,20.0,2025-04-08,False,False
2025-04-08 23:00:00+00:00,7686.7,7740.3,7630.3,7706.8,20751,4,0.0,5.0,True,2025-04-09 00:00:00,0.0,2025-04-09,False,False
2025-04-09 03:00:00+00:00,7706.6,7726.0,7610.5,7717.0,13839,4,0.0,4.0,True,2025-04-09 04:00:00,4.0,2025-04-09,False,False
2025-04-09 07:00:00+00:00,7718.0,7789.3,7651.8,7678.5,28007,4,1.0,0.6000000000003638,True,2025-04-09 08:00:00,8.0,2025-04-09,True,False
2025-04-09 11:00:00+00:00,7678.8,7740.3,7585.3,7633.3,34676,4,1.0,0.6000000000003638,True,2025-04-09 12:00:00,12.0,2025-04-09,True,False
2025-04-09 15:00:00+00:00,7632.8,8160.3,7631.0,8057.5,31507,4,0.25,1.0,True,2025-04-09 16:00:00,16.0,2025-04-09,True,False
2025-04-09 19:00:00+00:00,8057.0,8181.3,8042.5,8152.7,15468,3,0.0,3.6666666666666665,True,2025-04-09 20:00:00,20.0,2025-04-09,False,False
2025-04-09 23:00:00+00:00,8152.3,8163.4,8069.0,8099.1,15125,4,0.0,5.0,True,2025-04-10 00:00:00,0.0,2025-04-10,False,False
2025-04-10 03:00:00+00:00,8099.0,8123.5,8047.3,8121.5,10121,4,0.0,4.0,True,2025-04-10 04:00:00,4.0,2025-04-10,False,False
2025-04-10 07:00:00+00:00,8120.8,8168.0,7965.5,8027.3,25148,4,1.0,0.6000000000003638,True,2025-04-10 08:00:00,8.0,2025-04-10,True,False
2025-04-10 11:00:00+00:00,8027.5,8041.5,7939.0,7939.0,30424,4,1.0,0.6000000000003638,True,2025-04-10 12:00:00,12.0,2025-04-10,True,False
2025-04-10 15:00:00+00:00,7938.5,7973.0,7800.0,7947.8,35484,4,0.25,1.0,True,2025-04-10 16:00:00,16.0,2025-04-10,True,False
2025-04-10 19:00:00+00:00,7948.8,7982.9,7864.5,7955.1,15871,3,0.0,3.6666666666666665,True,2025-04-10 20:00:00,20.0,2025-04-10,False,False
2025-04-10 23:00:00+00:00,7955.5,7967.7,7864.6,7948.1,18164,4,0.0,5.0,True,2025-04-11 00:00:00,0.0,2025-04-11,False,False
2025-04-11 03:00:00+00:00,7948.3,8017.8,7940.8,7972.0,9280,4,0.0,4.0,True,2025-04-11 04:00:00,4.0,2025-04-11,False,False
2025-04-11 07:00:00+00:00,7975.5,7993.0,7860.3,7983.0,23950,4,1.0,0.6000000000003638,True,2025-04-11 08:00:00,8.0,2025-04-11,True,False
2025-04-11 11:00:00+00:00,7982.5,8002.0,7901.5,7961.5,31133,4,1.0,0.6000000000003638,True,2025-04-11 12:00:00,12.0,2025-04-11,True,False
2025-04-11 15:00:00+00:00,7961.3,8097.0,7954.5,8079.8,25493,4,0.25,1.0,True,2025-04-11 16:00:00,16.0,2025-04-11,True,False
2025-04-11 19:00:00+00:00,8080.3,8119.0,8079.3,8096.5,5408,1,0.0,1.0,True,2025-04-11 20:00:00,20.0,2025-04-11,False,False
2025-04-13 22:00:00+00:00,8137.5,8141.2,8106.2,8119.1,4878,1,0.0,5.0,True,2025-04-13 23:00:00,23.0,2025-04-13,False,False
2025-04-13 23:00:00+00:00,8120.2,8152.1,8100.5,8123.0,10271,4,0.0,5.0,True,2025-04-14 00:00:00,0.0,2025-04-14,False,False
2025-04-14 03:00:00+00:00,8123.2,8131.3,8092.5,8100.5,5236,4,0.0,4.0,True,2025-04-14 04:00:00,4.0,2025-04-14,False,False
2025-04-14 07:00:00+00:00,8100.8,8137.0,8066.0,8107.0,12110,4,1.0,0.6000000000003638,True,2025-04-14 08:00:00,8.0,2025-04-14,True,False
2025-04-14 11:00:00+00:00,8106.5,8162.5,8093.0,8149.5,15654,4,1.0,0.6000000000003638,True,2025-04-14 12:00:00,12.0,2025-04-14,True,False
2025-04-14 15:00:00+00:00,8149.8,8163.0,8071.5,8160.8,19338,4,0.25,1.0,True,2025-04-14 16:00:00,16.0,2025-04-14,True,False
2025-04-14 19:00:00+00:00,8161.0,8172.5,8116.9,8118.6,8126,3,0.0,3.6666666666666665,True,2025-04-14 20:00:00,20.0,2025-04-14,False,False
2025-04-14 23:00:00+00:00,8118.9,8149.5,8115.8,8136.5,7123,4,0.0,5.0,True,2025-04-15 00:00:00,0.0,2025-04-15,False,False
2025-04-15 03:00:00+00:00,8137.2,8164.0,8129.5,8149.8,3934,4,0.0,4.0,True,2025-04-15 04:00:00,4.0,2025-04-15,False,False
2025-04-15 07:00:00+00:00,8150.3,8225.5,8142.8,8203.0,13464,4,1.0,0.5999999999989996,True,2025-04-15 08:00:00,8.0,2025-04-15,True,False
2025-04-15 11:00:00+00:00,8203.3,8257.5,8185.0,8249.8,18550,4,1.0,0.6000000000003638,True,2025-04-15 12:00:00,12.0,2025-04-15,True,False
2025-04-15 15:00:00+00:00,8249.5,8266.5,8230.8,8246.0,11486,4,0.25,1.0,True,2025-04-15 16:00:00,16.0,2025-04-15,True,False
2025-04-15 19:00:00+00:00,8245.8,8251.5,8195.3,8208.0,5823,3,0.0,3.6666666666666665,True,2025-04-15 20:00:00,20.0,2025-04-15,False,False
2025-04-15 23:00:00+00:00,8207.6,8225.4,8192.7,8220.7,7424,4,0.0,5.0,True,2025-04-16 00:00:00,0.0,2025-04-16,False,False
2025-04-16 03:00:00+00:00,8220.8,8228.0,8179.8,8218.3,3966,4,0.0,4.0,True,2025-04-16 04:00:00,4.0,2025-04-16,False,False
2025-04-16 07:00:00+00:00,8220.3,8236.5,8171.5,8219.5,15537,4,1.0,0.5999999999994543,True,2025-04-16 08:00:00,8.0,2025-04-16,True,False
2025-04-16 11:00:00+00:00,8218.8,8244.3,8207.5,8242.0,15153,4,1.0,0.5999999999989996,True,2025-04-16 12:00:00,12.0,2025-04-16,True,False
2025-04-16 15:00:00+00:00,8241.8,8280.0,8189.0,8190.0,13597,4,0.25,1.0,True,2025-04-16 16:00:00,16.0,2025-04-16,True,False
2025-04-16 19:00:00+00:00,8190.3,8211.7,8162.0,8202.3,8963,3,0.0,3.6666666666666665,True,2025-04-16 20:00:00,20.0,2025-04-16,False,False
2025-04-16 23:00:00+00:00,8202.7,8242.3,8178.3,8241.7,8169,4,0.0,5.0,True,2025-04-17 00:00:00,0.0,2025-04-17,False,False
2025-04-17 03:00:00+00:00,8241.8,8261.0,8234.5,8239.3,3470,4,0.0,4.0,True,2025-04-17 04:00:00,4.0,2025-04-17,False,False
2025-04-17 07:00:00+00:00,8239.8,8262.3,8192.5,8219.5,12875,4,1.0,0.5999999999985448,True,2025-04-17 08:00:00,8.0,2025-04-17,True,False
2025-04-17 11:00:00+00:00,8220.0,8279.5,8208.3,8271.5,16595,4,1.0,0.5999999999985448,True,2025-04-17 12:00:00,12.0,2025-04-17,True,False
2025-04-17 15:00:00+00:00,8271.3,8331.0,8266.8,8310.5,12360,4,0.25,1.0,True,2025-04-17 16:00:00,16.0,2025-04-17,True,False
2025-04-17 19:00:00+00:00,8311.0,8313.0,8261.0,8275.5,2884,1,0.0,1.0,True,2025-04-17 20:00:00,20.0,2025-04-17,False,False
2025-04-22 00:00:00+00:00,8204.0,8264.0,8203.0,8261.4,5531,3,0.0,5.0,True,2025-04-22 01:00:00,1.0,2025-04-22,False,False
2025-04-22 03:00:00+00:00,8261.6,8293.3,8238.0,8280.8,5434,4,0.0,4.0,True,2025-04-22 04:00:00,4.0,2025-04-22,False,False
2025-04-22 07:00:00+00:00,8281.3,8321.0,8264.5,8285.5,11586,4,1.0,0.5999999999985448,True,2025-04-22 08:00:00,8.0,2025-04-22,True,False
2025-04-22 11:00:00+00:00,8285.0,8324.5,8270.0,8322.0,12355,4,1.0,0.5999999999985448,True,2025-04-22 12:00:00,12.0,2025-04-22,True,False
2025-04-22 15:00:00+00:00,8322.5,8379.5,8322.0,8374.5,12521,4,0.25,1.0,True,2025-04-22 16:00:00,16.0,2025-04-22,True,False
2025-04-22 19:00:00+00:00,8374.8,8443.9,8348.3,8439.4,8911,3,0.0,3.6666666666666665,True,2025-04-22 20:00:00,20.0,2025-04-22,False,False
2025-04-22 23:00:00+00:00,8439.6,8464.9,8409.0,8417.3,9511,4,0.0,5.0,True,2025-04-23 00:00:00,0.0,2025-04-23,False,False
2025-04-23 03:00:00+00:00,8417.2,8440.5,8406.5,8421.8,4117,4,0.0,4.0,True,2025-04-23 04:00:00,4.0,2025-04-23,False,False
2025-04-23 07:00:00+00:00,8422.3,8471.3,8406.5,8449.5,11261,4,1.0,0.5999999999994543,True,2025-04-23 08:00:00,8.0,2025-04-23,True,False
2025-04-23 11:00:00+00:00,8449.0,8457.0,8388.8,8424.5,20964,4,1.0,0.5999999999994543,True,2025-04-23 12:00:00,12.0,2025-04-23,True,False
2025-04-23 15:00:00+00:00,8425.0,8434.8,8382.5,8389.8,15554,4,0.25,1.0,True,2025-04-23 16:00:00,16.0,2025-04-23,True,False
2025-04-23 19:00:00+00:00,8389.5,8428.9,8378.5,8404.9,7927,3,0.0,3.6666666666666665,True,2025-04-23 20:00:00,20.0,2025-04-23,False,False
2025-04-23 23:00:00+00:00,8403.9,8422.9,8398.8,8401.9,7006,4,0.0,5.0,True,2025-04-24 00:00:00,0.0,2025-04-24,False,False
2025-04-24 03:00:00+00:00,8401.6,8406.3,8384.8,8395.8,3711,4,0.0,4.0,True,2025-04-24 04:00:00,4.0,2025-04-24,False,False
2025-04-24 07:00:00+00:00,8397.0,8416.5,8376.5,8410.5,12612,4,1.0,0.5999999999994543,True,2025-04-24 08:00:00,8.0,2025-04-24,True,False
2025-04-24 11:00:00+00:00,8411.0,8419.3,8364.5,8406.8,13151,4,1.0,0.5999999999994543,True,2025-04-24 12:00:00,12.0,2025-04-24,True,False
2025-04-24 15:00:00+00:00,8407.0,8436.0,8405.8,8425.0,7150,4,0.25,1.0,True,2025-04-24 16:00:00,16.0,2025-04-24,True,False
2025-04-24 19:00:00+00:00,8424.3,8481.4,8415.5,8450.2,6392,3,0.0,3.6666666666666665,True,2025-04-24 20:00:00,20.0,2025-04-24,False,False
2025-04-24 23:00:00+00:00,8450.4,8456.7,8433.0,8439.5,5823,4,0.0,5.0,True,2025-04-25 00:00:00,0.0,2025-04-25,False,False
2025-04-25 03:00:00+00:00,8439.4,8448.2,8428.3,8430.5,4554,4,0.0,4.0,True,2025-04-25 04:00:00,4.0,2025-04-25,False,False
2025-04-25 07:00:00+00:00,8432.5,8441.8,8399.3,8413.0,12955,4,1.0,0.5999999999985448,True,2025-04-25 08:00:00,8.0,2025-04-25,True,False
2025-04-25 11:00:00+00:00,8413.3,8446.3,8402.5,8409.5,11734,4,1.0,0.5999999999989996,True,2025-04-25 12:00:00,12.0,2025-04-25,True,False
2025-04-25 15:00:00+00:00,8409.8,8452.3,8408.8,8442.5,7953,4,0.25,1.0,True,2025-04-25 16:00:00,16.0,2025-04-25,True,False
2025-04-25 19:00:00+00:00,8442.3,8453.8,8438.8,8452.5,1618,1,0.0,1.0,True,2025-04-25 20:00:00,20.0,2025-04-25,False,False
2025-04-27 22:00:00+00:00,8440.2,8449.8,8432.9,8437.0,1550,1,0.0,5.0,True,2025-04-27 23:00:00,23.0,2025-04-27,False,False
2025-04-27 23:00:00+00:00,8436.6,8447.7,8424.0,8425.3,5340,4,0.0,5.0,True,2025-04-28 00:00:00,0.0,2025-04-28,False,False
2025-04-28 03:00:00+00:00,8426.9,8441.3,8411.5,8437.5,2601,4,0.0,4.0,True,2025-04-28 04:00:00,4.0,2025-04-28,False,False
2025-04-28 07:00:00+00:00,8438.0,8457.0,8430.0,8430.5,7142,4,1.0,0.5999999999985448,True,2025-04-28 08:00:00,8.0,2025-04-28,True,False
2025-04-28 11:00:00+00:00,8430.0,8453.3,8422.5,8438.0,8125,4,1.0,0.5999999999985448,True,2025-04-28 12:00:00,12.0,2025-04-28,True,False
2025-04-28 15:00:00+00:00,8438.3,8444.8,8397.5,8419.0,6461,4,0.25,1.0,True,2025-04-28 16:00:00,16.0,2025-04-28,True,False
2025-04-28 19:00:00+00:00,8419.5,8438.3,8415.0,8424.1,3208,3,0.0,3.6666666666666665,True,2025-04-28 20:00:00,20.0,2025-04-28,False,False
2025-04-28 23:00:00+00:00,8424.3,8440.1,8421.4,8432.8,4990,4,0.0,5.0,True,2025-04-29 00:00:00,0.0,2025-04-29,False,False
2025-04-29 03:00:00+00:00,8433.2,8451.0,8426.3,8426.3,3102,4,0.0,4.0,True,2025-04-29 04:00:00,4.0,2025-04-29,False,False
2025-04-29 07:00:00+00:00,8426.5,8445.8,8405.0,8435.0,7658,4,1.0,0.5999999999985448,True,2025-04-29 08:00:00,8.0,2025-04-29,True,False
2025-04-29 11:00:00+00:00,8435.5,8472.8,8420.0,8469.5,8873,4,1.0,0.5999999999989996,True,2025-04-29 12:00:00,12.0,2025-04-29,True,False
2025-04-29 15:00:00+00:00,8470.0,8504.5,8463.5,8488.5,5465,4,0.25,1.0,True,2025-04-29 16:00:00,16.0,2025-04-29,True,False
2025-04-29 19:00:00+00:00,8489.0,8500.0,8478.2,8484.1,4467,3,0.0,3.6666666666666665,True,2025-04-29 20:00:00,20.0,2025-04-29,False,False
2025-04-29 23:00:00+00:00,8483.9,8487.6,8466.3,8466.9,5301,4,0.0,5.0,True,2025-04-30 00:00:00,0.0,2025-04-30,False,False
2025-04-30 03:00:00+00:00,8467.0,8489.0,8464.1,8487.8,3053,4,0.0,4.0,True,2025-04-30 04:00:00,4.0,2025-04-30,False,False
2025-04-30 07:00:00+00:00,8488.5,8491.0,8455.8,8477.5,7140,4,1.0,0.5999999999994543,True,2025-04-30 08:00:00,8.0,2025-04-30,True,False
2025-04-30 11:00:00+00:00,8478.0,8484.8,8430.5,8443.5,12557,4,1.0,0.5999999999989996,True,2025-04-30 12:00:00,12.0,2025-04-30,True,False
2025-04-30 15:00:00+00:00,8443.3,8502.0,8443.0,8473.5,9743,4,0.25,1.0,True,2025-04-30 16:00:00,16.0,2025-04-30,True,False
2025-04-30 19:00:00+00:00,8474.0,8537.1,8466.5,8519.7,9421,3,0.0,3.6666666666666665,True,2025-04-30 20:00:00,20.0,2025-04-30,False,False
2025-04-30 23:00:00+00:00,8519.3,8524.0,8487.7,8512.5,5680,4,0.0,5.0,True,2025-05-01 00:00:00,0.0,2025-05-01,False,False
2025-05-01 03:00:00+00:00,8512.4,8523.5,8503.1,8508.3,2050,4,0.0,4.0,True,2025-05-01 04:00:00,4.0,2025-05-01,False,False
2025-05-01 07:00:00+00:00,8510.0,8510.5,8457.0,8494.0,3835,4,1.0,0.5999999999985448,True,2025-05-01 08:00:00,8.0,2025-05-01,True,False
2025-05-01 11:00:00+00:00,8493.8,8499.0,8464.8,8489.0,5336,4,1.0,0.599999999999909,True,2025-05-01 12:00:00,12.0,2025-05-01,True,False
2025-05-01 15:00:00+00:00,8489.3,8502.0,8446.0,8488.8,4739,4,0.25,1.0,True,2025-05-01 16:00:00,16.0,2025-05-01,True,False
2025-05-01 19:00:00+00:00,8489.0,8496.5,8441.5,8470.8,7147,3,0.0,3.6666666666666665,True,2025-05-01 20:00:00,20.0,2025-05-01,False,False
2025-05-01 23:00:00+00:00,8470.2,8549.9,8464.7,8548.5,8935,4,0.0,5.0,True,2025-05-02 00:00:00,0.0,2025-05-02,False,False
2025-05-02 03:00:00+00:00,8548.1,8558.3,8528.3,8557.5,3972,4,0.0,4.0,True,2025-05-02 04:00:00,4.0,2025-05-02,False,False
2025-05-02 07:00:00+00:00,8559.5,8580.3,8542.0,8557.0,9041,4,1.0,0.599999999999909,True,2025-05-02 08:00:00,8.0,2025-05-02,True,False
2025-05-02 11:00:00+00:00,8556.8,8619.0,8555.5,8618.5,10420,4,1.0,0.5999999999985448,True,2025-05-02 12:00:00,12.0,2025-05-02,True,False
2025-05-02 15:00:00+00:00,8619.0,8625.0,8582.3,8618.5,7003,4,0.25,1.0,True,2025-05-02 16:00:00,16.0,2025-05-02,True,False
2025-05-02 19:00:00+00:00,8617.8,8636.8,8613.5,8629.0,1453,1,0.0,1.0,True,2025-05-02 20:00:00,20.0,2025-05-02,False,False
2025-05-06 00:00:00+00:00,8677.6,8680.0,8613.2,8616.7,4093,3,0.0,5.0,True,2025-05-06 01:00:00,1.0,2025-05-06,False,False
2025-05-06 03:00:00+00:00,8616.5,8646.5,8604.8,8630.8,2574,4,0.0,4.0,True,2025-05-06 04:00:00,4.0,2025-05-06,False,False
2025-05-06 07:00:00+00:00,8631.3,8640.0,8563.5,8590.0,11073,4,1.0,0.5999999999989996,True,2025-05-06 08:00:00,8.0,2025-05-06,True,False
2025-05-06 11:00:00+00:00,8590.5,8602.0,8570.3,8600.8,10132,4,1.0,0.599999999999909,True,2025-05-06 12:00:00,12.0,2025-05-06,True,False
2025-05-06 15:00:00+00:00,8601.0,8607.0,8568.0,8581.0,6503,4,0.25,1.0,True,2025-05-06 16:00:00,16.0,2025-05-06,True,False
2025-05-06 19:00:00+00:00,8581.3,8630.1,8533.1,8597.8,7576,3,0.0,3.6666666666666665,True,2025-05-06 20:00:00,20.0,2025-05-06,False,False
2025-05-06 23:00:00+00:00,8597.9,8608.2,8579.4,8585.7,8211,4,0.0,5.0,True,2025-05-07 00:00:00,0.0,2025-05-07,False,False
2025-05-07 03:00:00+00:00,8585.8,8593.8,8577.3,8581.8,3329,4,0.0,4.0,True,2025-05-07 04:00:00,4.0,2025-05-07,False,False
2025-05-07 07:00:00+00:00,8581.3,8588.5,8556.3,8565.0,7236,4,1.0,0.5999999999985448,True,2025-05-07 08:00:00,8.0,2025-05-07,True,False
2025-05-07 11:00:00+00:00,8565.8,8571.0,8528.0,8540.5,8679,4,1.0,0.5999999999985448,True,2025-05-07 12:00:00,12.0,2025-05-07,True,False
2025-05-07 15:00:00+00:00,8540.3,8589.8,8538.5,8585.3,7919,4,0.25,1.0,True,2025-05-07 16:00:00,16.0,2025-05-07,True,False
2025-05-07 19:00:00+00:00,8584.0,8601.5,8559.5,8575.9,6306,3,0.0,3.6666666666666665,True,2025-05-07 20:00:00,20.0,2025-05-07,False,False
2025-05-07 23:00:00+00:00,8576.0,8598.8,8568.3,8598.6,7059,4,0.0,5.0,True,2025-05-08 00:00:00,0.0,2025-05-08,False,False
2025-05-08 03:00:00+00:00,8598.8,8620.3,8587.3,8589.0,3995,4,0.0,4.0,True,2025-05-08 04:00:00,4.0,2025-05-08,False,False
2025-05-08 07:00:00+00:00,8589.5,8606.0,8554.5,8604.5,8676,4,1.0,0.5999999999989996,True,2025-05-08 08:00:00,8.0,2025-05-08,True,False
2025-05-08 11:00:00+00:00,8605.0,8609.5,8519.0,8523.5,11453,4,1.0,0.5999999999989996,True,2025-05-08 12:00:00,12.0,2025-05-08,True,False
2025-05-08 15:00:00+00:00,8524.5,8575.5,8513.0,8562.5,6752,4,0.25,1.0,True,2025-05-08 16:00:00,16.0,2025-05-08,True,False
2025-05-08 19:00:00+00:00,8563.0,8575.5,8548.3,8555.2,3479,3,0.0,3.6666666666666665,True,2025-05-08 20:00:00,20.0,2025-05-08,False,False
2025-05-08 23:00:00+00:00,8555.1,8567.4,8533.8,8560.1,5731,4,0.0,5.0,True,2025-05-09 00:00:00,0.0,2025-05-09,False,False
2025-05-09 03:00:00+00:00,8559.8,8574.3,8551.3,8572.5,3423,4,0.0,4.0,True,2025-05-09 04:00:00,4.0,2025-05-09,False,False
2025-05-09 07:00:00+00:00,8572.8,8581.5,8555.0,8568.3,6471,4,1.0,0.5999999999989996,True,2025-05-09 08:00:00,8.0,2025-05-09,True,False
2025-05-09 11:00:00+00:00,8568.5,8574.8,8543.3,8549.3,9955,4,1.0,0.5999999999994543,True,2025-05-09 12:00:00,12.0,2025-05-09,True,False
2025-05-09 15:00:00+00:00,8549.0,8554.3,8519.5,8536.5,5966,4,0.25,1.0,True,2025-05-09 16:00:00,16.0,2025-05-09,True,False
2025-05-09 19:00:00+00:00,8536.0,8543.0,8527.0,8540.3,1326,1,0.0,1.0,True,2025-05-09 20:00:00,20.0,2025-05-09,False,False
2025-05-11 22:00:00+00:00,8568.4,8584.1,8558.8,8567.4,2877,1,0.0,5.0,True,2025-05-11 23:00:00,23.0,2025-05-11,False,False
2025-05-11 23:00:00+00:00,8567.6,8598.3,8566.1,8577.8,7731,4,0.0,5.0,True,2025-05-12 00:00:00,0.0,2025-05-12,False,False
2025-05-12 03:00:00+00:00,8577.1,8587.5,8569.0,8576.5,2866,4,0.0,4.0,True,2025-05-12 04:00:00,4.0,2025-05-12,False,False
2025-05-12 07:00:00+00:00,8576.3,8638.8,8544.0,8591.8,15876,4,1.0,0.599999999999909,True,2025-05-12 08:00:00,8.0,2025-05-12,True,False
2025-05-12 11:00:00+00:00,8592.0,8612.0,8558.0,8594.8,14765,4,1.0,0.5999999999994543,True,2025-05-12 12:00:00,12.0,2025-05-12,True,False
2025-05-12 15:00:00+00:00,8596.0,8620.5,8576.3,8615.0,7615,4,0.25,1.0,True,2025-05-12 16:00:00,16.0,2025-05-12,True,False
2025-05-12 19:00:00+00:00,8615.3,8633.8,8609.5,8618.0,3281,3,0.0,3.6666666666666665,True,2025-05-12 20:00:00,20.0,2025-05-12,False,False
2025-05-12 23:00:00+00:00,8618.3,8628.1,8580.3,8581.5,5134,4,0.0,5.0,True,2025-05-13 00:00:00,0.0,2025-05-13,False,False
2025-05-13 03:00:00+00:00,8581.4,8588.0,8549.7,8578.3,3353,4,0.0,4.0,True,2025-05-13 04:00:00,4.0,2025-05-13,False,False
2025-05-13 07:00:00+00:00,8578.5,8618.0,8578.0,8607.5,8319,4,1.0,0.5999999999989996,True,2025-05-13 08:00:00,8.0,2025-05-13,True,False
2025-05-13 11:00:00+00:00,8608.0,8621.5,8588.5,8597.0,10506,4,1.0,0.5999999999994543,True,2025-05-13 12:00:00,12.0,2025-05-13,True,False
2025-05-13 15:00:00+00:00,8595.8,8605.3,8579.5,8597.8,5115,4,0.25,1.0,True,2025-05-13 16:00:00,16.0,2025-05-13,True,False
2025-05-13 19:00:00+00:00,8597.5,8602.3,8579.4,8588.5,2703,3,0.0,3.6666666666666665,True,2025-05-13 20:00:00,20.0,2025-05-13,False,False
2025-05-13 23:00:00+00:00,8588.2,8595.1,8562.0,8568.5,4065,4,0.0,5.0,True,2025-05-14 00:00:00,0.0,2025-05-14,False,False
2025-05-14 03:00:00+00:00,8568.1,8585.5,8567.8,8581.0,2265,4,0.0,4.0,True,2025-05-14 04:00:00,4.0,2025-05-14,False,False
2025-05-14 07:00:00+00:00,8581.3,8611.0,8560.5,8600.3,8843,4,1.0,0.5999999999994543,True,2025-05-14 08:00:00,8.0,2025-05-14,True,False
2025-05-14 11:00:00+00:00,8600.5,8613.3,8564.5,8573.5,9935,4,1.0,0.5999999999985448,True,2025-05-14 12:00:00,12.0,2025-05-14,True,False
2025-05-14 15:00:00+00:00,8573.8,8581.8,8553.0,8575.8,6265,4,0.25,1.0,True,2025-05-14 16:00:00,16.0,2025-05-14,True,False
2025-05-14 19:00:00+00:00,8576.3,8586.3,8571.4,8575.5,2593,3,0.0,3.6666666666666665,True,2025-05-14 20:00:00,20.0,2025-05-14,False,False
2025-05-14 23:00:00+00:00,8575.3,8583.5,8564.0,8581.0,3345,4,0.0,5.0,True,2025-05-15 00:00:00,0.0,2025-05-15,False,False
2025-05-15 03:00:00+00:00,8581.2,8581.5,8553.0,8556.3,2167,4,0.0,4.0,True,2025-05-15 04:00:00,4.0,2025-05-15,False,False
2025-05-15 07:00:00+00:00,8556.5,8611.8,8548.0,8611.5,9718,4,1.0,0.5999999999985448,True,2025-05-15 08:00:00,8.0,2025-05-15,True,False
2025-05-15 11:00:00+00:00,8611.0,8634.5,8607.3,8631.3,9908,4,1.0,0.5999999999994543,True,2025-05-15 12:00:00,12.0,2025-05-15,True,False
2025-05-15 15:00:00+00:00,8631.5,8658.3,8627.8,8657.0,5909,4,0.25,1.0,True,2025-05-15 16:00:00,16.0,2025-05-15,True,False
2025-05-15 19:00:00+00:00,8657.3,8663.9,8652.0,8659.4,2898,3,0.0,3.6666666666666665,True,2025-05-15 20:00:00,20.0,2025-05-15,False,False
2025-05-15 23:00:00+00:00,8659.6,8666.2,8646.7,8649.5,3600,4,0.0,5.0,True,2025-05-16 00:00:00,0.0,2025-05-16,False,False
2025-05-16 03:00:00+00:00,8648.7,8675.8,8646.2,8675.0,2622,4,0.0,4.0,True,2025-05-16 04:00:00,4.0,2025-05-16,False,False
2025-05-16 07:00:00+00:00,8676.3,8710.8,8664.0,8692.0,8845,4,1.0,0.5999999999989996,True,2025-05-16 08:00:00,8.0,2025-05-16,True,False
2025-05-16 11:00:00+00:00,8692.8,8694.0,8663.8,8683.3,9969,4,1.0,0.599999999999909,True,2025-05-16 12:00:00,12.0,2025-05-16,True,False
2025-05-16 15:00:00+00:00,8683.0,8709.3,8682.8,8706.5,4559,4,0.25,1.0,True,2025-05-16 16:00:00,16.0,2025-05-16,True,False
2025-05-16 19:00:00+00:00,8706.8,8711.3,8702.8,8708.5,796,1,0.0,1.0,True,2025-05-16 20:00:00,20.0,2025-05-16,False,False
2025-05-18 22:00:00+00:00,8680.4,8700.4,8678.4,8699.6,2046,1,0.0,5.0,True,2025-05-18 23:00:00,23.0,2025-05-18,False,False
2025-05-18 23:00:00+00:00,8699.9,8709.6,8683.2,8686.2,5837,4,0.0,5.0,True,2025-05-19 00:00:00,0.0,2025-05-19,False,False
2025-05-19 03:00:00+00:00,8686.0,8686.7,8660.5,8664.5,3216,4,0.0,4.0,True,2025-05-19 04:00:00,4.0,2025-05-19,False,False
2025-05-19 07:00:00+00:00,8665.0,8678.3,8623.0,8642.0,9506,4,1.0,0.5999999999989996,True,2025-05-19 08:00:00,8.0,2025-05-19,True,False
2025-05-19 11:00:00+00:00,8642.3,8691.8,8630.3,8682.3,9583,4,1.0,0.5999999999994543,True,2025-05-19 12:00:00,12.0,2025-05-19,True,False
2025-05-19 15:00:00+00:00,8682.5,8734.5,8682.5,8728.3,5551,4,0.25,1.0,True,2025-05-19 16:00:00,16.0,2025-05-19,True,False
2025-05-19 19:00:00+00:00,8728.5,8748.5,8722.8,8746.1,2389,3,0.0,3.6666666666666665,True,2025-05-19 20:00:00,20.0,2025-05-19,False,False
2025-05-19 23:00:00+00:00,8746.3,8759.4,8733.3,8736.5,4062,4,0.0,5.0,True,2025-05-20 00:00:00,0.0,2025-05-20,False,False
2025-05-20 03:00:00+00:00,8736.4,8740.1,8724.8,8734.8,2416,4,0.0,4.0,True,2025-05-20 04:00:00,4.0,2025-05-20,False,False
2025-05-20 07:00:00+00:00,8734.5,8766.0,8724.3,8764.5,8101,4,1.0,0.5999999999985448,True,2025-05-20 08:00:00,8.0,2025-05-20,True,False
2025-05-20 11:00:00+00:00,8764.8,8799.3,8747.0,8784.0,8890,4,1.0,0.5999999999994543,True,2025-05-20 12:00:00,12.0,2025-05-20,True,False
2025-05-20 15:00:00+00:00,8783.8,8809.8,8781.8,8788.5,5655,4,0.25,1.0,True,2025-05-20 16:00:00,16.0,2025-05-20,True,False
2025-05-20 19:00:00+00:00,8788.3,8800.8,8777.7,8795.0,4055,3,0.0,3.6666666666666665,True,2025-05-20 20:00:00,20.0,2025-05-20,False,False
2025-05-20 23:00:00+00:00,8795.3,8802.5,8790.3,8795.5,4080,4,0.0,5.0,True,2025-05-21 00:00:00,0.0,2025-05-21,False,False
2025-05-21 03:00:00+00:00,8795.7,8800.8,8759.3,8768.3,3166,4,0.0,4.0,True,2025-05-21 04:00:00,4.0,2025-05-21,False,False
2025-05-21 07:00:00+00:00,8767.8,8799.0,8767.0,8789.0,8192,4,1.0,0.5999999999994543,True,2025-05-21 08:00:00,8.0,2025-05-21,True,False
2025-05-21 11:00:00+00:00,8788.8,8808.8,8780.5,8797.0,10171,4,1.0,0.5999999999985448,True,2025-05-21 12:00:00,12.0,2025-05-21,True,False
2025-05-21 15:00:00+00:00,8797.3,8804.0,8729.0,8737.5,10436,4,0.25,1.0,True,2025-05-21 16:00:00,16.0,2025-05-21,True,False
2025-05-21 19:00:00+00:00,8738.0,8750.0,8729.0,8736.7,5929,3,0.0,3.6666666666666665,True,2025-05-21 20:00:00,20.0,2025-05-21,False,False
2025-05-21 23:00:00+00:00,8736.6,8758.5,8731.1,8745.5,4740,4,0.0,5.0,True,2025-05-22 00:00:00,0.0,2025-05-22,False,False
2025-05-22 03:00:00+00:00,8746.1,8756.2,8741.0,8748.5,2077,4,0.0,4.0,True,2025-05-22 04:00:00,4.0,2025-05-22,False,False
2025-05-22 07:00:00+00:00,8747.8,8764.5,8720.8,8732.3,7781,4,1.0,0.6000000000003638,True,2025-05-22 08:00:00,8.0,2025-05-22,True,False
2025-05-22 11:00:00+00:00,8733.5,8738.3,8698.0,8728.3,12541,4,1.0,0.5999999999994543,True,2025-05-22 12:00:00,12.0,2025-05-22,True,False
2025-05-22 15:00:00+00:00,8728.5,8778.5,8726.5,8773.0,7121,4,0.25,1.0,True,2025-05-22 16:00:00,16.0,2025-05-22,True,False
2025-05-22 19:00:00+00:00,8773.5,8780.3,8748.3,8753.2,3250,3,0.0,3.6666666666666665,True,2025-05-22 20:00:00,20.0,2025-05-22,False,False
2025-05-22 23:00:00+00:00,8753.0,8775.5,8750.9,8772.8,4059,4,0.0,5.0,True,2025-05-23 00:00:00,0.0,2025-05-23,False,False
2025-05-23 03:00:00+00:00,8773.0,8774.4,8745.5,8759.5,2734,4,0.0,4.0,True,2025-05-23 04:00:00,4.0,2025-05-23,False,False
2025-05-23 07:00:00+00:00,8761.0,8787.0,8745.8,8755.3,8566,4,1.0,0.599999999999909,True,2025-05-23 08:00:00,8.0,2025-05-23,True,False
2025-05-23 11:00:00+00:00,8755.0,8755.3,8610.5,8720.3,29277,4,1.0,0.5999999999989996,True,2025-05-23 12:00:00,12.0,2025-05-23,True,False
2025-05-23 15:00:00+00:00,8720.8,8753.0,8712.0,8739.5,8049,4,0.25,1.0,True,2025-05-23 16:00:00,16.0,2025-05-23,True,False
2025-05-23 19:00:00+00:00,8739.3,8745.8,8727.5,8744.8,1679,1,0.0,1.0,True,2025-05-23 20:00:00,20.0,2025-05-23,False,False
2025-05-27 00:00:00+00:00,8796.8,8820.6,8786.6,8790.2,3173,3,0.0,5.0,True,2025-05-27 01:00:00,1.0,2025-05-27,False,False
2025-05-27 03:00:00+00:00,8790.5,8797.5,8779.0,8783.0,2382,4,0.0,4.0,True,2025-05-27 04:00:00,4.0,2025-05-27,False,False
2025-05-27 07:00:00+00:00,8781.3,8833.3,8775.0,8800.5,10453,4,1.0,0.5999999999989996,True,2025-05-27 08:00:00,8.0,2025-05-27,True,False
2025-05-27 11:00:00+00:00,8800.8,8810.5,8775.5,8791.3,8587,4,1.0,0.5999999999994543,True,2025-05-27 12:00:00,12.0,2025-05-27,True,False
2025-05-27 15:00:00+00:00,8791.5,8809.3,8779.8,8803.8,4609,4,0.25,1.0,True,2025-05-27 16:00:00,16.0,2025-05-27,True,False
2025-05-27 19:00:00+00:00,8803.5,8815.9,8800.8,8813.3,2169,3,0.0,3.6666666666666665,True,2025-05-27 20:00:00,20.0,2025-05-27,False,False
2025-05-27 23:00:00+00:00,8813.0,8815.9,8797.8,8797.8,2829,4,0.0,5.0,True,2025-05-28 00:00:00,0.0,2025-05-28,False,False
2025-05-28 03:00:00+00:00,8798.4,8799.8,8773.8,8777.0,2521,4,0.0,4.0,True,2025-05-28 04:00:00,4.0,2025-05-28,False,False
2025-05-28 07:00:00+00:00,8778.8,8807.5,8763.8,8776.5,8030,4,1.0,0.5999999999989996,True,2025-05-28 08:00:00,8.0,2025-05-28,True,False
2025-05-28 11:00:00+00:00,8776.8,8784.0,8735.0,8742.0,8102,4,1.0,0.5999999999994543,True,2025-05-28 12:00:00,12.0,2025-05-28,True,False
2025-05-28 15:00:00+00:00,8741.8,8763.3,8730.0,8759.5,4889,4,0.25,1.0,True,2025-05-28 16:00:00,16.0,2025-05-28,True,False
2025-05-28 19:00:00+00:00,8759.3,8784.2,8745.5,8775.4,6045,3,0.0,3.6666666666666665,True,2025-05-28 20:00:00,20.0,2025-05-28,False,False
2025-05-28 23:00:00+00:00,8775.6,8818.8,8775.6,8814.2,12516,4,0.0,5.0,True,2025-05-29 00:00:00,0.0,2025-05-29,False,False
2025-05-29 03:00:00+00:00,8814.3,8821.8,8777.8,8778.0,3368,4,0.0,4.0,True,2025-05-29 04:00:00,4.0,2025-05-29,False,False
2025-05-29 07:00:00+00:00,8779.8,8783.5,8722.0,8740.8,7922,4,1.0,0.599999999999909,True,2025-05-29 08:00:00,8.0,2025-05-29,True,False
2025-05-29 11:00:00+00:00,8741.0,8759.0,8724.5,8735.0,8991,4,1.0,0.5999999999985448,True,2025-05-29 12:00:00,12.0,2025-05-29,True,False
2025-05-29 15:00:00+00:00,8735.5,8752.0,8709.0,8746.3,6362,4,0.25,1.0,True,2025-05-29 16:00:00,16.0,2025-05-29,True,False
2025-05-29 19:00:00+00:00,8746.5,8758.5,8737.9,8743.4,3975,3,0.0,3.6666666666666665,True,2025-05-29 20:00:00,20.0,2025-05-29,False,False
2025-05-29 23:00:00+00:00,8743.5,8757.0,8738.8,8750.8,5581,4,0.0,5.0,True,2025-05-30 00:00:00,0.0,2025-05-30,False,False
2025-05-30 03:00:00+00:00,8750.9,8771.5,8748.6,8752.3,2882,4,0.0,4.0,True,2025-05-30 04:00:00,4.0,2025-05-30,False,False
2025-05-30 07:00:00+00:00,8751.3,8801.5,8743.8,8788.0,8292,4,1.0,0.5999999999994543,True,2025-05-30 08:00:00,8.0,2025-05-30,True,False
2025-05-30 11:00:00+00:00,8788.3,8803.5,8745.5,8776.5,11893,4,1.0,0.5999999999989996,True,2025-05-30 12:00:00,12.0,2025-05-30,True,False
2025-05-30 15:00:00+00:00,8776.3,8807.5,8757.5,8804.3,10402,4,0.25,1.0,True,2025-05-30 16:00:00,16.0,2025-05-30,True,False
2025-05-30 19:00:00+00:00,8804.0,8819.0,8797.5,8800.5,1879,1,0.0,1.0,True,2025-05-30 20:00:00,20.0,2025-05-30,False,False
2025-06-01 22:00:00+00:00,8790.0,8794.9,8784.5,8786.8,1200,1,0.0,5.0,True,2025-06-01 23:00:00,23.0,2025-06-01,False,False
2025-06-01 23:00:00+00:00,8786.6,8808.1,8778.6,8785.0,5446,4,0.0,5.0,True,2025-06-02 00:00:00,0.0,2025-06-02,False,False
2025-06-02 03:00:00+00:00,8785.1,8790.8,8766.8,8769.5,3425,4,0.0,4.0,True,2025-06-02 04:00:00,4.0,2025-06-02,False,False
2025-06-02 07:00:00+00:00,8769.3,8798.3,8744.0,8787.5,13308,4,1.0,0.5999999999989996,True,2025-06-02 08:00:00,8.0,2025-06-02,True,False
2025-06-02 11:00:00+00:00,8787.8,8799.0,8739.5,8788.5,13099,4,1.0,0.599999999999909,True,2025-06-02 12:00:00,12.0,2025-06-02,True,False
2025-06-02 15:00:00+00:00,8788.3,8818.5,8777.5,8818.3,6555,4,0.25,1.0,True,2025-06-02 16:00:00,16.0,2025-06-02,True,False
2025-06-02 19:00:00+00:00,8818.8,8827.5,8812.4,8812.9,2456,3,0.0,3.6666666666666665,True,2025-06-02 20:00:00,20.0,2025-06-02,False,False
2025-06-02 23:00:00+00:00,8811.8,8819.2,8798.0,8802.1,4167,4,0.0,5.0,True,2025-06-03 00:00:00,0.0,2025-06-03,False,False
2025-06-03 03:00:00+00:00,8802.2,8811.8,8798.8,8808.0,2222,4,0.0,4.0,True,2025-06-03 04:00:00,4.0,2025-06-03,False,False
2025-06-03 07:00:00+00:00,8807.5,8816.0,8749.3,8796.5,11805,4,1.0,0.5999999999985448,True,2025-06-03 08:00:00,8.0,2025-06-03,True,False
2025-06-03 11:00:00+00:00,8797.0,8806.0,8775.5,8784.5,9585,4,1.0,0.599999999999909,True,2025-06-03 12:00:00,12.0,2025-06-03,True,False
2025-06-03 15:00:00+00:00,8784.8,8810.5,8782.5,8808.5,4687,4,0.25,1.0,True,2025-06-03 16:00:00,16.0,2025-06-03,True,False
2025-06-03 19:00:00+00:00,8808.3,8809.3,8797.6,8805.6,2226,3,0.0,3.6666666666666665,True,2025-06-03 20:00:00,20.0,2025-06-03,False,False
2025-06-03 23:00:00+00:00,8805.8,8809.2,8798.4,8798.5,3793,4,0.0,5.0,True,2025-06-04 00:00:00,0.0,2025-06-04,False,False
2025-06-04 03:00:00+00:00,8798.4,8816.0,8795.8,8814.5,2305,4,0.0,4.0,True,2025-06-04 04:00:00,4.0,2025-06-04,False,False
2025-06-04 07:00:00+00:00,8814.3,8826.5,8788.8,8821.5,8472,4,1.0,0.5999999999989996,True,2025-06-04 08:00:00,8.0,2025-06-04,True,False
2025-06-04 11:00:00+00:00,8821.8,8832.0,8803.0,8818.0,9470,4,1.0,0.5999999999989996,True,2025-06-04 12:00:00,12.0,2025-06-04,True,False
2025-06-04 15:00:00+00:00,8818.3,8823.5,8798.8,8814.0,5592,4,0.25,1.0,True,2025-06-04 16:00:00,16.0,2025-06-04,True,False
2025-06-04 19:00:00+00:00,8813.8,8821.8,8808.6,8815.4,2145,3,0.0,3.6666666666666665,True,2025-06-04 20:00:00,20.0,2025-06-04,False,False
2025-06-04 23:00:00+00:00,8815.7,8817.2,8805.2,8810.9,2981,4,0.0,5.0,True,2025-06-05 00:00:00,0.0,2025-06-05,False,False
2025-06-05 03:00:00+00:00,8811.0,8813.7,8798.5,8805.3,2048,4,0.0,4.0,True,2025-06-05 04:00:00,4.0,2025-06-05,False,False
2025-06-05 07:00:00+00:00,8805.5,8842.0,8803.8,8838.8,7180,4,1.0,0.599999999999909,True,2025-06-05 08:00:00,8.0,2025-06-05,True,False
2025-06-05 11:00:00+00:00,8838.5,8849.5,8789.5,8816.5,13047,4,1.0,0.5999999999985448,True,2025-06-05 12:00:00,12.0,2025-06-05,True,False
2025-06-05 15:00:00+00:00,8816.8,8820.8,8786.0,8805.0,6941,4,0.25,1.0,True,2025-06-05 16:00:00,16.0,2025-06-05,True,False
2025-06-05 19:00:00+00:00,8805.3,8809.0,8785.0,8809.0,5361,3,0.0,3.6666666666666665,True,2025-06-05 20:00:00,20.0,2025-06-05,False,False
2025-06-05 23:00:00+00:00,8808.7,8813.1,8801.0,8802.1,4618,4,0.0,5.0,True,2025-06-06 00:00:00,0.0,2025-06-06,False,False
2025-06-06 03:00:00+00:00,8802.0,8821.5,8799.7,8820.5,2311,4,0.0,4.0,True,2025-06-06 04:00:00,4.0,2025-06-06,False,False
2025-06-06 07:00:00+00:00,8821.8,8842.3,8814.8,8819.0,7641,4,1.0,0.5999999999994543,True,2025-06-06 08:00:00,8.0,2025-06-06,True,False
2025-06-06 11:00:00+00:00,8819.3,8859.8,8813.5,8835.0,8671,4,1.0,0.5999999999985448,True,2025-06-06 12:00:00,12.0,2025-06-06,True,False
2025-06-06 15:00:00+00:00,8834.8,8855.3,8832.8,8847.5,5291,4,0.25,1.0,True,2025-06-06 16:00:00,16.0,2025-06-06,True,False
2025-06-06 19:00:00+00:00,8847.3,8855.0,8846.0,8847.3,951,1,0.0,1.0,True,2025-06-06 20:00:00,20.0,2025-06-06,False,False
2025-06-08 22:00:00+00:00,8852.7,8854.7,8834.1,8837.7,1660,1,0.0,6.0,True,2025-06-08 23:00:00,23.0,2025-06-08,False,False
2025-06-08 23:00:00+00:00,8837.6,8853.1,8835.7,8843.2,3305,4,0.0,6.0,True,2025-06-09 00:00:00,0.0,2025-06-09,False,False
2025-06-09 03:00:00+00:00,8842.9,8845.5,8833.0,8840.3,1616,4,0.0,4.900000000000091,True,2025-06-09 04:00:00,4.0,2025-06-09,False,False
2025-06-09 07:00:00+00:00,8841.3,8860.0,8829.3,8832.8,5849,4,1.0,1.300000000000182,True,2025-06-09 08:00:00,8.0,2025-06-09,True,False
2025-06-09 11:00:00+00:00,8833.5,8836.5,8818.8,8825.8,6595,4,1.0,1.2999999999992724,True,2025-06-09 12:00:00,12.0,2025-06-09,True,False
2025-06-09 15:00:00+00:00,8826.3,8858.0,8821.0,8850.5,3038,4,0.25,1.5999999999989996,True,2025-06-09 16:00:00,16.0,2025-06-09,True,False
2025-06-09 19:00:00+00:00,8850.3,8850.3,8822.3,8831.7,1656,3,0.0,4.533333333332848,True,2025-06-09 20:00:00,20.0,2025-06-09,False,False
2025-06-09 23:00:00+00:00,8832.0,8850.5,8822.3,8848.5,3220,4,0.0,6.0,True,2025-06-10 00:00:00,0.0,2025-06-10,False,False
2025-06-10 03:00:00+00:00,8848.3,8862.8,8821.5,8856.5,2844,4,0.0,4.899999999999636,True,2025-06-10 04:00:00,4.0,2025-06-10,False,False
2025-06-10 07:00:00+00:00,8856.0,8886.5,8853.0,8875.5,10848,4,1.0,1.3000000000006366,True,2025-06-10 08:00:00,8.0,2025-06-10,True,False
2025-06-10 11:00:00+00:00,8876.8,8893.8,8863.3,8868.8,8784,4,1.0,1.2999999999997272,True,2025-06-10 12:00:00,12.0,2025-06-10,True,False
2025-06-10 15:00:00+00:00,8869.3,8880.5,8854.3,8867.5,5278,4,0.25,1.5999999999994543,True,2025-06-10 16:00:00,16.0,2025-06-10,True,False
2025-06-10 19:00:00+00:00,8867.8,8874.5,8860.0,8868.5,2187,3,0.0,4.533333333332848,True,2025-06-10 20:00:00,20.0,2025-06-10,False,False
2025-06-10 23:00:00+00:00,8868.4,8874.8,8852.4,8855.0,4968,4,0.0,6.0,True,2025-06-11 00:00:00,0.0,2025-06-11,False,False
2025-06-11 03:00:00+00:00,8855.5,8866.8,8850.8,8866.0,2200,4,0.0,4.899999999999636,True,2025-06-11 04:00:00,4.0,2025-06-11,False,False
2025-06-11 07:00:00+00:00,8867.5,8891.5,8853.3,8861.5,7667,4,1.0,1.2999999999997272,True,2025-06-11 08:00:00,8.0,2025-06-11,True,False
2025-06-11 11:00:00+00:00,8861.8,8887.5,8850.5,8875.0,11149,4,1.0,1.3000000000006366,True,2025-06-11 12:00:00,12.0,2025-06-11,True,False
2025-06-11 15:00:00+00:00,8875.3,8884.5,8840.8,8857.8,6695,4,0.25,1.5999999999994543,True,2025-06-11 16:00:00,16.0,2025-06-11,True,False
2025-06-11 19:00:00+00:00,8857.5,8866.5,8847.1,8849.9,4010,3,0.0,4.533333333333455,True,2025-06-11 20:00:00,20.0,2025-06-11,False,False
2025-06-11 23:00:00+00:00,8848.9,8858.4,8836.2,8839.0,5454,4,0.0,6.0,True,2025-06-12 00:00:00,0.0,2025-06-12,False,False
2025-06-12 03:00:00+00:00,8839.1,8845.3,8829.0,8841.0,2734,4,0.0,4.899999999999636,True,2025-06-12 04:00:00,4.0,2025-06-12,False,False
2025-06-12 07:00:00+00:00,8839.5,8875.8,8838.8,8853.0,10546,4,1.0,1.3000000000010914,True,2025-06-12 08:00:00,8.0,2025-06-12,True,False
2025-06-12 11:00:00+00:00,8852.5,8895.3,8851.8,8893.3,9489,4,1.0,1.2999999999997272,True,2025-06-12 12:00:00,12.0,2025-06-12,True,False
2025-06-12 15:00:00+00:00,8893.5,8904.3,8878.5,8899.8,5899,4,0.25,1.5999999999994543,True,2025-06-12 16:00:00,16.0,2025-06-12,True,False
2025-06-12 19:00:00+00:00,8899.5,8900.5,8875.0,8884.9,2170,3,0.0,4.533333333333455,True,2025-06-12 20:00:00,20.0,2025-06-12,False,False
2025-06-12 23:00:00+00:00,8884.6,8885.9,8820.1,8844.6,14828,4,0.0,6.0,True,2025-06-13 00:00:00,0.0,2025-06-13,False,False
2025-06-13 03:00:00+00:00,8844.5,8858.2,8823.0,8834.0,6320,4,0.0,4.899999999999636,True,2025-06-13 04:00:00,4.0,2025-06-13,False,False
2025-06-13 07:00:00+00:00,8835.0,8863.3,8821.3,8854.5,9094,4,1.0,1.3000000000010914,True,2025-06-13 08:00:00,8.0,2025-06-13,True,False
2025-06-13 11:00:00+00:00,8854.0,8886.5,8837.8,8845.0,8695,4,1.0,1.300000000000182,True,2025-06-13 12:00:00,12.0,2025-06-13,True,False
2025-06-13 15:00:00+00:00,8844.8,8867.8,8819.8,8834.5,7137,4,0.25,1.5999999999985448,True,2025-06-13 16:00:00,16.0,2025-06-13,True,False
2025-06-13 19:00:00+00:00,8834.3,8839.0,8824.0,8838.0,2082,1,0.0,1.5999999999985448,True,2025-06-13 20:00:00,20.0,2025-06-13,False,False
2025-06-15 22:00:00+00:00,8825.1,8852.0,8821.2,8843.9,3468,1,0.0,6.0,True,2025-06-15 23:00:00,23.0,2025-06-15,False,False
2025-06-15 23:00:00+00:00,8844.2,8857.5,8833.9,8841.5,7030,4,0.0,6.0,True,2025-06-16 00:00:00,0.0,2025-06-16,False,False
2025-06-16 03:00:00+00:00,8841.7,8860.5,8833.3,8855.5,2832,4,0.0,4.899999999999636,True,2025-06-16 04:00:00,4.0,2025-06-16,False,False
2025-06-16 07:00:00+00:00,8854.8,8903.5,8854.8,8903.5,6352,4,1.0,1.3000000000010914,True,2025-06-16 08:00:00,8.0,2025-06-16,True,False
2025-06-16 11:00:00+00:00,8903.8,8903.8,8868.1,8891.8,8998,4,1.0,1.3000000000006366,True,2025-06-16 12:00:00,12.0,2025-06-16,True,False
2025-06-16 15:00:00+00:00,8891.6,8894.1,8844.8,8848.1,6494,4,0.25,1.6000000000003638,True,2025-06-16 16:00:00,16.0,2025-06-16,True,False
2025-06-16 19:00:00+00:00,8847.8,8848.3,8823.6,8831.4,4329,3,0.0,4.533333333333455,True,2025-06-16 20:00:00,20.0,2025-06-16,False,False
2025-06-16 23:00:00+00:00,8831.3,8841.3,8816.3,8834.0,11445,4,0.0,6.0,True,2025-06-17 00:00:00,0.0,2025-06-17,False,False
2025-06-17 03:00:00+00:00,8833.9,8838.6,8821.8,8825.6,4528,4,0.0,4.900000000000091,True,2025-06-17 04:00:00,4.0,2025-06-17,False,False
2025-06-17 07:00:00+00:00,8826.1,8850.1,8806.1,8837.3,11665,4,1.0,1.300000000000182,True,2025-06-17 08:00:00,8.0,2025-06-17,True,False
2025-06-17 11:00:00+00:00,8837.6,8857.1,8820.8,8839.1,10457,4,1.0,1.3000000000006366,True,2025-06-17 12:00:00,12.0,2025-06-17,True,False
2025-06-17 15:00:00+00:00,8838.8,8863.8,8829.8,8847.1,8950,4,0.25,1.6000000000003638,True,2025-06-17 16:00:00,16.0,2025-06-17,True,False
2025-06-17 19:00:00+00:00,8847.3,8852.1,8824.3,8826.0,4527,3,0.0,4.533333333332848,True,2025-06-17 20:00:00,20.0,2025-06-17,False,False
2025-06-17 23:00:00+00:00,8825.7,8848.3,8824.5,8838.8,6568,4,0.0,6.0,True,2025-06-18 00:00:00,0.0,2025-06-18,False,False
2025-06-18 03:00:00+00:00,8838.9,8852.3,8835.6,8842.1,5046,4,0.0,4.900000000000091,True,2025-06-18 04:00:00,4.0,2025-06-18,False,False
2025-06-18 07:00:00+00:00,8844.0,8856.6,8823.8,8825.1,8838,4,1.0,1.3000000000006366,True,2025-06-18 08:00:00,8.0,2025-06-18,True,False
2025-06-18 11:00:00+00:00,8825.6,8858.8,8818.1,8847.8,10163,4,1.0,1.300000000000182,True,2025-06-18 12:00:00,12.0,2025-06-18,True,False
2025-06-18 15:00:00+00:00,8847.6,8864.3,8838.3,8843.8,9130,4,0.25,1.6000000000003638,True,2025-06-18 16:00:00,16.0,2025-06-18,True,False
2025-06-18 19:00:00+00:00,8844.1,8878.3,8840.1,8867.9,5942,3,0.0,4.533333333332848,True,2025-06-18 20:00:00,20.0,2025-06-18,False,False
2025-06-18 23:00:00+00:00,8867.8,8894.7,8865.3,8889.8,5681,4,0.0,6.0,True,2025-06-19 00:00:00,0.0,2025-06-19,False,False
2025-06-19 03:00:00+00:00,8890.0,8891.0,8831.6,8831.6,3107,4,0.0,4.900000000000091,True,2025-06-19 04:00:00,4.0,2025-06-19,False,False
2025-06-19 07:00:00+00:00,8831.3,8853.0,8812.3,8849.8,9299,4,1.0,1.2999999999997272,True,2025-06-19 08:00:00,8.0,2025-06-19,True,False
2025-06-19 11:00:00+00:00,8849.6,8858.6,8828.8,8832.8,9107,4,1.0,1.2999999999997272,True,2025-06-19 12:00:00,12.0,2025-06-19,True,False
2025-06-19 15:00:00+00:00,8833.1,8839.3,8805.8,8818.8,4420,4,0.25,1.6000000000003638,True,2025-06-19 16:00:00,16.0,2025-06-19,True,False
2025-06-19 19:00:00+00:00,8817.3,8877.5,8813.8,8871.0,3763,2,0.0,3.800000000000182,True,2025-06-19 20:00:00,20.0,2025-06-19,False,False
2025-06-19 23:00:00+00:00,8871.2,8873.5,8829.8,8839.1,6449,4,0.0,6.0,True,2025-06-20 00:00:00,0.0,2025-06-20,False,False
2025-06-20 03:00:00+00:00,8839.0,8862.8,8834.6,8834.6,3350,4,0.0,4.900000000000091,True,2025-06-20 04:00:00,4.0,2025-06-20,False,False
2025-06-20 07:00:00+00:00,8834.8,8868.1,8831.8,8857.8,9572,4,1.0,1.300000000000182,True,2025-06-20 08:00:00,8.0,2025-06-20,True,False
2025-06-20 11:00:00+00:00,8857.1,8861.8,8798.3,8803.8,12334,4,1.0,1.300000000000182,True,2025-06-20 12:00:00,12.0,2025-06-20,True,False
2025-06-20 15:00:00+00:00,8803.1,8808.3,8762.8,8775.1,8873,4,0.25,1.6000000000003638,True,2025-06-20 16:00:00,16.0,2025-06-20,True,False
2025-06-20 19:00:00+00:00,8774.8,8778.6,8766.8,8769.3,2305,1,0.0,1.6000000000003638,True,2025-06-20 20:00:00,20.0,2025-06-20,False,False
2025-06-22 22:00:00+00:00,8739.3,8766.7,8735.5,8760.3,3443,1,0.0,6.0,True,2025-06-22 23:00:00,23.0,2025-06-22,False,False
2025-06-22 23:00:00+00:00,8760.2,8768.0,8747.1,8761.1,6711,4,0.0,6.0,True,2025-06-23 00:00:00,0.0,2025-06-23,False,False
2025-06-23 03:00:00+00:00,8760.9,8772.3,8745.6,8762.1,3041,4,0.0,4.900000000000091,True,2025-06-23 04:00:00,4.0,2025-06-23,False,False
2025-06-23 07:00:00+00:00,8763.6,8807.6,8755.3,8786.6,10685,4,1.0,1.3000000000006366,True,2025-06-23 08:00:00,8.0,2025-06-23,True,False
2025-06-23 11:00:00+00:00,8786.1,8789.8,8760.1,8768.6,10787,4,1.0,1.3000000000010914,True,2025-06-23 12:00:00,12.0,2025-06-23,True,False
2025-06-23 15:00:00+00:00,8768.8,8786.3,8748.8,8780.1,11064,4,0.25,1.6000000000003638,True,2025-06-23 16:00:00,16.0,2025-06-23,True,False
2025-06-23 19:00:00+00:00,8780.3,8814.5,8779.8,8808.7,5387,3,0.0,4.533333333333455,True,2025-06-23 20:00:00,20.0,2025-06-23,False,False
2025-06-23 23:00:00+00:00,8808.6,8820.8,8795.7,8812.8,8342,4,0.0,6.0,True,2025-06-24 00:00:00,0.0,2025-06-24,False,False
2025-06-24 03:00:00+00:00,8812.6,8838.8,8806.3,8831.1,4018,4,0.0,4.900000000000091,True,2025-06-24 04:00:00,4.0,2025-06-24,False,False
2025-06-24 07:00:00+00:00,8830.6,8842.1,8795.1,8809.6,12957,4,1.0,1.3000000000006366,True,2025-06-24 08:00:00,8.0,2025-06-24,True,False
2025-06-24 11:00:00+00:00,8808.8,8818.8,8776.6,8791.8,10314,4,1.0,1.2999999999997272,True,2025-06-24 12:00:00,12.0,2025-06-24,True,False
2025-06-24 15:00:00+00:00,8791.6,8797.6,8770.8,8781.8,5513,4,0.25,1.6000000000003638,True,2025-06-24 16:00:00,16.0,2025-06-24,True,False
2025-06-24 19:00:00+00:00,8782.3,8796.8,8776.7,8780.0,2136,3,0.0,4.533333333333455,True,2025-06-24 20:00:00,20.0,2025-06-24,False,False
2025-06-24 23:00:00+00:00,8780.2,8785.9,8772.8,8779.3,3441,4,0.0,6.0,True,2025-06-25 00:00:00,0.0,2025-06-25,False,False
2025-06-25 03:00:00+00:00,8779.4,8794.1,8779.1,8783.1,2026,4,0.0,4.900000000000091,True,2025-06-25 04:00:00,4.0,2025-06-25,False,False
2025-06-25 07:00:00+00:00,8783.3,8811.3,8770.6,8774.3,8208,4,1.0,1.300000000000182,True,2025-06-25 08:00:00,8.0,2025-06-25,True,False
2025-06-25 11:00:00+00:00,8774.8,8783.3,8733.6,8745.1,8497,4,1.0,1.300000000000182,True,2025-06-25 12:00:00,12.0,2025-06-25,True,False
2025-06-25 15:00:00+00:00,8745.3,8747.8,8725.3,8727.3,7303,4,0.25,1.6000000000003638,True,2025-06-25 16:00:00,16.0,2025-06-25,True,False
2025-06-25 19:00:00+00:00,8727.1,8737.1,8720.6,8729.7,2375,3,0.0,4.533333333333455,True,2025-06-25 20:00:00,20.0,2025-06-25,False,False
2025-06-25 23:00:00+00:00,8729.9,8730.1,8716.4,8720.3,3768,4,0.0,6.0,True,2025-06-26 00:00:00,0.0,2025-06-26,False,False
2025-06-26 03:00:00+00:00,8720.4,8736.3,8718.4,8726.3,2440,4,0.0,4.900000000000091,True,2025-06-26 04:00:00,4.0,2025-06-26,False,False
2025-06-26 07:00:00+00:00,8727.6,8775.1,8725.1,8774.8,8424,4,1.0,1.300000000000182,True,2025-06-26 08:00:00,8.0,2025-06-26,True,False
2025-06-26 11:00:00+00:00,8775.1,8779.3,8749.8,8768.3,9721,4,1.0,1.300000000000182,True,2025-06-26 12:00:00,12.0,2025-06-26,True,False
2025-06-26 15:00:00+00:00,8768.1,8774.6,8755.3,8764.3,4934,4,0.25,1.6000000000003638,True,2025-06-26 16:00:00,16.0,2025-06-26,True,False
2025-06-26 19:00:00+00:00,8764.8,8787.7,8764.8,8783.6,2576,3,0.0,4.533333333333455,True,2025-06-26 20:00:00,20.0,2025-06-26,False,False
2025-06-26 23:00:00+00:00,8783.7,8788.3,8769.5,8773.3,4419,4,0.0,6.0,True,2025-06-27 00:00:00,0.0,2025-06-27,False,False
2025-06-27 03:00:00+00:00,8773.5,8780.6,8763.8,8767.3,3193,4,0.0,4.900000000000091,True,2025-06-27 04:00:00,4.0,2025-06-27,False,False
2025-06-27 07:00:00+00:00,8767.6,8808.3,8767.6,8806.8,7489,4,1.0,1.300000000000182,True,2025-06-27 08:00:00,8.0,2025-06-27,True,False
2025-06-27 11:00:00+00:00,8807.1,8813.1,8775.1,8793.1,9276,4,1.0,1.300000000000182,True,2025-06-27 12:00:00,12.0,2025-06-27,True,False
2025-06-27 15:00:00+00:00,8793.6,8821.8,8782.6,8785.1,8102,4,0.25,1.6000000000003638,True,2025-06-27 16:00:00,16.0,2025-06-27,True,False
2025-06-27 19:00:00+00:00,8784.8,8806.8,8782.1,8805.3,2076,1,0.0,1.6000000000003638,True,2025-06-27 20:00:00,20.0,2025-06-27,False,False
2025-06-29 22:00:00+00:00,8810.3,8825.1,8807.4,8819.9,1433,1,0.0,6.0,True,2025-06-29 23:00:00,23.0,2025-06-29,False,False
2025-06-29 23:00:00+00:00,8820.0,8825.6,8801.0,8811.0,2999,4,0.0,6.0,True,2025-06-30 00:00:00,0.0,2025-06-30,False,False
2025-06-30 03:00:00+00:00,8811.3,8820.5,8809.3,8818.6,2602,4,0.0,4.900000000000091,True,2025-06-30 04:00:00,4.0,2025-06-30,False,False
2025-06-30 07:00:00+00:00,8819.0,8837.1,8786.8,8819.1,7539,4,1.0,1.3000000000010914,True,2025-06-30 08:00:00,8.0,2025-06-30,True,False
2025-06-30 11:00:00+00:00,8818.3,8820.3,8779.8,8792.6,7585,4,1.0,1.3000000000006366,True,2025-06-30 12:00:00,12.0,2025-06-30,True,False
2025-06-30 15:00:00+00:00,8792.8,8794.8,8771.3,8788.3,5715,4,0.25,1.6000000000003638,True,2025-06-30 16:00:00,16.0,2025-06-30,True,False
2025-06-30 19:00:00+00:00,8788.6,8794.6,8777.8,8778.5,2534,3,0.0,4.533333333333455,True,2025-06-30 20:00:00,20.0,2025-06-30,False,False
2025-06-30 23:00:00+00:00,8778.8,8802.2,8776.8,8791.3,3231,4,0.0,6.0,True,2025-07-01 00:00:00,0.0,2025-07-01,False,False
2025-07-01 03:00:00+00:00,8791.2,8798.3,8783.3,8790.8,2349,4,0.0,4.900000000000091,True,2025-07-01 04:00:00,4.0,2025-07-01,False,False
2025-07-01 07:00:00+00:00,8790.6,8805.6,8743.1,8744.6,8231,4,1.0,1.3000000000006366,True,2025-07-01 08:00:00,8.0,2025-07-01,True,False
2025-07-01 11:00:00+00:00,8745.6,8799.3,8744.8,8790.1,9297,4,1.0,1.300000000000182,True,2025-07-01 12:00:00,12.0,2025-07-01,True,False
2025-07-01 15:00:00+00:00,8789.8,8824.3,8788.6,8811.6,6311,4,0.25,1.6000000000003638,True,2025-07-01 16:00:00,16.0,2025-07-01,True,False
2025-07-01 19:00:00+00:00,8811.3,8813.9,8800.8,8813.9,2880,3,0.0,4.533333333333455,True,2025-07-01 20:00:00,20.0,2025-07-01,False,False
2025-07-01 23:00:00+00:00,8814.2,8814.9,8795.8,8811.5,3403,4,0.0,6.0,True,2025-07-02 00:00:00,0.0,2025-07-02,False,False
2025-07-02 03:00:00+00:00,8811.7,8836.1,8810.2,8833.1,2590,4,0.0,4.900000000000091,True,2025-07-02 04:00:00,4.0,2025-07-02,False,False
2025-07-02 07:00:00+00:00,8833.8,8844.8,8803.3,8821.8,8954,4,1.0,1.3000000000006366,True,2025-07-02 08:00:00,8.0,2025-07-02,True,False
2025-07-02 11:00:00+00:00,8821.6,8823.3,8754.3,8783.6,13746,4,1.0,1.3000000000006366,True,2025-07-02 12:00:00,12.0,2025-07-02,True,False
2025-07-02 15:00:00+00:00,8783.1,8807.3,8781.6,8805.6,5011,4,0.25,1.6000000000003638,True,2025-07-02 16:00:00,16.0,2025-07-02,True,False
2025-07-02 19:00:00+00:00,8805.3,8815.4,8801.6,8811.0,1822,3,0.0,4.533333333333455,True,2025-07-02 20:00:00,20.0,2025-07-02,False,False
2025-07-02 23:00:00+00:00,8810.9,8816.5,8801.3,8809.5,3165,4,0.0,6.0,True,2025-07-03 00:00:00,0.0,2025-07-03,False,False
2025-07-03 03:00:00+00:00,8809.3,8822.1,8808.3,8820.1,2611,4,0.0,4.900000000000091,True,2025-07-03 04:00:00,4.0,2025-07-03,False,False
2025-07-03 07:00:00+00:00,8818.8,8835.8,8812.6,8823.3,6931,4,1.0,1.2999999999992724,True,2025-07-03 08:00:00,8.0,2025-07-03,True,False
2025-07-03 11:00:00+00:00,8823.1,8852.8,8818.3,8830.1,8760,4,1.0,1.2999999999997272,True,2025-07-03 12:00:00,12.0,2025-07-03,True,False
2025-07-03 15:00:00+00:00,8830.6,8843.8,8827.1,8835.1,3879,4,0.25,1.6000000000003638,True,2025-07-03 16:00:00,16.0,2025-07-03,True,False
2025-07-03 19:00:00+00:00,8834.8,8837.5,8825.3,8832.7,1224,2,0.0,3.800000000000182,True,2025-07-03 20:00:00,20.0,2025-07-03,False,False
2025-07-03 23:00:00+00:00,8832.6,8834.0,8817.7,8823.0,3063,4,0.0,6.0,True,2025-07-04 00:00:00,0.0,2025-07-04,False,False
2025-07-04 03:00:00+00:00,8822.8,8823.3,8803.6,8805.8,2485,4,0.0,4.900000000000091,True,2025-07-04 04:00:00,4.0,2025-07-04,False,False
2025-07-04 07:00:00+00:00,8804.6,8816.8,8792.1,8800.8,6194,4,1.0,1.300000000000182,True,2025-07-04 08:00:00,8.0,2025-07-04,True,False
2025-07-04 11:00:00+00:00,8800.3,8844.6,8800.3,8838.6,4494,4,1.0,1.300000000000182,True,2025-07-04 12:00:00,12.0,2025-07-04,True,False
2025-07-04 15:00:00+00:00,8838.3,8840.6,8813.1,8817.6,2547,4,0.25,1.6000000000003638,True,2025-07-04 16:00:00,16.0,2025-07-04,True,False
2025-07-04 19:00:00+00:00,8817.3,8817.8,8804.0,8805.8,463,1,0.0,1.6000000000003638,True,2025-07-04 20:00:00,20.0,2025-07-04,False,False
2025-07-06 22:00:00+00:00,8825.6,8833.9,8825.5,8827.4,1245,1,0.0,6.0,True,2025-07-06 23:00:00,23.0,2025-07-06,False,False
2025-07-06 23:00:00+00:00,8827.1,8832.3,8809.7,8810.4,4702,4,0.0,6.0,True,2025-07-07 00:00:00,0.0,2025-07-07,False,False
2025-07-07 03:00:00+00:00,8810.1,8826.3,8805.5,8825.6,3063,4,0.0,4.900000000000091,True,2025-07-07 04:00:00,4.0,2025-07-07,False,False
2025-07-07 07:00:00+00:00,8825.1,8844.8,8809.6,8844.6,6901,4,1.0,1.3000000000006366,True,2025-07-07 08:00:00,8.0,2025-07-07,True,False
2025-07-07 11:00:00+00:00,8845.6,8849.3,8814.6,8822.3,6970,4,1.0,1.300000000000182,True,2025-07-07 12:00:00,12.0,2025-07-07,True,False
2025-07-07 15:00:00+00:00,8822.1,8825.6,8780.3,8798.1,8791,4,0.25,1.6000000000003638,True,2025-07-07 16:00:00,16.0,2025-07-07,True,False
2025-07-07 19:00:00+00:00,8797.8,8799.1,8768.8,8783.0,3776,3,0.0,4.533333333333455,True,2025-07-07 20:00:00,20.0,2025-07-07,False,False
2025-07-07 23:00:00+00:00,8783.1,8796.6,8776.3,8795.1,4390,4,0.0,6.0,True,2025-07-08 00:00:00,0.0,2025-07-08,False,False
2025-07-08 03:00:00+00:00,8795.0,8815.6,8784.8,8809.6,2637,4,0.0,4.900000000000091,True,2025-07-08 04:00:00,4.0,2025-07-08,False,False
2025-07-08 07:00:00+00:00,8810.3,8836.6,8810.1,8829.3,6762,4,1.0,1.2999999999997272,True,2025-07-08 08:00:00,8.0,2025-07-08,True,False
2025-07-08 11:00:00+00:00,8829.8,8860.3,8819.3,8856.6,7155,4,1.0,1.300000000000182,True,2025-07-08 12:00:00,12.0,2025-07-08,True,False
2025-07-08 15:00:00+00:00,8856.8,8887.8,8852.3,8882.1,6825,4,0.25,1.6000000000003638,True,2025-07-08 16:00:00,16.0,2025-07-08,True,False
2025-07-08 19:00:00+00:00,8881.8,8882.8,8870.8,8874.0,2153,3,0.0,4.533333333333455,True,2025-07-08 20:00:00,20.0,2025-07-08,False,False
2025-07-08 23:00:00+00:00,8873.9,8876.9,8859.6,8870.8,3509,4,0.0,6.0,True,2025-07-09 00:00:00,0.0,2025-07-09,False,False
2025-07-09 03:00:00+00:00,8870.9,8877.8,8860.8,8875.6,2251,4,0.0,4.900000000000091,True,2025-07-09 04:00:00,4.0,2025-07-09,False,False
2025-07-09 07:00:00+00:00,8876.6,8896.6,8864.1,8895.6,7582,4,1.0,1.300000000000182,True,2025-07-09 08:00:00,8.0,2025-07-09,True,False
2025-07-09 11:00:00+00:00,8896.1,8898.3,8866.6,8875.6,8078,4,1.0,1.3000000000006366,True,2025-07-09 12:00:00,12.0,2025-07-09,True,False
2025-07-09 15:00:00+00:00,8875.3,8909.3,8869.1,8908.8,5028,4,0.25,1.6000000000003638,True,2025-07-09 16:00:00,16.0,2025-07-09,True,False
2025-07-09 19:00:00+00:00,8908.3,8919.1,8906.3,8913.2,1642,3,0.0,4.533333333333455,True,2025-07-09 20:00:00,20.0,2025-07-09,False,False
2025-07-09 23:00:00+00:00,8913.4,8917.2,8900.5,8915.6,3446,4,0.0,6.0,True,2025-07-10 00:00:00,0.0,2025-07-10,False,False
2025-07-10 03:00:00+00:00,8915.4,8936.3,8907.3,8928.1,2716,4,0.0,4.900000000000091,True,2025-07-10 04:00:00,4.0,2025-07-10,False,False
2025-07-10 07:00:00+00:00,8927.6,8982.8,8927.6,8980.1,7765,4,1.0,1.300000000000182,True,2025-07-10 08:00:00,8.0,2025-07-10,True,False
2025-07-10 11:00:00+00:00,8981.1,8985.3,8947.1,8983.8,8413,4,1.0,1.2999999999992724,True,2025-07-10 12:00:00,12.0,2025-07-10,True,False
2025-07-10 15:00:00+00:00,8983.6,9002.1,8980.3,8993.1,4476,4,0.25,1.6000000000003638,True,2025-07-10 16:00:00,16.0,2025-07-10,True,False
2025-07-10 19:00:00+00:00,8992.8,8998.6,8984.0,8992.7,1517,3,0.0,4.533333333333455,True,2025-07-10 20:00:00,20.0,2025-07-10,False,False
2025-07-10 23:00:00+00:00,8993.0,8995.0,8968.4,8984.5,7311,4,0.0,6.0,True,2025-07-11 00:00:00,0.0,2025-07-11,False,False
2025-07-11 03:00:00+00:00,8984.6,8989.5,8969.3,8976.1,3311,4,0.0,4.900000000000091,True,2025-07-11 04:00:00,4.0,2025-07-11,False,False
2025-07-11 07:00:00+00:00,8975.3,8992.3,8924.6,8932.6,8425,4,1.0,1.3000000000006366,True,2025-07-11 08:00:00,8.0,2025-07-11,True,False
2025-07-11 11:00:00+00:00,8934.1,8953.8,8927.8,8943.8,7957,4,1.0,1.2999999999992724,True,2025-07-11 12:00:00,12.0,2025-07-11,True,False
2025-07-11 15:00:00+00:00,8943.3,8961.3,8931.8,8960.3,5118,4,0.25,1.6000000000003638,True,2025-07-11 16:00:00,16.0,2025-07-11,True,False
2025-07-11 19:00:00+00:00,8960.6,8963.1,8947.1,8952.8,1330,1,0.0,1.6000000000003638,True,2025-07-11 20:00:00,20.0,2025-07-11,False,False
2025-07-13 22:00:00+00:00,8934.3,8945.1,8931.0,8943.1,1461,1,0.0,6.0,True,2025-07-13 23:00:00,23.0,2025-07-13,False,False
2025-07-13 23:00:00+00:00,8942.9,8945.1,8925.6,8932.8,5096,4,0.0,6.0,True,2025-07-14 00:00:00,0.0,2025-07-14,False,False
2025-07-14 03:00:00+00:00,8933.0,8943.8,8923.8,8935.1,2791,4,0.0,4.900000000000091,True,2025-07-14 04:00:00,4.0,2025-07-14,False,False
2025-07-14 07:00:00+00:00,8934.8,8986.1,8930.8,8982.1,7854,4,1.0,1.300000000000182,True,2025-07-14 08:00:00,8.0,2025-07-14,True,False
2025-07-14 11:00:00+00:00,8982.3,8993.1,8967.8,8989.3,7335,4,1.0,1.2999999999997272,True,2025-07-14 12:00:00,12.0,2025-07-14,True,False
2025-07-14 15:00:00+00:00,8989.6,9030.8,8987.8,9025.1,4808,4,0.25,1.6000000000003638,True,2025-07-14 16:00:00,16.0,2025-07-14,True,False
2025-07-14 19:00:00+00:00,9024.8,9030.1,9017.3,9018.5,1849,3,0.0,4.533333333333455,True,2025-07-14 20:00:00,20.0,2025-07-14,False,False
2025-07-14 23:00:00+00:00,9018.7,9047.9,9017.5,9018.8,6140,4,0.0,6.0,True,2025-07-15 00:00:00,0.0,2025-07-15,False,False
2025-07-15 03:00:00+00:00,9018.4,9031.3,9013.8,9015.6,3623,4,0.0,4.900000000000091,True,2025-07-15 04:00:00,4.0,2025-07-15,False,False
2025-07-15 07:00:00+00:00,9016.6,9020.6,8993.6,8996.1,6721,4,1.0,1.3000000000006366,True,2025-07-15 08:00:00,8.0,2025-07-15,True,False
2025-07-15 11:00:00+00:00,8995.6,9013.1,8943.3,8943.6,9815,4,1.0,1.300000000000182,True,2025-07-15 12:00:00,12.0,2025-07-15,True,False
2025-07-15 15:00:00+00:00,8943.8,8962.6,8940.6,8950.6,6777,4,0.25,1.6000000000003638,True,2025-07-15 16:00:00,16.0,2025-07-15,True,False
2025-07-15 19:00:00+00:00,8950.3,8960.8,8933.7,8939.7,3005,3,0.0,4.533333333333455,True,2025-07-15 20:00:00,20.0,2025-07-15,False,False
2025-07-15 23:00:00+00:00,8940.0,8953.1,8929.8,8946.6,4404,4,0.0,6.0,True,2025-07-16 00:00:00,0.0,2025-07-16,False,False
2025-07-16 03:00:00+00:00,8946.4,8955.3,8918.1,8927.6,3520,4,0.0,4.900000000000091,True,2025-07-16 04:00:00,4.0,2025-07-16,False,False
2025-07-16 07:00:00+00:00,8928.3,8962.1,8924.1,8952.6,7291,4,1.0,1.3000000000006366,True,2025-07-16 08:00:00,8.0,2025-07-16,True,False
2025-07-16 11:00:00+00:00,8952.3,8976.3,8952.1,8955.6,8800,4,1.0,1.2999999999997272,True,2025-07-16 12:00:00,12.0,2025-07-16,True,False
2025-07-16 15:00:00+00:00,8956.1,8989.3,8919.3,8988.1,13090,4,0.25,1.6000000000003638,True,2025-07-16 16:00:00,16.0,2025-07-16,True,False
2025-07-16 19:00:00+00:00,8987.8,8989.8,8973.1,8973.9,2183,3,0.0,4.533333333333455,True,2025-07-16 20:00:00,20.0,2025-07-16,False,False
2025-07-16 23:00:00+00:00,8974.2,8988.4,8973.0,8983.6,3593,4,0.0,6.0,True,2025-07-17 00:00:00,0.0,2025-07-17,False,False
2025-07-17 03:00:00+00:00,8983.8,8997.1,8969.8,8971.6,2923,4,0.0,4.900000000000091,True,2025-07-17 04:00:00,4.0,2025-07-17,False,False
2025-07-17 07:00:00+00:00,8972.6,8977.6,8942.6,8969.1,7845,4,1.0,1.3000000000006366,True,2025-07-17 08:00:00,8.0,2025-07-17,True,False
2025-07-17 11:00:00+00:00,8968.8,8983.8,8950.8,8975.8,7705,4,1.0,1.300000000000182,True,2025-07-17 12:00:00,12.0,2025-07-17,True,False
2025-07-17 15:00:00+00:00,8975.6,8986.3,8952.3,8984.8,5215,4,0.25,1.6000000000003638,True,2025-07-17 16:00:00,16.0,2025-07-17,True,False
2025-07-17 19:00:00+00:00,8985.1,8989.6,8981.1,8986.5,2064,3,0.0,4.533333333333455,True,2025-07-17 20:00:00,20.0,2025-07-17,False,False
2025-07-17 23:00:00+00:00,8986.6,9002.0,8983.5,8999.2,3735,4,0.0,6.0,True,2025-07-18 00:00:00,0.0,2025-07-18,False,False
2025-07-18 03:00:00+00:00,8999.8,9014.6,8999.4,9007.1,2749,4,0.0,4.900000000000091,True,2025-07-18 04:00:00,4.0,2025-07-18,False,False
2025-07-18 07:00:00+00:00,9006.1,9011.1,8968.3,8970.1,7574,4,1.0,1.3000000000006366,True,2025-07-18 08:00:00,8.0,2025-07-18,True,False
2025-07-18 11:00:00+00:00,8971.6,8996.6,8967.8,8984.1,7688,4,1.0,1.3000000000006366,True,2025-07-18 12:00:00,12.0,2025-07-18,True,False
2025-07-18 15:00:00+00:00,8984.3,9003.1,8977.8,8979.3,6231,4,0.25,1.6000000000003638,True,2025-07-18 16:00:00,16.0,2025-07-18,True,False
2025-07-18 19:00:00+00:00,8979.6,8987.6,8979.1,8984.3,956,1,0.0,1.6000000000003638,True,2025-07-18 20:00:00,20.0,2025-07-18,False,False
2025-07-20 22:00:00+00:00,8980.8,8987.5,8979.3,8986.5,573,1,0.0,6.0,True,2025-07-20 23:00:00,23.0,2025-07-20,False,False
2025-07-20 23:00:00+00:00,8986.4,8993.3,8977.1,8981.1,2935,4,0.0,6.0,True,2025-07-21 00:00:00,0.0,2025-07-21,False,False
2025-07-21 03:00:00+00:00,8981.0,8989.8,8975.5,8986.1,2957,4,0.0,4.900000000000091,True,2025-07-21 04:00:00,4.0,2025-07-21,False,False
2025-07-21 07:00:00+00:00,8988.3,9006.6,8973.6,8979.6,5838,4,1.0,1.2999999999997272,True,2025-07-21 08:00:00,8.0,2025-07-21,True,False
2025-07-21 11:00:00+00:00,8979.1,8998.8,8974.1,8996.6,7446,4,1.0,1.3000000000006366,True,2025-07-21 12:00:00,12.0,2025-07-21,True,False
2025-07-21 15:00:00+00:00,8996.8,9013.3,8992.1,8993.8,4262,4,0.25,1.6000000000003638,True,2025-07-21 16:00:00,16.0,2025-07-21,True,False
2025-07-21 19:00:00+00:00,8994.1,8994.1,8981.1,8988.4,2066,3,0.0,4.533333333333455,True,2025-07-21 20:00:00,20.0,2025-07-21,False,False
2025-07-21 23:00:00+00:00,8988.7,8991.9,8981.6,8982.6,2744,4,0.0,6.0,True,2025-07-22 00:00:00,0.0,2025-07-22,False,False
2025-07-22 03:00:00+00:00,8982.8,8996.1,8977.3,8995.8,2812,4,0.0,4.900000000000091,True,2025-07-22 04:00:00,4.0,2025-07-22,False,False
2025-07-22 07:00:00+00:00,8995.3,9023.8,8994.1,9008.1,7348,4,1.0,1.2999999999997272,True,2025-07-22 08:00:00,8.0,2025-07-22,True,False
2025-07-22 11:00:00+00:00,9007.8,9034.8,8993.8,9016.1,9711,4,1.0,1.3000000000010914,True,2025-07-22 12:00:00,12.0,2025-07-22,True,False
2025-07-22 15:00:00+00:00,9016.3,9045.8,9012.8,9043.8,6128,4,0.25,1.6000000000003638,True,2025-07-22 16:00:00,16.0,2025-07-22,True,False
2025-07-22 19:00:00+00:00,9043.6,9045.6,9038.5,9040.3,1968,3,0.0,4.533333333333455,True,2025-07-22 20:00:00,20.0,2025-07-22,False,False
2025-07-22 23:00:00+00:00,9040.5,9069.9,9040.1,9066.6,6826,4,0.0,6.0,True,2025-07-23 00:00:00,0.0,2025-07-23,False,False
2025-07-23 03:00:00+00:00,9066.8,9072.3,9049.8,9062.6,3273,4,0.0,4.900000000000091,True,2025-07-23 04:00:00,4.0,2025-07-23,False,False
2025-07-23 07:00:00+00:00,9063.3,9079.1,9046.1,9066.6,7515,4,1.0,1.3000000000006366,True,2025-07-23 08:00:00,8.0,2025-07-23,True,False
2025-07-23 11:00:00+00:00,9066.3,9075.8,9051.8,9067.1,7079,4,1.0,1.300000000000182,True,2025-07-23 12:00:00,12.0,2025-07-23,True,False
2025-07-23 15:00:00+00:00,9067.3,9105.1,9054.3,9100.6,7997,4,0.25,1.6000000000003638,True,2025-07-23 16:00:00,16.0,2025-07-23,True,False
2025-07-23 19:00:00+00:00,9101.1,9116.9,9096.6,9108.3,4185,3,0.0,4.533333333333455,True,2025-07-23 20:00:00,20.0,2025-07-23,False,False
2025-07-23 23:00:00+00:00,9108.8,9112.1,9098.9,9104.4,3791,4,0.0,6.0,True,2025-07-24 00:00:00,0.0,2025-07-24,False,False
2025-07-24 03:00:00+00:00,9104.1,9113.1,9095.6,9099.6,3213,4,0.0,4.900000000000091,True,2025-07-24 04:00:00,4.0,2025-07-24,False,False
2025-07-24 07:00:00+00:00,9099.1,9153.8,9096.8,9141.6,8644,4,1.0,1.3000000000010914,True,2025-07-24 08:00:00,8.0,2025-07-24,True,False
2025-07-24 11:00:00+00:00,9141.3,9152.3,9124.6,9140.1,9428,4,1.0,1.300000000000182,True,2025-07-24 12:00:00,12.0,2025-07-24,True,False
2025-07-24 15:00:00+00:00,9140.3,9154.6,9123.8,9139.8,5626,4,0.25,1.6000000000003638,True,2025-07-24 16:00:00,16.0,2025-07-24,True,False
2025-07-24 19:00:00+00:00,9139.3,9144.8,9125.6,9135.7,1998,3,0.0,4.533333333332848,True,2025-07-24 20:00:00,20.0,2025-07-24,False,False
2025-07-24 23:00:00+00:00,9135.9,9140.4,9131.3,9136.8,2497,4,0.0,6.0,True,2025-07-25 00:00:00,0.0,2025-07-25,False,False
2025-07-25 03:00:00+00:00,9136.6,9145.1,9128.8,9137.1,1918,4,0.0,4.900000000000091,True,2025-07-25 04:00:00,4.0,2025-07-25,False,False
2025-07-25 07:00:00+00:00,9137.6,9138.3,9087.6,9096.1,6842,4,1.0,1.3000000000006366,True,2025-07-25 08:00:00,8.0,2025-07-25,True,False
2025-07-25 11:00:00+00:00,9096.3,9121.8,9087.6,9117.3,7851,4,1.0,1.3000000000006366,True,2025-07-25 12:00:00,12.0,2025-07-25,True,False
2025-07-25 15:00:00+00:00,9117.1,9137.1,9101.6,9132.6,4338,4,0.25,1.6000000000003638,True,2025-07-25 16:00:00,16.0,2025-07-25,True,False
2025-07-25 19:00:00+00:00,9132.8,9141.1,9132.6,9138.6,799,1,0.0,1.6000000000003638,True,2025-07-25 20:00:00,20.0,2025-07-25,False,False
2025-07-27 22:00:00+00:00,9152.6,9152.8,9142.0,9143.8,998,1,0.0,6.0,True,2025-07-27 23:00:00,23.0,2025-07-27,False,False
2025-07-27 23:00:00+00:00,9144.1,9167.8,9143.1,9163.5,3699,4,0.0,6.0,True,2025-07-28 00:00:00,0.0,2025-07-28,False,False
2025-07-28 03:00:00+00:00,9163.1,9168.8,9149.3,9155.1,2575,4,0.0,4.900000000000091,True,2025-07-28 04:00:00,4.0,2025-07-28,False,False
2025-07-28 07:00:00+00:00,9154.6,9167.3,9104.8,9105.6,6963,4,1.0,1.3000000000006366,True,2025-07-28 08:00:00,8.0,2025-07-28,True,False
2025-07-28 11:00:00+00:00,9105.3,9108.3,9051.6,9059.3,9451,4,1.0,1.300000000000182,True,2025-07-28 12:00:00,12.0,2025-07-28,True,False
2025-07-28 15:00:00+00:00,9059.1,9085.8,9054.8,9067.1,5247,4,0.25,1.6000000000003638,True,2025-07-28 16:00:00,16.0,2025-07-28,True,False
2025-07-28 19:00:00+00:00,9066.8,9083.4,9061.3,9080.7,1593,3,0.0,4.533333333333455,True,2025-07-28 20:00:00,20.0,2025-07-28,False,False
2025-07-28 23:00:00+00:00,9081.2,9083.2,9072.9,9081.4,3329,4,0.0,6.0,True,2025-07-29 00:00:00,0.0,2025-07-29,False,False
2025-07-29 03:00:00+00:00,9081.3,9092.8,9076.8,9082.1,2508,4,0.0,4.900000000000091,True,2025-07-29 04:00:00,4.0,2025-07-29,False,False
2025-07-29 07:00:00+00:00,9080.6,9143.1,9077.3,9140.3,7858,4,1.0,1.2999999999997272,True,2025-07-29 08:00:00,8.0,2025-07-29,True,False
2025-07-29 11:00:00+00:00,9140.1,9156.3,9116.1,9135.3,10441,4,1.0,1.2999999999997272,True,2025-07-29 12:00:00,12.0,2025-07-29,True,False
2025-07-29 15:00:00+00:00,9135.6,9148.8,9126.3,9139.1,6073,4,0.25,1.6000000000003638,True,2025-07-29 16:00:00,16.0,2025-07-29,True,False
2025-07-29 19:00:00+00:00,9138.8,9141.1,9127.8,9139.0,1818,3,0.0,4.533333333333455,True,2025-07-29 20:00:00,20.0,2025-07-29,False,False
2025-07-29 23:00:00+00:00,9139.1,9153.7,9131.0,9151.5,3761,4,0.0,6.0,True,2025-07-30 00:00:00,0.0,2025-07-30,False,False
2025-07-30 03:00:00+00:00,9151.6,9155.1,9109.6,9109.6,3127,4,0.0,4.900000000000091,True,2025-07-30 04:00:00,4.0,2025-07-30,False,False
2025-07-30 07:00:00+00:00,9109.8,9113.3,9082.3,9101.1,9360,4,1.0,1.3000000000010914,True,2025-07-30 08:00:00,8.0,2025-07-30,True,False
2025-07-30 11:00:00+00:00,9100.8,9132.6,9090.3,9122.1,8941,4,1.0,1.3000000000006366,True,2025-07-30 12:00:00,12.0,2025-07-30,True,False
2025-07-30 15:00:00+00:00,9122.6,9146.1,9117.8,9123.6,7147,4,0.25,1.6000000000003638,True,2025-07-30 16:00:00,16.0,2025-07-30,True,False
2025-07-30 19:00:00+00:00,9123.3,9156.5,9102.6,9146.3,7740,3,0.0,4.533333333333455,True,2025-07-30 20:00:00,20.0,2025-07-30,False,False
2025-07-30 23:00:00+00:00,9146.0,9150.1,9123.5,9131.2,4339,4,0.0,6.0,True,2025-07-31 00:00:00,0.0,2025-07-31,False,False
2025-07-31 03:00:00+00:00,9131.6,9141.1,9117.1,9131.8,3307,4,0.0,4.900000000000091,True,2025-07-31 04:00:00,4.0,2025-07-31,False,False
2025-07-31 07:00:00+00:00,9132.6,9182.6,9129.1,9168.8,10593,4,1.0,1.3000000000006366,True,2025-07-31 08:00:00,8.0,2025-07-31,True,False
2025-07-31 11:00:00+00:00,9169.1,9173.6,9120.1,9122.1,13037,4,1.0,1.3000000000006366,True,2025-07-31 12:00:00,12.0,2025-07-31,True,False
2025-07-31 15:00:00+00:00,9122.3,9149.1,9099.3,9118.6,10226,4,0.25,1.6000000000003638,True,2025-07-31 16:00:00,16.0,2025-07-31,True,False
2025-07-31 19:00:00+00:00,9118.8,9129.7,9093.0,9100.2,8328,3,0.0,4.533333333333455,True,2025-07-31 20:00:00,20.0,2025-07-31,False,False
2025-07-31 23:00:00+00:00,9100.3,9116.5,9078.7,9114.8,8174,4,0.0,6.0,True,2025-08-01 00:00:00,0.0,2025-08-01,False,False
2025-08-01 03:00:00+00:00,9116.0,9120.1,9072.1,9081.1,3899,4,0.0,4.900000000000091,True,2025-08-01 04:00:00,4.0,2025-08-01,False,False
2025-08-01 07:00:00+00:00,9081.3,9090.8,9048.6,9059.3,11978,4,1.0,1.2999999999997272,True,2025-08-01 08:00:00,8.0,2025-08-01,True,False
2025-08-01 11:00:00+00:00,9058.8,9080.1,9017.1,9051.3,18060,4,1.0,1.3000000000006366,True,2025-08-01 12:00:00,12.0,2025-08-01,True,False
2025-08-01 15:00:00+00:00,9050.8,9102.1,9048.3,9086.6,13726,4,0.25,1.6000000000003638,True,2025-08-01 16:00:00,16.0,2025-08-01,True,False
2025-08-01 19:00:00+00:00,9086.1,9096.6,9078.1,9091.6,2760,1,0.0,1.6000000000003638,True,2025-08-01 20:00:00,20.0,2025-08-01,False,False
2025-08-03 22:00:00+00:00,9090.0,9095.6,9077.6,9094.1,1792,1,0.0,6.0,True,2025-08-03 23:00:00,23.0,2025-08-03,False,False
2025-08-03 23:00:00+00:00,9094.2,9103.3,9086.7,9098.2,8226,4,0.0,6.0,True,2025-08-04 00:00:00,0.0,2025-08-04,False,False
2025-08-04 03:00:00+00:00,9098.5,9104.3,9072.8,9086.1,4140,4,0.0,4.900000000000091,True,2025-08-04 04:00:00,4.0,2025-08-04,False,False
2025-08-04 07:00:00+00:00,9086.6,9104.3,9053.8,9079.3,10153,4,1.0,1.2999999999997272,True,2025-08-04 08:00:00,8.0,2025-08-04,True,False
2025-08-04 11:00:00+00:00,9079.1,9105.6,9070.3,9103.1,9069,4,1.0,1.2999999999997272,True,2025-08-04 12:00:00,12.0,2025-08-04,True,False
2025-08-04 15:00:00+00:00,9102.8,9135.6,9101.6,9133.1,6402,4,0.25,1.6000000000003638,True,2025-08-04 16:00:00,16.0,2025-08-04,True,False
2025-08-04 19:00:00+00:00,9132.8,9152.3,9132.6,9141.6,2708,3,0.0,4.533333333333455,True,2025-08-04 20:00:00,20.0,2025-08-04,False,False
2025-08-04 23:00:00+00:00,9141.8,9152.4,9133.0,9141.0,4989,4,0.0,6.0,True,2025-08-05 00:00:00,0.0,2025-08-05,False,False
2025-08-05 03:00:00+00:00,9140.8,9160.6,9139.1,9158.1,2807,4,0.0,4.900000000000091,True,2025-08-05 04:00:00,4.0,2025-08-05,False,False
2025-08-05 07:00:00+00:00,9158.6,9169.6,9130.6,9154.8,9560,4,1.0,1.300000000000182,True,2025-08-05 08:00:00,8.0,2025-08-05,True,False
2025-08-05 11:00:00+00:00,9155.3,9166.3,9127.8,9131.1,11403,4,1.0,1.300000000000182,True,2025-08-05 12:00:00,12.0,2025-08-05,True,False
2025-08-05 15:00:00+00:00,9130.8,9145.8,9114.8,9138.8,8805,4,0.25,1.6000000000003638,True,2025-08-05 16:00:00,16.0,2025-08-05,True,False
2025-08-05 19:00:00+00:00,9139.1,9147.3,9129.9,9139.7,3789,3,0.0,4.533333333333455,True,2025-08-05 20:00:00,20.0,2025-08-05,False,False
2025-08-05 23:00:00+00:00,9139.5,9161.0,9132.9,9160.6,5498,4,0.0,6.0,True,2025-08-06 00:00:00,0.0,2025-08-06,False,False
2025-08-06 03:00:00+00:00,9160.8,9172.6,9156.9,9163.6,3331,4,0.0,4.900000000000091,True,2025-08-06 04:00:00,4.0,2025-08-06,False,False
2025-08-06 07:00:00+00:00,9163.1,9167.6,9141.6,9151.1,7706,4,1.0,1.3000000000006366,True,2025-08-06 08:00:00,8.0,2025-08-06,True,False
2025-08-06 11:00:00+00:00,9150.3,9166.8,9140.8,9148.1,9506,4,1.0,1.300000000000182,True,2025-08-06 12:00:00,12.0,2025-08-06,True,False
2025-08-06 15:00:00+00:00,9148.3,9156.3,9122.6,9126.3,6322,4,0.25,1.6000000000003638,True,2025-08-06 16:00:00,16.0,2025-08-06,True,False
2025-08-06 19:00:00+00:00,9126.1,9155.5,9125.6,9143.3,3180,3,0.0,4.533333333333455,True,2025-08-06 20:00:00,20.0,2025-08-06,False,False
2025-08-06 23:00:00+00:00,9143.5,9147.7,9131.1,9137.8,5114,4,0.0,6.0,True,2025-08-07 00:00:00,0.0,2025-08-07,False,False
2025-08-07 03:00:00+00:00,9137.6,9152.1,9135.6,9144.6,3504,4,0.0,4.900000000000091,True,2025-08-07 04:00:00,4.0,2025-08-07,False,False
2025-08-07 07:00:00+00:00,9143.3,9153.1,9118.1,9118.6,10615,4,1.0,1.3000000000006366,True,2025-08-07 08:00:00,8.0,2025-08-07,True,False
2025-08-07 11:00:00+00:00,9118.8,9124.3,9086.6,9107.8,13769,4,1.0,1.300000000000182,True,2025-08-07 12:00:00,12.0,2025-08-07,True,False
2025-08-07 15:00:00+00:00,9107.6,9110.3,9078.8,9089.1,10461,4,0.25,1.6000000000003638,True,2025-08-07 16:00:00,16.0,2025-08-07,True,False
2025-08-07 19:00:00+00:00,9089.3,9106.0,9085.1,9101.0,3605,3,0.0,4.533333333333455,True,2025-08-07 20:00:00,20.0,2025-08-07,False,False
2025-08-07 23:00:00+00:00,9101.1,9121.1,9090.1,9120.1,4086,4,0.0,6.0,True,2025-08-08 00:00:00,0.0,2025-08-08,False,False
2025-08-08 03:00:00+00:00,9120.3,9122.6,9102.3,9120.8,2760,4,0.0,4.900000000000091,True,2025-08-08 04:00:00,4.0,2025-08-08,False,False
2025-08-08 07:00:00+00:00,9121.1,9128.8,9090.3,9105.1,7552,4,1.0,1.3000000000006366,True,2025-08-08 08:00:00,8.0,2025-08-08,True,False
2025-08-08 11:00:00+00:00,9104.8,9106.1,9081.3,9094.8,9652,4,1.0,1.300000000000182,True,2025-08-08 12:00:00,12.0,2025-08-08,True,False
2025-08-08 15:00:00+00:00,9095.3,9109.6,9087.3,9100.1,6093,4,0.25,1.6000000000003638,True,2025-08-08 16:00:00,16.0,2025-08-08,True,False
2025-08-08 19:00:00+00:00,9100.3,9102.3,9089.6,9097.1,1216,1,0.0,1.6000000000003638,True,2025-08-08 20:00:00,20.0,2025-08-08,False,False
2025-08-10 22:00:00+00:00,9102.9,9105.1,9098.1,9100.8,713,1,0.0,6.0,True,2025-08-10 23:00:00,23.0,2025-08-10,False,False
2025-08-10 23:00:00+00:00,9100.6,9107.0,9091.5,9105.0,3917,4,0.0,6.0,True,2025-08-11 00:00:00,0.0,2025-08-11,False,False
2025-08-11 03:00:00+00:00,9105.1,9114.1,9094.8,9113.1,3083,4,0.0,4.900000000000091,True,2025-08-11 04:00:00,4.0,2025-08-11,False,False
2025-08-11 07:00:00+00:00,9112.1,9135.3,9107.1,9118.6,6903,4,1.0,1.3000000000006366,True,2025-08-11 08:00:00,8.0,2025-08-11,True,False
2025-08-11 11:00:00+00:00,9118.3,9139.8,9117.6,9124.3,7129,4,1.0,1.300000000000182,True,2025-08-11 12:00:00,12.0,2025-08-11,True,False
2025-08-11 15:00:00+00:00,9124.6,9139.8,9122.1,9127.3,5796,4,0.25,1.6000000000003638,True,2025-08-11 16:00:00,16.0,2025-08-11,True,False
2025-08-11 19:00:00+00:00,9127.6,9134.8,9122.8,9134.3,2681,3,0.0,4.533333333333455,True,2025-08-11 20:00:00,20.0,2025-08-11,False,False
2025-08-11 23:00:00+00:00,9134.1,9144.1,9128.7,9139.3,4256,4,0.0,6.0,True,2025-08-12 00:00:00,0.0,2025-08-12,False,False
2025-08-12 03:00:00+00:00,9139.5,9151.9,9136.1,9142.6,3231,4,0.0,4.900000000000091,True,2025-08-12 04:00:00,4.0,2025-08-12,False,False
2025-08-12 07:00:00+00:00,9143.1,9166.1,9140.8,9146.3,6318,4,1.0,1.300000000000182,True,2025-08-12 08:00:00,8.0,2025-08-12,True,False
2025-08-12 11:00:00+00:00,9146.1,9153.3,9119.8,9142.6,10340,4,1.0,1.300000000000182,True,2025-08-12 12:00:00,12.0,2025-08-12,True,False
2025-08-12 15:00:00+00:00,9142.3,9171.6,9142.1,9163.8,5034,4,0.25,1.6000000000003638,True,2025-08-12 16:00:00,16.0,2025-08-12,True,False
2025-08-12 19:00:00+00:00,9164.1,9173.5,9163.3,9168.8,1914,3,0.0,4.533333333333455,True,2025-08-12 20:00:00,20.0,2025-08-12,False,False
2025-08-12 23:00:00+00:00,9168.5,9177.2,9156.2,9164.3,3539,4,0.0,6.0,True,2025-08-13 00:00:00,0.0,2025-08-13,False,False
2025-08-13 03:00:00+00:00,9164.1,9173.3,9161.8,9168.6,2110,4,0.0,4.900000000000091,True,2025-08-13 04:00:00,4.0,2025-08-13,False,False
2025-08-13 07:00:00+00:00,9169.6,9184.1,9151.1,9158.8,5911,4,1.0,1.2999999999992724,True,2025-08-13 08:00:00,8.0,2025-08-13,True,False
2025-08-13 11:00:00+00:00,9159.1,9171.1,9143.3,9156.8,7215,4,1.0,1.300000000000182,True,2025-08-13 12:00:00,12.0,2025-08-13,True,False
2025-08-13 15:00:00+00:00,9156.6,9177.8,9155.3,9174.1,6214,4,0.25,1.6000000000003638,True,2025-08-13 16:00:00,16.0,2025-08-13,True,False
2025-08-13 19:00:00+00:00,9173.8,9189.0,9173.1,9187.8,2248,3,0.0,4.533333333333455,True,2025-08-13 20:00:00,20.0,2025-08-13,False,False
2025-08-13 23:00:00+00:00,9187.5,9191.1,9180.3,9181.1,3072,4,0.0,6.0,True,2025-08-14 00:00:00,0.0,2025-08-14,False,False
2025-08-14 03:00:00+00:00,9181.0,9181.6,9166.1,9172.6,2274,4,0.0,4.900000000000091,True,2025-08-14 04:00:00,4.0,2025-08-14,False,False
2025-08-14 07:00:00+00:00,9172.1,9194.8,9162.3,9184.6,4813,4,1.0,1.3000000000006366,True,2025-08-14 08:00:00,8.0,2025-08-14,True,False
2025-08-14 11:00:00+00:00,9185.1,9204.3,9178.8,9188.3,8088,4,1.0,1.2999999999997272,True,2025-08-14 12:00:00,12.0,2025-08-14,True,False
2025-08-14 15:00:00+00:00,9188.6,9234.6,9186.3,9231.8,7286,4,0.25,1.6000000000003638,True,2025-08-14 16:00:00,16.0,2025-08-14,True,False
2025-08-14 19:00:00+00:00,9231.3,9241.8,9230.3,9239.5,2681,3,0.0,4.533333333333455,True,2025-08-14 20:00:00,20.0,2025-08-14,False,False
2025-08-14 23:00:00+00:00,9239.6,9250.6,9235.7,9245.8,2779,4,0.0,6.0,True,2025-08-15 00:00:00,0.0,2025-08-15,False,False
2025-08-15 03:00:00+00:00,9245.4,9255.8,9239.8,9243.1,2170,4,0.0,4.900000000000091,True,2025-08-15 04:00:00,4.0,2025-08-15,False,False
2025-08-15 07:00:00+00:00,9242.3,9253.8,9191.3,9216.6,7694,4,1.0,1.3000000000006366,True,2025-08-15 08:00:00,8.0,2025-08-15,True,False
2025-08-15 11:00:00+00:00,9216.3,9217.8,9157.1,9171.8,8242,4,1.0,1.300000000000182,True,2025-08-15 12:00:00,12.0,2025-08-15,True,False
2025-08-15 15:00:00+00:00,9172.1,9177.3,9153.6,9174.8,5845,4,0.25,1.6000000000003638,True,2025-08-15 16:00:00,16.0,2025-08-15,True,False
2025-08-15 19:00:00+00:00,9174.6,9177.3,9167.8,9174.3,1414,1,0.0,1.6000000000003638,True,2025-08-15 20:00:00,20.0,2025-08-15,False,False
2025-08-17 22:00:00+00:00,9178.0,9179.5,9174.8,9178.8,689,1,0.0,6.0,True,2025-08-17 23:00:00,23.0,2025-08-17,False,False
2025-08-17 23:00:00+00:00,9179.0,9188.7,9177.5,9186.6,2706,4,0.0,6.0,True,2025-08-18 00:00:00,0.0,2025-08-18,False,False
2025-08-18 03:00:00+00:00,9186.5,9194.3,9178.1,9186.1,2420,4,0.0,4.900000000000091,True,2025-08-18 04:00:00,4.0,2025-08-18,False,False
2025-08-18 07:00:00+00:00,9185.8,9191.1,9150.8,9155.8,6579,4,1.0,1.3000000000006366,True,2025-08-18 08:00:00,8.0,2025-08-18,True,False
2025-08-18 11:00:00+00:00,9155.6,9172.8,9153.3,9166.1,6091,4,1.0,1.300000000000182,True,2025-08-18 12:00:00,12.0,2025-08-18,True,False
2025-08-18 15:00:00+00:00,9165.8,9202.6,9163.1,9196.6,4638,4,0.25,1.6000000000003638,True,2025-08-18 16:00:00,16.0,2025-08-18,True,False
2025-08-18 19:00:00+00:00,9196.3,9211.0,9191.3,9207.4,2083,3,0.0,4.533333333333455,True,2025-08-18 20:00:00,20.0,2025-08-18,False,False
2025-08-18 23:00:00+00:00,9208.1,9208.1,9193.2,9193.8,3753,4,0.0,6.0,True,2025-08-19 00:00:00,0.0,2025-08-19,False,False
2025-08-19 03:00:00+00:00,9194.0,9197.1,9182.8,9184.6,2749,4,0.0,4.900000000000091,True,2025-08-19 04:00:00,4.0,2025-08-19,False,False
2025-08-19 07:00:00+00:00,9185.1,9214.6,9178.3,9204.6,5412,4,1.0,1.300000000000182,True,2025-08-19 08:00:00,8.0,2025-08-19,True,False
2025-08-19 11:00:00+00:00,9204.3,9221.3,9201.3,9216.8,7000,4,1.0,1.2999999999997272,True,2025-08-19 12:00:00,12.0,2025-08-19,True,False
2025-08-19 15:00:00+00:00,9217.3,9222.1,9196.3,9202.3,7346,4,0.25,1.6000000000003638,True,2025-08-19 16:00:00,16.0,2025-08-19,True,False
2025-08-19 19:00:00+00:00,9202.1,9213.3,9200.6,9208.5,2626,3,0.0,4.533333333333455,True,2025-08-19 20:00:00,20.0,2025-08-19,False,False
2025-08-19 23:00:00+00:00,9208.6,9213.3,9199.8,9211.1,5420,4,0.0,6.0,True,2025-08-20 00:00:00,0.0,2025-08-20,False,False
2025-08-20 03:00:00+00:00,9211.3,9212.1,9189.3,9201.8,3582,4,0.0,4.900000000000091,True,2025-08-20 04:00:00,4.0,2025-08-20,False,False
2025-08-20 07:00:00+00:00,9201.6,9242.3,9188.3,9237.8,5073,4,1.0,1.2999999999997272,True,2025-08-20 08:00:00,8.0,2025-08-20,True,False
2025-08-20 11:00:00+00:00,9238.1,9323.3,9235.3,9316.8,10871,4,1.0,1.300000000000182,True,2025-08-20 12:00:00,12.0,2025-08-20,True,False
2025-08-20 15:00:00+00:00,9317.3,9333.8,9303.8,9331.6,11003,4,0.25,1.6000000000003638,True,2025-08-20 16:00:00,16.0,2025-08-20,True,False
2025-08-20 19:00:00+00:00,9331.3,9342.3,9328.4,9329.6,3484,3,0.0,4.533333333333455,True,2025-08-20 20:00:00,20.0,2025-08-20,False,False
2025-08-20 23:00:00+00:00,9329.7,9336.2,9326.3,9335.8,4581,4,0.0,6.0,True,2025-08-21 00:00:00,0.0,2025-08-21,False,False
2025-08-21 03:00:00+00:00,9335.9,9336.1,9320.8,9323.6,2778,4,0.0,4.900000000000091,True,2025-08-21 04:00:00,4.0,2025-08-21,False,False
2025-08-21 07:00:00+00:00,9323.8,9327.6,9281.1,9283.3,5442,4,1.0,1.2999999999997272,True,2025-08-21 08:00:00,8.0,2025-08-21,True,False
2025-08-21 11:00:00+00:00,9283.1,9332.8,9280.8,9327.3,7604,4,1.0,1.2999999999997272,True,2025-08-21 12:00:00,12.0,2025-08-21,True,False
2025-08-21 15:00:00+00:00,9327.6,9341.6,9322.3,9339.6,9052,4,0.25,1.6000000000003638,True,2025-08-21 16:00:00,16.0,2025-08-21,True,False
2025-08-21 19:00:00+00:00,9339.3,9352.7,9332.1,9349.0,2740,3,0.0,4.533333333333455,True,2025-08-21 20:00:00,20.0,2025-08-21,False,False
2025-08-21 23:00:00+00:00,9348.8,9351.1,9331.4,9336.5,4398,4,0.0,6.0,True,2025-08-22 00:00:00,0.0,2025-08-22,False,False
2025-08-22 03:00:00+00:00,9336.7,9338.8,9318.6,9322.6,2280,4,0.0,4.900000000000091,True,2025-08-22 04:00:00,4.0,2025-08-22,False,False
2025-08-22 07:00:00+00:00,9322.3,9343.6,9306.6,9343.6,4754,4,1.0,1.3000000000006366,True,2025-08-22 08:00:00,8.0,2025-08-22,True,False
2025-08-22 11:00:00+00:00,9343.3,9382.8,9333.8,9368.8,10005,4,1.0,1.2999999999997272,True,2025-08-22 12:00:00,12.0,2025-08-22,True,False
2025-08-22 15:00:00+00:00,9368.3,9369.1,9340.3,9358.8,8342,4,0.25,1.6000000000003638,True,2025-08-22 16:00:00,16.0,2025-08-22,True,False
2025-08-22 19:00:00+00:00,9359.1,9363.6,9355.1,9362.6,1440,1,0.0,1.6000000000003638,True,2025-08-22 20:00:00,20.0,2025-08-22,False,False
2025-08-26 00:00:00+00:00,9348.2,9349.4,9309.4,9319.6,6342,3,0.0,6.0,True,2025-08-26 01:00:00,1.0,2025-08-26,False,False
2025-08-26 03:00:00+00:00,9319.7,9328.6,9287.6,9294.1,3413,4,0.0,4.900000000000091,True,2025-08-26 04:00:00,4.0,2025-08-26,False,False
2025-08-26 07:00:00+00:00,9292.3,9307.8,9268.6,9293.6,9337,4,1.0,1.300000000000182,True,2025-08-26 08:00:00,8.0,2025-08-26,True,False
2025-08-26 11:00:00+00:00,9294.1,9312.3,9280.3,9283.6,7702,4,1.0,1.3000000000006366,True,2025-08-26 12:00:00,12.0,2025-08-26,True,False
2025-08-26 15:00:00+00:00,9283.3,9311.8,9271.3,9308.8,5253,4,0.25,1.6000000000003638,True,2025-08-26 16:00:00,16.0,2025-08-26,True,False
2025-08-26 19:00:00+00:00,9309.1,9320.9,9306.3,9319.7,1987,3,0.0,4.533333333333455,True,2025-08-26 20:00:00,20.0,2025-08-26,False,False
2025-08-26 23:00:00+00:00,9319.5,9324.2,9311.7,9317.8,2192,4,0.0,6.0,True,2025-08-27 00:00:00,0.0,2025-08-27,False,False
2025-08-27 03:00:00+00:00,9317.9,9327.3,9304.6,9305.6,1597,4,0.0,4.900000000000091,True,2025-08-27 04:00:00,4.0,2025-08-27,False,False
2025-08-27 07:00:00+00:00,9307.5,9322.8,9282.1,9289.8,6258,4,1.0,1.300000000000182,True,2025-08-27 08:00:00,8.0,2025-08-27,True,False
2025-08-27 11:00:00+00:00,9289.6,9293.1,9249.3,9259.3,7892,4,1.0,1.2999999999997272,True,2025-08-27 12:00:00,12.0,2025-08-27,True,False
2025-08-27 15:00:00+00:00,9259.8,9281.3,9259.3,9273.3,4476,4,0.25,1.6000000000003638,True,2025-08-27 16:00:00,16.0,2025-08-27,True,False
2025-08-27 19:00:00+00:00,9272.8,9283.8,9263.5,9267.0,5027,3,0.0,4.533333333333455,True,2025-08-27 20:00:00,20.0,2025-08-27,False,False
2025-08-27 23:00:00+00:00,9267.1,9287.1,9264.0,9284.6,3512,4,0.0,6.0,True,2025-08-28 00:00:00,0.0,2025-08-28,False,False
2025-08-28 03:00:00+00:00,9284.8,9293.1,9279.6,9285.6,2246,4,0.0,4.900000000000091,True,2025-08-28 04:00:00,4.0,2025-08-28,False,False
2025-08-28 07:00:00+00:00,9284.3,9290.1,9227.1,9236.1,5864,4,1.0,1.3000000000006366,True,2025-08-28 08:00:00,8.0,2025-08-28,True,False
2025-08-28 11:00:00+00:00,9236.3,9256.1,9230.8,9237.6,7760,4,1.0,1.300000000000182,True,2025-08-28 12:00:00,12.0,2025-08-28,True,False
2025-08-28 15:00:00+00:00,9237.3,9255.6,9230.3,9249.8,4757,4,0.25,1.6000000000003638,True,2025-08-28 16:00:00,16.0,2025-08-28,True,False
2025-08-28 19:00:00+00:00,9249.6,9253.3,9241.4,9242.7,1815,3,0.0,4.533333333333455,True,2025-08-28 20:00:00,20.0,2025-08-28,False,False
2025-08-28 23:00:00+00:00,9242.9,9254.3,9238.3,9248.5,2176,4,0.0,6.0,True,2025-08-29 00:00:00,0.0,2025-08-29,False,False
2025-08-29 03:00:00+00:00,9248.7,9256.6,9237.0,9237.3,2383,4,0.0,4.900000000000091,True,2025-08-29 04:00:00,4.0,2025-08-29,False,False
2025-08-29 07:00:00+00:00,9237.1,9237.1,9198.8,9210.3,5993,4,1.0,1.300000000000182,True,2025-08-29 08:00:00,8.0,2025-08-29,True,False
2025-08-29 11:00:00+00:00,9210.1,9243.3,9208.1,9218.3,8584,4,1.0,1.300000000000182,True,2025-08-29 12:00:00,12.0,2025-08-29,True,False
2025-08-29 15:00:00+00:00,9217.8,9226.8,9201.3,9211.3,6432,4,0.25,1.6000000000003638,True,2025-08-29 16:00:00,16.0,2025-08-29,True,False
2025-08-29 19:00:00+00:00,9211.6,9220.8,9208.8,9213.5,1220,1,0.0,1.5999999999985448,True,2025-08-29 20:00:00,20.0,2025-08-29,False,False
2025-08-31 22:00:00+00:00,9219.3,9222.5,9215.1,9222.5,772,1,0.0,6.0,True,2025-08-31 23:00:00,23.0,2025-08-31,False,False
2025-08-31 23:00:00+00:00,9222.3,9230.8,9207.8,9213.1,3247,4,0.0,6.0,True,2025-09-01 00:00:00,0.0,2025-09-01,False,False
2025-09-01 03:00:00+00:00,9213.2,9232.6,9207.3,9225.6,2646,4,0.0,4.900000000000091,True,2025-09-01 04:00:00,4.0,2025-09-01,False,False
2025-09-01 07:00:00+00:00,9224.8,9244.3,9209.6,9210.3,5546,4,1.0,1.300000000000182,True,2025-09-01 08:00:00,8.0,2025-09-01,True,False
2025-09-01 11:00:00+00:00,9210.1,9220.8,9196.6,9198.6,4653,4,1.0,1.3000000000006366,True,2025-09-01 12:00:00,12.0,2025-09-01,True,False
2025-09-01 15:00:00+00:00,9198.3,9215.3,9196.8,9213.1,1563,4,0.25,1.6000000000003638,True,2025-09-01 16:00:00,16.0,2025-09-01,True,False
2025-09-01 19:00:00+00:00,9212.8,9216.6,9208.0,9208.3,567,2,0.0,3.800000000000182,True,2025-09-01 20:00:00,20.0,2025-09-01,False,False
2025-09-01 23:00:00+00:00,9208.5,9227.3,9204.5,9218.0,3692,4,0.0,6.0,True,2025-09-02 00:00:00,0.0,2025-09-02,False,False
2025-09-02 03:00:00+00:00,9218.1,9218.3,9196.1,9200.6,1924,4,0.0,4.900000000000091,True,2025-09-02 04:00:00,4.0,2025-09-02,False,False
2025-09-02 07:00:00+00:00,9200.3,9202.1,9158.3,9173.3,9644,4,1.0,1.2999999999997272,True,2025-09-02 08:00:00,8.0,2025-09-02,True,False
2025-09-02 11:00:00+00:00,9173.6,9176.1,9123.6,9159.8,13338,4,1.0,1.300000000000182,True,2025-09-02 12:00:00,12.0,2025-09-02,True,False
2025-09-02 15:00:00+00:00,9160.1,9161.3,9119.3,9152.8,8097,4,0.25,1.6000000000003638,True,2025-09-02 16:00:00,16.0,2025-09-02,True,False
2025-09-02 19:00:00+00:00,9152.6,9189.7,9152.6,9175.7,3770,3,0.0,4.533333333333455,True,2025-09-02 20:00:00,20.0,2025-09-02,False,False
2025-09-02 23:00:00+00:00,9175.5,9176.5,9158.0,9159.5,3315,4,0.0,6.0,True,2025-09-03 00:00:00,0.0,2025-09-03,False,False
2025-09-03 03:00:00+00:00,9159.3,9160.7,9132.8,9143.6,2692,4,0.0,4.900000000000091,True,2025-09-03 04:00:00,4.0,2025-09-03,False,False
2025-09-03 07:00:00+00:00,9143.3,9187.8,9122.1,9179.3,8031,4,1.0,1.2999999999997272,True,2025-09-03 08:00:00,8.0,2025-09-03,True,False
2025-09-03 11:00:00+00:00,9179.6,9185.6,9148.1,9175.8,9150,4,1.0,1.300000000000182,True,2025-09-03 12:00:00,12.0,2025-09-03,True,False
2025-09-03 15:00:00+00:00,9176.1,9194.8,9171.6,9178.8,7883,4,0.25,1.6000000000003638,True,2025-09-03 16:00:00,16.0,2025-09-03,True,False
2025-09-03 19:00:00+00:00,9178.6,9201.7,9175.6,9194.2,2333,3,0.0,4.533333333333455,True,2025-09-03 20:00:00,20.0,2025-09-03,False,False
2025-09-03 23:00:00+00:00,9194.3,9206.2,9193.8,9195.1,3876,4,0.0,6.0,True,2025-09-04 00:00:00,0.0,2025-09-04,False,False
2025-09-04 03:00:00+00:00,9195.5,9207.6,9183.1,9183.1,2656,4,0.0,4.900000000000091,True,2025-09-04 04:00:00,4.0,2025-09-04,False,False
2025-09-04 07:00:00+00:00,9182.3,9225.6,9168.8,9207.6,7092,4,1.0,1.3000000000006366,True,2025-09-04 08:00:00,8.0,2025-09-04,True,False
2025-09-04 11:00:00+00:00,9207.1,9247.6,9205.6,9238.3,8536,4,1.0,1.300000000000182,True,2025-09-04 12:00:00,12.0,2025-09-04,True,False
2025-09-04 15:00:00+00:00,9238.6,9243.8,9224.6,9237.3,5704,4,0.25,1.6000000000003638,True,2025-09-04 16:00:00,16.0,2025-09-04,True,False
2025-09-04 19:00:00+00:00,9237.6,9252.3,9235.8,9251.1,2160,3,0.0,4.533333333332848,True,2025-09-04 20:00:00,20.0,2025-09-04,False,False
2025-09-04 23:00:00+00:00,9250.8,9252.2,9237.3,9242.8,2402,4,0.0,6.0,True,2025-09-05 00:00:00,0.0,2025-09-05,False,False
2025-09-05 03:00:00+00:00,9242.6,9255.6,9239.5,9243.6,1636,4,0.0,4.900000000000091,True,2025-09-05 04:00:00,4.0,2025-09-05,False,False
2025-09-05 07:00:00+00:00,9244.3,9267.3,9229.8,9253.3,5967,4,1.0,1.2999999999992724,True,2025-09-05 08:00:00,8.0,2025-09-05,True,False
2025-09-05 11:00:00+00:00,9253.6,9267.3,9208.8,9210.1,13502,4,1.0,1.3000000000006366,True,2025-09-05 12:00:00,12.0,2025-09-05,True,False
2025-09-05 15:00:00+00:00,9210.3,9235.1,9210.1,9233.6,11325,4,0.25,1.6000000000003638,True,2025-09-05 16:00:00,16.0,2025-09-05,True,False
2025-09-05 19:00:00+00:00,9233.3,9240.6,9228.8,9237.6,1969,1,0.0,1.6000000000003638,True,2025-09-05 20:00:00,20.0,2025-09-05,False,False
2025-09-07 22:00:00+00:00,9228.4,9247.7,9227.7,9246.0,1213,1,0.0,6.0,True,2025-09-07 23:00:00,23.0,2025-09-07,False,False
2025-09-07 23:00:00+00:00,9246.2,9252.5,9241.7,9245.5,4023,4,0.0,6.0,True,2025-09-08 00:00:00,0.0,2025-09-08,False,False
2025-09-08 03:00:00+00:00,9245.6,9254.6,9240.8,9247.1,2381,4,0.0,4.900000000000091,True,2025-09-08 04:00:00,4.0,2025-09-08,False,False
2025-09-08 07:00:00+00:00,9248.3,9250.1,9224.8,9236.6,6012,4,1.0,1.3000000000006366,True,2025-09-08 08:00:00,8.0,2025-09-08,True,False
2025-09-08 11:00:00+00:00,9236.3,9243.3,9202.8,9222.3,7586,4,1.0,1.300000000000182,True,2025-09-08 12:00:00,12.0,2025-09-08,True,False
2025-09-08 15:00:00+00:00,9222.8,9249.1,9219.6,9239.3,6196,4,0.25,1.6000000000003638,True,2025-09-08 16:00:00,16.0,2025-09-08,True,False
2025-09-08 19:00:00+00:00,9239.1,9246.3,9227.6,9246.0,2145,3,0.0,4.533333333333455,True,2025-09-08 20:00:00,20.0,2025-09-08,False,False
2025-09-08 23:00:00+00:00,9246.2,9247.0,9235.6,9240.8,2265,4,0.0,6.0,True,2025-09-09 00:00:00,0.0,2025-09-09,False,False
2025-09-09 03:00:00+00:00,9240.5,9252.6,9222.6,9252.1,1549,4,0.0,4.900000000000091,True,2025-09-09 04:00:00,4.0,2025-09-09,False,False
2025-09-09 07:00:00+00:00,9251.8,9263.3,9237.3,9254.8,6329,4,1.0,1.300000000000182,True,2025-09-09 08:00:00,8.0,2025-09-09,True,False
2025-09-09 11:00:00+00:00,9254.6,9267.8,9235.8,9247.1,10368,4,1.0,1.3000000000006366,True,2025-09-09 12:00:00,12.0,2025-09-09,True,False
2025-09-09 15:00:00+00:00,9247.3,9277.1,9243.8,9273.6,6392,4,0.25,1.6000000000003638,True,2025-09-09 16:00:00,16.0,2025-09-09,True,False
2025-09-09 19:00:00+00:00,9273.3,9281.9,9262.5,9270.4,2372,3,0.0,4.533333333333455,True,2025-09-09 20:00:00,20.0,2025-09-09,False,False
2025-09-09 23:00:00+00:00,9270.7,9276.0,9258.7,9270.3,2766,4,0.0,6.0,True,2025-09-10 00:00:00,0.0,2025-09-10,False,False
2025-09-10 03:00:00+00:00,9270.7,9277.3,9264.8,9276.1,1620,4,0.0,4.900000000000091,True,2025-09-10 04:00:00,4.0,2025-09-10,False,False
2025-09-10 07:00:00+00:00,9277.1,9304.1,9254.3,9300.1,8207,4,1.0,1.2999999999997272,True,2025-09-10 08:00:00,8.0,2025-09-10,True,False
2025-09-10 11:00:00+00:00,9299.8,9301.3,9234.3,9238.1,10939,4,1.0,1.300000000000182,True,2025-09-10 12:00:00,12.0,2025-09-10,True,False
2025-09-10 15:00:00+00:00,9237.8,9259.6,9229.8,9258.6,7069,4,0.25,1.6000000000003638,True,2025-09-10 16:00:00,16.0,2025-09-10,True,False
2025-09-10 19:00:00+00:00,9258.3,9259.8,9246.8,9253.6,2664,3,0.0,4.533333333333455,True,2025-09-10 20:00:00,20.0,2025-09-10,False,False
2025-09-10 23:00:00+00:00,9253.9,9263.9,9252.4,9261.3,2615,4,0.0,6.0,True,2025-09-11 00:00:00,0.0,2025-09-11,False,False
2025-09-11 03:00:00+00:00,9261.5,9267.1,9247.5,9267.1,1964,4,0.0,4.900000000000091,True,2025-09-11 04:00:00,4.0,2025-09-11,False,False
2025-09-11 07:00:00+00:00,9268.1,9288.3,9263.3,9284.6,5894,4,1.0,1.3000000000006366,True,2025-09-11 08:00:00,8.0,2025-09-11,True,False
2025-09-11 11:00:00+00:00,9284.8,9303.3,9260.6,9300.3,10817,4,1.0,1.2999999999992724,True,2025-09-11 12:00:00,12.0,2025-09-11,True,False
2025-09-11 15:00:00+00:00,9300.6,9326.3,9293.8,9322.6,5400,4,0.25,1.6000000000003638,True,2025-09-11 16:00:00,16.0,2025-09-11,True,False
2025-09-11 19:00:00+00:00,9322.3,9330.1,9322.1,9327.8,1910,3,0.0,4.533333333333455,True,2025-09-11 20:00:00,20.0,2025-09-11,False,False
2025-09-11 23:00:00+00:00,9328.0,9333.2,9320.9,9328.1,2770,4,0.0,6.0,True,2025-09-12 00:00:00,0.0,2025-09-12,False,False
2025-09-12 03:00:00+00:00,9328.3,9332.3,9319.8,9321.6,2007,4,0.0,4.900000000000091,True,2025-09-12 04:00:00,4.0,2025-09-12,False,False
2025-09-12 07:00:00+00:00,9324.6,9350.3,9314.8,9343.3,7426,4,1.0,1.3000000000006366,True,2025-09-12 08:00:00,8.0,2025-09-12,True,False
2025-09-12 11:00:00+00:00,9343.1,9350.8,9301.3,9303.8,7639,4,1.0,1.2999999999992724,True,2025-09-12 12:00:00,12.0,2025-09-12,True,False
2025-09-12 15:00:00+00:00,9303.6,9304.8,9270.3,9278.3,4007,4,0.25,1.6000000000003638,True,2025-09-12 16:00:00,16.0,2025-09-12,True,False
2025-09-12 19:00:00+00:00,9278.6,9281.6,9271.1,9274.3,1318,1,0.0,1.6000000000003638,True,2025-09-12 20:00:00,20.0,2025-09-12,False,False
2025-09-14 22:00:00+00:00,9274.9,9282.2,9274.5,9281.2,414,1,0.0,6.0,True,2025-09-14 23:00:00,23.0,2025-09-14,False,False
2025-09-14 23:00:00+00:00,9281.1,9290.3,9269.7,9289.8,2499,4,0.0,6.0,True,2025-09-15 00:00:00,0.0,2025-09-15,False,False
2025-09-15 03:00:00+00:00,9290.0,9301.1,9287.0,9288.8,1391,4,0.0,4.900000000000091,True,2025-09-15 04:00:00,4.0,2025-09-15,False,False
2025-09-15 07:00:00+00:00,9288.1,9307.1,9275.8,9293.6,7139,4,1.0,1.3000000000006366,True,2025-09-15 08:00:00,8.0,2025-09-15,True,False
2025-09-15 11:00:00+00:00,9293.8,9299.8,9270.3,9287.8,7627,4,1.0,1.300000000000182,True,2025-09-15 12:00:00,12.0,2025-09-15,True,False
2025-09-15 15:00:00+00:00,9287.3,9288.3,9275.8,9282.8,5351,4,0.25,1.6000000000003638,True,2025-09-15 16:00:00,16.0,2025-09-15,True,False
2025-09-15 19:00:00+00:00,9283.1,9292.6,9281.8,9283.9,2176,3,0.0,4.533333333333455,True,2025-09-15 20:00:00,20.0,2025-09-15,False,False
2025-09-15 23:00:00+00:00,9284.2,9291.1,9281.0,9285.8,2924,4,0.0,6.0,True,2025-09-16 00:00:00,0.0,2025-09-16,False,False
2025-09-16 03:00:00+00:00,9285.9,9293.1,9283.3,9284.1,1575,4,0.0,4.900000000000091,True,2025-09-16 04:00:00,4.0,2025-09-16,False,False
2025-09-16 07:00:00+00:00,9285.1,9287.8,9254.1,9258.6,7137,4,1.0,1.3000000000010914,True,2025-09-16 08:00:00,8.0,2025-09-16,True,False
2025-09-16 11:00:00+00:00,9258.8,9268.1,9204.3,9211.1,9188,4,1.0,1.3000000000006366,True,2025-09-16 12:00:00,12.0,2025-09-16,True,False
2025-09-16 15:00:00+00:00,9211.3,9220.8,9196.3,9212.8,6338,4,0.25,1.6000000000003638,True,2025-09-16 16:00:00,16.0,2025-09-16,True,False
2025-09-16 19:00:00+00:00,9213.1,9216.1,9203.8,9207.7,1846,3,0.0,4.533333333333455,True,2025-09-16 20:00:00,20.0,2025-09-16,False,False
2025-09-16 23:00:00+00:00,9207.9,9219.1,9205.5,9214.8,2076,4,0.0,6.0,True,2025-09-17 00:00:00,0.0,2025-09-17,False,False
2025-09-17 03:00:00+00:00,9215.0,9228.8,9211.6,9224.3,2351,4,0.0,4.900000000000091,True,2025-09-17 04:00:00,4.0,2025-09-17,False,False
2025-09-17 07:00:00+00:00,9224.6,9226.3,9204.1,9220.1,7034,4,1.0,1.3000000000010914,True,2025-09-17 08:00:00,8.0,2025-09-17,True,False
2025-09-17 11:00:00+00:00,9220.6,9252.6,9215.3,9217.8,7747,4,1.0,1.3000000000006366,True,2025-09-17 12:00:00,12.0,2025-09-17,True,False
2025-09-17 15:00:00+00:00,9217.6,9223.6,9184.1,9203.8,12270,4,0.25,1.6000000000003638,True,2025-09-17 16:00:00,16.0,2025-09-17,True,False
2025-09-17 19:00:00+00:00,9203.6,9278.8,9199.3,9275.2,7528,3,0.0,4.533333333333455,True,2025-09-17 20:00:00,20.0,2025-09-17,False,False
2025-09-17 23:00:00+00:00,9275.4,9281.5,9250.4,9277.5,3527,4,0.0,6.0,True,2025-09-18 00:00:00,0.0,2025-09-18,False,False
2025-09-18 03:00:00+00:00,9277.3,9279.5,9258.3,9270.3,3041,4,0.0,4.900000000000091,True,2025-09-18 04:00:00,4.0,2025-09-18,False,False
2025-09-18 07:00:00+00:00,9270.8,9296.8,9263.8,9268.0,7819,4,1.0,1.3000000000006366,True,2025-09-18 08:00:00,8.0,2025-09-18,True,False
2025-09-18 11:00:00+00:00,9267.3,9300.1,9262.3,9279.1,12279,4,1.0,1.3000000000006366,True,2025-09-18 12:00:00,12.0,2025-09-18,True,False
2025-09-18 15:00:00+00:00,9279.3,9297.1,9269.3,9292.8,8659,4,0.25,1.6000000000003638,True,2025-09-18 16:00:00,16.0,2025-09-18,True,False
2025-09-18 19:00:00+00:00,9293.1,9301.4,9279.3,9298.7,2969,3,0.0,4.533333333333455,True,2025-09-18 20:00:00,20.0,2025-09-18,False,False
2025-09-18 23:00:00+00:00,9298.4,9300.6,9287.0,9293.3,3027,4,0.0,6.0,True,2025-09-19 00:00:00,0.0,2025-09-19,False,False
2025-09-19 03:00:00+00:00,9293.4,9301.8,9277.6,9294.1,3615,4,0.0,4.900000000000091,True,2025-09-19 04:00:00,4.0,2025-09-19,False,False
2025-09-19 07:00:00+00:00,9296.1,9298.8,9249.3,9288.6,9950,4,1.0,1.3000000000006366,True,2025-09-19 08:00:00,8.0,2025-09-19,True,False
2025-09-19 11:00:00+00:00,9288.3,9300.3,9274.3,9281.3,8400,4,1.0,1.2999999999992724,True,2025-09-19 12:00:00,12.0,2025-09-19,True,False
2025-09-19 15:00:00+00:00,9281.6,9288.8,9255.6,9282.1,5710,4,0.25,1.6000000000003638,True,2025-09-19 16:00:00,16.0,2025-09-19,True,False
2025-09-19 19:00:00+00:00,9282.3,9287.3,9274.1,9276.1,1194,1,0.0,1.6000000000003638,True,2025-09-19 20:00:00,20.0,2025-09-19,False,False
2025-09-21 22:00:00+00:00,9270.8,9276.5,9269.5,9270.7,759,1,0.0,6.0,True,2025-09-21 23:00:00,23.0,2025-09-21,False,False
2025-09-21 23:00:00+00:00,9271.4,9281.9,9262.6,9265.2,3233,4,0.0,6.0,True,2025-09-22 00:00:00,0.0,2025-09-22,False,False
2025-09-22 03:00:00+00:00,9265.8,9272.8,9255.6,9263.6,1852,4,0.0,4.900000000000091,True,2025-09-22 04:00:00,4.0,2025-09-22,False,False
2025-09-22 07:00:00+00:00,9263.8,9277.6,9241.8,9269.6,8362,4,1.0,1.3000000000006366,True,2025-09-22 08:00:00,8.0,2025-09-22,True,False
2025-09-22 11:00:00+00:00,9269.3,9285.3,9262.1,9278.1,7502,4,1.0,1.3000000000006366,True,2025-09-22 12:00:00,12.0,2025-09-22,True,False
2025-09-22 15:00:00+00:00,9277.8,9302.8,9270.3,9301.8,4349,4,0.25,1.6000000000003638,True,2025-09-22 16:00:00,16.0,2025-09-22,True,False
2025-09-22 19:00:00+00:00,9302.3,9303.8,9285.5,9290.6,1788,3,0.0,4.533333333333455,True,2025-09-22 20:00:00,20.0,2025-09-22,False,False
2025-09-22 23:00:00+00:00,9290.8,9299.2,9287.6,9296.4,2059,4,0.0,6.0,True,2025-09-23 00:00:00,0.0,2025-09-23,False,False
2025-09-23 03:00:00+00:00,9296.3,9299.8,9290.8,9296.8,1867,4,0.0,4.900000000000091,True,2025-09-23 04:00:00,4.0,2025-09-23,False,False
2025-09-23 07:00:00+00:00,9297.1,9316.3,9278.1,9288.6,7063,4,1.0,1.3000000000006366,True,2025-09-23 08:00:00,8.0,2025-09-23,True,False
2025-09-23 11:00:00+00:00,9288.1,9319.8,9276.8,9298.3,7256,4,1.0,1.300000000000182,True,2025-09-23 12:00:00,12.0,2025-09-23,True,False
2025-09-23 15:00:00+00:00,9298.6,9299.3,9252.6,9253.8,6680,4,0.25,1.6000000000003638,True,2025-09-23 16:00:00,16.0,2025-09-23,True,False
2025-09-23 19:00:00+00:00,9254.1,9260.3,9247.8,9257.6,2370,3,0.0,4.533333333333455,True,2025-09-23 20:00:00,20.0,2025-09-23,False,False
2025-09-23 23:00:00+00:00,9257.9,9258.7,9249.5,9257.1,2738,4,0.0,6.0,True,2025-09-24 00:00:00,0.0,2025-09-24,False,False
2025-09-24 03:00:00+00:00,9257.3,9277.8,9256.7,9270.3,1914,4,0.0,4.900000000000091,True,2025-09-24 04:00:00,4.0,2025-09-24,False,False
2025-09-24 07:00:00+00:00,9270.6,9273.6,9224.8,9266.1,7610,4,1.0,1.300000000000182,True,2025-09-24 08:00:00,8.0,2025-09-24,True,False
2025-09-24 11:00:00+00:00,9266.6,9319.1,9251.3,9316.8,9147,4,1.0,1.2999999999997272,True,2025-09-24 12:00:00,12.0,2025-09-24,True,False
2025-09-24 15:00:00+00:00,9316.6,9316.8,9278.8,9286.3,6582,4,0.25,1.6000000000003638,True,2025-09-24 16:00:00,16.0,2025-09-24,True,False
2025-09-24 19:00:00+00:00,9285.8,9293.6,9281.8,9292.4,1914,3,0.0,4.533333333333455,True,2025-09-24 20:00:00,20.0,2025-09-24,False,False
2025-09-24 23:00:00+00:00,9292.2,9296.4,9285.2,9289.1,2289,4,0.0,6.0,True,2025-09-25 00:00:00,0.0,2025-09-25,False,False
2025-09-25 03:00:00+00:00,9288.9,9293.1,9275.6,9277.3,1786,4,0.0,4.900000000000091,True,2025-09-25 04:00:00,4.0,2025-09-25,False,False
2025-09-25 07:00:00+00:00,9277.6,9294.8,9257.3,9277.1,8661,4,1.0,1.3000000000010914,True,2025-09-25 08:00:00,8.0,2025-09-25,True,False
2025-09-25 11:00:00+00:00,9277.8,9286.3,9249.3,9285.8,11608,4,1.0,1.2999999999997272,True,2025-09-25 12:00:00,12.0,2025-09-25,True,False
2025-09-25 15:00:00+00:00,9285.6,9285.6,9252.8,9276.6,9070,4,0.25,1.6000000000003638,True,2025-09-25 16:00:00,16.0,2025-09-25,True,False
2025-09-25 19:00:00+00:00,9276.3,9293.8,9271.3,9284.5,3230,3,0.0,4.533333333333455,True,2025-09-25 20:00:00,20.0,2025-09-25,False,False
2025-09-25 23:00:00+00:00,9284.7,9290.6,9277.8,9286.0,3554,4,0.0,6.0,True,2025-09-26 00:00:00,0.0,2025-09-26,False,False
2025-09-26 03:00:00+00:00,9286.1,9286.9,9268.6,9269.1,2823,4,0.0,4.900000000000091,True,2025-09-26 04:00:00,4.0,2025-09-26,False,False
2025-09-26 07:00:00+00:00,9268.8,9304.3,9258.6,9290.6,7039,4,1.0,1.2999999999997272,True,2025-09-26 08:00:00,8.0,2025-09-26,True,False
2025-09-26 11:00:00+00:00,9290.3,9341.6,9290.3,9323.8,9698,4,1.0,1.300000000000182,True,2025-09-26 12:00:00,12.0,2025-09-26,True,False
2025-09-26 15:00:00+00:00,9323.3,9356.6,9321.8,9354.8,6746,4,0.25,1.6000000000003638,True,2025-09-26 16:00:00,16.0,2025-09-26,True,False
2025-09-26 19:00:00+00:00,9354.6,9355.3,9346.3,9349.8,1341,1,0.0,1.6000000000003638,True,2025-09-26 20:00:00,20.0,2025-09-26,False,False
2025-09-28 22:00:00+00:00,9351.4,9360.7,9350.5,9358.0,688,1,0.0,6.0,True,2025-09-28 23:00:00,23.0,2025-09-28,False,False
2025-09-28 23:00:00+00:00,9358.2,9375.0,9350.3,9354.6,3466,4,0.0,6.0,True,2025-09-29 00:00:00,0.0,2025-09-29,False,False
2025-09-29 03:00:00+00:00,9354.1,9378.8,9352.3,9364.8,2282,4,0.0,4.900000000000091,True,2025-09-29 04:00:00,4.0,2025-09-29,False,False
2025-09-29 07:00:00+00:00,9364.1,9404.1,9354.8,9387.3,7455,4,1.0,1.2999999999997272,True,2025-09-29 08:00:00,8.0,2025-09-29,True,False
2025-09-29 11:00:00+00:00,9387.8,9389.3,9342.8,9360.8,7914,4,1.0,1.300000000000182,True,2025-09-29 12:00:00,12.0,2025-09-29,True,False
2025-09-29 15:00:00+00:00,9360.6,9365.3,9333.3,9339.6,5238,4,0.25,1.6000000000003638,True,2025-09-29 16:00:00,16.0,2025-09-29,True,False
2025-09-29 19:00:00+00:00,9339.3,9348.3,9330.8,9342.9,2052,3,0.0,4.533333333333455,True,2025-09-29 20:00:00,20.0,2025-09-29,False,False
2025-09-29 23:00:00+00:00,9343.1,9357.0,9340.7,9348.0,3244,4,0.0,6.0,True,2025-09-30 00:00:00,0.0,2025-09-30,False,False
2025-09-30 03:00:00+00:00,9348.1,9354.2,9336.6,9337.6,2326,4,0.0,4.900000000000091,True,2025-09-30 04:00:00,4.0,2025-09-30,False,False
2025-09-30 07:00:00+00:00,9337.1,9356.1,9312.3,9352.3,8628,4,1.0,1.2999999999997272,True,2025-09-30 08:00:00,8.0,2025-09-30,True,False
2025-09-30 11:00:00+00:00,9352.1,9396.1,9351.6,9379.8,9704,4,1.0,1.300000000000182,True,2025-09-30 12:00:00,12.0,2025-09-30,True,False
2025-09-30 15:00:00+00:00,9379.3,9416.3,9378.3,9416.3,8201,4,0.25,1.6000000000003638,True,2025-09-30 16:00:00,16.0,2025-09-30,True,False
2025-09-30 19:00:00+00:00,9416.1,9426.3,9407.6,9410.3,3063,3,0.0,4.533333333333455,True,2025-09-30 20:00:00,20.0,2025-09-30,False,False
2025-09-30 23:00:00+00:00,9410.2,9423.1,9406.9,9411.0,4820,4,0.0,6.0,True,2025-10-01 00:00:00,0.0,2025-10-01,False,False
2025-10-01 03:00:00+00:00,9411.1,9412.8,9394.3,9405.6,3445,4,0.0,4.900000000000091,True,2025-10-01 04:00:00,4.0,2025-10-01,False,False
2025-10-01 07:00:00+00:00,9405.8,9471.1,9405.1,9468.1,10229,4,1.0,1.300000000000182,True,2025-10-01 08:00:00,8.0,2025-10-01,True,False
2025-10-01 11:00:00+00:00,9468.8,9502.8,9449.8,9485.3,10454,4,1.0,1.2999999999997272,True,2025-10-01 12:00:00,12.0,2025-10-01,True,False
2025-10-01 15:00:00+00:00,9485.1,9509.1,9482.3,9507.6,5653,4,0.25,1.6000000000003638,True,2025-10-01 16:00:00,16.0,2025-10-01,True,False
2025-10-01 19:00:00+00:00,9507.8,9512.1,9496.3,9502.0,1939,3,0.0,4.533333333333455,True,2025-10-01 20:00:00,20.0,2025-10-01,False,False
2025-10-01 23:00:00+00:00,9501.8,9527.3,9499.8,9526.3,3990,4,0.0,6.0,True,2025-10-02 00:00:00,0.0,2025-10-02,False,False
2025-10-02 03:00:00+00:00,9526.4,9538.1,9521.1,9522.6,3660,4,0.0,4.900000000000091,True,2025-10-02 04:00:00,4.0,2025-10-02,False,False
2025-10-02 07:00:00+00:00,9520.3,9523.6,9476.1,9502.1,10946,4,1.0,1.3000000000006366,True,2025-10-02 08:00:00,8.0,2025-10-02,True,False
2025-10-02 11:00:00+00:00,9501.8,9509.3,9466.1,9466.3,10778,4,1.0,1.2999999999997272,True,2025-10-02 12:00:00,12.0,2025-10-02,True,False
2025-10-02 15:00:00+00:00,9465.8,9484.8,9463.8,9480.1,5778,4,0.25,1.6000000000003638,True,2025-10-02 16:00:00,16.0,2025-10-02,True,False
2025-10-02 19:00:00+00:00,9480.3,9485.3,9468.8,9475.4,1890,3,0.0,4.533333333333455,True,2025-10-02 20:00:00,20.0,2025-10-02,False,False
2025-10-02 23:00:00+00:00,9475.7,9492.4,9472.7,9486.8,3273,4,0.0,6.0,True,2025-10-03 00:00:00,0.0,2025-10-03,False,False
2025-10-03 03:00:00+00:00,9487.2,9501.6,9485.3,9493.3,2489,4,0.0,4.900000000000091,True,2025-10-03 04:00:00,4.0,2025-10-03,False,False
2025-10-03 07:00:00+00:00,9493.6,9539.6,9493.3,9536.8,6199,4,1.0,1.2999999999992724,True,2025-10-03 08:00:00,8.0,2025-10-03,True,False
2025-10-03 11:00:00+00:00,9536.6,9536.6,9512.6,9535.1,7667,4,1.0,1.3000000000010914,True,2025-10-03 12:00:00,12.0,2025-10-03,True,False
2025-10-03 15:00:00+00:00,9534.8,9545.8,9524.1,9533.6,6258,4,0.25,1.6000000000003638,True,2025-10-03 16:00:00,16.0,2025-10-03,True,False
2025-10-03 19:00:00+00:00,9533.8,9536.3,9527.6,9529.1,1348,1,0.0,1.6000000000003638,True,2025-10-03 20:00:00,20.0,2025-10-03,False,False
2025-10-05 22:00:00+00:00,9535.4,9544.8,9532.9,9543.6,1100,1,0.0,6.0,True,2025-10-05 23:00:00,23.0,2025-10-05,False,False
2025-10-05 23:00:00+00:00,9543.7,9550.5,9524.0,9526.3,4335,4,0.0,6.0,True,2025-10-06 00:00:00,0.0,2025-10-06,False,False
2025-10-06 03:00:00+00:00,9526.5,9538.6,9520.8,9532.6,3803,4,0.0,4.900000000000091,True,2025-10-06 04:00:00,4.0,2025-10-06,False,False
2025-10-06 07:00:00+00:00,9532.3,9541.8,9506.6,9538.8,10135,4,1.0,1.3000000000006366,True,2025-10-06 08:00:00,8.0,2025-10-06,True,False
2025-10-06 11:00:00+00:00,9539.1,9561.3,9518.8,9523.8,9197,4,1.0,1.3000000000006366,True,2025-10-06 12:00:00,12.0,2025-10-06,True,False
2025-10-06 15:00:00+00:00,9524.3,9533.8,9513.6,9520.3,3993,4,0.25,1.6000000000003638,True,2025-10-06 16:00:00,16.0,2025-10-06,True,False
2025-10-06 19:00:00+00:00,9519.8,9523.3,9504.8,9506.0,1990,3,0.0,4.533333333333455,True,2025-10-06 20:00:00,20.0,2025-10-06,False,False
2025-10-06 23:00:00+00:00,9505.8,9520.2,9503.2,9516.8,3256,4,0.0,6.0,True,2025-10-07 00:00:00,0.0,2025-10-07,False,False
2025-10-07 03:00:00+00:00,9517.6,9532.1,9514.8,9531.6,1825,4,0.0,4.900000000000091,True,2025-10-07 04:00:00,4.0,2025-10-07,False,False
2025-10-07 07:00:00+00:00,9531.8,9538.3,9517.6,9529.8,6413,4,1.0,1.300000000000182,True,2025-10-07 08:00:00,8.0,2025-10-07,True,False
2025-10-07 11:00:00+00:00,9529.6,9549.8,9518.8,9523.3,7522,4,1.0,1.2999999999992724,True,2025-10-07 12:00:00,12.0,2025-10-07,True,False
2025-10-07 15:00:00+00:00,9523.1,9534.1,9516.1,9532.3,8731,4,0.25,1.6000000000003638,True,2025-10-07 16:00:00,16.0,2025-10-07,True,False
2025-10-07 19:00:00+00:00,9532.8,9538.8,9527.8,9538.1,2006,3,0.0,4.533333333333455,True,2025-10-07 20:00:00,20.0,2025-10-07,False,False
2025-10-07 23:00:00+00:00,9538.0,9538.7,9524.8,9536.8,3383,4,0.0,6.0,True,2025-10-08 00:00:00,0.0,2025-10-08,False,False
2025-10-08 03:00:00+00:00,9536.6,9547.1,9531.1,9532.6,2114,4,0.0,4.900000000000091,True,2025-10-08 04:00:00,4.0,2025-10-08,False,False
2025-10-08 07:00:00+00:00,9533.6,9600.3,9532.8,9597.3,7431,4,1.0,1.300000000000182,True,2025-10-08 08:00:00,8.0,2025-10-08,True,False
2025-10-08 11:00:00+00:00,9597.1,9621.3,9569.1,9591.8,8903,4,1.0,1.300000000000182,True,2025-10-08 12:00:00,12.0,2025-10-08,True,False
2025-10-08 15:00:00+00:00,9592.1,9607.3,9584.6,9585.6,5525,4,0.25,1.6000000000003638,True,2025-10-08 16:00:00,16.0,2025-10-08,True,False
2025-10-08 19:00:00+00:00,9585.8,9599.2,9584.3,9598.8,1897,3,0.0,4.533333333333455,True,2025-10-08 20:00:00,20.0,2025-10-08,False,False
2025-10-08 23:00:00+00:00,9598.9,9603.9,9527.5,9528.3,4532,4,0.0,6.0,True,2025-10-09 00:00:00,0.0,2025-10-09,False,False
2025-10-09 03:00:00+00:00,9528.6,9579.1,9528.6,9557.6,3355,4,0.0,4.900000000000091,True,2025-10-09 04:00:00,4.0,2025-10-09,False,False
2025-10-09 07:00:00+00:00,9557.1,9575.8,9542.1,9567.6,9416,4,1.0,1.300000000000182,True,2025-10-09 08:00:00,8.0,2025-10-09,True,False
2025-10-09 11:00:00+00:00,9567.1,9577.3,9554.6,9559.8,9008,4,1.0,1.2999999999997272,True,2025-10-09 12:00:00,12.0,2025-10-09,True,False
2025-10-09 15:00:00+00:00,9560.1,9567.3,9531.8,9535.8,7907,4,0.25,1.6000000000003638,True,2025-10-09 16:00:00,16.0,2025-10-09,True,False
2025-10-09 19:00:00+00:00,9536.1,9547.6,9533.8,9543.8,2262,3,0.0,4.533333333333455,True,2025-10-09 20:00:00,20.0,2025-10-09,False,False
2025-10-09 23:00:00+00:00,9543.9,9553.4,9542.2,9543.6,2872,4,0.0,6.0,True,2025-10-10 00:00:00,0.0,2025-10-10,False,False
2025-10-10 03:00:00+00:00,9543.8,9547.1,9531.6,9539.1,2912,4,0.0,4.900000000000091,True,2025-10-10 04:00:00,4.0,2025-10-10,False,False
2025-10-10 07:00:00+00:00,9538.6,9561.1,9526.6,9558.3,7633,4,1.0,1.300000000000182,True,2025-10-10 08:00:00,8.0,2025-10-10,True,False
2025-10-10 11:00:00+00:00,9557.8,9560.8,9501.6,9513.1,9543,4,1.0,1.300000000000182,True,2025-10-10 12:00:00,12.0,2025-10-10,True,False
2025-10-10 15:00:00+00:00,9512.6,9512.6,9419.1,9422.1,31229,4,0.25,1.6000000000003638,True,2025-10-10 16:00:00,16.0,2025-10-10,True,False
2025-10-10 19:00:00+00:00,9422.3,9432.3,9406.1,9422.3,3443,1,0.0,1.6000000000003638,True,2025-10-10 20:00:00,20.0,2025-10-10,False,False
2025-10-12 22:00:00+00:00,9451.0,9467.0,9443.5,9454.0,3761,1,0.0,6.0,True,2025-10-12 23:00:00,23.0,2025-10-12,False,False
2025-10-12 23:00:00+00:00,9454.5,9480.7,9445.5,9472.8,12792,4,0.0,6.0,True,2025-10-13 00:00:00,0.0,2025-10-13,False,False
2025-10-13 03:00:00+00:00,9472.7,9485.1,9457.1,9475.6,5930,4,0.0,4.900000000000091,True,2025-10-13 04:00:00,4.0,2025-10-13,False,False
2025-10-13 07:00:00+00:00,9475.3,9499.6,9463.3,9474.8,10105,4,1.0,1.2999999999992724,True,2025-10-13 08:00:00,8.0,2025-10-13,True,False
2025-10-13 11:00:00+00:00,9475.1,9486.8,9448.6,9477.6,13366,4,1.0,1.2999999999997272,True,2025-10-13 12:00:00,12.0,2025-10-13,True,False
2025-10-13 15:00:00+00:00,9477.8,9497.3,9470.1,9483.1,7873,4,0.25,1.6000000000003638,True,2025-10-13 16:00:00,16.0,2025-10-13,True,False
2025-10-13 19:00:00+00:00,9483.3,9492.1,9479.3,9491.6,2740,3,0.0,4.533333333333455,True,2025-10-13 20:00:00,20.0,2025-10-13,False,False
2025-10-13 23:00:00+00:00,9491.1,9498.3,9478.1,9480.5,7335,4,0.0,6.0,True,2025-10-14 00:00:00,0.0,2025-10-14,False,False
2025-10-14 03:00:00+00:00,9480.4,9481.7,9432.8,9449.1,10911,4,0.0,4.900000000000091,True,2025-10-14 04:00:00,4.0,2025-10-14,False,False
2025-10-14 07:00:00+00:00,9449.3,9483.6,9421.3,9429.6,12838,4,1.0,1.3000000000006366,True,2025-10-14 08:00:00,8.0,2025-10-14,True,False
2025-10-14 11:00:00+00:00,9430.1,9493.6,9430.1,9488.1,14106,4,1.0,1.3000000000006366,True,2025-10-14 12:00:00,12.0,2025-10-14,True,False
2025-10-14 15:00:00+00:00,9488.3,9531.3,9479.3,9525.3,10425,4,0.25,1.6000000000003638,True,2025-10-14 16:00:00,16.0,2025-10-14,True,False
2025-10-14 19:00:00+00:00,9525.6,9527.6,9496.3,9514.7,6655,3,0.0,4.533333333333455,True,2025-10-14 20:00:00,20.0,2025-10-14,False,False
2025-10-14 23:00:00+00:00,9514.4,9522.1,9506.9,9510.4,7474,4,0.0,6.0,True,2025-10-15 00:00:00,0.0,2025-10-15,False,False
2025-10-15 03:00:00+00:00,9510.3,9526.6,9508.6,9518.3,4547,4,0.0,4.900000000000091,True,2025-10-15 04:00:00,4.0,2025-10-15,False,False
2025-10-15 07:00:00+00:00,9518.1,9526.1,9431.6,9436.6,9287,4,1.0,1.300000000000182,True,2025-10-15 08:00:00,8.0,2025-10-15,True,False
2025-10-15 11:00:00+00:00,9436.8,9484.3,9433.8,9470.1,10134,4,1.0,1.300000000000182,True,2025-10-15 12:00:00,12.0,2025-10-15,True,False
2025-10-15 15:00:00+00:00,9470.3,9478.1,9413.1,9452.6,13353,4,0.25,1.6000000000003638,True,2025-10-15 16:00:00,16.0,2025-10-15,True,False
2025-10-15 19:00:00+00:00,9452.1,9462.8,9447.6,9457.1,4359,3,0.0,4.533333333333455,True,2025-10-15 20:00:00,20.0,2025-10-15,False,False
2025-10-15 23:00:00+00:00,9457.0,9457.1,9439.1,9446.5,8216,4,0.0,6.0,True,2025-10-16 00:00:00,0.0,2025-10-16,False,False
2025-10-16 03:00:00+00:00,9446.1,9466.8,9436.6,9459.6,5129,4,0.0,4.900000000000091,True,2025-10-16 04:00:00,4.0,2025-10-16,False,False
2025-10-16 07:00:00+00:00,9459.8,9475.6,9437.6,9456.1,9556,4,1.0,1.3000000000006366,True,2025-10-16 08:00:00,8.0,2025-10-16,True,False
2025-10-16 11:00:00+00:00,9456.3,9461.8,9426.3,9461.3,11116,4,1.0,1.300000000000182,True,2025-10-16 12:00:00,12.0,2025-10-16,True,False
2025-10-16 15:00:00+00:00,9461.6,9481.6,9398.8,9414.6,21135,4,0.25,1.6000000000003638,True,2025-10-16 16:00:00,16.0,2025-10-16,True,False
2025-10-16 19:00:00+00:00,9414.3,9421.1,9394.2,9395.5,7163,3,0.0,4.533333333333455,True,2025-10-16 20:00:00,20.0,2025-10-16,False,False
2025-10-16 23:00:00+00:00,9399.0,9409.9,9376.3,9381.3,10564,4,0.0,6.0,True,2025-10-17 00:00:00,0.0,2025-10-17,False,False
2025-10-17 03:00:00+00:00,9381.1,9386.8,9341.6,9343.6,7819,4,0.0,4.900000000000091,True,2025-10-17 04:00:00,4.0,2025-10-17,False,False
2025-10-17 07:00:00+00:00,9342.6,9359.6,9308.6,9345.6,17336,4,1.0,1.3000000000010914,True,2025-10-17 08:00:00,8.0,2025-10-17,True,False
2025-10-17 11:00:00+00:00,9346.1,9423.8,9338.8,9393.6,18504,4,1.0,1.3000000000006366,True,2025-10-17 12:00:00,12.0,2025-10-17,True,False
2025-10-17 15:00:00+00:00,9393.3,9419.1,9382.8,9417.8,12833,4,0.25,1.6000000000003638,True,2025-10-17 16:00:00,16.0,2025-10-17,True,False
2025-10-17 19:00:00+00:00,9417.6,9426.8,9414.8,9416.8,2308,1,0.0,1.6000000000003638,True,2025-10-17 20:00:00,20.0,2025-10-17,False,False
2025-10-19 22:00:00+00:00,9427.5,9429.4,9421.3,9424.3,1593,1,0.0,6.0,True,2025-10-19 23:00:00,23.0,2025-10-19,False,False
2025-10-19 23:00:00+00:00,9424.6,9425.1,9402.1,9416.5,8822,4,0.0,6.0,True,2025-10-20 00:00:00,0.0,2025-10-20,False,False
2025-10-20 03:00:00+00:00,9416.6,9433.8,9414.5,9426.6,3713,4,0.0,4.900000000000091,True,2025-10-20 04:00:00,4.0,2025-10-20,False,False
2025-10-20 07:00:00+00:00,9427.3,9441.8,9409.1,9418.8,7700,4,1.0,1.2999999999997272,True,2025-10-20 08:00:00,8.0,2025-10-20,True,False
2025-10-20 11:00:00+00:00,9419.1,9453.3,9418.6,9450.8,6846,4,1.0,1.2999999999992724,True,2025-10-20 12:00:00,12.0,2025-10-20,True,False
2025-10-20 15:00:00+00:00,9451.1,9474.6,9436.8,9469.6,5022,4,0.25,1.6000000000003638,True,2025-10-20 16:00:00,16.0,2025-10-20,True,False
2025-10-20 19:00:00+00:00,9469.3,9474.9,9464.6,9471.7,1906,3,0.0,4.533333333333455,True,2025-10-20 20:00:00,20.0,2025-10-20,False,False
2025-10-20 23:00:00+00:00,9471.9,9482.0,9469.3,9478.6,3717,4,0.0,6.0,True,2025-10-21 00:00:00,0.0,2025-10-21,False,False
2025-10-21 03:00:00+00:00,9479.0,9483.4,9460.3,9468.3,3613,4,0.0,4.900000000000091,True,2025-10-21 04:00:00,4.0,2025-10-21,False,False
2025-10-21 07:00:00+00:00,9470.6,9474.8,9452.6,9459.6,6051,4,1.0,1.3000000000006366,True,2025-10-21 08:00:00,8.0,2025-10-21,True,False
2025-10-21 11:00:00+00:00,9459.3,9476.8,9439.1,9464.6,7630,4,1.0,1.300000000000182,True,2025-10-21 12:00:00,12.0,2025-10-21,True,False
2025-10-21 15:00:00+00:00,9464.3,9474.6,9454.3,9457.1,5804,4,0.25,1.6000000000003638,True,2025-10-21 16:00:00,16.0,2025-10-21,True,False
2025-10-21 19:00:00+00:00,9456.8,9460.3,9442.4,9457.2,2786,3,0.0,4.533333333333455,True,2025-10-21 20:00:00,20.0,2025-10-21,False,False
2025-10-21 23:00:00+00:00,9457.4,9457.9,9443.1,9455.1,4454,4,0.0,6.0,True,2025-10-22 00:00:00,0.0,2025-10-22,False,False
2025-10-22 03:00:00+00:00,9455.0,9513.8,9449.0,9504.1,3488,4,0.0,4.900000000000091,True,2025-10-22 04:00:00,4.0,2025-10-22,False,False
2025-10-22 07:00:00+00:00,9504.6,9549.3,9498.1,9546.1,7557,4,1.0,1.3000000000006366,True,2025-10-22 08:00:00,8.0,2025-10-22,True,False
2025-10-22 11:00:00+00:00,9545.6,9581.3,9539.3,9568.1,9091,4,1.0,1.3000000000010914,True,2025-10-22 12:00:00,12.0,2025-10-22,True,False
2025-10-22 15:00:00+00:00,9567.8,9573.1,9500.6,9527.6,13861,4,0.25,1.6000000000003638,True,2025-10-22 16:00:00,16.0,2025-10-22,True,False
2025-10-22 19:00:00+00:00,9527.3,9557.0,9521.6,9547.3,4931,3,0.0,4.533333333333455,True,2025-10-22 20:00:00,20.0,2025-10-22,False,False
2025-10-22 23:00:00+00:00,9547.1,9553.5,9537.1,9549.8,6844,4,0.0,6.0,True,2025-10-23 00:00:00,0.0,2025-10-23,False,False
2025-10-23 03:00:00+00:00,9550.0,9575.1,9546.3,9574.1,4238,4,0.0,4.900000000000091,True,2025-10-23 04:00:00,4.0,2025-10-23,False,False
2025-10-23 07:00:00+00:00,9575.1,9608.3,9552.1,9605.8,8362,4,1.0,1.2999999999997272,True,2025-10-23 08:00:00,8.0,2025-10-23,True,False
2025-10-23 11:00:00+00:00,9604.6,9629.1,9598.8,9615.1,9278,4,1.0,1.300000000000182,True,2025-10-23 12:00:00,12.0,2025-10-23,True,False
2025-10-23 15:00:00+00:00,9615.3,9623.1,9602.1,9621.1,5866,4,0.25,1.6000000000003638,True,2025-10-23 16:00:00,16.0,2025-10-23,True,False
2025-10-23 19:00:00+00:00,9621.3,9626.2,9608.3,9624.5,2401,3,0.0,4.533333333333455,True,2025-10-23 20:00:00,20.0,2025-10-23,False,False
2025-10-23 23:00:00+00:00,9624.0,9630.4,9616.9,9620.5,3278,4,0.0,6.0,True,2025-10-24 00:00:00,0.0,2025-10-24,False,False
2025-10-24 03:00:00+00:00,9620.3,9634.6,9614.1,9628.8,2100,4,0.0,4.900000000000091,True,2025-10-24 04:00:00,4.0,2025-10-24,False,False
2025-10-24 07:00:00+00:00,9629.3,9632.8,9590.8,9599.8,6627,4,1.0,1.3000000000006366,True,2025-10-24 08:00:00,8.0,2025-10-24,True,False
2025-10-24 11:00:00+00:00,9599.6,9658.6,9599.1,9653.8,8254,4,1.0,1.300000000000182,True,2025-10-24 12:00:00,12.0,2025-10-24,True,False
2025-10-24 15:00:00+00:00,9653.6,9690.3,9653.3,9679.1,4665,4,0.25,1.6000000000003638,True,2025-10-24 16:00:00,16.0,2025-10-24,True,False
2025-10-24 19:00:00+00:00,9678.8,9680.6,9664.3,9666.1,949,1,0.0,1.6000000000003638,True,2025-10-24 20:00:00,20.0,2025-10-24,False,False
2025-10-26 22:00:00+00:00,9707.0,9712.0,9695.6,9697.4,3093,2,0.0,6.0,True,2025-10-26 22:00:00,22.0,2025-10-26,False,False
2025-10-27 00:00:00+00:00,9697.2,9716.2,9676.3,9679.8,3833,4,0.0,6.0,True,2025-10-27 00:00:00,0.0,2025-10-27,False,False
2025-10-27 04:00:00+00:00,9680.0,9693.3,9670.8,9673.1,3084,4,0.0,4.900000000000091,True,2025-10-27 04:00:00,4.0,2025-10-27,False,False
2025-10-27 08:00:00+00:00,9675.6,9692.1,9664.6,9690.6,5979,4,1.0,1.3000000000006366,True,2025-10-27 08:00:00,8.0,2025-10-27,True,False
2025-10-27 12:00:00+00:00,9690.3,9704.8,9664.6,9667.3,7304,4,1.0,1.300000000000182,True,2025-10-27 12:00:00,12.0,2025-10-27,True,False
2025-10-27 16:00:00+00:00,9667.6,9697.8,9667.3,9694.3,3522,4,0.25,1.6000000000003638,True,2025-10-27 16:00:00,16.0,2025-10-27,True,False
2025-10-27 20:00:00+00:00,9694.6,9707.7,9693.1,9701.6,1675,3,0.0,4.533333333333455,True,2025-10-27 20:00:00,20.0,2025-10-27,False,False
2025-10-28 00:00:00+00:00,9701.8,9702.3,9677.5,9680.4,3347,4,0.0,6.0,True,2025-10-28 00:00:00,0.0,2025-10-28,False,False
2025-10-28 04:00:00+00:00,9680.3,9704.3,9676.0,9701.6,2773,4,0.0,4.900000000000091,True,2025-10-28 04:00:00,4.0,2025-10-28,False,False
2025-10-28 08:00:00+00:00,9702.6,9707.6,9679.1,9698.8,7205,4,1.0,1.2999999999997272,True,2025-10-28 08:00:00,8.0,2025-10-28,True,False
2025-10-28 12:00:00+00:00,9698.3,9759.6,9697.8,9734.1,9128,4,1.0,1.3000000000006366,True,2025-10-28 12:00:00,12.0,2025-10-28,True,False
2025-10-28 16:00:00+00:00,9733.8,9744.8,9721.6,9725.3,5122,4,0.25,1.6000000000003638,True,2025-10-28 16:00:00,16.0,2025-10-28,True,False
2025-10-28 20:00:00+00:00,9725.6,9735.1,9720.3,9732.2,1481,3,0.0,4.533333333333455,True,2025-10-28 20:00:00,20.0,2025-10-28,False,False
2025-10-29 00:00:00+00:00,9731.7,9734.2,9718.3,9732.8,4991,4,0.0,6.0,True,2025-10-29 00:00:00,0.0,2025-10-29,False,False
2025-10-29 04:00:00+00:00,9732.7,9756.6,9726.9,9751.6,3755,4,0.0,4.900000000000091,True,2025-10-29 04:00:00,4.0,2025-10-29,False,False
2025-10-29 08:00:00+00:00,9752.1,9808.3,9749.6,9807.1,7860,4,1.0,1.3000000000006366,True,2025-10-29 08:00:00,8.0,2025-10-29,True,False
2025-10-29 12:00:00+00:00,9806.3,9820.6,9772.3,9775.3,10196,4,1.0,1.2999999999997272,True,2025-10-29 12:00:00,12.0,2025-10-29,True,False
2025-10-29 16:00:00+00:00,9775.6,9800.1,9751.1,9763.1,17208,4,0.25,1.6000000000003638,True,2025-10-29 16:00:00,16.0,2025-10-29,True,False
2025-10-29 20:00:00+00:00,9763.3,9783.8,9757.3,9781.5,5359,3,0.0,4.533333333333455,True,2025-10-29 20:00:00,20.0,2025-10-29,False,False
2025-10-30 00:00:00+00:00,9781.8,9798.8,9764.0,9766.8,8959,4,0.0,6.0,True,2025-10-30 00:00:00,0.0,2025-10-30,False,False
2025-10-30 04:00:00+00:00,9766.5,9777.8,9743.0,9764.6,14132,4,0.0,4.900000000000091,True,2025-10-30 04:00:00,4.0,2025-10-30,False,False
2025-10-30 08:00:00+00:00,9766.6,9771.1,9724.6,9726.6,9311,4,1.0,1.3000000000010914,True,2025-10-30 08:00:00,8.0,2025-10-30,True,False
2025-10-30 12:00:00+00:00,9725.8,9787.6,9717.1,9783.3,13923,4,1.0,1.300000000000182,True,2025-10-30 12:00:00,12.0,2025-10-30,True,False
2025-10-30 16:00:00+00:00,9783.1,9799.1,9771.1,9772.6,7311,4,0.25,1.6000000000003638,True,2025-10-30 16:00:00,16.0,2025-10-30,True,False
2025-10-30 20:00:00+00:00,9772.3,9792.7,9771.3,9792.2,4254,3,0.0,4.533333333333455,True,2025-10-30 20:00:00,20.0,2025-10-30,False,False
2025-10-31 00:00:00+00:00,9792.5,9796.7,9762.1,9767.6,7034,4,0.0,6.0,True,2025-10-31 00:00:00,0.0,2025-10-31,False,False
2025-10-31 04:00:00+00:00,9767.3,9769.6,9754.1,9766.1,4354,4,0.0,4.900000000000091,True,2025-10-31 04:00:00,4.0,2025-10-31,False,False
2025-10-31 08:00:00+00:00,9765.6,9775.3,9730.8,9761.3,7723,4,1.0,1.2999999999992724,True,2025-10-31 08:00:00,8.0,2025-10-31,True,False
2025-10-31 12:00:00+00:00,9761.1,9767.1,9722.8,9735.6,10077,4,1.0,1.3000000000010914,True,2025-10-31 12:00:00,12.0,2025-10-31,True,False
2025-10-31 16:00:00+00:00,9735.3,9767.1,9729.3,9760.1,8428,4,0.25,1.6000000000003638,True,2025-10-31 16:00:00,16.0,2025-10-31,True,False
2025-10-31 20:00:00+00:00,9759.8,9763.6,9753.1,9763.6,656,1,0.0,1.6000000000003638,True,2025-10-31 20:00:00,20.0,2025-10-31,False,False
2025-11-02 23:00:00+00:00,9772.7,9778.6,9768.4,9773.1,1493,1,0.0,6.0,True,2025-11-02 23:00:00,23.0,2025-11-02,False,False
2025-11-03 00:00:00+00:00,9772.9,9781.0,9757.9,9764.8,4327,4,0.0,6.0,True,2025-11-03 00:00:00,0.0,2025-11-03,False,False
2025-11-03 04:00:00+00:00,9765.0,9768.4,9751.3,9758.3,3187,4,0.0,4.900000000000091,True,2025-11-03 04:00:00,4.0,2025-11-03,False,False
2025-11-03 08:00:00+00:00,9758.8,9767.8,9744.6,9756.1,6211,4,1.0,1.3000000000006366,True,2025-11-03 08:00:00,8.0,2025-11-03,True,False
2025-11-03 12:00:00+00:00,9756.3,9759.8,9720.8,9730.8,8097,4,1.0,1.3000000000006366,True,2025-11-03 12:00:00,12.0,2025-11-03,True,False
2025-11-03 16:00:00+00:00,9730.3,9736.3,9716.8,9731.1,4937,4,0.25,1.6000000000003638,True,2025-11-03 16:00:00,16.0,2025-11-03,True,False
2025-11-03 20:00:00+00:00,9731.6,9733.6,9720.6,9722.7,2565,3,0.0,4.533333333333455,True,2025-11-03 20:00:00,20.0,2025-11-03,False,False
2025-11-04 00:00:00+00:00,9722.6,9726.5,9709.3,9718.3,6686,4,0.0,6.0,True,2025-11-04 00:00:00,0.0,2025-11-04,False,False
2025-11-04 04:00:00+00:00,9718.1,9719.4,9672.1,9685.1,7200,4,0.0,4.900000000000091,True,2025-11-04 04:00:00,4.0,2025-11-04,False,False
2025-11-04 08:00:00+00:00,9686.1,9691.1,9594.6,9669.1,12121,4,1.0,1.2999999999997272,True,2025-11-04 08:00:00,8.0,2025-11-04,True,False
2025-11-04 12:00:00+00:00,9669.6,9730.6,9662.1,9729.8,10333,4,1.0,1.3000000000006366,True,2025-11-04 12:00:00,12.0,2025-11-04,True,False
2025-11-04 16:00:00+00:00,9729.3,9749.8,9721.8,9731.6,7632,4,0.25,1.6000000000003638,True,2025-11-04 16:00:00,16.0,2025-11-04,True,False
2025-11-04 20:00:00+00:00,9732.1,9737.3,9724.2,9725.5,4469,3,0.0,4.533333333332848,True,2025-11-04 20:00:00,20.0,2025-11-04,False,False
2025-11-05 00:00:00+00:00,9725.0,9725.0,9659.6,9712.3,15436,4,0.0,6.0,True,2025-11-05 00:00:00,0.0,2025-11-05,False,False
2025-11-05 04:00:00+00:00,9712.1,9721.6,9699.6,9705.6,7141,4,0.0,4.900000000000091,True,2025-11-05 04:00:00,4.0,2025-11-05,False,False
2025-11-05 08:00:00+00:00,9705.8,9747.8,9700.1,9741.1,7310,4,1.0,1.3000000000006366,True,2025-11-05 08:00:00,8.0,2025-11-05,True,False
2025-11-05 12:00:00+00:00,9741.6,9810.8,9736.6,9805.8,10959,4,1.0,1.2999999999997272,True,2025-11-05 12:00:00,12.0,2025-11-05,True,False
2025-11-05 16:00:00+00:00,9806.1,9825.3,9796.8,9808.8,6684,4,0.25,1.6000000000003638,True,2025-11-05 16:00:00,16.0,2025-11-05,True,False
2025-11-05 20:00:00+00:00,9808.6,9816.3,9801.2,9814.8,3769,3,0.0,4.533333333333455,True,2025-11-05 20:00:00,20.0,2025-11-05,False,False
2025-11-06 00:00:00+00:00,9815.1,9815.1,9783.7,9801.1,8777,4,0.0,6.0,True,2025-11-06 00:00:00,0.0,2025-11-06,False,False
2025-11-06 04:00:00+00:00,9800.9,9815.1,9795.6,9801.1,3711,4,0.0,4.900000000000091,True,2025-11-06 04:00:00,4.0,2025-11-06,False,False
2025-11-06 08:00:00+00:00,9801.8,9811.3,9767.1,9773.0,7631,4,1.0,1.3000000000006366,True,2025-11-06 08:00:00,8.0,2025-11-06,True,False
2025-11-06 12:00:00+00:00,9773.3,9802.6,9753.8,9755.1,13092,4,1.0,1.3000000000006366,True,2025-11-06 12:00:00,12.0,2025-11-06,True,False
2025-11-06 16:00:00+00:00,9755.3,9762.1,9728.6,9751.6,11191,4,0.25,1.6000000000003638,True,2025-11-06 16:00:00,16.0,2025-11-06,True,False
2025-11-06 20:00:00+00:00,9751.8,9758.3,9735.1,9754.3,4695,3,0.0,4.533333333333455,True,2025-11-06 20:00:00,20.0,2025-11-06,False,False
2025-11-07 00:00:00+00:00,9754.1,9759.7,9728.2,9730.3,12098,4,0.0,6.0,True,2025-11-07 00:00:00,0.0,2025-11-07,False,False
2025-11-07 04:00:00+00:00,9730.2,9759.3,9723.2,9748.8,5698,4,0.0,4.900000000000091,True,2025-11-07 04:00:00,4.0,2025-11-07,False,False
2025-11-07 08:00:00+00:00,9749.3,9753.3,9668.8,9701.6,11922,4,1.0,1.3000000000010914,True,2025-11-07 08:00:00,8.0,2025-11-07,True,False
2025-11-07 12:00:00+00:00,9701.8,9713.8,9663.1,9703.1,16535,4,1.0,1.3000000000006366,True,2025-11-07 12:00:00,12.0,2025-11-07,True,False
2025-11-07 16:00:00+00:00,9702.8,9760.8,9695.6,9759.8,15060,4,0.25,1.6000000000003638,True,2025-11-07 16:00:00,16.0,2025-11-07,True,False
2025-11-07 20:00:00+00:00,9759.6,9759.6,9746.1,9757.6,3315,1,0.0,1.6000000000003638,True,2025-11-07 20:00:00,20.0,2025-11-07,False,False
2025-11-09 23:00:00+00:00,9771.2,9775.8,9764.6,9771.4,2030,1,0.0,6.0,True,2025-11-09 23:00:00,23.0,2025-11-09,False,False
2025-11-10 00:00:00+00:00,9770.7,9791.3,9758.3,9780.7,8868,4,0.0,6.0,True,2025-11-10 00:00:00,0.0,2025-11-10,False,False
2025-11-10 04:00:00+00:00,9780.5,9791.3,9775.5,9782.6,4525,4,0.0,4.900000000000091,True,2025-11-10 04:00:00,4.0,2025-11-10,False,False
2025-11-10 08:00:00+00:00,9783.3,9812.8,9749.6,9800.8,9444,4,1.0,1.2999999999997272,True,2025-11-10 08:00:00,8.0,2025-11-10,True,False
2025-11-10 12:00:00+00:00,9801.3,9827.1,9790.3,9806.6,10416,4,1.0,1.300000000000182,True,2025-11-10 12:00:00,12.0,2025-11-10,True,False
2025-11-10 16:00:00+00:00,9806.3,9872.3,9805.3,9868.8,8198,4,0.25,1.6000000000003638,True,2025-11-10 16:00:00,16.0,2025-11-10,True,False
2025-11-10 20:00:00+00:00,9868.6,9873.8,9861.8,9872.8,3195,3,0.0,4.533333333333455,True,2025-11-10 20:00:00,20.0,2025-11-10,False,False
2025-11-11 00:00:00+00:00,9872.5,9906.1,9867.3,9892.6,7655,4,0.0,6.0,True,2025-11-11 00:00:00,0.0,2025-11-11,False,False
2025-11-11 04:00:00+00:00,9892.5,9923.6,9873.3,9909.8,6017,4,0.0,4.900000000000091,True,2025-11-11 04:00:00,4.0,2025-11-11,False,False
2025-11-11 08:00:00+00:00,9909.6,9925.3,9887.1,9887.3,9849,4,1.0,1.2999999999997272,True,2025-11-11 08:00:00,8.0,2025-11-11,True,False
2025-11-11 12:00:00+00:00,9887.1,9920.6,9878.1,9907.3,9690,4,1.0,1.2999999999997272,True,2025-11-11 12:00:00,12.0,2025-11-11,True,False
2025-11-11 16:00:00+00:00,9907.6,9940.3,9905.8,9931.1,8190,4,0.25,1.6000000000003638,True,2025-11-11 16:00:00,16.0,2025-11-11,True,False
2025-11-11 20:00:00+00:00,9931.3,9933.6,9921.0,9927.8,3053,3,0.0,4.533333333333455,True,2025-11-11 20:00:00,20.0,2025-11-11,False,False
2025-11-12 00:00:00+00:00,9928.1,9947.7,9927.3,9935.3,6387,4,0.0,6.0,True,2025-11-12 00:00:00,0.0,2025-11-12,False,False
2025-11-12 04:00:00+00:00,9935.2,9948.3,9927.1,9945.6,3812,4,0.0,4.900000000000091,True,2025-11-12 04:00:00,4.0,2025-11-12,False,False
2025-11-12 08:00:00+00:00,9945.8,9952.3,9900.8,9901.6,9405,4,1.0,1.300000000000182,True,2025-11-12 08:00:00,8.0,2025-11-12,True,False
2025-11-12 12:00:00+00:00,9901.3,9955.6,9899.6,9933.8,9897,4,1.0,1.2999999999992724,True,2025-11-12 12:00:00,12.0,2025-11-12,True,False
2025-11-12 16:00:00+00:00,9933.6,9941.3,9915.3,9917.1,9404,4,0.25,1.6000000000003638,True,2025-11-12 16:00:00,16.0,2025-11-12,True,False
2025-11-12 20:00:00+00:00,9916.8,9930.5,9903.5,9910.3,4725,3,0.0,4.533333333333455,True,2025-11-12 20:00:00,20.0,2025-11-12,False,False
2025-11-13 00:00:00+00:00,9910.2,9936.1,9910.2,9930.5,10588,4,0.0,6.0,True,2025-11-13 00:00:00,0.0,2025-11-13,False,False
2025-11-13 04:00:00+00:00,9930.4,9952.8,9924.6,9929.1,4262,4,0.0,4.900000000000091,True,2025-11-13 04:00:00,4.0,2025-11-13,False,False
2025-11-13 08:00:00+00:00,9928.3,9933.3,9887.3,9888.6,10834,4,1.0,1.3000000000006366,True,2025-11-13 08:00:00,8.0,2025-11-13,True,False
2025-11-13 12:00:00+00:00,9889.3,9894.1,9848.3,9852.3,13117,4,1.0,1.300000000000182,True,2025-11-13 12:00:00,12.0,2025-11-13,True,False
2025-11-13 16:00:00+00:00,9852.6,9857.8,9779.1,9784.8,17501,4,0.25,1.6000000000003638,True,2025-11-13 16:00:00,16.0,2025-11-13,True,False
2025-11-13 20:00:00+00:00,9785.1,9802.4,9770.6,9795.2,8209,3,0.0,4.533333333332848,True,2025-11-13 20:00:00,20.0,2025-11-13,False,False
2025-11-14 00:00:00+00:00,9795.3,9815.3,9783.9,9803.4,8475,4,0.0,6.0,True,2025-11-14 00:00:00,0.0,2025-11-14,False,False
2025-11-14 04:00:00+00:00,9803.5,9804.8,9753.8,9761.6,8727,4,0.0,4.900000000000091,True,2025-11-14 04:00:00,4.0,2025-11-14,False,False
2025-11-14 08:00:00+00:00,9762.1,9762.6,9654.3,9659.6,17642,4,1.0,1.300000000000182,True,2025-11-14 08:00:00,8.0,2025-11-14,True,False
2025-11-14 12:00:00+00:00,9660.1,9726.3,9639.3,9718.3,23214,4,1.0,1.2999999999997272,True,2025-11-14 12:00:00,12.0,2025-11-14,True,False
2025-11-14 16:00:00+00:00,9718.6,9748.3,9704.3,9730.1,16304,4,0.25,1.6000000000003638,True,2025-11-14 16:00:00,16.0,2025-11-14,True,False
2025-11-14 20:00:00+00:00,9730.3,9733.3,9717.3,9722.5,3067,1,0.0,1.5999999999985448,True,2025-11-14 20:00:00,20.0,2025-11-14,False,False
2025-11-16 23:00:00+00:00,9706.6,9737.7,9704.8,9731.7,2824,1,0.0,6.0,True,2025-11-16 23:00:00,23.0,2025-11-16,False,False
2025-11-17 00:00:00+00:00,9731.6,9738.4,9706.1,9716.2,10954,4,0.0,6.0,True,2025-11-17 00:00:00,0.0,2025-11-17,False,False
2025-11-17 04:00:00+00:00,9716.6,9728.3,9710.8,9718.8,4781,4,0.0,4.900000000000091,True,2025-11-17 04:00:00,4.0,2025-11-17,False,False
2025-11-17 08:00:00+00:00,9718.6,9739.1,9707.3,9713.3,11854,4,1.0,1.2999999999997272,True,2025-11-17 08:00:00,8.0,2025-11-17,True,False
2025-11-17 12:00:00+00:00,9713.1,9732.8,9698.6,9718.8,15459,4,1.0,1.300000000000182,True,2025-11-17 12:00:00,12.0,2025-11-17,True,False
2025-11-17 16:00:00+00:00,9719.1,9724.6,9638.6,9639.3,15833,4,0.25,1.6000000000003638,True,2025-11-17 16:00:00,16.0,2025-11-17,True,False
2025-11-17 20:00:00+00:00,9639.1,9671.7,9635.6,9666.7,8186,3,0.0,4.533333333332848,True,2025-11-17 20:00:00,20.0,2025-11-17,False,False
2025-11-18 00:00:00+00:00,9666.9,9669.8,9617.7,9620.5,14679,4,0.0,6.0,True,2025-11-18 00:00:00,0.0,2025-11-18,False,False
2025-11-18 04:00:00+00:00,9620.4,9621.0,9567.6,9594.3,14664,4,0.0,4.900000000000091,True,2025-11-18 04:00:00,4.0,2025-11-18,False,False
2025-11-18 08:00:00+00:00,9594.8,9633.8,9580.8,9589.1,18533,4,1.0,1.2999999999997272,True,2025-11-18 08:00:00,8.0,2025-11-18,True,False
2025-11-18 12:00:00+00:00,9589.3,9593.1,9541.8,9549.8,27844,4,1.0,1.2999999999997272,True,2025-11-18 12:00:00,12.0,2025-11-18,True,False
2025-11-18 16:00:00+00:00,9550.1,9615.1,9540.1,9611.1,25199,4,0.25,1.6000000000003638,True,2025-11-18 16:00:00,16.0,2025-11-18,True,False
2025-11-18 20:00:00+00:00,9610.8,9615.8,9588.5,9600.7,9099,3,0.0,4.533333333332848,True,2025-11-18 20:00:00,20.0,2025-11-18,False,False
2025-11-19 00:00:00+00:00,9600.3,9602.7,9575.2,9576.0,17026,4,0.0,6.0,True,2025-11-19 00:00:00,0.0,2025-11-19,False,False
2025-11-19 04:00:00+00:00,9576.1,9590.8,9560.9,9579.6,9885,4,0.0,4.900000000000091,True,2025-11-19 04:00:00,4.0,2025-11-19,False,False
2025-11-19 08:00:00+00:00,9579.8,9596.3,9553.3,9580.1,14022,4,1.0,1.300000000000182,True,2025-11-19 08:00:00,8.0,2025-11-19,True,False
2025-11-19 12:00:00+00:00,9579.6,9590.3,9553.8,9558.1,13773,4,1.0,1.2999999999997272,True,2025-11-19 12:00:00,12.0,2025-11-19,True,False
2025-11-19 16:00:00+00:00,9558.3,9578.3,9528.1,9560.8,20079,4,0.25,1.6000000000003638,True,2025-11-19 16:00:00,16.0,2025-11-19,True,False
2025-11-19 20:00:00+00:00,9560.6,9618.4,9559.6,9616.4,11537,3,0.0,4.533333333333455,True,2025-11-19 20:00:00,20.0,2025-11-19,False,False
2025-11-20 00:00:00+00:00,9616.2,9627.2,9595.9,9602.0,9738,4,0.0,6.0,True,2025-11-20 00:00:00,0.0,2025-11-20,False,False
2025-11-20 04:00:00+00:00,9602.3,9608.3,9566.1,9577.1,6255,4,0.0,4.900000000000091,True,2025-11-20 04:00:00,4.0,2025-11-20,False,False
2025-11-20 08:00:00+00:00,9577.3,9614.8,9571.3,9578.8,14069,4,1.0,1.3000000000006366,True,2025-11-20 08:00:00,8.0,2025-11-20,True,False
2025-11-20 12:00:00+00:00,9577.3,9624.1,9568.3,9597.1,16570,4,1.0,1.2999999999997272,True,2025-11-20 12:00:00,12.0,2025-11-20,True,False
2025-11-20 16:00:00+00:00,9597.3,9599.8,9473.3,9504.6,39475,4,0.25,1.6000000000003638,True,2025-11-20 16:00:00,16.0,2025-11-20,True,False
2025-11-20 20:00:00+00:00,9504.1,9504.6,9453.5,9479.6,11903,3,0.0,4.533333333333455,True,2025-11-20 20:00:00,20.0,2025-11-20,False,False
2025-11-21 00:00:00+00:00,9478.8,9499.6,9475.4,9480.0,14878,4,0.0,6.0,True,2025-11-21 00:00:00,0.0,2025-11-21,False,False
2025-11-21 04:00:00+00:00,9480.3,9486.3,9451.6,9461.8,10666,4,0.0,4.900000000000091,True,2025-11-21 04:00:00,4.0,2025-11-21,False,False
2025-11-21 08:00:00+00:00,9462.1,9534.6,9451.3,9516.1,21548,4,1.0,1.3000000000006366,True,2025-11-21 08:00:00,8.0,2025-11-21,True,False
2025-11-21 12:00:00+00:00,9516.6,9568.8,9506.6,9552.3,30442,4,1.0,1.2999999999992724,True,2025-11-21 12:00:00,12.0,2025-11-21,True,False
2025-11-21 16:00:00+00:00,9551.8,9625.3,9540.8,9608.6,26592,4,0.25,1.6000000000003638,True,2025-11-21 16:00:00,16.0,2025-11-21,True,False
2025-11-21 20:00:00+00:00,9608.3,9611.3,9596.6,9602.3,4038,1,0.0,1.6000000000003638,True,2025-11-21 20:00:00,20.0,2025-11-21,False,False
2025-11-23 23:00:00+00:00,9626.2,9630.1,9616.2,9618.7,2398,1,0.0,6.0,True,2025-11-23 23:00:00,23.0,2025-11-23,False,False
2025-11-24 00:00:00+00:00,9618.2,9624.5,9602.7,9616.1,10190,4,0.0,6.0,True,2025-11-24 00:00:00,0.0,2025-11-24,False,False
2025-11-24 04:00:00+00:00,9616.0,9618.6,9602.6,9605.3,6308,4,0.0,4.900000000000091,True,2025-11-24 04:00:00,4.0,2025-11-24,False,False
2025-11-24 08:00:00+00:00,9605.6,9619.3,9566.8,9588.3,17672,4,1.0,1.2999999999997272,True,2025-11-24 08:00:00,8.0,2025-11-24,True,False
2025-11-24 12:00:00+00:00,9587.8,9602.8,9548.8,9591.3,17062,4,1.0,1.3000000000006366,True,2025-11-24 12:00:00,12.0,2025-11-24,True,False
2025-11-24 16:00:00+00:00,9591.6,9592.6,9538.8,9551.1,10450,4,0.25,1.6000000000003638,True,2025-11-24 16:00:00,16.0,2025-11-24,True,False
2025-11-24 20:00:00+00:00,9551.6,9576.2,9551.3,9568.2,4581,3,0.0,4.533333333332848,True,2025-11-24 20:00:00,20.0,2025-11-24,False,False
2025-11-25 00:00:00+00:00,9568.0,9568.9,9555.9,9558.1,6574,4,0.0,6.0,True,2025-11-25 00:00:00,0.0,2025-11-25,False,False
2025-11-25 04:00:00+00:00,9558.2,9573.4,9557.5,9573.3,3480,4,0.0,4.900000000000091,True,2025-11-25 04:00:00,4.0,2025-11-25,False,False
2025-11-25 08:00:00+00:00,9573.1,9595.3,9543.8,9594.1,12833,4,1.0,1.3000000000006366,True,2025-11-25 08:00:00,8.0,2025-11-25,True,False
2025-11-25 12:00:00+00:00,9593.8,9641.6,9578.3,9629.1,24028,4,1.0,1.300000000000182,True,2025-11-25 12:00:00,12.0,2025-11-25,True,False
2025-11-25 16:00:00+00:00,9629.3,9649.3,9625.8,9637.1,11066,4,0.25,1.6000000000003638,True,2025-11-25 16:00:00,16.0,2025-11-25,True,False
2025-11-25 20:00:00+00:00,9637.3,9671.3,9637.3,9662.2,3713,3,0.0,4.533333333333455,True,2025-11-25 20:00:00,20.0,2025-11-25,False,False
2025-11-26 00:00:00+00:00,9662.3,9671.4,9654.1,9655.0,6592,4,0.0,6.0,True,2025-11-26 00:00:00,0.0,2025-11-26,False,False
2025-11-26 04:00:00+00:00,9655.2,9673.8,9652.4,9660.3,3840,4,0.0,4.900000000000091,True,2025-11-26 04:00:00,4.0,2025-11-26,False,False
2025-11-26 08:00:00+00:00,9660.8,9679.1,9629.8,9663.8,12984,4,1.0,1.2999999999997272,True,2025-11-26 08:00:00,8.0,2025-11-26,True,False
2025-11-26 12:00:00+00:00,9663.3,9721.6,9615.3,9717.6,19813,4,1.0,1.2999999999997272,True,2025-11-26 12:00:00,12.0,2025-11-26,True,False
2025-11-26 16:00:00+00:00,9717.8,9736.8,9709.3,9727.8,8254,4,0.25,1.6000000000003638,True,2025-11-26 16:00:00,16.0,2025-11-26,True,False
2025-11-26 20:00:00+00:00,9727.6,9730.1,9712.6,9714.5,2658,3,0.0,4.533333333333455,True,2025-11-26 20:00:00,20.0,2025-11-26,False,False
2025-11-27 00:00:00+00:00,9714.2,9718.7,9698.2,9705.3,3791,4,0.0,6.0,True,2025-11-27 00:00:00,0.0,2025-11-27,False,False
2025-11-27 04:00:00+00:00,9705.2,9712.1,9699.3,9706.8,2229,4,0.0,4.900000000000091,True,2025-11-27 04:00:00,4.0,2025-11-27,False,False
2025-11-27 08:00:00+00:00,9708.1,9723.8,9680.8,9694.3,8723,4,1.0,1.2999999999992724,True,2025-11-27 08:00:00,8.0,2025-11-27,True,False
2025-11-27 12:00:00+00:00,9694.6,9717.8,9694.6,9711.6,5500,4,1.0,1.300000000000182,True,2025-11-27 12:00:00,12.0,2025-11-27,True,False
2025-11-27 16:00:00+00:00,9711.3,9723.1,9706.6,9721.6,2054,4,0.25,1.6000000000003638,True,2025-11-27 16:00:00,16.0,2025-11-27,True,False
2025-11-27 20:00:00+00:00,9722.1,9733.4,9720.6,9733.1,859,2,0.0,3.800000000000182,True,2025-11-27 20:00:00,20.0,2025-11-27,False,False
2025-11-28 00:00:00+00:00,9733.3,9738.3,9720.5,9722.3,2281,4,0.0,6.0,True,2025-11-28 00:00:00,0.0,2025-11-28,False,False
2025-11-28 04:00:00+00:00,9722.7,9743.3,9716.5,9740.8,2273,4,0.0,4.900000000000091,True,2025-11-28 04:00:00,4.0,2025-11-28,False,False
2025-11-28 08:00:00+00:00,9740.0,9741.1,9720.1,9729.3,7071,4,1.0,1.300000000000182,True,2025-11-28 08:00:00,8.0,2025-11-28,True,False
2025-11-28 12:00:00+00:00,9729.8,9766.6,9726.3,9739.1,7805,4,1.0,1.300000000000182,True,2025-11-28 12:00:00,12.0,2025-11-28,True,False
2025-11-28 16:00:00+00:00,9739.3,9759.3,9738.3,9749.8,4909,4,0.25,1.6000000000003638,True,2025-11-28 16:00:00,16.0,2025-11-28,True,False
2025-11-28 20:00:00+00:00,9749.3,9750.8,9734.5,9737.3,475,1,0.0,1.6000000000003638,True,2025-11-28 20:00:00,20.0,2025-11-28,False,False
2025-11-30 23:00:00+00:00,9736.6,9747.1,9731.5,9735.7,1967,1,0.0,6.0,True,2025-11-30 23:00:00,23.0,2025-11-30,False,False
2025-12-01 00:00:00+00:00,9735.9,9737.2,9715.3,9727.6,10101,4,0.0,6.0,True,2025-12-01 00:00:00,0.0,2025-12-01,False,False
2025-12-01 04:00:00+00:00,9727.5,9735.3,9714.8,9726.8,4541,4,0.0,4.900000000000091,True,2025-12-01 04:00:00,4.0,2025-12-01,False,False
2025-12-01 08:00:00+00:00,9726.6,9751.1,9708.1,9740.6,12436,4,1.0,1.300000000000182,True,2025-12-01 08:00:00,8.0,2025-12-01,True,False
2025-12-01 12:00:00+00:00,9740.8,9758.3,9716.6,9728.8,13517,4,1.0,1.2999999999992724,True,2025-12-01 12:00:00,12.0,2025-12-01,True,False
2025-12-01 16:00:00+00:00,9729.1,9751.1,9719.3,9720.3,8485,4,0.25,1.6000000000003638,True,2025-12-01 16:00:00,16.0,2025-12-01,True,False
2025-12-01 20:00:00+00:00,9720.1,9728.3,9709.8,9712.5,3411,3,0.0,4.533333333333455,True,2025-12-01 20:00:00,20.0,2025-12-01,False,False
2025-12-02 00:00:00+00:00,9712.3,9725.6,9709.9,9718.9,5899,4,0.0,6.0,True,2025-12-02 00:00:00,0.0,2025-12-02,False,False
2025-12-02 04:00:00+00:00,9718.8,9730.3,9711.1,9725.1,3197,4,0.0,4.900000000000091,True,2025-12-02 04:00:00,4.0,2025-12-02,False,False
2025-12-02 08:00:00+00:00,9724.8,9767.8,9715.3,9760.8,9809,4,1.0,1.2999999999997272,True,2025-12-02 08:00:00,8.0,2025-12-02,True,False
2025-12-02 12:00:00+00:00,9761.1,9761.1,9703.8,9733.8,12945,4,1.0,1.300000000000182,True,2025-12-02 12:00:00,12.0,2025-12-02,True,False
2025-12-02 16:00:00+00:00,9733.3,9742.3,9714.6,9722.6,11408,4,0.25,1.6000000000003638,True,2025-12-02 16:00:00,16.0,2025-12-02,True,False
2025-12-02 20:00:00+00:00,9722.3,9739.3,9720.8,9733.9,2968,3,0.0,4.533333333333455,True,2025-12-02 20:00:00,20.0,2025-12-02,False,False
2025-12-03 00:00:00+00:00,9734.2,9738.8,9719.8,9730.0,4339,4,0.0,6.0,True,2025-12-03 00:00:00,0.0,2025-12-03,False,False
2025-12-03 04:00:00+00:00,9730.2,9736.3,9717.8,9724.1,2315,4,0.0,4.900000000000091,True,2025-12-03 04:00:00,4.0,2025-12-03,False,False
2025-12-03 08:00:00+00:00,9725.1,9727.3,9696.8,9705.8,9845,4,1.0,1.2999999999997272,True,2025-12-03 08:00:00,8.0,2025-12-03,True,False
2025-12-03 12:00:00+00:00,9705.6,9732.1,9695.8,9727.6,13424,4,1.0,1.300000000000182,True,2025-12-03 12:00:00,12.0,2025-12-03,True,False
2025-12-03 16:00:00+00:00,9727.3,9729.6,9695.6,9719.8,6599,4,0.25,1.6000000000003638,True,2025-12-03 16:00:00,16.0,2025-12-03,True,False
2025-12-03 20:00:00+00:00,9720.1,9728.3,9714.6,9725.6,1997,3,0.0,4.533333333333455,True,2025-12-03 20:00:00,20.0,2025-12-03,False,False
2025-12-04 00:00:00+00:00,9725.5,9743.4,9719.0,9738.1,3632,4,0.0,6.0,True,2025-12-04 00:00:00,0.0,2025-12-04,False,False
2025-12-04 04:00:00+00:00,9738.3,9745.9,9735.5,9738.1,2182,4,0.0,4.900000000000091,True,2025-12-04 04:00:00,4.0,2025-12-04,False,False
2025-12-04 08:00:00+00:00,9738.6,9739.1,9692.8,9733.3,10015,4,1.0,1.2999999999992724,True,2025-12-04 08:00:00,8.0,2025-12-04,True,False
2025-12-04 12:00:00+00:00,9733.6,9743.3,9714.8,9739.8,10768,4,1.0,1.2999999999997272,True,2025-12-04 12:00:00,12.0,2025-12-04,True,False
2025-12-04 16:00:00+00:00,9740.3,9747.1,9712.6,9728.3,7168,4,0.25,1.6000000000003638,True,2025-12-04 16:00:00,16.0,2025-12-04,True,False
2025-12-04 20:00:00+00:00,9728.1,9734.5,9719.1,9730.3,2569,3,0.0,4.533333333333455,True,2025-12-04 20:00:00,20.0,2025-12-04,False,False
2025-12-05 00:00:00+00:00,9730.2,9743.3,9728.3,9740.5,3498,4,0.0,6.0,True,2025-12-05 00:00:00,0.0,2025-12-05,False,False
2025-12-05 04:00:00+00:00,9740.3,9750.3,9740.0,9742.1,1938,4,0.0,4.900000000000091,True,2025-12-05 04:00:00,4.0,2025-12-05,False,False
2025-12-05 08:00:00+00:00,9741.8,9754.8,9731.8,9736.3,8639,4,1.0,1.300000000000182,True,2025-12-05 08:00:00,8.0,2025-12-05,True,False
2025-12-05 12:00:00+00:00,9736.6,9740.3,9698.6,9699.8,8682,4,1.0,1.2999999999997272,True,2025-12-05 12:00:00,12.0,2025-12-05,True,False
2025-12-05 16:00:00+00:00,9700.1,9701.1,9679.3,9688.3,8729,4,0.25,1.6000000000003638,True,2025-12-05 16:00:00,16.0,2025-12-05,True,False
2025-12-05 20:00:00+00:00,9688.1,9688.1,9673.8,9676.6,1146,1,0.0,1.6000000000003638,True,2025-12-05 20:00:00,20.0,2025-12-05,False,False
2025-12-07 23:00:00+00:00,9677.7,9685.1,9677.2,9682.7,1132,1,0.0,6.0,True,2025-12-07 23:00:00,23.0,2025-12-07,False,False
2025-12-08 00:00:00+00:00,9682.8,9683.7,9669.9,9670.1,3820,4,0.0,6.0,True,2025-12-08 00:00:00,0.0,2025-12-08,False,False
2025-12-08 04:00:00+00:00,9670.5,9685.8,9664.8,9675.8,2210,4,0.0,4.900000000000091,True,2025-12-08 04:00:00,4.0,2025-12-08,False,False
2025-12-08 08:00:00+00:00,9677.8,9694.3,9671.3,9678.6,8180,4,1.0,1.300000000000182,True,2025-12-08 08:00:00,8.0,2025-12-08,True,False
2025-12-08 12:00:00+00:00,9678.8,9686.6,9644.3,9653.1,9355,4,1.0,1.300000000000182,True,2025-12-08 12:00:00,12.0,2025-12-08,True,False
2025-12-08 16:00:00+00:00,9652.8,9662.8,9637.6,9647.3,7602,4,0.25,1.6000000000003638,True,2025-12-08 16:00:00,16.0,2025-12-08,True,False
2025-12-08 20:00:00+00:00,9647.8,9669.2,9645.3,9668.9,2932,3,0.0,4.533333333333455,True,2025-12-08 20:00:00,20.0,2025-12-08,False,False
2025-12-09 00:00:00+00:00,9668.8,9668.9,9652.6,9655.5,3532,4,0.0,6.0,True,2025-12-09 00:00:00,0.0,2025-12-09,False,False
2025-12-09 04:00:00+00:00,9655.6,9661.8,9650.6,9661.6,1836,4,0.0,4.900000000000091,True,2025-12-09 04:00:00,4.0,2025-12-09,False,False
2025-12-09 08:00:00+00:00,9662.6,9675.6,9644.6,9674.1,10840,4,1.0,1.2999999999997272,True,2025-12-09 08:00:00,8.0,2025-12-09,True,False
2025-12-09 12:00:00+00:00,9673.8,9687.3,9647.1,9659.3,8333,4,1.0,1.2999999999992724,True,2025-12-09 12:00:00,12.0,2025-12-09,True,False
2025-12-09 16:00:00+00:00,9659.8,9666.3,9632.3,9635.3,5935,4,0.25,1.6000000000003638,True,2025-12-09 16:00:00,16.0,2025-12-09,True,False
2025-12-09 20:00:00+00:00,9634.8,9636.6,9621.1,9624.8,1917,3,0.0,4.533333333333455,True,2025-12-09 20:00:00,20.0,2025-12-09,False,False
2025-12-10 00:00:00+00:00,9624.7,9630.0,9621.3,9626.3,2535,4,0.0,6.0,True,2025-12-10 00:00:00,0.0,2025-12-10,False,False
2025-12-10 04:00:00+00:00,9626.4,9635.3,9619.8,9625.1,2023,4,0.0,4.900000000000091,True,2025-12-10 04:00:00,4.0,2025-12-10,False,False
2025-12-10 08:00:00+00:00,9625.3,9682.8,9625.3,9680.6,10517,4,1.0,1.300000000000182,True,2025-12-10 08:00:00,8.0,2025-12-10,True,False
2025-12-10 12:00:00+00:00,9681.1,9701.1,9663.3,9674.8,10925,4,1.0,1.2999999999997272,True,2025-12-10 12:00:00,12.0,2025-12-10,True,False
2025-12-10 16:00:00+00:00,9674.6,9691.1,9650.3,9689.1,11809,4,0.25,1.6000000000003638,True,2025-12-10 16:00:00,16.0,2025-12-10,True,False
2025-12-10 20:00:00+00:00,9689.6,9703.3,9680.9,9683.2,4997,3,0.0,4.533333333333455,True,2025-12-10 20:00:00,20.0,2025-12-10,False,False
2025-12-11 00:00:00+00:00,9683.0,9696.8,9655.0,9663.3,9118,4,0.0,6.0,True,2025-12-11 00:00:00,0.0,2025-12-11,False,False
2025-12-11 04:00:00+00:00,9663.2,9668.6,9648.3,9655.3,4820,4,0.0,4.900000000000091,True,2025-12-11 04:00:00,4.0,2025-12-11,False,False
2025-12-11 08:00:00+00:00,9654.6,9686.1,9642.8,9678.1,12123,4,1.0,1.2999999999997272,True,2025-12-11 08:00:00,8.0,2025-12-11,True,False
2025-12-11 12:00:00+00:00,9678.3,9726.3,9664.8,9721.3,11086,4,1.0,1.300000000000182,True,2025-12-11 12:00:00,12.0,2025-12-11,True,False
2025-12-11 16:00:00+00:00,9720.8,9742.8,9696.3,9741.8,9331,4,0.25,1.6000000000003638,True,2025-12-11 16:00:00,16.0,2025-12-11,True,False
2025-12-11 20:00:00+00:00,9741.6,9745.0,9727.9,9732.3,3956,3,0.0,4.533333333333455,True,2025-12-11 20:00:00,20.0,2025-12-11,False,False
2025-12-12 00:00:00+00:00,9732.1,9746.8,9727.1,9744.8,5094,4,0.0,6.0,True,2025-12-12 00:00:00,0.0,2025-12-12,False,False
2025-12-12 04:00:00+00:00,9744.9,9758.8,9739.0,9744.1,3270,4,0.0,4.900000000000091,True,2025-12-12 04:00:00,4.0,2025-12-12,False,False
2025-12-12 08:00:00+00:00,9743.3,9772.6,9729.1,9739.8,10598,4,1.0,1.2999999999997272,True,2025-12-12 08:00:00,8.0,2025-12-12,True,False
2025-12-12 12:00:00+00:00,9739.1,9739.1,9657.8,9662.8,11739,4,1.0,1.2999999999997272,True,2025-12-12 12:00:00,12.0,2025-12-12,True,False
2025-12-12 16:00:00+00:00,9662.6,9678.1,9640.8,9671.1,18899,4,0.25,1.6000000000003638,True,2025-12-12 16:00:00,16.0,2025-12-12,True,False
2025-12-12 20:00:00+00:00,9671.3,9677.3,9660.1,9673.3,2325,1,0.0,1.6000000000003638,True,2025-12-12 20:00:00,20.0,2025-12-12,False,False
2025-12-14 23:00:00+00:00,9666.1,9679.2,9660.7,9678.0,1675,1,0.0,6.0,True,2025-12-14 23:00:00,23.0,2025-12-14,False,False
2025-12-15 00:00:00+00:00,9677.7,9693.1,9676.3,9688.8,5022,4,0.0,6.0,True,2025-12-15 00:00:00,0.0,2025-12-15,False,False
2025-12-15 04:00:00+00:00,9688.6,9704.1,9688.2,9695.6,2821,4,0.0,4.900000000000091,True,2025-12-15 04:00:00,4.0,2025-12-15,False,False
2025-12-15 08:00:00+00:00,9696.6,9749.1,9692.8,9748.6,8458,4,1.0,1.300000000000182,True,2025-12-15 08:00:00,8.0,2025-12-15,True,False
2025-12-15 12:00:00+00:00,9749.1,9776.8,9736.1,9766.3,10838,4,1.0,1.2999999999997272,True,2025-12-15 12:00:00,12.0,2025-12-15,True,False
2025-12-15 16:00:00+00:00,9766.6,9779.8,9737.8,9757.3,12616,4,0.25,1.6000000000003638,True,2025-12-15 16:00:00,16.0,2025-12-15,True,False
2025-12-15 20:00:00+00:00,9757.1,9766.2,9751.1,9758.8,3588,3,0.0,4.533333333333455,True,2025-12-15 20:00:00,20.0,2025-12-15,False,False
2025-12-16 00:00:00+00:00,9758.7,9763.3,9734.2,9742.0,11809,4,0.0,6.0,True,2025-12-16 00:00:00,0.0,2025-12-16,False,False
2025-12-16 04:00:00+00:00,9741.4,9749.1,9733.9,9744.8,5196,4,0.0,4.900000000000091,True,2025-12-16 04:00:00,4.0,2025-12-16,False,False
2025-12-16 08:00:00+00:00,9746.1,9768.1,9708.6,9708.8,9315,4,1.0,1.3000000000006366,True,2025-12-16 08:00:00,8.0,2025-12-16,True,False
2025-12-16 12:00:00+00:00,9708.3,9716.8,9660.8,9684.8,15441,4,1.0,1.300000000000182,True,2025-12-16 12:00:00,12.0,2025-12-16,True,False
2025-12-16 16:00:00+00:00,9685.1,9701.3,9668.1,9688.1,17247,4,0.25,1.6000000000003638,True,2025-12-16 16:00:00,16.0,2025-12-16,True,False
2025-12-16 20:00:00+00:00,9687.8,9705.3,9675.6,9681.9,5524,3,0.0,4.533333333333455,True,2025-12-16 20:00:00,20.0,2025-12-16,False,False
2025-12-17 00:00:00+00:00,9681.6,9696.8,9671.8,9690.6,9821,4,0.0,6.0,True,2025-12-17 00:00:00,0.0,2025-12-17,False,False
2025-12-17 04:00:00+00:00,9690.8,9770.8,9686.8,9755.1,5431,4,0.0,4.900000000000091,True,2025-12-17 04:00:00,4.0,2025-12-17,False,False
2025-12-17 08:00:00+00:00,9754.6,9861.3,9749.8,9835.3,10542,4,1.0,1.300000000000182,True,2025-12-17 08:00:00,8.0,2025-12-17,True,False
2025-12-17 12:00:00+00:00,9836.3,9855.3,9797.1,9799.6,14275,4,1.0,1.3000000000006366,True,2025-12-17 12:00:00,12.0,2025-12-17,True,False
2025-12-17 16:00:00+00:00,9799.3,9802.8,9756.6,9763.6,16898,4,0.25,1.6000000000003638,True,2025-12-17 16:00:00,16.0,2025-12-17,True,False
2025-12-17 20:00:00+00:00,9763.8,9798.7,9757.1,9789.3,4919,3,0.0,4.533333333333455,True,2025-12-17 20:00:00,20.0,2025-12-17,False,False
2025-12-18 00:00:00+00:00,9789.1,9823.1,9783.0,9792.1,10963,4,0.0,6.0,True,2025-12-18 00:00:00,0.0,2025-12-18,False,False
2025-12-18 04:00:00+00:00,9791.9,9821.8,9790.0,9817.1,4841,4,0.0,4.900000000000091,True,2025-12-18 04:00:00,4.0,2025-12-18,False,False
2025-12-18 08:00:00+00:00,9818.1,9836.3,9796.6,9823.8,7653,4,1.0,1.2999999999992724,True,2025-12-18 08:00:00,8.0,2025-12-18,True,False
2025-12-18 12:00:00+00:00,9826.0,9864.8,9773.3,9864.8,14530,4,1.0,1.2999999999997272,True,2025-12-18 12:00:00,12.0,2025-12-18,True,False
2025-12-18 16:00:00+00:00,9864.3,9880.3,9828.1,9838.6,14767,4,0.25,1.6000000000003638,True,2025-12-18 16:00:00,16.0,2025-12-18,True,False
2025-12-18 20:00:00+00:00,9839.8,9858.6,9825.1,9838.7,4299,3,0.0,4.533333333333455,True,2025-12-18 20:00:00,20.0,2025-12-18,False,False
2025-12-19 00:00:00+00:00,9838.4,9847.2,9823.2,9845.1,8486,4,0.0,6.0,True,2025-12-19 00:00:00,0.0,2025-12-19,False,False
2025-12-19 04:00:00+00:00,9845.0,9853.1,9828.6,9852.8,4459,4,0.0,4.900000000000091,True,2025-12-19 04:00:00,4.0,2025-12-19,False,False
2025-12-19 08:00:00+00:00,9852.1,9880.8,9845.1,9872.8,10973,4,1.0,1.300000000000182,True,2025-12-19 08:00:00,8.0,2025-12-19,True,False
2025-12-19 12:00:00+00:00,9873.1,9924.8,9860.8,9922.8,9892,4,1.0,1.2999999999997272,True,2025-12-19 12:00:00,12.0,2025-12-19,True,False
2025-12-19 16:00:00+00:00,9922.6,9947.6,9921.3,9936.1,6480,4,0.25,1.6000000000003638,True,2025-12-19 16:00:00,16.0,2025-12-19,True,False
2025-12-19 20:00:00+00:00,9936.3,9937.8,9900.1,9904.8,1765,1,0.0,1.6000000000003638,True,2025-12-19 20:00:00,20.0,2025-12-19,False,False
2025-12-21 23:00:00+00:00,9921.1,9926.4,9919.8,9925.1,920,1,0.0,6.0,True,2025-12-21 23:00:00,23.0,2025-12-21,False,False
2025-12-22 00:00:00+00:00,9925.4,9930.4,9910.5,9921.9,3454,4,0.0,6.0,True,2025-12-22 00:00:00,0.0,2025-12-22,False,False
2025-12-22 04:00:00+00:00,9921.8,9926.0,9898.8,9899.6,2540,4,0.0,4.900000000000091,True,2025-12-22 04:00:00,4.0,2025-12-22,False,False
2025-12-22 08:00:00+00:00,9900.1,9904.3,9874.3,9881.3,8171,4,1.0,1.2999999999997272,True,2025-12-22 08:00:00,8.0,2025-12-22,True,False
2025-12-22 12:00:00+00:00,9882.1,9889.8,9855.8,9888.6,8170,4,1.0,1.300000000000182,True,2025-12-22 12:00:00,12.0,2025-12-22,True,False
2025-12-22 16:00:00+00:00,9888.3,9900.6,9882.3,9889.1,4732,4,0.25,1.6000000000003638,True,2025-12-22 16:00:00,16.0,2025-12-22,True,False
2025-12-22 20:00:00+00:00,9889.3,9900.1,9889.3,9894.2,1623,3,0.0,4.533333333333455,True,2025-12-22 20:00:00,20.0,2025-12-22,False,False
2025-12-23 00:00:00+00:00,9894.5,9899.3,9889.3,9890.1,2697,4,0.0,6.0,True,2025-12-23 00:00:00,0.0,2025-12-23,False,False
2025-12-23 04:00:00+00:00,9890.0,9892.9,9881.1,9884.1,2089,4,0.0,4.900000000000091,True,2025-12-23 04:00:00,4.0,2025-12-23,False,False
2025-12-23 08:00:00+00:00,9882.8,9911.3,9870.6,9896.3,7270,4,1.0,1.2999999999997272,True,2025-12-23 08:00:00,8.0,2025-12-23,True,False
2025-12-23 12:00:00+00:00,9895.8,9926.8,9867.8,9923.8,9333,4,1.0,1.2999999999997272,True,2025-12-23 12:00:00,12.0,2025-12-23,True,False
2025-12-23 16:00:00+00:00,9924.3,9927.1,9900.3,9901.8,4524,4,0.25,1.6000000000003638,True,2025-12-23 16:00:00,16.0,2025-12-23,True,False
2025-12-23 20:00:00+00:00,9901.3,9909.8,9897.0,9898.5,1820,3,0.0,4.533333333333455,True,2025-12-23 20:00:00,20.0,2025-12-23,False,False
2025-12-24 00:00:00+00:00,9898.4,9911.3,9894.5,9911.0,2570,4,0.0,6.0,True,2025-12-24 00:00:00,0.0,2025-12-24,False,False
2025-12-24 04:00:00+00:00,9910.8,9919.5,9896.6,9907.8,1312,4,0.0,4.900000000000091,True,2025-12-24 04:00:00,4.0,2025-12-24,False,False
2025-12-24 08:00:00+00:00,9907.6,9917.3,9887.6,9905.8,2577,4,1.0,1.300000000000182,True,2025-12-24 08:00:00,8.0,2025-12-24,True,False
2025-12-24 12:00:00+00:00,9905.6,9908.6,9881.6,9890.1,1157,1,1.0,1.3000000000010914,True,2025-12-24 12:00:00,12.0,2025-12-24,True,False
2025-12-28 23:00:00+00:00,9905.1,9911.6,9902.7,9908.6,660,1,0.0,6.0,True,2025-12-28 23:00:00,23.0,2025-12-28,False,False
2025-12-29 00:00:00+00:00,9908.4,9927.4,9906.2,9912.0,3249,4,0.0,6.0,True,2025-12-29 00:00:00,0.0,2025-12-29,False,False
2025-12-29 04:00:00+00:00,9912.2,9917.3,9896.6,9901.3,2441,4,0.0,4.900000000000091,True,2025-12-29 04:00:00,4.0,2025-12-29,False,False
2025-12-29 08:00:00+00:00,9901.6,9913.6,9886.3,9911.8,9508,4,1.0,1.2999999999997272,True,2025-12-29 08:00:00,8.0,2025-12-29,True,False
2025-12-29 12:00:00+00:00,9912.3,9921.8,9888.3,9910.1,9127,4,1.0,1.2999999999997272,True,2025-12-29 12:00:00,12.0,2025-12-29,True,False
2025-12-29 16:00:00+00:00,9910.3,9913.3,9881.3,9904.6,5859,4,0.25,1.6000000000003638,True,2025-12-29 16:00:00,16.0,2025-12-29,True,False
2025-12-29 20:00:00+00:00,9904.8,9908.3,9894.3,9894.8,1731,3,0.0,4.533333333333455,True,2025-12-29 20:00:00,20.0,2025-12-29,False,False
2025-12-30 00:00:00+00:00,9895.0,9898.7,9880.9,9897.8,3105,4,0.0,6.0,True,2025-12-30 00:00:00,0.0,2025-12-30,False,False
2025-12-30 04:00:00+00:00,9897.3,9900.1,9888.1,9899.1,2150,4,0.0,4.900000000000091,True,2025-12-30 04:00:00,4.0,2025-12-30,False,False
2025-12-30 08:00:00+00:00,9901.5,9938.3,9884.8,9934.8,5933,4,1.0,1.2999999999997272,True,2025-12-30 08:00:00,8.0,2025-12-30,True,False
2025-12-30 12:00:00+00:00,9935.1,9976.3,9926.8,9970.8,7475,4,1.0,1.2999999999992724,True,2025-12-30 12:00:00,12.0,2025-12-30,True,False
2025-12-30 16:00:00+00:00,9970.6,9981.6,9961.1,9969.3,4879,4,0.25,1.6000000000003638,True,2025-12-30 16:00:00,16.0,2025-12-30,True,False
2025-12-30 20:00:00+00:00,9968.8,9977.3,9962.5,9965.8,2049,3,0.0,4.533333333333455,True,2025-12-30 20:00:00,20.0,2025-12-30,False,False
2025-12-31 00:00:00+00:00,9965.6,9965.7,9944.8,9953.1,2667,4,0.0,6.0,True,2025-12-31 00:00:00,0.0,2025-12-31,False,False
2025-12-31 04:00:00+00:00,9953.0,9983.6,9950.1,9971.1,1274,4,0.0,4.900000000000091,True,2025-12-31 04:00:00,4.0,2025-12-31,False,False
2025-12-31 08:00:00+00:00,9971.6,9980.1,9935.3,9942.1,4154,4,1.0,1.300000000000182,True,2025-12-31 08:00:00,8.0,2025-12-31,True,False
2025-12-31 12:00:00+00:00,9941.8,9976.3,9935.3,9971.8,1737,1,1.0,1.2999999999992724,True,2025-12-31 12:00:00,12.0,2025-12-31,True,False
2026-01-01 23:00:00+00:00,9960.6,9962.8,9959.1,9961.2,1053,1,0.0,6.0,True,2026-01-01 23:00:00,23.0,2026-01-01,False,False
2026-01-02 01:00:00+00:00,9964.6,9969.3,9903.3,9969.1,2690,3,0.0,6.0,True,2026-01-02 01:00:00,1.0,2026-01-02,False,False
2026-01-02 04:00:00+00:00,9969.0,9974.6,9956.3,9963.8,2155,4,0.0,4.900000000000091,True,2026-01-02 04:00:00,4.0,2026-01-02,False,False
2026-01-02 08:00:00+00:00,9964.1,10071.3,9945.6,10003.8,11197,4,1.0,1.2999999999992724,True,2026-01-02 08:00:00,8.0,2026-01-02,True,False
2026-01-02 12:00:00+00:00,10004.3,10017.8,9971.8,9991.1,13056,4,1.0,1.2999999999997272,True,2026-01-02 12:00:00,12.0,2026-01-02,True,False
2026-01-02 16:00:00+00:00,9991.3,10019.1,9966.3,10017.6,15704,4,0.25,1.6000000000003638,True,2026-01-02 16:00:00,16.0,2026-01-02,True,False
2026-01-02 20:00:00+00:00,10017.3,10020.8,10004.8,10019.8,1975,1,0.0,1.6000000000003638,True,2026-01-02 20:00:00,20.0,2026-01-02,False,False
2026-01-04 23:00:00+00:00,10026.6,10026.7,10016.3,10022.9,1921,1,0.0,6.0,True,2026-01-04 23:00:00,23.0,2026-01-04,False,False
2026-01-05 00:00:00+00:00,10023.1,10044.2,10018.3,10037.3,5927,4,0.0,6.0,True,2026-01-05 00:00:00,0.0,2026-01-05,False,False
2026-01-05 04:00:00+00:00,10037.2,10045.6,10024.1,10042.6,3095,4,0.0,4.900000000000091,True,2026-01-05 04:00:00,4.0,2026-01-05,False,False
2026-01-05 08:00:00+00:00,10038.6,10043.3,9971.8,9982.6,15309,4,1.0,1.2999999999997272,True,2026-01-05 08:00:00,8.0,2026-01-05,True,False
2026-01-05 12:00:00+00:00,9982.8,10017.1,9974.3,10015.3,15294,4,1.0,1.300000000000182,True,2026-01-05 12:00:00,12.0,2026-01-05,True,False
2026-01-05 16:00:00+00:00,10015.6,10046.3,10010.3,10042.6,7507,4,0.25,1.6000000000003638,True,2026-01-05 16:00:00,16.0,2026-01-05,True,False
2026-01-05 20:00:00+00:00,10042.3,10045.8,10034.6,10038.7,2190,3,0.0,4.533333333333455,True,2026-01-05 20:00:00,20.0,2026-01-05,False,False
2026-01-06 00:00:00+00:00,10038.9,10062.0,10036.4,10060.4,3098,4,0.0,6.0,True,2026-01-06 00:00:00,0.0,2026-01-06,False,False
2026-01-06 04:00:00+00:00,10060.5,10066.3,10049.1,10060.6,2035,4,0.0,4.900000000000091,True,2026-01-06 04:00:00,4.0,2026-01-06,False,False
2026-01-06 08:00:00+00:00,10061.1,10093.8,10056.1,10086.6,11297,4,1.0,1.300000000000182,True,2026-01-06 08:00:00,8.0,2026-01-06,True,False
2026-01-06 12:00:00+00:00,10086.8,10175.6,10081.1,10167.1,14719,4,1.0,1.2999999999997272,True,2026-01-06 12:00:00,12.0,2026-01-06,True,False
2026-01-06 16:00:00+00:00,10166.8,10171.1,10124.8,10132.1,7438,4,0.25,1.6000000000003638,True,2026-01-06 16:00:00,16.0,2026-01-06,True,False
2026-01-06 20:00:00+00:00,10131.8,10135.1,10119.8,10120.5,1727,3,0.0,4.533333333333455,True,2026-01-06 20:00:00,20.0,2026-01-06,False,False
2026-01-07 00:00:00+00:00,10120.8,10130.3,10118.5,10127.3,3446,4,0.0,6.0,True,2026-01-07 00:00:00,0.0,2026-01-07,False,False
2026-01-07 04:00:00+00:00,10127.4,10131.8,10113.8,10119.1,2724,4,0.0,4.900000000000091,True,2026-01-07 04:00:00,4.0,2026-01-07,False,False
2026-01-07 08:00:00+00:00,10118.1,10122.6,10062.6,10075.8,12323,4,1.0,1.2999999999997272,True,2026-01-07 08:00:00,8.0,2026-01-07,True,False
2026-01-07 12:00:00+00:00,10076.1,10080.8,10042.1,10052.6,14648,4,1.0,1.2999999999997272,True,2026-01-07 12:00:00,12.0,2026-01-07,True,False
2026-01-07 16:00:00+00:00,10052.8,10074.3,10032.3,10042.8,6799,4,0.25,1.6000000000003638,True,2026-01-07 16:00:00,16.0,2026-01-07,True,False
2026-01-07 20:00:00+00:00,10043.1,10047.6,10029.1,10043.3,2524,3,0.0,4.533333333333455,True,2026-01-07 20:00:00,20.0,2026-01-07,False,False
2026-01-08 00:00:00+00:00,10043.0,10051.3,10032.1,10033.3,3951,4,0.0,6.0,True,2026-01-08 00:00:00,0.0,2026-01-08,False,False
2026-01-08 04:00:00+00:00,10033.4,10038.0,10010.8,10021.6,3705,4,0.0,4.900000000000091,True,2026-01-08 04:00:00,4.0,2026-01-08,False,False
2026-01-08 08:00:00+00:00,10021.8,10043.8,10007.3,10039.1,12379,4,1.0,1.2999999999997272,True,2026-01-08 08:00:00,8.0,2026-01-08,True,False
2026-01-08 12:00:00+00:00,10038.3,10067.3,10016.8,10061.8,12735,4,1.0,1.2999999999997272,True,2026-01-08 12:00:00,12.0,2026-01-08,True,False
2026-01-08 16:00:00+00:00,10062.1,10067.6,10043.3,10064.1,8532,4,0.25,1.6000000000003638,True,2026-01-08 16:00:00,16.0,2026-01-08,True,False
2026-01-08 20:00:00+00:00,10063.8,10101.7,10062.8,10087.1,2925,3,0.0,4.533333333333455,True,2026-01-08 20:00:00,20.0,2026-01-08,False,False
2026-01-09 00:00:00+00:00,10086.9,10090.4,10065.4,10067.6,4398,4,0.0,6.0,True,2026-01-09 00:00:00,0.0,2026-01-09,False,False
2026-01-09 04:00:00+00:00,10067.5,10076.3,10063.6,10074.6,2744,4,0.0,4.900000000000091,True,2026-01-09 04:00:00,4.0,2026-01-09,False,False
2026-01-09 08:00:00+00:00,10074.0,10106.3,10065.8,10105.3,10236,4,1.0,1.2999999999992724,True,2026-01-09 08:00:00,8.0,2026-01-09,True,False
2026-01-09 12:00:00+00:00,10106.1,10144.3,10099.6,10135.8,13938,4,1.0,1.2999999999997272,True,2026-01-09 12:00:00,12.0,2026-01-09,True,False
2026-01-09 16:00:00+00:00,10135.3,10151.3,10129.3,10146.1,5764,4,0.25,1.6000000000003638,True,2026-01-09 16:00:00,16.0,2026-01-09,True,False
2026-01-09 20:00:00+00:00,10145.8,10149.8,10137.6,10148.3,1014,1,0.0,1.6000000000003638,True,2026-01-09 20:00:00,20.0,2026-01-09,False,False
2026-01-11 23:00:00+00:00,10137.7,10145.2,10137.3,10141.8,1063,1,0.0,6.0,True,2026-01-11 23:00:00,23.0,2026-01-11,False,False
2026-01-12 00:00:00+00:00,10141.7,10142.7,10113.7,10127.1,7812,4,0.0,6.0,True,2026-01-12 00:00:00,0.0,2026-01-12,False,False
2026-01-12 04:00:00+00:00,10127.4,10128.2,10111.1,10115.1,3293,4,0.0,4.900000000000091,True,2026-01-12 04:00:00,4.0,2026-01-12,False,False
2026-01-12 08:00:00+00:00,10114.6,10141.8,10101.6,10130.3,9290,4,1.0,1.2999999999997272,True,2026-01-12 08:00:00,8.0,2026-01-12,True,False
2026-01-12 12:00:00+00:00,10130.6,10154.6,10125.1,10153.6,10312,4,1.0,1.3000000000006366,True,2026-01-12 12:00:00,12.0,2026-01-12,True,False
2026-01-12 16:00:00+00:00,10153.8,10157.8,10132.8,10146.3,4310,4,0.25,1.6000000000003638,True,2026-01-12 16:00:00,16.0,2026-01-12,True,False
2026-01-12 20:00:00+00:00,10146.8,10157.7,10138.6,10144.0,1790,3,0.0,4.533333333333455,True,2026-01-12 20:00:00,20.0,2026-01-12,False,False
2026-01-13 00:00:00+00:00,10143.8,10153.3,10138.3,10147.6,4094,4,0.0,6.0,True,2026-01-13 00:00:00,0.0,2026-01-13,False,False
2026-01-13 04:00:00+00:00,10147.8,10156.1,10139.3,10145.8,2363,4,0.0,4.900000000000091,True,2026-01-13 04:00:00,4.0,2026-01-13,False,False
2026-01-13 08:00:00+00:00,10146.1,10157.6,10135.6,10136.8,7527,4,1.0,1.2999999999997272,True,2026-01-13 08:00:00,8.0,2026-01-13,True,False
2026-01-13 12:00:00+00:00,10137.3,10150.6,10100.3,10149.3,11688,4,1.0,1.300000000000182,True,2026-01-13 12:00:00,12.0,2026-01-13,True,False
2026-01-13 16:00:00+00:00,10149.6,10160.6,10133.3,10155.3,7673,4,0.25,1.6000000000003638,True,2026-01-13 16:00:00,16.0,2026-01-13,True,False
2026-01-13 20:00:00+00:00,10155.6,10156.8,10142.3,10149.8,2091,3,0.0,4.533333333333455,True,2026-01-13 20:00:00,20.0,2026-01-13,False,False
2026-01-14 00:00:00+00:00,10149.7,10160.3,10148.4,10159.1,4215,4,0.0,6.0,True,2026-01-14 00:00:00,0.0,2026-01-14,False,False
2026-01-14 04:00:00+00:00,10159.3,10166.1,10141.3,10163.1,3136,4,0.0,4.900000000000091,True,2026-01-14 04:00:00,4.0,2026-01-14,False,False
2026-01-14 08:00:00+00:00,10164.6,10180.3,10155.1,10173.3,9675,4,1.0,1.2999999999997272,True,2026-01-14 08:00:00,8.0,2026-01-14,True,False
2026-01-14 12:00:00+00:00,10173.1,10183.1,10158.1,10176.1,13466,4,1.0,1.3000000000006366,True,2026-01-14 12:00:00,12.0,2026-01-14,True,False
2026-01-14 16:00:00+00:00,10176.3,10222.3,10167.8,10220.8,10646,4,0.25,1.6000000000003638,True,2026-01-14 16:00:00,16.0,2026-01-14,True,False
2026-01-14 20:00:00+00:00,10220.3,10227.8,10200.6,10216.8,5661,3,0.0,4.533333333333455,True,2026-01-14 20:00:00,20.0,2026-01-14,False,False
2026-01-15 00:00:00+00:00,10216.6,10233.4,10212.4,10221.8,6301,4,0.0,6.0,True,2026-01-15 00:00:00,0.0,2026-01-15,False,False
2026-01-15 04:00:00+00:00,10221.6,10235.0,10208.8,10209.1,5434,4,0.0,4.900000000000091,True,2026-01-15 04:00:00,4.0,2026-01-15,False,False
2026-01-15 08:00:00+00:00,10208.8,10247.8,10176.1,10233.8,10527,4,1.0,1.300000000000182,True,2026-01-15 08:00:00,8.0,2026-01-15,True,False
2026-01-15 12:00:00+00:00,10233.3,10256.3,10226.3,10251.8,12012,4,1.0,1.300000000000182,True,2026-01-15 12:00:00,12.0,2026-01-15,True,False
2026-01-15 16:00:00+00:00,10252.1,10256.1,10227.6,10237.8,6294,4,0.25,1.6000000000003638,True,2026-01-15 16:00:00,16.0,2026-01-15,True,False
2026-01-15 20:00:00+00:00,10237.6,10237.8,10224.3,10234.9,2692,3,0.0,4.533333333333455,True,2026-01-15 20:00:00,20.0,2026-01-15,False,False
2026-01-16 00:00:00+00:00,10235.1,10240.4,10225.9,10233.3,3076,4,0.0,6.0,True,2026-01-16 00:00:00,0.0,2026-01-16,False,False
2026-01-16 04:00:00+00:00,10233.4,10242.3,10221.3,10227.1,1904,4,0.0,4.900000000000091,True,2026-01-16 04:00:00,4.0,2026-01-16,False,False
2026-01-16 08:00:00+00:00,10227.6,10262.5,10215.3,10236.1,8572,4,1.0,1.300000000000182,True,2026-01-16 08:00:00,8.0,2026-01-16,True,False
2026-01-16 12:00:00+00:00,10236.3,10243.3,10218.8,10225.8,10884,4,1.0,1.300000000000182,True,2026-01-16 12:00:00,12.0,2026-01-16,True,False
2026-01-16 16:00:00+00:00,10225.6,10258.8,10221.1,10255.6,5796,4,0.25,1.6000000000003638,True,2026-01-16 16:00:00,16.0,2026-01-16,True,False
2026-01-16 20:00:00+00:00,10255.3,10259.1,10248.1,10257.1,896,1,0.0,1.6000000000003638,True,2026-01-16 20:00:00,20.0,2026-01-16,False,False
2026-01-18 23:00:00+00:00,10213.2,10215.7,10198.2,10211.1,3403,1,0.0,6.0,True,2026-01-18 23:00:00,23.0,2026-01-18,False,False
2026-01-19 00:00:00+00:00,10210.9,10211.4,10151.2,10191.1,10223,4,0.0,6.0,True,2026-01-19 00:00:00,0.0,2026-01-19,False,False
2026-01-19 04:00:00+00:00,10191.3,10192.0,10159.6,10180.6,5645,4,0.0,4.900000000000091,True,2026-01-19 04:00:00,4.0,2026-01-19,False,False
2026-01-19 08:00:00+00:00,10181.1,10231.8,10163.6,10183.1,14549,4,1.0,1.3000000000006366,True,2026-01-19 08:00:00,8.0,2026-01-19,True,False
2026-01-19 12:00:00+00:00,10182.8,10206.8,10171.1,10199.3,8305,4,1.0,1.2999999999992724,True,2026-01-19 12:00:00,12.0,2026-01-19,True,False
2026-01-19 16:00:00+00:00,10198.8,10206.3,10182.6,10182.8,3099,4,0.25,1.6000000000003638,True,2026-01-19 16:00:00,16.0,2026-01-19,True,False
2026-01-19 20:00:00+00:00,10182.6,10183.6,10177.3,10178.2,1606,2,0.0,3.800000000000182,True,2026-01-19 20:00:00,20.0,2026-01-19,False,False
2026-01-20 00:00:00+00:00,10178.0,10188.5,10163.4,10175.8,8459,4,0.0,6.0,True,2026-01-20 00:00:00,0.0,2026-01-20,False,False
2026-01-20 04:00:00+00:00,10175.4,10176.4,10120.3,10131.1,5577,4,0.0,4.900000000000091,True,2026-01-20 04:00:00,4.0,2026-01-20,False,False
2026-01-20 08:00:00+00:00,10132.6,10133.6,10046.3,10084.3,18737,4,1.0,1.3000000000006366,True,2026-01-20 08:00:00,8.0,2026-01-20,True,False
2026-01-20 12:00:00+00:00,10084.1,10115.3,10075.6,10109.8,19758,4,1.0,1.3000000000006366,True,2026-01-20 12:00:00,12.0,2026-01-20,True,False
2026-01-20 16:00:00+00:00,10110.3,10128.6,10090.8,10102.1,16265,4,0.25,1.6000000000003638,True,2026-01-20 16:00:00,16.0,2026-01-20,True,False
2026-01-20 20:00:00+00:00,10101.8,10107.0,10090.6,10094.8,5355,3,0.0,4.533333333333455,True,2026-01-20 20:00:00,20.0,2026-01-20,False,False
2026-01-21 00:00:00+00:00,10095.0,10119.8,10095.0,10115.2,6180,4,0.0,6.0,True,2026-01-21 00:00:00,0.0,2026-01-21,False,False
2026-01-21 04:00:00+00:00,10115.0,10135.1,10103.1,10116.8,4737,4,0.0,4.900000000000091,True,2026-01-21 04:00:00,4.0,2026-01-21,False,False
2026-01-21 08:00:00+00:00,10116.1,10135.1,10088.3,10091.1,12765,4,1.0,1.3000000000006366,True,2026-01-21 08:00:00,8.0,2026-01-21,True,False
2026-01-21 12:00:00+00:00,10090.8,10158.8,10088.8,10147.6,20322,4,1.0,1.300000000000182,True,2026-01-21 12:00:00,12.0,2026-01-21,True,False
2026-01-21 16:00:00+00:00,10147.3,10218.6,10100.8,10217.1,26020,4,0.25,1.6000000000003638,True,2026-01-21 16:00:00,16.0,2026-01-21,True,False
2026-01-21 20:00:00+00:00,10217.6,10222.1,10194.8,10218.0,6707,3,0.0,4.533333333333455,True,2026-01-21 20:00:00,20.0,2026-01-21,False,False
2026-01-22 00:00:00+00:00,10218.2,10223.6,10204.4,10217.8,5573,4,0.0,6.0,True,2026-01-22 00:00:00,0.0,2026-01-22,False,False
2026-01-22 04:00:00+00:00,10217.6,10217.6,10195.1,10201.1,4090,4,0.0,4.900000000000091,True,2026-01-22 04:00:00,4.0,2026-01-22,False,False
2026-01-22 08:00:00+00:00,10201.6,10223.1,10149.6,10157.6,13492,4,1.0,1.2999999999997272,True,2026-01-22 08:00:00,8.0,2026-01-22,True,False
2026-01-22 12:00:00+00:00,10157.3,10206.6,10136.1,10159.8,16526,4,1.0,1.2999999999997272,True,2026-01-22 12:00:00,12.0,2026-01-22,True,False
2026-01-22 16:00:00+00:00,10159.6,10166.8,10135.3,10137.6,8099,4,0.25,1.6000000000003638,True,2026-01-22 16:00:00,16.0,2026-01-22,True,False
2026-01-22 20:00:00+00:00,10137.3,10146.3,10129.5,10136.9,3744,3,0.0,4.533333333333455,True,2026-01-22 20:00:00,20.0,2026-01-22,False,False
2026-01-23 00:00:00+00:00,10136.6,10151.6,10133.1,10147.0,5038,4,0.0,6.0,True,2026-01-23 00:00:00,0.0,2026-01-23,False,False
2026-01-23 04:00:00+00:00,10146.8,10158.3,10134.8,10151.6,3752,4,0.0,4.900000000000091,True,2026-01-23 04:00:00,4.0,2026-01-23,False,False
2026-01-23 08:00:00+00:00,10151.8,10176.8,10125.8,10156.6,13671,4,1.0,1.300000000000182,True,2026-01-23 08:00:00,8.0,2026-01-23,True,False
2026-01-23 12:00:00+00:00,10156.8,10163.6,10128.1,10132.3,12639,4,1.0,1.300000000000182,True,2026-01-23 12:00:00,12.0,2026-01-23,True,False
2026-01-23 16:00:00+00:00,10131.8,10146.8,10108.1,10139.3,10837,4,0.25,1.6000000000003638,True,2026-01-23 16:00:00,16.0,2026-01-23,True,False
2026-01-23 20:00:00+00:00,10139.1,10145.3,10131.8,10143.3,1801,1,0.0,1.6000000000003638,True,2026-01-23 20:00:00,20.0,2026-01-23,False,False
2026-01-25 23:00:00+00:00,10088.4,10118.6,10088.2,10116.6,3189,1,0.0,6.0,True,2026-01-25 23:00:00,23.0,2026-01-25,False,False
2026-01-26 00:00:00+00:00,10116.9,10134.2,10111.5,10127.8,10755,4,0.0,6.0,True,2026-01-26 00:00:00,0.0,2026-01-26,False,False
2026-01-26 04:00:00+00:00,10128.2,10151.1,10122.8,10149.8,4933,4,0.0,4.900000000000091,True,2026-01-26 04:00:00,4.0,2026-01-26,False,False
2026-01-26 08:00:00+00:00,10150.1,10167.1,10114.8,10147.1,12069,4,1.0,1.300000000000182,True,2026-01-26 08:00:00,8.0,2026-01-26,True,False
2026-01-26 12:00:00+00:00,10146.8,10177.3,10140.6,10153.8,11344,4,1.0,1.2999999999997272,True,2026-01-26 12:00:00,12.0,2026-01-26,True,False
2026-01-26 16:00:00+00:00,10154.1,10161.6,10133.1,10146.3,7019,4,0.25,1.6000000000003638,True,2026-01-26 16:00:00,16.0,2026-01-26,True,False
2026-01-26 20:00:00+00:00,10146.1,10155.6,10137.6,10146.8,2713,3,0.0,4.533333333333455,True,2026-01-26 20:00:00,20.0,2026-01-26,False,False
2026-01-27 00:00:00+00:00,10146.5,10164.8,10143.2,10161.5,4343,4,0.0,6.0,True,2026-01-27 00:00:00,0.0,2026-01-27,False,False
2026-01-27 04:00:00+00:00,10161.7,10188.3,10159.4,10182.6,3758,4,0.0,4.900000000000091,True,2026-01-27 04:00:00,4.0,2026-01-27,False,False
2026-01-27 08:00:00+00:00,10181.3,10200.3,10148.8,10179.8,10342,4,1.0,1.2999999999997272,True,2026-01-27 08:00:00,8.0,2026-01-27,True,False
2026-01-27 12:00:00+00:00,10179.6,10218.3,10172.6,10211.8,12548,4,1.0,1.300000000000182,True,2026-01-27 12:00:00,12.0,2026-01-27,True,False
2026-01-27 16:00:00+00:00,10211.3,10213.3,10166.3,10187.8,7692,4,0.25,1.6000000000003638,True,2026-01-27 16:00:00,16.0,2026-01-27,True,False
2026-01-27 20:00:00+00:00,10187.6,10199.1,10170.8,10183.8,3295,3,0.0,4.533333333333455,True,2026-01-27 20:00:00,20.0,2026-01-27,False,False
2026-01-28 00:00:00+00:00,10184.1,10199.6,10175.1,10195.8,4291,4,0.0,6.0,True,2026-01-28 00:00:00,0.0,2026-01-28,False,False
2026-01-28 04:00:00+00:00,10195.9,10222.0,10187.8,10204.1,4257,4,0.0,4.900000000000091,True,2026-01-28 04:00:00,4.0,2026-01-28,False,False
2026-01-28 08:00:00+00:00,10205.1,10215.6,10145.3,10147.3,11655,4,1.0,1.2999999999997272,True,2026-01-28 08:00:00,8.0,2026-01-28,True,False
2026-01-28 12:00:00+00:00,10148.1,10168.6,10131.8,10159.6,16340,4,1.0,1.300000000000182,True,2026-01-28 12:00:00,12.0,2026-01-28,True,False
2026-01-28 16:00:00+00:00,10159.3,10162.3,10128.1,10135.6,11010,4,0.25,1.599999999999909,True,2026-01-28 16:00:00,16.0,2026-01-28,True,False
2026-01-28 20:00:00+00:00,10135.1,10159.6,10123.7,10138.9,8547,3,0.0,4.533333333332848,True,2026-01-28 20:00:00,20.0,2026-01-28,False,False
2026-01-29 00:00:00+00:00,10138.6,10173.9,10128.8,10169.6,10847,4,0.0,6.0,True,2026-01-29 00:00:00,0.0,2026-01-29,False,False
2026-01-29 04:00:00+00:00,10170.0,10190.1,10164.3,10190.1,5314,4,0.0,4.900000000000091,True,2026-01-29 04:00:00,4.0,2026-01-29,False,False
2026-01-29 08:00:00+00:00,10191.1,10212.3,10173.6,10212.1,15362,4,1.0,1.2999999999997272,True,2026-01-29 08:00:00,8.0,2026-01-29,True,False
2026-01-29 12:00:00+00:00,10211.8,10265.8,10162.1,10165.8,23380,4,1.0,1.2999999999997272,True,2026-01-29 12:00:00,12.0,2026-01-29,True,False
2026-01-29 16:00:00+00:00,10165.3,10201.3,10140.3,10185.8,22062,4,0.25,1.6000000000003638,True,2026-01-29 16:00:00,16.0,2026-01-29,True,False
2026-01-29 20:00:00+00:00,10186.1,10207.8,10174.6,10192.8,8164,3,0.0,4.533333333333455,True,2026-01-29 20:00:00,20.0,2026-01-29,False,False
2026-01-30 00:00:00+00:00,10193.0,10199.3,10169.5,10177.7,16129,4,0.0,6.0,True,2026-01-30 00:00:00,0.0,2026-01-30,False,False
2026-01-30 04:00:00+00:00,10178.0,10184.4,10125.5,10125.5,8942,4,0.0,4.899999999999636,True,2026-01-30 04:00:00,4.0,2026-01-30,False,False
2026-01-30 08:00:00+00:00,10125.0,10203.3,10120.0,10200.8,17165,4,1.0,1.300000000000182,True,2026-01-30 08:00:00,8.0,2026-01-30,True,False
2026-01-30 12:00:00+00:00,10200.6,10220.3,10181.3,10194.8,20963,4,1.0,1.2999999999997272,True,2026-01-30 12:00:00,12.0,2026-01-30,True,False
2026-01-30 16:00:00+00:00,10194.3,10225.1,10153.3,10209.1,29142,4,0.25,1.6000000000003638,True,2026-01-30 16:00:00,16.0,2026-01-30,True,False
2026-01-30 20:00:00+00:00,10208.8,10219.8,10198.8,10215.3,4553,1,0.0,1.6000000000003638,True,2026-01-30 20:00:00,20.0,2026-01-30,False,False
2026-02-01 23:00:00+00:00,10185.5,10213.1,10178.2,10206.2,4332,1,0.0,6.0,True,2026-02-01 23:00:00,23.0,2026-02-01,False,False
2026-02-02 00:00:00+00:00,10205.9,10222.6,10133.7,10138.4,18285,4,0.0,6.0,True,2026-02-02 00:00:00,0.0,2026-02-02,False,False
2026-02-02 04:00:00+00:00,10138.8,10152.8,10108.1,10133.1,11749,4,0.0,4.900000000000091,True,2026-02-02 04:00:00,4.0,2026-02-02,False,False
2026-02-02 08:00:00+00:00,10133.6,10249.6,10130.6,10245.8,17296,4,1.0,1.2999999999992724,True,2026-02-02 08:00:00,8.0,2026-02-02,True,False
2026-02-02 12:00:00+00:00,10246.1,10325.3,10245.6,10311.8,21189,4,1.0,1.300000000000182,True,2026-02-02 12:00:00,12.0,2026-02-02,True,False
2026-02-02 16:00:00+00:00,10312.3,10354.1,10297.6,10299.8,10755,4,0.25,1.6000000000003638,True,2026-02-02 16:00:00,16.0,2026-02-02,True,False
2026-02-02 20:00:00+00:00,10300.1,10338.6,10295.6,10331.6,5488,3,0.0,4.533333333333455,True,2026-02-02 20:00:00,20.0,2026-02-02,False,False
2026-02-03 00:00:00+00:00,10331.4,10339.6,10299.6,10312.7,6769,4,0.0,6.0,True,2026-02-03 00:00:00,0.0,2026-02-03,False,False
2026-02-03 04:00:00+00:00,10312.8,10342.1,10304.6,10341.1,4260,4,0.0,4.900000000000091,True,2026-02-03 04:00:00,4.0,2026-02-03,False,False
2026-02-03 08:00:00+00:00,10341.3,10356.8,10274.3,10280.6,14345,4,1.0,1.300000000000182,True,2026-02-03 08:00:00,8.0,2026-02-03,True,False
2026-02-03 12:00:00+00:00,10280.3,10292.1,10211.8,10282.6,24125,4,1.0,1.2999999999997272,True,2026-02-03 12:00:00,12.0,2026-02-03,True,False
2026-02-03 16:00:00+00:00,10283.1,10296.1,10222.6,10254.6,23071,4,0.25,1.6000000000003638,True,2026-02-03 16:00:00,16.0,2026-02-03,True,False
2026-02-03 20:00:00+00:00,10254.3,10286.6,10249.3,10280.7,6814,3,0.0,4.533333333333455,True,2026-02-03 20:00:00,20.0,2026-02-03,False,False
2026-02-04 00:00:00+00:00,10280.8,10307.8,10273.0,10307.1,8914,4,0.0,6.0,True,2026-02-04 00:00:00,0.0,2026-02-04,False,False
2026-02-04 04:00:00+00:00,10307.2,10310.8,10290.1,10309.6,4350,4,0.0,4.900000000000091,True,2026-02-04 04:00:00,4.0,2026-02-04,False,False
2026-02-04 08:00:00+00:00,10309.8,10445.3,10303.6,10444.1,19620,4,1.0,1.300000000000182,True,2026-02-04 08:00:00,8.0,2026-02-04,True,False
2026-02-04 12:00:00+00:00,10443.8,10466.8,10413.1,10427.6,26441,4,1.0,1.3000000000006366,True,2026-02-04 12:00:00,12.0,2026-02-04,True,False
2026-02-04 16:00:00+00:00,10428.1,10431.6,10361.1,10409.1,28945,4,0.25,1.6000000000003638,True,2026-02-04 16:00:00,16.0,2026-02-04,True,False
2026-02-04 20:00:00+00:00,10409.3,10424.7,10378.8,10405.2,9434,3,0.0,4.533333333333455,True,2026-02-04 20:00:00,20.0,2026-02-04,False,False
2026-02-05 00:00:00+00:00,10404.7,10419.0,10369.8,10371.1,15512,4,0.0,6.0,True,2026-02-05 00:00:00,0.0,2026-02-05,False,False
2026-02-05 04:00:00+00:00,10371.1,10392.3,10355.3,10360.6,9344,4,0.0,4.900000000000091,True,2026-02-05 04:00:00,4.0,2026-02-05,False,False
2026-02-05 08:00:00+00:00,10360.1,10374.3,10322.3,10337.5,19731,4,1.0,1.3000000000006366,True,2026-02-05 08:00:00,8.0,2026-02-05,True,False
2026-02-05 12:00:00+00:00,10338.0,10382.6,10272.1,10279.3,36775,4,1.0,1.300000000000182,True,2026-02-05 12:00:00,12.0,2026-02-05,True,False
2026-02-05 16:00:00+00:00,10279.8,10306.1,10237.1,10254.1,19094,4,0.25,1.6000000000003638,True,2026-02-05 16:00:00,16.0,2026-02-05,True,False
2026-02-05 20:00:00+00:00,10254.3,10270.6,10206.7,10215.1,11246,3,0.0,4.533333333333455,True,2026-02-05 20:00:00,20.0,2026-02-05,False,False
2026-02-06 00:00:00+00:00,10214.8,10250.5,10185.9,10236.6,19655,4,0.0,6.0,True,2026-02-06 00:00:00,0.0,2026-02-06,False,False
2026-02-06 04:00:00+00:00,10236.6,10253.6,10202.8,10224.3,10010,4,0.0,4.900000000000091,True,2026-02-06 04:00:00,4.0,2026-02-06,False,False
2026-02-06 08:00:00+00:00,10224.6,10317.1,10220.8,10311.1,18801,4,1.0,1.300000000000182,True,2026-02-06 08:00:00,8.0,2026-02-06,True,False
2026-02-06 12:00:00+00:00,10310.6,10352.3,10289.8,10350.8,20785,4,1.0,1.3000000000006366,True,2026-02-06 12:00:00,12.0,2026-02-06,True,False
2026-02-06 16:00:00+00:00,10350.6,10380.3,10339.8,10376.8,11548,4,0.25,1.6000000000003638,True,2026-02-06 16:00:00,16.0,2026-02-06,True,False
2026-02-06 20:00:00+00:00,10376.3,10390.1,10374.8,10386.8,1679,1,0.0,1.6000000000003638,True,2026-02-06 20:00:00,20.0,2026-02-06,False,False
2026-02-08 23:00:00+00:00,10410.0,10417.7,10402.7,10408.3,2997,1,0.0,6.0,True,2026-02-08 23:00:00,23.0,2026-02-08,False,False
2026-02-09 00:00:00+00:00,10407.5,10416.3,10380.1,10385.5,11775,4,0.0,6.0,True,2026-02-09 00:00:00,0.0,2026-02-09,False,False
2026-02-09 04:00:00+00:00,10385.3,10395.6,10373.3,10379.3,6145,4,0.0,4.900000000000091,True,2026-02-09 04:00:00,4.0,2026-02-09,False,False
2026-02-09 08:00:00+00:00,10379.1,10397.1,10328.3,10333.8,15121,4,1.0,1.300000000000182,True,2026-02-09 08:00:00,8.0,2026-02-09,True,False
2026-02-09 12:00:00+00:00,10334.3,10344.6,10291.6,10344.3,19013,4,1.0,1.2999999999992724,True,2026-02-09 12:00:00,12.0,2026-02-09,True,False
2026-02-09 16:00:00+00:00,10344.8,10371.8,10341.6,10370.1,7756,4,0.25,1.6000000000003638,True,2026-02-09 16:00:00,16.0,2026-02-09,True,False
2026-02-09 20:00:00+00:00,10369.8,10376.2,10358.3,10361.2,3805,3,0.0,4.533333333333455,True,2026-02-09 20:00:00,20.0,2026-02-09,False,False
2026-02-10 00:00:00+00:00,10361.3,10369.3,10355.9,10360.6,7528,4,0.0,6.0,True,2026-02-10 00:00:00,0.0,2026-02-10,False,False
2026-02-10 04:00:00+00:00,10360.4,10402.8,10359.8,10376.6,4141,4,0.0,4.900000000000091,True,2026-02-10 04:00:00,4.0,2026-02-10,False,False
2026-02-10 08:00:00+00:00,10376.1,10377.1,10305.6,10343.6,16303,4,1.0,1.300000000000182,True,2026-02-10 08:00:00,8.0,2026-02-10,True,False
2026-02-10 12:00:00+00:00,10343.3,10344.6,10306.3,10325.3,19198,4,1.0,1.2999999999992724,True,2026-02-10 12:00:00,12.0,2026-02-10,True,False
2026-02-10 16:00:00+00:00,10324.8,10367.1,10319.3,10366.6,10555,4,0.25,1.6000000000003638,True,2026-02-10 16:00:00,16.0,2026-02-10,True,False
2026-02-10 20:00:00+00:00,10366.1,10371.1,10339.3,10363.3,3031,3,0.0,4.533333333333455,True,2026-02-10 20:00:00,20.0,2026-02-10,False,False
2026-02-11 00:00:00+00:00,10363.4,10377.8,10353.2,10377.1,3873,4,0.0,6.0,True,2026-02-11 00:00:00,0.0,2026-02-11,False,False
2026-02-11 04:00:00+00:00,10377.0,10377.4,10350.8,10361.8,3385,4,0.0,4.900000000000091,True,2026-02-11 04:00:00,4.0,2026-02-11,False,False
2026-02-11 08:00:00+00:00,10362.1,10410.1,10340.6,10399.8,15564,4,1.0,1.3000000000006366,True,2026-02-11 08:00:00,8.0,2026-02-11,True,False
2026-02-11 12:00:00+00:00,10399.3,10444.6,10394.3,10443.6,20874,4,1.0,1.300000000000182,True,2026-02-11 12:00:00,12.0,2026-02-11,True,False
2026-02-11 16:00:00+00:00,10443.1,10497.6,10440.8,10496.6,13876,4,0.25,1.6000000000003638,True,2026-02-11 16:00:00,16.0,2026-02-11,True,False
2026-02-11 20:00:00+00:00,10496.3,10500.6,10479.1,10485.6,4146,3,0.0,4.533333333333455,True,2026-02-11 20:00:00,20.0,2026-02-11,False,False
2026-02-12 00:00:00+00:00,10485.4,10498.8,10474.1,10489.3,6689,4,0.0,6.0,True,2026-02-12 00:00:00,0.0,2026-02-12,False,False
2026-02-12 04:00:00+00:00,10489.4,10517.6,10484.8,10507.8,3886,4,0.0,4.900000000000091,True,2026-02-12 04:00:00,4.0,2026-02-12,False,False
2026-02-12 08:00:00+00:00,10507.3,10514.1,10451.3,10462.1,14882,4,1.0,1.3000000000006366,True,2026-02-12 08:00:00,8.0,2026-02-12,True,False
2026-02-12 12:00:00+00:00,10462.3,10462.8,10420.1,10421.6,17564,4,1.0,1.300000000000182,True,2026-02-12 12:00:00,12.0,2026-02-12,True,False
2026-02-12 16:00:00+00:00,10421.3,10432.3,10349.1,10424.6,31705,4,0.25,1.6000000000003638,True,2026-02-12 16:00:00,16.0,2026-02-12,True,False
2026-02-12 20:00:00+00:00,10424.8,10432.8,10388.8,10408.6,7828,3,0.0,4.533333333333455,True,2026-02-12 20:00:00,20.0,2026-02-12,False,False
2026-02-13 00:00:00+00:00,10407.9,10417.1,10387.1,10399.8,11844,4,0.0,6.0,True,2026-02-13 00:00:00,0.0,2026-02-13,False,False
2026-02-13 04:00:00+00:00,10400.0,10406.8,10372.8,10401.1,7014,4,0.0,4.900000000000091,True,2026-02-13 04:00:00,4.0,2026-02-13,False,False
2026-02-13 08:00:00+00:00,10401.6,10415.8,10351.8,10379.1,20923,4,1.0,1.3000000000006366,True,2026-02-13 08:00:00,8.0,2026-02-13,True,False
2026-02-13 12:00:00+00:00,10378.6,10419.1,10346.3,10409.8,33011,4,1.0,1.3000000000006366,True,2026-02-13 12:00:00,12.0,2026-02-13,True,False
2026-02-13 16:00:00+00:00,10409.3,10433.6,10392.3,10393.6,21098,4,0.25,1.6000000000003638,True,2026-02-13 16:00:00,16.0,2026-02-13,True,False
2026-02-13 20:00:00+00:00,10393.8,10429.3,10390.3,10419.8,5586,1,0.0,1.6000000000003638,True,2026-02-13 20:00:00,20.0,2026-02-13,False,False
2026-02-15 23:00:00+00:00,10412.4,10428.2,10410.6,10427.8,2268,1,0.0,6.0,True,2026-02-15 23:00:00,23.0,2026-02-15,False,False
2026-02-16 00:00:00+00:00,10427.4,10431.4,10405.9,10429.8,5763,4,0.0,6.0,True,2026-02-16 00:00:00,0.0,2026-02-16,False,False
2026-02-16 04:00:00+00:00,10429.7,10442.3,10411.8,10439.3,3058,4,0.0,4.900000000000091,True,2026-02-16 04:00:00,4.0,2026-02-16,False,False
2026-02-16 08:00:00+00:00,10438.6,10460.3,10421.1,10438.3,12841,4,1.0,1.300000000000182,True,2026-02-16 08:00:00,8.0,2026-02-16,True,False
2026-02-16 12:00:00+00:00,10437.8,10455.1,10427.8,10438.1,11750,4,1.0,1.2999999999997272,True,2026-02-16 12:00:00,12.0,2026-02-16,True,False
2026-02-16 16:00:00+00:00,10438.3,10455.1,10431.3,10433.1,4542,4,0.25,1.6000000000003638,True,2026-02-16 16:00:00,16.0,2026-02-16,True,False
2026-02-16 20:00:00+00:00,10433.2,10436.3,10424.6,10432.6,367,1,0.0,1.6000000000003638,True,2026-02-16 20:00:00,20.0,2026-02-16,False,False
2026-02-17 01:00:00+00:00,10436.3,10442.9,10414.9,10419.6,8958,3,0.0,6.0,True,2026-02-17 01:00:00,1.0,2026-02-17,False,False
2026-02-17 04:00:00+00:00,10420.0,10467.3,10409.9,10457.1,5943,4,0.0,4.900000000000091,True,2026-02-17 04:00:00,4.0,2026-02-17,False,False
2026-02-17 08:00:00+00:00,10456.6,10495.8,10450.8,10488.6,15697,4,1.0,1.300000000000182,True,2026-02-17 08:00:00,8.0,2026-02-17,True,False
2026-02-17 12:00:00+00:00,10487.8,10499.8,10453.8,10478.8,31329,4,1.0,1.3000000000006366,True,2026-02-17 12:00:00,12.0,2026-02-17,True,False
2026-02-17 16:00:00+00:00,10479.1,10554.3,10474.3,10541.6,25308,4,0.25,1.6000000000003638,True,2026-02-17 16:00:00,16.0,2026-02-17,True,False
2026-02-17 20:00:00+00:00,10541.3,10549.6,10523.1,10524.4,5291,3,0.0,4.533333333333455,True,2026-02-17 20:00:00,20.0,2026-02-17,False,False
2026-02-18 00:00:00+00:00,10524.6,10537.5,10523.8,10529.5,5779,4,0.0,6.0,True,2026-02-18 00:00:00,0.0,2026-02-18,False,False
2026-02-18 04:00:00+00:00,10529.6,10547.8,10529.5,10547.3,2735,4,0.0,4.900000000000091,True,2026-02-18 04:00:00,4.0,2026-02-18,False,False
2026-02-18 08:00:00+00:00,10547.1,10642.6,10545.6,10629.1,12423,4,1.0,1.300000000000182,True,2026-02-18 08:00:00,8.0,2026-02-18,True,False
2026-02-18 12:00:00+00:00,10628.8,10683.3,10619.8,10677.1,16474,4,1.0,1.2999999999997272,True,2026-02-18 12:00:00,12.0,2026-02-18,True,False
2026-02-18 16:00:00+00:00,10677.3,10679.3,10638.1,10646.8,13109,4,0.25,1.6000000000003638,True,2026-02-18 16:00:00,16.0,2026-02-18,True,False
2026-02-18 20:00:00+00:00,10646.6,10678.6,10645.1,10671.3,4601,3,0.0,4.533333333333455,True,2026-02-18 20:00:00,20.0,2026-02-18,False,False
2026-02-19 00:00:00+00:00,10671.5,10697.1,10662.9,10679.8,6986,4,0.0,6.0,True,2026-02-19 00:00:00,0.0,2026-02-19,False,False
2026-02-19 04:00:00+00:00,10679.6,10688.3,10670.8,10679.1,3570,4,0.0,4.900000000000091,True,2026-02-19 04:00:00,4.0,2026-02-19,False,False
2026-02-19 08:00:00+00:00,10678.6,10679.6,10585.8,10588.6,17075,4,1.0,1.2999999999997272,True,2026-02-19 08:00:00,8.0,2026-02-19,True,False
2026-02-19 12:00:00+00:00,10588.8,10626.8,10583.8,10611.3,21585,4,1.0,1.2999999999997272,True,2026-02-19 12:00:00,12.0,2026-02-19,True,False
2026-02-19 16:00:00+00:00,10611.6,10638.8,10594.1,10636.1,18925,4,0.25,1.6000000000003638,True,2026-02-19 16:00:00,16.0,2026-02-19,True,False
2026-02-19 20:00:00+00:00,10636.3,10660.6,10636.3,10658.2,4633,3,0.0,4.533333333332848,True,2026-02-19 20:00:00,20.0,2026-02-19,False,False
2026-02-20 00:00:00+00:00,10658.0,10663.6,10640.1,10649.4,6282,4,0.0,6.0,True,2026-02-20 00:00:00,0.0,2026-02-20,False,False
2026-02-20 04:00:00+00:00,10649.2,10659.8,10636.8,10654.6,3231,4,0.0,4.900000000000091,True,2026-02-20 04:00:00,4.0,2026-02-20,False,False
2026-02-20 08:00:00+00:00,10654.3,10710.1,10628.3,10676.6,13671,4,1.0,1.300000000000182,True,2026-02-20 08:00:00,8.0,2026-02-20,True,False
2026-02-20 12:00:00+00:00,10676.8,10738.3,10653.6,10701.1,22377,4,1.0,1.3000000000006366,True,2026-02-20 12:00:00,12.0,2026-02-20,True,False
2026-02-20 16:00:00+00:00,10699.8,10707.6,10655.8,10696.1,19970,4,0.25,1.6000000000003638,True,2026-02-20 16:00:00,16.0,2026-02-20,True,False
2026-02-20 20:00:00+00:00,10696.6,10712.3,10696.6,10709.3,2259,1,0.0,1.6000000000003638,True,2026-02-20 20:00:00,20.0,2026-02-20,False,False
2026-02-22 23:00:00+00:00,10702.5,10706.2,10684.8,10692.0,2674,1,0.0,6.0,True,2026-02-22 23:00:00,23.0,2026-02-22,False,False
2026-02-23 00:00:00+00:00,10691.8,10691.8,10644.9,10652.6,12167,4,0.0,6.0,True,2026-02-23 00:00:00,0.0,2026-02-23,False,False
2026-02-23 04:00:00+00:00,10652.8,10666.1,10644.6,10665.6,4099,4,0.0,4.900000000000091,True,2026-02-23 04:00:00,4.0,2026-02-23,False,False
2026-02-23 08:00:00+00:00,10664.0,10695.3,10646.8,10694.3,12649,4,1.0,1.2999999999997272,True,2026-02-23 08:00:00,8.0,2026-02-23,True,False
2026-02-23 12:00:00+00:00,10694.1,10726.8,10663.8,10664.1,16696,4,1.0,1.300000000000182,True,2026-02-23 12:00:00,12.0,2026-02-23,True,False
2026-02-23 16:00:00+00:00,10663.8,10684.6,10642.3,10668.6,18288,4,0.25,1.6000000000003638,True,2026-02-23 16:00:00,16.0,2026-02-23,True,False
2026-02-23 20:00:00+00:00,10668.3,10686.1,10662.8,10678.6,4795,3,0.0,4.533333333333455,True,2026-02-23 20:00:00,20.0,2026-02-23,False,False
2026-02-24 00:00:00+00:00,10679.1,10685.1,10643.5,10660.8,7173,4,0.0,6.0,True,2026-02-24 00:00:00,0.0,2026-02-24,False,False
2026-02-24 04:00:00+00:00,10660.9,10675.3,10654.8,10670.6,3315,4,0.0,4.900000000000091,True,2026-02-24 04:00:00,4.0,2026-02-24,False,False
2026-02-24 08:00:00+00:00,10670.3,10672.3,10630.1,10666.3,16121,4,1.0,1.2999999999997272,True,2026-02-24 08:00:00,8.0,2026-02-24,True,False
2026-02-24 12:00:00+00:00,10666.1,10702.6,10655.6,10678.8,17962,4,1.0,1.2999999999997272,True,2026-02-24 12:00:00,12.0,2026-02-24,True,False
2026-02-24 16:00:00+00:00,10679.1,10701.3,10658.1,10696.6,8800,4,0.25,1.6000000000003638,True,2026-02-24 16:00:00,16.0,2026-02-24,True,False
2026-02-24 20:00:00+00:00,10696.3,10709.8,10687.5,10696.9,3109,3,0.0,4.533333333333455,True,2026-02-24 20:00:00,20.0,2026-02-24,False,False
2026-02-25 00:00:00+00:00,10696.6,10702.8,10683.5,10700.8,7753,4,0.0,6.0,True,2026-02-25 00:00:00,0.0,2026-02-25,False,False
2026-02-25 04:00:00+00:00,10700.6,10727.6,10684.6,10691.6,5180,4,0.0,4.900000000000091,True,2026-02-25 04:00:00,4.0,2026-02-25,False,False
2026-02-25 08:00:00+00:00,10691.3,10770.6,10688.3,10762.1,15713,4,1.0,1.3000000000006366,True,2026-02-25 08:00:00,8.0,2026-02-25,True,False
2026-02-25 12:00:00+00:00,10760.6,10776.8,10737.3,10775.8,14729,4,1.0,1.300000000000182,True,2026-02-25 12:00:00,12.0,2026-02-25,True,False
2026-02-25 16:00:00+00:00,10775.6,10805.3,10771.6,10802.8,6471,4,0.25,1.6000000000003638,True,2026-02-25 16:00:00,16.0,2026-02-25,True,False
2026-02-25 20:00:00+00:00,10803.1,10814.1,10774.2,10786.1,7133,3,0.0,4.533333333332848,True,2026-02-25 20:00:00,20.0,2026-02-25,False,False
2026-02-26 00:00:00+00:00,10785.9,10791.1,10775.4,10777.5,6931,4,0.0,6.0,True,2026-02-26 00:00:00,0.0,2026-02-26,False,False
2026-02-26 04:00:00+00:00,10777.4,10793.6,10771.4,10781.1,3579,4,0.0,4.900000000000091,True,2026-02-26 04:00:00,4.0,2026-02-26,False,False
2026-02-26 08:00:00+00:00,10782.1,10819.0,10777.3,10801.6,9472,4,1.0,1.300000000000182,True,2026-02-26 08:00:00,8.0,2026-02-26,True,False
2026-02-26 12:00:00+00:00,10802.6,10829.1,10781.6,10826.6,13923,4,1.0,1.3000000000010914,True,2026-02-26 12:00:00,12.0,2026-02-26,True,False
2026-02-26 16:00:00+00:00,10826.3,10854.8,10814.1,10840.3,10594,4,0.25,1.6000000000003638,True,2026-02-26 16:00:00,16.0,2026-02-26,True,False
2026-02-26 20:00:00+00:00,10840.8,10851.8,10806.6,10820.3,4686,3,0.0,4.533333333332848,True,2026-02-26 20:00:00,20.0,2026-02-26,False,False
2026-02-27 00:00:00+00:00,10819.9,10852.1,10813.9,10848.8,9160,4,0.0,6.0,True,2026-02-27 00:00:00,0.0,2026-02-27,False,False
2026-02-27 04:00:00+00:00,10849.1,10872.8,10843.8,10850.8,4974,4,0.0,4.900000000000091,True,2026-02-27 04:00:00,4.0,2026-02-27,False,False
2026-02-27 08:00:00+00:00,10850.5,10895.6,10833.1,10872.8,12741,4,1.0,1.300000000000182,True,2026-02-27 08:00:00,8.0,2026-02-27,True,False
2026-02-27 12:00:00+00:00,10873.3,10906.1,10848.8,10899.1,18249,4,1.0,1.300000000000182,True,2026-02-27 12:00:00,12.0,2026-02-27,True,False
2026-02-27 16:00:00+00:00,10899.3,10919.8,10849.3,10851.1,16227,4,0.25,1.6000000000003638,True,2026-02-27 16:00:00,16.0,2026-02-27,True,False
2026-02-27 20:00:00+00:00,10850.8,10874.3,10850.8,10858.0,2631,1,0.0,1.5999999999985448,True,2026-02-27 20:00:00,20.0,2026-02-27,False,False
2026-03-01 23:00:00+00:00,10790.3,10820.1,10788.5,10799.7,5004,1,0.0,6.0,True,2026-03-01 23:00:00,23.0,2026-03-01,False,False
2026-03-02 00:00:00+00:00,10799.6,10844.0,10784.2,10841.6,17307,4,0.0,6.0,True,2026-03-02 00:00:00,0.0,2026-03-02,False,False
2026-03-02 04:00:00+00:00,10841.7,10848.3,10802.8,10817.3,9430,4,0.0,4.900000000000091,True,2026-03-02 04:00:00,4.0,2026-03-02,False,False
2026-03-02 08:00:00+00:00,10819.3,10831.1,10771.1,10775.1,20874,4,1.0,1.3000000000006366,True,2026-03-02 08:00:00,8.0,2026-03-02,True,False
2026-03-02 12:00:00+00:00,10775.3,10778.8,10705.8,10735.6,21498,4,1.0,1.3000000000010914,True,2026-03-02 12:00:00,12.0,2026-03-02,True,False
2026-03-02 16:00:00+00:00,10735.1,10800.3,10733.1,10782.1,11935,4,0.25,1.6000000000003638,True,2026-03-02 16:00:00,16.0,2026-03-02,True,False
2026-03-02 20:00:00+00:00,10782.6,10785.6,10750.6,10765.5,7419,3,0.0,4.533333333333455,True,2026-03-02 20:00:00,20.0,2026-03-02,False,False
2026-03-03 00:00:00+00:00,10765.8,10768.7,10704.3,10729.4,19589,4,0.0,6.0,True,2026-03-03 00:00:00,0.0,2026-03-03,False,False
2026-03-03 04:00:00+00:00,10729.3,10734.1,10647.6,10662.1,14831,4,0.0,4.900000000000091,True,2026-03-03 04:00:00,4.0,2026-03-03,False,False
2026-03-03 08:00:00+00:00,10661.3,10685.0,10417.8,10468.8,41889,4,1.0,1.3000000000006366,True,2026-03-03 08:00:00,8.0,2026-03-03,True,False
2026-03-03 12:00:00+00:00,10469.3,10492.6,10377.8,10399.1,31602,4,1.0,1.3000000000010914,True,2026-03-03 12:00:00,12.0,2026-03-03,True,False
2026-03-03 16:00:00+00:00,10422.3,10536.8,10404.1,10523.1,29294,4,0.25,1.6000000000003638,True,2026-03-03 16:00:00,16.0,2026-03-03,True,False
2026-03-03 20:00:00+00:00,10523.3,10529.6,10480.9,10486.6,9397,3,0.0,4.533333333332848,True,2026-03-03 20:00:00,20.0,2026-03-03,False,False
2026-03-04 00:00:00+00:00,10487.0,10515.0,10442.2,10466.2,32925,4,0.0,6.0,True,2026-03-04 00:00:00,0.0,2026-03-04,False,False
2026-03-04 04:00:00+00:00,10465.9,10471.6,10427.0,10444.1,21455,4,0.0,4.900000000000091,True,2026-03-04 04:00:00,4.0,2026-03-04,False,False
2026-03-04 08:00:00+00:00,10445.1,10536.6,10412.1,10523.8,29752,4,1.0,1.300000000000182,True,2026-03-04 08:00:00,8.0,2026-03-04,True,False
2026-03-04 12:00:00+00:00,10525.6,10558.8,10499.1,10556.1,24683,4,1.0,1.3000000000006366,True,2026-03-04 12:00:00,12.0,2026-03-04,True,False
2026-03-04 16:00:00+00:00,10556.3,10592.8,10519.1,10587.1,12604,4,0.25,1.6000000000003638,True,2026-03-04 16:00:00,16.0,2026-03-04,True,False
2026-03-04 20:00:00+00:00,10587.3,10612.0,10576.1,10608.1,5201,3,0.0,4.533333333333455,True,2026-03-04 20:00:00,20.0,2026-03-04,False,False
2026-03-05 00:00:00+00:00,10607.9,10619.9,10550.0,10557.5,20113,4,0.0,6.0,True,2026-03-05 00:00:00,0.0,2026-03-05,False,False
2026-03-05 04:00:00+00:00,10557.3,10578.2,10510.8,10552.0,10634,4,0.0,4.899999999999636,True,2026-03-05 04:00:00,4.0,2026-03-05,False,False
2026-03-05 08:00:00+00:00,10551.5,10616.6,10503.3,10560.1,21987,4,1.0,1.3000000000010914,True,2026-03-05 08:00:00,8.0,2026-03-05,True,False
2026-03-05 12:00:00+00:00,10559.8,10563.1,10432.1,10441.1,23014,4,1.0,1.3000000000006366,True,2026-03-05 12:00:00,12.0,2026-03-05,True,False
2026-03-05 16:00:00+00:00,10440.8,10448.1,10319.6,10341.6,26274,4,0.25,1.6000000000003638,True,2026-03-05 16:00:00,16.0,2026-03-05,True,False
2026-03-05 20:00:00+00:00,10341.3,10387.6,10336.3,10385.5,8294,3,0.0,4.533333333333455,True,2026-03-05 20:00:00,20.0,2026-03-05,False,False
2026-03-06 00:00:00+00:00,10385.8,10437.2,10384.6,10436.7,15935,4,0.0,6.0,True,2026-03-06 00:00:00,0.0,2026-03-06,False,False
2026-03-06 04:00:00+00:00,10436.3,10444.8,10415.2,10423.6,7510,4,0.0,4.900000000000091,True,2026-03-06 04:00:00,4.0,2026-03-06,False,False
2026-03-06 08:00:00+00:00,10423.8,10458.8,10314.6,10323.6,26857,4,1.0,1.3000000000010914,True,2026-03-06 08:00:00,8.0,2026-03-06,True,False
2026-03-06 12:00:00+00:00,10323.8,10339.8,10207.6,10261.6,37876,4,1.0,1.3000000000006366,True,2026-03-06 12:00:00,12.0,2026-03-06,True,False
2026-03-06 16:00:00+00:00,10262.1,10314.8,10240.6,10307.6,25471,4,0.25,1.6000000000003638,True,2026-03-06 16:00:00,16.0,2026-03-06,True,False
2026-03-06 20:00:00+00:00,10307.1,10315.3,10280.8,10295.5,4320,1,0.0,1.5999999999985448,True,2026-03-06 20:00:00,20.0,2026-03-06,False,False
2026-03-08 22:00:00+00:00,10184.5,10192.8,10148.1,10156.4,8565,2,0.0,6.0,True,2026-03-08 22:00:00,22.0,2026-03-08,False,False
2026-03-09 00:00:00+00:00,10157.2,10166.5,10069.1,10105.5,32161,4,0.0,6.0,True,2026-03-09 00:00:00,0.0,2026-03-09,False,False
2026-03-09 04:00:00+00:00,10105.3,10185.3,10088.5,10136.6,23876,4,0.0,4.900000000000091,True,2026-03-09 04:00:00,4.0,2026-03-09,False,False
2026-03-09 08:00:00+00:00,10137.3,10163.8,10050.8,10139.1,46353,4,1.0,1.3000000000010914,True,2026-03-09 08:00:00,8.0,2026-03-09,True,False
2026-03-09 12:00:00+00:00,10139.3,10228.1,10111.1,10220.6,41316,4,1.0,1.3000000000006366,True,2026-03-09 12:00:00,12.0,2026-03-09,True,False
2026-03-09 16:00:00+00:00,10221.1,10362.8,10196.6,10320.6,26338,4,0.25,1.6000000000003638,True,2026-03-09 16:00:00,16.0,2026-03-09,True,False
2026-03-09 20:00:00+00:00,10321.0,10327.8,10282.0,10288.1,8989,3,0.0,4.533333333332848,True,2026-03-09 20:00:00,20.0,2026-03-09,False,False
2026-03-10 00:00:00+00:00,10287.7,10310.1,10252.1,10261.4,20424,4,0.0,6.0,True,2026-03-10 00:00:00,0.0,2026-03-10,False,False
2026-03-10 04:00:00+00:00,10261.5,10380.1,10255.9,10365.6,14025,4,0.0,4.900000000000091,True,2026-03-10 04:00:00,4.0,2026-03-10,False,False
2026-03-10 08:00:00+00:00,10365.3,10419.1,10356.8,10372.6,26368,4,1.0,1.3000000000006366,True,2026-03-10 08:00:00,8.0,2026-03-10,True,False
2026-03-10 12:00:00+00:00,10371.6,10425.1,10331.8,10390.1,21934,4,1.0,1.3000000000010914,True,2026-03-10 12:00:00,12.0,2026-03-10,True,False
2026-03-10 16:00:00+00:00,10390.3,10450.1,10346.3,10364.1,26220,4,0.25,1.6000000000003638,True,2026-03-10 16:00:00,16.0,2026-03-10,True,False
2026-03-10 20:00:00+00:00,10363.8,10365.8,10346.6,10363.2,3914,3,0.0,4.533333333333455,True,2026-03-10 20:00:00,20.0,2026-03-10,False,False
2026-03-11 00:00:00+00:00,10363.3,10396.4,10362.1,10383.6,9327,4,0.0,6.0,True,2026-03-11 00:00:00,0.0,2026-03-11,False,False
2026-03-11 04:00:00+00:00,10383.2,10388.0,10318.8,10333.3,7290,4,0.0,4.900000000000091,True,2026-03-11 04:00:00,4.0,2026-03-11,False,False
2026-03-11 08:00:00+00:00,10332.3,10337.8,10264.1,10300.6,20196,4,1.0,1.3000000000006366,True,2026-03-11 08:00:00,8.0,2026-03-11,True,False
2026-03-11 12:00:00+00:00,10300.1,10360.1,10271.3,10293.1,25154,4,1.0,1.3000000000010914,True,2026-03-11 12:00:00,12.0,2026-03-11,True,False
2026-03-11 16:00:00+00:00,10292.3,10348.1,10279.1,10345.1,14601,4,0.25,1.6000000000003638,True,2026-03-11 16:00:00,16.0,2026-03-11,True,False
2026-03-11 20:00:00+00:00,10344.6,10345.1,10257.3,10272.9,8401,3,0.0,4.533333333333455,True,2026-03-11 20:00:00,20.0,2026-03-11,False,False
2026-03-12 00:00:00+00:00,10273.1,10303.0,10240.5,10250.5,15207,4,0.0,6.0,True,2026-03-12 00:00:00,0.0,2026-03-12,False,False
2026-03-12 04:00:00+00:00,10250.5,10311.5,10248.1,10306.3,9751,4,0.0,4.900000000000091,True,2026-03-12 04:00:00,4.0,2026-03-12,False,False
2026-03-12 08:00:00+00:00,10306.5,10344.1,10272.8,10314.1,18169,4,1.0,1.300000000000182,True,2026-03-12 08:00:00,8.0,2026-03-12,True,False
2026-03-12 12:00:00+00:00,10314.6,10328.6,10252.1,10296.6,30688,4,1.0,1.3000000000010914,True,2026-03-12 12:00:00,12.0,2026-03-12,True,False
2026-03-12 16:00:00+00:00,10297.1,10329.6,10271.3,10294.1,20774,4,0.25,1.6000000000003638,True,2026-03-12 16:00:00,16.0,2026-03-12,True,False
2026-03-12 20:00:00+00:00,10293.8,10300.6,10279.4,10283.6,5313,3,0.0,4.533333333333455,True,2026-03-12 20:00:00,20.0,2026-03-12,False,False
2026-03-13 00:00:00+00:00,10283.3,10338.3,10274.0,10326.8,13493,4,0.0,6.0,True,2026-03-13 00:00:00,0.0,2026-03-13,False,False
2026-03-13 04:00:00+00:00,10326.6,10332.7,10222.1,10248.0,9010,4,0.0,4.899999999999636,True,2026-03-13 04:00:00,4.0,2026-03-13,False,False
2026-03-13 08:00:00+00:00,10247.6,10322.6,10191.6,10317.6,19827,4,1.0,1.3000000000010914,True,2026-03-13 08:00:00,8.0,2026-03-13,True,False
2026-03-13 12:00:00+00:00,10318.1,10364.6,10244.1,10244.6,25883,4,1.0,1.3000000000006366,True,2026-03-13 12:00:00,12.0,2026-03-13,True,False
2026-03-13 16:00:00+00:00,10244.3,10276.6,10234.6,10252.1,18338,4,0.25,1.6000000000003638,True,2026-03-13 16:00:00,16.0,2026-03-13,True,False
2026-03-13 20:00:00+00:00,10252.3,10253.3,10232.8,10234.1,833,1,0.0,1.6000000000003638,True,2026-03-13 20:00:00,20.0,2026-03-13,False,False
2026-03-15 22:00:00+00:00,10243.2,10275.6,10225.0,10255.4,7874,2,0.0,6.0,True,2026-03-15 22:00:00,22.0,2026-03-15,False,False
2026-03-16 00:00:00+00:00,10255.6,10303.1,10255.3,10291.8,14858,4,0.0,6.0,True,2026-03-16 00:00:00,0.0,2026-03-16,False,False
2026-03-16 04:00:00+00:00,10291.9,10306.1,10271.3,10275.1,6416,4,0.0,4.900000000000091,True,2026-03-16 04:00:00,4.0,2026-03-16,False,False
2026-03-16 08:00:00+00:00,10273.6,10311.6,10248.6,10305.1,20053,4,1.0,1.3000000000010914,True,2026-03-16 08:00:00,8.0,2026-03-16,True,False
2026-03-16 12:00:00+00:00,10304.8,10372.3,10304.1,10336.1,17818,4,1.0,1.3000000000006366,True,2026-03-16 12:00:00,12.0,2026-03-16,True,False
2026-03-16 16:00:00+00:00,10336.6,10353.6,10310.1,10350.1,14674,4,0.25,1.6000000000003638,True,2026-03-16 16:00:00,16.0,2026-03-16,True,False
2026-03-16 20:00:00+00:00,10349.6,10349.6,10332.9,10342.5,3995,3,0.0,4.533333333333455,True,2026-03-16 20:00:00,20.0,2026-03-16,False,False
2026-03-17 00:00:00+00:00,10342.7,10342.7,10316.9,10321.3,8884,4,0.0,6.0,True,2026-03-17 00:00:00,0.0,2026-03-17,False,False
2026-03-17 04:00:00+00:00,10321.2,10330.1,10294.8,10310.6,7284,4,0.0,4.900000000000091,True,2026-03-17 04:00:00,4.0,2026-03-17,False,False
2026-03-17 08:00:00+00:00,10310.1,10389.6,10301.3,10381.6,14744,4,1.0,1.3000000000006366,True,2026-03-17 08:00:00,8.0,2026-03-17,True,False
2026-03-17 12:00:00+00:00,10382.6,10431.3,10380.6,10410.6,16272,4,1.0,1.3000000000010914,True,2026-03-17 12:00:00,12.0,2026-03-17,True,False
2026-03-17 16:00:00+00:00,10411.1,10412.8,10358.6,10365.1,12791,4,0.25,1.6000000000003638,True,2026-03-17 16:00:00,16.0,2026-03-17,True,False
2026-03-17 20:00:00+00:00,10365.3,10371.1,10353.1,10354.7,2469,3,0.0,4.533333333333455,True,2026-03-17 20:00:00,20.0,2026-03-17,False,False
2026-03-18 00:00:00+00:00,10354.4,10395.3,10353.3,10392.1,5571,4,0.0,6.0,True,2026-03-18 00:00:00,0.0,2026-03-18,False,False
2026-03-18 04:00:00+00:00,10392.2,10418.1,10387.3,10406.1,3562,4,0.0,4.900000000000091,True,2026-03-18 04:00:00,4.0,2026-03-18,False,False
2026-03-18 08:00:00+00:00,10406.3,10441.6,10395.8,10424.6,12124,4,1.0,1.3000000000006366,True,2026-03-18 08:00:00,8.0,2026-03-18,True,False
2026-03-18 12:00:00+00:00,10425.1,10427.1,10268.8,10280.1,27010,4,1.0,1.3000000000006366,True,2026-03-18 12:00:00,12.0,2026-03-18,True,False
2026-03-18 16:00:00+00:00,10280.8,10303.3,10225.6,10237.1,16176,4,0.25,1.599999999999909,True,2026-03-18 16:00:00,16.0,2026-03-18,True,False
2026-03-18 20:00:00+00:00,10237.3,10239.8,10209.8,10233.9,4747,3,0.0,4.533333333333455,True,2026-03-18 20:00:00,20.0,2026-03-18,False,False
2026-03-19 00:00:00+00:00,10234.4,10264.1,10224.3,10242.9,12386,4,0.0,6.0,True,2026-03-19 00:00:00,0.0,2026-03-19,False,False
2026-03-19 04:00:00+00:00,10242.5,10242.5,10174.1,10187.8,11469,4,0.0,4.900000000000091,True,2026-03-19 04:00:00,4.0,2026-03-19,False,False
2026-03-19 08:00:00+00:00,10188.1,10201.6,10082.1,10096.5,29444,4,1.0,1.3000000000006366,True,2026-03-19 08:00:00,8.0,2026-03-19,True,False
2026-03-19 12:00:00+00:00,10096.5,10096.8,10005.0,10071.3,37110,4,1.0,1.300000000000182,True,2026-03-19 12:00:00,12.0,2026-03-19,True,False
2026-03-19 16:00:00+00:00,10069.8,10100.5,10011.3,10062.8,26639,4,0.25,1.6000000000003638,True,2026-03-19 16:00:00,16.0,2026-03-19,True,False
2026-03-19 20:00:00+00:00,10063.1,10093.2,10059.0,10083.7,3821,3,0.0,4.533333333333455,True,2026-03-19 20:00:00,20.0,2026-03-19,False,False
2026-03-20 00:00:00+00:00,10083.4,10104.4,10069.9,10076.7,10986,4,0.0,6.0,True,2026-03-20 00:00:00,0.0,2026-03-20,False,False
2026-03-20 04:00:00+00:00,10076.8,10115.3,10051.6,10110.1,7332,4,0.0,4.900000000000091,True,2026-03-20 04:00:00,4.0,2026-03-20,False,False
2026-03-20 08:00:00+00:00,10107.5,10137.3,10009.1,10094.1,30236,4,1.0,1.3000000000010914,True,2026-03-20 08:00:00,8.0,2026-03-20,True,False
2026-03-20 12:00:00+00:00,10094.3,10108.6,9923.1,9949.1,42486,4,1.0,1.300000000000182,True,2026-03-20 12:00:00,12.0,2026-03-20,True,False
2026-03-20 16:00:00+00:00,9948.6,9962.3,9802.6,9857.8,28392,4,0.25,1.6000000000003638,True,2026-03-20 16:00:00,16.0,2026-03-20,True,False
2026-03-20 20:00:00+00:00,9858.1,9866.8,9839.1,9846.8,1776,1,0.0,1.6000000000003638,True,2026-03-20 20:00:00,20.0,2026-03-20,False,False
2026-03-22 22:00:00+00:00,9783.7,9827.9,9782.2,9806.6,8775,2,0.0,6.0,True,2026-03-22 22:00:00,22.0,2026-03-22,False,False
2026-03-23 00:00:00+00:00,9807.4,9866.1,9781.4,9800.1,24094,4,0.0,6.0,True,2026-03-23 00:00:00,0.0,2026-03-23,False,False
2026-03-23 04:00:00+00:00,9800.3,9831.5,9765.6,9781.8,16547,4,0.0,4.900000000000091,True,2026-03-23 04:00:00,4.0,2026-03-23,False,False
2026-03-23 08:00:00+00:00,9781.6,10001.6,9678.1,9905.3,61402,4,1.0,1.3000000000006366,True,2026-03-23 08:00:00,8.0,2026-03-23,True,False
2026-03-23 12:00:00+00:00,9904.6,10047.8,9873.6,9930.6,62848,4,1.0,1.3000000000010914,True,2026-03-23 12:00:00,12.0,2026-03-23,True,False
2026-03-23 16:00:00+00:00,9929.8,9996.6,9891.6,9950.1,26925,4,0.25,1.6000000000003638,True,2026-03-23 16:00:00,16.0,2026-03-23,True,False
2026-03-23 20:00:00+00:00,9948.8,9979.0,9938.3,9969.0,5812,3,0.0,4.533333333333455,True,2026-03-23 20:00:00,20.0,2026-03-23,False,False
2026-03-24 00:00:00+00:00,9968.6,9968.9,9833.7,9870.3,23066,4,0.0,6.0,True,2026-03-24 00:00:00,0.0,2026-03-24,False,False
2026-03-24 04:00:00+00:00,9870.6,9930.8,9833.8,9908.5,13312,4,0.0,4.899999999999636,True,2026-03-24 04:00:00,4.0,2026-03-24,False,False
2026-03-24 08:00:00+00:00,9908.8,9944.1,9840.6,9927.6,31040,4,1.0,1.3000000000006366,True,2026-03-24 08:00:00,8.0,2026-03-24,True,False
2026-03-24 12:00:00+00:00,9927.3,9981.3,9846.3,9938.6,40350,4,1.0,1.3000000000010914,True,2026-03-24 12:00:00,12.0,2026-03-24,True,False
2026-03-24 16:00:00+00:00,9938.1,9993.1,9924.1,9944.3,22237,4,0.25,1.6000000000003638,True,2026-03-24 16:00:00,16.0,2026-03-24,True,False
2026-03-24 20:00:00+00:00,9944.6,10036.6,9941.6,10019.4,9095,3,0.0,4.533333333332848,True,2026-03-24 20:00:00,20.0,2026-03-24,False,False
2026-03-25 00:00:00+00:00,10019.5,10058.0,10008.0,10021.2,16046,4,0.0,6.0,True,2026-03-25 00:00:00,0.0,2026-03-25,False,False
2026-03-25 04:00:00+00:00,10021.4,10044.3,10004.3,10044.3,9477,4,0.0,4.900000000000091,True,2026-03-25 04:00:00,4.0,2026-03-25,False,False
2026-03-25 08:00:00+00:00,10044.1,10119.8,10026.6,10116.1,20865,4,1.0,1.300000000000182,True,2026-03-25 08:00:00,8.0,2026-03-25,True,False
2026-03-25 12:00:00+00:00,10116.6,10126.8,10047.6,10087.1,30595,4,1.0,1.3000000000010914,True,2026-03-25 12:00:00,12.0,2026-03-25,True,False
2026-03-25 16:00:00+00:00,10088.3,10137.6,10075.3,10118.1,15226,4,0.25,1.6000000000003638,True,2026-03-25 16:00:00,16.0,2026-03-25,True,False
2026-03-25 20:00:00+00:00,10118.3,10122.8,10090.8,10099.6,3932,3,0.0,4.533333333333455,True,2026-03-25 20:00:00,20.0,2026-03-25,False,False
2026-03-26 00:00:00+00:00,10100.0,10120.7,10061.0,10077.2,13702,4,0.0,6.0,True,2026-03-26 00:00:00,0.0,2026-03-26,False,False
2026-03-26 04:00:00+00:00,10077.0,10082.8,10052.5,10059.1,9968,4,0.0,4.900000000000091,True,2026-03-26 04:00:00,4.0,2026-03-26,False,False
2026-03-26 08:00:00+00:00,10058.1,10066.1,9977.8,9978.1,18234,4,1.0,1.3000000000006366,True,2026-03-26 08:00:00,8.0,2026-03-26,True,False
2026-03-26 12:00:00+00:00,9978.6,10042.3,9967.6,9986.3,27164,4,1.0,1.300000000000182,True,2026-03-26 12:00:00,12.0,2026-03-26,True,False
2026-03-26 16:00:00+00:00,9986.6,10004.3,9943.6,9947.8,13277,4,0.25,1.6000000000003638,True,2026-03-26 16:00:00,16.0,2026-03-26,True,False
2026-03-26 20:00:00+00:00,9947.5,10022.8,9945.3,9979.0,8639,3,0.0,4.533333333333455,True,2026-03-26 20:00:00,20.0,2026-03-26,False,False
2026-03-27 00:00:00+00:00,9979.2,10019.9,9952.0,10018.2,15227,4,0.0,6.0,True,2026-03-27 00:00:00,0.0,2026-03-27,False,False
2026-03-27 04:00:00+00:00,10018.3,10042.0,10000.8,10021.1,8051,4,0.0,4.900000000000091,True,2026-03-27 04:00:00,4.0,2026-03-27,False,False
2026-03-27 08:00:00+00:00,10021.5,10042.5,9893.1,9941.6,21644,4,1.0,1.3000000000010914,True,2026-03-27 08:00:00,8.0,2026-03-27,True,False
2026-03-27 12:00:00+00:00,9941.1,10004.8,9923.6,9979.1,24520,4,1.0,1.3000000000006366,True,2026-03-27 12:00:00,12.0,2026-03-27,True,False
2026-03-27 16:00:00+00:00,9979.6,10005.6,9928.1,9948.6,12971,4,0.25,1.6000000000003638,True,2026-03-27 16:00:00,16.0,2026-03-27,True,False
2026-03-27 20:00:00+00:00,9948.1,9954.1,9908.5,9908.5,1492,1,0.0,1.5999999999985448,True,2026-03-27 20:00:00,20.0,2026-03-27,False,False
2026-03-29 22:00:00+00:00,9881.0,9900.9,9871.1,9895.6,4720,1,0.0,6.0,True,2026-03-29 23:00:00,23.0,2026-03-29,False,False
2026-03-29 23:00:00+00:00,9895.5,9938.8,9868.7,9933.3,24965,4,0.0,6.0,True,2026-03-30 00:00:00,0.0,2026-03-30,False,False
2026-03-30 03:00:00+00:00,9933.5,9990.6,9932.3,9974.3,10767,4,0.0,4.900000000000091,True,2026-03-30 04:00:00,4.0,2026-03-30,False,False
2026-03-30 07:00:00+00:00,9973.8,10067.3,9972.0,10050.1,17047,4,1.0,1.3000000000010914,True,2026-03-30 08:00:00,8.0,2026-03-30,True,False
2026-03-30 11:00:00+00:00,10050.6,10135.1,10049.6,10135.1,26154,4,1.0,1.3000000000006366,True,2026-03-30 12:00:00,12.0,2026-03-30,True,False
2026-03-30 15:00:00+00:00,10135.3,10168.6,10081.1,10085.6,18580,4,0.25,1.6000000000003638,True,2026-03-30 16:00:00,16.0,2026-03-30,True,False
2026-03-30 19:00:00+00:00,10086.1,10090.6,10057.1,10082.4,5925,3,0.0,4.533333333332848,True,2026-03-30 20:00:00,20.0,2026-03-30,False,False
2026-03-30 23:00:00+00:00,10082.0,10160.6,10038.6,10138.6,34752,4,0.0,6.0,True,2026-03-31 00:00:00,0.0,2026-03-31,False,False
2026-03-31 03:00:00+00:00,10138.8,10151.9,10088.8,10108.1,17454,4,0.0,4.900000000000091,True,2026-03-31 04:00:00,4.0,2026-03-31,False,False
2026-03-31 07:00:00+00:00,10108.5,10232.1,10108.5,10205.1,23752,4,1.0,1.3000000000006366,True,2026-03-31 08:00:00,8.0,2026-03-31,True,False
2026-03-31 11:00:00+00:00,10205.3,10263.3,10187.1,10197.1,30981,4,1.0,1.3000000000010914,True,2026-03-31 12:00:00,12.0,2026-03-31,True,False
2026-03-31 15:00:00+00:00,10196.8,10295.8,10164.3,10242.1,36233,4,0.25,1.6000000000003638,True,2026-03-31 16:00:00,16.0,2026-03-31,True,False
2026-03-31 19:00:00+00:00,10241.8,10299.0,10236.6,10294.4,7836,3,0.0,4.533333333332848,True,2026-03-31 20:00:00,20.0,2026-03-31,False,False
2026-03-31 23:00:00+00:00,10294.2,10315.2,10278.0,10279.3,15897,4,0.0,6.0,True,2026-04-01 00:00:00,0.0,2026-04-01,False,False
2026-04-01 03:00:00+00:00,10279.4,10356.0,10277.8,10349.1,7983,4,0.0,4.900000000000091,True,2026-04-01 04:00:00,4.0,2026-04-01,False,False
2026-04-01 07:00:00+00:00,10348.5,10386.6,10313.6,10380.6,23675,4,1.0,1.300000000000182,True,2026-04-01 08:00:00,8.0,2026-04-01,True,False
2026-04-01 11:00:00+00:00,10379.6,10414.5,10304.1,10351.1,26423,4,1.0,1.3000000000006366,True,2026-04-01 12:00:00,12.0,2026-04-01,True,False
2026-04-01 15:00:00+00:00,10351.3,10419.6,10349.1,10382.6,13946,4,0.25,1.6000000000003638,True,2026-04-01 16:00:00,16.0,2026-04-01,True,False
2026-04-01 19:00:00+00:00,10382.8,10437.1,10380.6,10422.7,6090,3,0.0,4.533333333333455,True,2026-04-01 20:00:00,20.0,2026-04-01,False,False
2026-04-01 23:00:00+00:00,10423.5,10448.6,10302.8,10313.2,25534,4,0.0,6.0,True,2026-04-02 00:00:00,0.0,2026-04-02,False,False
2026-04-02 03:00:00+00:00,10313.1,10315.6,10265.8,10289.6,11961,4,0.0,4.900000000000091,True,2026-04-02 04:00:00,4.0,2026-04-02,False,False
2026-04-02 07:00:00+00:00,10290.8,10377.6,10287.6,10353.3,15593,4,1.0,1.300000000000182,True,2026-04-02 08:00:00,8.0,2026-04-02,True,False
2026-04-02 11:00:00+00:00,10353.1,10477.8,10291.6,10469.3,25190,4,1.0,1.3000000000006366,True,2026-04-02 12:00:00,12.0,2026-04-02,True,False
2026-04-02 15:00:00+00:00,10469.6,10472.3,10416.1,10468.1,17283,4,0.25,1.6000000000003638,True,2026-04-02 16:00:00,16.0,2026-04-02,True,False
2026-04-02 19:00:00+00:00,10468.3,10473.1,10453.3,10465.1,3099,2,0.0,3.7999999999992724,True,2026-04-02 20:00:00,20.0,2026-04-02,False,False
2026-04-07 00:00:00+00:00,10488.8,10526.4,10465.6,10473.1,16300,3,0.0,6.0,True,2026-04-07 01:00:00,1.0,2026-04-07,False,False
2026-04-07 03:00:00+00:00,10473.2,10474.1,10451.8,10465.1,10993,4,0.0,4.900000000000091,True,2026-04-07 04:00:00,4.0,2026-04-07,False,False
2026-04-07 07:00:00+00:00,10464.8,10498.1,10405.1,10431.8,32671,4,1.0,1.300000000000182,True,2026-04-07 08:00:00,8.0,2026-04-07,True,False
2026-04-07 11:00:00+00:00,10432.1,10450.3,10352.6,10366.6,32474,4,1.0,1.3000000000006366,True,2026-04-07 12:00:00,12.0,2026-04-07,True,False
2026-04-07 15:00:00+00:00,10366.1,10406.3,10336.1,10386.1,24533,4,0.25,1.6000000000003638,True,2026-04-07 16:00:00,16.0,2026-04-07,True,False
2026-04-07 19:00:00+00:00,10385.8,10573.0,10370.3,10571.3,21861,3,0.0,4.533333333333455,True,2026-04-07 20:00:00,20.0,2026-04-07,False,False
2026-04-07 23:00:00+00:00,10571.5,10730.6,10565.0,10688.4,21904,4,0.0,6.0,True,2026-04-08 00:00:00,0.0,2026-04-08,False,False
2026-04-08 03:00:00+00:00,10688.3,10703.1,10637.0,10656.3,10276,4,0.0,4.900000000000091,True,2026-04-08 04:00:00,4.0,2026-04-08,False,False
2026-04-08 07:00:00+00:00,10649.8,10695.3,10580.8,10656.1,30086,4,1.0,1.300000000000182,True,2026-04-08 08:00:00,8.0,2026-04-08,True,False
2026-04-08 11:00:00+00:00,10655.8,10700.6,10607.3,10621.1,30742,4,1.0,1.300000000000182,True,2026-04-08 12:00:00,12.0,2026-04-08,True,False
2026-04-08 15:00:00+00:00,10621.6,10667.1,10598.1,10632.6,16473,4,0.25,1.6000000000003638,True,2026-04-08 16:00:00,16.0,2026-04-08,True,False
2026-04-08 19:00:00+00:00,10632.8,10695.3,10631.1,10682.2,6425,3,0.0,4.533333333333455,True,2026-04-08 20:00:00,20.0,2026-04-08,False,False
2026-04-08 23:00:00+00:00,10682.1,10687.6,10639.7,10647.4,13125,4,0.0,6.0,True,2026-04-09 00:00:00,0.0,2026-04-09,False,False
2026-04-09 03:00:00+00:00,10647.6,10664.6,10639.1,10656.8,7495,4,0.0,4.900000000000091,True,2026-04-09 04:00:00,4.0,2026-04-09,False,False
2026-04-09 07:00:00+00:00,10657.1,10669.1,10584.1,10592.6,19262,4,1.0,1.3000000000010914,True,2026-04-09 08:00:00,8.0,2026-04-09,True,False
2026-04-09 11:00:00+00:00,10591.8,10616.1,10574.1,10585.3,19683,4,1.0,1.300000000000182,True,2026-04-09 12:00:00,12.0,2026-04-09,True,False
2026-04-09 15:00:00+00:00,10585.6,10659.3,10569.3,10633.6,18951,4,0.25,1.6000000000003638,True,2026-04-09 16:00:00,16.0,2026-04-09,True,False
2026-04-09 19:00:00+00:00,10633.8,10645.8,10611.3,10612.8,4791,3,0.0,4.533333333332848,True,2026-04-09 20:00:00,20.0,2026-04-09,False,False
2026-04-09 23:00:00+00:00,10613.0,10624.1,10596.1,10614.8,8300,4,0.0,6.0,True,2026-04-10 00:00:00,0.0,2026-04-10,False,False
2026-04-10 03:00:00+00:00,10615.0,10622.6,10595.1,10614.8,5908,4,0.0,4.900000000000091,True,2026-04-10 04:00:00,4.0,2026-04-10,False,False
2026-04-10 07:00:00+00:00,10614.1,10679.0,10597.8,10651.6,17148,4,1.0,1.3000000000006366,True,2026-04-10 08:00:00,8.0,2026-04-10,True,False
2026-04-10 11:00:00+00:00,10651.8,10670.8,10619.6,10622.8,16728,4,1.0,1.300000000000182,True,2026-04-10 12:00:00,12.0,2026-04-10,True,False
2026-04-10 15:00:00+00:00,10622.1,10631.8,10586.3,10603.1,11625,4,0.25,1.6000000000003638,True,2026-04-10 16:00:00,16.0,2026-04-10,True,False
2026-04-10 19:00:00+00:00,10603.6,10617.6,10600.6,10614.5,1615,1,0.0,1.5999999999985448,True,2026-04-10 20:00:00,20.0,2026-04-10,False,False
2026-04-12 22:00:00+00:00,10539.6,10546.9,10530.2,10541.3,3814,1,0.0,6.0,True,2026-04-12 23:00:00,23.0,2026-04-12,False,False
2026-04-12 23:00:00+00:00,10541.1,10576.0,10512.8,10556.8,12843,4,0.0,6.0,True,2026-04-13 00:00:00,0.0,2026-04-13,False,False
2026-04-13 03:00:00+00:00,10557.0,10568.1,10542.5,10566.3,7348,4,0.0,4.900000000000091,True,2026-04-13 04:00:00,4.0,2026-04-13,False,False
2026-04-13 07:00:00+00:00,10566.8,10589.6,10544.6,10577.6,13911,4,1.0,1.3000000000006366,True,2026-04-13 08:00:00,8.0,2026-04-13,True,False
2026-04-13 11:00:00+00:00,10577.8,10610.3,10544.1,10598.1,18351,4,1.0,1.3000000000006366,True,2026-04-13 12:00:00,12.0,2026-04-13,True,False
2026-04-13 15:00:00+00:00,10597.6,10633.1,10584.3,10626.1,14399,4,0.25,1.6000000000003638,True,2026-04-13 16:00:00,16.0,2026-04-13,True,False
2026-04-13 19:00:00+00:00,10626.3,10635.1,10619.1,10631.4,3350,3,0.0,4.533333333333455,True,2026-04-13 20:00:00,20.0,2026-04-13,False,False
2026-04-13 23:00:00+00:00,10631.6,10640.6,10594.8,10598.0,6130,4,0.0,6.0,True,2026-04-14 00:00:00,0.0,2026-04-14,False,False
2026-04-14 03:00:00+00:00,10597.8,10608.6,10587.8,10603.6,3666,4,0.0,4.900000000000091,True,2026-04-14 04:00:00,4.0,2026-04-14,False,False
2026-04-14 07:00:00+00:00,10597.8,10648.1,10587.8,10589.1,15561,4,1.0,1.3000000000010914,True,2026-04-14 08:00:00,8.0,2026-04-14,True,False
2026-04-14 11:00:00+00:00,10588.8,10631.3,10584.1,10604.6,14991,4,1.0,1.3000000000010914,True,2026-04-14 12:00:00,12.0,2026-04-14,True,False
2026-04-14 15:00:00+00:00,10604.3,10646.8,10599.6,10646.1,8244,4,0.25,1.6000000000003638,True,2026-04-14 16:00:00,16.0,2026-04-14,True,False
2026-04-14 19:00:00+00:00,10645.6,10657.8,10633.3,10638.4,2729,3,0.0,4.533333333332848,True,2026-04-14 20:00:00,20.0,2026-04-14,False,False
2026-04-14 23:00:00+00:00,10638.1,10650.2,10622.6,10627.3,7100,4,0.0,6.0,True,2026-04-15 00:00:00,0.0,2026-04-15,False,False
2026-04-15 03:00:00+00:00,10626.9,10635.1,10608.3,10630.1,6163,4,0.0,4.900000000000091,True,2026-04-15 04:00:00,4.0,2026-04-15,False,False
2026-04-15 07:00:00+00:00,10629.6,10654.1,10610.6,10631.6,16440,4,1.0,1.3000000000010914,True,2026-04-15 08:00:00,8.0,2026-04-15,True,False
2026-04-15 11:00:00+00:00,10632.1,10655.8,10586.1,10593.8,15862,4,1.0,1.3000000000006366,True,2026-04-15 12:00:00,12.0,2026-04-15,True,False
2026-04-15 15:00:00+00:00,10594.1,10596.1,10556.1,10575.6,10164,4,0.25,1.6000000000003638,True,2026-04-15 16:00:00,16.0,2026-04-15,True,False
2026-04-15 19:00:00+00:00,10575.1,10580.6,10560.7,10571.8,2929,3,0.0,4.533333333332848,True,2026-04-15 20:00:00,20.0,2026-04-15,False,False
2026-04-15 23:00:00+00:00,10572.0,10584.1,10563.5,10578.3,5922,4,0.0,6.0,True,2026-04-16 00:00:00,0.0,2026-04-16,False,False
2026-04-16 03:00:00+00:00,10577.8,10584.6,10569.1,10576.6,4363,4,0.0,4.900000000000091,True,2026-04-16 04:00:00,4.0,2026-04-16,False,False
2026-04-16 07:00:00+00:00,10575.8,10632.8,10573.8,10631.6,10716,4,1.0,1.3000000000006366,True,2026-04-16 08:00:00,8.0,2026-04-16,True,False
2026-04-16 11:00:00+00:00,10632.6,10660.8,10593.8,10600.6,13343,4,1.0,1.3000000000006366,True,2026-04-16 12:00:00,12.0,2026-04-16,True,False
2026-04-16 15:00:00+00:00,10600.8,10617.3,10568.8,10593.3,11411,4,0.25,1.6000000000003638,True,2026-04-16 16:00:00,16.0,2026-04-16,True,False
2026-04-16 19:00:00+00:00,10593.6,10604.2,10589.6,10603.3,2676,3,0.0,4.533333333332848,True,2026-04-16 20:00:00,20.0,2026-04-16,False,False
2026-04-16 23:00:00+00:00,10603.0,10619.4,10598.7,10612.5,4299,4,0.0,6.0,True,2026-04-17 00:00:00,0.0,2026-04-17,False,False
2026-04-17 03:00:00+00:00,10612.6,10620.6,10595.6,10600.6,2931,4,0.0,4.900000000000091,True,2026-04-17 04:00:00,4.0,2026-04-17,False,False
2026-04-17 07:00:00+00:00,10599.6,10613.1,10572.1,10573.1,10469,4,1.0,1.3000000000006366,True,2026-04-17 08:00:00,8.0,2026-04-17,True,False
2026-04-17 11:00:00+00:00,10573.6,10676.3,10560.1,10665.6,26473,4,1.0,1.3000000000006366,True,2026-04-17 12:00:00,12.0,2026-04-17,True,False
2026-04-17 15:00:00+00:00,10666.1,10709.8,10658.1,10693.6,11982,4,0.25,1.6000000000003638,True,2026-04-17 16:00:00,16.0,2026-04-17,True,False
2026-04-17 19:00:00+00:00,10694.1,10712.0,10687.8,10708.3,1383,1,0.0,1.6000000000003638,True,2026-04-17 20:00:00,20.0,2026-04-17,False,False
2026-04-19 22:00:00+00:00,10639.6,10652.1,10638.0,10646.6,2976,1,0.0,6.0,True,2026-04-19 23:00:00,23.0,2026-04-19,False,False
2026-04-19 23:00:00+00:00,10646.9,10650.8,10611.3,10641.3,10568,4,0.0,6.0,True,2026-04-20 00:00:00,0.0,2026-04-20,False,False
2026-04-20 03:00:00+00:00,10641.1,10643.9,10620.6,10629.3,6264,4,0.0,4.900000000000091,True,2026-04-20 04:00:00,4.0,2026-04-20,False,False
2026-04-20 07:00:00+00:00,10629.6,10646.6,10603.1,10604.6,14974,4,1.0,1.3000000000006366,True,2026-04-20 08:00:00,8.0,2026-04-20,True,False
2026-04-20 11:00:00+00:00,10604.1,10641.1,10592.1,10608.6,15592,4,1.0,1.3000000000006366,True,2026-04-20 12:00:00,12.0,2026-04-20,True,False
2026-04-20 15:00:00+00:00,10608.8,10624.3,10595.6,10623.1,10198,4,0.25,1.6000000000003638,True,2026-04-20 16:00:00,16.0,2026-04-20,True,False
2026-04-20 19:00:00+00:00,10622.8,10639.1,10613.6,10636.7,3159,3,0.0,4.533333333333455,True,2026-04-20 20:00:00,20.0,2026-04-20,False,False
2026-04-20 23:00:00+00:00,10636.5,10636.9,10618.1,10628.2,6992,4,0.0,6.0,True,2026-04-21 00:00:00,0.0,2026-04-21,False,False
2026-04-21 03:00:00+00:00,10628.3,10640.3,10616.6,10626.1,4556,4,0.0,4.900000000000091,True,2026-04-21 04:00:00,4.0,2026-04-21,False,False
2026-04-21 07:00:00+00:00,10626.6,10645.6,10613.8,10631.1,12208,4,1.0,1.3000000000006366,True,2026-04-21 08:00:00,8.0,2026-04-21,True,False
2026-04-21 11:00:00+00:00,10631.3,10636.3,10511.1,10512.6,16135,4,1.0,1.3000000000010914,True,2026-04-21 12:00:00,12.0,2026-04-21,True,False
2026-04-21 15:00:00+00:00,10513.1,10519.6,10463.6,10479.8,19398,4,0.25,1.6000000000003638,True,2026-04-21 16:00:00,16.0,2026-04-21,True,False
2026-04-21 19:00:00+00:00,10480.1,10494.6,10435.5,10475.2,9923,3,0.0,4.533333333333455,True,2026-04-21 20:00:00,20.0,2026-04-21,False,False
2026-04-21 23:00:00+00:00,10475.1,10489.3,10471.4,10484.8,6131,4,0.0,6.0,True,2026-04-22 00:00:00,0.0,2026-04-22,False,False
2026-04-22 03:00:00+00:00,10485.1,10499.1,10466.5,10492.6,4594,4,0.0,4.900000000000091,True,2026-04-22 04:00:00,4.0,2026-04-22,False,False
2026-04-22 07:00:00+00:00,10491.6,10531.6,10483.6,10513.1,13829,4,1.0,1.3000000000010914,True,2026-04-22 08:00:00,8.0,2026-04-22,True,False
2026-04-22 11:00:00+00:00,10512.8,10517.6,10474.6,10483.6,15601,4,1.0,1.300000000000182,True,2026-04-22 12:00:00,12.0,2026-04-22,True,False
2026-04-22 15:00:00+00:00,10483.8,10490.1,10465.3,10473.1,10003,4,0.25,1.6000000000003638,True,2026-04-22 16:00:00,16.0,2026-04-22,True,False
2026-04-22 19:00:00+00:00,10472.3,10485.8,10460.6,10475.1,4238,3,0.0,4.533333333332848,True,2026-04-22 20:00:00,20.0,2026-04-22,False,False
2026-04-22 23:00:00+00:00,10475.2,10477.6,10401.6,10417.6,16283,4,0.0,6.0,True,2026-04-23 00:00:00,0.0,2026-04-23,False,False
2026-04-23 03:00:00+00:00,10418.0,10445.6,10399.8,10440.6,8847,4,0.0,4.900000000000091,True,2026-04-23 04:00:00,4.0,2026-04-23,False,False
2026-04-23 07:00:00+00:00,10442.3,10459.1,10372.6,10416.6,18433,4,1.0,1.3000000000006366,True,2026-04-23 08:00:00,8.0,2026-04-23,True,False
2026-04-23 11:00:00+00:00,10415.8,10481.1,10395.8,10480.6,17781,4,1.0,1.3000000000010914,True,2026-04-23 12:00:00,12.0,2026-04-23,True,False
2026-04-23 15:00:00+00:00,10480.3,10484.3,10353.6,10411.3,22693,4,0.25,1.6000000000003638,True,2026-04-23 16:00:00,16.0,2026-04-23,True,False
2026-04-23 19:00:00+00:00,10411.1,10427.7,10398.3,10426.8,6469,3,0.0,4.533333333332848,True,2026-04-23 20:00:00,20.0,2026-04-23,False,False
2026-04-23 23:00:00+00:00,10426.7,10438.0,10373.3,10379.5,9711,4,0.0,6.0,True,2026-04-24 00:00:00,0.0,2026-04-24,False,False
2026-04-24 03:00:00+00:00,10379.1,10414.6,10371.9,10413.8,7514,4,0.0,4.900000000000091,True,2026-04-24 04:00:00,4.0,2026-04-24,False,False
2026-04-24 07:00:00+00:00,10414.3,10435.1,10375.6,10404.8,15957,4,1.0,1.300000000000182,True,2026-04-24 08:00:00,8.0,2026-04-24,True,False
2026-04-24 11:00:00+00:00,10405.6,10461.3,10395.8,10411.3,23435,4,1.0,1.300000000000182,True,2026-04-24 12:00:00,12.0,2026-04-24,True,False
2026-04-24 15:00:00+00:00,10411.6,10436.3,10382.8,10387.1,12831,4,0.25,1.6000000000003638,True,2026-04-24 16:00:00,16.0,2026-04-24,True,False
2026-04-24 19:00:00+00:00,10387.3,10400.1,10387.1,10397.8,1364,1,0.0,1.6000000000003638,True,2026-04-24 20:00:00,20.0,2026-04-24,False,False
2026-04-26 22:00:00+00:00,10377.4,10381.1,10370.0,10380.9,1539,1,0.0,6.0,True,2026-04-26 23:00:00,23.0,2026-04-26,False,False
2026-04-26 23:00:00+00:00,10381.1,10409.5,10373.8,10397.1,10255,4,0.0,6.0,True,2026-04-27 00:00:00,0.0,2026-04-27,False,False
2026-04-27 03:00:00+00:00,10396.9,10402.8,10378.6,10385.1,5807,4,0.0,4.900000000000091,True,2026-04-27 04:00:00,4.0,2026-04-27,False,False
2026-04-27 07:00:00+00:00,10385.6,10417.1,10357.6,10409.6,11883,4,1.0,1.3000000000010914,True,2026-04-27 08:00:00,8.0,2026-04-27,True,False
2026-04-27 11:00:00+00:00,10409.8,10423.6,10338.8,10339.8,15100,4,1.0,1.2999999999992724,True,2026-04-27 12:00:00,12.0,2026-04-27,True,False
2026-04-27 15:00:00+00:00,10339.6,10347.8,10326.3,10342.6,7490,4,0.25,1.6000000000003638,True,2026-04-27 16:00:00,16.0,2026-04-27,True,False
2026-04-27 19:00:00+00:00,10342.8,10355.1,10326.5,10342.9,3002,3,0.0,4.533333333333455,True,2026-04-27 20:00:00,20.0,2026-04-27,False,False
2026-04-27 23:00:00+00:00,10342.8,10357.6,10332.5,10343.3,7084,4,0.0,6.0,True,2026-04-28 00:00:00,0.0,2026-04-28,False,False
2026-04-28 03:00:00+00:00,10343.2,10354.5,10319.8,10332.6,5183,4,0.0,4.900000000000091,True,2026-04-28 04:00:00,4.0,2026-04-28,False,False
2026-04-28 07:00:00+00:00,10333.3,10388.6,10310.1,10386.1,15460,4,1.0,1.3000000000010914,True,2026-04-28 08:00:00,8.0,2026-04-28,True,False
2026-04-28 11:00:00+00:00,10385.8,10394.1,10297.6,10321.1,21736,4,1.0,1.3000000000006366,True,2026-04-28 12:00:00,12.0,2026-04-28,True,False
2026-04-28 15:00:00+00:00,10321.6,10345.3,10310.6,10312.1,9955,4,0.25,1.6000000000003638,True,2026-04-28 16:00:00,16.0,2026-04-28,True,False
2026-04-28 19:00:00+00:00,10311.8,10321.8,10309.1,10320.0,2706,3,0.0,4.533333333333455,True,2026-04-28 20:00:00,20.0,2026-04-28,False,False
2026-04-28 23:00:00+00:00,10320.3,10334.5,10302.2,10316.8,7443,4,0.0,6.0,True,2026-04-29 00:00:00,0.0,2026-04-29,False,False
2026-04-29 03:00:00+00:00,10317.1,10336.3,10307.8,10314.8,4423,4,0.0,4.900000000000091,True,2026-04-29 04:00:00,4.0,2026-04-29,False,False
2026-04-29 07:00:00+00:00,10315.3,10341.8,10251.1,10258.6,16683,4,1.0,1.3000000000006366,True,2026-04-29 08:00:00,8.0,2026-04-29,True,False
2026-04-29 11:00:00+00:00,10258.3,10270.8,10204.3,10209.8,16696,4,1.0,1.3000000000006366,True,2026-04-29 12:00:00,12.0,2026-04-29,True,False
2026-04-29 15:00:00+00:00,10210.1,10226.1,10178.1,10198.6,15640,4,0.25,1.6000000000003638,True,2026-04-29 16:00:00,16.0,2026-04-29,True,False
2026-04-29 19:00:00+00:00,10199.1,10230.1,10185.7,10210.9,11367,3,0.0,4.533333333333455,True,2026-04-29 20:00:00,20.0,2026-04-29,False,False
2026-04-29 23:00:00+00:00,10211.2,10236.5,10200.6,10212.8,12627,4,0.0,6.0,True,2026-04-30 00:00:00,0.0,2026-04-30,False,False
2026-04-30 03:00:00+00:00,10212.5,10224.1,10184.3,10213.3,13474,4,0.0,4.900000000000091,True,2026-04-30 04:00:00,4.0,2026-04-30,False,False
2026-04-30 07:00:00+00:00,10213.8,10334.1,10207.6,10332.5,21646,4,1.0,1.3000000000010914,True,2026-04-30 08:00:00,8.0,2026-04-30,True,False
2026-04-30 11:00:00+00:00,10333.3,10394.1,10333.1,10377.8,23544,4,1.0,1.300000000000182,True,2026-04-30 12:00:00,12.0,2026-04-30,True,False
2026-04-30 15:00:00+00:00,10377.6,10389.1,10355.3,10367.8,11918,4,0.25,1.6000000000003638,True,2026-04-30 16:00:00,16.0,2026-04-30,True,False
2026-04-30 19:00:00+00:00,10368.3,10387.3,10359.2,10365.1,5844,3,0.0,4.533333333333455,True,2026-04-30 20:00:00,20.0,2026-04-30,False,False
2026-04-30 23:00:00+00:00,10365.2,10380.4,10333.8,10374.6,4686,4,0.0,6.0,True,2026-05-01 00:00:00,0.0,2026-05-01,False,False
2026-05-01 03:00:00+00:00,10374.5,10381.8,10343.3,10355.6,2553,4,0.0,4.900000000000091,True,2026-05-01 04:00:00,4.0,2026-05-01,False,False
2026-05-01 07:00:00+00:00,10355.1,10355.6,10289.8,10324.6,5200,4,1.0,1.300000000000182,True,2026-05-01 08:00:00,8.0,2026-05-01,True,False
2026-05-01 11:00:00+00:00,10325.1,10387.0,10307.6,10375.6,5847,4,1.0,1.3000000000006366,True,2026-05-01 12:00:00,12.0,2026-05-01,True,False
2026-05-01 15:00:00+00:00,10375.1,10396.1,10367.1,10382.6,4446,4,0.25,1.6000000000003638,True,2026-05-01 16:00:00,16.0,2026-05-01,True,False
2026-05-01 19:00:00+00:00,10381.8,10392.3,10363.6,10365.8,964,1,0.0,1.6000000000003638,True,2026-05-01 20:00:00,20.0,2026-05-01,False,False
2026-05-05 00:00:00+00:00,10311.8,10311.8,10271.7,10277.3,4637,3,0.0,6.0,True,2026-05-05 01:00:00,1.0,2026-05-05,False,False
2026-05-05 03:00:00+00:00,10277.9,10310.6,10260.1,10297.8,4549,4,0.0,4.900000000000091,True,2026-05-05 04:00:00,4.0,2026-05-05,False,False
2026-05-05 07:00:00+00:00,10298.0,10311.1,10239.1,10255.3,17861,4,1.0,1.3000000000006366,True,2026-05-05 08:00:00,8.0,2026-05-05,True,False
2026-05-05 11:00:00+00:00,10255.1,10257.6,10163.3,10184.1,17327,4,1.0,1.300000000000182,True,2026-05-05 12:00:00,12.0,2026-05-05,True,False
2026-05-05 15:00:00+00:00,10184.3,10266.3,10180.3,10265.6,7371,4,0.25,1.6000000000003638,True,2026-05-05 16:00:00,16.0,2026-05-05,True,False
2026-05-05 19:00:00+00:00,10266.1,10301.1,10258.1,10298.6,4351,3,0.0,4.533333333332848,True,2026-05-05 20:00:00,20.0,2026-05-05,False,False
2026-05-05 23:00:00+00:00,10299.1,10334.5,10291.7,10318.3,12787,4,0.0,6.0,True,2026-05-06 00:00:00,0.0,2026-05-06,False,False
2026-05-06 03:00:00+00:00,10317.9,10348.6,10311.4,10335.8,7734,4,0.0,4.900000000000091,True,2026-05-06 04:00:00,4.0,2026-05-06,False,False
2026-05-06 07:00:00+00:00,10336.1,10472.3,10321.6,10459.6,25669,4,1.0,1.3000000000010914,True,2026-05-06 08:00:00,8.0,2026-05-06,True,False
2026-05-06 11:00:00+00:00,10460.1,10491.3,10422.8,10440.1,24924,4,1.0,1.3000000000010914,True,2026-05-06 12:00:00,12.0,2026-05-06,True,False
2026-05-06 15:00:00+00:00,10440.3,10456.3,10422.1,10440.1,9159,4,0.25,1.6000000000003638,True,2026-05-06 16:00:00,16.0,2026-05-06,True,False
2026-05-06 19:00:00+00:00,10439.8,10456.1,10439.0,10440.8,3964,3,0.0,4.533333333333455,True,2026-05-06 20:00:00,20.0,2026-05-06,False,False
2026-05-06 23:00:00+00:00,10440.5,10461.2,10434.4,10457.8,12762,4,0.0,6.0,True,2026-05-07 00:00:00,0.0,2026-05-07,False,False
2026-05-07 03:00:00+00:00,10457.6,10479.1,10446.3,10459.8,6856,4,0.0,4.900000000000091,True,2026-05-07 04:00:00,4.0,2026-05-07,False,False
2026-05-07 07:00:00+00:00,10460.1,10460.1,10360.8,10368.1,17100,4,1.0,1.3000000000006366,True,2026-05-07 08:00:00,8.0,2026-05-07,True,False
2026-05-07 11:00:00+00:00,10368.6,10389.8,10294.6,10307.3,16180,4,1.0,1.300000000000182,True,2026-05-07 12:00:00,12.0,2026-05-07,True,False
2026-05-07 15:00:00+00:00,10306.8,10312.3,10204.6,10223.6,20932,4,0.25,1.6000000000003638,True,2026-05-07 16:00:00,16.0,2026-05-07,True,False
2026-05-07 19:00:00+00:00,10223.3,10237.1,10187.4,10192.0,9581,3,0.0,4.533333333332848,True,2026-05-07 20:00:00,20.0,2026-05-07,False,False
2026-05-07 23:00:00+00:00,10192.2,10238.5,10191.0,10210.1,9720,4,0.0,6.0,True,2026-05-08 00:00:00,0.0,2026-05-08,False,False
2026-05-08 03:00:00+00:00,10211.2,10222.8,10188.1,10197.6,6973,4,0.0,4.900000000000091,True,2026-05-08 04:00:00,4.0,2026-05-08,False,False
2026-05-08 07:00:00+00:00,10196.8,10271.1,10182.1,10267.1,17033,4,1.0,1.300000000000182,True,2026-05-08 08:00:00,8.0,2026-05-08,True,False
2026-05-08 11:00:00+00:00,10267.1,10279.1,10236.1,10237.8,14156,4,1.0,1.2999999999997272,True,2026-05-08 12:00:00,12.0,2026-05-08,True,False
2026-05-08 15:00:00+00:00,10237.3,10261.3,10217.8,10247.1,8757,4,0.25,1.6000000000003638,True,2026-05-08 16:00:00,16.0,2026-05-08,True,False
2026-05-08 19:00:00+00:00,10247.3,10262.8,10245.1,10261.0,1492,1,0.0,1.5999999999985448,True,2026-05-08 20:00:00,20.0,2026-05-08,False,False
2026-05-10 22:00:00+00:00,10238.9,10245.2,10230.5,10243.5,2016,1,0.0,6.0,True,2026-05-10 23:00:00,23.0,2026-05-10,False,False
2026-05-10 23:00:00+00:00,10243.3,10253.8,10231.0,10235.3,9337,4,0.0,6.0,True,2026-05-11 00:00:00,0.0,2026-05-11,False,False
2026-05-11 03:00:00+00:00,10235.7,10267.1,10230.4,10258.6,4850,4,0.0,4.900000000000091,True,2026-05-11 04:00:00,4.0,2026-05-11,False,False
2026-05-11 07:00:00+00:00,10258.8,10287.1,10233.3,10238.6,12158,4,1.0,1.3000000000010914,True,2026-05-11 08:00:00,8.0,2026-05-11,True,False
2026-05-11 11:00:00+00:00,10238.8,10287.6,10225.6,10259.3,11957,4,1.0,1.3000000000006366,True,2026-05-11 12:00:00,12.0,2026-05-11,True,False
2026-05-11 15:00:00+00:00,10259.6,10276.6,10221.8,10237.6,6348,4,0.25,1.6000000000003638,True,2026-05-11 16:00:00,16.0,2026-05-11,True,False
2026-05-11 19:00:00+00:00,10237.3,10247.8,10220.1,10245.4,2696,3,0.0,4.533333333333455,True,2026-05-11 20:00:00,20.0,2026-05-11,False,False
2026-05-11 23:00:00+00:00,10245.5,10245.9,10171.6,10216.9,13572,4,0.0,6.0,True,2026-05-12 00:00:00,0.0,2026-05-12,False,False
2026-05-12 03:00:00+00:00,10217.3,10220.0,10169.6,10193.1,9544,4,0.0,4.900000000000091,True,2026-05-12 04:00:00,4.0,2026-05-12,False,False
2026-05-12 07:00:00+00:00,10194.1,10236.8,10148.1,10231.1,17804,4,1.0,1.300000000000182,True,2026-05-12 08:00:00,8.0,2026-05-12,True,False
2026-05-12 11:00:00+00:00,10231.6,10247.6,10212.6,10235.8,14827,4,1.0,1.300000000000182,True,2026-05-12 12:00:00,12.0,2026-05-12,True,False
2026-05-12 15:00:00+00:00,10236.1,10292.3,10231.1,10283.8,9116,4,0.25,1.6000000000003638,True,2026-05-12 16:00:00,16.0,2026-05-12,True,False
2026-05-12 19:00:00+00:00,10283.6,10294.1,10272.9,10279.3,3161,3,0.0,4.533333333333455,True,2026-05-12 20:00:00,20.0,2026-05-12,False,False
2026-05-12 23:00:00+00:00,10279.4,10309.2,10266.8,10299.9,10282,4,0.0,6.0,True,2026-05-13 00:00:00,0.0,2026-05-13,False,False
2026-05-13 03:00:00+00:00,10299.6,10321.6,10295.8,10316.1,5395,4,0.0,4.900000000000091,True,2026-05-13 04:00:00,4.0,2026-05-13,False,False
2026-05-13 07:00:00+00:00,10315.8,10357.8,10263.1,10268.6,13029,4,1.0,1.3000000000010914,True,2026-05-13 08:00:00,8.0,2026-05-13,True,False
2026-05-13 11:00:00+00:00,10268.8,10318.1,10236.1,10295.6,10759,4,1.0,1.300000000000182,True,2026-05-13 12:00:00,12.0,2026-05-13,True,False
2026-05-13 15:00:00+00:00,10295.3,10354.8,10291.3,10332.8,7771,4,0.25,1.6000000000003638,True,2026-05-13 16:00:00,16.0,2026-05-13,True,False
2026-05-13 19:00:00+00:00,10333.1,10365.1,10331.1,10362.5,3185,3,0.0,4.533333333332848,True,2026-05-13 20:00:00,20.0,2026-05-13,False,False
2026-05-13 23:00:00+00:00,10362.6,10370.5,10325.5,10328.1,7230,4,0.0,6.0,True,2026-05-14 00:00:00,0.0,2026-05-14,False,False
2026-05-14 03:00:00+00:00,10327.8,10348.8,10318.1,10338.1,5250,4,0.0,4.900000000000091,True,2026-05-14 04:00:00,4.0,2026-05-14,False,False
2026-05-14 07:00:00+00:00,10337.8,10377.6,10319.6,10374.3,10528,4,1.0,1.3000000000006366,True,2026-05-14 08:00:00,8.0,2026-05-14,True,False
2026-05-14 11:00:00+00:00,10374.6,10389.6,10329.6,10372.3,10144,4,1.0,1.2999999999997272,True,2026-05-14 12:00:00,12.0,2026-05-14,True,False
2026-05-14 15:00:00+00:00,10372.1,10416.1,10364.6,10394.6,8470,4,0.25,1.6000000000003638,True,2026-05-14 16:00:00,16.0,2026-05-14,True,False
2026-05-14 19:00:00+00:00,10393.6,10394.6,10368.1,10375.8,3116,3,0.0,4.533333333333455,True,2026-05-14 20:00:00,20.0,2026-05-14,False,False
2026-05-14 23:00:00+00:00,10375.9,10380.3,10309.0,10320.7,11088,4,0.0,6.0,True,2026-05-15 00:00:00,0.0,2026-05-15,False,False
2026-05-15 03:00:00+00:00,10320.2,10325.1,10276.3,10316.6,9947,4,0.0,4.900000000000091,True,2026-05-15 04:00:00,4.0,2026-05-15,False,False
2026-05-15 07:00:00+00:00,10317.1,10326.6,10226.3,10256.1,18912,4,1.0,1.300000000000182,True,2026-05-15 08:00:00,8.0,2026-05-15,True,False
2026-05-15 11:00:00+00:00,10255.6,10263.3,10174.3,10198.1,16883,4,1.0,1.3000000000006366,True,2026-05-15 12:00:00,12.0,2026-05-15,True,False
2026-05-15 15:00:00+00:00,10197.8,10213.1,10169.6,10210.1,9550,4,0.25,1.6000000000003638,True,2026-05-15 16:00:00,16.0,2026-05-15,True,False
2026-05-15 19:00:00+00:00,10209.8,10211.8,10201.1,10207.1,1474,1,0.0,1.6000000000003638,True,2026-05-15 20:00:00,20.0,2026-05-15,False,False
2026-05-17 22:00:00+00:00,10202.0,10208.1,10196.1,10202.8,3596,1,0.0,6.0,True,2026-05-17 23:00:00,23.0,2026-05-17,False,False
2026-05-17 23:00:00+00:00,10203.2,10207.5,10145.3,10146.8,30090,4,0.0,6.0,True,2026-05-18 00:00:00,0.0,2026-05-18,False,False
2026-05-18 03:00:00+00:00,10147.0,10181.8,10120.6,10158.1,16420,4,0.0,4.900000000000091,True,2026-05-18 04:00:00,4.0,2026-05-18,False,False
2026-05-18 07:00:00+00:00,10158.3,10239.1,10154.8,10228.1,16526,4,1.0,1.3000000000006366,True,2026-05-18 08:00:00,8.0,2026-05-18,True,False
2026-05-18 11:00:00+00:00,10227.6,10349.6,10205.8,10343.3,24787,4,1.0,1.3000000000006366,True,2026-05-18 12:00:00,12.0,2026-05-18,True,False
2026-05-18 15:00:00+00:00,10343.1,10357.6,10303.3,10306.1,18134,4,0.25,1.6000000000003638,True,2026-05-18 16:00:00,16.0,2026-05-18,True,False
2026-05-18 19:00:00+00:00,10305.8,10375.8,10304.3,10371.9,10142,3,0.0,4.533333333332848,True,2026-05-18 20:00:00,20.0,2026-05-18,False,False
2026-05-18 23:00:00+00:00,10372.1,10377.2,10317.1,10319.4,17869,4,0.0,6.0,True,2026-05-19 00:00:00,0.0,2026-05-19,False,False
2026-05-19 03:00:00+00:00,10319.0,10363.8,10303.9,10352.1,12706,4,0.0,4.900000000000091,True,2026-05-19 04:00:00,4.0,2026-05-19,False,False
2026-05-19 07:00:00+00:00,10352.3,10420.8,10351.1,10400.6,15183,4,1.0,1.3000000000010914,True,2026-05-19 08:00:00,8.0,2026-05-19,True,False
2026-05-19 11:00:00+00:00,10400.1,10407.6,10325.1,10332.6,17917,4,1.0,1.3000000000006366,True,2026-05-19 12:00:00,12.0,2026-05-19,True,False
2026-05-19 15:00:00+00:00,10332.8,10359.3,10313.6,10315.6,11375,4,0.25,1.6000000000003638,True,2026-05-19 16:00:00,16.0,2026-05-19,True,False
2026-05-19 19:00:00+00:00,10315.8,10329.6,10296.2,10304.1,5524,3,0.0,4.533333333333455,True,2026-05-19 20:00:00,20.0,2026-05-19,False,False
2026-05-19 23:00:00+00:00,10303.9,10326.4,10255.9,10256.7,19721,4,0.0,6.0,True,2026-05-20 00:00:00,0.0,2026-05-20,False,False
2026-05-20 03:00:00+00:00,10256.3,10303.0,10243.5,10285.6,10898,4,0.0,4.900000000000091,True,2026-05-20 04:00:00,4.0,2026-05-20,False,False
2026-05-20 07:00:00+00:00,10284.3,10358.1,10283.8,10343.1,9734,4,1.0,1.3000000000010914,True,2026-05-20 08:00:00,8.0,2026-05-20,True,False
2026-05-20 11:00:00+00:00,10342.3,10417.6,10336.6,10415.6,14494,4,1.0,1.3000000000010914,True,2026-05-20 12:00:00,12.0,2026-05-20,True,False
2026-05-20 15:00:00+00:00,10416.3,10469.8,10415.6,10459.6,13165,4,0.25,1.6000000000003638,True,2026-05-20 16:00:00,16.0,2026-05-20,True,False
2026-05-20 19:00:00+00:00,10460.1,10465.1,10407.5,10418.5,7755,3,0.0,4.533333333332848,True,2026-05-20 20:00:00,20.0,2026-05-20,False,False
2026-05-20 23:00:00+00:00,10418.8,10448.6,10415.2,10428.6,10942,4,0.0,6.0,True,2026-05-21 00:00:00,0.0,2026-05-21,False,False
2026-05-21 03:00:00+00:00,10428.3,10438.1,10382.8,10390.3,7016,4,0.0,4.900000000000091,True,2026-05-21 04:00:00,4.0,2026-05-21,False,False
2026-05-21 07:00:00+00:00,10389.8,10457.3,10363.6,10390.1,18144,4,1.0,1.300000000000182,True,2026-05-21 08:00:00,8.0,2026-05-21,True,False
2026-05-21 11:00:00+00:00,10389.8,10486.6,10381.8,10479.8,18650,4,1.0,1.3000000000006366,True,2026-05-21 12:00:00,12.0,2026-05-21,True,False
2026-05-21 15:00:00+00:00,10479.6,10537.6,10456.1,10513.6,17366,4,0.25,1.6000000000003638,True,2026-05-21 16:00:00,16.0,2026-05-21,True,False
2026-05-21 19:00:00+00:00,10513.8,10531.6,10505.3,10527.3,5178,3,0.0,4.533333333333455,True,2026-05-21 20:00:00,20.0,2026-05-21,False,False
2026-05-21 23:00:00+00:00,10527.4,10534.8,10508.0,10519.6,9988,4,0.0,6.0,True,2026-05-22 00:00:00,0.0,2026-05-22,False,False
2026-05-22 03:00:00+00:00,10519.2,10537.6,10502.1,10511.1,5956,4,0.0,4.900000000000091,True,2026-05-22 04:00:00,4.0,2026-05-22,False,False
2026-05-22 07:00:00+00:00,10510.8,10512.1,10474.6,10485.6,11615,4,1.0,1.3000000000010914,True,2026-05-22 08:00:00,8.0,2026-05-22,True,False
2026-05-22 11:00:00+00:00,10485.3,10509.8,10463.6,10482.1,14259,4,1.0,1.3000000000006366,True,2026-05-22 12:00:00,12.0,2026-05-22,True,False
2026-05-22 15:00:00+00:00,10482.3,10494.1,10453.6,10473.1,8821,4,0.25,1.6000000000003638,True,2026-05-22 16:00:00,16.0,2026-05-22,True,False
2026-05-22 19:00:00+00:00,10472.6,10473.8,10453.6,10457.3,1844,1,0.0,1.6000000000003638,True,2026-05-22 20:00:00,20.0,2026-05-22,False,False
2026-05-26 00:00:00+00:00,10519.8,10538.3,10500.3,10507.6,12193,3,0.0,6.0,True,2026-05-26 01:00:00,1.0,2026-05-26,False,False
2026-05-26 03:00:00+00:00,10507.4,10548.1,10495.3,10544.6,8300,4,0.0,4.900000000000091,True,2026-05-26 04:00:00,4.0,2026-05-26,False,False
2026-05-26 07:00:00+00:00,10544.1,10562.1,10529.1,10553.6,15416,4,1.0,1.3000000000006366,True,2026-05-26 08:00:00,8.0,2026-05-26,True,False
2026-05-26 11:00:00+00:00,10553.3,10572.3,10516.8,10523.1,14635,4,1.0,1.3000000000010914,True,2026-05-26 12:00:00,12.0,2026-05-26,True,False
2026-05-26 15:00:00+00:00,10523.6,10529.8,10494.1,10508.1,8162,4,0.25,1.6000000000003638,True,2026-05-26 16:00:00,16.0,2026-05-26,True,False
2026-05-26 19:00:00+00:00,10507.8,10521.3,10505.8,10514.2,2968,3,0.0,4.533333333333455,True,2026-05-26 20:00:00,20.0,2026-05-26,False,False
2026-05-26 23:00:00+00:00,10514.3,10529.2,10497.6,10501.5,7232,4,0.0,6.0,True,2026-05-27 00:00:00,0.0,2026-05-27,False,False
2026-05-27 03:00:00+00:00,10501.6,10512.8,10482.7,10499.3,4829,4,0.0,4.900000000000091,True,2026-05-27 04:00:00,4.0,2026-05-27,False,False
2026-05-27 07:00:00+00:00,10499.6,10534.3,10472.3,10523.1,9980,4,1.0,1.3000000000006366,True,2026-05-27 08:00:00,8.0,2026-05-27,True,False
2026-05-27 11:00:00+00:00,10523.6,10535.1,10472.1,10508.1,15393,4,1.0,1.3000000000006366,True,2026-05-27 12:00:00,12.0,2026-05-27,True,False
2026-05-27 15:00:00+00:00,10508.3,10524.8,10489.6,10504.6,7790,4,0.25,1.6000000000003638,True,2026-05-27 16:00:00,16.0,2026-05-27,True,False
2026-05-27 19:00:00+00:00,10504.3,10519.6,10497.3,10508.1,3172,3,0.0,4.533333333333455,True,2026-05-27 20:00:00,20.0,2026-05-27,False,False
2026-05-27 23:00:00+00:00,10508.0,10511.2,10444.5,10445.5,13338,4,0.0,6.0,True,2026-05-28 00:00:00,0.0,2026-05-28,False,False
2026-05-28 03:00:00+00:00,10445.6,10465.1,10408.5,10453.1,14564,4,0.0,4.900000000000091,True,2026-05-28 04:00:00,4.0,2026-05-28,False,False
2026-05-28 07:00:00+00:00,10452.8,10458.1,10400.8,10408.6,13866,4,1.0,1.3000000000010914,True,2026-05-28 08:00:00,8.0,2026-05-28,True,False
2026-05-28 11:00:00+00:00,10407.8,10466.8,10398.8,10435.6,17599,4,1.0,1.3000000000006366,True,2026-05-28 12:00:00,12.0,2026-05-28,True,False
2026-05-28 15:00:00+00:00,10436.3,10468.6,10424.6,10429.8,9323,4,0.25,1.6000000000003638,True,2026-05-28 16:00:00,16.0,2026-05-28,True,False
2026-05-28 19:00:00+00:00,10430.1,10434.6,10420.3,10427.8,2979,3,0.0,4.533333333333455,True,2026-05-28 20:00:00,20.0,2026-05-28,False,False
2026-05-28 23:00:00+00:00,10427.9,10443.8,10420.9,10434.1,9087,4,0.0,6.0,True,2026-05-29 00:00:00,0.0,2026-05-29,False,False
2026-05-29 03:00:00+00:00,10434.7,10462.6,10434.1,10454.3,6203,4,0.0,4.900000000000091,True,2026-05-29 04:00:00,4.0,2026-05-29,False,False
2026-05-29 07:00:00+00:00,10453.5,10478.8,10439.1,10471.6,10157,4,1.0,1.2999999999997272,True,2026-05-29 08:00:00,8.0,2026-05-29,True,False
2026-05-29 11:00:00+00:00,10471.8,10478.3,10427.8,10470.6,12207,4,1.0,1.3000000000006366,True,2026-05-29 12:00:00,12.0,2026-05-29,True,False
2026-05-29 15:00:00+00:00,10470.3,10480.6,10391.6,10394.1,11745,4,0.25,1.6000000000003638,True,2026-05-29 16:00:00,16.0,2026-05-29,True,False
2026-05-29 19:00:00+00:00,10394.3,10399.8,10386.0,10387.8,1468,1,0.0,1.6000000000003638,True,2026-05-29 20:00:00,20.0,2026-05-29,False,False
2026-05-31 22:00:00+00:00,10375.5,10394.3,10373.6,10392.8,1716,1,0.0,6.0,True,2026-05-31 23:00:00,23.0,2026-05-31,False,False
2026-05-31 23:00:00+00:00,10392.7,10427.5,10376.9,10418.3,6713,4,0.0,6.0,True,2026-06-01 00:00:00,0.0,2026-06-01,False,False
2026-06-01 03:00:00+00:00,10418.4,10420.6,10382.3,10386.8,4763,4,0.0,4.900000000000091,True,2026-06-01 04:00:00,4.0,2026-06-01,False,False
2026-06-01 07:00:00+00:00,10386.3,10416.1,10382.8,10405.6,9747,4,1.0,1.3000000000010914,True,2026-06-01 08:00:00,8.0,2026-06-01,True,False
2026-06-01 11:00:00+00:00,10405.1,10425.1,10303.8,10305.3,19512,4,1.0,1.3000000000006366,True,2026-06-01 12:00:00,12.0,2026-06-01,True,False
2026-06-01 15:00:00+00:00,10305.1,10377.6,10300.8,10361.1,10760,4,0.25,1.6000000000003638,True,2026-06-01 16:00:00,16.0,2026-06-01,True,False
2026-06-01 19:00:00+00:00,10361.3,10364.6,10320.6,10324.7,3804,3,0.0,4.533333333333455,True,2026-06-01 20:00:00,20.0,2026-06-01,False,False
2026-06-01 23:00:00+00:00,10324.9,10346.1,10313.4,10345.3,11782,4,0.0,6.0,True,2026-06-02 00:00:00,0.0,2026-06-02,False,False
2026-06-02 03:00:00+00:00,10345.1,10387.3,10338.2,10375.6,6340,4,0.0,4.900000000000091,True,2026-06-02 04:00:00,4.0,2026-06-02,False,False
2026-06-02 07:00:00+00:00,10374.8,10411.3,10367.3,10388.1,10548,4,1.0,1.3000000000006366,True,2026-06-02 08:00:00,8.0,2026-06-02,True,False
2026-06-02 11:00:00+00:00,10387.6,10393.8,10346.1,10386.6,11431,4,1.0,1.3000000000006366,True,2026-06-02 12:00:00,12.0,2026-06-02,True,False
2026-06-02 15:00:00+00:00,10386.1,10396.1,10361.6,10388.6,5878,4,0.25,1.6000000000003638,True,2026-06-02 16:00:00,16.0,2026-06-02,True,False
2026-06-02 19:00:00+00:00,10388.8,10403.2,10384.1,10393.1,2554,3,0.0,4.533333333332848,True,2026-06-02 20:00:00,20.0,2026-06-02,False,False
2026-06-02 23:00:00+00:00,10393.2,10405.1,10375.2,10384.1,8734,4,0.0,6.0,True,2026-06-03 00:00:00,0.0,2026-06-03,False,False
2026-06-03 03:00:00+00:00,10383.8,10395.3,10353.6,10363.6,4747,4,0.0,4.900000000000091,True,2026-06-03 04:00:00,4.0,2026-06-03,False,False
2026-06-03 07:00:00+00:00,10363.3,10396.1,10332.8,10353.8,13526,4,1.0,1.300000000000182,True,2026-06-03 08:00:00,8.0,2026-06-03,True,False
2026-06-03 11:00:00+00:00,10353.6,10381.3,10342.8,10351.8,12545,4,1.0,1.3000000000006366,True,2026-06-03 12:00:00,12.0,2026-06-03,True,False
2026-06-03 15:00:00+00:00,10352.1,10360.1,10328.8,10337.6,7729,4,0.25,1.6000000000003638,True,2026-06-03 16:00:00,16.0,2026-06-03,True,False
2026-06-03 19:00:00+00:00,10337.3,10337.3,10291.2,10303.3,6585,3,0.0,4.533333333333455,True,2026-06-03 20:00:00,20.0,2026-06-03,False,False
2026-06-03 23:00:00+00:00,10303.7,10325.5,10290.0,10310.3,17084,4,0.0,6.0,True,2026-06-04 00:00:00,0.0,2026-06-04,False,False
2026-06-04 03:00:00+00:00,10309.9,10317.1,10290.8,10315.1,8984,4,0.0,4.900000000000091,True,2026-06-04 04:00:00,4.0,2026-06-04,False,False
2026-06-04 07:00:00+00:00,10315.8,10374.1,10250.6,10257.6,16161,4,1.0,1.300000000000182,True,2026-06-04 08:00:00,8.0,2026-06-04,True,False
2026-06-04 11:00:00+00:00,10257.8,10368.1,10256.1,10350.3,16483,4,1.0,1.3000000000006366,True,2026-06-04 12:00:00,12.0,2026-06-04,True,False
2026-06-04 15:00:00+00:00,10349.8,10407.1,10349.6,10406.3,7367,4,0.25,1.6000000000003638,True,2026-06-04 16:00:00,16.0,2026-06-04,True,False
2026-06-04 19:00:00+00:00,10405.8,10413.1,10386.4,10393.6,3798,3,0.0,4.533333333333455,True,2026-06-04 20:00:00,20.0,2026-06-04,False,False
2026-06-04 23:00:00+00:00,10393.8,10394.6,10349.3,10364.3,13834,4,0.0,6.0,True,2026-06-05 00:00:00,0.0,2026-06-05,False,False
2026-06-05 03:00:00+00:00,10364.6,10409.3,10349.6,10395.6,11374,4,0.0,4.900000000000091,True,2026-06-05 04:00:00,4.0,2026-06-05,False,False
2026-06-05 07:00:00+00:00,10396.8,10425.8,10344.6,10411.6,13209,4,1.0,1.3000000000010914,True,2026-06-05 08:00:00,8.0,2026-06-05,True,False
2026-06-05 11:00:00+00:00,10411.1,10429.6,10386.1,10406.1,16581,4,1.0,1.3000000000010914,True,2026-06-05 12:00:00,12.0,2026-06-05,True,False
2026-06-05 15:00:00+00:00,10406.3,10412.1,10356.6,10358.1,12817,4,0.25,1.6000000000003638,True,2026-06-05 16:00:00,16.0,2026-06-05,True,False
2026-06-05 19:00:00+00:00,10357.6,10359.1,10327.1,10348.5,5816,1,0.0,1.5999999999985448,True,2026-06-05 20:00:00,20.0,2026-06-05,False,False
2026-06-07 22:00:00+00:00,10320.5,10343.5,10303.7,10315.5,5341,1,0.0,6.0,True,2026-06-07 23:00:00,23.0,2026-06-07,False,False
2026-06-07 23:00:00+00:00,10316.0,10380.5,10299.3,10376.0,30099,4,0.0,6.0,True,2026-06-08 00:00:00,0.0,2026-06-08,False,False
2026-06-08 03:00:00+00:00,10376.1,10377.8,10298.3,10319.1,22237,4,0.0,4.900000000000091,True,2026-06-08 04:00:00,4.0,2026-06-08,False,False
2026-06-08 07:00:00+00:00,10319.3,10411.5,10315.8,10380.3,24884,4,1.0,1.3000000000006366,True,2026-06-08 08:00:00,8.0,2026-06-08,True,False
2026-06-08 11:00:00+00:00,10380.1,10421.8,10348.1,10383.8,22150,4,1.0,1.3000000000006366,True,2026-06-08 12:00:00,12.0,2026-06-08,True,False
2026-06-08 15:00:00+00:00,10383.6,10392.1,10332.6,10362.6,14419,4,0.25,1.6000000000003638,True,2026-06-08 16:00:00,16.0,2026-06-08,True,False
2026-06-08 19:00:00+00:00,10362.8,10365.6,10333.3,10353.4,7791,3,0.0,4.533333333333455,True,2026-06-08 20:00:00,20.0,2026-06-08,False,False
2026-06-08 23:00:00+00:00,10353.5,10366.4,10332.0,10357.4,22538,4,0.0,6.0,True,2026-06-09 00:00:00,0.0,2026-06-09,False,False
2026-06-09 03:00:00+00:00,10357.3,10383.3,10355.8,10361.6,11576,4,0.0,4.900000000000091,True,2026-06-09 04:00:00,4.0,2026-06-09,False,False
2026-06-09 07:00:00+00:00,10362.1,10366.6,10321.1,10362.8,14808,4,1.0,1.300000000000182,True,2026-06-09 08:00:00,8.0,2026-06-09,True,False
2026-06-09 11:00:00+00:00,10363.1,10376.1,10275.1,10295.6,17706,4,1.0,1.3000000000010914,True,2026-06-09 12:00:00,12.0,2026-06-09,True,False
2026-06-09 15:00:00+00:00,10296.1,10302.1,10191.1,10300.6,34090,4,0.25,1.6000000000003638,True,2026-06-09 16:00:00,16.0,2026-06-09,True,False
2026-06-09 19:00:00+00:00,10300.3,10308.8,10274.6,10280.9,12483,3,0.0,4.533333333332848,True,2026-06-09 20:00:00,20.0,2026-06-09,False,False
2026-06-09 23:00:00+00:00,10281.1,10314.4,10270.0,10270.3,22169,4,0.0,6.0,True,2026-06-10 00:00:00,0.0,2026-06-10,False,False
2026-06-10 03:00:00+00:00,10270.6,10281.9,10228.3,10257.1,14868,4,0.0,4.900000000000091,True,2026-06-10 04:00:00,4.0,2026-06-10,False,False
2026-06-10 07:00:00+00:00,10256.6,10271.1,10169.1,10195.6,18468,4,1.0,1.3000000000006366,True,2026-06-10 08:00:00,8.0,2026-06-10,True,False
2026-06-10 11:00:00+00:00,10196.1,10273.3,10132.3,10261.1,25387,4,1.0,1.3000000000006366,True,2026-06-10 12:00:00,12.0,2026-06-10,True,False
2026-06-10 15:00:00+00:00,10261.3,10275.3,10215.6,10222.6,21284,4,0.25,1.6000000000003638,True,2026-06-10 16:00:00,16.0,2026-06-10,True,False
2026-06-10 19:00:00+00:00,10222.8,10225.6,10169.7,10170.3,11500,3,0.0,4.533333333333455,True,2026-06-10 20:00:00,20.0,2026-06-10,False,False
2026-06-10 23:00:00+00:00,10170.5,10220.7,10159.1,10183.8,28809,4,0.0,6.0,True,2026-06-11 00:00:00,0.0,2026-06-11,False,False
2026-06-11 03:00:00+00:00,10183.7,10246.6,10174.4,10244.1,15414,4,0.0,4.900000000000091,True,2026-06-11 04:00:00,4.0,2026-06-11,False,False
2026-06-11 07:00:00+00:00,10243.3,10355.8,10241.3,10340.6,15110,4,1.0,1.3000000000010914,True,2026-06-11 08:00:00,8.0,2026-06-11,True,False
2026-06-11 11:00:00+00:00,10341.1,10379.1,10294.1,10320.1,25548,4,1.0,1.3000000000010914,True,2026-06-11 12:00:00,12.0,2026-06-11,True,False
2026-06-11 15:00:00+00:00,10320.3,10402.8,10294.6,10387.1,28219,4,0.25,1.6000000000003638,True,2026-06-11 16:00:00,16.0,2026-06-11,True,False
2026-06-11 19:00:00+00:00,10387.8,10430.4,10386.8,10423.2,9984,3,0.0,4.533333333333455,True,2026-06-11 20:00:00,20.0,2026-06-11,False,False
2026-06-11 23:00:00+00:00,10423.4,10428.1,10388.0,10406.3,23300,4,0.0,6.0,True,2026-06-12 00:00:00,0.0,2026-06-12,False,False
2026-06-12 03:00:00+00:00,10406.1,10407.5,10372.6,10373.6,20421,4,0.0,4.900000000000091,True,2026-06-12 04:00:00,4.0,2026-06-12,False,False
2026-06-12 07:00:00+00:00,10375.3,10475.6,10372.8,10421.1,22914,4,1.0,1.3000000000010914,True,2026-06-12 08:00:00,8.0,2026-06-12,True,False
2026-06-12 11:00:00+00:00,10420.6,10473.1,10391.3,10469.6,22395,4,1.0,1.3000000000006366,True,2026-06-12 12:00:00,12.0,2026-06-12,True,False
2026-06-12 15:00:00+00:00,10470.1,10485.8,10450.1,10474.6,17683,4,0.25,1.6000000000003638,True,2026-06-12 16:00:00,16.0,2026-06-12,True,False
2026-06-12 19:00:00+00:00,10475.1,10490.1,10463.6,10473.0,2668,1,0.0,1.5999999999985448,True,2026-06-12 20:00:00,20.0,2026-06-12,False,False
2026-06-14 22:00:00+00:00,10539.5,10548.0,10533.8,10537.8,3914,1,0.0,6.0,True,2026-06-14 23:00:00,23.0,2026-06-14,False,False
2026-06-14 23:00:00+00:00,10538.0,10544.7,10500.0,10534.1,12666,4,0.0,6.0,True,2026-06-15 00:00:00,0.0,2026-06-15,False,False
2026-06-15 03:00:00+00:00,10533.9,10567.1,10532.6,10558.1,5863,4,0.0,4.900000000000091,True,2026-06-15 04:00:00,4.0,2026-06-15,False,False
2026-06-15 07:00:00+00:00,10559.8,10575.1,10478.3,10486.1,13771,4,1.0,1.3000000000010914,True,2026-06-15 08:00:00,8.0,2026-06-15,True,False
2026-06-15 11:00:00+00:00,10486.6,10492.3,10424.6,10439.1,13138,4,1.0,1.3000000000006366,True,2026-06-15 12:00:00,12.0,2026-06-15,True,False
2026-06-15 15:00:00+00:00,10439.6,10451.6,10405.1,10414.8,7213,4,0.25,1.6000000000003638,True,2026-06-15 16:00:00,16.0,2026-06-15,True,False
2026-06-15 19:00:00+00:00,10415.1,10422.8,10400.4,10405.1,4432,3,0.0,4.533333333333455,True,2026-06-15 20:00:00,20.0,2026-06-15,False,False
2026-06-15 23:00:00+00:00,10405.0,10433.6,10402.4,10419.3,11486,4,0.0,6.0,True,2026-06-16 00:00:00,0.0,2026-06-16,False,False
2026-06-16 03:00:00+00:00,10418.9,10450.6,10418.6,10447.6,7134,4,0.0,4.900000000000091,True,2026-06-16 04:00:00,4.0,2026-06-16,False,False
2026-06-16 07:00:00+00:00,10448.1,10510.6,10434.1,10496.1,10855,4,1.0,1.3000000000006366,True,2026-06-16 08:00:00,8.0,2026-06-16,True,False
2026-06-16 11:00:00+00:00,10495.6,10528.6,10484.1,10498.1,12352,4,1.0,1.3000000000006366,True,2026-06-16 12:00:00,12.0,2026-06-16,True,False
2026-06-16 15:00:00+00:00,10498.3,10512.3,10481.3,10481.3,8431,4,0.25,1.6000000000003638,True,2026-06-16 16:00:00,16.0,2026-06-16,True,False
2026-06-16 19:00:00+00:00,10481.1,10512.7,10461.7,10511.9,4261,3,0.0,4.533333333333455,True,2026-06-16 20:00:00,20.0,2026-06-16,False,False
2026-06-16 23:00:00+00:00,10511.7,10528.9,10495.2,10519.9,8005,4,0.0,6.0,True,2026-06-17 00:00:00,0.0,2026-06-17,False,False
2026-06-17 03:00:00+00:00,10519.8,10539.3,10512.7,10527.1,5341,4,0.0,4.900000000000091,True,2026-06-17 04:00:00,4.0,2026-06-17,False,False
2026-06-17 07:00:00+00:00,10526.8,10543.6,10502.8,10536.6,10100,4,1.0,1.300000000000182,True,2026-06-17 08:00:00,8.0,2026-06-17,True,False
2026-06-17 11:00:00+00:00,10535.6,10546.1,10512.1,10532.6,11795,4,1.0,1.3000000000006366,True,2026-06-17 12:00:00,12.0,2026-06-17,True,False
2026-06-17 15:00:00+00:00,10532.8,10557.8,10497.0,10524.6,23869,4,0.25,1.6000000000003638,True,2026-06-17 16:00:00,16.0,2026-06-17,True,False
2026-06-17 19:00:00+00:00,10524.8,10537.5,10478.0,10512.5,21941,3,0.0,4.533333333332848,True,2026-06-17 20:00:00,20.0,2026-06-17,False,False
2026-06-17 23:00:00+00:00,10512.7,10543.5,10483.7,10499.0,13894,4,0.0,6.0,True,2026-06-18 00:00:00,0.0,2026-06-18,False,False
2026-06-18 03:00:00+00:00,10499.1,10522.3,10488.1,10508.1,10796,4,0.0,4.900000000000091,True,2026-06-18 04:00:00,4.0,2026-06-18,False,False
2026-06-18 07:00:00+00:00,10507.8,10523.8,10431.3,10439.0,19904,4,1.0,1.300000000000182,True,2026-06-18 08:00:00,8.0,2026-06-18,True,False
2026-06-18 11:00:00+00:00,10438.5,10474.1,10420.6,10455.3,21438,4,1.0,1.300000000000182,True,2026-06-18 12:00:00,12.0,2026-06-18,True,False
2026-06-18 15:00:00+00:00,10455.6,10469.3,10434.6,10458.1,13974,4,0.25,1.6000000000003638,True,2026-06-18 16:00:00,16.0,2026-06-18,True,False
2026-06-18 19:00:00+00:00,10457.8,10469.6,10448.6,10451.9,5618,3,0.0,4.533333333333455,True,2026-06-18 20:00:00,20.0,2026-06-18,False,False
2026-06-18 23:00:00+00:00,10451.8,10458.7,10416.1,10423.0,7180,4,0.0,6.0,True,2026-06-19 00:00:00,0.0,2026-06-19,False,False
2026-06-19 03:00:00+00:00,10423.1,10435.1,10399.0,10429.6,8448,4,0.0,4.900000000000091,True,2026-06-19 04:00:00,4.0,2026-06-19,False,False
2026-06-19 07:00:00+00:00,10430.6,10463.6,10409.1,10419.6,10518,4,1.0,1.3000000000010914,True,2026-06-19 08:00:00,8.0,2026-06-19,True,False
2026-06-19 11:00:00+00:00,10418.8,10430.6,10394.5,10401.1,8781,4,1.0,1.3000000000010914,True,2026-06-19 12:00:00,12.0,2026-06-19,True,False
2026-06-19 15:00:00+00:00,10401.3,10425.1,10384.3,10400.6,4870,4,0.25,1.599999999999909,True,2026-06-19 16:00:00,16.0,2026-06-19,True,False
2026-06-19 19:00:00+00:00,10400.3,10405.0,10398.5,10400.5,490,1,0.0,1.5999999999985448,True,2026-06-19 20:00:00,20.0,2026-06-19,False,False
2026-06-21 22:00:00+00:00,10397.3,10399.6,10375.3,10379.6,2923,1,0.0,6.0,True,2026-06-21 23:00:00,23.0,2026-06-21,False,False
2026-06-21 23:00:00+00:00,10379.7,10419.2,10354.7,10394.8,16831,4,0.0,6.0,True,2026-06-22 00:00:00,0.0,2026-06-22,False,False
2026-06-22 03:00:00+00:00,10394.6,10437.6,10390.5,10421.3,8916,4,0.0,4.900000000000091,True,2026-06-22 04:00:00,4.0,2026-06-22,False,False
2026-06-22 07:00:00+00:00,10421.6,10436.1,10385.3,10431.6,11842,4,1.0,1.3000000000006366,True,2026-06-22 08:00:00,8.0,2026-06-22,True,False
2026-06-22 11:00:00+00:00,10432.1,10479.3,10431.6,10473.6,14019,4,1.0,1.3000000000006366,True,2026-06-22 12:00:00,12.0,2026-06-22,True,False
2026-06-22 15:00:00+00:00,10473.8,10488.8,10463.1,10464.1,7679,4,0.25,1.6000000000003638,True,2026-06-22 16:00:00,16.0,2026-06-22,True,False
2026-06-22 19:00:00+00:00,10464.6,10476.3,10453.8,10456.9,4403,3,0.0,4.533333333332848,True,2026-06-22 20:00:00,20.0,2026-06-22,False,False
2026-06-22 23:00:00+00:00,10456.7,10468.8,10408.9,10409.6,15598,4,0.0,6.0,True,2026-06-23 00:00:00,0.0,2026-06-23,False,False
2026-06-23 03:00:00+00:00,10410.1,10410.3,10359.1,10369.6,13348,4,0.0,4.900000000000091,True,2026-06-23 04:00:00,4.0,2026-06-23,False,False
2026-06-23 07:00:00+00:00,10368.8,10461.8,10368.8,10428.1,15397,4,1.0,1.3000000000010914,True,2026-06-23 08:00:00,8.0,2026-06-23,True,False
2026-06-23 11:00:00+00:00,10428.6,10500.1,10417.6,10495.8,15084,4,1.0,1.300000000000182,True,2026-06-23 12:00:00,12.0,2026-06-23,True,False
2026-06-23 15:00:00+00:00,10496.1,10511.1,10467.6,10485.1,8661,4,0.25,1.6000000000003638,True,2026-06-23 16:00:00,16.0,2026-06-23,True,False
2026-06-23 19:00:00+00:00,10484.8,10492.6,10460.9,10466.6,7317,3,0.0,4.533333333333455,True,2026-06-23 20:00:00,20.0,2026-06-23,False,False
2026-06-23 23:00:00+00:00,10466.8,10485.7,10435.5,10435.5,25612,4,0.0,6.0,True,2026-06-24 00:00:00,0.0,2026-06-24,False,False
2026-06-24 03:00:00+00:00,10435.8,10471.3,10413.4,10461.8,18403,4,0.0,4.900000000000091,True,2026-06-24 04:00:00,4.0,2026-06-24,False,False
2026-06-24 07:00:00+00:00,10462.6,10480.1,10439.8,10468.6,16955,4,1.0,1.3000000000010914,True,2026-06-24 08:00:00,8.0,2026-06-24,True,False
2026-06-24 11:00:00+00:00,10469.1,10507.8,10451.1,10492.6,18089,4,1.0,1.3000000000010914,True,2026-06-24 12:00:00,12.0,2026-06-24,True,False
2026-06-24 15:00:00+00:00,10492.1,10504.8,10454.3,10476.1,15094,4,0.25,1.6000000000003638,True,2026-06-24 16:00:00,16.0,2026-06-24,True,False
2026-06-24 19:00:00+00:00,10476.6,10507.8,10464.6,10494.3,12162,3,0.0,4.533333333333455,True,2026-06-24 20:00:00,20.0,2026-06-24,False,False
2026-06-24 23:00:00+00:00,10494.2,10508.4,10454.3,10466.3,18255,4,0.0,6.0,True,2026-06-25 00:00:00,0.0,2026-06-25,False,False
2026-06-25 03:00:00+00:00,10466.5,10476.1,10451.1,10469.3,8679,4,0.0,4.900000000000091,True,2026-06-25 04:00:00,4.0,2026-06-25,False,False
2026-06-25 07:00:00+00:00,10469.6,10544.8,10455.6,10539.6,11870,4,1.0,1.3000000000006366,True,2026-06-25 08:00:00,8.0,2026-06-25,True,False
2026-06-25 11:00:00+00:00,10539.3,10619.1,10539.1,10597.3,19681,4,1.0,1.3000000000006366,True,2026-06-25 12:00:00,12.0,2026-06-25,True,False
2026-06-25 15:00:00+00:00,10597.8,10599.6,10548.8,10559.1,15600,4,0.25,1.6000000000003638,True,2026-06-25 16:00:00,16.0,2026-06-25,True,False
2026-06-25 19:00:00+00:00,10558.8,10588.7,10553.4,10562.6,7555,3,0.0,4.533333333332848,True,2026-06-25 20:00:00,20.0,2026-06-25,False,False
2026-06-25 23:00:00+00:00,10562.5,10591.2,10481.3,10488.2,28902,4,0.0,6.0,True,2026-06-26 00:00:00,0.0,2026-06-26,False,False
2026-06-26 03:00:00+00:00,10488.7,10548.8,10468.3,10539.1,22636,4,0.0,4.900000000000091,True,2026-06-26 04:00:00,4.0,2026-06-26,False,False
2026-06-26 07:00:00+00:00,10538.6,10553.1,10480.3,10486.1,19423,4,1.0,1.3000000000010914,True,2026-06-26 08:00:00,8.0,2026-06-26,True,False
2026-06-26 11:00:00+00:00,10486.3,10537.6,10441.6,10534.1,21208,4,1.0,1.3000000000010914,True,2026-06-26 12:00:00,12.0,2026-06-26,True,False
2026-06-26 15:00:00+00:00,10534.6,10567.1,10520.1,10523.8,13237,4,0.25,1.6000000000003638,True,2026-06-26 16:00:00,16.0,2026-06-26,True,False
2026-06-26 19:00:00+00:00,10524.3,10527.8,10506.1,10517.0,3162,1,0.0,1.5999999999985448,True,2026-06-26 20:00:00,20.0,2026-06-26,False,False
2026-06-28 22:00:00+00:00,10529.0,10533.8,10518.3,10526.0,3368,1,0.0,6.0,True,2026-06-28 23:00:00,23.0,2026-06-28,False,False
2026-06-28 23:00:00+00:00,10525.9,10562.0,10524.5,10559.3,24223,4,0.0,6.0,True,2026-06-29 00:00:00,0.0,2026-06-29,False,False
2026-06-29 03:00:00+00:00,10559.8,10568.8,10540.1,10542.1,12719,4,0.0,4.900000000000091,True,2026-06-29 04:00:00,4.0,2026-06-29,False,False
2026-06-29 07:00:00+00:00,10542.6,10560.1,10508.3,10528.6,12993,4,1.0,1.3000000000010914,True,2026-06-29 08:00:00,8.0,2026-06-29,True,False
2026-06-29 11:00:00+00:00,10527.8,10552.3,10509.1,10515.1,13620,4,1.0,1.3000000000006366,True,2026-06-29 12:00:00,12.0,2026-06-29,True,False
2026-06-29 15:00:00+00:00,10514.8,10548.8,10504.6,10545.1,6948,4,0.25,1.6000000000003638,True,2026-06-29 16:00:00,16.0,2026-06-29,True,False
2026-06-29 19:00:00+00:00,10544.8,10553.1,10536.3,10546.5,4091,3,0.0,4.533333333333455,True,2026-06-29 20:00:00,20.0,2026-06-29,False,False
2026-06-29 23:00:00+00:00,10546.4,10550.5,10523.3,10530.3,13366,4,0.0,6.0,True,2026-06-30 00:00:00,0.0,2026-06-30,False,False
2026-06-30 03:00:00+00:00,10530.4,10551.1,10529.8,10544.3,6472,4,0.0,4.900000000000091,True,2026-06-30 04:00:00,4.0,2026-06-30,False,False
2026-06-30 07:00:00+00:00,10542.8,10640.8,10525.1,10631.1,12613,4,1.0,1.3000000000006366,True,2026-06-30 08:00:00,8.0,2026-06-30,True,False
2026-06-30 11:00:00+00:00,10630.3,10643.3,10528.3,10529.6,14476,4,1.0,1.3000000000010914,True,2026-06-30 12:00:00,12.0,2026-06-30,True,False
2026-06-30 15:00:00+00:00,10529.3,10557.8,10519.8,10546.6,7774,4,0.25,1.6000000000003638,True,2026-06-30 16:00:00,16.0,2026-06-30,True,False
2026-06-30 19:00:00+00:00,10546.3,10550.7,10531.8,10541.2,4067,3,0.0,4.533333333332848,True,2026-06-30 20:00:00,20.0,2026-06-30,False,False
2026-06-30 23:00:00+00:00,10541.3,10544.8,10481.0,10501.2,11095,4,0.0,6.0,True,2026-07-01 00:00:00,0.0,2026-07-01,False,False
2026-07-01 03:00:00+00:00,10501.6,10523.1,10499.8,10514.6,7904,4,0.0,4.900000000000091,True,2026-07-01 04:00:00,4.0,2026-07-01,False,False
2026-07-01 07:00:00+00:00,10515.1,10533.3,10465.1,10478.1,13927,4,1.0,1.3000000000010914,True,2026-07-01 08:00:00,8.0,2026-07-01,True,False
2026-07-01 11:00:00+00:00,10477.6,10495.8,10448.8,10466.8,18579,4,1.0,1.300000000000182,True,2026-07-01 12:00:00,12.0,2026-07-01,True,False
2026-07-01 15:00:00+00:00,10467.1,10525.1,10467.1,10498.8,9670,4,0.25,1.6000000000003638,True,2026-07-01 16:00:00,16.0,2026-07-01,True,False
2026-07-01 19:00:00+00:00,10499.1,10504.3,10480.8,10498.7,5103,3,0.0,4.533333333333455,True,2026-07-01 20:00:00,20.0,2026-07-01,False,False
2026-07-01 23:00:00+00:00,10498.8,10522.0,10473.8,10509.0,16213,4,0.0,6.0,True,2026-07-02 00:00:00,0.0,2026-07-02,False,False
2026-07-02 03:00:00+00:00,10509.3,10520.8,10464.6,10466.8,12148,4,0.0,4.900000000000091,True,2026-07-02 04:00:00,4.0,2026-07-02,False,False
2026-07-02 07:00:00+00:00,10466.3,10556.6,10457.6,10552.3,14087,4,1.0,1.3000000000006366,True,2026-07-02 08:00:00,8.0,2026-07-02,True,False
2026-07-02 11:00:00+00:00,10552.1,10710.1,10540.8,10710.1,21357,4,1.0,1.3000000000006366,True,2026-07-02 12:00:00,12.0,2026-07-02,True,False
2026-07-02 15:00:00+00:00,10710.3,10719.8,10643.6,10667.3,17329,4,0.25,1.6000000000003638,True,2026-07-02 16:00:00,16.0,2026-07-02,True,False
2026-07-02 19:00:00+00:00,10667.8,10707.5,10651.8,10706.5,5510,3,0.0,4.533333333333455,True,2026-07-02 20:00:00,20.0,2026-07-02,False,False
2026-07-02 23:00:00+00:00,10706.3,10725.3,10683.8,10718.0,16038,4,0.0,6.0,True,2026-07-03 00:00:00,0.0,2026-07-03,False,False
2026-07-03 03:00:00+00:00,10717.9,10730.5,10700.3,10721.1,6620,4,0.0,4.900000000000091,True,2026-07-03 04:00:00,4.0,2026-07-03,False,False
2026-07-03 07:00:00+00:00,10720.6,10723.8,10622.1,10639.3,11559,4,1.0,1.300000000000182,True,2026-07-03 08:00:00,8.0,2026-07-03,True,False
2026-07-03 11:00:00+00:00,10639.6,10700.8,10621.8,10695.8,6538,4,1.0,1.2999999999997272,True,2026-07-03 12:00:00,12.0,2026-07-03,True,False
2026-07-03 15:00:00+00:00,10696.1,10703.1,10671.3,10672.1,3321,4,0.25,1.6000000000003638,True,2026-07-03 16:00:00,16.0,2026-07-03,True,False
2026-07-03 19:00:00+00:00,10671.8,10674.1,10654.8,10656.0,794,1,0.0,1.5999999999985448,True,2026-07-03 20:00:00,20.0,2026-07-03,False,False
2026-07-05 22:00:00+00:00,10669.5,10682.4,10667.0,10677.2,2052,1,0.0,6.0,True,2026-07-05 23:00:00,23.0,2026-07-05,False,False
2026-07-05 23:00:00+00:00,10677.3,10698.0,10662.4,10686.3,15099,4,0.0,6.0,True,2026-07-06 00:00:00,0.0,2026-07-06,False,False
2026-07-06 03:00:00+00:00,10686.0,10701.6,10673.4,10699.1,8441,4,0.0,4.900000000000091,True,2026-07-06 04:00:00,4.0,2026-07-06,False,False
2026-07-06 07:00:00+00:00,10699.3,10754.1,10672.3,10672.6,10244,4,1.0,1.3000000000010914,True,2026-07-06 08:00:00,8.0,2026-07-06,True,False
2026-07-06 11:00:00+00:00,10673.1,10679.3,10635.3,10655.8,11707,4,1.0,1.300000000000182,True,2026-07-06 12:00:00,12.0,2026-07-06,True,False
2026-07-06 15:00:00+00:00,10656.1,10683.6,10647.8,10678.6,6145,4,0.25,1.6000000000003638,True,2026-07-06 16:00:00,16.0,2026-07-06,True,False
2026-07-06 19:00:00+00:00,10678.8,10697.6,10672.1,10691.0,3222,3,0.0,4.533333333333455,True,2026-07-06 20:00:00,20.0,2026-07-06,False,False
2026-07-06 23:00:00+00:00,10690.7,10700.9,10673.3,10679.0,12649,4,0.0,6.0,True,2026-07-07 00:00:00,0.0,2026-07-07,False,False
2026-07-07 03:00:00+00:00,10679.1,10689.1,10657.8,10684.1,9498,4,0.0,4.900000000000091,True,2026-07-07 04:00:00,4.0,2026-07-07,False,False
2026-07-07 07:00:00+00:00,10683.8,10742.6,10665.1,10688.1,13727,4,1.0,1.3000000000006366,True,2026-07-07 08:00:00,8.0,2026-07-07,True,False
2026-07-07 11:00:00+00:00,10688.6,10765.6,10687.1,10713.1,17560,4,1.0,1.300000000000182,True,2026-07-07 12:00:00,12.0,2026-07-07,True,False
2026-07-07 15:00:00+00:00,10713.3,10713.8,10673.1,10682.6,9864,4,0.25,1.6000000000003638,True,2026-07-07 16:00:00,16.0,2026-07-07,True,False
2026-07-07 19:00:00+00:00,10682.8,10687.1,10666.6,10672.1,5761,3,0.0,4.533333333333455,True,2026-07-07 20:00:00,20.0,2026-07-07,False,False
2026-07-07 23:00:00+00:00,10671.9,10694.1,10640.9,10677.3,20128,4,0.0,6.0,True,2026-07-08 00:00:00,0.0,2026-07-08,False,False
2026-07-08 03:00:00+00:00,10677.6,10699.1,10649.3,10659.1,12382,4,0.0,4.900000000000091,True,2026-07-08 04:00:00,4.0,2026-07-08,False,False
2026-07-08 07:00:00+00:00,10656.5,10661.6,10492.1,10529.1,37038,4,1.0,1.3000000000010914,True,2026-07-08 08:00:00,8.0,2026-07-08,True,False
2026-07-08 11:00:00+00:00,10528.1,10593.6,10512.6,10514.6,26845,4,1.0,1.3000000000006366,True,2026-07-08 12:00:00,12.0,2026-07-08,True,False
2026-07-08 15:00:00+00:00,10515.1,10518.1,10479.1,10505.1,17603,4,0.25,1.6000000000003638,True,2026-07-08 16:00:00,16.0,2026-07-08,True,False
2026-07-08 19:00:00+00:00,10505.3,10522.8,10496.3,10506.9,6293,3,0.0,4.533333333332848,True,2026-07-08 20:00:00,20.0,2026-07-08,False,False
2026-07-08 23:00:00+00:00,10506.8,10541.7,10501.7,10512.9,14941,4,0.0,6.0,True,2026-07-09 00:00:00,0.0,2026-07-09,False,False
2026-07-09 03:00:00+00:00,10513.1,10543.1,10468.1,10468.1,10744,4,0.0,4.900000000000091,True,2026-07-09 04:00:00,4.0,2026-07-09,False,False
2026-07-09 07:00:00+00:00,10468.8,10492.3,10409.1,10423.3,19769,4,1.0,1.2999999999997272,True,2026-07-09 08:00:00,8.0,2026-07-09,True,False
2026-07-09 11:00:00+00:00,10423.6,10493.8,10418.1,10491.1,16530,4,1.0,1.3000000000010914,True,2026-07-09 12:00:00,12.0,2026-07-09,True,False
2026-07-09 15:00:00+00:00,10490.8,10503.8,10475.1,10484.1,6794,4,0.25,1.6000000000003638,True,2026-07-09 16:00:00,16.0,2026-07-09,True,False
2026-07-09 19:00:00+00:00,10483.8,10488.1,10476.6,10480.3,3034,3,0.0,4.533333333333455,True,2026-07-09 20:00:00,20.0,2026-07-09,False,False
2026-07-09 23:00:00+00:00,10480.4,10498.0,10466.6,10496.1,11136,4,0.0,6.0,True,2026-07-10 00:00:00,0.0,2026-07-10,False,False
2026-07-10 03:00:00+00:00,10496.3,10526.1,10488.1,10517.6,6742,4,0.0,4.900000000000091,True,2026-07-10 04:00:00,4.0,2026-07-10,False,False
2026-07-10 07:00:00+00:00,10518.1,10522.1,10479.1,10492.1,14085,4,1.0,1.3000000000006366,True,2026-07-10 08:00:00,8.0,2026-07-10,True,False
2026-07-10 11:00:00+00:00,10491.1,10532.3,10478.5,10513.1,16216,4,1.0,1.2999999999997272,True,2026-07-10 12:00:00,12.0,2026-07-10,True,False
2026-07-10 15:00:00+00:00,10512.6,10564.8,10500.8,10562.1,7186,4,0.25,1.6000000000003638,True,2026-07-10 16:00:00,16.0,2026-07-10,True,False
2026-07-10 19:00:00+00:00,10561.8,10564.1,10545.1,10545.1,1056,1,0.0,1.6000000000003638,True,2026-07-10 20:00:00,20.0,2026-07-10,False,False
2026-07-12 22:00:00+00:00,10527.3,10527.6,10517.0,10525.6,2239,1,0.0,6.0,True,2026-07-12 23:00:00,23.0,2026-07-12,False,False
2026-07-12 23:00:00+00:00,10525.5,10536.0,10494.8,10494.8,14763,4,0.0,6.0,True,2026-07-13 00:00:00,0.0,2026-07-13,False,False
2026-07-13 03:00:00+00:00,10494.9,10517.8,10466.8,10511.6,8918,4,0.0,4.900000000000091,True,2026-07-13 04:00:00,4.0,2026-07-13,False,False
2026-07-13 07:00:00+00:00,10512.1,10549.6,10484.1,10495.6,13704,4,1.0,1.3000000000006366,True,2026-07-13 08:00:00,8.0,2026-07-13,True,False
2026-07-13 11:00:00+00:00,10495.8,10537.1,10478.8,10520.3,16073,4,1.0,1.3000000000006366,True,2026-07-13 12:00:00,12.0,2026-07-13,True,False
2026-07-13 15:00:00+00:00,10520.6,10522.3,10485.6,10512.3,11447,4,0.25,1.6000000000003638,True,2026-07-13 16:00:00,16.0,2026-07-13,True,False
2026-07-13 19:00:00+00:00,10512.8,10517.6,10504.1,10505.5,4709,3,0.0,4.533333333333455,True,2026-07-13 20:00:00,20.0,2026-07-13,False,False
2026-07-13 23:00:00+00:00,10505.4,10515.7,10442.1,10464.5,23255,4,0.0,6.0,True,2026-07-14 00:00:00,0.0,2026-07-14,False,False
2026-07-14 03:00:00+00:00,10464.8,10522.6,10449.6,10481.6,12723,4,0.0,4.900000000000091,True,2026-07-14 04:00:00,4.0,2026-07-14,False,False
2026-07-14 07:00:00+00:00,10482.6,10510.3,10433.3,10469.6,21162,4,1.0,1.3000000000010914,True,2026-07-14 08:00:00,8.0,2026-07-14,True,False
2026-07-14 11:00:00+00:00,10469.8,10568.8,10459.8,10534.1,22560,4,1.0,1.3000000000006366,True,2026-07-14 12:00:00,12.0,2026-07-14,True,False
2026-07-14 15:00:00+00:00,10534.3,10544.3,10502.8,10504.6,10394,4,0.25,1.6000000000003638,True,2026-07-14 16:00:00,16.0,2026-07-14,True,False
2026-07-14 19:00:00+00:00,10504.3,10507.6,10489.2,10495.3,3662,3,0.0,4.533333333333455,True,2026-07-14 20:00:00,20.0,2026-07-14,False,False
2026-07-14 23:00:00+00:00,10495.2,10513.3,10492.3,10505.7,10669,4,0.0,6.0,True,2026-07-15 00:00:00,0.0,2026-07-15,False,False
2026-07-15 03:00:00+00:00,10506.1,10511.1,10479.3,10481.6,7208,4,0.0,4.900000000000091,True,2026-07-15 04:00:00,4.0,2026-07-15,False,False
2026-07-15 07:00:00+00:00,10479.3,10531.3,10451.3,10507.1,16033,4,1.0,1.300000000000182,True,2026-07-15 08:00:00,8.0,2026-07-15,True,False
2026-07-15 11:00:00+00:00,10508.1,10556.6,10503.1,10532.6,16131,4,1.0,1.300000000000182,True,2026-07-15 12:00:00,12.0,2026-07-15,True,False
2026-07-15 15:00:00+00:00,10532.8,10538.1,10469.6,10499.3,9868,4,0.25,1.6000000000003638,True,2026-07-15 16:00:00,16.0,2026-07-15,True,False
2026-07-15 19:00:00+00:00,10499.8,10506.6,10487.1,10496.1,3412,3,0.0,4.533333333333455,True,2026-07-15 20:00:00,20.0,2026-07-15,False,False
2026-07-15 23:00:00+00:00,10495.9,10501.7,10463.9,10482.3,10506,4,0.0,6.0,True,2026-07-16 00:00:00,0.0,2026-07-16,False,False
2026-07-16 03:00:00+00:00,10482.5,10498.8,10445.8,10472.8,6814,4,0.0,4.900000000000091,True,2026-07-16 04:00:00,4.0,2026-07-16,False,False
2026-07-16 07:00:00+00:00,10472.6,10503.6,10448.8,10491.6,16764,4,1.0,1.300000000000182,True,2026-07-16 08:00:00,8.0,2026-07-16,True,False
2026-07-16 11:00:00+00:00,10491.8,10538.1,10454.8,10531.6,18226,4,1.0,1.3000000000006366,True,2026-07-16 12:00:00,12.0,2026-07-16,True,False
2026-07-16 15:00:00+00:00,10531.1,10596.1,10530.1,10576.8,9729,4,0.25,1.6000000000003638,True,2026-07-16 16:00:00,16.0,2026-07-16,True,False
2026-07-16 19:00:00+00:00,10576.6,10584.1,10561.3,10569.5,4952,3,0.0,4.533333333333455,True,2026-07-16 20:00:00,20.0,2026-07-16,False,False
2026-07-16 23:00:00+00:00,10569.7,10570.5,10525.9,10533.6,16164,4,0.0,6.0,True,2026-07-17 00:00:00,0.0,2026-07-17,False,False
2026-07-17 03:00:00+00:00,10533.8,10555.6,10505.2,10552.1,13259,4,0.0,4.900000000000091,True,2026-07-17 04:00:00,4.0,2026-07-17,False,False
2026-07-17 07:00:00+00:00,10552.6,10633.8,10547.6,10563.1,25834,4,1.0,1.3000000000006366,True,2026-07-17 08:00:00,8.0,2026-07-17,True,False
2026-07-17 11:00:00+00:00,10562.3,10605.6,10532.6,10585.6,22121,4,1.0,1.2999999999997272,True,2026-07-17 12:00:00,12.0,2026-07-17,True,False
2026-07-17 15:00:00+00:00,10586.1,10612.3,10547.1,10555.8,12834,4,0.25,1.6000000000003638,True,2026-07-17 16:00:00,16.0,2026-07-17,True,False
2026-07-17 19:00:00+00:00,10556.1,10593.8,10539.3,10582.8,3328,1,0.0,1.6000000000003638,True,2026-07-17 20:00:00,20.0,2026-07-17,False,False
2026-07-19 22:00:00+00:00,10584.2,10587.8,10579.8,10580.9,799,1,0.0,6.0,True,2026-07-19 23:00:00,23.0,2026-07-19,False,False
2026-07-19 23:00:00+00:00,10581.0,10591.4,10555.7,10571.3,19232,4,0.0,6.0,True,2026-07-20 00:00:00,0.0,2026-07-20,False,False
2026-07-20 03:00:00+00:00,10570.5,10590.5,10546.1,10553.1,12077,4,0.0,4.900000000000091,True,2026-07-20 04:00:00,4.0,2026-07-20,False,False
2026-07-20 07:00:00+00:00,10553.3,10583.1,10525.8,10555.6,16804,4,1.0,1.3000000000010914,True,2026-07-20 08:00:00,8.0,2026-07-20,True,False
2026-07-20 11:00:00+00:00,10555.1,10603.1,10518.3,10534.8,20108,4,1.0,1.3000000000006366,True,2026-07-20 12:00:00,12.0,2026-07-20,True,False
2026-07-20 15:00:00+00:00,10534.6,10549.6,10468.6,10472.3,12381,4,0.25,1.6000000000003638,True,2026-07-20 16:00:00,16.0,2026-07-20,True,False
2026-07-20 19:00:00+00:00,10472.1,10479.6,10455.3,10458.8,5365,3,0.0,4.533333333333455,True,2026-07-20 20:00:00,20.0,2026-07-20,False,False
2026-07-20 23:00:00+00:00,10459.2,10484.4,10447.2,10480.8,12648,4,0.0,6.0,True,2026-07-21 00:00:00,0.0,2026-07-21,False,False
2026-07-21 03:00:00+00:00,10481.0,10495.1,10471.1,10491.8,5757,4,0.0,4.900000000000091,True,2026-07-21 04:00:00,4.0,2026-07-21,False,False
2026-07-21 07:00:00+00:00,10492.3,10569.1,10482.3,10550.1,15602,4,1.0,1.300000000000182,True,2026-07-21 08:00:00,8.0,2026-07-21,True,False
2026-07-21 11:00:00+00:00,10548.6,10576.8,10510.3,10567.6,15154,4,1.0,1.3000000000006366,True,2026-07-21 12:00:00,12.0,2026-07-21,True,False
2026-07-21 15:00:00+00:00,10567.8,10615.6,10558.8,10613.3,6661,4,0.25,1.6000000000003638,True,2026-07-21 16:00:00,16.0,2026-07-21,True,False
2026-07-21 19:00:00+00:00,10613.8,10613.8,10598.1,10602.6,2811,3,0.0,4.533333333333455,True,2026-07-21 20:00:00,20.0,2026-07-21,False,False
2026-07-21 23:00:00+00:00,10602.3,10624.8,10597.0,10616.3,9707,4,0.0,6.0,True,2026-07-22 00:00:00,0.0,2026-07-22,False,False
2026-07-22 03:00:00+00:00,10616.1,10619.1,10589.3,10598.6,8426,4,0.0,4.900000000000091,True,2026-07-22 04:00:00,4.0,2026-07-22,False,False
2026-07-22 07:00:00+00:00,10599.1,10739.8,10568.1,10717.6,23623,4,1.0,1.3000000000006366,True,2026-07-22 08:00:00,8.0,2026-07-22,True,False
2026-07-22 11:00:00+00:00,10718.1,10770.1,10695.1,10748.1,21467,4,1.0,1.3000000000010914,True,2026-07-22 12:00:00,12.0,2026-07-22,True,False
2026-07-22 15:00:00+00:00,10748.3,10751.6,10717.8,10735.6,8780,4,0.25,1.6000000000003638,True,2026-07-22 16:00:00,16.0,2026-07-22,True,False
2026-07-22 19:00:00+00:00,10736.1,10736.6,10700.0,10706.4,6941,3,0.0,4.533333333333455,True,2026-07-22 20:00:00,20.0,2026-07-22,False,False
2026-07-22 23:00:00+00:00,10706.6,10735.3,10701.2,10721.2,11244,4,0.0,6.0,True,2026-07-23 00:00:00,0.0,2026-07-23,False,False
2026-07-23 03:00:00+00:00,10721.0,10727.8,10696.8,10716.1,9506,4,0.0,4.900000000000091,True,2026-07-23 04:00:00,4.0,2026-07-23,False,False
2026-07-23 07:00:00+00:00,10717.1,10721.8,10654.3,10709.1,22158,4,1.0,1.3000000000006366,True,2026-07-23 08:00:00,8.0,2026-07-23,True,False
2026-07-23 11:00:00+00:00,10708.8,10712.8,10609.3,10649.8,25345,4,1.0,1.300000000000182,True,2026-07-23 12:00:00,12.0,2026-07-23,True,False
2026-07-23 15:00:00+00:00,10649.6,10655.6,10597.1,10599.1,12793,4,0.25,1.6000000000003638,True,2026-07-23 16:00:00,16.0,2026-07-23,True,False
2026-07-23 19:00:00+00:00,10599.3,10626.1,10593.1,10621.4,6225,3,0.0,4.533333333333455,True,2026-07-23 20:00:00,20.0,2026-07-23,False,False
2026-07-23 23:00:00+00:00,10621.5,10625.0,10591.5,10591.7,15258,4,0.0,6.0,True,2026-07-24 00:00:00,0.0,2026-07-24,False,False
2026-07-24 03:00:00+00:00,10591.8,10619.3,10577.1,10593.1,10713,4,0.0,4.900000000000091,True,2026-07-24 04:00:00,4.0,2026-07-24,False,False
2026-07-24 07:00:00+00:00,10592.3,10699.1,10591.3,10669.1,16969,4,1.0,1.3000000000006366,True,2026-07-24 08:00:00,8.0,2026-07-24,True,False
2026-07-24 11:00:00+00:00,10668.8,10719.3,10641.6,10710.6,16436,4,1.0,1.3000000000010914,True,2026-07-24 12:00:00,12.0,2026-07-24,True,False
2026-07-24 15:00:00+00:00,10711.1,10748.3,10707.1,10724.6,11923,4,0.25,1.6000000000003638,True,2026-07-24 16:00:00,16.0,2026-07-24,True,False
2026-07-24 19:00:00+00:00,10725.1,10727.8,10713.1,10723.8,2582,1,0.0,1.6000000000003638,True,2026-07-24 20:00:00,20.0,2026-07-24,False,False
2026-07-26 22:00:00+00:00,10773.8,10781.8,10773.1,10775.7,1972,1,0.0,6.0,True,2026-07-26 23:00:00,23.0,2026-07-26,False,False
2026-07-26 23:00:00+00:00,10776.0,10794.5,10730.2,10753.5,17006,4,0.0,6.0,True,2026-07-27 00:00:00,0.0,2026-07-27,False,False
2026-07-27 03:00:00+00:00,10753.7,10833.1,10748.9,10810.0,9239,4,0.0,4.899999999999636,True,2026-07-27 04:00:00,4.0,2026-07-27,False,False
2026-07-27 07:00:00+00:00,10809.6,10821.1,10753.3,10802.1,18205,4,1.0,1.300000000000182,True,2026-07-27 08:00:00,8.0,2026-07-27,True,False
2026-07-27 11:00:00+00:00,10802.3,10822.6,10771.6,10821.1,19395,4,1.0,1.3000000000010914,True,2026-07-27 12:00:00,12.0,2026-07-27,True,False
2026-07-27 15:00:00+00:00,10821.3,10821.3,10759.6,10786.6,13671,4,0.25,1.6000000000003638,True,2026-07-27 16:00:00,16.0,2026-07-27,True,False
2026-07-27 19:00:00+00:00,10786.3,10801.1,10781.6,10789.1,3887,3,0.0,4.533333333333455,True,2026-07-27 20:00:00,20.0,2026-07-27,False,False
2026-07-27 23:00:00+00:00,10789.2,10795.2,10760.1,10765.8,13003,4,0.0,6.0,True,2026-07-28 00:00:00,0.0,2026-07-28,False,False
2026-07-28 03:00:00+00:00,10766.0,10831.1,10759.0,10800.8,9334,4,0.0,4.900000000000091,True,2026-07-28 04:00:00,4.0,2026-07-28,False,False
2026-07-28 07:00:00+00:00,10800.3,10856.6,10767.8,10836.6,17850,4,1.0,1.3000000000006366,True,2026-07-28 08:00:00,8.0,2026-07-28,True,False
2026-07-28 11:00:00+00:00,10836.8,10883.8,10798.8,10861.8,18746,4,1.0,1.300000000000182,True,2026-07-28 12:00:00,12.0,2026-07-28,True,False
2026-07-28 15:00:00+00:00,10862.1,10916.6,10853.6,10899.8,9254,4,0.25,1.6000000000003638,True,2026-07-28 16:00:00,16.0,2026-07-28,True,False
2026-07-28 19:00:00+00:00,10899.6,10911.1,10880.4,10882.7,6118,3,0.0,4.533333333333455,True,2026-07-28 20:00:00,20.0,2026-07-28,False,False
2026-07-28 23:00:00+00:00,10882.9,10928.4,10858.7,10870.4,22521,4,0.0,6.0,True,2026-07-29 00:00:00,0.0,2026-07-29,False,False
2026-07-29 03:00:00+00:00,10870.1,10910.6,10831.4,10899.8,14445,4,0.0,4.900000000000091,True,2026-07-29 04:00:00,4.0,2026-07-29,False,False
2026-07-29 07:00:00+00:00,10899.6,10949.3,10858.8,10886.6,22130,4,1.0,1.3000000000006366,True,2026-07-29 08:00:00,8.0,2026-07-29,True,False
2026-07-29 11:00:00+00:00,10886.8,10908.6,10867.8,10873.8,22742,4,1.0,1.3000000000006366,True,2026-07-29 12:00:00,12.0,2026-07-29,True,False
2026-07-29 15:00:00+00:00,10874.1,10920.8,10867.1,10913.1,18709,4,0.25,1.6000000000003638,True,2026-07-29 16:00:00,16.0,2026-07-29,True,False
2026-07-29 19:00:00+00:00,10912.8,10916.3,10804.0,10844.9,18015,3,0.0,4.533333333332848,True,2026-07-29 20:00:00,20.0,2026-07-29,False,False
2026-07-29 23:00:00+00:00,10845.1,10860.4,10826.0,10828.8,18948,4,0.0,6.0,True,2026-07-30 00:00:00,0.0,2026-07-30,False,False
2026-07-30 03:00:00+00:00,10829.3,10876.8,10785.1,10870.3,15860,4,0.0,4.900000000000091,True,2026-07-30 04:00:00,4.0,2026-07-30,False,False
2026-07-30 07:00:00+00:00,10870.5,10971.6,10839.0,10904.8,28005,4,1.0,1.2999999999997272,True,2026-07-30 08:00:00,8.0,2026-07-30,True,False
2026-07-30 11:00:00+00:00,10905.3,10969.1,10892.6,10919.6,24395,4,1.0,1.3000000000010914,True,2026-07-30 12:00:00,12.0,2026-07-30,True,False
2026-07-30 15:00:00+00:00,10920.1,10928.1,10875.3,10915.6,10999,4,0.25,1.6000000000003638,True,2026-07-30 16:00:00,16.0,2026-07-30,True,False
2026-07-30 19:00:00+00:00,10915.8,10951.0,10915.8,10941.6,7540,3,0.0,4.533333333332848,True,2026-07-30 20:00:00,20.0,2026-07-30,False,False
2026-07-30 23:00:00+00:00,10941.7,10948.8,10912.4,10931.6,9070,4,0.0,6.0,True,2026-07-31 00:00:00,0.0,2026-07-31,False,False
2026-07-31 03:00:00+00:00,10931.5,10947.5,10884.8,10884.8,6406,4,0.0,4.900000000000091,True,2026-07-31 04:00:00,4.0,2026-07-31,False,False
2026-07-31 07:00:00+00:00,10885.3,10981.6,10868.8,10921.6,18838,4,1.0,1.3000000000006366,True,2026-07-31 08:00:00,8.0,2026-07-31,True,False
2026-07-31 11:00:00+00:00,10921.8,10927.8,10818.1,10876.8,20251,4,1.0,1.2999999999997272,True,2026-07-31 12:00:00,12.0,2026-07-31,True,False
2026-07-31 15:00:00+00:00,10877.1,10880.8,10845.6,10860.1,11181,4,0.25,1.6000000000003638,True,2026-07-31 16:00:00,16.0,2026-07-31,True,False
2026-07-31 19:00:00+00:00,10860.3,10879.8,10854.6,10861.3,2167,1,0.0,1.6000000000003638,True,2026-07-31 20:00:00,20.0,2026-07-31,False,False
2026-08-02 22:00:00+00:00,10895.1,10903.2,10887.5,10888.8,2339,1,0.0,6.0,True,2026-08-02 23:00:00,23.0,2026-08-02,False,False
2026-08-02 23:00:00+00:00,10888.6,10906.2,10869.5,10897.9,9057,4,0.0,6.0,True,2026-08-03 00:00:00,0.0,2026-08-03,False,False
2026-08-03 03:00:00+00:00,10898.1,10913.2,10851.6,10855.6,3633,4,0.0,4.900000000000091,True,2026-08-03 04:00:00,4.0,2026-08-03,False,False
2026-08-03 07:00:00+00:00,10857.3,10877.6,10827.3,10857.1,18743,4,1.0,1.3000000000010914,True,2026-08-03 08:00:00,8.0,2026-08-03,True,False
2026-08-03 11:00:00+00:00,10856.8,10892.1,10823.3,10832.3,18771,4,1.0,1.300000000000182,True,2026-08-03 12:00:00,12.0,2026-08-03,True,False
2026-08-03 15:00:00+00:00,10832.6,10868.1,10825.1,10850.6,9053,4,0.25,1.6000000000003638,True,2026-08-03 16:00:00,16.0,2026-08-03,True,False
2026-08-03 19:00:00+00:00,10851.1,10870.4,10850.8,10869.0,2939,3,0.0,4.533333333333455,True,2026-08-03 20:00:00,20.0,2026-08-03,False,False
2026-08-03 23:00:00+00:00,10869.1,10882.1,10857.2,10875.0,9540,4,0.0,6.0,True,2026-08-04 00:00:00,0.0,2026-08-04,False,False
2026-08-04 03:00:00+00:00,10874.7,10889.1,10863.6,10874.6,6427,4,0.0,4.900000000000091,True,2026-08-04 04:00:00,4.0,2026-08-04,False,False
2026-08-04 07:00:00+00:00,10874.3,10922.1,10859.1,10883.3,18753,4,1.0,1.3000000000006366,True,2026-08-04 08:00:00,8.0,2026-08-04,True,False
2026-08-04 11:00:00+00:00,10883.6,10911.3,10866.1,10893.6,19787,4,1.0,1.3000000000006366,True,2026-08-04 12:00:00,12.0,2026-08-04,True,False
2026-08-04 15:00:00+00:00,10893.8,10906.6,10869.6,10900.1,8966,4,0.25,1.6000000000003638,True,2026-08-04 16:00:00,16.0,2026-08-04,True,False
2026-08-04 19:00:00+00:00,10899.8,10906.1,10885.6,10903.3,6251,3,0.0,4.533333333333455,True,2026-08-04 20:00:00,20.0,2026-08-04,False,False
2026-08-04 23:00:00+00:00,10903.9,10920.0,10892.8,10911.0,7107,4,0.0,6.0,True,2026-08-05 00:00:00,0.0,2026-08-05,False,False
2026-08-05 03:00:00+00:00,10910.9,10924.4,10897.6,10899.1,4168,4,0.0,4.900000000000091,True,2026-08-05 04:00:00,4.0,2026-08-05,False,False
2026-08-05 07:00:00+00:00,10899.3,10933.1,10829.3,10839.8,17131,4,1.0,1.300000000000182,True,2026-08-05 08:00:00,8.0,2026-08-05,True,False
2026-08-05 11:00:00+00:00,10841.1,10942.1,10826.6,10895.3,21821,4,1.0,1.300000000000182,True,2026-08-05 12:00:00,12.0,2026-08-05,True,False
2026-08-05 15:00:00+00:00,10895.6,10905.6,10875.6,10883.1,9376,4,0.25,1.6000000000003638,True,2026-08-05 16:00:00,16.0,2026-08-05,True,False
2026-08-05 19:00:00+00:00,10882.6,10899.3,10871.8,10893.0,4497,3,0.0,4.533333333332848,True,2026-08-05 20:00:00,20.0,2026-08-05,False,False
2026-08-05 23:00:00+00:00,10892.9,10904.6,10882.6,10898.2,7920,4,0.0,6.0,True,2026-08-06 00:00:00,0.0,2026-08-06,False,False
2026-08-06 03:00:00+00:00,10898.1,10926.3,10886.6,10907.6,5413,4,0.0,4.900000000000091,True,2026-08-06 04:00:00,4.0,2026-08-06,False,False
2026-08-06 07:00:00+00:00,10907.1,10955.1,10902.6,10917.1,15776,4,1.0,1.300000000000182,True,2026-08-06 08:00:00,8.0,2026-08-06,True,False
2026-08-06 11:00:00+00:00,10917.6,10925.6,10875.1,10891.1,15091,4,1.0,1.3000000000006366,True,2026-08-06 12:00:00,12.0,2026-08-06,True,False
2026-08-06 15:00:00+00:00,10890.6,10897.1,10861.6,10873.3,7555,4,0.25,1.6000000000003638,True,2026-08-06 16:00:00,16.0,2026-08-06,True,False
2026-08-06 19:00:00+00:00,10873.1,10877.6,10862.6,10876.4,3430,3,0.0,4.533333333332848,True,2026-08-06 20:00:00,20.0,2026-08-06,False,False
2026-08-06 23:00:00+00:00,10876.3,10879.1,10852.2,10861.6,12398,4,0.0,6.0,True,2026-08-07 00:00:00,0.0,2026-08-07,False,False
2026-08-07 03:00:00+00:00,10861.5,10894.3,10857.3,10883.8,7143,4,0.0,4.900000000000091,True,2026-08-07 04:00:00,4.0,2026-08-07,False,False
2026-08-07 07:00:00+00:00,10884.3,10961.1,10878.3,10959.3,14463,4,1.0,1.2999999999997272,True,2026-08-07 08:00:00,8.0,2026-08-07,True,False
2026-08-07 11:00:00+00:00,10959.6,10969.3,10911.6,10929.1,16041,4,1.0,1.300000000000182,True,2026-08-07 12:00:00,12.0,2026-08-07,True,False
2026-08-07 15:00:00+00:00,10928.8,10930.1,10885.1,10890.8,7352,4,0.25,1.6000000000003638,True,2026-08-07 16:00:00,16.0,2026-08-07,True,False
2026-08-07 19:00:00+00:00,10891.3,10910.8,10890.6,10902.8,2087,1,0.0,1.6000000000003638,True,2026-08-07 20:00:00,20.0,2026-08-07,False,False
2026-08-09 22:00:00+00:00,10895.4,10898.3,10888.6,10893.7,1651,1,0.0,6.0,True,2026-08-09 23:00:00,23.0,2026-08-09,False,False
2026-08-09 23:00:00+00:00,10893.8,10897.8,10867.9,10869.1,6955,4,0.0,6.0,True,2026-08-10 00:00:00,0.0,2026-08-10,False,False
2026-08-10 03:00:00+00:00,10869.5,10894.6,10858.1,10892.3,3529,4,0.0,4.900000000000091,True,2026-08-10 04:00:00,4.0,2026-08-10,False,False
2026-08-10 07:00:00+00:00,10893.8,10906.3,10862.3,10870.6,8614,4,1.0,1.3000000000006366,True,2026-08-10 08:00:00,8.0,2026-08-10,True,False
2026-08-10 11:00:00+00:00,10870.3,10890.3,10831.1,10867.1,10235,4,1.0,1.3000000000010914,True,2026-08-10 12:00:00,12.0,2026-08-10,True,False
2026-08-10 15:00:00+00:00,10867.6,10875.3,10845.1,10861.8,5278,4,0.25,1.6000000000003638,True,2026-08-10 16:00:00,16.0,2026-08-10,True,False
2026-08-10 19:00:00+00:00,10862.3,10870.3,10857.8,10860.5,1743,3,0.0,4.533333333333455,True,2026-08-10 20:00:00,20.0,2026-08-10,False,False
2026-08-10 23:00:00+00:00,10860.8,10876.2,10853.9,10868.4,5905,4,0.0,6.0,True,2026-08-11 00:00:00,0.0,2026-08-11,False,False
2026-08-11 03:00:00+00:00,10868.5,10874.4,10841.1,10862.6,3885,4,0.0,4.900000000000091,True,2026-08-11 04:00:00,4.0,2026-08-11,False,False
2026-08-11 07:00:00+00:00,10863.1,10879.1,10826.6,10875.1,11901,4,1.0,1.3000000000010914,True,2026-08-11 08:00:00,8.0,2026-08-11,True,False
2026-08-11 11:00:00+00:00,10873.6,10899.1,10855.1,10857.6,12904,4,1.0,1.3000000000006366,True,2026-08-11 12:00:00,12.0,2026-08-11,True,False
2026-08-11 15:00:00+00:00,10858.1,10866.1,10814.6,10823.3,7180,4,0.25,1.6000000000003638,True,2026-08-11 16:00:00,16.0,2026-08-11,True,False
2026-08-11 19:00:00+00:00,10823.1,10835.5,10823.1,10830.8,2185,3,0.0,4.533333333333455,True,2026-08-11 20:00:00,20.0,2026-08-11,False,False
2026-08-11 23:00:00+00:00,10830.6,10833.8,10820.9,10825.6,5548,4,0.0,6.0,True,2026-08-12 00:00:00,0.0,2026-08-12,False,False
2026-08-12 03:00:00+00:00,10825.7,10842.3,10821.1,10842.1,2948,4,0.0,4.900000000000091,True,2026-08-12 04:00:00,4.0,2026-08-12,False,False
2026-08-12 07:00:00+00:00,10844.1,10864.1,10822.1,10861.3,10531,4,1.0,1.3000000000006366,True,2026-08-12 08:00:00,8.0,2026-08-12,True,False
2026-08-12 11:00:00+00:00,10861.8,10867.0,10810.6,10823.3,13488,4,1.0,1.300000000000182,True,2026-08-12 12:00:00,12.0,2026-08-12,True,False
2026-08-12 15:00:00+00:00,10823.1,10851.1,10811.3,10847.3,5738,4,0.25,1.6000000000003638,True,2026-08-12 16:00:00,16.0,2026-08-12,True,False
2026-08-12 19:00:00+00:00,10847.1,10862.6,10844.1,10856.0,2295,3,0.0,4.533333333333455,True,2026-08-12 20:00:00,20.0,2026-08-12,False,False
2026-08-12 23:00:00+00:00,10855.8,10859.0,10842.9,10853.2,5057,4,0.0,6.0,True,2026-08-13 00:00:00,0.0,2026-08-13,False,False
2026-08-13 03:00:00+00:00,10853.0,10870.6,10841.6,10860.8,2917,4,0.0,4.900000000000091,True,2026-08-13 04:00:00,4.0,2026-08-13,False,False
2026-08-13 07:00:00+00:00,10862.3,10868.6,10808.6,10844.1,9407,4,1.0,1.3000000000010914,True,2026-08-13 08:00:00,8.0,2026-08-13,True,False
2026-08-13 11:00:00+00:00,10842.6,10849.3,10801.8,10804.6,12094,4,1.0,1.2999999999997272,True,2026-08-13 12:00:00,12.0,2026-08-13,True,False
2026-08-13 15:00:00+00:00,10804.8,10833.3,10784.8,10828.3,6717,4,0.25,1.6000000000003638,True,2026-08-13 16:00:00,16.0,2026-08-13,True,False
2026-08-13 19:00:00+00:00,10828.1,10830.7,10822.2,10827.9,1944,3,0.0,4.533333333333455,True,2026-08-13 20:00:00,20.0,2026-08-13,False,False
2026-08-13 23:00:00+00:00,10828.0,10833.3,10821.1,10825.2,3540,4,0.0,6.0,True,2026-08-14 00:00:00,0.0,2026-08-14,False,False
2026-08-14 03:00:00+00:00,10825.1,10829.6,10809.6,10815.1,1990,4,0.0,4.900000000000091,True,2026-08-14 04:00:00,4.0,2026-08-14,False,False
2026-08-14 07:00:00+00:00,10814.8,10821.8,10751.1,10794.3,10157,4,1.0,1.300000000000182,True,2026-08-14 08:00:00,8.0,2026-08-14,True,False
2026-08-14 11:00:00+00:00,10794.1,10809.3,10775.8,10786.6,9883,4,1.0,1.3000000000010914,True,2026-08-14 12:00:00,12.0,2026-08-14,True,False
2026-08-14 15:00:00+00:00,10786.8,10796.1,10761.3,10794.6,4743,4,0.25,1.6000000000003638,True,2026-08-14 16:00:00,16.0,2026-08-14,True,False
2026-08-14 19:00:00+00:00,10794.3,10795.3,10777.1,10787.8,919,1,0.0,1.6000000000003638,True,2026-08-14 20:00:00,20.0,2026-08-14,False,False
2026-08-16 22:00:00+00:00,10790.4,10793.1,10789.9,10792.3,446,1,0.0,6.0,True,2026-08-16 23:00:00,23.0,2026-08-16,False,False
2026-08-16 23:00:00+00:00,10792.2,10799.5,10783.6,10792.8,2498,4,0.0,6.0,True,2026-08-17 00:00:00,0.0,2026-08-17,False,False
2026-08-17 03:00:00+00:00,10792.9,10822.8,10792.9,10818.6,1938,4,0.0,4.900000000000091,True,2026-08-17 04:00:00,4.0,2026-08-17,False,False
2026-08-17 07:00:00+00:00,10819.3,10825.1,10774.6,10791.6,9570,4,1.0,1.3000000000006366,True,2026-08-17 08:00:00,8.0,2026-08-17,True,False
2026-08-17 11:00:00+00:00,10791.1,10803.3,10752.6,10755.6,9701,4,1.0,1.3000000000010914,True,2026-08-17 12:00:00,12.0,2026-08-17,True,False
2026-08-17 15:00:00+00:00,10756.3,10760.8,10738.8,10750.8,4908,4,0.25,1.6000000000003638,True,2026-08-17 16:00:00,16.0,2026-08-17,True,False
2026-08-17 19:00:00+00:00,10751.3,10763.6,10748.3,10757.4,2271,3,0.0,4.533333333333455,True,2026-08-17 20:00:00,20.0,2026-08-17,False,False
2026-08-17 23:00:00+00:00,10757.3,10770.9,10752.2,10756.9,6347,4,0.0,6.0,True,2026-08-18 00:00:00,0.0,2026-08-18,False,False
2026-08-18 03:00:00+00:00,10757.2,10781.1,10745.8,10777.6,7051,4,0.0,4.900000000000091,True,2026-08-18 04:00:00,4.0,2026-08-18,False,False
2026-08-18 07:00:00+00:00,10778.6,10778.6,10730.6,10757.1,14914,4,1.0,1.3000000000006366,True,2026-08-18 08:00:00,8.0,2026-08-18,True,False
2026-08-18 11:00:00+00:00,10756.6,10811.1,10751.1,10759.8,13721,4,1.0,1.2999999999992724,True,2026-08-18 12:00:00,12.0,2026-08-18,True,False
2026-08-18 15:00:00+00:00,10759.6,10770.6,10744.3,10759.3,6979,4,0.25,1.6000000000003638,True,2026-08-18 16:00:00,16.0,2026-08-18,True,False
2026-08-18 19:00:00+00:00,10759.8,10768.1,10749.5,10749.8,2664,3,0.0,4.533333333333455,True,2026-08-18 20:00:00,20.0,2026-08-18,False,False
2026-08-18 23:00:00+00:00,10749.9,10759.4,10741.2,10750.7,6937,4,0.0,6.0,True,2026-08-19 00:00:00,0.0,2026-08-19,False,False
2026-08-19 03:00:00+00:00,10750.8,10770.6,10730.6,10769.6,5170,4,0.0,4.900000000000091,True,2026-08-19 04:00:00,4.0,2026-08-19,False,False
2026-08-19 07:00:00+00:00,10769.3,10775.3,10725.8,10742.3,11762,4,1.0,1.300000000000182,True,2026-08-19 08:00:00,8.0,2026-08-19,True,False
2026-08-19 11:00:00+00:00,10741.1,10792.6,10740.1,10779.1,16040,4,1.0,1.300000000000182,True,2026-08-19 12:00:00,12.0,2026-08-19,True,False
2026-08-19 15:00:00+00:00,10779.6,10781.1,10761.6,10775.6,7831,4,0.25,1.6000000000003638,True,2026-08-19 16:00:00,16.0,2026-08-19,True,False
2026-08-19 19:00:00+00:00,10775.3,10787.4,10770.1,10786.3,2775,3,0.0,4.533333333333455,True,2026-08-19 20:00:00,20.0,2026-08-19,False,False
2026-08-19 23:00:00+00:00,10786.4,10790.2,10769.9,10774.8,8092,4,0.0,6.0,True,2026-08-20 00:00:00,0.0,2026-08-20,False,False
2026-08-20 03:00:00+00:00,10775.5,10792.3,10771.8,10778.1,4827,4,0.0,4.900000000000091,True,2026-08-20 04:00:00,4.0,2026-08-20,False,False
2026-08-20 07:00:00+00:00,10777.8,10777.8,10728.1,10737.1,14173,4,1.0,1.3000000000006366,True,2026-08-20 08:00:00,8.0,2026-08-20,True,False
2026-08-20 11:00:00+00:00,10736.8,10785.3,10710.3,10784.3,16701,4,1.0,1.300000000000182,True,2026-08-20 12:00:00,12.0,2026-08-20,True,False
2026-08-20 15:00:00+00:00,10784.6,10795.6,10758.8,10764.1,8271,4,0.25,1.6000000000003638,True,2026-08-20 16:00:00,16.0,2026-08-20,True,False
2026-08-20 19:00:00+00:00,10763.8,10771.8,10759.1,10771.6,3131,3,0.0,4.533333333333455,True,2026-08-20 20:00:00,20.0,2026-08-20,False,False
2026-08-20 23:00:00+00:00,10771.5,10781.9,10755.2,10780.6,6523,4,0.0,6.0,True,2026-08-21 00:00:00,0.0,2026-08-21,False,False
2026-08-21 03:00:00+00:00,10780.8,10797.1,10777.7,10790.1,3389,4,0.0,4.900000000000091,True,2026-08-21 04:00:00,4.0,2026-08-21,False,False
2026-08-21 07:00:00+00:00,10785.1,10815.8,10762.3,10785.1,11526,4,1.0,1.3000000000010914,True,2026-08-21 08:00:00,8.0,2026-08-21,True,False
2026-08-21 11:00:00+00:00,10785.6,10861.1,10782.3,10848.1,11542,4,1.0,1.3000000000006366,True,2026-08-21 12:00:00,12.0,2026-08-21,True,False
