time,open,high,low,close,volume,n_bars,cash_frac,spread,vol_ok,lwall,ltime,ldate,in_cash,extreme
2024-08-19 13:00:00+00:00,40816.5,41051.6,40804.5,41032.1,105277,4,0.75,1.5,True,2024-08-19 14:00:00,14.0,2024-08-19,False,False
2024-08-19 17:00:00+00:00,41032.6,41035.1,40930.6,40987.5,50035,4,0.75,2.125,True,2024-08-19 18:00:00,18.0,2024-08-19,True,False
2024-08-19 22:00:00+00:00,41005.0,41033.5,40991.0,41002.0,2577,3,0.0,4.0,True,2024-08-19 23:00:00,23.0,2024-08-19,False,False
2024-08-20 01:00:00+00:00,41003.0,41035.0,40985.0,41020.0,3647,4,0.0,4.0,True,2024-08-20 02:00:00,2.0,2024-08-20,False,False
2024-08-20 05:00:00+00:00,41019.0,41084.5,40989.0,41031.0,8270,4,0.0,2.875,True,2024-08-20 06:00:00,6.0,2024-08-20,False,False
2024-08-20 09:00:00+00:00,41031.5,41038.0,40972.5,40987.5,7853,4,0.0,2.5,True,2024-08-20 10:00:00,10.0,2024-08-20,False,False
2024-08-20 13:00:00+00:00,40988.0,41027.6,40875.6,40959.1,117314,4,0.75,1.5,True,2024-08-20 14:00:00,14.0,2024-08-20,False,False
2024-08-20 17:00:00+00:00,40959.6,41040.1,40904.1,40966.0,61675,4,0.75,2.125,True,2024-08-20 18:00:00,18.0,2024-08-20,True,False
2024-08-20 22:00:00+00:00,40964.5,41010.0,40950.0,41004.0,3075,3,0.0,4.0,True,2024-08-20 23:00:00,23.0,2024-08-20,False,False
2024-08-21 01:00:00+00:00,41003.0,41017.5,40978.0,41017.0,3152,4,0.0,4.0,True,2024-08-21 02:00:00,2.0,2024-08-21,False,False
2024-08-21 05:00:00+00:00,41016.5,41026.0,40974.0,40983.5,6817,4,0.0,2.875,True,2024-08-21 06:00:00,6.0,2024-08-21,False,False
2024-08-21 09:00:00+00:00,40983.0,41033.5,40974.5,41018.0,7339,4,0.0,2.5,True,2024-08-21 10:00:00,10.0,2024-08-21,False,False
2024-08-21 13:00:00+00:00,41019.0,41097.1,40850.1,40974.6,159752,4,0.75,1.5,True,2024-08-21 14:00:00,14.0,2024-08-21,False,False
2024-08-21 17:00:00+00:00,40974.6,41044.6,40923.6,41012.0,89247,4,0.75,2.125,True,2024-08-21 18:00:00,18.0,2024-08-21,True,False
2024-08-21 22:00:00+00:00,41015.5,41045.5,41000.0,41025.0,2545,3,0.0,4.0,True,2024-08-21 23:00:00,23.0,2024-08-21,False,False
2024-08-22 01:00:00+00:00,41025.5,41028.0,40962.5,40973.0,3684,4,0.0,4.0,True,2024-08-22 02:00:00,2.0,2024-08-22,False,False
2024-08-22 05:00:00+00:00,40973.5,41061.5,40970.0,41046.0,5313,4,0.0,2.875,True,2024-08-22 06:00:00,6.0,2024-08-22,False,False
2024-08-22 09:00:00+00:00,41046.5,41067.0,40989.5,41052.0,8173,4,0.0,2.5,True,2024-08-22 10:00:00,10.0,2024-08-22,False,False
2024-08-22 13:00:00+00:00,41052.5,41155.1,40797.1,40814.1,172782,4,0.75,1.5,True,2024-08-22 14:00:00,14.0,2024-08-22,False,False
2024-08-22 17:00:00+00:00,40814.6,40859.0,40684.1,40840.5,141708,4,0.75,2.125,True,2024-08-22 18:00:00,18.0,2024-08-22,True,False
2024-08-22 22:00:00+00:00,40839.5,40896.0,40838.0,40878.0,3255,3,0.0,4.0,True,2024-08-22 23:00:00,23.0,2024-08-22,False,False
2024-08-23 01:00:00+00:00,40878.5,40917.0,40867.0,40907.0,3323,4,0.0,4.0,True,2024-08-23 02:00:00,2.0,2024-08-23,False,False
2024-08-23 05:00:00+00:00,40908.0,40953.0,40903.5,40951.5,5414,4,0.0,2.875,True,2024-08-23 06:00:00,6.0,2024-08-23,False,False
2024-08-23 09:00:00+00:00,40951.0,41022.0,40934.5,41018.0,7629,4,0.0,2.5,True,2024-08-23 10:00:00,10.0,2024-08-23,False,False
2024-08-23 13:00:00+00:00,41017.5,41307.1,40927.1,41073.1,265236,4,0.75,1.5,True,2024-08-23 14:00:00,14.0,2024-08-23,False,False
2024-08-23 17:00:00+00:00,41073.6,41306.1,41055.6,41274.0,93702,4,0.75,2.125,True,2024-08-23 18:00:00,18.0,2024-08-23,True,False
2024-08-25 22:00:00+00:00,41278.5,41325.5,41231.0,41278.0,6655,3,0.0,4.0,True,2024-08-25 23:00:00,23.0,2024-08-25,False,False
2024-08-26 01:00:00+00:00,41278.5,41296.5,41233.0,41244.0,3925,4,0.0,4.0,True,2024-08-26 02:00:00,2.0,2024-08-26,False,False
2024-08-26 05:00:00+00:00,41244.5,41326.5,41233.0,41309.0,6147,4,0.0,2.875,True,2024-08-26 06:00:00,6.0,2024-08-26,False,False
2024-08-26 09:00:00+00:00,41310.0,41351.0,41276.5,41348.0,9103,4,0.0,2.5,True,2024-08-26 10:00:00,10.0,2024-08-26,False,False
2024-08-26 13:00:00+00:00,41347.5,41522.6,41266.6,41381.6,157436,4,0.75,1.5,True,2024-08-26 14:00:00,14.0,2024-08-26,False,False
2024-08-26 17:00:00+00:00,41381.1,41406.6,41229.1,41300.0,92608,4,0.75,2.125,True,2024-08-26 18:00:00,18.0,2024-08-26,True,False
2024-08-26 22:00:00+00:00,41296.0,41331.0,41265.0,41293.5,4855,3,0.0,4.0,True,2024-08-26 23:00:00,23.0,2024-08-26,False,False
2024-08-27 01:00:00+00:00,41294.0,41330.5,41286.5,41319.0,4321,4,0.0,4.0,True,2024-08-27 02:00:00,2.0,2024-08-27,False,False
2024-08-27 05:00:00+00:00,41319.5,41390.5,41316.5,41359.0,6968,4,0.0,2.875,True,2024-08-27 06:00:00,6.0,2024-08-27,False,False
2024-08-27 09:00:00+00:00,41359.5,41366.0,41213.5,41233.0,12102,4,0.0,2.5,True,2024-08-27 10:00:00,10.0,2024-08-27,False,False
2024-08-27 13:00:00+00:00,41232.5,41360.6,41181.5,41259.1,165149,4,0.75,1.5,True,2024-08-27 14:00:00,14.0,2024-08-27,False,False
2024-08-27 17:00:00+00:00,41259.6,41370.6,41257.1,41349.5,61403,4,0.75,2.125,True,2024-08-27 18:00:00,18.0,2024-08-27,True,False
2024-08-27 22:00:00+00:00,41357.0,41365.0,41298.0,41341.0,5304,3,0.0,4.0,True,2024-08-27 23:00:00,23.0,2024-08-27,False,False
2024-08-28 01:00:00+00:00,41341.5,41370.5,41325.0,41362.0,3941,4,0.0,4.0,True,2024-08-28 02:00:00,2.0,2024-08-28,False,False
2024-08-28 05:00:00+00:00,41361.5,41379.5,41349.0,41356.0,5396,4,0.0,2.875,True,2024-08-28 06:00:00,6.0,2024-08-28,False,False
2024-08-28 09:00:00+00:00,41357.0,41371.5,41303.5,41332.0,7208,4,0.0,2.5,True,2024-08-28 10:00:00,10.0,2024-08-28,False,False
2024-08-28 13:00:00+00:00,41332.5,41451.1,41095.6,41193.1,142021,4,0.75,1.5,True,2024-08-28 14:00:00,14.0,2024-08-28,False,False
2024-08-28 17:00:00+00:00,41193.6,41266.0,40920.1,41255.5,119887,4,0.75,2.125,True,2024-08-28 18:00:00,18.0,2024-08-28,True,False
2024-08-28 22:00:00+00:00,41257.0,41274.0,41152.5,41241.0,10255,3,0.0,4.0,True,2024-08-28 23:00:00,23.0,2024-08-28,False,False
2024-08-29 01:00:00+00:00,41242.0,41288.5,41217.0,41288.0,5731,4,0.0,4.0,True,2024-08-29 02:00:00,2.0,2024-08-29,False,False
2024-08-29 05:00:00+00:00,41287.0,41380.0,41282.5,41376.0,12867,4,0.0,2.875,True,2024-08-29 06:00:00,6.0,2024-08-29,False,False
2024-08-29 09:00:00+00:00,41377.0,41495.0,41359.5,41448.0,18773,4,0.0,2.5,True,2024-08-29 10:00:00,10.0,2024-08-29,False,False
2024-08-29 13:00:00+00:00,41448.5,41682.6,41172.6,41651.1,143444,4,0.75,1.5,True,2024-08-29 14:00:00,14.0,2024-08-29,False,False
2024-08-29 17:00:00+00:00,41651.6,41674.1,41356.1,41484.0,153406,4,0.75,2.125,True,2024-08-29 18:00:00,18.0,2024-08-29,True,False
2024-08-29 22:00:00+00:00,41480.0,41494.5,41404.5,41452.0,5779,3,0.0,4.0,True,2024-08-29 23:00:00,23.0,2024-08-29,False,False
2024-08-30 01:00:00+00:00,41451.5,41474.0,41434.0,41458.0,4977,4,0.0,4.0,True,2024-08-30 02:00:00,2.0,2024-08-30,False,False
2024-08-30 05:00:00+00:00,41457.5,41532.5,41437.5,41494.0,9235,4,0.0,2.875,True,2024-08-30 06:00:00,6.0,2024-08-30,False,False
2024-08-30 09:00:00+00:00,41493.5,41558.5,41474.0,41477.5,11617,4,0.0,2.5,True,2024-08-30 10:00:00,10.0,2024-08-30,False,False
2024-08-30 13:00:00+00:00,41478.0,41597.6,41231.1,41349.1,185348,4,0.75,1.5,True,2024-08-30 14:00:00,14.0,2024-08-30,False,False
2024-08-30 17:00:00+00:00,41348.6,41674.6,41301.1,41639.0,64701,4,0.75,2.125,True,2024-08-30 18:00:00,18.0,2024-08-30,True,False
2024-09-01 22:00:00+00:00,41635.0,41645.0,41613.5,41624.0,3571,3,0.0,4.0,True,2024-09-01 23:00:00,23.0,2024-09-01,False,False
2024-09-02 01:00:00+00:00,41624.5,41652.5,41602.0,41626.0,3782,4,0.0,4.0,True,2024-09-02 02:00:00,2.0,2024-09-02,False,False
2024-09-02 05:00:00+00:00,41626.5,41640.0,41507.0,41601.0,8746,4,0.0,2.875,True,2024-09-02 06:00:00,6.0,2024-09-02,False,False
2024-09-02 09:00:00+00:00,41601.5,41619.5,41581.0,41613.5,4730,4,0.0,2.5,True,2024-09-02 10:00:00,10.0,2024-09-02,False,False
2024-09-02 13:00:00+00:00,41614.0,41652.6,41556.1,41633.6,13666,4,0.75,1.5,True,2024-09-02 14:00:00,14.0,2024-09-02,False,False
2024-09-02 22:00:00+00:00,41635.5,41653.5,41565.0,41589.0,5334,3,0.0,4.0,True,2024-09-02 23:00:00,23.0,2024-09-02,False,False
2024-09-03 01:00:00+00:00,41589.5,41618.5,41547.0,41568.5,5356,4,0.0,4.0,True,2024-09-03 02:00:00,2.0,2024-09-03,False,False
2024-09-03 05:00:00+00:00,41569.0,41623.5,41504.5,41506.0,10537,4,0.0,2.875,True,2024-09-03 06:00:00,6.0,2024-09-03,False,False
2024-09-03 09:00:00+00:00,41506.5,41522.0,41413.0,41417.0,17990,4,0.0,2.5,True,2024-09-03 10:00:00,10.0,2024-09-03,False,False
2024-09-03 13:00:00+00:00,41418.0,41529.6,41139.6,41147.6,226327,4,0.75,1.5,True,2024-09-03 14:00:00,14.0,2024-09-03,False,False
2024-09-03 17:00:00+00:00,41147.1,41231.6,40866.1,41033.0,97800,4,0.75,2.125,True,2024-09-03 18:00:00,18.0,2024-09-03,True,False
2024-09-03 22:00:00+00:00,41021.5,41029.0,40864.0,40881.0,14717,3,0.0,4.0,True,2024-09-03 23:00:00,23.0,2024-09-03,False,False
2024-09-04 01:00:00+00:00,40881.5,40967.0,40859.0,40881.5,20589,4,0.0,4.0,True,2024-09-04 02:00:00,2.0,2024-09-04,False,False
2024-09-04 05:00:00+00:00,40881.0,40997.0,40850.0,40933.0,26112,4,0.0,2.875,True,2024-09-04 06:00:00,6.0,2024-09-04,False,False
2024-09-04 09:00:00+00:00,40933.5,40988.5,40913.0,40974.0,16413,4,0.0,2.5,True,2024-09-04 10:00:00,10.0,2024-09-04,False,False
2024-09-04 13:00:00+00:00,40973.5,41260.6,40954.5,41035.1,150450,4,0.75,1.5,True,2024-09-04 14:00:00,14.0,2024-09-04,False,False
2024-09-04 17:00:00+00:00,41034.1,41094.6,40921.6,41031.0,74066,4,0.75,2.125,True,2024-09-04 18:00:00,18.0,2024-09-04,True,False
2024-09-04 22:00:00+00:00,41023.0,41088.5,40963.0,41068.0,8542,3,0.0,4.0,True,2024-09-04 23:00:00,23.0,2024-09-04,False,False
2024-09-05 01:00:00+00:00,41067.5,41094.0,41007.0,41019.5,9737,4,0.0,4.0,True,2024-09-05 02:00:00,2.0,2024-09-05,False,False
2024-09-05 05:00:00+00:00,41018.5,41121.0,40974.0,41107.0,16002,4,0.0,2.875,True,2024-09-05 06:00:00,6.0,2024-09-05,False,False
2024-09-05 09:00:00+00:00,41106.5,41123.5,41011.0,41056.0,26363,4,0.0,2.5,True,2024-09-05 10:00:00,10.0,2024-09-05,False,False
2024-09-05 13:00:00+00:00,41057.0,41169.1,40593.1,40750.1,190566,4,0.75,1.5,True,2024-09-05 14:00:00,14.0,2024-09-05,False,False
2024-09-05 17:00:00+00:00,40750.6,40953.6,40699.1,40872.5,85635,4,0.75,2.125,True,2024-09-05 18:00:00,18.0,2024-09-05,True,False
2024-09-05 22:00:00+00:00,40880.5,40887.0,40812.0,40812.5,7265,3,0.0,4.0,True,2024-09-05 23:00:00,23.0,2024-09-05,False,False
2024-09-06 01:00:00+00:00,40813.0,40879.5,40771.0,40858.5,9153,4,0.0,4.0,True,2024-09-06 02:00:00,2.0,2024-09-06,False,False
2024-09-06 05:00:00+00:00,40858.0,40862.0,40616.0,40680.0,24088,4,0.0,2.875,True,2024-09-06 06:00:00,6.0,2024-09-06,False,False
2024-09-06 09:00:00+00:00,40679.0,40889.5,40635.0,40825.5,40390,4,0.0,2.5,True,2024-09-06 10:00:00,10.0,2024-09-06,False,False
2024-09-06 13:00:00+00:00,40824.5,41080.1,40364.6,40421.1,280173,4,0.75,1.5,True,2024-09-06 14:00:00,14.0,2024-09-06,False,False
2024-09-06 17:00:00+00:00,40421.6,40517.1,40304.0,40308.0,140230,4,0.75,2.125,True,2024-09-06 18:00:00,18.0,2024-09-06,True,False
2024-09-08 22:00:00+00:00,40348.5,40458.5,40337.0,40439.0,11796,3,0.0,4.0,True,2024-09-08 23:00:00,23.0,2024-09-08,False,False
2024-09-09 01:00:00+00:00,40438.5,40547.0,40438.0,40527.0,9342,4,0.0,4.0,True,2024-09-09 02:00:00,2.0,2024-09-09,False,False
2024-09-09 05:00:00+00:00,40527.5,40618.5,40498.5,40589.0,16192,4,0.0,2.875,True,2024-09-09 06:00:00,6.0,2024-09-09,False,False
2024-09-09 09:00:00+00:00,40588.5,40715.5,40582.0,40686.0,14727,4,0.0,2.5,True,2024-09-09 10:00:00,10.0,2024-09-09,False,False
2024-09-09 13:00:00+00:00,40685.5,41065.6,40575.6,41041.6,154484,4,0.75,1.5,True,2024-09-09 14:00:00,14.0,2024-09-09,False,False
2024-09-09 17:00:00+00:00,41042.1,41051.6,40782.6,40894.0,95523,4,0.75,2.125,True,2024-09-09 18:00:00,18.0,2024-09-09,True,False
2024-09-09 22:00:00+00:00,40893.0,40918.0,40817.0,40879.0,7938,3,0.0,4.0,True,2024-09-09 23:00:00,23.0,2024-09-09,False,False
2024-09-10 01:00:00+00:00,40878.5,40885.0,40809.0,40818.0,8310,4,0.0,4.0,True,2024-09-10 02:00:00,2.0,2024-09-10,False,False
2024-09-10 05:00:00+00:00,40819.0,40944.5,40789.0,40863.0,15427,4,0.0,2.875,True,2024-09-10 06:00:00,6.0,2024-09-10,False,False
2024-09-10 09:00:00+00:00,40862.5,40934.5,40779.0,40931.0,20360,4,0.0,2.5,True,2024-09-10 10:00:00,10.0,2024-09-10,False,False
2024-09-10 13:00:00+00:00,40930.5,40989.5,40462.6,40595.6,161246,4,0.75,1.5,True,2024-09-10 14:00:00,14.0,2024-09-10,False,False
2024-09-10 17:00:00+00:00,40596.1,40827.5,40586.6,40798.0,68224,4,0.75,2.125,True,2024-09-10 18:00:00,18.0,2024-09-10,True,False
2024-09-10 22:00:00+00:00,40783.5,40796.0,40726.0,40731.0,4387,3,0.0,4.0,True,2024-09-10 23:00:00,23.0,2024-09-10,False,False
2024-09-11 01:00:00+00:00,40730.0,40750.0,40619.0,40634.0,15778,4,0.0,4.0,True,2024-09-11 02:00:00,2.0,2024-09-11,False,False
2024-09-11 05:00:00+00:00,40634.5,40712.0,40596.0,40611.5,17916,4,0.0,2.875,True,2024-09-11 06:00:00,6.0,2024-09-11,False,False
2024-09-11 09:00:00+00:00,40612.5,40701.5,40493.5,40628.0,28303,4,0.0,2.5,True,2024-09-11 10:00:00,10.0,2024-09-11,False,False
2024-09-11 13:00:00+00:00,40627.5,40684.5,40034.1,40516.6,250358,4,0.75,1.5,True,2024-09-11 14:00:00,14.0,2024-09-11,False,False
2024-09-11 17:00:00+00:00,40516.1,40950.6,40515.1,40876.5,137179,4,0.75,2.125,True,2024-09-11 18:00:00,18.0,2024-09-11,True,False
2024-09-11 22:00:00+00:00,40898.0,40913.0,40866.5,40881.0,4623,3,0.0,4.0,True,2024-09-11 23:00:00,23.0,2024-09-11,False,False
2024-09-12 01:00:00+00:00,40881.5,40949.5,40866.0,40949.5,8661,4,0.0,4.0,True,2024-09-12 02:00:00,2.0,2024-09-12,False,False
2024-09-12 05:00:00+00:00,40950.0,41014.5,40921.5,40956.0,17751,4,0.0,2.875,True,2024-09-12 06:00:00,6.0,2024-09-12,False,False
2024-09-12 09:00:00+00:00,40955.5,41097.0,40927.5,40941.0,21526,4,0.0,2.5,True,2024-09-12 10:00:00,10.0,2024-09-12,False,False
2024-09-12 13:00:00+00:00,40940.5,41037.6,40700.6,41005.6,144112,4,0.75,1.5,True,2024-09-12 14:00:00,14.0,2024-09-12,False,False
2024-09-12 17:00:00+00:00,41005.1,41157.5,40921.1,41117.0,69318,4,0.75,2.125,True,2024-09-12 18:00:00,18.0,2024-09-12,True,False
2024-09-12 22:00:00+00:00,41135.5,41203.5,41126.5,41191.0,5829,3,0.0,4.0,True,2024-09-12 23:00:00,23.0,2024-09-12,False,False
2024-09-13 01:00:00+00:00,41191.5,41195.0,41141.5,41169.0,6805,4,0.0,4.0,True,2024-09-13 02:00:00,2.0,2024-09-13,False,False
2024-09-13 05:00:00+00:00,41169.5,41238.0,41142.0,41166.0,17040,4,0.0,2.875,True,2024-09-13 06:00:00,6.0,2024-09-13,False,False
2024-09-13 09:00:00+00:00,41165.5,41244.0,41162.0,41226.0,16805,4,0.0,2.5,True,2024-09-13 10:00:00,10.0,2024-09-13,False,False
2024-09-13 13:00:00+00:00,41226.5,41569.6,41168.6,41422.6,186599,4,0.75,1.5,True,2024-09-13 14:00:00,14.0,2024-09-13,False,False
2024-09-13 17:00:00+00:00,41423.6,41538.6,41363.1,41445.0,97865,4,0.75,2.125,True,2024-09-13 18:00:00,18.0,2024-09-13,True,False
2024-09-15 22:00:00+00:00,41421.5,41476.0,41403.0,41460.0,5288,3,0.0,4.0,True,2024-09-15 23:00:00,23.0,2024-09-15,False,False
2024-09-16 01:00:00+00:00,41460.5,41471.0,41430.5,41458.5,4888,4,0.0,4.0,True,2024-09-16 02:00:00,2.0,2024-09-16,False,False
2024-09-16 05:00:00+00:00,41459.0,41492.5,41400.0,41490.5,12910,4,0.0,2.875,True,2024-09-16 06:00:00,6.0,2024-09-16,False,False
2024-09-16 09:00:00+00:00,41490.0,41549.0,41484.5,41534.5,17410,4,0.0,2.5,True,2024-09-16 10:00:00,10.0,2024-09-16,False,False
2024-09-16 13:00:00+00:00,41534.0,41785.6,41496.1,41566.1,133718,4,0.75,1.5,True,2024-09-16 14:00:00,14.0,2024-09-16,False,False
2024-09-16 17:00:00+00:00,41566.6,41701.1,41537.6,41636.0,46762,4,0.75,2.125,True,2024-09-16 18:00:00,18.0,2024-09-16,True,False
2024-09-16 22:00:00+00:00,41643.5,41670.5,41615.5,41619.5,6537,3,0.0,4.0,True,2024-09-16 23:00:00,23.0,2024-09-16,False,False
2024-09-17 01:00:00+00:00,41619.0,41645.5,41615.0,41644.5,7441,4,0.0,4.0,True,2024-09-17 02:00:00,2.0,2024-09-17,False,False
2024-09-17 05:00:00+00:00,41644.0,41738.5,41637.0,41732.0,14599,4,0.0,2.875,True,2024-09-17 06:00:00,6.0,2024-09-17,False,False
2024-09-17 09:00:00+00:00,41732.5,41805.0,41725.5,41798.5,21518,4,0.0,2.5,True,2024-09-17 10:00:00,10.0,2024-09-17,False,False
2024-09-17 13:00:00+00:00,41799.0,41872.6,41501.1,41573.1,180786,4,0.75,1.5,True,2024-09-17 14:00:00,14.0,2024-09-17,False,False
2024-09-17 17:00:00+00:00,41572.6,41688.6,41516.6,41663.0,99662,4,0.75,2.125,True,2024-09-17 18:00:00,18.0,2024-09-17,True,False
2024-09-17 22:00:00+00:00,41682.5,41694.0,41643.5,41681.5,4074,3,0.0,4.0,True,2024-09-17 23:00:00,23.0,2024-09-17,False,False
2024-09-18 01:00:00+00:00,41682.0,41700.5,41672.5,41680.0,5601,4,0.0,4.0,True,2024-09-18 02:00:00,2.0,2024-09-18,False,False
2024-09-18 05:00:00+00:00,41679.0,41725.0,41656.5,41689.0,13261,4,0.0,2.875,True,2024-09-18 06:00:00,6.0,2024-09-18,False,False
2024-09-18 09:00:00+00:00,41688.0,41718.0,41650.5,41696.0,11049,4,0.0,2.5,True,2024-09-18 10:00:00,10.0,2024-09-18,False,False
2024-09-18 13:00:00+00:00,41695.5,41703.5,41507.6,41656.1,97050,4,0.75,1.5,True,2024-09-18 14:00:00,14.0,2024-09-18,False,False
2024-09-18 17:00:00+00:00,41656.6,42027.5,41469.6,41586.5,152580,4,0.75,2.125,True,2024-09-18 18:00:00,18.0,2024-09-18,True,False
2024-09-18 22:00:00+00:00,41975.5,42157.5,41964.0,42011.0,14985,3,0.0,4.0,True,2024-09-18 23:00:00,23.0,2024-09-18,False,False
2024-09-19 01:00:00+00:00,42011.5,42187.5,41973.5,42170.0,14678,4,0.0,4.0,True,2024-09-19 02:00:00,2.0,2024-09-19,False,False
2024-09-19 05:00:00+00:00,42171.0,42321.5,42137.5,42311.0,18834,4,0.0,2.875,True,2024-09-19 06:00:00,6.0,2024-09-19,False,False
2024-09-19 09:00:00+00:00,42312.0,42439.5,42305.0,42364.0,18310,4,0.0,2.5,True,2024-09-19 10:00:00,10.0,2024-09-19,False,False
2024-09-19 13:00:00+00:00,42365.0,42514.1,42228.1,42436.6,190227,4,0.75,1.5,True,2024-09-19 14:00:00,14.0,2024-09-19,False,False
2024-09-19 17:00:00+00:00,42437.6,42582.6,42395.6,42466.0,103367,4,0.75,2.125,True,2024-09-19 18:00:00,18.0,2024-09-19,True,False
2024-09-19 22:00:00+00:00,42463.0,42472.0,42413.0,42425.0,4292,3,0.0,4.0,True,2024-09-19 23:00:00,23.0,2024-09-19,False,False
2024-09-20 01:00:00+00:00,42425.5,42451.5,42413.0,42444.0,4196,4,0.0,4.0,True,2024-09-20 02:00:00,2.0,2024-09-20,False,False
2024-09-20 05:00:00+00:00,42443.5,42446.5,42396.0,42431.5,10514,4,0.0,2.875,True,2024-09-20 06:00:00,6.0,2024-09-20,False,False
2024-09-20 09:00:00+00:00,42431.0,42486.0,42415.5,42469.5,11893,4,0.0,2.5,True,2024-09-20 10:00:00,10.0,2024-09-20,False,False
2024-09-20 13:00:00+00:00,42469.0,42497.6,42248.6,42470.6,143348,4,0.75,1.5,True,2024-09-20 14:00:00,14.0,2024-09-20,False,False
2024-09-20 17:00:00+00:00,42470.1,42535.6,42306.1,42399.0,89005,4,0.75,2.125,True,2024-09-20 18:00:00,18.0,2024-09-20,True,False
2024-09-22 22:00:00+00:00,42445.0,42508.0,42398.0,42499.0,3679,3,0.0,4.0,True,2024-09-22 23:00:00,23.0,2024-09-22,False,False
2024-09-23 01:00:00+00:00,42499.5,42524.0,42494.5,42518.0,3992,4,0.0,4.0,True,2024-09-23 02:00:00,2.0,2024-09-23,False,False
2024-09-23 05:00:00+00:00,42517.5,42524.0,42321.0,42450.0,15574,4,0.0,2.875,True,2024-09-23 06:00:00,6.0,2024-09-23,False,False
2024-09-23 09:00:00+00:00,42449.5,42496.0,42413.0,42488.0,11737,4,0.0,2.5,True,2024-09-23 10:00:00,10.0,2024-09-23,False,False
2024-09-23 13:00:00+00:00,42487.5,42562.6,42380.6,42447.6,132172,4,0.75,1.5,True,2024-09-23 14:00:00,14.0,2024-09-23,False,False
2024-09-23 17:00:00+00:00,42447.1,42522.6,42411.1,42485.5,52923,4,0.75,2.125,True,2024-09-23 18:00:00,18.0,2024-09-23,True,False
2024-09-23 22:00:00+00:00,42482.5,42487.0,42422.0,42438.0,3202,3,0.0,4.0,True,2024-09-23 23:00:00,23.0,2024-09-23,False,False
2024-09-24 01:00:00+00:00,42438.5,42480.0,42409.0,42454.0,5899,4,0.0,4.0,True,2024-09-24 02:00:00,2.0,2024-09-24,False,False
2024-09-24 05:00:00+00:00,42456.5,42592.5,42456.5,42590.0,9885,4,0.0,2.875,True,2024-09-24 06:00:00,6.0,2024-09-24,False,False
2024-09-24 09:00:00+00:00,42589.0,42596.5,42471.0,42565.0,12721,4,0.0,2.5,True,2024-09-24 10:00:00,10.0,2024-09-24,False,False
2024-09-24 13:00:00+00:00,42564.5,42656.1,42446.6,42507.1,119234,4,0.75,1.5,True,2024-09-24 14:00:00,14.0,2024-09-24,False,False
2024-09-24 17:00:00+00:00,42506.1,42609.1,42416.6,42562.5,50445,4,0.75,2.125,True,2024-09-24 18:00:00,18.0,2024-09-24,True,False
2024-09-24 22:00:00+00:00,42534.5,42554.5,42508.0,42510.5,2320,3,0.0,4.0,True,2024-09-24 23:00:00,23.0,2024-09-24,False,False
2024-09-25 01:00:00+00:00,42510.0,42519.5,42488.0,42501.0,4516,4,0.0,4.0,True,2024-09-25 02:00:00,2.0,2024-09-25,False,False
2024-09-25 05:00:00+00:00,42500.5,42570.5,42462.0,42565.0,9087,4,0.0,2.875,True,2024-09-25 06:00:00,6.0,2024-09-25,False,False
2024-09-25 09:00:00+00:00,42564.5,42638.5,42544.5,42569.0,7869,4,0.0,2.5,True,2024-09-25 10:00:00,10.0,2024-09-25,False,False
2024-09-25 13:00:00+00:00,42569.5,42678.6,42293.1,42311.6,127820,4,0.75,1.5,True,2024-09-25 14:00:00,14.0,2024-09-25,False,False
2024-09-25 17:00:00+00:00,42312.1,42346.6,42206.6,42263.0,72270,4,0.75,2.125,True,2024-09-25 18:00:00,18.0,2024-09-25,True,False
2024-09-25 22:00:00+00:00,42256.0,42331.0,42230.5,42326.0,3207,3,0.0,4.0,True,2024-09-25 23:00:00,23.0,2024-09-25,False,False
2024-09-26 01:00:00+00:00,42325.5,42378.5,42316.0,42374.0,4559,4,0.0,4.0,True,2024-09-26 02:00:00,2.0,2024-09-26,False,False
2024-09-26 05:00:00+00:00,42374.5,42492.0,42362.0,42488.0,11922,4,0.0,2.875,True,2024-09-26 06:00:00,6.0,2024-09-26,False,False
2024-09-26 09:00:00+00:00,42487.5,42504.0,42426.0,42464.0,10094,4,0.0,2.5,True,2024-09-26 10:00:00,10.0,2024-09-26,False,False
2024-09-26 13:00:00+00:00,42464.5,42572.1,42399.6,42513.1,134646,4,0.75,1.5,True,2024-09-26 14:00:00,14.0,2024-09-26,False,False
2024-09-26 17:00:00+00:00,42512.1,42594.6,42434.1,42541.5,52359,4,0.75,2.125,True,2024-09-26 18:00:00,18.0,2024-09-26,True,False
2024-09-26 22:00:00+00:00,42541.0,42598.0,42525.5,42547.0,4610,3,0.0,4.0,True,2024-09-26 23:00:00,23.0,2024-09-26,False,False
2024-09-27 01:00:00+00:00,42546.5,42556.0,42511.0,42553.5,5756,4,0.0,4.0,True,2024-09-27 02:00:00,2.0,2024-09-27,False,False
2024-09-27 05:00:00+00:00,42554.0,42583.0,42489.5,42529.0,14359,4,0.0,2.875,True,2024-09-27 06:00:00,6.0,2024-09-27,False,False
2024-09-27 09:00:00+00:00,42528.0,42651.5,42518.0,42637.0,12645,4,0.0,2.5,True,2024-09-27 10:00:00,10.0,2024-09-27,False,False
2024-09-27 13:00:00+00:00,42636.0,43004.6,42588.6,42726.6,118079,4,0.75,1.5,True,2024-09-27 14:00:00,14.0,2024-09-27,False,False
2024-09-27 17:00:00+00:00,42727.6,42773.1,42604.1,42654.5,62649,4,0.75,2.125,True,2024-09-27 18:00:00,18.0,2024-09-27,True,False
2024-09-29 22:00:00+00:00,42635.5,42714.5,42583.5,42682.5,5485,3,0.0,4.0,True,2024-09-29 23:00:00,23.0,2024-09-29,False,False
2024-09-30 01:00:00+00:00,42682.0,42686.0,42631.5,42667.0,6898,4,0.0,4.0,True,2024-09-30 02:00:00,2.0,2024-09-30,False,False
2024-09-30 05:00:00+00:00,42666.0,42673.5,42571.0,42630.0,11577,4,0.0,2.875,True,2024-09-30 06:00:00,6.0,2024-09-30,False,False
2024-09-30 09:00:00+00:00,42630.5,42656.5,42569.5,42575.0,11072,4,0.0,2.5,True,2024-09-30 10:00:00,10.0,2024-09-30,False,False
2024-09-30 13:00:00+00:00,42574.5,42646.6,42402.1,42538.1,107985,4,0.75,1.5,True,2024-09-30 14:00:00,14.0,2024-09-30,False,False
2024-09-30 17:00:00+00:00,42537.6,42673.1,42245.1,42598.0,112253,4,0.75,2.125,True,2024-09-30 18:00:00,18.0,2024-09-30,True,False
2024-09-30 22:00:00+00:00,42602.5,42626.0,42568.0,42615.5,4102,3,0.0,4.0,True,2024-09-30 23:00:00,23.0,2024-09-30,False,False
2024-10-01 01:00:00+00:00,42616.0,42654.0,42614.0,42619.0,4131,4,0.0,4.0,True,2024-10-01 02:00:00,2.0,2024-10-01,False,False
2024-10-01 05:00:00+00:00,42618.5,42641.0,42519.5,42540.0,11976,4,0.0,2.875,True,2024-10-01 06:00:00,6.0,2024-10-01,False,False
2024-10-01 09:00:00+00:00,42539.5,42578.5,42484.0,42530.0,10562,4,0.0,2.5,True,2024-10-01 10:00:00,10.0,2024-10-01,False,False
2024-10-01 13:00:00+00:00,42529.0,42602.1,42251.6,42471.1,223980,4,0.75,1.5,True,2024-10-01 14:00:00,14.0,2024-10-01,False,False
2024-10-01 17:00:00+00:00,42471.6,42656.6,42308.6,42442.0,129486,4,0.75,2.125,True,2024-10-01 18:00:00,18.0,2024-10-01,True,False
2024-10-01 22:00:00+00:00,42453.5,42474.0,42343.0,42405.5,6700,3,0.0,4.0,True,2024-10-01 23:00:00,23.0,2024-10-01,False,False
2024-10-02 01:00:00+00:00,42406.5,42455.0,42359.5,42376.0,6596,4,0.0,4.0,True,2024-10-02 02:00:00,2.0,2024-10-02,False,False
2024-10-02 05:00:00+00:00,42375.0,42401.5,42307.0,42352.0,16075,4,0.0,2.875,True,2024-10-02 06:00:00,6.0,2024-10-02,False,False
2024-10-02 09:00:00+00:00,42352.5,42436.5,42285.0,42433.0,20498,4,0.0,2.5,True,2024-10-02 10:00:00,10.0,2024-10-02,False,False
2024-10-02 13:00:00+00:00,42433.5,42581.1,42284.6,42426.6,128299,4,0.75,1.5,True,2024-10-02 14:00:00,14.0,2024-10-02,False,False
2024-10-02 17:00:00+00:00,42427.1,42563.0,42414.1,42541.0,47215,4,0.75,2.125,True,2024-10-02 18:00:00,18.0,2024-10-02,True,False
2024-10-02 22:00:00+00:00,42554.5,42574.5,42477.0,42502.0,4398,3,0.0,4.0,True,2024-10-02 23:00:00,23.0,2024-10-02,False,False
2024-10-03 01:00:00+00:00,42501.5,42518.5,42441.5,42444.0,6834,4,0.0,4.0,True,2024-10-03 02:00:00,2.0,2024-10-03,False,False
2024-10-03 05:00:00+00:00,42444.5,42474.0,42275.0,42358.0,16447,4,0.0,2.875,True,2024-10-03 06:00:00,6.0,2024-10-03,False,False
2024-10-03 09:00:00+00:00,42358.5,42449.5,42334.5,42356.0,15256,4,0.0,2.5,True,2024-10-03 10:00:00,10.0,2024-10-03,False,False
2024-10-03 13:00:00+00:00,42356.5,42439.6,42142.6,42212.6,183352,4,0.75,1.5,True,2024-10-03 14:00:00,14.0,2024-10-03,False,False
2024-10-03 17:00:00+00:00,42212.1,42340.6,42158.1,42298.5,74303,4,0.75,2.125,True,2024-10-03 18:00:00,18.0,2024-10-03,True,False
2024-10-03 22:00:00+00:00,42296.5,42317.0,42255.5,42289.0,5377,3,0.0,4.0,True,2024-10-03 23:00:00,23.0,2024-10-03,False,False
2024-10-04 01:00:00+00:00,42289.5,42352.0,42268.0,42302.0,7982,4,0.0,4.0,True,2024-10-04 02:00:00,2.0,2024-10-04,False,False
2024-10-04 05:00:00+00:00,42302.5,42340.5,42252.0,42274.0,11802,4,0.0,2.875,True,2024-10-04 06:00:00,6.0,2024-10-04,False,False
2024-10-04 09:00:00+00:00,42274.5,42588.0,42268.5,42573.5,24548,4,0.0,2.5,True,2024-10-04 10:00:00,10.0,2024-10-04,False,False
2024-10-04 13:00:00+00:00,42574.0,42641.6,42266.1,42501.6,144628,4,0.75,1.5,True,2024-10-04 14:00:00,14.0,2024-10-04,False,False
2024-10-04 17:00:00+00:00,42502.1,42667.1,42405.1,42651.0,52002,4,0.75,2.125,True,2024-10-04 18:00:00,18.0,2024-10-04,True,False
2024-10-06 22:00:00+00:00,42673.5,42704.0,42637.5,42649.0,5404,3,0.0,4.0,True,2024-10-06 23:00:00,23.0,2024-10-06,False,False
2024-10-07 01:00:00+00:00,42649.5,42692.0,42617.5,42633.0,7592,4,0.0,4.0,True,2024-10-07 02:00:00,2.0,2024-10-07,False,False
2024-10-07 05:00:00+00:00,42632.5,42635.0,42480.0,42485.5,15060,4,0.0,2.875,True,2024-10-07 06:00:00,6.0,2024-10-07,False,False
2024-10-07 09:00:00+00:00,42485.0,42501.0,42423.5,42489.0,13774,4,0.0,2.5,True,2024-10-07 10:00:00,10.0,2024-10-07,False,False
2024-10-07 13:00:00+00:00,42490.0,42594.1,42352.1,42417.6,114525,4,0.75,1.5,True,2024-10-07 14:00:00,14.0,2024-10-07,False,False
2024-10-07 17:00:00+00:00,42418.1,42443.6,42117.6,42260.5,102704,4,0.75,2.125,True,2024-10-07 18:00:00,18.0,2024-10-07,True,False
2024-10-07 22:00:00+00:00,42273.5,42282.0,42091.0,42263.5,10142,3,0.0,4.0,True,2024-10-07 23:00:00,23.0,2024-10-07,False,False
2024-10-08 01:00:00+00:00,42264.0,42267.5,42194.0,42227.5,10351,4,0.0,4.0,True,2024-10-08 02:00:00,2.0,2024-10-08,False,False
2024-10-08 05:00:00+00:00,42227.0,42264.0,42164.0,42245.5,19736,4,0.0,2.875,True,2024-10-08 06:00:00,6.0,2024-10-08,False,False
2024-10-08 09:00:00+00:00,42246.0,42340.0,42246.0,42306.0,14057,4,0.0,2.5,True,2024-10-08 10:00:00,10.0,2024-10-08,False,False
2024-10-08 13:00:00+00:00,42306.5,42380.6,42161.6,42314.6,77594,4,0.75,1.5,True,2024-10-08 14:00:00,14.0,2024-10-08,False,False
2024-10-08 17:00:00+00:00,42314.1,42427.1,42222.1,42363.5,32958,4,0.75,2.125,True,2024-10-08 18:00:00,18.0,2024-10-08,True,False
2024-10-08 22:00:00+00:00,42367.5,42386.5,42335.5,42341.0,2265,3,0.0,4.0,True,2024-10-08 23:00:00,23.0,2024-10-08,False,False
2024-10-09 01:00:00+00:00,42341.5,42361.5,42320.5,42327.0,5212,4,0.0,4.0,True,2024-10-09 02:00:00,2.0,2024-10-09,False,False
2024-10-09 05:00:00+00:00,42327.5,42352.0,42254.0,42277.0,11519,4,0.0,2.875,True,2024-10-09 06:00:00,6.0,2024-10-09,False,False
2024-10-09 09:00:00+00:00,42275.5,42375.0,42275.0,42357.0,9038,4,0.0,2.5,True,2024-10-09 10:00:00,10.0,2024-10-09,False,False
2024-10-09 13:00:00+00:00,42356.5,42791.1,42288.1,42716.1,92479,4,0.75,1.5,True,2024-10-09 14:00:00,14.0,2024-10-09,False,False
2024-10-09 17:00:00+00:00,42715.6,42864.6,42655.1,42805.5,54583,4,0.75,2.125,True,2024-10-09 18:00:00,18.0,2024-10-09,True,False
2024-10-09 22:00:00+00:00,42802.0,42837.0,42790.5,42825.0,3018,3,0.0,4.0,True,2024-10-09 23:00:00,23.0,2024-10-09,False,False
2024-10-10 01:00:00+00:00,42824.5,42844.0,42820.0,42822.5,4487,4,0.0,4.0,True,2024-10-10 02:00:00,2.0,2024-10-10,False,False
2024-10-10 05:00:00+00:00,42822.0,42830.0,42729.5,42755.0,7141,4,0.0,2.875,True,2024-10-10 06:00:00,6.0,2024-10-10,False,False
2024-10-10 09:00:00+00:00,42754.5,42839.0,42665.0,42714.0,18708,4,0.0,2.5,True,2024-10-10 10:00:00,10.0,2024-10-10,False,False
2024-10-10 13:00:00+00:00,42713.5,42794.6,42616.1,42699.1,106468,4,0.75,1.5,True,2024-10-10 14:00:00,14.0,2024-10-10,False,False
2024-10-10 17:00:00+00:00,42699.6,42776.5,42586.6,42753.5,53502,4,0.75,2.125,True,2024-10-10 18:00:00,18.0,2024-10-10,True,False
2024-10-10 22:00:00+00:00,42752.0,42798.5,42747.0,42765.5,3017,3,0.0,4.0,True,2024-10-10 23:00:00,23.0,2024-10-10,False,False
2024-10-11 01:00:00+00:00,42766.0,42781.0,42737.5,42739.0,2530,4,0.0,4.0,True,2024-10-11 02:00:00,2.0,2024-10-11,False,False
2024-10-11 05:00:00+00:00,42738.0,42743.0,42681.0,42699.0,7234,4,0.0,2.875,True,2024-10-11 06:00:00,6.0,2024-10-11,False,False
2024-10-11 09:00:00+00:00,42699.5,42803.0,42666.5,42735.5,14225,4,0.0,2.5,True,2024-10-11 10:00:00,10.0,2024-10-11,False,False
2024-10-11 13:00:00+00:00,42736.0,43115.1,42726.5,43031.1,93286,4,0.75,1.5,True,2024-10-11 14:00:00,14.0,2024-10-11,False,False
2024-10-11 17:00:00+00:00,43031.6,43179.1,42988.1,43133.0,38561,4,0.75,2.125,True,2024-10-11 18:00:00,18.0,2024-10-11,True,False
2024-10-13 22:00:00+00:00,43095.4,43151.5,43092.6,43132.0,3082,3,0.0,4.0,True,2024-10-13 23:00:00,23.0,2024-10-13,False,False
2024-10-14 01:00:00+00:00,43131.5,43153.0,43106.0,43133.0,4442,4,0.0,4.0,True,2024-10-14 02:00:00,2.0,2024-10-14,False,False
2024-10-14 05:00:00+00:00,43133.5,43170.0,43095.5,43104.0,6957,4,0.0,2.875,True,2024-10-14 06:00:00,6.0,2024-10-14,False,False
2024-10-14 09:00:00+00:00,43104.5,43130.5,43057.0,43075.0,7975,4,0.0,2.5,True,2024-10-14 10:00:00,10.0,2024-10-14,False,False
2024-10-14 13:00:00+00:00,43074.5,43349.1,42986.1,43335.1,69026,4,0.75,1.5,True,2024-10-14 14:00:00,14.0,2024-10-14,False,False
2024-10-14 17:00:00+00:00,43334.6,43420.0,43267.6,43414.5,27661,4,0.75,2.125,True,2024-10-14 18:00:00,18.0,2024-10-14,True,False
2024-10-14 22:00:00+00:00,43404.0,43427.0,43390.0,43413.5,3030,3,0.0,4.0,True,2024-10-14 23:00:00,23.0,2024-10-14,False,False
2024-10-15 01:00:00+00:00,43413.0,43437.5,43407.5,43418.0,2644,4,0.0,4.0,True,2024-10-15 02:00:00,2.0,2024-10-15,False,False
2024-10-15 05:00:00+00:00,43417.5,43445.5,43389.5,43417.0,6771,4,0.0,2.875,True,2024-10-15 06:00:00,6.0,2024-10-15,False,False
2024-10-15 09:00:00+00:00,43417.5,43433.0,43314.5,43321.0,13518,4,0.0,2.5,True,2024-10-15 10:00:00,10.0,2024-10-15,False,False
2024-10-15 13:00:00+00:00,43321.5,43322.0,43022.1,43202.1,132005,4,0.75,1.5,True,2024-10-15 14:00:00,14.0,2024-10-15,False,False
2024-10-15 17:00:00+00:00,43203.1,43226.1,42966.6,43000.0,57490,4,0.75,2.125,True,2024-10-15 18:00:00,18.0,2024-10-15,True,False
2024-10-15 22:00:00+00:00,43018.0,43025.5,42965.5,43002.5,4236,3,0.0,4.0,True,2024-10-15 23:00:00,23.0,2024-10-15,False,False
2024-10-16 01:00:00+00:00,43002.0,43025.5,42990.0,43006.0,3343,4,0.0,4.0,True,2024-10-16 02:00:00,2.0,2024-10-16,False,False
2024-10-16 05:00:00+00:00,43007.0,43008.0,42937.0,42990.0,10626,4,0.0,2.875,True,2024-10-16 06:00:00,6.0,2024-10-16,False,False
2024-10-16 09:00:00+00:00,42990.5,43052.0,42973.5,43018.0,8992,4,0.0,2.5,True,2024-10-16 10:00:00,10.0,2024-10-16,False,False
2024-10-16 13:00:00+00:00,43018.5,43283.1,42947.6,43268.6,92382,4,0.75,1.5,True,2024-10-16 14:00:00,14.0,2024-10-16,False,False
2024-10-16 17:00:00+00:00,43269.6,43369.1,43224.6,43335.5,32205,4,0.75,2.125,True,2024-10-16 18:00:00,18.0,2024-10-16,True,False
2024-10-16 22:00:00+00:00,43332.5,43340.0,43283.5,43308.0,3291,3,0.0,4.0,True,2024-10-16 23:00:00,23.0,2024-10-16,False,False
2024-10-17 01:00:00+00:00,43308.5,43320.5,43265.0,43279.0,3748,4,0.0,4.0,True,2024-10-17 02:00:00,2.0,2024-10-17,False,False
2024-10-17 05:00:00+00:00,43278.5,43361.0,43254.0,43356.0,10654,4,0.0,2.875,True,2024-10-17 06:00:00,6.0,2024-10-17,False,False
2024-10-17 09:00:00+00:00,43355.5,43458.5,43307.0,43435.0,14084,4,0.0,2.5,True,2024-10-17 10:00:00,10.0,2024-10-17,False,False
2024-10-17 13:00:00+00:00,43434.5,43542.1,43372.6,43534.1,106017,4,0.75,1.5,True,2024-10-17 14:00:00,14.0,2024-10-17,False,False
2024-10-17 17:00:00+00:00,43534.6,43549.6,43424.1,43491.0,45172,4,0.75,2.125,True,2024-10-17 18:00:00,18.0,2024-10-17,True,False
2024-10-17 22:00:00+00:00,43488.0,43527.0,43452.5,43490.0,4266,3,0.0,4.0,True,2024-10-17 23:00:00,23.0,2024-10-17,False,False
2024-10-18 01:00:00+00:00,43490.5,43511.0,43468.5,43486.0,3825,4,0.0,4.0,True,2024-10-18 02:00:00,2.0,2024-10-18,False,False
2024-10-18 05:00:00+00:00,43486.5,43535.0,43449.0,43525.0,5679,4,0.0,2.875,True,2024-10-18 06:00:00,6.0,2024-10-18,False,False
2024-10-18 09:00:00+00:00,43525.5,43558.0,43418.0,43418.0,9442,4,0.0,2.5,True,2024-10-18 10:00:00,10.0,2024-10-18,False,False
2024-10-18 13:00:00+00:00,43417.5,43572.1,43286.1,43517.1,81306,4,0.75,1.5,True,2024-10-18 14:00:00,14.0,2024-10-18,False,False
2024-10-18 17:00:00+00:00,43516.6,43580.1,43447.1,43539.0,34690,4,0.75,2.125,True,2024-10-18 18:00:00,18.0,2024-10-18,True,False
2024-10-20 22:00:00+00:00,43555.5,43575.5,43545.0,43571.5,3495,3,0.0,4.0,True,2024-10-20 23:00:00,23.0,2024-10-20,False,False
2024-10-21 01:00:00+00:00,43572.0,43578.0,43533.5,43538.0,3980,4,0.0,4.0,True,2024-10-21 02:00:00,2.0,2024-10-21,False,False
2024-10-21 05:00:00+00:00,43537.5,43575.0,43523.0,43539.5,7457,4,0.0,2.875,True,2024-10-21 06:00:00,6.0,2024-10-21,False,False
2024-10-21 09:00:00+00:00,43539.0,43547.0,43404.5,43470.5,13877,4,0.0,2.5,True,2024-10-21 10:00:00,10.0,2024-10-21,False,False
2024-10-21 13:00:00+00:00,43471.0,43551.1,43110.6,43236.1,110992,4,0.75,1.5,True,2024-10-21 14:00:00,14.0,2024-10-21,False,False
2024-10-21 17:00:00+00:00,43236.6,43246.6,43124.6,43186.0,45369,4,0.75,2.125,True,2024-10-21 18:00:00,18.0,2024-10-21,True,False
2024-10-21 22:00:00+00:00,43196.5,43196.5,43117.5,43119.0,3857,3,0.0,4.0,True,2024-10-21 23:00:00,23.0,2024-10-21,False,False
2024-10-22 01:00:00+00:00,43118.0,43144.5,43101.0,43101.0,6487,4,0.0,4.0,True,2024-10-22 02:00:00,2.0,2024-10-22,False,False
2024-10-22 05:00:00+00:00,43101.5,43127.5,43043.0,43048.0,11897,4,0.0,2.875,True,2024-10-22 06:00:00,6.0,2024-10-22,False,False
2024-10-22 09:00:00+00:00,43047.5,43056.5,42951.0,43026.5,19022,4,0.0,2.5,True,2024-10-22 10:00:00,10.0,2024-10-22,False,False
2024-10-22 13:00:00+00:00,43027.0,43184.6,42946.6,43165.1,84868,4,0.75,1.5,True,2024-10-22 14:00:00,14.0,2024-10-22,False,False
2024-10-22 17:00:00+00:00,43165.6,43284.1,42975.0,42975.5,40127,4,0.75,2.125,True,2024-10-22 18:00:00,18.0,2024-10-22,True,False
2024-10-22 22:00:00+00:00,43033.0,43061.0,42998.0,43032.5,3129,3,0.0,4.0,True,2024-10-22 23:00:00,23.0,2024-10-22,False,False
2024-10-23 01:00:00+00:00,43032.0,43058.0,43026.5,43054.0,3998,4,0.0,4.0,True,2024-10-23 02:00:00,2.0,2024-10-23,False,False
2024-10-23 05:00:00+00:00,43053.0,43064.5,42997.0,43000.0,7214,4,0.0,2.875,True,2024-10-23 06:00:00,6.0,2024-10-23,False,False
2024-10-23 09:00:00+00:00,42999.5,43027.0,42903.5,42918.0,11699,4,0.0,2.5,True,2024-10-23 10:00:00,10.0,2024-10-23,False,False
2024-10-23 13:00:00+00:00,42918.5,43003.1,42714.6,42768.1,108730,4,0.75,1.5,True,2024-10-23 14:00:00,14.0,2024-10-23,False,False
2024-10-23 17:00:00+00:00,42768.6,42780.1,42511.6,42671.0,74656,4,0.75,2.125,True,2024-10-23 18:00:00,18.0,2024-10-23,True,False
2024-10-23 22:00:00+00:00,42660.5,42714.5,42646.0,42710.0,4555,3,0.0,4.0,True,2024-10-23 23:00:00,23.0,2024-10-23,False,False
2024-10-24 01:00:00+00:00,42709.5,42715.5,42666.5,42671.0,5922,4,0.0,4.0,True,2024-10-24 02:00:00,2.0,2024-10-24,False,False
2024-10-24 05:00:00+00:00,42671.5,42747.0,42660.0,42713.0,11274,4,0.0,2.875,True,2024-10-24 06:00:00,6.0,2024-10-24,False,False
2024-10-24 09:00:00+00:00,42712.5,42719.0,42632.0,42700.0,11784,4,0.0,2.5,True,2024-10-24 10:00:00,10.0,2024-10-24,False,False
2024-10-24 13:00:00+00:00,42699.5,42709.0,42410.1,42555.6,100934,4,0.75,1.5,True,2024-10-24 14:00:00,14.0,2024-10-24,False,False
2024-10-24 17:00:00+00:00,42555.1,42643.1,42524.1,42610.5,45228,4,0.75,2.125,True,2024-10-24 18:00:00,18.0,2024-10-24,True,False
2024-10-24 22:00:00+00:00,42617.0,42631.5,42589.5,42618.0,3648,3,0.0,4.0,True,2024-10-24 23:00:00,23.0,2024-10-24,False,False
2024-10-25 01:00:00+00:00,42617.5,42630.0,42574.0,42578.5,4419,4,0.0,4.0,True,2024-10-25 02:00:00,2.0,2024-10-25,False,False
2024-10-25 05:00:00+00:00,42579.0,42659.0,42561.5,42651.0,9913,4,0.0,2.875,True,2024-10-25 06:00:00,6.0,2024-10-25,False,False
2024-10-25 09:00:00+00:00,42650.5,42733.5,42649.0,42725.0,9626,4,0.0,2.5,True,2024-10-25 10:00:00,10.0,2024-10-25,False,False
2024-10-25 13:00:00+00:00,42725.5,42811.6,42467.1,42509.1,86404,4,0.75,1.5,True,2024-10-25 14:00:00,14.0,2024-10-25,False,False
2024-10-25 17:00:00+00:00,42509.6,42511.1,42245.1,42294.0,82323,4,0.75,2.125,True,2024-10-25 18:00:00,18.0,2024-10-25,True,False
2024-10-27 22:00:00+00:00,42438.0,42537.0,42396.5,42495.5,10442,4,0.0,4.0,True,2024-10-27 22:00:00,22.0,2024-10-27,False,False
2024-10-28 02:00:00+00:00,42496.0,42517.5,42463.0,42465.5,6561,4,0.0,4.0,True,2024-10-28 02:00:00,2.0,2024-10-28,False,False
2024-10-28 06:00:00+00:00,42465.0,42543.5,42456.0,42534.5,15178,4,0.0,2.875,True,2024-10-28 06:00:00,6.0,2024-10-28,False,False
2024-10-28 10:00:00+00:00,42534.0,42673.6,42402.5,42600.1,42861,4,0.0,2.25,True,2024-10-28 10:00:00,10.0,2024-10-28,False,False
2024-10-28 14:00:00+00:00,42600.6,42690.1,42532.6,42651.1,79017,4,1.0,1.5,True,2024-10-28 14:00:00,14.0,2024-10-28,True,False
2024-10-28 18:00:00+00:00,42651.6,42672.6,42586.6,42626.5,31984,3,0.6666666666666666,2.3333333333333335,True,2024-10-28 18:00:00,18.0,2024-10-28,True,False
2024-10-28 22:00:00+00:00,42638.0,42639.0,42559.0,42571.0,7358,4,0.0,4.0,True,2024-10-28 22:00:00,22.0,2024-10-28,False,False
2024-10-29 02:00:00+00:00,42572.0,42583.5,42514.5,42567.0,7310,4,0.0,4.0,True,2024-10-29 02:00:00,2.0,2024-10-29,False,False
2024-10-29 06:00:00+00:00,42566.5,42631.0,42526.5,42606.0,17066,4,0.0,2.875,True,2024-10-29 06:00:00,6.0,2024-10-29,False,False
2024-10-29 10:00:00+00:00,42605.5,42608.0,42364.6,42511.6,48129,4,0.0,2.25,True,2024-10-29 10:00:00,10.0,2024-10-29,False,False
2024-10-29 14:00:00+00:00,42512.1,42697.1,42455.6,42508.6,80735,4,1.0,1.5,True,2024-10-29 14:00:00,14.0,2024-10-29,True,False
2024-10-29 18:00:00+00:00,42509.1,42554.1,42424.0,42505.0,28039,3,0.6666666666666666,2.3333333333333335,True,2024-10-29 18:00:00,18.0,2024-10-29,True,False
2024-10-29 22:00:00+00:00,42516.0,42540.0,42474.5,42535.0,7109,4,0.0,4.0,True,2024-10-29 22:00:00,22.0,2024-10-29,False,False
2024-10-30 02:00:00+00:00,42534.5,42535.0,42426.0,42441.0,6896,4,0.0,4.0,True,2024-10-30 02:00:00,2.0,2024-10-30,False,False
2024-10-30 06:00:00+00:00,42442.0,42514.5,42433.0,42456.0,13436,4,0.0,2.875,True,2024-10-30 06:00:00,6.0,2024-10-30,False,False
2024-10-30 10:00:00+00:00,42456.5,42558.6,42307.5,42552.1,49421,4,0.0,2.25,True,2024-10-30 10:00:00,10.0,2024-10-30,False,False
2024-10-30 14:00:00+00:00,42552.6,42660.1,42422.1,42441.1,85912,4,1.0,1.5,True,2024-10-30 14:00:00,14.0,2024-10-30,True,False
2024-10-30 18:00:00+00:00,42440.6,42523.6,42293.0,42348.0,47909,3,0.6666666666666666,2.3333333333333335,True,2024-10-30 18:00:00,18.0,2024-10-30,True,False
2024-10-30 22:00:00+00:00,42319.5,42357.5,42281.5,42324.0,10503,4,0.0,4.0,True,2024-10-30 22:00:00,22.0,2024-10-30,False,False
2024-10-31 02:00:00+00:00,42323.5,42329.0,42275.5,42276.0,7200,4,0.0,4.0,True,2024-10-31 02:00:00,2.0,2024-10-31,False,False
2024-10-31 06:00:00+00:00,42276.5,42285.5,42101.0,42154.0,17441,4,0.0,2.875,True,2024-10-31 06:00:00,6.0,2024-10-31,False,False
2024-10-31 10:00:00+00:00,42154.5,42194.0,42025.6,42153.1,58186,4,0.0,2.25,True,2024-10-31 10:00:00,10.0,2024-10-31,False,False
2024-10-31 14:00:00+00:00,42152.6,42166.1,41872.6,42050.1,115597,4,1.0,1.5,True,2024-10-31 14:00:00,14.0,2024-10-31,True,False
2024-10-31 18:00:00+00:00,42050.6,42140.6,41927.1,41948.0,65110,3,0.6666666666666666,2.3333333333333335,True,2024-10-31 18:00:00,18.0,2024-10-31,True,False
2024-10-31 22:00:00+00:00,41963.0,42004.0,41909.5,41944.5,11015,4,0.0,4.0,True,2024-10-31 22:00:00,22.0,2024-10-31,False,False
2024-11-01 02:00:00+00:00,41945.0,42014.5,41892.5,42006.5,8122,4,0.0,4.0,True,2024-11-01 02:00:00,2.0,2024-11-01,False,False
2024-11-01 06:00:00+00:00,42007.0,42051.0,41938.0,42046.0,15329,4,0.0,2.875,True,2024-11-01 06:00:00,6.0,2024-11-01,False,False
2024-11-01 10:00:00+00:00,42046.5,42276.6,42044.5,42230.6,49157,4,0.0,2.25,True,2024-11-01 10:00:00,10.0,2024-11-01,False,False
2024-11-01 14:00:00+00:00,42231.1,42495.1,42193.6,42205.1,107552,4,1.0,1.5,True,2024-11-01 14:00:00,14.0,2024-11-01,True,False
2024-11-01 18:00:00+00:00,42204.6,42322.6,42155.1,42221.0,45950,3,0.6666666666666666,2.3333333333333335,True,2024-11-01 18:00:00,18.0,2024-11-01,True,False
2024-11-03 23:00:00+00:00,42090.5,42128.5,42042.5,42108.0,8720,3,0.0,4.0,True,2024-11-03 23:00:00,23.0,2024-11-03,False,False
2024-11-04 02:00:00+00:00,42109.0,42207.5,42098.0,42174.5,6819,4,0.0,4.0,True,2024-11-04 02:00:00,2.0,2024-11-04,False,False
2024-11-04 06:00:00+00:00,42174.0,42221.5,42109.0,42219.0,17501,4,0.0,2.875,True,2024-11-04 06:00:00,6.0,2024-11-04,False,False
2024-11-04 10:00:00+00:00,42218.0,42277.5,42164.0,42172.0,16992,4,0.0,2.5,True,2024-11-04 10:00:00,10.0,2024-11-04,False,False
2024-11-04 14:00:00+00:00,42173.0,42183.6,41791.6,42028.1,126734,4,0.75,1.5,True,2024-11-04 14:00:00,14.0,2024-11-04,False,False
2024-11-04 18:00:00+00:00,42028.6,42046.6,41914.6,41985.0,62810,4,0.75,2.125,True,2024-11-04 18:00:00,18.0,2024-11-04,True,False
2024-11-04 23:00:00+00:00,42010.0,42011.0,41917.5,41983.0,8192,3,0.0,4.0,True,2024-11-04 23:00:00,23.0,2024-11-04,False,False
2024-11-05 02:00:00+00:00,41982.5,42007.0,41949.5,42000.0,6222,4,0.0,4.0,True,2024-11-05 02:00:00,2.0,2024-11-05,False,False
2024-11-05 06:00:00+00:00,42000.5,42034.5,41947.0,41996.0,12944,4,0.0,2.875,True,2024-11-05 06:00:00,6.0,2024-11-05,False,False
2024-11-05 10:00:00+00:00,41995.5,42036.0,41957.5,41985.0,12141,4,0.0,2.5,True,2024-11-05 10:00:00,10.0,2024-11-05,False,False
2024-11-05 14:00:00+00:00,41984.5,42417.6,41917.1,42404.1,106360,4,0.75,1.5,True,2024-11-05 14:00:00,14.0,2024-11-05,False,False
2024-11-05 18:00:00+00:00,42404.6,42459.5,42249.6,42458.5,63289,4,0.75,2.125,True,2024-11-05 18:00:00,18.0,2024-11-05,True,False
2024-11-05 23:00:00+00:00,42440.0,42734.0,42416.0,42666.5,14424,3,0.0,4.0,True,2024-11-05 23:00:00,23.0,2024-11-05,False,False
2024-11-06 02:00:00+00:00,42666.0,43019.5,42646.5,42956.5,28384,4,0.0,4.0,True,2024-11-06 02:00:00,2.0,2024-11-06,False,False
2024-11-06 06:00:00+00:00,42956.0,43565.0,42910.0,43565.0,38733,4,0.0,2.875,True,2024-11-06 06:00:00,6.0,2024-11-06,False,False
2024-11-06 10:00:00+00:00,43565.5,43780.5,43533.0,43620.0,33948,4,0.0,2.5,True,2024-11-06 10:00:00,10.0,2024-11-06,False,False
2024-11-06 14:00:00+00:00,43619.5,43796.1,43524.0,43777.6,145626,4,0.75,1.5,True,2024-11-06 14:00:00,14.0,2024-11-06,False,False
2024-11-06 18:00:00+00:00,43778.6,43964.5,43769.6,43962.0,46678,4,0.75,2.125,True,2024-11-06 18:00:00,18.0,2024-11-06,True,False
2024-11-06 23:00:00+00:00,43955.5,43963.0,43873.0,43945.0,9304,3,0.0,4.0,True,2024-11-06 23:00:00,23.0,2024-11-06,False,False
2024-11-07 02:00:00+00:00,43944.5,44017.0,43930.5,44001.0,7839,4,0.0,4.0,True,2024-11-07 02:00:00,2.0,2024-11-07,False,False
2024-11-07 06:00:00+00:00,44001.5,44019.0,43925.5,43957.0,14309,4,0.0,2.875,True,2024-11-07 06:00:00,6.0,2024-11-07,False,False
2024-11-07 10:00:00+00:00,43957.5,44015.0,43864.0,43922.0,14873,4,0.0,2.5,True,2024-11-07 10:00:00,10.0,2024-11-07,False,False
2024-11-07 14:00:00+00:00,43921.5,43967.1,43806.1,43941.1,78839,4,0.75,1.5,True,2024-11-07 14:00:00,14.0,2024-11-07,False,False
2024-11-07 18:00:00+00:00,43941.6,43989.1,43806.1,43932.0,70409,4,0.75,2.125,True,2024-11-07 18:00:00,18.0,2024-11-07,True,False
2024-11-07 23:00:00+00:00,43944.0,43952.0,43904.5,43922.0,5752,3,0.0,4.0,True,2024-11-07 23:00:00,23.0,2024-11-07,False,False
2024-11-08 02:00:00+00:00,43921.5,43931.5,43887.5,43921.0,5128,4,0.0,4.0,True,2024-11-08 02:00:00,2.0,2024-11-08,False,False
2024-11-08 06:00:00+00:00,43922.0,43947.0,43884.0,43891.0,11954,4,0.0,2.875,True,2024-11-08 06:00:00,6.0,2024-11-08,False,False
2024-11-08 10:00:00+00:00,43891.5,43949.0,43854.0,43928.5,15700,4,0.0,2.5,True,2024-11-08 10:00:00,10.0,2024-11-08,False,False
2024-11-08 14:00:00+00:00,43929.0,44186.6,43877.6,44137.1,82291,4,0.75,1.5,True,2024-11-08 14:00:00,14.0,2024-11-08,False,False
2024-11-08 18:00:00+00:00,44137.6,44299.6,44097.6,44149.0,47482,4,0.75,2.125,True,2024-11-08 18:00:00,18.0,2024-11-08,True,False
2024-11-10 23:00:00+00:00,44171.0,44197.0,44142.0,44167.0,5088,3,0.0,4.0,True,2024-11-10 23:00:00,23.0,2024-11-10,False,False
2024-11-11 02:00:00+00:00,44167.5,44183.5,44154.0,44171.0,3500,4,0.0,4.0,True,2024-11-11 02:00:00,2.0,2024-11-11,False,False
2024-11-11 06:00:00+00:00,44171.5,44269.0,44167.5,44263.0,7418,4,0.0,2.875,True,2024-11-11 06:00:00,6.0,2024-11-11,False,False
2024-11-11 10:00:00+00:00,44263.5,44353.5,44256.0,44305.0,9954,4,0.0,2.5,True,2024-11-11 10:00:00,10.0,2024-11-11,False,False
2024-11-11 14:00:00+00:00,44306.0,44625.1,44286.0,44447.6,68672,4,0.75,1.5,True,2024-11-11 14:00:00,14.0,2024-11-11,False,False
2024-11-11 18:00:00+00:00,44446.9,44476.1,44377.1,44421.1,27540,4,0.75,2.125,True,2024-11-11 18:00:00,18.0,2024-11-11,True,False
2024-11-11 23:00:00+00:00,44415.0,44420.5,44368.1,44397.1,8559,3,0.0,4.0,True,2024-11-11 23:00:00,23.0,2024-11-11,False,False
2024-11-12 02:00:00+00:00,44396.9,44403.6,44358.9,44379.9,8704,4,0.0,4.0,True,2024-11-12 02:00:00,2.0,2024-11-12,False,False
2024-11-12 06:00:00+00:00,44380.6,44425.0,44355.5,44390.0,10673,4,0.0,2.875,True,2024-11-12 06:00:00,6.0,2024-11-12,False,False
2024-11-12 10:00:00+00:00,44389.5,44531.5,44344.5,44505.0,17537,4,0.0,2.5,True,2024-11-12 10:00:00,10.0,2024-11-12,False,False
2024-11-12 14:00:00+00:00,44506.0,44556.6,44058.1,44067.1,72872,4,0.75,1.5,True,2024-11-12 14:00:00,14.0,2024-11-12,False,False
2024-11-12 18:00:00+00:00,44067.6,44292.1,44040.6,44082.5,45153,4,0.75,2.125,True,2024-11-12 18:00:00,18.0,2024-11-12,True,False
2024-11-12 23:00:00+00:00,44080.5,44082.0,44014.0,44027.0,6884,3,0.0,4.0,True,2024-11-12 23:00:00,23.0,2024-11-12,False,False
2024-11-13 02:00:00+00:00,44028.0,44050.0,43974.5,43977.0,6116,4,0.0,4.0,True,2024-11-13 02:00:00,2.0,2024-11-13,False,False
2024-11-13 06:00:00+00:00,43976.5,44001.5,43896.0,43991.0,13082,4,0.0,2.875,True,2024-11-13 06:00:00,6.0,2024-11-13,False,False
2024-11-13 10:00:00+00:00,43992.0,44174.0,43923.5,44078.0,20596,4,0.0,2.5,True,2024-11-13 10:00:00,10.0,2024-11-13,False,False
2024-11-13 14:00:00+00:00,44077.5,44279.6,43966.1,44269.1,110757,4,0.75,1.5,True,2024-11-13 14:00:00,14.0,2024-11-13,False,False
2024-11-13 18:00:00+00:00,44270.1,44279.1,44061.6,44137.0,55432,4,0.75,2.125,True,2024-11-13 18:00:00,18.0,2024-11-13,True,False
2024-11-13 23:00:00+00:00,44127.5,44154.5,44097.0,44098.0,5330,3,0.0,4.0,True,2024-11-13 23:00:00,23.0,2024-11-13,False,False
2024-11-14 02:00:00+00:00,44097.0,44106.0,44045.0,44059.0,6241,4,0.0,4.0,True,2024-11-14 02:00:00,2.0,2024-11-14,False,False
2024-11-14 06:00:00+00:00,44058.5,44177.5,44029.5,44148.0,13058,4,0.0,2.875,True,2024-11-14 06:00:00,6.0,2024-11-14,False,False
2024-11-14 10:00:00+00:00,44148.5,44250.0,44111.0,44190.0,18326,4,0.0,2.5,True,2024-11-14 10:00:00,10.0,2024-11-14,False,False
2024-11-14 14:00:00+00:00,44190.0,44217.5,43891.1,43969.1,106870,4,0.75,1.5,True,2024-11-14 14:00:00,14.0,2024-11-14,False,False
2024-11-14 18:00:00+00:00,43968.6,44026.1,43816.5,43887.0,74787,4,0.75,2.125,True,2024-11-14 18:00:00,18.0,2024-11-14,True,False
2024-11-14 23:00:00+00:00,43907.0,43909.5,43778.0,43787.0,8604,3,0.0,4.0,True,2024-11-14 23:00:00,23.0,2024-11-14,False,False
2024-11-15 02:00:00+00:00,43786.0,43819.0,43762.0,43772.0,6740,4,0.0,4.0,True,2024-11-15 02:00:00,2.0,2024-11-15,False,False
2024-11-15 06:00:00+00:00,43771.5,43773.0,43619.0,43691.0,18492,4,0.0,2.875,True,2024-11-15 06:00:00,6.0,2024-11-15,False,False
2024-11-15 10:00:00+00:00,43690.5,43797.0,43678.0,43726.0,17433,4,0.0,2.5,True,2024-11-15 10:00:00,10.0,2024-11-15,False,False
2024-11-15 14:00:00+00:00,43725.0,43781.6,43477.6,43531.1,132221,4,0.75,1.5,True,2024-11-15 14:00:00,14.0,2024-11-15,False,False
2024-11-15 18:00:00+00:00,43530.6,43647.1,43483.6,43594.5,68383,4,0.75,2.125,True,2024-11-15 18:00:00,18.0,2024-11-15,True,False
2024-11-17 23:00:00+00:00,43538.5,43619.5,43515.5,43606.0,6188,3,0.0,4.0,True,2024-11-17 23:00:00,23.0,2024-11-17,False,False
2024-11-18 02:00:00+00:00,43605.5,43606.0,43545.0,43576.0,4937,4,0.0,4.0,True,2024-11-18 02:00:00,2.0,2024-11-18,False,False
2024-11-18 06:00:00+00:00,43575.5,43608.0,43441.0,43476.0,17671,4,0.0,2.875,True,2024-11-18 06:00:00,6.0,2024-11-18,False,False
2024-11-18 10:00:00+00:00,43475.5,43538.0,43398.0,43517.0,14130,4,0.0,2.5,True,2024-11-18 10:00:00,10.0,2024-11-18,False,False
2024-11-18 14:00:00+00:00,43516.0,43653.6,43434.6,43610.1,77935,4,0.75,1.5,True,2024-11-18 14:00:00,14.0,2024-11-18,False,False
2024-11-18 18:00:00+00:00,43609.1,43616.1,43454.6,43522.5,44480,4,0.75,2.125,True,2024-11-18 18:00:00,18.0,2024-11-18,True,False
2024-11-18 23:00:00+00:00,43521.5,43545.0,43476.5,43532.0,6470,3,0.0,4.0,True,2024-11-18 23:00:00,23.0,2024-11-18,False,False
2024-11-19 02:00:00+00:00,43533.0,43623.0,43518.5,43592.0,7238,4,0.0,4.0,True,2024-11-19 02:00:00,2.0,2024-11-19,False,False
2024-11-19 06:00:00+00:00,43592.5,43613.0,43242.0,43275.0,35853,4,0.0,2.875,True,2024-11-19 06:00:00,6.0,2024-11-19,False,False
2024-11-19 10:00:00+00:00,43274.0,43352.5,43029.0,43035.0,36382,4,0.0,2.5,True,2024-11-19 10:00:00,10.0,2024-11-19,False,False
2024-11-19 14:00:00+00:00,43034.5,43456.1,42993.5,43412.1,113015,4,0.75,1.5,True,2024-11-19 14:00:00,14.0,2024-11-19,False,False
2024-11-19 18:00:00+00:00,43411.1,43528.1,43341.1,43398.5,42855,4,0.75,2.125,True,2024-11-19 18:00:00,18.0,2024-11-19,True,False
2024-11-19 23:00:00+00:00,43402.0,43517.0,43400.5,43458.0,7011,3,0.0,4.0,True,2024-11-19 23:00:00,23.0,2024-11-19,False,False
2024-11-20 02:00:00+00:00,43458.5,43503.0,43438.5,43479.0,5856,4,0.0,4.0,True,2024-11-20 02:00:00,2.0,2024-11-20,False,False
2024-11-20 06:00:00+00:00,43479.5,43555.0,43476.0,43519.0,16641,4,0.0,2.875,True,2024-11-20 06:00:00,6.0,2024-11-20,False,False
2024-11-20 10:00:00+00:00,43518.0,43563.0,43442.5,43482.0,18889,4,0.0,2.5,True,2024-11-20 10:00:00,10.0,2024-11-20,False,False
2024-11-20 14:00:00+00:00,43481.5,43483.0,43181.1,43302.6,110341,4,0.75,1.5,True,2024-11-20 14:00:00,14.0,2024-11-20,False,False
2024-11-20 18:00:00+00:00,43303.6,43588.6,43235.1,43573.0,63789,4,0.75,2.125,True,2024-11-20 18:00:00,18.0,2024-11-20,True,False
2024-11-20 23:00:00+00:00,43571.0,43574.0,43435.0,43446.0,10961,3,0.0,4.0,True,2024-11-20 23:00:00,23.0,2024-11-20,False,False
2024-11-21 02:00:00+00:00,43446.5,43526.0,43445.0,43512.0,7323,4,0.0,4.0,True,2024-11-21 02:00:00,2.0,2024-11-21,False,False
2024-11-21 06:00:00+00:00,43512.5,43576.5,43382.0,43442.0,36941,4,0.0,2.875,True,2024-11-21 06:00:00,6.0,2024-11-21,False,False
2024-11-21 10:00:00+00:00,43441.5,43749.5,43424.0,43678.0,28632,4,0.0,2.5,True,2024-11-21 10:00:00,10.0,2024-11-21,False,False
2024-11-21 14:00:00+00:00,43679.0,44095.1,43445.1,44069.1,138455,4,0.75,1.5,True,2024-11-21 14:00:00,14.0,2024-11-21,False,False
2024-11-21 18:00:00+00:00,44069.6,44146.6,43970.0,43988.5,41447,4,0.75,2.125,True,2024-11-21 18:00:00,18.0,2024-11-21,True,False
2024-11-21 23:00:00+00:00,43970.4,44003.5,43948.0,43985.0,7953,3,0.0,4.0,True,2024-11-21 23:00:00,23.0,2024-11-21,False,False
2024-11-22 02:00:00+00:00,43984.5,44029.0,43937.0,43955.0,10291,4,0.0,4.0,True,2024-11-22 02:00:00,2.0,2024-11-22,False,False
2024-11-22 06:00:00+00:00,43954.5,44052.0,43817.0,43919.0,25780,4,0.0,2.875,True,2024-11-22 06:00:00,6.0,2024-11-22,False,False
2024-11-22 10:00:00+00:00,43919.5,44052.0,43827.0,44011.5,24976,4,0.0,2.5,True,2024-11-22 10:00:00,10.0,2024-11-22,False,False
2024-11-22 14:00:00+00:00,44012.0,44353.1,43997.5,44326.1,126700,4,0.75,1.5,True,2024-11-22 14:00:00,14.0,2024-11-22,False,False
2024-11-22 18:00:00+00:00,44325.6,44434.6,44255.6,44423.0,53761,4,0.75,2.125,True,2024-11-22 18:00:00,18.0,2024-11-22,True,False
2024-11-24 23:00:00+00:00,44593.0,44655.5,44584.0,44640.0,5611,3,0.0,4.0,True,2024-11-24 23:00:00,23.0,2024-11-24,False,False
2024-11-25 02:00:00+00:00,44640.5,44660.5,44638.0,44653.5,5315,4,0.0,4.0,True,2024-11-25 02:00:00,2.0,2024-11-25,False,False
2024-11-25 06:00:00+00:00,44653.0,44703.5,44614.0,44690.0,12958,4,0.0,2.875,True,2024-11-25 06:00:00,6.0,2024-11-25,False,False
2024-11-25 10:00:00+00:00,44690.5,44795.0,44639.0,44778.0,15773,4,0.0,2.5,True,2024-11-25 10:00:00,10.0,2024-11-25,False,False
2024-11-25 14:00:00+00:00,44777.5,44916.1,44609.1,44699.1,128538,4,0.75,1.5,True,2024-11-25 14:00:00,14.0,2024-11-25,False,False
2024-11-25 18:00:00+00:00,44700.1,44891.5,44698.6,44864.0,46661,4,0.75,2.125,True,2024-11-25 18:00:00,18.0,2024-11-25,True,False
2024-11-25 23:00:00+00:00,44871.0,44886.0,44652.0,44761.0,22321,3,0.0,4.0,True,2024-11-25 23:00:00,23.0,2024-11-25,False,False
2024-11-26 02:00:00+00:00,44760.5,44855.5,44760.0,44819.5,9096,4,0.0,4.0,True,2024-11-26 02:00:00,2.0,2024-11-26,False,False
2024-11-26 06:00:00+00:00,44820.0,44860.5,44779.0,44832.0,20925,4,0.0,2.875,True,2024-11-26 06:00:00,6.0,2024-11-26,False,False
2024-11-26 10:00:00+00:00,44832.5,44921.0,44635.5,44677.0,22246,4,0.0,2.5,True,2024-11-26 10:00:00,10.0,2024-11-26,False,False
2024-11-26 14:00:00+00:00,44677.5,44802.1,44533.1,44791.1,91657,4,0.75,1.5,True,2024-11-26 14:00:00,14.0,2024-11-26,False,False
2024-11-26 18:00:00+00:00,44791.6,45002.0,44781.1,44978.5,35370,4,0.75,2.125,True,2024-11-26 18:00:00,18.0,2024-11-26,True,False
2024-11-26 23:00:00+00:00,44976.0,45002.5,44952.0,44998.5,4052,3,0.0,4.0,True,2024-11-26 23:00:00,23.0,2024-11-26,False,False
2024-11-27 02:00:00+00:00,44998.0,45029.0,44960.5,44963.0,4527,4,0.0,4.0,True,2024-11-27 02:00:00,2.0,2024-11-27,False,False
2024-11-27 06:00:00+00:00,44964.0,45002.5,44891.0,44921.0,17159,4,0.0,2.875,True,2024-11-27 06:00:00,6.0,2024-11-27,False,False
2024-11-27 10:00:00+00:00,44920.5,45041.0,44898.0,45015.0,13955,4,0.0,2.5,True,2024-11-27 10:00:00,10.0,2024-11-27,False,False
2024-11-27 14:00:00+00:00,45014.5,45121.1,44855.1,44869.1,78240,4,0.75,1.5,True,2024-11-27 14:00:00,14.0,2024-11-27,False,False
2024-11-27 18:00:00+00:00,44869.6,44883.6,44790.1,44844.0,30981,4,0.75,2.125,True,2024-11-27 18:00:00,18.0,2024-11-27,True,False
2024-11-27 23:00:00+00:00,44831.5,44897.5,44831.5,44889.0,3121,3,0.0,4.0,True,2024-11-27 23:00:00,23.0,2024-11-27,False,False
2024-11-28 02:00:00+00:00,44889.5,44911.5,44879.5,44889.5,2828,4,0.0,4.0,True,2024-11-28 02:00:00,2.0,2024-11-28,False,False
2024-11-28 06:00:00+00:00,44890.5,44897.0,44821.0,44867.0,5868,4,0.0,2.875,True,2024-11-28 06:00:00,6.0,2024-11-28,False,False
2024-11-28 10:00:00+00:00,44868.0,44909.5,44845.5,44890.0,6874,4,0.0,2.5,True,2024-11-28 10:00:00,10.0,2024-11-28,False,False
2024-11-28 14:00:00+00:00,44891.0,44971.1,44873.1,44949.1,9672,4,0.75,1.5,True,2024-11-28 14:00:00,14.0,2024-11-28,False,False
2024-11-28 23:00:00+00:00,44946.5,44954.0,44876.5,44933.0,7179,3,0.0,4.0,True,2024-11-28 23:00:00,23.0,2024-11-28,False,False
2024-11-29 02:00:00+00:00,44932.5,44969.0,44932.0,44947.0,5794,4,0.0,4.0,True,2024-11-29 02:00:00,2.0,2024-11-29,False,False
2024-11-29 06:00:00+00:00,44946.5,44990.5,44916.0,44977.0,13785,4,0.0,2.875,True,2024-11-29 06:00:00,6.0,2024-11-29,False,False
2024-11-29 10:00:00+00:00,44976.5,45005.5,44877.5,44905.0,14358,4,0.0,2.5,True,2024-11-29 10:00:00,10.0,2024-11-29,False,False
2024-11-29 14:00:00+00:00,44905.5,45171.1,44853.5,45054.1,65441,4,0.75,1.5,True,2024-11-29 14:00:00,14.0,2024-11-29,False,False
2024-11-29 18:00:00+00:00,45053.6,45077.6,45036.1,45051.6,2066,1,1.0,1.5,True,2024-11-29 18:00:00,18.0,2024-11-29,True,False
2024-12-01 23:00:00+00:00,45056.5,45064.5,44985.0,44986.0,6801,3,0.0,4.0,True,2024-12-01 23:00:00,23.0,2024-12-01,False,False
2024-12-02 02:00:00+00:00,44985.0,44992.0,44964.0,44968.0,4247,4,0.0,4.0,True,2024-12-02 02:00:00,2.0,2024-12-02,False,False
2024-12-02 06:00:00+00:00,44967.5,45009.5,44940.5,44997.0,7427,4,0.0,2.875,True,2024-12-02 06:00:00,6.0,2024-12-02,False,False
2024-12-02 10:00:00+00:00,44998.0,45056.5,44986.0,45032.0,11129,4,0.0,2.5,True,2024-12-02 10:00:00,10.0,2024-12-02,False,False
2024-12-02 14:00:00+00:00,45032.5,45137.1,44820.1,44874.1,71248,4,0.75,1.5,True,2024-12-02 14:00:00,14.0,2024-12-02,False,False
2024-12-02 18:00:00+00:00,44874.6,44971.1,44865.6,44879.5,29078,4,0.75,2.125,True,2024-12-02 18:00:00,18.0,2024-12-02,True,False
2024-12-02 23:00:00+00:00,44885.5,44907.5,44855.0,44857.0,3553,3,0.0,4.0,True,2024-12-02 23:00:00,23.0,2024-12-02,False,False
2024-12-03 02:00:00+00:00,44856.5,44912.0,44849.5,44908.0,3128,4,0.0,4.0,True,2024-12-03 02:00:00,2.0,2024-12-03,False,False
2024-12-03 06:00:00+00:00,44907.5,44927.5,44856.5,44903.0,8356,4,0.0,2.875,True,2024-12-03 06:00:00,6.0,2024-12-03,False,False
2024-12-03 10:00:00+00:00,44902.5,44912.0,44845.0,44878.0,8634,4,0.0,2.5,True,2024-12-03 10:00:00,10.0,2024-12-03,False,False
2024-12-03 14:00:00+00:00,44879.0,44987.1,44681.1,44864.1,59176,4,0.75,1.5,True,2024-12-03 14:00:00,14.0,2024-12-03,False,False
2024-12-03 18:00:00+00:00,44864.6,44985.5,44728.0,44877.0,27576,4,0.75,2.125,True,2024-12-03 18:00:00,18.0,2024-12-03,True,False
2024-12-03 23:00:00+00:00,44915.5,44923.0,44871.5,44898.0,5852,3,0.0,4.0,True,2024-12-03 23:00:00,23.0,2024-12-03,False,False
2024-12-04 02:00:00+00:00,44899.0,44952.5,44898.0,44948.0,4997,4,0.0,4.0,True,2024-12-04 02:00:00,2.0,2024-12-04,False,False
2024-12-04 06:00:00+00:00,44947.5,45007.0,44915.0,44999.0,10516,4,0.0,2.875,True,2024-12-04 06:00:00,6.0,2024-12-04,False,False
2024-12-04 10:00:00+00:00,45000.0,45036.0,44873.5,44994.5,14981,4,0.0,2.5,True,2024-12-04 10:00:00,10.0,2024-12-04,False,False
2024-12-04 14:00:00+00:00,44994.0,45120.6,44913.1,45002.1,68370,4,0.75,1.5,True,2024-12-04 14:00:00,14.0,2024-12-04,False,False
2024-12-04 18:00:00+00:00,45003.1,45175.1,44887.1,45099.5,32801,4,0.75,2.125,True,2024-12-04 18:00:00,18.0,2024-12-04,True,False
2024-12-04 23:00:00+00:00,45099.0,45111.5,45077.5,45106.0,4202,3,0.0,4.0,True,2024-12-04 23:00:00,23.0,2024-12-04,False,False
2024-12-05 02:00:00+00:00,45105.5,45120.5,45079.0,45110.5,4070,4,0.0,4.0,True,2024-12-05 02:00:00,2.0,2024-12-05,False,False
2024-12-05 06:00:00+00:00,45111.0,45153.5,45091.5,45107.0,9171,4,0.0,2.875,True,2024-12-05 06:00:00,6.0,2024-12-05,False,False
2024-12-05 10:00:00+00:00,45106.0,45118.5,45026.0,45056.0,10052,4,0.0,2.5,True,2024-12-05 10:00:00,10.0,2024-12-05,False,False
2024-12-05 14:00:00+00:00,45056.5,45152.6,44930.6,45001.1,75058,4,0.75,1.5,True,2024-12-05 14:00:00,14.0,2024-12-05,False,False
2024-12-05 18:00:00+00:00,45000.6,45009.6,44812.0,44863.5,45708,4,0.75,2.125,True,2024-12-05 18:00:00,18.0,2024-12-05,True,False
2024-12-05 23:00:00+00:00,44859.5,44864.0,44813.5,44823.0,3553,3,0.0,4.0,True,2024-12-05 23:00:00,23.0,2024-12-05,False,False
2024-12-06 02:00:00+00:00,44823.5,44845.0,44795.5,44825.0,3243,4,0.0,4.0,True,2024-12-06 02:00:00,2.0,2024-12-06,False,False
2024-12-06 06:00:00+00:00,44824.5,44868.0,44823.0,44850.0,6004,4,0.0,2.875,True,2024-12-06 06:00:00,6.0,2024-12-06,False,False
2024-12-06 10:00:00+00:00,44850.5,44944.0,44782.0,44908.0,13079,4,0.0,2.5,True,2024-12-06 10:00:00,10.0,2024-12-06,False,False
2024-12-06 14:00:00+00:00,44907.0,44983.1,44694.1,44713.1,65806,4,0.75,1.5,True,2024-12-06 14:00:00,14.0,2024-12-06,False,False
2024-12-06 18:00:00+00:00,44713.6,44798.1,44660.6,44686.5,27908,4,0.75,2.125,True,2024-12-06 18:00:00,18.0,2024-12-06,True,False
2024-12-08 23:00:00+00:00,44696.0,44744.0,44683.5,44687.0,5592,3,0.0,4.0,True,2024-12-08 23:00:00,23.0,2024-12-08,False,False
2024-12-09 02:00:00+00:00,44687.5,44701.5,44651.5,44668.0,4406,4,0.0,4.0,True,2024-12-09 02:00:00,2.0,2024-12-09,False,False
2024-12-09 06:00:00+00:00,44667.5,44724.5,44645.0,44700.0,12419,4,0.0,2.875,True,2024-12-09 06:00:00,6.0,2024-12-09,False,False
2024-12-09 10:00:00+00:00,44699.5,44758.0,44673.5,44751.0,11122,4,0.0,2.5,True,2024-12-09 10:00:00,10.0,2024-12-09,False,False
2024-12-09 14:00:00+00:00,44751.5,44808.6,44587.1,44604.1,79595,4,0.75,1.5,True,2024-12-09 14:00:00,14.0,2024-12-09,False,False
2024-12-09 18:00:00+00:00,44603.1,44671.6,44452.0,44464.0,40451,4,0.75,2.125,True,2024-12-09 18:00:00,18.0,2024-12-09,True,False
2024-12-09 23:00:00+00:00,44477.0,44480.5,44433.0,44449.0,3404,3,0.0,4.0,True,2024-12-09 23:00:00,23.0,2024-12-09,False,False
2024-12-10 02:00:00+00:00,44449.5,44485.0,44441.5,44476.0,2237,4,0.0,4.0,True,2024-12-10 02:00:00,2.0,2024-12-10,False,False
2024-12-10 06:00:00+00:00,44475.5,44522.0,44430.0,44446.0,6501,4,0.0,2.875,True,2024-12-10 06:00:00,6.0,2024-12-10,False,False
2024-12-10 10:00:00+00:00,44444.5,44488.5,44357.9,44393.4,7923,4,0.0,2.5,True,2024-12-10 10:00:00,10.0,2024-12-10,False,False
2024-12-10 14:00:00+00:00,44395.1,44552.4,44261.9,44442.9,23267,4,0.75,1.5,True,2024-12-10 14:00:00,14.0,2024-12-10,False,False
2024-12-10 18:00:00+00:00,44444.1,44508.1,44290.1,44362.6,14639,4,0.75,2.125,True,2024-12-10 18:00:00,18.0,2024-12-10,True,False
2024-12-10 23:00:00+00:00,44367.5,44382.6,44333.4,44338.1,1931,3,0.0,4.0,True,2024-12-10 23:00:00,23.0,2024-12-10,False,False
2024-12-11 02:00:00+00:00,44338.6,44340.1,44298.6,44331.9,1976,4,0.0,4.0,True,2024-12-11 02:00:00,2.0,2024-12-11,False,False
2024-12-11 06:00:00+00:00,44332.9,44343.6,44270.5,44273.5,5484,4,0.0,2.875,True,2024-12-11 06:00:00,6.0,2024-12-11,False,False
2024-12-11 10:00:00+00:00,44274.0,44442.5,44251.0,44434.0,10630,4,0.0,2.5,True,2024-12-11 10:00:00,10.0,2024-12-11,False,False
2024-12-11 14:00:00+00:00,44433.5,44442.0,44221.1,44372.1,75707,4,0.75,1.5,True,2024-12-11 14:00:00,14.0,2024-12-11,False,False
2024-12-11 18:00:00+00:00,44373.1,44407.1,44181.5,44182.0,29276,4,0.75,2.125,True,2024-12-11 18:00:00,18.0,2024-12-11,True,False
2024-12-11 23:00:00+00:00,44186.5,44189.0,44123.5,44136.0,4275,3,0.0,4.0,True,2024-12-11 23:00:00,23.0,2024-12-11,False,False
2024-12-12 02:00:00+00:00,44136.5,44148.5,44113.0,44148.0,3371,4,0.0,4.0,True,2024-12-12 02:00:00,2.0,2024-12-12,False,False
2024-12-12 06:00:00+00:00,44148.5,44152.5,44095.5,44141.0,8418,4,0.0,2.875,True,2024-12-12 06:00:00,6.0,2024-12-12,False,False
2024-12-12 10:00:00+00:00,44140.0,44230.0,44119.5,44190.5,13872,4,0.0,2.5,True,2024-12-12 10:00:00,10.0,2024-12-12,False,False
2024-12-12 14:00:00+00:00,44190.0,44272.1,44058.6,44123.1,82348,4,0.75,1.5,True,2024-12-12 14:00:00,14.0,2024-12-12,False,False
2024-12-12 18:00:00+00:00,44122.6,44142.6,43942.0,43981.0,45956,4,0.75,2.125,True,2024-12-12 18:00:00,18.0,2024-12-12,True,False
2024-12-12 23:00:00+00:00,43977.5,43982.5,43920.0,43952.0,5928,3,0.0,4.0,True,2024-12-12 23:00:00,23.0,2024-12-12,False,False
2024-12-13 02:00:00+00:00,43951.5,43986.5,43918.0,43963.0,5034,4,0.0,4.0,True,2024-12-13 02:00:00,2.0,2024-12-13,False,False
2024-12-13 06:00:00+00:00,43963.5,44085.0,43961.5,44076.0,9626,4,0.0,2.875,True,2024-12-13 06:00:00,6.0,2024-12-13,False,False
2024-12-13 10:00:00+00:00,44076.5,44091.0,44002.0,44009.5,9434,4,0.0,2.5,True,2024-12-13 10:00:00,10.0,2024-12-13,False,False
2024-12-13 14:00:00+00:00,44010.0,44089.1,43824.1,43851.1,108324,4,0.75,1.5,True,2024-12-13 14:00:00,14.0,2024-12-13,False,False
2024-12-13 18:00:00+00:00,43850.6,43938.6,43811.0,43812.0,40779,4,0.75,2.125,True,2024-12-13 18:00:00,18.0,2024-12-13,True,False
2024-12-15 23:00:00+00:00,43858.5,43921.5,43857.5,43915.0,6422,3,0.0,4.0,True,2024-12-15 23:00:00,23.0,2024-12-15,False,False
2024-12-16 02:00:00+00:00,43914.5,43923.5,43892.5,43894.0,4172,4,0.0,4.0,True,2024-12-16 02:00:00,2.0,2024-12-16,False,False
2024-12-16 06:00:00+00:00,43893.5,43921.0,43858.5,43895.5,9644,4,0.0,2.875,True,2024-12-16 06:00:00,6.0,2024-12-16,False,False
2024-12-16 10:00:00+00:00,43896.0,43953.0,43879.0,43947.5,10504,4,0.0,2.5,True,2024-12-16 10:00:00,10.0,2024-12-16,False,False
2024-12-16 14:00:00+00:00,43947.0,43993.1,43800.6,43818.6,87090,4,0.75,1.5,True,2024-12-16 14:00:00,14.0,2024-12-16,False,False
2024-12-16 18:00:00+00:00,43819.1,43877.6,43721.5,43740.0,40112,4,0.75,2.125,True,2024-12-16 18:00:00,18.0,2024-12-16,True,False
2024-12-16 23:00:00+00:00,43727.0,43752.5,43688.0,43749.5,5303,3,0.0,4.0,True,2024-12-16 23:00:00,23.0,2024-12-16,False,False
2024-12-17 02:00:00+00:00,43749.0,43772.5,43693.5,43697.5,5100,4,0.0,4.0,True,2024-12-17 02:00:00,2.0,2024-12-17,False,False
2024-12-17 06:00:00+00:00,43698.0,43704.5,43584.0,43628.5,15339,4,0.0,2.875,True,2024-12-17 06:00:00,6.0,2024-12-17,False,False
2024-12-17 10:00:00+00:00,43629.0,43644.5,43524.0,43567.5,18155,4,0.0,2.5,True,2024-12-17 10:00:00,10.0,2024-12-17,False,False
2024-12-17 14:00:00+00:00,43567.0,43594.6,43441.1,43491.1,110713,4,0.75,1.5,True,2024-12-17 14:00:00,14.0,2024-12-17,False,False
2024-12-17 18:00:00+00:00,43491.6,43525.6,43367.1,43469.5,53821,4,0.75,2.125,True,2024-12-17 18:00:00,18.0,2024-12-17,True,False
2024-12-17 23:00:00+00:00,43487.5,43554.5,43438.0,43547.5,6539,3,0.0,4.0,True,2024-12-17 23:00:00,23.0,2024-12-17,False,False
2024-12-18 02:00:00+00:00,43548.5,43565.0,43519.5,43561.0,5014,4,0.0,4.0,True,2024-12-18 02:00:00,2.0,2024-12-18,False,False
2024-12-18 06:00:00+00:00,43560.5,43574.5,43521.0,43540.5,11101,4,0.0,2.875,True,2024-12-18 06:00:00,6.0,2024-12-18,False,False
2024-12-18 10:00:00+00:00,43540.0,43665.0,43540.0,43598.0,13217,4,0.0,2.5,True,2024-12-18 10:00:00,10.0,2024-12-18,False,False
2024-12-18 14:00:00+00:00,43599.0,43724.1,43470.6,43643.1,87277,4,0.75,1.5,True,2024-12-18 14:00:00,14.0,2024-12-18,False,False
2024-12-18 18:00:00+00:00,43644.1,43660.6,42188.0,42372.0,147357,4,0.75,2.125,True,2024-12-18 18:00:00,18.0,2024-12-18,True,False
2024-12-18 23:00:00+00:00,42417.0,42460.5,42359.0,42449.5,19860,3,0.0,4.0,True,2024-12-18 23:00:00,23.0,2024-12-18,False,False
2024-12-19 02:00:00+00:00,42450.0,42457.5,42362.5,42364.0,14160,4,0.0,4.0,True,2024-12-19 02:00:00,2.0,2024-12-19,False,False
2024-12-19 06:00:00+00:00,42364.5,42489.5,42349.5,42473.5,23571,4,0.0,2.875,True,2024-12-19 06:00:00,6.0,2024-12-19,False,False
2024-12-19 10:00:00+00:00,42473.0,42677.0,42452.5,42606.0,25580,4,0.0,2.5,True,2024-12-19 10:00:00,10.0,2024-12-19,False,False
2024-12-19 14:00:00+00:00,42605.5,42790.6,42431.6,42525.1,194374,4,0.75,1.5,True,2024-12-19 14:00:00,14.0,2024-12-19,False,False
2024-12-19 18:00:00+00:00,42524.6,42703.1,42347.6,42413.5,97904,4,0.75,2.125,True,2024-12-19 18:00:00,18.0,2024-12-19,True,False
2024-12-19 23:00:00+00:00,42861.0,42861.0,42659.5,42668.0,13389,3,0.0,4.0,True,2024-12-19 23:00:00,23.0,2024-12-19,False,False
2024-12-20 02:00:00+00:00,42667.5,42715.0,42602.0,42715.0,10081,4,0.0,4.0,True,2024-12-20 02:00:00,2.0,2024-12-20,False,False
2024-12-20 06:00:00+00:00,42714.0,42788.5,42522.0,42574.0,26454,4,0.0,2.875,True,2024-12-20 06:00:00,6.0,2024-12-20,False,False
2024-12-20 10:00:00+00:00,42573.5,42731.5,42497.0,42655.0,42652,4,0.0,2.5,True,2024-12-20 10:00:00,10.0,2024-12-20,False,False
2024-12-20 14:00:00+00:00,42654.0,43663.6,42606.6,43576.1,188963,4,0.75,1.5,True,2024-12-20 14:00:00,14.0,2024-12-20,False,False
2024-12-20 18:00:00+00:00,43576.6,43578.1,43246.1,43248.5,119244,4,0.75,2.125,True,2024-12-20 18:00:00,18.0,2024-12-20,True,False
2024-12-22 23:00:00+00:00,43418.1,43480.1,43379.9,43431.9,9799,3,0.0,4.0,True,2024-12-22 23:00:00,23.0,2024-12-22,False,False
2024-12-23 02:00:00+00:00,43431.4,43471.1,43409.9,43463.9,5263,4,0.0,4.0,True,2024-12-23 02:00:00,2.0,2024-12-23,False,False
2024-12-23 06:00:00+00:00,43463.4,43468.9,43336.1,43355.0,15547,4,0.0,2.875,True,2024-12-23 06:00:00,6.0,2024-12-23,False,False
2024-12-23 10:00:00+00:00,43354.5,43373.0,43061.0,43105.0,24118,4,0.0,2.5,True,2024-12-23 10:00:00,10.0,2024-12-23,False,False
2024-12-23 14:00:00+00:00,43105.5,43238.1,42928.1,43206.1,137971,4,0.75,1.5,True,2024-12-23 14:00:00,14.0,2024-12-23,False,False
2024-12-23 18:00:00+00:00,43207.1,43382.1,43181.6,43332.5,68567,4,0.75,2.125,True,2024-12-23 18:00:00,18.0,2024-12-23,True,False
2024-12-23 23:00:00+00:00,43340.5,43360.0,43293.0,43315.0,6097,3,0.0,4.0,True,2024-12-23 23:00:00,23.0,2024-12-23,False,False
2024-12-24 02:00:00+00:00,43315.5,43333.0,43291.5,43301.0,4086,4,0.0,4.0,True,2024-12-24 02:00:00,2.0,2024-12-24,False,False
2024-12-24 06:00:00+00:00,43301.5,43352.0,43278.0,43347.0,6976,4,0.0,2.875,True,2024-12-24 06:00:00,6.0,2024-12-24,False,False
2024-12-24 10:00:00+00:00,43347.5,43349.5,43285.5,43303.5,7813,4,0.0,2.5,True,2024-12-24 10:00:00,10.0,2024-12-24,False,False
2024-12-24 14:00:00+00:00,43304.0,43663.1,43244.6,43646.6,75608,4,0.75,1.5,True,2024-12-24 14:00:00,14.0,2024-12-24,False,False
2024-12-24 18:00:00+00:00,43646.1,43654.1,43615.1,43641.6,2153,1,1.0,1.5,True,2024-12-24 18:00:00,18.0,2024-12-24,True,False
2024-12-25 23:00:00+00:00,43653.5,43665.5,43578.5,43627.0,2751,3,0.0,4.0,True,2024-12-25 23:00:00,23.0,2024-12-25,False,False
2024-12-26 02:00:00+00:00,43626.0,43649.5,43616.0,43641.5,2168,4,0.0,4.0,True,2024-12-26 02:00:00,2.0,2024-12-26,False,False
2024-12-26 06:00:00+00:00,43641.0,43649.5,43515.0,43527.0,8569,4,0.0,2.875,True,2024-12-26 06:00:00,6.0,2024-12-26,False,False
2024-12-26 10:00:00+00:00,43527.5,43531.0,43429.0,43486.0,11268,4,0.0,2.5,True,2024-12-26 10:00:00,10.0,2024-12-26,False,False
2024-12-26 14:00:00+00:00,43485.5,43746.1,43461.0,43645.1,69169,4,0.75,1.5,True,2024-12-26 14:00:00,14.0,2024-12-26,False,False
2024-12-26 18:00:00+00:00,43645.6,43743.1,43623.6,43684.0,43308,4,0.75,2.125,True,2024-12-26 18:00:00,18.0,2024-12-26,True,False
2024-12-26 23:00:00+00:00,43672.5,43710.0,43634.0,43656.0,5680,3,0.0,4.0,True,2024-12-26 23:00:00,23.0,2024-12-26,False,False
2024-12-27 02:00:00+00:00,43655.0,43660.5,43625.0,43632.5,4130,4,0.0,4.0,True,2024-12-27 02:00:00,2.0,2024-12-27,False,False
2024-12-27 06:00:00+00:00,43632.0,43635.0,43554.5,43575.0,11179,4,0.0,2.875,True,2024-12-27 06:00:00,6.0,2024-12-27,False,False
2024-12-27 10:00:00+00:00,43575.5,43589.0,43508.0,43509.0,10704,4,0.0,2.5,True,2024-12-27 10:00:00,10.0,2024-12-27,False,False
2024-12-27 14:00:00+00:00,43508.0,43577.6,43076.1,43150.1,169582,4,0.75,1.5,True,2024-12-27 14:00:00,14.0,2024-12-27,False,False
2024-12-27 18:00:00+00:00,43148.6,43414.1,43144.1,43347.0,90972,4,0.75,2.125,True,2024-12-27 18:00:00,18.0,2024-12-27,True,False
2024-12-29 23:00:00+00:00,43376.0,43379.5,43264.5,43308.0,7769,3,0.0,4.0,True,2024-12-29 23:00:00,23.0,2024-12-29,False,False
2024-12-30 02:00:00+00:00,43307.0,43307.0,43233.5,43250.0,6297,4,0.0,4.0,True,2024-12-30 02:00:00,2.0,2024-12-30,False,False
2024-12-30 06:00:00+00:00,43251.0,43287.0,43189.5,43246.0,15822,4,0.0,2.875,True,2024-12-30 06:00:00,6.0,2024-12-30,False,False
2024-12-30 10:00:00+00:00,43245.0,43289.5,42844.0,42871.0,28507,4,0.0,2.5,True,2024-12-30 10:00:00,10.0,2024-12-30,False,False
2024-12-30 14:00:00+00:00,42871.5,43078.1,42583.1,43061.1,171710,4,0.75,1.5,True,2024-12-30 14:00:00,14.0,2024-12-30,False,False
2024-12-30 18:00:00+00:00,43060.6,43116.1,42894.0,42926.0,100448,4,0.75,2.125,True,2024-12-30 18:00:00,18.0,2024-12-30,True,False
2024-12-30 23:00:00+00:00,42928.5,42965.0,42870.0,42957.0,5125,3,0.0,4.0,True,2024-12-30 23:00:00,23.0,2024-12-30,False,False
2024-12-31 02:00:00+00:00,42957.5,42986.0,42891.0,42925.0,7240,4,0.0,4.0,True,2024-12-31 02:00:00,2.0,2024-12-31,False,False
2024-12-31 06:00:00+00:00,42924.5,43016.0,42878.5,43011.0,12669,4,0.0,2.875,True,2024-12-31 06:00:00,6.0,2024-12-31,False,False
2024-12-31 10:00:00+00:00,43010.5,43063.0,42986.5,43005.0,12941,4,0.0,2.5,True,2024-12-31 10:00:00,10.0,2024-12-31,False,False
2024-12-31 14:00:00+00:00,43005.5,43101.1,42729.6,42889.1,156376,4,0.75,1.5,True,2024-12-31 14:00:00,14.0,2024-12-31,False,False
2024-12-31 18:00:00+00:00,42888.6,42913.1,42723.1,42870.5,86865,4,0.75,2.125,True,2024-12-31 18:00:00,18.0,2024-12-31,True,False
2025-01-01 23:00:00+00:00,42934.0,42986.0,42708.5,42918.0,18332,3,0.0,4.0,True,2025-01-01 23:00:00,23.0,2025-01-01,False,False
2025-01-02 02:00:00+00:00,42917.5,43041.0,42911.0,43028.5,9947,4,0.0,4.0,True,2025-01-02 02:00:00,2.0,2025-01-02,False,False
2025-01-02 06:00:00+00:00,43029.0,43121.5,42964.0,43073.0,23855,4,0.0,2.875,True,2025-01-02 06:00:00,6.0,2025-01-02,False,False
2025-01-02 10:00:00+00:00,43073.5,43246.5,43032.5,43139.5,20468,4,0.0,2.5,True,2025-01-02 10:00:00,10.0,2025-01-02,False,False
2025-01-02 14:00:00+00:00,43140.0,43218.1,42492.1,42611.1,219164,4,0.75,1.5,True,2025-01-02 14:00:00,14.0,2025-01-02,False,False
2025-01-02 18:00:00+00:00,42612.1,42778.6,42463.1,42718.0,123426,4,0.75,2.125,True,2025-01-02 18:00:00,18.0,2025-01-02,True,False
2025-01-02 23:00:00+00:00,42711.5,42770.5,42654.0,42726.0,6586,3,0.0,4.0,True,2025-01-02 23:00:00,23.0,2025-01-02,False,False
2025-01-03 02:00:00+00:00,42725.5,42778.5,42717.0,42726.5,5928,4,0.0,4.0,True,2025-01-03 02:00:00,2.0,2025-01-03,False,False
2025-01-03 06:00:00+00:00,42726.0,42854.0,42720.0,42836.5,16667,4,0.0,2.875,True,2025-01-03 06:00:00,6.0,2025-01-03,False,False
2025-01-03 10:00:00+00:00,42837.0,42843.0,42735.0,42796.0,10836,4,0.0,2.5,True,2025-01-03 10:00:00,10.0,2025-01-03,False,False
2025-01-03 14:00:00+00:00,42796.5,42994.1,42718.6,42946.6,107449,4,0.75,1.5,True,2025-01-03 14:00:00,14.0,2025-01-03,False,False
2025-01-03 18:00:00+00:00,42946.1,43077.6,42914.1,42996.0,34486,4,0.75,2.125,True,2025-01-03 18:00:00,18.0,2025-01-03,True,False
2025-01-05 23:00:00+00:00,43009.0,43033.5,42958.0,42971.0,6342,3,0.0,4.0,True,2025-01-05 23:00:00,23.0,2025-01-05,False,False
2025-01-06 02:00:00+00:00,42970.5,43012.5,42950.5,43001.0,3883,4,0.0,4.0,True,2025-01-06 02:00:00,2.0,2025-01-06,False,False
2025-01-06 06:00:00+00:00,43000.5,43097.0,42996.0,43086.0,9671,4,0.0,2.875,True,2025-01-06 06:00:00,6.0,2025-01-06,False,False
2025-01-06 10:00:00+00:00,43086.5,43269.5,42984.5,43259.0,25006,4,0.0,2.5,True,2025-01-06 10:00:00,10.0,2025-01-06,False,False
2025-01-06 14:00:00+00:00,43259.5,43408.1,43084.1,43223.1,139152,4,0.75,1.5,True,2025-01-06 14:00:00,14.0,2025-01-06,False,False
2025-01-06 18:00:00+00:00,43224.1,43229.1,42885.6,43030.0,100663,4,0.75,2.125,True,2025-01-06 18:00:00,18.0,2025-01-06,True,False
2025-01-06 23:00:00+00:00,43025.5,43048.0,42941.5,42972.0,6712,3,0.0,4.0,True,2025-01-06 23:00:00,23.0,2025-01-06,False,False
2025-01-07 02:00:00+00:00,42971.0,42991.0,42924.0,42959.0,9157,4,0.0,4.0,True,2025-01-07 02:00:00,2.0,2025-01-07,False,False
2025-01-07 06:00:00+00:00,42957.0,43039.0,42938.5,42982.0,16673,4,0.0,2.875,True,2025-01-07 06:00:00,6.0,2025-01-07,False,False
2025-01-07 10:00:00+00:00,42982.5,43113.0,42975.5,43110.5,15635,4,0.0,2.5,True,2025-01-07 10:00:00,10.0,2025-01-07,False,False
2025-01-07 14:00:00+00:00,43110.0,43212.1,42817.1,42889.1,221670,4,0.75,1.5,True,2025-01-07 14:00:00,14.0,2025-01-07,False,False
2025-01-07 18:00:00+00:00,42889.6,42984.1,42652.6,42781.5,89565,4,0.75,2.125,True,2025-01-07 18:00:00,18.0,2025-01-07,True,False
2025-01-07 23:00:00+00:00,42792.0,42875.5,42755.0,42874.0,5320,3,0.0,4.0,True,2025-01-07 23:00:00,23.0,2025-01-07,False,False
2025-01-08 02:00:00+00:00,42874.5,42908.5,42851.5,42906.5,6234,4,0.0,4.0,True,2025-01-08 02:00:00,2.0,2025-01-08,False,False
2025-01-08 06:00:00+00:00,42905.0,42916.0,42833.0,42909.0,12923,4,0.0,2.875,True,2025-01-08 06:00:00,6.0,2025-01-08,False,False
2025-01-08 10:00:00+00:00,42909.5,42940.0,42670.0,42833.0,59673,4,0.0,2.5,True,2025-01-08 10:00:00,10.0,2025-01-08,False,False
2025-01-08 14:00:00+00:00,42832.5,42874.6,42592.6,42689.1,152724,4,0.75,1.5,True,2025-01-08 14:00:00,14.0,2025-01-08,False,False
2025-01-08 18:00:00+00:00,42688.6,42925.1,42670.1,42882.0,93997,4,0.75,2.125,True,2025-01-08 18:00:00,18.0,2025-01-08,True,False
2025-01-08 23:00:00+00:00,42880.5,42883.5,42788.0,42794.0,6437,3,0.0,4.0,True,2025-01-08 23:00:00,23.0,2025-01-08,False,False
2025-01-09 02:00:00+00:00,42793.0,42844.0,42779.0,42832.0,5609,4,0.0,4.0,True,2025-01-09 02:00:00,2.0,2025-01-09,False,False
2025-01-09 06:00:00+00:00,42832.5,42903.0,42725.0,42873.0,15935,4,0.0,2.875,True,2025-01-09 06:00:00,6.0,2025-01-09,False,False
2025-01-09 10:00:00+00:00,42873.5,42906.0,42809.0,42832.0,15170,4,0.0,2.5,True,2025-01-09 10:00:00,10.0,2025-01-09,False,False
2025-01-09 14:00:00+00:00,42831.5,42831.5,42766.0,42824.5,3775,1,0.0,2.5,True,2025-01-09 14:00:00,14.0,2025-01-09,False,False
2025-01-09 23:00:00+00:00,42818.0,42818.0,42683.0,42750.0,12506,3,0.0,4.0,True,2025-01-09 23:00:00,23.0,2025-01-09,False,False
2025-01-10 02:00:00+00:00,42750.5,42834.5,42739.5,42829.5,7975,4,0.0,4.0,True,2025-01-10 02:00:00,2.0,2025-01-10,False,False
2025-01-10 06:00:00+00:00,42828.5,42893.0,42758.0,42813.5,19224,4,0.0,2.875,True,2025-01-10 06:00:00,6.0,2025-01-10,False,False
2025-01-10 10:00:00+00:00,42814.0,42904.5,42446.5,42553.5,44957,4,0.0,2.5,True,2025-01-10 10:00:00,10.0,2025-01-10,False,False
2025-01-10 14:00:00+00:00,42553.0,42675.5,42104.6,42259.1,224935,4,0.75,1.5,True,2025-01-10 14:00:00,14.0,2025-01-10,False,False
2025-01-10 18:00:00+00:00,42258.6,42416.6,42089.0,42223.5,107620,4,0.75,2.125,True,2025-01-10 18:00:00,18.0,2025-01-10,True,False
2025-01-12 23:00:00+00:00,42187.0,42245.5,42061.0,42086.5,12737,3,0.0,4.0,True,2025-01-12 23:00:00,23.0,2025-01-12,False,False
2025-01-13 02:00:00+00:00,42086.0,42116.0,42013.5,42070.5,9708,4,0.0,4.0,True,2025-01-13 02:00:00,2.0,2025-01-13,False,False
2025-01-13 06:00:00+00:00,42070.0,42124.5,41973.0,42002.0,27341,4,0.0,2.875,True,2025-01-13 06:00:00,6.0,2025-01-13,False,False
2025-01-13 10:00:00+00:00,42001.0,42157.5,41968.5,42122.0,29505,4,0.0,2.5,True,2025-01-13 10:00:00,10.0,2025-01-13,False,False
2025-01-13 14:00:00+00:00,42121.5,42417.1,42063.0,42414.1,188748,4,0.75,1.5,True,2025-01-13 14:00:00,14.0,2025-01-13,False,False
2025-01-13 18:00:00+00:00,42414.6,42566.0,42366.1,42559.5,99371,4,0.75,2.125,True,2025-01-13 18:00:00,18.0,2025-01-13,True,False
2025-01-13 23:00:00+00:00,42585.5,42657.0,42566.0,42584.0,8032,3,0.0,4.0,True,2025-01-13 23:00:00,23.0,2025-01-13,False,False
2025-01-14 02:00:00+00:00,42584.5,42615.0,42548.0,42612.0,5628,4,0.0,4.0,True,2025-01-14 02:00:00,2.0,2025-01-14,False,False
2025-01-14 06:00:00+00:00,42613.0,42701.0,42562.5,42670.0,16325,4,0.0,2.875,True,2025-01-14 06:00:00,6.0,2025-01-14,False,False
2025-01-14 10:00:00+00:00,42670.5,42788.0,42531.5,42644.0,32373,4,0.0,2.5,True,2025-01-14 10:00:00,10.0,2025-01-14,False,False
2025-01-14 14:00:00+00:00,42644.5,42752.1,42373.1,42521.1,177851,4,0.75,1.5,True,2025-01-14 14:00:00,14.0,2025-01-14,False,False
2025-01-14 18:00:00+00:00,42520.1,42825.0,42512.1,42814.0,103119,4,0.75,2.125,True,2025-01-14 18:00:00,18.0,2025-01-14,True,False
2025-01-14 23:00:00+00:00,42829.0,42829.0,42780.5,42809.0,3579,3,0.0,4.0,True,2025-01-14 23:00:00,23.0,2025-01-14,False,False
2025-01-15 02:00:00+00:00,42808.0,42813.0,42756.5,42756.5,2761,4,0.0,4.0,True,2025-01-15 02:00:00,2.0,2025-01-15,False,False
2025-01-15 06:00:00+00:00,42757.0,42825.0,42752.5,42803.0,7549,4,0.0,2.875,True,2025-01-15 06:00:00,6.0,2025-01-15,False,False
2025-01-15 10:00:00+00:00,42803.5,43444.5,42777.0,43433.5,34695,4,0.0,2.5,True,2025-01-15 10:00:00,10.0,2025-01-15,False,False
2025-01-15 14:00:00+00:00,43434.0,43515.1,43284.6,43368.1,143142,4,0.75,1.5,True,2025-01-15 14:00:00,14.0,2025-01-15,False,False
2025-01-15 18:00:00+00:00,43368.6,43568.6,43368.1,43481.5,47477,4,0.75,2.125,True,2025-01-15 18:00:00,18.0,2025-01-15,True,False
2025-01-15 23:00:00+00:00,43466.5,43562.5,43466.5,43492.5,5743,3,0.0,4.0,True,2025-01-15 23:00:00,23.0,2025-01-15,False,False
2025-01-16 02:00:00+00:00,43492.0,43516.0,43456.0,43470.0,4929,4,0.0,4.0,True,2025-01-16 02:00:00,2.0,2025-01-16,False,False
2025-01-16 06:00:00+00:00,43470.5,43568.5,43437.0,43473.0,22095,4,0.0,2.875,True,2025-01-16 06:00:00,6.0,2025-01-16,False,False
2025-01-16 10:00:00+00:00,43474.0,43571.5,43285.5,43316.0,28906,4,0.0,2.5,True,2025-01-16 10:00:00,10.0,2025-01-16,False,False
2025-01-16 14:00:00+00:00,43315.5,43519.1,43311.0,43424.1,150530,4,0.75,1.5,True,2025-01-16 14:00:00,14.0,2025-01-16,False,False
2025-01-16 18:00:00+00:00,43424.6,43461.6,43298.0,43331.0,74981,4,0.75,2.125,True,2025-01-16 18:00:00,18.0,2025-01-16,True,False
2025-01-16 23:00:00+00:00,43344.5,43423.5,43316.0,43414.0,4898,3,0.0,4.0,True,2025-01-16 23:00:00,23.0,2025-01-16,False,False
2025-01-17 02:00:00+00:00,43414.5,43441.0,43377.0,43427.0,5328,4,0.0,4.0,True,2025-01-17 02:00:00,2.0,2025-01-17,False,False
2025-01-17 06:00:00+00:00,43426.5,43512.5,43399.0,43476.5,11928,4,0.0,2.875,True,2025-01-17 06:00:00,6.0,2025-01-17,False,False
2025-01-17 10:00:00+00:00,43477.0,43649.0,43466.0,43617.5,20201,4,0.0,2.5,True,2025-01-17 10:00:00,10.0,2025-01-17,False,False
2025-01-17 14:00:00+00:00,43618.0,43867.1,43616.1,43815.1,115144,4,0.75,1.5,True,2025-01-17 14:00:00,14.0,2025-01-17,False,False
2025-01-17 18:00:00+00:00,43815.6,43834.1,43664.0,43668.0,54637,4,0.75,2.125,True,2025-01-17 18:00:00,18.0,2025-01-17,True,False
2025-01-19 23:00:00+00:00,43697.0,43716.0,43625.0,43658.0,7740,3,0.0,4.0,True,2025-01-19 23:00:00,23.0,2025-01-19,False,False
2025-01-20 02:00:00+00:00,43657.5,43712.0,43645.0,43706.0,4504,4,0.0,4.0,True,2025-01-20 02:00:00,2.0,2025-01-20,False,False
2025-01-20 06:00:00+00:00,43706.5,43759.0,43688.5,43717.0,8594,4,0.0,2.875,True,2025-01-20 06:00:00,6.0,2025-01-20,False,False
2025-01-20 10:00:00+00:00,43717.5,43885.0,43631.0,43877.5,20787,4,0.0,2.5,True,2025-01-20 10:00:00,10.0,2025-01-20,False,False
2025-01-20 14:00:00+00:00,43876.5,44000.6,43732.6,43855.6,37144,4,0.75,1.5,True,2025-01-20 14:00:00,14.0,2025-01-20,False,False
2025-01-20 23:00:00+00:00,43852.0,43980.0,43495.5,43769.5,26910,3,0.0,4.0,True,2025-01-20 23:00:00,23.0,2025-01-20,False,False
2025-01-21 02:00:00+00:00,43770.0,43864.0,43764.5,43797.0,10679,4,0.0,4.0,True,2025-01-21 02:00:00,2.0,2025-01-21,False,False
2025-01-21 06:00:00+00:00,43798.0,43871.0,43772.0,43870.0,15419,4,0.0,2.875,True,2025-01-21 06:00:00,6.0,2025-01-21,False,False
2025-01-21 10:00:00+00:00,43870.5,43928.5,43792.5,43879.5,16323,4,0.0,2.5,True,2025-01-21 10:00:00,10.0,2025-01-21,False,False
2025-01-21 14:00:00+00:00,43880.0,44189.1,43846.5,44155.1,114086,4,0.75,1.5,True,2025-01-21 14:00:00,14.0,2025-01-21,False,False
2025-01-21 18:00:00+00:00,44154.6,44276.5,44126.1,44252.5,39854,4,0.75,2.125,True,2025-01-21 18:00:00,18.0,2025-01-21,True,False
2025-01-21 23:00:00+00:00,44238.0,44267.0,44196.5,44257.0,7978,3,0.0,4.0,True,2025-01-21 23:00:00,23.0,2025-01-21,False,False
2025-01-22 02:00:00+00:00,44256.0,44276.5,44242.5,44256.0,3295,4,0.0,4.0,True,2025-01-22 02:00:00,2.0,2025-01-22,False,False
2025-01-22 06:00:00+00:00,44255.0,44326.0,44221.5,44306.0,9318,4,0.0,2.875,True,2025-01-22 06:00:00,6.0,2025-01-22,False,False
2025-01-22 10:00:00+00:00,44305.5,44409.0,44270.5,44403.0,11533,4,0.0,2.5,True,2025-01-22 10:00:00,10.0,2025-01-22,False,False
2025-01-22 14:00:00+00:00,44403.5,44408.5,44250.6,44323.6,65143,4,0.75,1.5,True,2025-01-22 14:00:00,14.0,2025-01-22,False,False
2025-01-22 18:00:00+00:00,44323.1,44416.1,44321.1,44354.0,28767,4,0.75,2.125,True,2025-01-22 18:00:00,18.0,2025-01-22,True,False
2025-01-22 23:00:00+00:00,44363.5,44371.5,44332.5,44336.5,4491,3,0.0,4.0,True,2025-01-22 23:00:00,23.0,2025-01-22,False,False
2025-01-23 02:00:00+00:00,44337.0,44347.0,44320.5,44328.5,3568,4,0.0,4.0,True,2025-01-23 02:00:00,2.0,2025-01-23,False,False
2025-01-23 06:00:00+00:00,44329.5,44351.5,44310.5,44345.0,8752,4,0.0,2.875,True,2025-01-23 06:00:00,6.0,2025-01-23,False,False
2025-01-23 10:00:00+00:00,44344.5,44426.5,44343.0,44401.5,12072,4,0.0,2.5,True,2025-01-23 10:00:00,10.0,2025-01-23,False,False
2025-01-23 14:00:00+00:00,44402.0,44703.1,44359.0,44701.1,66567,4,0.75,1.5,True,2025-01-23 14:00:00,14.0,2025-01-23,False,False
2025-01-23 18:00:00+00:00,44700.6,44756.6,44657.6,44731.0,36345,4,0.75,2.125,True,2025-01-23 18:00:00,18.0,2025-01-23,True,False
2025-01-23 23:00:00+00:00,44725.5,44738.0,44711.0,44728.0,4040,3,0.0,4.0,True,2025-01-23 23:00:00,23.0,2025-01-23,False,False
2025-01-24 02:00:00+00:00,44727.5,44773.5,44709.5,44721.0,6195,4,0.0,4.0,True,2025-01-24 02:00:00,2.0,2025-01-24,False,False
2025-01-24 06:00:00+00:00,44722.0,44761.0,44697.0,44708.5,8858,4,0.0,2.875,True,2025-01-24 06:00:00,6.0,2025-01-24,False,False
2025-01-24 10:00:00+00:00,44708.0,44714.0,44607.0,44662.0,11496,4,0.0,2.5,True,2025-01-24 10:00:00,10.0,2025-01-24,False,False
2025-01-24 14:00:00+00:00,44661.5,44743.1,44585.1,44672.1,70330,4,0.75,1.5,True,2025-01-24 14:00:00,14.0,2025-01-24,False,False
2025-01-24 18:00:00+00:00,44671.6,44684.6,44522.6,44562.0,48399,4,0.75,2.125,True,2025-01-24 18:00:00,18.0,2025-01-24,True,False
2025-01-26 23:00:00+00:00,44479.5,44556.5,44372.0,44402.0,13815,3,0.0,4.0,True,2025-01-26 23:00:00,23.0,2025-01-26,False,False
2025-01-27 02:00:00+00:00,44400.5,44467.0,44331.0,44347.0,11304,4,0.0,4.0,True,2025-01-27 02:00:00,2.0,2025-01-27,False,False
2025-01-27 06:00:00+00:00,44348.0,44356.0,44008.5,44237.5,45672,4,0.0,2.875,True,2025-01-27 06:00:00,6.0,2025-01-27,False,False
2025-01-27 10:00:00+00:00,44237.0,44334.5,44123.5,44282.0,58179,4,0.0,2.5,True,2025-01-27 10:00:00,10.0,2025-01-27,False,False
2025-01-27 14:00:00+00:00,44281.5,44758.1,44218.5,44664.1,175809,4,0.75,1.5,True,2025-01-27 14:00:00,14.0,2025-01-27,False,False
2025-01-27 18:00:00+00:00,44664.6,44931.0,44635.6,44891.5,104158,4,0.75,2.125,True,2025-01-27 18:00:00,18.0,2025-01-27,True,False
2025-01-27 23:00:00+00:00,44886.0,44896.5,44778.0,44795.0,18698,3,0.0,4.0,True,2025-01-27 23:00:00,23.0,2025-01-27,False,False
2025-01-28 02:00:00+00:00,44794.5,44862.0,44769.5,44810.0,12919,4,0.0,4.0,True,2025-01-28 02:00:00,2.0,2025-01-28,False,False
2025-01-28 06:00:00+00:00,44811.0,44936.0,44742.0,44926.0,23438,4,0.0,2.875,True,2025-01-28 06:00:00,6.0,2025-01-28,False,False
2025-01-28 10:00:00+00:00,44926.5,44959.5,44832.0,44846.0,20160,4,0.0,2.5,True,2025-01-28 10:00:00,10.0,2025-01-28,False,False
2025-01-28 14:00:00+00:00,44845.5,45159.6,44796.1,45040.1,106892,4,0.75,1.5,True,2025-01-28 14:00:00,14.0,2025-01-28,False,False
2025-01-28 18:00:00+00:00,45040.6,45092.6,44956.1,45013.0,43678,4,0.75,2.125,True,2025-01-28 18:00:00,18.0,2025-01-28,True,False
2025-01-28 23:00:00+00:00,45011.5,45023.0,44983.5,44997.0,4596,3,0.0,4.0,True,2025-01-28 23:00:00,23.0,2025-01-28,False,False
2025-01-29 02:00:00+00:00,44998.0,45032.0,44983.5,45004.0,3226,4,0.0,4.0,True,2025-01-29 02:00:00,2.0,2025-01-29,False,False
2025-01-29 06:00:00+00:00,45005.0,45074.5,44949.5,44982.5,13484,4,0.0,2.875,True,2025-01-29 06:00:00,6.0,2025-01-29,False,False
2025-01-29 10:00:00+00:00,44983.0,45051.0,44927.5,44970.0,13976,4,0.0,2.5,True,2025-01-29 10:00:00,10.0,2025-01-29,False,False
2025-01-29 14:00:00+00:00,44969.5,45140.6,44949.1,44966.1,75850,4,0.75,1.5,True,2025-01-29 14:00:00,14.0,2025-01-29,False,False
2025-01-29 18:00:00+00:00,44966.6,45034.5,44748.1,44951.5,159010,4,0.75,2.125,True,2025-01-29 18:00:00,18.0,2025-01-29,True,False
2025-01-29 23:00:00+00:00,44902.5,45017.0,44858.5,44994.0,11301,3,0.0,4.0,True,2025-01-29 23:00:00,23.0,2025-01-29,False,False
2025-01-30 02:00:00+00:00,44994.5,45018.5,44961.0,44978.0,4153,4,0.0,4.0,True,2025-01-30 02:00:00,2.0,2025-01-30,False,False
2025-01-30 06:00:00+00:00,44978.5,45078.0,44961.5,45059.5,9468,4,0.0,2.875,True,2025-01-30 06:00:00,6.0,2025-01-30,False,False
2025-01-30 10:00:00+00:00,45059.0,45090.0,44781.5,44856.0,23080,4,0.0,2.5,True,2025-01-30 10:00:00,10.0,2025-01-30,False,False
2025-01-30 14:00:00+00:00,44856.5,45070.6,44783.5,44999.6,106293,4,0.75,1.5,True,2025-01-30 14:00:00,14.0,2025-01-30,False,False
2025-01-30 18:00:00+00:00,45000.1,45189.6,44804.6,45062.0,74570,4,0.75,2.125,True,2025-01-30 18:00:00,18.0,2025-01-30,True,False
2025-01-30 23:00:00+00:00,45105.0,45126.5,45029.0,45114.0,9455,3,0.0,4.0,True,2025-01-30 23:00:00,23.0,2025-01-30,False,False
2025-01-31 02:00:00+00:00,45115.0,45129.5,45085.5,45124.0,4470,4,0.0,4.0,True,2025-01-31 02:00:00,2.0,2025-01-31,False,False
2025-01-31 06:00:00+00:00,45123.0,45226.0,45118.5,45181.0,7771,4,0.0,2.875,True,2025-01-31 06:00:00,6.0,2025-01-31,False,False
2025-01-31 10:00:00+00:00,45179.5,45224.0,45140.5,45170.0,11784,4,0.0,2.5,True,2025-01-31 10:00:00,10.0,2025-01-31,False,False
2025-01-31 14:00:00+00:00,45169.5,45195.1,44977.1,45043.1,85636,4,0.75,1.5,True,2025-01-31 14:00:00,14.0,2025-01-31,False,False
2025-01-31 18:00:00+00:00,45043.6,45074.6,44656.1,44698.0,182122,4,0.75,2.125,True,2025-01-31 18:00:00,18.0,2025-01-31,True,False
2025-02-02 23:00:00+00:00,44196.5,44290.0,44052.5,44148.5,34061,3,0.0,4.0,True,2025-02-02 23:00:00,23.0,2025-02-02,False,False
2025-02-03 02:00:00+00:00,44149.0,44156.0,43964.5,44058.5,20449,4,0.0,4.0,True,2025-02-03 02:00:00,2.0,2025-02-03,False,False
2025-02-03 06:00:00+00:00,44057.5,44199.5,44012.5,44055.0,35670,4,0.0,2.875,True,2025-02-03 06:00:00,6.0,2025-02-03,False,False
2025-02-03 10:00:00+00:00,44054.5,44168.0,43998.5,44082.0,34278,4,0.0,2.5,True,2025-02-03 10:00:00,10.0,2025-02-03,False,False
2025-02-03 14:00:00+00:00,44081.5,44662.9,44008.5,44556.4,226089,4,0.75,1.5,True,2025-02-03 14:00:00,14.0,2025-02-03,False,False
2025-02-03 18:00:00+00:00,44556.1,44815.6,44472.1,44749.9,104977,4,0.75,2.125,True,2025-02-03 18:00:00,18.0,2025-02-03,True,False
2025-02-03 23:00:00+00:00,44824.0,44826.0,44622.9,44659.1,10909,3,0.0,4.0,True,2025-02-03 23:00:00,23.0,2025-02-03,False,False
2025-02-04 02:00:00+00:00,44659.9,44663.9,44348.9,44498.9,24920,4,0.0,4.0,True,2025-02-04 02:00:00,2.0,2025-02-04,False,False
2025-02-04 06:00:00+00:00,44499.6,44546.6,44362.6,44436.6,29700,4,0.0,2.875,True,2025-02-04 06:00:00,6.0,2025-02-04,False,False
2025-02-04 10:00:00+00:00,44435.6,44523.9,44417.4,44479.1,23138,4,0.0,2.5,True,2025-02-04 10:00:00,10.0,2025-02-04,False,False
2025-02-04 14:00:00+00:00,44479.4,44682.6,44459.9,44654.9,111236,4,0.75,1.5,True,2025-02-04 14:00:00,14.0,2025-02-04,False,False
2025-02-04 18:00:00+00:00,44655.4,44742.1,44594.4,44660.9,56055,4,0.75,2.125,True,2025-02-04 18:00:00,18.0,2025-02-04,True,False
2025-02-04 23:00:00+00:00,44645.5,44701.1,44631.1,44634.9,11701,3,0.0,4.0,True,2025-02-04 23:00:00,23.0,2025-02-04,False,False
2025-02-05 02:00:00+00:00,44634.6,44650.6,44559.4,44566.4,8795,4,0.0,4.0,True,2025-02-05 02:00:00,2.0,2025-02-05,False,False
2025-02-05 06:00:00+00:00,44566.9,44649.4,44536.4,44540.9,21601,4,0.0,2.875,True,2025-02-05 06:00:00,6.0,2025-02-05,False,False
2025-02-05 10:00:00+00:00,44540.4,44705.9,44525.9,44650.9,19792,4,0.0,2.5,True,2025-02-05 10:00:00,10.0,2025-02-05,False,False
2025-02-05 14:00:00+00:00,44650.1,44844.1,44467.9,44828.4,95707,4,0.75,1.5,True,2025-02-05 14:00:00,14.0,2025-02-05,False,False
2025-02-05 18:00:00+00:00,44828.9,45055.1,44816.9,45043.6,40565,4,0.75,2.125,True,2025-02-05 18:00:00,18.0,2025-02-05,True,False
2025-02-05 23:00:00+00:00,45042.0,45077.1,45006.6,45063.1,6015,3,0.0,4.0,True,2025-02-05 23:00:00,23.0,2025-02-05,False,False
2025-02-06 02:00:00+00:00,45061.9,45109.6,45049.9,45103.4,4302,4,0.0,4.0,True,2025-02-06 02:00:00,2.0,2025-02-06,False,False
2025-02-06 06:00:00+00:00,45104.1,45134.1,45052.4,45095.9,9576,4,0.0,2.875,True,2025-02-06 06:00:00,6.0,2025-02-06,False,False
2025-02-06 10:00:00+00:00,45097.1,45178.1,44981.1,45071.1,16979,4,0.0,2.5,True,2025-02-06 10:00:00,10.0,2025-02-06,False,False
2025-02-06 14:00:00+00:00,45070.6,45116.1,44805.4,44894.1,79058,4,0.75,1.5,True,2025-02-06 14:00:00,14.0,2025-02-06,False,False
2025-02-06 18:00:00+00:00,44895.1,44903.1,44659.9,44792.9,63593,4,0.75,2.125,True,2025-02-06 18:00:00,18.0,2025-02-06,True,False
2025-02-06 23:00:00+00:00,44787.0,44878.6,44773.0,44866.9,5577,3,0.0,4.0,True,2025-02-06 23:00:00,23.0,2025-02-06,False,False
2025-02-07 02:00:00+00:00,44866.4,44873.1,44812.9,44815.1,3393,4,0.0,4.0,True,2025-02-07 02:00:00,2.0,2025-02-07,False,False
2025-02-07 06:00:00+00:00,44813.9,44896.4,44791.6,44894.9,9193,4,0.0,2.875,True,2025-02-07 06:00:00,6.0,2025-02-07,False,False
2025-02-07 10:00:00+00:00,44894.4,44928.1,44771.4,44913.1,19907,4,0.0,2.5,True,2025-02-07 10:00:00,10.0,2025-02-07,False,False
2025-02-07 14:00:00+00:00,44913.6,44961.6,44472.4,44525.1,192944,4,0.75,1.5,True,2025-02-07 14:00:00,14.0,2025-02-07,False,False
2025-02-07 18:00:00+00:00,44525.9,44622.6,44383.9,44427.9,74912,4,0.75,2.125,True,2025-02-07 18:00:00,18.0,2025-02-07,True,False
2025-02-09 23:00:00+00:00,44335.0,44524.1,44308.6,44500.6,12528,3,0.0,4.0,True,2025-02-09 23:00:00,23.0,2025-02-09,False,False
2025-02-10 02:00:00+00:00,44500.1,44514.6,44480.9,44487.1,4816,4,0.0,4.0,True,2025-02-10 02:00:00,2.0,2025-02-10,False,False
2025-02-10 06:00:00+00:00,44487.4,44556.1,44471.4,44539.9,8954,4,0.0,2.875,True,2025-02-10 06:00:00,6.0,2025-02-10,False,False
2025-02-10 10:00:00+00:00,44538.6,44683.1,44537.9,44682.1,11365,4,0.0,2.5,True,2025-02-10 10:00:00,10.0,2025-02-10,False,False
2025-02-10 14:00:00+00:00,44683.1,44734.1,44405.9,44513.1,78421,4,0.75,1.5,True,2025-02-10 14:00:00,14.0,2025-02-10,False,False
2025-02-10 18:00:00+00:00,44512.1,44608.1,44510.9,44585.9,38663,4,0.75,2.125,True,2025-02-10 18:00:00,18.0,2025-02-10,True,False
2025-02-10 23:00:00+00:00,44569.5,44572.0,44487.4,44507.9,6328,3,0.0,4.0,True,2025-02-10 23:00:00,23.0,2025-02-10,False,False
2025-02-11 02:00:00+00:00,44508.6,44525.1,44465.4,44517.1,5203,4,0.0,4.0,True,2025-02-11 02:00:00,2.0,2025-02-11,False,False
2025-02-11 06:00:00+00:00,44516.6,44524.1,44447.4,44475.1,10550,4,0.0,2.875,True,2025-02-11 06:00:00,6.0,2025-02-11,False,False
2025-02-11 10:00:00+00:00,44475.6,44513.4,44427.9,44437.1,14660,4,0.0,2.5,True,2025-02-11 10:00:00,10.0,2025-02-11,False,False
2025-02-11 14:00:00+00:00,44436.4,44651.1,44395.9,44580.9,78961,4,0.75,1.5,True,2025-02-11 14:00:00,14.0,2025-02-11,False,False
2025-02-11 18:00:00+00:00,44580.1,44749.1,44550.9,44700.1,51046,4,0.75,2.125,True,2025-02-11 18:00:00,18.0,2025-02-11,True,False
2025-02-11 23:00:00+00:00,44703.0,44734.1,44672.9,44718.1,5789,3,0.0,4.0,True,2025-02-11 23:00:00,23.0,2025-02-11,False,False
2025-02-12 02:00:00+00:00,44718.9,44720.1,44670.4,44672.1,3748,4,0.0,4.0,True,2025-02-12 02:00:00,2.0,2025-02-12,False,False
2025-02-12 06:00:00+00:00,44672.6,44699.6,44587.4,44641.9,8340,4,0.0,2.875,True,2025-02-12 06:00:00,6.0,2025-02-12,False,False
2025-02-12 10:00:00+00:00,44642.4,44703.6,44244.1,44305.1,27531,4,0.0,2.5,True,2025-02-12 10:00:00,10.0,2025-02-12,False,False
2025-02-12 14:00:00+00:00,44306.1,44564.4,44188.4,44558.9,143717,4,0.75,1.5,True,2025-02-12 14:00:00,14.0,2025-02-12,False,False
2025-02-12 18:00:00+00:00,44558.4,44570.6,44399.1,44510.4,60896,4,0.75,2.125,True,2025-02-12 18:00:00,18.0,2025-02-12,True,False
2025-02-12 23:00:00+00:00,44521.5,44552.6,44498.6,44533.4,5873,3,0.0,4.0,True,2025-02-12 23:00:00,23.0,2025-02-12,False,False
2025-02-13 02:00:00+00:00,44533.1,44563.1,44509.9,44544.1,4126,4,0.0,4.0,True,2025-02-13 02:00:00,2.0,2025-02-13,False,False
2025-02-13 06:00:00+00:00,44544.9,44557.1,44357.9,44445.6,18384,4,0.0,2.875,True,2025-02-13 06:00:00,6.0,2025-02-13,False,False
2025-02-13 10:00:00+00:00,44444.9,44577.6,44430.4,44565.1,28769,4,0.0,2.5,True,2025-02-13 10:00:00,10.0,2025-02-13,False,False
2025-02-13 14:00:00+00:00,44566.1,44629.9,44450.9,44551.1,99708,4,0.75,1.5,True,2025-02-13 14:00:00,14.0,2025-02-13,False,False
2025-02-13 18:00:00+00:00,44549.9,44874.1,44496.4,44825.9,74797,4,0.75,2.125,True,2025-02-13 18:00:00,18.0,2025-02-13,True,False
2025-02-13 23:00:00+00:00,44819.5,44875.1,44814.4,44870.9,6622,3,0.0,4.0,True,2025-02-13 23:00:00,23.0,2025-02-13,False,False
2025-02-14 02:00:00+00:00,44871.4,44878.1,44838.9,44841.1,3433,4,0.0,4.0,True,2025-02-14 02:00:00,2.0,2025-02-14,False,False
2025-02-14 06:00:00+00:00,44840.1,44873.9,44729.9,44737.9,10133,4,0.0,2.875,True,2025-02-14 06:00:00,6.0,2025-02-14,False,False
2025-02-14 10:00:00+00:00,44736.9,44750.9,44641.9,44748.4,14678,4,0.0,2.5,True,2025-02-14 10:00:00,10.0,2025-02-14,False,False
2025-02-14 14:00:00+00:00,44749.1,44865.1,44654.4,44701.9,75375,4,0.75,1.5,True,2025-02-14 14:00:00,14.0,2025-02-14,False,False
2025-02-14 18:00:00+00:00,44703.1,44753.6,44590.1,44626.1,36126,4,0.75,2.125,True,2025-02-14 18:00:00,18.0,2025-02-14,True,False
2025-02-16 23:00:00+00:00,44665.0,44667.1,44605.6,44653.9,5055,3,0.0,4.0,True,2025-02-16 23:00:00,23.0,2025-02-16,False,False
2025-02-17 02:00:00+00:00,44654.4,44686.6,44647.9,44675.9,2529,4,0.0,4.0,True,2025-02-17 02:00:00,2.0,2025-02-17,False,False
2025-02-17 06:00:00+00:00,44676.4,44695.1,44640.9,44691.1,4219,4,0.0,2.875,True,2025-02-17 06:00:00,6.0,2025-02-17,False,False
2025-02-17 10:00:00+00:00,44690.6,44738.1,44668.6,44730.1,3249,4,0.0,2.5,True,2025-02-17 10:00:00,10.0,2025-02-17,False,False
2025-02-17 14:00:00+00:00,44729.1,44759.1,44669.1,44743.9,8397,4,0.75,1.5,True,2025-02-17 14:00:00,14.0,2025-02-17,False,False
2025-02-17 23:00:00+00:00,44732.5,44743.0,44679.1,44691.1,4375,3,0.0,4.0,True,2025-02-17 23:00:00,23.0,2025-02-17,False,False
2025-02-18 02:00:00+00:00,44689.9,44698.1,44668.9,44675.9,2783,4,0.0,4.0,True,2025-02-18 02:00:00,2.0,2025-02-18,False,False
2025-02-18 06:00:00+00:00,44675.4,44753.1,44641.9,44644.6,9464,4,0.0,2.875,True,2025-02-18 06:00:00,6.0,2025-02-18,False,False
2025-02-18 10:00:00+00:00,44645.1,44734.1,44623.4,44704.9,8916,4,0.0,2.5,True,2025-02-18 10:00:00,10.0,2025-02-18,False,False
2025-02-18 14:00:00+00:00,44707.1,44709.6,44470.6,44574.9,84417,4,0.75,1.5,True,2025-02-18 14:00:00,14.0,2025-02-18,False,False
2025-02-18 18:00:00+00:00,44576.1,44676.6,44409.4,44643.6,55573,4,0.75,2.125,True,2025-02-18 18:00:00,18.0,2025-02-18,True,False
2025-02-18 23:00:00+00:00,44637.5,44694.9,44634.5,44689.1,4407,3,0.0,4.0,True,2025-02-18 23:00:00,23.0,2025-02-18,False,False
2025-02-19 02:00:00+00:00,44687.9,44698.1,44673.4,44686.1,2931,4,0.0,4.0,True,2025-02-19 02:00:00,2.0,2025-02-19,False,False
2025-02-19 06:00:00+00:00,44686.6,44700.9,44651.6,44672.1,5914,4,0.0,2.875,True,2025-02-19 06:00:00,6.0,2025-02-19,False,False
2025-02-19 10:00:00+00:00,44671.4,44674.1,44508.4,44530.1,14479,4,0.0,2.5,True,2025-02-19 10:00:00,10.0,2025-02-19,False,False
2025-02-19 14:00:00+00:00,44528.9,44564.6,44433.1,44485.1,76640,4,0.75,1.5,True,2025-02-19 14:00:00,14.0,2025-02-19,False,False
2025-02-19 18:00:00+00:00,44485.4,44723.1,44395.4,44661.9,53844,4,0.75,2.125,True,2025-02-19 18:00:00,18.0,2025-02-19,True,False
2025-02-19 23:00:00+00:00,44647.5,44684.1,44632.9,44634.6,6420,3,0.0,4.0,True,2025-02-19 23:00:00,23.0,2025-02-19,False,False
2025-02-20 02:00:00+00:00,44634.1,44653.1,44604.9,44607.1,4765,4,0.0,4.0,True,2025-02-20 02:00:00,2.0,2025-02-20,False,False
2025-02-20 06:00:00+00:00,44607.4,44662.1,44603.9,44655.6,7335,4,0.0,2.875,True,2025-02-20 06:00:00,6.0,2025-02-20,False,False
2025-02-20 10:00:00+00:00,44656.1,44674.1,44547.4,44564.6,11018,4,0.0,2.5,True,2025-02-20 10:00:00,10.0,2025-02-20,False,False
2025-02-20 14:00:00+00:00,44563.1,44605.4,44040.9,44091.1,113192,4,0.75,1.5,True,2025-02-20 14:00:00,14.0,2025-02-20,False,False
2025-02-20 18:00:00+00:00,44089.6,44284.1,44033.9,44251.1,61711,4,0.75,2.125,True,2025-02-20 18:00:00,18.0,2025-02-20,True,False
2025-02-20 23:00:00+00:00,44247.5,44300.1,44220.0,44264.9,5500,3,0.0,4.0,True,2025-02-20 23:00:00,23.0,2025-02-20,False,False
2025-02-21 02:00:00+00:00,44265.6,44279.6,44245.6,44255.9,3608,4,0.0,4.0,True,2025-02-21 02:00:00,2.0,2025-02-21,False,False
2025-02-21 06:00:00+00:00,44253.9,44311.1,44248.9,44300.6,9194,4,0.0,2.875,True,2025-02-21 06:00:00,6.0,2025-02-21,False,False
2025-02-21 10:00:00+00:00,44301.1,44332.1,43996.4,44010.1,15257,4,0.0,2.5,True,2025-02-21 10:00:00,10.0,2025-02-21,False,False
2025-02-21 14:00:00+00:00,44009.1,44085.1,43659.4,43675.1,124597,4,0.75,1.5,True,2025-02-21 14:00:00,14.0,2025-02-21,False,False
2025-02-21 18:00:00+00:00,43676.9,43683.6,43419.1,43494.9,117293,4,0.75,2.125,True,2025-02-21 18:00:00,18.0,2025-02-21,True,False
2025-02-23 23:00:00+00:00,43526.6,43665.1,43510.9,43645.9,11445,3,0.0,4.0,True,2025-02-23 23:00:00,23.0,2025-02-23,False,False
2025-02-24 02:00:00+00:00,43646.9,43713.1,43643.9,43708.1,5001,4,0.0,4.0,True,2025-02-24 02:00:00,2.0,2025-02-24,False,False
2025-02-24 06:00:00+00:00,43706.9,43811.9,43606.4,43772.6,19780,4,0.0,2.875,True,2025-02-24 06:00:00,6.0,2025-02-24,False,False
2025-02-24 10:00:00+00:00,43773.1,43825.6,43715.1,43716.9,13684,4,0.0,2.5,True,2025-02-24 10:00:00,10.0,2025-02-24,False,False
2025-02-24 14:00:00+00:00,43715.9,43749.4,43419.9,43694.1,156816,4,0.75,1.5,True,2025-02-24 14:00:00,14.0,2025-02-24,False,False
2025-02-24 18:00:00+00:00,43692.1,43776.6,43504.9,43570.9,87251,4,0.75,2.125,True,2025-02-24 18:00:00,18.0,2025-02-24,True,False
2025-02-24 23:00:00+00:00,43569.9,43640.9,43529.9,43639.1,10690,3,0.0,4.0,True,2025-02-24 23:00:00,23.0,2025-02-24,False,False
2025-02-25 02:00:00+00:00,43637.9,43656.4,43595.4,43606.1,6816,4,0.0,4.0,True,2025-02-25 02:00:00,2.0,2025-02-25,False,False
2025-02-25 06:00:00+00:00,43605.6,43611.4,43426.6,43443.9,24472,4,0.0,2.875,True,2025-02-25 06:00:00,6.0,2025-02-25,False,False
2025-02-25 10:00:00+00:00,43444.6,43654.4,43390.9,43633.1,23429,4,0.0,2.5,True,2025-02-25 10:00:00,10.0,2025-02-25,False,False
2025-02-25 14:00:00+00:00,43633.6,43806.1,43345.9,43694.1,193081,4,0.75,1.5,True,2025-02-25 14:00:00,14.0,2025-02-25,False,False
2025-02-25 18:00:00+00:00,43693.4,43842.9,43541.9,43746.9,131720,4,0.75,2.125,True,2025-02-25 18:00:00,18.0,2025-02-25,True,False
2025-02-25 23:00:00+00:00,43747.0,43783.9,43710.1,43717.6,6765,3,0.0,4.0,True,2025-02-25 23:00:00,23.0,2025-02-25,False,False
2025-02-26 02:00:00+00:00,43718.1,43789.1,43696.1,43784.1,6436,4,0.0,4.0,True,2025-02-26 02:00:00,2.0,2025-02-26,False,False
2025-02-26 06:00:00+00:00,43783.6,43823.6,43742.9,43801.9,10531,4,0.0,2.875,True,2025-02-26 06:00:00,6.0,2025-02-26,False,False
2025-02-26 10:00:00+00:00,43802.4,43846.1,43736.6,43751.9,15694,4,0.0,2.5,True,2025-02-26 10:00:00,10.0,2025-02-26,False,False
2025-02-26 14:00:00+00:00,43750.9,43932.6,43506.9,43550.1,154793,4,0.75,1.5,True,2025-02-26 14:00:00,14.0,2025-02-26,False,False
2025-02-26 18:00:00+00:00,43550.6,43597.6,43328.9,43500.4,126883,4,0.75,2.125,True,2025-02-26 18:00:00,18.0,2025-02-26,True,False
2025-02-26 23:00:00+00:00,43453.1,43486.1,43388.1,43447.9,16394,3,0.0,4.0,True,2025-02-26 23:00:00,23.0,2025-02-26,False,False
2025-02-27 02:00:00+00:00,43447.4,43622.9,43439.9,43600.4,9690,4,0.0,4.0,True,2025-02-27 02:00:00,2.0,2025-02-27,False,False
2025-02-27 06:00:00+00:00,43601.6,43646.1,43538.4,43613.1,19536,4,0.0,2.875,True,2025-02-27 06:00:00,6.0,2025-02-27,False,False
2025-02-27 10:00:00+00:00,43612.4,43665.6,43398.9,43449.4,31785,4,0.0,2.5,True,2025-02-27 10:00:00,10.0,2025-02-27,False,False
2025-02-27 14:00:00+00:00,43448.9,43948.1,43433.4,43729.9,186525,4,0.75,1.5,True,2025-02-27 14:00:00,14.0,2025-02-27,False,False
2025-02-27 18:00:00+00:00,43730.9,43824.4,43277.9,43313.6,139322,4,0.75,2.125,True,2025-02-27 18:00:00,18.0,2025-02-27,True,False
2025-02-27 23:00:00+00:00,43326.5,43366.4,43166.9,43263.6,18057,3,0.0,4.0,True,2025-02-27 23:00:00,23.0,2025-02-27,False,False
2025-02-28 02:00:00+00:00,43262.9,43309.9,43178.9,43291.4,22788,4,0.0,4.0,True,2025-02-28 02:00:00,2.0,2025-02-28,False,False
2025-02-28 06:00:00+00:00,43291.1,43419.1,43258.9,43397.6,25818,4,0.0,2.875,True,2025-02-28 06:00:00,6.0,2025-02-28,False,False
2025-02-28 10:00:00+00:00,43397.1,43538.6,43395.9,43476.9,28158,4,0.0,2.5,True,2025-02-28 10:00:00,10.0,2025-02-28,False,False
2025-02-28 14:00:00+00:00,43477.9,43604.9,43251.9,43256.9,192191,4,0.75,1.5,True,2025-02-28 14:00:00,14.0,2025-02-28,False,False
2025-02-28 18:00:00+00:00,43257.6,43932.4,43154.6,43852.1,152335,4,0.75,2.125,True,2025-02-28 18:00:00,18.0,2025-02-28,True,False
2025-03-02 23:00:00+00:00,43884.9,43973.1,43796.9,43862.1,16774,3,0.0,4.0,True,2025-03-02 23:00:00,23.0,2025-03-02,False,False
2025-03-03 02:00:00+00:00,43862.6,43952.9,43818.1,43939.1,10792,4,0.0,4.0,True,2025-03-03 02:00:00,2.0,2025-03-03,False,False
2025-03-03 06:00:00+00:00,43938.6,43977.6,43810.9,43968.9,19381,4,0.0,2.875,True,2025-03-03 06:00:00,6.0,2025-03-03,False,False
2025-03-03 10:00:00+00:00,43968.6,44095.4,43935.9,43995.9,16890,4,0.0,2.5,True,2025-03-03 10:00:00,10.0,2025-03-03,False,False
2025-03-03 14:00:00+00:00,43994.9,44119.1,43691.4,43762.1,81224,4,0.75,1.5,True,2025-03-03 14:00:00,14.0,2025-03-03,False,False
2025-03-03 18:00:00+00:00,43762.9,43770.1,42988.1,43326.1,77545,4,0.75,2.125,True,2025-03-03 18:00:00,18.0,2025-03-03,True,False
2025-03-03 23:00:00+00:00,43349.9,43364.1,43225.9,43235.9,16025,3,0.0,4.0,True,2025-03-03 23:00:00,23.0,2025-03-03,False,False
2025-03-04 02:00:00+00:00,43236.9,43357.4,43206.4,43319.1,16712,4,0.0,4.0,True,2025-03-04 02:00:00,2.0,2025-03-04,False,False
2025-03-04 06:00:00+00:00,43316.9,43344.9,43206.6,43249.1,26275,4,0.0,2.875,True,2025-03-04 06:00:00,6.0,2025-03-04,False,False
2025-03-04 10:00:00+00:00,43248.6,43265.9,43053.4,43101.1,52992,4,0.0,2.5,True,2025-03-04 10:00:00,10.0,2025-03-04,False,False
2025-03-04 14:00:00+00:00,43100.4,43162.1,42421.6,42595.4,248198,4,0.75,1.5,True,2025-03-04 14:00:00,14.0,2025-03-04,False,False
2025-03-04 18:00:00+00:00,42597.1,43151.1,42482.9,42826.4,194893,4,0.75,2.125,True,2025-03-04 18:00:00,18.0,2025-03-04,True,False
2025-03-04 23:00:00+00:00,42867.9,42892.6,42701.6,42784.9,27926,3,0.0,4.0,True,2025-03-04 23:00:00,23.0,2025-03-04,False,False
2025-03-05 02:00:00+00:00,42785.4,42861.4,42711.4,42817.4,22617,4,0.0,4.0,True,2025-03-05 02:00:00,2.0,2025-03-05,False,False
2025-03-05 06:00:00+00:00,42816.6,42926.9,42759.9,42901.1,39064,4,0.0,2.875,True,2025-03-05 06:00:00,6.0,2025-03-05,False,False
2025-03-05 10:00:00+00:00,42901.6,42922.1,42543.4,42565.6,55226,4,0.0,2.5,True,2025-03-05 10:00:00,10.0,2025-03-05,False,False
2025-03-05 14:00:00+00:00,42565.9,42918.1,42473.4,42904.6,226023,4,0.75,1.5,True,2025-03-05 14:00:00,14.0,2025-03-05,False,False
2025-03-05 18:00:00+00:00,42905.1,43196.1,42721.4,43048.4,166945,4,0.75,2.125,True,2025-03-05 18:00:00,18.0,2025-03-05,True,False
2025-03-05 23:00:00+00:00,43063.1,43094.1,43005.9,43037.6,12767,3,0.0,4.0,True,2025-03-05 23:00:00,23.0,2025-03-05,False,False
2025-03-06 02:00:00+00:00,43037.1,43082.1,43002.1,43029.9,12400,4,0.0,4.0,True,2025-03-06 02:00:00,2.0,2025-03-06,False,False
2025-03-06 06:00:00+00:00,43029.4,43092.1,42688.4,42709.9,46774,4,0.0,2.875,True,2025-03-06 06:00:00,6.0,2025-03-06,False,False
2025-03-06 10:00:00+00:00,42711.9,42751.9,42582.9,42678.1,53220,4,0.0,2.5,True,2025-03-06 10:00:00,10.0,2025-03-06,False,False
2025-03-06 14:00:00+00:00,42677.6,43040.9,42440.1,42587.1,212820,4,0.75,1.5,True,2025-03-06 14:00:00,14.0,2025-03-06,False,False
2025-03-06 18:00:00+00:00,42587.4,42747.1,42425.6,42657.9,164738,4,0.75,2.125,True,2025-03-06 18:00:00,18.0,2025-03-06,True,False
2025-03-06 23:00:00+00:00,42649.1,42748.6,42632.6,42719.1,18580,3,0.0,4.0,True,2025-03-06 23:00:00,23.0,2025-03-06,False,False
2025-03-07 02:00:00+00:00,42719.6,42751.4,42635.4,42646.9,16783,4,0.0,4.0,True,2025-03-07 02:00:00,2.0,2025-03-07,False,False
2025-03-07 06:00:00+00:00,42648.1,42733.4,42601.9,42712.1,37961,4,0.0,2.875,True,2025-03-07 06:00:00,6.0,2025-03-07,False,False
2025-03-07 10:00:00+00:00,42712.6,42897.9,42473.4,42495.9,46205,4,0.0,2.5,True,2025-03-07 10:00:00,10.0,2025-03-07,False,False
2025-03-07 14:00:00+00:00,42495.1,42776.9,42207.9,42527.6,256260,4,0.75,1.5,True,2025-03-07 14:00:00,14.0,2025-03-07,False,False
2025-03-07 18:00:00+00:00,42527.9,42944.6,42517.9,42831.1,194837,4,0.75,2.125,True,2025-03-07 18:00:00,18.0,2025-03-07,True,False
2025-03-09 22:00:00+00:00,42600.4,42680.9,42434.9,42678.9,37319,4,0.0,4.0,True,2025-03-09 22:00:00,22.0,2025-03-09,False,False
2025-03-10 02:00:00+00:00,42678.4,42712.1,42633.9,42645.1,16310,4,0.0,4.0,True,2025-03-10 02:00:00,2.0,2025-03-10,False,False
2025-03-10 06:00:00+00:00,42646.9,42705.1,42363.9,42485.4,48184,4,0.0,2.875,True,2025-03-10 06:00:00,6.0,2025-03-10,False,False
2025-03-10 10:00:00+00:00,42485.1,42611.1,42306.1,42549.9,91475,4,0.0,2.25,True,2025-03-10 10:00:00,10.0,2025-03-10,False,False
2025-03-10 14:00:00+00:00,42547.9,42568.1,42029.9,42036.6,235208,4,1.0,1.5,True,2025-03-10 14:00:00,14.0,2025-03-10,True,False
2025-03-10 18:00:00+00:00,42036.9,42104.1,41665.9,42002.6,140139,3,0.6666666666666666,2.3333333333333335,True,2025-03-10 18:00:00,18.0,2025-03-10,True,False
2025-03-10 22:00:00+00:00,42036.1,42036.1,41658.4,41844.1,51670,4,0.0,4.0,True,2025-03-10 22:00:00,22.0,2025-03-10,False,False
2025-03-11 02:00:00+00:00,41843.4,42108.6,41834.4,42084.4,39873,4,0.0,4.0,True,2025-03-11 02:00:00,2.0,2025-03-11,False,False
2025-03-11 06:00:00+00:00,42085.1,42112.1,41991.4,42057.9,39317,4,0.0,2.875,True,2025-03-11 06:00:00,6.0,2025-03-11,False,False
2025-03-11 10:00:00+00:00,42057.6,42125.9,41654.9,41698.9,76363,4,0.0,2.25,True,2025-03-11 10:00:00,10.0,2025-03-11,False,False
2025-03-11 14:00:00+00:00,41693.4,41849.6,41219.9,41327.6,272406,4,1.0,1.5,True,2025-03-11 14:00:00,14.0,2025-03-11,True,False
2025-03-11 18:00:00+00:00,41326.9,41850.4,41316.1,41475.4,156446,3,0.6666666666666666,2.3333333333333335,True,2025-03-11 18:00:00,18.0,2025-03-11,True,False
2025-03-11 22:00:00+00:00,41497.1,41586.1,41452.1,41567.4,24883,4,0.0,4.0,True,2025-03-11 22:00:00,22.0,2025-03-11,False,False
2025-03-12 02:00:00+00:00,41567.9,41607.1,41512.9,41589.9,13772,4,0.0,4.0,True,2025-03-12 02:00:00,2.0,2025-03-12,False,False
2025-03-12 06:00:00+00:00,41589.6,41679.6,41477.6,41665.9,40058,4,0.0,2.875,True,2025-03-12 06:00:00,6.0,2025-03-12,False,False
2025-03-12 10:00:00+00:00,41667.4,42022.9,41325.4,41388.1,100087,4,0.0,2.25,True,2025-03-12 10:00:00,10.0,2025-03-12,False,False
2025-03-12 14:00:00+00:00,41387.4,41587.6,41045.9,41374.6,218151,4,1.0,1.5,True,2025-03-12 14:00:00,14.0,2025-03-12,True,False
2025-03-12 18:00:00+00:00,41375.1,41610.9,41341.4,41358.1,101491,3,0.6666666666666666,2.3333333333333335,True,2025-03-12 18:00:00,18.0,2025-03-12,True,False
2025-03-12 22:00:00+00:00,41354.5,41498.1,41341.9,41448.9,20710,4,0.0,4.0,True,2025-03-12 22:00:00,22.0,2025-03-12,False,False
2025-03-13 02:00:00+00:00,41448.4,41455.4,41234.4,41277.6,25340,4,0.0,4.0,True,2025-03-13 02:00:00,2.0,2025-03-13,False,False
2025-03-13 06:00:00+00:00,41278.1,41418.9,41149.6,41414.4,49149,4,0.0,2.875,True,2025-03-13 06:00:00,6.0,2025-03-13,False,False
2025-03-13 10:00:00+00:00,41413.9,41441.1,41161.1,41217.1,64245,4,0.0,2.25,True,2025-03-13 10:00:00,10.0,2025-03-13,False,False
2025-03-13 14:00:00+00:00,41216.4,41409.6,40707.4,40726.9,139189,4,1.0,1.5,True,2025-03-13 14:00:00,14.0,2025-03-13,True,False
2025-03-13 18:00:00+00:00,40726.1,41040.4,40717.4,40906.6,70667,3,0.6666666666666666,2.3333333333333335,True,2025-03-13 18:00:00,18.0,2025-03-13,True,False
2025-03-13 22:00:00+00:00,40908.5,41081.6,40908.5,41037.9,20010,4,0.0,4.0,True,2025-03-13 22:00:00,22.0,2025-03-13,False,False
2025-03-14 02:00:00+00:00,41037.1,41098.1,41036.6,41056.1,11009,4,0.0,4.0,True,2025-03-14 02:00:00,2.0,2025-03-14,False,False
2025-03-14 06:00:00+00:00,41055.6,41109.9,40982.4,41079.1,27074,4,0.0,2.875,True,2025-03-14 06:00:00,6.0,2025-03-14,False,False
2025-03-14 10:00:00+00:00,41079.4,41292.1,40949.1,41226.1,50162,4,0.0,2.25,True,2025-03-14 10:00:00,10.0,2025-03-14,False,False
2025-03-14 14:00:00+00:00,41216.9,41527.6,41027.9,41364.1,119499,4,1.0,1.5,True,2025-03-14 14:00:00,14.0,2025-03-14,True,False
2025-03-14 18:00:00+00:00,41366.1,41562.9,41363.9,41434.9,50510,3,0.6666666666666666,2.3333333333333335,True,2025-03-14 18:00:00,18.0,2025-03-14,True,False
2025-03-16 22:00:00+00:00,41447.4,41449.6,41290.9,41344.6,14868,4,0.0,4.0,True,2025-03-16 22:00:00,22.0,2025-03-16,False,False
2025-03-17 02:00:00+00:00,41343.9,41351.1,41301.6,41326.4,15335,4,0.0,4.0,True,2025-03-17 02:00:00,2.0,2025-03-17,False,False
2025-03-17 06:00:00+00:00,41325.4,41343.6,41251.9,41312.1,35098,4,0.0,2.875,True,2025-03-17 06:00:00,6.0,2025-03-17,False,False
2025-03-17 10:00:00+00:00,41311.6,41796.6,41286.1,41699.4,53498,4,0.0,2.25,True,2025-03-17 10:00:00,10.0,2025-03-17,False,False
2025-03-17 14:00:00+00:00,41698.1,41919.9,41594.4,41914.4,123145,4,1.0,1.5,True,2025-03-17 14:00:00,14.0,2025-03-17,True,False
2025-03-17 18:00:00+00:00,41914.1,42044.1,41842.9,41882.9,52261,3,0.6666666666666666,2.3333333333333335,True,2025-03-17 18:00:00,18.0,2025-03-17,True,False
2025-03-17 22:00:00+00:00,41870.0,41921.4,41802.4,41808.6,13928,4,0.0,4.0,True,2025-03-17 22:00:00,22.0,2025-03-17,False,False
2025-03-18 02:00:00+00:00,41808.1,41820.4,41752.1,41780.9,12526,4,0.0,4.0,True,2025-03-18 02:00:00,2.0,2025-03-18,False,False
2025-03-18 06:00:00+00:00,41780.4,41903.6,41769.1,41851.1,27219,4,0.0,2.875,True,2025-03-18 06:00:00,6.0,2025-03-18,False,False
2025-03-18 10:00:00+00:00,41850.6,41852.1,41618.6,41633.4,49911,4,0.0,2.25,True,2025-03-18 10:00:00,10.0,2025-03-18,False,False
2025-03-18 14:00:00+00:00,41633.1,41728.1,41433.9,41585.9,118154,4,1.0,1.5,True,2025-03-18 14:00:00,14.0,2025-03-18,True,False
2025-03-18 18:00:00+00:00,41586.4,41676.9,41527.9,41594.6,78923,3,0.6666666666666666,2.3333333333333335,True,2025-03-18 18:00:00,18.0,2025-03-18,True,False
2025-03-18 22:00:00+00:00,41537.5,41716.4,41536.5,41663.9,11975,4,0.0,4.0,True,2025-03-18 22:00:00,22.0,2025-03-18,False,False
2025-03-19 02:00:00+00:00,41664.6,41686.1,41619.4,41637.1,10082,4,0.0,4.0,True,2025-03-19 02:00:00,2.0,2025-03-19,False,False
2025-03-19 06:00:00+00:00,41637.6,41680.1,41528.4,41666.1,30375,4,0.0,2.875,True,2025-03-19 06:00:00,6.0,2025-03-19,False,False
2025-03-19 10:00:00+00:00,41666.4,41852.6,41594.4,41812.4,47004,4,0.0,2.25,True,2025-03-19 10:00:00,10.0,2025-03-19,False,False
2025-03-19 14:00:00+00:00,41811.9,41973.4,41678.4,41706.6,99962,4,1.0,1.5,True,2025-03-19 14:00:00,14.0,2025-03-19,True,False
2025-03-19 18:00:00+00:00,41706.1,42208.6,41614.9,41985.9,75914,3,0.6666666666666666,2.3333333333333335,True,2025-03-19 18:00:00,18.0,2025-03-19,True,False
2025-03-19 22:00:00+00:00,41990.0,42109.6,41990.0,42076.1,10024,4,0.0,4.0,True,2025-03-19 22:00:00,22.0,2025-03-19,False,False
2025-03-20 02:00:00+00:00,42075.4,42139.1,42067.1,42128.4,7066,4,0.0,4.0,True,2025-03-20 02:00:00,2.0,2025-03-20,False,False
2025-03-20 06:00:00+00:00,42128.1,42150.1,41966.4,41987.1,21727,4,0.0,2.875,True,2025-03-20 06:00:00,6.0,2025-03-20,False,False
2025-03-20 10:00:00+00:00,41988.1,41993.1,41700.9,41945.6,65518,4,0.0,2.25,True,2025-03-20 10:00:00,10.0,2025-03-20,False,False
2025-03-20 14:00:00+00:00,41948.1,42265.1,41907.1,41943.1,122218,4,1.0,1.5,True,2025-03-20 14:00:00,14.0,2025-03-20,True,False
2025-03-20 18:00:00+00:00,41943.4,42029.4,41852.6,41986.0,58483,3,0.6666666666666666,2.3333333333333335,True,2025-03-20 18:00:00,18.0,2025-03-20,True,False
2025-03-20 22:00:00+00:00,42288.5,42331.0,42237.0,42328.0,9485,4,0.0,4.0,True,2025-03-20 22:00:00,22.0,2025-03-20,False,False
2025-03-21 02:00:00+00:00,42327.5,42330.0,42193.0,42226.0,10747,4,0.0,4.0,True,2025-03-21 02:00:00,2.0,2025-03-21,False,False
2025-03-21 06:00:00+00:00,42226.5,42303.0,42071.5,42146.0,33365,4,0.0,2.875,True,2025-03-21 06:00:00,6.0,2025-03-21,False,False
2025-03-21 10:00:00+00:00,42146.5,42213.5,41790.1,41881.6,82407,4,0.0,2.25,True,2025-03-21 10:00:00,10.0,2025-03-21,False,False
2025-03-21 14:00:00+00:00,41882.1,42340.6,41751.1,42272.6,163584,4,1.0,1.5,True,2025-03-21 14:00:00,14.0,2025-03-21,True,False
2025-03-21 18:00:00+00:00,42274.6,42341.5,42150.1,42320.0,67868,3,0.6666666666666666,2.3333333333333335,True,2025-03-21 18:00:00,18.0,2025-03-21,True,False
2025-03-23 22:00:00+00:00,42488.6,42554.0,42462.5,42538.0,11045,4,0.0,4.0,True,2025-03-23 22:00:00,22.0,2025-03-23,False,False
2025-03-24 02:00:00+00:00,42537.5,42556.0,42524.0,42548.0,3843,4,0.0,4.0,True,2025-03-24 02:00:00,2.0,2025-03-24,False,False
2025-03-24 06:00:00+00:00,42547.5,42685.0,42544.0,42629.0,15979,4,0.0,2.875,True,2025-03-24 06:00:00,6.0,2025-03-24,False,False
2025-03-24 10:00:00+00:00,42628.5,42832.1,42614.0,42817.1,41423,4,0.0,2.25,True,2025-03-24 10:00:00,10.0,2025-03-24,False,False
2025-03-24 14:00:00+00:00,42817.6,42919.6,42732.6,42789.6,76822,4,1.0,1.5,True,2025-03-24 14:00:00,14.0,2025-03-24,True,False
2025-03-24 18:00:00+00:00,42790.1,42967.1,42705.1,42888.5,43923,3,0.6666666666666666,2.3333333333333335,True,2025-03-24 18:00:00,18.0,2025-03-24,True,False
2025-03-24 22:00:00+00:00,42893.0,42903.5,42839.0,42877.5,5984,4,0.0,4.0,True,2025-03-24 22:00:00,22.0,2025-03-24,False,False
2025-03-25 02:00:00+00:00,42877.0,42877.0,42823.0,42830.0,3667,4,0.0,4.0,True,2025-03-25 02:00:00,2.0,2025-03-25,False,False
2025-03-25 06:00:00+00:00,42830.5,42866.0,42807.0,42860.0,13392,4,0.0,2.875,True,2025-03-25 06:00:00,6.0,2025-03-25,False,False
2025-03-25 10:00:00+00:00,42859.5,43023.6,42825.0,42857.0,38680,4,0.0,2.25,True,2025-03-25 10:00:00,10.0,2025-03-25,False,False
2025-03-25 14:00:00+00:00,42865.0,43004.1,42816.1,42827.1,74060,4,1.0,1.5,True,2025-03-25 14:00:00,14.0,2025-03-25,True,False
2025-03-25 18:00:00+00:00,42828.1,42937.0,42765.6,42924.0,46665,3,0.6666666666666666,2.3333333333333335,True,2025-03-25 18:00:00,18.0,2025-03-25,True,False
2025-03-25 22:00:00+00:00,42902.5,42962.0,42902.0,42929.0,5382,4,0.0,4.0,True,2025-03-25 22:00:00,22.0,2025-03-25,False,False
2025-03-26 02:00:00+00:00,42928.5,42931.5,42865.5,42868.5,4852,4,0.0,4.0,True,2025-03-26 02:00:00,2.0,2025-03-26,False,False
2025-03-26 06:00:00+00:00,42869.0,42917.5,42831.5,42836.0,15445,4,0.0,2.875,True,2025-03-26 06:00:00,6.0,2025-03-26,False,False
2025-03-26 10:00:00+00:00,42835.5,43147.6,42829.0,43060.1,42419,4,0.0,2.25,True,2025-03-26 10:00:00,10.0,2025-03-26,False,False
2025-03-26 14:00:00+00:00,43059.6,43130.1,42673.1,42693.1,140844,4,1.0,1.5,True,2025-03-26 14:00:00,14.0,2025-03-26,True,False
2025-03-26 18:00:00+00:00,42693.6,42805.6,42635.6,42728.0,76092,3,0.6666666666666666,2.3333333333333335,True,2025-03-26 18:00:00,18.0,2025-03-26,True,False
2025-03-26 22:00:00+00:00,42637.0,42727.0,42542.0,42721.0,18304,4,0.0,4.0,True,2025-03-26 22:00:00,22.0,2025-03-26,False,False
2025-03-27 02:00:00+00:00,42721.5,42856.0,42721.0,42812.0,6777,4,0.0,4.0,True,2025-03-27 02:00:00,2.0,2025-03-27,False,False
2025-03-27 06:00:00+00:00,42813.0,42871.5,42703.0,42845.5,32052,4,0.0,2.875,True,2025-03-27 06:00:00,6.0,2025-03-27,False,False
2025-03-27 10:00:00+00:00,42845.0,42873.0,42460.1,42705.5,76845,4,0.0,2.25,True,2025-03-27 10:00:00,10.0,2025-03-27,False,False
2025-03-27 14:00:00+00:00,42704.0,42837.1,42513.1,42544.1,168523,4,1.0,1.5,True,2025-03-27 14:00:00,14.0,2025-03-27,True,False
2025-03-27 18:00:00+00:00,42543.1,42770.1,42538.6,42617.0,88465,3,0.6666666666666666,2.3333333333333335,True,2025-03-27 18:00:00,18.0,2025-03-27,True,False
2025-03-27 22:00:00+00:00,42604.0,42638.5,42542.5,42609.5,9468,4,0.0,4.0,True,2025-03-27 22:00:00,22.0,2025-03-27,False,False
2025-03-28 02:00:00+00:00,42610.0,42660.0,42607.0,42642.0,5330,4,0.0,4.0,True,2025-03-28 02:00:00,2.0,2025-03-28,False,False
2025-03-28 06:00:00+00:00,42641.5,42665.5,42453.0,42522.0,29719,4,0.0,2.875,True,2025-03-28 06:00:00,6.0,2025-03-28,False,False
2025-03-28 10:00:00+00:00,42522.5,42601.0,42299.1,42308.6,68375,4,0.0,2.25,True,2025-03-28 10:00:00,10.0,2025-03-28,False,False
2025-03-28 14:00:00+00:00,42308.1,42348.1,41814.6,41896.1,181434,4,1.0,1.5,True,2025-03-28 14:00:00,14.0,2025-03-28,True,False
2025-03-28 18:00:00+00:00,41895.6,41921.6,41747.0,41748.0,76854,3,0.6666666666666666,2.3333333333333335,True,2025-03-28 18:00:00,18.0,2025-03-28,True,False
2025-03-30 22:00:00+00:00,41595.9,41716.0,41559.5,41655.0,19424,3,0.0,4.0,True,2025-03-30 23:00:00,23.0,2025-03-30,False,False
2025-03-31 01:00:00+00:00,41656.0,41717.0,41625.0,41706.0,18147,4,0.0,4.0,True,2025-03-31 02:00:00,2.0,2025-03-31,False,False
2025-03-31 05:00:00+00:00,41705.5,41723.5,41581.0,41605.0,40473,4,0.0,2.875,True,2025-03-31 06:00:00,6.0,2025-03-31,False,False
2025-03-31 09:00:00+00:00,41604.5,41624.0,41515.5,41607.5,38699,4,0.0,2.5,True,2025-03-31 10:00:00,10.0,2025-03-31,False,False
2025-03-31 13:00:00+00:00,41607.0,42009.1,41429.1,41943.6,204431,4,0.75,1.5,True,2025-03-31 14:00:00,14.0,2025-03-31,False,False
2025-03-31 17:00:00+00:00,41944.1,42424.1,41877.0,42220.5,154587,4,0.75,2.125,True,2025-03-31 18:00:00,18.0,2025-03-31,True,False
2025-03-31 22:00:00+00:00,42226.0,42232.5,42088.5,42126.5,17672,3,0.0,4.0,True,2025-03-31 23:00:00,23.0,2025-03-31,False,False
2025-04-01 01:00:00+00:00,42127.0,42208.0,42094.5,42148.0,14128,4,0.0,4.0,True,2025-04-01 02:00:00,2.0,2025-04-01,False,False
2025-04-01 05:00:00+00:00,42147.0,42306.5,42116.0,42206.0,31946,4,0.0,2.875,True,2025-04-01 06:00:00,6.0,2025-04-01,False,False
2025-04-01 09:00:00+00:00,42205.5,42257.0,41972.0,42063.0,53381,4,0.0,2.5,True,2025-04-01 10:00:00,10.0,2025-04-01,False,False
2025-04-01 13:00:00+00:00,42064.0,42416.0,41776.1,42278.1,286292,4,0.75,1.5,True,2025-04-01 14:00:00,14.0,2025-04-01,False,False
2025-04-01 17:00:00+00:00,42278.6,42311.1,41952.6,42228.0,166333,4,0.75,2.125,True,2025-04-01 18:00:00,18.0,2025-04-01,True,False
2025-04-01 22:00:00+00:00,42223.0,42369.0,42184.0,42201.5,14795,3,0.0,4.0,True,2025-04-01 23:00:00,23.0,2025-04-01,False,False
2025-04-02 01:00:00+00:00,42201.0,42231.0,42181.0,42198.0,10029,4,0.0,4.0,True,2025-04-02 02:00:00,2.0,2025-04-02,False,False
2025-04-02 05:00:00+00:00,42198.5,42252.0,42123.0,42139.0,26658,4,0.0,2.875,True,2025-04-02 06:00:00,6.0,2025-04-02,False,False
2025-04-02 09:00:00+00:00,42138.5,42177.0,41878.0,41945.0,44992,4,0.0,2.5,True,2025-04-02 10:00:00,10.0,2025-04-02,False,False
2025-04-02 13:00:00+00:00,41944.5,42562.1,41887.5,42541.1,248522,4,0.75,1.5,True,2025-04-02 14:00:00,14.0,2025-04-02,False,False
2025-04-02 17:00:00+00:00,42540.6,42837.5,41890.0,42029.5,228640,4,0.75,2.125,True,2025-04-02 18:00:00,18.0,2025-04-02,True,False
2025-04-02 22:00:00+00:00,41867.0,41867.0,41306.0,41552.0,27287,3,0.0,4.0,True,2025-04-02 23:00:00,23.0,2025-04-02,False,False
2025-04-03 01:00:00+00:00,41552.5,41744.0,41551.0,41635.5,30378,4,0.0,4.0,True,2025-04-03 02:00:00,2.0,2025-04-03,False,False
2025-04-03 05:00:00+00:00,41637.0,41667.0,41372.5,41497.0,51284,4,0.0,2.875,True,2025-04-03 06:00:00,6.0,2025-04-03,False,False
2025-04-03 09:00:00+00:00,41496.5,41521.5,41198.5,41209.5,59121,4,0.0,2.5,True,2025-04-03 10:00:00,10.0,2025-04-03,False,False
2025-04-03 13:00:00+00:00,41209.0,41426.1,40861.6,41190.1,365740,4,0.75,1.5,True,2025-04-03 14:00:00,14.0,2025-04-03,False,False
2025-04-03 17:00:00+00:00,41191.1,41253.1,40655.5,40681.5,233316,4,0.75,2.125,True,2025-04-03 18:00:00,18.0,2025-04-03,True,False
2025-04-03 22:00:00+00:00,40699.0,40748.0,40598.0,40670.5,22619,3,0.0,4.0,True,2025-04-03 23:00:00,23.0,2025-04-03,False,False
2025-04-04 01:00:00+00:00,40670.0,40704.5,40458.0,40471.0,31692,4,0.0,4.0,True,2025-04-04 02:00:00,2.0,2025-04-04,False,False
2025-04-04 05:00:00+00:00,40471.5,40709.0,40341.0,40380.5,67980,4,0.0,2.875,True,2025-04-04 06:00:00,6.0,2025-04-04,False,False
2025-04-04 09:00:00+00:00,40381.0,40417.5,39187.0,39773.5,173196,4,0.0,2.5,True,2025-04-04 10:00:00,10.0,2025-04-04,False,False
2025-04-04 13:00:00+00:00,39773.0,39894.0,39040.6,39121.0,465519,4,0.75,1.5,True,2025-04-04 14:00:00,14.0,2025-04-04,False,False
2025-04-04 17:00:00+00:00,39121.6,39329.1,38303.5,38354.5,312894,4,0.75,2.125,True,2025-04-04 18:00:00,18.0,2025-04-04,True,False
2025-04-06 22:00:00+00:00,37201.0,37436.0,36709.5,37371.5,39956,3,0.0,4.0,True,2025-04-06 23:00:00,23.0,2025-04-06,False,False
2025-04-07 01:00:00+00:00,37370.5,37799.5,37277.5,37438.5,54207,4,0.0,4.0,True,2025-04-07 02:00:00,2.0,2025-04-07,False,False
2025-04-07 05:00:00+00:00,37444.0,37704.0,36823.5,37194.5,88328,4,0.0,2.875,True,2025-04-07 06:00:00,6.0,2025-04-07,False,False
2025-04-07 09:00:00+00:00,37195.5,37972.5,36988.0,37842.5,105612,4,0.0,2.5,True,2025-04-07 10:00:00,10.0,2025-04-07,False,False
2025-04-07 13:00:00+00:00,37843.5,39427.0,36818.0,37566.5,254985,4,0.75,1.5,True,2025-04-07 14:00:00,14.0,2025-04-07,False,False
2025-04-07 17:00:00+00:00,37567.5,38582.5,37548.5,38450.5,51389,4,0.75,2.125,True,2025-04-07 18:00:00,18.0,2025-04-07,True,False
2025-04-07 22:00:00+00:00,38496.1,38852.0,38465.0,38622.0,26225,3,0.0,4.0,True,2025-04-07 23:00:00,23.0,2025-04-07,False,False
2025-04-08 01:00:00+00:00,38621.5,38943.0,38536.5,38817.0,36088,4,0.0,4.0,True,2025-04-08 02:00:00,2.0,2025-04-08,False,False
2025-04-08 05:00:00+00:00,38812.5,38968.0,38665.5,38940.0,52338,4,0.0,2.875,True,2025-04-08 06:00:00,6.0,2025-04-08,False,False
2025-04-08 09:00:00+00:00,38940.5,39391.0,38784.0,39222.0,75459,4,0.0,2.5,True,2025-04-08 10:00:00,10.0,2025-04-08,False,False
2025-04-08 13:00:00+00:00,39221.0,39649.1,38530.6,38540.5,459864,4,0.75,1.5,True,2025-04-08 14:00:00,14.0,2025-04-08,False,False
2025-04-08 17:00:00+00:00,38539.6,38637.6,37296.0,37749.5,265236,4,0.75,2.125,True,2025-04-08 18:00:00,18.0,2025-04-08,True,False
2025-04-08 22:00:00+00:00,37732.5,37777.0,37246.0,37325.5,37754,3,0.0,4.0,True,2025-04-08 23:00:00,23.0,2025-04-08,False,False
2025-04-09 01:00:00+00:00,37326.5,37770.5,36969.0,37075.0,54424,4,0.0,4.0,True,2025-04-09 02:00:00,2.0,2025-04-09,False,False
2025-04-09 05:00:00+00:00,37076.0,38121.5,36882.5,37828.0,64013,4,0.0,2.875,True,2025-04-09 06:00:00,6.0,2025-04-09,False,False
2025-04-09 09:00:00+00:00,37829.5,37897.5,36918.0,37269.5,68497,4,0.0,2.5,True,2025-04-09 10:00:00,10.0,2025-04-09,False,False
2025-04-09 13:00:00+00:00,37267.0,38226.0,37266.0,38130.1,297206,4,0.75,1.5,True,2025-04-09 14:00:00,14.0,2025-04-09,False,False
2025-04-09 17:00:00+00:00,38129.6,41028.0,37826.0,41005.0,219398,4,0.75,2.125,True,2025-04-09 18:00:00,18.0,2025-04-09,True,True
2025-04-09 22:00:00+00:00,40935.0,41141.5,40883.0,41010.5,27138,3,0.0,4.0,True,2025-04-09 23:00:00,23.0,2025-04-09,False,False
2025-04-10 01:00:00+00:00,41010.0,41060.0,40674.0,40698.0,44686,4,0.0,4.0,True,2025-04-10 02:00:00,2.0,2025-04-10,False,False
2025-04-10 05:00:00+00:00,40698.5,40910.0,40096.0,40174.5,85686,4,0.0,2.875,True,2025-04-10 06:00:00,6.0,2025-04-10,False,False
2025-04-10 09:00:00+00:00,40174.0,40514.5,40075.0,40238.5,83191,4,0.0,2.5,True,2025-04-10 10:00:00,10.0,2025-04-10,False,False
2025-04-10 13:00:00+00:00,40238.0,40374.0,38631.6,39298.0,490209,4,0.75,1.5,True,2025-04-10 14:00:00,14.0,2025-04-10,False,False
2025-04-10 17:00:00+00:00,39296.0,40047.6,38843.1,39790.5,420802,4,0.75,2.125,True,2025-04-10 18:00:00,18.0,2025-04-10,True,False
2025-04-10 22:00:00+00:00,39769.5,39969.0,39212.0,39306.0,30720,3,0.0,4.0,True,2025-04-10 23:00:00,23.0,2025-04-10,False,False
2025-04-11 01:00:00+00:00,39308.0,39879.5,39266.5,39823.0,40019,4,0.0,4.0,True,2025-04-11 02:00:00,2.0,2025-04-11,False,False
2025-04-11 05:00:00+00:00,39824.0,40261.0,39465.5,39561.5,81018,4,0.0,2.875,True,2025-04-11 06:00:00,6.0,2025-04-11,False,False
2025-04-11 09:00:00+00:00,39560.5,40133.5,39523.5,39851.5,71345,4,0.0,2.5,True,2025-04-11 10:00:00,10.0,2025-04-11,False,False
2025-04-11 13:00:00+00:00,39852.5,40304.6,39451.6,40233.1,432704,4,0.75,1.5,True,2025-04-11 14:00:00,14.0,2025-04-11,False,False
2025-04-11 17:00:00+00:00,40233.6,40614.6,40058.6,40464.0,258672,4,0.75,2.125,True,2025-04-11 18:00:00,18.0,2025-04-11,True,False
2025-04-13 22:00:00+00:00,40782.5,40782.5,40451.5,40508.5,26177,3,0.0,4.0,True,2025-04-13 23:00:00,23.0,2025-04-13,False,False
2025-04-14 01:00:00+00:00,40509.0,40632.5,40022.5,40627.0,22001,4,0.0,4.0,True,2025-04-14 02:00:00,2.0,2025-04-14,False,False
2025-04-14 05:00:00+00:00,40627.5,40835.5,40570.5,40812.0,12606,4,0.0,2.875,True,2025-04-14 06:00:00,6.0,2025-04-14,False,False
2025-04-14 09:00:00+00:00,40811.5,40949.0,40666.5,40874.0,29390,4,0.0,2.5,True,2025-04-14 10:00:00,10.0,2025-04-14,False,False
2025-04-14 13:00:00+00:00,40874.5,40992.1,40356.1,40472.6,340133,4,0.75,1.5,True,2025-04-14 14:00:00,14.0,2025-04-14,False,False
2025-04-14 17:00:00+00:00,40473.6,40973.1,40462.6,40678.5,190528,4,0.75,2.125,True,2025-04-14 18:00:00,18.0,2025-04-14,True,False
2025-04-14 22:00:00+00:00,40666.5,40711.0,40563.0,40689.0,11500,3,0.0,4.0,True,2025-04-14 23:00:00,23.0,2025-04-14,False,False
2025-04-15 01:00:00+00:00,40688.0,40738.5,40656.0,40712.5,17618,4,0.0,4.0,True,2025-04-15 02:00:00,2.0,2025-04-15,False,False
2025-04-15 05:00:00+00:00,40712.0,40879.0,40661.0,40788.5,40134,4,0.0,2.875,True,2025-04-15 06:00:00,6.0,2025-04-15,False,False
2025-04-15 09:00:00+00:00,40789.0,40828.5,40534.5,40648.5,53905,4,0.0,2.5,True,2025-04-15 10:00:00,10.0,2025-04-15,False,False
2025-04-15 13:00:00+00:00,40649.0,41007.6,40649.0,40726.6,284202,4,0.75,1.5,True,2025-04-15 14:00:00,14.0,2025-04-15,False,False
2025-04-15 17:00:00+00:00,40726.1,40789.1,40523.5,40547.0,151455,4,0.75,2.125,True,2025-04-15 18:00:00,18.0,2025-04-15,True,False
2025-04-15 22:00:00+00:00,40509.0,40516.0,40329.0,40405.0,16685,3,0.0,4.0,True,2025-04-15 23:00:00,23.0,2025-04-15,False,False
2025-04-16 01:00:00+00:00,40404.5,40487.0,40401.0,40414.5,14638,4,0.0,4.0,True,2025-04-16 02:00:00,2.0,2025-04-16,False,False
2025-04-16 05:00:00+00:00,40415.0,40713.0,40189.5,40478.5,61895,4,0.0,2.875,True,2025-04-16 06:00:00,6.0,2025-04-16,False,False
2025-04-16 09:00:00+00:00,40480.5,40598.5,40447.5,40475.0,53764,4,0.0,2.5,True,2025-04-16 10:00:00,10.0,2025-04-16,False,False
2025-04-16 13:00:00+00:00,40475.5,40622.1,40214.6,40306.1,263410,4,0.75,1.5,True,2025-04-16 14:00:00,14.0,2025-04-16,False,False
2025-04-16 17:00:00+00:00,40306.6,40368.6,39584.6,39831.0,254912,4,0.75,2.125,True,2025-04-16 18:00:00,18.0,2025-04-16,True,False
2025-04-16 22:00:00+00:00,39897.0,40004.5,39764.0,39991.5,17160,3,0.0,4.0,True,2025-04-16 23:00:00,23.0,2025-04-16,False,False
2025-04-17 01:00:00+00:00,39991.0,40130.0,39962.0,40112.0,16181,4,0.0,4.0,True,2025-04-17 02:00:00,2.0,2025-04-17,False,False
2025-04-17 05:00:00+00:00,40112.5,40290.5,40095.0,40125.5,35657,4,0.0,2.875,True,2025-04-17 06:00:00,6.0,2025-04-17,False,False
2025-04-17 09:00:00+00:00,40126.0,40220.0,39195.0,39363.5,61198,4,0.0,2.5,True,2025-04-17 10:00:00,10.0,2025-04-17,False,False
2025-04-17 13:00:00+00:00,39364.5,39604.6,39129.6,39577.1,357527,4,0.75,1.5,True,2025-04-17 14:00:00,14.0,2025-04-17,False,False
2025-04-17 17:00:00+00:00,39577.6,39633.6,39276.1,39406.0,206201,4,0.75,2.125,True,2025-04-17 18:00:00,18.0,2025-04-17,True,False
2025-04-20 22:00:00+00:00,39207.0,39221.0,39086.0,39111.0,9148,3,0.0,4.0,True,2025-04-20 23:00:00,23.0,2025-04-20,False,False
2025-04-21 01:00:00+00:00,39111.5,39117.5,38940.0,39001.5,18923,4,0.0,4.0,True,2025-04-21 02:00:00,2.0,2025-04-21,False,False
2025-04-21 05:00:00+00:00,39002.0,39060.0,38906.5,38976.5,14978,4,0.0,2.875,True,2025-04-21 06:00:00,6.0,2025-04-21,False,False
2025-04-21 09:00:00+00:00,38978.0,39063.0,38846.5,38992.0,26617,4,0.0,2.5,True,2025-04-21 10:00:00,10.0,2025-04-21,False,False
2025-04-21 13:00:00+00:00,38991.0,39053.6,38192.6,38223.1,193133,4,0.75,1.5,True,2025-04-21 14:00:00,14.0,2025-04-21,False,False
2025-04-21 17:00:00+00:00,38224.1,38388.6,37997.6,38302.0,147412,4,0.75,2.125,True,2025-04-21 18:00:00,18.0,2025-04-21,True,False
2025-04-21 22:00:00+00:00,38312.0,38473.5,38245.5,38458.0,13081,3,0.0,4.0,True,2025-04-21 23:00:00,23.0,2025-04-21,False,False
2025-04-22 01:00:00+00:00,38458.5,38568.0,38418.5,38443.5,21911,4,0.0,4.0,True,2025-04-22 02:00:00,2.0,2025-04-22,False,False
2025-04-22 05:00:00+00:00,38443.0,38773.0,38428.0,38652.0,39625,4,0.0,2.875,True,2025-04-22 06:00:00,6.0,2025-04-22,False,False
2025-04-22 09:00:00+00:00,38651.5,38720.0,38579.0,38714.0,36432,4,0.0,2.5,True,2025-04-22 10:00:00,10.0,2025-04-22,False,False
2025-04-22 13:00:00+00:00,38713.5,39449.1,38684.6,39333.1,224330,4,0.75,1.5,True,2025-04-22 14:00:00,14.0,2025-04-22,False,False
2025-04-22 17:00:00+00:00,39332.1,39434.0,38954.6,39364.5,199405,4,0.75,2.125,True,2025-04-22 18:00:00,18.0,2025-04-22,True,False
2025-04-22 22:00:00+00:00,39755.0,40055.0,39703.5,39841.0,21204,3,0.0,4.0,True,2025-04-22 23:00:00,23.0,2025-04-22,False,False
2025-04-23 01:00:00+00:00,39840.0,39877.0,39719.0,39816.5,20623,4,0.0,4.0,True,2025-04-23 02:00:00,2.0,2025-04-23,False,False
2025-04-23 05:00:00+00:00,39816.0,40058.5,39746.5,40002.0,31189,4,0.0,2.875,True,2025-04-23 06:00:00,6.0,2025-04-23,False,False
2025-04-23 09:00:00+00:00,40002.5,40162.5,39944.5,40154.0,34000,4,0.0,2.5,True,2025-04-23 10:00:00,10.0,2025-04-23,False,False
2025-04-23 13:00:00+00:00,40153.0,40553.6,39713.6,39955.1,319642,4,0.75,1.5,True,2025-04-23 14:00:00,14.0,2025-04-23,False,False
2025-04-23 17:00:00+00:00,39955.6,40057.1,39653.1,39782.0,205260,4,0.75,2.125,True,2025-04-23 18:00:00,18.0,2025-04-23,True,False
2025-04-23 22:00:00+00:00,39786.0,39795.5,39623.0,39734.0,11977,3,0.0,4.0,True,2025-04-23 23:00:00,23.0,2025-04-23,False,False
2025-04-24 01:00:00+00:00,39734.5,39773.0,39610.5,39664.0,18057,4,0.0,4.0,True,2025-04-24 02:00:00,2.0,2025-04-24,False,False
2025-04-24 05:00:00+00:00,39665.0,39691.5,39406.0,39479.5,45326,4,0.0,2.875,True,2025-04-24 06:00:00,6.0,2025-04-24,False,False
2025-04-24 09:00:00+00:00,39479.0,39730.5,39468.5,39663.0,41540,4,0.0,2.5,True,2025-04-24 10:00:00,10.0,2025-04-24,False,False
2025-04-24 13:00:00+00:00,39662.0,40249.6,39538.6,40212.6,172827,4,0.75,1.5,True,2025-04-24 14:00:00,14.0,2025-04-24,False,False
2025-04-24 17:00:00+00:00,40212.1,40411.5,40105.1,40250.5,109416,4,0.75,2.125,True,2025-04-24 18:00:00,18.0,2025-04-24,True,False
2025-04-24 22:00:00+00:00,40249.0,40326.0,40203.5,40312.0,7479,3,0.0,4.0,True,2025-04-24 23:00:00,23.0,2025-04-24,False,False
2025-04-25 01:00:00+00:00,40311.5,40378.0,40188.5,40264.5,19744,4,0.0,4.0,True,2025-04-25 02:00:00,2.0,2025-04-25,False,False
2025-04-25 05:00:00+00:00,40263.5,40368.0,40179.0,40270.5,37556,4,0.0,2.875,True,2025-04-25 06:00:00,6.0,2025-04-25,False,False
2025-04-25 09:00:00+00:00,40270.0,40311.5,39999.0,40093.5,56817,4,0.0,2.5,True,2025-04-25 10:00:00,10.0,2025-04-25,False,False
2025-04-25 13:00:00+00:00,40093.0,40240.1,39860.1,40164.6,212947,4,0.75,1.5,True,2025-04-25 14:00:00,14.0,2025-04-25,False,False
2025-04-25 17:00:00+00:00,40165.1,40292.0,40016.6,40271.5,134385,4,0.75,2.125,True,2025-04-25 18:00:00,18.0,2025-04-25,True,False
2025-04-27 22:00:00+00:00,40207.0,40212.5,40083.0,40094.5,5841,3,0.0,4.0,True,2025-04-27 23:00:00,23.0,2025-04-27,False,False
2025-04-28 01:00:00+00:00,40094.0,40130.0,40067.0,40097.0,8266,4,0.0,4.0,True,2025-04-28 02:00:00,2.0,2025-04-28,False,False
2025-04-28 05:00:00+00:00,40097.5,40232.0,40053.0,40227.5,18550,4,0.0,2.875,True,2025-04-28 06:00:00,6.0,2025-04-28,False,False
2025-04-28 09:00:00+00:00,40228.0,40304.0,40152.0,40297.0,25440,4,0.0,2.5,True,2025-04-28 10:00:00,10.0,2025-04-28,False,False
2025-04-28 13:00:00+00:00,40296.5,40564.6,40083.1,40112.1,212391,4,0.75,1.5,True,2025-04-28 14:00:00,14.0,2025-04-28,False,False
2025-04-28 17:00:00+00:00,40111.6,40459.1,40012.1,40338.5,109532,4,0.75,2.125,True,2025-04-28 18:00:00,18.0,2025-04-28,True,False
2025-04-28 22:00:00+00:00,40329.0,40407.0,40291.5,40398.0,5975,3,0.0,4.0,True,2025-04-28 23:00:00,23.0,2025-04-28,False,False
2025-04-29 01:00:00+00:00,40397.5,40470.5,40375.5,40396.5,11336,4,0.0,4.0,True,2025-04-29 02:00:00,2.0,2025-04-29,False,False
2025-04-29 05:00:00+00:00,40395.5,40488.5,40367.5,40467.0,20908,4,0.0,2.875,True,2025-04-29 06:00:00,6.0,2025-04-29,False,False
2025-04-29 09:00:00+00:00,40468.0,40568.5,40402.0,40435.0,34221,4,0.0,2.5,True,2025-04-29 10:00:00,10.0,2025-04-29,False,False
2025-04-29 13:00:00+00:00,40435.5,40674.1,40327.0,40498.6,208667,4,0.75,1.5,True,2025-04-29 14:00:00,14.0,2025-04-29,False,False
2025-04-29 17:00:00+00:00,40499.1,40776.1,40475.1,40723.5,109244,4,0.75,2.125,True,2025-04-29 18:00:00,18.0,2025-04-29,True,False
2025-04-29 22:00:00+00:00,40710.0,40729.5,40596.0,40607.0,5791,3,0.0,4.0,True,2025-04-29 23:00:00,23.0,2025-04-29,False,False
2025-04-30 01:00:00+00:00,40605.5,40621.5,40517.0,40573.0,7530,4,0.0,4.0,True,2025-04-30 02:00:00,2.0,2025-04-30,False,False
2025-04-30 05:00:00+00:00,40575.0,40708.0,40547.0,40637.0,11682,4,0.0,2.875,True,2025-04-30 06:00:00,6.0,2025-04-30,False,False
2025-04-30 09:00:00+00:00,40636.5,40749.5,40273.0,40339.0,20181,4,0.0,2.5,True,2025-04-30 10:00:00,10.0,2025-04-30,False,False
2025-04-30 13:00:00+00:00,40340.0,40497.1,39866.6,40461.6,272086,4,0.75,1.5,True,2025-04-30 14:00:00,14.0,2025-04-30,False,False
2025-04-30 17:00:00+00:00,40462.1,40930.5,40305.1,40839.0,182838,4,0.75,2.125,True,2025-04-30 18:00:00,18.0,2025-04-30,True,False
2025-04-30 22:00:00+00:00,40850.5,40986.0,40829.0,40951.5,13430,3,0.0,4.0,True,2025-04-30 23:00:00,23.0,2025-04-30,False,False
2025-05-01 01:00:00+00:00,40952.5,41022.5,40941.0,41012.0,10759,4,0.0,4.0,True,2025-05-01 02:00:00,2.0,2025-05-01,False,False
2025-05-01 05:00:00+00:00,41012.5,41057.0,40928.0,41044.5,17924,4,0.0,2.875,True,2025-05-01 06:00:00,6.0,2025-05-01,False,False
2025-05-01 09:00:00+00:00,41045.0,41141.0,40952.5,40952.5,30747,4,0.0,2.5,True,2025-05-01 10:00:00,10.0,2025-05-01,False,False
2025-05-01 13:00:00+00:00,40953.0,41221.1,40879.6,40917.6,203510,4,0.75,1.5,True,2025-05-01 14:00:00,14.0,2025-05-01,False,False
2025-05-01 17:00:00+00:00,40918.1,41106.0,40734.0,40810.0,118808,4,0.75,2.125,True,2025-05-01 18:00:00,18.0,2025-05-01,True,False
2025-05-01 22:00:00+00:00,40821.0,41177.5,40769.0,41160.5,17734,3,0.0,4.0,True,2025-05-01 23:00:00,23.0,2025-05-01,False,False
2025-05-02 01:00:00+00:00,41160.0,41258.0,41132.5,41210.0,21107,4,0.0,4.0,True,2025-05-02 02:00:00,2.0,2025-05-02,False,False
2025-05-02 05:00:00+00:00,41210.5,41218.0,40993.5,40995.5,31098,4,0.0,2.875,True,2025-05-02 06:00:00,6.0,2025-05-02,False,False
2025-05-02 09:00:00+00:00,40995.0,41317.0,40968.0,41314.5,30743,4,0.0,2.5,True,2025-05-02 10:00:00,10.0,2025-05-02,False,False
2025-05-02 13:00:00+00:00,41315.0,41506.1,41141.1,41476.1,179975,4,0.75,1.5,True,2025-05-02 14:00:00,14.0,2025-05-02,False,False
2025-05-02 17:00:00+00:00,41476.6,41491.1,41353.1,41434.0,98591,4,0.75,2.125,True,2025-05-02 18:00:00,18.0,2025-05-02,True,False
2025-05-04 22:00:00+00:00,41346.0,41369.0,41184.0,41226.5,12389,3,0.0,4.0,True,2025-05-04 23:00:00,23.0,2025-05-04,False,False
2025-05-05 01:00:00+00:00,41226.0,41228.5,41109.0,41114.0,13387,4,0.0,4.0,True,2025-05-05 02:00:00,2.0,2025-05-05,False,False
2025-05-05 05:00:00+00:00,41113.5,41227.5,41113.5,41135.5,20046,4,0.0,2.875,True,2025-05-05 06:00:00,6.0,2025-05-05,False,False
2025-05-05 09:00:00+00:00,41135.0,41196.0,41102.5,41192.0,20181,4,0.0,2.5,True,2025-05-05 10:00:00,10.0,2025-05-05,False,False
2025-05-05 13:00:00+00:00,41191.5,41543.1,41149.1,41516.1,137308,4,0.75,1.5,True,2025-05-05 14:00:00,14.0,2025-05-05,False,False
2025-05-05 17:00:00+00:00,41515.1,41553.6,41294.0,41323.5,67724,4,0.75,2.125,True,2025-05-05 18:00:00,18.0,2025-05-05,True,False
2025-05-05 22:00:00+00:00,41322.0,41347.0,41294.0,41316.0,5379,3,0.0,4.0,True,2025-05-05 23:00:00,23.0,2025-05-05,False,False
2025-05-06 01:00:00+00:00,41315.5,41336.5,41251.5,41287.5,8942,4,0.0,4.0,True,2025-05-06 02:00:00,2.0,2025-05-06,False,False
2025-05-06 05:00:00+00:00,41288.0,41298.5,41038.5,41094.0,20204,4,0.0,2.875,True,2025-05-06 06:00:00,6.0,2025-05-06,False,False
2025-05-06 09:00:00+00:00,41094.5,41159.0,40987.0,41063.0,27991,4,0.0,2.5,True,2025-05-06 10:00:00,10.0,2025-05-06,False,False
2025-05-06 13:00:00+00:00,41062.5,41272.5,40845.1,40979.1,158649,4,0.75,1.5,True,2025-05-06 14:00:00,14.0,2025-05-06,False,False
2025-05-06 17:00:00+00:00,40978.6,41067.1,40763.5,40828.0,105841,4,0.75,2.125,True,2025-05-06 18:00:00,18.0,2025-05-06,True,False
2025-05-06 22:00:00+00:00,40825.0,41329.5,40825.0,41225.5,25938,3,0.0,4.0,True,2025-05-06 23:00:00,23.0,2025-05-06,False,False
2025-05-07 01:00:00+00:00,41224.5,41254.5,41104.5,41147.5,18399,4,0.0,4.0,True,2025-05-07 02:00:00,2.0,2025-05-07,False,False
2025-05-07 05:00:00+00:00,41148.0,41159.5,41069.0,41149.0,21438,4,0.0,2.875,True,2025-05-07 06:00:00,6.0,2025-05-07,False,False
2025-05-07 09:00:00+00:00,41148.5,41234.0,41088.0,41107.5,25978,4,0.0,2.5,True,2025-05-07 10:00:00,10.0,2025-05-07,False,False
2025-05-07 13:00:00+00:00,41108.0,41304.1,41025.1,41297.1,172372,4,0.75,1.5,True,2025-05-07 14:00:00,14.0,2025-05-07,False,False
2025-05-07 17:00:00+00:00,41297.6,41374.6,40910.6,41182.0,183364,4,0.75,2.125,True,2025-05-07 18:00:00,18.0,2025-05-07,True,False
2025-05-07 22:00:00+00:00,41158.5,41307.0,41114.5,41270.0,10235,3,0.0,4.0,True,2025-05-07 23:00:00,23.0,2025-05-07,False,False
2025-05-08 01:00:00+00:00,41270.5,41468.0,41249.0,41454.0,19835,4,0.0,4.0,True,2025-05-08 02:00:00,2.0,2025-05-08,False,False
2025-05-08 05:00:00+00:00,41453.5,41512.0,41362.5,41511.0,16632,4,0.0,2.875,True,2025-05-08 06:00:00,6.0,2025-05-08,False,False
2025-05-08 09:00:00+00:00,41510.0,41616.0,41356.5,41429.5,26262,4,0.0,2.5,True,2025-05-08 10:00:00,10.0,2025-05-08,False,False
2025-05-08 13:00:00+00:00,41430.5,41873.1,41242.6,41856.1,191532,4,0.75,1.5,True,2025-05-08 14:00:00,14.0,2025-05-08,False,False
2025-05-08 17:00:00+00:00,41855.6,41864.6,41454.0,41461.5,115303,4,0.75,2.125,True,2025-05-08 18:00:00,18.0,2025-05-08,True,False
2025-05-08 22:00:00+00:00,41485.0,41492.0,41313.5,41374.0,9392,3,0.0,4.0,True,2025-05-08 23:00:00,23.0,2025-05-08,False,False
2025-05-09 01:00:00+00:00,41374.5,41518.0,41368.0,41489.0,13101,4,0.0,4.0,True,2025-05-09 02:00:00,2.0,2025-05-09,False,False
2025-05-09 05:00:00+00:00,41489.5,41499.0,41377.5,41411.0,22799,4,0.0,2.875,True,2025-05-09 06:00:00,6.0,2025-05-09,False,False
2025-05-09 09:00:00+00:00,41410.5,41618.0,41362.0,41563.0,30673,4,0.0,2.5,True,2025-05-09 10:00:00,10.0,2025-05-09,False,False
2025-05-09 13:00:00+00:00,41563.5,41612.0,41225.1,41245.6,176205,4,0.75,1.5,True,2025-05-09 14:00:00,14.0,2025-05-09,False,False
2025-05-09 17:00:00+00:00,41246.1,41437.1,41227.6,41335.0,86890,4,0.75,2.125,True,2025-05-09 18:00:00,18.0,2025-05-09,True,False
2025-05-11 22:00:00+00:00,41813.0,41861.0,41674.5,41733.5,16366,3,0.0,4.0,True,2025-05-11 23:00:00,23.0,2025-05-11,False,False
2025-05-12 01:00:00+00:00,41733.0,41798.5,41726.5,41777.0,10689,4,0.0,4.0,True,2025-05-12 02:00:00,2.0,2025-05-12,False,False
2025-05-12 05:00:00+00:00,41777.5,42338.5,41747.0,42144.5,40666,4,0.0,2.875,True,2025-05-12 06:00:00,6.0,2025-05-12,False,False
2025-05-12 09:00:00+00:00,42145.0,42456.0,42133.5,42367.0,46376,4,0.0,2.5,True,2025-05-12 10:00:00,10.0,2025-05-12,False,False
2025-05-12 13:00:00+00:00,42367.5,42440.6,42182.1,42369.1,179855,4,0.75,1.5,True,2025-05-12 14:00:00,14.0,2025-05-12,False,False
2025-05-12 17:00:00+00:00,42369.6,42563.0,42368.1,42529.5,88373,4,0.75,2.125,True,2025-05-12 18:00:00,18.0,2025-05-12,True,False
2025-05-12 22:00:00+00:00,42519.0,42535.0,42402.5,42409.5,10722,3,0.0,4.0,True,2025-05-12 23:00:00,23.0,2025-05-12,False,False
2025-05-13 01:00:00+00:00,42411.0,42455.0,42343.0,42374.0,12919,4,0.0,4.0,True,2025-05-13 02:00:00,2.0,2025-05-13,False,False
2025-05-13 05:00:00+00:00,42374.5,42440.0,42362.0,42399.0,20528,4,0.0,2.875,True,2025-05-13 06:00:00,6.0,2025-05-13,False,False
2025-05-13 09:00:00+00:00,42399.5,42469.0,42216.5,42315.0,34460,4,0.0,2.5,True,2025-05-13 10:00:00,10.0,2025-05-13,False,False
2025-05-13 13:00:00+00:00,42314.5,42469.6,42269.6,42294.6,133198,4,0.75,1.5,True,2025-05-13 14:00:00,14.0,2025-05-13,False,False
2025-05-13 17:00:00+00:00,42295.1,42418.6,42199.0,42232.5,69354,4,0.75,2.125,True,2025-05-13 18:00:00,18.0,2025-05-13,True,False
2025-05-13 22:00:00+00:00,42241.0,42282.5,42222.5,42237.0,7295,3,0.0,4.0,True,2025-05-13 23:00:00,23.0,2025-05-13,False,False
2025-05-14 01:00:00+00:00,42237.5,42271.0,42200.5,42254.0,8974,4,0.0,4.0,True,2025-05-14 02:00:00,2.0,2025-05-14,False,False
2025-05-14 05:00:00+00:00,42253.5,42293.0,42212.0,42265.0,19840,4,0.0,2.875,True,2025-05-14 06:00:00,6.0,2025-05-14,False,False
2025-05-14 09:00:00+00:00,42265.5,42321.0,42171.0,42277.0,24127,4,0.0,2.5,True,2025-05-14 10:00:00,10.0,2025-05-14,False,False
2025-05-14 13:00:00+00:00,42276.5,42339.1,42092.6,42143.6,141905,4,0.75,1.5,True,2025-05-14 14:00:00,14.0,2025-05-14,False,False
2025-05-14 17:00:00+00:00,42144.1,42209.6,42026.1,42108.0,95254,4,0.75,2.125,True,2025-05-14 18:00:00,18.0,2025-05-14,True,False
2025-05-14 22:00:00+00:00,42102.5,42103.5,41897.5,41965.0,8776,3,0.0,4.0,True,2025-05-14 23:00:00,23.0,2025-05-14,False,False
2025-05-15 01:00:00+00:00,41964.5,41976.0,41931.0,41958.0,6681,4,0.0,4.0,True,2025-05-15 02:00:00,2.0,2025-05-15,False,False
2025-05-15 05:00:00+00:00,41957.5,41969.0,41841.5,41935.0,24203,4,0.0,2.875,True,2025-05-15 06:00:00,6.0,2025-05-15,False,False
2025-05-15 09:00:00+00:00,41934.0,42040.5,41927.5,41975.5,26699,4,0.0,2.5,True,2025-05-15 10:00:00,10.0,2025-05-15,False,False
2025-05-15 13:00:00+00:00,41975.0,42331.1,41898.5,42325.1,141705,4,0.75,1.5,True,2025-05-15 14:00:00,14.0,2025-05-15,False,False
2025-05-15 17:00:00+00:00,42325.6,42453.0,42257.1,42428.0,98916,4,0.75,2.125,True,2025-05-15 18:00:00,18.0,2025-05-15,True,False
2025-05-15 22:00:00+00:00,42438.5,42451.0,42371.0,42374.0,6120,3,0.0,4.0,True,2025-05-15 23:00:00,23.0,2025-05-15,False,False
2025-05-16 01:00:00+00:00,42373.5,42409.5,42352.0,42391.5,6101,4,0.0,4.0,True,2025-05-16 02:00:00,2.0,2025-05-16,False,False
2025-05-16 05:00:00+00:00,42391.0,42550.5,42387.0,42529.5,11196,4,0.0,2.875,True,2025-05-16 06:00:00,6.0,2025-05-16,False,False
2025-05-16 09:00:00+00:00,42530.0,42561.0,42492.5,42495.0,13541,4,0.0,2.5,True,2025-05-16 10:00:00,10.0,2025-05-16,False,False
2025-05-16 13:00:00+00:00,42494.5,42622.6,42331.1,42617.6,112036,4,0.75,1.5,True,2025-05-16 14:00:00,14.0,2025-05-16,False,False
2025-05-16 17:00:00+00:00,42618.1,42762.6,42605.1,42713.0,57106,4,0.75,2.125,True,2025-05-16 18:00:00,18.0,2025-05-16,True,False
2025-05-18 22:00:00+00:00,42464.0,42528.5,42415.5,42487.0,11538,3,0.0,4.0,True,2025-05-18 23:00:00,23.0,2025-05-18,False,False
2025-05-19 01:00:00+00:00,42487.5,42545.0,42393.0,42405.5,13314,4,0.0,4.0,True,2025-05-19 02:00:00,2.0,2025-05-19,False,False
2025-05-19 05:00:00+00:00,42405.0,42442.5,42344.5,42361.0,24578,4,0.0,2.875,True,2025-05-19 06:00:00,6.0,2025-05-19,False,False
2025-05-19 09:00:00+00:00,42360.5,42529.5,42336.5,42502.5,22202,4,0.0,2.5,True,2025-05-19 10:00:00,10.0,2025-05-19,False,False
2025-05-19 13:00:00+00:00,42503.0,42894.6,42415.5,42872.1,123751,4,0.75,1.5,True,2025-05-19 14:00:00,14.0,2025-05-19,False,False
2025-05-19 17:00:00+00:00,42871.6,42941.1,42778.6,42893.5,71885,4,0.75,2.125,True,2025-05-19 18:00:00,18.0,2025-05-19,True,False
2025-05-19 22:00:00+00:00,42887.5,42974.0,42860.5,42908.0,7525,3,0.0,4.0,True,2025-05-19 23:00:00,23.0,2025-05-19,False,False
2025-05-20 01:00:00+00:00,42907.5,42907.5,42798.5,42841.0,10562,4,0.0,4.0,True,2025-05-20 02:00:00,2.0,2025-05-20,False,False
2025-05-20 05:00:00+00:00,42840.5,42872.5,42772.5,42815.5,17301,4,0.0,2.875,True,2025-05-20 06:00:00,6.0,2025-05-20,False,False
2025-05-20 09:00:00+00:00,42816.0,42911.0,42766.0,42860.5,16480,4,0.0,2.5,True,2025-05-20 10:00:00,10.0,2025-05-20,False,False
2025-05-20 13:00:00+00:00,42861.0,42899.5,42702.6,42761.1,108536,4,0.75,1.5,True,2025-05-20 14:00:00,14.0,2025-05-20,False,False
2025-05-20 17:00:00+00:00,42762.6,42802.1,42568.6,42740.5,81714,4,0.75,2.125,True,2025-05-20 18:00:00,18.0,2025-05-20,True,False
2025-05-20 22:00:00+00:00,42729.0,42741.0,42612.0,42716.5,9976,3,0.0,4.0,True,2025-05-20 23:00:00,23.0,2025-05-20,False,False
2025-05-21 01:00:00+00:00,42716.0,42728.5,42621.5,42636.0,8692,4,0.0,4.0,True,2025-05-21 02:00:00,2.0,2025-05-21,False,False
2025-05-21 05:00:00+00:00,42636.5,42666.0,42488.5,42513.0,17316,4,0.0,2.875,True,2025-05-21 06:00:00,6.0,2025-05-21,False,False
2025-05-21 09:00:00+00:00,42513.5,42528.0,42325.0,42411.0,26188,4,0.0,2.5,True,2025-05-21 10:00:00,10.0,2025-05-21,False,False
2025-05-21 13:00:00+00:00,42410.5,42520.5,42305.1,42415.1,128104,4,0.75,1.5,True,2025-05-21 14:00:00,14.0,2025-05-21,False,False
2025-05-21 17:00:00+00:00,42414.6,42430.6,41852.5,41880.0,257778,4,0.75,2.125,True,2025-05-21 18:00:00,18.0,2025-05-21,True,False
2025-05-21 22:00:00+00:00,41875.0,41974.0,41834.5,41971.0,9789,3,0.0,4.0,True,2025-05-21 23:00:00,23.0,2025-05-21,False,False
2025-05-22 01:00:00+00:00,41970.5,41993.5,41913.5,41919.5,7600,4,0.0,4.0,True,2025-05-22 02:00:00,2.0,2025-05-22,False,False
2025-05-22 05:00:00+00:00,41919.0,41994.5,41899.0,41927.0,18615,4,0.0,2.875,True,2025-05-22 06:00:00,6.0,2025-05-22,False,False
2025-05-22 09:00:00+00:00,41926.5,41970.5,41694.0,41843.0,37420,4,0.0,2.5,True,2025-05-22 10:00:00,10.0,2025-05-22,False,False
2025-05-22 13:00:00+00:00,41842.5,42108.1,41796.6,41940.1,202386,4,0.75,1.5,True,2025-05-22 14:00:00,14.0,2025-05-22,False,False
2025-05-22 17:00:00+00:00,41939.6,42176.6,41909.6,41999.5,106780,4,0.75,2.125,True,2025-05-22 18:00:00,18.0,2025-05-22,True,False
2025-05-22 22:00:00+00:00,42007.5,42028.5,41890.5,41982.0,8548,3,0.0,4.0,True,2025-05-22 23:00:00,23.0,2025-05-22,False,False
2025-05-23 01:00:00+00:00,41981.5,42017.5,41902.0,41913.0,9925,4,0.0,4.0,True,2025-05-23 02:00:00,2.0,2025-05-23,False,False
2025-05-23 05:00:00+00:00,41913.5,42027.0,41844.0,41946.0,18619,4,0.0,2.875,True,2025-05-23 06:00:00,6.0,2025-05-23,False,False
2025-05-23 09:00:00+00:00,41945.5,41946.0,41234.5,41399.5,95260,4,0.0,2.5,True,2025-05-23 10:00:00,10.0,2025-05-23,False,False
2025-05-23 13:00:00+00:00,41398.5,41740.1,41327.0,41668.1,236218,4,0.75,1.5,True,2025-05-23 14:00:00,14.0,2025-05-23,False,False
2025-05-23 17:00:00+00:00,41668.6,41856.1,41616.0,41638.5,110730,4,0.75,2.125,True,2025-05-23 18:00:00,18.0,2025-05-23,True,False
2025-05-25 22:00:00+00:00,41658.5,42044.5,41655.5,41976.0,13923,3,0.0,4.0,True,2025-05-25 23:00:00,23.0,2025-05-25,False,False
2025-05-26 01:00:00+00:00,41975.5,42070.5,41947.5,42062.5,10133,4,0.0,4.0,True,2025-05-26 02:00:00,2.0,2025-05-26,False,False
2025-05-26 05:00:00+00:00,42061.5,42172.5,41995.0,42101.0,16048,4,0.0,2.875,True,2025-05-26 06:00:00,6.0,2025-05-26,False,False
2025-05-26 09:00:00+00:00,42101.5,42158.5,42086.5,42107.5,7791,4,0.0,2.5,True,2025-05-26 10:00:00,10.0,2025-05-26,False,False
2025-05-26 13:00:00+00:00,42107.0,42168.1,42002.1,42133.0,17016,4,0.75,1.5,True,2025-05-26 14:00:00,14.0,2025-05-26,False,False
2025-05-26 22:00:00+00:00,42121.5,42139.0,42031.0,42092.5,6162,3,0.0,4.0,True,2025-05-26 23:00:00,23.0,2025-05-26,False,False
2025-05-27 01:00:00+00:00,42091.5,42091.5,41987.0,42024.0,8904,4,0.0,4.0,True,2025-05-27 02:00:00,2.0,2025-05-27,False,False
2025-05-27 05:00:00+00:00,42023.5,42280.0,42004.5,42203.5,19577,4,0.0,2.875,True,2025-05-27 06:00:00,6.0,2025-05-27,False,False
2025-05-27 09:00:00+00:00,42204.0,42263.0,42123.5,42151.0,22576,4,0.0,2.5,True,2025-05-27 10:00:00,10.0,2025-05-27,False,False
2025-05-27 13:00:00+00:00,42151.5,42383.1,41946.6,42322.6,102033,4,0.75,1.5,True,2025-05-27 14:00:00,14.0,2025-05-27,False,False
2025-05-27 17:00:00+00:00,42323.1,42476.0,42305.1,42471.5,50685,4,0.75,2.125,True,2025-05-27 18:00:00,18.0,2025-05-27,True,False
2025-05-27 22:00:00+00:00,42466.0,42478.5,42420.0,42422.0,5281,3,0.0,4.0,True,2025-05-27 23:00:00,23.0,2025-05-27,False,False
2025-05-28 01:00:00+00:00,42422.5,42438.5,42372.5,42377.0,5430,4,0.0,4.0,True,2025-05-28 02:00:00,2.0,2025-05-28,False,False
2025-05-28 05:00:00+00:00,42377.5,42397.0,42309.0,42314.0,11601,4,0.0,2.875,True,2025-05-28 06:00:00,6.0,2025-05-28,False,False
2025-05-28 09:00:00+00:00,42314.5,42441.0,42281.0,42390.0,15933,4,0.0,2.5,True,2025-05-28 10:00:00,10.0,2025-05-28,False,False
2025-05-28 13:00:00+00:00,42389.5,42514.1,42224.6,42298.6,104503,4,0.75,1.5,True,2025-05-28 14:00:00,14.0,2025-05-28,False,False
2025-05-28 17:00:00+00:00,42298.1,42342.1,42103.1,42194.5,91934,4,0.75,2.125,True,2025-05-28 18:00:00,18.0,2025-05-28,True,False
2025-05-28 22:00:00+00:00,42165.5,42703.0,42132.0,42683.0,47423,3,0.0,4.0,True,2025-05-28 23:00:00,23.0,2025-05-28,False,False
2025-05-29 01:00:00+00:00,42682.5,42773.0,42607.5,42740.0,18827,4,0.0,4.0,True,2025-05-29 02:00:00,2.0,2025-05-29,False,False
2025-05-29 05:00:00+00:00,42740.5,42775.0,42624.0,42637.0,19468,4,0.0,2.875,True,2025-05-29 06:00:00,6.0,2025-05-29,False,False
2025-05-29 09:00:00+00:00,42637.5,42647.5,42206.0,42255.0,34579,4,0.0,2.5,True,2025-05-29 10:00:00,10.0,2025-05-29,False,False
2025-05-29 13:00:00+00:00,42255.5,42327.5,41873.1,42158.1,196828,4,0.75,1.5,True,2025-05-29 14:00:00,14.0,2025-05-29,False,False
2025-05-29 17:00:00+00:00,42157.6,42325.1,42083.1,42238.0,110468,4,0.75,2.125,True,2025-05-29 18:00:00,18.0,2025-05-29,True,False
2025-05-29 22:00:00+00:00,42232.0,42263.0,42182.0,42196.5,11917,3,0.0,4.0,True,2025-05-29 23:00:00,23.0,2025-05-29,False,False
2025-05-30 01:00:00+00:00,42196.0,42241.5,42094.0,42220.5,12682,4,0.0,4.0,True,2025-05-30 02:00:00,2.0,2025-05-30,False,False
2025-05-30 05:00:00+00:00,42221.0,42281.0,42163.0,42224.5,22695,4,0.0,2.875,True,2025-05-30 06:00:00,6.0,2025-05-30,False,False
2025-05-30 09:00:00+00:00,42224.0,42273.0,41996.5,42134.0,38962,4,0.0,2.5,True,2025-05-30 10:00:00,10.0,2025-05-30,False,False
2025-05-30 13:00:00+00:00,42134.5,42344.1,41956.6,42040.1,190814,4,0.75,1.5,True,2025-05-30 14:00:00,14.0,2025-05-30,False,False
2025-05-30 17:00:00+00:00,42040.6,42439.1,42017.1,42273.5,138206,4,0.75,2.125,True,2025-05-30 18:00:00,18.0,2025-05-30,True,False
2025-06-01 22:00:00+00:00,42193.0,42239.0,42146.5,42195.0,9587,3,0.0,4.0,True,2025-06-01 23:00:00,23.0,2025-06-01,False,False
2025-06-02 01:00:00+00:00,42195.5,42220.0,42123.0,42135.5,11917,4,0.0,4.0,True,2025-06-02 02:00:00,2.0,2025-06-02,False,False
2025-06-02 05:00:00+00:00,42136.0,42158.0,41975.0,42123.5,31759,4,0.0,2.875,True,2025-06-02 06:00:00,6.0,2025-06-02,False,False
2025-06-02 09:00:00+00:00,42124.0,42227.0,42042.0,42200.0,27629,4,0.0,2.5,True,2025-06-02 10:00:00,10.0,2025-06-02,False,False
2025-06-02 13:00:00+00:00,42199.5,42218.1,41903.1,42177.1,158732,4,0.75,1.5,True,2025-06-02 14:00:00,14.0,2025-06-02,False,False
2025-06-02 17:00:00+00:00,42177.6,42416.0,42113.1,42378.5,66492,4,0.75,2.125,True,2025-06-02 18:00:00,18.0,2025-06-02,True,False
2025-06-02 22:00:00+00:00,42373.0,42378.5,42272.5,42285.5,7075,3,0.0,4.0,True,2025-06-02 23:00:00,23.0,2025-06-02,False,False
2025-06-03 01:00:00+00:00,42285.0,42296.5,42194.0,42208.5,7405,4,0.0,4.0,True,2025-06-03 02:00:00,2.0,2025-06-03,False,False
2025-06-03 05:00:00+00:00,42209.0,42243.0,42113.0,42191.0,19146,4,0.0,2.875,True,2025-06-03 06:00:00,6.0,2025-06-03,False,False
2025-06-03 09:00:00+00:00,42190.5,42320.0,42173.5,42292.5,18945,4,0.0,2.5,True,2025-06-03 10:00:00,10.0,2025-06-03,False,False
2025-06-03 13:00:00+00:00,42292.0,42577.1,42238.1,42562.1,93704,4,0.75,1.5,True,2025-06-03 14:00:00,14.0,2025-06-03,False,False
2025-06-03 17:00:00+00:00,42563.1,42637.1,42517.1,42589.5,63252,4,0.75,2.125,True,2025-06-03 18:00:00,18.0,2025-06-03,True,False
2025-06-03 22:00:00+00:00,42587.0,42640.5,42584.0,42608.0,7728,3,0.0,4.0,True,2025-06-03 23:00:00,23.0,2025-06-03,False,False
2025-06-04 01:00:00+00:00,42607.5,42624.0,42549.5,42555.0,6951,4,0.0,4.0,True,2025-06-04 02:00:00,2.0,2025-06-04,False,False
2025-06-04 05:00:00+00:00,42554.5,42693.0,42552.0,42643.0,14562,4,0.0,2.875,True,2025-06-04 06:00:00,6.0,2025-06-04,False,False
2025-06-04 09:00:00+00:00,42644.0,42677.5,42540.0,42581.0,21172,4,0.0,2.5,True,2025-06-04 10:00:00,10.0,2025-06-04,False,False
2025-06-04 13:00:00+00:00,42581.5,42709.1,42540.6,42601.1,115656,4,0.75,1.5,True,2025-06-04 14:00:00,14.0,2025-06-04,False,False
2025-06-04 17:00:00+00:00,42602.1,42663.6,42464.5,42474.0,49793,4,0.75,2.125,True,2025-06-04 18:00:00,18.0,2025-06-04,True,False
2025-06-04 22:00:00+00:00,42471.5,42506.0,42453.0,42481.0,5608,3,0.0,4.0,True,2025-06-04 23:00:00,23.0,2025-06-04,False,False
2025-06-05 01:00:00+00:00,42480.5,42498.0,42457.0,42496.5,5218,4,0.0,4.0,True,2025-06-05 02:00:00,2.0,2025-06-05,False,False
2025-06-05 05:00:00+00:00,42496.0,42609.5,42467.5,42570.0,14276,4,0.0,2.875,True,2025-06-05 06:00:00,6.0,2025-06-05,False,False
2025-06-05 09:00:00+00:00,42569.5,42738.0,42462.0,42584.0,27513,4,0.0,2.5,True,2025-06-05 10:00:00,10.0,2025-06-05,False,False
2025-06-05 13:00:00+00:00,42584.5,42669.1,42296.1,42460.1,183253,4,0.75,1.5,True,2025-06-05 14:00:00,14.0,2025-06-05,False,False
2025-06-05 17:00:00+00:00,42459.6,42627.6,42265.6,42402.5,157376,4,0.75,2.125,True,2025-06-05 18:00:00,18.0,2025-06-05,True,False
2025-06-05 22:00:00+00:00,42349.0,42494.0,42345.0,42476.5,11223,3,0.0,4.0,True,2025-06-05 23:00:00,23.0,2025-06-05,False,False
2025-06-06 01:00:00+00:00,42477.0,42517.0,42457.5,42516.5,9116,4,0.0,4.0,True,2025-06-06 02:00:00,2.0,2025-06-06,False,False
2025-06-06 05:00:00+00:00,42516.0,42580.0,42501.0,42532.0,15495,4,0.0,2.875,True,2025-06-06 06:00:00,6.0,2025-06-06,False,False
2025-06-06 09:00:00+00:00,42533.5,42693.0,42454.0,42678.0,27278,4,0.0,2.5,True,2025-06-06 10:00:00,10.0,2025-06-06,False,False
2025-06-06 13:00:00+00:00,42677.5,42979.1,42621.1,42674.6,144919,4,0.75,1.5,True,2025-06-06 14:00:00,14.0,2025-06-06,False,False
2025-06-06 17:00:00+00:00,42675.1,42856.1,42632.1,42827.0,64629,4,0.75,2.125,True,2025-06-06 18:00:00,18.0,2025-06-06,True,False
2025-06-08 22:00:00+00:00,42863.0,42868.5,42750.5,42782.0,9501,3,0.0,6.0,True,2025-06-08 23:00:00,23.0,2025-06-08,False,False
2025-06-09 01:00:00+00:00,42781.5,42783.0,42717.0,42751.0,5811,4,0.0,6.0,True,2025-06-09 02:00:00,2.0,2025-06-09,False,False
2025-06-09 05:00:00+00:00,42752.0,42867.5,42728.0,42862.0,13391,4,0.0,4.125,True,2025-06-09 06:00:00,6.0,2025-06-09,False,False
2025-06-09 09:00:00+00:00,42862.5,42885.0,42810.0,42837.0,13492,4,0.0,3.5,True,2025-06-09 10:00:00,10.0,2025-06-09,False,False
2025-06-09 13:00:00+00:00,42838.0,42870.6,42599.1,42835.1,79671,4,0.75,2.599999999998545,True,2025-06-09 14:00:00,14.0,2025-06-09,False,False
2025-06-09 17:00:00+00:00,42835.6,42935.6,42778.0,42806.0,44007,4,0.75,3.4499999999989086,True,2025-06-09 18:00:00,18.0,2025-06-09,True,False
2025-06-09 22:00:00+00:00,42804.5,42848.5,42777.0,42838.0,4573,3,0.0,6.0,True,2025-06-09 23:00:00,23.0,2025-06-09,False,False
2025-06-10 01:00:00+00:00,42837.5,42959.5,42836.0,42894.0,9007,4,0.0,6.0,True,2025-06-10 02:00:00,2.0,2025-06-10,False,False
2025-06-10 05:00:00+00:00,42894.5,42910.5,42672.5,42743.5,41455,4,0.0,4.125,True,2025-06-10 06:00:00,6.0,2025-06-10,False,False
2025-06-10 09:00:00+00:00,42743.0,42828.5,42725.5,42801.5,18329,4,0.0,3.5,True,2025-06-10 10:00:00,10.0,2025-06-10,False,False
2025-06-10 13:00:00+00:00,42802.5,42922.1,42737.1,42915.6,81926,4,0.75,2.599999999998545,True,2025-06-10 14:00:00,14.0,2025-06-10,False,False
2025-06-10 17:00:00+00:00,42916.1,42967.6,42773.1,42882.5,62377,4,0.75,3.4499999999989086,True,2025-06-10 18:00:00,18.0,2025-06-10,True,False
2025-06-10 22:00:00+00:00,42873.0,42944.5,42820.5,42832.0,12525,3,0.0,6.0,True,2025-06-10 23:00:00,23.0,2025-06-10,False,False
2025-06-11 01:00:00+00:00,42831.5,42847.5,42782.0,42792.0,8096,4,0.0,6.0,True,2025-06-11 02:00:00,2.0,2025-06-11,False,False
2025-06-11 05:00:00+00:00,42792.5,42884.0,42778.0,42863.0,15045,4,0.0,4.125,True,2025-06-11 06:00:00,6.0,2025-06-11,False,False
2025-06-11 09:00:00+00:00,42863.5,43183.0,42754.0,42967.0,37094,4,0.0,3.5,True,2025-06-11 10:00:00,10.0,2025-06-11,False,False
2025-06-11 13:00:00+00:00,42966.5,43094.6,42835.6,43050.6,119651,4,0.75,2.599999999998545,True,2025-06-11 14:00:00,14.0,2025-06-11,False,False
2025-06-11 17:00:00+00:00,43050.1,43159.6,42765.6,42895.5,142246,4,0.75,3.4499999999989086,True,2025-06-11 18:00:00,18.0,2025-06-11,True,False
2025-06-11 22:00:00+00:00,42867.5,42915.0,42750.5,42768.0,12935,3,0.0,6.0,True,2025-06-11 23:00:00,23.0,2025-06-11,False,False
2025-06-12 01:00:00+00:00,42769.0,42808.5,42687.5,42778.0,12001,4,0.0,6.0,True,2025-06-12 02:00:00,2.0,2025-06-12,False,False
2025-06-12 05:00:00+00:00,42777.5,42846.5,42632.5,42688.0,25747,4,0.0,4.125,True,2025-06-12 06:00:00,6.0,2025-06-12,False,False
2025-06-12 09:00:00+00:00,42688.5,42765.0,42587.0,42760.0,30098,4,0.0,3.5,True,2025-06-12 10:00:00,10.0,2025-06-12,False,False
2025-06-12 13:00:00+00:00,42760.5,42951.1,42638.6,42901.1,111962,4,0.75,2.599999999998545,True,2025-06-12 14:00:00,14.0,2025-06-12,False,False
2025-06-12 17:00:00+00:00,42902.1,43001.1,42897.1,42945.5,51058,4,0.75,3.4499999999989086,True,2025-06-12 18:00:00,18.0,2025-06-12,True,False
2025-06-12 22:00:00+00:00,42962.5,42962.5,42365.5,42431.0,58889,3,0.0,6.0,True,2025-06-12 23:00:00,23.0,2025-06-12,False,False
2025-06-13 01:00:00+00:00,42430.5,42456.0,42196.5,42373.0,61564,4,0.0,6.0,True,2025-06-13 02:00:00,2.0,2025-06-13,False,False
2025-06-13 05:00:00+00:00,42373.5,42540.0,42340.5,42479.0,55884,4,0.0,4.125,True,2025-06-13 06:00:00,6.0,2025-06-13,False,False
2025-06-13 09:00:00+00:00,42478.5,42615.5,42421.0,42546.0,52203,4,0.0,3.5,True,2025-06-13 10:00:00,10.0,2025-06-13,False,False
2025-06-13 13:00:00+00:00,42545.5,42626.1,42262.1,42507.6,175134,4,0.75,2.600000000000364,True,2025-06-13 14:00:00,14.0,2025-06-13,False,False
2025-06-13 17:00:00+00:00,42508.1,42515.1,42091.1,42216.0,173743,4,0.75,3.4499999999989086,True,2025-06-13 18:00:00,18.0,2025-06-13,True,False
2025-06-15 22:00:00+00:00,42047.0,42263.0,42012.0,42257.0,14284,3,0.0,6.0,True,2025-06-15 23:00:00,23.0,2025-06-15,False,False
2025-06-16 01:00:00+00:00,42255.5,42283.0,42223.5,42229.0,14461,4,0.0,6.0,True,2025-06-16 02:00:00,2.0,2025-06-16,False,False
2025-06-16 05:00:00+00:00,42229.5,42444.0,42229.5,42399.5,35425,4,0.0,4.125,True,2025-06-16 06:00:00,6.0,2025-06-16,False,False
2025-06-16 09:00:00+00:00,42399.0,42503.0,42337.5,42473.5,29616,4,0.0,3.5,True,2025-06-16 10:00:00,10.0,2025-06-16,False,False
2025-06-16 13:00:00+00:00,42474.1,42746.6,42413.1,42586.5,107533,4,0.75,2.600000000002183,True,2025-06-16 14:00:00,14.0,2025-06-16,False,False
2025-06-16 17:00:00+00:00,42587.0,42652.1,42473.1,42558.5,67945,4,0.75,3.4499999999989086,True,2025-06-16 18:00:00,18.0,2025-06-16,True,False
2025-06-16 22:00:00+00:00,42554.0,42580.5,42290.5,42405.5,17511,3,0.0,6.0,True,2025-06-16 23:00:00,23.0,2025-06-16,False,False
2025-06-17 01:00:00+00:00,42404.5,42444.0,42310.5,42383.0,15367,4,0.0,6.0,True,2025-06-17 02:00:00,2.0,2025-06-17,False,False
2025-06-17 05:00:00+00:00,42383.5,42425.1,42206.5,42307.0,24684,4,0.0,4.125,True,2025-06-17 06:00:00,6.0,2025-06-17,False,False
2025-06-17 09:00:00+00:00,42306.0,42389.0,42229.5,42304.0,12503,4,0.0,3.5,True,2025-06-17 10:00:00,10.0,2025-06-17,False,False
2025-06-17 13:00:00+00:00,42304.5,42562.1,42283.0,42403.1,103628,4,0.75,2.600000000000364,True,2025-06-17 14:00:00,14.0,2025-06-17,False,False
2025-06-17 17:00:00+00:00,42403.5,42441.1,42148.0,42230.0,113166,4,0.75,3.4500000000007276,True,2025-06-17 18:00:00,18.0,2025-06-17,True,False
2025-06-17 22:00:00+00:00,42222.0,42250.0,42093.5,42233.5,13458,3,0.0,6.0,True,2025-06-17 23:00:00,23.0,2025-06-17,False,False
2025-06-18 01:00:00+00:00,42233.0,42277.0,42209.1,42237.0,8739,4,0.0,6.0,True,2025-06-18 02:00:00,2.0,2025-06-18,False,False
2025-06-18 05:00:00+00:00,42236.5,42335.5,42235.0,42292.0,14651,4,0.0,4.125,True,2025-06-18 06:00:00,6.0,2025-06-18,False,False
2025-06-18 09:00:00+00:00,42291.5,42345.5,42175.5,42229.5,25859,4,0.0,3.5,True,2025-06-18 10:00:00,10.0,2025-06-18,False,False
2025-06-18 13:00:00+00:00,42230.1,42533.6,42194.1,42334.1,96478,4,0.75,2.600000000002183,True,2025-06-18 14:00:00,14.0,2025-06-18,False,False
2025-06-18 17:00:00+00:00,42333.5,42459.0,42124.5,42196.5,123884,4,0.75,3.4500000000043656,True,2025-06-18 18:00:00,18.0,2025-06-18,True,False
2025-06-18 22:00:00+00:00,42524.0,42524.0,42387.1,42446.6,7921,3,0.0,6.0,True,2025-06-18 23:00:00,23.0,2025-06-18,False,False
2025-06-19 01:00:00+00:00,42446.5,42478.5,42294.5,42474.1,12796,4,0.0,6.0,True,2025-06-19 02:00:00,2.0,2025-06-19,False,False
2025-06-19 05:00:00+00:00,42473.5,42475.1,42262.5,42344.5,21389,4,0.0,4.125,True,2025-06-19 06:00:00,6.0,2025-06-19,False,False
2025-06-19 09:00:00+00:00,42345.0,42383.5,42211.1,42229.5,16395,4,0.0,3.5,True,2025-06-19 10:00:00,10.0,2025-06-19,False,False
2025-06-19 13:00:00+00:00,42230.1,42267.1,42087.5,42116.5,32804,4,0.75,2.6000000000058208,True,2025-06-19 14:00:00,14.0,2025-06-19,False,False
2025-06-19 22:00:00+00:00,42144.5,42423.5,42144.5,42380.1,14240,3,0.0,6.0,True,2025-06-19 23:00:00,23.0,2025-06-19,False,False
2025-06-20 01:00:00+00:00,42381.1,42421.1,42296.1,42407.6,10847,4,0.0,6.0,True,2025-06-20 02:00:00,2.0,2025-06-20,False,False
2025-06-20 05:00:00+00:00,42408.1,42514.0,42366.1,42378.5,18879,4,0.0,4.125,True,2025-06-20 06:00:00,6.0,2025-06-20,False,False
2025-06-20 09:00:00+00:00,42378.1,42672.0,42374.1,42643.5,30816,4,0.0,3.5,True,2025-06-20 10:00:00,10.0,2025-06-20,False,False
2025-06-20 13:00:00+00:00,42644.1,42760.1,42477.5,42585.1,157798,4,0.75,2.600000000002183,True,2025-06-20 14:00:00,14.0,2025-06-20,False,False
2025-06-20 17:00:00+00:00,42585.5,42630.1,42404.1,42551.1,92044,4,0.75,3.4500000000025466,True,2025-06-20 18:00:00,18.0,2025-06-20,True,False
2025-06-22 22:00:00+00:00,42235.5,42454.5,42225.0,42341.1,14700,3,0.0,6.0,True,2025-06-22 23:00:00,23.0,2025-06-22,False,False
2025-06-23 01:00:00+00:00,42341.5,42397.1,42324.1,42378.1,8612,4,0.0,6.0,True,2025-06-23 02:00:00,2.0,2025-06-23,False,False
2025-06-23 05:00:00+00:00,42379.1,42609.6,42376.5,42572.1,22792,4,0.0,4.125,True,2025-06-23 06:00:00,6.0,2025-06-23,False,False
2025-06-23 09:00:00+00:00,42572.6,42591.0,42381.1,42542.5,25971,4,0.0,3.5,True,2025-06-23 10:00:00,10.0,2025-06-23,False,False
2025-06-23 13:00:00+00:00,42543.1,42745.6,42283.1,42385.5,151428,4,0.75,2.600000000002183,True,2025-06-23 14:00:00,14.0,2025-06-23,False,False
2025-06-23 17:00:00+00:00,42385.1,42931.5,42362.1,42915.1,106942,4,0.75,3.4499999999989086,True,2025-06-23 18:00:00,18.0,2025-06-23,True,False
2025-06-23 22:00:00+00:00,42900.5,43114.5,42896.5,43096.5,15991,3,0.0,6.0,True,2025-06-23 23:00:00,23.0,2025-06-23,False,False
2025-06-24 01:00:00+00:00,43096.1,43142.1,43070.1,43116.1,10561,4,0.0,6.0,True,2025-06-24 02:00:00,2.0,2025-06-24,False,False
2025-06-24 05:00:00+00:00,43115.6,43338.5,43112.5,43206.5,30218,4,0.0,4.125,True,2025-06-24 06:00:00,6.0,2025-06-24,False,False
2025-06-24 09:00:00+00:00,43205.5,43258.1,43119.5,43174.5,22279,4,0.0,3.5,True,2025-06-24 10:00:00,10.0,2025-06-24,False,False
2025-06-24 13:00:00+00:00,43174.1,43442.6,43099.6,43395.1,81476,4,0.75,2.600000000000364,True,2025-06-24 14:00:00,14.0,2025-06-24,False,False
2025-06-24 17:00:00+00:00,43394.5,43515.1,43359.1,43407.5,41090,4,0.75,3.4499999999989086,True,2025-06-24 18:00:00,18.0,2025-06-24,True,False
2025-06-24 22:00:00+00:00,43404.0,43447.1,43370.5,43439.1,6401,3,0.0,6.0,True,2025-06-24 23:00:00,23.0,2025-06-24,False,False
2025-06-25 01:00:00+00:00,43438.1,43448.6,43400.1,43448.1,4217,4,0.0,6.0,True,2025-06-25 02:00:00,2.0,2025-06-25,False,False
2025-06-25 05:00:00+00:00,43447.5,43467.1,43378.5,43435.1,10455,4,0.0,4.125,True,2025-06-25 06:00:00,6.0,2025-06-25,False,False
2025-06-25 09:00:00+00:00,43435.6,43450.6,43372.6,43425.1,10936,4,0.0,3.5,True,2025-06-25 10:00:00,10.0,2025-06-25,False,False
2025-06-25 13:00:00+00:00,43425.5,43428.1,43261.1,43263.1,75180,4,0.75,2.600000000000364,True,2025-06-25 14:00:00,14.0,2025-06-25,False,False
2025-06-25 17:00:00+00:00,43264.5,43319.6,43174.1,43289.5,51908,4,0.75,3.4500000000007276,True,2025-06-25 18:00:00,18.0,2025-06-25,True,False
2025-06-25 22:00:00+00:00,43288.0,43328.0,43272.0,43315.1,5201,3,0.0,6.0,True,2025-06-25 23:00:00,23.0,2025-06-25,False,False
2025-06-26 01:00:00+00:00,43315.5,43356.6,43286.6,43347.1,4476,4,0.0,6.0,True,2025-06-26 02:00:00,2.0,2025-06-26,False,False
2025-06-26 05:00:00+00:00,43346.6,43428.5,43336.1,43402.5,9853,4,0.0,4.125,True,2025-06-26 06:00:00,6.0,2025-06-26,False,False
2025-06-26 09:00:00+00:00,43403.1,43442.6,43351.1,43419.1,13170,4,0.0,3.5,True,2025-06-26 10:00:00,10.0,2025-06-26,False,False
2025-06-26 13:00:00+00:00,43418.5,43672.1,43388.6,43648.1,66853,4,0.75,2.600000000000364,True,2025-06-26 14:00:00,14.0,2025-06-26,False,False
2025-06-26 17:00:00+00:00,43647.5,43752.1,43623.1,43722.5,38130,4,0.75,3.4499999999989086,True,2025-06-26 18:00:00,18.0,2025-06-26,True,False
2025-06-26 22:00:00+00:00,43760.5,43818.0,43741.5,43760.5,7614,3,0.0,6.0,True,2025-06-26 23:00:00,23.0,2025-06-26,False,False
2025-06-27 01:00:00+00:00,43760.1,43810.1,43749.5,43779.1,4100,4,0.0,6.0,True,2025-06-27 02:00:00,2.0,2025-06-27,False,False
2025-06-27 05:00:00+00:00,43778.6,43886.1,43778.1,43835.1,9989,4,0.0,4.125,True,2025-06-27 06:00:00,6.0,2025-06-27,False,False
2025-06-27 09:00:00+00:00,43835.6,43891.6,43808.1,43849.1,11327,4,0.0,3.5,True,2025-06-27 10:00:00,10.0,2025-06-27,False,False
2025-06-27 13:00:00+00:00,43848.5,44287.6,43825.1,44234.1,72017,4,0.75,2.600000000000364,True,2025-06-27 14:00:00,14.0,2025-06-27,False,False
2025-06-27 17:00:00+00:00,44235.1,44235.1,43872.1,44089.1,96133,4,0.75,3.4499999999989086,True,2025-06-27 18:00:00,18.0,2025-06-27,True,False
2025-06-29 22:00:00+00:00,44240.1,44359.6,44238.9,44342.4,7010,3,0.0,6.0,True,2025-06-29 23:00:00,23.0,2025-06-29,False,False
2025-06-30 01:00:00+00:00,44341.1,44385.6,44324.6,44367.9,5074,4,0.0,6.0,True,2025-06-30 02:00:00,2.0,2025-06-30,False,False
2025-06-30 05:00:00+00:00,44367.6,44435.1,44337.0,44343.1,10424,4,0.0,4.125,True,2025-06-30 06:00:00,6.0,2025-06-30,False,False
2025-06-30 09:00:00+00:00,44344.1,44387.1,44306.6,44346.1,8832,4,0.0,3.5,True,2025-06-30 10:00:00,10.0,2025-06-30,False,False
2025-06-30 13:00:00+00:00,44345.5,44384.6,44198.1,44297.1,71990,4,0.75,2.599999999998545,True,2025-06-30 14:00:00,14.0,2025-06-30,False,False
2025-06-30 17:00:00+00:00,44297.5,44442.1,44187.5,44345.1,61822,4,0.75,3.4499999999989086,True,2025-06-30 18:00:00,18.0,2025-06-30,True,False
2025-06-30 22:00:00+00:00,44343.5,44432.1,44326.0,44425.1,5070,3,0.0,6.0,True,2025-06-30 23:00:00,23.0,2025-06-30,False,False
2025-07-01 01:00:00+00:00,44426.1,44433.1,44333.1,44335.1,5397,4,0.0,6.0,True,2025-07-01 02:00:00,2.0,2025-07-01,False,False
2025-07-01 05:00:00+00:00,44335.5,44400.5,44322.1,44361.1,13276,4,0.0,4.125,True,2025-07-01 06:00:00,6.0,2025-07-01,False,False
2025-07-01 09:00:00+00:00,44360.6,44370.6,44285.1,44343.1,13435,4,0.0,3.5,True,2025-07-01 10:00:00,10.0,2025-07-01,False,False
2025-07-01 13:00:00+00:00,44342.5,44916.1,44306.6,44735.1,116368,4,0.75,2.600000000000364,True,2025-07-01 14:00:00,14.0,2025-07-01,False,False
2025-07-01 17:00:00+00:00,44736.1,44904.6,44716.6,44829.5,70584,4,0.75,3.4499999999989086,True,2025-07-01 18:00:00,18.0,2025-07-01,True,False
2025-07-01 22:00:00+00:00,44803.5,44841.1,44778.0,44825.1,4675,3,0.0,6.0,True,2025-07-01 23:00:00,23.0,2025-07-01,False,False
2025-07-02 01:00:00+00:00,44824.5,44922.1,44776.1,44900.5,6248,4,0.0,6.0,True,2025-07-02 02:00:00,2.0,2025-07-02,False,False
2025-07-02 05:00:00+00:00,44900.1,44960.6,44830.1,44856.5,14581,4,0.0,4.125,True,2025-07-02 06:00:00,6.0,2025-07-02,False,False
2025-07-02 09:00:00+00:00,44855.5,44921.5,44774.1,44787.1,21321,4,0.0,3.5,True,2025-07-02 10:00:00,10.0,2025-07-02,False,False
2025-07-02 13:00:00+00:00,44786.6,44849.1,44641.6,44761.1,88730,4,0.75,2.599999999998545,True,2025-07-02 14:00:00,14.0,2025-07-02,False,False
2025-07-02 17:00:00+00:00,44761.6,44808.5,44716.6,44791.1,37535,4,0.75,3.4499999999989086,True,2025-07-02 18:00:00,18.0,2025-07-02,True,False
2025-07-02 22:00:00+00:00,44795.5,44826.6,44769.5,44799.5,3320,3,0.0,6.0,True,2025-07-02 23:00:00,23.0,2025-07-02,False,False
2025-07-03 01:00:00+00:00,44799.1,44829.6,44750.6,44812.1,5074,4,0.0,6.0,True,2025-07-03 02:00:00,2.0,2025-07-03,False,False
2025-07-03 05:00:00+00:00,44811.1,44842.6,44763.1,44763.1,7994,4,0.0,4.125,True,2025-07-03 06:00:00,6.0,2025-07-03,False,False
2025-07-03 09:00:00+00:00,44763.5,44930.5,44763.1,44822.1,16680,4,0.0,3.5,True,2025-07-03 10:00:00,10.0,2025-07-03,False,False
2025-07-03 13:00:00+00:00,44821.5,45176.6,44819.5,45093.5,73523,4,0.75,2.600000000002183,True,2025-07-03 14:00:00,14.0,2025-07-03,False,False
2025-07-03 17:00:00+00:00,45094.1,45141.1,45085.6,45108.1,2944,1,1.0,2.599999999998545,True,2025-07-03 18:00:00,18.0,2025-07-03,True,False
2025-07-03 22:00:00+00:00,45075.6,45112.0,45009.1,45009.5,4531,3,0.0,6.0,True,2025-07-03 23:00:00,23.0,2025-07-03,False,False
2025-07-04 01:00:00+00:00,45010.1,45054.5,44958.5,44969.6,5200,4,0.0,6.0,True,2025-07-04 02:00:00,2.0,2025-07-04,False,False
2025-07-04 05:00:00+00:00,44970.1,45001.1,44826.5,44855.1,12620,4,0.0,4.125,True,2025-07-04 06:00:00,6.0,2025-07-04,False,False
2025-07-04 09:00:00+00:00,44854.6,44888.1,44789.5,44861.1,14741,4,0.0,3.5,True,2025-07-04 10:00:00,10.0,2025-07-04,False,False
2025-07-04 13:00:00+00:00,44861.5,44919.1,44837.1,44847.5,14796,4,0.75,2.6000000000040018,True,2025-07-04 14:00:00,14.0,2025-07-04,False,False
2025-07-06 22:00:00+00:00,45024.5,45055.5,44947.5,45002.1,7304,3,0.0,6.0,True,2025-07-06 23:00:00,23.0,2025-07-06,False,False
2025-07-07 01:00:00+00:00,45001.6,45011.5,44921.6,44957.1,9700,4,0.0,6.0,True,2025-07-07 02:00:00,2.0,2025-07-07,False,False
2025-07-07 05:00:00+00:00,44956.5,45053.1,44933.6,45008.5,14278,4,0.0,4.125,True,2025-07-07 06:00:00,6.0,2025-07-07,False,False
2025-07-07 09:00:00+00:00,45008.1,45131.6,44999.1,45033.1,12600,4,0.0,3.5,True,2025-07-07 10:00:00,10.0,2025-07-07,False,False
2025-07-07 13:00:00+00:00,45033.6,45072.6,44548.6,44582.1,113794,4,0.75,2.600000000000364,True,2025-07-07 14:00:00,14.0,2025-07-07,False,False
2025-07-07 17:00:00+00:00,44581.5,44700.5,44428.1,44568.1,87428,4,0.75,3.4499999999989086,True,2025-07-07 18:00:00,18.0,2025-07-07,True,False
2025-07-07 22:00:00+00:00,44556.0,44633.5,44507.1,44619.5,8772,3,0.0,6.0,True,2025-07-07 23:00:00,23.0,2025-07-07,False,False
2025-07-08 01:00:00+00:00,44619.1,44658.6,44595.1,44637.5,6697,4,0.0,6.0,True,2025-07-08 02:00:00,2.0,2025-07-08,False,False
2025-07-08 05:00:00+00:00,44638.1,44715.1,44612.1,44637.1,12182,4,0.0,4.125,True,2025-07-08 06:00:00,6.0,2025-07-08,False,False
2025-07-08 09:00:00+00:00,44636.6,44686.1,44585.5,44626.1,13997,4,0.0,3.5,True,2025-07-08 10:00:00,10.0,2025-07-08,False,False
2025-07-08 13:00:00+00:00,44625.5,44708.1,44485.6,44541.1,110474,4,0.75,2.599999999998545,True,2025-07-08 14:00:00,14.0,2025-07-08,False,False
2025-07-08 17:00:00+00:00,44542.1,44576.1,44471.1,44508.1,58500,4,0.75,3.4499999999989086,True,2025-07-08 18:00:00,18.0,2025-07-08,True,False
2025-07-08 22:00:00+00:00,44511.0,44534.0,44432.1,44453.5,3806,3,0.0,6.0,True,2025-07-08 23:00:00,23.0,2025-07-08,False,False
2025-07-09 01:00:00+00:00,44453.1,44499.1,44421.1,44482.1,6372,4,0.0,6.0,True,2025-07-09 02:00:00,2.0,2025-07-09,False,False
2025-07-09 05:00:00+00:00,44481.1,44555.5,44437.1,44532.1,10730,4,0.0,4.125,True,2025-07-09 06:00:00,6.0,2025-07-09,False,False
2025-07-09 09:00:00+00:00,44533.1,44684.6,44533.1,44662.1,13201,4,0.0,3.5,True,2025-07-09 10:00:00,10.0,2025-07-09,False,False
2025-07-09 13:00:00+00:00,44662.6,44829.6,44490.1,44563.1,100175,4,0.75,2.600000000000364,True,2025-07-09 14:00:00,14.0,2025-07-09,False,False
2025-07-09 17:00:00+00:00,44562.5,44753.6,44542.5,44728.1,45074,4,0.75,3.4499999999989086,True,2025-07-09 18:00:00,18.0,2025-07-09,True,False
2025-07-09 22:00:00+00:00,44718.5,44764.1,44650.1,44654.5,5204,3,0.0,6.0,True,2025-07-09 23:00:00,23.0,2025-07-09,False,False
2025-07-10 01:00:00+00:00,44655.1,44670.5,44594.6,44604.1,5964,4,0.0,6.0,True,2025-07-10 02:00:00,2.0,2025-07-10,False,False
2025-07-10 05:00:00+00:00,44604.5,44642.1,44565.6,44618.6,10253,4,0.0,4.125,True,2025-07-10 06:00:00,6.0,2025-07-10,False,False
2025-07-10 09:00:00+00:00,44619.1,44722.6,44603.6,44650.1,11444,4,0.0,3.5,True,2025-07-10 10:00:00,10.0,2025-07-10,False,False
2025-07-10 13:00:00+00:00,44649.5,45005.1,44623.1,44960.1,72735,4,0.75,2.599999999998545,True,2025-07-10 14:00:00,14.0,2025-07-10,False,False
2025-07-10 17:00:00+00:00,44961.1,45042.5,44867.1,44869.1,34024,4,0.75,3.4499999999989086,True,2025-07-10 18:00:00,18.0,2025-07-10,True,False
2025-07-10 22:00:00+00:00,44886.0,44941.1,44633.5,44683.0,19989,3,0.0,6.0,True,2025-07-10 23:00:00,23.0,2025-07-10,False,False
2025-07-11 01:00:00+00:00,44682.5,44806.1,44650.6,44785.1,11327,4,0.0,6.0,True,2025-07-11 02:00:00,2.0,2025-07-11,False,False
2025-07-11 05:00:00+00:00,44784.6,44796.6,44629.0,44670.1,21372,4,0.0,4.125,True,2025-07-11 06:00:00,6.0,2025-07-11,False,False
2025-07-11 09:00:00+00:00,44670.5,44686.1,44544.6,44636.1,22088,4,0.0,3.5,True,2025-07-11 10:00:00,10.0,2025-07-11,False,False
2025-07-11 13:00:00+00:00,44635.5,44686.0,44510.1,44601.1,93067,4,0.75,2.600000000000364,True,2025-07-11 14:00:00,14.0,2025-07-11,False,False
2025-07-11 17:00:00+00:00,44600.1,44654.1,44548.1,44562.1,52464,4,0.75,3.4499999999989086,True,2025-07-11 18:00:00,18.0,2025-07-11,True,False
2025-07-13 22:00:00+00:00,44415.5,44458.5,44365.0,44401.6,9254,3,0.0,6.0,True,2025-07-13 23:00:00,23.0,2025-07-13,False,False
2025-07-14 01:00:00+00:00,44401.1,44422.1,44376.1,44403.1,5867,4,0.0,6.0,True,2025-07-14 02:00:00,2.0,2025-07-14,False,False
2025-07-14 05:00:00+00:00,44402.6,44463.6,44323.5,44440.1,15605,4,0.0,4.125,True,2025-07-14 06:00:00,6.0,2025-07-14,False,False
2025-07-14 09:00:00+00:00,44441.1,44501.6,44427.6,44453.5,11255,4,0.0,3.5,True,2025-07-14 10:00:00,10.0,2025-07-14,False,False
2025-07-14 13:00:00+00:00,44453.1,44677.1,44435.5,44619.1,87826,4,0.75,2.599999999998545,True,2025-07-14 14:00:00,14.0,2025-07-14,False,False
2025-07-14 17:00:00+00:00,44619.6,44705.6,44618.6,44674.5,29729,4,0.75,3.4499999999989086,True,2025-07-14 18:00:00,18.0,2025-07-14,True,False
2025-07-14 22:00:00+00:00,44680.0,44680.0,44618.1,44640.5,4623,3,0.0,6.0,True,2025-07-14 23:00:00,23.0,2025-07-14,False,False
2025-07-15 01:00:00+00:00,44641.1,44828.1,44622.5,44697.1,16972,4,0.0,6.0,True,2025-07-15 02:00:00,2.0,2025-07-15,False,False
2025-07-15 05:00:00+00:00,44696.6,44743.6,44602.1,44627.1,15030,4,0.0,4.125,True,2025-07-15 06:00:00,6.0,2025-07-15,False,False
2025-07-15 09:00:00+00:00,44626.5,44732.6,44593.1,44642.5,18169,4,0.0,3.5,True,2025-07-15 10:00:00,10.0,2025-07-15,False,False
2025-07-15 13:00:00+00:00,44643.1,44743.1,44301.1,44304.1,121093,4,0.75,2.599999999998545,True,2025-07-15 14:00:00,14.0,2025-07-15,False,False
2025-07-15 17:00:00+00:00,44304.5,44392.1,44183.1,44191.1,65977,4,0.75,3.4499999999989086,True,2025-07-15 18:00:00,18.0,2025-07-15,True,False
2025-07-15 22:00:00+00:00,44183.0,44204.0,44118.1,44181.1,7987,3,0.0,6.0,True,2025-07-15 23:00:00,23.0,2025-07-15,False,False
2025-07-16 01:00:00+00:00,44181.6,44206.5,44163.1,44176.1,5429,4,0.0,6.0,True,2025-07-16 02:00:00,2.0,2025-07-16,False,False
2025-07-16 05:00:00+00:00,44177.5,44276.1,44093.5,44258.6,15462,4,0.0,4.125,True,2025-07-16 06:00:00,6.0,2025-07-16,False,False
2025-07-16 09:00:00+00:00,44258.1,44429.6,44220.1,44394.1,18055,4,0.0,3.5,True,2025-07-16 10:00:00,10.0,2025-07-16,False,False
2025-07-16 13:00:00+00:00,44394.6,44459.1,43974.1,44345.1,179038,4,0.75,2.600000000000364,True,2025-07-16 14:00:00,14.0,2025-07-16,False,False
2025-07-16 17:00:00+00:00,44345.5,44481.6,44331.6,44417.1,44962,4,0.75,3.4499999999989086,True,2025-07-16 18:00:00,18.0,2025-07-16,True,False
2025-07-16 22:00:00+00:00,44418.0,44431.6,44371.1,44411.5,5758,3,0.0,6.0,True,2025-07-16 23:00:00,23.0,2025-07-16,False,False
2025-07-17 01:00:00+00:00,44411.1,44418.1,44355.6,44391.1,4692,4,0.0,6.0,True,2025-07-17 02:00:00,2.0,2025-07-17,False,False
2025-07-17 05:00:00+00:00,44390.1,44474.1,44383.6,44410.5,16134,4,0.0,4.125,True,2025-07-17 06:00:00,6.0,2025-07-17,False,False
2025-07-17 09:00:00+00:00,44411.1,44475.1,44353.1,44472.1,13734,4,0.0,3.5,True,2025-07-17 10:00:00,10.0,2025-07-17,False,False
2025-07-17 13:00:00+00:00,44471.5,44699.1,44406.5,44598.6,84445,4,0.75,2.600000000000364,True,2025-07-17 14:00:00,14.0,2025-07-17,False,False
2025-07-17 17:00:00+00:00,44598.1,44773.6,44574.5,44725.5,38695,4,0.75,3.4499999999989086,True,2025-07-17 18:00:00,18.0,2025-07-17,True,False
2025-07-17 22:00:00+00:00,44734.0,44821.6,44703.0,44788.1,4715,3,0.0,6.0,True,2025-07-17 23:00:00,23.0,2025-07-17,False,False
2025-07-18 01:00:00+00:00,44787.1,44822.1,44764.1,44805.1,3959,4,0.0,6.0,True,2025-07-18 02:00:00,2.0,2025-07-18,False,False
2025-07-18 05:00:00+00:00,44805.6,44858.6,44766.1,44780.1,8877,4,0.0,4.125,True,2025-07-18 06:00:00,6.0,2025-07-18,False,False
2025-07-18 09:00:00+00:00,44780.5,44804.6,44708.5,44792.1,12612,4,0.0,3.5,True,2025-07-18 10:00:00,10.0,2025-07-18,False,False
2025-07-18 13:00:00+00:00,44791.6,44820.1,44423.1,44436.1,95802,4,0.75,2.600000000000364,True,2025-07-18 14:00:00,14.0,2025-07-18,False,False
2025-07-18 17:00:00+00:00,44435.6,44561.1,44432.6,44523.1,40346,4,0.75,3.4499999999989086,True,2025-07-18 18:00:00,18.0,2025-07-18,True,False
2025-07-20 22:00:00+00:00,44511.5,44611.5,44493.5,44606.1,3279,3,0.0,6.0,True,2025-07-20 23:00:00,23.0,2025-07-20,False,False
2025-07-21 01:00:00+00:00,44605.5,44611.1,44562.6,44581.1,3039,4,0.0,6.0,True,2025-07-21 02:00:00,2.0,2025-07-21,False,False
2025-07-21 05:00:00+00:00,44580.5,44677.1,44563.1,44670.5,7440,4,0.0,4.125,True,2025-07-21 06:00:00,6.0,2025-07-21,False,False
2025-07-21 09:00:00+00:00,44670.1,44679.6,44602.1,44612.1,7142,4,0.0,3.5,True,2025-07-21 10:00:00,10.0,2025-07-21,False,False
2025-07-21 13:00:00+00:00,44611.1,44812.0,44563.1,44789.1,66506,4,0.75,2.599999999998545,True,2025-07-21 14:00:00,14.0,2025-07-21,False,False
2025-07-21 17:00:00+00:00,44790.1,44814.1,44523.1,44592.5,41782,4,0.75,3.4499999999989086,True,2025-07-21 18:00:00,18.0,2025-07-21,True,False
2025-07-21 22:00:00+00:00,44592.5,44622.6,44578.1,44605.1,2878,3,0.0,6.0,True,2025-07-21 23:00:00,23.0,2025-07-21,False,False
2025-07-22 01:00:00+00:00,44604.5,44626.1,44561.1,44569.1,4045,4,0.0,6.0,True,2025-07-22 02:00:00,2.0,2025-07-22,False,False
2025-07-22 05:00:00+00:00,44568.5,44577.1,44519.1,44566.1,8742,4,0.0,4.125,True,2025-07-22 06:00:00,6.0,2025-07-22,False,False
2025-07-22 09:00:00+00:00,44566.5,44567.1,44423.5,44522.5,11789,4,0.0,3.5,True,2025-07-22 10:00:00,10.0,2025-07-22,False,False
2025-07-22 13:00:00+00:00,44522.1,44670.6,44478.1,44588.6,109725,4,0.75,2.599999999998545,True,2025-07-22 14:00:00,14.0,2025-07-22,False,False
2025-07-22 17:00:00+00:00,44588.1,44749.6,44582.6,44743.6,46914,4,0.75,3.4499999999989086,True,2025-07-22 18:00:00,18.0,2025-07-22,True,False
2025-07-22 22:00:00+00:00,44741.5,44850.1,44718.1,44763.1,11311,3,0.0,6.0,True,2025-07-22 23:00:00,23.0,2025-07-22,False,False
2025-07-23 01:00:00+00:00,44762.1,44849.1,44745.1,44846.1,7304,4,0.0,6.0,True,2025-07-23 02:00:00,2.0,2025-07-23,False,False
2025-07-23 05:00:00+00:00,44845.1,44919.1,44807.1,44914.1,12739,4,0.0,4.125,True,2025-07-23 06:00:00,6.0,2025-07-23,False,False
2025-07-23 09:00:00+00:00,44913.6,44955.6,44881.1,44947.1,12020,4,0.0,3.5,True,2025-07-23 10:00:00,10.0,2025-07-23,False,False
2025-07-23 13:00:00+00:00,44946.1,45137.6,44832.5,45080.1,101477,4,0.75,2.600000000000364,True,2025-07-23 14:00:00,14.0,2025-07-23,False,False
2025-07-23 17:00:00+00:00,45079.6,45234.1,45064.6,45106.1,52685,4,0.75,3.4499999999989086,True,2025-07-23 18:00:00,18.0,2025-07-23,True,False
2025-07-23 22:00:00+00:00,45115.0,45131.0,45085.0,45092.1,4771,3,0.0,6.0,True,2025-07-23 23:00:00,23.0,2025-07-23,False,False
2025-07-24 01:00:00+00:00,45091.5,45131.1,45072.5,45092.1,4206,4,0.0,6.0,True,2025-07-24 02:00:00,2.0,2025-07-24,False,False
2025-07-24 05:00:00+00:00,45093.1,45104.1,45036.5,45072.5,9317,4,0.0,4.125,True,2025-07-24 06:00:00,6.0,2025-07-24,False,False
2025-07-24 09:00:00+00:00,45073.1,45132.5,44869.1,44898.1,13423,4,0.0,3.5,True,2025-07-24 10:00:00,10.0,2025-07-24,False,False
2025-07-24 13:00:00+00:00,44897.5,45107.1,44864.5,44983.1,95455,4,0.75,2.600000000000364,True,2025-07-24 14:00:00,14.0,2025-07-24,False,False
2025-07-24 17:00:00+00:00,44982.6,45069.1,44881.1,44934.5,46266,4,0.75,3.4499999999989086,True,2025-07-24 18:00:00,18.0,2025-07-24,True,False
2025-07-24 22:00:00+00:00,44938.5,44988.6,44925.5,44985.1,3333,3,0.0,6.0,True,2025-07-24 23:00:00,23.0,2025-07-24,False,False
2025-07-25 01:00:00+00:00,44985.6,45036.1,44972.1,44976.1,3342,4,0.0,6.0,True,2025-07-25 02:00:00,2.0,2025-07-25,False,False
2025-07-25 05:00:00+00:00,44975.5,44986.6,44901.1,44950.1,9982,4,0.0,4.125,True,2025-07-25 06:00:00,6.0,2025-07-25,False,False
2025-07-25 09:00:00+00:00,44949.5,44976.1,44910.6,44946.1,8015,4,0.0,3.5,True,2025-07-25 10:00:00,10.0,2025-07-25,False,False
2025-07-25 13:00:00+00:00,44946.5,45011.6,44818.1,44999.1,72410,4,0.75,2.599999999998545,True,2025-07-25 14:00:00,14.0,2025-07-25,False,False
2025-07-25 17:00:00+00:00,44999.6,45125.6,44988.1,45072.1,30923,4,0.75,3.4499999999989086,True,2025-07-25 18:00:00,18.0,2025-07-25,True,False
2025-07-27 22:00:00+00:00,45262.0,45282.5,45211.5,45256.5,4651,3,0.0,6.0,True,2025-07-27 23:00:00,23.0,2025-07-27,False,False
2025-07-28 01:00:00+00:00,45256.1,45273.1,45227.1,45270.1,2868,4,0.0,6.0,True,2025-07-28 02:00:00,2.0,2025-07-28,False,False
2025-07-28 05:00:00+00:00,45269.5,45311.1,45162.6,45167.6,8968,4,0.0,4.125,True,2025-07-28 06:00:00,6.0,2025-07-28,False,False
2025-07-28 09:00:00+00:00,45167.1,45178.1,45071.5,45126.1,11063,4,0.0,3.5,True,2025-07-28 10:00:00,10.0,2025-07-28,False,False
2025-07-28 13:00:00+00:00,45126.5,45131.1,44958.6,45028.1,67031,4,0.75,2.599999999998545,True,2025-07-28 14:00:00,14.0,2025-07-28,False,False
2025-07-28 17:00:00+00:00,45028.6,45065.5,44910.6,45005.6,36380,4,0.75,3.4499999999989086,True,2025-07-28 18:00:00,18.0,2025-07-28,True,False
2025-07-28 22:00:00+00:00,45006.5,45042.1,44985.1,45013.1,3123,3,0.0,6.0,True,2025-07-28 23:00:00,23.0,2025-07-28,False,False
2025-07-29 01:00:00+00:00,45013.6,45076.6,45007.5,45069.5,3463,4,0.0,6.0,True,2025-07-29 02:00:00,2.0,2025-07-29,False,False
2025-07-29 05:00:00+00:00,45070.1,45097.1,45022.6,45068.1,8676,4,0.0,4.125,True,2025-07-29 06:00:00,6.0,2025-07-29,False,False
2025-07-29 09:00:00+00:00,45068.6,45121.1,44957.1,45034.5,16979,4,0.0,3.5,True,2025-07-29 10:00:00,10.0,2025-07-29,False,False
2025-07-29 13:00:00+00:00,45033.5,45061.5,44763.5,44869.1,84952,4,0.75,2.600000000000364,True,2025-07-29 14:00:00,14.0,2025-07-29,False,False
2025-07-29 17:00:00+00:00,44868.5,44916.1,44734.6,44773.5,44678,4,0.75,3.4500000000007276,True,2025-07-29 18:00:00,18.0,2025-07-29,True,False
2025-07-29 22:00:00+00:00,44768.0,44841.5,44767.5,44834.1,3226,3,0.0,6.0,True,2025-07-29 23:00:00,23.0,2025-07-29,False,False
2025-07-30 01:00:00+00:00,44833.5,44866.1,44809.1,44863.1,3490,4,0.0,6.0,True,2025-07-30 02:00:00,2.0,2025-07-30,False,False
2025-07-30 05:00:00+00:00,44862.5,44870.5,44780.5,44805.5,9451,4,0.0,4.125,True,2025-07-30 06:00:00,6.0,2025-07-30,False,False
2025-07-30 09:00:00+00:00,44805.1,44857.0,44784.1,44823.1,14110,4,0.0,3.5,True,2025-07-30 10:00:00,10.0,2025-07-30,False,False
2025-07-30 13:00:00+00:00,44822.5,44902.6,44714.1,44808.1,77522,4,0.75,2.600000000000364,True,2025-07-30 14:00:00,14.0,2025-07-30,False,False
2025-07-30 17:00:00+00:00,44808.6,44909.1,44418.5,44656.5,120471,4,0.75,3.4500000000025466,True,2025-07-30 18:00:00,18.0,2025-07-30,True,False
2025-07-30 22:00:00+00:00,44711.0,44760.1,44645.5,44709.5,7837,3,0.0,6.0,True,2025-07-30 23:00:00,23.0,2025-07-30,False,False
2025-07-31 01:00:00+00:00,44710.5,44780.6,44695.5,44771.5,4861,4,0.0,6.0,True,2025-07-31 02:00:00,2.0,2025-07-31,False,False
2025-07-31 05:00:00+00:00,44772.1,44852.1,44747.1,44816.5,13086,4,0.0,4.125,True,2025-07-31 06:00:00,6.0,2025-07-31,False,False
2025-07-31 09:00:00+00:00,44817.1,44821.1,44691.1,44723.5,16154,4,0.0,3.5,True,2025-07-31 10:00:00,10.0,2025-07-31,False,False
2025-07-31 13:00:00+00:00,44723.1,44781.1,44449.1,44672.1,132001,4,0.75,2.600000000000364,True,2025-07-31 14:00:00,14.0,2025-07-31,False,False
2025-07-31 17:00:00+00:00,44672.5,44673.1,44207.1,44264.0,143337,4,0.75,3.4499999999989086,True,2025-07-31 18:00:00,18.0,2025-07-31,True,False
2025-07-31 22:00:00+00:00,44262.0,44324.5,44146.6,44220.5,17892,3,0.0,6.0,True,2025-07-31 23:00:00,23.0,2025-07-31,False,False
2025-08-01 01:00:00+00:00,44219.5,44307.6,44213.5,44238.5,10432,4,0.0,6.0,True,2025-08-01 02:00:00,2.0,2025-08-01,False,False
2025-08-01 05:00:00+00:00,44238.0,44245.5,43847.1,43910.5,38407,4,0.0,4.125,True,2025-08-01 06:00:00,6.0,2025-08-01,False,False
2025-08-01 09:00:00+00:00,43910.0,44035.0,43785.1,43900.5,47798,4,0.0,3.5,True,2025-08-01 10:00:00,10.0,2025-08-01,False,False
2025-08-01 13:00:00+00:00,43901.0,43947.1,43463.5,43648.5,242571,4,0.75,2.6000000000040018,True,2025-08-01 14:00:00,14.0,2025-08-01,False,False
2025-08-01 17:00:00+00:00,43648.1,43807.6,43541.0,43729.1,140568,4,0.75,3.4499999999989086,True,2025-08-01 18:00:00,18.0,2025-08-01,True,False
2025-08-03 22:00:00+00:00,43726.0,43809.1,43632.5,43799.1,14486,3,0.0,6.0,True,2025-08-03 23:00:00,23.0,2025-08-03,False,False
2025-08-04 01:00:00+00:00,43799.5,43866.5,43769.1,43831.1,12483,4,0.0,6.0,True,2025-08-04 02:00:00,2.0,2025-08-04,False,False
2025-08-04 05:00:00+00:00,43832.1,43997.1,43786.1,43988.5,23024,4,0.0,4.125,True,2025-08-04 06:00:00,6.0,2025-08-04,False,False
2025-08-04 09:00:00+00:00,43989.1,44021.6,43881.1,43902.1,18788,4,0.0,3.5,True,2025-08-04 10:00:00,10.0,2025-08-04,False,False
2025-08-04 13:00:00+00:00,43901.1,44273.1,43888.1,44249.1,105092,4,0.75,2.599999999998545,True,2025-08-04 14:00:00,14.0,2025-08-04,False,False
2025-08-04 17:00:00+00:00,44248.6,44390.1,44179.6,44389.1,50303,4,0.75,3.4499999999989086,True,2025-08-04 18:00:00,18.0,2025-08-04,True,False
2025-08-04 22:00:00+00:00,44385.0,44432.1,44317.5,44380.5,7402,3,0.0,6.0,True,2025-08-04 23:00:00,23.0,2025-08-04,False,False
2025-08-05 01:00:00+00:00,44381.1,44404.1,44333.1,44366.0,7295,4,0.0,6.0,True,2025-08-05 02:00:00,2.0,2025-08-05,False,False
2025-08-05 05:00:00+00:00,44366.5,44420.5,44309.1,44326.1,14495,4,0.0,4.125,True,2025-08-05 06:00:00,6.0,2025-08-05,False,False
2025-08-05 09:00:00+00:00,44326.6,44406.6,44227.1,44291.0,18716,4,0.0,3.5,True,2025-08-05 10:00:00,10.0,2025-08-05,False,False
2025-08-05 13:00:00+00:00,44290.5,44423.1,44039.6,44292.1,156424,4,0.75,2.600000000000364,True,2025-08-05 14:00:00,14.0,2025-08-05,False,False
2025-08-05 17:00:00+00:00,44291.5,44369.6,44193.1,44259.6,74153,4,0.75,3.4499999999989086,True,2025-08-05 18:00:00,18.0,2025-08-05,True,False
2025-08-05 22:00:00+00:00,44250.5,44280.0,44191.1,44246.5,10579,3,0.0,6.0,True,2025-08-05 23:00:00,23.0,2025-08-05,False,False
2025-08-06 01:00:00+00:00,44247.5,44367.6,44234.5,44364.1,9292,4,0.0,6.0,True,2025-08-06 02:00:00,2.0,2025-08-06,False,False
2025-08-06 05:00:00+00:00,44364.5,44483.1,44358.5,44401.6,16216,4,0.0,4.125,True,2025-08-06 06:00:00,6.0,2025-08-06,False,False
2025-08-06 09:00:00+00:00,44400.5,44426.1,44330.6,44384.5,23311,4,0.0,3.5,True,2025-08-06 10:00:00,10.0,2025-08-06,False,False
2025-08-06 13:00:00+00:00,44385.1,44416.1,44125.1,44328.6,136636,4,0.75,2.599999999998545,True,2025-08-06 14:00:00,14.0,2025-08-06,False,False
2025-08-06 17:00:00+00:00,44328.1,44413.6,44293.1,44315.5,46508,4,0.75,3.4499999999989086,True,2025-08-06 18:00:00,18.0,2025-08-06,True,False
2025-08-06 22:00:00+00:00,44278.5,44384.1,44250.0,44345.1,8266,3,0.0,6.0,True,2025-08-06 23:00:00,23.0,2025-08-06,False,False
2025-08-07 01:00:00+00:00,44344.5,44379.1,44307.5,44322.1,6643,4,0.0,6.0,True,2025-08-07 02:00:00,2.0,2025-08-07,False,False
2025-08-07 05:00:00+00:00,44322.5,44477.1,44301.1,44451.1,17743,4,0.0,4.125,True,2025-08-07 06:00:00,6.0,2025-08-07,False,False
2025-08-07 09:00:00+00:00,44451.5,44599.1,44433.1,44515.1,25084,4,0.0,3.5,True,2025-08-07 10:00:00,10.0,2025-08-07,False,False
2025-08-07 13:00:00+00:00,44515.5,44615.1,43918.1,43976.1,174557,4,0.75,2.599999999998545,True,2025-08-07 14:00:00,14.0,2025-08-07,False,False
2025-08-07 17:00:00+00:00,43975.5,44131.1,43899.5,44117.5,105280,4,0.75,3.4500000000007276,True,2025-08-07 18:00:00,18.0,2025-08-07,True,False
2025-08-07 22:00:00+00:00,44113.0,44221.6,44111.0,44196.5,7607,3,0.0,6.0,True,2025-08-07 23:00:00,23.0,2025-08-07,False,False
2025-08-08 01:00:00+00:00,44196.1,44207.1,44146.5,44152.1,6428,4,0.0,6.0,True,2025-08-08 02:00:00,2.0,2025-08-08,False,False
2025-08-08 05:00:00+00:00,44151.6,44179.5,44082.5,44126.1,13760,4,0.0,4.125,True,2025-08-08 06:00:00,6.0,2025-08-08,False,False
2025-08-08 09:00:00+00:00,44126.6,44219.6,44121.1,44143.1,12907,4,0.0,3.5,True,2025-08-08 10:00:00,10.0,2025-08-08,False,False
2025-08-08 13:00:00+00:00,44143.6,44384.5,44121.1,44272.1,104602,4,0.75,2.599999999998545,True,2025-08-08 14:00:00,14.0,2025-08-08,False,False
2025-08-08 17:00:00+00:00,44272.5,44349.6,44210.1,44349.1,48174,4,0.75,3.4499999999989086,True,2025-08-08 18:00:00,18.0,2025-08-08,True,False
2025-08-10 22:00:00+00:00,44341.0,44374.6,44294.1,44370.1,5580,3,0.0,6.0,True,2025-08-10 23:00:00,23.0,2025-08-10,False,False
2025-08-11 01:00:00+00:00,44369.5,44412.6,44342.1,44347.1,5553,4,0.0,6.0,True,2025-08-11 02:00:00,2.0,2025-08-11,False,False
2025-08-11 05:00:00+00:00,44347.5,44404.1,44296.5,44341.5,12947,4,0.0,4.125,True,2025-08-11 06:00:00,6.0,2025-08-11,False,False
2025-08-11 09:00:00+00:00,44341.1,44413.1,44331.1,44346.1,9463,4,0.0,3.5,True,2025-08-11 10:00:00,10.0,2025-08-11,False,False
2025-08-11 13:00:00+00:00,44345.6,44374.6,44091.1,44138.1,89604,4,0.75,2.599999999998545,True,2025-08-11 14:00:00,14.0,2025-08-11,False,False
2025-08-11 17:00:00+00:00,44138.6,44145.1,44005.1,44066.0,57716,4,0.75,3.4499999999989086,True,2025-08-11 18:00:00,18.0,2025-08-11,True,False
2025-08-11 22:00:00+00:00,44070.0,44130.5,44026.1,44102.1,7687,3,0.0,6.0,True,2025-08-11 23:00:00,23.0,2025-08-11,False,False
2025-08-12 01:00:00+00:00,44101.6,44168.1,44083.1,44167.6,6367,4,0.0,6.0,True,2025-08-12 02:00:00,2.0,2025-08-12,False,False
2025-08-12 05:00:00+00:00,44167.1,44183.1,44057.6,44130.5,18672,4,0.0,4.125,True,2025-08-12 06:00:00,6.0,2025-08-12,False,False
2025-08-12 09:00:00+00:00,44131.1,44365.1,44042.6,44312.5,25609,4,0.0,3.5,True,2025-08-12 10:00:00,10.0,2025-08-12,False,False
2025-08-12 13:00:00+00:00,44312.1,44583.1,44194.1,44528.1,132770,4,0.75,2.599999999998545,True,2025-08-12 14:00:00,14.0,2025-08-12,False,False
2025-08-12 17:00:00+00:00,44528.6,44603.6,44509.1,44548.5,33688,4,0.75,3.4499999999989086,True,2025-08-12 18:00:00,18.0,2025-08-12,True,False
2025-08-12 22:00:00+00:00,44558.5,44580.1,44533.1,44541.1,5526,3,0.0,6.0,True,2025-08-12 23:00:00,23.0,2025-08-12,False,False
2025-08-13 01:00:00+00:00,44541.5,44575.1,44504.1,44565.6,3893,4,0.0,6.0,True,2025-08-13 02:00:00,2.0,2025-08-13,False,False
2025-08-13 05:00:00+00:00,44566.1,44672.1,44512.1,44647.1,8855,4,0.0,4.125,True,2025-08-13 06:00:00,6.0,2025-08-13,False,False
2025-08-13 09:00:00+00:00,44648.1,44722.6,44641.1,44703.1,8930,4,0.0,3.5,True,2025-08-13 10:00:00,10.0,2025-08-13,False,False
2025-08-13 13:00:00+00:00,44704.1,44987.6,44685.1,44861.1,104109,4,0.75,2.599999999998545,True,2025-08-13 14:00:00,14.0,2025-08-13,False,False
2025-08-13 17:00:00+00:00,44862.1,45068.6,44811.1,45011.6,52569,4,0.75,3.4499999999989086,True,2025-08-13 18:00:00,18.0,2025-08-13,True,False
2025-08-13 22:00:00+00:00,45031.5,45051.1,44977.1,45019.1,4197,3,0.0,6.0,True,2025-08-13 23:00:00,23.0,2025-08-13,False,False
2025-08-14 01:00:00+00:00,45018.5,45040.6,45001.6,45038.6,3909,4,0.0,6.0,True,2025-08-14 02:00:00,2.0,2025-08-14,False,False
2025-08-14 05:00:00+00:00,45038.1,45042.1,44961.1,45023.1,8695,4,0.0,4.125,True,2025-08-14 06:00:00,6.0,2025-08-14,False,False
2025-08-14 09:00:00+00:00,45022.6,45064.1,44810.6,44875.5,22084,4,0.0,3.5,True,2025-08-14 10:00:00,10.0,2025-08-14,False,False
2025-08-14 13:00:00+00:00,44876.1,44972.6,44769.5,44839.1,127672,4,0.75,2.599999999998545,True,2025-08-14 14:00:00,14.0,2025-08-14,False,False
2025-08-14 17:00:00+00:00,44839.6,45141.1,44833.1,45127.1,56402,4,0.75,3.4499999999989086,True,2025-08-14 18:00:00,18.0,2025-08-14,True,False
2025-08-14 22:00:00+00:00,45130.5,45198.1,45127.5,45188.6,4598,3,0.0,6.0,True,2025-08-14 23:00:00,23.0,2025-08-14,False,False
2025-08-15 01:00:00+00:00,45189.1,45321.5,45181.5,45317.1,5497,4,0.0,6.0,True,2025-08-15 02:00:00,2.0,2025-08-15,False,False
2025-08-15 05:00:00+00:00,45315.5,45368.1,45292.6,45297.1,10706,4,0.0,4.125,True,2025-08-15 06:00:00,6.0,2025-08-15,False,False
2025-08-15 09:00:00+00:00,45297.5,45319.1,45212.5,45260.5,13621,4,0.0,3.5,True,2025-08-15 10:00:00,10.0,2025-08-15,False,False
2025-08-15 13:00:00+00:00,45260.1,45297.1,44981.1,45097.1,114562,4,0.75,2.600000000000364,True,2025-08-15 14:00:00,14.0,2025-08-15,False,False
2025-08-15 17:00:00+00:00,45097.6,45176.1,44991.6,44992.0,51225,4,0.75,3.4499999999989086,True,2025-08-15 18:00:00,18.0,2025-08-15,True,False
2025-08-17 22:00:00+00:00,45050.0,45110.1,45049.1,45096.6,3576,3,0.0,6.0,True,2025-08-17 23:00:00,23.0,2025-08-17,False,False
2025-08-18 01:00:00+00:00,45095.5,45115.1,45081.5,45083.1,2610,4,0.0,6.0,True,2025-08-18 02:00:00,2.0,2025-08-18,False,False
2025-08-18 05:00:00+00:00,45083.5,45092.6,44898.6,45013.1,17102,4,0.0,4.125,True,2025-08-18 06:00:00,6.0,2025-08-18,False,False
2025-08-18 09:00:00+00:00,45012.6,45047.1,44956.5,45045.6,12219,4,0.0,3.5,True,2025-08-18 10:00:00,10.0,2025-08-18,False,False
2025-08-18 13:00:00+00:00,45045.1,45079.1,44940.6,45000.6,91282,4,0.75,2.599999999998545,True,2025-08-18 14:00:00,14.0,2025-08-18,False,False
2025-08-18 17:00:00+00:00,45001.1,45065.1,44938.1,44982.1,38064,4,0.75,3.4499999999989086,True,2025-08-18 18:00:00,18.0,2025-08-18,True,False
2025-08-18 22:00:00+00:00,44993.5,45044.5,44947.1,44967.5,4916,3,0.0,6.0,True,2025-08-18 23:00:00,23.0,2025-08-18,False,False
2025-08-19 01:00:00+00:00,44968.1,44995.1,44927.1,44936.1,6069,4,0.0,6.0,True,2025-08-19 02:00:00,2.0,2025-08-19,False,False
2025-08-19 05:00:00+00:00,44936.6,44990.6,44906.6,44986.1,7466,4,0.0,4.125,True,2025-08-19 06:00:00,6.0,2025-08-19,False,False
2025-08-19 09:00:00+00:00,44986.5,45099.1,44834.1,45074.6,11849,4,0.0,3.5,True,2025-08-19 10:00:00,10.0,2025-08-19,False,False
2025-08-19 13:00:00+00:00,45075.1,45289.1,44947.1,44991.1,114367,4,0.75,2.600000000000364,True,2025-08-19 14:00:00,14.0,2025-08-19,False,False
2025-08-19 17:00:00+00:00,44990.6,45030.6,44892.1,45026.5,52572,4,0.75,3.4499999999989086,True,2025-08-19 18:00:00,18.0,2025-08-19,True,False
2025-08-19 22:00:00+00:00,45029.5,45049.5,44971.1,44981.1,8956,3,0.0,6.0,True,2025-08-19 23:00:00,23.0,2025-08-19,False,False
2025-08-20 01:00:00+00:00,44980.6,45001.1,44855.1,44903.1,10213,4,0.0,6.0,True,2025-08-20 02:00:00,2.0,2025-08-20,False,False
2025-08-20 05:00:00+00:00,44902.6,44946.6,44866.1,44889.1,13256,4,0.0,4.125,True,2025-08-20 06:00:00,6.0,2025-08-20,False,False
2025-08-20 09:00:00+00:00,44889.5,45014.1,44873.1,44998.1,13437,4,0.0,3.5,True,2025-08-20 10:00:00,10.0,2025-08-20,False,False
2025-08-20 13:00:00+00:00,44997.5,45122.1,44829.6,44951.1,180984,4,0.75,2.599999999998545,True,2025-08-20 14:00:00,14.0,2025-08-20,False,False
2025-08-20 17:00:00+00:00,44950.6,45092.6,44866.6,45008.1,90057,4,0.75,3.4500000000007276,True,2025-08-20 18:00:00,18.0,2025-08-20,True,False
2025-08-20 22:00:00+00:00,44992.5,45026.0,44921.6,44944.1,7578,3,0.0,6.0,True,2025-08-20 23:00:00,23.0,2025-08-20,False,False
2025-08-21 01:00:00+00:00,44943.1,45024.6,44926.1,44964.5,7280,4,0.0,6.0,True,2025-08-21 02:00:00,2.0,2025-08-21,False,False
2025-08-21 05:00:00+00:00,44965.1,45003.6,44872.1,44874.1,14071,4,0.0,4.125,True,2025-08-21 06:00:00,6.0,2025-08-21,False,False
2025-08-21 09:00:00+00:00,44874.6,44905.5,44788.5,44821.1,24238,4,0.0,3.5,True,2025-08-21 10:00:00,10.0,2025-08-21,False,False
2025-08-21 13:00:00+00:00,44820.5,44968.6,44641.1,44791.1,143886,4,0.75,2.600000000000364,True,2025-08-21 14:00:00,14.0,2025-08-21,False,False
2025-08-21 17:00:00+00:00,44790.5,44908.1,44724.1,44879.1,66033,4,0.75,3.4499999999989086,True,2025-08-21 18:00:00,18.0,2025-08-21,True,False
2025-08-21 22:00:00+00:00,44894.5,44941.1,44858.1,44889.1,7461,3,0.0,6.0,True,2025-08-21 23:00:00,23.0,2025-08-21,False,False
2025-08-22 01:00:00+00:00,44890.1,44921.1,44852.1,44876.1,7131,4,0.0,6.0,True,2025-08-22 02:00:00,2.0,2025-08-22,False,False
2025-08-22 05:00:00+00:00,44876.6,44984.1,44745.6,44980.1,16414,4,0.0,4.125,True,2025-08-22 06:00:00,6.0,2025-08-22,False,False
2025-08-22 09:00:00+00:00,44979.5,45017.6,44964.6,44985.1,11555,4,0.0,3.5,True,2025-08-22 10:00:00,10.0,2025-08-22,False,False
2025-08-22 13:00:00+00:00,44984.5,45840.6,44978.5,45752.1,216957,4,0.75,2.600000000000364,True,2025-08-22 14:00:00,14.0,2025-08-22,False,False
2025-08-22 17:00:00+00:00,45751.1,45802.6,45671.6,45730.6,63164,4,0.75,3.4499999999989086,True,2025-08-22 18:00:00,18.0,2025-08-22,True,False
2025-08-24 22:00:00+00:00,45737.5,45740.0,45682.1,45692.1,7238,3,0.0,6.0,True,2025-08-24 23:00:00,23.0,2025-08-24,False,False
2025-08-25 01:00:00+00:00,45692.5,45697.6,45630.6,45677.1,4730,4,0.0,6.0,True,2025-08-25 02:00:00,2.0,2025-08-25,False,False
2025-08-25 05:00:00+00:00,45676.1,45711.6,45628.1,45636.1,7958,4,0.0,4.125,True,2025-08-25 06:00:00,6.0,2025-08-25,False,False
2025-08-25 09:00:00+00:00,45635.1,45638.6,45547.1,45572.1,8766,4,0.0,3.5,True,2025-08-25 10:00:00,10.0,2025-08-25,False,False
2025-08-25 13:00:00+00:00,45572.6,45660.6,45440.6,45487.1,84835,4,0.75,2.599999999998545,True,2025-08-25 14:00:00,14.0,2025-08-25,False,False
2025-08-25 17:00:00+00:00,45486.1,45492.6,45336.1,45391.1,39073,4,0.75,3.4499999999989086,True,2025-08-25 18:00:00,18.0,2025-08-25,True,False
2025-08-25 22:00:00+00:00,45383.0,45424.5,45203.5,45279.0,17264,3,0.0,6.0,True,2025-08-25 23:00:00,23.0,2025-08-25,False,False
2025-08-26 01:00:00+00:00,45279.5,45340.5,45265.0,45297.5,11009,4,0.0,6.0,True,2025-08-26 02:00:00,2.0,2025-08-26,False,False
2025-08-26 05:00:00+00:00,45298.1,45349.1,45182.5,45274.1,25914,4,0.0,4.125,True,2025-08-26 06:00:00,6.0,2025-08-26,False,False
2025-08-26 09:00:00+00:00,45274.6,45329.6,45259.1,45313.1,14209,4,0.0,3.5,True,2025-08-26 10:00:00,10.0,2025-08-26,False,False
2025-08-26 13:00:00+00:00,45312.6,45390.1,45284.1,45357.6,86897,4,0.75,2.600000000000364,True,2025-08-26 14:00:00,14.0,2025-08-26,False,False
2025-08-26 17:00:00+00:00,45358.1,45529.6,45327.1,45528.6,44993,4,0.75,3.4499999999989086,True,2025-08-26 18:00:00,18.0,2025-08-26,True,False
2025-08-26 22:00:00+00:00,45511.5,45534.0,45491.6,45500.1,2618,3,0.0,6.0,True,2025-08-26 23:00:00,23.0,2025-08-26,False,False
2025-08-27 01:00:00+00:00,45501.1,45536.1,45500.1,45524.1,2606,4,0.0,6.0,True,2025-08-27 02:00:00,2.0,2025-08-27,False,False
2025-08-27 05:00:00+00:00,45523.6,45540.6,45459.1,45490.1,9338,4,0.0,4.125,True,2025-08-27 06:00:00,6.0,2025-08-27,False,False
2025-08-27 09:00:00+00:00,45489.6,45528.1,45468.1,45486.1,9392,4,0.0,3.5,True,2025-08-27 10:00:00,10.0,2025-08-27,False,False
2025-08-27 13:00:00+00:00,45485.6,45630.5,45447.1,45592.1,76365,4,0.75,2.599999999998545,True,2025-08-27 14:00:00,14.0,2025-08-27,False,False
2025-08-27 17:00:00+00:00,45591.1,45697.1,45503.5,45651.5,49407,4,0.75,3.4499999999989086,True,2025-08-27 18:00:00,18.0,2025-08-27,True,False
2025-08-27 22:00:00+00:00,45664.0,45666.5,45589.1,45647.1,8375,3,0.0,6.0,True,2025-08-27 23:00:00,23.0,2025-08-27,False,False
2025-08-28 01:00:00+00:00,45647.5,45734.5,45637.1,45704.1,5879,4,0.0,6.0,True,2025-08-28 02:00:00,2.0,2025-08-28,False,False
2025-08-28 05:00:00+00:00,45703.1,45801.1,45687.1,45736.1,13624,4,0.0,4.125,True,2025-08-28 06:00:00,6.0,2025-08-28,False,False
2025-08-28 09:00:00+00:00,45735.6,45751.6,45668.5,45690.1,13171,4,0.0,3.5,True,2025-08-28 10:00:00,10.0,2025-08-28,False,False
2025-08-28 13:00:00+00:00,45689.1,45725.1,45501.1,45633.6,124893,4,0.75,2.600000000000364,True,2025-08-28 14:00:00,14.0,2025-08-28,False,False
2025-08-28 17:00:00+00:00,45634.6,45744.6,45611.6,45663.5,46629,4,0.75,3.4499999999989086,True,2025-08-28 18:00:00,18.0,2025-08-28,True,False
2025-08-28 22:00:00+00:00,45655.0,45679.6,45626.5,45654.1,3805,3,0.0,6.0,True,2025-08-28 23:00:00,23.0,2025-08-28,False,False
2025-08-29 01:00:00+00:00,45653.5,45667.1,45615.1,45619.5,3546,4,0.0,6.0,True,2025-08-29 02:00:00,2.0,2025-08-29,False,False
2025-08-29 05:00:00+00:00,45620.1,45644.1,45536.6,45541.6,11927,4,0.0,4.125,True,2025-08-29 06:00:00,6.0,2025-08-29,False,False
2025-08-29 09:00:00+00:00,45540.5,45626.5,45520.6,45605.6,17035,4,0.0,3.5,True,2025-08-29 10:00:00,10.0,2025-08-29,False,False
2025-08-29 13:00:00+00:00,45605.1,45687.6,45429.5,45571.1,135960,4,0.75,2.600000000002183,True,2025-08-29 14:00:00,14.0,2025-08-29,False,False
2025-08-29 17:00:00+00:00,45570.6,45638.1,45528.6,45628.1,55993,4,0.75,3.4499999999989086,True,2025-08-29 18:00:00,18.0,2025-08-29,True,False
2025-08-31 22:00:00+00:00,45637.1,45748.5,45631.5,45726.5,5511,3,0.0,6.0,True,2025-08-31 23:00:00,23.0,2025-08-31,False,False
2025-09-01 01:00:00+00:00,45727.1,45727.1,45568.6,45604.5,10113,4,0.0,6.0,True,2025-09-01 02:00:00,2.0,2025-09-01,False,False
2025-09-01 05:00:00+00:00,45604.1,45688.1,45556.1,45664.0,18842,4,0.0,4.125,True,2025-09-01 06:00:00,6.0,2025-09-01,False,False
2025-09-01 09:00:00+00:00,45663.5,45663.5,45534.6,45562.5,10676,4,0.0,3.5,True,2025-09-01 10:00:00,10.0,2025-09-01,False,False
2025-09-01 13:00:00+00:00,45563.1,45661.6,45528.1,45638.0,11810,4,0.75,2.600000000000364,True,2025-09-01 14:00:00,14.0,2025-09-01,False,False
2025-09-01 22:00:00+00:00,45643.0,45646.5,45545.5,45600.1,5722,3,0.0,6.0,True,2025-09-01 23:00:00,23.0,2025-09-01,False,False
2025-09-02 01:00:00+00:00,45599.6,45631.5,45546.5,45599.1,6759,4,0.0,6.0,True,2025-09-02 02:00:00,2.0,2025-09-02,False,False
2025-09-02 05:00:00+00:00,45599.5,45602.1,45294.5,45427.1,37275,4,0.0,4.125,True,2025-09-02 06:00:00,6.0,2025-09-02,False,False
2025-09-02 09:00:00+00:00,45426.6,45446.1,45106.5,45159.1,36860,4,0.0,3.5,True,2025-09-02 10:00:00,10.0,2025-09-02,False,False
2025-09-02 13:00:00+00:00,45158.5,45347.6,45001.1,45166.1,183403,4,0.75,2.600000000000364,True,2025-09-02 14:00:00,14.0,2025-09-02,False,False
2025-09-02 17:00:00+00:00,45166.6,45395.1,45158.6,45319.1,86284,4,0.75,3.4499999999989086,True,2025-09-02 18:00:00,18.0,2025-09-02,True,False
2025-09-02 22:00:00+00:00,45319.5,45336.5,45241.1,45261.1,6857,3,0.0,6.0,True,2025-09-02 23:00:00,23.0,2025-09-02,False,False
2025-09-03 01:00:00+00:00,45260.1,45261.1,45189.6,45212.1,6231,4,0.0,6.0,True,2025-09-03 02:00:00,2.0,2025-09-03,False,False
2025-09-03 05:00:00+00:00,45211.1,45366.1,45162.6,45327.1,19127,4,0.0,4.125,True,2025-09-03 06:00:00,6.0,2025-09-03,False,False
2025-09-03 09:00:00+00:00,45328.1,45377.1,45233.1,45240.1,17583,4,0.0,3.5,True,2025-09-03 10:00:00,10.0,2025-09-03,False,False
2025-09-03 13:00:00+00:00,45239.5,45363.6,45104.6,45131.6,154712,4,0.75,2.600000000000364,True,2025-09-03 14:00:00,14.0,2025-09-03,False,False
2025-09-03 17:00:00+00:00,45132.1,45332.6,45035.1,45273.1,82799,4,0.75,3.4499999999989086,True,2025-09-03 18:00:00,18.0,2025-09-03,True,False
2025-09-03 22:00:00+00:00,45245.5,45322.1,45224.1,45292.1,6548,3,0.0,6.0,True,2025-09-03 23:00:00,23.0,2025-09-03,False,False
2025-09-04 01:00:00+00:00,45291.5,45313.5,45254.5,45306.5,7516,4,0.0,6.0,True,2025-09-04 02:00:00,2.0,2025-09-04,False,False
2025-09-04 05:00:00+00:00,45305.5,45329.5,45247.6,45278.5,14163,4,0.0,4.125,True,2025-09-04 06:00:00,6.0,2025-09-04,False,False
2025-09-04 09:00:00+00:00,45279.0,45351.5,45261.1,45310.5,15222,4,0.0,3.5,True,2025-09-04 10:00:00,10.0,2025-09-04,False,False
2025-09-04 13:00:00+00:00,45310.1,45574.6,45236.1,45530.1,102235,4,0.75,2.600000000000364,True,2025-09-04 14:00:00,14.0,2025-09-04,False,False
2025-09-04 17:00:00+00:00,45530.6,45717.6,45528.1,45699.0,45542,4,0.75,3.4499999999989086,True,2025-09-04 18:00:00,18.0,2025-09-04,True,False
2025-09-04 22:00:00+00:00,45666.0,45718.1,45662.0,45709.5,4435,3,0.0,6.0,True,2025-09-04 23:00:00,23.0,2025-09-04,False,False
2025-09-05 01:00:00+00:00,45709.1,45719.1,45685.1,45699.1,2854,4,0.0,6.0,True,2025-09-05 02:00:00,2.0,2025-09-05,False,False
2025-09-05 05:00:00+00:00,45700.1,45763.1,45672.6,45684.1,9656,4,0.0,4.125,True,2025-09-05 06:00:00,6.0,2025-09-05,False,False
2025-09-05 09:00:00+00:00,45684.5,45699.6,45484.5,45693.1,26097,4,0.0,3.5,True,2025-09-05 10:00:00,10.0,2025-09-05,False,False
2025-09-05 13:00:00+00:00,45693.6,45832.1,45257.5,45454.1,245444,4,0.75,2.599999999998545,True,2025-09-05 14:00:00,14.0,2025-09-05,False,False
2025-09-05 17:00:00+00:00,45454.6,45517.1,45320.1,45443.1,90264,4,0.75,3.4499999999989086,True,2025-09-05 18:00:00,18.0,2025-09-05,True,False
2025-09-07 22:00:00+00:00,45447.5,45560.6,45406.1,45500.1,9275,3,0.0,6.0,True,2025-09-07 23:00:00,23.0,2025-09-07,False,False
2025-09-08 01:00:00+00:00,45500.6,45524.6,45467.1,45479.5,6541,4,0.0,6.0,True,2025-09-08 02:00:00,2.0,2025-09-08,False,False
2025-09-08 05:00:00+00:00,45479.1,45577.1,45465.1,45538.1,12470,4,0.0,4.125,True,2025-09-08 06:00:00,6.0,2025-09-08,False,False
2025-09-08 09:00:00+00:00,45537.5,45548.6,45466.1,45536.5,10556,4,0.0,3.5,True,2025-09-08 10:00:00,10.0,2025-09-08,False,False
2025-09-08 13:00:00+00:00,45537.1,45567.6,45320.6,45461.1,113332,4,0.75,2.599999999998545,True,2025-09-08 14:00:00,14.0,2025-09-08,False,False
2025-09-08 17:00:00+00:00,45460.6,45591.1,45355.1,45584.5,54801,4,0.75,3.4499999999989086,True,2025-09-08 18:00:00,18.0,2025-09-08,True,False
2025-09-08 22:00:00+00:00,45576.5,45638.0,45576.5,45584.1,3863,3,0.0,6.0,True,2025-09-08 23:00:00,23.0,2025-09-08,False,False
2025-09-09 01:00:00+00:00,45583.1,45631.5,45558.1,45612.1,4880,4,0.0,6.0,True,2025-09-09 02:00:00,2.0,2025-09-09,False,False
2025-09-09 05:00:00+00:00,45611.1,45666.6,45565.6,45578.6,12632,4,0.0,4.125,True,2025-09-09 06:00:00,6.0,2025-09-09,False,False
2025-09-09 09:00:00+00:00,45578.1,45641.1,45545.6,45620.6,11532,4,0.0,3.5,True,2025-09-09 10:00:00,10.0,2025-09-09,False,False
2025-09-09 13:00:00+00:00,45621.1,45734.6,45470.1,45662.6,132361,4,0.75,2.600000000000364,True,2025-09-09 14:00:00,14.0,2025-09-09,False,False
2025-09-09 17:00:00+00:00,45663.1,45807.6,45644.6,45701.1,51085,4,0.75,3.4499999999989086,True,2025-09-09 18:00:00,18.0,2025-09-09,True,False
2025-09-09 22:00:00+00:00,45687.0,45712.6,45646.6,45684.6,5911,3,0.0,6.0,True,2025-09-09 23:00:00,23.0,2025-09-09,False,False
2025-09-10 01:00:00+00:00,45685.1,45728.6,45675.1,45726.1,4500,4,0.0,6.0,True,2025-09-10 02:00:00,2.0,2025-09-10,False,False
2025-09-10 05:00:00+00:00,45726.5,45747.6,45648.6,45664.1,11962,4,0.0,4.125,True,2025-09-10 06:00:00,6.0,2025-09-10,False,False
2025-09-10 09:00:00+00:00,45665.1,45843.5,45620.1,45756.1,22249,4,0.0,3.5,True,2025-09-10 10:00:00,10.0,2025-09-10,False,False
2025-09-10 13:00:00+00:00,45755.6,45790.6,45414.6,45531.6,135460,4,0.75,2.599999999998545,True,2025-09-10 14:00:00,14.0,2025-09-10,False,False
2025-09-10 17:00:00+00:00,45531.1,45584.1,45421.6,45523.6,73132,4,0.75,3.4499999999989086,True,2025-09-10 18:00:00,18.0,2025-09-10,True,False
2025-09-10 22:00:00+00:00,45503.5,45590.1,45503.0,45571.1,5201,3,0.0,6.0,True,2025-09-10 23:00:00,23.0,2025-09-10,False,False
2025-09-11 01:00:00+00:00,45570.1,45588.1,45540.1,45542.1,5325,4,0.0,6.0,True,2025-09-11 02:00:00,2.0,2025-09-11,False,False
2025-09-11 05:00:00+00:00,45543.6,45597.1,45517.1,45567.5,11891,4,0.0,4.125,True,2025-09-11 06:00:00,6.0,2025-09-11,False,False
2025-09-11 09:00:00+00:00,45568.1,45677.1,45531.6,45675.1,25354,4,0.0,3.5,True,2025-09-11 10:00:00,10.0,2025-09-11,False,False
2025-09-11 13:00:00+00:00,45674.6,46139.1,45599.6,46113.1,122197,4,0.75,2.599999999998545,True,2025-09-11 14:00:00,14.0,2025-09-11,False,False
2025-09-11 17:00:00+00:00,46113.6,46177.1,46093.6,46144.1,50765,4,0.75,3.4500000000007276,True,2025-09-11 18:00:00,18.0,2025-09-11,True,False
2025-09-11 22:00:00+00:00,46159.5,46164.0,46130.5,46149.1,4016,3,0.0,6.0,True,2025-09-11 23:00:00,23.0,2025-09-11,False,False
2025-09-12 01:00:00+00:00,46150.1,46157.6,46109.5,46139.1,3661,4,0.0,6.0,True,2025-09-12 02:00:00,2.0,2025-09-12,False,False
2025-09-12 05:00:00+00:00,46139.5,46150.5,46009.5,46062.1,11190,4,0.0,4.125,True,2025-09-12 06:00:00,6.0,2025-09-12,False,False
2025-09-12 09:00:00+00:00,46061.5,46071.1,46018.1,46060.1,10256,4,0.0,3.5,True,2025-09-12 10:00:00,10.0,2025-09-12,False,False
2025-09-12 13:00:00+00:00,46059.5,46095.6,45906.1,45928.1,84916,4,0.75,2.600000000000364,True,2025-09-12 14:00:00,14.0,2025-09-12,False,False
2025-09-12 17:00:00+00:00,45929.0,45984.0,45830.6,45859.6,45767,4,0.75,3.4499999999989086,True,2025-09-12 18:00:00,18.0,2025-09-12,True,False
2025-09-14 22:00:00+00:00,45871.5,45881.5,45833.6,45861.0,4213,3,0.0,6.0,True,2025-09-14 23:00:00,23.0,2025-09-14,False,False
2025-09-15 01:00:00+00:00,45861.5,45896.5,45861.5,45894.5,3222,4,0.0,6.0,True,2025-09-15 02:00:00,2.0,2025-09-15,False,False
2025-09-15 05:00:00+00:00,45893.5,45972.0,45838.0,45951.1,14274,4,0.0,4.125,True,2025-09-15 06:00:00,6.0,2025-09-15,False,False
2025-09-15 09:00:00+00:00,45950.6,45973.6,45909.5,45963.0,14269,4,0.0,3.5,True,2025-09-15 10:00:00,10.0,2025-09-15,False,False
2025-09-15 13:00:00+00:00,45962.5,46008.1,45797.1,45865.1,88052,4,0.75,2.600000000002183,True,2025-09-15 14:00:00,14.0,2025-09-15,False,False
2025-09-15 17:00:00+00:00,45864.6,45930.6,45818.1,45887.5,58942,4,0.75,3.4499999999989086,True,2025-09-15 18:00:00,18.0,2025-09-15,True,False
2025-09-15 22:00:00+00:00,45891.0,45918.1,45867.1,45895.5,3617,3,0.0,6.0,True,2025-09-15 23:00:00,23.0,2025-09-15,False,False
2025-09-16 01:00:00+00:00,45896.5,45956.6,45887.5,45945.0,4460,4,0.0,6.0,True,2025-09-16 02:00:00,2.0,2025-09-16,False,False
2025-09-16 05:00:00+00:00,45944.0,45972.6,45909.5,45941.5,12731,4,0.0,4.125,True,2025-09-16 06:00:00,6.0,2025-09-16,False,False
2025-09-16 09:00:00+00:00,45942.0,45960.0,45852.0,45863.5,11413,4,0.0,3.5,True,2025-09-16 10:00:00,10.0,2025-09-16,False,False
2025-09-16 13:00:00+00:00,45864.0,45989.1,45680.6,45797.1,101297,4,0.75,2.6000000000040018,True,2025-09-16 14:00:00,14.0,2025-09-16,False,False
2025-09-16 17:00:00+00:00,45796.5,45842.5,45737.1,45811.0,45294,4,0.75,3.4499999999989086,True,2025-09-16 18:00:00,18.0,2025-09-16,True,False
2025-09-16 22:00:00+00:00,45797.0,45836.0,45790.0,45806.1,3221,3,0.0,6.0,True,2025-09-16 23:00:00,23.0,2025-09-16,False,False
2025-09-17 01:00:00+00:00,45805.5,45812.0,45738.5,45761.5,4859,4,0.0,6.0,True,2025-09-17 02:00:00,2.0,2025-09-17,False,False
2025-09-17 05:00:00+00:00,45762.0,45801.5,45738.0,45792.5,9641,4,0.0,4.125,True,2025-09-17 06:00:00,6.0,2025-09-17,False,False
2025-09-17 09:00:00+00:00,45794.0,45860.5,45767.5,45855.5,7956,4,0.0,3.5,True,2025-09-17 10:00:00,10.0,2025-09-17,False,False
2025-09-17 13:00:00+00:00,45856.1,46125.5,45826.6,45971.1,79478,4,0.75,2.600000000002183,True,2025-09-17 14:00:00,14.0,2025-09-17,False,False
2025-09-17 17:00:00+00:00,45970.5,46290.5,45702.5,46049.0,85961,4,0.75,3.4500000000025466,True,2025-09-17 18:00:00,18.0,2025-09-17,True,False
2025-09-17 21:00:00+00:00,46049.0,46533.0,46049.0,46452.1,5977,4,0.0,6.0,True,2025-09-17 22:00:00,22.0,2025-09-17,False,False
2025-09-18 01:00:00+00:00,46452.5,46526.1,46451.1,46519.1,6037,4,0.0,6.0,True,2025-09-18 02:00:00,2.0,2025-09-18,False,False
2025-09-18 05:00:00+00:00,46518.6,46707.6,46453.6,46692.6,16769,4,0.0,4.125,True,2025-09-18 06:00:00,6.0,2025-09-18,False,False
2025-09-18 09:00:00+00:00,46693.1,46721.6,46457.1,46457.1,18408,4,0.0,3.5,True,2025-09-18 10:00:00,10.0,2025-09-18,False,False
2025-09-18 13:00:00+00:00,46457.5,46680.1,46298.1,46626.1,152805,4,0.75,2.600000000000364,True,2025-09-18 14:00:00,14.0,2025-09-18,False,False
2025-09-18 17:00:00+00:00,46626.6,46642.6,46450.1,46550.1,62595,4,0.75,3.4499999999989086,True,2025-09-18 18:00:00,18.0,2025-09-18,True,False
2025-09-18 22:00:00+00:00,46549.5,46609.1,46523.1,46547.1,5892,3,0.0,6.0,True,2025-09-18 23:00:00,23.0,2025-09-18,False,False
2025-09-19 01:00:00+00:00,46546.1,46594.1,46505.5,46553.5,11917,4,0.0,6.0,True,2025-09-19 02:00:00,2.0,2025-09-19,False,False
2025-09-19 05:00:00+00:00,46555.1,46559.5,46397.6,46513.5,21630,4,0.0,4.125,True,2025-09-19 06:00:00,6.0,2025-09-19,False,False
2025-09-19 09:00:00+00:00,46514.1,46587.1,46476.1,46566.1,15299,4,0.0,3.5,True,2025-09-19 10:00:00,10.0,2025-09-19,False,False
2025-09-19 13:00:00+00:00,46566.5,46687.1,46437.1,46605.1,112362,4,0.75,2.599999999998545,True,2025-09-19 14:00:00,14.0,2025-09-19,False,False
2025-09-19 17:00:00+00:00,46605.6,46738.6,46571.6,46616.1,50198,4,0.75,3.4499999999989086,True,2025-09-19 18:00:00,18.0,2025-09-19,True,False
2025-09-21 22:00:00+00:00,46628.0,46635.0,46545.1,46553.1,5371,3,0.0,6.0,True,2025-09-21 23:00:00,23.0,2025-09-21,False,False
2025-09-22 01:00:00+00:00,46553.5,46608.1,46549.1,46580.5,5000,4,0.0,6.0,True,2025-09-22 02:00:00,2.0,2025-09-22,False,False
2025-09-22 05:00:00+00:00,46581.1,46601.6,46460.0,46520.1,14338,4,0.0,4.125,True,2025-09-22 06:00:00,6.0,2025-09-22,False,False
2025-09-22 09:00:00+00:00,46520.6,46536.6,46438.1,46448.1,11568,4,0.0,3.5,True,2025-09-22 10:00:00,10.0,2025-09-22,False,False
2025-09-22 13:00:00+00:00,46447.5,46720.6,46362.6,46709.1,88819,4,0.75,2.599999999998545,True,2025-09-22 14:00:00,14.0,2025-09-22,False,False
2025-09-22 17:00:00+00:00,46708.6,46783.6,46681.6,46704.0,38189,4,0.75,3.4499999999989086,True,2025-09-22 18:00:00,18.0,2025-09-22,True,False
2025-09-22 22:00:00+00:00,46701.0,46739.1,46685.5,46725.1,3563,3,0.0,6.0,True,2025-09-22 23:00:00,23.0,2025-09-22,False,False
2025-09-23 01:00:00+00:00,46724.5,46752.1,46696.1,46707.1,3838,4,0.0,6.0,True,2025-09-23 02:00:00,2.0,2025-09-23,False,False
2025-09-23 05:00:00+00:00,46706.6,46780.6,46701.5,46778.1,10372,4,0.0,4.125,True,2025-09-23 06:00:00,6.0,2025-09-23,False,False
2025-09-23 09:00:00+00:00,46778.6,46796.1,46728.1,46772.1,8367,4,0.0,3.5,True,2025-09-23 10:00:00,10.0,2025-09-23,False,False
2025-09-23 13:00:00+00:00,46772.6,47055.1,46699.6,46724.1,113322,4,0.75,2.599999999998545,True,2025-09-23 14:00:00,14.0,2025-09-23,False,False
2025-09-23 17:00:00+00:00,46724.6,46742.1,46544.6,46649.1,100948,4,0.75,3.4499999999989086,True,2025-09-23 18:00:00,18.0,2025-09-23,True,False
2025-09-23 22:00:00+00:00,46649.0,46679.1,46617.5,46670.5,3917,3,0.0,6.0,True,2025-09-23 23:00:00,23.0,2025-09-23,False,False
2025-09-24 01:00:00+00:00,46670.1,46701.6,46639.5,46697.1,5283,4,0.0,6.0,True,2025-09-24 02:00:00,2.0,2025-09-24,False,False
2025-09-24 05:00:00+00:00,46696.6,46729.1,46621.6,46644.1,10479,4,0.0,4.125,True,2025-09-24 06:00:00,6.0,2025-09-24,False,False
2025-09-24 09:00:00+00:00,46644.6,46713.1,46615.1,46712.1,9332,4,0.0,3.5,True,2025-09-24 10:00:00,10.0,2025-09-24,False,False
2025-09-24 13:00:00+00:00,46711.6,46788.6,46432.6,46482.1,122169,4,0.75,2.600000000000364,True,2025-09-24 14:00:00,14.0,2025-09-24,False,False
2025-09-24 17:00:00+00:00,46482.5,46548.6,46414.6,46485.5,61827,4,0.75,3.4499999999989086,True,2025-09-24 18:00:00,18.0,2025-09-24,True,False
2025-09-24 22:00:00+00:00,46481.5,46518.1,46462.1,46507.1,3899,3,0.0,6.0,True,2025-09-24 23:00:00,23.0,2025-09-24,False,False
2025-09-25 01:00:00+00:00,46506.5,46539.1,46494.1,46501.6,3386,4,0.0,6.0,True,2025-09-25 02:00:00,2.0,2025-09-25,False,False
2025-09-25 05:00:00+00:00,46502.1,46502.6,46384.1,46459.1,13153,4,0.0,4.125,True,2025-09-25 06:00:00,6.0,2025-09-25,False,False
2025-09-25 09:00:00+00:00,46458.6,46493.5,46271.5,46312.1,26993,4,0.0,3.5,True,2025-09-25 10:00:00,10.0,2025-09-25,False,False
2025-09-25 13:00:00+00:00,46311.6,46444.6,46198.6,46314.1,166403,4,0.75,2.599999999998545,True,2025-09-25 14:00:00,14.0,2025-09-25,False,False
2025-09-25 17:00:00+00:00,46314.5,46346.1,46098.1,46277.6,99237,4,0.75,3.4499999999989086,True,2025-09-25 18:00:00,18.0,2025-09-25,True,False
2025-09-25 22:00:00+00:00,46274.1,46319.0,46243.6,46286.1,5918,3,0.0,6.0,True,2025-09-25 23:00:00,23.0,2025-09-25,False,False
2025-09-26 01:00:00+00:00,46285.6,46319.1,46234.1,46239.1,10555,4,0.0,6.0,True,2025-09-26 02:00:00,2.0,2025-09-26,False,False
2025-09-26 05:00:00+00:00,46240.1,46392.1,46235.1,46342.1,19145,4,0.0,4.125,True,2025-09-26 06:00:00,6.0,2025-09-26,False,False
2025-09-26 09:00:00+00:00,46343.1,46508.1,46298.1,46488.1,23376,4,0.0,3.5,True,2025-09-26 10:00:00,10.0,2025-09-26,False,False
2025-09-26 13:00:00+00:00,46488.6,46666.5,46344.1,46596.1,176460,4,0.75,2.600000000000364,True,2025-09-26 14:00:00,14.0,2025-09-26,False,False
2025-09-26 17:00:00+00:00,46596.6,46647.1,46527.1,46605.6,56016,4,0.75,3.4499999999989086,True,2025-09-26 18:00:00,18.0,2025-09-26,True,False
2025-09-28 22:00:00+00:00,46569.0,46644.1,46561.0,46630.5,5525,3,0.0,6.0,True,2025-09-28 23:00:00,23.0,2025-09-28,False,False
2025-09-29 01:00:00+00:00,46630.1,46693.6,46611.6,46679.1,6110,4,0.0,6.0,True,2025-09-29 02:00:00,2.0,2025-09-29,False,False
2025-09-29 05:00:00+00:00,46680.1,46743.1,46658.1,46728.1,12704,4,0.0,4.125,True,2025-09-29 06:00:00,6.0,2025-09-29,False,False
2025-09-29 09:00:00+00:00,46728.6,46787.6,46697.5,46754.1,12932,4,0.0,3.5,True,2025-09-29 10:00:00,10.0,2025-09-29,False,False
2025-09-29 13:00:00+00:00,46753.5,46769.6,46442.1,46495.1,117635,4,0.75,2.600000000000364,True,2025-09-29 14:00:00,14.0,2025-09-29,False,False
2025-09-29 17:00:00+00:00,46495.6,46640.6,46447.6,46587.1,55763,4,0.75,3.4499999999989086,True,2025-09-29 18:00:00,18.0,2025-09-29,True,False
2025-09-29 22:00:00+00:00,46572.5,46631.1,46572.5,46623.1,4639,3,0.0,6.0,True,2025-09-29 23:00:00,23.0,2025-09-29,False,False
2025-09-30 01:00:00+00:00,46622.1,46627.6,46575.1,46577.6,8122,4,0.0,6.0,True,2025-09-30 02:00:00,2.0,2025-09-30,False,False
2025-09-30 05:00:00+00:00,46577.1,46609.6,46480.6,46514.1,19987,4,0.0,4.125,True,2025-09-30 06:00:00,6.0,2025-09-30,False,False
2025-09-30 09:00:00+00:00,46513.5,46580.6,46455.1,46557.1,14384,4,0.0,3.5,True,2025-09-30 10:00:00,10.0,2025-09-30,False,False
2025-09-30 13:00:00+00:00,46557.6,46671.5,46388.1,46493.6,137907,4,0.75,2.600000000000364,True,2025-09-30 14:00:00,14.0,2025-09-30,False,False
2025-09-30 17:00:00+00:00,46493.1,46717.6,46425.1,46599.6,78016,4,0.75,3.4499999999989086,True,2025-09-30 18:00:00,18.0,2025-09-30,True,False
2025-09-30 22:00:00+00:00,46625.5,46671.1,46556.6,46565.1,9480,3,0.0,6.0,True,2025-09-30 23:00:00,23.0,2025-09-30,False,False
2025-10-01 01:00:00+00:00,46565.6,46569.6,46484.6,46505.5,8309,4,0.0,6.0,True,2025-10-01 02:00:00,2.0,2025-10-01,False,False
2025-10-01 05:00:00+00:00,46505.1,46511.5,46335.6,46430.1,25833,4,0.0,4.125,True,2025-10-01 06:00:00,6.0,2025-10-01,False,False
2025-10-01 09:00:00+00:00,46429.5,46584.6,46423.1,46575.1,25413,4,0.0,3.5,True,2025-10-01 10:00:00,10.0,2025-10-01,False,False
2025-10-01 13:00:00+00:00,46575.5,46816.1,46532.1,46645.6,117664,4,0.75,2.600000000000364,True,2025-10-01 14:00:00,14.0,2025-10-01,False,False
2025-10-01 17:00:00+00:00,46646.1,46798.6,46631.6,46696.1,50013,4,0.75,3.4499999999989086,True,2025-10-01 18:00:00,18.0,2025-10-01,True,False
2025-10-01 22:00:00+00:00,46710.5,46751.1,46680.1,46736.1,5387,3,0.0,6.0,True,2025-10-01 23:00:00,23.0,2025-10-01,False,False
2025-10-02 01:00:00+00:00,46736.5,46767.6,46687.6,46723.1,7759,4,0.0,6.0,True,2025-10-02 02:00:00,2.0,2025-10-02,False,False
2025-10-02 05:00:00+00:00,46722.6,46743.1,46681.1,46718.1,17522,4,0.0,4.125,True,2025-10-02 06:00:00,6.0,2025-10-02,False,False
2025-10-02 09:00:00+00:00,46717.6,46725.6,46658.6,46683.1,11949,4,0.0,3.5,True,2025-10-02 10:00:00,10.0,2025-10-02,False,False
2025-10-02 13:00:00+00:00,46682.5,46858.1,46544.1,46699.6,132086,4,0.75,2.600000000000364,True,2025-10-02 14:00:00,14.0,2025-10-02,False,False
2025-10-02 17:00:00+00:00,46699.1,46868.5,46665.1,46800.6,42130,4,0.75,3.4499999999989086,True,2025-10-02 18:00:00,18.0,2025-10-02,True,False
2025-10-02 22:00:00+00:00,46799.5,46837.1,46761.6,46825.5,4286,3,0.0,6.0,True,2025-10-02 23:00:00,23.0,2025-10-02,False,False
2025-10-03 01:00:00+00:00,46825.1,46902.6,46817.1,46900.1,4656,4,0.0,6.0,True,2025-10-03 02:00:00,2.0,2025-10-03,False,False
2025-10-03 05:00:00+00:00,46899.1,46931.6,46862.1,46900.6,8677,4,0.0,4.125,True,2025-10-03 06:00:00,6.0,2025-10-03,False,False
2025-10-03 09:00:00+00:00,46901.6,46951.1,46836.1,46860.1,10550,4,0.0,3.5,True,2025-10-03 10:00:00,10.0,2025-10-03,False,False
2025-10-03 13:00:00+00:00,46860.5,47323.6,46827.5,47307.1,101412,4,0.75,2.600000000000364,True,2025-10-03 14:00:00,14.0,2025-10-03,False,False
2025-10-03 17:00:00+00:00,47307.6,47308.1,47013.1,47040.1,104275,4,0.75,3.4499999999989086,True,2025-10-03 18:00:00,18.0,2025-10-03,True,False
2025-10-05 22:00:00+00:00,47080.5,47158.6,47057.5,47079.6,9118,3,0.0,6.0,True,2025-10-05 23:00:00,23.0,2025-10-05,False,False
2025-10-06 01:00:00+00:00,47080.1,47163.1,47062.1,47152.6,5568,4,0.0,6.0,True,2025-10-06 02:00:00,2.0,2025-10-06,False,False
2025-10-06 05:00:00+00:00,47151.1,47154.1,47048.1,47086.5,17905,4,0.0,4.125,True,2025-10-06 06:00:00,6.0,2025-10-06,False,False
2025-10-06 09:00:00+00:00,47087.1,47148.6,47081.1,47103.1,14226,4,0.0,3.5,True,2025-10-06 10:00:00,10.0,2025-10-06,False,False
2025-10-06 13:00:00+00:00,47102.1,47154.1,46693.1,46910.6,109684,4,0.75,2.599999999998545,True,2025-10-06 14:00:00,14.0,2025-10-06,False,False
2025-10-06 17:00:00+00:00,46911.1,47016.1,46885.6,46963.1,43782,4,0.75,3.4499999999989086,True,2025-10-06 18:00:00,18.0,2025-10-06,True,False
2025-10-06 22:00:00+00:00,46958.0,46978.0,46866.1,46891.1,6846,3,0.0,6.0,True,2025-10-06 23:00:00,23.0,2025-10-06,False,False
2025-10-07 01:00:00+00:00,46890.6,46904.1,46850.6,46892.1,5109,4,0.0,6.0,True,2025-10-07 02:00:00,2.0,2025-10-07,False,False
2025-10-07 05:00:00+00:00,46891.6,46894.6,46808.5,46871.1,12798,4,0.0,4.125,True,2025-10-07 06:00:00,6.0,2025-10-07,False,False
2025-10-07 09:00:00+00:00,46870.6,47034.6,46867.1,47031.1,11389,4,0.0,3.5,True,2025-10-07 10:00:00,10.0,2025-10-07,False,False
2025-10-07 13:00:00+00:00,47030.1,47136.1,46700.6,46777.1,157494,4,0.75,2.599999999998545,True,2025-10-07 14:00:00,14.0,2025-10-07,False,False
2025-10-07 17:00:00+00:00,46777.6,46893.6,46734.1,46882.1,65809,4,0.75,3.4499999999989086,True,2025-10-07 18:00:00,18.0,2025-10-07,True,False
2025-10-07 22:00:00+00:00,46888.0,46901.5,46819.1,46867.1,5691,3,0.0,6.0,True,2025-10-07 23:00:00,23.0,2025-10-07,False,False
2025-10-08 01:00:00+00:00,46866.6,46916.1,46866.6,46895.6,6554,4,0.0,6.0,True,2025-10-08 02:00:00,2.0,2025-10-08,False,False
2025-10-08 05:00:00+00:00,46896.1,46945.6,46848.1,46914.1,13431,4,0.0,4.125,True,2025-10-08 06:00:00,6.0,2025-10-08,False,False
2025-10-08 09:00:00+00:00,46914.6,46984.1,46882.1,46978.6,12101,4,0.0,3.5,True,2025-10-08 10:00:00,10.0,2025-10-08,False,False
2025-10-08 13:00:00+00:00,46979.1,47081.6,46752.1,47008.1,88524,4,0.75,2.599999999998545,True,2025-10-08 14:00:00,14.0,2025-10-08,False,False
2025-10-08 17:00:00+00:00,47008.5,47022.6,46851.1,46875.1,43258,4,0.75,3.4500000000007276,True,2025-10-08 18:00:00,18.0,2025-10-08,True,False
2025-10-08 22:00:00+00:00,46877.0,46930.5,46871.6,46903.1,4460,3,0.0,6.0,True,2025-10-08 23:00:00,23.0,2025-10-08,False,False
2025-10-09 01:00:00+00:00,46902.5,46912.1,46791.1,46848.1,7768,4,0.0,6.0,True,2025-10-09 02:00:00,2.0,2025-10-09,False,False
2025-10-09 05:00:00+00:00,46849.1,46894.1,46839.1,46865.1,12770,4,0.0,4.125,True,2025-10-09 06:00:00,6.0,2025-10-09,False,False
2025-10-09 09:00:00+00:00,46864.6,46904.5,46837.6,46863.6,9482,4,0.0,3.5,True,2025-10-09 10:00:00,10.0,2025-10-09,False,False
2025-10-09 13:00:00+00:00,46864.1,46936.1,46576.6,46585.6,132935,4,0.75,2.599999999998545,True,2025-10-09 14:00:00,14.0,2025-10-09,False,False
2025-10-09 17:00:00+00:00,46586.1,46632.1,46507.1,46610.5,71383,4,0.75,3.4499999999989086,True,2025-10-09 18:00:00,18.0,2025-10-09,True,False
2025-10-09 22:00:00+00:00,46612.0,46672.1,46606.5,46660.1,4819,3,0.0,6.0,True,2025-10-09 23:00:00,23.0,2025-10-09,False,False
2025-10-10 01:00:00+00:00,46661.1,46672.1,46616.1,46623.6,4762,4,0.0,6.0,True,2025-10-10 02:00:00,2.0,2025-10-10,False,False
2025-10-10 05:00:00+00:00,46623.1,46682.1,46595.1,46647.1,15907,4,0.0,4.125,True,2025-10-10 06:00:00,6.0,2025-10-10,False,False
2025-10-10 09:00:00+00:00,46647.6,46685.1,46590.6,46660.1,13694,4,0.0,3.5,True,2025-10-10 10:00:00,10.0,2025-10-10,False,False
2025-10-10 13:00:00+00:00,46660.6,46883.1,45978.5,46010.1,354182,4,0.75,2.600000000002183,True,2025-10-10 14:00:00,14.0,2025-10-10,False,False
2025-10-10 17:00:00+00:00,46010.5,46105.6,45654.1,45768.1,201430,4,0.75,3.4500000000007276,True,2025-10-10 18:00:00,18.0,2025-10-10,True,False
2025-10-12 22:00:00+00:00,46107.0,46143.0,45964.5,46081.1,29608,3,0.0,6.0,True,2025-10-12 23:00:00,23.0,2025-10-12,False,False
2025-10-13 01:00:00+00:00,46081.5,46138.6,46033.1,46107.1,18408,4,0.0,6.0,True,2025-10-13 02:00:00,2.0,2025-10-13,False,False
2025-10-13 05:00:00+00:00,46107.5,46262.5,46079.1,46167.1,28930,4,0.0,4.125,True,2025-10-13 06:00:00,6.0,2025-10-13,False,False
2025-10-13 09:00:00+00:00,46166.5,46191.5,45996.1,46102.1,38333,4,0.0,3.5,True,2025-10-13 10:00:00,10.0,2025-10-13,False,False
2025-10-13 13:00:00+00:00,46101.5,46364.6,46018.1,46358.1,196141,4,0.75,2.600000000000364,True,2025-10-13 14:00:00,14.0,2025-10-13,False,False
2025-10-13 17:00:00+00:00,46358.5,46385.1,46189.1,46290.5,66236,4,0.75,3.4499999999989086,True,2025-10-13 18:00:00,18.0,2025-10-13,True,False
2025-10-13 22:00:00+00:00,46306.0,46468.1,46291.1,46426.1,14014,3,0.0,6.0,True,2025-10-13 23:00:00,23.0,2025-10-13,False,False
2025-10-14 01:00:00+00:00,46425.5,46427.5,46175.1,46225.1,33899,4,0.0,6.0,True,2025-10-14 02:00:00,2.0,2025-10-14,False,False
2025-10-14 05:00:00+00:00,46226.1,46229.1,45922.1,46097.5,70796,4,0.0,4.125,True,2025-10-14 06:00:00,6.0,2025-10-14,False,False
2025-10-14 09:00:00+00:00,46098.0,46131.1,45799.5,45911.1,55501,4,0.0,3.5,True,2025-10-14 10:00:00,10.0,2025-10-14,False,False
2025-10-14 13:00:00+00:00,45910.5,46657.1,45662.1,46585.1,217236,4,0.75,2.600000000000364,True,2025-10-14 14:00:00,14.0,2025-10-14,False,False
2025-10-14 17:00:00+00:00,46584.6,46743.1,46394.5,46477.0,115439,4,0.75,3.4499999999989086,True,2025-10-14 18:00:00,18.0,2025-10-14,True,False
2025-10-14 22:00:00+00:00,46472.0,46574.1,46472.0,46553.1,14974,3,0.0,6.0,True,2025-10-14 23:00:00,23.0,2025-10-14,False,False
2025-10-15 01:00:00+00:00,46552.1,46603.5,46512.1,46597.1,14181,4,0.0,6.0,True,2025-10-15 02:00:00,2.0,2025-10-15,False,False
2025-10-15 05:00:00+00:00,46598.1,46672.5,46576.1,46635.1,22937,4,0.0,4.125,True,2025-10-15 06:00:00,6.0,2025-10-15,False,False
2025-10-15 09:00:00+00:00,46634.5,46762.6,46631.5,46731.1,19876,4,0.0,3.5,True,2025-10-15 10:00:00,10.0,2025-10-15,False,False
2025-10-15 13:00:00+00:00,46731.6,46915.5,46507.6,46527.1,187785,4,0.75,2.599999999998545,True,2025-10-15 14:00:00,14.0,2025-10-15,False,False
2025-10-15 17:00:00+00:00,46527.5,46568.1,46235.6,46479.1,156749,4,0.75,3.4499999999989086,True,2025-10-15 18:00:00,18.0,2025-10-15,True,False
2025-10-15 22:00:00+00:00,46538.5,46598.6,46470.1,46502.5,14760,3,0.0,6.0,True,2025-10-15 23:00:00,23.0,2025-10-15,False,False
2025-10-16 01:00:00+00:00,46502.1,46537.5,46464.1,46496.1,14093,4,0.0,6.0,True,2025-10-16 02:00:00,2.0,2025-10-16,False,False
2025-10-16 05:00:00+00:00,46496.6,46621.1,46473.6,46579.1,25785,4,0.0,4.125,True,2025-10-16 06:00:00,6.0,2025-10-16,False,False
2025-10-16 09:00:00+00:00,46578.6,46703.5,46510.6,46588.1,18370,4,0.0,3.5,True,2025-10-16 10:00:00,10.0,2025-10-16,False,False
2025-10-16 13:00:00+00:00,46588.5,46638.6,46097.1,46353.1,290216,4,0.75,2.600000000000364,True,2025-10-16 14:00:00,14.0,2025-10-16,False,False
2025-10-16 17:00:00+00:00,46352.5,46417.6,45984.1,46119.5,231712,4,0.75,3.4500000000007276,True,2025-10-16 18:00:00,18.0,2025-10-16,True,False
2025-10-16 22:00:00+00:00,46125.0,46175.0,46026.6,46064.1,21898,3,0.0,6.0,True,2025-10-16 23:00:00,23.0,2025-10-16,False,False
2025-10-17 01:00:00+00:00,46064.6,46124.6,45993.1,46002.1,24569,4,0.0,6.0,True,2025-10-17 02:00:00,2.0,2025-10-17,False,False
2025-10-17 05:00:00+00:00,46004.1,46006.6,45606.1,45755.1,78994,4,0.0,4.125,True,2025-10-17 06:00:00,6.0,2025-10-17,False,False
2025-10-17 09:00:00+00:00,45754.1,46269.6,45747.1,46184.1,80668,4,0.0,3.5,True,2025-10-17 10:00:00,10.0,2025-10-17,False,False
2025-10-17 13:00:00+00:00,46183.6,46418.1,46095.6,46278.6,276014,4,0.75,2.599999999998545,True,2025-10-17 14:00:00,14.0,2025-10-17,False,False
2025-10-17 17:00:00+00:00,46279.1,46518.1,46203.1,46425.6,94362,4,0.75,3.4499999999989086,True,2025-10-17 18:00:00,18.0,2025-10-17,True,False
2025-10-19 22:00:00+00:00,46490.5,46491.0,46315.1,46435.6,15133,3,0.0,6.0,True,2025-10-19 23:00:00,23.0,2025-10-19,False,False
2025-10-20 01:00:00+00:00,46436.1,46510.1,46411.1,46508.6,13550,4,0.0,6.0,True,2025-10-20 02:00:00,2.0,2025-10-20,False,False
2025-10-20 05:00:00+00:00,46508.1,46582.6,46455.6,46475.1,21273,4,0.0,4.125,True,2025-10-20 06:00:00,6.0,2025-10-20,False,False
2025-10-20 09:00:00+00:00,46474.6,46548.1,46416.1,46547.1,20304,4,0.0,3.5,True,2025-10-20 10:00:00,10.0,2025-10-20,False,False
2025-10-20 13:00:00+00:00,46546.6,46840.1,46523.6,46836.1,131739,4,0.75,2.599999999998545,True,2025-10-20 14:00:00,14.0,2025-10-20,False,False
2025-10-20 17:00:00+00:00,46836.6,46962.1,46835.1,46958.6,45003,4,0.75,3.4499999999989086,True,2025-10-20 18:00:00,18.0,2025-10-20,True,False
2025-10-20 22:00:00+00:00,46956.5,46963.6,46912.6,46946.1,6894,3,0.0,6.0,True,2025-10-20 23:00:00,23.0,2025-10-20,False,False
2025-10-21 01:00:00+00:00,46945.6,46963.1,46881.6,46897.1,10015,4,0.0,6.0,True,2025-10-21 02:00:00,2.0,2025-10-21,False,False
2025-10-21 05:00:00+00:00,46897.6,46910.6,46812.6,46816.6,17525,4,0.0,4.125,True,2025-10-21 06:00:00,6.0,2025-10-21,False,False
2025-10-21 09:00:00+00:00,46817.1,46949.6,46816.1,46910.1,14651,4,0.0,3.5,True,2025-10-21 10:00:00,10.0,2025-10-21,False,False
2025-10-21 13:00:00+00:00,46909.6,47334.6,46874.1,47179.1,156371,4,0.75,2.599999999998545,True,2025-10-21 14:00:00,14.0,2025-10-21,False,False
2025-10-21 17:00:00+00:00,47179.6,47253.1,47115.6,47156.1,74237,4,0.75,3.4499999999989086,True,2025-10-21 18:00:00,18.0,2025-10-21,True,False
2025-10-21 22:00:00+00:00,47123.0,47161.1,47093.1,47098.1,9993,3,0.0,6.0,True,2025-10-21 23:00:00,23.0,2025-10-21,False,False
2025-10-22 01:00:00+00:00,47097.6,47196.6,47086.6,47187.1,10187,4,0.0,6.0,True,2025-10-22 02:00:00,2.0,2025-10-22,False,False
2025-10-22 05:00:00+00:00,47186.6,47201.1,47100.1,47123.1,18013,4,0.0,4.125,True,2025-10-22 06:00:00,6.0,2025-10-22,False,False
2025-10-22 09:00:00+00:00,47122.6,47161.1,47081.1,47144.1,19788,4,0.0,3.5,True,2025-10-22 10:00:00,10.0,2025-10-22,False,False
2025-10-22 13:00:00+00:00,47144.6,47148.6,46686.0,46913.1,216857,4,0.75,2.599999999998545,True,2025-10-22 14:00:00,14.0,2025-10-22,False,False
2025-10-22 17:00:00+00:00,46912.6,46927.1,46643.5,46720.1,128984,4,0.75,3.4499999999989086,True,2025-10-22 18:00:00,18.0,2025-10-22,True,False
2025-10-22 22:00:00+00:00,46718.6,46731.6,46601.1,46692.1,13342,3,0.0,6.0,True,2025-10-22 23:00:00,23.0,2025-10-22,False,False
2025-10-23 01:00:00+00:00,46691.1,46782.6,46684.1,46730.1,13457,4,0.0,6.0,True,2025-10-23 02:00:00,2.0,2025-10-23,False,False
2025-10-23 05:00:00+00:00,46730.6,46765.1,46691.1,46712.6,19638,4,0.0,4.125,True,2025-10-23 06:00:00,6.0,2025-10-23,False,False
2025-10-23 09:00:00+00:00,46712.1,46759.6,46644.1,46716.6,25985,4,0.0,3.5,True,2025-10-23 10:00:00,10.0,2025-10-23,False,False
2025-10-23 13:00:00+00:00,46716.1,46922.6,46660.1,46904.1,146044,4,0.75,2.600000000000364,True,2025-10-23 14:00:00,14.0,2025-10-23,False,False
2025-10-23 17:00:00+00:00,46903.6,46992.6,46828.6,46883.1,57423,4,0.75,3.4499999999989086,True,2025-10-23 18:00:00,18.0,2025-10-23,True,False
2025-10-23 22:00:00+00:00,46891.5,46923.1,46882.5,46920.1,5427,3,0.0,6.0,True,2025-10-23 23:00:00,23.0,2025-10-23,False,False
2025-10-24 01:00:00+00:00,46919.6,46978.1,46918.1,46971.6,6345,4,0.0,6.0,True,2025-10-24 02:00:00,2.0,2025-10-24,False,False
2025-10-24 05:00:00+00:00,46972.1,47033.6,46895.6,46934.1,12368,4,0.0,4.125,True,2025-10-24 06:00:00,6.0,2025-10-24,False,False
2025-10-24 09:00:00+00:00,46933.1,47267.6,46931.1,47114.6,19750,4,0.0,3.5,True,2025-10-24 10:00:00,10.0,2025-10-24,False,False
2025-10-24 13:00:00+00:00,47115.1,47508.6,47100.6,47417.1,140561,4,0.75,2.600000000000364,True,2025-10-24 14:00:00,14.0,2025-10-24,False,False
2025-10-24 17:00:00+00:00,47416.6,47498.0,47375.6,47391.6,49554,4,0.75,3.4499999999989086,True,2025-10-24 18:00:00,18.0,2025-10-24,True,False
2025-10-26 22:00:00+00:00,47698.5,47719.5,47620.1,47622.1,12365,4,0.0,6.0,True,2025-10-26 22:00:00,22.0,2025-10-26,False,False
2025-10-27 02:00:00+00:00,47622.6,47697.1,47601.1,47691.6,6696,4,0.0,6.0,True,2025-10-27 02:00:00,2.0,2025-10-27,False,False
2025-10-27 06:00:00+00:00,47692.1,47736.1,47634.1,47667.6,12836,4,0.0,4.125,True,2025-10-27 06:00:00,6.0,2025-10-27,False,False
2025-10-27 10:00:00+00:00,47667.1,47697.1,47547.1,47643.1,42902,4,0.0,3.274999999999636,True,2025-10-27 10:00:00,10.0,2025-10-27,False,False
2025-10-27 14:00:00+00:00,47643.6,47704.1,47553.6,47612.6,72176,4,1.0,2.599999999998545,True,2025-10-27 14:00:00,14.0,2025-10-27,True,False
2025-10-27 18:00:00+00:00,47613.1,47769.6,47588.1,47748.6,27826,3,0.6666666666666666,3.733333333332363,True,2025-10-27 18:00:00,18.0,2025-10-27,True,False
2025-10-27 22:00:00+00:00,47743.5,47761.1,47709.6,47716.1,8582,4,0.0,6.0,True,2025-10-27 22:00:00,22.0,2025-10-27,False,False
2025-10-28 02:00:00+00:00,47717.1,47726.1,47688.6,47700.6,7960,4,0.0,6.0,True,2025-10-28 02:00:00,2.0,2025-10-28,False,False
2025-10-28 06:00:00+00:00,47701.1,47795.1,47685.6,47786.1,11682,4,0.0,4.125,True,2025-10-28 06:00:00,6.0,2025-10-28,False,False
2025-10-28 10:00:00+00:00,47786.6,48089.1,47748.1,47908.5,53201,4,0.0,3.275000000001455,True,2025-10-28 10:00:00,10.0,2025-10-28,False,False
2025-10-28 14:00:00+00:00,47910.0,48114.6,47856.6,48043.1,103935,4,1.0,2.599999999998545,True,2025-10-28 14:00:00,14.0,2025-10-28,True,False
2025-10-28 18:00:00+00:00,48044.1,48118.1,47827.1,47881.1,46134,3,0.6666666666666666,3.733333333332363,True,2025-10-28 18:00:00,18.0,2025-10-28,True,False
2025-10-28 22:00:00+00:00,47868.0,47898.1,47812.1,47814.1,8996,4,0.0,6.0,True,2025-10-28 22:00:00,22.0,2025-10-28,False,False
2025-10-29 02:00:00+00:00,47814.6,47862.6,47813.1,47845.1,6899,4,0.0,6.0,True,2025-10-29 02:00:00,2.0,2025-10-29,False,False
2025-10-29 06:00:00+00:00,47845.6,47889.6,47736.6,47783.1,12919,4,0.0,4.125,True,2025-10-29 06:00:00,6.0,2025-10-29,False,False
2025-10-29 10:00:00+00:00,47782.6,48213.1,47773.1,48170.1,49266,4,0.0,3.274999999999636,True,2025-10-29 10:00:00,10.0,2025-10-29,False,False
2025-10-29 14:00:00+00:00,48171.0,48188.1,47982.6,47997.0,94023,4,1.0,2.600000000000364,True,2025-10-29 14:00:00,14.0,2025-10-29,True,False
2025-10-29 18:00:00+00:00,47996.5,48046.5,47615.6,47764.5,168430,3,0.6666666666666666,3.733333333332363,True,2025-10-29 18:00:00,18.0,2025-10-29,True,False
2025-10-29 22:00:00+00:00,47715.0,47877.1,47684.0,47848.6,21437,4,0.0,6.0,True,2025-10-29 22:00:00,22.0,2025-10-29,False,False
2025-10-30 02:00:00+00:00,47849.1,47928.1,47650.1,47792.6,47381,4,0.0,6.0,True,2025-10-30 02:00:00,2.0,2025-10-30,False,False
2025-10-30 06:00:00+00:00,47793.1,47831.1,47598.1,47617.6,35572,4,0.0,4.125,True,2025-10-30 06:00:00,6.0,2025-10-30,False,False
2025-10-30 10:00:00+00:00,47618.1,48030.6,47550.1,47999.1,98091,4,0.0,3.274999999999636,True,2025-10-30 10:00:00,10.0,2025-10-30,False,False
2025-10-30 14:00:00+00:00,47998.6,48180.6,47879.1,47956.1,204002,4,1.0,2.599999999998545,True,2025-10-30 14:00:00,14.0,2025-10-30,True,False
2025-10-30 18:00:00+00:00,47956.6,47963.1,47644.1,47737.6,97436,3,0.6666666666666666,3.733333333332363,True,2025-10-30 18:00:00,18.0,2025-10-30,True,False
2025-10-30 22:00:00+00:00,47774.1,47777.1,47670.6,47746.1,15667,4,0.0,6.0,True,2025-10-30 22:00:00,22.0,2025-10-30,False,False
2025-10-31 02:00:00+00:00,47747.1,47754.1,47655.1,47677.1,11163,4,0.0,6.0,True,2025-10-31 02:00:00,2.0,2025-10-31,False,False
2025-10-31 06:00:00+00:00,47676.6,47742.6,47674.6,47678.6,15852,4,0.0,4.125,True,2025-10-31 06:00:00,6.0,2025-10-31,False,False
2025-10-31 10:00:00+00:00,47678.1,47808.1,47620.1,47737.1,62709,4,0.0,3.274999999999636,True,2025-10-31 10:00:00,10.0,2025-10-31,False,False
2025-10-31 14:00:00+00:00,47736.1,47815.1,47487.6,47587.1,172423,4,1.0,2.599999999998545,True,2025-10-31 14:00:00,14.0,2025-10-31,True,False
2025-10-31 18:00:00+00:00,47587.6,47862.1,47582.6,47674.1,68942,3,0.6666666666666666,3.733333333332363,True,2025-10-31 18:00:00,18.0,2025-10-31,True,False
2025-11-02 23:00:00+00:00,47753.9,47869.1,47753.9,47812.1,8404,3,0.0,6.0,True,2025-11-02 23:00:00,23.0,2025-11-02,False,False
2025-11-03 02:00:00+00:00,47811.6,47832.1,47743.6,47765.1,11073,4,0.0,6.0,True,2025-11-03 02:00:00,2.0,2025-11-03,False,False
2025-11-03 06:00:00+00:00,47766.1,47823.1,47688.6,47764.1,18579,4,0.0,4.125,True,2025-11-03 06:00:00,6.0,2025-11-03,False,False
2025-11-03 10:00:00+00:00,47764.6,47780.6,47652.1,47695.6,15221,4,0.0,3.5,True,2025-11-03 10:00:00,10.0,2025-11-03,False,False
2025-11-03 14:00:00+00:00,47696.1,47771.6,47263.6,47498.1,160246,4,0.75,2.600000000000364,True,2025-11-03 14:00:00,14.0,2025-11-03,False,False
2025-11-03 18:00:00+00:00,47498.6,47545.1,47424.1,47452.6,61045,4,0.75,3.4499999999989086,True,2025-11-03 18:00:00,18.0,2025-11-03,True,False
2025-11-03 23:00:00+00:00,47457.5,47463.0,47371.6,47397.1,10364,3,0.0,6.0,True,2025-11-03 23:00:00,23.0,2025-11-03,False,False
2025-11-04 02:00:00+00:00,47396.6,47402.6,47210.6,47230.6,22818,4,0.0,6.0,True,2025-11-04 02:00:00,2.0,2025-11-04,False,False
2025-11-04 06:00:00+00:00,47232.6,47249.1,46998.6,47004.1,47424,4,0.0,4.125,True,2025-11-04 06:00:00,6.0,2025-11-04,False,False
2025-11-04 10:00:00+00:00,47003.1,47223.1,46975.6,47207.1,30291,4,0.0,3.5,True,2025-11-04 10:00:00,10.0,2025-11-04,False,False
2025-11-04 14:00:00+00:00,47206.6,47403.1,47009.1,47182.1,181139,4,0.75,2.599999999998545,True,2025-11-04 14:00:00,14.0,2025-11-04,False,False
2025-11-04 18:00:00+00:00,47181.6,47323.1,47105.6,47296.1,120613,4,0.75,3.4499999999989086,True,2025-11-04 18:00:00,18.0,2025-11-04,True,False
2025-11-04 23:00:00+00:00,47313.1,47334.5,47072.1,47092.1,36258,3,0.0,6.0,True,2025-11-04 23:00:00,23.0,2025-11-04,False,False
2025-11-05 02:00:00+00:00,47092.6,47286.6,47080.6,47249.1,43791,4,0.0,6.0,True,2025-11-05 02:00:00,2.0,2025-11-05,False,False
2025-11-05 06:00:00+00:00,47248.6,47310.1,47210.6,47232.1,30030,4,0.0,4.125,True,2025-11-05 06:00:00,6.0,2025-11-05,False,False
2025-11-05 10:00:00+00:00,47231.6,47269.0,47142.1,47257.1,29789,4,0.0,3.5,True,2025-11-05 10:00:00,10.0,2025-11-05,False,False
2025-11-05 14:00:00+00:00,47257.6,47582.6,47161.6,47498.6,178467,4,0.75,2.600000000000364,True,2025-11-05 14:00:00,14.0,2025-11-05,False,False
2025-11-05 18:00:00+00:00,47499.1,47560.1,47413.1,47465.6,63834,4,0.75,3.4499999999989086,True,2025-11-05 18:00:00,18.0,2025-11-05,True,False
2025-11-05 23:00:00+00:00,47449.5,47493.6,47359.6,47391.1,19674,3,0.0,6.0,True,2025-11-05 23:00:00,23.0,2025-11-05,False,False
2025-11-06 02:00:00+00:00,47390.6,47436.6,47352.1,47391.1,15210,4,0.0,6.0,True,2025-11-06 02:00:00,2.0,2025-11-06,False,False
2025-11-06 06:00:00+00:00,47389.1,47429.6,47307.6,47407.6,22889,4,0.0,4.125,True,2025-11-06 06:00:00,6.0,2025-11-06,False,False
2025-11-06 10:00:00+00:00,47408.1,47496.1,47399.1,47435.1,16747,4,0.0,3.5,True,2025-11-06 10:00:00,10.0,2025-11-06,False,False
2025-11-06 14:00:00+00:00,47434.6,47463.1,46894.1,47005.1,261168,4,0.75,2.599999999998545,True,2025-11-06 14:00:00,14.0,2025-11-06,False,False
2025-11-06 18:00:00+00:00,47004.6,47206.1,46901.1,47096.6,143439,4,0.75,3.4499999999989086,True,2025-11-06 18:00:00,18.0,2025-11-06,True,False
2025-11-06 23:00:00+00:00,47114.5,47159.6,47012.1,47072.1,24103,3,0.0,6.0,True,2025-11-06 23:00:00,23.0,2025-11-06,False,False
2025-11-07 02:00:00+00:00,47073.1,47119.5,46974.1,47114.6,26822,4,0.0,6.0,True,2025-11-07 02:00:00,2.0,2025-11-07,False,False
2025-11-07 06:00:00+00:00,47115.1,47144.1,47022.1,47043.1,27242,4,0.0,4.125,True,2025-11-07 06:00:00,6.0,2025-11-07,False,False
2025-11-07 10:00:00+00:00,47043.6,47061.1,46833.6,46909.1,50902,4,0.0,3.5,True,2025-11-07 10:00:00,10.0,2025-11-07,False,False
2025-11-07 14:00:00+00:00,46909.6,46976.1,46582.0,46752.1,261646,4,0.75,2.600000000000364,True,2025-11-07 14:00:00,14.0,2025-11-07,False,False
2025-11-07 18:00:00+00:00,46752.6,47151.6,46735.6,47119.6,145714,4,0.75,3.4499999999989086,True,2025-11-07 18:00:00,18.0,2025-11-07,True,False
2025-11-09 23:00:00+00:00,47263.0,47286.5,47145.1,47184.1,18945,3,0.0,6.0,True,2025-11-09 23:00:00,23.0,2025-11-09,False,False
2025-11-10 02:00:00+00:00,47183.6,47215.1,47144.1,47189.1,13125,4,0.0,6.0,True,2025-11-10 02:00:00,2.0,2025-11-10,False,False
2025-11-10 06:00:00+00:00,47188.6,47301.1,47137.1,47287.1,19730,4,0.0,4.125,True,2025-11-10 06:00:00,6.0,2025-11-10,False,False
2025-11-10 10:00:00+00:00,47288.6,47307.6,47239.6,47274.1,15672,4,0.0,3.5,True,2025-11-10 10:00:00,10.0,2025-11-10,False,False
2025-11-10 14:00:00+00:00,47274.6,47421.6,47031.1,47324.6,154830,4,0.75,2.599999999998545,True,2025-11-10 14:00:00,14.0,2025-11-10,False,False
2025-11-10 18:00:00+00:00,47325.1,47511.1,47315.6,47459.1,50029,4,0.75,3.4499999999989086,True,2025-11-10 18:00:00,18.0,2025-11-10,True,False
2025-11-10 23:00:00+00:00,47462.0,47518.1,47446.1,47470.1,14123,3,0.0,6.0,True,2025-11-10 23:00:00,23.0,2025-11-10,False,False
2025-11-11 02:00:00+00:00,47469.6,47506.6,47452.6,47465.1,15810,4,0.0,6.0,True,2025-11-11 02:00:00,2.0,2025-11-11,False,False
2025-11-11 06:00:00+00:00,47465.6,47492.6,47413.1,47432.6,17936,4,0.0,4.125,True,2025-11-11 06:00:00,6.0,2025-11-11,False,False
2025-11-11 10:00:00+00:00,47432.1,47508.1,47425.6,47488.1,14440,4,0.0,3.5,True,2025-11-11 10:00:00,10.0,2025-11-11,False,False
2025-11-11 14:00:00+00:00,47489.1,47929.6,47474.1,47924.1,138234,4,0.75,2.599999999998545,True,2025-11-11 14:00:00,14.0,2025-11-11,False,False
2025-11-11 18:00:00+00:00,47923.6,48082.6,47921.1,48047.6,68256,4,0.75,3.4499999999989086,True,2025-11-11 18:00:00,18.0,2025-11-11,True,False
2025-11-11 23:00:00+00:00,48024.0,48074.1,48018.6,48070.1,11023,3,0.0,6.0,True,2025-11-11 23:00:00,23.0,2025-11-11,False,False
2025-11-12 02:00:00+00:00,48070.6,48091.1,48039.1,48078.1,10923,4,0.0,6.0,True,2025-11-12 02:00:00,2.0,2025-11-12,False,False
2025-11-12 06:00:00+00:00,48077.1,48121.6,48066.6,48108.1,12221,4,0.0,4.125,True,2025-11-12 06:00:00,6.0,2025-11-12,False,False
2025-11-12 10:00:00+00:00,48108.6,48160.6,48066.6,48144.1,14252,4,0.0,3.5,True,2025-11-12 10:00:00,10.0,2025-11-12,False,False
2025-11-12 14:00:00+00:00,48144.6,48528.6,48128.6,48438.1,165881,4,0.75,2.599999999998545,True,2025-11-12 14:00:00,14.0,2025-11-12,False,False
2025-11-12 18:00:00+00:00,48437.6,48459.1,48337.1,48384.6,81456,4,0.75,3.4499999999989086,True,2025-11-12 18:00:00,18.0,2025-11-12,True,False
2025-11-12 23:00:00+00:00,48394.5,48471.6,48289.5,48442.1,24746,3,0.0,6.0,True,2025-11-12 23:00:00,23.0,2025-11-12,False,False
2025-11-13 02:00:00+00:00,48441.6,48492.1,48414.1,48478.1,13506,4,0.0,6.0,True,2025-11-13 02:00:00,2.0,2025-11-13,False,False
2025-11-13 06:00:00+00:00,48479.1,48502.6,48353.6,48374.6,22717,4,0.0,4.125,True,2025-11-13 06:00:00,6.0,2025-11-13,False,False
2025-11-13 10:00:00+00:00,48374.1,48417.6,48221.1,48272.1,25650,4,0.0,3.5,True,2025-11-13 10:00:00,10.0,2025-11-13,False,False
2025-11-13 14:00:00+00:00,48271.6,48327.6,47834.1,47845.1,257416,4,0.75,2.599999999998545,True,2025-11-13 14:00:00,14.0,2025-11-13,False,False
2025-11-13 18:00:00+00:00,47845.6,47884.1,47499.1,47588.1,184310,4,0.75,3.4499999999989086,True,2025-11-13 18:00:00,18.0,2025-11-13,True,False
2025-11-13 23:00:00+00:00,47588.5,47643.6,47588.5,47617.6,19135,3,0.0,6.0,True,2025-11-13 23:00:00,23.0,2025-11-13,False,False
2025-11-14 02:00:00+00:00,47618.1,47629.6,47517.6,47563.1,21455,4,0.0,6.0,True,2025-11-14 02:00:00,2.0,2025-11-14,False,False
2025-11-14 06:00:00+00:00,47562.6,47566.1,47418.1,47451.6,48604,4,0.0,4.125,True,2025-11-14 06:00:00,6.0,2025-11-14,False,False
2025-11-14 10:00:00+00:00,47451.1,47494.1,47151.1,47227.1,56585,4,0.0,3.5,True,2025-11-14 10:00:00,10.0,2025-11-14,False,False
2025-11-14 14:00:00+00:00,47227.6,47460.6,46940.1,47379.6,288256,4,0.75,2.599999999998545,True,2025-11-14 14:00:00,14.0,2025-11-14,False,False
2025-11-14 18:00:00+00:00,47380.1,47411.6,47190.6,47264.1,158597,4,0.75,3.4499999999989086,True,2025-11-14 18:00:00,18.0,2025-11-14,True,False
2025-11-16 23:00:00+00:00,47156.0,47256.1,47101.1,47204.1,21633,3,0.0,6.0,True,2025-11-16 23:00:00,23.0,2025-11-16,False,False
2025-11-17 02:00:00+00:00,47204.6,47291.1,47191.1,47251.1,12845,4,0.0,6.0,True,2025-11-17 02:00:00,2.0,2025-11-17,False,False
2025-11-17 06:00:00+00:00,47250.6,47368.6,47244.1,47295.1,23281,4,0.0,4.125,True,2025-11-17 06:00:00,6.0,2025-11-17,False,False
2025-11-17 10:00:00+00:00,47295.6,47297.6,47106.1,47158.6,38639,4,0.0,3.5,True,2025-11-17 10:00:00,10.0,2025-11-17,False,False
2025-11-17 14:00:00+00:00,47158.1,47289.1,46935.1,47056.1,236634,4,0.75,2.599999999998545,True,2025-11-17 14:00:00,14.0,2025-11-17,False,False
2025-11-17 18:00:00+00:00,47056.6,47063.1,46503.1,46706.6,175641,4,0.75,3.4499999999989086,True,2025-11-17 18:00:00,18.0,2025-11-17,True,False
2025-11-17 23:00:00+00:00,46706.0,46757.1,46641.6,46733.1,26310,3,0.0,6.0,True,2025-11-17 23:00:00,23.0,2025-11-17,False,False
2025-11-18 02:00:00+00:00,46732.6,46755.1,46397.1,46494.6,48015,4,0.0,6.0,True,2025-11-18 02:00:00,2.0,2025-11-18,False,False
2025-11-18 06:00:00+00:00,46495.1,46619.6,46378.6,46559.1,57574,4,0.0,4.125,True,2025-11-18 06:00:00,6.0,2025-11-18,False,False
2025-11-18 10:00:00+00:00,46558.6,46565.1,46245.6,46321.1,49353,4,0.0,3.5,True,2025-11-18 10:00:00,10.0,2025-11-18,False,False
2025-11-18 14:00:00+00:00,46320.6,46402.1,45989.1,46348.6,378955,4,0.75,2.600000000000364,True,2025-11-18 14:00:00,14.0,2025-11-18,False,False
2025-11-18 18:00:00+00:00,46349.1,46449.1,46099.0,46115.5,207065,4,0.75,3.4499999999989086,True,2025-11-18 18:00:00,18.0,2025-11-18,True,False
2025-11-18 23:00:00+00:00,46134.0,46245.6,46116.1,46172.6,38246,3,0.0,6.0,True,2025-11-18 23:00:00,23.0,2025-11-18,False,False
2025-11-19 02:00:00+00:00,46173.1,46256.6,46058.6,46138.1,31271,4,0.0,6.0,True,2025-11-19 02:00:00,2.0,2025-11-19,False,False
2025-11-19 06:00:00+00:00,46139.6,46241.1,46119.1,46240.1,38049,4,0.0,4.125,True,2025-11-19 06:00:00,6.0,2025-11-19,False,False
2025-11-19 10:00:00+00:00,46239.6,46297.1,46205.6,46229.1,30622,4,0.0,3.5,True,2025-11-19 10:00:00,10.0,2025-11-19,False,False
2025-11-19 14:00:00+00:00,46228.6,46376.6,45979.1,46109.1,266611,4,0.75,2.599999999998545,True,2025-11-19 14:00:00,14.0,2025-11-19,False,False
2025-11-19 18:00:00+00:00,46109.6,46310.0,45973.1,46220.1,212001,4,0.75,3.4500000000007276,True,2025-11-19 18:00:00,18.0,2025-11-19,True,False
2025-11-19 23:00:00+00:00,46243.5,46475.6,46220.5,46455.1,21872,3,0.0,6.0,True,2025-11-19 23:00:00,23.0,2025-11-19,False,False
2025-11-20 02:00:00+00:00,46453.6,46533.1,46426.1,46481.1,15837,4,0.0,6.0,True,2025-11-20 02:00:00,2.0,2025-11-20,False,False
2025-11-20 06:00:00+00:00,46481.6,46554.6,46380.1,46404.1,27949,4,0.0,4.125,True,2025-11-20 06:00:00,6.0,2025-11-20,False,False
2025-11-20 10:00:00+00:00,46404.6,46675.1,46378.1,46665.1,42079,4,0.0,3.5,True,2025-11-20 10:00:00,10.0,2025-11-20,False,False
2025-11-20 14:00:00+00:00,46665.6,46936.6,45801.6,45921.6,429519,4,0.75,2.600000000000364,True,2025-11-20 14:00:00,14.0,2025-11-20,False,False
2025-11-20 18:00:00+00:00,45921.1,46221.1,45786.6,45827.5,317206,4,0.75,3.4499999999989086,True,2025-11-20 18:00:00,18.0,2025-11-20,True,False
2025-11-20 23:00:00+00:00,45867.0,46051.1,45777.0,46024.1,37169,3,0.0,6.0,True,2025-11-20 23:00:00,23.0,2025-11-20,False,False
2025-11-21 02:00:00+00:00,46024.6,46094.1,45946.6,45979.1,38225,4,0.0,6.0,True,2025-11-21 02:00:00,2.0,2025-11-21,False,False
2025-11-21 06:00:00+00:00,45980.1,46068.6,45837.6,45975.1,55982,4,0.0,4.125,True,2025-11-21 06:00:00,6.0,2025-11-21,False,False
2025-11-21 10:00:00+00:00,45975.6,46163.1,45824.6,46081.1,96308,4,0.0,3.5,True,2025-11-21 10:00:00,10.0,2025-11-21,False,False
2025-11-21 14:00:00+00:00,46080.6,46565.1,45853.1,46477.6,445564,4,0.75,2.600000000000364,True,2025-11-21 14:00:00,14.0,2025-11-21,False,False
2025-11-21 18:00:00+00:00,46478.1,46655.6,46264.6,46343.6,234800,4,0.75,3.4499999999989086,True,2025-11-21 18:00:00,18.0,2025-11-21,True,False
2025-11-23 23:00:00+00:00,46545.0,46545.0,46377.1,46400.6,16803,3,0.0,6.0,True,2025-11-23 23:00:00,23.0,2025-11-23,False,False
2025-11-24 02:00:00+00:00,46400.1,46485.1,46382.1,46436.1,18869,4,0.0,6.0,True,2025-11-24 02:00:00,2.0,2025-11-24,False,False
2025-11-24 06:00:00+00:00,46436.6,46505.1,46223.1,46314.1,37360,4,0.0,4.125,True,2025-11-24 06:00:00,6.0,2025-11-24,False,False
2025-11-24 10:00:00+00:00,46314.6,46499.1,46254.1,46405.6,44229,4,0.0,3.5,True,2025-11-24 10:00:00,10.0,2025-11-24,False,False
2025-11-24 14:00:00+00:00,46406.1,46654.6,46165.1,46583.1,220614,4,0.75,2.599999999998545,True,2025-11-24 14:00:00,14.0,2025-11-24,False,False
2025-11-24 18:00:00+00:00,46582.6,46643.6,46477.6,46524.6,73916,4,0.75,3.4499999999989086,True,2025-11-24 18:00:00,18.0,2025-11-24,True,False
2025-11-24 23:00:00+00:00,46511.5,46537.1,46438.1,46443.1,12685,3,0.0,6.0,True,2025-11-24 23:00:00,23.0,2025-11-24,False,False
2025-11-25 02:00:00+00:00,46443.6,46497.1,46424.1,46461.1,13061,4,0.0,6.0,True,2025-11-25 02:00:00,2.0,2025-11-25,False,False
2025-11-25 06:00:00+00:00,46461.6,46509.1,46418.1,46442.1,22946,4,0.0,4.125,True,2025-11-25 06:00:00,6.0,2025-11-25,False,False
2025-11-25 10:00:00+00:00,46441.6,46595.6,46416.1,46543.1,38553,4,0.0,3.5,True,2025-11-25 10:00:00,10.0,2025-11-25,False,False
2025-11-25 14:00:00+00:00,46543.6,47099.6,46401.1,47056.1,249105,4,0.75,2.600000000000364,True,2025-11-25 14:00:00,14.0,2025-11-25,False,False
2025-11-25 18:00:00+00:00,47057.1,47250.1,47038.1,47194.1,72921,4,0.75,3.4499999999989086,True,2025-11-25 18:00:00,18.0,2025-11-25,True,False
2025-11-25 23:00:00+00:00,47186.0,47271.6,47173.0,47266.1,10507,3,0.0,6.0,True,2025-11-25 23:00:00,23.0,2025-11-25,False,False
2025-11-26 02:00:00+00:00,47265.6,47289.6,47247.1,47275.6,7648,4,0.0,6.0,True,2025-11-26 02:00:00,2.0,2025-11-26,False,False
2025-11-26 06:00:00+00:00,47275.1,47326.6,47232.1,47263.1,16965,4,0.0,4.125,True,2025-11-26 06:00:00,6.0,2025-11-26,False,False
2025-11-26 10:00:00+00:00,47263.6,47294.6,47175.1,47286.1,25669,4,0.0,3.5,True,2025-11-26 10:00:00,10.0,2025-11-26,False,False
2025-11-26 14:00:00+00:00,47286.6,47631.6,47242.6,47595.1,139550,4,0.75,2.599999999998545,True,2025-11-26 14:00:00,14.0,2025-11-26,False,False
2025-11-26 18:00:00+00:00,47595.6,47620.1,47478.1,47506.1,74032,4,0.75,3.4499999999989086,True,2025-11-26 18:00:00,18.0,2025-11-26,True,False
2025-11-26 23:00:00+00:00,47506.5,47537.1,47469.1,47524.1,7288,3,0.0,6.0,True,2025-11-26 23:00:00,23.0,2025-11-26,False,False
2025-11-27 02:00:00+00:00,47524.6,47530.6,47495.1,47517.6,5399,4,0.0,6.0,True,2025-11-27 02:00:00,2.0,2025-11-27,False,False
2025-11-27 06:00:00+00:00,47518.1,47524.1,47449.1,47450.1,9922,4,0.0,4.125,True,2025-11-27 06:00:00,6.0,2025-11-27,False,False
2025-11-27 10:00:00+00:00,47450.6,47505.1,47442.1,47485.6,8030,4,0.0,3.5,True,2025-11-27 10:00:00,10.0,2025-11-27,False,False
2025-11-27 14:00:00+00:00,47486.1,47519.1,47455.1,47480.1,6600,4,0.75,2.599999999998545,True,2025-11-27 14:00:00,14.0,2025-11-27,False,False
2025-11-27 23:00:00+00:00,47482.0,47577.6,47482.0,47540.5,2531,3,0.0,6.0,True,2025-11-27 23:00:00,23.0,2025-11-27,False,False
2025-11-28 02:00:00+00:00,47540.1,47552.5,47532.0,47542.0,114,1,0.0,6.0,True,2025-11-28 02:00:00,2.0,2025-11-28,False,False
2025-11-28 13:00:00+00:00,47513.0,47591.6,47489.6,47536.5,249,1,0.0,3.5,True,2025-11-28 13:00:00,13.0,2025-11-28,False,False
2025-11-28 14:00:00+00:00,47532.5,47796.1,47513.0,47754.1,54419,4,0.75,2.599999999998545,True,2025-11-28 14:00:00,14.0,2025-11-28,False,False
2025-11-28 18:00:00+00:00,47753.6,47778.6,47727.6,47743.6,4415,1,1.0,2.599999999998545,True,2025-11-28 18:00:00,18.0,2025-11-28,True,False
2025-11-30 23:00:00+00:00,47773.6,47782.6,47542.6,47588.6,24762,3,0.0,6.0,True,2025-11-30 23:00:00,23.0,2025-11-30,False,False
2025-12-01 02:00:00+00:00,47588.1,47595.1,47465.1,47508.1,14689,4,0.0,6.0,True,2025-12-01 02:00:00,2.0,2025-12-01,False,False
2025-12-01 06:00:00+00:00,47507.1,47585.1,47462.1,47510.1,19931,4,0.0,4.125,True,2025-12-01 06:00:00,6.0,2025-12-01,False,False
2025-12-01 10:00:00+00:00,47510.6,47571.6,47496.6,47540.1,22949,4,0.0,3.5,True,2025-12-01 10:00:00,10.0,2025-12-01,False,False
2025-12-01 14:00:00+00:00,47540.6,47721.1,47376.1,47544.1,160343,4,0.75,2.600000000000364,True,2025-12-01 14:00:00,14.0,2025-12-01,False,False
2025-12-01 18:00:00+00:00,47544.6,47618.6,47318.6,47349.1,77151,4,0.75,3.4499999999989086,True,2025-12-01 18:00:00,18.0,2025-12-01,True,False
2025-12-01 23:00:00+00:00,47354.5,47368.6,47314.1,47335.6,10529,3,0.0,6.0,True,2025-12-01 23:00:00,23.0,2025-12-01,False,False
2025-12-02 02:00:00+00:00,47336.1,47354.6,47279.1,47310.1,10114,4,0.0,6.0,True,2025-12-02 02:00:00,2.0,2025-12-02,False,False
2025-12-02 06:00:00+00:00,47309.6,47398.1,47267.6,47385.6,15315,4,0.0,4.125,True,2025-12-02 06:00:00,6.0,2025-12-02,False,False
2025-12-02 10:00:00+00:00,47387.0,47490.6,47359.1,47488.1,13775,4,0.0,3.5,True,2025-12-02 10:00:00,10.0,2025-12-02,False,False
2025-12-02 14:00:00+00:00,47487.6,47668.1,47327.6,47431.1,191723,4,0.75,2.599999999998545,True,2025-12-02 14:00:00,14.0,2025-12-02,False,False
2025-12-02 18:00:00+00:00,47430.1,47657.6,47374.1,47553.1,82719,4,0.75,3.4499999999989086,True,2025-12-02 18:00:00,18.0,2025-12-02,True,False
2025-12-02 23:00:00+00:00,47554.0,47624.1,47533.1,47614.1,8839,3,0.0,6.0,True,2025-12-02 23:00:00,23.0,2025-12-02,False,False
2025-12-03 02:00:00+00:00,47613.6,47671.1,47609.1,47642.1,5428,4,0.0,6.0,True,2025-12-03 02:00:00,2.0,2025-12-03,False,False
2025-12-03 06:00:00+00:00,47641.6,47666.1,47600.6,47637.6,13624,4,0.0,4.125,True,2025-12-03 06:00:00,6.0,2025-12-03,False,False
2025-12-03 10:00:00+00:00,47638.1,47681.0,47587.1,47618.1,14011,4,0.0,3.5,True,2025-12-03 10:00:00,10.0,2025-12-03,False,False
2025-12-03 14:00:00+00:00,47618.6,47916.6,47429.1,47891.1,200845,4,0.75,2.600000000000364,True,2025-12-03 14:00:00,14.0,2025-12-03,False,False
2025-12-03 18:00:00+00:00,47891.6,48079.6,47870.6,48043.6,58104,4,0.75,3.4499999999989086,True,2025-12-03 18:00:00,18.0,2025-12-03,True,False
2025-12-03 23:00:00+00:00,47997.5,48030.1,47976.6,48003.6,6772,3,0.0,6.0,True,2025-12-03 23:00:00,23.0,2025-12-03,False,False
2025-12-04 02:00:00+00:00,48004.1,48022.1,47979.1,48009.1,6130,4,0.0,6.0,True,2025-12-04 02:00:00,2.0,2025-12-04,False,False
2025-12-04 06:00:00+00:00,48009.6,48034.6,47955.1,48019.6,12008,4,0.0,4.125,True,2025-12-04 06:00:00,6.0,2025-12-04,False,False
2025-12-04 10:00:00+00:00,48020.1,48026.1,47955.6,47979.1,13160,4,0.0,3.5,True,2025-12-04 10:00:00,10.0,2025-12-04,False,False
2025-12-04 14:00:00+00:00,47979.6,48131.6,47839.6,47946.6,168621,4,0.75,2.599999999998545,True,2025-12-04 14:00:00,14.0,2025-12-04,False,False
2025-12-04 18:00:00+00:00,47947.1,48008.1,47757.1,47909.1,86526,4,0.75,3.4499999999989086,True,2025-12-04 18:00:00,18.0,2025-12-04,True,False
2025-12-04 23:00:00+00:00,47907.5,47942.6,47879.6,47940.6,7039,3,0.0,6.0,True,2025-12-04 23:00:00,23.0,2025-12-04,False,False
2025-12-05 02:00:00+00:00,47940.1,47974.6,47918.6,47951.1,6489,4,0.0,6.0,True,2025-12-05 02:00:00,2.0,2025-12-05,False,False
2025-12-05 06:00:00+00:00,47950.6,47971.6,47895.1,47899.1,10536,4,0.0,4.125,True,2025-12-05 06:00:00,6.0,2025-12-05,False,False
2025-12-05 10:00:00+00:00,47899.6,47994.0,47817.1,47859.1,14927,4,0.0,3.5,True,2025-12-05 10:00:00,10.0,2025-12-05,False,False
2025-12-05 14:00:00+00:00,47859.6,48183.6,47857.1,48047.1,149219,4,0.75,2.600000000000364,True,2025-12-05 14:00:00,14.0,2025-12-05,False,False
2025-12-05 18:00:00+00:00,48046.6,48107.6,47929.1,48011.1,64141,4,0.75,3.4499999999989086,True,2025-12-05 18:00:00,18.0,2025-12-05,True,False
2025-12-07 23:00:00+00:00,48026.5,48027.0,47953.6,47986.1,8137,3,0.0,6.0,True,2025-12-07 23:00:00,23.0,2025-12-07,False,False
2025-12-08 02:00:00+00:00,47987.1,48029.6,47983.1,48020.1,4493,4,0.0,6.0,True,2025-12-08 02:00:00,2.0,2025-12-08,False,False
2025-12-08 06:00:00+00:00,48021.1,48042.6,47976.1,47993.1,10102,4,0.0,4.125,True,2025-12-08 06:00:00,6.0,2025-12-08,False,False
2025-12-08 10:00:00+00:00,47992.6,48039.1,47976.6,48023.1,11719,4,0.0,3.5,True,2025-12-08 10:00:00,10.0,2025-12-08,False,False
2025-12-08 14:00:00+00:00,48024.1,48061.6,47744.6,47837.1,108379,4,0.75,2.599999999998545,True,2025-12-08 14:00:00,14.0,2025-12-08,False,False
2025-12-08 18:00:00+00:00,47836.6,47845.6,47663.1,47804.6,67765,4,0.75,3.4499999999989086,True,2025-12-08 18:00:00,18.0,2025-12-08,True,False
2025-12-08 23:00:00+00:00,47788.0,47824.6,47763.0,47785.1,8243,3,0.0,6.0,True,2025-12-08 23:00:00,23.0,2025-12-08,False,False
2025-12-09 02:00:00+00:00,47785.6,47818.6,47777.6,47790.6,6459,4,0.0,6.0,True,2025-12-09 02:00:00,2.0,2025-12-09,False,False
2025-12-09 06:00:00+00:00,47791.1,47850.6,47773.6,47813.1,11582,4,0.0,4.125,True,2025-12-09 06:00:00,6.0,2025-12-09,False,False
2025-12-09 10:00:00+00:00,47812.1,47863.6,47719.0,47750.1,21188,4,0.0,3.5,True,2025-12-09 10:00:00,10.0,2025-12-09,False,False
2025-12-09 14:00:00+00:00,47750.6,48004.1,47653.6,47713.1,136849,4,0.75,2.600000000000364,True,2025-12-09 14:00:00,14.0,2025-12-09,False,False
2025-12-09 18:00:00+00:00,47711.6,47730.1,47575.6,47583.1,67224,4,0.75,3.4499999999989086,True,2025-12-09 18:00:00,18.0,2025-12-09,True,False
2025-12-09 23:00:00+00:00,47600.5,47629.6,47576.5,47597.1,5931,3,0.0,6.0,True,2025-12-09 23:00:00,23.0,2025-12-09,False,False
2025-12-10 02:00:00+00:00,47596.6,47653.1,47595.1,47621.6,5355,4,0.0,6.0,True,2025-12-10 02:00:00,2.0,2025-12-10,False,False
2025-12-10 06:00:00+00:00,47621.1,47654.6,47596.1,47618.1,11837,4,0.0,4.125,True,2025-12-10 06:00:00,6.0,2025-12-10,False,False
2025-12-10 10:00:00+00:00,47617.1,47663.1,47523.1,47604.1,20962,4,0.0,3.5,True,2025-12-10 10:00:00,10.0,2025-12-10,False,False
2025-12-10 14:00:00+00:00,47604.6,47869.6,47503.1,47822.1,131791,4,0.75,2.599999999998545,True,2025-12-10 14:00:00,14.0,2025-12-10,False,False
2025-12-10 18:00:00+00:00,47821.6,48246.1,47736.1,48155.6,182798,4,0.75,3.4500000000007276,True,2025-12-10 18:00:00,18.0,2025-12-10,True,False
2025-12-10 23:00:00+00:00,48146.5,48175.0,48087.1,48091.1,6578,3,0.0,6.0,True,2025-12-10 23:00:00,23.0,2025-12-10,False,False
2025-12-11 02:00:00+00:00,48090.6,48091.1,47859.6,47899.6,27220,4,0.0,6.0,True,2025-12-11 02:00:00,2.0,2025-12-11,False,False
2025-12-11 06:00:00+00:00,47899.1,48022.1,47864.6,48020.1,24364,4,0.0,4.125,True,2025-12-11 06:00:00,6.0,2025-12-11,False,False
2025-12-11 10:00:00+00:00,48020.6,48150.1,47980.1,48108.1,20703,4,0.0,3.5,True,2025-12-11 10:00:00,10.0,2025-12-11,False,False
2025-12-11 14:00:00+00:00,48108.6,48771.6,48107.6,48699.1,219270,4,0.75,2.599999999998545,True,2025-12-11 14:00:00,14.0,2025-12-11,False,False
2025-12-11 18:00:00+00:00,48699.6,48825.1,48679.6,48814.6,69835,4,0.75,3.4499999999989086,True,2025-12-11 18:00:00,18.0,2025-12-11,True,False
2025-12-11 23:00:00+00:00,48834.1,48883.0,48772.6,48848.1,8419,3,0.0,6.0,True,2025-12-11 23:00:00,23.0,2025-12-11,False,False
2025-12-12 02:00:00+00:00,48847.6,48878.1,48827.6,48871.1,8120,4,0.0,6.0,True,2025-12-12 02:00:00,2.0,2025-12-12,False,False
2025-12-12 06:00:00+00:00,48871.6,48914.0,48817.1,48849.6,15508,4,0.0,4.125,True,2025-12-12 06:00:00,6.0,2025-12-12,False,False
2025-12-12 10:00:00+00:00,48850.1,48873.6,48791.1,48866.1,18697,4,0.0,3.5,True,2025-12-12 10:00:00,10.0,2025-12-12,False,False
2025-12-12 14:00:00+00:00,48865.6,48912.1,48354.6,48570.1,261253,4,0.75,2.599999999998545,True,2025-12-12 14:00:00,14.0,2025-12-12,False,False
2025-12-12 18:00:00+00:00,48570.6,48631.1,48396.1,48519.1,121595,4,0.75,3.4499999999989086,True,2025-12-12 18:00:00,18.0,2025-12-12,True,False
2025-12-14 23:00:00+00:00,48513.0,48606.1,48449.5,48602.1,6878,3,0.0,6.0,True,2025-12-14 23:00:00,23.0,2025-12-14,False,False
2025-12-15 02:00:00+00:00,48601.6,48648.1,48586.1,48627.6,11997,4,0.0,6.0,True,2025-12-15 02:00:00,2.0,2025-12-15,False,False
2025-12-15 06:00:00+00:00,48627.1,48693.1,48586.6,48686.5,22257,4,0.0,4.125,True,2025-12-15 06:00:00,6.0,2025-12-15,False,False
2025-12-15 10:00:00+00:00,48687.0,48726.6,48667.1,48720.6,16747,4,0.0,3.5,True,2025-12-15 10:00:00,10.0,2025-12-15,False,False
2025-12-15 14:00:00+00:00,48720.1,48744.6,48304.6,48376.6,200846,4,0.75,2.600000000000364,True,2025-12-15 14:00:00,14.0,2025-12-15,False,False
2025-12-15 18:00:00+00:00,48376.1,48495.6,48306.6,48474.1,95008,4,0.75,3.4499999999989086,True,2025-12-15 18:00:00,18.0,2025-12-15,True,False
2025-12-15 23:00:00+00:00,48476.5,48490.6,48288.5,48331.0,16527,3,0.0,6.0,True,2025-12-15 23:00:00,23.0,2025-12-15,False,False
2025-12-16 02:00:00+00:00,48331.5,48360.5,48277.0,48282.5,8336,4,0.0,6.0,True,2025-12-16 02:00:00,2.0,2025-12-16,False,False
2025-12-16 06:00:00+00:00,48282.0,48385.0,48276.5,48309.5,13658,4,0.0,4.125,True,2025-12-16 06:00:00,6.0,2025-12-16,False,False
2025-12-16 10:00:00+00:00,48310.0,48543.0,48297.5,48428.6,28043,4,0.0,3.5,True,2025-12-16 10:00:00,10.0,2025-12-16,False,False
2025-12-16 14:00:00+00:00,48429.1,48485.5,48010.6,48020.1,247336,4,0.75,2.600000000000364,True,2025-12-16 14:00:00,14.0,2025-12-16,False,False
2025-12-16 18:00:00+00:00,48020.6,48248.1,47963.5,48097.0,130518,4,0.75,3.4499999999989086,True,2025-12-16 18:00:00,18.0,2025-12-16,True,False
2025-12-16 23:00:00+00:00,48113.5,48132.1,48019.0,48124.5,13434,3,0.0,6.0,True,2025-12-16 23:00:00,23.0,2025-12-16,False,False
2025-12-17 02:00:00+00:00,48125.0,48128.0,48060.5,48112.1,6465,4,0.0,6.0,True,2025-12-17 02:00:00,2.0,2025-12-17,False,False
2025-12-17 06:00:00+00:00,48111.5,48222.6,48109.0,48211.5,12064,4,0.0,4.125,True,2025-12-17 06:00:00,6.0,2025-12-17,False,False
2025-12-17 10:00:00+00:00,48211.1,48284.1,48194.5,48242.5,25808,4,0.0,3.5,True,2025-12-17 10:00:00,10.0,2025-12-17,False,False
2025-12-17 14:00:00+00:00,48243.5,48404.6,47969.1,48011.6,244928,4,0.75,2.600000000000364,True,2025-12-17 14:00:00,14.0,2025-12-17,False,False
2025-12-17 18:00:00+00:00,48012.6,48074.1,47876.1,47940.5,124067,4,0.75,3.4499999999989086,True,2025-12-17 18:00:00,18.0,2025-12-17,True,False
2025-12-17 23:00:00+00:00,48262.0,48287.0,48207.1,48225.1,22495,3,0.0,6.0,True,2025-12-17 23:00:00,23.0,2025-12-17,False,False
2025-12-18 02:00:00+00:00,48225.6,48277.1,48146.1,48187.1,20285,4,0.0,6.0,True,2025-12-18 02:00:00,2.0,2025-12-18,False,False
2025-12-18 06:00:00+00:00,48186.6,48303.1,48169.1,48301.1,22383,4,0.0,4.125,True,2025-12-18 06:00:00,6.0,2025-12-18,False,False
2025-12-18 10:00:00+00:00,48301.6,48512.6,48290.6,48443.6,29240,4,0.0,3.5,True,2025-12-18 10:00:00,10.0,2025-12-18,False,False
2025-12-18 14:00:00+00:00,48444.1,48728.1,48196.6,48417.1,247623,4,0.75,2.599999999998545,True,2025-12-18 14:00:00,14.0,2025-12-18,False,False
2025-12-18 18:00:00+00:00,48417.6,48542.6,48239.1,48254.1,138176,4,0.75,3.4499999999989086,True,2025-12-18 18:00:00,18.0,2025-12-18,True,False
2025-12-18 23:00:00+00:00,48232.0,48269.1,48205.6,48251.1,13318,3,0.0,6.0,True,2025-12-18 23:00:00,23.0,2025-12-18,False,False
2025-12-19 02:00:00+00:00,48249.6,48260.6,48186.1,48190.1,16276,4,0.0,6.0,True,2025-12-19 02:00:00,2.0,2025-12-19,False,False
2025-12-19 06:00:00+00:00,48191.1,48376.1,48128.1,48374.1,21901,4,0.0,4.125,True,2025-12-19 06:00:00,6.0,2025-12-19,False,False
2025-12-19 10:00:00+00:00,48374.6,48384.1,48262.1,48294.1,22915,4,0.0,3.5,True,2025-12-19 10:00:00,10.0,2025-12-19,False,False
2025-12-19 14:00:00+00:00,48294.6,48633.6,48279.1,48575.1,153398,4,0.75,2.600000000000364,True,2025-12-19 14:00:00,14.0,2025-12-19,False,False
2025-12-19 18:00:00+00:00,48575.6,48621.6,48427.1,48482.1,56020,4,0.75,3.4499999999989086,True,2025-12-19 18:00:00,18.0,2025-12-19,True,False
2025-12-21 23:00:00+00:00,48569.0,48569.6,48501.6,48508.1,6746,3,0.0,6.0,True,2025-12-21 23:00:00,23.0,2025-12-21,False,False
2025-12-22 02:00:00+00:00,48508.6,48525.6,48481.1,48482.6,4919,4,0.0,6.0,True,2025-12-22 02:00:00,2.0,2025-12-22,False,False
2025-12-22 06:00:00+00:00,48483.1,48544.1,48482.1,48508.1,9296,4,0.0,4.125,True,2025-12-22 06:00:00,6.0,2025-12-22,False,False
2025-12-22 10:00:00+00:00,48508.6,48526.1,48458.1,48523.1,11571,4,0.0,3.5,True,2025-12-22 10:00:00,10.0,2025-12-22,False,False
2025-12-22 14:00:00+00:00,48523.6,48787.1,48512.6,48775.1,119391,4,0.75,2.599999999998545,True,2025-12-22 14:00:00,14.0,2025-12-22,False,False
2025-12-22 18:00:00+00:00,48775.6,48777.1,48661.1,48676.6,35383,4,0.75,3.4499999999989086,True,2025-12-22 18:00:00,18.0,2025-12-22,True,False
2025-12-22 23:00:00+00:00,48674.5,48703.1,48670.5,48692.1,4015,3,0.0,6.0,True,2025-12-22 23:00:00,23.0,2025-12-22,False,False
2025-12-23 02:00:00+00:00,48692.6,48712.1,48637.1,48651.1,4452,4,0.0,6.0,True,2025-12-23 02:00:00,2.0,2025-12-23,False,False
2025-12-23 06:00:00+00:00,48651.6,48718.6,48647.6,48716.1,7383,4,0.0,4.125,True,2025-12-23 06:00:00,6.0,2025-12-23,False,False
2025-12-23 10:00:00+00:00,48717.1,48728.6,48577.1,48587.6,12247,4,0.0,3.5,True,2025-12-23 10:00:00,10.0,2025-12-23,False,False
2025-12-23 14:00:00+00:00,48587.1,48797.6,48532.1,48772.1,84610,4,0.75,2.600000000000364,True,2025-12-23 14:00:00,14.0,2025-12-23,False,False
2025-12-23 18:00:00+00:00,48771.1,48853.1,48727.1,48736.6,26390,4,0.75,3.4499999999989086,True,2025-12-23 18:00:00,18.0,2025-12-23,True,False
2025-12-23 23:00:00+00:00,48740.5,48751.6,48725.0,48729.1,4077,3,0.0,6.0,True,2025-12-23 23:00:00,23.0,2025-12-23,False,False
2025-12-24 02:00:00+00:00,48729.6,48737.6,48716.6,48717.1,2948,4,0.0,6.0,True,2025-12-24 02:00:00,2.0,2025-12-24,False,False
2025-12-24 06:00:00+00:00,48716.6,48735.1,48702.1,48730.1,3007,4,0.0,4.125,True,2025-12-24 06:00:00,6.0,2025-12-24,False,False
2025-12-24 10:00:00+00:00,48729.6,48763.1,48710.6,48753.1,4284,4,0.0,3.5,True,2025-12-24 10:00:00,10.0,2025-12-24,False,False
2025-12-24 14:00:00+00:00,48752.6,49085.1,48681.1,49021.1,56948,4,0.75,2.599999999998545,True,2025-12-24 14:00:00,14.0,2025-12-24,False,False
2025-12-24 18:00:00+00:00,49021.6,49050.1,49005.6,49018.0,2611,1,1.0,2.6000000000058208,True,2025-12-24 18:00:00,18.0,2025-12-24,True,False
2025-12-25 23:00:00+00:00,49038.0,49083.0,49015.1,49017.1,4203,3,0.0,6.0,True,2025-12-25 23:00:00,23.0,2025-12-25,False,False
2025-12-26 02:00:00+00:00,49018.1,49037.6,48991.6,49002.1,2902,4,0.0,6.0,True,2025-12-26 02:00:00,2.0,2025-12-26,False,False
2025-12-26 06:00:00+00:00,49002.6,49027.1,48952.6,48977.1,4118,4,0.0,4.125,True,2025-12-26 06:00:00,6.0,2025-12-26,False,False
2025-12-26 10:00:00+00:00,48976.6,48999.6,48917.1,48983.1,5546,4,0.0,3.5,True,2025-12-26 10:00:00,10.0,2025-12-26,False,False
2025-12-26 14:00:00+00:00,48984.1,49068.1,48898.6,48919.1,76023,4,0.75,2.599999999998545,True,2025-12-26 14:00:00,14.0,2025-12-26,False,False
2025-12-26 18:00:00+00:00,48919.6,49022.1,48872.1,49000.1,25038,4,0.75,3.4499999999989086,True,2025-12-26 18:00:00,18.0,2025-12-26,True,False
2025-12-28 23:00:00+00:00,49013.0,49051.6,48998.0,49009.1,5869,3,0.0,6.0,True,2025-12-28 23:00:00,23.0,2025-12-28,False,False
2025-12-29 02:00:00+00:00,49008.6,49025.1,48979.1,48988.1,4637,4,0.0,6.0,True,2025-12-29 02:00:00,2.0,2025-12-29,False,False
2025-12-29 06:00:00+00:00,48987.6,49016.1,48947.1,49005.1,13145,4,0.0,4.125,True,2025-12-29 06:00:00,6.0,2025-12-29,False,False
2025-12-29 10:00:00+00:00,49004.6,49024.1,48873.1,48902.1,11401,4,0.0,3.5,True,2025-12-29 10:00:00,10.0,2025-12-29,False,False
2025-12-29 14:00:00+00:00,48902.6,48987.1,48665.1,48705.1,101827,4,0.75,2.599999999998545,True,2025-12-29 14:00:00,14.0,2025-12-29,False,False
2025-12-29 18:00:00+00:00,48704.6,48841.6,48700.1,48762.1,34975,4,0.75,3.4499999999989086,True,2025-12-29 18:00:00,18.0,2025-12-29,True,False
2025-12-29 23:00:00+00:00,48763.1,48771.0,48734.1,48760.1,4993,3,0.0,6.0,True,2025-12-29 23:00:00,23.0,2025-12-29,False,False
2025-12-30 02:00:00+00:00,48760.6,48767.1,48731.6,48756.1,5113,4,0.0,6.0,True,2025-12-30 02:00:00,2.0,2025-12-30,False,False
2025-12-30 06:00:00+00:00,48755.6,48768.1,48685.6,48752.1,7863,4,0.0,4.125,True,2025-12-30 06:00:00,6.0,2025-12-30,False,False
2025-12-30 10:00:00+00:00,48753.1,48764.1,48706.1,48737.1,8768,4,0.0,3.5,True,2025-12-30 10:00:00,10.0,2025-12-30,False,False
2025-12-30 14:00:00+00:00,48738.1,48763.6,48572.1,48682.6,84948,4,0.75,2.599999999998545,True,2025-12-30 14:00:00,14.0,2025-12-30,False,False
2025-12-30 18:00:00+00:00,48682.1,48714.1,48640.6,48680.1,30354,4,0.75,3.4499999999989086,True,2025-12-30 18:00:00,18.0,2025-12-30,True,False
2025-12-30 23:00:00+00:00,48681.5,48694.1,48583.6,48607.6,5642,3,0.0,6.0,True,2025-12-30 23:00:00,23.0,2025-12-30,False,False
2025-12-31 02:00:00+00:00,48607.1,48649.6,48595.6,48601.6,4838,4,0.0,6.0,True,2025-12-31 02:00:00,2.0,2025-12-31,False,False
2025-12-31 06:00:00+00:00,48602.1,48616.1,48570.1,48577.1,6987,4,0.0,4.125,True,2025-12-31 06:00:00,6.0,2025-12-31,False,False
2025-12-31 10:00:00+00:00,48576.1,48667.1,48562.1,48653.1,7161,4,0.0,3.5,True,2025-12-31 10:00:00,10.0,2025-12-31,False,False
2025-12-31 14:00:00+00:00,48652.6,48676.1,48440.1,48459.1,77126,4,0.75,2.599999999998545,True,2025-12-31 14:00:00,14.0,2025-12-31,False,False
2025-12-31 18:00:00+00:00,48458.6,48573.1,48314.1,48352.6,52965,4,0.75,3.4499999999989086,True,2025-12-31 18:00:00,18.0,2025-12-31,True,False
2026-01-01 23:00:00+00:00,48368.0,48440.6,48359.1,48421.1,6389,3,0.0,6.0,True,2026-01-01 23:00:00,23.0,2026-01-01,False,False
2026-01-02 02:00:00+00:00,48421.6,48475.6,48413.6,48468.1,4608,4,0.0,6.0,True,2026-01-02 02:00:00,2.0,2026-01-02,False,False
2026-01-02 06:00:00+00:00,48467.6,48524.1,48418.1,48521.1,9385,4,0.0,4.125,True,2026-01-02 06:00:00,6.0,2026-01-02,False,False
2026-01-02 10:00:00+00:00,48521.6,48569.1,48464.6,48488.1,10414,4,0.0,3.5,True,2026-01-02 10:00:00,10.0,2026-01-02,False,False
2026-01-02 14:00:00+00:00,48488.6,48523.1,48091.1,48383.1,229802,4,0.75,2.599999999998545,True,2026-01-02 14:00:00,14.0,2026-01-02,False,False
2026-01-02 18:00:00+00:00,48382.6,48652.1,48327.1,48619.1,85842,4,0.75,3.4499999999989086,True,2026-01-02 18:00:00,18.0,2026-01-02,True,False
2026-01-04 23:00:00+00:00,48623.5,48642.5,48573.6,48607.1,15613,3,0.0,6.0,True,2026-01-04 23:00:00,23.0,2026-01-04,False,False
2026-01-05 02:00:00+00:00,48607.6,48645.1,48586.1,48640.1,6392,4,0.0,6.0,True,2026-01-05 02:00:00,2.0,2026-01-05,False,False
2026-01-05 06:00:00+00:00,48639.1,48687.1,48607.1,48632.1,15976,4,0.0,4.125,True,2026-01-05 06:00:00,6.0,2026-01-05,False,False
2026-01-05 10:00:00+00:00,48631.6,48674.6,48557.6,48659.1,14598,4,0.0,3.5,True,2026-01-05 10:00:00,10.0,2026-01-05,False,False
2026-01-05 14:00:00+00:00,48659.6,49423.6,48647.1,49394.1,179384,4,0.75,2.600000000000364,True,2026-01-05 14:00:00,14.0,2026-01-05,False,False
2026-01-05 18:00:00+00:00,49393.6,49463.1,49212.1,49219.1,57073,4,0.75,3.4499999999989086,True,2026-01-05 18:00:00,18.0,2026-01-05,True,False
2026-01-05 23:00:00+00:00,49229.5,49271.1,49202.1,49252.1,7701,3,0.0,6.0,True,2026-01-05 23:00:00,23.0,2026-01-05,False,False
2026-01-06 02:00:00+00:00,49252.6,49269.6,49225.6,49230.1,4668,4,0.0,6.0,True,2026-01-06 02:00:00,2.0,2026-01-06,False,False
2026-01-06 06:00:00+00:00,49229.6,49271.1,49099.1,49103.1,15571,4,0.0,4.125,True,2026-01-06 06:00:00,6.0,2026-01-06,False,False
2026-01-06 10:00:00+00:00,49102.6,49214.1,49096.1,49183.1,13080,4,0.0,3.5,True,2026-01-06 10:00:00,10.0,2026-01-06,False,False
2026-01-06 14:00:00+00:00,49183.6,49669.1,49139.1,49656.1,147608,4,0.75,2.599999999998545,True,2026-01-06 14:00:00,14.0,2026-01-06,False,False
2026-01-06 18:00:00+00:00,49656.6,49766.6,49633.6,49747.1,43036,4,0.75,3.4499999999989086,True,2026-01-06 18:00:00,18.0,2026-01-06,True,False
2026-01-06 23:00:00+00:00,49747.0,49786.6,49728.1,49777.1,6865,3,0.0,6.0,True,2026-01-06 23:00:00,23.0,2026-01-06,False,False
2026-01-07 02:00:00+00:00,49776.1,49808.1,49765.1,49784.6,5191,4,0.0,6.0,True,2026-01-07 02:00:00,2.0,2026-01-07,False,False
2026-01-07 06:00:00+00:00,49785.1,49795.1,49731.6,49743.6,8549,4,0.0,4.125,True,2026-01-07 06:00:00,6.0,2026-01-07,False,False
2026-01-07 10:00:00+00:00,49743.1,49799.1,49719.1,49787.1,11078,4,0.0,3.5,True,2026-01-07 10:00:00,10.0,2026-01-07,False,False
2026-01-07 14:00:00+00:00,49787.6,49875.1,49447.1,49518.1,129906,4,0.75,2.600000000000364,True,2026-01-07 14:00:00,14.0,2026-01-07,False,False
2026-01-07 18:00:00+00:00,49517.6,49517.6,49182.1,49233.1,72394,4,0.75,3.4499999999989086,True,2026-01-07 18:00:00,18.0,2026-01-07,True,False
2026-01-07 23:00:00+00:00,49249.6,49272.6,49228.1,49252.1,5985,3,0.0,6.0,True,2026-01-07 23:00:00,23.0,2026-01-07,False,False
2026-01-08 02:00:00+00:00,49251.6,49264.1,49106.6,49109.1,8422,4,0.0,6.0,True,2026-01-08 02:00:00,2.0,2026-01-08,False,False
2026-01-08 06:00:00+00:00,49109.6,49148.6,49064.1,49096.1,18009,4,0.0,4.125,True,2026-01-08 06:00:00,6.0,2026-01-08,False,False
2026-01-08 10:00:00+00:00,49096.6,49111.1,49032.6,49063.1,15530,4,0.0,3.5,True,2026-01-08 10:00:00,10.0,2026-01-08,False,False
2026-01-08 14:00:00+00:00,49062.6,49586.1,49001.6,49553.1,179783,4,0.75,2.599999999998545,True,2026-01-08 14:00:00,14.0,2026-01-08,False,False
2026-01-08 18:00:00+00:00,49552.6,49602.1,49444.6,49570.1,66155,4,0.75,3.4499999999989086,True,2026-01-08 18:00:00,18.0,2026-01-08,True,False
2026-01-08 23:00:00+00:00,49581.5,49590.1,49474.1,49487.1,7759,3,0.0,6.0,True,2026-01-08 23:00:00,23.0,2026-01-08,False,False
2026-01-09 02:00:00+00:00,49487.6,49513.6,49476.1,49496.1,6915,4,0.0,6.0,True,2026-01-09 02:00:00,2.0,2026-01-09,False,False
2026-01-09 06:00:00+00:00,49495.1,49516.1,49450.6,49514.6,11851,4,0.0,4.125,True,2026-01-09 06:00:00,6.0,2026-01-09,False,False
2026-01-09 10:00:00+00:00,49515.6,49674.6,49478.1,49643.1,17838,4,0.0,3.5,True,2026-01-09 10:00:00,10.0,2026-01-09,False,False
2026-01-09 14:00:00+00:00,49643.6,49793.6,49407.6,49702.1,198267,4,0.75,2.600000000000364,True,2026-01-09 14:00:00,14.0,2026-01-09,False,False
2026-01-09 18:00:00+00:00,49701.1,49774.6,49666.6,49713.6,47809,4,0.75,3.4499999999989086,True,2026-01-09 18:00:00,18.0,2026-01-09,True,False
2026-01-11 23:00:00+00:00,49664.0,49693.6,49511.1,49554.1,20765,3,0.0,6.0,True,2026-01-11 23:00:00,23.0,2026-01-11,False,False
2026-01-12 02:00:00+00:00,49554.6,49555.1,49461.1,49482.1,10474,4,0.0,6.0,True,2026-01-12 02:00:00,2.0,2026-01-12,False,False
2026-01-12 06:00:00+00:00,49482.6,49524.1,49339.1,49381.1,19982,4,0.0,4.125,True,2026-01-12 06:00:00,6.0,2026-01-12,False,False
2026-01-12 10:00:00+00:00,49381.6,49427.1,49291.1,49408.1,14723,4,0.0,3.5,True,2026-01-12 10:00:00,10.0,2026-01-12,False,False
2026-01-12 14:00:00+00:00,49407.6,49713.1,49213.1,49669.6,129425,4,0.75,2.599999999998545,True,2026-01-12 14:00:00,14.0,2026-01-12,False,False
2026-01-12 18:00:00+00:00,49669.1,49855.6,49658.6,49761.1,42615,4,0.75,3.4499999999989086,True,2026-01-12 18:00:00,18.0,2026-01-12,True,False
2026-01-12 23:00:00+00:00,49765.0,49779.1,49727.6,49764.6,7245,3,0.0,6.0,True,2026-01-12 23:00:00,23.0,2026-01-12,False,False
2026-01-13 02:00:00+00:00,49765.1,49802.1,49759.1,49782.1,5523,4,0.0,6.0,True,2026-01-13 02:00:00,2.0,2026-01-13,False,False
2026-01-13 06:00:00+00:00,49781.6,49784.6,49734.1,49748.1,7629,4,0.0,4.125,True,2026-01-13 06:00:00,6.0,2026-01-13,False,False
2026-01-13 10:00:00+00:00,49748.6,49900.6,49674.1,49766.1,23045,4,0.0,3.5,True,2026-01-13 10:00:00,10.0,2026-01-13,False,False
2026-01-13 14:00:00+00:00,49765.6,49823.1,49411.6,49454.6,178637,4,0.75,2.600000000000364,True,2026-01-13 14:00:00,14.0,2026-01-13,False,False
2026-01-13 18:00:00+00:00,49455.1,49516.6,49274.6,49386.1,82425,4,0.75,3.4499999999989086,True,2026-01-13 18:00:00,18.0,2026-01-13,True,False
2026-01-13 23:00:00+00:00,49373.0,49388.6,49304.1,49307.1,7226,3,0.0,6.0,True,2026-01-13 23:00:00,23.0,2026-01-13,False,False
2026-01-14 02:00:00+00:00,49307.6,49339.6,49257.6,49264.1,7538,4,0.0,6.0,True,2026-01-14 02:00:00,2.0,2026-01-14,False,False
2026-01-14 06:00:00+00:00,49264.6,49343.1,49256.6,49332.1,11909,4,0.0,4.125,True,2026-01-14 06:00:00,6.0,2026-01-14,False,False
2026-01-14 10:00:00+00:00,49331.1,49331.1,49209.6,49239.6,26056,4,0.0,3.5,True,2026-01-14 10:00:00,10.0,2026-01-14,False,False
2026-01-14 14:00:00+00:00,49239.1,49400.1,49057.1,49134.1,238469,4,0.75,2.600000000000364,True,2026-01-14 14:00:00,14.0,2026-01-14,False,False
2026-01-14 18:00:00+00:00,49133.6,49387.6,49115.1,49302.6,115460,4,0.75,3.4499999999989086,True,2026-01-14 18:00:00,18.0,2026-01-14,True,False
2026-01-14 23:00:00+00:00,49295.5,49336.6,49253.1,49333.6,12417,3,0.0,6.0,True,2026-01-14 23:00:00,23.0,2026-01-14,False,False
2026-01-15 02:00:00+00:00,49334.1,49368.1,49291.1,49336.1,11558,4,0.0,6.0,True,2026-01-15 02:00:00,2.0,2026-01-15,False,False
2026-01-15 06:00:00+00:00,49334.6,49421.1,49303.1,49400.1,20268,4,0.0,4.125,True,2026-01-15 06:00:00,6.0,2026-01-15,False,False
2026-01-15 10:00:00+00:00,49399.6,49508.6,49287.1,49325.1,19795,4,0.0,3.5,True,2026-01-15 10:00:00,10.0,2026-01-15,False,False
2026-01-15 14:00:00+00:00,49325.6,49773.1,49298.1,49686.1,157019,4,0.75,2.599999999998545,True,2026-01-15 14:00:00,14.0,2026-01-15,False,False
2026-01-15 18:00:00+00:00,49686.6,49790.6,49592.1,49643.6,81970,4,0.75,3.4499999999989086,True,2026-01-15 18:00:00,18.0,2026-01-15,True,False
2026-01-15 23:00:00+00:00,49662.0,49686.1,49644.1,49674.1,6675,3,0.0,6.0,True,2026-01-15 23:00:00,23.0,2026-01-15,False,False
2026-01-16 02:00:00+00:00,49674.6,49750.1,49664.1,49728.1,5223,4,0.0,6.0,True,2026-01-16 02:00:00,2.0,2026-01-16,False,False
2026-01-16 06:00:00+00:00,49727.1,49736.6,49676.6,49683.1,8034,4,0.0,4.125,True,2026-01-16 06:00:00,6.0,2026-01-16,False,False
2026-01-16 10:00:00+00:00,49683.6,49711.1,49601.1,49644.1,14864,4,0.0,3.5,True,2026-01-16 10:00:00,10.0,2026-01-16,False,False
2026-01-16 14:00:00+00:00,49643.6,49799.1,49423.1,49597.6,162355,4,0.75,2.599999999998545,True,2026-01-16 14:00:00,14.0,2026-01-16,False,False
2026-01-16 18:00:00+00:00,49598.1,49714.1,49506.1,49539.6,69739,4,0.75,3.4499999999989086,True,2026-01-16 18:00:00,18.0,2026-01-16,True,False
2026-01-18 23:00:00+00:00,49285.6,49313.6,49170.5,49173.1,19093,3,0.0,6.0,True,2026-01-18 23:00:00,23.0,2026-01-18,False,False
2026-01-19 02:00:00+00:00,49173.6,49215.6,49158.1,49184.1,9038,4,0.0,6.0,True,2026-01-19 02:00:00,2.0,2026-01-19,False,False
2026-01-19 06:00:00+00:00,49183.6,49252.1,49051.1,49076.1,25458,4,0.0,4.125,True,2026-01-19 06:00:00,6.0,2026-01-19,False,False
2026-01-19 10:00:00+00:00,49075.6,49221.6,49054.6,49187.1,20214,4,0.0,3.5,True,2026-01-19 10:00:00,10.0,2026-01-19,False,False
2026-01-19 14:00:00+00:00,49187.6,49206.6,49069.1,49145.1,26234,4,0.75,2.599999999998545,True,2026-01-19 14:00:00,14.0,2026-01-19,False,False
2026-01-19 23:00:00+00:00,49139.5,49181.1,49059.1,49119.1,10210,3,0.0,6.0,True,2026-01-19 23:00:00,23.0,2026-01-19,False,False
2026-01-20 02:00:00+00:00,49119.6,49129.1,49072.6,49097.6,8797,4,0.0,6.0,True,2026-01-20 02:00:00,2.0,2026-01-20,False,False
2026-01-20 06:00:00+00:00,49097.1,49099.1,48695.1,48721.6,48557,4,0.0,4.125,True,2026-01-20 06:00:00,6.0,2026-01-20,False,False
2026-01-20 10:00:00+00:00,48722.1,48968.1,48688.1,48824.1,47080,4,0.0,3.5,True,2026-01-20 10:00:00,10.0,2026-01-20,False,False
2026-01-20 14:00:00+00:00,48823.6,49094.6,48755.6,48863.1,271062,4,0.75,2.599999999998545,True,2026-01-20 14:00:00,14.0,2026-01-20,False,False
2026-01-20 18:00:00+00:00,48863.6,48915.6,48611.1,48729.1,128220,4,0.75,3.4499999999989086,True,2026-01-20 18:00:00,18.0,2026-01-20,True,False
2026-01-20 23:00:00+00:00,48722.0,48778.6,48679.1,48765.1,10156,3,0.0,6.0,True,2026-01-20 23:00:00,23.0,2026-01-20,False,False
2026-01-21 02:00:00+00:00,48765.6,48787.1,48729.6,48752.1,11738,4,0.0,6.0,True,2026-01-21 02:00:00,2.0,2026-01-21,False,False
2026-01-21 06:00:00+00:00,48751.6,48793.1,48680.1,48684.6,16608,4,0.0,4.125,True,2026-01-21 06:00:00,6.0,2026-01-21,False,False
2026-01-21 10:00:00+00:00,48684.1,48752.1,48487.6,48545.6,35761,4,0.0,3.5,True,2026-01-21 10:00:00,10.0,2026-01-21,False,False
2026-01-21 14:00:00+00:00,48544.6,49206.1,48530.1,48934.1,293876,4,0.75,2.599999999998545,True,2026-01-21 14:00:00,14.0,2026-01-21,False,False
2026-01-21 18:00:00+00:00,48933.6,49483.1,48806.0,49278.1,210048,4,0.75,3.4499999999989086,True,2026-01-21 18:00:00,18.0,2026-01-21,True,False
2026-01-21 23:00:00+00:00,49303.0,49373.6,49298.5,49367.1,10718,3,0.0,6.0,True,2026-01-21 23:00:00,23.0,2026-01-21,False,False
2026-01-22 02:00:00+00:00,49367.6,49392.6,49305.1,49309.6,7600,4,0.0,6.0,True,2026-01-22 02:00:00,2.0,2026-01-22,False,False
2026-01-22 06:00:00+00:00,49309.1,49475.1,49256.6,49460.1,26260,4,0.0,4.125,True,2026-01-22 06:00:00,6.0,2026-01-22,False,False
2026-01-22 10:00:00+00:00,49460.6,49517.6,49371.1,49513.6,27557,4,0.0,3.5,True,2026-01-22 10:00:00,10.0,2026-01-22,False,False
2026-01-22 14:00:00+00:00,49513.1,49794.6,49431.6,49773.6,195246,4,0.75,2.599999999998545,True,2026-01-22 14:00:00,14.0,2026-01-22,False,False
2026-01-22 18:00:00+00:00,49774.1,49780.6,49484.6,49504.1,89269,4,0.75,3.4499999999989086,True,2026-01-22 18:00:00,18.0,2026-01-22,True,False
2026-01-22 23:00:00+00:00,49503.5,49609.1,49486.0,49606.1,8361,3,0.0,6.0,True,2026-01-22 23:00:00,23.0,2026-01-22,False,False
2026-01-23 02:00:00+00:00,49607.1,49610.6,49578.1,49608.1,6155,4,0.0,6.0,True,2026-01-23 02:00:00,2.0,2026-01-23,False,False
2026-01-23 06:00:00+00:00,49607.1,49621.1,49433.1,49457.1,19293,4,0.0,4.125,True,2026-01-23 06:00:00,6.0,2026-01-23,False,False
2026-01-23 10:00:00+00:00,49456.6,49485.5,49308.1,49322.1,24091,4,0.0,3.5,True,2026-01-23 10:00:00,10.0,2026-01-23,False,False
2026-01-23 14:00:00+00:00,49322.6,49384.1,49130.6,49149.1,147440,4,0.75,2.600000000000364,True,2026-01-23 14:00:00,14.0,2026-01-23,False,False
2026-01-23 18:00:00+00:00,49148.6,49304.1,49119.6,49169.1,82382,4,0.75,3.4499999999989086,True,2026-01-23 18:00:00,18.0,2026-01-23,True,False
2026-01-25 23:00:00+00:00,48940.5,49211.6,48915.6,49140.1,25122,3,0.0,6.0,True,2026-01-25 23:00:00,23.0,2026-01-25,False,False
2026-01-26 02:00:00+00:00,49139.6,49179.1,49110.1,49175.1,18301,4,0.0,6.0,True,2026-01-26 02:00:00,2.0,2026-01-26,False,False
2026-01-26 06:00:00+00:00,49176.1,49301.1,49159.1,49193.6,21527,4,0.0,4.125,True,2026-01-26 06:00:00,6.0,2026-01-26,False,False
2026-01-26 10:00:00+00:00,49193.1,49325.6,49189.1,49321.1,20992,4,0.0,3.5,True,2026-01-26 10:00:00,10.0,2026-01-26,False,False
2026-01-26 14:00:00+00:00,49320.6,49527.1,49302.1,49489.1,127965,4,0.75,2.599999999998545,True,2026-01-26 14:00:00,14.0,2026-01-26,False,False
2026-01-26 18:00:00+00:00,49489.6,49644.1,49375.1,49376.1,59531,4,0.75,3.4499999999989086,True,2026-01-26 18:00:00,18.0,2026-01-26,True,False
2026-01-26 23:00:00+00:00,49404.0,49446.6,49357.5,49436.1,6847,3,0.0,6.0,True,2026-01-26 23:00:00,23.0,2026-01-26,False,False
2026-01-27 02:00:00+00:00,49436.6,49536.6,49435.6,49532.6,6478,4,0.0,6.0,True,2026-01-27 02:00:00,2.0,2026-01-27,False,False
2026-01-27 06:00:00+00:00,49533.1,49554.6,49483.1,49509.1,13112,4,0.0,4.125,True,2026-01-27 06:00:00,6.0,2026-01-27,False,False
2026-01-27 10:00:00+00:00,49508.6,49565.1,49228.1,49232.1,18060,4,0.0,3.5,True,2026-01-27 10:00:00,10.0,2026-01-27,False,False
2026-01-27 14:00:00+00:00,49232.6,49318.1,49039.1,49069.1,131487,4,0.75,2.600000000000364,True,2026-01-27 14:00:00,14.0,2026-01-27,False,False
2026-01-27 18:00:00+00:00,49070.1,49170.6,49008.1,49128.1,50416,4,0.75,3.4499999999989086,True,2026-01-27 18:00:00,18.0,2026-01-27,True,False
2026-01-27 23:00:00+00:00,49117.0,49190.1,49111.5,49152.1,7502,3,0.0,6.0,True,2026-01-27 23:00:00,23.0,2026-01-27,False,False
2026-01-28 02:00:00+00:00,49151.1,49178.1,49131.1,49172.6,6356,4,0.0,6.0,True,2026-01-28 02:00:00,2.0,2026-01-28,False,False
2026-01-28 06:00:00+00:00,49182.5,49225.6,49123.6,49178.1,21695,4,0.0,4.125,True,2026-01-28 06:00:00,6.0,2026-01-28,False,False
2026-01-28 10:00:00+00:00,49177.1,49200.6,49094.1,49115.1,20986,4,0.0,3.5,True,2026-01-28 10:00:00,10.0,2026-01-28,False,False
2026-01-28 14:00:00+00:00,49115.6,49290.1,49053.6,49143.1,153565,4,0.75,2.599999999998545,True,2026-01-28 14:00:00,14.0,2026-01-28,False,False
2026-01-28 18:00:00+00:00,49142.6,49276.6,48989.6,49119.1,135890,4,0.75,3.4500000000007276,True,2026-01-28 18:00:00,18.0,2026-01-28,True,False
2026-01-28 23:00:00+00:00,49138.0,49151.1,48982.1,49025.1,29954,3,0.0,6.0,True,2026-01-28 23:00:00,23.0,2026-01-28,False,False
2026-01-29 02:00:00+00:00,49025.6,49151.1,49019.1,49143.1,14219,4,0.0,6.0,True,2026-01-29 02:00:00,2.0,2026-01-29,False,False
2026-01-29 06:00:00+00:00,49144.1,49275.6,49142.1,49202.1,21218,4,0.0,4.125,True,2026-01-29 06:00:00,6.0,2026-01-29,False,False
2026-01-29 10:00:00+00:00,49201.6,49428.6,49128.6,49177.1,30217,4,0.0,3.5,True,2026-01-29 10:00:00,10.0,2026-01-29,False,False
2026-01-29 14:00:00+00:00,49177.6,49443.1,48721.6,48937.1,322650,4,0.75,2.599999999998545,True,2026-01-29 14:00:00,14.0,2026-01-29,False,False
2026-01-29 18:00:00+00:00,48936.6,49204.1,48907.6,49108.1,134142,4,0.75,3.4499999999989086,True,2026-01-29 18:00:00,18.0,2026-01-29,True,False
2026-01-29 23:00:00+00:00,49132.0,49132.5,48916.6,48960.1,28701,3,0.0,6.0,True,2026-01-29 23:00:00,23.0,2026-01-29,False,False
2026-01-30 02:00:00+00:00,48960.6,49004.1,48896.1,48937.1,33988,4,0.0,6.0,True,2026-01-30 02:00:00,2.0,2026-01-30,False,False
2026-01-30 06:00:00+00:00,48936.6,48945.1,48695.1,48751.1,49006,4,0.0,4.125,True,2026-01-30 06:00:00,6.0,2026-01-30,False,False
2026-01-30 10:00:00+00:00,48750.6,49081.1,48742.6,48904.1,49143,4,0.0,3.5,True,2026-01-30 10:00:00,10.0,2026-01-30,False,False
2026-01-30 14:00:00+00:00,48903.6,49169.1,48628.6,48683.1,306643,4,0.75,2.599999999998545,True,2026-01-30 14:00:00,14.0,2026-01-30,False,False
2026-01-30 18:00:00+00:00,48681.6,49088.6,48570.6,48998.6,200250,4,0.75,3.4499999999989086,True,2026-01-30 18:00:00,18.0,2026-01-30,True,False
2026-02-01 23:00:00+00:00,48859.5,49040.1,48760.5,48821.1,45504,3,0.0,6.0,True,2026-02-01 23:00:00,23.0,2026-02-01,False,False
2026-02-02 02:00:00+00:00,48821.6,48850.1,48556.1,48621.1,61549,4,0.0,6.0,True,2026-02-02 02:00:00,2.0,2026-02-02,False,False
2026-02-02 06:00:00+00:00,48622.1,48883.1,48505.6,48866.6,55402,4,0.0,4.125,True,2026-02-02 06:00:00,6.0,2026-02-02,False,False
2026-02-02 10:00:00+00:00,48867.1,49034.1,48857.1,49016.1,34888,4,0.0,3.5,True,2026-02-02 10:00:00,10.0,2026-02-02,False,False
2026-02-02 14:00:00+00:00,49016.6,49534.6,48811.6,49508.6,195418,4,0.75,2.600000000000364,True,2026-02-02 14:00:00,14.0,2026-02-02,False,False
2026-02-02 18:00:00+00:00,49509.1,49601.6,49439.6,49482.1,77227,4,0.75,3.4499999999989086,True,2026-02-02 18:00:00,18.0,2026-02-02,True,False
2026-02-02 23:00:00+00:00,49483.0,49574.6,49472.5,49536.1,12034,3,0.0,6.0,True,2026-02-02 23:00:00,23.0,2026-02-02,False,False
2026-02-03 02:00:00+00:00,49535.1,49568.1,49511.6,49554.1,11079,4,0.0,6.0,True,2026-02-03 02:00:00,2.0,2026-02-03,False,False
2026-02-03 06:00:00+00:00,49554.6,49595.6,49488.1,49504.6,17091,4,0.0,4.125,True,2026-02-03 06:00:00,6.0,2026-02-03,False,False
2026-02-03 10:00:00+00:00,49505.1,49555.1,49453.1,49503.6,18808,4,0.0,3.5,True,2026-02-03 10:00:00,10.0,2026-02-03,False,False
2026-02-03 14:00:00+00:00,49503.1,49767.6,49119.6,49125.1,345203,4,0.75,2.600000000000364,True,2026-02-03 14:00:00,14.0,2026-02-03,False,False
2026-02-03 18:00:00+00:00,49124.6,49417.1,48934.1,49367.1,218659,4,0.75,3.4499999999989086,True,2026-02-03 18:00:00,18.0,2026-02-03,True,False
2026-02-03 23:00:00+00:00,49383.5,49413.6,49355.1,49367.1,15099,3,0.0,6.0,True,2026-02-03 23:00:00,23.0,2026-02-03,False,False
2026-02-04 02:00:00+00:00,49367.6,49426.1,49367.6,49419.1,13075,4,0.0,6.0,True,2026-02-04 02:00:00,2.0,2026-02-04,False,False
2026-02-04 06:00:00+00:00,49419.6,49508.1,49390.1,49443.1,28984,4,0.0,4.125,True,2026-02-04 06:00:00,6.0,2026-02-04,False,False
2026-02-04 10:00:00+00:00,49442.1,49557.6,49421.1,49429.1,33719,4,0.0,3.5,True,2026-02-04 10:00:00,10.0,2026-02-04,False,False
2026-02-04 14:00:00+00:00,49428.6,49758.6,49309.6,49387.6,349601,4,0.75,2.600000000000364,True,2026-02-04 14:00:00,14.0,2026-02-04,False,False
2026-02-04 18:00:00+00:00,49386.6,49713.1,49215.1,49547.6,176079,4,0.75,3.4500000000007276,True,2026-02-04 18:00:00,18.0,2026-02-04,True,False
2026-02-04 23:00:00+00:00,49543.0,49664.1,49528.6,49661.1,16890,3,0.0,6.0,True,2026-02-04 23:00:00,23.0,2026-02-04,False,False
2026-02-05 02:00:00+00:00,49662.6,49669.6,49468.1,49517.1,44113,4,0.0,6.0,True,2026-02-05 02:00:00,2.0,2026-02-05,False,False
2026-02-05 06:00:00+00:00,49517.6,49589.6,49410.1,49494.6,41267,4,0.0,4.125,True,2026-02-05 06:00:00,6.0,2026-02-05,False,False
2026-02-05 10:00:00+00:00,49495.6,49691.1,49381.1,49386.6,72919,4,0.0,3.5,True,2026-02-05 10:00:00,10.0,2026-02-05,False,False
2026-02-05 14:00:00+00:00,49387.1,49450.6,48918.1,49235.6,358100,4,0.75,2.599999999998545,True,2026-02-05 14:00:00,14.0,2026-02-05,False,False
2026-02-05 18:00:00+00:00,49236.1,49276.1,48847.6,48885.1,146850,4,0.75,3.4499999999989086,True,2026-02-05 18:00:00,18.0,2026-02-05,True,False
2026-02-05 23:00:00+00:00,48872.0,48924.1,48701.6,48921.1,47245,3,0.0,6.0,True,2026-02-05 23:00:00,23.0,2026-02-05,False,False
2026-02-06 02:00:00+00:00,48921.6,48968.1,48840.1,48952.1,37310,4,0.0,6.0,True,2026-02-06 02:00:00,2.0,2026-02-06,False,False
2026-02-06 06:00:00+00:00,48951.6,49124.1,48914.6,49076.1,45016,4,0.0,4.125,True,2026-02-06 06:00:00,6.0,2026-02-06,False,False
2026-02-06 10:00:00+00:00,49076.6,49294.1,49042.1,49257.1,37678,4,0.0,3.5,True,2026-02-06 10:00:00,10.0,2026-02-06,False,False
2026-02-06 14:00:00+00:00,49256.6,50069.6,49246.6,50035.6,302151,4,0.75,2.600000000000364,True,2026-02-06 14:00:00,14.0,2026-02-06,False,False
2026-02-06 18:00:00+00:00,50036.1,50263.6,50000.6,50187.1,79768,4,0.75,3.4499999999989086,True,2026-02-06 18:00:00,18.0,2026-02-06,True,False
2026-02-08 23:00:00+00:00,50289.5,50338.6,50255.1,50285.1,26826,3,0.0,6.0,True,2026-02-08 23:00:00,23.0,2026-02-08,False,False
2026-02-09 02:00:00+00:00,50284.6,50322.1,50244.6,50282.6,15100,4,0.0,6.0,True,2026-02-09 02:00:00,2.0,2026-02-09,False,False
2026-02-09 06:00:00+00:00,50282.1,50323.6,50215.1,50228.6,27226,4,0.0,4.125,True,2026-02-09 06:00:00,6.0,2026-02-09,False,False
2026-02-09 10:00:00+00:00,50228.1,50233.1,50096.6,50127.6,34457,4,0.0,3.5,True,2026-02-09 10:00:00,10.0,2026-02-09,False,False
2026-02-09 14:00:00+00:00,50128.1,50299.6,49908.1,50153.1,134465,4,0.75,2.599999999998545,True,2026-02-09 14:00:00,14.0,2026-02-09,False,False
2026-02-09 18:00:00+00:00,50154.1,50283.6,50105.6,50197.6,67830,4,0.75,3.4499999999989086,True,2026-02-09 18:00:00,18.0,2026-02-09,True,False
2026-02-09 23:00:00+00:00,50198.0,50231.1,50164.1,50222.1,12019,3,0.0,6.0,True,2026-02-09 23:00:00,23.0,2026-02-09,False,False
2026-02-10 02:00:00+00:00,50222.6,50245.1,50189.6,50227.1,10029,4,0.0,6.0,True,2026-02-10 02:00:00,2.0,2026-02-10,False,False
2026-02-10 06:00:00+00:00,50228.1,50295.6,50173.6,50255.1,15188,4,0.0,4.125,True,2026-02-10 06:00:00,6.0,2026-02-10,False,False
2026-02-10 10:00:00+00:00,50253.1,50277.1,50106.1,50202.1,27031,4,0.0,3.5,True,2026-02-10 10:00:00,10.0,2026-02-10,False,False
2026-02-10 14:00:00+00:00,50201.6,50609.6,50200.1,50453.1,174531,4,0.75,2.599999999998545,True,2026-02-10 14:00:00,14.0,2026-02-10,False,False
2026-02-10 18:00:00+00:00,50452.6,50464.1,50204.1,50332.6,93506,4,0.75,3.4499999999989086,True,2026-02-10 18:00:00,18.0,2026-02-10,True,False
2026-02-10 23:00:00+00:00,50350.5,50406.1,50329.5,50394.1,5336,3,0.0,6.0,True,2026-02-10 23:00:00,23.0,2026-02-10,False,False
2026-02-11 02:00:00+00:00,50395.1,50420.6,50373.6,50375.1,7064,4,0.0,6.0,True,2026-02-11 02:00:00,2.0,2026-02-11,False,False
2026-02-11 06:00:00+00:00,50376.1,50396.1,50322.6,50347.1,18805,4,0.0,4.125,True,2026-02-11 06:00:00,6.0,2026-02-11,False,False
2026-02-11 10:00:00+00:00,50348.1,50552.1,50269.6,50537.1,46673,4,0.0,3.5,True,2026-02-11 10:00:00,10.0,2026-02-11,False,False
2026-02-11 14:00:00+00:00,50536.6,50584.1,49976.6,50213.1,318693,4,0.75,2.599999999998545,True,2026-02-11 14:00:00,14.0,2026-02-11,False,False
2026-02-11 18:00:00+00:00,50213.6,50269.1,50097.1,50200.1,105319,4,0.75,3.4499999999989086,True,2026-02-11 18:00:00,18.0,2026-02-11,True,False
2026-02-11 23:00:00+00:00,50217.1,50302.1,50160.6,50280.1,15326,3,0.0,6.0,True,2026-02-11 23:00:00,23.0,2026-02-11,False,False
2026-02-12 02:00:00+00:00,50280.6,50377.1,50256.1,50350.6,10326,4,0.0,6.0,True,2026-02-12 02:00:00,2.0,2026-02-12,False,False
2026-02-12 06:00:00+00:00,50351.1,50386.6,50298.6,50384.1,19075,4,0.0,4.125,True,2026-02-12 06:00:00,6.0,2026-02-12,False,False
2026-02-12 10:00:00+00:00,50383.6,50400.6,50275.1,50370.1,19976,4,0.0,3.5,True,2026-02-12 10:00:00,10.0,2026-02-12,False,False
2026-02-12 14:00:00+00:00,50369.6,50520.6,49539.6,49545.1,376063,4,0.75,2.600000000000364,True,2026-02-12 14:00:00,14.0,2026-02-12,False,False
2026-02-12 18:00:00+00:00,49544.6,49868.6,49493.1,49555.6,180921,4,0.75,3.4499999999989086,True,2026-02-12 18:00:00,18.0,2026-02-12,True,False
2026-02-12 23:00:00+00:00,49555.5,49586.1,49471.1,49526.1,28389,3,0.0,6.0,True,2026-02-12 23:00:00,23.0,2026-02-12,False,False
2026-02-13 02:00:00+00:00,49525.6,49568.1,49412.6,49430.1,20128,4,0.0,6.0,True,2026-02-13 02:00:00,2.0,2026-02-13,False,False
2026-02-13 06:00:00+00:00,49429.1,49487.6,49358.1,49424.6,44018,4,0.0,4.125,True,2026-02-13 06:00:00,6.0,2026-02-13,False,False
2026-02-13 10:00:00+00:00,49424.1,49593.1,49299.1,49543.1,73434,4,0.0,3.5,True,2026-02-13 10:00:00,10.0,2026-02-13,False,False
2026-02-13 14:00:00+00:00,49542.6,49793.1,49155.1,49731.1,347532,4,0.75,2.599999999998545,True,2026-02-13 14:00:00,14.0,2026-02-13,False,False
2026-02-13 18:00:00+00:00,49731.6,49817.1,49428.1,49537.6,157239,4,0.75,3.4499999999989086,True,2026-02-13 18:00:00,18.0,2026-02-13,True,False
2026-02-15 23:00:00+00:00,49595.5,49676.1,49504.6,49672.1,11582,3,0.0,6.0,True,2026-02-15 23:00:00,23.0,2026-02-15,False,False
2026-02-16 02:00:00+00:00,49672.6,49682.6,49608.6,49614.1,9009,4,0.0,6.0,True,2026-02-16 02:00:00,2.0,2026-02-16,False,False
2026-02-16 06:00:00+00:00,49615.1,49819.1,49611.1,49798.6,15206,4,0.0,4.125,True,2026-02-16 06:00:00,6.0,2026-02-16,False,False
2026-02-16 10:00:00+00:00,49798.1,49805.1,49724.1,49768.6,15253,4,0.0,3.5,True,2026-02-16 10:00:00,10.0,2026-02-16,False,False
2026-02-16 14:00:00+00:00,49769.1,49771.6,49556.1,49604.1,51659,4,0.75,2.599999999998545,True,2026-02-16 14:00:00,14.0,2026-02-16,False,False
2026-02-16 23:00:00+00:00,49594.5,49691.1,49421.1,49442.1,16208,3,0.0,6.0,True,2026-02-16 23:00:00,23.0,2026-02-16,False,False
2026-02-17 02:00:00+00:00,49442.6,49493.1,49358.1,49378.1,27001,4,0.0,6.0,True,2026-02-17 02:00:00,2.0,2026-02-17,False,False
2026-02-17 06:00:00+00:00,49377.6,49604.1,49370.1,49579.6,31657,4,0.0,4.125,True,2026-02-17 06:00:00,6.0,2026-02-17,False,False
2026-02-17 10:00:00+00:00,49580.1,49595.6,49344.6,49481.1,50263,4,0.0,3.5,True,2026-02-17 10:00:00,10.0,2026-02-17,False,False
2026-02-17 14:00:00+00:00,49480.6,49793.6,49239.6,49536.6,394127,4,0.75,2.600000000000364,True,2026-02-17 14:00:00,14.0,2026-02-17,False,False
2026-02-17 18:00:00+00:00,49537.1,49761.1,49447.1,49617.5,146610,4,0.75,3.4499999999989086,True,2026-02-17 18:00:00,18.0,2026-02-17,True,False
2026-02-17 23:00:00+00:00,49616.5,49629.5,49541.6,49588.1,11609,3,0.0,6.0,True,2026-02-17 23:00:00,23.0,2026-02-17,False,False
2026-02-18 02:00:00+00:00,49588.6,49668.6,49569.1,49651.6,8231,4,0.0,6.0,True,2026-02-18 02:00:00,2.0,2026-02-18,False,False
2026-02-18 06:00:00+00:00,49653.1,49872.6,49642.1,49827.1,16601,4,0.0,4.125,True,2026-02-18 06:00:00,6.0,2026-02-18,False,False
2026-02-18 10:00:00+00:00,49826.6,49874.1,49622.6,49640.1,26695,4,0.0,3.5,True,2026-02-18 10:00:00,10.0,2026-02-18,False,False
2026-02-18 14:00:00+00:00,49640.6,49966.1,49489.1,49898.6,163079,4,0.75,2.599999999998545,True,2026-02-18 14:00:00,14.0,2026-02-18,False,False
2026-02-18 18:00:00+00:00,49898.1,49929.1,49591.1,49712.6,110261,4,0.75,3.4500000000007276,True,2026-02-18 18:00:00,18.0,2026-02-18,True,False
2026-02-18 23:00:00+00:00,49681.1,49755.1,49673.1,49727.1,10756,3,0.0,6.0,True,2026-02-18 23:00:00,23.0,2026-02-18,False,False
2026-02-19 02:00:00+00:00,49726.6,49752.1,49677.1,49738.6,9261,4,0.0,6.0,True,2026-02-19 02:00:00,2.0,2026-02-19,False,False
2026-02-19 06:00:00+00:00,49738.1,49788.6,49585.6,49629.1,23152,4,0.0,4.125,True,2026-02-19 06:00:00,6.0,2026-02-19,False,False
2026-02-19 10:00:00+00:00,49628.6,49638.1,49517.1,49550.6,36746,4,0.0,3.5,True,2026-02-19 10:00:00,10.0,2026-02-19,False,False
2026-02-19 14:00:00+00:00,49550.1,49672.6,49330.1,49353.6,272345,4,0.75,2.600000000000364,True,2026-02-19 14:00:00,14.0,2026-02-19,False,False
2026-02-19 18:00:00+00:00,49353.1,49493.6,49258.1,49421.6,106228,4,0.75,3.4499999999989086,True,2026-02-19 18:00:00,18.0,2026-02-19,True,False
2026-02-19 23:00:00+00:00,49439.5,49527.1,49426.1,49498.1,8649,3,0.0,6.0,True,2026-02-19 23:00:00,23.0,2026-02-19,False,False
2026-02-20 02:00:00+00:00,49499.1,49554.1,49485.1,49550.1,8541,4,0.0,6.0,True,2026-02-20 02:00:00,2.0,2026-02-20,False,False
2026-02-20 06:00:00+00:00,49549.6,49604.1,49506.1,49523.1,16221,4,0.0,4.125,True,2026-02-20 06:00:00,6.0,2026-02-20,False,False
2026-02-20 10:00:00+00:00,49523.6,49538.6,49313.1,49370.1,41277,4,0.0,3.5,True,2026-02-20 10:00:00,10.0,2026-02-20,False,False
2026-02-20 14:00:00+00:00,49369.6,49770.1,49204.1,49484.1,369150,4,0.75,2.600000000000364,True,2026-02-20 14:00:00,14.0,2026-02-20,False,False
2026-02-20 18:00:00+00:00,49483.6,49718.6,49357.1,49679.1,149741,4,0.75,3.4499999999989086,True,2026-02-20 18:00:00,18.0,2026-02-20,True,False
2026-02-22 23:00:00+00:00,49650.5,49669.1,49385.1,49389.1,21048,3,0.0,6.0,True,2026-02-22 23:00:00,23.0,2026-02-22,False,False
2026-02-23 02:00:00+00:00,49388.6,49411.6,49340.6,49378.1,11176,4,0.0,6.0,True,2026-02-23 02:00:00,2.0,2026-02-23,False,False
2026-02-23 06:00:00+00:00,49377.6,49553.6,49371.1,49540.6,15991,4,0.0,4.125,True,2026-02-23 06:00:00,6.0,2026-02-23,False,False
2026-02-23 10:00:00+00:00,49541.1,49587.1,49384.5,49473.6,23536,4,0.0,3.5,True,2026-02-23 10:00:00,10.0,2026-02-23,False,False
2026-02-23 14:00:00+00:00,49473.1,49764.6,48813.1,48919.6,270835,4,0.75,2.600000000000364,True,2026-02-23 14:00:00,14.0,2026-02-23,False,False
2026-02-23 18:00:00+00:00,48919.1,49062.1,48775.6,48888.6,114171,4,0.75,3.4499999999989086,True,2026-02-23 18:00:00,18.0,2026-02-23,True,False
2026-02-23 23:00:00+00:00,48898.5,48921.6,48867.1,48891.1,13181,3,0.0,6.0,True,2026-02-23 23:00:00,23.0,2026-02-23,False,False
2026-02-24 02:00:00+00:00,48891.6,48951.6,48884.6,48907.6,8869,4,0.0,6.0,True,2026-02-24 02:00:00,2.0,2026-02-24,False,False
2026-02-24 06:00:00+00:00,48908.1,48957.6,48823.6,48934.1,24848,4,0.0,4.125,True,2026-02-24 06:00:00,6.0,2026-02-24,False,False
2026-02-24 10:00:00+00:00,48933.6,49021.6,48875.1,49008.1,27161,4,0.0,3.5,True,2026-02-24 10:00:00,10.0,2026-02-24,False,False
2026-02-24 14:00:00+00:00,49007.6,49312.1,48803.6,49272.1,188603,4,0.75,2.600000000000364,True,2026-02-24 14:00:00,14.0,2026-02-24,False,False
2026-02-24 18:00:00+00:00,49269.6,49343.6,49189.1,49202.1,48935,4,0.75,3.4499999999989086,True,2026-02-24 18:00:00,18.0,2026-02-24,True,False
2026-02-24 23:00:00+00:00,49214.1,49277.6,49187.6,49273.1,7728,3,0.0,6.0,True,2026-02-24 23:00:00,23.0,2026-02-24,False,False
2026-02-25 02:00:00+00:00,49271.6,49290.1,49126.6,49219.1,14648,4,0.0,6.0,True,2026-02-25 02:00:00,2.0,2026-02-25,False,False
2026-02-25 06:00:00+00:00,49220.1,49310.1,49208.6,49303.6,15876,4,0.0,4.125,True,2026-02-25 06:00:00,6.0,2026-02-25,False,False
2026-02-25 10:00:00+00:00,49304.1,49416.6,49269.1,49409.1,14311,4,0.0,3.5,True,2026-02-25 10:00:00,10.0,2026-02-25,False,False
2026-02-25 14:00:00+00:00,49409.6,49532.1,49240.1,49524.1,133370,4,0.75,2.599999999998545,True,2026-02-25 14:00:00,14.0,2026-02-25,False,False
2026-02-25 18:00:00+00:00,49523.6,49581.1,49467.1,49495.1,39702,4,0.75,3.4499999999989086,True,2026-02-25 18:00:00,18.0,2026-02-25,True,False
2026-02-25 23:00:00+00:00,49506.0,49529.6,49415.1,49467.1,12957,3,0.0,6.0,True,2026-02-25 23:00:00,23.0,2026-02-25,False,False
2026-02-26 02:00:00+00:00,49466.6,49472.1,49412.6,49423.1,6801,4,0.0,6.0,True,2026-02-26 02:00:00,2.0,2026-02-26,False,False
2026-02-26 06:00:00+00:00,49423.6,49505.6,49398.6,49474.1,15080,4,0.0,4.125,True,2026-02-26 06:00:00,6.0,2026-02-26,False,False
2026-02-26 10:00:00+00:00,49474.6,49663.1,49455.6,49634.1,14064,4,0.0,3.5,True,2026-02-26 10:00:00,10.0,2026-02-26,False,False
2026-02-26 14:00:00+00:00,49633.6,49870.0,49265.0,49288.1,272706,4,0.75,2.599999999998545,True,2026-02-26 14:00:00,14.0,2026-02-26,False,False
2026-02-26 18:00:00+00:00,49288.6,49598.6,49272.1,49348.6,98036,4,0.75,3.4499999999989086,True,2026-02-26 18:00:00,18.0,2026-02-26,True,False
2026-02-26 23:00:00+00:00,49330.0,49334.5,49204.6,49252.6,18164,3,0.0,6.0,True,2026-02-26 23:00:00,23.0,2026-02-26,False,False
2026-02-27 02:00:00+00:00,49253.1,49333.6,49251.1,49293.1,9263,4,0.0,6.0,True,2026-02-27 02:00:00,2.0,2026-02-27,False,False
2026-02-27 06:00:00+00:00,49294.1,49395.6,49251.1,49328.1,20830,4,0.0,4.125,True,2026-02-27 06:00:00,6.0,2026-02-27,False,False
2026-02-27 10:00:00+00:00,49328.6,49333.1,48926.1,49033.1,49402,4,0.0,3.5,True,2026-02-27 10:00:00,10.0,2026-02-27,False,False
2026-02-27 14:00:00+00:00,49033.6,49123.6,48700.1,48868.1,233690,4,0.75,2.599999999998545,True,2026-02-27 14:00:00,14.0,2026-02-27,False,False
2026-02-27 18:00:00+00:00,48867.1,49024.6,48790.1,48928.1,98276,4,0.75,3.4499999999989086,True,2026-02-27 18:00:00,18.0,2026-02-27,True,False
2026-03-01 23:00:00+00:00,48495.0,48727.6,48390.1,48705.1,39553,3,0.0,6.0,True,2026-03-01 23:00:00,23.0,2026-03-01,False,False
2026-03-02 02:00:00+00:00,48705.6,48730.6,48506.6,48510.6,26921,4,0.0,6.0,True,2026-03-02 02:00:00,2.0,2026-03-02,False,False
2026-03-02 06:00:00+00:00,48509.6,48530.1,48166.1,48431.6,65068,4,0.0,4.125,True,2026-03-02 06:00:00,6.0,2026-03-02,False,False
2026-03-02 10:00:00+00:00,48431.1,48582.6,48411.1,48462.6,45103,4,0.0,3.5,True,2026-03-02 10:00:00,10.0,2026-03-02,False,False
2026-03-02 14:00:00+00:00,48464.1,49046.6,48411.1,49005.1,259117,4,0.75,2.600000000000364,True,2026-03-02 14:00:00,14.0,2026-03-02,False,False
2026-03-02 18:00:00+00:00,49004.6,49121.1,48811.1,48923.0,116891,4,0.75,3.4499999999989086,True,2026-03-02 18:00:00,18.0,2026-03-02,True,False
2026-03-02 23:00:00+00:00,48920.0,48939.0,48714.1,48717.1,25589,3,0.0,6.0,True,2026-03-02 23:00:00,23.0,2026-03-02,False,False
2026-03-03 02:00:00+00:00,48717.6,48731.1,48548.1,48575.1,50635,4,0.0,6.0,True,2026-03-03 02:00:00,2.0,2026-03-03,False,False
2026-03-03 06:00:00+00:00,48576.1,48608.5,48136.1,48157.0,88970,4,0.0,4.125,True,2026-03-03 06:00:00,6.0,2026-03-03,False,False
2026-03-03 10:00:00+00:00,48158.0,48315.1,47951.1,48077.6,112272,4,0.0,3.5,True,2026-03-03 10:00:00,10.0,2026-03-03,False,False
2026-03-03 14:00:00+00:00,48078.1,48405.6,47681.1,48359.6,421661,4,0.75,2.599999999998545,True,2026-03-03 14:00:00,14.0,2026-03-03,False,False
2026-03-03 18:00:00+00:00,48359.1,48754.6,48355.1,48491.1,204688,4,0.75,3.4499999999989086,True,2026-03-03 18:00:00,18.0,2026-03-03,True,False
2026-03-03 23:00:00+00:00,48492.5,48594.1,48352.6,48422.6,60098,3,0.0,6.0,True,2026-03-03 23:00:00,23.0,2026-03-03,False,False
2026-03-04 02:00:00+00:00,48423.1,48457.6,48290.1,48360.6,84491,4,0.0,6.0,True,2026-03-04 02:00:00,2.0,2026-03-04,False,False
2026-03-04 06:00:00+00:00,48361.1,48514.1,48265.6,48508.6,83378,4,0.0,4.125,True,2026-03-04 06:00:00,6.0,2026-03-04,False,False
2026-03-04 10:00:00+00:00,48508.1,48741.6,48451.1,48684.6,90282,4,0.0,3.5,True,2026-03-04 10:00:00,10.0,2026-03-04,False,False
2026-03-04 14:00:00+00:00,48684.1,48916.1,48402.6,48883.1,265479,4,0.75,2.600000000000364,True,2026-03-04 14:00:00,14.0,2026-03-04,False,False
2026-03-04 18:00:00+00:00,48883.6,48904.1,48745.1,48813.6,81289,4,0.75,3.4499999999989086,True,2026-03-04 18:00:00,18.0,2026-03-04,True,False
2026-03-04 23:00:00+00:00,48778.0,48886.6,48633.1,48662.1,29574,3,0.0,6.0,True,2026-03-04 23:00:00,23.0,2026-03-04,False,False
2026-03-05 02:00:00+00:00,48663.6,48712.1,48559.6,48587.6,43615,4,0.0,6.0,True,2026-03-05 02:00:00,2.0,2026-03-05,False,False
2026-03-05 06:00:00+00:00,48588.1,48878.1,48480.6,48707.6,85484,4,0.0,4.125,True,2026-03-05 06:00:00,6.0,2026-03-05,False,False
2026-03-05 10:00:00+00:00,48708.6,48758.6,48421.1,48431.6,64706,4,0.0,3.5,True,2026-03-05 10:00:00,10.0,2026-03-05,False,False
2026-03-05 14:00:00+00:00,48431.1,48556.1,47794.1,47817.1,340711,4,0.75,2.599999999998545,True,2026-03-05 14:00:00,14.0,2026-03-05,False,False
2026-03-05 18:00:00+00:00,47816.6,48005.1,47612.6,47939.6,217081,4,0.75,3.4499999999989086,True,2026-03-05 18:00:00,18.0,2026-03-05,True,False
2026-03-05 23:00:00+00:00,47936.0,48118.6,47916.6,48065.1,26392,3,0.0,6.0,True,2026-03-05 23:00:00,23.0,2026-03-05,False,False
2026-03-06 02:00:00+00:00,48065.6,48123.1,48023.6,48085.1,22075,4,0.0,6.0,True,2026-03-06 02:00:00,2.0,2026-03-06,False,False
2026-03-06 06:00:00+00:00,48085.6,48100.1,47771.1,47811.6,57976,4,0.0,4.125,True,2026-03-06 06:00:00,6.0,2026-03-06,False,False
2026-03-06 10:00:00+00:00,47812.1,47931.1,47286.6,47333.6,115967,4,0.0,3.5,True,2026-03-06 10:00:00,10.0,2026-03-06,False,False
2026-03-06 14:00:00+00:00,47334.1,47551.6,47025.1,47357.1,425850,4,0.75,2.599999999998545,True,2026-03-06 14:00:00,14.0,2026-03-06,False,False
2026-03-06 18:00:00+00:00,47357.6,47603.1,47347.1,47453.1,203701,4,0.75,3.4499999999989086,True,2026-03-06 18:00:00,18.0,2026-03-06,True,False
2026-03-08 22:00:00+00:00,46656.1,46759.6,46398.1,46400.6,50395,4,0.0,6.0,True,2026-03-08 22:00:00,22.0,2026-03-08,False,False
2026-03-09 02:00:00+00:00,46401.5,46739.1,46334.1,46720.6,64338,4,0.0,6.0,True,2026-03-09 02:00:00,2.0,2026-03-09,False,False
2026-03-09 06:00:00+00:00,46719.6,47167.1,46601.6,47041.6,114947,4,0.0,4.125,True,2026-03-09 06:00:00,6.0,2026-03-09,False,False
2026-03-09 10:00:00+00:00,47041.1,47124.1,46735.6,46829.6,184794,4,0.0,3.274999999999636,True,2026-03-09 10:00:00,10.0,2026-03-09,False,False
2026-03-09 14:00:00+00:00,46830.1,47309.1,46642.6,47066.1,304089,4,1.0,2.599999999998545,True,2026-03-09 14:00:00,14.0,2026-03-09,True,False
2026-03-09 18:00:00+00:00,47066.6,47923.1,47064.1,47730.1,165405,3,0.6666666666666666,3.733333333332363,True,2026-03-09 18:00:00,18.0,2026-03-09,True,False
2026-03-09 22:00:00+00:00,47771.5,47771.5,47531.1,47716.1,57055,4,0.0,6.0,True,2026-03-09 22:00:00,22.0,2026-03-09,False,False
2026-03-10 02:00:00+00:00,47715.6,47723.6,47504.6,47686.1,46311,4,0.0,6.0,True,2026-03-10 02:00:00,2.0,2026-03-10,False,False
2026-03-10 06:00:00+00:00,47685.6,47992.1,47662.1,47936.6,75228,4,0.0,4.125,True,2026-03-10 06:00:00,6.0,2026-03-10,False,False
2026-03-10 10:00:00+00:00,47937.5,47991.0,47495.1,47529.5,162407,4,0.0,3.275000000001455,True,2026-03-10 10:00:00,10.0,2026-03-10,False,False
2026-03-10 14:00:00+00:00,47531.0,48266.1,47475.1,48158.1,234218,4,1.0,2.599999999998545,True,2026-03-10 14:00:00,14.0,2026-03-10,True,False
2026-03-10 18:00:00+00:00,48159.6,48173.6,47697.1,47766.1,207020,3,0.6666666666666666,3.733333333332363,True,2026-03-10 18:00:00,18.0,2026-03-10,True,False
2026-03-10 22:00:00+00:00,47774.0,47946.1,47691.0,47923.1,24156,4,0.0,6.0,True,2026-03-10 22:00:00,22.0,2026-03-10,False,False
2026-03-11 02:00:00+00:00,47922.1,47970.6,47848.1,47853.1,15742,4,0.0,6.0,True,2026-03-11 02:00:00,2.0,2026-03-11,False,False
2026-03-11 06:00:00+00:00,47852.6,47888.0,47552.1,47566.6,56021,4,0.0,4.125,True,2026-03-11 06:00:00,6.0,2026-03-11,False,False
2026-03-11 10:00:00+00:00,47566.1,47880.6,47403.6,47532.6,140073,4,0.0,3.274999999999636,True,2026-03-11 10:00:00,10.0,2026-03-11,False,False
2026-03-11 14:00:00+00:00,47532.1,47718.6,47211.1,47363.1,311153,4,1.0,2.599999999998545,True,2026-03-11 14:00:00,14.0,2026-03-11,True,False
2026-03-11 18:00:00+00:00,47364.1,47478.1,47285.1,47379.6,84150,3,0.6666666666666666,3.733333333332363,True,2026-03-11 18:00:00,18.0,2026-03-11,True,False
2026-03-11 22:00:00+00:00,47356.0,47386.0,46937.6,46993.6,42841,4,0.0,6.0,True,2026-03-11 22:00:00,22.0,2026-03-11,False,False
2026-03-12 02:00:00+00:00,46994.1,47018.6,46841.1,46957.1,27998,4,0.0,6.0,True,2026-03-12 02:00:00,2.0,2026-03-12,False,False
2026-03-12 06:00:00+00:00,46956.6,47249.1,46928.1,47232.1,43180,4,0.0,4.125,True,2026-03-12 06:00:00,6.0,2026-03-12,False,False
2026-03-12 10:00:00+00:00,47232.6,47252.6,46824.6,46850.6,133971,4,0.0,3.274999999999636,True,2026-03-12 10:00:00,10.0,2026-03-12,False,False
2026-03-12 14:00:00+00:00,46851.6,47114.6,46717.6,46852.6,337600,4,1.0,2.599999999998545,True,2026-03-12 14:00:00,14.0,2026-03-12,True,False
2026-03-12 18:00:00+00:00,46855.6,46937.1,46703.1,46772.1,88487,3,0.6666666666666666,3.733333333332363,True,2026-03-12 18:00:00,18.0,2026-03-12,True,False
2026-03-12 22:00:00+00:00,46779.0,46999.1,46717.1,46920.6,37545,4,0.0,6.0,True,2026-03-12 22:00:00,22.0,2026-03-12,False,False
2026-03-13 02:00:00+00:00,46920.1,46948.1,46840.1,46881.1,27022,4,0.0,6.0,True,2026-03-13 02:00:00,2.0,2026-03-13,False,False
2026-03-13 06:00:00+00:00,46880.6,46888.6,46458.1,46719.6,77970,4,0.0,4.125,True,2026-03-13 06:00:00,6.0,2026-03-13,False,False
2026-03-13 10:00:00+00:00,46720.6,47161.1,46713.6,46986.0,136484,4,0.0,3.275000000001455,True,2026-03-13 10:00:00,10.0,2026-03-13,False,False
2026-03-13 14:00:00+00:00,46987.5,47045.1,46589.6,46637.6,312308,4,1.0,2.599999999998545,True,2026-03-13 14:00:00,14.0,2026-03-13,True,False
2026-03-13 18:00:00+00:00,46641.1,46762.1,46528.6,46569.1,86160,3,0.6666666666666666,3.733333333332363,True,2026-03-13 18:00:00,18.0,2026-03-13,True,False
2026-03-15 22:00:00+00:00,46487.4,46814.0,46455.5,46801.5,46307,4,0.0,6.0,True,2026-03-15 22:00:00,22.0,2026-03-15,False,False
2026-03-16 02:00:00+00:00,46802.0,46833.5,46722.6,46825.0,22865,4,0.0,6.0,True,2026-03-16 02:00:00,2.0,2026-03-16,False,False
2026-03-16 06:00:00+00:00,46824.5,46845.5,46606.1,46624.5,57659,4,0.0,4.125,True,2026-03-16 06:00:00,6.0,2026-03-16,False,False
2026-03-16 10:00:00+00:00,46624.1,47178.6,46615.0,47174.1,121479,4,0.0,3.274999999999636,True,2026-03-16 10:00:00,10.0,2026-03-16,False,False
2026-03-16 14:00:00+00:00,47173.6,47220.6,46849.5,46933.5,117056,4,1.0,2.6000000000040018,True,2026-03-16 14:00:00,14.0,2026-03-16,True,False
2026-03-16 18:00:00+00:00,46932.5,47131.0,46925.0,46961.0,30494,3,0.6666666666666666,3.7333333333347887,True,2026-03-16 18:00:00,18.0,2026-03-16,True,False
2026-03-16 22:00:00+00:00,46954.5,46976.1,46848.0,46899.0,24943,4,0.0,6.0,True,2026-03-16 22:00:00,22.0,2026-03-16,False,False
2026-03-17 02:00:00+00:00,46899.1,46910.1,46767.5,46769.5,20194,4,0.0,6.0,True,2026-03-17 02:00:00,2.0,2026-03-17,False,False
2026-03-17 06:00:00+00:00,46768.5,46981.0,46706.6,46963.5,52206,4,0.0,4.125,True,2026-03-17 06:00:00,6.0,2026-03-17,False,False
2026-03-17 10:00:00+00:00,46963.0,47458.1,46871.0,47367.0,93616,4,0.0,3.275000000001455,True,2026-03-17 10:00:00,10.0,2026-03-17,False,False
2026-03-17 14:00:00+00:00,47366.0,47366.0,47019.0,47108.6,211318,4,1.0,2.599999999998545,True,2026-03-17 14:00:00,14.0,2026-03-17,True,False
2026-03-17 18:00:00+00:00,47109.6,47153.6,47004.6,47029.0,64749,3,0.6666666666666666,3.733333333332363,True,2026-03-17 18:00:00,18.0,2026-03-17,True,False
2026-03-17 22:00:00+00:00,47050.5,47116.1,46964.0,47108.5,14592,4,0.0,6.0,True,2026-03-17 22:00:00,22.0,2026-03-17,False,False
2026-03-18 02:00:00+00:00,47109.1,47274.5,47108.5,47263.5,10853,4,0.0,6.0,True,2026-03-18 02:00:00,2.0,2026-03-18,False,False
2026-03-18 06:00:00+00:00,47264.5,47329.5,47254.5,47274.5,24609,4,0.0,4.125,True,2026-03-18 06:00:00,6.0,2026-03-18,False,False
2026-03-18 10:00:00+00:00,47273.5,47292.5,46733.5,46847.0,110115,4,0.0,3.275000000001455,True,2026-03-18 10:00:00,10.0,2026-03-18,False,False
2026-03-18 14:00:00+00:00,46847.5,46857.0,46502.6,46596.0,198128,4,1.0,2.600000000002183,True,2026-03-18 14:00:00,14.0,2026-03-18,True,False
2026-03-18 18:00:00+00:00,46596.5,46636.5,46074.0,46103.5,77963,3,0.6666666666666666,3.733333333337214,True,2026-03-18 18:00:00,18.0,2026-03-18,True,False
2026-03-18 22:00:00+00:00,46168.5,46229.5,46096.5,46186.0,21925,4,0.0,6.0,True,2026-03-18 22:00:00,22.0,2026-03-18,False,False
2026-03-19 02:00:00+00:00,46186.5,46327.5,46152.0,46192.0,21691,4,0.0,6.0,True,2026-03-19 02:00:00,2.0,2026-03-19,False,False
2026-03-19 06:00:00+00:00,46191.5,46295.0,46034.0,46262.5,64207,4,0.0,4.125,True,2026-03-19 06:00:00,6.0,2026-03-19,False,False
2026-03-19 10:00:00+00:00,46262.0,46262.5,45806.5,46036.0,114042,4,0.0,3.275000000001455,True,2026-03-19 10:00:00,10.0,2026-03-19,False,False
2026-03-19 14:00:00+00:00,46036.0,46083.0,45744.0,45858.0,130378,4,1.0,2.6000000000058208,True,2026-03-19 14:00:00,14.0,2026-03-19,True,False
2026-03-19 18:00:00+00:00,45856.0,46267.0,45784.0,46101.5,26816,3,0.6666666666666666,3.733333333337214,True,2026-03-19 18:00:00,18.0,2026-03-19,True,False
2026-03-19 22:00:00+00:00,46406.0,46545.6,46387.5,46476.1,21594,4,0.0,6.0,True,2026-03-19 22:00:00,22.0,2026-03-19,False,False
2026-03-20 02:00:00+00:00,46477.6,46499.1,46387.1,46426.1,13373,4,0.0,6.0,True,2026-03-20 02:00:00,2.0,2026-03-20,False,False
2026-03-20 06:00:00+00:00,46425.1,46481.1,46134.6,46171.1,51151,4,0.0,4.125,True,2026-03-20 06:00:00,6.0,2026-03-20,False,False
2026-03-20 10:00:00+00:00,46171.6,46368.6,46011.6,46173.6,145729,4,0.0,3.274999999999636,True,2026-03-20 10:00:00,10.0,2026-03-20,False,False
2026-03-20 14:00:00+00:00,46173.1,46226.6,45976.1,46078.1,255473,4,1.0,2.599999999998545,True,2026-03-20 14:00:00,14.0,2026-03-20,True,False
2026-03-20 18:00:00+00:00,46078.6,46104.1,45661.1,45994.1,106195,3,0.6666666666666666,3.733333333332363,True,2026-03-20 18:00:00,18.0,2026-03-20,True,False
2026-03-22 22:00:00+00:00,45641.6,45962.5,45591.6,45907.1,71611,4,0.0,6.0,True,2026-03-22 22:00:00,22.0,2026-03-22,False,False
2026-03-23 02:00:00+00:00,45907.6,45945.1,45679.6,45741.1,44401,4,0.0,6.0,True,2026-03-23 02:00:00,2.0,2026-03-23,False,False
2026-03-23 06:00:00+00:00,45740.6,45746.6,45453.6,45560.6,118789,4,0.0,4.125,True,2026-03-23 06:00:00,6.0,2026-03-23,False,False
2026-03-23 10:00:00+00:00,45561.1,47212.1,45471.1,46815.5,273642,4,0.0,3.275000000001455,True,2026-03-23 10:00:00,10.0,2026-03-23,False,False
2026-03-23 14:00:00+00:00,46814.6,47028.1,46404.1,46719.6,335545,4,1.0,2.599999999998545,True,2026-03-23 14:00:00,14.0,2026-03-23,True,False
2026-03-23 18:00:00+00:00,46720.1,46823.6,46435.6,46511.0,88496,3,0.6666666666666666,3.733333333332363,True,2026-03-23 18:00:00,18.0,2026-03-23,True,False
2026-03-23 22:00:00+00:00,46520.5,46633.6,46221.1,46270.1,61080,4,0.0,6.0,True,2026-03-23 22:00:00,22.0,2026-03-23,False,False
2026-03-24 02:00:00+00:00,46269.6,46361.5,46171.6,46275.6,49216,4,0.0,6.0,True,2026-03-24 02:00:00,2.0,2026-03-24,False,False
2026-03-24 06:00:00+00:00,46277.5,46648.6,46268.5,46478.6,92389,4,0.0,4.125,True,2026-03-24 06:00:00,6.0,2026-03-24,False,False
2026-03-24 10:00:00+00:00,46478.1,46503.6,46047.1,46196.6,160546,4,0.0,3.274999999999636,True,2026-03-24 10:00:00,10.0,2026-03-24,False,False
2026-03-24 14:00:00+00:00,46196.1,46706.1,46171.1,46524.6,317851,4,1.0,2.599999999998545,True,2026-03-24 14:00:00,14.0,2026-03-24,True,False
2026-03-24 18:00:00+00:00,46525.1,46906.6,46395.1,46687.0,114368,3,0.6666666666666666,3.733333333332363,True,2026-03-24 18:00:00,18.0,2026-03-24,True,False
2026-03-24 22:00:00+00:00,46704.0,46892.1,46667.6,46778.1,40743,4,0.0,6.0,True,2026-03-24 22:00:00,22.0,2026-03-24,False,False
2026-03-25 02:00:00+00:00,46778.6,46827.1,46670.1,46753.6,31084,4,0.0,6.0,True,2026-03-25 02:00:00,2.0,2026-03-25,False,False
2026-03-25 06:00:00+00:00,46753.1,46967.1,46692.6,46789.1,65159,4,0.0,4.125,True,2026-03-25 06:00:00,6.0,2026-03-25,False,False
2026-03-25 10:00:00+00:00,46788.5,47037.1,46662.5,46675.6,133937,4,0.0,3.274999999999636,True,2026-03-25 10:00:00,10.0,2026-03-25,False,False
2026-03-25 14:00:00+00:00,46676.1,46880.1,46480.6,46763.1,258116,4,1.0,2.599999999998545,True,2026-03-25 14:00:00,14.0,2026-03-25,True,False
2026-03-25 18:00:00+00:00,46763.6,46836.1,46648.1,46708.1,75330,3,0.6666666666666666,3.733333333332363,True,2026-03-25 18:00:00,18.0,2026-03-25,True,False
2026-03-25 22:00:00+00:00,46718.5,46743.6,46587.6,46663.6,27172,4,0.0,6.0,True,2026-03-25 22:00:00,22.0,2026-03-25,False,False
2026-03-26 02:00:00+00:00,46662.1,46723.6,46516.1,46519.1,32945,4,0.0,6.0,True,2026-03-26 02:00:00,2.0,2026-03-26,False,False
2026-03-26 06:00:00+00:00,46519.6,46602.6,46327.5,46391.1,62757,4,0.0,4.125,True,2026-03-26 06:00:00,6.0,2026-03-26,False,False
2026-03-26 10:00:00+00:00,46391.6,46804.1,46267.5,46797.6,119647,4,0.0,3.274999999999636,True,2026-03-26 10:00:00,10.0,2026-03-26,False,False
2026-03-26 14:00:00+00:00,46797.1,46842.0,46220.6,46233.6,239292,4,1.0,2.599999999998545,True,2026-03-26 14:00:00,14.0,2026-03-26,True,False
2026-03-26 18:00:00+00:00,46234.1,46761.0,46172.6,46310.5,93981,3,0.6666666666666666,3.733333333332363,True,2026-03-26 18:00:00,18.0,2026-03-26,True,False
2026-03-26 22:00:00+00:00,46333.0,46485.6,46305.6,46400.6,37143,4,0.0,6.0,True,2026-03-26 22:00:00,22.0,2026-03-26,False,False
2026-03-27 02:00:00+00:00,46401.1,46504.6,46330.1,46457.6,23991,4,0.0,6.0,True,2026-03-27 02:00:00,2.0,2026-03-27,False,False
2026-03-27 06:00:00+00:00,46457.1,46497.6,46106.5,46137.6,58287,4,0.0,4.125,True,2026-03-27 06:00:00,6.0,2026-03-27,False,False
2026-03-27 10:00:00+00:00,46137.1,46198.6,45689.6,45743.0,122136,4,0.0,3.275000000001455,True,2026-03-27 10:00:00,10.0,2026-03-27,False,False
2026-03-27 14:00:00+00:00,45744.0,45995.0,45536.1,45542.1,252503,4,1.0,2.599999999998545,True,2026-03-27 14:00:00,14.0,2026-03-27,True,False
2026-03-27 18:00:00+00:00,45541.6,45569.1,45271.6,45315.1,90605,3,0.6666666666666666,3.733333333332363,True,2026-03-27 18:00:00,18.0,2026-03-27,True,False
2026-03-29 22:00:00+00:00,45175.6,45281.1,45056.5,45122.5,53957,3,0.0,6.0,True,2026-03-29 23:00:00,23.0,2026-03-29,False,False
2026-03-30 01:00:00+00:00,45123.1,45423.1,45103.1,45370.1,49376,4,0.0,6.0,True,2026-03-30 02:00:00,2.0,2026-03-30,False,False
2026-03-30 05:00:00+00:00,45369.6,45645.1,45369.1,45634.6,51025,4,0.0,4.125,True,2026-03-30 06:00:00,6.0,2026-03-30,False,False
2026-03-30 09:00:00+00:00,45635.1,45916.5,45538.1,45773.6,62138,4,0.0,3.5,True,2026-03-30 10:00:00,10.0,2026-03-30,False,False
2026-03-30 13:00:00+00:00,45774.1,45880.6,45528.1,45654.6,261515,4,0.75,2.599999999998545,True,2026-03-30 14:00:00,14.0,2026-03-30,False,False
2026-03-30 17:00:00+00:00,45655.1,45695.6,45307.1,45453.1,126515,4,0.75,3.4499999999989086,True,2026-03-30 18:00:00,18.0,2026-03-30,True,False
2026-03-30 22:00:00+00:00,45456.5,45777.5,45285.6,45689.6,49399,3,0.0,6.0,True,2026-03-30 23:00:00,23.0,2026-03-30,False,False
2026-03-31 01:00:00+00:00,45690.1,45980.6,45597.5,45833.6,79565,4,0.0,6.0,True,2026-03-31 02:00:00,2.0,2026-03-31,False,False
2026-03-31 05:00:00+00:00,45832.6,45976.6,45749.1,45846.5,76122,4,0.0,4.125,True,2026-03-31 06:00:00,6.0,2026-03-31,False,False
2026-03-31 09:00:00+00:00,45846.1,46068.0,45725.6,45932.1,96310,4,0.0,3.5,True,2026-03-31 10:00:00,10.0,2026-03-31,False,False
2026-03-31 13:00:00+00:00,45932.6,46577.5,45723.1,46328.6,361562,4,0.75,2.600000000000364,True,2026-03-31 14:00:00,14.0,2026-03-31,False,False
2026-03-31 17:00:00+00:00,46328.1,46642.6,46301.1,46558.1,225690,4,0.75,3.4499999999989086,True,2026-03-31 18:00:00,18.0,2026-03-31,True,False
2026-03-31 22:00:00+00:00,46503.5,46683.6,46502.5,46681.6,23338,3,0.0,6.0,True,2026-03-31 23:00:00,23.0,2026-03-31,False,False
2026-04-01 01:00:00+00:00,46682.1,46692.6,46584.6,46637.6,27658,4,0.0,6.0,True,2026-04-01 02:00:00,2.0,2026-04-01,False,False
2026-04-01 05:00:00+00:00,46638.1,46916.6,46633.1,46808.5,57162,4,0.0,4.125,True,2026-04-01 06:00:00,6.0,2026-04-01,False,False
2026-04-01 09:00:00+00:00,46808.0,47085.6,46701.6,46758.5,67723,4,0.0,3.5,True,2026-04-01 10:00:00,10.0,2026-04-01,False,False
2026-04-01 13:00:00+00:00,46757.6,47050.1,46707.6,46993.1,249645,4,0.75,2.600000000000364,True,2026-04-01 14:00:00,14.0,2026-04-01,False,False
2026-04-01 17:00:00+00:00,46994.1,47043.6,46758.1,46821.1,127401,4,0.75,3.4499999999989086,True,2026-04-01 18:00:00,18.0,2026-04-01,True,False
2026-04-01 22:00:00+00:00,46828.5,46924.1,46752.6,46915.6,25565,3,0.0,6.0,True,2026-04-01 23:00:00,23.0,2026-04-01,False,False
2026-04-02 01:00:00+00:00,46915.1,46925.0,46287.6,46298.1,78369,4,0.0,6.0,True,2026-04-02 02:00:00,2.0,2026-04-02,False,False
2026-04-02 05:00:00+00:00,46300.1,46418.6,46202.1,46366.6,48891,4,0.0,4.125,True,2026-04-02 06:00:00,6.0,2026-04-02,False,False
2026-04-02 09:00:00+00:00,46368.1,46396.6,46076.6,46152.5,54030,4,0.0,3.5,True,2026-04-02 10:00:00,10.0,2026-04-02,False,False
2026-04-02 13:00:00+00:00,46152.1,46986.1,46112.6,46596.1,357640,4,0.75,2.599999999998545,True,2026-04-02 14:00:00,14.0,2026-04-02,False,False
2026-04-02 17:00:00+00:00,46595.6,46771.6,46539.6,46747.5,116451,4,0.75,3.4499999999989086,True,2026-04-02 18:00:00,18.0,2026-04-02,True,False
2026-04-02 22:00:00+00:00,46741.0,46782.1,46705.6,46734.6,8374,3,0.0,6.0,True,2026-04-02 23:00:00,23.0,2026-04-02,False,False
2026-04-03 01:00:00+00:00,46735.1,46738.1,46650.1,46666.1,8421,4,0.0,6.0,True,2026-04-03 02:00:00,2.0,2026-04-03,False,False
2026-04-03 05:00:00+00:00,46666.6,46700.6,46584.6,46627.6,8008,4,0.0,4.125,True,2026-04-03 06:00:00,6.0,2026-04-03,False,False
2026-04-03 09:00:00+00:00,46627.1,46886.5,46587.5,46611.6,15079,4,0.0,3.5,True,2026-04-03 10:00:00,10.0,2026-04-03,False,False
2026-04-03 13:00:00+00:00,46611.1,46646.5,46594.5,46631.5,806,1,0.0,3.5,True,2026-04-03 14:00:00,14.0,2026-04-03,False,False
2026-04-05 22:00:00+00:00,46426.0,46586.6,46364.0,46578.1,28635,3,0.0,6.0,True,2026-04-05 23:00:00,23.0,2026-04-05,False,False
2026-04-06 01:00:00+00:00,46578.6,46753.0,46492.1,46639.1,32527,4,0.0,6.0,True,2026-04-06 02:00:00,2.0,2026-04-06,False,False
2026-04-06 05:00:00+00:00,46638.6,46816.1,46592.6,46793.6,30039,4,0.0,4.125,True,2026-04-06 06:00:00,6.0,2026-04-06,False,False
2026-04-06 09:00:00+00:00,46794.1,46831.1,46612.5,46712.1,31837,4,0.0,3.5,True,2026-04-06 10:00:00,10.0,2026-04-06,False,False
2026-04-06 13:00:00+00:00,46711.6,46933.1,46567.6,46850.1,226538,4,0.75,2.600000000000364,True,2026-04-06 14:00:00,14.0,2026-04-06,False,False
2026-04-06 17:00:00+00:00,46850.6,47051.6,46681.6,47011.1,74421,4,0.75,3.4499999999989086,True,2026-04-06 18:00:00,18.0,2026-04-06,True,False
2026-04-06 22:00:00+00:00,47002.1,47033.0,46910.6,46922.1,18853,3,0.0,6.0,True,2026-04-06 23:00:00,23.0,2026-04-06,False,False
2026-04-07 01:00:00+00:00,46922.6,46946.1,46700.6,46799.6,38790,4,0.0,6.0,True,2026-04-07 02:00:00,2.0,2026-04-07,False,False
2026-04-07 05:00:00+00:00,46800.6,47003.6,46742.6,46971.1,60579,4,0.0,4.125,True,2026-04-07 06:00:00,6.0,2026-04-07,False,False
2026-04-07 09:00:00+00:00,46970.6,47041.1,46590.0,46759.6,93669,4,0.0,3.5,True,2026-04-07 10:00:00,10.0,2026-04-07,False,False
2026-04-07 13:00:00+00:00,46760.1,46833.6,46425.1,46664.1,298942,4,0.75,2.599999999998545,True,2026-04-07 14:00:00,14.0,2026-04-07,False,False
2026-04-07 17:00:00+00:00,46664.6,46930.5,46471.1,46869.1,190320,4,0.75,3.4499999999989086,True,2026-04-07 18:00:00,18.0,2026-04-07,True,False
2026-04-07 22:00:00+00:00,47021.0,47817.1,46828.1,47728.6,54221,3,0.0,6.0,True,2026-04-07 23:00:00,23.0,2026-04-07,False,False
2026-04-08 01:00:00+00:00,47728.1,47893.6,47705.6,47857.1,24543,4,0.0,6.0,True,2026-04-08 02:00:00,2.0,2026-04-08,False,False
2026-04-08 05:00:00+00:00,47858.1,47973.6,47839.1,47932.1,47589,4,0.0,4.125,True,2026-04-08 06:00:00,6.0,2026-04-08,False,False
2026-04-08 09:00:00+00:00,47931.5,48144.1,47912.6,48041.6,53527,4,0.0,3.5,True,2026-04-08 10:00:00,10.0,2026-04-08,False,False
2026-04-08 13:00:00+00:00,48041.1,48261.6,47790.1,48052.1,213042,4,0.75,2.599999999998545,True,2026-04-08 14:00:00,14.0,2026-04-08,False,False
2026-04-08 17:00:00+00:00,48051.6,48161.5,47910.1,48098.6,111802,4,0.75,3.4499999999989086,True,2026-04-08 18:00:00,18.0,2026-04-08,True,False
2026-04-08 22:00:00+00:00,48083.0,48151.0,48045.1,48102.6,17294,3,0.0,6.0,True,2026-04-08 23:00:00,23.0,2026-04-08,False,False
2026-04-09 01:00:00+00:00,48103.1,48118.6,48046.0,48063.6,17915,4,0.0,6.0,True,2026-04-09 02:00:00,2.0,2026-04-09,False,False
2026-04-09 05:00:00+00:00,48064.1,48107.1,47932.6,47946.1,30653,4,0.0,4.125,True,2026-04-09 06:00:00,6.0,2026-04-09,False,False
2026-04-09 09:00:00+00:00,47945.6,48017.6,47901.6,47983.6,36038,4,0.0,3.5,True,2026-04-09 10:00:00,10.0,2026-04-09,False,False
2026-04-09 13:00:00+00:00,47984.1,48472.6,47923.0,48468.1,186769,4,0.75,2.599999999998545,True,2026-04-09 14:00:00,14.0,2026-04-09,False,False
2026-04-09 17:00:00+00:00,48468.6,48555.1,48382.1,48410.1,90528,4,0.75,3.4499999999989086,True,2026-04-09 18:00:00,18.0,2026-04-09,True,False
2026-04-09 22:00:00+00:00,48391.0,48416.0,48353.1,48396.1,9750,3,0.0,6.0,True,2026-04-09 23:00:00,23.0,2026-04-09,False,False
2026-04-10 01:00:00+00:00,48395.1,48420.1,48350.1,48355.6,10429,4,0.0,6.0,True,2026-04-10 02:00:00,2.0,2026-04-10,False,False
2026-04-10 05:00:00+00:00,48356.1,48391.1,48283.1,48290.6,16185,4,0.0,4.125,True,2026-04-10 06:00:00,6.0,2026-04-10,False,False
2026-04-10 09:00:00+00:00,48291.1,48512.0,48290.6,48413.1,29188,4,0.0,3.5,True,2026-04-10 10:00:00,10.0,2026-04-10,False,False
2026-04-10 13:00:00+00:00,48413.6,48453.1,48073.1,48124.6,136676,4,0.75,2.600000000000364,True,2026-04-10 14:00:00,14.0,2026-04-10,False,False
2026-04-10 17:00:00+00:00,48125.1,48178.1,48074.1,48159.1,53943,4,0.75,3.4499999999989086,True,2026-04-10 18:00:00,18.0,2026-04-10,True,False
2026-04-12 22:00:00+00:00,47665.5,47727.1,47534.6,47726.1,19117,3,0.0,6.0,True,2026-04-12 23:00:00,23.0,2026-04-12,False,False
2026-04-13 01:00:00+00:00,47725.6,47814.6,47723.1,47796.1,13146,4,0.0,6.0,True,2026-04-13 02:00:00,2.0,2026-04-13,False,False
2026-04-13 05:00:00+00:00,47795.6,47934.6,47786.1,47889.1,21302,4,0.0,4.125,True,2026-04-13 06:00:00,6.0,2026-04-13,False,False
2026-04-13 09:00:00+00:00,47889.6,47988.1,47615.1,47692.1,30065,4,0.0,3.5,True,2026-04-13 10:00:00,10.0,2026-04-13,False,False
2026-04-13 13:00:00+00:00,47692.6,48191.6,47685.1,48134.1,156994,4,0.75,2.600000000000364,True,2026-04-13 14:00:00,14.0,2026-04-13,False,False
2026-04-13 17:00:00+00:00,48133.6,48457.1,48128.1,48446.6,47529,4,0.75,3.4499999999989086,True,2026-04-13 18:00:00,18.0,2026-04-13,True,False
2026-04-13 22:00:00+00:00,48437.0,48457.6,48393.6,48433.6,5778,3,0.0,6.0,True,2026-04-13 23:00:00,23.0,2026-04-13,False,False
2026-04-14 01:00:00+00:00,48434.1,48454.6,48410.1,48418.1,5882,4,0.0,6.0,True,2026-04-14 02:00:00,2.0,2026-04-14,False,False
2026-04-14 05:00:00+00:00,48417.1,48521.6,48392.1,48516.6,17924,4,0.0,4.125,True,2026-04-14 06:00:00,6.0,2026-04-14,False,False
2026-04-14 09:00:00+00:00,48517.1,48534.1,48343.6,48469.6,25197,4,0.0,3.5,True,2026-04-14 10:00:00,10.0,2026-04-14,False,False
2026-04-14 13:00:00+00:00,48469.1,48770.5,48389.1,48669.1,115377,4,0.75,2.599999999998545,True,2026-04-14 14:00:00,14.0,2026-04-14,False,False
2026-04-14 17:00:00+00:00,48669.6,48807.1,48642.6,48785.1,52362,4,0.75,3.4499999999989086,True,2026-04-14 18:00:00,18.0,2026-04-14,True,False
2026-04-14 22:00:00+00:00,48737.5,48792.6,48721.6,48767.1,7038,3,0.0,6.0,True,2026-04-14 23:00:00,23.0,2026-04-14,False,False
2026-04-15 01:00:00+00:00,48766.1,48784.6,48723.6,48746.1,5826,4,0.0,6.0,True,2026-04-15 02:00:00,2.0,2026-04-15,False,False
2026-04-15 05:00:00+00:00,48746.6,48796.1,48706.1,48739.6,13783,4,0.0,4.125,True,2026-04-15 06:00:00,6.0,2026-04-15,False,False
2026-04-15 09:00:00+00:00,48740.1,48835.5,48665.1,48804.6,26433,4,0.0,3.5,True,2026-04-15 10:00:00,10.0,2026-04-15,False,False
2026-04-15 13:00:00+00:00,48805.1,48910.1,48482.1,48532.1,109041,4,0.75,2.600000000000364,True,2026-04-15 14:00:00,14.0,2026-04-15,False,False
2026-04-15 17:00:00+00:00,48531.6,48718.6,48531.1,48702.1,45868,4,0.75,3.4499999999989086,True,2026-04-15 18:00:00,18.0,2026-04-15,True,False
2026-04-15 22:00:00+00:00,48686.0,48774.1,48677.0,48761.1,4916,3,0.0,6.0,True,2026-04-15 23:00:00,23.0,2026-04-15,False,False
2026-04-16 01:00:00+00:00,48760.6,48770.1,48703.6,48714.6,5336,4,0.0,6.0,True,2026-04-16 02:00:00,2.0,2026-04-16,False,False
2026-04-16 05:00:00+00:00,48715.1,48741.6,48659.1,48684.1,11089,4,0.0,4.125,True,2026-04-16 06:00:00,6.0,2026-04-16,False,False
2026-04-16 09:00:00+00:00,48684.6,48800.6,48649.1,48785.1,12649,4,0.0,3.5,True,2026-04-16 10:00:00,10.0,2026-04-16,False,False
2026-04-16 13:00:00+00:00,48785.6,48871.1,48529.1,48677.6,125655,4,0.75,2.599999999998545,True,2026-04-16 14:00:00,14.0,2026-04-16,False,False
2026-04-16 17:00:00+00:00,48678.1,48833.1,48635.1,48826.1,54310,4,0.75,3.4499999999989086,True,2026-04-16 18:00:00,18.0,2026-04-16,True,False
2026-04-16 22:00:00+00:00,48813.0,48868.6,48809.5,48841.6,4420,3,0.0,6.0,True,2026-04-16 23:00:00,23.0,2026-04-16,False,False
2026-04-17 01:00:00+00:00,48840.6,48857.6,48818.1,48845.1,4903,4,0.0,6.0,True,2026-04-17 02:00:00,2.0,2026-04-17,False,False
2026-04-17 05:00:00+00:00,48844.6,48933.1,48822.1,48930.1,10520,4,0.0,4.125,True,2026-04-17 06:00:00,6.0,2026-04-17,False,False
2026-04-17 09:00:00+00:00,48929.6,49336.6,48911.1,49329.6,30470,4,0.0,3.5,True,2026-04-17 10:00:00,10.0,2026-04-17,False,False
2026-04-17 13:00:00+00:00,49330.1,49924.1,49242.6,49901.1,168200,4,0.75,2.599999999998545,True,2026-04-17 14:00:00,14.0,2026-04-17,False,False
2026-04-17 17:00:00+00:00,49900.6,49912.1,49605.6,49647.1,75588,4,0.75,3.4499999999989086,True,2026-04-17 18:00:00,18.0,2026-04-17,True,False
2026-04-19 22:00:00+00:00,49115.5,49264.1,49109.0,49208.6,17566,3,0.0,6.0,True,2026-04-19 23:00:00,23.0,2026-04-19,False,False
2026-04-20 01:00:00+00:00,49209.1,49311.6,49209.1,49301.1,9699,4,0.0,6.0,True,2026-04-20 02:00:00,2.0,2026-04-20,False,False
2026-04-20 05:00:00+00:00,49302.1,49375.6,49244.1,49369.1,29137,4,0.0,4.125,True,2026-04-20 06:00:00,6.0,2026-04-20,False,False
2026-04-20 09:00:00+00:00,49369.6,49468.1,49319.1,49443.6,23312,4,0.0,3.5,True,2026-04-20 10:00:00,10.0,2026-04-20,False,False
2026-04-20 13:00:00+00:00,49444.1,49685.6,49424.6,49576.1,143977,4,0.75,2.599999999998545,True,2026-04-20 14:00:00,14.0,2026-04-20,False,False
2026-04-20 17:00:00+00:00,49575.6,49731.6,49522.6,49692.1,43646,4,0.75,3.4499999999989086,True,2026-04-20 18:00:00,18.0,2026-04-20,True,False
2026-04-20 22:00:00+00:00,49683.5,49738.1,49656.6,49715.1,6289,3,0.0,6.0,True,2026-04-20 23:00:00,23.0,2026-04-20,False,False
2026-04-21 01:00:00+00:00,49715.6,49750.1,49676.1,49719.6,6737,4,0.0,6.0,True,2026-04-21 02:00:00,2.0,2026-04-21,False,False
2026-04-21 05:00:00+00:00,49719.1,49769.1,49667.6,49740.6,15501,4,0.0,4.125,True,2026-04-21 06:00:00,6.0,2026-04-21,False,False
2026-04-21 09:00:00+00:00,49741.1,49982.6,49712.1,49876.1,27953,4,0.0,3.5,True,2026-04-21 10:00:00,10.0,2026-04-21,False,False
2026-04-21 13:00:00+00:00,49876.6,50044.1,49481.1,49482.1,170302,4,0.75,2.599999999998545,True,2026-04-21 14:00:00,14.0,2026-04-21,False,False
2026-04-21 17:00:00+00:00,49483.1,49614.5,49229.1,49488.1,157900,4,0.75,3.4499999999989086,True,2026-04-21 18:00:00,18.0,2026-04-21,True,False
2026-04-21 22:00:00+00:00,49503.0,49585.1,49490.6,49550.6,7594,3,0.0,6.0,True,2026-04-21 23:00:00,23.0,2026-04-21,False,False
2026-04-22 01:00:00+00:00,49551.1,49593.6,49524.6,49526.6,7947,4,0.0,6.0,True,2026-04-22 02:00:00,2.0,2026-04-22,False,False
2026-04-22 05:00:00+00:00,49526.1,49647.6,49499.1,49564.6,21941,4,0.0,4.125,True,2026-04-22 06:00:00,6.0,2026-04-22,False,False
2026-04-22 09:00:00+00:00,49565.1,49731.6,49525.6,49612.6,27249,4,0.0,3.5,True,2026-04-22 10:00:00,10.0,2026-04-22,False,False
2026-04-22 13:00:00+00:00,49612.1,49809.1,49573.6,49584.1,130495,4,0.75,2.599999999998545,True,2026-04-22 14:00:00,14.0,2026-04-22,False,False
2026-04-22 17:00:00+00:00,49584.6,49680.6,49418.5,49491.1,51615,4,0.75,3.4499999999989086,True,2026-04-22 18:00:00,18.0,2026-04-22,True,False
2026-04-22 22:00:00+00:00,49490.5,49532.6,49129.1,49457.6,23667,3,0.0,6.0,True,2026-04-22 23:00:00,23.0,2026-04-22,False,False
2026-04-23 01:00:00+00:00,49457.1,49458.1,49283.6,49354.6,24679,4,0.0,6.0,True,2026-04-23 02:00:00,2.0,2026-04-23,False,False
2026-04-23 05:00:00+00:00,49355.1,49454.6,49320.6,49368.6,22060,4,0.0,4.125,True,2026-04-23 06:00:00,6.0,2026-04-23,False,False
2026-04-23 09:00:00+00:00,49368.1,49541.6,49253.1,49411.6,38503,4,0.0,3.5,True,2026-04-23 10:00:00,10.0,2026-04-23,False,False
2026-04-23 13:00:00+00:00,49412.1,49703.1,49358.5,49584.6,106907,4,0.75,2.599999999998545,True,2026-04-23 14:00:00,14.0,2026-04-23,False,False
2026-04-23 17:00:00+00:00,49585.6,49596.6,49036.6,49385.1,175971,4,0.75,3.4499999999989086,True,2026-04-23 18:00:00,18.0,2026-04-23,True,False
2026-04-23 22:00:00+00:00,49431.0,49494.1,49406.5,49443.6,9311,3,0.0,6.0,True,2026-04-23 23:00:00,23.0,2026-04-23,False,False
2026-04-24 01:00:00+00:00,49444.1,49449.1,49320.1,49380.1,17636,4,0.0,6.0,True,2026-04-24 02:00:00,2.0,2026-04-24,False,False
2026-04-24 05:00:00+00:00,49381.1,49450.6,49291.1,49305.1,22293,4,0.0,4.125,True,2026-04-24 06:00:00,6.0,2026-04-24,False,False
2026-04-24 09:00:00+00:00,49305.6,49598.6,49252.5,49388.6,49355,4,0.0,3.5,True,2026-04-24 10:00:00,10.0,2026-04-24,False,False
2026-04-24 13:00:00+00:00,49389.1,49515.6,49243.1,49343.1,156050,4,0.75,2.600000000000364,True,2026-04-24 14:00:00,14.0,2026-04-24,False,False
2026-04-24 17:00:00+00:00,49342.6,49421.6,49297.1,49377.6,44722,4,0.75,3.4499999999989086,True,2026-04-24 18:00:00,18.0,2026-04-24,True,False
2026-04-26 22:00:00+00:00,49311.0,49326.0,49230.5,49296.6,10240,3,0.0,6.0,True,2026-04-26 23:00:00,23.0,2026-04-26,False,False
2026-04-27 01:00:00+00:00,49297.1,49384.6,49285.6,49324.1,14630,4,0.0,6.0,True,2026-04-27 02:00:00,2.0,2026-04-27,False,False
2026-04-27 05:00:00+00:00,49324.6,49338.6,49268.1,49333.6,19344,4,0.0,4.125,True,2026-04-27 06:00:00,6.0,2026-04-27,False,False
2026-04-27 09:00:00+00:00,49334.1,49362.6,49299.1,49316.6,14792,4,0.0,3.5,True,2026-04-27 10:00:00,10.0,2026-04-27,False,False
2026-04-27 13:00:00+00:00,49316.1,49523.1,49190.1,49325.1,106101,4,0.75,2.599999999998545,True,2026-04-27 14:00:00,14.0,2026-04-27,False,False
2026-04-27 17:00:00+00:00,49325.6,49389.6,49285.1,49346.1,28066,4,0.75,3.4499999999989086,True,2026-04-27 18:00:00,18.0,2026-04-27,True,False
2026-04-27 22:00:00+00:00,49353.0,49439.1,49349.0,49379.1,9377,3,0.0,6.0,True,2026-04-27 23:00:00,23.0,2026-04-27,False,False
2026-04-28 01:00:00+00:00,49379.6,49428.6,49372.1,49400.1,11904,4,0.0,6.0,True,2026-04-28 02:00:00,2.0,2026-04-28,False,False
2026-04-28 05:00:00+00:00,49400.6,49452.1,49319.1,49428.1,24452,4,0.0,4.125,True,2026-04-28 06:00:00,6.0,2026-04-28,False,False
2026-04-28 09:00:00+00:00,49427.1,49549.1,49361.1,49501.1,44054,4,0.0,3.5,True,2026-04-28 10:00:00,10.0,2026-04-28,False,False
2026-04-28 13:00:00+00:00,49500.6,49547.6,49240.0,49349.6,149896,4,0.75,2.600000000000364,True,2026-04-28 14:00:00,14.0,2026-04-28,False,False
2026-04-28 17:00:00+00:00,49350.1,49375.6,49231.6,49353.1,42701,4,0.75,3.4499999999989086,True,2026-04-28 18:00:00,18.0,2026-04-28,True,False
2026-04-28 22:00:00+00:00,49359.5,49418.1,49341.0,49403.1,4019,3,0.0,6.0,True,2026-04-28 23:00:00,23.0,2026-04-28,False,False
2026-04-29 01:00:00+00:00,49403.6,49411.1,49341.1,49380.6,10875,4,0.0,6.0,True,2026-04-29 02:00:00,2.0,2026-04-29,False,False
2026-04-29 05:00:00+00:00,49381.6,49404.6,49273.1,49305.1,20183,4,0.0,4.125,True,2026-04-29 06:00:00,6.0,2026-04-29,False,False
2026-04-29 09:00:00+00:00,49305.6,49348.6,49202.1,49283.1,27787,4,0.0,3.5,True,2026-04-29 10:00:00,10.0,2026-04-29,False,False
2026-04-29 13:00:00+00:00,49283.6,49320.6,48879.6,48981.6,127415,4,0.75,2.599999999998545,True,2026-04-29 14:00:00,14.0,2026-04-29,False,False
2026-04-29 17:00:00+00:00,48981.1,49131.5,48789.6,48798.5,103834,4,0.75,3.4500000000007276,True,2026-04-29 18:00:00,18.0,2026-04-29,True,False
2026-04-29 22:00:00+00:00,48813.6,48947.1,48775.5,48872.6,11642,3,0.0,6.0,True,2026-04-29 23:00:00,23.0,2026-04-29,False,False
2026-04-30 01:00:00+00:00,48873.1,48908.6,48680.1,48682.1,25018,4,0.0,6.0,True,2026-04-30 02:00:00,2.0,2026-04-30,False,False
2026-04-30 05:00:00+00:00,48682.6,48841.1,48606.6,48817.5,34215,4,0.0,4.125,True,2026-04-30 06:00:00,6.0,2026-04-30,False,False
2026-04-30 09:00:00+00:00,48818.1,49408.6,48766.6,49313.6,43174,4,0.0,3.5,True,2026-04-30 10:00:00,10.0,2026-04-30,False,False
2026-04-30 13:00:00+00:00,49314.1,49765.1,49184.6,49686.1,127117,4,0.75,2.599999999998545,True,2026-04-30 14:00:00,14.0,2026-04-30,False,False
2026-04-30 17:00:00+00:00,49687.1,49933.6,49669.6,49908.1,50081,4,0.75,3.4499999999989086,True,2026-04-30 18:00:00,18.0,2026-04-30,True,False
2026-04-30 22:00:00+00:00,49920.5,49944.6,49880.1,49922.1,8415,3,0.0,6.0,True,2026-04-30 23:00:00,23.0,2026-04-30,False,False
2026-05-01 01:00:00+00:00,49921.1,49949.1,49882.1,49901.1,5137,4,0.0,6.0,True,2026-05-01 02:00:00,2.0,2026-05-01,False,False
2026-05-01 05:00:00+00:00,49900.6,49915.1,49860.1,49890.6,6947,4,0.0,4.125,True,2026-05-01 06:00:00,6.0,2026-05-01,False,False
2026-05-01 09:00:00+00:00,49890.1,50092.1,49868.1,49972.6,13871,4,0.0,3.5,True,2026-05-01 10:00:00,10.0,2026-05-01,False,False
2026-05-01 13:00:00+00:00,49972.1,50137.1,49705.6,49737.6,119760,4,0.75,2.600000000000364,True,2026-05-01 14:00:00,14.0,2026-05-01,False,False
2026-05-01 17:00:00+00:00,49738.1,49844.1,49611.1,49612.1,39985,4,0.75,3.4499999999989086,True,2026-05-01 18:00:00,18.0,2026-05-01,True,False
2026-05-03 22:00:00+00:00,49774.0,49779.5,49631.1,49673.6,11277,3,0.0,6.0,True,2026-05-03 23:00:00,23.0,2026-05-03,False,False
2026-05-04 01:00:00+00:00,49674.1,49678.6,49572.1,49601.1,13028,4,0.0,6.0,True,2026-05-04 02:00:00,2.0,2026-05-04,False,False
2026-05-04 05:00:00+00:00,49600.6,49650.6,49493.6,49537.6,21023,4,0.0,4.125,True,2026-05-04 06:00:00,6.0,2026-05-04,False,False
2026-05-04 09:00:00+00:00,49538.1,49566.6,49225.5,49482.6,56635,4,0.0,3.5,True,2026-05-04 10:00:00,10.0,2026-05-04,False,False
2026-05-04 13:00:00+00:00,49483.1,49562.1,49020.1,49073.6,177926,4,0.75,2.599999999998545,True,2026-05-04 14:00:00,14.0,2026-05-04,False,False
2026-05-04 17:00:00+00:00,49074.1,49230.6,49027.6,49077.6,61171,4,0.75,3.4499999999989086,True,2026-05-04 18:00:00,18.0,2026-05-04,True,False
2026-05-04 22:00:00+00:00,49091.0,49133.1,49060.6,49095.6,6783,3,0.0,6.0,True,2026-05-04 23:00:00,23.0,2026-05-04,False,False
2026-05-05 01:00:00+00:00,49095.1,49151.1,49065.6,49136.6,7956,4,0.0,6.0,True,2026-05-05 02:00:00,2.0,2026-05-05,False,False
2026-05-05 05:00:00+00:00,49135.6,49266.6,49103.6,49202.1,19378,4,0.0,4.125,True,2026-05-05 06:00:00,6.0,2026-05-05,False,False
2026-05-05 09:00:00+00:00,49203.1,49306.6,49143.1,49257.1,20747,4,0.0,3.5,True,2026-05-05 10:00:00,10.0,2026-05-05,False,False
2026-05-05 13:00:00+00:00,49257.6,49430.6,49121.6,49306.1,97673,4,0.75,2.600000000000364,True,2026-05-05 14:00:00,14.0,2026-05-05,False,False
2026-05-05 17:00:00+00:00,49306.6,49476.6,49294.1,49395.5,31174,4,0.75,3.4499999999989086,True,2026-05-05 18:00:00,18.0,2026-05-05,True,False
2026-05-05 22:00:00+00:00,49395.0,49554.1,49352.1,49507.1,15420,3,0.0,6.0,True,2026-05-05 23:00:00,23.0,2026-05-05,False,False
2026-05-06 01:00:00+00:00,49506.6,49571.6,49506.6,49509.6,10431,4,0.0,6.0,True,2026-05-06 02:00:00,2.0,2026-05-06,False,False
2026-05-06 05:00:00+00:00,49509.1,49781.6,49460.5,49717.1,26622,4,0.0,4.125,True,2026-05-06 06:00:00,6.0,2026-05-06,False,False
2026-05-06 09:00:00+00:00,49717.6,50062.6,49652.6,49832.1,59140,4,0.0,3.5,True,2026-05-06 10:00:00,10.0,2026-05-06,False,False
2026-05-06 13:00:00+00:00,49832.6,50092.1,49767.1,49915.1,139868,4,0.75,2.599999999998545,True,2026-05-06 14:00:00,14.0,2026-05-06,False,False
2026-05-06 17:00:00+00:00,49915.6,50134.6,49885.1,50026.5,44390,4,0.75,3.4499999999989086,True,2026-05-06 18:00:00,18.0,2026-05-06,True,False
2026-05-06 22:00:00+00:00,50035.0,50067.1,49984.1,50064.1,8140,3,0.0,6.0,True,2026-05-06 23:00:00,23.0,2026-05-06,False,False
2026-05-07 01:00:00+00:00,50063.1,50116.6,50046.1,50111.1,8816,4,0.0,6.0,True,2026-05-07 02:00:00,2.0,2026-05-07,False,False
2026-05-07 05:00:00+00:00,50112.1,50217.6,50061.6,50073.6,25280,4,0.0,4.125,True,2026-05-07 06:00:00,6.0,2026-05-07,False,False
2026-05-07 09:00:00+00:00,50073.1,50175.1,50017.1,50143.1,20373,4,0.0,3.5,True,2026-05-07 10:00:00,10.0,2026-05-07,False,False
2026-05-07 13:00:00+00:00,50142.6,50238.1,49719.1,49731.6,144044,4,0.75,2.599999999998545,True,2026-05-07 14:00:00,14.0,2026-05-07,False,False
2026-05-07 17:00:00+00:00,49732.1,49830.6,49583.1,49641.5,115776,4,0.75,3.4499999999989086,True,2026-05-07 18:00:00,18.0,2026-05-07,True,False
2026-05-07 22:00:00+00:00,49590.5,49771.6,49583.1,49735.1,11092,3,0.0,6.0,True,2026-05-07 23:00:00,23.0,2026-05-07,False,False
2026-05-08 01:00:00+00:00,49734.6,49786.1,49703.1,49753.1,14249,4,0.0,6.0,True,2026-05-08 02:00:00,2.0,2026-05-08,False,False
2026-05-08 05:00:00+00:00,49754.6,49818.6,49733.6,49807.6,21833,4,0.0,4.125,True,2026-05-08 06:00:00,6.0,2026-05-08,False,False
2026-05-08 09:00:00+00:00,49808.1,49957.6,49792.0,49854.6,22972,4,0.0,3.5,True,2026-05-08 10:00:00,10.0,2026-05-08,False,False
2026-05-08 13:00:00+00:00,49854.1,49949.1,49658.1,49659.1,118542,4,0.75,2.600000000000364,True,2026-05-08 14:00:00,14.0,2026-05-08,False,False
2026-05-08 17:00:00+00:00,49658.1,49762.5,49585.1,49704.6,42294,4,0.75,3.4499999999989086,True,2026-05-08 18:00:00,18.0,2026-05-08,True,False
2026-05-10 22:00:00+00:00,49584.0,49601.5,49472.5,49526.6,13623,3,0.0,6.0,True,2026-05-10 23:00:00,23.0,2026-05-10,False,False
2026-05-11 01:00:00+00:00,49526.1,49616.1,49522.6,49583.1,13658,4,0.0,6.0,True,2026-05-11 02:00:00,2.0,2026-05-11,False,False
2026-05-11 05:00:00+00:00,49583.6,49707.1,49582.1,49671.6,15307,4,0.0,4.125,True,2026-05-11 06:00:00,6.0,2026-05-11,False,False
2026-05-11 09:00:00+00:00,49671.1,49708.6,49595.1,49624.6,18398,4,0.0,3.5,True,2026-05-11 10:00:00,10.0,2026-05-11,False,False
2026-05-11 13:00:00+00:00,49624.1,49813.1,49561.6,49683.1,145557,4,0.75,2.599999999998545,True,2026-05-11 14:00:00,14.0,2026-05-11,False,False
2026-05-11 17:00:00+00:00,49683.6,49870.1,49672.6,49811.6,50382,4,0.75,3.4499999999989086,True,2026-05-11 18:00:00,18.0,2026-05-11,True,False
2026-05-11 22:00:00+00:00,49788.5,49841.6,49748.1,49759.1,5363,3,0.0,6.0,True,2026-05-11 23:00:00,23.0,2026-05-11,False,False
2026-05-12 01:00:00+00:00,49759.6,49814.1,49713.1,49767.1,16891,4,0.0,6.0,True,2026-05-12 02:00:00,2.0,2026-05-12,False,False
2026-05-12 05:00:00+00:00,49766.6,49805.6,49643.1,49745.6,23786,4,0.0,4.125,True,2026-05-12 06:00:00,6.0,2026-05-12,False,False
2026-05-12 09:00:00+00:00,49744.6,49832.1,49709.1,49820.6,27987,4,0.0,3.5,True,2026-05-12 10:00:00,10.0,2026-05-12,False,False
2026-05-12 13:00:00+00:00,49820.1,49830.1,49396.1,49730.1,178887,4,0.75,2.599999999998545,True,2026-05-12 14:00:00,14.0,2026-05-12,False,False
2026-05-12 17:00:00+00:00,49730.6,49923.1,49714.6,49866.1,71349,4,0.75,3.4499999999989086,True,2026-05-12 18:00:00,18.0,2026-05-12,True,False
2026-05-12 22:00:00+00:00,49843.1,49887.6,49813.1,49840.1,11663,3,0.0,6.0,True,2026-05-12 23:00:00,23.0,2026-05-12,False,False
2026-05-13 01:00:00+00:00,49839.6,49882.1,49818.6,49868.6,10846,4,0.0,6.0,True,2026-05-13 02:00:00,2.0,2026-05-13,False,False
2026-05-13 05:00:00+00:00,49867.6,49893.6,49778.5,49799.6,13290,4,0.0,4.125,True,2026-05-13 06:00:00,6.0,2026-05-13,False,False
2026-05-13 09:00:00+00:00,49799.1,49806.6,49591.1,49618.6,25226,4,0.0,3.5,True,2026-05-13 10:00:00,10.0,2026-05-13,False,False
2026-05-13 13:00:00+00:00,49619.1,49768.1,49534.6,49689.1,145167,4,0.75,2.599999999998545,True,2026-05-13 14:00:00,14.0,2026-05-13,False,False
2026-05-13 17:00:00+00:00,49689.6,49911.1,49677.6,49898.1,51225,4,0.75,3.4499999999989086,True,2026-05-13 18:00:00,18.0,2026-05-13,True,False
2026-05-13 22:00:00+00:00,49859.5,49929.1,49859.5,49912.1,7702,3,0.0,6.0,True,2026-05-13 23:00:00,23.0,2026-05-13,False,False
2026-05-14 01:00:00+00:00,49913.1,49924.6,49872.1,49907.1,9343,4,0.0,6.0,True,2026-05-14 02:00:00,2.0,2026-05-14,False,False
2026-05-14 05:00:00+00:00,49906.6,50033.1,49894.6,50014.1,19886,4,0.0,4.125,True,2026-05-14 06:00:00,6.0,2026-05-14,False,False
2026-05-14 09:00:00+00:00,50014.6,50241.6,49964.6,50240.6,23724,4,0.0,3.5,True,2026-05-14 10:00:00,10.0,2026-05-14,False,False
2026-05-14 13:00:00+00:00,50240.1,50292.1,49954.1,50099.1,151407,4,0.75,2.599999999998545,True,2026-05-14 14:00:00,14.0,2026-05-14,False,False
2026-05-14 17:00:00+00:00,50099.6,50197.1,50060.6,50155.6,63460,4,0.75,3.4499999999989086,True,2026-05-14 18:00:00,18.0,2026-05-14,True,False
2026-05-14 22:00:00+00:00,50139.5,50159.0,50052.1,50060.6,8974,3,0.0,6.0,True,2026-05-14 23:00:00,23.0,2026-05-14,False,False
2026-05-15 01:00:00+00:00,50060.1,50066.1,49953.1,50031.6,25383,4,0.0,6.0,True,2026-05-15 02:00:00,2.0,2026-05-15,False,False
2026-05-15 05:00:00+00:00,50032.1,50034.1,49745.1,49848.6,45726,4,0.0,4.125,True,2026-05-15 06:00:00,6.0,2026-05-15,False,False
2026-05-15 09:00:00+00:00,49849.1,49988.6,49662.6,49706.6,57610,4,0.0,3.5,True,2026-05-15 10:00:00,10.0,2026-05-15,False,False
2026-05-15 13:00:00+00:00,49707.1,49851.6,49586.6,49714.1,199222,4,0.75,2.599999999998545,True,2026-05-15 14:00:00,14.0,2026-05-15,False,False
2026-05-15 17:00:00+00:00,49715.1,49793.1,49435.1,49468.6,86667,4,0.75,3.4499999999989086,True,2026-05-15 18:00:00,18.0,2026-05-15,True,False
2026-05-17 22:00:00+00:00,49483.0,49555.1,49302.1,49348.1,39338,3,0.0,6.0,True,2026-05-17 23:00:00,23.0,2026-05-17,False,False
2026-05-18 01:00:00+00:00,49348.6,49362.6,49151.6,49201.6,42735,4,0.0,6.0,True,2026-05-18 02:00:00,2.0,2026-05-18,False,False
2026-05-18 05:00:00+00:00,49201.1,49349.1,49189.1,49349.1,44113,4,0.0,4.125,True,2026-05-18 06:00:00,6.0,2026-05-18,False,False
2026-05-18 09:00:00+00:00,49348.6,49703.6,49192.1,49653.1,57061,4,0.0,3.5,True,2026-05-18 10:00:00,10.0,2026-05-18,False,False
2026-05-18 13:00:00+00:00,49653.6,49845.1,49488.1,49604.1,221047,4,0.75,2.599999999998545,True,2026-05-18 14:00:00,14.0,2026-05-18,False,False
2026-05-18 17:00:00+00:00,49603.6,49780.6,49427.1,49746.1,119466,4,0.75,3.4499999999989086,True,2026-05-18 18:00:00,18.0,2026-05-18,True,False
2026-05-18 22:00:00+00:00,49735.0,49818.1,49733.5,49748.6,18452,3,0.0,6.0,True,2026-05-18 23:00:00,23.0,2026-05-18,False,False
2026-05-19 01:00:00+00:00,49748.1,49782.1,49637.6,49678.6,30249,4,0.0,6.0,True,2026-05-19 02:00:00,2.0,2026-05-19,False,False
2026-05-19 05:00:00+00:00,49680.6,49839.1,49606.0,49759.6,38326,4,0.0,4.125,True,2026-05-19 06:00:00,6.0,2026-05-19,False,False
2026-05-19 09:00:00+00:00,49759.1,49759.1,49587.6,49693.6,41435,4,0.0,3.5,True,2026-05-19 10:00:00,10.0,2026-05-19,False,False
2026-05-19 13:00:00+00:00,49693.1,49705.6,49323.6,49641.1,219619,4,0.75,2.600000000000364,True,2026-05-19 14:00:00,14.0,2026-05-19,False,False
2026-05-19 17:00:00+00:00,49640.6,49695.1,49398.1,49429.1,81840,4,0.75,3.4499999999989086,True,2026-05-19 18:00:00,18.0,2026-05-19,True,False
2026-05-19 22:00:00+00:00,49436.5,49544.5,49345.1,49411.6,25185,3,0.0,6.0,True,2026-05-19 23:00:00,23.0,2026-05-19,False,False
2026-05-20 01:00:00+00:00,49412.1,49472.6,49293.6,49358.6,48156,4,0.0,6.0,True,2026-05-20 02:00:00,2.0,2026-05-20,False,False
2026-05-20 05:00:00+00:00,49358.1,49535.6,49356.6,49500.6,35869,4,0.0,4.125,True,2026-05-20 06:00:00,6.0,2026-05-20,False,False
2026-05-20 09:00:00+00:00,49500.1,49702.1,49465.1,49623.1,29009,4,0.0,3.5,True,2026-05-20 10:00:00,10.0,2026-05-20,False,False
2026-05-20 13:00:00+00:00,49622.6,50019.0,49301.6,49959.1,228980,4,0.75,2.599999999998545,True,2026-05-20 14:00:00,14.0,2026-05-20,False,False
2026-05-20 17:00:00+00:00,49959.6,50159.1,49915.6,50041.1,82247,4,0.75,3.4500000000007276,True,2026-05-20 18:00:00,18.0,2026-05-20,True,False
2026-05-20 22:00:00+00:00,50026.5,50056.0,49919.0,49963.1,16788,3,0.0,6.0,True,2026-05-20 23:00:00,23.0,2026-05-20,False,False
2026-05-21 01:00:00+00:00,49963.6,50066.1,49961.1,50061.6,14612,4,0.0,6.0,True,2026-05-21 02:00:00,2.0,2026-05-21,False,False
2026-05-21 05:00:00+00:00,50062.1,50204.1,49951.1,50119.6,35562,4,0.0,4.125,True,2026-05-21 06:00:00,6.0,2026-05-21,False,False
2026-05-21 09:00:00+00:00,50119.1,50283.6,49896.1,49921.6,56649,4,0.0,3.5,True,2026-05-21 10:00:00,10.0,2026-05-21,False,False
2026-05-21 13:00:00+00:00,49921.1,50159.6,49774.6,49999.6,197966,4,0.75,2.599999999998545,True,2026-05-21 14:00:00,14.0,2026-05-21,False,False
2026-05-21 17:00:00+00:00,50000.6,50469.6,49983.6,50404.1,146013,4,0.75,3.4499999999989086,True,2026-05-21 18:00:00,18.0,2026-05-21,True,False
2026-05-21 22:00:00+00:00,50406.0,50519.1,50404.5,50507.6,8666,3,0.0,6.0,True,2026-05-21 23:00:00,23.0,2026-05-21,False,False
2026-05-22 01:00:00+00:00,50507.1,50571.6,50466.6,50560.1,11087,4,0.0,6.0,True,2026-05-22 02:00:00,2.0,2026-05-22,False,False
2026-05-22 05:00:00+00:00,50559.6,50592.6,50461.6,50513.1,22759,4,0.0,4.125,True,2026-05-22 06:00:00,6.0,2026-05-22,False,False
2026-05-22 09:00:00+00:00,50512.6,50806.6,50443.1,50800.6,31752,4,0.0,3.5,True,2026-05-22 10:00:00,10.0,2026-05-22,False,False
2026-05-22 13:00:00+00:00,50801.1,50864.6,50605.1,50775.1,141849,4,0.75,2.599999999998545,True,2026-05-22 14:00:00,14.0,2026-05-22,False,False
2026-05-22 17:00:00+00:00,50775.6,50918.1,50643.6,50678.1,68285,4,0.75,3.4499999999989086,True,2026-05-22 18:00:00,18.0,2026-05-22,True,False
2026-05-24 22:00:00+00:00,50891.5,50975.1,50864.0,50932.1,12138,3,0.0,6.0,True,2026-05-24 23:00:00,23.0,2026-05-24,False,False
2026-05-25 01:00:00+00:00,50931.6,51061.1,50922.1,51039.6,10908,4,0.0,6.0,True,2026-05-25 02:00:00,2.0,2026-05-25,False,False
2026-05-25 05:00:00+00:00,51039.1,51110.6,50986.1,51087.6,14146,4,0.0,4.125,True,2026-05-25 06:00:00,6.0,2026-05-25,False,False
2026-05-25 09:00:00+00:00,51088.1,51187.5,51065.0,51124.6,9806,4,0.0,3.5,True,2026-05-25 10:00:00,10.0,2026-05-25,False,False
2026-05-25 13:00:00+00:00,51124.1,51209.6,51059.6,51139.1,19917,4,0.75,2.599999999998545,True,2026-05-25 14:00:00,14.0,2026-05-25,False,False
2026-05-25 22:00:00+00:00,51061.0,51137.5,50947.1,50969.1,11894,3,0.0,6.0,True,2026-05-25 23:00:00,23.0,2026-05-25,False,False
2026-05-26 01:00:00+00:00,50969.6,50997.6,50939.6,50974.1,12362,4,0.0,6.0,True,2026-05-26 02:00:00,2.0,2026-05-26,False,False
2026-05-26 05:00:00+00:00,50972.6,51027.6,50889.1,50905.1,17056,4,0.0,4.125,True,2026-05-26 06:00:00,6.0,2026-05-26,False,False
2026-05-26 09:00:00+00:00,50905.6,50975.6,50864.6,50892.6,17780,4,0.0,3.5,True,2026-05-26 10:00:00,10.0,2026-05-26,False,False
2026-05-26 13:00:00+00:00,50892.1,50897.6,50462.1,50463.1,134039,4,0.75,2.600000000000364,True,2026-05-26 14:00:00,14.0,2026-05-26,False,False
2026-05-26 17:00:00+00:00,50462.6,50581.1,50424.6,50520.6,42579,4,0.75,3.4499999999989086,True,2026-05-26 18:00:00,18.0,2026-05-26,True,False
2026-05-26 22:00:00+00:00,50526.0,50616.6,50498.5,50603.6,9198,3,0.0,6.0,True,2026-05-26 23:00:00,23.0,2026-05-26,False,False
2026-05-27 01:00:00+00:00,50603.1,50606.1,50568.1,50600.6,7779,4,0.0,6.0,True,2026-05-27 02:00:00,2.0,2026-05-27,False,False
2026-05-27 05:00:00+00:00,50600.1,50756.1,50597.6,50738.6,12591,4,0.0,4.125,True,2026-05-27 06:00:00,6.0,2026-05-27,False,False
2026-05-27 09:00:00+00:00,50739.1,50797.6,50507.6,50614.1,26206,4,0.0,3.5,True,2026-05-27 10:00:00,10.0,2026-05-27,False,False
2026-05-27 13:00:00+00:00,50613.6,50896.1,50543.1,50716.6,150991,4,0.75,2.599999999998545,True,2026-05-27 14:00:00,14.0,2026-05-27,False,False
2026-05-27 17:00:00+00:00,50716.1,50806.6,50656.5,50790.1,47045,4,0.75,3.4499999999989086,True,2026-05-27 18:00:00,18.0,2026-05-27,True,False
2026-05-27 22:00:00+00:00,50776.5,50818.6,50712.0,50779.6,12310,3,0.0,6.0,True,2026-05-27 23:00:00,23.0,2026-05-27,False,False
2026-05-28 01:00:00+00:00,50779.1,50789.1,50593.6,50626.1,27519,4,0.0,6.0,True,2026-05-28 02:00:00,2.0,2026-05-28,False,False
2026-05-28 05:00:00+00:00,50627.1,50735.1,50612.6,50678.1,19665,4,0.0,4.125,True,2026-05-28 06:00:00,6.0,2026-05-28,False,False
2026-05-28 09:00:00+00:00,50677.6,50700.6,50576.1,50650.1,22254,4,0.0,3.5,True,2026-05-28 10:00:00,10.0,2026-05-28,False,False
2026-05-28 13:00:00+00:00,50650.6,50852.0,50386.1,50774.1,130529,4,0.75,2.599999999998545,True,2026-05-28 14:00:00,14.0,2026-05-28,False,False
2026-05-28 17:00:00+00:00,50773.6,50804.1,50636.6,50759.6,36978,4,0.75,3.4499999999989086,True,2026-05-28 18:00:00,18.0,2026-05-28,True,False
2026-05-28 22:00:00+00:00,50737.5,50778.5,50714.1,50728.1,6416,3,0.0,6.0,True,2026-05-28 23:00:00,23.0,2026-05-28,False,False
2026-05-29 01:00:00+00:00,50728.6,50796.1,50702.1,50785.1,9329,4,0.0,6.0,True,2026-05-29 02:00:00,2.0,2026-05-29,False,False
2026-05-29 05:00:00+00:00,50784.6,50819.1,50744.5,50787.6,12460,4,0.0,4.125,True,2026-05-29 06:00:00,6.0,2026-05-29,False,False
2026-05-29 09:00:00+00:00,50788.1,50905.6,50785.1,50873.6,16127,4,0.0,3.5,True,2026-05-29 10:00:00,10.0,2026-05-29,False,False
2026-05-29 13:00:00+00:00,50874.1,51140.6,50730.1,51045.1,149238,4,0.75,2.599999999998545,True,2026-05-29 14:00:00,14.0,2026-05-29,False,False
2026-05-29 17:00:00+00:00,51044.6,51139.6,50967.6,51050.1,56830,4,0.75,3.4499999999989086,True,2026-05-29 18:00:00,18.0,2026-05-29,True,False
2026-05-31 22:00:00+00:00,51052.5,51164.6,50996.5,51121.1,8782,3,0.0,6.0,True,2026-05-31 23:00:00,23.0,2026-05-31,False,False
2026-06-01 01:00:00+00:00,51121.6,51166.6,51090.1,51134.1,7003,4,0.0,6.0,True,2026-06-01 02:00:00,2.0,2026-06-01,False,False
2026-06-01 05:00:00+00:00,51133.6,51225.6,51085.6,51215.6,10784,4,0.0,4.125,True,2026-06-01 06:00:00,6.0,2026-06-01,False,False
2026-06-01 09:00:00+00:00,51216.1,51384.1,51184.1,51225.1,16252,4,0.0,3.5,True,2026-06-01 10:00:00,10.0,2026-06-01,False,False
2026-06-01 13:00:00+00:00,51223.6,51239.6,50824.6,50960.1,147652,4,0.75,2.600000000000364,True,2026-06-01 14:00:00,14.0,2026-06-01,False,False
2026-06-01 17:00:00+00:00,50960.6,51176.1,50899.5,51108.6,46251,4,0.75,3.4499999999989086,True,2026-06-01 18:00:00,18.0,2026-06-01,True,False
2026-06-01 22:00:00+00:00,51070.6,51079.1,50879.1,50887.6,12267,3,0.0,6.0,True,2026-06-01 23:00:00,23.0,2026-06-01,False,False
2026-06-02 01:00:00+00:00,50888.1,50947.1,50871.6,50946.1,11686,4,0.0,6.0,True,2026-06-02 02:00:00,2.0,2026-06-02,False,False
2026-06-02 05:00:00+00:00,50947.1,51084.1,50934.6,51016.1,13308,4,0.0,4.125,True,2026-06-02 06:00:00,6.0,2026-06-02,False,False
2026-06-02 09:00:00+00:00,51015.1,51015.1,50865.1,50883.1,13640,4,0.0,3.5,True,2026-06-02 10:00:00,10.0,2026-06-02,False,False
2026-06-02 13:00:00+00:00,50883.6,51347.1,50841.6,51292.6,130749,4,0.75,2.600000000000364,True,2026-06-02 14:00:00,14.0,2026-06-02,False,False
2026-06-02 17:00:00+00:00,51292.1,51442.6,51254.1,51428.1,35288,4,0.75,3.4499999999989086,True,2026-06-02 18:00:00,18.0,2026-06-02,True,False
2026-06-02 22:00:00+00:00,51408.5,51420.0,51273.6,51378.6,13225,3,0.0,6.0,True,2026-06-02 23:00:00,23.0,2026-06-02,False,False
2026-06-03 01:00:00+00:00,51378.1,51392.6,51358.6,51367.6,6094,4,0.0,6.0,True,2026-06-03 02:00:00,2.0,2026-06-03,False,False
2026-06-03 05:00:00+00:00,51367.1,51380.1,51245.6,51260.1,15020,4,0.0,4.125,True,2026-06-03 06:00:00,6.0,2026-06-03,False,False
2026-06-03 09:00:00+00:00,51259.6,51287.1,51139.1,51181.1,20049,4,0.0,3.5,True,2026-06-03 10:00:00,10.0,2026-06-03,False,False
2026-06-03 13:00:00+00:00,51181.6,51264.6,50880.1,50936.1,148641,4,0.75,2.600000000000364,True,2026-06-03 14:00:00,14.0,2026-06-03,False,False
2026-06-03 17:00:00+00:00,50936.6,50975.1,50738.1,50758.6,58357,4,0.75,3.4499999999989086,True,2026-06-03 18:00:00,18.0,2026-06-03,True,False
2026-06-03 22:00:00+00:00,50770.0,50853.0,50768.0,50819.6,16527,3,0.0,6.0,True,2026-06-03 23:00:00,23.0,2026-06-03,False,False
2026-06-04 01:00:00+00:00,50819.1,50844.6,50753.6,50812.1,17777,4,0.0,6.0,True,2026-06-04 02:00:00,2.0,2026-06-04,False,False
2026-06-04 05:00:00+00:00,50811.1,51009.0,50774.6,50907.1,24231,4,0.0,4.125,True,2026-06-04 06:00:00,6.0,2026-06-04,False,False
2026-06-04 09:00:00+00:00,50906.0,51324.1,50895.1,51281.6,34527,4,0.0,3.5,True,2026-06-04 10:00:00,10.0,2026-06-04,False,False
2026-06-04 13:00:00+00:00,51282.1,51727.6,51231.1,51679.1,147378,4,0.75,2.599999999998545,True,2026-06-04 14:00:00,14.0,2026-06-04,False,False
2026-06-04 17:00:00+00:00,51679.6,51752.1,51559.6,51670.6,50521,4,0.75,3.4499999999989086,True,2026-06-04 18:00:00,18.0,2026-06-04,True,False
2026-06-04 22:00:00+00:00,51663.0,51681.6,51592.6,51623.6,11062,3,0.0,6.0,True,2026-06-04 23:00:00,23.0,2026-06-04,False,False
2026-06-05 01:00:00+00:00,51624.1,51648.6,51583.1,51631.1,17545,4,0.0,6.0,True,2026-06-05 02:00:00,2.0,2026-06-05,False,False
2026-06-05 05:00:00+00:00,51630.6,51713.1,51613.1,51698.1,24251,4,0.0,4.125,True,2026-06-05 06:00:00,6.0,2026-06-05,False,False
2026-06-05 09:00:00+00:00,51698.6,51837.0,51632.1,51696.6,32946,4,0.0,3.5,True,2026-06-05 10:00:00,10.0,2026-06-05,False,False
2026-06-05 13:00:00+00:00,51697.1,51759.6,51143.1,51256.1,214917,4,0.75,2.599999999998545,True,2026-06-05 14:00:00,14.0,2026-06-05,False,False
2026-06-05 17:00:00+00:00,51256.6,51271.6,50749.6,50775.6,166352,4,0.75,3.4499999999989086,True,2026-06-05 18:00:00,18.0,2026-06-05,True,False
2026-06-07 22:00:00+00:00,50704.0,50913.6,50623.6,50873.1,29949,3,0.0,6.0,True,2026-06-07 23:00:00,23.0,2026-06-07,False,False
2026-06-08 01:00:00+00:00,50873.6,50890.6,50673.1,50768.1,43144,4,0.0,6.0,True,2026-06-08 02:00:00,2.0,2026-06-08,False,False
2026-06-08 05:00:00+00:00,50767.6,50873.6,50673.6,50774.1,50071,4,0.0,4.125,True,2026-06-08 06:00:00,6.0,2026-06-08,False,False
2026-06-08 09:00:00+00:00,50775.1,51127.6,50744.1,51040.1,49549,4,0.0,3.5,True,2026-06-08 10:00:00,10.0,2026-06-08,False,False
2026-06-08 13:00:00+00:00,51040.6,51331.6,50932.6,50943.1,233260,4,0.75,2.599999999998545,True,2026-06-08 14:00:00,14.0,2026-06-08,False,False
2026-06-08 17:00:00+00:00,50943.6,50992.6,50791.6,50825.6,114833,4,0.75,3.4499999999989086,True,2026-06-08 18:00:00,18.0,2026-06-08,True,False
2026-06-08 22:00:00+00:00,50825.0,50845.5,50684.6,50715.1,26537,3,0.0,6.0,True,2026-06-08 23:00:00,23.0,2026-06-08,False,False
2026-06-09 01:00:00+00:00,50715.6,50932.1,50698.6,50911.1,39040,4,0.0,6.0,True,2026-06-09 02:00:00,2.0,2026-06-09,False,False
2026-06-09 05:00:00+00:00,50911.6,50978.1,50831.6,50933.6,38146,4,0.0,4.125,True,2026-06-09 06:00:00,6.0,2026-06-09,False,False
2026-06-09 09:00:00+00:00,50934.1,51074.1,50848.0,51069.6,27148,4,0.0,3.5,True,2026-06-09 10:00:00,10.0,2026-06-09,False,False
2026-06-09 13:00:00+00:00,51071.1,51314.6,50261.1,50420.6,434633,4,0.75,2.600000000000364,True,2026-06-09 14:00:00,14.0,2026-06-09,False,False
2026-06-09 17:00:00+00:00,50421.1,50965.6,50401.1,50872.6,232365,4,0.75,3.4499999999989086,True,2026-06-09 18:00:00,18.0,2026-06-09,True,False
2026-06-09 22:00:00+00:00,50869.0,50900.0,50733.5,50840.6,26674,3,0.0,6.0,True,2026-06-09 23:00:00,23.0,2026-06-09,False,False
2026-06-10 01:00:00+00:00,50841.1,50907.6,50754.0,50758.6,35306,4,0.0,6.0,True,2026-06-10 02:00:00,2.0,2026-06-10,False,False
2026-06-10 05:00:00+00:00,50759.6,50866.0,50559.1,50590.6,42943,4,0.0,4.125,True,2026-06-10 06:00:00,6.0,2026-06-10,False,False
2026-06-10 09:00:00+00:00,50591.6,50746.5,50313.5,50664.1,93196,4,0.0,3.5,True,2026-06-10 10:00:00,10.0,2026-06-10,False,False
2026-06-10 13:00:00+00:00,50664.6,50826.6,50194.1,50313.1,356319,4,0.75,2.599999999998545,True,2026-06-10 14:00:00,14.0,2026-06-10,False,False
2026-06-10 17:00:00+00:00,50313.6,50382.6,49875.5,49921.1,193919,4,0.75,3.4499999999989086,True,2026-06-10 18:00:00,18.0,2026-06-10,True,False
2026-06-10 22:00:00+00:00,49898.5,49976.6,49757.1,49941.6,54884,3,0.0,6.0,True,2026-06-10 23:00:00,23.0,2026-06-10,False,False
2026-06-11 01:00:00+00:00,49942.1,50182.1,49939.6,50156.6,57078,4,0.0,6.0,True,2026-06-11 02:00:00,2.0,2026-06-11,False,False
2026-06-11 05:00:00+00:00,50157.6,50344.6,50048.6,50338.1,45170,4,0.0,4.125,True,2026-06-11 06:00:00,6.0,2026-06-11,False,False
2026-06-11 09:00:00+00:00,50338.6,50405.6,50124.1,50264.6,54387,4,0.0,3.5,True,2026-06-11 10:00:00,10.0,2026-06-11,False,False
2026-06-11 13:00:00+00:00,50264.1,50449.6,50098.6,50231.6,342299,4,0.75,2.599999999998545,True,2026-06-11 14:00:00,14.0,2026-06-11,False,False
2026-06-11 17:00:00+00:00,50232.1,51016.6,50162.6,50915.6,218043,4,0.75,3.4499999999989086,True,2026-06-11 18:00:00,18.0,2026-06-11,True,False
2026-06-11 22:00:00+00:00,50900.0,50991.6,50887.5,50911.0,28872,3,0.0,6.0,True,2026-06-11 23:00:00,23.0,2026-06-11,False,False
2026-06-12 01:00:00+00:00,50911.0,50947.5,50847.5,50931.5,38184,4,0.0,6.0,True,2026-06-12 02:00:00,2.0,2026-06-12,False,False
2026-06-12 05:00:00+00:00,50932.1,51212.5,50835.5,51139.0,63888,4,0.0,4.125,True,2026-06-12 06:00:00,6.0,2026-06-12,False,False
2026-06-12 09:00:00+00:00,51138.5,51349.6,51015.0,51037.5,66080,4,0.0,3.5,True,2026-06-12 10:00:00,10.0,2026-06-12,False,False
2026-06-12 13:00:00+00:00,51038.1,51445.1,50854.5,51222.5,235457,4,0.75,2.600000000002183,True,2026-06-12 14:00:00,14.0,2026-06-12,False,False
2026-06-12 17:00:00+00:00,51223.1,51328.5,51171.1,51271.1,97875,4,0.75,3.4500000000025466,True,2026-06-12 18:00:00,18.0,2026-06-12,True,False
2026-06-14 22:00:00+00:00,51516.5,51618.6,51463.5,51606.0,31331,3,0.0,6.0,True,2026-06-14 23:00:00,23.0,2026-06-14,False,False
2026-06-15 01:00:00+00:00,51606.1,51724.0,51596.5,51721.0,24079,4,0.0,6.0,True,2026-06-15 02:00:00,2.0,2026-06-15,False,False
2026-06-15 05:00:00+00:00,51720.1,51774.1,51652.0,51696.0,35848,4,0.0,4.125,True,2026-06-15 06:00:00,6.0,2026-06-15,False,False
2026-06-15 09:00:00+00:00,51697.0,51794.6,51626.5,51794.6,36374,4,0.0,3.5,True,2026-06-15 10:00:00,10.0,2026-06-15,False,False
2026-06-15 13:00:00+00:00,51794.1,51995.6,51739.1,51954.6,149710,4,0.75,2.600000000000364,True,2026-06-15 14:00:00,14.0,2026-06-15,False,False
2026-06-15 17:00:00+00:00,51954.1,51995.6,51701.1,51751.1,69130,4,0.75,3.4499999999989086,True,2026-06-15 18:00:00,18.0,2026-06-15,True,False
2026-06-15 22:00:00+00:00,51783.0,51783.0,51696.5,51741.0,8062,3,0.0,6.0,True,2026-06-15 23:00:00,23.0,2026-06-15,False,False
2026-06-16 01:00:00+00:00,51741.0,51790.5,51730.5,51747.0,23223,4,0.0,6.0,True,2026-06-16 02:00:00,2.0,2026-06-16,False,False
2026-06-16 05:00:00+00:00,51747.5,51855.5,51737.0,51782.5,28388,4,0.0,4.125,True,2026-06-16 06:00:00,6.0,2026-06-16,False,False
2026-06-16 09:00:00+00:00,51782.5,51892.6,51748.5,51872.1,29393,4,0.0,3.5,True,2026-06-16 10:00:00,10.0,2026-06-16,False,False
2026-06-16 13:00:00+00:00,51871.6,52234.1,51855.6,52210.6,168286,4,0.75,2.599999999998545,True,2026-06-16 14:00:00,14.0,2026-06-16,False,False
2026-06-16 17:00:00+00:00,52210.1,52225.6,52002.5,52042.5,75834,4,0.75,3.4499999999989086,True,2026-06-16 18:00:00,18.0,2026-06-16,True,False
2026-06-16 21:00:00+00:00,52042.5,52542.6,52042.5,52527.1,9431,4,0.0,6.0,True,2026-06-16 22:00:00,22.0,2026-06-16,False,False
2026-06-17 01:00:00+00:00,52527.6,52568.6,52499.1,52515.6,7796,4,0.0,6.0,True,2026-06-17 02:00:00,2.0,2026-06-17,False,False
2026-06-17 05:00:00+00:00,52515.1,52535.6,52395.6,52459.1,17725,4,0.0,4.125,True,2026-06-17 06:00:00,6.0,2026-06-17,False,False
2026-06-17 09:00:00+00:00,52459.6,52493.1,52407.1,52454.6,23769,4,0.0,3.5,True,2026-06-17 10:00:00,10.0,2026-06-17,False,False
2026-06-17 13:00:00+00:00,52453.6,52733.1,52411.6,52656.6,153361,4,0.75,2.600000000000364,True,2026-06-17 14:00:00,14.0,2026-06-17,False,False
2026-06-17 17:00:00+00:00,52656.1,52657.1,51839.1,52046.6,278013,4,0.75,3.4500000000007276,True,2026-06-17 18:00:00,18.0,2026-06-17,True,False
2026-06-17 22:00:00+00:00,52057.5,52273.1,52008.6,52204.1,21442,3,0.0,6.0,True,2026-06-17 23:00:00,23.0,2026-06-17,False,False
2026-06-18 01:00:00+00:00,52204.6,52260.1,52191.1,52191.1,21903,4,0.0,6.0,True,2026-06-18 02:00:00,2.0,2026-06-18,False,False
2026-06-18 05:00:00+00:00,52192.1,52283.1,52135.1,52150.6,30456,4,0.0,4.125,True,2026-06-18 06:00:00,6.0,2026-06-18,False,False
2026-06-18 09:00:00+00:00,52151.1,52263.1,52005.6,52208.6,41351,4,0.0,3.5,True,2026-06-18 10:00:00,10.0,2026-06-18,False,False
2026-06-18 13:00:00+00:00,52208.1,52377.6,52004.6,52060.1,213543,4,0.75,2.600000000000364,True,2026-06-18 14:00:00,14.0,2026-06-18,False,False
2026-06-18 17:00:00+00:00,52061.6,52202.1,51965.1,52052.6,78198,4,0.75,3.4499999999989086,True,2026-06-18 18:00:00,18.0,2026-06-18,True,False
2026-06-18 22:00:00+00:00,52059.0,52072.0,51961.1,51969.6,11995,3,0.0,6.0,True,2026-06-18 23:00:00,23.0,2026-06-18,False,False
2026-06-19 01:00:00+00:00,51970.1,51980.6,51798.5,51816.1,12260,4,0.0,6.0,True,2026-06-19 02:00:00,2.0,2026-06-19,False,False
2026-06-19 05:00:00+00:00,51818.1,52004.1,51793.1,51974.6,11442,4,0.0,4.125,True,2026-06-19 06:00:00,6.0,2026-06-19,False,False
2026-06-19 09:00:00+00:00,51975.1,52002.1,51792.6,51945.6,17629,4,0.0,3.5,True,2026-06-19 10:00:00,10.0,2026-06-19,False,False
2026-06-19 13:00:00+00:00,51944.6,51972.6,51854.1,51883.5,21387,4,0.75,2.600000000000364,True,2026-06-19 14:00:00,14.0,2026-06-19,False,False
2026-06-21 22:00:00+00:00,51815.5,51920.6,51713.5,51912.6,25782,3,0.0,6.0,True,2026-06-21 23:00:00,23.0,2026-06-21,False,False
2026-06-22 01:00:00+00:00,51913.6,51964.6,51809.0,51820.6,23577,4,0.0,6.0,True,2026-06-22 02:00:00,2.0,2026-06-22,False,False
2026-06-22 05:00:00+00:00,51821.1,52002.1,51819.6,51966.1,26746,4,0.0,4.125,True,2026-06-22 06:00:00,6.0,2026-06-22,False,False
2026-06-22 09:00:00+00:00,51966.6,52124.1,51954.6,52043.6,30102,4,0.0,3.5,True,2026-06-22 10:00:00,10.0,2026-06-22,False,False
2026-06-22 13:00:00+00:00,52043.1,52306.1,52041.1,52168.6,196404,4,0.75,2.599999999998545,True,2026-06-22 14:00:00,14.0,2026-06-22,False,False
2026-06-22 17:00:00+00:00,52169.1,52198.1,52007.1,52171.1,65135,4,0.75,3.4499999999989086,True,2026-06-22 18:00:00,18.0,2026-06-22,True,False
2026-06-22 22:00:00+00:00,52164.0,52259.1,52107.5,52250.6,13835,3,0.0,6.0,True,2026-06-22 23:00:00,23.0,2026-06-22,False,False
2026-06-23 01:00:00+00:00,52251.1,52261.1,51983.6,51990.6,36644,4,0.0,6.0,True,2026-06-23 02:00:00,2.0,2026-06-23,False,False
2026-06-23 05:00:00+00:00,51991.1,52028.6,51690.5,51780.1,56836,4,0.0,4.125,True,2026-06-23 06:00:00,6.0,2026-06-23,False,False
2026-06-23 09:00:00+00:00,51780.6,51966.1,51763.1,51890.1,44173,4,0.0,3.5,True,2026-06-23 10:00:00,10.0,2026-06-23,False,False
2026-06-23 13:00:00+00:00,51890.5,52267.1,51693.6,52230.1,209505,4,0.75,2.599999999998545,True,2026-06-23 14:00:00,14.0,2026-06-23,False,False
2026-06-23 17:00:00+00:00,52230.6,52281.1,52044.1,52126.6,97108,4,0.75,3.4499999999989086,True,2026-06-23 18:00:00,18.0,2026-06-23,True,False
2026-06-23 22:00:00+00:00,52102.0,52129.1,51969.1,52060.1,31682,3,0.0,6.0,True,2026-06-23 23:00:00,23.0,2026-06-23,False,False
2026-06-24 01:00:00+00:00,52060.6,52089.1,51982.6,52048.6,42808,4,0.0,6.0,True,2026-06-24 02:00:00,2.0,2026-06-24,False,False
2026-06-24 05:00:00+00:00,52049.6,52058.1,51960.6,52014.6,35728,4,0.0,4.125,True,2026-06-24 06:00:00,6.0,2026-06-24,False,False
2026-06-24 09:00:00+00:00,52014.1,52177.1,51964.1,52044.6,35927,4,0.0,3.5,True,2026-06-24 10:00:00,10.0,2026-06-24,False,False
2026-06-24 13:00:00+00:00,52046.6,52675.1,51933.1,52468.1,214994,4,0.75,2.600000000000364,True,2026-06-24 14:00:00,14.0,2026-06-24,False,False
2026-06-24 17:00:00+00:00,52469.6,52491.1,52157.1,52389.6,184286,4,0.75,3.4499999999989086,True,2026-06-24 18:00:00,18.0,2026-06-24,True,False
2026-06-24 22:00:00+00:00,52382.0,52402.5,52234.6,52246.1,20178,3,0.0,6.0,True,2026-06-24 23:00:00,23.0,2026-06-24,False,False
2026-06-25 01:00:00+00:00,52246.6,52302.6,52217.1,52228.6,22930,4,0.0,6.0,True,2026-06-25 02:00:00,2.0,2026-06-25,False,False
2026-06-25 05:00:00+00:00,52229.1,52364.6,52228.5,52303.6,22236,4,0.0,4.125,True,2026-06-25 06:00:00,6.0,2026-06-25,False,False
2026-06-25 09:00:00+00:00,52304.1,52464.1,52296.6,52404.6,32645,4,0.0,3.5,True,2026-06-25 10:00:00,10.0,2026-06-25,False,False
2026-06-25 13:00:00+00:00,52405.6,53093.5,52396.6,52465.6,318829,4,0.75,2.599999999998545,True,2026-06-25 14:00:00,14.0,2026-06-25,False,False
2026-06-25 17:00:00+00:00,52466.6,52568.5,52292.1,52451.5,156418,4,0.75,3.4499999999989086,True,2026-06-25 18:00:00,18.0,2026-06-25,True,False
2026-06-25 22:00:00+00:00,52440.5,52527.6,52359.6,52432.6,31064,3,0.0,6.0,True,2026-06-25 23:00:00,23.0,2026-06-25,False,False
2026-06-26 01:00:00+00:00,52433.6,52460.1,52188.1,52224.6,52361,4,0.0,6.0,True,2026-06-26 02:00:00,2.0,2026-06-26,False,False
2026-06-26 05:00:00+00:00,52224.1,52456.6,52166.1,52317.6,42803,4,0.0,4.125,True,2026-06-26 06:00:00,6.0,2026-06-26,False,False
2026-06-26 09:00:00+00:00,52317.1,52393.6,52190.1,52246.6,49927,4,0.0,3.5,True,2026-06-26 10:00:00,10.0,2026-06-26,False,False
2026-06-26 13:00:00+00:00,52247.1,52543.1,52008.1,52375.6,283535,4,0.75,2.600000000000364,True,2026-06-26 14:00:00,14.0,2026-06-26,False,False
2026-06-26 17:00:00+00:00,52379.1,52475.1,52129.1,52286.6,130462,4,0.75,3.4499999999989086,True,2026-06-26 18:00:00,18.0,2026-06-26,True,False
2026-06-28 22:00:00+00:00,52236.5,52450.6,52222.5,52366.6,28187,3,0.0,6.0,True,2026-06-28 23:00:00,23.0,2026-06-28,False,False
2026-06-29 01:00:00+00:00,52366.1,52400.1,52256.6,52359.6,34679,4,0.0,6.0,True,2026-06-29 02:00:00,2.0,2026-06-29,False,False
2026-06-29 05:00:00+00:00,52360.1,52466.6,52289.6,52365.1,29682,4,0.0,4.125,True,2026-06-29 06:00:00,6.0,2026-06-29,False,False
2026-06-29 09:00:00+00:00,52364.6,52495.5,52334.6,52462.1,26022,4,0.0,3.5,True,2026-06-29 10:00:00,10.0,2026-06-29,False,False
2026-06-29 13:00:00+00:00,52461.6,52695.6,52323.1,52491.6,229717,4,0.75,2.599999999998545,True,2026-06-29 14:00:00,14.0,2026-06-29,False,False
2026-06-29 17:00:00+00:00,52492.1,52656.1,52486.1,52534.6,51568,4,0.75,3.4499999999989086,True,2026-06-29 18:00:00,18.0,2026-06-29,True,False
2026-06-29 22:00:00+00:00,52540.0,52560.6,52466.6,52517.1,14540,3,0.0,6.0,True,2026-06-29 23:00:00,23.0,2026-06-29,False,False
2026-06-30 01:00:00+00:00,52517.6,52607.1,52490.6,52578.6,15767,4,0.0,6.0,True,2026-06-30 02:00:00,2.0,2026-06-30,False,False
2026-06-30 05:00:00+00:00,52579.6,52639.1,52542.6,52594.6,21912,4,0.0,4.125,True,2026-06-30 06:00:00,6.0,2026-06-30,False,False
2026-06-30 09:00:00+00:00,52595.1,52713.1,52491.1,52545.1,26045,4,0.0,3.5,True,2026-06-30 10:00:00,10.0,2026-06-30,False,False
2026-06-30 13:00:00+00:00,52544.6,52762.1,52384.1,52744.1,126656,4,0.75,2.600000000000364,True,2026-06-30 14:00:00,14.0,2026-06-30,False,False
2026-06-30 17:00:00+00:00,52743.1,52764.1,52561.1,52570.1,46872,4,0.75,3.4500000000007276,True,2026-06-30 18:00:00,18.0,2026-06-30,True,False
2026-06-30 22:00:00+00:00,52569.5,52626.6,52561.1,52605.1,9023,3,0.0,6.0,True,2026-06-30 23:00:00,23.0,2026-06-30,False,False
2026-07-01 01:00:00+00:00,52604.6,52614.6,52464.6,52510.1,20825,4,0.0,6.0,True,2026-07-01 02:00:00,2.0,2026-07-01,False,False
2026-07-01 05:00:00+00:00,52509.6,52572.1,52426.1,52559.6,24043,4,0.0,4.125,True,2026-07-01 06:00:00,6.0,2026-07-01,False,False
2026-07-01 09:00:00+00:00,52560.1,52585.1,52461.1,52528.1,24141,4,0.0,3.5,True,2026-07-01 10:00:00,10.0,2026-07-01,False,False
2026-07-01 13:00:00+00:00,52528.6,53105.1,52381.1,52866.1,145676,4,0.75,2.600000000000364,True,2026-07-01 14:00:00,14.0,2026-07-01,False,False
2026-07-01 17:00:00+00:00,52865.6,52897.1,52569.6,52599.6,60166,4,0.75,3.4499999999989086,True,2026-07-01 18:00:00,18.0,2026-07-01,True,False
2026-07-01 22:00:00+00:00,52635.0,52635.0,52560.6,52610.6,15070,3,0.0,6.0,True,2026-07-01 23:00:00,23.0,2026-07-01,False,False
2026-07-02 01:00:00+00:00,52611.1,52735.6,52607.6,52685.1,14036,4,0.0,6.0,True,2026-07-02 02:00:00,2.0,2026-07-02,False,False
2026-07-02 05:00:00+00:00,52686.6,52720.6,52550.1,52685.6,25486,4,0.0,4.125,True,2026-07-02 06:00:00,6.0,2026-07-02,False,False
2026-07-02 09:00:00+00:00,52686.6,52946.6,52662.1,52869.6,32845,4,0.0,3.5,True,2026-07-02 10:00:00,10.0,2026-07-02,False,False
2026-07-02 13:00:00+00:00,52868.6,53141.6,52804.1,52958.1,269320,4,0.75,2.600000000000364,True,2026-07-02 14:00:00,14.0,2026-07-02,False,False
2026-07-02 17:00:00+00:00,52956.6,53218.6,52765.1,53169.6,114395,4,0.75,3.4499999999989086,True,2026-07-02 18:00:00,18.0,2026-07-02,True,False
2026-07-02 22:00:00+00:00,53156.5,53279.6,53143.5,53262.6,12534,3,0.0,6.0,True,2026-07-02 23:00:00,23.0,2026-07-02,False,False
2026-07-03 01:00:00+00:00,53263.1,53400.1,53256.1,53315.1,11781,4,0.0,6.0,True,2026-07-03 02:00:00,2.0,2026-07-03,False,False
2026-07-03 05:00:00+00:00,53314.6,53345.1,53122.6,53127.1,12268,4,0.0,4.125,True,2026-07-03 06:00:00,6.0,2026-07-03,False,False
2026-07-03 09:00:00+00:00,53126.1,53163.1,53074.1,53116.6,8993,4,0.0,3.5,True,2026-07-03 10:00:00,10.0,2026-07-03,False,False
2026-07-03 13:00:00+00:00,53117.1,53247.1,53082.1,53160.0,17954,4,0.75,2.600000000000364,True,2026-07-03 14:00:00,14.0,2026-07-03,False,False
2026-07-05 22:00:00+00:00,53204.0,53296.6,53138.6,53273.6,14876,3,0.0,6.0,True,2026-07-05 23:00:00,23.0,2026-07-05,False,False
2026-07-06 01:00:00+00:00,53274.1,53277.1,53146.6,53182.1,19482,4,0.0,6.0,True,2026-07-06 02:00:00,2.0,2026-07-06,False,False
2026-07-06 05:00:00+00:00,53182.6,53310.6,53169.1,53241.6,15706,4,0.0,4.125,True,2026-07-06 06:00:00,6.0,2026-07-06,False,False
2026-07-06 09:00:00+00:00,53242.1,53242.6,53098.1,53134.1,16818,4,0.0,3.5,True,2026-07-06 10:00:00,10.0,2026-07-06,False,False
2026-07-06 13:00:00+00:00,53133.6,53382.1,52962.1,53208.1,128165,4,0.75,2.600000000000364,True,2026-07-06 14:00:00,14.0,2026-07-06,False,False
2026-07-06 17:00:00+00:00,53208.6,53419.1,53182.6,53418.5,45813,4,0.75,3.4499999999989086,True,2026-07-06 18:00:00,18.0,2026-07-06,True,False
2026-07-06 22:00:00+00:00,53404.5,53440.1,53353.6,53393.1,9362,3,0.0,6.0,True,2026-07-06 23:00:00,23.0,2026-07-06,False,False
2026-07-07 01:00:00+00:00,53393.6,53470.6,53366.5,53378.6,9653,4,0.0,6.0,True,2026-07-07 02:00:00,2.0,2026-07-07,False,False
2026-07-07 05:00:00+00:00,53378.1,53519.6,53341.6,53461.6,12476,4,0.0,4.125,True,2026-07-07 06:00:00,6.0,2026-07-07,False,False
2026-07-07 09:00:00+00:00,53460.6,53621.6,53411.0,53590.6,14689,4,0.0,3.5,True,2026-07-07 10:00:00,10.0,2026-07-07,False,False
2026-07-07 13:00:00+00:00,53590.1,53654.6,53078.1,53199.1,148456,4,0.75,2.599999999998545,True,2026-07-07 14:00:00,14.0,2026-07-07,False,False
2026-07-07 17:00:00+00:00,53198.1,53265.6,53123.6,53200.1,59611,4,0.75,3.4499999999989086,True,2026-07-07 18:00:00,18.0,2026-07-07,True,False
2026-07-07 22:00:00+00:00,53167.0,53197.6,53094.6,53196.1,17862,3,0.0,6.0,True,2026-07-07 23:00:00,23.0,2026-07-07,False,False
2026-07-08 01:00:00+00:00,53197.1,53208.1,53114.1,53155.6,17618,4,0.0,6.0,True,2026-07-08 02:00:00,2.0,2026-07-08,False,False
2026-07-08 05:00:00+00:00,53155.1,53165.6,52543.6,52552.1,58116,4,0.0,4.125,True,2026-07-08 06:00:00,6.0,2026-07-08,False,False
2026-07-08 09:00:00+00:00,52551.6,52817.1,52469.6,52697.1,63933,4,0.0,3.5,True,2026-07-08 10:00:00,10.0,2026-07-08,False,False
2026-07-08 13:00:00+00:00,52697.6,52794.1,52342.6,52587.1,228149,4,0.75,2.599999999998545,True,2026-07-08 14:00:00,14.0,2026-07-08,False,False
2026-07-08 17:00:00+00:00,52587.6,52691.1,52531.1,52565.6,70557,4,0.75,3.4499999999989086,True,2026-07-08 18:00:00,18.0,2026-07-08,True,False
2026-07-08 22:00:00+00:00,52560.0,52661.6,52541.6,52657.6,11446,3,0.0,6.0,True,2026-07-08 23:00:00,23.0,2026-07-08,False,False
2026-07-09 01:00:00+00:00,52659.1,52724.1,52637.6,52717.1,16564,4,0.0,6.0,True,2026-07-09 02:00:00,2.0,2026-07-09,False,False
2026-07-09 05:00:00+00:00,52717.6,52760.6,52636.6,52669.6,23196,4,0.0,4.125,True,2026-07-09 06:00:00,6.0,2026-07-09,False,False
2026-07-09 09:00:00+00:00,52669.1,52685.6,52501.6,52648.6,30057,4,0.0,3.5,True,2026-07-09 10:00:00,10.0,2026-07-09,False,False
2026-07-09 13:00:00+00:00,52647.6,52865.6,52549.1,52801.6,137363,4,0.75,2.599999999998545,True,2026-07-09 14:00:00,14.0,2026-07-09,False,False
2026-07-09 17:00:00+00:00,52802.1,52853.1,52699.1,52713.5,38278,4,0.75,3.4499999999989086,True,2026-07-09 18:00:00,18.0,2026-07-09,True,False
2026-07-09 22:00:00+00:00,52736.0,52767.6,52711.1,52731.6,6662,3,0.0,6.0,True,2026-07-09 23:00:00,23.0,2026-07-09,False,False
2026-07-10 01:00:00+00:00,52732.1,52763.1,52704.1,52709.1,7288,4,0.0,6.0,True,2026-07-10 02:00:00,2.0,2026-07-10,False,False
2026-07-10 05:00:00+00:00,52709.6,52869.1,52705.1,52796.1,15021,4,0.0,4.125,True,2026-07-10 06:00:00,6.0,2026-07-10,False,False
2026-07-10 09:00:00+00:00,52796.6,52952.1,52778.1,52885.6,21462,4,0.0,3.5,True,2026-07-10 10:00:00,10.0,2026-07-10,False,False
2026-07-10 13:00:00+00:00,52885.1,52938.1,52506.0,52901.6,134143,4,0.75,2.599999999998545,True,2026-07-10 14:00:00,14.0,2026-07-10,False,False
2026-07-10 17:00:00+00:00,52900.1,52985.1,52879.1,52965.1,28116,4,0.75,3.4499999999989086,True,2026-07-10 18:00:00,18.0,2026-07-10,True,False
2026-07-12 22:00:00+00:00,52850.0,52862.5,52750.6,52778.1,13773,3,0.0,6.0,True,2026-07-12 23:00:00,23.0,2026-07-12,False,False
2026-07-13 01:00:00+00:00,52778.6,52779.1,52675.6,52686.1,16939,4,0.0,6.0,True,2026-07-13 02:00:00,2.0,2026-07-13,False,False
2026-07-13 05:00:00+00:00,52685.6,52948.1,52655.1,52946.6,24465,4,0.0,4.125,True,2026-07-13 06:00:00,6.0,2026-07-13,False,False
2026-07-13 09:00:00+00:00,52947.1,52982.1,52804.6,52881.6,21025,4,0.0,3.5,True,2026-07-13 10:00:00,10.0,2026-07-13,False,False
2026-07-13 13:00:00+00:00,52882.1,53113.1,52602.6,52710.1,155863,4,0.75,2.599999999998545,True,2026-07-13 14:00:00,14.0,2026-07-13,False,False
2026-07-13 17:00:00+00:00,52710.6,52790.1,52674.1,52719.6,64596,4,0.75,3.4499999999989086,True,2026-07-13 18:00:00,18.0,2026-07-13,True,False
2026-07-13 22:00:00+00:00,52717.0,52756.5,52570.6,52645.6,29167,3,0.0,6.0,True,2026-07-13 23:00:00,23.0,2026-07-13,False,False
2026-07-14 01:00:00+00:00,52646.1,52690.1,52559.1,52682.1,33367,4,0.0,6.0,True,2026-07-14 02:00:00,2.0,2026-07-14,False,False
2026-07-14 05:00:00+00:00,52681.6,52743.6,52557.6,52583.6,36441,4,0.0,4.125,True,2026-07-14 06:00:00,6.0,2026-07-14,False,False
2026-07-14 09:00:00+00:00,52583.1,52895.0,52256.0,52628.1,67612,4,0.0,3.5,True,2026-07-14 10:00:00,10.0,2026-07-14,False,False
2026-07-14 13:00:00+00:00,52629.1,52975.5,52571.6,52674.1,196439,4,0.75,2.599999999998545,True,2026-07-14 14:00:00,14.0,2026-07-14,False,False
2026-07-14 17:00:00+00:00,52675.6,52824.6,52652.6,52806.0,44276,4,0.75,3.4499999999989086,True,2026-07-14 18:00:00,18.0,2026-07-14,True,False
2026-07-14 22:00:00+00:00,52788.0,52870.6,52758.6,52825.1,8202,3,0.0,6.0,True,2026-07-14 23:00:00,23.0,2026-07-14,False,False
2026-07-15 01:00:00+00:00,52825.6,52864.1,52797.6,52849.6,7472,4,0.0,6.0,True,2026-07-15 02:00:00,2.0,2026-07-15,False,False
2026-07-15 05:00:00+00:00,52853.6,52887.6,52698.1,52882.6,17065,4,0.0,4.125,True,2026-07-15 06:00:00,6.0,2026-07-15,False,False
2026-07-15 09:00:00+00:00,52882.1,52941.1,52741.1,52890.6,20841,4,0.0,3.5,True,2026-07-15 10:00:00,10.0,2026-07-15,False,False
2026-07-15 13:00:00+00:00,52890.1,53088.6,52680.1,52793.1,163399,4,0.75,2.599999999998545,True,2026-07-15 14:00:00,14.0,2026-07-15,False,False
2026-07-15 17:00:00+00:00,52791.6,52951.1,52762.6,52899.1,50133,4,0.75,3.4499999999989086,True,2026-07-15 18:00:00,18.0,2026-07-15,True,False
2026-07-15 22:00:00+00:00,52905.5,52965.6,52899.0,52924.6,8176,3,0.0,6.0,True,2026-07-15 23:00:00,23.0,2026-07-15,False,False
2026-07-16 01:00:00+00:00,52925.1,52971.6,52853.6,52954.1,12068,4,0.0,6.0,True,2026-07-16 02:00:00,2.0,2026-07-16,False,False
2026-07-16 05:00:00+00:00,52954.6,52996.1,52833.1,52902.6,23863,4,0.0,4.125,True,2026-07-16 06:00:00,6.0,2026-07-16,False,False
2026-07-16 09:00:00+00:00,52903.1,53056.6,52834.1,52906.1,35917,4,0.0,3.5,True,2026-07-16 10:00:00,10.0,2026-07-16,False,False
2026-07-16 13:00:00+00:00,52906.6,53108.1,52824.6,52958.1,162146,4,0.75,2.600000000000364,True,2026-07-16 14:00:00,14.0,2026-07-16,False,False
2026-07-16 17:00:00+00:00,52957.1,52976.6,52610.1,52742.6,82311,4,0.75,3.4499999999989086,True,2026-07-16 18:00:00,18.0,2026-07-16,True,False
2026-07-16 22:00:00+00:00,52770.5,52784.0,52596.1,52613.6,13102,3,0.0,6.0,True,2026-07-16 23:00:00,23.0,2026-07-16,False,False
2026-07-17 01:00:00+00:00,52614.1,52621.1,52360.1,52386.6,23465,4,0.0,6.0,True,2026-07-17 02:00:00,2.0,2026-07-17,False,False
2026-07-17 05:00:00+00:00,52387.1,52564.6,52322.1,52419.6,42565,4,0.0,4.125,True,2026-07-17 06:00:00,6.0,2026-07-17,False,False
2026-07-17 09:00:00+00:00,52420.1,52574.6,52355.1,52369.1,39207,4,0.0,3.5,True,2026-07-17 10:00:00,10.0,2026-07-17,False,False
2026-07-17 13:00:00+00:00,52369.6,52835.1,52174.1,52583.6,228868,4,0.75,2.600000000000364,True,2026-07-17 14:00:00,14.0,2026-07-17,False,False
2026-07-17 17:00:00+00:00,52584.1,52621.1,52316.6,52352.6,92322,4,0.75,3.4499999999989086,True,2026-07-17 18:00:00,18.0,2026-07-17,True,False
2026-07-19 22:00:00+00:00,52303.6,52404.6,52240.5,52370.1,19679,3,0.0,6.0,True,2026-07-19 23:00:00,23.0,2026-07-19,False,False
2026-07-20 01:00:00+00:00,52370.6,52403.1,52282.6,52380.1,25888,4,0.0,6.0,True,2026-07-20 02:00:00,2.0,2026-07-20,False,False
2026-07-20 05:00:00+00:00,52379.6,52483.6,52269.1,52459.6,29929,4,0.0,4.125,True,2026-07-20 06:00:00,6.0,2026-07-20,False,False
2026-07-20 09:00:00+00:00,52460.6,52621.1,52428.6,52444.6,39770,4,0.0,3.5,True,2026-07-20 10:00:00,10.0,2026-07-20,False,False
2026-07-20 13:00:00+00:00,52445.1,52634.6,52137.6,52197.6,143328,4,0.75,2.600000000000364,True,2026-07-20 14:00:00,14.0,2026-07-20,False,False
2026-07-20 17:00:00+00:00,52199.1,52240.1,51998.1,52105.5,78499,4,0.75,3.4499999999989086,True,2026-07-20 18:00:00,18.0,2026-07-20,True,False
2026-07-20 22:00:00+00:00,52105.5,52120.6,52034.6,52105.6,15123,3,0.0,6.0,True,2026-07-20 23:00:00,23.0,2026-07-20,False,False
2026-07-21 01:00:00+00:00,52106.1,52242.6,52074.6,52234.1,14190,4,0.0,6.0,True,2026-07-21 02:00:00,2.0,2026-07-21,False,False
2026-07-21 05:00:00+00:00,52235.6,52314.0,52187.6,52258.5,20338,4,0.0,4.125,True,2026-07-21 06:00:00,6.0,2026-07-21,False,False
2026-07-21 09:00:00+00:00,52257.5,52324.6,52116.6,52203.6,27901,4,0.0,3.5,True,2026-07-21 10:00:00,10.0,2026-07-21,False,False
2026-07-21 13:00:00+00:00,52204.1,52591.1,52088.6,52568.1,112368,4,0.75,2.599999999998545,True,2026-07-21 14:00:00,14.0,2026-07-21,False,False
2026-07-21 17:00:00+00:00,52568.6,52577.1,52410.1,52419.1,30937,4,0.75,3.4499999999989086,True,2026-07-21 18:00:00,18.0,2026-07-21,True,False
2026-07-21 22:00:00+00:00,52424.0,52439.6,52404.1,52422.1,10319,3,0.0,6.0,True,2026-07-21 23:00:00,23.0,2026-07-21,False,False
2026-07-22 01:00:00+00:00,52422.6,52443.6,52374.6,52398.1,13609,4,0.0,6.0,True,2026-07-22 02:00:00,2.0,2026-07-22,False,False
2026-07-22 05:00:00+00:00,52399.1,52434.6,52266.1,52406.6,34812,4,0.0,4.125,True,2026-07-22 06:00:00,6.0,2026-07-22,False,False
2026-07-22 09:00:00+00:00,52405.1,52477.6,52263.6,52339.6,36511,4,0.0,3.5,True,2026-07-22 10:00:00,10.0,2026-07-22,False,False
2026-07-22 13:00:00+00:00,52340.1,52720.1,52335.6,52609.1,105376,4,0.75,2.599999999998545,True,2026-07-22 14:00:00,14.0,2026-07-22,False,False
2026-07-22 17:00:00+00:00,52608.1,52612.1,52413.6,52481.5,40822,4,0.75,3.4499999999989086,True,2026-07-22 18:00:00,18.0,2026-07-22,True,False
2026-07-22 22:00:00+00:00,52442.5,52501.1,52352.1,52492.1,11471,3,0.0,6.0,True,2026-07-22 23:00:00,23.0,2026-07-22,False,False
2026-07-23 01:00:00+00:00,52493.1,52515.1,52350.1,52377.6,17125,4,0.0,6.0,True,2026-07-23 02:00:00,2.0,2026-07-23,False,False
2026-07-23 05:00:00+00:00,52379.1,52418.1,52130.6,52293.6,35106,4,0.0,4.125,True,2026-07-23 06:00:00,6.0,2026-07-23,False,False
2026-07-23 09:00:00+00:00,52294.1,52333.1,51875.1,51893.6,46657,4,0.0,3.5,True,2026-07-23 10:00:00,10.0,2026-07-23,False,False
2026-07-23 13:00:00+00:00,51893.1,52084.6,51731.1,51939.1,235632,4,0.75,2.599999999998545,True,2026-07-23 14:00:00,14.0,2026-07-23,False,False
2026-07-23 17:00:00+00:00,51939.6,51958.6,51775.1,51919.6,86976,4,0.75,3.4499999999989086,True,2026-07-23 18:00:00,18.0,2026-07-23,True,False
2026-07-23 22:00:00+00:00,51893.5,51965.1,51852.0,51948.6,17478,3,0.0,6.0,True,2026-07-23 23:00:00,23.0,2026-07-23,False,False
2026-07-24 01:00:00+00:00,51948.1,51977.1,51879.6,51914.1,21816,4,0.0,6.0,True,2026-07-24 02:00:00,2.0,2026-07-24,False,False
2026-07-24 05:00:00+00:00,51916.1,52137.1,51904.1,52107.1,32921,4,0.0,4.125,True,2026-07-24 06:00:00,6.0,2026-07-24,False,False
2026-07-24 09:00:00+00:00,52107.6,52196.1,52012.1,52022.1,34242,4,0.0,3.5,True,2026-07-24 10:00:00,10.0,2026-07-24,False,False
2026-07-24 13:00:00+00:00,52022.6,52313.1,51876.1,52184.1,193813,4,0.75,2.599999999998545,True,2026-07-24 14:00:00,14.0,2026-07-24,False,False
2026-07-24 17:00:00+00:00,52184.6,52221.1,52012.1,52082.1,85375,4,0.75,3.4499999999989086,True,2026-07-24 18:00:00,18.0,2026-07-24,True,False
2026-07-26 22:00:00+00:00,52442.0,52481.1,52336.5,52369.6,17225,3,0.0,6.0,True,2026-07-26 23:00:00,23.0,2026-07-26,False,False
2026-07-27 01:00:00+00:00,52369.1,52476.1,52337.6,52464.6,19936,4,0.0,6.0,True,2026-07-27 02:00:00,2.0,2026-07-27,False,False
2026-07-27 05:00:00+00:00,52465.1,52628.6,52461.1,52625.6,24969,4,0.0,4.125,True,2026-07-27 06:00:00,6.0,2026-07-27,False,False
2026-07-27 09:00:00+00:00,52626.1,52748.6,52603.6,52745.1,25363,4,0.0,3.5,True,2026-07-27 10:00:00,10.0,2026-07-27,False,False
2026-07-27 13:00:00+00:00,52745.6,52790.1,52186.1,52247.6,234619,4,0.75,2.599999999998545,True,2026-07-27 14:00:00,14.0,2026-07-27,False,False
2026-07-27 17:00:00+00:00,52248.1,52430.1,52173.1,52426.1,82403,4,0.75,3.4499999999989086,True,2026-07-27 18:00:00,18.0,2026-07-27,True,False
2026-07-27 22:00:00+00:00,52410.5,52437.6,52305.6,52335.6,17996,3,0.0,6.0,True,2026-07-27 23:00:00,23.0,2026-07-27,False,False
2026-07-28 01:00:00+00:00,52336.1,52421.6,52288.6,52358.6,30859,4,0.0,6.0,True,2026-07-28 02:00:00,2.0,2026-07-28,False,False
2026-07-28 05:00:00+00:00,52359.6,52538.1,52354.6,52487.1,38411,4,0.0,4.125,True,2026-07-28 06:00:00,6.0,2026-07-28,False,False
2026-07-28 09:00:00+00:00,52486.6,52906.6,52478.1,52886.1,44606,4,0.0,3.5,True,2026-07-28 10:00:00,10.0,2026-07-28,False,False
2026-07-28 13:00:00+00:00,52885.1,53084.1,52613.1,53079.1,194856,4,0.75,2.600000000000364,True,2026-07-28 14:00:00,14.0,2026-07-28,False,False
2026-07-28 17:00:00+00:00,53079.6,53106.1,52905.5,52909.6,71750,4,0.75,3.4499999999989086,True,2026-07-28 18:00:00,18.0,2026-07-28,True,False
2026-07-28 22:00:00+00:00,52921.0,53033.6,52827.5,53003.1,23647,3,0.0,6.0,True,2026-07-28 23:00:00,23.0,2026-07-28,False,False
2026-07-29 01:00:00+00:00,53003.6,53009.6,52808.6,52861.6,27633,4,0.0,6.0,True,2026-07-29 02:00:00,2.0,2026-07-29,False,False
2026-07-29 05:00:00+00:00,52862.1,53024.1,52858.6,52991.1,29326,4,0.0,4.125,True,2026-07-29 06:00:00,6.0,2026-07-29,False,False
2026-07-29 09:00:00+00:00,52991.6,52993.1,52544.6,52583.6,38689,4,0.0,3.5,True,2026-07-29 10:00:00,10.0,2026-07-29,False,False
2026-07-29 13:00:00+00:00,52584.1,52587.1,51956.1,52113.6,211043,4,0.75,2.599999999998545,True,2026-07-29 14:00:00,14.0,2026-07-29,False,False
2026-07-29 17:00:00+00:00,52113.1,52427.6,51629.6,51744.6,279601,4,0.75,3.4500000000025466,True,2026-07-29 18:00:00,18.0,2026-07-29,True,False
2026-07-29 22:00:00+00:00,51762.0,51961.1,51748.5,51883.6,35102,3,0.0,6.0,True,2026-07-29 23:00:00,23.0,2026-07-29,False,False
2026-07-30 01:00:00+00:00,51884.1,51931.1,51797.1,51806.6,41707,4,0.0,6.0,True,2026-07-30 02:00:00,2.0,2026-07-30,False,False
2026-07-30 05:00:00+00:00,51807.1,51932.6,51732.1,51888.1,69221,4,0.0,4.125,True,2026-07-30 06:00:00,6.0,2026-07-30,False,False
2026-07-30 09:00:00+00:00,51889.1,52047.6,51832.1,51968.1,60236,4,0.0,3.5,True,2026-07-30 10:00:00,10.0,2026-07-30,False,False
2026-07-30 13:00:00+00:00,51967.6,52266.1,51799.1,52236.1,231224,4,0.75,2.599999999998545,True,2026-07-30 14:00:00,14.0,2026-07-30,False,False
2026-07-30 17:00:00+00:00,52236.6,52487.0,52235.6,52419.5,74322,4,0.75,3.4499999999989086,True,2026-07-30 18:00:00,18.0,2026-07-30,True,False
2026-07-30 22:00:00+00:00,52391.5,52552.6,52384.5,52529.1,13568,3,0.0,6.0,True,2026-07-30 23:00:00,23.0,2026-07-30,False,False
2026-07-31 01:00:00+00:00,52528.6,52633.6,52527.6,52629.1,15206,4,0.0,6.0,True,2026-07-31 02:00:00,2.0,2026-07-31,False,False
2026-07-31 05:00:00+00:00,52628.6,52697.1,52551.1,52662.5,24599,4,0.0,4.125,True,2026-07-31 06:00:00,6.0,2026-07-31,False,False
2026-07-31 09:00:00+00:00,52662.1,52741.1,52528.6,52551.6,34134,4,0.0,3.5,True,2026-07-31 10:00:00,10.0,2026-07-31,False,False
2026-07-31 13:00:00+00:00,52550.6,52652.6,52123.1,52576.1,240491,4,0.75,2.600000000000364,True,2026-07-31 14:00:00,14.0,2026-07-31,False,False
2026-07-31 17:00:00+00:00,52577.6,52772.1,52560.6,52652.6,65106,4,0.75,3.4499999999989086,True,2026-07-31 18:00:00,18.0,2026-07-31,True,False
2026-08-02 22:00:00+00:00,52849.0,52873.5,52777.1,52842.1,13572,3,0.0,6.0,True,2026-08-02 23:00:00,23.0,2026-08-02,False,False
2026-08-03 01:00:00+00:00,52843.6,52941.6,52821.6,52922.6,7802,4,0.0,6.0,True,2026-08-03 02:00:00,2.0,2026-08-03,False,False
2026-08-03 05:00:00+00:00,52923.1,52992.1,52846.6,52992.1,18706,4,0.0,4.125,True,2026-08-03 06:00:00,6.0,2026-08-03,False,False
2026-08-03 09:00:00+00:00,52992.6,53320.1,52948.6,53304.1,23756,4,0.0,3.5,True,2026-08-03 10:00:00,10.0,2026-08-03,False,False
2026-08-03 13:00:00+00:00,53305.6,53378.6,53087.1,53114.1,124413,4,0.75,2.600000000000364,True,2026-08-03 14:00:00,14.0,2026-08-03,False,False
2026-08-03 17:00:00+00:00,53114.6,53413.1,53078.1,53389.5,44231,4,0.75,3.4499999999989086,True,2026-08-03 18:00:00,18.0,2026-08-03,True,False
2026-08-03 22:00:00+00:00,53383.5,53463.1,53370.5,53441.1,6431,3,0.0,6.0,True,2026-08-03 23:00:00,23.0,2026-08-03,False,False
2026-08-04 01:00:00+00:00,53440.6,53491.6,53436.1,53459.6,8507,4,0.0,6.0,True,2026-08-04 02:00:00,2.0,2026-08-04,False,False
2026-08-04 05:00:00+00:00,53460.1,53473.6,53336.1,53359.6,16255,4,0.0,4.125,True,2026-08-04 06:00:00,6.0,2026-08-04,False,False
2026-08-04 09:00:00+00:00,53360.1,54030.1,53274.5,53948.6,45011,4,0.0,3.5,True,2026-08-04 10:00:00,10.0,2026-08-04,False,False
2026-08-04 13:00:00+00:00,53948.1,54318.1,53804.1,54298.6,133269,4,0.75,2.600000000000364,True,2026-08-04 14:00:00,14.0,2026-08-04,False,False
2026-08-04 17:00:00+00:00,54299.1,54422.6,54238.1,54377.1,71192,4,0.75,3.4499999999989086,True,2026-08-04 18:00:00,18.0,2026-08-04,True,False
2026-08-04 22:00:00+00:00,54355.5,54398.1,54344.6,54398.1,7093,3,0.0,6.0,True,2026-08-04 23:00:00,23.0,2026-08-04,False,False
2026-08-05 01:00:00+00:00,54397.1,54501.1,54359.1,54460.1,7850,4,0.0,6.0,True,2026-08-05 02:00:00,2.0,2026-08-05,False,False
2026-08-05 05:00:00+00:00,54460.6,54499.1,54356.6,54392.6,17333,4,0.0,4.125,True,2026-08-05 06:00:00,6.0,2026-08-05,False,False
2026-08-05 09:00:00+00:00,54393.1,54551.0,54381.1,54476.6,20063,4,0.0,3.5,True,2026-08-05 10:00:00,10.0,2026-08-05,False,False
2026-08-05 13:00:00+00:00,54477.1,54883.6,54452.6,54681.1,165074,4,0.75,2.600000000000364,True,2026-08-05 14:00:00,14.0,2026-08-05,False,False
2026-08-05 17:00:00+00:00,54681.6,54735.6,54480.6,54559.5,59329,4,0.75,3.4499999999989086,True,2026-08-05 18:00:00,18.0,2026-08-05,True,False
2026-08-05 22:00:00+00:00,54558.0,54602.6,54547.1,54591.1,8335,3,0.0,6.0,True,2026-08-05 23:00:00,23.0,2026-08-05,False,False
2026-08-06 01:00:00+00:00,54591.6,54625.6,54549.1,54616.1,11924,4,0.0,6.0,True,2026-08-06 02:00:00,2.0,2026-08-06,False,False
2026-08-06 05:00:00+00:00,54616.6,54667.6,54566.1,54666.6,18800,4,0.0,4.125,True,2026-08-06 06:00:00,6.0,2026-08-06,False,False
2026-08-06 09:00:00+00:00,54667.1,54678.6,54543.6,54595.6,22411,4,0.0,3.5,True,2026-08-06 10:00:00,10.0,2026-08-06,False,False
2026-08-06 13:00:00+00:00,54596.6,54658.1,54064.1,54150.1,146862,4,0.75,2.599999999998545,True,2026-08-06 14:00:00,14.0,2026-08-06,False,False
2026-08-06 17:00:00+00:00,54150.6,54156.1,53954.0,53979.6,59025,4,0.75,3.4499999999989086,True,2026-08-06 18:00:00,18.0,2026-08-06,True,False
2026-08-06 22:00:00+00:00,54017.5,54029.5,53932.1,53955.6,9672,3,0.0,6.0,True,2026-08-06 23:00:00,23.0,2026-08-06,False,False
2026-08-07 01:00:00+00:00,53956.1,53970.1,53881.6,53907.6,14444,4,0.0,6.0,True,2026-08-07 02:00:00,2.0,2026-08-07,False,False
2026-08-07 05:00:00+00:00,53907.1,53999.1,53905.6,53985.6,15793,4,0.0,4.125,True,2026-08-07 06:00:00,6.0,2026-08-07,False,False
2026-08-07 09:00:00+00:00,53986.1,54203.6,53972.6,54161.6,27336,4,0.0,3.5,True,2026-08-07 10:00:00,10.0,2026-08-07,False,False
2026-08-07 13:00:00+00:00,54162.1,54199.1,53909.6,54060.1,142407,4,0.75,2.599999999998545,True,2026-08-07 14:00:00,14.0,2026-08-07,False,False
2026-08-07 17:00:00+00:00,54059.6,54188.1,54011.6,54121.6,46559,4,0.75,3.4499999999989086,True,2026-08-07 18:00:00,18.0,2026-08-07,True,False
2026-08-09 22:00:00+00:00,54073.5,54081.5,53999.1,54055.6,8984,3,0.0,6.0,True,2026-08-09 23:00:00,23.0,2026-08-09,False,False
2026-08-10 01:00:00+00:00,54056.6,54136.1,54049.6,54131.6,9108,4,0.0,6.0,True,2026-08-10 02:00:00,2.0,2026-08-10,False,False
2026-08-10 05:00:00+00:00,54131.1,54171.1,54096.1,54108.1,15093,4,0.0,4.125,True,2026-08-10 06:00:00,6.0,2026-08-10,False,False
2026-08-10 09:00:00+00:00,54108.6,54150.6,54018.1,54065.1,18089,4,0.0,3.5,True,2026-08-10 10:00:00,10.0,2026-08-10,False,False
2026-08-10 13:00:00+00:00,54064.6,54167.1,53954.5,54042.1,107115,4,0.75,2.599999999998545,True,2026-08-10 14:00:00,14.0,2026-08-10,False,False
2026-08-10 17:00:00+00:00,54042.6,54077.1,53957.1,54056.6,35253,4,0.75,3.4499999999989086,True,2026-08-10 18:00:00,18.0,2026-08-10,True,False
2026-08-10 22:00:00+00:00,54046.5,54075.1,53998.6,54029.6,5570,3,0.0,6.0,True,2026-08-10 23:00:00,23.0,2026-08-10,False,False
2026-08-11 01:00:00+00:00,54030.1,54085.1,54020.6,54066.1,4269,4,0.0,6.0,True,2026-08-11 02:00:00,2.0,2026-08-11,False,False
2026-08-11 05:00:00+00:00,54065.6,54080.1,53958.5,54001.6,14248,4,0.0,4.125,True,2026-08-11 06:00:00,6.0,2026-08-11,False,False
2026-08-11 09:00:00+00:00,54001.1,54149.1,53975.6,54122.6,23112,4,0.0,3.5,True,2026-08-11 10:00:00,10.0,2026-08-11,False,False
2026-08-11 13:00:00+00:00,54121.6,54335.6,53982.6,53996.1,94262,4,0.75,2.599999999998545,True,2026-08-11 14:00:00,14.0,2026-08-11,False,False
2026-08-11 17:00:00+00:00,53996.6,54002.1,53854.6,53902.6,37025,4,0.75,3.4499999999989086,True,2026-08-11 18:00:00,18.0,2026-08-11,True,False
2026-08-11 22:00:00+00:00,53898.5,53914.1,53855.1,53868.6,6196,3,0.0,6.0,True,2026-08-11 23:00:00,23.0,2026-08-11,False,False
2026-08-12 01:00:00+00:00,53868.1,53901.6,53853.6,53898.1,6259,4,0.0,6.0,True,2026-08-12 02:00:00,2.0,2026-08-12,False,False
2026-08-12 05:00:00+00:00,53898.6,53916.6,53862.6,53876.6,10618,4,0.0,4.125,True,2026-08-12 06:00:00,6.0,2026-08-12,False,False
2026-08-12 09:00:00+00:00,53876.1,54144.5,53875.1,54041.6,28949,4,0.0,3.5,True,2026-08-12 10:00:00,10.0,2026-08-12,False,False
2026-08-12 13:00:00+00:00,54042.1,54084.6,53832.5,53915.6,106391,4,0.75,2.599999999998545,True,2026-08-12 14:00:00,14.0,2026-08-12,False,False
2026-08-12 17:00:00+00:00,53916.1,53958.1,53852.1,53863.1,32706,4,0.75,3.4499999999989086,True,2026-08-12 18:00:00,18.0,2026-08-12,True,False
2026-08-12 22:00:00+00:00,53904.5,53904.5,53827.6,53844.6,6040,3,0.0,6.0,True,2026-08-12 23:00:00,23.0,2026-08-12,False,False
2026-08-13 01:00:00+00:00,53843.1,53866.6,53802.1,53858.1,6388,4,0.0,6.0,True,2026-08-13 02:00:00,2.0,2026-08-13,False,False
2026-08-13 05:00:00+00:00,53857.6,53985.6,53857.1,53979.6,10089,4,0.0,4.125,True,2026-08-13 06:00:00,6.0,2026-08-13,False,False
2026-08-13 09:00:00+00:00,53980.6,54057.1,53968.6,54056.6,13860,4,0.0,3.5,True,2026-08-13 10:00:00,10.0,2026-08-13,False,False
2026-08-13 13:00:00+00:00,54057.1,54147.1,53713.6,53821.1,108088,4,0.75,2.599999999998545,True,2026-08-13 14:00:00,14.0,2026-08-13,False,False
2026-08-13 17:00:00+00:00,53820.6,53967.1,53806.1,53961.1,35333,4,0.75,3.4499999999989086,True,2026-08-13 18:00:00,18.0,2026-08-13,True,False
2026-08-13 22:00:00+00:00,53951.0,53973.0,53924.1,53961.1,3361,3,0.0,6.0,True,2026-08-13 23:00:00,23.0,2026-08-13,False,False
2026-08-14 01:00:00+00:00,53960.6,53999.6,53954.1,53967.1,4000,4,0.0,6.0,True,2026-08-14 02:00:00,2.0,2026-08-14,False,False
2026-08-14 05:00:00+00:00,53967.6,53970.1,53824.1,53863.1,8433,4,0.0,4.125,True,2026-08-14 06:00:00,6.0,2026-08-14,False,False
2026-08-14 09:00:00+00:00,53862.6,53887.6,53792.6,53866.6,12008,4,0.0,3.5,True,2026-08-14 10:00:00,10.0,2026-08-14,False,False
2026-08-14 13:00:00+00:00,53865.6,53956.6,53744.6,53752.6,88014,4,0.75,2.600000000000364,True,2026-08-14 14:00:00,14.0,2026-08-14,False,False
2026-08-14 17:00:00+00:00,53753.1,53886.6,53752.1,53781.6,28124,4,0.75,3.4499999999989086,True,2026-08-14 18:00:00,18.0,2026-08-14,True,False
2026-08-16 22:00:00+00:00,53798.0,53834.5,53772.1,53786.6,4174,3,0.0,6.0,True,2026-08-16 23:00:00,23.0,2026-08-16,False,False
2026-08-17 01:00:00+00:00,53785.6,53790.1,53720.6,53751.1,5164,4,0.0,6.0,True,2026-08-17 02:00:00,2.0,2026-08-17,False,False
2026-08-17 05:00:00+00:00,53750.6,53790.1,53691.1,53723.1,9310,4,0.0,4.125,True,2026-08-17 06:00:00,6.0,2026-08-17,False,False
2026-08-17 09:00:00+00:00,53721.6,53809.6,53604.5,53624.1,19891,4,0.0,3.5,True,2026-08-17 10:00:00,10.0,2026-08-17,False,False
2026-08-17 13:00:00+00:00,53623.6,53719.1,53553.6,53575.1,84882,4,0.75,2.600000000000364,True,2026-08-17 14:00:00,14.0,2026-08-17,False,False
2026-08-17 17:00:00+00:00,53574.6,53615.1,53465.1,53510.6,40311,4,0.75,3.4499999999989086,True,2026-08-17 18:00:00,18.0,2026-08-17,True,False
2026-08-17 22:00:00+00:00,53507.5,53545.1,53487.1,53516.1,4904,3,0.0,6.0,True,2026-08-17 23:00:00,23.0,2026-08-17,False,False
2026-08-18 01:00:00+00:00,53516.6,53557.6,53455.6,53468.1,11507,4,0.0,6.0,True,2026-08-18 02:00:00,2.0,2026-08-18,False,False
2026-08-18 05:00:00+00:00,53467.1,53527.1,53382.5,53494.6,23244,4,0.0,4.125,True,2026-08-18 06:00:00,6.0,2026-08-18,False,False
2026-08-18 09:00:00+00:00,53494.1,53589.5,53448.6,53505.6,23302,4,0.0,3.5,True,2026-08-18 10:00:00,10.0,2026-08-18,False,False
2026-08-18 13:00:00+00:00,53505.1,53541.1,53311.1,53432.1,121017,4,0.75,2.600000000000364,True,2026-08-18 14:00:00,14.0,2026-08-18,False,False
2026-08-18 17:00:00+00:00,53432.6,53479.6,53382.6,53405.1,35543,4,0.75,3.4499999999989086,True,2026-08-18 18:00:00,18.0,2026-08-18,True,False
2026-08-18 22:00:00+00:00,53411.0,53419.1,53363.1,53381.1,9527,3,0.0,6.0,True,2026-08-18 23:00:00,23.0,2026-08-18,False,False
2026-08-19 01:00:00+00:00,53380.6,53390.6,53336.6,53356.6,13311,4,0.0,6.0,True,2026-08-19 02:00:00,2.0,2026-08-19,False,False
2026-08-19 05:00:00+00:00,53357.1,53467.6,53336.1,53400.6,20857,4,0.0,4.125,True,2026-08-19 06:00:00,6.0,2026-08-19,False,False
2026-08-19 09:00:00+00:00,53400.1,53742.1,53371.1,53680.6,31686,4,0.0,3.5,True,2026-08-19 10:00:00,10.0,2026-08-19,False,False
2026-08-19 13:00:00+00:00,53680.1,53780.1,53463.1,53491.1,146469,4,0.75,2.599999999998545,True,2026-08-19 14:00:00,14.0,2026-08-19,False,False
2026-08-19 17:00:00+00:00,53490.6,53592.6,53483.1,53528.1,59230,4,0.75,3.4500000000007276,True,2026-08-19 18:00:00,18.0,2026-08-19,True,False
2026-08-19 22:00:00+00:00,53533.0,53581.5,53528.0,53549.1,7321,3,0.0,6.0,True,2026-08-19 23:00:00,23.0,2026-08-19,False,False
2026-08-20 01:00:00+00:00,53548.6,53567.6,53524.6,53559.6,8991,4,0.0,6.0,True,2026-08-20 02:00:00,2.0,2026-08-20,False,False
2026-08-20 05:00:00+00:00,53559.1,53588.6,53404.5,53430.1,20194,4,0.0,4.125,True,2026-08-20 06:00:00,6.0,2026-08-20,False,False
2026-08-20 09:00:00+00:00,53429.6,53486.1,53068.1,53107.6,39988,4,0.0,3.5,True,2026-08-20 10:00:00,10.0,2026-08-20,False,False
