=== sync start 2026-08-17T06:51:36Z ===

=== uk100 (id 16645) -> /Users/r.john/git/vc-tx2/data ===
  minute/mid:
      page 1: 10,000 bars  2026-08-05 18:49:00+00:00 -> 2026-08-17 06:51:00+00:00
      page 2: 10,000 bars  2026-07-27 10:02:00+00:00 -> 2026-08-05 18:48:00+00:00
      page 3:  8,255 bars  2026-07-17 06:52:00+00:00 -> 2026-07-27 10:01:00+00:00
      fetched 28,254 | +490 new | store 41,163 bars  2026-07-03 -> 2026-08-17

  minute/bid:
      page 1: 10,000 bars  2026-08-05 18:49:00+00:00 -> 2026-08-17 06:51:00+00:00
      page 2: 10,000 bars  2026-07-27 10:02:00+00:00 -> 2026-08-05 18:48:00+00:00
      page 3:  8,255 bars  2026-07-17 06:52:00+00:00 -> 2026-07-27 10:01:00+00:00
      fetched 28,254 | +175 new | store 41,163 bars  2026-07-03 -> 2026-08-17

  minute/ask:
      page 1: 10,000 bars  2026-08-05 18:49:00+00:00 -> 2026-08-17 06:51:00+00:00
      page 2: 10,000 bars  2026-07-27 10:02:00+00:00 -> 2026-08-05 18:48:00+00:00
      page 3:  8,255 bars  2026-07-17 06:52:00+00:00 -> 2026-07-27 10:01:00+00:00
      fetched 28,254 | +175 new | store 41,163 bars  2026-07-03 -> 2026-08-17

  quarter/mid:
      page 1: 10,000 bars  2026-03-09 15:15:00+00:00 -> 2026-08-17 06:45:00+00:00
      page 2: 10,000 bars  2025-09-30 02:00:00+00:00 -> 2026-03-09 15:00:00+00:00
      page 3:  2,717 bars  2025-08-17 22:00:00+00:00 -> 2025-09-30 01:45:00+00:00
      fetched 22,716 | +36 new | store 23,620 bars  2025-08-03 -> 2026-08-17

  quarter/bid:
      page 1: 10,000 bars  2026-03-09 15:15:00+00:00 -> 2026-08-17 06:45:00+00:00
      page 2: 10,000 bars  2025-09-30 02:00:00+00:00 -> 2026-03-09 15:00:00+00:00
      page 3:  2,717 bars  2025-08-17 22:00:00+00:00 -> 2025-09-30 01:45:00+00:00
      fetched 22,716 | +36 new | store 23,620 bars  2025-08-03 -> 2026-08-17

  quarter/ask:
      page 1: 10,000 bars  2026-03-09 15:15:00+00:00 -> 2026-08-17 06:45:00+00:00
      page 2: 10,000 bars  2025-09-30 02:00:00+00:00 -> 2026-03-09 15:00:00+00:00
      page 3:  2,717 bars  2025-08-17 22:00:00+00:00 -> 2025-09-30 01:45:00+00:00
      fetched 22,716 | +36 new | store 23,620 bars  2025-08-03 -> 2026-08-17

  hour/mid:
      page 1: 10,000 bars  2024-11-15 04:00:00+00:00 -> 2026-08-17 06:00:00+00:00
      page 2:  1,440 bars  2024-08-18 22:00:00+00:00 -> 2024-11-15 03:00:00+00:00
      fetched 11,439 | +9 new | store 11,667 bars  2024-08-04 -> 2026-08-17

  hour/bid:
      page 1: 10,000 bars  2024-11-15 04:00:00+00:00 -> 2026-08-17 06:00:00+00:00
      page 2:  1,440 bars  2024-08-18 22:00:00+00:00 -> 2024-11-15 03:00:00+00:00
      fetched 11,439 | +9 new | store 11,667 bars  2024-08-04 -> 2026-08-17

  hour/ask:
      page 1: 10,000 bars  2024-11-15 04:00:00+00:00 -> 2026-08-17 06:00:00+00:00
      page 2:  1,440 bars  2024-08-18 22:00:00+00:00 -> 2024-11-15 03:00:00+00:00
      fetched 11,439 | +9 new | store 11,667 bars  2024-08-04 -> 2026-08-17

  day/mid:
      page 1:  3,755 bars  2012-03-26 00:00:00+00:00 -> 2026-08-17 00:00:00+00:00
      fetched 3,754 | +1 new | store 3,754 bars  2012-03-26 -> 2026-08-14

  day/bid:
      page 1:  3,755 bars  2012-03-26 00:00:00+00:00 -> 2026-08-17 00:00:00+00:00
      fetched 3,754 | +1 new | store 3,754 bars  2012-03-26 -> 2026-08-14  !! {'open_outside_hl': 2}

  day/ask:
      page 1:  3,755 bars  2012-03-26 00:00:00+00:00 -> 2026-08-17 00:00:00+00:00
      fetched 3,754 | +1 new | store 3,754 bars  2012-03-26 -> 2026-08-14  !! {'close_outside_hl': 2}


=== ger40 (id 17068) -> /Users/r.john/git/vc-tx2/data ===
  minute/mid:
      page 1: 10,000 bars  2026-08-05 19:05:00+00:00 -> 2026-08-17 06:52:00+00:00
      page 2: 10,000 bars  2026-07-27 10:23:00+00:00 -> 2026-08-05 19:04:00+00:00
      page 3:  8,279 bars  2026-07-17 06:52:00+00:00 -> 2026-07-27 10:22:00+00:00
      fetched 28,278 | +499 new | store 41,000 bars  2026-07-05 -> 2026-08-17

  minute/bid:
      page 1: 10,000 bars  2026-08-05 19:05:00+00:00 -> 2026-08-17 06:52:00+00:00
      page 2: 10,000 bars  2026-07-27 10:23:00+00:00 -> 2026-08-05 19:04:00+00:00
      page 3:  8,279 bars  2026-07-17 06:52:00+00:00 -> 2026-07-27 10:22:00+00:00
      fetched 28,278 | +499 new | store 41,000 bars  2026-07-05 -> 2026-08-17

  minute/ask:
      page 1: 10,000 bars  2026-08-05 19:05:00+00:00 -> 2026-08-17 06:52:00+00:00
      page 2: 10,000 bars  2026-07-27 10:23:00+00:00 -> 2026-08-05 19:04:00+00:00
      page 3:  8,279 bars  2026-07-17 06:52:00+00:00 -> 2026-07-27 10:22:00+00:00
      fetched 28,278 | +499 new | store 41,000 bars  2026-07-05 -> 2026-08-17

  quarter/mid:
      page 1: 10,000 bars  2026-03-10 20:30:00+00:00 -> 2026-08-17 06:45:00+00:00
      page 2: 10,000 bars  2025-09-30 05:00:00+00:00 -> 2026-03-10 20:15:00+00:00
      page 3:  2,828 bars  2025-08-17 22:00:00+00:00 -> 2025-09-30 04:45:00+00:00
      fetched 22,827 | +36 new | store 23,653 bars  2025-08-04 -> 2026-08-17

  quarter/bid:
      page 1: 10,000 bars  2026-03-10 20:30:00+00:00 -> 2026-08-17 06:45:00+00:00
      page 2: 10,000 bars  2025-09-30 05:00:00+00:00 -> 2026-03-10 20:15:00+00:00
      page 3:  2,828 bars  2025-08-17 22:00:00+00:00 -> 2025-09-30 04:45:00+00:00
      fetched 22,827 | +36 new | store 23,653 bars  2025-08-04 -> 2026-08-17

  quarter/ask:
      page 1: 10,000 bars  2026-03-10 20:30:00+00:00 -> 2026-08-17 06:45:00+00:00
      page 2: 10,000 bars  2025-09-30 05:00:00+00:00 -> 2026-03-10 20:15:00+00:00
      page 3:  2,828 bars  2025-08-17 22:00:00+00:00 -> 2025-09-30 04:45:00+00:00
      fetched 22,827 | +36 new | store 23,653 bars  2025-08-04 -> 2026-08-17

  hour/mid:
      page 1: 10,000 bars  2024-11-18 08:00:00+00:00 -> 2026-08-17 06:00:00+00:00
      page 2:  1,491 bars  2024-08-18 22:00:00+00:00 -> 2024-11-18 07:00:00+00:00
      fetched 11,490 | +9 new | store 11,718 bars  2024-08-04 -> 2026-08-17

  hour/bid:
      page 1: 10,000 bars  2024-11-18 08:00:00+00:00 -> 2026-08-17 06:00:00+00:00
      page 2:  1,491 bars  2024-08-18 22:00:00+00:00 -> 2024-11-18 07:00:00+00:00
      fetched 11,490 | +9 new | store 11,718 bars  2024-08-04 -> 2026-08-17

  hour/ask:
      page 1: 10,000 bars  2024-11-18 08:00:00+00:00 -> 2026-08-17 06:00:00+00:00
      page 2:  1,491 bars  2024-08-18 22:00:00+00:00 -> 2024-11-18 07:00:00+00:00
      fetched 11,490 | +9 new | store 11,718 bars  2024-08-04 -> 2026-08-17

  day/mid:
      page 1:  3,774 bars  2012-01-30 00:00:00+00:00 -> 2026-08-17 00:00:00+00:00
      fetched 3,773 | +1 new | store 3,773 bars  2012-01-30 -> 2026-08-14

  day/bid:
      page 1:  3,774 bars  2012-01-30 00:00:00+00:00 -> 2026-08-17 00:00:00+00:00
      fetched 3,773 | +1 new | store 3,773 bars  2012-01-30 -> 2026-08-14

  day/ask:
      page 1:  3,774 bars  2012-01-30 00:00:00+00:00 -> 2026-08-17 00:00:00+00:00
      fetched 3,773 | +1 new | store 3,773 bars  2012-01-30 -> 2026-08-14


=== us30 (id 17322) -> /Users/r.john/git/vc-tx2/data ===
  minute/mid:
      page 1: 10,000 bars  2026-08-06 00:10:00+00:00 -> 2026-08-17 06:52:00+00:00
      page 2: 10,000 bars  2026-07-27 16:59:00+00:00 -> 2026-08-06 00:09:00+00:00
      page 3:  8,824 bars  2026-07-17 06:53:00+00:00 -> 2026-07-27 16:58:00+00:00
      fetched 28,823 | +532 new | store 41,744 bars  2026-07-05 -> 2026-08-17

  minute/bid:
      page 1: 10,000 bars  2026-08-06 00:10:00+00:00 -> 2026-08-17 06:52:00+00:00
      page 2: 10,000 bars  2026-07-27 16:59:00+00:00 -> 2026-08-06 00:09:00+00:00
      page 3:  8,824 bars  2026-07-17 06:53:00+00:00 -> 2026-07-27 16:58:00+00:00
      fetched 28,823 | +532 new | store 41,744 bars  2026-07-05 -> 2026-08-17

  minute/ask:
      page 1: 10,000 bars  2026-08-06 00:10:00+00:00 -> 2026-08-17 06:52:00+00:00
      page 2: 10,000 bars  2026-07-27 16:59:00+00:00 -> 2026-08-06 00:09:00+00:00
      page 3:  8,824 bars  2026-07-17 06:53:00+00:00 -> 2026-07-27 16:58:00+00:00
      fetched 28,823 | +532 new | store 41,744 bars  2026-07-05 -> 2026-08-17

  quarter/mid:
      page 1: 10,000 bars  2026-03-16 07:30:00+00:00 -> 2026-08-17 06:45:00+00:00
      page 2: 10,000 bars  2025-10-08 19:30:00+00:00 -> 2026-03-16 07:15:00+00:00
      page 3:  3,460 bars  2025-08-17 22:00:00+00:00 -> 2025-10-08 19:15:00+00:00
      fetched 23,459 | +36 new | store 24,297 bars  2025-08-04 -> 2026-08-17

  quarter/bid:
      page 1: 10,000 bars  2026-03-16 07:30:00+00:00 -> 2026-08-17 06:45:00+00:00
      page 2: 10,000 bars  2025-10-08 19:30:00+00:00 -> 2026-03-16 07:15:00+00:00
      page 3:  3,460 bars  2025-08-17 22:00:00+00:00 -> 2025-10-08 19:15:00+00:00
      fetched 23,459 | +36 new | store 24,297 bars  2025-08-04 -> 2026-08-17

  quarter/ask:
      page 1: 10,000 bars  2026-03-16 07:30:00+00:00 -> 2026-08-17 06:45:00+00:00
      page 2: 10,000 bars  2025-10-08 19:30:00+00:00 -> 2026-03-16 07:15:00+00:00
      page 3:  3,460 bars  2025-08-17 22:00:00+00:00 -> 2025-10-08 19:15:00+00:00
      fetched 23,459 | +36 new | store 24,297 bars  2025-08-04 -> 2026-08-17

  hour/mid:
      page 1: 10,000 bars  2024-12-03 21:00:00+00:00 -> 2026-08-17 06:00:00+00:00
      page 2:  1,759 bars  2024-08-18 22:00:00+00:00 -> 2024-12-03 20:00:00+00:00
      fetched 11,758 | +9 new | store 11,988 bars  2024-08-04 -> 2026-08-17

  hour/bid:
      page 1: 10,000 bars  2024-12-03 21:00:00+00:00 -> 2026-08-17 06:00:00+00:00
      page 2:  1,759 bars  2024-08-18 22:00:00+00:00 -> 2024-12-03 20:00:00+00:00
      fetched 11,758 | +9 new | store 11,988 bars  2024-08-04 -> 2026-08-17

  hour/ask:
      page 1: 10,000 bars  2024-12-03 21:00:00+00:00 -> 2026-08-17 06:00:00+00:00
      page 2:  1,759 bars  2024-08-18 22:00:00+00:00 -> 2024-12-03 20:00:00+00:00
      fetched 11,758 | +9 new | store 11,988 bars  2024-08-04 -> 2026-08-17

  day/mid:
      page 1:  3,847 bars  2012-03-05 00:00:00+00:00 -> 2026-08-17 00:00:00+00:00
      fetched 3,846 | +1 new | store 3,846 bars  2012-03-05 -> 2026-08-14

  day/bid:
      page 1:  3,847 bars  2012-03-05 00:00:00+00:00 -> 2026-08-17 00:00:00+00:00
      fetched 3,846 | +1 new | store 3,846 bars  2012-03-05 -> 2026-08-14

  day/ask:
      page 1:  3,847 bars  2012-03-05 00:00:00+00:00 -> 2026-08-17 00:00:00+00:00
      fetched 3,846 | +1 new | store 3,846 bars  2012-03-05 -> 2026-08-14


=== ustech100 (id 20190) -> /Users/r.john/git/vc-tx2/data ===
  minute/mid:
      page 1: 10,000 bars  2026-08-06 00:11:00+00:00 -> 2026-08-17 06:52:00+00:00
      page 2: 10,000 bars  2026-07-27 17:00:00+00:00 -> 2026-08-06 00:10:00+00:00
      page 3:  8,825 bars  2026-07-17 06:53:00+00:00 -> 2026-07-27 16:59:00+00:00
      fetched 28,824 | +532 new | store 41,745 bars  2026-07-05 -> 2026-08-17

  minute/bid:
      page 1: 10,000 bars  2026-08-06 00:11:00+00:00 -> 2026-08-17 06:52:00+00:00
      page 2: 10,000 bars  2026-07-27 17:00:00+00:00 -> 2026-08-06 00:10:00+00:00
      page 3:  8,825 bars  2026-07-17 06:53:00+00:00 -> 2026-07-27 16:59:00+00:00
      fetched 28,824 | +532 new | store 41,745 bars  2026-07-05 -> 2026-08-17

  minute/ask:
      page 1: 10,000 bars  2026-08-06 00:12:00+00:00 -> 2026-08-17 06:53:00+00:00
      page 2: 10,000 bars  2026-07-27 17:01:00+00:00 -> 2026-08-06 00:11:00+00:00
      page 3:  8,826 bars  2026-07-17 06:53:00+00:00 -> 2026-07-27 17:00:00+00:00
      fetched 28,825 | +533 new | store 41,746 bars  2026-07-05 -> 2026-08-17

  quarter/mid:
      page 1: 10,000 bars  2026-03-16 07:45:00+00:00 -> 2026-08-17 06:45:00+00:00
      page 2: 10,000 bars  2025-10-08 19:30:00+00:00 -> 2026-03-16 07:30:00+00:00
      page 3:  3,460 bars  2025-08-17 22:00:00+00:00 -> 2025-10-08 19:15:00+00:00
      fetched 23,459 | +36 new | store 24,297 bars  2025-08-04 -> 2026-08-17

  quarter/bid:
      page 1: 10,000 bars  2026-03-16 07:45:00+00:00 -> 2026-08-17 06:45:00+00:00
      page 2: 10,000 bars  2025-10-08 19:30:00+00:00 -> 2026-03-16 07:30:00+00:00
      page 3:  3,460 bars  2025-08-17 22:00:00+00:00 -> 2025-10-08 19:15:00+00:00
      fetched 23,459 | +36 new | store 24,297 bars  2025-08-04 -> 2026-08-17

  quarter/ask:
      page 1: 10,000 bars  2026-03-16 07:45:00+00:00 -> 2026-08-17 06:45:00+00:00
      page 2: 10,000 bars  2025-10-08 19:30:00+00:00 -> 2026-03-16 07:30:00+00:00
      page 3:  3,460 bars  2025-08-17 22:00:00+00:00 -> 2025-10-08 19:15:00+00:00
      fetched 23,459 | +36 new | store 24,297 bars  2025-08-04 -> 2026-08-17

  hour/mid:
      page 1: 10,000 bars  2024-12-03 23:00:00+00:00 -> 2026-08-17 06:00:00+00:00
      page 2:  1,760 bars  2024-08-18 22:00:00+00:00 -> 2024-12-03 21:00:00+00:00
      fetched 11,759 | +9 new | store 11,989 bars  2024-08-04 -> 2026-08-17

  hour/bid:
      page 1: 10,000 bars  2024-12-03 23:00:00+00:00 -> 2026-08-17 06:00:00+00:00
      page 2:  1,760 bars  2024-08-18 22:00:00+00:00 -> 2024-12-03 21:00:00+00:00
      fetched 11,759 | +9 new | store 11,989 bars  2024-08-04 -> 2026-08-17

  hour/ask:
      page 1: 10,000 bars  2024-12-03 23:00:00+00:00 -> 2026-08-17 06:00:00+00:00
      page 2:  1,760 bars  2024-08-18 22:00:00+00:00 -> 2024-12-03 21:00:00+00:00
      fetched 11,759 | +9 new | store 11,989 bars  2024-08-04 -> 2026-08-17

  day/mid:
      page 1:  3,847 bars  2012-03-05 00:00:00+00:00 -> 2026-08-17 00:00:00+00:00
      fetched 3,846 | +1 new | store 3,846 bars  2012-03-05 -> 2026-08-14

  day/bid:
      page 1:  3,847 bars  2012-03-05 00:00:00+00:00 -> 2026-08-17 00:00:00+00:00
      fetched 3,846 | +1 new | store 3,846 bars  2012-03-05 -> 2026-08-14

  day/ask:
      page 1:  3,847 bars  2012-03-05 00:00:00+00:00 -> 2026-08-17 00:00:00+00:00
      fetched 3,846 | +1 new | store 3,846 bars  2012-03-05 -> 2026-08-14


=== us500 (id 67995) -> /Users/r.john/git/vc-tx2/data ===
  minute/mid:
      page 1: 10,000 bars  2026-08-05 23:11:00+00:00 -> 2026-08-17 06:52:00+00:00
      page 2: 10,000 bars  2026-07-27 15:59:00+00:00 -> 2026-08-05 23:10:00+00:00
      page 3:  8,760 bars  2026-07-17 06:53:00+00:00 -> 2026-07-27 15:58:00+00:00
      fetched 28,759 | +504 new | store 41,680 bars  2026-07-05 -> 2026-08-17

  minute/bid:
      page 1: 10,000 bars  2026-08-05 23:11:00+00:00 -> 2026-08-17 06:52:00+00:00
      page 2: 10,000 bars  2026-07-27 15:59:00+00:00 -> 2026-08-05 23:10:00+00:00
      page 3:  8,760 bars  2026-07-17 06:53:00+00:00 -> 2026-07-27 15:58:00+00:00
      fetched 28,759 | +504 new | store 41,680 bars  2026-07-05 -> 2026-08-17

  minute/ask:
      page 1: 10,000 bars  2026-08-05 23:11:00+00:00 -> 2026-08-17 06:52:00+00:00
      page 2: 10,000 bars  2026-07-27 15:59:00+00:00 -> 2026-08-05 23:10:00+00:00
      page 3:  8,760 bars  2026-07-17 06:53:00+00:00 -> 2026-07-27 15:58:00+00:00
      fetched 28,759 | +504 new | store 41,680 bars  2026-07-05 -> 2026-08-17

  quarter/mid:
      page 1: 10,000 bars  2026-03-16 06:30:00+00:00 -> 2026-08-17 06:45:00+00:00
      page 2: 10,000 bars  2025-10-08 18:15:00+00:00 -> 2026-03-16 06:15:00+00:00
      page 3:  3,455 bars  2025-08-17 22:00:00+00:00 -> 2025-10-08 18:00:00+00:00
      fetched 23,454 | +36 new | store 24,290 bars  2025-08-04 -> 2026-08-17

  quarter/bid:
      page 1: 10,000 bars  2026-03-16 06:30:00+00:00 -> 2026-08-17 06:45:00+00:00
      page 2: 10,000 bars  2025-10-08 18:15:00+00:00 -> 2026-03-16 06:15:00+00:00
      page 3:  3,455 bars  2025-08-17 22:00:00+00:00 -> 2025-10-08 18:00:00+00:00
      fetched 23,454 | +36 new | store 24,290 bars  2025-08-04 -> 2026-08-17

  quarter/ask:
      page 1: 10,000 bars  2026-03-16 06:30:00+00:00 -> 2026-08-17 06:45:00+00:00
      page 2: 10,000 bars  2025-10-08 18:15:00+00:00 -> 2026-03-16 06:15:00+00:00
      page 3:  3,455 bars  2025-08-17 22:00:00+00:00 -> 2025-10-08 18:00:00+00:00
      fetched 23,454 | +36 new | store 24,290 bars  2025-08-04 -> 2026-08-17

  hour/mid:
      page 1: 10,000 bars  2024-12-03 21:00:00+00:00 -> 2026-08-17 06:00:00+00:00
      page 2:  1,759 bars  2024-08-18 22:00:00+00:00 -> 2024-12-03 20:00:00+00:00
      fetched 11,758 | +9 new | store 11,988 bars  2024-08-04 -> 2026-08-17

  hour/bid:
      page 1: 10,000 bars  2024-12-03 21:00:00+00:00 -> 2026-08-17 06:00:00+00:00
      page 2:  1,759 bars  2024-08-18 22:00:00+00:00 -> 2024-12-03 20:00:00+00:00
      fetched 11,758 | +9 new | store 11,988 bars  2024-08-04 -> 2026-08-17

  hour/ask:
      page 1: 10,000 bars  2024-12-03 21:00:00+00:00 -> 2026-08-17 06:00:00+00:00
      page 2:  1,759 bars  2024-08-18 22:00:00+00:00 -> 2024-12-03 20:00:00+00:00
      fetched 11,758 | +9 new | store 11,988 bars  2024-08-04 -> 2026-08-17

  day/mid:
      page 1:  3,840 bars  2012-03-13 00:00:00+00:00 -> 2026-08-17 00:00:00+00:00
      fetched 3,839 | +1 new | store 3,839 bars  2012-03-13 -> 2026-08-14

  day/bid:
      page 1:  3,840 bars  2012-03-13 00:00:00+00:00 -> 2026-08-17 00:00:00+00:00
      fetched 3,839 | +1 new | store 3,839 bars  2012-03-13 -> 2026-08-14

  day/ask:
      page 1:  3,840 bars  2012-03-13 00:00:00+00:00 -> 2026-08-17 00:00:00+00:00
      fetched 3,839 | +1 new | store 3,839 bars  2012-03-13 -> 2026-08-14


=== gold (id 68924) -> /Users/r.john/git/vc-tx2/data ===
  minute/mid:
      page 1: 10,000 bars  2026-08-06 01:03:00+00:00 -> 2026-08-17 06:53:00+00:00
      page 2: 10,000 bars  2026-07-27 18:13:00+00:00 -> 2026-08-06 01:02:00+00:00
      page 3:  8,945 bars  2026-07-17 06:54:00+00:00 -> 2026-07-27 18:12:00+00:00
      fetched 28,944 | +533 new | store 41,886 bars  2026-07-05 -> 2026-08-17

  minute/bid:
      page 1: 10,000 bars  2026-08-06 01:03:00+00:00 -> 2026-08-17 06:53:00+00:00
      page 2: 10,000 bars  2026-07-27 18:13:00+00:00 -> 2026-08-06 01:02:00+00:00
      page 3:  8,945 bars  2026-07-17 06:54:00+00:00 -> 2026-07-27 18:12:00+00:00
      fetched 28,944 | +533 new | store 41,886 bars  2026-07-05 -> 2026-08-17

  minute/ask:
      page 1: 10,000 bars  2026-08-06 01:03:00+00:00 -> 2026-08-17 06:53:00+00:00
      page 2: 10,000 bars  2026-07-27 18:13:00+00:00 -> 2026-08-06 01:02:00+00:00
      page 3:  8,945 bars  2026-07-17 06:54:00+00:00 -> 2026-07-27 18:12:00+00:00
      fetched 28,944 | +533 new | store 41,886 bars  2026-07-05 -> 2026-08-17

  quarter/mid:
      page 1: 10,000 bars  2026-03-16 03:30:00+00:00 -> 2026-08-17 06:45:00+00:00
      page 2: 10,000 bars  2025-10-09 19:45:00+00:00 -> 2026-03-16 03:15:00+00:00
      page 3:  3,573 bars  2025-08-17 22:00:00+00:00 -> 2025-10-09 19:30:00+00:00
      fetched 23,572 | +36 new | store 24,414 bars  2025-08-04 -> 2026-08-17

  quarter/bid:
      page 1: 10,000 bars  2026-03-16 03:30:00+00:00 -> 2026-08-17 06:45:00+00:00
      page 2: 10,000 bars  2025-10-09 19:45:00+00:00 -> 2026-03-16 03:15:00+00:00
      page 3:  3,573 bars  2025-08-17 22:00:00+00:00 -> 2025-10-09 19:30:00+00:00
      fetched 23,572 | +36 new | store 24,414 bars  2025-08-04 -> 2026-08-17

  quarter/ask:
      page 1: 10,000 bars  2026-03-16 03:30:00+00:00 -> 2026-08-17 06:45:00+00:00
      page 2: 10,000 bars  2025-10-09 19:45:00+00:00 -> 2026-03-16 03:15:00+00:00
      page 3:  3,573 bars  2025-08-17 22:00:00+00:00 -> 2025-10-09 19:30:00+00:00
      fetched 23,572 | +36 new | store 24,414 bars  2025-08-04 -> 2026-08-17

  hour/mid:
      page 1: 10,000 bars  2024-12-04 21:00:00+00:00 -> 2026-08-17 06:00:00+00:00
      page 2:  1,785 bars  2024-08-18 22:00:00+00:00 -> 2024-12-04 20:00:00+00:00
      fetched 11,784 | +9 new | store 12,014 bars  2024-08-04 -> 2026-08-17

  hour/bid:
      page 1: 10,000 bars  2024-12-04 21:00:00+00:00 -> 2026-08-17 06:00:00+00:00
      page 2:  1,785 bars  2024-08-18 22:00:00+00:00 -> 2024-12-04 20:00:00+00:00
      fetched 11,784 | +9 new | store 12,014 bars  2024-08-04 -> 2026-08-17

  hour/ask:
      page 1: 10,000 bars  2024-12-04 21:00:00+00:00 -> 2026-08-17 06:00:00+00:00
      page 2:  1,785 bars  2024-08-18 22:00:00+00:00 -> 2024-12-04 20:00:00+00:00
      fetched 11,784 | +9 new | store 12,014 bars  2024-08-04 -> 2026-08-17

  day/mid:
      page 1:  3,845 bars  2011-12-30 00:00:00+00:00 -> 2026-08-17 00:00:00+00:00
      fetched 3,844 | +1 new | store 3,844 bars  2011-12-30 -> 2026-08-14

  day/bid:
      page 1:  3,845 bars  2011-12-30 00:00:00+00:00 -> 2026-08-17 00:00:00+00:00
      fetched 3,844 | +1 new | store 3,844 bars  2011-12-30 -> 2026-08-14

  day/ask:
      page 1:  3,845 bars  2011-12-30 00:00:00+00:00 -> 2026-08-17 00:00:00+00:00
      fetched 3,844 | +1 new | store 3,844 bars  2011-12-30 -> 2026-08-14


=== goldvar (id 72302) -> /Users/r.john/git/vc-tx2/data ===
  minute/mid:
      page 1: 10,000 bars  2026-08-06 01:04:00+00:00 -> 2026-08-17 06:54:00+00:00
      page 2: 10,000 bars  2026-07-27 18:14:00+00:00 -> 2026-08-06 01:03:00+00:00
      page 3:  8,946 bars  2026-07-17 06:54:00+00:00 -> 2026-07-27 18:13:00+00:00
      fetched 28,945 | +534 new | store 41,887 bars  2026-07-05 -> 2026-08-17

  minute/bid:
      page 1: 10,000 bars  2026-08-06 01:04:00+00:00 -> 2026-08-17 06:54:00+00:00
      page 2: 10,000 bars  2026-07-27 18:14:00+00:00 -> 2026-08-06 01:03:00+00:00
      page 3:  8,946 bars  2026-07-17 06:54:00+00:00 -> 2026-07-27 18:13:00+00:00
      fetched 28,945 | +534 new | store 41,887 bars  2026-07-05 -> 2026-08-17

  minute/ask:
      page 1: 10,000 bars  2026-08-06 01:04:00+00:00 -> 2026-08-17 06:54:00+00:00
      page 2: 10,000 bars  2026-07-27 18:14:00+00:00 -> 2026-08-06 01:03:00+00:00
      page 3:  8,946 bars  2026-07-17 06:54:00+00:00 -> 2026-07-27 18:13:00+00:00
      fetched 28,945 | +534 new | store 41,887 bars  2026-07-05 -> 2026-08-17

  quarter/mid:
      page 1: 10,000 bars  2026-03-16 03:30:00+00:00 -> 2026-08-17 06:45:00+00:00
      page 2: 10,000 bars  2025-10-09 19:45:00+00:00 -> 2026-03-16 03:15:00+00:00
      page 3:  3,573 bars  2025-08-17 22:00:00+00:00 -> 2025-10-09 19:30:00+00:00
      fetched 23,572 | +36 new | store 24,414 bars  2025-08-04 -> 2026-08-17

  quarter/bid:
      page 1: 10,000 bars  2026-03-16 03:30:00+00:00 -> 2026-08-17 06:45:00+00:00
      page 2: 10,000 bars  2025-10-09 19:45:00+00:00 -> 2026-03-16 03:15:00+00:00
      page 3:  3,573 bars  2025-08-17 22:00:00+00:00 -> 2025-10-09 19:30:00+00:00
      fetched 23,572 | +36 new | store 24,414 bars  2025-08-04 -> 2026-08-17

  quarter/ask:
      page 1: 10,000 bars  2026-03-16 03:30:00+00:00 -> 2026-08-17 06:45:00+00:00
      page 2: 10,000 bars  2025-10-09 19:45:00+00:00 -> 2026-03-16 03:15:00+00:00
      page 3:  3,573 bars  2025-08-17 22:00:00+00:00 -> 2025-10-09 19:30:00+00:00
      fetched 23,572 | +36 new | store 24,414 bars  2025-08-04 -> 2026-08-17

  hour/mid:
      page 1: 10,000 bars  2024-12-04 21:00:00+00:00 -> 2026-08-17 06:00:00+00:00
      page 2:  1,785 bars  2024-08-18 22:00:00+00:00 -> 2024-12-04 20:00:00+00:00
      fetched 11,784 | +9 new | store 12,014 bars  2024-08-04 -> 2026-08-17

  hour/bid:
      page 1: 10,000 bars  2024-12-04 21:00:00+00:00 -> 2026-08-17 06:00:00+00:00
      page 2:  1,785 bars  2024-08-18 22:00:00+00:00 -> 2024-12-04 20:00:00+00:00
      fetched 11,784 | +9 new | store 12,014 bars  2024-08-04 -> 2026-08-17

  hour/ask:
      page 1: 10,000 bars  2024-12-04 21:00:00+00:00 -> 2026-08-17 06:00:00+00:00
      page 2:  1,785 bars  2024-08-18 22:00:00+00:00 -> 2024-12-04 20:00:00+00:00
      fetched 11,784 | +9 new | store 12,014 bars  2024-08-04 -> 2026-08-17

  day/mid:
      page 1:  3,845 bars  2011-12-30 00:00:00+00:00 -> 2026-08-17 00:00:00+00:00
      fetched 3,844 | +1 new | store 3,844 bars  2011-12-30 -> 2026-08-14

  day/bid:
      page 1:  3,845 bars  2011-12-30 00:00:00+00:00 -> 2026-08-17 00:00:00+00:00
      fetched 3,844 | +1 new | store 3,844 bars  2011-12-30 -> 2026-08-14

  day/ask:
      page 1:  3,845 bars  2011-12-30 00:00:00+00:00 -> 2026-08-17 00:00:00+00:00
      fetched 3,844 | +1 new | store 3,844 bars  2011-12-30 -> 2026-08-14


=== eurusd (id 16635) -> /Users/r.john/git/vc-tx2/data ===
  minute/mid:
      page 1: 10,000 bars  2026-08-06 06:26:00+00:00 -> 2026-08-17 06:54:00+00:00
      page 2: 10,000 bars  2026-07-28 06:52:00+00:00 -> 2026-08-06 06:25:00+00:00
      page 3:  9,991 bars  2026-07-17 06:55:00+00:00 -> 2026-07-28 06:51:00+00:00
      fetched 29,990 | +581 new | store 43,430 bars  2026-07-05 -> 2026-08-17

  minute/bid:
      page 1: 10,000 bars  2026-08-06 06:26:00+00:00 -> 2026-08-17 06:54:00+00:00
      page 2: 10,000 bars  2026-07-28 06:52:00+00:00 -> 2026-08-06 06:25:00+00:00
      page 3:  9,991 bars  2026-07-17 06:55:00+00:00 -> 2026-07-28 06:51:00+00:00
      fetched 29,990 | +581 new | store 43,430 bars  2026-07-05 -> 2026-08-17

  minute/ask:
      page 1: 10,000 bars  2026-08-06 06:26:00+00:00 -> 2026-08-17 06:54:00+00:00
      page 2: 10,000 bars  2026-07-28 06:52:00+00:00 -> 2026-08-06 06:25:00+00:00
      page 3:  9,991 bars  2026-07-17 06:55:00+00:00 -> 2026-07-28 06:51:00+00:00
      fetched 29,990 | +581 new | store 43,430 bars  2026-07-05 -> 2026-08-17

  quarter/mid:
      page 1: 10,000 bars  2026-03-23 18:15:00+00:00 -> 2026-08-17 06:45:00+00:00
      page 2: 10,000 bars  2025-10-24 11:00:00+00:00 -> 2026-03-23 18:00:00+00:00
      page 3:  4,760 bars  2025-08-17 21:00:00+00:00 -> 2025-10-24 10:45:00+00:00
      fetched 24,759 | +40 new | store 25,637 bars  2025-08-04 -> 2026-08-17

  quarter/bid:
      page 1: 10,000 bars  2026-03-23 18:15:00+00:00 -> 2026-08-17 06:45:00+00:00
      page 2: 10,000 bars  2025-10-24 11:00:00+00:00 -> 2026-03-23 18:00:00+00:00
      page 3:  4,760 bars  2025-08-17 21:00:00+00:00 -> 2025-10-24 10:45:00+00:00
      fetched 24,759 | +40 new | store 25,637 bars  2025-08-04 -> 2026-08-17

  quarter/ask:
      page 1: 10,000 bars  2026-03-23 18:15:00+00:00 -> 2026-08-17 06:45:00+00:00
      page 2: 10,000 bars  2025-10-24 11:00:00+00:00 -> 2026-03-23 18:00:00+00:00
      page 3:  4,760 bars  2025-08-17 21:00:00+00:00 -> 2025-10-24 10:45:00+00:00
      fetched 24,759 | +40 new | store 25,637 bars  2025-08-04 -> 2026-08-17

  hour/mid:
      page 1: 10,000 bars  2025-01-06 05:00:00+00:00 -> 2026-08-17 06:00:00+00:00
      page 2:  2,356 bars  2024-08-18 21:00:00+00:00 -> 2025-01-06 04:00:00+00:00
      fetched 12,355 | +10 new | store 12,595 bars  2024-08-04 -> 2026-08-17

  hour/bid:
      page 1: 10,000 bars  2025-01-06 05:00:00+00:00 -> 2026-08-17 06:00:00+00:00
      page 2:  2,356 bars  2024-08-18 21:00:00+00:00 -> 2025-01-06 04:00:00+00:00
      fetched 12,355 | +10 new | store 12,595 bars  2024-08-04 -> 2026-08-17

  hour/ask:
      page 1: 10,000 bars  2025-01-06 05:00:00+00:00 -> 2026-08-17 06:00:00+00:00
      page 2:  2,356 bars  2024-08-18 21:00:00+00:00 -> 2025-01-06 04:00:00+00:00
      fetched 12,355 | +10 new | store 12,595 bars  2024-08-04 -> 2026-08-17

  day/mid:
      page 1:  7,449 bars  1999-01-04 00:00:00+00:00 -> 2026-08-17 00:00:00+00:00
      fetched 7,448 | +2 new | store 7,448 bars  1999-01-04 -> 2026-08-16

  day/bid:
      page 1:  7,449 bars  1999-01-04 00:00:00+00:00 -> 2026-08-17 00:00:00+00:00
      fetched 7,448 | +2 new | store 7,448 bars  1999-01-04 -> 2026-08-16

  day/ask:
      page 1:  7,449 bars  1999-01-04 00:00:00+00:00 -> 2026-08-17 00:00:00+00:00
      fetched 7,448 | +2 new | store 7,448 bars  1999-01-04 -> 2026-08-16


=== uk100fut (id 70152) -> /Users/r.john/git/vc-tx2/data ===
  minute/mid:
      page 1: 10,000 bars  2026-08-05 18:31:00+00:00 -> 2026-08-17 06:55:00+00:00
      page 2: 10,000 bars  2026-07-27 09:42:00+00:00 -> 2026-08-05 18:30:00+00:00
      page 3:  8,198 bars  2026-07-17 06:55:00+00:00 -> 2026-07-27 09:41:00+00:00
      fetched 28,197 | +176 new | store 34,166 bars  2026-07-12 -> 2026-08-17

  minute/bid:
      page 1: 10,000 bars  2026-08-05 18:31:00+00:00 -> 2026-08-17 06:55:00+00:00
      page 2: 10,000 bars  2026-07-27 09:42:00+00:00 -> 2026-08-05 18:30:00+00:00
      page 3:  8,198 bars  2026-07-17 06:55:00+00:00 -> 2026-07-27 09:41:00+00:00
      fetched 28,197 | +482 new | store 34,166 bars  2026-07-12 -> 2026-08-17

  minute/ask:
      page 1: 10,000 bars  2026-08-05 18:31:00+00:00 -> 2026-08-17 06:55:00+00:00
      page 2: 10,000 bars  2026-07-27 09:42:00+00:00 -> 2026-08-05 18:30:00+00:00
      page 3:  8,198 bars  2026-07-17 06:55:00+00:00 -> 2026-07-27 09:41:00+00:00
      fetched 28,197 | +482 new | store 34,166 bars  2026-07-12 -> 2026-08-17

  quarter/mid:
      page 1: 10,000 bars  2026-03-09 14:45:00+00:00 -> 2026-08-17 06:45:00+00:00
      page 2: 10,000 bars  2025-09-30 01:45:00+00:00 -> 2026-03-09 14:30:00+00:00
      page 3:  2,716 bars  2025-08-17 22:00:00+00:00 -> 2025-09-30 01:30:00+00:00
      fetched 22,715 | +36 new | store 23,167 bars  2025-08-10 -> 2026-08-17

  quarter/bid:
      page 1: 10,000 bars  2026-03-09 14:45:00+00:00 -> 2026-08-17 06:45:00+00:00
      page 2: 10,000 bars  2025-09-30 01:45:00+00:00 -> 2026-03-09 14:30:00+00:00
      page 3:  2,716 bars  2025-08-17 22:00:00+00:00 -> 2025-09-30 01:30:00+00:00
      fetched 22,715 | +36 new | store 23,167 bars  2025-08-10 -> 2026-08-17

  quarter/ask:
      page 1: 10,000 bars  2026-03-09 14:45:00+00:00 -> 2026-08-17 06:45:00+00:00
      page 2: 10,000 bars  2025-09-30 01:45:00+00:00 -> 2026-03-09 14:30:00+00:00
      page 3:  2,716 bars  2025-08-17 22:00:00+00:00 -> 2025-09-30 01:30:00+00:00
      fetched 22,715 | +36 new | store 23,167 bars  2025-08-10 -> 2026-08-17

  hour/mid:
      page 1: 10,000 bars  2024-11-14 16:00:00+00:00 -> 2026-08-17 06:00:00+00:00
      page 2:  1,429 bars  2024-08-18 22:00:00+00:00 -> 2024-11-14 15:00:00+00:00
      fetched 11,428 | +9 new | store 11,542 bars  2024-08-11 -> 2026-08-17

  hour/bid:
      page 1: 10,000 bars  2024-11-14 16:00:00+00:00 -> 2026-08-17 06:00:00+00:00
      page 2:  1,429 bars  2024-08-18 22:00:00+00:00 -> 2024-11-14 15:00:00+00:00
      fetched 11,428 | +9 new | store 11,542 bars  2024-08-11 -> 2026-08-17

  hour/ask:
      page 1: 10,000 bars  2024-11-14 16:00:00+00:00 -> 2026-08-17 06:00:00+00:00
      page 2:  1,429 bars  2024-08-18 22:00:00+00:00 -> 2024-11-14 15:00:00+00:00
      fetched 11,428 | +9 new | store 11,542 bars  2024-08-11 -> 2026-08-17

  day/mid:
      page 1:  1,292 bars  2021-07-05 00:00:00+00:00 -> 2026-08-17 00:00:00+00:00
      fetched 1,291 | +1 new | store 1,291 bars  2021-07-05 -> 2026-08-14

  day/bid:
      page 1:  1,292 bars  2021-07-05 00:00:00+00:00 -> 2026-08-17 00:00:00+00:00
      fetched 1,291 | +1 new | store 1,291 bars  2021-07-05 -> 2026-08-14  !! {'open_outside_hl': 1}

  day/ask:
      page 1:  1,292 bars  2021-07-05 00:00:00+00:00 -> 2026-08-17 00:00:00+00:00
      fetched 1,291 | +1 new | store 1,291 bars  2021-07-05 -> 2026-08-14  !! {'close_outside_hl': 1}


=== uk100sep26 (id 72516) -> /Users/r.john/git/vc-tx2/data ===
  minute/mid:
      page 1: 10,000 bars  2026-08-05 18:31:00+00:00 -> 2026-08-17 06:55:00+00:00
      page 2: 10,000 bars  2026-07-27 09:42:00+00:00 -> 2026-08-05 18:30:00+00:00
      page 3:  8,197 bars  2026-07-17 06:56:00+00:00 -> 2026-07-27 09:41:00+00:00
      fetched 28,196 | +482 new | store 34,166 bars  2026-07-12 -> 2026-08-17

  minute/bid:
      page 1: 10,000 bars  2026-08-05 18:31:00+00:00 -> 2026-08-17 06:55:00+00:00
      page 2: 10,000 bars  2026-07-27 09:42:00+00:00 -> 2026-08-05 18:30:00+00:00
      page 3:  8,197 bars  2026-07-17 06:56:00+00:00 -> 2026-07-27 09:41:00+00:00
      fetched 28,196 | +482 new | store 34,166 bars  2026-07-12 -> 2026-08-17

  minute/ask:
      page 1: 10,000 bars  2026-08-05 18:31:00+00:00 -> 2026-08-17 06:55:00+00:00
      page 2: 10,000 bars  2026-07-27 09:42:00+00:00 -> 2026-08-05 18:30:00+00:00
      page 3:  8,197 bars  2026-07-17 06:56:00+00:00 -> 2026-07-27 09:41:00+00:00
      fetched 28,196 | +482 new | store 34,166 bars  2026-07-12 -> 2026-08-17

  quarter/mid:
      page 1:  4,203 bars  2026-06-11 17:30:00+00:00 -> 2026-08-17 06:45:00+00:00
      fetched 4,202 | +36 new | store 4,202 bars  2026-06-11 -> 2026-08-17

  quarter/bid:
      page 1:  4,203 bars  2026-06-11 17:30:00+00:00 -> 2026-08-17 06:45:00+00:00
      fetched 4,202 | +36 new | store 4,202 bars  2026-06-11 -> 2026-08-17

  quarter/ask:
      page 1:  4,203 bars  2026-06-11 17:30:00+00:00 -> 2026-08-17 06:45:00+00:00
      fetched 4,202 | +36 new | store 4,202 bars  2026-06-11 -> 2026-08-17

  hour/mid:
      page 1:  1,061 bars  2026-06-11 17:00:00+00:00 -> 2026-08-17 06:00:00+00:00
      fetched 1,060 | +9 new | store 1,060 bars  2026-06-11 -> 2026-08-17

  hour/bid:
      page 1:  1,061 bars  2026-06-11 17:00:00+00:00 -> 2026-08-17 06:00:00+00:00
      fetched 1,060 | +9 new | store 1,060 bars  2026-06-11 -> 2026-08-17

  hour/ask:
      page 1:  1,061 bars  2026-06-11 17:00:00+00:00 -> 2026-08-17 06:00:00+00:00
      fetched 1,060 | +9 new | store 1,060 bars  2026-06-11 -> 2026-08-17

  day/mid:
      page 1:     48 bars  2026-06-11 00:00:00+00:00 -> 2026-08-17 00:00:00+00:00
      fetched 47 | +1 new | store 47 bars  2026-06-11 -> 2026-08-14

  day/bid:
      page 1:     48 bars  2026-06-11 00:00:00+00:00 -> 2026-08-17 00:00:00+00:00
      fetched 47 | +1 new | store 47 bars  2026-06-11 -> 2026-08-14

  day/ask:
      page 1:     48 bars  2026-06-11 00:00:00+00:00 -> 2026-08-17 00:00:00+00:00
      fetched 47 | +1 new | store 47 bars  2026-06-11 -> 2026-08-14


Done. `python3 collect.py status` for a summary.
     instr    feed side  bars       from         to  sessions  vol=0 %        last sync
     uk100  minute  mid 41163 2026-07-03 2026-08-17        39      0.0 2026-08-17T06:51
     uk100  minute  bid 41163 2026-07-03 2026-08-17        39      0.0 2026-08-17T06:51
     uk100  minute  ask 41163 2026-07-03 2026-08-17        39      0.0 2026-08-17T06:51
     uk100 quarter  mid 23620 2025-08-03 2026-08-17       314      0.0 2026-08-17T06:51
     uk100 quarter  bid 23620 2025-08-03 2026-08-17       314      0.0 2026-08-17T06:51
     uk100 quarter  ask 23620 2025-08-03 2026-08-17       314      0.0 2026-08-17T06:51
     uk100    hour  mid 11667 2024-08-04 2026-08-17       616      0.0 2026-08-17T06:51
     uk100    hour  bid 11667 2024-08-04 2026-08-17       616      0.0 2026-08-17T06:51
     uk100    hour  ask 11667 2024-08-04 2026-08-17       616      0.0 2026-08-17T06:52
     uk100     day  mid  3754 2012-03-26 2026-08-14      3754     59.8 2026-08-17T06:52
     uk100     day  bid  3754 2012-03-26 2026-08-14      3754     59.8 2026-08-17T06:52
     uk100     day  ask  3754 2012-03-26 2026-08-14      3754     59.8 2026-08-17T06:52
     ger40  minute  mid 41000 2026-07-05 2026-08-17        38      0.0 2026-08-17T06:52
     ger40  minute  bid 41000 2026-07-05 2026-08-17        38      0.0 2026-08-17T06:52
     ger40  minute  ask 41000 2026-07-05 2026-08-17        38      0.0 2026-08-17T06:52
     ger40 quarter  mid 23653 2025-08-04 2026-08-17       317      0.0 2026-08-17T06:52
     ger40 quarter  bid 23653 2025-08-04 2026-08-17       317      0.0 2026-08-17T06:52
     ger40 quarter  ask 23653 2025-08-04 2026-08-17       317      0.0 2026-08-17T06:52
     ger40    hour  mid 11718 2024-08-04 2026-08-17       624      0.0 2026-08-17T06:52
     ger40    hour  bid 11718 2024-08-04 2026-08-17       624      0.0 2026-08-17T06:52
     ger40    hour  ask 11718 2024-08-04 2026-08-17       624      0.0 2026-08-17T06:52
     ger40     day  mid  3773 2012-01-30 2026-08-14      3773     60.1 2026-08-17T06:52
     ger40     day  bid  3773 2012-01-30 2026-08-14      3773     60.1 2026-08-17T06:52
     ger40     day  ask  3773 2012-01-30 2026-08-14      3773     60.1 2026-08-17T06:52
      us30  minute  mid 41744 2026-07-05 2026-08-17        38      0.0 2026-08-17T06:52
      us30  minute  bid 41744 2026-07-05 2026-08-17        38      0.0 2026-08-17T06:52
      us30  minute  ask 41744 2026-07-05 2026-08-17        38      0.0 2026-08-17T06:52
      us30 quarter  mid 24297 2025-08-04 2026-08-17       325      0.0 2026-08-17T06:52
      us30 quarter  bid 24297 2025-08-04 2026-08-17       325      0.0 2026-08-17T06:52
      us30 quarter  ask 24297 2025-08-04 2026-08-17       325      0.0 2026-08-17T06:52
      us30    hour  mid 11988 2024-08-04 2026-08-17       637      0.0 2026-08-17T06:52
      us30    hour  bid 11988 2024-08-04 2026-08-17       637      0.0 2026-08-17T06:52
      us30    hour  ask 11988 2024-08-04 2026-08-17       637      0.0 2026-08-17T06:52
      us30     day  mid  3846 2012-03-05 2026-08-14      3846     60.8 2026-08-17T06:52
      us30     day  bid  3846 2012-03-05 2026-08-14      3846     60.8 2026-08-17T06:52
      us30     day  ask  3846 2012-03-05 2026-08-14      3846     60.8 2026-08-17T06:52
 ustech100  minute  mid 41745 2026-07-05 2026-08-17        38      0.0 2026-08-17T06:52
 ustech100  minute  bid 41745 2026-07-05 2026-08-17        38      0.0 2026-08-17T06:53
 ustech100  minute  ask 41746 2026-07-05 2026-08-17        38      0.0 2026-08-17T06:53
 ustech100 quarter  mid 24297 2025-08-04 2026-08-17       325      0.0 2026-08-17T06:53
 ustech100 quarter  bid 24297 2025-08-04 2026-08-17       325      0.0 2026-08-17T06:53
 ustech100 quarter  ask 24297 2025-08-04 2026-08-17       325      0.0 2026-08-17T06:53
 ustech100    hour  mid 11989 2024-08-04 2026-08-17       637      0.0 2026-08-17T06:53
 ustech100    hour  bid 11989 2024-08-04 2026-08-17       637      0.0 2026-08-17T06:53
 ustech100    hour  ask 11989 2024-08-04 2026-08-17       637      0.0 2026-08-17T06:53
 ustech100     day  mid  3846 2012-03-05 2026-08-14      3846     60.9 2026-08-17T06:53
 ustech100     day  bid  3846 2012-03-05 2026-08-14      3846     60.9 2026-08-17T06:53
 ustech100     day  ask  3846 2012-03-05 2026-08-14      3846     60.9 2026-08-17T06:53
     us500  minute  mid 41680 2026-07-05 2026-08-17        38      0.0 2026-08-17T06:53
     us500  minute  bid 41680 2026-07-05 2026-08-17        38      0.0 2026-08-17T06:53
     us500  minute  ask 41680 2026-07-05 2026-08-17        38      0.0 2026-08-17T06:53
     us500 quarter  mid 24290 2025-08-04 2026-08-17       325      0.0 2026-08-17T06:53
     us500 quarter  bid 24290 2025-08-04 2026-08-17       325      0.0 2026-08-17T06:53
     us500 quarter  ask 24290 2025-08-04 2026-08-17       325      0.0 2026-08-17T06:53
     us500    hour  mid 11988 2024-08-04 2026-08-17       637      0.0 2026-08-17T06:53
     us500    hour  bid 11988 2024-08-04 2026-08-17       637      0.0 2026-08-17T06:53
     us500    hour  ask 11988 2024-08-04 2026-08-17       637      0.0 2026-08-17T06:53
     us500     day  mid  3839 2012-03-13 2026-08-14      3839     60.8 2026-08-17T06:53
     us500     day  bid  3839 2012-03-13 2026-08-14      3839     60.8 2026-08-17T06:53
     us500     day  ask  3839 2012-03-13 2026-08-14      3839     60.8 2026-08-17T06:53
      gold  minute  mid 41886 2026-07-05 2026-08-17        38      0.0 2026-08-17T06:53
      gold  minute  bid 41886 2026-07-05 2026-08-17        38      0.0 2026-08-17T06:53
      gold  minute  ask 41886 2026-07-05 2026-08-17        38      0.0 2026-08-17T06:53
      gold quarter  mid 24414 2025-08-04 2026-08-17       324      0.0 2026-08-17T06:53
      gold quarter  bid 24414 2025-08-04 2026-08-17       324      0.0 2026-08-17T06:53
      gold quarter  ask 24414 2025-08-04 2026-08-17       324      0.0 2026-08-17T06:54
      gold    hour  mid 12014 2024-08-04 2026-08-17       636      0.0 2026-08-17T06:54
      gold    hour  bid 12014 2024-08-04 2026-08-17       636      0.0 2026-08-17T06:54
      gold    hour  ask 12014 2024-08-04 2026-08-17       636      0.0 2026-08-17T06:54
      gold     day  mid  3844 2011-12-30 2026-08-14      3844     60.9 2026-08-17T06:54
      gold     day  bid  3844 2011-12-30 2026-08-14      3844     60.9 2026-08-17T06:54
      gold     day  ask  3844 2011-12-30 2026-08-14      3844     60.9 2026-08-17T06:54
   goldvar  minute  mid 41887 2026-07-05 2026-08-17        38      0.0 2026-08-17T06:54
   goldvar  minute  bid 41887 2026-07-05 2026-08-17        38      0.0 2026-08-17T06:54
   goldvar  minute  ask 41887 2026-07-05 2026-08-17        38      0.0 2026-08-17T06:54
   goldvar quarter  mid 24414 2025-08-04 2026-08-17       324      0.0 2026-08-17T06:54
   goldvar quarter  bid 24414 2025-08-04 2026-08-17       324      0.0 2026-08-17T06:54
   goldvar quarter  ask 24414 2025-08-04 2026-08-17       324      0.0 2026-08-17T06:54
   goldvar    hour  mid 12014 2024-08-04 2026-08-17       636      0.0 2026-08-17T06:54
   goldvar    hour  bid 12014 2024-08-04 2026-08-17       636      0.0 2026-08-17T06:54
   goldvar    hour  ask 12014 2024-08-04 2026-08-17       636      0.0 2026-08-17T06:54
   goldvar     day  mid  3844 2011-12-30 2026-08-14      3844     60.9 2026-08-17T06:54
   goldvar     day  bid  3844 2011-12-30 2026-08-14      3844     60.9 2026-08-17T06:54
   goldvar     day  ask  3844 2011-12-30 2026-08-14      3844     60.9 2026-08-17T06:54
    eurusd  minute  mid 43430 2026-07-05 2026-08-17        38      0.0 2026-08-17T06:54
    eurusd  minute  bid 43430 2026-07-05 2026-08-17        38      0.0 2026-08-17T06:54
    eurusd  minute  ask 43430 2026-07-05 2026-08-17        38      0.0 2026-08-17T06:54
    eurusd quarter  mid 25637 2025-08-04 2026-08-17       325      0.0 2026-08-17T06:54
    eurusd quarter  bid 25637 2025-08-04 2026-08-17       325      0.0 2026-08-17T06:54
    eurusd quarter  ask 25637 2025-08-04 2026-08-17       325      0.0 2026-08-17T06:54
    eurusd    hour  mid 12595 2024-08-04 2026-08-17       637      0.0 2026-08-17T06:55
    eurusd    hour  bid 12595 2024-08-04 2026-08-17       637      0.0 2026-08-17T06:55
    eurusd    hour  ask 12595 2024-08-04 2026-08-17       637      0.0 2026-08-17T06:55
    eurusd     day  mid  7448 1999-01-04 2026-08-16      7448     79.3 2026-08-17T06:55
    eurusd     day  bid  7448 1999-01-04 2026-08-16      7448     79.3 2026-08-17T06:55
    eurusd     day  ask  7448 1999-01-04 2026-08-16      7448     79.3 2026-08-17T06:55
  uk100fut  minute  mid 34166 2026-07-12 2026-08-17        32      0.0 2026-08-17T06:55
  uk100fut  minute  bid 34166 2026-07-12 2026-08-17        32      0.0 2026-08-17T06:55
  uk100fut  minute  ask 34166 2026-07-12 2026-08-17        32      0.0 2026-08-17T06:55
  uk100fut quarter  mid 23167 2025-08-10 2026-08-17       309      0.0 2026-08-17T06:55
  uk100fut quarter  bid 23167 2025-08-10 2026-08-17       309      0.0 2026-08-17T06:55
  uk100fut quarter  ask 23167 2025-08-10 2026-08-17       309      0.0 2026-08-17T06:55
  uk100fut    hour  mid 11542 2024-08-11 2026-08-17       608      0.0 2026-08-17T06:55
  uk100fut    hour  bid 11542 2024-08-11 2026-08-17       608      0.0 2026-08-17T06:55
  uk100fut    hour  ask 11542 2024-08-11 2026-08-17       608      0.0 2026-08-17T06:55
  uk100fut     day  mid  1291 2021-07-05 2026-08-14      1291     49.4 2026-08-17T06:55
  uk100fut     day  bid  1291 2021-07-05 2026-08-14      1291     49.4 2026-08-17T06:55
  uk100fut     day  ask  1291 2021-07-05 2026-08-14      1291     49.4 2026-08-17T06:55
uk100sep26  minute  mid 34166 2026-07-12 2026-08-17        32      0.0 2026-08-17T06:55
uk100sep26  minute  bid 34166 2026-07-12 2026-08-17        32      0.0 2026-08-17T06:55
uk100sep26  minute  ask 34166 2026-07-12 2026-08-17        32      0.0 2026-08-17T06:55
uk100sep26 quarter  mid  4202 2026-06-11 2026-08-17        58      0.0 2026-08-17T06:55
uk100sep26 quarter  bid  4202 2026-06-11 2026-08-17        58      0.0 2026-08-17T06:55
uk100sep26 quarter  ask  4202 2026-06-11 2026-08-17        58      0.0 2026-08-17T06:55
uk100sep26    hour  mid  1060 2026-06-11 2026-08-17        58      0.0 2026-08-17T06:55
uk100sep26    hour  bid  1060 2026-06-11 2026-08-17        58      0.0 2026-08-17T06:55
uk100sep26    hour  ask  1060 2026-06-11 2026-08-17        58      0.0 2026-08-17T06:55
uk100sep26     day  mid    47 2026-06-11 2026-08-14        47      0.0 2026-08-17T06:55
uk100sep26     day  bid    47 2026-06-11 2026-08-14        47      0.0 2026-08-17T06:55
uk100sep26     day  ask    47 2026-06-11 2026-08-14        47      0.0 2026-08-17T06:55

spread (minute, n=41,163): median 1.00 pts | p90 5.00 | core 07:00-15:59 UTC median 0.80 pts (n=16,200)

spread (quarter, n=23,620): median 1.00 pts | p90 5.00 | core 07:00-15:59 UTC median 0.80 pts (n=9,407)

spread (hour, n=11,667): median 1.00 pts | p90 5.00 | core 07:00-15:59 UTC median 0.80 pts (n=4,614)

spread (day, n=3,754): median 0.00 pts | p90 5.00 | core 07:00-15:59 UTC median nan pts (n=0)
uk100/minute/mid: 41,163 bars | OK | zero-volume 0.0% | 149 gaps > one bar (weekends/closures expected)
uk100/minute/bid: 41,163 bars | OK | zero-volume 0.0% | 149 gaps > one bar (weekends/closures expected)
uk100/minute/ask: 41,163 bars | OK | zero-volume 0.0% | 149 gaps > one bar (weekends/closures expected)
uk100/quarter/mid: 23,620 bars | OK | zero-volume 0.0% | 451 gaps > one bar (weekends/closures expected)
uk100/quarter/bid: 23,620 bars | OK | zero-volume 0.0% | 451 gaps > one bar (weekends/closures expected)
uk100/quarter/ask: 23,620 bars | OK | zero-volume 0.0% | 451 gaps > one bar (weekends/closures expected)
uk100/hour/mid: 11,667 bars | OK | zero-volume 0.0% | 514 gaps > one bar (weekends/closures expected)
uk100/hour/bid: 11,667 bars | OK | zero-volume 0.0% | 514 gaps > one bar (weekends/closures expected)
uk100/hour/ask: 11,667 bars | OK | zero-volume 0.0% | 514 gaps > one bar (weekends/closures expected)
uk100/day/mid: 3,754 bars | OK | zero-volume 59.83% | 747 gaps > one bar (weekends/closures expected)
uk100/day/bid: 3,754 bars | known {'open_outside_hl': 2} | zero-volume 59.83% | 747 gaps > one bar (weekends/closures expected)
uk100/day/ask: 3,754 bars | known {'close_outside_hl': 2} | zero-volume 59.83% | 747 gaps > one bar (weekends/closures expected)
ger40/minute/mid: 41,000 bars | OK | zero-volume 0.0% | 184 gaps > one bar (weekends/closures expected)
ger40/minute/bid: 41,000 bars | OK | zero-volume 0.0% | 184 gaps > one bar (weekends/closures expected)
ger40/minute/ask: 41,000 bars | OK | zero-volume 0.0% | 184 gaps > one bar (weekends/closures expected)
ger40/quarter/mid: 23,653 bars | OK | zero-volume 0.0% | 454 gaps > one bar (weekends/closures expected)
ger40/quarter/bid: 23,653 bars | OK | zero-volume 0.0% | 454 gaps > one bar (weekends/closures expected)
ger40/quarter/ask: 23,653 bars | OK | zero-volume 0.0% | 454 gaps > one bar (weekends/closures expected)
ger40/hour/mid: 11,718 bars | OK | zero-volume 0.0% | 515 gaps > one bar (weekends/closures expected)
ger40/hour/bid: 11,718 bars | OK | zero-volume 0.0% | 515 gaps > one bar (weekends/closures expected)
ger40/hour/ask: 11,718 bars | OK | zero-volume 0.0% | 515 gaps > one bar (weekends/closures expected)
ger40/day/mid: 3,773 bars | OK | zero-volume 60.14% | 766 gaps > one bar (weekends/closures expected)
ger40/day/bid: 3,773 bars | OK | zero-volume 60.14% | 766 gaps > one bar (weekends/closures expected)
ger40/day/ask: 3,773 bars | OK | zero-volume 60.14% | 766 gaps > one bar (weekends/closures expected)
us30/minute/mid: 41,744 bars | OK | zero-volume 0.0% | 31 gaps > one bar (weekends/closures expected)
us30/minute/bid: 41,744 bars | OK | zero-volume 0.0% | 31 gaps > one bar (weekends/closures expected)
us30/minute/ask: 41,744 bars | OK | zero-volume 0.0% | 31 gaps > one bar (weekends/closures expected)
us30/quarter/mid: 24,297 bars | OK | zero-volume 0.0% | 270 gaps > one bar (weekends/closures expected)
us30/quarter/bid: 24,297 bars | OK | zero-volume 0.0% | 270 gaps > one bar (weekends/closures expected)
us30/quarter/ask: 24,297 bars | OK | zero-volume 0.0% | 270 gaps > one bar (weekends/closures expected)
us30/hour/mid: 11,988 bars | OK | zero-volume 0.0% | 526 gaps > one bar (weekends/closures expected)
us30/hour/bid: 11,988 bars | OK | zero-volume 0.0% | 526 gaps > one bar (weekends/closures expected)
us30/hour/ask: 11,988 bars | OK | zero-volume 0.0% | 526 gaps > one bar (weekends/closures expected)
us30/day/mid: 3,846 bars | OK | zero-volume 60.84% | 759 gaps > one bar (weekends/closures expected)
us30/day/bid: 3,846 bars | OK | zero-volume 60.84% | 759 gaps > one bar (weekends/closures expected)
us30/day/ask: 3,846 bars | OK | zero-volume 60.84% | 759 gaps > one bar (weekends/closures expected)
ustech100/minute/mid: 41,745 bars | OK | zero-volume 0.0% | 30 gaps > one bar (weekends/closures expected)
ustech100/minute/bid: 41,745 bars | OK | zero-volume 0.0% | 30 gaps > one bar (weekends/closures expected)
ustech100/minute/ask: 41,746 bars | OK | zero-volume 0.0% | 30 gaps > one bar (weekends/closures expected)
ustech100/quarter/mid: 24,297 bars | OK | zero-volume 0.0% | 271 gaps > one bar (weekends/closures expected)
ustech100/quarter/bid: 24,297 bars | OK | zero-volume 0.0% | 271 gaps > one bar (weekends/closures expected)
ustech100/quarter/ask: 24,297 bars | OK | zero-volume 0.0% | 271 gaps > one bar (weekends/closures expected)
ustech100/hour/mid: 11,989 bars | OK | zero-volume 0.0% | 526 gaps > one bar (weekends/closures expected)
ustech100/hour/bid: 11,989 bars | OK | zero-volume 0.0% | 526 gaps > one bar (weekends/closures expected)
ustech100/hour/ask: 11,989 bars | OK | zero-volume 0.0% | 526 gaps > one bar (weekends/closures expected)
ustech100/day/mid: 3,846 bars | OK | zero-volume 60.87% | 759 gaps > one bar (weekends/closures expected)
ustech100/day/bid: 3,846 bars | OK | zero-volume 60.87% | 759 gaps > one bar (weekends/closures expected)
ustech100/day/ask: 3,846 bars | OK | zero-volume 60.87% | 759 gaps > one bar (weekends/closures expected)
us500/minute/mid: 41,680 bars | OK | zero-volume 0.0% | 84 gaps > one bar (weekends/closures expected)
us500/minute/bid: 41,680 bars | OK | zero-volume 0.0% | 84 gaps > one bar (weekends/closures expected)
us500/minute/ask: 41,680 bars | OK | zero-volume 0.0% | 84 gaps > one bar (weekends/closures expected)
us500/quarter/mid: 24,290 bars | OK | zero-volume 0.0% | 270 gaps > one bar (weekends/closures expected)
us500/quarter/bid: 24,290 bars | OK | zero-volume 0.0% | 270 gaps > one bar (weekends/closures expected)
us500/quarter/ask: 24,290 bars | OK | zero-volume 0.0% | 270 gaps > one bar (weekends/closures expected)
us500/hour/mid: 11,988 bars | OK | zero-volume 0.0% | 526 gaps > one bar (weekends/closures expected)
us500/hour/bid: 11,988 bars | OK | zero-volume 0.0% | 526 gaps > one bar (weekends/closures expected)
us500/hour/ask: 11,988 bars | OK | zero-volume 0.0% | 526 gaps > one bar (weekends/closures expected)
us500/day/mid: 3,839 bars | OK | zero-volume 60.8% | 759 gaps > one bar (weekends/closures expected)
us500/day/bid: 3,839 bars | OK | zero-volume 60.8% | 759 gaps > one bar (weekends/closures expected)
us500/day/ask: 3,839 bars | OK | zero-volume 60.8% | 759 gaps > one bar (weekends/closures expected)
gold/minute/mid: 41,886 bars | OK | zero-volume 0.0% | 30 gaps > one bar (weekends/closures expected)
gold/minute/bid: 41,886 bars | OK | zero-volume 0.0% | 30 gaps > one bar (weekends/closures expected)
gold/minute/ask: 41,886 bars | OK | zero-volume 0.0% | 30 gaps > one bar (weekends/closures expected)
gold/quarter/mid: 24,414 bars | OK | zero-volume 0.0% | 269 gaps > one bar (weekends/closures expected)
gold/quarter/bid: 24,414 bars | OK | zero-volume 0.0% | 269 gaps > one bar (weekends/closures expected)
gold/quarter/ask: 24,414 bars | OK | zero-volume 0.0% | 269 gaps > one bar (weekends/closures expected)
gold/hour/mid: 12,014 bars | OK | zero-volume 0.0% | 524 gaps > one bar (weekends/closures expected)
gold/hour/bid: 12,014 bars | OK | zero-volume 0.0% | 524 gaps > one bar (weekends/closures expected)
gold/hour/ask: 12,014 bars | OK | zero-volume 0.0% | 524 gaps > one bar (weekends/closures expected)
gold/day/mid: 3,844 bars | OK | zero-volume 60.87% | 766 gaps > one bar (weekends/closures expected)
gold/day/bid: 3,844 bars | OK | zero-volume 60.87% | 766 gaps > one bar (weekends/closures expected)
gold/day/ask: 3,844 bars | OK | zero-volume 60.87% | 766 gaps > one bar (weekends/closures expected)
goldvar/minute/mid: 41,887 bars | OK | zero-volume 0.0% | 30 gaps > one bar (weekends/closures expected)
goldvar/minute/bid: 41,887 bars | OK | zero-volume 0.0% | 30 gaps > one bar (weekends/closures expected)
goldvar/minute/ask: 41,887 bars | OK | zero-volume 0.0% | 30 gaps > one bar (weekends/closures expected)
goldvar/quarter/mid: 24,414 bars | OK | zero-volume 0.0% | 269 gaps > one bar (weekends/closures expected)
goldvar/quarter/bid: 24,414 bars | OK | zero-volume 0.0% | 269 gaps > one bar (weekends/closures expected)
goldvar/quarter/ask: 24,414 bars | OK | zero-volume 0.0% | 269 gaps > one bar (weekends/closures expected)
goldvar/hour/mid: 12,014 bars | OK | zero-volume 0.0% | 524 gaps > one bar (weekends/closures expected)
goldvar/hour/bid: 12,014 bars | OK | zero-volume 0.0% | 524 gaps > one bar (weekends/closures expected)
goldvar/hour/ask: 12,014 bars | OK | zero-volume 0.0% | 524 gaps > one bar (weekends/closures expected)
goldvar/day/mid: 3,844 bars | OK | zero-volume 60.87% | 766 gaps > one bar (weekends/closures expected)
goldvar/day/bid: 3,844 bars | OK | zero-volume 60.87% | 766 gaps > one bar (weekends/closures expected)
goldvar/day/ask: 3,844 bars | OK | zero-volume 60.87% | 766 gaps > one bar (weekends/closures expected)
eurusd/minute/mid: 43,430 bars | OK | zero-volume 0.0% | 203 gaps > one bar (weekends/closures expected)
eurusd/minute/bid: 43,430 bars | OK | zero-volume 0.0% | 203 gaps > one bar (weekends/closures expected)
eurusd/minute/ask: 43,430 bars | OK | zero-volume 0.0% | 203 gaps > one bar (weekends/closures expected)
eurusd/quarter/mid: 25,637 bars | OK | zero-volume 0.0% | 58 gaps > one bar (weekends/closures expected)
eurusd/quarter/bid: 25,637 bars | OK | zero-volume 0.0% | 58 gaps > one bar (weekends/closures expected)
eurusd/quarter/ask: 25,637 bars | OK | zero-volume 0.0% | 58 gaps > one bar (weekends/closures expected)
eurusd/hour/mid: 12,595 bars | OK | zero-volume 0.0% | 111 gaps > one bar (weekends/closures expected)
eurusd/hour/bid: 12,595 bars | OK | zero-volume 0.0% | 111 gaps > one bar (weekends/closures expected)
eurusd/hour/ask: 12,595 bars | OK | zero-volume 0.0% | 111 gaps > one bar (weekends/closures expected)
eurusd/day/mid: 7,448 bars | OK | zero-volume 79.32% | 1,442 gaps > one bar (weekends/closures expected)
eurusd/day/bid: 7,448 bars | OK | zero-volume 79.32% | 1,442 gaps > one bar (weekends/closures expected)
eurusd/day/ask: 7,448 bars | OK | zero-volume 79.32% | 1,442 gaps > one bar (weekends/closures expected)
uk100fut/minute/mid: 34,166 bars | OK | zero-volume 0.0% | 131 gaps > one bar (weekends/closures expected)
uk100fut/minute/bid: 34,166 bars | OK | zero-volume 0.0% | 131 gaps > one bar (weekends/closures expected)
uk100fut/minute/ask: 34,166 bars | OK | zero-volume 0.0% | 131 gaps > one bar (weekends/closures expected)
uk100fut/quarter/mid: 23,167 bars | OK | zero-volume 0.0% | 443 gaps > one bar (weekends/closures expected)
uk100fut/quarter/bid: 23,167 bars | OK | zero-volume 0.0% | 443 gaps > one bar (weekends/closures expected)
uk100fut/quarter/ask: 23,167 bars | OK | zero-volume 0.0% | 443 gaps > one bar (weekends/closures expected)
uk100fut/hour/mid: 11,542 bars | OK | zero-volume 0.0% | 510 gaps > one bar (weekends/closures expected)
uk100fut/hour/bid: 11,542 bars | OK | zero-volume 0.0% | 510 gaps > one bar (weekends/closures expected)
uk100fut/hour/ask: 11,542 bars | OK | zero-volume 0.0% | 510 gaps > one bar (weekends/closures expected)
uk100fut/day/mid: 1,291 bars | OK | zero-volume 49.42% | 270 gaps > one bar (weekends/closures expected)
uk100fut/day/bid: 1,291 bars | known {'open_outside_hl': 1} | zero-volume 49.42% | 270 gaps > one bar (weekends/closures expected)
uk100fut/day/ask: 1,291 bars | known {'close_outside_hl': 1} | zero-volume 49.42% | 270 gaps > one bar (weekends/closures expected)
uk100sep26/minute/mid: 34,166 bars | OK | zero-volume 0.0% | 131 gaps > one bar (weekends/closures expected)
uk100sep26/minute/bid: 34,166 bars | OK | zero-volume 0.0% | 131 gaps > one bar (weekends/closures expected)
uk100sep26/minute/ask: 34,166 bars | OK | zero-volume 0.0% | 131 gaps > one bar (weekends/closures expected)
uk100sep26/quarter/mid: 4,202 bars | OK | zero-volume 0.0% | 84 gaps > one bar (weekends/closures expected)
uk100sep26/quarter/bid: 4,202 bars | OK | zero-volume 0.0% | 84 gaps > one bar (weekends/closures expected)
uk100sep26/quarter/ask: 4,202 bars | OK | zero-volume 0.0% | 84 gaps > one bar (weekends/closures expected)
uk100sep26/hour/mid: 1,060 bars | OK | zero-volume 0.0% | 47 gaps > one bar (weekends/closures expected)
uk100sep26/hour/bid: 1,060 bars | OK | zero-volume 0.0% | 47 gaps > one bar (weekends/closures expected)
uk100sep26/hour/ask: 1,060 bars | OK | zero-volume 0.0% | 47 gaps > one bar (weekends/closures expected)
uk100sep26/day/mid: 47 bars | OK | zero-volume 0.0% | 9 gaps > one bar (weekends/closures expected)
uk100sep26/day/bid: 47 bars | OK | zero-volume 0.0% | 9 gaps > one bar (weekends/closures expected)
uk100sep26/day/ask: 47 bars | OK | zero-volume 0.0% | 9 gaps > one bar (weekends/closures expected)

All structural checks passed (known baseline accepted).

=== uk100  (cash 8.0-16.5 London) ===
    1min:  41,163 bars (15,300 cash) 2026-07-03 -> 2026-08-17   spread 0.8
   15min:  23,620 bars ( 8,879 cash) 2025-08-03 -> 2026-08-17   spread 0.8
      1h:  11,667 bars ( 4,610 cash) 2024-08-04 -> 2026-08-17   spread 0.8
      4h:   3,179 bars ( 1,538 cash) 2024-08-04 -> 2026-08-17   spread 0.8
      1d:   3,754 bars ( 3,754 cash) 2012-03-26 -> 2026-08-14   spread 0.0

=== ger40  (cash 8.0-16.5 London) ===
    1min:  41,000 bars (15,300 cash) 2026-07-05 -> 2026-08-17   spread 1.0
   15min:  23,653 bars ( 8,873 cash) 2025-08-04 -> 2026-08-17   spread 1.0
      1h:  11,718 bars ( 4,626 cash) 2024-08-04 -> 2026-08-17   spread 1.0
      4h:   3,194 bars ( 1,542 cash) 2024-08-04 -> 2026-08-17   spread 1.0
      1d:   3,773 bars ( 3,773 cash) 2012-01-30 -> 2026-08-14   spread 0.0

=== us500  (cash 9.5-16.0 London) ===
    1min:  41,680 bars (11,695 cash) 2026-07-05 -> 2026-08-17   spread 0.4
   15min:  24,290 bars ( 6,813 cash) 2025-08-04 -> 2026-08-17   spread 0.4
      1h:  11,988 bars ( 3,086 cash) 2024-08-04 -> 2026-08-17   spread 0.4
      4h:   3,136 bars (   549 cash) 2024-08-04 -> 2026-08-17   spread 0.425
      1d:   3,839 bars ( 3,839 cash) 2012-03-13 -> 2026-08-14   spread 0.0

=== us30  (cash 9.5-16.0 London) ===
    1min:  41,744 bars (11,700 cash) 2026-07-05 -> 2026-08-17   spread 1.9
   15min:  24,297 bars ( 6,819 cash) 2025-08-04 -> 2026-08-17   spread 1.9
      1h:  11,988 bars ( 3,086 cash) 2024-08-04 -> 2026-08-17   spread 1.9
      4h:   3,136 bars (   549 cash) 2024-08-04 -> 2026-08-17   spread 2.2667
      1d:   3,846 bars ( 3,846 cash) 2012-03-05 -> 2026-08-14   spread 0.0

=== ustech100  (cash 9.5-16.0 London) ===
    1min:  41,745 bars (11,700 cash) 2026-07-05 -> 2026-08-17   spread 0.9
   15min:  24,297 bars ( 6,819 cash) 2025-08-04 -> 2026-08-17   spread 0.9
      1h:  11,989 bars ( 3,086 cash) 2024-08-04 -> 2026-08-17   spread 0.9
      4h:   3,136 bars (   549 cash) 2024-08-04 -> 2026-08-17   spread 1.125
      1d:   3,846 bars ( 3,846 cash) 2012-03-05 -> 2026-08-14   spread 0.0

=== gold  (cash 8.0-16.0 London) ===
    1min:  41,886 bars (14,400 cash) 2026-07-05 -> 2026-08-17   spread 0.4
   15min:  24,414 bars ( 8,453 cash) 2025-08-04 -> 2026-08-17   spread 0.4
      1h:  12,014 bars ( 4,164 cash) 2024-08-04 -> 2026-08-17   spread 0.3
      4h:   3,250 bars ( 1,030 cash) 2024-08-04 -> 2026-08-17   spread 0.45
      1d:   3,844 bars ( 3,844 cash) 2011-12-30 -> 2026-08-14   spread 0.0

=== goldvar  (cash 8.0-16.0 London) ===
    1min:  41,887 bars (14,400 cash) 2026-07-05 -> 2026-08-17   spread 0.4
   15min:  24,414 bars ( 8,453 cash) 2025-08-04 -> 2026-08-17   spread 0.4
      1h:  12,014 bars ( 4,164 cash) 2024-08-04 -> 2026-08-17   spread 0.3
      4h:   3,250 bars ( 1,030 cash) 2024-08-04 -> 2026-08-17   spread 0.4
      1d:   3,844 bars ( 3,844 cash) 2011-12-30 -> 2026-08-14   spread 0.0

=== eurusd  (cash 8.0-21.0 London) ===
    1min:  43,430 bars (23,400 cash) 2026-07-05 -> 2026-08-17   spread 0.0001
   15min:  25,637 bars (13,858 cash) 2025-08-04 -> 2026-08-17   spread 0.0001
      1h:  12,595 bars ( 6,815 cash) 2024-08-04 -> 2026-08-17   spread 0.0
      4h:   3,259 bars ( 2,096 cash) 2024-08-04 -> 2026-08-17   spread 0.0
      1d:   7,448 bars ( 7,448 cash) 1999-01-04 -> 2026-08-16   spread 0.0

=== uk100fut  (cash 8.0-16.5 London) ===
    1min:  34,166 bars (12,750 cash) 2026-07-12 -> 2026-08-17   spread 1.3
   15min:  23,167 bars ( 8,709 cash) 2025-08-10 -> 2026-08-17   spread 1.3
      1h:  11,542 bars ( 4,565 cash) 2024-08-11 -> 2026-08-17   spread 1.3
      4h:   3,145 bars ( 1,523 cash) 2024-08-11 -> 2026-08-17   spread 1.3
      1d:   1,291 bars ( 1,291 cash) 2021-07-05 -> 2026-08-14   spread 5.0

=== uk100sep26  (cash 8.0-16.5 London) ===
    1min:  34,166 bars (12,750 cash) 2026-07-12 -> 2026-08-17   spread 4.0
   15min:   4,202 bars ( 1,564 cash) 2026-06-11 -> 2026-08-17   spread 4.0
      1h:   1,060 bars (   414 cash) 2026-06-11 -> 2026-08-17   spread 4.0
      4h:     290 bars (   138 cash) 2026-06-11 -> 2026-08-17   spread 4.0
      1d:      47 bars (    47 cash) 2026-06-11 -> 2026-08-14   spread 6.0

Wrote /Users/r.john/git/vc-tx2/clean_finsa/
uk100      14/14 passed
ger40      14/14 passed
us500      14/14 passed
us30       14/14 passed
ustech100  14/14 passed
gold       14/14 passed
goldvar    14/14 passed
eurusd     14/14 passed
uk100fut   14/14 passed
uk100sep26 14/14 passed

140/140 checks passed overall.
=== done 2026-08-17T06:56:01Z sync=0 validate=0 build=0 verify=0 ===
=== sync start 2026-08-17T19:59:10Z ===

=== uk100 (id 16645) -> /Users/r.john/git/vc-tx2/data ===
  minute/mid:
      page 1: 10,000 bars  2026-08-06 09:17:00+00:00 -> 2026-08-17 19:59:00+00:00
      page 2: 10,000 bars  2026-07-28 00:30:00+00:00 -> 2026-08-06 09:16:00+00:00
      page 3:  8,257 bars  2026-07-17 19:58:00+00:00 -> 2026-07-28 00:29:00+00:00
      fetched 28,256 | +788 new | store 41,951 bars  2026-07-03 -> 2026-08-17

  minute/bid:
      page 1: 10,000 bars  2026-08-06 09:17:00+00:00 -> 2026-08-17 19:59:00+00:00
      page 2: 10,000 bars  2026-07-28 00:30:00+00:00 -> 2026-08-06 09:16:00+00:00
      page 3:  8,255 bars  2026-07-19 22:08:00+00:00 -> 2026-07-28 00:29:00+00:00
      fetched 28,254 | +28 new | store 41,951 bars  2026-07-03 -> 2026-08-17

  minute/ask:
      page 1: 10,000 bars  2026-08-06 09:17:00+00:00 -> 2026-08-17 19:59:00+00:00
      page 2: 10,000 bars  2026-07-28 00:30:00+00:00 -> 2026-08-06 09:16:00+00:00
      page 3:  8,255 bars  2026-07-19 22:08:00+00:00 -> 2026-07-28 00:29:00+00:00
      fetched 28,254 | +28 new | store 41,951 bars  2026-07-03 -> 2026-08-17

  quarter/mid:
      page 1: 10,000 bars  2026-03-10 05:15:00+00:00 -> 2026-08-17 19:45:00+00:00
      page 2: 10,000 bars  2025-09-30 15:00:00+00:00 -> 2026-03-10 05:00:00+00:00
      page 3:  2,769 bars  2025-08-17 22:00:00+00:00 -> 2025-09-30 14:45:00+00:00
      fetched 22,768 | +52 new | store 23,672 bars  2025-08-03 -> 2026-08-17

  quarter/bid:
      page 1: 10,000 bars  2026-03-10 05:15:00+00:00 -> 2026-08-17 19:45:00+00:00
      page 2: 10,000 bars  2025-09-30 15:00:00+00:00 -> 2026-03-10 05:00:00+00:00
      page 3:  2,769 bars  2025-08-17 22:00:00+00:00 -> 2025-09-30 14:45:00+00:00
      fetched 22,768 | +52 new | store 23,672 bars  2025-08-03 -> 2026-08-17

  quarter/ask:
      page 1: 10,000 bars  2026-03-10 05:15:00+00:00 -> 2026-08-17 19:45:00+00:00
      page 2: 10,000 bars  2025-09-30 15:00:00+00:00 -> 2026-03-10 05:00:00+00:00
      page 3:  2,769 bars  2025-08-17 22:00:00+00:00 -> 2025-09-30 14:45:00+00:00
      fetched 22,768 | +52 new | store 23,672 bars  2025-08-03 -> 2026-08-17

  hour/mid:
      page 1: 10,000 bars  2024-11-15 17:00:00+00:00 -> 2026-08-17 19:00:00+00:00
      page 2:  1,453 bars  2024-08-18 22:00:00+00:00 -> 2024-11-15 16:00:00+00:00
      fetched 11,452 | +13 new | store 11,680 bars  2024-08-04 -> 2026-08-17

  hour/bid:
      page 1: 10,000 bars  2024-11-15 17:00:00+00:00 -> 2026-08-17 19:00:00+00:00
      page 2:  1,453 bars  2024-08-18 22:00:00+00:00 -> 2024-11-15 16:00:00+00:00
      fetched 11,452 | +13 new | store 11,680 bars  2024-08-04 -> 2026-08-17

  hour/ask:
      page 1: 10,000 bars  2024-11-15 17:00:00+00:00 -> 2026-08-17 19:00:00+00:00
      page 2:  1,453 bars  2024-08-18 22:00:00+00:00 -> 2024-11-15 16:00:00+00:00
      fetched 11,452 | +13 new | store 11,680 bars  2024-08-04 -> 2026-08-17

  day/mid:
      page 1:  3,755 bars  2012-03-26 00:00:00+00:00 -> 2026-08-17 00:00:00+00:00
      fetched 3,754 | +0 new | store 3,754 bars  2012-03-26 -> 2026-08-14

  day/bid:
      page 1:  3,755 bars  2012-03-26 00:00:00+00:00 -> 2026-08-17 00:00:00+00:00
      fetched 3,754 | +0 new | store 3,754 bars  2012-03-26 -> 2026-08-14  !! {'open_outside_hl': 2}

  day/ask:
      page 1:  3,755 bars  2012-03-26 00:00:00+00:00 -> 2026-08-17 00:00:00+00:00
      fetched 3,754 | +0 new | store 3,754 bars  2012-03-26 -> 2026-08-14  !! {'close_outside_hl': 2}


=== ger40 (id 17068) -> /Users/r.john/git/vc-tx2/data ===
  minute/mid:
      page 1: 10,000 bars  2026-08-06 09:34:00+00:00 -> 2026-08-17 19:59:00+00:00
      page 2: 10,000 bars  2026-07-28 00:47:00+00:00 -> 2026-08-06 09:33:00+00:00
      page 3:  8,278 bars  2026-07-19 22:03:00+00:00 -> 2026-07-28 00:46:00+00:00
      fetched 28,277 | +787 new | store 41,787 bars  2026-07-05 -> 2026-08-17

  minute/bid:
      page 1: 10,000 bars  2026-08-06 09:34:00+00:00 -> 2026-08-17 19:59:00+00:00
      page 2: 10,000 bars  2026-07-28 00:47:00+00:00 -> 2026-08-06 09:33:00+00:00
      page 3:  8,278 bars  2026-07-19 22:03:00+00:00 -> 2026-07-28 00:46:00+00:00
      fetched 28,277 | +787 new | store 41,787 bars  2026-07-05 -> 2026-08-17

  minute/ask:
      page 1: 10,000 bars  2026-08-06 09:34:00+00:00 -> 2026-08-17 19:59:00+00:00
      page 2: 10,000 bars  2026-07-28 00:47:00+00:00 -> 2026-08-06 09:33:00+00:00
      page 3:  8,278 bars  2026-07-19 22:03:00+00:00 -> 2026-07-28 00:46:00+00:00
      fetched 28,277 | +787 new | store 41,787 bars  2026-07-05 -> 2026-08-17

  quarter/mid:
      page 1: 10,000 bars  2026-03-11 10:30:00+00:00 -> 2026-08-17 19:45:00+00:00
      page 2: 10,000 bars  2025-09-30 18:00:00+00:00 -> 2026-03-11 10:15:00+00:00
      page 3:  2,880 bars  2025-08-17 22:00:00+00:00 -> 2025-09-30 17:45:00+00:00
      fetched 22,879 | +52 new | store 23,705 bars  2025-08-04 -> 2026-08-17

  quarter/bid:
      page 1: 10,000 bars  2026-03-11 10:30:00+00:00 -> 2026-08-17 19:45:00+00:00
      page 2: 10,000 bars  2025-09-30 18:00:00+00:00 -> 2026-03-11 10:15:00+00:00
      page 3:  2,880 bars  2025-08-17 22:00:00+00:00 -> 2025-09-30 17:45:00+00:00
      fetched 22,879 | +52 new | store 23,705 bars  2025-08-04 -> 2026-08-17

  quarter/ask:
      page 1: 10,000 bars  2026-03-11 10:30:00+00:00 -> 2026-08-17 19:45:00+00:00
      page 2: 10,000 bars  2025-09-30 18:00:00+00:00 -> 2026-03-11 10:15:00+00:00
      page 3:  2,880 bars  2025-08-17 22:00:00+00:00 -> 2025-09-30 17:45:00+00:00
      fetched 22,879 | +52 new | store 23,705 bars  2025-08-04 -> 2026-08-17

  hour/mid:
      page 1: 10,000 bars  2024-11-18 21:00:00+00:00 -> 2026-08-17 19:00:00+00:00
      page 2:  1,504 bars  2024-08-18 22:00:00+00:00 -> 2024-11-18 20:00:00+00:00
      fetched 11,503 | +13 new | store 11,731 bars  2024-08-04 -> 2026-08-17

  hour/bid:
      page 1: 10,000 bars  2024-11-18 23:00:00+00:00 -> 2026-08-17 20:00:00+00:00
      page 2:  1,505 bars  2024-08-18 22:00:00+00:00 -> 2024-11-18 21:00:00+00:00
      fetched 11,504 | +14 new | store 11,732 bars  2024-08-04 -> 2026-08-17

  hour/ask:
      page 1: 10,000 bars  2024-11-18 23:00:00+00:00 -> 2026-08-17 20:00:00+00:00
      page 2:  1,505 bars  2024-08-18 22:00:00+00:00 -> 2024-11-18 21:00:00+00:00
      fetched 11,504 | +14 new | store 11,732 bars  2024-08-04 -> 2026-08-17

  day/mid:
      page 1:  3,774 bars  2012-01-30 00:00:00+00:00 -> 2026-08-17 00:00:00+00:00
      fetched 3,773 | +0 new | store 3,773 bars  2012-01-30 -> 2026-08-14

  day/bid:
      page 1:  3,774 bars  2012-01-30 00:00:00+00:00 -> 2026-08-17 00:00:00+00:00
      fetched 3,773 | +0 new | store 3,773 bars  2012-01-30 -> 2026-08-14

  day/ask:
      page 1:  3,774 bars  2012-01-30 00:00:00+00:00 -> 2026-08-17 00:00:00+00:00
      fetched 3,773 | +0 new | store 3,773 bars  2012-01-30 -> 2026-08-14


=== us30 (id 17322) -> /Users/r.john/git/vc-tx2/data ===
  minute/mid:
      page 1: 10,000 bars  2026-08-06 13:18:00+00:00 -> 2026-08-17 20:00:00+00:00
      page 2: 10,000 bars  2026-07-28 07:07:00+00:00 -> 2026-08-06 13:17:00+00:00
      page 3:  8,825 bars  2026-07-17 20:00:00+00:00 -> 2026-07-28 07:06:00+00:00
      fetched 28,824 | +788 new | store 42,532 bars  2026-07-05 -> 2026-08-17

  minute/bid:
      page 1: 10,000 bars  2026-08-06 13:18:00+00:00 -> 2026-08-17 20:00:00+00:00
      page 2: 10,000 bars  2026-07-28 07:07:00+00:00 -> 2026-08-06 13:17:00+00:00
      page 3:  8,825 bars  2026-07-17 20:00:00+00:00 -> 2026-07-28 07:06:00+00:00
      fetched 28,824 | +788 new | store 42,532 bars  2026-07-05 -> 2026-08-17

  minute/ask:
      page 1: 10,000 bars  2026-08-06 13:18:00+00:00 -> 2026-08-17 20:00:00+00:00
      page 2: 10,000 bars  2026-07-28 07:07:00+00:00 -> 2026-08-06 13:17:00+00:00
      page 3:  8,825 bars  2026-07-17 20:00:00+00:00 -> 2026-07-28 07:06:00+00:00
      fetched 28,824 | +788 new | store 42,532 bars  2026-07-05 -> 2026-08-17

  quarter/mid:
      page 1: 10,000 bars  2026-03-16 20:45:00+00:00 -> 2026-08-17 20:00:00+00:00
      page 2: 10,000 bars  2025-10-09 09:45:00+00:00 -> 2026-03-16 20:30:00+00:00
      page 3:  3,513 bars  2025-08-17 22:00:00+00:00 -> 2025-10-09 09:30:00+00:00
      fetched 23,512 | +53 new | store 24,350 bars  2025-08-04 -> 2026-08-17

  quarter/bid:
      page 1: 10,000 bars  2026-03-16 20:45:00+00:00 -> 2026-08-17 20:00:00+00:00
      page 2: 10,000 bars  2025-10-09 09:45:00+00:00 -> 2026-03-16 20:30:00+00:00
      page 3:  3,513 bars  2025-08-17 22:00:00+00:00 -> 2025-10-09 09:30:00+00:00
      fetched 23,512 | +53 new | store 24,350 bars  2025-08-04 -> 2026-08-17

  quarter/ask:
      page 1: 10,000 bars  2026-03-16 20:45:00+00:00 -> 2026-08-17 20:00:00+00:00
      page 2: 10,000 bars  2025-10-09 09:45:00+00:00 -> 2026-03-16 20:30:00+00:00
      page 3:  3,513 bars  2025-08-17 22:00:00+00:00 -> 2025-10-09 09:30:00+00:00
      fetched 23,512 | +53 new | store 24,350 bars  2025-08-04 -> 2026-08-17

  hour/mid:
      page 1: 10,000 bars  2024-12-04 12:00:00+00:00 -> 2026-08-17 20:00:00+00:00
      page 2:  1,773 bars  2024-08-18 22:00:00+00:00 -> 2024-12-04 11:00:00+00:00
      fetched 11,772 | +14 new | store 12,002 bars  2024-08-04 -> 2026-08-17

  hour/bid:
      page 1: 10,000 bars  2024-12-04 12:00:00+00:00 -> 2026-08-17 20:00:00+00:00
      page 2:  1,773 bars  2024-08-18 22:00:00+00:00 -> 2024-12-04 11:00:00+00:00
      fetched 11,772 | +14 new | store 12,002 bars  2024-08-04 -> 2026-08-17

  hour/ask:
      page 1: 10,000 bars  2024-12-04 12:00:00+00:00 -> 2026-08-17 20:00:00+00:00
      page 2:  1,773 bars  2024-08-18 22:00:00+00:00 -> 2024-12-04 11:00:00+00:00
      fetched 11,772 | +14 new | store 12,002 bars  2024-08-04 -> 2026-08-17

  day/mid:
      page 1:  3,847 bars  2012-03-05 00:00:00+00:00 -> 2026-08-17 00:00:00+00:00
      fetched 3,846 | +0 new | store 3,846 bars  2012-03-05 -> 2026-08-14

  day/bid:
      page 1:  3,847 bars  2012-03-05 00:00:00+00:00 -> 2026-08-17 00:00:00+00:00
      fetched 3,846 | +0 new | store 3,846 bars  2012-03-05 -> 2026-08-14

  day/ask:
      page 1:  3,847 bars  2012-03-05 00:00:00+00:00 -> 2026-08-17 00:00:00+00:00
      fetched 3,846 | +0 new | store 3,846 bars  2012-03-05 -> 2026-08-14


=== ustech100 (id 20190) -> /Users/r.john/git/vc-tx2/data ===
  minute/mid:
      page 1: 10,000 bars  2026-08-06 13:19:00+00:00 -> 2026-08-17 20:00:00+00:00
      page 2: 10,000 bars  2026-07-28 07:08:00+00:00 -> 2026-08-06 13:18:00+00:00
      page 3:  8,825 bars  2026-07-17 20:01:00+00:00 -> 2026-07-28 07:07:00+00:00
      fetched 28,824 | +788 new | store 42,533 bars  2026-07-05 -> 2026-08-17

  minute/bid:
      page 1: 10,000 bars  2026-08-06 13:19:00+00:00 -> 2026-08-17 20:00:00+00:00
      page 2: 10,000 bars  2026-07-28 07:08:00+00:00 -> 2026-08-06 13:18:00+00:00
      page 3:  8,825 bars  2026-07-17 20:01:00+00:00 -> 2026-07-28 07:07:00+00:00
      fetched 28,824 | +788 new | store 42,533 bars  2026-07-05 -> 2026-08-17

  minute/ask:
      page 1: 10,000 bars  2026-08-06 13:19:00+00:00 -> 2026-08-17 20:00:00+00:00
      page 2: 10,000 bars  2026-07-28 07:08:00+00:00 -> 2026-08-06 13:18:00+00:00
      page 3:  8,825 bars  2026-07-17 20:01:00+00:00 -> 2026-07-28 07:07:00+00:00
      fetched 28,824 | +787 new | store 42,533 bars  2026-07-05 -> 2026-08-17

  quarter/mid:
      page 1: 10,000 bars  2026-03-16 22:00:00+00:00 -> 2026-08-17 20:00:00+00:00
      page 2: 10,000 bars  2025-10-09 09:45:00+00:00 -> 2026-03-16 20:45:00+00:00
      page 3:  3,513 bars  2025-08-17 22:00:00+00:00 -> 2025-10-09 09:30:00+00:00
      fetched 23,512 | +53 new | store 24,350 bars  2025-08-04 -> 2026-08-17

  quarter/bid:
      page 1: 10,000 bars  2026-03-16 22:00:00+00:00 -> 2026-08-17 20:00:00+00:00
      page 2: 10,000 bars  2025-10-09 09:45:00+00:00 -> 2026-03-16 20:45:00+00:00
      page 3:  3,513 bars  2025-08-17 22:00:00+00:00 -> 2025-10-09 09:30:00+00:00
      fetched 23,512 | +53 new | store 24,350 bars  2025-08-04 -> 2026-08-17

  quarter/ask:
      page 1: 10,000 bars  2026-03-16 22:00:00+00:00 -> 2026-08-17 20:00:00+00:00
      page 2: 10,000 bars  2025-10-09 09:45:00+00:00 -> 2026-03-16 20:45:00+00:00
      page 3:  3,513 bars  2025-08-17 22:00:00+00:00 -> 2025-10-09 09:30:00+00:00
      fetched 23,512 | +53 new | store 24,350 bars  2025-08-04 -> 2026-08-17

  hour/mid:
      page 1: 10,000 bars  2024-12-04 13:00:00+00:00 -> 2026-08-17 20:00:00+00:00
      page 2:  1,774 bars  2024-08-18 22:00:00+00:00 -> 2024-12-04 12:00:00+00:00
      fetched 11,773 | +14 new | store 12,003 bars  2024-08-04 -> 2026-08-17

  hour/bid:
      page 1: 10,000 bars  2024-12-04 13:00:00+00:00 -> 2026-08-17 20:00:00+00:00
      page 2:  1,774 bars  2024-08-18 22:00:00+00:00 -> 2024-12-04 12:00:00+00:00
      fetched 11,773 | +14 new | store 12,003 bars  2024-08-04 -> 2026-08-17

  hour/ask:
      page 1: 10,000 bars  2024-12-04 13:00:00+00:00 -> 2026-08-17 20:00:00+00:00
      page 2:  1,774 bars  2024-08-18 22:00:00+00:00 -> 2024-12-04 12:00:00+00:00
      fetched 11,773 | +14 new | store 12,003 bars  2024-08-04 -> 2026-08-17

  day/mid:
      page 1:  3,847 bars  2012-03-05 00:00:00+00:00 -> 2026-08-17 00:00:00+00:00
      fetched 3,846 | +0 new | store 3,846 bars  2012-03-05 -> 2026-08-14

  day/bid:
      page 1:  3,847 bars  2012-03-05 00:00:00+00:00 -> 2026-08-17 00:00:00+00:00
      fetched 3,846 | +0 new | store 3,846 bars  2012-03-05 -> 2026-08-14

  day/ask:
      page 1:  3,847 bars  2012-03-05 00:00:00+00:00 -> 2026-08-17 00:00:00+00:00
      fetched 3,846 | +0 new | store 3,846 bars  2012-03-05 -> 2026-08-14


=== us500 (id 67995) -> /Users/r.john/git/vc-tx2/data ===
  minute/mid:
      page 1: 10,000 bars  2026-08-06 12:19:00+00:00 -> 2026-08-17 20:00:00+00:00
      page 2: 10,000 bars  2026-07-28 06:07:00+00:00 -> 2026-08-06 12:18:00+00:00
      page 3:  8,760 bars  2026-07-17 20:01:00+00:00 -> 2026-07-28 06:06:00+00:00
      fetched 28,759 | +788 new | store 42,468 bars  2026-07-05 -> 2026-08-17

  minute/bid:
      page 1: 10,000 bars  2026-08-06 12:20:00+00:00 -> 2026-08-17 20:01:00+00:00
      page 2: 10,000 bars  2026-07-28 06:08:00+00:00 -> 2026-08-06 12:19:00+00:00
      page 3:  8,761 bars  2026-07-17 20:01:00+00:00 -> 2026-07-28 06:07:00+00:00
      fetched 28,760 | +789 new | store 42,469 bars  2026-07-05 -> 2026-08-17

  minute/ask:
      page 1: 10,000 bars  2026-08-06 12:20:00+00:00 -> 2026-08-17 20:01:00+00:00
      page 2: 10,000 bars  2026-07-28 06:08:00+00:00 -> 2026-08-06 12:19:00+00:00
      page 3:  8,761 bars  2026-07-17 20:01:00+00:00 -> 2026-07-28 06:07:00+00:00
      fetched 28,760 | +789 new | store 42,469 bars  2026-07-05 -> 2026-08-17

  quarter/mid:
      page 1: 10,000 bars  2026-03-16 19:45:00+00:00 -> 2026-08-17 20:00:00+00:00
      page 2: 10,000 bars  2025-10-09 08:30:00+00:00 -> 2026-03-16 19:30:00+00:00
      page 3:  3,508 bars  2025-08-17 22:00:00+00:00 -> 2025-10-09 08:15:00+00:00
      fetched 23,507 | +53 new | store 24,343 bars  2025-08-04 -> 2026-08-17

  quarter/bid:
      page 1: 10,000 bars  2026-03-16 19:45:00+00:00 -> 2026-08-17 20:00:00+00:00
      page 2: 10,000 bars  2025-10-09 08:30:00+00:00 -> 2026-03-16 19:30:00+00:00
      page 3:  3,508 bars  2025-08-17 22:00:00+00:00 -> 2025-10-09 08:15:00+00:00
      fetched 23,507 | +53 new | store 24,343 bars  2025-08-04 -> 2026-08-17

  quarter/ask:
      page 1: 10,000 bars  2026-03-16 19:45:00+00:00 -> 2026-08-17 20:00:00+00:00
      page 2: 10,000 bars  2025-10-09 08:30:00+00:00 -> 2026-03-16 19:30:00+00:00
      page 3:  3,508 bars  2025-08-17 22:00:00+00:00 -> 2025-10-09 08:15:00+00:00
      fetched 23,507 | +53 new | store 24,343 bars  2025-08-04 -> 2026-08-17

  hour/mid:
      page 1: 10,000 bars  2024-12-04 12:00:00+00:00 -> 2026-08-17 20:00:00+00:00
      page 2:  1,773 bars  2024-08-18 22:00:00+00:00 -> 2024-12-04 11:00:00+00:00
      fetched 11,772 | +14 new | store 12,002 bars  2024-08-04 -> 2026-08-17

  hour/bid:
      page 1: 10,000 bars  2024-12-04 12:00:00+00:00 -> 2026-08-17 20:00:00+00:00
      page 2:  1,773 bars  2024-08-18 22:00:00+00:00 -> 2024-12-04 11:00:00+00:00
      fetched 11,772 | +14 new | store 12,002 bars  2024-08-04 -> 2026-08-17

  hour/ask:
      page 1: 10,000 bars  2024-12-04 12:00:00+00:00 -> 2026-08-17 20:00:00+00:00
      page 2:  1,773 bars  2024-08-18 22:00:00+00:00 -> 2024-12-04 11:00:00+00:00
      fetched 11,772 | +14 new | store 12,002 bars  2024-08-04 -> 2026-08-17

  day/mid:
      page 1:  3,840 bars  2012-03-13 00:00:00+00:00 -> 2026-08-17 00:00:00+00:00
      fetched 3,839 | +0 new | store 3,839 bars  2012-03-13 -> 2026-08-14

  day/bid:
      page 1:  3,840 bars  2012-03-13 00:00:00+00:00 -> 2026-08-17 00:00:00+00:00
      fetched 3,839 | +0 new | store 3,839 bars  2012-03-13 -> 2026-08-14

  day/ask:
      page 1:  3,840 bars  2012-03-13 00:00:00+00:00 -> 2026-08-17 00:00:00+00:00
      fetched 3,839 | +0 new | store 3,839 bars  2012-03-13 -> 2026-08-14


=== gold (id 68924) -> /Users/r.john/git/vc-tx2/data ===
  minute/mid:
      page 1: 10,000 bars  2026-08-06 14:11:00+00:00 -> 2026-08-17 20:01:00+00:00
      page 2: 10,000 bars  2026-07-28 08:22:00+00:00 -> 2026-08-06 14:10:00+00:00
      page 3:  8,945 bars  2026-07-17 20:02:00+00:00 -> 2026-07-28 08:21:00+00:00
      fetched 28,944 | +788 new | store 42,674 bars  2026-07-05 -> 2026-08-17

  minute/bid:
      page 1: 10,000 bars  2026-08-06 14:11:00+00:00 -> 2026-08-17 20:01:00+00:00
      page 2: 10,000 bars  2026-07-28 08:22:00+00:00 -> 2026-08-06 14:10:00+00:00
      page 3:  8,945 bars  2026-07-17 20:02:00+00:00 -> 2026-07-28 08:21:00+00:00
      fetched 28,944 | +788 new | store 42,674 bars  2026-07-05 -> 2026-08-17

  minute/ask:
      page 1: 10,000 bars  2026-08-06 14:11:00+00:00 -> 2026-08-17 20:01:00+00:00
      page 2: 10,000 bars  2026-07-28 08:22:00+00:00 -> 2026-08-06 14:10:00+00:00
      page 3:  8,945 bars  2026-07-17 20:02:00+00:00 -> 2026-07-28 08:21:00+00:00
      fetched 28,944 | +788 new | store 42,674 bars  2026-07-05 -> 2026-08-17

  quarter/mid:
      page 1: 10,000 bars  2026-03-16 16:45:00+00:00 -> 2026-08-17 20:00:00+00:00
      page 2: 10,000 bars  2025-10-10 10:00:00+00:00 -> 2026-03-16 16:30:00+00:00
      page 3:  3,626 bars  2025-08-17 22:00:00+00:00 -> 2025-10-10 09:45:00+00:00
      fetched 23,625 | +53 new | store 24,467 bars  2025-08-04 -> 2026-08-17

  quarter/bid:
      page 1: 10,000 bars  2026-03-16 16:45:00+00:00 -> 2026-08-17 20:00:00+00:00
      page 2: 10,000 bars  2025-10-10 10:00:00+00:00 -> 2026-03-16 16:30:00+00:00
      page 3:  3,626 bars  2025-08-17 22:00:00+00:00 -> 2025-10-10 09:45:00+00:00
      fetched 23,625 | +53 new | store 24,467 bars  2025-08-04 -> 2026-08-17

  quarter/ask:
      page 1: 10,000 bars  2026-03-16 16:45:00+00:00 -> 2026-08-17 20:00:00+00:00
      page 2: 10,000 bars  2025-10-10 10:00:00+00:00 -> 2026-03-16 16:30:00+00:00
      page 3:  3,626 bars  2025-08-17 22:00:00+00:00 -> 2025-10-10 09:45:00+00:00
      fetched 23,625 | +53 new | store 24,467 bars  2025-08-04 -> 2026-08-17

  hour/mid:
      page 1: 10,000 bars  2024-12-05 12:00:00+00:00 -> 2026-08-17 20:00:00+00:00
      page 2:  1,799 bars  2024-08-18 22:00:00+00:00 -> 2024-12-05 11:00:00+00:00
      fetched 11,798 | +14 new | store 12,028 bars  2024-08-04 -> 2026-08-17

  hour/bid:
      page 1: 10,000 bars  2024-12-05 12:00:00+00:00 -> 2026-08-17 20:00:00+00:00
      page 2:  1,799 bars  2024-08-18 22:00:00+00:00 -> 2024-12-05 11:00:00+00:00
      fetched 11,798 | +14 new | store 12,028 bars  2024-08-04 -> 2026-08-17

  hour/ask:
      page 1: 10,000 bars  2024-12-05 12:00:00+00:00 -> 2026-08-17 20:00:00+00:00
      page 2:  1,799 bars  2024-08-18 22:00:00+00:00 -> 2024-12-05 11:00:00+00:00
      fetched 11,798 | +14 new | store 12,028 bars  2024-08-04 -> 2026-08-17

  day/mid:
      page 1:  3,845 bars  2011-12-30 00:00:00+00:00 -> 2026-08-17 00:00:00+00:00
      fetched 3,844 | +0 new | store 3,844 bars  2011-12-30 -> 2026-08-14

  day/bid:
      page 1:  3,845 bars  2011-12-30 00:00:00+00:00 -> 2026-08-17 00:00:00+00:00
      fetched 3,844 | +0 new | store 3,844 bars  2011-12-30 -> 2026-08-14

  day/ask:
      page 1:  3,845 bars  2011-12-30 00:00:00+00:00 -> 2026-08-17 00:00:00+00:00
      fetched 3,844 | +0 new | store 3,844 bars  2011-12-30 -> 2026-08-14


=== goldvar (id 72302) -> /Users/r.john/git/vc-tx2/data ===
  minute/mid:
      page 1: 10,000 bars  2026-08-06 14:11:00+00:00 -> 2026-08-17 20:01:00+00:00
      page 2: 10,000 bars  2026-07-28 08:22:00+00:00 -> 2026-08-06 14:10:00+00:00
      page 3:  8,945 bars  2026-07-17 20:02:00+00:00 -> 2026-07-28 08:21:00+00:00
      fetched 28,944 | +787 new | store 42,674 bars  2026-07-05 -> 2026-08-17

  minute/bid:
      page 1: 10,000 bars  2026-08-06 14:11:00+00:00 -> 2026-08-17 20:01:00+00:00
      page 2: 10,000 bars  2026-07-28 08:22:00+00:00 -> 2026-08-06 14:10:00+00:00
      page 3:  8,945 bars  2026-07-17 20:02:00+00:00 -> 2026-07-28 08:21:00+00:00
      fetched 28,944 | +787 new | store 42,674 bars  2026-07-05 -> 2026-08-17

  minute/ask:
      page 1: 10,000 bars  2026-08-06 14:12:00+00:00 -> 2026-08-17 20:02:00+00:00
      page 2: 10,000 bars  2026-07-28 08:23:00+00:00 -> 2026-08-06 14:11:00+00:00
      page 3:  8,946 bars  2026-07-17 20:02:00+00:00 -> 2026-07-28 08:22:00+00:00
      fetched 28,945 | +788 new | store 42,675 bars  2026-07-05 -> 2026-08-17

  quarter/mid:
      page 1: 10,000 bars  2026-03-16 16:45:00+00:00 -> 2026-08-17 20:00:00+00:00
      page 2: 10,000 bars  2025-10-10 10:00:00+00:00 -> 2026-03-16 16:30:00+00:00
      page 3:  3,626 bars  2025-08-17 22:00:00+00:00 -> 2025-10-10 09:45:00+00:00
      fetched 23,625 | +53 new | store 24,467 bars  2025-08-04 -> 2026-08-17

  quarter/bid:
      page 1: 10,000 bars  2026-03-16 16:45:00+00:00 -> 2026-08-17 20:00:00+00:00
      page 2: 10,000 bars  2025-10-10 10:00:00+00:00 -> 2026-03-16 16:30:00+00:00
      page 3:  3,626 bars  2025-08-17 22:00:00+00:00 -> 2025-10-10 09:45:00+00:00
      fetched 23,625 | +53 new | store 24,467 bars  2025-08-04 -> 2026-08-17

  quarter/ask:
      page 1: 10,000 bars  2026-03-16 16:45:00+00:00 -> 2026-08-17 20:00:00+00:00
      page 2: 10,000 bars  2025-10-10 10:00:00+00:00 -> 2026-03-16 16:30:00+00:00
      page 3:  3,626 bars  2025-08-17 22:00:00+00:00 -> 2025-10-10 09:45:00+00:00
      fetched 23,625 | +53 new | store 24,467 bars  2025-08-04 -> 2026-08-17

  hour/mid:
      page 1: 10,000 bars  2024-12-05 12:00:00+00:00 -> 2026-08-17 20:00:00+00:00
      page 2:  1,799 bars  2024-08-18 22:00:00+00:00 -> 2024-12-05 11:00:00+00:00
      fetched 11,798 | +14 new | store 12,028 bars  2024-08-04 -> 2026-08-17

  hour/bid:
      page 1: 10,000 bars  2024-12-05 12:00:00+00:00 -> 2026-08-17 20:00:00+00:00
      page 2:  1,799 bars  2024-08-18 22:00:00+00:00 -> 2024-12-05 11:00:00+00:00
      fetched 11,798 | +14 new | store 12,028 bars  2024-08-04 -> 2026-08-17

  hour/ask:
      page 1: 10,000 bars  2024-12-05 12:00:00+00:00 -> 2026-08-17 20:00:00+00:00
      page 2:  1,799 bars  2024-08-18 22:00:00+00:00 -> 2024-12-05 11:00:00+00:00
      fetched 11,798 | +14 new | store 12,028 bars  2024-08-04 -> 2026-08-17

  day/mid:
      page 1:  3,845 bars  2011-12-30 00:00:00+00:00 -> 2026-08-17 00:00:00+00:00
      fetched 3,844 | +0 new | store 3,844 bars  2011-12-30 -> 2026-08-14

  day/bid:
      page 1:  3,845 bars  2011-12-30 00:00:00+00:00 -> 2026-08-17 00:00:00+00:00
      fetched 3,844 | +0 new | store 3,844 bars  2011-12-30 -> 2026-08-14

  day/ask:
      page 1:  3,845 bars  2011-12-30 00:00:00+00:00 -> 2026-08-17 00:00:00+00:00
      fetched 3,844 | +0 new | store 3,844 bars  2011-12-30 -> 2026-08-14


=== eurusd (id 16635) -> /Users/r.john/git/vc-tx2/data ===
  minute/mid:
      page 1: 10,000 bars  2026-08-06 19:34:00+00:00 -> 2026-08-17 20:02:00+00:00
      page 2: 10,000 bars  2026-07-28 20:00:00+00:00 -> 2026-08-06 19:33:00+00:00
      page 3:  9,992 bars  2026-07-17 20:02:00+00:00 -> 2026-07-28 19:59:00+00:00
      fetched 29,991 | +788 new | store 44,218 bars  2026-07-05 -> 2026-08-17

  minute/bid:
      page 1: 10,000 bars  2026-08-06 19:34:00+00:00 -> 2026-08-17 20:02:00+00:00
      page 2: 10,000 bars  2026-07-28 20:00:00+00:00 -> 2026-08-06 19:33:00+00:00
      page 3:  9,992 bars  2026-07-17 20:02:00+00:00 -> 2026-07-28 19:59:00+00:00
      fetched 29,991 | +788 new | store 44,218 bars  2026-07-05 -> 2026-08-17

  minute/ask:
      page 1: 10,000 bars  2026-08-06 19:34:00+00:00 -> 2026-08-17 20:02:00+00:00
      page 2: 10,000 bars  2026-07-28 20:00:00+00:00 -> 2026-08-06 19:33:00+00:00
      page 3:  9,992 bars  2026-07-17 20:02:00+00:00 -> 2026-07-28 19:59:00+00:00
      fetched 29,991 | +788 new | store 44,218 bars  2026-07-05 -> 2026-08-17

  quarter/mid:
      page 1: 10,000 bars  2026-03-24 07:30:00+00:00 -> 2026-08-17 20:00:00+00:00
      page 2: 10,000 bars  2025-10-27 00:15:00+00:00 -> 2026-03-24 07:15:00+00:00
      page 3:  4,813 bars  2025-08-17 21:00:00+00:00 -> 2025-10-27 00:00:00+00:00
      fetched 24,812 | +53 new | store 25,690 bars  2025-08-04 -> 2026-08-17

  quarter/bid:
      page 1: 10,000 bars  2026-03-24 07:30:00+00:00 -> 2026-08-17 20:00:00+00:00
      page 2: 10,000 bars  2025-10-27 00:15:00+00:00 -> 2026-03-24 07:15:00+00:00
      page 3:  4,813 bars  2025-08-17 21:00:00+00:00 -> 2025-10-27 00:00:00+00:00
      fetched 24,812 | +53 new | store 25,690 bars  2025-08-04 -> 2026-08-17

  quarter/ask:
      page 1: 10,000 bars  2026-03-24 07:30:00+00:00 -> 2026-08-17 20:00:00+00:00
      page 2: 10,000 bars  2025-10-27 00:15:00+00:00 -> 2026-03-24 07:15:00+00:00
      page 3:  4,813 bars  2025-08-17 21:00:00+00:00 -> 2025-10-27 00:00:00+00:00
      fetched 24,812 | +53 new | store 25,690 bars  2025-08-04 -> 2026-08-17

  hour/mid:
      page 1: 10,000 bars  2025-01-06 19:00:00+00:00 -> 2026-08-17 20:00:00+00:00
      page 2:  2,370 bars  2024-08-18 21:00:00+00:00 -> 2025-01-06 18:00:00+00:00
      fetched 12,369 | +14 new | store 12,609 bars  2024-08-04 -> 2026-08-17

  hour/bid:
      page 1: 10,000 bars  2025-01-06 19:00:00+00:00 -> 2026-08-17 20:00:00+00:00
      page 2:  2,370 bars  2024-08-18 21:00:00+00:00 -> 2025-01-06 18:00:00+00:00
      fetched 12,369 | +14 new | store 12,609 bars  2024-08-04 -> 2026-08-17

  hour/ask:
      page 1: 10,000 bars  2025-01-06 19:00:00+00:00 -> 2026-08-17 20:00:00+00:00
      page 2:  2,370 bars  2024-08-18 21:00:00+00:00 -> 2025-01-06 18:00:00+00:00
      fetched 12,369 | +14 new | store 12,609 bars  2024-08-04 -> 2026-08-17

  day/mid:
      page 1:  7,449 bars  1999-01-04 00:00:00+00:00 -> 2026-08-17 00:00:00+00:00
      fetched 7,448 | +0 new | store 7,448 bars  1999-01-04 -> 2026-08-16

  day/bid:
      page 1:  7,449 bars  1999-01-04 00:00:00+00:00 -> 2026-08-17 00:00:00+00:00
      fetched 7,448 | +0 new | store 7,448 bars  1999-01-04 -> 2026-08-16

  day/ask:
      page 1:  7,449 bars  1999-01-04 00:00:00+00:00 -> 2026-08-17 00:00:00+00:00
      fetched 7,448 | +0 new | store 7,448 bars  1999-01-04 -> 2026-08-16


=== uk100fut (id 70152) -> /Users/r.john/git/vc-tx2/data ===
  minute/mid:
      page 1: 10,000 bars  2026-08-06 08:58:00+00:00 -> 2026-08-17 20:02:00+00:00
      page 2: 10,000 bars  2026-07-28 00:09:00+00:00 -> 2026-08-06 08:57:00+00:00
      page 3:  8,200 bars  2026-07-19 22:42:00+00:00 -> 2026-07-28 00:08:00+00:00
      fetched 28,199 | +27 new | store 34,953 bars  2026-07-12 -> 2026-08-17

  minute/bid:
      page 1: 10,000 bars  2026-08-06 08:58:00+00:00 -> 2026-08-17 20:02:00+00:00
      page 2: 10,000 bars  2026-07-28 00:09:00+00:00 -> 2026-08-06 08:57:00+00:00
      page 3:  8,200 bars  2026-07-19 22:42:00+00:00 -> 2026-07-28 00:08:00+00:00
      fetched 28,199 | +787 new | store 34,953 bars  2026-07-12 -> 2026-08-17

  minute/ask:
      page 1: 10,000 bars  2026-08-06 08:58:00+00:00 -> 2026-08-17 20:02:00+00:00
      page 2: 10,000 bars  2026-07-28 00:09:00+00:00 -> 2026-08-06 08:57:00+00:00
      page 3:  8,200 bars  2026-07-19 22:42:00+00:00 -> 2026-07-28 00:08:00+00:00
      fetched 28,199 | +787 new | store 34,953 bars  2026-07-12 -> 2026-08-17

  quarter/mid:
      page 1: 10,000 bars  2026-03-10 05:00:00+00:00 -> 2026-08-17 20:00:00+00:00
      page 2: 10,000 bars  2025-09-30 15:00:00+00:00 -> 2026-03-10 04:45:00+00:00
      page 3:  2,769 bars  2025-08-17 22:00:00+00:00 -> 2025-09-30 14:45:00+00:00
      fetched 22,768 | +53 new | store 23,220 bars  2025-08-10 -> 2026-08-17

  quarter/bid:
      page 1: 10,000 bars  2026-03-10 05:00:00+00:00 -> 2026-08-17 20:00:00+00:00
      page 2: 10,000 bars  2025-09-30 15:00:00+00:00 -> 2026-03-10 04:45:00+00:00
      page 3:  2,769 bars  2025-08-17 22:00:00+00:00 -> 2025-09-30 14:45:00+00:00
      fetched 22,768 | +53 new | store 23,220 bars  2025-08-10 -> 2026-08-17

  quarter/ask:
      page 1: 10,000 bars  2026-03-10 05:00:00+00:00 -> 2026-08-17 20:00:00+00:00
      page 2: 10,000 bars  2025-09-30 15:00:00+00:00 -> 2026-03-10 04:45:00+00:00
      page 3:  2,769 bars  2025-08-17 22:00:00+00:00 -> 2025-09-30 14:45:00+00:00
      fetched 22,768 | +53 new | store 23,220 bars  2025-08-10 -> 2026-08-17

  hour/mid:
      page 1: 10,000 bars  2024-11-15 07:00:00+00:00 -> 2026-08-17 20:00:00+00:00
      page 2:  1,443 bars  2024-08-18 22:00:00+00:00 -> 2024-11-15 06:00:00+00:00
      fetched 11,442 | +14 new | store 11,556 bars  2024-08-11 -> 2026-08-17

  hour/bid:
      page 1: 10,000 bars  2024-11-15 07:00:00+00:00 -> 2026-08-17 20:00:00+00:00
      page 2:  1,443 bars  2024-08-18 22:00:00+00:00 -> 2024-11-15 06:00:00+00:00
      fetched 11,442 | +14 new | store 11,556 bars  2024-08-11 -> 2026-08-17

  hour/ask:
      page 1: 10,000 bars  2024-11-15 07:00:00+00:00 -> 2026-08-17 20:00:00+00:00
      page 2:  1,443 bars  2024-08-18 22:00:00+00:00 -> 2024-11-15 06:00:00+00:00
      fetched 11,442 | +14 new | store 11,556 bars  2024-08-11 -> 2026-08-17

  day/mid:
      page 1:  1,292 bars  2021-07-05 00:00:00+00:00 -> 2026-08-17 00:00:00+00:00
      fetched 1,291 | +0 new | store 1,291 bars  2021-07-05 -> 2026-08-14

  day/bid:
      page 1:  1,292 bars  2021-07-05 00:00:00+00:00 -> 2026-08-17 00:00:00+00:00
      fetched 1,291 | +0 new | store 1,291 bars  2021-07-05 -> 2026-08-14  !! {'open_outside_hl': 1}

  day/ask:
      page 1:  1,292 bars  2021-07-05 00:00:00+00:00 -> 2026-08-17 00:00:00+00:00
      fetched 1,291 | +0 new | store 1,291 bars  2021-07-05 -> 2026-08-14  !! {'close_outside_hl': 1}


=== uk100sep26 (id 72516) -> /Users/r.john/git/vc-tx2/data ===
  minute/mid:
      page 1: 10,000 bars  2026-08-06 08:59:00+00:00 -> 2026-08-17 20:03:00+00:00
      page 2: 10,000 bars  2026-07-28 00:10:00+00:00 -> 2026-08-06 08:58:00+00:00
      page 3:  8,201 bars  2026-07-19 22:42:00+00:00 -> 2026-07-28 00:09:00+00:00
      fetched 28,200 | +788 new | store 34,954 bars  2026-07-12 -> 2026-08-17

  minute/bid:
      page 1: 10,000 bars  2026-08-06 08:59:00+00:00 -> 2026-08-17 20:03:00+00:00
      page 2: 10,000 bars  2026-07-28 00:10:00+00:00 -> 2026-08-06 08:58:00+00:00
      page 3:  8,201 bars  2026-07-19 22:42:00+00:00 -> 2026-07-28 00:09:00+00:00
      fetched 28,200 | +788 new | store 34,954 bars  2026-07-12 -> 2026-08-17

  minute/ask:
      page 1: 10,000 bars  2026-08-06 08:59:00+00:00 -> 2026-08-17 20:03:00+00:00
      page 2: 10,000 bars  2026-07-28 00:10:00+00:00 -> 2026-08-06 08:58:00+00:00
      page 3:  8,201 bars  2026-07-19 22:42:00+00:00 -> 2026-07-28 00:09:00+00:00
      fetched 28,200 | +788 new | store 34,954 bars  2026-07-12 -> 2026-08-17

  quarter/mid:
      page 1:  4,256 bars  2026-06-11 17:30:00+00:00 -> 2026-08-17 20:00:00+00:00
      fetched 4,255 | +53 new | store 4,255 bars  2026-06-11 -> 2026-08-17

  quarter/bid:
      page 1:  4,256 bars  2026-06-11 17:30:00+00:00 -> 2026-08-17 20:00:00+00:00
      fetched 4,255 | +53 new | store 4,255 bars  2026-06-11 -> 2026-08-17

  quarter/ask:
      page 1:  4,256 bars  2026-06-11 17:30:00+00:00 -> 2026-08-17 20:00:00+00:00
      fetched 4,255 | +53 new | store 4,255 bars  2026-06-11 -> 2026-08-17

  hour/mid:
      page 1:  1,075 bars  2026-06-11 17:00:00+00:00 -> 2026-08-17 20:00:00+00:00
      fetched 1,074 | +14 new | store 1,074 bars  2026-06-11 -> 2026-08-17

  hour/bid:
      page 1:  1,075 bars  2026-06-11 17:00:00+00:00 -> 2026-08-17 20:00:00+00:00
      fetched 1,074 | +14 new | store 1,074 bars  2026-06-11 -> 2026-08-17

  hour/ask:
      page 1:  1,075 bars  2026-06-11 17:00:00+00:00 -> 2026-08-17 20:00:00+00:00
      fetched 1,074 | +14 new | store 1,074 bars  2026-06-11 -> 2026-08-17

  day/mid:
      page 1:     48 bars  2026-06-11 00:00:00+00:00 -> 2026-08-17 00:00:00+00:00
      fetched 47 | +0 new | store 47 bars  2026-06-11 -> 2026-08-14

  day/bid:
      page 1:     48 bars  2026-06-11 00:00:00+00:00 -> 2026-08-17 00:00:00+00:00
      fetched 47 | +0 new | store 47 bars  2026-06-11 -> 2026-08-14

  day/ask:
      page 1:     48 bars  2026-06-11 00:00:00+00:00 -> 2026-08-17 00:00:00+00:00
      fetched 47 | +0 new | store 47 bars  2026-06-11 -> 2026-08-14


Done. `python3 collect.py status` for a summary.
     instr    feed side  bars       from         to  sessions  vol=0 %        last sync
     uk100  minute  mid 41951 2026-07-03 2026-08-17        39      0.0 2026-08-17T19:59
     uk100  minute  bid 41954 2026-07-03 2026-08-17        39      0.0 2026-08-17T19:59
     uk100  minute  ask 41954 2026-07-03 2026-08-17        39      0.0 2026-08-17T19:59
     uk100 quarter  mid 23672 2025-08-03 2026-08-17       314      0.0 2026-08-17T19:59
     uk100 quarter  bid 23672 2025-08-03 2026-08-17       314      0.0 2026-08-17T19:59
     uk100 quarter  ask 23672 2025-08-03 2026-08-17       314      0.0 2026-08-17T19:59
     uk100    hour  mid 11680 2024-08-04 2026-08-17       616      0.0 2026-08-17T19:59
     uk100    hour  bid 11680 2024-08-04 2026-08-17       616      0.0 2026-08-17T19:59
     uk100    hour  ask 11680 2024-08-04 2026-08-17       616      0.0 2026-08-17T19:59
     uk100     day  mid  3754 2012-03-26 2026-08-14      3754     59.8 2026-08-17T19:59
     uk100     day  bid  3754 2012-03-26 2026-08-14      3754     59.8 2026-08-17T19:59
     uk100     day  ask  3754 2012-03-26 2026-08-14      3754     59.8 2026-08-17T19:59
     ger40  minute  mid 41787 2026-07-05 2026-08-17        38      0.0 2026-08-17T19:59
     ger40  minute  bid 41787 2026-07-05 2026-08-17        38      0.0 2026-08-17T19:59
     ger40  minute  ask 41787 2026-07-05 2026-08-17        38      0.0 2026-08-17T19:59
     ger40 quarter  mid 23705 2025-08-04 2026-08-17       317      0.0 2026-08-17T19:59
     ger40 quarter  bid 23705 2025-08-04 2026-08-17       317      0.0 2026-08-17T19:59
     ger40 quarter  ask 23705 2025-08-04 2026-08-17       317      0.0 2026-08-17T19:59
     ger40    hour  mid 11731 2024-08-04 2026-08-17       624      0.0 2026-08-17T20:00
     ger40    hour  bid 11732 2024-08-04 2026-08-17       624      0.0 2026-08-17T20:00
     ger40    hour  ask 11732 2024-08-04 2026-08-17       624      0.0 2026-08-17T20:00
     ger40     day  mid  3773 2012-01-30 2026-08-14      3773     60.1 2026-08-17T20:00
     ger40     day  bid  3773 2012-01-30 2026-08-14      3773     60.1 2026-08-17T20:00
     ger40     day  ask  3773 2012-01-30 2026-08-14      3773     60.1 2026-08-17T20:00
      us30  minute  mid 42532 2026-07-05 2026-08-17        38      0.0 2026-08-17T20:00
      us30  minute  bid 42532 2026-07-05 2026-08-17        38      0.0 2026-08-17T20:00
      us30  minute  ask 42532 2026-07-05 2026-08-17        38      0.0 2026-08-17T20:00
      us30 quarter  mid 24350 2025-08-04 2026-08-17       325      0.0 2026-08-17T20:00
      us30 quarter  bid 24350 2025-08-04 2026-08-17       325      0.0 2026-08-17T20:00
      us30 quarter  ask 24350 2025-08-04 2026-08-17       325      0.0 2026-08-17T20:00
      us30    hour  mid 12002 2024-08-04 2026-08-17       637      0.0 2026-08-17T20:00
      us30    hour  bid 12002 2024-08-04 2026-08-17       637      0.0 2026-08-17T20:00
      us30    hour  ask 12002 2024-08-04 2026-08-17       637      0.0 2026-08-17T20:00
      us30     day  mid  3846 2012-03-05 2026-08-14      3846     60.8 2026-08-17T20:00
      us30     day  bid  3846 2012-03-05 2026-08-14      3846     60.8 2026-08-17T20:00
      us30     day  ask  3846 2012-03-05 2026-08-14      3846     60.8 2026-08-17T20:00
 ustech100  minute  mid 42533 2026-07-05 2026-08-17        38      0.0 2026-08-17T20:00
 ustech100  minute  bid 42533 2026-07-05 2026-08-17        38      0.0 2026-08-17T20:00
 ustech100  minute  ask 42533 2026-07-05 2026-08-17        38      0.0 2026-08-17T20:00
 ustech100 quarter  mid 24350 2025-08-04 2026-08-17       325      0.0 2026-08-17T20:00
 ustech100 quarter  bid 24350 2025-08-04 2026-08-17       325      0.0 2026-08-17T20:00
 ustech100 quarter  ask 24350 2025-08-04 2026-08-17       325      0.0 2026-08-17T20:00
 ustech100    hour  mid 12003 2024-08-04 2026-08-17       637      0.0 2026-08-17T20:00
 ustech100    hour  bid 12003 2024-08-04 2026-08-17       637      0.0 2026-08-17T20:00
 ustech100    hour  ask 12003 2024-08-04 2026-08-17       637      0.0 2026-08-17T20:00
 ustech100     day  mid  3846 2012-03-05 2026-08-14      3846     60.9 2026-08-17T20:00
 ustech100     day  bid  3846 2012-03-05 2026-08-14      3846     60.9 2026-08-17T20:00
 ustech100     day  ask  3846 2012-03-05 2026-08-14      3846     60.9 2026-08-17T20:00
     us500  minute  mid 42468 2026-07-05 2026-08-17        38      0.0 2026-08-17T20:01
     us500  minute  bid 42469 2026-07-05 2026-08-17        38      0.0 2026-08-17T20:01
     us500  minute  ask 42469 2026-07-05 2026-08-17        38      0.0 2026-08-17T20:01
     us500 quarter  mid 24343 2025-08-04 2026-08-17       325      0.0 2026-08-17T20:01
     us500 quarter  bid 24343 2025-08-04 2026-08-17       325      0.0 2026-08-17T20:01
     us500 quarter  ask 24343 2025-08-04 2026-08-17       325      0.0 2026-08-17T20:01
     us500    hour  mid 12002 2024-08-04 2026-08-17       637      0.0 2026-08-17T20:01
     us500    hour  bid 12002 2024-08-04 2026-08-17       637      0.0 2026-08-17T20:01
     us500    hour  ask 12002 2024-08-04 2026-08-17       637      0.0 2026-08-17T20:01
     us500     day  mid  3839 2012-03-13 2026-08-14      3839     60.8 2026-08-17T20:01
     us500     day  bid  3839 2012-03-13 2026-08-14      3839     60.8 2026-08-17T20:01
     us500     day  ask  3839 2012-03-13 2026-08-14      3839     60.8 2026-08-17T20:01
      gold  minute  mid 42674 2026-07-05 2026-08-17        38      0.0 2026-08-17T20:01
      gold  minute  bid 42674 2026-07-05 2026-08-17        38      0.0 2026-08-17T20:01
      gold  minute  ask 42674 2026-07-05 2026-08-17        38      0.0 2026-08-17T20:01
      gold quarter  mid 24467 2025-08-04 2026-08-17       324      0.0 2026-08-17T20:01
      gold quarter  bid 24467 2025-08-04 2026-08-17       324      0.0 2026-08-17T20:01
      gold quarter  ask 24467 2025-08-04 2026-08-17       324      0.0 2026-08-17T20:01
      gold    hour  mid 12028 2024-08-04 2026-08-17       636      0.0 2026-08-17T20:01
      gold    hour  bid 12028 2024-08-04 2026-08-17       636      0.0 2026-08-17T20:01
      gold    hour  ask 12028 2024-08-04 2026-08-17       636      0.0 2026-08-17T20:01
      gold     day  mid  3844 2011-12-30 2026-08-14      3844     60.9 2026-08-17T20:01
      gold     day  bid  3844 2011-12-30 2026-08-14      3844     60.9 2026-08-17T20:01
      gold     day  ask  3844 2011-12-30 2026-08-14      3844     60.9 2026-08-17T20:01
   goldvar  minute  mid 42674 2026-07-05 2026-08-17        38      0.0 2026-08-17T20:01
   goldvar  minute  bid 42674 2026-07-05 2026-08-17        38      0.0 2026-08-17T20:02
   goldvar  minute  ask 42675 2026-07-05 2026-08-17        38      0.0 2026-08-17T20:02
   goldvar quarter  mid 24467 2025-08-04 2026-08-17       324      0.0 2026-08-17T20:02
   goldvar quarter  bid 24467 2025-08-04 2026-08-17       324      0.0 2026-08-17T20:02
   goldvar quarter  ask 24467 2025-08-04 2026-08-17       324      0.0 2026-08-17T20:02
   goldvar    hour  mid 12028 2024-08-04 2026-08-17       636      0.0 2026-08-17T20:02
   goldvar    hour  bid 12028 2024-08-04 2026-08-17       636      0.0 2026-08-17T20:02
   goldvar    hour  ask 12028 2024-08-04 2026-08-17       636      0.0 2026-08-17T20:02
   goldvar     day  mid  3844 2011-12-30 2026-08-14      3844     60.9 2026-08-17T20:02
   goldvar     day  bid  3844 2011-12-30 2026-08-14      3844     60.9 2026-08-17T20:02
   goldvar     day  ask  3844 2011-12-30 2026-08-14      3844     60.9 2026-08-17T20:02
    eurusd  minute  mid 44218 2026-07-05 2026-08-17        38      0.0 2026-08-17T20:02
    eurusd  minute  bid 44218 2026-07-05 2026-08-17        38      0.0 2026-08-17T20:02
    eurusd  minute  ask 44218 2026-07-05 2026-08-17        38      0.0 2026-08-17T20:02
    eurusd quarter  mid 25690 2025-08-04 2026-08-17       325      0.0 2026-08-17T20:02
    eurusd quarter  bid 25690 2025-08-04 2026-08-17       325      0.0 2026-08-17T20:02
    eurusd quarter  ask 25690 2025-08-04 2026-08-17       325      0.0 2026-08-17T20:02
    eurusd    hour  mid 12609 2024-08-04 2026-08-17       637      0.0 2026-08-17T20:02
    eurusd    hour  bid 12609 2024-08-04 2026-08-17       637      0.0 2026-08-17T20:02
    eurusd    hour  ask 12609 2024-08-04 2026-08-17       637      0.0 2026-08-17T20:02
    eurusd     day  mid  7448 1999-01-04 2026-08-16      7448     79.3 2026-08-17T20:02
    eurusd     day  bid  7448 1999-01-04 2026-08-16      7448     79.3 2026-08-17T20:02
    eurusd     day  ask  7448 1999-01-04 2026-08-16      7448     79.3 2026-08-17T20:02
  uk100fut  minute  mid 34953 2026-07-12 2026-08-17        32      0.0 2026-08-17T20:02
  uk100fut  minute  bid 34953 2026-07-12 2026-08-17        32      0.0 2026-08-17T20:02
  uk100fut  minute  ask 34953 2026-07-12 2026-08-17        32      0.0 2026-08-17T20:03
  uk100fut quarter  mid 23220 2025-08-10 2026-08-17       309      0.0 2026-08-17T20:03
  uk100fut quarter  bid 23220 2025-08-10 2026-08-17       309      0.0 2026-08-17T20:03
  uk100fut quarter  ask 23220 2025-08-10 2026-08-17       309      0.0 2026-08-17T20:03
  uk100fut    hour  mid 11556 2024-08-11 2026-08-17       608      0.0 2026-08-17T20:03
  uk100fut    hour  bid 11556 2024-08-11 2026-08-17       608      0.0 2026-08-17T20:03
  uk100fut    hour  ask 11556 2024-08-11 2026-08-17       608      0.0 2026-08-17T20:03
  uk100fut     day  mid  1291 2021-07-05 2026-08-14      1291     49.4 2026-08-17T20:03
  uk100fut     day  bid  1291 2021-07-05 2026-08-14      1291     49.4 2026-08-17T20:03
  uk100fut     day  ask  1291 2021-07-05 2026-08-14      1291     49.4 2026-08-17T20:03
uk100sep26  minute  mid 34954 2026-07-12 2026-08-17        32      0.0 2026-08-17T20:03
uk100sep26  minute  bid 34954 2026-07-12 2026-08-17        32      0.0 2026-08-17T20:03
uk100sep26  minute  ask 34954 2026-07-12 2026-08-17        32      0.0 2026-08-17T20:03
uk100sep26 quarter  mid  4255 2026-06-11 2026-08-17        58      0.0 2026-08-17T20:03
uk100sep26 quarter  bid  4255 2026-06-11 2026-08-17        58      0.0 2026-08-17T20:03
uk100sep26 quarter  ask  4255 2026-06-11 2026-08-17        58      0.0 2026-08-17T20:03
uk100sep26    hour  mid  1074 2026-06-11 2026-08-17        58      0.0 2026-08-17T20:03
uk100sep26    hour  bid  1074 2026-06-11 2026-08-17        58      0.0 2026-08-17T20:03
uk100sep26    hour  ask  1074 2026-06-11 2026-08-17        58      0.0 2026-08-17T20:03
uk100sep26     day  mid    47 2026-06-11 2026-08-14        47      0.0 2026-08-17T20:03
uk100sep26     day  bid    47 2026-06-11 2026-08-14        47      0.0 2026-08-17T20:03
uk100sep26     day  ask    47 2026-06-11 2026-08-14        47      0.0 2026-08-17T20:03

spread (minute, n=41,954): median 1.00 pts | p90 5.00 | core 07:00-15:59 UTC median 0.80 pts (n=16,740)

spread (quarter, n=23,672): median 1.00 pts | p90 5.00 | core 07:00-15:59 UTC median 0.80 pts (n=9,443)

spread (hour, n=11,680): median 1.00 pts | p90 5.00 | core 07:00-15:59 UTC median 0.80 pts (n=4,623)

spread (day, n=3,754): median 0.00 pts | p90 5.00 | core 07:00-15:59 UTC median nan pts (n=0)
uk100/minute/mid: 41,951 bars | OK | zero-volume 0.0% | 149 gaps > one bar (weekends/closures expected)
uk100/minute/bid: 41,954 bars | OK | zero-volume 0.0% | 149 gaps > one bar (weekends/closures expected)
uk100/minute/ask: 41,954 bars | OK | zero-volume 0.0% | 149 gaps > one bar (weekends/closures expected)
uk100/quarter/mid: 23,672 bars | OK | zero-volume 0.0% | 451 gaps > one bar (weekends/closures expected)
uk100/quarter/bid: 23,672 bars | OK | zero-volume 0.0% | 451 gaps > one bar (weekends/closures expected)
uk100/quarter/ask: 23,672 bars | OK | zero-volume 0.0% | 451 gaps > one bar (weekends/closures expected)
uk100/hour/mid: 11,680 bars | OK | zero-volume 0.0% | 514 gaps > one bar (weekends/closures expected)
uk100/hour/bid: 11,680 bars | OK | zero-volume 0.0% | 514 gaps > one bar (weekends/closures expected)
uk100/hour/ask: 11,680 bars | OK | zero-volume 0.0% | 514 gaps > one bar (weekends/closures expected)
uk100/day/mid: 3,754 bars | OK | zero-volume 59.83% | 747 gaps > one bar (weekends/closures expected)
uk100/day/bid: 3,754 bars | known {'open_outside_hl': 2} | zero-volume 59.83% | 747 gaps > one bar (weekends/closures expected)
uk100/day/ask: 3,754 bars | known {'close_outside_hl': 2} | zero-volume 59.83% | 747 gaps > one bar (weekends/closures expected)
ger40/minute/mid: 41,787 bars | OK | zero-volume 0.0% | 184 gaps > one bar (weekends/closures expected)
ger40/minute/bid: 41,787 bars | OK | zero-volume 0.0% | 184 gaps > one bar (weekends/closures expected)
ger40/minute/ask: 41,787 bars | OK | zero-volume 0.0% | 184 gaps > one bar (weekends/closures expected)
ger40/quarter/mid: 23,705 bars | OK | zero-volume 0.0% | 454 gaps > one bar (weekends/closures expected)
ger40/quarter/bid: 23,705 bars | OK | zero-volume 0.0% | 454 gaps > one bar (weekends/closures expected)
ger40/quarter/ask: 23,705 bars | OK | zero-volume 0.0% | 454 gaps > one bar (weekends/closures expected)
ger40/hour/mid: 11,731 bars | OK | zero-volume 0.0% | 515 gaps > one bar (weekends/closures expected)
ger40/hour/bid: 11,732 bars | OK | zero-volume 0.0% | 515 gaps > one bar (weekends/closures expected)
ger40/hour/ask: 11,732 bars | OK | zero-volume 0.0% | 515 gaps > one bar (weekends/closures expected)
ger40/day/mid: 3,773 bars | OK | zero-volume 60.14% | 766 gaps > one bar (weekends/closures expected)
ger40/day/bid: 3,773 bars | OK | zero-volume 60.14% | 766 gaps > one bar (weekends/closures expected)
ger40/day/ask: 3,773 bars | OK | zero-volume 60.14% | 766 gaps > one bar (weekends/closures expected)
us30/minute/mid: 42,532 bars | OK | zero-volume 0.0% | 31 gaps > one bar (weekends/closures expected)
us30/minute/bid: 42,532 bars | OK | zero-volume 0.0% | 31 gaps > one bar (weekends/closures expected)
us30/minute/ask: 42,532 bars | OK | zero-volume 0.0% | 31 gaps > one bar (weekends/closures expected)
us30/quarter/mid: 24,350 bars | OK | zero-volume 0.0% | 270 gaps > one bar (weekends/closures expected)
us30/quarter/bid: 24,350 bars | OK | zero-volume 0.0% | 270 gaps > one bar (weekends/closures expected)
us30/quarter/ask: 24,350 bars | OK | zero-volume 0.0% | 270 gaps > one bar (weekends/closures expected)
us30/hour/mid: 12,002 bars | OK | zero-volume 0.0% | 526 gaps > one bar (weekends/closures expected)
us30/hour/bid: 12,002 bars | OK | zero-volume 0.0% | 526 gaps > one bar (weekends/closures expected)
us30/hour/ask: 12,002 bars | OK | zero-volume 0.0% | 526 gaps > one bar (weekends/closures expected)
us30/day/mid: 3,846 bars | OK | zero-volume 60.84% | 759 gaps > one bar (weekends/closures expected)
us30/day/bid: 3,846 bars | OK | zero-volume 60.84% | 759 gaps > one bar (weekends/closures expected)
us30/day/ask: 3,846 bars | OK | zero-volume 60.84% | 759 gaps > one bar (weekends/closures expected)
ustech100/minute/mid: 42,533 bars | OK | zero-volume 0.0% | 30 gaps > one bar (weekends/closures expected)
ustech100/minute/bid: 42,533 bars | OK | zero-volume 0.0% | 30 gaps > one bar (weekends/closures expected)
ustech100/minute/ask: 42,533 bars | OK | zero-volume 0.0% | 30 gaps > one bar (weekends/closures expected)
ustech100/quarter/mid: 24,350 bars | OK | zero-volume 0.0% | 271 gaps > one bar (weekends/closures expected)
ustech100/quarter/bid: 24,350 bars | OK | zero-volume 0.0% | 271 gaps > one bar (weekends/closures expected)
ustech100/quarter/ask: 24,350 bars | OK | zero-volume 0.0% | 271 gaps > one bar (weekends/closures expected)
ustech100/hour/mid: 12,003 bars | OK | zero-volume 0.0% | 526 gaps > one bar (weekends/closures expected)
ustech100/hour/bid: 12,003 bars | OK | zero-volume 0.0% | 526 gaps > one bar (weekends/closures expected)
ustech100/hour/ask: 12,003 bars | OK | zero-volume 0.0% | 526 gaps > one bar (weekends/closures expected)
ustech100/day/mid: 3,846 bars | OK | zero-volume 60.87% | 759 gaps > one bar (weekends/closures expected)
ustech100/day/bid: 3,846 bars | OK | zero-volume 60.87% | 759 gaps > one bar (weekends/closures expected)
ustech100/day/ask: 3,846 bars | OK | zero-volume 60.87% | 759 gaps > one bar (weekends/closures expected)
us500/minute/mid: 42,468 bars | OK | zero-volume 0.0% | 84 gaps > one bar (weekends/closures expected)
us500/minute/bid: 42,469 bars | OK | zero-volume 0.0% | 84 gaps > one bar (weekends/closures expected)
us500/minute/ask: 42,469 bars | OK | zero-volume 0.0% | 84 gaps > one bar (weekends/closures expected)
us500/quarter/mid: 24,343 bars | OK | zero-volume 0.0% | 270 gaps > one bar (weekends/closures expected)
us500/quarter/bid: 24,343 bars | OK | zero-volume 0.0% | 270 gaps > one bar (weekends/closures expected)
us500/quarter/ask: 24,343 bars | OK | zero-volume 0.0% | 270 gaps > one bar (weekends/closures expected)
us500/hour/mid: 12,002 bars | OK | zero-volume 0.0% | 526 gaps > one bar (weekends/closures expected)
us500/hour/bid: 12,002 bars | OK | zero-volume 0.0% | 526 gaps > one bar (weekends/closures expected)
us500/hour/ask: 12,002 bars | OK | zero-volume 0.0% | 526 gaps > one bar (weekends/closures expected)
us500/day/mid: 3,839 bars | OK | zero-volume 60.8% | 759 gaps > one bar (weekends/closures expected)
us500/day/bid: 3,839 bars | OK | zero-volume 60.8% | 759 gaps > one bar (weekends/closures expected)
us500/day/ask: 3,839 bars | OK | zero-volume 60.8% | 759 gaps > one bar (weekends/closures expected)
gold/minute/mid: 42,674 bars | OK | zero-volume 0.0% | 30 gaps > one bar (weekends/closures expected)
gold/minute/bid: 42,674 bars | OK | zero-volume 0.0% | 30 gaps > one bar (weekends/closures expected)
gold/minute/ask: 42,674 bars | OK | zero-volume 0.0% | 30 gaps > one bar (weekends/closures expected)
gold/quarter/mid: 24,467 bars | OK | zero-volume 0.0% | 269 gaps > one bar (weekends/closures expected)
gold/quarter/bid: 24,467 bars | OK | zero-volume 0.0% | 269 gaps > one bar (weekends/closures expected)
gold/quarter/ask: 24,467 bars | OK | zero-volume 0.0% | 269 gaps > one bar (weekends/closures expected)
gold/hour/mid: 12,028 bars | OK | zero-volume 0.0% | 524 gaps > one bar (weekends/closures expected)
gold/hour/bid: 12,028 bars | OK | zero-volume 0.0% | 524 gaps > one bar (weekends/closures expected)
gold/hour/ask: 12,028 bars | OK | zero-volume 0.0% | 524 gaps > one bar (weekends/closures expected)
gold/day/mid: 3,844 bars | OK | zero-volume 60.87% | 766 gaps > one bar (weekends/closures expected)
gold/day/bid: 3,844 bars | OK | zero-volume 60.87% | 766 gaps > one bar (weekends/closures expected)
gold/day/ask: 3,844 bars | OK | zero-volume 60.87% | 766 gaps > one bar (weekends/closures expected)
goldvar/minute/mid: 42,674 bars | OK | zero-volume 0.0% | 30 gaps > one bar (weekends/closures expected)
goldvar/minute/bid: 42,674 bars | OK | zero-volume 0.0% | 30 gaps > one bar (weekends/closures expected)
goldvar/minute/ask: 42,675 bars | OK | zero-volume 0.0% | 30 gaps > one bar (weekends/closures expected)
goldvar/quarter/mid: 24,467 bars | OK | zero-volume 0.0% | 269 gaps > one bar (weekends/closures expected)
goldvar/quarter/bid: 24,467 bars | OK | zero-volume 0.0% | 269 gaps > one bar (weekends/closures expected)
goldvar/quarter/ask: 24,467 bars | OK | zero-volume 0.0% | 269 gaps > one bar (weekends/closures expected)
goldvar/hour/mid: 12,028 bars | OK | zero-volume 0.0% | 524 gaps > one bar (weekends/closures expected)
goldvar/hour/bid: 12,028 bars | OK | zero-volume 0.0% | 524 gaps > one bar (weekends/closures expected)
goldvar/hour/ask: 12,028 bars | OK | zero-volume 0.0% | 524 gaps > one bar (weekends/closures expected)
goldvar/day/mid: 3,844 bars | OK | zero-volume 60.87% | 766 gaps > one bar (weekends/closures expected)
goldvar/day/bid: 3,844 bars | OK | zero-volume 60.87% | 766 gaps > one bar (weekends/closures expected)
goldvar/day/ask: 3,844 bars | OK | zero-volume 60.87% | 766 gaps > one bar (weekends/closures expected)
eurusd/minute/mid: 44,218 bars | OK | zero-volume 0.0% | 203 gaps > one bar (weekends/closures expected)
eurusd/minute/bid: 44,218 bars | OK | zero-volume 0.0% | 203 gaps > one bar (weekends/closures expected)
eurusd/minute/ask: 44,218 bars | OK | zero-volume 0.0% | 203 gaps > one bar (weekends/closures expected)
eurusd/quarter/mid: 25,690 bars | OK | zero-volume 0.0% | 58 gaps > one bar (weekends/closures expected)
eurusd/quarter/bid: 25,690 bars | OK | zero-volume 0.0% | 58 gaps > one bar (weekends/closures expected)
eurusd/quarter/ask: 25,690 bars | OK | zero-volume 0.0% | 58 gaps > one bar (weekends/closures expected)
eurusd/hour/mid: 12,609 bars | OK | zero-volume 0.0% | 111 gaps > one bar (weekends/closures expected)
eurusd/hour/bid: 12,609 bars | OK | zero-volume 0.0% | 111 gaps > one bar (weekends/closures expected)
eurusd/hour/ask: 12,609 bars | OK | zero-volume 0.0% | 111 gaps > one bar (weekends/closures expected)
eurusd/day/mid: 7,448 bars | OK | zero-volume 79.32% | 1,442 gaps > one bar (weekends/closures expected)
eurusd/day/bid: 7,448 bars | OK | zero-volume 79.32% | 1,442 gaps > one bar (weekends/closures expected)
eurusd/day/ask: 7,448 bars | OK | zero-volume 79.32% | 1,442 gaps > one bar (weekends/closures expected)
uk100fut/minute/mid: 34,953 bars | OK | zero-volume 0.0% | 131 gaps > one bar (weekends/closures expected)
uk100fut/minute/bid: 34,953 bars | OK | zero-volume 0.0% | 131 gaps > one bar (weekends/closures expected)
uk100fut/minute/ask: 34,953 bars | OK | zero-volume 0.0% | 131 gaps > one bar (weekends/closures expected)
uk100fut/quarter/mid: 23,220 bars | OK | zero-volume 0.0% | 443 gaps > one bar (weekends/closures expected)
uk100fut/quarter/bid: 23,220 bars | OK | zero-volume 0.0% | 443 gaps > one bar (weekends/closures expected)
uk100fut/quarter/ask: 23,220 bars | OK | zero-volume 0.0% | 443 gaps > one bar (weekends/closures expected)
uk100fut/hour/mid: 11,556 bars | OK | zero-volume 0.0% | 510 gaps > one bar (weekends/closures expected)
uk100fut/hour/bid: 11,556 bars | OK | zero-volume 0.0% | 510 gaps > one bar (weekends/closures expected)
uk100fut/hour/ask: 11,556 bars | OK | zero-volume 0.0% | 510 gaps > one bar (weekends/closures expected)
uk100fut/day/mid: 1,291 bars | OK | zero-volume 49.42% | 270 gaps > one bar (weekends/closures expected)
uk100fut/day/bid: 1,291 bars | known {'open_outside_hl': 1} | zero-volume 49.42% | 270 gaps > one bar (weekends/closures expected)
uk100fut/day/ask: 1,291 bars | known {'close_outside_hl': 1} | zero-volume 49.42% | 270 gaps > one bar (weekends/closures expected)
uk100sep26/minute/mid: 34,954 bars | OK | zero-volume 0.0% | 131 gaps > one bar (weekends/closures expected)
uk100sep26/minute/bid: 34,954 bars | OK | zero-volume 0.0% | 131 gaps > one bar (weekends/closures expected)
uk100sep26/minute/ask: 34,954 bars | OK | zero-volume 0.0% | 131 gaps > one bar (weekends/closures expected)
uk100sep26/quarter/mid: 4,255 bars | OK | zero-volume 0.0% | 84 gaps > one bar (weekends/closures expected)
uk100sep26/quarter/bid: 4,255 bars | OK | zero-volume 0.0% | 84 gaps > one bar (weekends/closures expected)
uk100sep26/quarter/ask: 4,255 bars | OK | zero-volume 0.0% | 84 gaps > one bar (weekends/closures expected)
uk100sep26/hour/mid: 1,074 bars | OK | zero-volume 0.0% | 47 gaps > one bar (weekends/closures expected)
uk100sep26/hour/bid: 1,074 bars | OK | zero-volume 0.0% | 47 gaps > one bar (weekends/closures expected)
uk100sep26/hour/ask: 1,074 bars | OK | zero-volume 0.0% | 47 gaps > one bar (weekends/closures expected)
uk100sep26/day/mid: 47 bars | OK | zero-volume 0.0% | 9 gaps > one bar (weekends/closures expected)
uk100sep26/day/bid: 47 bars | OK | zero-volume 0.0% | 9 gaps > one bar (weekends/closures expected)
uk100sep26/day/ask: 47 bars | OK | zero-volume 0.0% | 9 gaps > one bar (weekends/closures expected)

All structural checks passed (known baseline accepted).

=== uk100  (cash 8.0-16.5 London) ===
    1min:  41,951 bars (15,810 cash) 2026-07-03 -> 2026-08-17   spread 0.8
   15min:  23,672 bars ( 8,913 cash) 2025-08-03 -> 2026-08-17   spread 0.8
      1h:  11,680 bars ( 4,619 cash) 2024-08-04 -> 2026-08-17   spread 0.8
      4h:   3,182 bars ( 1,541 cash) 2024-08-04 -> 2026-08-17   spread 0.8
      1d:   3,754 bars ( 3,754 cash) 2012-03-26 -> 2026-08-14   spread 0.0

=== ger40  (cash 8.0-16.5 London) ===
    1min:  41,787 bars (15,810 cash) 2026-07-05 -> 2026-08-17   spread 1.0
   15min:  23,705 bars ( 8,907 cash) 2025-08-04 -> 2026-08-17   spread 1.0
      1h:  11,731 bars ( 4,635 cash) 2024-08-04 -> 2026-08-17   spread 1.0
      4h:   3,197 bars ( 1,545 cash) 2024-08-04 -> 2026-08-17   spread 1.0
      1d:   3,773 bars ( 3,773 cash) 2012-01-30 -> 2026-08-14   spread 0.0

=== us500  (cash 9.5-16.0 London) ===
    1min:  42,468 bars (12,085 cash) 2026-07-05 -> 2026-08-17   spread 0.4
   15min:  24,343 bars ( 6,839 cash) 2025-08-04 -> 2026-08-17   spread 0.4
      1h:  12,002 bars ( 3,092 cash) 2024-08-04 -> 2026-08-17   spread 0.4
      4h:   3,139 bars (   550 cash) 2024-08-04 -> 2026-08-17   spread 0.425
      1d:   3,839 bars ( 3,839 cash) 2012-03-13 -> 2026-08-14   spread 0.0

=== us30  (cash 9.5-16.0 London) ===
    1min:  42,532 bars (12,090 cash) 2026-07-05 -> 2026-08-17   spread 1.9
   15min:  24,350 bars ( 6,845 cash) 2025-08-04 -> 2026-08-17   spread 1.9
      1h:  12,002 bars ( 3,092 cash) 2024-08-04 -> 2026-08-17   spread 1.9
      4h:   3,139 bars (   550 cash) 2024-08-04 -> 2026-08-17   spread 2.2667
      1d:   3,846 bars ( 3,846 cash) 2012-03-05 -> 2026-08-14   spread 0.0

=== ustech100  (cash 9.5-16.0 London) ===
    1min:  42,533 bars (12,090 cash) 2026-07-05 -> 2026-08-17   spread 0.9
   15min:  24,350 bars ( 6,845 cash) 2025-08-04 -> 2026-08-17   spread 0.9
      1h:  12,003 bars ( 3,092 cash) 2024-08-04 -> 2026-08-17   spread 0.9
      4h:   3,139 bars (   550 cash) 2024-08-04 -> 2026-08-17   spread 1.125
      1d:   3,846 bars ( 3,846 cash) 2012-03-05 -> 2026-08-14   spread 0.0

=== gold  (cash 8.0-16.0 London) ===
    1min:  42,674 bars (14,880 cash) 2026-07-05 -> 2026-08-17   spread 0.4
   15min:  24,467 bars ( 8,485 cash) 2025-08-04 -> 2026-08-17   spread 0.4
      1h:  12,028 bars ( 4,172 cash) 2024-08-04 -> 2026-08-17   spread 0.3
      4h:   3,254 bars ( 1,032 cash) 2024-08-04 -> 2026-08-17   spread 0.45
      1d:   3,844 bars ( 3,844 cash) 2011-12-30 -> 2026-08-14   spread 0.0

=== goldvar  (cash 8.0-16.0 London) ===
    1min:  42,674 bars (14,880 cash) 2026-07-05 -> 2026-08-17   spread 0.4
   15min:  24,467 bars ( 8,485 cash) 2025-08-04 -> 2026-08-17   spread 0.4
      1h:  12,028 bars ( 4,172 cash) 2024-08-04 -> 2026-08-17   spread 0.3
      4h:   3,254 bars ( 1,032 cash) 2024-08-04 -> 2026-08-17   spread 0.4
      1d:   3,844 bars ( 3,844 cash) 2011-12-30 -> 2026-08-14   spread 0.0

=== eurusd  (cash 8.0-21.0 London) ===
    1min:  44,218 bars (24,180 cash) 2026-07-05 -> 2026-08-17   spread 0.0001
   15min:  25,690 bars (13,910 cash) 2025-08-04 -> 2026-08-17   spread 0.0001
      1h:  12,609 bars ( 6,828 cash) 2024-08-04 -> 2026-08-17   spread 0.0
      4h:   3,263 bars ( 2,100 cash) 2024-08-04 -> 2026-08-17   spread 0.0
      1d:   7,448 bars ( 7,448 cash) 1999-01-04 -> 2026-08-16   spread 0.0

=== uk100fut  (cash 8.0-16.5 London) ===
    1min:  34,954 bars (13,260 cash) 2026-07-12 -> 2026-08-17   spread 1.3
   15min:  23,220 bars ( 8,743 cash) 2025-08-10 -> 2026-08-17   spread 1.3
      1h:  11,556 bars ( 4,574 cash) 2024-08-11 -> 2026-08-17   spread 1.3
      4h:   3,149 bars ( 1,526 cash) 2024-08-11 -> 2026-08-17   spread 1.3
      1d:   1,291 bars ( 1,291 cash) 2021-07-05 -> 2026-08-14   spread 5.0

=== uk100sep26  (cash 8.0-16.5 London) ===
    1min:  34,954 bars (13,260 cash) 2026-07-12 -> 2026-08-17   spread 4.0
   15min:   4,255 bars ( 1,598 cash) 2026-06-11 -> 2026-08-17   spread 4.0
      1h:   1,074 bars (   423 cash) 2026-06-11 -> 2026-08-17   spread 4.0
      4h:     294 bars (   141 cash) 2026-06-11 -> 2026-08-17   spread 4.0
      1d:      47 bars (    47 cash) 2026-06-11 -> 2026-08-14   spread 6.0

Wrote /Users/r.john/git/vc-tx2/clean_finsa/
uk100      14/14 passed
ger40      14/14 passed
us500      14/14 passed
us30       14/14 passed
ustech100  14/14 passed
gold       14/14 passed
goldvar    14/14 passed
eurusd     14/14 passed
uk100fut   14/14 passed
uk100sep26 14/14 passed

140/140 checks passed overall.
=== done 2026-08-17T20:03:44Z sync=0 validate=0 build=0 verify=0 ===
