=== sync start 2026-08-19T11:31:34Z ===

=== uk100 (id 16645) -> /Users/r.john/git/vc-tx2/data ===
  minute/mid:
      page 1: 10,000 bars  2026-08-10 01:32:00+00:00 -> 2026-08-19 11:31:00+00:00
      page 2: 10,000 bars  2026-07-29 14:41:00+00:00 -> 2026-08-10 01:31:00+00:00
      page 3: 10,000 bars  2026-07-20 05:53:00+00:00 -> 2026-07-29 14:40:00+00:00
      page 4:    465 bars  2026-07-19 22:08:00+00:00 -> 2026-07-20 05:52:00+00:00
      fetched 30,464 | +841 new | store 44,161 bars  2026-07-03 -> 2026-08-19

  minute/bid:
      page 1: 10,000 bars  2026-08-10 01:32:00+00:00 -> 2026-08-19 11:31:00+00:00
      page 2: 10,000 bars  2026-07-29 14:41:00+00:00 -> 2026-08-10 01:31:00+00:00
      page 3: 10,000 bars  2026-07-20 05:53:00+00:00 -> 2026-07-29 14:40:00+00:00
      page 4:    465 bars  2026-07-19 22:08:00+00:00 -> 2026-07-20 05:52:00+00:00
      fetched 30,464 | +0 new | store 44,161 bars  2026-07-03 -> 2026-08-19

  minute/ask:
      page 1: 10,000 bars  2026-08-10 01:32:00+00:00 -> 2026-08-19 11:31:00+00:00
      page 2: 10,000 bars  2026-07-29 14:41:00+00:00 -> 2026-08-10 01:31:00+00:00
      page 3: 10,000 bars  2026-07-20 05:53:00+00:00 -> 2026-07-29 14:40:00+00:00
      page 4:    465 bars  2026-07-19 22:08:00+00:00 -> 2026-07-20 05:52:00+00:00
      fetched 30,464 | +0 new | store 44,161 bars  2026-07-03 -> 2026-08-19

  quarter/mid:
      page 1: 10,000 bars  2026-03-11 19:30:00+00:00 -> 2026-08-19 11:30:00+00:00
      page 2: 10,000 bars  2025-10-02 06:45:00+00:00 -> 2026-03-11 19:15:00+00:00
      page 3:  2,772 bars  2025-08-19 11:45:00+00:00 -> 2025-10-02 06:30:00+00:00
      fetched 22,771 | +57 new | store 23,821 bars  2025-08-03 -> 2026-08-19

  quarter/bid:
      page 1: 10,000 bars  2026-03-11 19:30:00+00:00 -> 2026-08-19 11:30:00+00:00
      page 2: 10,000 bars  2025-10-02 06:45:00+00:00 -> 2026-03-11 19:15:00+00:00
      page 3:  2,772 bars  2025-08-19 11:45:00+00:00 -> 2025-10-02 06:30:00+00:00
      fetched 22,771 | +57 new | store 23,821 bars  2025-08-03 -> 2026-08-19

  quarter/ask:
      page 1: 10,000 bars  2026-03-11 19:30:00+00:00 -> 2026-08-19 11:30:00+00:00
      page 2: 10,000 bars  2025-10-02 06:45:00+00:00 -> 2026-03-11 19:15:00+00:00
      page 3:  2,772 bars  2025-08-19 11:45:00+00:00 -> 2025-10-02 06:30:00+00:00
      fetched 22,771 | +57 new | store 23,821 bars  2025-08-03 -> 2026-08-19

  hour/mid:
      page 1: 10,000 bars  2024-11-19 10:00:00+00:00 -> 2026-08-19 11:00:00+00:00
      page 2:  1,477 bars  2024-08-19 12:00:00+00:00 -> 2024-11-19 09:00:00+00:00
      fetched 11,476 | +14 new | store 11,718 bars  2024-08-04 -> 2026-08-19

  hour/bid:
      page 1: 10,000 bars  2024-11-19 10:00:00+00:00 -> 2026-08-19 11:00:00+00:00
      page 2:  1,477 bars  2024-08-19 12:00:00+00:00 -> 2024-11-19 09:00:00+00:00
      fetched 11,476 | +14 new | store 11,718 bars  2024-08-04 -> 2026-08-19

  hour/ask:
      page 1: 10,000 bars  2024-11-19 10:00:00+00:00 -> 2026-08-19 11:00:00+00:00
      page 2:  1,477 bars  2024-08-19 12:00:00+00:00 -> 2024-11-19 09:00:00+00:00
      fetched 11,476 | +14 new | store 11,718 bars  2024-08-04 -> 2026-08-19

  day/mid:
      page 1:  3,757 bars  2012-03-26 00:00:00+00:00 -> 2026-08-19 00:00:00+00:00
      fetched 3,756 | +1 new | store 3,756 bars  2012-03-26 -> 2026-08-18

  day/bid:
      page 1:  3,757 bars  2012-03-26 00:00:00+00:00 -> 2026-08-19 00:00:00+00:00
      fetched 3,756 | +1 new | store 3,756 bars  2012-03-26 -> 2026-08-18  !! {'open_outside_hl': 2}

  day/ask:
      page 1:  3,757 bars  2012-03-26 00:00:00+00:00 -> 2026-08-19 00:00:00+00:00
      fetched 3,756 | +1 new | store 3,756 bars  2012-03-26 -> 2026-08-18  !! {'close_outside_hl': 2}


=== ger40 (id 17068) -> /Users/r.john/git/vc-tx2/data ===
  minute/mid:
      page 1: 10,000 bars  2026-08-10 01:54:00+00:00 -> 2026-08-19 11:32:00+00:00
      page 2: 10,000 bars  2026-07-29 15:01:00+00:00 -> 2026-08-10 01:53:00+00:00
      page 3: 10,000 bars  2026-07-20 06:19:00+00:00 -> 2026-07-29 15:00:00+00:00
      page 4:    494 bars  2026-07-19 22:03:00+00:00 -> 2026-07-20 06:18:00+00:00
      fetched 30,493 | +845 new | store 44,003 bars  2026-07-05 -> 2026-08-19

  minute/bid:
      page 1: 10,000 bars  2026-08-10 01:54:00+00:00 -> 2026-08-19 11:32:00+00:00
      page 2: 10,000 bars  2026-07-29 15:01:00+00:00 -> 2026-08-10 01:53:00+00:00
      page 3: 10,000 bars  2026-07-20 06:19:00+00:00 -> 2026-07-29 15:00:00+00:00
      page 4:    494 bars  2026-07-19 22:03:00+00:00 -> 2026-07-20 06:18:00+00:00
      fetched 30,493 | +845 new | store 44,003 bars  2026-07-05 -> 2026-08-19

  minute/ask:
      page 1: 10,000 bars  2026-08-10 01:54:00+00:00 -> 2026-08-19 11:32:00+00:00
      page 2: 10,000 bars  2026-07-29 15:01:00+00:00 -> 2026-08-10 01:53:00+00:00
      page 3: 10,000 bars  2026-07-20 06:19:00+00:00 -> 2026-07-29 15:00:00+00:00
      page 4:    494 bars  2026-07-19 22:03:00+00:00 -> 2026-07-20 06:18:00+00:00
      fetched 30,493 | +845 new | store 44,003 bars  2026-07-05 -> 2026-08-19

  quarter/mid:
      page 1: 10,000 bars  2026-03-13 01:45:00+00:00 -> 2026-08-19 11:30:00+00:00
      page 2: 10,000 bars  2025-10-02 09:45:00+00:00 -> 2026-03-13 01:30:00+00:00
      page 3:  2,883 bars  2025-08-19 11:45:00+00:00 -> 2025-10-02 09:30:00+00:00
      fetched 22,882 | +57 new | store 23,854 bars  2025-08-04 -> 2026-08-19

  quarter/bid:
      page 1: 10,000 bars  2026-03-13 01:45:00+00:00 -> 2026-08-19 11:30:00+00:00
      page 2: 10,000 bars  2025-10-02 09:45:00+00:00 -> 2026-03-13 01:30:00+00:00
      page 3:  2,883 bars  2025-08-19 11:45:00+00:00 -> 2025-10-02 09:30:00+00:00
      fetched 22,882 | +57 new | store 23,854 bars  2025-08-04 -> 2026-08-19

  quarter/ask:
      page 1: 10,000 bars  2026-03-13 01:45:00+00:00 -> 2026-08-19 11:30:00+00:00
      page 2: 10,000 bars  2025-10-02 09:45:00+00:00 -> 2026-03-13 01:30:00+00:00
      page 3:  2,883 bars  2025-08-19 11:45:00+00:00 -> 2025-10-02 09:30:00+00:00
      fetched 22,882 | +57 new | store 23,854 bars  2025-08-04 -> 2026-08-19

  hour/mid:
      page 1: 10,000 bars  2024-11-20 13:00:00+00:00 -> 2026-08-19 11:00:00+00:00
      page 2:  1,528 bars  2024-08-19 12:00:00+00:00 -> 2024-11-20 12:00:00+00:00
      fetched 11,527 | +14 new | store 11,769 bars  2024-08-04 -> 2026-08-19

  hour/bid:
      page 1: 10,000 bars  2024-11-20 13:00:00+00:00 -> 2026-08-19 11:00:00+00:00
      page 2:  1,528 bars  2024-08-19 12:00:00+00:00 -> 2024-11-20 12:00:00+00:00
      fetched 11,527 | +14 new | store 11,769 bars  2024-08-04 -> 2026-08-19

  hour/ask:
      page 1: 10,000 bars  2024-11-20 13:00:00+00:00 -> 2026-08-19 11:00:00+00:00
      page 2:  1,528 bars  2024-08-19 12:00:00+00:00 -> 2024-11-20 12:00:00+00:00
      fetched 11,527 | +14 new | store 11,769 bars  2024-08-04 -> 2026-08-19

  day/mid:
      page 1:  3,776 bars  2012-01-30 00:00:00+00:00 -> 2026-08-19 00:00:00+00:00
      fetched 3,775 | +1 new | store 3,775 bars  2012-01-30 -> 2026-08-18

  day/bid:
      page 1:  3,776 bars  2012-01-30 00:00:00+00:00 -> 2026-08-19 00:00:00+00:00
      fetched 3,775 | +1 new | store 3,775 bars  2012-01-30 -> 2026-08-18

  day/ask:
      page 1:  3,776 bars  2012-01-30 00:00:00+00:00 -> 2026-08-19 00:00:00+00:00
      fetched 3,775 | +1 new | store 3,775 bars  2012-01-30 -> 2026-08-18


=== us30 (id 17322) -> /Users/r.john/git/vc-tx2/data ===
  minute/mid:
      page 1: 10,000 bars  2026-08-10 05:21:00+00:00 -> 2026-08-19 11:32:00+00:00
      page 2: 10,000 bars  2026-07-29 22:39:00+00:00 -> 2026-08-10 05:20:00+00:00
      page 3: 10,000 bars  2026-07-20 15:28:00+00:00 -> 2026-07-29 22:38:00+00:00
      page 4:  1,047 bars  2026-07-19 22:01:00+00:00 -> 2026-07-20 15:27:00+00:00
      fetched 31,046 | +863 new | store 44,784 bars  2026-07-05 -> 2026-08-19

  minute/bid:
      page 1: 10,000 bars  2026-08-10 05:21:00+00:00 -> 2026-08-19 11:32:00+00:00
      page 2: 10,000 bars  2026-07-29 22:39:00+00:00 -> 2026-08-10 05:20:00+00:00
      page 3: 10,000 bars  2026-07-20 15:28:00+00:00 -> 2026-07-29 22:38:00+00:00
      page 4:  1,047 bars  2026-07-19 22:01:00+00:00 -> 2026-07-20 15:27:00+00:00
      fetched 31,046 | +863 new | store 44,784 bars  2026-07-05 -> 2026-08-19

  minute/ask:
      page 1: 10,000 bars  2026-08-10 05:21:00+00:00 -> 2026-08-19 11:32:00+00:00
      page 2: 10,000 bars  2026-07-29 22:39:00+00:00 -> 2026-08-10 05:20:00+00:00
      page 3: 10,000 bars  2026-07-20 15:28:00+00:00 -> 2026-07-29 22:38:00+00:00
      page 4:  1,047 bars  2026-07-19 22:01:00+00:00 -> 2026-07-20 15:27:00+00:00
      fetched 31,046 | +862 new | store 44,784 bars  2026-07-05 -> 2026-08-19

  quarter/mid:
      page 1: 10,000 bars  2026-03-18 12:15:00+00:00 -> 2026-08-19 11:30:00+00:00
      page 2: 10,000 bars  2025-10-13 01:45:00+00:00 -> 2026-03-18 12:00:00+00:00
      page 3:  3,516 bars  2025-08-19 11:45:00+00:00 -> 2025-10-13 01:30:00+00:00
      fetched 23,515 | +58 new | store 24,500 bars  2025-08-04 -> 2026-08-19

  quarter/bid:
      page 1: 10,000 bars  2026-03-18 12:15:00+00:00 -> 2026-08-19 11:30:00+00:00
      page 2: 10,000 bars  2025-10-13 01:45:00+00:00 -> 2026-03-18 12:00:00+00:00
      page 3:  3,516 bars  2025-08-19 11:45:00+00:00 -> 2025-10-13 01:30:00+00:00
      fetched 23,515 | +58 new | store 24,500 bars  2025-08-04 -> 2026-08-19

  quarter/ask:
      page 1: 10,000 bars  2026-03-18 12:15:00+00:00 -> 2026-08-19 11:30:00+00:00
      page 2: 10,000 bars  2025-10-13 01:45:00+00:00 -> 2026-03-18 12:00:00+00:00
      page 3:  3,516 bars  2025-08-19 11:45:00+00:00 -> 2025-10-13 01:30:00+00:00
      fetched 23,515 | +58 new | store 24,500 bars  2025-08-04 -> 2026-08-19

  hour/mid:
      page 1: 10,000 bars  2024-12-06 03:00:00+00:00 -> 2026-08-19 11:00:00+00:00
      page 2:  1,796 bars  2024-08-19 12:00:00+00:00 -> 2024-12-06 02:00:00+00:00
      fetched 11,795 | +14 new | store 12,039 bars  2024-08-04 -> 2026-08-19

  hour/bid:
      page 1: 10,000 bars  2024-12-06 03:00:00+00:00 -> 2026-08-19 11:00:00+00:00
      page 2:  1,796 bars  2024-08-19 12:00:00+00:00 -> 2024-12-06 02:00:00+00:00
      fetched 11,795 | +14 new | store 12,039 bars  2024-08-04 -> 2026-08-19

  hour/ask:
      page 1: 10,000 bars  2024-12-06 03:00:00+00:00 -> 2026-08-19 11:00:00+00:00
      page 2:  1,796 bars  2024-08-19 12:00:00+00:00 -> 2024-12-06 02:00:00+00:00
      fetched 11,795 | +14 new | store 12,039 bars  2024-08-04 -> 2026-08-19

  day/mid:
      page 1:  3,849 bars  2012-03-05 00:00:00+00:00 -> 2026-08-19 00:00:00+00:00
      fetched 3,848 | +1 new | store 3,848 bars  2012-03-05 -> 2026-08-18

  day/bid:
      page 1:  3,849 bars  2012-03-05 00:00:00+00:00 -> 2026-08-19 00:00:00+00:00
      fetched 3,848 | +1 new | store 3,848 bars  2012-03-05 -> 2026-08-18

  day/ask:
      page 1:  3,849 bars  2012-03-05 00:00:00+00:00 -> 2026-08-19 00:00:00+00:00
      fetched 3,848 | +1 new | store 3,848 bars  2012-03-05 -> 2026-08-18


=== ustech100 (id 20190) -> /Users/r.john/git/vc-tx2/data ===
  minute/mid:
      page 1: 10,000 bars  2026-08-10 05:22:00+00:00 -> 2026-08-19 11:32:00+00:00
      page 2: 10,000 bars  2026-07-29 22:40:00+00:00 -> 2026-08-10 05:21:00+00:00
      page 3: 10,000 bars  2026-07-20 15:29:00+00:00 -> 2026-07-29 22:39:00+00:00
      page 4:  1,048 bars  2026-07-19 22:01:00+00:00 -> 2026-07-20 15:28:00+00:00
      fetched 31,047 | +862 new | store 44,785 bars  2026-07-05 -> 2026-08-19

  minute/bid:
      page 1: 10,000 bars  2026-08-10 05:22:00+00:00 -> 2026-08-19 11:32:00+00:00
      page 2: 10,000 bars  2026-07-29 22:40:00+00:00 -> 2026-08-10 05:21:00+00:00
      page 3: 10,000 bars  2026-07-20 15:29:00+00:00 -> 2026-07-29 22:39:00+00:00
      page 4:  1,048 bars  2026-07-19 22:01:00+00:00 -> 2026-07-20 15:28:00+00:00
      fetched 31,047 | +862 new | store 44,785 bars  2026-07-05 -> 2026-08-19

  minute/ask:
      page 1: 10,000 bars  2026-08-10 05:23:00+00:00 -> 2026-08-19 11:33:00+00:00
      page 2: 10,000 bars  2026-07-29 22:41:00+00:00 -> 2026-08-10 05:22:00+00:00
      page 3: 10,000 bars  2026-07-20 15:30:00+00:00 -> 2026-07-29 22:40:00+00:00
      page 4:  1,049 bars  2026-07-19 22:01:00+00:00 -> 2026-07-20 15:29:00+00:00
      fetched 31,048 | +863 new | store 44,786 bars  2026-07-05 -> 2026-08-19

  quarter/mid:
      page 1: 10,000 bars  2026-03-18 12:30:00+00:00 -> 2026-08-19 11:30:00+00:00
      page 2: 10,000 bars  2025-10-13 01:45:00+00:00 -> 2026-03-18 12:15:00+00:00
      page 3:  3,516 bars  2025-08-19 11:45:00+00:00 -> 2025-10-13 01:30:00+00:00
      fetched 23,515 | +58 new | store 24,500 bars  2025-08-04 -> 2026-08-19

  quarter/bid:
      page 1: 10,000 bars  2026-03-18 12:30:00+00:00 -> 2026-08-19 11:30:00+00:00
      page 2: 10,000 bars  2025-10-13 01:45:00+00:00 -> 2026-03-18 12:15:00+00:00
      page 3:  3,516 bars  2025-08-19 11:45:00+00:00 -> 2025-10-13 01:30:00+00:00
      fetched 23,515 | +58 new | store 24,500 bars  2025-08-04 -> 2026-08-19

  quarter/ask:
      page 1: 10,000 bars  2026-03-18 12:30:00+00:00 -> 2026-08-19 11:30:00+00:00
      page 2: 10,000 bars  2025-10-13 01:45:00+00:00 -> 2026-03-18 12:15:00+00:00
      page 3:  3,516 bars  2025-08-19 11:45:00+00:00 -> 2025-10-13 01:30:00+00:00
      fetched 23,515 | +58 new | store 24,500 bars  2025-08-04 -> 2026-08-19

  hour/mid:
      page 1: 10,000 bars  2024-12-06 04:00:00+00:00 -> 2026-08-19 11:00:00+00:00
      page 2:  1,797 bars  2024-08-19 12:00:00+00:00 -> 2024-12-06 03:00:00+00:00
      fetched 11,796 | +14 new | store 12,040 bars  2024-08-04 -> 2026-08-19

  hour/bid:
      page 1: 10,000 bars  2024-12-06 04:00:00+00:00 -> 2026-08-19 11:00:00+00:00
      page 2:  1,797 bars  2024-08-19 12:00:00+00:00 -> 2024-12-06 03:00:00+00:00
      fetched 11,796 | +14 new | store 12,040 bars  2024-08-04 -> 2026-08-19

  hour/ask:
      page 1: 10,000 bars  2024-12-06 04:00:00+00:00 -> 2026-08-19 11:00:00+00:00
      page 2:  1,797 bars  2024-08-19 12:00:00+00:00 -> 2024-12-06 03:00:00+00:00
      fetched 11,796 | +14 new | store 12,040 bars  2024-08-04 -> 2026-08-19

  day/mid:
      page 1:  3,849 bars  2012-03-05 00:00:00+00:00 -> 2026-08-19 00:00:00+00:00
      fetched 3,848 | +1 new | store 3,848 bars  2012-03-05 -> 2026-08-18

  day/bid:
      page 1:  3,849 bars  2012-03-05 00:00:00+00:00 -> 2026-08-19 00:00:00+00:00
      fetched 3,848 | +1 new | store 3,848 bars  2012-03-05 -> 2026-08-18

  day/ask:
      page 1:  3,849 bars  2012-03-05 00:00:00+00:00 -> 2026-08-19 00:00:00+00:00
      fetched 3,848 | +1 new | store 3,848 bars  2012-03-05 -> 2026-08-18


=== us500 (id 67995) -> /Users/r.john/git/vc-tx2/data ===
  minute/mid:
      page 1: 10,000 bars  2026-08-10 04:20:00+00:00 -> 2026-08-19 11:33:00+00:00
      page 2: 10,000 bars  2026-07-29 20:37:00+00:00 -> 2026-08-10 04:19:00+00:00
      page 3: 10,000 bars  2026-07-20 14:25:00+00:00 -> 2026-07-29 20:36:00+00:00
      page 4:    981 bars  2026-07-19 22:04:00+00:00 -> 2026-07-20 14:24:00+00:00
      fetched 30,980 | +862 new | store 44,718 bars  2026-07-05 -> 2026-08-19

  minute/bid:
      page 1: 10,000 bars  2026-08-10 04:20:00+00:00 -> 2026-08-19 11:33:00+00:00
      page 2: 10,000 bars  2026-07-29 20:37:00+00:00 -> 2026-08-10 04:19:00+00:00
      page 3: 10,000 bars  2026-07-20 14:25:00+00:00 -> 2026-07-29 20:36:00+00:00
      page 4:    981 bars  2026-07-19 22:04:00+00:00 -> 2026-07-20 14:24:00+00:00
      fetched 30,980 | +862 new | store 44,718 bars  2026-07-05 -> 2026-08-19

  minute/ask:
      page 1: 10,000 bars  2026-08-10 04:20:00+00:00 -> 2026-08-19 11:33:00+00:00
      page 2: 10,000 bars  2026-07-29 20:37:00+00:00 -> 2026-08-10 04:19:00+00:00
      page 3: 10,000 bars  2026-07-20 14:25:00+00:00 -> 2026-07-29 20:36:00+00:00
      page 4:    981 bars  2026-07-19 22:04:00+00:00 -> 2026-07-20 14:24:00+00:00
      fetched 30,980 | +862 new | store 44,718 bars  2026-07-05 -> 2026-08-19

  quarter/mid:
      page 1: 10,000 bars  2026-03-18 11:15:00+00:00 -> 2026-08-19 11:30:00+00:00
      page 2: 10,000 bars  2025-10-13 00:30:00+00:00 -> 2026-03-18 11:00:00+00:00
      page 3:  3,511 bars  2025-08-19 11:45:00+00:00 -> 2025-10-13 00:15:00+00:00
      fetched 23,510 | +58 new | store 24,493 bars  2025-08-04 -> 2026-08-19

  quarter/bid:
      page 1: 10,000 bars  2026-03-18 11:15:00+00:00 -> 2026-08-19 11:30:00+00:00
      page 2: 10,000 bars  2025-10-13 00:30:00+00:00 -> 2026-03-18 11:00:00+00:00
      page 3:  3,511 bars  2025-08-19 11:45:00+00:00 -> 2025-10-13 00:15:00+00:00
      fetched 23,510 | +58 new | store 24,493 bars  2025-08-04 -> 2026-08-19

  quarter/ask:
      page 1: 10,000 bars  2026-03-18 11:15:00+00:00 -> 2026-08-19 11:30:00+00:00
      page 2: 10,000 bars  2025-10-13 00:30:00+00:00 -> 2026-03-18 11:00:00+00:00
      page 3:  3,511 bars  2025-08-19 11:45:00+00:00 -> 2025-10-13 00:15:00+00:00
      fetched 23,510 | +58 new | store 24,493 bars  2025-08-04 -> 2026-08-19

  hour/mid:
      page 1: 10,000 bars  2024-12-06 03:00:00+00:00 -> 2026-08-19 11:00:00+00:00
      page 2:  1,796 bars  2024-08-19 12:00:00+00:00 -> 2024-12-06 02:00:00+00:00
      fetched 11,795 | +14 new | store 12,039 bars  2024-08-04 -> 2026-08-19

  hour/bid:
      page 1: 10,000 bars  2024-12-06 03:00:00+00:00 -> 2026-08-19 11:00:00+00:00
      page 2:  1,796 bars  2024-08-19 12:00:00+00:00 -> 2024-12-06 02:00:00+00:00
      fetched 11,795 | +14 new | store 12,039 bars  2024-08-04 -> 2026-08-19

  hour/ask:
      page 1: 10,000 bars  2024-12-06 03:00:00+00:00 -> 2026-08-19 11:00:00+00:00
      page 2:  1,796 bars  2024-08-19 12:00:00+00:00 -> 2024-12-06 02:00:00+00:00
      fetched 11,795 | +14 new | store 12,039 bars  2024-08-04 -> 2026-08-19

  day/mid:
      page 1:  3,842 bars  2012-03-13 00:00:00+00:00 -> 2026-08-19 00:00:00+00:00
      fetched 3,841 | +1 new | store 3,841 bars  2012-03-13 -> 2026-08-18

  day/bid:
      page 1:  3,842 bars  2012-03-13 00:00:00+00:00 -> 2026-08-19 00:00:00+00:00
      fetched 3,841 | +1 new | store 3,841 bars  2012-03-13 -> 2026-08-18

  day/ask:
      page 1:  3,842 bars  2012-03-13 00:00:00+00:00 -> 2026-08-19 00:00:00+00:00
      fetched 3,841 | +1 new | store 3,841 bars  2012-03-13 -> 2026-08-18


=== gold (id 68924) -> /Users/r.john/git/vc-tx2/data ===
  minute/mid:
      page 1: 10,000 bars  2026-08-10 05:45:00+00:00 -> 2026-08-19 11:33:00+00:00
      page 2: 10,000 bars  2026-07-29 23:54:00+00:00 -> 2026-08-10 05:44:00+00:00
      page 3: 10,000 bars  2026-07-20 17:04:00+00:00 -> 2026-07-29 23:53:00+00:00
      page 4:  1,139 bars  2026-07-19 22:05:00+00:00 -> 2026-07-20 17:03:00+00:00
      fetched 31,138 | +861 new | store 44,924 bars  2026-07-05 -> 2026-08-19

  minute/bid:
      page 1: 10,000 bars  2026-08-10 05:45:00+00:00 -> 2026-08-19 11:33:00+00:00
      page 2: 10,000 bars  2026-07-29 23:54:00+00:00 -> 2026-08-10 05:44:00+00:00
      page 3: 10,000 bars  2026-07-20 17:04:00+00:00 -> 2026-07-29 23:53:00+00:00
      page 4:  1,139 bars  2026-07-19 22:05:00+00:00 -> 2026-07-20 17:03:00+00:00
      fetched 31,138 | +861 new | store 44,924 bars  2026-07-05 -> 2026-08-19

  minute/ask:
      page 1: 10,000 bars  2026-08-10 05:45:00+00:00 -> 2026-08-19 11:33:00+00:00
      page 2: 10,000 bars  2026-07-29 23:54:00+00:00 -> 2026-08-10 05:44:00+00:00
      page 3: 10,000 bars  2026-07-20 17:04:00+00:00 -> 2026-07-29 23:53:00+00:00
      page 4:  1,139 bars  2026-07-19 22:05:00+00:00 -> 2026-07-20 17:03:00+00:00
      fetched 31,138 | +861 new | store 44,924 bars  2026-07-05 -> 2026-08-19

  quarter/mid:
      page 1: 10,000 bars  2026-03-18 08:15:00+00:00 -> 2026-08-19 11:30:00+00:00
      page 2: 10,000 bars  2025-10-14 01:30:00+00:00 -> 2026-03-18 08:00:00+00:00
      page 3:  3,629 bars  2025-08-19 11:45:00+00:00 -> 2025-10-14 01:15:00+00:00
      fetched 23,628 | +58 new | store 24,617 bars  2025-08-04 -> 2026-08-19

  quarter/bid:
      page 1: 10,000 bars  2026-03-18 08:15:00+00:00 -> 2026-08-19 11:30:00+00:00
      page 2: 10,000 bars  2025-10-14 01:30:00+00:00 -> 2026-03-18 08:00:00+00:00
      page 3:  3,629 bars  2025-08-19 11:45:00+00:00 -> 2025-10-14 01:15:00+00:00
      fetched 23,628 | +58 new | store 24,617 bars  2025-08-04 -> 2026-08-19

  quarter/ask:
      page 1: 10,000 bars  2026-03-18 08:15:00+00:00 -> 2026-08-19 11:30:00+00:00
      page 2: 10,000 bars  2025-10-14 01:30:00+00:00 -> 2026-03-18 08:00:00+00:00
      page 3:  3,629 bars  2025-08-19 11:45:00+00:00 -> 2025-10-14 01:15:00+00:00
      fetched 23,628 | +58 new | store 24,617 bars  2025-08-04 -> 2026-08-19

  hour/mid:
      page 1: 10,000 bars  2024-12-09 03:00:00+00:00 -> 2026-08-19 11:00:00+00:00
      page 2:  1,822 bars  2024-08-19 12:00:00+00:00 -> 2024-12-09 02:00:00+00:00
      fetched 11,821 | +14 new | store 12,065 bars  2024-08-04 -> 2026-08-19

  hour/bid:
      page 1: 10,000 bars  2024-12-09 03:00:00+00:00 -> 2026-08-19 11:00:00+00:00
      page 2:  1,822 bars  2024-08-19 12:00:00+00:00 -> 2024-12-09 02:00:00+00:00
      fetched 11,821 | +14 new | store 12,065 bars  2024-08-04 -> 2026-08-19

  hour/ask:
      page 1: 10,000 bars  2024-12-09 03:00:00+00:00 -> 2026-08-19 11:00:00+00:00
      page 2:  1,822 bars  2024-08-19 12:00:00+00:00 -> 2024-12-09 02:00:00+00:00
      fetched 11,821 | +14 new | store 12,065 bars  2024-08-04 -> 2026-08-19

  day/mid:
      page 1:  3,847 bars  2011-12-30 00:00:00+00:00 -> 2026-08-19 00:00:00+00:00
      fetched 3,846 | +1 new | store 3,846 bars  2011-12-30 -> 2026-08-18

  day/bid:
      page 1:  3,847 bars  2011-12-30 00:00:00+00:00 -> 2026-08-19 00:00:00+00:00
      fetched 3,846 | +1 new | store 3,846 bars  2011-12-30 -> 2026-08-18

  day/ask:
      page 1:  3,847 bars  2011-12-30 00:00:00+00:00 -> 2026-08-19 00:00:00+00:00
      fetched 3,846 | +1 new | store 3,846 bars  2011-12-30 -> 2026-08-18


=== goldvar (id 72302) -> /Users/r.john/git/vc-tx2/data ===
  minute/mid:
      page 1: 10,000 bars  2026-08-10 05:46:00+00:00 -> 2026-08-19 11:34:00+00:00
      page 2: 10,000 bars  2026-07-29 23:55:00+00:00 -> 2026-08-10 05:45:00+00:00
      page 3: 10,000 bars  2026-07-20 17:05:00+00:00 -> 2026-07-29 23:54:00+00:00
      page 4:  1,140 bars  2026-07-19 22:05:00+00:00 -> 2026-07-20 17:04:00+00:00
      fetched 31,139 | +862 new | store 44,925 bars  2026-07-05 -> 2026-08-19

  minute/bid:
      page 1: 10,000 bars  2026-08-10 05:46:00+00:00 -> 2026-08-19 11:34:00+00:00
      page 2: 10,000 bars  2026-07-29 23:55:00+00:00 -> 2026-08-10 05:45:00+00:00
      page 3: 10,000 bars  2026-07-20 17:05:00+00:00 -> 2026-07-29 23:54:00+00:00
      page 4:  1,140 bars  2026-07-19 22:05:00+00:00 -> 2026-07-20 17:04:00+00:00
      fetched 31,139 | +862 new | store 44,925 bars  2026-07-05 -> 2026-08-19

  minute/ask:
      page 1: 10,000 bars  2026-08-10 05:46:00+00:00 -> 2026-08-19 11:34:00+00:00
      page 2: 10,000 bars  2026-07-29 23:55:00+00:00 -> 2026-08-10 05:45:00+00:00
      page 3: 10,000 bars  2026-07-20 17:05:00+00:00 -> 2026-07-29 23:54:00+00:00
      page 4:  1,140 bars  2026-07-19 22:05:00+00:00 -> 2026-07-20 17:04:00+00:00
      fetched 31,139 | +862 new | store 44,925 bars  2026-07-05 -> 2026-08-19

  quarter/mid:
      page 1: 10,000 bars  2026-03-18 08:15:00+00:00 -> 2026-08-19 11:30:00+00:00
      page 2: 10,000 bars  2025-10-14 01:30:00+00:00 -> 2026-03-18 08:00:00+00:00
      page 3:  3,629 bars  2025-08-19 11:45:00+00:00 -> 2025-10-14 01:15:00+00:00
      fetched 23,628 | +58 new | store 24,617 bars  2025-08-04 -> 2026-08-19

  quarter/bid:
      page 1: 10,000 bars  2026-03-18 08:15:00+00:00 -> 2026-08-19 11:30:00+00:00
      page 2: 10,000 bars  2025-10-14 01:30:00+00:00 -> 2026-03-18 08:00:00+00:00
      page 3:  3,629 bars  2025-08-19 11:45:00+00:00 -> 2025-10-14 01:15:00+00:00
      fetched 23,628 | +58 new | store 24,617 bars  2025-08-04 -> 2026-08-19

  quarter/ask:
      page 1: 10,000 bars  2026-03-18 08:15:00+00:00 -> 2026-08-19 11:30:00+00:00
      page 2: 10,000 bars  2025-10-14 01:30:00+00:00 -> 2026-03-18 08:00:00+00:00
      page 3:  3,629 bars  2025-08-19 11:45:00+00:00 -> 2025-10-14 01:15:00+00:00
      fetched 23,628 | +58 new | store 24,617 bars  2025-08-04 -> 2026-08-19

  hour/mid:
      page 1: 10,000 bars  2024-12-09 03:00:00+00:00 -> 2026-08-19 11:00:00+00:00
      page 2:  1,822 bars  2024-08-19 12:00:00+00:00 -> 2024-12-09 02:00:00+00:00
      fetched 11,821 | +14 new | store 12,065 bars  2024-08-04 -> 2026-08-19

  hour/bid:
      page 1: 10,000 bars  2024-12-09 03:00:00+00:00 -> 2026-08-19 11:00:00+00:00
      page 2:  1,822 bars  2024-08-19 12:00:00+00:00 -> 2024-12-09 02:00:00+00:00
      fetched 11,821 | +14 new | store 12,065 bars  2024-08-04 -> 2026-08-19

  hour/ask:
      page 1: 10,000 bars  2024-12-09 03:00:00+00:00 -> 2026-08-19 11:00:00+00:00
      page 2:  1,822 bars  2024-08-19 12:00:00+00:00 -> 2024-12-09 02:00:00+00:00
      fetched 11,821 | +14 new | store 12,065 bars  2024-08-04 -> 2026-08-19

  day/mid:
      page 1:  3,847 bars  2011-12-30 00:00:00+00:00 -> 2026-08-19 00:00:00+00:00
      fetched 3,846 | +1 new | store 3,846 bars  2011-12-30 -> 2026-08-18

  day/bid:
      page 1:  3,847 bars  2011-12-30 00:00:00+00:00 -> 2026-08-19 00:00:00+00:00
      fetched 3,846 | +1 new | store 3,846 bars  2011-12-30 -> 2026-08-18

  day/ask:
      page 1:  3,847 bars  2011-12-30 00:00:00+00:00 -> 2026-08-19 00:00:00+00:00
      fetched 3,846 | +1 new | store 3,846 bars  2011-12-30 -> 2026-08-18


=== eurusd (id 16635) -> /Users/r.john/git/vc-tx2/data ===
  minute/mid:
      page 1: 10,000 bars  2026-08-10 11:09:00+00:00 -> 2026-08-19 11:34:00+00:00
      page 2: 10,000 bars  2026-07-30 11:24:00+00:00 -> 2026-08-10 11:08:00+00:00
      page 3: 10,000 bars  2026-07-21 11:19:00+00:00 -> 2026-07-30 11:23:00+00:00
      page 4:  2,280 bars  2026-07-19 21:05:00+00:00 -> 2026-07-21 11:18:00+00:00
      fetched 32,279 | +909 new | store 46,563 bars  2026-07-05 -> 2026-08-19

  minute/bid:
      page 1: 10,000 bars  2026-08-10 11:09:00+00:00 -> 2026-08-19 11:34:00+00:00
      page 2: 10,000 bars  2026-07-30 11:24:00+00:00 -> 2026-08-10 11:08:00+00:00
      page 3: 10,000 bars  2026-07-21 11:19:00+00:00 -> 2026-07-30 11:23:00+00:00
      page 4:  2,280 bars  2026-07-19 21:05:00+00:00 -> 2026-07-21 11:18:00+00:00
      fetched 32,279 | +908 new | store 46,563 bars  2026-07-05 -> 2026-08-19

  minute/ask:
      page 1: 10,000 bars  2026-08-10 11:09:00+00:00 -> 2026-08-19 11:34:00+00:00
      page 2: 10,000 bars  2026-07-30 11:24:00+00:00 -> 2026-08-10 11:08:00+00:00
      page 3: 10,000 bars  2026-07-21 11:19:00+00:00 -> 2026-07-30 11:23:00+00:00
      page 4:  2,280 bars  2026-07-19 21:05:00+00:00 -> 2026-07-21 11:18:00+00:00
      fetched 32,279 | +908 new | store 46,563 bars  2026-07-05 -> 2026-08-19

  quarter/mid:
      page 1: 10,000 bars  2026-03-25 23:00:00+00:00 -> 2026-08-19 11:30:00+00:00
      page 2: 10,000 bars  2025-10-28 15:45:00+00:00 -> 2026-03-25 22:45:00+00:00
      page 3:  4,816 bars  2025-08-19 11:45:00+00:00 -> 2025-10-28 15:30:00+00:00
      fetched 24,815 | +62 new | store 25,848 bars  2025-08-04 -> 2026-08-19

  quarter/bid:
      page 1: 10,000 bars  2026-03-25 23:00:00+00:00 -> 2026-08-19 11:30:00+00:00
      page 2: 10,000 bars  2025-10-28 15:45:00+00:00 -> 2026-03-25 22:45:00+00:00
      page 3:  4,816 bars  2025-08-19 11:45:00+00:00 -> 2025-10-28 15:30:00+00:00
      fetched 24,815 | +62 new | store 25,848 bars  2025-08-04 -> 2026-08-19

  quarter/ask:
      page 1: 10,000 bars  2026-03-25 23:00:00+00:00 -> 2026-08-19 11:30:00+00:00
      page 2: 10,000 bars  2025-10-28 15:45:00+00:00 -> 2026-03-25 22:45:00+00:00
      page 3:  4,816 bars  2025-08-19 11:45:00+00:00 -> 2025-10-28 15:30:00+00:00
      fetched 24,815 | +62 new | store 25,848 bars  2025-08-04 -> 2026-08-19

  hour/mid:
      page 1: 10,000 bars  2025-01-08 10:00:00+00:00 -> 2026-08-19 11:00:00+00:00
      page 2:  2,394 bars  2024-08-19 12:00:00+00:00 -> 2025-01-08 09:00:00+00:00
      fetched 12,393 | +15 new | store 12,648 bars  2024-08-04 -> 2026-08-19

  hour/bid:
      page 1: 10,000 bars  2025-01-08 10:00:00+00:00 -> 2026-08-19 11:00:00+00:00
      page 2:  2,394 bars  2024-08-19 12:00:00+00:00 -> 2025-01-08 09:00:00+00:00
      fetched 12,393 | +15 new | store 12,648 bars  2024-08-04 -> 2026-08-19

  hour/ask:
      page 1: 10,000 bars  2025-01-08 10:00:00+00:00 -> 2026-08-19 11:00:00+00:00
      page 2:  2,394 bars  2024-08-19 12:00:00+00:00 -> 2025-01-08 09:00:00+00:00
      fetched 12,393 | +15 new | store 12,648 bars  2024-08-04 -> 2026-08-19

  day/mid:
      page 1:  7,451 bars  1999-01-04 00:00:00+00:00 -> 2026-08-19 00:00:00+00:00
      fetched 7,450 | +1 new | store 7,450 bars  1999-01-04 -> 2026-08-18

  day/bid:
      page 1:  7,451 bars  1999-01-04 00:00:00+00:00 -> 2026-08-19 00:00:00+00:00
      fetched 7,450 | +1 new | store 7,450 bars  1999-01-04 -> 2026-08-18

  day/ask:
      page 1:  7,451 bars  1999-01-04 00:00:00+00:00 -> 2026-08-19 00:00:00+00:00
      fetched 7,450 | +1 new | store 7,450 bars  1999-01-04 -> 2026-08-18


=== uk100fut (id 70152) -> /Users/r.john/git/vc-tx2/data ===
  minute/mid:
      page 1: 10,000 bars  2026-08-10 01:14:00+00:00 -> 2026-08-19 11:35:00+00:00
      page 2: 10,000 bars  2026-07-29 14:21:00+00:00 -> 2026-08-10 01:13:00+00:00
      page 3: 10,000 bars  2026-07-20 05:33:00+00:00 -> 2026-07-29 14:20:00+00:00
      page 4:    411 bars  2026-07-19 22:42:00+00:00 -> 2026-07-20 05:32:00+00:00
      fetched 30,410 | +1 new | store 37,164 bars  2026-07-12 -> 2026-08-19

  minute/bid:
      page 1: 10,000 bars  2026-08-10 01:14:00+00:00 -> 2026-08-19 11:35:00+00:00
      page 2: 10,000 bars  2026-07-29 14:21:00+00:00 -> 2026-08-10 01:13:00+00:00
      page 3: 10,000 bars  2026-07-20 05:33:00+00:00 -> 2026-07-29 14:20:00+00:00
      page 4:    411 bars  2026-07-19 22:42:00+00:00 -> 2026-07-20 05:32:00+00:00
      fetched 30,410 | +842 new | store 37,164 bars  2026-07-12 -> 2026-08-19

  minute/ask:
      page 1: 10,000 bars  2026-08-10 01:14:00+00:00 -> 2026-08-19 11:35:00+00:00
      page 2: 10,000 bars  2026-07-29 14:21:00+00:00 -> 2026-08-10 01:13:00+00:00
      page 3: 10,000 bars  2026-07-20 05:33:00+00:00 -> 2026-07-29 14:20:00+00:00
      page 4:    411 bars  2026-07-19 22:42:00+00:00 -> 2026-07-20 05:32:00+00:00
      fetched 30,410 | +842 new | store 37,164 bars  2026-07-12 -> 2026-08-19

  quarter/mid:
      page 1: 10,000 bars  2026-03-11 19:00:00+00:00 -> 2026-08-19 11:30:00+00:00
      page 2: 10,000 bars  2025-10-02 06:30:00+00:00 -> 2026-03-11 18:45:00+00:00
      page 3:  2,771 bars  2025-08-19 11:45:00+00:00 -> 2025-10-02 06:15:00+00:00
      fetched 22,770 | +57 new | store 23,368 bars  2025-08-10 -> 2026-08-19

  quarter/bid:
      page 1: 10,000 bars  2026-03-11 19:00:00+00:00 -> 2026-08-19 11:30:00+00:00
      page 2: 10,000 bars  2025-10-02 06:30:00+00:00 -> 2026-03-11 18:45:00+00:00
      page 3:  2,771 bars  2025-08-19 11:45:00+00:00 -> 2025-10-02 06:15:00+00:00
      fetched 22,770 | +57 new | store 23,368 bars  2025-08-10 -> 2026-08-19

  quarter/ask:
      page 1: 10,000 bars  2026-03-11 19:00:00+00:00 -> 2026-08-19 11:30:00+00:00
      page 2: 10,000 bars  2025-10-02 06:30:00+00:00 -> 2026-03-11 18:45:00+00:00
      page 3:  2,771 bars  2025-08-19 11:45:00+00:00 -> 2025-10-02 06:15:00+00:00
      fetched 22,770 | +57 new | store 23,368 bars  2025-08-10 -> 2026-08-19

  hour/mid:
      page 1: 10,000 bars  2024-11-18 23:00:00+00:00 -> 2026-08-19 11:00:00+00:00
      page 2:  1,466 bars  2024-08-19 12:00:00+00:00 -> 2024-11-18 21:00:00+00:00
      fetched 11,465 | +14 new | store 11,593 bars  2024-08-11 -> 2026-08-19

  hour/bid:
      page 1: 10,000 bars  2024-11-18 23:00:00+00:00 -> 2026-08-19 11:00:00+00:00
      page 2:  1,466 bars  2024-08-19 12:00:00+00:00 -> 2024-11-18 21:00:00+00:00
      fetched 11,465 | +14 new | store 11,593 bars  2024-08-11 -> 2026-08-19

  hour/ask:
      page 1: 10,000 bars  2024-11-18 23:00:00+00:00 -> 2026-08-19 11:00:00+00:00
      page 2:  1,466 bars  2024-08-19 12:00:00+00:00 -> 2024-11-18 21:00:00+00:00
      fetched 11,465 | +14 new | store 11,593 bars  2024-08-11 -> 2026-08-19

  day/mid:
      page 1:  1,294 bars  2021-07-05 00:00:00+00:00 -> 2026-08-19 00:00:00+00:00
      fetched 1,293 | +1 new | store 1,293 bars  2021-07-05 -> 2026-08-18

  day/bid:
      page 1:  1,294 bars  2021-07-05 00:00:00+00:00 -> 2026-08-19 00:00:00+00:00
      fetched 1,293 | +1 new | store 1,293 bars  2021-07-05 -> 2026-08-18  !! {'open_outside_hl': 1}

  day/ask:
      page 1:  1,294 bars  2021-07-05 00:00:00+00:00 -> 2026-08-19 00:00:00+00:00
      fetched 1,293 | +1 new | store 1,293 bars  2021-07-05 -> 2026-08-18  !! {'close_outside_hl': 1}


=== uk100sep26 (id 72516) -> /Users/r.john/git/vc-tx2/data ===
  minute/mid:
      page 1: 10,000 bars  2026-08-10 01:14:00+00:00 -> 2026-08-19 11:35:00+00:00
      page 2: 10,000 bars  2026-07-29 14:21:00+00:00 -> 2026-08-10 01:13:00+00:00
      page 3: 10,000 bars  2026-07-20 05:33:00+00:00 -> 2026-07-29 14:20:00+00:00
      page 4:    411 bars  2026-07-19 22:42:00+00:00 -> 2026-07-20 05:32:00+00:00
      fetched 30,410 | +841 new | store 37,164 bars  2026-07-12 -> 2026-08-19

  minute/bid:
      page 1: 10,000 bars  2026-08-10 01:14:00+00:00 -> 2026-08-19 11:35:00+00:00
      page 2: 10,000 bars  2026-07-29 14:21:00+00:00 -> 2026-08-10 01:13:00+00:00
      page 3: 10,000 bars  2026-07-20 05:33:00+00:00 -> 2026-07-29 14:20:00+00:00
      page 4:    411 bars  2026-07-19 22:42:00+00:00 -> 2026-07-20 05:32:00+00:00
      fetched 30,410 | +841 new | store 37,164 bars  2026-07-12 -> 2026-08-19

  minute/ask:
      page 1: 10,000 bars  2026-08-10 01:14:00+00:00 -> 2026-08-19 11:35:00+00:00
      page 2: 10,000 bars  2026-07-29 14:21:00+00:00 -> 2026-08-10 01:13:00+00:00
      page 3: 10,000 bars  2026-07-20 05:33:00+00:00 -> 2026-07-29 14:20:00+00:00
      page 4:    411 bars  2026-07-19 22:42:00+00:00 -> 2026-07-20 05:32:00+00:00
      fetched 30,410 | +841 new | store 37,164 bars  2026-07-12 -> 2026-08-19

  quarter/mid:
      page 1:  4,404 bars  2026-06-11 17:30:00+00:00 -> 2026-08-19 11:30:00+00:00
      fetched 4,403 | +57 new | store 4,403 bars  2026-06-11 -> 2026-08-19

  quarter/bid:
      page 1:  4,404 bars  2026-06-11 17:30:00+00:00 -> 2026-08-19 11:30:00+00:00
      fetched 4,403 | +57 new | store 4,403 bars  2026-06-11 -> 2026-08-19

  quarter/ask:
      page 1:  4,404 bars  2026-06-11 17:30:00+00:00 -> 2026-08-19 11:30:00+00:00
      fetched 4,403 | +57 new | store 4,403 bars  2026-06-11 -> 2026-08-19

  hour/mid:
      page 1:  1,112 bars  2026-06-11 17:00:00+00:00 -> 2026-08-19 11:00:00+00:00
      fetched 1,111 | +14 new | store 1,111 bars  2026-06-11 -> 2026-08-19

  hour/bid:
      page 1:  1,112 bars  2026-06-11 17:00:00+00:00 -> 2026-08-19 11:00:00+00:00
      fetched 1,111 | +14 new | store 1,111 bars  2026-06-11 -> 2026-08-19

  hour/ask:
      page 1:  1,112 bars  2026-06-11 17:00:00+00:00 -> 2026-08-19 11:00:00+00:00
      fetched 1,111 | +14 new | store 1,111 bars  2026-06-11 -> 2026-08-19

  day/mid:
      page 1:     50 bars  2026-06-11 00:00:00+00:00 -> 2026-08-19 00:00:00+00:00
      fetched 49 | +1 new | store 49 bars  2026-06-11 -> 2026-08-18

  day/bid:
      page 1:     50 bars  2026-06-11 00:00:00+00:00 -> 2026-08-19 00:00:00+00:00
      fetched 49 | +1 new | store 49 bars  2026-06-11 -> 2026-08-18

  day/ask:
      page 1:     50 bars  2026-06-11 00:00:00+00:00 -> 2026-08-19 00:00:00+00:00
      fetched 49 | +1 new | store 49 bars  2026-06-11 -> 2026-08-18


Done. `python3 collect.py status` for a summary.
     instr    feed side  bars       from         to  sessions  vol=0 %        last sync
     uk100  minute  mid 44161 2026-07-03 2026-08-19        41      0.0 2026-08-19T11:31
     uk100  minute  bid 44165 2026-07-03 2026-08-19        41      0.0 2026-08-19T11:31
     uk100  minute  ask 44165 2026-07-03 2026-08-19        41      0.0 2026-08-19T11:31
     uk100 quarter  mid 23821 2025-08-03 2026-08-19       316      0.0 2026-08-19T11:31
     uk100 quarter  bid 23821 2025-08-03 2026-08-19       316      0.0 2026-08-19T11:31
     uk100 quarter  ask 23821 2025-08-03 2026-08-19       316      0.0 2026-08-19T11:31
     uk100    hour  mid 11718 2024-08-04 2026-08-19       618      0.0 2026-08-19T11:31
     uk100    hour  bid 11718 2024-08-04 2026-08-19       618      0.0 2026-08-19T11:31
     uk100    hour  ask 11718 2024-08-04 2026-08-19       618      0.0 2026-08-19T11:32
     uk100     day  mid  3756 2012-03-26 2026-08-18      3756     59.8 2026-08-19T11:32
     uk100     day  bid  3756 2012-03-26 2026-08-18      3756     59.8 2026-08-19T11:32
     uk100     day  ask  3756 2012-03-26 2026-08-18      3756     59.8 2026-08-19T11:32
     ger40  minute  mid 44003 2026-07-05 2026-08-19        40      0.0 2026-08-19T11:32
     ger40  minute  bid 44003 2026-07-05 2026-08-19        40      0.0 2026-08-19T11:32
     ger40  minute  ask 44003 2026-07-05 2026-08-19        40      0.0 2026-08-19T11:32
     ger40 quarter  mid 23854 2025-08-04 2026-08-19       319      0.0 2026-08-19T11:32
     ger40 quarter  bid 23854 2025-08-04 2026-08-19       319      0.0 2026-08-19T11:32
     ger40 quarter  ask 23854 2025-08-04 2026-08-19       319      0.0 2026-08-19T11:32
     ger40    hour  mid 11769 2024-08-04 2026-08-19       626      0.0 2026-08-19T11:32
     ger40    hour  bid 11769 2024-08-04 2026-08-19       626      0.0 2026-08-19T11:32
     ger40    hour  ask 11769 2024-08-04 2026-08-19       626      0.0 2026-08-19T11:32
     ger40     day  mid  3775 2012-01-30 2026-08-18      3775     60.1 2026-08-19T11:32
     ger40     day  bid  3775 2012-01-30 2026-08-18      3775     60.1 2026-08-19T11:32
     ger40     day  ask  3775 2012-01-30 2026-08-18      3775     60.1 2026-08-19T11:32
      us30  minute  mid 44784 2026-07-05 2026-08-19        40      0.0 2026-08-19T11:32
      us30  minute  bid 44784 2026-07-05 2026-08-19        40      0.0 2026-08-19T11:32
      us30  minute  ask 44784 2026-07-05 2026-08-19        40      0.0 2026-08-19T11:32
      us30 quarter  mid 24500 2025-08-04 2026-08-19       327      0.0 2026-08-19T11:32
      us30 quarter  bid 24500 2025-08-04 2026-08-19       327      0.0 2026-08-19T11:32
      us30 quarter  ask 24500 2025-08-04 2026-08-19       327      0.0 2026-08-19T11:32
      us30    hour  mid 12039 2024-08-04 2026-08-19       639      0.0 2026-08-19T11:32
      us30    hour  bid 12039 2024-08-04 2026-08-19       639      0.0 2026-08-19T11:32
      us30    hour  ask 12039 2024-08-04 2026-08-19       639      0.0 2026-08-19T11:32
      us30     day  mid  3848 2012-03-05 2026-08-18      3848     60.8 2026-08-19T11:32
      us30     day  bid  3848 2012-03-05 2026-08-18      3848     60.8 2026-08-19T11:32
      us30     day  ask  3848 2012-03-05 2026-08-18      3848     60.8 2026-08-19T11:32
 ustech100  minute  mid 44785 2026-07-05 2026-08-19        40      0.0 2026-08-19T11:32
 ustech100  minute  bid 44785 2026-07-05 2026-08-19        40      0.0 2026-08-19T11:33
 ustech100  minute  ask 44786 2026-07-05 2026-08-19        40      0.0 2026-08-19T11:33
 ustech100 quarter  mid 24500 2025-08-04 2026-08-19       327      0.0 2026-08-19T11:33
 ustech100 quarter  bid 24500 2025-08-04 2026-08-19       327      0.0 2026-08-19T11:33
 ustech100 quarter  ask 24500 2025-08-04 2026-08-19       327      0.0 2026-08-19T11:33
 ustech100    hour  mid 12040 2024-08-04 2026-08-19       639      0.0 2026-08-19T11:33
 ustech100    hour  bid 12040 2024-08-04 2026-08-19       639      0.0 2026-08-19T11:33
 ustech100    hour  ask 12040 2024-08-04 2026-08-19       639      0.0 2026-08-19T11:33
 ustech100     day  mid  3848 2012-03-05 2026-08-18      3848     60.8 2026-08-19T11:33
 ustech100     day  bid  3848 2012-03-05 2026-08-18      3848     60.8 2026-08-19T11:33
 ustech100     day  ask  3848 2012-03-05 2026-08-18      3848     60.8 2026-08-19T11:33
     us500  minute  mid 44718 2026-07-05 2026-08-19        40      0.0 2026-08-19T11:33
     us500  minute  bid 44718 2026-07-05 2026-08-19        40      0.0 2026-08-19T11:33
     us500  minute  ask 44718 2026-07-05 2026-08-19        40      0.0 2026-08-19T11:33
     us500 quarter  mid 24493 2025-08-04 2026-08-19       327      0.0 2026-08-19T11:33
     us500 quarter  bid 24493 2025-08-04 2026-08-19       327      0.0 2026-08-19T11:33
     us500 quarter  ask 24493 2025-08-04 2026-08-19       327      0.0 2026-08-19T11:33
     us500    hour  mid 12039 2024-08-04 2026-08-19       639      0.0 2026-08-19T11:33
     us500    hour  bid 12039 2024-08-04 2026-08-19       639      0.0 2026-08-19T11:33
     us500    hour  ask 12039 2024-08-04 2026-08-19       639      0.0 2026-08-19T11:33
     us500     day  mid  3841 2012-03-13 2026-08-18      3841     60.8 2026-08-19T11:33
     us500     day  bid  3841 2012-03-13 2026-08-18      3841     60.8 2026-08-19T11:33
     us500     day  ask  3841 2012-03-13 2026-08-18      3841     60.8 2026-08-19T11:33
      gold  minute  mid 44924 2026-07-05 2026-08-19        40      0.0 2026-08-19T11:33
      gold  minute  bid 44924 2026-07-05 2026-08-19        40      0.0 2026-08-19T11:33
      gold  minute  ask 44924 2026-07-05 2026-08-19        40      0.0 2026-08-19T11:33
      gold quarter  mid 24617 2025-08-04 2026-08-19       326      0.0 2026-08-19T11:34
      gold quarter  bid 24617 2025-08-04 2026-08-19       326      0.0 2026-08-19T11:34
      gold quarter  ask 24617 2025-08-04 2026-08-19       326      0.0 2026-08-19T11:34
      gold    hour  mid 12065 2024-08-04 2026-08-19       638      0.0 2026-08-19T11:34
      gold    hour  bid 12065 2024-08-04 2026-08-19       638      0.0 2026-08-19T11:34
      gold    hour  ask 12065 2024-08-04 2026-08-19       638      0.0 2026-08-19T11:34
      gold     day  mid  3846 2011-12-30 2026-08-18      3846     60.8 2026-08-19T11:34
      gold     day  bid  3846 2011-12-30 2026-08-18      3846     60.8 2026-08-19T11:34
      gold     day  ask  3846 2011-12-30 2026-08-18      3846     60.8 2026-08-19T11:34
   goldvar  minute  mid 44925 2026-07-05 2026-08-19        40      0.0 2026-08-19T11:34
   goldvar  minute  bid 44925 2026-07-05 2026-08-19        40      0.0 2026-08-19T11:34
   goldvar  minute  ask 44925 2026-07-05 2026-08-19        40      0.0 2026-08-19T11:34
   goldvar quarter  mid 24617 2025-08-04 2026-08-19       326      0.0 2026-08-19T11:34
   goldvar quarter  bid 24617 2025-08-04 2026-08-19       326      0.0 2026-08-19T11:34
   goldvar quarter  ask 24617 2025-08-04 2026-08-19       326      0.0 2026-08-19T11:34
   goldvar    hour  mid 12065 2024-08-04 2026-08-19       638      0.0 2026-08-19T11:34
   goldvar    hour  bid 12065 2024-08-04 2026-08-19       638      0.0 2026-08-19T11:34
   goldvar    hour  ask 12065 2024-08-04 2026-08-19       638      0.0 2026-08-19T11:34
   goldvar     day  mid  3846 2011-12-30 2026-08-18      3846     60.8 2026-08-19T11:34
   goldvar     day  bid  3846 2011-12-30 2026-08-18      3846     60.8 2026-08-19T11:34
   goldvar     day  ask  3846 2011-12-30 2026-08-18      3846     60.8 2026-08-19T11:34
    eurusd  minute  mid 46563 2026-07-05 2026-08-19        40      0.0 2026-08-19T11:34
    eurusd  minute  bid 46563 2026-07-05 2026-08-19        40      0.0 2026-08-19T11:34
    eurusd  minute  ask 46563 2026-07-05 2026-08-19        40      0.0 2026-08-19T11:34
    eurusd quarter  mid 25848 2025-08-04 2026-08-19       327      0.0 2026-08-19T11:34
    eurusd quarter  bid 25848 2025-08-04 2026-08-19       327      0.0 2026-08-19T11:34
    eurusd quarter  ask 25848 2025-08-04 2026-08-19       327      0.0 2026-08-19T11:35
    eurusd    hour  mid 12648 2024-08-04 2026-08-19       639      0.0 2026-08-19T11:35
    eurusd    hour  bid 12648 2024-08-04 2026-08-19       639      0.0 2026-08-19T11:35
    eurusd    hour  ask 12648 2024-08-04 2026-08-19       639      0.0 2026-08-19T11:35
    eurusd     day  mid  7450 1999-01-04 2026-08-18      7450     79.3 2026-08-19T11:35
    eurusd     day  bid  7450 1999-01-04 2026-08-18      7450     79.3 2026-08-19T11:35
    eurusd     day  ask  7450 1999-01-04 2026-08-18      7450     79.3 2026-08-19T11:35
  uk100fut  minute  mid 37164 2026-07-12 2026-08-19        34      0.0 2026-08-19T11:35
  uk100fut  minute  bid 37164 2026-07-12 2026-08-19        34      0.0 2026-08-19T11:35
  uk100fut  minute  ask 37164 2026-07-12 2026-08-19        34      0.0 2026-08-19T11:35
  uk100fut quarter  mid 23368 2025-08-10 2026-08-19       311      0.0 2026-08-19T11:35
  uk100fut quarter  bid 23368 2025-08-10 2026-08-19       311      0.0 2026-08-19T11:35
  uk100fut quarter  ask 23368 2025-08-10 2026-08-19       311      0.0 2026-08-19T11:35
  uk100fut    hour  mid 11593 2024-08-11 2026-08-19       610      0.0 2026-08-19T11:35
  uk100fut    hour  bid 11593 2024-08-11 2026-08-19       610      0.0 2026-08-19T11:35
  uk100fut    hour  ask 11593 2024-08-11 2026-08-19       610      0.0 2026-08-19T11:35
  uk100fut     day  mid  1293 2021-07-05 2026-08-18      1293     49.3 2026-08-19T11:35
  uk100fut     day  bid  1293 2021-07-05 2026-08-18      1293     49.3 2026-08-19T11:35
  uk100fut     day  ask  1293 2021-07-05 2026-08-18      1293     49.3 2026-08-19T11:35
uk100sep26  minute  mid 37164 2026-07-12 2026-08-19        34      0.0 2026-08-19T11:35
uk100sep26  minute  bid 37164 2026-07-12 2026-08-19        34      0.0 2026-08-19T11:35
uk100sep26  minute  ask 37164 2026-07-12 2026-08-19        34      0.0 2026-08-19T11:35
uk100sep26 quarter  mid  4403 2026-06-11 2026-08-19        60      0.0 2026-08-19T11:35
uk100sep26 quarter  bid  4403 2026-06-11 2026-08-19        60      0.0 2026-08-19T11:35
uk100sep26 quarter  ask  4403 2026-06-11 2026-08-19        60      0.0 2026-08-19T11:35
uk100sep26    hour  mid  1111 2026-06-11 2026-08-19        60      0.0 2026-08-19T11:35
uk100sep26    hour  bid  1111 2026-06-11 2026-08-19        60      0.0 2026-08-19T11:35
uk100sep26    hour  ask  1111 2026-06-11 2026-08-19        60      0.0 2026-08-19T11:35
uk100sep26     day  mid    49 2026-06-11 2026-08-18        49      0.0 2026-08-19T11:35
uk100sep26     day  bid    49 2026-06-11 2026-08-18        49      0.0 2026-08-19T11:35
uk100sep26     day  ask    49 2026-06-11 2026-08-18        49      0.0 2026-08-19T11:35

spread (minute, n=44,165): median 1.00 pts | p90 5.00 | core 07:00-15:59 UTC median 0.80 pts (n=17,555)

spread (quarter, n=23,821): median 1.00 pts | p90 5.00 | core 07:00-15:59 UTC median 0.80 pts (n=9,497)

spread (hour, n=11,718): median 1.00 pts | p90 5.00 | core 07:00-15:59 UTC median 0.80 pts (n=4,636)

spread (day, n=3,756): median 0.00 pts | p90 5.00 | core 07:00-15:59 UTC median nan pts (n=0)
uk100/minute/mid: 44,161 bars | OK | zero-volume 0.0% | 155 gaps > one bar (weekends/closures expected)
uk100/minute/bid: 44,165 bars | OK | zero-volume 0.0% | 155 gaps > one bar (weekends/closures expected)
uk100/minute/ask: 44,165 bars | OK | zero-volume 0.0% | 155 gaps > one bar (weekends/closures expected)
uk100/quarter/mid: 23,821 bars | OK | zero-volume 0.0% | 455 gaps > one bar (weekends/closures expected)
uk100/quarter/bid: 23,821 bars | OK | zero-volume 0.0% | 455 gaps > one bar (weekends/closures expected)
uk100/quarter/ask: 23,821 bars | OK | zero-volume 0.0% | 455 gaps > one bar (weekends/closures expected)
uk100/hour/mid: 11,718 bars | OK | zero-volume 0.0% | 516 gaps > one bar (weekends/closures expected)
uk100/hour/bid: 11,718 bars | OK | zero-volume 0.0% | 516 gaps > one bar (weekends/closures expected)
uk100/hour/ask: 11,718 bars | OK | zero-volume 0.0% | 516 gaps > one bar (weekends/closures expected)
uk100/day/mid: 3,756 bars | OK | zero-volume 59.8% | 748 gaps > one bar (weekends/closures expected)
uk100/day/bid: 3,756 bars | known {'open_outside_hl': 2} | zero-volume 59.8% | 748 gaps > one bar (weekends/closures expected)
uk100/day/ask: 3,756 bars | known {'close_outside_hl': 2} | zero-volume 59.8% | 748 gaps > one bar (weekends/closures expected)
ger40/minute/mid: 44,003 bars | OK | zero-volume 0.0% | 191 gaps > one bar (weekends/closures expected)
ger40/minute/bid: 44,003 bars | OK | zero-volume 0.0% | 191 gaps > one bar (weekends/closures expected)
ger40/minute/ask: 44,003 bars | OK | zero-volume 0.0% | 191 gaps > one bar (weekends/closures expected)
ger40/quarter/mid: 23,854 bars | OK | zero-volume 0.0% | 458 gaps > one bar (weekends/closures expected)
ger40/quarter/bid: 23,854 bars | OK | zero-volume 0.0% | 458 gaps > one bar (weekends/closures expected)
ger40/quarter/ask: 23,854 bars | OK | zero-volume 0.0% | 458 gaps > one bar (weekends/closures expected)
ger40/hour/mid: 11,769 bars | OK | zero-volume 0.0% | 517 gaps > one bar (weekends/closures expected)
ger40/hour/bid: 11,769 bars | OK | zero-volume 0.0% | 517 gaps > one bar (weekends/closures expected)
ger40/hour/ask: 11,769 bars | OK | zero-volume 0.0% | 517 gaps > one bar (weekends/closures expected)
ger40/day/mid: 3,775 bars | OK | zero-volume 60.11% | 767 gaps > one bar (weekends/closures expected)
ger40/day/bid: 3,775 bars | OK | zero-volume 60.11% | 767 gaps > one bar (weekends/closures expected)
ger40/day/ask: 3,775 bars | OK | zero-volume 60.11% | 767 gaps > one bar (weekends/closures expected)
us30/minute/mid: 44,784 bars | OK | zero-volume 0.0% | 33 gaps > one bar (weekends/closures expected)
us30/minute/bid: 44,784 bars | OK | zero-volume 0.0% | 33 gaps > one bar (weekends/closures expected)
us30/minute/ask: 44,784 bars | OK | zero-volume 0.0% | 33 gaps > one bar (weekends/closures expected)
us30/quarter/mid: 24,500 bars | OK | zero-volume 0.0% | 272 gaps > one bar (weekends/closures expected)
us30/quarter/bid: 24,500 bars | OK | zero-volume 0.0% | 272 gaps > one bar (weekends/closures expected)
us30/quarter/ask: 24,500 bars | OK | zero-volume 0.0% | 272 gaps > one bar (weekends/closures expected)
us30/hour/mid: 12,039 bars | OK | zero-volume 0.0% | 528 gaps > one bar (weekends/closures expected)
us30/hour/bid: 12,039 bars | OK | zero-volume 0.0% | 528 gaps > one bar (weekends/closures expected)
us30/hour/ask: 12,039 bars | OK | zero-volume 0.0% | 528 gaps > one bar (weekends/closures expected)
us30/day/mid: 3,848 bars | OK | zero-volume 60.81% | 760 gaps > one bar (weekends/closures expected)
us30/day/bid: 3,848 bars | OK | zero-volume 60.81% | 760 gaps > one bar (weekends/closures expected)
us30/day/ask: 3,848 bars | OK | zero-volume 60.81% | 760 gaps > one bar (weekends/closures expected)
ustech100/minute/mid: 44,785 bars | OK | zero-volume 0.0% | 32 gaps > one bar (weekends/closures expected)
ustech100/minute/bid: 44,785 bars | OK | zero-volume 0.0% | 32 gaps > one bar (weekends/closures expected)
ustech100/minute/ask: 44,786 bars | OK | zero-volume 0.0% | 32 gaps > one bar (weekends/closures expected)
ustech100/quarter/mid: 24,500 bars | OK | zero-volume 0.0% | 273 gaps > one bar (weekends/closures expected)
ustech100/quarter/bid: 24,500 bars | OK | zero-volume 0.0% | 273 gaps > one bar (weekends/closures expected)
ustech100/quarter/ask: 24,500 bars | OK | zero-volume 0.0% | 273 gaps > one bar (weekends/closures expected)
ustech100/hour/mid: 12,040 bars | OK | zero-volume 0.0% | 528 gaps > one bar (weekends/closures expected)
ustech100/hour/bid: 12,040 bars | OK | zero-volume 0.0% | 528 gaps > one bar (weekends/closures expected)
ustech100/hour/ask: 12,040 bars | OK | zero-volume 0.0% | 528 gaps > one bar (weekends/closures expected)
ustech100/day/mid: 3,848 bars | OK | zero-volume 60.84% | 760 gaps > one bar (weekends/closures expected)
ustech100/day/bid: 3,848 bars | OK | zero-volume 60.84% | 760 gaps > one bar (weekends/closures expected)
ustech100/day/ask: 3,848 bars | OK | zero-volume 60.84% | 760 gaps > one bar (weekends/closures expected)
us500/minute/mid: 44,718 bars | OK | zero-volume 0.0% | 89 gaps > one bar (weekends/closures expected)
us500/minute/bid: 44,718 bars | OK | zero-volume 0.0% | 89 gaps > one bar (weekends/closures expected)
us500/minute/ask: 44,718 bars | OK | zero-volume 0.0% | 89 gaps > one bar (weekends/closures expected)
us500/quarter/mid: 24,493 bars | OK | zero-volume 0.0% | 272 gaps > one bar (weekends/closures expected)
us500/quarter/bid: 24,493 bars | OK | zero-volume 0.0% | 272 gaps > one bar (weekends/closures expected)
us500/quarter/ask: 24,493 bars | OK | zero-volume 0.0% | 272 gaps > one bar (weekends/closures expected)
us500/hour/mid: 12,039 bars | OK | zero-volume 0.0% | 528 gaps > one bar (weekends/closures expected)
us500/hour/bid: 12,039 bars | OK | zero-volume 0.0% | 528 gaps > one bar (weekends/closures expected)
us500/hour/ask: 12,039 bars | OK | zero-volume 0.0% | 528 gaps > one bar (weekends/closures expected)
us500/day/mid: 3,841 bars | OK | zero-volume 60.77% | 760 gaps > one bar (weekends/closures expected)
us500/day/bid: 3,841 bars | OK | zero-volume 60.77% | 760 gaps > one bar (weekends/closures expected)
us500/day/ask: 3,841 bars | OK | zero-volume 60.77% | 760 gaps > one bar (weekends/closures expected)
gold/minute/mid: 44,924 bars | OK | zero-volume 0.0% | 32 gaps > one bar (weekends/closures expected)
gold/minute/bid: 44,924 bars | OK | zero-volume 0.0% | 32 gaps > one bar (weekends/closures expected)
gold/minute/ask: 44,924 bars | OK | zero-volume 0.0% | 32 gaps > one bar (weekends/closures expected)
gold/quarter/mid: 24,617 bars | OK | zero-volume 0.0% | 271 gaps > one bar (weekends/closures expected)
gold/quarter/bid: 24,617 bars | OK | zero-volume 0.0% | 271 gaps > one bar (weekends/closures expected)
gold/quarter/ask: 24,617 bars | OK | zero-volume 0.0% | 271 gaps > one bar (weekends/closures expected)
gold/hour/mid: 12,065 bars | OK | zero-volume 0.0% | 526 gaps > one bar (weekends/closures expected)
gold/hour/bid: 12,065 bars | OK | zero-volume 0.0% | 526 gaps > one bar (weekends/closures expected)
gold/hour/ask: 12,065 bars | OK | zero-volume 0.0% | 526 gaps > one bar (weekends/closures expected)
gold/day/mid: 3,846 bars | OK | zero-volume 60.84% | 767 gaps > one bar (weekends/closures expected)
gold/day/bid: 3,846 bars | OK | zero-volume 60.84% | 767 gaps > one bar (weekends/closures expected)
gold/day/ask: 3,846 bars | OK | zero-volume 60.84% | 767 gaps > one bar (weekends/closures expected)
goldvar/minute/mid: 44,925 bars | OK | zero-volume 0.0% | 32 gaps > one bar (weekends/closures expected)
goldvar/minute/bid: 44,925 bars | OK | zero-volume 0.0% | 32 gaps > one bar (weekends/closures expected)
goldvar/minute/ask: 44,925 bars | OK | zero-volume 0.0% | 32 gaps > one bar (weekends/closures expected)
goldvar/quarter/mid: 24,617 bars | OK | zero-volume 0.0% | 271 gaps > one bar (weekends/closures expected)
goldvar/quarter/bid: 24,617 bars | OK | zero-volume 0.0% | 271 gaps > one bar (weekends/closures expected)
goldvar/quarter/ask: 24,617 bars | OK | zero-volume 0.0% | 271 gaps > one bar (weekends/closures expected)
goldvar/hour/mid: 12,065 bars | OK | zero-volume 0.0% | 526 gaps > one bar (weekends/closures expected)
goldvar/hour/bid: 12,065 bars | OK | zero-volume 0.0% | 526 gaps > one bar (weekends/closures expected)
goldvar/hour/ask: 12,065 bars | OK | zero-volume 0.0% | 526 gaps > one bar (weekends/closures expected)
goldvar/day/mid: 3,846 bars | OK | zero-volume 60.84% | 767 gaps > one bar (weekends/closures expected)
goldvar/day/bid: 3,846 bars | OK | zero-volume 60.84% | 767 gaps > one bar (weekends/closures expected)
goldvar/day/ask: 3,846 bars | OK | zero-volume 60.84% | 767 gaps > one bar (weekends/closures expected)
eurusd/minute/mid: 46,563 bars | OK | zero-volume 0.0% | 221 gaps > one bar (weekends/closures expected)
eurusd/minute/bid: 46,563 bars | OK | zero-volume 0.0% | 221 gaps > one bar (weekends/closures expected)
eurusd/minute/ask: 46,563 bars | OK | zero-volume 0.0% | 221 gaps > one bar (weekends/closures expected)
eurusd/quarter/mid: 25,848 bars | OK | zero-volume 0.0% | 58 gaps > one bar (weekends/closures expected)
eurusd/quarter/bid: 25,848 bars | OK | zero-volume 0.0% | 58 gaps > one bar (weekends/closures expected)
eurusd/quarter/ask: 25,848 bars | OK | zero-volume 0.0% | 58 gaps > one bar (weekends/closures expected)
eurusd/hour/mid: 12,648 bars | OK | zero-volume 0.0% | 111 gaps > one bar (weekends/closures expected)
eurusd/hour/bid: 12,648 bars | OK | zero-volume 0.0% | 111 gaps > one bar (weekends/closures expected)
eurusd/hour/ask: 12,648 bars | OK | zero-volume 0.0% | 111 gaps > one bar (weekends/closures expected)
eurusd/day/mid: 7,450 bars | OK | zero-volume 79.3% | 1,442 gaps > one bar (weekends/closures expected)
eurusd/day/bid: 7,450 bars | OK | zero-volume 79.3% | 1,442 gaps > one bar (weekends/closures expected)
eurusd/day/ask: 7,450 bars | OK | zero-volume 79.3% | 1,442 gaps > one bar (weekends/closures expected)
uk100fut/minute/mid: 37,164 bars | OK | zero-volume 0.0% | 137 gaps > one bar (weekends/closures expected)
uk100fut/minute/bid: 37,164 bars | OK | zero-volume 0.0% | 137 gaps > one bar (weekends/closures expected)
uk100fut/minute/ask: 37,164 bars | OK | zero-volume 0.0% | 137 gaps > one bar (weekends/closures expected)
uk100fut/quarter/mid: 23,368 bars | OK | zero-volume 0.0% | 447 gaps > one bar (weekends/closures expected)
uk100fut/quarter/bid: 23,368 bars | OK | zero-volume 0.0% | 447 gaps > one bar (weekends/closures expected)
uk100fut/quarter/ask: 23,368 bars | OK | zero-volume 0.0% | 447 gaps > one bar (weekends/closures expected)
uk100fut/hour/mid: 11,593 bars | OK | zero-volume 0.0% | 512 gaps > one bar (weekends/closures expected)
uk100fut/hour/bid: 11,593 bars | OK | zero-volume 0.0% | 512 gaps > one bar (weekends/closures expected)
uk100fut/hour/ask: 11,593 bars | OK | zero-volume 0.0% | 512 gaps > one bar (weekends/closures expected)
uk100fut/day/mid: 1,293 bars | OK | zero-volume 49.34% | 271 gaps > one bar (weekends/closures expected)
uk100fut/day/bid: 1,293 bars | known {'open_outside_hl': 1} | zero-volume 49.34% | 271 gaps > one bar (weekends/closures expected)
uk100fut/day/ask: 1,293 bars | known {'close_outside_hl': 1} | zero-volume 49.34% | 271 gaps > one bar (weekends/closures expected)
uk100sep26/minute/mid: 37,164 bars | OK | zero-volume 0.0% | 137 gaps > one bar (weekends/closures expected)
uk100sep26/minute/bid: 37,164 bars | OK | zero-volume 0.0% | 137 gaps > one bar (weekends/closures expected)
uk100sep26/minute/ask: 37,164 bars | OK | zero-volume 0.0% | 137 gaps > one bar (weekends/closures expected)
uk100sep26/quarter/mid: 4,403 bars | OK | zero-volume 0.0% | 88 gaps > one bar (weekends/closures expected)
uk100sep26/quarter/bid: 4,403 bars | OK | zero-volume 0.0% | 88 gaps > one bar (weekends/closures expected)
uk100sep26/quarter/ask: 4,403 bars | OK | zero-volume 0.0% | 88 gaps > one bar (weekends/closures expected)
uk100sep26/hour/mid: 1,111 bars | OK | zero-volume 0.0% | 49 gaps > one bar (weekends/closures expected)
uk100sep26/hour/bid: 1,111 bars | OK | zero-volume 0.0% | 49 gaps > one bar (weekends/closures expected)
uk100sep26/hour/ask: 1,111 bars | OK | zero-volume 0.0% | 49 gaps > one bar (weekends/closures expected)
uk100sep26/day/mid: 49 bars | OK | zero-volume 0.0% | 10 gaps > one bar (weekends/closures expected)
uk100sep26/day/bid: 49 bars | OK | zero-volume 0.0% | 10 gaps > one bar (weekends/closures expected)
uk100sep26/day/ask: 49 bars | OK | zero-volume 0.0% | 10 gaps > one bar (weekends/closures expected)

All structural checks passed (known baseline accepted).

=== uk100  (cash 8.0-16.5 London) ===
    1min:  44,161 bars (16,591 cash) 2026-07-03 -> 2026-08-19   spread 0.8
   15min:  23,821 bars ( 8,965 cash) 2025-08-03 -> 2026-08-19   spread 0.8
      1h:  11,718 bars ( 4,632 cash) 2024-08-04 -> 2026-08-19   spread 0.8
      4h:   3,192 bars ( 1,545 cash) 2024-08-04 -> 2026-08-19   spread 0.8
      1d:   3,756 bars ( 3,756 cash) 2012-03-26 -> 2026-08-18   spread 0.0

=== ger40  (cash 8.0-16.5 London) ===
    1min:  44,003 bars (16,592 cash) 2026-07-05 -> 2026-08-19   spread 1.0
   15min:  23,854 bars ( 8,959 cash) 2025-08-04 -> 2026-08-19   spread 1.0
      1h:  11,769 bars ( 4,648 cash) 2024-08-04 -> 2026-08-19   spread 1.0
      4h:   3,207 bars ( 1,549 cash) 2024-08-04 -> 2026-08-19   spread 1.0
      1d:   3,775 bars ( 3,775 cash) 2012-01-30 -> 2026-08-18   spread 0.0

=== us500  (cash 9.5-16.0 London) ===
    1min:  44,718 bars (12,475 cash) 2026-07-05 -> 2026-08-19   spread 0.4
   15min:  24,493 bars ( 6,865 cash) 2025-08-04 -> 2026-08-19   spread 0.4
      1h:  12,039 bars ( 3,098 cash) 2024-08-04 -> 2026-08-19   spread 0.4
      4h:   3,149 bars (   551 cash) 2024-08-04 -> 2026-08-19   spread 0.425
      1d:   3,841 bars ( 3,841 cash) 2012-03-13 -> 2026-08-18   spread 0.0

=== us30  (cash 9.5-16.0 London) ===
    1min:  44,784 bars (12,480 cash) 2026-07-05 -> 2026-08-19   spread 1.9
   15min:  24,500 bars ( 6,871 cash) 2025-08-04 -> 2026-08-19   spread 1.9
      1h:  12,039 bars ( 3,098 cash) 2024-08-04 -> 2026-08-19   spread 1.9
      4h:   3,149 bars (   551 cash) 2024-08-04 -> 2026-08-19   spread 2.2667
      1d:   3,848 bars ( 3,848 cash) 2012-03-05 -> 2026-08-18   spread 0.0

=== ustech100  (cash 9.5-16.0 London) ===
    1min:  44,785 bars (12,480 cash) 2026-07-05 -> 2026-08-19   spread 0.9
   15min:  24,500 bars ( 6,871 cash) 2025-08-04 -> 2026-08-19   spread 0.9
      1h:  12,040 bars ( 3,098 cash) 2024-08-04 -> 2026-08-19   spread 0.9
      4h:   3,149 bars (   551 cash) 2024-08-04 -> 2026-08-19   spread 1.125
      1d:   3,848 bars ( 3,848 cash) 2012-03-05 -> 2026-08-18   spread 0.0

=== gold  (cash 8.0-16.0 London) ===
    1min:  44,924 bars (15,360 cash) 2026-07-05 -> 2026-08-19   spread 0.4
   15min:  24,617 bars ( 8,517 cash) 2025-08-04 -> 2026-08-19   spread 0.4
      1h:  12,065 bars ( 4,180 cash) 2024-08-04 -> 2026-08-19   spread 0.3
      4h:   3,263 bars ( 1,034 cash) 2024-08-04 -> 2026-08-19   spread 0.45
      1d:   3,846 bars ( 3,846 cash) 2011-12-30 -> 2026-08-18   spread 0.0

=== goldvar  (cash 8.0-16.0 London) ===
    1min:  44,925 bars (15,360 cash) 2026-07-05 -> 2026-08-19   spread 0.4
   15min:  24,617 bars ( 8,517 cash) 2025-08-04 -> 2026-08-19   spread 0.4
      1h:  12,065 bars ( 4,180 cash) 2024-08-04 -> 2026-08-19   spread 0.3
      4h:   3,263 bars ( 1,034 cash) 2024-08-04 -> 2026-08-19   spread 0.4
      1d:   3,846 bars ( 3,846 cash) 2011-12-30 -> 2026-08-18   spread 0.0

=== eurusd  (cash 8.0-21.0 London) ===
    1min:  46,563 bars (25,234 cash) 2026-07-05 -> 2026-08-19   spread 0.0001
   15min:  25,848 bars (13,980 cash) 2025-08-04 -> 2026-08-19   spread 0.0001
      1h:  12,648 bars ( 6,845 cash) 2024-08-04 -> 2026-08-19   spread 0.0
      4h:   3,272 bars ( 2,105 cash) 2024-08-04 -> 2026-08-19   spread 0.0
      1d:   7,450 bars ( 7,450 cash) 1999-01-04 -> 2026-08-18   spread 0.0

=== uk100fut  (cash 8.0-16.5 London) ===
    1min:  37,164 bars (14,045 cash) 2026-07-12 -> 2026-08-19   spread 1.3
   15min:  23,368 bars ( 8,795 cash) 2025-08-10 -> 2026-08-19   spread 1.3
      1h:  11,593 bars ( 4,587 cash) 2024-08-11 -> 2026-08-19   spread 1.3
      4h:   3,158 bars ( 1,530 cash) 2024-08-11 -> 2026-08-19   spread 1.3
      1d:   1,293 bars ( 1,293 cash) 2021-07-05 -> 2026-08-18   spread 5.0

=== uk100sep26  (cash 8.0-16.5 London) ===
    1min:  37,164 bars (14,045 cash) 2026-07-12 -> 2026-08-19   spread 4.0
   15min:   4,403 bars ( 1,650 cash) 2026-06-11 -> 2026-08-19   spread 4.0
      1h:   1,111 bars (   436 cash) 2026-06-11 -> 2026-08-19   spread 4.0
      4h:     303 bars (   145 cash) 2026-06-11 -> 2026-08-19   spread 4.0
      1d:      49 bars (    49 cash) 2026-06-11 -> 2026-08-18   spread 6.0

Wrote /Users/r.john/git/vc-tx2/clean_finsa/
uk100      14/14 passed
ger40      14/14 passed
us500      14/14 passed
us30       14/14 passed
ustech100  14/14 passed
gold       14/14 passed
goldvar    14/14 passed
eurusd     14/14 passed
uk100fut   14/14 passed
uk100sep26 14/14 passed

140/140 checks passed overall.
=== done 2026-08-19T11:36:08Z sync=0 validate=0 build=0 verify=0 ===
=== sync start 2026-08-19T12:16:23Z ===

=== uk100 (id 16645) -> /Users/r.john/git/vc-tx2/data ===
  minute/mid:
      page 1: 10,000 bars  2026-08-10 02:17:00+00:00 -> 2026-08-19 12:16:00+00:00
      page 2: 10,000 bars  2026-07-29 15:26:00+00:00 -> 2026-08-10 02:16:00+00:00
      page 3: 10,000 bars  2026-07-20 06:38:00+00:00 -> 2026-07-29 15:25:00+00:00
      page 4:    510 bars  2026-07-19 22:08:00+00:00 -> 2026-07-20 06:37:00+00:00
      fetched 30,509 | +45 new | store 44,206 bars  2026-07-03 -> 2026-08-19

  minute/bid:
      page 1: 10,000 bars  2026-08-10 02:17:00+00:00 -> 2026-08-19 12:16:00+00:00
      page 2: 10,000 bars  2026-07-29 15:26:00+00:00 -> 2026-08-10 02:16:00+00:00
      page 3: 10,000 bars  2026-07-20 06:38:00+00:00 -> 2026-07-29 15:25:00+00:00
      page 4:    510 bars  2026-07-19 22:08:00+00:00 -> 2026-07-20 06:37:00+00:00
      fetched 30,509 | +1 new | store 44,206 bars  2026-07-03 -> 2026-08-19

  minute/ask:
      page 1: 10,000 bars  2026-08-10 02:17:00+00:00 -> 2026-08-19 12:16:00+00:00
      page 2: 10,000 bars  2026-07-29 15:26:00+00:00 -> 2026-08-10 02:16:00+00:00
      page 3: 10,000 bars  2026-07-20 06:38:00+00:00 -> 2026-07-29 15:25:00+00:00
      page 4:    510 bars  2026-07-19 22:08:00+00:00 -> 2026-07-20 06:37:00+00:00
      fetched 30,509 | +1 new | store 44,206 bars  2026-07-03 -> 2026-08-19

  quarter/mid:
      page 1: 10,000 bars  2026-03-11 20:15:00+00:00 -> 2026-08-19 12:15:00+00:00
      page 2: 10,000 bars  2025-10-02 07:30:00+00:00 -> 2026-03-11 20:00:00+00:00
      page 3:  2,772 bars  2025-08-19 12:30:00+00:00 -> 2025-10-02 07:15:00+00:00
      fetched 22,771 | +3 new | store 23,824 bars  2025-08-03 -> 2026-08-19

  quarter/bid:
      page 1: 10,000 bars  2026-03-11 20:15:00+00:00 -> 2026-08-19 12:15:00+00:00
      page 2: 10,000 bars  2025-10-02 07:30:00+00:00 -> 2026-03-11 20:00:00+00:00
      page 3:  2,772 bars  2025-08-19 12:30:00+00:00 -> 2025-10-02 07:15:00+00:00
      fetched 22,771 | +3 new | store 23,824 bars  2025-08-03 -> 2026-08-19

  quarter/ask:
      page 1: 10,000 bars  2026-03-11 20:15:00+00:00 -> 2026-08-19 12:15:00+00:00
      page 2: 10,000 bars  2025-10-02 07:30:00+00:00 -> 2026-03-11 20:00:00+00:00
      page 3:  2,772 bars  2025-08-19 12:30:00+00:00 -> 2025-10-02 07:15:00+00:00
      fetched 22,771 | +3 new | store 23,824 bars  2025-08-03 -> 2026-08-19

  hour/mid:
      page 1: 10,000 bars  2024-11-19 11:00:00+00:00 -> 2026-08-19 12:00:00+00:00
      page 2:  1,477 bars  2024-08-19 13:00:00+00:00 -> 2024-11-19 10:00:00+00:00
      fetched 11,476 | +1 new | store 11,719 bars  2024-08-04 -> 2026-08-19

  hour/bid:
      page 1: 10,000 bars  2024-11-19 11:00:00+00:00 -> 2026-08-19 12:00:00+00:00
      page 2:  1,477 bars  2024-08-19 13:00:00+00:00 -> 2024-11-19 10:00:00+00:00
      fetched 11,476 | +1 new | store 11,719 bars  2024-08-04 -> 2026-08-19

  hour/ask:
      page 1: 10,000 bars  2024-11-19 11:00:00+00:00 -> 2026-08-19 12:00:00+00:00
      page 2:  1,477 bars  2024-08-19 13:00:00+00:00 -> 2024-11-19 10:00:00+00:00
      fetched 11,476 | +1 new | store 11,719 bars  2024-08-04 -> 2026-08-19

  day/mid:
      page 1:  3,757 bars  2012-03-26 00:00:00+00:00 -> 2026-08-19 00:00:00+00:00
      fetched 3,756 | +0 new | store 3,756 bars  2012-03-26 -> 2026-08-18

  day/bid:
      page 1:  3,757 bars  2012-03-26 00:00:00+00:00 -> 2026-08-19 00:00:00+00:00
      fetched 3,756 | +0 new | store 3,756 bars  2012-03-26 -> 2026-08-18  !! {'open_outside_hl': 2}

  day/ask:
      page 1:  3,757 bars  2012-03-26 00:00:00+00:00 -> 2026-08-19 00:00:00+00:00
      fetched 3,756 | +0 new | store 3,756 bars  2012-03-26 -> 2026-08-18  !! {'close_outside_hl': 2}


=== ger40 (id 17068) -> /Users/r.john/git/vc-tx2/data ===
  minute/mid:
      page 1: 10,000 bars  2026-08-10 02:38:00+00:00 -> 2026-08-19 12:16:00+00:00
      page 2: 10,000 bars  2026-07-29 15:45:00+00:00 -> 2026-08-10 02:37:00+00:00
      page 3: 10,000 bars  2026-07-20 07:03:00+00:00 -> 2026-07-29 15:44:00+00:00
      page 4:    538 bars  2026-07-19 22:03:00+00:00 -> 2026-07-20 07:02:00+00:00
      fetched 30,537 | +44 new | store 44,047 bars  2026-07-05 -> 2026-08-19

  minute/bid:
      page 1: 10,000 bars  2026-08-10 02:38:00+00:00 -> 2026-08-19 12:16:00+00:00
      page 2: 10,000 bars  2026-07-29 15:45:00+00:00 -> 2026-08-10 02:37:00+00:00
      page 3: 10,000 bars  2026-07-20 07:03:00+00:00 -> 2026-07-29 15:44:00+00:00
      page 4:    538 bars  2026-07-19 22:03:00+00:00 -> 2026-07-20 07:02:00+00:00
      fetched 30,537 | +44 new | store 44,047 bars  2026-07-05 -> 2026-08-19

  minute/ask:
      page 1: 10,000 bars  2026-08-10 02:38:00+00:00 -> 2026-08-19 12:16:00+00:00
      page 2: 10,000 bars  2026-07-29 15:45:00+00:00 -> 2026-08-10 02:37:00+00:00
      page 3: 10,000 bars  2026-07-20 07:03:00+00:00 -> 2026-07-29 15:44:00+00:00
      page 4:    538 bars  2026-07-19 22:03:00+00:00 -> 2026-07-20 07:02:00+00:00
      fetched 30,537 | +44 new | store 44,047 bars  2026-07-05 -> 2026-08-19

  quarter/mid:
      page 1: 10,000 bars  2026-03-13 02:30:00+00:00 -> 2026-08-19 12:15:00+00:00
      page 2: 10,000 bars  2025-10-02 10:30:00+00:00 -> 2026-03-13 02:15:00+00:00
      page 3:  2,883 bars  2025-08-19 12:30:00+00:00 -> 2025-10-02 10:15:00+00:00
      fetched 22,882 | +3 new | store 23,857 bars  2025-08-04 -> 2026-08-19

  quarter/bid:
      page 1: 10,000 bars  2026-03-13 02:30:00+00:00 -> 2026-08-19 12:15:00+00:00
      page 2: 10,000 bars  2025-10-02 10:30:00+00:00 -> 2026-03-13 02:15:00+00:00
      page 3:  2,883 bars  2025-08-19 12:30:00+00:00 -> 2025-10-02 10:15:00+00:00
      fetched 22,882 | +3 new | store 23,857 bars  2025-08-04 -> 2026-08-19

  quarter/ask:
      page 1: 10,000 bars  2026-03-13 02:30:00+00:00 -> 2026-08-19 12:15:00+00:00
      page 2: 10,000 bars  2025-10-02 10:30:00+00:00 -> 2026-03-13 02:15:00+00:00
      page 3:  2,883 bars  2025-08-19 12:30:00+00:00 -> 2025-10-02 10:15:00+00:00
      fetched 22,882 | +3 new | store 23,857 bars  2025-08-04 -> 2026-08-19

  hour/mid:
      page 1: 10,000 bars  2024-11-20 14:00:00+00:00 -> 2026-08-19 12:00:00+00:00
      page 2:  1,528 bars  2024-08-19 13:00:00+00:00 -> 2024-11-20 13:00:00+00:00
      fetched 11,527 | +1 new | store 11,770 bars  2024-08-04 -> 2026-08-19

  hour/bid:
      page 1: 10,000 bars  2024-11-20 14:00:00+00:00 -> 2026-08-19 12:00:00+00:00
      page 2:  1,528 bars  2024-08-19 13:00:00+00:00 -> 2024-11-20 13:00:00+00:00
      fetched 11,527 | +1 new | store 11,770 bars  2024-08-04 -> 2026-08-19

  hour/ask:
      page 1: 10,000 bars  2024-11-20 14:00:00+00:00 -> 2026-08-19 12:00:00+00:00
      page 2:  1,528 bars  2024-08-19 13:00:00+00:00 -> 2024-11-20 13:00:00+00:00
      fetched 11,527 | +1 new | store 11,770 bars  2024-08-04 -> 2026-08-19

  day/mid:
      page 1:  3,776 bars  2012-01-30 00:00:00+00:00 -> 2026-08-19 00:00:00+00:00
      fetched 3,775 | +0 new | store 3,775 bars  2012-01-30 -> 2026-08-18

  day/bid:
      page 1:  3,776 bars  2012-01-30 00:00:00+00:00 -> 2026-08-19 00:00:00+00:00
      fetched 3,775 | +0 new | store 3,775 bars  2012-01-30 -> 2026-08-18

  day/ask:
      page 1:  3,776 bars  2012-01-30 00:00:00+00:00 -> 2026-08-19 00:00:00+00:00
      fetched 3,775 | +0 new | store 3,775 bars  2012-01-30 -> 2026-08-18


=== us30 (id 17322) -> /Users/r.john/git/vc-tx2/data ===
  minute/mid:
      page 1: 10,000 bars  2026-08-10 06:06:00+00:00 -> 2026-08-19 12:17:00+00:00
      page 2: 10,000 bars  2026-07-29 23:24:00+00:00 -> 2026-08-10 06:05:00+00:00
      page 3: 10,000 bars  2026-07-20 16:13:00+00:00 -> 2026-07-29 23:23:00+00:00
      page 4:  1,092 bars  2026-07-19 22:01:00+00:00 -> 2026-07-20 16:12:00+00:00
      fetched 31,091 | +45 new | store 44,829 bars  2026-07-05 -> 2026-08-19

  minute/bid:
      page 1: 10,000 bars  2026-08-10 06:06:00+00:00 -> 2026-08-19 12:17:00+00:00
      page 2: 10,000 bars  2026-07-29 23:24:00+00:00 -> 2026-08-10 06:05:00+00:00
      page 3: 10,000 bars  2026-07-20 16:13:00+00:00 -> 2026-07-29 23:23:00+00:00
      page 4:  1,092 bars  2026-07-19 22:01:00+00:00 -> 2026-07-20 16:12:00+00:00
      fetched 31,091 | +45 new | store 44,829 bars  2026-07-05 -> 2026-08-19

  minute/ask:
      page 1: 10,000 bars  2026-08-10 06:06:00+00:00 -> 2026-08-19 12:17:00+00:00
      page 2: 10,000 bars  2026-07-29 23:24:00+00:00 -> 2026-08-10 06:05:00+00:00
      page 3: 10,000 bars  2026-07-20 16:13:00+00:00 -> 2026-07-29 23:23:00+00:00
      page 4:  1,092 bars  2026-07-19 22:01:00+00:00 -> 2026-07-20 16:12:00+00:00
      fetched 31,091 | +45 new | store 44,829 bars  2026-07-05 -> 2026-08-19

  quarter/mid:
      page 1: 10,000 bars  2026-03-18 13:00:00+00:00 -> 2026-08-19 12:15:00+00:00
      page 2: 10,000 bars  2025-10-13 02:30:00+00:00 -> 2026-03-18 12:45:00+00:00
      page 3:  3,516 bars  2025-08-19 12:30:00+00:00 -> 2025-10-13 02:15:00+00:00
      fetched 23,515 | +3 new | store 24,503 bars  2025-08-04 -> 2026-08-19

  quarter/bid:
      page 1: 10,000 bars  2026-03-18 13:00:00+00:00 -> 2026-08-19 12:15:00+00:00
      page 2: 10,000 bars  2025-10-13 02:30:00+00:00 -> 2026-03-18 12:45:00+00:00
      page 3:  3,516 bars  2025-08-19 12:30:00+00:00 -> 2025-10-13 02:15:00+00:00
      fetched 23,515 | +3 new | store 24,503 bars  2025-08-04 -> 2026-08-19

  quarter/ask:
      page 1: 10,000 bars  2026-03-18 13:00:00+00:00 -> 2026-08-19 12:15:00+00:00
      page 2: 10,000 bars  2025-10-13 02:30:00+00:00 -> 2026-03-18 12:45:00+00:00
      page 3:  3,516 bars  2025-08-19 12:30:00+00:00 -> 2025-10-13 02:15:00+00:00
      fetched 23,515 | +3 new | store 24,503 bars  2025-08-04 -> 2026-08-19

  hour/mid:
      page 1: 10,000 bars  2024-12-06 04:00:00+00:00 -> 2026-08-19 12:00:00+00:00
      page 2:  1,796 bars  2024-08-19 13:00:00+00:00 -> 2024-12-06 03:00:00+00:00
      fetched 11,795 | +1 new | store 12,040 bars  2024-08-04 -> 2026-08-19

  hour/bid:
      page 1: 10,000 bars  2024-12-06 04:00:00+00:00 -> 2026-08-19 12:00:00+00:00
      page 2:  1,796 bars  2024-08-19 13:00:00+00:00 -> 2024-12-06 03:00:00+00:00
      fetched 11,795 | +1 new | store 12,040 bars  2024-08-04 -> 2026-08-19

  hour/ask:
      page 1: 10,000 bars  2024-12-06 04:00:00+00:00 -> 2026-08-19 12:00:00+00:00
      page 2:  1,796 bars  2024-08-19 13:00:00+00:00 -> 2024-12-06 03:00:00+00:00
      fetched 11,795 | +1 new | store 12,040 bars  2024-08-04 -> 2026-08-19

  day/mid:
      page 1:  3,849 bars  2012-03-05 00:00:00+00:00 -> 2026-08-19 00:00:00+00:00
      fetched 3,848 | +0 new | store 3,848 bars  2012-03-05 -> 2026-08-18

  day/bid:
      page 1:  3,849 bars  2012-03-05 00:00:00+00:00 -> 2026-08-19 00:00:00+00:00
      fetched 3,848 | +0 new | store 3,848 bars  2012-03-05 -> 2026-08-18

  day/ask:
      page 1:  3,849 bars  2012-03-05 00:00:00+00:00 -> 2026-08-19 00:00:00+00:00
      fetched 3,848 | +0 new | store 3,848 bars  2012-03-05 -> 2026-08-18


=== nas100 (id 20190) -> /Users/r.john/git/vc-tx2/data ===
  minute/mid:
      page 1: 10,000 bars  2026-08-10 06:07:00+00:00 -> 2026-08-19 12:17:00+00:00
      page 2: 10,000 bars  2026-07-29 23:25:00+00:00 -> 2026-08-10 06:06:00+00:00
      page 3: 10,000 bars  2026-07-20 16:14:00+00:00 -> 2026-07-29 23:24:00+00:00
      page 4:  1,093 bars  2026-07-19 22:01:00+00:00 -> 2026-07-20 16:13:00+00:00
      fetched 31,092 | +45 new | store 44,830 bars  2026-07-05 -> 2026-08-19

  minute/bid:
      page 1: 10,000 bars  2026-08-10 06:07:00+00:00 -> 2026-08-19 12:17:00+00:00
      page 2: 10,000 bars  2026-07-29 23:25:00+00:00 -> 2026-08-10 06:06:00+00:00
      page 3: 10,000 bars  2026-07-20 16:14:00+00:00 -> 2026-07-29 23:24:00+00:00
      page 4:  1,093 bars  2026-07-19 22:01:00+00:00 -> 2026-07-20 16:13:00+00:00
      fetched 31,092 | +45 new | store 44,830 bars  2026-07-05 -> 2026-08-19

  minute/ask:
      page 1: 10,000 bars  2026-08-10 06:07:00+00:00 -> 2026-08-19 12:17:00+00:00
      page 2: 10,000 bars  2026-07-29 23:25:00+00:00 -> 2026-08-10 06:06:00+00:00
      page 3: 10,000 bars  2026-07-20 16:14:00+00:00 -> 2026-07-29 23:24:00+00:00
      page 4:  1,093 bars  2026-07-19 22:01:00+00:00 -> 2026-07-20 16:13:00+00:00
      fetched 31,092 | +44 new | store 44,830 bars  2026-07-05 -> 2026-08-19

  quarter/mid:
      page 1: 10,000 bars  2026-03-18 13:15:00+00:00 -> 2026-08-19 12:15:00+00:00
      page 2: 10,000 bars  2025-10-13 02:30:00+00:00 -> 2026-03-18 13:00:00+00:00
      page 3:  3,516 bars  2025-08-19 12:30:00+00:00 -> 2025-10-13 02:15:00+00:00
      fetched 23,515 | +3 new | store 24,503 bars  2025-08-04 -> 2026-08-19

  quarter/bid:
      page 1: 10,000 bars  2026-03-18 13:15:00+00:00 -> 2026-08-19 12:15:00+00:00
      page 2: 10,000 bars  2025-10-13 02:30:00+00:00 -> 2026-03-18 13:00:00+00:00
      page 3:  3,516 bars  2025-08-19 12:30:00+00:00 -> 2025-10-13 02:15:00+00:00
      fetched 23,515 | +3 new | store 24,503 bars  2025-08-04 -> 2026-08-19

  quarter/ask:
      page 1: 10,000 bars  2026-03-18 13:15:00+00:00 -> 2026-08-19 12:15:00+00:00
      page 2: 10,000 bars  2025-10-13 02:30:00+00:00 -> 2026-03-18 13:00:00+00:00
      page 3:  3,516 bars  2025-08-19 12:30:00+00:00 -> 2025-10-13 02:15:00+00:00
      fetched 23,515 | +3 new | store 24,503 bars  2025-08-04 -> 2026-08-19

  hour/mid:
      page 1: 10,000 bars  2024-12-06 05:00:00+00:00 -> 2026-08-19 12:00:00+00:00
      page 2:  1,797 bars  2024-08-19 13:00:00+00:00 -> 2024-12-06 04:00:00+00:00
      fetched 11,796 | +1 new | store 12,041 bars  2024-08-04 -> 2026-08-19

  hour/bid:
      page 1: 10,000 bars  2024-12-06 05:00:00+00:00 -> 2026-08-19 12:00:00+00:00
      page 2:  1,797 bars  2024-08-19 13:00:00+00:00 -> 2024-12-06 04:00:00+00:00
      fetched 11,796 | +1 new | store 12,041 bars  2024-08-04 -> 2026-08-19

  hour/ask:
      page 1: 10,000 bars  2024-12-06 05:00:00+00:00 -> 2026-08-19 12:00:00+00:00
      page 2:  1,797 bars  2024-08-19 13:00:00+00:00 -> 2024-12-06 04:00:00+00:00
      fetched 11,796 | +1 new | store 12,041 bars  2024-08-04 -> 2026-08-19

  day/mid:
      page 1:  3,849 bars  2012-03-05 00:00:00+00:00 -> 2026-08-19 00:00:00+00:00
      fetched 3,848 | +0 new | store 3,848 bars  2012-03-05 -> 2026-08-18

  day/bid:
      page 1:  3,849 bars  2012-03-05 00:00:00+00:00 -> 2026-08-19 00:00:00+00:00
      fetched 3,848 | +0 new | store 3,848 bars  2012-03-05 -> 2026-08-18

  day/ask:
      page 1:  3,849 bars  2012-03-05 00:00:00+00:00 -> 2026-08-19 00:00:00+00:00
      fetched 3,848 | +0 new | store 3,848 bars  2012-03-05 -> 2026-08-18


=== us500 (id 67995) -> /Users/r.john/git/vc-tx2/data ===
  minute/mid:
      page 1: 10,000 bars  2026-08-10 05:05:00+00:00 -> 2026-08-19 12:18:00+00:00
      page 2: 10,000 bars  2026-07-29 22:22:00+00:00 -> 2026-08-10 05:04:00+00:00
      page 3: 10,000 bars  2026-07-20 15:10:00+00:00 -> 2026-07-29 22:21:00+00:00
      page 4:  1,026 bars  2026-07-19 22:04:00+00:00 -> 2026-07-20 15:09:00+00:00
      fetched 31,025 | +45 new | store 44,763 bars  2026-07-05 -> 2026-08-19

  minute/bid:
      page 1: 10,000 bars  2026-08-10 05:05:00+00:00 -> 2026-08-19 12:18:00+00:00
      page 2: 10,000 bars  2026-07-29 22:22:00+00:00 -> 2026-08-10 05:04:00+00:00
      page 3: 10,000 bars  2026-07-20 15:10:00+00:00 -> 2026-07-29 22:21:00+00:00
      page 4:  1,026 bars  2026-07-19 22:04:00+00:00 -> 2026-07-20 15:09:00+00:00
      fetched 31,025 | +45 new | store 44,763 bars  2026-07-05 -> 2026-08-19

  minute/ask:
      page 1: 10,000 bars  2026-08-10 05:05:00+00:00 -> 2026-08-19 12:18:00+00:00
      page 2: 10,000 bars  2026-07-29 22:22:00+00:00 -> 2026-08-10 05:04:00+00:00
      page 3: 10,000 bars  2026-07-20 15:10:00+00:00 -> 2026-07-29 22:21:00+00:00
      page 4:  1,026 bars  2026-07-19 22:04:00+00:00 -> 2026-07-20 15:09:00+00:00
      fetched 31,025 | +45 new | store 44,763 bars  2026-07-05 -> 2026-08-19

  quarter/mid:
      page 1: 10,000 bars  2026-03-18 12:00:00+00:00 -> 2026-08-19 12:15:00+00:00
      page 2: 10,000 bars  2025-10-13 01:15:00+00:00 -> 2026-03-18 11:45:00+00:00
      page 3:  3,511 bars  2025-08-19 12:30:00+00:00 -> 2025-10-13 01:00:00+00:00
      fetched 23,510 | +3 new | store 24,496 bars  2025-08-04 -> 2026-08-19

  quarter/bid:
      page 1: 10,000 bars  2026-03-18 12:00:00+00:00 -> 2026-08-19 12:15:00+00:00
      page 2: 10,000 bars  2025-10-13 01:15:00+00:00 -> 2026-03-18 11:45:00+00:00
      page 3:  3,511 bars  2025-08-19 12:30:00+00:00 -> 2025-10-13 01:00:00+00:00
      fetched 23,510 | +3 new | store 24,496 bars  2025-08-04 -> 2026-08-19

  quarter/ask:
      page 1: 10,000 bars  2026-03-18 12:00:00+00:00 -> 2026-08-19 12:15:00+00:00
      page 2: 10,000 bars  2025-10-13 01:15:00+00:00 -> 2026-03-18 11:45:00+00:00
      page 3:  3,511 bars  2025-08-19 12:30:00+00:00 -> 2025-10-13 01:00:00+00:00
      fetched 23,510 | +3 new | store 24,496 bars  2025-08-04 -> 2026-08-19

  hour/mid:
      page 1: 10,000 bars  2024-12-06 04:00:00+00:00 -> 2026-08-19 12:00:00+00:00
      page 2:  1,796 bars  2024-08-19 13:00:00+00:00 -> 2024-12-06 03:00:00+00:00
      fetched 11,795 | +1 new | store 12,040 bars  2024-08-04 -> 2026-08-19

  hour/bid:
      page 1: 10,000 bars  2024-12-06 04:00:00+00:00 -> 2026-08-19 12:00:00+00:00
      page 2:  1,796 bars  2024-08-19 13:00:00+00:00 -> 2024-12-06 03:00:00+00:00
      fetched 11,795 | +1 new | store 12,040 bars  2024-08-04 -> 2026-08-19

  hour/ask:
      page 1: 10,000 bars  2024-12-06 04:00:00+00:00 -> 2026-08-19 12:00:00+00:00
      page 2:  1,796 bars  2024-08-19 13:00:00+00:00 -> 2024-12-06 03:00:00+00:00
      fetched 11,795 | +1 new | store 12,040 bars  2024-08-04 -> 2026-08-19

  day/mid:
      page 1:  3,842 bars  2012-03-13 00:00:00+00:00 -> 2026-08-19 00:00:00+00:00
      fetched 3,841 | +0 new | store 3,841 bars  2012-03-13 -> 2026-08-18

  day/bid:
      page 1:  3,842 bars  2012-03-13 00:00:00+00:00 -> 2026-08-19 00:00:00+00:00
      fetched 3,841 | +0 new | store 3,841 bars  2012-03-13 -> 2026-08-18

  day/ask:
      page 1:  3,842 bars  2012-03-13 00:00:00+00:00 -> 2026-08-19 00:00:00+00:00
      fetched 3,841 | +0 new | store 3,841 bars  2012-03-13 -> 2026-08-18


=== gold (id 68924) -> /Users/r.john/git/vc-tx2/data ===
  minute/mid:
      page 1: 10,000 bars  2026-08-10 06:30:00+00:00 -> 2026-08-19 12:18:00+00:00
      page 2: 10,000 bars  2026-07-30 00:39:00+00:00 -> 2026-08-10 06:29:00+00:00
      page 3: 10,000 bars  2026-07-20 17:49:00+00:00 -> 2026-07-30 00:38:00+00:00
      page 4:  1,184 bars  2026-07-19 22:05:00+00:00 -> 2026-07-20 17:48:00+00:00
      fetched 31,183 | +45 new | store 44,969 bars  2026-07-05 -> 2026-08-19

  minute/bid:
      page 1: 10,000 bars  2026-08-10 06:30:00+00:00 -> 2026-08-19 12:18:00+00:00
      page 2: 10,000 bars  2026-07-30 00:39:00+00:00 -> 2026-08-10 06:29:00+00:00
      page 3: 10,000 bars  2026-07-20 17:49:00+00:00 -> 2026-07-30 00:38:00+00:00
      page 4:  1,184 bars  2026-07-19 22:05:00+00:00 -> 2026-07-20 17:48:00+00:00
      fetched 31,183 | +45 new | store 44,969 bars  2026-07-05 -> 2026-08-19

  minute/ask:
      page 1: 10,000 bars  2026-08-10 06:30:00+00:00 -> 2026-08-19 12:18:00+00:00
      page 2: 10,000 bars  2026-07-30 00:39:00+00:00 -> 2026-08-10 06:29:00+00:00
      page 3: 10,000 bars  2026-07-20 17:49:00+00:00 -> 2026-07-30 00:38:00+00:00
      page 4:  1,184 bars  2026-07-19 22:05:00+00:00 -> 2026-07-20 17:48:00+00:00
      fetched 31,183 | +45 new | store 44,969 bars  2026-07-05 -> 2026-08-19

  quarter/mid:
      page 1: 10,000 bars  2026-03-18 09:00:00+00:00 -> 2026-08-19 12:15:00+00:00
      page 2: 10,000 bars  2025-10-14 02:15:00+00:00 -> 2026-03-18 08:45:00+00:00
      page 3:  3,629 bars  2025-08-19 12:30:00+00:00 -> 2025-10-14 02:00:00+00:00
      fetched 23,628 | +3 new | store 24,620 bars  2025-08-04 -> 2026-08-19

  quarter/bid:
      page 1: 10,000 bars  2026-03-18 09:00:00+00:00 -> 2026-08-19 12:15:00+00:00
      page 2: 10,000 bars  2025-10-14 02:15:00+00:00 -> 2026-03-18 08:45:00+00:00
      page 3:  3,629 bars  2025-08-19 12:30:00+00:00 -> 2025-10-14 02:00:00+00:00
      fetched 23,628 | +3 new | store 24,620 bars  2025-08-04 -> 2026-08-19

  quarter/ask:
      page 1: 10,000 bars  2026-03-18 09:00:00+00:00 -> 2026-08-19 12:15:00+00:00
      page 2: 10,000 bars  2025-10-14 02:15:00+00:00 -> 2026-03-18 08:45:00+00:00
      page 3:  3,629 bars  2025-08-19 12:30:00+00:00 -> 2025-10-14 02:00:00+00:00
      fetched 23,628 | +3 new | store 24,620 bars  2025-08-04 -> 2026-08-19

  hour/mid:
      page 1: 10,000 bars  2024-12-09 04:00:00+00:00 -> 2026-08-19 12:00:00+00:00
      page 2:  1,822 bars  2024-08-19 13:00:00+00:00 -> 2024-12-09 03:00:00+00:00
      fetched 11,821 | +1 new | store 12,066 bars  2024-08-04 -> 2026-08-19

  hour/bid:
      page 1: 10,000 bars  2024-12-09 04:00:00+00:00 -> 2026-08-19 12:00:00+00:00
      page 2:  1,822 bars  2024-08-19 13:00:00+00:00 -> 2024-12-09 03:00:00+00:00
      fetched 11,821 | +1 new | store 12,066 bars  2024-08-04 -> 2026-08-19

  hour/ask:
      page 1: 10,000 bars  2024-12-09 04:00:00+00:00 -> 2026-08-19 12:00:00+00:00
      page 2:  1,822 bars  2024-08-19 13:00:00+00:00 -> 2024-12-09 03:00:00+00:00
      fetched 11,821 | +1 new | store 12,066 bars  2024-08-04 -> 2026-08-19

  day/mid:
      page 1:  3,847 bars  2011-12-30 00:00:00+00:00 -> 2026-08-19 00:00:00+00:00
      fetched 3,846 | +0 new | store 3,846 bars  2011-12-30 -> 2026-08-18

  day/bid:
      page 1:  3,847 bars  2011-12-30 00:00:00+00:00 -> 2026-08-19 00:00:00+00:00
      fetched 3,846 | +0 new | store 3,846 bars  2011-12-30 -> 2026-08-18

  day/ask:
      page 1:  3,847 bars  2011-12-30 00:00:00+00:00 -> 2026-08-19 00:00:00+00:00
      fetched 3,846 | +0 new | store 3,846 bars  2011-12-30 -> 2026-08-18


=== goldvar (id 72302) -> /Users/r.john/git/vc-tx2/data ===
  minute/mid:
      page 1: 10,000 bars  2026-08-10 06:31:00+00:00 -> 2026-08-19 12:19:00+00:00
      page 2: 10,000 bars  2026-07-30 00:40:00+00:00 -> 2026-08-10 06:30:00+00:00
      page 3: 10,000 bars  2026-07-20 17:50:00+00:00 -> 2026-07-30 00:39:00+00:00
      page 4:  1,185 bars  2026-07-19 22:05:00+00:00 -> 2026-07-20 17:49:00+00:00
      fetched 31,184 | +45 new | store 44,970 bars  2026-07-05 -> 2026-08-19

  minute/bid:
      page 1: 10,000 bars  2026-08-10 06:31:00+00:00 -> 2026-08-19 12:19:00+00:00
      page 2: 10,000 bars  2026-07-30 00:40:00+00:00 -> 2026-08-10 06:30:00+00:00
      page 3: 10,000 bars  2026-07-20 17:50:00+00:00 -> 2026-07-30 00:39:00+00:00
      page 4:  1,185 bars  2026-07-19 22:05:00+00:00 -> 2026-07-20 17:49:00+00:00
      fetched 31,184 | +45 new | store 44,970 bars  2026-07-05 -> 2026-08-19

  minute/ask:
      page 1: 10,000 bars  2026-08-10 06:31:00+00:00 -> 2026-08-19 12:19:00+00:00
      page 2: 10,000 bars  2026-07-30 00:40:00+00:00 -> 2026-08-10 06:30:00+00:00
      page 3: 10,000 bars  2026-07-20 17:50:00+00:00 -> 2026-07-30 00:39:00+00:00
      page 4:  1,185 bars  2026-07-19 22:05:00+00:00 -> 2026-07-20 17:49:00+00:00
      fetched 31,184 | +45 new | store 44,970 bars  2026-07-05 -> 2026-08-19

  quarter/mid:
      page 1: 10,000 bars  2026-03-18 09:00:00+00:00 -> 2026-08-19 12:15:00+00:00
      page 2: 10,000 bars  2025-10-14 02:15:00+00:00 -> 2026-03-18 08:45:00+00:00
      page 3:  3,629 bars  2025-08-19 12:30:00+00:00 -> 2025-10-14 02:00:00+00:00
      fetched 23,628 | +3 new | store 24,620 bars  2025-08-04 -> 2026-08-19

  quarter/bid:
      page 1: 10,000 bars  2026-03-18 09:00:00+00:00 -> 2026-08-19 12:15:00+00:00
      page 2: 10,000 bars  2025-10-14 02:15:00+00:00 -> 2026-03-18 08:45:00+00:00
      page 3:  3,629 bars  2025-08-19 12:30:00+00:00 -> 2025-10-14 02:00:00+00:00
      fetched 23,628 | +3 new | store 24,620 bars  2025-08-04 -> 2026-08-19

  quarter/ask:
      page 1: 10,000 bars  2026-03-18 09:00:00+00:00 -> 2026-08-19 12:15:00+00:00
      page 2: 10,000 bars  2025-10-14 02:15:00+00:00 -> 2026-03-18 08:45:00+00:00
      page 3:  3,629 bars  2025-08-19 12:30:00+00:00 -> 2025-10-14 02:00:00+00:00
      fetched 23,628 | +3 new | store 24,620 bars  2025-08-04 -> 2026-08-19

  hour/mid:
      page 1: 10,000 bars  2024-12-09 04:00:00+00:00 -> 2026-08-19 12:00:00+00:00
      page 2:  1,822 bars  2024-08-19 13:00:00+00:00 -> 2024-12-09 03:00:00+00:00
      fetched 11,821 | +1 new | store 12,066 bars  2024-08-04 -> 2026-08-19

  hour/bid:
      page 1: 10,000 bars  2024-12-09 04:00:00+00:00 -> 2026-08-19 12:00:00+00:00
      page 2:  1,822 bars  2024-08-19 13:00:00+00:00 -> 2024-12-09 03:00:00+00:00
      fetched 11,821 | +1 new | store 12,066 bars  2024-08-04 -> 2026-08-19

  hour/ask:
      page 1: 10,000 bars  2024-12-09 04:00:00+00:00 -> 2026-08-19 12:00:00+00:00
      page 2:  1,822 bars  2024-08-19 13:00:00+00:00 -> 2024-12-09 03:00:00+00:00
      fetched 11,821 | +1 new | store 12,066 bars  2024-08-04 -> 2026-08-19

  day/mid:
      page 1:  3,847 bars  2011-12-30 00:00:00+00:00 -> 2026-08-19 00:00:00+00:00
      fetched 3,846 | +0 new | store 3,846 bars  2011-12-30 -> 2026-08-18

  day/bid:
      page 1:  3,847 bars  2011-12-30 00:00:00+00:00 -> 2026-08-19 00:00:00+00:00
      fetched 3,846 | +0 new | store 3,846 bars  2011-12-30 -> 2026-08-18

  day/ask:
      page 1:  3,847 bars  2011-12-30 00:00:00+00:00 -> 2026-08-19 00:00:00+00:00
      fetched 3,846 | +0 new | store 3,846 bars  2011-12-30 -> 2026-08-18


=== eurusd (id 16635) -> /Users/r.john/git/vc-tx2/data ===
  minute/mid:
      page 1: 10,000 bars  2026-08-10 11:54:00+00:00 -> 2026-08-19 12:19:00+00:00
      page 2: 10,000 bars  2026-07-30 12:09:00+00:00 -> 2026-08-10 11:53:00+00:00
      page 3: 10,000 bars  2026-07-21 12:04:00+00:00 -> 2026-07-30 12:08:00+00:00
      page 4:  2,325 bars  2026-07-19 21:05:00+00:00 -> 2026-07-21 12:03:00+00:00
      fetched 32,324 | +45 new | store 46,608 bars  2026-07-05 -> 2026-08-19

  minute/bid:
      page 1: 10,000 bars  2026-08-10 11:54:00+00:00 -> 2026-08-19 12:19:00+00:00
      page 2: 10,000 bars  2026-07-30 12:09:00+00:00 -> 2026-08-10 11:53:00+00:00
      page 3: 10,000 bars  2026-07-21 12:04:00+00:00 -> 2026-07-30 12:08:00+00:00
      page 4:  2,325 bars  2026-07-19 21:05:00+00:00 -> 2026-07-21 12:03:00+00:00
      fetched 32,324 | +45 new | store 46,608 bars  2026-07-05 -> 2026-08-19

  minute/ask:
      page 1: 10,000 bars  2026-08-10 11:54:00+00:00 -> 2026-08-19 12:19:00+00:00
      page 2: 10,000 bars  2026-07-30 12:09:00+00:00 -> 2026-08-10 11:53:00+00:00
      page 3: 10,000 bars  2026-07-21 12:04:00+00:00 -> 2026-07-30 12:08:00+00:00
      page 4:  2,325 bars  2026-07-19 21:05:00+00:00 -> 2026-07-21 12:03:00+00:00
      fetched 32,324 | +45 new | store 46,608 bars  2026-07-05 -> 2026-08-19

  quarter/mid:
      page 1: 10,000 bars  2026-03-25 23:45:00+00:00 -> 2026-08-19 12:15:00+00:00
      page 2: 10,000 bars  2025-10-28 16:30:00+00:00 -> 2026-03-25 23:30:00+00:00
      page 3:  4,816 bars  2025-08-19 12:30:00+00:00 -> 2025-10-28 16:15:00+00:00
      fetched 24,815 | +3 new | store 25,851 bars  2025-08-04 -> 2026-08-19

  quarter/bid:
      page 1: 10,000 bars  2026-03-25 23:45:00+00:00 -> 2026-08-19 12:15:00+00:00
      page 2: 10,000 bars  2025-10-28 16:30:00+00:00 -> 2026-03-25 23:30:00+00:00
      page 3:  4,816 bars  2025-08-19 12:30:00+00:00 -> 2025-10-28 16:15:00+00:00
      fetched 24,815 | +3 new | store 25,851 bars  2025-08-04 -> 2026-08-19

  quarter/ask:
      page 1: 10,000 bars  2026-03-25 23:45:00+00:00 -> 2026-08-19 12:15:00+00:00
      page 2: 10,000 bars  2025-10-28 16:30:00+00:00 -> 2026-03-25 23:30:00+00:00
      page 3:  4,816 bars  2025-08-19 12:30:00+00:00 -> 2025-10-28 16:15:00+00:00
      fetched 24,815 | +3 new | store 25,851 bars  2025-08-04 -> 2026-08-19

  hour/mid:
      page 1: 10,000 bars  2025-01-08 11:00:00+00:00 -> 2026-08-19 12:00:00+00:00
      page 2:  2,394 bars  2024-08-19 13:00:00+00:00 -> 2025-01-08 10:00:00+00:00
      fetched 12,393 | +1 new | store 12,649 bars  2024-08-04 -> 2026-08-19

  hour/bid:
      page 1: 10,000 bars  2025-01-08 11:00:00+00:00 -> 2026-08-19 12:00:00+00:00
      page 2:  2,394 bars  2024-08-19 13:00:00+00:00 -> 2025-01-08 10:00:00+00:00
      fetched 12,393 | +1 new | store 12,649 bars  2024-08-04 -> 2026-08-19

  hour/ask:
      page 1: 10,000 bars  2025-01-08 11:00:00+00:00 -> 2026-08-19 12:00:00+00:00
      page 2:  2,394 bars  2024-08-19 13:00:00+00:00 -> 2025-01-08 10:00:00+00:00
      fetched 12,393 | +1 new | store 12,649 bars  2024-08-04 -> 2026-08-19

  day/mid:
      page 1:  7,451 bars  1999-01-04 00:00:00+00:00 -> 2026-08-19 00:00:00+00:00
      fetched 7,450 | +0 new | store 7,450 bars  1999-01-04 -> 2026-08-18

  day/bid:
      page 1:  7,451 bars  1999-01-04 00:00:00+00:00 -> 2026-08-19 00:00:00+00:00
      fetched 7,450 | +0 new | store 7,450 bars  1999-01-04 -> 2026-08-18

  day/ask:
      page 1:  7,451 bars  1999-01-04 00:00:00+00:00 -> 2026-08-19 00:00:00+00:00
      fetched 7,450 | +0 new | store 7,450 bars  1999-01-04 -> 2026-08-18


=== uk100fut (id 70152) -> /Users/r.john/git/vc-tx2/data ===
  minute/mid:
      page 1: 10,000 bars  2026-08-10 01:58:00+00:00 -> 2026-08-19 12:19:00+00:00
      page 2: 10,000 bars  2026-07-29 15:05:00+00:00 -> 2026-08-10 01:57:00+00:00
      page 3: 10,000 bars  2026-07-20 06:17:00+00:00 -> 2026-07-29 15:04:00+00:00
      page 4:    455 bars  2026-07-19 22:42:00+00:00 -> 2026-07-20 06:16:00+00:00
      fetched 30,454 | +0 new | store 37,208 bars  2026-07-12 -> 2026-08-19

  minute/bid:
      page 1: 10,000 bars  2026-08-10 01:58:00+00:00 -> 2026-08-19 12:19:00+00:00
      page 2: 10,000 bars  2026-07-29 15:05:00+00:00 -> 2026-08-10 01:57:00+00:00
      page 3: 10,000 bars  2026-07-20 06:17:00+00:00 -> 2026-07-29 15:04:00+00:00
      page 4:    455 bars  2026-07-19 22:42:00+00:00 -> 2026-07-20 06:16:00+00:00
      fetched 30,454 | +44 new | store 37,208 bars  2026-07-12 -> 2026-08-19

  minute/ask:
      page 1: 10,000 bars  2026-08-10 01:58:00+00:00 -> 2026-08-19 12:19:00+00:00
      page 2: 10,000 bars  2026-07-29 15:05:00+00:00 -> 2026-08-10 01:57:00+00:00
      page 3: 10,000 bars  2026-07-20 06:17:00+00:00 -> 2026-07-29 15:04:00+00:00
      page 4:    455 bars  2026-07-19 22:42:00+00:00 -> 2026-07-20 06:16:00+00:00
      fetched 30,454 | +44 new | store 37,208 bars  2026-07-12 -> 2026-08-19

  quarter/mid:
      page 1: 10,000 bars  2026-03-11 19:45:00+00:00 -> 2026-08-19 12:15:00+00:00
      page 2: 10,000 bars  2025-10-02 07:15:00+00:00 -> 2026-03-11 19:30:00+00:00
      page 3:  2,771 bars  2025-08-19 12:30:00+00:00 -> 2025-10-02 07:00:00+00:00
      fetched 22,770 | +3 new | store 23,371 bars  2025-08-10 -> 2026-08-19

  quarter/bid:
      page 1: 10,000 bars  2026-03-11 19:45:00+00:00 -> 2026-08-19 12:15:00+00:00
      page 2: 10,000 bars  2025-10-02 07:15:00+00:00 -> 2026-03-11 19:30:00+00:00
      page 3:  2,771 bars  2025-08-19 12:30:00+00:00 -> 2025-10-02 07:00:00+00:00
      fetched 22,770 | +3 new | store 23,371 bars  2025-08-10 -> 2026-08-19

  quarter/ask:
      page 1: 10,000 bars  2026-03-11 19:45:00+00:00 -> 2026-08-19 12:15:00+00:00
      page 2: 10,000 bars  2025-10-02 07:15:00+00:00 -> 2026-03-11 19:30:00+00:00
      page 3:  2,771 bars  2025-08-19 12:30:00+00:00 -> 2025-10-02 07:00:00+00:00
      fetched 22,770 | +3 new | store 23,371 bars  2025-08-10 -> 2026-08-19

  hour/mid:
      page 1: 10,000 bars  2024-11-19 00:00:00+00:00 -> 2026-08-19 12:00:00+00:00
      page 2:  1,466 bars  2024-08-19 13:00:00+00:00 -> 2024-11-18 23:00:00+00:00
      fetched 11,465 | +1 new | store 11,594 bars  2024-08-11 -> 2026-08-19

  hour/bid:
      page 1: 10,000 bars  2024-11-19 00:00:00+00:00 -> 2026-08-19 12:00:00+00:00
      page 2:  1,466 bars  2024-08-19 13:00:00+00:00 -> 2024-11-18 23:00:00+00:00
      fetched 11,465 | +1 new | store 11,594 bars  2024-08-11 -> 2026-08-19

  hour/ask:
      page 1: 10,000 bars  2024-11-19 00:00:00+00:00 -> 2026-08-19 12:00:00+00:00
      page 2:  1,466 bars  2024-08-19 13:00:00+00:00 -> 2024-11-18 23:00:00+00:00
      fetched 11,465 | +1 new | store 11,594 bars  2024-08-11 -> 2026-08-19

  day/mid:
      page 1:  1,294 bars  2021-07-05 00:00:00+00:00 -> 2026-08-19 00:00:00+00:00
      fetched 1,293 | +0 new | store 1,293 bars  2021-07-05 -> 2026-08-18

  day/bid:
      page 1:  1,294 bars  2021-07-05 00:00:00+00:00 -> 2026-08-19 00:00:00+00:00
      fetched 1,293 | +0 new | store 1,293 bars  2021-07-05 -> 2026-08-18  !! {'open_outside_hl': 1}

  day/ask:
      page 1:  1,294 bars  2021-07-05 00:00:00+00:00 -> 2026-08-19 00:00:00+00:00
      fetched 1,293 | +0 new | store 1,293 bars  2021-07-05 -> 2026-08-18  !! {'close_outside_hl': 1}


=== ger40fut (id 70088) -> /Users/r.john/git/vc-tx2/data ===
  minute/mid:
      page 1: 10,000 bars  2026-08-10 00:21:00+00:00 -> 2026-08-19 12:20:00+00:00
      page 2: 10,000 bars  2026-07-29 10:57:00+00:00 -> 2026-08-10 00:20:00+00:00
      page 3: 10,000 bars  2026-07-19 23:49:00+00:00 -> 2026-07-29 10:56:00+00:00
      page 4:     68 bars  2026-07-19 22:41:00+00:00 -> 2026-07-19 23:48:00+00:00
      fetched 30,067 | +30,067 new | store 30,067 bars  2026-07-19 -> 2026-08-19

  minute/bid:
      page 1: 10,000 bars  2026-08-10 00:21:00+00:00 -> 2026-08-19 12:20:00+00:00
      page 2: 10,000 bars  2026-07-29 10:57:00+00:00 -> 2026-08-10 00:20:00+00:00
      page 3: 10,000 bars  2026-07-19 23:49:00+00:00 -> 2026-07-29 10:56:00+00:00
      page 4:     68 bars  2026-07-19 22:41:00+00:00 -> 2026-07-19 23:48:00+00:00
      fetched 30,067 | +30,067 new | store 30,067 bars  2026-07-19 -> 2026-08-19

  minute/ask:
      page 1: 10,000 bars  2026-08-10 00:21:00+00:00 -> 2026-08-19 12:20:00+00:00
      page 2: 10,000 bars  2026-07-29 10:57:00+00:00 -> 2026-08-10 00:20:00+00:00
      page 3: 10,000 bars  2026-07-19 23:49:00+00:00 -> 2026-07-29 10:56:00+00:00
      page 4:     68 bars  2026-07-19 22:41:00+00:00 -> 2026-07-19 23:48:00+00:00
      fetched 30,067 | +30,067 new | store 30,067 bars  2026-07-19 -> 2026-08-19

  quarter/mid:
      page 1: 10,000 bars  2026-03-11 20:15:00+00:00 -> 2026-08-19 12:15:00+00:00
      page 2: 10,000 bars  2025-10-01 01:00:00+00:00 -> 2026-03-11 20:00:00+00:00
      page 3:  2,755 bars  2025-08-19 12:30:00+00:00 -> 2025-10-01 00:45:00+00:00
      fetched 22,754 | +22,754 new | store 22,754 bars  2025-08-19 -> 2026-08-19

  quarter/bid:
      page 1: 10,000 bars  2026-03-11 20:15:00+00:00 -> 2026-08-19 12:15:00+00:00
      page 2: 10,000 bars  2025-10-01 01:00:00+00:00 -> 2026-03-11 20:00:00+00:00
      page 3:  2,755 bars  2025-08-19 12:30:00+00:00 -> 2025-10-01 00:45:00+00:00
      fetched 22,754 | +22,754 new | store 22,754 bars  2025-08-19 -> 2026-08-19

  quarter/ask:
      page 1: 10,000 bars  2026-03-11 20:15:00+00:00 -> 2026-08-19 12:15:00+00:00
      page 2: 10,000 bars  2025-10-01 01:00:00+00:00 -> 2026-03-11 20:00:00+00:00
      page 3:  2,755 bars  2025-08-19 12:30:00+00:00 -> 2025-10-01 00:45:00+00:00
      fetched 22,754 | +22,754 new | store 22,754 bars  2025-08-19 -> 2026-08-19

  hour/mid:
      page 1: 10,000 bars  2024-11-20 04:00:00+00:00 -> 2026-08-19 12:00:00+00:00
      page 2:  1,518 bars  2024-08-19 13:00:00+00:00 -> 2024-11-20 03:00:00+00:00
      fetched 11,517 | +11,517 new | store 11,517 bars  2024-08-19 -> 2026-08-19

  hour/bid:
      page 1: 10,000 bars  2024-11-20 04:00:00+00:00 -> 2026-08-19 12:00:00+00:00
      page 2:  1,518 bars  2024-08-19 13:00:00+00:00 -> 2024-11-20 03:00:00+00:00
      fetched 11,517 | +11,517 new | store 11,517 bars  2024-08-19 -> 2026-08-19

  hour/ask:
      page 1: 10,000 bars  2024-11-20 04:00:00+00:00 -> 2026-08-19 12:00:00+00:00
      page 2:  1,518 bars  2024-08-19 13:00:00+00:00 -> 2024-11-20 03:00:00+00:00
      fetched 11,517 | +11,517 new | store 11,517 bars  2024-08-19 -> 2026-08-19

  day/mid:
      page 1:  2,763 bars  2015-11-21 00:00:00+00:00 -> 2026-08-19 00:00:00+00:00
      fetched 2,762 | +2,762 new | store 2,762 bars  2015-11-21 -> 2026-08-18

  day/bid:
      page 1:  2,763 bars  2015-11-21 00:00:00+00:00 -> 2026-08-19 00:00:00+00:00
      fetched 2,762 | +2,762 new | store 2,762 bars  2015-11-21 -> 2026-08-18

  day/ask:
      page 1:  2,763 bars  2015-11-21 00:00:00+00:00 -> 2026-08-19 00:00:00+00:00
      fetched 2,762 | +2,762 new | store 2,762 bars  2015-11-21 -> 2026-08-18


=== nas100fut (id 70433) -> /Users/r.john/git/vc-tx2/data ===
  minute/mid:
      page 1: 10,000 bars  2026-08-10 06:10:00+00:00 -> 2026-08-19 12:20:00+00:00
      page 2: 10,000 bars  2026-07-29 23:28:00+00:00 -> 2026-08-10 06:09:00+00:00
      page 3: 10,000 bars  2026-07-20 16:17:00+00:00 -> 2026-07-29 23:27:00+00:00
      page 4:  1,096 bars  2026-07-19 22:01:00+00:00 -> 2026-07-20 16:16:00+00:00
      fetched 31,095 | +31,095 new | store 31,095 bars  2026-07-19 -> 2026-08-19

  minute/bid:
      page 1: 10,000 bars  2026-08-10 06:10:00+00:00 -> 2026-08-19 12:20:00+00:00
      page 2: 10,000 bars  2026-07-29 23:28:00+00:00 -> 2026-08-10 06:09:00+00:00
      page 3: 10,000 bars  2026-07-20 16:17:00+00:00 -> 2026-07-29 23:27:00+00:00
      page 4:  1,096 bars  2026-07-19 22:01:00+00:00 -> 2026-07-20 16:16:00+00:00
      fetched 31,095 | +31,095 new | store 31,095 bars  2026-07-19 -> 2026-08-19

  minute/ask:
      page 1: 10,000 bars  2026-08-10 06:11:00+00:00 -> 2026-08-19 12:21:00+00:00
      page 2: 10,000 bars  2026-07-29 23:29:00+00:00 -> 2026-08-10 06:10:00+00:00
      page 3: 10,000 bars  2026-07-20 16:18:00+00:00 -> 2026-07-29 23:28:00+00:00
      page 4:  1,097 bars  2026-07-19 22:01:00+00:00 -> 2026-07-20 16:17:00+00:00
      fetched 31,096 | +31,096 new | store 31,096 bars  2026-07-19 -> 2026-08-19

  quarter/mid:
      page 1: 10,000 bars  2026-03-18 13:30:00+00:00 -> 2026-08-19 12:15:00+00:00
      page 2: 10,000 bars  2025-10-13 02:00:00+00:00 -> 2026-03-18 13:15:00+00:00
      page 3:  3,515 bars  2025-08-19 12:30:00+00:00 -> 2025-10-13 01:45:00+00:00
      fetched 23,514 | +23,514 new | store 23,514 bars  2025-08-19 -> 2026-08-19

  quarter/bid:
      page 1: 10,000 bars  2026-03-18 13:30:00+00:00 -> 2026-08-19 12:15:00+00:00
      page 2: 10,000 bars  2025-10-13 02:00:00+00:00 -> 2026-03-18 13:15:00+00:00
      page 3:  3,515 bars  2025-08-19 12:30:00+00:00 -> 2025-10-13 01:45:00+00:00
      fetched 23,514 | +23,514 new | store 23,514 bars  2025-08-19 -> 2026-08-19

  quarter/ask:
      page 1: 10,000 bars  2026-03-18 13:30:00+00:00 -> 2026-08-19 12:15:00+00:00
      page 2: 10,000 bars  2025-10-13 02:00:00+00:00 -> 2026-03-18 13:15:00+00:00
      page 3:  3,515 bars  2025-08-19 12:30:00+00:00 -> 2025-10-13 01:45:00+00:00
      fetched 23,514 | +23,514 new | store 23,514 bars  2025-08-19 -> 2026-08-19

  hour/mid:
      page 1: 10,000 bars  2024-12-06 06:00:00+00:00 -> 2026-08-19 12:00:00+00:00
      page 2:  1,797 bars  2024-08-19 13:00:00+00:00 -> 2024-12-06 05:00:00+00:00
      fetched 11,796 | +11,796 new | store 11,796 bars  2024-08-19 -> 2026-08-19

  hour/bid:
      page 1: 10,000 bars  2024-12-06 06:00:00+00:00 -> 2026-08-19 12:00:00+00:00
      page 2:  1,797 bars  2024-08-19 13:00:00+00:00 -> 2024-12-06 05:00:00+00:00
      fetched 11,796 | +11,796 new | store 11,796 bars  2024-08-19 -> 2026-08-19

  hour/ask:
      page 1: 10,000 bars  2024-12-06 06:00:00+00:00 -> 2026-08-19 12:00:00+00:00
      page 2:  1,797 bars  2024-08-19 13:00:00+00:00 -> 2024-12-06 05:00:00+00:00
      fetched 11,796 | +11,796 new | store 11,796 bars  2024-08-19 -> 2026-08-19

  day/mid:
      page 1:  1,174 bars  2022-02-03 00:00:00+00:00 -> 2026-08-19 00:00:00+00:00
      fetched 1,173 | +1,173 new | store 1,173 bars  2022-02-03 -> 2026-08-18

  day/bid:
      page 1:  1,174 bars  2022-02-03 00:00:00+00:00 -> 2026-08-19 00:00:00+00:00
      fetched 1,173 | +1,173 new | store 1,173 bars  2022-02-03 -> 2026-08-18

  day/ask:
      page 1:  1,174 bars  2022-02-03 00:00:00+00:00 -> 2026-08-19 00:00:00+00:00
      fetched 1,173 | +1,173 new | store 1,173 bars  2022-02-03 -> 2026-08-18


=== us30fut (id 70153) -> /Users/r.john/git/vc-tx2/data ===
  minute/mid:
      page 1: 10,000 bars  2026-08-10 05:53:00+00:00 -> 2026-08-19 12:21:00+00:00
      page 2: 10,000 bars  2026-07-29 23:06:00+00:00 -> 2026-08-10 05:52:00+00:00
      page 3: 10,000 bars  2026-07-20 15:55:00+00:00 -> 2026-07-29 23:05:00+00:00
      page 4:  1,074 bars  2026-07-19 22:01:00+00:00 -> 2026-07-20 15:54:00+00:00
      fetched 31,073 | +31,073 new | store 31,073 bars  2026-07-19 -> 2026-08-19

  minute/bid:
      page 1: 10,000 bars  2026-08-10 05:53:00+00:00 -> 2026-08-19 12:21:00+00:00
      page 2: 10,000 bars  2026-07-29 23:06:00+00:00 -> 2026-08-10 05:52:00+00:00
      page 3: 10,000 bars  2026-07-20 15:55:00+00:00 -> 2026-07-29 23:05:00+00:00
      page 4:  1,074 bars  2026-07-19 22:01:00+00:00 -> 2026-07-20 15:54:00+00:00
      fetched 31,073 | +31,073 new | store 31,073 bars  2026-07-19 -> 2026-08-19

  minute/ask:
      page 1: 10,000 bars  2026-08-10 05:53:00+00:00 -> 2026-08-19 12:21:00+00:00
      page 2: 10,000 bars  2026-07-29 23:06:00+00:00 -> 2026-08-10 05:52:00+00:00
      page 3: 10,000 bars  2026-07-20 15:55:00+00:00 -> 2026-07-29 23:05:00+00:00
      page 4:  1,074 bars  2026-07-19 22:01:00+00:00 -> 2026-07-20 15:54:00+00:00
      fetched 31,073 | +31,073 new | store 31,073 bars  2026-07-19 -> 2026-08-19

  quarter/mid:
      page 1: 10,000 bars  2026-03-18 13:30:00+00:00 -> 2026-08-19 12:15:00+00:00
      page 2: 10,000 bars  2025-10-13 02:15:00+00:00 -> 2026-03-18 13:15:00+00:00
      page 3:  3,517 bars  2025-08-19 12:30:00+00:00 -> 2025-10-13 02:00:00+00:00
      fetched 23,516 | +23,516 new | store 23,516 bars  2025-08-19 -> 2026-08-19

  quarter/bid:
      page 1: 10,000 bars  2026-03-18 13:30:00+00:00 -> 2026-08-19 12:15:00+00:00
      page 2: 10,000 bars  2025-10-13 02:15:00+00:00 -> 2026-03-18 13:15:00+00:00
      page 3:  3,517 bars  2025-08-19 12:30:00+00:00 -> 2025-10-13 02:00:00+00:00
      fetched 23,516 | +23,516 new | store 23,516 bars  2025-08-19 -> 2026-08-19

  quarter/ask:
      page 1: 10,000 bars  2026-03-18 13:30:00+00:00 -> 2026-08-19 12:15:00+00:00
      page 2: 10,000 bars  2025-10-13 02:15:00+00:00 -> 2026-03-18 13:15:00+00:00
      page 3:  3,517 bars  2025-08-19 12:30:00+00:00 -> 2025-10-13 02:00:00+00:00
      fetched 23,516 | +23,516 new | store 23,516 bars  2025-08-19 -> 2026-08-19

  hour/mid:
      page 1: 10,000 bars  2024-12-06 06:00:00+00:00 -> 2026-08-19 12:00:00+00:00
      page 2:  1,798 bars  2024-08-19 13:00:00+00:00 -> 2024-12-06 05:00:00+00:00
      fetched 11,797 | +11,797 new | store 11,797 bars  2024-08-19 -> 2026-08-19

  hour/bid:
      page 1: 10,000 bars  2024-12-06 06:00:00+00:00 -> 2026-08-19 12:00:00+00:00
      page 2:  1,798 bars  2024-08-19 13:00:00+00:00 -> 2024-12-06 05:00:00+00:00
      fetched 11,797 | +11,797 new | store 11,797 bars  2024-08-19 -> 2026-08-19

  hour/ask:
      page 1: 10,000 bars  2024-12-06 06:00:00+00:00 -> 2026-08-19 12:00:00+00:00
      page 2:  1,798 bars  2024-08-19 13:00:00+00:00 -> 2024-12-06 05:00:00+00:00
      fetched 11,797 | +11,797 new | store 11,797 bars  2024-08-19 -> 2026-08-19

  day/mid:
      page 1:  1,325 bars  2021-07-05 00:00:00+00:00 -> 2026-08-19 00:00:00+00:00
      fetched 1,324 | +1,324 new | store 1,324 bars  2021-07-05 -> 2026-08-18

  day/bid:
      page 1:  1,325 bars  2021-07-05 00:00:00+00:00 -> 2026-08-19 00:00:00+00:00
      fetched 1,324 | +1,324 new | store 1,324 bars  2021-07-05 -> 2026-08-18

  day/ask:
      page 1:  1,325 bars  2021-07-05 00:00:00+00:00 -> 2026-08-19 00:00:00+00:00
      fetched 1,324 | +1,324 new | store 1,324 bars  2021-07-05 -> 2026-08-18


=== uk100sep26 (id 72516) -> /Users/r.john/git/vc-tx2/data ===
  minute/mid:
      page 1: 10,000 bars  2026-08-10 02:00:00+00:00 -> 2026-08-19 12:21:00+00:00
      page 2: 10,000 bars  2026-07-29 15:07:00+00:00 -> 2026-08-10 01:59:00+00:00
      page 3: 10,000 bars  2026-07-20 06:19:00+00:00 -> 2026-07-29 15:06:00+00:00
      page 4:    457 bars  2026-07-19 22:42:00+00:00 -> 2026-07-20 06:18:00+00:00
      fetched 30,456 | +46 new | store 37,210 bars  2026-07-12 -> 2026-08-19

  minute/bid:
      page 1: 10,000 bars  2026-08-10 02:00:00+00:00 -> 2026-08-19 12:21:00+00:00
      page 2: 10,000 bars  2026-07-29 15:07:00+00:00 -> 2026-08-10 01:59:00+00:00
      page 3: 10,000 bars  2026-07-20 06:19:00+00:00 -> 2026-07-29 15:06:00+00:00
      page 4:    457 bars  2026-07-19 22:42:00+00:00 -> 2026-07-20 06:18:00+00:00
      fetched 30,456 | +46 new | store 37,210 bars  2026-07-12 -> 2026-08-19

  minute/ask:
      page 1: 10,000 bars  2026-08-10 02:00:00+00:00 -> 2026-08-19 12:21:00+00:00
      page 2: 10,000 bars  2026-07-29 15:07:00+00:00 -> 2026-08-10 01:59:00+00:00
      page 3: 10,000 bars  2026-07-20 06:19:00+00:00 -> 2026-07-29 15:06:00+00:00
      page 4:    457 bars  2026-07-19 22:42:00+00:00 -> 2026-07-20 06:18:00+00:00
      fetched 30,456 | +46 new | store 37,210 bars  2026-07-12 -> 2026-08-19

  quarter/mid:
      page 1:  4,407 bars  2026-06-11 17:30:00+00:00 -> 2026-08-19 12:15:00+00:00
      fetched 4,406 | +3 new | store 4,406 bars  2026-06-11 -> 2026-08-19

  quarter/bid:
      page 1:  4,407 bars  2026-06-11 17:30:00+00:00 -> 2026-08-19 12:15:00+00:00
      fetched 4,406 | +3 new | store 4,406 bars  2026-06-11 -> 2026-08-19

  quarter/ask:
      page 1:  4,407 bars  2026-06-11 17:30:00+00:00 -> 2026-08-19 12:15:00+00:00
      fetched 4,406 | +3 new | store 4,406 bars  2026-06-11 -> 2026-08-19

  hour/mid:
      page 1:  1,113 bars  2026-06-11 17:00:00+00:00 -> 2026-08-19 12:00:00+00:00
      fetched 1,112 | +1 new | store 1,112 bars  2026-06-11 -> 2026-08-19

  hour/bid:
      page 1:  1,113 bars  2026-06-11 17:00:00+00:00 -> 2026-08-19 12:00:00+00:00
      fetched 1,112 | +1 new | store 1,112 bars  2026-06-11 -> 2026-08-19

  hour/ask:
      page 1:  1,113 bars  2026-06-11 17:00:00+00:00 -> 2026-08-19 12:00:00+00:00
      fetched 1,112 | +1 new | store 1,112 bars  2026-06-11 -> 2026-08-19

  day/mid:
      page 1:     50 bars  2026-06-11 00:00:00+00:00 -> 2026-08-19 00:00:00+00:00
      fetched 49 | +0 new | store 49 bars  2026-06-11 -> 2026-08-18

  day/bid:
      page 1:     50 bars  2026-06-11 00:00:00+00:00 -> 2026-08-19 00:00:00+00:00
      fetched 49 | +0 new | store 49 bars  2026-06-11 -> 2026-08-18

  day/ask:
      page 1:     50 bars  2026-06-11 00:00:00+00:00 -> 2026-08-19 00:00:00+00:00
      fetched 49 | +0 new | store 49 bars  2026-06-11 -> 2026-08-18


Done. `python3 collect.py status` for a summary.
     instr    feed side  bars       from         to  sessions  vol=0 %        last sync
     uk100  minute  mid 44206 2026-07-03 2026-08-19        41      0.0 2026-08-19T12:16
     uk100  minute  bid 44211 2026-07-03 2026-08-19        41      0.0 2026-08-19T12:16
     uk100  minute  ask 44211 2026-07-03 2026-08-19        41      0.0 2026-08-19T12:16
     uk100 quarter  mid 23824 2025-08-03 2026-08-19       316      0.0 2026-08-19T12:16
     uk100 quarter  bid 23824 2025-08-03 2026-08-19       316      0.0 2026-08-19T12:16
     uk100 quarter  ask 23824 2025-08-03 2026-08-19       316      0.0 2026-08-19T12:16
     uk100    hour  mid 11719 2024-08-04 2026-08-19       618      0.0 2026-08-19T12:16
     uk100    hour  bid 11719 2024-08-04 2026-08-19       618      0.0 2026-08-19T12:16
     uk100    hour  ask 11719 2024-08-04 2026-08-19       618      0.0 2026-08-19T12:16
     uk100     day  mid  3756 2012-03-26 2026-08-18      3756     59.8 2026-08-19T12:16
     uk100     day  bid  3756 2012-03-26 2026-08-18      3756     59.8 2026-08-19T12:16
     uk100     day  ask  3756 2012-03-26 2026-08-18      3756     59.8 2026-08-19T12:16
     ger40  minute  mid 44047 2026-07-05 2026-08-19        40      0.0 2026-08-19T12:16
     ger40  minute  bid 44047 2026-07-05 2026-08-19        40      0.0 2026-08-19T12:16
     ger40  minute  ask 44047 2026-07-05 2026-08-19        40      0.0 2026-08-19T12:17
     ger40 quarter  mid 23857 2025-08-04 2026-08-19       319      0.0 2026-08-19T12:17
     ger40 quarter  bid 23857 2025-08-04 2026-08-19       319      0.0 2026-08-19T12:17
     ger40 quarter  ask 23857 2025-08-04 2026-08-19       319      0.0 2026-08-19T12:17
     ger40    hour  mid 11770 2024-08-04 2026-08-19       626      0.0 2026-08-19T12:17
     ger40    hour  bid 11770 2024-08-04 2026-08-19       626      0.0 2026-08-19T12:17
     ger40    hour  ask 11770 2024-08-04 2026-08-19       626      0.0 2026-08-19T12:17
     ger40     day  mid  3775 2012-01-30 2026-08-18      3775     60.1 2026-08-19T12:17
     ger40     day  bid  3775 2012-01-30 2026-08-18      3775     60.1 2026-08-19T12:17
     ger40     day  ask  3775 2012-01-30 2026-08-18      3775     60.1 2026-08-19T12:17
      us30  minute  mid 44829 2026-07-05 2026-08-19        40      0.0 2026-08-19T12:17
      us30  minute  bid 44829 2026-07-05 2026-08-19        40      0.0 2026-08-19T12:17
      us30  minute  ask 44829 2026-07-05 2026-08-19        40      0.0 2026-08-19T12:17
      us30 quarter  mid 24503 2025-08-04 2026-08-19       327      0.0 2026-08-19T12:17
      us30 quarter  bid 24503 2025-08-04 2026-08-19       327      0.0 2026-08-19T12:17
      us30 quarter  ask 24503 2025-08-04 2026-08-19       327      0.0 2026-08-19T12:17
      us30    hour  mid 12040 2024-08-04 2026-08-19       639      0.0 2026-08-19T12:17
      us30    hour  bid 12040 2024-08-04 2026-08-19       639      0.0 2026-08-19T12:17
      us30    hour  ask 12040 2024-08-04 2026-08-19       639      0.0 2026-08-19T12:17
      us30     day  mid  3848 2012-03-05 2026-08-18      3848     60.8 2026-08-19T12:17
      us30     day  bid  3848 2012-03-05 2026-08-18      3848     60.8 2026-08-19T12:17
      us30     day  ask  3848 2012-03-05 2026-08-18      3848     60.8 2026-08-19T12:17
    nas100  minute  mid 44830 2026-07-05 2026-08-19        40      0.0 2026-08-19T12:17
    nas100  minute  bid 44830 2026-07-05 2026-08-19        40      0.0 2026-08-19T12:17
    nas100  minute  ask 44830 2026-07-05 2026-08-19        40      0.0 2026-08-19T12:17
    nas100 quarter  mid 24503 2025-08-04 2026-08-19       327      0.0 2026-08-19T12:17
    nas100 quarter  bid 24503 2025-08-04 2026-08-19       327      0.0 2026-08-19T12:18
    nas100 quarter  ask 24503 2025-08-04 2026-08-19       327      0.0 2026-08-19T12:18
    nas100    hour  mid 12041 2024-08-04 2026-08-19       639      0.0 2026-08-19T12:18
    nas100    hour  bid 12041 2024-08-04 2026-08-19       639      0.0 2026-08-19T12:18
    nas100    hour  ask 12041 2024-08-04 2026-08-19       639      0.0 2026-08-19T12:18
    nas100     day  mid  3848 2012-03-05 2026-08-18      3848     60.8 2026-08-19T12:18
    nas100     day  bid  3848 2012-03-05 2026-08-18      3848     60.8 2026-08-19T12:18
    nas100     day  ask  3848 2012-03-05 2026-08-18      3848     60.8 2026-08-19T12:18
     us500  minute  mid 44763 2026-07-05 2026-08-19        40      0.0 2026-08-19T12:18
     us500  minute  bid 44763 2026-07-05 2026-08-19        40      0.0 2026-08-19T12:18
     us500  minute  ask 44763 2026-07-05 2026-08-19        40      0.0 2026-08-19T12:18
     us500 quarter  mid 24496 2025-08-04 2026-08-19       327      0.0 2026-08-19T12:18
     us500 quarter  bid 24496 2025-08-04 2026-08-19       327      0.0 2026-08-19T12:18
     us500 quarter  ask 24496 2025-08-04 2026-08-19       327      0.0 2026-08-19T12:18
     us500    hour  mid 12040 2024-08-04 2026-08-19       639      0.0 2026-08-19T12:18
     us500    hour  bid 12040 2024-08-04 2026-08-19       639      0.0 2026-08-19T12:18
     us500    hour  ask 12040 2024-08-04 2026-08-19       639      0.0 2026-08-19T12:18
     us500     day  mid  3841 2012-03-13 2026-08-18      3841     60.8 2026-08-19T12:18
     us500     day  bid  3841 2012-03-13 2026-08-18      3841     60.8 2026-08-19T12:18
     us500     day  ask  3841 2012-03-13 2026-08-18      3841     60.8 2026-08-19T12:18
      gold  minute  mid 44969 2026-07-05 2026-08-19        40      0.0 2026-08-19T12:18
      gold  minute  bid 44969 2026-07-05 2026-08-19        40      0.0 2026-08-19T12:18
      gold  minute  ask 44969 2026-07-05 2026-08-19        40      0.0 2026-08-19T12:18
      gold quarter  mid 24620 2025-08-04 2026-08-19       326      0.0 2026-08-19T12:18
      gold quarter  bid 24620 2025-08-04 2026-08-19       326      0.0 2026-08-19T12:18
      gold quarter  ask 24620 2025-08-04 2026-08-19       326      0.0 2026-08-19T12:18
      gold    hour  mid 12066 2024-08-04 2026-08-19       638      0.0 2026-08-19T12:18
      gold    hour  bid 12066 2024-08-04 2026-08-19       638      0.0 2026-08-19T12:19
      gold    hour  ask 12066 2024-08-04 2026-08-19       638      0.0 2026-08-19T12:19
      gold     day  mid  3846 2011-12-30 2026-08-18      3846     60.8 2026-08-19T12:19
      gold     day  bid  3846 2011-12-30 2026-08-18      3846     60.8 2026-08-19T12:19
      gold     day  ask  3846 2011-12-30 2026-08-18      3846     60.8 2026-08-19T12:19
   goldvar  minute  mid 44970 2026-07-05 2026-08-19        40      0.0 2026-08-19T12:19
   goldvar  minute  bid 44970 2026-07-05 2026-08-19        40      0.0 2026-08-19T12:19
   goldvar  minute  ask 44970 2026-07-05 2026-08-19        40      0.0 2026-08-19T12:19
   goldvar quarter  mid 24620 2025-08-04 2026-08-19       326      0.0 2026-08-19T12:19
   goldvar quarter  bid 24620 2025-08-04 2026-08-19       326      0.0 2026-08-19T12:19
   goldvar quarter  ask 24620 2025-08-04 2026-08-19       326      0.0 2026-08-19T12:19
   goldvar    hour  mid 12066 2024-08-04 2026-08-19       638      0.0 2026-08-19T12:19
   goldvar    hour  bid 12066 2024-08-04 2026-08-19       638      0.0 2026-08-19T12:19
   goldvar    hour  ask 12066 2024-08-04 2026-08-19       638      0.0 2026-08-19T12:19
   goldvar     day  mid  3846 2011-12-30 2026-08-18      3846     60.8 2026-08-19T12:19
   goldvar     day  bid  3846 2011-12-30 2026-08-18      3846     60.8 2026-08-19T12:19
   goldvar     day  ask  3846 2011-12-30 2026-08-18      3846     60.8 2026-08-19T12:19
    eurusd  minute  mid 46608 2026-07-05 2026-08-19        40      0.0 2026-08-19T12:19
    eurusd  minute  bid 46608 2026-07-05 2026-08-19        40      0.0 2026-08-19T12:19
    eurusd  minute  ask 46608 2026-07-05 2026-08-19        40      0.0 2026-08-19T12:19
    eurusd quarter  mid 25851 2025-08-04 2026-08-19       327      0.0 2026-08-19T12:19
    eurusd quarter  bid 25851 2025-08-04 2026-08-19       327      0.0 2026-08-19T12:19
    eurusd quarter  ask 25851 2025-08-04 2026-08-19       327      0.0 2026-08-19T12:19
    eurusd    hour  mid 12649 2024-08-04 2026-08-19       639      0.0 2026-08-19T12:19
    eurusd    hour  bid 12649 2024-08-04 2026-08-19       639      0.0 2026-08-19T12:19
    eurusd    hour  ask 12649 2024-08-04 2026-08-19       639      0.0 2026-08-19T12:19
    eurusd     day  mid  7450 1999-01-04 2026-08-18      7450     79.3 2026-08-19T12:19
    eurusd     day  bid  7450 1999-01-04 2026-08-18      7450     79.3 2026-08-19T12:19
    eurusd     day  ask  7450 1999-01-04 2026-08-18      7450     79.3 2026-08-19T12:19
  uk100fut  minute  mid 37210 2026-07-12 2026-08-19        34      0.0 2026-08-19T12:20
  uk100fut  minute  bid 37208 2026-07-12 2026-08-19        34      0.0 2026-08-19T12:20
  uk100fut  minute  ask 37208 2026-07-12 2026-08-19        34      0.0 2026-08-19T12:20
  uk100fut quarter  mid 23371 2025-08-10 2026-08-19       311      0.0 2026-08-19T12:20
  uk100fut quarter  bid 23371 2025-08-10 2026-08-19       311      0.0 2026-08-19T12:20
  uk100fut quarter  ask 23371 2025-08-10 2026-08-19       311      0.0 2026-08-19T12:20
  uk100fut    hour  mid 11594 2024-08-11 2026-08-19       610      0.0 2026-08-19T12:20
  uk100fut    hour  bid 11594 2024-08-11 2026-08-19       610      0.0 2026-08-19T12:20
  uk100fut    hour  ask 11594 2024-08-11 2026-08-19       610      0.0 2026-08-19T12:20
  uk100fut     day  mid  1293 2021-07-05 2026-08-18      1293     49.3 2026-08-19T12:20
  uk100fut     day  bid  1293 2021-07-05 2026-08-18      1293     49.3 2026-08-19T12:20
  uk100fut     day  ask  1293 2021-07-05 2026-08-18      1293     49.3 2026-08-19T12:20
  ger40fut  minute  mid 30067 2026-07-19 2026-08-19        28      0.0 2026-08-19T12:20
  ger40fut  minute  bid 30067 2026-07-19 2026-08-19        28      0.0 2026-08-19T12:20
  ger40fut  minute  ask 30067 2026-07-19 2026-08-19        28      0.0 2026-08-19T12:20
  ger40fut quarter  mid 22754 2025-08-19 2026-08-19       303      0.0 2026-08-19T12:20
  ger40fut quarter  bid 22754 2025-08-19 2026-08-19       303      0.0 2026-08-19T12:20
  ger40fut quarter  ask 22754 2025-08-19 2026-08-19       303      0.0 2026-08-19T12:20
  ger40fut    hour  mid 11517 2024-08-19 2026-08-19       610      0.0 2026-08-19T12:20
  ger40fut    hour  bid 11517 2024-08-19 2026-08-19       610      0.0 2026-08-19T12:20
  ger40fut    hour  ask 11517 2024-08-19 2026-08-19       610      0.0 2026-08-19T12:20
  ger40fut     day  mid  2762 2015-11-21 2026-08-18      2762     76.2 2026-08-19T12:20
  ger40fut     day  bid  2762 2015-11-21 2026-08-18      2762     76.2 2026-08-19T12:20
  ger40fut     day  ask  2762 2015-11-21 2026-08-18      2762     76.2 2026-08-19T12:20
 nas100fut  minute  mid 31095 2026-07-19 2026-08-19        28      0.0 2026-08-19T12:20
 nas100fut  minute  bid 31095 2026-07-19 2026-08-19        28      0.0 2026-08-19T12:21
 nas100fut  minute  ask 31096 2026-07-19 2026-08-19        28      0.0 2026-08-19T12:21
 nas100fut quarter  mid 23514 2025-08-19 2026-08-19       314      0.0 2026-08-19T12:21
 nas100fut quarter  bid 23514 2025-08-19 2026-08-19       314      0.0 2026-08-19T12:21
 nas100fut quarter  ask 23514 2025-08-19 2026-08-19       314      0.0 2026-08-19T12:21
 nas100fut    hour  mid 11796 2024-08-19 2026-08-19       626      0.0 2026-08-19T12:21
 nas100fut    hour  bid 11796 2024-08-19 2026-08-19       626      0.0 2026-08-19T12:21
 nas100fut    hour  ask 11796 2024-08-19 2026-08-19       626      0.0 2026-08-19T12:21
 nas100fut     day  mid  1173 2022-02-03 2026-08-18      1173     43.0 2026-08-19T12:21
 nas100fut     day  bid  1173 2022-02-03 2026-08-18      1173     43.0 2026-08-19T12:21
 nas100fut     day  ask  1173 2022-02-03 2026-08-18      1173     43.0 2026-08-19T12:21
   us30fut  minute  mid 31073 2026-07-19 2026-08-19        28      0.0 2026-08-19T12:21
   us30fut  minute  bid 31073 2026-07-19 2026-08-19        28      0.0 2026-08-19T12:21
   us30fut  minute  ask 31073 2026-07-19 2026-08-19        28      0.0 2026-08-19T12:21
   us30fut quarter  mid 23516 2025-08-19 2026-08-19       314      0.0 2026-08-19T12:21
   us30fut quarter  bid 23516 2025-08-19 2026-08-19       314      0.0 2026-08-19T12:21
   us30fut quarter  ask 23516 2025-08-19 2026-08-19       314      0.0 2026-08-19T12:21
   us30fut    hour  mid 11797 2024-08-19 2026-08-19       626      0.0 2026-08-19T12:21
   us30fut    hour  bid 11797 2024-08-19 2026-08-19       626      0.0 2026-08-19T12:21
   us30fut    hour  ask 11797 2024-08-19 2026-08-19       626      0.0 2026-08-19T12:21
   us30fut     day  mid  1324 2021-07-05 2026-08-18      1324     49.5 2026-08-19T12:21
   us30fut     day  bid  1324 2021-07-05 2026-08-18      1324     49.5 2026-08-19T12:21
   us30fut     day  ask  1324 2021-07-05 2026-08-18      1324     49.5 2026-08-19T12:21
uk100sep26  minute  mid 37210 2026-07-12 2026-08-19        34      0.0 2026-08-19T12:21
uk100sep26  minute  bid 37210 2026-07-12 2026-08-19        34      0.0 2026-08-19T12:21
uk100sep26  minute  ask 37210 2026-07-12 2026-08-19        34      0.0 2026-08-19T12:22
uk100sep26 quarter  mid  4406 2026-06-11 2026-08-19        60      0.0 2026-08-19T12:22
uk100sep26 quarter  bid  4406 2026-06-11 2026-08-19        60      0.0 2026-08-19T12:22
uk100sep26 quarter  ask  4406 2026-06-11 2026-08-19        60      0.0 2026-08-19T12:22
uk100sep26    hour  mid  1112 2026-06-11 2026-08-19        60      0.0 2026-08-19T12:22
uk100sep26    hour  bid  1112 2026-06-11 2026-08-19        60      0.0 2026-08-19T12:22
uk100sep26    hour  ask  1112 2026-06-11 2026-08-19        60      0.0 2026-08-19T12:22
uk100sep26     day  mid    49 2026-06-11 2026-08-18        49      0.0 2026-08-19T12:22
uk100sep26     day  bid    49 2026-06-11 2026-08-18        49      0.0 2026-08-19T12:22
uk100sep26     day  ask    49 2026-06-11 2026-08-18        49      0.0 2026-08-19T12:22

spread (minute, n=44,211): median 1.00 pts | p90 5.00 | core 07:00-15:59 UTC median 0.80 pts (n=17,601)

spread (quarter, n=23,824): median 1.00 pts | p90 5.00 | core 07:00-15:59 UTC median 0.80 pts (n=9,500)

spread (hour, n=11,719): median 1.00 pts | p90 5.00 | core 07:00-15:59 UTC median 0.80 pts (n=4,637)

spread (day, n=3,756): median 0.00 pts | p90 5.00 | core 07:00-15:59 UTC median nan pts (n=0)
uk100/minute/mid: 44,206 bars | OK | zero-volume 0.0% | 155 gaps > one bar (weekends/closures expected)
uk100/minute/bid: 44,211 bars | OK | zero-volume 0.0% | 155 gaps > one bar (weekends/closures expected)
uk100/minute/ask: 44,211 bars | OK | zero-volume 0.0% | 155 gaps > one bar (weekends/closures expected)
uk100/quarter/mid: 23,824 bars | OK | zero-volume 0.0% | 455 gaps > one bar (weekends/closures expected)
uk100/quarter/bid: 23,824 bars | OK | zero-volume 0.0% | 455 gaps > one bar (weekends/closures expected)
uk100/quarter/ask: 23,824 bars | OK | zero-volume 0.0% | 455 gaps > one bar (weekends/closures expected)
uk100/hour/mid: 11,719 bars | OK | zero-volume 0.0% | 516 gaps > one bar (weekends/closures expected)
uk100/hour/bid: 11,719 bars | OK | zero-volume 0.0% | 516 gaps > one bar (weekends/closures expected)
uk100/hour/ask: 11,719 bars | OK | zero-volume 0.0% | 516 gaps > one bar (weekends/closures expected)
uk100/day/mid: 3,756 bars | OK | zero-volume 59.8% | 748 gaps > one bar (weekends/closures expected)
uk100/day/bid: 3,756 bars | known {'open_outside_hl': 2} | zero-volume 59.8% | 748 gaps > one bar (weekends/closures expected)
uk100/day/ask: 3,756 bars | known {'close_outside_hl': 2} | zero-volume 59.8% | 748 gaps > one bar (weekends/closures expected)
ger40/minute/mid: 44,047 bars | OK | zero-volume 0.0% | 191 gaps > one bar (weekends/closures expected)
ger40/minute/bid: 44,047 bars | OK | zero-volume 0.0% | 191 gaps > one bar (weekends/closures expected)
ger40/minute/ask: 44,047 bars | OK | zero-volume 0.0% | 191 gaps > one bar (weekends/closures expected)
ger40/quarter/mid: 23,857 bars | OK | zero-volume 0.0% | 458 gaps > one bar (weekends/closures expected)
ger40/quarter/bid: 23,857 bars | OK | zero-volume 0.0% | 458 gaps > one bar (weekends/closures expected)
ger40/quarter/ask: 23,857 bars | OK | zero-volume 0.0% | 458 gaps > one bar (weekends/closures expected)
ger40/hour/mid: 11,770 bars | OK | zero-volume 0.0% | 517 gaps > one bar (weekends/closures expected)
ger40/hour/bid: 11,770 bars | OK | zero-volume 0.0% | 517 gaps > one bar (weekends/closures expected)
ger40/hour/ask: 11,770 bars | OK | zero-volume 0.0% | 517 gaps > one bar (weekends/closures expected)
ger40/day/mid: 3,775 bars | OK | zero-volume 60.11% | 767 gaps > one bar (weekends/closures expected)
ger40/day/bid: 3,775 bars | OK | zero-volume 60.11% | 767 gaps > one bar (weekends/closures expected)
ger40/day/ask: 3,775 bars | OK | zero-volume 60.11% | 767 gaps > one bar (weekends/closures expected)
us30/minute/mid: 44,829 bars | OK | zero-volume 0.0% | 33 gaps > one bar (weekends/closures expected)
us30/minute/bid: 44,829 bars | OK | zero-volume 0.0% | 33 gaps > one bar (weekends/closures expected)
us30/minute/ask: 44,829 bars | OK | zero-volume 0.0% | 33 gaps > one bar (weekends/closures expected)
us30/quarter/mid: 24,503 bars | OK | zero-volume 0.0% | 272 gaps > one bar (weekends/closures expected)
us30/quarter/bid: 24,503 bars | OK | zero-volume 0.0% | 272 gaps > one bar (weekends/closures expected)
us30/quarter/ask: 24,503 bars | OK | zero-volume 0.0% | 272 gaps > one bar (weekends/closures expected)
us30/hour/mid: 12,040 bars | OK | zero-volume 0.0% | 528 gaps > one bar (weekends/closures expected)
us30/hour/bid: 12,040 bars | OK | zero-volume 0.0% | 528 gaps > one bar (weekends/closures expected)
us30/hour/ask: 12,040 bars | OK | zero-volume 0.0% | 528 gaps > one bar (weekends/closures expected)
us30/day/mid: 3,848 bars | OK | zero-volume 60.81% | 760 gaps > one bar (weekends/closures expected)
us30/day/bid: 3,848 bars | OK | zero-volume 60.81% | 760 gaps > one bar (weekends/closures expected)
us30/day/ask: 3,848 bars | OK | zero-volume 60.81% | 760 gaps > one bar (weekends/closures expected)
nas100/minute/mid: 44,830 bars | OK | zero-volume 0.0% | 32 gaps > one bar (weekends/closures expected)
nas100/minute/bid: 44,830 bars | OK | zero-volume 0.0% | 32 gaps > one bar (weekends/closures expected)
nas100/minute/ask: 44,830 bars | OK | zero-volume 0.0% | 32 gaps > one bar (weekends/closures expected)
nas100/quarter/mid: 24,503 bars | OK | zero-volume 0.0% | 273 gaps > one bar (weekends/closures expected)
nas100/quarter/bid: 24,503 bars | OK | zero-volume 0.0% | 273 gaps > one bar (weekends/closures expected)
nas100/quarter/ask: 24,503 bars | OK | zero-volume 0.0% | 273 gaps > one bar (weekends/closures expected)
nas100/hour/mid: 12,041 bars | OK | zero-volume 0.0% | 528 gaps > one bar (weekends/closures expected)
nas100/hour/bid: 12,041 bars | OK | zero-volume 0.0% | 528 gaps > one bar (weekends/closures expected)
nas100/hour/ask: 12,041 bars | OK | zero-volume 0.0% | 528 gaps > one bar (weekends/closures expected)
nas100/day/mid: 3,848 bars | OK | zero-volume 60.84% | 760 gaps > one bar (weekends/closures expected)
nas100/day/bid: 3,848 bars | OK | zero-volume 60.84% | 760 gaps > one bar (weekends/closures expected)
nas100/day/ask: 3,848 bars | OK | zero-volume 60.84% | 760 gaps > one bar (weekends/closures expected)
us500/minute/mid: 44,763 bars | OK | zero-volume 0.0% | 89 gaps > one bar (weekends/closures expected)
us500/minute/bid: 44,763 bars | OK | zero-volume 0.0% | 89 gaps > one bar (weekends/closures expected)
us500/minute/ask: 44,763 bars | OK | zero-volume 0.0% | 89 gaps > one bar (weekends/closures expected)
us500/quarter/mid: 24,496 bars | OK | zero-volume 0.0% | 272 gaps > one bar (weekends/closures expected)
us500/quarter/bid: 24,496 bars | OK | zero-volume 0.0% | 272 gaps > one bar (weekends/closures expected)
us500/quarter/ask: 24,496 bars | OK | zero-volume 0.0% | 272 gaps > one bar (weekends/closures expected)
us500/hour/mid: 12,040 bars | OK | zero-volume 0.0% | 528 gaps > one bar (weekends/closures expected)
us500/hour/bid: 12,040 bars | OK | zero-volume 0.0% | 528 gaps > one bar (weekends/closures expected)
us500/hour/ask: 12,040 bars | OK | zero-volume 0.0% | 528 gaps > one bar (weekends/closures expected)
us500/day/mid: 3,841 bars | OK | zero-volume 60.77% | 760 gaps > one bar (weekends/closures expected)
us500/day/bid: 3,841 bars | OK | zero-volume 60.77% | 760 gaps > one bar (weekends/closures expected)
us500/day/ask: 3,841 bars | OK | zero-volume 60.77% | 760 gaps > one bar (weekends/closures expected)
gold/minute/mid: 44,969 bars | OK | zero-volume 0.0% | 32 gaps > one bar (weekends/closures expected)
gold/minute/bid: 44,969 bars | OK | zero-volume 0.0% | 32 gaps > one bar (weekends/closures expected)
gold/minute/ask: 44,969 bars | OK | zero-volume 0.0% | 32 gaps > one bar (weekends/closures expected)
gold/quarter/mid: 24,620 bars | OK | zero-volume 0.0% | 271 gaps > one bar (weekends/closures expected)
gold/quarter/bid: 24,620 bars | OK | zero-volume 0.0% | 271 gaps > one bar (weekends/closures expected)
gold/quarter/ask: 24,620 bars | OK | zero-volume 0.0% | 271 gaps > one bar (weekends/closures expected)
gold/hour/mid: 12,066 bars | OK | zero-volume 0.0% | 526 gaps > one bar (weekends/closures expected)
gold/hour/bid: 12,066 bars | OK | zero-volume 0.0% | 526 gaps > one bar (weekends/closures expected)
gold/hour/ask: 12,066 bars | OK | zero-volume 0.0% | 526 gaps > one bar (weekends/closures expected)
gold/day/mid: 3,846 bars | OK | zero-volume 60.84% | 767 gaps > one bar (weekends/closures expected)
gold/day/bid: 3,846 bars | OK | zero-volume 60.84% | 767 gaps > one bar (weekends/closures expected)
gold/day/ask: 3,846 bars | OK | zero-volume 60.84% | 767 gaps > one bar (weekends/closures expected)
goldvar/minute/mid: 44,970 bars | OK | zero-volume 0.0% | 32 gaps > one bar (weekends/closures expected)
goldvar/minute/bid: 44,970 bars | OK | zero-volume 0.0% | 32 gaps > one bar (weekends/closures expected)
goldvar/minute/ask: 44,970 bars | OK | zero-volume 0.0% | 32 gaps > one bar (weekends/closures expected)
goldvar/quarter/mid: 24,620 bars | OK | zero-volume 0.0% | 271 gaps > one bar (weekends/closures expected)
goldvar/quarter/bid: 24,620 bars | OK | zero-volume 0.0% | 271 gaps > one bar (weekends/closures expected)
goldvar/quarter/ask: 24,620 bars | OK | zero-volume 0.0% | 271 gaps > one bar (weekends/closures expected)
goldvar/hour/mid: 12,066 bars | OK | zero-volume 0.0% | 526 gaps > one bar (weekends/closures expected)
goldvar/hour/bid: 12,066 bars | OK | zero-volume 0.0% | 526 gaps > one bar (weekends/closures expected)
goldvar/hour/ask: 12,066 bars | OK | zero-volume 0.0% | 526 gaps > one bar (weekends/closures expected)
goldvar/day/mid: 3,846 bars | OK | zero-volume 60.84% | 767 gaps > one bar (weekends/closures expected)
goldvar/day/bid: 3,846 bars | OK | zero-volume 60.84% | 767 gaps > one bar (weekends/closures expected)
goldvar/day/ask: 3,846 bars | OK | zero-volume 60.84% | 767 gaps > one bar (weekends/closures expected)
eurusd/minute/mid: 46,608 bars | OK | zero-volume 0.0% | 221 gaps > one bar (weekends/closures expected)
eurusd/minute/bid: 46,608 bars | OK | zero-volume 0.0% | 221 gaps > one bar (weekends/closures expected)
eurusd/minute/ask: 46,608 bars | OK | zero-volume 0.0% | 221 gaps > one bar (weekends/closures expected)
eurusd/quarter/mid: 25,851 bars | OK | zero-volume 0.0% | 58 gaps > one bar (weekends/closures expected)
eurusd/quarter/bid: 25,851 bars | OK | zero-volume 0.0% | 58 gaps > one bar (weekends/closures expected)
eurusd/quarter/ask: 25,851 bars | OK | zero-volume 0.0% | 58 gaps > one bar (weekends/closures expected)
eurusd/hour/mid: 12,649 bars | OK | zero-volume 0.0% | 111 gaps > one bar (weekends/closures expected)
eurusd/hour/bid: 12,649 bars | OK | zero-volume 0.0% | 111 gaps > one bar (weekends/closures expected)
eurusd/hour/ask: 12,649 bars | OK | zero-volume 0.0% | 111 gaps > one bar (weekends/closures expected)
eurusd/day/mid: 7,450 bars | OK | zero-volume 79.3% | 1,442 gaps > one bar (weekends/closures expected)
eurusd/day/bid: 7,450 bars | OK | zero-volume 79.3% | 1,442 gaps > one bar (weekends/closures expected)
eurusd/day/ask: 7,450 bars | OK | zero-volume 79.3% | 1,442 gaps > one bar (weekends/closures expected)
uk100fut/minute/mid: 37,210 bars | OK | zero-volume 0.0% | 137 gaps > one bar (weekends/closures expected)
uk100fut/minute/bid: 37,208 bars | OK | zero-volume 0.0% | 137 gaps > one bar (weekends/closures expected)
uk100fut/minute/ask: 37,208 bars | OK | zero-volume 0.0% | 137 gaps > one bar (weekends/closures expected)
uk100fut/quarter/mid: 23,371 bars | OK | zero-volume 0.0% | 447 gaps > one bar (weekends/closures expected)
uk100fut/quarter/bid: 23,371 bars | OK | zero-volume 0.0% | 447 gaps > one bar (weekends/closures expected)
uk100fut/quarter/ask: 23,371 bars | OK | zero-volume 0.0% | 447 gaps > one bar (weekends/closures expected)
uk100fut/hour/mid: 11,594 bars | OK | zero-volume 0.0% | 512 gaps > one bar (weekends/closures expected)
uk100fut/hour/bid: 11,594 bars | OK | zero-volume 0.0% | 512 gaps > one bar (weekends/closures expected)
uk100fut/hour/ask: 11,594 bars | OK | zero-volume 0.0% | 512 gaps > one bar (weekends/closures expected)
uk100fut/day/mid: 1,293 bars | OK | zero-volume 49.34% | 271 gaps > one bar (weekends/closures expected)
uk100fut/day/bid: 1,293 bars | known {'open_outside_hl': 1} | zero-volume 49.34% | 271 gaps > one bar (weekends/closures expected)
uk100fut/day/ask: 1,293 bars | known {'close_outside_hl': 1} | zero-volume 49.34% | 271 gaps > one bar (weekends/closures expected)
ger40fut/minute/mid: 30,067 bars | OK | zero-volume 0.0% | 171 gaps > one bar (weekends/closures expected)
ger40fut/minute/bid: 30,067 bars | OK | zero-volume 0.0% | 171 gaps > one bar (weekends/closures expected)
ger40fut/minute/ask: 30,067 bars | OK | zero-volume 0.0% | 171 gaps > one bar (weekends/closures expected)
ger40fut/quarter/mid: 22,754 bars | OK | zero-volume 0.0% | 509 gaps > one bar (weekends/closures expected)
ger40fut/quarter/bid: 22,754 bars | OK | zero-volume 0.0% | 509 gaps > one bar (weekends/closures expected)
ger40fut/quarter/ask: 22,754 bars | OK | zero-volume 0.0% | 509 gaps > one bar (weekends/closures expected)
ger40fut/hour/mid: 11,517 bars | OK | zero-volume 0.0% | 506 gaps > one bar (weekends/closures expected)
ger40fut/hour/bid: 11,517 bars | OK | zero-volume 0.0% | 506 gaps > one bar (weekends/closures expected)
ger40fut/hour/ask: 11,517 bars | OK | zero-volume 0.0% | 506 gaps > one bar (weekends/closures expected)
ger40fut/day/mid: 2,762 bars | OK | zero-volume 76.25% | 562 gaps > one bar (weekends/closures expected)
ger40fut/day/bid: 2,762 bars | OK | zero-volume 76.25% | 562 gaps > one bar (weekends/closures expected)
ger40fut/day/ask: 2,762 bars | OK | zero-volume 76.25% | 562 gaps > one bar (weekends/closures expected)
nas100fut/minute/mid: 31,095 bars | OK | zero-volume 0.0% | 22 gaps > one bar (weekends/closures expected)
nas100fut/minute/bid: 31,095 bars | OK | zero-volume 0.0% | 22 gaps > one bar (weekends/closures expected)
nas100fut/minute/ask: 31,096 bars | OK | zero-volume 0.0% | 22 gaps > one bar (weekends/closures expected)
nas100fut/quarter/mid: 23,514 bars | OK | zero-volume 0.0% | 262 gaps > one bar (weekends/closures expected)
nas100fut/quarter/bid: 23,514 bars | OK | zero-volume 0.0% | 262 gaps > one bar (weekends/closures expected)
nas100fut/quarter/ask: 23,514 bars | OK | zero-volume 0.0% | 262 gaps > one bar (weekends/closures expected)
nas100fut/hour/mid: 11,796 bars | OK | zero-volume 0.0% | 516 gaps > one bar (weekends/closures expected)
nas100fut/hour/bid: 11,796 bars | OK | zero-volume 0.0% | 516 gaps > one bar (weekends/closures expected)
nas100fut/hour/ask: 11,796 bars | OK | zero-volume 0.0% | 516 gaps > one bar (weekends/closures expected)
nas100fut/day/mid: 1,173 bars | OK | zero-volume 42.97% | 241 gaps > one bar (weekends/closures expected)
nas100fut/day/bid: 1,173 bars | OK | zero-volume 42.97% | 241 gaps > one bar (weekends/closures expected)
nas100fut/day/ask: 1,173 bars | OK | zero-volume 42.97% | 241 gaps > one bar (weekends/closures expected)
us30fut/minute/mid: 31,073 bars | OK | zero-volume 0.0% | 43 gaps > one bar (weekends/closures expected)
us30fut/minute/bid: 31,073 bars | OK | zero-volume 0.0% | 43 gaps > one bar (weekends/closures expected)
us30fut/minute/ask: 31,073 bars | OK | zero-volume 0.0% | 43 gaps > one bar (weekends/closures expected)
us30fut/quarter/mid: 23,516 bars | OK | zero-volume 0.0% | 261 gaps > one bar (weekends/closures expected)
us30fut/quarter/bid: 23,516 bars | OK | zero-volume 0.0% | 261 gaps > one bar (weekends/closures expected)
us30fut/quarter/ask: 23,516 bars | OK | zero-volume 0.0% | 261 gaps > one bar (weekends/closures expected)
us30fut/hour/mid: 11,797 bars | OK | zero-volume 0.0% | 516 gaps > one bar (weekends/closures expected)
us30fut/hour/bid: 11,797 bars | OK | zero-volume 0.0% | 516 gaps > one bar (weekends/closures expected)
us30fut/hour/ask: 11,797 bars | OK | zero-volume 0.0% | 516 gaps > one bar (weekends/closures expected)
us30fut/day/mid: 1,324 bars | OK | zero-volume 49.47% | 272 gaps > one bar (weekends/closures expected)
us30fut/day/bid: 1,324 bars | OK | zero-volume 49.47% | 272 gaps > one bar (weekends/closures expected)
us30fut/day/ask: 1,324 bars | OK | zero-volume 49.47% | 272 gaps > one bar (weekends/closures expected)
uk100sep26/minute/mid: 37,210 bars | OK | zero-volume 0.0% | 137 gaps > one bar (weekends/closures expected)
uk100sep26/minute/bid: 37,210 bars | OK | zero-volume 0.0% | 137 gaps > one bar (weekends/closures expected)
uk100sep26/minute/ask: 37,210 bars | OK | zero-volume 0.0% | 137 gaps > one bar (weekends/closures expected)
uk100sep26/quarter/mid: 4,406 bars | OK | zero-volume 0.0% | 88 gaps > one bar (weekends/closures expected)
uk100sep26/quarter/bid: 4,406 bars | OK | zero-volume 0.0% | 88 gaps > one bar (weekends/closures expected)
uk100sep26/quarter/ask: 4,406 bars | OK | zero-volume 0.0% | 88 gaps > one bar (weekends/closures expected)
uk100sep26/hour/mid: 1,112 bars | OK | zero-volume 0.0% | 49 gaps > one bar (weekends/closures expected)
uk100sep26/hour/bid: 1,112 bars | OK | zero-volume 0.0% | 49 gaps > one bar (weekends/closures expected)
uk100sep26/hour/ask: 1,112 bars | OK | zero-volume 0.0% | 49 gaps > one bar (weekends/closures expected)
uk100sep26/day/mid: 49 bars | OK | zero-volume 0.0% | 10 gaps > one bar (weekends/closures expected)
uk100sep26/day/bid: 49 bars | OK | zero-volume 0.0% | 10 gaps > one bar (weekends/closures expected)
uk100sep26/day/ask: 49 bars | OK | zero-volume 0.0% | 10 gaps > one bar (weekends/closures expected)

All structural checks passed (known baseline accepted).

=== uk100  (cash 8.0-16.5 London) ===
    1min:  44,206 bars (16,636 cash) 2026-07-03 -> 2026-08-19   spread 0.8
   15min:  23,824 bars ( 8,968 cash) 2025-08-03 -> 2026-08-19   spread 0.8
      1h:  11,719 bars ( 4,633 cash) 2024-08-04 -> 2026-08-19   spread 0.8
      4h:   3,193 bars ( 1,546 cash) 2024-08-04 -> 2026-08-19   spread 0.8
      1d:   3,756 bars ( 3,756 cash) 2012-03-26 -> 2026-08-18   spread 0.0

=== ger40  (cash 9.0-17.5 London) ===
    1min:  44,047 bars (16,636 cash) 2026-07-05 -> 2026-08-19   spread 1.0
   15min:  23,857 bars ( 8,962 cash) 2025-08-04 -> 2026-08-19   spread 1.0
      1h:  11,770 bars ( 4,649 cash) 2024-08-04 -> 2026-08-19   spread 1.0
      4h:   3,105 bars ( 1,033 cash) 2024-08-04 -> 2026-08-19   spread 1.175
      1d:   3,775 bars ( 3,775 cash) 2012-01-30 -> 2026-08-18   spread 0.0

=== ger40fut  (cash 9.0-17.5 London) ===
    1min:  30,067 bars (11,540 cash) 2026-07-19 -> 2026-08-19   spread 1.5
   15min:  22,754 bars ( 8,599 cash) 2025-08-19 -> 2026-08-19   spread 1.5
      1h:  11,517 bars ( 4,553 cash) 2024-08-19 -> 2026-08-19   spread 1.5
      4h:   3,037 bars ( 1,012 cash) 2024-08-19 -> 2026-08-19   spread 1.5
      1d:   2,762 bars ( 2,762 cash) 2015-11-21 -> 2026-08-18   spread 0.0

=== us500  (cash 9.5-16.0 London) ===
    1min:  44,763 bars (12,475 cash) 2026-07-05 -> 2026-08-19   spread 0.4
   15min:  24,496 bars ( 6,865 cash) 2025-08-04 -> 2026-08-19   spread 0.4
      1h:  12,040 bars ( 3,098 cash) 2024-08-04 -> 2026-08-19   spread 0.4
      4h:   3,149 bars (   551 cash) 2024-08-04 -> 2026-08-19   spread 0.425
      1d:   3,841 bars ( 3,841 cash) 2012-03-13 -> 2026-08-18   spread 0.0

=== us30  (cash 9.5-16.0 London) ===
    1min:  44,829 bars (12,480 cash) 2026-07-05 -> 2026-08-19   spread 1.9
   15min:  24,503 bars ( 6,871 cash) 2025-08-04 -> 2026-08-19   spread 1.9
      1h:  12,040 bars ( 3,098 cash) 2024-08-04 -> 2026-08-19   spread 1.9
      4h:   3,149 bars (   551 cash) 2024-08-04 -> 2026-08-19   spread 2.2667
      1d:   3,848 bars ( 3,848 cash) 2012-03-05 -> 2026-08-18   spread 0.0

=== nas100  (cash 9.5-16.0 London) ===
    1min:  44,830 bars (12,480 cash) 2026-07-05 -> 2026-08-19   spread 0.9
   15min:  24,503 bars ( 6,871 cash) 2025-08-04 -> 2026-08-19   spread 0.9
      1h:  12,041 bars ( 3,098 cash) 2024-08-04 -> 2026-08-19   spread 0.9
      4h:   3,149 bars (   551 cash) 2024-08-04 -> 2026-08-19   spread 1.125
      1d:   3,848 bars ( 3,848 cash) 2012-03-05 -> 2026-08-18   spread 0.0

=== nas100fut  (cash 9.5-16.0 London) ===
    1min:  31,095 bars ( 8,580 cash) 2026-07-19 -> 2026-08-19   spread 1.8
   15min:  23,514 bars ( 6,601 cash) 2025-08-19 -> 2026-08-19   spread 1.8
      1h:  11,796 bars ( 3,038 cash) 2024-08-19 -> 2026-08-19   spread 1.8
      4h:   3,085 bars (   541 cash) 2024-08-19 -> 2026-08-19   spread 2.05
      1d:   1,173 bars ( 1,173 cash) 2022-02-03 -> 2026-08-18   spread 1.5

=== us30fut  (cash 9.5-16.0 London) ===
    1min:  31,073 bars ( 8,580 cash) 2026-07-19 -> 2026-08-19   spread 2.6
   15min:  23,516 bars ( 6,602 cash) 2025-08-19 -> 2026-08-19   spread 2.6
      1h:  11,797 bars ( 3,038 cash) 2024-08-19 -> 2026-08-19   spread 2.6
      4h:   3,085 bars (   541 cash) 2024-08-19 -> 2026-08-19   spread 3.45
      1d:   1,324 bars ( 1,324 cash) 2021-07-05 -> 2026-08-18   spread 4.0

=== gold  (cash 8.0-16.0 London) ===
    1min:  44,969 bars (15,378 cash) 2026-07-05 -> 2026-08-19   spread 0.4
   15min:  24,620 bars ( 8,518 cash) 2025-08-04 -> 2026-08-19   spread 0.4
      1h:  12,066 bars ( 4,180 cash) 2024-08-04 -> 2026-08-19   spread 0.3
      4h:   3,264 bars ( 1,034 cash) 2024-08-04 -> 2026-08-19   spread 0.45
      1d:   3,846 bars ( 3,846 cash) 2011-12-30 -> 2026-08-18   spread 0.0

=== goldvar  (cash 8.0-16.0 London) ===
    1min:  44,970 bars (15,379 cash) 2026-07-05 -> 2026-08-19   spread 0.4
   15min:  24,620 bars ( 8,518 cash) 2025-08-04 -> 2026-08-19   spread 0.4
      1h:  12,066 bars ( 4,180 cash) 2024-08-04 -> 2026-08-19   spread 0.3
      4h:   3,264 bars ( 1,034 cash) 2024-08-04 -> 2026-08-19   spread 0.4
      1d:   3,846 bars ( 3,846 cash) 2011-12-30 -> 2026-08-18   spread 0.0

=== eurusd  (cash 8.0-21.0 London) ===
    1min:  46,608 bars (25,279 cash) 2026-07-05 -> 2026-08-19   spread 0.0001
   15min:  25,851 bars (13,983 cash) 2025-08-04 -> 2026-08-19   spread 0.0001
      1h:  12,649 bars ( 6,846 cash) 2024-08-04 -> 2026-08-19   spread 0.0
      4h:   3,273 bars ( 2,106 cash) 2024-08-04 -> 2026-08-19   spread 0.0
      1d:   7,450 bars ( 7,450 cash) 1999-01-04 -> 2026-08-18   spread 0.0

=== uk100fut  (cash 8.0-16.5 London) ===
    1min:  37,210 bars (14,091 cash) 2026-07-12 -> 2026-08-19   spread 1.3
   15min:  23,371 bars ( 8,798 cash) 2025-08-10 -> 2026-08-19   spread 1.3
      1h:  11,594 bars ( 4,588 cash) 2024-08-11 -> 2026-08-19   spread 1.3
      4h:   3,159 bars ( 1,531 cash) 2024-08-11 -> 2026-08-19   spread 1.3
      1d:   1,293 bars ( 1,293 cash) 2021-07-05 -> 2026-08-18   spread 5.0

=== uk100sep26  (cash 8.0-16.5 London) ===
    1min:  37,210 bars (14,091 cash) 2026-07-12 -> 2026-08-19   spread 4.0
   15min:   4,406 bars ( 1,653 cash) 2026-06-11 -> 2026-08-19   spread 4.0
      1h:   1,112 bars (   437 cash) 2026-06-11 -> 2026-08-19   spread 4.0
      4h:     304 bars (   146 cash) 2026-06-11 -> 2026-08-19   spread 4.0
      1d:      49 bars (    49 cash) 2026-06-11 -> 2026-08-18   spread 6.0

Wrote /Users/r.john/git/vc-tx2/clean_finsa/
uk100      14/14 passed
ger40      14/14 passed
ger40fut   14/14 passed
us500      14/14 passed
us30       14/14 passed
nas100     14/14 passed
nas100fut  14/14 passed
us30fut    14/14 passed
gold       14/14 passed
goldvar    14/14 passed
eurusd     14/14 passed
uk100fut   14/14 passed
uk100sep26 14/14 passed

182/182 checks passed overall.
=== done 2026-08-19T12:22:21Z sync=0 validate=0 build=0 verify=0 ===
=== sync start 2026-08-19T22:20:32Z ===

=== uk100 (id 16645) -> /Users/r.john/git/vc-tx2/data ===
  minute/mid:
      page 1: 10,000 bars  2026-08-10 11:04:00+00:00 -> 2026-08-19 22:20:00+00:00
      page 2: 10,000 bars  2026-07-30 01:30:00+00:00 -> 2026-08-10 11:03:00+00:00
      page 3: 10,000 bars  2026-07-20 15:22:00+00:00 -> 2026-07-30 01:29:00+00:00
      page 4:  1,021 bars  2026-07-19 22:21:00+00:00 -> 2026-07-20 15:21:00+00:00
      fetched 31,020 | +524 new | store 44,730 bars  2026-07-03 -> 2026-08-19

  minute/bid:
      page 1: 10,000 bars  2026-08-10 11:04:00+00:00 -> 2026-08-19 22:20:00+00:00
      page 2: 10,000 bars  2026-07-30 01:30:00+00:00 -> 2026-08-10 11:03:00+00:00
      page 3: 10,000 bars  2026-07-20 15:22:00+00:00 -> 2026-07-30 01:29:00+00:00
      page 4:  1,021 bars  2026-07-19 22:21:00+00:00 -> 2026-07-20 15:21:00+00:00
      fetched 31,020 | +1 new | store 44,730 bars  2026-07-03 -> 2026-08-19

  minute/ask:
      page 1: 10,000 bars  2026-08-10 11:04:00+00:00 -> 2026-08-19 22:20:00+00:00
      page 2: 10,000 bars  2026-07-30 01:30:00+00:00 -> 2026-08-10 11:03:00+00:00
      page 3: 10,000 bars  2026-07-20 15:22:00+00:00 -> 2026-07-30 01:29:00+00:00
      page 4:  1,021 bars  2026-07-19 22:21:00+00:00 -> 2026-07-20 15:21:00+00:00
      fetched 31,020 | +1 new | store 44,730 bars  2026-07-03 -> 2026-08-19

  quarter/mid:
      page 1: 10,000 bars  2026-03-12 06:00:00+00:00 -> 2026-08-19 22:15:00+00:00
      page 2: 10,000 bars  2025-10-02 16:15:00+00:00 -> 2026-03-12 05:45:00+00:00
      page 3:  2,772 bars  2025-08-19 22:30:00+00:00 -> 2025-10-02 16:00:00+00:00
      fetched 22,771 | +35 new | store 23,859 bars  2025-08-03 -> 2026-08-19

  quarter/bid:
      page 1: 10,000 bars  2026-03-12 06:00:00+00:00 -> 2026-08-19 22:15:00+00:00
      page 2: 10,000 bars  2025-10-02 16:15:00+00:00 -> 2026-03-12 05:45:00+00:00
      page 3:  2,772 bars  2025-08-19 22:30:00+00:00 -> 2025-10-02 16:00:00+00:00
      fetched 22,771 | +35 new | store 23,859 bars  2025-08-03 -> 2026-08-19

  quarter/ask:
      page 1: 10,000 bars  2026-03-12 06:00:00+00:00 -> 2026-08-19 22:15:00+00:00
      page 2: 10,000 bars  2025-10-02 16:15:00+00:00 -> 2026-03-12 05:45:00+00:00
      page 3:  2,772 bars  2025-08-19 22:30:00+00:00 -> 2025-10-02 16:00:00+00:00
      fetched 22,771 | +35 new | store 23,859 bars  2025-08-03 -> 2026-08-19

  hour/mid:
      page 1: 10,000 bars  2024-11-19 20:00:00+00:00 -> 2026-08-19 22:00:00+00:00
      page 2:  1,477 bars  2024-08-19 23:00:00+00:00 -> 2024-11-19 19:00:00+00:00
      fetched 11,476 | +9 new | store 11,728 bars  2024-08-04 -> 2026-08-19

  hour/bid:
      page 1: 10,000 bars  2024-11-19 20:00:00+00:00 -> 2026-08-19 22:00:00+00:00
      page 2:  1,477 bars  2024-08-19 23:00:00+00:00 -> 2024-11-19 19:00:00+00:00
      fetched 11,476 | +9 new | store 11,728 bars  2024-08-04 -> 2026-08-19

  hour/ask:
      page 1: 10,000 bars  2024-11-19 20:00:00+00:00 -> 2026-08-19 22:00:00+00:00
      page 2:  1,477 bars  2024-08-19 23:00:00+00:00 -> 2024-11-19 19:00:00+00:00
      fetched 11,476 | +9 new | store 11,728 bars  2024-08-04 -> 2026-08-19

  day/mid:
      page 1:  3,757 bars  2012-03-26 00:00:00+00:00 -> 2026-08-19 00:00:00+00:00
      fetched 3,756 | +0 new | store 3,756 bars  2012-03-26 -> 2026-08-18

  day/bid:
      page 1:  3,757 bars  2012-03-26 00:00:00+00:00 -> 2026-08-19 00:00:00+00:00
      fetched 3,756 | +0 new | store 3,756 bars  2012-03-26 -> 2026-08-18  !! {'open_outside_hl': 2}

  day/ask:
      page 1:  3,757 bars  2012-03-26 00:00:00+00:00 -> 2026-08-19 00:00:00+00:00
      fetched 3,756 | +0 new | store 3,756 bars  2012-03-26 -> 2026-08-18  !! {'close_outside_hl': 2}


=== ger40 (id 17068) -> /Users/r.john/git/vc-tx2/data ===
  minute/mid:
      page 1: 10,000 bars  2026-08-10 11:36:00+00:00 -> 2026-08-19 22:20:00+00:00
      page 2: 10,000 bars  2026-07-30 01:51:00+00:00 -> 2026-08-10 11:35:00+00:00
      page 3: 10,000 bars  2026-07-20 15:50:00+00:00 -> 2026-07-30 01:50:00+00:00
      page 4:  1,047 bars  2026-07-19 22:21:00+00:00 -> 2026-07-20 15:49:00+00:00
      fetched 31,046 | +527 new | store 44,574 bars  2026-07-05 -> 2026-08-19

  minute/bid:
      page 1: 10,000 bars  2026-08-10 11:36:00+00:00 -> 2026-08-19 22:20:00+00:00
      page 2: 10,000 bars  2026-07-30 01:51:00+00:00 -> 2026-08-10 11:35:00+00:00
      page 3: 10,000 bars  2026-07-20 15:50:00+00:00 -> 2026-07-30 01:50:00+00:00
      page 4:  1,047 bars  2026-07-19 22:21:00+00:00 -> 2026-07-20 15:49:00+00:00
      fetched 31,046 | +527 new | store 44,574 bars  2026-07-05 -> 2026-08-19

  minute/ask:
      page 1: 10,000 bars  2026-08-10 11:37:00+00:00 -> 2026-08-19 22:21:00+00:00
      page 2: 10,000 bars  2026-07-30 01:52:00+00:00 -> 2026-08-10 11:36:00+00:00
      page 3: 10,000 bars  2026-07-20 15:51:00+00:00 -> 2026-07-30 01:51:00+00:00
      page 4:  1,048 bars  2026-07-19 22:21:00+00:00 -> 2026-07-20 15:50:00+00:00
      fetched 31,047 | +528 new | store 44,575 bars  2026-07-05 -> 2026-08-19

  quarter/mid:
      page 1: 10,000 bars  2026-03-13 11:15:00+00:00 -> 2026-08-19 22:15:00+00:00
      page 2: 10,000 bars  2025-10-02 19:15:00+00:00 -> 2026-03-13 11:00:00+00:00
      page 3:  2,883 bars  2025-08-19 22:30:00+00:00 -> 2025-10-02 19:00:00+00:00
      fetched 22,882 | +35 new | store 23,892 bars  2025-08-04 -> 2026-08-19

  quarter/bid:
      page 1: 10,000 bars  2026-03-13 11:15:00+00:00 -> 2026-08-19 22:15:00+00:00
      page 2: 10,000 bars  2025-10-02 19:15:00+00:00 -> 2026-03-13 11:00:00+00:00
      page 3:  2,883 bars  2025-08-19 22:30:00+00:00 -> 2025-10-02 19:00:00+00:00
      fetched 22,882 | +35 new | store 23,892 bars  2025-08-04 -> 2026-08-19

  quarter/ask:
      page 1: 10,000 bars  2026-03-13 11:15:00+00:00 -> 2026-08-19 22:15:00+00:00
      page 2: 10,000 bars  2025-10-02 19:15:00+00:00 -> 2026-03-13 11:00:00+00:00
      page 3:  2,883 bars  2025-08-19 22:30:00+00:00 -> 2025-10-02 19:00:00+00:00
      fetched 22,882 | +35 new | store 23,892 bars  2025-08-04 -> 2026-08-19

  hour/mid:
      page 1: 10,000 bars  2024-11-21 00:00:00+00:00 -> 2026-08-19 22:00:00+00:00
      page 2:  1,528 bars  2024-08-19 23:00:00+00:00 -> 2024-11-20 23:00:00+00:00
      fetched 11,527 | +9 new | store 11,779 bars  2024-08-04 -> 2026-08-19

  hour/bid:
      page 1: 10,000 bars  2024-11-21 00:00:00+00:00 -> 2026-08-19 22:00:00+00:00
      page 2:  1,528 bars  2024-08-19 23:00:00+00:00 -> 2024-11-20 23:00:00+00:00
      fetched 11,527 | +9 new | store 11,779 bars  2024-08-04 -> 2026-08-19

  hour/ask:
      page 1: 10,000 bars  2024-11-21 00:00:00+00:00 -> 2026-08-19 22:00:00+00:00
      page 2:  1,528 bars  2024-08-19 23:00:00+00:00 -> 2024-11-20 23:00:00+00:00
      fetched 11,527 | +9 new | store 11,779 bars  2024-08-04 -> 2026-08-19

  day/mid:
      page 1:  3,776 bars  2012-01-30 00:00:00+00:00 -> 2026-08-19 00:00:00+00:00
      fetched 3,775 | +0 new | store 3,775 bars  2012-01-30 -> 2026-08-18

  day/bid:
      page 1:  3,776 bars  2012-01-30 00:00:00+00:00 -> 2026-08-19 00:00:00+00:00
      fetched 3,775 | +0 new | store 3,775 bars  2012-01-30 -> 2026-08-18

  day/ask:
      page 1:  3,776 bars  2012-01-30 00:00:00+00:00 -> 2026-08-19 00:00:00+00:00
      fetched 3,775 | +0 new | store 3,775 bars  2012-01-30 -> 2026-08-18


=== us30 (id 17322) -> /Users/r.john/git/vc-tx2/data ===
  minute/mid:
      page 1: 10,000 bars  2026-08-10 15:10:00+00:00 -> 2026-08-19 22:21:00+00:00
      page 2: 10,000 bars  2026-07-30 08:28:00+00:00 -> 2026-08-10 15:09:00+00:00
      page 3: 10,000 bars  2026-07-21 02:17:00+00:00 -> 2026-07-30 08:27:00+00:00
      page 4:  1,616 bars  2026-07-19 22:21:00+00:00 -> 2026-07-21 02:16:00+00:00
      fetched 31,615 | +544 new | store 45,373 bars  2026-07-05 -> 2026-08-19

  minute/bid:
      page 1: 10,000 bars  2026-08-10 15:10:00+00:00 -> 2026-08-19 22:21:00+00:00
      page 2: 10,000 bars  2026-07-30 08:28:00+00:00 -> 2026-08-10 15:09:00+00:00
      page 3: 10,000 bars  2026-07-21 02:17:00+00:00 -> 2026-07-30 08:27:00+00:00
      page 4:  1,615 bars  2026-07-19 22:22:00+00:00 -> 2026-07-21 02:16:00+00:00
      fetched 31,614 | +544 new | store 45,373 bars  2026-07-05 -> 2026-08-19

  minute/ask:
      page 1: 10,000 bars  2026-08-10 15:10:00+00:00 -> 2026-08-19 22:21:00+00:00
      page 2: 10,000 bars  2026-07-30 08:28:00+00:00 -> 2026-08-10 15:09:00+00:00
      page 3: 10,000 bars  2026-07-21 02:17:00+00:00 -> 2026-07-30 08:27:00+00:00
      page 4:  1,615 bars  2026-07-19 22:22:00+00:00 -> 2026-07-21 02:16:00+00:00
      fetched 31,614 | +544 new | store 45,373 bars  2026-07-05 -> 2026-08-19

  quarter/mid:
      page 1: 10,000 bars  2026-03-18 23:00:00+00:00 -> 2026-08-19 22:15:00+00:00
      page 2: 10,000 bars  2025-10-13 11:30:00+00:00 -> 2026-03-18 22:45:00+00:00
      page 3:  3,516 bars  2025-08-19 22:30:00+00:00 -> 2025-10-13 11:15:00+00:00
      fetched 23,515 | +36 new | store 24,539 bars  2025-08-04 -> 2026-08-19

  quarter/bid:
      page 1: 10,000 bars  2026-03-18 23:00:00+00:00 -> 2026-08-19 22:15:00+00:00
      page 2: 10,000 bars  2025-10-13 11:30:00+00:00 -> 2026-03-18 22:45:00+00:00
      page 3:  3,516 bars  2025-08-19 22:30:00+00:00 -> 2025-10-13 11:15:00+00:00
      fetched 23,515 | +36 new | store 24,539 bars  2025-08-04 -> 2026-08-19

  quarter/ask:
      page 1: 10,000 bars  2026-03-18 23:00:00+00:00 -> 2026-08-19 22:15:00+00:00
      page 2: 10,000 bars  2025-10-13 11:30:00+00:00 -> 2026-03-18 22:45:00+00:00
      page 3:  3,516 bars  2025-08-19 22:30:00+00:00 -> 2025-10-13 11:15:00+00:00
      fetched 23,515 | +36 new | store 24,539 bars  2025-08-04 -> 2026-08-19

  hour/mid:
      page 1: 10,000 bars  2024-12-06 13:00:00+00:00 -> 2026-08-19 22:00:00+00:00
      page 2:  1,796 bars  2024-08-19 23:00:00+00:00 -> 2024-12-06 12:00:00+00:00
      fetched 11,795 | +9 new | store 12,049 bars  2024-08-04 -> 2026-08-19

  hour/bid:
      page 1: 10,000 bars  2024-12-06 13:00:00+00:00 -> 2026-08-19 22:00:00+00:00
      page 2:  1,796 bars  2024-08-19 23:00:00+00:00 -> 2024-12-06 12:00:00+00:00
      fetched 11,795 | +9 new | store 12,049 bars  2024-08-04 -> 2026-08-19

  hour/ask:
      page 1: 10,000 bars  2024-12-06 13:00:00+00:00 -> 2026-08-19 22:00:00+00:00
      page 2:  1,796 bars  2024-08-19 23:00:00+00:00 -> 2024-12-06 12:00:00+00:00
      fetched 11,795 | +9 new | store 12,049 bars  2024-08-04 -> 2026-08-19

  day/mid:
      page 1:  3,849 bars  2012-03-05 00:00:00+00:00 -> 2026-08-19 00:00:00+00:00
      fetched 3,848 | +0 new | store 3,848 bars  2012-03-05 -> 2026-08-18

  day/bid:
      page 1:  3,849 bars  2012-03-05 00:00:00+00:00 -> 2026-08-19 00:00:00+00:00
      fetched 3,848 | +0 new | store 3,848 bars  2012-03-05 -> 2026-08-18

  day/ask:
      page 1:  3,849 bars  2012-03-05 00:00:00+00:00 -> 2026-08-19 00:00:00+00:00
      fetched 3,848 | +0 new | store 3,848 bars  2012-03-05 -> 2026-08-18


=== nas100 (id 20190) -> /Users/r.john/git/vc-tx2/data ===
  minute/mid:
      page 1: 10,000 bars  2026-08-10 15:11:00+00:00 -> 2026-08-19 22:21:00+00:00
      page 2: 10,000 bars  2026-07-30 08:29:00+00:00 -> 2026-08-10 15:10:00+00:00
      page 3: 10,000 bars  2026-07-21 02:18:00+00:00 -> 2026-07-30 08:28:00+00:00
      page 4:  1,616 bars  2026-07-19 22:22:00+00:00 -> 2026-07-21 02:17:00+00:00
      fetched 31,615 | +544 new | store 45,374 bars  2026-07-05 -> 2026-08-19

  minute/bid:
      page 1: 10,000 bars  2026-08-10 15:11:00+00:00 -> 2026-08-19 22:21:00+00:00
      page 2: 10,000 bars  2026-07-30 08:29:00+00:00 -> 2026-08-10 15:10:00+00:00
      page 3: 10,000 bars  2026-07-21 02:18:00+00:00 -> 2026-07-30 08:28:00+00:00
      page 4:  1,616 bars  2026-07-19 22:22:00+00:00 -> 2026-07-21 02:17:00+00:00
      fetched 31,615 | +544 new | store 45,374 bars  2026-07-05 -> 2026-08-19

  minute/ask:
      page 1: 10,000 bars  2026-08-10 15:12:00+00:00 -> 2026-08-19 22:22:00+00:00
      page 2: 10,000 bars  2026-07-30 08:30:00+00:00 -> 2026-08-10 15:11:00+00:00
      page 3: 10,000 bars  2026-07-21 02:19:00+00:00 -> 2026-07-30 08:29:00+00:00
      page 4:  1,617 bars  2026-07-19 22:22:00+00:00 -> 2026-07-21 02:18:00+00:00
      fetched 31,616 | +545 new | store 45,375 bars  2026-07-05 -> 2026-08-19

  quarter/mid:
      page 1: 10,000 bars  2026-03-18 23:15:00+00:00 -> 2026-08-19 22:15:00+00:00
      page 2: 10,000 bars  2025-10-13 11:30:00+00:00 -> 2026-03-18 23:00:00+00:00
      page 3:  3,516 bars  2025-08-19 22:30:00+00:00 -> 2025-10-13 11:15:00+00:00
      fetched 23,515 | +36 new | store 24,539 bars  2025-08-04 -> 2026-08-19

  quarter/bid:
      page 1: 10,000 bars  2026-03-18 23:15:00+00:00 -> 2026-08-19 22:15:00+00:00
      page 2: 10,000 bars  2025-10-13 11:30:00+00:00 -> 2026-03-18 23:00:00+00:00
      page 3:  3,516 bars  2025-08-19 22:30:00+00:00 -> 2025-10-13 11:15:00+00:00
      fetched 23,515 | +36 new | store 24,539 bars  2025-08-04 -> 2026-08-19

  quarter/ask:
      page 1: 10,000 bars  2026-03-18 23:15:00+00:00 -> 2026-08-19 22:15:00+00:00
      page 2: 10,000 bars  2025-10-13 11:30:00+00:00 -> 2026-03-18 23:00:00+00:00
      page 3:  3,516 bars  2025-08-19 22:30:00+00:00 -> 2025-10-13 11:15:00+00:00
      fetched 23,515 | +36 new | store 24,539 bars  2025-08-04 -> 2026-08-19

  hour/mid:
      page 1: 10,000 bars  2024-12-06 14:00:00+00:00 -> 2026-08-19 22:00:00+00:00
      page 2:  1,797 bars  2024-08-19 23:00:00+00:00 -> 2024-12-06 13:00:00+00:00
      fetched 11,796 | +9 new | store 12,050 bars  2024-08-04 -> 2026-08-19

  hour/bid:
      page 1: 10,000 bars  2024-12-06 14:00:00+00:00 -> 2026-08-19 22:00:00+00:00
      page 2:  1,797 bars  2024-08-19 23:00:00+00:00 -> 2024-12-06 13:00:00+00:00
      fetched 11,796 | +9 new | store 12,050 bars  2024-08-04 -> 2026-08-19

  hour/ask:
      page 1: 10,000 bars  2024-12-06 14:00:00+00:00 -> 2026-08-19 22:00:00+00:00
      page 2:  1,797 bars  2024-08-19 23:00:00+00:00 -> 2024-12-06 13:00:00+00:00
      fetched 11,796 | +9 new | store 12,050 bars  2024-08-04 -> 2026-08-19

  day/mid:
      page 1:  3,849 bars  2012-03-05 00:00:00+00:00 -> 2026-08-19 00:00:00+00:00
      fetched 3,848 | +0 new | store 3,848 bars  2012-03-05 -> 2026-08-18

  day/bid:
      page 1:  3,849 bars  2012-03-05 00:00:00+00:00 -> 2026-08-19 00:00:00+00:00
      fetched 3,848 | +0 new | store 3,848 bars  2012-03-05 -> 2026-08-18

  day/ask:
      page 1:  3,849 bars  2012-03-05 00:00:00+00:00 -> 2026-08-19 00:00:00+00:00
      fetched 3,848 | +0 new | store 3,848 bars  2012-03-05 -> 2026-08-18


=== us500 (id 67995) -> /Users/r.john/git/vc-tx2/data ===
  minute/mid:
      page 1: 10,000 bars  2026-08-10 14:10:00+00:00 -> 2026-08-19 22:22:00+00:00
      page 2: 10,000 bars  2026-07-30 07:26:00+00:00 -> 2026-08-10 14:09:00+00:00
      page 3: 10,000 bars  2026-07-21 01:15:00+00:00 -> 2026-07-30 07:25:00+00:00
      page 4:  1,552 bars  2026-07-19 22:22:00+00:00 -> 2026-07-21 01:14:00+00:00
      fetched 31,551 | +544 new | store 45,307 bars  2026-07-05 -> 2026-08-19

  minute/bid:
      page 1: 10,000 bars  2026-08-10 14:10:00+00:00 -> 2026-08-19 22:22:00+00:00
      page 2: 10,000 bars  2026-07-30 07:26:00+00:00 -> 2026-08-10 14:09:00+00:00
      page 3: 10,000 bars  2026-07-21 01:15:00+00:00 -> 2026-07-30 07:25:00+00:00
      page 4:  1,552 bars  2026-07-19 22:22:00+00:00 -> 2026-07-21 01:14:00+00:00
      fetched 31,551 | +544 new | store 45,307 bars  2026-07-05 -> 2026-08-19

  minute/ask:
      page 1: 10,000 bars  2026-08-10 14:10:00+00:00 -> 2026-08-19 22:22:00+00:00
      page 2: 10,000 bars  2026-07-30 07:26:00+00:00 -> 2026-08-10 14:09:00+00:00
      page 3: 10,000 bars  2026-07-21 01:15:00+00:00 -> 2026-07-30 07:25:00+00:00
      page 4:  1,551 bars  2026-07-19 22:23:00+00:00 -> 2026-07-21 01:14:00+00:00
      fetched 31,550 | +544 new | store 45,307 bars  2026-07-05 -> 2026-08-19

  quarter/mid:
      page 1: 10,000 bars  2026-03-18 22:00:00+00:00 -> 2026-08-19 22:15:00+00:00
      page 2: 10,000 bars  2025-10-13 10:15:00+00:00 -> 2026-03-18 20:45:00+00:00
      page 3:  3,511 bars  2025-08-19 22:30:00+00:00 -> 2025-10-13 10:00:00+00:00
      fetched 23,510 | +36 new | store 24,532 bars  2025-08-04 -> 2026-08-19

  quarter/bid:
      page 1: 10,000 bars  2026-03-18 22:00:00+00:00 -> 2026-08-19 22:15:00+00:00
      page 2: 10,000 bars  2025-10-13 10:15:00+00:00 -> 2026-03-18 20:45:00+00:00
      page 3:  3,511 bars  2025-08-19 22:30:00+00:00 -> 2025-10-13 10:00:00+00:00
      fetched 23,510 | +36 new | store 24,532 bars  2025-08-04 -> 2026-08-19

  quarter/ask:
      page 1: 10,000 bars  2026-03-18 22:00:00+00:00 -> 2026-08-19 22:15:00+00:00
      page 2: 10,000 bars  2025-10-13 10:15:00+00:00 -> 2026-03-18 20:45:00+00:00
      page 3:  3,511 bars  2025-08-19 22:30:00+00:00 -> 2025-10-13 10:00:00+00:00
      fetched 23,510 | +36 new | store 24,532 bars  2025-08-04 -> 2026-08-19

  hour/mid:
      page 1: 10,000 bars  2024-12-06 13:00:00+00:00 -> 2026-08-19 22:00:00+00:00
      page 2:  1,796 bars  2024-08-19 23:00:00+00:00 -> 2024-12-06 12:00:00+00:00
      fetched 11,795 | +9 new | store 12,049 bars  2024-08-04 -> 2026-08-19

  hour/bid:
      page 1: 10,000 bars  2024-12-06 13:00:00+00:00 -> 2026-08-19 22:00:00+00:00
      page 2:  1,796 bars  2024-08-19 23:00:00+00:00 -> 2024-12-06 12:00:00+00:00
      fetched 11,795 | +9 new | store 12,049 bars  2024-08-04 -> 2026-08-19

  hour/ask:
      page 1: 10,000 bars  2024-12-06 13:00:00+00:00 -> 2026-08-19 22:00:00+00:00
      page 2:  1,796 bars  2024-08-19 23:00:00+00:00 -> 2024-12-06 12:00:00+00:00
      fetched 11,795 | +9 new | store 12,049 bars  2024-08-04 -> 2026-08-19

  day/mid:
      page 1:  3,842 bars  2012-03-13 00:00:00+00:00 -> 2026-08-19 00:00:00+00:00
      fetched 3,841 | +0 new | store 3,841 bars  2012-03-13 -> 2026-08-18

  day/bid:
      page 1:  3,842 bars  2012-03-13 00:00:00+00:00 -> 2026-08-19 00:00:00+00:00
      fetched 3,841 | +0 new | store 3,841 bars  2012-03-13 -> 2026-08-18

  day/ask:
      page 1:  3,842 bars  2012-03-13 00:00:00+00:00 -> 2026-08-19 00:00:00+00:00
      fetched 3,841 | +0 new | store 3,841 bars  2012-03-13 -> 2026-08-18


=== gold (id 68924) -> /Users/r.john/git/vc-tx2/data ===
  minute/mid:
      page 1: 10,000 bars  2026-08-10 15:33:00+00:00 -> 2026-08-19 22:22:00+00:00
      page 2: 10,000 bars  2026-07-30 09:42:00+00:00 -> 2026-08-10 15:32:00+00:00
      page 3: 10,000 bars  2026-07-21 03:53:00+00:00 -> 2026-07-30 09:41:00+00:00
      page 4:  1,709 bars  2026-07-19 22:23:00+00:00 -> 2026-07-21 03:52:00+00:00
      fetched 31,708 | +543 new | store 45,512 bars  2026-07-05 -> 2026-08-19

  minute/bid:
      page 1: 10,000 bars  2026-08-10 15:33:00+00:00 -> 2026-08-19 22:22:00+00:00
      page 2: 10,000 bars  2026-07-30 09:42:00+00:00 -> 2026-08-10 15:32:00+00:00
      page 3: 10,000 bars  2026-07-21 03:53:00+00:00 -> 2026-07-30 09:41:00+00:00
      page 4:  1,709 bars  2026-07-19 22:23:00+00:00 -> 2026-07-21 03:52:00+00:00
      fetched 31,708 | +543 new | store 45,512 bars  2026-07-05 -> 2026-08-19

  minute/ask:
      page 1: 10,000 bars  2026-08-10 15:34:00+00:00 -> 2026-08-19 22:23:00+00:00
      page 2: 10,000 bars  2026-07-30 09:43:00+00:00 -> 2026-08-10 15:33:00+00:00
      page 3: 10,000 bars  2026-07-21 03:54:00+00:00 -> 2026-07-30 09:42:00+00:00
      page 4:  1,710 bars  2026-07-19 22:23:00+00:00 -> 2026-07-21 03:53:00+00:00
      fetched 31,709 | +544 new | store 45,513 bars  2026-07-05 -> 2026-08-19

  quarter/mid:
      page 1: 10,000 bars  2026-03-18 18:00:00+00:00 -> 2026-08-19 22:15:00+00:00
      page 2: 10,000 bars  2025-10-14 11:15:00+00:00 -> 2026-03-18 17:45:00+00:00
      page 3:  3,629 bars  2025-08-19 22:30:00+00:00 -> 2025-10-14 11:00:00+00:00
      fetched 23,628 | +36 new | store 24,656 bars  2025-08-04 -> 2026-08-19

  quarter/bid:
      page 1: 10,000 bars  2026-03-18 18:00:00+00:00 -> 2026-08-19 22:15:00+00:00
      page 2: 10,000 bars  2025-10-14 11:15:00+00:00 -> 2026-03-18 17:45:00+00:00
      page 3:  3,629 bars  2025-08-19 22:30:00+00:00 -> 2025-10-14 11:00:00+00:00
      fetched 23,628 | +36 new | store 24,656 bars  2025-08-04 -> 2026-08-19

  quarter/ask:
      page 1: 10,000 bars  2026-03-18 18:00:00+00:00 -> 2026-08-19 22:15:00+00:00
      page 2: 10,000 bars  2025-10-14 11:15:00+00:00 -> 2026-03-18 17:45:00+00:00
      page 3:  3,629 bars  2025-08-19 22:30:00+00:00 -> 2025-10-14 11:00:00+00:00
      fetched 23,628 | +36 new | store 24,656 bars  2025-08-04 -> 2026-08-19

  hour/mid:
      page 1: 10,000 bars  2024-12-09 13:00:00+00:00 -> 2026-08-19 22:00:00+00:00
      page 2:  1,822 bars  2024-08-19 23:00:00+00:00 -> 2024-12-09 12:00:00+00:00
      fetched 11,821 | +9 new | store 12,075 bars  2024-08-04 -> 2026-08-19

  hour/bid:
      page 1: 10,000 bars  2024-12-09 13:00:00+00:00 -> 2026-08-19 22:00:00+00:00
      page 2:  1,822 bars  2024-08-19 23:00:00+00:00 -> 2024-12-09 12:00:00+00:00
      fetched 11,821 | +9 new | store 12,075 bars  2024-08-04 -> 2026-08-19

  hour/ask:
      page 1: 10,000 bars  2024-12-09 13:00:00+00:00 -> 2026-08-19 22:00:00+00:00
      page 2:  1,822 bars  2024-08-19 23:00:00+00:00 -> 2024-12-09 12:00:00+00:00
      fetched 11,821 | +9 new | store 12,075 bars  2024-08-04 -> 2026-08-19

  day/mid:
      page 1:  3,847 bars  2011-12-30 00:00:00+00:00 -> 2026-08-19 00:00:00+00:00
      fetched 3,846 | +0 new | store 3,846 bars  2011-12-30 -> 2026-08-18

  day/bid:
      page 1:  3,847 bars  2011-12-30 00:00:00+00:00 -> 2026-08-19 00:00:00+00:00
      fetched 3,846 | +0 new | store 3,846 bars  2011-12-30 -> 2026-08-18

  day/ask:
      page 1:  3,847 bars  2011-12-30 00:00:00+00:00 -> 2026-08-19 00:00:00+00:00
      fetched 3,846 | +0 new | store 3,846 bars  2011-12-30 -> 2026-08-18


=== goldvar (id 72302) -> /Users/r.john/git/vc-tx2/data ===
  minute/mid:
      page 1: 10,000 bars  2026-08-10 15:34:00+00:00 -> 2026-08-19 22:23:00+00:00
      page 2: 10,000 bars  2026-07-30 09:43:00+00:00 -> 2026-08-10 15:33:00+00:00
      page 3: 10,000 bars  2026-07-21 03:54:00+00:00 -> 2026-07-30 09:42:00+00:00
      page 4:  1,710 bars  2026-07-19 22:23:00+00:00 -> 2026-07-21 03:53:00+00:00
      fetched 31,709 | +543 new | store 45,513 bars  2026-07-05 -> 2026-08-19

  minute/bid:
      page 1: 10,000 bars  2026-08-10 15:34:00+00:00 -> 2026-08-19 22:23:00+00:00
      page 2: 10,000 bars  2026-07-30 09:43:00+00:00 -> 2026-08-10 15:33:00+00:00
      page 3: 10,000 bars  2026-07-21 03:54:00+00:00 -> 2026-07-30 09:42:00+00:00
      page 4:  1,710 bars  2026-07-19 22:23:00+00:00 -> 2026-07-21 03:53:00+00:00
      fetched 31,709 | +543 new | store 45,513 bars  2026-07-05 -> 2026-08-19

  minute/ask:
      page 1: 10,000 bars  2026-08-10 15:34:00+00:00 -> 2026-08-19 22:23:00+00:00
      page 2: 10,000 bars  2026-07-30 09:43:00+00:00 -> 2026-08-10 15:33:00+00:00
      page 3: 10,000 bars  2026-07-21 03:54:00+00:00 -> 2026-07-30 09:42:00+00:00
      page 4:  1,709 bars  2026-07-19 22:24:00+00:00 -> 2026-07-21 03:53:00+00:00
      fetched 31,708 | +543 new | store 45,513 bars  2026-07-05 -> 2026-08-19

  quarter/mid:
      page 1: 10,000 bars  2026-03-18 18:00:00+00:00 -> 2026-08-19 22:15:00+00:00
      page 2: 10,000 bars  2025-10-14 11:15:00+00:00 -> 2026-03-18 17:45:00+00:00
      page 3:  3,629 bars  2025-08-19 22:30:00+00:00 -> 2025-10-14 11:00:00+00:00
      fetched 23,628 | +36 new | store 24,656 bars  2025-08-04 -> 2026-08-19

  quarter/bid:
      page 1: 10,000 bars  2026-03-18 18:00:00+00:00 -> 2026-08-19 22:15:00+00:00
      page 2: 10,000 bars  2025-10-14 11:15:00+00:00 -> 2026-03-18 17:45:00+00:00
      page 3:  3,629 bars  2025-08-19 22:30:00+00:00 -> 2025-10-14 11:00:00+00:00
      fetched 23,628 | +36 new | store 24,656 bars  2025-08-04 -> 2026-08-19

  quarter/ask:
      page 1: 10,000 bars  2026-03-18 18:00:00+00:00 -> 2026-08-19 22:15:00+00:00
      page 2: 10,000 bars  2025-10-14 11:15:00+00:00 -> 2026-03-18 17:45:00+00:00
      page 3:  3,629 bars  2025-08-19 22:30:00+00:00 -> 2025-10-14 11:00:00+00:00
      fetched 23,628 | +36 new | store 24,656 bars  2025-08-04 -> 2026-08-19

  hour/mid:
      page 1: 10,000 bars  2024-12-09 13:00:00+00:00 -> 2026-08-19 22:00:00+00:00
      page 2:  1,822 bars  2024-08-19 23:00:00+00:00 -> 2024-12-09 12:00:00+00:00
      fetched 11,821 | +9 new | store 12,075 bars  2024-08-04 -> 2026-08-19

  hour/bid:
      page 1: 10,000 bars  2024-12-09 13:00:00+00:00 -> 2026-08-19 22:00:00+00:00
      page 2:  1,822 bars  2024-08-19 23:00:00+00:00 -> 2024-12-09 12:00:00+00:00
      fetched 11,821 | +9 new | store 12,075 bars  2024-08-04 -> 2026-08-19

  hour/ask:
      page 1: 10,000 bars  2024-12-09 13:00:00+00:00 -> 2026-08-19 22:00:00+00:00
      page 2:  1,822 bars  2024-08-19 23:00:00+00:00 -> 2024-12-09 12:00:00+00:00
      fetched 11,821 | +9 new | store 12,075 bars  2024-08-04 -> 2026-08-19

  day/mid:
      page 1:  3,847 bars  2011-12-30 00:00:00+00:00 -> 2026-08-19 00:00:00+00:00
      fetched 3,846 | +0 new | store 3,846 bars  2011-12-30 -> 2026-08-18

  day/bid:
      page 1:  3,847 bars  2011-12-30 00:00:00+00:00 -> 2026-08-19 00:00:00+00:00
      fetched 3,846 | +0 new | store 3,846 bars  2011-12-30 -> 2026-08-18

  day/ask:
      page 1:  3,847 bars  2011-12-30 00:00:00+00:00 -> 2026-08-19 00:00:00+00:00
      fetched 3,846 | +0 new | store 3,846 bars  2011-12-30 -> 2026-08-18


=== eurusd (id 16635) -> /Users/r.john/git/vc-tx2/data ===
  minute/mid:
      page 1: 10,000 bars  2026-08-10 22:05:00+00:00 -> 2026-08-19 22:23:00+00:00
      page 2: 10,000 bars  2026-07-30 22:12:00+00:00 -> 2026-08-10 22:04:00+00:00
      page 3: 10,000 bars  2026-07-21 22:17:00+00:00 -> 2026-07-30 22:11:00+00:00
      page 4:  2,848 bars  2026-07-19 22:24:00+00:00 -> 2026-07-21 22:16:00+00:00
      fetched 32,847 | +597 new | store 47,205 bars  2026-07-05 -> 2026-08-19

  minute/bid:
      page 1: 10,000 bars  2026-08-10 22:05:00+00:00 -> 2026-08-19 22:23:00+00:00
      page 2: 10,000 bars  2026-07-30 22:12:00+00:00 -> 2026-08-10 22:04:00+00:00
      page 3: 10,000 bars  2026-07-21 22:17:00+00:00 -> 2026-07-30 22:11:00+00:00
      page 4:  2,848 bars  2026-07-19 22:24:00+00:00 -> 2026-07-21 22:16:00+00:00
      fetched 32,847 | +597 new | store 47,205 bars  2026-07-05 -> 2026-08-19

  minute/ask:
      page 1: 10,000 bars  2026-08-10 22:06:00+00:00 -> 2026-08-19 22:24:00+00:00
      page 2: 10,000 bars  2026-07-30 22:13:00+00:00 -> 2026-08-10 22:05:00+00:00
      page 3: 10,000 bars  2026-07-21 22:18:00+00:00 -> 2026-07-30 22:12:00+00:00
      page 4:  2,849 bars  2026-07-19 22:24:00+00:00 -> 2026-07-21 22:17:00+00:00
      fetched 32,848 | +598 new | store 47,206 bars  2026-07-05 -> 2026-08-19

  quarter/mid:
      page 1: 10,000 bars  2026-03-26 09:45:00+00:00 -> 2026-08-19 22:15:00+00:00
      page 2: 10,000 bars  2025-10-29 02:30:00+00:00 -> 2026-03-26 09:30:00+00:00
      page 3:  4,816 bars  2025-08-19 22:30:00+00:00 -> 2025-10-29 02:15:00+00:00
      fetched 24,815 | +40 new | store 25,891 bars  2025-08-04 -> 2026-08-19

  quarter/bid:
      page 1: 10,000 bars  2026-03-26 09:45:00+00:00 -> 2026-08-19 22:15:00+00:00
      page 2: 10,000 bars  2025-10-29 02:30:00+00:00 -> 2026-03-26 09:30:00+00:00
      page 3:  4,816 bars  2025-08-19 22:30:00+00:00 -> 2025-10-29 02:15:00+00:00
      fetched 24,815 | +40 new | store 25,891 bars  2025-08-04 -> 2026-08-19

  quarter/ask:
      page 1: 10,000 bars  2026-03-26 09:45:00+00:00 -> 2026-08-19 22:15:00+00:00
      page 2: 10,000 bars  2025-10-29 02:30:00+00:00 -> 2026-03-26 09:30:00+00:00
      page 3:  4,816 bars  2025-08-19 22:30:00+00:00 -> 2025-10-29 02:15:00+00:00
      fetched 24,815 | +40 new | store 25,891 bars  2025-08-04 -> 2026-08-19

  hour/mid:
      page 1: 10,000 bars  2025-01-08 21:00:00+00:00 -> 2026-08-19 22:00:00+00:00
      page 2:  2,394 bars  2024-08-19 23:00:00+00:00 -> 2025-01-08 20:00:00+00:00
      fetched 12,393 | +10 new | store 12,659 bars  2024-08-04 -> 2026-08-19

  hour/bid:
      page 1: 10,000 bars  2025-01-08 21:00:00+00:00 -> 2026-08-19 22:00:00+00:00
      page 2:  2,394 bars  2024-08-19 23:00:00+00:00 -> 2025-01-08 20:00:00+00:00
      fetched 12,393 | +10 new | store 12,659 bars  2024-08-04 -> 2026-08-19

  hour/ask:
      page 1: 10,000 bars  2025-01-08 21:00:00+00:00 -> 2026-08-19 22:00:00+00:00
      page 2:  2,394 bars  2024-08-19 23:00:00+00:00 -> 2025-01-08 20:00:00+00:00
      fetched 12,393 | +10 new | store 12,659 bars  2024-08-04 -> 2026-08-19

  day/mid:
      page 1:  7,451 bars  1999-01-04 00:00:00+00:00 -> 2026-08-19 00:00:00+00:00
      fetched 7,450 | +0 new | store 7,450 bars  1999-01-04 -> 2026-08-18

  day/bid:
      page 1:  7,451 bars  1999-01-04 00:00:00+00:00 -> 2026-08-19 00:00:00+00:00
      fetched 7,450 | +0 new | store 7,450 bars  1999-01-04 -> 2026-08-18

  day/ask:
      page 1:  7,451 bars  1999-01-04 00:00:00+00:00 -> 2026-08-19 00:00:00+00:00
      fetched 7,450 | +0 new | store 7,450 bars  1999-01-04 -> 2026-08-18


=== uk100fut (id 70152) -> /Users/r.john/git/vc-tx2/data ===
  minute/mid:
      page 1: 10,000 bars  2026-08-10 10:46:00+00:00 -> 2026-08-19 22:24:00+00:00
      page 2: 10,000 bars  2026-07-30 01:10:00+00:00 -> 2026-08-10 10:45:00+00:00
      page 3: 10,000 bars  2026-07-20 15:02:00+00:00 -> 2026-07-30 01:09:00+00:00
      page 4:    980 bars  2026-07-19 22:42:00+00:00 -> 2026-07-20 15:01:00+00:00
      fetched 30,979 | +1 new | store 37,733 bars  2026-07-12 -> 2026-08-19

  minute/bid:
      page 1: 10,000 bars  2026-08-10 10:46:00+00:00 -> 2026-08-19 22:24:00+00:00
      page 2: 10,000 bars  2026-07-30 01:10:00+00:00 -> 2026-08-10 10:45:00+00:00
      page 3: 10,000 bars  2026-07-20 15:02:00+00:00 -> 2026-07-30 01:09:00+00:00
      page 4:    980 bars  2026-07-19 22:42:00+00:00 -> 2026-07-20 15:01:00+00:00
      fetched 30,979 | +525 new | store 37,733 bars  2026-07-12 -> 2026-08-19

  minute/ask:
      page 1: 10,000 bars  2026-08-10 10:46:00+00:00 -> 2026-08-19 22:24:00+00:00
      page 2: 10,000 bars  2026-07-30 01:10:00+00:00 -> 2026-08-10 10:45:00+00:00
      page 3: 10,000 bars  2026-07-20 15:02:00+00:00 -> 2026-07-30 01:09:00+00:00
      page 4:    980 bars  2026-07-19 22:42:00+00:00 -> 2026-07-20 15:01:00+00:00
      fetched 30,979 | +525 new | store 37,733 bars  2026-07-12 -> 2026-08-19

  quarter/mid:
      page 1: 10,000 bars  2026-03-12 05:30:00+00:00 -> 2026-08-19 22:15:00+00:00
      page 2: 10,000 bars  2025-10-02 16:00:00+00:00 -> 2026-03-12 05:15:00+00:00
      page 3:  2,771 bars  2025-08-19 22:30:00+00:00 -> 2025-10-02 15:45:00+00:00
      fetched 22,770 | +35 new | store 23,406 bars  2025-08-10 -> 2026-08-19

  quarter/bid:
      page 1: 10,000 bars  2026-03-12 05:30:00+00:00 -> 2026-08-19 22:15:00+00:00
      page 2: 10,000 bars  2025-10-02 16:00:00+00:00 -> 2026-03-12 05:15:00+00:00
      page 3:  2,771 bars  2025-08-19 22:30:00+00:00 -> 2025-10-02 15:45:00+00:00
      fetched 22,770 | +35 new | store 23,406 bars  2025-08-10 -> 2026-08-19

  quarter/ask:
      page 1: 10,000 bars  2026-03-12 05:30:00+00:00 -> 2026-08-19 22:15:00+00:00
      page 2: 10,000 bars  2025-10-02 16:00:00+00:00 -> 2026-03-12 05:15:00+00:00
      page 3:  2,771 bars  2025-08-19 22:30:00+00:00 -> 2025-10-02 15:45:00+00:00
      fetched 22,770 | +35 new | store 23,406 bars  2025-08-10 -> 2026-08-19

  hour/mid:
      page 1: 10,000 bars  2024-11-19 09:00:00+00:00 -> 2026-08-19 22:00:00+00:00
      page 2:  1,466 bars  2024-08-19 23:00:00+00:00 -> 2024-11-19 08:00:00+00:00
      fetched 11,465 | +9 new | store 11,603 bars  2024-08-11 -> 2026-08-19

  hour/bid:
      page 1: 10,000 bars  2024-11-19 09:00:00+00:00 -> 2026-08-19 22:00:00+00:00
      page 2:  1,466 bars  2024-08-19 23:00:00+00:00 -> 2024-11-19 08:00:00+00:00
      fetched 11,465 | +9 new | store 11,603 bars  2024-08-11 -> 2026-08-19

  hour/ask:
      page 1: 10,000 bars  2024-11-19 09:00:00+00:00 -> 2026-08-19 22:00:00+00:00
      page 2:  1,466 bars  2024-08-19 23:00:00+00:00 -> 2024-11-19 08:00:00+00:00
      fetched 11,465 | +9 new | store 11,603 bars  2024-08-11 -> 2026-08-19

  day/mid:
      page 1:  1,294 bars  2021-07-05 00:00:00+00:00 -> 2026-08-19 00:00:00+00:00
      fetched 1,293 | +0 new | store 1,293 bars  2021-07-05 -> 2026-08-18

  day/bid:
      page 1:  1,294 bars  2021-07-05 00:00:00+00:00 -> 2026-08-19 00:00:00+00:00
      fetched 1,293 | +0 new | store 1,293 bars  2021-07-05 -> 2026-08-18  !! {'open_outside_hl': 1}

  day/ask:
      page 1:  1,294 bars  2021-07-05 00:00:00+00:00 -> 2026-08-19 00:00:00+00:00
      fetched 1,293 | +0 new | store 1,293 bars  2021-07-05 -> 2026-08-18  !! {'close_outside_hl': 1}


=== ger40fut (id 70088) -> /Users/r.john/git/vc-tx2/data ===
  minute/mid:
      page 1: 10,000 bars  2026-08-10 09:06:00+00:00 -> 2026-08-19 22:24:00+00:00
      page 2: 10,000 bars  2026-07-29 19:39:00+00:00 -> 2026-08-10 09:05:00+00:00
      page 3: 10,000 bars  2026-07-20 08:47:00+00:00 -> 2026-07-29 19:38:00+00:00
      page 4:    590 bars  2026-07-19 22:41:00+00:00 -> 2026-07-20 08:46:00+00:00
      fetched 30,589 | +522 new | store 30,589 bars  2026-07-19 -> 2026-08-19

  minute/bid:
      page 1: 10,000 bars  2026-08-10 09:07:00+00:00 -> 2026-08-19 22:25:00+00:00
      page 2: 10,000 bars  2026-07-29 19:40:00+00:00 -> 2026-08-10 09:06:00+00:00
      page 3: 10,000 bars  2026-07-20 08:48:00+00:00 -> 2026-07-29 19:39:00+00:00
      page 4:    591 bars  2026-07-19 22:41:00+00:00 -> 2026-07-20 08:47:00+00:00
      fetched 30,590 | +523 new | store 30,590 bars  2026-07-19 -> 2026-08-19

  minute/ask:
      page 1: 10,000 bars  2026-08-10 09:07:00+00:00 -> 2026-08-19 22:25:00+00:00
      page 2: 10,000 bars  2026-07-29 19:40:00+00:00 -> 2026-08-10 09:06:00+00:00
      page 3: 10,000 bars  2026-07-20 08:48:00+00:00 -> 2026-07-29 19:39:00+00:00
      page 4:    591 bars  2026-07-19 22:41:00+00:00 -> 2026-07-20 08:47:00+00:00
      fetched 30,590 | +523 new | store 30,590 bars  2026-07-19 -> 2026-08-19

  quarter/mid:
      page 1: 10,000 bars  2026-03-12 06:00:00+00:00 -> 2026-08-19 22:15:00+00:00
      page 2: 10,000 bars  2025-10-01 09:45:00+00:00 -> 2026-03-12 05:45:00+00:00
      page 3:  2,755 bars  2025-08-19 22:30:00+00:00 -> 2025-10-01 09:30:00+00:00
      fetched 22,754 | +35 new | store 22,789 bars  2025-08-19 -> 2026-08-19

  quarter/bid:
      page 1: 10,000 bars  2026-03-12 06:00:00+00:00 -> 2026-08-19 22:15:00+00:00
      page 2: 10,000 bars  2025-10-01 09:45:00+00:00 -> 2026-03-12 05:45:00+00:00
      page 3:  2,755 bars  2025-08-19 22:30:00+00:00 -> 2025-10-01 09:30:00+00:00
      fetched 22,754 | +35 new | store 22,789 bars  2025-08-19 -> 2026-08-19

  quarter/ask:
      page 1: 10,000 bars  2026-03-12 06:00:00+00:00 -> 2026-08-19 22:15:00+00:00
      page 2: 10,000 bars  2025-10-01 09:45:00+00:00 -> 2026-03-12 05:45:00+00:00
      page 3:  2,755 bars  2025-08-19 22:30:00+00:00 -> 2025-10-01 09:30:00+00:00
      fetched 22,754 | +35 new | store 22,789 bars  2025-08-19 -> 2026-08-19

  hour/mid:
      page 1: 10,000 bars  2024-11-20 13:00:00+00:00 -> 2026-08-19 22:00:00+00:00
      page 2:  1,518 bars  2024-08-19 23:00:00+00:00 -> 2024-11-20 12:00:00+00:00
      fetched 11,517 | +9 new | store 11,526 bars  2024-08-19 -> 2026-08-19

  hour/bid:
      page 1: 10,000 bars  2024-11-20 13:00:00+00:00 -> 2026-08-19 22:00:00+00:00
      page 2:  1,518 bars  2024-08-19 23:00:00+00:00 -> 2024-11-20 12:00:00+00:00
      fetched 11,517 | +9 new | store 11,526 bars  2024-08-19 -> 2026-08-19

  hour/ask:
      page 1: 10,000 bars  2024-11-20 13:00:00+00:00 -> 2026-08-19 22:00:00+00:00
      page 2:  1,518 bars  2024-08-19 23:00:00+00:00 -> 2024-11-20 12:00:00+00:00
      fetched 11,517 | +9 new | store 11,526 bars  2024-08-19 -> 2026-08-19

  day/mid:
      page 1:  2,763 bars  2015-11-21 00:00:00+00:00 -> 2026-08-19 00:00:00+00:00
      fetched 2,762 | +0 new | store 2,762 bars  2015-11-21 -> 2026-08-18

  day/bid:
      page 1:  2,763 bars  2015-11-21 00:00:00+00:00 -> 2026-08-19 00:00:00+00:00
      fetched 2,762 | +0 new | store 2,762 bars  2015-11-21 -> 2026-08-18

  day/ask:
      page 1:  2,763 bars  2015-11-21 00:00:00+00:00 -> 2026-08-19 00:00:00+00:00
      fetched 2,762 | +0 new | store 2,762 bars  2015-11-21 -> 2026-08-18


=== nas100fut (id 70433) -> /Users/r.john/git/vc-tx2/data ===
  minute/mid:
      page 1: 10,000 bars  2026-08-10 15:15:00+00:00 -> 2026-08-19 22:25:00+00:00
      page 2: 10,000 bars  2026-07-30 08:33:00+00:00 -> 2026-08-10 15:14:00+00:00
      page 3: 10,000 bars  2026-07-21 02:22:00+00:00 -> 2026-07-30 08:32:00+00:00
      page 4:  1,617 bars  2026-07-19 22:25:00+00:00 -> 2026-07-21 02:21:00+00:00
      fetched 31,616 | +545 new | store 31,640 bars  2026-07-19 -> 2026-08-19

  minute/bid:
      page 1: 10,000 bars  2026-08-10 15:15:00+00:00 -> 2026-08-19 22:25:00+00:00
      page 2: 10,000 bars  2026-07-30 08:33:00+00:00 -> 2026-08-10 15:14:00+00:00
      page 3: 10,000 bars  2026-07-21 02:22:00+00:00 -> 2026-07-30 08:32:00+00:00
      page 4:  1,616 bars  2026-07-19 22:26:00+00:00 -> 2026-07-21 02:21:00+00:00
      fetched 31,615 | +545 new | store 31,640 bars  2026-07-19 -> 2026-08-19

  minute/ask:
      page 1: 10,000 bars  2026-08-10 15:15:00+00:00 -> 2026-08-19 22:25:00+00:00
      page 2: 10,000 bars  2026-07-30 08:33:00+00:00 -> 2026-08-10 15:14:00+00:00
      page 3: 10,000 bars  2026-07-21 02:22:00+00:00 -> 2026-07-30 08:32:00+00:00
      page 4:  1,616 bars  2026-07-19 22:26:00+00:00 -> 2026-07-21 02:21:00+00:00
      fetched 31,615 | +544 new | store 31,640 bars  2026-07-19 -> 2026-08-19

  quarter/mid:
      page 1: 10,000 bars  2026-03-18 23:30:00+00:00 -> 2026-08-19 22:15:00+00:00
      page 2: 10,000 bars  2025-10-13 11:00:00+00:00 -> 2026-03-18 23:15:00+00:00
      page 3:  3,515 bars  2025-08-19 22:30:00+00:00 -> 2025-10-13 10:45:00+00:00
      fetched 23,514 | +36 new | store 23,550 bars  2025-08-19 -> 2026-08-19

  quarter/bid:
      page 1: 10,000 bars  2026-03-18 23:30:00+00:00 -> 2026-08-19 22:15:00+00:00
      page 2: 10,000 bars  2025-10-13 11:00:00+00:00 -> 2026-03-18 23:15:00+00:00
      page 3:  3,515 bars  2025-08-19 22:30:00+00:00 -> 2025-10-13 10:45:00+00:00
      fetched 23,514 | +36 new | store 23,550 bars  2025-08-19 -> 2026-08-19

  quarter/ask:
      page 1: 10,000 bars  2026-03-18 23:30:00+00:00 -> 2026-08-19 22:15:00+00:00
      page 2: 10,000 bars  2025-10-13 11:00:00+00:00 -> 2026-03-18 23:15:00+00:00
      page 3:  3,515 bars  2025-08-19 22:30:00+00:00 -> 2025-10-13 10:45:00+00:00
      fetched 23,514 | +36 new | store 23,550 bars  2025-08-19 -> 2026-08-19

  hour/mid:
      page 1: 10,000 bars  2024-12-06 15:00:00+00:00 -> 2026-08-19 22:00:00+00:00
      page 2:  1,797 bars  2024-08-19 23:00:00+00:00 -> 2024-12-06 14:00:00+00:00
      fetched 11,796 | +9 new | store 11,805 bars  2024-08-19 -> 2026-08-19

  hour/bid:
      page 1: 10,000 bars  2024-12-06 15:00:00+00:00 -> 2026-08-19 22:00:00+00:00
      page 2:  1,797 bars  2024-08-19 23:00:00+00:00 -> 2024-12-06 14:00:00+00:00
      fetched 11,796 | +9 new | store 11,805 bars  2024-08-19 -> 2026-08-19

  hour/ask:
      page 1: 10,000 bars  2024-12-06 15:00:00+00:00 -> 2026-08-19 22:00:00+00:00
      page 2:  1,797 bars  2024-08-19 23:00:00+00:00 -> 2024-12-06 14:00:00+00:00
      fetched 11,796 | +9 new | store 11,805 bars  2024-08-19 -> 2026-08-19

  day/mid:
      page 1:  1,174 bars  2022-02-03 00:00:00+00:00 -> 2026-08-19 00:00:00+00:00
      fetched 1,173 | +0 new | store 1,173 bars  2022-02-03 -> 2026-08-18

  day/bid:
      page 1:  1,174 bars  2022-02-03 00:00:00+00:00 -> 2026-08-19 00:00:00+00:00
      fetched 1,173 | +0 new | store 1,173 bars  2022-02-03 -> 2026-08-18

  day/ask:
      page 1:  1,174 bars  2022-02-03 00:00:00+00:00 -> 2026-08-19 00:00:00+00:00
      fetched 1,173 | +0 new | store 1,173 bars  2022-02-03 -> 2026-08-18


=== us30fut (id 70153) -> /Users/r.john/git/vc-tx2/data ===
  minute/mid:
      page 1: 10,000 bars  2026-08-10 14:57:00+00:00 -> 2026-08-19 22:25:00+00:00
      page 2: 10,000 bars  2026-07-30 08:10:00+00:00 -> 2026-08-10 14:56:00+00:00
      page 3: 10,000 bars  2026-07-21 01:59:00+00:00 -> 2026-07-30 08:09:00+00:00
      page 4:  1,593 bars  2026-07-19 22:26:00+00:00 -> 2026-07-21 01:58:00+00:00
      fetched 31,592 | +544 new | store 31,617 bars  2026-07-19 -> 2026-08-19

  minute/bid:
      page 1: 10,000 bars  2026-08-10 14:57:00+00:00 -> 2026-08-19 22:25:00+00:00
      page 2: 10,000 bars  2026-07-30 08:10:00+00:00 -> 2026-08-10 14:56:00+00:00
      page 3: 10,000 bars  2026-07-21 01:59:00+00:00 -> 2026-07-30 08:09:00+00:00
      page 4:  1,593 bars  2026-07-19 22:26:00+00:00 -> 2026-07-21 01:58:00+00:00
      fetched 31,592 | +544 new | store 31,617 bars  2026-07-19 -> 2026-08-19

  minute/ask:
      page 1: 10,000 bars  2026-08-10 14:58:00+00:00 -> 2026-08-19 22:26:00+00:00
      page 2: 10,000 bars  2026-07-30 08:11:00+00:00 -> 2026-08-10 14:57:00+00:00
      page 3: 10,000 bars  2026-07-21 02:00:00+00:00 -> 2026-07-30 08:10:00+00:00
      page 4:  1,594 bars  2026-07-19 22:26:00+00:00 -> 2026-07-21 01:59:00+00:00
      fetched 31,593 | +545 new | store 31,618 bars  2026-07-19 -> 2026-08-19

  quarter/mid:
      page 1: 10,000 bars  2026-03-18 23:30:00+00:00 -> 2026-08-19 22:15:00+00:00
      page 2: 10,000 bars  2025-10-13 11:15:00+00:00 -> 2026-03-18 23:15:00+00:00
      page 3:  3,517 bars  2025-08-19 22:30:00+00:00 -> 2025-10-13 11:00:00+00:00
      fetched 23,516 | +36 new | store 23,552 bars  2025-08-19 -> 2026-08-19

  quarter/bid:
      page 1: 10,000 bars  2026-03-18 23:30:00+00:00 -> 2026-08-19 22:15:00+00:00
      page 2: 10,000 bars  2025-10-13 11:15:00+00:00 -> 2026-03-18 23:15:00+00:00
      page 3:  3,517 bars  2025-08-19 22:30:00+00:00 -> 2025-10-13 11:00:00+00:00
      fetched 23,516 | +36 new | store 23,552 bars  2025-08-19 -> 2026-08-19

  quarter/ask:
      page 1: 10,000 bars  2026-03-18 23:30:00+00:00 -> 2026-08-19 22:15:00+00:00
      page 2: 10,000 bars  2025-10-13 11:15:00+00:00 -> 2026-03-18 23:15:00+00:00
      page 3:  3,517 bars  2025-08-19 22:30:00+00:00 -> 2025-10-13 11:00:00+00:00
      fetched 23,516 | +36 new | store 23,552 bars  2025-08-19 -> 2026-08-19

  hour/mid:
      page 1: 10,000 bars  2024-12-06 15:00:00+00:00 -> 2026-08-19 22:00:00+00:00
      page 2:  1,798 bars  2024-08-19 23:00:00+00:00 -> 2024-12-06 14:00:00+00:00
      fetched 11,797 | +9 new | store 11,806 bars  2024-08-19 -> 2026-08-19

  hour/bid:
      page 1: 10,000 bars  2024-12-06 15:00:00+00:00 -> 2026-08-19 22:00:00+00:00
      page 2:  1,798 bars  2024-08-19 23:00:00+00:00 -> 2024-12-06 14:00:00+00:00
      fetched 11,797 | +9 new | store 11,806 bars  2024-08-19 -> 2026-08-19

  hour/ask:
      page 1: 10,000 bars  2024-12-06 15:00:00+00:00 -> 2026-08-19 22:00:00+00:00
      page 2:  1,798 bars  2024-08-19 23:00:00+00:00 -> 2024-12-06 14:00:00+00:00
      fetched 11,797 | +9 new | store 11,806 bars  2024-08-19 -> 2026-08-19

  day/mid:
      page 1:  1,325 bars  2021-07-05 00:00:00+00:00 -> 2026-08-19 00:00:00+00:00
      fetched 1,324 | +0 new | store 1,324 bars  2021-07-05 -> 2026-08-18

  day/bid:
      page 1:  1,325 bars  2021-07-05 00:00:00+00:00 -> 2026-08-19 00:00:00+00:00
      fetched 1,324 | +0 new | store 1,324 bars  2021-07-05 -> 2026-08-18

  day/ask:
      page 1:  1,325 bars  2021-07-05 00:00:00+00:00 -> 2026-08-19 00:00:00+00:00
      fetched 1,324 | +0 new | store 1,324 bars  2021-07-05 -> 2026-08-18


=== uk100sep26 (id 72516) -> /Users/r.john/git/vc-tx2/data ===
  minute/mid:
      page 1: 10,000 bars  2026-08-10 10:48:00+00:00 -> 2026-08-19 22:26:00+00:00
      page 2: 10,000 bars  2026-07-30 01:12:00+00:00 -> 2026-08-10 10:47:00+00:00
      page 3: 10,000 bars  2026-07-20 15:04:00+00:00 -> 2026-07-30 01:11:00+00:00
      page 4:    982 bars  2026-07-19 22:42:00+00:00 -> 2026-07-20 15:03:00+00:00
      fetched 30,981 | +525 new | store 37,735 bars  2026-07-12 -> 2026-08-19

  minute/bid:
      page 1: 10,000 bars  2026-08-10 10:48:00+00:00 -> 2026-08-19 22:26:00+00:00
      page 2: 10,000 bars  2026-07-30 01:12:00+00:00 -> 2026-08-10 10:47:00+00:00
      page 3: 10,000 bars  2026-07-20 15:04:00+00:00 -> 2026-07-30 01:11:00+00:00
      page 4:    982 bars  2026-07-19 22:42:00+00:00 -> 2026-07-20 15:03:00+00:00
      fetched 30,981 | +525 new | store 37,735 bars  2026-07-12 -> 2026-08-19

  minute/ask:
      page 1: 10,000 bars  2026-08-10 10:48:00+00:00 -> 2026-08-19 22:26:00+00:00
      page 2: 10,000 bars  2026-07-30 01:12:00+00:00 -> 2026-08-10 10:47:00+00:00
      page 3: 10,000 bars  2026-07-20 15:04:00+00:00 -> 2026-07-30 01:11:00+00:00
      page 4:    982 bars  2026-07-19 22:42:00+00:00 -> 2026-07-20 15:03:00+00:00
      fetched 30,981 | +525 new | store 37,735 bars  2026-07-12 -> 2026-08-19

  quarter/mid:
      page 1:  4,442 bars  2026-06-11 17:30:00+00:00 -> 2026-08-19 22:15:00+00:00
      fetched 4,441 | +35 new | store 4,441 bars  2026-06-11 -> 2026-08-19

  quarter/bid:
      page 1:  4,442 bars  2026-06-11 17:30:00+00:00 -> 2026-08-19 22:15:00+00:00
      fetched 4,441 | +35 new | store 4,441 bars  2026-06-11 -> 2026-08-19

  quarter/ask:
      page 1:  4,442 bars  2026-06-11 17:30:00+00:00 -> 2026-08-19 22:15:00+00:00
      fetched 4,441 | +35 new | store 4,441 bars  2026-06-11 -> 2026-08-19

  hour/mid:
      page 1:  1,122 bars  2026-06-11 17:00:00+00:00 -> 2026-08-19 22:00:00+00:00
      fetched 1,121 | +9 new | store 1,121 bars  2026-06-11 -> 2026-08-19

  hour/bid:
      page 1:  1,122 bars  2026-06-11 17:00:00+00:00 -> 2026-08-19 22:00:00+00:00
      fetched 1,121 | +9 new | store 1,121 bars  2026-06-11 -> 2026-08-19

  hour/ask:
      page 1:  1,122 bars  2026-06-11 17:00:00+00:00 -> 2026-08-19 22:00:00+00:00
      fetched 1,121 | +9 new | store 1,121 bars  2026-06-11 -> 2026-08-19

  day/mid:
      page 1:     50 bars  2026-06-11 00:00:00+00:00 -> 2026-08-19 00:00:00+00:00
      fetched 49 | +0 new | store 49 bars  2026-06-11 -> 2026-08-18

  day/bid:
      page 1:     50 bars  2026-06-11 00:00:00+00:00 -> 2026-08-19 00:00:00+00:00
      fetched 49 | +0 new | store 49 bars  2026-06-11 -> 2026-08-18

  day/ask:
      page 1:     50 bars  2026-06-11 00:00:00+00:00 -> 2026-08-19 00:00:00+00:00
      fetched 49 | +0 new | store 49 bars  2026-06-11 -> 2026-08-18


Done. `python3 collect.py status` for a summary.
     instr    feed side  bars       from         to  sessions  vol=0 %        last sync
     uk100  minute  mid 44730 2026-07-03 2026-08-19        41      0.0 2026-08-19T22:20
     uk100  minute  bid 44736 2026-07-03 2026-08-19        41      0.0 2026-08-19T22:20
     uk100  minute  ask 44736 2026-07-03 2026-08-19        41      0.0 2026-08-19T22:20
     uk100 quarter  mid 23859 2025-08-03 2026-08-19       316      0.0 2026-08-19T22:20
     uk100 quarter  bid 23859 2025-08-03 2026-08-19       316      0.0 2026-08-19T22:20
     uk100 quarter  ask 23859 2025-08-03 2026-08-19       316      0.0 2026-08-19T22:20
     uk100    hour  mid 11728 2024-08-04 2026-08-19       618      0.0 2026-08-19T22:20
     uk100    hour  bid 11728 2024-08-04 2026-08-19       618      0.0 2026-08-19T22:20
     uk100    hour  ask 11728 2024-08-04 2026-08-19       618      0.0 2026-08-19T22:21
     uk100     day  mid  3756 2012-03-26 2026-08-18      3756     59.8 2026-08-19T22:21
     uk100     day  bid  3756 2012-03-26 2026-08-18      3756     59.8 2026-08-19T22:21
     uk100     day  ask  3756 2012-03-26 2026-08-18      3756     59.8 2026-08-19T22:21
     ger40  minute  mid 44574 2026-07-05 2026-08-19        40      0.0 2026-08-19T22:21
     ger40  minute  bid 44574 2026-07-05 2026-08-19        40      0.0 2026-08-19T22:21
     ger40  minute  ask 44575 2026-07-05 2026-08-19        40      0.0 2026-08-19T22:21
     ger40 quarter  mid 23892 2025-08-04 2026-08-19       319      0.0 2026-08-19T22:21
     ger40 quarter  bid 23892 2025-08-04 2026-08-19       319      0.0 2026-08-19T22:21
     ger40 quarter  ask 23892 2025-08-04 2026-08-19       319      0.0 2026-08-19T22:21
     ger40    hour  mid 11779 2024-08-04 2026-08-19       626      0.0 2026-08-19T22:21
     ger40    hour  bid 11779 2024-08-04 2026-08-19       626      0.0 2026-08-19T22:21
     ger40    hour  ask 11779 2024-08-04 2026-08-19       626      0.0 2026-08-19T22:21
     ger40     day  mid  3775 2012-01-30 2026-08-18      3775     60.1 2026-08-19T22:21
     ger40     day  bid  3775 2012-01-30 2026-08-18      3775     60.1 2026-08-19T22:21
     ger40     day  ask  3775 2012-01-30 2026-08-18      3775     60.1 2026-08-19T22:21
      us30  minute  mid 45373 2026-07-05 2026-08-19        40      0.0 2026-08-19T22:21
      us30  minute  bid 45373 2026-07-05 2026-08-19        40      0.0 2026-08-19T22:21
      us30  minute  ask 45373 2026-07-05 2026-08-19        40      0.0 2026-08-19T22:21
      us30 quarter  mid 24539 2025-08-04 2026-08-19       327      0.0 2026-08-19T22:21
      us30 quarter  bid 24539 2025-08-04 2026-08-19       327      0.0 2026-08-19T22:21
      us30 quarter  ask 24539 2025-08-04 2026-08-19       327      0.0 2026-08-19T22:21
      us30    hour  mid 12049 2024-08-04 2026-08-19       639      0.0 2026-08-19T22:21
      us30    hour  bid 12049 2024-08-04 2026-08-19       639      0.0 2026-08-19T22:21
      us30    hour  ask 12049 2024-08-04 2026-08-19       639      0.0 2026-08-19T22:21
      us30     day  mid  3848 2012-03-05 2026-08-18      3848     60.8 2026-08-19T22:21
      us30     day  bid  3848 2012-03-05 2026-08-18      3848     60.8 2026-08-19T22:21
      us30     day  ask  3848 2012-03-05 2026-08-18      3848     60.8 2026-08-19T22:21
    nas100  minute  mid 45374 2026-07-05 2026-08-19        40      0.0 2026-08-19T22:22
    nas100  minute  bid 45374 2026-07-05 2026-08-19        40      0.0 2026-08-19T22:22
    nas100  minute  ask 45375 2026-07-05 2026-08-19        40      0.0 2026-08-19T22:22
    nas100 quarter  mid 24539 2025-08-04 2026-08-19       327      0.0 2026-08-19T22:22
    nas100 quarter  bid 24539 2025-08-04 2026-08-19       327      0.0 2026-08-19T22:22
    nas100 quarter  ask 24539 2025-08-04 2026-08-19       327      0.0 2026-08-19T22:22
    nas100    hour  mid 12050 2024-08-04 2026-08-19       639      0.0 2026-08-19T22:22
    nas100    hour  bid 12050 2024-08-04 2026-08-19       639      0.0 2026-08-19T22:22
    nas100    hour  ask 12050 2024-08-04 2026-08-19       639      0.0 2026-08-19T22:22
    nas100     day  mid  3848 2012-03-05 2026-08-18      3848     60.8 2026-08-19T22:22
    nas100     day  bid  3848 2012-03-05 2026-08-18      3848     60.8 2026-08-19T22:22
    nas100     day  ask  3848 2012-03-05 2026-08-18      3848     60.8 2026-08-19T22:22
     us500  minute  mid 45307 2026-07-05 2026-08-19        40      0.0 2026-08-19T22:22
     us500  minute  bid 45307 2026-07-05 2026-08-19        40      0.0 2026-08-19T22:22
     us500  minute  ask 45307 2026-07-05 2026-08-19        40      0.0 2026-08-19T22:22
     us500 quarter  mid 24532 2025-08-04 2026-08-19       327      0.0 2026-08-19T22:22
     us500 quarter  bid 24532 2025-08-04 2026-08-19       327      0.0 2026-08-19T22:22
     us500 quarter  ask 24532 2025-08-04 2026-08-19       327      0.0 2026-08-19T22:22
     us500    hour  mid 12049 2024-08-04 2026-08-19       639      0.0 2026-08-19T22:22
     us500    hour  bid 12049 2024-08-04 2026-08-19       639      0.0 2026-08-19T22:22
     us500    hour  ask 12049 2024-08-04 2026-08-19       639      0.0 2026-08-19T22:22
     us500     day  mid  3841 2012-03-13 2026-08-18      3841     60.8 2026-08-19T22:22
     us500     day  bid  3841 2012-03-13 2026-08-18      3841     60.8 2026-08-19T22:22
     us500     day  ask  3841 2012-03-13 2026-08-18      3841     60.8 2026-08-19T22:22
      gold  minute  mid 45512 2026-07-05 2026-08-19        40      0.0 2026-08-19T22:22
      gold  minute  bid 45512 2026-07-05 2026-08-19        40      0.0 2026-08-19T22:23
      gold  minute  ask 45513 2026-07-05 2026-08-19        40      0.0 2026-08-19T22:23
      gold quarter  mid 24656 2025-08-04 2026-08-19       326      0.0 2026-08-19T22:23
      gold quarter  bid 24656 2025-08-04 2026-08-19       326      0.0 2026-08-19T22:23
      gold quarter  ask 24656 2025-08-04 2026-08-19       326      0.0 2026-08-19T22:23
      gold    hour  mid 12075 2024-08-04 2026-08-19       638      0.0 2026-08-19T22:23
      gold    hour  bid 12075 2024-08-04 2026-08-19       638      0.0 2026-08-19T22:23
      gold    hour  ask 12075 2024-08-04 2026-08-19       638      0.0 2026-08-19T22:23
      gold     day  mid  3846 2011-12-30 2026-08-18      3846     60.8 2026-08-19T22:23
      gold     day  bid  3846 2011-12-30 2026-08-18      3846     60.8 2026-08-19T22:23
      gold     day  ask  3846 2011-12-30 2026-08-18      3846     60.8 2026-08-19T22:23
   goldvar  minute  mid 45513 2026-07-05 2026-08-19        40      0.0 2026-08-19T22:23
   goldvar  minute  bid 45513 2026-07-05 2026-08-19        40      0.0 2026-08-19T22:23
   goldvar  minute  ask 45513 2026-07-05 2026-08-19        40      0.0 2026-08-19T22:23
   goldvar quarter  mid 24656 2025-08-04 2026-08-19       326      0.0 2026-08-19T22:23
   goldvar quarter  bid 24656 2025-08-04 2026-08-19       326      0.0 2026-08-19T22:23
   goldvar quarter  ask 24656 2025-08-04 2026-08-19       326      0.0 2026-08-19T22:23
   goldvar    hour  mid 12075 2024-08-04 2026-08-19       638      0.0 2026-08-19T22:23
   goldvar    hour  bid 12075 2024-08-04 2026-08-19       638      0.0 2026-08-19T22:23
   goldvar    hour  ask 12075 2024-08-04 2026-08-19       638      0.0 2026-08-19T22:23
   goldvar     day  mid  3846 2011-12-30 2026-08-18      3846     60.8 2026-08-19T22:23
   goldvar     day  bid  3846 2011-12-30 2026-08-18      3846     60.8 2026-08-19T22:23
   goldvar     day  ask  3846 2011-12-30 2026-08-18      3846     60.8 2026-08-19T22:23
    eurusd  minute  mid 47205 2026-07-05 2026-08-19        40      0.0 2026-08-19T22:23
    eurusd  minute  bid 47205 2026-07-05 2026-08-19        40      0.0 2026-08-19T22:24
    eurusd  minute  ask 47206 2026-07-05 2026-08-19        40      0.0 2026-08-19T22:24
    eurusd quarter  mid 25891 2025-08-04 2026-08-19       327      0.0 2026-08-19T22:24
    eurusd quarter  bid 25891 2025-08-04 2026-08-19       327      0.0 2026-08-19T22:24
    eurusd quarter  ask 25891 2025-08-04 2026-08-19       327      0.0 2026-08-19T22:24
    eurusd    hour  mid 12659 2024-08-04 2026-08-19       639      0.0 2026-08-19T22:24
    eurusd    hour  bid 12659 2024-08-04 2026-08-19       639      0.0 2026-08-19T22:24
    eurusd    hour  ask 12659 2024-08-04 2026-08-19       639      0.0 2026-08-19T22:24
    eurusd     day  mid  7450 1999-01-04 2026-08-18      7450     79.3 2026-08-19T22:24
    eurusd     day  bid  7450 1999-01-04 2026-08-18      7450     79.3 2026-08-19T22:24
    eurusd     day  ask  7450 1999-01-04 2026-08-18      7450     79.3 2026-08-19T22:24
  uk100fut  minute  mid 37735 2026-07-12 2026-08-19        34      0.0 2026-08-19T22:24
  uk100fut  minute  bid 37733 2026-07-12 2026-08-19        34      0.0 2026-08-19T22:24
  uk100fut  minute  ask 37733 2026-07-12 2026-08-19        34      0.0 2026-08-19T22:24
  uk100fut quarter  mid 23406 2025-08-10 2026-08-19       311      0.0 2026-08-19T22:24
  uk100fut quarter  bid 23406 2025-08-10 2026-08-19       311      0.0 2026-08-19T22:24
  uk100fut quarter  ask 23406 2025-08-10 2026-08-19       311      0.0 2026-08-19T22:24
  uk100fut    hour  mid 11603 2024-08-11 2026-08-19       610      0.0 2026-08-19T22:24
  uk100fut    hour  bid 11603 2024-08-11 2026-08-19       610      0.0 2026-08-19T22:24
  uk100fut    hour  ask 11603 2024-08-11 2026-08-19       610      0.0 2026-08-19T22:24
  uk100fut     day  mid  1293 2021-07-05 2026-08-18      1293     49.3 2026-08-19T22:24
  uk100fut     day  bid  1293 2021-07-05 2026-08-18      1293     49.3 2026-08-19T22:24
  uk100fut     day  ask  1293 2021-07-05 2026-08-18      1293     49.3 2026-08-19T22:24
  ger40fut  minute  mid 30589 2026-07-19 2026-08-19        28      0.0 2026-08-19T22:25
  ger40fut  minute  bid 30590 2026-07-19 2026-08-19        28      0.0 2026-08-19T22:25
  ger40fut  minute  ask 30590 2026-07-19 2026-08-19        28      0.0 2026-08-19T22:25
  ger40fut quarter  mid 22789 2025-08-19 2026-08-19       303      0.0 2026-08-19T22:25
  ger40fut quarter  bid 22789 2025-08-19 2026-08-19       303      0.0 2026-08-19T22:25
  ger40fut quarter  ask 22789 2025-08-19 2026-08-19       303      0.0 2026-08-19T22:25
  ger40fut    hour  mid 11526 2024-08-19 2026-08-19       610      0.0 2026-08-19T22:25
  ger40fut    hour  bid 11526 2024-08-19 2026-08-19       610      0.0 2026-08-19T22:25
  ger40fut    hour  ask 11526 2024-08-19 2026-08-19       610      0.0 2026-08-19T22:25
  ger40fut     day  mid  2762 2015-11-21 2026-08-18      2762     76.2 2026-08-19T22:25
  ger40fut     day  bid  2762 2015-11-21 2026-08-18      2762     76.2 2026-08-19T22:25
  ger40fut     day  ask  2762 2015-11-21 2026-08-18      2762     76.2 2026-08-19T22:25
 nas100fut  minute  mid 31640 2026-07-19 2026-08-19        28      0.0 2026-08-19T22:25
 nas100fut  minute  bid 31640 2026-07-19 2026-08-19        28      0.0 2026-08-19T22:25
 nas100fut  minute  ask 31640 2026-07-19 2026-08-19        28      0.0 2026-08-19T22:25
 nas100fut quarter  mid 23550 2025-08-19 2026-08-19       314      0.0 2026-08-19T22:25
 nas100fut quarter  bid 23550 2025-08-19 2026-08-19       314      0.0 2026-08-19T22:25
 nas100fut quarter  ask 23550 2025-08-19 2026-08-19       314      0.0 2026-08-19T22:25
 nas100fut    hour  mid 11805 2024-08-19 2026-08-19       626      0.0 2026-08-19T22:25
 nas100fut    hour  bid 11805 2024-08-19 2026-08-19       626      0.0 2026-08-19T22:25
 nas100fut    hour  ask 11805 2024-08-19 2026-08-19       626      0.0 2026-08-19T22:25
 nas100fut     day  mid  1173 2022-02-03 2026-08-18      1173     43.0 2026-08-19T22:25
 nas100fut     day  bid  1173 2022-02-03 2026-08-18      1173     43.0 2026-08-19T22:25
 nas100fut     day  ask  1173 2022-02-03 2026-08-18      1173     43.0 2026-08-19T22:25
   us30fut  minute  mid 31617 2026-07-19 2026-08-19        28      0.0 2026-08-19T22:26
   us30fut  minute  bid 31617 2026-07-19 2026-08-19        28      0.0 2026-08-19T22:26
   us30fut  minute  ask 31618 2026-07-19 2026-08-19        28      0.0 2026-08-19T22:26
   us30fut quarter  mid 23552 2025-08-19 2026-08-19       314      0.0 2026-08-19T22:26
   us30fut quarter  bid 23552 2025-08-19 2026-08-19       314      0.0 2026-08-19T22:26
   us30fut quarter  ask 23552 2025-08-19 2026-08-19       314      0.0 2026-08-19T22:26
   us30fut    hour  mid 11806 2024-08-19 2026-08-19       626      0.0 2026-08-19T22:26
   us30fut    hour  bid 11806 2024-08-19 2026-08-19       626      0.0 2026-08-19T22:26
   us30fut    hour  ask 11806 2024-08-19 2026-08-19       626      0.0 2026-08-19T22:26
   us30fut     day  mid  1324 2021-07-05 2026-08-18      1324     49.5 2026-08-19T22:26
   us30fut     day  bid  1324 2021-07-05 2026-08-18      1324     49.5 2026-08-19T22:26
   us30fut     day  ask  1324 2021-07-05 2026-08-18      1324     49.5 2026-08-19T22:26
uk100sep26  minute  mid 37735 2026-07-12 2026-08-19        34      0.0 2026-08-19T22:26
uk100sep26  minute  bid 37735 2026-07-12 2026-08-19        34      0.0 2026-08-19T22:26
uk100sep26  minute  ask 37735 2026-07-12 2026-08-19        34      0.0 2026-08-19T22:26
uk100sep26 quarter  mid  4441 2026-06-11 2026-08-19        60      0.0 2026-08-19T22:26
uk100sep26 quarter  bid  4441 2026-06-11 2026-08-19        60      0.0 2026-08-19T22:26
uk100sep26 quarter  ask  4441 2026-06-11 2026-08-19        60      0.0 2026-08-19T22:26
uk100sep26    hour  mid  1121 2026-06-11 2026-08-19        60      0.0 2026-08-19T22:26
uk100sep26    hour  bid  1121 2026-06-11 2026-08-19        60      0.0 2026-08-19T22:26
uk100sep26    hour  ask  1121 2026-06-11 2026-08-19        60      0.0 2026-08-19T22:26
uk100sep26     day  mid    49 2026-06-11 2026-08-18        49      0.0 2026-08-19T22:26
uk100sep26     day  bid    49 2026-06-11 2026-08-18        49      0.0 2026-08-19T22:26
uk100sep26     day  ask    49 2026-06-11 2026-08-18        49      0.0 2026-08-19T22:26

spread (minute, n=44,736): median 1.00 pts | p90 5.00 | core 07:00-15:59 UTC median 0.80 pts (n=17,820)

spread (quarter, n=23,859): median 1.00 pts | p90 5.00 | core 07:00-15:59 UTC median 0.80 pts (n=9,515)

spread (hour, n=11,728): median 1.00 pts | p90 5.00 | core 07:00-15:59 UTC median 0.80 pts (n=4,641)

spread (day, n=3,756): median 0.00 pts | p90 5.00 | core 07:00-15:59 UTC median nan pts (n=0)
uk100/minute/mid: 44,730 bars | OK | zero-volume 0.0% | 157 gaps > one bar (weekends/closures expected)
uk100/minute/bid: 44,736 bars | OK | zero-volume 0.0% | 157 gaps > one bar (weekends/closures expected)
uk100/minute/ask: 44,736 bars | OK | zero-volume 0.0% | 157 gaps > one bar (weekends/closures expected)
uk100/quarter/mid: 23,859 bars | OK | zero-volume 0.0% | 457 gaps > one bar (weekends/closures expected)
uk100/quarter/bid: 23,859 bars | OK | zero-volume 0.0% | 457 gaps > one bar (weekends/closures expected)
uk100/quarter/ask: 23,859 bars | OK | zero-volume 0.0% | 457 gaps > one bar (weekends/closures expected)
uk100/hour/mid: 11,728 bars | OK | zero-volume 0.0% | 516 gaps > one bar (weekends/closures expected)
uk100/hour/bid: 11,728 bars | OK | zero-volume 0.0% | 516 gaps > one bar (weekends/closures expected)
uk100/hour/ask: 11,728 bars | OK | zero-volume 0.0% | 516 gaps > one bar (weekends/closures expected)
uk100/day/mid: 3,756 bars | OK | zero-volume 59.8% | 748 gaps > one bar (weekends/closures expected)
uk100/day/bid: 3,756 bars | known {'open_outside_hl': 2} | zero-volume 59.8% | 748 gaps > one bar (weekends/closures expected)
uk100/day/ask: 3,756 bars | known {'close_outside_hl': 2} | zero-volume 59.8% | 748 gaps > one bar (weekends/closures expected)
ger40/minute/mid: 44,574 bars | OK | zero-volume 0.0% | 193 gaps > one bar (weekends/closures expected)
ger40/minute/bid: 44,574 bars | OK | zero-volume 0.0% | 193 gaps > one bar (weekends/closures expected)
ger40/minute/ask: 44,575 bars | OK | zero-volume 0.0% | 193 gaps > one bar (weekends/closures expected)
ger40/quarter/mid: 23,892 bars | OK | zero-volume 0.0% | 460 gaps > one bar (weekends/closures expected)
ger40/quarter/bid: 23,892 bars | OK | zero-volume 0.0% | 460 gaps > one bar (weekends/closures expected)
ger40/quarter/ask: 23,892 bars | OK | zero-volume 0.0% | 460 gaps > one bar (weekends/closures expected)
ger40/hour/mid: 11,779 bars | OK | zero-volume 0.0% | 517 gaps > one bar (weekends/closures expected)
ger40/hour/bid: 11,779 bars | OK | zero-volume 0.0% | 517 gaps > one bar (weekends/closures expected)
ger40/hour/ask: 11,779 bars | OK | zero-volume 0.0% | 517 gaps > one bar (weekends/closures expected)
ger40/day/mid: 3,775 bars | OK | zero-volume 60.11% | 767 gaps > one bar (weekends/closures expected)
ger40/day/bid: 3,775 bars | OK | zero-volume 60.11% | 767 gaps > one bar (weekends/closures expected)
ger40/day/ask: 3,775 bars | OK | zero-volume 60.11% | 767 gaps > one bar (weekends/closures expected)
us30/minute/mid: 45,373 bars | OK | zero-volume 0.0% | 34 gaps > one bar (weekends/closures expected)
us30/minute/bid: 45,373 bars | OK | zero-volume 0.0% | 34 gaps > one bar (weekends/closures expected)
us30/minute/ask: 45,373 bars | OK | zero-volume 0.0% | 34 gaps > one bar (weekends/closures expected)
us30/quarter/mid: 24,539 bars | OK | zero-volume 0.0% | 273 gaps > one bar (weekends/closures expected)
us30/quarter/bid: 24,539 bars | OK | zero-volume 0.0% | 273 gaps > one bar (weekends/closures expected)
us30/quarter/ask: 24,539 bars | OK | zero-volume 0.0% | 273 gaps > one bar (weekends/closures expected)
us30/hour/mid: 12,049 bars | OK | zero-volume 0.0% | 528 gaps > one bar (weekends/closures expected)
us30/hour/bid: 12,049 bars | OK | zero-volume 0.0% | 528 gaps > one bar (weekends/closures expected)
us30/hour/ask: 12,049 bars | OK | zero-volume 0.0% | 528 gaps > one bar (weekends/closures expected)
us30/day/mid: 3,848 bars | OK | zero-volume 60.81% | 760 gaps > one bar (weekends/closures expected)
us30/day/bid: 3,848 bars | OK | zero-volume 60.81% | 760 gaps > one bar (weekends/closures expected)
us30/day/ask: 3,848 bars | OK | zero-volume 60.81% | 760 gaps > one bar (weekends/closures expected)
nas100/minute/mid: 45,374 bars | OK | zero-volume 0.0% | 33 gaps > one bar (weekends/closures expected)
nas100/minute/bid: 45,374 bars | OK | zero-volume 0.0% | 33 gaps > one bar (weekends/closures expected)
nas100/minute/ask: 45,375 bars | OK | zero-volume 0.0% | 33 gaps > one bar (weekends/closures expected)
nas100/quarter/mid: 24,539 bars | OK | zero-volume 0.0% | 274 gaps > one bar (weekends/closures expected)
nas100/quarter/bid: 24,539 bars | OK | zero-volume 0.0% | 274 gaps > one bar (weekends/closures expected)
nas100/quarter/ask: 24,539 bars | OK | zero-volume 0.0% | 274 gaps > one bar (weekends/closures expected)
nas100/hour/mid: 12,050 bars | OK | zero-volume 0.0% | 528 gaps > one bar (weekends/closures expected)
nas100/hour/bid: 12,050 bars | OK | zero-volume 0.0% | 528 gaps > one bar (weekends/closures expected)
nas100/hour/ask: 12,050 bars | OK | zero-volume 0.0% | 528 gaps > one bar (weekends/closures expected)
nas100/day/mid: 3,848 bars | OK | zero-volume 60.84% | 760 gaps > one bar (weekends/closures expected)
nas100/day/bid: 3,848 bars | OK | zero-volume 60.84% | 760 gaps > one bar (weekends/closures expected)
nas100/day/ask: 3,848 bars | OK | zero-volume 60.84% | 760 gaps > one bar (weekends/closures expected)
us500/minute/mid: 45,307 bars | OK | zero-volume 0.0% | 90 gaps > one bar (weekends/closures expected)
us500/minute/bid: 45,307 bars | OK | zero-volume 0.0% | 90 gaps > one bar (weekends/closures expected)
us500/minute/ask: 45,307 bars | OK | zero-volume 0.0% | 90 gaps > one bar (weekends/closures expected)
us500/quarter/mid: 24,532 bars | OK | zero-volume 0.0% | 273 gaps > one bar (weekends/closures expected)
us500/quarter/bid: 24,532 bars | OK | zero-volume 0.0% | 273 gaps > one bar (weekends/closures expected)
us500/quarter/ask: 24,532 bars | OK | zero-volume 0.0% | 273 gaps > one bar (weekends/closures expected)
us500/hour/mid: 12,049 bars | OK | zero-volume 0.0% | 528 gaps > one bar (weekends/closures expected)
us500/hour/bid: 12,049 bars | OK | zero-volume 0.0% | 528 gaps > one bar (weekends/closures expected)
us500/hour/ask: 12,049 bars | OK | zero-volume 0.0% | 528 gaps > one bar (weekends/closures expected)
us500/day/mid: 3,841 bars | OK | zero-volume 60.77% | 760 gaps > one bar (weekends/closures expected)
us500/day/bid: 3,841 bars | OK | zero-volume 60.77% | 760 gaps > one bar (weekends/closures expected)
us500/day/ask: 3,841 bars | OK | zero-volume 60.77% | 760 gaps > one bar (weekends/closures expected)
gold/minute/mid: 45,512 bars | OK | zero-volume 0.0% | 33 gaps > one bar (weekends/closures expected)
gold/minute/bid: 45,512 bars | OK | zero-volume 0.0% | 33 gaps > one bar (weekends/closures expected)
gold/minute/ask: 45,513 bars | OK | zero-volume 0.0% | 33 gaps > one bar (weekends/closures expected)
gold/quarter/mid: 24,656 bars | OK | zero-volume 0.0% | 272 gaps > one bar (weekends/closures expected)
gold/quarter/bid: 24,656 bars | OK | zero-volume 0.0% | 272 gaps > one bar (weekends/closures expected)
gold/quarter/ask: 24,656 bars | OK | zero-volume 0.0% | 272 gaps > one bar (weekends/closures expected)
gold/hour/mid: 12,075 bars | OK | zero-volume 0.0% | 526 gaps > one bar (weekends/closures expected)
gold/hour/bid: 12,075 bars | OK | zero-volume 0.0% | 526 gaps > one bar (weekends/closures expected)
gold/hour/ask: 12,075 bars | OK | zero-volume 0.0% | 526 gaps > one bar (weekends/closures expected)
gold/day/mid: 3,846 bars | OK | zero-volume 60.84% | 767 gaps > one bar (weekends/closures expected)
gold/day/bid: 3,846 bars | OK | zero-volume 60.84% | 767 gaps > one bar (weekends/closures expected)
gold/day/ask: 3,846 bars | OK | zero-volume 60.84% | 767 gaps > one bar (weekends/closures expected)
goldvar/minute/mid: 45,513 bars | OK | zero-volume 0.0% | 33 gaps > one bar (weekends/closures expected)
goldvar/minute/bid: 45,513 bars | OK | zero-volume 0.0% | 33 gaps > one bar (weekends/closures expected)
goldvar/minute/ask: 45,513 bars | OK | zero-volume 0.0% | 33 gaps > one bar (weekends/closures expected)
goldvar/quarter/mid: 24,656 bars | OK | zero-volume 0.0% | 272 gaps > one bar (weekends/closures expected)
goldvar/quarter/bid: 24,656 bars | OK | zero-volume 0.0% | 272 gaps > one bar (weekends/closures expected)
goldvar/quarter/ask: 24,656 bars | OK | zero-volume 0.0% | 272 gaps > one bar (weekends/closures expected)
goldvar/hour/mid: 12,075 bars | OK | zero-volume 0.0% | 526 gaps > one bar (weekends/closures expected)
goldvar/hour/bid: 12,075 bars | OK | zero-volume 0.0% | 526 gaps > one bar (weekends/closures expected)
goldvar/hour/ask: 12,075 bars | OK | zero-volume 0.0% | 526 gaps > one bar (weekends/closures expected)
goldvar/day/mid: 3,846 bars | OK | zero-volume 60.84% | 767 gaps > one bar (weekends/closures expected)
goldvar/day/bid: 3,846 bars | OK | zero-volume 60.84% | 767 gaps > one bar (weekends/closures expected)
goldvar/day/ask: 3,846 bars | OK | zero-volume 60.84% | 767 gaps > one bar (weekends/closures expected)
eurusd/minute/mid: 47,205 bars | OK | zero-volume 0.0% | 223 gaps > one bar (weekends/closures expected)
eurusd/minute/bid: 47,205 bars | OK | zero-volume 0.0% | 223 gaps > one bar (weekends/closures expected)
eurusd/minute/ask: 47,206 bars | OK | zero-volume 0.0% | 223 gaps > one bar (weekends/closures expected)
eurusd/quarter/mid: 25,891 bars | OK | zero-volume 0.0% | 58 gaps > one bar (weekends/closures expected)
eurusd/quarter/bid: 25,891 bars | OK | zero-volume 0.0% | 58 gaps > one bar (weekends/closures expected)
eurusd/quarter/ask: 25,891 bars | OK | zero-volume 0.0% | 58 gaps > one bar (weekends/closures expected)
eurusd/hour/mid: 12,659 bars | OK | zero-volume 0.0% | 111 gaps > one bar (weekends/closures expected)
eurusd/hour/bid: 12,659 bars | OK | zero-volume 0.0% | 111 gaps > one bar (weekends/closures expected)
eurusd/hour/ask: 12,659 bars | OK | zero-volume 0.0% | 111 gaps > one bar (weekends/closures expected)
eurusd/day/mid: 7,450 bars | OK | zero-volume 79.3% | 1,442 gaps > one bar (weekends/closures expected)
eurusd/day/bid: 7,450 bars | OK | zero-volume 79.3% | 1,442 gaps > one bar (weekends/closures expected)
eurusd/day/ask: 7,450 bars | OK | zero-volume 79.3% | 1,442 gaps > one bar (weekends/closures expected)
uk100fut/minute/mid: 37,735 bars | OK | zero-volume 0.0% | 139 gaps > one bar (weekends/closures expected)
uk100fut/minute/bid: 37,733 bars | OK | zero-volume 0.0% | 139 gaps > one bar (weekends/closures expected)
uk100fut/minute/ask: 37,733 bars | OK | zero-volume 0.0% | 139 gaps > one bar (weekends/closures expected)
uk100fut/quarter/mid: 23,406 bars | OK | zero-volume 0.0% | 449 gaps > one bar (weekends/closures expected)
uk100fut/quarter/bid: 23,406 bars | OK | zero-volume 0.0% | 449 gaps > one bar (weekends/closures expected)
uk100fut/quarter/ask: 23,406 bars | OK | zero-volume 0.0% | 449 gaps > one bar (weekends/closures expected)
uk100fut/hour/mid: 11,603 bars | OK | zero-volume 0.0% | 512 gaps > one bar (weekends/closures expected)
uk100fut/hour/bid: 11,603 bars | OK | zero-volume 0.0% | 512 gaps > one bar (weekends/closures expected)
uk100fut/hour/ask: 11,603 bars | OK | zero-volume 0.0% | 512 gaps > one bar (weekends/closures expected)
uk100fut/day/mid: 1,293 bars | OK | zero-volume 49.34% | 271 gaps > one bar (weekends/closures expected)
uk100fut/day/bid: 1,293 bars | known {'open_outside_hl': 1} | zero-volume 49.34% | 271 gaps > one bar (weekends/closures expected)
uk100fut/day/ask: 1,293 bars | known {'close_outside_hl': 1} | zero-volume 49.34% | 271 gaps > one bar (weekends/closures expected)
ger40fut/minute/mid: 30,589 bars | OK | zero-volume 0.0% | 174 gaps > one bar (weekends/closures expected)
ger40fut/minute/bid: 30,590 bars | OK | zero-volume 0.0% | 174 gaps > one bar (weekends/closures expected)
ger40fut/minute/ask: 30,590 bars | OK | zero-volume 0.0% | 174 gaps > one bar (weekends/closures expected)
ger40fut/quarter/mid: 22,789 bars | OK | zero-volume 0.0% | 511 gaps > one bar (weekends/closures expected)
ger40fut/quarter/bid: 22,789 bars | OK | zero-volume 0.0% | 511 gaps > one bar (weekends/closures expected)
ger40fut/quarter/ask: 22,789 bars | OK | zero-volume 0.0% | 511 gaps > one bar (weekends/closures expected)
ger40fut/hour/mid: 11,526 bars | OK | zero-volume 0.0% | 506 gaps > one bar (weekends/closures expected)
ger40fut/hour/bid: 11,526 bars | OK | zero-volume 0.0% | 506 gaps > one bar (weekends/closures expected)
ger40fut/hour/ask: 11,526 bars | OK | zero-volume 0.0% | 506 gaps > one bar (weekends/closures expected)
ger40fut/day/mid: 2,762 bars | OK | zero-volume 76.25% | 562 gaps > one bar (weekends/closures expected)
ger40fut/day/bid: 2,762 bars | OK | zero-volume 76.25% | 562 gaps > one bar (weekends/closures expected)
ger40fut/day/ask: 2,762 bars | OK | zero-volume 76.25% | 562 gaps > one bar (weekends/closures expected)
nas100fut/minute/mid: 31,640 bars | OK | zero-volume 0.0% | 23 gaps > one bar (weekends/closures expected)
nas100fut/minute/bid: 31,640 bars | OK | zero-volume 0.0% | 23 gaps > one bar (weekends/closures expected)
nas100fut/minute/ask: 31,640 bars | OK | zero-volume 0.0% | 23 gaps > one bar (weekends/closures expected)
nas100fut/quarter/mid: 23,550 bars | OK | zero-volume 0.0% | 263 gaps > one bar (weekends/closures expected)
nas100fut/quarter/bid: 23,550 bars | OK | zero-volume 0.0% | 263 gaps > one bar (weekends/closures expected)
nas100fut/quarter/ask: 23,550 bars | OK | zero-volume 0.0% | 263 gaps > one bar (weekends/closures expected)
nas100fut/hour/mid: 11,805 bars | OK | zero-volume 0.0% | 516 gaps > one bar (weekends/closures expected)
nas100fut/hour/bid: 11,805 bars | OK | zero-volume 0.0% | 516 gaps > one bar (weekends/closures expected)
nas100fut/hour/ask: 11,805 bars | OK | zero-volume 0.0% | 516 gaps > one bar (weekends/closures expected)
nas100fut/day/mid: 1,173 bars | OK | zero-volume 42.97% | 241 gaps > one bar (weekends/closures expected)
nas100fut/day/bid: 1,173 bars | OK | zero-volume 42.97% | 241 gaps > one bar (weekends/closures expected)
nas100fut/day/ask: 1,173 bars | OK | zero-volume 42.97% | 241 gaps > one bar (weekends/closures expected)
us30fut/minute/mid: 31,617 bars | OK | zero-volume 0.0% | 44 gaps > one bar (weekends/closures expected)
us30fut/minute/bid: 31,617 bars | OK | zero-volume 0.0% | 44 gaps > one bar (weekends/closures expected)
us30fut/minute/ask: 31,618 bars | OK | zero-volume 0.0% | 44 gaps > one bar (weekends/closures expected)
us30fut/quarter/mid: 23,552 bars | OK | zero-volume 0.0% | 262 gaps > one bar (weekends/closures expected)
us30fut/quarter/bid: 23,552 bars | OK | zero-volume 0.0% | 262 gaps > one bar (weekends/closures expected)
us30fut/quarter/ask: 23,552 bars | OK | zero-volume 0.0% | 262 gaps > one bar (weekends/closures expected)
us30fut/hour/mid: 11,806 bars | OK | zero-volume 0.0% | 516 gaps > one bar (weekends/closures expected)
us30fut/hour/bid: 11,806 bars | OK | zero-volume 0.0% | 516 gaps > one bar (weekends/closures expected)
us30fut/hour/ask: 11,806 bars | OK | zero-volume 0.0% | 516 gaps > one bar (weekends/closures expected)
us30fut/day/mid: 1,324 bars | OK | zero-volume 49.47% | 272 gaps > one bar (weekends/closures expected)
us30fut/day/bid: 1,324 bars | OK | zero-volume 49.47% | 272 gaps > one bar (weekends/closures expected)
us30fut/day/ask: 1,324 bars | OK | zero-volume 49.47% | 272 gaps > one bar (weekends/closures expected)
uk100sep26/minute/mid: 37,735 bars | OK | zero-volume 0.0% | 139 gaps > one bar (weekends/closures expected)
uk100sep26/minute/bid: 37,735 bars | OK | zero-volume 0.0% | 139 gaps > one bar (weekends/closures expected)
uk100sep26/minute/ask: 37,735 bars | OK | zero-volume 0.0% | 139 gaps > one bar (weekends/closures expected)
uk100sep26/quarter/mid: 4,441 bars | OK | zero-volume 0.0% | 90 gaps > one bar (weekends/closures expected)
uk100sep26/quarter/bid: 4,441 bars | OK | zero-volume 0.0% | 90 gaps > one bar (weekends/closures expected)
uk100sep26/quarter/ask: 4,441 bars | OK | zero-volume 0.0% | 90 gaps > one bar (weekends/closures expected)
uk100sep26/hour/mid: 1,121 bars | OK | zero-volume 0.0% | 49 gaps > one bar (weekends/closures expected)
uk100sep26/hour/bid: 1,121 bars | OK | zero-volume 0.0% | 49 gaps > one bar (weekends/closures expected)
uk100sep26/hour/ask: 1,121 bars | OK | zero-volume 0.0% | 49 gaps > one bar (weekends/closures expected)
uk100sep26/day/mid: 49 bars | OK | zero-volume 0.0% | 10 gaps > one bar (weekends/closures expected)
uk100sep26/day/bid: 49 bars | OK | zero-volume 0.0% | 10 gaps > one bar (weekends/closures expected)
uk100sep26/day/ask: 49 bars | OK | zero-volume 0.0% | 10 gaps > one bar (weekends/closures expected)

All structural checks passed (known baseline accepted).

=== uk100  (cash 8.0-16.5 London) ===
    1min:  44,730 bars (16,830 cash) 2026-07-03 -> 2026-08-19   spread 0.8
   15min:  23,859 bars ( 8,981 cash) 2025-08-03 -> 2026-08-19   spread 0.8
      1h:  11,728 bars ( 4,637 cash) 2024-08-04 -> 2026-08-19   spread 0.8
      4h:   3,195 bars ( 1,547 cash) 2024-08-04 -> 2026-08-19   spread 0.8
      1d:   3,756 bars ( 3,756 cash) 2012-03-26 -> 2026-08-18   spread 0.0

=== ger40  (cash 9.0-17.5 London) ===
    1min:  44,574 bars (16,830 cash) 2026-07-05 -> 2026-08-19   spread 1.0
   15min:  23,892 bars ( 8,975 cash) 2025-08-04 -> 2026-08-19   spread 1.0
      1h:  11,779 bars ( 4,653 cash) 2024-08-04 -> 2026-08-19   spread 1.0
      4h:   3,108 bars ( 1,034 cash) 2024-08-04 -> 2026-08-19   spread 1.175
      1d:   3,775 bars ( 3,775 cash) 2012-01-30 -> 2026-08-18   spread 0.0

=== ger40fut  (cash 9.0-17.5 London) ===
    1min:  30,589 bars (11,730 cash) 2026-07-19 -> 2026-08-19   spread 1.5
   15min:  22,789 bars ( 8,612 cash) 2025-08-19 -> 2026-08-19   spread 1.5
      1h:  11,526 bars ( 4,557 cash) 2024-08-19 -> 2026-08-19   spread 1.5
      4h:   3,040 bars ( 1,013 cash) 2024-08-19 -> 2026-08-19   spread 1.5
      1d:   2,762 bars ( 2,762 cash) 2015-11-21 -> 2026-08-18   spread 0.0

=== us500  (cash 9.5-16.0 London) ===
    1min:  45,307 bars (12,865 cash) 2026-07-05 -> 2026-08-19   spread 0.4
   15min:  24,532 bars ( 6,891 cash) 2025-08-04 -> 2026-08-19   spread 0.4
      1h:  12,049 bars ( 3,104 cash) 2024-08-04 -> 2026-08-19   spread 0.4
      4h:   3,151 bars (   552 cash) 2024-08-04 -> 2026-08-19   spread 0.425
      1d:   3,841 bars ( 3,841 cash) 2012-03-13 -> 2026-08-18   spread 0.0

=== us30  (cash 9.5-16.0 London) ===
    1min:  45,373 bars (12,870 cash) 2026-07-05 -> 2026-08-19   spread 1.9
   15min:  24,539 bars ( 6,897 cash) 2025-08-04 -> 2026-08-19   spread 1.9
      1h:  12,049 bars ( 3,104 cash) 2024-08-04 -> 2026-08-19   spread 1.9
      4h:   3,151 bars (   552 cash) 2024-08-04 -> 2026-08-19   spread 2.2667
      1d:   3,848 bars ( 3,848 cash) 2012-03-05 -> 2026-08-18   spread 0.0

=== nas100  (cash 9.5-16.0 London) ===
    1min:  45,374 bars (12,870 cash) 2026-07-05 -> 2026-08-19   spread 0.9
   15min:  24,539 bars ( 6,897 cash) 2025-08-04 -> 2026-08-19   spread 0.9
      1h:  12,050 bars ( 3,104 cash) 2024-08-04 -> 2026-08-19   spread 0.9
      4h:   3,151 bars (   552 cash) 2024-08-04 -> 2026-08-19   spread 1.125
      1d:   3,848 bars ( 3,848 cash) 2012-03-05 -> 2026-08-18   spread 0.0

=== nas100fut  (cash 9.5-16.0 London) ===
    1min:  31,640 bars ( 8,970 cash) 2026-07-19 -> 2026-08-19   spread 1.8
   15min:  23,550 bars ( 6,627 cash) 2025-08-19 -> 2026-08-19   spread 1.8
      1h:  11,805 bars ( 3,044 cash) 2024-08-19 -> 2026-08-19   spread 1.8
      4h:   3,087 bars (   542 cash) 2024-08-19 -> 2026-08-19   spread 2.05
      1d:   1,173 bars ( 1,173 cash) 2022-02-03 -> 2026-08-18   spread 1.5

=== us30fut  (cash 9.5-16.0 London) ===
    1min:  31,617 bars ( 8,970 cash) 2026-07-19 -> 2026-08-19   spread 2.6
   15min:  23,552 bars ( 6,628 cash) 2025-08-19 -> 2026-08-19   spread 2.6
      1h:  11,806 bars ( 3,044 cash) 2024-08-19 -> 2026-08-19   spread 2.6
      4h:   3,087 bars (   542 cash) 2024-08-19 -> 2026-08-19   spread 3.45
      1d:   1,324 bars ( 1,324 cash) 2021-07-05 -> 2026-08-18   spread 4.0

=== gold  (cash 8.0-16.0 London) ===
    1min:  45,512 bars (15,840 cash) 2026-07-05 -> 2026-08-19   spread 0.4
   15min:  24,656 bars ( 8,549 cash) 2025-08-04 -> 2026-08-19   spread 0.4
      1h:  12,075 bars ( 4,188 cash) 2024-08-04 -> 2026-08-19   spread 0.3
      4h:   3,266 bars ( 1,036 cash) 2024-08-04 -> 2026-08-19   spread 0.45
      1d:   3,846 bars ( 3,846 cash) 2011-12-30 -> 2026-08-18   spread 0.0

=== goldvar  (cash 8.0-16.0 London) ===
    1min:  45,513 bars (15,840 cash) 2026-07-05 -> 2026-08-19   spread 0.4
   15min:  24,656 bars ( 8,549 cash) 2025-08-04 -> 2026-08-19   spread 0.4
      1h:  12,075 bars ( 4,188 cash) 2024-08-04 -> 2026-08-19   spread 0.3
      4h:   3,266 bars ( 1,036 cash) 2024-08-04 -> 2026-08-19   spread 0.4
      1d:   3,846 bars ( 3,846 cash) 2011-12-30 -> 2026-08-18   spread 0.0

=== eurusd  (cash 8.0-21.0 London) ===
    1min:  47,205 bars (25,740 cash) 2026-07-05 -> 2026-08-19   spread 0.0001
   15min:  25,891 bars (14,014 cash) 2025-08-04 -> 2026-08-19   spread 0.0001
      1h:  12,659 bars ( 6,854 cash) 2024-08-04 -> 2026-08-19   spread 0.0
      4h:   3,275 bars ( 2,108 cash) 2024-08-04 -> 2026-08-19   spread 0.0
      1d:   7,450 bars ( 7,450 cash) 1999-01-04 -> 2026-08-18   spread 0.0

=== uk100fut  (cash 8.0-16.5 London) ===
    1min:  37,735 bars (14,280 cash) 2026-07-12 -> 2026-08-19   spread 1.3
   15min:  23,406 bars ( 8,811 cash) 2025-08-10 -> 2026-08-19   spread 1.3
      1h:  11,603 bars ( 4,592 cash) 2024-08-11 -> 2026-08-19   spread 1.3
      4h:   3,161 bars ( 1,532 cash) 2024-08-11 -> 2026-08-19   spread 1.3
      1d:   1,293 bars ( 1,293 cash) 2021-07-05 -> 2026-08-18   spread 5.0

=== uk100sep26  (cash 8.0-16.5 London) ===
    1min:  37,735 bars (14,280 cash) 2026-07-12 -> 2026-08-19   spread 4.0
   15min:   4,441 bars ( 1,666 cash) 2026-06-11 -> 2026-08-19   spread 4.0
      1h:   1,121 bars (   441 cash) 2026-06-11 -> 2026-08-19   spread 4.0
      4h:     306 bars (   147 cash) 2026-06-11 -> 2026-08-19   spread 4.0
      1d:      49 bars (    49 cash) 2026-06-11 -> 2026-08-18   spread 6.0

Wrote /Users/r.john/git/vc-tx2/clean_finsa/
uk100      14/14 passed
ger40      14/14 passed
ger40fut   14/14 passed
us500      14/14 passed
us30       14/14 passed
nas100     14/14 passed
nas100fut  14/14 passed
us30fut    14/14 passed
gold       14/14 passed
goldvar    14/14 passed
eurusd     14/14 passed
uk100fut   14/14 passed
uk100sep26 14/14 passed

182/182 checks passed overall.
=== done 2026-08-19T22:26:59Z sync=0 validate=0 build=0 verify=0 ===
