=== sync start 2026-08-13T09:23:29Z ===

=== uk100 (id 16645) -> /Users/r.john/git/vc-tx2/data ===
  minute/mid:
      page 1: 10,000 bars  2026-08-04 00:20:00+00:00 -> 2026-08-13 09:23:00+00:00
      page 2: 10,000 bars  2026-07-23 13:28:00+00:00 -> 2026-08-04 00:19:00+00:00
      page 3: 10,000 bars  2026-07-14 04:37:00+00:00 -> 2026-07-23 13:27:00+00:00
      page 4:  1,074 bars  2026-07-13 09:23:00+00:00 -> 2026-07-14 04:36:00+00:00
      fetched 31,073 | +2,048 new | store 38,694 bars  2026-07-03 -> 2026-08-13

  minute/bid:
      page 1: 10,000 bars  2026-08-04 00:20:00+00:00 -> 2026-08-13 09:23:00+00:00
      page 2: 10,000 bars  2026-07-23 13:28:00+00:00 -> 2026-08-04 00:19:00+00:00
      page 3: 10,000 bars  2026-07-14 04:37:00+00:00 -> 2026-07-23 13:27:00+00:00
      page 4:  1,074 bars  2026-07-13 09:23:00+00:00 -> 2026-07-14 04:36:00+00:00
      fetched 31,073 | +2,048 new | store 38,694 bars  2026-07-03 -> 2026-08-13

  minute/ask:
      page 1: 10,000 bars  2026-08-04 00:20:00+00:00 -> 2026-08-13 09:23:00+00:00
      page 2: 10,000 bars  2026-07-23 13:28:00+00:00 -> 2026-08-04 00:19:00+00:00
      page 3: 10,000 bars  2026-07-14 04:37:00+00:00 -> 2026-07-23 13:27:00+00:00
      page 4:  1,074 bars  2026-07-13 09:23:00+00:00 -> 2026-07-14 04:36:00+00:00
      fetched 31,073 | +2,048 new | store 38,694 bars  2026-07-03 -> 2026-08-13

  quarter/mid:
      page 1: 10,000 bars  2026-03-05 18:45:00+00:00 -> 2026-08-13 09:15:00+00:00
      page 2: 10,000 bars  2025-09-26 04:30:00+00:00 -> 2026-03-05 18:30:00+00:00
      page 3:  2,772 bars  2025-08-13 09:30:00+00:00 -> 2025-09-26 04:15:00+00:00
      fetched 22,771 | +138 new | store 23,451 bars  2025-08-03 -> 2026-08-13

  quarter/bid:
      page 1: 10,000 bars  2026-03-05 18:45:00+00:00 -> 2026-08-13 09:15:00+00:00
      page 2: 10,000 bars  2025-09-26 04:30:00+00:00 -> 2026-03-05 18:30:00+00:00
      page 3:  2,772 bars  2025-08-13 09:30:00+00:00 -> 2025-09-26 04:15:00+00:00
      fetched 22,771 | +138 new | store 23,451 bars  2025-08-03 -> 2026-08-13

  quarter/ask:
      page 1: 10,000 bars  2026-03-05 18:45:00+00:00 -> 2026-08-13 09:15:00+00:00
      page 2: 10,000 bars  2025-09-26 04:30:00+00:00 -> 2026-03-05 18:30:00+00:00
      page 3:  2,772 bars  2025-08-13 09:30:00+00:00 -> 2025-09-26 04:15:00+00:00
      fetched 22,771 | +138 new | store 23,451 bars  2025-08-03 -> 2026-08-13

  hour/mid:
      page 1: 10,000 bars  2024-11-13 08:00:00+00:00 -> 2026-08-13 09:00:00+00:00
      page 2:  1,477 bars  2024-08-13 10:00:00+00:00 -> 2024-11-13 07:00:00+00:00
      fetched 11,476 | +35 new | store 11,625 bars  2024-08-04 -> 2026-08-13

  hour/bid:
      page 1: 10,000 bars  2024-11-13 08:00:00+00:00 -> 2026-08-13 09:00:00+00:00
      page 2:  1,477 bars  2024-08-13 10:00:00+00:00 -> 2024-11-13 07:00:00+00:00
      fetched 11,476 | +35 new | store 11,625 bars  2024-08-04 -> 2026-08-13

  hour/ask:
      page 1: 10,000 bars  2024-11-13 08:00:00+00:00 -> 2026-08-13 09:00:00+00:00
      page 2:  1,477 bars  2024-08-13 10:00:00+00:00 -> 2024-11-13 07:00:00+00:00
      fetched 11,476 | +35 new | store 11,625 bars  2024-08-04 -> 2026-08-13

  day/mid:
      page 1:  3,753 bars  2012-03-26 00:00:00+00:00 -> 2026-08-13 00:00:00+00:00
      fetched 3,752 | +2 new | store 3,752 bars  2012-03-26 -> 2026-08-12

  day/bid:
      page 1:  3,753 bars  2012-03-26 00:00:00+00:00 -> 2026-08-13 00:00:00+00:00
      fetched 3,752 | +2 new | store 3,752 bars  2012-03-26 -> 2026-08-12  !! {'open_outside_hl': 2}

  day/ask:
      page 1:  3,753 bars  2012-03-26 00:00:00+00:00 -> 2026-08-13 00:00:00+00:00
      fetched 3,752 | +2 new | store 3,752 bars  2012-03-26 -> 2026-08-12  !! {'close_outside_hl': 2}


=== ger40 (id 17068) -> /Users/r.john/git/vc-tx2/data ===
  minute/mid:
      page 1: 10,000 bars  2026-08-04 00:12:00+00:00 -> 2026-08-13 09:23:00+00:00
      page 2: 10,000 bars  2026-07-23 13:31:00+00:00 -> 2026-08-04 00:11:00+00:00
      page 3: 10,000 bars  2026-07-14 04:36:00+00:00 -> 2026-07-23 13:30:00+00:00
      page 4:  1,074 bars  2026-07-13 09:24:00+00:00 -> 2026-07-14 04:35:00+00:00
      fetched 31,073 | +2,049 new | store 38,511 bars  2026-07-05 -> 2026-08-13

  minute/bid:
      page 1: 10,000 bars  2026-08-04 00:13:00+00:00 -> 2026-08-13 09:24:00+00:00
      page 2: 10,000 bars  2026-07-23 13:32:00+00:00 -> 2026-08-04 00:12:00+00:00
      page 3: 10,000 bars  2026-07-14 04:37:00+00:00 -> 2026-07-23 13:31:00+00:00
      page 4:  1,075 bars  2026-07-13 09:24:00+00:00 -> 2026-07-14 04:36:00+00:00
      fetched 31,074 | +2,050 new | store 38,512 bars  2026-07-05 -> 2026-08-13

  minute/ask:
      page 1: 10,000 bars  2026-08-04 00:13:00+00:00 -> 2026-08-13 09:24:00+00:00
      page 2: 10,000 bars  2026-07-23 13:32:00+00:00 -> 2026-08-04 00:12:00+00:00
      page 3: 10,000 bars  2026-07-14 04:37:00+00:00 -> 2026-07-23 13:31:00+00:00
      page 4:  1,075 bars  2026-07-13 09:24:00+00:00 -> 2026-07-14 04:36:00+00:00
      fetched 31,074 | +2,050 new | store 38,512 bars  2026-07-05 -> 2026-08-13

  quarter/mid:
      page 1: 10,000 bars  2026-03-09 01:15:00+00:00 -> 2026-08-13 09:15:00+00:00
      page 2: 10,000 bars  2025-09-26 07:30:00+00:00 -> 2026-03-09 01:00:00+00:00
      page 3:  2,883 bars  2025-08-13 09:30:00+00:00 -> 2025-09-26 07:15:00+00:00
      fetched 22,882 | +138 new | store 23,484 bars  2025-08-04 -> 2026-08-13

  quarter/bid:
      page 1: 10,000 bars  2026-03-09 01:15:00+00:00 -> 2026-08-13 09:15:00+00:00
      page 2: 10,000 bars  2025-09-26 07:30:00+00:00 -> 2026-03-09 01:00:00+00:00
      page 3:  2,883 bars  2025-08-13 09:30:00+00:00 -> 2025-09-26 07:15:00+00:00
      fetched 22,882 | +138 new | store 23,484 bars  2025-08-04 -> 2026-08-13

  quarter/ask:
      page 1: 10,000 bars  2026-03-09 01:15:00+00:00 -> 2026-08-13 09:15:00+00:00
      page 2: 10,000 bars  2025-09-26 07:30:00+00:00 -> 2026-03-09 01:00:00+00:00
      page 3:  2,883 bars  2025-08-13 09:30:00+00:00 -> 2025-09-26 07:15:00+00:00
      fetched 22,882 | +138 new | store 23,484 bars  2025-08-04 -> 2026-08-13

  hour/mid:
      page 1: 10,000 bars  2024-11-14 11:00:00+00:00 -> 2026-08-13 09:00:00+00:00
      page 2:  1,528 bars  2024-08-13 10:00:00+00:00 -> 2024-11-14 10:00:00+00:00
      fetched 11,527 | +35 new | store 11,676 bars  2024-08-04 -> 2026-08-13

  hour/bid:
      page 1: 10,000 bars  2024-11-14 11:00:00+00:00 -> 2026-08-13 09:00:00+00:00
      page 2:  1,528 bars  2024-08-13 10:00:00+00:00 -> 2024-11-14 10:00:00+00:00
      fetched 11,527 | +35 new | store 11,676 bars  2024-08-04 -> 2026-08-13

  hour/ask:
      page 1: 10,000 bars  2024-11-14 11:00:00+00:00 -> 2026-08-13 09:00:00+00:00
      page 2:  1,528 bars  2024-08-13 10:00:00+00:00 -> 2024-11-14 10:00:00+00:00
      fetched 11,527 | +35 new | store 11,676 bars  2024-08-04 -> 2026-08-13

  day/mid:
      page 1:  3,772 bars  2012-01-30 00:00:00+00:00 -> 2026-08-13 00:00:00+00:00
      fetched 3,771 | +2 new | store 3,771 bars  2012-01-30 -> 2026-08-12

  day/bid:
      page 1:  3,772 bars  2012-01-30 00:00:00+00:00 -> 2026-08-13 00:00:00+00:00
      fetched 3,771 | +2 new | store 3,771 bars  2012-01-30 -> 2026-08-12

  day/ask:
      page 1:  3,772 bars  2012-01-30 00:00:00+00:00 -> 2026-08-13 00:00:00+00:00
      fetched 3,771 | +2 new | store 3,771 bars  2012-01-30 -> 2026-08-12


=== us30 (id 17322) -> /Users/r.john/git/vc-tx2/data ===
  minute/mid:
      page 1: 10,000 bars  2026-08-04 03:14:00+00:00 -> 2026-08-13 09:24:00+00:00
      page 2: 10,000 bars  2026-07-23 19:32:00+00:00 -> 2026-08-04 03:13:00+00:00
      page 3: 10,000 bars  2026-07-14 13:21:00+00:00 -> 2026-07-23 19:31:00+00:00
      page 4:  1,617 bars  2026-07-13 09:24:00+00:00 -> 2026-07-14 13:20:00+00:00
      fetched 31,616 | +2,081 new | store 39,168 bars  2026-07-05 -> 2026-08-13

  minute/bid:
      page 1: 10,000 bars  2026-08-04 03:14:00+00:00 -> 2026-08-13 09:24:00+00:00
      page 2: 10,000 bars  2026-07-23 19:32:00+00:00 -> 2026-08-04 03:13:00+00:00
      page 3: 10,000 bars  2026-07-14 13:21:00+00:00 -> 2026-07-23 19:31:00+00:00
      page 4:  1,617 bars  2026-07-13 09:24:00+00:00 -> 2026-07-14 13:20:00+00:00
      fetched 31,616 | +2,080 new | store 39,168 bars  2026-07-05 -> 2026-08-13

  minute/ask:
      page 1: 10,000 bars  2026-08-04 03:14:00+00:00 -> 2026-08-13 09:24:00+00:00
      page 2: 10,000 bars  2026-07-23 19:32:00+00:00 -> 2026-08-04 03:13:00+00:00
      page 3: 10,000 bars  2026-07-14 13:21:00+00:00 -> 2026-07-23 19:31:00+00:00
      page 4:  1,617 bars  2026-07-13 09:24:00+00:00 -> 2026-07-14 13:20:00+00:00
      fetched 31,616 | +2,080 new | store 39,168 bars  2026-07-05 -> 2026-08-13

  quarter/mid:
      page 1: 10,000 bars  2026-03-12 10:00:00+00:00 -> 2026-08-13 09:15:00+00:00
      page 2: 10,000 bars  2025-10-06 23:30:00+00:00 -> 2026-03-12 09:45:00+00:00
      page 3:  3,516 bars  2025-08-13 09:30:00+00:00 -> 2025-10-06 23:15:00+00:00
      fetched 23,515 | +139 new | store 24,125 bars  2025-08-04 -> 2026-08-13

  quarter/bid:
      page 1: 10,000 bars  2026-03-12 10:00:00+00:00 -> 2026-08-13 09:15:00+00:00
      page 2: 10,000 bars  2025-10-06 23:30:00+00:00 -> 2026-03-12 09:45:00+00:00
      page 3:  3,516 bars  2025-08-13 09:30:00+00:00 -> 2025-10-06 23:15:00+00:00
      fetched 23,515 | +139 new | store 24,125 bars  2025-08-04 -> 2026-08-13

  quarter/ask:
      page 1: 10,000 bars  2026-03-12 10:00:00+00:00 -> 2026-08-13 09:15:00+00:00
Traceback (most recent call last):
  File "/Users/r.john/git/vc-tx2/scripts/collect.py", line 355, in <module>
    main()
    ~~~~^^
  File "/Users/r.john/git/vc-tx2/scripts/collect.py", line 351, in main
    a.func(a)
    ~~~~~~^^^
  File "/Users/r.john/git/vc-tx2/scripts/collect.py", line 224, in cmd_sync
    _sync_one(slug, iid, a, man)
    ~~~~~~~~~^^^^^^^^^^^^^^^^^^^
  File "/Users/r.john/git/vc-tx2/scripts/collect.py", line 233, in _sync_one
    new = collect_feed(tf, side, sleep=a.sleep, instr=iid)
  File "/Users/r.john/git/vc-tx2/scripts/collect.py", line 138, in collect_feed
    time.sleep(sleep)
    ~~~~~~~~~~^^^^^^^
KeyboardInterrupt
=== sync start 2026-08-13T09:24:57Z ===

=== uk100 (id 16645) -> /Users/r.john/git/vc-tx2/data ===
  minute/mid:
      page 1: 10,000 bars  2026-08-04 00:21:00+00:00 -> 2026-08-13 09:24:00+00:00
      page 2: 10,000 bars  2026-07-23 13:29:00+00:00 -> 2026-08-04 00:20:00+00:00
      page 3: 10,000 bars  2026-07-14 04:38:00+00:00 -> 2026-07-23 13:28:00+00:00
      page 4:  1,073 bars  2026-07-13 09:25:00+00:00 -> 2026-07-14 04:37:00+00:00
      fetched 31,072 | +1 new | store 38,695 bars  2026-07-03 -> 2026-08-13

  minute/bid:
      page 1: 10,000 bars  2026-08-04 00:21:00+00:00 -> 2026-08-13 09:24:00+00:00
      page 2: 10,000 bars  2026-07-23 13:29:00+00:00 -> 2026-08-04 00:20:00+00:00
      page 3: 10,000 bars  2026-07-14 04:38:00+00:00 -> 2026-07-23 13:28:00+00:00
      page 4:  1,073 bars  2026-07-13 09:25:00+00:00 -> 2026-07-14 04:37:00+00:00
      fetched 31,072 | +1 new | store 38,695 bars  2026-07-03 -> 2026-08-13

  minute/ask:
      page 1: 10,000 bars  2026-08-04 00:22:00+00:00 -> 2026-08-13 09:25:00+00:00
      page 2: 10,000 bars  2026-07-23 13:30:00+00:00 -> 2026-08-04 00:21:00+00:00
      page 3: 10,000 bars  2026-07-14 04:39:00+00:00 -> 2026-07-23 13:29:00+00:00
      page 4:  1,074 bars  2026-07-13 09:25:00+00:00 -> 2026-07-14 04:38:00+00:00
      fetched 31,073 | +2 new | store 38,696 bars  2026-07-03 -> 2026-08-13

  quarter/mid:
      page 1: 10,000 bars  2026-03-05 18:45:00+00:00 -> 2026-08-13 09:15:00+00:00
      page 2: 10,000 bars  2025-09-26 04:30:00+00:00 -> 2026-03-05 18:30:00+00:00
      page 3:  2,772 bars  2025-08-13 09:30:00+00:00 -> 2025-09-26 04:15:00+00:00
      fetched 22,771 | +0 new | store 23,451 bars  2025-08-03 -> 2026-08-13

  quarter/bid:
      page 1: 10,000 bars  2026-03-05 18:45:00+00:00 -> 2026-08-13 09:15:00+00:00
      page 2: 10,000 bars  2025-09-26 04:30:00+00:00 -> 2026-03-05 18:30:00+00:00
      page 3:  2,772 bars  2025-08-13 09:30:00+00:00 -> 2025-09-26 04:15:00+00:00
      fetched 22,771 | +0 new | store 23,451 bars  2025-08-03 -> 2026-08-13

  quarter/ask:
      page 1: 10,000 bars  2026-03-05 18:45:00+00:00 -> 2026-08-13 09:15:00+00:00
      page 2: 10,000 bars  2025-09-26 04:30:00+00:00 -> 2026-03-05 18:30:00+00:00
      page 3:  2,772 bars  2025-08-13 09:30:00+00:00 -> 2025-09-26 04:15:00+00:00
      fetched 22,771 | +0 new | store 23,451 bars  2025-08-03 -> 2026-08-13

  hour/mid:
      page 1: 10,000 bars  2024-11-13 08:00:00+00:00 -> 2026-08-13 09:00:00+00:00
Traceback (most recent call last):
  File "/Users/r.john/git/vc-tx2/scripts/collect.py", line 355, in <module>
    main()
    ~~~~^^
  File "/Users/r.john/git/vc-tx2/scripts/collect.py", line 351, in main
    a.func(a)
    ~~~~~~^^^
  File "/Users/r.john/git/vc-tx2/scripts/collect.py", line 224, in cmd_sync
    _sync_one(slug, iid, a, man)
    ~~~~~~~~~^^^^^^^^^^^^^^^^^^^
  File "/Users/r.john/git/vc-tx2/scripts/collect.py", line 233, in _sync_one
    new = collect_feed(tf, side, sleep=a.sleep, instr=iid)
  File "/Users/r.john/git/vc-tx2/scripts/collect.py", line 138, in collect_feed
    time.sleep(sleep)
    ~~~~~~~~~~^^^^^^^
KeyboardInterrupt
=== sync start 2026-08-13T09:26:53Z ===

=== uk100 (id 16645) -> /Users/r.john/git/vc-tx2/data ===
  minute/mid:
      page 1: 10,000 bars  2026-08-04 00:23:00+00:00 -> 2026-08-13 09:26:00+00:00
      page 2: 10,000 bars  2026-07-23 13:31:00+00:00 -> 2026-08-04 00:22:00+00:00
      page 3: 10,000 bars  2026-07-14 04:40:00+00:00 -> 2026-07-23 13:30:00+00:00
      page 4:  1,073 bars  2026-07-13 09:27:00+00:00 -> 2026-07-14 04:39:00+00:00
      fetched 31,072 | +2 new | store 38,697 bars  2026-07-03 -> 2026-08-13

  minute/bid:
      page 1: 10,000 bars  2026-08-04 00:23:00+00:00 -> 2026-08-13 09:26:00+00:00
      page 2: 10,000 bars  2026-07-23 13:31:00+00:00 -> 2026-08-04 00:22:00+00:00
      page 3: 10,000 bars  2026-07-14 04:40:00+00:00 -> 2026-07-23 13:30:00+00:00
      page 4:  1,073 bars  2026-07-13 09:27:00+00:00 -> 2026-07-14 04:39:00+00:00
      fetched 31,072 | +2 new | store 38,697 bars  2026-07-03 -> 2026-08-13

  minute/ask:
      page 1: 10,000 bars  2026-08-04 00:23:00+00:00 -> 2026-08-13 09:26:00+00:00
      page 2: 10,000 bars  2026-07-23 13:31:00+00:00 -> 2026-08-04 00:22:00+00:00
      page 3: 10,000 bars  2026-07-14 04:40:00+00:00 -> 2026-07-23 13:30:00+00:00
      page 4:  1,073 bars  2026-07-13 09:27:00+00:00 -> 2026-07-14 04:39:00+00:00
      fetched 31,072 | +1 new | store 38,697 bars  2026-07-03 -> 2026-08-13

  quarter/mid:
      page 1: 10,000 bars  2026-03-05 18:45:00+00:00 -> 2026-08-13 09:15:00+00:00
      page 2: 10,000 bars  2025-09-26 04:30:00+00:00 -> 2026-03-05 18:30:00+00:00
      page 3:  2,772 bars  2025-08-13 09:30:00+00:00 -> 2025-09-26 04:15:00+00:00
      fetched 22,771 | +0 new | store 23,451 bars  2025-08-03 -> 2026-08-13

  quarter/bid:
      page 1: 10,000 bars  2026-03-05 18:45:00+00:00 -> 2026-08-13 09:15:00+00:00
      page 2: 10,000 bars  2025-09-26 04:30:00+00:00 -> 2026-03-05 18:30:00+00:00
      page 3:  2,772 bars  2025-08-13 09:30:00+00:00 -> 2025-09-26 04:15:00+00:00
      fetched 22,771 | +0 new | store 23,451 bars  2025-08-03 -> 2026-08-13

  quarter/ask:
      page 1: 10,000 bars  2026-03-05 18:45:00+00:00 -> 2026-08-13 09:15:00+00:00
      page 2: 10,000 bars  2025-09-26 04:30:00+00:00 -> 2026-03-05 18:30:00+00:00
      page 3:  2,772 bars  2025-08-13 09:30:00+00:00 -> 2025-09-26 04:15:00+00:00
      fetched 22,771 | +0 new | store 23,451 bars  2025-08-03 -> 2026-08-13

  hour/mid:
      page 1: 10,000 bars  2024-11-13 08:00:00+00:00 -> 2026-08-13 09:00:00+00:00
      page 2:  1,477 bars  2024-08-13 10:00:00+00:00 -> 2024-11-13 07:00:00+00:00
      fetched 11,476 | +0 new | store 11,625 bars  2024-08-04 -> 2026-08-13

  hour/bid:
      page 1: 10,000 bars  2024-11-13 08:00:00+00:00 -> 2026-08-13 09:00:00+00:00
      page 2:  1,477 bars  2024-08-13 10:00:00+00:00 -> 2024-11-13 07:00:00+00:00
      fetched 11,476 | +0 new | store 11,625 bars  2024-08-04 -> 2026-08-13

  hour/ask:
      page 1: 10,000 bars  2024-11-13 08:00:00+00:00 -> 2026-08-13 09:00:00+00:00
      page 2:  1,477 bars  2024-08-13 10:00:00+00:00 -> 2024-11-13 07:00:00+00:00
      fetched 11,476 | +0 new | store 11,625 bars  2024-08-04 -> 2026-08-13

  day/mid:
      page 1:  3,753 bars  2012-03-26 00:00:00+00:00 -> 2026-08-13 00:00:00+00:00
      fetched 3,752 | +0 new | store 3,752 bars  2012-03-26 -> 2026-08-12

  day/bid:
      page 1:  3,753 bars  2012-03-26 00:00:00+00:00 -> 2026-08-13 00:00:00+00:00
      fetched 3,752 | +0 new | store 3,752 bars  2012-03-26 -> 2026-08-12  !! {'open_outside_hl': 2}

  day/ask:
      page 1:  3,753 bars  2012-03-26 00:00:00+00:00 -> 2026-08-13 00:00:00+00:00
      fetched 3,752 | +0 new | store 3,752 bars  2012-03-26 -> 2026-08-12  !! {'close_outside_hl': 2}


=== ger40 (id 17068) -> /Users/r.john/git/vc-tx2/data ===
  minute/mid:
      page 1: 10,000 bars  2026-08-04 00:16:00+00:00 -> 2026-08-13 09:27:00+00:00
      page 2: 10,000 bars  2026-07-23 13:35:00+00:00 -> 2026-08-04 00:15:00+00:00
      page 3: 10,000 bars  2026-07-14 04:40:00+00:00 -> 2026-07-23 13:34:00+00:00
      page 4:  1,075 bars  2026-07-13 09:27:00+00:00 -> 2026-07-14 04:39:00+00:00
      fetched 31,074 | +4 new | store 38,515 bars  2026-07-05 -> 2026-08-13

  minute/bid:
      page 1: 10,000 bars  2026-08-04 00:16:00+00:00 -> 2026-08-13 09:27:00+00:00
      page 2: 10,000 bars  2026-07-23 13:35:00+00:00 -> 2026-08-04 00:15:00+00:00
      page 3: 10,000 bars  2026-07-14 04:40:00+00:00 -> 2026-07-23 13:34:00+00:00
      page 4:  1,075 bars  2026-07-13 09:27:00+00:00 -> 2026-07-14 04:39:00+00:00
      fetched 31,074 | +3 new | store 38,515 bars  2026-07-05 -> 2026-08-13

  minute/ask:
      page 1: 10,000 bars  2026-08-04 00:16:00+00:00 -> 2026-08-13 09:27:00+00:00
      page 2: 10,000 bars  2026-07-23 13:35:00+00:00 -> 2026-08-04 00:15:00+00:00
      page 3: 10,000 bars  2026-07-14 04:40:00+00:00 -> 2026-07-23 13:34:00+00:00
      page 4:  1,075 bars  2026-07-13 09:27:00+00:00 -> 2026-07-14 04:39:00+00:00
      fetched 31,074 | +3 new | store 38,515 bars  2026-07-05 -> 2026-08-13

  quarter/mid:
      page 1: 10,000 bars  2026-03-09 01:15:00+00:00 -> 2026-08-13 09:15:00+00:00
      page 2: 10,000 bars  2025-09-26 07:30:00+00:00 -> 2026-03-09 01:00:00+00:00
      page 3:  2,883 bars  2025-08-13 09:30:00+00:00 -> 2025-09-26 07:15:00+00:00
      fetched 22,882 | +0 new | store 23,484 bars  2025-08-04 -> 2026-08-13

  quarter/bid:
      page 1: 10,000 bars  2026-03-09 01:15:00+00:00 -> 2026-08-13 09:15:00+00:00
      page 2: 10,000 bars  2025-09-26 07:30:00+00:00 -> 2026-03-09 01:00:00+00:00
      page 3:  2,883 bars  2025-08-13 09:30:00+00:00 -> 2025-09-26 07:15:00+00:00
      fetched 22,882 | +0 new | store 23,484 bars  2025-08-04 -> 2026-08-13

  quarter/ask:
      page 1: 10,000 bars  2026-03-09 01:15:00+00:00 -> 2026-08-13 09:15:00+00:00
      page 2: 10,000 bars  2025-09-26 07:30:00+00:00 -> 2026-03-09 01:00:00+00:00
      page 3:  2,883 bars  2025-08-13 09:30:00+00:00 -> 2025-09-26 07:15:00+00:00
      fetched 22,882 | +0 new | store 23,484 bars  2025-08-04 -> 2026-08-13

  hour/mid:
      page 1: 10,000 bars  2024-11-14 11:00:00+00:00 -> 2026-08-13 09:00:00+00:00
      page 2:  1,528 bars  2024-08-13 10:00:00+00:00 -> 2024-11-14 10:00:00+00:00
      fetched 11,527 | +0 new | store 11,676 bars  2024-08-04 -> 2026-08-13

  hour/bid:
      page 1: 10,000 bars  2024-11-14 11:00:00+00:00 -> 2026-08-13 09:00:00+00:00
      page 2:  1,528 bars  2024-08-13 10:00:00+00:00 -> 2024-11-14 10:00:00+00:00
      fetched 11,527 | +0 new | store 11,676 bars  2024-08-04 -> 2026-08-13

  hour/ask:
      page 1: 10,000 bars  2024-11-14 11:00:00+00:00 -> 2026-08-13 09:00:00+00:00
      page 2:  1,528 bars  2024-08-13 10:00:00+00:00 -> 2024-11-14 10:00:00+00:00
      fetched 11,527 | +0 new | store 11,676 bars  2024-08-04 -> 2026-08-13

  day/mid:
      page 1:  3,772 bars  2012-01-30 00:00:00+00:00 -> 2026-08-13 00:00:00+00:00
      fetched 3,771 | +0 new | store 3,771 bars  2012-01-30 -> 2026-08-12

  day/bid:
      page 1:  3,772 bars  2012-01-30 00:00:00+00:00 -> 2026-08-13 00:00:00+00:00
      fetched 3,771 | +0 new | store 3,771 bars  2012-01-30 -> 2026-08-12

  day/ask:
      page 1:  3,772 bars  2012-01-30 00:00:00+00:00 -> 2026-08-13 00:00:00+00:00
      fetched 3,771 | +0 new | store 3,771 bars  2012-01-30 -> 2026-08-12


=== us30 (id 17322) -> /Users/r.john/git/vc-tx2/data ===
  minute/mid:
      page 1: 10,000 bars  2026-08-04 03:17:00+00:00 -> 2026-08-13 09:27:00+00:00
      page 2: 10,000 bars  2026-07-23 19:35:00+00:00 -> 2026-08-04 03:16:00+00:00
      page 3: 10,000 bars  2026-07-14 13:24:00+00:00 -> 2026-07-23 19:34:00+00:00
      page 4:  1,616 bars  2026-07-13 09:28:00+00:00 -> 2026-07-14 13:23:00+00:00
      fetched 31,615 | +3 new | store 39,171 bars  2026-07-05 -> 2026-08-13

  minute/bid:
      page 1: 10,000 bars  2026-08-04 03:17:00+00:00 -> 2026-08-13 09:27:00+00:00
      page 2: 10,000 bars  2026-07-23 19:35:00+00:00 -> 2026-08-04 03:16:00+00:00
      page 3: 10,000 bars  2026-07-14 13:24:00+00:00 -> 2026-07-23 19:34:00+00:00
      page 4:  1,616 bars  2026-07-13 09:28:00+00:00 -> 2026-07-14 13:23:00+00:00
      fetched 31,615 | +3 new | store 39,171 bars  2026-07-05 -> 2026-08-13

  minute/ask:
      page 1: 10,000 bars  2026-08-04 03:17:00+00:00 -> 2026-08-13 09:27:00+00:00
      page 2: 10,000 bars  2026-07-23 19:35:00+00:00 -> 2026-08-04 03:16:00+00:00
      page 3: 10,000 bars  2026-07-14 13:24:00+00:00 -> 2026-07-23 19:34:00+00:00
      page 4:  1,616 bars  2026-07-13 09:28:00+00:00 -> 2026-07-14 13:23:00+00:00
      fetched 31,615 | +3 new | store 39,171 bars  2026-07-05 -> 2026-08-13

  quarter/mid:
      page 1: 10,000 bars  2026-03-12 10:00:00+00:00 -> 2026-08-13 09:15:00+00:00
      page 2: 10,000 bars  2025-10-06 23:30:00+00:00 -> 2026-03-12 09:45:00+00:00
      page 3:  3,516 bars  2025-08-13 09:30:00+00:00 -> 2025-10-06 23:15:00+00:00
      fetched 23,515 | +0 new | store 24,125 bars  2025-08-04 -> 2026-08-13

  quarter/bid:
      page 1: 10,000 bars  2026-03-12 10:00:00+00:00 -> 2026-08-13 09:15:00+00:00
      page 2: 10,000 bars  2025-10-06 23:30:00+00:00 -> 2026-03-12 09:45:00+00:00
      page 3:  3,516 bars  2025-08-13 09:30:00+00:00 -> 2025-10-06 23:15:00+00:00
      fetched 23,515 | +0 new | store 24,125 bars  2025-08-04 -> 2026-08-13

  quarter/ask:
      page 1: 10,000 bars  2026-03-12 10:00:00+00:00 -> 2026-08-13 09:15:00+00:00
      page 2: 10,000 bars  2025-10-06 23:30:00+00:00 -> 2026-03-12 09:45:00+00:00
      page 3:  3,516 bars  2025-08-13 09:30:00+00:00 -> 2025-10-06 23:15:00+00:00
      fetched 23,515 | +139 new | store 24,125 bars  2025-08-04 -> 2026-08-13

  hour/mid:
      page 1: 10,000 bars  2024-12-02 01:00:00+00:00 -> 2026-08-13 09:00:00+00:00
      page 2:  1,796 bars  2024-08-13 10:00:00+00:00 -> 2024-12-02 00:00:00+00:00
      fetched 11,795 | +35 new | store 11,945 bars  2024-08-04 -> 2026-08-13

  hour/bid:
      page 1: 10,000 bars  2024-12-02 01:00:00+00:00 -> 2026-08-13 09:00:00+00:00
      page 2:  1,796 bars  2024-08-13 10:00:00+00:00 -> 2024-12-02 00:00:00+00:00
      fetched 11,795 | +35 new | store 11,945 bars  2024-08-04 -> 2026-08-13

  hour/ask:
      page 1: 10,000 bars  2024-12-02 01:00:00+00:00 -> 2026-08-13 09:00:00+00:00
      page 2:  1,796 bars  2024-08-13 10:00:00+00:00 -> 2024-12-02 00:00:00+00:00
      fetched 11,795 | +35 new | store 11,945 bars  2024-08-04 -> 2026-08-13

  day/mid:
      page 1:  3,845 bars  2012-03-05 00:00:00+00:00 -> 2026-08-13 00:00:00+00:00
      fetched 3,844 | +2 new | store 3,844 bars  2012-03-05 -> 2026-08-12

  day/bid:
      page 1:  3,845 bars  2012-03-05 00:00:00+00:00 -> 2026-08-13 00:00:00+00:00
      fetched 3,844 | +2 new | store 3,844 bars  2012-03-05 -> 2026-08-12

  day/ask:
      page 1:  3,845 bars  2012-03-05 00:00:00+00:00 -> 2026-08-13 00:00:00+00:00
      fetched 3,844 | +2 new | store 3,844 bars  2012-03-05 -> 2026-08-12


=== ustech100 (id 20190) -> /Users/r.john/git/vc-tx2/data ===
  minute/mid:
      page 1: 10,000 bars  2026-08-04 03:18:00+00:00 -> 2026-08-13 09:28:00+00:00
      page 2: 10,000 bars  2026-07-23 19:36:00+00:00 -> 2026-08-04 03:17:00+00:00
      page 3: 10,000 bars  2026-07-14 13:25:00+00:00 -> 2026-07-23 19:35:00+00:00
      page 4:  1,617 bars  2026-07-13 09:28:00+00:00 -> 2026-07-14 13:24:00+00:00
      fetched 31,616 | +2,084 new | store 39,172 bars  2026-07-05 -> 2026-08-13

  minute/bid:
      page 1: 10,000 bars  2026-08-04 03:18:00+00:00 -> 2026-08-13 09:28:00+00:00
      page 2: 10,000 bars  2026-07-23 19:36:00+00:00 -> 2026-08-04 03:17:00+00:00
      page 3: 10,000 bars  2026-07-14 13:25:00+00:00 -> 2026-07-23 19:35:00+00:00
      page 4:  1,617 bars  2026-07-13 09:28:00+00:00 -> 2026-07-14 13:24:00+00:00
      fetched 31,616 | +2,084 new | store 39,172 bars  2026-07-05 -> 2026-08-13

  minute/ask:
      page 1: 10,000 bars  2026-08-04 03:18:00+00:00 -> 2026-08-13 09:28:00+00:00
      page 2: 10,000 bars  2026-07-23 19:36:00+00:00 -> 2026-08-04 03:17:00+00:00
      page 3: 10,000 bars  2026-07-14 13:25:00+00:00 -> 2026-07-23 19:35:00+00:00
      page 4:  1,617 bars  2026-07-13 09:28:00+00:00 -> 2026-07-14 13:24:00+00:00
      fetched 31,616 | +2,084 new | store 39,172 bars  2026-07-05 -> 2026-08-13

  quarter/mid:
      page 1: 10,000 bars  2026-03-12 10:15:00+00:00 -> 2026-08-13 09:15:00+00:00
      page 2: 10,000 bars  2025-10-06 23:30:00+00:00 -> 2026-03-12 10:00:00+00:00
      page 3:  3,516 bars  2025-08-13 09:30:00+00:00 -> 2025-10-06 23:15:00+00:00
      fetched 23,515 | +139 new | store 24,125 bars  2025-08-04 -> 2026-08-13

  quarter/bid:
      page 1: 10,000 bars  2026-03-12 10:15:00+00:00 -> 2026-08-13 09:15:00+00:00
      page 2: 10,000 bars  2025-10-06 23:30:00+00:00 -> 2026-03-12 10:00:00+00:00
      page 3:  3,516 bars  2025-08-13 09:30:00+00:00 -> 2025-10-06 23:15:00+00:00
      fetched 23,515 | +139 new | store 24,125 bars  2025-08-04 -> 2026-08-13

  quarter/ask:
      page 1: 10,000 bars  2026-03-12 10:15:00+00:00 -> 2026-08-13 09:15:00+00:00
      page 2: 10,000 bars  2025-10-06 23:30:00+00:00 -> 2026-03-12 10:00:00+00:00
      page 3:  3,516 bars  2025-08-13 09:30:00+00:00 -> 2025-10-06 23:15:00+00:00
      fetched 23,515 | +139 new | store 24,125 bars  2025-08-04 -> 2026-08-13

  hour/mid:
      page 1: 10,000 bars  2024-12-02 02:00:00+00:00 -> 2026-08-13 09:00:00+00:00
      page 2:  1,797 bars  2024-08-13 10:00:00+00:00 -> 2024-12-02 01:00:00+00:00
      fetched 11,796 | +35 new | store 11,946 bars  2024-08-04 -> 2026-08-13

  hour/bid:
      page 1: 10,000 bars  2024-12-02 02:00:00+00:00 -> 2026-08-13 09:00:00+00:00
      page 2:  1,797 bars  2024-08-13 10:00:00+00:00 -> 2024-12-02 01:00:00+00:00
      fetched 11,796 | +35 new | store 11,946 bars  2024-08-04 -> 2026-08-13

  hour/ask:
      page 1: 10,000 bars  2024-12-02 02:00:00+00:00 -> 2026-08-13 09:00:00+00:00
      page 2:  1,797 bars  2024-08-13 10:00:00+00:00 -> 2024-12-02 01:00:00+00:00
      fetched 11,796 | +35 new | store 11,946 bars  2024-08-04 -> 2026-08-13

  day/mid:
      page 1:  3,845 bars  2012-03-05 00:00:00+00:00 -> 2026-08-13 00:00:00+00:00
      fetched 3,844 | +2 new | store 3,844 bars  2012-03-05 -> 2026-08-12

  day/bid:
      page 1:  3,845 bars  2012-03-05 00:00:00+00:00 -> 2026-08-13 00:00:00+00:00
      fetched 3,844 | +2 new | store 3,844 bars  2012-03-05 -> 2026-08-12

  day/ask:
      page 1:  3,845 bars  2012-03-05 00:00:00+00:00 -> 2026-08-13 00:00:00+00:00
      fetched 3,844 | +2 new | store 3,844 bars  2012-03-05 -> 2026-08-12


=== us500 (id 67995) -> /Users/r.john/git/vc-tx2/data ===
  minute/mid:
      page 1: 10,000 bars  2026-08-04 03:07:00+00:00 -> 2026-08-13 09:28:00+00:00
      page 2: 10,000 bars  2026-07-23 19:24:00+00:00 -> 2026-08-04 03:06:00+00:00
      page 3: 10,000 bars  2026-07-14 13:09:00+00:00 -> 2026-07-23 19:23:00+00:00
      page 4:  1,601 bars  2026-07-13 09:28:00+00:00 -> 2026-07-14 13:08:00+00:00
      fetched 31,600 | +2,077 new | store 39,156 bars  2026-07-05 -> 2026-08-13

  minute/bid:
      page 1: 10,000 bars  2026-08-04 03:07:00+00:00 -> 2026-08-13 09:28:00+00:00
      page 2: 10,000 bars  2026-07-23 19:24:00+00:00 -> 2026-08-04 03:06:00+00:00
      page 3: 10,000 bars  2026-07-14 13:09:00+00:00 -> 2026-07-23 19:23:00+00:00
      page 4:  1,600 bars  2026-07-13 09:29:00+00:00 -> 2026-07-14 13:08:00+00:00
      fetched 31,599 | +2,076 new | store 39,156 bars  2026-07-05 -> 2026-08-13

  minute/ask:
      page 1: 10,000 bars  2026-08-04 03:07:00+00:00 -> 2026-08-13 09:28:00+00:00
      page 2: 10,000 bars  2026-07-23 19:24:00+00:00 -> 2026-08-04 03:06:00+00:00
      page 3: 10,000 bars  2026-07-14 13:09:00+00:00 -> 2026-07-23 19:23:00+00:00
      page 4:  1,600 bars  2026-07-13 09:29:00+00:00 -> 2026-07-14 13:08:00+00:00
      fetched 31,599 | +2,076 new | store 39,156 bars  2026-07-05 -> 2026-08-13

  quarter/mid:
      page 1: 10,000 bars  2026-03-12 09:00:00+00:00 -> 2026-08-13 09:15:00+00:00
      page 2: 10,000 bars  2025-10-06 22:15:00+00:00 -> 2026-03-12 08:45:00+00:00
      page 3:  3,511 bars  2025-08-13 09:30:00+00:00 -> 2025-10-06 22:00:00+00:00
      fetched 23,510 | +138 new | store 24,118 bars  2025-08-04 -> 2026-08-13

  quarter/bid:
      page 1: 10,000 bars  2026-03-12 09:00:00+00:00 -> 2026-08-13 09:15:00+00:00
      page 2: 10,000 bars  2025-10-06 22:15:00+00:00 -> 2026-03-12 08:45:00+00:00
      page 3:  3,511 bars  2025-08-13 09:30:00+00:00 -> 2025-10-06 22:00:00+00:00
      fetched 23,510 | +138 new | store 24,118 bars  2025-08-04 -> 2026-08-13

  quarter/ask:
      page 1: 10,000 bars  2026-03-12 09:00:00+00:00 -> 2026-08-13 09:15:00+00:00
      page 2: 10,000 bars  2025-10-06 22:15:00+00:00 -> 2026-03-12 08:45:00+00:00
      page 3:  3,511 bars  2025-08-13 09:30:00+00:00 -> 2025-10-06 22:00:00+00:00
      fetched 23,510 | +138 new | store 24,118 bars  2025-08-04 -> 2026-08-13

  hour/mid:
      page 1: 10,000 bars  2024-12-02 01:00:00+00:00 -> 2026-08-13 09:00:00+00:00
      page 2:  1,796 bars  2024-08-13 10:00:00+00:00 -> 2024-12-02 00:00:00+00:00
      fetched 11,795 | +35 new | store 11,945 bars  2024-08-04 -> 2026-08-13

  hour/bid:
      page 1: 10,000 bars  2024-12-02 01:00:00+00:00 -> 2026-08-13 09:00:00+00:00
      page 2:  1,796 bars  2024-08-13 10:00:00+00:00 -> 2024-12-02 00:00:00+00:00
      fetched 11,795 | +35 new | store 11,945 bars  2024-08-04 -> 2026-08-13

  hour/ask:
      page 1: 10,000 bars  2024-12-02 01:00:00+00:00 -> 2026-08-13 09:00:00+00:00
      page 2:  1,796 bars  2024-08-13 10:00:00+00:00 -> 2024-12-02 00:00:00+00:00
      fetched 11,795 | +35 new | store 11,945 bars  2024-08-04 -> 2026-08-13

  day/mid:
      page 1:  3,838 bars  2012-03-13 00:00:00+00:00 -> 2026-08-13 00:00:00+00:00
      fetched 3,837 | +2 new | store 3,837 bars  2012-03-13 -> 2026-08-12

  day/bid:
      page 1:  3,838 bars  2012-03-13 00:00:00+00:00 -> 2026-08-13 00:00:00+00:00
      fetched 3,837 | +2 new | store 3,837 bars  2012-03-13 -> 2026-08-12

  day/ask:
      page 1:  3,838 bars  2012-03-13 00:00:00+00:00 -> 2026-08-13 00:00:00+00:00
      fetched 3,837 | +2 new | store 3,837 bars  2012-03-13 -> 2026-08-12


=== gold (id 68924) -> /Users/r.john/git/vc-tx2/data ===
  minute/mid:
      page 1: 10,000 bars  2026-08-04 03:41:00+00:00 -> 2026-08-13 09:29:00+00:00
      page 2: 10,000 bars  2026-07-23 20:49:00+00:00 -> 2026-08-04 03:40:00+00:00
      page 3: 10,000 bars  2026-07-14 14:56:00+00:00 -> 2026-07-23 20:48:00+00:00
      page 4:  1,706 bars  2026-07-13 09:29:00+00:00 -> 2026-07-14 14:55:00+00:00
      fetched 31,705 | +2,082 new | store 39,286 bars  2026-07-05 -> 2026-08-13

  minute/bid:
      page 1: 10,000 bars  2026-08-04 03:41:00+00:00 -> 2026-08-13 09:29:00+00:00
      page 2: 10,000 bars  2026-07-23 20:49:00+00:00 -> 2026-08-04 03:40:00+00:00
      page 3: 10,000 bars  2026-07-14 14:56:00+00:00 -> 2026-07-23 20:48:00+00:00
      page 4:  1,706 bars  2026-07-13 09:29:00+00:00 -> 2026-07-14 14:55:00+00:00
      fetched 31,705 | +2,082 new | store 39,286 bars  2026-07-05 -> 2026-08-13

  minute/ask:
      page 1: 10,000 bars  2026-08-04 03:41:00+00:00 -> 2026-08-13 09:29:00+00:00
      page 2: 10,000 bars  2026-07-23 20:49:00+00:00 -> 2026-08-04 03:40:00+00:00
      page 3: 10,000 bars  2026-07-14 14:56:00+00:00 -> 2026-07-23 20:48:00+00:00
      page 4:  1,706 bars  2026-07-13 09:29:00+00:00 -> 2026-07-14 14:55:00+00:00
      fetched 31,705 | +2,082 new | store 39,286 bars  2026-07-05 -> 2026-08-13

  quarter/mid:
      page 1: 10,000 bars  2026-03-12 06:00:00+00:00 -> 2026-08-13 09:15:00+00:00
      page 2: 10,000 bars  2025-10-07 23:15:00+00:00 -> 2026-03-12 05:45:00+00:00
      page 3:  3,629 bars  2025-08-13 09:30:00+00:00 -> 2025-10-07 23:00:00+00:00
      fetched 23,628 | +138 new | store 24,240 bars  2025-08-04 -> 2026-08-13

  quarter/bid:
      page 1: 10,000 bars  2026-03-12 06:00:00+00:00 -> 2026-08-13 09:15:00+00:00
      page 2: 10,000 bars  2025-10-07 23:15:00+00:00 -> 2026-03-12 05:45:00+00:00
      page 3:  3,629 bars  2025-08-13 09:30:00+00:00 -> 2025-10-07 23:00:00+00:00
      fetched 23,628 | +138 new | store 24,240 bars  2025-08-04 -> 2026-08-13

  quarter/ask:
      page 1: 10,000 bars  2026-03-12 06:00:00+00:00 -> 2026-08-13 09:15:00+00:00
      page 2: 10,000 bars  2025-10-07 23:15:00+00:00 -> 2026-03-12 05:45:00+00:00
      page 3:  3,629 bars  2025-08-13 09:30:00+00:00 -> 2025-10-07 23:00:00+00:00
      fetched 23,628 | +138 new | store 24,240 bars  2025-08-04 -> 2026-08-13

  hour/mid:
      page 1: 10,000 bars  2024-12-03 01:00:00+00:00 -> 2026-08-13 09:00:00+00:00
      page 2:  1,822 bars  2024-08-13 10:00:00+00:00 -> 2024-12-03 00:00:00+00:00
      fetched 11,821 | +35 new | store 11,971 bars  2024-08-04 -> 2026-08-13

  hour/bid:
      page 1: 10,000 bars  2024-12-03 01:00:00+00:00 -> 2026-08-13 09:00:00+00:00
      page 2:  1,822 bars  2024-08-13 10:00:00+00:00 -> 2024-12-03 00:00:00+00:00
      fetched 11,821 | +35 new | store 11,971 bars  2024-08-04 -> 2026-08-13

  hour/ask:
      page 1: 10,000 bars  2024-12-03 01:00:00+00:00 -> 2026-08-13 09:00:00+00:00
      page 2:  1,822 bars  2024-08-13 10:00:00+00:00 -> 2024-12-03 00:00:00+00:00
      fetched 11,821 | +35 new | store 11,971 bars  2024-08-04 -> 2026-08-13

  day/mid:
      page 1:  3,843 bars  2011-12-30 00:00:00+00:00 -> 2026-08-13 00:00:00+00:00
      fetched 3,842 | +2 new | store 3,842 bars  2011-12-30 -> 2026-08-12

  day/bid:
      page 1:  3,843 bars  2011-12-30 00:00:00+00:00 -> 2026-08-13 00:00:00+00:00
      fetched 3,842 | +2 new | store 3,842 bars  2011-12-30 -> 2026-08-12

  day/ask:
      page 1:  3,843 bars  2011-12-30 00:00:00+00:00 -> 2026-08-13 00:00:00+00:00
      fetched 3,842 | +2 new | store 3,842 bars  2011-12-30 -> 2026-08-12


=== goldvar (id 72302) -> /Users/r.john/git/vc-tx2/data ===
  minute/mid:
      page 1: 10,000 bars  2026-08-04 03:41:00+00:00 -> 2026-08-13 09:29:00+00:00
      page 2: 10,000 bars  2026-07-23 20:49:00+00:00 -> 2026-08-04 03:40:00+00:00
      page 3: 10,000 bars  2026-07-14 14:56:00+00:00 -> 2026-07-23 20:48:00+00:00
      page 4:  1,706 bars  2026-07-13 09:29:00+00:00 -> 2026-07-14 14:55:00+00:00
      fetched 31,705 | +2,081 new | store 39,286 bars  2026-07-05 -> 2026-08-13

  minute/bid:
      page 1: 10,000 bars  2026-08-04 03:41:00+00:00 -> 2026-08-13 09:29:00+00:00
      page 2: 10,000 bars  2026-07-23 20:49:00+00:00 -> 2026-08-04 03:40:00+00:00
      page 3: 10,000 bars  2026-07-14 14:56:00+00:00 -> 2026-07-23 20:48:00+00:00
      page 4:  1,705 bars  2026-07-13 09:30:00+00:00 -> 2026-07-14 14:55:00+00:00
      fetched 31,704 | +2,081 new | store 39,286 bars  2026-07-05 -> 2026-08-13

  minute/ask:
      page 1: 10,000 bars  2026-08-04 03:41:00+00:00 -> 2026-08-13 09:29:00+00:00
      page 2: 10,000 bars  2026-07-23 20:49:00+00:00 -> 2026-08-04 03:40:00+00:00
      page 3: 10,000 bars  2026-07-14 14:56:00+00:00 -> 2026-07-23 20:48:00+00:00
      page 4:  1,705 bars  2026-07-13 09:30:00+00:00 -> 2026-07-14 14:55:00+00:00
      fetched 31,704 | +2,081 new | store 39,286 bars  2026-07-05 -> 2026-08-13

  quarter/mid:
      page 1: 10,000 bars  2026-03-12 06:00:00+00:00 -> 2026-08-13 09:15:00+00:00
      page 2: 10,000 bars  2025-10-07 23:15:00+00:00 -> 2026-03-12 05:45:00+00:00
      page 3:  3,629 bars  2025-08-13 09:30:00+00:00 -> 2025-10-07 23:00:00+00:00
      fetched 23,628 | +138 new | store 24,240 bars  2025-08-04 -> 2026-08-13

  quarter/bid:
      page 1: 10,000 bars  2026-03-12 06:00:00+00:00 -> 2026-08-13 09:15:00+00:00
      page 2: 10,000 bars  2025-10-07 23:15:00+00:00 -> 2026-03-12 05:45:00+00:00
      page 3:  3,629 bars  2025-08-13 09:30:00+00:00 -> 2025-10-07 23:00:00+00:00
      fetched 23,628 | +138 new | store 24,240 bars  2025-08-04 -> 2026-08-13

  quarter/ask:
      page 1: 10,000 bars  2026-03-12 06:00:00+00:00 -> 2026-08-13 09:15:00+00:00
      page 2: 10,000 bars  2025-10-07 23:15:00+00:00 -> 2026-03-12 05:45:00+00:00
      page 3:  3,629 bars  2025-08-13 09:30:00+00:00 -> 2025-10-07 23:00:00+00:00
      fetched 23,628 | +138 new | store 24,240 bars  2025-08-04 -> 2026-08-13

  hour/mid:
      page 1: 10,000 bars  2024-12-03 01:00:00+00:00 -> 2026-08-13 09:00:00+00:00
      page 2:  1,822 bars  2024-08-13 10:00:00+00:00 -> 2024-12-03 00:00:00+00:00
      fetched 11,821 | +35 new | store 11,971 bars  2024-08-04 -> 2026-08-13

  hour/bid:
      page 1: 10,000 bars  2024-12-03 01:00:00+00:00 -> 2026-08-13 09:00:00+00:00
      page 2:  1,822 bars  2024-08-13 10:00:00+00:00 -> 2024-12-03 00:00:00+00:00
      fetched 11,821 | +35 new | store 11,971 bars  2024-08-04 -> 2026-08-13

  hour/ask:
      page 1: 10,000 bars  2024-12-03 01:00:00+00:00 -> 2026-08-13 09:00:00+00:00
      page 2:  1,822 bars  2024-08-13 10:00:00+00:00 -> 2024-12-03 00:00:00+00:00
      fetched 11,821 | +35 new | store 11,971 bars  2024-08-04 -> 2026-08-13

  day/mid:
      page 1:  3,843 bars  2011-12-30 00:00:00+00:00 -> 2026-08-13 00:00:00+00:00
      fetched 3,842 | +2 new | store 3,842 bars  2011-12-30 -> 2026-08-12

  day/bid:
      page 1:  3,843 bars  2011-12-30 00:00:00+00:00 -> 2026-08-13 00:00:00+00:00
      fetched 3,842 | +2 new | store 3,842 bars  2011-12-30 -> 2026-08-12

  day/ask:
      page 1:  3,843 bars  2011-12-30 00:00:00+00:00 -> 2026-08-13 00:00:00+00:00
      fetched 3,842 | +2 new | store 3,842 bars  2011-12-30 -> 2026-08-12


=== eurusd (id 16635) -> /Users/r.john/git/vc-tx2/data ===
  minute/mid:
      page 1: 10,000 bars  2026-08-04 09:21:00+00:00 -> 2026-08-13 09:30:00+00:00
      page 2: 10,000 bars  2026-07-24 09:43:00+00:00 -> 2026-08-04 09:20:00+00:00
      page 3: 10,000 bars  2026-07-15 09:33:00+00:00 -> 2026-07-24 09:42:00+00:00
      page 4:  2,861 bars  2026-07-13 09:30:00+00:00 -> 2026-07-15 09:32:00+00:00
      fetched 32,860 | +2,176 new | store 40,739 bars  2026-07-05 -> 2026-08-13

  minute/bid:
      page 1: 10,000 bars  2026-08-04 09:21:00+00:00 -> 2026-08-13 09:30:00+00:00
      page 2: 10,000 bars  2026-07-24 09:43:00+00:00 -> 2026-08-04 09:20:00+00:00
      page 3: 10,000 bars  2026-07-15 09:33:00+00:00 -> 2026-07-24 09:42:00+00:00
      page 4:  2,861 bars  2026-07-13 09:30:00+00:00 -> 2026-07-15 09:32:00+00:00
      fetched 32,860 | +2,176 new | store 40,739 bars  2026-07-05 -> 2026-08-13

  minute/ask:
      page 1: 10,000 bars  2026-08-04 09:21:00+00:00 -> 2026-08-13 09:30:00+00:00
      page 2: 10,000 bars  2026-07-24 09:43:00+00:00 -> 2026-08-04 09:20:00+00:00
      page 3: 10,000 bars  2026-07-15 09:33:00+00:00 -> 2026-07-24 09:42:00+00:00
      page 4:  2,861 bars  2026-07-13 09:30:00+00:00 -> 2026-07-15 09:32:00+00:00
      fetched 32,860 | +2,176 new | store 40,739 bars  2026-07-05 -> 2026-08-13

  quarter/mid:
      page 1: 10,000 bars  2026-03-19 21:00:00+00:00 -> 2026-08-13 09:30:00+00:00
      page 2: 10,000 bars  2025-10-22 13:45:00+00:00 -> 2026-03-19 20:45:00+00:00
      page 3:  4,817 bars  2025-08-13 09:30:00+00:00 -> 2025-10-22 13:30:00+00:00
      fetched 24,816 | +147 new | store 25,456 bars  2025-08-04 -> 2026-08-13

  quarter/bid:
      page 1: 10,000 bars  2026-03-19 21:00:00+00:00 -> 2026-08-13 09:30:00+00:00
      page 2: 10,000 bars  2025-10-22 13:45:00+00:00 -> 2026-03-19 20:45:00+00:00
      page 3:  4,817 bars  2025-08-13 09:30:00+00:00 -> 2025-10-22 13:30:00+00:00
      fetched 24,816 | +147 new | store 25,456 bars  2025-08-04 -> 2026-08-13

  quarter/ask:
      page 1: 10,000 bars  2026-03-19 21:00:00+00:00 -> 2026-08-13 09:30:00+00:00
      page 2: 10,000 bars  2025-10-22 13:45:00+00:00 -> 2026-03-19 20:45:00+00:00
      page 3:  4,817 bars  2025-08-13 09:30:00+00:00 -> 2025-10-22 13:30:00+00:00
      fetched 24,816 | +147 new | store 25,456 bars  2025-08-04 -> 2026-08-13

  hour/mid:
      page 1: 10,000 bars  2025-01-02 08:00:00+00:00 -> 2026-08-13 09:00:00+00:00
      page 2:  2,394 bars  2024-08-13 10:00:00+00:00 -> 2025-01-02 07:00:00+00:00
      fetched 12,393 | +37 new | store 12,550 bars  2024-08-04 -> 2026-08-13

  hour/bid:
      page 1: 10,000 bars  2025-01-02 08:00:00+00:00 -> 2026-08-13 09:00:00+00:00
      page 2:  2,394 bars  2024-08-13 10:00:00+00:00 -> 2025-01-02 07:00:00+00:00
      fetched 12,393 | +37 new | store 12,550 bars  2024-08-04 -> 2026-08-13

  hour/ask:
      page 1: 10,000 bars  2025-01-02 08:00:00+00:00 -> 2026-08-13 09:00:00+00:00
      page 2:  2,394 bars  2024-08-13 10:00:00+00:00 -> 2025-01-02 07:00:00+00:00
      fetched 12,393 | +37 new | store 12,550 bars  2024-08-04 -> 2026-08-13

  day/mid:
      page 1:  7,446 bars  1999-01-04 00:00:00+00:00 -> 2026-08-13 00:00:00+00:00
      fetched 7,445 | +2 new | store 7,445 bars  1999-01-04 -> 2026-08-12

  day/bid:
      page 1:  7,446 bars  1999-01-04 00:00:00+00:00 -> 2026-08-13 00:00:00+00:00
      fetched 7,445 | +2 new | store 7,445 bars  1999-01-04 -> 2026-08-12

  day/ask:
      page 1:  7,446 bars  1999-01-04 00:00:00+00:00 -> 2026-08-13 00:00:00+00:00
      fetched 7,445 | +2 new | store 7,445 bars  1999-01-04 -> 2026-08-12


=== uk100fut (id 70152) -> /Users/r.john/git/vc-tx2/data ===
  minute/mid:
      page 1: 10,000 bars  2026-08-04 00:20:00+00:00 -> 2026-08-13 09:30:00+00:00
      page 2: 10,000 bars  2026-07-23 13:27:00+00:00 -> 2026-08-04 00:19:00+00:00
      page 3: 10,000 bars  2026-07-14 04:02:00+00:00 -> 2026-07-23 13:26:00+00:00
      page 4:  1,032 bars  2026-07-13 09:30:00+00:00 -> 2026-07-14 04:01:00+00:00
      fetched 31,031 | +2,047 new | store 31,716 bars  2026-07-12 -> 2026-08-13

  minute/bid:
      page 1: 10,000 bars  2026-08-04 00:20:00+00:00 -> 2026-08-13 09:30:00+00:00
      page 2: 10,000 bars  2026-07-23 13:27:00+00:00 -> 2026-08-04 00:19:00+00:00
      page 3: 10,000 bars  2026-07-14 04:02:00+00:00 -> 2026-07-23 13:26:00+00:00
      page 4:  1,031 bars  2026-07-13 09:31:00+00:00 -> 2026-07-14 04:01:00+00:00
      fetched 31,030 | +2,047 new | store 31,716 bars  2026-07-12 -> 2026-08-13

  minute/ask:
      page 1: 10,000 bars  2026-08-04 00:20:00+00:00 -> 2026-08-13 09:30:00+00:00
      page 2: 10,000 bars  2026-07-23 13:27:00+00:00 -> 2026-08-04 00:19:00+00:00
      page 3: 10,000 bars  2026-07-14 04:02:00+00:00 -> 2026-07-23 13:26:00+00:00
      page 4:  1,031 bars  2026-07-13 09:31:00+00:00 -> 2026-07-14 04:01:00+00:00
      fetched 31,030 | +2,047 new | store 31,716 bars  2026-07-12 -> 2026-08-13

  quarter/mid:
      page 1: 10,000 bars  2026-03-05 17:45:00+00:00 -> 2026-08-13 09:30:00+00:00
      page 2: 10,000 bars  2025-09-26 04:30:00+00:00 -> 2026-03-05 17:30:00+00:00
      page 3:  2,771 bars  2025-08-13 09:45:00+00:00 -> 2025-09-26 04:15:00+00:00
      fetched 22,770 | +138 new | store 22,999 bars  2025-08-10 -> 2026-08-13

  quarter/bid:
      page 1: 10,000 bars  2026-03-05 17:45:00+00:00 -> 2026-08-13 09:30:00+00:00
      page 2: 10,000 bars  2025-09-26 04:30:00+00:00 -> 2026-03-05 17:30:00+00:00
      page 3:  2,771 bars  2025-08-13 09:45:00+00:00 -> 2025-09-26 04:15:00+00:00
      fetched 22,770 | +138 new | store 22,999 bars  2025-08-10 -> 2026-08-13

  quarter/ask:
      page 1: 10,000 bars  2026-03-05 17:45:00+00:00 -> 2026-08-13 09:30:00+00:00
      page 2: 10,000 bars  2025-09-26 04:30:00+00:00 -> 2026-03-05 17:30:00+00:00
      page 3:  2,771 bars  2025-08-13 09:45:00+00:00 -> 2025-09-26 04:15:00+00:00
      fetched 22,770 | +138 new | store 22,999 bars  2025-08-10 -> 2026-08-13

  hour/mid:
      page 1: 10,000 bars  2024-11-12 20:00:00+00:00 -> 2026-08-13 09:00:00+00:00
      page 2:  1,466 bars  2024-08-13 10:00:00+00:00 -> 2024-11-12 19:00:00+00:00
      fetched 11,465 | +35 new | store 11,500 bars  2024-08-11 -> 2026-08-13

  hour/bid:
      page 1: 10,000 bars  2024-11-12 20:00:00+00:00 -> 2026-08-13 09:00:00+00:00
      page 2:  1,466 bars  2024-08-13 10:00:00+00:00 -> 2024-11-12 19:00:00+00:00
      fetched 11,465 | +35 new | store 11,500 bars  2024-08-11 -> 2026-08-13

  hour/ask:
      page 1: 10,000 bars  2024-11-12 20:00:00+00:00 -> 2026-08-13 09:00:00+00:00
      page 2:  1,466 bars  2024-08-13 10:00:00+00:00 -> 2024-11-12 19:00:00+00:00
      fetched 11,465 | +35 new | store 11,500 bars  2024-08-11 -> 2026-08-13

  day/mid:
      page 1:  1,290 bars  2021-07-05 00:00:00+00:00 -> 2026-08-13 00:00:00+00:00
      fetched 1,289 | +2 new | store 1,289 bars  2021-07-05 -> 2026-08-12

  day/bid:
      page 1:  1,290 bars  2021-07-05 00:00:00+00:00 -> 2026-08-13 00:00:00+00:00
      fetched 1,289 | +2 new | store 1,289 bars  2021-07-05 -> 2026-08-12  !! {'open_outside_hl': 1}

  day/ask:
      page 1:  1,290 bars  2021-07-05 00:00:00+00:00 -> 2026-08-13 00:00:00+00:00
      fetched 1,289 | +2 new | store 1,289 bars  2021-07-05 -> 2026-08-12  !! {'close_outside_hl': 1}


=== uk100sep26 (id 72516) -> /Users/r.john/git/vc-tx2/data ===
  minute/mid:
      page 1: 10,000 bars  2026-08-04 00:21:00+00:00 -> 2026-08-13 09:31:00+00:00
      page 2: 10,000 bars  2026-07-23 13:28:00+00:00 -> 2026-08-04 00:20:00+00:00
      page 3: 10,000 bars  2026-07-14 04:03:00+00:00 -> 2026-07-23 13:27:00+00:00
      page 4:  1,032 bars  2026-07-13 09:31:00+00:00 -> 2026-07-14 04:02:00+00:00
      fetched 31,031 | +2,048 new | store 31,717 bars  2026-07-12 -> 2026-08-13

  minute/bid:
      page 1: 10,000 bars  2026-08-04 00:21:00+00:00 -> 2026-08-13 09:31:00+00:00
      page 2: 10,000 bars  2026-07-23 13:28:00+00:00 -> 2026-08-04 00:20:00+00:00
      page 3: 10,000 bars  2026-07-14 04:03:00+00:00 -> 2026-07-23 13:27:00+00:00
      page 4:  1,032 bars  2026-07-13 09:31:00+00:00 -> 2026-07-14 04:02:00+00:00
      fetched 31,031 | +2,048 new | store 31,717 bars  2026-07-12 -> 2026-08-13

  minute/ask:
      page 1: 10,000 bars  2026-08-04 00:21:00+00:00 -> 2026-08-13 09:31:00+00:00
      page 2: 10,000 bars  2026-07-23 13:28:00+00:00 -> 2026-08-04 00:20:00+00:00
      page 3: 10,000 bars  2026-07-14 04:03:00+00:00 -> 2026-07-23 13:27:00+00:00
      page 4:  1,032 bars  2026-07-13 09:31:00+00:00 -> 2026-07-14 04:02:00+00:00
      fetched 31,031 | +2,048 new | store 31,717 bars  2026-07-12 -> 2026-08-13

  quarter/mid:
      page 1:  4,035 bars  2026-06-11 17:30:00+00:00 -> 2026-08-13 09:30:00+00:00
      fetched 4,034 | +138 new | store 4,034 bars  2026-06-11 -> 2026-08-13

  quarter/bid:
      page 1:  4,035 bars  2026-06-11 17:30:00+00:00 -> 2026-08-13 09:30:00+00:00
      fetched 4,034 | +138 new | store 4,034 bars  2026-06-11 -> 2026-08-13

  quarter/ask:
      page 1:  4,035 bars  2026-06-11 17:30:00+00:00 -> 2026-08-13 09:30:00+00:00
      fetched 4,034 | +138 new | store 4,034 bars  2026-06-11 -> 2026-08-13

  hour/mid:
      page 1:  1,019 bars  2026-06-11 17:00:00+00:00 -> 2026-08-13 09:00:00+00:00
      fetched 1,018 | +35 new | store 1,018 bars  2026-06-11 -> 2026-08-13

  hour/bid:
      page 1:  1,019 bars  2026-06-11 17:00:00+00:00 -> 2026-08-13 09:00:00+00:00
      fetched 1,018 | +35 new | store 1,018 bars  2026-06-11 -> 2026-08-13

  hour/ask:
      page 1:  1,019 bars  2026-06-11 17:00:00+00:00 -> 2026-08-13 09:00:00+00:00
      fetched 1,018 | +35 new | store 1,018 bars  2026-06-11 -> 2026-08-13

  day/mid:
      page 1:     46 bars  2026-06-11 00:00:00+00:00 -> 2026-08-13 00:00:00+00:00
      fetched 45 | +2 new | store 45 bars  2026-06-11 -> 2026-08-12

  day/bid:
      page 1:     46 bars  2026-06-11 00:00:00+00:00 -> 2026-08-13 00:00:00+00:00
      fetched 45 | +2 new | store 45 bars  2026-06-11 -> 2026-08-12

  day/ask:
      page 1:     46 bars  2026-06-11 00:00:00+00:00 -> 2026-08-13 00:00:00+00:00
      fetched 45 | +2 new | store 45 bars  2026-06-11 -> 2026-08-12


Done. `python3 collect.py status` for a summary.
     instr    feed side  bars       from         to  sessions  vol=0 %        last sync
     uk100  minute  mid 38697 2026-07-03 2026-08-13        36      0.0 2026-08-13T09:26
     uk100  minute  bid 38697 2026-07-03 2026-08-13        36      0.0 2026-08-13T09:27
     uk100  minute  ask 38697 2026-07-03 2026-08-13        36      0.0 2026-08-13T09:27
     uk100 quarter  mid 23451 2025-08-03 2026-08-13       311      0.0 2026-08-13T09:27
     uk100 quarter  bid 23451 2025-08-03 2026-08-13       311      0.0 2026-08-13T09:27
     uk100 quarter  ask 23451 2025-08-03 2026-08-13       311      0.0 2026-08-13T09:27
     uk100    hour  mid 11625 2024-08-04 2026-08-13       613      0.0 2026-08-13T09:27
     uk100    hour  bid 11625 2024-08-04 2026-08-13       613      0.0 2026-08-13T09:27
     uk100    hour  ask 11625 2024-08-04 2026-08-13       613      0.0 2026-08-13T09:27
     uk100     day  mid  3752 2012-03-26 2026-08-12      3752     59.9 2026-08-13T09:27
     uk100     day  bid  3752 2012-03-26 2026-08-12      3752     59.9 2026-08-13T09:27
     uk100     day  ask  3752 2012-03-26 2026-08-12      3752     59.9 2026-08-13T09:27
     ger40  minute  mid 38515 2026-07-05 2026-08-13        35      0.0 2026-08-13T09:27
     ger40  minute  bid 38515 2026-07-05 2026-08-13        35      0.0 2026-08-13T09:27
     ger40  minute  ask 38515 2026-07-05 2026-08-13        35      0.0 2026-08-13T09:27
     ger40 quarter  mid 23484 2025-08-04 2026-08-13       314      0.0 2026-08-13T09:27
     ger40 quarter  bid 23484 2025-08-04 2026-08-13       314      0.0 2026-08-13T09:27
     ger40 quarter  ask 23484 2025-08-04 2026-08-13       314      0.0 2026-08-13T09:27
     ger40    hour  mid 11676 2024-08-04 2026-08-13       621      0.0 2026-08-13T09:27
     ger40    hour  bid 11676 2024-08-04 2026-08-13       621      0.0 2026-08-13T09:27
     ger40    hour  ask 11676 2024-08-04 2026-08-13       621      0.0 2026-08-13T09:27
     ger40     day  mid  3771 2012-01-30 2026-08-12      3771     60.2 2026-08-13T09:27
     ger40     day  bid  3771 2012-01-30 2026-08-12      3771     60.2 2026-08-13T09:27
     ger40     day  ask  3771 2012-01-30 2026-08-12      3771     60.2 2026-08-13T09:27
      us30  minute  mid 39171 2026-07-05 2026-08-13        35      0.0 2026-08-13T09:27
      us30  minute  bid 39171 2026-07-05 2026-08-13        35      0.0 2026-08-13T09:27
      us30  minute  ask 39171 2026-07-05 2026-08-13        35      0.0 2026-08-13T09:27
      us30 quarter  mid 24125 2025-08-04 2026-08-13       322      0.0 2026-08-13T09:27
      us30 quarter  bid 24125 2025-08-04 2026-08-13       322      0.0 2026-08-13T09:28
      us30 quarter  ask 24125 2025-08-04 2026-08-13       322      0.0 2026-08-13T09:28
      us30    hour  mid 11945 2024-08-04 2026-08-13       634      0.0 2026-08-13T09:28
      us30    hour  bid 11945 2024-08-04 2026-08-13       634      0.0 2026-08-13T09:28
      us30    hour  ask 11945 2024-08-04 2026-08-13       634      0.0 2026-08-13T09:28
      us30     day  mid  3844 2012-03-05 2026-08-12      3844     60.9 2026-08-13T09:28
      us30     day  bid  3844 2012-03-05 2026-08-12      3844     60.9 2026-08-13T09:28
      us30     day  ask  3844 2012-03-05 2026-08-12      3844     60.9 2026-08-13T09:28
 ustech100  minute  mid 39172 2026-07-05 2026-08-13        35      0.0 2026-08-13T09:28
 ustech100  minute  bid 39172 2026-07-05 2026-08-13        35      0.0 2026-08-13T09:28
 ustech100  minute  ask 39172 2026-07-05 2026-08-13        35      0.0 2026-08-13T09:28
 ustech100 quarter  mid 24125 2025-08-04 2026-08-13       322      0.0 2026-08-13T09:28
 ustech100 quarter  bid 24125 2025-08-04 2026-08-13       322      0.0 2026-08-13T09:28
 ustech100 quarter  ask 24125 2025-08-04 2026-08-13       322      0.0 2026-08-13T09:28
 ustech100    hour  mid 11946 2024-08-04 2026-08-13       634      0.0 2026-08-13T09:28
 ustech100    hour  bid 11946 2024-08-04 2026-08-13       634      0.0 2026-08-13T09:28
 ustech100    hour  ask 11946 2024-08-04 2026-08-13       634      0.0 2026-08-13T09:28
 ustech100     day  mid  3844 2012-03-05 2026-08-12      3844     60.9 2026-08-13T09:28
 ustech100     day  bid  3844 2012-03-05 2026-08-12      3844     60.9 2026-08-13T09:28
 ustech100     day  ask  3844 2012-03-05 2026-08-12      3844     60.9 2026-08-13T09:28
     us500  minute  mid 39156 2026-07-05 2026-08-13        35      0.0 2026-08-13T09:28
     us500  minute  bid 39156 2026-07-05 2026-08-13        35      0.0 2026-08-13T09:28
     us500  minute  ask 39156 2026-07-05 2026-08-13        35      0.0 2026-08-13T09:28
     us500 quarter  mid 24118 2025-08-04 2026-08-13       322      0.0 2026-08-13T09:28
     us500 quarter  bid 24118 2025-08-04 2026-08-13       322      0.0 2026-08-13T09:28
     us500 quarter  ask 24118 2025-08-04 2026-08-13       322      0.0 2026-08-13T09:29
     us500    hour  mid 11945 2024-08-04 2026-08-13       634      0.0 2026-08-13T09:29
     us500    hour  bid 11945 2024-08-04 2026-08-13       634      0.0 2026-08-13T09:29
     us500    hour  ask 11945 2024-08-04 2026-08-13       634      0.0 2026-08-13T09:29
     us500     day  mid  3837 2012-03-13 2026-08-12      3837     60.8 2026-08-13T09:29
     us500     day  bid  3837 2012-03-13 2026-08-12      3837     60.8 2026-08-13T09:29
     us500     day  ask  3837 2012-03-13 2026-08-12      3837     60.8 2026-08-13T09:29
      gold  minute  mid 39286 2026-07-05 2026-08-13        35      0.0 2026-08-13T09:29
      gold  minute  bid 39286 2026-07-05 2026-08-13        35      0.0 2026-08-13T09:29
      gold  minute  ask 39286 2026-07-05 2026-08-13        35      0.0 2026-08-13T09:29
      gold quarter  mid 24240 2025-08-04 2026-08-13       321      0.0 2026-08-13T09:29
      gold quarter  bid 24240 2025-08-04 2026-08-13       321      0.0 2026-08-13T09:29
      gold quarter  ask 24240 2025-08-04 2026-08-13       321      0.0 2026-08-13T09:29
      gold    hour  mid 11971 2024-08-04 2026-08-13       633      0.0 2026-08-13T09:29
      gold    hour  bid 11971 2024-08-04 2026-08-13       633      0.0 2026-08-13T09:29
      gold    hour  ask 11971 2024-08-04 2026-08-13       633      0.0 2026-08-13T09:29
      gold     day  mid  3842 2011-12-30 2026-08-12      3842     60.9 2026-08-13T09:29
      gold     day  bid  3842 2011-12-30 2026-08-12      3842     60.9 2026-08-13T09:29
      gold     day  ask  3842 2011-12-30 2026-08-12      3842     60.9 2026-08-13T09:29
   goldvar  minute  mid 39286 2026-07-05 2026-08-13        35      0.0 2026-08-13T09:29
   goldvar  minute  bid 39286 2026-07-05 2026-08-13        35      0.0 2026-08-13T09:29
   goldvar  minute  ask 39286 2026-07-05 2026-08-13        35      0.0 2026-08-13T09:29
   goldvar quarter  mid 24240 2025-08-04 2026-08-13       321      0.0 2026-08-13T09:29
   goldvar quarter  bid 24240 2025-08-04 2026-08-13       321      0.0 2026-08-13T09:29
   goldvar quarter  ask 24240 2025-08-04 2026-08-13       321      0.0 2026-08-13T09:30
   goldvar    hour  mid 11971 2024-08-04 2026-08-13       633      0.0 2026-08-13T09:30
   goldvar    hour  bid 11971 2024-08-04 2026-08-13       633      0.0 2026-08-13T09:30
   goldvar    hour  ask 11971 2024-08-04 2026-08-13       633      0.0 2026-08-13T09:30
   goldvar     day  mid  3842 2011-12-30 2026-08-12      3842     60.9 2026-08-13T09:30
   goldvar     day  bid  3842 2011-12-30 2026-08-12      3842     60.9 2026-08-13T09:30
   goldvar     day  ask  3842 2011-12-30 2026-08-12      3842     60.9 2026-08-13T09:30
    eurusd  minute  mid 40739 2026-07-05 2026-08-13        35      0.0 2026-08-13T09:30
    eurusd  minute  bid 40739 2026-07-05 2026-08-13        35      0.0 2026-08-13T09:30
    eurusd  minute  ask 40739 2026-07-05 2026-08-13        35      0.0 2026-08-13T09:30
    eurusd quarter  mid 25456 2025-08-04 2026-08-13       322      0.0 2026-08-13T09:30
    eurusd quarter  bid 25456 2025-08-04 2026-08-13       322      0.0 2026-08-13T09:30
    eurusd quarter  ask 25456 2025-08-04 2026-08-13       322      0.0 2026-08-13T09:30
    eurusd    hour  mid 12550 2024-08-04 2026-08-13       634      0.0 2026-08-13T09:30
    eurusd    hour  bid 12550 2024-08-04 2026-08-13       634      0.0 2026-08-13T09:30
    eurusd    hour  ask 12550 2024-08-04 2026-08-13       634      0.0 2026-08-13T09:30
    eurusd     day  mid  7445 1999-01-04 2026-08-12      7445     79.4 2026-08-13T09:30
    eurusd     day  bid  7445 1999-01-04 2026-08-12      7445     79.4 2026-08-13T09:30
    eurusd     day  ask  7445 1999-01-04 2026-08-12      7445     79.4 2026-08-13T09:30
  uk100fut  minute  mid 31716 2026-07-12 2026-08-13        29      0.0 2026-08-13T09:30
  uk100fut  minute  bid 31716 2026-07-12 2026-08-13        29      0.0 2026-08-13T09:30
  uk100fut  minute  ask 31716 2026-07-12 2026-08-13        29      0.0 2026-08-13T09:30
  uk100fut quarter  mid 22999 2025-08-10 2026-08-13       306      0.0 2026-08-13T09:30
  uk100fut quarter  bid 22999 2025-08-10 2026-08-13       306      0.0 2026-08-13T09:30
  uk100fut quarter  ask 22999 2025-08-10 2026-08-13       306      0.0 2026-08-13T09:31
  uk100fut    hour  mid 11500 2024-08-11 2026-08-13       605      0.0 2026-08-13T09:31
  uk100fut    hour  bid 11500 2024-08-11 2026-08-13       605      0.0 2026-08-13T09:31
  uk100fut    hour  ask 11500 2024-08-11 2026-08-13       605      0.0 2026-08-13T09:31
  uk100fut     day  mid  1289 2021-07-05 2026-08-12      1289     49.5 2026-08-13T09:31
  uk100fut     day  bid  1289 2021-07-05 2026-08-12      1289     49.5 2026-08-13T09:31
  uk100fut     day  ask  1289 2021-07-05 2026-08-12      1289     49.5 2026-08-13T09:31
uk100sep26  minute  mid 31717 2026-07-12 2026-08-13        29      0.0 2026-08-13T09:31
uk100sep26  minute  bid 31717 2026-07-12 2026-08-13        29      0.0 2026-08-13T09:31
uk100sep26  minute  ask 31717 2026-07-12 2026-08-13        29      0.0 2026-08-13T09:31
uk100sep26 quarter  mid  4034 2026-06-11 2026-08-13        55      0.0 2026-08-13T09:31
uk100sep26 quarter  bid  4034 2026-06-11 2026-08-13        55      0.0 2026-08-13T09:31
uk100sep26 quarter  ask  4034 2026-06-11 2026-08-13        55      0.0 2026-08-13T09:31
uk100sep26    hour  mid  1018 2026-06-11 2026-08-13        55      0.0 2026-08-13T09:31
uk100sep26    hour  bid  1018 2026-06-11 2026-08-13        55      0.0 2026-08-13T09:31
uk100sep26    hour  ask  1018 2026-06-11 2026-08-13        55      0.0 2026-08-13T09:31
uk100sep26     day  mid    45 2026-06-11 2026-08-12        45      0.0 2026-08-13T09:31
uk100sep26     day  bid    45 2026-06-11 2026-08-12        45      0.0 2026-08-13T09:31
uk100sep26     day  ask    45 2026-06-11 2026-08-12        45      0.0 2026-08-13T09:31

spread (minute, n=38,697): median 1.00 pts | p90 5.00 | core 07:00-15:59 UTC median 0.80 pts (n=15,266)

spread (quarter, n=23,451): median 1.00 pts | p90 5.00 | core 07:00-15:59 UTC median 0.80 pts (n=9,344)

spread (hour, n=11,625): median 1.00 pts | p90 5.00 | core 07:00-15:59 UTC median 0.80 pts (n=4,598)

spread (day, n=3,752): median 0.00 pts | p90 5.00 | core 07:00-15:59 UTC median nan pts (n=0)
uk100/minute/mid: 38,697 bars | OK | zero-volume 0.0% | 104 gaps > one bar (weekends/closures expected)
uk100/minute/bid: 38,697 bars | OK | zero-volume 0.0% | 104 gaps > one bar (weekends/closures expected)
uk100/minute/ask: 38,697 bars | OK | zero-volume 0.0% | 104 gaps > one bar (weekends/closures expected)
uk100/quarter/mid: 23,451 bars | OK | zero-volume 0.0% | 448 gaps > one bar (weekends/closures expected)
uk100/quarter/bid: 23,451 bars | OK | zero-volume 0.0% | 448 gaps > one bar (weekends/closures expected)
uk100/quarter/ask: 23,451 bars | OK | zero-volume 0.0% | 448 gaps > one bar (weekends/closures expected)
uk100/hour/mid: 11,625 bars | OK | zero-volume 0.0% | 512 gaps > one bar (weekends/closures expected)
uk100/hour/bid: 11,625 bars | OK | zero-volume 0.0% | 512 gaps > one bar (weekends/closures expected)
uk100/hour/ask: 11,625 bars | OK | zero-volume 0.0% | 512 gaps > one bar (weekends/closures expected)
uk100/day/mid: 3,752 bars | OK | zero-volume 59.86% | 747 gaps > one bar (weekends/closures expected)
uk100/day/bid: 3,752 bars | known {'open_outside_hl': 2} | zero-volume 59.86% | 747 gaps > one bar (weekends/closures expected)
uk100/day/ask: 3,752 bars | known {'close_outside_hl': 2} | zero-volume 59.86% | 747 gaps > one bar (weekends/closures expected)
ger40/minute/mid: 38,515 bars | OK | zero-volume 0.0% | 149 gaps > one bar (weekends/closures expected)
ger40/minute/bid: 38,515 bars | OK | zero-volume 0.0% | 149 gaps > one bar (weekends/closures expected)
ger40/minute/ask: 38,515 bars | OK | zero-volume 0.0% | 149 gaps > one bar (weekends/closures expected)
ger40/quarter/mid: 23,484 bars | OK | zero-volume 0.0% | 451 gaps > one bar (weekends/closures expected)
ger40/quarter/bid: 23,484 bars | OK | zero-volume 0.0% | 451 gaps > one bar (weekends/closures expected)
ger40/quarter/ask: 23,484 bars | OK | zero-volume 0.0% | 451 gaps > one bar (weekends/closures expected)
ger40/hour/mid: 11,676 bars | OK | zero-volume 0.0% | 513 gaps > one bar (weekends/closures expected)
ger40/hour/bid: 11,676 bars | OK | zero-volume 0.0% | 513 gaps > one bar (weekends/closures expected)
ger40/hour/ask: 11,676 bars | OK | zero-volume 0.0% | 513 gaps > one bar (weekends/closures expected)
ger40/day/mid: 3,771 bars | OK | zero-volume 60.17% | 766 gaps > one bar (weekends/closures expected)
ger40/day/bid: 3,771 bars | OK | zero-volume 60.17% | 766 gaps > one bar (weekends/closures expected)
ger40/day/ask: 3,771 bars | OK | zero-volume 60.17% | 766 gaps > one bar (weekends/closures expected)
us30/minute/mid: 39,171 bars | OK | zero-volume 0.0% | 28 gaps > one bar (weekends/closures expected)
us30/minute/bid: 39,171 bars | OK | zero-volume 0.0% | 28 gaps > one bar (weekends/closures expected)
us30/minute/ask: 39,171 bars | OK | zero-volume 0.0% | 28 gaps > one bar (weekends/closures expected)
us30/quarter/mid: 24,125 bars | OK | zero-volume 0.0% | 268 gaps > one bar (weekends/closures expected)
us30/quarter/bid: 24,125 bars | OK | zero-volume 0.0% | 268 gaps > one bar (weekends/closures expected)
us30/quarter/ask: 24,125 bars | OK | zero-volume 0.0% | 268 gaps > one bar (weekends/closures expected)
us30/hour/mid: 11,945 bars | OK | zero-volume 0.0% | 524 gaps > one bar (weekends/closures expected)
us30/hour/bid: 11,945 bars | OK | zero-volume 0.0% | 524 gaps > one bar (weekends/closures expected)
us30/hour/ask: 11,945 bars | OK | zero-volume 0.0% | 524 gaps > one bar (weekends/closures expected)
us30/day/mid: 3,844 bars | OK | zero-volume 60.87% | 759 gaps > one bar (weekends/closures expected)
us30/day/bid: 3,844 bars | OK | zero-volume 60.87% | 759 gaps > one bar (weekends/closures expected)
us30/day/ask: 3,844 bars | OK | zero-volume 60.87% | 759 gaps > one bar (weekends/closures expected)
ustech100/minute/mid: 39,172 bars | OK | zero-volume 0.0% | 28 gaps > one bar (weekends/closures expected)
ustech100/minute/bid: 39,172 bars | OK | zero-volume 0.0% | 28 gaps > one bar (weekends/closures expected)
ustech100/minute/ask: 39,172 bars | OK | zero-volume 0.0% | 28 gaps > one bar (weekends/closures expected)
ustech100/quarter/mid: 24,125 bars | OK | zero-volume 0.0% | 269 gaps > one bar (weekends/closures expected)
ustech100/quarter/bid: 24,125 bars | OK | zero-volume 0.0% | 269 gaps > one bar (weekends/closures expected)
ustech100/quarter/ask: 24,125 bars | OK | zero-volume 0.0% | 269 gaps > one bar (weekends/closures expected)
ustech100/hour/mid: 11,946 bars | OK | zero-volume 0.0% | 524 gaps > one bar (weekends/closures expected)
ustech100/hour/bid: 11,946 bars | OK | zero-volume 0.0% | 524 gaps > one bar (weekends/closures expected)
ustech100/hour/ask: 11,946 bars | OK | zero-volume 0.0% | 524 gaps > one bar (weekends/closures expected)
ustech100/day/mid: 3,844 bars | OK | zero-volume 60.9% | 759 gaps > one bar (weekends/closures expected)
ustech100/day/bid: 3,844 bars | OK | zero-volume 60.9% | 759 gaps > one bar (weekends/closures expected)
ustech100/day/ask: 3,844 bars | OK | zero-volume 60.9% | 759 gaps > one bar (weekends/closures expected)
us500/minute/mid: 39,156 bars | OK | zero-volume 0.0% | 41 gaps > one bar (weekends/closures expected)
us500/minute/bid: 39,156 bars | OK | zero-volume 0.0% | 41 gaps > one bar (weekends/closures expected)
us500/minute/ask: 39,156 bars | OK | zero-volume 0.0% | 41 gaps > one bar (weekends/closures expected)
us500/quarter/mid: 24,118 bars | OK | zero-volume 0.0% | 268 gaps > one bar (weekends/closures expected)
us500/quarter/bid: 24,118 bars | OK | zero-volume 0.0% | 268 gaps > one bar (weekends/closures expected)
us500/quarter/ask: 24,118 bars | OK | zero-volume 0.0% | 268 gaps > one bar (weekends/closures expected)
us500/hour/mid: 11,945 bars | OK | zero-volume 0.0% | 524 gaps > one bar (weekends/closures expected)
us500/hour/bid: 11,945 bars | OK | zero-volume 0.0% | 524 gaps > one bar (weekends/closures expected)
us500/hour/ask: 11,945 bars | OK | zero-volume 0.0% | 524 gaps > one bar (weekends/closures expected)
us500/day/mid: 3,837 bars | OK | zero-volume 60.83% | 759 gaps > one bar (weekends/closures expected)
us500/day/bid: 3,837 bars | OK | zero-volume 60.83% | 759 gaps > one bar (weekends/closures expected)
us500/day/ask: 3,837 bars | OK | zero-volume 60.83% | 759 gaps > one bar (weekends/closures expected)
gold/minute/mid: 39,286 bars | OK | zero-volume 0.0% | 28 gaps > one bar (weekends/closures expected)
gold/minute/bid: 39,286 bars | OK | zero-volume 0.0% | 28 gaps > one bar (weekends/closures expected)
gold/minute/ask: 39,286 bars | OK | zero-volume 0.0% | 28 gaps > one bar (weekends/closures expected)
gold/quarter/mid: 24,240 bars | OK | zero-volume 0.0% | 267 gaps > one bar (weekends/closures expected)
gold/quarter/bid: 24,240 bars | OK | zero-volume 0.0% | 267 gaps > one bar (weekends/closures expected)
gold/quarter/ask: 24,240 bars | OK | zero-volume 0.0% | 267 gaps > one bar (weekends/closures expected)
gold/hour/mid: 11,971 bars | OK | zero-volume 0.0% | 522 gaps > one bar (weekends/closures expected)
gold/hour/bid: 11,971 bars | OK | zero-volume 0.0% | 522 gaps > one bar (weekends/closures expected)
gold/hour/ask: 11,971 bars | OK | zero-volume 0.0% | 522 gaps > one bar (weekends/closures expected)
gold/day/mid: 3,842 bars | OK | zero-volume 60.91% | 766 gaps > one bar (weekends/closures expected)
gold/day/bid: 3,842 bars | OK | zero-volume 60.91% | 766 gaps > one bar (weekends/closures expected)
gold/day/ask: 3,842 bars | OK | zero-volume 60.91% | 766 gaps > one bar (weekends/closures expected)
goldvar/minute/mid: 39,286 bars | OK | zero-volume 0.0% | 28 gaps > one bar (weekends/closures expected)
goldvar/minute/bid: 39,286 bars | OK | zero-volume 0.0% | 28 gaps > one bar (weekends/closures expected)
goldvar/minute/ask: 39,286 bars | OK | zero-volume 0.0% | 28 gaps > one bar (weekends/closures expected)
goldvar/quarter/mid: 24,240 bars | OK | zero-volume 0.0% | 267 gaps > one bar (weekends/closures expected)
goldvar/quarter/bid: 24,240 bars | OK | zero-volume 0.0% | 267 gaps > one bar (weekends/closures expected)
goldvar/quarter/ask: 24,240 bars | OK | zero-volume 0.0% | 267 gaps > one bar (weekends/closures expected)
goldvar/hour/mid: 11,971 bars | OK | zero-volume 0.0% | 522 gaps > one bar (weekends/closures expected)
goldvar/hour/bid: 11,971 bars | OK | zero-volume 0.0% | 522 gaps > one bar (weekends/closures expected)
goldvar/hour/ask: 11,971 bars | OK | zero-volume 0.0% | 522 gaps > one bar (weekends/closures expected)
goldvar/day/mid: 3,842 bars | OK | zero-volume 60.91% | 766 gaps > one bar (weekends/closures expected)
goldvar/day/bid: 3,842 bars | OK | zero-volume 60.91% | 766 gaps > one bar (weekends/closures expected)
goldvar/day/ask: 3,842 bars | OK | zero-volume 60.91% | 766 gaps > one bar (weekends/closures expected)
eurusd/minute/mid: 40,739 bars | OK | zero-volume 0.0% | 182 gaps > one bar (weekends/closures expected)
eurusd/minute/bid: 40,739 bars | OK | zero-volume 0.0% | 182 gaps > one bar (weekends/closures expected)
eurusd/minute/ask: 40,739 bars | OK | zero-volume 0.0% | 182 gaps > one bar (weekends/closures expected)
eurusd/quarter/mid: 25,456 bars | OK | zero-volume 0.0% | 57 gaps > one bar (weekends/closures expected)
eurusd/quarter/bid: 25,456 bars | OK | zero-volume 0.0% | 57 gaps > one bar (weekends/closures expected)
eurusd/quarter/ask: 25,456 bars | OK | zero-volume 0.0% | 57 gaps > one bar (weekends/closures expected)
eurusd/hour/mid: 12,550 bars | OK | zero-volume 0.0% | 110 gaps > one bar (weekends/closures expected)
eurusd/hour/bid: 12,550 bars | OK | zero-volume 0.0% | 110 gaps > one bar (weekends/closures expected)
eurusd/hour/ask: 12,550 bars | OK | zero-volume 0.0% | 110 gaps > one bar (weekends/closures expected)
eurusd/day/mid: 7,445 bars | OK | zero-volume 79.36% | 1,441 gaps > one bar (weekends/closures expected)
eurusd/day/bid: 7,445 bars | OK | zero-volume 79.36% | 1,441 gaps > one bar (weekends/closures expected)
eurusd/day/ask: 7,445 bars | OK | zero-volume 79.36% | 1,441 gaps > one bar (weekends/closures expected)
uk100fut/minute/mid: 31,716 bars | OK | zero-volume 0.0% | 73 gaps > one bar (weekends/closures expected)
uk100fut/minute/bid: 31,716 bars | OK | zero-volume 0.0% | 73 gaps > one bar (weekends/closures expected)
uk100fut/minute/ask: 31,716 bars | OK | zero-volume 0.0% | 73 gaps > one bar (weekends/closures expected)
uk100fut/quarter/mid: 22,999 bars | OK | zero-volume 0.0% | 440 gaps > one bar (weekends/closures expected)
uk100fut/quarter/bid: 22,999 bars | OK | zero-volume 0.0% | 440 gaps > one bar (weekends/closures expected)
uk100fut/quarter/ask: 22,999 bars | OK | zero-volume 0.0% | 440 gaps > one bar (weekends/closures expected)
uk100fut/hour/mid: 11,500 bars | OK | zero-volume 0.0% | 508 gaps > one bar (weekends/closures expected)
uk100fut/hour/bid: 11,500 bars | OK | zero-volume 0.0% | 508 gaps > one bar (weekends/closures expected)
uk100fut/hour/ask: 11,500 bars | OK | zero-volume 0.0% | 508 gaps > one bar (weekends/closures expected)
uk100fut/day/mid: 1,289 bars | OK | zero-volume 49.5% | 270 gaps > one bar (weekends/closures expected)
uk100fut/day/bid: 1,289 bars | known {'open_outside_hl': 1} | zero-volume 49.5% | 270 gaps > one bar (weekends/closures expected)
uk100fut/day/ask: 1,289 bars | known {'close_outside_hl': 1} | zero-volume 49.5% | 270 gaps > one bar (weekends/closures expected)
uk100sep26/minute/mid: 31,717 bars | OK | zero-volume 0.0% | 73 gaps > one bar (weekends/closures expected)
uk100sep26/minute/bid: 31,717 bars | OK | zero-volume 0.0% | 73 gaps > one bar (weekends/closures expected)
uk100sep26/minute/ask: 31,717 bars | OK | zero-volume 0.0% | 73 gaps > one bar (weekends/closures expected)
uk100sep26/quarter/mid: 4,034 bars | OK | zero-volume 0.0% | 81 gaps > one bar (weekends/closures expected)
uk100sep26/quarter/bid: 4,034 bars | OK | zero-volume 0.0% | 81 gaps > one bar (weekends/closures expected)
uk100sep26/quarter/ask: 4,034 bars | OK | zero-volume 0.0% | 81 gaps > one bar (weekends/closures expected)
uk100sep26/hour/mid: 1,018 bars | OK | zero-volume 0.0% | 45 gaps > one bar (weekends/closures expected)
uk100sep26/hour/bid: 1,018 bars | OK | zero-volume 0.0% | 45 gaps > one bar (weekends/closures expected)
uk100sep26/hour/ask: 1,018 bars | OK | zero-volume 0.0% | 45 gaps > one bar (weekends/closures expected)
uk100sep26/day/mid: 45 bars | OK | zero-volume 0.0% | 9 gaps > one bar (weekends/closures expected)
uk100sep26/day/bid: 45 bars | OK | zero-volume 0.0% | 9 gaps > one bar (weekends/closures expected)
uk100sep26/day/ask: 45 bars | OK | zero-volume 0.0% | 9 gaps > one bar (weekends/closures expected)

All structural checks passed (known baseline accepted).

=== uk100  (cash 8.0-16.5 London) ===
    1min:  38,697 bars (14,426 cash) 2026-07-03 -> 2026-08-13   spread 0.8
   15min:  23,451 bars ( 8,820 cash) 2025-08-03 -> 2026-08-13   spread 0.8
      1h:  11,625 bars ( 4,594 cash) 2024-08-04 -> 2026-08-13   spread 0.8
      4h:   3,167 bars ( 1,533 cash) 2024-08-04 -> 2026-08-13   spread 0.8
      1d:   3,752 bars ( 3,752 cash) 2012-03-26 -> 2026-08-12   spread 0.0

=== ger40  (cash 8.0-16.5 London) ===
    1min:  38,515 bars (14,427 cash) 2026-07-05 -> 2026-08-13   spread 1.0
   15min:  23,484 bars ( 8,814 cash) 2025-08-04 -> 2026-08-13   spread 1.0
      1h:  11,676 bars ( 4,610 cash) 2024-08-04 -> 2026-08-13   spread 1.0
      4h:   3,182 bars ( 1,537 cash) 2024-08-04 -> 2026-08-13   spread 1.0
      1d:   3,771 bars ( 3,771 cash) 2012-01-30 -> 2026-08-12   spread 0.0

=== us500  (cash 9.5-16.0 London) ===
    1min:  39,156 bars (10,920 cash) 2026-07-05 -> 2026-08-13   spread 0.4
   15min:  24,118 bars ( 6,761 cash) 2025-08-04 -> 2026-08-13   spread 0.4
      1h:  11,945 bars ( 3,074 cash) 2024-08-04 -> 2026-08-13   spread 0.4
      4h:   3,124 bars (   547 cash) 2024-08-04 -> 2026-08-13   spread 0.425
      1d:   3,837 bars ( 3,837 cash) 2012-03-13 -> 2026-08-12   spread 0.0

=== us30  (cash 9.5-16.0 London) ===
    1min:  39,171 bars (10,920 cash) 2026-07-05 -> 2026-08-13   spread 1.9
   15min:  24,125 bars ( 6,767 cash) 2025-08-04 -> 2026-08-13   spread 1.9
      1h:  11,945 bars ( 3,074 cash) 2024-08-04 -> 2026-08-13   spread 1.9
      4h:   3,124 bars (   547 cash) 2024-08-04 -> 2026-08-13   spread 2.2667
      1d:   3,844 bars ( 3,844 cash) 2012-03-05 -> 2026-08-12   spread 0.0

=== ustech100  (cash 9.5-16.0 London) ===
    1min:  39,172 bars (10,920 cash) 2026-07-05 -> 2026-08-13   spread 0.9
   15min:  24,125 bars ( 6,767 cash) 2025-08-04 -> 2026-08-13   spread 0.9
      1h:  11,946 bars ( 3,074 cash) 2024-08-04 -> 2026-08-13   spread 0.9
      4h:   3,124 bars (   547 cash) 2024-08-04 -> 2026-08-13   spread 1.125
      1d:   3,844 bars ( 3,844 cash) 2012-03-05 -> 2026-08-12   spread 0.0

=== gold  (cash 8.0-16.0 London) ===
    1min:  39,286 bars (13,440 cash) 2026-07-05 -> 2026-08-13   spread 0.4
   15min:  24,240 bars ( 8,389 cash) 2025-08-04 -> 2026-08-13   spread 0.4
      1h:  11,971 bars ( 4,148 cash) 2024-08-04 -> 2026-08-13   spread 0.3
      4h:   3,238 bars ( 1,026 cash) 2024-08-04 -> 2026-08-13   spread 0.45
      1d:   3,842 bars ( 3,842 cash) 2011-12-30 -> 2026-08-12   spread 0.0

=== goldvar  (cash 8.0-16.0 London) ===
    1min:  39,286 bars (13,440 cash) 2026-07-05 -> 2026-08-13   spread 0.4
   15min:  24,240 bars ( 8,389 cash) 2025-08-04 -> 2026-08-13   spread 0.4
      1h:  11,971 bars ( 4,148 cash) 2024-08-04 -> 2026-08-13   spread 0.3
      4h:   3,238 bars ( 1,026 cash) 2024-08-04 -> 2026-08-13   spread 0.4
      1d:   3,842 bars ( 3,842 cash) 2011-12-30 -> 2026-08-12   spread 0.0

=== eurusd  (cash 8.0-21.0 London) ===
    1min:  40,739 bars (21,990 cash) 2026-07-05 -> 2026-08-13   spread 0.0001
   15min:  25,456 bars (13,764 cash) 2025-08-04 -> 2026-08-13   spread 0.0001
      1h:  12,550 bars ( 6,791 cash) 2024-08-04 -> 2026-08-13   spread 0.0
      4h:   3,247 bars ( 2,089 cash) 2024-08-04 -> 2026-08-13   spread 0.0
      1d:   7,445 bars ( 7,445 cash) 1999-01-04 -> 2026-08-12   spread 0.0

=== uk100fut  (cash 8.0-16.5 London) ===
    1min:  31,716 bars (11,880 cash) 2026-07-12 -> 2026-08-13   spread 1.3
   15min:  22,999 bars ( 8,651 cash) 2025-08-10 -> 2026-08-13   spread 1.3
      1h:  11,500 bars ( 4,549 cash) 2024-08-11 -> 2026-08-13   spread 1.3
      4h:   3,133 bars ( 1,518 cash) 2024-08-11 -> 2026-08-13   spread 1.3
      1d:   1,289 bars ( 1,289 cash) 2021-07-05 -> 2026-08-12   spread 5.0

=== uk100sep26  (cash 8.0-16.5 London) ===
    1min:  31,717 bars (11,881 cash) 2026-07-12 -> 2026-08-13   spread 4.0
   15min:   4,034 bars ( 1,506 cash) 2026-06-11 -> 2026-08-13   spread 4.0
      1h:   1,018 bars (   398 cash) 2026-06-11 -> 2026-08-13   spread 4.0
      4h:     278 bars (   133 cash) 2026-06-11 -> 2026-08-13   spread 4.0
      1d:      45 bars (    45 cash) 2026-06-11 -> 2026-08-12   spread 6.0

Wrote /Users/r.john/git/vc-tx2/clean_finsa/
uk100      14/14 passed
ger40      14/14 passed
us500      14/14 passed
us30       14/14 passed
ustech100  14/14 passed
gold       14/14 passed
goldvar    14/14 passed
eurusd     14/14 passed
uk100fut   14/14 passed
uk100sep26 14/14 passed

140/140 checks passed overall.
=== done 2026-08-13T09:31:33Z sync=0 validate=0 build=0 verify=0 ===
=== sync start 2026-08-13T09:38:21Z ===

=== uk100 (id 16645) -> /Users/r.john/git/vc-tx2/data ===
  minute/mid:
      page 1: 10,000 bars  2026-08-04 00:35:00+00:00 -> 2026-08-13 09:38:00+00:00
      page 2: 10,000 bars  2026-07-23 13:43:00+00:00 -> 2026-08-04 00:34:00+00:00
      page 3: 10,000 bars  2026-07-14 04:52:00+00:00 -> 2026-07-23 13:42:00+00:00
      page 4:  1,074 bars  2026-07-13 09:38:00+00:00 -> 2026-07-14 04:51:00+00:00
      fetched 31,073 | +12 new | store 38,709 bars  2026-07-03 -> 2026-08-13

  minute/bid:
      page 1: 10,000 bars  2026-08-04 00:35:00+00:00 -> 2026-08-13 09:38:00+00:00
      page 2: 10,000 bars  2026-07-23 13:43:00+00:00 -> 2026-08-04 00:34:00+00:00
      page 3: 10,000 bars  2026-07-14 04:52:00+00:00 -> 2026-07-23 13:42:00+00:00
      page 4:  1,074 bars  2026-07-13 09:38:00+00:00 -> 2026-07-14 04:51:00+00:00
      fetched 31,073 | +12 new | store 38,709 bars  2026-07-03 -> 2026-08-13

  minute/ask:
      page 1: 10,000 bars  2026-08-04 00:35:00+00:00 -> 2026-08-13 09:38:00+00:00
      page 2: 10,000 bars  2026-07-23 13:43:00+00:00 -> 2026-08-04 00:34:00+00:00
      page 3: 10,000 bars  2026-07-14 04:52:00+00:00 -> 2026-07-23 13:42:00+00:00
      page 4:  1,074 bars  2026-07-13 09:38:00+00:00 -> 2026-07-14 04:51:00+00:00
      fetched 31,073 | +12 new | store 38,709 bars  2026-07-03 -> 2026-08-13

  quarter/mid:
      page 1: 10,000 bars  2026-03-05 19:00:00+00:00 -> 2026-08-13 09:30:00+00:00
      page 2: 10,000 bars  2025-09-26 04:45:00+00:00 -> 2026-03-05 18:45:00+00:00
      page 3:  2,772 bars  2025-08-13 09:45:00+00:00 -> 2025-09-26 04:30:00+00:00
      fetched 22,771 | +1 new | store 23,452 bars  2025-08-03 -> 2026-08-13

  quarter/bid:
      page 1: 10,000 bars  2026-03-05 19:00:00+00:00 -> 2026-08-13 09:30:00+00:00
      page 2: 10,000 bars  2025-09-26 04:45:00+00:00 -> 2026-03-05 18:45:00+00:00
      page 3:  2,772 bars  2025-08-13 09:45:00+00:00 -> 2025-09-26 04:30:00+00:00
      fetched 22,771 | +1 new | store 23,452 bars  2025-08-03 -> 2026-08-13

  quarter/ask:
      page 1: 10,000 bars  2026-03-05 19:00:00+00:00 -> 2026-08-13 09:30:00+00:00
      page 2: 10,000 bars  2025-09-26 04:45:00+00:00 -> 2026-03-05 18:45:00+00:00
      page 3:  2,772 bars  2025-08-13 09:45:00+00:00 -> 2025-09-26 04:30:00+00:00
      fetched 22,771 | +1 new | store 23,452 bars  2025-08-03 -> 2026-08-13

  hour/mid:
      page 1: 10,000 bars  2024-11-13 08:00:00+00:00 -> 2026-08-13 09:00:00+00:00
      page 2:  1,477 bars  2024-08-13 10:00:00+00:00 -> 2024-11-13 07:00:00+00:00
      fetched 11,476 | +0 new | store 11,625 bars  2024-08-04 -> 2026-08-13

  hour/bid:
      page 1: 10,000 bars  2024-11-13 08:00:00+00:00 -> 2026-08-13 09:00:00+00:00
      page 2:  1,477 bars  2024-08-13 10:00:00+00:00 -> 2024-11-13 07:00:00+00:00
      fetched 11,476 | +0 new | store 11,625 bars  2024-08-04 -> 2026-08-13

  hour/ask:
      page 1: 10,000 bars  2024-11-13 08:00:00+00:00 -> 2026-08-13 09:00:00+00:00
      page 2:  1,477 bars  2024-08-13 10:00:00+00:00 -> 2024-11-13 07:00:00+00:00
      fetched 11,476 | +0 new | store 11,625 bars  2024-08-04 -> 2026-08-13

  day/mid:
      page 1:  3,753 bars  2012-03-26 00:00:00+00:00 -> 2026-08-13 00:00:00+00:00
      fetched 3,752 | +0 new | store 3,752 bars  2012-03-26 -> 2026-08-12

  day/bid:
      page 1:  3,753 bars  2012-03-26 00:00:00+00:00 -> 2026-08-13 00:00:00+00:00
      fetched 3,752 | +0 new | store 3,752 bars  2012-03-26 -> 2026-08-12  !! {'open_outside_hl': 2}

  day/ask:
      page 1:  3,753 bars  2012-03-26 00:00:00+00:00 -> 2026-08-13 00:00:00+00:00
      fetched 3,752 | +0 new | store 3,752 bars  2012-03-26 -> 2026-08-12  !! {'close_outside_hl': 2}


=== ger40 (id 17068) -> /Users/r.john/git/vc-tx2/data ===
  minute/mid:
      page 1: 10,000 bars  2026-08-04 00:27:00+00:00 -> 2026-08-13 09:38:00+00:00
      page 2: 10,000 bars  2026-07-23 13:46:00+00:00 -> 2026-08-04 00:26:00+00:00
      page 3: 10,000 bars  2026-07-14 04:51:00+00:00 -> 2026-07-23 13:45:00+00:00
      page 4:  1,074 bars  2026-07-13 09:39:00+00:00 -> 2026-07-14 04:50:00+00:00
      fetched 31,073 | +11 new | store 38,526 bars  2026-07-05 -> 2026-08-13

  minute/bid:
      page 1: 10,000 bars  2026-08-04 00:27:00+00:00 -> 2026-08-13 09:38:00+00:00
      page 2: 10,000 bars  2026-07-23 13:46:00+00:00 -> 2026-08-04 00:26:00+00:00
      page 3: 10,000 bars  2026-07-14 04:51:00+00:00 -> 2026-07-23 13:45:00+00:00
      page 4:  1,074 bars  2026-07-13 09:39:00+00:00 -> 2026-07-14 04:50:00+00:00
      fetched 31,073 | +11 new | store 38,526 bars  2026-07-05 -> 2026-08-13

  minute/ask:
      page 1: 10,000 bars  2026-08-04 00:27:00+00:00 -> 2026-08-13 09:38:00+00:00
      page 2: 10,000 bars  2026-07-23 13:46:00+00:00 -> 2026-08-04 00:26:00+00:00
      page 3: 10,000 bars  2026-07-14 04:51:00+00:00 -> 2026-07-23 13:45:00+00:00
      page 4:  1,074 bars  2026-07-13 09:39:00+00:00 -> 2026-07-14 04:50:00+00:00
      fetched 31,073 | +11 new | store 38,526 bars  2026-07-05 -> 2026-08-13

  quarter/mid:
      page 1: 10,000 bars  2026-03-09 01:30:00+00:00 -> 2026-08-13 09:30:00+00:00
      page 2: 10,000 bars  2025-09-26 07:45:00+00:00 -> 2026-03-09 01:15:00+00:00
      page 3:  2,883 bars  2025-08-13 09:45:00+00:00 -> 2025-09-26 07:30:00+00:00
      fetched 22,882 | +1 new | store 23,485 bars  2025-08-04 -> 2026-08-13

  quarter/bid:
      page 1: 10,000 bars  2026-03-09 01:30:00+00:00 -> 2026-08-13 09:30:00+00:00
      page 2: 10,000 bars  2025-09-26 07:45:00+00:00 -> 2026-03-09 01:15:00+00:00
      page 3:  2,883 bars  2025-08-13 09:45:00+00:00 -> 2025-09-26 07:30:00+00:00
      fetched 22,882 | +1 new | store 23,485 bars  2025-08-04 -> 2026-08-13

  quarter/ask:
      page 1: 10,000 bars  2026-03-09 01:30:00+00:00 -> 2026-08-13 09:30:00+00:00
      page 2: 10,000 bars  2025-09-26 07:45:00+00:00 -> 2026-03-09 01:15:00+00:00
      page 3:  2,883 bars  2025-08-13 09:45:00+00:00 -> 2025-09-26 07:30:00+00:00
      fetched 22,882 | +1 new | store 23,485 bars  2025-08-04 -> 2026-08-13

  hour/mid:
      page 1: 10,000 bars  2024-11-14 11:00:00+00:00 -> 2026-08-13 09:00:00+00:00
      page 2:  1,528 bars  2024-08-13 10:00:00+00:00 -> 2024-11-14 10:00:00+00:00
      fetched 11,527 | +0 new | store 11,676 bars  2024-08-04 -> 2026-08-13

  hour/bid:
      page 1: 10,000 bars  2024-11-14 11:00:00+00:00 -> 2026-08-13 09:00:00+00:00
      page 2:  1,528 bars  2024-08-13 10:00:00+00:00 -> 2024-11-14 10:00:00+00:00
      fetched 11,527 | +0 new | store 11,676 bars  2024-08-04 -> 2026-08-13

  hour/ask:
      page 1: 10,000 bars  2024-11-14 11:00:00+00:00 -> 2026-08-13 09:00:00+00:00
      page 2:  1,528 bars  2024-08-13 10:00:00+00:00 -> 2024-11-14 10:00:00+00:00
      fetched 11,527 | +0 new | store 11,676 bars  2024-08-04 -> 2026-08-13

  day/mid:
      page 1:  3,772 bars  2012-01-30 00:00:00+00:00 -> 2026-08-13 00:00:00+00:00
      fetched 3,771 | +0 new | store 3,771 bars  2012-01-30 -> 2026-08-12

  day/bid:
      page 1:  3,772 bars  2012-01-30 00:00:00+00:00 -> 2026-08-13 00:00:00+00:00
      fetched 3,771 | +0 new | store 3,771 bars  2012-01-30 -> 2026-08-12

  day/ask:
      page 1:  3,772 bars  2012-01-30 00:00:00+00:00 -> 2026-08-13 00:00:00+00:00
      fetched 3,771 | +0 new | store 3,771 bars  2012-01-30 -> 2026-08-12


=== us30 (id 17322) -> /Users/r.john/git/vc-tx2/data ===
  minute/mid:
      page 1: 10,000 bars  2026-08-04 03:29:00+00:00 -> 2026-08-13 09:39:00+00:00
      page 2: 10,000 bars  2026-07-23 19:47:00+00:00 -> 2026-08-04 03:28:00+00:00
      page 3: 10,000 bars  2026-07-14 13:36:00+00:00 -> 2026-07-23 19:46:00+00:00
      page 4:  1,617 bars  2026-07-13 09:39:00+00:00 -> 2026-07-14 13:35:00+00:00
      fetched 31,616 | +12 new | store 39,183 bars  2026-07-05 -> 2026-08-13

  minute/bid:
      page 1: 10,000 bars  2026-08-04 03:29:00+00:00 -> 2026-08-13 09:39:00+00:00
      page 2: 10,000 bars  2026-07-23 19:47:00+00:00 -> 2026-08-04 03:28:00+00:00
      page 3: 10,000 bars  2026-07-14 13:36:00+00:00 -> 2026-07-23 19:46:00+00:00
      page 4:  1,617 bars  2026-07-13 09:39:00+00:00 -> 2026-07-14 13:35:00+00:00
      fetched 31,616 | +12 new | store 39,183 bars  2026-07-05 -> 2026-08-13

  minute/ask:
      page 1: 10,000 bars  2026-08-04 03:29:00+00:00 -> 2026-08-13 09:39:00+00:00
      page 2: 10,000 bars  2026-07-23 19:47:00+00:00 -> 2026-08-04 03:28:00+00:00
      page 3: 10,000 bars  2026-07-14 13:36:00+00:00 -> 2026-07-23 19:46:00+00:00
      page 4:  1,617 bars  2026-07-13 09:39:00+00:00 -> 2026-07-14 13:35:00+00:00
      fetched 31,616 | +12 new | store 39,183 bars  2026-07-05 -> 2026-08-13

  quarter/mid:
      page 1: 10,000 bars  2026-03-12 10:15:00+00:00 -> 2026-08-13 09:30:00+00:00
      page 2: 10,000 bars  2025-10-06 23:45:00+00:00 -> 2026-03-12 10:00:00+00:00
      page 3:  3,516 bars  2025-08-13 09:45:00+00:00 -> 2025-10-06 23:30:00+00:00
      fetched 23,515 | +1 new | store 24,126 bars  2025-08-04 -> 2026-08-13

  quarter/bid:
      page 1: 10,000 bars  2026-03-12 10:15:00+00:00 -> 2026-08-13 09:30:00+00:00
      page 2: 10,000 bars  2025-10-06 23:45:00+00:00 -> 2026-03-12 10:00:00+00:00
      page 3:  3,516 bars  2025-08-13 09:45:00+00:00 -> 2025-10-06 23:30:00+00:00
      fetched 23,515 | +1 new | store 24,126 bars  2025-08-04 -> 2026-08-13

  quarter/ask:
      page 1: 10,000 bars  2026-03-12 10:15:00+00:00 -> 2026-08-13 09:30:00+00:00
      page 2: 10,000 bars  2025-10-06 23:45:00+00:00 -> 2026-03-12 10:00:00+00:00
      page 3:  3,516 bars  2025-08-13 09:45:00+00:00 -> 2025-10-06 23:30:00+00:00
      fetched 23,515 | +1 new | store 24,126 bars  2025-08-04 -> 2026-08-13

  hour/mid:
      page 1: 10,000 bars  2024-12-02 01:00:00+00:00 -> 2026-08-13 09:00:00+00:00
      page 2:  1,796 bars  2024-08-13 10:00:00+00:00 -> 2024-12-02 00:00:00+00:00
      fetched 11,795 | +0 new | store 11,945 bars  2024-08-04 -> 2026-08-13

  hour/bid:
      page 1: 10,000 bars  2024-12-02 01:00:00+00:00 -> 2026-08-13 09:00:00+00:00
      page 2:  1,796 bars  2024-08-13 10:00:00+00:00 -> 2024-12-02 00:00:00+00:00
      fetched 11,795 | +0 new | store 11,945 bars  2024-08-04 -> 2026-08-13

  hour/ask:
      page 1: 10,000 bars  2024-12-02 01:00:00+00:00 -> 2026-08-13 09:00:00+00:00
      page 2:  1,796 bars  2024-08-13 10:00:00+00:00 -> 2024-12-02 00:00:00+00:00
      fetched 11,795 | +0 new | store 11,945 bars  2024-08-04 -> 2026-08-13

  day/mid:
      page 1:  3,845 bars  2012-03-05 00:00:00+00:00 -> 2026-08-13 00:00:00+00:00
      fetched 3,844 | +0 new | store 3,844 bars  2012-03-05 -> 2026-08-12

  day/bid:
      page 1:  3,845 bars  2012-03-05 00:00:00+00:00 -> 2026-08-13 00:00:00+00:00
      fetched 3,844 | +0 new | store 3,844 bars  2012-03-05 -> 2026-08-12

  day/ask:
      page 1:  3,845 bars  2012-03-05 00:00:00+00:00 -> 2026-08-13 00:00:00+00:00
      fetched 3,844 | +0 new | store 3,844 bars  2012-03-05 -> 2026-08-12


=== ustech100 (id 20190) -> /Users/r.john/git/vc-tx2/data ===
  minute/mid:
      page 1: 10,000 bars  2026-08-04 03:29:00+00:00 -> 2026-08-13 09:39:00+00:00
      page 2: 10,000 bars  2026-07-23 19:47:00+00:00 -> 2026-08-04 03:28:00+00:00
      page 3: 10,000 bars  2026-07-14 13:36:00+00:00 -> 2026-07-23 19:46:00+00:00
      page 4:  1,617 bars  2026-07-13 09:39:00+00:00 -> 2026-07-14 13:35:00+00:00
      fetched 31,616 | +11 new | store 39,183 bars  2026-07-05 -> 2026-08-13

  minute/bid:
      page 1: 10,000 bars  2026-08-04 03:29:00+00:00 -> 2026-08-13 09:39:00+00:00
      page 2: 10,000 bars  2026-07-23 19:47:00+00:00 -> 2026-08-04 03:28:00+00:00
      page 3: 10,000 bars  2026-07-14 13:36:00+00:00 -> 2026-07-23 19:46:00+00:00
      page 4:  1,617 bars  2026-07-13 09:39:00+00:00 -> 2026-07-14 13:35:00+00:00
      fetched 31,616 | +11 new | store 39,183 bars  2026-07-05 -> 2026-08-13

  minute/ask:
      page 1: 10,000 bars  2026-08-04 03:29:00+00:00 -> 2026-08-13 09:39:00+00:00
      page 2: 10,000 bars  2026-07-23 19:47:00+00:00 -> 2026-08-04 03:28:00+00:00
      page 3: 10,000 bars  2026-07-14 13:36:00+00:00 -> 2026-07-23 19:46:00+00:00
      page 4:  1,616 bars  2026-07-13 09:40:00+00:00 -> 2026-07-14 13:35:00+00:00
      fetched 31,615 | +11 new | store 39,183 bars  2026-07-05 -> 2026-08-13

  quarter/mid:
      page 1: 10,000 bars  2026-03-12 10:30:00+00:00 -> 2026-08-13 09:30:00+00:00
      page 2: 10,000 bars  2025-10-06 23:45:00+00:00 -> 2026-03-12 10:15:00+00:00
      page 3:  3,516 bars  2025-08-13 09:45:00+00:00 -> 2025-10-06 23:30:00+00:00
      fetched 23,515 | +1 new | store 24,126 bars  2025-08-04 -> 2026-08-13

  quarter/bid:
      page 1: 10,000 bars  2026-03-12 10:30:00+00:00 -> 2026-08-13 09:30:00+00:00
      page 2: 10,000 bars  2025-10-06 23:45:00+00:00 -> 2026-03-12 10:15:00+00:00
      page 3:  3,516 bars  2025-08-13 09:45:00+00:00 -> 2025-10-06 23:30:00+00:00
      fetched 23,515 | +1 new | store 24,126 bars  2025-08-04 -> 2026-08-13

  quarter/ask:
      page 1: 10,000 bars  2026-03-12 10:30:00+00:00 -> 2026-08-13 09:30:00+00:00
      page 2: 10,000 bars  2025-10-06 23:45:00+00:00 -> 2026-03-12 10:15:00+00:00
      page 3:  3,516 bars  2025-08-13 09:45:00+00:00 -> 2025-10-06 23:30:00+00:00
      fetched 23,515 | +1 new | store 24,126 bars  2025-08-04 -> 2026-08-13

  hour/mid:
      page 1: 10,000 bars  2024-12-02 02:00:00+00:00 -> 2026-08-13 09:00:00+00:00
      page 2:  1,797 bars  2024-08-13 10:00:00+00:00 -> 2024-12-02 01:00:00+00:00
      fetched 11,796 | +0 new | store 11,946 bars  2024-08-04 -> 2026-08-13

  hour/bid:
      page 1: 10,000 bars  2024-12-02 02:00:00+00:00 -> 2026-08-13 09:00:00+00:00
      page 2:  1,797 bars  2024-08-13 10:00:00+00:00 -> 2024-12-02 01:00:00+00:00
      fetched 11,796 | +0 new | store 11,946 bars  2024-08-04 -> 2026-08-13

  hour/ask:
      page 1: 10,000 bars  2024-12-02 02:00:00+00:00 -> 2026-08-13 09:00:00+00:00
      page 2:  1,797 bars  2024-08-13 10:00:00+00:00 -> 2024-12-02 01:00:00+00:00
      fetched 11,796 | +0 new | store 11,946 bars  2024-08-04 -> 2026-08-13

  day/mid:
      page 1:  3,845 bars  2012-03-05 00:00:00+00:00 -> 2026-08-13 00:00:00+00:00
      fetched 3,844 | +0 new | store 3,844 bars  2012-03-05 -> 2026-08-12

  day/bid:
      page 1:  3,845 bars  2012-03-05 00:00:00+00:00 -> 2026-08-13 00:00:00+00:00
      fetched 3,844 | +0 new | store 3,844 bars  2012-03-05 -> 2026-08-12

  day/ask:
      page 1:  3,845 bars  2012-03-05 00:00:00+00:00 -> 2026-08-13 00:00:00+00:00
      fetched 3,844 | +0 new | store 3,844 bars  2012-03-05 -> 2026-08-12


=== us500 (id 67995) -> /Users/r.john/git/vc-tx2/data ===
  minute/mid:
      page 1: 10,000 bars  2026-08-04 03:18:00+00:00 -> 2026-08-13 09:39:00+00:00
      page 2: 10,000 bars  2026-07-23 19:35:00+00:00 -> 2026-08-04 03:17:00+00:00
      page 3: 10,000 bars  2026-07-14 13:20:00+00:00 -> 2026-07-23 19:34:00+00:00
      page 4:  1,600 bars  2026-07-13 09:40:00+00:00 -> 2026-07-14 13:19:00+00:00
      fetched 31,599 | +11 new | store 39,167 bars  2026-07-05 -> 2026-08-13

  minute/bid:
      page 1: 10,000 bars  2026-08-04 03:18:00+00:00 -> 2026-08-13 09:39:00+00:00
      page 2: 10,000 bars  2026-07-23 19:35:00+00:00 -> 2026-08-04 03:17:00+00:00
      page 3: 10,000 bars  2026-07-14 13:20:00+00:00 -> 2026-07-23 19:34:00+00:00
      page 4:  1,600 bars  2026-07-13 09:40:00+00:00 -> 2026-07-14 13:19:00+00:00
      fetched 31,599 | +11 new | store 39,167 bars  2026-07-05 -> 2026-08-13

  minute/ask:
      page 1: 10,000 bars  2026-08-04 03:18:00+00:00 -> 2026-08-13 09:39:00+00:00
      page 2: 10,000 bars  2026-07-23 19:35:00+00:00 -> 2026-08-04 03:17:00+00:00
      page 3: 10,000 bars  2026-07-14 13:20:00+00:00 -> 2026-07-23 19:34:00+00:00
      page 4:  1,600 bars  2026-07-13 09:40:00+00:00 -> 2026-07-14 13:19:00+00:00
      fetched 31,599 | +11 new | store 39,167 bars  2026-07-05 -> 2026-08-13

  quarter/mid:
      page 1: 10,000 bars  2026-03-12 09:15:00+00:00 -> 2026-08-13 09:30:00+00:00
      page 2: 10,000 bars  2025-10-06 22:30:00+00:00 -> 2026-03-12 09:00:00+00:00
      page 3:  3,511 bars  2025-08-13 09:45:00+00:00 -> 2025-10-06 22:15:00+00:00
      fetched 23,510 | +1 new | store 24,119 bars  2025-08-04 -> 2026-08-13

  quarter/bid:
      page 1: 10,000 bars  2026-03-12 09:15:00+00:00 -> 2026-08-13 09:30:00+00:00
      page 2: 10,000 bars  2025-10-06 22:30:00+00:00 -> 2026-03-12 09:00:00+00:00
      page 3:  3,511 bars  2025-08-13 09:45:00+00:00 -> 2025-10-06 22:15:00+00:00
      fetched 23,510 | +1 new | store 24,119 bars  2025-08-04 -> 2026-08-13

  quarter/ask:
      page 1: 10,000 bars  2026-03-12 09:15:00+00:00 -> 2026-08-13 09:30:00+00:00
      page 2: 10,000 bars  2025-10-06 22:30:00+00:00 -> 2026-03-12 09:00:00+00:00
      page 3:  3,511 bars  2025-08-13 09:45:00+00:00 -> 2025-10-06 22:15:00+00:00
      fetched 23,510 | +1 new | store 24,119 bars  2025-08-04 -> 2026-08-13

  hour/mid:
      page 1: 10,000 bars  2024-12-02 01:00:00+00:00 -> 2026-08-13 09:00:00+00:00
      page 2:  1,796 bars  2024-08-13 10:00:00+00:00 -> 2024-12-02 00:00:00+00:00
      fetched 11,795 | +0 new | store 11,945 bars  2024-08-04 -> 2026-08-13

  hour/bid:
      page 1: 10,000 bars  2024-12-02 01:00:00+00:00 -> 2026-08-13 09:00:00+00:00
      page 2:  1,796 bars  2024-08-13 10:00:00+00:00 -> 2024-12-02 00:00:00+00:00
      fetched 11,795 | +0 new | store 11,945 bars  2024-08-04 -> 2026-08-13

  hour/ask:
      page 1: 10,000 bars  2024-12-02 01:00:00+00:00 -> 2026-08-13 09:00:00+00:00
      page 2:  1,796 bars  2024-08-13 10:00:00+00:00 -> 2024-12-02 00:00:00+00:00
      fetched 11,795 | +0 new | store 11,945 bars  2024-08-04 -> 2026-08-13

  day/mid:
      page 1:  3,838 bars  2012-03-13 00:00:00+00:00 -> 2026-08-13 00:00:00+00:00
      fetched 3,837 | +0 new | store 3,837 bars  2012-03-13 -> 2026-08-12

  day/bid:
      page 1:  3,838 bars  2012-03-13 00:00:00+00:00 -> 2026-08-13 00:00:00+00:00
      fetched 3,837 | +0 new | store 3,837 bars  2012-03-13 -> 2026-08-12

  day/ask:
      page 1:  3,838 bars  2012-03-13 00:00:00+00:00 -> 2026-08-13 00:00:00+00:00
      fetched 3,837 | +0 new | store 3,837 bars  2012-03-13 -> 2026-08-12


=== gold (id 68924) -> /Users/r.john/git/vc-tx2/data ===
  minute/mid:
      page 1: 10,000 bars  2026-08-04 03:52:00+00:00 -> 2026-08-13 09:40:00+00:00
      page 2: 10,000 bars  2026-07-23 22:01:00+00:00 -> 2026-08-04 03:51:00+00:00
      page 3: 10,000 bars  2026-07-14 15:07:00+00:00 -> 2026-07-23 20:59:00+00:00
      page 4:  1,706 bars  2026-07-13 09:40:00+00:00 -> 2026-07-14 15:06:00+00:00
      fetched 31,705 | +11 new | store 39,297 bars  2026-07-05 -> 2026-08-13

  minute/bid:
      page 1: 10,000 bars  2026-08-04 03:52:00+00:00 -> 2026-08-13 09:40:00+00:00
      page 2: 10,000 bars  2026-07-23 22:01:00+00:00 -> 2026-08-04 03:51:00+00:00
      page 3: 10,000 bars  2026-07-14 15:07:00+00:00 -> 2026-07-23 20:59:00+00:00
      page 4:  1,706 bars  2026-07-13 09:40:00+00:00 -> 2026-07-14 15:06:00+00:00
      fetched 31,705 | +11 new | store 39,297 bars  2026-07-05 -> 2026-08-13

  minute/ask:
      page 1: 10,000 bars  2026-08-04 03:52:00+00:00 -> 2026-08-13 09:40:00+00:00
      page 2: 10,000 bars  2026-07-23 22:01:00+00:00 -> 2026-08-04 03:51:00+00:00
      page 3: 10,000 bars  2026-07-14 15:07:00+00:00 -> 2026-07-23 20:59:00+00:00
      page 4:  1,706 bars  2026-07-13 09:40:00+00:00 -> 2026-07-14 15:06:00+00:00
      fetched 31,705 | +11 new | store 39,297 bars  2026-07-05 -> 2026-08-13

  quarter/mid:
      page 1: 10,000 bars  2026-03-12 06:15:00+00:00 -> 2026-08-13 09:30:00+00:00
      page 2: 10,000 bars  2025-10-07 23:30:00+00:00 -> 2026-03-12 06:00:00+00:00
      page 3:  3,629 bars  2025-08-13 09:45:00+00:00 -> 2025-10-07 23:15:00+00:00
      fetched 23,628 | +1 new | store 24,241 bars  2025-08-04 -> 2026-08-13

  quarter/bid:
      page 1: 10,000 bars  2026-03-12 06:15:00+00:00 -> 2026-08-13 09:30:00+00:00
      page 2: 10,000 bars  2025-10-07 23:30:00+00:00 -> 2026-03-12 06:00:00+00:00
      page 3:  3,629 bars  2025-08-13 09:45:00+00:00 -> 2025-10-07 23:15:00+00:00
      fetched 23,628 | +1 new | store 24,241 bars  2025-08-04 -> 2026-08-13

  quarter/ask:
      page 1: 10,000 bars  2026-03-12 06:15:00+00:00 -> 2026-08-13 09:30:00+00:00
      page 2: 10,000 bars  2025-10-07 23:30:00+00:00 -> 2026-03-12 06:00:00+00:00
      page 3:  3,629 bars  2025-08-13 09:45:00+00:00 -> 2025-10-07 23:15:00+00:00
      fetched 23,628 | +1 new | store 24,241 bars  2025-08-04 -> 2026-08-13

  hour/mid:
      page 1: 10,000 bars  2024-12-03 01:00:00+00:00 -> 2026-08-13 09:00:00+00:00
      page 2:  1,822 bars  2024-08-13 10:00:00+00:00 -> 2024-12-03 00:00:00+00:00
      fetched 11,821 | +0 new | store 11,971 bars  2024-08-04 -> 2026-08-13

  hour/bid:
      page 1: 10,000 bars  2024-12-03 01:00:00+00:00 -> 2026-08-13 09:00:00+00:00
      page 2:  1,822 bars  2024-08-13 10:00:00+00:00 -> 2024-12-03 00:00:00+00:00
      fetched 11,821 | +0 new | store 11,971 bars  2024-08-04 -> 2026-08-13

  hour/ask:
      page 1: 10,000 bars  2024-12-03 01:00:00+00:00 -> 2026-08-13 09:00:00+00:00
      page 2:  1,822 bars  2024-08-13 10:00:00+00:00 -> 2024-12-03 00:00:00+00:00
      fetched 11,821 | +0 new | store 11,971 bars  2024-08-04 -> 2026-08-13

  day/mid:
      page 1:  3,843 bars  2011-12-30 00:00:00+00:00 -> 2026-08-13 00:00:00+00:00
      fetched 3,842 | +0 new | store 3,842 bars  2011-12-30 -> 2026-08-12

  day/bid:
      page 1:  3,843 bars  2011-12-30 00:00:00+00:00 -> 2026-08-13 00:00:00+00:00
      fetched 3,842 | +0 new | store 3,842 bars  2011-12-30 -> 2026-08-12

  day/ask:
      page 1:  3,843 bars  2011-12-30 00:00:00+00:00 -> 2026-08-13 00:00:00+00:00
      fetched 3,842 | +0 new | store 3,842 bars  2011-12-30 -> 2026-08-12


=== goldvar (id 72302) -> /Users/r.john/git/vc-tx2/data ===
  minute/mid:
      page 1: 10,000 bars  2026-08-04 03:52:00+00:00 -> 2026-08-13 09:40:00+00:00
      page 2: 10,000 bars  2026-07-23 22:01:00+00:00 -> 2026-08-04 03:51:00+00:00
      page 3: 10,000 bars  2026-07-14 15:07:00+00:00 -> 2026-07-23 20:59:00+00:00
      page 4:  1,705 bars  2026-07-13 09:41:00+00:00 -> 2026-07-14 15:06:00+00:00
      fetched 31,704 | +11 new | store 39,297 bars  2026-07-05 -> 2026-08-13

  minute/bid:
      page 1: 10,000 bars  2026-08-04 03:52:00+00:00 -> 2026-08-13 09:40:00+00:00
      page 2: 10,000 bars  2026-07-23 22:01:00+00:00 -> 2026-08-04 03:51:00+00:00
      page 3: 10,000 bars  2026-07-14 15:07:00+00:00 -> 2026-07-23 20:59:00+00:00
      page 4:  1,705 bars  2026-07-13 09:41:00+00:00 -> 2026-07-14 15:06:00+00:00
      fetched 31,704 | +11 new | store 39,297 bars  2026-07-05 -> 2026-08-13

  minute/ask:
      page 1: 10,000 bars  2026-08-04 03:53:00+00:00 -> 2026-08-13 09:41:00+00:00
      page 2: 10,000 bars  2026-07-23 22:02:00+00:00 -> 2026-08-04 03:52:00+00:00
      page 3: 10,000 bars  2026-07-14 15:08:00+00:00 -> 2026-07-23 22:01:00+00:00
      page 4:  1,706 bars  2026-07-13 09:41:00+00:00 -> 2026-07-14 15:07:00+00:00
      fetched 31,705 | +12 new | store 39,298 bars  2026-07-05 -> 2026-08-13

  quarter/mid:
      page 1: 10,000 bars  2026-03-12 06:15:00+00:00 -> 2026-08-13 09:30:00+00:00
      page 2: 10,000 bars  2025-10-07 23:30:00+00:00 -> 2026-03-12 06:00:00+00:00
      page 3:  3,629 bars  2025-08-13 09:45:00+00:00 -> 2025-10-07 23:15:00+00:00
      fetched 23,628 | +1 new | store 24,241 bars  2025-08-04 -> 2026-08-13

  quarter/bid:
      page 1: 10,000 bars  2026-03-12 06:15:00+00:00 -> 2026-08-13 09:30:00+00:00
      page 2: 10,000 bars  2025-10-07 23:30:00+00:00 -> 2026-03-12 06:00:00+00:00
      page 3:  3,629 bars  2025-08-13 09:45:00+00:00 -> 2025-10-07 23:15:00+00:00
      fetched 23,628 | +1 new | store 24,241 bars  2025-08-04 -> 2026-08-13

  quarter/ask:
      page 1: 10,000 bars  2026-03-12 06:15:00+00:00 -> 2026-08-13 09:30:00+00:00
      page 2: 10,000 bars  2025-10-07 23:30:00+00:00 -> 2026-03-12 06:00:00+00:00
      page 3:  3,629 bars  2025-08-13 09:45:00+00:00 -> 2025-10-07 23:15:00+00:00
      fetched 23,628 | +1 new | store 24,241 bars  2025-08-04 -> 2026-08-13

  hour/mid:
      page 1: 10,000 bars  2024-12-03 01:00:00+00:00 -> 2026-08-13 09:00:00+00:00
      page 2:  1,822 bars  2024-08-13 10:00:00+00:00 -> 2024-12-03 00:00:00+00:00
      fetched 11,821 | +0 new | store 11,971 bars  2024-08-04 -> 2026-08-13

  hour/bid:
      page 1: 10,000 bars  2024-12-03 01:00:00+00:00 -> 2026-08-13 09:00:00+00:00
      page 2:  1,822 bars  2024-08-13 10:00:00+00:00 -> 2024-12-03 00:00:00+00:00
      fetched 11,821 | +0 new | store 11,971 bars  2024-08-04 -> 2026-08-13

  hour/ask:
      page 1: 10,000 bars  2024-12-03 01:00:00+00:00 -> 2026-08-13 09:00:00+00:00
      page 2:  1,822 bars  2024-08-13 10:00:00+00:00 -> 2024-12-03 00:00:00+00:00
      fetched 11,821 | +0 new | store 11,971 bars  2024-08-04 -> 2026-08-13

  day/mid:
      page 1:  3,843 bars  2011-12-30 00:00:00+00:00 -> 2026-08-13 00:00:00+00:00
      fetched 3,842 | +0 new | store 3,842 bars  2011-12-30 -> 2026-08-12

  day/bid:
      page 1:  3,843 bars  2011-12-30 00:00:00+00:00 -> 2026-08-13 00:00:00+00:00
      fetched 3,842 | +0 new | store 3,842 bars  2011-12-30 -> 2026-08-12

  day/ask:
      page 1:  3,843 bars  2011-12-30 00:00:00+00:00 -> 2026-08-13 00:00:00+00:00
      fetched 3,842 | +0 new | store 3,842 bars  2011-12-30 -> 2026-08-12


=== eurusd (id 16635) -> /Users/r.john/git/vc-tx2/data ===
  minute/mid:
      page 1: 10,000 bars  2026-08-04 09:32:00+00:00 -> 2026-08-13 09:41:00+00:00
      page 2: 10,000 bars  2026-07-24 09:54:00+00:00 -> 2026-08-04 09:31:00+00:00
      page 3: 10,000 bars  2026-07-15 09:44:00+00:00 -> 2026-07-24 09:53:00+00:00
      page 4:  2,861 bars  2026-07-13 09:41:00+00:00 -> 2026-07-15 09:43:00+00:00
      fetched 32,860 | +11 new | store 40,750 bars  2026-07-05 -> 2026-08-13

  minute/bid:
      page 1: 10,000 bars  2026-08-04 09:32:00+00:00 -> 2026-08-13 09:41:00+00:00
      page 2: 10,000 bars  2026-07-24 09:54:00+00:00 -> 2026-08-04 09:31:00+00:00
      page 3: 10,000 bars  2026-07-15 09:44:00+00:00 -> 2026-07-24 09:53:00+00:00
      page 4:  2,861 bars  2026-07-13 09:41:00+00:00 -> 2026-07-15 09:43:00+00:00
      fetched 32,860 | +11 new | store 40,750 bars  2026-07-05 -> 2026-08-13

  minute/ask:
      page 1: 10,000 bars  2026-08-04 09:32:00+00:00 -> 2026-08-13 09:41:00+00:00
      page 2: 10,000 bars  2026-07-24 09:54:00+00:00 -> 2026-08-04 09:31:00+00:00
      page 3: 10,000 bars  2026-07-15 09:44:00+00:00 -> 2026-07-24 09:53:00+00:00
      page 4:  2,861 bars  2026-07-13 09:41:00+00:00 -> 2026-07-15 09:43:00+00:00
      fetched 32,860 | +11 new | store 40,750 bars  2026-07-05 -> 2026-08-13

  quarter/mid:
      page 1: 10,000 bars  2026-03-19 21:00:00+00:00 -> 2026-08-13 09:30:00+00:00
      page 2: 10,000 bars  2025-10-22 13:45:00+00:00 -> 2026-03-19 20:45:00+00:00
      page 3:  4,816 bars  2025-08-13 09:45:00+00:00 -> 2025-10-22 13:30:00+00:00
      fetched 24,815 | +0 new | store 25,456 bars  2025-08-04 -> 2026-08-13

  quarter/bid:
      page 1: 10,000 bars  2026-03-19 21:00:00+00:00 -> 2026-08-13 09:30:00+00:00
      page 2: 10,000 bars  2025-10-22 13:45:00+00:00 -> 2026-03-19 20:45:00+00:00
      page 3:  4,816 bars  2025-08-13 09:45:00+00:00 -> 2025-10-22 13:30:00+00:00
      fetched 24,815 | +0 new | store 25,456 bars  2025-08-04 -> 2026-08-13

  quarter/ask:
      page 1: 10,000 bars  2026-03-19 21:00:00+00:00 -> 2026-08-13 09:30:00+00:00
      page 2: 10,000 bars  2025-10-22 13:45:00+00:00 -> 2026-03-19 20:45:00+00:00
      page 3:  4,816 bars  2025-08-13 09:45:00+00:00 -> 2025-10-22 13:30:00+00:00
      fetched 24,815 | +0 new | store 25,456 bars  2025-08-04 -> 2026-08-13

  hour/mid:
      page 1: 10,000 bars  2025-01-02 08:00:00+00:00 -> 2026-08-13 09:00:00+00:00
      page 2:  2,394 bars  2024-08-13 10:00:00+00:00 -> 2025-01-02 07:00:00+00:00
      fetched 12,393 | +0 new | store 12,550 bars  2024-08-04 -> 2026-08-13

  hour/bid:
      page 1: 10,000 bars  2025-01-02 08:00:00+00:00 -> 2026-08-13 09:00:00+00:00
      page 2:  2,394 bars  2024-08-13 10:00:00+00:00 -> 2025-01-02 07:00:00+00:00
      fetched 12,393 | +0 new | store 12,550 bars  2024-08-04 -> 2026-08-13

  hour/ask:
      page 1: 10,000 bars  2025-01-02 08:00:00+00:00 -> 2026-08-13 09:00:00+00:00
      page 2:  2,394 bars  2024-08-13 10:00:00+00:00 -> 2025-01-02 07:00:00+00:00
      fetched 12,393 | +0 new | store 12,550 bars  2024-08-04 -> 2026-08-13

  day/mid:
      page 1:  7,446 bars  1999-01-04 00:00:00+00:00 -> 2026-08-13 00:00:00+00:00
      fetched 7,445 | +0 new | store 7,445 bars  1999-01-04 -> 2026-08-12

  day/bid:
      page 1:  7,446 bars  1999-01-04 00:00:00+00:00 -> 2026-08-13 00:00:00+00:00
      fetched 7,445 | +0 new | store 7,445 bars  1999-01-04 -> 2026-08-12

  day/ask:
      page 1:  7,446 bars  1999-01-04 00:00:00+00:00 -> 2026-08-13 00:00:00+00:00
      fetched 7,445 | +0 new | store 7,445 bars  1999-01-04 -> 2026-08-12


=== uk100fut (id 70152) -> /Users/r.john/git/vc-tx2/data ===
  minute/mid:
      page 1: 10,000 bars  2026-08-04 00:31:00+00:00 -> 2026-08-13 09:41:00+00:00
      page 2: 10,000 bars  2026-07-23 13:38:00+00:00 -> 2026-08-04 00:30:00+00:00
      page 3: 10,000 bars  2026-07-14 04:13:00+00:00 -> 2026-07-23 13:37:00+00:00
      page 4:  1,031 bars  2026-07-13 09:42:00+00:00 -> 2026-07-14 04:12:00+00:00
      fetched 31,030 | +11 new | store 31,727 bars  2026-07-12 -> 2026-08-13

  minute/bid:
      page 1: 10,000 bars  2026-08-04 00:31:00+00:00 -> 2026-08-13 09:41:00+00:00
      page 2: 10,000 bars  2026-07-23 13:38:00+00:00 -> 2026-08-04 00:30:00+00:00
      page 3: 10,000 bars  2026-07-14 04:13:00+00:00 -> 2026-07-23 13:37:00+00:00
      page 4:  1,031 bars  2026-07-13 09:42:00+00:00 -> 2026-07-14 04:12:00+00:00
      fetched 31,030 | +11 new | store 31,727 bars  2026-07-12 -> 2026-08-13

  minute/ask:
      page 1: 10,000 bars  2026-08-04 00:31:00+00:00 -> 2026-08-13 09:41:00+00:00
      page 2: 10,000 bars  2026-07-23 13:38:00+00:00 -> 2026-08-04 00:30:00+00:00
      page 3: 10,000 bars  2026-07-14 04:13:00+00:00 -> 2026-07-23 13:37:00+00:00
      page 4:  1,031 bars  2026-07-13 09:42:00+00:00 -> 2026-07-14 04:12:00+00:00
      fetched 31,030 | +11 new | store 31,727 bars  2026-07-12 -> 2026-08-13

  quarter/mid:
      page 1: 10,000 bars  2026-03-05 17:45:00+00:00 -> 2026-08-13 09:30:00+00:00
      page 2: 10,000 bars  2025-09-26 04:30:00+00:00 -> 2026-03-05 17:30:00+00:00
      page 3:  2,771 bars  2025-08-13 09:45:00+00:00 -> 2025-09-26 04:15:00+00:00
      fetched 22,770 | +0 new | store 22,999 bars  2025-08-10 -> 2026-08-13

  quarter/bid:
      page 1: 10,000 bars  2026-03-05 17:45:00+00:00 -> 2026-08-13 09:30:00+00:00
      page 2: 10,000 bars  2025-09-26 04:30:00+00:00 -> 2026-03-05 17:30:00+00:00
      page 3:  2,771 bars  2025-08-13 09:45:00+00:00 -> 2025-09-26 04:15:00+00:00
      fetched 22,770 | +0 new | store 22,999 bars  2025-08-10 -> 2026-08-13

  quarter/ask:
      page 1: 10,000 bars  2026-03-05 17:45:00+00:00 -> 2026-08-13 09:30:00+00:00
      page 2: 10,000 bars  2025-09-26 04:30:00+00:00 -> 2026-03-05 17:30:00+00:00
      page 3:  2,771 bars  2025-08-13 09:45:00+00:00 -> 2025-09-26 04:15:00+00:00
      fetched 22,770 | +0 new | store 22,999 bars  2025-08-10 -> 2026-08-13

  hour/mid:
      page 1: 10,000 bars  2024-11-12 20:00:00+00:00 -> 2026-08-13 09:00:00+00:00
      page 2:  1,466 bars  2024-08-13 10:00:00+00:00 -> 2024-11-12 19:00:00+00:00
      fetched 11,465 | +0 new | store 11,500 bars  2024-08-11 -> 2026-08-13

  hour/bid:
      page 1: 10,000 bars  2024-11-12 20:00:00+00:00 -> 2026-08-13 09:00:00+00:00
      page 2:  1,466 bars  2024-08-13 10:00:00+00:00 -> 2024-11-12 19:00:00+00:00
      fetched 11,465 | +0 new | store 11,500 bars  2024-08-11 -> 2026-08-13

  hour/ask:
      page 1: 10,000 bars  2024-11-12 20:00:00+00:00 -> 2026-08-13 09:00:00+00:00
      page 2:  1,466 bars  2024-08-13 10:00:00+00:00 -> 2024-11-12 19:00:00+00:00
      fetched 11,465 | +0 new | store 11,500 bars  2024-08-11 -> 2026-08-13

  day/mid:
      page 1:  1,290 bars  2021-07-05 00:00:00+00:00 -> 2026-08-13 00:00:00+00:00
      fetched 1,289 | +0 new | store 1,289 bars  2021-07-05 -> 2026-08-12

  day/bid:
      page 1:  1,290 bars  2021-07-05 00:00:00+00:00 -> 2026-08-13 00:00:00+00:00
      fetched 1,289 | +0 new | store 1,289 bars  2021-07-05 -> 2026-08-12  !! {'open_outside_hl': 1}

  day/ask:
      page 1:  1,290 bars  2021-07-05 00:00:00+00:00 -> 2026-08-13 00:00:00+00:00
      fetched 1,289 | +0 new | store 1,289 bars  2021-07-05 -> 2026-08-12  !! {'close_outside_hl': 1}


=== uk100sep26 (id 72516) -> /Users/r.john/git/vc-tx2/data ===
  minute/mid:
      page 1: 10,000 bars  2026-08-04 00:32:00+00:00 -> 2026-08-13 09:42:00+00:00
      page 2: 10,000 bars  2026-07-23 13:39:00+00:00 -> 2026-08-04 00:31:00+00:00
      page 3: 10,000 bars  2026-07-14 04:14:00+00:00 -> 2026-07-23 13:38:00+00:00
      page 4:  1,032 bars  2026-07-13 09:42:00+00:00 -> 2026-07-14 04:13:00+00:00
      fetched 31,031 | +11 new | store 31,728 bars  2026-07-12 -> 2026-08-13

  minute/bid:
      page 1: 10,000 bars  2026-08-04 00:32:00+00:00 -> 2026-08-13 09:42:00+00:00
      page 2: 10,000 bars  2026-07-23 13:39:00+00:00 -> 2026-08-04 00:31:00+00:00
      page 3: 10,000 bars  2026-07-14 04:14:00+00:00 -> 2026-07-23 13:38:00+00:00
      page 4:  1,032 bars  2026-07-13 09:42:00+00:00 -> 2026-07-14 04:13:00+00:00
      fetched 31,031 | +11 new | store 31,728 bars  2026-07-12 -> 2026-08-13

  minute/ask:
      page 1: 10,000 bars  2026-08-04 00:32:00+00:00 -> 2026-08-13 09:42:00+00:00
      page 2: 10,000 bars  2026-07-23 13:39:00+00:00 -> 2026-08-04 00:31:00+00:00
      page 3: 10,000 bars  2026-07-14 04:14:00+00:00 -> 2026-07-23 13:38:00+00:00
      page 4:  1,032 bars  2026-07-13 09:42:00+00:00 -> 2026-07-14 04:13:00+00:00
      fetched 31,031 | +11 new | store 31,728 bars  2026-07-12 -> 2026-08-13

  quarter/mid:
      page 1:  4,035 bars  2026-06-11 17:30:00+00:00 -> 2026-08-13 09:30:00+00:00
      fetched 4,034 | +0 new | store 4,034 bars  2026-06-11 -> 2026-08-13

  quarter/bid:
      page 1:  4,035 bars  2026-06-11 17:30:00+00:00 -> 2026-08-13 09:30:00+00:00
      fetched 4,034 | +0 new | store 4,034 bars  2026-06-11 -> 2026-08-13

  quarter/ask:
      page 1:  4,035 bars  2026-06-11 17:30:00+00:00 -> 2026-08-13 09:30:00+00:00
      fetched 4,034 | +0 new | store 4,034 bars  2026-06-11 -> 2026-08-13

  hour/mid:
      page 1:  1,019 bars  2026-06-11 17:00:00+00:00 -> 2026-08-13 09:00:00+00:00
      fetched 1,018 | +0 new | store 1,018 bars  2026-06-11 -> 2026-08-13

  hour/bid:
      page 1:  1,019 bars  2026-06-11 17:00:00+00:00 -> 2026-08-13 09:00:00+00:00
      fetched 1,018 | +0 new | store 1,018 bars  2026-06-11 -> 2026-08-13

  hour/ask:
      page 1:  1,019 bars  2026-06-11 17:00:00+00:00 -> 2026-08-13 09:00:00+00:00
      fetched 1,018 | +0 new | store 1,018 bars  2026-06-11 -> 2026-08-13

  day/mid:
      page 1:     46 bars  2026-06-11 00:00:00+00:00 -> 2026-08-13 00:00:00+00:00
      fetched 45 | +0 new | store 45 bars  2026-06-11 -> 2026-08-12

  day/bid:
      page 1:     46 bars  2026-06-11 00:00:00+00:00 -> 2026-08-13 00:00:00+00:00
      fetched 45 | +0 new | store 45 bars  2026-06-11 -> 2026-08-12

  day/ask:
      page 1:     46 bars  2026-06-11 00:00:00+00:00 -> 2026-08-13 00:00:00+00:00
      fetched 45 | +0 new | store 45 bars  2026-06-11 -> 2026-08-12


Done. `python3 collect.py status` for a summary.
     instr    feed side  bars       from         to  sessions  vol=0 %        last sync
     uk100  minute  mid 38709 2026-07-03 2026-08-13        36      0.0 2026-08-13T09:38
     uk100  minute  bid 38709 2026-07-03 2026-08-13        36      0.0 2026-08-13T09:38
     uk100  minute  ask 38709 2026-07-03 2026-08-13        36      0.0 2026-08-13T09:38
     uk100 quarter  mid 23452 2025-08-03 2026-08-13       311      0.0 2026-08-13T09:38
     uk100 quarter  bid 23452 2025-08-03 2026-08-13       311      0.0 2026-08-13T09:38
     uk100 quarter  ask 23452 2025-08-03 2026-08-13       311      0.0 2026-08-13T09:38
     uk100    hour  mid 11625 2024-08-04 2026-08-13       613      0.0 2026-08-13T09:38
     uk100    hour  bid 11625 2024-08-04 2026-08-13       613      0.0 2026-08-13T09:38
     uk100    hour  ask 11625 2024-08-04 2026-08-13       613      0.0 2026-08-13T09:38
     uk100     day  mid  3752 2012-03-26 2026-08-12      3752     59.9 2026-08-13T09:38
     uk100     day  bid  3752 2012-03-26 2026-08-12      3752     59.9 2026-08-13T09:38
     uk100     day  ask  3752 2012-03-26 2026-08-12      3752     59.9 2026-08-13T09:38
     ger40  minute  mid 38526 2026-07-05 2026-08-13        35      0.0 2026-08-13T09:38
     ger40  minute  bid 38526 2026-07-05 2026-08-13        35      0.0 2026-08-13T09:38
     ger40  minute  ask 38526 2026-07-05 2026-08-13        35      0.0 2026-08-13T09:38
     ger40 quarter  mid 23485 2025-08-04 2026-08-13       314      0.0 2026-08-13T09:39
     ger40 quarter  bid 23485 2025-08-04 2026-08-13       314      0.0 2026-08-13T09:39
     ger40 quarter  ask 23485 2025-08-04 2026-08-13       314      0.0 2026-08-13T09:39
     ger40    hour  mid 11676 2024-08-04 2026-08-13       621      0.0 2026-08-13T09:39
     ger40    hour  bid 11676 2024-08-04 2026-08-13       621      0.0 2026-08-13T09:39
     ger40    hour  ask 11676 2024-08-04 2026-08-13       621      0.0 2026-08-13T09:39
     ger40     day  mid  3771 2012-01-30 2026-08-12      3771     60.2 2026-08-13T09:39
     ger40     day  bid  3771 2012-01-30 2026-08-12      3771     60.2 2026-08-13T09:39
     ger40     day  ask  3771 2012-01-30 2026-08-12      3771     60.2 2026-08-13T09:39
      us30  minute  mid 39183 2026-07-05 2026-08-13        35      0.0 2026-08-13T09:39
      us30  minute  bid 39183 2026-07-05 2026-08-13        35      0.0 2026-08-13T09:39
      us30  minute  ask 39183 2026-07-05 2026-08-13        35      0.0 2026-08-13T09:39
      us30 quarter  mid 24126 2025-08-04 2026-08-13       322      0.0 2026-08-13T09:39
      us30 quarter  bid 24126 2025-08-04 2026-08-13       322      0.0 2026-08-13T09:39
      us30 quarter  ask 24126 2025-08-04 2026-08-13       322      0.0 2026-08-13T09:39
      us30    hour  mid 11945 2024-08-04 2026-08-13       634      0.0 2026-08-13T09:39
      us30    hour  bid 11945 2024-08-04 2026-08-13       634      0.0 2026-08-13T09:39
      us30    hour  ask 11945 2024-08-04 2026-08-13       634      0.0 2026-08-13T09:39
      us30     day  mid  3844 2012-03-05 2026-08-12      3844     60.9 2026-08-13T09:39
      us30     day  bid  3844 2012-03-05 2026-08-12      3844     60.9 2026-08-13T09:39
      us30     day  ask  3844 2012-03-05 2026-08-12      3844     60.9 2026-08-13T09:39
 ustech100  minute  mid 39183 2026-07-05 2026-08-13        35      0.0 2026-08-13T09:39
 ustech100  minute  bid 39183 2026-07-05 2026-08-13        35      0.0 2026-08-13T09:39
 ustech100  minute  ask 39183 2026-07-05 2026-08-13        35      0.0 2026-08-13T09:39
 ustech100 quarter  mid 24126 2025-08-04 2026-08-13       322      0.0 2026-08-13T09:39
 ustech100 quarter  bid 24126 2025-08-04 2026-08-13       322      0.0 2026-08-13T09:39
 ustech100 quarter  ask 24126 2025-08-04 2026-08-13       322      0.0 2026-08-13T09:39
 ustech100    hour  mid 11946 2024-08-04 2026-08-13       634      0.0 2026-08-13T09:39
 ustech100    hour  bid 11946 2024-08-04 2026-08-13       634      0.0 2026-08-13T09:39
 ustech100    hour  ask 11946 2024-08-04 2026-08-13       634      0.0 2026-08-13T09:40
 ustech100     day  mid  3844 2012-03-05 2026-08-12      3844     60.9 2026-08-13T09:40
 ustech100     day  bid  3844 2012-03-05 2026-08-12      3844     60.9 2026-08-13T09:40
 ustech100     day  ask  3844 2012-03-05 2026-08-12      3844     60.9 2026-08-13T09:40
     us500  minute  mid 39167 2026-07-05 2026-08-13        35      0.0 2026-08-13T09:40
     us500  minute  bid 39167 2026-07-05 2026-08-13        35      0.0 2026-08-13T09:40
     us500  minute  ask 39167 2026-07-05 2026-08-13        35      0.0 2026-08-13T09:40
     us500 quarter  mid 24119 2025-08-04 2026-08-13       322      0.0 2026-08-13T09:40
     us500 quarter  bid 24119 2025-08-04 2026-08-13       322      0.0 2026-08-13T09:40
     us500 quarter  ask 24119 2025-08-04 2026-08-13       322      0.0 2026-08-13T09:40
     us500    hour  mid 11945 2024-08-04 2026-08-13       634      0.0 2026-08-13T09:40
     us500    hour  bid 11945 2024-08-04 2026-08-13       634      0.0 2026-08-13T09:40
     us500    hour  ask 11945 2024-08-04 2026-08-13       634      0.0 2026-08-13T09:40
     us500     day  mid  3837 2012-03-13 2026-08-12      3837     60.8 2026-08-13T09:40
     us500     day  bid  3837 2012-03-13 2026-08-12      3837     60.8 2026-08-13T09:40
     us500     day  ask  3837 2012-03-13 2026-08-12      3837     60.8 2026-08-13T09:40
      gold  minute  mid 39297 2026-07-05 2026-08-13        35      0.0 2026-08-13T09:40
      gold  minute  bid 39297 2026-07-05 2026-08-13        35      0.0 2026-08-13T09:40
      gold  minute  ask 39297 2026-07-05 2026-08-13        35      0.0 2026-08-13T09:40
      gold quarter  mid 24241 2025-08-04 2026-08-13       321      0.0 2026-08-13T09:40
      gold quarter  bid 24241 2025-08-04 2026-08-13       321      0.0 2026-08-13T09:40
      gold quarter  ask 24241 2025-08-04 2026-08-13       321      0.0 2026-08-13T09:40
      gold    hour  mid 11971 2024-08-04 2026-08-13       633      0.0 2026-08-13T09:40
      gold    hour  bid 11971 2024-08-04 2026-08-13       633      0.0 2026-08-13T09:40
      gold    hour  ask 11971 2024-08-04 2026-08-13       633      0.0 2026-08-13T09:40
      gold     day  mid  3842 2011-12-30 2026-08-12      3842     60.9 2026-08-13T09:40
      gold     day  bid  3842 2011-12-30 2026-08-12      3842     60.9 2026-08-13T09:40
      gold     day  ask  3842 2011-12-30 2026-08-12      3842     60.9 2026-08-13T09:40
   goldvar  minute  mid 39297 2026-07-05 2026-08-13        35      0.0 2026-08-13T09:40
   goldvar  minute  bid 39297 2026-07-05 2026-08-13        35      0.0 2026-08-13T09:41
   goldvar  minute  ask 39298 2026-07-05 2026-08-13        35      0.0 2026-08-13T09:41
   goldvar quarter  mid 24241 2025-08-04 2026-08-13       321      0.0 2026-08-13T09:41
   goldvar quarter  bid 24241 2025-08-04 2026-08-13       321      0.0 2026-08-13T09:41
   goldvar quarter  ask 24241 2025-08-04 2026-08-13       321      0.0 2026-08-13T09:41
   goldvar    hour  mid 11971 2024-08-04 2026-08-13       633      0.0 2026-08-13T09:41
   goldvar    hour  bid 11971 2024-08-04 2026-08-13       633      0.0 2026-08-13T09:41
   goldvar    hour  ask 11971 2024-08-04 2026-08-13       633      0.0 2026-08-13T09:41
   goldvar     day  mid  3842 2011-12-30 2026-08-12      3842     60.9 2026-08-13T09:41
   goldvar     day  bid  3842 2011-12-30 2026-08-12      3842     60.9 2026-08-13T09:41
   goldvar     day  ask  3842 2011-12-30 2026-08-12      3842     60.9 2026-08-13T09:41
    eurusd  minute  mid 40750 2026-07-05 2026-08-13        35      0.0 2026-08-13T09:41
    eurusd  minute  bid 40750 2026-07-05 2026-08-13        35      0.0 2026-08-13T09:41
    eurusd  minute  ask 40750 2026-07-05 2026-08-13        35      0.0 2026-08-13T09:41
    eurusd quarter  mid 25456 2025-08-04 2026-08-13       322      0.0 2026-08-13T09:41
    eurusd quarter  bid 25456 2025-08-04 2026-08-13       322      0.0 2026-08-13T09:41
    eurusd quarter  ask 25456 2025-08-04 2026-08-13       322      0.0 2026-08-13T09:41
    eurusd    hour  mid 12550 2024-08-04 2026-08-13       634      0.0 2026-08-13T09:41
    eurusd    hour  bid 12550 2024-08-04 2026-08-13       634      0.0 2026-08-13T09:41
    eurusd    hour  ask 12550 2024-08-04 2026-08-13       634      0.0 2026-08-13T09:41
    eurusd     day  mid  7445 1999-01-04 2026-08-12      7445     79.4 2026-08-13T09:41
    eurusd     day  bid  7445 1999-01-04 2026-08-12      7445     79.4 2026-08-13T09:41
    eurusd     day  ask  7445 1999-01-04 2026-08-12      7445     79.4 2026-08-13T09:41
  uk100fut  minute  mid 31727 2026-07-12 2026-08-13        29      0.0 2026-08-13T09:41
  uk100fut  minute  bid 31727 2026-07-12 2026-08-13        29      0.0 2026-08-13T09:41
  uk100fut  minute  ask 31727 2026-07-12 2026-08-13        29      0.0 2026-08-13T09:41
  uk100fut quarter  mid 22999 2025-08-10 2026-08-13       306      0.0 2026-08-13T09:41
  uk100fut quarter  bid 22999 2025-08-10 2026-08-13       306      0.0 2026-08-13T09:42
  uk100fut quarter  ask 22999 2025-08-10 2026-08-13       306      0.0 2026-08-13T09:42
  uk100fut    hour  mid 11500 2024-08-11 2026-08-13       605      0.0 2026-08-13T09:42
  uk100fut    hour  bid 11500 2024-08-11 2026-08-13       605      0.0 2026-08-13T09:42
  uk100fut    hour  ask 11500 2024-08-11 2026-08-13       605      0.0 2026-08-13T09:42
  uk100fut     day  mid  1289 2021-07-05 2026-08-12      1289     49.5 2026-08-13T09:42
  uk100fut     day  bid  1289 2021-07-05 2026-08-12      1289     49.5 2026-08-13T09:42
  uk100fut     day  ask  1289 2021-07-05 2026-08-12      1289     49.5 2026-08-13T09:42
uk100sep26  minute  mid 31728 2026-07-12 2026-08-13        29      0.0 2026-08-13T09:42
uk100sep26  minute  bid 31728 2026-07-12 2026-08-13        29      0.0 2026-08-13T09:42
uk100sep26  minute  ask 31728 2026-07-12 2026-08-13        29      0.0 2026-08-13T09:42
uk100sep26 quarter  mid  4034 2026-06-11 2026-08-13        55      0.0 2026-08-13T09:42
uk100sep26 quarter  bid  4034 2026-06-11 2026-08-13        55      0.0 2026-08-13T09:42
uk100sep26 quarter  ask  4034 2026-06-11 2026-08-13        55      0.0 2026-08-13T09:42
uk100sep26    hour  mid  1018 2026-06-11 2026-08-13        55      0.0 2026-08-13T09:42
uk100sep26    hour  bid  1018 2026-06-11 2026-08-13        55      0.0 2026-08-13T09:42
uk100sep26    hour  ask  1018 2026-06-11 2026-08-13        55      0.0 2026-08-13T09:42
uk100sep26     day  mid    45 2026-06-11 2026-08-12        45      0.0 2026-08-13T09:42
uk100sep26     day  bid    45 2026-06-11 2026-08-12        45      0.0 2026-08-13T09:42
uk100sep26     day  ask    45 2026-06-11 2026-08-12        45      0.0 2026-08-13T09:42

spread (minute, n=38,709): median 1.00 pts | p90 5.00 | core 07:00-15:59 UTC median 0.80 pts (n=15,278)

spread (quarter, n=23,452): median 1.00 pts | p90 5.00 | core 07:00-15:59 UTC median 0.80 pts (n=9,345)

spread (hour, n=11,625): median 1.00 pts | p90 5.00 | core 07:00-15:59 UTC median 0.80 pts (n=4,598)

spread (day, n=3,752): median 0.00 pts | p90 5.00 | core 07:00-15:59 UTC median nan pts (n=0)
uk100/minute/mid: 38,709 bars | OK | zero-volume 0.0% | 104 gaps > one bar (weekends/closures expected)
uk100/minute/bid: 38,709 bars | OK | zero-volume 0.0% | 104 gaps > one bar (weekends/closures expected)
uk100/minute/ask: 38,709 bars | OK | zero-volume 0.0% | 104 gaps > one bar (weekends/closures expected)
uk100/quarter/mid: 23,452 bars | OK | zero-volume 0.0% | 448 gaps > one bar (weekends/closures expected)
uk100/quarter/bid: 23,452 bars | OK | zero-volume 0.0% | 448 gaps > one bar (weekends/closures expected)
uk100/quarter/ask: 23,452 bars | OK | zero-volume 0.0% | 448 gaps > one bar (weekends/closures expected)
uk100/hour/mid: 11,625 bars | OK | zero-volume 0.0% | 512 gaps > one bar (weekends/closures expected)
uk100/hour/bid: 11,625 bars | OK | zero-volume 0.0% | 512 gaps > one bar (weekends/closures expected)
uk100/hour/ask: 11,625 bars | OK | zero-volume 0.0% | 512 gaps > one bar (weekends/closures expected)
uk100/day/mid: 3,752 bars | OK | zero-volume 59.86% | 747 gaps > one bar (weekends/closures expected)
uk100/day/bid: 3,752 bars | known {'open_outside_hl': 2} | zero-volume 59.86% | 747 gaps > one bar (weekends/closures expected)
uk100/day/ask: 3,752 bars | known {'close_outside_hl': 2} | zero-volume 59.86% | 747 gaps > one bar (weekends/closures expected)
ger40/minute/mid: 38,526 bars | OK | zero-volume 0.0% | 149 gaps > one bar (weekends/closures expected)
ger40/minute/bid: 38,526 bars | OK | zero-volume 0.0% | 149 gaps > one bar (weekends/closures expected)
ger40/minute/ask: 38,526 bars | OK | zero-volume 0.0% | 149 gaps > one bar (weekends/closures expected)
ger40/quarter/mid: 23,485 bars | OK | zero-volume 0.0% | 451 gaps > one bar (weekends/closures expected)
ger40/quarter/bid: 23,485 bars | OK | zero-volume 0.0% | 451 gaps > one bar (weekends/closures expected)
ger40/quarter/ask: 23,485 bars | OK | zero-volume 0.0% | 451 gaps > one bar (weekends/closures expected)
ger40/hour/mid: 11,676 bars | OK | zero-volume 0.0% | 513 gaps > one bar (weekends/closures expected)
ger40/hour/bid: 11,676 bars | OK | zero-volume 0.0% | 513 gaps > one bar (weekends/closures expected)
ger40/hour/ask: 11,676 bars | OK | zero-volume 0.0% | 513 gaps > one bar (weekends/closures expected)
ger40/day/mid: 3,771 bars | OK | zero-volume 60.17% | 766 gaps > one bar (weekends/closures expected)
ger40/day/bid: 3,771 bars | OK | zero-volume 60.17% | 766 gaps > one bar (weekends/closures expected)
ger40/day/ask: 3,771 bars | OK | zero-volume 60.17% | 766 gaps > one bar (weekends/closures expected)
us30/minute/mid: 39,183 bars | OK | zero-volume 0.0% | 28 gaps > one bar (weekends/closures expected)
us30/minute/bid: 39,183 bars | OK | zero-volume 0.0% | 28 gaps > one bar (weekends/closures expected)
us30/minute/ask: 39,183 bars | OK | zero-volume 0.0% | 28 gaps > one bar (weekends/closures expected)
us30/quarter/mid: 24,126 bars | OK | zero-volume 0.0% | 268 gaps > one bar (weekends/closures expected)
us30/quarter/bid: 24,126 bars | OK | zero-volume 0.0% | 268 gaps > one bar (weekends/closures expected)
us30/quarter/ask: 24,126 bars | OK | zero-volume 0.0% | 268 gaps > one bar (weekends/closures expected)
us30/hour/mid: 11,945 bars | OK | zero-volume 0.0% | 524 gaps > one bar (weekends/closures expected)
us30/hour/bid: 11,945 bars | OK | zero-volume 0.0% | 524 gaps > one bar (weekends/closures expected)
us30/hour/ask: 11,945 bars | OK | zero-volume 0.0% | 524 gaps > one bar (weekends/closures expected)
us30/day/mid: 3,844 bars | OK | zero-volume 60.87% | 759 gaps > one bar (weekends/closures expected)
us30/day/bid: 3,844 bars | OK | zero-volume 60.87% | 759 gaps > one bar (weekends/closures expected)
us30/day/ask: 3,844 bars | OK | zero-volume 60.87% | 759 gaps > one bar (weekends/closures expected)
ustech100/minute/mid: 39,183 bars | OK | zero-volume 0.0% | 28 gaps > one bar (weekends/closures expected)
ustech100/minute/bid: 39,183 bars | OK | zero-volume 0.0% | 28 gaps > one bar (weekends/closures expected)
ustech100/minute/ask: 39,183 bars | OK | zero-volume 0.0% | 28 gaps > one bar (weekends/closures expected)
ustech100/quarter/mid: 24,126 bars | OK | zero-volume 0.0% | 269 gaps > one bar (weekends/closures expected)
ustech100/quarter/bid: 24,126 bars | OK | zero-volume 0.0% | 269 gaps > one bar (weekends/closures expected)
ustech100/quarter/ask: 24,126 bars | OK | zero-volume 0.0% | 269 gaps > one bar (weekends/closures expected)
ustech100/hour/mid: 11,946 bars | OK | zero-volume 0.0% | 524 gaps > one bar (weekends/closures expected)
ustech100/hour/bid: 11,946 bars | OK | zero-volume 0.0% | 524 gaps > one bar (weekends/closures expected)
ustech100/hour/ask: 11,946 bars | OK | zero-volume 0.0% | 524 gaps > one bar (weekends/closures expected)
ustech100/day/mid: 3,844 bars | OK | zero-volume 60.9% | 759 gaps > one bar (weekends/closures expected)
ustech100/day/bid: 3,844 bars | OK | zero-volume 60.9% | 759 gaps > one bar (weekends/closures expected)
ustech100/day/ask: 3,844 bars | OK | zero-volume 60.9% | 759 gaps > one bar (weekends/closures expected)
us500/minute/mid: 39,167 bars | OK | zero-volume 0.0% | 41 gaps > one bar (weekends/closures expected)
us500/minute/bid: 39,167 bars | OK | zero-volume 0.0% | 41 gaps > one bar (weekends/closures expected)
us500/minute/ask: 39,167 bars | OK | zero-volume 0.0% | 41 gaps > one bar (weekends/closures expected)
us500/quarter/mid: 24,119 bars | OK | zero-volume 0.0% | 268 gaps > one bar (weekends/closures expected)
us500/quarter/bid: 24,119 bars | OK | zero-volume 0.0% | 268 gaps > one bar (weekends/closures expected)
us500/quarter/ask: 24,119 bars | OK | zero-volume 0.0% | 268 gaps > one bar (weekends/closures expected)
us500/hour/mid: 11,945 bars | OK | zero-volume 0.0% | 524 gaps > one bar (weekends/closures expected)
us500/hour/bid: 11,945 bars | OK | zero-volume 0.0% | 524 gaps > one bar (weekends/closures expected)
us500/hour/ask: 11,945 bars | OK | zero-volume 0.0% | 524 gaps > one bar (weekends/closures expected)
us500/day/mid: 3,837 bars | OK | zero-volume 60.83% | 759 gaps > one bar (weekends/closures expected)
us500/day/bid: 3,837 bars | OK | zero-volume 60.83% | 759 gaps > one bar (weekends/closures expected)
us500/day/ask: 3,837 bars | OK | zero-volume 60.83% | 759 gaps > one bar (weekends/closures expected)
gold/minute/mid: 39,297 bars | OK | zero-volume 0.0% | 28 gaps > one bar (weekends/closures expected)
gold/minute/bid: 39,297 bars | OK | zero-volume 0.0% | 28 gaps > one bar (weekends/closures expected)
gold/minute/ask: 39,297 bars | OK | zero-volume 0.0% | 28 gaps > one bar (weekends/closures expected)
gold/quarter/mid: 24,241 bars | OK | zero-volume 0.0% | 267 gaps > one bar (weekends/closures expected)
gold/quarter/bid: 24,241 bars | OK | zero-volume 0.0% | 267 gaps > one bar (weekends/closures expected)
gold/quarter/ask: 24,241 bars | OK | zero-volume 0.0% | 267 gaps > one bar (weekends/closures expected)
gold/hour/mid: 11,971 bars | OK | zero-volume 0.0% | 522 gaps > one bar (weekends/closures expected)
gold/hour/bid: 11,971 bars | OK | zero-volume 0.0% | 522 gaps > one bar (weekends/closures expected)
gold/hour/ask: 11,971 bars | OK | zero-volume 0.0% | 522 gaps > one bar (weekends/closures expected)
gold/day/mid: 3,842 bars | OK | zero-volume 60.91% | 766 gaps > one bar (weekends/closures expected)
gold/day/bid: 3,842 bars | OK | zero-volume 60.91% | 766 gaps > one bar (weekends/closures expected)
gold/day/ask: 3,842 bars | OK | zero-volume 60.91% | 766 gaps > one bar (weekends/closures expected)
goldvar/minute/mid: 39,297 bars | OK | zero-volume 0.0% | 28 gaps > one bar (weekends/closures expected)
goldvar/minute/bid: 39,297 bars | OK | zero-volume 0.0% | 28 gaps > one bar (weekends/closures expected)
goldvar/minute/ask: 39,298 bars | OK | zero-volume 0.0% | 28 gaps > one bar (weekends/closures expected)
goldvar/quarter/mid: 24,241 bars | OK | zero-volume 0.0% | 267 gaps > one bar (weekends/closures expected)
goldvar/quarter/bid: 24,241 bars | OK | zero-volume 0.0% | 267 gaps > one bar (weekends/closures expected)
goldvar/quarter/ask: 24,241 bars | OK | zero-volume 0.0% | 267 gaps > one bar (weekends/closures expected)
goldvar/hour/mid: 11,971 bars | OK | zero-volume 0.0% | 522 gaps > one bar (weekends/closures expected)
goldvar/hour/bid: 11,971 bars | OK | zero-volume 0.0% | 522 gaps > one bar (weekends/closures expected)
goldvar/hour/ask: 11,971 bars | OK | zero-volume 0.0% | 522 gaps > one bar (weekends/closures expected)
goldvar/day/mid: 3,842 bars | OK | zero-volume 60.91% | 766 gaps > one bar (weekends/closures expected)
goldvar/day/bid: 3,842 bars | OK | zero-volume 60.91% | 766 gaps > one bar (weekends/closures expected)
goldvar/day/ask: 3,842 bars | OK | zero-volume 60.91% | 766 gaps > one bar (weekends/closures expected)
eurusd/minute/mid: 40,750 bars | OK | zero-volume 0.0% | 182 gaps > one bar (weekends/closures expected)
eurusd/minute/bid: 40,750 bars | OK | zero-volume 0.0% | 182 gaps > one bar (weekends/closures expected)
eurusd/minute/ask: 40,750 bars | OK | zero-volume 0.0% | 182 gaps > one bar (weekends/closures expected)
eurusd/quarter/mid: 25,456 bars | OK | zero-volume 0.0% | 57 gaps > one bar (weekends/closures expected)
eurusd/quarter/bid: 25,456 bars | OK | zero-volume 0.0% | 57 gaps > one bar (weekends/closures expected)
eurusd/quarter/ask: 25,456 bars | OK | zero-volume 0.0% | 57 gaps > one bar (weekends/closures expected)
eurusd/hour/mid: 12,550 bars | OK | zero-volume 0.0% | 110 gaps > one bar (weekends/closures expected)
eurusd/hour/bid: 12,550 bars | OK | zero-volume 0.0% | 110 gaps > one bar (weekends/closures expected)
eurusd/hour/ask: 12,550 bars | OK | zero-volume 0.0% | 110 gaps > one bar (weekends/closures expected)
eurusd/day/mid: 7,445 bars | OK | zero-volume 79.36% | 1,441 gaps > one bar (weekends/closures expected)
eurusd/day/bid: 7,445 bars | OK | zero-volume 79.36% | 1,441 gaps > one bar (weekends/closures expected)
eurusd/day/ask: 7,445 bars | OK | zero-volume 79.36% | 1,441 gaps > one bar (weekends/closures expected)
uk100fut/minute/mid: 31,727 bars | OK | zero-volume 0.0% | 73 gaps > one bar (weekends/closures expected)
uk100fut/minute/bid: 31,727 bars | OK | zero-volume 0.0% | 73 gaps > one bar (weekends/closures expected)
uk100fut/minute/ask: 31,727 bars | OK | zero-volume 0.0% | 73 gaps > one bar (weekends/closures expected)
uk100fut/quarter/mid: 22,999 bars | OK | zero-volume 0.0% | 440 gaps > one bar (weekends/closures expected)
uk100fut/quarter/bid: 22,999 bars | OK | zero-volume 0.0% | 440 gaps > one bar (weekends/closures expected)
uk100fut/quarter/ask: 22,999 bars | OK | zero-volume 0.0% | 440 gaps > one bar (weekends/closures expected)
uk100fut/hour/mid: 11,500 bars | OK | zero-volume 0.0% | 508 gaps > one bar (weekends/closures expected)
uk100fut/hour/bid: 11,500 bars | OK | zero-volume 0.0% | 508 gaps > one bar (weekends/closures expected)
uk100fut/hour/ask: 11,500 bars | OK | zero-volume 0.0% | 508 gaps > one bar (weekends/closures expected)
uk100fut/day/mid: 1,289 bars | OK | zero-volume 49.5% | 270 gaps > one bar (weekends/closures expected)
uk100fut/day/bid: 1,289 bars | known {'open_outside_hl': 1} | zero-volume 49.5% | 270 gaps > one bar (weekends/closures expected)
uk100fut/day/ask: 1,289 bars | known {'close_outside_hl': 1} | zero-volume 49.5% | 270 gaps > one bar (weekends/closures expected)
uk100sep26/minute/mid: 31,728 bars | OK | zero-volume 0.0% | 73 gaps > one bar (weekends/closures expected)
uk100sep26/minute/bid: 31,728 bars | OK | zero-volume 0.0% | 73 gaps > one bar (weekends/closures expected)
uk100sep26/minute/ask: 31,728 bars | OK | zero-volume 0.0% | 73 gaps > one bar (weekends/closures expected)
uk100sep26/quarter/mid: 4,034 bars | OK | zero-volume 0.0% | 81 gaps > one bar (weekends/closures expected)
uk100sep26/quarter/bid: 4,034 bars | OK | zero-volume 0.0% | 81 gaps > one bar (weekends/closures expected)
uk100sep26/quarter/ask: 4,034 bars | OK | zero-volume 0.0% | 81 gaps > one bar (weekends/closures expected)
uk100sep26/hour/mid: 1,018 bars | OK | zero-volume 0.0% | 45 gaps > one bar (weekends/closures expected)
uk100sep26/hour/bid: 1,018 bars | OK | zero-volume 0.0% | 45 gaps > one bar (weekends/closures expected)
uk100sep26/hour/ask: 1,018 bars | OK | zero-volume 0.0% | 45 gaps > one bar (weekends/closures expected)
uk100sep26/day/mid: 45 bars | OK | zero-volume 0.0% | 9 gaps > one bar (weekends/closures expected)
uk100sep26/day/bid: 45 bars | OK | zero-volume 0.0% | 9 gaps > one bar (weekends/closures expected)
uk100sep26/day/ask: 45 bars | OK | zero-volume 0.0% | 9 gaps > one bar (weekends/closures expected)

All structural checks passed (known baseline accepted).

=== uk100  (cash 8.0-16.5 London) ===
    1min:  38,709 bars (14,438 cash) 2026-07-03 -> 2026-08-13   spread 0.8
   15min:  23,452 bars ( 8,821 cash) 2025-08-03 -> 2026-08-13   spread 0.8
      1h:  11,625 bars ( 4,594 cash) 2024-08-04 -> 2026-08-13   spread 0.8
      4h:   3,167 bars ( 1,533 cash) 2024-08-04 -> 2026-08-13   spread 0.8
      1d:   3,752 bars ( 3,752 cash) 2012-03-26 -> 2026-08-12   spread 0.0

=== ger40  (cash 8.0-16.5 London) ===
    1min:  38,526 bars (14,438 cash) 2026-07-05 -> 2026-08-13   spread 1.0
   15min:  23,485 bars ( 8,815 cash) 2025-08-04 -> 2026-08-13   spread 1.0
      1h:  11,676 bars ( 4,610 cash) 2024-08-04 -> 2026-08-13   spread 1.0
      4h:   3,182 bars ( 1,537 cash) 2024-08-04 -> 2026-08-13   spread 1.0
      1d:   3,771 bars ( 3,771 cash) 2012-01-30 -> 2026-08-12   spread 0.0

=== us500  (cash 9.5-16.0 London) ===
    1min:  39,167 bars (10,920 cash) 2026-07-05 -> 2026-08-13   spread 0.4
   15min:  24,119 bars ( 6,761 cash) 2025-08-04 -> 2026-08-13   spread 0.4
      1h:  11,945 bars ( 3,074 cash) 2024-08-04 -> 2026-08-13   spread 0.4
      4h:   3,124 bars (   547 cash) 2024-08-04 -> 2026-08-13   spread 0.425
      1d:   3,837 bars ( 3,837 cash) 2012-03-13 -> 2026-08-12   spread 0.0

=== us30  (cash 9.5-16.0 London) ===
    1min:  39,183 bars (10,920 cash) 2026-07-05 -> 2026-08-13   spread 1.9
   15min:  24,126 bars ( 6,767 cash) 2025-08-04 -> 2026-08-13   spread 1.9
      1h:  11,945 bars ( 3,074 cash) 2024-08-04 -> 2026-08-13   spread 1.9
      4h:   3,124 bars (   547 cash) 2024-08-04 -> 2026-08-13   spread 2.2667
      1d:   3,844 bars ( 3,844 cash) 2012-03-05 -> 2026-08-12   spread 0.0

=== ustech100  (cash 9.5-16.0 London) ===
    1min:  39,183 bars (10,920 cash) 2026-07-05 -> 2026-08-13   spread 0.9
   15min:  24,126 bars ( 6,767 cash) 2025-08-04 -> 2026-08-13   spread 0.9
      1h:  11,946 bars ( 3,074 cash) 2024-08-04 -> 2026-08-13   spread 0.9
      4h:   3,124 bars (   547 cash) 2024-08-04 -> 2026-08-13   spread 1.125
      1d:   3,844 bars ( 3,844 cash) 2012-03-05 -> 2026-08-12   spread 0.0

=== gold  (cash 8.0-16.0 London) ===
    1min:  39,297 bars (13,440 cash) 2026-07-05 -> 2026-08-13   spread 0.4
   15min:  24,241 bars ( 8,389 cash) 2025-08-04 -> 2026-08-13   spread 0.4
      1h:  11,971 bars ( 4,148 cash) 2024-08-04 -> 2026-08-13   spread 0.3
      4h:   3,238 bars ( 1,026 cash) 2024-08-04 -> 2026-08-13   spread 0.45
      1d:   3,842 bars ( 3,842 cash) 2011-12-30 -> 2026-08-12   spread 0.0

=== goldvar  (cash 8.0-16.0 London) ===
    1min:  39,297 bars (13,440 cash) 2026-07-05 -> 2026-08-13   spread 0.4
   15min:  24,241 bars ( 8,389 cash) 2025-08-04 -> 2026-08-13   spread 0.4
      1h:  11,971 bars ( 4,148 cash) 2024-08-04 -> 2026-08-13   spread 0.3
      4h:   3,238 bars ( 1,026 cash) 2024-08-04 -> 2026-08-13   spread 0.4
      1d:   3,842 bars ( 3,842 cash) 2011-12-30 -> 2026-08-12   spread 0.0

=== eurusd  (cash 8.0-21.0 London) ===
    1min:  40,750 bars (22,001 cash) 2026-07-05 -> 2026-08-13   spread 0.0001
   15min:  25,456 bars (13,764 cash) 2025-08-04 -> 2026-08-13   spread 0.0001
      1h:  12,550 bars ( 6,791 cash) 2024-08-04 -> 2026-08-13   spread 0.0
      4h:   3,247 bars ( 2,089 cash) 2024-08-04 -> 2026-08-13   spread 0.0
      1d:   7,445 bars ( 7,445 cash) 1999-01-04 -> 2026-08-12   spread 0.0

=== uk100fut  (cash 8.0-16.5 London) ===
    1min:  31,727 bars (11,891 cash) 2026-07-12 -> 2026-08-13   spread 1.3
   15min:  22,999 bars ( 8,651 cash) 2025-08-10 -> 2026-08-13   spread 1.3
      1h:  11,500 bars ( 4,549 cash) 2024-08-11 -> 2026-08-13   spread 1.3
      4h:   3,133 bars ( 1,518 cash) 2024-08-11 -> 2026-08-13   spread 1.3
      1d:   1,289 bars ( 1,289 cash) 2021-07-05 -> 2026-08-12   spread 5.0

=== uk100sep26  (cash 8.0-16.5 London) ===
    1min:  31,728 bars (11,892 cash) 2026-07-12 -> 2026-08-13   spread 4.0
   15min:   4,034 bars ( 1,506 cash) 2026-06-11 -> 2026-08-13   spread 4.0
      1h:   1,018 bars (   398 cash) 2026-06-11 -> 2026-08-13   spread 4.0
      4h:     278 bars (   133 cash) 2026-06-11 -> 2026-08-13   spread 4.0
      1d:      45 bars (    45 cash) 2026-06-11 -> 2026-08-12   spread 6.0

Wrote /Users/r.john/git/vc-tx2/clean_finsa/
uk100      14/14 passed
ger40      14/14 passed
us500      14/14 passed
us30       14/14 passed
ustech100  14/14 passed
gold       14/14 passed
goldvar    14/14 passed
eurusd     14/14 passed
uk100fut   14/14 passed
uk100sep26 14/14 passed

140/140 checks passed overall.
=== done 2026-08-13T09:42:35Z sync=0 validate=0 build=0 verify=0 ===
=== sync start 2026-08-13T15:28:39Z ===

=== uk100 (id 16645) -> /Users/r.john/git/vc-tx2/data ===
  minute/mid:
      page 1: 10,000 bars  2026-08-04 06:25:00+00:00 -> 2026-08-13 15:28:00+00:00
      page 2: 10,000 bars  2026-07-23 19:33:00+00:00 -> 2026-08-04 06:24:00+00:00
      page 3: 10,000 bars  2026-07-14 10:42:00+00:00 -> 2026-07-23 19:32:00+00:00
      page 4:  1,074 bars  2026-07-13 15:28:00+00:00 -> 2026-07-14 10:41:00+00:00
      fetched 31,073 | +350 new | store 39,059 bars  2026-07-03 -> 2026-08-13

  minute/bid:
      page 1: 10,000 bars  2026-08-04 06:25:00+00:00 -> 2026-08-13 15:28:00+00:00
      page 2: 10,000 bars  2026-07-23 19:33:00+00:00 -> 2026-08-04 06:24:00+00:00
      page 3: 10,000 bars  2026-07-14 10:42:00+00:00 -> 2026-07-23 19:32:00+00:00
      page 4:  1,074 bars  2026-07-13 15:28:00+00:00 -> 2026-07-14 10:41:00+00:00
      fetched 31,073 | +350 new | store 39,059 bars  2026-07-03 -> 2026-08-13

  minute/ask:
      page 1: 10,000 bars  2026-08-04 06:25:00+00:00 -> 2026-08-13 15:28:00+00:00
      page 2: 10,000 bars  2026-07-23 19:33:00+00:00 -> 2026-08-04 06:24:00+00:00
      page 3: 10,000 bars  2026-07-14 10:42:00+00:00 -> 2026-07-23 19:32:00+00:00
      page 4:  1,074 bars  2026-07-13 15:28:00+00:00 -> 2026-07-14 10:41:00+00:00
      fetched 31,073 | +350 new | store 39,059 bars  2026-07-03 -> 2026-08-13

  quarter/mid:
      page 1: 10,000 bars  2026-03-06 02:00:00+00:00 -> 2026-08-13 15:15:00+00:00
      page 2: 10,000 bars  2025-09-26 10:30:00+00:00 -> 2026-03-06 01:45:00+00:00
      page 3:  2,772 bars  2025-08-13 15:30:00+00:00 -> 2025-09-26 10:15:00+00:00
      fetched 22,771 | +23 new | store 23,475 bars  2025-08-03 -> 2026-08-13

  quarter/bid:
      page 1: 10,000 bars  2026-03-06 02:00:00+00:00 -> 2026-08-13 15:15:00+00:00
      page 2: 10,000 bars  2025-09-26 10:30:00+00:00 -> 2026-03-06 01:45:00+00:00
      page 3:  2,772 bars  2025-08-13 15:30:00+00:00 -> 2025-09-26 10:15:00+00:00
      fetched 22,771 | +23 new | store 23,475 bars  2025-08-03 -> 2026-08-13

  quarter/ask:
      page 1: 10,000 bars  2026-03-06 02:00:00+00:00 -> 2026-08-13 15:15:00+00:00
      page 2: 10,000 bars  2025-09-26 10:30:00+00:00 -> 2026-03-06 01:45:00+00:00
      page 3:  2,772 bars  2025-08-13 15:30:00+00:00 -> 2025-09-26 10:15:00+00:00
      fetched 22,771 | +23 new | store 23,475 bars  2025-08-03 -> 2026-08-13

  hour/mid:
      page 1: 10,000 bars  2024-11-13 14:00:00+00:00 -> 2026-08-13 15:00:00+00:00
      page 2:  1,477 bars  2024-08-13 16:00:00+00:00 -> 2024-11-13 13:00:00+00:00
      fetched 11,476 | +6 new | store 11,631 bars  2024-08-04 -> 2026-08-13

  hour/bid:
      page 1: 10,000 bars  2024-11-13 14:00:00+00:00 -> 2026-08-13 15:00:00+00:00
      page 2:  1,477 bars  2024-08-13 16:00:00+00:00 -> 2024-11-13 13:00:00+00:00
      fetched 11,476 | +6 new | store 11,631 bars  2024-08-04 -> 2026-08-13

  hour/ask:
      page 1: 10,000 bars  2024-11-13 14:00:00+00:00 -> 2026-08-13 15:00:00+00:00
      page 2:  1,477 bars  2024-08-13 16:00:00+00:00 -> 2024-11-13 13:00:00+00:00
      fetched 11,476 | +6 new | store 11,631 bars  2024-08-04 -> 2026-08-13

  day/mid:
      page 1:  3,753 bars  2012-03-26 00:00:00+00:00 -> 2026-08-13 00:00:00+00:00
      fetched 3,752 | +0 new | store 3,752 bars  2012-03-26 -> 2026-08-12

  day/bid:
      page 1:  3,753 bars  2012-03-26 00:00:00+00:00 -> 2026-08-13 00:00:00+00:00
      fetched 3,752 | +0 new | store 3,752 bars  2012-03-26 -> 2026-08-12  !! {'open_outside_hl': 2}

  day/ask:
      page 1:  3,753 bars  2012-03-26 00:00:00+00:00 -> 2026-08-13 00:00:00+00:00
      fetched 3,752 | +0 new | store 3,752 bars  2012-03-26 -> 2026-08-12  !! {'close_outside_hl': 2}


=== ger40 (id 17068) -> /Users/r.john/git/vc-tx2/data ===
  minute/mid:
      page 1: 10,000 bars  2026-08-04 06:21:00+00:00 -> 2026-08-13 15:29:00+00:00
      page 2: 10,000 bars  2026-07-23 19:37:00+00:00 -> 2026-08-04 06:20:00+00:00
      page 3: 10,000 bars  2026-07-14 10:42:00+00:00 -> 2026-07-23 19:36:00+00:00
      page 4:  1,075 bars  2026-07-13 15:29:00+00:00 -> 2026-07-14 10:41:00+00:00
      fetched 31,074 | +351 new | store 38,877 bars  2026-07-05 -> 2026-08-13

  minute/bid:
      page 1: 10,000 bars  2026-08-04 06:21:00+00:00 -> 2026-08-13 15:29:00+00:00
      page 2: 10,000 bars  2026-07-23 19:37:00+00:00 -> 2026-08-04 06:20:00+00:00
      page 3: 10,000 bars  2026-07-14 10:42:00+00:00 -> 2026-07-23 19:36:00+00:00
      page 4:  1,075 bars  2026-07-13 15:29:00+00:00 -> 2026-07-14 10:41:00+00:00
      fetched 31,074 | +351 new | store 38,877 bars  2026-07-05 -> 2026-08-13

  minute/ask:
      page 1: 10,000 bars  2026-08-04 06:21:00+00:00 -> 2026-08-13 15:29:00+00:00
      page 2: 10,000 bars  2026-07-23 19:37:00+00:00 -> 2026-08-04 06:20:00+00:00
      page 3: 10,000 bars  2026-07-14 10:42:00+00:00 -> 2026-07-23 19:36:00+00:00
      page 4:  1,075 bars  2026-07-13 15:29:00+00:00 -> 2026-07-14 10:41:00+00:00
      fetched 31,074 | +351 new | store 38,877 bars  2026-07-05 -> 2026-08-13

  quarter/mid:
      page 1: 10,000 bars  2026-03-09 07:15:00+00:00 -> 2026-08-13 15:15:00+00:00
      page 2: 10,000 bars  2025-09-26 13:30:00+00:00 -> 2026-03-09 07:00:00+00:00
      page 3:  2,883 bars  2025-08-13 15:30:00+00:00 -> 2025-09-26 13:15:00+00:00
      fetched 22,882 | +23 new | store 23,508 bars  2025-08-04 -> 2026-08-13

  quarter/bid:
      page 1: 10,000 bars  2026-03-09 07:15:00+00:00 -> 2026-08-13 15:15:00+00:00
      page 2: 10,000 bars  2025-09-26 13:30:00+00:00 -> 2026-03-09 07:00:00+00:00
      page 3:  2,883 bars  2025-08-13 15:30:00+00:00 -> 2025-09-26 13:15:00+00:00
      fetched 22,882 | +23 new | store 23,508 bars  2025-08-04 -> 2026-08-13

  quarter/ask:
      page 1: 10,000 bars  2026-03-09 07:15:00+00:00 -> 2026-08-13 15:15:00+00:00
      page 2: 10,000 bars  2025-09-26 13:30:00+00:00 -> 2026-03-09 07:00:00+00:00
      page 3:  2,883 bars  2025-08-13 15:30:00+00:00 -> 2025-09-26 13:15:00+00:00
      fetched 22,882 | +23 new | store 23,508 bars  2025-08-04 -> 2026-08-13

  hour/mid:
      page 1: 10,000 bars  2024-11-14 17:00:00+00:00 -> 2026-08-13 15:00:00+00:00
      page 2:  1,528 bars  2024-08-13 16:00:00+00:00 -> 2024-11-14 16:00:00+00:00
      fetched 11,527 | +6 new | store 11,682 bars  2024-08-04 -> 2026-08-13

  hour/bid:
      page 1: 10,000 bars  2024-11-14 17:00:00+00:00 -> 2026-08-13 15:00:00+00:00
      page 2:  1,528 bars  2024-08-13 16:00:00+00:00 -> 2024-11-14 16:00:00+00:00
      fetched 11,527 | +6 new | store 11,682 bars  2024-08-04 -> 2026-08-13

  hour/ask:
      page 1: 10,000 bars  2024-11-14 17:00:00+00:00 -> 2026-08-13 15:00:00+00:00
      page 2:  1,528 bars  2024-08-13 16:00:00+00:00 -> 2024-11-14 16:00:00+00:00
      fetched 11,527 | +6 new | store 11,682 bars  2024-08-04 -> 2026-08-13

  day/mid:
      page 1:  3,772 bars  2012-01-30 00:00:00+00:00 -> 2026-08-13 00:00:00+00:00
      fetched 3,771 | +0 new | store 3,771 bars  2012-01-30 -> 2026-08-12

  day/bid:
      page 1:  3,772 bars  2012-01-30 00:00:00+00:00 -> 2026-08-13 00:00:00+00:00
      fetched 3,771 | +0 new | store 3,771 bars  2012-01-30 -> 2026-08-12

  day/ask:
      page 1:  3,772 bars  2012-01-30 00:00:00+00:00 -> 2026-08-13 00:00:00+00:00
      fetched 3,771 | +0 new | store 3,771 bars  2012-01-30 -> 2026-08-12


=== us30 (id 17322) -> /Users/r.john/git/vc-tx2/data ===
  minute/mid:
      page 1: 10,000 bars  2026-08-04 09:19:00+00:00 -> 2026-08-13 15:29:00+00:00
      page 2: 10,000 bars  2026-07-24 02:37:00+00:00 -> 2026-08-04 09:18:00+00:00
      page 3: 10,000 bars  2026-07-14 19:26:00+00:00 -> 2026-07-24 02:36:00+00:00
      page 4:  1,617 bars  2026-07-13 15:29:00+00:00 -> 2026-07-14 19:25:00+00:00
      fetched 31,616 | +350 new | store 39,533 bars  2026-07-05 -> 2026-08-13

  minute/bid:
      page 1: 10,000 bars  2026-08-04 09:19:00+00:00 -> 2026-08-13 15:29:00+00:00
      page 2: 10,000 bars  2026-07-24 02:37:00+00:00 -> 2026-08-04 09:18:00+00:00
      page 3: 10,000 bars  2026-07-14 19:26:00+00:00 -> 2026-07-24 02:36:00+00:00
      page 4:  1,617 bars  2026-07-13 15:29:00+00:00 -> 2026-07-14 19:25:00+00:00
      fetched 31,616 | +350 new | store 39,533 bars  2026-07-05 -> 2026-08-13

  minute/ask:
      page 1: 10,000 bars  2026-08-04 09:19:00+00:00 -> 2026-08-13 15:29:00+00:00
      page 2: 10,000 bars  2026-07-24 02:37:00+00:00 -> 2026-08-04 09:18:00+00:00
      page 3: 10,000 bars  2026-07-14 19:26:00+00:00 -> 2026-07-24 02:36:00+00:00
      page 4:  1,617 bars  2026-07-13 15:29:00+00:00 -> 2026-07-14 19:25:00+00:00
      fetched 31,616 | +350 new | store 39,533 bars  2026-07-05 -> 2026-08-13

  quarter/mid:
      page 1: 10,000 bars  2026-03-12 16:00:00+00:00 -> 2026-08-13 15:15:00+00:00
      page 2: 10,000 bars  2025-10-07 05:30:00+00:00 -> 2026-03-12 15:45:00+00:00
      page 3:  3,516 bars  2025-08-13 15:30:00+00:00 -> 2025-10-07 05:15:00+00:00
      fetched 23,515 | +23 new | store 24,149 bars  2025-08-04 -> 2026-08-13

  quarter/bid:
      page 1: 10,000 bars  2026-03-12 16:00:00+00:00 -> 2026-08-13 15:15:00+00:00
      page 2: 10,000 bars  2025-10-07 05:30:00+00:00 -> 2026-03-12 15:45:00+00:00
      page 3:  3,516 bars  2025-08-13 15:30:00+00:00 -> 2025-10-07 05:15:00+00:00
      fetched 23,515 | +23 new | store 24,149 bars  2025-08-04 -> 2026-08-13

  quarter/ask:
      page 1: 10,000 bars  2026-03-12 16:00:00+00:00 -> 2026-08-13 15:15:00+00:00
      page 2: 10,000 bars  2025-10-07 05:30:00+00:00 -> 2026-03-12 15:45:00+00:00
      page 3:  3,516 bars  2025-08-13 15:30:00+00:00 -> 2025-10-07 05:15:00+00:00
      fetched 23,515 | +23 new | store 24,149 bars  2025-08-04 -> 2026-08-13

  hour/mid:
      page 1: 10,000 bars  2024-12-02 07:00:00+00:00 -> 2026-08-13 15:00:00+00:00
      page 2:  1,796 bars  2024-08-13 16:00:00+00:00 -> 2024-12-02 06:00:00+00:00
      fetched 11,795 | +6 new | store 11,951 bars  2024-08-04 -> 2026-08-13

  hour/bid:
      page 1: 10,000 bars  2024-12-02 07:00:00+00:00 -> 2026-08-13 15:00:00+00:00
      page 2:  1,796 bars  2024-08-13 16:00:00+00:00 -> 2024-12-02 06:00:00+00:00
      fetched 11,795 | +6 new | store 11,951 bars  2024-08-04 -> 2026-08-13

  hour/ask:
      page 1: 10,000 bars  2024-12-02 07:00:00+00:00 -> 2026-08-13 15:00:00+00:00
      page 2:  1,796 bars  2024-08-13 16:00:00+00:00 -> 2024-12-02 06:00:00+00:00
      fetched 11,795 | +6 new | store 11,951 bars  2024-08-04 -> 2026-08-13

  day/mid:
      page 1:  3,845 bars  2012-03-05 00:00:00+00:00 -> 2026-08-13 00:00:00+00:00
      fetched 3,844 | +0 new | store 3,844 bars  2012-03-05 -> 2026-08-12

  day/bid:
      page 1:  3,845 bars  2012-03-05 00:00:00+00:00 -> 2026-08-13 00:00:00+00:00
      fetched 3,844 | +0 new | store 3,844 bars  2012-03-05 -> 2026-08-12

  day/ask:
      page 1:  3,845 bars  2012-03-05 00:00:00+00:00 -> 2026-08-13 00:00:00+00:00
      fetched 3,844 | +0 new | store 3,844 bars  2012-03-05 -> 2026-08-12


=== ustech100 (id 20190) -> /Users/r.john/git/vc-tx2/data ===
  minute/mid:
      page 1: 10,000 bars  2026-08-04 09:20:00+00:00 -> 2026-08-13 15:30:00+00:00
      page 2: 10,000 bars  2026-07-24 02:38:00+00:00 -> 2026-08-04 09:19:00+00:00
      page 3: 10,000 bars  2026-07-14 19:27:00+00:00 -> 2026-07-24 02:37:00+00:00
      page 4:  1,617 bars  2026-07-13 15:30:00+00:00 -> 2026-07-14 19:26:00+00:00
      fetched 31,616 | +351 new | store 39,534 bars  2026-07-05 -> 2026-08-13

  minute/bid:
      page 1: 10,000 bars  2026-08-04 09:20:00+00:00 -> 2026-08-13 15:30:00+00:00
      page 2: 10,000 bars  2026-07-24 02:38:00+00:00 -> 2026-08-04 09:19:00+00:00
      page 3: 10,000 bars  2026-07-14 19:27:00+00:00 -> 2026-07-24 02:37:00+00:00
      page 4:  1,617 bars  2026-07-13 15:30:00+00:00 -> 2026-07-14 19:26:00+00:00
      fetched 31,616 | +351 new | store 39,534 bars  2026-07-05 -> 2026-08-13

  minute/ask:
      page 1: 10,000 bars  2026-08-04 09:20:00+00:00 -> 2026-08-13 15:30:00+00:00
      page 2: 10,000 bars  2026-07-24 02:38:00+00:00 -> 2026-08-04 09:19:00+00:00
      page 3: 10,000 bars  2026-07-14 19:27:00+00:00 -> 2026-07-24 02:37:00+00:00
      page 4:  1,617 bars  2026-07-13 15:30:00+00:00 -> 2026-07-14 19:26:00+00:00
      fetched 31,616 | +351 new | store 39,534 bars  2026-07-05 -> 2026-08-13

  quarter/mid:
      page 1: 10,000 bars  2026-03-12 16:30:00+00:00 -> 2026-08-13 15:30:00+00:00
      page 2: 10,000 bars  2025-10-07 05:45:00+00:00 -> 2026-03-12 16:15:00+00:00
      page 3:  3,517 bars  2025-08-13 15:30:00+00:00 -> 2025-10-07 05:30:00+00:00
      fetched 23,516 | +24 new | store 24,150 bars  2025-08-04 -> 2026-08-13

  quarter/bid:
      page 1: 10,000 bars  2026-03-12 16:30:00+00:00 -> 2026-08-13 15:30:00+00:00
      page 2: 10,000 bars  2025-10-07 05:45:00+00:00 -> 2026-03-12 16:15:00+00:00
      page 3:  3,517 bars  2025-08-13 15:30:00+00:00 -> 2025-10-07 05:30:00+00:00
      fetched 23,516 | +24 new | store 24,150 bars  2025-08-04 -> 2026-08-13

  quarter/ask:
      page 1: 10,000 bars  2026-03-12 16:30:00+00:00 -> 2026-08-13 15:30:00+00:00
      page 2: 10,000 bars  2025-10-07 05:45:00+00:00 -> 2026-03-12 16:15:00+00:00
      page 3:  3,517 bars  2025-08-13 15:30:00+00:00 -> 2025-10-07 05:30:00+00:00
      fetched 23,516 | +24 new | store 24,150 bars  2025-08-04 -> 2026-08-13

  hour/mid:
      page 1: 10,000 bars  2024-12-02 08:00:00+00:00 -> 2026-08-13 15:00:00+00:00
      page 2:  1,797 bars  2024-08-13 16:00:00+00:00 -> 2024-12-02 07:00:00+00:00
      fetched 11,796 | +6 new | store 11,952 bars  2024-08-04 -> 2026-08-13

  hour/bid:
      page 1: 10,000 bars  2024-12-02 08:00:00+00:00 -> 2026-08-13 15:00:00+00:00
      page 2:  1,797 bars  2024-08-13 16:00:00+00:00 -> 2024-12-02 07:00:00+00:00
      fetched 11,796 | +6 new | store 11,952 bars  2024-08-04 -> 2026-08-13

  hour/ask:
      page 1: 10,000 bars  2024-12-02 08:00:00+00:00 -> 2026-08-13 15:00:00+00:00
      page 2:  1,797 bars  2024-08-13 16:00:00+00:00 -> 2024-12-02 07:00:00+00:00
      fetched 11,796 | +6 new | store 11,952 bars  2024-08-04 -> 2026-08-13

  day/mid:
      page 1:  3,845 bars  2012-03-05 00:00:00+00:00 -> 2026-08-13 00:00:00+00:00
      fetched 3,844 | +0 new | store 3,844 bars  2012-03-05 -> 2026-08-12

  day/bid:
      page 1:  3,845 bars  2012-03-05 00:00:00+00:00 -> 2026-08-13 00:00:00+00:00
      fetched 3,844 | +0 new | store 3,844 bars  2012-03-05 -> 2026-08-12

  day/ask:
      page 1:  3,845 bars  2012-03-05 00:00:00+00:00 -> 2026-08-13 00:00:00+00:00
      fetched 3,844 | +0 new | store 3,844 bars  2012-03-05 -> 2026-08-12


=== us500 (id 67995) -> /Users/r.john/git/vc-tx2/data ===
  minute/mid:
      page 1: 10,000 bars  2026-08-04 09:09:00+00:00 -> 2026-08-13 15:30:00+00:00
      page 2: 10,000 bars  2026-07-24 02:26:00+00:00 -> 2026-08-04 09:08:00+00:00
      page 3: 10,000 bars  2026-07-14 19:11:00+00:00 -> 2026-07-24 02:25:00+00:00
      page 4:  1,601 bars  2026-07-13 15:30:00+00:00 -> 2026-07-14 19:10:00+00:00
      fetched 31,600 | +351 new | store 39,518 bars  2026-07-05 -> 2026-08-13

  minute/bid:
      page 1: 10,000 bars  2026-08-04 09:09:00+00:00 -> 2026-08-13 15:30:00+00:00
      page 2: 10,000 bars  2026-07-24 02:26:00+00:00 -> 2026-08-04 09:08:00+00:00
      page 3: 10,000 bars  2026-07-14 19:11:00+00:00 -> 2026-07-24 02:25:00+00:00
      page 4:  1,601 bars  2026-07-13 15:30:00+00:00 -> 2026-07-14 19:10:00+00:00
      fetched 31,600 | +351 new | store 39,518 bars  2026-07-05 -> 2026-08-13

  minute/ask:
      page 1: 10,000 bars  2026-08-04 09:09:00+00:00 -> 2026-08-13 15:30:00+00:00
      page 2: 10,000 bars  2026-07-24 02:26:00+00:00 -> 2026-08-04 09:08:00+00:00
      page 3: 10,000 bars  2026-07-14 19:11:00+00:00 -> 2026-07-24 02:25:00+00:00
      page 4:  1,601 bars  2026-07-13 15:30:00+00:00 -> 2026-07-14 19:10:00+00:00
      fetched 31,600 | +351 new | store 39,518 bars  2026-07-05 -> 2026-08-13

  quarter/mid:
      page 1: 10,000 bars  2026-03-12 15:15:00+00:00 -> 2026-08-13 15:30:00+00:00
      page 2: 10,000 bars  2025-10-07 04:30:00+00:00 -> 2026-03-12 15:00:00+00:00
      page 3:  3,512 bars  2025-08-13 15:30:00+00:00 -> 2025-10-07 04:15:00+00:00
      fetched 23,511 | +24 new | store 24,143 bars  2025-08-04 -> 2026-08-13

  quarter/bid:
      page 1: 10,000 bars  2026-03-12 15:15:00+00:00 -> 2026-08-13 15:30:00+00:00
      page 2: 10,000 bars  2025-10-07 04:30:00+00:00 -> 2026-03-12 15:00:00+00:00
      page 3:  3,512 bars  2025-08-13 15:30:00+00:00 -> 2025-10-07 04:15:00+00:00
      fetched 23,511 | +24 new | store 24,143 bars  2025-08-04 -> 2026-08-13

  quarter/ask:
      page 1: 10,000 bars  2026-03-12 15:15:00+00:00 -> 2026-08-13 15:30:00+00:00
      page 2: 10,000 bars  2025-10-07 04:30:00+00:00 -> 2026-03-12 15:00:00+00:00
      page 3:  3,512 bars  2025-08-13 15:30:00+00:00 -> 2025-10-07 04:15:00+00:00
      fetched 23,511 | +24 new | store 24,143 bars  2025-08-04 -> 2026-08-13

  hour/mid:
      page 1: 10,000 bars  2024-12-02 07:00:00+00:00 -> 2026-08-13 15:00:00+00:00
      page 2:  1,796 bars  2024-08-13 16:00:00+00:00 -> 2024-12-02 06:00:00+00:00
      fetched 11,795 | +6 new | store 11,951 bars  2024-08-04 -> 2026-08-13

  hour/bid:
      page 1: 10,000 bars  2024-12-02 07:00:00+00:00 -> 2026-08-13 15:00:00+00:00
      page 2:  1,796 bars  2024-08-13 16:00:00+00:00 -> 2024-12-02 06:00:00+00:00
      fetched 11,795 | +6 new | store 11,951 bars  2024-08-04 -> 2026-08-13

  hour/ask:
      page 1: 10,000 bars  2024-12-02 07:00:00+00:00 -> 2026-08-13 15:00:00+00:00
      page 2:  1,796 bars  2024-08-13 16:00:00+00:00 -> 2024-12-02 06:00:00+00:00
      fetched 11,795 | +6 new | store 11,951 bars  2024-08-04 -> 2026-08-13

  day/mid:
      page 1:  3,838 bars  2012-03-13 00:00:00+00:00 -> 2026-08-13 00:00:00+00:00
      fetched 3,837 | +0 new | store 3,837 bars  2012-03-13 -> 2026-08-12

  day/bid:
      page 1:  3,838 bars  2012-03-13 00:00:00+00:00 -> 2026-08-13 00:00:00+00:00
      fetched 3,837 | +0 new | store 3,837 bars  2012-03-13 -> 2026-08-12

  day/ask:
      page 1:  3,838 bars  2012-03-13 00:00:00+00:00 -> 2026-08-13 00:00:00+00:00
      fetched 3,837 | +0 new | store 3,837 bars  2012-03-13 -> 2026-08-12


=== gold (id 68924) -> /Users/r.john/git/vc-tx2/data ===
  minute/mid:
      page 1: 10,000 bars  2026-08-04 09:43:00+00:00 -> 2026-08-13 15:31:00+00:00
      page 2: 10,000 bars  2026-07-24 03:52:00+00:00 -> 2026-08-04 09:42:00+00:00
      page 3: 10,000 bars  2026-07-14 20:58:00+00:00 -> 2026-07-24 03:51:00+00:00
      page 4:  1,706 bars  2026-07-13 15:31:00+00:00 -> 2026-07-14 20:57:00+00:00
      fetched 31,705 | +351 new | store 39,648 bars  2026-07-05 -> 2026-08-13

  minute/bid:
      page 1: 10,000 bars  2026-08-04 09:43:00+00:00 -> 2026-08-13 15:31:00+00:00
      page 2: 10,000 bars  2026-07-24 03:52:00+00:00 -> 2026-08-04 09:42:00+00:00
      page 3: 10,000 bars  2026-07-14 20:58:00+00:00 -> 2026-07-24 03:51:00+00:00
      page 4:  1,706 bars  2026-07-13 15:31:00+00:00 -> 2026-07-14 20:57:00+00:00
      fetched 31,705 | +351 new | store 39,648 bars  2026-07-05 -> 2026-08-13

  minute/ask:
      page 1: 10,000 bars  2026-08-04 09:43:00+00:00 -> 2026-08-13 15:31:00+00:00
      page 2: 10,000 bars  2026-07-24 03:52:00+00:00 -> 2026-08-04 09:42:00+00:00
      page 3: 10,000 bars  2026-07-14 20:58:00+00:00 -> 2026-07-24 03:51:00+00:00
      page 4:  1,706 bars  2026-07-13 15:31:00+00:00 -> 2026-07-14 20:57:00+00:00
      fetched 31,705 | +351 new | store 39,648 bars  2026-07-05 -> 2026-08-13

  quarter/mid:
      page 1: 10,000 bars  2026-03-12 12:15:00+00:00 -> 2026-08-13 15:30:00+00:00
      page 2: 10,000 bars  2025-10-08 05:30:00+00:00 -> 2026-03-12 12:00:00+00:00
      page 3:  3,629 bars  2025-08-13 15:45:00+00:00 -> 2025-10-08 05:15:00+00:00
      fetched 23,628 | +24 new | store 24,265 bars  2025-08-04 -> 2026-08-13

  quarter/bid:
      page 1: 10,000 bars  2026-03-12 12:15:00+00:00 -> 2026-08-13 15:30:00+00:00
      page 2: 10,000 bars  2025-10-08 05:30:00+00:00 -> 2026-03-12 12:00:00+00:00
      page 3:  3,629 bars  2025-08-13 15:45:00+00:00 -> 2025-10-08 05:15:00+00:00
      fetched 23,628 | +24 new | store 24,265 bars  2025-08-04 -> 2026-08-13

  quarter/ask:
      page 1: 10,000 bars  2026-03-12 12:15:00+00:00 -> 2026-08-13 15:30:00+00:00
      page 2: 10,000 bars  2025-10-08 05:30:00+00:00 -> 2026-03-12 12:00:00+00:00
      page 3:  3,629 bars  2025-08-13 15:45:00+00:00 -> 2025-10-08 05:15:00+00:00
      fetched 23,628 | +24 new | store 24,265 bars  2025-08-04 -> 2026-08-13

  hour/mid:
      page 1: 10,000 bars  2024-12-03 07:00:00+00:00 -> 2026-08-13 15:00:00+00:00
      page 2:  1,822 bars  2024-08-13 16:00:00+00:00 -> 2024-12-03 06:00:00+00:00
      fetched 11,821 | +6 new | store 11,977 bars  2024-08-04 -> 2026-08-13

  hour/bid:
      page 1: 10,000 bars  2024-12-03 07:00:00+00:00 -> 2026-08-13 15:00:00+00:00
      page 2:  1,822 bars  2024-08-13 16:00:00+00:00 -> 2024-12-03 06:00:00+00:00
      fetched 11,821 | +6 new | store 11,977 bars  2024-08-04 -> 2026-08-13

  hour/ask:
      page 1: 10,000 bars  2024-12-03 07:00:00+00:00 -> 2026-08-13 15:00:00+00:00
      page 2:  1,822 bars  2024-08-13 16:00:00+00:00 -> 2024-12-03 06:00:00+00:00
      fetched 11,821 | +6 new | store 11,977 bars  2024-08-04 -> 2026-08-13

  day/mid:
      page 1:  3,843 bars  2011-12-30 00:00:00+00:00 -> 2026-08-13 00:00:00+00:00
      fetched 3,842 | +0 new | store 3,842 bars  2011-12-30 -> 2026-08-12

  day/bid:
      page 1:  3,843 bars  2011-12-30 00:00:00+00:00 -> 2026-08-13 00:00:00+00:00
      fetched 3,842 | +0 new | store 3,842 bars  2011-12-30 -> 2026-08-12

  day/ask:
      page 1:  3,843 bars  2011-12-30 00:00:00+00:00 -> 2026-08-13 00:00:00+00:00
      fetched 3,842 | +0 new | store 3,842 bars  2011-12-30 -> 2026-08-12


=== goldvar (id 72302) -> /Users/r.john/git/vc-tx2/data ===
  minute/mid:
      page 1: 10,000 bars  2026-08-04 09:43:00+00:00 -> 2026-08-13 15:31:00+00:00
      page 2: 10,000 bars  2026-07-24 03:52:00+00:00 -> 2026-08-04 09:42:00+00:00
      page 3: 10,000 bars  2026-07-14 20:58:00+00:00 -> 2026-07-24 03:51:00+00:00
      page 4:  1,706 bars  2026-07-13 15:31:00+00:00 -> 2026-07-14 20:57:00+00:00
      fetched 31,705 | +351 new | store 39,648 bars  2026-07-05 -> 2026-08-13

  minute/bid:
      page 1: 10,000 bars  2026-08-04 09:43:00+00:00 -> 2026-08-13 15:31:00+00:00
      page 2: 10,000 bars  2026-07-24 03:52:00+00:00 -> 2026-08-04 09:42:00+00:00
      page 3: 10,000 bars  2026-07-14 20:58:00+00:00 -> 2026-07-24 03:51:00+00:00
      page 4:  1,706 bars  2026-07-13 15:31:00+00:00 -> 2026-07-14 20:57:00+00:00
      fetched 31,705 | +351 new | store 39,648 bars  2026-07-05 -> 2026-08-13

  minute/ask:
      page 1: 10,000 bars  2026-08-04 09:43:00+00:00 -> 2026-08-13 15:31:00+00:00
      page 2: 10,000 bars  2026-07-24 03:52:00+00:00 -> 2026-08-04 09:42:00+00:00
      page 3: 10,000 bars  2026-07-14 20:58:00+00:00 -> 2026-07-24 03:51:00+00:00
      page 4:  1,706 bars  2026-07-13 15:31:00+00:00 -> 2026-07-14 20:57:00+00:00
      fetched 31,705 | +350 new | store 39,648 bars  2026-07-05 -> 2026-08-13

  quarter/mid:
      page 1: 10,000 bars  2026-03-12 12:15:00+00:00 -> 2026-08-13 15:30:00+00:00
      page 2: 10,000 bars  2025-10-08 05:30:00+00:00 -> 2026-03-12 12:00:00+00:00
      page 3:  3,629 bars  2025-08-13 15:45:00+00:00 -> 2025-10-08 05:15:00+00:00
      fetched 23,628 | +24 new | store 24,265 bars  2025-08-04 -> 2026-08-13

  quarter/bid:
      page 1: 10,000 bars  2026-03-12 12:15:00+00:00 -> 2026-08-13 15:30:00+00:00
      page 2: 10,000 bars  2025-10-08 05:30:00+00:00 -> 2026-03-12 12:00:00+00:00
      page 3:  3,629 bars  2025-08-13 15:45:00+00:00 -> 2025-10-08 05:15:00+00:00
      fetched 23,628 | +24 new | store 24,265 bars  2025-08-04 -> 2026-08-13

  quarter/ask:
      page 1: 10,000 bars  2026-03-12 12:15:00+00:00 -> 2026-08-13 15:30:00+00:00
      page 2: 10,000 bars  2025-10-08 05:30:00+00:00 -> 2026-03-12 12:00:00+00:00
      page 3:  3,629 bars  2025-08-13 15:45:00+00:00 -> 2025-10-08 05:15:00+00:00
      fetched 23,628 | +24 new | store 24,265 bars  2025-08-04 -> 2026-08-13

  hour/mid:
      page 1: 10,000 bars  2024-12-03 07:00:00+00:00 -> 2026-08-13 15:00:00+00:00
      page 2:  1,822 bars  2024-08-13 16:00:00+00:00 -> 2024-12-03 06:00:00+00:00
      fetched 11,821 | +6 new | store 11,977 bars  2024-08-04 -> 2026-08-13

  hour/bid:
      page 1: 10,000 bars  2024-12-03 07:00:00+00:00 -> 2026-08-13 15:00:00+00:00
      page 2:  1,822 bars  2024-08-13 16:00:00+00:00 -> 2024-12-03 06:00:00+00:00
      fetched 11,821 | +6 new | store 11,977 bars  2024-08-04 -> 2026-08-13

  hour/ask:
      page 1: 10,000 bars  2024-12-03 07:00:00+00:00 -> 2026-08-13 15:00:00+00:00
      page 2:  1,822 bars  2024-08-13 16:00:00+00:00 -> 2024-12-03 06:00:00+00:00
      fetched 11,821 | +6 new | store 11,977 bars  2024-08-04 -> 2026-08-13

  day/mid:
      page 1:  3,843 bars  2011-12-30 00:00:00+00:00 -> 2026-08-13 00:00:00+00:00
      fetched 3,842 | +0 new | store 3,842 bars  2011-12-30 -> 2026-08-12

  day/bid:
      page 1:  3,843 bars  2011-12-30 00:00:00+00:00 -> 2026-08-13 00:00:00+00:00
      fetched 3,842 | +0 new | store 3,842 bars  2011-12-30 -> 2026-08-12

  day/ask:
      page 1:  3,843 bars  2011-12-30 00:00:00+00:00 -> 2026-08-13 00:00:00+00:00
      fetched 3,842 | +0 new | store 3,842 bars  2011-12-30 -> 2026-08-12


=== eurusd (id 16635) -> /Users/r.john/git/vc-tx2/data ===
  minute/mid:
      page 1: 10,000 bars  2026-08-04 15:22:00+00:00 -> 2026-08-13 15:31:00+00:00
      page 2: 10,000 bars  2026-07-24 15:44:00+00:00 -> 2026-08-04 15:21:00+00:00
      page 3: 10,000 bars  2026-07-15 15:34:00+00:00 -> 2026-07-24 15:43:00+00:00
      page 4:  2,861 bars  2026-07-13 15:31:00+00:00 -> 2026-07-15 15:33:00+00:00
      fetched 32,860 | +350 new | store 41,100 bars  2026-07-05 -> 2026-08-13

  minute/bid:
      page 1: 10,000 bars  2026-08-04 15:23:00+00:00 -> 2026-08-13 15:32:00+00:00
      page 2: 10,000 bars  2026-07-24 15:45:00+00:00 -> 2026-08-04 15:22:00+00:00
      page 3: 10,000 bars  2026-07-15 15:35:00+00:00 -> 2026-07-24 15:44:00+00:00
      page 4:  2,862 bars  2026-07-13 15:31:00+00:00 -> 2026-07-15 15:34:00+00:00
      fetched 32,861 | +351 new | store 41,101 bars  2026-07-05 -> 2026-08-13

  minute/ask:
      page 1: 10,000 bars  2026-08-04 15:23:00+00:00 -> 2026-08-13 15:32:00+00:00
      page 2: 10,000 bars  2026-07-24 15:45:00+00:00 -> 2026-08-04 15:22:00+00:00
      page 3: 10,000 bars  2026-07-15 15:35:00+00:00 -> 2026-07-24 15:44:00+00:00
      page 4:  2,861 bars  2026-07-13 15:32:00+00:00 -> 2026-07-15 15:34:00+00:00
      fetched 32,860 | +351 new | store 41,101 bars  2026-07-05 -> 2026-08-13

  quarter/mid:
      page 1: 10,000 bars  2026-03-20 03:00:00+00:00 -> 2026-08-13 15:30:00+00:00
      page 2: 10,000 bars  2025-10-22 19:45:00+00:00 -> 2026-03-20 02:45:00+00:00
      page 3:  4,816 bars  2025-08-13 15:45:00+00:00 -> 2025-10-22 19:30:00+00:00
      fetched 24,815 | +24 new | store 25,480 bars  2025-08-04 -> 2026-08-13

  quarter/bid:
      page 1: 10,000 bars  2026-03-20 03:00:00+00:00 -> 2026-08-13 15:30:00+00:00
      page 2: 10,000 bars  2025-10-22 19:45:00+00:00 -> 2026-03-20 02:45:00+00:00
      page 3:  4,816 bars  2025-08-13 15:45:00+00:00 -> 2025-10-22 19:30:00+00:00
      fetched 24,815 | +24 new | store 25,480 bars  2025-08-04 -> 2026-08-13

  quarter/ask:
      page 1: 10,000 bars  2026-03-20 03:00:00+00:00 -> 2026-08-13 15:30:00+00:00
      page 2: 10,000 bars  2025-10-22 19:45:00+00:00 -> 2026-03-20 02:45:00+00:00
      page 3:  4,816 bars  2025-08-13 15:45:00+00:00 -> 2025-10-22 19:30:00+00:00
      fetched 24,815 | +24 new | store 25,480 bars  2025-08-04 -> 2026-08-13

  hour/mid:
      page 1: 10,000 bars  2025-01-02 14:00:00+00:00 -> 2026-08-13 15:00:00+00:00
      page 2:  2,394 bars  2024-08-13 16:00:00+00:00 -> 2025-01-02 13:00:00+00:00
      fetched 12,393 | +6 new | store 12,556 bars  2024-08-04 -> 2026-08-13

  hour/bid:
      page 1: 10,000 bars  2025-01-02 14:00:00+00:00 -> 2026-08-13 15:00:00+00:00
      page 2:  2,394 bars  2024-08-13 16:00:00+00:00 -> 2025-01-02 13:00:00+00:00
      fetched 12,393 | +6 new | store 12,556 bars  2024-08-04 -> 2026-08-13

  hour/ask:
      page 1: 10,000 bars  2025-01-02 14:00:00+00:00 -> 2026-08-13 15:00:00+00:00
      page 2:  2,394 bars  2024-08-13 16:00:00+00:00 -> 2025-01-02 13:00:00+00:00
      fetched 12,393 | +6 new | store 12,556 bars  2024-08-04 -> 2026-08-13

  day/mid:
      page 1:  7,446 bars  1999-01-04 00:00:00+00:00 -> 2026-08-13 00:00:00+00:00
      fetched 7,445 | +0 new | store 7,445 bars  1999-01-04 -> 2026-08-12

  day/bid:
      page 1:  7,446 bars  1999-01-04 00:00:00+00:00 -> 2026-08-13 00:00:00+00:00
      fetched 7,445 | +0 new | store 7,445 bars  1999-01-04 -> 2026-08-12

  day/ask:
      page 1:  7,446 bars  1999-01-04 00:00:00+00:00 -> 2026-08-13 00:00:00+00:00
      fetched 7,445 | +0 new | store 7,445 bars  1999-01-04 -> 2026-08-12


=== uk100fut (id 70152) -> /Users/r.john/git/vc-tx2/data ===
  minute/mid:
      page 1: 10,000 bars  2026-08-04 06:22:00+00:00 -> 2026-08-13 15:32:00+00:00
      page 2: 10,000 bars  2026-07-23 19:29:00+00:00 -> 2026-08-04 06:21:00+00:00
      page 3: 10,000 bars  2026-07-14 10:04:00+00:00 -> 2026-07-23 19:28:00+00:00
      page 4:  1,032 bars  2026-07-13 15:32:00+00:00 -> 2026-07-14 10:03:00+00:00
      fetched 31,031 | +312 new | store 32,078 bars  2026-07-12 -> 2026-08-13

  minute/bid:
      page 1: 10,000 bars  2026-08-04 06:22:00+00:00 -> 2026-08-13 15:32:00+00:00
      page 2: 10,000 bars  2026-07-23 19:29:00+00:00 -> 2026-08-04 06:21:00+00:00
      page 3: 10,000 bars  2026-07-14 10:04:00+00:00 -> 2026-07-23 19:28:00+00:00
      page 4:  1,032 bars  2026-07-13 15:32:00+00:00 -> 2026-07-14 10:03:00+00:00
      fetched 31,031 | +312 new | store 32,078 bars  2026-07-12 -> 2026-08-13

  minute/ask:
      page 1: 10,000 bars  2026-08-04 06:22:00+00:00 -> 2026-08-13 15:32:00+00:00
      page 2: 10,000 bars  2026-07-23 19:29:00+00:00 -> 2026-08-04 06:21:00+00:00
      page 3: 10,000 bars  2026-07-14 10:04:00+00:00 -> 2026-07-23 19:28:00+00:00
      page 4:  1,032 bars  2026-07-13 15:32:00+00:00 -> 2026-07-14 10:03:00+00:00
      fetched 31,031 | +312 new | store 32,078 bars  2026-07-12 -> 2026-08-13

  quarter/mid:
      page 1: 10,000 bars  2026-03-06 01:00:00+00:00 -> 2026-08-13 15:30:00+00:00
      page 2: 10,000 bars  2025-09-26 10:30:00+00:00 -> 2026-03-06 00:45:00+00:00
      page 3:  2,771 bars  2025-08-13 15:45:00+00:00 -> 2025-09-26 10:15:00+00:00
      fetched 22,770 | +24 new | store 23,023 bars  2025-08-10 -> 2026-08-13

  quarter/bid:
      page 1: 10,000 bars  2026-03-06 01:00:00+00:00 -> 2026-08-13 15:30:00+00:00
      page 2: 10,000 bars  2025-09-26 10:30:00+00:00 -> 2026-03-06 00:45:00+00:00
      page 3:  2,771 bars  2025-08-13 15:45:00+00:00 -> 2025-09-26 10:15:00+00:00
      fetched 22,770 | +24 new | store 23,023 bars  2025-08-10 -> 2026-08-13

  quarter/ask:
      page 1: 10,000 bars  2026-03-06 01:00:00+00:00 -> 2026-08-13 15:30:00+00:00
      page 2: 10,000 bars  2025-09-26 10:30:00+00:00 -> 2026-03-06 00:45:00+00:00
      page 3:  2,771 bars  2025-08-13 15:45:00+00:00 -> 2025-09-26 10:15:00+00:00
      fetched 22,770 | +24 new | store 23,023 bars  2025-08-10 -> 2026-08-13

  hour/mid:
      page 1: 10,000 bars  2024-11-13 03:00:00+00:00 -> 2026-08-13 15:00:00+00:00
      page 2:  1,466 bars  2024-08-13 16:00:00+00:00 -> 2024-11-13 02:00:00+00:00
      fetched 11,465 | +6 new | store 11,506 bars  2024-08-11 -> 2026-08-13

  hour/bid:
      page 1: 10,000 bars  2024-11-13 03:00:00+00:00 -> 2026-08-13 15:00:00+00:00
      page 2:  1,466 bars  2024-08-13 16:00:00+00:00 -> 2024-11-13 02:00:00+00:00
      fetched 11,465 | +6 new | store 11,506 bars  2024-08-11 -> 2026-08-13

  hour/ask:
      page 1: 10,000 bars  2024-11-13 03:00:00+00:00 -> 2026-08-13 15:00:00+00:00
      page 2:  1,466 bars  2024-08-13 16:00:00+00:00 -> 2024-11-13 02:00:00+00:00
      fetched 11,465 | +6 new | store 11,506 bars  2024-08-11 -> 2026-08-13

  day/mid:
      page 1:  1,290 bars  2021-07-05 00:00:00+00:00 -> 2026-08-13 00:00:00+00:00
      fetched 1,289 | +0 new | store 1,289 bars  2021-07-05 -> 2026-08-12

  day/bid:
      page 1:  1,290 bars  2021-07-05 00:00:00+00:00 -> 2026-08-13 00:00:00+00:00
      fetched 1,289 | +0 new | store 1,289 bars  2021-07-05 -> 2026-08-12  !! {'open_outside_hl': 1}

  day/ask:
      page 1:  1,290 bars  2021-07-05 00:00:00+00:00 -> 2026-08-13 00:00:00+00:00
      fetched 1,289 | +0 new | store 1,289 bars  2021-07-05 -> 2026-08-12  !! {'close_outside_hl': 1}


=== uk100sep26 (id 72516) -> /Users/r.john/git/vc-tx2/data ===
  minute/mid:
      page 1: 10,000 bars  2026-08-04 06:22:00+00:00 -> 2026-08-13 15:32:00+00:00
      page 2: 10,000 bars  2026-07-23 19:29:00+00:00 -> 2026-08-04 06:21:00+00:00
      page 3: 10,000 bars  2026-07-14 10:04:00+00:00 -> 2026-07-23 19:28:00+00:00
      page 4:  1,032 bars  2026-07-13 15:32:00+00:00 -> 2026-07-14 10:03:00+00:00
      fetched 31,031 | +350 new | store 32,078 bars  2026-07-12 -> 2026-08-13

  minute/bid:
      page 1: 10,000 bars  2026-08-04 06:23:00+00:00 -> 2026-08-13 15:33:00+00:00
      page 2: 10,000 bars  2026-07-23 19:30:00+00:00 -> 2026-08-04 06:22:00+00:00
      page 3: 10,000 bars  2026-07-14 10:05:00+00:00 -> 2026-07-23 19:29:00+00:00
      page 4:  1,033 bars  2026-07-13 15:32:00+00:00 -> 2026-07-14 10:04:00+00:00
      fetched 31,032 | +351 new | store 32,079 bars  2026-07-12 -> 2026-08-13

  minute/ask:
      page 1: 10,000 bars  2026-08-04 06:23:00+00:00 -> 2026-08-13 15:33:00+00:00
      page 2: 10,000 bars  2026-07-23 19:30:00+00:00 -> 2026-08-04 06:22:00+00:00
      page 3: 10,000 bars  2026-07-14 10:05:00+00:00 -> 2026-07-23 19:29:00+00:00
      page 4:  1,033 bars  2026-07-13 15:32:00+00:00 -> 2026-07-14 10:04:00+00:00
      fetched 31,032 | +351 new | store 32,079 bars  2026-07-12 -> 2026-08-13

  quarter/mid:
      page 1:  4,059 bars  2026-06-11 17:30:00+00:00 -> 2026-08-13 15:30:00+00:00
      fetched 4,058 | +24 new | store 4,058 bars  2026-06-11 -> 2026-08-13

  quarter/bid:
      page 1:  4,059 bars  2026-06-11 17:30:00+00:00 -> 2026-08-13 15:30:00+00:00
      fetched 4,058 | +24 new | store 4,058 bars  2026-06-11 -> 2026-08-13

  quarter/ask:
      page 1:  4,059 bars  2026-06-11 17:30:00+00:00 -> 2026-08-13 15:30:00+00:00
      fetched 4,058 | +24 new | store 4,058 bars  2026-06-11 -> 2026-08-13

  hour/mid:
      page 1:  1,025 bars  2026-06-11 17:00:00+00:00 -> 2026-08-13 15:00:00+00:00
      fetched 1,024 | +6 new | store 1,024 bars  2026-06-11 -> 2026-08-13

  hour/bid:
      page 1:  1,025 bars  2026-06-11 17:00:00+00:00 -> 2026-08-13 15:00:00+00:00
      fetched 1,024 | +6 new | store 1,024 bars  2026-06-11 -> 2026-08-13

  hour/ask:
      page 1:  1,025 bars  2026-06-11 17:00:00+00:00 -> 2026-08-13 15:00:00+00:00
      fetched 1,024 | +6 new | store 1,024 bars  2026-06-11 -> 2026-08-13

  day/mid:
      page 1:     46 bars  2026-06-11 00:00:00+00:00 -> 2026-08-13 00:00:00+00:00
      fetched 45 | +0 new | store 45 bars  2026-06-11 -> 2026-08-12

  day/bid:
      page 1:     46 bars  2026-06-11 00:00:00+00:00 -> 2026-08-13 00:00:00+00:00
      fetched 45 | +0 new | store 45 bars  2026-06-11 -> 2026-08-12

  day/ask:
      page 1:     46 bars  2026-06-11 00:00:00+00:00 -> 2026-08-13 00:00:00+00:00
      fetched 45 | +0 new | store 45 bars  2026-06-11 -> 2026-08-12


Done. `python3 collect.py status` for a summary.
     instr    feed side  bars       from         to  sessions  vol=0 %        last sync
     uk100  minute  mid 39059 2026-07-03 2026-08-13        36      0.0 2026-08-13T15:28
     uk100  minute  bid 39059 2026-07-03 2026-08-13        36      0.0 2026-08-13T15:28
     uk100  minute  ask 39059 2026-07-03 2026-08-13        36      0.0 2026-08-13T15:28
     uk100 quarter  mid 23475 2025-08-03 2026-08-13       311      0.0 2026-08-13T15:28
     uk100 quarter  bid 23475 2025-08-03 2026-08-13       311      0.0 2026-08-13T15:28
     uk100 quarter  ask 23475 2025-08-03 2026-08-13       311      0.0 2026-08-13T15:29
     uk100    hour  mid 11631 2024-08-04 2026-08-13       613      0.0 2026-08-13T15:29
     uk100    hour  bid 11631 2024-08-04 2026-08-13       613      0.0 2026-08-13T15:29
     uk100    hour  ask 11631 2024-08-04 2026-08-13       613      0.0 2026-08-13T15:29
     uk100     day  mid  3752 2012-03-26 2026-08-12      3752     59.9 2026-08-13T15:29
     uk100     day  bid  3752 2012-03-26 2026-08-12      3752     59.9 2026-08-13T15:29
     uk100     day  ask  3752 2012-03-26 2026-08-12      3752     59.9 2026-08-13T15:29
     ger40  minute  mid 38877 2026-07-05 2026-08-13        35      0.0 2026-08-13T15:29
     ger40  minute  bid 38877 2026-07-05 2026-08-13        35      0.0 2026-08-13T15:29
     ger40  minute  ask 38877 2026-07-05 2026-08-13        35      0.0 2026-08-13T15:29
     ger40 quarter  mid 23508 2025-08-04 2026-08-13       314      0.0 2026-08-13T15:29
     ger40 quarter  bid 23508 2025-08-04 2026-08-13       314      0.0 2026-08-13T15:29
     ger40 quarter  ask 23508 2025-08-04 2026-08-13       314      0.0 2026-08-13T15:29
     ger40    hour  mid 11682 2024-08-04 2026-08-13       621      0.0 2026-08-13T15:29
     ger40    hour  bid 11682 2024-08-04 2026-08-13       621      0.0 2026-08-13T15:29
     ger40    hour  ask 11682 2024-08-04 2026-08-13       621      0.0 2026-08-13T15:29
     ger40     day  mid  3771 2012-01-30 2026-08-12      3771     60.2 2026-08-13T15:29
     ger40     day  bid  3771 2012-01-30 2026-08-12      3771     60.2 2026-08-13T15:29
     ger40     day  ask  3771 2012-01-30 2026-08-12      3771     60.2 2026-08-13T15:29
      us30  minute  mid 39533 2026-07-05 2026-08-13        35      0.0 2026-08-13T15:29
      us30  minute  bid 39533 2026-07-05 2026-08-13        35      0.0 2026-08-13T15:29
      us30  minute  ask 39533 2026-07-05 2026-08-13        35      0.0 2026-08-13T15:29
      us30 quarter  mid 24149 2025-08-04 2026-08-13       322      0.0 2026-08-13T15:29
      us30 quarter  bid 24149 2025-08-04 2026-08-13       322      0.0 2026-08-13T15:29
      us30 quarter  ask 24149 2025-08-04 2026-08-13       322      0.0 2026-08-13T15:29
      us30    hour  mid 11951 2024-08-04 2026-08-13       634      0.0 2026-08-13T15:29
      us30    hour  bid 11951 2024-08-04 2026-08-13       634      0.0 2026-08-13T15:30
      us30    hour  ask 11951 2024-08-04 2026-08-13       634      0.0 2026-08-13T15:30
      us30     day  mid  3844 2012-03-05 2026-08-12      3844     60.9 2026-08-13T15:30
      us30     day  bid  3844 2012-03-05 2026-08-12      3844     60.9 2026-08-13T15:30
      us30     day  ask  3844 2012-03-05 2026-08-12      3844     60.9 2026-08-13T15:30
 ustech100  minute  mid 39534 2026-07-05 2026-08-13        35      0.0 2026-08-13T15:30
 ustech100  minute  bid 39534 2026-07-05 2026-08-13        35      0.0 2026-08-13T15:30
 ustech100  minute  ask 39534 2026-07-05 2026-08-13        35      0.0 2026-08-13T15:30
 ustech100 quarter  mid 24150 2025-08-04 2026-08-13       322      0.0 2026-08-13T15:30
 ustech100 quarter  bid 24150 2025-08-04 2026-08-13       322      0.0 2026-08-13T15:30
 ustech100 quarter  ask 24150 2025-08-04 2026-08-13       322      0.0 2026-08-13T15:30
 ustech100    hour  mid 11952 2024-08-04 2026-08-13       634      0.0 2026-08-13T15:30
 ustech100    hour  bid 11952 2024-08-04 2026-08-13       634      0.0 2026-08-13T15:30
 ustech100    hour  ask 11952 2024-08-04 2026-08-13       634      0.0 2026-08-13T15:30
 ustech100     day  mid  3844 2012-03-05 2026-08-12      3844     60.9 2026-08-13T15:30
 ustech100     day  bid  3844 2012-03-05 2026-08-12      3844     60.9 2026-08-13T15:30
 ustech100     day  ask  3844 2012-03-05 2026-08-12      3844     60.9 2026-08-13T15:30
     us500  minute  mid 39518 2026-07-05 2026-08-13        35      0.0 2026-08-13T15:30
     us500  minute  bid 39518 2026-07-05 2026-08-13        35      0.0 2026-08-13T15:30
     us500  minute  ask 39518 2026-07-05 2026-08-13        35      0.0 2026-08-13T15:30
     us500 quarter  mid 24143 2025-08-04 2026-08-13       322      0.0 2026-08-13T15:30
     us500 quarter  bid 24143 2025-08-04 2026-08-13       322      0.0 2026-08-13T15:30
     us500 quarter  ask 24143 2025-08-04 2026-08-13       322      0.0 2026-08-13T15:30
     us500    hour  mid 11951 2024-08-04 2026-08-13       634      0.0 2026-08-13T15:30
     us500    hour  bid 11951 2024-08-04 2026-08-13       634      0.0 2026-08-13T15:31
     us500    hour  ask 11951 2024-08-04 2026-08-13       634      0.0 2026-08-13T15:31
     us500     day  mid  3837 2012-03-13 2026-08-12      3837     60.8 2026-08-13T15:31
     us500     day  bid  3837 2012-03-13 2026-08-12      3837     60.8 2026-08-13T15:31
     us500     day  ask  3837 2012-03-13 2026-08-12      3837     60.8 2026-08-13T15:31
      gold  minute  mid 39648 2026-07-05 2026-08-13        35      0.0 2026-08-13T15:31
      gold  minute  bid 39648 2026-07-05 2026-08-13        35      0.0 2026-08-13T15:31
      gold  minute  ask 39648 2026-07-05 2026-08-13        35      0.0 2026-08-13T15:31
      gold quarter  mid 24265 2025-08-04 2026-08-13       321      0.0 2026-08-13T15:31
      gold quarter  bid 24265 2025-08-04 2026-08-13       321      0.0 2026-08-13T15:31
      gold quarter  ask 24265 2025-08-04 2026-08-13       321      0.0 2026-08-13T15:31
      gold    hour  mid 11977 2024-08-04 2026-08-13       633      0.0 2026-08-13T15:31
      gold    hour  bid 11977 2024-08-04 2026-08-13       633      0.0 2026-08-13T15:31
      gold    hour  ask 11977 2024-08-04 2026-08-13       633      0.0 2026-08-13T15:31
      gold     day  mid  3842 2011-12-30 2026-08-12      3842     60.9 2026-08-13T15:31
      gold     day  bid  3842 2011-12-30 2026-08-12      3842     60.9 2026-08-13T15:31
      gold     day  ask  3842 2011-12-30 2026-08-12      3842     60.9 2026-08-13T15:31
   goldvar  minute  mid 39648 2026-07-05 2026-08-13        35      0.0 2026-08-13T15:31
   goldvar  minute  bid 39648 2026-07-05 2026-08-13        35      0.0 2026-08-13T15:31
   goldvar  minute  ask 39648 2026-07-05 2026-08-13        35      0.0 2026-08-13T15:31
   goldvar quarter  mid 24265 2025-08-04 2026-08-13       321      0.0 2026-08-13T15:31
   goldvar quarter  bid 24265 2025-08-04 2026-08-13       321      0.0 2026-08-13T15:31
   goldvar quarter  ask 24265 2025-08-04 2026-08-13       321      0.0 2026-08-13T15:31
   goldvar    hour  mid 11977 2024-08-04 2026-08-13       633      0.0 2026-08-13T15:31
   goldvar    hour  bid 11977 2024-08-04 2026-08-13       633      0.0 2026-08-13T15:31
   goldvar    hour  ask 11977 2024-08-04 2026-08-13       633      0.0 2026-08-13T15:31
   goldvar     day  mid  3842 2011-12-30 2026-08-12      3842     60.9 2026-08-13T15:31
   goldvar     day  bid  3842 2011-12-30 2026-08-12      3842     60.9 2026-08-13T15:31
   goldvar     day  ask  3842 2011-12-30 2026-08-12      3842     60.9 2026-08-13T15:32
    eurusd  minute  mid 41100 2026-07-05 2026-08-13        35      0.0 2026-08-13T15:32
    eurusd  minute  bid 41101 2026-07-05 2026-08-13        35      0.0 2026-08-13T15:32
    eurusd  minute  ask 41101 2026-07-05 2026-08-13        35      0.0 2026-08-13T15:32
    eurusd quarter  mid 25480 2025-08-04 2026-08-13       322      0.0 2026-08-13T15:32
    eurusd quarter  bid 25480 2025-08-04 2026-08-13       322      0.0 2026-08-13T15:32
    eurusd quarter  ask 25480 2025-08-04 2026-08-13       322      0.0 2026-08-13T15:32
    eurusd    hour  mid 12556 2024-08-04 2026-08-13       634      0.0 2026-08-13T15:32
    eurusd    hour  bid 12556 2024-08-04 2026-08-13       634      0.0 2026-08-13T15:32
    eurusd    hour  ask 12556 2024-08-04 2026-08-13       634      0.0 2026-08-13T15:32
    eurusd     day  mid  7445 1999-01-04 2026-08-12      7445     79.4 2026-08-13T15:32
    eurusd     day  bid  7445 1999-01-04 2026-08-12      7445     79.4 2026-08-13T15:32
    eurusd     day  ask  7445 1999-01-04 2026-08-12      7445     79.4 2026-08-13T15:32
  uk100fut  minute  mid 32078 2026-07-12 2026-08-13        29      0.0 2026-08-13T15:32
  uk100fut  minute  bid 32078 2026-07-12 2026-08-13        29      0.0 2026-08-13T15:32
  uk100fut  minute  ask 32078 2026-07-12 2026-08-13        29      0.0 2026-08-13T15:32
  uk100fut quarter  mid 23023 2025-08-10 2026-08-13       306      0.0 2026-08-13T15:32
  uk100fut quarter  bid 23023 2025-08-10 2026-08-13       306      0.0 2026-08-13T15:32
  uk100fut quarter  ask 23023 2025-08-10 2026-08-13       306      0.0 2026-08-13T15:32
  uk100fut    hour  mid 11506 2024-08-11 2026-08-13       605      0.0 2026-08-13T15:32
  uk100fut    hour  bid 11506 2024-08-11 2026-08-13       605      0.0 2026-08-13T15:32
  uk100fut    hour  ask 11506 2024-08-11 2026-08-13       605      0.0 2026-08-13T15:32
  uk100fut     day  mid  1289 2021-07-05 2026-08-12      1289     49.5 2026-08-13T15:32
  uk100fut     day  bid  1289 2021-07-05 2026-08-12      1289     49.5 2026-08-13T15:32
  uk100fut     day  ask  1289 2021-07-05 2026-08-12      1289     49.5 2026-08-13T15:32
uk100sep26  minute  mid 32078 2026-07-12 2026-08-13        29      0.0 2026-08-13T15:33
uk100sep26  minute  bid 32079 2026-07-12 2026-08-13        29      0.0 2026-08-13T15:33
uk100sep26  minute  ask 32079 2026-07-12 2026-08-13        29      0.0 2026-08-13T15:33
uk100sep26 quarter  mid  4058 2026-06-11 2026-08-13        55      0.0 2026-08-13T15:33
uk100sep26 quarter  bid  4058 2026-06-11 2026-08-13        55      0.0 2026-08-13T15:33
uk100sep26 quarter  ask  4058 2026-06-11 2026-08-13        55      0.0 2026-08-13T15:33
uk100sep26    hour  mid  1024 2026-06-11 2026-08-13        55      0.0 2026-08-13T15:33
uk100sep26    hour  bid  1024 2026-06-11 2026-08-13        55      0.0 2026-08-13T15:33
uk100sep26    hour  ask  1024 2026-06-11 2026-08-13        55      0.0 2026-08-13T15:33
uk100sep26     day  mid    45 2026-06-11 2026-08-12        45      0.0 2026-08-13T15:33
uk100sep26     day  bid    45 2026-06-11 2026-08-12        45      0.0 2026-08-13T15:33
uk100sep26     day  ask    45 2026-06-11 2026-08-12        45      0.0 2026-08-13T15:33

spread (minute, n=39,059): median 1.00 pts | p90 5.00 | core 07:00-15:59 UTC median 0.80 pts (n=15,628)

spread (quarter, n=23,475): median 1.00 pts | p90 5.00 | core 07:00-15:59 UTC median 0.80 pts (n=9,368)

spread (hour, n=11,631): median 1.00 pts | p90 5.00 | core 07:00-15:59 UTC median 0.80 pts (n=4,604)

spread (day, n=3,752): median 0.00 pts | p90 5.00 | core 07:00-15:59 UTC median nan pts (n=0)
uk100/minute/mid: 39,059 bars | OK | zero-volume 0.0% | 104 gaps > one bar (weekends/closures expected)
uk100/minute/bid: 39,059 bars | OK | zero-volume 0.0% | 104 gaps > one bar (weekends/closures expected)
uk100/minute/ask: 39,059 bars | OK | zero-volume 0.0% | 104 gaps > one bar (weekends/closures expected)
uk100/quarter/mid: 23,475 bars | OK | zero-volume 0.0% | 448 gaps > one bar (weekends/closures expected)
uk100/quarter/bid: 23,475 bars | OK | zero-volume 0.0% | 448 gaps > one bar (weekends/closures expected)
uk100/quarter/ask: 23,475 bars | OK | zero-volume 0.0% | 448 gaps > one bar (weekends/closures expected)
uk100/hour/mid: 11,631 bars | OK | zero-volume 0.0% | 512 gaps > one bar (weekends/closures expected)
uk100/hour/bid: 11,631 bars | OK | zero-volume 0.0% | 512 gaps > one bar (weekends/closures expected)
uk100/hour/ask: 11,631 bars | OK | zero-volume 0.0% | 512 gaps > one bar (weekends/closures expected)
uk100/day/mid: 3,752 bars | OK | zero-volume 59.86% | 747 gaps > one bar (weekends/closures expected)
uk100/day/bid: 3,752 bars | known {'open_outside_hl': 2} | zero-volume 59.86% | 747 gaps > one bar (weekends/closures expected)
uk100/day/ask: 3,752 bars | known {'close_outside_hl': 2} | zero-volume 59.86% | 747 gaps > one bar (weekends/closures expected)
ger40/minute/mid: 38,877 bars | OK | zero-volume 0.0% | 149 gaps > one bar (weekends/closures expected)
ger40/minute/bid: 38,877 bars | OK | zero-volume 0.0% | 149 gaps > one bar (weekends/closures expected)
ger40/minute/ask: 38,877 bars | OK | zero-volume 0.0% | 149 gaps > one bar (weekends/closures expected)
ger40/quarter/mid: 23,508 bars | OK | zero-volume 0.0% | 451 gaps > one bar (weekends/closures expected)
ger40/quarter/bid: 23,508 bars | OK | zero-volume 0.0% | 451 gaps > one bar (weekends/closures expected)
ger40/quarter/ask: 23,508 bars | OK | zero-volume 0.0% | 451 gaps > one bar (weekends/closures expected)
ger40/hour/mid: 11,682 bars | OK | zero-volume 0.0% | 513 gaps > one bar (weekends/closures expected)
ger40/hour/bid: 11,682 bars | OK | zero-volume 0.0% | 513 gaps > one bar (weekends/closures expected)
ger40/hour/ask: 11,682 bars | OK | zero-volume 0.0% | 513 gaps > one bar (weekends/closures expected)
ger40/day/mid: 3,771 bars | OK | zero-volume 60.17% | 766 gaps > one bar (weekends/closures expected)
ger40/day/bid: 3,771 bars | OK | zero-volume 60.17% | 766 gaps > one bar (weekends/closures expected)
ger40/day/ask: 3,771 bars | OK | zero-volume 60.17% | 766 gaps > one bar (weekends/closures expected)
us30/minute/mid: 39,533 bars | OK | zero-volume 0.0% | 28 gaps > one bar (weekends/closures expected)
us30/minute/bid: 39,533 bars | OK | zero-volume 0.0% | 28 gaps > one bar (weekends/closures expected)
us30/minute/ask: 39,533 bars | OK | zero-volume 0.0% | 28 gaps > one bar (weekends/closures expected)
us30/quarter/mid: 24,149 bars | OK | zero-volume 0.0% | 268 gaps > one bar (weekends/closures expected)
us30/quarter/bid: 24,149 bars | OK | zero-volume 0.0% | 268 gaps > one bar (weekends/closures expected)
us30/quarter/ask: 24,149 bars | OK | zero-volume 0.0% | 268 gaps > one bar (weekends/closures expected)
us30/hour/mid: 11,951 bars | OK | zero-volume 0.0% | 524 gaps > one bar (weekends/closures expected)
us30/hour/bid: 11,951 bars | OK | zero-volume 0.0% | 524 gaps > one bar (weekends/closures expected)
us30/hour/ask: 11,951 bars | OK | zero-volume 0.0% | 524 gaps > one bar (weekends/closures expected)
us30/day/mid: 3,844 bars | OK | zero-volume 60.87% | 759 gaps > one bar (weekends/closures expected)
us30/day/bid: 3,844 bars | OK | zero-volume 60.87% | 759 gaps > one bar (weekends/closures expected)
us30/day/ask: 3,844 bars | OK | zero-volume 60.87% | 759 gaps > one bar (weekends/closures expected)
ustech100/minute/mid: 39,534 bars | OK | zero-volume 0.0% | 28 gaps > one bar (weekends/closures expected)
ustech100/minute/bid: 39,534 bars | OK | zero-volume 0.0% | 28 gaps > one bar (weekends/closures expected)
ustech100/minute/ask: 39,534 bars | OK | zero-volume 0.0% | 28 gaps > one bar (weekends/closures expected)
ustech100/quarter/mid: 24,150 bars | OK | zero-volume 0.0% | 269 gaps > one bar (weekends/closures expected)
ustech100/quarter/bid: 24,150 bars | OK | zero-volume 0.0% | 269 gaps > one bar (weekends/closures expected)
ustech100/quarter/ask: 24,150 bars | OK | zero-volume 0.0% | 269 gaps > one bar (weekends/closures expected)
ustech100/hour/mid: 11,952 bars | OK | zero-volume 0.0% | 524 gaps > one bar (weekends/closures expected)
ustech100/hour/bid: 11,952 bars | OK | zero-volume 0.0% | 524 gaps > one bar (weekends/closures expected)
ustech100/hour/ask: 11,952 bars | OK | zero-volume 0.0% | 524 gaps > one bar (weekends/closures expected)
ustech100/day/mid: 3,844 bars | OK | zero-volume 60.9% | 759 gaps > one bar (weekends/closures expected)
ustech100/day/bid: 3,844 bars | OK | zero-volume 60.9% | 759 gaps > one bar (weekends/closures expected)
ustech100/day/ask: 3,844 bars | OK | zero-volume 60.9% | 759 gaps > one bar (weekends/closures expected)
us500/minute/mid: 39,518 bars | OK | zero-volume 0.0% | 41 gaps > one bar (weekends/closures expected)
us500/minute/bid: 39,518 bars | OK | zero-volume 0.0% | 41 gaps > one bar (weekends/closures expected)
us500/minute/ask: 39,518 bars | OK | zero-volume 0.0% | 41 gaps > one bar (weekends/closures expected)
us500/quarter/mid: 24,143 bars | OK | zero-volume 0.0% | 268 gaps > one bar (weekends/closures expected)
us500/quarter/bid: 24,143 bars | OK | zero-volume 0.0% | 268 gaps > one bar (weekends/closures expected)
us500/quarter/ask: 24,143 bars | OK | zero-volume 0.0% | 268 gaps > one bar (weekends/closures expected)
us500/hour/mid: 11,951 bars | OK | zero-volume 0.0% | 524 gaps > one bar (weekends/closures expected)
us500/hour/bid: 11,951 bars | OK | zero-volume 0.0% | 524 gaps > one bar (weekends/closures expected)
us500/hour/ask: 11,951 bars | OK | zero-volume 0.0% | 524 gaps > one bar (weekends/closures expected)
us500/day/mid: 3,837 bars | OK | zero-volume 60.83% | 759 gaps > one bar (weekends/closures expected)
us500/day/bid: 3,837 bars | OK | zero-volume 60.83% | 759 gaps > one bar (weekends/closures expected)
us500/day/ask: 3,837 bars | OK | zero-volume 60.83% | 759 gaps > one bar (weekends/closures expected)
gold/minute/mid: 39,648 bars | OK | zero-volume 0.0% | 28 gaps > one bar (weekends/closures expected)
gold/minute/bid: 39,648 bars | OK | zero-volume 0.0% | 28 gaps > one bar (weekends/closures expected)
gold/minute/ask: 39,648 bars | OK | zero-volume 0.0% | 28 gaps > one bar (weekends/closures expected)
gold/quarter/mid: 24,265 bars | OK | zero-volume 0.0% | 267 gaps > one bar (weekends/closures expected)
gold/quarter/bid: 24,265 bars | OK | zero-volume 0.0% | 267 gaps > one bar (weekends/closures expected)
gold/quarter/ask: 24,265 bars | OK | zero-volume 0.0% | 267 gaps > one bar (weekends/closures expected)
gold/hour/mid: 11,977 bars | OK | zero-volume 0.0% | 522 gaps > one bar (weekends/closures expected)
gold/hour/bid: 11,977 bars | OK | zero-volume 0.0% | 522 gaps > one bar (weekends/closures expected)
gold/hour/ask: 11,977 bars | OK | zero-volume 0.0% | 522 gaps > one bar (weekends/closures expected)
gold/day/mid: 3,842 bars | OK | zero-volume 60.91% | 766 gaps > one bar (weekends/closures expected)
gold/day/bid: 3,842 bars | OK | zero-volume 60.91% | 766 gaps > one bar (weekends/closures expected)
gold/day/ask: 3,842 bars | OK | zero-volume 60.91% | 766 gaps > one bar (weekends/closures expected)
goldvar/minute/mid: 39,648 bars | OK | zero-volume 0.0% | 28 gaps > one bar (weekends/closures expected)
goldvar/minute/bid: 39,648 bars | OK | zero-volume 0.0% | 28 gaps > one bar (weekends/closures expected)
goldvar/minute/ask: 39,648 bars | OK | zero-volume 0.0% | 28 gaps > one bar (weekends/closures expected)
goldvar/quarter/mid: 24,265 bars | OK | zero-volume 0.0% | 267 gaps > one bar (weekends/closures expected)
goldvar/quarter/bid: 24,265 bars | OK | zero-volume 0.0% | 267 gaps > one bar (weekends/closures expected)
goldvar/quarter/ask: 24,265 bars | OK | zero-volume 0.0% | 267 gaps > one bar (weekends/closures expected)
goldvar/hour/mid: 11,977 bars | OK | zero-volume 0.0% | 522 gaps > one bar (weekends/closures expected)
goldvar/hour/bid: 11,977 bars | OK | zero-volume 0.0% | 522 gaps > one bar (weekends/closures expected)
goldvar/hour/ask: 11,977 bars | OK | zero-volume 0.0% | 522 gaps > one bar (weekends/closures expected)
goldvar/day/mid: 3,842 bars | OK | zero-volume 60.91% | 766 gaps > one bar (weekends/closures expected)
goldvar/day/bid: 3,842 bars | OK | zero-volume 60.91% | 766 gaps > one bar (weekends/closures expected)
goldvar/day/ask: 3,842 bars | OK | zero-volume 60.91% | 766 gaps > one bar (weekends/closures expected)
eurusd/minute/mid: 41,100 bars | OK | zero-volume 0.0% | 182 gaps > one bar (weekends/closures expected)
eurusd/minute/bid: 41,101 bars | OK | zero-volume 0.0% | 182 gaps > one bar (weekends/closures expected)
eurusd/minute/ask: 41,101 bars | OK | zero-volume 0.0% | 182 gaps > one bar (weekends/closures expected)
eurusd/quarter/mid: 25,480 bars | OK | zero-volume 0.0% | 57 gaps > one bar (weekends/closures expected)
eurusd/quarter/bid: 25,480 bars | OK | zero-volume 0.0% | 57 gaps > one bar (weekends/closures expected)
eurusd/quarter/ask: 25,480 bars | OK | zero-volume 0.0% | 57 gaps > one bar (weekends/closures expected)
eurusd/hour/mid: 12,556 bars | OK | zero-volume 0.0% | 110 gaps > one bar (weekends/closures expected)
eurusd/hour/bid: 12,556 bars | OK | zero-volume 0.0% | 110 gaps > one bar (weekends/closures expected)
eurusd/hour/ask: 12,556 bars | OK | zero-volume 0.0% | 110 gaps > one bar (weekends/closures expected)
eurusd/day/mid: 7,445 bars | OK | zero-volume 79.36% | 1,441 gaps > one bar (weekends/closures expected)
eurusd/day/bid: 7,445 bars | OK | zero-volume 79.36% | 1,441 gaps > one bar (weekends/closures expected)
eurusd/day/ask: 7,445 bars | OK | zero-volume 79.36% | 1,441 gaps > one bar (weekends/closures expected)
uk100fut/minute/mid: 32,078 bars | OK | zero-volume 0.0% | 73 gaps > one bar (weekends/closures expected)
uk100fut/minute/bid: 32,078 bars | OK | zero-volume 0.0% | 73 gaps > one bar (weekends/closures expected)
uk100fut/minute/ask: 32,078 bars | OK | zero-volume 0.0% | 73 gaps > one bar (weekends/closures expected)
uk100fut/quarter/mid: 23,023 bars | OK | zero-volume 0.0% | 440 gaps > one bar (weekends/closures expected)
uk100fut/quarter/bid: 23,023 bars | OK | zero-volume 0.0% | 440 gaps > one bar (weekends/closures expected)
uk100fut/quarter/ask: 23,023 bars | OK | zero-volume 0.0% | 440 gaps > one bar (weekends/closures expected)
uk100fut/hour/mid: 11,506 bars | OK | zero-volume 0.0% | 508 gaps > one bar (weekends/closures expected)
uk100fut/hour/bid: 11,506 bars | OK | zero-volume 0.0% | 508 gaps > one bar (weekends/closures expected)
uk100fut/hour/ask: 11,506 bars | OK | zero-volume 0.0% | 508 gaps > one bar (weekends/closures expected)
uk100fut/day/mid: 1,289 bars | OK | zero-volume 49.5% | 270 gaps > one bar (weekends/closures expected)
uk100fut/day/bid: 1,289 bars | known {'open_outside_hl': 1} | zero-volume 49.5% | 270 gaps > one bar (weekends/closures expected)
uk100fut/day/ask: 1,289 bars | known {'close_outside_hl': 1} | zero-volume 49.5% | 270 gaps > one bar (weekends/closures expected)
uk100sep26/minute/mid: 32,078 bars | OK | zero-volume 0.0% | 73 gaps > one bar (weekends/closures expected)
uk100sep26/minute/bid: 32,079 bars | OK | zero-volume 0.0% | 73 gaps > one bar (weekends/closures expected)
uk100sep26/minute/ask: 32,079 bars | OK | zero-volume 0.0% | 73 gaps > one bar (weekends/closures expected)
uk100sep26/quarter/mid: 4,058 bars | OK | zero-volume 0.0% | 81 gaps > one bar (weekends/closures expected)
uk100sep26/quarter/bid: 4,058 bars | OK | zero-volume 0.0% | 81 gaps > one bar (weekends/closures expected)
uk100sep26/quarter/ask: 4,058 bars | OK | zero-volume 0.0% | 81 gaps > one bar (weekends/closures expected)
uk100sep26/hour/mid: 1,024 bars | OK | zero-volume 0.0% | 45 gaps > one bar (weekends/closures expected)
uk100sep26/hour/bid: 1,024 bars | OK | zero-volume 0.0% | 45 gaps > one bar (weekends/closures expected)
uk100sep26/hour/ask: 1,024 bars | OK | zero-volume 0.0% | 45 gaps > one bar (weekends/closures expected)
uk100sep26/day/mid: 45 bars | OK | zero-volume 0.0% | 9 gaps > one bar (weekends/closures expected)
uk100sep26/day/bid: 45 bars | OK | zero-volume 0.0% | 9 gaps > one bar (weekends/closures expected)
uk100sep26/day/ask: 45 bars | OK | zero-volume 0.0% | 9 gaps > one bar (weekends/closures expected)

All structural checks passed (known baseline accepted).

=== uk100  (cash 8.0-16.5 London) ===
    1min:  39,059 bars (14,788 cash) 2026-07-03 -> 2026-08-13   spread 0.8
   15min:  23,475 bars ( 8,844 cash) 2025-08-03 -> 2026-08-13   spread 0.8
      1h:  11,631 bars ( 4,600 cash) 2024-08-04 -> 2026-08-13   spread 0.8
      4h:   3,168 bars ( 1,534 cash) 2024-08-04 -> 2026-08-13   spread 0.8
      1d:   3,752 bars ( 3,752 cash) 2012-03-26 -> 2026-08-12   spread 0.0

=== ger40  (cash 8.0-16.5 London) ===
    1min:  38,877 bars (14,789 cash) 2026-07-05 -> 2026-08-13   spread 1.0
   15min:  23,508 bars ( 8,838 cash) 2025-08-04 -> 2026-08-13   spread 1.0
      1h:  11,682 bars ( 4,616 cash) 2024-08-04 -> 2026-08-13   spread 1.0
      4h:   3,183 bars ( 1,538 cash) 2024-08-04 -> 2026-08-13   spread 1.0
      1d:   3,771 bars ( 3,771 cash) 2012-01-30 -> 2026-08-12   spread 0.0

=== us500  (cash 9.5-16.0 London) ===
    1min:  39,518 bars (11,040 cash) 2026-07-05 -> 2026-08-13   spread 0.4
   15min:  24,143 bars ( 6,769 cash) 2025-08-04 -> 2026-08-13   spread 0.4
      1h:  11,951 bars ( 3,075 cash) 2024-08-04 -> 2026-08-13   spread 0.4
      4h:   3,126 bars (   547 cash) 2024-08-04 -> 2026-08-13   spread 0.425
      1d:   3,837 bars ( 3,837 cash) 2012-03-13 -> 2026-08-12   spread 0.0

=== us30  (cash 9.5-16.0 London) ===
    1min:  39,533 bars (11,039 cash) 2026-07-05 -> 2026-08-13   spread 1.9
   15min:  24,149 bars ( 6,774 cash) 2025-08-04 -> 2026-08-13   spread 1.9
      1h:  11,951 bars ( 3,075 cash) 2024-08-04 -> 2026-08-13   spread 1.9
      4h:   3,126 bars (   547 cash) 2024-08-04 -> 2026-08-13   spread 2.2667
      1d:   3,844 bars ( 3,844 cash) 2012-03-05 -> 2026-08-12   spread 0.0

=== ustech100  (cash 9.5-16.0 London) ===
    1min:  39,534 bars (11,040 cash) 2026-07-05 -> 2026-08-13   spread 0.9
   15min:  24,150 bars ( 6,775 cash) 2025-08-04 -> 2026-08-13   spread 0.9
      1h:  11,952 bars ( 3,075 cash) 2024-08-04 -> 2026-08-13   spread 0.9
      4h:   3,126 bars (   547 cash) 2024-08-04 -> 2026-08-13   spread 1.125
      1d:   3,844 bars ( 3,844 cash) 2012-03-05 -> 2026-08-12   spread 0.0

=== gold  (cash 8.0-16.0 London) ===
    1min:  39,648 bars (13,651 cash) 2026-07-05 -> 2026-08-13   spread 0.4
   15min:  24,265 bars ( 8,403 cash) 2025-08-04 -> 2026-08-13   spread 0.4
      1h:  11,977 bars ( 4,151 cash) 2024-08-04 -> 2026-08-13   spread 0.3
      4h:   3,239 bars ( 1,026 cash) 2024-08-04 -> 2026-08-13   spread 0.45
      1d:   3,842 bars ( 3,842 cash) 2011-12-30 -> 2026-08-12   spread 0.0

=== goldvar  (cash 8.0-16.0 London) ===
    1min:  39,648 bars (13,651 cash) 2026-07-05 -> 2026-08-13   spread 0.4
   15min:  24,265 bars ( 8,403 cash) 2025-08-04 -> 2026-08-13   spread 0.4
      1h:  11,977 bars ( 4,151 cash) 2024-08-04 -> 2026-08-13   spread 0.3
      4h:   3,239 bars ( 1,026 cash) 2024-08-04 -> 2026-08-13   spread 0.4
      1d:   3,842 bars ( 3,842 cash) 2011-12-30 -> 2026-08-12   spread 0.0

=== eurusd  (cash 8.0-21.0 London) ===
    1min:  41,100 bars (22,351 cash) 2026-07-05 -> 2026-08-13   spread 0.0001
   15min:  25,480 bars (13,788 cash) 2025-08-04 -> 2026-08-13   spread 0.0001
      1h:  12,556 bars ( 6,797 cash) 2024-08-04 -> 2026-08-13   spread 0.0
      4h:   3,248 bars ( 2,090 cash) 2024-08-04 -> 2026-08-13   spread 0.0
      1d:   7,445 bars ( 7,445 cash) 1999-01-04 -> 2026-08-12   spread 0.0

=== uk100fut  (cash 8.0-16.5 London) ===
    1min:  32,078 bars (12,240 cash) 2026-07-12 -> 2026-08-13   spread 1.3
   15min:  23,023 bars ( 8,675 cash) 2025-08-10 -> 2026-08-13   spread 1.3
      1h:  11,506 bars ( 4,555 cash) 2024-08-11 -> 2026-08-13   spread 1.3
      4h:   3,134 bars ( 1,519 cash) 2024-08-11 -> 2026-08-13   spread 1.3
      1d:   1,289 bars ( 1,289 cash) 2021-07-05 -> 2026-08-12   spread 5.0

=== uk100sep26  (cash 8.0-16.5 London) ===
    1min:  32,078 bars (12,240 cash) 2026-07-12 -> 2026-08-13   spread 4.0
   15min:   4,058 bars ( 1,530 cash) 2026-06-11 -> 2026-08-13   spread 4.0
      1h:   1,024 bars (   404 cash) 2026-06-11 -> 2026-08-13   spread 4.0
      4h:     279 bars (   134 cash) 2026-06-11 -> 2026-08-13   spread 4.0
      1d:      45 bars (    45 cash) 2026-06-11 -> 2026-08-12   spread 6.0

Wrote /Users/r.john/git/vc-tx2/clean_finsa/
uk100      14/14 passed
ger40      14/14 passed
us500      14/14 passed
us30       14/14 passed
ustech100  14/14 passed
gold       14/14 passed
goldvar    14/14 passed
eurusd     14/14 passed
uk100fut   14/14 passed
uk100sep26 14/14 passed

140/140 checks passed overall.
=== done 2026-08-13T15:33:25Z sync=0 validate=0 build=0 verify=0 ===
=== sync start 2026-08-13T20:47:23Z ===

=== uk100 (id 16645) -> /Users/r.john/git/vc-tx2/data ===
  minute/mid:
      page 1: 10,000 bars  2026-08-04 11:29:00+00:00 -> 2026-08-13 20:47:00+00:00
      page 2: 10,000 bars  2026-07-24 01:57:00+00:00 -> 2026-08-04 11:28:00+00:00
      page 3: 10,000 bars  2026-07-14 15:46:00+00:00 -> 2026-07-24 01:56:00+00:00
      page 4:  1,074 bars  2026-07-13 20:47:00+00:00 -> 2026-07-14 15:45:00+00:00
      fetched 31,073 | +304 new | store 39,363 bars  2026-07-03 -> 2026-08-13

  minute/bid:
      page 1: 10,000 bars  2026-08-04 11:29:00+00:00 -> 2026-08-13 20:47:00+00:00
      page 2: 10,000 bars  2026-07-24 01:57:00+00:00 -> 2026-08-04 11:28:00+00:00
      page 3: 10,000 bars  2026-07-14 15:46:00+00:00 -> 2026-07-24 01:56:00+00:00
      page 4:  1,074 bars  2026-07-13 20:47:00+00:00 -> 2026-07-14 15:45:00+00:00
      fetched 31,073 | +304 new | store 39,363 bars  2026-07-03 -> 2026-08-13

  minute/ask:
      page 1: 10,000 bars  2026-08-04 11:29:00+00:00 -> 2026-08-13 20:47:00+00:00
      page 2: 10,000 bars  2026-07-24 01:57:00+00:00 -> 2026-08-04 11:28:00+00:00
      page 3: 10,000 bars  2026-07-14 15:46:00+00:00 -> 2026-07-24 01:56:00+00:00
      page 4:  1,074 bars  2026-07-13 20:47:00+00:00 -> 2026-07-14 15:45:00+00:00
      fetched 31,073 | +304 new | store 39,363 bars  2026-07-03 -> 2026-08-13

  quarter/mid:
      page 1: 10,000 bars  2026-03-06 07:15:00+00:00 -> 2026-08-13 20:45:00+00:00
      page 2: 10,000 bars  2025-09-26 15:45:00+00:00 -> 2026-03-06 07:00:00+00:00
      page 3:  2,772 bars  2025-08-13 22:00:00+00:00 -> 2025-09-26 15:30:00+00:00
      fetched 22,771 | +21 new | store 23,496 bars  2025-08-03 -> 2026-08-13

  quarter/bid:
      page 1: 10,000 bars  2026-03-06 07:15:00+00:00 -> 2026-08-13 20:45:00+00:00
      page 2: 10,000 bars  2025-09-26 15:45:00+00:00 -> 2026-03-06 07:00:00+00:00
      page 3:  2,772 bars  2025-08-13 22:00:00+00:00 -> 2025-09-26 15:30:00+00:00
      fetched 22,771 | +21 new | store 23,496 bars  2025-08-03 -> 2026-08-13

  quarter/ask:
      page 1: 10,000 bars  2026-03-06 07:15:00+00:00 -> 2026-08-13 20:45:00+00:00
      page 2: 10,000 bars  2025-09-26 15:45:00+00:00 -> 2026-03-06 07:00:00+00:00
      page 3:  2,772 bars  2025-08-13 22:00:00+00:00 -> 2025-09-26 15:30:00+00:00
      fetched 22,771 | +21 new | store 23,496 bars  2025-08-03 -> 2026-08-13

  hour/mid:
      page 1: 10,000 bars  2024-11-13 19:00:00+00:00 -> 2026-08-13 20:00:00+00:00
      page 2:  1,477 bars  2024-08-13 22:00:00+00:00 -> 2024-11-13 18:00:00+00:00
      fetched 11,476 | +5 new | store 11,636 bars  2024-08-04 -> 2026-08-13

  hour/bid:
      page 1: 10,000 bars  2024-11-13 19:00:00+00:00 -> 2026-08-13 20:00:00+00:00
      page 2:  1,477 bars  2024-08-13 22:00:00+00:00 -> 2024-11-13 18:00:00+00:00
      fetched 11,476 | +5 new | store 11,636 bars  2024-08-04 -> 2026-08-13

  hour/ask:
      page 1: 10,000 bars  2024-11-13 19:00:00+00:00 -> 2026-08-13 20:00:00+00:00
      page 2:  1,477 bars  2024-08-13 22:00:00+00:00 -> 2024-11-13 18:00:00+00:00
      fetched 11,476 | +5 new | store 11,636 bars  2024-08-04 -> 2026-08-13

  day/mid:
      page 1:  3,753 bars  2012-03-26 00:00:00+00:00 -> 2026-08-13 00:00:00+00:00
      fetched 3,752 | +0 new | store 3,752 bars  2012-03-26 -> 2026-08-12

  day/bid:
      page 1:  3,753 bars  2012-03-26 00:00:00+00:00 -> 2026-08-13 00:00:00+00:00
      fetched 3,752 | +0 new | store 3,752 bars  2012-03-26 -> 2026-08-12  !! {'open_outside_hl': 2}

  day/ask:
      page 1:  3,753 bars  2012-03-26 00:00:00+00:00 -> 2026-08-13 00:00:00+00:00
      fetched 3,752 | +0 new | store 3,752 bars  2012-03-26 -> 2026-08-12  !! {'close_outside_hl': 2}


=== ger40 (id 17068) -> /Users/r.john/git/vc-tx2/data ===
  minute/mid:
      page 1: 10,000 bars  2026-08-04 11:24:00+00:00 -> 2026-08-13 20:47:00+00:00
      page 2: 10,000 bars  2026-07-24 01:57:00+00:00 -> 2026-08-04 11:23:00+00:00
      page 3: 10,000 bars  2026-07-14 15:45:00+00:00 -> 2026-07-24 01:56:00+00:00
      page 4:  1,074 bars  2026-07-13 20:48:00+00:00 -> 2026-07-14 15:44:00+00:00
      fetched 31,073 | +303 new | store 39,180 bars  2026-07-05 -> 2026-08-13

  minute/bid:
      page 1: 10,000 bars  2026-08-04 11:24:00+00:00 -> 2026-08-13 20:47:00+00:00
      page 2: 10,000 bars  2026-07-24 01:57:00+00:00 -> 2026-08-04 11:23:00+00:00
      page 3: 10,000 bars  2026-07-14 15:45:00+00:00 -> 2026-07-24 01:56:00+00:00
      page 4:  1,074 bars  2026-07-13 20:48:00+00:00 -> 2026-07-14 15:44:00+00:00
      fetched 31,073 | +303 new | store 39,180 bars  2026-07-05 -> 2026-08-13

  minute/ask:
      page 1: 10,000 bars  2026-08-04 11:24:00+00:00 -> 2026-08-13 20:47:00+00:00
      page 2: 10,000 bars  2026-07-24 01:57:00+00:00 -> 2026-08-04 11:23:00+00:00
      page 3: 10,000 bars  2026-07-14 15:45:00+00:00 -> 2026-07-24 01:56:00+00:00
      page 4:  1,074 bars  2026-07-13 20:48:00+00:00 -> 2026-07-14 15:44:00+00:00
      fetched 31,073 | +303 new | store 39,180 bars  2026-07-05 -> 2026-08-13

  quarter/mid:
      page 1: 10,000 bars  2026-03-09 12:30:00+00:00 -> 2026-08-13 20:45:00+00:00
      page 2: 10,000 bars  2025-09-26 18:45:00+00:00 -> 2026-03-09 12:15:00+00:00
      page 3:  2,883 bars  2025-08-13 22:00:00+00:00 -> 2025-09-26 18:30:00+00:00
      fetched 22,882 | +21 new | store 23,529 bars  2025-08-04 -> 2026-08-13

  quarter/bid:
      page 1: 10,000 bars  2026-03-09 12:30:00+00:00 -> 2026-08-13 20:45:00+00:00
      page 2: 10,000 bars  2025-09-26 18:45:00+00:00 -> 2026-03-09 12:15:00+00:00
      page 3:  2,883 bars  2025-08-13 22:00:00+00:00 -> 2025-09-26 18:30:00+00:00
      fetched 22,882 | +21 new | store 23,529 bars  2025-08-04 -> 2026-08-13

  quarter/ask:
      page 1: 10,000 bars  2026-03-09 12:30:00+00:00 -> 2026-08-13 20:45:00+00:00
      page 2: 10,000 bars  2025-09-26 18:45:00+00:00 -> 2026-03-09 12:15:00+00:00
      page 3:  2,883 bars  2025-08-13 22:00:00+00:00 -> 2025-09-26 18:30:00+00:00
      fetched 22,882 | +21 new | store 23,529 bars  2025-08-04 -> 2026-08-13

  hour/mid:
      page 1: 10,000 bars  2024-11-14 23:00:00+00:00 -> 2026-08-13 20:00:00+00:00
      page 2:  1,528 bars  2024-08-13 22:00:00+00:00 -> 2024-11-14 21:00:00+00:00
      fetched 11,527 | +5 new | store 11,687 bars  2024-08-04 -> 2026-08-13

  hour/bid:
      page 1: 10,000 bars  2024-11-14 23:00:00+00:00 -> 2026-08-13 20:00:00+00:00
      page 2:  1,528 bars  2024-08-13 22:00:00+00:00 -> 2024-11-14 21:00:00+00:00
      fetched 11,527 | +5 new | store 11,687 bars  2024-08-04 -> 2026-08-13

  hour/ask:
      page 1: 10,000 bars  2024-11-14 23:00:00+00:00 -> 2026-08-13 20:00:00+00:00
      page 2:  1,528 bars  2024-08-13 22:00:00+00:00 -> 2024-11-14 21:00:00+00:00
      fetched 11,527 | +5 new | store 11,687 bars  2024-08-04 -> 2026-08-13

  day/mid:
      page 1:  3,772 bars  2012-01-30 00:00:00+00:00 -> 2026-08-13 00:00:00+00:00
      fetched 3,771 | +0 new | store 3,771 bars  2012-01-30 -> 2026-08-12

  day/bid:
      page 1:  3,772 bars  2012-01-30 00:00:00+00:00 -> 2026-08-13 00:00:00+00:00
      fetched 3,771 | +0 new | store 3,771 bars  2012-01-30 -> 2026-08-12

  day/ask:
      page 1:  3,772 bars  2012-01-30 00:00:00+00:00 -> 2026-08-13 00:00:00+00:00
      fetched 3,771 | +0 new | store 3,771 bars  2012-01-30 -> 2026-08-12


=== us30 (id 17322) -> /Users/r.john/git/vc-tx2/data ===
  minute/mid:
      page 1: 10,000 bars  2026-08-04 14:38:00+00:00 -> 2026-08-13 20:48:00+00:00
      page 2: 10,000 bars  2026-07-24 07:56:00+00:00 -> 2026-08-04 14:37:00+00:00
      page 3: 10,000 bars  2026-07-15 01:45:00+00:00 -> 2026-07-24 07:55:00+00:00
      page 4:  1,617 bars  2026-07-13 20:48:00+00:00 -> 2026-07-15 01:44:00+00:00
      fetched 31,616 | +319 new | store 39,852 bars  2026-07-05 -> 2026-08-13

  minute/bid:
      page 1: 10,000 bars  2026-08-04 14:38:00+00:00 -> 2026-08-13 20:48:00+00:00
      page 2: 10,000 bars  2026-07-24 07:56:00+00:00 -> 2026-08-04 14:37:00+00:00
      page 3: 10,000 bars  2026-07-15 01:45:00+00:00 -> 2026-07-24 07:55:00+00:00
      page 4:  1,617 bars  2026-07-13 20:48:00+00:00 -> 2026-07-15 01:44:00+00:00
      fetched 31,616 | +319 new | store 39,852 bars  2026-07-05 -> 2026-08-13

  minute/ask:
      page 1: 10,000 bars  2026-08-04 14:38:00+00:00 -> 2026-08-13 20:48:00+00:00
      page 2: 10,000 bars  2026-07-24 07:56:00+00:00 -> 2026-08-04 14:37:00+00:00
      page 3: 10,000 bars  2026-07-15 01:45:00+00:00 -> 2026-07-24 07:55:00+00:00
      page 4:  1,617 bars  2026-07-13 20:48:00+00:00 -> 2026-07-15 01:44:00+00:00
      fetched 31,616 | +319 new | store 39,852 bars  2026-07-05 -> 2026-08-13

  quarter/mid:
      page 1: 10,000 bars  2026-03-12 22:30:00+00:00 -> 2026-08-13 20:45:00+00:00
      page 2: 10,000 bars  2025-10-07 11:00:00+00:00 -> 2026-03-12 22:15:00+00:00
      page 3:  3,516 bars  2025-08-13 22:00:00+00:00 -> 2025-10-07 10:45:00+00:00
      fetched 23,515 | +22 new | store 24,171 bars  2025-08-04 -> 2026-08-13

  quarter/bid:
      page 1: 10,000 bars  2026-03-12 22:30:00+00:00 -> 2026-08-13 20:45:00+00:00
      page 2: 10,000 bars  2025-10-07 11:00:00+00:00 -> 2026-03-12 22:15:00+00:00
      page 3:  3,516 bars  2025-08-13 22:00:00+00:00 -> 2025-10-07 10:45:00+00:00
      fetched 23,515 | +22 new | store 24,171 bars  2025-08-04 -> 2026-08-13

  quarter/ask:
      page 1: 10,000 bars  2026-03-12 22:30:00+00:00 -> 2026-08-13 20:45:00+00:00
      page 2: 10,000 bars  2025-10-07 11:00:00+00:00 -> 2026-03-12 22:15:00+00:00
      page 3:  3,516 bars  2025-08-13 22:00:00+00:00 -> 2025-10-07 10:45:00+00:00
      fetched 23,515 | +22 new | store 24,171 bars  2025-08-04 -> 2026-08-13

  hour/mid:
      page 1: 10,000 bars  2024-12-02 12:00:00+00:00 -> 2026-08-13 20:00:00+00:00
      page 2:  1,796 bars  2024-08-13 22:00:00+00:00 -> 2024-12-02 11:00:00+00:00
      fetched 11,795 | +5 new | store 11,956 bars  2024-08-04 -> 2026-08-13

  hour/bid:
      page 1: 10,000 bars  2024-12-02 12:00:00+00:00 -> 2026-08-13 20:00:00+00:00
      page 2:  1,796 bars  2024-08-13 22:00:00+00:00 -> 2024-12-02 11:00:00+00:00
      fetched 11,795 | +5 new | store 11,956 bars  2024-08-04 -> 2026-08-13

  hour/ask:
      page 1: 10,000 bars  2024-12-02 12:00:00+00:00 -> 2026-08-13 20:00:00+00:00
      page 2:  1,796 bars  2024-08-13 22:00:00+00:00 -> 2024-12-02 11:00:00+00:00
      fetched 11,795 | +5 new | store 11,956 bars  2024-08-04 -> 2026-08-13

  day/mid:
      page 1:  3,845 bars  2012-03-05 00:00:00+00:00 -> 2026-08-13 00:00:00+00:00
      fetched 3,844 | +0 new | store 3,844 bars  2012-03-05 -> 2026-08-12

  day/bid:
      page 1:  3,845 bars  2012-03-05 00:00:00+00:00 -> 2026-08-13 00:00:00+00:00
      fetched 3,844 | +0 new | store 3,844 bars  2012-03-05 -> 2026-08-12

  day/ask:
      page 1:  3,845 bars  2012-03-05 00:00:00+00:00 -> 2026-08-13 00:00:00+00:00
      fetched 3,844 | +0 new | store 3,844 bars  2012-03-05 -> 2026-08-12


=== ustech100 (id 20190) -> /Users/r.john/git/vc-tx2/data ===
  minute/mid:
      page 1: 10,000 bars  2026-08-04 14:38:00+00:00 -> 2026-08-13 20:48:00+00:00
      page 2: 10,000 bars  2026-07-24 07:56:00+00:00 -> 2026-08-04 14:37:00+00:00
      page 3: 10,000 bars  2026-07-15 01:45:00+00:00 -> 2026-07-24 07:55:00+00:00
      page 4:  1,616 bars  2026-07-13 20:49:00+00:00 -> 2026-07-15 01:44:00+00:00
      fetched 31,615 | +318 new | store 39,852 bars  2026-07-05 -> 2026-08-13

  minute/bid:
      page 1: 10,000 bars  2026-08-04 14:38:00+00:00 -> 2026-08-13 20:48:00+00:00
      page 2: 10,000 bars  2026-07-24 07:56:00+00:00 -> 2026-08-04 14:37:00+00:00
      page 3: 10,000 bars  2026-07-15 01:45:00+00:00 -> 2026-07-24 07:55:00+00:00
      page 4:  1,616 bars  2026-07-13 20:49:00+00:00 -> 2026-07-15 01:44:00+00:00
      fetched 31,615 | +318 new | store 39,852 bars  2026-07-05 -> 2026-08-13

  minute/ask:
      page 1: 10,000 bars  2026-08-04 14:38:00+00:00 -> 2026-08-13 20:48:00+00:00
      page 2: 10,000 bars  2026-07-24 07:56:00+00:00 -> 2026-08-04 14:37:00+00:00
      page 3: 10,000 bars  2026-07-15 01:45:00+00:00 -> 2026-07-24 07:55:00+00:00
      page 4:  1,616 bars  2026-07-13 20:49:00+00:00 -> 2026-07-15 01:44:00+00:00
      fetched 31,615 | +318 new | store 39,852 bars  2026-07-05 -> 2026-08-13

  quarter/mid:
      page 1: 10,000 bars  2026-03-12 22:45:00+00:00 -> 2026-08-13 20:45:00+00:00
      page 2: 10,000 bars  2025-10-07 11:00:00+00:00 -> 2026-03-12 22:30:00+00:00
      page 3:  3,516 bars  2025-08-13 22:00:00+00:00 -> 2025-10-07 10:45:00+00:00
      fetched 23,515 | +21 new | store 24,171 bars  2025-08-04 -> 2026-08-13

  quarter/bid:
      page 1: 10,000 bars  2026-03-12 22:45:00+00:00 -> 2026-08-13 20:45:00+00:00
      page 2: 10,000 bars  2025-10-07 11:00:00+00:00 -> 2026-03-12 22:30:00+00:00
      page 3:  3,516 bars  2025-08-13 22:00:00+00:00 -> 2025-10-07 10:45:00+00:00
      fetched 23,515 | +21 new | store 24,171 bars  2025-08-04 -> 2026-08-13

  quarter/ask:
      page 1: 10,000 bars  2026-03-12 22:45:00+00:00 -> 2026-08-13 20:45:00+00:00
      page 2: 10,000 bars  2025-10-07 11:00:00+00:00 -> 2026-03-12 22:30:00+00:00
      page 3:  3,516 bars  2025-08-13 22:00:00+00:00 -> 2025-10-07 10:45:00+00:00
      fetched 23,515 | +21 new | store 24,171 bars  2025-08-04 -> 2026-08-13

  hour/mid:
      page 1: 10,000 bars  2024-12-02 13:00:00+00:00 -> 2026-08-13 20:00:00+00:00
      page 2:  1,797 bars  2024-08-13 22:00:00+00:00 -> 2024-12-02 12:00:00+00:00
      fetched 11,796 | +5 new | store 11,957 bars  2024-08-04 -> 2026-08-13

  hour/bid:
      page 1: 10,000 bars  2024-12-02 13:00:00+00:00 -> 2026-08-13 20:00:00+00:00
      page 2:  1,797 bars  2024-08-13 22:00:00+00:00 -> 2024-12-02 12:00:00+00:00
      fetched 11,796 | +5 new | store 11,957 bars  2024-08-04 -> 2026-08-13

  hour/ask:
      page 1: 10,000 bars  2024-12-02 13:00:00+00:00 -> 2026-08-13 20:00:00+00:00
      page 2:  1,797 bars  2024-08-13 22:00:00+00:00 -> 2024-12-02 12:00:00+00:00
      fetched 11,796 | +5 new | store 11,957 bars  2024-08-04 -> 2026-08-13

  day/mid:
      page 1:  3,845 bars  2012-03-05 00:00:00+00:00 -> 2026-08-13 00:00:00+00:00
      fetched 3,844 | +0 new | store 3,844 bars  2012-03-05 -> 2026-08-12

  day/bid:
      page 1:  3,845 bars  2012-03-05 00:00:00+00:00 -> 2026-08-13 00:00:00+00:00
      fetched 3,844 | +0 new | store 3,844 bars  2012-03-05 -> 2026-08-12

  day/ask:
      page 1:  3,845 bars  2012-03-05 00:00:00+00:00 -> 2026-08-13 00:00:00+00:00
      fetched 3,844 | +0 new | store 3,844 bars  2012-03-05 -> 2026-08-12


=== us500 (id 67995) -> /Users/r.john/git/vc-tx2/data ===
  minute/mid:
      page 1: 10,000 bars  2026-08-04 14:25:00+00:00 -> 2026-08-13 20:49:00+00:00
      page 2: 10,000 bars  2026-07-24 07:42:00+00:00 -> 2026-08-04 14:24:00+00:00
      page 3: 10,000 bars  2026-07-15 01:27:00+00:00 -> 2026-07-24 07:41:00+00:00
      page 4:  1,598 bars  2026-07-13 20:49:00+00:00 -> 2026-07-15 01:26:00+00:00
      fetched 31,597 | +316 new | store 39,834 bars  2026-07-05 -> 2026-08-13

  minute/bid:
      page 1: 10,000 bars  2026-08-04 14:25:00+00:00 -> 2026-08-13 20:49:00+00:00
      page 2: 10,000 bars  2026-07-24 07:42:00+00:00 -> 2026-08-04 14:24:00+00:00
      page 3: 10,000 bars  2026-07-15 01:27:00+00:00 -> 2026-07-24 07:41:00+00:00
      page 4:  1,598 bars  2026-07-13 20:49:00+00:00 -> 2026-07-15 01:26:00+00:00
      fetched 31,597 | +316 new | store 39,834 bars  2026-07-05 -> 2026-08-13

  minute/ask:
      page 1: 10,000 bars  2026-08-04 14:25:00+00:00 -> 2026-08-13 20:49:00+00:00
      page 2: 10,000 bars  2026-07-24 07:42:00+00:00 -> 2026-08-04 14:24:00+00:00
      page 3: 10,000 bars  2026-07-15 01:27:00+00:00 -> 2026-07-24 07:41:00+00:00
      page 4:  1,598 bars  2026-07-13 20:49:00+00:00 -> 2026-07-15 01:26:00+00:00
      fetched 31,597 | +316 new | store 39,834 bars  2026-07-05 -> 2026-08-13

  quarter/mid:
      page 1: 10,000 bars  2026-03-12 20:30:00+00:00 -> 2026-08-13 20:45:00+00:00
      page 2: 10,000 bars  2025-10-07 09:45:00+00:00 -> 2026-03-12 20:15:00+00:00
      page 3:  3,511 bars  2025-08-13 22:00:00+00:00 -> 2025-10-07 09:30:00+00:00
      fetched 23,510 | +21 new | store 24,164 bars  2025-08-04 -> 2026-08-13

  quarter/bid:
      page 1: 10,000 bars  2026-03-12 20:30:00+00:00 -> 2026-08-13 20:45:00+00:00
      page 2: 10,000 bars  2025-10-07 09:45:00+00:00 -> 2026-03-12 20:15:00+00:00
      page 3:  3,511 bars  2025-08-13 22:00:00+00:00 -> 2025-10-07 09:30:00+00:00
      fetched 23,510 | +21 new | store 24,164 bars  2025-08-04 -> 2026-08-13

  quarter/ask:
      page 1: 10,000 bars  2026-03-12 20:30:00+00:00 -> 2026-08-13 20:45:00+00:00
      page 2: 10,000 bars  2025-10-07 09:45:00+00:00 -> 2026-03-12 20:15:00+00:00
      page 3:  3,511 bars  2025-08-13 22:00:00+00:00 -> 2025-10-07 09:30:00+00:00
      fetched 23,510 | +21 new | store 24,164 bars  2025-08-04 -> 2026-08-13

  hour/mid:
      page 1: 10,000 bars  2024-12-02 12:00:00+00:00 -> 2026-08-13 20:00:00+00:00
      page 2:  1,796 bars  2024-08-13 22:00:00+00:00 -> 2024-12-02 11:00:00+00:00
      fetched 11,795 | +5 new | store 11,956 bars  2024-08-04 -> 2026-08-13

  hour/bid:
      page 1: 10,000 bars  2024-12-02 12:00:00+00:00 -> 2026-08-13 20:00:00+00:00
      page 2:  1,796 bars  2024-08-13 22:00:00+00:00 -> 2024-12-02 11:00:00+00:00
      fetched 11,795 | +5 new | store 11,956 bars  2024-08-04 -> 2026-08-13

  hour/ask:
      page 1: 10,000 bars  2024-12-02 12:00:00+00:00 -> 2026-08-13 20:00:00+00:00
      page 2:  1,796 bars  2024-08-13 22:00:00+00:00 -> 2024-12-02 11:00:00+00:00
      fetched 11,795 | +5 new | store 11,956 bars  2024-08-04 -> 2026-08-13

  day/mid:
      page 1:  3,838 bars  2012-03-13 00:00:00+00:00 -> 2026-08-13 00:00:00+00:00
      fetched 3,837 | +0 new | store 3,837 bars  2012-03-13 -> 2026-08-12

  day/bid:
      page 1:  3,838 bars  2012-03-13 00:00:00+00:00 -> 2026-08-13 00:00:00+00:00
      fetched 3,837 | +0 new | store 3,837 bars  2012-03-13 -> 2026-08-12

  day/ask:
      page 1:  3,838 bars  2012-03-13 00:00:00+00:00 -> 2026-08-13 00:00:00+00:00
      fetched 3,837 | +0 new | store 3,837 bars  2012-03-13 -> 2026-08-12


=== gold (id 68924) -> /Users/r.john/git/vc-tx2/data ===
  minute/mid:
      page 1: 10,000 bars  2026-08-04 15:01:00+00:00 -> 2026-08-13 20:49:00+00:00
      page 2: 10,000 bars  2026-07-24 09:10:00+00:00 -> 2026-08-04 15:00:00+00:00
      page 3: 10,000 bars  2026-07-15 03:17:00+00:00 -> 2026-07-24 09:09:00+00:00
      page 4:  1,705 bars  2026-07-13 20:50:00+00:00 -> 2026-07-15 03:16:00+00:00
      fetched 31,704 | +318 new | store 39,966 bars  2026-07-05 -> 2026-08-13

  minute/bid:
      page 1: 10,000 bars  2026-08-04 15:01:00+00:00 -> 2026-08-13 20:49:00+00:00
      page 2: 10,000 bars  2026-07-24 09:10:00+00:00 -> 2026-08-04 15:00:00+00:00
      page 3: 10,000 bars  2026-07-15 03:17:00+00:00 -> 2026-07-24 09:09:00+00:00
      page 4:  1,705 bars  2026-07-13 20:50:00+00:00 -> 2026-07-15 03:16:00+00:00
      fetched 31,704 | +318 new | store 39,966 bars  2026-07-05 -> 2026-08-13

  minute/ask:
      page 1: 10,000 bars  2026-08-04 15:01:00+00:00 -> 2026-08-13 20:49:00+00:00
      page 2: 10,000 bars  2026-07-24 09:10:00+00:00 -> 2026-08-04 15:00:00+00:00
      page 3: 10,000 bars  2026-07-15 03:17:00+00:00 -> 2026-07-24 09:09:00+00:00
      page 4:  1,705 bars  2026-07-13 20:50:00+00:00 -> 2026-07-15 03:16:00+00:00
      fetched 31,704 | +318 new | store 39,966 bars  2026-07-05 -> 2026-08-13

  quarter/mid:
      page 1: 10,000 bars  2026-03-12 17:30:00+00:00 -> 2026-08-13 20:45:00+00:00
      page 2: 10,000 bars  2025-10-08 10:45:00+00:00 -> 2026-03-12 17:15:00+00:00
      page 3:  3,629 bars  2025-08-13 22:00:00+00:00 -> 2025-10-08 10:30:00+00:00
      fetched 23,628 | +21 new | store 24,286 bars  2025-08-04 -> 2026-08-13

  quarter/bid:
      page 1: 10,000 bars  2026-03-12 17:30:00+00:00 -> 2026-08-13 20:45:00+00:00
      page 2: 10,000 bars  2025-10-08 10:45:00+00:00 -> 2026-03-12 17:15:00+00:00
      page 3:  3,629 bars  2025-08-13 22:00:00+00:00 -> 2025-10-08 10:30:00+00:00
      fetched 23,628 | +21 new | store 24,286 bars  2025-08-04 -> 2026-08-13

  quarter/ask:
      page 1: 10,000 bars  2026-03-12 17:30:00+00:00 -> 2026-08-13 20:45:00+00:00
      page 2: 10,000 bars  2025-10-08 10:45:00+00:00 -> 2026-03-12 17:15:00+00:00
      page 3:  3,629 bars  2025-08-13 22:00:00+00:00 -> 2025-10-08 10:30:00+00:00
      fetched 23,628 | +21 new | store 24,286 bars  2025-08-04 -> 2026-08-13

  hour/mid:
      page 1: 10,000 bars  2024-12-03 12:00:00+00:00 -> 2026-08-13 20:00:00+00:00
      page 2:  1,822 bars  2024-08-13 22:00:00+00:00 -> 2024-12-03 11:00:00+00:00
      fetched 11,821 | +5 new | store 11,982 bars  2024-08-04 -> 2026-08-13

  hour/bid:
      page 1: 10,000 bars  2024-12-03 12:00:00+00:00 -> 2026-08-13 20:00:00+00:00
      page 2:  1,822 bars  2024-08-13 22:00:00+00:00 -> 2024-12-03 11:00:00+00:00
      fetched 11,821 | +5 new | store 11,982 bars  2024-08-04 -> 2026-08-13

  hour/ask:
      page 1: 10,000 bars  2024-12-03 12:00:00+00:00 -> 2026-08-13 20:00:00+00:00
      page 2:  1,822 bars  2024-08-13 22:00:00+00:00 -> 2024-12-03 11:00:00+00:00
      fetched 11,821 | +5 new | store 11,982 bars  2024-08-04 -> 2026-08-13

  day/mid:
      page 1:  3,843 bars  2011-12-30 00:00:00+00:00 -> 2026-08-13 00:00:00+00:00
      fetched 3,842 | +0 new | store 3,842 bars  2011-12-30 -> 2026-08-12

  day/bid:
      page 1:  3,843 bars  2011-12-30 00:00:00+00:00 -> 2026-08-13 00:00:00+00:00
      fetched 3,842 | +0 new | store 3,842 bars  2011-12-30 -> 2026-08-12

  day/ask:
      page 1:  3,843 bars  2011-12-30 00:00:00+00:00 -> 2026-08-13 00:00:00+00:00
      fetched 3,842 | +0 new | store 3,842 bars  2011-12-30 -> 2026-08-12


=== goldvar (id 72302) -> /Users/r.john/git/vc-tx2/data ===
  minute/mid:
      page 1: 10,000 bars  2026-08-04 15:02:00+00:00 -> 2026-08-13 20:50:00+00:00
      page 2: 10,000 bars  2026-07-24 09:11:00+00:00 -> 2026-08-04 15:01:00+00:00
      page 3: 10,000 bars  2026-07-15 03:18:00+00:00 -> 2026-07-24 09:10:00+00:00
      page 4:  1,706 bars  2026-07-13 20:50:00+00:00 -> 2026-07-15 03:17:00+00:00
      fetched 31,705 | +319 new | store 39,967 bars  2026-07-05 -> 2026-08-13

  minute/bid:
      page 1: 10,000 bars  2026-08-04 15:02:00+00:00 -> 2026-08-13 20:50:00+00:00
      page 2: 10,000 bars  2026-07-24 09:11:00+00:00 -> 2026-08-04 15:01:00+00:00
      page 3: 10,000 bars  2026-07-15 03:18:00+00:00 -> 2026-07-24 09:10:00+00:00
      page 4:  1,706 bars  2026-07-13 20:50:00+00:00 -> 2026-07-15 03:17:00+00:00
      fetched 31,705 | +319 new | store 39,967 bars  2026-07-05 -> 2026-08-13

  minute/ask:
      page 1: 10,000 bars  2026-08-04 15:02:00+00:00 -> 2026-08-13 20:50:00+00:00
      page 2: 10,000 bars  2026-07-24 09:11:00+00:00 -> 2026-08-04 15:01:00+00:00
      page 3: 10,000 bars  2026-07-15 03:18:00+00:00 -> 2026-07-24 09:10:00+00:00
      page 4:  1,706 bars  2026-07-13 20:50:00+00:00 -> 2026-07-15 03:17:00+00:00
      fetched 31,705 | +319 new | store 39,967 bars  2026-07-05 -> 2026-08-13

  quarter/mid:
      page 1: 10,000 bars  2026-03-12 17:30:00+00:00 -> 2026-08-13 20:45:00+00:00
      page 2: 10,000 bars  2025-10-08 10:45:00+00:00 -> 2026-03-12 17:15:00+00:00
      page 3:  3,629 bars  2025-08-13 22:00:00+00:00 -> 2025-10-08 10:30:00+00:00
      fetched 23,628 | +21 new | store 24,286 bars  2025-08-04 -> 2026-08-13

  quarter/bid:
      page 1: 10,000 bars  2026-03-12 17:30:00+00:00 -> 2026-08-13 20:45:00+00:00
      page 2: 10,000 bars  2025-10-08 10:45:00+00:00 -> 2026-03-12 17:15:00+00:00
      page 3:  3,629 bars  2025-08-13 22:00:00+00:00 -> 2025-10-08 10:30:00+00:00
      fetched 23,628 | +21 new | store 24,286 bars  2025-08-04 -> 2026-08-13

  quarter/ask:
      page 1: 10,000 bars  2026-03-12 17:30:00+00:00 -> 2026-08-13 20:45:00+00:00
      page 2: 10,000 bars  2025-10-08 10:45:00+00:00 -> 2026-03-12 17:15:00+00:00
      page 3:  3,629 bars  2025-08-13 22:00:00+00:00 -> 2025-10-08 10:30:00+00:00
      fetched 23,628 | +21 new | store 24,286 bars  2025-08-04 -> 2026-08-13

  hour/mid:
      page 1: 10,000 bars  2024-12-03 12:00:00+00:00 -> 2026-08-13 20:00:00+00:00
      page 2:  1,822 bars  2024-08-13 22:00:00+00:00 -> 2024-12-03 11:00:00+00:00
      fetched 11,821 | +5 new | store 11,982 bars  2024-08-04 -> 2026-08-13

  hour/bid:
      page 1: 10,000 bars  2024-12-03 12:00:00+00:00 -> 2026-08-13 20:00:00+00:00
      page 2:  1,822 bars  2024-08-13 22:00:00+00:00 -> 2024-12-03 11:00:00+00:00
      fetched 11,821 | +5 new | store 11,982 bars  2024-08-04 -> 2026-08-13

  hour/ask:
      page 1: 10,000 bars  2024-12-03 12:00:00+00:00 -> 2026-08-13 20:00:00+00:00
      page 2:  1,822 bars  2024-08-13 22:00:00+00:00 -> 2024-12-03 11:00:00+00:00
      fetched 11,821 | +5 new | store 11,982 bars  2024-08-04 -> 2026-08-13

  day/mid:
      page 1:  3,843 bars  2011-12-30 00:00:00+00:00 -> 2026-08-13 00:00:00+00:00
      fetched 3,842 | +0 new | store 3,842 bars  2011-12-30 -> 2026-08-12

  day/bid:
      page 1:  3,843 bars  2011-12-30 00:00:00+00:00 -> 2026-08-13 00:00:00+00:00
      fetched 3,842 | +0 new | store 3,842 bars  2011-12-30 -> 2026-08-12

  day/ask:
      page 1:  3,843 bars  2011-12-30 00:00:00+00:00 -> 2026-08-13 00:00:00+00:00
      fetched 3,842 | +0 new | store 3,842 bars  2011-12-30 -> 2026-08-12


=== eurusd (id 16635) -> /Users/r.john/git/vc-tx2/data ===
  minute/mid:
      page 1: 10,000 bars  2026-08-04 20:37:00+00:00 -> 2026-08-13 20:50:00+00:00
      page 2: 10,000 bars  2026-07-26 21:05:00+00:00 -> 2026-08-04 20:36:00+00:00
      page 3: 10,000 bars  2026-07-15 20:49:00+00:00 -> 2026-07-24 20:59:00+00:00
      page 4:  2,857 bars  2026-07-13 20:50:00+00:00 -> 2026-07-15 20:48:00+00:00
      fetched 32,856 | +315 new | store 41,415 bars  2026-07-05 -> 2026-08-13

  minute/bid:
      page 1: 10,000 bars  2026-08-04 20:37:00+00:00 -> 2026-08-13 20:50:00+00:00
      page 2: 10,000 bars  2026-07-26 21:05:00+00:00 -> 2026-08-04 20:36:00+00:00
      page 3: 10,000 bars  2026-07-15 20:49:00+00:00 -> 2026-07-24 20:59:00+00:00
      page 4:  2,856 bars  2026-07-13 20:51:00+00:00 -> 2026-07-15 20:48:00+00:00
      fetched 32,855 | +314 new | store 41,415 bars  2026-07-05 -> 2026-08-13

  minute/ask:
      page 1: 10,000 bars  2026-08-04 20:37:00+00:00 -> 2026-08-13 20:50:00+00:00
      page 2: 10,000 bars  2026-07-26 21:05:00+00:00 -> 2026-08-04 20:36:00+00:00
      page 3: 10,000 bars  2026-07-15 20:49:00+00:00 -> 2026-07-24 20:59:00+00:00
      page 4:  2,856 bars  2026-07-13 20:51:00+00:00 -> 2026-07-15 20:48:00+00:00
      fetched 32,855 | +314 new | store 41,415 bars  2026-07-05 -> 2026-08-13

  quarter/mid:
      page 1: 10,000 bars  2026-03-20 08:15:00+00:00 -> 2026-08-13 20:45:00+00:00
      page 2: 10,000 bars  2025-10-23 01:00:00+00:00 -> 2026-03-20 08:00:00+00:00
      page 3:  4,816 bars  2025-08-13 21:00:00+00:00 -> 2025-10-23 00:45:00+00:00
      fetched 24,815 | +21 new | store 25,501 bars  2025-08-04 -> 2026-08-13

  quarter/bid:
      page 1: 10,000 bars  2026-03-20 08:15:00+00:00 -> 2026-08-13 20:45:00+00:00
      page 2: 10,000 bars  2025-10-23 01:00:00+00:00 -> 2026-03-20 08:00:00+00:00
      page 3:  4,816 bars  2025-08-13 21:00:00+00:00 -> 2025-10-23 00:45:00+00:00
      fetched 24,815 | +21 new | store 25,501 bars  2025-08-04 -> 2026-08-13

  quarter/ask:
      page 1: 10,000 bars  2026-03-20 08:15:00+00:00 -> 2026-08-13 20:45:00+00:00
      page 2: 10,000 bars  2025-10-23 01:00:00+00:00 -> 2026-03-20 08:00:00+00:00
      page 3:  4,816 bars  2025-08-13 21:00:00+00:00 -> 2025-10-23 00:45:00+00:00
      fetched 24,815 | +21 new | store 25,501 bars  2025-08-04 -> 2026-08-13

  hour/mid:
      page 1: 10,000 bars  2025-01-02 19:00:00+00:00 -> 2026-08-13 20:00:00+00:00
      page 2:  2,394 bars  2024-08-13 21:00:00+00:00 -> 2025-01-02 18:00:00+00:00
      fetched 12,393 | +5 new | store 12,561 bars  2024-08-04 -> 2026-08-13

  hour/bid:
      page 1: 10,000 bars  2025-01-02 19:00:00+00:00 -> 2026-08-13 20:00:00+00:00
      page 2:  2,394 bars  2024-08-13 21:00:00+00:00 -> 2025-01-02 18:00:00+00:00
      fetched 12,393 | +5 new | store 12,561 bars  2024-08-04 -> 2026-08-13

  hour/ask:
      page 1: 10,000 bars  2025-01-02 19:00:00+00:00 -> 2026-08-13 20:00:00+00:00
      page 2:  2,394 bars  2024-08-13 21:00:00+00:00 -> 2025-01-02 18:00:00+00:00
      fetched 12,393 | +5 new | store 12,561 bars  2024-08-04 -> 2026-08-13

  day/mid:
      page 1:  7,446 bars  1999-01-04 00:00:00+00:00 -> 2026-08-13 00:00:00+00:00
      fetched 7,445 | +0 new | store 7,445 bars  1999-01-04 -> 2026-08-12

  day/bid:
      page 1:  7,446 bars  1999-01-04 00:00:00+00:00 -> 2026-08-13 00:00:00+00:00
      fetched 7,445 | +0 new | store 7,445 bars  1999-01-04 -> 2026-08-12

  day/ask:
      page 1:  7,446 bars  1999-01-04 00:00:00+00:00 -> 2026-08-13 00:00:00+00:00
      fetched 7,445 | +0 new | store 7,445 bars  1999-01-04 -> 2026-08-12


=== uk100fut (id 70152) -> /Users/r.john/git/vc-tx2/data ===
  minute/mid:
      page 1: 10,000 bars  2026-08-04 11:24:00+00:00 -> 2026-08-13 20:50:00+00:00
      page 2: 10,000 bars  2026-07-24 01:51:00+00:00 -> 2026-08-04 11:23:00+00:00
      page 3: 10,000 bars  2026-07-14 15:06:00+00:00 -> 2026-07-24 01:50:00+00:00
      page 4:  1,030 bars  2026-07-13 20:51:00+00:00 -> 2026-07-14 15:05:00+00:00
      fetched 31,029 | +302 new | store 32,380 bars  2026-07-12 -> 2026-08-13

  minute/bid:
      page 1: 10,000 bars  2026-08-04 11:24:00+00:00 -> 2026-08-13 20:50:00+00:00
      page 2: 10,000 bars  2026-07-24 01:51:00+00:00 -> 2026-08-04 11:23:00+00:00
      page 3: 10,000 bars  2026-07-14 15:06:00+00:00 -> 2026-07-24 01:50:00+00:00
      page 4:  1,030 bars  2026-07-13 20:51:00+00:00 -> 2026-07-14 15:05:00+00:00
      fetched 31,029 | +302 new | store 32,380 bars  2026-07-12 -> 2026-08-13

  minute/ask:
      page 1: 10,000 bars  2026-08-04 11:25:00+00:00 -> 2026-08-13 20:51:00+00:00
      page 2: 10,000 bars  2026-07-24 01:52:00+00:00 -> 2026-08-04 11:24:00+00:00
      page 3: 10,000 bars  2026-07-14 15:07:00+00:00 -> 2026-07-24 01:51:00+00:00
      page 4:  1,031 bars  2026-07-13 20:51:00+00:00 -> 2026-07-14 15:06:00+00:00
      fetched 31,030 | +303 new | store 32,381 bars  2026-07-12 -> 2026-08-13

  quarter/mid:
      page 1: 10,000 bars  2026-03-06 06:00:00+00:00 -> 2026-08-13 20:45:00+00:00
      page 2: 10,000 bars  2025-09-26 15:30:00+00:00 -> 2026-03-06 05:45:00+00:00
      page 3:  2,771 bars  2025-08-13 22:00:00+00:00 -> 2025-09-26 15:15:00+00:00
      fetched 22,770 | +20 new | store 23,043 bars  2025-08-10 -> 2026-08-13

  quarter/bid:
      page 1: 10,000 bars  2026-03-06 06:00:00+00:00 -> 2026-08-13 20:45:00+00:00
      page 2: 10,000 bars  2025-09-26 15:30:00+00:00 -> 2026-03-06 05:45:00+00:00
      page 3:  2,771 bars  2025-08-13 22:00:00+00:00 -> 2025-09-26 15:15:00+00:00
      fetched 22,770 | +20 new | store 23,043 bars  2025-08-10 -> 2026-08-13

  quarter/ask:
      page 1: 10,000 bars  2026-03-06 06:00:00+00:00 -> 2026-08-13 20:45:00+00:00
      page 2: 10,000 bars  2025-09-26 15:30:00+00:00 -> 2026-03-06 05:45:00+00:00
      page 3:  2,771 bars  2025-08-13 22:00:00+00:00 -> 2025-09-26 15:15:00+00:00
      fetched 22,770 | +20 new | store 23,043 bars  2025-08-10 -> 2026-08-13

  hour/mid:
      page 1: 10,000 bars  2024-11-13 08:00:00+00:00 -> 2026-08-13 20:00:00+00:00
      page 2:  1,466 bars  2024-08-13 22:00:00+00:00 -> 2024-11-13 07:00:00+00:00
      fetched 11,465 | +5 new | store 11,511 bars  2024-08-11 -> 2026-08-13

  hour/bid:
      page 1: 10,000 bars  2024-11-13 08:00:00+00:00 -> 2026-08-13 20:00:00+00:00
      page 2:  1,466 bars  2024-08-13 22:00:00+00:00 -> 2024-11-13 07:00:00+00:00
      fetched 11,465 | +5 new | store 11,511 bars  2024-08-11 -> 2026-08-13

  hour/ask:
      page 1: 10,000 bars  2024-11-13 08:00:00+00:00 -> 2026-08-13 20:00:00+00:00
      page 2:  1,466 bars  2024-08-13 22:00:00+00:00 -> 2024-11-13 07:00:00+00:00
      fetched 11,465 | +5 new | store 11,511 bars  2024-08-11 -> 2026-08-13

  day/mid:
      page 1:  1,290 bars  2021-07-05 00:00:00+00:00 -> 2026-08-13 00:00:00+00:00
      fetched 1,289 | +0 new | store 1,289 bars  2021-07-05 -> 2026-08-12

  day/bid:
      page 1:  1,290 bars  2021-07-05 00:00:00+00:00 -> 2026-08-13 00:00:00+00:00
      fetched 1,289 | +0 new | store 1,289 bars  2021-07-05 -> 2026-08-12  !! {'open_outside_hl': 1}

  day/ask:
      page 1:  1,290 bars  2021-07-05 00:00:00+00:00 -> 2026-08-13 00:00:00+00:00
      fetched 1,289 | +0 new | store 1,289 bars  2021-07-05 -> 2026-08-12  !! {'close_outside_hl': 1}


=== uk100sep26 (id 72516) -> /Users/r.john/git/vc-tx2/data ===
  minute/mid:
      page 1: 10,000 bars  2026-08-04 11:25:00+00:00 -> 2026-08-13 20:51:00+00:00
      page 2: 10,000 bars  2026-07-24 01:52:00+00:00 -> 2026-08-04 11:24:00+00:00
      page 3: 10,000 bars  2026-07-14 15:07:00+00:00 -> 2026-07-24 01:51:00+00:00
      page 4:  1,031 bars  2026-07-13 20:51:00+00:00 -> 2026-07-14 15:06:00+00:00
      fetched 31,030 | +303 new | store 32,381 bars  2026-07-12 -> 2026-08-13

  minute/bid:
      page 1: 10,000 bars  2026-08-04 11:25:00+00:00 -> 2026-08-13 20:51:00+00:00
      page 2: 10,000 bars  2026-07-24 01:52:00+00:00 -> 2026-08-04 11:24:00+00:00
      page 3: 10,000 bars  2026-07-14 15:07:00+00:00 -> 2026-07-24 01:51:00+00:00
      page 4:  1,030 bars  2026-07-13 20:52:00+00:00 -> 2026-07-14 15:06:00+00:00
      fetched 31,029 | +302 new | store 32,381 bars  2026-07-12 -> 2026-08-13

  minute/ask:
      page 1: 10,000 bars  2026-08-04 11:25:00+00:00 -> 2026-08-13 20:51:00+00:00
      page 2: 10,000 bars  2026-07-24 01:52:00+00:00 -> 2026-08-04 11:24:00+00:00
      page 3: 10,000 bars  2026-07-14 15:07:00+00:00 -> 2026-07-24 01:51:00+00:00
      page 4:  1,030 bars  2026-07-13 20:52:00+00:00 -> 2026-07-14 15:06:00+00:00
      fetched 31,029 | +302 new | store 32,381 bars  2026-07-12 -> 2026-08-13

  quarter/mid:
      page 1:  4,079 bars  2026-06-11 17:30:00+00:00 -> 2026-08-13 20:45:00+00:00
      fetched 4,078 | +20 new | store 4,078 bars  2026-06-11 -> 2026-08-13

  quarter/bid:
      page 1:  4,079 bars  2026-06-11 17:30:00+00:00 -> 2026-08-13 20:45:00+00:00
      fetched 4,078 | +20 new | store 4,078 bars  2026-06-11 -> 2026-08-13

  quarter/ask:
      page 1:  4,079 bars  2026-06-11 17:30:00+00:00 -> 2026-08-13 20:45:00+00:00
      fetched 4,078 | +20 new | store 4,078 bars  2026-06-11 -> 2026-08-13

  hour/mid:
      page 1:  1,030 bars  2026-06-11 17:00:00+00:00 -> 2026-08-13 20:00:00+00:00
      fetched 1,029 | +5 new | store 1,029 bars  2026-06-11 -> 2026-08-13

  hour/bid:
      page 1:  1,030 bars  2026-06-11 17:00:00+00:00 -> 2026-08-13 20:00:00+00:00
      fetched 1,029 | +5 new | store 1,029 bars  2026-06-11 -> 2026-08-13

  hour/ask:
      page 1:  1,030 bars  2026-06-11 17:00:00+00:00 -> 2026-08-13 20:00:00+00:00
      fetched 1,029 | +5 new | store 1,029 bars  2026-06-11 -> 2026-08-13

  day/mid:
      page 1:     46 bars  2026-06-11 00:00:00+00:00 -> 2026-08-13 00:00:00+00:00
      fetched 45 | +0 new | store 45 bars  2026-06-11 -> 2026-08-12

  day/bid:
      page 1:     46 bars  2026-06-11 00:00:00+00:00 -> 2026-08-13 00:00:00+00:00
      fetched 45 | +0 new | store 45 bars  2026-06-11 -> 2026-08-12

  day/ask:
      page 1:     46 bars  2026-06-11 00:00:00+00:00 -> 2026-08-13 00:00:00+00:00
      fetched 45 | +0 new | store 45 bars  2026-06-11 -> 2026-08-12


Done. `python3 collect.py status` for a summary.
     instr    feed side  bars       from         to  sessions  vol=0 %        last sync
     uk100  minute  mid 39363 2026-07-03 2026-08-13        36      0.0 2026-08-13T20:47
     uk100  minute  bid 39363 2026-07-03 2026-08-13        36      0.0 2026-08-13T20:47
     uk100  minute  ask 39363 2026-07-03 2026-08-13        36      0.0 2026-08-13T20:47
     uk100 quarter  mid 23496 2025-08-03 2026-08-13       311      0.0 2026-08-13T20:47
     uk100 quarter  bid 23496 2025-08-03 2026-08-13       311      0.0 2026-08-13T20:47
     uk100 quarter  ask 23496 2025-08-03 2026-08-13       311      0.0 2026-08-13T20:47
     uk100    hour  mid 11636 2024-08-04 2026-08-13       613      0.0 2026-08-13T20:47
     uk100    hour  bid 11636 2024-08-04 2026-08-13       613      0.0 2026-08-13T20:47
     uk100    hour  ask 11636 2024-08-04 2026-08-13       613      0.0 2026-08-13T20:47
     uk100     day  mid  3752 2012-03-26 2026-08-12      3752     59.9 2026-08-13T20:47
     uk100     day  bid  3752 2012-03-26 2026-08-12      3752     59.9 2026-08-13T20:47
     uk100     day  ask  3752 2012-03-26 2026-08-12      3752     59.9 2026-08-13T20:47
     ger40  minute  mid 39180 2026-07-05 2026-08-13        35      0.0 2026-08-13T20:47
     ger40  minute  bid 39180 2026-07-05 2026-08-13        35      0.0 2026-08-13T20:47
     ger40  minute  ask 39180 2026-07-05 2026-08-13        35      0.0 2026-08-13T20:48
     ger40 quarter  mid 23529 2025-08-04 2026-08-13       314      0.0 2026-08-13T20:48
     ger40 quarter  bid 23529 2025-08-04 2026-08-13       314      0.0 2026-08-13T20:48
     ger40 quarter  ask 23529 2025-08-04 2026-08-13       314      0.0 2026-08-13T20:48
     ger40    hour  mid 11687 2024-08-04 2026-08-13       621      0.0 2026-08-13T20:48
     ger40    hour  bid 11687 2024-08-04 2026-08-13       621      0.0 2026-08-13T20:48
     ger40    hour  ask 11687 2024-08-04 2026-08-13       621      0.0 2026-08-13T20:48
     ger40     day  mid  3771 2012-01-30 2026-08-12      3771     60.2 2026-08-13T20:48
     ger40     day  bid  3771 2012-01-30 2026-08-12      3771     60.2 2026-08-13T20:48
     ger40     day  ask  3771 2012-01-30 2026-08-12      3771     60.2 2026-08-13T20:48
      us30  minute  mid 39852 2026-07-05 2026-08-13        35      0.0 2026-08-13T20:48
      us30  minute  bid 39852 2026-07-05 2026-08-13        35      0.0 2026-08-13T20:48
      us30  minute  ask 39852 2026-07-05 2026-08-13        35      0.0 2026-08-13T20:48
      us30 quarter  mid 24171 2025-08-04 2026-08-13       322      0.0 2026-08-13T20:48
      us30 quarter  bid 24171 2025-08-04 2026-08-13       322      0.0 2026-08-13T20:48
      us30 quarter  ask 24171 2025-08-04 2026-08-13       322      0.0 2026-08-13T20:48
      us30    hour  mid 11956 2024-08-04 2026-08-13       634      0.0 2026-08-13T20:48
      us30    hour  bid 11956 2024-08-04 2026-08-13       634      0.0 2026-08-13T20:48
      us30    hour  ask 11956 2024-08-04 2026-08-13       634      0.0 2026-08-13T20:48
      us30     day  mid  3844 2012-03-05 2026-08-12      3844     60.9 2026-08-13T20:48
      us30     day  bid  3844 2012-03-05 2026-08-12      3844     60.9 2026-08-13T20:48
      us30     day  ask  3844 2012-03-05 2026-08-12      3844     60.9 2026-08-13T20:48
 ustech100  minute  mid 39852 2026-07-05 2026-08-13        35      0.0 2026-08-13T20:48
 ustech100  minute  bid 39852 2026-07-05 2026-08-13        35      0.0 2026-08-13T20:48
 ustech100  minute  ask 39852 2026-07-05 2026-08-13        35      0.0 2026-08-13T20:48
 ustech100 quarter  mid 24171 2025-08-04 2026-08-13       322      0.0 2026-08-13T20:48
 ustech100 quarter  bid 24171 2025-08-04 2026-08-13       322      0.0 2026-08-13T20:48
 ustech100 quarter  ask 24171 2025-08-04 2026-08-13       322      0.0 2026-08-13T20:49
 ustech100    hour  mid 11957 2024-08-04 2026-08-13       634      0.0 2026-08-13T20:49
 ustech100    hour  bid 11957 2024-08-04 2026-08-13       634      0.0 2026-08-13T20:49
 ustech100    hour  ask 11957 2024-08-04 2026-08-13       634      0.0 2026-08-13T20:49
 ustech100     day  mid  3844 2012-03-05 2026-08-12      3844     60.9 2026-08-13T20:49
 ustech100     day  bid  3844 2012-03-05 2026-08-12      3844     60.9 2026-08-13T20:49
 ustech100     day  ask  3844 2012-03-05 2026-08-12      3844     60.9 2026-08-13T20:49
     us500  minute  mid 39834 2026-07-05 2026-08-13        35      0.0 2026-08-13T20:49
     us500  minute  bid 39834 2026-07-05 2026-08-13        35      0.0 2026-08-13T20:49
     us500  minute  ask 39834 2026-07-05 2026-08-13        35      0.0 2026-08-13T20:49
     us500 quarter  mid 24164 2025-08-04 2026-08-13       322      0.0 2026-08-13T20:49
     us500 quarter  bid 24164 2025-08-04 2026-08-13       322      0.0 2026-08-13T20:49
     us500 quarter  ask 24164 2025-08-04 2026-08-13       322      0.0 2026-08-13T20:49
     us500    hour  mid 11956 2024-08-04 2026-08-13       634      0.0 2026-08-13T20:49
     us500    hour  bid 11956 2024-08-04 2026-08-13       634      0.0 2026-08-13T20:49
     us500    hour  ask 11956 2024-08-04 2026-08-13       634      0.0 2026-08-13T20:49
     us500     day  mid  3837 2012-03-13 2026-08-12      3837     60.8 2026-08-13T20:49
     us500     day  bid  3837 2012-03-13 2026-08-12      3837     60.8 2026-08-13T20:49
     us500     day  ask  3837 2012-03-13 2026-08-12      3837     60.8 2026-08-13T20:49
      gold  minute  mid 39966 2026-07-05 2026-08-13        35      0.0 2026-08-13T20:49
      gold  minute  bid 39966 2026-07-05 2026-08-13        35      0.0 2026-08-13T20:49
      gold  minute  ask 39966 2026-07-05 2026-08-13        35      0.0 2026-08-13T20:49
      gold quarter  mid 24286 2025-08-04 2026-08-13       321      0.0 2026-08-13T20:49
      gold quarter  bid 24286 2025-08-04 2026-08-13       321      0.0 2026-08-13T20:49
      gold quarter  ask 24286 2025-08-04 2026-08-13       321      0.0 2026-08-13T20:49
      gold    hour  mid 11982 2024-08-04 2026-08-13       633      0.0 2026-08-13T20:50
      gold    hour  bid 11982 2024-08-04 2026-08-13       633      0.0 2026-08-13T20:50
      gold    hour  ask 11982 2024-08-04 2026-08-13       633      0.0 2026-08-13T20:50
      gold     day  mid  3842 2011-12-30 2026-08-12      3842     60.9 2026-08-13T20:50
      gold     day  bid  3842 2011-12-30 2026-08-12      3842     60.9 2026-08-13T20:50
      gold     day  ask  3842 2011-12-30 2026-08-12      3842     60.9 2026-08-13T20:50
   goldvar  minute  mid 39967 2026-07-05 2026-08-13        35      0.0 2026-08-13T20:50
   goldvar  minute  bid 39967 2026-07-05 2026-08-13        35      0.0 2026-08-13T20:50
   goldvar  minute  ask 39967 2026-07-05 2026-08-13        35      0.0 2026-08-13T20:50
   goldvar quarter  mid 24286 2025-08-04 2026-08-13       321      0.0 2026-08-13T20:50
   goldvar quarter  bid 24286 2025-08-04 2026-08-13       321      0.0 2026-08-13T20:50
   goldvar quarter  ask 24286 2025-08-04 2026-08-13       321      0.0 2026-08-13T20:50
   goldvar    hour  mid 11982 2024-08-04 2026-08-13       633      0.0 2026-08-13T20:50
   goldvar    hour  bid 11982 2024-08-04 2026-08-13       633      0.0 2026-08-13T20:50
   goldvar    hour  ask 11982 2024-08-04 2026-08-13       633      0.0 2026-08-13T20:50
   goldvar     day  mid  3842 2011-12-30 2026-08-12      3842     60.9 2026-08-13T20:50
   goldvar     day  bid  3842 2011-12-30 2026-08-12      3842     60.9 2026-08-13T20:50
   goldvar     day  ask  3842 2011-12-30 2026-08-12      3842     60.9 2026-08-13T20:50
    eurusd  minute  mid 41415 2026-07-05 2026-08-13        35      0.0 2026-08-13T20:50
    eurusd  minute  bid 41415 2026-07-05 2026-08-13        35      0.0 2026-08-13T20:50
    eurusd  minute  ask 41415 2026-07-05 2026-08-13        35      0.0 2026-08-13T20:50
    eurusd quarter  mid 25501 2025-08-04 2026-08-13       322      0.0 2026-08-13T20:50
    eurusd quarter  bid 25501 2025-08-04 2026-08-13       322      0.0 2026-08-13T20:50
    eurusd quarter  ask 25501 2025-08-04 2026-08-13       322      0.0 2026-08-13T20:50
    eurusd    hour  mid 12561 2024-08-04 2026-08-13       634      0.0 2026-08-13T20:50
    eurusd    hour  bid 12561 2024-08-04 2026-08-13       634      0.0 2026-08-13T20:50
    eurusd    hour  ask 12561 2024-08-04 2026-08-13       634      0.0 2026-08-13T20:50
    eurusd     day  mid  7445 1999-01-04 2026-08-12      7445     79.4 2026-08-13T20:50
    eurusd     day  bid  7445 1999-01-04 2026-08-12      7445     79.4 2026-08-13T20:51
    eurusd     day  ask  7445 1999-01-04 2026-08-12      7445     79.4 2026-08-13T20:51
  uk100fut  minute  mid 32380 2026-07-12 2026-08-13        29      0.0 2026-08-13T20:51
  uk100fut  minute  bid 32380 2026-07-12 2026-08-13        29      0.0 2026-08-13T20:51
  uk100fut  minute  ask 32381 2026-07-12 2026-08-13        29      0.0 2026-08-13T20:51
  uk100fut quarter  mid 23043 2025-08-10 2026-08-13       306      0.0 2026-08-13T20:51
  uk100fut quarter  bid 23043 2025-08-10 2026-08-13       306      0.0 2026-08-13T20:51
  uk100fut quarter  ask 23043 2025-08-10 2026-08-13       306      0.0 2026-08-13T20:51
  uk100fut    hour  mid 11511 2024-08-11 2026-08-13       605      0.0 2026-08-13T20:51
  uk100fut    hour  bid 11511 2024-08-11 2026-08-13       605      0.0 2026-08-13T20:51
  uk100fut    hour  ask 11511 2024-08-11 2026-08-13       605      0.0 2026-08-13T20:51
  uk100fut     day  mid  1289 2021-07-05 2026-08-12      1289     49.5 2026-08-13T20:51
  uk100fut     day  bid  1289 2021-07-05 2026-08-12      1289     49.5 2026-08-13T20:51
  uk100fut     day  ask  1289 2021-07-05 2026-08-12      1289     49.5 2026-08-13T20:51
uk100sep26  minute  mid 32381 2026-07-12 2026-08-13        29      0.0 2026-08-13T20:51
uk100sep26  minute  bid 32381 2026-07-12 2026-08-13        29      0.0 2026-08-13T20:51
uk100sep26  minute  ask 32381 2026-07-12 2026-08-13        29      0.0 2026-08-13T20:51
uk100sep26 quarter  mid  4078 2026-06-11 2026-08-13        55      0.0 2026-08-13T20:51
uk100sep26 quarter  bid  4078 2026-06-11 2026-08-13        55      0.0 2026-08-13T20:51
uk100sep26 quarter  ask  4078 2026-06-11 2026-08-13        55      0.0 2026-08-13T20:51
uk100sep26    hour  mid  1029 2026-06-11 2026-08-13        55      0.0 2026-08-13T20:51
uk100sep26    hour  bid  1029 2026-06-11 2026-08-13        55      0.0 2026-08-13T20:51
uk100sep26    hour  ask  1029 2026-06-11 2026-08-13        55      0.0 2026-08-13T20:51
uk100sep26     day  mid    45 2026-06-11 2026-08-12        45      0.0 2026-08-13T20:51
uk100sep26     day  bid    45 2026-06-11 2026-08-12        45      0.0 2026-08-13T20:51
uk100sep26     day  ask    45 2026-06-11 2026-08-12        45      0.0 2026-08-13T20:51

spread (minute, n=39,363): median 1.00 pts | p90 5.00 | core 07:00-15:59 UTC median 0.80 pts (n=15,660)

spread (quarter, n=23,496): median 1.00 pts | p90 5.00 | core 07:00-15:59 UTC median 0.80 pts (n=9,371)

spread (hour, n=11,636): median 1.00 pts | p90 5.00 | core 07:00-15:59 UTC median 0.80 pts (n=4,605)

spread (day, n=3,752): median 0.00 pts | p90 5.00 | core 07:00-15:59 UTC median nan pts (n=0)
uk100/minute/mid: 39,363 bars | OK | zero-volume 0.0% | 105 gaps > one bar (weekends/closures expected)
uk100/minute/bid: 39,363 bars | OK | zero-volume 0.0% | 105 gaps > one bar (weekends/closures expected)
uk100/minute/ask: 39,363 bars | OK | zero-volume 0.0% | 105 gaps > one bar (weekends/closures expected)
uk100/quarter/mid: 23,496 bars | OK | zero-volume 0.0% | 449 gaps > one bar (weekends/closures expected)
uk100/quarter/bid: 23,496 bars | OK | zero-volume 0.0% | 449 gaps > one bar (weekends/closures expected)
uk100/quarter/ask: 23,496 bars | OK | zero-volume 0.0% | 449 gaps > one bar (weekends/closures expected)
uk100/hour/mid: 11,636 bars | OK | zero-volume 0.0% | 512 gaps > one bar (weekends/closures expected)
uk100/hour/bid: 11,636 bars | OK | zero-volume 0.0% | 512 gaps > one bar (weekends/closures expected)
uk100/hour/ask: 11,636 bars | OK | zero-volume 0.0% | 512 gaps > one bar (weekends/closures expected)
uk100/day/mid: 3,752 bars | OK | zero-volume 59.86% | 747 gaps > one bar (weekends/closures expected)
uk100/day/bid: 3,752 bars | known {'open_outside_hl': 2} | zero-volume 59.86% | 747 gaps > one bar (weekends/closures expected)
uk100/day/ask: 3,752 bars | known {'close_outside_hl': 2} | zero-volume 59.86% | 747 gaps > one bar (weekends/closures expected)
ger40/minute/mid: 39,180 bars | OK | zero-volume 0.0% | 150 gaps > one bar (weekends/closures expected)
ger40/minute/bid: 39,180 bars | OK | zero-volume 0.0% | 150 gaps > one bar (weekends/closures expected)
ger40/minute/ask: 39,180 bars | OK | zero-volume 0.0% | 150 gaps > one bar (weekends/closures expected)
ger40/quarter/mid: 23,529 bars | OK | zero-volume 0.0% | 452 gaps > one bar (weekends/closures expected)
ger40/quarter/bid: 23,529 bars | OK | zero-volume 0.0% | 452 gaps > one bar (weekends/closures expected)
ger40/quarter/ask: 23,529 bars | OK | zero-volume 0.0% | 452 gaps > one bar (weekends/closures expected)
ger40/hour/mid: 11,687 bars | OK | zero-volume 0.0% | 513 gaps > one bar (weekends/closures expected)
ger40/hour/bid: 11,687 bars | OK | zero-volume 0.0% | 513 gaps > one bar (weekends/closures expected)
ger40/hour/ask: 11,687 bars | OK | zero-volume 0.0% | 513 gaps > one bar (weekends/closures expected)
ger40/day/mid: 3,771 bars | OK | zero-volume 60.17% | 766 gaps > one bar (weekends/closures expected)
ger40/day/bid: 3,771 bars | OK | zero-volume 60.17% | 766 gaps > one bar (weekends/closures expected)
ger40/day/ask: 3,771 bars | OK | zero-volume 60.17% | 766 gaps > one bar (weekends/closures expected)
us30/minute/mid: 39,852 bars | OK | zero-volume 0.0% | 28 gaps > one bar (weekends/closures expected)
us30/minute/bid: 39,852 bars | OK | zero-volume 0.0% | 28 gaps > one bar (weekends/closures expected)
us30/minute/ask: 39,852 bars | OK | zero-volume 0.0% | 28 gaps > one bar (weekends/closures expected)
us30/quarter/mid: 24,171 bars | OK | zero-volume 0.0% | 268 gaps > one bar (weekends/closures expected)
us30/quarter/bid: 24,171 bars | OK | zero-volume 0.0% | 268 gaps > one bar (weekends/closures expected)
us30/quarter/ask: 24,171 bars | OK | zero-volume 0.0% | 268 gaps > one bar (weekends/closures expected)
us30/hour/mid: 11,956 bars | OK | zero-volume 0.0% | 524 gaps > one bar (weekends/closures expected)
us30/hour/bid: 11,956 bars | OK | zero-volume 0.0% | 524 gaps > one bar (weekends/closures expected)
us30/hour/ask: 11,956 bars | OK | zero-volume 0.0% | 524 gaps > one bar (weekends/closures expected)
us30/day/mid: 3,844 bars | OK | zero-volume 60.87% | 759 gaps > one bar (weekends/closures expected)
us30/day/bid: 3,844 bars | OK | zero-volume 60.87% | 759 gaps > one bar (weekends/closures expected)
us30/day/ask: 3,844 bars | OK | zero-volume 60.87% | 759 gaps > one bar (weekends/closures expected)
ustech100/minute/mid: 39,852 bars | OK | zero-volume 0.0% | 28 gaps > one bar (weekends/closures expected)
ustech100/minute/bid: 39,852 bars | OK | zero-volume 0.0% | 28 gaps > one bar (weekends/closures expected)
ustech100/minute/ask: 39,852 bars | OK | zero-volume 0.0% | 28 gaps > one bar (weekends/closures expected)
ustech100/quarter/mid: 24,171 bars | OK | zero-volume 0.0% | 269 gaps > one bar (weekends/closures expected)
ustech100/quarter/bid: 24,171 bars | OK | zero-volume 0.0% | 269 gaps > one bar (weekends/closures expected)
ustech100/quarter/ask: 24,171 bars | OK | zero-volume 0.0% | 269 gaps > one bar (weekends/closures expected)
ustech100/hour/mid: 11,957 bars | OK | zero-volume 0.0% | 524 gaps > one bar (weekends/closures expected)
ustech100/hour/bid: 11,957 bars | OK | zero-volume 0.0% | 524 gaps > one bar (weekends/closures expected)
ustech100/hour/ask: 11,957 bars | OK | zero-volume 0.0% | 524 gaps > one bar (weekends/closures expected)
ustech100/day/mid: 3,844 bars | OK | zero-volume 60.9% | 759 gaps > one bar (weekends/closures expected)
ustech100/day/bid: 3,844 bars | OK | zero-volume 60.9% | 759 gaps > one bar (weekends/closures expected)
ustech100/day/ask: 3,844 bars | OK | zero-volume 60.9% | 759 gaps > one bar (weekends/closures expected)
us500/minute/mid: 39,834 bars | OK | zero-volume 0.0% | 42 gaps > one bar (weekends/closures expected)
us500/minute/bid: 39,834 bars | OK | zero-volume 0.0% | 42 gaps > one bar (weekends/closures expected)
us500/minute/ask: 39,834 bars | OK | zero-volume 0.0% | 42 gaps > one bar (weekends/closures expected)
us500/quarter/mid: 24,164 bars | OK | zero-volume 0.0% | 268 gaps > one bar (weekends/closures expected)
us500/quarter/bid: 24,164 bars | OK | zero-volume 0.0% | 268 gaps > one bar (weekends/closures expected)
us500/quarter/ask: 24,164 bars | OK | zero-volume 0.0% | 268 gaps > one bar (weekends/closures expected)
us500/hour/mid: 11,956 bars | OK | zero-volume 0.0% | 524 gaps > one bar (weekends/closures expected)
us500/hour/bid: 11,956 bars | OK | zero-volume 0.0% | 524 gaps > one bar (weekends/closures expected)
us500/hour/ask: 11,956 bars | OK | zero-volume 0.0% | 524 gaps > one bar (weekends/closures expected)
us500/day/mid: 3,837 bars | OK | zero-volume 60.83% | 759 gaps > one bar (weekends/closures expected)
us500/day/bid: 3,837 bars | OK | zero-volume 60.83% | 759 gaps > one bar (weekends/closures expected)
us500/day/ask: 3,837 bars | OK | zero-volume 60.83% | 759 gaps > one bar (weekends/closures expected)
gold/minute/mid: 39,966 bars | OK | zero-volume 0.0% | 28 gaps > one bar (weekends/closures expected)
gold/minute/bid: 39,966 bars | OK | zero-volume 0.0% | 28 gaps > one bar (weekends/closures expected)
gold/minute/ask: 39,966 bars | OK | zero-volume 0.0% | 28 gaps > one bar (weekends/closures expected)
gold/quarter/mid: 24,286 bars | OK | zero-volume 0.0% | 267 gaps > one bar (weekends/closures expected)
gold/quarter/bid: 24,286 bars | OK | zero-volume 0.0% | 267 gaps > one bar (weekends/closures expected)
gold/quarter/ask: 24,286 bars | OK | zero-volume 0.0% | 267 gaps > one bar (weekends/closures expected)
gold/hour/mid: 11,982 bars | OK | zero-volume 0.0% | 522 gaps > one bar (weekends/closures expected)
gold/hour/bid: 11,982 bars | OK | zero-volume 0.0% | 522 gaps > one bar (weekends/closures expected)
gold/hour/ask: 11,982 bars | OK | zero-volume 0.0% | 522 gaps > one bar (weekends/closures expected)
gold/day/mid: 3,842 bars | OK | zero-volume 60.91% | 766 gaps > one bar (weekends/closures expected)
gold/day/bid: 3,842 bars | OK | zero-volume 60.91% | 766 gaps > one bar (weekends/closures expected)
gold/day/ask: 3,842 bars | OK | zero-volume 60.91% | 766 gaps > one bar (weekends/closures expected)
goldvar/minute/mid: 39,967 bars | OK | zero-volume 0.0% | 28 gaps > one bar (weekends/closures expected)
goldvar/minute/bid: 39,967 bars | OK | zero-volume 0.0% | 28 gaps > one bar (weekends/closures expected)
goldvar/minute/ask: 39,967 bars | OK | zero-volume 0.0% | 28 gaps > one bar (weekends/closures expected)
goldvar/quarter/mid: 24,286 bars | OK | zero-volume 0.0% | 267 gaps > one bar (weekends/closures expected)
goldvar/quarter/bid: 24,286 bars | OK | zero-volume 0.0% | 267 gaps > one bar (weekends/closures expected)
goldvar/quarter/ask: 24,286 bars | OK | zero-volume 0.0% | 267 gaps > one bar (weekends/closures expected)
goldvar/hour/mid: 11,982 bars | OK | zero-volume 0.0% | 522 gaps > one bar (weekends/closures expected)
goldvar/hour/bid: 11,982 bars | OK | zero-volume 0.0% | 522 gaps > one bar (weekends/closures expected)
goldvar/hour/ask: 11,982 bars | OK | zero-volume 0.0% | 522 gaps > one bar (weekends/closures expected)
goldvar/day/mid: 3,842 bars | OK | zero-volume 60.91% | 766 gaps > one bar (weekends/closures expected)
goldvar/day/bid: 3,842 bars | OK | zero-volume 60.91% | 766 gaps > one bar (weekends/closures expected)
goldvar/day/ask: 3,842 bars | OK | zero-volume 60.91% | 766 gaps > one bar (weekends/closures expected)
eurusd/minute/mid: 41,415 bars | OK | zero-volume 0.0% | 185 gaps > one bar (weekends/closures expected)
eurusd/minute/bid: 41,415 bars | OK | zero-volume 0.0% | 185 gaps > one bar (weekends/closures expected)
eurusd/minute/ask: 41,415 bars | OK | zero-volume 0.0% | 185 gaps > one bar (weekends/closures expected)
eurusd/quarter/mid: 25,501 bars | OK | zero-volume 0.0% | 57 gaps > one bar (weekends/closures expected)
eurusd/quarter/bid: 25,501 bars | OK | zero-volume 0.0% | 57 gaps > one bar (weekends/closures expected)
eurusd/quarter/ask: 25,501 bars | OK | zero-volume 0.0% | 57 gaps > one bar (weekends/closures expected)
eurusd/hour/mid: 12,561 bars | OK | zero-volume 0.0% | 110 gaps > one bar (weekends/closures expected)
eurusd/hour/bid: 12,561 bars | OK | zero-volume 0.0% | 110 gaps > one bar (weekends/closures expected)
eurusd/hour/ask: 12,561 bars | OK | zero-volume 0.0% | 110 gaps > one bar (weekends/closures expected)
eurusd/day/mid: 7,445 bars | OK | zero-volume 79.36% | 1,441 gaps > one bar (weekends/closures expected)
eurusd/day/bid: 7,445 bars | OK | zero-volume 79.36% | 1,441 gaps > one bar (weekends/closures expected)
eurusd/day/ask: 7,445 bars | OK | zero-volume 79.36% | 1,441 gaps > one bar (weekends/closures expected)
uk100fut/minute/mid: 32,380 bars | OK | zero-volume 0.0% | 75 gaps > one bar (weekends/closures expected)
uk100fut/minute/bid: 32,380 bars | OK | zero-volume 0.0% | 75 gaps > one bar (weekends/closures expected)
uk100fut/minute/ask: 32,381 bars | OK | zero-volume 0.0% | 75 gaps > one bar (weekends/closures expected)
uk100fut/quarter/mid: 23,043 bars | OK | zero-volume 0.0% | 441 gaps > one bar (weekends/closures expected)
uk100fut/quarter/bid: 23,043 bars | OK | zero-volume 0.0% | 441 gaps > one bar (weekends/closures expected)
uk100fut/quarter/ask: 23,043 bars | OK | zero-volume 0.0% | 441 gaps > one bar (weekends/closures expected)
uk100fut/hour/mid: 11,511 bars | OK | zero-volume 0.0% | 508 gaps > one bar (weekends/closures expected)
uk100fut/hour/bid: 11,511 bars | OK | zero-volume 0.0% | 508 gaps > one bar (weekends/closures expected)
uk100fut/hour/ask: 11,511 bars | OK | zero-volume 0.0% | 508 gaps > one bar (weekends/closures expected)
uk100fut/day/mid: 1,289 bars | OK | zero-volume 49.5% | 270 gaps > one bar (weekends/closures expected)
uk100fut/day/bid: 1,289 bars | known {'open_outside_hl': 1} | zero-volume 49.5% | 270 gaps > one bar (weekends/closures expected)
uk100fut/day/ask: 1,289 bars | known {'close_outside_hl': 1} | zero-volume 49.5% | 270 gaps > one bar (weekends/closures expected)
uk100sep26/minute/mid: 32,381 bars | OK | zero-volume 0.0% | 75 gaps > one bar (weekends/closures expected)
uk100sep26/minute/bid: 32,381 bars | OK | zero-volume 0.0% | 75 gaps > one bar (weekends/closures expected)
uk100sep26/minute/ask: 32,381 bars | OK | zero-volume 0.0% | 75 gaps > one bar (weekends/closures expected)
uk100sep26/quarter/mid: 4,078 bars | OK | zero-volume 0.0% | 82 gaps > one bar (weekends/closures expected)
uk100sep26/quarter/bid: 4,078 bars | OK | zero-volume 0.0% | 82 gaps > one bar (weekends/closures expected)
uk100sep26/quarter/ask: 4,078 bars | OK | zero-volume 0.0% | 82 gaps > one bar (weekends/closures expected)
uk100sep26/hour/mid: 1,029 bars | OK | zero-volume 0.0% | 45 gaps > one bar (weekends/closures expected)
uk100sep26/hour/bid: 1,029 bars | OK | zero-volume 0.0% | 45 gaps > one bar (weekends/closures expected)
uk100sep26/hour/ask: 1,029 bars | OK | zero-volume 0.0% | 45 gaps > one bar (weekends/closures expected)
uk100sep26/day/mid: 45 bars | OK | zero-volume 0.0% | 9 gaps > one bar (weekends/closures expected)
uk100sep26/day/bid: 45 bars | OK | zero-volume 0.0% | 9 gaps > one bar (weekends/closures expected)
uk100sep26/day/ask: 45 bars | OK | zero-volume 0.0% | 9 gaps > one bar (weekends/closures expected)

All structural checks passed (known baseline accepted).

=== uk100  (cash 8.0-16.5 London) ===
    1min:  39,363 bars (14,790 cash) 2026-07-03 -> 2026-08-13   spread 0.8
   15min:  23,496 bars ( 8,845 cash) 2025-08-03 -> 2026-08-13   spread 0.8
      1h:  11,636 bars ( 4,601 cash) 2024-08-04 -> 2026-08-13   spread 0.8
      4h:   3,170 bars ( 1,535 cash) 2024-08-04 -> 2026-08-13   spread 0.8
      1d:   3,752 bars ( 3,752 cash) 2012-03-26 -> 2026-08-12   spread 0.0

=== ger40  (cash 8.0-16.5 London) ===
    1min:  39,180 bars (14,790 cash) 2026-07-05 -> 2026-08-13   spread 1.0
   15min:  23,529 bars ( 8,839 cash) 2025-08-04 -> 2026-08-13   spread 1.0
      1h:  11,687 bars ( 4,617 cash) 2024-08-04 -> 2026-08-13   spread 1.0
      4h:   3,185 bars ( 1,539 cash) 2024-08-04 -> 2026-08-13   spread 1.0
      1d:   3,771 bars ( 3,771 cash) 2012-01-30 -> 2026-08-12   spread 0.0

=== us500  (cash 9.5-16.0 London) ===
    1min:  39,834 bars (11,307 cash) 2026-07-05 -> 2026-08-13   spread 0.4
   15min:  24,164 bars ( 6,787 cash) 2025-08-04 -> 2026-08-13   spread 0.4
      1h:  11,956 bars ( 3,080 cash) 2024-08-04 -> 2026-08-13   spread 0.4
      4h:   3,127 bars (   548 cash) 2024-08-04 -> 2026-08-13   spread 0.425
      1d:   3,837 bars ( 3,837 cash) 2012-03-13 -> 2026-08-12   spread 0.0

=== us30  (cash 9.5-16.0 London) ===
    1min:  39,852 bars (11,310 cash) 2026-07-05 -> 2026-08-13   spread 1.9
   15min:  24,171 bars ( 6,793 cash) 2025-08-04 -> 2026-08-13   spread 1.9
      1h:  11,956 bars ( 3,080 cash) 2024-08-04 -> 2026-08-13   spread 1.9
      4h:   3,127 bars (   548 cash) 2024-08-04 -> 2026-08-13   spread 2.2667
      1d:   3,844 bars ( 3,844 cash) 2012-03-05 -> 2026-08-12   spread 0.0

=== ustech100  (cash 9.5-16.0 London) ===
    1min:  39,852 bars (11,310 cash) 2026-07-05 -> 2026-08-13   spread 0.9
   15min:  24,171 bars ( 6,793 cash) 2025-08-04 -> 2026-08-13   spread 0.9
      1h:  11,957 bars ( 3,080 cash) 2024-08-04 -> 2026-08-13   spread 0.9
      4h:   3,127 bars (   548 cash) 2024-08-04 -> 2026-08-13   spread 1.125
      1d:   3,844 bars ( 3,844 cash) 2012-03-05 -> 2026-08-12   spread 0.0

=== gold  (cash 8.0-16.0 London) ===
    1min:  39,966 bars (13,920 cash) 2026-07-05 -> 2026-08-13   spread 0.4
   15min:  24,286 bars ( 8,421 cash) 2025-08-04 -> 2026-08-13   spread 0.4
      1h:  11,982 bars ( 4,156 cash) 2024-08-04 -> 2026-08-13   spread 0.3
      4h:   3,241 bars ( 1,028 cash) 2024-08-04 -> 2026-08-13   spread 0.45
      1d:   3,842 bars ( 3,842 cash) 2011-12-30 -> 2026-08-12   spread 0.0

=== goldvar  (cash 8.0-16.0 London) ===
    1min:  39,967 bars (13,920 cash) 2026-07-05 -> 2026-08-13   spread 0.4
   15min:  24,286 bars ( 8,421 cash) 2025-08-04 -> 2026-08-13   spread 0.4
      1h:  11,982 bars ( 4,156 cash) 2024-08-04 -> 2026-08-13   spread 0.3
      4h:   3,241 bars ( 1,028 cash) 2024-08-04 -> 2026-08-13   spread 0.4
      1d:   3,842 bars ( 3,842 cash) 2011-12-30 -> 2026-08-12   spread 0.0

=== eurusd  (cash 8.0-21.0 London) ===
    1min:  41,415 bars (22,620 cash) 2026-07-05 -> 2026-08-13   spread 0.0001
   15min:  25,501 bars (13,806 cash) 2025-08-04 -> 2026-08-13   spread 0.0001
      1h:  12,561 bars ( 6,802 cash) 2024-08-04 -> 2026-08-13   spread 0.0
      4h:   3,250 bars ( 2,092 cash) 2024-08-04 -> 2026-08-13   spread 0.0
      1d:   7,445 bars ( 7,445 cash) 1999-01-04 -> 2026-08-12   spread 0.0

=== uk100fut  (cash 8.0-16.5 London) ===
    1min:  32,380 bars (12,240 cash) 2026-07-12 -> 2026-08-13   spread 1.3
   15min:  23,043 bars ( 8,675 cash) 2025-08-10 -> 2026-08-13   spread 1.3
      1h:  11,511 bars ( 4,556 cash) 2024-08-11 -> 2026-08-13   spread 1.3
      4h:   3,136 bars ( 1,520 cash) 2024-08-11 -> 2026-08-13   spread 1.3
      1d:   1,289 bars ( 1,289 cash) 2021-07-05 -> 2026-08-12   spread 5.0

=== uk100sep26  (cash 8.0-16.5 London) ===
    1min:  32,381 bars (12,240 cash) 2026-07-12 -> 2026-08-13   spread 4.0
   15min:   4,078 bars ( 1,530 cash) 2026-06-11 -> 2026-08-13   spread 4.0
      1h:   1,029 bars (   405 cash) 2026-06-11 -> 2026-08-13   spread 4.0
      4h:     281 bars (   135 cash) 2026-06-11 -> 2026-08-13   spread 4.0
      1d:      45 bars (    45 cash) 2026-06-11 -> 2026-08-12   spread 6.0

Wrote /Users/r.john/git/vc-tx2/clean_finsa/
uk100      14/14 passed
ger40      14/14 passed
us500      14/14 passed
us30       14/14 passed
ustech100  14/14 passed
gold       14/14 passed
goldvar    14/14 passed
eurusd     14/14 passed
uk100fut   14/14 passed
uk100sep26 14/14 passed

140/140 checks passed overall.
=== done 2026-08-13T20:51:58Z sync=0 validate=0 build=0 verify=0 ===
