=== sync start 2026-08-14T08:35:58Z ===

=== uk100 (id 16645) -> /Users/r.john/git/vc-tx2/data ===
  minute/mid:
      page 1: 10,000 bars  2026-08-04 23:15:00+00:00 -> 2026-08-14 08:35:00+00:00
      page 2: 10,000 bars  2026-07-24 12:23:00+00:00 -> 2026-08-04 23:14:00+00:00
      page 3: 10,000 bars  2026-07-15 03:32:00+00:00 -> 2026-07-24 12:22:00+00:00
      page 4:  1,056 bars  2026-07-14 08:36:00+00:00 -> 2026-07-15 03:31:00+00:00
      fetched 31,055 | +626 new | store 39,989 bars  2026-07-03 -> 2026-08-14

  minute/bid:
      page 1: 10,000 bars  2026-08-04 23:16:00+00:00 -> 2026-08-14 08:36:00+00:00
      page 2: 10,000 bars  2026-07-24 12:24:00+00:00 -> 2026-08-04 23:15:00+00:00
      page 3: 10,000 bars  2026-07-15 03:33:00+00:00 -> 2026-07-24 12:23:00+00:00
      page 4:  1,057 bars  2026-07-14 08:36:00+00:00 -> 2026-07-15 03:32:00+00:00
      fetched 31,056 | +627 new | store 39,990 bars  2026-07-03 -> 2026-08-14

  minute/ask:
      page 1: 10,000 bars  2026-08-04 23:16:00+00:00 -> 2026-08-14 08:36:00+00:00
      page 2: 10,000 bars  2026-07-24 12:24:00+00:00 -> 2026-08-04 23:15:00+00:00
      page 3: 10,000 bars  2026-07-15 03:33:00+00:00 -> 2026-07-24 12:23:00+00:00
      page 4:  1,057 bars  2026-07-14 08:36:00+00:00 -> 2026-07-15 03:32:00+00:00
      fetched 31,056 | +627 new | store 39,990 bars  2026-07-03 -> 2026-08-14

  quarter/mid:
      page 1: 10,000 bars  2026-03-06 18:00:00+00:00 -> 2026-08-14 08:30:00+00:00
      page 2: 10,000 bars  2025-09-29 04:30:00+00:00 -> 2026-03-06 17:45:00+00:00
      page 3:  2,772 bars  2025-08-14 08:45:00+00:00 -> 2025-09-29 04:15:00+00:00
      fetched 22,771 | +43 new | store 23,539 bars  2025-08-03 -> 2026-08-14

  quarter/bid:
      page 1: 10,000 bars  2026-03-06 18:00:00+00:00 -> 2026-08-14 08:30:00+00:00
      page 2: 10,000 bars  2025-09-29 04:30:00+00:00 -> 2026-03-06 17:45:00+00:00
      page 3:  2,772 bars  2025-08-14 08:45:00+00:00 -> 2025-09-29 04:15:00+00:00
      fetched 22,771 | +43 new | store 23,539 bars  2025-08-03 -> 2026-08-14

  quarter/ask:
      page 1: 10,000 bars  2026-03-06 18:00:00+00:00 -> 2026-08-14 08:30:00+00:00
      page 2: 10,000 bars  2025-09-29 04:30:00+00:00 -> 2026-03-06 17:45:00+00:00
      page 3:  2,772 bars  2025-08-14 08:45:00+00:00 -> 2025-09-29 04:15:00+00:00
      fetched 22,771 | +43 new | store 23,539 bars  2025-08-03 -> 2026-08-14

  hour/mid:
      page 1: 10,000 bars  2024-11-14 07:00:00+00:00 -> 2026-08-14 08:00:00+00:00
      page 2:  1,477 bars  2024-08-14 09:00:00+00:00 -> 2024-11-14 06:00:00+00:00
      fetched 11,476 | +11 new | store 11,647 bars  2024-08-04 -> 2026-08-14

  hour/bid:
      page 1: 10,000 bars  2024-11-14 07:00:00+00:00 -> 2026-08-14 08:00:00+00:00
      page 2:  1,477 bars  2024-08-14 09:00:00+00:00 -> 2024-11-14 06:00:00+00:00
      fetched 11,476 | +11 new | store 11,647 bars  2024-08-04 -> 2026-08-14

  hour/ask:
      page 1: 10,000 bars  2024-11-14 07:00:00+00:00 -> 2026-08-14 08:00:00+00:00
      page 2:  1,477 bars  2024-08-14 09:00:00+00:00 -> 2024-11-14 06:00:00+00:00
      fetched 11,476 | +11 new | store 11,647 bars  2024-08-04 -> 2026-08-14

  day/mid:
      page 1:  3,754 bars  2012-03-26 00:00:00+00:00 -> 2026-08-14 00:00:00+00:00
      fetched 3,753 | +1 new | store 3,753 bars  2012-03-26 -> 2026-08-13

  day/bid:
      page 1:  3,754 bars  2012-03-26 00:00:00+00:00 -> 2026-08-14 00:00:00+00:00
      fetched 3,753 | +1 new | store 3,753 bars  2012-03-26 -> 2026-08-13  !! {'open_outside_hl': 2}

  day/ask:
      page 1:  3,754 bars  2012-03-26 00:00:00+00:00 -> 2026-08-14 00:00:00+00:00
      fetched 3,753 | +1 new | store 3,753 bars  2012-03-26 -> 2026-08-13  !! {'close_outside_hl': 2}


=== ger40 (id 17068) -> /Users/r.john/git/vc-tx2/data ===
  minute/mid:
      page 1: 10,000 bars  2026-08-04 23:19:00+00:00 -> 2026-08-14 08:36:00+00:00
      page 2: 10,000 bars  2026-07-24 12:35:00+00:00 -> 2026-08-04 23:18:00+00:00
      page 3: 10,000 bars  2026-07-15 03:43:00+00:00 -> 2026-07-24 12:34:00+00:00
      page 4:  1,067 bars  2026-07-14 08:36:00+00:00 -> 2026-07-15 03:42:00+00:00
      fetched 31,066 | +638 new | store 39,818 bars  2026-07-05 -> 2026-08-14

  minute/bid:
      page 1: 10,000 bars  2026-08-04 23:19:00+00:00 -> 2026-08-14 08:36:00+00:00
      page 2: 10,000 bars  2026-07-24 12:35:00+00:00 -> 2026-08-04 23:18:00+00:00
      page 3: 10,000 bars  2026-07-15 03:43:00+00:00 -> 2026-07-24 12:34:00+00:00
      page 4:  1,067 bars  2026-07-14 08:36:00+00:00 -> 2026-07-15 03:42:00+00:00
      fetched 31,066 | +638 new | store 39,818 bars  2026-07-05 -> 2026-08-14

  minute/ask:
      page 1: 10,000 bars  2026-08-04 23:19:00+00:00 -> 2026-08-14 08:36:00+00:00
      page 2: 10,000 bars  2026-07-24 12:35:00+00:00 -> 2026-08-04 23:18:00+00:00
      page 3: 10,000 bars  2026-07-15 03:43:00+00:00 -> 2026-07-24 12:34:00+00:00
      page 4:  1,067 bars  2026-07-14 08:36:00+00:00 -> 2026-07-15 03:42:00+00:00
      fetched 31,066 | +638 new | store 39,818 bars  2026-07-05 -> 2026-08-14

  quarter/mid:
      page 1: 10,000 bars  2026-03-10 00:15:00+00:00 -> 2026-08-14 08:30:00+00:00
      page 2: 10,000 bars  2025-09-29 07:30:00+00:00 -> 2026-03-10 00:00:00+00:00
      page 3:  2,883 bars  2025-08-14 08:45:00+00:00 -> 2025-09-29 07:15:00+00:00
      fetched 22,882 | +43 new | store 23,572 bars  2025-08-04 -> 2026-08-14

  quarter/bid:
      page 1: 10,000 bars  2026-03-10 00:15:00+00:00 -> 2026-08-14 08:30:00+00:00
      page 2: 10,000 bars  2025-09-29 07:30:00+00:00 -> 2026-03-10 00:00:00+00:00
      page 3:  2,883 bars  2025-08-14 08:45:00+00:00 -> 2025-09-29 07:15:00+00:00
      fetched 22,882 | +43 new | store 23,572 bars  2025-08-04 -> 2026-08-14

  quarter/ask:
      page 1: 10,000 bars  2026-03-10 00:15:00+00:00 -> 2026-08-14 08:30:00+00:00
      page 2: 10,000 bars  2025-09-29 07:30:00+00:00 -> 2026-03-10 00:00:00+00:00
      page 3:  2,883 bars  2025-08-14 08:45:00+00:00 -> 2025-09-29 07:15:00+00:00
      fetched 22,882 | +43 new | store 23,572 bars  2025-08-04 -> 2026-08-14

  hour/mid:
      page 1: 10,000 bars  2024-11-15 10:00:00+00:00 -> 2026-08-14 08:00:00+00:00
      page 2:  1,528 bars  2024-08-14 09:00:00+00:00 -> 2024-11-15 09:00:00+00:00
      fetched 11,527 | +11 new | store 11,698 bars  2024-08-04 -> 2026-08-14

  hour/bid:
      page 1: 10,000 bars  2024-11-15 10:00:00+00:00 -> 2026-08-14 08:00:00+00:00
      page 2:  1,528 bars  2024-08-14 09:00:00+00:00 -> 2024-11-15 09:00:00+00:00
      fetched 11,527 | +11 new | store 11,698 bars  2024-08-04 -> 2026-08-14

  hour/ask:
      page 1: 10,000 bars  2024-11-15 10:00:00+00:00 -> 2026-08-14 08:00:00+00:00
      page 2:  1,528 bars  2024-08-14 09:00:00+00:00 -> 2024-11-15 09:00:00+00:00
      fetched 11,527 | +11 new | store 11,698 bars  2024-08-04 -> 2026-08-14

  day/mid:
      page 1:  3,773 bars  2012-01-30 00:00:00+00:00 -> 2026-08-14 00:00:00+00:00
      fetched 3,772 | +1 new | store 3,772 bars  2012-01-30 -> 2026-08-13

  day/bid:
      page 1:  3,773 bars  2012-01-30 00:00:00+00:00 -> 2026-08-14 00:00:00+00:00
      fetched 3,772 | +1 new | store 3,772 bars  2012-01-30 -> 2026-08-13

  day/ask:
      page 1:  3,773 bars  2012-01-30 00:00:00+00:00 -> 2026-08-14 00:00:00+00:00
      fetched 3,772 | +1 new | store 3,772 bars  2012-01-30 -> 2026-08-13


=== us30 (id 17322) -> /Users/r.john/git/vc-tx2/data ===
  minute/mid:
      page 1: 10,000 bars  2026-08-05 02:25:00+00:00 -> 2026-08-14 08:36:00+00:00
      page 2: 10,000 bars  2026-07-24 18:43:00+00:00 -> 2026-08-05 02:24:00+00:00
      page 3: 10,000 bars  2026-07-15 12:32:00+00:00 -> 2026-07-24 18:42:00+00:00
      page 4:  1,615 bars  2026-07-14 08:37:00+00:00 -> 2026-07-15 12:31:00+00:00
      fetched 31,614 | +647 new | store 40,499 bars  2026-07-05 -> 2026-08-14

  minute/bid:
      page 1: 10,000 bars  2026-08-05 02:25:00+00:00 -> 2026-08-14 08:36:00+00:00
      page 2: 10,000 bars  2026-07-24 18:43:00+00:00 -> 2026-08-05 02:24:00+00:00
      page 3: 10,000 bars  2026-07-15 12:32:00+00:00 -> 2026-07-24 18:42:00+00:00
      page 4:  1,615 bars  2026-07-14 08:37:00+00:00 -> 2026-07-15 12:31:00+00:00
      fetched 31,614 | +647 new | store 40,499 bars  2026-07-05 -> 2026-08-14

  minute/ask:
      page 1: 10,000 bars  2026-08-05 02:25:00+00:00 -> 2026-08-14 08:36:00+00:00
      page 2: 10,000 bars  2026-07-24 18:43:00+00:00 -> 2026-08-05 02:24:00+00:00
      page 3: 10,000 bars  2026-07-15 12:32:00+00:00 -> 2026-07-24 18:42:00+00:00
      page 4:  1,615 bars  2026-07-14 08:37:00+00:00 -> 2026-07-15 12:31:00+00:00
      fetched 31,614 | +647 new | store 40,499 bars  2026-07-05 -> 2026-08-14

  quarter/mid:
      page 1: 10,000 bars  2026-03-13 09:15:00+00:00 -> 2026-08-14 08:30:00+00:00
      page 2: 10,000 bars  2025-10-07 22:45:00+00:00 -> 2026-03-13 09:00:00+00:00
      page 3:  3,516 bars  2025-08-14 08:45:00+00:00 -> 2025-10-07 22:30:00+00:00
      fetched 23,515 | +43 new | store 24,214 bars  2025-08-04 -> 2026-08-14

  quarter/bid:
      page 1: 10,000 bars  2026-03-13 09:15:00+00:00 -> 2026-08-14 08:30:00+00:00
      page 2: 10,000 bars  2025-10-07 22:45:00+00:00 -> 2026-03-13 09:00:00+00:00
      page 3:  3,516 bars  2025-08-14 08:45:00+00:00 -> 2025-10-07 22:30:00+00:00
      fetched 23,515 | +43 new | store 24,214 bars  2025-08-04 -> 2026-08-14

  quarter/ask:
      page 1: 10,000 bars  2026-03-13 09:15:00+00:00 -> 2026-08-14 08:30:00+00:00
      page 2: 10,000 bars  2025-10-07 22:45:00+00:00 -> 2026-03-13 09:00:00+00:00
      page 3:  3,516 bars  2025-08-14 08:45:00+00:00 -> 2025-10-07 22:30:00+00:00
      fetched 23,515 | +43 new | store 24,214 bars  2025-08-04 -> 2026-08-14

  hour/mid:
      page 1: 10,000 bars  2024-12-03 00:00:00+00:00 -> 2026-08-14 08:00:00+00:00
      page 2:  1,796 bars  2024-08-14 09:00:00+00:00 -> 2024-12-02 23:00:00+00:00
      fetched 11,795 | +11 new | store 11,967 bars  2024-08-04 -> 2026-08-14

  hour/bid:
      page 1: 10,000 bars  2024-12-03 00:00:00+00:00 -> 2026-08-14 08:00:00+00:00
      page 2:  1,796 bars  2024-08-14 09:00:00+00:00 -> 2024-12-02 23:00:00+00:00
      fetched 11,795 | +11 new | store 11,967 bars  2024-08-04 -> 2026-08-14

  hour/ask:
      page 1: 10,000 bars  2024-12-03 00:00:00+00:00 -> 2026-08-14 08:00:00+00:00
      page 2:  1,796 bars  2024-08-14 09:00:00+00:00 -> 2024-12-02 23:00:00+00:00
      fetched 11,795 | +11 new | store 11,967 bars  2024-08-04 -> 2026-08-14

  day/mid:
      page 1:  3,846 bars  2012-03-05 00:00:00+00:00 -> 2026-08-14 00:00:00+00:00
      fetched 3,845 | +1 new | store 3,845 bars  2012-03-05 -> 2026-08-13

  day/bid:
      page 1:  3,846 bars  2012-03-05 00:00:00+00:00 -> 2026-08-14 00:00:00+00:00
      fetched 3,845 | +1 new | store 3,845 bars  2012-03-05 -> 2026-08-13

  day/ask:
      page 1:  3,846 bars  2012-03-05 00:00:00+00:00 -> 2026-08-14 00:00:00+00:00
      fetched 3,845 | +1 new | store 3,845 bars  2012-03-05 -> 2026-08-13


=== ustech100 (id 20190) -> /Users/r.john/git/vc-tx2/data ===
  minute/mid:
      page 1: 10,000 bars  2026-08-05 02:27:00+00:00 -> 2026-08-14 08:37:00+00:00
      page 2: 10,000 bars  2026-07-24 18:45:00+00:00 -> 2026-08-05 02:26:00+00:00
      page 3: 10,000 bars  2026-07-15 12:34:00+00:00 -> 2026-07-24 18:44:00+00:00
      page 4:  1,617 bars  2026-07-14 08:37:00+00:00 -> 2026-07-15 12:33:00+00:00
      fetched 31,616 | +649 new | store 40,501 bars  2026-07-05 -> 2026-08-14

  minute/bid:
      page 1: 10,000 bars  2026-08-05 02:27:00+00:00 -> 2026-08-14 08:37:00+00:00
      page 2: 10,000 bars  2026-07-24 18:45:00+00:00 -> 2026-08-05 02:26:00+00:00
      page 3: 10,000 bars  2026-07-15 12:34:00+00:00 -> 2026-07-24 18:44:00+00:00
      page 4:  1,617 bars  2026-07-14 08:37:00+00:00 -> 2026-07-15 12:33:00+00:00
      fetched 31,616 | +649 new | store 40,501 bars  2026-07-05 -> 2026-08-14

  minute/ask:
      page 1: 10,000 bars  2026-08-05 02:27:00+00:00 -> 2026-08-14 08:37:00+00:00
      page 2: 10,000 bars  2026-07-24 18:45:00+00:00 -> 2026-08-05 02:26:00+00:00
      page 3: 10,000 bars  2026-07-15 12:34:00+00:00 -> 2026-07-24 18:44:00+00:00
      page 4:  1,617 bars  2026-07-14 08:37:00+00:00 -> 2026-07-15 12:33:00+00:00
      fetched 31,616 | +649 new | store 40,501 bars  2026-07-05 -> 2026-08-14

  quarter/mid:
      page 1: 10,000 bars  2026-03-13 09:30:00+00:00 -> 2026-08-14 08:30:00+00:00
      page 2: 10,000 bars  2025-10-07 22:45:00+00:00 -> 2026-03-13 09:15:00+00:00
      page 3:  3,516 bars  2025-08-14 08:45:00+00:00 -> 2025-10-07 22:30:00+00:00
      fetched 23,515 | +43 new | store 24,214 bars  2025-08-04 -> 2026-08-14

  quarter/bid:
      page 1: 10,000 bars  2026-03-13 09:30:00+00:00 -> 2026-08-14 08:30:00+00:00
      page 2: 10,000 bars  2025-10-07 22:45:00+00:00 -> 2026-03-13 09:15:00+00:00
      page 3:  3,516 bars  2025-08-14 08:45:00+00:00 -> 2025-10-07 22:30:00+00:00
      fetched 23,515 | +43 new | store 24,214 bars  2025-08-04 -> 2026-08-14

  quarter/ask:
      page 1: 10,000 bars  2026-03-13 09:30:00+00:00 -> 2026-08-14 08:30:00+00:00
      page 2: 10,000 bars  2025-10-07 22:45:00+00:00 -> 2026-03-13 09:15:00+00:00
      page 3:  3,516 bars  2025-08-14 08:45:00+00:00 -> 2025-10-07 22:30:00+00:00
      fetched 23,515 | +43 new | store 24,214 bars  2025-08-04 -> 2026-08-14

  hour/mid:
      page 1: 10,000 bars  2024-12-03 01:00:00+00:00 -> 2026-08-14 08:00:00+00:00
      page 2:  1,797 bars  2024-08-14 09:00:00+00:00 -> 2024-12-03 00:00:00+00:00
      fetched 11,796 | +11 new | store 11,968 bars  2024-08-04 -> 2026-08-14

  hour/bid:
      page 1: 10,000 bars  2024-12-03 01:00:00+00:00 -> 2026-08-14 08:00:00+00:00
      page 2:  1,797 bars  2024-08-14 09:00:00+00:00 -> 2024-12-03 00:00:00+00:00
      fetched 11,796 | +11 new | store 11,968 bars  2024-08-04 -> 2026-08-14

  hour/ask:
      page 1: 10,000 bars  2024-12-03 01:00:00+00:00 -> 2026-08-14 08:00:00+00:00
      page 2:  1,797 bars  2024-08-14 09:00:00+00:00 -> 2024-12-03 00:00:00+00:00
      fetched 11,796 | +11 new | store 11,968 bars  2024-08-04 -> 2026-08-14

  day/mid:
      page 1:  3,846 bars  2012-03-05 00:00:00+00:00 -> 2026-08-14 00:00:00+00:00
      fetched 3,845 | +1 new | store 3,845 bars  2012-03-05 -> 2026-08-13

  day/bid:
      page 1:  3,846 bars  2012-03-05 00:00:00+00:00 -> 2026-08-14 00:00:00+00:00
      fetched 3,845 | +1 new | store 3,845 bars  2012-03-05 -> 2026-08-13

  day/ask:
      page 1:  3,846 bars  2012-03-05 00:00:00+00:00 -> 2026-08-14 00:00:00+00:00
      fetched 3,845 | +1 new | store 3,845 bars  2012-03-05 -> 2026-08-13


=== us500 (id 67995) -> /Users/r.john/git/vc-tx2/data ===
  minute/mid:
      page 1: 10,000 bars  2026-08-05 02:01:00+00:00 -> 2026-08-14 08:37:00+00:00
      page 2: 10,000 bars  2026-07-24 18:18:00+00:00 -> 2026-08-05 02:00:00+00:00
      page 3: 10,000 bars  2026-07-15 12:03:00+00:00 -> 2026-07-24 18:17:00+00:00
      page 4:  1,585 bars  2026-07-14 08:38:00+00:00 -> 2026-07-15 12:02:00+00:00
      fetched 31,584 | +636 new | store 40,470 bars  2026-07-05 -> 2026-08-14

  minute/bid:
      page 1: 10,000 bars  2026-08-05 02:01:00+00:00 -> 2026-08-14 08:37:00+00:00
      page 2: 10,000 bars  2026-07-24 18:18:00+00:00 -> 2026-08-05 02:00:00+00:00
      page 3: 10,000 bars  2026-07-15 12:03:00+00:00 -> 2026-07-24 18:17:00+00:00
      page 4:  1,585 bars  2026-07-14 08:38:00+00:00 -> 2026-07-15 12:02:00+00:00
      fetched 31,584 | +636 new | store 40,470 bars  2026-07-05 -> 2026-08-14

  minute/ask:
      page 1: 10,000 bars  2026-08-05 02:01:00+00:00 -> 2026-08-14 08:37:00+00:00
      page 2: 10,000 bars  2026-07-24 18:18:00+00:00 -> 2026-08-05 02:00:00+00:00
      page 3: 10,000 bars  2026-07-15 12:03:00+00:00 -> 2026-07-24 18:17:00+00:00
      page 4:  1,585 bars  2026-07-14 08:38:00+00:00 -> 2026-07-15 12:02:00+00:00
      fetched 31,584 | +636 new | store 40,470 bars  2026-07-05 -> 2026-08-14

  quarter/mid:
      page 1: 10,000 bars  2026-03-13 08:15:00+00:00 -> 2026-08-14 08:30:00+00:00
      page 2: 10,000 bars  2025-10-07 20:30:00+00:00 -> 2026-03-13 08:00:00+00:00
      page 3:  3,511 bars  2025-08-14 08:45:00+00:00 -> 2025-10-07 20:15:00+00:00
      fetched 23,510 | +43 new | store 24,207 bars  2025-08-04 -> 2026-08-14

  quarter/bid:
      page 1: 10,000 bars  2026-03-13 08:15:00+00:00 -> 2026-08-14 08:30:00+00:00
      page 2: 10,000 bars  2025-10-07 20:30:00+00:00 -> 2026-03-13 08:00:00+00:00
      page 3:  3,511 bars  2025-08-14 08:45:00+00:00 -> 2025-10-07 20:15:00+00:00
      fetched 23,510 | +43 new | store 24,207 bars  2025-08-04 -> 2026-08-14

  quarter/ask:
      page 1: 10,000 bars  2026-03-13 08:15:00+00:00 -> 2026-08-14 08:30:00+00:00
      page 2: 10,000 bars  2025-10-07 20:30:00+00:00 -> 2026-03-13 08:00:00+00:00
      page 3:  3,511 bars  2025-08-14 08:45:00+00:00 -> 2025-10-07 20:15:00+00:00
      fetched 23,510 | +43 new | store 24,207 bars  2025-08-04 -> 2026-08-14

  hour/mid:
      page 1: 10,000 bars  2024-12-03 00:00:00+00:00 -> 2026-08-14 08:00:00+00:00
      page 2:  1,796 bars  2024-08-14 09:00:00+00:00 -> 2024-12-02 23:00:00+00:00
      fetched 11,795 | +11 new | store 11,967 bars  2024-08-04 -> 2026-08-14

  hour/bid:
      page 1: 10,000 bars  2024-12-03 00:00:00+00:00 -> 2026-08-14 08:00:00+00:00
      page 2:  1,796 bars  2024-08-14 09:00:00+00:00 -> 2024-12-02 23:00:00+00:00
      fetched 11,795 | +11 new | store 11,967 bars  2024-08-04 -> 2026-08-14

  hour/ask:
      page 1: 10,000 bars  2024-12-03 00:00:00+00:00 -> 2026-08-14 08:00:00+00:00
      page 2:  1,796 bars  2024-08-14 09:00:00+00:00 -> 2024-12-02 23:00:00+00:00
      fetched 11,795 | +11 new | store 11,967 bars  2024-08-04 -> 2026-08-14

  day/mid:
      page 1:  3,839 bars  2012-03-13 00:00:00+00:00 -> 2026-08-14 00:00:00+00:00
      fetched 3,838 | +1 new | store 3,838 bars  2012-03-13 -> 2026-08-13

  day/bid:
      page 1:  3,839 bars  2012-03-13 00:00:00+00:00 -> 2026-08-14 00:00:00+00:00
      fetched 3,838 | +1 new | store 3,838 bars  2012-03-13 -> 2026-08-13

  day/ask:
      page 1:  3,839 bars  2012-03-13 00:00:00+00:00 -> 2026-08-14 00:00:00+00:00
      fetched 3,838 | +1 new | store 3,838 bars  2012-03-13 -> 2026-08-13


=== gold (id 68924) -> /Users/r.john/git/vc-tx2/data ===
  minute/mid:
      page 1: 10,000 bars  2026-08-05 02:50:00+00:00 -> 2026-08-14 08:38:00+00:00
      page 2: 10,000 bars  2026-07-24 19:58:00+00:00 -> 2026-08-05 02:49:00+00:00
      page 3: 10,000 bars  2026-07-15 14:05:00+00:00 -> 2026-07-24 19:57:00+00:00
      page 4:  1,706 bars  2026-07-14 08:38:00+00:00 -> 2026-07-15 14:04:00+00:00
      fetched 31,705 | +648 new | store 40,614 bars  2026-07-05 -> 2026-08-14

  minute/bid:
      page 1: 10,000 bars  2026-08-05 02:50:00+00:00 -> 2026-08-14 08:38:00+00:00
      page 2: 10,000 bars  2026-07-24 19:58:00+00:00 -> 2026-08-05 02:49:00+00:00
      page 3: 10,000 bars  2026-07-15 14:05:00+00:00 -> 2026-07-24 19:57:00+00:00
      page 4:  1,706 bars  2026-07-14 08:38:00+00:00 -> 2026-07-15 14:04:00+00:00
      fetched 31,705 | +648 new | store 40,614 bars  2026-07-05 -> 2026-08-14

  minute/ask:
      page 1: 10,000 bars  2026-08-05 02:50:00+00:00 -> 2026-08-14 08:38:00+00:00
      page 2: 10,000 bars  2026-07-24 19:58:00+00:00 -> 2026-08-05 02:49:00+00:00
      page 3: 10,000 bars  2026-07-15 14:05:00+00:00 -> 2026-07-24 19:57:00+00:00
      page 4:  1,706 bars  2026-07-14 08:38:00+00:00 -> 2026-07-15 14:04:00+00:00
      fetched 31,705 | +648 new | store 40,614 bars  2026-07-05 -> 2026-08-14

  quarter/mid:
      page 1: 10,000 bars  2026-03-13 05:15:00+00:00 -> 2026-08-14 08:30:00+00:00
      page 2: 10,000 bars  2025-10-08 22:30:00+00:00 -> 2026-03-13 05:00:00+00:00
      page 3:  3,629 bars  2025-08-14 08:45:00+00:00 -> 2025-10-08 22:15:00+00:00
      fetched 23,628 | +43 new | store 24,329 bars  2025-08-04 -> 2026-08-14

  quarter/bid:
      page 1: 10,000 bars  2026-03-13 05:15:00+00:00 -> 2026-08-14 08:30:00+00:00
      page 2: 10,000 bars  2025-10-08 22:30:00+00:00 -> 2026-03-13 05:00:00+00:00
      page 3:  3,629 bars  2025-08-14 08:45:00+00:00 -> 2025-10-08 22:15:00+00:00
      fetched 23,628 | +43 new | store 24,329 bars  2025-08-04 -> 2026-08-14

  quarter/ask:
      page 1: 10,000 bars  2026-03-13 05:15:00+00:00 -> 2026-08-14 08:30:00+00:00
      page 2: 10,000 bars  2025-10-08 22:30:00+00:00 -> 2026-03-13 05:00:00+00:00
      page 3:  3,629 bars  2025-08-14 08:45:00+00:00 -> 2025-10-08 22:15:00+00:00
      fetched 23,628 | +43 new | store 24,329 bars  2025-08-04 -> 2026-08-14

  hour/mid:
      page 1: 10,000 bars  2024-12-04 00:00:00+00:00 -> 2026-08-14 08:00:00+00:00
      page 2:  1,822 bars  2024-08-14 09:00:00+00:00 -> 2024-12-03 23:00:00+00:00
      fetched 11,821 | +11 new | store 11,993 bars  2024-08-04 -> 2026-08-14

  hour/bid:
      page 1: 10,000 bars  2024-12-04 00:00:00+00:00 -> 2026-08-14 08:00:00+00:00
      page 2:  1,822 bars  2024-08-14 09:00:00+00:00 -> 2024-12-03 23:00:00+00:00
      fetched 11,821 | +11 new | store 11,993 bars  2024-08-04 -> 2026-08-14

  hour/ask:
      page 1: 10,000 bars  2024-12-04 00:00:00+00:00 -> 2026-08-14 08:00:00+00:00
      page 2:  1,822 bars  2024-08-14 09:00:00+00:00 -> 2024-12-03 23:00:00+00:00
      fetched 11,821 | +11 new | store 11,993 bars  2024-08-04 -> 2026-08-14

  day/mid:
      page 1:  3,844 bars  2011-12-30 00:00:00+00:00 -> 2026-08-14 00:00:00+00:00
      fetched 3,843 | +1 new | store 3,843 bars  2011-12-30 -> 2026-08-13

  day/bid:
      page 1:  3,844 bars  2011-12-30 00:00:00+00:00 -> 2026-08-14 00:00:00+00:00
      fetched 3,843 | +1 new | store 3,843 bars  2011-12-30 -> 2026-08-13

  day/ask:
      page 1:  3,844 bars  2011-12-30 00:00:00+00:00 -> 2026-08-14 00:00:00+00:00
      fetched 3,843 | +1 new | store 3,843 bars  2011-12-30 -> 2026-08-13


=== goldvar (id 72302) -> /Users/r.john/git/vc-tx2/data ===
  minute/mid:
      page 1: 10,000 bars  2026-08-05 02:50:00+00:00 -> 2026-08-14 08:38:00+00:00
      page 2: 10,000 bars  2026-07-24 19:58:00+00:00 -> 2026-08-05 02:49:00+00:00
      page 3: 10,000 bars  2026-07-15 14:05:00+00:00 -> 2026-07-24 19:57:00+00:00
      page 4:  1,705 bars  2026-07-14 08:39:00+00:00 -> 2026-07-15 14:04:00+00:00
      fetched 31,704 | +647 new | store 40,614 bars  2026-07-05 -> 2026-08-14

  minute/bid:
      page 1: 10,000 bars  2026-08-05 02:50:00+00:00 -> 2026-08-14 08:38:00+00:00
      page 2: 10,000 bars  2026-07-24 19:58:00+00:00 -> 2026-08-05 02:49:00+00:00
      page 3: 10,000 bars  2026-07-15 14:05:00+00:00 -> 2026-07-24 19:57:00+00:00
      page 4:  1,705 bars  2026-07-14 08:39:00+00:00 -> 2026-07-15 14:04:00+00:00
      fetched 31,704 | +647 new | store 40,614 bars  2026-07-05 -> 2026-08-14

  minute/ask:
      page 1: 10,000 bars  2026-08-05 02:50:00+00:00 -> 2026-08-14 08:38:00+00:00
      page 2: 10,000 bars  2026-07-24 19:58:00+00:00 -> 2026-08-05 02:49:00+00:00
      page 3: 10,000 bars  2026-07-15 14:05:00+00:00 -> 2026-07-24 19:57:00+00:00
      page 4:  1,705 bars  2026-07-14 08:39:00+00:00 -> 2026-07-15 14:04:00+00:00
      fetched 31,704 | +647 new | store 40,614 bars  2026-07-05 -> 2026-08-14

  quarter/mid:
      page 1: 10,000 bars  2026-03-13 05:15:00+00:00 -> 2026-08-14 08:30:00+00:00
      page 2: 10,000 bars  2025-10-08 22:30:00+00:00 -> 2026-03-13 05:00:00+00:00
      page 3:  3,629 bars  2025-08-14 08:45:00+00:00 -> 2025-10-08 22:15:00+00:00
      fetched 23,628 | +43 new | store 24,329 bars  2025-08-04 -> 2026-08-14

  quarter/bid:
      page 1: 10,000 bars  2026-03-13 05:15:00+00:00 -> 2026-08-14 08:30:00+00:00
      page 2: 10,000 bars  2025-10-08 22:30:00+00:00 -> 2026-03-13 05:00:00+00:00
      page 3:  3,629 bars  2025-08-14 08:45:00+00:00 -> 2025-10-08 22:15:00+00:00
      fetched 23,628 | +43 new | store 24,329 bars  2025-08-04 -> 2026-08-14

  quarter/ask:
      page 1: 10,000 bars  2026-03-13 05:15:00+00:00 -> 2026-08-14 08:30:00+00:00
      page 2: 10,000 bars  2025-10-08 22:30:00+00:00 -> 2026-03-13 05:00:00+00:00
      page 3:  3,629 bars  2025-08-14 08:45:00+00:00 -> 2025-10-08 22:15:00+00:00
      fetched 23,628 | +43 new | store 24,329 bars  2025-08-04 -> 2026-08-14

  hour/mid:
      page 1: 10,000 bars  2024-12-04 00:00:00+00:00 -> 2026-08-14 08:00:00+00:00
      page 2:  1,822 bars  2024-08-14 09:00:00+00:00 -> 2024-12-03 23:00:00+00:00
      fetched 11,821 | +11 new | store 11,993 bars  2024-08-04 -> 2026-08-14

  hour/bid:
      page 1: 10,000 bars  2024-12-04 00:00:00+00:00 -> 2026-08-14 08:00:00+00:00
      page 2:  1,822 bars  2024-08-14 09:00:00+00:00 -> 2024-12-03 23:00:00+00:00
      fetched 11,821 | +11 new | store 11,993 bars  2024-08-04 -> 2026-08-14

  hour/ask:
      page 1: 10,000 bars  2024-12-04 00:00:00+00:00 -> 2026-08-14 08:00:00+00:00
      page 2:  1,822 bars  2024-08-14 09:00:00+00:00 -> 2024-12-03 23:00:00+00:00
      fetched 11,821 | +11 new | store 11,993 bars  2024-08-04 -> 2026-08-14

  day/mid:
      page 1:  3,844 bars  2011-12-30 00:00:00+00:00 -> 2026-08-14 00:00:00+00:00
      fetched 3,843 | +1 new | store 3,843 bars  2011-12-30 -> 2026-08-13

  day/bid:
      page 1:  3,844 bars  2011-12-30 00:00:00+00:00 -> 2026-08-14 00:00:00+00:00
      fetched 3,843 | +1 new | store 3,843 bars  2011-12-30 -> 2026-08-13

  day/ask:
      page 1:  3,844 bars  2011-12-30 00:00:00+00:00 -> 2026-08-14 00:00:00+00:00
      fetched 3,843 | +1 new | store 3,843 bars  2011-12-30 -> 2026-08-13


=== eurusd (id 16635) -> /Users/r.john/git/vc-tx2/data ===
  minute/mid:
      page 1: 10,000 bars  2026-08-05 08:17:00+00:00 -> 2026-08-14 08:39:00+00:00
      page 2: 10,000 bars  2026-07-27 08:43:00+00:00 -> 2026-08-05 08:16:00+00:00
      page 3: 10,000 bars  2026-07-16 08:34:00+00:00 -> 2026-07-27 08:42:00+00:00
      page 4:  2,854 bars  2026-07-14 08:39:00+00:00 -> 2026-07-16 08:33:00+00:00
      fetched 32,853 | +695 new | store 42,110 bars  2026-07-05 -> 2026-08-14

  minute/bid:
      page 1: 10,000 bars  2026-08-05 08:17:00+00:00 -> 2026-08-14 08:39:00+00:00
      page 2: 10,000 bars  2026-07-27 08:43:00+00:00 -> 2026-08-05 08:16:00+00:00
      page 3: 10,000 bars  2026-07-16 08:34:00+00:00 -> 2026-07-27 08:42:00+00:00
      page 4:  2,854 bars  2026-07-14 08:39:00+00:00 -> 2026-07-16 08:33:00+00:00
      fetched 32,853 | +695 new | store 42,110 bars  2026-07-05 -> 2026-08-14

  minute/ask:
      page 1: 10,000 bars  2026-08-05 08:17:00+00:00 -> 2026-08-14 08:39:00+00:00
      page 2: 10,000 bars  2026-07-27 08:43:00+00:00 -> 2026-08-05 08:16:00+00:00
      page 3: 10,000 bars  2026-07-16 08:34:00+00:00 -> 2026-07-27 08:42:00+00:00
      page 4:  2,854 bars  2026-07-14 08:39:00+00:00 -> 2026-07-16 08:33:00+00:00
      fetched 32,853 | +695 new | store 42,110 bars  2026-07-05 -> 2026-08-14

  quarter/mid:
      page 1: 10,000 bars  2026-03-20 20:00:00+00:00 -> 2026-08-14 08:30:00+00:00
      page 2: 10,000 bars  2025-10-23 12:45:00+00:00 -> 2026-03-20 19:45:00+00:00
      page 3:  4,816 bars  2025-08-14 08:45:00+00:00 -> 2025-10-23 12:30:00+00:00
      fetched 24,815 | +47 new | store 25,548 bars  2025-08-04 -> 2026-08-14

  quarter/bid:
      page 1: 10,000 bars  2026-03-20 20:00:00+00:00 -> 2026-08-14 08:30:00+00:00
      page 2: 10,000 bars  2025-10-23 12:45:00+00:00 -> 2026-03-20 19:45:00+00:00
      page 3:  4,816 bars  2025-08-14 08:45:00+00:00 -> 2025-10-23 12:30:00+00:00
      fetched 24,815 | +47 new | store 25,548 bars  2025-08-04 -> 2026-08-14

  quarter/ask:
      page 1: 10,000 bars  2026-03-20 20:00:00+00:00 -> 2026-08-14 08:30:00+00:00
      page 2: 10,000 bars  2025-10-23 12:45:00+00:00 -> 2026-03-20 19:45:00+00:00
      page 3:  4,816 bars  2025-08-14 08:45:00+00:00 -> 2025-10-23 12:30:00+00:00
      fetched 24,815 | +47 new | store 25,548 bars  2025-08-04 -> 2026-08-14

  hour/mid:
      page 1: 10,000 bars  2025-01-03 07:00:00+00:00 -> 2026-08-14 08:00:00+00:00
      page 2:  2,394 bars  2024-08-14 09:00:00+00:00 -> 2025-01-03 06:00:00+00:00
      fetched 12,393 | +12 new | store 12,573 bars  2024-08-04 -> 2026-08-14

  hour/bid:
      page 1: 10,000 bars  2025-01-03 07:00:00+00:00 -> 2026-08-14 08:00:00+00:00
      page 2:  2,394 bars  2024-08-14 09:00:00+00:00 -> 2025-01-03 06:00:00+00:00
      fetched 12,393 | +12 new | store 12,573 bars  2024-08-04 -> 2026-08-14

  hour/ask:
      page 1: 10,000 bars  2025-01-03 07:00:00+00:00 -> 2026-08-14 08:00:00+00:00
      page 2:  2,394 bars  2024-08-14 09:00:00+00:00 -> 2025-01-03 06:00:00+00:00
      fetched 12,393 | +12 new | store 12,573 bars  2024-08-04 -> 2026-08-14

  day/mid:
      page 1:  7,447 bars  1999-01-04 00:00:00+00:00 -> 2026-08-14 00:00:00+00:00
      fetched 7,446 | +1 new | store 7,446 bars  1999-01-04 -> 2026-08-13

  day/bid:
      page 1:  7,447 bars  1999-01-04 00:00:00+00:00 -> 2026-08-14 00:00:00+00:00
      fetched 7,446 | +1 new | store 7,446 bars  1999-01-04 -> 2026-08-13

  day/ask:
      page 1:  7,447 bars  1999-01-04 00:00:00+00:00 -> 2026-08-14 00:00:00+00:00
      fetched 7,446 | +1 new | store 7,446 bars  1999-01-04 -> 2026-08-13


=== uk100fut (id 70152) -> /Users/r.john/git/vc-tx2/data ===
  minute/mid:
      page 1: 10,000 bars  2026-08-04 23:08:00+00:00 -> 2026-08-14 08:39:00+00:00
      page 2: 10,000 bars  2026-07-24 12:15:00+00:00 -> 2026-08-04 23:07:00+00:00
      page 3: 10,000 bars  2026-07-15 02:50:00+00:00 -> 2026-07-24 12:14:00+00:00
      page 4:  1,010 bars  2026-07-14 08:40:00+00:00 -> 2026-07-15 02:49:00+00:00
      fetched 31,009 | +624 new | store 33,004 bars  2026-07-12 -> 2026-08-14

  minute/bid:
      page 1: 10,000 bars  2026-08-04 23:08:00+00:00 -> 2026-08-14 08:39:00+00:00
      page 2: 10,000 bars  2026-07-24 12:15:00+00:00 -> 2026-08-04 23:07:00+00:00
      page 3: 10,000 bars  2026-07-15 02:50:00+00:00 -> 2026-07-24 12:14:00+00:00
      page 4:  1,010 bars  2026-07-14 08:40:00+00:00 -> 2026-07-15 02:49:00+00:00
      fetched 31,009 | +624 new | store 33,004 bars  2026-07-12 -> 2026-08-14

  minute/ask:
      page 1: 10,000 bars  2026-08-04 23:08:00+00:00 -> 2026-08-14 08:39:00+00:00
      page 2: 10,000 bars  2026-07-24 12:15:00+00:00 -> 2026-08-04 23:07:00+00:00
      page 3: 10,000 bars  2026-07-15 02:50:00+00:00 -> 2026-07-24 12:14:00+00:00
      page 4:  1,010 bars  2026-07-14 08:40:00+00:00 -> 2026-07-15 02:49:00+00:00
      fetched 31,009 | +623 new | store 33,004 bars  2026-07-12 -> 2026-08-14

  quarter/mid:
      page 1: 10,000 bars  2026-03-06 16:45:00+00:00 -> 2026-08-14 08:30:00+00:00
      page 2: 10,000 bars  2025-09-29 04:15:00+00:00 -> 2026-03-06 16:30:00+00:00
      page 3:  2,771 bars  2025-08-14 08:45:00+00:00 -> 2025-09-29 04:00:00+00:00
      fetched 22,770 | +43 new | store 23,086 bars  2025-08-10 -> 2026-08-14

  quarter/bid:
      page 1: 10,000 bars  2026-03-06 16:45:00+00:00 -> 2026-08-14 08:30:00+00:00
      page 2: 10,000 bars  2025-09-29 04:15:00+00:00 -> 2026-03-06 16:30:00+00:00
      page 3:  2,771 bars  2025-08-14 08:45:00+00:00 -> 2025-09-29 04:00:00+00:00
      fetched 22,770 | +43 new | store 23,086 bars  2025-08-10 -> 2026-08-14

  quarter/ask:
      page 1: 10,000 bars  2026-03-06 16:45:00+00:00 -> 2026-08-14 08:30:00+00:00
      page 2: 10,000 bars  2025-09-29 04:15:00+00:00 -> 2026-03-06 16:30:00+00:00
      page 3:  2,771 bars  2025-08-14 08:45:00+00:00 -> 2025-09-29 04:00:00+00:00
      fetched 22,770 | +43 new | store 23,086 bars  2025-08-10 -> 2026-08-14

  hour/mid:
      page 1: 10,000 bars  2024-11-13 19:00:00+00:00 -> 2026-08-14 08:00:00+00:00
      page 2:  1,466 bars  2024-08-14 09:00:00+00:00 -> 2024-11-13 18:00:00+00:00
      fetched 11,465 | +11 new | store 11,522 bars  2024-08-11 -> 2026-08-14

  hour/bid:
      page 1: 10,000 bars  2024-11-13 19:00:00+00:00 -> 2026-08-14 08:00:00+00:00
      page 2:  1,466 bars  2024-08-14 09:00:00+00:00 -> 2024-11-13 18:00:00+00:00
      fetched 11,465 | +11 new | store 11,522 bars  2024-08-11 -> 2026-08-14

  hour/ask:
      page 1: 10,000 bars  2024-11-13 19:00:00+00:00 -> 2026-08-14 08:00:00+00:00
      page 2:  1,466 bars  2024-08-14 09:00:00+00:00 -> 2024-11-13 18:00:00+00:00
      fetched 11,465 | +11 new | store 11,522 bars  2024-08-11 -> 2026-08-14

  day/mid:
      page 1:  1,291 bars  2021-07-05 00:00:00+00:00 -> 2026-08-14 00:00:00+00:00
      fetched 1,290 | +1 new | store 1,290 bars  2021-07-05 -> 2026-08-13

  day/bid:
      page 1:  1,291 bars  2021-07-05 00:00:00+00:00 -> 2026-08-14 00:00:00+00:00
      fetched 1,290 | +1 new | store 1,290 bars  2021-07-05 -> 2026-08-13  !! {'open_outside_hl': 1}

  day/ask:
      page 1:  1,291 bars  2021-07-05 00:00:00+00:00 -> 2026-08-14 00:00:00+00:00
      fetched 1,290 | +1 new | store 1,290 bars  2021-07-05 -> 2026-08-13  !! {'close_outside_hl': 1}


=== uk100sep26 (id 72516) -> /Users/r.john/git/vc-tx2/data ===
  minute/mid:
      page 1: 10,000 bars  2026-08-04 23:09:00+00:00 -> 2026-08-14 08:40:00+00:00
      page 2: 10,000 bars  2026-07-24 12:16:00+00:00 -> 2026-08-04 23:08:00+00:00
      page 3: 10,000 bars  2026-07-15 02:51:00+00:00 -> 2026-07-24 12:15:00+00:00
      page 4:  1,011 bars  2026-07-14 08:40:00+00:00 -> 2026-07-15 02:50:00+00:00
      fetched 31,010 | +624 new | store 33,005 bars  2026-07-12 -> 2026-08-14

  minute/bid:
      page 1: 10,000 bars  2026-08-04 23:09:00+00:00 -> 2026-08-14 08:40:00+00:00
      page 2: 10,000 bars  2026-07-24 12:16:00+00:00 -> 2026-08-04 23:08:00+00:00
      page 3: 10,000 bars  2026-07-15 02:51:00+00:00 -> 2026-07-24 12:15:00+00:00
      page 4:  1,011 bars  2026-07-14 08:40:00+00:00 -> 2026-07-15 02:50:00+00:00
      fetched 31,010 | +624 new | store 33,005 bars  2026-07-12 -> 2026-08-14

  minute/ask:
      page 1: 10,000 bars  2026-08-04 23:09:00+00:00 -> 2026-08-14 08:40:00+00:00
      page 2: 10,000 bars  2026-07-24 12:16:00+00:00 -> 2026-08-04 23:08:00+00:00
      page 3: 10,000 bars  2026-07-15 02:51:00+00:00 -> 2026-07-24 12:15:00+00:00
      page 4:  1,011 bars  2026-07-14 08:40:00+00:00 -> 2026-07-15 02:50:00+00:00
      fetched 31,010 | +624 new | store 33,005 bars  2026-07-12 -> 2026-08-14

  quarter/mid:
      page 1:  4,122 bars  2026-06-11 17:30:00+00:00 -> 2026-08-14 08:30:00+00:00
      fetched 4,121 | +43 new | store 4,121 bars  2026-06-11 -> 2026-08-14

  quarter/bid:
      page 1:  4,122 bars  2026-06-11 17:30:00+00:00 -> 2026-08-14 08:30:00+00:00
      fetched 4,121 | +43 new | store 4,121 bars  2026-06-11 -> 2026-08-14

  quarter/ask:
      page 1:  4,122 bars  2026-06-11 17:30:00+00:00 -> 2026-08-14 08:30:00+00:00
      fetched 4,121 | +43 new | store 4,121 bars  2026-06-11 -> 2026-08-14

  hour/mid:
      page 1:  1,041 bars  2026-06-11 17:00:00+00:00 -> 2026-08-14 08:00:00+00:00
      fetched 1,040 | +11 new | store 1,040 bars  2026-06-11 -> 2026-08-14

  hour/bid:
      page 1:  1,041 bars  2026-06-11 17:00:00+00:00 -> 2026-08-14 08:00:00+00:00
      fetched 1,040 | +11 new | store 1,040 bars  2026-06-11 -> 2026-08-14

  hour/ask:
      page 1:  1,041 bars  2026-06-11 17:00:00+00:00 -> 2026-08-14 08:00:00+00:00
      fetched 1,040 | +11 new | store 1,040 bars  2026-06-11 -> 2026-08-14

  day/mid:
      page 1:     47 bars  2026-06-11 00:00:00+00:00 -> 2026-08-14 00:00:00+00:00
      fetched 46 | +1 new | store 46 bars  2026-06-11 -> 2026-08-13

  day/bid:
      page 1:     47 bars  2026-06-11 00:00:00+00:00 -> 2026-08-14 00:00:00+00:00
      fetched 46 | +1 new | store 46 bars  2026-06-11 -> 2026-08-13

  day/ask:
      page 1:     47 bars  2026-06-11 00:00:00+00:00 -> 2026-08-14 00:00:00+00:00
      fetched 46 | +1 new | store 46 bars  2026-06-11 -> 2026-08-13


Done. `python3 collect.py status` for a summary.
     instr    feed side  bars       from         to  sessions  vol=0 %        last sync
     uk100  minute  mid 39989 2026-07-03 2026-08-14        37      0.0 2026-08-14T08:36
     uk100  minute  bid 39990 2026-07-03 2026-08-14        37      0.0 2026-08-14T08:36
     uk100  minute  ask 39990 2026-07-03 2026-08-14        37      0.0 2026-08-14T08:36
     uk100 quarter  mid 23539 2025-08-03 2026-08-14       312      0.0 2026-08-14T08:36
     uk100 quarter  bid 23539 2025-08-03 2026-08-14       312      0.0 2026-08-14T08:36
     uk100 quarter  ask 23539 2025-08-03 2026-08-14       312      0.0 2026-08-14T08:36
     uk100    hour  mid 11647 2024-08-04 2026-08-14       614      0.0 2026-08-14T08:36
     uk100    hour  bid 11647 2024-08-04 2026-08-14       614      0.0 2026-08-14T08:36
     uk100    hour  ask 11647 2024-08-04 2026-08-14       614      0.0 2026-08-14T08:36
     uk100     day  mid  3753 2012-03-26 2026-08-13      3753     59.8 2026-08-14T08:36
     uk100     day  bid  3753 2012-03-26 2026-08-13      3753     59.8 2026-08-14T08:36
     uk100     day  ask  3753 2012-03-26 2026-08-13      3753     59.8 2026-08-14T08:36
     ger40  minute  mid 39818 2026-07-05 2026-08-14        36      0.0 2026-08-14T08:36
     ger40  minute  bid 39818 2026-07-05 2026-08-14        36      0.0 2026-08-14T08:36
     ger40  minute  ask 39818 2026-07-05 2026-08-14        36      0.0 2026-08-14T08:36
     ger40 quarter  mid 23572 2025-08-04 2026-08-14       315      0.0 2026-08-14T08:36
     ger40 quarter  bid 23572 2025-08-04 2026-08-14       315      0.0 2026-08-14T08:36
     ger40 quarter  ask 23572 2025-08-04 2026-08-14       315      0.0 2026-08-14T08:36
     ger40    hour  mid 11698 2024-08-04 2026-08-14       622      0.0 2026-08-14T08:36
     ger40    hour  bid 11698 2024-08-04 2026-08-14       622      0.0 2026-08-14T08:36
     ger40    hour  ask 11698 2024-08-04 2026-08-14       622      0.0 2026-08-14T08:36
     ger40     day  mid  3772 2012-01-30 2026-08-13      3772     60.2 2026-08-14T08:36
     ger40     day  bid  3772 2012-01-30 2026-08-13      3772     60.2 2026-08-14T08:36
     ger40     day  ask  3772 2012-01-30 2026-08-13      3772     60.2 2026-08-14T08:36
      us30  minute  mid 40499 2026-07-05 2026-08-14        36      0.0 2026-08-14T08:36
      us30  minute  bid 40499 2026-07-05 2026-08-14        36      0.0 2026-08-14T08:37
      us30  minute  ask 40499 2026-07-05 2026-08-14        36      0.0 2026-08-14T08:37
      us30 quarter  mid 24214 2025-08-04 2026-08-14       323      0.0 2026-08-14T08:37
      us30 quarter  bid 24214 2025-08-04 2026-08-14       323      0.0 2026-08-14T08:37
      us30 quarter  ask 24214 2025-08-04 2026-08-14       323      0.0 2026-08-14T08:37
      us30    hour  mid 11967 2024-08-04 2026-08-14       635      0.0 2026-08-14T08:37
      us30    hour  bid 11967 2024-08-04 2026-08-14       635      0.0 2026-08-14T08:37
      us30    hour  ask 11967 2024-08-04 2026-08-14       635      0.0 2026-08-14T08:37
      us30     day  mid  3845 2012-03-05 2026-08-13      3845     60.9 2026-08-14T08:37
      us30     day  bid  3845 2012-03-05 2026-08-13      3845     60.9 2026-08-14T08:37
      us30     day  ask  3845 2012-03-05 2026-08-13      3845     60.9 2026-08-14T08:37
 ustech100  minute  mid 40501 2026-07-05 2026-08-14        36      0.0 2026-08-14T08:37
 ustech100  minute  bid 40501 2026-07-05 2026-08-14        36      0.0 2026-08-14T08:37
 ustech100  minute  ask 40501 2026-07-05 2026-08-14        36      0.0 2026-08-14T08:37
 ustech100 quarter  mid 24214 2025-08-04 2026-08-14       323      0.0 2026-08-14T08:37
 ustech100 quarter  bid 24214 2025-08-04 2026-08-14       323      0.0 2026-08-14T08:37
 ustech100 quarter  ask 24214 2025-08-04 2026-08-14       323      0.0 2026-08-14T08:37
 ustech100    hour  mid 11968 2024-08-04 2026-08-14       635      0.0 2026-08-14T08:37
 ustech100    hour  bid 11968 2024-08-04 2026-08-14       635      0.0 2026-08-14T08:37
 ustech100    hour  ask 11968 2024-08-04 2026-08-14       635      0.0 2026-08-14T08:37
 ustech100     day  mid  3845 2012-03-05 2026-08-13      3845     60.9 2026-08-14T08:37
 ustech100     day  bid  3845 2012-03-05 2026-08-13      3845     60.9 2026-08-14T08:37
 ustech100     day  ask  3845 2012-03-05 2026-08-13      3845     60.9 2026-08-14T08:37
     us500  minute  mid 40470 2026-07-05 2026-08-14        36      0.0 2026-08-14T08:37
     us500  minute  bid 40470 2026-07-05 2026-08-14        36      0.0 2026-08-14T08:37
     us500  minute  ask 40470 2026-07-05 2026-08-14        36      0.0 2026-08-14T08:38
     us500 quarter  mid 24207 2025-08-04 2026-08-14       323      0.0 2026-08-14T08:38
     us500 quarter  bid 24207 2025-08-04 2026-08-14       323      0.0 2026-08-14T08:38
     us500 quarter  ask 24207 2025-08-04 2026-08-14       323      0.0 2026-08-14T08:38
     us500    hour  mid 11967 2024-08-04 2026-08-14       635      0.0 2026-08-14T08:38
     us500    hour  bid 11967 2024-08-04 2026-08-14       635      0.0 2026-08-14T08:38
     us500    hour  ask 11967 2024-08-04 2026-08-14       635      0.0 2026-08-14T08:38
     us500     day  mid  3838 2012-03-13 2026-08-13      3838     60.8 2026-08-14T08:38
     us500     day  bid  3838 2012-03-13 2026-08-13      3838     60.8 2026-08-14T08:38
     us500     day  ask  3838 2012-03-13 2026-08-13      3838     60.8 2026-08-14T08:38
      gold  minute  mid 40614 2026-07-05 2026-08-14        36      0.0 2026-08-14T08:38
      gold  minute  bid 40614 2026-07-05 2026-08-14        36      0.0 2026-08-14T08:38
      gold  minute  ask 40614 2026-07-05 2026-08-14        36      0.0 2026-08-14T08:38
      gold quarter  mid 24329 2025-08-04 2026-08-14       322      0.0 2026-08-14T08:38
      gold quarter  bid 24329 2025-08-04 2026-08-14       322      0.0 2026-08-14T08:38
      gold quarter  ask 24329 2025-08-04 2026-08-14       322      0.0 2026-08-14T08:38
      gold    hour  mid 11993 2024-08-04 2026-08-14       634      0.0 2026-08-14T08:38
      gold    hour  bid 11993 2024-08-04 2026-08-14       634      0.0 2026-08-14T08:38
      gold    hour  ask 11993 2024-08-04 2026-08-14       634      0.0 2026-08-14T08:38
      gold     day  mid  3843 2011-12-30 2026-08-13      3843     60.9 2026-08-14T08:38
      gold     day  bid  3843 2011-12-30 2026-08-13      3843     60.9 2026-08-14T08:38
      gold     day  ask  3843 2011-12-30 2026-08-13      3843     60.9 2026-08-14T08:38
   goldvar  minute  mid 40614 2026-07-05 2026-08-14        36      0.0 2026-08-14T08:38
   goldvar  minute  bid 40614 2026-07-05 2026-08-14        36      0.0 2026-08-14T08:38
   goldvar  minute  ask 40614 2026-07-05 2026-08-14        36      0.0 2026-08-14T08:39
   goldvar quarter  mid 24329 2025-08-04 2026-08-14       322      0.0 2026-08-14T08:39
   goldvar quarter  bid 24329 2025-08-04 2026-08-14       322      0.0 2026-08-14T08:39
   goldvar quarter  ask 24329 2025-08-04 2026-08-14       322      0.0 2026-08-14T08:39
   goldvar    hour  mid 11993 2024-08-04 2026-08-14       634      0.0 2026-08-14T08:39
   goldvar    hour  bid 11993 2024-08-04 2026-08-14       634      0.0 2026-08-14T08:39
   goldvar    hour  ask 11993 2024-08-04 2026-08-14       634      0.0 2026-08-14T08:39
   goldvar     day  mid  3843 2011-12-30 2026-08-13      3843     60.9 2026-08-14T08:39
   goldvar     day  bid  3843 2011-12-30 2026-08-13      3843     60.9 2026-08-14T08:39
   goldvar     day  ask  3843 2011-12-30 2026-08-13      3843     60.9 2026-08-14T08:39
    eurusd  minute  mid 42110 2026-07-05 2026-08-14        36      0.0 2026-08-14T08:39
    eurusd  minute  bid 42110 2026-07-05 2026-08-14        36      0.0 2026-08-14T08:39
    eurusd  minute  ask 42110 2026-07-05 2026-08-14        36      0.0 2026-08-14T08:39
    eurusd quarter  mid 25548 2025-08-04 2026-08-14       323      0.0 2026-08-14T08:39
    eurusd quarter  bid 25548 2025-08-04 2026-08-14       323      0.0 2026-08-14T08:39
    eurusd quarter  ask 25548 2025-08-04 2026-08-14       323      0.0 2026-08-14T08:39
    eurusd    hour  mid 12573 2024-08-04 2026-08-14       635      0.0 2026-08-14T08:39
    eurusd    hour  bid 12573 2024-08-04 2026-08-14       635      0.0 2026-08-14T08:39
    eurusd    hour  ask 12573 2024-08-04 2026-08-14       635      0.0 2026-08-14T08:39
    eurusd     day  mid  7446 1999-01-04 2026-08-13      7446     79.3 2026-08-14T08:39
    eurusd     day  bid  7446 1999-01-04 2026-08-13      7446     79.3 2026-08-14T08:39
    eurusd     day  ask  7446 1999-01-04 2026-08-13      7446     79.3 2026-08-14T08:39
  uk100fut  minute  mid 33004 2026-07-12 2026-08-14        30      0.0 2026-08-14T08:39
  uk100fut  minute  bid 33004 2026-07-12 2026-08-14        30      0.0 2026-08-14T08:39
  uk100fut  minute  ask 33004 2026-07-12 2026-08-14        30      0.0 2026-08-14T08:39
  uk100fut quarter  mid 23086 2025-08-10 2026-08-14       307      0.0 2026-08-14T08:39
  uk100fut quarter  bid 23086 2025-08-10 2026-08-14       307      0.0 2026-08-14T08:40
  uk100fut quarter  ask 23086 2025-08-10 2026-08-14       307      0.0 2026-08-14T08:40
  uk100fut    hour  mid 11522 2024-08-11 2026-08-14       606      0.0 2026-08-14T08:40
  uk100fut    hour  bid 11522 2024-08-11 2026-08-14       606      0.0 2026-08-14T08:40
  uk100fut    hour  ask 11522 2024-08-11 2026-08-14       606      0.0 2026-08-14T08:40
  uk100fut     day  mid  1290 2021-07-05 2026-08-13      1290     49.5 2026-08-14T08:40
  uk100fut     day  bid  1290 2021-07-05 2026-08-13      1290     49.5 2026-08-14T08:40
  uk100fut     day  ask  1290 2021-07-05 2026-08-13      1290     49.5 2026-08-14T08:40
uk100sep26  minute  mid 33005 2026-07-12 2026-08-14        30      0.0 2026-08-14T08:40
uk100sep26  minute  bid 33005 2026-07-12 2026-08-14        30      0.0 2026-08-14T08:40
uk100sep26  minute  ask 33005 2026-07-12 2026-08-14        30      0.0 2026-08-14T08:40
uk100sep26 quarter  mid  4121 2026-06-11 2026-08-14        56      0.0 2026-08-14T08:40
uk100sep26 quarter  bid  4121 2026-06-11 2026-08-14        56      0.0 2026-08-14T08:40
uk100sep26 quarter  ask  4121 2026-06-11 2026-08-14        56      0.0 2026-08-14T08:40
uk100sep26    hour  mid  1040 2026-06-11 2026-08-14        56      0.0 2026-08-14T08:40
uk100sep26    hour  bid  1040 2026-06-11 2026-08-14        56      0.0 2026-08-14T08:40
uk100sep26    hour  ask  1040 2026-06-11 2026-08-14        56      0.0 2026-08-14T08:40
uk100sep26     day  mid    46 2026-06-11 2026-08-13        46      0.0 2026-08-14T08:40
uk100sep26     day  bid    46 2026-06-11 2026-08-13        46      0.0 2026-08-14T08:40
uk100sep26     day  ask    46 2026-06-11 2026-08-13        46      0.0 2026-08-14T08:40

spread (minute, n=39,990): median 1.00 pts | p90 5.00 | core 07:00-15:59 UTC median 0.80 pts (n=15,756)

spread (quarter, n=23,539): median 1.00 pts | p90 5.00 | core 07:00-15:59 UTC median 0.80 pts (n=9,377)

spread (hour, n=11,647): median 1.00 pts | p90 5.00 | core 07:00-15:59 UTC median 0.80 pts (n=4,606)

spread (day, n=3,753): median 0.00 pts | p90 5.00 | core 07:00-15:59 UTC median nan pts (n=0)
uk100/minute/mid: 39,989 bars | OK | zero-volume 0.0% | 120 gaps > one bar (weekends/closures expected)
uk100/minute/bid: 39,990 bars | OK | zero-volume 0.0% | 120 gaps > one bar (weekends/closures expected)
uk100/minute/ask: 39,990 bars | OK | zero-volume 0.0% | 120 gaps > one bar (weekends/closures expected)
uk100/quarter/mid: 23,539 bars | OK | zero-volume 0.0% | 450 gaps > one bar (weekends/closures expected)
uk100/quarter/bid: 23,539 bars | OK | zero-volume 0.0% | 450 gaps > one bar (weekends/closures expected)
uk100/quarter/ask: 23,539 bars | OK | zero-volume 0.0% | 450 gaps > one bar (weekends/closures expected)
uk100/hour/mid: 11,647 bars | OK | zero-volume 0.0% | 513 gaps > one bar (weekends/closures expected)
uk100/hour/bid: 11,647 bars | OK | zero-volume 0.0% | 513 gaps > one bar (weekends/closures expected)
uk100/hour/ask: 11,647 bars | OK | zero-volume 0.0% | 513 gaps > one bar (weekends/closures expected)
uk100/day/mid: 3,753 bars | OK | zero-volume 59.85% | 747 gaps > one bar (weekends/closures expected)
uk100/day/bid: 3,753 bars | known {'open_outside_hl': 2} | zero-volume 59.85% | 747 gaps > one bar (weekends/closures expected)
uk100/day/ask: 3,753 bars | known {'close_outside_hl': 2} | zero-volume 59.85% | 747 gaps > one bar (weekends/closures expected)
ger40/minute/mid: 39,818 bars | OK | zero-volume 0.0% | 160 gaps > one bar (weekends/closures expected)
ger40/minute/bid: 39,818 bars | OK | zero-volume 0.0% | 160 gaps > one bar (weekends/closures expected)
ger40/minute/ask: 39,818 bars | OK | zero-volume 0.0% | 160 gaps > one bar (weekends/closures expected)
ger40/quarter/mid: 23,572 bars | OK | zero-volume 0.0% | 453 gaps > one bar (weekends/closures expected)
ger40/quarter/bid: 23,572 bars | OK | zero-volume 0.0% | 453 gaps > one bar (weekends/closures expected)
ger40/quarter/ask: 23,572 bars | OK | zero-volume 0.0% | 453 gaps > one bar (weekends/closures expected)
ger40/hour/mid: 11,698 bars | OK | zero-volume 0.0% | 514 gaps > one bar (weekends/closures expected)
ger40/hour/bid: 11,698 bars | OK | zero-volume 0.0% | 514 gaps > one bar (weekends/closures expected)
ger40/hour/ask: 11,698 bars | OK | zero-volume 0.0% | 514 gaps > one bar (weekends/closures expected)
ger40/day/mid: 3,772 bars | OK | zero-volume 60.15% | 766 gaps > one bar (weekends/closures expected)
ger40/day/bid: 3,772 bars | OK | zero-volume 60.15% | 766 gaps > one bar (weekends/closures expected)
ger40/day/ask: 3,772 bars | OK | zero-volume 60.15% | 766 gaps > one bar (weekends/closures expected)
us30/minute/mid: 40,499 bars | OK | zero-volume 0.0% | 30 gaps > one bar (weekends/closures expected)
us30/minute/bid: 40,499 bars | OK | zero-volume 0.0% | 30 gaps > one bar (weekends/closures expected)
us30/minute/ask: 40,499 bars | OK | zero-volume 0.0% | 30 gaps > one bar (weekends/closures expected)
us30/quarter/mid: 24,214 bars | OK | zero-volume 0.0% | 269 gaps > one bar (weekends/closures expected)
us30/quarter/bid: 24,214 bars | OK | zero-volume 0.0% | 269 gaps > one bar (weekends/closures expected)
us30/quarter/ask: 24,214 bars | OK | zero-volume 0.0% | 269 gaps > one bar (weekends/closures expected)
us30/hour/mid: 11,967 bars | OK | zero-volume 0.0% | 525 gaps > one bar (weekends/closures expected)
us30/hour/bid: 11,967 bars | OK | zero-volume 0.0% | 525 gaps > one bar (weekends/closures expected)
us30/hour/ask: 11,967 bars | OK | zero-volume 0.0% | 525 gaps > one bar (weekends/closures expected)
us30/day/mid: 3,845 bars | OK | zero-volume 60.86% | 759 gaps > one bar (weekends/closures expected)
us30/day/bid: 3,845 bars | OK | zero-volume 60.86% | 759 gaps > one bar (weekends/closures expected)
us30/day/ask: 3,845 bars | OK | zero-volume 60.86% | 759 gaps > one bar (weekends/closures expected)
ustech100/minute/mid: 40,501 bars | OK | zero-volume 0.0% | 29 gaps > one bar (weekends/closures expected)
ustech100/minute/bid: 40,501 bars | OK | zero-volume 0.0% | 29 gaps > one bar (weekends/closures expected)
ustech100/minute/ask: 40,501 bars | OK | zero-volume 0.0% | 29 gaps > one bar (weekends/closures expected)
ustech100/quarter/mid: 24,214 bars | OK | zero-volume 0.0% | 270 gaps > one bar (weekends/closures expected)
ustech100/quarter/bid: 24,214 bars | OK | zero-volume 0.0% | 270 gaps > one bar (weekends/closures expected)
ustech100/quarter/ask: 24,214 bars | OK | zero-volume 0.0% | 270 gaps > one bar (weekends/closures expected)
ustech100/hour/mid: 11,968 bars | OK | zero-volume 0.0% | 525 gaps > one bar (weekends/closures expected)
ustech100/hour/bid: 11,968 bars | OK | zero-volume 0.0% | 525 gaps > one bar (weekends/closures expected)
ustech100/hour/ask: 11,968 bars | OK | zero-volume 0.0% | 525 gaps > one bar (weekends/closures expected)
ustech100/day/mid: 3,845 bars | OK | zero-volume 60.88% | 759 gaps > one bar (weekends/closures expected)
ustech100/day/bid: 3,845 bars | OK | zero-volume 60.88% | 759 gaps > one bar (weekends/closures expected)
ustech100/day/ask: 3,845 bars | OK | zero-volume 60.88% | 759 gaps > one bar (weekends/closures expected)
us500/minute/mid: 40,470 bars | OK | zero-volume 0.0% | 55 gaps > one bar (weekends/closures expected)
us500/minute/bid: 40,470 bars | OK | zero-volume 0.0% | 55 gaps > one bar (weekends/closures expected)
us500/minute/ask: 40,470 bars | OK | zero-volume 0.0% | 55 gaps > one bar (weekends/closures expected)
us500/quarter/mid: 24,207 bars | OK | zero-volume 0.0% | 269 gaps > one bar (weekends/closures expected)
us500/quarter/bid: 24,207 bars | OK | zero-volume 0.0% | 269 gaps > one bar (weekends/closures expected)
us500/quarter/ask: 24,207 bars | OK | zero-volume 0.0% | 269 gaps > one bar (weekends/closures expected)
us500/hour/mid: 11,967 bars | OK | zero-volume 0.0% | 525 gaps > one bar (weekends/closures expected)
us500/hour/bid: 11,967 bars | OK | zero-volume 0.0% | 525 gaps > one bar (weekends/closures expected)
us500/hour/ask: 11,967 bars | OK | zero-volume 0.0% | 525 gaps > one bar (weekends/closures expected)
us500/day/mid: 3,838 bars | OK | zero-volume 60.81% | 759 gaps > one bar (weekends/closures expected)
us500/day/bid: 3,838 bars | OK | zero-volume 60.81% | 759 gaps > one bar (weekends/closures expected)
us500/day/ask: 3,838 bars | OK | zero-volume 60.81% | 759 gaps > one bar (weekends/closures expected)
gold/minute/mid: 40,614 bars | OK | zero-volume 0.0% | 29 gaps > one bar (weekends/closures expected)
gold/minute/bid: 40,614 bars | OK | zero-volume 0.0% | 29 gaps > one bar (weekends/closures expected)
gold/minute/ask: 40,614 bars | OK | zero-volume 0.0% | 29 gaps > one bar (weekends/closures expected)
gold/quarter/mid: 24,329 bars | OK | zero-volume 0.0% | 268 gaps > one bar (weekends/closures expected)
gold/quarter/bid: 24,329 bars | OK | zero-volume 0.0% | 268 gaps > one bar (weekends/closures expected)
gold/quarter/ask: 24,329 bars | OK | zero-volume 0.0% | 268 gaps > one bar (weekends/closures expected)
gold/hour/mid: 11,993 bars | OK | zero-volume 0.0% | 523 gaps > one bar (weekends/closures expected)
gold/hour/bid: 11,993 bars | OK | zero-volume 0.0% | 523 gaps > one bar (weekends/closures expected)
gold/hour/ask: 11,993 bars | OK | zero-volume 0.0% | 523 gaps > one bar (weekends/closures expected)
gold/day/mid: 3,843 bars | OK | zero-volume 60.89% | 766 gaps > one bar (weekends/closures expected)
gold/day/bid: 3,843 bars | OK | zero-volume 60.89% | 766 gaps > one bar (weekends/closures expected)
gold/day/ask: 3,843 bars | OK | zero-volume 60.89% | 766 gaps > one bar (weekends/closures expected)
goldvar/minute/mid: 40,614 bars | OK | zero-volume 0.0% | 29 gaps > one bar (weekends/closures expected)
goldvar/minute/bid: 40,614 bars | OK | zero-volume 0.0% | 29 gaps > one bar (weekends/closures expected)
goldvar/minute/ask: 40,614 bars | OK | zero-volume 0.0% | 29 gaps > one bar (weekends/closures expected)
goldvar/quarter/mid: 24,329 bars | OK | zero-volume 0.0% | 268 gaps > one bar (weekends/closures expected)
goldvar/quarter/bid: 24,329 bars | OK | zero-volume 0.0% | 268 gaps > one bar (weekends/closures expected)
goldvar/quarter/ask: 24,329 bars | OK | zero-volume 0.0% | 268 gaps > one bar (weekends/closures expected)
goldvar/hour/mid: 11,993 bars | OK | zero-volume 0.0% | 523 gaps > one bar (weekends/closures expected)
goldvar/hour/bid: 11,993 bars | OK | zero-volume 0.0% | 523 gaps > one bar (weekends/closures expected)
goldvar/hour/ask: 11,993 bars | OK | zero-volume 0.0% | 523 gaps > one bar (weekends/closures expected)
goldvar/day/mid: 3,843 bars | OK | zero-volume 60.89% | 766 gaps > one bar (weekends/closures expected)
goldvar/day/bid: 3,843 bars | OK | zero-volume 60.89% | 766 gaps > one bar (weekends/closures expected)
goldvar/day/ask: 3,843 bars | OK | zero-volume 60.89% | 766 gaps > one bar (weekends/closures expected)
eurusd/minute/mid: 42,110 bars | OK | zero-volume 0.0% | 194 gaps > one bar (weekends/closures expected)
eurusd/minute/bid: 42,110 bars | OK | zero-volume 0.0% | 194 gaps > one bar (weekends/closures expected)
eurusd/minute/ask: 42,110 bars | OK | zero-volume 0.0% | 194 gaps > one bar (weekends/closures expected)
eurusd/quarter/mid: 25,548 bars | OK | zero-volume 0.0% | 57 gaps > one bar (weekends/closures expected)
eurusd/quarter/bid: 25,548 bars | OK | zero-volume 0.0% | 57 gaps > one bar (weekends/closures expected)
eurusd/quarter/ask: 25,548 bars | OK | zero-volume 0.0% | 57 gaps > one bar (weekends/closures expected)
eurusd/hour/mid: 12,573 bars | OK | zero-volume 0.0% | 110 gaps > one bar (weekends/closures expected)
eurusd/hour/bid: 12,573 bars | OK | zero-volume 0.0% | 110 gaps > one bar (weekends/closures expected)
eurusd/hour/ask: 12,573 bars | OK | zero-volume 0.0% | 110 gaps > one bar (weekends/closures expected)
eurusd/day/mid: 7,446 bars | OK | zero-volume 79.34% | 1,441 gaps > one bar (weekends/closures expected)
eurusd/day/bid: 7,446 bars | OK | zero-volume 79.34% | 1,441 gaps > one bar (weekends/closures expected)
eurusd/day/ask: 7,446 bars | OK | zero-volume 79.34% | 1,441 gaps > one bar (weekends/closures expected)
uk100fut/minute/mid: 33,004 bars | OK | zero-volume 0.0% | 93 gaps > one bar (weekends/closures expected)
uk100fut/minute/bid: 33,004 bars | OK | zero-volume 0.0% | 93 gaps > one bar (weekends/closures expected)
uk100fut/minute/ask: 33,004 bars | OK | zero-volume 0.0% | 93 gaps > one bar (weekends/closures expected)
uk100fut/quarter/mid: 23,086 bars | OK | zero-volume 0.0% | 442 gaps > one bar (weekends/closures expected)
uk100fut/quarter/bid: 23,086 bars | OK | zero-volume 0.0% | 442 gaps > one bar (weekends/closures expected)
uk100fut/quarter/ask: 23,086 bars | OK | zero-volume 0.0% | 442 gaps > one bar (weekends/closures expected)
uk100fut/hour/mid: 11,522 bars | OK | zero-volume 0.0% | 509 gaps > one bar (weekends/closures expected)
uk100fut/hour/bid: 11,522 bars | OK | zero-volume 0.0% | 509 gaps > one bar (weekends/closures expected)
uk100fut/hour/ask: 11,522 bars | OK | zero-volume 0.0% | 509 gaps > one bar (weekends/closures expected)
uk100fut/day/mid: 1,290 bars | OK | zero-volume 49.46% | 270 gaps > one bar (weekends/closures expected)
uk100fut/day/bid: 1,290 bars | known {'open_outside_hl': 1} | zero-volume 49.46% | 270 gaps > one bar (weekends/closures expected)
uk100fut/day/ask: 1,290 bars | known {'close_outside_hl': 1} | zero-volume 49.46% | 270 gaps > one bar (weekends/closures expected)
uk100sep26/minute/mid: 33,005 bars | OK | zero-volume 0.0% | 93 gaps > one bar (weekends/closures expected)
uk100sep26/minute/bid: 33,005 bars | OK | zero-volume 0.0% | 93 gaps > one bar (weekends/closures expected)
uk100sep26/minute/ask: 33,005 bars | OK | zero-volume 0.0% | 93 gaps > one bar (weekends/closures expected)
uk100sep26/quarter/mid: 4,121 bars | OK | zero-volume 0.0% | 83 gaps > one bar (weekends/closures expected)
uk100sep26/quarter/bid: 4,121 bars | OK | zero-volume 0.0% | 83 gaps > one bar (weekends/closures expected)
uk100sep26/quarter/ask: 4,121 bars | OK | zero-volume 0.0% | 83 gaps > one bar (weekends/closures expected)
uk100sep26/hour/mid: 1,040 bars | OK | zero-volume 0.0% | 46 gaps > one bar (weekends/closures expected)
uk100sep26/hour/bid: 1,040 bars | OK | zero-volume 0.0% | 46 gaps > one bar (weekends/closures expected)
uk100sep26/hour/ask: 1,040 bars | OK | zero-volume 0.0% | 46 gaps > one bar (weekends/closures expected)
uk100sep26/day/mid: 46 bars | OK | zero-volume 0.0% | 9 gaps > one bar (weekends/closures expected)
uk100sep26/day/bid: 46 bars | OK | zero-volume 0.0% | 9 gaps > one bar (weekends/closures expected)
uk100sep26/day/ask: 46 bars | OK | zero-volume 0.0% | 9 gaps > one bar (weekends/closures expected)

All structural checks passed (known baseline accepted).

=== uk100  (cash 8.0-16.5 London) ===
    1min:  39,989 bars (14,885 cash) 2026-07-03 -> 2026-08-14   spread 0.8
   15min:  23,539 bars ( 8,851 cash) 2025-08-03 -> 2026-08-14   spread 0.8
      1h:  11,647 bars ( 4,602 cash) 2024-08-04 -> 2026-08-14   spread 0.8
      4h:   3,173 bars ( 1,536 cash) 2024-08-04 -> 2026-08-14   spread 0.8
      1d:   3,753 bars ( 3,753 cash) 2012-03-26 -> 2026-08-13   spread 0.0

=== ger40  (cash 8.0-16.5 London) ===
    1min:  39,818 bars (14,886 cash) 2026-07-05 -> 2026-08-14   spread 1.0
   15min:  23,572 bars ( 8,845 cash) 2025-08-04 -> 2026-08-14   spread 1.0
      1h:  11,698 bars ( 4,618 cash) 2024-08-04 -> 2026-08-14   spread 1.0
      4h:   3,188 bars ( 1,540 cash) 2024-08-04 -> 2026-08-14   spread 1.0
      1d:   3,772 bars ( 3,772 cash) 2012-01-30 -> 2026-08-13   spread 0.0

=== us500  (cash 9.5-16.0 London) ===
    1min:  40,470 bars (11,307 cash) 2026-07-05 -> 2026-08-14   spread 0.4
   15min:  24,207 bars ( 6,787 cash) 2025-08-04 -> 2026-08-14   spread 0.4
      1h:  11,967 bars ( 3,080 cash) 2024-08-04 -> 2026-08-14   spread 0.4
      4h:   3,130 bars (   548 cash) 2024-08-04 -> 2026-08-14   spread 0.425
      1d:   3,838 bars ( 3,838 cash) 2012-03-13 -> 2026-08-13   spread 0.0

=== us30  (cash 9.5-16.0 London) ===
    1min:  40,499 bars (11,310 cash) 2026-07-05 -> 2026-08-14   spread 1.9
   15min:  24,214 bars ( 6,793 cash) 2025-08-04 -> 2026-08-14   spread 1.9
      1h:  11,967 bars ( 3,080 cash) 2024-08-04 -> 2026-08-14   spread 1.9
      4h:   3,130 bars (   548 cash) 2024-08-04 -> 2026-08-14   spread 2.2667
      1d:   3,845 bars ( 3,845 cash) 2012-03-05 -> 2026-08-13   spread 0.0

=== ustech100  (cash 9.5-16.0 London) ===
    1min:  40,501 bars (11,310 cash) 2026-07-05 -> 2026-08-14   spread 0.9
   15min:  24,214 bars ( 6,793 cash) 2025-08-04 -> 2026-08-14   spread 0.9
      1h:  11,968 bars ( 3,080 cash) 2024-08-04 -> 2026-08-14   spread 0.9
      4h:   3,130 bars (   548 cash) 2024-08-04 -> 2026-08-14   spread 1.125
      1d:   3,845 bars ( 3,845 cash) 2012-03-05 -> 2026-08-13   spread 0.0

=== gold  (cash 8.0-16.0 London) ===
    1min:  40,614 bars (13,920 cash) 2026-07-05 -> 2026-08-14   spread 0.4
   15min:  24,329 bars ( 8,421 cash) 2025-08-04 -> 2026-08-14   spread 0.4
      1h:  11,993 bars ( 4,156 cash) 2024-08-04 -> 2026-08-14   spread 0.3
      4h:   3,244 bars ( 1,028 cash) 2024-08-04 -> 2026-08-14   spread 0.45
      1d:   3,843 bars ( 3,843 cash) 2011-12-30 -> 2026-08-13   spread 0.0

=== goldvar  (cash 8.0-16.0 London) ===
    1min:  40,614 bars (13,920 cash) 2026-07-05 -> 2026-08-14   spread 0.4
   15min:  24,329 bars ( 8,421 cash) 2025-08-04 -> 2026-08-14   spread 0.4
      1h:  11,993 bars ( 4,156 cash) 2024-08-04 -> 2026-08-14   spread 0.3
      4h:   3,244 bars ( 1,028 cash) 2024-08-04 -> 2026-08-14   spread 0.4
      1d:   3,843 bars ( 3,843 cash) 2011-12-30 -> 2026-08-13   spread 0.0

=== eurusd  (cash 8.0-21.0 London) ===
    1min:  42,110 bars (22,719 cash) 2026-07-05 -> 2026-08-14   spread 0.0001
   15min:  25,548 bars (13,812 cash) 2025-08-04 -> 2026-08-14   spread 0.0001
      1h:  12,573 bars ( 6,803 cash) 2024-08-04 -> 2026-08-14   spread 0.0
      4h:   3,253 bars ( 2,093 cash) 2024-08-04 -> 2026-08-14   spread 0.0
      1d:   7,446 bars ( 7,446 cash) 1999-01-04 -> 2026-08-13   spread 0.0

=== uk100fut  (cash 8.0-16.5 London) ===
    1min:  33,004 bars (12,339 cash) 2026-07-12 -> 2026-08-14   spread 1.3
   15min:  23,086 bars ( 8,681 cash) 2025-08-10 -> 2026-08-14   spread 1.3
      1h:  11,522 bars ( 4,557 cash) 2024-08-11 -> 2026-08-14   spread 1.3
      4h:   3,139 bars ( 1,521 cash) 2024-08-11 -> 2026-08-14   spread 1.3
      1d:   1,290 bars ( 1,290 cash) 2021-07-05 -> 2026-08-13   spread 5.0

=== uk100sep26  (cash 8.0-16.5 London) ===
    1min:  33,005 bars (12,340 cash) 2026-07-12 -> 2026-08-14   spread 4.0
   15min:   4,121 bars ( 1,536 cash) 2026-06-11 -> 2026-08-14   spread 4.0
      1h:   1,040 bars (   406 cash) 2026-06-11 -> 2026-08-14   spread 4.0
      4h:     284 bars (   136 cash) 2026-06-11 -> 2026-08-14   spread 4.0
      1d:      46 bars (    46 cash) 2026-06-11 -> 2026-08-13   spread 6.0

Wrote /Users/r.john/git/vc-tx2/clean_finsa/
uk100      14/14 passed
ger40      14/14 passed
us500      14/14 passed
us30       14/14 passed
ustech100  14/14 passed
gold       14/14 passed
goldvar    14/14 passed
eurusd     14/14 passed
uk100fut   14/14 passed
uk100sep26 14/14 passed

140/140 checks passed overall.
=== done 2026-08-14T08:40:43Z sync=0 validate=0 build=0 verify=0 ===
=== sync start 2026-08-14T15:05:26Z ===

=== uk100 (id 16645) -> /Users/r.john/git/vc-tx2/data ===
  minute/mid:
      page 1: 10,000 bars  2026-08-05 05:45:00+00:00 -> 2026-08-14 15:05:00+00:00
      page 2: 10,000 bars  2026-07-24 18:53:00+00:00 -> 2026-08-05 05:44:00+00:00
      page 3: 10,000 bars  2026-07-15 10:02:00+00:00 -> 2026-07-24 18:52:00+00:00
      page 4:  1,057 bars  2026-07-14 15:05:00+00:00 -> 2026-07-15 10:01:00+00:00
      fetched 31,056 | +390 new | store 40,379 bars  2026-07-03 -> 2026-08-14

  minute/bid:
      page 1: 10,000 bars  2026-08-05 05:45:00+00:00 -> 2026-08-14 15:05:00+00:00
      page 2: 10,000 bars  2026-07-24 18:53:00+00:00 -> 2026-08-05 05:44:00+00:00
      page 3: 10,000 bars  2026-07-15 10:02:00+00:00 -> 2026-07-24 18:52:00+00:00
      page 4:  1,057 bars  2026-07-14 15:05:00+00:00 -> 2026-07-15 10:01:00+00:00
      fetched 31,056 | +389 new | store 40,379 bars  2026-07-03 -> 2026-08-14

  minute/ask:
      page 1: 10,000 bars  2026-08-05 05:45:00+00:00 -> 2026-08-14 15:05:00+00:00
      page 2: 10,000 bars  2026-07-24 18:53:00+00:00 -> 2026-08-05 05:44:00+00:00
      page 3: 10,000 bars  2026-07-15 10:02:00+00:00 -> 2026-07-24 18:52:00+00:00
      page 4:  1,057 bars  2026-07-14 15:05:00+00:00 -> 2026-07-15 10:01:00+00:00
      fetched 31,056 | +389 new | store 40,379 bars  2026-07-03 -> 2026-08-14

  quarter/mid:
      page 1: 10,000 bars  2026-03-09 01:30:00+00:00 -> 2026-08-14 15:00:00+00:00
      page 2: 10,000 bars  2025-09-29 11:00:00+00:00 -> 2026-03-09 01:15:00+00:00
      page 3:  2,772 bars  2025-08-14 15:15:00+00:00 -> 2025-09-29 10:45:00+00:00
      fetched 22,771 | +26 new | store 23,565 bars  2025-08-03 -> 2026-08-14

  quarter/bid:
      page 1: 10,000 bars  2026-03-09 01:30:00+00:00 -> 2026-08-14 15:00:00+00:00
      page 2: 10,000 bars  2025-09-29 11:00:00+00:00 -> 2026-03-09 01:15:00+00:00
      page 3:  2,772 bars  2025-08-14 15:15:00+00:00 -> 2025-09-29 10:45:00+00:00
      fetched 22,771 | +26 new | store 23,565 bars  2025-08-03 -> 2026-08-14

  quarter/ask:
      page 1: 10,000 bars  2026-03-09 01:30:00+00:00 -> 2026-08-14 15:00:00+00:00
      page 2: 10,000 bars  2025-09-29 11:00:00+00:00 -> 2026-03-09 01:15:00+00:00
      page 3:  2,772 bars  2025-08-14 15:15:00+00:00 -> 2025-09-29 10:45:00+00:00
      fetched 22,771 | +26 new | store 23,565 bars  2025-08-03 -> 2026-08-14

  hour/mid:
      page 1: 10,000 bars  2024-11-14 14:00:00+00:00 -> 2026-08-14 15:00:00+00:00
      page 2:  1,477 bars  2024-08-14 16:00:00+00:00 -> 2024-11-14 13:00:00+00:00
      fetched 11,476 | +7 new | store 11,654 bars  2024-08-04 -> 2026-08-14

  hour/bid:
      page 1: 10,000 bars  2024-11-14 14:00:00+00:00 -> 2026-08-14 15:00:00+00:00
      page 2:  1,477 bars  2024-08-14 16:00:00+00:00 -> 2024-11-14 13:00:00+00:00
      fetched 11,476 | +7 new | store 11,654 bars  2024-08-04 -> 2026-08-14

  hour/ask:
      page 1: 10,000 bars  2024-11-14 14:00:00+00:00 -> 2026-08-14 15:00:00+00:00
      page 2:  1,477 bars  2024-08-14 16:00:00+00:00 -> 2024-11-14 13:00:00+00:00
      fetched 11,476 | +7 new | store 11,654 bars  2024-08-04 -> 2026-08-14

  day/mid:
      page 1:  3,754 bars  2012-03-26 00:00:00+00:00 -> 2026-08-14 00:00:00+00:00
      fetched 3,753 | +0 new | store 3,753 bars  2012-03-26 -> 2026-08-13

  day/bid:
      page 1:  3,754 bars  2012-03-26 00:00:00+00:00 -> 2026-08-14 00:00:00+00:00
      fetched 3,753 | +0 new | store 3,753 bars  2012-03-26 -> 2026-08-13  !! {'open_outside_hl': 2}

  day/ask:
      page 1:  3,754 bars  2012-03-26 00:00:00+00:00 -> 2026-08-14 00:00:00+00:00
      fetched 3,753 | +0 new | store 3,753 bars  2012-03-26 -> 2026-08-13  !! {'close_outside_hl': 2}


=== ger40 (id 17068) -> /Users/r.john/git/vc-tx2/data ===
  minute/mid:
      page 1: 10,000 bars  2026-08-05 05:52:00+00:00 -> 2026-08-14 15:05:00+00:00
      page 2: 10,000 bars  2026-07-24 19:04:00+00:00 -> 2026-08-05 05:51:00+00:00
      page 3: 10,000 bars  2026-07-15 10:15:00+00:00 -> 2026-07-24 19:03:00+00:00
      page 4:  1,067 bars  2026-07-14 15:05:00+00:00 -> 2026-07-15 10:14:00+00:00
      fetched 31,066 | +389 new | store 40,207 bars  2026-07-05 -> 2026-08-14

  minute/bid:
      page 1: 10,000 bars  2026-08-05 05:52:00+00:00 -> 2026-08-14 15:05:00+00:00
      page 2: 10,000 bars  2026-07-24 19:04:00+00:00 -> 2026-08-05 05:51:00+00:00
      page 3: 10,000 bars  2026-07-15 10:15:00+00:00 -> 2026-07-24 19:03:00+00:00
      page 4:  1,067 bars  2026-07-14 15:05:00+00:00 -> 2026-07-15 10:14:00+00:00
      fetched 31,066 | +389 new | store 40,207 bars  2026-07-05 -> 2026-08-14

  minute/ask:
      page 1: 10,000 bars  2026-08-05 05:52:00+00:00 -> 2026-08-14 15:05:00+00:00
      page 2: 10,000 bars  2026-07-24 19:04:00+00:00 -> 2026-08-05 05:51:00+00:00
      page 3: 10,000 bars  2026-07-15 10:15:00+00:00 -> 2026-07-24 19:03:00+00:00
      page 4:  1,067 bars  2026-07-14 15:05:00+00:00 -> 2026-07-15 10:14:00+00:00
      fetched 31,066 | +389 new | store 40,207 bars  2026-07-05 -> 2026-08-14

  quarter/mid:
      page 1: 10,000 bars  2026-03-10 06:45:00+00:00 -> 2026-08-14 15:00:00+00:00
      page 2: 10,000 bars  2025-09-29 14:00:00+00:00 -> 2026-03-10 06:30:00+00:00
      page 3:  2,883 bars  2025-08-14 15:15:00+00:00 -> 2025-09-29 13:45:00+00:00
      fetched 22,882 | +26 new | store 23,598 bars  2025-08-04 -> 2026-08-14

  quarter/bid:
      page 1: 10,000 bars  2026-03-10 06:45:00+00:00 -> 2026-08-14 15:00:00+00:00
      page 2: 10,000 bars  2025-09-29 14:00:00+00:00 -> 2026-03-10 06:30:00+00:00
      page 3:  2,883 bars  2025-08-14 15:15:00+00:00 -> 2025-09-29 13:45:00+00:00
      fetched 22,882 | +26 new | store 23,598 bars  2025-08-04 -> 2026-08-14

  quarter/ask:
      page 1: 10,000 bars  2026-03-10 06:45:00+00:00 -> 2026-08-14 15:00:00+00:00
      page 2: 10,000 bars  2025-09-29 14:00:00+00:00 -> 2026-03-10 06:30:00+00:00
      page 3:  2,883 bars  2025-08-14 15:15:00+00:00 -> 2025-09-29 13:45:00+00:00
      fetched 22,882 | +26 new | store 23,598 bars  2025-08-04 -> 2026-08-14

  hour/mid:
      page 1: 10,000 bars  2024-11-15 17:00:00+00:00 -> 2026-08-14 15:00:00+00:00
      page 2:  1,528 bars  2024-08-14 16:00:00+00:00 -> 2024-11-15 16:00:00+00:00
      fetched 11,527 | +7 new | store 11,705 bars  2024-08-04 -> 2026-08-14

  hour/bid:
      page 1: 10,000 bars  2024-11-15 17:00:00+00:00 -> 2026-08-14 15:00:00+00:00
      page 2:  1,528 bars  2024-08-14 16:00:00+00:00 -> 2024-11-15 16:00:00+00:00
      fetched 11,527 | +7 new | store 11,705 bars  2024-08-04 -> 2026-08-14

  hour/ask:
      page 1: 10,000 bars  2024-11-15 17:00:00+00:00 -> 2026-08-14 15:00:00+00:00
      page 2:  1,528 bars  2024-08-14 16:00:00+00:00 -> 2024-11-15 16:00:00+00:00
      fetched 11,527 | +7 new | store 11,705 bars  2024-08-04 -> 2026-08-14

  day/mid:
      page 1:  3,773 bars  2012-01-30 00:00:00+00:00 -> 2026-08-14 00:00:00+00:00
      fetched 3,772 | +0 new | store 3,772 bars  2012-01-30 -> 2026-08-13

  day/bid:
      page 1:  3,773 bars  2012-01-30 00:00:00+00:00 -> 2026-08-14 00:00:00+00:00
      fetched 3,772 | +0 new | store 3,772 bars  2012-01-30 -> 2026-08-13

  day/ask:
      page 1:  3,773 bars  2012-01-30 00:00:00+00:00 -> 2026-08-14 00:00:00+00:00
      fetched 3,772 | +0 new | store 3,772 bars  2012-01-30 -> 2026-08-13


=== us30 (id 17322) -> /Users/r.john/git/vc-tx2/data ===
  minute/mid:
      page 1: 10,000 bars  2026-08-05 08:55:00+00:00 -> 2026-08-14 15:06:00+00:00
      page 2: 10,000 bars  2026-07-27 02:44:00+00:00 -> 2026-08-05 08:54:00+00:00
      page 3: 10,000 bars  2026-07-15 19:02:00+00:00 -> 2026-07-27 02:43:00+00:00
      page 4:  1,616 bars  2026-07-14 15:06:00+00:00 -> 2026-07-15 19:01:00+00:00
      fetched 31,615 | +390 new | store 40,889 bars  2026-07-05 -> 2026-08-14

  minute/bid:
      page 1: 10,000 bars  2026-08-05 08:55:00+00:00 -> 2026-08-14 15:06:00+00:00
      page 2: 10,000 bars  2026-07-27 02:44:00+00:00 -> 2026-08-05 08:54:00+00:00
      page 3: 10,000 bars  2026-07-15 19:02:00+00:00 -> 2026-07-27 02:43:00+00:00
      page 4:  1,616 bars  2026-07-14 15:06:00+00:00 -> 2026-07-15 19:01:00+00:00
      fetched 31,615 | +390 new | store 40,889 bars  2026-07-05 -> 2026-08-14

  minute/ask:
      page 1: 10,000 bars  2026-08-05 08:55:00+00:00 -> 2026-08-14 15:06:00+00:00
      page 2: 10,000 bars  2026-07-27 02:44:00+00:00 -> 2026-08-05 08:54:00+00:00
      page 3: 10,000 bars  2026-07-15 19:02:00+00:00 -> 2026-07-27 02:43:00+00:00
      page 4:  1,616 bars  2026-07-14 15:06:00+00:00 -> 2026-07-15 19:01:00+00:00
      fetched 31,615 | +390 new | store 40,889 bars  2026-07-05 -> 2026-08-14

  quarter/mid:
      page 1: 10,000 bars  2026-03-13 15:45:00+00:00 -> 2026-08-14 15:00:00+00:00
      page 2: 10,000 bars  2025-10-08 05:15:00+00:00 -> 2026-03-13 15:30:00+00:00
      page 3:  3,516 bars  2025-08-14 15:15:00+00:00 -> 2025-10-08 05:00:00+00:00
      fetched 23,515 | +26 new | store 24,240 bars  2025-08-04 -> 2026-08-14

  quarter/bid:
      page 1: 10,000 bars  2026-03-13 15:45:00+00:00 -> 2026-08-14 15:00:00+00:00
      page 2: 10,000 bars  2025-10-08 05:15:00+00:00 -> 2026-03-13 15:30:00+00:00
      page 3:  3,516 bars  2025-08-14 15:15:00+00:00 -> 2025-10-08 05:00:00+00:00
      fetched 23,515 | +26 new | store 24,240 bars  2025-08-04 -> 2026-08-14

  quarter/ask:
      page 1: 10,000 bars  2026-03-13 15:45:00+00:00 -> 2026-08-14 15:00:00+00:00
      page 2: 10,000 bars  2025-10-08 05:15:00+00:00 -> 2026-03-13 15:30:00+00:00
      page 3:  3,516 bars  2025-08-14 15:15:00+00:00 -> 2025-10-08 05:00:00+00:00
      fetched 23,515 | +26 new | store 24,240 bars  2025-08-04 -> 2026-08-14

  hour/mid:
      page 1: 10,000 bars  2024-12-03 07:00:00+00:00 -> 2026-08-14 15:00:00+00:00
      page 2:  1,796 bars  2024-08-14 16:00:00+00:00 -> 2024-12-03 06:00:00+00:00
      fetched 11,795 | +7 new | store 11,974 bars  2024-08-04 -> 2026-08-14

  hour/bid:
      page 1: 10,000 bars  2024-12-03 07:00:00+00:00 -> 2026-08-14 15:00:00+00:00
      page 2:  1,796 bars  2024-08-14 16:00:00+00:00 -> 2024-12-03 06:00:00+00:00
      fetched 11,795 | +7 new | store 11,974 bars  2024-08-04 -> 2026-08-14

  hour/ask:
      page 1: 10,000 bars  2024-12-03 07:00:00+00:00 -> 2026-08-14 15:00:00+00:00
      page 2:  1,796 bars  2024-08-14 16:00:00+00:00 -> 2024-12-03 06:00:00+00:00
      fetched 11,795 | +7 new | store 11,974 bars  2024-08-04 -> 2026-08-14

  day/mid:
      page 1:  3,846 bars  2012-03-05 00:00:00+00:00 -> 2026-08-14 00:00:00+00:00
      fetched 3,845 | +0 new | store 3,845 bars  2012-03-05 -> 2026-08-13

  day/bid:
      page 1:  3,846 bars  2012-03-05 00:00:00+00:00 -> 2026-08-14 00:00:00+00:00
      fetched 3,845 | +0 new | store 3,845 bars  2012-03-05 -> 2026-08-13

  day/ask:
      page 1:  3,846 bars  2012-03-05 00:00:00+00:00 -> 2026-08-14 00:00:00+00:00
      fetched 3,845 | +0 new | store 3,845 bars  2012-03-05 -> 2026-08-13


=== ustech100 (id 20190) -> /Users/r.john/git/vc-tx2/data ===
  minute/mid:
      page 1: 10,000 bars  2026-08-05 08:56:00+00:00 -> 2026-08-14 15:06:00+00:00
      page 2: 10,000 bars  2026-07-27 02:45:00+00:00 -> 2026-08-05 08:55:00+00:00
      page 3: 10,000 bars  2026-07-15 19:03:00+00:00 -> 2026-07-27 02:44:00+00:00
      page 4:  1,617 bars  2026-07-14 15:06:00+00:00 -> 2026-07-15 19:02:00+00:00
      fetched 31,616 | +389 new | store 40,890 bars  2026-07-05 -> 2026-08-14

  minute/bid:
      page 1: 10,000 bars  2026-08-05 08:56:00+00:00 -> 2026-08-14 15:06:00+00:00
      page 2: 10,000 bars  2026-07-27 02:45:00+00:00 -> 2026-08-05 08:55:00+00:00
      page 3: 10,000 bars  2026-07-15 19:03:00+00:00 -> 2026-07-27 02:44:00+00:00
      page 4:  1,617 bars  2026-07-14 15:06:00+00:00 -> 2026-07-15 19:02:00+00:00
      fetched 31,616 | +389 new | store 40,890 bars  2026-07-05 -> 2026-08-14

  minute/ask:
      page 1: 10,000 bars  2026-08-05 08:56:00+00:00 -> 2026-08-14 15:06:00+00:00
      page 2: 10,000 bars  2026-07-27 02:45:00+00:00 -> 2026-08-05 08:55:00+00:00
      page 3: 10,000 bars  2026-07-15 19:03:00+00:00 -> 2026-07-27 02:44:00+00:00
      page 4:  1,617 bars  2026-07-14 15:06:00+00:00 -> 2026-07-15 19:02:00+00:00
      fetched 31,616 | +389 new | store 40,890 bars  2026-07-05 -> 2026-08-14

  quarter/mid:
      page 1: 10,000 bars  2026-03-13 16:00:00+00:00 -> 2026-08-14 15:00:00+00:00
      page 2: 10,000 bars  2025-10-08 05:15:00+00:00 -> 2026-03-13 15:45:00+00:00
      page 3:  3,516 bars  2025-08-14 15:15:00+00:00 -> 2025-10-08 05:00:00+00:00
      fetched 23,515 | +26 new | store 24,240 bars  2025-08-04 -> 2026-08-14

  quarter/bid:
      page 1: 10,000 bars  2026-03-13 16:00:00+00:00 -> 2026-08-14 15:00:00+00:00
      page 2: 10,000 bars  2025-10-08 05:15:00+00:00 -> 2026-03-13 15:45:00+00:00
      page 3:  3,516 bars  2025-08-14 15:15:00+00:00 -> 2025-10-08 05:00:00+00:00
      fetched 23,515 | +26 new | store 24,240 bars  2025-08-04 -> 2026-08-14

  quarter/ask:
      page 1: 10,000 bars  2026-03-13 16:00:00+00:00 -> 2026-08-14 15:00:00+00:00
      page 2: 10,000 bars  2025-10-08 05:15:00+00:00 -> 2026-03-13 15:45:00+00:00
      page 3:  3,516 bars  2025-08-14 15:15:00+00:00 -> 2025-10-08 05:00:00+00:00
      fetched 23,515 | +26 new | store 24,240 bars  2025-08-04 -> 2026-08-14

  hour/mid:
      page 1: 10,000 bars  2024-12-03 08:00:00+00:00 -> 2026-08-14 15:00:00+00:00
      page 2:  1,797 bars  2024-08-14 16:00:00+00:00 -> 2024-12-03 07:00:00+00:00
      fetched 11,796 | +7 new | store 11,975 bars  2024-08-04 -> 2026-08-14

  hour/bid:
      page 1: 10,000 bars  2024-12-03 08:00:00+00:00 -> 2026-08-14 15:00:00+00:00
      page 2:  1,797 bars  2024-08-14 16:00:00+00:00 -> 2024-12-03 07:00:00+00:00
      fetched 11,796 | +7 new | store 11,975 bars  2024-08-04 -> 2026-08-14

  hour/ask:
      page 1: 10,000 bars  2024-12-03 08:00:00+00:00 -> 2026-08-14 15:00:00+00:00
      page 2:  1,797 bars  2024-08-14 16:00:00+00:00 -> 2024-12-03 07:00:00+00:00
      fetched 11,796 | +7 new | store 11,975 bars  2024-08-04 -> 2026-08-14

  day/mid:
      page 1:  3,846 bars  2012-03-05 00:00:00+00:00 -> 2026-08-14 00:00:00+00:00
      fetched 3,845 | +0 new | store 3,845 bars  2012-03-05 -> 2026-08-13

  day/bid:
      page 1:  3,846 bars  2012-03-05 00:00:00+00:00 -> 2026-08-14 00:00:00+00:00
      fetched 3,845 | +0 new | store 3,845 bars  2012-03-05 -> 2026-08-13

  day/ask:
      page 1:  3,846 bars  2012-03-05 00:00:00+00:00 -> 2026-08-14 00:00:00+00:00
      fetched 3,845 | +0 new | store 3,845 bars  2012-03-05 -> 2026-08-13


=== us500 (id 67995) -> /Users/r.john/git/vc-tx2/data ===
  minute/mid:
      page 1: 10,000 bars  2026-08-05 08:27:00+00:00 -> 2026-08-14 15:07:00+00:00
      page 2: 10,000 bars  2026-07-27 02:15:00+00:00 -> 2026-08-05 08:26:00+00:00
      page 3: 10,000 bars  2026-07-15 18:29:00+00:00 -> 2026-07-27 02:14:00+00:00
      page 4:  1,582 bars  2026-07-14 15:07:00+00:00 -> 2026-07-15 18:28:00+00:00
      fetched 31,581 | +386 new | store 40,856 bars  2026-07-05 -> 2026-08-14

  minute/bid:
      page 1: 10,000 bars  2026-08-05 08:27:00+00:00 -> 2026-08-14 15:07:00+00:00
      page 2: 10,000 bars  2026-07-27 02:15:00+00:00 -> 2026-08-05 08:26:00+00:00
      page 3: 10,000 bars  2026-07-15 18:29:00+00:00 -> 2026-07-27 02:14:00+00:00
      page 4:  1,582 bars  2026-07-14 15:07:00+00:00 -> 2026-07-15 18:28:00+00:00
      fetched 31,581 | +386 new | store 40,856 bars  2026-07-05 -> 2026-08-14

  minute/ask:
      page 1: 10,000 bars  2026-08-05 08:27:00+00:00 -> 2026-08-14 15:07:00+00:00
      page 2: 10,000 bars  2026-07-27 02:15:00+00:00 -> 2026-08-05 08:26:00+00:00
      page 3: 10,000 bars  2026-07-15 18:29:00+00:00 -> 2026-07-27 02:14:00+00:00
      page 4:  1,582 bars  2026-07-14 15:07:00+00:00 -> 2026-07-15 18:28:00+00:00
      fetched 31,581 | +386 new | store 40,856 bars  2026-07-05 -> 2026-08-14

  quarter/mid:
      page 1: 10,000 bars  2026-03-13 14:45:00+00:00 -> 2026-08-14 15:00:00+00:00
      page 2: 10,000 bars  2025-10-08 04:00:00+00:00 -> 2026-03-13 14:30:00+00:00
      page 3:  3,511 bars  2025-08-14 15:15:00+00:00 -> 2025-10-08 03:45:00+00:00
      fetched 23,510 | +26 new | store 24,233 bars  2025-08-04 -> 2026-08-14

  quarter/bid:
      page 1: 10,000 bars  2026-03-13 14:45:00+00:00 -> 2026-08-14 15:00:00+00:00
      page 2: 10,000 bars  2025-10-08 04:00:00+00:00 -> 2026-03-13 14:30:00+00:00
      page 3:  3,511 bars  2025-08-14 15:15:00+00:00 -> 2025-10-08 03:45:00+00:00
      fetched 23,510 | +26 new | store 24,233 bars  2025-08-04 -> 2026-08-14

  quarter/ask:
      page 1: 10,000 bars  2026-03-13 14:45:00+00:00 -> 2026-08-14 15:00:00+00:00
      page 2: 10,000 bars  2025-10-08 04:00:00+00:00 -> 2026-03-13 14:30:00+00:00
      page 3:  3,511 bars  2025-08-14 15:15:00+00:00 -> 2025-10-08 03:45:00+00:00
      fetched 23,510 | +26 new | store 24,233 bars  2025-08-04 -> 2026-08-14

  hour/mid:
      page 1: 10,000 bars  2024-12-03 07:00:00+00:00 -> 2026-08-14 15:00:00+00:00
      page 2:  1,796 bars  2024-08-14 16:00:00+00:00 -> 2024-12-03 06:00:00+00:00
      fetched 11,795 | +7 new | store 11,974 bars  2024-08-04 -> 2026-08-14

  hour/bid:
      page 1: 10,000 bars  2024-12-03 07:00:00+00:00 -> 2026-08-14 15:00:00+00:00
      page 2:  1,796 bars  2024-08-14 16:00:00+00:00 -> 2024-12-03 06:00:00+00:00
      fetched 11,795 | +7 new | store 11,974 bars  2024-08-04 -> 2026-08-14

  hour/ask:
      page 1: 10,000 bars  2024-12-03 07:00:00+00:00 -> 2026-08-14 15:00:00+00:00
      page 2:  1,796 bars  2024-08-14 16:00:00+00:00 -> 2024-12-03 06:00:00+00:00
      fetched 11,795 | +7 new | store 11,974 bars  2024-08-04 -> 2026-08-14

  day/mid:
      page 1:  3,839 bars  2012-03-13 00:00:00+00:00 -> 2026-08-14 00:00:00+00:00
      fetched 3,838 | +0 new | store 3,838 bars  2012-03-13 -> 2026-08-13

  day/bid:
      page 1:  3,839 bars  2012-03-13 00:00:00+00:00 -> 2026-08-14 00:00:00+00:00
      fetched 3,838 | +0 new | store 3,838 bars  2012-03-13 -> 2026-08-13

  day/ask:
      page 1:  3,839 bars  2012-03-13 00:00:00+00:00 -> 2026-08-14 00:00:00+00:00
      fetched 3,838 | +0 new | store 3,838 bars  2012-03-13 -> 2026-08-13


=== gold (id 68924) -> /Users/r.john/git/vc-tx2/data ===
  minute/mid:
      page 1: 10,000 bars  2026-08-05 09:19:00+00:00 -> 2026-08-14 15:07:00+00:00
      page 2: 10,000 bars  2026-07-27 03:30:00+00:00 -> 2026-08-05 09:18:00+00:00
      page 3: 10,000 bars  2026-07-15 20:34:00+00:00 -> 2026-07-27 03:29:00+00:00
      page 4:  1,706 bars  2026-07-14 15:07:00+00:00 -> 2026-07-15 20:33:00+00:00
      fetched 31,705 | +389 new | store 41,003 bars  2026-07-05 -> 2026-08-14

  minute/bid:
      page 1: 10,000 bars  2026-08-05 09:19:00+00:00 -> 2026-08-14 15:07:00+00:00
      page 2: 10,000 bars  2026-07-27 03:30:00+00:00 -> 2026-08-05 09:18:00+00:00
      page 3: 10,000 bars  2026-07-15 20:34:00+00:00 -> 2026-07-27 03:29:00+00:00
      page 4:  1,706 bars  2026-07-14 15:07:00+00:00 -> 2026-07-15 20:33:00+00:00
      fetched 31,705 | +389 new | store 41,003 bars  2026-07-05 -> 2026-08-14

  minute/ask:
      page 1: 10,000 bars  2026-08-05 09:19:00+00:00 -> 2026-08-14 15:07:00+00:00
      page 2: 10,000 bars  2026-07-27 03:30:00+00:00 -> 2026-08-05 09:18:00+00:00
      page 3: 10,000 bars  2026-07-15 20:34:00+00:00 -> 2026-07-27 03:29:00+00:00
      page 4:  1,706 bars  2026-07-14 15:07:00+00:00 -> 2026-07-15 20:33:00+00:00
      fetched 31,705 | +389 new | store 41,003 bars  2026-07-05 -> 2026-08-14

  quarter/mid:
      page 1: 10,000 bars  2026-03-13 11:45:00+00:00 -> 2026-08-14 15:00:00+00:00
      page 2: 10,000 bars  2025-10-09 05:00:00+00:00 -> 2026-03-13 11:30:00+00:00
      page 3:  3,629 bars  2025-08-14 15:15:00+00:00 -> 2025-10-09 04:45:00+00:00
      fetched 23,628 | +26 new | store 24,355 bars  2025-08-04 -> 2026-08-14

  quarter/bid:
      page 1: 10,000 bars  2026-03-13 11:45:00+00:00 -> 2026-08-14 15:00:00+00:00
      page 2: 10,000 bars  2025-10-09 05:00:00+00:00 -> 2026-03-13 11:30:00+00:00
      page 3:  3,629 bars  2025-08-14 15:15:00+00:00 -> 2025-10-09 04:45:00+00:00
      fetched 23,628 | +26 new | store 24,355 bars  2025-08-04 -> 2026-08-14

  quarter/ask:
      page 1: 10,000 bars  2026-03-13 11:45:00+00:00 -> 2026-08-14 15:00:00+00:00
      page 2: 10,000 bars  2025-10-09 05:00:00+00:00 -> 2026-03-13 11:30:00+00:00
      page 3:  3,629 bars  2025-08-14 15:15:00+00:00 -> 2025-10-09 04:45:00+00:00
      fetched 23,628 | +26 new | store 24,355 bars  2025-08-04 -> 2026-08-14

  hour/mid:
      page 1: 10,000 bars  2024-12-04 07:00:00+00:00 -> 2026-08-14 15:00:00+00:00
      page 2:  1,822 bars  2024-08-14 16:00:00+00:00 -> 2024-12-04 06:00:00+00:00
      fetched 11,821 | +7 new | store 12,000 bars  2024-08-04 -> 2026-08-14

  hour/bid:
      page 1: 10,000 bars  2024-12-04 07:00:00+00:00 -> 2026-08-14 15:00:00+00:00
      page 2:  1,822 bars  2024-08-14 16:00:00+00:00 -> 2024-12-04 06:00:00+00:00
      fetched 11,821 | +7 new | store 12,000 bars  2024-08-04 -> 2026-08-14

  hour/ask:
      page 1: 10,000 bars  2024-12-04 07:00:00+00:00 -> 2026-08-14 15:00:00+00:00
      page 2:  1,822 bars  2024-08-14 16:00:00+00:00 -> 2024-12-04 06:00:00+00:00
      fetched 11,821 | +7 new | store 12,000 bars  2024-08-04 -> 2026-08-14

  day/mid:
      page 1:  3,844 bars  2011-12-30 00:00:00+00:00 -> 2026-08-14 00:00:00+00:00
      fetched 3,843 | +0 new | store 3,843 bars  2011-12-30 -> 2026-08-13

  day/bid:
      page 1:  3,844 bars  2011-12-30 00:00:00+00:00 -> 2026-08-14 00:00:00+00:00
      fetched 3,843 | +0 new | store 3,843 bars  2011-12-30 -> 2026-08-13

  day/ask:
      page 1:  3,844 bars  2011-12-30 00:00:00+00:00 -> 2026-08-14 00:00:00+00:00
      fetched 3,843 | +0 new | store 3,843 bars  2011-12-30 -> 2026-08-13


=== goldvar (id 72302) -> /Users/r.john/git/vc-tx2/data ===
  minute/mid:
      page 1: 10,000 bars  2026-08-05 09:20:00+00:00 -> 2026-08-14 15:08:00+00:00
      page 2: 10,000 bars  2026-07-27 03:31:00+00:00 -> 2026-08-05 09:19:00+00:00
      page 3: 10,000 bars  2026-07-15 20:35:00+00:00 -> 2026-07-27 03:30:00+00:00
      page 4:  1,707 bars  2026-07-14 15:07:00+00:00 -> 2026-07-15 20:34:00+00:00
      fetched 31,706 | +390 new | store 41,004 bars  2026-07-05 -> 2026-08-14

  minute/bid:
      page 1: 10,000 bars  2026-08-05 09:20:00+00:00 -> 2026-08-14 15:08:00+00:00
      page 2: 10,000 bars  2026-07-27 03:31:00+00:00 -> 2026-08-05 09:19:00+00:00
      page 3: 10,000 bars  2026-07-15 20:35:00+00:00 -> 2026-07-27 03:30:00+00:00
      page 4:  1,706 bars  2026-07-14 15:08:00+00:00 -> 2026-07-15 20:34:00+00:00
      fetched 31,705 | +390 new | store 41,004 bars  2026-07-05 -> 2026-08-14

  minute/ask:
      page 1: 10,000 bars  2026-08-05 09:20:00+00:00 -> 2026-08-14 15:08:00+00:00
      page 2: 10,000 bars  2026-07-27 03:31:00+00:00 -> 2026-08-05 09:19:00+00:00
      page 3: 10,000 bars  2026-07-15 20:35:00+00:00 -> 2026-07-27 03:30:00+00:00
      page 4:  1,706 bars  2026-07-14 15:08:00+00:00 -> 2026-07-15 20:34:00+00:00
      fetched 31,705 | +390 new | store 41,004 bars  2026-07-05 -> 2026-08-14

  quarter/mid:
      page 1: 10,000 bars  2026-03-13 11:45:00+00:00 -> 2026-08-14 15:00:00+00:00
      page 2: 10,000 bars  2025-10-09 05:00:00+00:00 -> 2026-03-13 11:30:00+00:00
      page 3:  3,629 bars  2025-08-14 15:15:00+00:00 -> 2025-10-09 04:45:00+00:00
      fetched 23,628 | +26 new | store 24,355 bars  2025-08-04 -> 2026-08-14

  quarter/bid:
      page 1: 10,000 bars  2026-03-13 11:45:00+00:00 -> 2026-08-14 15:00:00+00:00
      page 2: 10,000 bars  2025-10-09 05:00:00+00:00 -> 2026-03-13 11:30:00+00:00
      page 3:  3,629 bars  2025-08-14 15:15:00+00:00 -> 2025-10-09 04:45:00+00:00
      fetched 23,628 | +26 new | store 24,355 bars  2025-08-04 -> 2026-08-14

  quarter/ask:
      page 1: 10,000 bars  2026-03-13 11:45:00+00:00 -> 2026-08-14 15:00:00+00:00
      page 2: 10,000 bars  2025-10-09 05:00:00+00:00 -> 2026-03-13 11:30:00+00:00
      page 3:  3,629 bars  2025-08-14 15:15:00+00:00 -> 2025-10-09 04:45:00+00:00
      fetched 23,628 | +26 new | store 24,355 bars  2025-08-04 -> 2026-08-14

  hour/mid:
      page 1: 10,000 bars  2024-12-04 07:00:00+00:00 -> 2026-08-14 15:00:00+00:00
      page 2:  1,822 bars  2024-08-14 16:00:00+00:00 -> 2024-12-04 06:00:00+00:00
      fetched 11,821 | +7 new | store 12,000 bars  2024-08-04 -> 2026-08-14

  hour/bid:
      page 1: 10,000 bars  2024-12-04 07:00:00+00:00 -> 2026-08-14 15:00:00+00:00
      page 2:  1,822 bars  2024-08-14 16:00:00+00:00 -> 2024-12-04 06:00:00+00:00
      fetched 11,821 | +7 new | store 12,000 bars  2024-08-04 -> 2026-08-14

  hour/ask:
      page 1: 10,000 bars  2024-12-04 07:00:00+00:00 -> 2026-08-14 15:00:00+00:00
      page 2:  1,822 bars  2024-08-14 16:00:00+00:00 -> 2024-12-04 06:00:00+00:00
      fetched 11,821 | +7 new | store 12,000 bars  2024-08-04 -> 2026-08-14

  day/mid:
      page 1:  3,844 bars  2011-12-30 00:00:00+00:00 -> 2026-08-14 00:00:00+00:00
      fetched 3,843 | +0 new | store 3,843 bars  2011-12-30 -> 2026-08-13

  day/bid:
      page 1:  3,844 bars  2011-12-30 00:00:00+00:00 -> 2026-08-14 00:00:00+00:00
      fetched 3,843 | +0 new | store 3,843 bars  2011-12-30 -> 2026-08-13

  day/ask:
      page 1:  3,844 bars  2011-12-30 00:00:00+00:00 -> 2026-08-14 00:00:00+00:00
      fetched 3,843 | +0 new | store 3,843 bars  2011-12-30 -> 2026-08-13


=== eurusd (id 16635) -> /Users/r.john/git/vc-tx2/data ===
  minute/mid:
      page 1: 10,000 bars  2026-08-05 14:46:00+00:00 -> 2026-08-14 15:08:00+00:00
      page 2: 10,000 bars  2026-07-27 15:12:00+00:00 -> 2026-08-05 14:45:00+00:00
      page 3: 10,000 bars  2026-07-16 15:03:00+00:00 -> 2026-07-27 15:11:00+00:00
      page 4:  2,854 bars  2026-07-14 15:08:00+00:00 -> 2026-07-16 15:02:00+00:00
      fetched 32,853 | +389 new | store 42,499 bars  2026-07-05 -> 2026-08-14

  minute/bid:
      page 1: 10,000 bars  2026-08-05 14:46:00+00:00 -> 2026-08-14 15:08:00+00:00
      page 2: 10,000 bars  2026-07-27 15:12:00+00:00 -> 2026-08-05 14:45:00+00:00
      page 3: 10,000 bars  2026-07-16 15:03:00+00:00 -> 2026-07-27 15:11:00+00:00
      page 4:  2,854 bars  2026-07-14 15:08:00+00:00 -> 2026-07-16 15:02:00+00:00
      fetched 32,853 | +389 new | store 42,499 bars  2026-07-05 -> 2026-08-14

  minute/ask:
      page 1: 10,000 bars  2026-08-05 14:46:00+00:00 -> 2026-08-14 15:08:00+00:00
      page 2: 10,000 bars  2026-07-27 15:12:00+00:00 -> 2026-08-05 14:45:00+00:00
      page 3: 10,000 bars  2026-07-16 15:03:00+00:00 -> 2026-07-27 15:11:00+00:00
      page 4:  2,854 bars  2026-07-14 15:08:00+00:00 -> 2026-07-16 15:02:00+00:00
      fetched 32,853 | +389 new | store 42,499 bars  2026-07-05 -> 2026-08-14

  quarter/mid:
      page 1: 10,000 bars  2026-03-23 02:30:00+00:00 -> 2026-08-14 15:00:00+00:00
      page 2: 10,000 bars  2025-10-23 19:15:00+00:00 -> 2026-03-23 02:15:00+00:00
      page 3:  4,816 bars  2025-08-14 15:15:00+00:00 -> 2025-10-23 19:00:00+00:00
      fetched 24,815 | +26 new | store 25,574 bars  2025-08-04 -> 2026-08-14

  quarter/bid:
      page 1: 10,000 bars  2026-03-23 02:30:00+00:00 -> 2026-08-14 15:00:00+00:00
      page 2: 10,000 bars  2025-10-23 19:15:00+00:00 -> 2026-03-23 02:15:00+00:00
      page 3:  4,816 bars  2025-08-14 15:15:00+00:00 -> 2025-10-23 19:00:00+00:00
      fetched 24,815 | +26 new | store 25,574 bars  2025-08-04 -> 2026-08-14

  quarter/ask:
      page 1: 10,000 bars  2026-03-23 02:30:00+00:00 -> 2026-08-14 15:00:00+00:00
      page 2: 10,000 bars  2025-10-23 19:15:00+00:00 -> 2026-03-23 02:15:00+00:00
      page 3:  4,816 bars  2025-08-14 15:15:00+00:00 -> 2025-10-23 19:00:00+00:00
      fetched 24,815 | +26 new | store 25,574 bars  2025-08-04 -> 2026-08-14

  hour/mid:
      page 1: 10,000 bars  2025-01-03 14:00:00+00:00 -> 2026-08-14 15:00:00+00:00
      page 2:  2,394 bars  2024-08-14 16:00:00+00:00 -> 2025-01-03 13:00:00+00:00
      fetched 12,393 | +7 new | store 12,580 bars  2024-08-04 -> 2026-08-14

  hour/bid:
      page 1: 10,000 bars  2025-01-03 14:00:00+00:00 -> 2026-08-14 15:00:00+00:00
      page 2:  2,394 bars  2024-08-14 16:00:00+00:00 -> 2025-01-03 13:00:00+00:00
      fetched 12,393 | +7 new | store 12,580 bars  2024-08-04 -> 2026-08-14

  hour/ask:
      page 1: 10,000 bars  2025-01-03 14:00:00+00:00 -> 2026-08-14 15:00:00+00:00
      page 2:  2,394 bars  2024-08-14 16:00:00+00:00 -> 2025-01-03 13:00:00+00:00
      fetched 12,393 | +7 new | store 12,580 bars  2024-08-04 -> 2026-08-14

  day/mid:
      page 1:  7,447 bars  1999-01-04 00:00:00+00:00 -> 2026-08-14 00:00:00+00:00
      fetched 7,446 | +0 new | store 7,446 bars  1999-01-04 -> 2026-08-13

  day/bid:
      page 1:  7,447 bars  1999-01-04 00:00:00+00:00 -> 2026-08-14 00:00:00+00:00
      fetched 7,446 | +0 new | store 7,446 bars  1999-01-04 -> 2026-08-13

  day/ask:
      page 1:  7,447 bars  1999-01-04 00:00:00+00:00 -> 2026-08-14 00:00:00+00:00
      fetched 7,446 | +0 new | store 7,446 bars  1999-01-04 -> 2026-08-13


=== uk100fut (id 70152) -> /Users/r.john/git/vc-tx2/data ===
  minute/mid:
      page 1: 10,000 bars  2026-08-05 05:39:00+00:00 -> 2026-08-14 15:09:00+00:00
      page 2: 10,000 bars  2026-07-24 18:45:00+00:00 -> 2026-08-05 05:38:00+00:00
      page 3: 10,000 bars  2026-07-15 09:20:00+00:00 -> 2026-07-24 18:44:00+00:00
      page 4:  1,012 bars  2026-07-14 15:08:00+00:00 -> 2026-07-15 09:19:00+00:00
      fetched 31,011 | +390 new | store 33,394 bars  2026-07-12 -> 2026-08-14

  minute/bid:
      page 1: 10,000 bars  2026-08-05 05:39:00+00:00 -> 2026-08-14 15:09:00+00:00
      page 2: 10,000 bars  2026-07-24 18:45:00+00:00 -> 2026-08-05 05:38:00+00:00
      page 3: 10,000 bars  2026-07-15 09:20:00+00:00 -> 2026-07-24 18:44:00+00:00
      page 4:  1,011 bars  2026-07-14 15:09:00+00:00 -> 2026-07-15 09:19:00+00:00
      fetched 31,010 | +390 new | store 33,394 bars  2026-07-12 -> 2026-08-14

  minute/ask:
      page 1: 10,000 bars  2026-08-05 05:39:00+00:00 -> 2026-08-14 15:09:00+00:00
      page 2: 10,000 bars  2026-07-24 18:45:00+00:00 -> 2026-08-05 05:38:00+00:00
      page 3: 10,000 bars  2026-07-15 09:20:00+00:00 -> 2026-07-24 18:44:00+00:00
      page 4:  1,011 bars  2026-07-14 15:09:00+00:00 -> 2026-07-15 09:19:00+00:00
      fetched 31,010 | +390 new | store 33,394 bars  2026-07-12 -> 2026-08-14

  quarter/mid:
      page 1: 10,000 bars  2026-03-09 01:00:00+00:00 -> 2026-08-14 15:00:00+00:00
      page 2: 10,000 bars  2025-09-29 10:45:00+00:00 -> 2026-03-09 00:45:00+00:00
      page 3:  2,771 bars  2025-08-14 15:15:00+00:00 -> 2025-09-29 10:30:00+00:00
      fetched 22,770 | +26 new | store 23,112 bars  2025-08-10 -> 2026-08-14

  quarter/bid:
      page 1: 10,000 bars  2026-03-09 01:00:00+00:00 -> 2026-08-14 15:00:00+00:00
      page 2: 10,000 bars  2025-09-29 10:45:00+00:00 -> 2026-03-09 00:45:00+00:00
      page 3:  2,771 bars  2025-08-14 15:15:00+00:00 -> 2025-09-29 10:30:00+00:00
      fetched 22,770 | +26 new | store 23,112 bars  2025-08-10 -> 2026-08-14

  quarter/ask:
      page 1: 10,000 bars  2026-03-09 01:00:00+00:00 -> 2026-08-14 15:00:00+00:00
      page 2: 10,000 bars  2025-09-29 10:45:00+00:00 -> 2026-03-09 00:45:00+00:00
      page 3:  2,771 bars  2025-08-14 15:15:00+00:00 -> 2025-09-29 10:30:00+00:00
      fetched 22,770 | +26 new | store 23,112 bars  2025-08-10 -> 2026-08-14

  hour/mid:
      page 1: 10,000 bars  2024-11-14 03:00:00+00:00 -> 2026-08-14 15:00:00+00:00
      page 2:  1,466 bars  2024-08-14 16:00:00+00:00 -> 2024-11-14 02:00:00+00:00
      fetched 11,465 | +7 new | store 11,529 bars  2024-08-11 -> 2026-08-14

  hour/bid:
      page 1: 10,000 bars  2024-11-14 03:00:00+00:00 -> 2026-08-14 15:00:00+00:00
      page 2:  1,466 bars  2024-08-14 16:00:00+00:00 -> 2024-11-14 02:00:00+00:00
      fetched 11,465 | +7 new | store 11,529 bars  2024-08-11 -> 2026-08-14

  hour/ask:
      page 1: 10,000 bars  2024-11-14 03:00:00+00:00 -> 2026-08-14 15:00:00+00:00
      page 2:  1,466 bars  2024-08-14 16:00:00+00:00 -> 2024-11-14 02:00:00+00:00
      fetched 11,465 | +7 new | store 11,529 bars  2024-08-11 -> 2026-08-14

  day/mid:
      page 1:  1,291 bars  2021-07-05 00:00:00+00:00 -> 2026-08-14 00:00:00+00:00
      fetched 1,290 | +0 new | store 1,290 bars  2021-07-05 -> 2026-08-13

  day/bid:
      page 1:  1,291 bars  2021-07-05 00:00:00+00:00 -> 2026-08-14 00:00:00+00:00
      fetched 1,290 | +0 new | store 1,290 bars  2021-07-05 -> 2026-08-13  !! {'open_outside_hl': 1}

  day/ask:
      page 1:  1,291 bars  2021-07-05 00:00:00+00:00 -> 2026-08-14 00:00:00+00:00
      fetched 1,290 | +0 new | store 1,290 bars  2021-07-05 -> 2026-08-13  !! {'close_outside_hl': 1}


=== uk100sep26 (id 72516) -> /Users/r.john/git/vc-tx2/data ===
  minute/mid:
      page 1: 10,000 bars  2026-08-05 05:39:00+00:00 -> 2026-08-14 15:09:00+00:00
      page 2: 10,000 bars  2026-07-24 18:45:00+00:00 -> 2026-08-05 05:38:00+00:00
      page 3: 10,000 bars  2026-07-15 09:20:00+00:00 -> 2026-07-24 18:44:00+00:00
      page 4:  1,011 bars  2026-07-14 15:09:00+00:00 -> 2026-07-15 09:19:00+00:00
      fetched 31,010 | +389 new | store 33,394 bars  2026-07-12 -> 2026-08-14

  minute/bid:
      page 1: 10,000 bars  2026-08-05 05:39:00+00:00 -> 2026-08-14 15:09:00+00:00
      page 2: 10,000 bars  2026-07-24 18:45:00+00:00 -> 2026-08-05 05:38:00+00:00
      page 3: 10,000 bars  2026-07-15 09:20:00+00:00 -> 2026-07-24 18:44:00+00:00
      page 4:  1,011 bars  2026-07-14 15:09:00+00:00 -> 2026-07-15 09:19:00+00:00
      fetched 31,010 | +389 new | store 33,394 bars  2026-07-12 -> 2026-08-14

  minute/ask:
      page 1: 10,000 bars  2026-08-05 05:39:00+00:00 -> 2026-08-14 15:09:00+00:00
      page 2: 10,000 bars  2026-07-24 18:45:00+00:00 -> 2026-08-05 05:38:00+00:00
      page 3: 10,000 bars  2026-07-15 09:20:00+00:00 -> 2026-07-24 18:44:00+00:00
      page 4:  1,011 bars  2026-07-14 15:09:00+00:00 -> 2026-07-15 09:19:00+00:00
      fetched 31,010 | +389 new | store 33,394 bars  2026-07-12 -> 2026-08-14

  quarter/mid:
      page 1:  4,148 bars  2026-06-11 17:30:00+00:00 -> 2026-08-14 15:00:00+00:00
      fetched 4,147 | +26 new | store 4,147 bars  2026-06-11 -> 2026-08-14

  quarter/bid:
      page 1:  4,148 bars  2026-06-11 17:30:00+00:00 -> 2026-08-14 15:00:00+00:00
      fetched 4,147 | +26 new | store 4,147 bars  2026-06-11 -> 2026-08-14

  quarter/ask:
      page 1:  4,148 bars  2026-06-11 17:30:00+00:00 -> 2026-08-14 15:00:00+00:00
      fetched 4,147 | +26 new | store 4,147 bars  2026-06-11 -> 2026-08-14

  hour/mid:
      page 1:  1,048 bars  2026-06-11 17:00:00+00:00 -> 2026-08-14 15:00:00+00:00
      fetched 1,047 | +7 new | store 1,047 bars  2026-06-11 -> 2026-08-14

  hour/bid:
      page 1:  1,048 bars  2026-06-11 17:00:00+00:00 -> 2026-08-14 15:00:00+00:00
      fetched 1,047 | +7 new | store 1,047 bars  2026-06-11 -> 2026-08-14

  hour/ask:
      page 1:  1,048 bars  2026-06-11 17:00:00+00:00 -> 2026-08-14 15:00:00+00:00
      fetched 1,047 | +7 new | store 1,047 bars  2026-06-11 -> 2026-08-14

  day/mid:
      page 1:     47 bars  2026-06-11 00:00:00+00:00 -> 2026-08-14 00:00:00+00:00
      fetched 46 | +0 new | store 46 bars  2026-06-11 -> 2026-08-13

  day/bid:
      page 1:     47 bars  2026-06-11 00:00:00+00:00 -> 2026-08-14 00:00:00+00:00
      fetched 46 | +0 new | store 46 bars  2026-06-11 -> 2026-08-13

  day/ask:
      page 1:     47 bars  2026-06-11 00:00:00+00:00 -> 2026-08-14 00:00:00+00:00
      fetched 46 | +0 new | store 46 bars  2026-06-11 -> 2026-08-13


Done. `python3 collect.py status` for a summary.
     instr    feed side  bars       from         to  sessions  vol=0 %        last sync
     uk100  minute  mid 40379 2026-07-03 2026-08-14        37      0.0 2026-08-14T15:05
     uk100  minute  bid 40379 2026-07-03 2026-08-14        37      0.0 2026-08-14T15:05
     uk100  minute  ask 40379 2026-07-03 2026-08-14        37      0.0 2026-08-14T15:05
     uk100 quarter  mid 23565 2025-08-03 2026-08-14       312      0.0 2026-08-14T15:05
     uk100 quarter  bid 23565 2025-08-03 2026-08-14       312      0.0 2026-08-14T15:05
     uk100 quarter  ask 23565 2025-08-03 2026-08-14       312      0.0 2026-08-14T15:05
     uk100    hour  mid 11654 2024-08-04 2026-08-14       614      0.0 2026-08-14T15:05
     uk100    hour  bid 11654 2024-08-04 2026-08-14       614      0.0 2026-08-14T15:05
     uk100    hour  ask 11654 2024-08-04 2026-08-14       614      0.0 2026-08-14T15:05
     uk100     day  mid  3753 2012-03-26 2026-08-13      3753     59.8 2026-08-14T15:05
     uk100     day  bid  3753 2012-03-26 2026-08-13      3753     59.8 2026-08-14T15:05
     uk100     day  ask  3753 2012-03-26 2026-08-13      3753     59.8 2026-08-14T15:05
     ger40  minute  mid 40207 2026-07-05 2026-08-14        36      0.0 2026-08-14T15:05
     ger40  minute  bid 40207 2026-07-05 2026-08-14        36      0.0 2026-08-14T15:06
     ger40  minute  ask 40207 2026-07-05 2026-08-14        36      0.0 2026-08-14T15:06
     ger40 quarter  mid 23598 2025-08-04 2026-08-14       315      0.0 2026-08-14T15:06
     ger40 quarter  bid 23598 2025-08-04 2026-08-14       315      0.0 2026-08-14T15:06
     ger40 quarter  ask 23598 2025-08-04 2026-08-14       315      0.0 2026-08-14T15:06
     ger40    hour  mid 11705 2024-08-04 2026-08-14       622      0.0 2026-08-14T15:06
     ger40    hour  bid 11705 2024-08-04 2026-08-14       622      0.0 2026-08-14T15:06
     ger40    hour  ask 11705 2024-08-04 2026-08-14       622      0.0 2026-08-14T15:06
     ger40     day  mid  3772 2012-01-30 2026-08-13      3772     60.2 2026-08-14T15:06
     ger40     day  bid  3772 2012-01-30 2026-08-13      3772     60.2 2026-08-14T15:06
     ger40     day  ask  3772 2012-01-30 2026-08-13      3772     60.2 2026-08-14T15:06
      us30  minute  mid 40889 2026-07-05 2026-08-14        36      0.0 2026-08-14T15:06
      us30  minute  bid 40889 2026-07-05 2026-08-14        36      0.0 2026-08-14T15:06
      us30  minute  ask 40889 2026-07-05 2026-08-14        36      0.0 2026-08-14T15:06
      us30 quarter  mid 24240 2025-08-04 2026-08-14       323      0.0 2026-08-14T15:06
      us30 quarter  bid 24240 2025-08-04 2026-08-14       323      0.0 2026-08-14T15:06
      us30 quarter  ask 24240 2025-08-04 2026-08-14       323      0.0 2026-08-14T15:06
      us30    hour  mid 11974 2024-08-04 2026-08-14       635      0.0 2026-08-14T15:06
      us30    hour  bid 11974 2024-08-04 2026-08-14       635      0.0 2026-08-14T15:06
      us30    hour  ask 11974 2024-08-04 2026-08-14       635      0.0 2026-08-14T15:06
      us30     day  mid  3845 2012-03-05 2026-08-13      3845     60.9 2026-08-14T15:06
      us30     day  bid  3845 2012-03-05 2026-08-13      3845     60.9 2026-08-14T15:06
      us30     day  ask  3845 2012-03-05 2026-08-13      3845     60.9 2026-08-14T15:06
 ustech100  minute  mid 40890 2026-07-05 2026-08-14        36      0.0 2026-08-14T15:06
 ustech100  minute  bid 40890 2026-07-05 2026-08-14        36      0.0 2026-08-14T15:06
 ustech100  minute  ask 40890 2026-07-05 2026-08-14        36      0.0 2026-08-14T15:06
 ustech100 quarter  mid 24240 2025-08-04 2026-08-14       323      0.0 2026-08-14T15:07
 ustech100 quarter  bid 24240 2025-08-04 2026-08-14       323      0.0 2026-08-14T15:07
 ustech100 quarter  ask 24240 2025-08-04 2026-08-14       323      0.0 2026-08-14T15:07
 ustech100    hour  mid 11975 2024-08-04 2026-08-14       635      0.0 2026-08-14T15:07
 ustech100    hour  bid 11975 2024-08-04 2026-08-14       635      0.0 2026-08-14T15:07
 ustech100    hour  ask 11975 2024-08-04 2026-08-14       635      0.0 2026-08-14T15:07
 ustech100     day  mid  3845 2012-03-05 2026-08-13      3845     60.9 2026-08-14T15:07
 ustech100     day  bid  3845 2012-03-05 2026-08-13      3845     60.9 2026-08-14T15:07
 ustech100     day  ask  3845 2012-03-05 2026-08-13      3845     60.9 2026-08-14T15:07
     us500  minute  mid 40856 2026-07-05 2026-08-14        36      0.0 2026-08-14T15:07
     us500  minute  bid 40856 2026-07-05 2026-08-14        36      0.0 2026-08-14T15:07
     us500  minute  ask 40856 2026-07-05 2026-08-14        36      0.0 2026-08-14T15:07
     us500 quarter  mid 24233 2025-08-04 2026-08-14       323      0.0 2026-08-14T15:07
     us500 quarter  bid 24233 2025-08-04 2026-08-14       323      0.0 2026-08-14T15:07
     us500 quarter  ask 24233 2025-08-04 2026-08-14       323      0.0 2026-08-14T15:07
     us500    hour  mid 11974 2024-08-04 2026-08-14       635      0.0 2026-08-14T15:07
     us500    hour  bid 11974 2024-08-04 2026-08-14       635      0.0 2026-08-14T15:07
     us500    hour  ask 11974 2024-08-04 2026-08-14       635      0.0 2026-08-14T15:07
     us500     day  mid  3838 2012-03-13 2026-08-13      3838     60.8 2026-08-14T15:07
     us500     day  bid  3838 2012-03-13 2026-08-13      3838     60.8 2026-08-14T15:07
     us500     day  ask  3838 2012-03-13 2026-08-13      3838     60.8 2026-08-14T15:07
      gold  minute  mid 41003 2026-07-05 2026-08-14        36      0.0 2026-08-14T15:07
      gold  minute  bid 41003 2026-07-05 2026-08-14        36      0.0 2026-08-14T15:07
      gold  minute  ask 41003 2026-07-05 2026-08-14        36      0.0 2026-08-14T15:07
      gold quarter  mid 24355 2025-08-04 2026-08-14       322      0.0 2026-08-14T15:07
      gold quarter  bid 24355 2025-08-04 2026-08-14       322      0.0 2026-08-14T15:07
      gold quarter  ask 24355 2025-08-04 2026-08-14       322      0.0 2026-08-14T15:08
      gold    hour  mid 12000 2024-08-04 2026-08-14       634      0.0 2026-08-14T15:08
      gold    hour  bid 12000 2024-08-04 2026-08-14       634      0.0 2026-08-14T15:08
      gold    hour  ask 12000 2024-08-04 2026-08-14       634      0.0 2026-08-14T15:08
      gold     day  mid  3843 2011-12-30 2026-08-13      3843     60.9 2026-08-14T15:08
      gold     day  bid  3843 2011-12-30 2026-08-13      3843     60.9 2026-08-14T15:08
      gold     day  ask  3843 2011-12-30 2026-08-13      3843     60.9 2026-08-14T15:08
   goldvar  minute  mid 41004 2026-07-05 2026-08-14        36      0.0 2026-08-14T15:08
   goldvar  minute  bid 41004 2026-07-05 2026-08-14        36      0.0 2026-08-14T15:08
   goldvar  minute  ask 41004 2026-07-05 2026-08-14        36      0.0 2026-08-14T15:08
   goldvar quarter  mid 24355 2025-08-04 2026-08-14       322      0.0 2026-08-14T15:08
   goldvar quarter  bid 24355 2025-08-04 2026-08-14       322      0.0 2026-08-14T15:08
   goldvar quarter  ask 24355 2025-08-04 2026-08-14       322      0.0 2026-08-14T15:08
   goldvar    hour  mid 12000 2024-08-04 2026-08-14       634      0.0 2026-08-14T15:08
   goldvar    hour  bid 12000 2024-08-04 2026-08-14       634      0.0 2026-08-14T15:08
   goldvar    hour  ask 12000 2024-08-04 2026-08-14       634      0.0 2026-08-14T15:08
   goldvar     day  mid  3843 2011-12-30 2026-08-13      3843     60.9 2026-08-14T15:08
   goldvar     day  bid  3843 2011-12-30 2026-08-13      3843     60.9 2026-08-14T15:08
   goldvar     day  ask  3843 2011-12-30 2026-08-13      3843     60.9 2026-08-14T15:08
    eurusd  minute  mid 42499 2026-07-05 2026-08-14        36      0.0 2026-08-14T15:08
    eurusd  minute  bid 42499 2026-07-05 2026-08-14        36      0.0 2026-08-14T15:08
    eurusd  minute  ask 42499 2026-07-05 2026-08-14        36      0.0 2026-08-14T15:08
    eurusd quarter  mid 25574 2025-08-04 2026-08-14       323      0.0 2026-08-14T15:08
    eurusd quarter  bid 25574 2025-08-04 2026-08-14       323      0.0 2026-08-14T15:08
    eurusd quarter  ask 25574 2025-08-04 2026-08-14       323      0.0 2026-08-14T15:08
    eurusd    hour  mid 12580 2024-08-04 2026-08-14       635      0.0 2026-08-14T15:09
    eurusd    hour  bid 12580 2024-08-04 2026-08-14       635      0.0 2026-08-14T15:09
    eurusd    hour  ask 12580 2024-08-04 2026-08-14       635      0.0 2026-08-14T15:09
    eurusd     day  mid  7446 1999-01-04 2026-08-13      7446     79.3 2026-08-14T15:09
    eurusd     day  bid  7446 1999-01-04 2026-08-13      7446     79.3 2026-08-14T15:09
    eurusd     day  ask  7446 1999-01-04 2026-08-13      7446     79.3 2026-08-14T15:09
  uk100fut  minute  mid 33394 2026-07-12 2026-08-14        30      0.0 2026-08-14T15:09
  uk100fut  minute  bid 33394 2026-07-12 2026-08-14        30      0.0 2026-08-14T15:09
  uk100fut  minute  ask 33394 2026-07-12 2026-08-14        30      0.0 2026-08-14T15:09
  uk100fut quarter  mid 23112 2025-08-10 2026-08-14       307      0.0 2026-08-14T15:09
  uk100fut quarter  bid 23112 2025-08-10 2026-08-14       307      0.0 2026-08-14T15:09
  uk100fut quarter  ask 23112 2025-08-10 2026-08-14       307      0.0 2026-08-14T15:09
  uk100fut    hour  mid 11529 2024-08-11 2026-08-14       606      0.0 2026-08-14T15:09
  uk100fut    hour  bid 11529 2024-08-11 2026-08-14       606      0.0 2026-08-14T15:09
  uk100fut    hour  ask 11529 2024-08-11 2026-08-14       606      0.0 2026-08-14T15:09
  uk100fut     day  mid  1290 2021-07-05 2026-08-13      1290     49.5 2026-08-14T15:09
  uk100fut     day  bid  1290 2021-07-05 2026-08-13      1290     49.5 2026-08-14T15:09
  uk100fut     day  ask  1290 2021-07-05 2026-08-13      1290     49.5 2026-08-14T15:09
uk100sep26  minute  mid 33394 2026-07-12 2026-08-14        30      0.0 2026-08-14T15:09
uk100sep26  minute  bid 33394 2026-07-12 2026-08-14        30      0.0 2026-08-14T15:09
uk100sep26  minute  ask 33394 2026-07-12 2026-08-14        30      0.0 2026-08-14T15:09
uk100sep26 quarter  mid  4147 2026-06-11 2026-08-14        56      0.0 2026-08-14T15:09
uk100sep26 quarter  bid  4147 2026-06-11 2026-08-14        56      0.0 2026-08-14T15:09
uk100sep26 quarter  ask  4147 2026-06-11 2026-08-14        56      0.0 2026-08-14T15:09
uk100sep26    hour  mid  1047 2026-06-11 2026-08-14        56      0.0 2026-08-14T15:09
uk100sep26    hour  bid  1047 2026-06-11 2026-08-14        56      0.0 2026-08-14T15:09
uk100sep26    hour  ask  1047 2026-06-11 2026-08-14        56      0.0 2026-08-14T15:09
uk100sep26     day  mid    46 2026-06-11 2026-08-13        46      0.0 2026-08-14T15:09
uk100sep26     day  bid    46 2026-06-11 2026-08-13        46      0.0 2026-08-14T15:09
uk100sep26     day  ask    46 2026-06-11 2026-08-13        46      0.0 2026-08-14T15:09

spread (minute, n=40,379): median 1.00 pts | p90 5.00 | core 07:00-15:59 UTC median 0.80 pts (n=16,145)

spread (quarter, n=23,565): median 1.00 pts | p90 5.00 | core 07:00-15:59 UTC median 0.80 pts (n=9,403)

spread (hour, n=11,654): median 1.00 pts | p90 5.00 | core 07:00-15:59 UTC median 0.80 pts (n=4,613)

spread (day, n=3,753): median 0.00 pts | p90 5.00 | core 07:00-15:59 UTC median nan pts (n=0)
uk100/minute/mid: 40,379 bars | OK | zero-volume 0.0% | 120 gaps > one bar (weekends/closures expected)
uk100/minute/bid: 40,379 bars | OK | zero-volume 0.0% | 120 gaps > one bar (weekends/closures expected)
uk100/minute/ask: 40,379 bars | OK | zero-volume 0.0% | 120 gaps > one bar (weekends/closures expected)
uk100/quarter/mid: 23,565 bars | OK | zero-volume 0.0% | 450 gaps > one bar (weekends/closures expected)
uk100/quarter/bid: 23,565 bars | OK | zero-volume 0.0% | 450 gaps > one bar (weekends/closures expected)
uk100/quarter/ask: 23,565 bars | OK | zero-volume 0.0% | 450 gaps > one bar (weekends/closures expected)
uk100/hour/mid: 11,654 bars | OK | zero-volume 0.0% | 513 gaps > one bar (weekends/closures expected)
uk100/hour/bid: 11,654 bars | OK | zero-volume 0.0% | 513 gaps > one bar (weekends/closures expected)
uk100/hour/ask: 11,654 bars | OK | zero-volume 0.0% | 513 gaps > one bar (weekends/closures expected)
uk100/day/mid: 3,753 bars | OK | zero-volume 59.85% | 747 gaps > one bar (weekends/closures expected)
uk100/day/bid: 3,753 bars | known {'open_outside_hl': 2} | zero-volume 59.85% | 747 gaps > one bar (weekends/closures expected)
uk100/day/ask: 3,753 bars | known {'close_outside_hl': 2} | zero-volume 59.85% | 747 gaps > one bar (weekends/closures expected)
ger40/minute/mid: 40,207 bars | OK | zero-volume 0.0% | 160 gaps > one bar (weekends/closures expected)
ger40/minute/bid: 40,207 bars | OK | zero-volume 0.0% | 160 gaps > one bar (weekends/closures expected)
ger40/minute/ask: 40,207 bars | OK | zero-volume 0.0% | 160 gaps > one bar (weekends/closures expected)
ger40/quarter/mid: 23,598 bars | OK | zero-volume 0.0% | 453 gaps > one bar (weekends/closures expected)
ger40/quarter/bid: 23,598 bars | OK | zero-volume 0.0% | 453 gaps > one bar (weekends/closures expected)
ger40/quarter/ask: 23,598 bars | OK | zero-volume 0.0% | 453 gaps > one bar (weekends/closures expected)
ger40/hour/mid: 11,705 bars | OK | zero-volume 0.0% | 514 gaps > one bar (weekends/closures expected)
ger40/hour/bid: 11,705 bars | OK | zero-volume 0.0% | 514 gaps > one bar (weekends/closures expected)
ger40/hour/ask: 11,705 bars | OK | zero-volume 0.0% | 514 gaps > one bar (weekends/closures expected)
ger40/day/mid: 3,772 bars | OK | zero-volume 60.15% | 766 gaps > one bar (weekends/closures expected)
ger40/day/bid: 3,772 bars | OK | zero-volume 60.15% | 766 gaps > one bar (weekends/closures expected)
ger40/day/ask: 3,772 bars | OK | zero-volume 60.15% | 766 gaps > one bar (weekends/closures expected)
us30/minute/mid: 40,889 bars | OK | zero-volume 0.0% | 30 gaps > one bar (weekends/closures expected)
us30/minute/bid: 40,889 bars | OK | zero-volume 0.0% | 30 gaps > one bar (weekends/closures expected)
us30/minute/ask: 40,889 bars | OK | zero-volume 0.0% | 30 gaps > one bar (weekends/closures expected)
us30/quarter/mid: 24,240 bars | OK | zero-volume 0.0% | 269 gaps > one bar (weekends/closures expected)
us30/quarter/bid: 24,240 bars | OK | zero-volume 0.0% | 269 gaps > one bar (weekends/closures expected)
us30/quarter/ask: 24,240 bars | OK | zero-volume 0.0% | 269 gaps > one bar (weekends/closures expected)
us30/hour/mid: 11,974 bars | OK | zero-volume 0.0% | 525 gaps > one bar (weekends/closures expected)
us30/hour/bid: 11,974 bars | OK | zero-volume 0.0% | 525 gaps > one bar (weekends/closures expected)
us30/hour/ask: 11,974 bars | OK | zero-volume 0.0% | 525 gaps > one bar (weekends/closures expected)
us30/day/mid: 3,845 bars | OK | zero-volume 60.86% | 759 gaps > one bar (weekends/closures expected)
us30/day/bid: 3,845 bars | OK | zero-volume 60.86% | 759 gaps > one bar (weekends/closures expected)
us30/day/ask: 3,845 bars | OK | zero-volume 60.86% | 759 gaps > one bar (weekends/closures expected)
ustech100/minute/mid: 40,890 bars | OK | zero-volume 0.0% | 29 gaps > one bar (weekends/closures expected)
ustech100/minute/bid: 40,890 bars | OK | zero-volume 0.0% | 29 gaps > one bar (weekends/closures expected)
ustech100/minute/ask: 40,890 bars | OK | zero-volume 0.0% | 29 gaps > one bar (weekends/closures expected)
ustech100/quarter/mid: 24,240 bars | OK | zero-volume 0.0% | 270 gaps > one bar (weekends/closures expected)
ustech100/quarter/bid: 24,240 bars | OK | zero-volume 0.0% | 270 gaps > one bar (weekends/closures expected)
ustech100/quarter/ask: 24,240 bars | OK | zero-volume 0.0% | 270 gaps > one bar (weekends/closures expected)
ustech100/hour/mid: 11,975 bars | OK | zero-volume 0.0% | 525 gaps > one bar (weekends/closures expected)
ustech100/hour/bid: 11,975 bars | OK | zero-volume 0.0% | 525 gaps > one bar (weekends/closures expected)
ustech100/hour/ask: 11,975 bars | OK | zero-volume 0.0% | 525 gaps > one bar (weekends/closures expected)
ustech100/day/mid: 3,845 bars | OK | zero-volume 60.88% | 759 gaps > one bar (weekends/closures expected)
ustech100/day/bid: 3,845 bars | OK | zero-volume 60.88% | 759 gaps > one bar (weekends/closures expected)
ustech100/day/ask: 3,845 bars | OK | zero-volume 60.88% | 759 gaps > one bar (weekends/closures expected)
us500/minute/mid: 40,856 bars | OK | zero-volume 0.0% | 59 gaps > one bar (weekends/closures expected)
us500/minute/bid: 40,856 bars | OK | zero-volume 0.0% | 59 gaps > one bar (weekends/closures expected)
us500/minute/ask: 40,856 bars | OK | zero-volume 0.0% | 59 gaps > one bar (weekends/closures expected)
us500/quarter/mid: 24,233 bars | OK | zero-volume 0.0% | 269 gaps > one bar (weekends/closures expected)
us500/quarter/bid: 24,233 bars | OK | zero-volume 0.0% | 269 gaps > one bar (weekends/closures expected)
us500/quarter/ask: 24,233 bars | OK | zero-volume 0.0% | 269 gaps > one bar (weekends/closures expected)
us500/hour/mid: 11,974 bars | OK | zero-volume 0.0% | 525 gaps > one bar (weekends/closures expected)
us500/hour/bid: 11,974 bars | OK | zero-volume 0.0% | 525 gaps > one bar (weekends/closures expected)
us500/hour/ask: 11,974 bars | OK | zero-volume 0.0% | 525 gaps > one bar (weekends/closures expected)
us500/day/mid: 3,838 bars | OK | zero-volume 60.81% | 759 gaps > one bar (weekends/closures expected)
us500/day/bid: 3,838 bars | OK | zero-volume 60.81% | 759 gaps > one bar (weekends/closures expected)
us500/day/ask: 3,838 bars | OK | zero-volume 60.81% | 759 gaps > one bar (weekends/closures expected)
gold/minute/mid: 41,003 bars | OK | zero-volume 0.0% | 29 gaps > one bar (weekends/closures expected)
gold/minute/bid: 41,003 bars | OK | zero-volume 0.0% | 29 gaps > one bar (weekends/closures expected)
gold/minute/ask: 41,003 bars | OK | zero-volume 0.0% | 29 gaps > one bar (weekends/closures expected)
gold/quarter/mid: 24,355 bars | OK | zero-volume 0.0% | 268 gaps > one bar (weekends/closures expected)
gold/quarter/bid: 24,355 bars | OK | zero-volume 0.0% | 268 gaps > one bar (weekends/closures expected)
gold/quarter/ask: 24,355 bars | OK | zero-volume 0.0% | 268 gaps > one bar (weekends/closures expected)
gold/hour/mid: 12,000 bars | OK | zero-volume 0.0% | 523 gaps > one bar (weekends/closures expected)
gold/hour/bid: 12,000 bars | OK | zero-volume 0.0% | 523 gaps > one bar (weekends/closures expected)
gold/hour/ask: 12,000 bars | OK | zero-volume 0.0% | 523 gaps > one bar (weekends/closures expected)
gold/day/mid: 3,843 bars | OK | zero-volume 60.89% | 766 gaps > one bar (weekends/closures expected)
gold/day/bid: 3,843 bars | OK | zero-volume 60.89% | 766 gaps > one bar (weekends/closures expected)
gold/day/ask: 3,843 bars | OK | zero-volume 60.89% | 766 gaps > one bar (weekends/closures expected)
goldvar/minute/mid: 41,004 bars | OK | zero-volume 0.0% | 29 gaps > one bar (weekends/closures expected)
goldvar/minute/bid: 41,004 bars | OK | zero-volume 0.0% | 29 gaps > one bar (weekends/closures expected)
goldvar/minute/ask: 41,004 bars | OK | zero-volume 0.0% | 29 gaps > one bar (weekends/closures expected)
goldvar/quarter/mid: 24,355 bars | OK | zero-volume 0.0% | 268 gaps > one bar (weekends/closures expected)
goldvar/quarter/bid: 24,355 bars | OK | zero-volume 0.0% | 268 gaps > one bar (weekends/closures expected)
goldvar/quarter/ask: 24,355 bars | OK | zero-volume 0.0% | 268 gaps > one bar (weekends/closures expected)
goldvar/hour/mid: 12,000 bars | OK | zero-volume 0.0% | 523 gaps > one bar (weekends/closures expected)
goldvar/hour/bid: 12,000 bars | OK | zero-volume 0.0% | 523 gaps > one bar (weekends/closures expected)
goldvar/hour/ask: 12,000 bars | OK | zero-volume 0.0% | 523 gaps > one bar (weekends/closures expected)
goldvar/day/mid: 3,843 bars | OK | zero-volume 60.89% | 766 gaps > one bar (weekends/closures expected)
goldvar/day/bid: 3,843 bars | OK | zero-volume 60.89% | 766 gaps > one bar (weekends/closures expected)
goldvar/day/ask: 3,843 bars | OK | zero-volume 60.89% | 766 gaps > one bar (weekends/closures expected)
eurusd/minute/mid: 42,499 bars | OK | zero-volume 0.0% | 194 gaps > one bar (weekends/closures expected)
eurusd/minute/bid: 42,499 bars | OK | zero-volume 0.0% | 194 gaps > one bar (weekends/closures expected)
eurusd/minute/ask: 42,499 bars | OK | zero-volume 0.0% | 194 gaps > one bar (weekends/closures expected)
eurusd/quarter/mid: 25,574 bars | OK | zero-volume 0.0% | 57 gaps > one bar (weekends/closures expected)
eurusd/quarter/bid: 25,574 bars | OK | zero-volume 0.0% | 57 gaps > one bar (weekends/closures expected)
eurusd/quarter/ask: 25,574 bars | OK | zero-volume 0.0% | 57 gaps > one bar (weekends/closures expected)
eurusd/hour/mid: 12,580 bars | OK | zero-volume 0.0% | 110 gaps > one bar (weekends/closures expected)
eurusd/hour/bid: 12,580 bars | OK | zero-volume 0.0% | 110 gaps > one bar (weekends/closures expected)
eurusd/hour/ask: 12,580 bars | OK | zero-volume 0.0% | 110 gaps > one bar (weekends/closures expected)
eurusd/day/mid: 7,446 bars | OK | zero-volume 79.34% | 1,441 gaps > one bar (weekends/closures expected)
eurusd/day/bid: 7,446 bars | OK | zero-volume 79.34% | 1,441 gaps > one bar (weekends/closures expected)
eurusd/day/ask: 7,446 bars | OK | zero-volume 79.34% | 1,441 gaps > one bar (weekends/closures expected)
uk100fut/minute/mid: 33,394 bars | OK | zero-volume 0.0% | 93 gaps > one bar (weekends/closures expected)
uk100fut/minute/bid: 33,394 bars | OK | zero-volume 0.0% | 93 gaps > one bar (weekends/closures expected)
uk100fut/minute/ask: 33,394 bars | OK | zero-volume 0.0% | 93 gaps > one bar (weekends/closures expected)
uk100fut/quarter/mid: 23,112 bars | OK | zero-volume 0.0% | 442 gaps > one bar (weekends/closures expected)
uk100fut/quarter/bid: 23,112 bars | OK | zero-volume 0.0% | 442 gaps > one bar (weekends/closures expected)
uk100fut/quarter/ask: 23,112 bars | OK | zero-volume 0.0% | 442 gaps > one bar (weekends/closures expected)
uk100fut/hour/mid: 11,529 bars | OK | zero-volume 0.0% | 509 gaps > one bar (weekends/closures expected)
uk100fut/hour/bid: 11,529 bars | OK | zero-volume 0.0% | 509 gaps > one bar (weekends/closures expected)
uk100fut/hour/ask: 11,529 bars | OK | zero-volume 0.0% | 509 gaps > one bar (weekends/closures expected)
uk100fut/day/mid: 1,290 bars | OK | zero-volume 49.46% | 270 gaps > one bar (weekends/closures expected)
uk100fut/day/bid: 1,290 bars | known {'open_outside_hl': 1} | zero-volume 49.46% | 270 gaps > one bar (weekends/closures expected)
uk100fut/day/ask: 1,290 bars | known {'close_outside_hl': 1} | zero-volume 49.46% | 270 gaps > one bar (weekends/closures expected)
uk100sep26/minute/mid: 33,394 bars | OK | zero-volume 0.0% | 93 gaps > one bar (weekends/closures expected)
uk100sep26/minute/bid: 33,394 bars | OK | zero-volume 0.0% | 93 gaps > one bar (weekends/closures expected)
uk100sep26/minute/ask: 33,394 bars | OK | zero-volume 0.0% | 93 gaps > one bar (weekends/closures expected)
uk100sep26/quarter/mid: 4,147 bars | OK | zero-volume 0.0% | 83 gaps > one bar (weekends/closures expected)
uk100sep26/quarter/bid: 4,147 bars | OK | zero-volume 0.0% | 83 gaps > one bar (weekends/closures expected)
uk100sep26/quarter/ask: 4,147 bars | OK | zero-volume 0.0% | 83 gaps > one bar (weekends/closures expected)
uk100sep26/hour/mid: 1,047 bars | OK | zero-volume 0.0% | 46 gaps > one bar (weekends/closures expected)
uk100sep26/hour/bid: 1,047 bars | OK | zero-volume 0.0% | 46 gaps > one bar (weekends/closures expected)
uk100sep26/hour/ask: 1,047 bars | OK | zero-volume 0.0% | 46 gaps > one bar (weekends/closures expected)
uk100sep26/day/mid: 46 bars | OK | zero-volume 0.0% | 9 gaps > one bar (weekends/closures expected)
uk100sep26/day/bid: 46 bars | OK | zero-volume 0.0% | 9 gaps > one bar (weekends/closures expected)
uk100sep26/day/ask: 46 bars | OK | zero-volume 0.0% | 9 gaps > one bar (weekends/closures expected)

All structural checks passed (known baseline accepted).

=== uk100  (cash 8.0-16.5 London) ===
    1min:  40,379 bars (15,275 cash) 2026-07-03 -> 2026-08-14   spread 0.8
   15min:  23,565 bars ( 8,877 cash) 2025-08-03 -> 2026-08-14   spread 0.8
      1h:  11,654 bars ( 4,609 cash) 2024-08-04 -> 2026-08-14   spread 0.8
      4h:   3,174 bars ( 1,537 cash) 2024-08-04 -> 2026-08-14   spread 0.8
      1d:   3,753 bars ( 3,753 cash) 2012-03-26 -> 2026-08-13   spread 0.0

=== ger40  (cash 8.0-16.5 London) ===
    1min:  40,207 bars (15,275 cash) 2026-07-05 -> 2026-08-14   spread 1.0
   15min:  23,598 bars ( 8,871 cash) 2025-08-04 -> 2026-08-14   spread 1.0
      1h:  11,705 bars ( 4,625 cash) 2024-08-04 -> 2026-08-14   spread 1.0
      4h:   3,189 bars ( 1,541 cash) 2024-08-04 -> 2026-08-14   spread 1.0
      1d:   3,772 bars ( 3,772 cash) 2012-01-30 -> 2026-08-13   spread 0.0

=== us500  (cash 9.5-16.0 London) ===
    1min:  40,856 bars (11,404 cash) 2026-07-05 -> 2026-08-14   spread 0.4
   15min:  24,233 bars ( 6,793 cash) 2025-08-04 -> 2026-08-14   spread 0.4
      1h:  11,974 bars ( 3,081 cash) 2024-08-04 -> 2026-08-14   spread 0.4
      4h:   3,132 bars (   548 cash) 2024-08-04 -> 2026-08-14   spread 0.425
      1d:   3,838 bars ( 3,838 cash) 2012-03-13 -> 2026-08-13   spread 0.0

=== us30  (cash 9.5-16.0 London) ===
    1min:  40,889 bars (11,406 cash) 2026-07-05 -> 2026-08-14   spread 1.9
   15min:  24,240 bars ( 6,799 cash) 2025-08-04 -> 2026-08-14   spread 1.9
      1h:  11,974 bars ( 3,081 cash) 2024-08-04 -> 2026-08-14   spread 1.9
      4h:   3,132 bars (   548 cash) 2024-08-04 -> 2026-08-14   spread 2.2667
      1d:   3,845 bars ( 3,845 cash) 2012-03-05 -> 2026-08-13   spread 0.0

=== ustech100  (cash 9.5-16.0 London) ===
    1min:  40,890 bars (11,406 cash) 2026-07-05 -> 2026-08-14   spread 0.9
   15min:  24,240 bars ( 6,799 cash) 2025-08-04 -> 2026-08-14   spread 0.9
      1h:  11,975 bars ( 3,081 cash) 2024-08-04 -> 2026-08-14   spread 0.9
      4h:   3,132 bars (   548 cash) 2024-08-04 -> 2026-08-14   spread 1.125
      1d:   3,845 bars ( 3,845 cash) 2012-03-05 -> 2026-08-13   spread 0.0

=== gold  (cash 8.0-16.0 London) ===
    1min:  41,003 bars (14,107 cash) 2026-07-05 -> 2026-08-14   spread 0.4
   15min:  24,355 bars ( 8,433 cash) 2025-08-04 -> 2026-08-14   spread 0.4
      1h:  12,000 bars ( 4,159 cash) 2024-08-04 -> 2026-08-14   spread 0.3
      4h:   3,245 bars ( 1,028 cash) 2024-08-04 -> 2026-08-14   spread 0.45
      1d:   3,843 bars ( 3,843 cash) 2011-12-30 -> 2026-08-13   spread 0.0

=== goldvar  (cash 8.0-16.0 London) ===
    1min:  41,004 bars (14,108 cash) 2026-07-05 -> 2026-08-14   spread 0.4
   15min:  24,355 bars ( 8,433 cash) 2025-08-04 -> 2026-08-14   spread 0.4
      1h:  12,000 bars ( 4,159 cash) 2024-08-04 -> 2026-08-14   spread 0.3
      4h:   3,245 bars ( 1,028 cash) 2024-08-04 -> 2026-08-14   spread 0.4
      1d:   3,843 bars ( 3,843 cash) 2011-12-30 -> 2026-08-13   spread 0.0

=== eurusd  (cash 8.0-21.0 London) ===
    1min:  42,499 bars (23,108 cash) 2026-07-05 -> 2026-08-14   spread 0.0001
   15min:  25,574 bars (13,838 cash) 2025-08-04 -> 2026-08-14   spread 0.0001
      1h:  12,580 bars ( 6,810 cash) 2024-08-04 -> 2026-08-14   spread 0.0
      4h:   3,254 bars ( 2,094 cash) 2024-08-04 -> 2026-08-14   spread 0.0
      1d:   7,446 bars ( 7,446 cash) 1999-01-04 -> 2026-08-13   spread 0.0

=== uk100fut  (cash 8.0-16.5 London) ===
    1min:  33,394 bars (12,729 cash) 2026-07-12 -> 2026-08-14   spread 1.3
   15min:  23,112 bars ( 8,707 cash) 2025-08-10 -> 2026-08-14   spread 1.3
      1h:  11,529 bars ( 4,564 cash) 2024-08-11 -> 2026-08-14   spread 1.3
      4h:   3,140 bars ( 1,522 cash) 2024-08-11 -> 2026-08-14   spread 1.3
      1d:   1,290 bars ( 1,290 cash) 2021-07-05 -> 2026-08-13   spread 5.0

=== uk100sep26  (cash 8.0-16.5 London) ===
    1min:  33,394 bars (12,729 cash) 2026-07-12 -> 2026-08-14   spread 4.0
   15min:   4,147 bars ( 1,562 cash) 2026-06-11 -> 2026-08-14   spread 4.0
      1h:   1,047 bars (   413 cash) 2026-06-11 -> 2026-08-14   spread 4.0
      4h:     285 bars (   137 cash) 2026-06-11 -> 2026-08-14   spread 4.0
      1d:      46 bars (    46 cash) 2026-06-11 -> 2026-08-13   spread 6.0

Wrote /Users/r.john/git/vc-tx2/clean_finsa/
uk100      14/14 passed
ger40      14/14 passed
us500      14/14 passed
us30       14/14 passed
ustech100  14/14 passed
gold       14/14 passed
goldvar    14/14 passed
eurusd     14/14 passed
uk100fut   14/14 passed
uk100sep26 14/14 passed

140/140 checks passed overall.
=== done 2026-08-14T15:10:02Z sync=0 validate=0 build=0 verify=0 ===
=== sync start 2026-08-14T16:49:15Z ===

=== uk100 (id 16645) -> /Users/r.john/git/vc-tx2/data ===
  minute/mid:
      page 1: 10,000 bars  2026-08-05 07:29:00+00:00 -> 2026-08-14 16:49:00+00:00
      page 2: 10,000 bars  2026-07-26 22:42:00+00:00 -> 2026-08-05 07:28:00+00:00
      page 3: 10,000 bars  2026-07-15 11:46:00+00:00 -> 2026-07-26 22:41:00+00:00
      page 4:  1,057 bars  2026-07-14 16:49:00+00:00 -> 2026-07-15 11:45:00+00:00
      fetched 31,056 | +104 new | store 40,483 bars  2026-07-03 -> 2026-08-14

  minute/bid:
      page 1: 10,000 bars  2026-08-05 07:29:00+00:00 -> 2026-08-14 16:49:00+00:00
      page 2: 10,000 bars  2026-07-26 22:42:00+00:00 -> 2026-08-05 07:28:00+00:00
      page 3: 10,000 bars  2026-07-15 11:46:00+00:00 -> 2026-07-26 22:41:00+00:00
      page 4:  1,057 bars  2026-07-14 16:49:00+00:00 -> 2026-07-15 11:45:00+00:00
      fetched 31,056 | +104 new | store 40,483 bars  2026-07-03 -> 2026-08-14

  minute/ask:
      page 1: 10,000 bars  2026-08-05 07:29:00+00:00 -> 2026-08-14 16:49:00+00:00
      page 2: 10,000 bars  2026-07-26 22:42:00+00:00 -> 2026-08-05 07:28:00+00:00
      page 3: 10,000 bars  2026-07-15 11:46:00+00:00 -> 2026-07-26 22:41:00+00:00
      page 4:  1,057 bars  2026-07-14 16:49:00+00:00 -> 2026-07-15 11:45:00+00:00
      fetched 31,056 | +104 new | store 40,483 bars  2026-07-03 -> 2026-08-14

  quarter/mid:
      page 1: 10,000 bars  2026-03-09 03:15:00+00:00 -> 2026-08-14 16:45:00+00:00
      page 2: 10,000 bars  2025-09-29 12:45:00+00:00 -> 2026-03-09 03:00:00+00:00
      page 3:  2,772 bars  2025-08-14 17:00:00+00:00 -> 2025-09-29 12:30:00+00:00
      fetched 22,771 | +7 new | store 23,572 bars  2025-08-03 -> 2026-08-14

  quarter/bid:
      page 1: 10,000 bars  2026-03-09 03:15:00+00:00 -> 2026-08-14 16:45:00+00:00
      page 2: 10,000 bars  2025-09-29 12:45:00+00:00 -> 2026-03-09 03:00:00+00:00
      page 3:  2,772 bars  2025-08-14 17:00:00+00:00 -> 2025-09-29 12:30:00+00:00
      fetched 22,771 | +7 new | store 23,572 bars  2025-08-03 -> 2026-08-14

  quarter/ask:
      page 1: 10,000 bars  2026-03-09 03:15:00+00:00 -> 2026-08-14 16:45:00+00:00
      page 2: 10,000 bars  2025-09-29 12:45:00+00:00 -> 2026-03-09 03:00:00+00:00
      page 3:  2,772 bars  2025-08-14 17:00:00+00:00 -> 2025-09-29 12:30:00+00:00
      fetched 22,771 | +7 new | store 23,572 bars  2025-08-03 -> 2026-08-14

  hour/mid:
      page 1: 10,000 bars  2024-11-14 15:00:00+00:00 -> 2026-08-14 16:00:00+00:00
      page 2:  1,477 bars  2024-08-14 17:00:00+00:00 -> 2024-11-14 14:00:00+00:00
      fetched 11,476 | +1 new | store 11,655 bars  2024-08-04 -> 2026-08-14

  hour/bid:
      page 1: 10,000 bars  2024-11-14 15:00:00+00:00 -> 2026-08-14 16:00:00+00:00
      page 2:  1,477 bars  2024-08-14 17:00:00+00:00 -> 2024-11-14 14:00:00+00:00
      fetched 11,476 | +1 new | store 11,655 bars  2024-08-04 -> 2026-08-14

  hour/ask:
      page 1: 10,000 bars  2024-11-14 15:00:00+00:00 -> 2026-08-14 16:00:00+00:00
      page 2:  1,477 bars  2024-08-14 17:00:00+00:00 -> 2024-11-14 14:00:00+00:00
      fetched 11,476 | +1 new | store 11,655 bars  2024-08-04 -> 2026-08-14

  day/mid:
      page 1:  3,754 bars  2012-03-26 00:00:00+00:00 -> 2026-08-14 00:00:00+00:00
      fetched 3,753 | +0 new | store 3,753 bars  2012-03-26 -> 2026-08-13

  day/bid:
      page 1:  3,754 bars  2012-03-26 00:00:00+00:00 -> 2026-08-14 00:00:00+00:00
      fetched 3,753 | +0 new | store 3,753 bars  2012-03-26 -> 2026-08-13  !! {'open_outside_hl': 2}

  day/ask:
      page 1:  3,754 bars  2012-03-26 00:00:00+00:00 -> 2026-08-14 00:00:00+00:00
      fetched 3,753 | +0 new | store 3,753 bars  2012-03-26 -> 2026-08-13  !! {'close_outside_hl': 2}


=== ger40 (id 17068) -> /Users/r.john/git/vc-tx2/data ===
  minute/mid:
      page 1: 10,000 bars  2026-08-05 07:36:00+00:00 -> 2026-08-14 16:49:00+00:00
      page 2: 10,000 bars  2026-07-26 22:51:00+00:00 -> 2026-08-05 07:35:00+00:00
      page 3: 10,000 bars  2026-07-15 11:59:00+00:00 -> 2026-07-26 22:50:00+00:00
      page 4:  1,067 bars  2026-07-14 16:49:00+00:00 -> 2026-07-15 11:58:00+00:00
      fetched 31,066 | +104 new | store 40,311 bars  2026-07-05 -> 2026-08-14

  minute/bid:
      page 1: 10,000 bars  2026-08-05 07:36:00+00:00 -> 2026-08-14 16:49:00+00:00
      page 2: 10,000 bars  2026-07-26 22:51:00+00:00 -> 2026-08-05 07:35:00+00:00
      page 3: 10,000 bars  2026-07-15 11:59:00+00:00 -> 2026-07-26 22:50:00+00:00
      page 4:  1,067 bars  2026-07-14 16:49:00+00:00 -> 2026-07-15 11:58:00+00:00
      fetched 31,066 | +104 new | store 40,311 bars  2026-07-05 -> 2026-08-14

  minute/ask:
      page 1: 10,000 bars  2026-08-05 07:36:00+00:00 -> 2026-08-14 16:49:00+00:00
      page 2: 10,000 bars  2026-07-26 22:51:00+00:00 -> 2026-08-05 07:35:00+00:00
      page 3: 10,000 bars  2026-07-15 11:59:00+00:00 -> 2026-07-26 22:50:00+00:00
      page 4:  1,067 bars  2026-07-14 16:49:00+00:00 -> 2026-07-15 11:58:00+00:00
      fetched 31,066 | +104 new | store 40,311 bars  2026-07-05 -> 2026-08-14

  quarter/mid:
      page 1: 10,000 bars  2026-03-10 08:30:00+00:00 -> 2026-08-14 16:45:00+00:00
      page 2: 10,000 bars  2025-09-29 15:45:00+00:00 -> 2026-03-10 08:15:00+00:00
      page 3:  2,883 bars  2025-08-14 17:00:00+00:00 -> 2025-09-29 15:30:00+00:00
      fetched 22,882 | +7 new | store 23,605 bars  2025-08-04 -> 2026-08-14

  quarter/bid:
      page 1: 10,000 bars  2026-03-10 08:30:00+00:00 -> 2026-08-14 16:45:00+00:00
      page 2: 10,000 bars  2025-09-29 15:45:00+00:00 -> 2026-03-10 08:15:00+00:00
      page 3:  2,883 bars  2025-08-14 17:00:00+00:00 -> 2025-09-29 15:30:00+00:00
      fetched 22,882 | +7 new | store 23,605 bars  2025-08-04 -> 2026-08-14

  quarter/ask:
      page 1: 10,000 bars  2026-03-10 08:30:00+00:00 -> 2026-08-14 16:45:00+00:00
      page 2: 10,000 bars  2025-09-29 15:45:00+00:00 -> 2026-03-10 08:15:00+00:00
      page 3:  2,883 bars  2025-08-14 17:00:00+00:00 -> 2025-09-29 15:30:00+00:00
      fetched 22,882 | +7 new | store 23,605 bars  2025-08-04 -> 2026-08-14

  hour/mid:
      page 1: 10,000 bars  2024-11-15 18:00:00+00:00 -> 2026-08-14 16:00:00+00:00
      page 2:  1,528 bars  2024-08-14 17:00:00+00:00 -> 2024-11-15 17:00:00+00:00
      fetched 11,527 | +1 new | store 11,706 bars  2024-08-04 -> 2026-08-14

  hour/bid:
      page 1: 10,000 bars  2024-11-15 18:00:00+00:00 -> 2026-08-14 16:00:00+00:00
      page 2:  1,528 bars  2024-08-14 17:00:00+00:00 -> 2024-11-15 17:00:00+00:00
      fetched 11,527 | +1 new | store 11,706 bars  2024-08-04 -> 2026-08-14

  hour/ask:
      page 1: 10,000 bars  2024-11-15 18:00:00+00:00 -> 2026-08-14 16:00:00+00:00
      page 2:  1,528 bars  2024-08-14 17:00:00+00:00 -> 2024-11-15 17:00:00+00:00
      fetched 11,527 | +1 new | store 11,706 bars  2024-08-04 -> 2026-08-14

  day/mid:
      page 1:  3,773 bars  2012-01-30 00:00:00+00:00 -> 2026-08-14 00:00:00+00:00
      fetched 3,772 | +0 new | store 3,772 bars  2012-01-30 -> 2026-08-13

  day/bid:
      page 1:  3,773 bars  2012-01-30 00:00:00+00:00 -> 2026-08-14 00:00:00+00:00
      fetched 3,772 | +0 new | store 3,772 bars  2012-01-30 -> 2026-08-13

  day/ask:
      page 1:  3,773 bars  2012-01-30 00:00:00+00:00 -> 2026-08-14 00:00:00+00:00
      fetched 3,772 | +0 new | store 3,772 bars  2012-01-30 -> 2026-08-13


=== us30 (id 17322) -> /Users/r.john/git/vc-tx2/data ===
  minute/mid:
      page 1: 10,000 bars  2026-08-05 10:39:00+00:00 -> 2026-08-14 16:50:00+00:00
      page 2: 10,000 bars  2026-07-27 04:28:00+00:00 -> 2026-08-05 10:38:00+00:00
      page 3: 10,000 bars  2026-07-15 20:46:00+00:00 -> 2026-07-27 04:27:00+00:00
      page 4:  1,616 bars  2026-07-14 16:50:00+00:00 -> 2026-07-15 20:45:00+00:00
      fetched 31,615 | +104 new | store 40,993 bars  2026-07-05 -> 2026-08-14

  minute/bid:
      page 1: 10,000 bars  2026-08-05 10:39:00+00:00 -> 2026-08-14 16:50:00+00:00
      page 2: 10,000 bars  2026-07-27 04:28:00+00:00 -> 2026-08-05 10:38:00+00:00
      page 3: 10,000 bars  2026-07-15 20:46:00+00:00 -> 2026-07-27 04:27:00+00:00
      page 4:  1,616 bars  2026-07-14 16:50:00+00:00 -> 2026-07-15 20:45:00+00:00
      fetched 31,615 | +104 new | store 40,993 bars  2026-07-05 -> 2026-08-14

  minute/ask:
      page 1: 10,000 bars  2026-08-05 10:39:00+00:00 -> 2026-08-14 16:50:00+00:00
      page 2: 10,000 bars  2026-07-27 04:28:00+00:00 -> 2026-08-05 10:38:00+00:00
      page 3: 10,000 bars  2026-07-15 20:46:00+00:00 -> 2026-07-27 04:27:00+00:00
      page 4:  1,616 bars  2026-07-14 16:50:00+00:00 -> 2026-07-15 20:45:00+00:00
      fetched 31,615 | +104 new | store 40,993 bars  2026-07-05 -> 2026-08-14

  quarter/mid:
      page 1: 10,000 bars  2026-03-13 17:30:00+00:00 -> 2026-08-14 16:45:00+00:00
      page 2: 10,000 bars  2025-10-08 07:00:00+00:00 -> 2026-03-13 17:15:00+00:00
      page 3:  3,516 bars  2025-08-14 17:00:00+00:00 -> 2025-10-08 06:45:00+00:00
      fetched 23,515 | +7 new | store 24,247 bars  2025-08-04 -> 2026-08-14

  quarter/bid:
      page 1: 10,000 bars  2026-03-13 17:30:00+00:00 -> 2026-08-14 16:45:00+00:00
      page 2: 10,000 bars  2025-10-08 07:00:00+00:00 -> 2026-03-13 17:15:00+00:00
      page 3:  3,516 bars  2025-08-14 17:00:00+00:00 -> 2025-10-08 06:45:00+00:00
      fetched 23,515 | +7 new | store 24,247 bars  2025-08-04 -> 2026-08-14

  quarter/ask:
      page 1: 10,000 bars  2026-03-13 17:30:00+00:00 -> 2026-08-14 16:45:00+00:00
      page 2: 10,000 bars  2025-10-08 07:00:00+00:00 -> 2026-03-13 17:15:00+00:00
      page 3:  3,516 bars  2025-08-14 17:00:00+00:00 -> 2025-10-08 06:45:00+00:00
      fetched 23,515 | +7 new | store 24,247 bars  2025-08-04 -> 2026-08-14

  hour/mid:
      page 1: 10,000 bars  2024-12-03 08:00:00+00:00 -> 2026-08-14 16:00:00+00:00
      page 2:  1,796 bars  2024-08-14 17:00:00+00:00 -> 2024-12-03 07:00:00+00:00
      fetched 11,795 | +1 new | store 11,975 bars  2024-08-04 -> 2026-08-14

  hour/bid:
      page 1: 10,000 bars  2024-12-03 08:00:00+00:00 -> 2026-08-14 16:00:00+00:00
      page 2:  1,796 bars  2024-08-14 17:00:00+00:00 -> 2024-12-03 07:00:00+00:00
      fetched 11,795 | +1 new | store 11,975 bars  2024-08-04 -> 2026-08-14

  hour/ask:
      page 1: 10,000 bars  2024-12-03 08:00:00+00:00 -> 2026-08-14 16:00:00+00:00
      page 2:  1,796 bars  2024-08-14 17:00:00+00:00 -> 2024-12-03 07:00:00+00:00
      fetched 11,795 | +1 new | store 11,975 bars  2024-08-04 -> 2026-08-14

  day/mid:
      page 1:  3,846 bars  2012-03-05 00:00:00+00:00 -> 2026-08-14 00:00:00+00:00
      fetched 3,845 | +0 new | store 3,845 bars  2012-03-05 -> 2026-08-13

  day/bid:
      page 1:  3,846 bars  2012-03-05 00:00:00+00:00 -> 2026-08-14 00:00:00+00:00
      fetched 3,845 | +0 new | store 3,845 bars  2012-03-05 -> 2026-08-13

  day/ask:
      page 1:  3,846 bars  2012-03-05 00:00:00+00:00 -> 2026-08-14 00:00:00+00:00
      fetched 3,845 | +0 new | store 3,845 bars  2012-03-05 -> 2026-08-13


=== ustech100 (id 20190) -> /Users/r.john/git/vc-tx2/data ===
  minute/mid:
      page 1: 10,000 bars  2026-08-05 10:40:00+00:00 -> 2026-08-14 16:50:00+00:00
      page 2: 10,000 bars  2026-07-27 04:29:00+00:00 -> 2026-08-05 10:39:00+00:00
      page 3: 10,000 bars  2026-07-15 20:47:00+00:00 -> 2026-07-27 04:28:00+00:00
      page 4:  1,617 bars  2026-07-14 16:50:00+00:00 -> 2026-07-15 20:46:00+00:00
      fetched 31,616 | +104 new | store 40,994 bars  2026-07-05 -> 2026-08-14

  minute/bid:
      page 1: 10,000 bars  2026-08-05 10:40:00+00:00 -> 2026-08-14 16:50:00+00:00
      page 2: 10,000 bars  2026-07-27 04:29:00+00:00 -> 2026-08-05 10:39:00+00:00
      page 3: 10,000 bars  2026-07-15 20:47:00+00:00 -> 2026-07-27 04:28:00+00:00
      page 4:  1,617 bars  2026-07-14 16:50:00+00:00 -> 2026-07-15 20:46:00+00:00
      fetched 31,616 | +104 new | store 40,994 bars  2026-07-05 -> 2026-08-14

  minute/ask:
      page 1: 10,000 bars  2026-08-05 10:40:00+00:00 -> 2026-08-14 16:50:00+00:00
      page 2: 10,000 bars  2026-07-27 04:29:00+00:00 -> 2026-08-05 10:39:00+00:00
      page 3: 10,000 bars  2026-07-15 20:47:00+00:00 -> 2026-07-27 04:28:00+00:00
      page 4:  1,617 bars  2026-07-14 16:50:00+00:00 -> 2026-07-15 20:46:00+00:00
      fetched 31,616 | +104 new | store 40,994 bars  2026-07-05 -> 2026-08-14

  quarter/mid:
      page 1: 10,000 bars  2026-03-13 17:45:00+00:00 -> 2026-08-14 16:45:00+00:00
      page 2: 10,000 bars  2025-10-08 07:00:00+00:00 -> 2026-03-13 17:30:00+00:00
      page 3:  3,516 bars  2025-08-14 17:00:00+00:00 -> 2025-10-08 06:45:00+00:00
      fetched 23,515 | +7 new | store 24,247 bars  2025-08-04 -> 2026-08-14

  quarter/bid:
      page 1: 10,000 bars  2026-03-13 17:45:00+00:00 -> 2026-08-14 16:45:00+00:00
      page 2: 10,000 bars  2025-10-08 07:00:00+00:00 -> 2026-03-13 17:30:00+00:00
      page 3:  3,516 bars  2025-08-14 17:00:00+00:00 -> 2025-10-08 06:45:00+00:00
      fetched 23,515 | +7 new | store 24,247 bars  2025-08-04 -> 2026-08-14

  quarter/ask:
      page 1: 10,000 bars  2026-03-13 17:45:00+00:00 -> 2026-08-14 16:45:00+00:00
      page 2: 10,000 bars  2025-10-08 07:00:00+00:00 -> 2026-03-13 17:30:00+00:00
      page 3:  3,516 bars  2025-08-14 17:00:00+00:00 -> 2025-10-08 06:45:00+00:00
      fetched 23,515 | +7 new | store 24,247 bars  2025-08-04 -> 2026-08-14

  hour/mid:
      page 1: 10,000 bars  2024-12-03 09:00:00+00:00 -> 2026-08-14 16:00:00+00:00
      page 2:  1,797 bars  2024-08-14 17:00:00+00:00 -> 2024-12-03 08:00:00+00:00
      fetched 11,796 | +1 new | store 11,976 bars  2024-08-04 -> 2026-08-14

  hour/bid:
      page 1: 10,000 bars  2024-12-03 09:00:00+00:00 -> 2026-08-14 16:00:00+00:00
      page 2:  1,797 bars  2024-08-14 17:00:00+00:00 -> 2024-12-03 08:00:00+00:00
      fetched 11,796 | +1 new | store 11,976 bars  2024-08-04 -> 2026-08-14

  hour/ask:
      page 1: 10,000 bars  2024-12-03 09:00:00+00:00 -> 2026-08-14 16:00:00+00:00
      page 2:  1,797 bars  2024-08-14 17:00:00+00:00 -> 2024-12-03 08:00:00+00:00
      fetched 11,796 | +1 new | store 11,976 bars  2024-08-04 -> 2026-08-14

  day/mid:
      page 1:  3,846 bars  2012-03-05 00:00:00+00:00 -> 2026-08-14 00:00:00+00:00
      fetched 3,845 | +0 new | store 3,845 bars  2012-03-05 -> 2026-08-13

  day/bid:
      page 1:  3,846 bars  2012-03-05 00:00:00+00:00 -> 2026-08-14 00:00:00+00:00
      fetched 3,845 | +0 new | store 3,845 bars  2012-03-05 -> 2026-08-13

  day/ask:
      page 1:  3,846 bars  2012-03-05 00:00:00+00:00 -> 2026-08-14 00:00:00+00:00
      fetched 3,845 | +0 new | store 3,845 bars  2012-03-05 -> 2026-08-13


=== us500 (id 67995) -> /Users/r.john/git/vc-tx2/data ===
  minute/mid:
      page 1: 10,000 bars  2026-08-05 10:10:00+00:00 -> 2026-08-14 16:50:00+00:00
      page 2: 10,000 bars  2026-07-27 03:58:00+00:00 -> 2026-08-05 10:09:00+00:00
      page 3: 10,000 bars  2026-07-15 20:12:00+00:00 -> 2026-07-27 03:57:00+00:00
      page 4:  1,581 bars  2026-07-14 16:51:00+00:00 -> 2026-07-15 20:11:00+00:00
      fetched 31,580 | +103 new | store 40,959 bars  2026-07-05 -> 2026-08-14

  minute/bid:
      page 1: 10,000 bars  2026-08-05 10:11:00+00:00 -> 2026-08-14 16:51:00+00:00
      page 2: 10,000 bars  2026-07-27 03:59:00+00:00 -> 2026-08-05 10:10:00+00:00
      page 3: 10,000 bars  2026-07-15 20:13:00+00:00 -> 2026-07-27 03:58:00+00:00
      page 4:  1,582 bars  2026-07-14 16:51:00+00:00 -> 2026-07-15 20:12:00+00:00
      fetched 31,581 | +104 new | store 40,960 bars  2026-07-05 -> 2026-08-14

  minute/ask:
      page 1: 10,000 bars  2026-08-05 10:11:00+00:00 -> 2026-08-14 16:51:00+00:00
      page 2: 10,000 bars  2026-07-27 03:59:00+00:00 -> 2026-08-05 10:10:00+00:00
      page 3: 10,000 bars  2026-07-15 20:13:00+00:00 -> 2026-07-27 03:58:00+00:00
      page 4:  1,582 bars  2026-07-14 16:51:00+00:00 -> 2026-07-15 20:12:00+00:00
      fetched 31,581 | +104 new | store 40,960 bars  2026-07-05 -> 2026-08-14

  quarter/mid:
      page 1: 10,000 bars  2026-03-13 16:30:00+00:00 -> 2026-08-14 16:45:00+00:00
      page 2: 10,000 bars  2025-10-08 05:45:00+00:00 -> 2026-03-13 16:15:00+00:00
      page 3:  3,511 bars  2025-08-14 17:00:00+00:00 -> 2025-10-08 05:30:00+00:00
      fetched 23,510 | +7 new | store 24,240 bars  2025-08-04 -> 2026-08-14

  quarter/bid:
      page 1: 10,000 bars  2026-03-13 16:30:00+00:00 -> 2026-08-14 16:45:00+00:00
      page 2: 10,000 bars  2025-10-08 05:45:00+00:00 -> 2026-03-13 16:15:00+00:00
      page 3:  3,511 bars  2025-08-14 17:00:00+00:00 -> 2025-10-08 05:30:00+00:00
      fetched 23,510 | +7 new | store 24,240 bars  2025-08-04 -> 2026-08-14

  quarter/ask:
      page 1: 10,000 bars  2026-03-13 16:30:00+00:00 -> 2026-08-14 16:45:00+00:00
      page 2: 10,000 bars  2025-10-08 05:45:00+00:00 -> 2026-03-13 16:15:00+00:00
      page 3:  3,511 bars  2025-08-14 17:00:00+00:00 -> 2025-10-08 05:30:00+00:00
      fetched 23,510 | +7 new | store 24,240 bars  2025-08-04 -> 2026-08-14

  hour/mid:
      page 1: 10,000 bars  2024-12-03 08:00:00+00:00 -> 2026-08-14 16:00:00+00:00
      page 2:  1,796 bars  2024-08-14 17:00:00+00:00 -> 2024-12-03 07:00:00+00:00
      fetched 11,795 | +1 new | store 11,975 bars  2024-08-04 -> 2026-08-14

  hour/bid:
      page 1: 10,000 bars  2024-12-03 08:00:00+00:00 -> 2026-08-14 16:00:00+00:00
      page 2:  1,796 bars  2024-08-14 17:00:00+00:00 -> 2024-12-03 07:00:00+00:00
      fetched 11,795 | +1 new | store 11,975 bars  2024-08-04 -> 2026-08-14

  hour/ask:
      page 1: 10,000 bars  2024-12-03 08:00:00+00:00 -> 2026-08-14 16:00:00+00:00
      page 2:  1,796 bars  2024-08-14 17:00:00+00:00 -> 2024-12-03 07:00:00+00:00
      fetched 11,795 | +1 new | store 11,975 bars  2024-08-04 -> 2026-08-14

  day/mid:
      page 1:  3,839 bars  2012-03-13 00:00:00+00:00 -> 2026-08-14 00:00:00+00:00
      fetched 3,838 | +0 new | store 3,838 bars  2012-03-13 -> 2026-08-13

  day/bid:
      page 1:  3,839 bars  2012-03-13 00:00:00+00:00 -> 2026-08-14 00:00:00+00:00
      fetched 3,838 | +0 new | store 3,838 bars  2012-03-13 -> 2026-08-13

  day/ask:
      page 1:  3,839 bars  2012-03-13 00:00:00+00:00 -> 2026-08-14 00:00:00+00:00
      fetched 3,838 | +0 new | store 3,838 bars  2012-03-13 -> 2026-08-13


=== gold (id 68924) -> /Users/r.john/git/vc-tx2/data ===
  minute/mid:
      page 1: 10,000 bars  2026-08-05 11:03:00+00:00 -> 2026-08-14 16:51:00+00:00
      page 2: 10,000 bars  2026-07-27 05:14:00+00:00 -> 2026-08-05 11:02:00+00:00
      page 3: 10,000 bars  2026-07-15 23:19:00+00:00 -> 2026-07-27 05:13:00+00:00
      page 4:  1,706 bars  2026-07-14 16:51:00+00:00 -> 2026-07-15 23:18:00+00:00
      fetched 31,705 | +104 new | store 41,107 bars  2026-07-05 -> 2026-08-14

  minute/bid:
      page 1: 10,000 bars  2026-08-05 11:03:00+00:00 -> 2026-08-14 16:51:00+00:00
      page 2: 10,000 bars  2026-07-27 05:14:00+00:00 -> 2026-08-05 11:02:00+00:00
      page 3: 10,000 bars  2026-07-15 23:19:00+00:00 -> 2026-07-27 05:13:00+00:00
      page 4:  1,706 bars  2026-07-14 16:51:00+00:00 -> 2026-07-15 23:18:00+00:00
      fetched 31,705 | +104 new | store 41,107 bars  2026-07-05 -> 2026-08-14

  minute/ask:
      page 1: 10,000 bars  2026-08-05 11:03:00+00:00 -> 2026-08-14 16:51:00+00:00
      page 2: 10,000 bars  2026-07-27 05:14:00+00:00 -> 2026-08-05 11:02:00+00:00
      page 3: 10,000 bars  2026-07-15 23:19:00+00:00 -> 2026-07-27 05:13:00+00:00
      page 4:  1,706 bars  2026-07-14 16:51:00+00:00 -> 2026-07-15 23:18:00+00:00
      fetched 31,705 | +104 new | store 41,107 bars  2026-07-05 -> 2026-08-14

  quarter/mid:
      page 1: 10,000 bars  2026-03-13 13:30:00+00:00 -> 2026-08-14 16:45:00+00:00
      page 2: 10,000 bars  2025-10-09 06:45:00+00:00 -> 2026-03-13 13:15:00+00:00
      page 3:  3,629 bars  2025-08-14 17:00:00+00:00 -> 2025-10-09 06:30:00+00:00
      fetched 23,628 | +7 new | store 24,362 bars  2025-08-04 -> 2026-08-14

  quarter/bid:
      page 1: 10,000 bars  2026-03-13 13:30:00+00:00 -> 2026-08-14 16:45:00+00:00
      page 2: 10,000 bars  2025-10-09 06:45:00+00:00 -> 2026-03-13 13:15:00+00:00
      page 3:  3,629 bars  2025-08-14 17:00:00+00:00 -> 2025-10-09 06:30:00+00:00
      fetched 23,628 | +7 new | store 24,362 bars  2025-08-04 -> 2026-08-14

  quarter/ask:
      page 1: 10,000 bars  2026-03-13 13:30:00+00:00 -> 2026-08-14 16:45:00+00:00
      page 2: 10,000 bars  2025-10-09 06:45:00+00:00 -> 2026-03-13 13:15:00+00:00
      page 3:  3,629 bars  2025-08-14 17:00:00+00:00 -> 2025-10-09 06:30:00+00:00
      fetched 23,628 | +7 new | store 24,362 bars  2025-08-04 -> 2026-08-14

  hour/mid:
      page 1: 10,000 bars  2024-12-04 08:00:00+00:00 -> 2026-08-14 16:00:00+00:00
      page 2:  1,822 bars  2024-08-14 17:00:00+00:00 -> 2024-12-04 07:00:00+00:00
      fetched 11,821 | +1 new | store 12,001 bars  2024-08-04 -> 2026-08-14

  hour/bid:
      page 1: 10,000 bars  2024-12-04 08:00:00+00:00 -> 2026-08-14 16:00:00+00:00
      page 2:  1,822 bars  2024-08-14 17:00:00+00:00 -> 2024-12-04 07:00:00+00:00
      fetched 11,821 | +1 new | store 12,001 bars  2024-08-04 -> 2026-08-14

  hour/ask:
      page 1: 10,000 bars  2024-12-04 08:00:00+00:00 -> 2026-08-14 16:00:00+00:00
      page 2:  1,822 bars  2024-08-14 17:00:00+00:00 -> 2024-12-04 07:00:00+00:00
      fetched 11,821 | +1 new | store 12,001 bars  2024-08-04 -> 2026-08-14

  day/mid:
      page 1:  3,844 bars  2011-12-30 00:00:00+00:00 -> 2026-08-14 00:00:00+00:00
      fetched 3,843 | +0 new | store 3,843 bars  2011-12-30 -> 2026-08-13

  day/bid:
      page 1:  3,844 bars  2011-12-30 00:00:00+00:00 -> 2026-08-14 00:00:00+00:00
      fetched 3,843 | +0 new | store 3,843 bars  2011-12-30 -> 2026-08-13

  day/ask:
      page 1:  3,844 bars  2011-12-30 00:00:00+00:00 -> 2026-08-14 00:00:00+00:00
      fetched 3,843 | +0 new | store 3,843 bars  2011-12-30 -> 2026-08-13


=== goldvar (id 72302) -> /Users/r.john/git/vc-tx2/data ===
  minute/mid:
      page 1: 10,000 bars  2026-08-05 11:03:00+00:00 -> 2026-08-14 16:51:00+00:00
      page 2: 10,000 bars  2026-07-27 05:14:00+00:00 -> 2026-08-05 11:02:00+00:00
      page 3: 10,000 bars  2026-07-15 23:19:00+00:00 -> 2026-07-27 05:13:00+00:00
      page 4:  1,706 bars  2026-07-14 16:51:00+00:00 -> 2026-07-15 23:18:00+00:00
      fetched 31,705 | +103 new | store 41,107 bars  2026-07-05 -> 2026-08-14

  minute/bid:
      page 1: 10,000 bars  2026-08-05 11:03:00+00:00 -> 2026-08-14 16:51:00+00:00
      page 2: 10,000 bars  2026-07-27 05:14:00+00:00 -> 2026-08-05 11:02:00+00:00
      page 3: 10,000 bars  2026-07-15 23:19:00+00:00 -> 2026-07-27 05:13:00+00:00
      page 4:  1,705 bars  2026-07-14 16:52:00+00:00 -> 2026-07-15 23:18:00+00:00
      fetched 31,704 | +103 new | store 41,107 bars  2026-07-05 -> 2026-08-14

  minute/ask:
      page 1: 10,000 bars  2026-08-05 11:04:00+00:00 -> 2026-08-14 16:52:00+00:00
      page 2: 10,000 bars  2026-07-27 05:15:00+00:00 -> 2026-08-05 11:03:00+00:00
      page 3: 10,000 bars  2026-07-15 23:20:00+00:00 -> 2026-07-27 05:14:00+00:00
      page 4:  1,706 bars  2026-07-14 16:52:00+00:00 -> 2026-07-15 23:19:00+00:00
      fetched 31,705 | +104 new | store 41,108 bars  2026-07-05 -> 2026-08-14

  quarter/mid:
      page 1: 10,000 bars  2026-03-13 13:30:00+00:00 -> 2026-08-14 16:45:00+00:00
      page 2: 10,000 bars  2025-10-09 06:45:00+00:00 -> 2026-03-13 13:15:00+00:00
      page 3:  3,629 bars  2025-08-14 17:00:00+00:00 -> 2025-10-09 06:30:00+00:00
      fetched 23,628 | +7 new | store 24,362 bars  2025-08-04 -> 2026-08-14

  quarter/bid:
      page 1: 10,000 bars  2026-03-13 13:30:00+00:00 -> 2026-08-14 16:45:00+00:00
      page 2: 10,000 bars  2025-10-09 06:45:00+00:00 -> 2026-03-13 13:15:00+00:00
      page 3:  3,629 bars  2025-08-14 17:00:00+00:00 -> 2025-10-09 06:30:00+00:00
      fetched 23,628 | +7 new | store 24,362 bars  2025-08-04 -> 2026-08-14

  quarter/ask:
      page 1: 10,000 bars  2026-03-13 13:30:00+00:00 -> 2026-08-14 16:45:00+00:00
      page 2: 10,000 bars  2025-10-09 06:45:00+00:00 -> 2026-03-13 13:15:00+00:00
      page 3:  3,629 bars  2025-08-14 17:00:00+00:00 -> 2025-10-09 06:30:00+00:00
      fetched 23,628 | +7 new | store 24,362 bars  2025-08-04 -> 2026-08-14

  hour/mid:
      page 1: 10,000 bars  2024-12-04 08:00:00+00:00 -> 2026-08-14 16:00:00+00:00
      page 2:  1,822 bars  2024-08-14 17:00:00+00:00 -> 2024-12-04 07:00:00+00:00
      fetched 11,821 | +1 new | store 12,001 bars  2024-08-04 -> 2026-08-14

  hour/bid:
      page 1: 10,000 bars  2024-12-04 08:00:00+00:00 -> 2026-08-14 16:00:00+00:00
      page 2:  1,822 bars  2024-08-14 17:00:00+00:00 -> 2024-12-04 07:00:00+00:00
      fetched 11,821 | +1 new | store 12,001 bars  2024-08-04 -> 2026-08-14

  hour/ask:
      page 1: 10,000 bars  2024-12-04 08:00:00+00:00 -> 2026-08-14 16:00:00+00:00
      page 2:  1,822 bars  2024-08-14 17:00:00+00:00 -> 2024-12-04 07:00:00+00:00
      fetched 11,821 | +1 new | store 12,001 bars  2024-08-04 -> 2026-08-14

  day/mid:
      page 1:  3,844 bars  2011-12-30 00:00:00+00:00 -> 2026-08-14 00:00:00+00:00
      fetched 3,843 | +0 new | store 3,843 bars  2011-12-30 -> 2026-08-13

  day/bid:
      page 1:  3,844 bars  2011-12-30 00:00:00+00:00 -> 2026-08-14 00:00:00+00:00
      fetched 3,843 | +0 new | store 3,843 bars  2011-12-30 -> 2026-08-13

  day/ask:
      page 1:  3,844 bars  2011-12-30 00:00:00+00:00 -> 2026-08-14 00:00:00+00:00
      fetched 3,843 | +0 new | store 3,843 bars  2011-12-30 -> 2026-08-13


=== eurusd (id 16635) -> /Users/r.john/git/vc-tx2/data ===
  minute/mid:
      page 1: 10,000 bars  2026-08-05 16:30:00+00:00 -> 2026-08-14 16:52:00+00:00
      page 2: 10,000 bars  2026-07-27 16:56:00+00:00 -> 2026-08-05 16:29:00+00:00
      page 3: 10,000 bars  2026-07-16 16:47:00+00:00 -> 2026-07-27 16:55:00+00:00
      page 4:  2,854 bars  2026-07-14 16:52:00+00:00 -> 2026-07-16 16:46:00+00:00
      fetched 32,853 | +104 new | store 42,603 bars  2026-07-05 -> 2026-08-14

  minute/bid:
      page 1: 10,000 bars  2026-08-05 16:30:00+00:00 -> 2026-08-14 16:52:00+00:00
      page 2: 10,000 bars  2026-07-27 16:56:00+00:00 -> 2026-08-05 16:29:00+00:00
      page 3: 10,000 bars  2026-07-16 16:47:00+00:00 -> 2026-07-27 16:55:00+00:00
      page 4:  2,854 bars  2026-07-14 16:52:00+00:00 -> 2026-07-16 16:46:00+00:00
      fetched 32,853 | +104 new | store 42,603 bars  2026-07-05 -> 2026-08-14

  minute/ask:
      page 1: 10,000 bars  2026-08-05 16:30:00+00:00 -> 2026-08-14 16:52:00+00:00
      page 2: 10,000 bars  2026-07-27 16:56:00+00:00 -> 2026-08-05 16:29:00+00:00
      page 3: 10,000 bars  2026-07-16 16:47:00+00:00 -> 2026-07-27 16:55:00+00:00
      page 4:  2,854 bars  2026-07-14 16:52:00+00:00 -> 2026-07-16 16:46:00+00:00
      fetched 32,853 | +104 new | store 42,603 bars  2026-07-05 -> 2026-08-14

  quarter/mid:
      page 1: 10,000 bars  2026-03-23 04:15:00+00:00 -> 2026-08-14 16:45:00+00:00
      page 2: 10,000 bars  2025-10-23 21:00:00+00:00 -> 2026-03-23 04:00:00+00:00
      page 3:  4,816 bars  2025-08-14 17:00:00+00:00 -> 2025-10-23 20:45:00+00:00
      fetched 24,815 | +7 new | store 25,581 bars  2025-08-04 -> 2026-08-14

  quarter/bid:
      page 1: 10,000 bars  2026-03-23 04:15:00+00:00 -> 2026-08-14 16:45:00+00:00
      page 2: 10,000 bars  2025-10-23 21:00:00+00:00 -> 2026-03-23 04:00:00+00:00
      page 3:  4,816 bars  2025-08-14 17:00:00+00:00 -> 2025-10-23 20:45:00+00:00
      fetched 24,815 | +7 new | store 25,581 bars  2025-08-04 -> 2026-08-14

  quarter/ask:
      page 1: 10,000 bars  2026-03-23 04:15:00+00:00 -> 2026-08-14 16:45:00+00:00
      page 2: 10,000 bars  2025-10-23 21:00:00+00:00 -> 2026-03-23 04:00:00+00:00
      page 3:  4,816 bars  2025-08-14 17:00:00+00:00 -> 2025-10-23 20:45:00+00:00
      fetched 24,815 | +7 new | store 25,581 bars  2025-08-04 -> 2026-08-14

  hour/mid:
      page 1: 10,000 bars  2025-01-03 15:00:00+00:00 -> 2026-08-14 16:00:00+00:00
      page 2:  2,394 bars  2024-08-14 17:00:00+00:00 -> 2025-01-03 14:00:00+00:00
      fetched 12,393 | +1 new | store 12,581 bars  2024-08-04 -> 2026-08-14

  hour/bid:
      page 1: 10,000 bars  2025-01-03 15:00:00+00:00 -> 2026-08-14 16:00:00+00:00
      page 2:  2,394 bars  2024-08-14 17:00:00+00:00 -> 2025-01-03 14:00:00+00:00
      fetched 12,393 | +1 new | store 12,581 bars  2024-08-04 -> 2026-08-14

  hour/ask:
      page 1: 10,000 bars  2025-01-03 15:00:00+00:00 -> 2026-08-14 16:00:00+00:00
      page 2:  2,394 bars  2024-08-14 17:00:00+00:00 -> 2025-01-03 14:00:00+00:00
      fetched 12,393 | +1 new | store 12,581 bars  2024-08-04 -> 2026-08-14

  day/mid:
      page 1:  7,447 bars  1999-01-04 00:00:00+00:00 -> 2026-08-14 00:00:00+00:00
      fetched 7,446 | +0 new | store 7,446 bars  1999-01-04 -> 2026-08-13

  day/bid:
      page 1:  7,447 bars  1999-01-04 00:00:00+00:00 -> 2026-08-14 00:00:00+00:00
      fetched 7,446 | +0 new | store 7,446 bars  1999-01-04 -> 2026-08-13

  day/ask:
      page 1:  7,447 bars  1999-01-04 00:00:00+00:00 -> 2026-08-14 00:00:00+00:00
      fetched 7,446 | +0 new | store 7,446 bars  1999-01-04 -> 2026-08-13


=== uk100fut (id 70152) -> /Users/r.john/git/vc-tx2/data ===
  minute/mid:
      page 1: 10,000 bars  2026-08-05 07:22:00+00:00 -> 2026-08-14 16:52:00+00:00
      page 2: 10,000 bars  2026-07-26 22:33:00+00:00 -> 2026-08-05 07:21:00+00:00
      page 3: 10,000 bars  2026-07-15 11:03:00+00:00 -> 2026-07-26 22:32:00+00:00
      page 4:  1,011 bars  2026-07-14 16:52:00+00:00 -> 2026-07-15 11:02:00+00:00
      fetched 31,010 | +103 new | store 33,497 bars  2026-07-12 -> 2026-08-14

  minute/bid:
      page 1: 10,000 bars  2026-08-05 07:22:00+00:00 -> 2026-08-14 16:52:00+00:00
      page 2: 10,000 bars  2026-07-26 22:33:00+00:00 -> 2026-08-05 07:21:00+00:00
      page 3: 10,000 bars  2026-07-15 11:03:00+00:00 -> 2026-07-26 22:32:00+00:00
      page 4:  1,010 bars  2026-07-14 16:53:00+00:00 -> 2026-07-15 11:02:00+00:00
      fetched 31,009 | +103 new | store 33,497 bars  2026-07-12 -> 2026-08-14

  minute/ask:
      page 1: 10,000 bars  2026-08-05 07:22:00+00:00 -> 2026-08-14 16:52:00+00:00
      page 2: 10,000 bars  2026-07-26 22:33:00+00:00 -> 2026-08-05 07:21:00+00:00
      page 3: 10,000 bars  2026-07-15 11:03:00+00:00 -> 2026-07-26 22:32:00+00:00
      page 4:  1,010 bars  2026-07-14 16:53:00+00:00 -> 2026-07-15 11:02:00+00:00
      fetched 31,009 | +103 new | store 33,497 bars  2026-07-12 -> 2026-08-14

  quarter/mid:
      page 1: 10,000 bars  2026-03-09 02:45:00+00:00 -> 2026-08-14 16:45:00+00:00
      page 2: 10,000 bars  2025-09-29 12:30:00+00:00 -> 2026-03-09 02:30:00+00:00
      page 3:  2,771 bars  2025-08-14 17:00:00+00:00 -> 2025-09-29 12:15:00+00:00
      fetched 22,770 | +7 new | store 23,119 bars  2025-08-10 -> 2026-08-14

  quarter/bid:
      page 1: 10,000 bars  2026-03-09 02:45:00+00:00 -> 2026-08-14 16:45:00+00:00
      page 2: 10,000 bars  2025-09-29 12:30:00+00:00 -> 2026-03-09 02:30:00+00:00
      page 3:  2,771 bars  2025-08-14 17:00:00+00:00 -> 2025-09-29 12:15:00+00:00
      fetched 22,770 | +7 new | store 23,119 bars  2025-08-10 -> 2026-08-14

  quarter/ask:
      page 1: 10,000 bars  2026-03-09 02:45:00+00:00 -> 2026-08-14 16:45:00+00:00
      page 2: 10,000 bars  2025-09-29 12:30:00+00:00 -> 2026-03-09 02:30:00+00:00
      page 3:  2,771 bars  2025-08-14 17:00:00+00:00 -> 2025-09-29 12:15:00+00:00
      fetched 22,770 | +7 new | store 23,119 bars  2025-08-10 -> 2026-08-14

  hour/mid:
      page 1: 10,000 bars  2024-11-14 04:00:00+00:00 -> 2026-08-14 16:00:00+00:00
      page 2:  1,466 bars  2024-08-14 17:00:00+00:00 -> 2024-11-14 03:00:00+00:00
      fetched 11,465 | +1 new | store 11,530 bars  2024-08-11 -> 2026-08-14

  hour/bid:
      page 1: 10,000 bars  2024-11-14 04:00:00+00:00 -> 2026-08-14 16:00:00+00:00
      page 2:  1,466 bars  2024-08-14 17:00:00+00:00 -> 2024-11-14 03:00:00+00:00
      fetched 11,465 | +1 new | store 11,530 bars  2024-08-11 -> 2026-08-14

  hour/ask:
      page 1: 10,000 bars  2024-11-14 04:00:00+00:00 -> 2026-08-14 16:00:00+00:00
      page 2:  1,466 bars  2024-08-14 17:00:00+00:00 -> 2024-11-14 03:00:00+00:00
      fetched 11,465 | +1 new | store 11,530 bars  2024-08-11 -> 2026-08-14

  day/mid:
      page 1:  1,291 bars  2021-07-05 00:00:00+00:00 -> 2026-08-14 00:00:00+00:00
      fetched 1,290 | +0 new | store 1,290 bars  2021-07-05 -> 2026-08-13

  day/bid:
      page 1:  1,291 bars  2021-07-05 00:00:00+00:00 -> 2026-08-14 00:00:00+00:00
      fetched 1,290 | +0 new | store 1,290 bars  2021-07-05 -> 2026-08-13  !! {'open_outside_hl': 1}

  day/ask:
      page 1:  1,291 bars  2021-07-05 00:00:00+00:00 -> 2026-08-14 00:00:00+00:00
      fetched 1,290 | +0 new | store 1,290 bars  2021-07-05 -> 2026-08-13  !! {'close_outside_hl': 1}


=== uk100sep26 (id 72516) -> /Users/r.john/git/vc-tx2/data ===
  minute/mid:
      page 1: 10,000 bars  2026-08-05 07:23:00+00:00 -> 2026-08-14 16:53:00+00:00
      page 2: 10,000 bars  2026-07-26 22:34:00+00:00 -> 2026-08-05 07:22:00+00:00
      page 3: 10,000 bars  2026-07-15 11:04:00+00:00 -> 2026-07-26 22:33:00+00:00
      page 4:  1,011 bars  2026-07-14 16:53:00+00:00 -> 2026-07-15 11:03:00+00:00
      fetched 31,010 | +104 new | store 33,498 bars  2026-07-12 -> 2026-08-14

  minute/bid:
      page 1: 10,000 bars  2026-08-05 07:23:00+00:00 -> 2026-08-14 16:53:00+00:00
      page 2: 10,000 bars  2026-07-26 22:34:00+00:00 -> 2026-08-05 07:22:00+00:00
      page 3: 10,000 bars  2026-07-15 11:04:00+00:00 -> 2026-07-26 22:33:00+00:00
      page 4:  1,011 bars  2026-07-14 16:53:00+00:00 -> 2026-07-15 11:03:00+00:00
      fetched 31,010 | +104 new | store 33,498 bars  2026-07-12 -> 2026-08-14

  minute/ask:
      page 1: 10,000 bars  2026-08-05 07:23:00+00:00 -> 2026-08-14 16:53:00+00:00
      page 2: 10,000 bars  2026-07-26 22:34:00+00:00 -> 2026-08-05 07:22:00+00:00
      page 3: 10,000 bars  2026-07-15 11:04:00+00:00 -> 2026-07-26 22:33:00+00:00
      page 4:  1,011 bars  2026-07-14 16:53:00+00:00 -> 2026-07-15 11:03:00+00:00
      fetched 31,010 | +104 new | store 33,498 bars  2026-07-12 -> 2026-08-14

  quarter/mid:
      page 1:  4,155 bars  2026-06-11 17:30:00+00:00 -> 2026-08-14 16:45:00+00:00
      fetched 4,154 | +7 new | store 4,154 bars  2026-06-11 -> 2026-08-14

  quarter/bid:
      page 1:  4,155 bars  2026-06-11 17:30:00+00:00 -> 2026-08-14 16:45:00+00:00
      fetched 4,154 | +7 new | store 4,154 bars  2026-06-11 -> 2026-08-14

  quarter/ask:
      page 1:  4,155 bars  2026-06-11 17:30:00+00:00 -> 2026-08-14 16:45:00+00:00
      fetched 4,154 | +7 new | store 4,154 bars  2026-06-11 -> 2026-08-14

  hour/mid:
      page 1:  1,049 bars  2026-06-11 17:00:00+00:00 -> 2026-08-14 16:00:00+00:00
      fetched 1,048 | +1 new | store 1,048 bars  2026-06-11 -> 2026-08-14

  hour/bid:
      page 1:  1,049 bars  2026-06-11 17:00:00+00:00 -> 2026-08-14 16:00:00+00:00
      fetched 1,048 | +1 new | store 1,048 bars  2026-06-11 -> 2026-08-14

  hour/ask:
      page 1:  1,049 bars  2026-06-11 17:00:00+00:00 -> 2026-08-14 16:00:00+00:00
      fetched 1,048 | +1 new | store 1,048 bars  2026-06-11 -> 2026-08-14

  day/mid:
      page 1:     47 bars  2026-06-11 00:00:00+00:00 -> 2026-08-14 00:00:00+00:00
      fetched 46 | +0 new | store 46 bars  2026-06-11 -> 2026-08-13

  day/bid:
      page 1:     47 bars  2026-06-11 00:00:00+00:00 -> 2026-08-14 00:00:00+00:00
      fetched 46 | +0 new | store 46 bars  2026-06-11 -> 2026-08-13

  day/ask:
      page 1:     47 bars  2026-06-11 00:00:00+00:00 -> 2026-08-14 00:00:00+00:00
      fetched 46 | +0 new | store 46 bars  2026-06-11 -> 2026-08-13


Done. `python3 collect.py status` for a summary.
     instr    feed side  bars       from         to  sessions  vol=0 %        last sync
     uk100  minute  mid 40483 2026-07-03 2026-08-14        37      0.0 2026-08-14T16:49
     uk100  minute  bid 40483 2026-07-03 2026-08-14        37      0.0 2026-08-14T16:49
     uk100  minute  ask 40483 2026-07-03 2026-08-14        37      0.0 2026-08-14T16:49
     uk100 quarter  mid 23572 2025-08-03 2026-08-14       312      0.0 2026-08-14T16:49
     uk100 quarter  bid 23572 2025-08-03 2026-08-14       312      0.0 2026-08-14T16:49
     uk100 quarter  ask 23572 2025-08-03 2026-08-14       312      0.0 2026-08-14T16:49
     uk100    hour  mid 11655 2024-08-04 2026-08-14       614      0.0 2026-08-14T16:49
     uk100    hour  bid 11655 2024-08-04 2026-08-14       614      0.0 2026-08-14T16:49
     uk100    hour  ask 11655 2024-08-04 2026-08-14       614      0.0 2026-08-14T16:49
     uk100     day  mid  3753 2012-03-26 2026-08-13      3753     59.8 2026-08-14T16:49
     uk100     day  bid  3753 2012-03-26 2026-08-13      3753     59.8 2026-08-14T16:49
     uk100     day  ask  3753 2012-03-26 2026-08-13      3753     59.8 2026-08-14T16:49
     ger40  minute  mid 40311 2026-07-05 2026-08-14        36      0.0 2026-08-14T16:49
     ger40  minute  bid 40311 2026-07-05 2026-08-14        36      0.0 2026-08-14T16:49
     ger40  minute  ask 40311 2026-07-05 2026-08-14        36      0.0 2026-08-14T16:49
     ger40 quarter  mid 23605 2025-08-04 2026-08-14       315      0.0 2026-08-14T16:49
     ger40 quarter  bid 23605 2025-08-04 2026-08-14       315      0.0 2026-08-14T16:50
     ger40 quarter  ask 23605 2025-08-04 2026-08-14       315      0.0 2026-08-14T16:50
     ger40    hour  mid 11706 2024-08-04 2026-08-14       622      0.0 2026-08-14T16:50
     ger40    hour  bid 11706 2024-08-04 2026-08-14       622      0.0 2026-08-14T16:50
     ger40    hour  ask 11706 2024-08-04 2026-08-14       622      0.0 2026-08-14T16:50
     ger40     day  mid  3772 2012-01-30 2026-08-13      3772     60.2 2026-08-14T16:50
     ger40     day  bid  3772 2012-01-30 2026-08-13      3772     60.2 2026-08-14T16:50
     ger40     day  ask  3772 2012-01-30 2026-08-13      3772     60.2 2026-08-14T16:50
      us30  minute  mid 40993 2026-07-05 2026-08-14        36      0.0 2026-08-14T16:50
      us30  minute  bid 40993 2026-07-05 2026-08-14        36      0.0 2026-08-14T16:50
      us30  minute  ask 40993 2026-07-05 2026-08-14        36      0.0 2026-08-14T16:50
      us30 quarter  mid 24247 2025-08-04 2026-08-14       323      0.0 2026-08-14T16:50
      us30 quarter  bid 24247 2025-08-04 2026-08-14       323      0.0 2026-08-14T16:50
      us30 quarter  ask 24247 2025-08-04 2026-08-14       323      0.0 2026-08-14T16:50
      us30    hour  mid 11975 2024-08-04 2026-08-14       635      0.0 2026-08-14T16:50
      us30    hour  bid 11975 2024-08-04 2026-08-14       635      0.0 2026-08-14T16:50
      us30    hour  ask 11975 2024-08-04 2026-08-14       635      0.0 2026-08-14T16:50
      us30     day  mid  3845 2012-03-05 2026-08-13      3845     60.9 2026-08-14T16:50
      us30     day  bid  3845 2012-03-05 2026-08-13      3845     60.9 2026-08-14T16:50
      us30     day  ask  3845 2012-03-05 2026-08-13      3845     60.9 2026-08-14T16:50
 ustech100  minute  mid 40994 2026-07-05 2026-08-14        36      0.0 2026-08-14T16:50
 ustech100  minute  bid 40994 2026-07-05 2026-08-14        36      0.0 2026-08-14T16:50
 ustech100  minute  ask 40994 2026-07-05 2026-08-14        36      0.0 2026-08-14T16:50
 ustech100 quarter  mid 24247 2025-08-04 2026-08-14       323      0.0 2026-08-14T16:50
 ustech100 quarter  bid 24247 2025-08-04 2026-08-14       323      0.0 2026-08-14T16:50
 ustech100 quarter  ask 24247 2025-08-04 2026-08-14       323      0.0 2026-08-14T16:50
 ustech100    hour  mid 11976 2024-08-04 2026-08-14       635      0.0 2026-08-14T16:50
 ustech100    hour  bid 11976 2024-08-04 2026-08-14       635      0.0 2026-08-14T16:50
 ustech100    hour  ask 11976 2024-08-04 2026-08-14       635      0.0 2026-08-14T16:50
 ustech100     day  mid  3845 2012-03-05 2026-08-13      3845     60.9 2026-08-14T16:50
 ustech100     day  bid  3845 2012-03-05 2026-08-13      3845     60.9 2026-08-14T16:51
 ustech100     day  ask  3845 2012-03-05 2026-08-13      3845     60.9 2026-08-14T16:51
     us500  minute  mid 40959 2026-07-05 2026-08-14        36      0.0 2026-08-14T16:51
     us500  minute  bid 40960 2026-07-05 2026-08-14        36      0.0 2026-08-14T16:51
     us500  minute  ask 40960 2026-07-05 2026-08-14        36      0.0 2026-08-14T16:51
     us500 quarter  mid 24240 2025-08-04 2026-08-14       323      0.0 2026-08-14T16:51
     us500 quarter  bid 24240 2025-08-04 2026-08-14       323      0.0 2026-08-14T16:51
     us500 quarter  ask 24240 2025-08-04 2026-08-14       323      0.0 2026-08-14T16:51
     us500    hour  mid 11975 2024-08-04 2026-08-14       635      0.0 2026-08-14T16:51
     us500    hour  bid 11975 2024-08-04 2026-08-14       635      0.0 2026-08-14T16:51
     us500    hour  ask 11975 2024-08-04 2026-08-14       635      0.0 2026-08-14T16:51
     us500     day  mid  3838 2012-03-13 2026-08-13      3838     60.8 2026-08-14T16:51
     us500     day  bid  3838 2012-03-13 2026-08-13      3838     60.8 2026-08-14T16:51
     us500     day  ask  3838 2012-03-13 2026-08-13      3838     60.8 2026-08-14T16:51
      gold  minute  mid 41107 2026-07-05 2026-08-14        36      0.0 2026-08-14T16:51
      gold  minute  bid 41107 2026-07-05 2026-08-14        36      0.0 2026-08-14T16:51
      gold  minute  ask 41107 2026-07-05 2026-08-14        36      0.0 2026-08-14T16:51
      gold quarter  mid 24362 2025-08-04 2026-08-14       322      0.0 2026-08-14T16:51
      gold quarter  bid 24362 2025-08-04 2026-08-14       322      0.0 2026-08-14T16:51
      gold quarter  ask 24362 2025-08-04 2026-08-14       322      0.0 2026-08-14T16:51
      gold    hour  mid 12001 2024-08-04 2026-08-14       634      0.0 2026-08-14T16:51
      gold    hour  bid 12001 2024-08-04 2026-08-14       634      0.0 2026-08-14T16:51
      gold    hour  ask 12001 2024-08-04 2026-08-14       634      0.0 2026-08-14T16:51
      gold     day  mid  3843 2011-12-30 2026-08-13      3843     60.9 2026-08-14T16:51
      gold     day  bid  3843 2011-12-30 2026-08-13      3843     60.9 2026-08-14T16:51
      gold     day  ask  3843 2011-12-30 2026-08-13      3843     60.9 2026-08-14T16:51
   goldvar  minute  mid 41107 2026-07-05 2026-08-14        36      0.0 2026-08-14T16:52
   goldvar  minute  bid 41107 2026-07-05 2026-08-14        36      0.0 2026-08-14T16:52
   goldvar  minute  ask 41108 2026-07-05 2026-08-14        36      0.0 2026-08-14T16:52
   goldvar quarter  mid 24362 2025-08-04 2026-08-14       322      0.0 2026-08-14T16:52
   goldvar quarter  bid 24362 2025-08-04 2026-08-14       322      0.0 2026-08-14T16:52
   goldvar quarter  ask 24362 2025-08-04 2026-08-14       322      0.0 2026-08-14T16:52
   goldvar    hour  mid 12001 2024-08-04 2026-08-14       634      0.0 2026-08-14T16:52
   goldvar    hour  bid 12001 2024-08-04 2026-08-14       634      0.0 2026-08-14T16:52
   goldvar    hour  ask 12001 2024-08-04 2026-08-14       634      0.0 2026-08-14T16:52
   goldvar     day  mid  3843 2011-12-30 2026-08-13      3843     60.9 2026-08-14T16:52
   goldvar     day  bid  3843 2011-12-30 2026-08-13      3843     60.9 2026-08-14T16:52
   goldvar     day  ask  3843 2011-12-30 2026-08-13      3843     60.9 2026-08-14T16:52
    eurusd  minute  mid 42603 2026-07-05 2026-08-14        36      0.0 2026-08-14T16:52
    eurusd  minute  bid 42603 2026-07-05 2026-08-14        36      0.0 2026-08-14T16:52
    eurusd  minute  ask 42603 2026-07-05 2026-08-14        36      0.0 2026-08-14T16:52
    eurusd quarter  mid 25581 2025-08-04 2026-08-14       323      0.0 2026-08-14T16:52
    eurusd quarter  bid 25581 2025-08-04 2026-08-14       323      0.0 2026-08-14T16:52
    eurusd quarter  ask 25581 2025-08-04 2026-08-14       323      0.0 2026-08-14T16:52
    eurusd    hour  mid 12581 2024-08-04 2026-08-14       635      0.0 2026-08-14T16:52
    eurusd    hour  bid 12581 2024-08-04 2026-08-14       635      0.0 2026-08-14T16:52
    eurusd    hour  ask 12581 2024-08-04 2026-08-14       635      0.0 2026-08-14T16:52
    eurusd     day  mid  7446 1999-01-04 2026-08-13      7446     79.3 2026-08-14T16:52
    eurusd     day  bid  7446 1999-01-04 2026-08-13      7446     79.3 2026-08-14T16:52
    eurusd     day  ask  7446 1999-01-04 2026-08-13      7446     79.3 2026-08-14T16:52
  uk100fut  minute  mid 33497 2026-07-12 2026-08-14        30      0.0 2026-08-14T16:52
  uk100fut  minute  bid 33497 2026-07-12 2026-08-14        30      0.0 2026-08-14T16:53
  uk100fut  minute  ask 33497 2026-07-12 2026-08-14        30      0.0 2026-08-14T16:53
  uk100fut quarter  mid 23119 2025-08-10 2026-08-14       307      0.0 2026-08-14T16:53
  uk100fut quarter  bid 23119 2025-08-10 2026-08-14       307      0.0 2026-08-14T16:53
  uk100fut quarter  ask 23119 2025-08-10 2026-08-14       307      0.0 2026-08-14T16:53
  uk100fut    hour  mid 11530 2024-08-11 2026-08-14       606      0.0 2026-08-14T16:53
  uk100fut    hour  bid 11530 2024-08-11 2026-08-14       606      0.0 2026-08-14T16:53
  uk100fut    hour  ask 11530 2024-08-11 2026-08-14       606      0.0 2026-08-14T16:53
  uk100fut     day  mid  1290 2021-07-05 2026-08-13      1290     49.5 2026-08-14T16:53
  uk100fut     day  bid  1290 2021-07-05 2026-08-13      1290     49.5 2026-08-14T16:53
  uk100fut     day  ask  1290 2021-07-05 2026-08-13      1290     49.5 2026-08-14T16:53
uk100sep26  minute  mid 33498 2026-07-12 2026-08-14        30      0.0 2026-08-14T16:53
uk100sep26  minute  bid 33498 2026-07-12 2026-08-14        30      0.0 2026-08-14T16:53
uk100sep26  minute  ask 33498 2026-07-12 2026-08-14        30      0.0 2026-08-14T16:53
uk100sep26 quarter  mid  4154 2026-06-11 2026-08-14        56      0.0 2026-08-14T16:53
uk100sep26 quarter  bid  4154 2026-06-11 2026-08-14        56      0.0 2026-08-14T16:53
uk100sep26 quarter  ask  4154 2026-06-11 2026-08-14        56      0.0 2026-08-14T16:53
uk100sep26    hour  mid  1048 2026-06-11 2026-08-14        56      0.0 2026-08-14T16:53
uk100sep26    hour  bid  1048 2026-06-11 2026-08-14        56      0.0 2026-08-14T16:53
uk100sep26    hour  ask  1048 2026-06-11 2026-08-14        56      0.0 2026-08-14T16:53
uk100sep26     day  mid    46 2026-06-11 2026-08-13        46      0.0 2026-08-14T16:53
uk100sep26     day  bid    46 2026-06-11 2026-08-13        46      0.0 2026-08-14T16:53
uk100sep26     day  ask    46 2026-06-11 2026-08-13        46      0.0 2026-08-14T16:53

spread (minute, n=40,483): median 1.00 pts | p90 5.00 | core 07:00-15:59 UTC median 0.80 pts (n=16,200)

spread (quarter, n=23,572): median 1.00 pts | p90 5.00 | core 07:00-15:59 UTC median 0.80 pts (n=9,407)

spread (hour, n=11,655): median 1.00 pts | p90 5.00 | core 07:00-15:59 UTC median 0.80 pts (n=4,614)

spread (day, n=3,753): median 0.00 pts | p90 5.00 | core 07:00-15:59 UTC median nan pts (n=0)
uk100/minute/mid: 40,483 bars | OK | zero-volume 0.0% | 120 gaps > one bar (weekends/closures expected)
uk100/minute/bid: 40,483 bars | OK | zero-volume 0.0% | 120 gaps > one bar (weekends/closures expected)
uk100/minute/ask: 40,483 bars | OK | zero-volume 0.0% | 120 gaps > one bar (weekends/closures expected)
uk100/quarter/mid: 23,572 bars | OK | zero-volume 0.0% | 450 gaps > one bar (weekends/closures expected)
uk100/quarter/bid: 23,572 bars | OK | zero-volume 0.0% | 450 gaps > one bar (weekends/closures expected)
uk100/quarter/ask: 23,572 bars | OK | zero-volume 0.0% | 450 gaps > one bar (weekends/closures expected)
uk100/hour/mid: 11,655 bars | OK | zero-volume 0.0% | 513 gaps > one bar (weekends/closures expected)
uk100/hour/bid: 11,655 bars | OK | zero-volume 0.0% | 513 gaps > one bar (weekends/closures expected)
uk100/hour/ask: 11,655 bars | OK | zero-volume 0.0% | 513 gaps > one bar (weekends/closures expected)
uk100/day/mid: 3,753 bars | OK | zero-volume 59.85% | 747 gaps > one bar (weekends/closures expected)
uk100/day/bid: 3,753 bars | known {'open_outside_hl': 2} | zero-volume 59.85% | 747 gaps > one bar (weekends/closures expected)
uk100/day/ask: 3,753 bars | known {'close_outside_hl': 2} | zero-volume 59.85% | 747 gaps > one bar (weekends/closures expected)
ger40/minute/mid: 40,311 bars | OK | zero-volume 0.0% | 160 gaps > one bar (weekends/closures expected)
ger40/minute/bid: 40,311 bars | OK | zero-volume 0.0% | 160 gaps > one bar (weekends/closures expected)
ger40/minute/ask: 40,311 bars | OK | zero-volume 0.0% | 160 gaps > one bar (weekends/closures expected)
ger40/quarter/mid: 23,605 bars | OK | zero-volume 0.0% | 453 gaps > one bar (weekends/closures expected)
ger40/quarter/bid: 23,605 bars | OK | zero-volume 0.0% | 453 gaps > one bar (weekends/closures expected)
ger40/quarter/ask: 23,605 bars | OK | zero-volume 0.0% | 453 gaps > one bar (weekends/closures expected)
ger40/hour/mid: 11,706 bars | OK | zero-volume 0.0% | 514 gaps > one bar (weekends/closures expected)
ger40/hour/bid: 11,706 bars | OK | zero-volume 0.0% | 514 gaps > one bar (weekends/closures expected)
ger40/hour/ask: 11,706 bars | OK | zero-volume 0.0% | 514 gaps > one bar (weekends/closures expected)
ger40/day/mid: 3,772 bars | OK | zero-volume 60.15% | 766 gaps > one bar (weekends/closures expected)
ger40/day/bid: 3,772 bars | OK | zero-volume 60.15% | 766 gaps > one bar (weekends/closures expected)
ger40/day/ask: 3,772 bars | OK | zero-volume 60.15% | 766 gaps > one bar (weekends/closures expected)
us30/minute/mid: 40,993 bars | OK | zero-volume 0.0% | 30 gaps > one bar (weekends/closures expected)
us30/minute/bid: 40,993 bars | OK | zero-volume 0.0% | 30 gaps > one bar (weekends/closures expected)
us30/minute/ask: 40,993 bars | OK | zero-volume 0.0% | 30 gaps > one bar (weekends/closures expected)
us30/quarter/mid: 24,247 bars | OK | zero-volume 0.0% | 269 gaps > one bar (weekends/closures expected)
us30/quarter/bid: 24,247 bars | OK | zero-volume 0.0% | 269 gaps > one bar (weekends/closures expected)
us30/quarter/ask: 24,247 bars | OK | zero-volume 0.0% | 269 gaps > one bar (weekends/closures expected)
us30/hour/mid: 11,975 bars | OK | zero-volume 0.0% | 525 gaps > one bar (weekends/closures expected)
us30/hour/bid: 11,975 bars | OK | zero-volume 0.0% | 525 gaps > one bar (weekends/closures expected)
us30/hour/ask: 11,975 bars | OK | zero-volume 0.0% | 525 gaps > one bar (weekends/closures expected)
us30/day/mid: 3,845 bars | OK | zero-volume 60.86% | 759 gaps > one bar (weekends/closures expected)
us30/day/bid: 3,845 bars | OK | zero-volume 60.86% | 759 gaps > one bar (weekends/closures expected)
us30/day/ask: 3,845 bars | OK | zero-volume 60.86% | 759 gaps > one bar (weekends/closures expected)
ustech100/minute/mid: 40,994 bars | OK | zero-volume 0.0% | 29 gaps > one bar (weekends/closures expected)
ustech100/minute/bid: 40,994 bars | OK | zero-volume 0.0% | 29 gaps > one bar (weekends/closures expected)
ustech100/minute/ask: 40,994 bars | OK | zero-volume 0.0% | 29 gaps > one bar (weekends/closures expected)
ustech100/quarter/mid: 24,247 bars | OK | zero-volume 0.0% | 270 gaps > one bar (weekends/closures expected)
ustech100/quarter/bid: 24,247 bars | OK | zero-volume 0.0% | 270 gaps > one bar (weekends/closures expected)
ustech100/quarter/ask: 24,247 bars | OK | zero-volume 0.0% | 270 gaps > one bar (weekends/closures expected)
ustech100/hour/mid: 11,976 bars | OK | zero-volume 0.0% | 525 gaps > one bar (weekends/closures expected)
ustech100/hour/bid: 11,976 bars | OK | zero-volume 0.0% | 525 gaps > one bar (weekends/closures expected)
ustech100/hour/ask: 11,976 bars | OK | zero-volume 0.0% | 525 gaps > one bar (weekends/closures expected)
ustech100/day/mid: 3,845 bars | OK | zero-volume 60.88% | 759 gaps > one bar (weekends/closures expected)
ustech100/day/bid: 3,845 bars | OK | zero-volume 60.88% | 759 gaps > one bar (weekends/closures expected)
ustech100/day/ask: 3,845 bars | OK | zero-volume 60.88% | 759 gaps > one bar (weekends/closures expected)
us500/minute/mid: 40,959 bars | OK | zero-volume 0.0% | 59 gaps > one bar (weekends/closures expected)
us500/minute/bid: 40,960 bars | OK | zero-volume 0.0% | 59 gaps > one bar (weekends/closures expected)
us500/minute/ask: 40,960 bars | OK | zero-volume 0.0% | 59 gaps > one bar (weekends/closures expected)
us500/quarter/mid: 24,240 bars | OK | zero-volume 0.0% | 269 gaps > one bar (weekends/closures expected)
us500/quarter/bid: 24,240 bars | OK | zero-volume 0.0% | 269 gaps > one bar (weekends/closures expected)
us500/quarter/ask: 24,240 bars | OK | zero-volume 0.0% | 269 gaps > one bar (weekends/closures expected)
us500/hour/mid: 11,975 bars | OK | zero-volume 0.0% | 525 gaps > one bar (weekends/closures expected)
us500/hour/bid: 11,975 bars | OK | zero-volume 0.0% | 525 gaps > one bar (weekends/closures expected)
us500/hour/ask: 11,975 bars | OK | zero-volume 0.0% | 525 gaps > one bar (weekends/closures expected)
us500/day/mid: 3,838 bars | OK | zero-volume 60.81% | 759 gaps > one bar (weekends/closures expected)
us500/day/bid: 3,838 bars | OK | zero-volume 60.81% | 759 gaps > one bar (weekends/closures expected)
us500/day/ask: 3,838 bars | OK | zero-volume 60.81% | 759 gaps > one bar (weekends/closures expected)
gold/minute/mid: 41,107 bars | OK | zero-volume 0.0% | 29 gaps > one bar (weekends/closures expected)
gold/minute/bid: 41,107 bars | OK | zero-volume 0.0% | 29 gaps > one bar (weekends/closures expected)
gold/minute/ask: 41,107 bars | OK | zero-volume 0.0% | 29 gaps > one bar (weekends/closures expected)
gold/quarter/mid: 24,362 bars | OK | zero-volume 0.0% | 268 gaps > one bar (weekends/closures expected)
gold/quarter/bid: 24,362 bars | OK | zero-volume 0.0% | 268 gaps > one bar (weekends/closures expected)
gold/quarter/ask: 24,362 bars | OK | zero-volume 0.0% | 268 gaps > one bar (weekends/closures expected)
gold/hour/mid: 12,001 bars | OK | zero-volume 0.0% | 523 gaps > one bar (weekends/closures expected)
gold/hour/bid: 12,001 bars | OK | zero-volume 0.0% | 523 gaps > one bar (weekends/closures expected)
gold/hour/ask: 12,001 bars | OK | zero-volume 0.0% | 523 gaps > one bar (weekends/closures expected)
gold/day/mid: 3,843 bars | OK | zero-volume 60.89% | 766 gaps > one bar (weekends/closures expected)
gold/day/bid: 3,843 bars | OK | zero-volume 60.89% | 766 gaps > one bar (weekends/closures expected)
gold/day/ask: 3,843 bars | OK | zero-volume 60.89% | 766 gaps > one bar (weekends/closures expected)
goldvar/minute/mid: 41,107 bars | OK | zero-volume 0.0% | 29 gaps > one bar (weekends/closures expected)
goldvar/minute/bid: 41,107 bars | OK | zero-volume 0.0% | 29 gaps > one bar (weekends/closures expected)
goldvar/minute/ask: 41,108 bars | OK | zero-volume 0.0% | 29 gaps > one bar (weekends/closures expected)
goldvar/quarter/mid: 24,362 bars | OK | zero-volume 0.0% | 268 gaps > one bar (weekends/closures expected)
goldvar/quarter/bid: 24,362 bars | OK | zero-volume 0.0% | 268 gaps > one bar (weekends/closures expected)
goldvar/quarter/ask: 24,362 bars | OK | zero-volume 0.0% | 268 gaps > one bar (weekends/closures expected)
goldvar/hour/mid: 12,001 bars | OK | zero-volume 0.0% | 523 gaps > one bar (weekends/closures expected)
goldvar/hour/bid: 12,001 bars | OK | zero-volume 0.0% | 523 gaps > one bar (weekends/closures expected)
goldvar/hour/ask: 12,001 bars | OK | zero-volume 0.0% | 523 gaps > one bar (weekends/closures expected)
goldvar/day/mid: 3,843 bars | OK | zero-volume 60.89% | 766 gaps > one bar (weekends/closures expected)
goldvar/day/bid: 3,843 bars | OK | zero-volume 60.89% | 766 gaps > one bar (weekends/closures expected)
goldvar/day/ask: 3,843 bars | OK | zero-volume 60.89% | 766 gaps > one bar (weekends/closures expected)
eurusd/minute/mid: 42,603 bars | OK | zero-volume 0.0% | 194 gaps > one bar (weekends/closures expected)
eurusd/minute/bid: 42,603 bars | OK | zero-volume 0.0% | 194 gaps > one bar (weekends/closures expected)
eurusd/minute/ask: 42,603 bars | OK | zero-volume 0.0% | 194 gaps > one bar (weekends/closures expected)
eurusd/quarter/mid: 25,581 bars | OK | zero-volume 0.0% | 57 gaps > one bar (weekends/closures expected)
eurusd/quarter/bid: 25,581 bars | OK | zero-volume 0.0% | 57 gaps > one bar (weekends/closures expected)
eurusd/quarter/ask: 25,581 bars | OK | zero-volume 0.0% | 57 gaps > one bar (weekends/closures expected)
eurusd/hour/mid: 12,581 bars | OK | zero-volume 0.0% | 110 gaps > one bar (weekends/closures expected)
eurusd/hour/bid: 12,581 bars | OK | zero-volume 0.0% | 110 gaps > one bar (weekends/closures expected)
eurusd/hour/ask: 12,581 bars | OK | zero-volume 0.0% | 110 gaps > one bar (weekends/closures expected)
eurusd/day/mid: 7,446 bars | OK | zero-volume 79.34% | 1,441 gaps > one bar (weekends/closures expected)
eurusd/day/bid: 7,446 bars | OK | zero-volume 79.34% | 1,441 gaps > one bar (weekends/closures expected)
eurusd/day/ask: 7,446 bars | OK | zero-volume 79.34% | 1,441 gaps > one bar (weekends/closures expected)
uk100fut/minute/mid: 33,497 bars | OK | zero-volume 0.0% | 93 gaps > one bar (weekends/closures expected)
uk100fut/minute/bid: 33,497 bars | OK | zero-volume 0.0% | 93 gaps > one bar (weekends/closures expected)
uk100fut/minute/ask: 33,497 bars | OK | zero-volume 0.0% | 93 gaps > one bar (weekends/closures expected)
uk100fut/quarter/mid: 23,119 bars | OK | zero-volume 0.0% | 442 gaps > one bar (weekends/closures expected)
uk100fut/quarter/bid: 23,119 bars | OK | zero-volume 0.0% | 442 gaps > one bar (weekends/closures expected)
uk100fut/quarter/ask: 23,119 bars | OK | zero-volume 0.0% | 442 gaps > one bar (weekends/closures expected)
uk100fut/hour/mid: 11,530 bars | OK | zero-volume 0.0% | 509 gaps > one bar (weekends/closures expected)
uk100fut/hour/bid: 11,530 bars | OK | zero-volume 0.0% | 509 gaps > one bar (weekends/closures expected)
uk100fut/hour/ask: 11,530 bars | OK | zero-volume 0.0% | 509 gaps > one bar (weekends/closures expected)
uk100fut/day/mid: 1,290 bars | OK | zero-volume 49.46% | 270 gaps > one bar (weekends/closures expected)
uk100fut/day/bid: 1,290 bars | known {'open_outside_hl': 1} | zero-volume 49.46% | 270 gaps > one bar (weekends/closures expected)
uk100fut/day/ask: 1,290 bars | known {'close_outside_hl': 1} | zero-volume 49.46% | 270 gaps > one bar (weekends/closures expected)
uk100sep26/minute/mid: 33,498 bars | OK | zero-volume 0.0% | 93 gaps > one bar (weekends/closures expected)
uk100sep26/minute/bid: 33,498 bars | OK | zero-volume 0.0% | 93 gaps > one bar (weekends/closures expected)
uk100sep26/minute/ask: 33,498 bars | OK | zero-volume 0.0% | 93 gaps > one bar (weekends/closures expected)
uk100sep26/quarter/mid: 4,154 bars | OK | zero-volume 0.0% | 83 gaps > one bar (weekends/closures expected)
uk100sep26/quarter/bid: 4,154 bars | OK | zero-volume 0.0% | 83 gaps > one bar (weekends/closures expected)
uk100sep26/quarter/ask: 4,154 bars | OK | zero-volume 0.0% | 83 gaps > one bar (weekends/closures expected)
uk100sep26/hour/mid: 1,048 bars | OK | zero-volume 0.0% | 46 gaps > one bar (weekends/closures expected)
uk100sep26/hour/bid: 1,048 bars | OK | zero-volume 0.0% | 46 gaps > one bar (weekends/closures expected)
uk100sep26/hour/ask: 1,048 bars | OK | zero-volume 0.0% | 46 gaps > one bar (weekends/closures expected)
uk100sep26/day/mid: 46 bars | OK | zero-volume 0.0% | 9 gaps > one bar (weekends/closures expected)
uk100sep26/day/bid: 46 bars | OK | zero-volume 0.0% | 9 gaps > one bar (weekends/closures expected)
uk100sep26/day/ask: 46 bars | OK | zero-volume 0.0% | 9 gaps > one bar (weekends/closures expected)

All structural checks passed (known baseline accepted).

=== uk100  (cash 8.0-16.5 London) ===
    1min:  40,483 bars (15,300 cash) 2026-07-03 -> 2026-08-14   spread 0.8
   15min:  23,572 bars ( 8,879 cash) 2025-08-03 -> 2026-08-14   spread 0.8
      1h:  11,655 bars ( 4,610 cash) 2024-08-04 -> 2026-08-14   spread 0.8
      4h:   3,175 bars ( 1,538 cash) 2024-08-04 -> 2026-08-14   spread 0.8
      1d:   3,753 bars ( 3,753 cash) 2012-03-26 -> 2026-08-13   spread 0.0

=== ger40  (cash 8.0-16.5 London) ===
    1min:  40,311 bars (15,300 cash) 2026-07-05 -> 2026-08-14   spread 1.0
   15min:  23,605 bars ( 8,873 cash) 2025-08-04 -> 2026-08-14   spread 1.0
      1h:  11,706 bars ( 4,626 cash) 2024-08-04 -> 2026-08-14   spread 1.0
      4h:   3,190 bars ( 1,542 cash) 2024-08-04 -> 2026-08-14   spread 1.0
      1d:   3,772 bars ( 3,772 cash) 2012-01-30 -> 2026-08-13   spread 0.0

=== us500  (cash 9.5-16.0 London) ===
    1min:  40,959 bars (11,507 cash) 2026-07-05 -> 2026-08-14   spread 0.4
   15min:  24,240 bars ( 6,800 cash) 2025-08-04 -> 2026-08-14   spread 0.4
      1h:  11,975 bars ( 3,082 cash) 2024-08-04 -> 2026-08-14   spread 0.4
      4h:   3,132 bars (   548 cash) 2024-08-04 -> 2026-08-14   spread 0.425
      1d:   3,838 bars ( 3,838 cash) 2012-03-13 -> 2026-08-13   spread 0.0

=== us30  (cash 9.5-16.0 London) ===
    1min:  40,993 bars (11,510 cash) 2026-07-05 -> 2026-08-14   spread 1.9
   15min:  24,247 bars ( 6,806 cash) 2025-08-04 -> 2026-08-14   spread 1.9
      1h:  11,975 bars ( 3,082 cash) 2024-08-04 -> 2026-08-14   spread 1.9
      4h:   3,132 bars (   548 cash) 2024-08-04 -> 2026-08-14   spread 2.2667
      1d:   3,845 bars ( 3,845 cash) 2012-03-05 -> 2026-08-13   spread 0.0

=== ustech100  (cash 9.5-16.0 London) ===
    1min:  40,994 bars (11,510 cash) 2026-07-05 -> 2026-08-14   spread 0.9
   15min:  24,247 bars ( 6,806 cash) 2025-08-04 -> 2026-08-14   spread 0.9
      1h:  11,976 bars ( 3,082 cash) 2024-08-04 -> 2026-08-14   spread 0.9
      4h:   3,132 bars (   548 cash) 2024-08-04 -> 2026-08-14   spread 1.125
      1d:   3,845 bars ( 3,845 cash) 2012-03-05 -> 2026-08-13   spread 0.0

=== gold  (cash 8.0-16.0 London) ===
    1min:  41,107 bars (14,211 cash) 2026-07-05 -> 2026-08-14   spread 0.4
   15min:  24,362 bars ( 8,440 cash) 2025-08-04 -> 2026-08-14   spread 0.4
      1h:  12,001 bars ( 4,160 cash) 2024-08-04 -> 2026-08-14   spread 0.3
      4h:   3,246 bars ( 1,029 cash) 2024-08-04 -> 2026-08-14   spread 0.45
      1d:   3,843 bars ( 3,843 cash) 2011-12-30 -> 2026-08-13   spread 0.0

=== goldvar  (cash 8.0-16.0 London) ===
    1min:  41,107 bars (14,211 cash) 2026-07-05 -> 2026-08-14   spread 0.4
   15min:  24,362 bars ( 8,440 cash) 2025-08-04 -> 2026-08-14   spread 0.4
      1h:  12,001 bars ( 4,160 cash) 2024-08-04 -> 2026-08-14   spread 0.3
      4h:   3,246 bars ( 1,029 cash) 2024-08-04 -> 2026-08-14   spread 0.4
      1d:   3,843 bars ( 3,843 cash) 2011-12-30 -> 2026-08-13   spread 0.0

=== eurusd  (cash 8.0-21.0 London) ===
    1min:  42,603 bars (23,212 cash) 2026-07-05 -> 2026-08-14   spread 0.0001
   15min:  25,581 bars (13,845 cash) 2025-08-04 -> 2026-08-14   spread 0.0001
      1h:  12,581 bars ( 6,811 cash) 2024-08-04 -> 2026-08-14   spread 0.0
      4h:   3,255 bars ( 2,095 cash) 2024-08-04 -> 2026-08-14   spread 0.0
      1d:   7,446 bars ( 7,446 cash) 1999-01-04 -> 2026-08-13   spread 0.0

=== uk100fut  (cash 8.0-16.5 London) ===
    1min:  33,497 bars (12,750 cash) 2026-07-12 -> 2026-08-14   spread 1.3
   15min:  23,119 bars ( 8,709 cash) 2025-08-10 -> 2026-08-14   spread 1.3
      1h:  11,530 bars ( 4,565 cash) 2024-08-11 -> 2026-08-14   spread 1.3
      4h:   3,141 bars ( 1,523 cash) 2024-08-11 -> 2026-08-14   spread 1.3
      1d:   1,290 bars ( 1,290 cash) 2021-07-05 -> 2026-08-13   spread 5.0

=== uk100sep26  (cash 8.0-16.5 London) ===
    1min:  33,498 bars (12,750 cash) 2026-07-12 -> 2026-08-14   spread 4.0
   15min:   4,154 bars ( 1,564 cash) 2026-06-11 -> 2026-08-14   spread 4.0
      1h:   1,048 bars (   414 cash) 2026-06-11 -> 2026-08-14   spread 4.0
      4h:     286 bars (   138 cash) 2026-06-11 -> 2026-08-14   spread 4.0
      1d:      46 bars (    46 cash) 2026-06-11 -> 2026-08-13   spread 6.0

Wrote /Users/r.john/git/vc-tx2/clean_finsa/
uk100      14/14 passed
ger40      14/14 passed
us500      14/14 passed
us30       14/14 passed
ustech100  14/14 passed
gold       14/14 passed
goldvar    14/14 passed
eurusd     14/14 passed
uk100fut   14/14 passed
uk100sep26 14/14 passed

140/140 checks passed overall.
=== done 2026-08-14T16:53:46Z sync=0 validate=0 build=0 verify=0 ===
