time,open,high,low,close,volume
2024-08-04 21:00:00+00:00,1.09222,1.09243,1.09201,1.09212,322
2024-08-04 22:00:00+00:00,1.09213,1.0922,1.09031,1.09064,3608
2024-08-04 23:00:00+00:00,1.09066,1.09115,1.09045,1.09105,5610
2024-08-05 00:00:00+00:00,1.09106,1.09226,1.09069,1.09167,9416
2024-08-05 01:00:00+00:00,1.09166,1.09217,1.0912,1.09189,10145
2024-08-05 02:00:00+00:00,1.0919,1.0924,1.09131,1.09218,6814
2024-08-05 03:00:00+00:00,1.09218,1.09314,1.09209,1.09307,5023
2024-08-05 04:00:00+00:00,1.09308,1.09398,1.09277,1.09325,7764
2024-08-05 05:00:00+00:00,1.09326,1.09387,1.09121,1.09124,13072
2024-08-05 06:00:00+00:00,1.09126,1.09178,1.08925,1.09053,26107
2024-08-05 07:00:00+00:00,1.09052,1.0967,1.09035,1.0949,19946
2024-08-05 08:00:00+00:00,1.09491,1.09751,1.09465,1.0951,13881
2024-08-05 09:00:00+00:00,1.09509,1.09609,1.09452,1.09514,9994
2024-08-05 10:00:00+00:00,1.09514,1.09514,1.0933,1.09485,7204
2024-08-05 11:00:00+00:00,1.09485,1.09649,1.09435,1.09631,8344
2024-08-05 12:00:00+00:00,1.0963,1.1009,1.09616,1.09911,14840
2024-08-05 13:00:00+00:00,1.09913,1.10034,1.09756,1.09792,22259
2024-08-05 14:00:00+00:00,1.09791,1.098,1.09566,1.09793,22843
2024-08-05 15:00:00+00:00,1.09793,1.09862,1.0956,1.09563,14668
2024-08-05 16:00:00+00:00,1.09563,1.0961,1.09476,1.09599,14693
2024-08-05 17:00:00+00:00,1.09599,1.09644,1.09475,1.09534,9923
2024-08-05 18:00:00+00:00,1.09533,1.09575,1.09492,1.09511,6662
2024-08-05 19:00:00+00:00,1.09512,1.09585,1.09496,1.09583,4967
2024-08-05 20:00:00+00:00,1.0959,1.09603,1.09494,1.09529,2730
2024-08-05 21:00:00+00:00,1.09496,1.09541,1.09496,1.09536,234
2024-08-05 22:00:00+00:00,1.09537,1.09623,1.09528,1.0955,4295
2024-08-05 23:00:00+00:00,1.0955,1.09578,1.095,1.09507,4874
2024-08-06 00:00:00+00:00,1.09507,1.0963,1.09438,1.09627,10255
2024-08-06 01:00:00+00:00,1.09626,1.0963,1.09502,1.0955,6675
2024-08-06 02:00:00+00:00,1.0955,1.09577,1.09519,1.09521,5146
2024-08-06 03:00:00+00:00,1.09521,1.09561,1.09515,1.09541,3527
2024-08-06 04:00:00+00:00,1.09541,1.09559,1.09497,1.09521,4752
2024-08-06 05:00:00+00:00,1.0952,1.09551,1.09449,1.09466,7260
2024-08-06 06:00:00+00:00,1.09465,1.09487,1.09344,1.09392,8398
2024-08-06 07:00:00+00:00,1.09391,1.09408,1.09222,1.09269,7439
2024-08-06 08:00:00+00:00,1.09269,1.09351,1.09187,1.09278,6603
2024-08-06 09:00:00+00:00,1.09278,1.09278,1.09077,1.09121,5294
2024-08-06 10:00:00+00:00,1.09117,1.09143,1.09041,1.09085,4608
2024-08-06 11:00:00+00:00,1.09089,1.09176,1.09037,1.09167,4183
2024-08-06 12:00:00+00:00,1.09169,1.09179,1.09046,1.09052,5936
2024-08-06 13:00:00+00:00,1.09056,1.09246,1.09056,1.09186,5329
2024-08-06 14:00:00+00:00,1.09187,1.0935,1.09153,1.09338,5663
2024-08-06 15:00:00+00:00,1.09339,1.09342,1.09224,1.09253,6729
2024-08-06 16:00:00+00:00,1.09255,1.09323,1.09209,1.09279,5472
2024-08-06 17:00:00+00:00,1.09278,1.09311,1.09228,1.09259,3614
2024-08-06 18:00:00+00:00,1.09261,1.09338,1.09252,1.09286,3392
2024-08-06 19:00:00+00:00,1.09287,1.09305,1.0923,1.09299,5226
2024-08-06 20:00:00+00:00,1.09299,1.09322,1.09277,1.09314,3395
2024-08-06 21:00:00+00:00,1.09304,1.09319,1.09273,1.0929,669
2024-08-06 22:00:00+00:00,1.09285,1.09321,1.09276,1.09296,3873
2024-08-06 23:00:00+00:00,1.09297,1.09304,1.09239,1.09259,2017
2024-08-07 00:00:00+00:00,1.0926,1.09305,1.09233,1.09298,3719
2024-08-07 01:00:00+00:00,1.09298,1.09305,1.09111,1.09183,5750
2024-08-07 02:00:00+00:00,1.09184,1.09194,1.09123,1.09164,6010
2024-08-07 03:00:00+00:00,1.09165,1.09176,1.09119,1.09159,3164
2024-08-07 04:00:00+00:00,1.09159,1.09169,1.09117,1.09117,3137
2024-08-07 05:00:00+00:00,1.09115,1.09131,1.09069,1.09104,4287
2024-08-07 06:00:00+00:00,1.09104,1.09154,1.09061,1.09151,4540
2024-08-07 07:00:00+00:00,1.09152,1.0928,1.09131,1.09223,5621
2024-08-07 08:00:00+00:00,1.09223,1.0928,1.09186,1.09189,3842
2024-08-07 09:00:00+00:00,1.09188,1.09196,1.09085,1.09136,3949
2024-08-07 10:00:00+00:00,1.09137,1.09234,1.09096,1.0918,3412
2024-08-07 11:00:00+00:00,1.09181,1.09264,1.09179,1.09232,2766
2024-08-07 12:00:00+00:00,1.09234,1.09256,1.09135,1.09219,3529
2024-08-07 13:00:00+00:00,1.09218,1.09265,1.09126,1.09188,3189
2024-08-07 14:00:00+00:00,1.09195,1.09342,1.09189,1.09319,3838
2024-08-07 15:00:00+00:00,1.09318,1.09367,1.09239,1.09247,4639
2024-08-07 16:00:00+00:00,1.09247,1.0927,1.09212,1.09222,4497
2024-08-07 17:00:00+00:00,1.09222,1.09271,1.09176,1.09223,5843
2024-08-07 18:00:00+00:00,1.09223,1.09239,1.09177,1.09222,4973
2024-08-07 19:00:00+00:00,1.09223,1.09267,1.09214,1.09232,4908
2024-08-07 20:00:00+00:00,1.09233,1.09237,1.09202,1.09226,2927
2024-08-07 21:00:00+00:00,1.09212,1.09242,1.09206,1.09239,423
2024-08-07 22:00:00+00:00,1.09243,1.0927,1.09226,1.0927,2362
2024-08-07 23:00:00+00:00,1.0927,1.09338,1.09266,1.09275,3240
2024-08-08 00:00:00+00:00,1.09275,1.09325,1.0926,1.09281,4344
2024-08-08 01:00:00+00:00,1.09282,1.09308,1.09236,1.09277,4187
2024-08-08 02:00:00+00:00,1.09278,1.09352,1.09267,1.09338,3110
2024-08-08 03:00:00+00:00,1.09339,1.09355,1.093,1.09352,2646
2024-08-08 04:00:00+00:00,1.09351,1.09379,1.09309,1.09317,3100
2024-08-08 05:00:00+00:00,1.09318,1.0936,1.09299,1.09358,3212
2024-08-08 06:00:00+00:00,1.09358,1.09448,1.09336,1.09429,3840
2024-08-08 07:00:00+00:00,1.0943,1.09453,1.09339,1.094,5134
2024-08-08 08:00:00+00:00,1.09399,1.09444,1.09355,1.09371,2911
2024-08-08 09:00:00+00:00,1.0937,1.09396,1.09262,1.0927,2089
2024-08-08 10:00:00+00:00,1.09271,1.09287,1.09209,1.09254,2501
2024-08-08 11:00:00+00:00,1.09253,1.09334,1.09232,1.09308,2712
2024-08-08 12:00:00+00:00,1.09306,1.09325,1.08917,1.08976,8448
2024-08-08 13:00:00+00:00,1.08977,1.09064,1.08815,1.08929,5848
2024-08-08 14:00:00+00:00,1.08932,1.09079,1.08914,1.09064,4695
2024-08-08 15:00:00+00:00,1.09063,1.09146,1.0906,1.09131,5669
2024-08-08 16:00:00+00:00,1.09132,1.09145,1.09051,1.09088,4240
2024-08-08 17:00:00+00:00,1.09089,1.09163,1.09074,1.09127,3812
2024-08-08 18:00:00+00:00,1.09128,1.0919,1.09111,1.09183,3032
2024-08-08 19:00:00+00:00,1.09182,1.09182,1.09134,1.0916,4181
2024-08-08 20:00:00+00:00,1.0916,1.09192,1.0916,1.09189,1155
2024-08-08 21:00:00+00:00,1.09161,1.0918,1.09144,1.09177,251
2024-08-08 22:00:00+00:00,1.09171,1.09191,1.09161,1.09186,1538
2024-08-08 23:00:00+00:00,1.09186,1.09196,1.09145,1.09149,2281
2024-08-09 00:00:00+00:00,1.0915,1.09161,1.09116,1.09131,3008
2024-08-09 01:00:00+00:00,1.09132,1.0919,1.0912,1.09179,2421
2024-08-09 02:00:00+00:00,1.09179,1.09245,1.09157,1.09215,2245
2024-08-09 03:00:00+00:00,1.09213,1.09242,1.09204,1.09229,1632
2024-08-09 04:00:00+00:00,1.09229,1.09242,1.092,1.09202,1947
2024-08-09 05:00:00+00:00,1.09202,1.09216,1.09183,1.09195,3135
2024-08-09 06:00:00+00:00,1.09196,1.09281,1.09177,1.09274,2914
2024-08-09 07:00:00+00:00,1.09273,1.09291,1.09204,1.0922,2885
2024-08-09 08:00:00+00:00,1.09219,1.09226,1.09131,1.09176,2965
2024-08-09 09:00:00+00:00,1.09177,1.0926,1.09174,1.09197,2380
2024-08-09 10:00:00+00:00,1.09197,1.09232,1.09168,1.09177,1984
2024-08-09 11:00:00+00:00,1.09176,1.09207,1.09114,1.09163,2616
2024-08-09 12:00:00+00:00,1.09161,1.09196,1.09091,1.09118,2911
2024-08-09 13:00:00+00:00,1.09118,1.09241,1.09099,1.09225,2956
2024-08-09 14:00:00+00:00,1.09224,1.09314,1.09213,1.09232,2780
2024-08-09 15:00:00+00:00,1.0923,1.09277,1.09218,1.09241,3405
2024-08-09 16:00:00+00:00,1.09241,1.09247,1.09179,1.09187,3776
2024-08-09 17:00:00+00:00,1.09188,1.09237,1.09152,1.09208,2698
2024-08-09 18:00:00+00:00,1.09207,1.09219,1.09171,1.09195,3176
2024-08-09 19:00:00+00:00,1.09195,1.09212,1.09173,1.09188,2394
2024-08-09 20:00:00+00:00,1.09188,1.09195,1.09148,1.09164,1825
2024-08-11 21:00:00+00:00,1.09171,1.09199,1.09167,1.0919,400
2024-08-11 22:00:00+00:00,1.09187,1.09187,1.09101,1.0913,1561
2024-08-11 23:00:00+00:00,1.09131,1.09152,1.09126,1.09129,1197
2024-08-12 00:00:00+00:00,1.09128,1.09199,1.09118,1.09184,1782
2024-08-12 01:00:00+00:00,1.09184,1.09231,1.09181,1.09208,1842
2024-08-12 02:00:00+00:00,1.09207,1.09219,1.09178,1.09179,1350
2024-08-12 03:00:00+00:00,1.0918,1.09189,1.09128,1.0914,1082
2024-08-12 04:00:00+00:00,1.09141,1.09216,1.09137,1.0919,1011
2024-08-12 05:00:00+00:00,1.09191,1.09211,1.09177,1.09186,1209
2024-08-12 06:00:00+00:00,1.09185,1.09236,1.0916,1.09213,2257
2024-08-12 07:00:00+00:00,1.09212,1.09305,1.09195,1.09223,6662
2024-08-12 08:00:00+00:00,1.09224,1.09253,1.09161,1.09209,2235
2024-08-12 09:00:00+00:00,1.09208,1.0928,1.09178,1.09269,1532
2024-08-12 10:00:00+00:00,1.0927,1.093,1.09217,1.09266,1650
2024-08-12 11:00:00+00:00,1.09271,1.09293,1.09199,1.09261,1516
2024-08-12 12:00:00+00:00,1.09258,1.09289,1.09177,1.092,1856
2024-08-12 13:00:00+00:00,1.09206,1.09336,1.09201,1.09254,2760
2024-08-12 14:00:00+00:00,1.09252,1.09334,1.09152,1.09313,2932
2024-08-12 15:00:00+00:00,1.09312,1.09394,1.09274,1.09281,4147
2024-08-12 16:00:00+00:00,1.0928,1.09295,1.09218,1.09229,2254
2024-08-12 17:00:00+00:00,1.0923,1.09337,1.09222,1.09332,2068
2024-08-12 18:00:00+00:00,1.09331,1.09351,1.09283,1.09305,1756
2024-08-12 19:00:00+00:00,1.09305,1.09333,1.09298,1.09315,1494
2024-08-12 20:00:00+00:00,1.09316,1.09324,1.09274,1.09318,1157
2024-08-12 21:00:00+00:00,1.09312,1.09329,1.09302,1.09322,422
2024-08-12 22:00:00+00:00,1.09325,1.09332,1.09311,1.09324,1127
2024-08-12 23:00:00+00:00,1.09325,1.09366,1.09314,1.09362,1362
2024-08-13 00:00:00+00:00,1.09363,1.09363,1.09296,1.09302,1883
2024-08-13 01:00:00+00:00,1.09301,1.09354,1.09294,1.0935,1505
2024-08-13 02:00:00+00:00,1.09349,1.09377,1.09341,1.09355,915
2024-08-13 03:00:00+00:00,1.09356,1.09385,1.09353,1.0937,842
2024-08-13 04:00:00+00:00,1.09371,1.09394,1.09358,1.09393,1079
2024-08-13 05:00:00+00:00,1.09394,1.09412,1.09375,1.09398,1298
2024-08-13 06:00:00+00:00,1.09399,1.09409,1.09326,1.09333,2596
2024-08-13 07:00:00+00:00,1.09334,1.0935,1.09265,1.09302,1940
2024-08-13 08:00:00+00:00,1.09301,1.09301,1.09208,1.09236,1819
2024-08-13 09:00:00+00:00,1.09235,1.09271,1.09139,1.09198,1887
2024-08-13 10:00:00+00:00,1.09197,1.09251,1.09181,1.09233,1451
2024-08-13 11:00:00+00:00,1.09231,1.09323,1.09227,1.09303,1217
2024-08-13 12:00:00+00:00,1.09304,1.09467,1.09256,1.09413,4680
2024-08-13 13:00:00+00:00,1.0941,1.09625,1.09382,1.09593,4244
2024-08-13 14:00:00+00:00,1.09585,1.09619,1.09503,1.09559,2688
2024-08-13 15:00:00+00:00,1.09561,1.09586,1.09481,1.09535,2921
2024-08-13 16:00:00+00:00,1.09538,1.0974,1.09529,1.09724,2576
2024-08-13 17:00:00+00:00,1.09726,1.09786,1.09699,1.09768,2834
2024-08-13 18:00:00+00:00,1.09768,1.09994,1.09768,1.09992,3141
2024-08-13 19:00:00+00:00,1.09993,1.09998,1.09939,1.09959,2590
2024-08-13 20:00:00+00:00,1.09961,1.09989,1.09927,1.09935,1925
2024-08-13 21:00:00+00:00,1.09899,1.09933,1.09843,1.09927,1643
2024-08-13 22:00:00+00:00,1.0992,1.09973,1.09918,1.09966,1140
2024-08-13 23:00:00+00:00,1.09967,1.09983,1.09943,1.09959,1183
2024-08-14 00:00:00+00:00,1.0996,1.09972,1.0992,1.09921,1866
2024-08-14 01:00:00+00:00,1.0992,1.09967,1.09905,1.0992,1777
2024-08-14 02:00:00+00:00,1.09918,1.0994,1.09902,1.09916,2732
2024-08-14 03:00:00+00:00,1.09917,1.09918,1.09889,1.09901,1731
2024-08-14 04:00:00+00:00,1.09901,1.09933,1.09897,1.09929,1062
2024-08-14 05:00:00+00:00,1.09929,1.09947,1.09897,1.09908,1275
2024-08-14 06:00:00+00:00,1.09909,1.10018,1.09864,1.09999,3574
2024-08-14 07:00:00+00:00,1.1,1.10079,1.09963,1.10059,2224
2024-08-14 08:00:00+00:00,1.10057,1.102,1.10026,1.10193,2641
2024-08-14 09:00:00+00:00,1.10193,1.10287,1.10155,1.10257,1766
2024-08-14 10:00:00+00:00,1.10256,1.10256,1.10181,1.10221,1802
2024-08-14 11:00:00+00:00,1.1022,1.10252,1.102,1.10222,1398
2024-08-14 12:00:00+00:00,1.1023,1.1036,1.10041,1.10169,9674
2024-08-14 13:00:00+00:00,1.10167,1.10425,1.10164,1.10377,4668
2024-08-14 14:00:00+00:00,1.10378,1.10474,1.10273,1.10357,2774
2024-08-14 15:00:00+00:00,1.10358,1.10362,1.10214,1.10233,2209
2024-08-14 16:00:00+00:00,1.10233,1.10242,1.10155,1.10184,2513
2024-08-14 17:00:00+00:00,1.10182,1.10185,1.10131,1.10142,1946
2024-08-14 18:00:00+00:00,1.10143,1.10172,1.10109,1.10162,1650
2024-08-14 19:00:00+00:00,1.10161,1.10165,1.10114,1.1013,1994
2024-08-14 20:00:00+00:00,1.10131,1.10146,1.10109,1.10122,1743
2024-08-14 21:00:00+00:00,1.10122,1.10141,1.1012,1.10125,349
2024-08-14 22:00:00+00:00,1.10128,1.10159,1.10119,1.10132,803
2024-08-14 23:00:00+00:00,1.10134,1.10141,1.10098,1.10116,1026
2024-08-15 00:00:00+00:00,1.10117,1.10143,1.10092,1.10097,1718
2024-08-15 01:00:00+00:00,1.10097,1.101,1.10032,1.1007,2356
2024-08-15 02:00:00+00:00,1.1007,1.10114,1.10057,1.10087,1803
2024-08-15 03:00:00+00:00,1.10088,1.10109,1.10076,1.10082,967
2024-08-15 04:00:00+00:00,1.10083,1.10122,1.10081,1.10118,820
2024-08-15 05:00:00+00:00,1.10117,1.10131,1.10088,1.10098,1302
2024-08-15 06:00:00+00:00,1.10099,1.10155,1.10081,1.10145,1539
2024-08-15 07:00:00+00:00,1.10146,1.10154,1.10076,1.10135,1898
2024-08-15 08:00:00+00:00,1.10134,1.10136,1.10054,1.10062,1451
2024-08-15 09:00:00+00:00,1.10059,1.1013,1.10035,1.1012,1058
2024-08-15 10:00:00+00:00,1.10119,1.10142,1.10082,1.10102,679
2024-08-15 11:00:00+00:00,1.10104,1.10137,1.10099,1.10134,935
2024-08-15 12:00:00+00:00,1.10133,1.10143,1.09519,1.09566,7220
2024-08-15 13:00:00+00:00,1.09569,1.09699,1.09497,1.09686,4147
2024-08-15 14:00:00+00:00,1.09687,1.09863,1.09652,1.09831,2718
2024-08-15 15:00:00+00:00,1.09832,1.09896,1.09817,1.09855,2867
2024-08-15 16:00:00+00:00,1.09858,1.09893,1.09776,1.09783,2063
2024-08-15 17:00:00+00:00,1.0978,1.09797,1.09718,1.09744,1719
2024-08-15 18:00:00+00:00,1.09746,1.09794,1.09739,1.09784,1744
2024-08-15 19:00:00+00:00,1.09783,1.098,1.09726,1.09742,1314
2024-08-15 20:00:00+00:00,1.09742,1.09742,1.09706,1.09727,1427
2024-08-15 21:00:00+00:00,1.09723,1.09731,1.09718,1.09724,231
2024-08-15 22:00:00+00:00,1.09722,1.09746,1.0971,1.09714,779
2024-08-15 23:00:00+00:00,1.09714,1.09751,1.09713,1.09726,959
2024-08-16 00:00:00+00:00,1.09725,1.09771,1.09719,1.09757,1795
2024-08-16 01:00:00+00:00,1.09758,1.09814,1.09745,1.0981,1893
2024-08-16 02:00:00+00:00,1.0981,1.09827,1.09782,1.09814,1434
2024-08-16 03:00:00+00:00,1.09814,1.09819,1.09768,1.09772,1150
2024-08-16 04:00:00+00:00,1.09773,1.09825,1.09763,1.09821,1207
2024-08-16 05:00:00+00:00,1.09822,1.09861,1.09815,1.09856,1682
2024-08-16 06:00:00+00:00,1.09853,1.09868,1.09808,1.09816,1517
2024-08-16 07:00:00+00:00,1.09817,1.09862,1.09769,1.09851,1397
2024-08-16 08:00:00+00:00,1.09854,1.09898,1.09798,1.0981,1249
2024-08-16 09:00:00+00:00,1.09811,1.09901,1.09789,1.09899,1165
2024-08-16 10:00:00+00:00,1.099,1.09951,1.09853,1.0994,1028
2024-08-16 11:00:00+00:00,1.09939,1.09949,1.09892,1.09923,1455
2024-08-16 12:00:00+00:00,1.09924,1.09948,1.09854,1.0994,2345
2024-08-16 13:00:00+00:00,1.09941,1.10046,1.09919,1.1002,2635
2024-08-16 14:00:00+00:00,1.10021,1.10022,1.09828,1.09905,3031
2024-08-16 15:00:00+00:00,1.09904,1.09976,1.09904,1.0996,2163
2024-08-16 16:00:00+00:00,1.09961,1.10043,1.09958,1.10038,1912
2024-08-16 17:00:00+00:00,1.10039,1.10128,1.10039,1.10128,2236
2024-08-16 18:00:00+00:00,1.10127,1.10215,1.10094,1.10206,2069
2024-08-16 19:00:00+00:00,1.10207,1.10248,1.10182,1.10244,2220
2024-08-16 20:00:00+00:00,1.10245,1.10299,1.10222,1.10245,1866
2024-08-18 21:00:00+00:00,1.10304,1.10304,1.10247,1.10263,324
2024-08-18 22:00:00+00:00,1.10263,1.10341,1.10244,1.10252,2200
2024-08-18 23:00:00+00:00,1.10254,1.10263,1.10228,1.10248,1712
2024-08-19 00:00:00+00:00,1.10247,1.10362,1.10233,1.10303,3029
2024-08-19 01:00:00+00:00,1.10303,1.10335,1.10277,1.10311,2104
2024-08-19 02:00:00+00:00,1.10311,1.1032,1.10289,1.10308,1157
2024-08-19 03:00:00+00:00,1.10308,1.10404,1.10302,1.1039,2327
2024-08-19 04:00:00+00:00,1.1039,1.10418,1.10365,1.10398,1662
2024-08-19 05:00:00+00:00,1.10398,1.10491,1.10397,1.10476,2939
2024-08-19 06:00:00+00:00,1.10476,1.10502,1.10409,1.10422,3073
2024-08-19 07:00:00+00:00,1.10419,1.10473,1.10404,1.10427,2293
2024-08-19 08:00:00+00:00,1.10428,1.10506,1.10357,1.10372,2181
2024-08-19 09:00:00+00:00,1.10372,1.10413,1.10346,1.10352,1296
2024-08-19 10:00:00+00:00,1.10353,1.10382,1.1031,1.1037,1639
2024-08-19 11:00:00+00:00,1.10369,1.10438,1.10327,1.10423,1526
2024-08-19 12:00:00+00:00,1.10427,1.10444,1.10347,1.10389,1760
2024-08-19 13:00:00+00:00,1.10388,1.10446,1.10303,1.10445,1527
2024-08-19 14:00:00+00:00,1.10445,1.10737,1.10431,1.10656,4027
2024-08-19 15:00:00+00:00,1.10653,1.10722,1.10599,1.10694,2988
2024-08-19 16:00:00+00:00,1.10693,1.10741,1.10673,1.10737,2145
2024-08-19 17:00:00+00:00,1.10735,1.1077,1.10705,1.1077,1605
2024-08-19 18:00:00+00:00,1.10771,1.10851,1.10765,1.10816,2274
2024-08-19 19:00:00+00:00,1.10815,1.10864,1.1079,1.10837,1786
2024-08-19 20:00:00+00:00,1.10837,1.10862,1.10816,1.10851,1289
2024-08-19 21:00:00+00:00,1.10828,1.10854,1.10807,1.10844,434
2024-08-19 22:00:00+00:00,1.10843,1.10875,1.10837,1.10854,985
2024-08-19 23:00:00+00:00,1.10854,1.10868,1.10832,1.10856,1407
2024-08-20 00:00:00+00:00,1.10857,1.10872,1.108,1.1082,2341
2024-08-20 01:00:00+00:00,1.10821,1.10873,1.10816,1.10854,2837
2024-08-20 02:00:00+00:00,1.10853,1.1087,1.1075,1.10762,2229
2024-08-20 03:00:00+00:00,1.10763,1.10793,1.10751,1.10756,1825
2024-08-20 04:00:00+00:00,1.10757,1.1079,1.1075,1.1077,1354
2024-08-20 05:00:00+00:00,1.10769,1.10778,1.10727,1.10767,1918
2024-08-20 06:00:00+00:00,1.10769,1.10822,1.10743,1.10813,2713
2024-08-20 07:00:00+00:00,1.10812,1.10871,1.10719,1.10868,2485
2024-08-20 08:00:00+00:00,1.10869,1.10889,1.10779,1.10799,1974
2024-08-20 09:00:00+00:00,1.10798,1.10819,1.10751,1.10757,1890
2024-08-20 10:00:00+00:00,1.10758,1.10828,1.10752,1.1082,1399
2024-08-20 11:00:00+00:00,1.10822,1.10866,1.10768,1.1081,1563
2024-08-20 12:00:00+00:00,1.10809,1.10987,1.10805,1.10985,2433
2024-08-20 13:00:00+00:00,1.10982,1.11052,1.10928,1.11022,3260
2024-08-20 14:00:00+00:00,1.11023,1.11169,1.10936,1.11118,3900
2024-08-20 15:00:00+00:00,1.11117,1.11122,1.10996,1.11052,3445
2024-08-20 16:00:00+00:00,1.11053,1.11192,1.11041,1.11149,3163
2024-08-20 17:00:00+00:00,1.1115,1.11169,1.11089,1.11162,2026
2024-08-20 18:00:00+00:00,1.11163,1.11226,1.11157,1.11208,2012
2024-08-20 19:00:00+00:00,1.11207,1.11275,1.11194,1.11246,1982
2024-08-20 20:00:00+00:00,1.11247,1.11305,1.11239,1.11297,2644
2024-08-20 21:00:00+00:00,1.11281,1.11298,1.11262,1.11294,1015
2024-08-20 22:00:00+00:00,1.1129,1.11295,1.11262,1.11285,1329
2024-08-20 23:00:00+00:00,1.11284,1.11317,1.11268,1.11275,1654
2024-08-21 00:00:00+00:00,1.11274,1.11327,1.11254,1.11279,2486
2024-08-21 01:00:00+00:00,1.11279,1.11281,1.1119,1.11217,2778
2024-08-21 02:00:00+00:00,1.11216,1.11253,1.11202,1.11217,1585
2024-08-21 03:00:00+00:00,1.11218,1.11225,1.11172,1.11211,1688
2024-08-21 04:00:00+00:00,1.11209,1.11214,1.11165,1.11191,1360
2024-08-21 05:00:00+00:00,1.11191,1.1121,1.11163,1.11178,1897
2024-08-21 06:00:00+00:00,1.11177,1.11199,1.11131,1.1118,2603
2024-08-21 07:00:00+00:00,1.11181,1.11289,1.11106,1.11144,2878
2024-08-21 08:00:00+00:00,1.11144,1.11224,1.11111,1.11185,2034
2024-08-21 09:00:00+00:00,1.11184,1.11254,1.11135,1.11171,1371
2024-08-21 10:00:00+00:00,1.1117,1.1126,1.11158,1.1125,941
2024-08-21 11:00:00+00:00,1.11249,1.11249,1.11102,1.11148,1361
2024-08-21 12:00:00+00:00,1.11151,1.113,1.11135,1.11249,2199
2024-08-21 13:00:00+00:00,1.1125,1.11278,1.11115,1.11146,2567
2024-08-21 14:00:00+00:00,1.11145,1.11299,1.10989,1.11247,16241
2024-08-21 15:00:00+00:00,1.11245,1.11479,1.11245,1.11423,6180
2024-08-21 16:00:00+00:00,1.11422,1.11482,1.11417,1.11464,3549
2024-08-21 17:00:00+00:00,1.11465,1.11585,1.11457,1.11559,2843
2024-08-21 18:00:00+00:00,1.11557,1.11741,1.11552,1.11617,6332
2024-08-21 19:00:00+00:00,1.11618,1.11618,1.11514,1.11517,2076
2024-08-21 20:00:00+00:00,1.11517,1.11525,1.11472,1.11495,1417
2024-08-21 21:00:00+00:00,1.11499,1.11543,1.11478,1.11486,896
2024-08-21 22:00:00+00:00,1.1148,1.11563,1.1148,1.11562,1183
2024-08-21 23:00:00+00:00,1.11563,1.11581,1.11531,1.11551,1202
2024-08-22 00:00:00+00:00,1.1155,1.11568,1.11453,1.11476,3010
2024-08-22 01:00:00+00:00,1.11475,1.11492,1.11426,1.11432,2146
2024-08-22 02:00:00+00:00,1.11431,1.11446,1.11405,1.11432,1455
2024-08-22 03:00:00+00:00,1.11431,1.11456,1.11427,1.11447,1146
2024-08-22 04:00:00+00:00,1.11447,1.11457,1.11408,1.11434,1605
2024-08-22 05:00:00+00:00,1.11434,1.11444,1.11402,1.1143,1845
2024-08-22 06:00:00+00:00,1.11429,1.11497,1.1141,1.11495,1739
2024-08-22 07:00:00+00:00,1.11496,1.11654,1.11276,1.11372,4897
2024-08-22 08:00:00+00:00,1.11372,1.1151,1.11368,1.11428,2671
2024-08-22 09:00:00+00:00,1.11427,1.11428,1.11334,1.11398,2160
2024-08-22 10:00:00+00:00,1.11399,1.11461,1.11326,1.11454,1746
2024-08-22 11:00:00+00:00,1.11451,1.11452,1.11322,1.11368,2266
2024-08-22 12:00:00+00:00,1.1137,1.11432,1.11253,1.11402,3972
2024-08-22 13:00:00+00:00,1.11405,1.11416,1.11123,1.11191,4390
2024-08-22 14:00:00+00:00,1.11191,1.11197,1.10982,1.11149,4086
2024-08-22 15:00:00+00:00,1.11145,1.11151,1.11052,1.11131,4029
2024-08-22 16:00:00+00:00,1.11132,1.11177,1.1108,1.11105,3010
2024-08-22 17:00:00+00:00,1.11104,1.11108,1.10988,1.11028,2004
2024-08-22 18:00:00+00:00,1.11027,1.11111,1.11027,1.11106,2183
2024-08-22 19:00:00+00:00,1.11103,1.11135,1.11049,1.11085,2111
2024-08-22 20:00:00+00:00,1.11085,1.11134,1.11076,1.11121,1231
2024-08-22 21:00:00+00:00,1.11122,1.11126,1.111,1.11116,661
2024-08-22 22:00:00+00:00,1.11115,1.11163,1.11109,1.11136,1056
2024-08-22 23:00:00+00:00,1.11137,1.11178,1.11137,1.11161,820
2024-08-23 00:00:00+00:00,1.1116,1.11225,1.1113,1.11198,3005
2024-08-23 01:00:00+00:00,1.11198,1.11284,1.11182,1.11276,2455
2024-08-23 02:00:00+00:00,1.11277,1.11287,1.11229,1.1125,1712
2024-08-23 03:00:00+00:00,1.11252,1.11274,1.11232,1.11249,1136
2024-08-23 04:00:00+00:00,1.11249,1.11285,1.11247,1.11278,954
2024-08-23 05:00:00+00:00,1.11278,1.11288,1.11247,1.11261,1578
2024-08-23 06:00:00+00:00,1.1126,1.11305,1.11203,1.11283,1882
2024-08-23 07:00:00+00:00,1.11285,1.1132,1.11125,1.11193,2097
2024-08-23 08:00:00+00:00,1.11193,1.11239,1.11173,1.11229,1586
2024-08-23 09:00:00+00:00,1.11228,1.11272,1.11168,1.11173,1366
2024-08-23 10:00:00+00:00,1.11172,1.11233,1.11153,1.11197,1440
2024-08-23 11:00:00+00:00,1.11195,1.11211,1.1111,1.11192,1942
2024-08-23 12:00:00+00:00,1.1119,1.11229,1.11111,1.11147,1986
2024-08-23 13:00:00+00:00,1.11142,1.11152,1.11056,1.11147,2231
2024-08-23 14:00:00+00:00,1.11146,1.11848,1.11143,1.1175,13658
2024-08-23 15:00:00+00:00,1.11749,1.11961,1.11737,1.11755,6279
2024-08-23 16:00:00+00:00,1.11754,1.1179,1.11645,1.1174,4548
2024-08-23 17:00:00+00:00,1.11741,1.11977,1.11732,1.11927,4025
2024-08-23 18:00:00+00:00,1.11926,1.12011,1.11857,1.11874,3656
2024-08-23 19:00:00+00:00,1.11873,1.11957,1.11856,1.11913,2841
2024-08-23 20:00:00+00:00,1.11912,1.11944,1.11875,1.1191,1518
2024-08-25 21:00:00+00:00,1.11918,1.1196,1.11903,1.11919,645
2024-08-25 22:00:00+00:00,1.11914,1.11945,1.11869,1.11912,2356
2024-08-25 23:00:00+00:00,1.11913,1.11926,1.11865,1.11894,2190
2024-08-26 00:00:00+00:00,1.11894,1.12016,1.11871,1.11939,3488
2024-08-26 01:00:00+00:00,1.11937,1.12003,1.11873,1.11895,3274
2024-08-26 02:00:00+00:00,1.11896,1.11948,1.11858,1.11868,2033
2024-08-26 03:00:00+00:00,1.11868,1.11888,1.11818,1.11834,1816
2024-08-26 04:00:00+00:00,1.11835,1.11863,1.11822,1.11833,1394
2024-08-26 05:00:00+00:00,1.11834,1.11853,1.11776,1.11792,1733
2024-08-26 06:00:00+00:00,1.11792,1.11894,1.11792,1.11814,2561
2024-08-26 07:00:00+00:00,1.11813,1.11847,1.11758,1.11808,3129
2024-08-26 08:00:00+00:00,1.11808,1.11849,1.11764,1.11805,2700
2024-08-26 09:00:00+00:00,1.11804,1.11828,1.11716,1.11744,2521
2024-08-26 10:00:00+00:00,1.11745,1.11769,1.11692,1.11717,2513
2024-08-26 11:00:00+00:00,1.11716,1.11735,1.11631,1.11653,3092
2024-08-26 12:00:00+00:00,1.1165,1.11686,1.11585,1.11613,6475
2024-08-26 13:00:00+00:00,1.11614,1.11627,1.11501,1.11597,6147
2024-08-26 14:00:00+00:00,1.11596,1.11789,1.11539,1.11766,7289
2024-08-26 15:00:00+00:00,1.11765,1.11769,1.11635,1.11637,5258
2024-08-26 16:00:00+00:00,1.11635,1.11722,1.11597,1.11712,4249
2024-08-26 17:00:00+00:00,1.11713,1.11755,1.11677,1.11697,3664
2024-08-26 18:00:00+00:00,1.11697,1.11712,1.11596,1.11636,3752
2024-08-26 19:00:00+00:00,1.11636,1.11656,1.11587,1.11596,2853
2024-08-26 20:00:00+00:00,1.11595,1.11614,1.11586,1.11611,1178
2024-08-26 21:00:00+00:00,1.11616,1.11631,1.11604,1.11609,393
2024-08-26 22:00:00+00:00,1.1161,1.1164,1.11606,1.11629,1220
2024-08-26 23:00:00+00:00,1.11629,1.1167,1.11629,1.11645,1430
2024-08-27 00:00:00+00:00,1.11646,1.11657,1.11596,1.1161,2083
2024-08-27 01:00:00+00:00,1.11609,1.11706,1.11597,1.11692,2120
2024-08-27 02:00:00+00:00,1.11693,1.11704,1.11642,1.11681,1401
2024-08-27 03:00:00+00:00,1.1168,1.11691,1.1165,1.11668,1052
2024-08-27 04:00:00+00:00,1.11668,1.11696,1.11668,1.11683,956
2024-08-27 05:00:00+00:00,1.11684,1.11724,1.11647,1.11668,1532
2024-08-27 06:00:00+00:00,1.11668,1.11715,1.11614,1.11618,2092
2024-08-27 07:00:00+00:00,1.11624,1.11727,1.11624,1.11641,3175
2024-08-27 08:00:00+00:00,1.11639,1.11741,1.11622,1.11668,1901
2024-08-27 09:00:00+00:00,1.11665,1.11788,1.11663,1.11683,2690
2024-08-27 10:00:00+00:00,1.11677,1.117,1.11619,1.11661,2180
2024-08-27 11:00:00+00:00,1.11662,1.11699,1.11607,1.11607,2164
2024-08-27 12:00:00+00:00,1.11608,1.11648,1.11506,1.11587,2962
2024-08-27 13:00:00+00:00,1.11584,1.11699,1.11527,1.11682,2771
2024-08-27 14:00:00+00:00,1.11685,1.11718,1.11631,1.1166,3617
2024-08-27 15:00:00+00:00,1.11662,1.11699,1.11588,1.11598,3268
2024-08-27 16:00:00+00:00,1.11597,1.11677,1.11597,1.11657,2822
2024-08-27 17:00:00+00:00,1.11658,1.11826,1.11644,1.11815,2879
2024-08-27 18:00:00+00:00,1.11814,1.11906,1.11801,1.11859,2803
2024-08-27 19:00:00+00:00,1.11854,1.11854,1.11812,1.11843,2261
2024-08-27 20:00:00+00:00,1.11843,1.11859,1.11828,1.11842,1075
2024-08-27 21:00:00+00:00,1.11835,1.11859,1.11808,1.1184,1431
2024-08-27 22:00:00+00:00,1.11838,1.11853,1.11832,1.11839,1158
2024-08-27 23:00:00+00:00,1.1184,1.11846,1.11748,1.11771,1075
2024-08-28 00:00:00+00:00,1.11771,1.118,1.11746,1.11798,2502
2024-08-28 01:00:00+00:00,1.11798,1.11799,1.11721,1.11739,2819
2024-08-28 02:00:00+00:00,1.11738,1.11778,1.11667,1.11667,2089
2024-08-28 03:00:00+00:00,1.11667,1.11692,1.11623,1.11658,1444
2024-08-28 04:00:00+00:00,1.11659,1.1168,1.11583,1.11595,1264
2024-08-28 05:00:00+00:00,1.11595,1.11608,1.11397,1.11438,3234
2024-08-28 06:00:00+00:00,1.11439,1.11514,1.11351,1.11478,2624
2024-08-28 07:00:00+00:00,1.11481,1.11591,1.11481,1.11563,2254
2024-08-28 08:00:00+00:00,1.11564,1.11594,1.11391,1.11414,2085
2024-08-28 09:00:00+00:00,1.11411,1.11456,1.11332,1.11358,2353
2024-08-28 10:00:00+00:00,1.1136,1.11376,1.11221,1.11253,2154
2024-08-28 11:00:00+00:00,1.11255,1.11311,1.11175,1.11206,1719
2024-08-28 12:00:00+00:00,1.11207,1.1123,1.1105,1.1112,2705
2024-08-28 13:00:00+00:00,1.11119,1.11221,1.11106,1.11113,4198
2024-08-28 14:00:00+00:00,1.11114,1.11378,1.11108,1.11302,4131
2024-08-28 15:00:00+00:00,1.11303,1.11312,1.11213,1.11261,5177
2024-08-28 16:00:00+00:00,1.11261,1.11263,1.11103,1.11148,4238
2024-08-28 17:00:00+00:00,1.11147,1.11173,1.11053,1.11068,4113
2024-08-28 18:00:00+00:00,1.11067,1.11162,1.11056,1.11159,2449
2024-08-28 19:00:00+00:00,1.1116,1.1118,1.11131,1.11133,2492
2024-08-28 20:00:00+00:00,1.11131,1.11202,1.11125,1.11198,1763
2024-08-28 21:00:00+00:00,1.11212,1.11212,1.11193,1.11199,154
2024-08-28 22:00:00+00:00,1.11193,1.11244,1.11192,1.1124,1800
2024-08-28 23:00:00+00:00,1.11241,1.11262,1.11228,1.11246,1168
2024-08-29 00:00:00+00:00,1.11247,1.11326,1.11242,1.11315,2279
2024-08-29 01:00:00+00:00,1.11314,1.11339,1.11286,1.11289,1934
2024-08-29 02:00:00+00:00,1.1129,1.11322,1.11273,1.11315,1351
2024-08-29 03:00:00+00:00,1.11314,1.11358,1.113,1.11358,1320
2024-08-29 04:00:00+00:00,1.11358,1.11371,1.11334,1.11354,1415
2024-08-29 05:00:00+00:00,1.11355,1.1138,1.11321,1.11358,2136
2024-08-29 06:00:00+00:00,1.11357,1.114,1.11256,1.11284,2306
2024-08-29 07:00:00+00:00,1.11283,1.11315,1.11164,1.113,2682
2024-08-29 08:00:00+00:00,1.11291,1.11291,1.1072,1.10849,7340
2024-08-29 09:00:00+00:00,1.10853,1.10991,1.10834,1.10939,2726
2024-08-29 10:00:00+00:00,1.1094,1.11,1.10874,1.10975,1854
2024-08-29 11:00:00+00:00,1.10976,1.10998,1.10915,1.10963,1744
2024-08-29 12:00:00+00:00,1.10963,1.1099,1.10729,1.10842,9014
2024-08-29 13:00:00+00:00,1.10843,1.10896,1.10728,1.10823,4201
2024-08-29 14:00:00+00:00,1.10823,1.10833,1.10559,1.10699,3561
2024-08-29 15:00:00+00:00,1.107,1.10855,1.10668,1.10849,3746
2024-08-29 16:00:00+00:00,1.10851,1.10879,1.10783,1.10817,3202
2024-08-29 17:00:00+00:00,1.10818,1.10855,1.10785,1.10837,2589
2024-08-29 18:00:00+00:00,1.1084,1.10847,1.10755,1.10792,3784
2024-08-29 19:00:00+00:00,1.10792,1.10814,1.10748,1.10758,3380
2024-08-29 20:00:00+00:00,1.10757,1.10792,1.1075,1.10775,1368
2024-08-29 21:00:00+00:00,1.10777,1.10807,1.10758,1.10787,323
2024-08-29 22:00:00+00:00,1.10787,1.10805,1.10776,1.10803,905
2024-08-29 23:00:00+00:00,1.10802,1.10834,1.10789,1.10802,1073
2024-08-30 00:00:00+00:00,1.10802,1.1083,1.10789,1.10807,1675
2024-08-30 01:00:00+00:00,1.10806,1.10821,1.10716,1.10716,2674
2024-08-30 02:00:00+00:00,1.10716,1.10736,1.10699,1.10721,1476
2024-08-30 03:00:00+00:00,1.10721,1.10765,1.10713,1.10738,1187
2024-08-30 04:00:00+00:00,1.10738,1.10775,1.10719,1.10741,1198
2024-08-30 05:00:00+00:00,1.10742,1.10779,1.10736,1.1077,1611
2024-08-30 06:00:00+00:00,1.10772,1.10857,1.10745,1.10851,1953
2024-08-30 07:00:00+00:00,1.10854,1.1089,1.10753,1.10841,2543
2024-08-30 08:00:00+00:00,1.10842,1.10951,1.10737,1.10751,2527
2024-08-30 09:00:00+00:00,1.10749,1.10856,1.10748,1.10829,2309
2024-08-30 10:00:00+00:00,1.10833,1.10844,1.10748,1.10794,2187
2024-08-30 11:00:00+00:00,1.10793,1.10883,1.10784,1.10815,2212
2024-08-30 12:00:00+00:00,1.10819,1.10883,1.10577,1.1068,5373
2024-08-30 13:00:00+00:00,1.10683,1.10758,1.1054,1.10724,5145
2024-08-30 14:00:00+00:00,1.10723,1.10804,1.1062,1.10689,6228
2024-08-30 15:00:00+00:00,1.10687,1.10721,1.1053,1.10599,4927
2024-08-30 16:00:00+00:00,1.10598,1.10599,1.10439,1.10496,3354
2024-08-30 17:00:00+00:00,1.10496,1.10568,1.10484,1.10525,2956
2024-08-30 18:00:00+00:00,1.10525,1.10564,1.10497,1.1052,2276
2024-08-30 19:00:00+00:00,1.10519,1.10549,1.10474,1.10527,3872
2024-08-30 20:00:00+00:00,1.10526,1.10553,1.10462,1.10484,2467
2024-09-01 21:00:00+00:00,1.10507,1.10507,1.10478,1.1049,296
2024-09-01 22:00:00+00:00,1.10491,1.10497,1.10448,1.10459,599
2024-09-01 23:00:00+00:00,1.10459,1.10472,1.10442,1.10447,2004
2024-09-02 00:00:00+00:00,1.10446,1.10558,1.1042,1.10536,1858
2024-09-02 01:00:00+00:00,1.10536,1.10557,1.10503,1.10515,2065
2024-09-02 02:00:00+00:00,1.10514,1.10538,1.10459,1.10515,1628
2024-09-02 03:00:00+00:00,1.10515,1.10556,1.10486,1.10486,1380
2024-09-02 04:00:00+00:00,1.10485,1.10486,1.10439,1.10485,1031
2024-09-02 05:00:00+00:00,1.10484,1.10564,1.10454,1.10553,1391
2024-09-02 06:00:00+00:00,1.10553,1.10699,1.10549,1.10659,1641
2024-09-02 07:00:00+00:00,1.10658,1.10687,1.1056,1.10668,2532
2024-09-02 08:00:00+00:00,1.10667,1.10775,1.10642,1.10676,2626
2024-09-02 09:00:00+00:00,1.10677,1.10728,1.10636,1.10691,2311
2024-09-02 10:00:00+00:00,1.10692,1.10706,1.10614,1.10665,1850
2024-09-02 11:00:00+00:00,1.10666,1.1069,1.10598,1.10598,1859
2024-09-02 12:00:00+00:00,1.10594,1.10715,1.10585,1.1068,2175
2024-09-02 13:00:00+00:00,1.10681,1.1072,1.10664,1.10679,1946
2024-09-02 14:00:00+00:00,1.1068,1.10716,1.10601,1.1069,2618
2024-09-02 15:00:00+00:00,1.10691,1.1071,1.10639,1.10679,1964
2024-09-02 16:00:00+00:00,1.10679,1.10683,1.10626,1.1066,885
2024-09-02 17:00:00+00:00,1.10661,1.10688,1.10661,1.10687,262
2024-09-02 18:00:00+00:00,1.10686,1.10715,1.10685,1.1071,269
2024-09-02 19:00:00+00:00,1.10709,1.10729,1.10708,1.10723,222
2024-09-02 20:00:00+00:00,1.10723,1.10729,1.10708,1.10716,375
2024-09-02 21:00:00+00:00,1.10697,1.10729,1.10693,1.10707,434
2024-09-02 22:00:00+00:00,1.10704,1.10729,1.10666,1.10667,637
2024-09-02 23:00:00+00:00,1.10665,1.10683,1.10647,1.10673,645
2024-09-03 00:00:00+00:00,1.10674,1.10688,1.1059,1.10606,2350
2024-09-03 01:00:00+00:00,1.10607,1.10683,1.10601,1.1067,2515
2024-09-03 02:00:00+00:00,1.10669,1.10704,1.10631,1.10637,1485
2024-09-03 03:00:00+00:00,1.10636,1.10636,1.10575,1.10582,1819
2024-09-03 04:00:00+00:00,1.10581,1.10589,1.1054,1.10542,1905
2024-09-03 05:00:00+00:00,1.10542,1.10599,1.1054,1.10596,1959
2024-09-03 06:00:00+00:00,1.10594,1.10616,1.10512,1.10616,2329
2024-09-03 07:00:00+00:00,1.10617,1.10677,1.10557,1.10561,3163
2024-09-03 08:00:00+00:00,1.10558,1.10598,1.10481,1.10486,3939
2024-09-03 09:00:00+00:00,1.10487,1.10507,1.10343,1.10401,3329
2024-09-03 10:00:00+00:00,1.104,1.10419,1.10332,1.10358,2307
2024-09-03 11:00:00+00:00,1.10358,1.10431,1.10338,1.10364,2459
2024-09-03 12:00:00+00:00,1.10365,1.10527,1.10337,1.1048,3356
2024-09-03 13:00:00+00:00,1.10483,1.10634,1.10482,1.10604,5440
2024-09-03 14:00:00+00:00,1.10612,1.10695,1.10372,1.10423,12616
2024-09-03 15:00:00+00:00,1.1042,1.10446,1.10362,1.10424,4470
2024-09-03 16:00:00+00:00,1.10425,1.10472,1.10381,1.10392,3236
2024-09-03 17:00:00+00:00,1.10393,1.10401,1.10264,1.1028,3082
2024-09-03 18:00:00+00:00,1.10281,1.10393,1.10266,1.10381,2895
2024-09-03 19:00:00+00:00,1.10381,1.10422,1.10374,1.10419,2893
2024-09-03 20:00:00+00:00,1.1042,1.10445,1.10397,1.10434,1320
2024-09-03 21:00:00+00:00,1.10432,1.10458,1.10397,1.10456,869
2024-09-03 22:00:00+00:00,1.10456,1.1047,1.10396,1.10458,1726
2024-09-03 23:00:00+00:00,1.10459,1.10506,1.10452,1.10486,1563
2024-09-04 00:00:00+00:00,1.10485,1.10514,1.10465,1.10483,3442
2024-09-04 01:00:00+00:00,1.10482,1.10563,1.10476,1.10533,2811
2024-09-04 02:00:00+00:00,1.10533,1.10564,1.10496,1.10526,1649
2024-09-04 03:00:00+00:00,1.10525,1.10553,1.10504,1.1054,1267
2024-09-04 04:00:00+00:00,1.10539,1.10573,1.10535,1.10564,1186
2024-09-04 05:00:00+00:00,1.10564,1.10601,1.10546,1.10578,1653
2024-09-04 06:00:00+00:00,1.10579,1.1058,1.10475,1.10534,3215
2024-09-04 07:00:00+00:00,1.10533,1.10629,1.10469,1.1056,4874
2024-09-04 08:00:00+00:00,1.1056,1.1059,1.10497,1.10518,3311
2024-09-04 09:00:00+00:00,1.10519,1.10586,1.10503,1.10533,2903
2024-09-04 10:00:00+00:00,1.10532,1.10559,1.10501,1.10532,1207
2024-09-04 11:00:00+00:00,1.10532,1.10539,1.10429,1.10504,1586
2024-09-04 12:00:00+00:00,1.10505,1.10526,1.104,1.10526,2142
2024-09-04 13:00:00+00:00,1.10527,1.10593,1.10501,1.10579,2772
2024-09-04 14:00:00+00:00,1.10583,1.10952,1.10576,1.109,8704
2024-09-04 15:00:00+00:00,1.10899,1.10918,1.10765,1.10809,3736
2024-09-04 16:00:00+00:00,1.1081,1.10868,1.10763,1.10845,3057
2024-09-04 17:00:00+00:00,1.10844,1.10862,1.1066,1.10664,2279
2024-09-04 18:00:00+00:00,1.10662,1.10769,1.10654,1.1076,3432
2024-09-04 19:00:00+00:00,1.10761,1.10827,1.1075,1.10782,3332
2024-09-04 20:00:00+00:00,1.10783,1.10836,1.10756,1.10823,1592
2024-09-04 21:00:00+00:00,1.10831,1.10836,1.10824,1.10835,340
2024-09-04 22:00:00+00:00,1.1084,1.10866,1.10827,1.1085,1078
2024-09-04 23:00:00+00:00,1.1085,1.10854,1.1079,1.10801,2094
2024-09-05 00:00:00+00:00,1.10801,1.1082,1.10758,1.10792,2428
2024-09-05 01:00:00+00:00,1.10793,1.10856,1.10775,1.1079,2860
2024-09-05 02:00:00+00:00,1.10791,1.10836,1.10784,1.10799,1686
2024-09-05 03:00:00+00:00,1.10798,1.10799,1.10763,1.10771,1340
2024-09-05 04:00:00+00:00,1.1077,1.10779,1.10748,1.1077,1031
2024-09-05 05:00:00+00:00,1.1077,1.10808,1.10767,1.10802,1597
2024-09-05 06:00:00+00:00,1.10804,1.10884,1.10798,1.10838,2695
2024-09-05 07:00:00+00:00,1.10837,1.10903,1.10798,1.10872,3086
2024-09-05 08:00:00+00:00,1.10873,1.11003,1.10841,1.10991,2390
2024-09-05 09:00:00+00:00,1.10989,1.11006,1.10929,1.10947,2183
2024-09-05 10:00:00+00:00,1.10948,1.10997,1.10923,1.1099,1871
2024-09-05 11:00:00+00:00,1.10987,1.11083,1.10931,1.10947,1759
2024-09-05 12:00:00+00:00,1.10956,1.11197,1.10872,1.10924,8443
2024-09-05 13:00:00+00:00,1.10925,1.11089,1.10906,1.11046,5203
2024-09-05 14:00:00+00:00,1.11048,1.11049,1.10764,1.10796,7960
2024-09-05 15:00:00+00:00,1.10797,1.10958,1.10782,1.10954,4836
2024-09-05 16:00:00+00:00,1.10953,1.11054,1.10953,1.11011,3141
2024-09-05 17:00:00+00:00,1.1101,1.11073,1.10996,1.11067,2912
2024-09-05 18:00:00+00:00,1.11068,1.11133,1.11025,1.11042,2816
2024-09-05 19:00:00+00:00,1.11042,1.11078,1.11029,1.11039,3237
2024-09-05 20:00:00+00:00,1.11039,1.11113,1.11039,1.11105,1166
2024-09-05 21:00:00+00:00,1.11101,1.11119,1.11091,1.11095,390
2024-09-05 22:00:00+00:00,1.11094,1.11111,1.11086,1.11097,917
2024-09-05 23:00:00+00:00,1.11097,1.11125,1.11085,1.11111,859
2024-09-06 00:00:00+00:00,1.11111,1.11146,1.11097,1.11134,1985
2024-09-06 01:00:00+00:00,1.11134,1.11141,1.111,1.11108,1385
2024-09-06 02:00:00+00:00,1.11108,1.11128,1.11093,1.11112,1112
2024-09-06 03:00:00+00:00,1.11112,1.11162,1.1111,1.11153,943
2024-09-06 04:00:00+00:00,1.11152,1.11177,1.11139,1.11159,951
2024-09-06 05:00:00+00:00,1.1116,1.11187,1.1114,1.11171,1577
2024-09-06 06:00:00+00:00,1.11172,1.1121,1.11141,1.11208,2220
2024-09-06 07:00:00+00:00,1.11207,1.11207,1.1111,1.11159,2608
2024-09-06 08:00:00+00:00,1.11159,1.11208,1.1113,1.11175,2007
2024-09-06 09:00:00+00:00,1.11175,1.11175,1.11075,1.11134,1814
2024-09-06 10:00:00+00:00,1.11133,1.11138,1.11069,1.11075,1718
2024-09-06 11:00:00+00:00,1.11076,1.11098,1.11027,1.11073,1890
2024-09-06 12:00:00+00:00,1.11072,1.11558,1.10802,1.11209,19419
2024-09-06 13:00:00+00:00,1.11211,1.11256,1.10657,1.10833,9948
2024-09-06 14:00:00+00:00,1.10835,1.11132,1.10732,1.1102,10798
2024-09-06 15:00:00+00:00,1.11021,1.11352,1.10833,1.1086,18153
2024-09-06 16:00:00+00:00,1.10855,1.10857,1.10698,1.10768,6662
2024-09-06 17:00:00+00:00,1.10767,1.10895,1.10697,1.10848,4929
2024-09-06 18:00:00+00:00,1.10849,1.10869,1.10783,1.10862,4258
2024-09-06 19:00:00+00:00,1.10863,1.10896,1.10824,1.10884,3625
2024-09-06 20:00:00+00:00,1.10886,1.10889,1.10847,1.1085,2185
2024-09-08 21:00:00+00:00,1.1083,1.10855,1.10824,1.10843,252
2024-09-08 22:00:00+00:00,1.10842,1.10906,1.10833,1.10868,2078
2024-09-08 23:00:00+00:00,1.10868,1.1091,1.10866,1.10867,2305
2024-09-09 00:00:00+00:00,1.10866,1.10911,1.10825,1.10832,2528
2024-09-09 01:00:00+00:00,1.10833,1.10911,1.10814,1.10823,2829
2024-09-09 02:00:00+00:00,1.10823,1.10833,1.10806,1.10807,1480
2024-09-09 03:00:00+00:00,1.10807,1.10819,1.10788,1.10799,1187
2024-09-09 04:00:00+00:00,1.10799,1.10803,1.10747,1.10758,1278
2024-09-09 05:00:00+00:00,1.10758,1.10759,1.1069,1.10691,1397
2024-09-09 06:00:00+00:00,1.10691,1.10718,1.10607,1.10646,1952
2024-09-09 07:00:00+00:00,1.1065,1.10663,1.10551,1.10593,3266
2024-09-09 08:00:00+00:00,1.10592,1.10626,1.10457,1.10477,2733
2024-09-09 09:00:00+00:00,1.10476,1.1059,1.10458,1.10563,2283
2024-09-09 10:00:00+00:00,1.10562,1.10567,1.10371,1.10403,2553
2024-09-09 11:00:00+00:00,1.10402,1.10451,1.10358,1.10449,1994
2024-09-09 12:00:00+00:00,1.10447,1.1049,1.10382,1.10397,2496
2024-09-09 13:00:00+00:00,1.10396,1.10522,1.10395,1.1047,2249
2024-09-09 14:00:00+00:00,1.10471,1.10473,1.10342,1.10421,3106
2024-09-09 15:00:00+00:00,1.10422,1.10449,1.10355,1.10416,3250
2024-09-09 16:00:00+00:00,1.10415,1.1051,1.10415,1.10488,2696
2024-09-09 17:00:00+00:00,1.10488,1.10538,1.10436,1.10437,3218
2024-09-09 18:00:00+00:00,1.10438,1.10465,1.10416,1.1043,2228
2024-09-09 19:00:00+00:00,1.1043,1.10431,1.10376,1.10383,1804
2024-09-09 20:00:00+00:00,1.10382,1.10394,1.10339,1.10347,2308
2024-09-09 21:00:00+00:00,1.10363,1.10379,1.10353,1.10378,535
2024-09-09 22:00:00+00:00,1.10382,1.10398,1.10357,1.10378,998
2024-09-09 23:00:00+00:00,1.10378,1.10383,1.10345,1.10354,602
2024-09-10 00:00:00+00:00,1.10353,1.10354,1.10284,1.10309,1850
2024-09-10 01:00:00+00:00,1.10309,1.10356,1.10306,1.10349,1578
2024-09-10 02:00:00+00:00,1.10351,1.10361,1.10327,1.10348,1013
2024-09-10 03:00:00+00:00,1.10349,1.10392,1.10349,1.10384,781
2024-09-10 04:00:00+00:00,1.10384,1.10407,1.10362,1.10402,591
2024-09-10 05:00:00+00:00,1.10401,1.10427,1.10382,1.10396,1236
2024-09-10 06:00:00+00:00,1.10398,1.10497,1.10338,1.10497,2706
2024-09-10 07:00:00+00:00,1.10495,1.10495,1.1037,1.10371,2860
2024-09-10 08:00:00+00:00,1.10372,1.10401,1.10337,1.10379,1736
2024-09-10 09:00:00+00:00,1.10377,1.10423,1.10325,1.10386,1545
2024-09-10 10:00:00+00:00,1.10388,1.10418,1.10339,1.10405,1069
2024-09-10 11:00:00+00:00,1.10407,1.1044,1.10267,1.10314,1628
2024-09-10 12:00:00+00:00,1.10311,1.1037,1.10267,1.10299,2931
2024-09-10 13:00:00+00:00,1.10295,1.1035,1.10176,1.10197,3029
2024-09-10 14:00:00+00:00,1.10196,1.10235,1.10152,1.10185,3052
2024-09-10 15:00:00+00:00,1.10188,1.10274,1.10175,1.10252,2907
2024-09-10 16:00:00+00:00,1.10251,1.1029,1.10226,1.10268,2682
2024-09-10 17:00:00+00:00,1.10267,1.10279,1.10227,1.10231,2416
2024-09-10 18:00:00+00:00,1.1023,1.10272,1.10207,1.10245,1894
2024-09-10 19:00:00+00:00,1.10244,1.10277,1.10223,1.10269,1979
2024-09-10 20:00:00+00:00,1.10268,1.1027,1.10184,1.10197,2021
2024-09-10 21:00:00+00:00,1.102,1.10201,1.10192,1.10198,431
2024-09-10 22:00:00+00:00,1.10198,1.10218,1.10196,1.102,971
2024-09-10 23:00:00+00:00,1.10199,1.10238,1.10194,1.10202,715
2024-09-11 00:00:00+00:00,1.10202,1.10228,1.10168,1.10202,1985
2024-09-11 01:00:00+00:00,1.10202,1.10402,1.10183,1.10368,4123
2024-09-11 02:00:00+00:00,1.10369,1.10445,1.10329,1.10333,2780
2024-09-11 03:00:00+00:00,1.10333,1.10427,1.10317,1.10386,1885
2024-09-11 04:00:00+00:00,1.10387,1.10472,1.10381,1.10466,2277
2024-09-11 05:00:00+00:00,1.10467,1.10516,1.10426,1.10439,2717
2024-09-11 06:00:00+00:00,1.10438,1.10492,1.10409,1.1046,2234
2024-09-11 07:00:00+00:00,1.10453,1.1052,1.10405,1.10413,2536
2024-09-11 08:00:00+00:00,1.10412,1.1048,1.10367,1.10439,2201
2024-09-11 09:00:00+00:00,1.10437,1.1049,1.10421,1.10422,1389
2024-09-11 10:00:00+00:00,1.1042,1.1049,1.10387,1.10488,1166
2024-09-11 11:00:00+00:00,1.10489,1.1055,1.10428,1.10437,1478
2024-09-11 12:00:00+00:00,1.10436,1.1049,1.10035,1.10164,14410
2024-09-11 13:00:00+00:00,1.10163,1.10263,1.10098,1.1013,5769
2024-09-11 14:00:00+00:00,1.10131,1.10154,1.10021,1.10103,5240
2024-09-11 15:00:00+00:00,1.10108,1.10169,1.10081,1.1012,4380
2024-09-11 16:00:00+00:00,1.1012,1.10178,1.10099,1.1016,4066
2024-09-11 17:00:00+00:00,1.10161,1.1021,1.1015,1.10186,4277
2024-09-11 18:00:00+00:00,1.10187,1.10228,1.10181,1.10182,3375
2024-09-11 19:00:00+00:00,1.10182,1.10268,1.1016,1.10176,3778
2024-09-11 20:00:00+00:00,1.10175,1.10182,1.10111,1.10121,1684
2024-09-11 21:00:00+00:00,1.10136,1.10152,1.10129,1.10133,354
2024-09-11 22:00:00+00:00,1.10134,1.10157,1.10113,1.10124,912
2024-09-11 23:00:00+00:00,1.10124,1.1013,1.10103,1.10103,796
2024-09-12 00:00:00+00:00,1.10102,1.10118,1.10061,1.10068,1751
2024-09-12 01:00:00+00:00,1.10068,1.10128,1.10065,1.10112,1640
2024-09-12 02:00:00+00:00,1.10113,1.10124,1.10076,1.10098,1308
2024-09-12 03:00:00+00:00,1.10098,1.10141,1.10097,1.10137,824
2024-09-12 04:00:00+00:00,1.10138,1.10169,1.10138,1.10164,659
2024-09-12 05:00:00+00:00,1.10163,1.1022,1.10151,1.10219,1162
2024-09-12 06:00:00+00:00,1.1022,1.10239,1.10079,1.10082,2017
2024-09-12 07:00:00+00:00,1.10082,1.10158,1.10062,1.10078,2808
2024-09-12 08:00:00+00:00,1.10077,1.1022,1.10057,1.10156,1973
2024-09-12 09:00:00+00:00,1.10159,1.10202,1.10129,1.10146,1514
2024-09-12 10:00:00+00:00,1.1015,1.10234,1.10147,1.10219,1335
2024-09-12 11:00:00+00:00,1.10215,1.10234,1.10131,1.10138,1721
2024-09-12 12:00:00+00:00,1.1014,1.10326,1.101,1.10251,10758
2024-09-12 13:00:00+00:00,1.10253,1.10409,1.10248,1.10369,6077
2024-09-12 14:00:00+00:00,1.10364,1.10472,1.10298,1.104,3061
2024-09-12 15:00:00+00:00,1.10401,1.10429,1.10309,1.10401,3326
2024-09-12 16:00:00+00:00,1.10402,1.10481,1.10371,1.10462,3007
2024-09-12 17:00:00+00:00,1.10463,1.10568,1.10426,1.10564,3877
2024-09-12 18:00:00+00:00,1.10564,1.10625,1.10512,1.10608,5170
2024-09-12 19:00:00+00:00,1.10609,1.10718,1.106,1.10704,5006
2024-09-12 20:00:00+00:00,1.10706,1.10751,1.10684,1.10744,2554
2024-09-12 21:00:00+00:00,1.1074,1.10749,1.10725,1.10741,211
2024-09-12 22:00:00+00:00,1.10742,1.10755,1.10705,1.1072,1354
2024-09-12 23:00:00+00:00,1.1072,1.10793,1.10718,1.10791,1252
2024-09-13 00:00:00+00:00,1.1079,1.10875,1.10777,1.10871,2666
2024-09-13 01:00:00+00:00,1.10872,1.10891,1.10804,1.10818,2806
2024-09-13 02:00:00+00:00,1.10819,1.109,1.10794,1.10869,2604
2024-09-13 03:00:00+00:00,1.10868,1.10903,1.10841,1.1087,1710
2024-09-13 04:00:00+00:00,1.1087,1.10884,1.10842,1.10846,1369
2024-09-13 05:00:00+00:00,1.10845,1.10862,1.10816,1.10826,1659
2024-09-13 06:00:00+00:00,1.10825,1.10847,1.10747,1.1079,2471
2024-09-13 07:00:00+00:00,1.10789,1.10941,1.10732,1.10925,2372
2024-09-13 08:00:00+00:00,1.10925,1.1094,1.10861,1.10928,2586
2024-09-13 09:00:00+00:00,1.10927,1.11006,1.10884,1.1092,2524
2024-09-13 10:00:00+00:00,1.10919,1.10974,1.10869,1.10906,1850
2024-09-13 11:00:00+00:00,1.10908,1.10931,1.10813,1.10843,2547
2024-09-13 12:00:00+00:00,1.10844,1.10935,1.10793,1.10931,3196
2024-09-13 13:00:00+00:00,1.10932,1.11019,1.1088,1.10945,4436
2024-09-13 14:00:00+00:00,1.10945,1.10954,1.10845,1.1089,3685
2024-09-13 15:00:00+00:00,1.1089,1.10919,1.10821,1.10845,3179
2024-09-13 16:00:00+00:00,1.10846,1.10851,1.1077,1.1084,3091
2024-09-13 17:00:00+00:00,1.1084,1.1086,1.10802,1.10817,1680
2024-09-13 18:00:00+00:00,1.10816,1.10846,1.10767,1.10781,2426
2024-09-13 19:00:00+00:00,1.1078,1.10814,1.10761,1.1078,2812
2024-09-13 20:00:00+00:00,1.10778,1.10784,1.10727,1.10754,1741
2024-09-15 21:00:00+00:00,1.10826,1.10826,1.10756,1.10768,503
2024-09-15 22:00:00+00:00,1.10766,1.10874,1.10766,1.10868,1708
2024-09-15 23:00:00+00:00,1.10869,1.10896,1.10851,1.10875,1589
2024-09-16 00:00:00+00:00,1.10875,1.10924,1.10872,1.10896,1881
2024-09-16 01:00:00+00:00,1.10896,1.10927,1.10876,1.10879,1368
2024-09-16 02:00:00+00:00,1.10879,1.10912,1.10867,1.10892,1273
2024-09-16 03:00:00+00:00,1.10893,1.11049,1.10881,1.11041,2075
2024-09-16 04:00:00+00:00,1.11039,1.11048,1.10969,1.10972,1631
2024-09-16 05:00:00+00:00,1.10972,1.10996,1.10956,1.10983,1108
2024-09-16 06:00:00+00:00,1.10986,1.11158,1.10976,1.11146,2309
2024-09-16 07:00:00+00:00,1.11132,1.11199,1.11095,1.1115,1435
2024-09-16 08:00:00+00:00,1.11149,1.11262,1.11139,1.11229,1415
2024-09-16 09:00:00+00:00,1.11228,1.1129,1.11182,1.11207,1435
2024-09-16 10:00:00+00:00,1.11204,1.11281,1.11202,1.11221,1050
2024-09-16 11:00:00+00:00,1.11222,1.11258,1.1116,1.11237,1038
2024-09-16 12:00:00+00:00,1.1124,1.11326,1.11167,1.1125,2283
2024-09-16 13:00:00+00:00,1.11253,1.11376,1.11228,1.11296,2386
2024-09-16 14:00:00+00:00,1.11299,1.11306,1.11182,1.11239,1968
2024-09-16 15:00:00+00:00,1.11232,1.11244,1.11166,1.11225,2251
2024-09-16 16:00:00+00:00,1.11227,1.11302,1.11197,1.11289,2575
2024-09-16 17:00:00+00:00,1.11291,1.11301,1.11162,1.11235,1808
2024-09-16 18:00:00+00:00,1.11236,1.11244,1.11198,1.11209,2494
2024-09-16 19:00:00+00:00,1.11209,1.11299,1.11188,1.1129,2485
2024-09-16 20:00:00+00:00,1.11291,1.11334,1.11281,1.11327,1619
2024-09-16 21:00:00+00:00,1.11328,1.11328,1.11314,1.11318,262
2024-09-16 22:00:00+00:00,1.11321,1.11321,1.11269,1.11275,1267
2024-09-16 23:00:00+00:00,1.11277,1.113,1.11233,1.11292,1389
2024-09-17 00:00:00+00:00,1.11293,1.11313,1.11219,1.1123,2035
2024-09-17 01:00:00+00:00,1.11229,1.11296,1.11227,1.11279,1864
2024-09-17 02:00:00+00:00,1.11278,1.11299,1.1125,1.11273,1374
2024-09-17 03:00:00+00:00,1.11272,1.11285,1.11228,1.1124,1458
2024-09-17 04:00:00+00:00,1.1124,1.11246,1.11218,1.11245,1167
2024-09-17 05:00:00+00:00,1.11244,1.11288,1.1122,1.11269,1236
2024-09-17 06:00:00+00:00,1.1127,1.11334,1.1121,1.1121,1499
2024-09-17 07:00:00+00:00,1.11209,1.11379,1.1116,1.11363,1913
2024-09-17 08:00:00+00:00,1.11362,1.11463,1.11331,1.1145,1839
2024-09-17 09:00:00+00:00,1.11449,1.1145,1.11348,1.11381,2189
2024-09-17 10:00:00+00:00,1.11382,1.11399,1.11318,1.11342,1697
2024-09-17 11:00:00+00:00,1.11345,1.11428,1.11303,1.11386,1364
2024-09-17 12:00:00+00:00,1.11389,1.11439,1.11179,1.11249,8155
2024-09-17 13:00:00+00:00,1.11248,1.11278,1.11117,1.11131,4869
2024-09-17 14:00:00+00:00,1.11134,1.11283,1.11134,1.11247,4117
2024-09-17 15:00:00+00:00,1.11248,1.11264,1.11153,1.11174,4177
2024-09-17 16:00:00+00:00,1.11173,1.11218,1.11152,1.11194,4779
2024-09-17 17:00:00+00:00,1.11195,1.1121,1.11112,1.11163,4847
2024-09-17 18:00:00+00:00,1.11162,1.11227,1.11156,1.11224,2760
2024-09-17 19:00:00+00:00,1.11225,1.11236,1.11149,1.11159,2920
2024-09-17 20:00:00+00:00,1.11161,1.1117,1.11127,1.11137,1810
2024-09-17 21:00:00+00:00,1.11143,1.11159,1.11142,1.11143,430
2024-09-17 22:00:00+00:00,1.11147,1.11188,1.11137,1.11181,906
2024-09-17 23:00:00+00:00,1.11182,1.11239,1.1118,1.11222,889
2024-09-18 00:00:00+00:00,1.11222,1.11287,1.11216,1.1127,2151
2024-09-18 01:00:00+00:00,1.11271,1.11305,1.11253,1.1128,2164
2024-09-18 02:00:00+00:00,1.11279,1.11287,1.11249,1.11281,1278
2024-09-18 03:00:00+00:00,1.11282,1.11286,1.11254,1.11263,1186
2024-09-18 04:00:00+00:00,1.11264,1.11264,1.112,1.11201,811
2024-09-18 05:00:00+00:00,1.11201,1.11217,1.11178,1.11206,1106
2024-09-18 06:00:00+00:00,1.11207,1.11262,1.11153,1.11188,2423
2024-09-18 07:00:00+00:00,1.11188,1.11313,1.11175,1.11313,2619
2024-09-18 08:00:00+00:00,1.11314,1.11333,1.11279,1.11297,2438
2024-09-18 09:00:00+00:00,1.11297,1.11399,1.1127,1.11382,2541
2024-09-18 10:00:00+00:00,1.11382,1.11388,1.11298,1.11301,2489
2024-09-18 11:00:00+00:00,1.113,1.11301,1.11226,1.11246,1551
2024-09-18 12:00:00+00:00,1.11247,1.11287,1.1118,1.11223,2383
2024-09-18 13:00:00+00:00,1.11226,1.11398,1.11226,1.11354,2212
2024-09-18 14:00:00+00:00,1.11355,1.11362,1.11083,1.11181,3965
2024-09-18 15:00:00+00:00,1.11182,1.11221,1.11118,1.11159,3079
2024-09-18 16:00:00+00:00,1.11158,1.11263,1.11155,1.11243,2797
2024-09-18 17:00:00+00:00,1.11243,1.11307,1.11172,1.11268,5046
2024-09-18 18:00:00+00:00,1.11269,1.11893,1.11268,1.11487,44916
2024-09-18 19:00:00+00:00,1.1149,1.11493,1.10968,1.11057,27497
2024-09-18 20:00:00+00:00,1.11056,1.11205,1.11044,1.11189,5513
2024-09-18 21:00:00+00:00,1.11167,1.11188,1.11151,1.11179,317
2024-09-18 22:00:00+00:00,1.11171,1.11241,1.11151,1.11218,2369
2024-09-18 23:00:00+00:00,1.1122,1.1122,1.11112,1.1114,2501
2024-09-19 00:00:00+00:00,1.1114,1.11168,1.1079,1.10817,7231
2024-09-19 01:00:00+00:00,1.10817,1.10857,1.10686,1.10833,5456
2024-09-19 02:00:00+00:00,1.10833,1.11037,1.10833,1.1102,5147
2024-09-19 03:00:00+00:00,1.1102,1.11193,1.10996,1.11186,3531
2024-09-19 04:00:00+00:00,1.11186,1.11214,1.1115,1.11202,3051
2024-09-19 05:00:00+00:00,1.11202,1.11313,1.11201,1.1131,3923
2024-09-19 06:00:00+00:00,1.1131,1.11453,1.11289,1.11453,4281
2024-09-19 07:00:00+00:00,1.11456,1.11532,1.11402,1.1146,5430
2024-09-19 08:00:00+00:00,1.11459,1.11693,1.1145,1.11628,3305
2024-09-19 09:00:00+00:00,1.11627,1.11789,1.11624,1.11779,2959
2024-09-19 10:00:00+00:00,1.11778,1.11789,1.11688,1.11705,2085
2024-09-19 11:00:00+00:00,1.11707,1.11761,1.11521,1.1158,3545
2024-09-19 12:00:00+00:00,1.11581,1.11583,1.11257,1.11261,8007
2024-09-19 13:00:00+00:00,1.11259,1.11407,1.11176,1.1122,6042
2024-09-19 14:00:00+00:00,1.11218,1.11333,1.11167,1.11293,5267
2024-09-19 15:00:00+00:00,1.11294,1.11489,1.11256,1.11469,4189
2024-09-19 16:00:00+00:00,1.1147,1.11584,1.11453,1.11555,4029
2024-09-19 17:00:00+00:00,1.11556,1.11615,1.11524,1.11606,3496
2024-09-19 18:00:00+00:00,1.11607,1.1168,1.11607,1.11655,3510
2024-09-19 19:00:00+00:00,1.11655,1.11668,1.11589,1.11621,3594
2024-09-19 20:00:00+00:00,1.11619,1.11643,1.11605,1.11615,2028
2024-09-19 21:00:00+00:00,1.11615,1.11636,1.11603,1.11622,309
2024-09-19 22:00:00+00:00,1.11623,1.11627,1.11604,1.11608,916
2024-09-19 23:00:00+00:00,1.11609,1.1161,1.11585,1.11595,1185
2024-09-20 00:00:00+00:00,1.11594,1.11617,1.11573,1.11604,2756
2024-09-20 01:00:00+00:00,1.11605,1.11639,1.11584,1.11593,3063
2024-09-20 02:00:00+00:00,1.11593,1.11634,1.11573,1.11616,2667
2024-09-20 03:00:00+00:00,1.11615,1.11693,1.11614,1.11658,3182
2024-09-20 04:00:00+00:00,1.11658,1.11679,1.11639,1.11651,1505
2024-09-20 05:00:00+00:00,1.11652,1.11665,1.11611,1.11639,2336
2024-09-20 06:00:00+00:00,1.1164,1.11784,1.1164,1.11765,5076
2024-09-20 07:00:00+00:00,1.11764,1.11818,1.11595,1.11627,4464
2024-09-20 08:00:00+00:00,1.11625,1.11691,1.11526,1.11645,4316
2024-09-20 09:00:00+00:00,1.11646,1.11661,1.11572,1.11609,2425
2024-09-20 10:00:00+00:00,1.11613,1.11629,1.11552,1.11592,2059
2024-09-20 11:00:00+00:00,1.11594,1.11624,1.11542,1.11616,1902
2024-09-20 12:00:00+00:00,1.11617,1.11769,1.11617,1.11744,3826
2024-09-20 13:00:00+00:00,1.11743,1.11763,1.1154,1.11548,3370
2024-09-20 14:00:00+00:00,1.11547,1.11547,1.11381,1.11438,5386
2024-09-20 15:00:00+00:00,1.11437,1.11595,1.11361,1.11589,11313
2024-09-20 16:00:00+00:00,1.1159,1.1176,1.11589,1.11739,6350
2024-09-20 17:00:00+00:00,1.11738,1.11744,1.11583,1.11594,3178
2024-09-20 18:00:00+00:00,1.11595,1.11662,1.11573,1.11651,3423
2024-09-20 19:00:00+00:00,1.11652,1.1166,1.11618,1.11621,2944
2024-09-20 20:00:00+00:00,1.1162,1.11639,1.11561,1.11638,2476
2024-09-22 21:00:00+00:00,1.11662,1.11662,1.11606,1.11621,556
2024-09-22 22:00:00+00:00,1.11618,1.11649,1.11604,1.11623,1544
2024-09-22 23:00:00+00:00,1.11623,1.11641,1.11591,1.11591,1375
2024-09-23 00:00:00+00:00,1.1159,1.11609,1.11562,1.1159,2374
2024-09-23 01:00:00+00:00,1.11589,1.11616,1.11558,1.11592,2638
2024-09-23 02:00:00+00:00,1.11591,1.11638,1.11565,1.11623,1741
2024-09-23 03:00:00+00:00,1.11623,1.1165,1.11611,1.11616,1119
2024-09-23 04:00:00+00:00,1.11616,1.1165,1.11601,1.11636,990
2024-09-23 05:00:00+00:00,1.11636,1.11673,1.11614,1.11632,1162
2024-09-23 06:00:00+00:00,1.11635,1.11644,1.11553,1.11589,2482
2024-09-23 07:00:00+00:00,1.11588,1.11595,1.10979,1.11015,9214
2024-09-23 08:00:00+00:00,1.11014,1.11019,1.10833,1.10926,5668
2024-09-23 09:00:00+00:00,1.10925,1.11124,1.10923,1.1106,3375
2024-09-23 10:00:00+00:00,1.11061,1.11194,1.11055,1.11131,2705
2024-09-23 11:00:00+00:00,1.11131,1.11258,1.11126,1.11198,2390
2024-09-23 12:00:00+00:00,1.11197,1.11239,1.11085,1.11225,3109
2024-09-23 13:00:00+00:00,1.11232,1.114,1.11201,1.11294,5668
2024-09-23 14:00:00+00:00,1.11291,1.11435,1.11153,1.11324,4320
2024-09-23 15:00:00+00:00,1.11325,1.11372,1.11237,1.11304,5324
2024-09-23 16:00:00+00:00,1.11299,1.113,1.11214,1.11253,5125
2024-09-23 17:00:00+00:00,1.11253,1.11287,1.11202,1.11207,3265
2024-09-23 18:00:00+00:00,1.11206,1.1124,1.11161,1.11169,2529
2024-09-23 19:00:00+00:00,1.11168,1.11177,1.1112,1.11147,2706
2024-09-23 20:00:00+00:00,1.11149,1.11149,1.11096,1.11113,2240
2024-09-23 21:00:00+00:00,1.11136,1.1115,1.11118,1.11125,493
2024-09-23 22:00:00+00:00,1.11129,1.11143,1.1111,1.11112,1347
2024-09-23 23:00:00+00:00,1.11113,1.11118,1.11075,1.1111,899
2024-09-24 00:00:00+00:00,1.11111,1.11138,1.11044,1.11058,2732
2024-09-24 01:00:00+00:00,1.11058,1.11112,1.11045,1.11076,3170
2024-09-24 02:00:00+00:00,1.11075,1.11084,1.11034,1.11056,1866
2024-09-24 03:00:00+00:00,1.11057,1.11137,1.11057,1.11127,2134
2024-09-24 04:00:00+00:00,1.11125,1.11177,1.11093,1.11168,1851
2024-09-24 05:00:00+00:00,1.11169,1.11196,1.1114,1.11165,3367
2024-09-24 06:00:00+00:00,1.11159,1.11192,1.11044,1.11149,3892
2024-09-24 07:00:00+00:00,1.11152,1.11323,1.11126,1.11277,3569
2024-09-24 08:00:00+00:00,1.11276,1.11449,1.11266,1.11403,2901
2024-09-24 09:00:00+00:00,1.11401,1.11461,1.11317,1.11356,1793
2024-09-24 10:00:00+00:00,1.11357,1.11412,1.11271,1.11282,1772
2024-09-24 11:00:00+00:00,1.11281,1.113,1.11222,1.11292,1746
2024-09-24 12:00:00+00:00,1.11294,1.11478,1.11293,1.1141,3255
2024-09-24 13:00:00+00:00,1.11409,1.11444,1.11327,1.11383,3181
2024-09-24 14:00:00+00:00,1.11384,1.11636,1.11384,1.11508,6117
2024-09-24 15:00:00+00:00,1.11506,1.11562,1.11469,1.11498,4775
2024-09-24 16:00:00+00:00,1.11499,1.11621,1.11495,1.11586,3175
2024-09-24 17:00:00+00:00,1.11585,1.11639,1.11547,1.11627,2986
2024-09-24 18:00:00+00:00,1.11628,1.11671,1.11598,1.11663,3152
2024-09-24 19:00:00+00:00,1.11664,1.11768,1.11651,1.11767,3140
2024-09-24 20:00:00+00:00,1.11767,1.1181,1.11751,1.11797,2104
2024-09-24 21:00:00+00:00,1.11792,1.11802,1.11777,1.11794,156
2024-09-24 22:00:00+00:00,1.11793,1.11889,1.11788,1.11886,1364
2024-09-24 23:00:00+00:00,1.11886,1.11912,1.11834,1.1191,1695
2024-09-25 00:00:00+00:00,1.11911,1.1194,1.11873,1.11933,3486
2024-09-25 01:00:00+00:00,1.11934,1.11938,1.11853,1.11881,4412
2024-09-25 02:00:00+00:00,1.11881,1.11962,1.11878,1.11949,2027
2024-09-25 03:00:00+00:00,1.11949,1.11987,1.11918,1.11982,1589
2024-09-25 04:00:00+00:00,1.11984,1.11987,1.11938,1.11958,1389
2024-09-25 05:00:00+00:00,1.11957,1.11961,1.11924,1.11957,1707
2024-09-25 06:00:00+00:00,1.11958,1.11958,1.1187,1.11907,2429
2024-09-25 07:00:00+00:00,1.11906,1.11965,1.11858,1.11918,2941
2024-09-25 08:00:00+00:00,1.11912,1.11956,1.11823,1.11849,2551
2024-09-25 09:00:00+00:00,1.11848,1.11878,1.11783,1.11833,2156
2024-09-25 10:00:00+00:00,1.11831,1.1189,1.11812,1.11872,1860
2024-09-25 11:00:00+00:00,1.11873,1.11975,1.11833,1.11959,1656
2024-09-25 12:00:00+00:00,1.11959,1.12078,1.11919,1.11977,3622
2024-09-25 13:00:00+00:00,1.11978,1.12141,1.11951,1.11951,4518
2024-09-25 14:00:00+00:00,1.11953,1.11955,1.11653,1.11728,4123
2024-09-25 15:00:00+00:00,1.11725,1.11753,1.11418,1.11432,6403
2024-09-25 16:00:00+00:00,1.11431,1.11477,1.11329,1.11345,5000
2024-09-25 17:00:00+00:00,1.11345,1.1138,1.11216,1.1137,4328
2024-09-25 18:00:00+00:00,1.11372,1.11389,1.11327,1.11343,3274
2024-09-25 19:00:00+00:00,1.11343,1.11359,1.11255,1.11262,2530
2024-09-25 20:00:00+00:00,1.11262,1.11331,1.1125,1.11331,2000
2024-09-25 21:00:00+00:00,1.1133,1.1134,1.11308,1.11336,615
2024-09-25 22:00:00+00:00,1.11334,1.11335,1.11308,1.11319,1470
2024-09-25 23:00:00+00:00,1.11319,1.11324,1.11296,1.11299,1293
2024-09-26 00:00:00+00:00,1.11298,1.11371,1.11291,1.11366,2212
2024-09-26 01:00:00+00:00,1.11367,1.11414,1.11317,1.11396,2497
2024-09-26 02:00:00+00:00,1.11396,1.1142,1.11373,1.1141,2028
2024-09-26 03:00:00+00:00,1.11411,1.11453,1.11379,1.11405,1673
2024-09-26 04:00:00+00:00,1.11405,1.11436,1.11378,1.11418,1575
2024-09-26 05:00:00+00:00,1.11417,1.1152,1.11406,1.11499,2319
2024-09-26 06:00:00+00:00,1.11499,1.11566,1.11471,1.11536,2960
2024-09-26 07:00:00+00:00,1.11534,1.11581,1.11338,1.11349,3050
2024-09-26 08:00:00+00:00,1.11347,1.11436,1.11257,1.11415,3900
2024-09-26 09:00:00+00:00,1.11415,1.11524,1.11415,1.11438,1895
2024-09-26 10:00:00+00:00,1.11437,1.11552,1.11398,1.1154,2143
2024-09-26 11:00:00+00:00,1.11541,1.11616,1.11482,1.11542,2729
2024-09-26 12:00:00+00:00,1.11543,1.11654,1.11376,1.11512,8928
2024-09-26 13:00:00+00:00,1.11513,1.11599,1.11348,1.11402,7691
2024-09-26 14:00:00+00:00,1.11402,1.11748,1.11259,1.11649,7256
2024-09-26 15:00:00+00:00,1.1165,1.11894,1.11643,1.11829,5181
2024-09-26 16:00:00+00:00,1.11827,1.11827,1.11663,1.11693,5083
2024-09-26 17:00:00+00:00,1.11692,1.11801,1.11684,1.11798,4115
2024-09-26 18:00:00+00:00,1.11798,1.11825,1.11734,1.11796,3587
2024-09-26 19:00:00+00:00,1.11797,1.11842,1.11763,1.1178,2052
2024-09-26 20:00:00+00:00,1.11779,1.11789,1.11745,1.11771,2313
2024-09-26 21:00:00+00:00,1.11772,1.11789,1.1174,1.11757,1028
2024-09-26 22:00:00+00:00,1.11756,1.11772,1.11755,1.11762,4130
2024-09-26 23:00:00+00:00,1.11762,1.11774,1.11738,1.11764,907
2024-09-27 00:00:00+00:00,1.11763,1.11777,1.1168,1.11694,2432
2024-09-27 01:00:00+00:00,1.11691,1.1172,1.11626,1.11644,3558
2024-09-27 02:00:00+00:00,1.11644,1.11698,1.11626,1.1169,2325
2024-09-27 03:00:00+00:00,1.11691,1.11733,1.11688,1.11692,1777
2024-09-27 04:00:00+00:00,1.11692,1.11696,1.11639,1.11647,1952
2024-09-27 05:00:00+00:00,1.11648,1.11685,1.11586,1.11639,5655
2024-09-27 06:00:00+00:00,1.11639,1.11761,1.11403,1.11508,7795
2024-09-27 07:00:00+00:00,1.11508,1.11508,1.11247,1.11331,5874
2024-09-27 08:00:00+00:00,1.1133,1.11453,1.11265,1.11445,3225
2024-09-27 09:00:00+00:00,1.11445,1.11599,1.11373,1.11595,2971
2024-09-27 10:00:00+00:00,1.11596,1.1171,1.11558,1.11635,2744
2024-09-27 11:00:00+00:00,1.11634,1.11678,1.11592,1.11622,2525
2024-09-27 12:00:00+00:00,1.11626,1.12018,1.11543,1.11999,8682
2024-09-27 13:00:00+00:00,1.11993,1.1203,1.11796,1.11853,9336
2024-09-27 14:00:00+00:00,1.11855,1.11921,1.11693,1.11786,9571
2024-09-27 15:00:00+00:00,1.11787,1.11787,1.1154,1.11585,6020
2024-09-27 16:00:00+00:00,1.11586,1.11601,1.11465,1.11518,5209
2024-09-27 17:00:00+00:00,1.11518,1.11658,1.11505,1.11638,4267
2024-09-27 18:00:00+00:00,1.11637,1.11679,1.11597,1.11678,3513
2024-09-27 19:00:00+00:00,1.11677,1.11679,1.11627,1.1164,3506
2024-09-27 20:00:00+00:00,1.1164,1.11678,1.11591,1.11641,2598
2024-09-29 21:00:00+00:00,1.11604,1.11639,1.11586,1.11607,515
2024-09-29 22:00:00+00:00,1.1161,1.11725,1.11602,1.11709,2150
2024-09-29 23:00:00+00:00,1.11709,1.11717,1.11677,1.1169,1397
2024-09-30 00:00:00+00:00,1.11691,1.11739,1.11685,1.11709,3058
2024-09-30 01:00:00+00:00,1.11711,1.11727,1.11607,1.11607,3250
2024-09-30 02:00:00+00:00,1.11604,1.11624,1.11565,1.11605,2604
2024-09-30 03:00:00+00:00,1.11606,1.11617,1.11563,1.11582,1505
2024-09-30 04:00:00+00:00,1.11583,1.11621,1.11583,1.11617,1333
2024-09-30 05:00:00+00:00,1.11618,1.11693,1.11613,1.11667,2521
2024-09-30 06:00:00+00:00,1.11666,1.1169,1.11561,1.11682,3775
2024-09-30 07:00:00+00:00,1.11681,1.11756,1.11596,1.11721,4504
2024-09-30 08:00:00+00:00,1.11722,1.12091,1.11722,1.12057,6461
2024-09-30 09:00:00+00:00,1.12057,1.12059,1.11886,1.11895,4603
2024-09-30 10:00:00+00:00,1.11895,1.11912,1.11833,1.11901,2377
2024-09-30 11:00:00+00:00,1.11902,1.12029,1.1189,1.11977,2825
2024-09-30 12:00:00+00:00,1.11977,1.12014,1.11864,1.11899,2066
2024-09-30 13:00:00+00:00,1.119,1.11913,1.11667,1.11688,5153
2024-09-30 14:00:00+00:00,1.11679,1.11688,1.11409,1.11583,7693
2024-09-30 15:00:00+00:00,1.11582,1.11643,1.11351,1.11442,5693
2024-09-30 16:00:00+00:00,1.11443,1.11499,1.11398,1.11484,4676
2024-09-30 17:00:00+00:00,1.11485,1.11627,1.11481,1.11529,3393
2024-09-30 18:00:00+00:00,1.11529,1.11548,1.11138,1.11323,11948
2024-09-30 19:00:00+00:00,1.11324,1.11362,1.11215,1.11326,3880
2024-09-30 20:00:00+00:00,1.11327,1.11366,1.11303,1.11348,2011
2024-09-30 21:00:00+00:00,1.11329,1.11367,1.11315,1.11361,526
2024-09-30 22:00:00+00:00,1.11362,1.11421,1.11347,1.11415,901
2024-09-30 23:00:00+00:00,1.11415,1.11427,1.11357,1.11367,1467
2024-10-01 00:00:00+00:00,1.11366,1.11374,1.11273,1.11322,3131
2024-10-01 01:00:00+00:00,1.11322,1.11434,1.11314,1.11431,2643
2024-10-01 02:00:00+00:00,1.11432,1.11435,1.11361,1.11389,1776
2024-10-01 03:00:00+00:00,1.1139,1.11401,1.11354,1.11379,1795
2024-10-01 04:00:00+00:00,1.11379,1.11413,1.11348,1.11406,1293
2024-10-01 05:00:00+00:00,1.11409,1.11441,1.11363,1.11376,2375
2024-10-01 06:00:00+00:00,1.11375,1.11412,1.1131,1.11347,3266
2024-10-01 07:00:00+00:00,1.11345,1.11371,1.11116,1.11151,7450
2024-10-01 08:00:00+00:00,1.11152,1.11202,1.10981,1.11028,4316
2024-10-01 09:00:00+00:00,1.1103,1.11147,1.10921,1.10952,3198
2024-10-01 10:00:00+00:00,1.10951,1.10978,1.10839,1.1087,2643
2024-10-01 11:00:00+00:00,1.10871,1.11,1.10787,1.10847,3697
2024-10-01 12:00:00+00:00,1.10846,1.10888,1.10702,1.10712,3355
2024-10-01 13:00:00+00:00,1.10711,1.10831,1.10585,1.10717,9344
2024-10-01 14:00:00+00:00,1.1072,1.10869,1.10574,1.10764,8645
2024-10-01 15:00:00+00:00,1.10766,1.10778,1.10602,1.10664,5089
2024-10-01 16:00:00+00:00,1.10662,1.10717,1.10482,1.10545,6473
2024-10-01 17:00:00+00:00,1.10544,1.1065,1.10459,1.10622,7559
2024-10-01 18:00:00+00:00,1.10628,1.10723,1.10627,1.10717,4526
2024-10-01 19:00:00+00:00,1.10718,1.10774,1.10664,1.10677,4176
2024-10-01 20:00:00+00:00,1.10678,1.10728,1.10657,1.10678,2988
2024-10-01 21:00:00+00:00,1.10687,1.10711,1.10676,1.10693,629
2024-10-01 22:00:00+00:00,1.10692,1.10708,1.10671,1.10673,1122
2024-10-01 23:00:00+00:00,1.10673,1.10674,1.10634,1.10646,1108
2024-10-02 00:00:00+00:00,1.10647,1.10721,1.10634,1.10656,2479
2024-10-02 01:00:00+00:00,1.10657,1.1074,1.10657,1.10722,2602
2024-10-02 02:00:00+00:00,1.10722,1.10732,1.10634,1.10666,2213
2024-10-02 03:00:00+00:00,1.10666,1.10712,1.10641,1.10708,2124
2024-10-02 04:00:00+00:00,1.10707,1.10738,1.10605,1.10631,2060
2024-10-02 05:00:00+00:00,1.10631,1.10637,1.10542,1.10623,3762
2024-10-02 06:00:00+00:00,1.10619,1.10702,1.106,1.10666,2670
2024-10-02 07:00:00+00:00,1.10672,1.10729,1.10633,1.10667,3458
2024-10-02 08:00:00+00:00,1.10666,1.1083,1.10641,1.10725,2766
2024-10-02 09:00:00+00:00,1.10724,1.10725,1.10613,1.10715,2074
2024-10-02 10:00:00+00:00,1.10714,1.10766,1.10666,1.10668,1917
2024-10-02 11:00:00+00:00,1.1067,1.10769,1.10648,1.10755,2060
2024-10-02 12:00:00+00:00,1.10756,1.10774,1.10512,1.10537,4307
2024-10-02 13:00:00+00:00,1.10538,1.10658,1.10471,1.10513,3504
2024-10-02 14:00:00+00:00,1.10512,1.10563,1.10354,1.10362,4608
2024-10-02 15:00:00+00:00,1.10363,1.10504,1.10328,1.10496,4119
2024-10-02 16:00:00+00:00,1.10497,1.1055,1.10438,1.10467,3646
2024-10-02 17:00:00+00:00,1.10468,1.105,1.10446,1.10473,2389
2024-10-02 18:00:00+00:00,1.10468,1.10485,1.10377,1.10383,3032
2024-10-02 19:00:00+00:00,1.10383,1.10536,1.10369,1.1049,2231
2024-10-02 20:00:00+00:00,1.10489,1.10526,1.10446,1.10448,3043
2024-10-02 21:00:00+00:00,1.10466,1.10487,1.10466,1.10481,713
2024-10-02 22:00:00+00:00,1.10477,1.10495,1.10457,1.10462,1267
2024-10-02 23:00:00+00:00,1.10463,1.10478,1.10438,1.10459,1112
2024-10-03 00:00:00+00:00,1.1046,1.10467,1.10373,1.10392,3502
2024-10-03 01:00:00+00:00,1.10392,1.10408,1.10353,1.10393,2684
2024-10-03 02:00:00+00:00,1.10394,1.10395,1.10353,1.1036,1926
2024-10-03 03:00:00+00:00,1.10359,1.10369,1.10321,1.10358,1760
2024-10-03 04:00:00+00:00,1.10358,1.10358,1.10323,1.1033,1461
2024-10-03 05:00:00+00:00,1.10331,1.10349,1.1025,1.10288,4133
2024-10-03 06:00:00+00:00,1.10282,1.10423,1.10267,1.10379,4145
2024-10-03 07:00:00+00:00,1.10376,1.10399,1.10276,1.10331,3763
2024-10-03 08:00:00+00:00,1.10331,1.10462,1.10295,1.10377,3302
2024-10-03 09:00:00+00:00,1.10376,1.10467,1.10348,1.10359,2328
2024-10-03 10:00:00+00:00,1.10358,1.1044,1.10344,1.10429,2369
2024-10-03 11:00:00+00:00,1.1043,1.10462,1.10382,1.1043,2757
2024-10-03 12:00:00+00:00,1.10428,1.10472,1.10283,1.10324,6582
2024-10-03 13:00:00+00:00,1.10319,1.10439,1.10285,1.10378,5355
2024-10-03 14:00:00+00:00,1.10373,1.1039,1.10083,1.10171,11569
2024-10-03 15:00:00+00:00,1.10173,1.10241,1.10121,1.10147,5739
2024-10-03 16:00:00+00:00,1.10148,1.1034,1.10142,1.10304,4451
2024-10-03 17:00:00+00:00,1.10306,1.10362,1.10301,1.1033,3545
2024-10-03 18:00:00+00:00,1.10333,1.10348,1.10259,1.10261,3595
2024-10-03 19:00:00+00:00,1.10262,1.10319,1.10251,1.10285,3052
2024-10-03 20:00:00+00:00,1.10284,1.10331,1.10261,1.10331,2458
2024-10-03 21:00:00+00:00,1.10322,1.10337,1.10315,1.10336,530
2024-10-03 22:00:00+00:00,1.10337,1.10352,1.1031,1.10344,1112
2024-10-03 23:00:00+00:00,1.10344,1.10373,1.10334,1.10353,857
2024-10-04 00:00:00+00:00,1.10352,1.10396,1.10332,1.10347,2485
2024-10-04 01:00:00+00:00,1.10348,1.10362,1.10287,1.103,3719
2024-10-04 02:00:00+00:00,1.10299,1.10346,1.10281,1.10306,2990
2024-10-04 03:00:00+00:00,1.10306,1.10314,1.10254,1.10271,1795
2024-10-04 04:00:00+00:00,1.10272,1.10301,1.10253,1.10278,1652
2024-10-04 05:00:00+00:00,1.10278,1.10354,1.10265,1.10334,1986
2024-10-04 06:00:00+00:00,1.10334,1.10348,1.10272,1.10321,3282
2024-10-04 07:00:00+00:00,1.1032,1.10357,1.10255,1.1028,4215
2024-10-04 08:00:00+00:00,1.1028,1.10302,1.10211,1.10256,3175
2024-10-04 09:00:00+00:00,1.10255,1.10285,1.10201,1.10272,3187
2024-10-04 10:00:00+00:00,1.10275,1.10338,1.10262,1.10277,2214
2024-10-04 11:00:00+00:00,1.10276,1.10369,1.10272,1.10325,2957
2024-10-04 12:00:00+00:00,1.10321,1.10332,1.09591,1.09611,16640
2024-10-04 13:00:00+00:00,1.0961,1.09791,1.09589,1.09732,10428
2024-10-04 14:00:00+00:00,1.09734,1.09818,1.0967,1.09693,6907
2024-10-04 15:00:00+00:00,1.09694,1.09742,1.0955,1.09606,5997
2024-10-04 16:00:00+00:00,1.09607,1.0962,1.09513,1.09598,4784
2024-10-04 17:00:00+00:00,1.09598,1.09695,1.09578,1.09681,2460
2024-10-04 18:00:00+00:00,1.09683,1.09741,1.09653,1.09726,2185
2024-10-04 19:00:00+00:00,1.09727,1.09779,1.09709,1.09764,2100
2024-10-04 20:00:00+00:00,1.09766,1.09778,1.09718,1.0972,2442
2024-10-06 21:00:00+00:00,1.09682,1.09728,1.09669,1.09701,677
2024-10-06 22:00:00+00:00,1.09696,1.09727,1.09633,1.09695,2296
2024-10-06 23:00:00+00:00,1.09695,1.09719,1.09679,1.09707,2057
2024-10-07 00:00:00+00:00,1.09706,1.09755,1.09682,1.09701,3274
2024-10-07 01:00:00+00:00,1.097,1.09777,1.09696,1.09734,3980
2024-10-07 02:00:00+00:00,1.09736,1.09775,1.09713,1.09715,2752
2024-10-07 03:00:00+00:00,1.09714,1.09733,1.09698,1.09721,1933
2024-10-07 04:00:00+00:00,1.09722,1.09736,1.09684,1.09685,1234
2024-10-07 05:00:00+00:00,1.09685,1.09704,1.09644,1.09694,1787
2024-10-07 06:00:00+00:00,1.09681,1.09724,1.09636,1.09713,4324
2024-10-07 07:00:00+00:00,1.0971,1.09727,1.09582,1.09696,5365
2024-10-07 08:00:00+00:00,1.09698,1.0979,1.09654,1.09702,3785
2024-10-07 09:00:00+00:00,1.09702,1.09702,1.09544,1.09588,3787
2024-10-07 10:00:00+00:00,1.09589,1.09698,1.09581,1.09653,3589
2024-10-07 11:00:00+00:00,1.0965,1.09806,1.09622,1.09768,3185
2024-10-07 12:00:00+00:00,1.09769,1.09837,1.09717,1.09773,4493
2024-10-07 13:00:00+00:00,1.09772,1.0983,1.09724,1.09799,5015
2024-10-07 14:00:00+00:00,1.09802,1.09849,1.09697,1.09749,4388
2024-10-07 15:00:00+00:00,1.09747,1.09793,1.09731,1.0976,4459
2024-10-07 16:00:00+00:00,1.0976,1.09847,1.09755,1.09839,3078
2024-10-07 17:00:00+00:00,1.0984,1.0987,1.09812,1.09823,2206
2024-10-07 18:00:00+00:00,1.09824,1.09824,1.09683,1.09692,2927
2024-10-07 19:00:00+00:00,1.09693,1.09728,1.09659,1.09725,4368
2024-10-07 20:00:00+00:00,1.09724,1.09766,1.09711,1.09748,2404
2024-10-07 21:00:00+00:00,1.09747,1.0976,1.09735,1.09742,1808
2024-10-07 22:00:00+00:00,1.09739,1.09792,1.09733,1.09783,922
2024-10-07 23:00:00+00:00,1.09784,1.09792,1.09743,1.09743,1162
2024-10-08 00:00:00+00:00,1.09744,1.0984,1.09738,1.09819,2532
2024-10-08 01:00:00+00:00,1.09818,1.0985,1.09806,1.09837,3322
2024-10-08 02:00:00+00:00,1.09837,1.09847,1.09728,1.09817,5541
2024-10-08 03:00:00+00:00,1.09817,1.09869,1.09817,1.09832,2939
2024-10-08 04:00:00+00:00,1.09832,1.09868,1.09832,1.09855,1280
2024-10-08 05:00:00+00:00,1.09854,1.0987,1.09816,1.09832,2968
2024-10-08 06:00:00+00:00,1.09831,1.0989,1.09814,1.09838,4168
2024-10-08 07:00:00+00:00,1.0984,1.09958,1.09786,1.09953,5769
2024-10-08 08:00:00+00:00,1.09954,1.09972,1.09831,1.0994,3656
2024-10-08 09:00:00+00:00,1.09941,1.09949,1.09857,1.09876,3323
2024-10-08 10:00:00+00:00,1.09875,1.09922,1.09823,1.09853,2610
2024-10-08 11:00:00+00:00,1.09852,1.09897,1.09786,1.09878,1991
2024-10-08 12:00:00+00:00,1.09876,1.09899,1.09716,1.0976,3812
2024-10-08 13:00:00+00:00,1.09757,1.09841,1.09746,1.09779,4600
2024-10-08 14:00:00+00:00,1.0978,1.09805,1.09664,1.0971,4349
2024-10-08 15:00:00+00:00,1.09711,1.09724,1.09611,1.09699,3705
2024-10-08 16:00:00+00:00,1.09699,1.09779,1.09687,1.09758,3033
2024-10-08 17:00:00+00:00,1.09757,1.09757,1.09659,1.09745,3447
2024-10-08 18:00:00+00:00,1.09745,1.09764,1.09687,1.09724,2750
2024-10-08 19:00:00+00:00,1.09723,1.09783,1.09695,1.09778,2791
2024-10-08 20:00:00+00:00,1.09774,1.09816,1.09767,1.09799,1839
2024-10-08 21:00:00+00:00,1.09764,1.09799,1.09762,1.09797,578
2024-10-08 22:00:00+00:00,1.09792,1.0981,1.09783,1.09809,1894
2024-10-08 23:00:00+00:00,1.09811,1.09812,1.09752,1.09755,1163
2024-10-09 00:00:00+00:00,1.09755,1.09788,1.09738,1.09756,2011
2024-10-09 01:00:00+00:00,1.09756,1.09774,1.09687,1.09737,4558
2024-10-09 02:00:00+00:00,1.09736,1.09743,1.09687,1.09706,3292
2024-10-09 03:00:00+00:00,1.09706,1.09712,1.09669,1.09677,2294
2024-10-09 04:00:00+00:00,1.09678,1.09685,1.09621,1.09633,1467
2024-10-09 05:00:00+00:00,1.09637,1.09762,1.09637,1.09732,7915
2024-10-09 06:00:00+00:00,1.09731,1.09731,1.09623,1.09631,3725
2024-10-09 07:00:00+00:00,1.09629,1.0967,1.0951,1.09603,6198
2024-10-09 08:00:00+00:00,1.09604,1.09643,1.09534,1.09579,3755
2024-10-09 09:00:00+00:00,1.0958,1.09677,1.09571,1.09669,3268
2024-10-09 10:00:00+00:00,1.09667,1.09708,1.09634,1.09657,1922
2024-10-09 11:00:00+00:00,1.09657,1.09669,1.09542,1.09542,2082
2024-10-09 12:00:00+00:00,1.09541,1.09593,1.09528,1.09569,3419
2024-10-09 13:00:00+00:00,1.09568,1.09585,1.09465,1.09532,3750
2024-10-09 14:00:00+00:00,1.09531,1.09598,1.094,1.0948,4255
2024-10-09 15:00:00+00:00,1.09478,1.09563,1.0947,1.09508,4186
2024-10-09 16:00:00+00:00,1.09505,1.09505,1.09402,1.09415,2944
2024-10-09 17:00:00+00:00,1.09415,1.09424,1.09371,1.09396,2599
2024-10-09 18:00:00+00:00,1.09398,1.09426,1.09363,1.09366,3032
2024-10-09 19:00:00+00:00,1.09367,1.09415,1.09366,1.09386,2090
2024-10-09 20:00:00+00:00,1.09386,1.0941,1.09368,1.09393,1656
2024-10-09 21:00:00+00:00,1.09392,1.09438,1.09389,1.09418,869
2024-10-09 22:00:00+00:00,1.09422,1.0943,1.09381,1.09408,1081
2024-10-09 23:00:00+00:00,1.09408,1.09424,1.0939,1.09416,1122
2024-10-10 00:00:00+00:00,1.09417,1.0943,1.09393,1.09407,2769
2024-10-10 01:00:00+00:00,1.09405,1.09462,1.09398,1.0943,3716
2024-10-10 02:00:00+00:00,1.09428,1.09455,1.09389,1.0942,3542
2024-10-10 03:00:00+00:00,1.09419,1.09459,1.09415,1.09437,2217
2024-10-10 04:00:00+00:00,1.09436,1.09447,1.09384,1.0941,1372
2024-10-10 05:00:00+00:00,1.0941,1.09426,1.0937,1.09391,2374
2024-10-10 06:00:00+00:00,1.0939,1.09432,1.09366,1.09369,3589
2024-10-10 07:00:00+00:00,1.0937,1.09432,1.09332,1.09376,3483
2024-10-10 08:00:00+00:00,1.09377,1.09394,1.09283,1.09332,3207
2024-10-10 09:00:00+00:00,1.0933,1.0934,1.09279,1.09338,1878
2024-10-10 10:00:00+00:00,1.09337,1.09397,1.09309,1.09392,1816
2024-10-10 11:00:00+00:00,1.09391,1.09396,1.09271,1.0931,2589
2024-10-10 12:00:00+00:00,1.09311,1.09551,1.09077,1.09441,17441
2024-10-10 13:00:00+00:00,1.09454,1.095,1.09339,1.09373,11938
2024-10-10 14:00:00+00:00,1.09374,1.09422,1.09137,1.09224,11554
2024-10-10 15:00:00+00:00,1.09226,1.093,1.09166,1.09249,6426
2024-10-10 16:00:00+00:00,1.09249,1.09283,1.09031,1.09062,6885
2024-10-10 17:00:00+00:00,1.09062,1.09207,1.09001,1.09191,7101
2024-10-10 18:00:00+00:00,1.09191,1.09266,1.09183,1.09221,3452
2024-10-10 19:00:00+00:00,1.0922,1.09347,1.09212,1.09344,3236
2024-10-10 20:00:00+00:00,1.09345,1.09379,1.09304,1.09313,1499
2024-10-10 21:00:00+00:00,1.09238,1.09376,1.09238,1.09363,729
2024-10-10 22:00:00+00:00,1.09356,1.09365,1.0933,1.0934,1059
2024-10-10 23:00:00+00:00,1.09339,1.09345,1.09325,1.09336,1080
2024-10-11 00:00:00+00:00,1.09335,1.0938,1.09321,1.09375,2152
2024-10-11 01:00:00+00:00,1.09377,1.0938,1.09296,1.0932,2205
2024-10-11 02:00:00+00:00,1.0932,1.09378,1.0931,1.09368,1384
2024-10-11 03:00:00+00:00,1.09369,1.09407,1.09363,1.09397,1308
2024-10-11 04:00:00+00:00,1.09396,1.09406,1.09354,1.09358,880
2024-10-11 05:00:00+00:00,1.09357,1.0938,1.09326,1.09355,1180
2024-10-11 06:00:00+00:00,1.09356,1.09408,1.09326,1.09402,2729
2024-10-11 07:00:00+00:00,1.09401,1.09455,1.09323,1.09447,3142
2024-10-11 08:00:00+00:00,1.09446,1.09539,1.09418,1.09496,2296
2024-10-11 09:00:00+00:00,1.09494,1.09512,1.09382,1.0939,1792
2024-10-11 10:00:00+00:00,1.09389,1.09395,1.09311,1.09352,1904
2024-10-11 11:00:00+00:00,1.09352,1.09362,1.09274,1.09311,1801
2024-10-11 12:00:00+00:00,1.0931,1.09507,1.09262,1.09332,6584
2024-10-11 13:00:00+00:00,1.09331,1.09407,1.09281,1.09388,4206
2024-10-11 14:00:00+00:00,1.09388,1.09493,1.09337,1.0943,5608
2024-10-11 15:00:00+00:00,1.09429,1.09526,1.09412,1.09414,3066
2024-10-11 16:00:00+00:00,1.09413,1.09476,1.09404,1.0945,1998
2024-10-11 17:00:00+00:00,1.09451,1.09476,1.09429,1.09436,1708
2024-10-11 18:00:00+00:00,1.09434,1.09462,1.09389,1.09392,1425
2024-10-11 19:00:00+00:00,1.09393,1.09395,1.09331,1.09333,930
2024-10-11 20:00:00+00:00,1.09332,1.09393,1.09326,1.09373,2504
2024-10-13 21:00:00+00:00,1.0933,1.0934,1.09325,1.0933,357
2024-10-13 22:00:00+00:00,1.09329,1.09337,1.09271,1.09272,1341
2024-10-13 23:00:00+00:00,1.09273,1.09285,1.09222,1.09232,1376
2024-10-14 00:00:00+00:00,1.09233,1.09245,1.09154,1.09217,2887
2024-10-14 01:00:00+00:00,1.09216,1.09256,1.0918,1.09234,3701
2024-10-14 02:00:00+00:00,1.09233,1.0927,1.09185,1.09248,2648
2024-10-14 03:00:00+00:00,1.0925,1.09294,1.09236,1.09257,1260
2024-10-14 04:00:00+00:00,1.09256,1.09259,1.09233,1.09239,589
2024-10-14 05:00:00+00:00,1.0924,1.09265,1.09225,1.09261,1469
2024-10-14 06:00:00+00:00,1.09263,1.09305,1.0925,1.09251,1888
2024-10-14 07:00:00+00:00,1.0925,1.09312,1.09239,1.09284,3098
2024-10-14 08:00:00+00:00,1.09283,1.09317,1.09238,1.0927,3088
2024-10-14 09:00:00+00:00,1.09269,1.09368,1.09268,1.0929,2069
2024-10-14 10:00:00+00:00,1.09289,1.09302,1.09221,1.09229,1718
2024-10-14 11:00:00+00:00,1.09228,1.09247,1.09093,1.09128,2830
2024-10-14 12:00:00+00:00,1.09128,1.09169,1.09074,1.09097,4331
2024-10-14 13:00:00+00:00,1.09096,1.09275,1.09048,1.09193,5778
2024-10-14 14:00:00+00:00,1.0919,1.0919,1.09052,1.0915,5745
2024-10-14 15:00:00+00:00,1.0915,1.09166,1.09049,1.09069,2783
2024-10-14 16:00:00+00:00,1.0907,1.09087,1.09008,1.09016,1928
2024-10-14 17:00:00+00:00,1.09017,1.09044,1.08975,1.09041,1544
2024-10-14 18:00:00+00:00,1.09042,1.09051,1.0895,1.08973,1433
2024-10-14 19:00:00+00:00,1.08974,1.09061,1.08882,1.0904,4414
2024-10-14 20:00:00+00:00,1.09037,1.09097,1.09028,1.09089,1345
2024-10-14 21:00:00+00:00,1.09062,1.09089,1.09057,1.09086,189
2024-10-14 22:00:00+00:00,1.09085,1.09097,1.0905,1.09087,687
2024-10-14 23:00:00+00:00,1.09088,1.09105,1.09067,1.0909,1088
2024-10-15 00:00:00+00:00,1.09091,1.091,1.09041,1.09074,2406
2024-10-15 01:00:00+00:00,1.09073,1.09087,1.09046,1.09072,1398
2024-10-15 02:00:00+00:00,1.09072,1.0909,1.09005,1.09022,1910
2024-10-15 03:00:00+00:00,1.09021,1.09031,1.08958,1.08966,1582
2024-10-15 04:00:00+00:00,1.08965,1.08965,1.08915,1.08931,1607
2024-10-15 05:00:00+00:00,1.0893,1.0893,1.08883,1.08918,2313
2024-10-15 06:00:00+00:00,1.08916,1.08958,1.0885,1.08926,4883
2024-10-15 07:00:00+00:00,1.08926,1.08988,1.08851,1.08986,4369
2024-10-15 08:00:00+00:00,1.08987,1.09163,1.08972,1.09105,3935
2024-10-15 09:00:00+00:00,1.09106,1.09147,1.09061,1.09138,2870
2024-10-15 10:00:00+00:00,1.0914,1.09151,1.09028,1.09029,3039
2024-10-15 11:00:00+00:00,1.09028,1.09094,1.08974,1.09011,3212
2024-10-15 12:00:00+00:00,1.09014,1.09126,1.08996,1.09101,4152
2024-10-15 13:00:00+00:00,1.09102,1.09169,1.09084,1.09099,5883
2024-10-15 14:00:00+00:00,1.09095,1.09118,1.0899,1.09028,6497
2024-10-15 15:00:00+00:00,1.09028,1.09073,1.08986,1.0899,5903
2024-10-15 16:00:00+00:00,1.0899,1.09026,1.08894,1.08896,3766
2024-10-15 17:00:00+00:00,1.08894,1.08905,1.08819,1.08852,3635
2024-10-15 18:00:00+00:00,1.08854,1.08905,1.0884,1.08873,3161
2024-10-15 19:00:00+00:00,1.08873,1.08902,1.08859,1.0887,3911
2024-10-15 20:00:00+00:00,1.0887,1.08946,1.08858,1.08932,2060
2024-10-15 21:00:00+00:00,1.08902,1.08932,1.08902,1.08929,602
2024-10-15 22:00:00+00:00,1.08933,1.08938,1.08878,1.08897,2397
2024-10-15 23:00:00+00:00,1.08898,1.08903,1.08832,1.08833,1368
2024-10-16 00:00:00+00:00,1.08832,1.08869,1.08821,1.08854,2405
2024-10-16 01:00:00+00:00,1.08854,1.08921,1.08844,1.08919,3355
2024-10-16 02:00:00+00:00,1.08919,1.08934,1.08886,1.08927,2172
2024-10-16 03:00:00+00:00,1.08928,1.08958,1.08907,1.0891,2210
2024-10-16 04:00:00+00:00,1.0891,1.08931,1.08878,1.08895,1040
2024-10-16 05:00:00+00:00,1.08896,1.08903,1.08866,1.0888,1826
2024-10-16 06:00:00+00:00,1.08881,1.08895,1.08763,1.08778,5779
2024-10-16 07:00:00+00:00,1.08777,1.08853,1.08753,1.08824,2923
2024-10-16 08:00:00+00:00,1.08823,1.08845,1.08779,1.08835,2619
2024-10-16 09:00:00+00:00,1.08835,1.08973,1.08827,1.08947,2374
2024-10-16 10:00:00+00:00,1.08948,1.08956,1.08895,1.089,1566
2024-10-16 11:00:00+00:00,1.08901,1.08958,1.0887,1.08945,2470
2024-10-16 12:00:00+00:00,1.08946,1.09016,1.08865,1.08888,3348
2024-10-16 13:00:00+00:00,1.08892,1.08976,1.08851,1.08902,4653
2024-10-16 14:00:00+00:00,1.08905,1.08909,1.08715,1.08799,5707
2024-10-16 15:00:00+00:00,1.088,1.08802,1.08662,1.08725,4242
2024-10-16 16:00:00+00:00,1.08724,1.08768,1.0867,1.08683,3583
2024-10-16 17:00:00+00:00,1.08685,1.08685,1.08616,1.08623,2640
2024-10-16 18:00:00+00:00,1.08623,1.0863,1.08554,1.08557,3080
2024-10-16 19:00:00+00:00,1.08558,1.08604,1.08534,1.08579,2403
2024-10-16 20:00:00+00:00,1.08577,1.08629,1.08575,1.08621,1940
2024-10-16 21:00:00+00:00,1.08615,1.08712,1.08605,1.08637,1139
2024-10-16 22:00:00+00:00,1.08639,1.08644,1.08576,1.08587,1236
2024-10-16 23:00:00+00:00,1.08588,1.08596,1.08564,1.0859,1109
2024-10-17 00:00:00+00:00,1.08589,1.08643,1.0858,1.08633,3134
2024-10-17 01:00:00+00:00,1.08632,1.08639,1.08591,1.08625,3146
2024-10-17 02:00:00+00:00,1.08626,1.08652,1.08593,1.08619,3244
2024-10-17 03:00:00+00:00,1.08618,1.08621,1.08512,1.08531,1896
2024-10-17 04:00:00+00:00,1.08533,1.08556,1.08525,1.08534,1343
2024-10-17 05:00:00+00:00,1.08534,1.08555,1.08525,1.08545,2178
2024-10-17 06:00:00+00:00,1.08539,1.08585,1.08498,1.08508,2891
2024-10-17 07:00:00+00:00,1.08507,1.08577,1.08491,1.08548,3932
2024-10-17 08:00:00+00:00,1.08549,1.08568,1.0849,1.08517,3456
2024-10-17 09:00:00+00:00,1.08518,1.08642,1.08504,1.08588,3105
2024-10-17 10:00:00+00:00,1.08589,1.0865,1.08582,1.08643,2698
2024-10-17 11:00:00+00:00,1.08643,1.08675,1.08631,1.08633,2371
2024-10-17 12:00:00+00:00,1.08633,1.0874,1.08334,1.08429,13688
2024-10-17 13:00:00+00:00,1.08429,1.08448,1.08111,1.08332,13506
2024-10-17 14:00:00+00:00,1.08333,1.08352,1.08141,1.08287,10570
2024-10-17 15:00:00+00:00,1.08288,1.08409,1.08246,1.08367,6236
2024-10-17 16:00:00+00:00,1.08367,1.08371,1.08225,1.08249,4399
2024-10-17 17:00:00+00:00,1.08249,1.08282,1.08211,1.08254,2350
2024-10-17 18:00:00+00:00,1.08259,1.08321,1.08247,1.08251,2730
2024-10-17 19:00:00+00:00,1.08252,1.08286,1.08235,1.0828,2233
2024-10-17 20:00:00+00:00,1.08278,1.08315,1.08269,1.08315,1604
2024-10-17 21:00:00+00:00,1.08288,1.08326,1.08288,1.08323,329
2024-10-17 22:00:00+00:00,1.08323,1.08333,1.08291,1.08291,824
2024-10-17 23:00:00+00:00,1.08293,1.083,1.08254,1.08292,958
2024-10-18 00:00:00+00:00,1.08293,1.08325,1.08274,1.0829,2854
2024-10-18 01:00:00+00:00,1.0829,1.08364,1.08276,1.08352,3496
2024-10-18 02:00:00+00:00,1.08353,1.08397,1.08333,1.0839,2785
2024-10-18 03:00:00+00:00,1.08389,1.08397,1.08372,1.08387,1966
2024-10-18 04:00:00+00:00,1.08388,1.08407,1.08383,1.08405,886
2024-10-18 05:00:00+00:00,1.08406,1.08442,1.08386,1.08435,1777
2024-10-18 06:00:00+00:00,1.08434,1.08488,1.08383,1.08444,4508
2024-10-18 07:00:00+00:00,1.08443,1.08443,1.0837,1.08411,4485
2024-10-18 08:00:00+00:00,1.08411,1.08469,1.08346,1.0838,3413
2024-10-18 09:00:00+00:00,1.08379,1.08458,1.08342,1.08443,3386
2024-10-18 10:00:00+00:00,1.08445,1.0849,1.08381,1.08451,2668
2024-10-18 11:00:00+00:00,1.08452,1.0852,1.08419,1.08483,2049
2024-10-18 12:00:00+00:00,1.08484,1.08601,1.08467,1.08594,3416
2024-10-18 13:00:00+00:00,1.08595,1.08634,1.08513,1.0857,3436
2024-10-18 14:00:00+00:00,1.08571,1.08646,1.08551,1.08573,3643
2024-10-18 15:00:00+00:00,1.08573,1.08603,1.08531,1.08536,3382
2024-10-18 16:00:00+00:00,1.08535,1.08684,1.0853,1.08668,2288
2024-10-18 17:00:00+00:00,1.08667,1.08668,1.08592,1.0862,2389
2024-10-18 18:00:00+00:00,1.08618,1.08682,1.08617,1.08655,3241
2024-10-18 19:00:00+00:00,1.08655,1.0866,1.08623,1.08639,6664
2024-10-18 20:00:00+00:00,1.08638,1.08696,1.08631,1.08667,2243
2024-10-20 21:00:00+00:00,1.08624,1.08675,1.08612,1.08671,406
2024-10-20 22:00:00+00:00,1.08665,1.08718,1.08659,1.08693,1626
2024-10-20 23:00:00+00:00,1.08694,1.08699,1.08654,1.08682,1699
2024-10-21 00:00:00+00:00,1.08683,1.0869,1.0864,1.0865,3491
2024-10-21 01:00:00+00:00,1.0865,1.08683,1.08638,1.08653,4221
2024-10-21 02:00:00+00:00,1.08652,1.08674,1.08642,1.08646,2801
2024-10-21 03:00:00+00:00,1.08646,1.0868,1.08644,1.08663,1824
2024-10-21 04:00:00+00:00,1.08663,1.08663,1.08585,1.08587,1335
2024-10-21 05:00:00+00:00,1.08588,1.08636,1.08588,1.086,2468
2024-10-21 06:00:00+00:00,1.086,1.08601,1.08496,1.08525,3425
2024-10-21 07:00:00+00:00,1.08523,1.08573,1.08464,1.08483,3261
2024-10-21 08:00:00+00:00,1.08482,1.0858,1.08482,1.08554,2448
2024-10-21 09:00:00+00:00,1.08553,1.08584,1.08466,1.08467,2945
2024-10-21 10:00:00+00:00,1.08465,1.08495,1.08449,1.08475,2870
2024-10-21 11:00:00+00:00,1.08476,1.08564,1.08468,1.08559,2357
2024-10-21 12:00:00+00:00,1.08558,1.08592,1.08512,1.08575,3337
2024-10-21 13:00:00+00:00,1.08573,1.08581,1.08439,1.08475,3771
2024-10-21 14:00:00+00:00,1.08479,1.08488,1.08334,1.0835,3898
2024-10-21 15:00:00+00:00,1.08349,1.08351,1.082,1.08201,5194
2024-10-21 16:00:00+00:00,1.082,1.08231,1.08171,1.08187,3441
2024-10-21 17:00:00+00:00,1.08187,1.08232,1.08156,1.08164,3812
2024-10-21 18:00:00+00:00,1.08164,1.08173,1.08111,1.08117,5339
2024-10-21 19:00:00+00:00,1.08118,1.08156,1.08113,1.08155,4322
2024-10-21 20:00:00+00:00,1.08153,1.0817,1.08124,1.08157,2062
2024-10-21 21:00:00+00:00,1.08204,1.08204,1.0815,1.08161,276
2024-10-21 22:00:00+00:00,1.08163,1.08181,1.08155,1.08156,1001
2024-10-21 23:00:00+00:00,1.08157,1.08169,1.08142,1.08156,1250
2024-10-22 00:00:00+00:00,1.08155,1.08185,1.08144,1.08162,3020
2024-10-22 01:00:00+00:00,1.08163,1.08209,1.08162,1.0819,3588
2024-10-22 02:00:00+00:00,1.0819,1.08214,1.08152,1.08158,3182
2024-10-22 03:00:00+00:00,1.08157,1.08192,1.08151,1.08192,2528
2024-10-22 04:00:00+00:00,1.08193,1.0821,1.0818,1.08204,1923
2024-10-22 05:00:00+00:00,1.08204,1.08239,1.08194,1.08195,2339
2024-10-22 06:00:00+00:00,1.08194,1.08289,1.08182,1.08256,2901
2024-10-22 07:00:00+00:00,1.08255,1.08382,1.08208,1.08369,4125
2024-10-22 08:00:00+00:00,1.08367,1.08372,1.08261,1.08272,2606
2024-10-22 09:00:00+00:00,1.08271,1.08308,1.08148,1.0816,2739
2024-10-22 10:00:00+00:00,1.08158,1.08295,1.08144,1.08288,2973
2024-10-22 11:00:00+00:00,1.08289,1.08292,1.0815,1.08177,3232
2024-10-22 12:00:00+00:00,1.08176,1.08218,1.08109,1.08118,3663
2024-10-22 13:00:00+00:00,1.08118,1.08186,1.08014,1.08074,6463
2024-10-22 14:00:00+00:00,1.08074,1.08135,1.08009,1.08097,4908
2024-10-22 15:00:00+00:00,1.08098,1.08156,1.08042,1.08047,4732
2024-10-22 16:00:00+00:00,1.08046,1.08145,1.08033,1.08077,3899
2024-10-22 17:00:00+00:00,1.08078,1.08089,1.08014,1.0803,4489
2024-10-22 18:00:00+00:00,1.0803,1.08042,1.08,1.08001,4049
2024-10-22 19:00:00+00:00,1.07999,1.08021,1.07941,1.07949,4110
2024-10-22 20:00:00+00:00,1.07948,1.08014,1.07928,1.08014,3088
2024-10-22 21:00:00+00:00,1.07987,1.07994,1.0797,1.07992,334
2024-10-22 22:00:00+00:00,1.07985,1.08006,1.0797,1.07985,849
2024-10-22 23:00:00+00:00,1.07986,1.07986,1.07964,1.07964,805
2024-10-23 00:00:00+00:00,1.07964,1.08012,1.07924,1.07953,3178
2024-10-23 01:00:00+00:00,1.07954,1.07984,1.07938,1.0795,4338
2024-10-23 02:00:00+00:00,1.0795,1.08055,1.07949,1.08047,3535
2024-10-23 03:00:00+00:00,1.08048,1.08054,1.07989,1.08024,3019
2024-10-23 04:00:00+00:00,1.08024,1.08029,1.07997,1.08022,2642
2024-10-23 05:00:00+00:00,1.08023,1.08068,1.08021,1.08068,3044
2024-10-23 06:00:00+00:00,1.08067,1.08067,1.07926,1.07926,4277
2024-10-23 07:00:00+00:00,1.07926,1.07926,1.07807,1.07819,5119
2024-10-23 08:00:00+00:00,1.07818,1.07916,1.07795,1.07883,3632
2024-10-23 09:00:00+00:00,1.07882,1.07895,1.07814,1.07825,3266
2024-10-23 10:00:00+00:00,1.07824,1.07835,1.07775,1.07776,3036
2024-10-23 11:00:00+00:00,1.07777,1.078,1.07631,1.07632,4225
2024-10-23 12:00:00+00:00,1.07633,1.07751,1.07614,1.07745,5589
2024-10-23 13:00:00+00:00,1.07745,1.07833,1.07697,1.07753,4690
2024-10-23 14:00:00+00:00,1.07752,1.07825,1.07709,1.07747,5414
2024-10-23 15:00:00+00:00,1.07746,1.07864,1.07742,1.07789,5209
2024-10-23 16:00:00+00:00,1.07788,1.07792,1.07707,1.07732,4874
2024-10-23 17:00:00+00:00,1.07732,1.07748,1.07674,1.07689,4782
2024-10-23 18:00:00+00:00,1.07689,1.07826,1.07685,1.07807,6537
2024-10-23 19:00:00+00:00,1.07808,1.07867,1.078,1.07859,4779
2024-10-23 20:00:00+00:00,1.07859,1.07866,1.07821,1.07821,4840
2024-10-23 21:00:00+00:00,1.07832,1.07847,1.07826,1.0783,180
2024-10-23 22:00:00+00:00,1.0783,1.07835,1.07801,1.07823,1127
2024-10-23 23:00:00+00:00,1.07824,1.07848,1.07794,1.07805,1145
2024-10-24 00:00:00+00:00,1.07806,1.079,1.07799,1.07889,4792
2024-10-24 01:00:00+00:00,1.0789,1.07895,1.07821,1.07831,4062
2024-10-24 02:00:00+00:00,1.07832,1.07891,1.07813,1.07877,2958
2024-10-24 03:00:00+00:00,1.07877,1.07891,1.07853,1.07871,1751
2024-10-24 04:00:00+00:00,1.07871,1.07937,1.0787,1.07933,2198
2024-10-24 05:00:00+00:00,1.07934,1.07934,1.07884,1.0789,2900
2024-10-24 06:00:00+00:00,1.0789,1.07909,1.07817,1.07835,3867
2024-10-24 07:00:00+00:00,1.07834,1.07988,1.07706,1.07957,8760
2024-10-24 08:00:00+00:00,1.07958,1.08083,1.07958,1.08032,6585
2024-10-24 09:00:00+00:00,1.08032,1.08053,1.07956,1.0797,3773
2024-10-24 10:00:00+00:00,1.07971,1.08044,1.07962,1.07991,2993
2024-10-24 11:00:00+00:00,1.0799,1.08031,1.07921,1.07951,3609
2024-10-24 12:00:00+00:00,1.07952,1.08042,1.0789,1.07966,8494
2024-10-24 13:00:00+00:00,1.07966,1.08114,1.07952,1.08001,7000
2024-10-24 14:00:00+00:00,1.08003,1.08111,1.07971,1.07979,5834
2024-10-24 15:00:00+00:00,1.07981,1.08056,1.07965,1.0805,4324
2024-10-24 16:00:00+00:00,1.08051,1.08112,1.08027,1.08109,4230
2024-10-24 17:00:00+00:00,1.08109,1.08245,1.08107,1.08208,3324
2024-10-24 18:00:00+00:00,1.08209,1.0826,1.08178,1.08229,3610
2024-10-24 19:00:00+00:00,1.08229,1.08291,1.08212,1.08291,2970
2024-10-24 20:00:00+00:00,1.08291,1.083,1.08272,1.08278,2159
2024-10-24 21:00:00+00:00,1.08272,1.0829,1.08262,1.08289,300
2024-10-24 22:00:00+00:00,1.08291,1.08291,1.08243,1.08244,966
2024-10-24 23:00:00+00:00,1.08244,1.08247,1.08228,1.0824,1260
2024-10-25 00:00:00+00:00,1.0824,1.08251,1.08202,1.08218,3387
2024-10-25 01:00:00+00:00,1.08219,1.08251,1.08201,1.08236,2570
2024-10-25 02:00:00+00:00,1.08235,1.08277,1.0823,1.0826,1592
2024-10-25 03:00:00+00:00,1.0826,1.0826,1.08203,1.08219,1906
2024-10-25 04:00:00+00:00,1.08218,1.08232,1.08207,1.0822,2065
2024-10-25 05:00:00+00:00,1.08219,1.08257,1.0821,1.08216,2018
2024-10-25 06:00:00+00:00,1.08217,1.08229,1.08145,1.08158,3143
2024-10-25 07:00:00+00:00,1.08157,1.08274,1.08138,1.08246,4438
2024-10-25 08:00:00+00:00,1.08244,1.08373,1.08217,1.08239,4411
2024-10-25 09:00:00+00:00,1.08239,1.08272,1.08222,1.08228,1741
2024-10-25 10:00:00+00:00,1.08227,1.08278,1.08224,1.08242,1934
2024-10-25 11:00:00+00:00,1.08241,1.08292,1.08214,1.08215,2195
2024-10-25 12:00:00+00:00,1.08216,1.08394,1.0821,1.08386,4257
2024-10-25 13:00:00+00:00,1.08386,1.08387,1.08258,1.08344,3912
2024-10-25 14:00:00+00:00,1.08345,1.08376,1.08269,1.08308,5506
2024-10-25 15:00:00+00:00,1.08309,1.08349,1.0811,1.08122,4947
2024-10-25 16:00:00+00:00,1.0812,1.08121,1.08026,1.08052,3430
2024-10-25 17:00:00+00:00,1.08053,1.08067,1.08021,1.08033,3596
2024-10-25 18:00:00+00:00,1.08033,1.08048,1.0799,1.08031,3849
2024-10-25 19:00:00+00:00,1.0803,1.0803,1.07932,1.07958,4225
2024-10-25 20:00:00+00:00,1.07959,1.07975,1.07947,1.07955,2898
2024-10-27 21:00:00+00:00,1.07943,1.07968,1.0788,1.0795,829
2024-10-27 22:00:00+00:00,1.07949,1.07985,1.07877,1.07959,3340
2024-10-27 23:00:00+00:00,1.07961,1.08018,1.07941,1.07962,2640
2024-10-28 00:00:00+00:00,1.07961,1.08015,1.07941,1.07942,3826
2024-10-28 01:00:00+00:00,1.07942,1.07961,1.07903,1.07911,4477
2024-10-28 02:00:00+00:00,1.0791,1.07958,1.07859,1.07886,3436
2024-10-28 03:00:00+00:00,1.07886,1.079,1.07822,1.0783,2333
2024-10-28 04:00:00+00:00,1.0783,1.0789,1.07828,1.07878,1895
2024-10-28 05:00:00+00:00,1.07877,1.07885,1.07823,1.07879,2320
2024-10-28 06:00:00+00:00,1.07879,1.07968,1.07864,1.07943,3097
2024-10-28 07:00:00+00:00,1.07942,1.08057,1.07933,1.08043,3284
2024-10-28 08:00:00+00:00,1.08042,1.08214,1.08011,1.08192,4445
2024-10-28 09:00:00+00:00,1.08191,1.08201,1.08086,1.08132,3508
2024-10-28 10:00:00+00:00,1.08132,1.08196,1.08111,1.08168,3364
2024-10-28 11:00:00+00:00,1.08167,1.08201,1.08152,1.08197,1481
2024-10-28 12:00:00+00:00,1.08196,1.08263,1.08133,1.08156,2943
2024-10-28 13:00:00+00:00,1.08157,1.08226,1.08142,1.08204,2685
2024-10-28 14:00:00+00:00,1.08206,1.08277,1.08153,1.08243,2571
2024-10-28 15:00:00+00:00,1.08242,1.08253,1.08138,1.08189,3032
2024-10-28 16:00:00+00:00,1.08188,1.08264,1.08146,1.08156,2679
2024-10-28 17:00:00+00:00,1.08156,1.08181,1.0813,1.08138,2309
2024-10-28 18:00:00+00:00,1.08137,1.08151,1.081,1.08121,3037
2024-10-28 19:00:00+00:00,1.08119,1.08191,1.08114,1.08154,3433
2024-10-28 20:00:00+00:00,1.08155,1.08175,1.08116,1.08122,1884
2024-10-28 21:00:00+00:00,1.08131,1.08153,1.0813,1.08149,290
2024-10-28 22:00:00+00:00,1.08156,1.08156,1.08112,1.08126,1006
2024-10-28 23:00:00+00:00,1.08127,1.08177,1.08109,1.08177,1012
2024-10-29 00:00:00+00:00,1.08176,1.08194,1.08129,1.08158,2627
2024-10-29 01:00:00+00:00,1.08156,1.08171,1.08116,1.08158,3980
2024-10-29 02:00:00+00:00,1.08159,1.08182,1.08115,1.08124,3502
2024-10-29 03:00:00+00:00,1.08123,1.08135,1.08062,1.08081,3003
2024-10-29 04:00:00+00:00,1.0808,1.08091,1.08068,1.08088,1705
2024-10-29 05:00:00+00:00,1.08088,1.08135,1.08087,1.08112,2797
2024-10-29 06:00:00+00:00,1.08111,1.0814,1.08069,1.08114,2506
2024-10-29 07:00:00+00:00,1.08113,1.08161,1.08055,1.08097,3020
2024-10-29 08:00:00+00:00,1.08096,1.08206,1.08095,1.08187,5718
2024-10-29 09:00:00+00:00,1.08184,1.08264,1.08132,1.08179,3924
2024-10-29 10:00:00+00:00,1.08179,1.0821,1.08035,1.08058,4551
2024-10-29 11:00:00+00:00,1.08057,1.08061,1.07968,1.07992,4216
2024-10-29 12:00:00+00:00,1.07991,1.07999,1.07722,1.07776,6172
2024-10-29 13:00:00+00:00,1.07775,1.07912,1.07689,1.07881,6465
2024-10-29 14:00:00+00:00,1.07882,1.08123,1.07881,1.08005,12395
2024-10-29 15:00:00+00:00,1.08006,1.08013,1.07853,1.07977,6287
2024-10-29 16:00:00+00:00,1.07977,1.08077,1.07924,1.07991,4495
2024-10-29 17:00:00+00:00,1.0799,1.08113,1.07981,1.08058,3852
2024-10-29 18:00:00+00:00,1.08059,1.08163,1.08033,1.08134,3524
2024-10-29 19:00:00+00:00,1.0814,1.08153,1.08108,1.0814,3045
2024-10-29 20:00:00+00:00,1.0814,1.08187,1.08131,1.08184,2289
2024-10-29 21:00:00+00:00,1.08166,1.0817,1.08141,1.08157,334
2024-10-29 22:00:00+00:00,1.08156,1.08217,1.08151,1.082,993
2024-10-29 23:00:00+00:00,1.08202,1.0822,1.08181,1.08199,1137
2024-10-30 00:00:00+00:00,1.08198,1.08262,1.08197,1.0822,2165
2024-10-30 01:00:00+00:00,1.08219,1.08259,1.08201,1.08217,2358
2024-10-30 02:00:00+00:00,1.08216,1.08216,1.08174,1.08182,1846
2024-10-30 03:00:00+00:00,1.08181,1.08182,1.08137,1.08141,2138
2024-10-30 04:00:00+00:00,1.08142,1.08179,1.08132,1.08167,1590
2024-10-30 05:00:00+00:00,1.08167,1.0817,1.08141,1.08157,1668
2024-10-30 06:00:00+00:00,1.08156,1.08264,1.08156,1.08237,2459
2024-10-30 07:00:00+00:00,1.08236,1.08241,1.08158,1.08191,2457
2024-10-30 08:00:00+00:00,1.08192,1.08448,1.08192,1.08348,5912
2024-10-30 09:00:00+00:00,1.08348,1.08595,1.08328,1.08398,6241
2024-10-30 10:00:00+00:00,1.08398,1.0844,1.08312,1.08345,3088
2024-10-30 11:00:00+00:00,1.08346,1.08356,1.08217,1.08243,2279
2024-10-30 12:00:00+00:00,1.08243,1.08296,1.08079,1.0814,8451
2024-10-30 13:00:00+00:00,1.0814,1.08444,1.08114,1.08434,7616
2024-10-30 14:00:00+00:00,1.08435,1.08578,1.08423,1.08491,7584
2024-10-30 15:00:00+00:00,1.08491,1.0867,1.08419,1.08639,5179
2024-10-30 16:00:00+00:00,1.08638,1.08657,1.0857,1.08612,4023
2024-10-30 17:00:00+00:00,1.08609,1.08688,1.08538,1.08661,2924
2024-10-30 18:00:00+00:00,1.08662,1.08713,1.08652,1.08693,2412
2024-10-30 19:00:00+00:00,1.08694,1.08694,1.08564,1.08605,5461
2024-10-30 20:00:00+00:00,1.08607,1.08619,1.08554,1.08559,2918
2024-10-30 21:00:00+00:00,1.0857,1.08592,1.08568,1.08587,535
2024-10-30 22:00:00+00:00,1.08589,1.08603,1.08548,1.08586,1801
2024-10-30 23:00:00+00:00,1.08588,1.08601,1.0858,1.08582,717
2024-10-31 00:00:00+00:00,1.08583,1.08594,1.0853,1.08535,1922
2024-10-31 01:00:00+00:00,1.08533,1.08582,1.08442,1.08448,2690
2024-10-31 02:00:00+00:00,1.08447,1.08513,1.08444,1.08491,2737
2024-10-31 03:00:00+00:00,1.08491,1.08535,1.08486,1.08499,1934
2024-10-31 04:00:00+00:00,1.08499,1.08499,1.08452,1.0848,1794
2024-10-31 05:00:00+00:00,1.08478,1.08522,1.08467,1.08515,1797
2024-10-31 06:00:00+00:00,1.08514,1.08558,1.08479,1.08518,2870
2024-10-31 07:00:00+00:00,1.08522,1.08637,1.08477,1.0859,3923
2024-10-31 08:00:00+00:00,1.08591,1.0861,1.08513,1.08563,4384
2024-10-31 09:00:00+00:00,1.08563,1.08674,1.08546,1.0867,3076
2024-10-31 10:00:00+00:00,1.0867,1.08755,1.08649,1.08671,3201
2024-10-31 11:00:00+00:00,1.08672,1.087,1.08591,1.08682,2789
2024-10-31 12:00:00+00:00,1.08684,1.08868,1.08638,1.08799,9522
2024-10-31 13:00:00+00:00,1.08798,1.08882,1.08559,1.08594,8120
2024-10-31 14:00:00+00:00,1.08595,1.08769,1.08519,1.08656,8747
2024-10-31 15:00:00+00:00,1.08656,1.08656,1.08461,1.08555,7807
2024-10-31 16:00:00+00:00,1.08551,1.08632,1.08536,1.08582,7634
2024-10-31 17:00:00+00:00,1.08582,1.08645,1.08555,1.08617,4012
2024-10-31 18:00:00+00:00,1.08618,1.08731,1.08608,1.08705,5268
2024-10-31 19:00:00+00:00,1.08706,1.08783,1.0868,1.08774,4754
2024-10-31 20:00:00+00:00,1.08773,1.08851,1.08772,1.08837,4023
2024-10-31 21:00:00+00:00,1.08852,1.08859,1.0882,1.08832,176
2024-10-31 22:00:00+00:00,1.08829,1.08866,1.08815,1.0886,1167
2024-10-31 23:00:00+00:00,1.08864,1.08867,1.08836,1.0884,1719
2024-11-01 00:00:00+00:00,1.08841,1.08875,1.08806,1.08868,1989
2024-11-01 01:00:00+00:00,1.08867,1.08887,1.08787,1.088,3048
2024-11-01 02:00:00+00:00,1.08799,1.08813,1.08766,1.08783,2651
2024-11-01 03:00:00+00:00,1.08783,1.08792,1.08752,1.08765,2409
2024-11-01 04:00:00+00:00,1.08765,1.08791,1.0876,1.08773,2087
2024-11-01 05:00:00+00:00,1.08773,1.08782,1.08709,1.08717,1806
2024-11-01 06:00:00+00:00,1.08717,1.08751,1.0871,1.08732,2668
2024-11-01 07:00:00+00:00,1.08731,1.08777,1.08681,1.08681,3031
2024-11-01 08:00:00+00:00,1.08679,1.08682,1.08574,1.08624,3820
2024-11-01 09:00:00+00:00,1.08625,1.08685,1.08581,1.08585,2656
2024-11-01 10:00:00+00:00,1.08584,1.0861,1.08525,1.08608,2138
2024-11-01 11:00:00+00:00,1.08607,1.08695,1.08589,1.08681,2168
2024-11-01 12:00:00+00:00,1.0868,1.09057,1.0863,1.08863,13743
2024-11-01 13:00:00+00:00,1.08863,1.08895,1.08656,1.08701,9475
2024-11-01 14:00:00+00:00,1.08722,1.08753,1.085,1.08545,9253
2024-11-01 15:00:00+00:00,1.08545,1.08587,1.08474,1.08486,5958
2024-11-01 16:00:00+00:00,1.08482,1.08545,1.08463,1.08526,3307
2024-11-01 17:00:00+00:00,1.08524,1.0853,1.08343,1.08362,3200
2024-11-01 18:00:00+00:00,1.08362,1.08457,1.0836,1.08393,3520
2024-11-01 19:00:00+00:00,1.08394,1.08418,1.08345,1.0836,3916
2024-11-01 20:00:00+00:00,1.08359,1.08371,1.08319,1.0834,3072
2024-11-03 22:00:00+00:00,1.08827,1.08827,1.08754,1.08814,605
2024-11-03 23:00:00+00:00,1.08812,1.08812,1.0872,1.08729,4329
2024-11-04 00:00:00+00:00,1.08729,1.08793,1.08699,1.08772,2701
2024-11-04 01:00:00+00:00,1.08772,1.08914,1.08768,1.08883,4569
2024-11-04 02:00:00+00:00,1.08882,1.08944,1.08848,1.08943,4670
2024-11-04 03:00:00+00:00,1.08944,1.0905,1.08944,1.09016,4453
2024-11-04 04:00:00+00:00,1.09016,1.09032,1.08969,1.08975,2887
2024-11-04 05:00:00+00:00,1.08975,1.09,1.08944,1.0899,3344
2024-11-04 06:00:00+00:00,1.0899,1.09021,1.08913,1.08916,4023
2024-11-04 07:00:00+00:00,1.08918,1.08957,1.08873,1.08914,4162
2024-11-04 08:00:00+00:00,1.08915,1.09008,1.08894,1.08929,4130
2024-11-04 09:00:00+00:00,1.08929,1.09022,1.08913,1.08963,2871
2024-11-04 10:00:00+00:00,1.08964,1.0903,1.08938,1.09017,2170
2024-11-04 11:00:00+00:00,1.09011,1.09142,1.08997,1.09136,2112
2024-11-04 12:00:00+00:00,1.09135,1.09148,1.09016,1.09047,3320
2024-11-04 13:00:00+00:00,1.09046,1.09091,1.08936,1.09051,4055
2024-11-04 14:00:00+00:00,1.09052,1.09098,1.08957,1.08998,5229
2024-11-04 15:00:00+00:00,1.08997,1.09084,1.08961,1.08992,4981
2024-11-04 16:00:00+00:00,1.08993,1.09011,1.08804,1.08842,4285
2024-11-04 17:00:00+00:00,1.08841,1.0894,1.088,1.08888,3805
2024-11-04 18:00:00+00:00,1.08887,1.08892,1.08782,1.08853,3226
2024-11-04 19:00:00+00:00,1.08853,1.08858,1.08777,1.0879,3029
2024-11-04 20:00:00+00:00,1.0879,1.08816,1.08755,1.08757,2866
2024-11-04 21:00:00+00:00,1.08756,1.08788,1.0874,1.08774,1148
2024-11-04 22:00:00+00:00,1.08778,1.08793,1.08771,1.08792,185
2024-11-04 23:00:00+00:00,1.08794,1.08795,1.08735,1.08737,725
2024-11-05 00:00:00+00:00,1.08737,1.08767,1.08726,1.08758,1256
2024-11-05 01:00:00+00:00,1.08757,1.08782,1.0873,1.08776,2280
2024-11-05 02:00:00+00:00,1.08778,1.088,1.08753,1.08774,1966
2024-11-05 03:00:00+00:00,1.08774,1.08797,1.08753,1.08758,1588
2024-11-05 04:00:00+00:00,1.08757,1.08784,1.08744,1.08754,1787
2024-11-05 05:00:00+00:00,1.08753,1.08801,1.0875,1.08788,1423
2024-11-05 06:00:00+00:00,1.08787,1.08825,1.08771,1.0881,1519
2024-11-05 07:00:00+00:00,1.08811,1.08909,1.08811,1.08888,2299
2024-11-05 08:00:00+00:00,1.08888,1.08942,1.08843,1.08921,2836
2024-11-05 09:00:00+00:00,1.08918,1.08977,1.08902,1.08919,2164
2024-11-05 10:00:00+00:00,1.0892,1.08945,1.08909,1.08939,1597
2024-11-05 11:00:00+00:00,1.0894,1.09018,1.08929,1.08996,1995
2024-11-05 12:00:00+00:00,1.08996,1.09014,1.08941,1.08958,1823
2024-11-05 13:00:00+00:00,1.08959,1.08988,1.08897,1.08927,2770
2024-11-05 14:00:00+00:00,1.08926,1.09112,1.08926,1.0906,4617
2024-11-05 15:00:00+00:00,1.09059,1.09124,1.08888,1.09021,7735
2024-11-05 16:00:00+00:00,1.09022,1.09207,1.09012,1.092,4306
2024-11-05 17:00:00+00:00,1.092,1.09306,1.09182,1.09303,2963
2024-11-05 18:00:00+00:00,1.09304,1.09366,1.09289,1.09303,3661
2024-11-05 19:00:00+00:00,1.09304,1.09342,1.0927,1.09311,4394
2024-11-05 20:00:00+00:00,1.09312,1.09313,1.09242,1.09252,3101
2024-11-05 21:00:00+00:00,1.09252,1.09325,1.09242,1.09312,1344
2024-11-05 22:00:00+00:00,1.09285,1.09313,1.09247,1.09254,358
2024-11-05 23:00:00+00:00,1.09257,1.09373,1.09119,1.09342,5037
2024-11-06 00:00:00+00:00,1.09342,1.09342,1.08321,1.08368,25157
2024-11-06 01:00:00+00:00,1.0837,1.08573,1.08215,1.08365,19600
2024-11-06 02:00:00+00:00,1.08364,1.08394,1.07616,1.07625,24769
2024-11-06 03:00:00+00:00,1.07627,1.07799,1.07186,1.07468,24806
2024-11-06 04:00:00+00:00,1.07466,1.07883,1.07393,1.07778,15925
2024-11-06 05:00:00+00:00,1.07781,1.07946,1.07501,1.07601,21128
2024-11-06 06:00:00+00:00,1.07601,1.07615,1.07026,1.07255,20437
2024-11-06 07:00:00+00:00,1.07269,1.07527,1.07263,1.07345,19545
2024-11-06 08:00:00+00:00,1.07344,1.07815,1.07318,1.07733,15365
2024-11-06 09:00:00+00:00,1.07733,1.07741,1.07502,1.07552,10730
2024-11-06 10:00:00+00:00,1.07553,1.07619,1.07417,1.07466,7041
2024-11-06 11:00:00+00:00,1.07465,1.07469,1.07013,1.07084,11475
2024-11-06 12:00:00+00:00,1.07084,1.0719,1.06825,1.06887,12705
2024-11-06 13:00:00+00:00,1.06886,1.07195,1.06826,1.07101,11994
2024-11-06 14:00:00+00:00,1.071,1.07201,1.06984,1.07157,11701
2024-11-06 15:00:00+00:00,1.07156,1.07398,1.07142,1.07385,15296
2024-11-06 16:00:00+00:00,1.07384,1.07454,1.07261,1.07315,9807
2024-11-06 17:00:00+00:00,1.07313,1.07446,1.07257,1.07273,7975
2024-11-06 18:00:00+00:00,1.07273,1.07583,1.07262,1.07531,9898
2024-11-06 19:00:00+00:00,1.07533,1.07534,1.07299,1.07353,7427
2024-11-06 20:00:00+00:00,1.07354,1.07386,1.07328,1.07354,6286
2024-11-06 21:00:00+00:00,1.07353,1.07361,1.0728,1.07287,2151
2024-11-06 22:00:00+00:00,1.07289,1.07306,1.07264,1.07297,425
2024-11-06 23:00:00+00:00,1.07298,1.07345,1.07298,1.07317,1563
2024-11-07 00:00:00+00:00,1.07315,1.07373,1.07206,1.07211,3507
2024-11-07 01:00:00+00:00,1.0721,1.07288,1.07129,1.07177,5123
2024-11-07 02:00:00+00:00,1.07178,1.0737,1.07174,1.07368,4047
2024-11-07 03:00:00+00:00,1.07367,1.07415,1.07322,1.074,2810
2024-11-07 04:00:00+00:00,1.074,1.07455,1.07343,1.07379,2228
2024-11-07 05:00:00+00:00,1.07379,1.07479,1.07375,1.07463,2778
2024-11-07 06:00:00+00:00,1.07463,1.07505,1.0741,1.07501,3735
2024-11-07 07:00:00+00:00,1.07499,1.07701,1.07453,1.07521,7738
2024-11-07 08:00:00+00:00,1.07524,1.07718,1.07493,1.0769,7660
2024-11-07 09:00:00+00:00,1.07688,1.07692,1.0746,1.07464,5945
2024-11-07 10:00:00+00:00,1.07464,1.07668,1.07464,1.07561,4527
2024-11-07 11:00:00+00:00,1.0756,1.07625,1.07522,1.0759,2796
2024-11-07 12:00:00+00:00,1.07591,1.07782,1.07566,1.07753,6955
2024-11-07 13:00:00+00:00,1.07754,1.07948,1.07736,1.07924,11247
2024-11-07 14:00:00+00:00,1.07925,1.08168,1.07814,1.08093,8306
2024-11-07 15:00:00+00:00,1.08093,1.08249,1.0805,1.08112,8761
2024-11-07 16:00:00+00:00,1.0811,1.0815,1.07846,1.07914,8336
2024-11-07 17:00:00+00:00,1.07914,1.08064,1.07874,1.08049,5504
2024-11-07 18:00:00+00:00,1.0805,1.08069,1.07928,1.07978,5132
2024-11-07 19:00:00+00:00,1.07971,1.08042,1.07669,1.07818,24361
2024-11-07 20:00:00+00:00,1.07819,1.08097,1.07801,1.08026,14404
2024-11-07 21:00:00+00:00,1.08025,1.08055,1.07994,1.08055,2073
2024-11-07 22:00:00+00:00,1.08045,1.08058,1.08026,1.0805,1374
2024-11-07 23:00:00+00:00,1.08047,1.0805,1.07942,1.07956,1856
2024-11-08 00:00:00+00:00,1.07956,1.07975,1.07883,1.07906,3254
2024-11-08 01:00:00+00:00,1.07905,1.07916,1.07792,1.0787,4600
2024-11-08 02:00:00+00:00,1.07871,1.07898,1.07797,1.0781,3892
2024-11-08 03:00:00+00:00,1.07809,1.0789,1.0777,1.07782,2729
2024-11-08 04:00:00+00:00,1.07781,1.07839,1.07765,1.07831,2564
2024-11-08 05:00:00+00:00,1.07831,1.07865,1.078,1.07818,2563
2024-11-08 06:00:00+00:00,1.07819,1.07838,1.07728,1.07775,3988
2024-11-08 07:00:00+00:00,1.07775,1.0784,1.07752,1.07797,4843
2024-11-08 08:00:00+00:00,1.07796,1.0783,1.0761,1.0779,11222
2024-11-08 09:00:00+00:00,1.0779,1.07893,1.07722,1.07791,5419
2024-11-08 10:00:00+00:00,1.07793,1.07797,1.07673,1.07787,4605
2024-11-08 11:00:00+00:00,1.07787,1.07974,1.07787,1.0783,3920
2024-11-08 12:00:00+00:00,1.07832,1.07845,1.07667,1.0772,5933
2024-11-08 13:00:00+00:00,1.0772,1.07727,1.07445,1.07531,7410
2024-11-08 14:00:00+00:00,1.0753,1.07658,1.07496,1.07516,5235
2024-11-08 15:00:00+00:00,1.07516,1.07525,1.07402,1.07484,7792
2024-11-08 16:00:00+00:00,1.07483,1.07504,1.07092,1.07098,7413
2024-11-08 17:00:00+00:00,1.07097,1.07134,1.06868,1.07093,10467
2024-11-08 18:00:00+00:00,1.07093,1.07189,1.06999,1.07067,4796
2024-11-08 19:00:00+00:00,1.07067,1.07156,1.07056,1.07138,5120
2024-11-08 20:00:00+00:00,1.07137,1.07197,1.07105,1.07177,4905
2024-11-08 21:00:00+00:00,1.07176,1.07215,1.07171,1.07184,2365
2024-11-10 22:00:00+00:00,1.07118,1.07133,1.07086,1.07105,1817
2024-11-10 23:00:00+00:00,1.07107,1.07171,1.07091,1.07134,2590
2024-11-11 00:00:00+00:00,1.07133,1.07188,1.07087,1.07169,3126
2024-11-11 01:00:00+00:00,1.07168,1.07279,1.07159,1.07204,4192
2024-11-11 02:00:00+00:00,1.07204,1.07255,1.07196,1.07229,3079
2024-11-11 03:00:00+00:00,1.07229,1.07273,1.07153,1.07169,2364
2024-11-11 04:00:00+00:00,1.07168,1.07169,1.07079,1.07139,2493
2024-11-11 05:00:00+00:00,1.07141,1.07188,1.07114,1.07176,2859
2024-11-11 06:00:00+00:00,1.07176,1.07216,1.07125,1.0721,2596
2024-11-11 07:00:00+00:00,1.07209,1.07224,1.06859,1.06901,7028
2024-11-11 08:00:00+00:00,1.06901,1.06944,1.06786,1.06874,6519
2024-11-11 09:00:00+00:00,1.06875,1.06898,1.06681,1.06816,5534
2024-11-11 10:00:00+00:00,1.06815,1.06886,1.06708,1.0672,4371
2024-11-11 11:00:00+00:00,1.06719,1.06719,1.06558,1.06626,5464
2024-11-11 12:00:00+00:00,1.06627,1.06647,1.06522,1.06524,3841
2024-11-11 13:00:00+00:00,1.06523,1.06554,1.06366,1.06482,5592
2024-11-11 14:00:00+00:00,1.06483,1.06577,1.06286,1.06428,7946
2024-11-11 15:00:00+00:00,1.06429,1.06507,1.06364,1.06472,6728
2024-11-11 16:00:00+00:00,1.06474,1.06544,1.0645,1.06521,4590
2024-11-11 17:00:00+00:00,1.06519,1.06564,1.06451,1.06492,3717
2024-11-11 18:00:00+00:00,1.0649,1.0652,1.06459,1.06505,3460
2024-11-11 19:00:00+00:00,1.06505,1.06573,1.06494,1.06512,3217
2024-11-11 20:00:00+00:00,1.06513,1.06564,1.06513,1.06558,2843
2024-11-11 21:00:00+00:00,1.06557,1.06579,1.06525,1.06542,1394
2024-11-11 22:00:00+00:00,1.06549,1.06577,1.06534,1.06566,330
2024-11-11 23:00:00+00:00,1.06566,1.06632,1.06541,1.06632,1171
2024-11-12 00:00:00+00:00,1.06632,1.06632,1.06543,1.06578,2599
2024-11-12 01:00:00+00:00,1.06579,1.066,1.06478,1.06484,5021
2024-11-12 02:00:00+00:00,1.06483,1.06522,1.06421,1.06435,4815
2024-11-12 03:00:00+00:00,1.06435,1.06495,1.06381,1.06385,2961
2024-11-12 04:00:00+00:00,1.06384,1.06458,1.0638,1.06442,3234
2024-11-12 05:00:00+00:00,1.06443,1.06458,1.06394,1.064,3854
2024-11-12 06:00:00+00:00,1.064,1.064,1.06296,1.06347,4837
2024-11-12 07:00:00+00:00,1.06346,1.06374,1.06214,1.06322,6900
2024-11-12 08:00:00+00:00,1.06321,1.06343,1.06172,1.06319,8092
2024-11-12 09:00:00+00:00,1.06318,1.06324,1.06166,1.06262,5811
2024-11-12 10:00:00+00:00,1.06262,1.06263,1.06112,1.0618,6440
2024-11-12 11:00:00+00:00,1.06181,1.06292,1.06175,1.06189,5152
2024-11-12 12:00:00+00:00,1.06188,1.06215,1.06064,1.06198,10992
2024-11-12 13:00:00+00:00,1.06199,1.06274,1.06144,1.0623,13736
2024-11-12 14:00:00+00:00,1.06229,1.06261,1.06138,1.06176,13404
2024-11-12 15:00:00+00:00,1.06177,1.0618,1.06019,1.06089,17166
2024-11-12 16:00:00+00:00,1.0609,1.06159,1.0596,1.05981,14621
2024-11-12 17:00:00+00:00,1.0598,1.06083,1.0595,1.06069,13668
2024-11-12 18:00:00+00:00,1.06068,1.06172,1.06065,1.06161,9246
2024-11-12 19:00:00+00:00,1.0616,1.06187,1.06123,1.06125,5742
2024-11-12 20:00:00+00:00,1.06124,1.06237,1.06094,1.06223,6415
2024-11-12 21:00:00+00:00,1.06224,1.06268,1.06223,1.06233,3557
2024-11-12 22:00:00+00:00,1.06227,1.06241,1.06188,1.06209,1220
2024-11-12 23:00:00+00:00,1.06216,1.06222,1.0614,1.06166,3218
2024-11-13 00:00:00+00:00,1.06167,1.06172,1.0611,1.06129,4138
2024-11-13 01:00:00+00:00,1.06128,1.06292,1.06121,1.0628,9050
2024-11-13 02:00:00+00:00,1.06281,1.06295,1.06217,1.06262,5157
2024-11-13 03:00:00+00:00,1.06263,1.06282,1.06179,1.06191,3606
2024-11-13 04:00:00+00:00,1.0619,1.06227,1.06177,1.06179,3067
2024-11-13 05:00:00+00:00,1.06178,1.06186,1.06095,1.06131,3805
2024-11-13 06:00:00+00:00,1.0613,1.06171,1.06076,1.06136,5625
2024-11-13 07:00:00+00:00,1.06135,1.06145,1.06026,1.0603,6602
2024-11-13 08:00:00+00:00,1.06029,1.06132,1.05935,1.06121,11211
2024-11-13 09:00:00+00:00,1.06122,1.06299,1.06081,1.0627,10887
2024-11-13 10:00:00+00:00,1.06269,1.06284,1.06117,1.0615,7890
2024-11-13 11:00:00+00:00,1.06151,1.06383,1.06101,1.06377,9701
2024-11-13 12:00:00+00:00,1.06378,1.06435,1.06244,1.06313,11978
2024-11-13 13:00:00+00:00,1.06312,1.06544,1.06239,1.06367,41437
2024-11-13 14:00:00+00:00,1.06366,1.0638,1.05763,1.05855,45363
2024-11-13 15:00:00+00:00,1.05854,1.05937,1.05558,1.05887,48908
2024-11-13 16:00:00+00:00,1.05888,1.05921,1.05624,1.05662,22062
2024-11-13 17:00:00+00:00,1.05663,1.05777,1.05616,1.0569,13544
2024-11-13 18:00:00+00:00,1.05689,1.05696,1.05564,1.05589,10766
2024-11-13 19:00:00+00:00,1.05588,1.05759,1.05567,1.05655,7989
2024-11-13 20:00:00+00:00,1.05656,1.05689,1.05589,1.05621,9568
2024-11-13 21:00:00+00:00,1.0562,1.0567,1.05619,1.05633,4431
2024-11-13 22:00:00+00:00,1.05626,1.05645,1.05582,1.05632,772
2024-11-13 23:00:00+00:00,1.05633,1.05661,1.0561,1.05659,2969
2024-11-14 00:00:00+00:00,1.05658,1.05687,1.05627,1.05654,3591
2024-11-14 01:00:00+00:00,1.05653,1.05654,1.05511,1.05561,6873
2024-11-14 02:00:00+00:00,1.05562,1.05578,1.05473,1.05495,5956
2024-11-14 03:00:00+00:00,1.05494,1.05558,1.05456,1.05478,4734
2024-11-14 04:00:00+00:00,1.05479,1.05503,1.05452,1.05486,3551
2024-11-14 05:00:00+00:00,1.05485,1.05487,1.05341,1.05472,5872
2024-11-14 06:00:00+00:00,1.05471,1.05543,1.05425,1.05452,6666
2024-11-14 07:00:00+00:00,1.05453,1.05548,1.05407,1.05513,10414
2024-11-14 08:00:00+00:00,1.05513,1.05581,1.05322,1.05362,13310
2024-11-14 09:00:00+00:00,1.05361,1.05422,1.05177,1.05205,13579
2024-11-14 10:00:00+00:00,1.05205,1.05211,1.05016,1.05114,13505
2024-11-14 11:00:00+00:00,1.05113,1.05341,1.04963,1.0529,17629
2024-11-14 12:00:00+00:00,1.05289,1.05453,1.05232,1.0536,13978
2024-11-14 13:00:00+00:00,1.05359,1.05437,1.05137,1.05305,34669
2024-11-14 14:00:00+00:00,1.05304,1.0569,1.05295,1.05528,30768
2024-11-14 15:00:00+00:00,1.05529,1.05779,1.05528,1.05749,26737
2024-11-14 16:00:00+00:00,1.05748,1.05826,1.05605,1.0562,16201
2024-11-14 17:00:00+00:00,1.05619,1.05637,1.05549,1.05593,10906
2024-11-14 18:00:00+00:00,1.05594,1.05607,1.0546,1.05472,7746
2024-11-14 19:00:00+00:00,1.05471,1.05518,1.05434,1.05479,7111
2024-11-14 20:00:00+00:00,1.05479,1.05487,1.05121,1.05204,40008
2024-11-14 21:00:00+00:00,1.05205,1.05302,1.05189,1.053,7877
2024-11-14 22:00:00+00:00,1.05292,1.05337,1.05267,1.05311,633
2024-11-14 23:00:00+00:00,1.0531,1.05322,1.05258,1.05296,2386
2024-11-15 00:00:00+00:00,1.05297,1.05338,1.05237,1.05308,5427
2024-11-15 01:00:00+00:00,1.05307,1.05417,1.05283,1.0532,6875
2024-11-15 02:00:00+00:00,1.05319,1.05428,1.05319,1.05412,6114
2024-11-15 03:00:00+00:00,1.05411,1.05461,1.05393,1.05404,4413
2024-11-15 04:00:00+00:00,1.05403,1.0546,1.05393,1.05425,3336
2024-11-15 05:00:00+00:00,1.05426,1.0543,1.05393,1.05403,4493
2024-11-15 06:00:00+00:00,1.05402,1.05615,1.05337,1.05542,8902
2024-11-15 07:00:00+00:00,1.05541,1.05641,1.05509,1.05566,9647
2024-11-15 08:00:00+00:00,1.05565,1.05719,1.05523,1.05699,13225
2024-11-15 09:00:00+00:00,1.057,1.05801,1.05607,1.05623,10546
2024-11-15 10:00:00+00:00,1.05622,1.05778,1.05588,1.05746,10028
2024-11-15 11:00:00+00:00,1.05747,1.058,1.05706,1.05772,7865
2024-11-15 12:00:00+00:00,1.05773,1.05791,1.05641,1.05759,7828
2024-11-15 13:00:00+00:00,1.0576,1.05931,1.05541,1.05586,35574
2024-11-15 14:00:00+00:00,1.05585,1.05635,1.05232,1.05316,31351
2024-11-15 15:00:00+00:00,1.05316,1.05424,1.05248,1.05353,28212
2024-11-15 16:00:00+00:00,1.05354,1.05516,1.05331,1.05512,20876
2024-11-15 17:00:00+00:00,1.05513,1.056,1.05473,1.05488,14761
2024-11-15 18:00:00+00:00,1.05489,1.05548,1.05387,1.05516,10151
2024-11-15 19:00:00+00:00,1.05517,1.05523,1.05361,1.05372,9158
2024-11-15 20:00:00+00:00,1.05373,1.05379,1.05165,1.05277,12344
2024-11-15 21:00:00+00:00,1.05278,1.05424,1.05229,1.05414,6227
2024-11-17 22:00:00+00:00,1.05312,1.05365,1.05304,1.05336,804
2024-11-17 23:00:00+00:00,1.05329,1.05388,1.05325,1.05364,3636
2024-11-18 00:00:00+00:00,1.05365,1.05499,1.05332,1.05488,6240
2024-11-18 01:00:00+00:00,1.05489,1.05507,1.05387,1.05422,11665
2024-11-18 02:00:00+00:00,1.05423,1.05466,1.05379,1.05414,6389
2024-11-18 03:00:00+00:00,1.05415,1.05448,1.05304,1.05342,4547
2024-11-18 04:00:00+00:00,1.05343,1.05425,1.05336,1.05408,3459
2024-11-18 05:00:00+00:00,1.05406,1.05442,1.05357,1.05381,4664
2024-11-18 06:00:00+00:00,1.0538,1.05477,1.05363,1.05429,6042
2024-11-18 07:00:00+00:00,1.0543,1.05484,1.05381,1.05472,8252
2024-11-18 08:00:00+00:00,1.05473,1.05563,1.05418,1.05469,12385
2024-11-18 09:00:00+00:00,1.05468,1.05713,1.05433,1.05661,13415
2024-11-18 10:00:00+00:00,1.0566,1.05673,1.05458,1.05481,9726
2024-11-18 11:00:00+00:00,1.0548,1.05481,1.05326,1.05424,9943
2024-11-18 12:00:00+00:00,1.05425,1.05489,1.05348,1.05472,8959
2024-11-18 13:00:00+00:00,1.05473,1.05688,1.05454,1.05678,12944
2024-11-18 14:00:00+00:00,1.05679,1.05746,1.05607,1.05687,13932
2024-11-18 15:00:00+00:00,1.05688,1.05755,1.05606,1.05736,12825
2024-11-18 16:00:00+00:00,1.05737,1.0586,1.05653,1.05859,10609
2024-11-18 17:00:00+00:00,1.0586,1.05926,1.05799,1.05912,9712
2024-11-18 18:00:00+00:00,1.05911,1.05979,1.05872,1.05972,6843
2024-11-18 19:00:00+00:00,1.05973,1.06073,1.05888,1.05909,8525
2024-11-18 20:00:00+00:00,1.05908,1.05964,1.05891,1.05924,5392
2024-11-18 21:00:00+00:00,1.05925,1.06007,1.05905,1.05989,3807
2024-11-18 22:00:00+00:00,1.0599,1.05997,1.05974,1.05986,320
2024-11-18 23:00:00+00:00,1.0598,1.05986,1.05932,1.05946,2396
2024-11-19 00:00:00+00:00,1.05947,1.05947,1.05872,1.05898,4478
2024-11-19 01:00:00+00:00,1.05897,1.05962,1.05888,1.05932,6905
2024-11-19 02:00:00+00:00,1.05931,1.05965,1.05889,1.05919,5622
2024-11-19 03:00:00+00:00,1.05918,1.06009,1.05916,1.05968,4866
2024-11-19 04:00:00+00:00,1.05969,1.06008,1.05865,1.05871,4151
2024-11-19 05:00:00+00:00,1.0587,1.05886,1.05827,1.05836,3708
2024-11-19 06:00:00+00:00,1.05837,1.05964,1.05834,1.05929,5206
2024-11-19 07:00:00+00:00,1.0593,1.0595,1.05745,1.05775,10839
2024-11-19 08:00:00+00:00,1.05774,1.05882,1.05627,1.05717,25009
2024-11-19 09:00:00+00:00,1.05716,1.05781,1.05235,1.05496,39715
2024-11-19 10:00:00+00:00,1.05497,1.05693,1.05435,1.05611,15921
2024-11-19 11:00:00+00:00,1.05612,1.05648,1.05495,1.0562,9736
2024-11-19 12:00:00+00:00,1.05622,1.05724,1.05595,1.05721,9716
2024-11-19 13:00:00+00:00,1.05722,1.05977,1.05718,1.05769,22138
2024-11-19 14:00:00+00:00,1.0577,1.05957,1.05699,1.05727,30662
2024-11-19 15:00:00+00:00,1.05726,1.06013,1.05657,1.05867,20256
2024-11-19 16:00:00+00:00,1.05868,1.05929,1.05709,1.05776,14532
2024-11-19 17:00:00+00:00,1.05775,1.05891,1.05766,1.05804,9902
2024-11-19 18:00:00+00:00,1.05803,1.05903,1.05711,1.05899,7960
2024-11-19 19:00:00+00:00,1.059,1.05954,1.05837,1.05937,9266
2024-11-19 20:00:00+00:00,1.05938,1.0598,1.05915,1.05937,6288
2024-11-19 21:00:00+00:00,1.05936,1.05977,1.05929,1.05959,2877
2024-11-19 22:00:00+00:00,1.05945,1.05959,1.05931,1.0594,678
2024-11-19 23:00:00+00:00,1.05947,1.06081,1.05936,1.06072,3233
2024-11-20 00:00:00+00:00,1.06073,1.06099,1.05991,1.05994,3308
2024-11-20 01:00:00+00:00,1.05995,1.0604,1.05959,1.06002,4401
2024-11-20 02:00:00+00:00,1.06003,1.06035,1.05956,1.05959,3886
2024-11-20 03:00:00+00:00,1.0596,1.05989,1.05885,1.05898,3060
2024-11-20 04:00:00+00:00,1.05899,1.05946,1.05878,1.05929,2771
2024-11-20 05:00:00+00:00,1.0593,1.05943,1.05867,1.05871,3619
2024-11-20 06:00:00+00:00,1.05872,1.05956,1.0583,1.05875,5838
2024-11-20 07:00:00+00:00,1.05876,1.05948,1.05766,1.05784,12782
2024-11-20 08:00:00+00:00,1.05785,1.05793,1.05602,1.05644,11920
2024-11-20 09:00:00+00:00,1.05643,1.0569,1.05532,1.05557,11543
2024-11-20 10:00:00+00:00,1.05556,1.05615,1.05455,1.05489,11399
2024-11-20 11:00:00+00:00,1.05488,1.05564,1.05422,1.05545,10472
2024-11-20 12:00:00+00:00,1.05546,1.0568,1.05516,1.05586,11293
2024-11-20 13:00:00+00:00,1.05587,1.05633,1.05513,1.05566,12386
2024-11-20 14:00:00+00:00,1.05567,1.05569,1.05226,1.0525,21902
2024-11-20 15:00:00+00:00,1.05251,1.05381,1.05158,1.05216,21820
2024-11-20 16:00:00+00:00,1.05217,1.05249,1.05068,1.05202,17924
2024-11-20 17:00:00+00:00,1.05201,1.05365,1.05162,1.05321,8862
2024-11-20 18:00:00+00:00,1.05322,1.05366,1.05256,1.05361,10154
2024-11-20 19:00:00+00:00,1.0536,1.05425,1.0536,1.05395,6955
2024-11-20 20:00:00+00:00,1.05394,1.05401,1.05363,1.05394,5862
2024-11-20 21:00:00+00:00,1.05393,1.05446,1.0538,1.05435,4779
2024-11-20 22:00:00+00:00,1.05428,1.05437,1.05417,1.05428,591
2024-11-20 23:00:00+00:00,1.05429,1.0546,1.05427,1.05458,1341
2024-11-21 00:00:00+00:00,1.05459,1.05475,1.05425,1.05457,2701
2024-11-21 01:00:00+00:00,1.05456,1.05498,1.0545,1.05458,4321
2024-11-21 02:00:00+00:00,1.05459,1.05502,1.05458,1.05495,3327
2024-11-21 03:00:00+00:00,1.05496,1.05533,1.05475,1.05532,2806
2024-11-21 04:00:00+00:00,1.05533,1.05549,1.0549,1.05514,3230
2024-11-21 05:00:00+00:00,1.05515,1.05517,1.05463,1.05467,3540
2024-11-21 06:00:00+00:00,1.05468,1.05546,1.05422,1.05455,6536
2024-11-21 07:00:00+00:00,1.05454,1.05475,1.05297,1.05366,14392
2024-11-21 08:00:00+00:00,1.05367,1.05433,1.05241,1.05408,13465
2024-11-21 09:00:00+00:00,1.05407,1.05409,1.0514,1.05169,17530
2024-11-21 10:00:00+00:00,1.0517,1.05286,1.05138,1.0521,8670
2024-11-21 11:00:00+00:00,1.05211,1.05314,1.05161,1.05202,8453
2024-11-21 12:00:00+00:00,1.05201,1.05359,1.05177,1.05276,8685
2024-11-21 13:00:00+00:00,1.05275,1.05393,1.0515,1.0533,20951
2024-11-21 14:00:00+00:00,1.05331,1.05359,1.0521,1.05354,19555
2024-11-21 15:00:00+00:00,1.05355,1.05448,1.0509,1.05105,21519
2024-11-21 16:00:00+00:00,1.05104,1.05148,1.04714,1.04744,41397
2024-11-21 17:00:00+00:00,1.04743,1.0488,1.04622,1.04875,18157
2024-11-21 18:00:00+00:00,1.04874,1.04895,1.04782,1.04863,7815
2024-11-21 19:00:00+00:00,1.04864,1.04874,1.04733,1.04845,8001
2024-11-21 20:00:00+00:00,1.04846,1.04869,1.04779,1.04791,6678
2024-11-21 21:00:00+00:00,1.0479,1.04808,1.04718,1.04743,3740
2024-11-21 22:00:00+00:00,1.04736,1.04786,1.04723,1.04757,340
2024-11-21 23:00:00+00:00,1.04758,1.04772,1.04677,1.04692,2764
2024-11-22 00:00:00+00:00,1.04691,1.04757,1.04666,1.04756,6222
2024-11-22 01:00:00+00:00,1.04757,1.04778,1.04693,1.04717,5238
2024-11-22 02:00:00+00:00,1.04716,1.04733,1.04671,1.04729,4262
2024-11-22 03:00:00+00:00,1.0473,1.04784,1.04723,1.0475,3965
2024-11-22 04:00:00+00:00,1.04749,1.04763,1.04696,1.04747,3167
2024-11-22 05:00:00+00:00,1.04746,1.04747,1.04616,1.04647,5268
2024-11-22 06:00:00+00:00,1.04646,1.04706,1.04637,1.04696,5835
2024-11-22 07:00:00+00:00,1.04694,1.04894,1.04625,1.04862,12352
2024-11-22 08:00:00+00:00,1.04861,1.04982,1.04414,1.04437,29133
2024-11-22 09:00:00+00:00,1.0444,1.04445,1.03322,1.04021,44103
2024-11-22 10:00:00+00:00,1.04022,1.04375,1.0385,1.04299,32777
2024-11-22 11:00:00+00:00,1.04299,1.043,1.04082,1.04167,18723
2024-11-22 12:00:00+00:00,1.04168,1.04198,1.03978,1.04075,20046
2024-11-22 13:00:00+00:00,1.04076,1.04345,1.04064,1.04296,22567
2024-11-22 14:00:00+00:00,1.04295,1.04348,1.04024,1.04047,29196
2024-11-22 15:00:00+00:00,1.04044,1.04203,1.03951,1.04107,41531
2024-11-22 16:00:00+00:00,1.04108,1.04119,1.03921,1.03984,18239
2024-11-22 17:00:00+00:00,1.03985,1.04206,1.03983,1.04191,11703
2024-11-22 18:00:00+00:00,1.0419,1.04255,1.04149,1.04167,8396
2024-11-22 19:00:00+00:00,1.04166,1.0419,1.04087,1.0411,8138
2024-11-22 20:00:00+00:00,1.04109,1.04177,1.0408,1.04146,9050
2024-11-22 21:00:00+00:00,1.04145,1.04211,1.04134,1.04206,5605
2024-11-24 22:00:00+00:00,1.04786,1.04832,1.0463,1.04805,1449
2024-11-24 23:00:00+00:00,1.048,1.05017,1.04671,1.04794,15484
2024-11-25 00:00:00+00:00,1.04794,1.0485,1.04737,1.04813,10439
2024-11-25 01:00:00+00:00,1.04812,1.04902,1.04742,1.0478,9529
2024-11-25 02:00:00+00:00,1.04779,1.04896,1.04746,1.04871,6171
2024-11-25 03:00:00+00:00,1.0487,1.04883,1.04758,1.0478,5226
2024-11-25 04:00:00+00:00,1.04779,1.04812,1.04746,1.04792,3872
2024-11-25 05:00:00+00:00,1.04793,1.04831,1.04753,1.04792,4523
2024-11-25 06:00:00+00:00,1.04793,1.04897,1.0475,1.04837,7625
2024-11-25 07:00:00+00:00,1.04836,1.04837,1.04498,1.04506,14317
2024-11-25 08:00:00+00:00,1.04505,1.04673,1.0449,1.04657,20982
2024-11-25 09:00:00+00:00,1.04657,1.04973,1.04631,1.04895,22580
2024-11-25 10:00:00+00:00,1.04894,1.0497,1.04836,1.04861,14685
2024-11-25 11:00:00+00:00,1.0486,1.04906,1.04752,1.04795,9789
2024-11-25 12:00:00+00:00,1.04796,1.04935,1.04741,1.04888,12434
2024-11-25 13:00:00+00:00,1.04889,1.05304,1.04887,1.05285,28996
2024-11-25 14:00:00+00:00,1.05286,1.05304,1.05047,1.0508,26841
2024-11-25 15:00:00+00:00,1.05081,1.05194,1.04862,1.04884,25023
2024-11-25 16:00:00+00:00,1.04885,1.04946,1.04667,1.04776,21601
2024-11-25 17:00:00+00:00,1.04777,1.04872,1.04691,1.04861,10257
2024-11-25 18:00:00+00:00,1.0486,1.05081,1.04856,1.05075,10844
2024-11-25 19:00:00+00:00,1.05076,1.05108,1.05014,1.05056,6966
2024-11-25 20:00:00+00:00,1.05057,1.05095,1.04919,1.04924,8624
2024-11-25 21:00:00+00:00,1.04923,1.04972,1.0492,1.04955,5751
2024-11-25 22:00:00+00:00,1.04935,1.04972,1.04935,1.04957,470
2024-11-25 23:00:00+00:00,1.04958,1.05009,1.04427,1.04439,18086
2024-11-26 00:00:00+00:00,1.0444,1.04575,1.04252,1.04351,31508
2024-11-26 01:00:00+00:00,1.0435,1.04647,1.04305,1.04542,21898
2024-11-26 02:00:00+00:00,1.04543,1.04649,1.04513,1.04609,8505
2024-11-26 03:00:00+00:00,1.04608,1.04802,1.04585,1.04781,6902
2024-11-26 04:00:00+00:00,1.04782,1.04906,1.04767,1.04798,5413
2024-11-26 05:00:00+00:00,1.04797,1.04816,1.04741,1.04753,4551
2024-11-26 06:00:00+00:00,1.04754,1.04837,1.04743,1.04762,6505
2024-11-26 07:00:00+00:00,1.04763,1.04857,1.04721,1.04722,19098
2024-11-26 08:00:00+00:00,1.04721,1.04964,1.047,1.04914,19317
2024-11-26 09:00:00+00:00,1.04915,1.05193,1.0491,1.05073,24018
2024-11-26 10:00:00+00:00,1.05072,1.05209,1.05057,1.0517,14033
2024-11-26 11:00:00+00:00,1.05169,1.0521,1.0505,1.05134,10042
2024-11-26 12:00:00+00:00,1.05133,1.05448,1.05102,1.05238,27615
2024-11-26 13:00:00+00:00,1.05239,1.05268,1.05,1.05037,28669
2024-11-26 14:00:00+00:00,1.05036,1.05061,1.04898,1.05029,22544
2024-11-26 15:00:00+00:00,1.05032,1.05102,1.04785,1.04797,29190
2024-11-26 16:00:00+00:00,1.04796,1.04864,1.04637,1.04801,22905
2024-11-26 17:00:00+00:00,1.048,1.04808,1.04643,1.04705,11750
2024-11-26 18:00:00+00:00,1.04704,1.04746,1.04573,1.04657,9572
2024-11-26 19:00:00+00:00,1.04663,1.0481,1.04581,1.04729,15719
2024-11-26 20:00:00+00:00,1.04728,1.04821,1.04718,1.04809,9721
2024-11-26 21:00:00+00:00,1.04811,1.04903,1.04808,1.04891,5728
2024-11-26 22:00:00+00:00,1.04857,1.04884,1.04843,1.04872,1166
2024-11-26 23:00:00+00:00,1.0488,1.04921,1.04862,1.04918,3395
2024-11-27 00:00:00+00:00,1.04919,1.04966,1.04888,1.04895,6163
2024-11-27 01:00:00+00:00,1.04894,1.04929,1.04845,1.04868,10183
2024-11-27 02:00:00+00:00,1.04867,1.04882,1.04815,1.04856,4707
2024-11-27 03:00:00+00:00,1.04857,1.04859,1.04778,1.04829,4194
2024-11-27 04:00:00+00:00,1.0483,1.04839,1.04774,1.04788,3149
2024-11-27 05:00:00+00:00,1.04787,1.04802,1.04745,1.04769,3027
2024-11-27 06:00:00+00:00,1.04771,1.04864,1.04754,1.04799,5193
2024-11-27 07:00:00+00:00,1.048,1.05053,1.04798,1.04984,14428
2024-11-27 08:00:00+00:00,1.04983,1.05405,1.04962,1.05143,41893
2024-11-27 09:00:00+00:00,1.05143,1.05186,1.05092,1.05165,15991
2024-11-27 10:00:00+00:00,1.05166,1.05307,1.05128,1.05278,12930
2024-11-27 11:00:00+00:00,1.05277,1.05306,1.05104,1.05262,10379
2024-11-27 12:00:00+00:00,1.05263,1.0538,1.05201,1.05279,14109
2024-11-27 13:00:00+00:00,1.0528,1.05739,1.0527,1.05729,31371
2024-11-27 14:00:00+00:00,1.0573,1.05789,1.05483,1.05571,31828
2024-11-27 15:00:00+00:00,1.05566,1.058,1.05331,1.05708,34182
2024-11-27 16:00:00+00:00,1.05707,1.05848,1.0555,1.05743,30743
2024-11-27 17:00:00+00:00,1.05745,1.05878,1.05714,1.05766,18962
2024-11-27 18:00:00+00:00,1.05765,1.05789,1.05655,1.05663,10679
2024-11-27 19:00:00+00:00,1.05664,1.05712,1.05606,1.05629,9786
2024-11-27 20:00:00+00:00,1.05628,1.05668,1.05594,1.05655,10159
2024-11-27 21:00:00+00:00,1.05655,1.05685,1.05626,1.05663,5421
2024-11-27 22:00:00+00:00,1.05646,1.05699,1.05641,1.05675,578
2024-11-27 23:00:00+00:00,1.05676,1.05697,1.0561,1.05621,3135
2024-11-28 00:00:00+00:00,1.05622,1.05625,1.05512,1.05519,5765
2024-11-28 01:00:00+00:00,1.05518,1.05629,1.05474,1.05574,8160
2024-11-28 02:00:00+00:00,1.05575,1.05612,1.05513,1.05571,5410
2024-11-28 03:00:00+00:00,1.0557,1.05579,1.05502,1.05523,3238
2024-11-28 04:00:00+00:00,1.05524,1.05574,1.05488,1.05548,3502
2024-11-28 05:00:00+00:00,1.05549,1.05582,1.05497,1.05501,2935
2024-11-28 06:00:00+00:00,1.055,1.05519,1.05429,1.05484,4672
2024-11-28 07:00:00+00:00,1.05485,1.05553,1.0532,1.05417,11659
2024-11-28 08:00:00+00:00,1.05416,1.05496,1.05277,1.05443,23859
2024-11-28 09:00:00+00:00,1.05442,1.05566,1.05311,1.05321,28819
2024-11-28 10:00:00+00:00,1.0532,1.05508,1.053,1.05506,11143
2024-11-28 11:00:00+00:00,1.05508,1.05564,1.05456,1.055,7271
2024-11-28 12:00:00+00:00,1.05499,1.05541,1.05439,1.05452,7345
2024-11-28 13:00:00+00:00,1.0545,1.05479,1.05303,1.0534,15161
2024-11-28 14:00:00+00:00,1.0534,1.05495,1.05316,1.05493,12238
2024-11-28 15:00:00+00:00,1.05495,1.05572,1.05419,1.05526,13433
2024-11-28 16:00:00+00:00,1.05525,1.05548,1.05475,1.0554,6371
2024-11-28 17:00:00+00:00,1.05539,1.05556,1.05505,1.05529,2768
2024-11-28 18:00:00+00:00,1.0553,1.05571,1.05522,1.05556,1126
2024-11-28 19:00:00+00:00,1.05557,1.0557,1.05542,1.05568,960
2024-11-28 20:00:00+00:00,1.05569,1.05572,1.05539,1.05547,862
2024-11-28 21:00:00+00:00,1.05548,1.05571,1.05542,1.05547,736
2024-11-28 22:00:00+00:00,1.0554,1.05561,1.05501,1.05526,496
2024-11-28 23:00:00+00:00,1.05538,1.05624,1.05522,1.05602,3571
2024-11-29 00:00:00+00:00,1.05603,1.05719,1.05588,1.05626,7260
2024-11-29 01:00:00+00:00,1.05627,1.05751,1.05566,1.05599,13640
2024-11-29 02:00:00+00:00,1.056,1.0574,1.05591,1.05711,6630
2024-11-29 03:00:00+00:00,1.05712,1.05761,1.05661,1.05738,4688
2024-11-29 04:00:00+00:00,1.05737,1.05769,1.05685,1.05701,3801
2024-11-29 05:00:00+00:00,1.057,1.05743,1.05663,1.05682,4543
2024-11-29 06:00:00+00:00,1.05681,1.05807,1.05653,1.05804,5882
2024-11-29 07:00:00+00:00,1.05803,1.05973,1.05754,1.05796,20470
2024-11-29 08:00:00+00:00,1.05795,1.05822,1.0564,1.05701,16542
2024-11-29 09:00:00+00:00,1.05702,1.05817,1.0552,1.05578,21934
2024-11-29 10:00:00+00:00,1.05576,1.05734,1.05566,1.05648,17931
2024-11-29 11:00:00+00:00,1.05648,1.05678,1.05552,1.05626,13264
2024-11-29 12:00:00+00:00,1.05627,1.05658,1.05482,1.05645,15254
2024-11-29 13:00:00+00:00,1.05646,1.05686,1.05554,1.05629,14018
2024-11-29 14:00:00+00:00,1.0563,1.05647,1.05456,1.05532,15342
2024-11-29 15:00:00+00:00,1.05533,1.05679,1.05461,1.05613,22827
2024-11-29 16:00:00+00:00,1.05614,1.05632,1.05415,1.05466,23031
2024-11-29 17:00:00+00:00,1.05465,1.05679,1.05437,1.05674,12761
2024-11-29 18:00:00+00:00,1.05673,1.05783,1.05673,1.05754,13854
2024-11-29 19:00:00+00:00,1.05755,1.05803,1.05724,1.05798,20692
2024-11-29 20:00:00+00:00,1.05798,1.05846,1.05784,1.05826,13337
2024-11-29 21:00:00+00:00,1.05826,1.05833,1.05753,1.05776,11467
2024-12-01 22:00:00+00:00,1.05698,1.05704,1.05625,1.05638,1198
2024-12-01 23:00:00+00:00,1.05635,1.05665,1.05337,1.05441,10618
2024-12-02 00:00:00+00:00,1.0544,1.05465,1.05314,1.05362,8678
2024-12-02 01:00:00+00:00,1.05361,1.05392,1.0528,1.05306,10145
2024-12-02 02:00:00+00:00,1.05305,1.05321,1.05201,1.05255,8329
2024-12-02 03:00:00+00:00,1.05256,1.05271,1.05201,1.05236,5201
2024-12-02 04:00:00+00:00,1.05235,1.05292,1.0519,1.05234,3913
2024-12-02 05:00:00+00:00,1.05235,1.05284,1.05152,1.05221,6437
2024-12-02 06:00:00+00:00,1.0522,1.05363,1.05215,1.0533,9302
2024-12-02 07:00:00+00:00,1.05331,1.05372,1.0502,1.05029,25788
2024-12-02 08:00:00+00:00,1.05028,1.05127,1.0496,1.05022,27202
2024-12-02 09:00:00+00:00,1.05023,1.05192,1.0502,1.05137,17089
2024-12-02 10:00:00+00:00,1.05136,1.0524,1.05062,1.05218,19723
2024-12-02 11:00:00+00:00,1.05217,1.0529,1.05201,1.05231,10044
2024-12-02 12:00:00+00:00,1.0523,1.05385,1.04949,1.0501,19179
2024-12-02 13:00:00+00:00,1.05009,1.05144,1.04963,1.05057,23832
2024-12-02 14:00:00+00:00,1.05058,1.05148,1.04724,1.0474,29667
2024-12-02 15:00:00+00:00,1.04738,1.04813,1.0462,1.04691,37447
2024-12-02 16:00:00+00:00,1.04689,1.04978,1.04606,1.04836,30388
2024-12-02 17:00:00+00:00,1.04837,1.04991,1.04801,1.04876,13778
2024-12-02 18:00:00+00:00,1.04877,1.04932,1.04847,1.04899,8163
2024-12-02 19:00:00+00:00,1.04898,1.04944,1.04874,1.04904,7897
2024-12-02 20:00:00+00:00,1.04903,1.05161,1.04887,1.05001,22592
2024-12-02 21:00:00+00:00,1.05,1.0503,1.04971,1.04983,4904
2024-12-02 22:00:00+00:00,1.04987,1.05013,1.04944,1.04969,363
2024-12-02 23:00:00+00:00,1.04975,1.05019,1.0497,1.05011,3073
2024-12-03 00:00:00+00:00,1.0501,1.05017,1.04888,1.04912,7100
2024-12-03 01:00:00+00:00,1.04913,1.04971,1.04844,1.0488,9999
2024-12-03 02:00:00+00:00,1.04879,1.04924,1.04824,1.04895,8086
2024-12-03 03:00:00+00:00,1.04894,1.04946,1.0487,1.04904,5306
2024-12-03 04:00:00+00:00,1.04903,1.04915,1.04844,1.04855,4342
2024-12-03 05:00:00+00:00,1.04856,1.04925,1.04807,1.04916,4511
2024-12-03 06:00:00+00:00,1.04917,1.04948,1.04835,1.04879,6343
2024-12-03 07:00:00+00:00,1.0488,1.05119,1.04864,1.04983,13742
2024-12-03 08:00:00+00:00,1.04982,1.0528,1.04973,1.05254,22737
2024-12-03 09:00:00+00:00,1.05255,1.05308,1.05163,1.05205,17127
2024-12-03 10:00:00+00:00,1.05204,1.053,1.05121,1.05148,11085
2024-12-03 11:00:00+00:00,1.05147,1.05276,1.05138,1.05228,12390
2024-12-03 12:00:00+00:00,1.05227,1.05246,1.05071,1.05077,12337
2024-12-03 13:00:00+00:00,1.05078,1.0527,1.05064,1.0524,15604
2024-12-03 14:00:00+00:00,1.05241,1.05292,1.05171,1.05199,22820
2024-12-03 15:00:00+00:00,1.05198,1.05198,1.04921,1.05167,33799
2024-12-03 16:00:00+00:00,1.05168,1.05195,1.05032,1.05175,17600
2024-12-03 17:00:00+00:00,1.05176,1.05304,1.05083,1.05283,14787
2024-12-03 18:00:00+00:00,1.05282,1.05352,1.05249,1.05279,12134
2024-12-03 19:00:00+00:00,1.05278,1.0529,1.05047,1.05047,8716
2024-12-03 20:00:00+00:00,1.05046,1.05127,1.0503,1.05092,8624
2024-12-03 21:00:00+00:00,1.05091,1.05119,1.05072,1.05092,4419
2024-12-03 22:00:00+00:00,1.05063,1.051,1.05032,1.05091,487
2024-12-03 23:00:00+00:00,1.05085,1.0511,1.0506,1.05101,2849
2024-12-04 00:00:00+00:00,1.051,1.05122,1.04974,1.04993,5885
2024-12-04 01:00:00+00:00,1.04994,1.05127,1.04973,1.05063,8805
2024-12-04 02:00:00+00:00,1.05064,1.05085,1.04978,1.05004,6755
2024-12-04 03:00:00+00:00,1.05003,1.05008,1.04881,1.04938,6971
2024-12-04 04:00:00+00:00,1.04937,1.05136,1.04909,1.05109,6980
2024-12-04 05:00:00+00:00,1.0511,1.05202,1.05097,1.05151,5436
2024-12-04 06:00:00+00:00,1.05152,1.05291,1.05103,1.0523,7736
2024-12-04 07:00:00+00:00,1.05229,1.05268,1.05075,1.05091,13469
2024-12-04 08:00:00+00:00,1.05089,1.0515,1.04904,1.04914,18376
2024-12-04 09:00:00+00:00,1.04914,1.05063,1.04825,1.0503,17960
2024-12-04 10:00:00+00:00,1.05031,1.05095,1.04958,1.04993,13311
2024-12-04 11:00:00+00:00,1.04992,1.05124,1.04974,1.0505,11552
2024-12-04 12:00:00+00:00,1.05049,1.05051,1.04879,1.04913,11759
2024-12-04 13:00:00+00:00,1.04912,1.04975,1.04793,1.04835,29813
2024-12-04 14:00:00+00:00,1.04834,1.04987,1.04723,1.04948,21526
2024-12-04 15:00:00+00:00,1.04956,1.05443,1.04952,1.05295,56388
2024-12-04 16:00:00+00:00,1.05296,1.05368,1.05202,1.05269,21873
2024-12-04 17:00:00+00:00,1.05268,1.05427,1.05249,1.05373,11719
2024-12-04 18:00:00+00:00,1.05372,1.0539,1.05172,1.05172,11300
2024-12-04 19:00:00+00:00,1.05174,1.05294,1.05074,1.05139,28160
2024-12-04 20:00:00+00:00,1.0514,1.05175,1.0505,1.05129,10631
2024-12-04 21:00:00+00:00,1.0513,1.05159,1.0508,1.05105,4349
2024-12-04 22:00:00+00:00,1.05121,1.05132,1.05102,1.05109,437
2024-12-04 23:00:00+00:00,1.05114,1.05158,1.0508,1.05126,2659
2024-12-05 00:00:00+00:00,1.05125,1.05158,1.05082,1.05143,4473
2024-12-05 01:00:00+00:00,1.05144,1.05159,1.05092,1.05122,6633
2024-12-05 02:00:00+00:00,1.05123,1.05229,1.05107,1.05199,5504
2024-12-05 03:00:00+00:00,1.052,1.05234,1.05159,1.0523,3458
2024-12-05 04:00:00+00:00,1.05229,1.05257,1.05172,1.05184,2504
2024-12-05 05:00:00+00:00,1.05183,1.05289,1.05172,1.05267,4576
2024-12-05 06:00:00+00:00,1.05267,1.05299,1.0523,1.05257,5635
2024-12-05 07:00:00+00:00,1.05256,1.05388,1.05249,1.05354,11148
2024-12-05 08:00:00+00:00,1.05352,1.05465,1.05291,1.05301,14775
2024-12-05 09:00:00+00:00,1.05302,1.05348,1.05212,1.05288,12840
2024-12-05 10:00:00+00:00,1.05285,1.05354,1.05252,1.05262,10413
2024-12-05 11:00:00+00:00,1.05261,1.05382,1.05233,1.05366,8837
2024-12-05 12:00:00+00:00,1.05365,1.05387,1.05239,1.05369,11781
2024-12-05 13:00:00+00:00,1.0537,1.05684,1.05333,1.05672,32407
2024-12-05 14:00:00+00:00,1.05671,1.05897,1.05657,1.05756,30462
2024-12-05 15:00:00+00:00,1.05754,1.058,1.05509,1.05723,23949
2024-12-05 16:00:00+00:00,1.05722,1.05785,1.05648,1.05703,17237
2024-12-05 17:00:00+00:00,1.05704,1.05747,1.05576,1.05676,11238
2024-12-05 18:00:00+00:00,1.05675,1.05698,1.0557,1.05682,8793
2024-12-05 19:00:00+00:00,1.05683,1.05887,1.05683,1.05875,10976
2024-12-05 20:00:00+00:00,1.05876,1.05881,1.05811,1.05847,8253
2024-12-05 21:00:00+00:00,1.05847,1.05885,1.05821,1.05873,3163
2024-12-05 22:00:00+00:00,1.0588,1.05885,1.0585,1.05873,402
2024-12-05 23:00:00+00:00,1.05874,1.0588,1.05838,1.05865,2331
2024-12-06 00:00:00+00:00,1.05866,1.05866,1.05766,1.05773,3722
2024-12-06 01:00:00+00:00,1.05774,1.05783,1.05661,1.05687,6306
2024-12-06 02:00:00+00:00,1.05688,1.05783,1.05684,1.0577,5468
2024-12-06 03:00:00+00:00,1.05771,1.05804,1.0573,1.0576,4610
2024-12-06 04:00:00+00:00,1.05759,1.05772,1.05725,1.05754,3367
2024-12-06 05:00:00+00:00,1.05753,1.05755,1.0569,1.05724,5510
2024-12-06 06:00:00+00:00,1.05723,1.0578,1.05693,1.05745,4796
2024-12-06 07:00:00+00:00,1.05746,1.05846,1.05676,1.05838,9267
2024-12-06 08:00:00+00:00,1.05839,1.05944,1.05764,1.05821,11466
2024-12-06 09:00:00+00:00,1.0582,1.05836,1.05715,1.05774,10045
2024-12-06 10:00:00+00:00,1.05775,1.0585,1.05716,1.05827,7954
2024-12-06 11:00:00+00:00,1.05826,1.0589,1.05767,1.05871,8313
2024-12-06 12:00:00+00:00,1.0587,1.05886,1.05806,1.05813,9795
2024-12-06 13:00:00+00:00,1.05814,1.063,1.05793,1.06045,47445
2024-12-06 14:00:00+00:00,1.06044,1.06073,1.0568,1.05792,46088
2024-12-06 15:00:00+00:00,1.0579,1.05792,1.05441,1.05634,28903
2024-12-06 16:00:00+00:00,1.05633,1.05756,1.0554,1.05626,16053
2024-12-06 17:00:00+00:00,1.05625,1.05625,1.05471,1.05512,11607
2024-12-06 18:00:00+00:00,1.05511,1.05614,1.05462,1.05495,7099
2024-12-06 19:00:00+00:00,1.05496,1.05551,1.05424,1.05544,6747
2024-12-06 20:00:00+00:00,1.05545,1.05641,1.05539,1.05636,6636
2024-12-06 21:00:00+00:00,1.05635,1.05698,1.05617,1.05679,3183
2024-12-08 22:00:00+00:00,1.05583,1.05638,1.05578,1.05625,652
2024-12-08 23:00:00+00:00,1.05631,1.05696,1.05596,1.05657,4069
2024-12-09 00:00:00+00:00,1.05658,1.0566,1.05557,1.05594,3760
2024-12-09 01:00:00+00:00,1.05593,1.05611,1.05512,1.05519,5977
2024-12-09 02:00:00+00:00,1.0552,1.05563,1.05505,1.05549,4765
2024-12-09 03:00:00+00:00,1.05548,1.05565,1.05367,1.05375,4824
2024-12-09 04:00:00+00:00,1.05374,1.054,1.05321,1.05348,4792
2024-12-09 05:00:00+00:00,1.05349,1.05384,1.05337,1.05372,4567
2024-12-09 06:00:00+00:00,1.05373,1.05451,1.05366,1.05444,5667
2024-12-09 07:00:00+00:00,1.05443,1.05666,1.05412,1.05644,16215
2024-12-09 08:00:00+00:00,1.05643,1.05706,1.05567,1.05674,19016
2024-12-09 09:00:00+00:00,1.05675,1.05753,1.05615,1.05663,12323
2024-12-09 10:00:00+00:00,1.05664,1.05854,1.05663,1.05805,12420
2024-12-09 11:00:00+00:00,1.05804,1.05853,1.05676,1.05689,8127
2024-12-09 12:00:00+00:00,1.05688,1.05713,1.05579,1.05658,9802
2024-12-09 13:00:00+00:00,1.05657,1.05778,1.05583,1.05762,16590
2024-12-09 14:00:00+00:00,1.05763,1.05848,1.05717,1.05783,16434
2024-12-09 15:00:00+00:00,1.05784,1.0593,1.05718,1.05912,16685
2024-12-09 16:00:00+00:00,1.05911,1.05945,1.05683,1.05705,11279
2024-12-09 17:00:00+00:00,1.05704,1.05745,1.05667,1.0567,6802
2024-12-09 18:00:00+00:00,1.05669,1.05677,1.05604,1.05637,6009
2024-12-09 19:00:00+00:00,1.05638,1.05647,1.05516,1.05553,6271
2024-12-09 20:00:00+00:00,1.05554,1.05577,1.05472,1.05502,6950
2024-12-09 21:00:00+00:00,1.05501,1.05551,1.05501,1.05533,4015
2024-12-09 22:00:00+00:00,1.0555,1.05561,1.05521,1.05547,557
2024-12-09 23:00:00+00:00,1.05548,1.05574,1.05528,1.05543,2130
2024-12-10 00:00:00+00:00,1.05544,1.05546,1.05492,1.05532,3633
2024-12-10 01:00:00+00:00,1.05533,1.05537,1.05453,1.05531,5299
2024-12-10 02:00:00+00:00,1.05532,1.05616,1.05517,1.05534,5772
2024-12-10 03:00:00+00:00,1.05535,1.05578,1.0549,1.05566,5450
2024-12-10 04:00:00+00:00,1.05567,1.05601,1.05562,1.05577,3548
2024-12-10 05:00:00+00:00,1.05576,1.05628,1.05542,1.05621,4016
2024-12-10 06:00:00+00:00,1.05622,1.05682,1.0561,1.05668,5122
2024-12-10 07:00:00+00:00,1.05666,1.05667,1.05471,1.05489,8280
2024-12-10 08:00:00+00:00,1.05488,1.05517,1.05378,1.05378,11891
2024-12-10 09:00:00+00:00,1.05377,1.05383,1.05231,1.05313,14101
2024-12-10 10:00:00+00:00,1.05312,1.05381,1.05259,1.05281,9630
2024-12-10 11:00:00+00:00,1.05282,1.05331,1.05241,1.05314,8873
2024-12-10 12:00:00+00:00,1.05315,1.05338,1.05204,1.05308,10762
2024-12-10 13:00:00+00:00,1.05309,1.0532,1.05159,1.05229,13651
2024-12-10 14:00:00+00:00,1.0523,1.05313,1.05195,1.05198,14676
2024-12-10 15:00:00+00:00,1.05197,1.05258,1.04985,1.0504,21661
2024-12-10 16:00:00+00:00,1.05041,1.05127,1.04998,1.05117,13921
2024-12-10 17:00:00+00:00,1.05118,1.05168,1.05047,1.05097,8759
2024-12-10 18:00:00+00:00,1.05098,1.05269,1.05088,1.05256,8619
2024-12-10 19:00:00+00:00,1.05255,1.05313,1.05243,1.05269,6336
2024-12-10 20:00:00+00:00,1.05268,1.05307,1.05239,1.05265,6617
2024-12-10 21:00:00+00:00,1.05266,1.05289,1.05238,1.05274,2922
2024-12-10 22:00:00+00:00,1.05278,1.05289,1.05271,1.05289,220
2024-12-10 23:00:00+00:00,1.05288,1.0532,1.05287,1.05312,1645
2024-12-11 00:00:00+00:00,1.05313,1.05324,1.05278,1.0529,2651
2024-12-11 01:00:00+00:00,1.05291,1.05357,1.05282,1.05347,4824
2024-12-11 02:00:00+00:00,1.05348,1.05395,1.05331,1.05369,3695
2024-12-11 03:00:00+00:00,1.0537,1.05379,1.05278,1.05283,3207
2024-12-11 04:00:00+00:00,1.05282,1.05306,1.05206,1.05247,2839
2024-12-11 05:00:00+00:00,1.05248,1.05271,1.05211,1.05241,3029
2024-12-11 06:00:00+00:00,1.0524,1.05281,1.05226,1.05261,3747
2024-12-11 07:00:00+00:00,1.05262,1.05286,1.04882,1.04901,24981
2024-12-11 08:00:00+00:00,1.049,1.05126,1.04898,1.05056,13723
2024-12-11 09:00:00+00:00,1.05057,1.051,1.04966,1.05006,17269
2024-12-11 10:00:00+00:00,1.05005,1.05017,1.04871,1.04952,13045
2024-12-11 11:00:00+00:00,1.04951,1.05053,1.04903,1.05034,11814
2024-12-11 12:00:00+00:00,1.05035,1.05183,1.05,1.05031,14036
2024-12-11 13:00:00+00:00,1.05032,1.05375,1.05028,1.05242,38252
2024-12-11 14:00:00+00:00,1.05241,1.05293,1.04941,1.05009,31044
2024-12-11 15:00:00+00:00,1.0501,1.05082,1.04803,1.04907,30802
2024-12-11 16:00:00+00:00,1.04908,1.0512,1.04853,1.05079,17110
2024-12-11 17:00:00+00:00,1.0508,1.05118,1.04863,1.04877,10299
2024-12-11 18:00:00+00:00,1.04876,1.05002,1.04833,1.04846,13267
2024-12-11 19:00:00+00:00,1.04845,1.04943,1.04816,1.04914,8115
2024-12-11 20:00:00+00:00,1.04913,1.04954,1.04884,1.04926,7273
2024-12-11 21:00:00+00:00,1.04927,1.04974,1.04924,1.0496,4632
2024-12-11 22:00:00+00:00,1.04969,1.04978,1.04909,1.04973,436
2024-12-11 23:00:00+00:00,1.04974,1.05066,1.0497,1.05055,2173
2024-12-12 00:00:00+00:00,1.05056,1.05087,1.05024,1.05058,5694
2024-12-12 01:00:00+00:00,1.05059,1.05089,1.05035,1.05062,5720
2024-12-12 02:00:00+00:00,1.05063,1.05074,1.0502,1.05035,3801
2024-12-12 03:00:00+00:00,1.05036,1.05086,1.0501,1.05054,2970
2024-12-12 04:00:00+00:00,1.05055,1.05093,1.05044,1.05091,2278
2024-12-12 05:00:00+00:00,1.05092,1.05097,1.05034,1.05065,3421
2024-12-12 06:00:00+00:00,1.05066,1.05142,1.05045,1.05141,3530
2024-12-12 07:00:00+00:00,1.0514,1.05311,1.05127,1.05165,13797
2024-12-12 08:00:00+00:00,1.05164,1.05209,1.05049,1.05092,17648
2024-12-12 09:00:00+00:00,1.05091,1.05174,1.05055,1.05101,13154
2024-12-12 10:00:00+00:00,1.051,1.05144,1.04954,1.04967,9780
2024-12-12 11:00:00+00:00,1.04968,1.05079,1.04943,1.05026,12015
2024-12-12 12:00:00+00:00,1.05025,1.0504,1.04888,1.04891,10512
2024-12-12 13:00:00+00:00,1.04892,1.05022,1.04696,1.04849,43938
2024-12-12 14:00:00+00:00,1.0485,1.05204,1.04721,1.05195,53546
2024-12-12 15:00:00+00:00,1.05195,1.05212,1.04637,1.04729,44991
2024-12-12 16:00:00+00:00,1.04729,1.05158,1.04717,1.05133,25890
2024-12-12 17:00:00+00:00,1.05134,1.05175,1.04953,1.05006,14785
2024-12-12 18:00:00+00:00,1.05007,1.05025,1.04819,1.04824,13556
2024-12-12 19:00:00+00:00,1.04823,1.04853,1.04724,1.04727,9985
2024-12-12 20:00:00+00:00,1.04728,1.04748,1.04647,1.04673,6850
2024-12-12 21:00:00+00:00,1.04672,1.04722,1.04641,1.0467,4497
2024-12-12 22:00:00+00:00,1.04685,1.04717,1.04672,1.04707,817
2024-12-12 23:00:00+00:00,1.04708,1.04741,1.04648,1.04738,2920
2024-12-13 00:00:00+00:00,1.04737,1.04806,1.047,1.04795,5405
2024-12-13 01:00:00+00:00,1.04796,1.0481,1.04635,1.04654,8082
2024-12-13 02:00:00+00:00,1.04653,1.04669,1.04603,1.04607,5766
2024-12-13 03:00:00+00:00,1.04606,1.04652,1.04596,1.04603,3503
2024-12-13 04:00:00+00:00,1.04602,1.04637,1.04564,1.04636,2972
2024-12-13 05:00:00+00:00,1.04635,1.04659,1.04604,1.04653,3100
2024-12-13 06:00:00+00:00,1.04654,1.04663,1.04568,1.04657,4971
2024-12-13 07:00:00+00:00,1.04658,1.04658,1.04533,1.04594,15209
2024-12-13 08:00:00+00:00,1.04593,1.04719,1.04565,1.04688,14719
2024-12-13 09:00:00+00:00,1.04686,1.04942,1.04663,1.04872,12446
2024-12-13 10:00:00+00:00,1.04873,1.04961,1.04835,1.04873,15395
2024-12-13 11:00:00+00:00,1.04872,1.04945,1.04864,1.0489,10154
2024-12-13 12:00:00+00:00,1.04889,1.05196,1.0488,1.05161,18225
2024-12-13 13:00:00+00:00,1.05162,1.05243,1.0509,1.05104,19997
2024-12-13 14:00:00+00:00,1.05105,1.05106,1.04886,1.04906,15194
2024-12-13 15:00:00+00:00,1.04905,1.04956,1.04823,1.04891,18810
2024-12-13 16:00:00+00:00,1.0489,1.05062,1.04868,1.04979,14869
2024-12-13 17:00:00+00:00,1.0498,1.05043,1.04913,1.04965,9916
2024-12-13 18:00:00+00:00,1.04966,1.04987,1.04892,1.0496,8360
2024-12-13 19:00:00+00:00,1.04959,1.05026,1.04918,1.04951,6203
2024-12-13 20:00:00+00:00,1.04952,1.04976,1.04927,1.0497,6008
2024-12-13 21:00:00+00:00,1.04971,1.05047,1.0496,1.0503,4246
2024-12-15 22:00:00+00:00,1.04893,1.05019,1.04856,1.04968,1419
2024-12-15 23:00:00+00:00,1.0498,1.0511,1.04972,1.05097,3765
2024-12-16 00:00:00+00:00,1.05096,1.05192,1.05094,1.05145,5633
2024-12-16 01:00:00+00:00,1.05146,1.05214,1.05124,1.0519,6139
2024-12-16 02:00:00+00:00,1.05191,1.0523,1.05098,1.05126,4642
2024-12-16 03:00:00+00:00,1.05127,1.05153,1.05099,1.05119,3000
2024-12-16 04:00:00+00:00,1.0512,1.05165,1.05119,1.0516,2501
2024-12-16 05:00:00+00:00,1.05161,1.05215,1.05158,1.05198,3346
2024-12-16 06:00:00+00:00,1.05197,1.05208,1.05117,1.05136,4846
2024-12-16 07:00:00+00:00,1.05137,1.0521,1.05044,1.05049,9512
2024-12-16 08:00:00+00:00,1.0505,1.0525,1.05001,1.05087,21138
2024-12-16 09:00:00+00:00,1.05088,1.05212,1.05035,1.05053,15674
2024-12-16 10:00:00+00:00,1.05053,1.05065,1.04884,1.04891,9380
2024-12-16 11:00:00+00:00,1.04892,1.04926,1.04834,1.04906,6554
2024-12-16 12:00:00+00:00,1.04907,1.05001,1.04899,1.04906,9178
2024-12-16 13:00:00+00:00,1.04907,1.05083,1.04903,1.05074,13634
2024-12-16 14:00:00+00:00,1.05075,1.05081,1.04747,1.04827,18744
2024-12-16 15:00:00+00:00,1.04828,1.0513,1.04828,1.05067,19882
2024-12-16 16:00:00+00:00,1.05066,1.05133,1.04953,1.05114,14238
2024-12-16 17:00:00+00:00,1.05115,1.05207,1.05056,1.05112,12213
2024-12-16 18:00:00+00:00,1.05113,1.05217,1.05057,1.05206,7045
2024-12-16 19:00:00+00:00,1.05205,1.05227,1.05065,1.05101,7164
2024-12-16 20:00:00+00:00,1.051,1.05114,1.05069,1.05082,5636
2024-12-16 21:00:00+00:00,1.05081,1.05157,1.05068,1.05115,2444
2024-12-16 22:00:00+00:00,1.05113,1.05126,1.05089,1.05105,719
2024-12-16 23:00:00+00:00,1.05104,1.05188,1.05101,1.05169,2588
2024-12-17 00:00:00+00:00,1.0517,1.05345,1.05151,1.05289,6762
2024-12-17 01:00:00+00:00,1.05288,1.05302,1.05189,1.05215,5489
2024-12-17 02:00:00+00:00,1.05214,1.05269,1.05168,1.05174,5314
2024-12-17 03:00:00+00:00,1.05173,1.05194,1.05114,1.05124,3027
2024-12-17 04:00:00+00:00,1.05123,1.05126,1.0508,1.05083,2374
2024-12-17 05:00:00+00:00,1.05084,1.05103,1.05027,1.05048,3692
2024-12-17 06:00:00+00:00,1.05047,1.05079,1.04976,1.05029,6368
2024-12-17 07:00:00+00:00,1.0503,1.05093,1.04957,1.04977,11727
2024-12-17 08:00:00+00:00,1.04977,1.05004,1.04851,1.04895,12669
2024-12-17 09:00:00+00:00,1.04895,1.04895,1.04805,1.04856,13817
2024-12-17 10:00:00+00:00,1.04858,1.04898,1.04792,1.04881,12958
2024-12-17 11:00:00+00:00,1.0488,1.04941,1.04839,1.04915,9333
2024-12-17 12:00:00+00:00,1.04914,1.05018,1.04883,1.05015,10708
2024-12-17 13:00:00+00:00,1.05015,1.05068,1.04919,1.05049,17885
2024-12-17 14:00:00+00:00,1.05048,1.05118,1.04978,1.05051,18802
2024-12-17 15:00:00+00:00,1.05052,1.05095,1.04958,1.04989,17974
2024-12-17 16:00:00+00:00,1.0499,1.05063,1.04946,1.05053,13430
2024-12-17 17:00:00+00:00,1.05052,1.05159,1.04981,1.04997,12623
2024-12-17 18:00:00+00:00,1.04998,1.05043,1.04901,1.04934,8940
2024-12-17 19:00:00+00:00,1.04935,1.04953,1.04881,1.04886,6111
2024-12-17 20:00:00+00:00,1.04885,1.04907,1.04853,1.04883,5864
2024-12-17 21:00:00+00:00,1.04884,1.0493,1.04868,1.04911,2904
2024-12-17 22:00:00+00:00,1.04925,1.04954,1.04925,1.04934,249
2024-12-17 23:00:00+00:00,1.04932,1.04953,1.04918,1.04946,1804
2024-12-18 00:00:00+00:00,1.04946,1.05029,1.04928,1.04994,4157
2024-12-18 01:00:00+00:00,1.04993,1.05028,1.04956,1.05023,4783
2024-12-18 02:00:00+00:00,1.05024,1.05037,1.04964,1.05011,3822
2024-12-18 03:00:00+00:00,1.0501,1.05029,1.04988,1.04993,3430
2024-12-18 04:00:00+00:00,1.04992,1.05059,1.0496,1.05032,3298
2024-12-18 05:00:00+00:00,1.05031,1.05049,1.05003,1.05024,3485
2024-12-18 06:00:00+00:00,1.05023,1.05119,1.05016,1.05113,4439
2024-12-18 07:00:00+00:00,1.05114,1.05129,1.04936,1.0497,10642
2024-12-18 08:00:00+00:00,1.04969,1.04991,1.04875,1.04933,11464
2024-12-18 09:00:00+00:00,1.04932,1.04986,1.04913,1.04943,8961
2024-12-18 10:00:00+00:00,1.04944,1.05004,1.0489,1.04985,8307
2024-12-18 11:00:00+00:00,1.04984,1.05036,1.04949,1.04967,8689
2024-12-18 12:00:00+00:00,1.04968,1.05022,1.04857,1.04907,9982
2024-12-18 13:00:00+00:00,1.04908,1.04987,1.04825,1.04921,14370
2024-12-18 14:00:00+00:00,1.0492,1.05033,1.04875,1.04966,16351
2024-12-18 15:00:00+00:00,1.04965,1.04988,1.047,1.04739,15882
2024-12-18 16:00:00+00:00,1.04738,1.04811,1.04671,1.04691,11643
2024-12-18 17:00:00+00:00,1.04692,1.04801,1.04688,1.04754,7526
2024-12-18 18:00:00+00:00,1.04755,1.04926,1.04738,1.04875,8233
2024-12-18 19:00:00+00:00,1.0487,1.0487,1.03733,1.03777,71771
2024-12-18 20:00:00+00:00,1.03775,1.03805,1.03439,1.03651,53040
2024-12-18 21:00:00+00:00,1.03652,1.0376,1.03486,1.03526,15943
2024-12-18 22:00:00+00:00,1.03535,1.03577,1.03493,1.0351,826
2024-12-18 23:00:00+00:00,1.03513,1.03608,1.03476,1.03507,7932
2024-12-19 00:00:00+00:00,1.03506,1.038,1.03506,1.03732,11407
2024-12-19 01:00:00+00:00,1.03733,1.038,1.03712,1.03781,10466
2024-12-19 02:00:00+00:00,1.03782,1.03906,1.03726,1.03902,9288
2024-12-19 03:00:00+00:00,1.03901,1.0391,1.03746,1.03784,6888
2024-12-19 04:00:00+00:00,1.03783,1.03822,1.0375,1.03792,4535
2024-12-19 05:00:00+00:00,1.03791,1.03857,1.03762,1.03821,5117
2024-12-19 06:00:00+00:00,1.0382,1.03882,1.03774,1.03855,10601
2024-12-19 07:00:00+00:00,1.03855,1.04096,1.03853,1.03951,23244
2024-12-19 08:00:00+00:00,1.0395,1.04094,1.03905,1.04085,22680
2024-12-19 09:00:00+00:00,1.04084,1.04225,1.0408,1.04126,22751
2024-12-19 10:00:00+00:00,1.04125,1.04159,1.04043,1.04053,13953
2024-12-19 11:00:00+00:00,1.04052,1.04155,1.03999,1.04036,12403
2024-12-19 12:00:00+00:00,1.04035,1.04104,1.03908,1.03937,22239
2024-12-19 13:00:00+00:00,1.03936,1.04141,1.03859,1.03989,31307
2024-12-19 14:00:00+00:00,1.03988,1.04073,1.03941,1.03959,23992
2024-12-19 15:00:00+00:00,1.0396,1.04019,1.03769,1.038,29437
2024-12-19 16:00:00+00:00,1.03799,1.03845,1.03562,1.03567,26183
2024-12-19 17:00:00+00:00,1.03568,1.03765,1.03547,1.03617,17401
2024-12-19 18:00:00+00:00,1.03618,1.03755,1.03554,1.03742,13760
2024-12-19 19:00:00+00:00,1.03741,1.03774,1.03613,1.03615,11565
2024-12-19 20:00:00+00:00,1.03614,1.03693,1.03587,1.03682,8779
2024-12-19 21:00:00+00:00,1.03681,1.03682,1.03608,1.03634,4446
2024-12-19 22:00:00+00:00,1.03639,1.03663,1.03635,1.03655,406
2024-12-19 23:00:00+00:00,1.03656,1.03658,1.03611,1.03645,3050
2024-12-20 00:00:00+00:00,1.03646,1.03693,1.03618,1.03653,5547
2024-12-20 01:00:00+00:00,1.03652,1.03676,1.03589,1.03636,7144
2024-12-20 02:00:00+00:00,1.03635,1.03648,1.03599,1.03635,4661
2024-12-20 03:00:00+00:00,1.03636,1.03657,1.03591,1.0362,4502
2024-12-20 04:00:00+00:00,1.03621,1.03631,1.03585,1.03588,3654
2024-12-20 05:00:00+00:00,1.03587,1.03668,1.03567,1.03663,4868
2024-12-20 06:00:00+00:00,1.03664,1.03774,1.03431,1.0375,20714
2024-12-20 07:00:00+00:00,1.03751,1.03855,1.03726,1.03828,17278
2024-12-20 08:00:00+00:00,1.03829,1.03984,1.03781,1.03924,20063
2024-12-20 09:00:00+00:00,1.03925,1.03926,1.0376,1.03829,16734
2024-12-20 10:00:00+00:00,1.0383,1.03934,1.03814,1.03919,10800
2024-12-20 11:00:00+00:00,1.03918,1.03976,1.03796,1.03917,12062
2024-12-20 12:00:00+00:00,1.03918,1.04005,1.0388,1.03896,11876
2024-12-20 13:00:00+00:00,1.03895,1.04193,1.03877,1.04075,28786
2024-12-20 14:00:00+00:00,1.04074,1.04091,1.03861,1.03943,29384
2024-12-20 15:00:00+00:00,1.03944,1.04075,1.03911,1.03968,29509
2024-12-20 16:00:00+00:00,1.03969,1.04356,1.03961,1.04283,24345
2024-12-20 17:00:00+00:00,1.04284,1.0445,1.04257,1.04287,19634
2024-12-20 18:00:00+00:00,1.04286,1.04431,1.04223,1.04369,11314
2024-12-20 19:00:00+00:00,1.04368,1.04476,1.04339,1.04448,9620
2024-12-20 20:00:00+00:00,1.04447,1.04472,1.04287,1.04288,10215
2024-12-20 21:00:00+00:00,1.04287,1.04338,1.04221,1.04292,6901
2024-12-22 22:00:00+00:00,1.04304,1.04468,1.043,1.04359,1062
2024-12-22 23:00:00+00:00,1.04357,1.04439,1.04304,1.04338,2896
2024-12-23 00:00:00+00:00,1.04337,1.04368,1.04308,1.0432,2341
2024-12-23 01:00:00+00:00,1.0432,1.04383,1.0427,1.0436,3043
2024-12-23 02:00:00+00:00,1.04361,1.04433,1.04359,1.04407,3189
2024-12-23 03:00:00+00:00,1.04407,1.04427,1.04385,1.04394,1681
2024-12-23 04:00:00+00:00,1.04395,1.04455,1.04389,1.04431,1483
2024-12-23 05:00:00+00:00,1.04432,1.04444,1.04396,1.04402,1703
2024-12-23 06:00:00+00:00,1.04402,1.04422,1.04332,1.04341,2666
2024-12-23 07:00:00+00:00,1.04344,1.04369,1.04113,1.04128,4182
2024-12-23 08:00:00+00:00,1.04128,1.0419,1.04073,1.04182,4806
2024-12-23 09:00:00+00:00,1.0418,1.04197,1.04073,1.04079,7075
2024-12-23 10:00:00+00:00,1.04078,1.04098,1.03867,1.039,10316
2024-12-23 11:00:00+00:00,1.03899,1.04013,1.03875,1.04001,9219
2024-12-23 12:00:00+00:00,1.04,1.04015,1.03858,1.03956,11235
2024-12-23 13:00:00+00:00,1.03955,1.0403,1.03884,1.03997,12519
2024-12-23 14:00:00+00:00,1.03998,1.04086,1.03915,1.03937,12441
2024-12-23 15:00:00+00:00,1.03937,1.03968,1.03844,1.03909,17549
2024-12-23 16:00:00+00:00,1.03908,1.04104,1.03894,1.04079,12797
2024-12-23 17:00:00+00:00,1.0408,1.04181,1.03966,1.03978,10798
2024-12-23 18:00:00+00:00,1.03978,1.04124,1.03978,1.04088,7279
2024-12-23 19:00:00+00:00,1.04087,1.04126,1.03993,1.04115,6876
2024-12-23 20:00:00+00:00,1.04114,1.04144,1.04033,1.04059,6393
2024-12-23 21:00:00+00:00,1.0406,1.04082,1.04042,1.0406,3243
2024-12-23 22:00:00+00:00,1.04066,1.04077,1.04049,1.04054,415
2024-12-23 23:00:00+00:00,1.0406,1.04084,1.04036,1.04043,3147
2024-12-24 00:00:00+00:00,1.04044,1.04048,1.03982,1.04004,2585
2024-12-24 01:00:00+00:00,1.04005,1.04049,1.03999,1.04028,2675
2024-12-24 02:00:00+00:00,1.04027,1.04088,1.03967,1.03997,3622
2024-12-24 03:00:00+00:00,1.03998,1.04005,1.03888,1.0391,3910
2024-12-24 04:00:00+00:00,1.03909,1.03971,1.03909,1.03965,2730
2024-12-24 05:00:00+00:00,1.03966,1.03978,1.03938,1.0397,2062
2024-12-24 06:00:00+00:00,1.03969,1.03986,1.03926,1.03962,2709
2024-12-24 07:00:00+00:00,1.03961,1.03986,1.03903,1.03906,3849
2024-12-24 08:00:00+00:00,1.03907,1.04057,1.03902,1.03954,6920
2024-12-24 09:00:00+00:00,1.03955,1.03989,1.03904,1.03921,6827
2024-12-24 10:00:00+00:00,1.0392,1.03977,1.03892,1.03967,6693
2024-12-24 11:00:00+00:00,1.03967,1.04037,1.03916,1.03949,7480
2024-12-24 12:00:00+00:00,1.03948,1.04037,1.03891,1.03912,10963
2024-12-24 13:00:00+00:00,1.03911,1.04035,1.03895,1.04025,10580
2024-12-24 14:00:00+00:00,1.04024,1.04101,1.03954,1.0405,13079
2024-12-24 15:00:00+00:00,1.04051,1.04081,1.03907,1.03918,12470
2024-12-24 16:00:00+00:00,1.03918,1.03965,1.03876,1.03878,8828
2024-12-24 17:00:00+00:00,1.03877,1.0394,1.03836,1.03885,8623
2024-12-24 18:00:00+00:00,1.03885,1.03932,1.03867,1.03923,2907
2024-12-25 22:00:00+00:00,1.04056,1.04074,1.04016,1.04039,782
2024-12-25 23:00:00+00:00,1.0403,1.04051,1.03967,1.03992,2478
2024-12-26 00:00:00+00:00,1.03992,1.04014,1.0393,1.03967,3687
2024-12-26 01:00:00+00:00,1.03967,1.04003,1.03944,1.03973,6398
2024-12-26 02:00:00+00:00,1.03972,1.04001,1.03967,1.03989,3327
2024-12-26 03:00:00+00:00,1.0399,1.04043,1.03984,1.0401,3203
2024-12-26 04:00:00+00:00,1.04009,1.04015,1.03978,1.03979,4171
2024-12-26 05:00:00+00:00,1.03978,1.04029,1.03973,1.03979,3817
2024-12-26 06:00:00+00:00,1.03978,1.04004,1.03969,1.03982,3589
2024-12-26 07:00:00+00:00,1.03981,1.04003,1.03905,1.03977,6050
2024-12-26 08:00:00+00:00,1.03976,1.03987,1.03927,1.0395,6091
2024-12-26 09:00:00+00:00,1.03949,1.04003,1.03914,1.03993,5802
2024-12-26 10:00:00+00:00,1.03992,1.04032,1.03982,1.04018,2983
2024-12-26 11:00:00+00:00,1.04017,1.04022,1.03994,1.04014,2385
2024-12-26 12:00:00+00:00,1.04013,1.04015,1.03928,1.03997,4650
2024-12-26 13:00:00+00:00,1.03998,1.04059,1.03979,1.04027,7890
2024-12-26 14:00:00+00:00,1.04028,1.04046,1.03951,1.04024,10550
2024-12-26 15:00:00+00:00,1.04023,1.04152,1.03981,1.04089,12491
2024-12-26 16:00:00+00:00,1.04088,1.04229,1.04084,1.04222,8999
2024-12-26 17:00:00+00:00,1.04221,1.04228,1.04065,1.04118,7277
2024-12-26 18:00:00+00:00,1.04119,1.04302,1.04119,1.04211,9313
2024-12-26 19:00:00+00:00,1.04212,1.04237,1.04144,1.04177,7169
2024-12-26 20:00:00+00:00,1.04176,1.04216,1.04157,1.04201,13238
2024-12-26 21:00:00+00:00,1.04203,1.04233,1.0419,1.04227,4372
2024-12-26 22:00:00+00:00,1.04211,1.04245,1.04188,1.04242,626
2024-12-26 23:00:00+00:00,1.04244,1.04251,1.04206,1.04219,2561
2024-12-27 00:00:00+00:00,1.04218,1.0424,1.04179,1.04182,5210
2024-12-27 01:00:00+00:00,1.04183,1.04184,1.04122,1.04132,4700
2024-12-27 02:00:00+00:00,1.04131,1.04142,1.0408,1.04097,3549
2024-12-27 03:00:00+00:00,1.04097,1.04129,1.04068,1.04127,2517
2024-12-27 04:00:00+00:00,1.04126,1.04134,1.0408,1.04091,1957
2024-12-27 05:00:00+00:00,1.04092,1.04114,1.04073,1.04094,2666
2024-12-27 06:00:00+00:00,1.04095,1.04125,1.04076,1.04122,3467
2024-12-27 07:00:00+00:00,1.04122,1.0425,1.04051,1.0422,7958
2024-12-27 08:00:00+00:00,1.04219,1.04259,1.04105,1.04125,8601
2024-12-27 09:00:00+00:00,1.04126,1.04181,1.04091,1.04169,6797
2024-12-27 10:00:00+00:00,1.04168,1.04215,1.04117,1.04189,4906
2024-12-27 11:00:00+00:00,1.04188,1.04409,1.04187,1.04388,6866
2024-12-27 12:00:00+00:00,1.04389,1.04442,1.04282,1.04326,6574
2024-12-27 13:00:00+00:00,1.04326,1.04386,1.04288,1.04386,9872
2024-12-27 14:00:00+00:00,1.04387,1.04399,1.04246,1.04267,13363
2024-12-27 15:00:00+00:00,1.04268,1.0436,1.04158,1.04219,16943
2024-12-27 16:00:00+00:00,1.0422,1.04327,1.04208,1.04222,11435
2024-12-27 17:00:00+00:00,1.04221,1.04228,1.04145,1.04214,10511
2024-12-27 18:00:00+00:00,1.04214,1.04289,1.04208,1.04264,7706
2024-12-27 19:00:00+00:00,1.04264,1.04305,1.04239,1.04285,6818
2024-12-27 20:00:00+00:00,1.04286,1.04286,1.04229,1.04259,7436
2024-12-27 21:00:00+00:00,1.04258,1.04279,1.04219,1.04267,3057
2024-12-29 22:00:00+00:00,1.04321,1.04331,1.04264,1.04314,534
2024-12-29 23:00:00+00:00,1.04319,1.04351,1.04279,1.04295,2744
2024-12-30 00:00:00+00:00,1.04296,1.04314,1.04258,1.04276,2919
2024-12-30 01:00:00+00:00,1.04275,1.04311,1.04253,1.04254,3169
2024-12-30 02:00:00+00:00,1.04255,1.04276,1.04241,1.04258,2081
2024-12-30 03:00:00+00:00,1.04257,1.04257,1.04211,1.04246,2154
2024-12-30 04:00:00+00:00,1.04247,1.04261,1.04243,1.04254,1334
2024-12-30 05:00:00+00:00,1.04255,1.04269,1.0423,1.04253,1648
2024-12-30 06:00:00+00:00,1.04252,1.04316,1.04252,1.04289,2647
2024-12-30 07:00:00+00:00,1.04288,1.04295,1.04211,1.0427,5613
2024-12-30 08:00:00+00:00,1.04269,1.04298,1.04094,1.04129,11884
2024-12-30 09:00:00+00:00,1.04128,1.04395,1.0411,1.0434,11325
2024-12-30 10:00:00+00:00,1.0434,1.04442,1.04328,1.04383,11941
2024-12-30 11:00:00+00:00,1.04382,1.04524,1.0437,1.04481,8876
2024-12-30 12:00:00+00:00,1.04482,1.04585,1.04391,1.04495,11921
2024-12-30 13:00:00+00:00,1.04494,1.0452,1.03851,1.0388,23677
2024-12-30 14:00:00+00:00,1.03881,1.0409,1.03799,1.04054,28308
2024-12-30 15:00:00+00:00,1.04054,1.04059,1.03717,1.03805,25922
2024-12-30 16:00:00+00:00,1.03805,1.03919,1.03748,1.03859,19061
2024-12-30 17:00:00+00:00,1.0386,1.03955,1.03846,1.03943,8933
2024-12-30 18:00:00+00:00,1.03942,1.04073,1.03938,1.04046,7170
2024-12-30 19:00:00+00:00,1.04045,1.04055,1.03962,1.03967,7177
2024-12-30 20:00:00+00:00,1.03966,1.04053,1.03953,1.03989,6926
2024-12-30 21:00:00+00:00,1.03991,1.04069,1.03986,1.04067,3493
2024-12-30 22:00:00+00:00,1.04045,1.04058,1.04012,1.04055,405
2024-12-30 23:00:00+00:00,1.04057,1.04062,1.03992,1.04059,1991
2024-12-31 00:00:00+00:00,1.04059,1.04061,1.03972,1.04036,3213
2024-12-31 01:00:00+00:00,1.04037,1.04134,1.04024,1.04122,6444
2024-12-31 02:00:00+00:00,1.04121,1.0415,1.04081,1.04126,4161
2024-12-31 03:00:00+00:00,1.04127,1.04136,1.04074,1.04087,3050
2024-12-31 04:00:00+00:00,1.04088,1.04093,1.04038,1.04043,1983
2024-12-31 05:00:00+00:00,1.04044,1.04078,1.04027,1.0404,2074
2024-12-31 06:00:00+00:00,1.04039,1.04061,1.03997,1.04039,3390
2024-12-31 07:00:00+00:00,1.0404,1.04131,1.04024,1.04119,6349
2024-12-31 08:00:00+00:00,1.0412,1.04201,1.0406,1.04183,10584
2024-12-31 09:00:00+00:00,1.04184,1.04246,1.04116,1.04187,10737
2024-12-31 10:00:00+00:00,1.04186,1.04201,1.04053,1.0413,11723
2024-12-31 11:00:00+00:00,1.04131,1.04194,1.04054,1.04104,7212
2024-12-31 12:00:00+00:00,1.04105,1.04145,1.03913,1.03928,9619
2024-12-31 13:00:00+00:00,1.03929,1.03975,1.03835,1.03931,13909
2024-12-31 14:00:00+00:00,1.03932,1.03943,1.03749,1.0376,19153
2024-12-31 15:00:00+00:00,1.03759,1.03894,1.03526,1.03548,31410
2024-12-31 16:00:00+00:00,1.03549,1.03614,1.03468,1.03503,20192
2024-12-31 17:00:00+00:00,1.03504,1.0355,1.03438,1.03487,14856
2024-12-31 18:00:00+00:00,1.03486,1.03569,1.03455,1.03531,10970
2024-12-31 19:00:00+00:00,1.0353,1.03648,1.03517,1.03549,6988
2024-12-31 20:00:00+00:00,1.03548,1.03633,1.03546,1.03586,6337
2024-12-31 21:00:00+00:00,1.03586,1.03612,1.03534,1.03536,2740
2025-01-01 22:00:00+00:00,1.0354,1.03584,1.035,1.03566,898
2025-01-01 23:00:00+00:00,1.03559,1.03572,1.03466,1.03509,3507
2025-01-02 00:00:00+00:00,1.0351,1.03566,1.03474,1.03521,4054
2025-01-02 01:00:00+00:00,1.03522,1.0361,1.0344,1.03579,11238
2025-01-02 02:00:00+00:00,1.0358,1.03714,1.03578,1.03711,2779
2025-01-02 03:00:00+00:00,1.03711,1.03743,1.03683,1.03717,2827
2025-01-02 04:00:00+00:00,1.03718,1.03757,1.03666,1.03694,2549
2025-01-02 05:00:00+00:00,1.03695,1.03709,1.03619,1.0364,2225
2025-01-02 06:00:00+00:00,1.03639,1.03652,1.036,1.03639,4017
2025-01-02 07:00:00+00:00,1.03638,1.03726,1.03624,1.03629,8921
2025-01-02 08:00:00+00:00,1.0363,1.03711,1.03464,1.03629,16160
2025-01-02 09:00:00+00:00,1.0363,1.03704,1.03495,1.03517,11107
2025-01-02 10:00:00+00:00,1.03516,1.0357,1.03137,1.03169,21372
2025-01-02 11:00:00+00:00,1.03169,1.03343,1.0315,1.03323,15861
2025-01-02 12:00:00+00:00,1.03322,1.03346,1.03147,1.03183,12134
2025-01-02 13:00:00+00:00,1.03182,1.03299,1.0311,1.03135,24686
2025-01-02 14:00:00+00:00,1.03134,1.0324,1.03022,1.03043,20573
2025-01-02 15:00:00+00:00,1.03039,1.03089,1.02725,1.02742,35653
2025-01-02 16:00:00+00:00,1.02741,1.02764,1.02238,1.02613,48952
2025-01-02 17:00:00+00:00,1.02613,1.02682,1.02513,1.0265,20623
2025-01-02 18:00:00+00:00,1.02651,1.02664,1.02558,1.02565,8222
2025-01-02 19:00:00+00:00,1.02566,1.02599,1.0248,1.02511,6916
2025-01-02 20:00:00+00:00,1.02512,1.02646,1.02508,1.02615,5221
2025-01-02 21:00:00+00:00,1.02614,1.02689,1.02614,1.02672,2718
2025-01-02 22:00:00+00:00,1.02614,1.0267,1.02602,1.02657,580
2025-01-02 23:00:00+00:00,1.02654,1.02683,1.02648,1.02679,1879
2025-01-03 00:00:00+00:00,1.0268,1.02736,1.0266,1.0273,2760
2025-01-03 01:00:00+00:00,1.02731,1.02731,1.02666,1.02676,3495
2025-01-03 02:00:00+00:00,1.02675,1.02747,1.02669,1.02724,3329
2025-01-03 03:00:00+00:00,1.02725,1.02746,1.02688,1.02708,2173
2025-01-03 04:00:00+00:00,1.02707,1.0271,1.02671,1.02698,1628
2025-01-03 05:00:00+00:00,1.02697,1.02736,1.02647,1.02719,2747
2025-01-03 06:00:00+00:00,1.02718,1.02794,1.02717,1.02792,2500
2025-01-03 07:00:00+00:00,1.0279,1.0285,1.02688,1.0281,15838
2025-01-03 08:00:00+00:00,1.02808,1.02882,1.02729,1.02805,12102
2025-01-03 09:00:00+00:00,1.02804,1.03001,1.02804,1.02903,10746
2025-01-03 10:00:00+00:00,1.02904,1.02938,1.02792,1.02813,8093
2025-01-03 11:00:00+00:00,1.02814,1.0303,1.02814,1.02975,8532
2025-01-03 12:00:00+00:00,1.02974,1.03012,1.02944,1.02957,8720
2025-01-03 13:00:00+00:00,1.02958,1.03003,1.02916,1.02933,10921
2025-01-03 14:00:00+00:00,1.02933,1.03025,1.02879,1.03006,12597
2025-01-03 15:00:00+00:00,1.03003,1.03059,1.02729,1.02893,29696
2025-01-03 16:00:00+00:00,1.02892,1.02999,1.02835,1.02908,11102
2025-01-03 17:00:00+00:00,1.0291,1.03059,1.02909,1.02981,10771
2025-01-03 18:00:00+00:00,1.0298,1.03024,1.02926,1.02974,7722
2025-01-03 19:00:00+00:00,1.02973,1.03061,1.02939,1.03013,5455
2025-01-03 20:00:00+00:00,1.03012,1.03076,1.02989,1.03059,6015
2025-01-03 21:00:00+00:00,1.03058,1.031,1.03048,1.03088,2927
2025-01-05 22:00:00+00:00,1.03051,1.03068,1.02959,1.03011,506
2025-01-05 23:00:00+00:00,1.03018,1.03081,1.03012,1.03053,2925
2025-01-06 00:00:00+00:00,1.03052,1.03054,1.02957,1.03031,4516
2025-01-06 01:00:00+00:00,1.0303,1.03136,1.03014,1.03123,5472
2025-01-06 02:00:00+00:00,1.03122,1.03179,1.03109,1.03162,4006
2025-01-06 03:00:00+00:00,1.03161,1.03184,1.03131,1.03164,2654
2025-01-06 04:00:00+00:00,1.03163,1.03176,1.03129,1.03153,2080
2025-01-06 05:00:00+00:00,1.03154,1.03183,1.03086,1.0309,2971
2025-01-06 06:00:00+00:00,1.03089,1.03167,1.03078,1.03127,4075
2025-01-06 07:00:00+00:00,1.03128,1.03284,1.031,1.03273,8179
2025-01-06 08:00:00+00:00,1.03274,1.03526,1.03266,1.03504,17598
2025-01-06 09:00:00+00:00,1.03503,1.0369,1.03403,1.03557,27928
2025-01-06 10:00:00+00:00,1.03558,1.03582,1.03351,1.03352,10494
2025-01-06 11:00:00+00:00,1.0335,1.04328,1.03287,1.04219,70508
2025-01-06 12:00:00+00:00,1.04218,1.04307,1.03922,1.04111,29477
2025-01-06 13:00:00+00:00,1.04114,1.04369,1.04046,1.04169,35131
2025-01-06 14:00:00+00:00,1.0417,1.04239,1.03523,1.03927,62891
2025-01-06 15:00:00+00:00,1.03927,1.03989,1.03714,1.03937,39106
2025-01-06 16:00:00+00:00,1.03938,1.04029,1.03855,1.03969,20701
2025-01-06 17:00:00+00:00,1.03968,1.03969,1.03793,1.03874,9868
2025-01-06 18:00:00+00:00,1.03875,1.03893,1.03771,1.03821,9597
2025-01-06 19:00:00+00:00,1.0382,1.03919,1.03789,1.03885,8014
2025-01-06 20:00:00+00:00,1.03884,1.03922,1.03859,1.03879,6052
2025-01-06 21:00:00+00:00,1.0388,1.03925,1.03863,1.039,3623
2025-01-06 22:00:00+00:00,1.03876,1.03934,1.03857,1.03899,743
2025-01-06 23:00:00+00:00,1.03896,1.03907,1.03817,1.03833,1980
2025-01-07 00:00:00+00:00,1.03834,1.03855,1.03773,1.03844,4778
2025-01-07 01:00:00+00:00,1.03843,1.03848,1.03762,1.03813,5023
2025-01-07 02:00:00+00:00,1.03812,1.03855,1.03801,1.03824,3226
2025-01-07 03:00:00+00:00,1.03823,1.0393,1.03802,1.03929,2425
2025-01-07 04:00:00+00:00,1.03928,1.03944,1.03905,1.03918,1827
2025-01-07 05:00:00+00:00,1.03917,1.04033,1.03909,1.03968,3880
2025-01-07 06:00:00+00:00,1.03967,1.04042,1.03964,1.03975,4152
2025-01-07 07:00:00+00:00,1.03976,1.04245,1.03976,1.04147,13027
2025-01-07 08:00:00+00:00,1.04148,1.04255,1.04032,1.04252,15532
2025-01-07 09:00:00+00:00,1.04254,1.04344,1.04242,1.04281,13190
2025-01-07 10:00:00+00:00,1.04277,1.04345,1.04168,1.0428,13452
2025-01-07 11:00:00+00:00,1.04279,1.04284,1.0405,1.04135,10133
2025-01-07 12:00:00+00:00,1.04136,1.04171,1.03873,1.03893,15633
2025-01-07 13:00:00+00:00,1.03894,1.04054,1.03867,1.03966,14438
2025-01-07 14:00:00+00:00,1.03967,1.03977,1.03894,1.03931,14228
2025-01-07 15:00:00+00:00,1.03937,1.03942,1.03553,1.0373,44644
2025-01-07 16:00:00+00:00,1.03731,1.03816,1.03627,1.03684,30611
2025-01-07 17:00:00+00:00,1.03683,1.0374,1.0354,1.0367,22021
2025-01-07 18:00:00+00:00,1.03671,1.03696,1.03495,1.03545,12180
2025-01-07 19:00:00+00:00,1.03544,1.03598,1.03523,1.03553,8077
2025-01-07 20:00:00+00:00,1.03552,1.03564,1.03442,1.03445,6602
2025-01-07 21:00:00+00:00,1.03444,1.03444,1.03397,1.034,3185
2025-01-07 22:00:00+00:00,1.03414,1.03435,1.034,1.03426,491
2025-01-07 23:00:00+00:00,1.03429,1.03452,1.03392,1.03417,2255
2025-01-08 00:00:00+00:00,1.03418,1.03494,1.03418,1.03468,3957
2025-01-08 01:00:00+00:00,1.03469,1.03531,1.03454,1.03529,3881
2025-01-08 02:00:00+00:00,1.0353,1.03549,1.03514,1.03542,2297
2025-01-08 03:00:00+00:00,1.03541,1.03542,1.03463,1.03478,1942
2025-01-08 04:00:00+00:00,1.03477,1.03521,1.03475,1.03513,1793
2025-01-08 05:00:00+00:00,1.03514,1.03559,1.03497,1.0355,2300
2025-01-08 06:00:00+00:00,1.03551,1.03577,1.03463,1.03515,3583
2025-01-08 07:00:00+00:00,1.03513,1.03518,1.03285,1.03325,13589
2025-01-08 08:00:00+00:00,1.03324,1.03398,1.0318,1.03189,17548
2025-01-08 09:00:00+00:00,1.03187,1.03265,1.03154,1.03196,14578
2025-01-08 10:00:00+00:00,1.03195,1.03213,1.03102,1.03191,10569
2025-01-08 11:00:00+00:00,1.0319,1.032,1.02733,1.02979,38296
2025-01-08 12:00:00+00:00,1.02978,1.03004,1.02808,1.02828,22382
2025-01-08 13:00:00+00:00,1.02827,1.03044,1.02808,1.03034,38701
2025-01-08 14:00:00+00:00,1.03035,1.03077,1.02891,1.02915,22657
2025-01-08 15:00:00+00:00,1.02916,1.03101,1.02915,1.03017,21544
2025-01-08 16:00:00+00:00,1.03018,1.03146,1.02946,1.03126,16682
2025-01-08 17:00:00+00:00,1.03127,1.03134,1.02982,1.03055,12822
2025-01-08 18:00:00+00:00,1.03056,1.03159,1.03054,1.0313,9869
2025-01-08 19:00:00+00:00,1.03127,1.03243,1.03082,1.03091,11020
2025-01-08 20:00:00+00:00,1.0309,1.03169,1.0308,1.03162,6247
2025-01-08 21:00:00+00:00,1.03163,1.03198,1.03147,1.03189,2609
2025-01-08 22:00:00+00:00,1.03167,1.03189,1.03166,1.03186,180
2025-01-08 23:00:00+00:00,1.03185,1.03191,1.03134,1.03134,2070
2025-01-09 00:00:00+00:00,1.03135,1.03149,1.03049,1.03132,4428
2025-01-09 01:00:00+00:00,1.03133,1.03174,1.03115,1.03143,4143
2025-01-09 02:00:00+00:00,1.03144,1.03201,1.03142,1.03166,2742
2025-01-09 03:00:00+00:00,1.03165,1.03216,1.0311,1.03112,2495
2025-01-09 04:00:00+00:00,1.03111,1.03124,1.03057,1.03091,2694
2025-01-09 05:00:00+00:00,1.03092,1.03127,1.03055,1.03068,3133
2025-01-09 06:00:00+00:00,1.03069,1.03084,1.02971,1.03004,7344
2025-01-09 07:00:00+00:00,1.03004,1.03083,1.02878,1.0291,16117
2025-01-09 08:00:00+00:00,1.02911,1.03078,1.02836,1.03078,18029
2025-01-09 09:00:00+00:00,1.03079,1.03178,1.03032,1.03059,13720
2025-01-09 10:00:00+00:00,1.03058,1.03126,1.02997,1.03031,12104
2025-01-09 11:00:00+00:00,1.03032,1.03046,1.02969,1.03012,10617
2025-01-09 12:00:00+00:00,1.03011,1.03051,1.02959,1.03034,8322
2025-01-09 13:00:00+00:00,1.03033,1.03192,1.03009,1.0308,12491
2025-01-09 14:00:00+00:00,1.03079,1.03147,1.03054,1.03074,10957
2025-01-09 15:00:00+00:00,1.03075,1.03098,1.02949,1.02994,11259
2025-01-09 16:00:00+00:00,1.02995,1.03012,1.02911,1.02974,7479
2025-01-09 17:00:00+00:00,1.02975,1.03019,1.02938,1.02974,5574
2025-01-09 18:00:00+00:00,1.02973,1.03025,1.0294,1.03002,3278
2025-01-09 19:00:00+00:00,1.03003,1.03022,1.02978,1.02981,2160
2025-01-09 20:00:00+00:00,1.02982,1.03037,1.02982,1.03012,1951
2025-01-09 21:00:00+00:00,1.03011,1.03012,1.02991,1.02995,1382
2025-01-09 22:00:00+00:00,1.03019,1.03023,1.02979,1.03013,524
2025-01-09 23:00:00+00:00,1.03012,1.03021,1.02957,1.02966,2267
2025-01-10 00:00:00+00:00,1.02967,1.03005,1.02923,1.02956,4146
2025-01-10 01:00:00+00:00,1.02955,1.03045,1.02936,1.03019,4634
2025-01-10 02:00:00+00:00,1.03018,1.03039,1.02984,1.03017,2633
2025-01-10 03:00:00+00:00,1.03016,1.03033,1.02978,1.02985,1736
2025-01-10 04:00:00+00:00,1.02986,1.02999,1.02936,1.02952,2093
2025-01-10 05:00:00+00:00,1.02953,1.02976,1.02848,1.02858,3147
2025-01-10 06:00:00+00:00,1.02859,1.02884,1.02812,1.02818,4831
2025-01-10 07:00:00+00:00,1.02817,1.02974,1.02813,1.02973,7098
2025-01-10 08:00:00+00:00,1.02972,1.0312,1.02928,1.03029,14368
2025-01-10 09:00:00+00:00,1.03028,1.0306,1.02991,1.03,9166
2025-01-10 10:00:00+00:00,1.02999,1.03059,1.02999,1.03023,7097
2025-01-10 11:00:00+00:00,1.03024,1.03054,1.02988,1.03018,6569
2025-01-10 12:00:00+00:00,1.03017,1.03096,1.02992,1.03056,8371
2025-01-10 13:00:00+00:00,1.03055,1.03119,1.02128,1.02565,61736
2025-01-10 14:00:00+00:00,1.02564,1.02729,1.02444,1.02528,51988
2025-01-10 15:00:00+00:00,1.02523,1.02789,1.02362,1.02504,41272
2025-01-10 16:00:00+00:00,1.02503,1.02513,1.02276,1.02374,28740
2025-01-10 17:00:00+00:00,1.02375,1.02507,1.02329,1.02445,15223
2025-01-10 18:00:00+00:00,1.02444,1.02462,1.02359,1.02416,9771
2025-01-10 19:00:00+00:00,1.02418,1.02491,1.02348,1.02455,9386
2025-01-10 20:00:00+00:00,1.02456,1.02461,1.02371,1.02448,7458
2025-01-10 21:00:00+00:00,1.02447,1.0249,1.02411,1.02451,3650
2025-01-12 22:00:00+00:00,1.024,1.02467,1.0239,1.02466,753
2025-01-12 23:00:00+00:00,1.02467,1.0247,1.02389,1.02431,2950
2025-01-13 00:00:00+00:00,1.02432,1.02454,1.02366,1.02424,3833
2025-01-13 01:00:00+00:00,1.02425,1.02501,1.02393,1.02418,5750
2025-01-13 02:00:00+00:00,1.02419,1.02452,1.02384,1.02403,4066
2025-01-13 03:00:00+00:00,1.02404,1.02405,1.02128,1.02155,6715
2025-01-13 04:00:00+00:00,1.02156,1.022,1.02075,1.02119,5019
2025-01-13 05:00:00+00:00,1.02118,1.02206,1.02103,1.02196,4377
2025-01-13 06:00:00+00:00,1.02195,1.0225,1.02144,1.02174,6148
2025-01-13 07:00:00+00:00,1.02173,1.02237,1.02073,1.02154,14745
2025-01-13 08:00:00+00:00,1.02155,1.02315,1.02137,1.02216,21738
2025-01-13 09:00:00+00:00,1.02215,1.02241,1.01772,1.01934,34403
2025-01-13 10:00:00+00:00,1.01933,1.02075,1.01926,1.02021,17099
2025-01-13 11:00:00+00:00,1.0202,1.02042,1.01861,1.01959,15925
2025-01-13 12:00:00+00:00,1.0196,1.02066,1.0188,1.02028,17194
2025-01-13 13:00:00+00:00,1.02029,1.02209,1.01965,1.02085,18596
2025-01-13 14:00:00+00:00,1.02084,1.02129,1.02004,1.02081,20146
2025-01-13 15:00:00+00:00,1.02082,1.0209,1.01958,1.0197,19616
2025-01-13 16:00:00+00:00,1.01969,1.02175,1.01918,1.02082,14259
2025-01-13 17:00:00+00:00,1.02083,1.02196,1.02071,1.0218,11190
2025-01-13 18:00:00+00:00,1.02181,1.02215,1.02122,1.02162,6928
2025-01-13 19:00:00+00:00,1.02161,1.02163,1.02071,1.02073,6448
2025-01-13 20:00:00+00:00,1.02072,1.02177,1.02071,1.02168,5797
2025-01-13 21:00:00+00:00,1.02169,1.02469,1.02164,1.02439,7903
2025-01-13 22:00:00+00:00,1.02468,1.02734,1.0242,1.026,1418
2025-01-13 23:00:00+00:00,1.02603,1.02777,1.02512,1.02638,9727
2025-01-14 00:00:00+00:00,1.02639,1.0264,1.02457,1.02481,6758
2025-01-14 01:00:00+00:00,1.02482,1.02502,1.02412,1.02492,9724
2025-01-14 02:00:00+00:00,1.02491,1.02504,1.02386,1.02448,4879
2025-01-14 03:00:00+00:00,1.02447,1.02554,1.02439,1.02486,3592
2025-01-14 04:00:00+00:00,1.02487,1.02553,1.02452,1.02503,2355
2025-01-14 05:00:00+00:00,1.02502,1.02518,1.02424,1.02449,3668
2025-01-14 06:00:00+00:00,1.0245,1.02534,1.02449,1.02527,7528
2025-01-14 07:00:00+00:00,1.02528,1.02662,1.02499,1.02543,16567
2025-01-14 08:00:00+00:00,1.02544,1.0275,1.0253,1.02616,21197
2025-01-14 09:00:00+00:00,1.02615,1.02666,1.02536,1.02596,15788
2025-01-14 10:00:00+00:00,1.02595,1.02637,1.02519,1.02601,11519
2025-01-14 11:00:00+00:00,1.026,1.02633,1.02525,1.02541,7857
2025-01-14 12:00:00+00:00,1.02542,1.02552,1.02396,1.02481,11136
2025-01-14 13:00:00+00:00,1.0248,1.02737,1.02426,1.02533,35169
2025-01-14 14:00:00+00:00,1.02534,1.0275,1.02436,1.02681,29920
2025-01-14 15:00:00+00:00,1.02682,1.02959,1.02631,1.02951,26623
2025-01-14 16:00:00+00:00,1.0295,1.03046,1.02829,1.02915,24045
2025-01-14 17:00:00+00:00,1.02913,1.02913,1.02791,1.02882,9870
2025-01-14 18:00:00+00:00,1.02883,1.03004,1.02868,1.02993,6220
2025-01-14 19:00:00+00:00,1.02992,1.03056,1.02964,1.02982,4945
2025-01-14 20:00:00+00:00,1.02983,1.03088,1.02966,1.03019,6519
2025-01-14 21:00:00+00:00,1.0302,1.03086,1.03008,1.03083,4692
2025-01-14 22:00:00+00:00,1.0305,1.03084,1.0304,1.03072,506
2025-01-14 23:00:00+00:00,1.03066,1.03085,1.03025,1.03063,2119
2025-01-15 00:00:00+00:00,1.03063,1.03063,1.02998,1.03013,3179
2025-01-15 01:00:00+00:00,1.03013,1.0305,1.0298,1.03002,3936
2025-01-15 02:00:00+00:00,1.03003,1.03017,1.02954,1.02972,3294
2025-01-15 03:00:00+00:00,1.02973,1.03023,1.02965,1.0302,2269
2025-01-15 04:00:00+00:00,1.03019,1.03027,1.02977,1.03025,2121
2025-01-15 05:00:00+00:00,1.03024,1.03053,1.02927,1.02932,4269
2025-01-15 06:00:00+00:00,1.02931,1.02988,1.02919,1.02964,3953
2025-01-15 07:00:00+00:00,1.02965,1.03082,1.02868,1.0306,18316
2025-01-15 08:00:00+00:00,1.03059,1.03172,1.02943,1.02966,15104
2025-01-15 09:00:00+00:00,1.02965,1.03132,1.02961,1.03098,11690
2025-01-15 10:00:00+00:00,1.03099,1.03143,1.03008,1.03076,9171
2025-01-15 11:00:00+00:00,1.03077,1.03124,1.02997,1.03012,8886
2025-01-15 12:00:00+00:00,1.0301,1.03067,1.02935,1.02998,10429
2025-01-15 13:00:00+00:00,1.02999,1.03547,1.02962,1.03445,45574
2025-01-15 14:00:00+00:00,1.03446,1.03458,1.0325,1.03273,35792
2025-01-15 15:00:00+00:00,1.03272,1.03311,1.02988,1.03062,29123
2025-01-15 16:00:00+00:00,1.03061,1.03079,1.0258,1.02812,28924
2025-01-15 17:00:00+00:00,1.02813,1.02933,1.0281,1.02856,12096
2025-01-15 18:00:00+00:00,1.02857,1.02932,1.02845,1.02922,7547
2025-01-15 19:00:00+00:00,1.02923,1.02948,1.02893,1.02933,5828
2025-01-15 20:00:00+00:00,1.02932,1.0299,1.02904,1.0296,5884
2025-01-15 21:00:00+00:00,1.02959,1.02963,1.02881,1.02905,4414
2025-01-15 22:00:00+00:00,1.02891,1.02957,1.02887,1.02933,899
2025-01-15 23:00:00+00:00,1.02927,1.02957,1.02907,1.02953,2447
2025-01-16 00:00:00+00:00,1.02952,1.03,1.02848,1.0299,6459
2025-01-16 01:00:00+00:00,1.02991,1.02996,1.02877,1.02897,7320
2025-01-16 02:00:00+00:00,1.02896,1.02932,1.02849,1.0287,5656
2025-01-16 03:00:00+00:00,1.02871,1.02891,1.02847,1.0289,2765
2025-01-16 04:00:00+00:00,1.02891,1.02939,1.02855,1.02871,2589
2025-01-16 05:00:00+00:00,1.02872,1.02873,1.02809,1.02825,2936
2025-01-16 06:00:00+00:00,1.02826,1.02897,1.02823,1.02893,4701
2025-01-16 07:00:00+00:00,1.02892,1.03019,1.0286,1.02975,11402
2025-01-16 08:00:00+00:00,1.02976,1.03001,1.02879,1.0296,11343
2025-01-16 09:00:00+00:00,1.02962,1.0299,1.02817,1.02862,11078
2025-01-16 10:00:00+00:00,1.02863,1.02962,1.02828,1.02856,7369
2025-01-16 11:00:00+00:00,1.02857,1.0292,1.0284,1.02903,7417
2025-01-16 12:00:00+00:00,1.02902,1.02903,1.02642,1.02718,13566
2025-01-16 13:00:00+00:00,1.02719,1.02853,1.02606,1.02816,28906
2025-01-16 14:00:00+00:00,1.02815,1.02839,1.0268,1.02793,17358
2025-01-16 15:00:00+00:00,1.02792,1.03059,1.02742,1.03011,42252
2025-01-16 16:00:00+00:00,1.03011,1.03117,1.0286,1.03024,30994
2025-01-16 17:00:00+00:00,1.03025,1.03151,1.02944,1.02966,16628
2025-01-16 18:00:00+00:00,1.02965,1.03029,1.02935,1.03003,7330
2025-01-16 19:00:00+00:00,1.03002,1.03078,1.02977,1.03018,6953
2025-01-16 20:00:00+00:00,1.03019,1.0304,1.02973,1.03003,4871
2025-01-16 21:00:00+00:00,1.03002,1.03038,1.02968,1.03024,2945
2025-01-16 22:00:00+00:00,1.02977,1.03037,1.02977,1.0302,527
2025-01-16 23:00:00+00:00,1.03021,1.03044,1.03005,1.03015,2076
2025-01-17 00:00:00+00:00,1.03014,1.03069,1.02983,1.03048,3455
2025-01-17 01:00:00+00:00,1.03049,1.03096,1.03016,1.03051,3753
2025-01-17 02:00:00+00:00,1.03052,1.03093,1.03031,1.03034,3778
2025-01-17 03:00:00+00:00,1.03033,1.0305,1.02999,1.03006,2519
2025-01-17 04:00:00+00:00,1.03007,1.0301,1.0292,1.02937,1888
2025-01-17 05:00:00+00:00,1.02938,1.02953,1.02875,1.02933,3229
2025-01-17 06:00:00+00:00,1.02934,1.0294,1.02852,1.02904,3546
2025-01-17 07:00:00+00:00,1.02905,1.02911,1.02776,1.02846,11395
2025-01-17 08:00:00+00:00,1.02845,1.02988,1.02845,1.02971,10496
2025-01-17 09:00:00+00:00,1.02972,1.03041,1.02893,1.02967,11516
2025-01-17 10:00:00+00:00,1.02968,1.03062,1.02966,1.03038,7813
2025-01-17 11:00:00+00:00,1.03039,1.03102,1.02989,1.03047,8809
2025-01-17 12:00:00+00:00,1.03046,1.03066,1.02903,1.0293,11057
2025-01-17 13:00:00+00:00,1.02931,1.02996,1.02855,1.02902,18172
2025-01-17 14:00:00+00:00,1.02903,1.03025,1.02653,1.02986,35311
2025-01-17 15:00:00+00:00,1.02987,1.03309,1.02956,1.0299,36854
2025-01-17 16:00:00+00:00,1.02989,1.03004,1.02819,1.02863,16431
2025-01-17 17:00:00+00:00,1.02863,1.02912,1.02786,1.02809,10501
2025-01-17 18:00:00+00:00,1.02807,1.02921,1.02791,1.02811,6827
2025-01-17 19:00:00+00:00,1.0281,1.02843,1.02728,1.02763,6590
2025-01-17 20:00:00+00:00,1.02762,1.02816,1.02738,1.02754,6491
2025-01-17 21:00:00+00:00,1.02755,1.02755,1.02691,1.02712,3197
2025-01-19 22:00:00+00:00,1.0282,1.02862,1.02748,1.02801,839
2025-01-19 23:00:00+00:00,1.02792,1.02808,1.02665,1.02806,3141
2025-01-20 00:00:00+00:00,1.02807,1.02903,1.02782,1.02866,4550
2025-01-20 01:00:00+00:00,1.02865,1.02929,1.02792,1.02906,4875
2025-01-20 02:00:00+00:00,1.02907,1.02924,1.0287,1.02911,3680
2025-01-20 03:00:00+00:00,1.0291,1.03065,1.02909,1.03062,4088
2025-01-20 04:00:00+00:00,1.03063,1.03073,1.03017,1.03044,2744
2025-01-20 05:00:00+00:00,1.03045,1.03064,1.03018,1.03026,2491
2025-01-20 06:00:00+00:00,1.03027,1.0319,1.02996,1.03105,6758
2025-01-20 07:00:00+00:00,1.03106,1.03186,1.03059,1.03169,9546
2025-01-20 08:00:00+00:00,1.0317,1.03178,1.0307,1.03099,11617
2025-01-20 09:00:00+00:00,1.031,1.0317,1.03051,1.03062,12036
2025-01-20 10:00:00+00:00,1.03063,1.03225,1.03063,1.03151,8748
2025-01-20 11:00:00+00:00,1.03152,1.03265,1.03131,1.0326,6803
2025-01-20 12:00:00+00:00,1.03261,1.03265,1.03151,1.03204,8537
2025-01-20 13:00:00+00:00,1.03203,1.04002,1.0308,1.03981,81613
2025-01-20 14:00:00+00:00,1.03982,1.04303,1.03796,1.04151,65006
2025-01-20 15:00:00+00:00,1.0415,1.043,1.03849,1.04006,40751
2025-01-20 16:00:00+00:00,1.04007,1.04059,1.03906,1.03986,16732
2025-01-20 17:00:00+00:00,1.03985,1.04027,1.03533,1.03857,34727
2025-01-20 18:00:00+00:00,1.03858,1.03967,1.03834,1.03966,6149
2025-01-20 19:00:00+00:00,1.03967,1.04234,1.03905,1.04208,8043
2025-01-20 20:00:00+00:00,1.04207,1.04345,1.0412,1.04162,12867
2025-01-20 21:00:00+00:00,1.04163,1.04196,1.04099,1.04163,5989
2025-01-20 22:00:00+00:00,1.04143,1.04202,1.04129,1.04147,443
2025-01-20 23:00:00+00:00,1.04154,1.04258,1.04111,1.0421,11787
2025-01-21 00:00:00+00:00,1.04211,1.04346,1.03524,1.03624,39321
2025-01-21 01:00:00+00:00,1.03623,1.03982,1.03558,1.03703,46509
2025-01-21 02:00:00+00:00,1.03702,1.03904,1.03692,1.03877,15275
2025-01-21 03:00:00+00:00,1.03878,1.04011,1.03853,1.03876,10577
2025-01-21 04:00:00+00:00,1.03875,1.03991,1.0385,1.03899,5819
2025-01-21 05:00:00+00:00,1.03898,1.03923,1.03775,1.03789,4780
2025-01-21 06:00:00+00:00,1.0379,1.03816,1.03665,1.03692,8208
2025-01-21 07:00:00+00:00,1.03691,1.03863,1.03653,1.03736,12992
2025-01-21 08:00:00+00:00,1.03735,1.03735,1.03502,1.03608,15542
2025-01-21 09:00:00+00:00,1.03607,1.03639,1.03418,1.03538,17548
2025-01-21 10:00:00+00:00,1.03539,1.03595,1.03432,1.0353,16566
2025-01-21 11:00:00+00:00,1.03529,1.03582,1.0343,1.03534,11258
2025-01-21 12:00:00+00:00,1.03533,1.03584,1.03457,1.03542,16303
2025-01-21 13:00:00+00:00,1.03541,1.03779,1.03528,1.03777,16684
2025-01-21 14:00:00+00:00,1.03779,1.03987,1.0373,1.03868,24056
2025-01-21 15:00:00+00:00,1.03868,1.04105,1.03785,1.04007,27342
2025-01-21 16:00:00+00:00,1.04006,1.04229,1.03984,1.04225,17752
2025-01-21 17:00:00+00:00,1.04226,1.04302,1.04211,1.04214,10532
2025-01-21 18:00:00+00:00,1.04213,1.04355,1.04198,1.04291,8335
2025-01-21 19:00:00+00:00,1.0429,1.04306,1.04159,1.04181,6580
2025-01-21 20:00:00+00:00,1.0418,1.04216,1.04159,1.04202,6250
2025-01-21 21:00:00+00:00,1.04201,1.043,1.04189,1.04285,3848
2025-01-21 22:00:00+00:00,1.04257,1.04341,1.04242,1.04274,875
2025-01-21 23:00:00+00:00,1.04277,1.04278,1.03924,1.04059,16729
2025-01-22 00:00:00+00:00,1.0406,1.04247,1.0406,1.04233,7734
2025-01-22 01:00:00+00:00,1.04232,1.04234,1.04077,1.04098,7576
2025-01-22 02:00:00+00:00,1.04097,1.04163,1.04063,1.04138,5320
2025-01-22 03:00:00+00:00,1.04137,1.0416,1.04102,1.04121,3282
2025-01-22 04:00:00+00:00,1.0412,1.04216,1.04113,1.04173,2705
2025-01-22 05:00:00+00:00,1.04172,1.04181,1.04084,1.04157,4375
2025-01-22 06:00:00+00:00,1.04158,1.04186,1.03998,1.04038,7758
2025-01-22 07:00:00+00:00,1.04039,1.04198,1.04034,1.04118,11077
2025-01-22 08:00:00+00:00,1.04117,1.04242,1.04096,1.04232,18657
2025-01-22 09:00:00+00:00,1.04233,1.04475,1.04199,1.04466,17368
2025-01-22 10:00:00+00:00,1.04467,1.04574,1.04428,1.045,14676
2025-01-22 11:00:00+00:00,1.04499,1.04565,1.04405,1.04429,8748
2025-01-22 12:00:00+00:00,1.04428,1.04429,1.04312,1.04381,10476
2025-01-22 13:00:00+00:00,1.04382,1.04459,1.04222,1.04317,17900
2025-01-22 14:00:00+00:00,1.04316,1.04323,1.04143,1.04248,21104
2025-01-22 15:00:00+00:00,1.04248,1.04252,1.04147,1.04201,19313
2025-01-22 16:00:00+00:00,1.042,1.04229,1.04123,1.04196,11875
2025-01-22 17:00:00+00:00,1.04195,1.04206,1.04119,1.04171,8471
2025-01-22 18:00:00+00:00,1.04172,1.04213,1.04118,1.04161,6043
2025-01-22 19:00:00+00:00,1.04162,1.04228,1.04155,1.04202,5140
2025-01-22 20:00:00+00:00,1.04201,1.04231,1.04113,1.04122,5423
2025-01-22 21:00:00+00:00,1.04123,1.04132,1.0408,1.04096,2478
2025-01-22 22:00:00+00:00,1.0411,1.04149,1.0408,1.04087,347
2025-01-22 23:00:00+00:00,1.04088,1.04096,1.04056,1.04079,2438
2025-01-23 00:00:00+00:00,1.0408,1.04119,1.0407,1.04104,3869
2025-01-23 01:00:00+00:00,1.04103,1.04161,1.0402,1.04038,8550
2025-01-23 02:00:00+00:00,1.04037,1.04063,1.0397,1.04038,5805
2025-01-23 03:00:00+00:00,1.04037,1.04093,1.04031,1.04089,3722
2025-01-23 04:00:00+00:00,1.0409,1.04129,1.04089,1.04109,2554
2025-01-23 05:00:00+00:00,1.0411,1.04117,1.04044,1.04054,4315
2025-01-23 06:00:00+00:00,1.04053,1.04122,1.04031,1.04034,5244
2025-01-23 07:00:00+00:00,1.04033,1.04057,1.03901,1.04002,12892
2025-01-23 08:00:00+00:00,1.04003,1.04023,1.03904,1.03941,11513
2025-01-23 09:00:00+00:00,1.0394,1.04149,1.03933,1.04117,13334
2025-01-23 10:00:00+00:00,1.04116,1.04205,1.04101,1.04114,8388
2025-01-23 11:00:00+00:00,1.04115,1.04141,1.04013,1.04032,9058
2025-01-23 12:00:00+00:00,1.04033,1.04063,1.03942,1.04038,11163
2025-01-23 13:00:00+00:00,1.04037,1.04151,1.03974,1.04108,19506
2025-01-23 14:00:00+00:00,1.04109,1.04181,1.04059,1.04089,15112
2025-01-23 15:00:00+00:00,1.0409,1.04098,1.0387,1.03975,19672
2025-01-23 16:00:00+00:00,1.03976,1.04295,1.0372,1.04196,61889
2025-01-23 17:00:00+00:00,1.04195,1.04381,1.04139,1.04355,15373
2025-01-23 18:00:00+00:00,1.04354,1.04371,1.0422,1.04239,8621
2025-01-23 19:00:00+00:00,1.0424,1.0427,1.04199,1.0423,7227
2025-01-23 20:00:00+00:00,1.04229,1.04292,1.0416,1.04176,8918
2025-01-23 21:00:00+00:00,1.04177,1.04195,1.04128,1.04156,3462
2025-01-23 22:00:00+00:00,1.0417,1.04195,1.04138,1.04187,625
2025-01-23 23:00:00+00:00,1.04182,1.04187,1.04146,1.04159,1560
2025-01-24 00:00:00+00:00,1.04158,1.04232,1.04135,1.04192,3710
2025-01-24 01:00:00+00:00,1.04193,1.04204,1.04117,1.04159,4258
2025-01-24 02:00:00+00:00,1.0416,1.04493,1.04159,1.04488,17070
2025-01-24 03:00:00+00:00,1.04487,1.0454,1.04366,1.04461,11889
2025-01-24 04:00:00+00:00,1.0446,1.04516,1.04433,1.04474,5516
2025-01-24 05:00:00+00:00,1.04475,1.0454,1.04438,1.04515,5230
2025-01-24 06:00:00+00:00,1.04514,1.04709,1.04494,1.04575,17553
2025-01-24 07:00:00+00:00,1.04574,1.04651,1.04474,1.04612,17201
2025-01-24 08:00:00+00:00,1.04612,1.04954,1.0458,1.04938,28331
2025-01-24 09:00:00+00:00,1.04937,1.05152,1.04909,1.04944,24418
2025-01-24 10:00:00+00:00,1.04945,1.04979,1.04862,1.04892,12672
2025-01-24 11:00:00+00:00,1.04893,1.04933,1.04812,1.04862,8802
2025-01-24 12:00:00+00:00,1.04861,1.04877,1.04734,1.04737,9233
2025-01-24 13:00:00+00:00,1.04738,1.048,1.04637,1.04687,14473
2025-01-24 14:00:00+00:00,1.04686,1.04942,1.04673,1.04921,21916
2025-01-24 15:00:00+00:00,1.04922,1.05209,1.04897,1.05164,30621
2025-01-24 16:00:00+00:00,1.05163,1.05205,1.05049,1.05147,18889
2025-01-24 17:00:00+00:00,1.05146,1.05216,1.05099,1.05112,9053
2025-01-24 18:00:00+00:00,1.05111,1.0512,1.04941,1.04951,6744
2025-01-24 19:00:00+00:00,1.04952,1.04988,1.04921,1.04954,5514
2025-01-24 20:00:00+00:00,1.04953,1.04963,1.04883,1.04947,5063
2025-01-24 21:00:00+00:00,1.04948,1.04975,1.04916,1.04928,3123
2025-01-26 22:00:00+00:00,1.04809,1.04847,1.04802,1.04833,558
2025-01-26 23:00:00+00:00,1.0484,1.04854,1.04653,1.04676,5777
2025-01-27 00:00:00+00:00,1.04677,1.04764,1.04654,1.04728,5834
2025-01-27 01:00:00+00:00,1.04727,1.0479,1.04613,1.04629,9324
2025-01-27 02:00:00+00:00,1.04628,1.04666,1.0459,1.04661,5024
2025-01-27 03:00:00+00:00,1.0466,1.04778,1.04633,1.04686,7919
2025-01-27 04:00:00+00:00,1.04687,1.04692,1.04598,1.04635,3986
2025-01-27 05:00:00+00:00,1.04634,1.04649,1.0456,1.0463,5154
2025-01-27 06:00:00+00:00,1.04631,1.04655,1.0457,1.04592,6785
2025-01-27 07:00:00+00:00,1.04593,1.04712,1.0454,1.04573,14027
2025-01-27 08:00:00+00:00,1.04571,1.04888,1.04544,1.04878,20227
2025-01-27 09:00:00+00:00,1.04879,1.04939,1.04752,1.04888,22816
2025-01-27 10:00:00+00:00,1.04889,1.05093,1.04889,1.05055,22210
2025-01-27 11:00:00+00:00,1.05054,1.05183,1.05046,1.05131,18003
2025-01-27 12:00:00+00:00,1.05132,1.05283,1.0509,1.05214,15944
2025-01-27 13:00:00+00:00,1.05215,1.05333,1.05098,1.052,26265
2025-01-27 14:00:00+00:00,1.05199,1.05246,1.05079,1.05094,21670
2025-01-27 15:00:00+00:00,1.05092,1.051,1.04939,1.04992,19518
2025-01-27 16:00:00+00:00,1.04991,1.05077,1.04892,1.04909,20083
2025-01-27 17:00:00+00:00,1.0491,1.04949,1.04848,1.04888,13111
2025-01-27 18:00:00+00:00,1.04887,1.04943,1.04819,1.04849,11562
2025-01-27 19:00:00+00:00,1.0485,1.04929,1.04793,1.04927,8628
2025-01-27 20:00:00+00:00,1.04928,1.04945,1.04874,1.04881,6930
2025-01-27 21:00:00+00:00,1.0488,1.04923,1.0486,1.04921,2943
2025-01-27 22:00:00+00:00,1.04929,1.0494,1.04871,1.04888,452
2025-01-27 23:00:00+00:00,1.0489,1.04894,1.0428,1.04373,29073
2025-01-28 00:00:00+00:00,1.04376,1.04519,1.04324,1.04454,18234
2025-01-28 01:00:00+00:00,1.04455,1.04567,1.043,1.04381,12648
2025-01-28 02:00:00+00:00,1.0438,1.04418,1.04244,1.04338,15563
2025-01-28 03:00:00+00:00,1.04337,1.04396,1.04292,1.04293,6274
2025-01-28 04:00:00+00:00,1.04294,1.04347,1.04257,1.04338,4035
2025-01-28 05:00:00+00:00,1.04339,1.04392,1.04335,1.04365,3491
2025-01-28 06:00:00+00:00,1.04366,1.04444,1.04338,1.04376,5183
2025-01-28 07:00:00+00:00,1.04377,1.04431,1.04282,1.04343,13257
2025-01-28 08:00:00+00:00,1.04344,1.04359,1.04193,1.04253,18357
2025-01-28 09:00:00+00:00,1.04253,1.04444,1.04226,1.04353,14639
2025-01-28 10:00:00+00:00,1.04352,1.04375,1.04248,1.0425,10955
2025-01-28 11:00:00+00:00,1.04249,1.04327,1.04228,1.04234,8618
2025-01-28 12:00:00+00:00,1.04235,1.04257,1.04139,1.04203,13263
2025-01-28 13:00:00+00:00,1.04202,1.04314,1.04173,1.04248,15049
2025-01-28 14:00:00+00:00,1.04247,1.04413,1.04241,1.0432,17521
2025-01-28 15:00:00+00:00,1.04319,1.04397,1.0421,1.04243,17104
2025-01-28 16:00:00+00:00,1.04242,1.0433,1.04225,1.04263,15101
2025-01-28 17:00:00+00:00,1.04262,1.04348,1.04247,1.04281,7691
2025-01-28 18:00:00+00:00,1.04282,1.04383,1.04233,1.04265,10319
2025-01-28 19:00:00+00:00,1.04264,1.04369,1.04226,1.04352,6661
2025-01-28 20:00:00+00:00,1.04351,1.04356,1.04296,1.04317,6525
2025-01-28 21:00:00+00:00,1.04316,1.04343,1.04301,1.04306,2979
2025-01-28 22:00:00+00:00,1.04279,1.04299,1.04272,1.04291,467
2025-01-28 23:00:00+00:00,1.0429,1.04302,1.04267,1.04274,1746
2025-01-29 00:00:00+00:00,1.04275,1.04345,1.0427,1.04304,4412
2025-01-29 01:00:00+00:00,1.04303,1.04343,1.04272,1.04273,3611
2025-01-29 02:00:00+00:00,1.04272,1.04358,1.04259,1.04339,3291
2025-01-29 03:00:00+00:00,1.0434,1.04392,1.04313,1.04375,3653
2025-01-29 04:00:00+00:00,1.04376,1.04427,1.04375,1.04387,2723
2025-01-29 05:00:00+00:00,1.04386,1.04411,1.04357,1.04405,3058
2025-01-29 06:00:00+00:00,1.04406,1.04437,1.04366,1.04374,5296
2025-01-29 07:00:00+00:00,1.04373,1.04379,1.04133,1.04161,11616
2025-01-29 08:00:00+00:00,1.04162,1.04306,1.04161,1.04243,12120
2025-01-29 09:00:00+00:00,1.04242,1.04248,1.04021,1.04038,12740
2025-01-29 10:00:00+00:00,1.04039,1.04085,1.03948,1.04037,11943
2025-01-29 11:00:00+00:00,1.04038,1.04083,1.0397,1.04016,8863
2025-01-29 12:00:00+00:00,1.04017,1.04049,1.03937,1.04042,11686
2025-01-29 13:00:00+00:00,1.04043,1.04058,1.03824,1.03878,18410
2025-01-29 14:00:00+00:00,1.03879,1.04017,1.03865,1.04015,14658
2025-01-29 15:00:00+00:00,1.04014,1.04272,1.03947,1.04195,21042
2025-01-29 16:00:00+00:00,1.04196,1.04241,1.04116,1.04159,18093
2025-01-29 17:00:00+00:00,1.04158,1.04286,1.04154,1.04214,13294
2025-01-29 18:00:00+00:00,1.04215,1.04246,1.0415,1.04209,8711
2025-01-29 19:00:00+00:00,1.04213,1.04291,1.03884,1.04159,65309
2025-01-29 20:00:00+00:00,1.0416,1.04258,1.04048,1.04105,28625
2025-01-29 21:00:00+00:00,1.04104,1.04218,1.0409,1.0421,5123
2025-01-29 22:00:00+00:00,1.04185,1.04218,1.0417,1.04218,490
2025-01-29 23:00:00+00:00,1.04219,1.04275,1.04184,1.04247,4619
2025-01-30 00:00:00+00:00,1.04247,1.0429,1.0424,1.04261,3900
2025-01-30 01:00:00+00:00,1.04262,1.04263,1.04191,1.04202,4140
2025-01-30 02:00:00+00:00,1.04201,1.04269,1.042,1.04232,3807
2025-01-30 03:00:00+00:00,1.04231,1.04266,1.04224,1.04252,3782
2025-01-30 04:00:00+00:00,1.04253,1.04278,1.04177,1.04191,3455
2025-01-30 05:00:00+00:00,1.0419,1.04221,1.04177,1.04219,2958
2025-01-30 06:00:00+00:00,1.0422,1.04227,1.04109,1.04141,4992
2025-01-30 07:00:00+00:00,1.0414,1.04239,1.04095,1.04238,7695
2025-01-30 08:00:00+00:00,1.0424,1.04291,1.04162,1.04218,12867
2025-01-30 09:00:00+00:00,1.04217,1.04227,1.04022,1.04077,15583
2025-01-30 10:00:00+00:00,1.04075,1.04122,1.03959,1.04008,12036
2025-01-30 11:00:00+00:00,1.04008,1.04008,1.03913,1.03919,9317
2025-01-30 12:00:00+00:00,1.03918,1.04059,1.03903,1.04035,9682
2025-01-30 13:00:00+00:00,1.04036,1.046,1.04015,1.04566,36594
2025-01-30 14:00:00+00:00,1.04565,1.04679,1.04193,1.04283,43724
2025-01-30 15:00:00+00:00,1.04286,1.04425,1.0427,1.04314,22354
2025-01-30 16:00:00+00:00,1.04315,1.04348,1.0417,1.04196,12756
2025-01-30 17:00:00+00:00,1.04197,1.04235,1.04094,1.04173,11264
2025-01-30 18:00:00+00:00,1.04174,1.04256,1.04158,1.04251,5356
2025-01-30 19:00:00+00:00,1.04252,1.04303,1.04231,1.04282,3895
2025-01-30 20:00:00+00:00,1.04283,1.04325,1.03861,1.04078,33060
2025-01-30 21:00:00+00:00,1.04078,1.04144,1.03873,1.03919,16515
2025-01-30 22:00:00+00:00,1.03965,1.03965,1.03863,1.03879,529
2025-01-30 23:00:00+00:00,1.0388,1.03983,1.03853,1.03969,4591
2025-01-31 00:00:00+00:00,1.0397,1.04025,1.03851,1.03868,5356
2025-01-31 01:00:00+00:00,1.03867,1.03927,1.03771,1.03888,11424
2025-01-31 02:00:00+00:00,1.03889,1.03951,1.03868,1.03897,5763
2025-01-31 03:00:00+00:00,1.03896,1.03916,1.03838,1.03851,3919
2025-01-31 04:00:00+00:00,1.03852,1.039,1.03828,1.03876,3402
2025-01-31 05:00:00+00:00,1.03875,1.03909,1.03847,1.03889,4081
2025-01-31 06:00:00+00:00,1.03888,1.03955,1.03874,1.03946,4202
2025-01-31 07:00:00+00:00,1.03945,1.04129,1.03915,1.04042,15394
2025-01-31 08:00:00+00:00,1.04042,1.04069,1.03804,1.03845,14731
2025-01-31 09:00:00+00:00,1.03844,1.03852,1.03654,1.03837,24209
2025-01-31 10:00:00+00:00,1.03836,1.03841,1.03737,1.03764,12087
2025-01-31 11:00:00+00:00,1.03765,1.03802,1.03721,1.03759,9134
2025-01-31 12:00:00+00:00,1.0376,1.03859,1.03746,1.03827,9555
2025-01-31 13:00:00+00:00,1.03827,1.03955,1.03768,1.03823,21878
2025-01-31 14:00:00+00:00,1.03824,1.03827,1.03664,1.03688,20091
2025-01-31 15:00:00+00:00,1.03689,1.04009,1.03603,1.03965,25161
2025-01-31 16:00:00+00:00,1.03966,1.04077,1.03862,1.03998,17691
2025-01-31 17:00:00+00:00,1.03997,1.04342,1.039,1.04202,46464
2025-01-31 18:00:00+00:00,1.04201,1.04219,1.03614,1.03699,48555
2025-01-31 19:00:00+00:00,1.03698,1.03792,1.03646,1.03765,19932
2025-01-31 20:00:00+00:00,1.03766,1.03822,1.03631,1.03744,28498
2025-01-31 21:00:00+00:00,1.03745,1.03875,1.035,1.03613,28360
2025-02-02 22:00:00+00:00,1.02416,1.02573,1.02413,1.02511,1825
2025-02-02 23:00:00+00:00,1.02519,1.02702,1.02347,1.02472,28124
2025-02-03 00:00:00+00:00,1.02472,1.02676,1.02108,1.02319,45392
2025-02-03 01:00:00+00:00,1.0232,1.02524,1.0222,1.02379,30059
2025-02-03 02:00:00+00:00,1.0238,1.0238,1.0221,1.02238,21739
2025-02-03 03:00:00+00:00,1.02239,1.0225,1.02124,1.02215,11416
2025-02-03 04:00:00+00:00,1.02214,1.02399,1.02206,1.02266,20733
2025-02-03 05:00:00+00:00,1.02267,1.02435,1.02257,1.02404,12844
2025-02-03 06:00:00+00:00,1.02403,1.02518,1.02396,1.02432,16786
2025-02-03 07:00:00+00:00,1.02433,1.02496,1.02221,1.0225,26273
2025-02-03 08:00:00+00:00,1.02251,1.02514,1.0213,1.02436,32370
2025-02-03 09:00:00+00:00,1.02439,1.02545,1.02257,1.02309,16891
2025-02-03 10:00:00+00:00,1.02309,1.02446,1.02301,1.02437,14125
2025-02-03 11:00:00+00:00,1.02436,1.0256,1.02365,1.02524,12803
2025-02-03 12:00:00+00:00,1.02523,1.02781,1.02515,1.02579,35572
2025-02-03 13:00:00+00:00,1.02576,1.02887,1.02575,1.0264,32814
2025-02-03 14:00:00+00:00,1.02639,1.02661,1.02472,1.02508,26178
2025-02-03 15:00:00+00:00,1.0251,1.03256,1.02431,1.03163,52904
2025-02-03 16:00:00+00:00,1.03165,1.03218,1.02729,1.02761,21940
2025-02-03 17:00:00+00:00,1.02762,1.03028,1.02716,1.02797,14749
2025-02-03 18:00:00+00:00,1.02794,1.02879,1.02701,1.02787,10938
2025-02-03 19:00:00+00:00,1.02786,1.02971,1.02785,1.02848,5646
2025-02-03 20:00:00+00:00,1.02847,1.02994,1.02829,1.02956,5610
2025-02-03 21:00:00+00:00,1.02953,1.03505,1.02929,1.03449,13282
2025-02-03 22:00:00+00:00,1.0338,1.03481,1.03361,1.03434,2841
2025-02-03 23:00:00+00:00,1.03425,1.03519,1.03265,1.03282,6177
2025-02-04 00:00:00+00:00,1.03282,1.03311,1.03162,1.03181,5001
2025-02-04 01:00:00+00:00,1.0318,1.03227,1.03087,1.03221,7042
2025-02-04 02:00:00+00:00,1.03219,1.0324,1.03165,1.03221,4304
2025-02-04 03:00:00+00:00,1.0322,1.03242,1.03119,1.03149,4072
2025-02-04 04:00:00+00:00,1.03148,1.03152,1.0306,1.0306,3733
2025-02-04 05:00:00+00:00,1.0306,1.0306,1.0272,1.02933,15389
2025-02-04 06:00:00+00:00,1.02933,1.03077,1.02923,1.03068,6082
2025-02-04 07:00:00+00:00,1.03067,1.03173,1.03001,1.03116,5465
2025-02-04 08:00:00+00:00,1.03115,1.03358,1.03091,1.03346,10150
2025-02-04 09:00:00+00:00,1.03344,1.03496,1.03324,1.03387,6939
2025-02-04 10:00:00+00:00,1.03387,1.03434,1.03255,1.03351,4509
2025-02-04 11:00:00+00:00,1.03352,1.03353,1.03221,1.03224,3548
2025-02-04 12:00:00+00:00,1.03229,1.03286,1.03201,1.03254,4113
2025-02-04 13:00:00+00:00,1.03255,1.03408,1.0324,1.03406,5642
2025-02-04 14:00:00+00:00,1.03407,1.03664,1.03404,1.03599,9732
2025-02-04 15:00:00+00:00,1.036,1.0386,1.03578,1.03802,13830
2025-02-04 16:00:00+00:00,1.038,1.03874,1.03734,1.03785,7967
2025-02-04 17:00:00+00:00,1.03784,1.03789,1.03658,1.03768,7160
2025-02-04 18:00:00+00:00,1.03767,1.03863,1.03745,1.03812,3114
2025-02-04 19:00:00+00:00,1.03814,1.03854,1.03772,1.03818,3727
2025-02-04 20:00:00+00:00,1.03818,1.0386,1.03793,1.03855,3626
2025-02-04 21:00:00+00:00,1.03855,1.03878,1.0378,1.03788,2792
2025-02-04 22:00:00+00:00,1.03762,1.03806,1.03748,1.03786,1729
2025-02-04 23:00:00+00:00,1.03785,1.03805,1.03709,1.03716,2094
2025-02-05 00:00:00+00:00,1.03717,1.03821,1.03697,1.03789,3996
2025-02-05 01:00:00+00:00,1.0379,1.03868,1.03724,1.03735,6913
2025-02-05 02:00:00+00:00,1.03734,1.03851,1.03731,1.03846,5226
2025-02-05 03:00:00+00:00,1.03846,1.03862,1.03794,1.03796,3345
2025-02-05 04:00:00+00:00,1.03796,1.03823,1.03764,1.03787,2164
2025-02-05 05:00:00+00:00,1.03787,1.03788,1.03733,1.03779,3503
2025-02-05 06:00:00+00:00,1.03778,1.03941,1.03743,1.0385,4768
2025-02-05 07:00:00+00:00,1.03849,1.04096,1.03823,1.04027,7270
2025-02-05 08:00:00+00:00,1.04026,1.04086,1.03901,1.0404,9510
2025-02-05 09:00:00+00:00,1.0404,1.04178,1.04017,1.0404,6920
2025-02-05 10:00:00+00:00,1.0404,1.04305,1.04019,1.04251,6407
2025-02-05 11:00:00+00:00,1.04252,1.04254,1.04117,1.04148,3816
2025-02-05 12:00:00+00:00,1.04146,1.0422,1.04108,1.04192,3646
2025-02-05 13:00:00+00:00,1.04191,1.04258,1.04016,1.04079,9221
2025-02-05 14:00:00+00:00,1.0408,1.04264,1.04063,1.04236,9007
2025-02-05 15:00:00+00:00,1.04242,1.04426,1.04152,1.04223,12893
2025-02-05 16:00:00+00:00,1.04222,1.04248,1.04105,1.04181,7520
2025-02-05 17:00:00+00:00,1.04182,1.04241,1.04106,1.04199,3542
2025-02-05 18:00:00+00:00,1.04198,1.04217,1.04144,1.04157,2370
2025-02-05 19:00:00+00:00,1.04158,1.0417,1.04049,1.04072,3456
2025-02-05 20:00:00+00:00,1.04072,1.04072,1.0401,1.04049,3120
2025-02-05 21:00:00+00:00,1.04048,1.04067,1.03971,1.04025,2626
2025-02-05 22:00:00+00:00,1.04047,1.04048,1.0402,1.04043,855
2025-02-05 23:00:00+00:00,1.04045,1.04058,1.03973,1.03987,1598
2025-02-06 00:00:00+00:00,1.03988,1.04024,1.03947,1.03974,3605
2025-02-06 01:00:00+00:00,1.03975,1.04047,1.03954,1.04024,6022
2025-02-06 02:00:00+00:00,1.04025,1.04055,1.0391,1.03951,3775
2025-02-06 03:00:00+00:00,1.03951,1.03964,1.03897,1.0392,2983
2025-02-06 04:00:00+00:00,1.03921,1.03939,1.03853,1.03872,2677
2025-02-06 05:00:00+00:00,1.03872,1.03903,1.03862,1.03865,3136
2025-02-06 06:00:00+00:00,1.03866,1.03927,1.03857,1.03903,3317
2025-02-06 07:00:00+00:00,1.03901,1.03915,1.03781,1.038,4238
2025-02-06 08:00:00+00:00,1.03804,1.03809,1.03563,1.03651,7931
2025-02-06 09:00:00+00:00,1.03652,1.03679,1.03564,1.03595,5418
2025-02-06 10:00:00+00:00,1.03597,1.03664,1.03559,1.03626,5044
2025-02-06 11:00:00+00:00,1.03626,1.03677,1.0358,1.03621,4935
2025-02-06 12:00:00+00:00,1.0362,1.03637,1.03526,1.0362,9173
2025-02-06 13:00:00+00:00,1.03619,1.03673,1.03535,1.03605,9646
2025-02-06 14:00:00+00:00,1.03604,1.03749,1.03598,1.03623,7630
2025-02-06 15:00:00+00:00,1.03622,1.03765,1.03614,1.03695,9055
2025-02-06 16:00:00+00:00,1.03694,1.03762,1.03669,1.0367,5255
2025-02-06 17:00:00+00:00,1.03669,1.03805,1.03659,1.03793,3473
2025-02-06 18:00:00+00:00,1.03793,1.03968,1.03736,1.03898,5725
2025-02-06 19:00:00+00:00,1.03894,1.03914,1.03805,1.03848,3034
2025-02-06 20:00:00+00:00,1.03849,1.03909,1.0384,1.03887,3260
2025-02-06 21:00:00+00:00,1.03886,1.03895,1.03826,1.03836,1918
2025-02-06 22:00:00+00:00,1.03853,1.03858,1.03822,1.03836,717
2025-02-06 23:00:00+00:00,1.03837,1.03868,1.03827,1.03852,1542
2025-02-07 00:00:00+00:00,1.03851,1.03911,1.03774,1.03777,3120
2025-02-07 01:00:00+00:00,1.03778,1.0387,1.03744,1.03839,4837
2025-02-07 02:00:00+00:00,1.0384,1.03862,1.0381,1.03842,4257
2025-02-07 03:00:00+00:00,1.03843,1.0385,1.03774,1.038,2670
2025-02-07 04:00:00+00:00,1.038,1.03835,1.03759,1.03812,2603
2025-02-07 05:00:00+00:00,1.03812,1.03817,1.03739,1.03752,2899
2025-02-07 06:00:00+00:00,1.03752,1.03772,1.03727,1.03762,3509
2025-02-07 07:00:00+00:00,1.03761,1.03904,1.03743,1.03893,3758
2025-02-07 08:00:00+00:00,1.03894,1.04,1.03856,1.03979,5145
2025-02-07 09:00:00+00:00,1.03978,1.03993,1.03899,1.03913,3645
2025-02-07 10:00:00+00:00,1.03912,1.03916,1.03792,1.03815,3346
2025-02-07 11:00:00+00:00,1.03813,1.03842,1.03775,1.03825,2680
2025-02-07 12:00:00+00:00,1.03826,1.03826,1.03684,1.03745,4120
2025-02-07 13:00:00+00:00,1.03744,1.04129,1.03492,1.03637,17870
2025-02-07 14:00:00+00:00,1.03636,1.03888,1.0361,1.03858,9200
2025-02-07 15:00:00+00:00,1.03856,1.03878,1.03274,1.03552,15226
2025-02-07 16:00:00+00:00,1.03553,1.03553,1.03218,1.0328,19838
2025-02-07 17:00:00+00:00,1.0328,1.03609,1.03052,1.03219,19785
2025-02-07 18:00:00+00:00,1.03218,1.0336,1.0321,1.03253,4689
2025-02-07 19:00:00+00:00,1.03254,1.03369,1.0324,1.03324,4715
2025-02-07 20:00:00+00:00,1.03325,1.03384,1.03215,1.03278,4235
2025-02-07 21:00:00+00:00,1.0328,1.03324,1.03252,1.03277,3679
2025-02-09 22:00:00+00:00,1.02908,1.03029,1.02857,1.02914,2309
2025-02-09 23:00:00+00:00,1.02915,1.03137,1.02915,1.03097,5050
2025-02-10 00:00:00+00:00,1.03098,1.03185,1.03094,1.03103,5326
2025-02-10 01:00:00+00:00,1.03104,1.03148,1.03002,1.03032,6270
2025-02-10 02:00:00+00:00,1.03032,1.03069,1.02987,1.02998,3490
2025-02-10 03:00:00+00:00,1.02998,1.03118,1.02998,1.03116,2635
2025-02-10 04:00:00+00:00,1.03116,1.03159,1.03114,1.03133,1703
2025-02-10 05:00:00+00:00,1.03134,1.03217,1.03133,1.03162,2264
2025-02-10 06:00:00+00:00,1.03163,1.03201,1.03122,1.0319,3190
2025-02-10 07:00:00+00:00,1.0319,1.03257,1.03101,1.0313,4864
2025-02-10 08:00:00+00:00,1.03131,1.03231,1.03068,1.03223,6298
2025-02-10 09:00:00+00:00,1.03223,1.03349,1.0321,1.0327,4526
2025-02-10 10:00:00+00:00,1.03269,1.03338,1.03235,1.033,3330
2025-02-10 11:00:00+00:00,1.033,1.03366,1.03202,1.03208,3894
2025-02-10 12:00:00+00:00,1.03205,1.03223,1.03087,1.03139,4649
2025-02-10 13:00:00+00:00,1.0314,1.03265,1.0314,1.03215,5057
2025-02-10 14:00:00+00:00,1.03215,1.03239,1.03044,1.03114,5283
2025-02-10 15:00:00+00:00,1.03116,1.032,1.03108,1.03152,4693
2025-02-10 16:00:00+00:00,1.03152,1.03182,1.03046,1.03116,4568
2025-02-10 17:00:00+00:00,1.03117,1.03148,1.03068,1.03123,2838
2025-02-10 18:00:00+00:00,1.03125,1.03161,1.0306,1.03075,2352
2025-02-10 19:00:00+00:00,1.03072,1.0311,1.03055,1.0307,2549
2025-02-10 20:00:00+00:00,1.03069,1.03085,1.03051,1.03071,2144
2025-02-10 21:00:00+00:00,1.03071,1.03085,1.03053,1.0307,1104
2025-02-10 22:00:00+00:00,1.0309,1.03103,1.03042,1.0307,1527
2025-02-10 23:00:00+00:00,1.03065,1.03093,1.02985,1.03008,2969
2025-02-11 00:00:00+00:00,1.03008,1.03068,1.02998,1.03049,2029
2025-02-11 01:00:00+00:00,1.03048,1.03048,1.03001,1.03021,4273
2025-02-11 02:00:00+00:00,1.0302,1.0303,1.02923,1.02931,3921
2025-02-11 03:00:00+00:00,1.02932,1.03007,1.02922,1.02983,2910
2025-02-11 04:00:00+00:00,1.02984,1.03044,1.02978,1.03043,2412
2025-02-11 05:00:00+00:00,1.03044,1.0306,1.03022,1.03048,1928
2025-02-11 06:00:00+00:00,1.03048,1.03107,1.03042,1.03053,3909
2025-02-11 07:00:00+00:00,1.03051,1.03081,1.03011,1.03034,3350
2025-02-11 08:00:00+00:00,1.03035,1.03199,1.02999,1.03183,4682
2025-02-11 09:00:00+00:00,1.03182,1.03221,1.03126,1.0318,4058
2025-02-11 10:00:00+00:00,1.03179,1.03252,1.03145,1.03162,3226
2025-02-11 11:00:00+00:00,1.03163,1.03229,1.03159,1.0322,2306
2025-02-11 12:00:00+00:00,1.03219,1.03288,1.03204,1.03218,3542
2025-02-11 13:00:00+00:00,1.03222,1.03262,1.03166,1.03224,4034
2025-02-11 14:00:00+00:00,1.03223,1.03374,1.03218,1.03326,4330
2025-02-11 15:00:00+00:00,1.03325,1.03434,1.03283,1.034,7379
2025-02-11 16:00:00+00:00,1.03399,1.03513,1.03392,1.03457,5411
2025-02-11 17:00:00+00:00,1.03458,1.03487,1.03435,1.03455,2624
2025-02-11 18:00:00+00:00,1.03454,1.03515,1.03446,1.03456,2424
2025-02-11 19:00:00+00:00,1.03455,1.03817,1.0342,1.03582,6030
2025-02-11 20:00:00+00:00,1.03583,1.03677,1.03577,1.03631,5038
2025-02-11 21:00:00+00:00,1.03629,1.03642,1.0359,1.03614,2808
2025-02-11 22:00:00+00:00,1.03621,1.03645,1.03603,1.03622,686
2025-02-11 23:00:00+00:00,1.03621,1.03678,1.0361,1.03633,1461
2025-02-12 00:00:00+00:00,1.03634,1.03643,1.03564,1.03575,2360
2025-02-12 01:00:00+00:00,1.03575,1.03642,1.0354,1.03606,4161
2025-02-12 02:00:00+00:00,1.03607,1.03678,1.03605,1.03626,3050
2025-02-12 03:00:00+00:00,1.03626,1.03655,1.03588,1.03621,3009
2025-02-12 04:00:00+00:00,1.0362,1.03637,1.03561,1.03564,2241
2025-02-12 05:00:00+00:00,1.03564,1.03594,1.0355,1.03586,2419
2025-02-12 06:00:00+00:00,1.03587,1.03602,1.0357,1.0359,2453
2025-02-12 07:00:00+00:00,1.03591,1.03794,1.03589,1.03759,4279
2025-02-12 08:00:00+00:00,1.03759,1.038,1.03681,1.03713,5678
2025-02-12 09:00:00+00:00,1.03712,1.03742,1.03648,1.03737,3729
2025-02-12 10:00:00+00:00,1.0374,1.03769,1.03702,1.03756,3067
2025-02-12 11:00:00+00:00,1.03755,1.03857,1.03738,1.03753,3801
2025-02-12 12:00:00+00:00,1.03753,1.03788,1.03723,1.0373,2952
2025-02-12 13:00:00+00:00,1.0373,1.03761,1.03171,1.03332,19903
2025-02-12 14:00:00+00:00,1.03332,1.03537,1.03254,1.03504,14279
2025-02-12 15:00:00+00:00,1.03503,1.03829,1.03382,1.03746,15360
2025-02-12 16:00:00+00:00,1.03746,1.03958,1.03504,1.03914,11651
2025-02-12 17:00:00+00:00,1.03915,1.04276,1.03909,1.04263,13729
2025-02-12 18:00:00+00:00,1.04263,1.04299,1.03874,1.03894,8292
2025-02-12 19:00:00+00:00,1.03894,1.03935,1.03848,1.03912,4139
2025-02-12 20:00:00+00:00,1.03911,1.03976,1.03881,1.03918,3768
2025-02-12 21:00:00+00:00,1.03919,1.03958,1.03809,1.03824,3483
2025-02-12 22:00:00+00:00,1.03855,1.03877,1.03841,1.03842,1704
2025-02-12 23:00:00+00:00,1.03843,1.03923,1.03833,1.03923,2086
2025-02-13 00:00:00+00:00,1.03924,1.04005,1.03882,1.03897,3225
2025-02-13 01:00:00+00:00,1.03896,1.04021,1.03874,1.03999,5315
2025-02-13 02:00:00+00:00,1.03999,1.04079,1.03967,1.04041,3690
2025-02-13 03:00:00+00:00,1.04041,1.04219,1.04035,1.04191,3858
2025-02-13 04:00:00+00:00,1.04191,1.04356,1.04187,1.04348,5309
2025-02-13 05:00:00+00:00,1.04347,1.04385,1.04306,1.0435,4749
2025-02-13 06:00:00+00:00,1.04351,1.04401,1.04286,1.04311,5844
2025-02-13 07:00:00+00:00,1.04313,1.04367,1.04225,1.04258,6419
2025-02-13 08:00:00+00:00,1.04259,1.04266,1.04103,1.04138,6497
2025-02-13 09:00:00+00:00,1.04137,1.04264,1.04111,1.04232,5690
2025-02-13 10:00:00+00:00,1.0423,1.04292,1.04132,1.04161,4023
2025-02-13 11:00:00+00:00,1.0416,1.04276,1.03926,1.04031,6775
2025-02-13 12:00:00+00:00,1.0403,1.04036,1.03858,1.039,6823
2025-02-13 13:00:00+00:00,1.03899,1.04072,1.03752,1.03926,12423
2025-02-13 14:00:00+00:00,1.03926,1.04016,1.03818,1.03997,8811
2025-02-13 15:00:00+00:00,1.03999,1.04385,1.03999,1.04334,16189
2025-02-13 16:00:00+00:00,1.04334,1.04455,1.04244,1.04273,6845
2025-02-13 17:00:00+00:00,1.04273,1.04392,1.04251,1.04255,4351
2025-02-13 18:00:00+00:00,1.04255,1.04316,1.0373,1.04095,17395
2025-02-13 19:00:00+00:00,1.04094,1.04428,1.04087,1.04372,8450
2025-02-13 20:00:00+00:00,1.04371,1.0466,1.04356,1.04616,4264
2025-02-13 21:00:00+00:00,1.04617,1.04673,1.04572,1.04642,2796
2025-02-13 22:00:00+00:00,1.04641,1.04692,1.04634,1.04673,1069
2025-02-13 23:00:00+00:00,1.04675,1.04677,1.04561,1.04617,3001
2025-02-14 00:00:00+00:00,1.04616,1.04671,1.04579,1.0461,4449
2025-02-14 01:00:00+00:00,1.04608,1.04671,1.04583,1.04593,5394
2025-02-14 02:00:00+00:00,1.04589,1.04612,1.04551,1.04568,3677
2025-02-14 03:00:00+00:00,1.04569,1.04618,1.0454,1.04588,2886
2025-02-14 04:00:00+00:00,1.04589,1.04639,1.04549,1.0455,2372
2025-02-14 05:00:00+00:00,1.0455,1.04561,1.04472,1.04528,3431
2025-02-14 06:00:00+00:00,1.04528,1.04611,1.0452,1.04587,4107
2025-02-14 07:00:00+00:00,1.04587,1.04723,1.04586,1.0465,5765
2025-02-14 08:00:00+00:00,1.0465,1.04864,1.04636,1.04769,6700
2025-02-14 09:00:00+00:00,1.04775,1.04878,1.04759,1.04812,4780
2025-02-14 10:00:00+00:00,1.04813,1.0483,1.04648,1.04672,3962
2025-02-14 11:00:00+00:00,1.04672,1.04693,1.04631,1.04676,3433
2025-02-14 12:00:00+00:00,1.04674,1.0475,1.04571,1.04718,3639
2025-02-14 13:00:00+00:00,1.04718,1.0498,1.04713,1.04883,10652
2025-02-14 14:00:00+00:00,1.04884,1.05143,1.04874,1.05088,7677
2025-02-14 15:00:00+00:00,1.05089,1.05129,1.04909,1.05084,8670
2025-02-14 16:00:00+00:00,1.05083,1.05104,1.0497,1.04976,4131
2025-02-14 17:00:00+00:00,1.04978,1.0509,1.04942,1.05073,3162
2025-02-14 18:00:00+00:00,1.05073,1.05081,1.04997,1.05045,2691
2025-02-14 19:00:00+00:00,1.05049,1.05054,1.0495,1.04987,2744
2025-02-14 20:00:00+00:00,1.04986,1.04986,1.04913,1.04921,2785
2025-02-14 21:00:00+00:00,1.04924,1.0495,1.04886,1.04929,3906
2025-02-16 22:00:00+00:00,1.04862,1.04909,1.04861,1.04898,792
2025-02-16 23:00:00+00:00,1.0489,1.04943,1.04847,1.04886,4006
2025-02-17 00:00:00+00:00,1.04886,1.04934,1.04856,1.04925,3299
2025-02-17 01:00:00+00:00,1.04924,1.05066,1.04897,1.05053,4392
2025-02-17 02:00:00+00:00,1.05054,1.05056,1.04959,1.05013,3864
2025-02-17 03:00:00+00:00,1.05013,1.05037,1.04943,1.04948,3716
2025-02-17 04:00:00+00:00,1.04947,1.04974,1.04894,1.04956,2707
2025-02-17 05:00:00+00:00,1.04957,1.04983,1.0485,1.04899,4447
2025-02-17 06:00:00+00:00,1.04898,1.04934,1.0488,1.04918,4022
2025-02-17 07:00:00+00:00,1.04919,1.04956,1.04805,1.04827,5103
2025-02-17 08:00:00+00:00,1.04826,1.0485,1.04712,1.04744,5044
2025-02-17 09:00:00+00:00,1.04743,1.04814,1.04714,1.04743,3466
2025-02-17 10:00:00+00:00,1.04742,1.04893,1.04733,1.04892,3362
2025-02-17 11:00:00+00:00,1.0489,1.04893,1.04779,1.04819,2818
2025-02-17 12:00:00+00:00,1.0482,1.04851,1.04686,1.04723,3397
2025-02-17 13:00:00+00:00,1.04726,1.04766,1.04671,1.04744,2451
2025-02-17 14:00:00+00:00,1.04745,1.04795,1.04714,1.04785,2279
2025-02-17 15:00:00+00:00,1.04785,1.04843,1.04743,1.04798,2941
2025-02-17 16:00:00+00:00,1.04798,1.04833,1.04768,1.04786,2145
2025-02-17 17:00:00+00:00,1.04787,1.04849,1.0478,1.04825,1167
2025-02-17 18:00:00+00:00,1.04826,1.04827,1.04794,1.04822,476
2025-02-17 19:00:00+00:00,1.04823,1.04838,1.04797,1.04817,643
2025-02-17 20:00:00+00:00,1.04816,1.04839,1.04807,1.04835,531
2025-02-17 21:00:00+00:00,1.04836,1.04851,1.04827,1.04842,999
2025-02-17 22:00:00+00:00,1.04798,1.04851,1.04789,1.04813,1315
2025-02-17 23:00:00+00:00,1.04814,1.04858,1.04771,1.04851,1351
2025-02-18 00:00:00+00:00,1.04851,1.04864,1.04728,1.04751,3237
2025-02-18 01:00:00+00:00,1.0475,1.04758,1.04624,1.04663,4365
2025-02-18 02:00:00+00:00,1.04663,1.04709,1.04658,1.04678,3301
2025-02-18 03:00:00+00:00,1.04678,1.04726,1.04621,1.04631,4183
2025-02-18 04:00:00+00:00,1.0463,1.04642,1.04553,1.04572,3070
2025-02-18 05:00:00+00:00,1.04572,1.04592,1.04523,1.04551,2534
2025-02-18 06:00:00+00:00,1.04551,1.04635,1.04548,1.04615,3497
2025-02-18 07:00:00+00:00,1.04617,1.04693,1.04587,1.04635,3800
2025-02-18 08:00:00+00:00,1.04636,1.04693,1.04549,1.0457,4576
2025-02-18 09:00:00+00:00,1.04569,1.04652,1.04556,1.04641,4018
2025-02-18 10:00:00+00:00,1.0464,1.04673,1.0459,1.04624,3457
2025-02-18 11:00:00+00:00,1.04623,1.04651,1.04614,1.04629,2452
2025-02-18 12:00:00+00:00,1.0463,1.04672,1.04529,1.04553,4055
2025-02-18 13:00:00+00:00,1.04553,1.04571,1.04419,1.0445,5624
2025-02-18 14:00:00+00:00,1.04449,1.04549,1.04417,1.04524,5141
2025-02-18 15:00:00+00:00,1.04524,1.04671,1.04516,1.04663,6053
2025-02-18 16:00:00+00:00,1.04663,1.04697,1.04539,1.04568,4628
2025-02-18 17:00:00+00:00,1.04567,1.04567,1.04392,1.04461,3172
2025-02-18 18:00:00+00:00,1.04461,1.04479,1.04352,1.04441,2873
2025-02-18 19:00:00+00:00,1.0444,1.04498,1.04407,1.04452,2129
2025-02-18 20:00:00+00:00,1.04452,1.04479,1.04413,1.04478,2724
2025-02-18 21:00:00+00:00,1.04478,1.04495,1.04447,1.0446,2760
2025-02-18 22:00:00+00:00,1.04468,1.0452,1.04451,1.04513,1715
2025-02-18 23:00:00+00:00,1.04519,1.04519,1.04451,1.04483,1534
2025-02-19 00:00:00+00:00,1.04482,1.04494,1.0444,1.04458,2655
2025-02-19 01:00:00+00:00,1.04459,1.04481,1.04411,1.04466,4310
2025-02-19 02:00:00+00:00,1.04467,1.04523,1.04448,1.04519,3358
2025-02-19 03:00:00+00:00,1.04518,1.04523,1.04478,1.04515,2200
2025-02-19 04:00:00+00:00,1.04515,1.04534,1.04484,1.04524,1976
2025-02-19 05:00:00+00:00,1.04522,1.04565,1.04488,1.04564,2372
2025-02-19 06:00:00+00:00,1.04563,1.04615,1.04545,1.04551,3610
2025-02-19 07:00:00+00:00,1.04553,1.04594,1.04488,1.04513,3675
2025-02-19 08:00:00+00:00,1.04513,1.04562,1.04387,1.04406,4273
2025-02-19 09:00:00+00:00,1.04406,1.04437,1.04283,1.04291,3865
2025-02-19 10:00:00+00:00,1.0429,1.04301,1.04188,1.0424,4152
2025-02-19 11:00:00+00:00,1.04241,1.04333,1.04203,1.04247,5804
2025-02-19 12:00:00+00:00,1.04247,1.0432,1.04218,1.04282,4033
2025-02-19 13:00:00+00:00,1.04283,1.04353,1.04253,1.04341,4750
2025-02-19 14:00:00+00:00,1.04337,1.04379,1.04276,1.04344,5279
2025-02-19 15:00:00+00:00,1.04344,1.04414,1.04216,1.04242,7810
2025-02-19 16:00:00+00:00,1.04241,1.0425,1.04042,1.04048,5401
2025-02-19 17:00:00+00:00,1.04047,1.04133,1.04009,1.04098,3642
2025-02-19 18:00:00+00:00,1.041,1.0422,1.04086,1.04197,2738
2025-02-19 19:00:00+00:00,1.04197,1.04326,1.04185,1.04259,4723
2025-02-19 20:00:00+00:00,1.04257,1.04266,1.04209,1.04255,3437
2025-02-19 21:00:00+00:00,1.04254,1.04265,1.04223,1.04226,1661
2025-02-19 22:00:00+00:00,1.04249,1.04271,1.04221,1.04255,888
2025-02-19 23:00:00+00:00,1.04255,1.04259,1.04199,1.04208,1408
2025-02-20 00:00:00+00:00,1.04209,1.04302,1.04198,1.04294,4250
2025-02-20 01:00:00+00:00,1.04295,1.04328,1.04188,1.04214,4440
2025-02-20 02:00:00+00:00,1.04214,1.04377,1.04203,1.04357,6989
2025-02-20 03:00:00+00:00,1.04358,1.04363,1.04269,1.04313,3997
2025-02-20 04:00:00+00:00,1.04312,1.04319,1.04242,1.04303,2627
2025-02-20 05:00:00+00:00,1.04303,1.04344,1.0427,1.04277,2567
2025-02-20 06:00:00+00:00,1.04277,1.04344,1.04245,1.0425,4055
2025-02-20 07:00:00+00:00,1.04255,1.04336,1.04237,1.04316,3479
2025-02-20 08:00:00+00:00,1.04315,1.04421,1.04297,1.04333,4617
2025-02-20 09:00:00+00:00,1.04332,1.04384,1.04288,1.04371,3859
2025-02-20 10:00:00+00:00,1.0437,1.04442,1.04344,1.04424,3682
2025-02-20 11:00:00+00:00,1.04423,1.04464,1.04309,1.04385,2524
2025-02-20 12:00:00+00:00,1.04386,1.04439,1.04333,1.04357,4758
2025-02-20 13:00:00+00:00,1.04358,1.04549,1.0435,1.04483,6830
2025-02-20 14:00:00+00:00,1.04482,1.04607,1.04423,1.04467,7428
2025-02-20 15:00:00+00:00,1.04466,1.04756,1.0442,1.0474,6899
2025-02-20 16:00:00+00:00,1.04741,1.04784,1.04644,1.04751,4504
2025-02-20 17:00:00+00:00,1.0475,1.04947,1.04712,1.04893,4246
2025-02-20 18:00:00+00:00,1.04893,1.04986,1.04856,1.0498,3039
2025-02-20 19:00:00+00:00,1.04981,1.05034,1.04891,1.05015,3889
2025-02-20 20:00:00+00:00,1.05017,1.05032,1.04953,1.05028,2760
2025-02-20 21:00:00+00:00,1.05027,1.05035,1.05003,1.05012,1441
2025-02-20 22:00:00+00:00,1.04974,1.05006,1.0497,1.04982,1706
2025-02-20 23:00:00+00:00,1.04981,1.0506,1.04974,1.05004,2311
2025-02-21 00:00:00+00:00,1.05002,1.05004,1.04892,1.04902,3359
2025-02-21 01:00:00+00:00,1.04902,1.04934,1.04844,1.04868,4924
2025-02-21 02:00:00+00:00,1.04869,1.05033,1.04865,1.05026,5474
2025-02-21 03:00:00+00:00,1.05027,1.05047,1.04995,1.05027,3409
2025-02-21 04:00:00+00:00,1.05027,1.0505,1.04974,1.04991,2082
2025-02-21 05:00:00+00:00,1.04991,1.05007,1.04917,1.0493,3383
2025-02-21 06:00:00+00:00,1.04929,1.04941,1.04878,1.04885,4477
2025-02-21 07:00:00+00:00,1.04886,1.04997,1.04886,1.04922,4606
2025-02-21 08:00:00+00:00,1.04923,1.04946,1.0468,1.04767,9660
2025-02-21 09:00:00+00:00,1.04769,1.04813,1.04667,1.04693,6008
2025-02-21 10:00:00+00:00,1.04693,1.04723,1.04649,1.04652,3831
2025-02-21 11:00:00+00:00,1.04652,1.04741,1.04633,1.04693,2858
2025-02-21 12:00:00+00:00,1.04694,1.04711,1.04595,1.04619,3284
2025-02-21 13:00:00+00:00,1.04618,1.04779,1.04614,1.04753,4253
2025-02-21 14:00:00+00:00,1.04752,1.04927,1.04702,1.04811,7970
2025-02-21 15:00:00+00:00,1.0481,1.04862,1.04526,1.04541,9450
2025-02-21 16:00:00+00:00,1.04542,1.0458,1.04495,1.04547,4186
2025-02-21 17:00:00+00:00,1.04555,1.04645,1.04521,1.04631,4291
2025-02-21 18:00:00+00:00,1.04631,1.0468,1.0451,1.046,6415
2025-02-21 19:00:00+00:00,1.04599,1.04666,1.04573,1.04621,5750
2025-02-21 20:00:00+00:00,1.04617,1.04646,1.04587,1.04608,3530
2025-02-21 21:00:00+00:00,1.04609,1.04642,1.04585,1.0462,2676
2025-02-23 22:00:00+00:00,1.04691,1.04836,1.04617,1.04756,2971
2025-02-23 23:00:00+00:00,1.04752,1.04848,1.04716,1.04741,3721
2025-02-24 00:00:00+00:00,1.04741,1.05076,1.04718,1.05043,7233
2025-02-24 01:00:00+00:00,1.05044,1.05209,1.05024,1.05181,10682
2025-02-24 02:00:00+00:00,1.0518,1.05284,1.05157,1.05229,8448
2025-02-24 03:00:00+00:00,1.05229,1.05258,1.05165,1.05195,4888
2025-02-24 04:00:00+00:00,1.05196,1.05208,1.05114,1.05157,3278
2025-02-24 05:00:00+00:00,1.05157,1.05199,1.05101,1.05166,5080
2025-02-24 06:00:00+00:00,1.05165,1.05165,1.05011,1.05091,5039
2025-02-24 07:00:00+00:00,1.05091,1.0515,1.04868,1.04913,6516
2025-02-24 08:00:00+00:00,1.04913,1.04927,1.04697,1.04801,7783
2025-02-24 09:00:00+00:00,1.04799,1.04849,1.04689,1.04722,5278
2025-02-24 10:00:00+00:00,1.04721,1.04807,1.0467,1.04804,4320
2025-02-24 11:00:00+00:00,1.04803,1.04814,1.04638,1.04686,3788
2025-02-24 12:00:00+00:00,1.04686,1.04727,1.04603,1.0469,3351
2025-02-24 13:00:00+00:00,1.0469,1.04757,1.04649,1.0467,4207
2025-02-24 14:00:00+00:00,1.04667,1.04698,1.04528,1.04606,6240
2025-02-24 15:00:00+00:00,1.04607,1.04707,1.04602,1.04691,9086
2025-02-24 16:00:00+00:00,1.04687,1.04802,1.04657,1.04778,5253
2025-02-24 17:00:00+00:00,1.04779,1.04839,1.04681,1.04725,3926
2025-02-24 18:00:00+00:00,1.04719,1.04859,1.04708,1.04805,3108
2025-02-24 19:00:00+00:00,1.04805,1.04843,1.04729,1.04753,4995
2025-02-24 20:00:00+00:00,1.04754,1.04795,1.04647,1.04651,4978
2025-02-24 21:00:00+00:00,1.04652,1.04684,1.04619,1.04679,2547
2025-02-24 22:00:00+00:00,1.04675,1.04706,1.04668,1.04692,919
2025-02-24 23:00:00+00:00,1.04692,1.04692,1.04604,1.04614,2114
2025-02-25 00:00:00+00:00,1.04614,1.04643,1.04598,1.04634,2760
2025-02-25 01:00:00+00:00,1.04634,1.04657,1.04607,1.04652,3807
2025-02-25 02:00:00+00:00,1.04653,1.04751,1.04652,1.04746,4375
2025-02-25 03:00:00+00:00,1.04747,1.04764,1.04715,1.04733,3270
2025-02-25 04:00:00+00:00,1.04734,1.04773,1.04726,1.04731,2294
2025-02-25 05:00:00+00:00,1.04732,1.04783,1.04724,1.0477,2331
2025-02-25 06:00:00+00:00,1.04769,1.04803,1.04728,1.04771,3319
2025-02-25 07:00:00+00:00,1.04771,1.04778,1.04635,1.04643,6519
2025-02-25 08:00:00+00:00,1.04645,1.04789,1.04563,1.04703,7676
2025-02-25 09:00:00+00:00,1.04703,1.04789,1.04687,1.04733,5150
2025-02-25 10:00:00+00:00,1.04737,1.04743,1.04654,1.0473,3941
2025-02-25 11:00:00+00:00,1.04731,1.04897,1.04715,1.04895,4910
2025-02-25 12:00:00+00:00,1.04896,1.05004,1.04883,1.04937,5276
2025-02-25 13:00:00+00:00,1.04936,1.05098,1.04936,1.05004,5392
2025-02-25 14:00:00+00:00,1.05006,1.0505,1.04919,1.05024,6641
2025-02-25 15:00:00+00:00,1.05027,1.05194,1.04951,1.04987,11547
2025-02-25 16:00:00+00:00,1.04986,1.05062,1.04947,1.04978,7260
2025-02-25 17:00:00+00:00,1.04978,1.05025,1.04839,1.05024,4889
2025-02-25 18:00:00+00:00,1.05024,1.05183,1.05023,1.05085,4508
2025-02-25 19:00:00+00:00,1.05086,1.05129,1.05046,1.05106,4161
2025-02-25 20:00:00+00:00,1.05105,1.05191,1.05092,1.05164,4727
2025-02-25 21:00:00+00:00,1.05162,1.05179,1.05133,1.05134,2426
2025-02-25 22:00:00+00:00,1.05153,1.05154,1.0513,1.05144,1055
2025-02-25 23:00:00+00:00,1.05144,1.05229,1.05134,1.05204,3032
2025-02-26 00:00:00+00:00,1.05204,1.05251,1.05197,1.05229,3118
2025-02-26 01:00:00+00:00,1.05228,1.05237,1.0514,1.05153,4778
2025-02-26 02:00:00+00:00,1.05154,1.0517,1.05043,1.05064,4569
2025-02-26 03:00:00+00:00,1.05065,1.05088,1.05013,1.05045,3207
2025-02-26 04:00:00+00:00,1.05044,1.05054,1.04968,1.04973,1852
2025-02-26 05:00:00+00:00,1.04972,1.04982,1.04906,1.04915,3628
2025-02-26 06:00:00+00:00,1.04915,1.04965,1.04872,1.04945,3929
2025-02-26 07:00:00+00:00,1.04945,1.05016,1.04926,1.04939,5384
2025-02-26 08:00:00+00:00,1.04938,1.05117,1.04916,1.05027,6527
2025-02-26 09:00:00+00:00,1.05027,1.05033,1.0495,1.04972,4560
2025-02-26 10:00:00+00:00,1.04972,1.05009,1.04912,1.04978,4334
2025-02-26 11:00:00+00:00,1.04977,1.05022,1.04867,1.04916,3093
2025-02-26 12:00:00+00:00,1.04916,1.04951,1.0475,1.04768,4398
2025-02-26 13:00:00+00:00,1.04767,1.04947,1.04766,1.04842,6133
2025-02-26 14:00:00+00:00,1.04837,1.04928,1.04825,1.04899,7555
2025-02-26 15:00:00+00:00,1.049,1.05092,1.04794,1.0506,9435
2025-02-26 16:00:00+00:00,1.05061,1.05157,1.05021,1.05137,6717
2025-02-26 17:00:00+00:00,1.05136,1.05289,1.04833,1.04925,16978
2025-02-26 18:00:00+00:00,1.04924,1.05006,1.0485,1.04882,9231
2025-02-26 19:00:00+00:00,1.04881,1.04935,1.04821,1.04911,6088
2025-02-26 20:00:00+00:00,1.0491,1.0491,1.04809,1.04862,4327
2025-02-26 21:00:00+00:00,1.04862,1.0488,1.04786,1.04844,2820
2025-02-26 22:00:00+00:00,1.04854,1.0489,1.0485,1.0488,594
2025-02-26 23:00:00+00:00,1.04879,1.04927,1.04865,1.04882,1287
2025-02-27 00:00:00+00:00,1.04881,1.04881,1.04768,1.04775,2717
2025-02-27 01:00:00+00:00,1.04774,1.04835,1.04731,1.04784,4208
2025-02-27 02:00:00+00:00,1.04785,1.04807,1.04704,1.0471,3876
2025-02-27 03:00:00+00:00,1.04711,1.04746,1.04648,1.04657,2758
2025-02-27 04:00:00+00:00,1.04658,1.04695,1.04592,1.04631,3284
2025-02-27 05:00:00+00:00,1.04632,1.04656,1.04617,1.04651,3444
2025-02-27 06:00:00+00:00,1.04651,1.04732,1.04639,1.04719,3839
2025-02-27 07:00:00+00:00,1.04718,1.04803,1.04687,1.04754,3804
2025-02-27 08:00:00+00:00,1.04754,1.04803,1.04705,1.04785,6307
2025-02-27 09:00:00+00:00,1.04786,1.04853,1.04753,1.04842,3965
2025-02-27 10:00:00+00:00,1.04843,1.04844,1.04739,1.04817,3481
2025-02-27 11:00:00+00:00,1.04817,1.04874,1.04759,1.04759,3177
2025-02-27 12:00:00+00:00,1.04759,1.04842,1.04733,1.04767,5100
2025-02-27 13:00:00+00:00,1.04766,1.04899,1.04194,1.04236,15087
2025-02-27 14:00:00+00:00,1.04235,1.04416,1.0414,1.04203,14097
2025-02-27 15:00:00+00:00,1.04204,1.04279,1.04097,1.04151,11644
2025-02-27 16:00:00+00:00,1.04153,1.04162,1.04033,1.04137,6037
2025-02-27 17:00:00+00:00,1.04138,1.04183,1.04003,1.04075,5063
2025-02-27 18:00:00+00:00,1.04077,1.04177,1.04077,1.04173,3367
2025-02-27 19:00:00+00:00,1.04174,1.04178,1.04034,1.04045,4646
2025-02-27 20:00:00+00:00,1.04046,1.04085,1.04016,1.04056,4892
2025-02-27 21:00:00+00:00,1.04054,1.04056,1.0397,1.03981,2948
2025-02-27 22:00:00+00:00,1.03996,1.04002,1.03894,1.03951,1101
2025-02-27 23:00:00+00:00,1.03952,1.04007,1.03924,1.03938,2088
2025-02-28 00:00:00+00:00,1.03939,1.04028,1.03939,1.04025,3584
2025-02-28 01:00:00+00:00,1.04026,1.04043,1.03846,1.0385,6738
2025-02-28 02:00:00+00:00,1.0385,1.03917,1.03801,1.03825,5688
2025-02-28 03:00:00+00:00,1.03826,1.03896,1.03814,1.03883,3641
2025-02-28 04:00:00+00:00,1.03884,1.03909,1.03861,1.03866,2582
2025-02-28 05:00:00+00:00,1.03867,1.03903,1.03843,1.0389,3247
2025-02-28 06:00:00+00:00,1.0389,1.03893,1.03828,1.03879,4678
2025-02-28 07:00:00+00:00,1.03878,1.04008,1.03857,1.03962,6114
2025-02-28 08:00:00+00:00,1.03962,1.04045,1.03953,1.04014,5466
2025-02-28 09:00:00+00:00,1.04014,1.04081,1.03945,1.03954,4933
2025-02-28 10:00:00+00:00,1.03953,1.0406,1.03925,1.03993,3047
2025-02-28 11:00:00+00:00,1.03993,1.04013,1.03937,1.03988,3210
2025-02-28 12:00:00+00:00,1.03987,1.04081,1.03982,1.0407,3589
2025-02-28 13:00:00+00:00,1.04071,1.04164,1.04054,1.04068,7738
2025-02-28 14:00:00+00:00,1.04069,1.04143,1.04011,1.041,6688
2025-02-28 15:00:00+00:00,1.04101,1.04201,1.03935,1.03999,10269
2025-02-28 16:00:00+00:00,1.04,1.04117,1.03982,1.04017,9655
2025-02-28 17:00:00+00:00,1.04018,1.04102,1.039,1.03966,6423
2025-02-28 18:00:00+00:00,1.03965,1.03983,1.03628,1.03638,15293
2025-02-28 19:00:00+00:00,1.03635,1.03739,1.03599,1.03678,7535
2025-02-28 20:00:00+00:00,1.03678,1.03772,1.03623,1.03751,7300
2025-02-28 21:00:00+00:00,1.03751,1.03771,1.03687,1.03761,4001
2025-03-02 22:00:00+00:00,1.04053,1.04053,1.03998,1.04038,1276
2025-03-02 23:00:00+00:00,1.04035,1.04213,1.03999,1.04122,5201
2025-03-03 00:00:00+00:00,1.04122,1.04202,1.04024,1.04095,6610
2025-03-03 01:00:00+00:00,1.04096,1.04233,1.04075,1.04197,7864
2025-03-03 02:00:00+00:00,1.04197,1.04235,1.04151,1.04201,4059
2025-03-03 03:00:00+00:00,1.04201,1.04202,1.04101,1.04169,5033
2025-03-03 04:00:00+00:00,1.04168,1.04207,1.04166,1.04179,2715
2025-03-03 05:00:00+00:00,1.04179,1.04195,1.04125,1.04145,3516
2025-03-03 06:00:00+00:00,1.04144,1.04165,1.04068,1.04084,4871
2025-03-03 07:00:00+00:00,1.04082,1.04104,1.04021,1.04057,5826
2025-03-03 08:00:00+00:00,1.04057,1.04069,1.03885,1.04011,7238
2025-03-03 09:00:00+00:00,1.04021,1.04291,1.04015,1.04277,5231
2025-03-03 10:00:00+00:00,1.04279,1.04447,1.04275,1.04421,8126
2025-03-03 11:00:00+00:00,1.04422,1.04581,1.04406,1.04527,7283
2025-03-03 12:00:00+00:00,1.04527,1.04763,1.04527,1.04704,7567
2025-03-03 13:00:00+00:00,1.04705,1.04766,1.04597,1.0472,6884
2025-03-03 14:00:00+00:00,1.04721,1.04908,1.04689,1.04821,9122
2025-03-03 15:00:00+00:00,1.04819,1.05037,1.04773,1.04847,13483
2025-03-03 16:00:00+00:00,1.04846,1.05015,1.0484,1.04962,6182
2025-03-03 17:00:00+00:00,1.04951,1.04969,1.04868,1.04905,4812
2025-03-03 18:00:00+00:00,1.04905,1.05041,1.04819,1.04872,7172
2025-03-03 19:00:00+00:00,1.0487,1.04938,1.04724,1.04732,10458
2025-03-03 20:00:00+00:00,1.04729,1.04853,1.04666,1.04823,17051
2025-03-03 21:00:00+00:00,1.04823,1.04928,1.04805,1.04869,5583
2025-03-03 22:00:00+00:00,1.04884,1.04891,1.04842,1.0488,1391
2025-03-03 23:00:00+00:00,1.0488,1.04924,1.04765,1.04857,3102
2025-03-04 00:00:00+00:00,1.04856,1.04888,1.04766,1.04881,6553
2025-03-04 01:00:00+00:00,1.04881,1.04963,1.04824,1.04884,10536
2025-03-04 02:00:00+00:00,1.04885,1.04901,1.04803,1.04808,5581
2025-03-04 03:00:00+00:00,1.04806,1.04839,1.04749,1.04773,5944
2025-03-04 04:00:00+00:00,1.04774,1.04806,1.04713,1.04782,5016
2025-03-04 05:00:00+00:00,1.04782,1.04864,1.04712,1.04836,6875
2025-03-04 06:00:00+00:00,1.04837,1.04899,1.04791,1.04861,5357
2025-03-04 07:00:00+00:00,1.04866,1.05006,1.0481,1.04931,8915
2025-03-04 08:00:00+00:00,1.04931,1.05241,1.04863,1.05189,12091
2025-03-04 09:00:00+00:00,1.05187,1.05274,1.05095,1.05122,7802
2025-03-04 10:00:00+00:00,1.05123,1.05196,1.05026,1.05114,7744
2025-03-04 11:00:00+00:00,1.05113,1.05446,1.05098,1.05443,6209
2025-03-04 12:00:00+00:00,1.05444,1.05571,1.05363,1.05532,9147
2025-03-04 13:00:00+00:00,1.05533,1.05597,1.05309,1.05391,11328
2025-03-04 14:00:00+00:00,1.05389,1.05486,1.05207,1.05216,13907
2025-03-04 15:00:00+00:00,1.05215,1.05281,1.04964,1.05264,13927
2025-03-04 16:00:00+00:00,1.05265,1.05397,1.05154,1.05338,10840
2025-03-04 17:00:00+00:00,1.05338,1.05441,1.05307,1.05418,11273
2025-03-04 18:00:00+00:00,1.05418,1.05912,1.05379,1.05908,12957
2025-03-04 19:00:00+00:00,1.05906,1.06019,1.05866,1.06008,8811
2025-03-04 20:00:00+00:00,1.06007,1.0624,1.06007,1.06087,11326
2025-03-04 21:00:00+00:00,1.06088,1.06277,1.06084,1.06262,9143
2025-03-04 22:00:00+00:00,1.06231,1.0626,1.06179,1.06202,1561
2025-03-04 23:00:00+00:00,1.06196,1.06373,1.06196,1.06233,4108
2025-03-05 00:00:00+00:00,1.06232,1.06275,1.06108,1.06211,7082
2025-03-05 01:00:00+00:00,1.0621,1.06277,1.06085,1.06128,14150
2025-03-05 02:00:00+00:00,1.06128,1.06156,1.06039,1.06042,9266
2025-03-05 03:00:00+00:00,1.06041,1.06208,1.06022,1.06183,8792
2025-03-05 04:00:00+00:00,1.06183,1.06261,1.06154,1.06189,5216
2025-03-05 05:00:00+00:00,1.0619,1.06326,1.0619,1.06316,3968
2025-03-05 06:00:00+00:00,1.06317,1.06392,1.06244,1.06324,7507
2025-03-05 07:00:00+00:00,1.06325,1.06765,1.06298,1.0675,12661
2025-03-05 08:00:00+00:00,1.06739,1.06998,1.06587,1.06982,14028
2025-03-05 09:00:00+00:00,1.06983,1.07222,1.06957,1.07119,11862
2025-03-05 10:00:00+00:00,1.07114,1.07152,1.06836,1.06972,8686
2025-03-05 11:00:00+00:00,1.06972,1.06986,1.06764,1.06788,7678
2025-03-05 12:00:00+00:00,1.06789,1.07141,1.06787,1.06959,9774
2025-03-05 13:00:00+00:00,1.06959,1.0723,1.06859,1.07158,15349
2025-03-05 14:00:00+00:00,1.07158,1.07771,1.0714,1.07697,18170
2025-03-05 15:00:00+00:00,1.07635,1.07715,1.07411,1.07653,20464
2025-03-05 16:00:00+00:00,1.07651,1.0787,1.07611,1.07671,15837
2025-03-05 17:00:00+00:00,1.0767,1.0788,1.07624,1.07852,11369
2025-03-05 18:00:00+00:00,1.07854,1.07888,1.07639,1.07737,13436
2025-03-05 19:00:00+00:00,1.07737,1.07909,1.07701,1.07903,7776
2025-03-05 20:00:00+00:00,1.07902,1.07968,1.07879,1.07923,5440
2025-03-05 21:00:00+00:00,1.07922,1.07928,1.07856,1.07905,5173
2025-03-05 22:00:00+00:00,1.07908,1.07932,1.07896,1.0791,1011
2025-03-05 23:00:00+00:00,1.07911,1.07952,1.07873,1.07942,2127
2025-03-06 00:00:00+00:00,1.07944,1.0803,1.07873,1.07945,5434
2025-03-06 01:00:00+00:00,1.07945,1.08203,1.07895,1.08153,7240
2025-03-06 02:00:00+00:00,1.08152,1.08192,1.07978,1.08053,8752
2025-03-06 03:00:00+00:00,1.08053,1.08054,1.07881,1.07898,5152
2025-03-06 04:00:00+00:00,1.07896,1.08044,1.07842,1.08034,4239
2025-03-06 05:00:00+00:00,1.08035,1.08118,1.08002,1.08103,5253
2025-03-06 06:00:00+00:00,1.08105,1.082,1.07992,1.08029,7294
2025-03-06 07:00:00+00:00,1.08029,1.08224,1.0792,1.07991,13856
2025-03-06 08:00:00+00:00,1.07992,1.08169,1.0793,1.08012,17422
2025-03-06 09:00:00+00:00,1.08011,1.0807,1.07803,1.08001,12250
2025-03-06 10:00:00+00:00,1.07999,1.08037,1.07829,1.07919,8737
2025-03-06 11:00:00+00:00,1.07918,1.08013,1.07833,1.07993,6369
2025-03-06 12:00:00+00:00,1.07992,1.0807,1.07888,1.08001,5822
2025-03-06 13:00:00+00:00,1.08003,1.08455,1.07909,1.08261,18311
2025-03-06 14:00:00+00:00,1.08262,1.08412,1.08115,1.08372,21996
2025-03-06 15:00:00+00:00,1.08372,1.0854,1.08115,1.08172,19308
2025-03-06 16:00:00+00:00,1.08173,1.08382,1.08154,1.08176,16133
2025-03-06 17:00:00+00:00,1.08175,1.08224,1.07917,1.07972,11142
2025-03-06 18:00:00+00:00,1.07971,1.0802,1.07659,1.07838,8656
2025-03-06 19:00:00+00:00,1.07841,1.08115,1.07829,1.08017,8483
2025-03-06 20:00:00+00:00,1.08017,1.08035,1.07855,1.07866,7131
2025-03-06 21:00:00+00:00,1.07867,1.07905,1.07751,1.07853,5023
2025-03-06 22:00:00+00:00,1.07862,1.07929,1.07829,1.07914,1875
2025-03-06 23:00:00+00:00,1.0792,1.07964,1.07847,1.07874,2347
2025-03-07 00:00:00+00:00,1.07874,1.07955,1.0787,1.07876,4016
2025-03-07 01:00:00+00:00,1.07877,1.07929,1.07812,1.07902,5910
2025-03-07 02:00:00+00:00,1.07903,1.07994,1.07846,1.07992,5775
2025-03-07 03:00:00+00:00,1.07992,1.08148,1.07965,1.08058,4179
2025-03-07 04:00:00+00:00,1.08057,1.08133,1.08031,1.08131,2455
2025-03-07 05:00:00+00:00,1.08131,1.08176,1.08077,1.08134,3172
2025-03-07 06:00:00+00:00,1.08133,1.08253,1.08082,1.08236,5853
2025-03-07 07:00:00+00:00,1.08236,1.0841,1.08201,1.083,8454
2025-03-07 08:00:00+00:00,1.08297,1.08554,1.08262,1.08509,10394
2025-03-07 09:00:00+00:00,1.08509,1.08714,1.08446,1.08615,9328
2025-03-07 10:00:00+00:00,1.08615,1.08671,1.08576,1.08608,6967
2025-03-07 11:00:00+00:00,1.08608,1.08608,1.08447,1.08495,6113
2025-03-07 12:00:00+00:00,1.08496,1.08573,1.08413,1.08544,6889
2025-03-07 13:00:00+00:00,1.08546,1.08889,1.08433,1.08452,23429
2025-03-07 14:00:00+00:00,1.08447,1.0882,1.08443,1.08538,19861
2025-03-07 15:00:00+00:00,1.08539,1.08863,1.08356,1.08703,18602
2025-03-07 16:00:00+00:00,1.08702,1.08729,1.08375,1.08588,10809
2025-03-07 17:00:00+00:00,1.08587,1.08644,1.0832,1.08434,14348
2025-03-07 18:00:00+00:00,1.08433,1.08445,1.08259,1.08401,6763
2025-03-07 19:00:00+00:00,1.08401,1.08443,1.08334,1.08427,5779
2025-03-07 20:00:00+00:00,1.08428,1.08492,1.08402,1.08474,5198
2025-03-07 21:00:00+00:00,1.08473,1.08513,1.08319,1.08332,4400
2025-03-09 21:00:00+00:00,1.0833,1.0841,1.08314,1.0841,348
2025-03-09 22:00:00+00:00,1.0841,1.08597,1.08399,1.08496,4378
2025-03-09 23:00:00+00:00,1.08497,1.08656,1.08485,1.08602,4657
2025-03-10 00:00:00+00:00,1.08603,1.08674,1.08529,1.08643,5794
2025-03-10 01:00:00+00:00,1.08644,1.08713,1.08528,1.0853,7267
2025-03-10 02:00:00+00:00,1.0853,1.0856,1.08359,1.08371,6405
2025-03-10 03:00:00+00:00,1.08371,1.08387,1.08304,1.08318,5063
2025-03-10 04:00:00+00:00,1.08318,1.08378,1.08303,1.08308,3396
2025-03-10 05:00:00+00:00,1.08306,1.08359,1.0828,1.08352,4093
2025-03-10 06:00:00+00:00,1.08353,1.08449,1.08346,1.08374,7098
2025-03-10 07:00:00+00:00,1.08373,1.08442,1.08113,1.08227,8618
2025-03-10 08:00:00+00:00,1.08228,1.08244,1.08052,1.081,11773
2025-03-10 09:00:00+00:00,1.08099,1.08568,1.08088,1.08513,10706
2025-03-10 10:00:00+00:00,1.08519,1.08747,1.08507,1.08611,9157
2025-03-10 11:00:00+00:00,1.0861,1.08646,1.08127,1.08506,12459
2025-03-10 12:00:00+00:00,1.08507,1.08602,1.08422,1.08441,9580
2025-03-10 13:00:00+00:00,1.08444,1.08509,1.08333,1.08352,8187
2025-03-10 14:00:00+00:00,1.08352,1.08468,1.08314,1.08453,10864
2025-03-10 15:00:00+00:00,1.08454,1.08481,1.08209,1.08371,9513
2025-03-10 16:00:00+00:00,1.08371,1.0842,1.08281,1.08304,7033
2025-03-10 17:00:00+00:00,1.08304,1.08457,1.08259,1.08299,6773
2025-03-10 18:00:00+00:00,1.08298,1.08353,1.0818,1.08297,8265
2025-03-10 19:00:00+00:00,1.08296,1.08328,1.08176,1.08318,7630
2025-03-10 20:00:00+00:00,1.08319,1.08366,1.08259,1.08354,4434
2025-03-10 21:00:00+00:00,1.08329,1.08365,1.08322,1.08351,387
2025-03-10 22:00:00+00:00,1.08352,1.08418,1.08333,1.08348,1783
2025-03-10 23:00:00+00:00,1.08353,1.08437,1.08352,1.08394,1760
2025-03-11 00:00:00+00:00,1.08396,1.08537,1.08394,1.08516,4253
2025-03-11 01:00:00+00:00,1.08517,1.08589,1.08437,1.08581,6303
2025-03-11 02:00:00+00:00,1.08582,1.08606,1.08502,1.08561,4918
2025-03-11 03:00:00+00:00,1.08561,1.08598,1.0849,1.08545,4153
2025-03-11 04:00:00+00:00,1.08544,1.08616,1.08506,1.08545,2640
2025-03-11 05:00:00+00:00,1.08546,1.08559,1.08356,1.08384,4258
2025-03-11 06:00:00+00:00,1.08385,1.0876,1.08368,1.08566,8306
2025-03-11 07:00:00+00:00,1.08566,1.09016,1.08554,1.08908,12288
2025-03-11 08:00:00+00:00,1.08907,1.09193,1.0885,1.09173,10943
2025-03-11 09:00:00+00:00,1.09173,1.0921,1.08962,1.09085,7368
2025-03-11 10:00:00+00:00,1.09084,1.09085,1.08825,1.08907,6409
2025-03-11 11:00:00+00:00,1.08907,1.09048,1.08813,1.09047,5421
2025-03-11 12:00:00+00:00,1.09047,1.09206,1.09022,1.09183,8063
2025-03-11 13:00:00+00:00,1.09182,1.09308,1.09116,1.09199,10277
2025-03-11 14:00:00+00:00,1.09199,1.09206,1.08951,1.09194,16804
2025-03-11 15:00:00+00:00,1.09193,1.09288,1.09123,1.09274,10195
2025-03-11 16:00:00+00:00,1.0927,1.09297,1.09181,1.09251,6314
2025-03-11 17:00:00+00:00,1.09252,1.09351,1.0924,1.09342,4898
2025-03-11 18:00:00+00:00,1.09343,1.09473,1.09252,1.09309,12877
2025-03-11 19:00:00+00:00,1.0931,1.0934,1.09198,1.09199,7486
2025-03-11 20:00:00+00:00,1.09203,1.0921,1.09102,1.09189,3016
2025-03-11 21:00:00+00:00,1.09208,1.09208,1.09116,1.09123,1351
2025-03-11 22:00:00+00:00,1.09117,1.09188,1.09117,1.09157,1412
2025-03-11 23:00:00+00:00,1.09157,1.09178,1.09133,1.09142,1473
2025-03-12 00:00:00+00:00,1.09142,1.09157,1.09057,1.0909,2528
2025-03-12 01:00:00+00:00,1.09091,1.09155,1.09062,1.09066,3572
2025-03-12 02:00:00+00:00,1.09065,1.09117,1.09035,1.09037,2464
2025-03-12 03:00:00+00:00,1.09038,1.09049,1.08963,1.08973,2308
2025-03-12 04:00:00+00:00,1.08974,1.09028,1.08959,1.0899,1933
2025-03-12 05:00:00+00:00,1.08991,1.09044,1.08952,1.09036,2182
2025-03-12 06:00:00+00:00,1.09035,1.0909,1.0892,1.08923,4492
2025-03-12 07:00:00+00:00,1.08923,1.09033,1.08875,1.09017,8041
2025-03-12 08:00:00+00:00,1.09016,1.09219,1.08979,1.09215,14002
2025-03-12 09:00:00+00:00,1.09216,1.09266,1.09134,1.09146,9711
2025-03-12 10:00:00+00:00,1.09145,1.09211,1.09046,1.09064,6199
2025-03-12 11:00:00+00:00,1.09063,1.0913,1.08995,1.0901,6676
2025-03-12 12:00:00+00:00,1.0901,1.09325,1.08762,1.08781,18602
2025-03-12 13:00:00+00:00,1.08781,1.08964,1.08757,1.08822,16007
2025-03-12 14:00:00+00:00,1.08823,1.09137,1.08812,1.09129,11265
2025-03-12 15:00:00+00:00,1.09128,1.09244,1.091,1.09244,10304
2025-03-12 16:00:00+00:00,1.09244,1.0928,1.09057,1.09059,7177
2025-03-12 17:00:00+00:00,1.09058,1.09143,1.09034,1.0907,5844
2025-03-12 18:00:00+00:00,1.09069,1.09097,1.08798,1.08846,6203
2025-03-12 19:00:00+00:00,1.08847,1.08978,1.08831,1.08903,5975
2025-03-12 20:00:00+00:00,1.08903,1.08938,1.08865,1.08879,2532
2025-03-12 21:00:00+00:00,1.08904,1.08904,1.0886,1.08868,358
2025-03-12 22:00:00+00:00,1.0887,1.089,1.08868,1.08892,836
2025-03-12 23:00:00+00:00,1.08891,1.089,1.08834,1.08856,1323
2025-03-13 00:00:00+00:00,1.08857,1.0892,1.08828,1.08917,1794
2025-03-13 01:00:00+00:00,1.08916,1.08935,1.08866,1.08892,3277
2025-03-13 02:00:00+00:00,1.08891,1.08973,1.08889,1.08955,2465
2025-03-13 03:00:00+00:00,1.08956,1.08956,1.08851,1.08851,1880
2025-03-13 04:00:00+00:00,1.0885,1.08937,1.08819,1.08936,1766
2025-03-13 05:00:00+00:00,1.08936,1.08936,1.08793,1.08852,2832
2025-03-13 06:00:00+00:00,1.08852,1.08855,1.08695,1.08742,3913
2025-03-13 07:00:00+00:00,1.08747,1.08852,1.08599,1.08655,7857
2025-03-13 08:00:00+00:00,1.08655,1.08841,1.08592,1.08733,11952
2025-03-13 09:00:00+00:00,1.08732,1.08855,1.08688,1.08793,6615
2025-03-13 10:00:00+00:00,1.08796,1.0883,1.08625,1.08702,6040
2025-03-13 11:00:00+00:00,1.08701,1.0875,1.08449,1.08563,8135
2025-03-13 12:00:00+00:00,1.08563,1.08784,1.08262,1.08348,15394
2025-03-13 13:00:00+00:00,1.0835,1.08533,1.08226,1.08475,10466
2025-03-13 14:00:00+00:00,1.08474,1.08698,1.08461,1.08654,10348
2025-03-13 15:00:00+00:00,1.08653,1.0872,1.08544,1.08585,11920
2025-03-13 16:00:00+00:00,1.08585,1.08784,1.08552,1.08726,8624
2025-03-13 17:00:00+00:00,1.08726,1.08735,1.08544,1.08548,7076
2025-03-13 18:00:00+00:00,1.08547,1.08581,1.08522,1.08537,5133
2025-03-13 19:00:00+00:00,1.08538,1.08569,1.08477,1.08483,4474
2025-03-13 20:00:00+00:00,1.08483,1.0856,1.08466,1.08527,2493
2025-03-13 21:00:00+00:00,1.08503,1.08533,1.0849,1.08533,756
2025-03-13 22:00:00+00:00,1.08532,1.08558,1.08514,1.08525,732
2025-03-13 23:00:00+00:00,1.08525,1.08551,1.08503,1.0855,1675
2025-03-14 00:00:00+00:00,1.08549,1.08586,1.08483,1.08493,2686
2025-03-14 01:00:00+00:00,1.08493,1.08494,1.08407,1.0841,3132
2025-03-14 02:00:00+00:00,1.08411,1.08432,1.08344,1.08403,2009
2025-03-14 03:00:00+00:00,1.08401,1.0846,1.08378,1.08457,2268
2025-03-14 04:00:00+00:00,1.08456,1.08463,1.08377,1.08412,1638
2025-03-14 05:00:00+00:00,1.08411,1.08515,1.0841,1.08509,2228
2025-03-14 06:00:00+00:00,1.085,1.08504,1.08351,1.08385,3741
2025-03-14 07:00:00+00:00,1.08383,1.08473,1.08306,1.08394,8131
2025-03-14 08:00:00+00:00,1.08393,1.0857,1.08353,1.0854,7386
2025-03-14 09:00:00+00:00,1.08541,1.08623,1.0847,1.08524,6284
2025-03-14 10:00:00+00:00,1.0852,1.09128,1.08517,1.08951,14578
2025-03-14 11:00:00+00:00,1.0895,1.09096,1.08876,1.08968,11383
2025-03-14 12:00:00+00:00,1.08968,1.09115,1.08902,1.08947,7697
2025-03-14 13:00:00+00:00,1.08948,1.08981,1.08704,1.08744,9056
2025-03-14 14:00:00+00:00,1.08744,1.08866,1.08655,1.08779,10780
2025-03-14 15:00:00+00:00,1.0878,1.08868,1.08669,1.08715,8789
2025-03-14 16:00:00+00:00,1.08716,1.08899,1.08704,1.08831,6368
2025-03-14 17:00:00+00:00,1.08831,1.08881,1.08792,1.08823,3926
2025-03-14 18:00:00+00:00,1.08822,1.08865,1.08734,1.08803,4216
2025-03-14 19:00:00+00:00,1.08802,1.08848,1.08784,1.08832,2892
2025-03-14 20:00:00+00:00,1.08831,1.08859,1.08763,1.08786,1993
2025-03-16 21:00:00+00:00,1.08824,1.08828,1.08779,1.08809,654
2025-03-16 22:00:00+00:00,1.0881,1.08855,1.08748,1.08815,2948
2025-03-16 23:00:00+00:00,1.08816,1.08855,1.08792,1.08796,1688
2025-03-17 00:00:00+00:00,1.08796,1.08829,1.08757,1.08796,1707
2025-03-17 01:00:00+00:00,1.08797,1.08904,1.08743,1.0883,2877
2025-03-17 02:00:00+00:00,1.08826,1.08859,1.08795,1.08814,1790
2025-03-17 03:00:00+00:00,1.08812,1.08864,1.08769,1.08836,1451
2025-03-17 04:00:00+00:00,1.08837,1.08941,1.08776,1.08823,2546
2025-03-17 05:00:00+00:00,1.08822,1.08825,1.08738,1.08777,2002
2025-03-17 06:00:00+00:00,1.08778,1.08844,1.08735,1.08779,3154
2025-03-17 07:00:00+00:00,1.08779,1.08845,1.08687,1.08764,6445
2025-03-17 08:00:00+00:00,1.08764,1.0887,1.08706,1.08838,6971
2025-03-17 09:00:00+00:00,1.08839,1.09006,1.08771,1.09,6177
2025-03-17 10:00:00+00:00,1.09,1.091,1.08964,1.0908,4816
2025-03-17 11:00:00+00:00,1.09081,1.0912,1.08962,1.09021,4070
2025-03-17 12:00:00+00:00,1.09021,1.09094,1.08874,1.09018,10163
2025-03-17 13:00:00+00:00,1.09019,1.09065,1.08972,1.09049,7717
2025-03-17 14:00:00+00:00,1.0905,1.09187,1.09022,1.09161,8994
2025-03-17 15:00:00+00:00,1.0916,1.09297,1.09158,1.09215,7338
2025-03-17 16:00:00+00:00,1.09216,1.09263,1.09145,1.09212,3948
2025-03-17 17:00:00+00:00,1.09213,1.0924,1.09117,1.09142,3399
2025-03-17 18:00:00+00:00,1.09141,1.09265,1.09128,1.09255,3897
2025-03-17 19:00:00+00:00,1.09254,1.09254,1.09185,1.09208,2566
2025-03-17 20:00:00+00:00,1.09211,1.09279,1.09204,1.09227,2511
2025-03-17 21:00:00+00:00,1.09223,1.09236,1.09189,1.09232,572
2025-03-17 22:00:00+00:00,1.0923,1.09232,1.09193,1.09214,992
2025-03-17 23:00:00+00:00,1.09214,1.09219,1.09182,1.09182,1073
2025-03-18 00:00:00+00:00,1.09182,1.09212,1.09151,1.09162,2146
2025-03-18 01:00:00+00:00,1.0916,1.09193,1.09123,1.09134,2625
2025-03-18 02:00:00+00:00,1.09135,1.09162,1.0908,1.09087,2289
2025-03-18 03:00:00+00:00,1.09087,1.09112,1.09065,1.09085,1096
2025-03-18 04:00:00+00:00,1.09086,1.09116,1.0908,1.09112,1009
2025-03-18 05:00:00+00:00,1.09113,1.09135,1.09074,1.0908,1323
2025-03-18 06:00:00+00:00,1.09081,1.09215,1.09036,1.09209,3181
2025-03-18 07:00:00+00:00,1.09207,1.09367,1.09163,1.09353,5850
2025-03-18 08:00:00+00:00,1.09352,1.09547,1.09331,1.09515,6304
2025-03-18 09:00:00+00:00,1.09516,1.09533,1.09396,1.09504,6045
2025-03-18 10:00:00+00:00,1.09502,1.09524,1.09319,1.09342,7444
2025-03-18 11:00:00+00:00,1.09342,1.09373,1.09143,1.09164,6465
2025-03-18 12:00:00+00:00,1.09166,1.09239,1.08926,1.09116,6911
2025-03-18 13:00:00+00:00,1.09117,1.09208,1.09016,1.09126,8558
2025-03-18 14:00:00+00:00,1.09127,1.09198,1.09071,1.09169,8171
2025-03-18 15:00:00+00:00,1.09175,1.09342,1.08967,1.09267,9929
2025-03-18 16:00:00+00:00,1.09266,1.09401,1.09236,1.09388,5846
2025-03-18 17:00:00+00:00,1.09387,1.09518,1.09387,1.095,6428
2025-03-18 18:00:00+00:00,1.09502,1.09514,1.09405,1.09442,3527
2025-03-18 19:00:00+00:00,1.09442,1.09498,1.09416,1.09463,3909
2025-03-18 20:00:00+00:00,1.09462,1.09488,1.09428,1.09449,1822
2025-03-18 21:00:00+00:00,1.09451,1.09465,1.09425,1.0945,772
2025-03-18 22:00:00+00:00,1.09452,1.09463,1.09405,1.0942,1081
2025-03-18 23:00:00+00:00,1.0942,1.09438,1.09377,1.09387,877
2025-03-19 00:00:00+00:00,1.09387,1.0939,1.09319,1.09347,1873
2025-03-19 01:00:00+00:00,1.09347,1.09374,1.09338,1.09372,1509
2025-03-19 02:00:00+00:00,1.09372,1.09451,1.09356,1.09409,1636
2025-03-19 03:00:00+00:00,1.0941,1.09438,1.09329,1.09383,1299
2025-03-19 04:00:00+00:00,1.09383,1.09383,1.09283,1.093,1249
2025-03-19 05:00:00+00:00,1.093,1.09363,1.093,1.09315,1627
2025-03-19 06:00:00+00:00,1.09314,1.09326,1.09207,1.09208,3727
2025-03-19 07:00:00+00:00,1.09208,1.09231,1.08732,1.08928,11243
2025-03-19 08:00:00+00:00,1.0893,1.09106,1.08922,1.09073,7341
2025-03-19 09:00:00+00:00,1.09074,1.09104,1.08957,1.09027,5449
2025-03-19 10:00:00+00:00,1.09028,1.09043,1.08914,1.08999,3872
2025-03-19 11:00:00+00:00,1.08998,1.09135,1.08939,1.09084,4436
2025-03-19 12:00:00+00:00,1.09086,1.09177,1.08993,1.09013,7750
2025-03-19 13:00:00+00:00,1.09015,1.0904,1.08929,1.08944,8188
2025-03-19 14:00:00+00:00,1.08945,1.09006,1.08819,1.08839,6872
2025-03-19 15:00:00+00:00,1.0884,1.08881,1.08755,1.0877,5048
2025-03-19 16:00:00+00:00,1.08771,1.08863,1.08761,1.08852,4132
2025-03-19 17:00:00+00:00,1.08852,1.08855,1.08605,1.08699,5547
2025-03-19 18:00:00+00:00,1.08694,1.09133,1.08644,1.09081,22437
2025-03-19 19:00:00+00:00,1.09075,1.0913,1.08851,1.0899,11265
2025-03-19 20:00:00+00:00,1.08985,1.09063,1.0896,1.0903,2471
2025-03-19 21:00:00+00:00,1.09034,1.09056,1.09032,1.09055,435
2025-03-19 22:00:00+00:00,1.09057,1.09132,1.09036,1.09086,1565
2025-03-19 23:00:00+00:00,1.09086,1.0912,1.09053,1.09118,1298
2025-03-20 00:00:00+00:00,1.09118,1.09167,1.09039,1.09125,3359
2025-03-20 01:00:00+00:00,1.09126,1.09132,1.09035,1.0906,3240
2025-03-20 02:00:00+00:00,1.09059,1.09174,1.09055,1.09092,2932
2025-03-20 03:00:00+00:00,1.09091,1.09141,1.09072,1.09097,2015
2025-03-20 04:00:00+00:00,1.09098,1.09106,1.09004,1.09034,1482
2025-03-20 05:00:00+00:00,1.09034,1.09034,1.08909,1.08956,2091
2025-03-20 06:00:00+00:00,1.08955,1.0899,1.08899,1.08936,3258
2025-03-20 07:00:00+00:00,1.08934,1.08944,1.08647,1.08795,6227
2025-03-20 08:00:00+00:00,1.08796,1.08858,1.08631,1.08654,7632
2025-03-20 09:00:00+00:00,1.08653,1.08686,1.08384,1.08523,8394
2025-03-20 10:00:00+00:00,1.08527,1.08547,1.08335,1.08459,7740
2025-03-20 11:00:00+00:00,1.0846,1.08519,1.08393,1.08495,5311
2025-03-20 12:00:00+00:00,1.08495,1.08557,1.08309,1.08339,7886
2025-03-20 13:00:00+00:00,1.0834,1.08393,1.08148,1.08252,9159
2025-03-20 14:00:00+00:00,1.08251,1.08388,1.08227,1.08296,9025
2025-03-20 15:00:00+00:00,1.08295,1.08494,1.08235,1.08473,8016
2025-03-20 16:00:00+00:00,1.08474,1.08524,1.08423,1.08488,6360
2025-03-20 17:00:00+00:00,1.08488,1.0852,1.08391,1.08446,3805
2025-03-20 18:00:00+00:00,1.08445,1.08497,1.08421,1.08484,3311
2025-03-20 19:00:00+00:00,1.08485,1.08544,1.08473,1.08532,3363
2025-03-20 20:00:00+00:00,1.08532,1.08592,1.08517,1.08522,1472
2025-03-20 21:00:00+00:00,1.0851,1.08555,1.0851,1.08552,508
2025-03-20 22:00:00+00:00,1.08552,1.0859,1.08537,1.08573,961
2025-03-20 23:00:00+00:00,1.08574,1.08578,1.08534,1.08534,1117
2025-03-21 00:00:00+00:00,1.08534,1.08588,1.08509,1.08532,2622
2025-03-21 01:00:00+00:00,1.08531,1.08557,1.08485,1.08524,3413
2025-03-21 02:00:00+00:00,1.08524,1.08552,1.08423,1.08443,2614
2025-03-21 03:00:00+00:00,1.08442,1.08465,1.08336,1.08347,2298
2025-03-21 04:00:00+00:00,1.08348,1.08366,1.08278,1.08303,1530
2025-03-21 05:00:00+00:00,1.08302,1.08303,1.08199,1.08286,2569
2025-03-21 06:00:00+00:00,1.08283,1.08375,1.08245,1.08342,3444
2025-03-21 07:00:00+00:00,1.08343,1.08418,1.0827,1.0839,5757
2025-03-21 08:00:00+00:00,1.08389,1.08457,1.08241,1.0836,6433
2025-03-21 09:00:00+00:00,1.08358,1.08391,1.08247,1.08258,4305
2025-03-21 10:00:00+00:00,1.08257,1.0839,1.08257,1.08371,4199
2025-03-21 11:00:00+00:00,1.0837,1.08514,1.08352,1.08509,4341
2025-03-21 12:00:00+00:00,1.08508,1.08614,1.08298,1.08323,8639
2025-03-21 13:00:00+00:00,1.08321,1.08361,1.08251,1.08322,8443
2025-03-21 14:00:00+00:00,1.08324,1.08357,1.08187,1.08238,7415
2025-03-21 15:00:00+00:00,1.08238,1.08293,1.07973,1.08063,7802
2025-03-21 16:00:00+00:00,1.08063,1.08251,1.08047,1.08183,8094
2025-03-21 17:00:00+00:00,1.08182,1.08257,1.08053,1.08227,5453
2025-03-21 18:00:00+00:00,1.08227,1.08269,1.08148,1.0821,4334
2025-03-21 19:00:00+00:00,1.08211,1.08245,1.08153,1.08178,3439
2025-03-21 20:00:00+00:00,1.08177,1.08177,1.08118,1.08156,2349
2025-03-23 21:00:00+00:00,1.08156,1.08199,1.0814,1.08181,538
2025-03-23 22:00:00+00:00,1.08181,1.08303,1.08165,1.08199,2930
2025-03-23 23:00:00+00:00,1.08201,1.08372,1.0819,1.0836,2360
2025-03-24 00:00:00+00:00,1.0836,1.08401,1.08333,1.08373,2550
2025-03-24 01:00:00+00:00,1.08375,1.08376,1.08229,1.08262,3672
2025-03-24 02:00:00+00:00,1.08262,1.08322,1.08245,1.08251,2498
2025-03-24 03:00:00+00:00,1.08252,1.08295,1.08202,1.08205,2507
2025-03-24 04:00:00+00:00,1.08204,1.08245,1.08171,1.0823,1988
2025-03-24 05:00:00+00:00,1.08226,1.08309,1.08183,1.08292,2871
2025-03-24 06:00:00+00:00,1.08292,1.08448,1.08282,1.08397,4231
2025-03-24 07:00:00+00:00,1.08396,1.085,1.0833,1.08383,5958
2025-03-24 08:00:00+00:00,1.08383,1.08585,1.08376,1.08432,10232
2025-03-24 09:00:00+00:00,1.08435,1.08451,1.08284,1.08394,6441
2025-03-24 10:00:00+00:00,1.08397,1.08548,1.08365,1.08481,5045
2025-03-24 11:00:00+00:00,1.08481,1.08495,1.08324,1.08327,4139
2025-03-24 12:00:00+00:00,1.08325,1.08347,1.08217,1.08297,6142
2025-03-24 13:00:00+00:00,1.08298,1.08308,1.07927,1.07933,8450
2025-03-24 14:00:00+00:00,1.07928,1.08203,1.07905,1.07995,9453
2025-03-24 15:00:00+00:00,1.07996,1.08056,1.07907,1.0794,8408
2025-03-24 16:00:00+00:00,1.07941,1.08074,1.07817,1.0792,6708
2025-03-24 17:00:00+00:00,1.07918,1.07964,1.07849,1.07877,4693
2025-03-24 18:00:00+00:00,1.07876,1.08133,1.07841,1.08053,5380
2025-03-24 19:00:00+00:00,1.08054,1.08072,1.07973,1.08023,2096
2025-03-24 20:00:00+00:00,1.08022,1.08064,1.08001,1.08011,2582
2025-03-24 21:00:00+00:00,1.08014,1.08021,1.07973,1.08009,949
2025-03-24 22:00:00+00:00,1.08005,1.0803,1.07951,1.08025,944
2025-03-24 23:00:00+00:00,1.08025,1.08037,1.08006,1.08026,869
2025-03-25 00:00:00+00:00,1.08024,1.08028,1.07962,1.08004,1946
2025-03-25 01:00:00+00:00,1.08003,1.08085,1.08,1.08024,2639
2025-03-25 02:00:00+00:00,1.08023,1.08051,1.07943,1.07967,2346
2025-03-25 03:00:00+00:00,1.07966,1.08036,1.0796,1.08031,1972
2025-03-25 04:00:00+00:00,1.08032,1.08091,1.08028,1.08035,2240
2025-03-25 05:00:00+00:00,1.08034,1.08073,1.08013,1.08031,1745
2025-03-25 06:00:00+00:00,1.0803,1.08047,1.0793,1.07947,2944
2025-03-25 07:00:00+00:00,1.07947,1.08021,1.07852,1.07875,4724
2025-03-25 08:00:00+00:00,1.07876,1.07923,1.07769,1.07905,7141
2025-03-25 09:00:00+00:00,1.07906,1.08041,1.07876,1.08006,6169
2025-03-25 10:00:00+00:00,1.08006,1.08245,1.08,1.08203,6331
2025-03-25 11:00:00+00:00,1.08202,1.08278,1.08109,1.08181,5564
2025-03-25 12:00:00+00:00,1.08179,1.08302,1.08158,1.08252,5580
2025-03-25 13:00:00+00:00,1.08253,1.08279,1.0814,1.08165,6529
2025-03-25 14:00:00+00:00,1.08173,1.08218,1.0802,1.08128,8382
2025-03-25 15:00:00+00:00,1.08128,1.08198,1.07974,1.08033,7678
2025-03-25 16:00:00+00:00,1.08032,1.08133,1.0802,1.08066,4317
2025-03-25 17:00:00+00:00,1.08072,1.0817,1.0806,1.08096,3045
2025-03-25 18:00:00+00:00,1.08095,1.08095,1.07972,1.07984,3138
2025-03-25 19:00:00+00:00,1.07985,1.08019,1.0791,1.07956,3887
2025-03-25 20:00:00+00:00,1.07955,1.0796,1.07901,1.07911,1674
2025-03-25 21:00:00+00:00,1.07946,1.07948,1.07914,1.07925,383
2025-03-25 22:00:00+00:00,1.07926,1.07932,1.07879,1.07887,1113
2025-03-25 23:00:00+00:00,1.07887,1.0789,1.07854,1.0789,969
2025-03-26 00:00:00+00:00,1.0789,1.07924,1.07837,1.07844,1817
2025-03-26 01:00:00+00:00,1.07845,1.07956,1.07782,1.07937,3764
2025-03-26 02:00:00+00:00,1.07938,1.07972,1.07903,1.07954,1701
2025-03-26 03:00:00+00:00,1.07954,1.07962,1.0784,1.0786,1616
2025-03-26 04:00:00+00:00,1.0787,1.07879,1.07812,1.07843,1427
2025-03-26 05:00:00+00:00,1.07842,1.07872,1.07779,1.07854,2226
2025-03-26 06:00:00+00:00,1.07853,1.07885,1.07822,1.07872,2909
2025-03-26 07:00:00+00:00,1.07871,1.07916,1.07813,1.07862,6988
2025-03-26 08:00:00+00:00,1.07864,1.07999,1.07854,1.07993,6458
2025-03-26 09:00:00+00:00,1.0799,1.08028,1.0793,1.07959,3917
2025-03-26 10:00:00+00:00,1.07959,1.08017,1.07867,1.07919,4026
2025-03-26 11:00:00+00:00,1.07921,1.0798,1.07889,1.07924,3757
2025-03-26 12:00:00+00:00,1.07923,1.07938,1.07819,1.07845,6102
2025-03-26 13:00:00+00:00,1.07847,1.07909,1.07676,1.07747,7769
2025-03-26 14:00:00+00:00,1.07747,1.07955,1.07731,1.07908,8250
2025-03-26 15:00:00+00:00,1.07909,1.07946,1.07676,1.07808,6442
2025-03-26 16:00:00+00:00,1.07809,1.0792,1.0777,1.07877,5733
2025-03-26 17:00:00+00:00,1.07877,1.07895,1.0752,1.07568,8056
2025-03-26 18:00:00+00:00,1.07567,1.07615,1.07533,1.07554,5324
2025-03-26 19:00:00+00:00,1.07553,1.0756,1.0744,1.07516,4118
2025-03-26 20:00:00+00:00,1.07516,1.0757,1.07506,1.07544,2549
2025-03-26 21:00:00+00:00,1.07572,1.07572,1.07355,1.07377,1942
2025-03-26 22:00:00+00:00,1.07376,1.07446,1.07331,1.07373,3697
2025-03-26 23:00:00+00:00,1.07372,1.07446,1.07357,1.07412,2555
2025-03-27 00:00:00+00:00,1.07412,1.07575,1.07409,1.07557,2810
2025-03-27 01:00:00+00:00,1.07558,1.0769,1.07553,1.07653,3151
2025-03-27 02:00:00+00:00,1.07653,1.07802,1.0765,1.07759,2532
2025-03-27 03:00:00+00:00,1.0776,1.07799,1.07731,1.07783,1277
2025-03-27 04:00:00+00:00,1.07784,1.07871,1.07772,1.07804,1417
2025-03-27 05:00:00+00:00,1.07804,1.07813,1.07637,1.07693,2346
2025-03-27 06:00:00+00:00,1.0769,1.07827,1.07683,1.07732,3205
2025-03-27 07:00:00+00:00,1.07732,1.07745,1.07542,1.07649,7865
2025-03-27 08:00:00+00:00,1.0765,1.07768,1.07556,1.0776,9876
2025-03-27 09:00:00+00:00,1.07757,1.07792,1.07611,1.07709,5776
2025-03-27 10:00:00+00:00,1.0771,1.07818,1.07666,1.07818,5368
2025-03-27 11:00:00+00:00,1.07817,1.07997,1.07787,1.0787,5242
2025-03-27 12:00:00+00:00,1.07871,1.07984,1.07833,1.07872,6253
2025-03-27 13:00:00+00:00,1.07873,1.07973,1.07766,1.07805,7761
2025-03-27 14:00:00+00:00,1.07803,1.07949,1.07774,1.07893,7836
2025-03-27 15:00:00+00:00,1.07894,1.08213,1.07855,1.07998,9818
2025-03-27 16:00:00+00:00,1.07997,1.08,1.07918,1.07992,5892
2025-03-27 17:00:00+00:00,1.07992,1.08088,1.07895,1.07898,4207
2025-03-27 18:00:00+00:00,1.07895,1.07985,1.07892,1.0791,3380
2025-03-27 19:00:00+00:00,1.0791,1.07997,1.07884,1.07949,2778
2025-03-27 20:00:00+00:00,1.07949,1.08026,1.0794,1.08013,1168
2025-03-27 21:00:00+00:00,1.07988,1.08002,1.07967,1.07976,505
2025-03-27 22:00:00+00:00,1.07976,1.07989,1.07956,1.07963,730
2025-03-27 23:00:00+00:00,1.07964,1.08015,1.07963,1.08009,1037
2025-03-28 00:00:00+00:00,1.08008,1.08008,1.07884,1.0795,2426
2025-03-28 01:00:00+00:00,1.0795,1.07988,1.07916,1.07937,2635
2025-03-28 02:00:00+00:00,1.07937,1.07969,1.07903,1.07948,1683
2025-03-28 03:00:00+00:00,1.07952,1.0797,1.0791,1.0792,1291
2025-03-28 04:00:00+00:00,1.0792,1.07932,1.07847,1.07886,1531
2025-03-28 05:00:00+00:00,1.07887,1.07931,1.07866,1.07914,2179
2025-03-28 06:00:00+00:00,1.07909,1.07923,1.07828,1.07853,2204
2025-03-28 07:00:00+00:00,1.07853,1.08,1.07817,1.07875,5481
2025-03-28 08:00:00+00:00,1.07872,1.07966,1.07754,1.07783,6360
2025-03-28 09:00:00+00:00,1.07783,1.07806,1.07689,1.07737,4842
2025-03-28 10:00:00+00:00,1.07738,1.07789,1.07678,1.07693,3643
2025-03-28 11:00:00+00:00,1.07688,1.07751,1.07647,1.07719,3022
2025-03-28 12:00:00+00:00,1.07719,1.07921,1.07656,1.07891,6968
2025-03-28 13:00:00+00:00,1.07891,1.08169,1.07848,1.08108,9828
2025-03-28 14:00:00+00:00,1.0811,1.08315,1.08097,1.08231,9369
2025-03-28 15:00:00+00:00,1.08232,1.08448,1.08193,1.08252,9052
2025-03-28 16:00:00+00:00,1.08252,1.08333,1.08202,1.08217,5282
2025-03-28 17:00:00+00:00,1.08218,1.08289,1.08122,1.08196,4401
2025-03-28 18:00:00+00:00,1.08195,1.0828,1.08138,1.08246,4526
2025-03-28 19:00:00+00:00,1.08246,1.08287,1.08232,1.08256,3926
2025-03-28 20:00:00+00:00,1.08255,1.08363,1.08253,1.08286,2564
2025-03-30 21:00:00+00:00,1.08266,1.08292,1.08155,1.08165,411
2025-03-30 22:00:00+00:00,1.08164,1.08225,1.08055,1.08209,5922
2025-03-30 23:00:00+00:00,1.08211,1.08296,1.08106,1.08237,9245
2025-03-31 00:00:00+00:00,1.08238,1.08417,1.08233,1.08417,9493
2025-03-31 01:00:00+00:00,1.08416,1.08456,1.08311,1.08328,7901
2025-03-31 02:00:00+00:00,1.08328,1.08459,1.08292,1.08407,5563
2025-03-31 03:00:00+00:00,1.08407,1.08416,1.08326,1.08331,3778
2025-03-31 04:00:00+00:00,1.08332,1.0836,1.08313,1.08343,3549
2025-03-31 05:00:00+00:00,1.08342,1.08431,1.08312,1.08344,4657
2025-03-31 06:00:00+00:00,1.08345,1.08451,1.08249,1.08374,13062
2025-03-31 07:00:00+00:00,1.08373,1.08495,1.08209,1.08319,20323
2025-03-31 08:00:00+00:00,1.08318,1.08344,1.08117,1.08275,14688
2025-03-31 09:00:00+00:00,1.08274,1.08306,1.08147,1.08163,9194
2025-03-31 10:00:00+00:00,1.08163,1.0821,1.08055,1.08185,8706
2025-03-31 11:00:00+00:00,1.08186,1.08294,1.08153,1.08198,10017
2025-03-31 12:00:00+00:00,1.08198,1.08211,1.08011,1.08038,10413
2025-03-31 13:00:00+00:00,1.08037,1.08216,1.08027,1.08081,13766
2025-03-31 14:00:00+00:00,1.0808,1.08089,1.0784,1.08022,23439
2025-03-31 15:00:00+00:00,1.08021,1.08169,1.07906,1.07943,27098
2025-03-31 16:00:00+00:00,1.07942,1.08163,1.07851,1.08118,12403
2025-03-31 17:00:00+00:00,1.08117,1.08177,1.08079,1.08149,6280
2025-03-31 18:00:00+00:00,1.08148,1.08182,1.08071,1.08149,5912
2025-03-31 19:00:00+00:00,1.0815,1.08199,1.0812,1.08142,5707
2025-03-31 20:00:00+00:00,1.08143,1.0819,1.08094,1.08154,3154
2025-03-31 21:00:00+00:00,1.08185,1.08204,1.08173,1.08201,358
2025-03-31 22:00:00+00:00,1.08195,1.08199,1.08162,1.08185,1886
2025-03-31 23:00:00+00:00,1.08185,1.08198,1.08142,1.08177,2676
2025-04-01 00:00:00+00:00,1.08176,1.08267,1.08176,1.08253,4646
2025-04-01 01:00:00+00:00,1.08252,1.08268,1.0817,1.08206,4778
2025-04-01 02:00:00+00:00,1.08207,1.08283,1.08201,1.08242,4096
2025-04-01 03:00:00+00:00,1.08243,1.08281,1.08213,1.08269,3456
2025-04-01 04:00:00+00:00,1.08268,1.08301,1.08249,1.08252,3093
2025-04-01 05:00:00+00:00,1.08253,1.08255,1.08066,1.08072,5536
2025-04-01 06:00:00+00:00,1.08073,1.08106,1.07991,1.08084,10405
2025-04-01 07:00:00+00:00,1.08083,1.08126,1.07993,1.08019,13346
2025-04-01 08:00:00+00:00,1.08019,1.08181,1.08005,1.08179,8555
2025-04-01 09:00:00+00:00,1.08179,1.08293,1.08148,1.08174,11817
2025-04-01 10:00:00+00:00,1.08175,1.08186,1.07902,1.07983,18727
2025-04-01 11:00:00+00:00,1.07982,1.07985,1.07784,1.07811,15137
2025-04-01 12:00:00+00:00,1.07813,1.07954,1.07812,1.07873,10559
2025-04-01 13:00:00+00:00,1.07874,1.07955,1.07794,1.07875,13398
2025-04-01 14:00:00+00:00,1.07862,1.08126,1.07851,1.08076,26333
2025-04-01 15:00:00+00:00,1.08077,1.08124,1.07985,1.07994,16830
2025-04-01 16:00:00+00:00,1.07993,1.08032,1.07927,1.07998,9765
2025-04-01 17:00:00+00:00,1.07999,1.08048,1.07913,1.07931,5428
2025-04-01 18:00:00+00:00,1.0793,1.07949,1.07853,1.07872,6257
2025-04-01 19:00:00+00:00,1.07873,1.07909,1.07855,1.07898,4993
2025-04-01 20:00:00+00:00,1.07897,1.08025,1.07887,1.07913,5009
2025-04-01 21:00:00+00:00,1.07907,1.07961,1.07891,1.07943,466
2025-04-01 22:00:00+00:00,1.07941,1.08083,1.07929,1.07993,4474
2025-04-01 23:00:00+00:00,1.07993,1.08,1.07944,1.07944,3175
2025-04-02 00:00:00+00:00,1.07945,1.07952,1.07891,1.07904,4867
2025-04-02 01:00:00+00:00,1.07905,1.0795,1.07872,1.07948,4301
2025-04-02 02:00:00+00:00,1.07949,1.08019,1.07943,1.07945,3470
2025-04-02 03:00:00+00:00,1.07946,1.08,1.07939,1.07959,2198
2025-04-02 04:00:00+00:00,1.07958,1.07976,1.07926,1.07928,1744
2025-04-02 05:00:00+00:00,1.07927,1.07928,1.07862,1.07896,3312
2025-04-02 06:00:00+00:00,1.07897,1.07965,1.07875,1.07929,7653
2025-04-02 07:00:00+00:00,1.07928,1.07948,1.07802,1.07918,8908
2025-04-02 08:00:00+00:00,1.07917,1.08019,1.07906,1.07977,7341
2025-04-02 09:00:00+00:00,1.07976,1.08083,1.07959,1.08062,7108
2025-04-02 10:00:00+00:00,1.08061,1.08069,1.07861,1.07948,10170
2025-04-02 11:00:00+00:00,1.07947,1.08064,1.07912,1.08026,6840
2025-04-02 12:00:00+00:00,1.08026,1.08197,1.07964,1.08194,6138
2025-04-02 13:00:00+00:00,1.08191,1.08293,1.08148,1.08264,7932
2025-04-02 14:00:00+00:00,1.08266,1.08617,1.08191,1.08584,10343
2025-04-02 15:00:00+00:00,1.08586,1.08732,1.08512,1.08674,8942
2025-04-02 16:00:00+00:00,1.08674,1.08677,1.08469,1.08523,5879
2025-04-02 17:00:00+00:00,1.08523,1.08597,1.085,1.08518,4294
2025-04-02 18:00:00+00:00,1.08518,1.08594,1.0848,1.08542,4148
2025-04-02 19:00:00+00:00,1.08542,1.08562,1.0847,1.085,4021
2025-04-02 20:00:00+00:00,1.08499,1.09242,1.0811,1.08534,29133
2025-04-02 21:00:00+00:00,1.08492,1.08563,1.08109,1.08275,2048
2025-04-02 22:00:00+00:00,1.08273,1.08397,1.08053,1.08389,9940
2025-04-02 23:00:00+00:00,1.08392,1.09111,1.08379,1.09044,15649
2025-04-03 00:00:00+00:00,1.0904,1.09075,1.08798,1.08907,16095
2025-04-03 01:00:00+00:00,1.08908,1.09231,1.08867,1.09133,11832
2025-04-03 02:00:00+00:00,1.09132,1.09248,1.09093,1.09122,7999
2025-04-03 03:00:00+00:00,1.09124,1.09212,1.09077,1.09139,5699
2025-04-03 04:00:00+00:00,1.09151,1.09165,1.09057,1.09069,5259
2025-04-03 05:00:00+00:00,1.09068,1.09522,1.09065,1.09444,7399
2025-04-03 06:00:00+00:00,1.09445,1.09901,1.09348,1.09897,17627
2025-04-03 07:00:00+00:00,1.09897,1.09903,1.09429,1.09708,17490
2025-04-03 08:00:00+00:00,1.09709,1.10205,1.09707,1.10094,11204
2025-04-03 09:00:00+00:00,1.10094,1.10475,1.10039,1.10307,11904
2025-04-03 10:00:00+00:00,1.10309,1.11465,1.1028,1.10525,24148
2025-04-03 11:00:00+00:00,1.10528,1.11012,1.1039,1.10876,15416
2025-04-03 12:00:00+00:00,1.10877,1.11096,1.10729,1.10822,17677
2025-04-03 13:00:00+00:00,1.10818,1.11353,1.10701,1.10801,23165
2025-04-03 14:00:00+00:00,1.1081,1.11276,1.10798,1.11183,22104
2025-04-03 15:00:00+00:00,1.11185,1.11189,1.10412,1.10507,17622
2025-04-03 16:00:00+00:00,1.10512,1.10561,1.10328,1.10388,13015
2025-04-03 17:00:00+00:00,1.10387,1.10396,1.10181,1.10246,7196
2025-04-03 18:00:00+00:00,1.10244,1.10408,1.10195,1.10374,6377
2025-04-03 19:00:00+00:00,1.10374,1.10375,1.1016,1.10276,6306
2025-04-03 20:00:00+00:00,1.10273,1.10528,1.10222,1.10518,4485
2025-04-03 21:00:00+00:00,1.10521,1.10521,1.10487,1.10518,719
2025-04-03 22:00:00+00:00,1.10504,1.10715,1.10498,1.10644,3821
2025-04-03 23:00:00+00:00,1.10643,1.1065,1.10421,1.10453,6096
2025-04-04 00:00:00+00:00,1.10454,1.10642,1.10368,1.10606,7509
2025-04-04 01:00:00+00:00,1.10606,1.10734,1.10573,1.10678,6768
2025-04-04 02:00:00+00:00,1.10678,1.10795,1.10607,1.10633,5944
2025-04-04 03:00:00+00:00,1.10634,1.10987,1.10577,1.10937,7404
2025-04-04 04:00:00+00:00,1.10935,1.10985,1.10822,1.10874,6547
2025-04-04 05:00:00+00:00,1.10875,1.11079,1.10786,1.10842,8858
2025-04-04 06:00:00+00:00,1.10843,1.10863,1.10501,1.10507,12806
2025-04-04 07:00:00+00:00,1.10505,1.10671,1.09999,1.10043,17020
2025-04-04 08:00:00+00:00,1.10041,1.10097,1.09754,1.09964,19261
2025-04-04 09:00:00+00:00,1.09964,1.09976,1.09715,1.09845,13688
2025-04-04 10:00:00+00:00,1.09846,1.10499,1.09646,1.10306,28805
2025-04-04 11:00:00+00:00,1.10305,1.108,1.10222,1.10602,28638
2025-04-04 12:00:00+00:00,1.10613,1.10906,1.10077,1.10198,38466
2025-04-04 13:00:00+00:00,1.10201,1.10482,1.10052,1.10066,29813
2025-04-04 14:00:00+00:00,1.10055,1.10149,1.09601,1.0986,28118
2025-04-04 15:00:00+00:00,1.09863,1.10171,1.09675,1.1014,35799
2025-04-04 16:00:00+00:00,1.1014,1.10198,1.09619,1.09713,24851
2025-04-04 17:00:00+00:00,1.09715,1.0977,1.09247,1.09473,24043
2025-04-04 18:00:00+00:00,1.09474,1.09673,1.09394,1.09446,17725
2025-04-04 19:00:00+00:00,1.09444,1.09647,1.09277,1.09435,16766
2025-04-04 20:00:00+00:00,1.09433,1.09669,1.09326,1.09596,8370
2025-04-06 21:00:00+00:00,1.08928,1.09232,1.08815,1.09164,2494
2025-04-06 22:00:00+00:00,1.09164,1.09947,1.09164,1.09827,17247
2025-04-06 23:00:00+00:00,1.09825,1.10013,1.09813,1.09835,23249
2025-04-07 00:00:00+00:00,1.09835,1.0984,1.09464,1.0967,25525
2025-04-07 01:00:00+00:00,1.0967,1.09804,1.09544,1.0968,21975
2025-04-07 02:00:00+00:00,1.09681,1.09681,1.09199,1.09354,13314
2025-04-07 03:00:00+00:00,1.09353,1.09547,1.093,1.09504,9310
2025-04-07 04:00:00+00:00,1.09504,1.09877,1.09481,1.0985,8977
2025-04-07 05:00:00+00:00,1.09849,1.10207,1.09778,1.10184,15420
2025-04-07 06:00:00+00:00,1.10184,1.10232,1.0994,1.1003,27126
2025-04-07 07:00:00+00:00,1.1003,1.10502,1.0998,1.10008,29801
2025-04-07 08:00:00+00:00,1.10012,1.10219,1.0968,1.0992,23435
2025-04-07 09:00:00+00:00,1.09918,1.09966,1.095,1.09629,16583
2025-04-07 10:00:00+00:00,1.09628,1.0991,1.09578,1.09589,17952
2025-04-07 11:00:00+00:00,1.0959,1.09697,1.09353,1.09697,19002
2025-04-07 12:00:00+00:00,1.09696,1.09914,1.09393,1.09738,25458
2025-04-07 13:00:00+00:00,1.09746,1.09772,1.09374,1.09416,22531
2025-04-07 14:00:00+00:00,1.09415,1.09825,1.09168,1.09222,36855
2025-04-07 15:00:00+00:00,1.0922,1.09364,1.09011,1.09116,30722
2025-04-07 16:00:00+00:00,1.09115,1.09328,1.09042,1.09322,17766
2025-04-07 17:00:00+00:00,1.09324,1.09502,1.09294,1.09389,17336
2025-04-07 18:00:00+00:00,1.0939,1.09527,1.09237,1.09335,13904
2025-04-07 19:00:00+00:00,1.09336,1.09487,1.09139,1.09163,13405
2025-04-07 20:00:00+00:00,1.09163,1.092,1.09019,1.09102,6680
2025-04-07 21:00:00+00:00,1.09067,1.0918,1.09065,1.09135,519
2025-04-07 22:00:00+00:00,1.09138,1.09206,1.09083,1.09171,3571
2025-04-07 23:00:00+00:00,1.0917,1.09192,1.0908,1.09148,5766
2025-04-08 00:00:00+00:00,1.09147,1.09503,1.09147,1.094,10325
2025-04-08 01:00:00+00:00,1.09399,1.09618,1.0938,1.09598,13284
2025-04-08 02:00:00+00:00,1.09597,1.09803,1.09597,1.09712,6920
2025-04-08 03:00:00+00:00,1.09712,1.0972,1.0961,1.09635,5158
2025-04-08 04:00:00+00:00,1.09634,1.09796,1.09622,1.09761,5462
2025-04-08 05:00:00+00:00,1.0976,1.0976,1.0954,1.09682,6673
2025-04-08 06:00:00+00:00,1.0968,1.09921,1.09614,1.09767,12146
2025-04-08 07:00:00+00:00,1.09768,1.09807,1.09216,1.09236,20131
2025-04-08 08:00:00+00:00,1.09236,1.09489,1.09229,1.09367,13634
2025-04-08 09:00:00+00:00,1.09366,1.09376,1.09112,1.09198,13486
2025-04-08 10:00:00+00:00,1.09198,1.09394,1.09137,1.09276,10880
2025-04-08 11:00:00+00:00,1.09275,1.09449,1.09249,1.09342,12695
2025-04-08 12:00:00+00:00,1.09345,1.09686,1.09344,1.09486,12849
2025-04-08 13:00:00+00:00,1.09485,1.09559,1.09271,1.09358,16242
2025-04-08 14:00:00+00:00,1.09358,1.09361,1.08884,1.09103,17817
2025-04-08 15:00:00+00:00,1.09103,1.09195,1.08958,1.09119,13178
2025-04-08 16:00:00+00:00,1.0912,1.09325,1.08987,1.09298,13055
2025-04-08 17:00:00+00:00,1.09297,1.09488,1.09263,1.09338,17798
2025-04-08 18:00:00+00:00,1.09338,1.09695,1.09297,1.09522,13961
2025-04-08 19:00:00+00:00,1.09514,1.09781,1.09511,1.09541,14144
2025-04-08 20:00:00+00:00,1.09538,1.09631,1.0939,1.09589,5390
2025-04-08 21:00:00+00:00,1.09558,1.096,1.09515,1.09593,467
2025-04-08 22:00:00+00:00,1.09593,1.09778,1.0958,1.09682,5277
2025-04-08 23:00:00+00:00,1.09683,1.09852,1.09664,1.09776,9206
2025-04-09 00:00:00+00:00,1.09776,1.10166,1.09713,1.1015,18408
2025-04-09 01:00:00+00:00,1.10156,1.104,1.1014,1.10202,19565
2025-04-09 02:00:00+00:00,1.10202,1.10288,1.10097,1.10199,14385
2025-04-09 03:00:00+00:00,1.10199,1.10358,1.10128,1.10197,12369
2025-04-09 04:00:00+00:00,1.10197,1.1069,1.1019,1.10688,19718
2025-04-09 05:00:00+00:00,1.10685,1.10685,1.10292,1.10616,18218
2025-04-09 06:00:00+00:00,1.10617,1.10901,1.10427,1.10734,25006
2025-04-09 07:00:00+00:00,1.10728,1.10796,1.10096,1.10155,31686
2025-04-09 08:00:00+00:00,1.10149,1.1035,1.0998,1.10275,20806
2025-04-09 09:00:00+00:00,1.10275,1.10504,1.10093,1.10442,16143
2025-04-09 10:00:00+00:00,1.10442,1.10579,1.10254,1.10333,14513
2025-04-09 11:00:00+00:00,1.10332,1.1057,1.10216,1.10354,27927
2025-04-09 12:00:00+00:00,1.10355,1.10952,1.10347,1.10756,23724
2025-04-09 13:00:00+00:00,1.10757,1.10819,1.10331,1.10452,25002
2025-04-09 14:00:00+00:00,1.10451,1.10515,1.10261,1.10409,19269
2025-04-09 15:00:00+00:00,1.10408,1.10693,1.10367,1.10382,14416
2025-04-09 16:00:00+00:00,1.10383,1.10424,1.10136,1.10203,10176
2025-04-09 17:00:00+00:00,1.10204,1.10646,1.0946,1.09776,44849
2025-04-09 18:00:00+00:00,1.09777,1.09832,1.09134,1.0964,36643
2025-04-09 19:00:00+00:00,1.09641,1.09769,1.09326,1.09354,23910
2025-04-09 20:00:00+00:00,1.09355,1.09622,1.09288,1.09514,13150
2025-04-09 21:00:00+00:00,1.09508,1.0955,1.09499,1.09525,469
2025-04-09 22:00:00+00:00,1.09529,1.0963,1.09496,1.09606,7488
2025-04-09 23:00:00+00:00,1.09606,1.09613,1.09431,1.0951,8714
2025-04-10 00:00:00+00:00,1.09503,1.09867,1.09503,1.09863,14918
2025-04-10 01:00:00+00:00,1.09864,1.09877,1.09695,1.09718,10387
2025-04-10 02:00:00+00:00,1.09719,1.09793,1.09614,1.09719,8800
2025-04-10 03:00:00+00:00,1.0972,1.09894,1.09705,1.09817,8927
2025-04-10 04:00:00+00:00,1.09818,1.09851,1.09776,1.0983,7303
2025-04-10 05:00:00+00:00,1.09831,1.09957,1.09779,1.09858,7358
2025-04-10 06:00:00+00:00,1.09853,1.0989,1.09628,1.09831,14986
2025-04-10 07:00:00+00:00,1.09833,1.10308,1.09673,1.10264,20742
2025-04-10 08:00:00+00:00,1.10263,1.10481,1.10162,1.10377,17287
2025-04-10 09:00:00+00:00,1.10376,1.10602,1.10335,1.10593,13579
2025-04-10 10:00:00+00:00,1.10593,1.10812,1.10549,1.10797,14146
2025-04-10 11:00:00+00:00,1.10796,1.10887,1.10672,1.10704,13308
2025-04-10 12:00:00+00:00,1.10698,1.11318,1.1068,1.10972,20932
2025-04-10 13:00:00+00:00,1.10974,1.11345,1.1091,1.11271,18151
2025-04-10 14:00:00+00:00,1.11269,1.11864,1.11246,1.11857,19975
2025-04-10 15:00:00+00:00,1.11856,1.1229,1.11537,1.1191,24272
2025-04-10 16:00:00+00:00,1.11905,1.12106,1.11776,1.1197,20786
2025-04-10 17:00:00+00:00,1.11969,1.12111,1.11743,1.12101,17213
2025-04-10 18:00:00+00:00,1.121,1.12418,1.12013,1.12155,16215
2025-04-10 19:00:00+00:00,1.12153,1.12197,1.11588,1.12063,16292
2025-04-10 20:00:00+00:00,1.12051,1.12052,1.11815,1.11994,8202
2025-04-10 21:00:00+00:00,1.11953,1.11997,1.11901,1.11946,944
2025-04-10 22:00:00+00:00,1.11945,1.1235,1.11936,1.12347,7220
2025-04-10 23:00:00+00:00,1.1235,1.12628,1.12135,1.12579,14758
2025-04-11 00:00:00+00:00,1.12578,1.13845,1.12513,1.13103,31337
2025-04-11 01:00:00+00:00,1.13104,1.13229,1.12761,1.13059,23212
2025-04-11 02:00:00+00:00,1.1306,1.13234,1.12951,1.13026,19470
2025-04-11 03:00:00+00:00,1.13028,1.13546,1.13022,1.13412,12127
2025-04-11 04:00:00+00:00,1.13411,1.13412,1.13102,1.13226,10265
2025-04-11 05:00:00+00:00,1.13227,1.13237,1.12708,1.12855,11810
2025-04-11 06:00:00+00:00,1.12857,1.12907,1.12465,1.12867,20304
2025-04-11 07:00:00+00:00,1.12868,1.13688,1.1284,1.13643,26585
2025-04-11 08:00:00+00:00,1.13642,1.14738,1.13494,1.14271,32257
2025-04-11 09:00:00+00:00,1.1427,1.14271,1.13849,1.13857,22690
2025-04-11 10:00:00+00:00,1.13857,1.13857,1.13203,1.13369,24054
2025-04-11 11:00:00+00:00,1.13368,1.13715,1.13237,1.13288,18799
2025-04-11 12:00:00+00:00,1.13287,1.13991,1.13247,1.13955,25535
2025-04-11 13:00:00+00:00,1.13955,1.14123,1.13251,1.13613,31241
2025-04-11 14:00:00+00:00,1.13615,1.13821,1.13272,1.13403,29081
2025-04-11 15:00:00+00:00,1.13401,1.13501,1.13121,1.13248,22291
2025-04-11 16:00:00+00:00,1.13248,1.1327,1.12767,1.1306,20365
2025-04-11 17:00:00+00:00,1.13061,1.13271,1.12824,1.12855,15287
2025-04-11 18:00:00+00:00,1.12858,1.13213,1.12844,1.13126,16110
2025-04-11 19:00:00+00:00,1.13117,1.13439,1.13093,1.13417,11574
2025-04-11 20:00:00+00:00,1.13417,1.13655,1.13362,1.13584,6810
2025-04-13 21:00:00+00:00,1.13196,1.13232,1.13173,1.13189,252
2025-04-13 22:00:00+00:00,1.13194,1.13553,1.1319,1.13341,11011
2025-04-13 23:00:00+00:00,1.13342,1.13496,1.13242,1.13424,14712
2025-04-14 00:00:00+00:00,1.13425,1.13709,1.13411,1.13656,27815
2025-04-14 01:00:00+00:00,1.13657,1.1409,1.13645,1.13857,31314
2025-04-14 02:00:00+00:00,1.13857,1.14014,1.13711,1.13724,21298
2025-04-14 03:00:00+00:00,1.13725,1.13839,1.1358,1.13716,18223
2025-04-14 04:00:00+00:00,1.13717,1.13854,1.13656,1.13677,13203
2025-04-14 05:00:00+00:00,1.13678,1.13882,1.13532,1.13853,17516
2025-04-14 06:00:00+00:00,1.13854,1.14241,1.13767,1.14169,42187
2025-04-14 07:00:00+00:00,1.1417,1.14248,1.13834,1.139,44131
2025-04-14 08:00:00+00:00,1.13901,1.14099,1.13786,1.13878,39101
2025-04-14 09:00:00+00:00,1.13878,1.14079,1.13869,1.1387,30379
2025-04-14 10:00:00+00:00,1.1387,1.13924,1.13717,1.13875,22745
2025-04-14 11:00:00+00:00,1.13874,1.1406,1.13727,1.1384,19211
2025-04-14 12:00:00+00:00,1.13841,1.13888,1.13347,1.1339,36361
2025-04-14 13:00:00+00:00,1.13391,1.13416,1.12958,1.13275,57932
2025-04-14 14:00:00+00:00,1.13275,1.13683,1.13199,1.13677,34886
2025-04-14 15:00:00+00:00,1.13676,1.13819,1.13528,1.13573,35070
2025-04-14 16:00:00+00:00,1.13574,1.13708,1.13303,1.1331,28823
2025-04-14 17:00:00+00:00,1.1331,1.13479,1.13283,1.13384,22672
2025-04-14 18:00:00+00:00,1.13385,1.13572,1.13379,1.13545,14737
2025-04-14 19:00:00+00:00,1.13544,1.13698,1.13502,1.1355,10832
2025-04-14 20:00:00+00:00,1.13551,1.13586,1.13432,1.13505,8823
2025-04-14 21:00:00+00:00,1.13469,1.13599,1.13456,1.13559,660
2025-04-14 22:00:00+00:00,1.13552,1.13616,1.13455,1.1354,4036
2025-04-14 23:00:00+00:00,1.13539,1.13545,1.13338,1.13363,9229
2025-04-15 00:00:00+00:00,1.13364,1.13393,1.13173,1.13289,15986
2025-04-15 01:00:00+00:00,1.13289,1.13353,1.1316,1.13245,12370
2025-04-15 02:00:00+00:00,1.13244,1.13525,1.13244,1.13497,10933
2025-04-15 03:00:00+00:00,1.13496,1.13531,1.13436,1.13476,8039
2025-04-15 04:00:00+00:00,1.13475,1.13634,1.1345,1.13571,10116
2025-04-15 05:00:00+00:00,1.1357,1.13681,1.13491,1.13507,11595
2025-04-15 06:00:00+00:00,1.13508,1.13646,1.13279,1.13323,28548
2025-04-15 07:00:00+00:00,1.13322,1.13601,1.13206,1.13572,31261
2025-04-15 08:00:00+00:00,1.13573,1.13791,1.13438,1.13469,22647
2025-04-15 09:00:00+00:00,1.13466,1.13563,1.13333,1.13388,13508
2025-04-15 10:00:00+00:00,1.13388,1.13495,1.13324,1.13446,12605
2025-04-15 11:00:00+00:00,1.13445,1.13445,1.13141,1.13266,14914
2025-04-15 12:00:00+00:00,1.13267,1.13416,1.13088,1.1313,20994
2025-04-15 13:00:00+00:00,1.1313,1.13287,1.13052,1.13177,24023
2025-04-15 14:00:00+00:00,1.13176,1.13296,1.12856,1.1329,33768
2025-04-15 15:00:00+00:00,1.1329,1.13293,1.12824,1.12888,20317
2025-04-15 16:00:00+00:00,1.12889,1.12921,1.12641,1.12745,15780
2025-04-15 17:00:00+00:00,1.12745,1.12829,1.12668,1.1273,11192
2025-04-15 18:00:00+00:00,1.12728,1.12769,1.12661,1.12736,9184
2025-04-15 19:00:00+00:00,1.12735,1.12876,1.12715,1.12825,6030
2025-04-15 20:00:00+00:00,1.12826,1.12899,1.12797,1.12817,3130
2025-04-15 21:00:00+00:00,1.12837,1.12862,1.12814,1.12833,385
2025-04-15 22:00:00+00:00,1.12827,1.12996,1.12824,1.12958,5330
2025-04-15 23:00:00+00:00,1.12959,1.12988,1.12831,1.12937,11840
2025-04-16 00:00:00+00:00,1.12937,1.13218,1.12929,1.1317,24676
2025-04-16 01:00:00+00:00,1.13171,1.13309,1.13166,1.13237,17476
2025-04-16 02:00:00+00:00,1.13238,1.1332,1.13179,1.13278,12679
2025-04-16 03:00:00+00:00,1.13277,1.13437,1.13246,1.13434,12020
2025-04-16 04:00:00+00:00,1.13434,1.1348,1.1333,1.13463,11960
2025-04-16 05:00:00+00:00,1.13463,1.13857,1.13415,1.1381,20479
2025-04-16 06:00:00+00:00,1.1381,1.13829,1.13607,1.13608,28936
2025-04-16 07:00:00+00:00,1.1361,1.13925,1.13593,1.13872,29773
2025-04-16 08:00:00+00:00,1.13873,1.13884,1.13383,1.13697,51714
2025-04-16 09:00:00+00:00,1.13694,1.13779,1.13562,1.13602,34382
2025-04-16 10:00:00+00:00,1.13603,1.13744,1.13525,1.13575,27607
2025-04-16 11:00:00+00:00,1.13576,1.13741,1.13551,1.13633,25091
2025-04-16 12:00:00+00:00,1.13634,1.13657,1.13404,1.13516,38533
2025-04-16 13:00:00+00:00,1.13517,1.1374,1.13498,1.13674,42912
2025-04-16 14:00:00+00:00,1.13675,1.13845,1.13542,1.13841,40241
2025-04-16 15:00:00+00:00,1.13842,1.13869,1.13573,1.13817,25081
2025-04-16 16:00:00+00:00,1.13818,1.13871,1.13703,1.13752,17748
2025-04-16 17:00:00+00:00,1.13751,1.13901,1.13595,1.13754,30547
2025-04-16 18:00:00+00:00,1.13753,1.13885,1.1365,1.13866,29307
2025-04-16 19:00:00+00:00,1.13865,1.14129,1.13849,1.13867,23863
2025-04-16 20:00:00+00:00,1.13866,1.13998,1.13819,1.13987,8578
2025-04-16 21:00:00+00:00,1.13986,1.14012,1.13968,1.13973,1449
2025-04-16 22:00:00+00:00,1.13977,1.14004,1.13951,1.13997,2857
2025-04-16 23:00:00+00:00,1.13994,1.14093,1.13942,1.13956,3983
2025-04-17 00:00:00+00:00,1.13957,1.1397,1.13651,1.13679,9914
2025-04-17 01:00:00+00:00,1.1368,1.13695,1.13553,1.13655,9816
2025-04-17 02:00:00+00:00,1.13656,1.13821,1.13652,1.13783,5440
2025-04-17 03:00:00+00:00,1.13784,1.13809,1.13641,1.13644,4177
2025-04-17 04:00:00+00:00,1.13643,1.137,1.13605,1.13624,2881
2025-04-17 05:00:00+00:00,1.13625,1.13712,1.13443,1.13524,4997
2025-04-17 06:00:00+00:00,1.13524,1.13712,1.13435,1.13591,8788
2025-04-17 07:00:00+00:00,1.13591,1.1379,1.13532,1.13768,11363
2025-04-17 08:00:00+00:00,1.1377,1.13886,1.13683,1.13787,9173
2025-04-17 09:00:00+00:00,1.13784,1.1381,1.13702,1.13726,7925
2025-04-17 10:00:00+00:00,1.13729,1.13768,1.13576,1.13597,10412
2025-04-17 11:00:00+00:00,1.13596,1.13702,1.13559,1.13567,7511
2025-04-17 12:00:00+00:00,1.13567,1.13682,1.13353,1.13566,18787
2025-04-17 13:00:00+00:00,1.13567,1.13772,1.13511,1.13612,17523
2025-04-17 14:00:00+00:00,1.13614,1.13859,1.13386,1.13496,14512
2025-04-17 15:00:00+00:00,1.13496,1.13767,1.13478,1.13633,10726
2025-04-17 16:00:00+00:00,1.13634,1.13713,1.134,1.13507,12949
2025-04-17 17:00:00+00:00,1.13506,1.1354,1.13411,1.13512,6009
2025-04-17 18:00:00+00:00,1.13513,1.13753,1.13431,1.13736,7330
2025-04-17 19:00:00+00:00,1.13735,1.13762,1.13687,1.13733,5301
2025-04-17 20:00:00+00:00,1.13734,1.13767,1.13623,1.13655,3482
2025-04-20 21:00:00+00:00,1.13961,1.1425,1.1396,1.14142,2170
2025-04-20 22:00:00+00:00,1.1414,1.14388,1.13967,1.14332,7004
2025-04-20 23:00:00+00:00,1.14334,1.14585,1.14333,1.14492,7779
2025-04-21 00:00:00+00:00,1.14493,1.14865,1.14493,1.14665,12928
2025-04-21 01:00:00+00:00,1.14666,1.14792,1.14652,1.14771,8741
2025-04-21 02:00:00+00:00,1.14768,1.15327,1.14721,1.15047,10381
2025-04-21 03:00:00+00:00,1.15048,1.1525,1.15048,1.15154,4986
2025-04-21 04:00:00+00:00,1.15153,1.15176,1.1499,1.15176,4560
2025-04-21 05:00:00+00:00,1.15176,1.15348,1.1515,1.15314,5774
2025-04-21 06:00:00+00:00,1.15313,1.15346,1.15048,1.15156,7277
2025-04-21 07:00:00+00:00,1.15155,1.15678,1.15097,1.15557,10748
2025-04-21 08:00:00+00:00,1.15557,1.15648,1.15378,1.15582,10490
2025-04-21 09:00:00+00:00,1.15583,1.15735,1.15451,1.15471,8438
2025-04-21 10:00:00+00:00,1.1547,1.15487,1.15216,1.15237,7409
2025-04-21 11:00:00+00:00,1.15237,1.15478,1.15133,1.1543,9073
2025-04-21 12:00:00+00:00,1.15429,1.15502,1.15214,1.15428,11166
2025-04-21 13:00:00+00:00,1.15426,1.15431,1.15016,1.15192,12765
2025-04-21 14:00:00+00:00,1.15191,1.1525,1.14896,1.14979,11800
2025-04-21 15:00:00+00:00,1.14979,1.1508,1.14817,1.15072,10188
2025-04-21 16:00:00+00:00,1.15071,1.15136,1.15005,1.15095,7624
2025-04-21 17:00:00+00:00,1.15096,1.15148,1.14937,1.15139,7036
2025-04-21 18:00:00+00:00,1.15138,1.15253,1.15122,1.15223,6140
2025-04-21 19:00:00+00:00,1.15221,1.15271,1.15126,1.15128,5348
2025-04-21 20:00:00+00:00,1.15134,1.15163,1.15051,1.15145,4960
2025-04-21 21:00:00+00:00,1.15135,1.15146,1.15105,1.15108,443
2025-04-21 22:00:00+00:00,1.15102,1.15254,1.15067,1.15234,2069
2025-04-21 23:00:00+00:00,1.15236,1.15241,1.15076,1.15141,3924
2025-04-22 00:00:00+00:00,1.15141,1.15145,1.14822,1.14905,8550
2025-04-22 01:00:00+00:00,1.14906,1.14986,1.14858,1.14947,7049
2025-04-22 02:00:00+00:00,1.14954,1.15207,1.1494,1.15207,4727
2025-04-22 03:00:00+00:00,1.15208,1.15409,1.15193,1.15349,7078
2025-04-22 04:00:00+00:00,1.1535,1.15402,1.15275,1.15304,4597
2025-04-22 05:00:00+00:00,1.15304,1.15475,1.15185,1.15424,9227
2025-04-22 06:00:00+00:00,1.15423,1.1546,1.14962,1.15009,14249
2025-04-22 07:00:00+00:00,1.15009,1.15093,1.14834,1.15057,13575
2025-04-22 08:00:00+00:00,1.15058,1.15153,1.14949,1.14998,11121
2025-04-22 09:00:00+00:00,1.14999,1.15081,1.14879,1.14908,9138
2025-04-22 10:00:00+00:00,1.14908,1.15006,1.14882,1.14888,7124
2025-04-22 11:00:00+00:00,1.14886,1.15008,1.14839,1.14858,6870
2025-04-22 12:00:00+00:00,1.14858,1.14905,1.14625,1.14704,11958
2025-04-22 13:00:00+00:00,1.14705,1.14853,1.14562,1.14744,10537
2025-04-22 14:00:00+00:00,1.14743,1.14924,1.14612,1.14782,10949
2025-04-22 15:00:00+00:00,1.14781,1.14858,1.14637,1.14653,9998
2025-04-22 16:00:00+00:00,1.14654,1.1469,1.14333,1.1434,12542
2025-04-22 17:00:00+00:00,1.14341,1.14542,1.1431,1.14504,9229
2025-04-22 18:00:00+00:00,1.14503,1.14504,1.14228,1.14274,5181
2025-04-22 19:00:00+00:00,1.14263,1.14343,1.142,1.14209,4934
2025-04-22 20:00:00+00:00,1.1421,1.14304,1.14176,1.14218,2851
2025-04-22 21:00:00+00:00,1.14231,1.14292,1.1363,1.13632,2074
2025-04-22 22:00:00+00:00,1.1363,1.13705,1.13081,1.13374,16503
2025-04-22 23:00:00+00:00,1.13376,1.13628,1.13297,1.13507,11476
2025-04-23 00:00:00+00:00,1.13507,1.13983,1.13495,1.13976,14724
2025-04-23 01:00:00+00:00,1.13978,1.14155,1.13845,1.14073,10153
2025-04-23 02:00:00+00:00,1.14073,1.1411,1.13904,1.14049,7160
2025-04-23 03:00:00+00:00,1.14048,1.14051,1.13733,1.13793,6494
2025-04-23 04:00:00+00:00,1.13797,1.13919,1.1371,1.139,4488
2025-04-23 05:00:00+00:00,1.13902,1.13999,1.13713,1.1377,6951
2025-04-23 06:00:00+00:00,1.13769,1.13966,1.13748,1.13847,11855
2025-04-23 07:00:00+00:00,1.13857,1.1409,1.13784,1.13859,14693
2025-04-23 08:00:00+00:00,1.13864,1.14154,1.13799,1.1413,9249
2025-04-23 09:00:00+00:00,1.1413,1.144,1.14129,1.14183,10037
2025-04-23 10:00:00+00:00,1.14183,1.14195,1.13903,1.14022,7874
2025-04-23 11:00:00+00:00,1.1402,1.14162,1.13862,1.14111,7843
2025-04-23 12:00:00+00:00,1.1411,1.14198,1.14022,1.14056,8188
2025-04-23 13:00:00+00:00,1.14055,1.14125,1.1333,1.13334,24000
2025-04-23 14:00:00+00:00,1.13337,1.13825,1.13282,1.13534,27447
2025-04-23 15:00:00+00:00,1.13536,1.13835,1.13439,1.13487,24238
2025-04-23 16:00:00+00:00,1.13489,1.13659,1.13368,1.13399,12862
2025-04-23 17:00:00+00:00,1.13399,1.13441,1.13251,1.13296,7856
2025-04-23 18:00:00+00:00,1.13297,1.13304,1.13155,1.13239,7072
2025-04-23 19:00:00+00:00,1.13234,1.1332,1.13183,1.13275,4673
2025-04-23 20:00:00+00:00,1.13275,1.13284,1.13106,1.1317,4356
2025-04-23 21:00:00+00:00,1.1319,1.13246,1.13168,1.1323,783
2025-04-23 22:00:00+00:00,1.13254,1.13474,1.13229,1.13324,3889
2025-04-23 23:00:00+00:00,1.13324,1.13389,1.13262,1.13294,4328
2025-04-24 00:00:00+00:00,1.13295,1.13471,1.13216,1.13438,6518
2025-04-24 01:00:00+00:00,1.13437,1.13578,1.13402,1.13497,9357
2025-04-24 02:00:00+00:00,1.13498,1.13575,1.13464,1.13553,4734
2025-04-24 03:00:00+00:00,1.13553,1.13561,1.13364,1.13384,3374
2025-04-24 04:00:00+00:00,1.13384,1.13425,1.13324,1.13393,3167
2025-04-24 05:00:00+00:00,1.13393,1.13458,1.13307,1.13365,5411
2025-04-24 06:00:00+00:00,1.13364,1.13544,1.1336,1.13523,8277
2025-04-24 07:00:00+00:00,1.13524,1.13807,1.13517,1.13801,11296
2025-04-24 08:00:00+00:00,1.13801,1.13931,1.1363,1.13807,11337
2025-04-24 09:00:00+00:00,1.13805,1.13914,1.13753,1.13846,6905
2025-04-24 10:00:00+00:00,1.13846,1.13949,1.13763,1.13797,6236
2025-04-24 11:00:00+00:00,1.13795,1.13904,1.13685,1.13729,7405
2025-04-24 12:00:00+00:00,1.13726,1.13788,1.13579,1.13766,10488
2025-04-24 13:00:00+00:00,1.13767,1.13842,1.13636,1.13762,8973
2025-04-24 14:00:00+00:00,1.13764,1.13876,1.13633,1.13728,11087
2025-04-24 15:00:00+00:00,1.13728,1.1376,1.13476,1.1361,11514
2025-04-24 16:00:00+00:00,1.13611,1.13807,1.13578,1.13803,7112
2025-04-24 17:00:00+00:00,1.13802,1.13858,1.13675,1.13694,4687
2025-04-24 18:00:00+00:00,1.13693,1.13796,1.13638,1.13781,4357
2025-04-24 19:00:00+00:00,1.13782,1.13976,1.13777,1.13847,4878
2025-04-24 20:00:00+00:00,1.13847,1.13981,1.13821,1.13889,3878
2025-04-24 21:00:00+00:00,1.13859,1.13936,1.13859,1.13879,2549
2025-04-24 22:00:00+00:00,1.13875,1.13917,1.13842,1.13867,2378
2025-04-24 23:00:00+00:00,1.13867,1.13882,1.13707,1.13727,2428
2025-04-25 00:00:00+00:00,1.13726,1.13726,1.13468,1.13473,7298
2025-04-25 01:00:00+00:00,1.13474,1.13553,1.13425,1.13439,7283
2025-04-25 02:00:00+00:00,1.13438,1.13517,1.13414,1.13481,4568
2025-04-25 03:00:00+00:00,1.13491,1.13596,1.13252,1.13261,8459
2025-04-25 04:00:00+00:00,1.13261,1.13362,1.13158,1.13351,6050
2025-04-25 05:00:00+00:00,1.13349,1.13419,1.13255,1.13314,6107
2025-04-25 06:00:00+00:00,1.13314,1.13576,1.13216,1.13419,9384
2025-04-25 07:00:00+00:00,1.1342,1.13685,1.13419,1.136,12382
2025-04-25 08:00:00+00:00,1.13598,1.13645,1.13399,1.13506,7386
2025-04-25 09:00:00+00:00,1.13522,1.1361,1.1345,1.13462,7115
2025-04-25 10:00:00+00:00,1.13463,1.13599,1.13343,1.1356,9389
2025-04-25 11:00:00+00:00,1.13561,1.13669,1.13458,1.13493,6217
2025-04-25 12:00:00+00:00,1.13494,1.13606,1.13493,1.13524,6108
2025-04-25 13:00:00+00:00,1.13524,1.13555,1.13331,1.13537,10759
2025-04-25 14:00:00+00:00,1.13538,1.13808,1.13527,1.13685,10318
2025-04-25 15:00:00+00:00,1.13686,1.13824,1.13579,1.13804,6439
2025-04-25 16:00:00+00:00,1.13803,1.13888,1.13684,1.13688,5178
2025-04-25 17:00:00+00:00,1.13687,1.13828,1.1365,1.13769,5632
2025-04-25 18:00:00+00:00,1.13768,1.1381,1.13692,1.13799,4504
2025-04-25 19:00:00+00:00,1.13797,1.13812,1.13588,1.13592,4533
2025-04-25 20:00:00+00:00,1.13593,1.13652,1.1357,1.13646,3129
2025-04-27 21:00:00+00:00,1.13651,1.13672,1.13593,1.13605,170
2025-04-27 22:00:00+00:00,1.13618,1.13651,1.13398,1.13501,5607
2025-04-27 23:00:00+00:00,1.13501,1.13552,1.13412,1.13451,7419
2025-04-28 00:00:00+00:00,1.13452,1.13648,1.13448,1.1364,12906
2025-04-28 01:00:00+00:00,1.13638,1.13667,1.13497,1.13514,13834
2025-04-28 02:00:00+00:00,1.13514,1.13574,1.13433,1.13536,8826
2025-04-28 03:00:00+00:00,1.13535,1.13605,1.13513,1.13563,5329
2025-04-28 04:00:00+00:00,1.13564,1.13726,1.13528,1.13723,8523
2025-04-28 05:00:00+00:00,1.13724,1.13809,1.13716,1.13746,8967
2025-04-28 06:00:00+00:00,1.13745,1.13745,1.13295,1.13318,22676
2025-04-28 07:00:00+00:00,1.13316,1.13619,1.1331,1.13485,19781
2025-04-28 08:00:00+00:00,1.13484,1.13517,1.13355,1.13438,16446
2025-04-28 09:00:00+00:00,1.13438,1.13588,1.13422,1.135,16816
2025-04-28 10:00:00+00:00,1.13499,1.13608,1.1346,1.13506,11993
2025-04-28 11:00:00+00:00,1.13507,1.13563,1.13411,1.13517,12788
2025-04-28 12:00:00+00:00,1.13518,1.13729,1.13504,1.13511,17958
2025-04-28 13:00:00+00:00,1.13512,1.13744,1.13396,1.13649,24901
2025-04-28 14:00:00+00:00,1.1365,1.1414,1.13573,1.13787,36353
2025-04-28 15:00:00+00:00,1.13788,1.13927,1.13712,1.13863,23404
2025-04-28 16:00:00+00:00,1.13864,1.14224,1.13852,1.14117,21188
2025-04-28 17:00:00+00:00,1.14117,1.14195,1.14004,1.14011,15247
2025-04-28 18:00:00+00:00,1.14012,1.14141,1.14004,1.14135,9834
2025-04-28 19:00:00+00:00,1.14136,1.14251,1.14132,1.14221,8361
2025-04-28 20:00:00+00:00,1.1422,1.1425,1.14197,1.14222,4572
2025-04-28 21:00:00+00:00,1.14216,1.1422,1.14197,1.14211,182
2025-04-28 22:00:00+00:00,1.1421,1.14221,1.1412,1.1413,2120
2025-04-28 23:00:00+00:00,1.1413,1.14221,1.14009,1.14078,3452
2025-04-29 00:00:00+00:00,1.14079,1.14162,1.13993,1.13999,4180
2025-04-29 01:00:00+00:00,1.13997,1.1409,1.13876,1.13926,4911
2025-04-29 02:00:00+00:00,1.13924,1.14201,1.13923,1.13984,7008
2025-04-29 03:00:00+00:00,1.13984,1.14001,1.13866,1.13907,4778
2025-04-29 04:00:00+00:00,1.13907,1.13938,1.13743,1.13783,4437
2025-04-29 05:00:00+00:00,1.13786,1.13883,1.13762,1.13872,6018
2025-04-29 06:00:00+00:00,1.13871,1.13997,1.13833,1.13897,7756
2025-04-29 07:00:00+00:00,1.13933,1.14124,1.13875,1.14037,11893
2025-04-29 08:00:00+00:00,1.14039,1.14084,1.13816,1.13854,9076
2025-04-29 09:00:00+00:00,1.13853,1.13974,1.13803,1.13805,6999
2025-04-29 10:00:00+00:00,1.13805,1.13854,1.1373,1.13781,6111
2025-04-29 11:00:00+00:00,1.13782,1.1387,1.13712,1.13747,6452
2025-04-29 12:00:00+00:00,1.13748,1.14146,1.13703,1.14106,11132
2025-04-29 13:00:00+00:00,1.14103,1.14173,1.13904,1.13984,13427
2025-04-29 14:00:00+00:00,1.1398,1.14175,1.13789,1.13832,15801
2025-04-29 15:00:00+00:00,1.13833,1.14048,1.13824,1.13961,8807
2025-04-29 16:00:00+00:00,1.13961,1.1419,1.13953,1.14034,7542
2025-04-29 17:00:00+00:00,1.14035,1.14048,1.13837,1.1386,4793
2025-04-29 18:00:00+00:00,1.13859,1.13934,1.13762,1.13826,5453
2025-04-29 19:00:00+00:00,1.13824,1.13885,1.13761,1.13817,4002
2025-04-29 20:00:00+00:00,1.13818,1.13922,1.13808,1.13868,3294
2025-04-29 21:00:00+00:00,1.13884,1.13903,1.13805,1.13864,2320
2025-04-29 22:00:00+00:00,1.13868,1.1396,1.13859,1.1392,2123
2025-04-29 23:00:00+00:00,1.13924,1.13933,1.13858,1.13904,2490
2025-04-30 00:00:00+00:00,1.13906,1.13954,1.1377,1.13826,4419
2025-04-30 01:00:00+00:00,1.13825,1.13865,1.13569,1.13586,5380
2025-04-30 02:00:00+00:00,1.13587,1.13726,1.13551,1.13706,4830
2025-04-30 03:00:00+00:00,1.13707,1.13798,1.13667,1.13687,3423
2025-04-30 04:00:00+00:00,1.13687,1.13782,1.13665,1.13733,3476
2025-04-30 05:00:00+00:00,1.13732,1.13846,1.13716,1.1383,2933
2025-04-30 06:00:00+00:00,1.13826,1.13996,1.13659,1.13901,8491
2025-04-30 07:00:00+00:00,1.139,1.13906,1.13736,1.13778,8563
2025-04-30 08:00:00+00:00,1.13779,1.13854,1.13622,1.13717,8601
2025-04-30 09:00:00+00:00,1.1372,1.13795,1.13603,1.13625,6199
2025-04-30 10:00:00+00:00,1.13625,1.13698,1.13609,1.13621,5200
2025-04-30 11:00:00+00:00,1.13621,1.13807,1.13561,1.13735,6355
2025-04-30 12:00:00+00:00,1.13734,1.13888,1.13649,1.13735,15504
2025-04-30 13:00:00+00:00,1.13734,1.13777,1.13616,1.13691,12122
2025-04-30 14:00:00+00:00,1.13692,1.13793,1.13498,1.13671,17893
2025-04-30 15:00:00+00:00,1.1367,1.13752,1.13235,1.13482,18856
2025-04-30 16:00:00+00:00,1.13482,1.13592,1.1345,1.13556,7256
2025-04-30 17:00:00+00:00,1.13557,1.13649,1.13453,1.13458,5207
2025-04-30 18:00:00+00:00,1.13458,1.13585,1.13431,1.13489,8117
2025-04-30 19:00:00+00:00,1.13489,1.13536,1.13283,1.133,4759
2025-04-30 20:00:00+00:00,1.13299,1.13313,1.13173,1.13286,5394
2025-04-30 21:00:00+00:00,1.13296,1.13321,1.13271,1.1328,662
2025-04-30 22:00:00+00:00,1.13272,1.13307,1.13225,1.13256,3199
2025-04-30 23:00:00+00:00,1.13258,1.13263,1.13187,1.13223,2664
2025-05-01 00:00:00+00:00,1.13222,1.13295,1.13206,1.13218,4042
2025-05-01 01:00:00+00:00,1.13218,1.13223,1.1303,1.13084,3892
2025-05-01 02:00:00+00:00,1.13084,1.13161,1.1306,1.13152,2789
2025-05-01 03:00:00+00:00,1.13153,1.13187,1.12997,1.13121,5322
2025-05-01 04:00:00+00:00,1.13122,1.13144,1.13027,1.13028,3063
2025-05-01 05:00:00+00:00,1.13027,1.13066,1.1288,1.13002,5503
2025-05-01 06:00:00+00:00,1.13001,1.13127,1.12984,1.13027,7133
2025-05-01 07:00:00+00:00,1.13026,1.13107,1.12877,1.131,8038
2025-05-01 08:00:00+00:00,1.13101,1.13309,1.13099,1.13197,6448
2025-05-01 09:00:00+00:00,1.13197,1.1325,1.13135,1.13145,4895
2025-05-01 10:00:00+00:00,1.13143,1.13342,1.13121,1.13322,5784
2025-05-01 11:00:00+00:00,1.13323,1.13412,1.13164,1.13203,6873
2025-05-01 12:00:00+00:00,1.13204,1.13392,1.13082,1.13154,12741
2025-05-01 13:00:00+00:00,1.13153,1.13278,1.1311,1.13209,10476
2025-05-01 14:00:00+00:00,1.13206,1.13209,1.12703,1.12817,15966
2025-05-01 15:00:00+00:00,1.12816,1.12903,1.12659,1.12792,10507
2025-05-01 16:00:00+00:00,1.12792,1.12923,1.12729,1.12908,7156
2025-05-01 17:00:00+00:00,1.12909,1.12914,1.12799,1.1283,3859
2025-05-01 18:00:00+00:00,1.12823,1.12936,1.12753,1.12857,6291
2025-05-01 19:00:00+00:00,1.12859,1.12924,1.12814,1.12886,5011
2025-05-01 20:00:00+00:00,1.12885,1.12944,1.12848,1.1291,2940
2025-05-01 21:00:00+00:00,1.12902,1.12904,1.12873,1.12878,313
2025-05-01 22:00:00+00:00,1.12877,1.12993,1.12877,1.12953,1464
2025-05-01 23:00:00+00:00,1.12954,1.12978,1.12911,1.12958,2272
2025-05-02 00:00:00+00:00,1.12959,1.12995,1.12744,1.12822,5962
2025-05-02 01:00:00+00:00,1.12823,1.12958,1.12786,1.12958,6405
2025-05-02 02:00:00+00:00,1.12959,1.13036,1.1293,1.12942,3559
2025-05-02 03:00:00+00:00,1.12941,1.13157,1.1294,1.13128,3672
2025-05-02 04:00:00+00:00,1.13129,1.1314,1.13012,1.13042,4916
2025-05-02 05:00:00+00:00,1.13044,1.13142,1.13024,1.1308,3904
2025-05-02 06:00:00+00:00,1.1308,1.13293,1.13061,1.13259,8877
2025-05-02 07:00:00+00:00,1.13259,1.1338,1.13179,1.13285,8603
2025-05-02 08:00:00+00:00,1.13286,1.1335,1.13162,1.13322,8032
2025-05-02 09:00:00+00:00,1.13323,1.13553,1.13255,1.13504,9543
2025-05-02 10:00:00+00:00,1.13501,1.1352,1.13277,1.13312,6747
2025-05-02 11:00:00+00:00,1.13311,1.13504,1.13243,1.13465,8391
2025-05-02 12:00:00+00:00,1.13467,1.13475,1.13044,1.1319,22851
2025-05-02 13:00:00+00:00,1.13188,1.13799,1.13147,1.13726,19800
2025-05-02 14:00:00+00:00,1.13726,1.13812,1.13577,1.13686,16946
2025-05-02 15:00:00+00:00,1.13687,1.13687,1.13205,1.13291,12714
2025-05-02 16:00:00+00:00,1.13292,1.13392,1.13172,1.132,13016
2025-05-02 17:00:00+00:00,1.13202,1.13204,1.12984,1.13041,8033
2025-05-02 18:00:00+00:00,1.13042,1.13088,1.12926,1.12998,6780
2025-05-02 19:00:00+00:00,1.12998,1.1309,1.12997,1.13046,5053
2025-05-02 20:00:00+00:00,1.13046,1.13054,1.12936,1.12982,3245
2025-05-04 21:00:00+00:00,1.13041,1.13085,1.12956,1.13012,662
2025-05-04 22:00:00+00:00,1.13014,1.1315,1.1298,1.13059,4562
2025-05-04 23:00:00+00:00,1.13063,1.13279,1.13025,1.13213,3323
2025-05-05 00:00:00+00:00,1.13213,1.1324,1.13144,1.13226,5204
2025-05-05 01:00:00+00:00,1.13227,1.13401,1.13227,1.13349,8658
2025-05-05 02:00:00+00:00,1.13352,1.1347,1.13318,1.13423,4894
2025-05-05 03:00:00+00:00,1.13424,1.13427,1.13285,1.13323,4110
2025-05-05 04:00:00+00:00,1.13323,1.13392,1.13288,1.13375,3405
2025-05-05 05:00:00+00:00,1.13375,1.13475,1.13304,1.13335,6052
2025-05-05 06:00:00+00:00,1.13334,1.1337,1.13182,1.13264,9977
2025-05-05 07:00:00+00:00,1.13262,1.13309,1.13129,1.13129,8389
2025-05-05 08:00:00+00:00,1.1313,1.13329,1.13116,1.13266,9446
2025-05-05 09:00:00+00:00,1.13265,1.13442,1.13265,1.13414,7656
2025-05-05 10:00:00+00:00,1.13415,1.13457,1.13331,1.13448,7124
2025-05-05 11:00:00+00:00,1.13447,1.13576,1.13401,1.13426,6661
2025-05-05 12:00:00+00:00,1.13425,1.13634,1.13403,1.136,9859
2025-05-05 13:00:00+00:00,1.13601,1.13648,1.13521,1.13547,8866
2025-05-05 14:00:00+00:00,1.13539,1.13539,1.13307,1.13386,15277
2025-05-05 15:00:00+00:00,1.13386,1.13413,1.13127,1.13144,8988
2025-05-05 16:00:00+00:00,1.13144,1.13145,1.12993,1.13024,6658
2025-05-05 17:00:00+00:00,1.13023,1.13113,1.12974,1.13,4625
2025-05-05 18:00:00+00:00,1.12999,1.13154,1.12972,1.13131,4353
2025-05-05 19:00:00+00:00,1.13131,1.13211,1.13109,1.1315,4656
2025-05-05 20:00:00+00:00,1.1315,1.13203,1.13122,1.13142,2834
2025-05-05 21:00:00+00:00,1.13154,1.13193,1.13149,1.13179,372
2025-05-05 22:00:00+00:00,1.13178,1.132,1.13134,1.13146,1653
2025-05-05 23:00:00+00:00,1.13147,1.13164,1.131,1.13122,1485
2025-05-06 00:00:00+00:00,1.13122,1.13125,1.1281,1.12863,6314
2025-05-06 01:00:00+00:00,1.12864,1.12969,1.128,1.12938,8917
2025-05-06 02:00:00+00:00,1.12939,1.1314,1.1293,1.13072,5359
2025-05-06 03:00:00+00:00,1.13074,1.13175,1.13034,1.13152,3979
2025-05-06 04:00:00+00:00,1.1315,1.13276,1.13146,1.13245,2646
2025-05-06 05:00:00+00:00,1.13244,1.13256,1.13136,1.13183,3167
2025-05-06 06:00:00+00:00,1.13183,1.13357,1.13138,1.13261,7255
2025-05-06 07:00:00+00:00,1.13261,1.13481,1.13224,1.13391,10935
2025-05-06 08:00:00+00:00,1.13392,1.13497,1.13222,1.13274,11863
2025-05-06 09:00:00+00:00,1.13272,1.13301,1.13055,1.13119,8240
2025-05-06 10:00:00+00:00,1.13118,1.13276,1.13096,1.1326,7243
2025-05-06 11:00:00+00:00,1.1326,1.13351,1.13224,1.13272,7001
2025-05-06 12:00:00+00:00,1.13272,1.13438,1.13169,1.13405,8120
2025-05-06 13:00:00+00:00,1.13405,1.13578,1.13263,1.13533,9405
2025-05-06 14:00:00+00:00,1.13536,1.137,1.13409,1.13411,12344
2025-05-06 15:00:00+00:00,1.13409,1.135,1.13354,1.13437,8676
2025-05-06 16:00:00+00:00,1.13437,1.1356,1.13309,1.13489,7526
2025-05-06 17:00:00+00:00,1.13493,1.13706,1.13493,1.13646,6301
2025-05-06 18:00:00+00:00,1.13646,1.13724,1.13548,1.13717,4638
2025-05-06 19:00:00+00:00,1.13712,1.13813,1.1367,1.1373,3925
2025-05-06 20:00:00+00:00,1.13727,1.13799,1.13659,1.13704,6352
2025-05-06 21:00:00+00:00,1.13681,1.13734,1.13681,1.1373,533
2025-05-06 22:00:00+00:00,1.13733,1.13752,1.13258,1.13429,9597
2025-05-06 23:00:00+00:00,1.1343,1.13457,1.13333,1.13402,7318
2025-05-07 00:00:00+00:00,1.13401,1.13516,1.13255,1.13411,13582
2025-05-07 01:00:00+00:00,1.13409,1.13519,1.13265,1.13448,12069
2025-05-07 02:00:00+00:00,1.13447,1.13496,1.13357,1.13411,8201
2025-05-07 03:00:00+00:00,1.1341,1.13476,1.13367,1.1346,4151
2025-05-07 04:00:00+00:00,1.13459,1.13515,1.1343,1.13438,3897
2025-05-07 05:00:00+00:00,1.13438,1.13674,1.13431,1.13656,5344
2025-05-07 06:00:00+00:00,1.13655,1.13783,1.13595,1.1374,7628
2025-05-07 07:00:00+00:00,1.13738,1.13738,1.13551,1.13626,9352
2025-05-07 08:00:00+00:00,1.13625,1.13739,1.13542,1.13584,8607
2025-05-07 09:00:00+00:00,1.13584,1.13618,1.13473,1.13569,7503
2025-05-07 10:00:00+00:00,1.13569,1.13671,1.13561,1.13656,4734
2025-05-07 11:00:00+00:00,1.13657,1.13729,1.13563,1.13575,5558
2025-05-07 12:00:00+00:00,1.13575,1.13667,1.1356,1.13592,6899
2025-05-07 13:00:00+00:00,1.13591,1.13683,1.1353,1.13668,8011
2025-05-07 14:00:00+00:00,1.13668,1.13709,1.13546,1.13672,7511
2025-05-07 15:00:00+00:00,1.13671,1.13697,1.13417,1.13472,9245
2025-05-07 16:00:00+00:00,1.13473,1.13544,1.1337,1.13489,6068
2025-05-07 17:00:00+00:00,1.1349,1.13497,1.1335,1.13415,5157
2025-05-07 18:00:00+00:00,1.13416,1.13654,1.13201,1.1334,23001
2025-05-07 19:00:00+00:00,1.13339,1.13348,1.13007,1.13069,18987
2025-05-07 20:00:00+00:00,1.13069,1.13085,1.12919,1.13002,4631
2025-05-07 21:00:00+00:00,1.13084,1.13154,1.1307,1.13135,581
2025-05-07 22:00:00+00:00,1.13142,1.13142,1.13,1.13014,3201
2025-05-07 23:00:00+00:00,1.13013,1.13103,1.13012,1.13029,2305
2025-05-08 00:00:00+00:00,1.1303,1.13227,1.13022,1.13103,6346
2025-05-08 01:00:00+00:00,1.13102,1.13329,1.13083,1.13319,10194
2025-05-08 02:00:00+00:00,1.13318,1.13356,1.13226,1.13228,5553
2025-05-08 03:00:00+00:00,1.13228,1.13364,1.13228,1.13275,4401
2025-05-08 04:00:00+00:00,1.13275,1.13311,1.13178,1.13181,2659
2025-05-08 05:00:00+00:00,1.13181,1.13185,1.12968,1.13041,6419
2025-05-08 06:00:00+00:00,1.13039,1.13077,1.12767,1.12823,11605
2025-05-08 07:00:00+00:00,1.12824,1.12978,1.12706,1.12974,12097
2025-05-08 08:00:00+00:00,1.12973,1.13032,1.12837,1.1288,8675
2025-05-08 09:00:00+00:00,1.1288,1.1298,1.12832,1.12849,6136
2025-05-08 10:00:00+00:00,1.12848,1.12997,1.12754,1.12876,6583
2025-05-08 11:00:00+00:00,1.12877,1.1305,1.12852,1.1296,9362
2025-05-08 12:00:00+00:00,1.12961,1.13204,1.12929,1.12997,10376
2025-05-08 13:00:00+00:00,1.12998,1.13117,1.12954,1.13065,10840
2025-05-08 14:00:00+00:00,1.13064,1.13166,1.12761,1.12783,12226
2025-05-08 15:00:00+00:00,1.12783,1.129,1.12345,1.12483,20466
2025-05-08 16:00:00+00:00,1.12481,1.12496,1.12206,1.12261,13660
2025-05-08 17:00:00+00:00,1.12261,1.12299,1.12126,1.12267,7529
2025-05-08 18:00:00+00:00,1.12268,1.12308,1.12197,1.12246,5311
2025-05-08 19:00:00+00:00,1.12245,1.12284,1.1212,1.12262,6961
2025-05-08 20:00:00+00:00,1.12261,1.123,1.12199,1.12262,3991
2025-05-08 21:00:00+00:00,1.12254,1.12276,1.12248,1.12275,293
2025-05-08 22:00:00+00:00,1.12276,1.12332,1.12263,1.1232,1844
2025-05-08 23:00:00+00:00,1.12321,1.12327,1.12221,1.12272,2219
2025-05-09 00:00:00+00:00,1.12275,1.12334,1.12132,1.12269,6659
2025-05-09 01:00:00+00:00,1.12268,1.12292,1.12108,1.12121,6713
2025-05-09 02:00:00+00:00,1.12121,1.12195,1.11967,1.12184,6315
2025-05-09 03:00:00+00:00,1.12183,1.12278,1.12182,1.12228,5925
2025-05-09 04:00:00+00:00,1.12229,1.123,1.12229,1.1228,3055
2025-05-09 05:00:00+00:00,1.1228,1.12368,1.12185,1.12359,4493
2025-05-09 06:00:00+00:00,1.12359,1.12475,1.12321,1.12405,6725
2025-05-09 07:00:00+00:00,1.12405,1.12584,1.12371,1.12514,7240
2025-05-09 08:00:00+00:00,1.12516,1.12593,1.12423,1.12566,6510
2025-05-09 09:00:00+00:00,1.12565,1.12598,1.1245,1.12463,4747
2025-05-09 10:00:00+00:00,1.12463,1.12514,1.12424,1.12458,4903
2025-05-09 11:00:00+00:00,1.12457,1.12609,1.12437,1.12545,7688
2025-05-09 12:00:00+00:00,1.12545,1.12568,1.12472,1.1254,6150
2025-05-09 13:00:00+00:00,1.1254,1.12683,1.12533,1.12585,7562
2025-05-09 14:00:00+00:00,1.12584,1.12929,1.12559,1.12678,10439
2025-05-09 15:00:00+00:00,1.12676,1.12732,1.12603,1.12697,7792
2025-05-09 16:00:00+00:00,1.12696,1.12754,1.12575,1.12586,5299
2025-05-09 17:00:00+00:00,1.12585,1.12653,1.12529,1.12621,3192
2025-05-09 18:00:00+00:00,1.12621,1.12664,1.12546,1.1259,3148
2025-05-09 19:00:00+00:00,1.12586,1.12601,1.12488,1.12574,3271
2025-05-09 20:00:00+00:00,1.12574,1.12577,1.12474,1.12512,3047
2025-05-11 21:00:00+00:00,1.11997,1.12244,1.11934,1.12146,1498
2025-05-11 22:00:00+00:00,1.12144,1.12319,1.12127,1.12254,5926
2025-05-11 23:00:00+00:00,1.12254,1.12366,1.12234,1.12281,4527
2025-05-12 00:00:00+00:00,1.12282,1.12393,1.12252,1.12388,7306
2025-05-12 01:00:00+00:00,1.12389,1.1243,1.12225,1.1226,8739
2025-05-12 02:00:00+00:00,1.12261,1.12381,1.12253,1.12286,4880
2025-05-12 03:00:00+00:00,1.12285,1.12344,1.12253,1.1233,4025
2025-05-12 04:00:00+00:00,1.1233,1.12347,1.12264,1.12275,2769
2025-05-12 05:00:00+00:00,1.12277,1.12301,1.12138,1.12223,4328
2025-05-12 06:00:00+00:00,1.12225,1.12358,1.12163,1.12182,7607
2025-05-12 07:00:00+00:00,1.12182,1.1219,1.10978,1.11052,34592
2025-05-12 08:00:00+00:00,1.11053,1.11455,1.10823,1.11375,20864
2025-05-12 09:00:00+00:00,1.11375,1.1142,1.11146,1.11187,11560
2025-05-12 10:00:00+00:00,1.11187,1.11187,1.1072,1.10797,14065
2025-05-12 11:00:00+00:00,1.10796,1.11177,1.10771,1.11113,14451
2025-05-12 12:00:00+00:00,1.11113,1.11266,1.11008,1.11134,10004
2025-05-12 13:00:00+00:00,1.11135,1.11347,1.11104,1.11189,12003
2025-05-12 14:00:00+00:00,1.11187,1.11344,1.11074,1.11116,15099
2025-05-12 15:00:00+00:00,1.11116,1.11239,1.11003,1.11051,9266
2025-05-12 16:00:00+00:00,1.11053,1.11111,1.10838,1.10846,8169
2025-05-12 17:00:00+00:00,1.10845,1.10887,1.10726,1.10793,5785
2025-05-12 18:00:00+00:00,1.10792,1.10915,1.10654,1.10896,7317
2025-05-12 19:00:00+00:00,1.10897,1.10969,1.10825,1.10924,5438
2025-05-12 20:00:00+00:00,1.10925,1.10948,1.10853,1.10866,3654
2025-05-12 21:00:00+00:00,1.1092,1.10922,1.10867,1.10906,583
2025-05-12 22:00:00+00:00,1.1091,1.10946,1.10889,1.10937,2508
2025-05-12 23:00:00+00:00,1.10938,1.11001,1.10897,1.10959,2982
2025-05-13 00:00:00+00:00,1.1096,1.11067,1.10952,1.11046,6114
2025-05-13 01:00:00+00:00,1.11048,1.11093,1.10998,1.11066,7341
2025-05-13 02:00:00+00:00,1.11066,1.11115,1.10994,1.11029,4046
2025-05-13 03:00:00+00:00,1.1103,1.1117,1.10992,1.11164,3674
2025-05-13 04:00:00+00:00,1.11164,1.11174,1.1109,1.11169,2852
2025-05-13 05:00:00+00:00,1.1117,1.11197,1.11089,1.11106,4078
2025-05-13 06:00:00+00:00,1.11107,1.11188,1.11015,1.11116,8056
2025-05-13 07:00:00+00:00,1.11116,1.11246,1.1103,1.11159,9898
2025-05-13 08:00:00+00:00,1.11159,1.11177,1.1103,1.11121,7664
2025-05-13 09:00:00+00:00,1.1112,1.11154,1.11031,1.11072,5932
2025-05-13 10:00:00+00:00,1.11072,1.11096,1.10972,1.11049,5507
2025-05-13 11:00:00+00:00,1.11048,1.11123,1.11035,1.1107,4314
2025-05-13 12:00:00+00:00,1.11073,1.11313,1.11068,1.11307,11557
2025-05-13 13:00:00+00:00,1.11307,1.11488,1.11275,1.11356,12984
2025-05-13 14:00:00+00:00,1.11355,1.11646,1.11303,1.11615,12049
2025-05-13 15:00:00+00:00,1.11615,1.11778,1.11568,1.11752,9818
2025-05-13 16:00:00+00:00,1.11756,1.1183,1.11645,1.11759,6591
2025-05-13 17:00:00+00:00,1.11759,1.11799,1.11677,1.11772,4172
2025-05-13 18:00:00+00:00,1.11771,1.11862,1.11753,1.11852,4258
2025-05-13 19:00:00+00:00,1.11852,1.11919,1.11828,1.11899,3687
2025-05-13 20:00:00+00:00,1.11898,1.11949,1.11839,1.11855,2491
2025-05-13 21:00:00+00:00,1.11866,1.11885,1.1184,1.1187,621
2025-05-13 22:00:00+00:00,1.11866,1.11975,1.11863,1.11974,1607
2025-05-13 23:00:00+00:00,1.11975,1.11975,1.11849,1.11859,2330
2025-05-14 00:00:00+00:00,1.11859,1.11968,1.11824,1.11923,5119
2025-05-14 01:00:00+00:00,1.11923,1.1198,1.11837,1.11884,8504
2025-05-14 02:00:00+00:00,1.11886,1.11926,1.11832,1.11888,5492
2025-05-14 03:00:00+00:00,1.11889,1.11962,1.11845,1.11955,3756
2025-05-14 04:00:00+00:00,1.11956,1.12009,1.1188,1.11889,4167
2025-05-14 05:00:00+00:00,1.11888,1.11927,1.11849,1.11866,3545
2025-05-14 06:00:00+00:00,1.11866,1.11985,1.11804,1.11882,6736
2025-05-14 07:00:00+00:00,1.11882,1.12167,1.11814,1.12152,9271
2025-05-14 08:00:00+00:00,1.12151,1.12524,1.12126,1.12388,18268
2025-05-14 09:00:00+00:00,1.12387,1.1266,1.12311,1.12523,12757
2025-05-14 10:00:00+00:00,1.12521,1.1253,1.12275,1.12311,7015
2025-05-14 11:00:00+00:00,1.1231,1.12351,1.12135,1.12175,7483
2025-05-14 12:00:00+00:00,1.12176,1.12357,1.12095,1.12254,9602
2025-05-14 13:00:00+00:00,1.12255,1.12351,1.12104,1.12202,10821
2025-05-14 14:00:00+00:00,1.12201,1.12238,1.12028,1.12119,12255
2025-05-14 15:00:00+00:00,1.1212,1.1215,1.11978,1.12053,8762
2025-05-14 16:00:00+00:00,1.12052,1.12134,1.11758,1.11891,11112
2025-05-14 17:00:00+00:00,1.11891,1.11969,1.11813,1.11893,5985
2025-05-14 18:00:00+00:00,1.11894,1.119,1.11718,1.11784,5823
2025-05-14 19:00:00+00:00,1.11781,1.11781,1.11656,1.11674,4743
2025-05-14 20:00:00+00:00,1.11674,1.11755,1.11645,1.1174,3103
2025-05-14 21:00:00+00:00,1.11801,1.11803,1.11745,1.11773,565
2025-05-14 22:00:00+00:00,1.11774,1.11844,1.11773,1.11827,1532
2025-05-14 23:00:00+00:00,1.11827,1.11882,1.11805,1.11816,2079
2025-05-15 00:00:00+00:00,1.11816,1.11947,1.11761,1.11916,5395
2025-05-15 01:00:00+00:00,1.11916,1.11998,1.11909,1.11935,6764
2025-05-15 02:00:00+00:00,1.11936,1.11964,1.11889,1.11949,3879
2025-05-15 03:00:00+00:00,1.11948,1.12015,1.11926,1.11967,3143
2025-05-15 04:00:00+00:00,1.11967,1.11998,1.11919,1.1193,2702
2025-05-15 05:00:00+00:00,1.11931,1.11994,1.11855,1.11934,4303
2025-05-15 06:00:00+00:00,1.11934,1.12282,1.11896,1.12272,8095
2025-05-15 07:00:00+00:00,1.12272,1.12282,1.11917,1.11974,8931
2025-05-15 08:00:00+00:00,1.11973,1.12115,1.11924,1.12102,5673
2025-05-15 09:00:00+00:00,1.12102,1.12132,1.12008,1.12024,3903
2025-05-15 10:00:00+00:00,1.12025,1.12116,1.11983,1.12004,4634
2025-05-15 11:00:00+00:00,1.12004,1.12031,1.11795,1.11831,5661
2025-05-15 12:00:00+00:00,1.1183,1.12141,1.11822,1.12099,12795
2025-05-15 13:00:00+00:00,1.121,1.12238,1.11951,1.1201,12227
2025-05-15 14:00:00+00:00,1.12009,1.12108,1.11758,1.11863,10137
2025-05-15 15:00:00+00:00,1.11864,1.1197,1.1173,1.11881,7613
2025-05-15 16:00:00+00:00,1.11883,1.11909,1.11727,1.11809,4636
2025-05-15 17:00:00+00:00,1.11808,1.11893,1.11703,1.11713,4113
2025-05-15 18:00:00+00:00,1.11713,1.11797,1.1171,1.11771,3663
2025-05-15 19:00:00+00:00,1.11773,1.11864,1.11728,1.11838,3843
2025-05-15 20:00:00+00:00,1.11838,1.11896,1.11824,1.11894,2084
2025-05-15 21:00:00+00:00,1.11901,1.11903,1.11822,1.11889,688
2025-05-15 22:00:00+00:00,1.1189,1.11931,1.11853,1.11921,1721
2025-05-15 23:00:00+00:00,1.11921,1.1194,1.11898,1.11921,1859
2025-05-16 00:00:00+00:00,1.11919,1.12083,1.11906,1.1205,7116
2025-05-16 01:00:00+00:00,1.12049,1.12088,1.11985,1.12033,4458
2025-05-16 02:00:00+00:00,1.12037,1.12086,1.11996,1.12023,4370
2025-05-16 03:00:00+00:00,1.12022,1.12059,1.1199,1.12007,3623
2025-05-16 04:00:00+00:00,1.12006,1.12047,1.11963,1.12033,2085
2025-05-16 05:00:00+00:00,1.12034,1.12189,1.12013,1.12157,3741
2025-05-16 06:00:00+00:00,1.12156,1.12197,1.12073,1.12124,5538
2025-05-16 07:00:00+00:00,1.12123,1.12172,1.12062,1.12092,6516
2025-05-16 08:00:00+00:00,1.12082,1.12093,1.11972,1.11991,5673
2025-05-16 09:00:00+00:00,1.1199,1.12089,1.11918,1.11946,5359
2025-05-16 10:00:00+00:00,1.11945,1.12002,1.11882,1.11999,5421
2025-05-16 11:00:00+00:00,1.11999,1.12081,1.11903,1.11945,4708
2025-05-16 12:00:00+00:00,1.11944,1.1199,1.11909,1.11973,5640
2025-05-16 13:00:00+00:00,1.11972,1.1206,1.11881,1.12005,6781
2025-05-16 14:00:00+00:00,1.12006,1.12025,1.11518,1.11547,13245
2025-05-16 15:00:00+00:00,1.11547,1.11588,1.11401,1.11403,7285
2025-05-16 16:00:00+00:00,1.11403,1.11479,1.11311,1.11451,6593
2025-05-16 17:00:00+00:00,1.11451,1.11479,1.11395,1.1145,3600
2025-05-16 18:00:00+00:00,1.11451,1.11553,1.11432,1.11527,3898
2025-05-16 19:00:00+00:00,1.11526,1.11588,1.11479,1.11494,3827
2025-05-16 20:00:00+00:00,1.11493,1.11674,1.1145,1.1165,3766
2025-05-18 21:00:00+00:00,1.11802,1.11837,1.11727,1.11744,1015
2025-05-18 22:00:00+00:00,1.11736,1.11943,1.11734,1.11903,3498
2025-05-18 23:00:00+00:00,1.11904,1.11941,1.11819,1.1189,3582
2025-05-19 00:00:00+00:00,1.11891,1.11988,1.11803,1.11974,7886
2025-05-19 01:00:00+00:00,1.11975,1.11992,1.11733,1.11763,6361
2025-05-19 02:00:00+00:00,1.11762,1.11884,1.11725,1.11823,4591
2025-05-19 03:00:00+00:00,1.11824,1.11855,1.11788,1.11814,3117
2025-05-19 04:00:00+00:00,1.11813,1.11876,1.11771,1.11839,2809
2025-05-19 05:00:00+00:00,1.1184,1.11884,1.11764,1.1185,3553
2025-05-19 06:00:00+00:00,1.11849,1.12122,1.1182,1.12094,8413
2025-05-19 07:00:00+00:00,1.12094,1.12452,1.12057,1.12385,11080
2025-05-19 08:00:00+00:00,1.1239,1.12593,1.1236,1.12574,9385
2025-05-19 09:00:00+00:00,1.12577,1.12808,1.12551,1.12798,9541
2025-05-19 10:00:00+00:00,1.128,1.12882,1.12687,1.12785,7412
2025-05-19 11:00:00+00:00,1.12784,1.12801,1.12621,1.12731,6995
2025-05-19 12:00:00+00:00,1.12731,1.12735,1.12568,1.12571,7157
2025-05-19 13:00:00+00:00,1.12569,1.12653,1.12472,1.12516,10862
2025-05-19 14:00:00+00:00,1.12517,1.1258,1.12417,1.12537,9369
2025-05-19 15:00:00+00:00,1.12538,1.12599,1.12335,1.12364,7852
2025-05-19 16:00:00+00:00,1.12363,1.12398,1.12291,1.12353,5574
2025-05-19 17:00:00+00:00,1.12353,1.12388,1.12241,1.12303,4360
2025-05-19 18:00:00+00:00,1.12304,1.1237,1.12247,1.1235,3871
2025-05-19 19:00:00+00:00,1.12349,1.1242,1.1233,1.12403,2705
2025-05-19 20:00:00+00:00,1.12402,1.1245,1.12392,1.12392,2897
2025-05-19 21:00:00+00:00,1.12408,1.1244,1.12404,1.12438,509
2025-05-19 22:00:00+00:00,1.1244,1.12442,1.12351,1.12354,1439
2025-05-19 23:00:00+00:00,1.12355,1.12364,1.12316,1.12325,1130
2025-05-20 00:00:00+00:00,1.12325,1.12326,1.12181,1.12279,5027
2025-05-20 01:00:00+00:00,1.1228,1.12515,1.1228,1.12385,6353
2025-05-20 02:00:00+00:00,1.12391,1.12464,1.12262,1.12322,3605
2025-05-20 03:00:00+00:00,1.12322,1.12475,1.12293,1.12451,3975
2025-05-20 04:00:00+00:00,1.1245,1.12508,1.12405,1.12424,3726
2025-05-20 05:00:00+00:00,1.12423,1.12587,1.12423,1.12546,6826
2025-05-20 06:00:00+00:00,1.12546,1.12625,1.12509,1.12578,8175
2025-05-20 07:00:00+00:00,1.12574,1.1278,1.12531,1.12765,8905
2025-05-20 08:00:00+00:00,1.12762,1.12763,1.12476,1.12585,7510
2025-05-20 09:00:00+00:00,1.12584,1.12671,1.125,1.12553,5373
2025-05-20 10:00:00+00:00,1.12553,1.12579,1.12431,1.12446,4928
2025-05-20 11:00:00+00:00,1.12447,1.12519,1.12437,1.1246,4920
2025-05-20 12:00:00+00:00,1.12459,1.12473,1.12238,1.12344,7428
2025-05-20 13:00:00+00:00,1.12345,1.12496,1.12252,1.12461,8573
2025-05-20 14:00:00+00:00,1.1246,1.12692,1.12457,1.12686,10667
2025-05-20 15:00:00+00:00,1.12687,1.127,1.12497,1.12533,6339
2025-05-20 16:00:00+00:00,1.12531,1.1258,1.12453,1.12569,4818
2025-05-20 17:00:00+00:00,1.12568,1.12776,1.12549,1.12739,3945
2025-05-20 18:00:00+00:00,1.1274,1.12805,1.12713,1.12726,4956
2025-05-20 19:00:00+00:00,1.12725,1.12828,1.12721,1.12805,3548
2025-05-20 20:00:00+00:00,1.12806,1.12859,1.12784,1.12829,2019
2025-05-20 21:00:00+00:00,1.12838,1.12847,1.12809,1.12831,780
2025-05-20 22:00:00+00:00,1.12829,1.12875,1.12805,1.12812,2060
2025-05-20 23:00:00+00:00,1.12811,1.12902,1.12808,1.12883,2065
2025-05-21 00:00:00+00:00,1.12884,1.13014,1.1288,1.12955,4574
2025-05-21 01:00:00+00:00,1.12957,1.13029,1.12869,1.12985,5183
2025-05-21 02:00:00+00:00,1.12985,1.13262,1.12973,1.13221,6285
2025-05-21 03:00:00+00:00,1.1322,1.13399,1.13192,1.13342,4655
2025-05-21 04:00:00+00:00,1.13342,1.13369,1.13259,1.13291,3207
2025-05-21 05:00:00+00:00,1.13292,1.13381,1.13267,1.13321,4907
2025-05-21 06:00:00+00:00,1.13318,1.13532,1.13224,1.13329,10559
2025-05-21 07:00:00+00:00,1.1332,1.13343,1.13143,1.13238,9553
2025-05-21 08:00:00+00:00,1.13234,1.1334,1.13124,1.13226,6882
2025-05-21 09:00:00+00:00,1.13228,1.13349,1.13149,1.13348,5739
2025-05-21 10:00:00+00:00,1.13349,1.13622,1.13316,1.13388,8943
2025-05-21 11:00:00+00:00,1.13388,1.13447,1.13191,1.13239,6453
2025-05-21 12:00:00+00:00,1.1324,1.13349,1.13176,1.13347,7442
2025-05-21 13:00:00+00:00,1.13347,1.1339,1.13233,1.13369,8286
2025-05-21 14:00:00+00:00,1.13368,1.13546,1.13325,1.13409,11148
2025-05-21 15:00:00+00:00,1.13408,1.13485,1.13327,1.13428,8298
2025-05-21 16:00:00+00:00,1.13429,1.13523,1.13391,1.13405,4859
2025-05-21 17:00:00+00:00,1.13405,1.13629,1.13377,1.13482,11403
2025-05-21 18:00:00+00:00,1.13483,1.1349,1.13316,1.13334,6636
2025-05-21 19:00:00+00:00,1.13333,1.13394,1.13184,1.13191,6460
2025-05-21 20:00:00+00:00,1.1319,1.13319,1.13157,1.13291,2924
2025-05-21 21:00:00+00:00,1.13289,1.13306,1.13281,1.13294,461
2025-05-21 22:00:00+00:00,1.13293,1.13305,1.13152,1.13154,4290
2025-05-21 23:00:00+00:00,1.13154,1.13325,1.1311,1.13321,3002
2025-05-22 00:00:00+00:00,1.13321,1.13437,1.13263,1.13274,10372
2025-05-22 01:00:00+00:00,1.13273,1.13408,1.13175,1.13379,7857
2025-05-22 02:00:00+00:00,1.13378,1.13451,1.13284,1.13389,5709
2025-05-22 03:00:00+00:00,1.13387,1.13422,1.13308,1.13333,3682
2025-05-22 04:00:00+00:00,1.13329,1.13346,1.13248,1.13332,3183
2025-05-22 05:00:00+00:00,1.13333,1.13355,1.1325,1.13336,4197
2025-05-22 06:00:00+00:00,1.13335,1.13421,1.13174,1.13226,8147
2025-05-22 07:00:00+00:00,1.13226,1.13249,1.12954,1.13212,11887
2025-05-22 08:00:00+00:00,1.13208,1.13349,1.13015,1.13021,11308
2025-05-22 09:00:00+00:00,1.13019,1.13035,1.1291,1.12944,8826
2025-05-22 10:00:00+00:00,1.12943,1.12996,1.12905,1.12922,5122
2025-05-22 11:00:00+00:00,1.12925,1.13131,1.12919,1.13087,7215
2025-05-22 12:00:00+00:00,1.13088,1.13151,1.12849,1.12951,8637
2025-05-22 13:00:00+00:00,1.12952,1.13091,1.12819,1.12833,11429
2025-05-22 14:00:00+00:00,1.12834,1.12979,1.1275,1.12773,10090
2025-05-22 15:00:00+00:00,1.12775,1.12886,1.12659,1.12805,7719
2025-05-22 16:00:00+00:00,1.12804,1.12879,1.12685,1.12696,6050
2025-05-22 17:00:00+00:00,1.12697,1.12711,1.12559,1.12682,5393
2025-05-22 18:00:00+00:00,1.12685,1.12809,1.12675,1.12781,3018
2025-05-22 19:00:00+00:00,1.12782,1.12858,1.1278,1.12788,3353
2025-05-22 20:00:00+00:00,1.12789,1.12837,1.12775,1.12803,2473
2025-05-22 21:00:00+00:00,1.12808,1.12823,1.12797,1.12811,340
2025-05-22 22:00:00+00:00,1.12814,1.12874,1.12809,1.12865,1764
2025-05-22 23:00:00+00:00,1.12866,1.12892,1.12813,1.12822,1589
2025-05-23 00:00:00+00:00,1.12822,1.13001,1.1279,1.12971,5146
2025-05-23 01:00:00+00:00,1.12972,1.13189,1.12953,1.13141,6423
2025-05-23 02:00:00+00:00,1.13142,1.1318,1.13083,1.13149,2948
2025-05-23 03:00:00+00:00,1.1315,1.13175,1.13113,1.13116,2014
2025-05-23 04:00:00+00:00,1.13115,1.13209,1.13079,1.1318,2665
2025-05-23 05:00:00+00:00,1.13181,1.13259,1.13081,1.13226,3769
2025-05-23 06:00:00+00:00,1.13225,1.1327,1.13104,1.13122,6474
2025-05-23 07:00:00+00:00,1.13124,1.1344,1.13094,1.13396,7611
2025-05-23 08:00:00+00:00,1.13395,1.13447,1.13329,1.1342,4892
2025-05-23 09:00:00+00:00,1.13419,1.13541,1.13385,1.13492,6061
2025-05-23 10:00:00+00:00,1.13492,1.13579,1.13445,1.1349,5462
2025-05-23 11:00:00+00:00,1.13489,1.13757,1.12982,1.13218,23365
2025-05-23 12:00:00+00:00,1.13217,1.13501,1.12975,1.13337,23392
2025-05-23 13:00:00+00:00,1.13337,1.13382,1.13132,1.13149,14084
2025-05-23 14:00:00+00:00,1.13147,1.13463,1.13109,1.13451,10605
2025-05-23 15:00:00+00:00,1.13452,1.13597,1.13317,1.13494,8348
2025-05-23 16:00:00+00:00,1.13497,1.13598,1.13412,1.13583,5770
2025-05-23 17:00:00+00:00,1.13584,1.13673,1.13519,1.13607,4083
2025-05-23 18:00:00+00:00,1.13608,1.13695,1.13557,1.13596,5465
2025-05-23 19:00:00+00:00,1.13597,1.13658,1.13555,1.13636,3923
2025-05-23 20:00:00+00:00,1.13637,1.13683,1.13594,1.13638,4419
2025-05-25 21:00:00+00:00,1.13672,1.13684,1.13628,1.1368,493
2025-05-25 22:00:00+00:00,1.13679,1.13799,1.13626,1.13741,7770
2025-05-25 23:00:00+00:00,1.13744,1.13822,1.13702,1.13749,4609
2025-05-26 00:00:00+00:00,1.13748,1.13977,1.13748,1.1397,7921
2025-05-26 01:00:00+00:00,1.13969,1.14159,1.13883,1.14126,7685
2025-05-26 02:00:00+00:00,1.14122,1.1419,1.14083,1.14096,4594
2025-05-26 03:00:00+00:00,1.14096,1.14126,1.14052,1.14116,3242
2025-05-26 04:00:00+00:00,1.14116,1.14133,1.14034,1.14095,2699
2025-05-26 05:00:00+00:00,1.14094,1.14186,1.14006,1.14172,4567
2025-05-26 06:00:00+00:00,1.14171,1.14183,1.1408,1.14091,6499
2025-05-26 07:00:00+00:00,1.1409,1.14125,1.13885,1.13893,7418
2025-05-26 08:00:00+00:00,1.13896,1.13954,1.1383,1.13847,4823
2025-05-26 09:00:00+00:00,1.13848,1.13857,1.13759,1.13791,3321
2025-05-26 10:00:00+00:00,1.13792,1.13865,1.13765,1.13842,3641
2025-05-26 11:00:00+00:00,1.13844,1.13871,1.13742,1.13772,3045
2025-05-26 12:00:00+00:00,1.13772,1.13824,1.1369,1.13752,3446
2025-05-26 13:00:00+00:00,1.13751,1.13836,1.13732,1.13816,3191
2025-05-26 14:00:00+00:00,1.13818,1.1385,1.13767,1.13844,3855
2025-05-26 15:00:00+00:00,1.13844,1.13856,1.13772,1.13813,2597
2025-05-26 16:00:00+00:00,1.13814,1.13835,1.13759,1.13834,1696
2025-05-26 17:00:00+00:00,1.13836,1.1384,1.13786,1.13809,918
2025-05-26 18:00:00+00:00,1.13809,1.13834,1.13802,1.13814,556
2025-05-26 19:00:00+00:00,1.1381,1.13856,1.13806,1.13854,460
2025-05-26 20:00:00+00:00,1.13854,1.13884,1.13842,1.13874,1143
2025-05-26 21:00:00+00:00,1.1385,1.13875,1.1384,1.1386,447
2025-05-26 22:00:00+00:00,1.13866,1.13948,1.13853,1.13905,1521
2025-05-26 23:00:00+00:00,1.13903,1.13915,1.1387,1.13887,2000
2025-05-27 00:00:00+00:00,1.13887,1.14032,1.13881,1.14001,4365
2025-05-27 01:00:00+00:00,1.14001,1.14073,1.13913,1.13953,4838
2025-05-27 02:00:00+00:00,1.13953,1.14031,1.13909,1.13927,3722
2025-05-27 03:00:00+00:00,1.13929,1.14012,1.13903,1.13938,2630
2025-05-27 04:00:00+00:00,1.13937,1.1398,1.13777,1.13786,3467
2025-05-27 05:00:00+00:00,1.1379,1.13795,1.13672,1.13787,6152
2025-05-27 06:00:00+00:00,1.13792,1.13929,1.13643,1.13652,8223
2025-05-27 07:00:00+00:00,1.13651,1.13712,1.13371,1.13409,10558
2025-05-27 08:00:00+00:00,1.1341,1.13579,1.13391,1.13487,7435
2025-05-27 09:00:00+00:00,1.13487,1.13581,1.13448,1.13484,7288
2025-05-27 10:00:00+00:00,1.13485,1.13521,1.13407,1.13439,6246
2025-05-27 11:00:00+00:00,1.1344,1.13545,1.13413,1.13512,4963
2025-05-27 12:00:00+00:00,1.13515,1.13681,1.1351,1.13669,5948
2025-05-27 13:00:00+00:00,1.13668,1.13757,1.13555,1.13583,8208
2025-05-27 14:00:00+00:00,1.13584,1.13614,1.13381,1.13412,11278
2025-05-27 15:00:00+00:00,1.13413,1.13414,1.13233,1.13253,7513
2025-05-27 16:00:00+00:00,1.13254,1.13354,1.13234,1.13318,4947
2025-05-27 17:00:00+00:00,1.13317,1.1337,1.13304,1.13327,3714
2025-05-27 18:00:00+00:00,1.13329,1.13389,1.13286,1.13373,3130
2025-05-27 19:00:00+00:00,1.13372,1.13389,1.13301,1.13309,3685
2025-05-27 20:00:00+00:00,1.1331,1.13329,1.13266,1.13294,3414
2025-05-27 21:00:00+00:00,1.13308,1.13341,1.13273,1.13325,1121
2025-05-27 22:00:00+00:00,1.13328,1.13372,1.13295,1.13366,1370
2025-05-27 23:00:00+00:00,1.13366,1.13381,1.13315,1.1337,1448
2025-05-28 00:00:00+00:00,1.13369,1.13455,1.13342,1.13346,4039
2025-05-28 01:00:00+00:00,1.13345,1.1339,1.13153,1.13175,7746
2025-05-28 02:00:00+00:00,1.13173,1.13256,1.13009,1.13055,6590
2025-05-28 03:00:00+00:00,1.13058,1.13131,1.13006,1.13076,5057
2025-05-28 04:00:00+00:00,1.13076,1.13106,1.13027,1.13063,3364
2025-05-28 05:00:00+00:00,1.13064,1.13149,1.12955,1.13149,4578
2025-05-28 06:00:00+00:00,1.13148,1.13171,1.13038,1.13044,6948
2025-05-28 07:00:00+00:00,1.13044,1.13312,1.13029,1.13267,6985
2025-05-28 08:00:00+00:00,1.13268,1.13345,1.13182,1.13324,5883
2025-05-28 09:00:00+00:00,1.13324,1.13405,1.13282,1.13336,5856
2025-05-28 10:00:00+00:00,1.13336,1.13408,1.13241,1.1326,5647
2025-05-28 11:00:00+00:00,1.1326,1.13288,1.13166,1.13179,5659
2025-05-28 12:00:00+00:00,1.1318,1.13247,1.13076,1.13112,6955
2025-05-28 13:00:00+00:00,1.13111,1.13137,1.12972,1.13088,9660
2025-05-28 14:00:00+00:00,1.13088,1.13249,1.1301,1.13024,11738
2025-05-28 15:00:00+00:00,1.13025,1.13087,1.12839,1.12848,8892
2025-05-28 16:00:00+00:00,1.12847,1.12967,1.12842,1.12941,4181
2025-05-28 17:00:00+00:00,1.12941,1.1301,1.12907,1.12915,3976
2025-05-28 18:00:00+00:00,1.12914,1.12982,1.12844,1.12937,5222
2025-05-28 19:00:00+00:00,1.12936,1.12959,1.1288,1.12897,4486
2025-05-28 20:00:00+00:00,1.12896,1.1296,1.12894,1.12932,4221
2025-05-28 21:00:00+00:00,1.12943,1.12966,1.12932,1.12962,405
2025-05-28 22:00:00+00:00,1.12966,1.12975,1.12904,1.12916,1530
2025-05-28 23:00:00+00:00,1.12919,1.12924,1.12103,1.123,14766
2025-05-29 00:00:00+00:00,1.12296,1.12508,1.12233,1.12348,16697
2025-05-29 01:00:00+00:00,1.12347,1.12534,1.12238,1.12519,9557
2025-05-29 02:00:00+00:00,1.12512,1.12571,1.12419,1.12459,5859
2025-05-29 03:00:00+00:00,1.1246,1.12565,1.12428,1.12487,4015
2025-05-29 04:00:00+00:00,1.12486,1.1255,1.12442,1.12479,2495
2025-05-29 05:00:00+00:00,1.12479,1.12509,1.12311,1.12437,5282
2025-05-29 06:00:00+00:00,1.12438,1.1274,1.12426,1.12714,9981
2025-05-29 07:00:00+00:00,1.12714,1.12828,1.12713,1.12757,8069
2025-05-29 08:00:00+00:00,1.12758,1.1279,1.1262,1.12722,6410
2025-05-29 09:00:00+00:00,1.12721,1.1284,1.12716,1.12781,4499
2025-05-29 10:00:00+00:00,1.1278,1.12914,1.12766,1.12865,5418
2025-05-29 11:00:00+00:00,1.12865,1.12909,1.12681,1.12712,5755
2025-05-29 12:00:00+00:00,1.12716,1.135,1.12716,1.13494,15020
2025-05-29 13:00:00+00:00,1.13497,1.13603,1.13393,1.13513,12101
2025-05-29 14:00:00+00:00,1.13518,1.13697,1.1343,1.13501,9473
2025-05-29 15:00:00+00:00,1.13503,1.13707,1.13488,1.137,7509
2025-05-29 16:00:00+00:00,1.13697,1.13801,1.13667,1.13714,5309
2025-05-29 17:00:00+00:00,1.13715,1.13847,1.13618,1.13772,4521
2025-05-29 18:00:00+00:00,1.13772,1.13845,1.13743,1.13753,4085
2025-05-29 19:00:00+00:00,1.13752,1.13786,1.13662,1.13668,4309
2025-05-29 20:00:00+00:00,1.1367,1.13704,1.13611,1.13688,2230
2025-05-29 21:00:00+00:00,1.13721,1.13738,1.13684,1.13695,1079
2025-05-29 22:00:00+00:00,1.13695,1.13774,1.13678,1.13711,3574
2025-05-29 23:00:00+00:00,1.13717,1.13795,1.13695,1.1377,3215
2025-05-30 00:00:00+00:00,1.13771,1.13849,1.13647,1.13725,6692
2025-05-30 01:00:00+00:00,1.13726,1.13899,1.13524,1.13548,9792
2025-05-30 02:00:00+00:00,1.13548,1.13591,1.13485,1.13495,4121
2025-05-30 03:00:00+00:00,1.13496,1.1357,1.1346,1.13496,3266
2025-05-30 04:00:00+00:00,1.13502,1.13537,1.13456,1.1346,3221
2025-05-30 05:00:00+00:00,1.13462,1.13546,1.13429,1.13512,3222
2025-05-30 06:00:00+00:00,1.13513,1.13521,1.13361,1.13467,6083
2025-05-30 07:00:00+00:00,1.13466,1.13481,1.13278,1.13378,8365
2025-05-30 08:00:00+00:00,1.1338,1.13449,1.13235,1.13241,6921
2025-05-30 09:00:00+00:00,1.1324,1.13322,1.13231,1.13256,5414
2025-05-30 10:00:00+00:00,1.13257,1.13349,1.13247,1.13277,4315
2025-05-30 11:00:00+00:00,1.13275,1.13387,1.13233,1.13383,4190
2025-05-30 12:00:00+00:00,1.13382,1.13586,1.13348,1.13462,12794
2025-05-30 13:00:00+00:00,1.13463,1.13481,1.13127,1.13177,9281
2025-05-30 14:00:00+00:00,1.13176,1.13547,1.13136,1.13521,15938
2025-05-30 15:00:00+00:00,1.13522,1.13586,1.13437,1.13465,10052
2025-05-30 16:00:00+00:00,1.13463,1.13551,1.13435,1.13505,6359
2025-05-30 17:00:00+00:00,1.13506,1.13673,1.13499,1.13574,4337
2025-05-30 18:00:00+00:00,1.13575,1.13652,1.1355,1.13587,4277
2025-05-30 19:00:00+00:00,1.13586,1.13608,1.13496,1.13566,4126
2025-05-30 20:00:00+00:00,1.13565,1.13566,1.13452,1.1348,3219
2025-06-01 21:00:00+00:00,1.13494,1.13533,1.13473,1.13512,605
2025-06-01 22:00:00+00:00,1.13509,1.13578,1.13484,1.13552,3228
2025-06-01 23:00:00+00:00,1.13554,1.13605,1.13511,1.13531,3292
2025-06-02 00:00:00+00:00,1.13532,1.13749,1.13527,1.13688,5673
2025-06-02 01:00:00+00:00,1.13687,1.1382,1.13679,1.13704,5987
2025-06-02 02:00:00+00:00,1.13704,1.13737,1.1362,1.13644,3656
2025-06-02 03:00:00+00:00,1.13643,1.13659,1.13545,1.1362,3173
2025-06-02 04:00:00+00:00,1.1362,1.1367,1.13601,1.13656,2503
2025-06-02 05:00:00+00:00,1.13657,1.13805,1.13641,1.13795,3273
2025-06-02 06:00:00+00:00,1.13791,1.14069,1.13789,1.14013,5716
2025-06-02 07:00:00+00:00,1.14012,1.14369,1.13988,1.14237,9203
2025-06-02 08:00:00+00:00,1.14238,1.14278,1.14127,1.14202,6462
2025-06-02 09:00:00+00:00,1.14203,1.1437,1.14194,1.14233,7367
2025-06-02 10:00:00+00:00,1.14234,1.14282,1.14131,1.14153,5223
2025-06-02 11:00:00+00:00,1.14159,1.14266,1.14093,1.14142,5151
2025-06-02 12:00:00+00:00,1.14142,1.14291,1.14113,1.14184,5578
2025-06-02 13:00:00+00:00,1.14185,1.1423,1.14043,1.14197,9908
2025-06-02 14:00:00+00:00,1.14206,1.14499,1.14206,1.1435,21634
2025-06-02 15:00:00+00:00,1.14349,1.14388,1.14242,1.14307,14995
2025-06-02 16:00:00+00:00,1.14307,1.1432,1.14118,1.14187,10473
2025-06-02 17:00:00+00:00,1.14185,1.14262,1.14161,1.14227,8954
2025-06-02 18:00:00+00:00,1.14226,1.14427,1.1419,1.14416,8236
2025-06-02 19:00:00+00:00,1.14415,1.14456,1.14337,1.14452,6470
2025-06-02 20:00:00+00:00,1.14454,1.14464,1.14401,1.14427,2636
2025-06-02 21:00:00+00:00,1.14399,1.14415,1.14367,1.14407,799
2025-06-02 22:00:00+00:00,1.14404,1.14461,1.14384,1.14454,3035
2025-06-02 23:00:00+00:00,1.14454,1.14541,1.14449,1.14533,4643
2025-06-03 00:00:00+00:00,1.14532,1.14548,1.1439,1.14434,8887
2025-06-03 01:00:00+00:00,1.14435,1.14435,1.1427,1.14281,12820
2025-06-03 02:00:00+00:00,1.14281,1.14306,1.14189,1.14257,8759
2025-06-03 03:00:00+00:00,1.14256,1.14275,1.14162,1.14199,7489
2025-06-03 04:00:00+00:00,1.142,1.14258,1.14172,1.14254,5283
2025-06-03 05:00:00+00:00,1.14255,1.14277,1.14121,1.14221,8616
2025-06-03 06:00:00+00:00,1.14219,1.14314,1.14156,1.14289,12289
2025-06-03 07:00:00+00:00,1.14288,1.14327,1.14143,1.1416,17135
2025-06-03 08:00:00+00:00,1.1416,1.14187,1.14055,1.1412,13157
2025-06-03 09:00:00+00:00,1.14118,1.14182,1.14018,1.14119,14636
2025-06-03 10:00:00+00:00,1.14119,1.14126,1.13964,1.13979,10901
2025-06-03 11:00:00+00:00,1.1398,1.13993,1.13864,1.13906,10553
2025-06-03 12:00:00+00:00,1.13906,1.13942,1.13771,1.13821,11433
2025-06-03 13:00:00+00:00,1.1382,1.13951,1.13772,1.13883,15401
2025-06-03 14:00:00+00:00,1.13883,1.13933,1.1364,1.1392,24672
2025-06-03 15:00:00+00:00,1.13919,1.13932,1.13708,1.13722,11555
2025-06-03 16:00:00+00:00,1.13723,1.13835,1.13676,1.13734,7455
2025-06-03 17:00:00+00:00,1.13735,1.13819,1.13728,1.13781,5450
2025-06-03 18:00:00+00:00,1.1378,1.13781,1.13689,1.13749,4752
2025-06-03 19:00:00+00:00,1.13749,1.13764,1.13677,1.13688,4616
2025-06-03 20:00:00+00:00,1.13688,1.13743,1.13683,1.13729,3907
2025-06-03 21:00:00+00:00,1.13736,1.13777,1.1371,1.13772,1178
2025-06-03 22:00:00+00:00,1.13772,1.13773,1.1371,1.13743,2597
2025-06-03 23:00:00+00:00,1.13743,1.13863,1.13743,1.13842,4100
2025-06-04 00:00:00+00:00,1.13843,1.13893,1.13785,1.13828,8922
2025-06-04 01:00:00+00:00,1.13829,1.13934,1.13717,1.13858,11665
2025-06-04 02:00:00+00:00,1.13857,1.13881,1.13737,1.13762,4859
2025-06-04 03:00:00+00:00,1.13763,1.13811,1.13656,1.13678,5727
2025-06-04 04:00:00+00:00,1.13679,1.13793,1.13648,1.13668,6455
2025-06-04 05:00:00+00:00,1.13669,1.13718,1.13571,1.13625,8558
2025-06-04 06:00:00+00:00,1.13625,1.13784,1.13575,1.1378,14675
2025-06-04 07:00:00+00:00,1.13781,1.1397,1.13756,1.13867,14881
2025-06-04 08:00:00+00:00,1.13867,1.1404,1.13828,1.13996,11325
2025-06-04 09:00:00+00:00,1.13995,1.13996,1.13815,1.13828,8449
2025-06-04 10:00:00+00:00,1.13829,1.13857,1.1375,1.13823,8486
2025-06-04 11:00:00+00:00,1.13823,1.13876,1.13771,1.13794,7565
2025-06-04 12:00:00+00:00,1.13793,1.14112,1.13793,1.14095,25888
2025-06-04 13:00:00+00:00,1.14095,1.14139,1.13929,1.13998,17068
2025-06-04 14:00:00+00:00,1.14012,1.14346,1.14012,1.14326,25802
2025-06-04 15:00:00+00:00,1.14325,1.14339,1.14171,1.14236,14260
2025-06-04 16:00:00+00:00,1.14236,1.14346,1.14196,1.14331,8938
2025-06-04 17:00:00+00:00,1.14331,1.14336,1.14234,1.14249,5589
2025-06-04 18:00:00+00:00,1.1425,1.14283,1.14203,1.14205,6142
2025-06-04 19:00:00+00:00,1.14205,1.14219,1.14123,1.14124,5327
2025-06-04 20:00:00+00:00,1.14123,1.14229,1.14103,1.14163,5512
2025-06-04 21:00:00+00:00,1.14173,1.14193,1.14167,1.14177,1178
2025-06-04 22:00:00+00:00,1.14175,1.14231,1.14172,1.14201,2003
2025-06-04 23:00:00+00:00,1.14201,1.14289,1.14189,1.14211,4317
2025-06-05 00:00:00+00:00,1.1421,1.14296,1.14165,1.14291,10011
2025-06-05 01:00:00+00:00,1.14292,1.1435,1.14136,1.14166,8787
2025-06-05 02:00:00+00:00,1.14165,1.14197,1.14105,1.14179,5446
2025-06-05 03:00:00+00:00,1.1418,1.14228,1.14088,1.14108,6624
2025-06-05 04:00:00+00:00,1.14107,1.14145,1.1408,1.14105,5234
2025-06-05 05:00:00+00:00,1.14106,1.14138,1.14046,1.14063,6164
2025-06-05 06:00:00+00:00,1.14064,1.14173,1.14052,1.14093,8836
2025-06-05 07:00:00+00:00,1.14092,1.14252,1.14069,1.1412,10701
2025-06-05 08:00:00+00:00,1.14121,1.14196,1.1409,1.14131,8855
2025-06-05 09:00:00+00:00,1.1413,1.14219,1.14097,1.14187,9236
2025-06-05 10:00:00+00:00,1.14186,1.14329,1.14178,1.14241,8887
2025-06-05 11:00:00+00:00,1.14242,1.14285,1.14162,1.1426,8853
2025-06-05 12:00:00+00:00,1.14259,1.1449,1.14133,1.14296,39673
2025-06-05 13:00:00+00:00,1.14295,1.14952,1.14185,1.14806,48021
2025-06-05 14:00:00+00:00,1.14807,1.14825,1.14544,1.1458,31200
2025-06-05 15:00:00+00:00,1.14579,1.1459,1.14351,1.14393,20424
2025-06-05 16:00:00+00:00,1.14394,1.1448,1.14315,1.14479,12047
2025-06-05 17:00:00+00:00,1.1448,1.14484,1.1432,1.14431,7460
2025-06-05 18:00:00+00:00,1.14431,1.14443,1.14313,1.14422,8284
2025-06-05 19:00:00+00:00,1.14422,1.14482,1.14338,1.1438,10963
2025-06-05 20:00:00+00:00,1.1438,1.14453,1.14353,1.1445,4326
2025-06-05 21:00:00+00:00,1.1446,1.14481,1.14418,1.14446,1017
2025-06-05 22:00:00+00:00,1.14445,1.14518,1.14434,1.14517,2641
2025-06-05 23:00:00+00:00,1.14518,1.14541,1.14468,1.14537,2712
2025-06-06 00:00:00+00:00,1.14537,1.14574,1.145,1.14503,5932
2025-06-06 01:00:00+00:00,1.14502,1.14524,1.14414,1.14426,5562
2025-06-06 02:00:00+00:00,1.14427,1.14437,1.14332,1.14379,5270
2025-06-06 03:00:00+00:00,1.14379,1.14438,1.14363,1.14404,3925
2025-06-06 04:00:00+00:00,1.14402,1.14424,1.14374,1.14399,2799
2025-06-06 05:00:00+00:00,1.14399,1.14404,1.14308,1.14361,4544
2025-06-06 06:00:00+00:00,1.1436,1.14425,1.14248,1.14357,9994
2025-06-06 07:00:00+00:00,1.14356,1.1437,1.14214,1.1427,12044
2025-06-06 08:00:00+00:00,1.1427,1.14294,1.14114,1.14148,9815
2025-06-06 09:00:00+00:00,1.14147,1.14215,1.1411,1.14196,7923
2025-06-06 10:00:00+00:00,1.14196,1.14245,1.14175,1.14228,6536
2025-06-06 11:00:00+00:00,1.14228,1.1429,1.1417,1.14179,7013
2025-06-06 12:00:00+00:00,1.1418,1.14315,1.1386,1.13968,43265
2025-06-06 13:00:00+00:00,1.13967,1.14026,1.13717,1.13907,29329
2025-06-06 14:00:00+00:00,1.13907,1.14164,1.1381,1.13895,27682
2025-06-06 15:00:00+00:00,1.13895,1.14024,1.13811,1.13967,17896
2025-06-06 16:00:00+00:00,1.13966,1.14017,1.13861,1.13873,10837
2025-06-06 17:00:00+00:00,1.13873,1.13981,1.13847,1.13932,7818
2025-06-06 18:00:00+00:00,1.13932,1.13997,1.13928,1.13973,7082
2025-06-06 19:00:00+00:00,1.13972,1.14021,1.13926,1.13962,5221
2025-06-06 20:00:00+00:00,1.13961,1.13979,1.13912,1.13954,3737
2025-06-08 21:00:00+00:00,1.13995,1.13997,1.13914,1.13944,665
2025-06-08 22:00:00+00:00,1.13946,1.14071,1.13943,1.14069,2848
2025-06-08 23:00:00+00:00,1.14069,1.14115,1.14038,1.14066,3020
2025-06-09 00:00:00+00:00,1.14067,1.14092,1.1393,1.13941,4316
2025-06-09 01:00:00+00:00,1.13942,1.14174,1.13942,1.14153,6288
2025-06-09 02:00:00+00:00,1.14154,1.14254,1.14144,1.14173,5202
2025-06-09 03:00:00+00:00,1.14174,1.14212,1.1412,1.14121,3305
2025-06-09 04:00:00+00:00,1.14121,1.14192,1.14111,1.14184,2860
2025-06-09 05:00:00+00:00,1.14185,1.14245,1.14121,1.14219,4672
2025-06-09 06:00:00+00:00,1.1422,1.14298,1.1418,1.14275,7445
2025-06-09 07:00:00+00:00,1.14274,1.14288,1.14197,1.14224,7406
2025-06-09 08:00:00+00:00,1.14225,1.14362,1.14186,1.14284,8401
2025-06-09 09:00:00+00:00,1.14285,1.14393,1.14258,1.14262,6627
2025-06-09 10:00:00+00:00,1.14262,1.14291,1.14161,1.14196,5568
2025-06-09 11:00:00+00:00,1.14197,1.14233,1.14058,1.14175,9061
2025-06-09 12:00:00+00:00,1.14176,1.14182,1.13948,1.14004,10991
2025-06-09 13:00:00+00:00,1.14005,1.14045,1.13867,1.1402,12638
2025-06-09 14:00:00+00:00,1.1402,1.1409,1.13938,1.14079,12077
2025-06-09 15:00:00+00:00,1.1408,1.14257,1.14078,1.14244,7603
2025-06-09 16:00:00+00:00,1.14243,1.14257,1.14153,1.14246,4772
2025-06-09 17:00:00+00:00,1.14246,1.14263,1.14195,1.14223,4059
2025-06-09 18:00:00+00:00,1.14222,1.14311,1.14193,1.1428,4595
2025-06-09 19:00:00+00:00,1.14279,1.14296,1.14226,1.14228,4879
2025-06-09 20:00:00+00:00,1.14229,1.14272,1.14187,1.14217,2249
2025-06-09 21:00:00+00:00,1.14222,1.14244,1.14198,1.14214,455
2025-06-09 22:00:00+00:00,1.14218,1.14239,1.14203,1.14231,1391
2025-06-09 23:00:00+00:00,1.14232,1.14286,1.14203,1.14265,2278
2025-06-10 00:00:00+00:00,1.14264,1.14358,1.14219,1.14244,6347
2025-06-10 01:00:00+00:00,1.14245,1.14284,1.13951,1.13969,9784
2025-06-10 02:00:00+00:00,1.13969,1.14006,1.13863,1.13991,10579
2025-06-10 03:00:00+00:00,1.1399,1.14052,1.13917,1.14032,6298
2025-06-10 04:00:00+00:00,1.14032,1.14041,1.13915,1.13997,4582
2025-06-10 05:00:00+00:00,1.13998,1.14138,1.13979,1.14051,11688
2025-06-10 06:00:00+00:00,1.14053,1.14148,1.1392,1.13947,16245
2025-06-10 07:00:00+00:00,1.13947,1.13999,1.1373,1.13924,18583
2025-06-10 08:00:00+00:00,1.13923,1.14116,1.13917,1.14083,11330
2025-06-10 09:00:00+00:00,1.14082,1.14187,1.14034,1.14167,8755
2025-06-10 10:00:00+00:00,1.14168,1.14252,1.14113,1.14236,7577
2025-06-10 11:00:00+00:00,1.14235,1.14343,1.14194,1.14292,10282
2025-06-10 12:00:00+00:00,1.14293,1.14406,1.14249,1.14322,11178
2025-06-10 13:00:00+00:00,1.14322,1.14478,1.14305,1.14429,13668
2025-06-10 14:00:00+00:00,1.14429,1.14451,1.14204,1.14258,10843
2025-06-10 15:00:00+00:00,1.14257,1.1428,1.14158,1.14227,9542
2025-06-10 16:00:00+00:00,1.14226,1.14268,1.14161,1.14235,2748
2025-06-10 17:00:00+00:00,1.14236,1.14288,1.14172,1.1423,1136
2025-06-10 18:00:00+00:00,1.14229,1.14253,1.14166,1.14204,1292
2025-06-10 19:00:00+00:00,1.14201,1.14366,1.14191,1.1426,1724
2025-06-10 20:00:00+00:00,1.14261,1.14298,1.14194,1.14248,1172
2025-06-10 21:00:00+00:00,1.14277,1.14277,1.14249,1.1426,549
2025-06-10 22:00:00+00:00,1.14265,1.14293,1.14237,1.14286,855
2025-06-10 23:00:00+00:00,1.14289,1.14396,1.14221,1.14375,1319
2025-06-11 00:00:00+00:00,1.14377,1.14389,1.14205,1.1421,2229
2025-06-11 01:00:00+00:00,1.14212,1.1427,1.14064,1.14085,2116
2025-06-11 02:00:00+00:00,1.14086,1.14179,1.14073,1.14155,1253
2025-06-11 03:00:00+00:00,1.14154,1.14177,1.14116,1.14164,1259
2025-06-11 04:00:00+00:00,1.14161,1.1418,1.14121,1.14157,1317
2025-06-11 05:00:00+00:00,1.14158,1.14231,1.14136,1.14223,1430
2025-06-11 06:00:00+00:00,1.14222,1.14236,1.14072,1.141,2340
2025-06-11 07:00:00+00:00,1.14102,1.14237,1.14055,1.14196,2807
2025-06-11 08:00:00+00:00,1.14195,1.14385,1.14185,1.14309,2340
2025-06-11 09:00:00+00:00,1.14305,1.14458,1.143,1.14348,2259
2025-06-11 10:00:00+00:00,1.1435,1.14426,1.14333,1.14383,1783
2025-06-11 11:00:00+00:00,1.14387,1.14406,1.14268,1.14328,2120
2025-06-11 12:00:00+00:00,1.14331,1.14894,1.1427,1.14607,4430
2025-06-11 13:00:00+00:00,1.1461,1.14736,1.1453,1.14702,3948
2025-06-11 14:00:00+00:00,1.14704,1.14867,1.14674,1.14818,3579
2025-06-11 15:00:00+00:00,1.14814,1.14903,1.14747,1.14895,3031
2025-06-11 16:00:00+00:00,1.14894,1.14962,1.14823,1.14898,2336
2025-06-11 17:00:00+00:00,1.14899,1.1499,1.14884,1.14975,1693
2025-06-11 18:00:00+00:00,1.14976,1.14996,1.14836,1.14863,2580
2025-06-11 19:00:00+00:00,1.14862,1.14869,1.14794,1.14826,1650
2025-06-11 20:00:00+00:00,1.14829,1.14899,1.14803,1.14876,1587
2025-06-11 21:00:00+00:00,1.14864,1.14892,1.14859,1.14885,169
2025-06-11 22:00:00+00:00,1.14886,1.15088,1.14886,1.1506,1313
2025-06-11 23:00:00+00:00,1.15061,1.15131,1.15047,1.15103,1677
2025-06-12 00:00:00+00:00,1.15104,1.15265,1.15018,1.15214,2582
2025-06-12 01:00:00+00:00,1.15213,1.15292,1.15148,1.15189,2741
2025-06-12 02:00:00+00:00,1.15188,1.15193,1.15067,1.15114,2005
2025-06-12 03:00:00+00:00,1.15113,1.15222,1.15105,1.15198,1832
2025-06-12 04:00:00+00:00,1.15197,1.15198,1.15121,1.15155,1703
2025-06-12 05:00:00+00:00,1.15145,1.15327,1.1511,1.1528,1866
2025-06-12 06:00:00+00:00,1.15279,1.15314,1.15114,1.15223,3198
2025-06-12 07:00:00+00:00,1.15205,1.1528,1.15057,1.15264,3254
2025-06-12 08:00:00+00:00,1.15263,1.15472,1.15232,1.15444,3150
2025-06-12 09:00:00+00:00,1.15443,1.1588,1.15404,1.15722,3529
2025-06-12 10:00:00+00:00,1.15725,1.16109,1.1567,1.1593,4604
2025-06-12 11:00:00+00:00,1.15929,1.16066,1.15841,1.15895,3465
2025-06-12 12:00:00+00:00,1.15896,1.16314,1.15882,1.161,4229
2025-06-12 13:00:00+00:00,1.16097,1.16173,1.15794,1.15849,3908
2025-06-12 14:00:00+00:00,1.15851,1.15901,1.15789,1.1582,3423
2025-06-12 15:00:00+00:00,1.15821,1.1585,1.15675,1.15771,3407
2025-06-12 16:00:00+00:00,1.15772,1.15795,1.1567,1.15762,2770
2025-06-12 17:00:00+00:00,1.15761,1.15781,1.15637,1.15754,1942
2025-06-12 18:00:00+00:00,1.15752,1.15807,1.15701,1.15777,1452
2025-06-12 19:00:00+00:00,1.15776,1.15808,1.15749,1.15762,1372
2025-06-12 20:00:00+00:00,1.15762,1.15878,1.15755,1.15847,1321
2025-06-12 21:00:00+00:00,1.15842,1.15895,1.15807,1.15895,637
2025-06-12 22:00:00+00:00,1.15896,1.1593,1.15875,1.15899,945
2025-06-12 23:00:00+00:00,1.15903,1.16095,1.1587,1.16093,1075
2025-06-13 00:00:00+00:00,1.16087,1.16147,1.15397,1.15589,6367
2025-06-13 01:00:00+00:00,1.15588,1.15598,1.15373,1.15486,4598
2025-06-13 02:00:00+00:00,1.15485,1.15585,1.15374,1.15451,2765
2025-06-13 03:00:00+00:00,1.1545,1.15461,1.15277,1.15372,2786
2025-06-13 04:00:00+00:00,1.15373,1.15409,1.15143,1.15252,2197
2025-06-13 05:00:00+00:00,1.15254,1.15371,1.1512,1.15296,2393
2025-06-13 06:00:00+00:00,1.15297,1.15465,1.15243,1.15421,4220
2025-06-13 07:00:00+00:00,1.15423,1.15603,1.15354,1.15354,3694
2025-06-13 08:00:00+00:00,1.15355,1.15469,1.15257,1.15287,2993
2025-06-13 09:00:00+00:00,1.15284,1.15359,1.15187,1.15236,3285
2025-06-13 10:00:00+00:00,1.15235,1.15296,1.14891,1.15046,3754
2025-06-13 11:00:00+00:00,1.15047,1.15109,1.14911,1.15101,3621
2025-06-13 12:00:00+00:00,1.15099,1.15228,1.15067,1.15165,2802
2025-06-13 13:00:00+00:00,1.15161,1.15276,1.15014,1.15237,3426
2025-06-13 14:00:00+00:00,1.15234,1.15462,1.15212,1.15445,3400
2025-06-13 15:00:00+00:00,1.15446,1.15696,1.15382,1.15564,3103
2025-06-13 16:00:00+00:00,1.15562,1.1566,1.15524,1.15546,2315
2025-06-13 17:00:00+00:00,1.15545,1.15554,1.15372,1.15492,2203
2025-06-13 18:00:00+00:00,1.15493,1.1551,1.15336,1.15418,2559
2025-06-13 19:00:00+00:00,1.15415,1.15518,1.15367,1.155,1876
2025-06-13 20:00:00+00:00,1.15493,1.15527,1.1538,1.15517,2453
2025-06-15 21:00:00+00:00,1.15327,1.15371,1.15284,1.15336,457
2025-06-15 22:00:00+00:00,1.15343,1.15472,1.15264,1.15412,5258
2025-06-15 23:00:00+00:00,1.15413,1.15422,1.15276,1.15379,3221
2025-06-16 00:00:00+00:00,1.1538,1.15469,1.15309,1.15345,2703
2025-06-16 01:00:00+00:00,1.15343,1.15441,1.1532,1.15323,2855
2025-06-16 02:00:00+00:00,1.15324,1.15362,1.15265,1.15306,2204
2025-06-16 03:00:00+00:00,1.15303,1.15349,1.15239,1.15274,1660
2025-06-16 04:00:00+00:00,1.15275,1.15372,1.15275,1.15359,1248
2025-06-16 05:00:00+00:00,1.15364,1.15624,1.15363,1.15571,2709
2025-06-16 06:00:00+00:00,1.15571,1.15759,1.154,1.15737,4016
2025-06-16 07:00:00+00:00,1.15735,1.15867,1.1567,1.15788,4146
2025-06-16 08:00:00+00:00,1.15789,1.15847,1.15754,1.15785,2669
2025-06-16 09:00:00+00:00,1.15789,1.15847,1.15762,1.15842,2365
2025-06-16 10:00:00+00:00,1.15842,1.15861,1.15725,1.15754,2306
2025-06-16 11:00:00+00:00,1.15753,1.15838,1.15698,1.1573,2426
2025-06-16 12:00:00+00:00,1.15731,1.15847,1.15708,1.1584,3032
2025-06-16 13:00:00+00:00,1.15842,1.16052,1.15842,1.16015,5162
2025-06-16 14:00:00+00:00,1.16016,1.16147,1.15895,1.15913,5231
2025-06-16 15:00:00+00:00,1.15914,1.1595,1.15792,1.15802,3464
2025-06-16 16:00:00+00:00,1.15805,1.15861,1.15784,1.15839,2172
2025-06-16 17:00:00+00:00,1.1584,1.15851,1.15725,1.1578,1547
2025-06-16 18:00:00+00:00,1.15779,1.15815,1.15738,1.158,1952
2025-06-16 19:00:00+00:00,1.15801,1.15801,1.1555,1.15556,1957
2025-06-16 20:00:00+00:00,1.15555,1.1564,1.15547,1.15612,998
2025-06-16 21:00:00+00:00,1.15653,1.1566,1.15597,1.15635,278
2025-06-16 22:00:00+00:00,1.15633,1.15667,1.15534,1.1556,1856
2025-06-16 23:00:00+00:00,1.15559,1.15621,1.15494,1.15538,1589
2025-06-17 00:00:00+00:00,1.15539,1.15546,1.15428,1.15499,2938
2025-06-17 01:00:00+00:00,1.15503,1.15605,1.15497,1.15544,1774
2025-06-17 02:00:00+00:00,1.15542,1.1561,1.15458,1.15588,1919
2025-06-17 03:00:00+00:00,1.15587,1.15641,1.15551,1.1562,1931
2025-06-17 04:00:00+00:00,1.15621,1.15673,1.15597,1.15612,1328
2025-06-17 05:00:00+00:00,1.15613,1.15656,1.15529,1.15581,1787
2025-06-17 06:00:00+00:00,1.1558,1.15724,1.15529,1.15623,2892
2025-06-17 07:00:00+00:00,1.15621,1.15637,1.15454,1.15581,3578
2025-06-17 08:00:00+00:00,1.1558,1.15599,1.15503,1.15523,2582
2025-06-17 09:00:00+00:00,1.15521,1.1561,1.15504,1.15566,2796
2025-06-17 10:00:00+00:00,1.15567,1.15689,1.15553,1.15683,5530
2025-06-17 11:00:00+00:00,1.15683,1.15737,1.15575,1.15617,8298
2025-06-17 12:00:00+00:00,1.15617,1.1581,1.15478,1.15504,18827
2025-06-17 13:00:00+00:00,1.15505,1.15696,1.15505,1.15589,15081
2025-06-17 14:00:00+00:00,1.15589,1.1561,1.15107,1.15267,22210
2025-06-17 15:00:00+00:00,1.15268,1.15356,1.15185,1.15342,14841
2025-06-17 16:00:00+00:00,1.15341,1.15392,1.14987,1.15029,13537
2025-06-17 17:00:00+00:00,1.15031,1.15087,1.14783,1.14867,18919
2025-06-17 18:00:00+00:00,1.14867,1.14907,1.14749,1.14796,13347
2025-06-17 19:00:00+00:00,1.14796,1.14889,1.14771,1.14846,8085
2025-06-17 20:00:00+00:00,1.14847,1.1486,1.14748,1.14804,6765
2025-06-17 21:00:00+00:00,1.14831,1.14883,1.14807,1.14821,987
2025-06-17 22:00:00+00:00,1.14824,1.14839,1.14748,1.14753,3394
2025-06-17 23:00:00+00:00,1.14753,1.14829,1.14751,1.14821,3743
2025-06-18 00:00:00+00:00,1.1482,1.1497,1.1481,1.14924,13603
2025-06-18 01:00:00+00:00,1.14924,1.15009,1.14895,1.1497,10321
2025-06-18 02:00:00+00:00,1.1497,1.15013,1.14933,1.14978,6287
2025-06-18 03:00:00+00:00,1.14977,1.15052,1.14961,1.14999,5334
2025-06-18 04:00:00+00:00,1.14999,1.15081,1.14966,1.15057,5378
2025-06-18 05:00:00+00:00,1.15056,1.15072,1.15005,1.15045,6497
2025-06-18 06:00:00+00:00,1.15045,1.15153,1.15009,1.15105,12487
2025-06-18 07:00:00+00:00,1.15106,1.15235,1.15093,1.15134,10517
2025-06-18 08:00:00+00:00,1.15133,1.15163,1.14985,1.15023,8912
2025-06-18 09:00:00+00:00,1.15024,1.15107,1.14972,1.15038,8418
2025-06-18 10:00:00+00:00,1.15038,1.15109,1.1492,1.14935,8130
2025-06-18 11:00:00+00:00,1.14935,1.15089,1.14922,1.15074,8425
2025-06-18 12:00:00+00:00,1.15075,1.15169,1.15011,1.15061,11468
2025-06-18 13:00:00+00:00,1.1506,1.1509,1.14881,1.14887,13647
2025-06-18 14:00:00+00:00,1.14886,1.15234,1.14843,1.15075,28259
2025-06-18 15:00:00+00:00,1.15074,1.15305,1.15058,1.15204,13007
2025-06-18 16:00:00+00:00,1.15204,1.15253,1.15017,1.15032,7625
2025-06-18 17:00:00+00:00,1.15033,1.15093,1.14882,1.1499,7269
2025-06-18 18:00:00+00:00,1.14983,1.15296,1.14739,1.14754,49369
2025-06-18 19:00:00+00:00,1.14755,1.14878,1.14609,1.14746,30630
2025-06-18 20:00:00+00:00,1.14746,1.14843,1.14722,1.14802,6684
2025-06-18 21:00:00+00:00,1.14784,1.14824,1.14772,1.14822,1061
2025-06-18 22:00:00+00:00,1.14826,1.14891,1.14752,1.14803,4120
2025-06-18 23:00:00+00:00,1.14804,1.14818,1.1471,1.14761,5517
2025-06-19 00:00:00+00:00,1.14761,1.14837,1.14742,1.1481,8822
2025-06-19 01:00:00+00:00,1.14811,1.14823,1.14522,1.14532,16112
2025-06-19 02:00:00+00:00,1.14532,1.14582,1.14507,1.14553,7953
2025-06-19 03:00:00+00:00,1.14554,1.14684,1.14537,1.1466,5763
2025-06-19 04:00:00+00:00,1.14661,1.14694,1.14633,1.14692,4373
2025-06-19 05:00:00+00:00,1.14693,1.14694,1.14509,1.14567,5963
2025-06-19 06:00:00+00:00,1.14566,1.14678,1.14463,1.14667,12320
2025-06-19 07:00:00+00:00,1.14667,1.14771,1.14603,1.14618,14980
2025-06-19 08:00:00+00:00,1.14618,1.14795,1.14565,1.14768,13530
2025-06-19 09:00:00+00:00,1.14767,1.14799,1.14695,1.14757,10328
2025-06-19 10:00:00+00:00,1.14756,1.14794,1.14695,1.14736,8902
2025-06-19 11:00:00+00:00,1.14737,1.14876,1.14677,1.14811,11065
2025-06-19 12:00:00+00:00,1.1481,1.14864,1.14694,1.14777,10516
2025-06-19 13:00:00+00:00,1.14776,1.14847,1.14714,1.14729,9835
2025-06-19 14:00:00+00:00,1.14728,1.14808,1.14619,1.14686,12357
2025-06-19 15:00:00+00:00,1.14686,1.14724,1.14584,1.14596,7582
2025-06-19 16:00:00+00:00,1.14596,1.14616,1.14546,1.14567,4632
2025-06-19 17:00:00+00:00,1.14566,1.14832,1.14555,1.14791,4235
2025-06-19 18:00:00+00:00,1.14791,1.14872,1.14774,1.14852,3857
2025-06-19 19:00:00+00:00,1.14853,1.15002,1.14844,1.14978,4223
2025-06-19 20:00:00+00:00,1.14978,1.14996,1.14923,1.14947,2809
2025-06-19 21:00:00+00:00,1.14941,1.14979,1.14938,1.14952,1060
2025-06-19 22:00:00+00:00,1.14951,1.15005,1.14917,1.14976,4253
2025-06-19 23:00:00+00:00,1.14979,1.15128,1.14969,1.15118,5762
2025-06-20 00:00:00+00:00,1.15117,1.1524,1.15109,1.15228,8556
2025-06-20 01:00:00+00:00,1.15227,1.15231,1.15129,1.15134,8298
2025-06-20 02:00:00+00:00,1.15133,1.15217,1.1511,1.15183,6120
2025-06-20 03:00:00+00:00,1.15182,1.15305,1.15154,1.15296,7133
2025-06-20 04:00:00+00:00,1.15296,1.15325,1.15244,1.15271,4895
2025-06-20 05:00:00+00:00,1.15272,1.15293,1.15192,1.15276,5578
2025-06-20 06:00:00+00:00,1.15275,1.15298,1.1514,1.15165,12193
2025-06-20 07:00:00+00:00,1.15167,1.15195,1.15101,1.15165,10530
2025-06-20 08:00:00+00:00,1.15166,1.15267,1.15115,1.15227,8763
2025-06-20 09:00:00+00:00,1.15226,1.15287,1.15195,1.1527,7017
2025-06-20 10:00:00+00:00,1.1527,1.15352,1.15227,1.15242,6169
2025-06-20 11:00:00+00:00,1.15241,1.15262,1.1512,1.15211,9363
2025-06-20 12:00:00+00:00,1.15211,1.1527,1.15055,1.15129,17925
2025-06-20 13:00:00+00:00,1.1513,1.15214,1.15091,1.15185,12511
2025-06-20 14:00:00+00:00,1.15184,1.15193,1.14951,1.15136,19964
2025-06-20 15:00:00+00:00,1.15135,1.15291,1.15111,1.15197,14978
2025-06-20 16:00:00+00:00,1.15198,1.15373,1.15192,1.15362,8651
2025-06-20 17:00:00+00:00,1.15363,1.1544,1.1532,1.15323,6691
2025-06-20 18:00:00+00:00,1.15324,1.15373,1.15272,1.15287,4843
2025-06-20 19:00:00+00:00,1.15286,1.1532,1.15156,1.15159,5510
2025-06-20 20:00:00+00:00,1.1516,1.15233,1.15139,1.15226,5771
2025-06-22 21:00:00+00:00,1.14575,1.14761,1.14574,1.14741,2001
2025-06-22 22:00:00+00:00,1.14739,1.14951,1.14739,1.14889,17276
2025-06-22 23:00:00+00:00,1.1489,1.15077,1.14861,1.14997,11058
2025-06-23 00:00:00+00:00,1.14998,1.1506,1.1481,1.14893,14731
2025-06-23 01:00:00+00:00,1.14894,1.14927,1.14723,1.14923,11467
2025-06-23 02:00:00+00:00,1.14923,1.1507,1.14923,1.14996,8135
2025-06-23 03:00:00+00:00,1.14996,1.15035,1.14923,1.14941,9454
2025-06-23 04:00:00+00:00,1.1494,1.14966,1.14854,1.14906,7616
2025-06-23 05:00:00+00:00,1.14907,1.15146,1.14907,1.15132,11168
2025-06-23 06:00:00+00:00,1.15132,1.15211,1.15034,1.15072,15120
2025-06-23 07:00:00+00:00,1.15072,1.15163,1.14894,1.14987,19527
2025-06-23 08:00:00+00:00,1.14987,1.15024,1.14802,1.14819,11177
2025-06-23 09:00:00+00:00,1.14819,1.14831,1.14536,1.14722,16573
2025-06-23 10:00:00+00:00,1.14721,1.14821,1.14595,1.14626,11037
2025-06-23 11:00:00+00:00,1.14626,1.1475,1.14605,1.14728,11426
2025-06-23 12:00:00+00:00,1.14729,1.14782,1.14571,1.14677,12816
2025-06-23 13:00:00+00:00,1.14677,1.14942,1.14648,1.14897,18642
2025-06-23 14:00:00+00:00,1.14898,1.15406,1.14894,1.1531,34365
2025-06-23 15:00:00+00:00,1.15311,1.15522,1.15289,1.15374,19342
2025-06-23 16:00:00+00:00,1.15374,1.15576,1.15179,1.1545,20252
2025-06-23 17:00:00+00:00,1.15449,1.15737,1.15407,1.15694,18402
2025-06-23 18:00:00+00:00,1.15695,1.1578,1.15662,1.15743,13294
2025-06-23 19:00:00+00:00,1.15743,1.15791,1.15704,1.15785,9144
2025-06-23 20:00:00+00:00,1.15786,1.15817,1.15748,1.15771,5029
2025-06-23 21:00:00+00:00,1.15795,1.15795,1.15771,1.1578,492
2025-06-23 22:00:00+00:00,1.15775,1.16029,1.15741,1.15925,9612
2025-06-23 23:00:00+00:00,1.15926,1.16086,1.15866,1.1598,8881
2025-06-24 00:00:00+00:00,1.15981,1.16089,1.15897,1.15992,16399
2025-06-24 01:00:00+00:00,1.15993,1.16058,1.159,1.15909,11368
2025-06-24 02:00:00+00:00,1.1591,1.16018,1.15865,1.16003,6674
2025-06-24 03:00:00+00:00,1.16003,1.16099,1.16,1.16058,5001
2025-06-24 04:00:00+00:00,1.16058,1.16143,1.16024,1.16063,4810
2025-06-24 05:00:00+00:00,1.16063,1.16141,1.16013,1.16109,7812
2025-06-24 06:00:00+00:00,1.16108,1.16225,1.16014,1.16053,18761
2025-06-24 07:00:00+00:00,1.16054,1.16106,1.15799,1.15918,24038
2025-06-24 08:00:00+00:00,1.15917,1.15998,1.15855,1.15926,14108
2025-06-24 09:00:00+00:00,1.15927,1.16181,1.1592,1.16098,12883
2025-06-24 10:00:00+00:00,1.16097,1.16097,1.15942,1.15967,7310
2025-06-24 11:00:00+00:00,1.15967,1.16151,1.15966,1.16085,9077
2025-06-24 12:00:00+00:00,1.16083,1.16114,1.15937,1.16008,12606
2025-06-24 13:00:00+00:00,1.16008,1.16034,1.15822,1.15921,15392
2025-06-24 14:00:00+00:00,1.15922,1.16419,1.15907,1.1617,32231
2025-06-24 15:00:00+00:00,1.16169,1.16365,1.16066,1.16072,20996
2025-06-24 16:00:00+00:00,1.16074,1.16251,1.16051,1.16241,13048
2025-06-24 17:00:00+00:00,1.16241,1.16327,1.16224,1.16261,8206
2025-06-24 18:00:00+00:00,1.16262,1.16291,1.16199,1.16238,6809
2025-06-24 19:00:00+00:00,1.16237,1.16251,1.16121,1.16129,6398
2025-06-24 20:00:00+00:00,1.16128,1.16157,1.16084,1.16094,5889
2025-06-24 21:00:00+00:00,1.16122,1.16152,1.16059,1.161,1835
2025-06-24 22:00:00+00:00,1.161,1.16116,1.16045,1.16079,3340
2025-06-24 23:00:00+00:00,1.1608,1.16154,1.16077,1.16123,3846
2025-06-25 00:00:00+00:00,1.16124,1.16269,1.16112,1.16252,9277
2025-06-25 01:00:00+00:00,1.16253,1.16319,1.16177,1.16288,11207
2025-06-25 02:00:00+00:00,1.16287,1.16297,1.16177,1.16207,6572
2025-06-25 03:00:00+00:00,1.16207,1.16233,1.16112,1.16118,5113
2025-06-25 04:00:00+00:00,1.16119,1.1618,1.16116,1.16139,3555
2025-06-25 05:00:00+00:00,1.16139,1.16205,1.16096,1.16194,4784
2025-06-25 06:00:00+00:00,1.16193,1.16227,1.16037,1.16073,10999
2025-06-25 07:00:00+00:00,1.16072,1.16093,1.159,1.1599,12469
2025-06-25 08:00:00+00:00,1.1599,1.16114,1.15933,1.161,10211
2025-06-25 09:00:00+00:00,1.161,1.16113,1.15922,1.16008,10086
2025-06-25 10:00:00+00:00,1.16009,1.16083,1.15974,1.16037,8113
2025-06-25 11:00:00+00:00,1.16038,1.16135,1.15968,1.15995,8685
2025-06-25 12:00:00+00:00,1.15994,1.16053,1.15902,1.15929,11222
2025-06-25 13:00:00+00:00,1.1593,1.16077,1.15903,1.16009,11221
2025-06-25 14:00:00+00:00,1.16008,1.16236,1.16008,1.16211,15455
2025-06-25 15:00:00+00:00,1.16211,1.16298,1.16168,1.16199,10717
2025-06-25 16:00:00+00:00,1.16198,1.1636,1.16197,1.16309,7429
2025-06-25 17:00:00+00:00,1.1631,1.16446,1.16272,1.16426,6743
2025-06-25 18:00:00+00:00,1.16426,1.16615,1.16419,1.1661,7742
2025-06-25 19:00:00+00:00,1.16611,1.16653,1.16565,1.16584,6378
2025-06-25 20:00:00+00:00,1.16585,1.1661,1.16513,1.16597,4128
2025-06-25 21:00:00+00:00,1.16579,1.16582,1.16546,1.16564,749
2025-06-25 22:00:00+00:00,1.16564,1.16605,1.16559,1.16596,2454
2025-06-25 23:00:00+00:00,1.16596,1.16848,1.16596,1.16835,8507
2025-06-26 00:00:00+00:00,1.16836,1.16893,1.16799,1.16823,5485
2025-06-26 01:00:00+00:00,1.16824,1.16879,1.16675,1.16863,7004
2025-06-26 02:00:00+00:00,1.16864,1.16954,1.16823,1.16907,6321
2025-06-26 03:00:00+00:00,1.16908,1.17176,1.16887,1.16948,13003
2025-06-26 04:00:00+00:00,1.16948,1.1695,1.16787,1.16799,5508
2025-06-26 05:00:00+00:00,1.16799,1.16862,1.16756,1.16854,5923
2025-06-26 06:00:00+00:00,1.16854,1.17004,1.16718,1.16996,16034
2025-06-26 07:00:00+00:00,1.16996,1.17134,1.16915,1.17103,17438
2025-06-26 08:00:00+00:00,1.17103,1.17453,1.17067,1.17278,20655
2025-06-26 09:00:00+00:00,1.17277,1.17291,1.17125,1.17254,12370
2025-06-26 10:00:00+00:00,1.17253,1.1731,1.17135,1.17151,8355
2025-06-26 11:00:00+00:00,1.17151,1.17159,1.16939,1.16949,12741
2025-06-26 12:00:00+00:00,1.16949,1.17129,1.16899,1.17068,24771
2025-06-26 13:00:00+00:00,1.17067,1.17212,1.16944,1.17171,21784
2025-06-26 14:00:00+00:00,1.17171,1.17191,1.17061,1.17084,23193
2025-06-26 15:00:00+00:00,1.17085,1.17176,1.16903,1.1717,15263
2025-06-26 16:00:00+00:00,1.17169,1.17404,1.17097,1.17295,11637
2025-06-26 17:00:00+00:00,1.17295,1.17323,1.17207,1.1725,9758
2025-06-26 18:00:00+00:00,1.17249,1.17287,1.17178,1.17205,8624
2025-06-26 19:00:00+00:00,1.17206,1.17207,1.17042,1.17047,8252
2025-06-26 20:00:00+00:00,1.17047,1.17088,1.16941,1.1701,5716
2025-06-26 21:00:00+00:00,1.16998,1.17069,1.1693,1.16988,2318
2025-06-26 22:00:00+00:00,1.16983,1.16986,1.16809,1.16833,4202
2025-06-26 23:00:00+00:00,1.16834,1.16984,1.16834,1.16934,5100
2025-06-27 00:00:00+00:00,1.16937,1.16981,1.16884,1.16919,9509
2025-06-27 01:00:00+00:00,1.1692,1.17043,1.1686,1.17015,9152
2025-06-27 02:00:00+00:00,1.17016,1.17056,1.16861,1.16999,6393
2025-06-27 03:00:00+00:00,1.17,1.17097,1.16956,1.16959,4346
2025-06-27 04:00:00+00:00,1.16959,1.16982,1.16849,1.16851,3825
2025-06-27 05:00:00+00:00,1.16852,1.16938,1.16849,1.16891,5761
2025-06-27 06:00:00+00:00,1.16892,1.17191,1.16836,1.17189,12635
2025-06-27 07:00:00+00:00,1.1719,1.1727,1.1707,1.17148,10633
2025-06-27 08:00:00+00:00,1.17149,1.17263,1.17087,1.17099,8587
2025-06-27 09:00:00+00:00,1.17096,1.17113,1.17015,1.17094,6867
2025-06-27 10:00:00+00:00,1.17094,1.17156,1.17013,1.17139,7451
2025-06-27 11:00:00+00:00,1.17141,1.17203,1.17109,1.17141,7008
2025-06-27 12:00:00+00:00,1.17142,1.17497,1.17031,1.17471,25612
2025-06-27 13:00:00+00:00,1.1747,1.17543,1.17158,1.17281,20734
2025-06-27 14:00:00+00:00,1.1728,1.17385,1.17053,1.17185,21506
2025-06-27 15:00:00+00:00,1.17185,1.17303,1.17114,1.17236,12653
2025-06-27 16:00:00+00:00,1.17235,1.17327,1.17177,1.17224,10195
2025-06-27 17:00:00+00:00,1.17225,1.17242,1.16954,1.17022,15819
2025-06-27 18:00:00+00:00,1.17021,1.17059,1.16879,1.16996,17230
2025-06-27 19:00:00+00:00,1.16996,1.1709,1.1699,1.17068,9036
2025-06-27 20:00:00+00:00,1.17068,1.17211,1.17062,1.17168,6234
2025-06-29 21:00:00+00:00,1.17312,1.17317,1.17233,1.17314,967
2025-06-29 22:00:00+00:00,1.17315,1.17332,1.17221,1.17304,6070
2025-06-29 23:00:00+00:00,1.17305,1.17388,1.17261,1.17268,5777
2025-06-30 00:00:00+00:00,1.17269,1.17286,1.17159,1.17181,7779
2025-06-30 01:00:00+00:00,1.17182,1.17349,1.17152,1.17204,7660
2025-06-30 02:00:00+00:00,1.17203,1.17318,1.17183,1.17192,7315
2025-06-30 03:00:00+00:00,1.17191,1.17221,1.17119,1.17124,4510
2025-06-30 04:00:00+00:00,1.17124,1.17321,1.17121,1.17305,4288
2025-06-30 05:00:00+00:00,1.17304,1.17385,1.17235,1.17267,7057
2025-06-30 06:00:00+00:00,1.17267,1.17509,1.17208,1.17433,13391
2025-06-30 07:00:00+00:00,1.17433,1.17434,1.17248,1.17248,13851
2025-06-30 08:00:00+00:00,1.17248,1.17305,1.17137,1.17295,14526
2025-06-30 09:00:00+00:00,1.17295,1.17328,1.17175,1.17196,9184
2025-06-30 10:00:00+00:00,1.17195,1.17248,1.17167,1.17247,7276
2025-06-30 11:00:00+00:00,1.17247,1.17317,1.17229,1.17232,6588
2025-06-30 12:00:00+00:00,1.17233,1.17254,1.17078,1.17134,8982
2025-06-30 13:00:00+00:00,1.17133,1.17216,1.1712,1.17215,10651
2025-06-30 14:00:00+00:00,1.17214,1.17511,1.17108,1.17387,23119
2025-06-30 15:00:00+00:00,1.17386,1.1772,1.17336,1.17698,20079
2025-06-30 16:00:00+00:00,1.17698,1.177,1.17488,1.17629,12155
2025-06-30 17:00:00+00:00,1.17628,1.17708,1.17606,1.17659,7904
2025-06-30 18:00:00+00:00,1.17659,1.178,1.17647,1.17759,8520
2025-06-30 19:00:00+00:00,1.17758,1.17807,1.17726,1.17798,7017
2025-06-30 20:00:00+00:00,1.17797,1.17885,1.17776,1.17871,5285
2025-06-30 21:00:00+00:00,1.17848,1.17864,1.17778,1.17819,3566
2025-06-30 22:00:00+00:00,1.17814,1.17915,1.17784,1.1786,4228
2025-06-30 23:00:00+00:00,1.17859,1.17877,1.17835,1.17865,2757
2025-07-01 00:00:00+00:00,1.17864,1.17979,1.17864,1.17976,8109
2025-07-01 01:00:00+00:00,1.17977,1.18078,1.17797,1.17805,10425
2025-07-01 02:00:00+00:00,1.17804,1.17897,1.1778,1.17884,6445
2025-07-01 03:00:00+00:00,1.17883,1.1794,1.1787,1.17895,3833
2025-07-01 04:00:00+00:00,1.17895,1.17939,1.1783,1.17864,4073
2025-07-01 05:00:00+00:00,1.17865,1.17898,1.17803,1.17866,5003
2025-07-01 06:00:00+00:00,1.17866,1.1787,1.1776,1.17793,9933
2025-07-01 07:00:00+00:00,1.17793,1.1788,1.17674,1.17862,12050
2025-07-01 08:00:00+00:00,1.17861,1.18177,1.17745,1.18047,17294
2025-07-01 09:00:00+00:00,1.18046,1.183,1.17969,1.18137,16852
2025-07-01 10:00:00+00:00,1.18137,1.18235,1.18109,1.18116,8726
2025-07-01 11:00:00+00:00,1.18115,1.18195,1.18058,1.1814,7921
2025-07-01 12:00:00+00:00,1.18139,1.18176,1.18023,1.18037,11331
2025-07-01 13:00:00+00:00,1.18038,1.18121,1.1793,1.18037,16152
2025-07-01 14:00:00+00:00,1.18039,1.18039,1.17752,1.17797,27210
2025-07-01 15:00:00+00:00,1.17797,1.17798,1.1769,1.17759,15124
2025-07-01 16:00:00+00:00,1.17759,1.17762,1.17614,1.17656,9796
2025-07-01 17:00:00+00:00,1.17657,1.17838,1.17656,1.17829,8025
2025-07-01 18:00:00+00:00,1.17828,1.17837,1.17752,1.1781,5452
2025-07-01 19:00:00+00:00,1.17809,1.17914,1.17795,1.17911,6764
2025-07-01 20:00:00+00:00,1.17911,1.18069,1.1791,1.18062,4136
2025-07-01 21:00:00+00:00,1.18024,1.18048,1.18003,1.18041,1376
2025-07-01 22:00:00+00:00,1.18038,1.18065,1.18021,1.18027,2161
2025-07-01 23:00:00+00:00,1.18028,1.18071,1.17991,1.18053,2388
2025-07-02 00:00:00+00:00,1.18053,1.18083,1.17993,1.18077,6447
2025-07-02 01:00:00+00:00,1.18078,1.18102,1.17922,1.17937,5680
2025-07-02 02:00:00+00:00,1.17937,1.18018,1.17884,1.18003,5165
2025-07-02 03:00:00+00:00,1.18003,1.18031,1.17963,1.18004,3082
2025-07-02 04:00:00+00:00,1.18006,1.18013,1.17959,1.17964,2183
2025-07-02 05:00:00+00:00,1.17963,1.17984,1.17847,1.17874,4204
2025-07-02 06:00:00+00:00,1.17875,1.17936,1.17735,1.17816,8052
2025-07-02 07:00:00+00:00,1.17816,1.17837,1.17712,1.17741,9366
2025-07-02 08:00:00+00:00,1.17741,1.17816,1.17701,1.17758,9007
2025-07-02 09:00:00+00:00,1.17758,1.17777,1.17672,1.17704,7401
2025-07-02 10:00:00+00:00,1.17705,1.17811,1.17649,1.17677,6872
2025-07-02 11:00:00+00:00,1.17677,1.17714,1.17469,1.17498,11341
2025-07-02 12:00:00+00:00,1.17498,1.17884,1.17474,1.17567,31366
2025-07-02 13:00:00+00:00,1.17566,1.17777,1.17549,1.17599,19894
2025-07-02 14:00:00+00:00,1.17598,1.1771,1.17502,1.17676,18120
2025-07-02 15:00:00+00:00,1.17675,1.179,1.1766,1.17894,13335
2025-07-02 16:00:00+00:00,1.17895,1.17941,1.17856,1.17885,7994
2025-07-02 17:00:00+00:00,1.17885,1.18001,1.17884,1.17955,6076
2025-07-02 18:00:00+00:00,1.17954,1.18001,1.17934,1.17996,5229
2025-07-02 19:00:00+00:00,1.17997,1.18033,1.17956,1.18024,5562
2025-07-02 20:00:00+00:00,1.18024,1.18025,1.17957,1.17987,3228
2025-07-02 21:00:00+00:00,1.17966,1.17992,1.17886,1.17966,1441
2025-07-02 22:00:00+00:00,1.17966,1.18005,1.17954,1.17985,1970
2025-07-02 23:00:00+00:00,1.17985,1.18024,1.17972,1.17987,2566
2025-07-03 00:00:00+00:00,1.17988,1.1809,1.1798,1.18068,7354
2025-07-03 01:00:00+00:00,1.18067,1.18101,1.18039,1.18045,5768
2025-07-03 02:00:00+00:00,1.18046,1.18048,1.17946,1.17979,3713
2025-07-03 03:00:00+00:00,1.17978,1.17997,1.17894,1.17918,2818
2025-07-03 04:00:00+00:00,1.17917,1.17933,1.17875,1.17895,1861
2025-07-03 05:00:00+00:00,1.17895,1.17962,1.17869,1.17961,3039
2025-07-03 06:00:00+00:00,1.1796,1.1803,1.17917,1.18024,7463
2025-07-03 07:00:00+00:00,1.18023,1.18101,1.17945,1.18015,9628
2025-07-03 08:00:00+00:00,1.18014,1.18085,1.17957,1.1798,7657
2025-07-03 09:00:00+00:00,1.17981,1.17982,1.17885,1.17924,6679
2025-07-03 10:00:00+00:00,1.17923,1.18002,1.1787,1.17933,5343
2025-07-03 11:00:00+00:00,1.17934,1.17969,1.17833,1.17848,6276
2025-07-03 12:00:00+00:00,1.17849,1.179,1.17176,1.17385,43602
2025-07-03 13:00:00+00:00,1.17384,1.17796,1.1734,1.17743,25074
2025-07-03 14:00:00+00:00,1.17742,1.17901,1.17512,1.17532,21788
2025-07-03 15:00:00+00:00,1.17532,1.17663,1.17492,1.17569,11924
2025-07-03 16:00:00+00:00,1.17568,1.17582,1.17401,1.17524,7577
2025-07-03 17:00:00+00:00,1.17523,1.17585,1.17505,1.17541,3514
2025-07-03 18:00:00+00:00,1.1754,1.17566,1.1748,1.1749,2910
2025-07-03 19:00:00+00:00,1.17489,1.17526,1.17444,1.17479,2349
2025-07-03 20:00:00+00:00,1.17478,1.17598,1.17464,1.1757,3993
2025-07-03 21:00:00+00:00,1.17592,1.17598,1.1753,1.17575,979
2025-07-03 22:00:00+00:00,1.17575,1.17597,1.17541,1.17597,2220
2025-07-03 23:00:00+00:00,1.17597,1.17716,1.1756,1.17691,3747
2025-07-04 00:00:00+00:00,1.1769,1.17705,1.17635,1.1767,6079
2025-07-04 01:00:00+00:00,1.1767,1.17697,1.1756,1.17596,4853
2025-07-04 02:00:00+00:00,1.17597,1.17709,1.17596,1.17655,4698
2025-07-04 03:00:00+00:00,1.17654,1.17726,1.17646,1.17702,3420
2025-07-04 04:00:00+00:00,1.17701,1.17803,1.17694,1.17802,3776
2025-07-04 05:00:00+00:00,1.17803,1.17856,1.17799,1.17843,4469
2025-07-04 06:00:00+00:00,1.17844,1.17851,1.17745,1.17813,8289
2025-07-04 07:00:00+00:00,1.17812,1.17827,1.17677,1.17698,11189
2025-07-04 08:00:00+00:00,1.17699,1.17776,1.17684,1.17745,8759
2025-07-04 09:00:00+00:00,1.17745,1.17823,1.17722,1.17785,7213
2025-07-04 10:00:00+00:00,1.17785,1.1781,1.1775,1.17778,6303
2025-07-04 11:00:00+00:00,1.17779,1.17821,1.17685,1.17689,6729
2025-07-04 12:00:00+00:00,1.1769,1.1772,1.17637,1.17667,5785
2025-07-04 13:00:00+00:00,1.17666,1.1781,1.17665,1.17796,5257
2025-07-04 14:00:00+00:00,1.17797,1.17877,1.17754,1.17785,7227
2025-07-04 15:00:00+00:00,1.17783,1.17846,1.1776,1.17788,4850
2025-07-04 16:00:00+00:00,1.17788,1.17818,1.17739,1.17747,2984
2025-07-04 17:00:00+00:00,1.17746,1.17779,1.17723,1.17758,26598
2025-07-04 18:00:00+00:00,1.17757,1.17796,1.17745,1.17793,16674
2025-07-04 19:00:00+00:00,1.17792,1.178,1.17731,1.1775,20471
2025-07-04 20:00:00+00:00,1.17751,1.17852,1.1774,1.17755,14458
2025-07-06 21:00:00+00:00,1.17857,1.17858,1.17795,1.17806,683
2025-07-06 22:00:00+00:00,1.17808,1.17821,1.17736,1.17801,2871
2025-07-06 23:00:00+00:00,1.17804,1.17824,1.17752,1.17804,2788
2025-07-07 00:00:00+00:00,1.17803,1.17903,1.17788,1.17801,6821
2025-07-07 01:00:00+00:00,1.178,1.17808,1.17702,1.17721,5341
2025-07-07 02:00:00+00:00,1.1772,1.17755,1.17648,1.17675,5637
2025-07-07 03:00:00+00:00,1.17676,1.17744,1.17664,1.17692,3719
2025-07-07 04:00:00+00:00,1.17692,1.17726,1.17641,1.17662,3712
2025-07-07 05:00:00+00:00,1.17662,1.17739,1.17636,1.17716,5165
2025-07-07 06:00:00+00:00,1.17715,1.17737,1.17501,1.17559,9647
2025-07-07 07:00:00+00:00,1.1756,1.17588,1.17452,1.17456,9513
2025-07-07 08:00:00+00:00,1.17456,1.17475,1.17234,1.17244,10184
2025-07-07 09:00:00+00:00,1.17243,1.17348,1.17222,1.17341,7088
2025-07-07 10:00:00+00:00,1.1734,1.17361,1.17231,1.17277,6027
2025-07-07 11:00:00+00:00,1.17277,1.17343,1.17252,1.17296,6371
2025-07-07 12:00:00+00:00,1.17296,1.17312,1.17179,1.17226,7794
2025-07-07 13:00:00+00:00,1.17225,1.17411,1.1722,1.17353,9114
2025-07-07 14:00:00+00:00,1.17353,1.17456,1.17328,1.17388,10433
2025-07-07 15:00:00+00:00,1.17388,1.17406,1.17304,1.17331,9192
2025-07-07 16:00:00+00:00,1.17332,1.17399,1.16875,1.16944,19338
2025-07-07 17:00:00+00:00,1.16943,1.17137,1.16865,1.17068,16212
2025-07-07 18:00:00+00:00,1.1707,1.17201,1.17002,1.17191,9422
2025-07-07 19:00:00+00:00,1.1719,1.17239,1.17163,1.17196,5966
2025-07-07 20:00:00+00:00,1.17195,1.17215,1.17069,1.17085,3596
2025-07-07 21:00:00+00:00,1.17102,1.17102,1.17087,1.17092,906
2025-07-07 22:00:00+00:00,1.17093,1.17378,1.17093,1.17356,4676
2025-07-07 23:00:00+00:00,1.17356,1.17389,1.17317,1.17366,4733
2025-07-08 00:00:00+00:00,1.17368,1.17479,1.17366,1.17436,6686
2025-07-08 01:00:00+00:00,1.17435,1.17447,1.17309,1.17383,6539
2025-07-08 02:00:00+00:00,1.17383,1.17487,1.17362,1.17385,4336
2025-07-08 03:00:00+00:00,1.17385,1.17489,1.17372,1.1747,4757
2025-07-08 04:00:00+00:00,1.17469,1.17503,1.17408,1.17416,5261
2025-07-08 05:00:00+00:00,1.17415,1.17448,1.1734,1.17348,6453
2025-07-08 06:00:00+00:00,1.17347,1.17449,1.17318,1.17418,10582
2025-07-08 07:00:00+00:00,1.17418,1.17654,1.17418,1.17601,10837
2025-07-08 08:00:00+00:00,1.17599,1.17607,1.17476,1.1749,9661
2025-07-08 09:00:00+00:00,1.17489,1.17506,1.1739,1.17421,6762
2025-07-08 10:00:00+00:00,1.17421,1.17425,1.17233,1.17282,7154
2025-07-08 11:00:00+00:00,1.17281,1.17386,1.17215,1.17219,7138
2025-07-08 12:00:00+00:00,1.17218,1.17246,1.1714,1.1721,9587
2025-07-08 13:00:00+00:00,1.1721,1.17223,1.16939,1.17052,12895
2025-07-08 14:00:00+00:00,1.17052,1.17068,1.16825,1.16923,14949
2025-07-08 15:00:00+00:00,1.16924,1.17127,1.169,1.17066,10552
2025-07-08 16:00:00+00:00,1.17067,1.1713,1.16965,1.17088,14336
2025-07-08 17:00:00+00:00,1.17088,1.17262,1.17077,1.17244,10899
2025-07-08 18:00:00+00:00,1.17244,1.17288,1.17182,1.17254,7668
2025-07-08 19:00:00+00:00,1.17255,1.173,1.17195,1.17241,6898
2025-07-08 20:00:00+00:00,1.17239,1.17291,1.17226,1.17255,3621
2025-07-08 21:00:00+00:00,1.1721,1.17248,1.17193,1.1723,3615
2025-07-08 22:00:00+00:00,1.17232,1.17295,1.17221,1.17288,1339
2025-07-08 23:00:00+00:00,1.17289,1.17293,1.1722,1.17235,2368
2025-07-09 00:00:00+00:00,1.17236,1.1726,1.17178,1.17247,7252
2025-07-09 01:00:00+00:00,1.17247,1.17259,1.17168,1.17205,6220
2025-07-09 02:00:00+00:00,1.17205,1.17254,1.17049,1.17114,5849
2025-07-09 03:00:00+00:00,1.17114,1.17118,1.17031,1.1704,4646
2025-07-09 04:00:00+00:00,1.17041,1.1714,1.17017,1.17127,4447
2025-07-09 05:00:00+00:00,1.17126,1.17215,1.1711,1.17167,4510
2025-07-09 06:00:00+00:00,1.17168,1.17286,1.17124,1.17259,7614
2025-07-09 07:00:00+00:00,1.17261,1.17285,1.17045,1.17078,10834
2025-07-09 08:00:00+00:00,1.17077,1.17204,1.17024,1.17135,9578
2025-07-09 09:00:00+00:00,1.17134,1.17198,1.17074,1.17136,7437
2025-07-09 10:00:00+00:00,1.17136,1.17177,1.17018,1.17021,6678
2025-07-09 11:00:00+00:00,1.17022,1.17066,1.16898,1.16912,5653
2025-07-09 12:00:00+00:00,1.16912,1.17171,1.16912,1.17155,13080
2025-07-09 13:00:00+00:00,1.17154,1.17226,1.17006,1.17034,12151
2025-07-09 14:00:00+00:00,1.17034,1.17247,1.17029,1.17149,13331
2025-07-09 15:00:00+00:00,1.1715,1.17163,1.17051,1.17062,7640
2025-07-09 16:00:00+00:00,1.17062,1.17091,1.17009,1.17051,3973
2025-07-09 17:00:00+00:00,1.17051,1.17109,1.17039,1.17097,5347
2025-07-09 18:00:00+00:00,1.17098,1.17181,1.17052,1.17135,6765
2025-07-09 19:00:00+00:00,1.17136,1.17233,1.17131,1.17189,4038
2025-07-09 20:00:00+00:00,1.17189,1.17238,1.17117,1.17212,3823
2025-07-09 21:00:00+00:00,1.17202,1.17233,1.1717,1.17229,1125
2025-07-09 22:00:00+00:00,1.17228,1.17252,1.17228,1.17245,1515
2025-07-09 23:00:00+00:00,1.17246,1.17401,1.17232,1.17382,2682
2025-07-10 00:00:00+00:00,1.17381,1.17497,1.17358,1.17439,7506
2025-07-10 01:00:00+00:00,1.17437,1.17445,1.17379,1.17408,4091
2025-07-10 02:00:00+00:00,1.17409,1.17447,1.17375,1.17392,4268
2025-07-10 03:00:00+00:00,1.17392,1.174,1.17339,1.17341,2507
2025-07-10 04:00:00+00:00,1.17341,1.1736,1.17305,1.17351,2217
2025-07-10 05:00:00+00:00,1.1735,1.1741,1.17349,1.17392,3189
2025-07-10 06:00:00+00:00,1.17393,1.17435,1.17296,1.17329,8400
2025-07-10 07:00:00+00:00,1.17328,1.1738,1.17263,1.17331,8083
2025-07-10 08:00:00+00:00,1.17332,1.17344,1.1726,1.17278,5218
2025-07-10 09:00:00+00:00,1.17279,1.17345,1.17278,1.1731,3944
2025-07-10 10:00:00+00:00,1.17311,1.17341,1.17276,1.17284,3378
2025-07-10 11:00:00+00:00,1.17285,1.17296,1.17081,1.17119,6461
2025-07-10 12:00:00+00:00,1.1712,1.17142,1.17016,1.17065,11007
2025-07-10 13:00:00+00:00,1.17065,1.17148,1.16867,1.16928,12599
2025-07-10 14:00:00+00:00,1.16927,1.1694,1.16625,1.16799,22758
2025-07-10 15:00:00+00:00,1.16798,1.16887,1.1674,1.16875,11027
2025-07-10 16:00:00+00:00,1.16876,1.16904,1.16824,1.16856,7360
2025-07-10 17:00:00+00:00,1.16856,1.16914,1.16816,1.16893,5087
2025-07-10 18:00:00+00:00,1.16893,1.1695,1.16879,1.16923,6122
2025-07-10 19:00:00+00:00,1.16924,1.16991,1.169,1.16956,6368
2025-07-10 20:00:00+00:00,1.16957,1.17009,1.16947,1.17007,2812
2025-07-10 21:00:00+00:00,1.1699,1.17035,1.16989,1.17035,1464
2025-07-10 22:00:00+00:00,1.17037,1.17076,1.17026,1.17059,1797
2025-07-10 23:00:00+00:00,1.1706,1.17062,1.16994,1.17018,2380
2025-07-11 00:00:00+00:00,1.17017,1.17049,1.16647,1.16748,21316
2025-07-11 01:00:00+00:00,1.16749,1.16861,1.16686,1.16754,13467
2025-07-11 02:00:00+00:00,1.16753,1.16781,1.16708,1.1671,7345
2025-07-11 03:00:00+00:00,1.16711,1.16846,1.16705,1.16817,5470
2025-07-11 04:00:00+00:00,1.16817,1.16828,1.16693,1.16765,6428
2025-07-11 05:00:00+00:00,1.16764,1.16842,1.16751,1.16782,6594
2025-07-11 06:00:00+00:00,1.16781,1.1685,1.16703,1.16749,11827
2025-07-11 07:00:00+00:00,1.1675,1.16959,1.1675,1.16889,10367
2025-07-11 08:00:00+00:00,1.1689,1.16923,1.16797,1.16822,8731
2025-07-11 09:00:00+00:00,1.16822,1.16955,1.16813,1.1695,7392
2025-07-11 10:00:00+00:00,1.1695,1.16969,1.16876,1.16927,7680
2025-07-11 11:00:00+00:00,1.16928,1.17011,1.16863,1.16878,10631
2025-07-11 12:00:00+00:00,1.16878,1.17004,1.16825,1.16886,13770
2025-07-11 13:00:00+00:00,1.16886,1.17142,1.16864,1.16888,18492
2025-07-11 14:00:00+00:00,1.16888,1.16943,1.16741,1.16921,17258
2025-07-11 15:00:00+00:00,1.1692,1.17043,1.16892,1.16961,11866
2025-07-11 16:00:00+00:00,1.16961,1.16981,1.16889,1.16916,10925
2025-07-11 17:00:00+00:00,1.16915,1.1695,1.16866,1.16934,6492
2025-07-11 18:00:00+00:00,1.16935,1.16959,1.16883,1.16886,9964
2025-07-11 19:00:00+00:00,1.16887,1.16922,1.16858,1.16881,9000
2025-07-11 20:00:00+00:00,1.16881,1.16942,1.16789,1.16895,10287
2025-07-13 21:00:00+00:00,1.16693,1.1675,1.16625,1.16696,1327
2025-07-13 22:00:00+00:00,1.16696,1.16847,1.16632,1.1665,8818
2025-07-13 23:00:00+00:00,1.16649,1.16829,1.16636,1.16827,6842
2025-07-14 00:00:00+00:00,1.16826,1.16942,1.16818,1.16935,7896
2025-07-14 01:00:00+00:00,1.16935,1.16979,1.16842,1.16846,5674
2025-07-14 02:00:00+00:00,1.16846,1.16903,1.16729,1.16746,5204
2025-07-14 03:00:00+00:00,1.16747,1.16851,1.16734,1.16813,4856
2025-07-14 04:00:00+00:00,1.16812,1.16821,1.16749,1.16751,4037
2025-07-14 05:00:00+00:00,1.1675,1.16786,1.16649,1.16697,6126
2025-07-14 06:00:00+00:00,1.16696,1.16703,1.16543,1.16637,9651
2025-07-14 07:00:00+00:00,1.16636,1.16876,1.16628,1.16857,10654
2025-07-14 08:00:00+00:00,1.16857,1.16889,1.16801,1.16826,8280
2025-07-14 09:00:00+00:00,1.16826,1.16921,1.16795,1.16913,7652
2025-07-14 10:00:00+00:00,1.16912,1.16954,1.16881,1.16949,5593
2025-07-14 11:00:00+00:00,1.16951,1.16972,1.16864,1.16889,7438
2025-07-14 12:00:00+00:00,1.16888,1.1692,1.168,1.16857,6669
2025-07-14 13:00:00+00:00,1.16856,1.16867,1.16747,1.16821,9452
2025-07-14 14:00:00+00:00,1.16821,1.16943,1.16786,1.16835,11253
2025-07-14 15:00:00+00:00,1.16836,1.16959,1.16672,1.16713,12000
2025-07-14 16:00:00+00:00,1.16713,1.16763,1.16602,1.16625,11847
2025-07-14 17:00:00+00:00,1.16625,1.16669,1.1659,1.16628,5121
2025-07-14 18:00:00+00:00,1.16629,1.1673,1.16629,1.16702,5951
2025-07-14 19:00:00+00:00,1.16703,1.16719,1.16645,1.16682,4306
2025-07-14 20:00:00+00:00,1.16682,1.16691,1.16633,1.16643,3876
2025-07-14 21:00:00+00:00,1.16651,1.16672,1.16615,1.16641,914
2025-07-14 22:00:00+00:00,1.16642,1.16679,1.16641,1.16666,1855
2025-07-14 23:00:00+00:00,1.16666,1.1667,1.16607,1.16653,1879
2025-07-15 00:00:00+00:00,1.16654,1.16774,1.16648,1.16724,5377
2025-07-15 01:00:00+00:00,1.16724,1.16748,1.16661,1.16691,4321
2025-07-15 02:00:00+00:00,1.16691,1.16751,1.16653,1.16746,4404
2025-07-15 03:00:00+00:00,1.16746,1.16778,1.16733,1.16759,3769
2025-07-15 04:00:00+00:00,1.1676,1.16801,1.1674,1.1676,2429
2025-07-15 05:00:00+00:00,1.16761,1.16863,1.1676,1.16859,3688
2025-07-15 06:00:00+00:00,1.16859,1.16882,1.16745,1.16779,7211
2025-07-15 07:00:00+00:00,1.1678,1.16928,1.16718,1.16906,10708
2025-07-15 08:00:00+00:00,1.16905,1.16915,1.1682,1.16872,6187
2025-07-15 09:00:00+00:00,1.16872,1.16911,1.16814,1.16851,6309
2025-07-15 10:00:00+00:00,1.16852,1.16876,1.16764,1.16839,4608
2025-07-15 11:00:00+00:00,1.16838,1.16842,1.16677,1.16696,5457
2025-07-15 12:00:00+00:00,1.16697,1.16912,1.16625,1.16781,22800
2025-07-15 13:00:00+00:00,1.16781,1.16792,1.16388,1.16432,25789
2025-07-15 14:00:00+00:00,1.16433,1.16443,1.16154,1.16186,26768
2025-07-15 15:00:00+00:00,1.16187,1.16187,1.16008,1.1618,15267
2025-07-15 16:00:00+00:00,1.1618,1.16205,1.15937,1.15962,9924
2025-07-15 17:00:00+00:00,1.15963,1.16013,1.15929,1.15968,5993
2025-07-15 18:00:00+00:00,1.15967,1.16055,1.15955,1.16033,5534
2025-07-15 19:00:00+00:00,1.16031,1.16036,1.15993,1.1601,4900
2025-07-15 20:00:00+00:00,1.16009,1.16038,1.15993,1.1601,3512
2025-07-15 21:00:00+00:00,1.16,1.16018,1.15993,1.16013,301
2025-07-15 22:00:00+00:00,1.16012,1.16046,1.15992,1.16044,1822
2025-07-15 23:00:00+00:00,1.16044,1.1608,1.1603,1.16073,2150
2025-07-16 00:00:00+00:00,1.16073,1.16135,1.16024,1.16081,6413
2025-07-16 01:00:00+00:00,1.1608,1.16155,1.16067,1.16137,4750
2025-07-16 02:00:00+00:00,1.16138,1.16138,1.16072,1.16104,2873
2025-07-16 03:00:00+00:00,1.16104,1.16157,1.16062,1.1611,3757
2025-07-16 04:00:00+00:00,1.16111,1.16199,1.16104,1.16197,2860
2025-07-16 05:00:00+00:00,1.16197,1.16208,1.16146,1.16206,3823
2025-07-16 06:00:00+00:00,1.16206,1.16281,1.16184,1.16278,9090
2025-07-16 07:00:00+00:00,1.16279,1.16286,1.16127,1.16188,9026
2025-07-16 08:00:00+00:00,1.16187,1.16258,1.16181,1.16256,7158
2025-07-16 09:00:00+00:00,1.16255,1.16266,1.16132,1.16156,7670
2025-07-16 10:00:00+00:00,1.16157,1.16189,1.16092,1.16173,4610
2025-07-16 11:00:00+00:00,1.16174,1.16212,1.16009,1.16035,7564
2025-07-16 12:00:00+00:00,1.16035,1.16134,1.1593,1.15987,19713
2025-07-16 13:00:00+00:00,1.15987,1.16031,1.1563,1.15725,20794
2025-07-16 14:00:00+00:00,1.15726,1.1606,1.15623,1.15929,30991
2025-07-16 15:00:00+00:00,1.15928,1.17217,1.15922,1.16287,132721
2025-07-16 16:00:00+00:00,1.16288,1.16565,1.16155,1.16391,46257
2025-07-16 17:00:00+00:00,1.16392,1.16587,1.16365,1.16414,17760
2025-07-16 18:00:00+00:00,1.16415,1.16447,1.16275,1.16282,10501
2025-07-16 19:00:00+00:00,1.16283,1.16374,1.16203,1.1636,10224
2025-07-16 20:00:00+00:00,1.16359,1.16429,1.16334,1.16414,7813
2025-07-16 21:00:00+00:00,1.16375,1.16422,1.16341,1.16349,1806
2025-07-16 22:00:00+00:00,1.16351,1.16426,1.16344,1.16365,3002
2025-07-16 23:00:00+00:00,1.16366,1.16401,1.16335,1.16356,3063
2025-07-17 00:00:00+00:00,1.16355,1.16364,1.16174,1.16239,6364
2025-07-17 01:00:00+00:00,1.1624,1.16291,1.16136,1.16279,6990
2025-07-17 02:00:00+00:00,1.1628,1.1628,1.16168,1.16183,5029
2025-07-17 03:00:00+00:00,1.16183,1.16196,1.1614,1.16192,4622
2025-07-17 04:00:00+00:00,1.16193,1.16246,1.16161,1.16244,3086
2025-07-17 05:00:00+00:00,1.16243,1.16274,1.16167,1.1617,4123
2025-07-17 06:00:00+00:00,1.16169,1.16177,1.15732,1.15832,17815
2025-07-17 07:00:00+00:00,1.15833,1.15968,1.15741,1.15908,12502
2025-07-17 08:00:00+00:00,1.15907,1.16054,1.15895,1.16016,7715
2025-07-17 09:00:00+00:00,1.16017,1.1605,1.15886,1.15909,5566
2025-07-17 10:00:00+00:00,1.15908,1.15913,1.15835,1.15861,4853
2025-07-17 11:00:00+00:00,1.15861,1.15901,1.15704,1.15746,6140
2025-07-17 12:00:00+00:00,1.15745,1.15927,1.15569,1.15872,18961
2025-07-17 13:00:00+00:00,1.15872,1.15986,1.15803,1.15863,14676
2025-07-17 14:00:00+00:00,1.15863,1.15927,1.15778,1.1588,13004
2025-07-17 15:00:00+00:00,1.15879,1.16028,1.15855,1.15965,9793
2025-07-17 16:00:00+00:00,1.15966,1.16021,1.15835,1.15863,8101
2025-07-17 17:00:00+00:00,1.15862,1.15909,1.15823,1.15852,4677
2025-07-17 18:00:00+00:00,1.15851,1.15881,1.158,1.15846,5524
2025-07-17 19:00:00+00:00,1.15845,1.15998,1.15843,1.15976,5272
2025-07-17 20:00:00+00:00,1.15975,1.16005,1.15942,1.15957,3447
2025-07-17 21:00:00+00:00,1.15938,1.15992,1.15938,1.15985,939
2025-07-17 22:00:00+00:00,1.15986,1.16193,1.15983,1.16169,4288
2025-07-17 23:00:00+00:00,1.16171,1.16197,1.16148,1.16151,3294
2025-07-18 00:00:00+00:00,1.16151,1.16277,1.16145,1.16246,5880
2025-07-18 01:00:00+00:00,1.16247,1.16344,1.16202,1.16291,7022
2025-07-18 02:00:00+00:00,1.1629,1.16314,1.16243,1.16293,4460
2025-07-18 03:00:00+00:00,1.16292,1.16319,1.16221,1.16239,3800
2025-07-18 04:00:00+00:00,1.1624,1.16241,1.16184,1.16194,3046
2025-07-18 05:00:00+00:00,1.16193,1.16206,1.16124,1.16172,4754
2025-07-18 06:00:00+00:00,1.16171,1.16226,1.16122,1.16206,8178
2025-07-18 07:00:00+00:00,1.16205,1.16313,1.16201,1.16291,7855
2025-07-18 08:00:00+00:00,1.16291,1.16458,1.16282,1.16356,9425
2025-07-18 09:00:00+00:00,1.16356,1.16432,1.16333,1.16336,6677
2025-07-18 10:00:00+00:00,1.16336,1.16422,1.16322,1.164,6575
2025-07-18 11:00:00+00:00,1.164,1.16482,1.16396,1.16446,7916
2025-07-18 12:00:00+00:00,1.16446,1.16586,1.16431,1.16565,12540
2025-07-18 13:00:00+00:00,1.16564,1.16677,1.16479,1.16666,14218
2025-07-18 14:00:00+00:00,1.16667,1.1672,1.16446,1.1648,15758
2025-07-18 15:00:00+00:00,1.1648,1.16578,1.16427,1.16448,10601
2025-07-18 16:00:00+00:00,1.16447,1.16488,1.16264,1.16286,11291
2025-07-18 17:00:00+00:00,1.16286,1.16298,1.1618,1.16271,6242
2025-07-18 18:00:00+00:00,1.16272,1.16282,1.16195,1.16218,6114
2025-07-18 19:00:00+00:00,1.16217,1.16232,1.16172,1.16224,5268
2025-07-18 20:00:00+00:00,1.16225,1.16308,1.16195,1.1627,7961
2025-07-20 21:00:00+00:00,1.16299,1.1635,1.16274,1.16349,1799
2025-07-20 22:00:00+00:00,1.16351,1.16351,1.16225,1.16265,7125
2025-07-20 23:00:00+00:00,1.16264,1.16319,1.16248,1.16297,4028
2025-07-21 00:00:00+00:00,1.16298,1.16364,1.16189,1.16191,4969
2025-07-21 01:00:00+00:00,1.16191,1.16255,1.16158,1.16173,6262
2025-07-21 02:00:00+00:00,1.16174,1.16245,1.16146,1.1622,5033
2025-07-21 03:00:00+00:00,1.1622,1.16258,1.16201,1.16255,3273
2025-07-21 04:00:00+00:00,1.16255,1.16303,1.16232,1.16294,2612
2025-07-21 05:00:00+00:00,1.16293,1.16354,1.16279,1.16337,4037
2025-07-21 06:00:00+00:00,1.16336,1.16429,1.16292,1.16415,7757
2025-07-21 07:00:00+00:00,1.16415,1.16475,1.16354,1.16436,10142
2025-07-21 08:00:00+00:00,1.16436,1.16523,1.16365,1.16424,9804
2025-07-21 09:00:00+00:00,1.16424,1.16487,1.16386,1.1645,6892
2025-07-21 10:00:00+00:00,1.16449,1.16463,1.16338,1.16457,6449
2025-07-21 11:00:00+00:00,1.16455,1.16699,1.16445,1.16678,8847
2025-07-21 12:00:00+00:00,1.16677,1.16735,1.16628,1.16651,8684
2025-07-21 13:00:00+00:00,1.16651,1.16657,1.16578,1.16649,7365
2025-07-21 14:00:00+00:00,1.16648,1.16985,1.1664,1.16966,16772
2025-07-21 15:00:00+00:00,1.16965,1.17168,1.16957,1.17048,12987
2025-07-21 16:00:00+00:00,1.17046,1.1706,1.16956,1.17002,8883
2025-07-21 17:00:00+00:00,1.17002,1.17017,1.1686,1.16909,5758
2025-07-21 18:00:00+00:00,1.16908,1.16955,1.16867,1.16938,5877
2025-07-21 19:00:00+00:00,1.16938,1.16962,1.16892,1.16897,5480
2025-07-21 20:00:00+00:00,1.16896,1.16972,1.16882,1.16939,6109
2025-07-21 21:00:00+00:00,1.16925,1.1695,1.16919,1.1693,825
2025-07-21 22:00:00+00:00,1.16931,1.16948,1.16916,1.16947,1537
2025-07-21 23:00:00+00:00,1.16947,1.1696,1.16906,1.16949,2432
2025-07-22 00:00:00+00:00,1.16951,1.16955,1.16837,1.16885,4616
2025-07-22 01:00:00+00:00,1.16885,1.16903,1.16827,1.16883,3890
2025-07-22 02:00:00+00:00,1.16883,1.16957,1.16882,1.16907,2816
2025-07-22 03:00:00+00:00,1.16907,1.16912,1.16853,1.16874,2590
2025-07-22 04:00:00+00:00,1.16874,1.16947,1.16861,1.16884,2516
2025-07-22 05:00:00+00:00,1.16884,1.16922,1.16831,1.16872,3878
2025-07-22 06:00:00+00:00,1.16871,1.16923,1.16843,1.16908,6506
2025-07-22 07:00:00+00:00,1.16908,1.16923,1.16818,1.16861,7591
2025-07-22 08:00:00+00:00,1.1686,1.17036,1.1684,1.16986,8523
2025-07-22 09:00:00+00:00,1.16986,1.17071,1.16934,1.17055,6427
2025-07-22 10:00:00+00:00,1.17054,1.17095,1.16998,1.17019,4810
2025-07-22 11:00:00+00:00,1.17019,1.17038,1.16945,1.17015,6399
2025-07-22 12:00:00+00:00,1.17016,1.17049,1.16832,1.16907,9011
2025-07-22 13:00:00+00:00,1.16907,1.17046,1.16789,1.17043,13609
2025-07-22 14:00:00+00:00,1.17043,1.17267,1.1691,1.17222,18220
2025-07-22 15:00:00+00:00,1.17222,1.17492,1.17147,1.17481,15447
2025-07-22 16:00:00+00:00,1.17482,1.17609,1.17447,1.17552,10698
2025-07-22 17:00:00+00:00,1.17553,1.17555,1.17433,1.1746,5792
2025-07-22 18:00:00+00:00,1.17458,1.17484,1.1742,1.17479,4223
2025-07-22 19:00:00+00:00,1.17478,1.17529,1.1745,1.17516,4056
2025-07-22 20:00:00+00:00,1.17515,1.17549,1.17452,1.17543,4903
2025-07-22 21:00:00+00:00,1.17541,1.17545,1.17492,1.17496,801
2025-07-22 22:00:00+00:00,1.17493,1.17513,1.17467,1.17482,1946
2025-07-22 23:00:00+00:00,1.17483,1.17562,1.17361,1.17381,6597
2025-07-23 00:00:00+00:00,1.1738,1.1748,1.17337,1.17473,12003
2025-07-23 01:00:00+00:00,1.17473,1.17489,1.17306,1.17371,9444
2025-07-23 02:00:00+00:00,1.17372,1.17421,1.17329,1.17349,8719
2025-07-23 03:00:00+00:00,1.17349,1.17462,1.17341,1.17392,5284
2025-07-23 04:00:00+00:00,1.17393,1.17399,1.17321,1.1735,3603
2025-07-23 05:00:00+00:00,1.17351,1.17378,1.17273,1.17305,5285
2025-07-23 06:00:00+00:00,1.17306,1.17427,1.17301,1.17424,11293
2025-07-23 07:00:00+00:00,1.17424,1.1753,1.17339,1.1742,12713
2025-07-23 08:00:00+00:00,1.1742,1.17481,1.1731,1.17328,10369
2025-07-23 09:00:00+00:00,1.17328,1.17396,1.17304,1.1736,8721
2025-07-23 10:00:00+00:00,1.1736,1.17366,1.17231,1.17261,8425
2025-07-23 11:00:00+00:00,1.1726,1.17315,1.17236,1.17258,9909
2025-07-23 12:00:00+00:00,1.17258,1.17333,1.17202,1.1725,9053
2025-07-23 13:00:00+00:00,1.1725,1.17305,1.17111,1.17266,14013
2025-07-23 14:00:00+00:00,1.17265,1.17378,1.17234,1.17338,12070
2025-07-23 15:00:00+00:00,1.17337,1.17587,1.17218,1.17467,20083
2025-07-23 16:00:00+00:00,1.17468,1.1761,1.17432,1.17512,22588
2025-07-23 17:00:00+00:00,1.17513,1.17653,1.17455,1.17598,15845
2025-07-23 18:00:00+00:00,1.17598,1.17741,1.17598,1.17714,9985
2025-07-23 19:00:00+00:00,1.17714,1.17751,1.1768,1.17733,7079
2025-07-23 20:00:00+00:00,1.17734,1.17752,1.17665,1.17707,8473
2025-07-23 21:00:00+00:00,1.17699,1.1775,1.17691,1.17703,1378
2025-07-23 22:00:00+00:00,1.17703,1.17749,1.17701,1.17736,2369
2025-07-23 23:00:00+00:00,1.17737,1.17792,1.1773,1.17733,2768
2025-07-24 00:00:00+00:00,1.17733,1.17735,1.17622,1.17672,6334
2025-07-24 01:00:00+00:00,1.17671,1.17797,1.17669,1.17752,7258
2025-07-24 02:00:00+00:00,1.17751,1.17787,1.17711,1.17767,4803
2025-07-24 03:00:00+00:00,1.17768,1.17802,1.17739,1.17752,4825
2025-07-24 04:00:00+00:00,1.17751,1.17779,1.17729,1.17742,3557
2025-07-24 05:00:00+00:00,1.17742,1.17782,1.17705,1.1771,5829
2025-07-24 06:00:00+00:00,1.1771,1.1773,1.17571,1.17571,7924
2025-07-24 07:00:00+00:00,1.17572,1.17698,1.17553,1.17617,12337
2025-07-24 08:00:00+00:00,1.17618,1.17683,1.17557,1.17581,8710
2025-07-24 09:00:00+00:00,1.17581,1.17595,1.17468,1.17525,7562
2025-07-24 10:00:00+00:00,1.17524,1.17547,1.17434,1.17492,5826
2025-07-24 11:00:00+00:00,1.17492,1.17565,1.17457,1.17559,7266
2025-07-24 12:00:00+00:00,1.1756,1.17588,1.1732,1.17362,16825
2025-07-24 13:00:00+00:00,1.17362,1.1777,1.17306,1.17715,28902
2025-07-24 14:00:00+00:00,1.17714,1.1789,1.17617,1.17663,21048
2025-07-24 15:00:00+00:00,1.17663,1.17784,1.17554,1.17648,15040
2025-07-24 16:00:00+00:00,1.17649,1.17726,1.1757,1.17627,9684
2025-07-24 17:00:00+00:00,1.17627,1.17783,1.17605,1.177,5816
2025-07-24 18:00:00+00:00,1.17701,1.17711,1.17623,1.17659,5032
2025-07-24 19:00:00+00:00,1.17659,1.17702,1.17581,1.17583,5830
2025-07-24 20:00:00+00:00,1.17584,1.17601,1.17452,1.17486,9682
2025-07-24 21:00:00+00:00,1.17429,1.17501,1.17388,1.17474,1721
2025-07-24 22:00:00+00:00,1.17471,1.17531,1.17444,1.17519,2461
2025-07-24 23:00:00+00:00,1.1752,1.17574,1.17499,1.17548,2935
2025-07-25 00:00:00+00:00,1.17549,1.17589,1.17488,1.17545,7539
2025-07-25 01:00:00+00:00,1.17546,1.17585,1.17393,1.1743,6542
2025-07-25 02:00:00+00:00,1.1743,1.17438,1.17339,1.17393,4444
2025-07-25 03:00:00+00:00,1.17393,1.17454,1.17368,1.17426,5311
2025-07-25 04:00:00+00:00,1.17425,1.17463,1.17342,1.17402,4958
2025-07-25 05:00:00+00:00,1.17403,1.17491,1.17373,1.17469,7416
2025-07-25 06:00:00+00:00,1.17468,1.1761,1.17416,1.17479,12183
2025-07-25 07:00:00+00:00,1.17479,1.17595,1.17479,1.1753,12850
2025-07-25 08:00:00+00:00,1.17528,1.17582,1.17416,1.17434,10808
2025-07-25 09:00:00+00:00,1.17433,1.17437,1.17331,1.17352,8678
2025-07-25 10:00:00+00:00,1.17351,1.17374,1.17246,1.17284,6937
2025-07-25 11:00:00+00:00,1.17282,1.17311,1.17115,1.17211,10613
2025-07-25 12:00:00+00:00,1.17211,1.17273,1.17116,1.17183,10127
2025-07-25 13:00:00+00:00,1.17184,1.17307,1.1703,1.17219,37503
2025-07-25 14:00:00+00:00,1.17218,1.17357,1.17216,1.17295,15839
2025-07-25 15:00:00+00:00,1.17294,1.17387,1.17219,1.1729,11578
2025-07-25 16:00:00+00:00,1.1729,1.17307,1.17202,1.17291,9446
2025-07-25 17:00:00+00:00,1.1729,1.17396,1.17288,1.17365,4755
2025-07-25 18:00:00+00:00,1.17366,1.17467,1.17358,1.17456,7488
2025-07-25 19:00:00+00:00,1.17455,1.17471,1.17413,1.17438,5478
2025-07-25 20:00:00+00:00,1.17439,1.17439,1.17376,1.17422,8786
2025-07-27 21:00:00+00:00,1.17565,1.17651,1.17555,1.17623,1939
2025-07-27 22:00:00+00:00,1.17624,1.1769,1.17512,1.17551,6635
2025-07-27 23:00:00+00:00,1.17552,1.17608,1.17539,1.17555,5110
2025-07-28 00:00:00+00:00,1.17556,1.17706,1.1755,1.17639,12267
2025-07-28 01:00:00+00:00,1.17639,1.17699,1.17477,1.17525,9279
2025-07-28 02:00:00+00:00,1.17524,1.17574,1.17465,1.1755,5341
2025-07-28 03:00:00+00:00,1.1755,1.17573,1.17512,1.17566,3959
2025-07-28 04:00:00+00:00,1.17567,1.17582,1.17458,1.17475,3804
2025-07-28 05:00:00+00:00,1.17474,1.17478,1.17399,1.17409,3976
2025-07-28 06:00:00+00:00,1.17408,1.17447,1.17112,1.17214,16139
2025-07-28 07:00:00+00:00,1.17213,1.1724,1.16705,1.16749,20784
2025-07-28 08:00:00+00:00,1.16749,1.16905,1.16711,1.16791,13874
2025-07-28 09:00:00+00:00,1.1679,1.16845,1.16581,1.1667,12386
2025-07-28 10:00:00+00:00,1.16669,1.16721,1.16551,1.16582,11354
2025-07-28 11:00:00+00:00,1.16583,1.16587,1.16436,1.16512,15195
2025-07-28 12:00:00+00:00,1.16513,1.16652,1.16482,1.16581,18705
2025-07-28 13:00:00+00:00,1.16582,1.16622,1.16258,1.16333,17999
2025-07-28 14:00:00+00:00,1.16332,1.16475,1.16308,1.16373,17442
2025-07-28 15:00:00+00:00,1.16373,1.16393,1.16081,1.1609,14610
2025-07-28 16:00:00+00:00,1.16091,1.16109,1.15985,1.15993,8870
2025-07-28 17:00:00+00:00,1.15992,1.16018,1.1589,1.15922,6198
2025-07-28 18:00:00+00:00,1.15921,1.15948,1.15854,1.15948,6513
2025-07-28 19:00:00+00:00,1.15948,1.15961,1.15893,1.15917,4599
2025-07-28 20:00:00+00:00,1.15916,1.15943,1.15853,1.15896,5176
2025-07-28 21:00:00+00:00,1.15918,1.15919,1.15894,1.15907,782
2025-07-28 22:00:00+00:00,1.15909,1.15943,1.15875,1.15938,2437
2025-07-28 23:00:00+00:00,1.15938,1.15969,1.15893,1.15965,1886
2025-07-29 00:00:00+00:00,1.15964,1.15977,1.15845,1.15852,5426
2025-07-29 01:00:00+00:00,1.15851,1.15986,1.15851,1.1591,6725
2025-07-29 02:00:00+00:00,1.1591,1.15993,1.1591,1.15971,4553
2025-07-29 03:00:00+00:00,1.1597,1.15984,1.15816,1.15831,3697
2025-07-29 04:00:00+00:00,1.1583,1.15889,1.15745,1.15886,4938
2025-07-29 05:00:00+00:00,1.15887,1.15905,1.15772,1.15789,4711
2025-07-29 06:00:00+00:00,1.15789,1.15861,1.15317,1.15339,22489
2025-07-29 07:00:00+00:00,1.1534,1.1555,1.15266,1.1555,24350
2025-07-29 08:00:00+00:00,1.15549,1.15696,1.15526,1.15692,12167
2025-07-29 09:00:00+00:00,1.15693,1.15849,1.15631,1.15768,11272
2025-07-29 10:00:00+00:00,1.15767,1.15886,1.15725,1.15741,8162
2025-07-29 11:00:00+00:00,1.15742,1.1575,1.15374,1.15402,12671
2025-07-29 12:00:00+00:00,1.15401,1.15422,1.15249,1.15249,13883
2025-07-29 13:00:00+00:00,1.15249,1.15471,1.15191,1.15458,16749
2025-07-29 14:00:00+00:00,1.15457,1.1552,1.15217,1.15229,30180
2025-07-29 15:00:00+00:00,1.1523,1.1541,1.1522,1.15335,15846
2025-07-29 16:00:00+00:00,1.15335,1.15496,1.15335,1.15416,11516
2025-07-29 17:00:00+00:00,1.15415,1.15606,1.15401,1.15417,12226
2025-07-29 18:00:00+00:00,1.15418,1.15506,1.15376,1.15505,7883
2025-07-29 19:00:00+00:00,1.15504,1.15575,1.1549,1.155,6168
2025-07-29 20:00:00+00:00,1.155,1.15526,1.15443,1.15467,4771
2025-07-29 21:00:00+00:00,1.15469,1.15495,1.15467,1.15486,481
2025-07-29 22:00:00+00:00,1.1549,1.1551,1.15472,1.15498,1438
2025-07-29 23:00:00+00:00,1.15499,1.15511,1.15467,1.1551,1387
2025-07-30 00:00:00+00:00,1.1551,1.15678,1.15507,1.15673,8115
2025-07-30 01:00:00+00:00,1.15673,1.15728,1.15605,1.15643,8747
2025-07-30 02:00:00+00:00,1.15642,1.15684,1.15606,1.15639,4886
2025-07-30 03:00:00+00:00,1.15639,1.15708,1.15581,1.15619,4357
2025-07-30 04:00:00+00:00,1.15619,1.1562,1.15506,1.15512,4495
2025-07-30 05:00:00+00:00,1.15513,1.15597,1.15485,1.15501,6636
2025-07-30 06:00:00+00:00,1.15502,1.15607,1.15403,1.15567,10717
2025-07-30 07:00:00+00:00,1.15567,1.15688,1.15511,1.15536,11109
2025-07-30 08:00:00+00:00,1.15535,1.15595,1.15486,1.15569,9622
2025-07-30 09:00:00+00:00,1.15569,1.15606,1.1545,1.15517,9372
2025-07-30 10:00:00+00:00,1.15518,1.15551,1.15324,1.15395,9841
2025-07-30 11:00:00+00:00,1.15395,1.15409,1.15218,1.15312,10036
2025-07-30 12:00:00+00:00,1.15312,1.15347,1.1469,1.1473,34848
2025-07-30 13:00:00+00:00,1.14729,1.14811,1.14582,1.14695,27297
2025-07-30 14:00:00+00:00,1.14694,1.14823,1.14652,1.14806,16830
2025-07-30 15:00:00+00:00,1.14805,1.14853,1.14636,1.14688,10870
2025-07-30 16:00:00+00:00,1.14689,1.14744,1.14649,1.1474,8305
2025-07-30 17:00:00+00:00,1.14739,1.14836,1.14739,1.14825,7683
2025-07-30 18:00:00+00:00,1.14824,1.15035,1.14243,1.14244,70582
2025-07-30 19:00:00+00:00,1.14244,1.14361,1.1414,1.14242,32563
2025-07-30 20:00:00+00:00,1.14241,1.14297,1.14011,1.14051,14761
2025-07-30 21:00:00+00:00,1.14066,1.14098,1.1404,1.14085,1467
2025-07-30 22:00:00+00:00,1.14084,1.14248,1.14065,1.1423,3420
2025-07-30 23:00:00+00:00,1.14231,1.14306,1.14196,1.14282,3734
2025-07-31 00:00:00+00:00,1.14282,1.14376,1.14281,1.14343,9290
2025-07-31 01:00:00+00:00,1.14343,1.14382,1.14237,1.14308,8477
2025-07-31 02:00:00+00:00,1.14308,1.14318,1.14214,1.14292,7342
2025-07-31 03:00:00+00:00,1.14292,1.14345,1.14077,1.14234,8219
2025-07-31 04:00:00+00:00,1.14233,1.14365,1.14195,1.14357,4951
2025-07-31 05:00:00+00:00,1.14356,1.14429,1.1431,1.14366,6864
2025-07-31 06:00:00+00:00,1.14366,1.14609,1.14354,1.14586,14683
2025-07-31 07:00:00+00:00,1.14586,1.14586,1.14331,1.14488,14755
2025-07-31 08:00:00+00:00,1.14489,1.14551,1.14382,1.14501,12714
2025-07-31 09:00:00+00:00,1.14501,1.14512,1.14326,1.14332,9353
2025-07-31 10:00:00+00:00,1.14332,1.14416,1.14208,1.14398,9928
2025-07-31 11:00:00+00:00,1.14398,1.1451,1.14361,1.14494,10429
2025-07-31 12:00:00+00:00,1.14493,1.1451,1.14249,1.14287,18419
2025-07-31 13:00:00+00:00,1.14288,1.14299,1.14058,1.14114,19098
2025-07-31 14:00:00+00:00,1.14114,1.14498,1.14076,1.14449,20365
2025-07-31 15:00:00+00:00,1.14448,1.14501,1.14282,1.14303,16176
2025-07-31 16:00:00+00:00,1.14302,1.14329,1.14217,1.14227,11006
2025-07-31 17:00:00+00:00,1.14228,1.14248,1.14154,1.14197,7483
2025-07-31 18:00:00+00:00,1.14197,1.14331,1.14157,1.14266,5904
2025-07-31 19:00:00+00:00,1.14265,1.14319,1.14123,1.14124,9553
2025-07-31 20:00:00+00:00,1.14125,1.14183,1.14098,1.14157,9752
2025-07-31 21:00:00+00:00,1.14162,1.14193,1.14158,1.14171,783
2025-07-31 22:00:00+00:00,1.14172,1.14229,1.14152,1.1418,2819
2025-07-31 23:00:00+00:00,1.1418,1.14262,1.14117,1.14221,5503
2025-08-01 00:00:00+00:00,1.1422,1.1429,1.14156,1.14244,8794
2025-08-01 01:00:00+00:00,1.14243,1.1429,1.1405,1.14072,9952
2025-08-01 02:00:00+00:00,1.14072,1.14151,1.14061,1.14114,7980
2025-08-01 03:00:00+00:00,1.14114,1.14222,1.14105,1.14184,4873
2025-08-01 04:00:00+00:00,1.14185,1.14216,1.14159,1.14192,2921
2025-08-01 05:00:00+00:00,1.14192,1.14348,1.14162,1.14308,5771
2025-08-01 06:00:00+00:00,1.14307,1.14381,1.14261,1.14293,8892
2025-08-01 07:00:00+00:00,1.14294,1.14342,1.14127,1.14189,12108
2025-08-01 08:00:00+00:00,1.14189,1.14206,1.14056,1.14066,9364
2025-08-01 09:00:00+00:00,1.14066,1.14128,1.13932,1.1401,8557
2025-08-01 10:00:00+00:00,1.14011,1.14177,1.14011,1.14121,9233
2025-08-01 11:00:00+00:00,1.1412,1.14227,1.14044,1.14047,8734
2025-08-01 12:00:00+00:00,1.14046,1.15588,1.13916,1.15453,76268
2025-08-01 13:00:00+00:00,1.15454,1.15835,1.1537,1.1563,70289
2025-08-01 14:00:00+00:00,1.15629,1.15884,1.1551,1.15561,63810
2025-08-01 15:00:00+00:00,1.1556,1.15652,1.15362,1.15545,24378
2025-08-01 16:00:00+00:00,1.15544,1.15648,1.1538,1.15394,13343
2025-08-01 17:00:00+00:00,1.15395,1.15395,1.15166,1.15268,14892
2025-08-01 18:00:00+00:00,1.15269,1.1548,1.15218,1.15259,13534
2025-08-01 19:00:00+00:00,1.1526,1.15824,1.15238,1.15692,27521
2025-08-01 20:00:00+00:00,1.15692,1.15971,1.15688,1.15854,16353
2025-08-03 21:00:00+00:00,1.15919,1.15967,1.15909,1.15917,1900
2025-08-03 22:00:00+00:00,1.15917,1.15969,1.15783,1.15839,7388
2025-08-03 23:00:00+00:00,1.1584,1.15903,1.15782,1.15878,6944
2025-08-04 00:00:00+00:00,1.15877,1.1589,1.1556,1.15581,11706
2025-08-04 01:00:00+00:00,1.1558,1.15723,1.15502,1.15714,11777
2025-08-04 02:00:00+00:00,1.15713,1.15783,1.15676,1.15757,7519
2025-08-04 03:00:00+00:00,1.15757,1.1586,1.15757,1.15793,5904
2025-08-04 04:00:00+00:00,1.15793,1.15855,1.15743,1.15746,5124
2025-08-04 05:00:00+00:00,1.15747,1.15822,1.15672,1.15703,6654
2025-08-04 06:00:00+00:00,1.15702,1.15835,1.15635,1.1572,16851
2025-08-04 07:00:00+00:00,1.1572,1.15786,1.15508,1.15638,15135
2025-08-04 08:00:00+00:00,1.15638,1.15653,1.15497,1.15582,13181
2025-08-04 09:00:00+00:00,1.15582,1.15776,1.15556,1.15646,11345
2025-08-04 10:00:00+00:00,1.15647,1.15773,1.15551,1.15739,9617
2025-08-04 11:00:00+00:00,1.15739,1.15864,1.15648,1.15669,11427
2025-08-04 12:00:00+00:00,1.15669,1.15884,1.15605,1.15753,15335
2025-08-04 13:00:00+00:00,1.15753,1.15885,1.15729,1.1576,17114
2025-08-04 14:00:00+00:00,1.15761,1.15875,1.15571,1.15641,23407
2025-08-04 15:00:00+00:00,1.1564,1.15767,1.15613,1.15671,15067
2025-08-04 16:00:00+00:00,1.15672,1.15754,1.1557,1.15721,8470
2025-08-04 17:00:00+00:00,1.1572,1.15742,1.15644,1.15731,6601
2025-08-04 18:00:00+00:00,1.1573,1.15778,1.15641,1.15654,8596
2025-08-04 19:00:00+00:00,1.15654,1.15729,1.15631,1.15681,6832
2025-08-04 20:00:00+00:00,1.15682,1.15762,1.15655,1.15715,4779
2025-08-04 21:00:00+00:00,1.15719,1.15723,1.1569,1.15692,461
2025-08-04 22:00:00+00:00,1.15689,1.15816,1.15685,1.15793,3098
2025-08-04 23:00:00+00:00,1.15793,1.15856,1.15778,1.1584,3599
2025-08-05 00:00:00+00:00,1.1584,1.15879,1.1571,1.15721,5993
2025-08-05 01:00:00+00:00,1.15721,1.15742,1.15596,1.15639,6693
2025-08-05 02:00:00+00:00,1.1564,1.15644,1.15558,1.15604,6137
2025-08-05 03:00:00+00:00,1.15603,1.15615,1.15542,1.15554,3870
2025-08-05 04:00:00+00:00,1.15555,1.15604,1.15543,1.15584,3317
2025-08-05 05:00:00+00:00,1.15584,1.15584,1.15441,1.15482,5261
2025-08-05 06:00:00+00:00,1.15482,1.15613,1.15428,1.15509,7884
2025-08-05 07:00:00+00:00,1.1551,1.15625,1.1533,1.15464,13312
2025-08-05 08:00:00+00:00,1.15463,1.15493,1.15313,1.15367,12585
2025-08-05 09:00:00+00:00,1.15368,1.15465,1.153,1.15422,9259
2025-08-05 10:00:00+00:00,1.15422,1.15458,1.15342,1.15444,8350
2025-08-05 11:00:00+00:00,1.15443,1.15482,1.15277,1.15396,8791
2025-08-05 12:00:00+00:00,1.15396,1.15484,1.15303,1.15373,16212
2025-08-05 13:00:00+00:00,1.15373,1.15544,1.15323,1.15382,13371
2025-08-05 14:00:00+00:00,1.1537,1.15663,1.1534,1.15652,33733
2025-08-05 15:00:00+00:00,1.15653,1.15848,1.15629,1.15796,14668
2025-08-05 16:00:00+00:00,1.15795,1.15862,1.15773,1.15828,8254
2025-08-05 17:00:00+00:00,1.15828,1.15836,1.15756,1.15784,5581
2025-08-05 18:00:00+00:00,1.15783,1.15798,1.15703,1.15736,7123
2025-08-05 19:00:00+00:00,1.15737,1.15752,1.15664,1.15728,5994
2025-08-05 20:00:00+00:00,1.15728,1.15777,1.15715,1.15754,6828
2025-08-05 21:00:00+00:00,1.15738,1.15763,1.15736,1.15744,897
2025-08-05 22:00:00+00:00,1.15745,1.15777,1.1571,1.15762,2066
2025-08-05 23:00:00+00:00,1.15762,1.15815,1.15731,1.15786,1851
2025-08-06 00:00:00+00:00,1.15786,1.15853,1.1573,1.15739,4942
2025-08-06 01:00:00+00:00,1.15738,1.15739,1.15649,1.1567,5205
2025-08-06 02:00:00+00:00,1.15671,1.1572,1.15644,1.15693,5000
2025-08-06 03:00:00+00:00,1.15694,1.1582,1.15694,1.15802,3887
2025-08-06 04:00:00+00:00,1.15801,1.15863,1.1578,1.15831,3879
2025-08-06 05:00:00+00:00,1.1583,1.15836,1.15743,1.15789,3848
2025-08-06 06:00:00+00:00,1.15788,1.15883,1.15767,1.15786,7369
2025-08-06 07:00:00+00:00,1.15785,1.15823,1.15714,1.15811,8018
2025-08-06 08:00:00+00:00,1.15811,1.15835,1.15705,1.15751,7814
2025-08-06 09:00:00+00:00,1.15751,1.1588,1.15744,1.15851,6747
2025-08-06 10:00:00+00:00,1.1585,1.16109,1.15843,1.16072,11342
2025-08-06 11:00:00+00:00,1.16071,1.16152,1.15979,1.16042,7360
2025-08-06 12:00:00+00:00,1.16041,1.16287,1.16005,1.16236,11003
2025-08-06 13:00:00+00:00,1.16235,1.16361,1.16175,1.16359,16198
2025-08-06 14:00:00+00:00,1.16359,1.16377,1.16223,1.16275,15127
2025-08-06 15:00:00+00:00,1.16274,1.16471,1.16229,1.16465,19356
2025-08-06 16:00:00+00:00,1.16464,1.16485,1.16308,1.16346,12547
2025-08-06 17:00:00+00:00,1.16347,1.16551,1.16329,1.1649,9115
2025-08-06 18:00:00+00:00,1.16491,1.16686,1.16482,1.16624,5784
2025-08-06 19:00:00+00:00,1.16625,1.16641,1.16527,1.16566,3613
2025-08-06 20:00:00+00:00,1.16567,1.16603,1.16501,1.16597,6332
2025-08-06 21:00:00+00:00,1.16575,1.16596,1.16544,1.16581,1544
2025-08-06 22:00:00+00:00,1.16583,1.1666,1.16575,1.16638,2937
2025-08-06 23:00:00+00:00,1.16639,1.1664,1.16595,1.16631,2404
2025-08-07 00:00:00+00:00,1.1663,1.1664,1.16511,1.16526,6813
2025-08-07 01:00:00+00:00,1.16526,1.16629,1.16496,1.16577,5808
2025-08-07 02:00:00+00:00,1.16578,1.16652,1.16561,1.16576,4204
2025-08-07 03:00:00+00:00,1.16575,1.16654,1.16533,1.16647,3565
2025-08-07 04:00:00+00:00,1.16647,1.16765,1.16631,1.16714,4079
2025-08-07 05:00:00+00:00,1.16713,1.16765,1.16686,1.16753,3866
2025-08-07 06:00:00+00:00,1.16752,1.16799,1.1668,1.1676,7733
2025-08-07 07:00:00+00:00,1.1676,1.16914,1.16733,1.16898,10232
2025-08-07 08:00:00+00:00,1.16897,1.16989,1.16757,1.16828,13543
2025-08-07 09:00:00+00:00,1.16828,1.16848,1.16705,1.16707,7613
2025-08-07 10:00:00+00:00,1.16706,1.16718,1.16616,1.16703,8367
2025-08-07 11:00:00+00:00,1.16703,1.16768,1.16341,1.16447,21715
2025-08-07 12:00:00+00:00,1.16447,1.16629,1.16376,1.16511,20316
2025-08-07 13:00:00+00:00,1.16511,1.16588,1.16379,1.16429,23520
2025-08-07 14:00:00+00:00,1.16428,1.165,1.1614,1.16244,35368
2025-08-07 15:00:00+00:00,1.16244,1.16421,1.1611,1.16399,16959
2025-08-07 16:00:00+00:00,1.164,1.16447,1.16352,1.16382,7109
2025-08-07 17:00:00+00:00,1.16382,1.16398,1.16322,1.16332,8722
2025-08-07 18:00:00+00:00,1.16333,1.16373,1.16214,1.1622,6758
2025-08-07 19:00:00+00:00,1.16221,1.16568,1.16194,1.16545,17135
2025-08-07 20:00:00+00:00,1.16545,1.16716,1.16545,1.1665,8744
2025-08-07 21:00:00+00:00,1.16659,1.16711,1.16615,1.16658,1677
2025-08-07 22:00:00+00:00,1.16659,1.16747,1.16646,1.16726,3222
2025-08-07 23:00:00+00:00,1.16727,1.16784,1.16703,1.1677,3092
2025-08-08 00:00:00+00:00,1.1677,1.16795,1.16674,1.16727,7567
2025-08-08 01:00:00+00:00,1.16728,1.16739,1.16553,1.16575,7650
2025-08-08 02:00:00+00:00,1.16575,1.16652,1.16575,1.16608,4239
2025-08-08 03:00:00+00:00,1.16608,1.16613,1.16551,1.16599,3464
2025-08-08 04:00:00+00:00,1.16598,1.16635,1.16578,1.16584,2780
2025-08-08 05:00:00+00:00,1.16583,1.166,1.16391,1.1641,6524
2025-08-08 06:00:00+00:00,1.16411,1.16529,1.16409,1.16502,8050
2025-08-08 07:00:00+00:00,1.16501,1.16647,1.16486,1.16592,9409
2025-08-08 08:00:00+00:00,1.16593,1.16628,1.16345,1.16371,9229
2025-08-08 09:00:00+00:00,1.16371,1.16439,1.16298,1.16417,11319
2025-08-08 10:00:00+00:00,1.16416,1.16477,1.16288,1.16359,7024
2025-08-08 11:00:00+00:00,1.1636,1.16494,1.16353,1.16439,7888
2025-08-08 12:00:00+00:00,1.16438,1.16543,1.16378,1.16419,11802
2025-08-08 13:00:00+00:00,1.16419,1.16553,1.16414,1.16489,12474
2025-08-08 14:00:00+00:00,1.16488,1.16629,1.1646,1.16562,13912
2025-08-08 15:00:00+00:00,1.16562,1.16679,1.16543,1.16598,8035
2025-08-08 16:00:00+00:00,1.16599,1.16631,1.16498,1.16564,7731
2025-08-08 17:00:00+00:00,1.16563,1.1667,1.16536,1.16591,4968
2025-08-08 18:00:00+00:00,1.16592,1.16629,1.16479,1.1656,9452
2025-08-08 19:00:00+00:00,1.1656,1.16562,1.16365,1.16427,9447
2025-08-08 20:00:00+00:00,1.16426,1.16437,1.16384,1.16394,6050
2025-08-10 21:00:00+00:00,1.16502,1.16512,1.16448,1.16477,804
2025-08-10 22:00:00+00:00,1.16474,1.16513,1.16435,1.1647,2471
2025-08-10 23:00:00+00:00,1.16471,1.16509,1.16447,1.16477,3122
2025-08-11 00:00:00+00:00,1.16476,1.16486,1.1642,1.16475,4188
2025-08-11 01:00:00+00:00,1.16475,1.1659,1.16453,1.16589,5204
2025-08-11 02:00:00+00:00,1.1659,1.16685,1.16589,1.1666,5700
2025-08-11 03:00:00+00:00,1.16661,1.16755,1.16648,1.16713,3942
2025-08-11 04:00:00+00:00,1.16713,1.16755,1.1671,1.16721,1895
2025-08-11 05:00:00+00:00,1.1672,1.16727,1.16673,1.16693,4799
2025-08-11 06:00:00+00:00,1.16693,1.16739,1.16632,1.16643,5667
2025-08-11 07:00:00+00:00,1.16642,1.16659,1.1646,1.16472,7070
2025-08-11 08:00:00+00:00,1.16471,1.16604,1.16442,1.16549,5510
2025-08-11 09:00:00+00:00,1.16548,1.16583,1.16384,1.16414,7151
2025-08-11 10:00:00+00:00,1.16415,1.16479,1.16406,1.16471,3752
2025-08-11 11:00:00+00:00,1.1647,1.16471,1.16232,1.16288,10622
2025-08-11 12:00:00+00:00,1.16287,1.16312,1.16143,1.16203,11066
2025-08-11 13:00:00+00:00,1.16204,1.16277,1.16161,1.16196,10047
2025-08-11 14:00:00+00:00,1.16196,1.16205,1.15904,1.15959,15048
2025-08-11 15:00:00+00:00,1.1596,1.16071,1.15901,1.16066,10704
2025-08-11 16:00:00+00:00,1.16067,1.1612,1.1602,1.16076,6249
2025-08-11 17:00:00+00:00,1.16077,1.16124,1.15986,1.16109,5228
2025-08-11 18:00:00+00:00,1.16109,1.16145,1.16072,1.16124,5809
2025-08-11 19:00:00+00:00,1.16124,1.16128,1.16022,1.16051,4128
2025-08-11 20:00:00+00:00,1.1605,1.16196,1.16045,1.16153,3274
2025-08-11 21:00:00+00:00,1.16153,1.16167,1.16132,1.1616,1862
2025-08-11 22:00:00+00:00,1.16162,1.16187,1.16105,1.1613,1954
2025-08-11 23:00:00+00:00,1.16131,1.16178,1.16128,1.16165,1525
2025-08-12 00:00:00+00:00,1.16166,1.162,1.16119,1.16153,6543
2025-08-12 01:00:00+00:00,1.16153,1.16257,1.16144,1.16192,5205
2025-08-12 02:00:00+00:00,1.16192,1.16259,1.16176,1.16229,3718
2025-08-12 03:00:00+00:00,1.16229,1.16243,1.16185,1.16207,3691
2025-08-12 04:00:00+00:00,1.16207,1.16278,1.16158,1.16277,4049
2025-08-12 05:00:00+00:00,1.16276,1.16291,1.16133,1.16139,9162
2025-08-12 06:00:00+00:00,1.16139,1.16185,1.16082,1.16093,10801
2025-08-12 07:00:00+00:00,1.16093,1.1624,1.16081,1.16204,9851
2025-08-12 08:00:00+00:00,1.16204,1.16225,1.16119,1.1615,8025
2025-08-12 09:00:00+00:00,1.16149,1.16185,1.16005,1.16064,6910
2025-08-12 10:00:00+00:00,1.16064,1.16132,1.1606,1.16102,5874
2025-08-12 11:00:00+00:00,1.16102,1.16111,1.15987,1.16053,7272
2025-08-12 12:00:00+00:00,1.16053,1.1656,1.16013,1.16424,52168
2025-08-12 13:00:00+00:00,1.16424,1.16684,1.16174,1.16525,54163
2025-08-12 14:00:00+00:00,1.16524,1.16628,1.16418,1.16581,25096
2025-08-12 15:00:00+00:00,1.1658,1.16974,1.16562,1.16721,20973
2025-08-12 16:00:00+00:00,1.16722,1.16859,1.16656,1.16798,12915
2025-08-12 17:00:00+00:00,1.16798,1.16806,1.16711,1.16732,11035
2025-08-12 18:00:00+00:00,1.16733,1.16787,1.16647,1.16688,7927
2025-08-12 19:00:00+00:00,1.16688,1.16758,1.16646,1.16747,7521
2025-08-12 20:00:00+00:00,1.16746,1.16772,1.16718,1.16747,5051
2025-08-12 21:00:00+00:00,1.16754,1.16759,1.16695,1.16744,1403
2025-08-12 22:00:00+00:00,1.16744,1.16776,1.16741,1.16767,2116
2025-08-12 23:00:00+00:00,1.16767,1.16793,1.16753,1.16776,1739
2025-08-13 00:00:00+00:00,1.16776,1.16809,1.16709,1.168,5344
2025-08-13 01:00:00+00:00,1.16799,1.16865,1.16762,1.16773,5705
2025-08-13 02:00:00+00:00,1.16772,1.1686,1.16706,1.16819,5141
2025-08-13 03:00:00+00:00,1.16818,1.16877,1.16797,1.16839,3569
2025-08-13 04:00:00+00:00,1.16839,1.16862,1.16817,1.16842,2442
2025-08-13 05:00:00+00:00,1.16842,1.16852,1.16766,1.16792,4630
2025-08-13 06:00:00+00:00,1.16793,1.16971,1.1679,1.16923,9495
2025-08-13 07:00:00+00:00,1.16922,1.17128,1.1692,1.17082,11558
2025-08-13 08:00:00+00:00,1.1708,1.17207,1.17071,1.17141,10478
2025-08-13 09:00:00+00:00,1.17142,1.17303,1.17141,1.17294,7339
2025-08-13 10:00:00+00:00,1.17293,1.17302,1.17164,1.17164,7087
2025-08-13 11:00:00+00:00,1.17165,1.17192,1.17079,1.1719,6104
2025-08-13 12:00:00+00:00,1.17191,1.17218,1.16975,1.1699,10977
2025-08-13 13:00:00+00:00,1.1699,1.17075,1.1693,1.17046,14158
2025-08-13 14:00:00+00:00,1.17045,1.17236,1.17029,1.17201,17897
2025-08-13 15:00:00+00:00,1.17201,1.17227,1.17085,1.17137,12590
2025-08-13 16:00:00+00:00,1.17137,1.17152,1.17065,1.17069,6669
2025-08-13 17:00:00+00:00,1.17068,1.17108,1.17028,1.17042,6226
2025-08-13 18:00:00+00:00,1.17043,1.17046,1.16959,1.17005,4888
2025-08-13 19:00:00+00:00,1.17004,1.17041,1.16975,1.16996,3617
2025-08-13 20:00:00+00:00,1.16995,1.17071,1.16994,1.17056,3996
2025-08-13 21:00:00+00:00,1.17063,1.17081,1.17027,1.17054,1996
2025-08-13 22:00:00+00:00,1.17054,1.17082,1.17049,1.17081,1292
2025-08-13 23:00:00+00:00,1.17081,1.17126,1.17076,1.17124,1545
2025-08-14 00:00:00+00:00,1.17123,1.1715,1.17094,1.17113,5614
2025-08-14 01:00:00+00:00,1.17114,1.17152,1.17094,1.17129,5632
2025-08-14 02:00:00+00:00,1.17129,1.17129,1.16992,1.17051,4462
2025-08-14 03:00:00+00:00,1.17051,1.17054,1.16997,1.17036,3571
2025-08-14 04:00:00+00:00,1.17036,1.17068,1.17017,1.1704,2550
2025-08-14 05:00:00+00:00,1.1704,1.1704,1.16971,1.17015,4212
2025-08-14 06:00:00+00:00,1.17016,1.17065,1.16849,1.16852,11070
2025-08-14 07:00:00+00:00,1.16852,1.1693,1.1678,1.16799,12903
2025-08-14 08:00:00+00:00,1.16798,1.16853,1.1668,1.16685,9087
2025-08-14 09:00:00+00:00,1.16685,1.16871,1.16685,1.16819,8606
2025-08-14 10:00:00+00:00,1.16818,1.16974,1.16814,1.16955,9951
2025-08-14 11:00:00+00:00,1.16954,1.16965,1.16829,1.16885,8215
2025-08-14 12:00:00+00:00,1.16885,1.16924,1.16494,1.16639,33320
2025-08-14 13:00:00+00:00,1.16639,1.16717,1.16492,1.16502,21674
2025-08-14 14:00:00+00:00,1.16503,1.16664,1.16377,1.16609,16652
2025-08-14 15:00:00+00:00,1.16609,1.16622,1.16376,1.16432,13861
2025-08-14 16:00:00+00:00,1.16432,1.16453,1.16311,1.16344,10250
2025-08-14 17:00:00+00:00,1.16344,1.16439,1.16313,1.16369,7166
2025-08-14 18:00:00+00:00,1.16369,1.16425,1.16331,1.16415,5638
2025-08-14 19:00:00+00:00,1.16416,1.16504,1.16415,1.16484,4129
2025-08-14 20:00:00+00:00,1.16483,1.16503,1.1645,1.16476,2989
2025-08-14 21:00:00+00:00,1.16492,1.16516,1.16484,1.16515,846
2025-08-14 22:00:00+00:00,1.16514,1.16531,1.16484,1.16501,1383
2025-08-14 23:00:00+00:00,1.16501,1.16531,1.16463,1.16506,1771
2025-08-15 00:00:00+00:00,1.16507,1.16534,1.16469,1.16522,3704
2025-08-15 01:00:00+00:00,1.16522,1.16583,1.16484,1.1653,4446
2025-08-15 02:00:00+00:00,1.1653,1.16578,1.16497,1.16568,3448
2025-08-15 03:00:00+00:00,1.16569,1.16647,1.16568,1.166,2467
2025-08-15 04:00:00+00:00,1.16601,1.16637,1.1659,1.1663,1756
2025-08-15 05:00:00+00:00,1.16629,1.16714,1.16615,1.16711,3139
2025-08-15 06:00:00+00:00,1.16711,1.16748,1.16652,1.16718,6707
2025-08-15 07:00:00+00:00,1.16717,1.16843,1.16717,1.16829,9114
2025-08-15 08:00:00+00:00,1.16828,1.16854,1.16767,1.16824,7311
2025-08-15 09:00:00+00:00,1.16823,1.16899,1.16803,1.16877,6355
2025-08-15 10:00:00+00:00,1.16877,1.16916,1.16806,1.1686,4207
2025-08-15 11:00:00+00:00,1.16859,1.1692,1.16817,1.16877,4414
2025-08-15 12:00:00+00:00,1.16877,1.17,1.16735,1.16941,18215
2025-08-15 13:00:00+00:00,1.16941,1.17083,1.16819,1.17036,17099
2025-08-15 14:00:00+00:00,1.17035,1.17154,1.17008,1.17118,18010
2025-08-15 15:00:00+00:00,1.17118,1.17151,1.17033,1.17069,10137
2025-08-15 16:00:00+00:00,1.17069,1.17083,1.16998,1.17039,6540
2025-08-15 17:00:00+00:00,1.17039,1.17061,1.16993,1.17044,5653
2025-08-15 18:00:00+00:00,1.17044,1.17067,1.16987,1.17028,4808
2025-08-15 19:00:00+00:00,1.17026,1.17036,1.17,1.17009,4022
2025-08-15 20:00:00+00:00,1.1701,1.17082,1.17006,1.17062,4837
2025-08-17 21:00:00+00:00,1.17131,1.17148,1.17104,1.17143,882
2025-08-17 22:00:00+00:00,1.17143,1.17158,1.17101,1.17137,3177
2025-08-17 23:00:00+00:00,1.17137,1.17145,1.17039,1.17064,3329
2025-08-18 00:00:00+00:00,1.17064,1.17108,1.17001,1.17016,5454
2025-08-18 01:00:00+00:00,1.17017,1.17046,1.16937,1.17032,5237
2025-08-18 02:00:00+00:00,1.17033,1.17055,1.16975,1.17013,2743
2025-08-18 03:00:00+00:00,1.17013,1.17047,1.16999,1.17037,3445
2025-08-18 04:00:00+00:00,1.17038,1.17104,1.17027,1.17086,3413
2025-08-18 05:00:00+00:00,1.17085,1.17091,1.17014,1.17062,5222
2025-08-18 06:00:00+00:00,1.17061,1.1708,1.16936,1.16966,7955
2025-08-18 07:00:00+00:00,1.16967,1.17035,1.16802,1.16814,11229
2025-08-18 08:00:00+00:00,1.16814,1.16876,1.16711,1.16819,10674
2025-08-18 09:00:00+00:00,1.1682,1.1686,1.16731,1.16803,8849
2025-08-18 10:00:00+00:00,1.16802,1.1683,1.16774,1.1681,5560
2025-08-18 11:00:00+00:00,1.16809,1.16885,1.16718,1.1675,7661
2025-08-18 12:00:00+00:00,1.16751,1.16792,1.16663,1.16765,10705
2025-08-18 13:00:00+00:00,1.16766,1.16779,1.16696,1.16779,9033
2025-08-18 14:00:00+00:00,1.16778,1.16846,1.16606,1.16641,12789
2025-08-18 15:00:00+00:00,1.16641,1.16748,1.16609,1.16672,8810
2025-08-18 16:00:00+00:00,1.16671,1.16674,1.16561,1.1658,6758
2025-08-18 17:00:00+00:00,1.16579,1.16667,1.16568,1.16629,5993
2025-08-18 18:00:00+00:00,1.16628,1.1668,1.16585,1.16601,4821
2025-08-18 19:00:00+00:00,1.16602,1.16706,1.166,1.16672,4216
2025-08-18 20:00:00+00:00,1.16672,1.16695,1.16602,1.16608,4324
2025-08-18 21:00:00+00:00,1.16617,1.16623,1.16613,1.16618,144
2025-08-18 22:00:00+00:00,1.16622,1.16751,1.1661,1.16698,2623
2025-08-18 23:00:00+00:00,1.16698,1.16699,1.16622,1.16681,1850
2025-08-19 00:00:00+00:00,1.16681,1.16703,1.16557,1.16585,4690
2025-08-19 01:00:00+00:00,1.16585,1.16624,1.16391,1.16495,9011
2025-08-19 02:00:00+00:00,1.16494,1.16561,1.16472,1.16529,4847
2025-08-19 03:00:00+00:00,1.1653,1.1659,1.16505,1.16551,4274
2025-08-19 04:00:00+00:00,1.1655,1.16619,1.16536,1.16607,3224
2025-08-19 05:00:00+00:00,1.16608,1.16657,1.16541,1.16554,4605
2025-08-19 06:00:00+00:00,1.16555,1.16748,1.16511,1.16745,9251
2025-08-19 07:00:00+00:00,1.16746,1.16844,1.16736,1.16837,10455
2025-08-19 08:00:00+00:00,1.16838,1.16844,1.16717,1.1675,7432
2025-08-19 09:00:00+00:00,1.16751,1.16822,1.16727,1.16803,6506
2025-08-19 10:00:00+00:00,1.16803,1.16922,1.16793,1.16888,6075
2025-08-19 11:00:00+00:00,1.16887,1.1693,1.16801,1.16856,5979
2025-08-19 12:00:00+00:00,1.16856,1.1688,1.16732,1.16757,9949
2025-08-19 13:00:00+00:00,1.16756,1.16783,1.16682,1.16764,12259
2025-08-19 14:00:00+00:00,1.16763,1.16777,1.1664,1.16722,12404
2025-08-19 15:00:00+00:00,1.16722,1.16755,1.16575,1.16587,9357
2025-08-19 16:00:00+00:00,1.16588,1.16632,1.16545,1.16565,7061
2025-08-19 17:00:00+00:00,1.16564,1.16608,1.1653,1.16548,3942
2025-08-19 18:00:00+00:00,1.16547,1.16549,1.16424,1.16474,5264
2025-08-19 19:00:00+00:00,1.16475,1.16483,1.16427,1.16465,4205
2025-08-19 20:00:00+00:00,1.16466,1.16482,1.16448,1.1647,4012
2025-08-19 21:00:00+00:00,1.16467,1.16502,1.16446,1.16474,1531
2025-08-19 22:00:00+00:00,1.16475,1.16492,1.16447,1.16485,1774
2025-08-19 23:00:00+00:00,1.16486,1.16488,1.16411,1.16416,1978
2025-08-20 00:00:00+00:00,1.16415,1.16424,1.16315,1.16389,4881
2025-08-20 01:00:00+00:00,1.16388,1.16424,1.16271,1.16276,6060
2025-08-20 02:00:00+00:00,1.16276,1.16296,1.16221,1.16266,7899
2025-08-20 03:00:00+00:00,1.16265,1.16365,1.16265,1.16331,4515
2025-08-20 04:00:00+00:00,1.16331,1.16383,1.16325,1.16346,2541
2025-08-20 05:00:00+00:00,1.16346,1.16403,1.16326,1.16394,2482
2025-08-20 06:00:00+00:00,1.16394,1.16425,1.16232,1.16336,14100
2025-08-20 07:00:00+00:00,1.16337,1.16468,1.16335,1.16449,12041
2025-08-20 08:00:00+00:00,1.16448,1.16467,1.16316,1.16379,7173
2025-08-20 09:00:00+00:00,1.16379,1.16463,1.16349,1.16451,5996
2025-08-20 10:00:00+00:00,1.16451,1.16576,1.16436,1.16471,7660
2025-08-20 11:00:00+00:00,1.16471,1.16501,1.16403,1.16421,5868
2025-08-20 12:00:00+00:00,1.16422,1.16738,1.16422,1.16712,12406
2025-08-20 13:00:00+00:00,1.16711,1.1672,1.1656,1.16589,13558
2025-08-20 14:00:00+00:00,1.16589,1.16692,1.16486,1.1663,15262
2025-08-20 15:00:00+00:00,1.1663,1.16632,1.16464,1.16481,10445
2025-08-20 16:00:00+00:00,1.16481,1.16618,1.1648,1.16599,6163
2025-08-20 17:00:00+00:00,1.16598,1.16725,1.16594,1.16715,4686
2025-08-20 18:00:00+00:00,1.16715,1.16715,1.16548,1.1655,9207
2025-08-20 19:00:00+00:00,1.16549,1.16587,1.16525,1.16528,3697
2025-08-20 20:00:00+00:00,1.16529,1.16531,1.1647,1.16519,4596
2025-08-20 21:00:00+00:00,1.16526,1.16549,1.1651,1.16544,1424
2025-08-20 22:00:00+00:00,1.1653,1.16561,1.16515,1.16528,1876
2025-08-20 23:00:00+00:00,1.16528,1.16536,1.16482,1.1651,2616
2025-08-21 00:00:00+00:00,1.16509,1.16516,1.16412,1.16468,6197
2025-08-21 01:00:00+00:00,1.16469,1.16506,1.16415,1.16459,6114
2025-08-21 02:00:00+00:00,1.16458,1.16496,1.16434,1.16468,5015
2025-08-21 03:00:00+00:00,1.16467,1.16488,1.16419,1.16461,2573
2025-08-21 04:00:00+00:00,1.16462,1.16482,1.16429,1.16456,1955
2025-08-21 05:00:00+00:00,1.16457,1.16498,1.16417,1.16494,3670
2025-08-21 06:00:00+00:00,1.16495,1.16498,1.1626,1.163,7157
2025-08-21 07:00:00+00:00,1.16301,1.16614,1.1625,1.16586,14179
2025-08-21 08:00:00+00:00,1.16585,1.16597,1.16502,1.16549,8272
2025-08-21 09:00:00+00:00,1.1655,1.16628,1.16537,1.16549,6815
2025-08-21 10:00:00+00:00,1.16548,1.16566,1.16483,1.16493,5937
2025-08-21 11:00:00+00:00,1.16493,1.16575,1.16396,1.16405,7782
2025-08-21 12:00:00+00:00,1.16405,1.16564,1.16367,1.16467,15226
2025-08-21 13:00:00+00:00,1.16468,1.165,1.16157,1.16211,21439
2025-08-21 14:00:00+00:00,1.16212,1.16296,1.16061,1.16157,19586
2025-08-21 15:00:00+00:00,1.16157,1.1626,1.16011,1.16045,20958
2025-08-21 16:00:00+00:00,1.16045,1.16119,1.16015,1.16112,6593
2025-08-21 17:00:00+00:00,1.16112,1.16187,1.16112,1.1615,5371
2025-08-21 18:00:00+00:00,1.1615,1.1617,1.16069,1.16098,5877
2025-08-21 19:00:00+00:00,1.16099,1.16103,1.16038,1.16051,4456
2025-08-21 20:00:00+00:00,1.16051,1.16086,1.16035,1.1606,3509
2025-08-21 21:00:00+00:00,1.16069,1.16119,1.16053,1.16092,2403
2025-08-21 22:00:00+00:00,1.16084,1.16137,1.16068,1.16133,1273
2025-08-21 23:00:00+00:00,1.16134,1.16149,1.16094,1.16126,1699
2025-08-22 00:00:00+00:00,1.16125,1.16167,1.16107,1.16149,4011
2025-08-22 01:00:00+00:00,1.16149,1.16159,1.16041,1.16082,4695
2025-08-22 02:00:00+00:00,1.16081,1.16143,1.16053,1.16088,3694
2025-08-22 03:00:00+00:00,1.16089,1.16089,1.1589,1.15898,5680
2025-08-22 04:00:00+00:00,1.15899,1.15941,1.15829,1.15846,4423
2025-08-22 05:00:00+00:00,1.15845,1.1589,1.15834,1.15866,3808
2025-08-22 06:00:00+00:00,1.15865,1.15953,1.15835,1.15886,7842
2025-08-22 07:00:00+00:00,1.15887,1.1599,1.15884,1.15948,8803
2025-08-22 08:00:00+00:00,1.15947,1.15997,1.15914,1.15995,6200
2025-08-22 09:00:00+00:00,1.15995,1.16025,1.15955,1.15965,5410
2025-08-22 10:00:00+00:00,1.15965,1.16001,1.15936,1.1596,4843
2025-08-22 11:00:00+00:00,1.15961,1.16065,1.15949,1.16045,7577
2025-08-22 12:00:00+00:00,1.16046,1.16139,1.16046,1.16087,7644
2025-08-22 13:00:00+00:00,1.16088,1.16192,1.15977,1.16002,11626
2025-08-22 14:00:00+00:00,1.16003,1.17201,1.16002,1.17182,88243
2025-08-22 15:00:00+00:00,1.17183,1.17323,1.17123,1.17123,23642
2025-08-22 16:00:00+00:00,1.17123,1.17267,1.1712,1.17221,15596
2025-08-22 17:00:00+00:00,1.17222,1.17427,1.17222,1.17369,11175
2025-08-22 18:00:00+00:00,1.17369,1.17395,1.17212,1.17213,7716
2025-08-22 19:00:00+00:00,1.17214,1.17227,1.1715,1.17201,7171
2025-08-22 20:00:00+00:00,1.172,1.17269,1.17162,1.172,7809
2025-08-24 21:00:00+00:00,1.17232,1.17277,1.1723,1.17235,710
2025-08-24 22:00:00+00:00,1.17234,1.17237,1.17108,1.17129,2977
2025-08-24 23:00:00+00:00,1.1713,1.17145,1.17076,1.17083,2712
2025-08-25 00:00:00+00:00,1.17084,1.17085,1.16955,1.16981,4341
2025-08-25 01:00:00+00:00,1.1698,1.17037,1.16936,1.16964,5038
2025-08-25 02:00:00+00:00,1.16964,1.17002,1.16939,1.16972,2785
2025-08-25 03:00:00+00:00,1.16973,1.17077,1.16972,1.17068,2460
2025-08-25 04:00:00+00:00,1.17069,1.17078,1.17037,1.17059,1722
2025-08-25 05:00:00+00:00,1.17059,1.17059,1.16983,1.17007,1811
2025-08-25 06:00:00+00:00,1.17008,1.17206,1.17007,1.17147,7843
2025-08-25 07:00:00+00:00,1.17148,1.17181,1.16946,1.16976,8763
2025-08-25 08:00:00+00:00,1.16976,1.17109,1.16972,1.17042,6055
2025-08-25 09:00:00+00:00,1.17041,1.17047,1.169,1.16933,4962
2025-08-25 10:00:00+00:00,1.16934,1.16973,1.16854,1.16877,5615
2025-08-25 11:00:00+00:00,1.16878,1.17031,1.16876,1.17027,5774
2025-08-25 12:00:00+00:00,1.17028,1.17037,1.16937,1.16999,6619
2025-08-25 13:00:00+00:00,1.16998,1.17092,1.16948,1.1703,8719
2025-08-25 14:00:00+00:00,1.1703,1.17057,1.16891,1.16901,11688
2025-08-25 15:00:00+00:00,1.16902,1.16918,1.16654,1.16692,12046
2025-08-25 16:00:00+00:00,1.16692,1.16695,1.16515,1.16549,9361
2025-08-25 17:00:00+00:00,1.1655,1.1656,1.16409,1.16468,7571
2025-08-25 18:00:00+00:00,1.16468,1.16485,1.16191,1.16206,10407
2025-08-25 19:00:00+00:00,1.16206,1.16214,1.16029,1.16096,11375
2025-08-25 20:00:00+00:00,1.16097,1.16256,1.16093,1.1619,6100
2025-08-25 21:00:00+00:00,1.16192,1.16206,1.16177,1.16203,832
2025-08-25 22:00:00+00:00,1.16207,1.16228,1.16184,1.16207,2358
2025-08-25 23:00:00+00:00,1.16207,1.16215,1.16126,1.16146,2066
2025-08-26 00:00:00+00:00,1.16147,1.16601,1.16103,1.16479,24392
2025-08-26 01:00:00+00:00,1.16479,1.16503,1.1635,1.1642,10006
2025-08-26 02:00:00+00:00,1.16419,1.16474,1.16325,1.16366,6413
2025-08-26 03:00:00+00:00,1.16365,1.16365,1.1624,1.16258,6496
2025-08-26 04:00:00+00:00,1.16258,1.16324,1.16237,1.16319,3896
2025-08-26 05:00:00+00:00,1.1632,1.16445,1.16297,1.16414,7235
2025-08-26 06:00:00+00:00,1.16414,1.16414,1.16135,1.16223,15585
2025-08-26 07:00:00+00:00,1.16224,1.16286,1.16022,1.16217,20216
2025-08-26 08:00:00+00:00,1.16218,1.16252,1.16058,1.1618,12346
2025-08-26 09:00:00+00:00,1.1618,1.16437,1.16177,1.16426,10450
2025-08-26 10:00:00+00:00,1.16426,1.16475,1.16372,1.1645,7859
2025-08-26 11:00:00+00:00,1.16451,1.16608,1.16414,1.16539,8590
2025-08-26 12:00:00+00:00,1.1654,1.166,1.1645,1.16461,13433
2025-08-26 13:00:00+00:00,1.16462,1.16566,1.16372,1.1651,13699
2025-08-26 14:00:00+00:00,1.16512,1.16655,1.16436,1.16547,15213
2025-08-26 15:00:00+00:00,1.16547,1.16639,1.16487,1.16557,9531
2025-08-26 16:00:00+00:00,1.16557,1.16617,1.16486,1.16488,5898
2025-08-26 17:00:00+00:00,1.16488,1.16528,1.16376,1.16378,5328
2025-08-26 18:00:00+00:00,1.16378,1.16475,1.16335,1.16436,5672
2025-08-26 19:00:00+00:00,1.16436,1.16487,1.16397,1.16406,4660
2025-08-26 20:00:00+00:00,1.16406,1.16432,1.16335,1.16424,5234
2025-08-26 21:00:00+00:00,1.16444,1.16473,1.16437,1.16454,1551
2025-08-26 22:00:00+00:00,1.16458,1.16479,1.16409,1.16431,1932
2025-08-26 23:00:00+00:00,1.16431,1.16439,1.16369,1.16372,2548
2025-08-27 00:00:00+00:00,1.16372,1.16418,1.16338,1.16369,5038
2025-08-27 01:00:00+00:00,1.16369,1.16409,1.16309,1.16339,7158
2025-08-27 02:00:00+00:00,1.16339,1.16343,1.16249,1.16313,3453
2025-08-27 03:00:00+00:00,1.16314,1.1633,1.1622,1.16252,2602
2025-08-27 04:00:00+00:00,1.16253,1.16255,1.16123,1.16142,3052
2025-08-27 05:00:00+00:00,1.16142,1.16206,1.16136,1.16203,2866
2025-08-27 06:00:00+00:00,1.16202,1.16239,1.16146,1.16208,5515
2025-08-27 07:00:00+00:00,1.16209,1.1622,1.15961,1.16036,11073
2025-08-27 08:00:00+00:00,1.16035,1.16037,1.15771,1.15889,12343
2025-08-27 09:00:00+00:00,1.1589,1.15952,1.15864,1.15902,6460
2025-08-27 10:00:00+00:00,1.15903,1.15926,1.15789,1.15794,6020
2025-08-27 11:00:00+00:00,1.15794,1.15899,1.15741,1.15861,6402
2025-08-27 12:00:00+00:00,1.15862,1.15983,1.15846,1.15865,10477
2025-08-27 13:00:00+00:00,1.15865,1.16039,1.15843,1.1598,12289
2025-08-27 14:00:00+00:00,1.15979,1.16028,1.15821,1.15924,16467
2025-08-27 15:00:00+00:00,1.15925,1.16124,1.15922,1.16108,12916
2025-08-27 16:00:00+00:00,1.16107,1.16409,1.16107,1.16382,10252
2025-08-27 17:00:00+00:00,1.16383,1.16429,1.16326,1.16379,7869
2025-08-27 18:00:00+00:00,1.16378,1.16383,1.16279,1.16306,5917
2025-08-27 19:00:00+00:00,1.16306,1.16351,1.16291,1.16338,5008
2025-08-27 20:00:00+00:00,1.16338,1.16395,1.16315,1.16385,3459
2025-08-27 21:00:00+00:00,1.16367,1.16392,1.16364,1.16378,434
2025-08-27 22:00:00+00:00,1.16378,1.16441,1.16377,1.16435,2256
2025-08-27 23:00:00+00:00,1.16436,1.16479,1.16426,1.16476,2180
2025-08-28 00:00:00+00:00,1.16476,1.16495,1.16428,1.16457,3326
2025-08-28 01:00:00+00:00,1.16457,1.16506,1.16415,1.16452,4638
2025-08-28 02:00:00+00:00,1.16453,1.16548,1.16447,1.16528,3866
2025-08-28 03:00:00+00:00,1.16528,1.16545,1.16423,1.16429,2965
2025-08-28 04:00:00+00:00,1.16431,1.16442,1.16388,1.16398,1900
2025-08-28 05:00:00+00:00,1.16397,1.16408,1.16359,1.16376,2937
2025-08-28 06:00:00+00:00,1.16375,1.16452,1.16341,1.16429,7373
2025-08-28 07:00:00+00:00,1.16428,1.16497,1.16338,1.16438,9691
2025-08-28 08:00:00+00:00,1.16439,1.16457,1.1629,1.16424,10013
2025-08-28 09:00:00+00:00,1.16425,1.16547,1.16425,1.16489,6834
2025-08-28 10:00:00+00:00,1.16488,1.1675,1.16483,1.16715,8415
2025-08-28 11:00:00+00:00,1.16715,1.16737,1.16595,1.16667,8508
2025-08-28 12:00:00+00:00,1.16667,1.16871,1.16625,1.16696,22252
2025-08-28 13:00:00+00:00,1.16696,1.16774,1.16587,1.16723,18337
2025-08-28 14:00:00+00:00,1.16724,1.16862,1.16661,1.16704,17585
2025-08-28 15:00:00+00:00,1.16704,1.16755,1.16612,1.16721,11342
2025-08-28 16:00:00+00:00,1.16722,1.16902,1.16718,1.16894,5601
2025-08-28 17:00:00+00:00,1.16895,1.16975,1.16869,1.1688,5659
2025-08-28 18:00:00+00:00,1.16881,1.16904,1.16849,1.16891,3561
2025-08-28 19:00:00+00:00,1.16891,1.16902,1.16823,1.16826,3572
2025-08-28 20:00:00+00:00,1.16827,1.16838,1.1678,1.16837,3169
2025-08-28 21:00:00+00:00,1.16831,1.16835,1.16779,1.16795,1390
2025-08-28 22:00:00+00:00,1.16793,1.1681,1.16737,1.16742,4250
2025-08-28 23:00:00+00:00,1.16741,1.1682,1.1674,1.16787,2787
2025-08-29 00:00:00+00:00,1.16788,1.16821,1.16728,1.16748,5172
2025-08-29 01:00:00+00:00,1.16749,1.16766,1.16562,1.16588,7338
2025-08-29 02:00:00+00:00,1.16589,1.16652,1.16589,1.16621,5567
2025-08-29 03:00:00+00:00,1.16622,1.1665,1.16601,1.16628,2959
2025-08-29 04:00:00+00:00,1.16627,1.16651,1.16586,1.16648,2443
2025-08-29 05:00:00+00:00,1.16649,1.16703,1.16615,1.167,3090
2025-08-29 06:00:00+00:00,1.16699,1.16706,1.16612,1.16672,6921
2025-08-29 07:00:00+00:00,1.16671,1.16771,1.16628,1.1676,8634
2025-08-29 08:00:00+00:00,1.1676,1.16904,1.16697,1.16759,10802
2025-08-29 09:00:00+00:00,1.16759,1.16827,1.1669,1.1673,7789
2025-08-29 10:00:00+00:00,1.16729,1.16746,1.16651,1.16678,6232
2025-08-29 11:00:00+00:00,1.16679,1.16683,1.16612,1.1663,6668
2025-08-29 12:00:00+00:00,1.16629,1.16642,1.16506,1.16586,14901
2025-08-29 13:00:00+00:00,1.16587,1.16732,1.16536,1.16687,13084
2025-08-29 14:00:00+00:00,1.16686,1.17053,1.16686,1.17046,21862
2025-08-29 15:00:00+00:00,1.17044,1.1709,1.16945,1.16945,15642
2025-08-29 16:00:00+00:00,1.16944,1.17073,1.16936,1.17016,10472
2025-08-29 17:00:00+00:00,1.17015,1.1703,1.16962,1.16965,4070
2025-08-29 18:00:00+00:00,1.16965,1.16996,1.16933,1.16985,3341
2025-08-29 19:00:00+00:00,1.16984,1.16997,1.16932,1.16982,4165
2025-08-29 20:00:00+00:00,1.16982,1.17008,1.16809,1.16858,6600
2025-08-31 21:00:00+00:00,1.16957,1.16968,1.16872,1.16893,1113
2025-08-31 22:00:00+00:00,1.16893,1.16921,1.16868,1.16886,2390
2025-08-31 23:00:00+00:00,1.16886,1.16905,1.16868,1.16902,1892
2025-09-01 00:00:00+00:00,1.16902,1.16981,1.16897,1.16972,3117
2025-09-01 01:00:00+00:00,1.16973,1.16974,1.16881,1.16949,3581
2025-09-01 02:00:00+00:00,1.1695,1.17138,1.16949,1.17119,4593
2025-09-01 03:00:00+00:00,1.17119,1.17145,1.17047,1.17083,4218
2025-09-01 04:00:00+00:00,1.17084,1.17102,1.17046,1.17084,2114
2025-09-01 05:00:00+00:00,1.17084,1.17156,1.17082,1.17144,4043
2025-09-01 06:00:00+00:00,1.17144,1.17335,1.17133,1.17252,8724
2025-09-01 07:00:00+00:00,1.17253,1.17279,1.17152,1.17254,9833
2025-09-01 08:00:00+00:00,1.17253,1.17364,1.17161,1.17352,9339
2025-09-01 09:00:00+00:00,1.17353,1.17364,1.17188,1.17196,8332
2025-09-01 10:00:00+00:00,1.17196,1.17265,1.17182,1.17195,6281
2025-09-01 11:00:00+00:00,1.17196,1.17294,1.17129,1.17145,7014
2025-09-01 12:00:00+00:00,1.17146,1.17179,1.17063,1.17076,6963
2025-09-01 13:00:00+00:00,1.17075,1.17163,1.17052,1.17079,7226
2025-09-01 14:00:00+00:00,1.1708,1.17144,1.17056,1.17108,8495
2025-09-01 15:00:00+00:00,1.17108,1.17116,1.16995,1.16997,5575
2025-09-01 16:00:00+00:00,1.16996,1.17049,1.16966,1.17049,4022
2025-09-01 17:00:00+00:00,1.17048,1.17052,1.17013,1.17043,1723
2025-09-01 18:00:00+00:00,1.17045,1.17076,1.1704,1.17074,1992
2025-09-01 19:00:00+00:00,1.17075,1.17138,1.17074,1.17129,2253
2025-09-01 20:00:00+00:00,1.17128,1.17135,1.1711,1.17113,2833
2025-09-01 21:00:00+00:00,1.17103,1.17103,1.17083,1.17091,1288
2025-09-01 22:00:00+00:00,1.17084,1.17135,1.17084,1.17112,1536
2025-09-01 23:00:00+00:00,1.17112,1.17184,1.1711,1.17149,1748
2025-09-02 00:00:00+00:00,1.1715,1.17159,1.17033,1.17045,5181
2025-09-02 01:00:00+00:00,1.17046,1.17071,1.16995,1.17036,8117
2025-09-02 02:00:00+00:00,1.17037,1.17043,1.16923,1.16985,4916
2025-09-02 03:00:00+00:00,1.16984,1.16994,1.1693,1.16953,3005
2025-09-02 04:00:00+00:00,1.16952,1.16962,1.16897,1.16934,3272
2025-09-02 05:00:00+00:00,1.16934,1.16972,1.16874,1.16944,4636
2025-09-02 06:00:00+00:00,1.16945,1.17065,1.16945,1.17031,7016
2025-09-02 07:00:00+00:00,1.17031,1.17067,1.16429,1.16459,26531
2025-09-02 08:00:00+00:00,1.1646,1.16558,1.16338,1.16451,25031
2025-09-02 09:00:00+00:00,1.1645,1.16484,1.16239,1.16377,16643
2025-09-02 10:00:00+00:00,1.16377,1.16421,1.16268,1.16319,11259
2025-09-02 11:00:00+00:00,1.16319,1.16499,1.1628,1.16467,11820
2025-09-02 12:00:00+00:00,1.16466,1.16532,1.16129,1.16173,19834
2025-09-02 13:00:00+00:00,1.16174,1.16515,1.16152,1.16497,17934
2025-09-02 14:00:00+00:00,1.16498,1.16826,1.16498,1.16625,30498
2025-09-02 15:00:00+00:00,1.16625,1.16686,1.16496,1.16527,14840
2025-09-02 16:00:00+00:00,1.16527,1.16549,1.16431,1.16441,7205
2025-09-02 17:00:00+00:00,1.16442,1.16484,1.16414,1.16425,4967
2025-09-02 18:00:00+00:00,1.16424,1.16436,1.16297,1.16336,6897
2025-09-02 19:00:00+00:00,1.16337,1.16414,1.16321,1.16414,4974
2025-09-02 20:00:00+00:00,1.16414,1.16435,1.16389,1.16403,2596
2025-09-02 21:00:00+00:00,1.16449,1.16449,1.164,1.16422,1114
2025-09-02 22:00:00+00:00,1.16423,1.16444,1.16367,1.16369,1882
2025-09-02 23:00:00+00:00,1.1637,1.1638,1.16327,1.16329,2290
2025-09-03 00:00:00+00:00,1.16329,1.16366,1.1629,1.16332,4758
2025-09-03 01:00:00+00:00,1.16331,1.16355,1.16265,1.16305,4502
2025-09-03 02:00:00+00:00,1.16305,1.16355,1.16249,1.16274,4009
2025-09-03 03:00:00+00:00,1.16275,1.16305,1.16231,1.16236,3423
2025-09-03 04:00:00+00:00,1.16236,1.16319,1.16221,1.16318,2533
2025-09-03 05:00:00+00:00,1.16318,1.16347,1.16263,1.163,5480
2025-09-03 06:00:00+00:00,1.163,1.16431,1.16285,1.16331,9610
2025-09-03 07:00:00+00:00,1.1633,1.16362,1.16082,1.16359,18132
2025-09-03 08:00:00+00:00,1.16359,1.16578,1.16357,1.16565,13343
2025-09-03 09:00:00+00:00,1.16566,1.16649,1.16518,1.16565,8859
2025-09-03 10:00:00+00:00,1.16564,1.16579,1.16396,1.16437,7704
2025-09-03 11:00:00+00:00,1.16436,1.16546,1.164,1.16518,7945
2025-09-03 12:00:00+00:00,1.16517,1.16589,1.16447,1.16483,10155
2025-09-03 13:00:00+00:00,1.16483,1.16541,1.16385,1.16498,15679
2025-09-03 14:00:00+00:00,1.16497,1.16805,1.1649,1.16637,24956
2025-09-03 15:00:00+00:00,1.16637,1.16822,1.16632,1.16752,12644
2025-09-03 16:00:00+00:00,1.16751,1.16776,1.16668,1.16755,6717
2025-09-03 17:00:00+00:00,1.16756,1.16772,1.16588,1.16612,5562
2025-09-03 18:00:00+00:00,1.16611,1.16679,1.16582,1.16619,6382
2025-09-03 19:00:00+00:00,1.1662,1.16629,1.16558,1.16584,3775
2025-09-03 20:00:00+00:00,1.16585,1.16646,1.16558,1.16626,2892
2025-09-03 21:00:00+00:00,1.16615,1.16631,1.16598,1.16612,2331
2025-09-03 22:00:00+00:00,1.16612,1.16635,1.16597,1.16603,1184
2025-09-03 23:00:00+00:00,1.16604,1.16625,1.16567,1.16611,1527
2025-09-04 00:00:00+00:00,1.16611,1.16623,1.16548,1.16588,5367
2025-09-04 01:00:00+00:00,1.16588,1.16695,1.16525,1.16583,5814
2025-09-04 02:00:00+00:00,1.16584,1.1659,1.16512,1.16531,3747
2025-09-04 03:00:00+00:00,1.16531,1.16558,1.16505,1.16532,2960
2025-09-04 04:00:00+00:00,1.16533,1.1655,1.16506,1.16516,2015
2025-09-04 05:00:00+00:00,1.16516,1.16556,1.16485,1.16553,3086
2025-09-04 06:00:00+00:00,1.16553,1.16613,1.16502,1.16519,5572
2025-09-04 07:00:00+00:00,1.16518,1.16586,1.16439,1.16507,8614
2025-09-04 08:00:00+00:00,1.16507,1.16594,1.16483,1.16577,7656
2025-09-04 09:00:00+00:00,1.16578,1.16598,1.16396,1.16432,8568
2025-09-04 10:00:00+00:00,1.16433,1.16597,1.1643,1.16529,7069
2025-09-04 11:00:00+00:00,1.16528,1.1653,1.16394,1.16429,6651
2025-09-04 12:00:00+00:00,1.1643,1.16586,1.163,1.16459,21673
2025-09-04 13:00:00+00:00,1.16458,1.16558,1.16375,1.165,15401
2025-09-04 14:00:00+00:00,1.165,1.16518,1.16318,1.16348,22980
2025-09-04 15:00:00+00:00,1.16349,1.165,1.16313,1.16477,9445
2025-09-04 16:00:00+00:00,1.16477,1.16483,1.16338,1.16395,6845
2025-09-04 17:00:00+00:00,1.16396,1.16401,1.16346,1.16375,4018
2025-09-04 18:00:00+00:00,1.16375,1.16479,1.16367,1.16439,4636
2025-09-04 19:00:00+00:00,1.1644,1.16521,1.1644,1.1651,4265
2025-09-04 20:00:00+00:00,1.16511,1.16525,1.16485,1.16498,2058
2025-09-04 21:00:00+00:00,1.16488,1.16505,1.16483,1.16495,776
2025-09-04 22:00:00+00:00,1.16491,1.16534,1.16488,1.1649,1577
2025-09-04 23:00:00+00:00,1.1649,1.16579,1.16487,1.16568,2895
2025-09-05 00:00:00+00:00,1.16568,1.16608,1.16525,1.16597,4994
2025-09-05 01:00:00+00:00,1.16597,1.16721,1.16597,1.16708,4584
2025-09-05 02:00:00+00:00,1.16708,1.16747,1.16684,1.16684,2916
2025-09-05 03:00:00+00:00,1.16684,1.16733,1.16661,1.16713,3584
2025-09-05 04:00:00+00:00,1.16714,1.16719,1.16652,1.16671,2582
2025-09-05 05:00:00+00:00,1.16672,1.16778,1.16666,1.16769,3163
2025-09-05 06:00:00+00:00,1.1677,1.16777,1.16651,1.16692,7784
2025-09-05 07:00:00+00:00,1.16693,1.16789,1.16664,1.16778,7376
2025-09-05 08:00:00+00:00,1.16778,1.16846,1.16754,1.16834,4936
2025-09-05 09:00:00+00:00,1.16835,1.16925,1.16814,1.1688,6078
2025-09-05 10:00:00+00:00,1.16879,1.16967,1.16868,1.16916,4210
2025-09-05 11:00:00+00:00,1.16915,1.16917,1.16779,1.16872,8570
2025-09-05 12:00:00+00:00,1.16873,1.17504,1.16861,1.17344,54282
2025-09-05 13:00:00+00:00,1.17344,1.17503,1.17139,1.17489,37457
2025-09-05 14:00:00+00:00,1.17489,1.17594,1.1723,1.17366,31567
2025-09-05 15:00:00+00:00,1.17366,1.17594,1.17349,1.17583,14621
2025-09-05 16:00:00+00:00,1.17584,1.17596,1.17367,1.1739,9344
2025-09-05 17:00:00+00:00,1.17391,1.17392,1.17248,1.1726,8496
2025-09-05 18:00:00+00:00,1.17259,1.17265,1.17146,1.17172,6080
2025-09-05 19:00:00+00:00,1.17171,1.17232,1.17131,1.17179,5104
2025-09-05 20:00:00+00:00,1.1718,1.17221,1.17149,1.17174,5006
2025-09-07 21:00:00+00:00,1.17143,1.17194,1.17135,1.17184,515
2025-09-07 22:00:00+00:00,1.17185,1.17212,1.17037,1.1706,7580
2025-09-07 23:00:00+00:00,1.1706,1.1716,1.17059,1.17124,4775
2025-09-08 00:00:00+00:00,1.17124,1.17132,1.17049,1.1713,7646
2025-09-08 01:00:00+00:00,1.1713,1.17176,1.17076,1.17129,8429
2025-09-08 02:00:00+00:00,1.1713,1.17164,1.17103,1.1715,7329
2025-09-08 03:00:00+00:00,1.17149,1.17159,1.17082,1.17095,4176
2025-09-08 04:00:00+00:00,1.17095,1.17143,1.17062,1.17132,2457
2025-09-08 05:00:00+00:00,1.17132,1.17212,1.17123,1.17152,3714
2025-09-08 06:00:00+00:00,1.17152,1.1728,1.17118,1.17269,9472
2025-09-08 07:00:00+00:00,1.1727,1.17339,1.17204,1.17329,10500
2025-09-08 08:00:00+00:00,1.17328,1.17429,1.17258,1.17314,9596
2025-09-08 09:00:00+00:00,1.17313,1.17316,1.17209,1.17238,7540
2025-09-08 10:00:00+00:00,1.17238,1.1729,1.172,1.17259,5688
2025-09-08 11:00:00+00:00,1.17259,1.17319,1.17247,1.17292,7046
2025-09-08 12:00:00+00:00,1.17291,1.17419,1.17228,1.17379,10210
2025-09-08 13:00:00+00:00,1.17378,1.17564,1.17364,1.17513,11048
2025-09-08 14:00:00+00:00,1.17512,1.17547,1.17398,1.17454,14827
2025-09-08 15:00:00+00:00,1.17455,1.17523,1.17432,1.17504,8490
2025-09-08 16:00:00+00:00,1.17504,1.17521,1.17351,1.17407,6071
2025-09-08 17:00:00+00:00,1.17406,1.17471,1.1735,1.17397,5423
2025-09-08 18:00:00+00:00,1.17397,1.17628,1.17396,1.17612,4791
2025-09-08 19:00:00+00:00,1.17613,1.17658,1.17595,1.17626,4484
2025-09-08 20:00:00+00:00,1.17625,1.17641,1.17596,1.17634,2929
2025-09-08 21:00:00+00:00,1.17612,1.1763,1.17589,1.17615,2246
2025-09-08 22:00:00+00:00,1.17618,1.17653,1.17613,1.17623,2703
2025-09-08 23:00:00+00:00,1.17623,1.1773,1.17623,1.17686,2515
2025-09-09 00:00:00+00:00,1.17687,1.17745,1.17656,1.17715,4449
2025-09-09 01:00:00+00:00,1.17715,1.1778,1.1766,1.17752,4629
2025-09-09 02:00:00+00:00,1.17752,1.17769,1.1768,1.17689,5337
2025-09-09 03:00:00+00:00,1.17689,1.17701,1.17635,1.17641,2196
2025-09-09 04:00:00+00:00,1.1764,1.17759,1.17638,1.1773,1953
2025-09-09 05:00:00+00:00,1.17729,1.17802,1.17714,1.17788,4486
2025-09-09 06:00:00+00:00,1.17789,1.17799,1.17564,1.17648,9078
2025-09-09 07:00:00+00:00,1.17648,1.17685,1.17478,1.17528,11169
2025-09-09 08:00:00+00:00,1.17527,1.17624,1.17443,1.17595,15547
2025-09-09 09:00:00+00:00,1.17595,1.17725,1.17592,1.17676,8547
2025-09-09 10:00:00+00:00,1.17676,1.17714,1.17527,1.17541,9089
2025-09-09 11:00:00+00:00,1.1754,1.17546,1.17412,1.17421,7876
2025-09-09 12:00:00+00:00,1.17422,1.17452,1.17276,1.17374,10144
2025-09-09 13:00:00+00:00,1.17374,1.1749,1.17341,1.17419,12472
2025-09-09 14:00:00+00:00,1.17421,1.17628,1.17226,1.17308,35759
2025-09-09 15:00:00+00:00,1.17308,1.17317,1.17157,1.17221,13847
2025-09-09 16:00:00+00:00,1.17222,1.17298,1.17188,1.1719,6088
2025-09-09 17:00:00+00:00,1.17191,1.17237,1.17085,1.17094,7411
2025-09-09 18:00:00+00:00,1.17094,1.17146,1.17042,1.17064,6393
2025-09-09 19:00:00+00:00,1.17065,1.17091,1.17037,1.17067,4866
2025-09-09 20:00:00+00:00,1.17067,1.17116,1.17045,1.17084,3796
2025-09-09 21:00:00+00:00,1.17083,1.17116,1.17072,1.1711,2303
2025-09-09 22:00:00+00:00,1.17112,1.17138,1.17089,1.17119,1885
2025-09-09 23:00:00+00:00,1.17118,1.17122,1.16974,1.17024,3331
2025-09-10 00:00:00+00:00,1.17023,1.17026,1.16961,1.16971,4903
2025-09-10 01:00:00+00:00,1.16971,1.17028,1.16894,1.16996,7647
2025-09-10 02:00:00+00:00,1.16997,1.17084,1.16994,1.17072,5116
2025-09-10 03:00:00+00:00,1.17073,1.17103,1.17068,1.17081,2496
2025-09-10 04:00:00+00:00,1.17082,1.17157,1.17075,1.17151,2154
2025-09-10 05:00:00+00:00,1.1715,1.1716,1.17051,1.17086,3437
2025-09-10 06:00:00+00:00,1.17085,1.17185,1.16916,1.16982,10444
2025-09-10 07:00:00+00:00,1.16981,1.17079,1.16824,1.17028,14163
2025-09-10 08:00:00+00:00,1.17029,1.17038,1.16912,1.17,9847
2025-09-10 09:00:00+00:00,1.16999,1.17172,1.16984,1.17134,6800
2025-09-10 10:00:00+00:00,1.17133,1.17147,1.16965,1.17004,6321
2025-09-10 11:00:00+00:00,1.17003,1.17069,1.16955,1.17048,5566
2025-09-10 12:00:00+00:00,1.17048,1.17275,1.16913,1.17005,30818
2025-09-10 13:00:00+00:00,1.17005,1.17247,1.1696,1.17202,19331
2025-09-10 14:00:00+00:00,1.17201,1.17308,1.17152,1.17278,15439
2025-09-10 15:00:00+00:00,1.17278,1.17302,1.17133,1.17148,7793
2025-09-10 16:00:00+00:00,1.17147,1.17163,1.17027,1.17057,5185
2025-09-10 17:00:00+00:00,1.17058,1.17114,1.17019,1.1706,5217
2025-09-10 18:00:00+00:00,1.1706,1.17123,1.17027,1.17047,4971
2025-09-10 19:00:00+00:00,1.17046,1.17047,1.16935,1.17005,3739
2025-09-10 20:00:00+00:00,1.17004,1.17015,1.16938,1.16953,3351
2025-09-10 21:00:00+00:00,1.1696,1.17007,1.16955,1.16998,1737
2025-09-10 22:00:00+00:00,1.17,1.17035,1.16985,1.17033,884
2025-09-10 23:00:00+00:00,1.17032,1.17071,1.17014,1.17026,2003
2025-09-11 00:00:00+00:00,1.17026,1.17026,1.16938,1.16941,3227
2025-09-11 01:00:00+00:00,1.1694,1.17029,1.16931,1.16974,2889
2025-09-11 02:00:00+00:00,1.16974,1.1699,1.16938,1.16966,2302
2025-09-11 03:00:00+00:00,1.16966,1.17005,1.16948,1.1696,2747
2025-09-11 04:00:00+00:00,1.16959,1.16995,1.1694,1.16995,2507
2025-09-11 05:00:00+00:00,1.16994,1.16996,1.16894,1.16901,3991
2025-09-11 06:00:00+00:00,1.169,1.16968,1.16838,1.16907,8393
2025-09-11 07:00:00+00:00,1.16908,1.16965,1.16868,1.16927,9021
2025-09-11 08:00:00+00:00,1.16927,1.16954,1.16887,1.16921,7065
2025-09-11 09:00:00+00:00,1.1692,1.16932,1.16774,1.16859,6607
2025-09-11 10:00:00+00:00,1.1686,1.16885,1.16801,1.16832,6800
2025-09-11 11:00:00+00:00,1.16831,1.16913,1.16781,1.16838,8380
2025-09-11 12:00:00+00:00,1.16838,1.17211,1.16604,1.17151,53044
2025-09-11 13:00:00+00:00,1.17152,1.17411,1.17138,1.17394,38155
2025-09-11 14:00:00+00:00,1.17393,1.17445,1.17256,1.17279,18774
2025-09-11 15:00:00+00:00,1.1728,1.17461,1.17262,1.17315,13942
2025-09-11 16:00:00+00:00,1.17315,1.17398,1.17307,1.17365,5981
2025-09-11 17:00:00+00:00,1.17365,1.17393,1.17278,1.17318,6780
2025-09-11 18:00:00+00:00,1.17317,1.17384,1.17306,1.17357,4275
2025-09-11 19:00:00+00:00,1.17357,1.1739,1.17335,1.17368,3982
2025-09-11 20:00:00+00:00,1.17368,1.17399,1.17333,1.17339,4939
2025-09-11 21:00:00+00:00,1.17338,1.17362,1.17335,1.17348,1347
2025-09-11 22:00:00+00:00,1.17347,1.17406,1.17346,1.17389,1904
2025-09-11 23:00:00+00:00,1.17389,1.17401,1.17331,1.17331,2968
2025-09-12 00:00:00+00:00,1.17332,1.17343,1.17273,1.17331,4852
2025-09-12 01:00:00+00:00,1.17332,1.17346,1.17254,1.17256,3769
2025-09-12 02:00:00+00:00,1.17257,1.17292,1.17238,1.17269,2890
2025-09-12 03:00:00+00:00,1.17268,1.17272,1.17227,1.17252,2133
2025-09-12 04:00:00+00:00,1.17251,1.17272,1.1721,1.17257,2298
2025-09-12 05:00:00+00:00,1.17256,1.17335,1.17242,1.17306,2632
2025-09-12 06:00:00+00:00,1.17307,1.17406,1.17221,1.17395,6407
2025-09-12 07:00:00+00:00,1.17396,1.17479,1.17371,1.17407,7445
2025-09-12 08:00:00+00:00,1.17407,1.17411,1.17156,1.17173,9487
2025-09-12 09:00:00+00:00,1.17173,1.17255,1.17128,1.17223,7053
2025-09-12 10:00:00+00:00,1.17224,1.17349,1.1722,1.1734,4912
2025-09-12 11:00:00+00:00,1.17339,1.17356,1.17207,1.17213,5929
2025-09-12 12:00:00+00:00,1.17213,1.17229,1.17012,1.17124,12938
2025-09-12 13:00:00+00:00,1.17124,1.17166,1.17034,1.17132,10868
2025-09-12 14:00:00+00:00,1.17131,1.17284,1.17125,1.17251,15101
2025-09-12 15:00:00+00:00,1.17251,1.17278,1.17134,1.1714,7516
2025-09-12 16:00:00+00:00,1.17141,1.17318,1.17102,1.1727,4840
2025-09-12 17:00:00+00:00,1.17271,1.17379,1.17269,1.17323,3710
2025-09-12 18:00:00+00:00,1.17324,1.17418,1.17322,1.17411,4126
2025-09-12 19:00:00+00:00,1.17412,1.17417,1.1734,1.17363,4149
2025-09-12 20:00:00+00:00,1.17362,1.17368,1.17287,1.17343,5563
2025-09-14 21:00:00+00:00,1.17342,1.17348,1.173,1.17312,536
2025-09-14 22:00:00+00:00,1.17313,1.17349,1.17279,1.17285,2139
2025-09-14 23:00:00+00:00,1.17286,1.17315,1.17252,1.17256,2515
2025-09-15 00:00:00+00:00,1.17256,1.17279,1.1722,1.17269,2624
2025-09-15 01:00:00+00:00,1.17269,1.17296,1.17229,1.17277,4263
2025-09-15 02:00:00+00:00,1.17277,1.17294,1.17247,1.17277,2377
2025-09-15 03:00:00+00:00,1.17278,1.17344,1.17273,1.17312,1652
2025-09-15 04:00:00+00:00,1.17312,1.17355,1.1731,1.17341,1624
2025-09-15 05:00:00+00:00,1.17342,1.17345,1.17279,1.17285,3276
2025-09-15 06:00:00+00:00,1.17284,1.17299,1.17163,1.17252,7575
2025-09-15 07:00:00+00:00,1.17251,1.17443,1.17243,1.17337,9191
2025-09-15 08:00:00+00:00,1.17338,1.17437,1.173,1.17372,7568
2025-09-15 09:00:00+00:00,1.17371,1.17518,1.17363,1.17464,5936
2025-09-15 10:00:00+00:00,1.17463,1.17628,1.17462,1.17529,6177
2025-09-15 11:00:00+00:00,1.17529,1.17633,1.17529,1.17611,6132
2025-09-15 12:00:00+00:00,1.17611,1.17709,1.17611,1.17697,8712
2025-09-15 13:00:00+00:00,1.17698,1.17734,1.17577,1.17589,9806
2025-09-15 14:00:00+00:00,1.17587,1.17606,1.17508,1.17579,10592
2025-09-15 15:00:00+00:00,1.17578,1.17723,1.17565,1.17715,6580
2025-09-15 16:00:00+00:00,1.17714,1.17745,1.17562,1.17584,6583
2025-09-15 17:00:00+00:00,1.17583,1.1773,1.1758,1.1771,4537
2025-09-15 18:00:00+00:00,1.17711,1.17723,1.17663,1.17694,5512
2025-09-15 19:00:00+00:00,1.17695,1.17721,1.17643,1.17657,4610
2025-09-15 20:00:00+00:00,1.17657,1.17687,1.17601,1.17613,3454
2025-09-15 21:00:00+00:00,1.17626,1.17665,1.17625,1.17659,560
2025-09-15 22:00:00+00:00,1.17662,1.17669,1.17619,1.1763,1747
2025-09-15 23:00:00+00:00,1.17631,1.17661,1.17629,1.1763,1774
2025-09-16 00:00:00+00:00,1.1763,1.17663,1.17575,1.1762,4895
2025-09-16 01:00:00+00:00,1.17621,1.17694,1.1758,1.17676,6090
2025-09-16 02:00:00+00:00,1.17677,1.17775,1.17675,1.17766,4503
2025-09-16 03:00:00+00:00,1.17766,1.1787,1.17742,1.17802,5098
2025-09-16 04:00:00+00:00,1.17803,1.17804,1.1774,1.17768,5437
2025-09-16 05:00:00+00:00,1.17769,1.17803,1.17738,1.17783,5888
2025-09-16 06:00:00+00:00,1.17782,1.17913,1.17778,1.17874,11104
2025-09-16 07:00:00+00:00,1.17875,1.1802,1.17863,1.17945,13625
2025-09-16 08:00:00+00:00,1.17945,1.18038,1.17901,1.17951,10509
2025-09-16 09:00:00+00:00,1.1795,1.18182,1.1795,1.18141,10916
2025-09-16 10:00:00+00:00,1.18141,1.18156,1.18042,1.18083,9568
2025-09-16 11:00:00+00:00,1.18084,1.18216,1.18013,1.18142,11365
2025-09-16 12:00:00+00:00,1.18142,1.18155,1.17895,1.18047,22027
2025-09-16 13:00:00+00:00,1.18048,1.18272,1.1804,1.18241,16618
2025-09-16 14:00:00+00:00,1.1824,1.18532,1.18214,1.18518,24448
2025-09-16 15:00:00+00:00,1.18517,1.18533,1.18351,1.18472,15639
2025-09-16 16:00:00+00:00,1.18472,1.18719,1.18464,1.18645,11574
2025-09-16 17:00:00+00:00,1.18644,1.18784,1.18636,1.18662,11070
2025-09-16 18:00:00+00:00,1.18661,1.18711,1.18613,1.18667,9329
2025-09-16 19:00:00+00:00,1.18667,1.18689,1.1858,1.18602,9272
2025-09-16 20:00:00+00:00,1.18601,1.18688,1.18583,1.18672,8560
2025-09-16 21:00:00+00:00,1.18616,1.18642,1.18597,1.1864,2316
2025-09-16 22:00:00+00:00,1.18634,1.18684,1.18632,1.1866,1985
2025-09-16 23:00:00+00:00,1.1866,1.18731,1.18659,1.18711,2538
2025-09-17 00:00:00+00:00,1.18711,1.18731,1.1858,1.18584,5826
2025-09-17 01:00:00+00:00,1.18583,1.18595,1.18521,1.1856,5464
2025-09-17 02:00:00+00:00,1.18559,1.1858,1.18513,1.18555,3642
2025-09-17 03:00:00+00:00,1.18555,1.18579,1.18514,1.18522,2268
2025-09-17 04:00:00+00:00,1.18522,1.18554,1.18514,1.1854,2239
2025-09-17 05:00:00+00:00,1.18542,1.18597,1.18542,1.18582,3128
2025-09-17 06:00:00+00:00,1.18582,1.18602,1.18515,1.1856,9278
2025-09-17 07:00:00+00:00,1.18559,1.18563,1.18382,1.18406,10677
2025-09-17 08:00:00+00:00,1.18405,1.18513,1.18396,1.18484,7479
2025-09-17 09:00:00+00:00,1.18485,1.18499,1.18412,1.18457,6216
2025-09-17 10:00:00+00:00,1.18456,1.18469,1.18328,1.18363,7377
2025-09-17 11:00:00+00:00,1.18364,1.18461,1.18349,1.18392,6599
2025-09-17 12:00:00+00:00,1.18391,1.18451,1.18341,1.18435,6187
2025-09-17 13:00:00+00:00,1.18436,1.1853,1.18425,1.18501,7558
2025-09-17 14:00:00+00:00,1.185,1.18593,1.18461,1.18496,10238
2025-09-17 15:00:00+00:00,1.18495,1.18527,1.18436,1.18447,7301
2025-09-17 16:00:00+00:00,1.18446,1.18563,1.18425,1.18532,7183
2025-09-17 17:00:00+00:00,1.18532,1.18552,1.18469,1.18525,5601
2025-09-17 18:00:00+00:00,1.18532,1.19188,1.1819,1.18345,127185
2025-09-17 19:00:00+00:00,1.18345,1.1857,1.18206,1.18246,50760
2025-09-17 20:00:00+00:00,1.18247,1.18276,1.1808,1.18128,9360
2025-09-17 21:00:00+00:00,1.18126,1.18169,1.18124,1.1816,777
2025-09-17 22:00:00+00:00,1.18167,1.18223,1.18126,1.18193,4118
2025-09-17 23:00:00+00:00,1.18192,1.18291,1.1818,1.18252,4937
2025-09-18 00:00:00+00:00,1.18253,1.18283,1.18152,1.18254,9633
2025-09-18 01:00:00+00:00,1.18253,1.18288,1.18077,1.18138,11187
2025-09-18 02:00:00+00:00,1.18138,1.18227,1.18127,1.18196,4158
2025-09-18 03:00:00+00:00,1.18195,1.18228,1.18117,1.18123,3028
2025-09-18 04:00:00+00:00,1.18123,1.18137,1.17938,1.17952,5156
2025-09-18 05:00:00+00:00,1.17952,1.18004,1.17854,1.17909,6543
2025-09-18 06:00:00+00:00,1.1791,1.17996,1.17805,1.17945,11012
2025-09-18 07:00:00+00:00,1.17944,1.18388,1.17938,1.18317,15741
2025-09-18 08:00:00+00:00,1.18316,1.18343,1.1821,1.18279,11538
2025-09-18 09:00:00+00:00,1.18279,1.18484,1.18272,1.1838,11622
2025-09-18 10:00:00+00:00,1.1838,1.18404,1.1831,1.18369,7921
2025-09-18 11:00:00+00:00,1.18369,1.18373,1.182,1.18254,12891
2025-09-18 12:00:00+00:00,1.18255,1.18262,1.17952,1.17956,19182
2025-09-18 13:00:00+00:00,1.17955,1.17964,1.17501,1.17672,29110
2025-09-18 14:00:00+00:00,1.17672,1.17819,1.17628,1.17756,28233
2025-09-18 15:00:00+00:00,1.17755,1.17878,1.17697,1.17795,17001
2025-09-18 16:00:00+00:00,1.17796,1.1788,1.17721,1.17871,10117
2025-09-18 17:00:00+00:00,1.17871,1.1794,1.17857,1.17879,7480
2025-09-18 18:00:00+00:00,1.17878,1.17898,1.1782,1.17879,8138
2025-09-18 19:00:00+00:00,1.17878,1.17913,1.17826,1.17849,7281
2025-09-18 20:00:00+00:00,1.1785,1.17889,1.17814,1.17877,4632
2025-09-18 21:00:00+00:00,1.17866,1.17898,1.17854,1.17878,1521
2025-09-18 22:00:00+00:00,1.17877,1.17901,1.17837,1.17871,7500
2025-09-18 23:00:00+00:00,1.17871,1.17908,1.17867,1.17891,1506
2025-09-19 00:00:00+00:00,1.17892,1.17907,1.17755,1.17866,5879
2025-09-19 01:00:00+00:00,1.17866,1.17869,1.17746,1.17756,5836
2025-09-19 02:00:00+00:00,1.17756,1.17809,1.17721,1.17796,4350
2025-09-19 03:00:00+00:00,1.17797,1.17927,1.17797,1.17818,10341
2025-09-19 04:00:00+00:00,1.17819,1.17899,1.17704,1.1774,9970
2025-09-19 05:00:00+00:00,1.1774,1.1778,1.17708,1.17732,6560
2025-09-19 06:00:00+00:00,1.17731,1.17775,1.17633,1.17666,18816
2025-09-19 07:00:00+00:00,1.17667,1.17784,1.17574,1.17701,17079
2025-09-19 08:00:00+00:00,1.17701,1.1771,1.1751,1.1761,12249
2025-09-19 09:00:00+00:00,1.1761,1.1769,1.17563,1.17598,9772
2025-09-19 10:00:00+00:00,1.17599,1.17655,1.17585,1.17612,6660
2025-09-19 11:00:00+00:00,1.17613,1.17622,1.17352,1.17368,11075
2025-09-19 12:00:00+00:00,1.17369,1.17434,1.17288,1.17362,14967
2025-09-19 13:00:00+00:00,1.17361,1.17639,1.17355,1.17583,17993
2025-09-19 14:00:00+00:00,1.17583,1.1768,1.17558,1.17572,17469
2025-09-19 15:00:00+00:00,1.17572,1.17592,1.17374,1.17523,12291
2025-09-19 16:00:00+00:00,1.17523,1.17552,1.17411,1.17532,6151
2025-09-19 17:00:00+00:00,1.17531,1.17553,1.17487,1.17509,4477
2025-09-19 18:00:00+00:00,1.17509,1.17513,1.17469,1.17483,4905
2025-09-19 19:00:00+00:00,1.17483,1.1751,1.17453,1.17478,2944
2025-09-19 20:00:00+00:00,1.17477,1.17508,1.17407,1.17508,4180
2025-09-21 21:00:00+00:00,1.17444,1.17482,1.17432,1.17478,1178
2025-09-21 22:00:00+00:00,1.17479,1.175,1.1739,1.17409,3296
2025-09-21 23:00:00+00:00,1.17407,1.17417,1.17357,1.17365,3295
2025-09-22 00:00:00+00:00,1.17366,1.17381,1.17261,1.17346,5606
2025-09-22 01:00:00+00:00,1.17347,1.17411,1.17316,1.17325,7767
2025-09-22 02:00:00+00:00,1.17326,1.17338,1.17272,1.17281,4297
2025-09-22 03:00:00+00:00,1.1728,1.1735,1.17277,1.17327,3265
2025-09-22 04:00:00+00:00,1.17326,1.17326,1.17265,1.17308,2534
2025-09-22 05:00:00+00:00,1.17307,1.17387,1.17299,1.17386,2718
2025-09-22 06:00:00+00:00,1.17385,1.17489,1.1736,1.17435,8304
2025-09-22 07:00:00+00:00,1.17434,1.17546,1.17392,1.17485,11271
2025-09-22 08:00:00+00:00,1.17484,1.17695,1.17471,1.17624,11395
2025-09-22 09:00:00+00:00,1.17624,1.17761,1.17616,1.1776,7825
2025-09-22 10:00:00+00:00,1.17759,1.17859,1.17737,1.17741,6142
2025-09-22 11:00:00+00:00,1.17741,1.17824,1.17693,1.17782,5656
2025-09-22 12:00:00+00:00,1.17783,1.17875,1.17731,1.17832,11409
2025-09-22 13:00:00+00:00,1.17831,1.17881,1.17687,1.17768,15817
2025-09-22 14:00:00+00:00,1.17768,1.17773,1.17629,1.17698,10596
2025-09-22 15:00:00+00:00,1.17697,1.17757,1.17641,1.17726,9374
2025-09-22 16:00:00+00:00,1.17726,1.17904,1.17715,1.17881,7643
2025-09-22 17:00:00+00:00,1.17882,1.17972,1.17857,1.17966,4704
2025-09-22 18:00:00+00:00,1.17967,1.17995,1.17924,1.17965,4770
2025-09-22 19:00:00+00:00,1.17965,1.18022,1.17955,1.17999,3294
2025-09-22 20:00:00+00:00,1.18,1.18039,1.17978,1.18031,3435
2025-09-22 21:00:00+00:00,1.17972,1.18011,1.17957,1.17997,3721
2025-09-22 22:00:00+00:00,1.17998,1.18041,1.17988,1.18012,1519
2025-09-22 23:00:00+00:00,1.18013,1.18027,1.17996,1.18007,834
2025-09-23 00:00:00+00:00,1.18006,1.18075,1.17969,1.18064,3147
2025-09-23 01:00:00+00:00,1.18063,1.18201,1.18042,1.1815,5214
2025-09-23 02:00:00+00:00,1.18149,1.18168,1.18016,1.18045,4252
2025-09-23 03:00:00+00:00,1.18046,1.18064,1.17967,1.18058,3338
2025-09-23 04:00:00+00:00,1.18059,1.18081,1.17976,1.17978,2876
2025-09-23 05:00:00+00:00,1.17977,1.1805,1.17951,1.17987,3016
2025-09-23 06:00:00+00:00,1.17986,1.18046,1.17902,1.17949,6910
2025-09-23 07:00:00+00:00,1.17948,1.18002,1.17786,1.17907,17433
2025-09-23 08:00:00+00:00,1.17908,1.18055,1.17841,1.18028,12764
2025-09-23 09:00:00+00:00,1.18029,1.18125,1.18004,1.18023,8036
2025-09-23 10:00:00+00:00,1.18023,1.18067,1.17908,1.1796,6542
2025-09-23 11:00:00+00:00,1.17961,1.18003,1.17916,1.17918,5645
2025-09-23 12:00:00+00:00,1.17919,1.17985,1.17846,1.17969,8885
2025-09-23 13:00:00+00:00,1.17969,1.18047,1.17843,1.17995,15881
2025-09-23 14:00:00+00:00,1.17996,1.18054,1.17926,1.17954,14767
2025-09-23 15:00:00+00:00,1.17953,1.17992,1.17881,1.17984,7551
2025-09-23 16:00:00+00:00,1.17984,1.18094,1.17917,1.1805,11142
2025-09-23 17:00:00+00:00,1.1805,1.18178,1.18027,1.18119,8705
2025-09-23 18:00:00+00:00,1.18119,1.18168,1.18084,1.18112,5905
2025-09-23 19:00:00+00:00,1.18113,1.18181,1.18071,1.18165,5899
2025-09-23 20:00:00+00:00,1.18165,1.18184,1.18118,1.18152,2642
2025-09-23 21:00:00+00:00,1.18144,1.18153,1.18112,1.18149,1212
2025-09-23 22:00:00+00:00,1.18149,1.18187,1.18143,1.18148,5653
2025-09-23 23:00:00+00:00,1.18149,1.18174,1.18128,1.18154,2107
2025-09-24 00:00:00+00:00,1.18155,1.18166,1.18033,1.18039,5696
2025-09-24 01:00:00+00:00,1.18039,1.18054,1.17978,1.18002,8787
2025-09-24 02:00:00+00:00,1.18001,1.18039,1.17962,1.17969,5343
2025-09-24 03:00:00+00:00,1.17966,1.18001,1.1795,1.17975,2884
2025-09-24 04:00:00+00:00,1.17976,1.18046,1.17956,1.1803,3099
2025-09-24 05:00:00+00:00,1.18031,1.18053,1.17923,1.17982,4225
2025-09-24 06:00:00+00:00,1.17981,1.18029,1.17862,1.17875,8664
2025-09-24 07:00:00+00:00,1.17874,1.17949,1.17844,1.17887,9117
2025-09-24 08:00:00+00:00,1.17886,1.17887,1.17665,1.1772,9708
2025-09-24 09:00:00+00:00,1.1772,1.1775,1.17625,1.17678,7656
2025-09-24 10:00:00+00:00,1.17677,1.177,1.17509,1.17518,7355
2025-09-24 11:00:00+00:00,1.17518,1.17556,1.17465,1.17494,8001
2025-09-24 12:00:00+00:00,1.17493,1.17582,1.17393,1.17428,11708
2025-09-24 13:00:00+00:00,1.17427,1.17436,1.17303,1.17386,15083
2025-09-24 14:00:00+00:00,1.17385,1.17464,1.17283,1.1743,15612
2025-09-24 15:00:00+00:00,1.1743,1.17459,1.1737,1.17417,10736
2025-09-24 16:00:00+00:00,1.17418,1.17438,1.17302,1.17327,6541
2025-09-24 17:00:00+00:00,1.17326,1.17408,1.17319,1.17377,4002
2025-09-24 18:00:00+00:00,1.17376,1.17388,1.17326,1.17367,7196
2025-09-24 19:00:00+00:00,1.17368,1.17393,1.17322,1.17381,5870
2025-09-24 20:00:00+00:00,1.1738,1.17393,1.17353,1.1738,4848
2025-09-24 21:00:00+00:00,1.1739,1.17402,1.17386,1.17396,625
2025-09-24 22:00:00+00:00,1.17397,1.17453,1.17394,1.17447,1567
2025-09-24 23:00:00+00:00,1.17446,1.17464,1.17422,1.17424,2514
2025-09-25 00:00:00+00:00,1.17423,1.17484,1.17407,1.17474,5759
2025-09-25 01:00:00+00:00,1.17475,1.17495,1.17407,1.17445,6373
2025-09-25 02:00:00+00:00,1.17446,1.17519,1.17434,1.17498,4521
2025-09-25 03:00:00+00:00,1.17499,1.17539,1.17478,1.17525,2719
2025-09-25 04:00:00+00:00,1.17525,1.17537,1.17489,1.17521,2528
2025-09-25 05:00:00+00:00,1.17522,1.17524,1.17406,1.17423,3320
2025-09-25 06:00:00+00:00,1.17424,1.17524,1.17381,1.17459,8836
2025-09-25 07:00:00+00:00,1.1746,1.17482,1.17313,1.17334,11036
2025-09-25 08:00:00+00:00,1.17335,1.17446,1.17307,1.17429,9833
2025-09-25 09:00:00+00:00,1.1743,1.1752,1.1739,1.1745,6682
2025-09-25 10:00:00+00:00,1.17448,1.17542,1.17445,1.17469,6505
2025-09-25 11:00:00+00:00,1.17469,1.17472,1.17347,1.17402,8026
2025-09-25 12:00:00+00:00,1.174,1.17457,1.16878,1.16982,30342
2025-09-25 13:00:00+00:00,1.16982,1.17103,1.16831,1.1686,21507
2025-09-25 14:00:00+00:00,1.16859,1.16947,1.16737,1.16762,19383
2025-09-25 15:00:00+00:00,1.16763,1.16809,1.16669,1.16725,12966
2025-09-25 16:00:00+00:00,1.16724,1.16835,1.16689,1.16708,10324
2025-09-25 17:00:00+00:00,1.16708,1.16723,1.16523,1.16576,9437
2025-09-25 18:00:00+00:00,1.16577,1.16601,1.16456,1.16524,9609
2025-09-25 19:00:00+00:00,1.16524,1.1663,1.16519,1.16608,6804
2025-09-25 20:00:00+00:00,1.16608,1.16691,1.16593,1.1666,7351
2025-09-25 21:00:00+00:00,1.16625,1.16665,1.16602,1.16616,17658
2025-09-25 22:00:00+00:00,1.16615,1.1669,1.16597,1.16683,2010
2025-09-25 23:00:00+00:00,1.16684,1.16684,1.166,1.16619,2802
2025-09-26 00:00:00+00:00,1.16619,1.16715,1.16579,1.16713,6288
2025-09-26 01:00:00+00:00,1.16714,1.16738,1.16656,1.16678,4884
2025-09-26 02:00:00+00:00,1.16679,1.16795,1.16676,1.16772,4400
2025-09-26 03:00:00+00:00,1.16771,1.16789,1.1675,1.16783,2473
2025-09-26 04:00:00+00:00,1.16783,1.16821,1.16745,1.168,2978
2025-09-26 05:00:00+00:00,1.168,1.16819,1.16764,1.16772,2979
2025-09-26 06:00:00+00:00,1.16771,1.16842,1.16718,1.16798,9085
2025-09-26 07:00:00+00:00,1.16799,1.16833,1.16685,1.16732,9994
2025-09-26 08:00:00+00:00,1.16732,1.1688,1.16707,1.16806,8289
2025-09-26 09:00:00+00:00,1.16806,1.16845,1.1676,1.16786,7075
2025-09-26 10:00:00+00:00,1.16785,1.16813,1.16617,1.16631,6287
2025-09-26 11:00:00+00:00,1.16632,1.1676,1.16626,1.16678,6814
2025-09-26 12:00:00+00:00,1.16678,1.16863,1.16669,1.1683,19530
2025-09-26 13:00:00+00:00,1.16831,1.16946,1.16782,1.16833,18742
2025-09-26 14:00:00+00:00,1.16834,1.17048,1.16834,1.16913,19928
2025-09-26 15:00:00+00:00,1.16912,1.17,1.16871,1.16912,11314
2025-09-26 16:00:00+00:00,1.16912,1.16969,1.16867,1.16928,6489
2025-09-26 17:00:00+00:00,1.16929,1.17018,1.16909,1.16998,5527
2025-09-26 18:00:00+00:00,1.16998,1.17058,1.1696,1.17039,5478
2025-09-26 19:00:00+00:00,1.17038,1.17059,1.16985,1.17057,4749
2025-09-26 20:00:00+00:00,1.17057,1.17074,1.1699,1.1701,5226
2025-09-28 21:00:00+00:00,1.17035,1.17056,1.17014,1.17038,3955
2025-09-28 22:00:00+00:00,1.1704,1.17062,1.17023,1.17045,2529
2025-09-28 23:00:00+00:00,1.17045,1.17099,1.1704,1.1705,1816
2025-09-29 00:00:00+00:00,1.17049,1.17233,1.17046,1.17217,4443
2025-09-29 01:00:00+00:00,1.17216,1.17255,1.17144,1.17231,4853
2025-09-29 02:00:00+00:00,1.17231,1.17286,1.17225,1.17261,5236
2025-09-29 03:00:00+00:00,1.17262,1.17295,1.17251,1.17252,2494
2025-09-29 04:00:00+00:00,1.17251,1.17332,1.17228,1.17272,2987
2025-09-29 05:00:00+00:00,1.17271,1.17335,1.1724,1.17286,6602
2025-09-29 06:00:00+00:00,1.17285,1.17288,1.1718,1.17199,9005
2025-09-29 07:00:00+00:00,1.17198,1.17332,1.17175,1.17271,9384
2025-09-29 08:00:00+00:00,1.17271,1.17289,1.17078,1.17237,8762
2025-09-29 09:00:00+00:00,1.17238,1.17263,1.17169,1.17177,6639
2025-09-29 10:00:00+00:00,1.17176,1.17219,1.17156,1.17199,4178
2025-09-29 11:00:00+00:00,1.172,1.1731,1.17093,1.17292,7498
2025-09-29 12:00:00+00:00,1.17292,1.17513,1.17185,1.17499,17524
2025-09-29 13:00:00+00:00,1.175,1.17546,1.17373,1.1741,15279
2025-09-29 14:00:00+00:00,1.1741,1.17447,1.17296,1.17303,11549
2025-09-29 15:00:00+00:00,1.17303,1.17342,1.17228,1.17292,9619
2025-09-29 16:00:00+00:00,1.17291,1.17332,1.17253,1.17294,4251
2025-09-29 17:00:00+00:00,1.17294,1.17317,1.17214,1.17215,4315
2025-09-29 18:00:00+00:00,1.17216,1.17331,1.17202,1.17314,4405
2025-09-29 19:00:00+00:00,1.17314,1.17317,1.1726,1.17276,3224
2025-09-29 20:00:00+00:00,1.17275,1.17278,1.17236,1.17266,2794
2025-09-29 21:00:00+00:00,1.17266,1.17285,1.17255,1.17266,2914
2025-09-29 22:00:00+00:00,1.17269,1.17281,1.17244,1.17275,1411
2025-09-29 23:00:00+00:00,1.17276,1.17325,1.17272,1.17308,1526
2025-09-30 00:00:00+00:00,1.17309,1.17316,1.17127,1.17208,7847
2025-09-30 01:00:00+00:00,1.17209,1.17259,1.17136,1.17142,7487
2025-09-30 02:00:00+00:00,1.17143,1.1724,1.17122,1.17224,4176
2025-09-30 03:00:00+00:00,1.17225,1.17265,1.17204,1.17239,3420
2025-09-30 04:00:00+00:00,1.17239,1.17288,1.17185,1.17286,4830
2025-09-30 05:00:00+00:00,1.17287,1.17372,1.17283,1.17335,5001
2025-09-30 06:00:00+00:00,1.17335,1.1744,1.1731,1.17376,8324
2025-09-30 07:00:00+00:00,1.17375,1.17484,1.17365,1.17419,9674
2025-09-30 08:00:00+00:00,1.17419,1.17618,1.17419,1.17557,8877
2025-09-30 09:00:00+00:00,1.17556,1.17586,1.17452,1.17483,5713
2025-09-30 10:00:00+00:00,1.17483,1.17516,1.17405,1.17457,5484
2025-09-30 11:00:00+00:00,1.17458,1.17487,1.17366,1.17423,7562
2025-09-30 12:00:00+00:00,1.17423,1.17475,1.17331,1.17373,9322
2025-09-30 13:00:00+00:00,1.17372,1.17393,1.17165,1.17305,13624
2025-09-30 14:00:00+00:00,1.17306,1.17525,1.17237,1.17498,21459
2025-09-30 15:00:00+00:00,1.17498,1.17504,1.17256,1.17344,14286
2025-09-30 16:00:00+00:00,1.17343,1.17592,1.17339,1.17566,7376
2025-09-30 17:00:00+00:00,1.17567,1.17615,1.17469,1.17495,5805
2025-09-30 18:00:00+00:00,1.17494,1.17496,1.17357,1.17408,5286
2025-09-30 19:00:00+00:00,1.17408,1.17412,1.17364,1.17397,4385
2025-09-30 20:00:00+00:00,1.17398,1.17404,1.17331,1.17335,4426
2025-09-30 21:00:00+00:00,1.17345,1.17382,1.1734,1.17357,11279
2025-09-30 22:00:00+00:00,1.17361,1.17424,1.17332,1.17345,3972
2025-09-30 23:00:00+00:00,1.17345,1.17428,1.17338,1.17346,3015
2025-10-01 00:00:00+00:00,1.17345,1.17384,1.17297,1.17361,5098
2025-10-01 01:00:00+00:00,1.17362,1.17408,1.17304,1.17391,3197
2025-10-01 02:00:00+00:00,1.17392,1.17397,1.17324,1.17379,2890
2025-10-01 03:00:00+00:00,1.17379,1.17391,1.17341,1.1738,2830
2025-10-01 04:00:00+00:00,1.17382,1.17588,1.17381,1.17583,3737
2025-10-01 05:00:00+00:00,1.17583,1.17671,1.17524,1.17525,6288
2025-10-01 06:00:00+00:00,1.17524,1.1775,1.17509,1.17679,10833
2025-10-01 07:00:00+00:00,1.17678,1.17788,1.17421,1.175,20533
2025-10-01 08:00:00+00:00,1.17501,1.17659,1.17496,1.17497,13474
2025-10-01 09:00:00+00:00,1.17498,1.17543,1.17309,1.1733,8539
2025-10-01 10:00:00+00:00,1.17329,1.17336,1.1716,1.17255,10441
2025-10-01 11:00:00+00:00,1.17255,1.17404,1.17253,1.17344,7264
2025-10-01 12:00:00+00:00,1.17345,1.17689,1.17223,1.17492,44390
2025-10-01 13:00:00+00:00,1.17493,1.17616,1.17461,1.17553,19572
2025-10-01 14:00:00+00:00,1.17554,1.17637,1.17309,1.17466,37206
2025-10-01 15:00:00+00:00,1.17465,1.17494,1.17213,1.17231,18858
2025-10-01 16:00:00+00:00,1.1723,1.17268,1.17156,1.17229,9796
2025-10-01 17:00:00+00:00,1.17229,1.17327,1.17229,1.17238,6260
2025-10-01 18:00:00+00:00,1.17239,1.1742,1.17216,1.17349,6178
2025-10-01 19:00:00+00:00,1.17348,1.17372,1.17298,1.17305,5137
2025-10-01 20:00:00+00:00,1.17306,1.17316,1.17261,1.17307,4449
2025-10-01 21:00:00+00:00,1.17306,1.17345,1.17299,1.17331,5535
2025-10-01 22:00:00+00:00,1.17329,1.17375,1.17314,1.17338,2980
2025-10-01 23:00:00+00:00,1.1734,1.17373,1.17329,1.1733,1363
2025-10-02 00:00:00+00:00,1.17329,1.17353,1.17247,1.17299,4635
2025-10-02 01:00:00+00:00,1.17298,1.17394,1.17238,1.17388,4116
2025-10-02 02:00:00+00:00,1.17389,1.17421,1.17369,1.17371,2421
2025-10-02 03:00:00+00:00,1.17371,1.17389,1.17327,1.17348,2440
2025-10-02 04:00:00+00:00,1.17348,1.17359,1.17303,1.17343,1893
2025-10-02 05:00:00+00:00,1.17344,1.17372,1.17296,1.17356,2801
2025-10-02 06:00:00+00:00,1.17357,1.17451,1.17341,1.17431,8833
2025-10-02 07:00:00+00:00,1.1743,1.17567,1.1741,1.17502,9447
2025-10-02 08:00:00+00:00,1.17501,1.17569,1.17451,1.17537,7157
2025-10-02 09:00:00+00:00,1.17538,1.17584,1.17507,1.17549,6004
2025-10-02 10:00:00+00:00,1.17548,1.17548,1.17462,1.17521,5532
2025-10-02 11:00:00+00:00,1.17521,1.17568,1.17472,1.17504,6438
2025-10-02 12:00:00+00:00,1.17504,1.17585,1.17345,1.17376,8798
2025-10-02 13:00:00+00:00,1.17376,1.1744,1.17135,1.17223,15497
2025-10-02 14:00:00+00:00,1.17222,1.17222,1.17051,1.17135,18504
2025-10-02 15:00:00+00:00,1.17134,1.17135,1.1683,1.16967,16654
2025-10-02 16:00:00+00:00,1.16966,1.17151,1.16951,1.17149,8856
2025-10-02 17:00:00+00:00,1.17149,1.17205,1.17124,1.17137,5769
2025-10-02 18:00:00+00:00,1.17136,1.17224,1.17126,1.17211,5158
2025-10-02 19:00:00+00:00,1.17211,1.17268,1.17175,1.17188,3879
2025-10-02 20:00:00+00:00,1.17188,1.17242,1.17146,1.17157,3971
2025-10-02 21:00:00+00:00,1.17158,1.17198,1.17152,1.17184,1928
2025-10-02 22:00:00+00:00,1.17189,1.17221,1.17171,1.17193,1544
2025-10-02 23:00:00+00:00,1.17194,1.1726,1.17189,1.17247,1409
2025-10-03 00:00:00+00:00,1.17247,1.17247,1.17191,1.17243,2637
2025-10-03 01:00:00+00:00,1.17243,1.17294,1.17164,1.17269,5643
2025-10-03 02:00:00+00:00,1.17268,1.17277,1.17207,1.17246,2585
2025-10-03 03:00:00+00:00,1.17246,1.17271,1.17199,1.17263,2159
2025-10-03 04:00:00+00:00,1.17263,1.17283,1.1718,1.17181,2345
2025-10-03 05:00:00+00:00,1.1718,1.17215,1.1715,1.1717,4553
2025-10-03 06:00:00+00:00,1.17171,1.17291,1.1716,1.17206,5913
2025-10-03 07:00:00+00:00,1.17206,1.17344,1.17206,1.17324,5319
2025-10-03 08:00:00+00:00,1.17325,1.17447,1.17312,1.17403,7484
2025-10-03 09:00:00+00:00,1.17402,1.17409,1.17314,1.17372,4928
2025-10-03 10:00:00+00:00,1.17373,1.174,1.17338,1.17364,3531
2025-10-03 11:00:00+00:00,1.17364,1.17431,1.1731,1.17339,6071
2025-10-03 12:00:00+00:00,1.1734,1.1741,1.17268,1.17395,9683
2025-10-03 13:00:00+00:00,1.17394,1.17446,1.17327,1.17383,12551
2025-10-03 14:00:00+00:00,1.17388,1.17594,1.17341,1.17409,26998
2025-10-03 15:00:00+00:00,1.17409,1.17489,1.17367,1.17463,8551
2025-10-03 16:00:00+00:00,1.17463,1.17486,1.17378,1.17399,4883
2025-10-03 17:00:00+00:00,1.17398,1.17417,1.17321,1.17339,3934
2025-10-03 18:00:00+00:00,1.17339,1.17404,1.17268,1.17398,4653
2025-10-03 19:00:00+00:00,1.17398,1.17423,1.17373,1.1741,2930
2025-10-03 20:00:00+00:00,1.17411,1.17445,1.17389,1.17415,4297
2025-10-05 21:00:00+00:00,1.17263,1.17274,1.17221,1.1727,1134
2025-10-05 22:00:00+00:00,1.17269,1.17287,1.17158,1.17165,9188
2025-10-05 23:00:00+00:00,1.17164,1.17165,1.17064,1.17119,15233
2025-10-06 00:00:00+00:00,1.1712,1.17191,1.171,1.17163,8564
2025-10-06 01:00:00+00:00,1.17164,1.17251,1.17102,1.17241,6543
2025-10-06 02:00:00+00:00,1.1724,1.1731,1.17239,1.17271,4357
2025-10-06 03:00:00+00:00,1.17271,1.17302,1.17235,1.17245,3297
2025-10-06 04:00:00+00:00,1.17245,1.17275,1.17198,1.17203,4160
2025-10-06 05:00:00+00:00,1.17203,1.17254,1.17139,1.17172,4429
2025-10-06 06:00:00+00:00,1.17172,1.17197,1.16902,1.16936,11420
2025-10-06 07:00:00+00:00,1.16936,1.17123,1.16624,1.16628,32422
2025-10-06 08:00:00+00:00,1.16628,1.16798,1.16519,1.16678,19501
2025-10-06 09:00:00+00:00,1.16678,1.16698,1.16572,1.16663,10251
2025-10-06 10:00:00+00:00,1.16664,1.16671,1.16525,1.16634,8170
2025-10-06 11:00:00+00:00,1.16633,1.1679,1.16576,1.16754,7667
2025-10-06 12:00:00+00:00,1.16753,1.16897,1.1673,1.16891,16634
2025-10-06 13:00:00+00:00,1.16892,1.1703,1.16838,1.16995,11812
2025-10-06 14:00:00+00:00,1.16994,1.17178,1.16951,1.17166,13077
2025-10-06 15:00:00+00:00,1.17165,1.17212,1.1703,1.17065,8846
2025-10-06 16:00:00+00:00,1.17065,1.17123,1.17031,1.17122,4242
2025-10-06 17:00:00+00:00,1.17122,1.1716,1.17098,1.17104,3190
2025-10-06 18:00:00+00:00,1.17103,1.17158,1.17096,1.17126,3473
2025-10-06 19:00:00+00:00,1.17127,1.1717,1.17102,1.17108,3281
2025-10-06 20:00:00+00:00,1.17107,1.1714,1.17086,1.17109,4410
2025-10-06 21:00:00+00:00,1.17114,1.17161,1.1708,1.17091,2365
2025-10-06 22:00:00+00:00,1.1709,1.17152,1.17083,1.17099,7128
2025-10-06 23:00:00+00:00,1.17099,1.17144,1.17084,1.17094,2361
2025-10-07 00:00:00+00:00,1.17094,1.17113,1.17043,1.17088,5445
2025-10-07 01:00:00+00:00,1.17088,1.17088,1.16965,1.16969,3157
2025-10-07 02:00:00+00:00,1.1697,1.17061,1.16969,1.17017,2506
2025-10-07 03:00:00+00:00,1.17018,1.17073,1.16999,1.17034,2338
2025-10-07 04:00:00+00:00,1.17032,1.17074,1.16944,1.16983,2778
2025-10-07 05:00:00+00:00,1.16983,1.16998,1.16875,1.16919,4500
2025-10-07 06:00:00+00:00,1.16919,1.16919,1.1683,1.16868,9068
2025-10-07 07:00:00+00:00,1.16867,1.1688,1.16703,1.16764,8639
2025-10-07 08:00:00+00:00,1.16763,1.16827,1.16651,1.1666,6122
2025-10-07 09:00:00+00:00,1.16659,1.16712,1.16606,1.16665,6659
2025-10-07 10:00:00+00:00,1.16665,1.1676,1.16632,1.16742,6595
2025-10-07 11:00:00+00:00,1.16741,1.16743,1.16539,1.16626,7371
2025-10-07 12:00:00+00:00,1.16625,1.16671,1.16539,1.1667,11210
2025-10-07 13:00:00+00:00,1.16669,1.16702,1.16594,1.16604,10930
2025-10-07 14:00:00+00:00,1.16603,1.16662,1.16547,1.16632,12687
2025-10-07 15:00:00+00:00,1.16631,1.16802,1.16616,1.16731,10741
2025-10-07 16:00:00+00:00,1.16731,1.16814,1.16699,1.16702,6970
2025-10-07 17:00:00+00:00,1.16701,1.16794,1.16667,1.16673,6542
2025-10-07 18:00:00+00:00,1.16674,1.16681,1.16569,1.16579,6067
2025-10-07 19:00:00+00:00,1.16578,1.16583,1.16477,1.16504,5345
2025-10-07 20:00:00+00:00,1.16503,1.16586,1.16491,1.16569,4385
2025-10-07 21:00:00+00:00,1.16566,1.1659,1.16564,1.16574,9019
2025-10-07 22:00:00+00:00,1.16572,1.16613,1.16565,1.16593,1549
2025-10-07 23:00:00+00:00,1.16594,1.16594,1.16529,1.16529,2399
2025-10-08 00:00:00+00:00,1.1653,1.16533,1.16456,1.16474,5381
2025-10-08 01:00:00+00:00,1.16473,1.16473,1.16259,1.16267,11704
2025-10-08 02:00:00+00:00,1.16269,1.16275,1.1617,1.16239,6810
2025-10-08 03:00:00+00:00,1.16238,1.16248,1.16176,1.1624,3171
2025-10-08 04:00:00+00:00,1.16241,1.16254,1.1616,1.16192,3449
2025-10-08 05:00:00+00:00,1.16191,1.16194,1.1612,1.16172,4399
2025-10-08 06:00:00+00:00,1.16173,1.16204,1.16071,1.16166,10204
2025-10-08 07:00:00+00:00,1.16166,1.16344,1.16118,1.16312,14739
2025-10-08 08:00:00+00:00,1.16311,1.16356,1.16107,1.16146,8440
2025-10-08 09:00:00+00:00,1.16147,1.16204,1.16061,1.16114,8621
2025-10-08 10:00:00+00:00,1.16113,1.16366,1.16091,1.16337,8341
2025-10-08 11:00:00+00:00,1.16336,1.16347,1.16252,1.16262,7733
2025-10-08 12:00:00+00:00,1.16263,1.1638,1.16246,1.16326,7440
2025-10-08 13:00:00+00:00,1.16325,1.16448,1.16275,1.1632,11260
2025-10-08 14:00:00+00:00,1.1632,1.16366,1.16204,1.16216,11459
2025-10-08 15:00:00+00:00,1.16216,1.1622,1.1603,1.16059,10259
2025-10-08 16:00:00+00:00,1.1606,1.1607,1.15985,1.16053,6313
2025-10-08 17:00:00+00:00,1.16054,1.16094,1.16024,1.16074,5163
2025-10-08 18:00:00+00:00,1.16075,1.16225,1.15997,1.16201,16647
2025-10-08 19:00:00+00:00,1.16202,1.16284,1.16202,1.16281,5991
2025-10-08 20:00:00+00:00,1.16281,1.16324,1.16266,1.16297,5304
2025-10-08 21:00:00+00:00,1.16275,1.16295,1.16243,1.16291,12232
2025-10-08 22:00:00+00:00,1.16292,1.1635,1.16278,1.16336,2534
2025-10-08 23:00:00+00:00,1.16338,1.16339,1.16281,1.16294,2514
2025-10-09 00:00:00+00:00,1.16293,1.16411,1.1628,1.16371,5390
2025-10-09 01:00:00+00:00,1.1637,1.16457,1.16365,1.16401,6306
2025-10-09 02:00:00+00:00,1.164,1.16478,1.1639,1.16441,3611
2025-10-09 03:00:00+00:00,1.1644,1.16466,1.16406,1.16449,2548
2025-10-09 04:00:00+00:00,1.16449,1.16471,1.16419,1.16457,2189
2025-10-09 05:00:00+00:00,1.16456,1.16484,1.16385,1.16386,3353
2025-10-09 06:00:00+00:00,1.16387,1.16387,1.16116,1.16158,11472
2025-10-09 07:00:00+00:00,1.16158,1.16234,1.16065,1.16111,12873
2025-10-09 08:00:00+00:00,1.1611,1.16146,1.16031,1.16126,9605
2025-10-09 09:00:00+00:00,1.16126,1.16274,1.1611,1.16258,11488
2025-10-09 10:00:00+00:00,1.16259,1.16274,1.16132,1.16185,6430
2025-10-09 11:00:00+00:00,1.16186,1.16223,1.16094,1.16123,8773
2025-10-09 12:00:00+00:00,1.16122,1.16164,1.1605,1.16151,12138
2025-10-09 13:00:00+00:00,1.1615,1.16235,1.15916,1.16028,26940
2025-10-09 14:00:00+00:00,1.16027,1.1603,1.15765,1.1581,24389
2025-10-09 15:00:00+00:00,1.15809,1.15818,1.15472,1.15589,20990
2025-10-09 16:00:00+00:00,1.1559,1.15634,1.15525,1.1558,10610
2025-10-09 17:00:00+00:00,1.15581,1.15664,1.15541,1.15599,9599
2025-10-09 18:00:00+00:00,1.15599,1.15606,1.15421,1.15464,6698
2025-10-09 19:00:00+00:00,1.15464,1.15617,1.15464,1.15597,5877
2025-10-09 20:00:00+00:00,1.15596,1.1567,1.15588,1.15644,4592
2025-10-09 21:00:00+00:00,1.15619,1.15659,1.15588,1.1565,371
2025-10-09 22:00:00+00:00,1.1566,1.15671,1.15618,1.15648,1815
2025-10-09 23:00:00+00:00,1.15648,1.15664,1.15571,1.15655,3689
2025-10-10 00:00:00+00:00,1.15654,1.15707,1.15607,1.15677,3488
2025-10-10 01:00:00+00:00,1.15677,1.15715,1.15626,1.15628,3415
2025-10-10 02:00:00+00:00,1.15629,1.1573,1.15627,1.15697,2675
2025-10-10 03:00:00+00:00,1.15696,1.15742,1.15675,1.1573,2623
2025-10-10 04:00:00+00:00,1.1573,1.15738,1.15676,1.15737,2554
2025-10-10 05:00:00+00:00,1.15736,1.1578,1.15696,1.157,3848
2025-10-10 06:00:00+00:00,1.15699,1.15749,1.15611,1.15705,11825
2025-10-10 07:00:00+00:00,1.15704,1.15801,1.1564,1.15781,11807
2025-10-10 08:00:00+00:00,1.15781,1.15896,1.15755,1.15789,8205
2025-10-10 09:00:00+00:00,1.15788,1.15801,1.15688,1.15744,5880
2025-10-10 10:00:00+00:00,1.15745,1.15835,1.15705,1.15716,4961
2025-10-10 11:00:00+00:00,1.15717,1.15751,1.15602,1.1561,7871
2025-10-10 12:00:00+00:00,1.15609,1.15763,1.15591,1.1572,10257
2025-10-10 13:00:00+00:00,1.15719,1.15736,1.1562,1.15692,10822
2025-10-10 14:00:00+00:00,1.1569,1.15825,1.15649,1.15786,15214
2025-10-10 15:00:00+00:00,1.15785,1.16309,1.1578,1.16127,50939
2025-10-10 16:00:00+00:00,1.16126,1.16258,1.16043,1.1606,15255
2025-10-10 17:00:00+00:00,1.16059,1.16095,1.15971,1.16012,7399
2025-10-10 18:00:00+00:00,1.16013,1.16131,1.16,1.16087,5307
2025-10-10 19:00:00+00:00,1.16087,1.16152,1.16038,1.16127,4682
2025-10-10 20:00:00+00:00,1.16127,1.16285,1.16039,1.16184,11852
2025-10-12 21:00:00+00:00,1.16117,1.16163,1.16091,1.16148,2362
2025-10-12 22:00:00+00:00,1.16146,1.16148,1.15922,1.16031,10246
2025-10-12 23:00:00+00:00,1.16032,1.16102,1.16004,1.16016,5583
2025-10-13 00:00:00+00:00,1.16017,1.16161,1.16002,1.16159,7529
2025-10-13 01:00:00+00:00,1.16159,1.16212,1.16099,1.162,8039
2025-10-13 02:00:00+00:00,1.162,1.16277,1.16169,1.16196,4100
2025-10-13 03:00:00+00:00,1.16196,1.16218,1.16162,1.16207,3304
2025-10-13 04:00:00+00:00,1.16208,1.16253,1.16179,1.16203,2629
2025-10-13 05:00:00+00:00,1.16203,1.1624,1.1613,1.1615,3965
2025-10-13 06:00:00+00:00,1.1615,1.163,1.16108,1.16141,11308
2025-10-13 07:00:00+00:00,1.16142,1.16159,1.15976,1.15999,15636
2025-10-13 08:00:00+00:00,1.16,1.1605,1.15817,1.15856,11563
2025-10-13 09:00:00+00:00,1.15855,1.15983,1.15846,1.15943,6166
2025-10-13 10:00:00+00:00,1.15942,1.15959,1.15815,1.15837,5754
2025-10-13 11:00:00+00:00,1.15837,1.15943,1.15656,1.15684,12257
2025-10-13 12:00:00+00:00,1.15685,1.15767,1.15616,1.15686,11038
2025-10-13 13:00:00+00:00,1.15686,1.15776,1.15646,1.15751,11430
2025-10-13 14:00:00+00:00,1.15751,1.15752,1.15576,1.15613,12500
2025-10-13 15:00:00+00:00,1.15612,1.15756,1.15602,1.15739,6888
2025-10-13 16:00:00+00:00,1.1574,1.15795,1.15697,1.15755,6038
2025-10-13 17:00:00+00:00,1.15756,1.15772,1.15699,1.15734,4371
2025-10-13 18:00:00+00:00,1.15734,1.15777,1.15659,1.15685,4000
2025-10-13 19:00:00+00:00,1.15686,1.1574,1.15661,1.15663,3542
2025-10-13 20:00:00+00:00,1.15663,1.1571,1.15651,1.15698,4119
2025-10-13 21:00:00+00:00,1.15701,1.15741,1.157,1.15721,814
2025-10-13 22:00:00+00:00,1.15718,1.1574,1.15678,1.15679,1818
2025-10-13 23:00:00+00:00,1.15679,1.15699,1.15636,1.15658,2539
2025-10-14 00:00:00+00:00,1.15657,1.15674,1.15552,1.15613,7373
2025-10-14 01:00:00+00:00,1.15614,1.15734,1.15607,1.15708,5374
2025-10-14 02:00:00+00:00,1.15708,1.15765,1.15705,1.15739,2571
2025-10-14 03:00:00+00:00,1.15738,1.1582,1.15715,1.15788,2974
2025-10-14 04:00:00+00:00,1.15789,1.15928,1.15785,1.15919,6928
2025-10-14 05:00:00+00:00,1.15919,1.15937,1.15826,1.15845,7255
2025-10-14 06:00:00+00:00,1.15846,1.15897,1.15631,1.15702,17716
2025-10-14 07:00:00+00:00,1.15702,1.15746,1.15423,1.15496,20210
2025-10-14 08:00:00+00:00,1.15496,1.15608,1.15457,1.15591,13219
2025-10-14 09:00:00+00:00,1.1559,1.15634,1.15516,1.15551,9472
2025-10-14 10:00:00+00:00,1.15551,1.15597,1.15512,1.15536,8624
2025-10-14 11:00:00+00:00,1.15535,1.15585,1.15464,1.15522,8880
2025-10-14 12:00:00+00:00,1.15521,1.15653,1.1548,1.15557,13539
2025-10-14 13:00:00+00:00,1.15555,1.15833,1.15544,1.15742,21647
2025-10-14 14:00:00+00:00,1.15741,1.15975,1.15691,1.15943,19354
2025-10-14 15:00:00+00:00,1.15943,1.16084,1.15865,1.16073,16192
2025-10-14 16:00:00+00:00,1.16073,1.16152,1.16012,1.16094,16531
2025-10-14 17:00:00+00:00,1.16093,1.16123,1.16018,1.16095,7557
2025-10-14 18:00:00+00:00,1.16094,1.16119,1.16036,1.16051,5652
2025-10-14 19:00:00+00:00,1.1605,1.16115,1.16044,1.16056,9295
2025-10-14 20:00:00+00:00,1.16056,1.16083,1.15999,1.16067,4182
2025-10-14 21:00:00+00:00,1.16085,1.16086,1.16077,1.16082,385
2025-10-14 22:00:00+00:00,1.16082,1.16098,1.16037,1.16037,2576
2025-10-14 23:00:00+00:00,1.16038,1.16058,1.1602,1.16033,2771
2025-10-15 00:00:00+00:00,1.16032,1.16141,1.16018,1.16105,5667
2025-10-15 01:00:00+00:00,1.16106,1.1623,1.16072,1.16192,8255
2025-10-15 02:00:00+00:00,1.16192,1.1626,1.1618,1.1623,4372
2025-10-15 03:00:00+00:00,1.16229,1.16242,1.16186,1.16223,3215
2025-10-15 04:00:00+00:00,1.16225,1.16244,1.1617,1.16185,2294
2025-10-15 05:00:00+00:00,1.16186,1.16269,1.16186,1.16197,3964
2025-10-15 06:00:00+00:00,1.16197,1.16386,1.16176,1.16341,10950
2025-10-15 07:00:00+00:00,1.16342,1.16446,1.16294,1.16357,12198
2025-10-15 08:00:00+00:00,1.16358,1.16456,1.16316,1.16327,9466
2025-10-15 09:00:00+00:00,1.16326,1.16394,1.16281,1.16347,7498
2025-10-15 10:00:00+00:00,1.16346,1.1635,1.16204,1.16244,5645
2025-10-15 11:00:00+00:00,1.16243,1.16324,1.16197,1.16201,6654
2025-10-15 12:00:00+00:00,1.16202,1.16277,1.16138,1.16177,12352
2025-10-15 13:00:00+00:00,1.16176,1.16322,1.16105,1.16274,17875
2025-10-15 14:00:00+00:00,1.16274,1.16301,1.16196,1.16247,10685
2025-10-15 15:00:00+00:00,1.16248,1.16474,1.16186,1.16371,14239
2025-10-15 16:00:00+00:00,1.16372,1.1641,1.16286,1.164,10187
2025-10-15 17:00:00+00:00,1.16399,1.16403,1.1627,1.16295,10268
2025-10-15 18:00:00+00:00,1.16295,1.16375,1.16279,1.16333,6035
2025-10-15 19:00:00+00:00,1.16332,1.1645,1.1633,1.16444,4484
2025-10-15 20:00:00+00:00,1.16444,1.16478,1.16429,1.16471,4334
2025-10-15 21:00:00+00:00,1.16452,1.16466,1.16433,1.16447,805
2025-10-15 22:00:00+00:00,1.16445,1.16522,1.16439,1.16464,2597
2025-10-15 23:00:00+00:00,1.16464,1.16472,1.16449,1.16459,1957
2025-10-16 00:00:00+00:00,1.16459,1.16671,1.1643,1.16633,8151
2025-10-16 01:00:00+00:00,1.16633,1.16755,1.16613,1.167,6830
2025-10-16 02:00:00+00:00,1.167,1.16749,1.16643,1.16662,5721
2025-10-16 03:00:00+00:00,1.16661,1.16674,1.16616,1.16622,3383
2025-10-16 04:00:00+00:00,1.16622,1.16623,1.16559,1.16561,2623
2025-10-16 05:00:00+00:00,1.16561,1.16616,1.16539,1.16601,4727
2025-10-16 06:00:00+00:00,1.16601,1.16681,1.16522,1.1654,11466
2025-10-16 07:00:00+00:00,1.16539,1.16568,1.16432,1.16519,13506
2025-10-16 08:00:00+00:00,1.1652,1.166,1.16488,1.1659,8670
2025-10-16 09:00:00+00:00,1.1659,1.16641,1.16525,1.16584,6389
2025-10-16 10:00:00+00:00,1.16584,1.16631,1.1653,1.16555,7524
2025-10-16 11:00:00+00:00,1.16554,1.16565,1.16463,1.16541,8186
2025-10-16 12:00:00+00:00,1.16541,1.16619,1.16491,1.16606,10715
2025-10-16 13:00:00+00:00,1.16606,1.16645,1.16501,1.16576,13391
2025-10-16 14:00:00+00:00,1.16577,1.16781,1.16537,1.16772,13654
2025-10-16 15:00:00+00:00,1.16771,1.16782,1.16613,1.16645,11453
2025-10-16 16:00:00+00:00,1.16645,1.16791,1.16643,1.1677,17648
2025-10-16 17:00:00+00:00,1.16771,1.16937,1.16768,1.16883,13334
2025-10-16 18:00:00+00:00,1.16883,1.16935,1.16805,1.16895,10842
2025-10-16 19:00:00+00:00,1.16895,1.16944,1.16871,1.1689,7728
2025-10-16 20:00:00+00:00,1.1689,1.16915,1.16848,1.16872,3854
2025-10-16 21:00:00+00:00,1.16863,1.16915,1.1686,1.16886,773
2025-10-16 22:00:00+00:00,1.16882,1.16961,1.16877,1.16946,3641
2025-10-16 23:00:00+00:00,1.16946,1.16998,1.16933,1.16992,2991
2025-10-17 00:00:00+00:00,1.16991,1.17114,1.16953,1.17068,5209
2025-10-17 01:00:00+00:00,1.17066,1.17099,1.17,1.1701,8480
2025-10-17 02:00:00+00:00,1.17009,1.17115,1.16953,1.17052,5469
2025-10-17 03:00:00+00:00,1.17053,1.17124,1.17046,1.17094,3176
2025-10-17 04:00:00+00:00,1.17094,1.17123,1.17063,1.171,2677
2025-10-17 05:00:00+00:00,1.17099,1.17285,1.17098,1.17231,4626
2025-10-17 06:00:00+00:00,1.17231,1.17266,1.17086,1.17107,16434
2025-10-17 07:00:00+00:00,1.17106,1.17152,1.16934,1.17118,27520
2025-10-17 08:00:00+00:00,1.17118,1.17163,1.16917,1.16973,14438
2025-10-17 09:00:00+00:00,1.16972,1.17079,1.16964,1.17013,8246
2025-10-17 10:00:00+00:00,1.17012,1.17027,1.16875,1.16897,9491
2025-10-17 11:00:00+00:00,1.16897,1.16971,1.16804,1.1685,16032
2025-10-17 12:00:00+00:00,1.16851,1.16865,1.1667,1.16764,14289
2025-10-17 13:00:00+00:00,1.16763,1.16814,1.16691,1.16706,15657
2025-10-17 14:00:00+00:00,1.16705,1.16732,1.16566,1.1667,17507
2025-10-17 15:00:00+00:00,1.16669,1.16734,1.16609,1.16734,10335
2025-10-17 16:00:00+00:00,1.16735,1.16795,1.16699,1.1671,7416
2025-10-17 17:00:00+00:00,1.16709,1.16759,1.16669,1.16678,5668
2025-10-17 18:00:00+00:00,1.16679,1.16743,1.16639,1.1668,6343
2025-10-17 19:00:00+00:00,1.16681,1.16715,1.1666,1.16707,4428
2025-10-17 20:00:00+00:00,1.16706,1.16706,1.16507,1.16556,6304
2025-10-19 21:00:00+00:00,1.16667,1.16669,1.16567,1.16574,1451
2025-10-19 22:00:00+00:00,1.16573,1.16587,1.16518,1.16559,4285
2025-10-19 23:00:00+00:00,1.16559,1.16617,1.16543,1.1658,2673
2025-10-20 00:00:00+00:00,1.1658,1.16666,1.16579,1.16666,6066
2025-10-20 01:00:00+00:00,1.16667,1.16675,1.16567,1.166,3596
2025-10-20 02:00:00+00:00,1.16601,1.16707,1.16601,1.16659,2963
2025-10-20 03:00:00+00:00,1.16658,1.16688,1.16648,1.16683,2077
2025-10-20 04:00:00+00:00,1.16683,1.1674,1.16656,1.16716,2534
2025-10-20 05:00:00+00:00,1.16715,1.16756,1.16701,1.16737,3223
2025-10-20 06:00:00+00:00,1.16737,1.16737,1.16568,1.16586,8433
2025-10-20 07:00:00+00:00,1.16586,1.16682,1.16537,1.16626,8343
2025-10-20 08:00:00+00:00,1.16625,1.16665,1.1658,1.16636,8630
2025-10-20 09:00:00+00:00,1.16636,1.16678,1.16592,1.16621,10102
2025-10-20 10:00:00+00:00,1.16621,1.16631,1.16513,1.16534,5626
2025-10-20 11:00:00+00:00,1.16533,1.16565,1.16445,1.16565,6474
2025-10-20 12:00:00+00:00,1.16566,1.16604,1.16504,1.16535,10452
2025-10-20 13:00:00+00:00,1.16536,1.16546,1.16464,1.16491,10906
2025-10-20 14:00:00+00:00,1.16491,1.16644,1.16476,1.16537,9883
2025-10-20 15:00:00+00:00,1.16538,1.16645,1.16525,1.16552,9200
2025-10-20 16:00:00+00:00,1.16551,1.16583,1.16494,1.16497,5604
2025-10-20 17:00:00+00:00,1.16496,1.16529,1.16415,1.16434,4346
2025-10-20 18:00:00+00:00,1.16433,1.16484,1.16384,1.16464,3683
2025-10-20 19:00:00+00:00,1.16465,1.16494,1.16399,1.1641,2970
2025-10-20 20:00:00+00:00,1.16411,1.16445,1.16404,1.16417,2694
2025-10-20 21:00:00+00:00,1.16421,1.16453,1.1642,1.1645,613
2025-10-20 22:00:00+00:00,1.16448,1.16455,1.16426,1.16431,1428
2025-10-20 23:00:00+00:00,1.16432,1.16453,1.16424,1.16442,1293
2025-10-21 00:00:00+00:00,1.16441,1.16553,1.16433,1.16532,4224
2025-10-21 01:00:00+00:00,1.16531,1.16531,1.16421,1.16452,5063
2025-10-21 02:00:00+00:00,1.16452,1.16452,1.16328,1.16342,6069
2025-10-21 03:00:00+00:00,1.16341,1.1636,1.1633,1.16347,2011
2025-10-21 04:00:00+00:00,1.16346,1.16369,1.1632,1.16359,3246
2025-10-21 05:00:00+00:00,1.1636,1.16378,1.16245,1.16254,5457
2025-10-21 06:00:00+00:00,1.16252,1.16342,1.16187,1.1632,8408
2025-10-21 07:00:00+00:00,1.1632,1.16357,1.16217,1.16254,12267
2025-10-21 08:00:00+00:00,1.16253,1.16276,1.16127,1.16212,11187
2025-10-21 09:00:00+00:00,1.16213,1.16273,1.1616,1.16206,7561
2025-10-21 10:00:00+00:00,1.16207,1.16235,1.16066,1.16181,9429
2025-10-21 11:00:00+00:00,1.16181,1.1626,1.16093,1.16128,9230
2025-10-21 12:00:00+00:00,1.16128,1.1617,1.1602,1.16112,15358
2025-10-21 13:00:00+00:00,1.16112,1.1617,1.16026,1.16127,18921
2025-10-21 14:00:00+00:00,1.16127,1.16182,1.15977,1.16045,14936
2025-10-21 15:00:00+00:00,1.16045,1.16166,1.16043,1.16152,9797
2025-10-21 16:00:00+00:00,1.16152,1.16246,1.16079,1.16091,12132
2025-10-21 17:00:00+00:00,1.1609,1.16101,1.16014,1.1604,7205
2025-10-21 18:00:00+00:00,1.1604,1.16088,1.16036,1.16052,4347
2025-10-21 19:00:00+00:00,1.16052,1.16077,1.16001,1.16007,4328
2025-10-21 20:00:00+00:00,1.16008,1.1603,1.1599,1.15998,2556
2025-10-21 21:00:00+00:00,1.16001,1.16055,1.16001,1.1605,955
2025-10-21 22:00:00+00:00,1.16046,1.16055,1.15996,1.16002,2348
2025-10-21 23:00:00+00:00,1.16004,1.16018,1.1599,1.15996,1535
2025-10-22 00:00:00+00:00,1.15995,1.1608,1.15995,1.16048,6253
2025-10-22 01:00:00+00:00,1.16048,1.16093,1.16016,1.16049,3987
2025-10-22 02:00:00+00:00,1.16049,1.1611,1.16049,1.16086,3183
2025-10-22 03:00:00+00:00,1.16086,1.16092,1.16046,1.16072,2666
2025-10-22 04:00:00+00:00,1.16071,1.16096,1.16051,1.16093,1914
2025-10-22 05:00:00+00:00,1.16092,1.16158,1.16092,1.16135,3138
2025-10-22 06:00:00+00:00,1.16136,1.1615,1.16042,1.16096,11458
2025-10-22 07:00:00+00:00,1.16097,1.1613,1.15996,1.16008,11744
2025-10-22 08:00:00+00:00,1.16008,1.16009,1.15899,1.15977,11412
2025-10-22 09:00:00+00:00,1.15976,1.16021,1.15925,1.15946,6124
2025-10-22 10:00:00+00:00,1.15945,1.1597,1.15828,1.15859,6458
2025-10-22 11:00:00+00:00,1.15858,1.15893,1.15824,1.15825,8189
2025-10-22 12:00:00+00:00,1.15826,1.15916,1.15769,1.15832,11368
2025-10-22 13:00:00+00:00,1.15833,1.15978,1.15818,1.15949,11229
2025-10-22 14:00:00+00:00,1.15948,1.16116,1.15924,1.16111,12941
2025-10-22 15:00:00+00:00,1.16113,1.16169,1.16087,1.16113,13056
2025-10-22 16:00:00+00:00,1.16114,1.16226,1.16103,1.16196,13905
2025-10-22 17:00:00+00:00,1.16196,1.16206,1.16127,1.16147,6709
2025-10-22 18:00:00+00:00,1.16148,1.16157,1.16076,1.16092,3640
2025-10-22 19:00:00+00:00,1.16093,1.16112,1.16048,1.16059,3798
2025-10-22 20:00:00+00:00,1.1606,1.1611,1.16059,1.16108,2702
2025-10-22 21:00:00+00:00,1.16108,1.1613,1.16099,1.16128,964
2025-10-22 22:00:00+00:00,1.1613,1.16146,1.16115,1.16124,1594
2025-10-22 23:00:00+00:00,1.16126,1.16127,1.16068,1.16072,1376
2025-10-23 00:00:00+00:00,1.16071,1.16075,1.15976,1.16042,4100
2025-10-23 01:00:00+00:00,1.16042,1.16056,1.15978,1.15979,3691
2025-10-23 02:00:00+00:00,1.15979,1.15995,1.15952,1.15967,2585
2025-10-23 03:00:00+00:00,1.15967,1.15986,1.15921,1.15929,1773
2025-10-23 04:00:00+00:00,1.15929,1.15994,1.15906,1.1599,2474
2025-10-23 05:00:00+00:00,1.1599,1.16043,1.1597,1.16016,2710
2025-10-23 06:00:00+00:00,1.16015,1.16039,1.15907,1.15945,7374
2025-10-23 07:00:00+00:00,1.15944,1.16015,1.1591,1.16002,8884
2025-10-23 08:00:00+00:00,1.16001,1.16064,1.15927,1.15963,7243
2025-10-23 09:00:00+00:00,1.15963,1.16005,1.15932,1.15937,5714
2025-10-23 10:00:00+00:00,1.15937,1.15949,1.15856,1.15881,5179
2025-10-23 11:00:00+00:00,1.1588,1.1593,1.15854,1.15873,6149
2025-10-23 12:00:00+00:00,1.15873,1.16061,1.15866,1.16007,8863
2025-10-23 13:00:00+00:00,1.16008,1.16107,1.15982,1.16068,12697
2025-10-23 14:00:00+00:00,1.16069,1.162,1.16057,1.16132,13190
2025-10-23 15:00:00+00:00,1.16133,1.16159,1.16065,1.16118,11258
2025-10-23 16:00:00+00:00,1.16118,1.16161,1.16066,1.16069,7880
2025-10-23 17:00:00+00:00,1.16069,1.16123,1.16043,1.16118,6400
2025-10-23 18:00:00+00:00,1.16119,1.1618,1.16098,1.16177,5193
2025-10-23 19:00:00+00:00,1.16178,1.16202,1.16154,1.16165,3522
2025-10-23 20:00:00+00:00,1.16165,1.16195,1.16137,1.16183,3201
2025-10-23 21:00:00+00:00,1.16171,1.16182,1.16157,1.16177,9019
2025-10-23 22:00:00+00:00,1.16174,1.16215,1.16174,1.16181,2162
2025-10-23 23:00:00+00:00,1.16181,1.1619,1.16151,1.16172,1453
2025-10-24 00:00:00+00:00,1.16172,1.16217,1.16169,1.16181,3962
2025-10-24 01:00:00+00:00,1.1618,1.16188,1.16089,1.16096,3223
2025-10-24 02:00:00+00:00,1.16097,1.16127,1.16077,1.16081,3124
2025-10-24 03:00:00+00:00,1.1608,1.16117,1.16071,1.16091,2031
2025-10-24 04:00:00+00:00,1.16091,1.16091,1.16057,1.16077,2100
2025-10-24 05:00:00+00:00,1.16076,1.16081,1.16017,1.16056,2796
2025-10-24 06:00:00+00:00,1.16055,1.16142,1.1601,1.16137,6878
2025-10-24 07:00:00+00:00,1.16136,1.16281,1.16019,1.16183,14601
2025-10-24 08:00:00+00:00,1.16183,1.1624,1.16065,1.16102,9418
2025-10-24 09:00:00+00:00,1.16102,1.16128,1.16053,1.16118,5944
2025-10-24 10:00:00+00:00,1.16119,1.16167,1.16111,1.16128,4873
2025-10-24 11:00:00+00:00,1.16128,1.16157,1.16069,1.16151,6914
2025-10-24 12:00:00+00:00,1.16151,1.16489,1.16087,1.16343,34177
2025-10-24 13:00:00+00:00,1.16344,1.16435,1.16206,1.1627,20731
2025-10-24 14:00:00+00:00,1.16269,1.16359,1.16183,1.1626,15864
2025-10-24 15:00:00+00:00,1.16261,1.16357,1.16215,1.16254,12007
2025-10-24 16:00:00+00:00,1.16254,1.16278,1.16212,1.16257,4723
2025-10-24 17:00:00+00:00,1.16256,1.1632,1.16246,1.16275,3591
2025-10-24 18:00:00+00:00,1.16276,1.1628,1.16249,1.16263,3921
2025-10-24 19:00:00+00:00,1.16262,1.16335,1.16261,1.16316,3406
2025-10-24 20:00:00+00:00,1.16317,1.16361,1.1621,1.16274,14742
2025-10-26 21:00:00+00:00,1.16368,1.16368,1.1627,1.16321,1965
2025-10-26 22:00:00+00:00,1.1632,1.16357,1.16259,1.16286,5923
2025-10-26 23:00:00+00:00,1.16285,1.1633,1.16257,1.16312,3729
2025-10-27 00:00:00+00:00,1.16312,1.16377,1.1628,1.1635,4231
2025-10-27 01:00:00+00:00,1.1635,1.16478,1.16335,1.16391,5023
2025-10-27 02:00:00+00:00,1.16391,1.16396,1.16304,1.1631,1880
2025-10-27 03:00:00+00:00,1.1631,1.16324,1.16271,1.16279,1703
2025-10-27 04:00:00+00:00,1.16278,1.16279,1.1621,1.16244,1763
2025-10-27 05:00:00+00:00,1.16245,1.16273,1.1621,1.16262,3158
2025-10-27 06:00:00+00:00,1.16263,1.16325,1.16248,1.16264,4765
2025-10-27 07:00:00+00:00,1.16265,1.16279,1.16199,1.16201,6425
2025-10-27 08:00:00+00:00,1.162,1.16332,1.16178,1.16282,7920
2025-10-27 09:00:00+00:00,1.16281,1.164,1.16262,1.16381,8092
2025-10-27 10:00:00+00:00,1.1638,1.16447,1.16355,1.16416,5437
2025-10-27 11:00:00+00:00,1.16417,1.16474,1.16361,1.16461,5682
2025-10-27 12:00:00+00:00,1.16461,1.16518,1.16379,1.16415,7901
2025-10-27 13:00:00+00:00,1.16413,1.16429,1.16316,1.1636,9228
2025-10-27 14:00:00+00:00,1.16361,1.16425,1.16323,1.1641,7539
2025-10-27 15:00:00+00:00,1.16409,1.16419,1.16329,1.16353,8136
2025-10-27 16:00:00+00:00,1.16354,1.16412,1.16325,1.16388,5546
2025-10-27 17:00:00+00:00,1.16389,1.16417,1.16356,1.16381,3480
2025-10-27 18:00:00+00:00,1.16381,1.16522,1.16352,1.16504,5514
2025-10-27 19:00:00+00:00,1.16504,1.16506,1.16442,1.16476,3655
2025-10-27 20:00:00+00:00,1.16476,1.16489,1.16434,1.16449,3094
2025-10-27 21:00:00+00:00,1.16452,1.16465,1.1645,1.16458,1268
2025-10-27 22:00:00+00:00,1.16458,1.16508,1.16456,1.16499,5075
2025-10-27 23:00:00+00:00,1.16498,1.16549,1.16497,1.1651,1913
2025-10-28 00:00:00+00:00,1.16512,1.16589,1.16466,1.16556,3707
2025-10-28 01:00:00+00:00,1.16557,1.16641,1.16552,1.16575,4531
2025-10-28 02:00:00+00:00,1.16576,1.16632,1.16538,1.16547,3112
2025-10-28 03:00:00+00:00,1.16546,1.1663,1.16543,1.16601,2854
2025-10-28 04:00:00+00:00,1.16601,1.16677,1.1659,1.16663,2863
2025-10-28 05:00:00+00:00,1.16664,1.16681,1.16628,1.16639,4234
2025-10-28 06:00:00+00:00,1.16639,1.16671,1.16549,1.16559,4125
2025-10-28 07:00:00+00:00,1.16558,1.16615,1.1651,1.16553,7274
2025-10-28 08:00:00+00:00,1.16552,1.16629,1.16488,1.16523,12365
2025-10-28 09:00:00+00:00,1.16522,1.16589,1.16449,1.16569,6983
2025-10-28 10:00:00+00:00,1.16569,1.1665,1.16549,1.16642,5198
2025-10-28 11:00:00+00:00,1.16642,1.16643,1.1655,1.16593,5479
2025-10-28 12:00:00+00:00,1.16592,1.166,1.16348,1.16403,11848
2025-10-28 13:00:00+00:00,1.16404,1.16406,1.16255,1.16395,14481
2025-10-28 14:00:00+00:00,1.16394,1.16636,1.16373,1.16606,15432
2025-10-28 15:00:00+00:00,1.16607,1.16673,1.16549,1.16589,11469
2025-10-28 16:00:00+00:00,1.1659,1.1668,1.1653,1.1668,13699
2025-10-28 17:00:00+00:00,1.16679,1.16689,1.16593,1.16632,8788
2025-10-28 18:00:00+00:00,1.16632,1.16639,1.16561,1.16622,5746
2025-10-28 19:00:00+00:00,1.16623,1.16652,1.16518,1.16523,6604
2025-10-28 20:00:00+00:00,1.16523,1.16575,1.1651,1.16512,4072
2025-10-28 21:00:00+00:00,1.1651,1.16532,1.1651,1.16524,1178
2025-10-28 22:00:00+00:00,1.16524,1.16541,1.16498,1.16506,2457
2025-10-28 23:00:00+00:00,1.16506,1.16573,1.16486,1.16572,2050
2025-10-29 00:00:00+00:00,1.16572,1.1661,1.16532,1.16545,9175
2025-10-29 01:00:00+00:00,1.16544,1.1656,1.16464,1.16474,4725
2025-10-29 02:00:00+00:00,1.16473,1.1648,1.16417,1.16466,2987
2025-10-29 03:00:00+00:00,1.16465,1.16467,1.16369,1.16371,2259
2025-10-29 04:00:00+00:00,1.16372,1.16376,1.16315,1.16342,2839
2025-10-29 05:00:00+00:00,1.16342,1.16355,1.16271,1.16314,4364
2025-10-29 06:00:00+00:00,1.16315,1.16326,1.1625,1.16299,5077
2025-10-29 07:00:00+00:00,1.16298,1.1638,1.16284,1.16326,9989
2025-10-29 08:00:00+00:00,1.16326,1.16342,1.16232,1.16233,7947
2025-10-29 09:00:00+00:00,1.16232,1.16473,1.16187,1.16413,9263
2025-10-29 10:00:00+00:00,1.16412,1.16488,1.16371,1.16474,7070
2025-10-29 11:00:00+00:00,1.16474,1.16486,1.16331,1.16398,7939
2025-10-29 12:00:00+00:00,1.16397,1.16451,1.16275,1.1634,10597
2025-10-29 13:00:00+00:00,1.16342,1.16459,1.16335,1.16367,13537
2025-10-29 14:00:00+00:00,1.16367,1.16515,1.16316,1.16506,13093
2025-10-29 15:00:00+00:00,1.16505,1.16648,1.16451,1.16638,13500
2025-10-29 16:00:00+00:00,1.16639,1.16661,1.16554,1.16572,9138
2025-10-29 17:00:00+00:00,1.16572,1.16591,1.16457,1.16473,7944
2025-10-29 18:00:00+00:00,1.16475,1.16514,1.15838,1.15944,76669
2025-10-29 19:00:00+00:00,1.15944,1.16,1.15776,1.15993,40813
2025-10-29 20:00:00+00:00,1.15992,1.16075,1.15909,1.1601,8443
2025-10-29 21:00:00+00:00,1.16014,1.16051,1.16013,1.1603,819
2025-10-29 22:00:00+00:00,1.1603,1.16057,1.16012,1.16041,2981
2025-10-29 23:00:00+00:00,1.16041,1.16054,1.16015,1.1603,2310
2025-10-30 00:00:00+00:00,1.1603,1.16156,1.15969,1.1612,6271
2025-10-30 01:00:00+00:00,1.16121,1.16153,1.16087,1.16138,5862
2025-10-30 02:00:00+00:00,1.16139,1.16198,1.16124,1.16174,3709
2025-10-30 03:00:00+00:00,1.16175,1.16201,1.1607,1.16156,6989
2025-10-30 04:00:00+00:00,1.16156,1.16375,1.16137,1.16321,13624
2025-10-30 05:00:00+00:00,1.1632,1.16341,1.16236,1.16241,4962
2025-10-30 06:00:00+00:00,1.16241,1.16299,1.16182,1.16196,8210
2025-10-30 07:00:00+00:00,1.16195,1.16229,1.16097,1.16186,11998
2025-10-30 08:00:00+00:00,1.16187,1.16204,1.16066,1.16173,11172
2025-10-30 09:00:00+00:00,1.16172,1.16284,1.16143,1.16165,8898
2025-10-30 10:00:00+00:00,1.16166,1.162,1.1606,1.16067,7083
2025-10-30 11:00:00+00:00,1.16067,1.16112,1.15962,1.15979,7537
2025-10-30 12:00:00+00:00,1.1598,1.15993,1.15531,1.15551,16501
2025-10-30 13:00:00+00:00,1.15552,1.15797,1.15469,1.15797,25480
2025-10-30 14:00:00+00:00,1.15798,1.15865,1.15679,1.15732,20409
2025-10-30 15:00:00+00:00,1.15732,1.15774,1.15607,1.15636,9712
2025-10-30 16:00:00+00:00,1.15637,1.15716,1.15594,1.15693,6929
2025-10-30 17:00:00+00:00,1.15693,1.157,1.15605,1.15664,4990
2025-10-30 18:00:00+00:00,1.15665,1.15705,1.15643,1.1568,4620
2025-10-30 19:00:00+00:00,1.1568,1.15717,1.15618,1.15642,4222
2025-10-30 20:00:00+00:00,1.15643,1.15725,1.15636,1.15648,2772
2025-10-30 21:00:00+00:00,1.15666,1.15705,1.15649,1.15693,1542
2025-10-30 22:00:00+00:00,1.15693,1.15699,1.15661,1.15681,2481
2025-10-30 23:00:00+00:00,1.15682,1.15735,1.15659,1.15717,1887
2025-10-31 00:00:00+00:00,1.15717,1.15771,1.15703,1.15738,4847
2025-10-31 01:00:00+00:00,1.15737,1.15776,1.15665,1.15676,3871
2025-10-31 02:00:00+00:00,1.15677,1.15746,1.1565,1.15682,3262
2025-10-31 03:00:00+00:00,1.15682,1.1571,1.15662,1.15673,1569
2025-10-31 04:00:00+00:00,1.15674,1.15734,1.15664,1.15721,1479
2025-10-31 05:00:00+00:00,1.15721,1.15721,1.15664,1.15682,2142
2025-10-31 06:00:00+00:00,1.15681,1.15735,1.15609,1.15615,4128
2025-10-31 07:00:00+00:00,1.15616,1.1566,1.1555,1.1565,7418
2025-10-31 08:00:00+00:00,1.1565,1.15715,1.15599,1.15707,6816
2025-10-31 09:00:00+00:00,1.15708,1.15769,1.15656,1.15763,6881
2025-10-31 10:00:00+00:00,1.15761,1.15764,1.15673,1.15711,5639
2025-10-31 11:00:00+00:00,1.15711,1.15744,1.1558,1.15669,6698
2025-10-31 12:00:00+00:00,1.15669,1.15669,1.15533,1.15559,10829
2025-10-31 13:00:00+00:00,1.15558,1.15563,1.15301,1.1539,14004
2025-10-31 14:00:00+00:00,1.15389,1.15428,1.1522,1.15341,15753
2025-10-31 15:00:00+00:00,1.15342,1.15431,1.15238,1.15409,17166
2025-10-31 16:00:00+00:00,1.15409,1.15435,1.15282,1.15302,12411
2025-10-31 17:00:00+00:00,1.15302,1.15313,1.15221,1.15241,6303
2025-10-31 18:00:00+00:00,1.15241,1.15272,1.15217,1.15251,4686
2025-10-31 19:00:00+00:00,1.1525,1.15318,1.1523,1.15257,4740
2025-10-31 20:00:00+00:00,1.15256,1.15396,1.15254,1.15366,8803
2025-11-02 22:00:00+00:00,1.15326,1.15355,1.15309,1.15336,1110
2025-11-02 23:00:00+00:00,1.15334,1.15385,1.15252,1.15276,9332
2025-11-03 00:00:00+00:00,1.15275,1.15311,1.15242,1.15259,4494
2025-11-03 01:00:00+00:00,1.15257,1.15292,1.15216,1.15271,3773
2025-11-03 02:00:00+00:00,1.15272,1.1534,1.15264,1.15316,2820
2025-11-03 03:00:00+00:00,1.15315,1.15345,1.15301,1.15338,1621
2025-11-03 04:00:00+00:00,1.15338,1.15372,1.1532,1.15341,2768
2025-11-03 05:00:00+00:00,1.15341,1.15377,1.15324,1.15351,2712
2025-11-03 06:00:00+00:00,1.15351,1.15413,1.15345,1.15378,2766
2025-11-03 07:00:00+00:00,1.15377,1.15412,1.15334,1.15398,6858
2025-11-03 08:00:00+00:00,1.15397,1.15403,1.15096,1.15135,8853
2025-11-03 09:00:00+00:00,1.15136,1.15209,1.1511,1.15145,6071
2025-11-03 10:00:00+00:00,1.15145,1.152,1.1508,1.15155,6108
2025-11-03 11:00:00+00:00,1.15156,1.15201,1.15126,1.15155,4922
2025-11-03 12:00:00+00:00,1.15155,1.15224,1.15142,1.15174,5617
2025-11-03 13:00:00+00:00,1.15173,1.15178,1.15056,1.15111,8184
2025-11-03 14:00:00+00:00,1.1511,1.15128,1.15052,1.15102,10801
2025-11-03 15:00:00+00:00,1.15102,1.15253,1.1506,1.15253,18135
2025-11-03 16:00:00+00:00,1.15252,1.15319,1.15216,1.15308,10205
2025-11-03 17:00:00+00:00,1.15308,1.15379,1.15267,1.15272,7731
2025-11-03 18:00:00+00:00,1.15273,1.15312,1.15206,1.15232,4851
2025-11-03 19:00:00+00:00,1.15232,1.15249,1.15166,1.15196,5731
2025-11-03 20:00:00+00:00,1.15195,1.15234,1.1518,1.15195,3564
2025-11-03 21:00:00+00:00,1.15195,1.15205,1.15161,1.15196,2494
2025-11-03 22:00:00+00:00,1.15204,1.15214,1.15186,1.15211,940
2025-11-03 23:00:00+00:00,1.15212,1.15212,1.15185,1.15185,2384
2025-11-04 00:00:00+00:00,1.15184,1.15185,1.15056,1.15086,5622
2025-11-04 01:00:00+00:00,1.15085,1.15102,1.14983,1.151,5372
2025-11-04 02:00:00+00:00,1.15101,1.15111,1.15049,1.15111,3646
2025-11-04 03:00:00+00:00,1.15112,1.15179,1.15106,1.15135,4061
2025-11-04 04:00:00+00:00,1.15134,1.15176,1.15093,1.15096,2634
2025-11-04 05:00:00+00:00,1.15095,1.15142,1.15076,1.15126,3847
2025-11-04 06:00:00+00:00,1.15127,1.15267,1.15116,1.15235,6177
2025-11-04 07:00:00+00:00,1.15236,1.15337,1.15227,1.15272,8320
2025-11-04 08:00:00+00:00,1.15272,1.1529,1.15135,1.1514,10571
2025-11-04 09:00:00+00:00,1.15139,1.15172,1.15001,1.15011,8101
2025-11-04 10:00:00+00:00,1.1501,1.151,1.1499,1.1504,6111
2025-11-04 11:00:00+00:00,1.15041,1.15058,1.14893,1.14901,6069
2025-11-04 12:00:00+00:00,1.14901,1.14931,1.14767,1.14894,9643
2025-11-04 13:00:00+00:00,1.14893,1.14969,1.14884,1.14923,7646
2025-11-04 14:00:00+00:00,1.14923,1.14948,1.1473,1.14811,11946
2025-11-04 15:00:00+00:00,1.1481,1.14929,1.14747,1.14917,11571
2025-11-04 16:00:00+00:00,1.14917,1.14968,1.14876,1.14897,7081
2025-11-04 17:00:00+00:00,1.14898,1.14904,1.14836,1.1484,3965
2025-11-04 18:00:00+00:00,1.1484,1.14867,1.14812,1.14841,3630
2025-11-04 19:00:00+00:00,1.1484,1.14872,1.14788,1.14792,3955
2025-11-04 20:00:00+00:00,1.14792,1.14835,1.14753,1.148,3722
2025-11-04 21:00:00+00:00,1.14799,1.14829,1.14792,1.14823,4562
2025-11-04 22:00:00+00:00,1.14841,1.14855,1.1481,1.14841,1843
2025-11-04 23:00:00+00:00,1.14839,1.14859,1.14827,1.14853,1348
2025-11-05 00:00:00+00:00,1.14852,1.14856,1.14808,1.1484,5828
2025-11-05 01:00:00+00:00,1.14839,1.14982,1.14798,1.14895,8652
2025-11-05 02:00:00+00:00,1.14896,1.14924,1.14852,1.14886,5058
2025-11-05 03:00:00+00:00,1.14885,1.14925,1.1486,1.14889,4030
2025-11-05 04:00:00+00:00,1.14888,1.14919,1.14878,1.14908,1941
2025-11-05 05:00:00+00:00,1.14908,1.14943,1.14896,1.14919,2275
2025-11-05 06:00:00+00:00,1.14919,1.14944,1.14871,1.14881,3074
2025-11-05 07:00:00+00:00,1.14881,1.1491,1.14834,1.14869,4988
2025-11-05 08:00:00+00:00,1.1487,1.14956,1.14856,1.1489,7668
2025-11-05 09:00:00+00:00,1.14889,1.14926,1.14815,1.14845,5688
2025-11-05 10:00:00+00:00,1.14846,1.14852,1.14761,1.14834,5118
2025-11-05 11:00:00+00:00,1.14835,1.14892,1.14789,1.14882,4467
2025-11-05 12:00:00+00:00,1.14882,1.14927,1.14871,1.1491,5664
2025-11-05 13:00:00+00:00,1.14909,1.14936,1.1473,1.14736,11033
2025-11-05 14:00:00+00:00,1.14736,1.14932,1.14687,1.14873,10736
2025-11-05 15:00:00+00:00,1.14873,1.14875,1.147,1.14792,22581
2025-11-05 16:00:00+00:00,1.14791,1.1486,1.14701,1.14838,9434
2025-11-05 17:00:00+00:00,1.14839,1.1486,1.14765,1.14805,4776
2025-11-05 18:00:00+00:00,1.14806,1.14838,1.14789,1.14817,3104
2025-11-05 19:00:00+00:00,1.14817,1.14877,1.14805,1.14861,2642
2025-11-05 20:00:00+00:00,1.14862,1.14919,1.14862,1.14885,3223
2025-11-05 21:00:00+00:00,1.14886,1.14945,1.14875,1.14924,2751
2025-11-05 22:00:00+00:00,1.14924,1.14933,1.14908,1.14927,1610
2025-11-05 23:00:00+00:00,1.14927,1.14972,1.14913,1.14958,2068
2025-11-06 00:00:00+00:00,1.14958,1.1502,1.14933,1.15008,3021
2025-11-06 01:00:00+00:00,1.15009,1.15089,1.15009,1.15073,3736
2025-11-06 02:00:00+00:00,1.15073,1.15089,1.15033,1.15053,2007
2025-11-06 03:00:00+00:00,1.15054,1.1508,1.15034,1.15071,1944
2025-11-06 04:00:00+00:00,1.15071,1.15083,1.15041,1.15071,1153
2025-11-06 05:00:00+00:00,1.15071,1.1511,1.15038,1.15102,2544
2025-11-06 06:00:00+00:00,1.15101,1.15138,1.15054,1.15071,3672
2025-11-06 07:00:00+00:00,1.15072,1.15135,1.15068,1.15084,5681
2025-11-06 08:00:00+00:00,1.15084,1.15236,1.1506,1.15212,10790
2025-11-06 09:00:00+00:00,1.15211,1.1524,1.15113,1.15137,7792
2025-11-06 10:00:00+00:00,1.15137,1.15174,1.15102,1.15106,4861
2025-11-06 11:00:00+00:00,1.15105,1.15211,1.15103,1.15204,4590
2025-11-06 12:00:00+00:00,1.15203,1.15329,1.15142,1.1531,12021
2025-11-06 13:00:00+00:00,1.15309,1.15442,1.15291,1.15357,11026
2025-11-06 14:00:00+00:00,1.15357,1.15376,1.152,1.15205,10990
2025-11-06 15:00:00+00:00,1.15205,1.15429,1.1519,1.15396,16535
2025-11-06 16:00:00+00:00,1.15397,1.15418,1.15316,1.15379,12103
2025-11-06 17:00:00+00:00,1.15378,1.15429,1.153,1.15408,10186
2025-11-06 18:00:00+00:00,1.15407,1.15503,1.15394,1.15472,6382
2025-11-06 19:00:00+00:00,1.15472,1.15524,1.1542,1.15445,6069
2025-11-06 20:00:00+00:00,1.15445,1.15492,1.15429,1.15477,4793
2025-11-06 21:00:00+00:00,1.15477,1.1549,1.15447,1.15471,4455
2025-11-06 22:00:00+00:00,1.15428,1.15487,1.15428,1.15451,9545
2025-11-06 23:00:00+00:00,1.1545,1.15516,1.15447,1.15487,2353
2025-11-07 00:00:00+00:00,1.15489,1.15491,1.15378,1.15395,4422
2025-11-07 01:00:00+00:00,1.15395,1.15414,1.15363,1.1538,5582
2025-11-07 02:00:00+00:00,1.15381,1.1543,1.15381,1.15401,3071
2025-11-07 03:00:00+00:00,1.15401,1.15411,1.15351,1.1538,2155
2025-11-07 04:00:00+00:00,1.15381,1.15381,1.15324,1.15367,2356
2025-11-07 05:00:00+00:00,1.15366,1.15386,1.15327,1.15342,1969
2025-11-07 06:00:00+00:00,1.15342,1.15358,1.15296,1.1531,4742
2025-11-07 07:00:00+00:00,1.1531,1.15364,1.15309,1.15327,4357
2025-11-07 08:00:00+00:00,1.15327,1.15404,1.15296,1.15349,6631
2025-11-07 09:00:00+00:00,1.15349,1.15424,1.15345,1.15383,4719
2025-11-07 10:00:00+00:00,1.15382,1.1552,1.15375,1.15502,5295
2025-11-07 11:00:00+00:00,1.15501,1.15611,1.15495,1.15582,7448
2025-11-07 12:00:00+00:00,1.15582,1.15654,1.1554,1.1556,7925
2025-11-07 13:00:00+00:00,1.1556,1.15699,1.15558,1.15676,13418
2025-11-07 14:00:00+00:00,1.15677,1.15789,1.15655,1.15731,10701
2025-11-07 15:00:00+00:00,1.15731,1.15911,1.15713,1.15718,16668
2025-11-07 16:00:00+00:00,1.15718,1.15823,1.15713,1.15778,8945
2025-11-07 17:00:00+00:00,1.15777,1.15822,1.15715,1.15805,5996
2025-11-07 18:00:00+00:00,1.15805,1.15836,1.15677,1.15683,4788
2025-11-07 19:00:00+00:00,1.15683,1.15729,1.15555,1.15595,7200
2025-11-07 20:00:00+00:00,1.15595,1.15668,1.15576,1.15645,6893
2025-11-07 21:00:00+00:00,1.15645,1.15677,1.15591,1.15673,6359
2025-11-09 22:00:00+00:00,1.15582,1.15602,1.15557,1.1558,1002
2025-11-09 23:00:00+00:00,1.15579,1.15595,1.15416,1.15433,10161
2025-11-10 00:00:00+00:00,1.15434,1.15601,1.15431,1.15546,11469
2025-11-10 01:00:00+00:00,1.15546,1.15605,1.15466,1.15582,8884
2025-11-10 02:00:00+00:00,1.15582,1.15608,1.15548,1.15581,3651
2025-11-10 03:00:00+00:00,1.15579,1.15587,1.15513,1.15547,2770
2025-11-10 04:00:00+00:00,1.15547,1.15626,1.15547,1.15611,2856
2025-11-10 05:00:00+00:00,1.15611,1.15666,1.1558,1.1562,2210
2025-11-10 06:00:00+00:00,1.1562,1.1565,1.15516,1.1554,4327
2025-11-10 07:00:00+00:00,1.1554,1.15721,1.15536,1.15678,7052
2025-11-10 08:00:00+00:00,1.15677,1.15831,1.15653,1.15724,8443
2025-11-10 09:00:00+00:00,1.15723,1.1574,1.15642,1.15684,6500
2025-11-10 10:00:00+00:00,1.15683,1.15715,1.15612,1.15626,5244
2025-11-10 11:00:00+00:00,1.15626,1.15641,1.1554,1.15633,4631
2025-11-10 12:00:00+00:00,1.15633,1.15757,1.15629,1.15682,5604
2025-11-10 13:00:00+00:00,1.15682,1.1578,1.15671,1.1568,6579
2025-11-10 14:00:00+00:00,1.1568,1.15686,1.15593,1.15646,7702
2025-11-10 15:00:00+00:00,1.15645,1.15671,1.15453,1.15455,8592
2025-11-10 16:00:00+00:00,1.15454,1.1555,1.1543,1.1545,8364
2025-11-10 17:00:00+00:00,1.1545,1.15613,1.15412,1.15606,6916
2025-11-10 18:00:00+00:00,1.15606,1.15648,1.1558,1.15585,2692
2025-11-10 19:00:00+00:00,1.15585,1.15633,1.1558,1.15611,2911
2025-11-10 20:00:00+00:00,1.15609,1.15647,1.15607,1.1564,2629
2025-11-10 21:00:00+00:00,1.1564,1.1564,1.15552,1.15573,3574
2025-11-10 22:00:00+00:00,1.15574,1.15598,1.1557,1.15583,2594
2025-11-10 23:00:00+00:00,1.15584,1.15604,1.15565,1.15568,2195
2025-11-11 00:00:00+00:00,1.15568,1.15596,1.15519,1.15524,2939
2025-11-11 01:00:00+00:00,1.15525,1.15549,1.15472,1.15547,3675
2025-11-11 02:00:00+00:00,1.15548,1.15572,1.15521,1.15534,2507
2025-11-11 03:00:00+00:00,1.15535,1.15582,1.15534,1.15565,2111
2025-11-11 04:00:00+00:00,1.15564,1.15594,1.15554,1.1558,2136
2025-11-11 05:00:00+00:00,1.15581,1.15652,1.15577,1.15616,2646
2025-11-11 06:00:00+00:00,1.15615,1.15631,1.15506,1.15522,3463
2025-11-11 07:00:00+00:00,1.15523,1.15609,1.15494,1.15601,8996
2025-11-11 08:00:00+00:00,1.15603,1.15685,1.15545,1.15546,7837
2025-11-11 09:00:00+00:00,1.15546,1.15685,1.15536,1.15648,5927
2025-11-11 10:00:00+00:00,1.15649,1.15748,1.15626,1.15731,4716
2025-11-11 11:00:00+00:00,1.15731,1.15779,1.15701,1.1572,5073
2025-11-11 12:00:00+00:00,1.1572,1.15772,1.15687,1.15705,5454
2025-11-11 13:00:00+00:00,1.15705,1.16059,1.15705,1.1601,16206
2025-11-11 14:00:00+00:00,1.16011,1.16051,1.15936,1.16006,10206
2025-11-11 15:00:00+00:00,1.16005,1.16032,1.15914,1.1595,9795
2025-11-11 16:00:00+00:00,1.15951,1.16,1.15906,1.15934,7653
2025-11-11 17:00:00+00:00,1.15933,1.15993,1.15907,1.1595,3363
2025-11-11 18:00:00+00:00,1.15949,1.15956,1.15914,1.15926,3212
2025-11-11 19:00:00+00:00,1.15927,1.15929,1.15833,1.15844,4873
2025-11-11 20:00:00+00:00,1.15845,1.15891,1.15833,1.15835,3152
2025-11-11 21:00:00+00:00,1.15834,1.15856,1.15812,1.15825,3318
2025-11-11 22:00:00+00:00,1.15864,1.15868,1.1583,1.1586,4399
2025-11-11 23:00:00+00:00,1.15862,1.15873,1.15822,1.15868,1536
2025-11-12 00:00:00+00:00,1.15869,1.15869,1.15791,1.15795,3017
2025-11-12 01:00:00+00:00,1.15796,1.15823,1.15746,1.15756,4029
2025-11-12 02:00:00+00:00,1.15756,1.15799,1.15754,1.15789,2090
2025-11-12 03:00:00+00:00,1.1579,1.15815,1.15756,1.15776,2409
2025-11-12 04:00:00+00:00,1.15776,1.15785,1.15702,1.15722,2561
2025-11-12 05:00:00+00:00,1.15721,1.15788,1.15711,1.15763,4529
2025-11-12 06:00:00+00:00,1.15763,1.15824,1.15752,1.15823,2182
2025-11-12 07:00:00+00:00,1.15823,1.15884,1.15813,1.15839,5092
2025-11-12 08:00:00+00:00,1.1584,1.15879,1.15771,1.15772,7579
2025-11-12 09:00:00+00:00,1.15773,1.15806,1.15684,1.15702,7854
2025-11-12 10:00:00+00:00,1.15702,1.15755,1.15652,1.15703,6216
2025-11-12 11:00:00+00:00,1.15703,1.1578,1.15656,1.1578,4895
2025-11-12 12:00:00+00:00,1.15779,1.15805,1.15718,1.15768,7259
2025-11-12 13:00:00+00:00,1.15768,1.158,1.15659,1.15721,7221
2025-11-12 14:00:00+00:00,1.15721,1.15758,1.1563,1.15755,10799
2025-11-12 15:00:00+00:00,1.15754,1.15958,1.1573,1.15941,11661
2025-11-12 16:00:00+00:00,1.1594,1.15979,1.15883,1.15912,8067
2025-11-12 17:00:00+00:00,1.15912,1.15971,1.15911,1.15931,5043
2025-11-12 18:00:00+00:00,1.15931,1.15945,1.1589,1.15896,4472
2025-11-12 19:00:00+00:00,1.15896,1.15903,1.15841,1.15866,4287
2025-11-12 20:00:00+00:00,1.15865,1.15907,1.15853,1.15896,2894
2025-11-12 21:00:00+00:00,1.15896,1.15934,1.1585,1.15932,3009
2025-11-12 22:00:00+00:00,1.15931,1.15931,1.159,1.15903,5012
2025-11-12 23:00:00+00:00,1.15904,1.15947,1.15895,1.15917,2228
2025-11-13 00:00:00+00:00,1.15917,1.15921,1.15804,1.15805,4147
2025-11-13 01:00:00+00:00,1.15804,1.15897,1.15791,1.15895,3505
2025-11-13 02:00:00+00:00,1.15896,1.1593,1.15853,1.15894,2818
2025-11-13 03:00:00+00:00,1.15895,1.15916,1.15868,1.15898,2509
2025-11-13 04:00:00+00:00,1.15899,1.15918,1.15873,1.15902,1943
2025-11-13 05:00:00+00:00,1.15903,1.15909,1.15803,1.15819,1967
2025-11-13 06:00:00+00:00,1.15818,1.15859,1.15813,1.15857,2961
2025-11-13 07:00:00+00:00,1.15854,1.16123,1.1583,1.16114,7625
2025-11-13 08:00:00+00:00,1.16114,1.16295,1.16102,1.1628,10140
2025-11-13 09:00:00+00:00,1.16281,1.16349,1.16108,1.16166,13821
2025-11-13 10:00:00+00:00,1.16165,1.16236,1.16114,1.1616,7032
2025-11-13 11:00:00+00:00,1.16159,1.16204,1.16047,1.16063,6937
2025-11-13 12:00:00+00:00,1.16064,1.16231,1.16057,1.16229,7681
2025-11-13 13:00:00+00:00,1.16229,1.16252,1.16118,1.16206,9063
2025-11-13 14:00:00+00:00,1.16206,1.16312,1.1617,1.1628,12296
2025-11-13 15:00:00+00:00,1.16279,1.16432,1.16232,1.16393,15613
2025-11-13 16:00:00+00:00,1.16392,1.1649,1.16367,1.16489,11161
2025-11-13 17:00:00+00:00,1.16486,1.16562,1.1646,1.16514,9669
2025-11-13 18:00:00+00:00,1.16513,1.16519,1.16368,1.16382,8376
2025-11-13 19:00:00+00:00,1.16383,1.16414,1.16353,1.16357,5622
2025-11-13 20:00:00+00:00,1.16356,1.16394,1.16326,1.16331,4559
2025-11-13 21:00:00+00:00,1.16331,1.16379,1.16309,1.16333,3799
2025-11-13 22:00:00+00:00,1.16379,1.16394,1.16344,1.16366,1685
2025-11-13 23:00:00+00:00,1.16372,1.16375,1.16235,1.16303,4348
2025-11-14 00:00:00+00:00,1.16302,1.16337,1.16271,1.1633,4965
2025-11-14 01:00:00+00:00,1.16329,1.16392,1.16302,1.16334,6301
2025-11-14 02:00:00+00:00,1.16333,1.16375,1.16299,1.16357,3390
2025-11-14 03:00:00+00:00,1.16358,1.16449,1.16355,1.16384,3248
2025-11-14 04:00:00+00:00,1.16384,1.16431,1.1638,1.1642,2475
2025-11-14 05:00:00+00:00,1.16421,1.16484,1.16394,1.16478,4121
2025-11-14 06:00:00+00:00,1.16478,1.16487,1.16334,1.16377,4529
2025-11-14 07:00:00+00:00,1.16378,1.16464,1.16318,1.16328,10199
2025-11-14 08:00:00+00:00,1.16328,1.16372,1.16205,1.16296,18204
2025-11-14 09:00:00+00:00,1.16296,1.16313,1.16203,1.16217,10079
2025-11-14 10:00:00+00:00,1.16217,1.1622,1.16126,1.16137,7433
2025-11-14 11:00:00+00:00,1.16136,1.16199,1.16089,1.16196,6605
2025-11-14 12:00:00+00:00,1.16196,1.16528,1.1617,1.16526,12597
2025-11-14 13:00:00+00:00,1.16527,1.16538,1.1634,1.16378,16444
2025-11-14 14:00:00+00:00,1.16377,1.16385,1.16211,1.16234,18457
2025-11-14 15:00:00+00:00,1.16233,1.16256,1.16062,1.16132,17440
2025-11-14 16:00:00+00:00,1.16131,1.16228,1.161,1.1617,9095
2025-11-14 17:00:00+00:00,1.16171,1.16181,1.1608,1.16141,6329
2025-11-14 18:00:00+00:00,1.16141,1.1618,1.16098,1.16165,4780
2025-11-14 19:00:00+00:00,1.16165,1.16201,1.1616,1.1618,4245
2025-11-14 20:00:00+00:00,1.16179,1.16231,1.16169,1.16205,3593
2025-11-14 21:00:00+00:00,1.16206,1.16236,1.16167,1.16214,6347
2025-11-16 22:00:00+00:00,1.16195,1.16249,1.16192,1.16226,1803
2025-11-16 23:00:00+00:00,1.16231,1.16247,1.16115,1.16148,3863
2025-11-17 00:00:00+00:00,1.16148,1.16149,1.16052,1.16065,4800
2025-11-17 01:00:00+00:00,1.16064,1.16102,1.16054,1.16065,3750
2025-11-17 02:00:00+00:00,1.16066,1.16066,1.16016,1.16022,2419
2025-11-17 03:00:00+00:00,1.16022,1.16022,1.15964,1.15987,2930
2025-11-17 04:00:00+00:00,1.15988,1.16034,1.15975,1.16028,1475
2025-11-17 05:00:00+00:00,1.1603,1.16052,1.15992,1.16004,2336
2025-11-17 06:00:00+00:00,1.16005,1.16086,1.15951,1.16075,3502
2025-11-17 07:00:00+00:00,1.16075,1.1615,1.16068,1.16134,4847
2025-11-17 08:00:00+00:00,1.16135,1.1615,1.1599,1.16032,6841
2025-11-17 09:00:00+00:00,1.16031,1.16048,1.15971,1.16015,5647
2025-11-17 10:00:00+00:00,1.16014,1.16083,1.15961,1.15967,5337
2025-11-17 11:00:00+00:00,1.15966,1.16031,1.1595,1.16013,5108
2025-11-17 12:00:00+00:00,1.16012,1.16048,1.15958,1.15989,4729
2025-11-17 13:00:00+00:00,1.15989,1.15997,1.15885,1.15913,9360
2025-11-17 14:00:00+00:00,1.15913,1.15957,1.15833,1.15858,7969
2025-11-17 15:00:00+00:00,1.15857,1.15983,1.15818,1.15976,10316
2025-11-17 16:00:00+00:00,1.15976,1.1602,1.15937,1.15974,6093
2025-11-17 17:00:00+00:00,1.15974,1.15993,1.15913,1.15939,3830
2025-11-17 18:00:00+00:00,1.1594,1.15947,1.15881,1.15911,4358
2025-11-17 19:00:00+00:00,1.1591,1.15956,1.15831,1.1584,4350
2025-11-17 20:00:00+00:00,1.15841,1.15908,1.15827,1.15886,6368
2025-11-17 21:00:00+00:00,1.15885,1.15925,1.15872,1.15917,3067
2025-11-17 22:00:00+00:00,1.15919,1.15932,1.15889,1.15898,1246
2025-11-17 23:00:00+00:00,1.15898,1.15944,1.1589,1.15902,1804
2025-11-18 00:00:00+00:00,1.15901,1.15902,1.1585,1.1587,2610
2025-11-18 01:00:00+00:00,1.1587,1.15932,1.15847,1.15909,3390
2025-11-18 02:00:00+00:00,1.1591,1.1594,1.15881,1.1593,2244
2025-11-18 03:00:00+00:00,1.1593,1.15959,1.15913,1.15925,2971
2025-11-18 04:00:00+00:00,1.15925,1.16039,1.1589,1.15995,5627
2025-11-18 05:00:00+00:00,1.15996,1.16006,1.15953,1.1598,3579
2025-11-18 06:00:00+00:00,1.15981,1.16012,1.15933,1.15944,3942
2025-11-18 07:00:00+00:00,1.15944,1.15998,1.1591,1.15911,7405
2025-11-18 08:00:00+00:00,1.15911,1.16065,1.15896,1.1592,11290
2025-11-18 09:00:00+00:00,1.15918,1.15958,1.15874,1.15893,7637
2025-11-18 10:00:00+00:00,1.15893,1.15909,1.15795,1.15821,5714
2025-11-18 11:00:00+00:00,1.1582,1.15887,1.15802,1.15848,4666
2025-11-18 12:00:00+00:00,1.15849,1.15928,1.15833,1.15921,6274
2025-11-18 13:00:00+00:00,1.15922,1.16023,1.15883,1.15969,12685
2025-11-18 14:00:00+00:00,1.15969,1.16023,1.15931,1.16002,10428
2025-11-18 15:00:00+00:00,1.16001,1.16079,1.15817,1.1582,14203
2025-11-18 16:00:00+00:00,1.1582,1.15841,1.15726,1.15791,12015
2025-11-18 17:00:00+00:00,1.1579,1.15807,1.15716,1.15757,7069
2025-11-18 18:00:00+00:00,1.15758,1.15858,1.15752,1.15822,4889
2025-11-18 19:00:00+00:00,1.15821,1.15872,1.15804,1.15856,3455
2025-11-18 20:00:00+00:00,1.15856,1.15871,1.15789,1.15807,3582
2025-11-18 21:00:00+00:00,1.15807,1.15837,1.15781,1.15809,2710
2025-11-18 22:00:00+00:00,1.15801,1.15841,1.15773,1.15776,2169
2025-11-18 23:00:00+00:00,1.15777,1.15819,1.15776,1.15803,2077
2025-11-19 00:00:00+00:00,1.15803,1.15843,1.15786,1.15824,3155
2025-11-19 01:00:00+00:00,1.15823,1.15851,1.15761,1.15769,4326
2025-11-19 02:00:00+00:00,1.15769,1.15819,1.15726,1.1579,3391
2025-11-19 03:00:00+00:00,1.1579,1.15841,1.1577,1.15839,3657
2025-11-19 04:00:00+00:00,1.15838,1.15844,1.15776,1.15844,2601
2025-11-19 05:00:00+00:00,1.15843,1.1591,1.15834,1.1589,3609
2025-11-19 06:00:00+00:00,1.1589,1.15916,1.15867,1.15869,2963
2025-11-19 07:00:00+00:00,1.1587,1.15974,1.15774,1.15814,9362
2025-11-19 08:00:00+00:00,1.15815,1.15893,1.15712,1.15736,11171
2025-11-19 09:00:00+00:00,1.15736,1.15806,1.15657,1.15734,9125
2025-11-19 10:00:00+00:00,1.15735,1.15776,1.15677,1.15693,8508
2025-11-19 11:00:00+00:00,1.15693,1.15875,1.15685,1.15865,7655
2025-11-19 12:00:00+00:00,1.15865,1.15895,1.1576,1.15783,6031
2025-11-19 13:00:00+00:00,1.15783,1.15911,1.1571,1.15728,6944
2025-11-19 14:00:00+00:00,1.15729,1.15739,1.15549,1.15556,12662
2025-11-19 15:00:00+00:00,1.15555,1.15565,1.15404,1.15468,12462
2025-11-19 16:00:00+00:00,1.15467,1.15477,1.15349,1.15397,9245
2025-11-19 17:00:00+00:00,1.15397,1.15425,1.15261,1.15332,8686
2025-11-19 18:00:00+00:00,1.15332,1.15375,1.15292,1.15299,6202
2025-11-19 19:00:00+00:00,1.153,1.15312,1.15178,1.15211,11106
2025-11-19 20:00:00+00:00,1.15211,1.15287,1.15203,1.15263,4977
2025-11-19 21:00:00+00:00,1.15264,1.1539,1.15231,1.15378,5131
2025-11-19 22:00:00+00:00,1.15389,1.15392,1.15374,1.15384,688
2025-11-19 23:00:00+00:00,1.15384,1.15423,1.15365,1.15395,3431
2025-11-20 00:00:00+00:00,1.15394,1.15394,1.15289,1.15344,5248
2025-11-20 01:00:00+00:00,1.15345,1.15356,1.15224,1.15229,4824
2025-11-20 02:00:00+00:00,1.15229,1.15237,1.15153,1.15203,5046
2025-11-20 03:00:00+00:00,1.15202,1.15225,1.15102,1.15141,4111
2025-11-20 04:00:00+00:00,1.1514,1.15207,1.15131,1.15198,2758
2025-11-20 05:00:00+00:00,1.15197,1.15198,1.15143,1.15158,2916
2025-11-20 06:00:00+00:00,1.15158,1.15233,1.15137,1.152,4350
2025-11-20 07:00:00+00:00,1.15199,1.15229,1.15152,1.15199,6988
2025-11-20 08:00:00+00:00,1.15198,1.15234,1.15114,1.15211,7748
2025-11-20 09:00:00+00:00,1.15212,1.1528,1.15173,1.15275,5623
2025-11-20 10:00:00+00:00,1.15276,1.15296,1.15244,1.15274,4966
2025-11-20 11:00:00+00:00,1.15274,1.15274,1.15132,1.15143,4818
2025-11-20 12:00:00+00:00,1.15143,1.15168,1.15073,1.1511,4902
2025-11-20 13:00:00+00:00,1.1511,1.154,1.15023,1.15278,31866
2025-11-20 14:00:00+00:00,1.15279,1.15501,1.15232,1.15349,20613
2025-11-20 15:00:00+00:00,1.1535,1.15369,1.152,1.15275,11535
2025-11-20 16:00:00+00:00,1.15276,1.15412,1.15276,1.15337,10767
2025-11-20 17:00:00+00:00,1.15338,1.15381,1.15249,1.15288,11407
2025-11-20 18:00:00+00:00,1.15287,1.15367,1.15269,1.15366,5942
2025-11-20 19:00:00+00:00,1.15365,1.15407,1.15355,1.15381,4368
2025-11-20 20:00:00+00:00,1.15382,1.15387,1.1526,1.15262,4350
2025-11-20 21:00:00+00:00,1.15263,1.15289,1.1524,1.1528,3595
2025-11-20 22:00:00+00:00,1.15263,1.1531,1.15258,1.15296,6964
2025-11-20 23:00:00+00:00,1.15299,1.15346,1.15236,1.15337,3655
2025-11-21 00:00:00+00:00,1.15337,1.15362,1.15283,1.15353,3443
2025-11-21 01:00:00+00:00,1.15353,1.15384,1.15325,1.15325,4583
2025-11-21 02:00:00+00:00,1.15327,1.15391,1.15324,1.15358,3595
2025-11-21 03:00:00+00:00,1.15359,1.15379,1.15337,1.15365,2952
2025-11-21 04:00:00+00:00,1.15364,1.15421,1.15361,1.15387,2893
2025-11-21 05:00:00+00:00,1.15387,1.1542,1.15347,1.15352,2413
2025-11-21 06:00:00+00:00,1.15352,1.15468,1.15352,1.15416,4446
2025-11-21 07:00:00+00:00,1.15416,1.15479,1.15389,1.15414,8570
2025-11-21 08:00:00+00:00,1.15414,1.15527,1.15341,1.15411,16690
2025-11-21 09:00:00+00:00,1.15411,1.15429,1.15251,1.15254,8879
2025-11-21 10:00:00+00:00,1.15253,1.15272,1.15125,1.152,9218
2025-11-21 11:00:00+00:00,1.15201,1.15229,1.15045,1.1506,7806
2025-11-21 12:00:00+00:00,1.15059,1.1526,1.14967,1.15247,18712
2025-11-21 13:00:00+00:00,1.15246,1.1527,1.15156,1.15207,11739
2025-11-21 14:00:00+00:00,1.15206,1.15235,1.15054,1.15138,13627
2025-11-21 15:00:00+00:00,1.1514,1.15236,1.1499,1.1503,18534
2025-11-21 16:00:00+00:00,1.1503,1.15054,1.14911,1.15051,10651
2025-11-21 17:00:00+00:00,1.15052,1.1513,1.15006,1.15073,9241
2025-11-21 18:00:00+00:00,1.15074,1.15085,1.15021,1.15044,6277
2025-11-21 19:00:00+00:00,1.15043,1.15179,1.15042,1.15133,4399
2025-11-21 20:00:00+00:00,1.15132,1.15181,1.15091,1.15176,4764
2025-11-21 21:00:00+00:00,1.15177,1.15209,1.15121,1.15155,5725
2025-11-23 22:00:00+00:00,1.15186,1.15186,1.15106,1.15137,1400
2025-11-23 23:00:00+00:00,1.15137,1.15154,1.15061,1.15074,4044
2025-11-24 00:00:00+00:00,1.15074,1.15084,1.1502,1.15069,2289
2025-11-24 01:00:00+00:00,1.1507,1.15131,1.15051,1.15105,3512
2025-11-24 02:00:00+00:00,1.15106,1.15184,1.15105,1.15161,3675
2025-11-24 03:00:00+00:00,1.15162,1.15191,1.15134,1.15162,1863
2025-11-24 04:00:00+00:00,1.15162,1.15218,1.15159,1.15209,1758
2025-11-24 05:00:00+00:00,1.15208,1.15284,1.15208,1.15226,3805
2025-11-24 06:00:00+00:00,1.15225,1.1527,1.15201,1.15209,3714
2025-11-24 07:00:00+00:00,1.15209,1.15226,1.15112,1.15119,5768
2025-11-24 08:00:00+00:00,1.15119,1.15345,1.15097,1.15282,9269
2025-11-24 09:00:00+00:00,1.15281,1.15345,1.15245,1.153,7018
2025-11-24 10:00:00+00:00,1.15299,1.15422,1.15299,1.1541,7013
2025-11-24 11:00:00+00:00,1.1541,1.15471,1.15363,1.15454,5293
2025-11-24 12:00:00+00:00,1.15454,1.15506,1.15363,1.15475,7040
2025-11-24 13:00:00+00:00,1.15476,1.15501,1.15374,1.15386,7946
2025-11-24 14:00:00+00:00,1.15385,1.15413,1.15262,1.1527,11599
2025-11-24 15:00:00+00:00,1.1527,1.15302,1.15168,1.15291,11176
2025-11-24 16:00:00+00:00,1.15291,1.1531,1.15173,1.15178,6374
2025-11-24 17:00:00+00:00,1.15177,1.15198,1.15116,1.15181,5156
2025-11-24 18:00:00+00:00,1.1518,1.15284,1.15174,1.15279,3856
2025-11-24 19:00:00+00:00,1.15278,1.15292,1.15231,1.15277,3817
2025-11-24 20:00:00+00:00,1.15278,1.15284,1.15218,1.15225,4903
2025-11-24 21:00:00+00:00,1.15225,1.15235,1.15194,1.15209,2628
2025-11-24 22:00:00+00:00,1.1521,1.15261,1.15209,1.15251,5653
2025-11-24 23:00:00+00:00,1.15249,1.15252,1.15188,1.15204,2370
2025-11-25 00:00:00+00:00,1.15204,1.15235,1.15188,1.15233,3345
2025-11-25 01:00:00+00:00,1.15233,1.15301,1.15221,1.15258,3914
2025-11-25 02:00:00+00:00,1.15258,1.15286,1.15225,1.15285,2451
2025-11-25 03:00:00+00:00,1.15286,1.15303,1.15172,1.1518,3608
2025-11-25 04:00:00+00:00,1.15179,1.15179,1.15145,1.1515,1979
2025-11-25 05:00:00+00:00,1.15151,1.15185,1.15117,1.15169,2318
2025-11-25 06:00:00+00:00,1.1517,1.15217,1.15148,1.15187,3582
2025-11-25 07:00:00+00:00,1.15188,1.15305,1.1518,1.15228,6489
2025-11-25 08:00:00+00:00,1.15228,1.15337,1.15207,1.15288,8677
2025-11-25 09:00:00+00:00,1.15287,1.15368,1.15273,1.15342,7680
2025-11-25 10:00:00+00:00,1.15341,1.15412,1.15324,1.1539,6587
2025-11-25 11:00:00+00:00,1.1539,1.1539,1.15248,1.15269,4864
2025-11-25 12:00:00+00:00,1.15268,1.15567,1.15255,1.15447,15261
2025-11-25 13:00:00+00:00,1.15448,1.15623,1.15426,1.15584,22802
2025-11-25 14:00:00+00:00,1.15585,1.15721,1.15524,1.15667,18055
2025-11-25 15:00:00+00:00,1.15666,1.15841,1.15618,1.15625,15311
2025-11-25 16:00:00+00:00,1.15624,1.1572,1.15501,1.1553,8290
2025-11-25 17:00:00+00:00,1.15529,1.1584,1.15522,1.15825,22782
2025-11-25 18:00:00+00:00,1.15826,1.1586,1.15767,1.15796,10743
2025-11-25 19:00:00+00:00,1.15797,1.15856,1.1574,1.15839,5327
2025-11-25 20:00:00+00:00,1.15838,1.15845,1.15582,1.1565,8290
2025-11-25 21:00:00+00:00,1.15651,1.15725,1.15645,1.15703,3937
2025-11-25 22:00:00+00:00,1.157,1.1571,1.1568,1.157,946
2025-11-25 23:00:00+00:00,1.15698,1.15734,1.15643,1.15648,2717
2025-11-26 00:00:00+00:00,1.15649,1.15725,1.15633,1.15682,6256
2025-11-26 01:00:00+00:00,1.15682,1.15831,1.15654,1.15773,9032
2025-11-26 02:00:00+00:00,1.15773,1.15867,1.15748,1.15818,6879
2025-11-26 03:00:00+00:00,1.15819,1.15917,1.15809,1.15908,4888
2025-11-26 04:00:00+00:00,1.15907,1.15917,1.15824,1.15837,2849
2025-11-26 05:00:00+00:00,1.15838,1.15913,1.15826,1.1591,3080
2025-11-26 06:00:00+00:00,1.15909,1.1596,1.15838,1.15863,5260
2025-11-26 07:00:00+00:00,1.15864,1.15922,1.15752,1.15794,7830
2025-11-26 08:00:00+00:00,1.15795,1.1581,1.15658,1.15721,9213
2025-11-26 09:00:00+00:00,1.15721,1.15799,1.15684,1.1572,8401
2025-11-26 10:00:00+00:00,1.15721,1.1578,1.15684,1.15736,6230
2025-11-26 11:00:00+00:00,1.15735,1.15812,1.15682,1.15744,12127
2025-11-26 12:00:00+00:00,1.15744,1.15803,1.15693,1.15722,18506
2025-11-26 13:00:00+00:00,1.15723,1.15842,1.15483,1.15525,26688
2025-11-26 14:00:00+00:00,1.15524,1.1582,1.15472,1.1579,15331
2025-11-26 15:00:00+00:00,1.15789,1.15949,1.1578,1.15894,16058
2025-11-26 16:00:00+00:00,1.15895,1.16011,1.15888,1.15904,9752
2025-11-26 17:00:00+00:00,1.15904,1.1594,1.15851,1.15931,7876
2025-11-26 18:00:00+00:00,1.1593,1.15966,1.15892,1.15935,5410
2025-11-26 19:00:00+00:00,1.15935,1.15964,1.15906,1.15938,3823
2025-11-26 20:00:00+00:00,1.15937,1.15975,1.15923,1.15942,3636
2025-11-26 21:00:00+00:00,1.15943,1.15974,1.15937,1.15953,2887
2025-11-26 22:00:00+00:00,1.1593,1.1597,1.1593,1.15951,1924
2025-11-26 23:00:00+00:00,1.15949,1.16023,1.15943,1.1602,3273
2025-11-27 00:00:00+00:00,1.16021,1.16051,1.16,1.16022,3223
2025-11-27 01:00:00+00:00,1.16022,1.16128,1.16008,1.16092,5423
2025-11-27 02:00:00+00:00,1.16093,1.16136,1.16005,1.16038,5152
2025-11-27 03:00:00+00:00,1.16038,1.16067,1.16,1.16022,3018
2025-11-27 04:00:00+00:00,1.16022,1.16053,1.16003,1.16009,2038
2025-11-27 05:00:00+00:00,1.1601,1.16065,1.16009,1.16022,3024
2025-11-27 06:00:00+00:00,1.16022,1.16054,1.15913,1.15926,4944
2025-11-27 07:00:00+00:00,1.15927,1.15938,1.15858,1.15917,4917
2025-11-27 08:00:00+00:00,1.15918,1.15956,1.15869,1.15928,7113
2025-11-27 09:00:00+00:00,1.15927,1.15938,1.15766,1.15776,6680
2025-11-27 10:00:00+00:00,1.15776,1.15852,1.15771,1.1584,4541
2025-11-27 11:00:00+00:00,1.1584,1.15877,1.15787,1.15862,4935
2025-11-27 12:00:00+00:00,1.15861,1.15906,1.15822,1.15833,4342
2025-11-27 13:00:00+00:00,1.15833,1.15971,1.15832,1.1595,6038
2025-11-27 14:00:00+00:00,1.1595,1.1598,1.15905,1.15951,5993
2025-11-27 15:00:00+00:00,1.1595,1.15997,1.15923,1.15942,4985
2025-11-27 16:00:00+00:00,1.15943,1.16005,1.15924,1.15994,3150
2025-11-27 17:00:00+00:00,1.15995,1.16017,1.15918,1.1595,1924
2025-11-27 18:00:00+00:00,1.15951,1.15955,1.15913,1.1592,1070
2025-11-27 19:00:00+00:00,1.1592,1.15962,1.15919,1.15955,979
2025-11-27 20:00:00+00:00,1.15955,1.15964,1.15945,1.1595,828
2025-11-27 21:00:00+00:00,1.15951,1.15972,1.15951,1.1596,1665
2025-11-27 22:00:00+00:00,1.1596,1.15969,1.15948,1.15965,1070
2025-11-27 23:00:00+00:00,1.15961,1.16016,1.15953,1.15998,1612
2025-11-28 00:00:00+00:00,1.15998,1.16021,1.15922,1.15941,5583
2025-11-28 01:00:00+00:00,1.15942,1.15988,1.15816,1.15831,4433
2025-11-28 02:00:00+00:00,1.15832,1.15882,1.15811,1.15844,14742
2025-11-28 03:00:00+00:00,1.15844,1.15908,1.15823,1.15874,35140
2025-11-28 04:00:00+00:00,1.15874,1.15933,1.1584,1.15894,26481
2025-11-28 05:00:00+00:00,1.15896,1.15942,1.15826,1.15888,50744
2025-11-28 06:00:00+00:00,1.15889,1.15904,1.15816,1.1584,86376
2025-11-28 07:00:00+00:00,1.1584,1.15905,1.15756,1.15796,51227
2025-11-28 08:00:00+00:00,1.15785,1.15824,1.15668,1.15699,37221
2025-11-28 09:00:00+00:00,1.15701,1.158,1.15668,1.15688,59442
2025-11-28 10:00:00+00:00,1.15689,1.15706,1.15552,1.15593,31130
2025-11-28 11:00:00+00:00,1.15594,1.1569,1.15558,1.15682,28256
2025-11-28 12:00:00+00:00,1.15683,1.15729,1.15617,1.15663,26348
2025-11-28 13:00:00+00:00,1.15663,1.15787,1.15627,1.15747,31918
2025-11-28 14:00:00+00:00,1.15748,1.15851,1.15713,1.15846,12754
2025-11-28 15:00:00+00:00,1.15846,1.16076,1.15794,1.16075,18420
2025-11-28 16:00:00+00:00,1.16074,1.16075,1.15928,1.15991,16180
2025-11-28 17:00:00+00:00,1.15991,1.16044,1.15933,1.16028,5611
2025-11-28 18:00:00+00:00,1.16028,1.16047,1.15959,1.16016,5074
2025-11-28 19:00:00+00:00,1.16017,1.1604,1.16008,1.16023,3251
2025-11-28 20:00:00+00:00,1.16024,1.16045,1.16006,1.16006,3418
2025-11-28 21:00:00+00:00,1.16006,1.16046,1.15965,1.15965,3010
2025-11-30 22:00:00+00:00,1.15944,1.16001,1.15933,1.1599,5256
2025-11-30 23:00:00+00:00,1.15987,1.16079,1.15959,1.16011,4729
2025-12-01 00:00:00+00:00,1.16012,1.16073,1.15977,1.16033,6503
2025-12-01 01:00:00+00:00,1.16032,1.1616,1.16005,1.16053,10128
2025-12-01 02:00:00+00:00,1.16052,1.16058,1.15929,1.15951,5884
2025-12-01 03:00:00+00:00,1.15952,1.15977,1.15895,1.1597,3663
2025-12-01 04:00:00+00:00,1.1597,1.16027,1.15947,1.15987,2831
2025-12-01 05:00:00+00:00,1.15986,1.16016,1.15948,1.1598,4358
2025-12-01 06:00:00+00:00,1.15979,1.1599,1.15905,1.15964,5857
2025-12-01 07:00:00+00:00,1.15964,1.16131,1.15956,1.16072,8460
2025-12-01 08:00:00+00:00,1.16071,1.16221,1.16042,1.16134,12372
2025-12-01 09:00:00+00:00,1.16134,1.16236,1.16134,1.16223,9840
2025-12-01 10:00:00+00:00,1.16224,1.16286,1.16189,1.16277,8579
2025-12-01 11:00:00+00:00,1.16276,1.16323,1.16241,1.16279,7462
2025-12-01 12:00:00+00:00,1.16278,1.1649,1.16266,1.16489,8163
2025-12-01 13:00:00+00:00,1.16489,1.16526,1.16395,1.16449,12989
2025-12-01 14:00:00+00:00,1.16449,1.16452,1.16302,1.16325,15339
2025-12-01 15:00:00+00:00,1.16324,1.16408,1.16227,1.1629,15535
2025-12-01 16:00:00+00:00,1.16291,1.16345,1.16209,1.16229,9401
2025-12-01 17:00:00+00:00,1.16229,1.16289,1.1618,1.16207,5713
2025-12-01 18:00:00+00:00,1.16208,1.16236,1.16117,1.1612,5430
2025-12-01 19:00:00+00:00,1.16119,1.16124,1.16072,1.16086,3933
2025-12-01 20:00:00+00:00,1.16085,1.16102,1.16065,1.16096,3568
2025-12-01 21:00:00+00:00,1.16096,1.1611,1.1608,1.161,2527
2025-12-01 22:00:00+00:00,1.16099,1.161,1.16076,1.16089,345
2025-12-01 23:00:00+00:00,1.16088,1.16102,1.16067,1.16068,1010
2025-12-02 00:00:00+00:00,1.16068,1.16095,1.1604,1.16058,2900
2025-12-02 01:00:00+00:00,1.16058,1.16112,1.16039,1.16093,3297
2025-12-02 02:00:00+00:00,1.16092,1.16121,1.16088,1.1612,1924
2025-12-02 03:00:00+00:00,1.16119,1.16128,1.16089,1.16122,1858
2025-12-02 04:00:00+00:00,1.16123,1.16142,1.1609,1.1609,1879
2025-12-02 05:00:00+00:00,1.16089,1.16112,1.16072,1.161,2032
2025-12-02 06:00:00+00:00,1.16099,1.16111,1.1605,1.16097,2940
2025-12-02 07:00:00+00:00,1.16096,1.16164,1.16088,1.16127,6118
2025-12-02 08:00:00+00:00,1.16128,1.16163,1.1609,1.16107,6820
2025-12-02 09:00:00+00:00,1.16107,1.16142,1.16024,1.16102,6540
2025-12-02 10:00:00+00:00,1.16103,1.16125,1.15984,1.16066,6772
2025-12-02 11:00:00+00:00,1.16067,1.1613,1.16036,1.16118,4673
2025-12-02 12:00:00+00:00,1.16119,1.16195,1.16074,1.16177,5794
2025-12-02 13:00:00+00:00,1.16178,1.16196,1.16112,1.16176,5772
2025-12-02 14:00:00+00:00,1.16177,1.16233,1.16134,1.16179,10976
2025-12-02 15:00:00+00:00,1.16177,1.16188,1.15933,1.16062,16032
2025-12-02 16:00:00+00:00,1.16063,1.16098,1.15914,1.15955,11863
2025-12-02 17:00:00+00:00,1.15955,1.1608,1.15929,1.16073,7050
2025-12-02 18:00:00+00:00,1.16073,1.16135,1.16057,1.16087,4348
2025-12-02 19:00:00+00:00,1.16088,1.16249,1.16088,1.16207,6308
2025-12-02 20:00:00+00:00,1.16206,1.16261,1.16197,1.16246,4774
2025-12-02 21:00:00+00:00,1.16245,1.16259,1.16212,1.1624,3662
2025-12-02 22:00:00+00:00,1.16227,1.16252,1.16212,1.16242,1080
2025-12-02 23:00:00+00:00,1.16243,1.16291,1.16241,1.16284,1667
2025-12-03 00:00:00+00:00,1.16283,1.16333,1.16279,1.16309,4210
2025-12-03 01:00:00+00:00,1.16308,1.16377,1.16306,1.1637,3597
2025-12-03 02:00:00+00:00,1.16371,1.16387,1.16355,1.16382,1921
2025-12-03 03:00:00+00:00,1.16382,1.1639,1.16371,1.16378,1157
2025-12-03 04:00:00+00:00,1.16378,1.16422,1.16362,1.16412,1498
2025-12-03 05:00:00+00:00,1.16413,1.16438,1.16409,1.16427,1918
2025-12-03 06:00:00+00:00,1.16428,1.1648,1.16417,1.1643,3232
2025-12-03 07:00:00+00:00,1.16431,1.16529,1.16395,1.16415,8049
2025-12-03 08:00:00+00:00,1.16415,1.16458,1.16358,1.1644,7812
2025-12-03 09:00:00+00:00,1.1644,1.1648,1.16401,1.16456,8238
2025-12-03 10:00:00+00:00,1.16457,1.16638,1.16451,1.16606,7700
2025-12-03 11:00:00+00:00,1.16606,1.16658,1.16551,1.16656,5469
2025-12-03 12:00:00+00:00,1.16655,1.16696,1.16623,1.16631,5264
2025-12-03 13:00:00+00:00,1.1663,1.1676,1.16619,1.16664,12624
2025-12-03 14:00:00+00:00,1.16664,1.1667,1.16557,1.16625,14393
2025-12-03 15:00:00+00:00,1.16623,1.16683,1.16545,1.16597,21610
2025-12-03 16:00:00+00:00,1.16597,1.16664,1.16585,1.16595,10488
2025-12-03 17:00:00+00:00,1.16596,1.16708,1.16576,1.16687,5082
2025-12-03 18:00:00+00:00,1.16687,1.16757,1.16684,1.16719,4892
2025-12-03 19:00:00+00:00,1.16719,1.16779,1.16712,1.16729,2868
2025-12-03 20:00:00+00:00,1.16727,1.1673,1.16651,1.16657,2791
2025-12-03 21:00:00+00:00,1.16656,1.1672,1.16644,1.16711,2837
2025-12-03 22:00:00+00:00,1.16715,1.16751,1.16711,1.16712,885
2025-12-03 23:00:00+00:00,1.16712,1.16724,1.16635,1.16665,1994
2025-12-04 00:00:00+00:00,1.16664,1.16674,1.16594,1.16629,3020
2025-12-04 01:00:00+00:00,1.16629,1.1665,1.16589,1.16633,3890
2025-12-04 02:00:00+00:00,1.16633,1.16641,1.1659,1.16603,3144
2025-12-04 03:00:00+00:00,1.16604,1.16604,1.16534,1.16559,3203
2025-12-04 04:00:00+00:00,1.16559,1.16585,1.16554,1.16573,2761
2025-12-04 05:00:00+00:00,1.16574,1.16623,1.16563,1.16598,4999
2025-12-04 06:00:00+00:00,1.16598,1.166,1.16531,1.16582,4983
2025-12-04 07:00:00+00:00,1.16583,1.16655,1.16553,1.16654,5556
2025-12-04 08:00:00+00:00,1.16655,1.1682,1.16635,1.16768,12174
2025-12-04 09:00:00+00:00,1.16768,1.16804,1.16734,1.16777,8181
2025-12-04 10:00:00+00:00,1.16778,1.16798,1.16637,1.16666,6435
2025-12-04 11:00:00+00:00,1.16665,1.16809,1.16652,1.16803,6840
2025-12-04 12:00:00+00:00,1.16804,1.16809,1.16654,1.16701,6860
2025-12-04 13:00:00+00:00,1.16702,1.16713,1.1652,1.16649,15368
2025-12-04 14:00:00+00:00,1.16649,1.1677,1.16644,1.167,13497
2025-12-04 15:00:00+00:00,1.167,1.16748,1.16581,1.16735,11152
2025-12-04 16:00:00+00:00,1.16734,1.16736,1.16535,1.16589,9222
2025-12-04 17:00:00+00:00,1.16588,1.16599,1.16531,1.16562,4680
2025-12-04 18:00:00+00:00,1.16561,1.16599,1.16538,1.16545,3798
2025-12-04 19:00:00+00:00,1.16544,1.16557,1.16502,1.16527,4616
2025-12-04 20:00:00+00:00,1.16526,1.16526,1.16411,1.16442,4481
2025-12-04 21:00:00+00:00,1.16441,1.16461,1.16411,1.16446,3076
2025-12-04 22:00:00+00:00,1.16456,1.16459,1.1644,1.16447,480
2025-12-04 23:00:00+00:00,1.16447,1.16449,1.16412,1.16435,1618
2025-12-05 00:00:00+00:00,1.16435,1.16504,1.16435,1.165,3014
2025-12-05 01:00:00+00:00,1.16501,1.16538,1.16497,1.16536,3219
2025-12-05 02:00:00+00:00,1.16535,1.16545,1.16512,1.1652,2172
2025-12-05 03:00:00+00:00,1.1652,1.1652,1.16465,1.1649,1957
2025-12-05 04:00:00+00:00,1.16489,1.16543,1.16488,1.16535,3373
2025-12-05 05:00:00+00:00,1.16535,1.16593,1.16532,1.16592,3181
2025-12-05 06:00:00+00:00,1.16593,1.16617,1.16554,1.16595,2744
2025-12-05 07:00:00+00:00,1.16594,1.16719,1.16586,1.16631,7656
2025-12-05 08:00:00+00:00,1.16631,1.16643,1.16524,1.16539,8573
2025-12-05 09:00:00+00:00,1.16539,1.16554,1.16482,1.16546,6312
2025-12-05 10:00:00+00:00,1.16547,1.16569,1.16479,1.16512,4990
2025-12-05 11:00:00+00:00,1.16511,1.16525,1.16417,1.16464,5341
2025-12-05 12:00:00+00:00,1.16463,1.16534,1.16437,1.16518,6657
2025-12-05 13:00:00+00:00,1.16518,1.16541,1.16436,1.16518,8405
2025-12-05 14:00:00+00:00,1.16518,1.16603,1.16457,1.16502,12277
2025-12-05 15:00:00+00:00,1.16503,1.1659,1.16438,1.16481,14900
2025-12-05 16:00:00+00:00,1.16482,1.16491,1.16281,1.16343,15377
2025-12-05 17:00:00+00:00,1.16343,1.16442,1.16326,1.16442,7025
2025-12-05 18:00:00+00:00,1.16442,1.16487,1.16422,1.16428,3912
2025-12-05 19:00:00+00:00,1.16428,1.16442,1.16401,1.16432,3279
2025-12-05 20:00:00+00:00,1.16431,1.16447,1.16399,1.16442,3650
2025-12-05 21:00:00+00:00,1.16442,1.16473,1.16401,1.16425,5540
2025-12-07 22:00:00+00:00,1.16404,1.16462,1.16393,1.16459,1235
2025-12-07 23:00:00+00:00,1.1646,1.16472,1.16394,1.16406,4236
2025-12-08 00:00:00+00:00,1.16407,1.16515,1.16396,1.16511,4457
2025-12-08 01:00:00+00:00,1.16512,1.16532,1.16456,1.16518,4997
2025-12-08 02:00:00+00:00,1.16518,1.16544,1.16488,1.16538,3432
2025-12-08 03:00:00+00:00,1.16539,1.16555,1.16499,1.16502,2968
2025-12-08 04:00:00+00:00,1.16503,1.16556,1.16498,1.16545,2139
2025-12-08 05:00:00+00:00,1.16546,1.16564,1.16526,1.16561,2480
2025-12-08 06:00:00+00:00,1.16562,1.16721,1.16561,1.16609,8517
2025-12-08 07:00:00+00:00,1.16611,1.1668,1.1655,1.16582,6357
2025-12-08 08:00:00+00:00,1.16583,1.16624,1.16482,1.16561,8147
2025-12-08 09:00:00+00:00,1.1656,1.16578,1.1648,1.16488,6542
2025-12-08 10:00:00+00:00,1.16487,1.16557,1.16478,1.16509,5757
2025-12-08 11:00:00+00:00,1.16509,1.16536,1.16467,1.16504,6500
2025-12-08 12:00:00+00:00,1.16503,1.16539,1.16477,1.16533,5685
2025-12-08 13:00:00+00:00,1.16534,1.16575,1.16456,1.16484,8004
2025-12-08 14:00:00+00:00,1.16485,1.16549,1.16379,1.16402,12387
2025-12-08 15:00:00+00:00,1.16402,1.16402,1.16172,1.16251,14297
2025-12-08 16:00:00+00:00,1.16251,1.16287,1.16164,1.1625,9904
2025-12-08 17:00:00+00:00,1.16249,1.16393,1.16199,1.16391,8785
2025-12-08 18:00:00+00:00,1.16392,1.16422,1.16343,1.16374,5193
2025-12-08 19:00:00+00:00,1.16374,1.16418,1.16363,1.16394,5366
2025-12-08 20:00:00+00:00,1.16394,1.16419,1.16375,1.16381,2693
2025-12-08 21:00:00+00:00,1.16383,1.16388,1.16353,1.16374,3259
2025-12-08 22:00:00+00:00,1.16361,1.1638,1.16356,1.16361,2566
2025-12-08 23:00:00+00:00,1.1636,1.16409,1.16358,1.16408,1264
2025-12-09 00:00:00+00:00,1.16408,1.1643,1.16369,1.16386,2137
2025-12-09 01:00:00+00:00,1.16387,1.16476,1.16361,1.16472,3493
2025-12-09 02:00:00+00:00,1.16473,1.16484,1.16437,1.16459,2293
2025-12-09 03:00:00+00:00,1.16459,1.16489,1.16438,1.16457,3262
2025-12-09 04:00:00+00:00,1.16457,1.16471,1.16437,1.16468,1964
2025-12-09 05:00:00+00:00,1.16469,1.16505,1.16442,1.16489,2754
2025-12-09 06:00:00+00:00,1.16487,1.16492,1.1642,1.1644,4213
2025-12-09 07:00:00+00:00,1.1644,1.16463,1.16382,1.16399,5251
2025-12-09 08:00:00+00:00,1.16401,1.16497,1.16336,1.1645,7418
2025-12-09 09:00:00+00:00,1.16449,1.16574,1.16437,1.16525,7627
2025-12-09 10:00:00+00:00,1.16524,1.16544,1.16405,1.16447,5723
2025-12-09 11:00:00+00:00,1.16448,1.16477,1.16381,1.16437,6011
2025-12-09 12:00:00+00:00,1.16435,1.16444,1.16344,1.16378,6331
2025-12-09 13:00:00+00:00,1.16378,1.164,1.16291,1.16346,8320
2025-12-09 14:00:00+00:00,1.16345,1.16387,1.16282,1.16378,12323
2025-12-09 15:00:00+00:00,1.16377,1.1638,1.16151,1.16288,17247
2025-12-09 16:00:00+00:00,1.16287,1.16412,1.16287,1.16383,6673
2025-12-09 17:00:00+00:00,1.16384,1.16398,1.16221,1.16242,6179
2025-12-09 18:00:00+00:00,1.16241,1.16249,1.1617,1.16244,3994
2025-12-09 19:00:00+00:00,1.16245,1.16301,1.16222,1.16288,3176
2025-12-09 20:00:00+00:00,1.16287,1.16322,1.16267,1.16269,2433
2025-12-09 21:00:00+00:00,1.16268,1.16294,1.16237,1.16283,3454
2025-12-09 22:00:00+00:00,1.16287,1.16288,1.16255,1.16268,2410
2025-12-09 23:00:00+00:00,1.16266,1.16287,1.16249,1.16281,1880
2025-12-10 00:00:00+00:00,1.16282,1.16289,1.16245,1.16263,2937
2025-12-10 01:00:00+00:00,1.16263,1.16287,1.16225,1.16239,2820
2025-12-10 02:00:00+00:00,1.16238,1.16285,1.16233,1.16238,2004
2025-12-10 03:00:00+00:00,1.16238,1.16274,1.16217,1.16265,2154
2025-12-10 04:00:00+00:00,1.16266,1.16292,1.16252,1.16275,1283
2025-12-10 05:00:00+00:00,1.16275,1.1631,1.16266,1.16298,1808
2025-12-10 06:00:00+00:00,1.16299,1.16357,1.16287,1.16354,2445
2025-12-10 07:00:00+00:00,1.16355,1.16495,1.16345,1.16482,7200
2025-12-10 08:00:00+00:00,1.16483,1.16578,1.16436,1.16527,8510
2025-12-10 09:00:00+00:00,1.16528,1.16531,1.16356,1.16367,7742
2025-12-10 10:00:00+00:00,1.16366,1.16396,1.16276,1.16345,6484
2025-12-10 11:00:00+00:00,1.16345,1.16384,1.163,1.16351,4650
2025-12-10 12:00:00+00:00,1.16352,1.16424,1.1633,1.16393,4122
2025-12-10 13:00:00+00:00,1.16394,1.16419,1.16277,1.16402,9054
2025-12-10 14:00:00+00:00,1.16401,1.16451,1.16339,1.16433,12826
2025-12-10 15:00:00+00:00,1.16433,1.16514,1.16347,1.16421,11098
2025-12-10 16:00:00+00:00,1.1642,1.165,1.16372,1.165,6466
2025-12-10 17:00:00+00:00,1.16499,1.16603,1.16457,1.16588,5246
2025-12-10 18:00:00+00:00,1.16588,1.16611,1.16537,1.16557,5167
2025-12-10 19:00:00+00:00,1.16558,1.16813,1.16468,1.16782,61707
2025-12-10 20:00:00+00:00,1.16782,1.16999,1.16738,1.16941,24274
2025-12-10 21:00:00+00:00,1.16941,1.16958,1.16896,1.16953,5077
2025-12-10 22:00:00+00:00,1.16918,1.16955,1.16894,1.16952,9403
2025-12-10 23:00:00+00:00,1.1695,1.17029,1.1695,1.17016,2757
2025-12-11 00:00:00+00:00,1.17017,1.17049,1.16972,1.17021,5435
2025-12-11 01:00:00+00:00,1.17022,1.17075,1.17004,1.17019,5125
2025-12-11 02:00:00+00:00,1.17018,1.17063,1.16934,1.16941,4500
2025-12-11 03:00:00+00:00,1.1694,1.16976,1.16903,1.1691,3644
2025-12-11 04:00:00+00:00,1.16909,1.16917,1.16856,1.16905,2584
2025-12-11 05:00:00+00:00,1.16905,1.16923,1.16847,1.16855,2621
2025-12-11 06:00:00+00:00,1.16856,1.16898,1.16824,1.16891,3642
2025-12-11 07:00:00+00:00,1.16891,1.17012,1.16875,1.16935,6471
2025-12-11 08:00:00+00:00,1.16936,1.17067,1.16935,1.16972,7881
2025-12-11 09:00:00+00:00,1.16973,1.17035,1.16873,1.17021,8354
2025-12-11 10:00:00+00:00,1.17022,1.17078,1.16989,1.17072,6529
2025-12-11 11:00:00+00:00,1.17073,1.17179,1.17062,1.17131,5229
2025-12-11 12:00:00+00:00,1.17131,1.17194,1.17099,1.17169,5684
2025-12-11 13:00:00+00:00,1.17168,1.17365,1.17133,1.17311,14299
2025-12-11 14:00:00+00:00,1.1731,1.17485,1.17304,1.17377,13535
2025-12-11 15:00:00+00:00,1.17377,1.17571,1.17317,1.17565,14502
2025-12-11 16:00:00+00:00,1.17566,1.17595,1.17463,1.17554,10281
2025-12-11 17:00:00+00:00,1.17553,1.17628,1.17499,1.17552,7437
2025-12-11 18:00:00+00:00,1.17552,1.17594,1.17511,1.17537,5654
2025-12-11 19:00:00+00:00,1.17535,1.17537,1.17405,1.17411,4972
2025-12-11 20:00:00+00:00,1.17411,1.17459,1.17365,1.17412,4543
2025-12-11 21:00:00+00:00,1.17411,1.17434,1.17372,1.17381,3392
2025-12-11 22:00:00+00:00,1.1739,1.17403,1.17383,1.17393,2163
2025-12-11 23:00:00+00:00,1.17391,1.17418,1.17372,1.17409,2057
2025-12-12 00:00:00+00:00,1.1741,1.17446,1.17391,1.17406,5297
2025-12-12 01:00:00+00:00,1.17405,1.17463,1.17325,1.17349,5339
2025-12-12 02:00:00+00:00,1.17349,1.17378,1.17313,1.17363,3420
2025-12-12 03:00:00+00:00,1.17362,1.17376,1.17332,1.17344,2017
2025-12-12 04:00:00+00:00,1.17345,1.17357,1.17313,1.17318,2201
2025-12-12 05:00:00+00:00,1.17318,1.17394,1.17317,1.17388,1873
2025-12-12 06:00:00+00:00,1.17388,1.1742,1.17339,1.17391,3478
2025-12-12 07:00:00+00:00,1.1739,1.17434,1.17358,1.17379,6932
2025-12-12 08:00:00+00:00,1.17379,1.17423,1.17282,1.17283,9271
2025-12-12 09:00:00+00:00,1.17282,1.17348,1.17269,1.17329,6924
2025-12-12 10:00:00+00:00,1.17329,1.17332,1.17245,1.17275,5298
2025-12-12 11:00:00+00:00,1.17274,1.17293,1.17225,1.17268,3628
2025-12-12 12:00:00+00:00,1.17268,1.17281,1.17195,1.17251,5456
2025-12-12 13:00:00+00:00,1.17251,1.17355,1.1724,1.17274,7821
2025-12-12 14:00:00+00:00,1.17273,1.17436,1.17232,1.17422,10618
2025-12-12 15:00:00+00:00,1.17423,1.17451,1.17297,1.17383,11808
2025-12-12 16:00:00+00:00,1.17382,1.17434,1.17262,1.17312,10098
2025-12-12 17:00:00+00:00,1.1731,1.17482,1.17302,1.17478,6188
2025-12-12 18:00:00+00:00,1.17478,1.17499,1.17405,1.17415,4985
2025-12-12 19:00:00+00:00,1.17414,1.17414,1.17355,1.17405,3611
2025-12-12 20:00:00+00:00,1.17405,1.17466,1.1737,1.17393,4961
2025-12-12 21:00:00+00:00,1.17393,1.17452,1.17384,1.17395,5461
2025-12-14 22:00:00+00:00,1.17359,1.1739,1.17359,1.17379,1598
2025-12-14 23:00:00+00:00,1.1738,1.17407,1.17356,1.17371,2133
2025-12-15 00:00:00+00:00,1.17372,1.17373,1.17285,1.17332,3232
2025-12-15 01:00:00+00:00,1.17333,1.17425,1.17296,1.17415,3852
2025-12-15 02:00:00+00:00,1.17414,1.17449,1.17371,1.17415,4248
2025-12-15 03:00:00+00:00,1.17414,1.17449,1.17319,1.17343,3081
2025-12-15 04:00:00+00:00,1.17342,1.17358,1.1732,1.17324,2502
2025-12-15 05:00:00+00:00,1.17325,1.17358,1.17322,1.17344,2817
2025-12-15 06:00:00+00:00,1.17344,1.17365,1.17289,1.17353,4770
2025-12-15 07:00:00+00:00,1.17353,1.17381,1.1728,1.17285,6003
2025-12-15 08:00:00+00:00,1.17283,1.17388,1.17265,1.17313,7118
2025-12-15 09:00:00+00:00,1.17312,1.17436,1.17306,1.17434,6686
2025-12-15 10:00:00+00:00,1.17434,1.17467,1.17392,1.17429,4799
2025-12-15 11:00:00+00:00,1.17429,1.17501,1.17414,1.17489,3354
2025-12-15 12:00:00+00:00,1.17488,1.17593,1.17486,1.17529,5384
2025-12-15 13:00:00+00:00,1.1753,1.176,1.17472,1.17474,8673
2025-12-15 14:00:00+00:00,1.17474,1.17642,1.17442,1.17637,12587
2025-12-15 15:00:00+00:00,1.17638,1.1769,1.17547,1.1763,17263
2025-12-15 16:00:00+00:00,1.17629,1.17648,1.17522,1.17556,9857
2025-12-15 17:00:00+00:00,1.17555,1.17559,1.17449,1.17458,5710
2025-12-15 18:00:00+00:00,1.17458,1.17483,1.17392,1.17432,4390
2025-12-15 19:00:00+00:00,1.17432,1.175,1.17385,1.17489,3710
2025-12-15 20:00:00+00:00,1.17488,1.17519,1.17476,1.17511,2754
2025-12-15 21:00:00+00:00,1.1751,1.1754,1.17491,1.17528,2893
2025-12-15 22:00:00+00:00,1.1752,1.17539,1.17486,1.17513,20218
2025-12-15 23:00:00+00:00,1.17516,1.17558,1.17513,1.17536,1116
2025-12-16 00:00:00+00:00,1.17537,1.17581,1.17484,1.17499,2839
2025-12-16 01:00:00+00:00,1.17498,1.17554,1.17467,1.17519,4899
2025-12-16 02:00:00+00:00,1.1752,1.17566,1.17502,1.17557,2828
2025-12-16 03:00:00+00:00,1.17556,1.17593,1.17502,1.17519,2330
2025-12-16 04:00:00+00:00,1.17519,1.1754,1.17501,1.17512,2189
2025-12-16 05:00:00+00:00,1.17512,1.17542,1.17493,1.17506,2147
2025-12-16 06:00:00+00:00,1.17505,1.17538,1.17465,1.17527,2942
2025-12-16 07:00:00+00:00,1.17526,1.17544,1.17444,1.17525,5225
2025-12-16 08:00:00+00:00,1.17526,1.17642,1.17467,1.17544,10980
2025-12-16 09:00:00+00:00,1.17544,1.17622,1.17502,1.17562,8047
2025-12-16 10:00:00+00:00,1.17562,1.17618,1.17538,1.17574,6005
2025-12-16 11:00:00+00:00,1.17575,1.17633,1.17517,1.17633,5050
2025-12-16 12:00:00+00:00,1.17634,1.17788,1.17607,1.1778,6435
2025-12-16 13:00:00+00:00,1.1778,1.1795,1.1757,1.17757,36942
2025-12-16 14:00:00+00:00,1.17758,1.18001,1.17689,1.17998,18968
2025-12-16 15:00:00+00:00,1.17997,1.18041,1.17675,1.17702,20088
2025-12-16 16:00:00+00:00,1.177,1.17759,1.17612,1.17691,10451
2025-12-16 17:00:00+00:00,1.17692,1.17781,1.17625,1.17639,6229
2025-12-16 18:00:00+00:00,1.1764,1.1764,1.17453,1.17531,6758
2025-12-16 19:00:00+00:00,1.17532,1.17624,1.17339,1.17578,10370
2025-12-16 20:00:00+00:00,1.17577,1.17631,1.17466,1.17479,5938
2025-12-16 21:00:00+00:00,1.17478,1.17515,1.17458,1.17468,3045
2025-12-16 22:00:00+00:00,1.17476,1.1749,1.17474,1.17481,1407
2025-12-16 23:00:00+00:00,1.17482,1.17515,1.17481,1.17494,1584
2025-12-17 00:00:00+00:00,1.17495,1.17517,1.17454,1.17503,2825
2025-12-17 01:00:00+00:00,1.17502,1.17523,1.17452,1.17472,5021
2025-12-17 02:00:00+00:00,1.17473,1.1748,1.17373,1.174,5026
2025-12-17 03:00:00+00:00,1.174,1.17407,1.17369,1.17391,2542
2025-12-17 04:00:00+00:00,1.17392,1.17398,1.17277,1.17297,3133
2025-12-17 05:00:00+00:00,1.17296,1.17309,1.17249,1.17292,3710
2025-12-17 06:00:00+00:00,1.17292,1.17307,1.17066,1.17099,7460
2025-12-17 07:00:00+00:00,1.171,1.17135,1.17032,1.1713,12561
2025-12-17 08:00:00+00:00,1.17131,1.17211,1.1706,1.17187,9603
2025-12-17 09:00:00+00:00,1.17187,1.17208,1.17116,1.17161,9637
2025-12-17 10:00:00+00:00,1.1716,1.17254,1.17128,1.17253,7758
2025-12-17 11:00:00+00:00,1.17253,1.17276,1.17078,1.17093,7773
2025-12-17 12:00:00+00:00,1.17093,1.17276,1.17087,1.17267,6783
2025-12-17 13:00:00+00:00,1.17268,1.17334,1.17199,1.17319,15334
2025-12-17 14:00:00+00:00,1.17319,1.17444,1.17282,1.17412,14737
2025-12-17 15:00:00+00:00,1.17411,1.17583,1.17404,1.17529,14807
2025-12-17 16:00:00+00:00,1.17529,1.17563,1.17455,1.17472,11261
2025-12-17 17:00:00+00:00,1.17471,1.17549,1.17456,1.17494,6070
2025-12-17 18:00:00+00:00,1.17494,1.17556,1.17426,1.17443,6393
2025-12-17 19:00:00+00:00,1.17442,1.17474,1.17415,1.1745,4485
2025-12-17 20:00:00+00:00,1.1745,1.17463,1.17385,1.17397,3823
2025-12-17 21:00:00+00:00,1.17398,1.17417,1.17387,1.17406,2621
2025-12-17 22:00:00+00:00,1.17413,1.1744,1.17395,1.17401,1639
2025-12-17 23:00:00+00:00,1.17402,1.17434,1.17399,1.17416,1304
2025-12-18 00:00:00+00:00,1.17417,1.17458,1.17404,1.17442,2952
2025-12-18 01:00:00+00:00,1.17441,1.17456,1.17352,1.17386,4363
2025-12-18 02:00:00+00:00,1.17386,1.17427,1.1737,1.17409,3948
2025-12-18 03:00:00+00:00,1.17409,1.17421,1.17375,1.17392,1998
2025-12-18 04:00:00+00:00,1.17392,1.1743,1.17384,1.17429,1998
2025-12-18 05:00:00+00:00,1.1743,1.1747,1.17413,1.1746,3320
2025-12-18 06:00:00+00:00,1.17459,1.17474,1.17388,1.17443,3776
2025-12-18 07:00:00+00:00,1.17442,1.17497,1.17336,1.17338,5933
2025-12-18 08:00:00+00:00,1.17337,1.17373,1.17281,1.17323,8404
2025-12-18 09:00:00+00:00,1.17322,1.17329,1.17173,1.17221,8382
2025-12-18 10:00:00+00:00,1.17219,1.17269,1.17177,1.17248,5351
2025-12-18 11:00:00+00:00,1.17249,1.17275,1.17205,1.17207,5432
2025-12-18 12:00:00+00:00,1.17207,1.17234,1.17122,1.17139,9991
2025-12-18 13:00:00+00:00,1.1714,1.1763,1.17131,1.17469,36183
2025-12-18 14:00:00+00:00,1.17468,1.17557,1.17327,1.17348,24821
2025-12-18 15:00:00+00:00,1.17348,1.17405,1.17161,1.17271,19477
2025-12-18 16:00:00+00:00,1.1727,1.17461,1.17256,1.17281,12682
2025-12-18 17:00:00+00:00,1.17282,1.17289,1.17153,1.1719,9577
2025-12-18 18:00:00+00:00,1.17191,1.1725,1.17154,1.17196,5300
2025-12-18 19:00:00+00:00,1.17196,1.17278,1.1718,1.17253,5108
2025-12-18 20:00:00+00:00,1.17252,1.17279,1.17204,1.17222,3611
2025-12-18 21:00:00+00:00,1.17222,1.17254,1.17212,1.17223,2291
2025-12-18 22:00:00+00:00,1.17201,1.17266,1.17201,1.1725,3330
2025-12-18 23:00:00+00:00,1.17251,1.17279,1.17238,1.17249,1215
2025-12-19 00:00:00+00:00,1.17249,1.17268,1.17217,1.17265,2548
2025-12-19 01:00:00+00:00,1.17265,1.17288,1.17204,1.17244,2811
2025-12-19 02:00:00+00:00,1.17244,1.17286,1.17212,1.17228,2265
2025-12-19 03:00:00+00:00,1.17228,1.17259,1.17185,1.17213,4178
2025-12-19 04:00:00+00:00,1.17213,1.17229,1.17156,1.17179,2076
2025-12-19 05:00:00+00:00,1.1718,1.17209,1.1718,1.172,2465
2025-12-19 06:00:00+00:00,1.172,1.17216,1.17119,1.17198,5970
2025-12-19 07:00:00+00:00,1.17198,1.17206,1.17034,1.17077,8849
2025-12-19 08:00:00+00:00,1.17078,1.17164,1.17063,1.17127,8461
2025-12-19 09:00:00+00:00,1.17126,1.17178,1.17089,1.17123,8247
2025-12-19 10:00:00+00:00,1.17123,1.17179,1.17089,1.17166,7181
2025-12-19 11:00:00+00:00,1.17165,1.17179,1.17077,1.17113,6225
2025-12-19 12:00:00+00:00,1.17113,1.17153,1.17078,1.17101,5400
2025-12-19 13:00:00+00:00,1.17102,1.17194,1.17026,1.17194,11539
2025-12-19 14:00:00+00:00,1.17195,1.17378,1.1719,1.17265,11900
2025-12-19 15:00:00+00:00,1.17266,1.17285,1.17095,1.17097,12395
2025-12-19 16:00:00+00:00,1.17096,1.17211,1.17084,1.1721,9292
2025-12-19 17:00:00+00:00,1.17209,1.1721,1.17136,1.17193,4603
2025-12-19 18:00:00+00:00,1.17194,1.17274,1.17182,1.17201,4949
2025-12-19 19:00:00+00:00,1.172,1.17252,1.17164,1.17237,5157
2025-12-19 20:00:00+00:00,1.17236,1.17257,1.17065,1.17099,3811
2025-12-19 21:00:00+00:00,1.171,1.1714,1.17062,1.17099,6614
2025-12-21 22:00:00+00:00,1.17201,1.17201,1.1713,1.17147,12014
2025-12-21 23:00:00+00:00,1.17151,1.1717,1.17061,1.17103,5853
2025-12-22 00:00:00+00:00,1.17103,1.17162,1.17095,1.17159,7918
2025-12-22 01:00:00+00:00,1.1716,1.17195,1.17137,1.17174,3442
2025-12-22 02:00:00+00:00,1.17175,1.17195,1.17152,1.17165,2080
2025-12-22 03:00:00+00:00,1.17165,1.17184,1.17136,1.17177,2094
2025-12-22 04:00:00+00:00,1.17177,1.17218,1.17163,1.17202,1944
2025-12-22 05:00:00+00:00,1.17202,1.17221,1.17157,1.17174,2138
2025-12-22 06:00:00+00:00,1.17174,1.17193,1.1713,1.1716,3060
2025-12-22 07:00:00+00:00,1.17159,1.1731,1.17151,1.1729,5472
2025-12-22 08:00:00+00:00,1.17291,1.17383,1.17232,1.17359,5893
2025-12-22 09:00:00+00:00,1.17358,1.17367,1.17273,1.17301,5789
2025-12-22 10:00:00+00:00,1.173,1.17381,1.17292,1.17332,6300
2025-12-22 11:00:00+00:00,1.17333,1.17366,1.17287,1.17334,3472
2025-12-22 12:00:00+00:00,1.17335,1.17433,1.17334,1.17418,6300
2025-12-22 13:00:00+00:00,1.17419,1.17545,1.17419,1.17507,10750
2025-12-22 14:00:00+00:00,1.17507,1.17666,1.1745,1.17602,9147
2025-12-22 15:00:00+00:00,1.17602,1.17694,1.17577,1.17641,8729
2025-12-22 16:00:00+00:00,1.17639,1.17642,1.17482,1.17497,6792
2025-12-22 17:00:00+00:00,1.17496,1.17647,1.17491,1.17583,4215
2025-12-22 18:00:00+00:00,1.17582,1.17584,1.17494,1.1753,3536
2025-12-22 19:00:00+00:00,1.1753,1.17561,1.17489,1.17555,2961
2025-12-22 20:00:00+00:00,1.17555,1.17589,1.17523,1.17552,2793
2025-12-22 21:00:00+00:00,1.17553,1.17624,1.17546,1.17599,1862
2025-12-22 22:00:00+00:00,1.17585,1.17609,1.17567,1.17596,3500
2025-12-22 23:00:00+00:00,1.17597,1.17657,1.17594,1.17636,2393
2025-12-23 00:00:00+00:00,1.17637,1.17704,1.1763,1.17691,2254
2025-12-23 01:00:00+00:00,1.17691,1.17762,1.17659,1.17731,3468
2025-12-23 02:00:00+00:00,1.1773,1.17806,1.17726,1.17777,3680
2025-12-23 03:00:00+00:00,1.17778,1.17793,1.1773,1.17766,2807
2025-12-23 04:00:00+00:00,1.17767,1.17792,1.17737,1.17753,2610
2025-12-23 05:00:00+00:00,1.17753,1.17799,1.17743,1.17751,3532
2025-12-23 06:00:00+00:00,1.1775,1.17765,1.17687,1.17712,2642
2025-12-23 07:00:00+00:00,1.17712,1.17814,1.17692,1.17787,5498
2025-12-23 08:00:00+00:00,1.17787,1.17845,1.17754,1.17845,7653
2025-12-23 09:00:00+00:00,1.17845,1.17929,1.17818,1.17927,8870
2025-12-23 10:00:00+00:00,1.17927,1.18004,1.17917,1.1799,5974
2025-12-23 11:00:00+00:00,1.17989,1.17999,1.17923,1.17957,4503
2025-12-23 12:00:00+00:00,1.17958,1.18021,1.17889,1.17897,6533
2025-12-23 13:00:00+00:00,1.17896,1.17941,1.17743,1.17748,14364
2025-12-23 14:00:00+00:00,1.17749,1.17795,1.17685,1.17695,11324
2025-12-23 15:00:00+00:00,1.17695,1.17792,1.17641,1.17743,12383
2025-12-23 16:00:00+00:00,1.17743,1.17805,1.17733,1.17758,7150
2025-12-23 17:00:00+00:00,1.17757,1.17788,1.17691,1.17708,5022
2025-12-23 18:00:00+00:00,1.17709,1.17832,1.17696,1.17829,4414
2025-12-23 19:00:00+00:00,1.1783,1.17915,1.1782,1.17901,3930
2025-12-23 20:00:00+00:00,1.17902,1.17938,1.17871,1.17896,2898
2025-12-23 21:00:00+00:00,1.17895,1.17971,1.17885,1.17947,4034
2025-12-23 22:00:00+00:00,1.17934,1.17951,1.17927,1.17937,3262
2025-12-23 23:00:00+00:00,1.17936,1.17973,1.17931,1.17949,2037
2025-12-24 00:00:00+00:00,1.17949,1.17991,1.17904,1.17991,3574
2025-12-24 01:00:00+00:00,1.17991,1.18064,1.17969,1.18052,4113
2025-12-24 02:00:00+00:00,1.18053,1.1808,1.17983,1.17984,2544
2025-12-24 03:00:00+00:00,1.17985,1.17986,1.1787,1.17876,2942
2025-12-24 04:00:00+00:00,1.17875,1.17935,1.17859,1.17914,2394
2025-12-24 05:00:00+00:00,1.17913,1.18021,1.17907,1.17992,2577
2025-12-24 06:00:00+00:00,1.17991,1.1804,1.17977,1.17998,3194
2025-12-24 07:00:00+00:00,1.17999,1.18018,1.17865,1.17891,6161
2025-12-24 08:00:00+00:00,1.17891,1.17996,1.17798,1.17995,7961
2025-12-24 09:00:00+00:00,1.17996,1.18009,1.17946,1.17998,5404
2025-12-24 10:00:00+00:00,1.17998,1.18001,1.17909,1.17964,5034
2025-12-24 11:00:00+00:00,1.17965,1.17987,1.1791,1.17929,5979
2025-12-24 12:00:00+00:00,1.17929,1.17932,1.1784,1.17843,5964
2025-12-24 13:00:00+00:00,1.17842,1.1791,1.17838,1.17855,8109
2025-12-24 14:00:00+00:00,1.17854,1.1787,1.17774,1.17807,9184
2025-12-24 15:00:00+00:00,1.17806,1.17825,1.17755,1.17782,9143
2025-12-24 16:00:00+00:00,1.17781,1.17811,1.17732,1.17793,6644
2025-12-24 17:00:00+00:00,1.17793,1.17831,1.17726,1.17766,5296
2025-12-24 18:00:00+00:00,1.17767,1.17798,1.17743,1.1779,2985
2025-12-25 22:00:00+00:00,1.17808,1.17833,1.17789,1.17811,36491
2025-12-25 23:00:00+00:00,1.17816,1.17853,1.17779,1.17844,14969
2025-12-26 00:00:00+00:00,1.17841,1.17921,1.17768,1.1786,14366
2025-12-26 01:00:00+00:00,1.17861,1.17917,1.1783,1.17874,6474
2025-12-26 02:00:00+00:00,1.17873,1.17937,1.17838,1.17922,3096
2025-12-26 03:00:00+00:00,1.17923,1.17927,1.17835,1.17845,4330
2025-12-26 04:00:00+00:00,1.17845,1.17873,1.178,1.17833,2553
2025-12-26 05:00:00+00:00,1.17833,1.17873,1.17802,1.17861,3695
2025-12-26 06:00:00+00:00,1.17862,1.1788,1.17716,1.17766,5568
2025-12-26 07:00:00+00:00,1.17767,1.1778,1.17701,1.1773,6795
2025-12-26 08:00:00+00:00,1.1773,1.17777,1.17666,1.17769,5408
2025-12-26 09:00:00+00:00,1.17769,1.17778,1.17685,1.17703,5194
2025-12-26 10:00:00+00:00,1.17702,1.17797,1.17691,1.17732,4638
2025-12-26 11:00:00+00:00,1.17732,1.17825,1.17732,1.17775,4428
2025-12-26 12:00:00+00:00,1.17775,1.17825,1.17728,1.17817,5216
2025-12-26 13:00:00+00:00,1.17817,1.17969,1.17817,1.17914,11093
2025-12-26 14:00:00+00:00,1.17915,1.17946,1.17812,1.17838,9247
2025-12-26 15:00:00+00:00,1.17839,1.17926,1.17716,1.17772,10227
2025-12-26 16:00:00+00:00,1.17772,1.17797,1.17622,1.17652,13052
2025-12-26 17:00:00+00:00,1.17652,1.17705,1.17615,1.17702,12157
2025-12-26 18:00:00+00:00,1.17703,1.17737,1.1769,1.1772,12163
2025-12-26 19:00:00+00:00,1.1772,1.17767,1.17691,1.17767,5745
2025-12-26 20:00:00+00:00,1.17768,1.17817,1.17724,1.1775,6968
2025-12-26 21:00:00+00:00,1.1775,1.17767,1.17659,1.17714,11971
2025-12-28 22:00:00+00:00,1.17709,1.17741,1.17699,1.17707,1562
2025-12-28 23:00:00+00:00,1.17706,1.17782,1.17706,1.17726,5460
2025-12-29 00:00:00+00:00,1.17726,1.17841,1.17717,1.17798,5319
2025-12-29 01:00:00+00:00,1.17797,1.17865,1.17788,1.17842,3569
2025-12-29 02:00:00+00:00,1.17841,1.17853,1.17756,1.17759,2921
2025-12-29 03:00:00+00:00,1.17758,1.17762,1.17712,1.17735,2180
2025-12-29 04:00:00+00:00,1.17735,1.17735,1.1764,1.17645,1926
2025-12-29 05:00:00+00:00,1.17644,1.17644,1.17538,1.17561,4091
2025-12-29 06:00:00+00:00,1.17562,1.17697,1.17543,1.17697,4784
2025-12-29 07:00:00+00:00,1.17696,1.17793,1.17653,1.17772,6940
2025-12-29 08:00:00+00:00,1.17773,1.17888,1.17711,1.1784,8019
2025-12-29 09:00:00+00:00,1.17841,1.17891,1.17717,1.17763,9885
2025-12-29 10:00:00+00:00,1.17762,1.17802,1.17653,1.17659,7836
2025-12-29 11:00:00+00:00,1.17659,1.17713,1.17577,1.17658,7958
2025-12-29 12:00:00+00:00,1.17657,1.17691,1.17556,1.17617,7924
2025-12-29 13:00:00+00:00,1.17618,1.17739,1.17605,1.17699,9494
2025-12-29 14:00:00+00:00,1.17699,1.17888,1.17672,1.17831,10344
2025-12-29 15:00:00+00:00,1.17831,1.17865,1.17664,1.17678,16931
2025-12-29 16:00:00+00:00,1.17677,1.17681,1.17526,1.17561,14610
2025-12-29 17:00:00+00:00,1.17561,1.1757,1.17495,1.17521,5676
2025-12-29 18:00:00+00:00,1.17522,1.1759,1.17508,1.17574,4201
2025-12-29 19:00:00+00:00,1.17574,1.17683,1.1757,1.17674,2684
2025-12-29 20:00:00+00:00,1.17673,1.17706,1.17645,1.17705,3653
2025-12-29 21:00:00+00:00,1.17706,1.17748,1.17702,1.17727,2317
2025-12-29 22:00:00+00:00,1.17711,1.17726,1.17663,1.17685,7506
2025-12-29 23:00:00+00:00,1.17684,1.17747,1.17679,1.17724,2379
2025-12-30 00:00:00+00:00,1.17724,1.17753,1.17717,1.1773,2721
2025-12-30 01:00:00+00:00,1.17731,1.17752,1.17699,1.17751,3022
2025-12-30 02:00:00+00:00,1.17752,1.17765,1.17717,1.17733,2126
2025-12-30 03:00:00+00:00,1.17734,1.17759,1.17705,1.17724,1875
2025-12-30 04:00:00+00:00,1.17725,1.17779,1.17717,1.17771,1423
2025-12-30 05:00:00+00:00,1.17772,1.17791,1.1773,1.17753,1687
2025-12-30 06:00:00+00:00,1.17754,1.17799,1.1774,1.17787,2978
2025-12-30 07:00:00+00:00,1.17786,1.17788,1.17663,1.17705,4771
2025-12-30 08:00:00+00:00,1.17706,1.17753,1.1766,1.17672,6457
2025-12-30 09:00:00+00:00,1.17673,1.1778,1.17644,1.1769,5784
2025-12-30 10:00:00+00:00,1.17689,1.17775,1.17688,1.17738,4350
2025-12-30 11:00:00+00:00,1.17738,1.17768,1.17662,1.17668,4147
2025-12-30 12:00:00+00:00,1.17669,1.1768,1.17608,1.17618,4172
2025-12-30 13:00:00+00:00,1.17617,1.1768,1.17554,1.17634,12793
2025-12-30 14:00:00+00:00,1.17635,1.17643,1.17565,1.17634,9707
2025-12-30 15:00:00+00:00,1.17633,1.17663,1.17453,1.17599,10331
2025-12-30 16:00:00+00:00,1.17598,1.17666,1.17544,1.17648,8138
2025-12-30 17:00:00+00:00,1.1765,1.17667,1.17552,1.17561,3977
2025-12-30 18:00:00+00:00,1.17561,1.17594,1.17484,1.175,4234
2025-12-30 19:00:00+00:00,1.17499,1.1753,1.17453,1.17467,5325
2025-12-30 20:00:00+00:00,1.17468,1.17503,1.17434,1.1744,3679
2025-12-30 21:00:00+00:00,1.1744,1.17488,1.1744,1.17481,1992
2025-12-30 22:00:00+00:00,1.17465,1.17485,1.17454,1.1746,660
2025-12-30 23:00:00+00:00,1.17459,1.1749,1.17451,1.17458,1255
2025-12-31 00:00:00+00:00,1.17458,1.17479,1.17444,1.17472,1713
2025-12-31 01:00:00+00:00,1.17473,1.17492,1.17418,1.17426,2698
2025-12-31 02:00:00+00:00,1.17425,1.17426,1.17389,1.17403,2892
2025-12-31 03:00:00+00:00,1.17402,1.17437,1.17396,1.17428,1507
2025-12-31 04:00:00+00:00,1.17427,1.17428,1.17331,1.17345,1680
2025-12-31 05:00:00+00:00,1.17345,1.17393,1.17345,1.17385,2252
2025-12-31 06:00:00+00:00,1.17385,1.17397,1.17333,1.17375,2373
2025-12-31 07:00:00+00:00,1.17375,1.17388,1.17298,1.17371,4316
2025-12-31 08:00:00+00:00,1.17372,1.174,1.172,1.1723,6489
2025-12-31 09:00:00+00:00,1.17231,1.17389,1.17201,1.17351,5887
2025-12-31 10:00:00+00:00,1.17351,1.17438,1.17286,1.17392,5643
2025-12-31 11:00:00+00:00,1.17393,1.1748,1.17364,1.17474,5201
2025-12-31 12:00:00+00:00,1.17474,1.17595,1.17474,1.17552,6695
2025-12-31 13:00:00+00:00,1.17552,1.17594,1.17415,1.1742,10407
2025-12-31 14:00:00+00:00,1.1742,1.17425,1.17274,1.17303,11960
2025-12-31 15:00:00+00:00,1.17302,1.17463,1.17204,1.17442,15997
2025-12-31 16:00:00+00:00,1.17442,1.17489,1.17288,1.17349,13825
2025-12-31 17:00:00+00:00,1.17348,1.17391,1.17314,1.1736,6900
2025-12-31 18:00:00+00:00,1.17361,1.17389,1.17304,1.1736,5623
2025-12-31 19:00:00+00:00,1.1736,1.17433,1.1736,1.17407,4152
2025-12-31 20:00:00+00:00,1.17408,1.17531,1.17401,1.17522,3728
2025-12-31 21:00:00+00:00,1.17523,1.17531,1.17453,1.17456,3194
2026-01-01 22:00:00+00:00,1.17495,1.1751,1.17479,1.17485,55148
2026-01-01 23:00:00+00:00,1.17484,1.1751,1.1746,1.1751,2907
2026-01-02 00:00:00+00:00,1.17509,1.17565,1.175,1.17562,1952
2026-01-02 01:00:00+00:00,1.17563,1.17628,1.17563,1.17609,3235
2026-01-02 02:00:00+00:00,1.17609,1.17638,1.17583,1.17594,2217
2026-01-02 03:00:00+00:00,1.17593,1.1765,1.17593,1.17644,1805
2026-01-02 04:00:00+00:00,1.17645,1.17648,1.17552,1.17556,2269
2026-01-02 05:00:00+00:00,1.17555,1.17579,1.17509,1.17514,1498
2026-01-02 06:00:00+00:00,1.17513,1.17515,1.17416,1.17438,3004
2026-01-02 07:00:00+00:00,1.17439,1.17472,1.17322,1.17349,7109
2026-01-02 08:00:00+00:00,1.17348,1.17384,1.17241,1.17286,10264
2026-01-02 09:00:00+00:00,1.17287,1.17375,1.17207,1.17215,9414
2026-01-02 10:00:00+00:00,1.17215,1.17236,1.17133,1.17211,7079
2026-01-02 11:00:00+00:00,1.17211,1.17226,1.17152,1.17219,5195
2026-01-02 12:00:00+00:00,1.17219,1.17273,1.17207,1.17236,4460
2026-01-02 13:00:00+00:00,1.17237,1.17292,1.17183,1.17216,8664
2026-01-02 14:00:00+00:00,1.17217,1.17307,1.17159,1.17287,9056
2026-01-02 15:00:00+00:00,1.17286,1.17522,1.17282,1.17508,13501
2026-01-02 16:00:00+00:00,1.17507,1.17545,1.17342,1.17375,10311
2026-01-02 17:00:00+00:00,1.17375,1.17378,1.17286,1.17308,6190
2026-01-02 18:00:00+00:00,1.17308,1.17313,1.17153,1.17191,5445
2026-01-02 19:00:00+00:00,1.17191,1.17244,1.17144,1.17232,4888
2026-01-02 20:00:00+00:00,1.17232,1.17238,1.17153,1.17177,6393
2026-01-02 21:00:00+00:00,1.17177,1.17233,1.17173,1.17202,6368
2026-01-04 22:00:00+00:00,1.17241,1.17246,1.17111,1.17124,2062
2026-01-04 23:00:00+00:00,1.17118,1.17133,1.17004,1.17054,5926
2026-01-05 00:00:00+00:00,1.17053,1.17112,1.17036,1.17051,6474
2026-01-05 01:00:00+00:00,1.1705,1.17074,1.16998,1.17005,5352
2026-01-05 02:00:00+00:00,1.17004,1.17017,1.16841,1.16887,6042
2026-01-05 03:00:00+00:00,1.16888,1.16909,1.16723,1.16754,5094
2026-01-05 04:00:00+00:00,1.16754,1.16831,1.16733,1.16821,3979
2026-01-05 05:00:00+00:00,1.1682,1.16861,1.16806,1.16855,2694
2026-01-05 06:00:00+00:00,1.16855,1.16919,1.16783,1.16912,4339
2026-01-05 07:00:00+00:00,1.16911,1.16922,1.16836,1.16864,7601
2026-01-05 08:00:00+00:00,1.16863,1.1695,1.16811,1.16834,10043
2026-01-05 09:00:00+00:00,1.16835,1.16875,1.16739,1.16826,7180
2026-01-05 10:00:00+00:00,1.16826,1.16902,1.16799,1.169,6768
2026-01-05 11:00:00+00:00,1.169,1.1691,1.16802,1.16816,7613
2026-01-05 12:00:00+00:00,1.16816,1.16852,1.167,1.16708,6743
2026-01-05 13:00:00+00:00,1.16709,1.16754,1.16592,1.16746,14399
2026-01-05 14:00:00+00:00,1.16746,1.16875,1.16732,1.16857,13582
2026-01-05 15:00:00+00:00,1.16856,1.17047,1.16854,1.17047,15550
2026-01-05 16:00:00+00:00,1.17048,1.17187,1.17041,1.17148,10706
2026-01-05 17:00:00+00:00,1.17149,1.17198,1.17101,1.17145,6474
2026-01-05 18:00:00+00:00,1.17146,1.17255,1.17134,1.17252,4414
2026-01-05 19:00:00+00:00,1.17253,1.17289,1.17222,1.17273,4617
2026-01-05 20:00:00+00:00,1.17272,1.17288,1.17238,1.17249,2700
2026-01-05 21:00:00+00:00,1.17249,1.17265,1.17196,1.17218,2991
2026-01-05 22:00:00+00:00,1.17207,1.17226,1.17193,1.17194,823
2026-01-05 23:00:00+00:00,1.17196,1.17219,1.17129,1.17146,2209
2026-01-06 00:00:00+00:00,1.17147,1.17171,1.17107,1.17168,2643
2026-01-06 01:00:00+00:00,1.17169,1.17255,1.17122,1.17255,5167
2026-01-06 02:00:00+00:00,1.17255,1.17379,1.17222,1.17374,3827
2026-01-06 03:00:00+00:00,1.17374,1.17383,1.17325,1.17346,3398
2026-01-06 04:00:00+00:00,1.17347,1.17357,1.17316,1.17339,3039
2026-01-06 05:00:00+00:00,1.17338,1.17371,1.17273,1.17289,4012
2026-01-06 06:00:00+00:00,1.17289,1.17373,1.17287,1.17363,3595
2026-01-06 07:00:00+00:00,1.17362,1.17429,1.1726,1.17291,7617
2026-01-06 08:00:00+00:00,1.17291,1.1739,1.1726,1.17285,9641
2026-01-06 09:00:00+00:00,1.17286,1.17291,1.1708,1.17133,11357
2026-01-06 10:00:00+00:00,1.17132,1.17173,1.17083,1.17129,6268
2026-01-06 11:00:00+00:00,1.17128,1.17133,1.17049,1.17062,5475
2026-01-06 12:00:00+00:00,1.17063,1.17124,1.16973,1.17014,7839
2026-01-06 13:00:00+00:00,1.17015,1.17137,1.16974,1.17111,12217
2026-01-06 14:00:00+00:00,1.17111,1.17178,1.16993,1.17092,13552
2026-01-06 15:00:00+00:00,1.17092,1.17092,1.1684,1.16953,18227
2026-01-06 16:00:00+00:00,1.16954,1.16983,1.16858,1.16881,11151
2026-01-06 17:00:00+00:00,1.16881,1.17008,1.1687,1.17007,6397
2026-01-06 18:00:00+00:00,1.17006,1.17022,1.1687,1.16883,6837
2026-01-06 19:00:00+00:00,1.16883,1.16912,1.1684,1.16897,7725
2026-01-06 20:00:00+00:00,1.16898,1.16932,1.16866,1.16869,4857
2026-01-06 21:00:00+00:00,1.16869,1.1689,1.16847,1.16888,2900
2026-01-06 22:00:00+00:00,1.16862,1.16888,1.16848,1.16888,1280
2026-01-06 23:00:00+00:00,1.16884,1.16906,1.16869,1.16872,2588
2026-01-07 00:00:00+00:00,1.16873,1.16944,1.16855,1.16918,7295
2026-01-07 01:00:00+00:00,1.16919,1.17006,1.169,1.16959,6521
2026-01-07 02:00:00+00:00,1.16958,1.17027,1.16953,1.16963,3688
2026-01-07 03:00:00+00:00,1.16962,1.17003,1.1696,1.16986,3049
2026-01-07 04:00:00+00:00,1.16986,1.17022,1.16911,1.16912,4263
2026-01-07 05:00:00+00:00,1.16912,1.16944,1.16909,1.16931,3137
2026-01-07 06:00:00+00:00,1.16932,1.16998,1.16922,1.16976,4335
2026-01-07 07:00:00+00:00,1.16977,1.1699,1.16787,1.16828,9290
2026-01-07 08:00:00+00:00,1.16828,1.16874,1.1673,1.16858,11306
2026-01-07 09:00:00+00:00,1.16857,1.1687,1.16812,1.16843,6803
2026-01-07 10:00:00+00:00,1.16844,1.1694,1.16834,1.16885,6950
2026-01-07 11:00:00+00:00,1.16885,1.16926,1.16851,1.16893,5673
2026-01-07 12:00:00+00:00,1.16893,1.16914,1.16812,1.16878,7479
2026-01-07 13:00:00+00:00,1.16878,1.16949,1.16825,1.16916,11650
2026-01-07 14:00:00+00:00,1.16916,1.16985,1.16871,1.16972,12927
2026-01-07 15:00:00+00:00,1.1697,1.16988,1.168,1.16902,26771
2026-01-07 16:00:00+00:00,1.16902,1.16932,1.16821,1.16893,10255
2026-01-07 17:00:00+00:00,1.16893,1.16949,1.16863,1.1688,6092
2026-01-07 18:00:00+00:00,1.1688,1.16904,1.16825,1.1683,5056
2026-01-07 19:00:00+00:00,1.1683,1.16853,1.16787,1.16824,5720
2026-01-07 20:00:00+00:00,1.16825,1.16838,1.16789,1.1679,4383
2026-01-07 21:00:00+00:00,1.16789,1.16793,1.16737,1.16744,2477
2026-01-07 22:00:00+00:00,1.16759,1.16781,1.16754,1.16775,696
2026-01-07 23:00:00+00:00,1.16776,1.16778,1.16752,1.16768,1271
2026-01-08 00:00:00+00:00,1.16769,1.16781,1.16758,1.16758,2206
2026-01-08 01:00:00+00:00,1.16758,1.16781,1.1673,1.16748,3563
2026-01-08 02:00:00+00:00,1.16747,1.16807,1.16727,1.16802,4058
2026-01-08 03:00:00+00:00,1.16802,1.16829,1.16789,1.16801,3481
2026-01-08 04:00:00+00:00,1.168,1.16812,1.1678,1.16804,2228
2026-01-08 05:00:00+00:00,1.16803,1.16829,1.16775,1.16825,3309
2026-01-08 06:00:00+00:00,1.16824,1.16829,1.16748,1.16817,5452
2026-01-08 07:00:00+00:00,1.16816,1.1683,1.16771,1.16779,7300
2026-01-08 08:00:00+00:00,1.1678,1.1679,1.1669,1.16713,7908
2026-01-08 09:00:00+00:00,1.16713,1.1677,1.16694,1.16768,6735
2026-01-08 10:00:00+00:00,1.16768,1.16821,1.16757,1.16799,6681
2026-01-08 11:00:00+00:00,1.16799,1.16804,1.16752,1.16777,4576
2026-01-08 12:00:00+00:00,1.16776,1.16778,1.16698,1.16732,5054
2026-01-08 13:00:00+00:00,1.16733,1.16778,1.16583,1.16628,13379
2026-01-08 14:00:00+00:00,1.16629,1.16667,1.16562,1.16647,14199
2026-01-08 15:00:00+00:00,1.16646,1.16739,1.16607,1.16664,10785
2026-01-08 16:00:00+00:00,1.16664,1.16676,1.16525,1.16546,9245
2026-01-08 17:00:00+00:00,1.16545,1.16557,1.16437,1.16507,6861
2026-01-08 18:00:00+00:00,1.16507,1.16533,1.16448,1.16453,5364
2026-01-08 19:00:00+00:00,1.16452,1.16508,1.16427,1.16502,4907
2026-01-08 20:00:00+00:00,1.16501,1.16547,1.16498,1.16512,5120
2026-01-08 21:00:00+00:00,1.16512,1.16626,1.16507,1.16598,5773
2026-01-08 22:00:00+00:00,1.16582,1.16602,1.16576,1.16588,1137
2026-01-08 23:00:00+00:00,1.16586,1.16622,1.16565,1.1658,1757
2026-01-09 00:00:00+00:00,1.1658,1.1658,1.16535,1.16536,2269
2026-01-09 01:00:00+00:00,1.16537,1.16572,1.16484,1.16492,5305
2026-01-09 02:00:00+00:00,1.16492,1.16548,1.1646,1.16544,4054
2026-01-09 03:00:00+00:00,1.16543,1.16592,1.16537,1.16562,3661
2026-01-09 04:00:00+00:00,1.16562,1.1657,1.1652,1.16543,2358
2026-01-09 05:00:00+00:00,1.16543,1.16563,1.16502,1.16512,2546
2026-01-09 06:00:00+00:00,1.16513,1.16528,1.16485,1.1649,3300
2026-01-09 07:00:00+00:00,1.16489,1.16509,1.164,1.16508,6350
2026-01-09 08:00:00+00:00,1.16509,1.16531,1.16413,1.16489,8926
2026-01-09 09:00:00+00:00,1.1649,1.16504,1.16424,1.16424,5384
2026-01-09 10:00:00+00:00,1.16425,1.1647,1.16369,1.16469,4791
2026-01-09 11:00:00+00:00,1.16469,1.16471,1.16417,1.1646,4468
2026-01-09 12:00:00+00:00,1.16461,1.16463,1.16398,1.16414,5697
2026-01-09 13:00:00+00:00,1.16415,1.16609,1.16256,1.16452,36198
2026-01-09 14:00:00+00:00,1.16452,1.16527,1.163,1.16368,26521
2026-01-09 15:00:00+00:00,1.16368,1.1641,1.16182,1.16406,21758
2026-01-09 16:00:00+00:00,1.16406,1.16434,1.16283,1.16334,10939
2026-01-09 17:00:00+00:00,1.16333,1.16347,1.16276,1.16317,7313
2026-01-09 18:00:00+00:00,1.16318,1.16399,1.1631,1.16341,5193
2026-01-09 19:00:00+00:00,1.1634,1.1639,1.16331,1.16348,4692
2026-01-09 20:00:00+00:00,1.16348,1.1638,1.16341,1.16347,4021
2026-01-09 21:00:00+00:00,1.16347,1.16376,1.16296,1.16362,3812
2026-01-11 22:00:00+00:00,1.16328,1.16347,1.16318,1.16327,982
2026-01-11 23:00:00+00:00,1.1633,1.16349,1.16232,1.16237,1967
2026-01-12 00:00:00+00:00,1.16237,1.16652,1.16217,1.16646,13888
2026-01-12 01:00:00+00:00,1.16647,1.16715,1.16557,1.1656,9992
2026-01-12 02:00:00+00:00,1.16561,1.16644,1.1654,1.16548,4847
2026-01-12 03:00:00+00:00,1.16549,1.16594,1.16549,1.16553,3329
2026-01-12 04:00:00+00:00,1.16554,1.16585,1.1653,1.16557,3549
2026-01-12 05:00:00+00:00,1.16558,1.16713,1.16558,1.16693,5033
2026-01-12 06:00:00+00:00,1.16693,1.16731,1.16641,1.16698,5792
2026-01-12 07:00:00+00:00,1.16698,1.16877,1.16687,1.1685,11678
2026-01-12 08:00:00+00:00,1.1685,1.16918,1.1676,1.16882,11147
2026-01-12 09:00:00+00:00,1.16881,1.16959,1.16812,1.16818,8668
2026-01-12 10:00:00+00:00,1.16817,1.16856,1.1676,1.16854,7975
2026-01-12 11:00:00+00:00,1.16855,1.16896,1.16757,1.16786,7006
2026-01-12 12:00:00+00:00,1.16786,1.16876,1.16771,1.16813,7917
2026-01-12 13:00:00+00:00,1.16813,1.16986,1.16778,1.16929,14230
2026-01-12 14:00:00+00:00,1.16929,1.1693,1.1674,1.1677,15164
2026-01-12 15:00:00+00:00,1.16771,1.16861,1.16729,1.16812,12275
2026-01-12 16:00:00+00:00,1.16812,1.16821,1.16714,1.16719,9594
2026-01-12 17:00:00+00:00,1.16718,1.16759,1.16661,1.16686,8634
2026-01-12 18:00:00+00:00,1.16687,1.16716,1.16652,1.1669,5819
2026-01-12 19:00:00+00:00,1.16689,1.16739,1.16678,1.16722,3886
2026-01-12 20:00:00+00:00,1.16721,1.16732,1.16629,1.16652,4964
2026-01-12 21:00:00+00:00,1.16651,1.16689,1.16643,1.1667,3058
2026-01-12 22:00:00+00:00,1.16698,1.167,1.16674,1.16686,1261
2026-01-12 23:00:00+00:00,1.16686,1.16709,1.16656,1.16676,3387
2026-01-13 00:00:00+00:00,1.16676,1.16676,1.16608,1.16637,4494
2026-01-13 01:00:00+00:00,1.16638,1.16646,1.16562,1.16585,5373
2026-01-13 02:00:00+00:00,1.16585,1.16614,1.1657,1.16591,3113
2026-01-13 03:00:00+00:00,1.1659,1.16636,1.16566,1.16587,2199
2026-01-13 04:00:00+00:00,1.16587,1.16659,1.16585,1.16655,3118
2026-01-13 05:00:00+00:00,1.16656,1.16676,1.16618,1.16628,2614
2026-01-13 06:00:00+00:00,1.16629,1.1663,1.16539,1.16589,4164
2026-01-13 07:00:00+00:00,1.16588,1.1665,1.16561,1.16642,6529
2026-01-13 08:00:00+00:00,1.16641,1.16694,1.16587,1.16691,8652
2026-01-13 09:00:00+00:00,1.16691,1.16728,1.16636,1.1672,6102
2026-01-13 10:00:00+00:00,1.1672,1.16745,1.16652,1.16663,5486
2026-01-13 11:00:00+00:00,1.16664,1.16705,1.16645,1.16686,3949
2026-01-13 12:00:00+00:00,1.16686,1.16692,1.16531,1.16552,6677
2026-01-13 13:00:00+00:00,1.16552,1.16783,1.16502,1.16685,28417
2026-01-13 14:00:00+00:00,1.16685,1.16735,1.16574,1.16639,17122
2026-01-13 15:00:00+00:00,1.16639,1.16649,1.16442,1.1652,16177
2026-01-13 16:00:00+00:00,1.16521,1.16547,1.16342,1.16459,12341
2026-01-13 17:00:00+00:00,1.16459,1.16487,1.16413,1.16461,6324
2026-01-13 18:00:00+00:00,1.16462,1.16546,1.16417,1.16534,5354
2026-01-13 19:00:00+00:00,1.16535,1.16536,1.16461,1.16493,5978
2026-01-13 20:00:00+00:00,1.16493,1.165,1.16452,1.16456,4131
2026-01-13 21:00:00+00:00,1.16457,1.16466,1.16425,1.16425,2391
2026-01-13 22:00:00+00:00,1.16441,1.16453,1.16425,1.16449,1074
2026-01-13 23:00:00+00:00,1.16449,1.16456,1.16421,1.16421,1361
2026-01-14 00:00:00+00:00,1.16421,1.16438,1.16381,1.16431,2851
2026-01-14 01:00:00+00:00,1.16431,1.16434,1.16367,1.16382,3515
2026-01-14 02:00:00+00:00,1.16382,1.16446,1.16362,1.16437,3014
2026-01-14 03:00:00+00:00,1.16438,1.1649,1.16437,1.1647,2625
2026-01-14 04:00:00+00:00,1.1647,1.16481,1.16436,1.16442,2182
2026-01-14 05:00:00+00:00,1.16441,1.16452,1.16417,1.1642,1822
2026-01-14 06:00:00+00:00,1.1642,1.16502,1.16415,1.16491,3144
2026-01-14 07:00:00+00:00,1.16492,1.16521,1.16446,1.16462,4360
2026-01-14 08:00:00+00:00,1.16462,1.16505,1.16411,1.16476,10645
2026-01-14 09:00:00+00:00,1.16475,1.16538,1.1646,1.16519,6672
2026-01-14 10:00:00+00:00,1.16518,1.16579,1.16468,1.16551,7839
2026-01-14 11:00:00+00:00,1.1655,1.1655,1.16439,1.16471,6670
2026-01-14 12:00:00+00:00,1.1647,1.16601,1.1645,1.16599,10260
2026-01-14 13:00:00+00:00,1.16599,1.166,1.1645,1.165,12913
2026-01-14 14:00:00+00:00,1.16501,1.16598,1.16488,1.16557,16278
2026-01-14 15:00:00+00:00,1.16559,1.16607,1.16494,1.166,20957
2026-01-14 16:00:00+00:00,1.166,1.16618,1.16526,1.16547,9653
2026-01-14 17:00:00+00:00,1.16546,1.16558,1.16455,1.16468,8043
2026-01-14 18:00:00+00:00,1.16468,1.16478,1.16381,1.16381,6722
2026-01-14 19:00:00+00:00,1.1638,1.16395,1.16354,1.16363,5348
2026-01-14 20:00:00+00:00,1.16364,1.16475,1.16364,1.16433,9309
2026-01-14 21:00:00+00:00,1.16434,1.16464,1.16422,1.16445,4231
2026-01-14 22:00:00+00:00,1.16467,1.1647,1.16438,1.16445,983
2026-01-14 23:00:00+00:00,1.16444,1.16472,1.16443,1.1645,2944
2026-01-15 00:00:00+00:00,1.16451,1.16457,1.16357,1.16378,4566
2026-01-15 01:00:00+00:00,1.16376,1.16418,1.16333,1.16387,8791
2026-01-15 02:00:00+00:00,1.16386,1.16409,1.16363,1.16403,3683
2026-01-15 03:00:00+00:00,1.16402,1.16417,1.1637,1.16388,3452
2026-01-15 04:00:00+00:00,1.16389,1.16394,1.16343,1.16347,2013
2026-01-15 05:00:00+00:00,1.16346,1.1638,1.16337,1.16353,2841
2026-01-15 06:00:00+00:00,1.16353,1.16385,1.163,1.16332,4300
2026-01-15 07:00:00+00:00,1.16332,1.16367,1.16261,1.16289,7996
2026-01-15 08:00:00+00:00,1.16289,1.16355,1.16269,1.16309,7658
2026-01-15 09:00:00+00:00,1.16309,1.16399,1.16305,1.16358,8843
2026-01-15 10:00:00+00:00,1.16358,1.16411,1.16329,1.16358,6887
2026-01-15 11:00:00+00:00,1.16358,1.1638,1.16302,1.16309,5836
2026-01-15 12:00:00+00:00,1.16309,1.16351,1.16203,1.16227,6520
2026-01-15 13:00:00+00:00,1.16228,1.16252,1.15989,1.16015,20515
2026-01-15 14:00:00+00:00,1.16015,1.1611,1.15931,1.16012,17691
2026-01-15 15:00:00+00:00,1.16011,1.16096,1.15971,1.16024,14585
2026-01-15 16:00:00+00:00,1.16025,1.16111,1.15983,1.16046,10198
2026-01-15 17:00:00+00:00,1.16047,1.16139,1.16036,1.1609,5825
2026-01-15 18:00:00+00:00,1.16091,1.16152,1.1609,1.16148,5078
2026-01-15 19:00:00+00:00,1.16149,1.16175,1.16112,1.16138,5403
2026-01-15 20:00:00+00:00,1.16139,1.16156,1.16029,1.16043,6136
2026-01-15 21:00:00+00:00,1.16042,1.16112,1.16034,1.16083,3810
2026-01-15 22:00:00+00:00,1.16073,1.16096,1.16072,1.16076,816
2026-01-15 23:00:00+00:00,1.16076,1.16103,1.16072,1.1609,1463
2026-01-16 00:00:00+00:00,1.1609,1.16097,1.16027,1.16039,3235
2026-01-16 01:00:00+00:00,1.16038,1.16088,1.16024,1.1607,3570
2026-01-16 02:00:00+00:00,1.16071,1.16143,1.16063,1.16096,5257
2026-01-16 03:00:00+00:00,1.16096,1.16126,1.16069,1.16122,2512
2026-01-16 04:00:00+00:00,1.16122,1.16137,1.16101,1.1611,1448
2026-01-16 05:00:00+00:00,1.16109,1.16113,1.16061,1.16068,2634
2026-01-16 06:00:00+00:00,1.16068,1.16098,1.16043,1.16096,2989
2026-01-16 07:00:00+00:00,1.16095,1.16148,1.1608,1.16122,7585
2026-01-16 08:00:00+00:00,1.16122,1.16147,1.16085,1.16094,7052
2026-01-16 09:00:00+00:00,1.16093,1.16153,1.16081,1.16084,5272
2026-01-16 10:00:00+00:00,1.16085,1.16177,1.16082,1.16131,5210
2026-01-16 11:00:00+00:00,1.16132,1.16235,1.16128,1.16194,6413
2026-01-16 12:00:00+00:00,1.16193,1.16224,1.16137,1.16192,7098
2026-01-16 13:00:00+00:00,1.16191,1.16213,1.16117,1.16187,8976
2026-01-16 14:00:00+00:00,1.16186,1.16208,1.16127,1.16183,10589
2026-01-16 15:00:00+00:00,1.16184,1.16274,1.15844,1.15936,31941
2026-01-16 16:00:00+00:00,1.15935,1.1606,1.15935,1.15983,16605
2026-01-16 17:00:00+00:00,1.15984,1.1603,1.15949,1.15957,8777
2026-01-16 18:00:00+00:00,1.15956,1.15994,1.15895,1.15957,4748
2026-01-16 19:00:00+00:00,1.15956,1.15975,1.15915,1.15964,4810
2026-01-16 20:00:00+00:00,1.15964,1.16023,1.15955,1.15994,3890
2026-01-16 21:00:00+00:00,1.15995,1.16023,1.15975,1.15982,6080
2026-01-18 22:00:00+00:00,1.15811,1.1587,1.15784,1.15849,2643
2026-01-18 23:00:00+00:00,1.15855,1.16272,1.1579,1.16246,16697
2026-01-19 00:00:00+00:00,1.16247,1.16379,1.16046,1.1632,18007
2026-01-19 01:00:00+00:00,1.16321,1.16346,1.16221,1.16227,10711
2026-01-19 02:00:00+00:00,1.16227,1.1624,1.16158,1.16176,7082
2026-01-19 03:00:00+00:00,1.16176,1.16262,1.16161,1.16246,4845
2026-01-19 04:00:00+00:00,1.16247,1.16338,1.16246,1.16331,4256
2026-01-19 05:00:00+00:00,1.16331,1.16376,1.16269,1.16277,5247
2026-01-19 06:00:00+00:00,1.16276,1.16326,1.1625,1.1628,5470
2026-01-19 07:00:00+00:00,1.16281,1.16415,1.16231,1.16262,10828
2026-01-19 08:00:00+00:00,1.16261,1.1628,1.16186,1.16251,10815
2026-01-19 09:00:00+00:00,1.1625,1.16298,1.16112,1.16245,9683
2026-01-19 10:00:00+00:00,1.16244,1.16286,1.16221,1.16241,7323
2026-01-19 11:00:00+00:00,1.1624,1.1629,1.16202,1.16279,5312
2026-01-19 12:00:00+00:00,1.16278,1.16334,1.16252,1.16257,6309
2026-01-19 13:00:00+00:00,1.16258,1.16357,1.16258,1.16319,7119
2026-01-19 14:00:00+00:00,1.16317,1.16427,1.16303,1.16399,8663
2026-01-19 15:00:00+00:00,1.164,1.16436,1.1632,1.164,11016
2026-01-19 16:00:00+00:00,1.16399,1.16475,1.16377,1.1642,5336
2026-01-19 17:00:00+00:00,1.16419,1.16467,1.16398,1.16459,3462
2026-01-19 18:00:00+00:00,1.16458,1.16489,1.16432,1.16433,2498
2026-01-19 19:00:00+00:00,1.16433,1.1647,1.16427,1.16432,1536
2026-01-19 20:00:00+00:00,1.16432,1.16454,1.16418,1.16454,1853
2026-01-19 21:00:00+00:00,1.16453,1.16465,1.1643,1.16456,2191
2026-01-19 22:00:00+00:00,1.16442,1.16473,1.16439,1.16451,1375
2026-01-19 23:00:00+00:00,1.16452,1.16464,1.16384,1.16395,1833
2026-01-20 00:00:00+00:00,1.16396,1.16411,1.16326,1.16403,4273
2026-01-20 01:00:00+00:00,1.16404,1.1644,1.1639,1.16439,5384
2026-01-20 02:00:00+00:00,1.16439,1.16466,1.16405,1.16445,3708
2026-01-20 03:00:00+00:00,1.16445,1.16588,1.16441,1.16566,4449
2026-01-20 04:00:00+00:00,1.16566,1.16667,1.16561,1.16656,4222
2026-01-20 05:00:00+00:00,1.16656,1.16726,1.1663,1.16633,4761
2026-01-20 06:00:00+00:00,1.16632,1.16691,1.16622,1.16685,6200
2026-01-20 07:00:00+00:00,1.16685,1.16939,1.16641,1.16887,15875
2026-01-20 08:00:00+00:00,1.16888,1.17219,1.16872,1.17163,23954
2026-01-20 09:00:00+00:00,1.17162,1.17329,1.17156,1.17262,18026
2026-01-20 10:00:00+00:00,1.17263,1.17322,1.17154,1.17311,16142
2026-01-20 11:00:00+00:00,1.17311,1.17389,1.17222,1.1735,11187
2026-01-20 12:00:00+00:00,1.17349,1.17437,1.17257,1.17258,12802
2026-01-20 13:00:00+00:00,1.17259,1.17691,1.17183,1.17335,39219
2026-01-20 14:00:00+00:00,1.17334,1.1737,1.17152,1.17193,33235
2026-01-20 15:00:00+00:00,1.17194,1.17372,1.17162,1.17271,21082
2026-01-20 16:00:00+00:00,1.1727,1.17394,1.17269,1.17388,16827
2026-01-20 17:00:00+00:00,1.17388,1.17427,1.17297,1.17315,11191
2026-01-20 18:00:00+00:00,1.17314,1.17341,1.17265,1.17268,6533
2026-01-20 19:00:00+00:00,1.17267,1.17281,1.17114,1.17123,12656
2026-01-20 20:00:00+00:00,1.17123,1.17205,1.17108,1.17195,14317
2026-01-20 21:00:00+00:00,1.17194,1.1727,1.17176,1.17247,3858
2026-01-20 22:00:00+00:00,1.17241,1.17256,1.17205,1.1722,1094
2026-01-20 23:00:00+00:00,1.1722,1.17289,1.17218,1.17272,2773
2026-01-21 00:00:00+00:00,1.17272,1.17272,1.17166,1.17237,5802
2026-01-21 01:00:00+00:00,1.17237,1.17343,1.17227,1.1729,10415
2026-01-21 02:00:00+00:00,1.1729,1.17318,1.17243,1.17264,7918
2026-01-21 03:00:00+00:00,1.17264,1.1729,1.17105,1.17189,9395
2026-01-21 04:00:00+00:00,1.17188,1.17204,1.1714,1.17181,5982
2026-01-21 05:00:00+00:00,1.17182,1.17217,1.17155,1.17174,5016
2026-01-21 06:00:00+00:00,1.17173,1.17251,1.17154,1.17238,5544
2026-01-21 07:00:00+00:00,1.17238,1.17255,1.171,1.1717,14059
2026-01-21 08:00:00+00:00,1.1717,1.17187,1.1705,1.17103,12108
2026-01-21 09:00:00+00:00,1.17103,1.17129,1.17013,1.17036,9047
2026-01-21 10:00:00+00:00,1.17035,1.17085,1.17014,1.17071,8829
2026-01-21 11:00:00+00:00,1.1707,1.17204,1.17039,1.17141,10287
2026-01-21 12:00:00+00:00,1.17142,1.17358,1.1712,1.17349,11646
2026-01-21 13:00:00+00:00,1.1735,1.17431,1.17286,1.17396,16630
2026-01-21 14:00:00+00:00,1.17395,1.17408,1.17151,1.17248,39736
2026-01-21 15:00:00+00:00,1.17247,1.17286,1.17005,1.17021,28761
2026-01-21 16:00:00+00:00,1.1702,1.17107,1.16946,1.17033,22644
2026-01-21 17:00:00+00:00,1.17034,1.17116,1.16971,1.17029,12715
2026-01-21 18:00:00+00:00,1.17029,1.17034,1.16936,1.16969,8493
2026-01-21 19:00:00+00:00,1.16969,1.17054,1.16771,1.16915,28786
2026-01-21 20:00:00+00:00,1.16916,1.16921,1.16763,1.16869,10303
2026-01-21 21:00:00+00:00,1.1687,1.16895,1.16834,1.16834,3968
2026-01-21 22:00:00+00:00,1.16849,1.1687,1.16839,1.16854,1481
2026-01-21 23:00:00+00:00,1.16854,1.16857,1.16698,1.1673,3648
2026-01-22 00:00:00+00:00,1.1673,1.16899,1.16728,1.16873,7806
2026-01-22 01:00:00+00:00,1.16872,1.16902,1.16812,1.16889,6773
2026-01-22 02:00:00+00:00,1.16888,1.16936,1.16833,1.16857,4021
2026-01-22 03:00:00+00:00,1.16856,1.16904,1.1685,1.16889,2918
2026-01-22 04:00:00+00:00,1.1689,1.16973,1.16889,1.16915,3881
2026-01-22 05:00:00+00:00,1.16915,1.16919,1.16844,1.16883,5178
2026-01-22 06:00:00+00:00,1.16883,1.16919,1.16842,1.16886,5927
2026-01-22 07:00:00+00:00,1.16885,1.16961,1.16847,1.16905,10535
2026-01-22 08:00:00+00:00,1.16904,1.16951,1.16841,1.16889,12421
2026-01-22 09:00:00+00:00,1.1689,1.16975,1.16877,1.16926,10468
2026-01-22 10:00:00+00:00,1.16926,1.16957,1.16866,1.16953,7821
2026-01-22 11:00:00+00:00,1.16953,1.17042,1.16903,1.17021,14698
2026-01-22 12:00:00+00:00,1.17022,1.17091,1.16999,1.17038,10882
2026-01-22 13:00:00+00:00,1.17039,1.17186,1.17029,1.17139,20367
2026-01-22 14:00:00+00:00,1.17139,1.17256,1.17108,1.17201,17915
2026-01-22 15:00:00+00:00,1.17201,1.17341,1.17185,1.1734,17619
2026-01-22 16:00:00+00:00,1.1734,1.17507,1.17335,1.17386,17089
2026-01-22 17:00:00+00:00,1.17386,1.17479,1.17268,1.17465,12782
2026-01-22 18:00:00+00:00,1.17465,1.17487,1.17433,1.17475,7068
2026-01-22 19:00:00+00:00,1.17475,1.1748,1.17413,1.17441,6427
2026-01-22 20:00:00+00:00,1.17442,1.17528,1.17421,1.17489,7013
2026-01-22 21:00:00+00:00,1.17488,1.17564,1.17471,1.17549,5798
2026-01-22 22:00:00+00:00,1.17518,1.17565,1.17518,1.17561,1227
2026-01-22 23:00:00+00:00,1.1756,1.17594,1.17533,1.17538,2806
2026-01-23 00:00:00+00:00,1.17538,1.17538,1.17479,1.1748,5548
2026-01-23 01:00:00+00:00,1.17481,1.17538,1.1747,1.17493,7556
2026-01-23 02:00:00+00:00,1.17494,1.17501,1.17439,1.17454,6467
2026-01-23 03:00:00+00:00,1.17454,1.17487,1.17436,1.17437,6211
2026-01-23 04:00:00+00:00,1.17437,1.17511,1.17431,1.17499,3363
2026-01-23 05:00:00+00:00,1.175,1.1754,1.17498,1.1751,4461
2026-01-23 06:00:00+00:00,1.1751,1.1753,1.17414,1.1742,10791
2026-01-23 07:00:00+00:00,1.1742,1.17475,1.17349,1.1736,26067
2026-01-23 08:00:00+00:00,1.1736,1.17452,1.17283,1.174,16985
2026-01-23 09:00:00+00:00,1.17399,1.17452,1.17351,1.17353,12971
2026-01-23 10:00:00+00:00,1.17354,1.1736,1.17301,1.17346,7680
2026-01-23 11:00:00+00:00,1.17346,1.17405,1.17308,1.17374,8611
2026-01-23 12:00:00+00:00,1.17374,1.17444,1.17365,1.17424,6827
2026-01-23 13:00:00+00:00,1.17424,1.17473,1.17329,1.17341,7985
2026-01-23 14:00:00+00:00,1.17342,1.17482,1.17319,1.17466,11764
2026-01-23 15:00:00+00:00,1.17465,1.17615,1.17458,1.17581,14994
2026-01-23 16:00:00+00:00,1.17582,1.17752,1.17465,1.17707,21152
2026-01-23 17:00:00+00:00,1.17706,1.17988,1.17691,1.17943,34277
2026-01-23 18:00:00+00:00,1.17942,1.17956,1.17772,1.17922,17399
2026-01-23 19:00:00+00:00,1.17922,1.1815,1.17915,1.18116,17593
2026-01-23 20:00:00+00:00,1.18117,1.18265,1.18101,1.18211,20354
2026-01-23 21:00:00+00:00,1.18212,1.18338,1.1821,1.18319,17922
2026-01-25 22:00:00+00:00,1.18631,1.18931,1.18512,1.18892,8141
2026-01-25 23:00:00+00:00,1.18893,1.18977,1.18545,1.18603,21860
2026-01-26 00:00:00+00:00,1.18604,1.18631,1.18445,1.18612,36480
2026-01-26 01:00:00+00:00,1.18613,1.18691,1.18547,1.18579,28438
2026-01-26 02:00:00+00:00,1.18579,1.18765,1.1856,1.18676,21381
2026-01-26 03:00:00+00:00,1.18677,1.18678,1.18582,1.18623,11681
2026-01-26 04:00:00+00:00,1.18624,1.18694,1.18556,1.18591,13001
2026-01-26 05:00:00+00:00,1.18591,1.18699,1.1858,1.18651,8212
2026-01-26 06:00:00+00:00,1.1865,1.18657,1.18508,1.18516,14149
2026-01-26 07:00:00+00:00,1.18517,1.18629,1.18366,1.1839,17583
2026-01-26 08:00:00+00:00,1.1839,1.18597,1.18383,1.18535,22326
2026-01-26 09:00:00+00:00,1.18535,1.18675,1.18419,1.18637,21601
2026-01-26 10:00:00+00:00,1.18637,1.18654,1.18535,1.18607,13324
2026-01-26 11:00:00+00:00,1.18607,1.18608,1.18485,1.18559,11958
2026-01-26 12:00:00+00:00,1.18559,1.18572,1.18401,1.18422,11025
2026-01-26 13:00:00+00:00,1.18422,1.18569,1.1835,1.1856,15941
2026-01-26 14:00:00+00:00,1.18559,1.18796,1.18526,1.18791,19936
2026-01-26 15:00:00+00:00,1.1879,1.18969,1.18705,1.18954,23733
2026-01-26 16:00:00+00:00,1.18953,1.19072,1.18801,1.18859,23846
2026-01-26 17:00:00+00:00,1.18859,1.18915,1.18748,1.18789,15015
2026-01-26 18:00:00+00:00,1.1879,1.18904,1.18782,1.1879,10695
2026-01-26 19:00:00+00:00,1.1879,1.18817,1.18706,1.18792,14857
2026-01-26 20:00:00+00:00,1.18793,1.18837,1.18773,1.18826,10395
2026-01-26 21:00:00+00:00,1.18825,1.18864,1.1874,1.18806,7976
2026-01-26 22:00:00+00:00,1.18774,1.18794,1.18751,1.1879,894
2026-01-26 23:00:00+00:00,1.18789,1.18821,1.18715,1.18739,4820
2026-01-27 00:00:00+00:00,1.18739,1.18827,1.18726,1.18772,9002
2026-01-27 01:00:00+00:00,1.18772,1.18815,1.18733,1.18787,10934
2026-01-27 02:00:00+00:00,1.18786,1.18995,1.18761,1.18935,8181
2026-01-27 03:00:00+00:00,1.18934,1.18934,1.18793,1.18798,5985
2026-01-27 04:00:00+00:00,1.18798,1.18825,1.187,1.18735,4763
2026-01-27 05:00:00+00:00,1.18735,1.18786,1.1872,1.18769,4555
2026-01-27 06:00:00+00:00,1.18769,1.18815,1.18709,1.1872,6093
2026-01-27 07:00:00+00:00,1.18719,1.18756,1.1861,1.18637,12014
2026-01-27 08:00:00+00:00,1.18638,1.18673,1.18503,1.18606,13595
2026-01-27 09:00:00+00:00,1.18605,1.18899,1.18589,1.18891,17608
2026-01-27 10:00:00+00:00,1.18891,1.189,1.18742,1.18889,17426
2026-01-27 11:00:00+00:00,1.1889,1.18972,1.18854,1.18954,9616
2026-01-27 12:00:00+00:00,1.18954,1.19344,1.18942,1.19281,29124
2026-01-27 13:00:00+00:00,1.19282,1.19387,1.19142,1.19235,26897
2026-01-27 14:00:00+00:00,1.19236,1.19556,1.19184,1.19436,31425
2026-01-27 15:00:00+00:00,1.19436,1.19726,1.19432,1.19509,36968
2026-01-27 16:00:00+00:00,1.19508,1.19902,1.19497,1.19792,26947
2026-01-27 17:00:00+00:00,1.19792,1.19838,1.19587,1.19799,24109
2026-01-27 18:00:00+00:00,1.198,1.19874,1.19718,1.19778,14860
2026-01-27 19:00:00+00:00,1.19778,1.19808,1.19712,1.19771,12001
2026-01-27 20:00:00+00:00,1.19771,1.20827,1.19719,1.20295,80530
2026-01-27 21:00:00+00:00,1.20295,1.20499,1.20233,1.20398,40388
2026-01-27 22:00:00+00:00,1.20396,1.2044,1.20365,1.20419,1701
2026-01-27 23:00:00+00:00,1.20418,1.20461,1.20162,1.20228,9975
2026-01-28 00:00:00+00:00,1.20229,1.20236,1.20079,1.20151,15035
2026-01-28 01:00:00+00:00,1.20152,1.20163,1.19927,1.19928,13941
2026-01-28 02:00:00+00:00,1.19929,1.2,1.19872,1.19975,9379
2026-01-28 03:00:00+00:00,1.19976,1.2005,1.19952,1.19969,6117
2026-01-28 04:00:00+00:00,1.19969,1.20018,1.19915,1.20002,4030
2026-01-28 05:00:00+00:00,1.20002,1.2001,1.19748,1.1997,17089
2026-01-28 06:00:00+00:00,1.19971,1.20071,1.19902,1.19953,11271
2026-01-28 07:00:00+00:00,1.19952,1.20259,1.19843,1.19914,23500
2026-01-28 08:00:00+00:00,1.19914,1.20048,1.19705,1.19805,29585
2026-01-28 09:00:00+00:00,1.19805,1.19928,1.19752,1.19869,18872
2026-01-28 10:00:00+00:00,1.1987,1.19949,1.19726,1.19892,15301
2026-01-28 11:00:00+00:00,1.19893,1.19897,1.19619,1.1968,15469
2026-01-28 12:00:00+00:00,1.1968,1.19835,1.19661,1.19798,14738
2026-01-28 13:00:00+00:00,1.19798,1.19809,1.19519,1.19575,19032
2026-01-28 14:00:00+00:00,1.19576,1.19776,1.19526,1.19624,22321
2026-01-28 15:00:00+00:00,1.19625,1.19703,1.19228,1.19434,86691
2026-01-28 16:00:00+00:00,1.19435,1.19527,1.19186,1.19406,32111
2026-01-28 17:00:00+00:00,1.19406,1.19434,1.19281,1.1941,13556
2026-01-28 18:00:00+00:00,1.19411,1.19423,1.19144,1.19216,16111
2026-01-28 19:00:00+00:00,1.19216,1.19419,1.18957,1.19406,66593
2026-01-28 20:00:00+00:00,1.19406,1.19504,1.19293,1.19456,24175
2026-01-28 21:00:00+00:00,1.19455,1.19548,1.19418,1.19543,9547
2026-01-28 22:00:00+00:00,1.19557,1.19571,1.1955,1.19561,685
2026-01-28 23:00:00+00:00,1.19562,1.19812,1.19525,1.19811,11744
2026-01-29 00:00:00+00:00,1.19809,1.19853,1.19691,1.19736,14200
2026-01-29 01:00:00+00:00,1.19737,1.19737,1.19569,1.19614,12292
2026-01-29 02:00:00+00:00,1.19613,1.19757,1.19533,1.19732,9209
2026-01-29 03:00:00+00:00,1.19732,1.1987,1.19706,1.19866,8748
2026-01-29 04:00:00+00:00,1.19866,1.19907,1.19753,1.19901,7896
2026-01-29 05:00:00+00:00,1.199,1.19936,1.19806,1.19813,7512
2026-01-29 06:00:00+00:00,1.19812,1.19892,1.19753,1.19845,11460
2026-01-29 07:00:00+00:00,1.19846,1.19967,1.19674,1.19741,18111
2026-01-29 08:00:00+00:00,1.1974,1.19858,1.19614,1.19686,21040
2026-01-29 09:00:00+00:00,1.19685,1.19743,1.19515,1.19558,16847
2026-01-29 10:00:00+00:00,1.19559,1.1958,1.19387,1.19424,16400
2026-01-29 11:00:00+00:00,1.19424,1.19532,1.19381,1.19471,11925
2026-01-29 12:00:00+00:00,1.19472,1.19624,1.19422,1.19612,12907
2026-01-29 13:00:00+00:00,1.19612,1.19709,1.19402,1.19562,30299
2026-01-29 14:00:00+00:00,1.19563,1.19715,1.19521,1.19705,30063
2026-01-29 15:00:00+00:00,1.19705,1.19727,1.1906,1.19296,91185
2026-01-29 16:00:00+00:00,1.19296,1.19529,1.19272,1.19428,46336
2026-01-29 17:00:00+00:00,1.19428,1.19616,1.19428,1.19558,33099
2026-01-29 18:00:00+00:00,1.19557,1.19649,1.19484,1.19579,20539
2026-01-29 19:00:00+00:00,1.19579,1.19606,1.19502,1.19515,13343
2026-01-29 20:00:00+00:00,1.19514,1.19684,1.19459,1.19648,9358
2026-01-29 21:00:00+00:00,1.19648,1.19716,1.1962,1.19712,9184
2026-01-29 22:00:00+00:00,1.19703,1.19707,1.19665,1.19695,1280
2026-01-29 23:00:00+00:00,1.19694,1.19747,1.19651,1.19675,5132
2026-01-30 00:00:00+00:00,1.19674,1.19732,1.19301,1.1932,25732
2026-01-30 01:00:00+00:00,1.19321,1.19398,1.19144,1.19171,29006
2026-01-30 02:00:00+00:00,1.1917,1.19267,1.18949,1.19186,42609
2026-01-30 03:00:00+00:00,1.19187,1.19231,1.19131,1.192,13657
2026-01-30 04:00:00+00:00,1.19199,1.19346,1.19191,1.19244,8580
2026-01-30 05:00:00+00:00,1.19245,1.19352,1.19145,1.19248,10902
2026-01-30 06:00:00+00:00,1.19248,1.19332,1.1914,1.19191,22108
2026-01-30 07:00:00+00:00,1.19192,1.19426,1.19148,1.1938,25856
2026-01-30 08:00:00+00:00,1.19379,1.19433,1.19234,1.1933,21140
2026-01-30 09:00:00+00:00,1.19329,1.19381,1.18983,1.19082,28318
2026-01-30 10:00:00+00:00,1.19082,1.19253,1.19047,1.19211,17041
2026-01-30 11:00:00+00:00,1.19212,1.19507,1.19207,1.19492,20518
2026-01-30 12:00:00+00:00,1.19491,1.19547,1.19152,1.19195,19257
2026-01-30 13:00:00+00:00,1.19195,1.19246,1.1902,1.19128,32813
2026-01-30 14:00:00+00:00,1.19127,1.19213,1.19011,1.19062,33582
2026-01-30 15:00:00+00:00,1.19062,1.19062,1.18831,1.18952,47054
2026-01-30 16:00:00+00:00,1.18953,1.18977,1.18717,1.1886,34946
2026-01-30 17:00:00+00:00,1.18861,1.18877,1.18667,1.18725,29565
2026-01-30 18:00:00+00:00,1.18724,1.18845,1.18545,1.18784,40696
2026-01-30 19:00:00+00:00,1.18783,1.1885,1.18646,1.18695,26651
2026-01-30 20:00:00+00:00,1.18694,1.18695,1.18529,1.18529,17360
2026-01-30 21:00:00+00:00,1.1853,1.18568,1.18499,1.18501,16253
2026-02-01 22:00:00+00:00,1.18516,1.18531,1.18474,1.1851,1895
2026-02-01 23:00:00+00:00,1.18511,1.1857,1.18397,1.18462,17884
2026-02-02 00:00:00+00:00,1.18463,1.18748,1.18463,1.18667,27334
2026-02-02 01:00:00+00:00,1.18668,1.18726,1.18529,1.18707,25802
2026-02-02 02:00:00+00:00,1.18707,1.18748,1.18631,1.18632,15677
2026-02-02 03:00:00+00:00,1.18632,1.1872,1.18631,1.18642,10326
2026-02-02 04:00:00+00:00,1.18643,1.18727,1.18581,1.18633,10971
2026-02-02 05:00:00+00:00,1.18632,1.18638,1.1841,1.18507,12158
2026-02-02 06:00:00+00:00,1.18507,1.18546,1.18433,1.18538,21200
2026-02-02 07:00:00+00:00,1.18539,1.18635,1.18516,1.18536,23289
2026-02-02 08:00:00+00:00,1.18537,1.18666,1.18437,1.18509,24782
2026-02-02 09:00:00+00:00,1.18509,1.18652,1.18447,1.18624,21890
2026-02-02 10:00:00+00:00,1.18622,1.18705,1.18586,1.18648,15284
2026-02-02 11:00:00+00:00,1.18647,1.18714,1.18606,1.18647,14791
2026-02-02 12:00:00+00:00,1.18647,1.18701,1.18431,1.18499,15600
2026-02-02 13:00:00+00:00,1.18498,1.18506,1.1818,1.18208,23980
2026-02-02 14:00:00+00:00,1.18208,1.183,1.18055,1.18219,27713
2026-02-02 15:00:00+00:00,1.18214,1.18214,1.17904,1.17924,44329
2026-02-02 16:00:00+00:00,1.17924,1.18078,1.17904,1.18064,20954
2026-02-02 17:00:00+00:00,1.18065,1.18125,1.17951,1.18001,18713
2026-02-02 18:00:00+00:00,1.18002,1.18013,1.17776,1.17796,14160
2026-02-02 19:00:00+00:00,1.17797,1.17915,1.1776,1.17888,11812
2026-02-02 20:00:00+00:00,1.17888,1.17923,1.17803,1.17915,10042
2026-02-02 21:00:00+00:00,1.17914,1.17946,1.17887,1.17909,6546
2026-02-02 22:00:00+00:00,1.17887,1.17936,1.17872,1.17898,7426
2026-02-02 23:00:00+00:00,1.17897,1.17991,1.17877,1.1799,4381
2026-02-03 00:00:00+00:00,1.1799,1.18072,1.17982,1.18064,7137
2026-02-03 01:00:00+00:00,1.18065,1.18149,1.18017,1.18141,8996
2026-02-03 02:00:00+00:00,1.1814,1.18144,1.18008,1.18017,5469
2026-02-03 03:00:00+00:00,1.18017,1.18127,1.1801,1.18095,7552
2026-02-03 04:00:00+00:00,1.18094,1.18167,1.18089,1.18093,4420
2026-02-03 05:00:00+00:00,1.18094,1.18132,1.18049,1.1809,4468
2026-02-03 06:00:00+00:00,1.18089,1.18164,1.18079,1.18139,7290
2026-02-03 07:00:00+00:00,1.18138,1.18245,1.18099,1.18153,14379
2026-02-03 08:00:00+00:00,1.18153,1.18195,1.18037,1.18129,14944
2026-02-03 09:00:00+00:00,1.1813,1.18161,1.17921,1.17922,16690
2026-02-03 10:00:00+00:00,1.17921,1.18,1.17868,1.17872,9575
2026-02-03 11:00:00+00:00,1.17872,1.17948,1.17828,1.17872,10101
2026-02-03 12:00:00+00:00,1.17873,1.18003,1.17867,1.17966,9397
2026-02-03 13:00:00+00:00,1.17965,1.18067,1.17927,1.17962,15388
2026-02-03 14:00:00+00:00,1.17961,1.18014,1.17801,1.17911,23323
2026-02-03 15:00:00+00:00,1.17911,1.18136,1.17863,1.1813,23300
2026-02-03 16:00:00+00:00,1.1813,1.18214,1.18103,1.18179,18125
2026-02-03 17:00:00+00:00,1.18178,1.18291,1.18137,1.18164,17056
2026-02-03 18:00:00+00:00,1.18164,1.18226,1.18092,1.18092,12734
2026-02-03 19:00:00+00:00,1.18092,1.18172,1.18059,1.18136,11470
2026-02-03 20:00:00+00:00,1.18136,1.18219,1.18095,1.18211,10362
2026-02-03 21:00:00+00:00,1.18211,1.18254,1.18178,1.18182,5411
2026-02-03 22:00:00+00:00,1.18182,1.18205,1.18166,1.18175,5714
2026-02-03 23:00:00+00:00,1.18175,1.18204,1.18123,1.18156,2921
2026-02-04 00:00:00+00:00,1.18157,1.18176,1.18089,1.18143,6718
2026-02-04 01:00:00+00:00,1.18144,1.18319,1.18124,1.18261,9704
2026-02-04 02:00:00+00:00,1.18261,1.18317,1.18188,1.18222,6010
2026-02-04 03:00:00+00:00,1.18222,1.18281,1.18207,1.18271,4595
2026-02-04 04:00:00+00:00,1.18271,1.18358,1.18254,1.18356,4042
2026-02-04 05:00:00+00:00,1.18355,1.18363,1.18306,1.1833,4325
2026-02-04 06:00:00+00:00,1.18329,1.18363,1.1829,1.18297,6577
2026-02-04 07:00:00+00:00,1.18297,1.1834,1.18241,1.18321,10944
2026-02-04 08:00:00+00:00,1.1832,1.18381,1.18237,1.18288,12348
2026-02-04 09:00:00+00:00,1.18289,1.18327,1.18112,1.1814,12758
2026-02-04 10:00:00+00:00,1.18141,1.1818,1.18047,1.18136,10279
2026-02-04 11:00:00+00:00,1.18136,1.18155,1.1806,1.18104,9337
2026-02-04 12:00:00+00:00,1.18103,1.1825,1.18097,1.18217,8192
2026-02-04 13:00:00+00:00,1.18217,1.18273,1.18113,1.18225,20812
2026-02-04 14:00:00+00:00,1.18225,1.18257,1.18024,1.18148,25604
2026-02-04 15:00:00+00:00,1.18148,1.18222,1.17933,1.17964,27823
2026-02-04 16:00:00+00:00,1.17965,1.18058,1.17905,1.18027,20264
2026-02-04 17:00:00+00:00,1.18027,1.18151,1.17941,1.17977,21530
2026-02-04 18:00:00+00:00,1.17977,1.18018,1.17949,1.1801,13273
2026-02-04 19:00:00+00:00,1.1801,1.18096,1.17944,1.18092,14847
2026-02-04 20:00:00+00:00,1.18092,1.18097,1.18016,1.18036,6789
2026-02-04 21:00:00+00:00,1.18037,1.18081,1.18024,1.18073,4976
2026-02-04 22:00:00+00:00,1.18061,1.18077,1.18049,1.18067,848
2026-02-04 23:00:00+00:00,1.18066,1.18079,1.18004,1.18017,2904
2026-02-05 00:00:00+00:00,1.18016,1.18048,1.17995,1.18045,4497
2026-02-05 01:00:00+00:00,1.18045,1.18084,1.1802,1.18038,6332
2026-02-05 02:00:00+00:00,1.18039,1.18054,1.17849,1.17857,13414
2026-02-05 03:00:00+00:00,1.17857,1.1791,1.17828,1.17893,9420
2026-02-05 04:00:00+00:00,1.17894,1.17911,1.17868,1.17877,3247
2026-02-05 05:00:00+00:00,1.17877,1.17904,1.17844,1.17902,3533
2026-02-05 06:00:00+00:00,1.17902,1.17916,1.17847,1.17906,7311
2026-02-05 07:00:00+00:00,1.17905,1.18036,1.17905,1.1799,11737
2026-02-05 08:00:00+00:00,1.17989,1.18089,1.17955,1.18029,15107
2026-02-05 09:00:00+00:00,1.18028,1.18029,1.17803,1.17806,15216
2026-02-05 10:00:00+00:00,1.17806,1.17919,1.17804,1.17878,8032
2026-02-05 11:00:00+00:00,1.17878,1.17954,1.17862,1.17938,7427
2026-02-05 12:00:00+00:00,1.17937,1.18037,1.17855,1.17997,29296
2026-02-05 13:00:00+00:00,1.17998,1.18154,1.17913,1.18118,33503
2026-02-05 14:00:00+00:00,1.18118,1.18219,1.17957,1.17981,40171
2026-02-05 15:00:00+00:00,1.17981,1.18117,1.1782,1.17913,31241
2026-02-05 16:00:00+00:00,1.17913,1.18036,1.17852,1.18014,19162
2026-02-05 17:00:00+00:00,1.18015,1.18044,1.17961,1.18008,11840
2026-02-05 18:00:00+00:00,1.18008,1.18029,1.17922,1.17936,6881
2026-02-05 19:00:00+00:00,1.17936,1.17974,1.17927,1.17943,6981
2026-02-05 20:00:00+00:00,1.17943,1.17948,1.17798,1.1781,9173
2026-02-05 21:00:00+00:00,1.1781,1.17845,1.1775,1.17775,6623
2026-02-05 22:00:00+00:00,1.17785,1.17832,1.17782,1.17817,1725
2026-02-05 23:00:00+00:00,1.17819,1.17823,1.17752,1.17766,4571
2026-02-06 00:00:00+00:00,1.17766,1.17834,1.17658,1.17829,11411
2026-02-06 01:00:00+00:00,1.17829,1.17884,1.17787,1.17854,9637
2026-02-06 02:00:00+00:00,1.17854,1.17918,1.17848,1.17877,6783
2026-02-06 03:00:00+00:00,1.17876,1.17905,1.17858,1.17877,3395
2026-02-06 04:00:00+00:00,1.17878,1.17965,1.17873,1.17953,3582
2026-02-06 05:00:00+00:00,1.17954,1.18014,1.17948,1.17984,4125
2026-02-06 06:00:00+00:00,1.17983,1.18019,1.17945,1.17971,7780
2026-02-06 07:00:00+00:00,1.17971,1.17978,1.17887,1.17915,7885
2026-02-06 08:00:00+00:00,1.17915,1.17959,1.17858,1.17924,13047
2026-02-06 09:00:00+00:00,1.17923,1.17983,1.17902,1.17921,8959
2026-02-06 10:00:00+00:00,1.1792,1.17999,1.17898,1.17921,7213
2026-02-06 11:00:00+00:00,1.17921,1.17933,1.17857,1.17902,7663
2026-02-06 12:00:00+00:00,1.17902,1.17932,1.17883,1.17928,7123
2026-02-06 13:00:00+00:00,1.17927,1.18112,1.17923,1.18104,12066
2026-02-06 14:00:00+00:00,1.18104,1.18263,1.181,1.18212,17861
2026-02-06 15:00:00+00:00,1.18212,1.18241,1.18053,1.18193,15830
2026-02-06 16:00:00+00:00,1.18192,1.18218,1.18101,1.18124,12186
2026-02-06 17:00:00+00:00,1.18123,1.18207,1.18104,1.18181,8563
2026-02-06 18:00:00+00:00,1.18181,1.1823,1.18176,1.18192,5279
2026-02-06 19:00:00+00:00,1.18191,1.18214,1.18146,1.18192,4482
2026-02-06 20:00:00+00:00,1.18193,1.18229,1.18185,1.18222,4469
2026-02-06 21:00:00+00:00,1.18222,1.18241,1.18135,1.18146,7308
2026-02-08 22:00:00+00:00,1.1814,1.1816,1.18134,1.18152,1723
2026-02-08 23:00:00+00:00,1.18152,1.18279,1.18095,1.18268,10808
2026-02-09 00:00:00+00:00,1.18269,1.18337,1.1824,1.18308,12572
2026-02-09 01:00:00+00:00,1.18307,1.18337,1.18248,1.18256,8814
2026-02-09 02:00:00+00:00,1.18254,1.18258,1.18162,1.18197,7840
2026-02-09 03:00:00+00:00,1.18197,1.18251,1.18184,1.1819,4754
2026-02-09 04:00:00+00:00,1.1819,1.18269,1.1819,1.18266,2875
2026-02-09 05:00:00+00:00,1.18266,1.18365,1.18259,1.18334,4053
2026-02-09 06:00:00+00:00,1.18334,1.18578,1.18331,1.1852,19834
2026-02-09 07:00:00+00:00,1.18521,1.186,1.18471,1.1856,14803
2026-02-09 08:00:00+00:00,1.18561,1.1865,1.18516,1.18642,14566
2026-02-09 09:00:00+00:00,1.18643,1.18699,1.18603,1.18622,9996
2026-02-09 10:00:00+00:00,1.18622,1.18698,1.18552,1.18602,12116
2026-02-09 11:00:00+00:00,1.18602,1.18721,1.18557,1.18693,12374
2026-02-09 12:00:00+00:00,1.18693,1.1883,1.18693,1.18814,10571
2026-02-09 13:00:00+00:00,1.18814,1.19058,1.18813,1.19037,24528
2026-02-09 14:00:00+00:00,1.19038,1.19185,1.19029,1.19184,29126
2026-02-09 15:00:00+00:00,1.19184,1.19268,1.19034,1.19122,23420
2026-02-09 16:00:00+00:00,1.19123,1.19178,1.1893,1.18975,16621
2026-02-09 17:00:00+00:00,1.18976,1.1911,1.18973,1.19087,8762
2026-02-09 18:00:00+00:00,1.19086,1.19173,1.19035,1.1916,9187
2026-02-09 19:00:00+00:00,1.1916,1.19223,1.19124,1.19203,7182
2026-02-09 20:00:00+00:00,1.19203,1.19213,1.1914,1.19147,6743
2026-02-09 21:00:00+00:00,1.19147,1.19161,1.19106,1.1913,5090
2026-02-09 22:00:00+00:00,1.19125,1.19153,1.19112,1.19139,1152
2026-02-09 23:00:00+00:00,1.19138,1.19147,1.19017,1.19038,3507
2026-02-10 00:00:00+00:00,1.19037,1.19057,1.18985,1.19019,4763
2026-02-10 01:00:00+00:00,1.19019,1.19105,1.18967,1.19057,6818
2026-02-10 02:00:00+00:00,1.19058,1.19145,1.19058,1.19137,5892
2026-02-10 03:00:00+00:00,1.19136,1.19171,1.191,1.19116,5481
2026-02-10 04:00:00+00:00,1.19115,1.19128,1.1906,1.1907,2728
2026-02-10 05:00:00+00:00,1.1907,1.19106,1.19038,1.19074,3214
2026-02-10 06:00:00+00:00,1.19073,1.19133,1.19013,1.19032,6715
2026-02-10 07:00:00+00:00,1.19032,1.19106,1.18995,1.19088,9145
2026-02-10 08:00:00+00:00,1.19088,1.19154,1.18997,1.19093,11222
2026-02-10 09:00:00+00:00,1.19092,1.19199,1.19082,1.19145,8107
2026-02-10 10:00:00+00:00,1.19146,1.19175,1.19092,1.191,7228
2026-02-10 11:00:00+00:00,1.19101,1.19107,1.19008,1.19038,6466
2026-02-10 12:00:00+00:00,1.19039,1.19087,1.18912,1.1893,13388
2026-02-10 13:00:00+00:00,1.1893,1.19136,1.18883,1.19055,22052
2026-02-10 14:00:00+00:00,1.19055,1.19287,1.19029,1.19149,22772
2026-02-10 15:00:00+00:00,1.19147,1.19195,1.18966,1.1914,28617
2026-02-10 16:00:00+00:00,1.19141,1.19149,1.18966,1.18978,19788
2026-02-10 17:00:00+00:00,1.18977,1.19055,1.18932,1.18959,9461
2026-02-10 18:00:00+00:00,1.18958,1.18982,1.18905,1.18922,7307
2026-02-10 19:00:00+00:00,1.18923,1.19026,1.18868,1.19023,6129
2026-02-10 20:00:00+00:00,1.19023,1.19035,1.18946,1.18952,6927
2026-02-10 21:00:00+00:00,1.18952,1.18967,1.18925,1.18952,3820
2026-02-10 22:00:00+00:00,1.18952,1.18981,1.18915,1.18916,6209
2026-02-10 23:00:00+00:00,1.18916,1.18922,1.18868,1.18878,1887
2026-02-11 00:00:00+00:00,1.18878,1.19005,1.18865,1.18969,6105
2026-02-11 01:00:00+00:00,1.1897,1.19021,1.18939,1.18977,6992
2026-02-11 02:00:00+00:00,1.18978,1.1913,1.18977,1.19084,8458
2026-02-11 03:00:00+00:00,1.19085,1.19138,1.19035,1.19117,4052
2026-02-11 04:00:00+00:00,1.19117,1.1915,1.19075,1.19081,3859
2026-02-11 05:00:00+00:00,1.19081,1.19193,1.19068,1.19186,5642
2026-02-11 06:00:00+00:00,1.19186,1.19258,1.19127,1.19152,7624
2026-02-11 07:00:00+00:00,1.19153,1.19184,1.19103,1.1918,9011
2026-02-11 08:00:00+00:00,1.19179,1.19201,1.19132,1.19185,9261
2026-02-11 09:00:00+00:00,1.19185,1.19198,1.19102,1.19181,9514
2026-02-11 10:00:00+00:00,1.1918,1.19274,1.19161,1.19218,8702
2026-02-11 11:00:00+00:00,1.19218,1.19218,1.19049,1.19082,7654
2026-02-11 12:00:00+00:00,1.19083,1.19093,1.18985,1.19005,11315
2026-02-11 13:00:00+00:00,1.19004,1.19046,1.18331,1.1862,81354
2026-02-11 14:00:00+00:00,1.1862,1.18827,1.18528,1.18604,49109
2026-02-11 15:00:00+00:00,1.18605,1.18718,1.18511,1.18594,37870
2026-02-11 16:00:00+00:00,1.18594,1.18834,1.18533,1.18832,19081
2026-02-11 17:00:00+00:00,1.18831,1.18937,1.18772,1.18859,14019
2026-02-11 18:00:00+00:00,1.18859,1.18909,1.18788,1.18823,9854
2026-02-11 19:00:00+00:00,1.18822,1.18848,1.18779,1.18798,8120
2026-02-11 20:00:00+00:00,1.18797,1.18811,1.18698,1.18707,5709
2026-02-11 21:00:00+00:00,1.18707,1.18745,1.18688,1.18718,4030
2026-02-11 22:00:00+00:00,1.18723,1.18779,1.18716,1.18748,955
2026-02-11 23:00:00+00:00,1.18745,1.18763,1.18701,1.18748,2880
2026-02-12 00:00:00+00:00,1.18748,1.18784,1.18669,1.1877,5853
2026-02-12 01:00:00+00:00,1.1877,1.18826,1.18737,1.18807,7982
2026-02-12 02:00:00+00:00,1.18807,1.18848,1.18751,1.18791,6716
2026-02-12 03:00:00+00:00,1.1879,1.18811,1.18653,1.18698,5732
2026-02-12 04:00:00+00:00,1.18698,1.18727,1.18602,1.18619,5066
2026-02-12 05:00:00+00:00,1.1862,1.18659,1.18584,1.18648,5815
2026-02-12 06:00:00+00:00,1.18648,1.18678,1.18524,1.18607,15633
2026-02-12 07:00:00+00:00,1.18606,1.18753,1.18595,1.1873,9677
2026-02-12 08:00:00+00:00,1.1873,1.1881,1.18713,1.18801,10777
2026-02-12 09:00:00+00:00,1.188,1.18881,1.18797,1.18872,9420
2026-02-12 10:00:00+00:00,1.18872,1.18874,1.18747,1.18772,7367
2026-02-12 11:00:00+00:00,1.18771,1.18847,1.18752,1.18845,5520
2026-02-12 12:00:00+00:00,1.18846,1.18863,1.1867,1.18731,7437
2026-02-12 13:00:00+00:00,1.1873,1.18852,1.18713,1.1885,14136
2026-02-12 14:00:00+00:00,1.18849,1.18877,1.18747,1.18835,20183
2026-02-12 15:00:00+00:00,1.18835,1.18886,1.18783,1.18858,20633
2026-02-12 16:00:00+00:00,1.18859,1.189,1.1862,1.18707,45551
2026-02-12 17:00:00+00:00,1.18708,1.1877,1.18601,1.18654,22901
2026-02-12 18:00:00+00:00,1.18655,1.18696,1.18562,1.18636,17033
2026-02-12 19:00:00+00:00,1.18636,1.18718,1.18609,1.18702,11495
2026-02-12 20:00:00+00:00,1.18701,1.18707,1.18636,1.18697,5776
2026-02-12 21:00:00+00:00,1.18698,1.18728,1.18686,1.18706,4088
2026-02-12 22:00:00+00:00,1.18687,1.18726,1.18666,1.18723,528
2026-02-12 23:00:00+00:00,1.18724,1.1873,1.18671,1.18693,2645
2026-02-13 00:00:00+00:00,1.18692,1.18726,1.18665,1.18726,6093
2026-02-13 01:00:00+00:00,1.18725,1.18737,1.18633,1.18671,6349
2026-02-13 02:00:00+00:00,1.18671,1.18713,1.18629,1.18695,3937
2026-02-13 03:00:00+00:00,1.18695,1.18704,1.18657,1.18669,3072
2026-02-13 04:00:00+00:00,1.1867,1.18678,1.18601,1.18632,2899
2026-02-13 05:00:00+00:00,1.18633,1.18649,1.18579,1.18596,5819
2026-02-13 06:00:00+00:00,1.18596,1.18618,1.18535,1.18563,7100
2026-02-13 07:00:00+00:00,1.18562,1.186,1.18472,1.18587,11309
2026-02-13 08:00:00+00:00,1.18587,1.18629,1.18561,1.18626,8922
2026-02-13 09:00:00+00:00,1.18627,1.18667,1.18606,1.18608,6415
2026-02-13 10:00:00+00:00,1.18607,1.18611,1.18529,1.18574,6236
2026-02-13 11:00:00+00:00,1.18575,1.18614,1.1855,1.18587,7595
2026-02-13 12:00:00+00:00,1.18587,1.18638,1.18554,1.1862,8444
2026-02-13 13:00:00+00:00,1.18621,1.18847,1.18568,1.18744,35892
2026-02-13 14:00:00+00:00,1.18743,1.18749,1.18572,1.18593,27175
2026-02-13 15:00:00+00:00,1.18593,1.18708,1.18477,1.18483,20807
2026-02-13 16:00:00+00:00,1.18483,1.18747,1.18483,1.18688,17000
2026-02-13 17:00:00+00:00,1.18689,1.18829,1.18684,1.1875,9432
2026-02-13 18:00:00+00:00,1.18751,1.18807,1.18724,1.18737,6796
2026-02-13 19:00:00+00:00,1.18737,1.18752,1.18662,1.18666,7839
2026-02-13 20:00:00+00:00,1.18667,1.18748,1.18645,1.18745,7774
2026-02-13 21:00:00+00:00,1.18745,1.18766,1.18674,1.1868,7532
2026-02-15 22:00:00+00:00,1.18714,1.18731,1.18698,1.18713,766
2026-02-15 23:00:00+00:00,1.18713,1.18726,1.18632,1.18669,3330
2026-02-16 00:00:00+00:00,1.1867,1.18673,1.18607,1.18614,4242
2026-02-16 01:00:00+00:00,1.18613,1.18665,1.18591,1.18653,6383
2026-02-16 02:00:00+00:00,1.18652,1.18673,1.18619,1.18654,5206
2026-02-16 03:00:00+00:00,1.18655,1.18691,1.18638,1.18673,2453
2026-02-16 04:00:00+00:00,1.18674,1.18682,1.18612,1.18625,2664
2026-02-16 05:00:00+00:00,1.18625,1.18666,1.1861,1.1865,1676
2026-02-16 06:00:00+00:00,1.1865,1.18703,1.18639,1.18662,2771
2026-02-16 07:00:00+00:00,1.18662,1.18664,1.18605,1.18628,5111
2026-02-16 08:00:00+00:00,1.18628,1.18706,1.1857,1.18651,10436
2026-02-16 09:00:00+00:00,1.18652,1.18693,1.18623,1.18646,7887
2026-02-16 10:00:00+00:00,1.18645,1.18678,1.18621,1.18672,5674
2026-02-16 11:00:00+00:00,1.18671,1.18672,1.18602,1.18613,4272
2026-02-16 12:00:00+00:00,1.18612,1.18631,1.185,1.18532,5198
2026-02-16 13:00:00+00:00,1.18532,1.18576,1.18491,1.18547,6841
2026-02-16 14:00:00+00:00,1.18547,1.18637,1.18532,1.18563,7230
2026-02-16 15:00:00+00:00,1.18564,1.18571,1.18506,1.1854,6135
2026-02-16 16:00:00+00:00,1.1854,1.18568,1.18462,1.18519,6372
2026-02-16 17:00:00+00:00,1.18519,1.18538,1.18464,1.18482,3123
2026-02-16 18:00:00+00:00,1.18483,1.18512,1.18482,1.18496,1786
2026-02-16 19:00:00+00:00,1.18497,1.18543,1.18491,1.18542,1334
2026-02-16 20:00:00+00:00,1.18541,1.18552,1.18525,1.18537,1141
2026-02-16 21:00:00+00:00,1.18537,1.18544,1.18505,1.18511,1740
2026-02-16 22:00:00+00:00,1.18514,1.18522,1.18507,1.1851,342
2026-02-16 23:00:00+00:00,1.18511,1.18519,1.18467,1.18505,2193
2026-02-17 00:00:00+00:00,1.18507,1.18522,1.18422,1.18437,7287
2026-02-17 01:00:00+00:00,1.18437,1.18447,1.18409,1.18445,6254
2026-02-17 02:00:00+00:00,1.18444,1.18473,1.18406,1.18421,4265
2026-02-17 03:00:00+00:00,1.18422,1.18425,1.18382,1.18417,4437
2026-02-17 04:00:00+00:00,1.18417,1.18425,1.18394,1.18412,3072
2026-02-17 05:00:00+00:00,1.18411,1.1842,1.18357,1.18416,5076
2026-02-17 06:00:00+00:00,1.18416,1.18457,1.18416,1.1844,4419
2026-02-17 07:00:00+00:00,1.18439,1.18446,1.18288,1.18328,10414
2026-02-17 08:00:00+00:00,1.18327,1.18441,1.18301,1.18408,10411
2026-02-17 09:00:00+00:00,1.18409,1.185,1.184,1.18467,6959
2026-02-17 10:00:00+00:00,1.18466,1.18473,1.18413,1.18428,6994
2026-02-17 11:00:00+00:00,1.18428,1.18445,1.18241,1.1831,6970
2026-02-17 12:00:00+00:00,1.18309,1.18359,1.1827,1.18279,9302
2026-02-17 13:00:00+00:00,1.18277,1.18304,1.18158,1.18223,18619
2026-02-17 14:00:00+00:00,1.18222,1.18284,1.18163,1.18239,23499
2026-02-17 15:00:00+00:00,1.18238,1.1824,1.1805,1.18108,20107
2026-02-17 16:00:00+00:00,1.18108,1.18354,1.18107,1.18307,18436
2026-02-17 17:00:00+00:00,1.18307,1.18423,1.18294,1.18395,13382
2026-02-17 18:00:00+00:00,1.18394,1.18532,1.18388,1.18483,12451
2026-02-17 19:00:00+00:00,1.18482,1.18507,1.18433,1.18481,5802
2026-02-17 20:00:00+00:00,1.1848,1.18527,1.1847,1.18512,6211
2026-02-17 21:00:00+00:00,1.18513,1.18556,1.185,1.18555,3024
2026-02-17 22:00:00+00:00,1.18533,1.18534,1.18521,1.18528,982
2026-02-17 23:00:00+00:00,1.18529,1.18576,1.18505,1.18508,2756
2026-02-18 00:00:00+00:00,1.18509,1.18537,1.18471,1.18473,5594
2026-02-18 01:00:00+00:00,1.18473,1.1848,1.18425,1.18464,4653
2026-02-18 02:00:00+00:00,1.18463,1.18474,1.18417,1.18447,3847
2026-02-18 03:00:00+00:00,1.18448,1.1847,1.18411,1.18413,2654
2026-02-18 04:00:00+00:00,1.18413,1.18438,1.18394,1.18419,2656
2026-02-18 05:00:00+00:00,1.1842,1.18459,1.18417,1.18458,2136
2026-02-18 06:00:00+00:00,1.18458,1.18465,1.18404,1.18449,2983
2026-02-18 07:00:00+00:00,1.18448,1.18465,1.1833,1.18349,7775
2026-02-18 08:00:00+00:00,1.18349,1.18382,1.18285,1.18313,9026
2026-02-18 09:00:00+00:00,1.18312,1.18387,1.18285,1.1836,8052
2026-02-18 10:00:00+00:00,1.18361,1.18409,1.18309,1.18323,6458
2026-02-18 11:00:00+00:00,1.18322,1.1838,1.18306,1.18347,4899
2026-02-18 12:00:00+00:00,1.18347,1.18474,1.18336,1.18399,8345
2026-02-18 13:00:00+00:00,1.18398,1.18487,1.18236,1.18238,11583
2026-02-18 14:00:00+00:00,1.18239,1.18278,1.18122,1.18154,20010
2026-02-18 15:00:00+00:00,1.18155,1.18269,1.18136,1.18228,16145
2026-02-18 16:00:00+00:00,1.18227,1.18263,1.18094,1.18096,11642
2026-02-18 17:00:00+00:00,1.18096,1.18142,1.18022,1.18062,9113
2026-02-18 18:00:00+00:00,1.18062,1.18075,1.17876,1.17905,11475
2026-02-18 19:00:00+00:00,1.17906,1.17955,1.17837,1.17875,19933
2026-02-18 20:00:00+00:00,1.17874,1.17905,1.17821,1.17837,7439
2026-02-18 21:00:00+00:00,1.17837,1.17875,1.17821,1.17829,4013
2026-02-18 22:00:00+00:00,1.17839,1.17873,1.17839,1.17858,471
2026-02-18 23:00:00+00:00,1.17858,1.17898,1.17852,1.17886,2560
2026-02-19 00:00:00+00:00,1.17886,1.17919,1.17854,1.17902,4834
2026-02-19 01:00:00+00:00,1.17901,1.17952,1.17896,1.17947,4208
2026-02-19 02:00:00+00:00,1.17947,1.17957,1.17906,1.1791,3958
2026-02-19 03:00:00+00:00,1.17909,1.1793,1.17878,1.17908,5227
2026-02-19 04:00:00+00:00,1.17909,1.17917,1.17849,1.17896,3341
2026-02-19 05:00:00+00:00,1.17895,1.17929,1.17866,1.17916,2791
2026-02-19 06:00:00+00:00,1.17915,1.1801,1.17898,1.17983,5770
2026-02-19 07:00:00+00:00,1.17982,1.18037,1.17928,1.18007,8089
2026-02-19 08:00:00+00:00,1.18007,1.18052,1.17973,1.18013,9432
2026-02-19 09:00:00+00:00,1.18013,1.18077,1.17986,1.18,7690
2026-02-19 10:00:00+00:00,1.18001,1.18032,1.17874,1.1789,8365
2026-02-19 11:00:00+00:00,1.17891,1.17905,1.17767,1.17808,8157
2026-02-19 12:00:00+00:00,1.17808,1.17809,1.1767,1.17695,10165
2026-02-19 13:00:00+00:00,1.17695,1.177,1.17515,1.17655,19588
2026-02-19 14:00:00+00:00,1.17656,1.17664,1.1742,1.17519,23491
2026-02-19 15:00:00+00:00,1.17519,1.17756,1.17482,1.17631,31345
2026-02-19 16:00:00+00:00,1.17631,1.17708,1.17582,1.17613,16456
2026-02-19 17:00:00+00:00,1.17614,1.17681,1.17562,1.1766,9484
2026-02-19 18:00:00+00:00,1.1766,1.17744,1.17648,1.17685,6736
2026-02-19 19:00:00+00:00,1.17684,1.17719,1.17591,1.17639,6800
2026-02-19 20:00:00+00:00,1.17639,1.17689,1.17634,1.17689,6246
2026-02-19 21:00:00+00:00,1.17688,1.17782,1.1768,1.17734,5960
2026-02-19 22:00:00+00:00,1.17715,1.17738,1.1771,1.17716,2019
2026-02-19 23:00:00+00:00,1.17716,1.1776,1.17683,1.17685,2511
2026-02-20 00:00:00+00:00,1.17685,1.17723,1.17668,1.17707,4222
2026-02-20 01:00:00+00:00,1.17706,1.17719,1.17552,1.17589,8302
2026-02-20 02:00:00+00:00,1.17589,1.17599,1.17533,1.17546,5158
2026-02-20 03:00:00+00:00,1.17547,1.17591,1.17547,1.1757,2246
2026-02-20 04:00:00+00:00,1.17571,1.17599,1.17526,1.17531,2783
2026-02-20 05:00:00+00:00,1.17532,1.1757,1.17502,1.17554,3495
2026-02-20 06:00:00+00:00,1.17554,1.17568,1.17516,1.17551,4324
2026-02-20 07:00:00+00:00,1.17551,1.1763,1.17498,1.17513,9381
2026-02-20 08:00:00+00:00,1.17512,1.17637,1.17434,1.1761,14162
2026-02-20 09:00:00+00:00,1.17609,1.17682,1.17584,1.1767,10202
2026-02-20 10:00:00+00:00,1.17669,1.17687,1.17572,1.17637,7953
2026-02-20 11:00:00+00:00,1.17635,1.17691,1.176,1.17674,6445
2026-02-20 12:00:00+00:00,1.17673,1.17709,1.17633,1.17657,8611
2026-02-20 13:00:00+00:00,1.17656,1.17844,1.17572,1.17694,23087
2026-02-20 14:00:00+00:00,1.17693,1.17706,1.1756,1.1768,18069
2026-02-20 15:00:00+00:00,1.17679,1.18076,1.17553,1.17881,86475
2026-02-20 16:00:00+00:00,1.17881,1.17983,1.17738,1.17801,27478
2026-02-20 17:00:00+00:00,1.17801,1.17852,1.17657,1.17802,18506
2026-02-20 18:00:00+00:00,1.17801,1.17992,1.17768,1.17858,31637
2026-02-20 19:00:00+00:00,1.17859,1.17897,1.17785,1.17807,11478
2026-02-20 20:00:00+00:00,1.17808,1.17876,1.17776,1.17863,7097
2026-02-20 21:00:00+00:00,1.17864,1.17916,1.178,1.17834,11504
2026-02-22 22:00:00+00:00,1.17952,1.1798,1.1793,1.17942,664
2026-02-22 23:00:00+00:00,1.17941,1.18349,1.17934,1.18334,13394
2026-02-23 00:00:00+00:00,1.18334,1.18346,1.18227,1.1831,15063
2026-02-23 01:00:00+00:00,1.1831,1.18337,1.18207,1.18263,13283
2026-02-23 02:00:00+00:00,1.18262,1.18312,1.18234,1.18277,9029
2026-02-23 03:00:00+00:00,1.18277,1.18282,1.18166,1.18235,6373
2026-02-23 04:00:00+00:00,1.18236,1.18241,1.1818,1.18208,3588
2026-02-23 05:00:00+00:00,1.18208,1.18216,1.18151,1.18198,3187
2026-02-23 06:00:00+00:00,1.18198,1.18339,1.18166,1.18246,6877
2026-02-23 07:00:00+00:00,1.18246,1.18278,1.18188,1.18235,10321
2026-02-23 08:00:00+00:00,1.18236,1.18251,1.18071,1.18105,13276
2026-02-23 09:00:00+00:00,1.18106,1.18126,1.18003,1.18009,9058
2026-02-23 10:00:00+00:00,1.18009,1.18015,1.17951,1.17987,7953
2026-02-23 11:00:00+00:00,1.17987,1.1799,1.1781,1.17859,11851
2026-02-23 12:00:00+00:00,1.1786,1.17865,1.17745,1.17819,10891
2026-02-23 13:00:00+00:00,1.17818,1.17979,1.17782,1.1796,15207
2026-02-23 14:00:00+00:00,1.1796,1.18092,1.17941,1.18056,17826
2026-02-23 15:00:00+00:00,1.18056,1.18102,1.17921,1.17949,19970
2026-02-23 16:00:00+00:00,1.17949,1.18064,1.17882,1.18038,17942
2026-02-23 17:00:00+00:00,1.18038,1.18088,1.17906,1.17988,14582
2026-02-23 18:00:00+00:00,1.17988,1.1801,1.17949,1.17982,6658
2026-02-23 19:00:00+00:00,1.17982,1.18006,1.17883,1.17917,7374
2026-02-23 20:00:00+00:00,1.17917,1.1794,1.17876,1.1789,5263
2026-02-23 21:00:00+00:00,1.17891,1.17925,1.17841,1.17853,5368
2026-02-23 22:00:00+00:00,1.17888,1.17888,1.17861,1.17874,2708
2026-02-23 23:00:00+00:00,1.17873,1.17954,1.17868,1.17932,2816
2026-02-24 00:00:00+00:00,1.17932,1.17964,1.17876,1.17881,4697
2026-02-24 01:00:00+00:00,1.17881,1.17881,1.17716,1.17819,12569
2026-02-24 02:00:00+00:00,1.17818,1.17847,1.17785,1.17838,5283
2026-02-24 03:00:00+00:00,1.17838,1.17855,1.1775,1.17752,2984
2026-02-24 04:00:00+00:00,1.17753,1.17768,1.17681,1.17698,3945
2026-02-24 05:00:00+00:00,1.17698,1.17807,1.17686,1.178,3818
2026-02-24 06:00:00+00:00,1.17801,1.17824,1.17773,1.17805,3973
2026-02-24 07:00:00+00:00,1.17804,1.17825,1.17716,1.17793,14407
2026-02-24 08:00:00+00:00,1.17792,1.17899,1.17734,1.17837,11144
2026-02-24 09:00:00+00:00,1.17837,1.17932,1.17831,1.17877,8533
2026-02-24 10:00:00+00:00,1.17877,1.17912,1.17822,1.17856,5417
2026-02-24 11:00:00+00:00,1.17855,1.17861,1.17793,1.17807,6488
2026-02-24 12:00:00+00:00,1.17806,1.17837,1.17728,1.17813,9024
2026-02-24 13:00:00+00:00,1.17813,1.17814,1.17681,1.17722,11378
2026-02-24 14:00:00+00:00,1.17723,1.17787,1.17674,1.17736,13317
2026-02-24 15:00:00+00:00,1.17735,1.17811,1.1766,1.17727,17347
2026-02-24 16:00:00+00:00,1.17728,1.17904,1.1772,1.1788,9032
2026-02-24 17:00:00+00:00,1.17881,1.17888,1.17819,1.17855,4999
2026-02-24 18:00:00+00:00,1.17854,1.17867,1.17772,1.17786,5169
2026-02-24 19:00:00+00:00,1.17785,1.17842,1.17765,1.17789,3698
2026-02-24 20:00:00+00:00,1.1779,1.17836,1.17751,1.17753,4923
2026-02-24 21:00:00+00:00,1.17753,1.17772,1.17719,1.17726,5066
2026-02-24 22:00:00+00:00,1.17747,1.17787,1.17726,1.17743,1084
2026-02-24 23:00:00+00:00,1.17742,1.17761,1.17729,1.1774,1258
2026-02-25 00:00:00+00:00,1.1774,1.17799,1.17734,1.1778,5138
2026-02-25 01:00:00+00:00,1.17781,1.17821,1.17761,1.17785,4809
2026-02-25 02:00:00+00:00,1.17785,1.17935,1.17781,1.17923,6678
2026-02-25 03:00:00+00:00,1.17924,1.17945,1.17858,1.17895,6625
2026-02-25 04:00:00+00:00,1.17895,1.17963,1.17876,1.1795,3007
2026-02-25 05:00:00+00:00,1.1795,1.18056,1.17942,1.1801,3979
2026-02-25 06:00:00+00:00,1.18011,1.18064,1.17971,1.18054,5360
2026-02-25 07:00:00+00:00,1.18054,1.1808,1.1797,1.17971,6566
2026-02-25 08:00:00+00:00,1.17971,1.18,1.17897,1.17901,8398
2026-02-25 09:00:00+00:00,1.17901,1.17932,1.17856,1.1788,8593
2026-02-25 10:00:00+00:00,1.17879,1.17885,1.17793,1.178,6653
2026-02-25 11:00:00+00:00,1.17798,1.17812,1.1771,1.17749,5675
2026-02-25 12:00:00+00:00,1.17748,1.17869,1.17741,1.17859,5778
2026-02-25 13:00:00+00:00,1.1786,1.17903,1.1773,1.17736,9827
2026-02-25 14:00:00+00:00,1.17737,1.17893,1.17732,1.17863,10484
2026-02-25 15:00:00+00:00,1.17862,1.18026,1.17848,1.18012,15874
2026-02-25 16:00:00+00:00,1.18013,1.18074,1.17987,1.18041,8912
2026-02-25 17:00:00+00:00,1.1804,1.18144,1.18026,1.18074,6962
2026-02-25 18:00:00+00:00,1.18075,1.18109,1.18042,1.18048,3888
2026-02-25 19:00:00+00:00,1.18048,1.18094,1.18029,1.18056,3452
2026-02-25 20:00:00+00:00,1.18056,1.18089,1.18048,1.18061,4907
2026-02-25 21:00:00+00:00,1.18061,1.18131,1.18035,1.18102,3995
2026-02-25 22:00:00+00:00,1.18099,1.18131,1.1807,1.18114,962
2026-02-25 23:00:00+00:00,1.18114,1.18164,1.18107,1.1815,2500
2026-02-26 00:00:00+00:00,1.18151,1.18195,1.18119,1.18191,3913
2026-02-26 01:00:00+00:00,1.18192,1.1829,1.1818,1.18274,6065
2026-02-26 02:00:00+00:00,1.18273,1.1829,1.18133,1.18175,4149
2026-02-26 03:00:00+00:00,1.18175,1.18223,1.18159,1.18171,3699
2026-02-26 04:00:00+00:00,1.18171,1.1819,1.18127,1.18184,2847
2026-02-26 05:00:00+00:00,1.18183,1.18228,1.18161,1.18198,4340
2026-02-26 06:00:00+00:00,1.18198,1.18223,1.18151,1.18188,4871
2026-02-26 07:00:00+00:00,1.18189,1.18189,1.18088,1.18158,6568
2026-02-26 08:00:00+00:00,1.18158,1.1816,1.18022,1.18026,8899
2026-02-26 09:00:00+00:00,1.18025,1.18061,1.17967,1.17973,7265
2026-02-26 10:00:00+00:00,1.17973,1.17999,1.17933,1.17985,4369
2026-02-26 11:00:00+00:00,1.17985,1.18049,1.17981,1.18004,5440
2026-02-26 12:00:00+00:00,1.18005,1.18098,1.17999,1.18091,5179
2026-02-26 13:00:00+00:00,1.1809,1.18168,1.18028,1.18069,11010
2026-02-26 14:00:00+00:00,1.18069,1.18159,1.18021,1.1813,12068
2026-02-26 15:00:00+00:00,1.18129,1.18145,1.1781,1.17991,23744
2026-02-26 16:00:00+00:00,1.1799,1.17995,1.1786,1.17919,10838
2026-02-26 17:00:00+00:00,1.17919,1.17935,1.1774,1.17762,10132
2026-02-26 18:00:00+00:00,1.17762,1.17874,1.17742,1.17846,9997
2026-02-26 19:00:00+00:00,1.17847,1.17979,1.17825,1.17968,6054
2026-02-26 20:00:00+00:00,1.17969,1.18034,1.17959,1.18014,4533
2026-02-26 21:00:00+00:00,1.18015,1.18037,1.17973,1.17974,3758
2026-02-26 22:00:00+00:00,1.17974,1.17991,1.17961,1.17985,843
2026-02-26 23:00:00+00:00,1.17983,1.18034,1.17963,1.18033,2812
2026-02-27 00:00:00+00:00,1.18033,1.18058,1.17961,1.17965,6666
2026-02-27 01:00:00+00:00,1.17966,1.18025,1.17889,1.17901,8071
2026-02-27 02:00:00+00:00,1.17902,1.18015,1.17902,1.18007,4712
2026-02-27 03:00:00+00:00,1.18006,1.18059,1.18002,1.18037,3495
2026-02-27 04:00:00+00:00,1.18037,1.18133,1.1802,1.18111,2821
2026-02-27 05:00:00+00:00,1.1811,1.18121,1.18063,1.18086,3523
2026-02-27 06:00:00+00:00,1.18086,1.1811,1.18022,1.18043,5746
2026-02-27 07:00:00+00:00,1.18043,1.18195,1.17972,1.18152,9859
2026-02-27 08:00:00+00:00,1.18153,1.18218,1.18082,1.18097,9949
2026-02-27 09:00:00+00:00,1.18093,1.18115,1.17929,1.17953,8904
2026-02-27 10:00:00+00:00,1.17954,1.18037,1.17946,1.17988,6551
2026-02-27 11:00:00+00:00,1.17989,1.18042,1.17962,1.18003,5832
2026-02-27 12:00:00+00:00,1.18004,1.18083,1.17987,1.18025,6761
2026-02-27 13:00:00+00:00,1.18026,1.18067,1.17905,1.17927,23903
2026-02-27 14:00:00+00:00,1.17928,1.18156,1.17909,1.17971,18565
2026-02-27 15:00:00+00:00,1.17971,1.18171,1.17964,1.18072,20686
2026-02-27 16:00:00+00:00,1.18071,1.18254,1.18057,1.18221,14817
2026-02-27 17:00:00+00:00,1.18221,1.18269,1.18156,1.18166,9845
2026-02-27 18:00:00+00:00,1.18167,1.18192,1.18112,1.18181,7457
2026-02-27 19:00:00+00:00,1.1818,1.18229,1.18166,1.18192,4951
2026-02-27 20:00:00+00:00,1.18193,1.18261,1.18152,1.18162,5808
2026-02-27 21:00:00+00:00,1.18162,1.18189,1.18106,1.18141,9580
2026-03-01 22:00:00+00:00,1.17692,1.17788,1.17584,1.17767,6245
2026-03-01 23:00:00+00:00,1.17765,1.17878,1.17569,1.17591,22387
2026-03-02 00:00:00+00:00,1.17591,1.17782,1.17561,1.17774,17651
2026-03-02 01:00:00+00:00,1.17774,1.17945,1.17754,1.1792,16289
2026-03-02 02:00:00+00:00,1.17919,1.17935,1.1781,1.17888,8011
2026-03-02 03:00:00+00:00,1.17888,1.17959,1.17884,1.17888,6144
2026-03-02 04:00:00+00:00,1.17888,1.17904,1.1782,1.17865,4663
2026-03-02 05:00:00+00:00,1.17864,1.17864,1.17663,1.17663,7703
2026-03-02 06:00:00+00:00,1.17664,1.17667,1.17303,1.17324,23198
2026-03-02 07:00:00+00:00,1.17324,1.17345,1.17035,1.17164,29599
2026-03-02 08:00:00+00:00,1.17163,1.17239,1.16982,1.17225,27360
2026-03-02 09:00:00+00:00,1.17226,1.17438,1.17212,1.17332,20391
2026-03-02 10:00:00+00:00,1.17331,1.17474,1.17328,1.17387,15304
2026-03-02 11:00:00+00:00,1.17388,1.17413,1.17263,1.17334,12465
2026-03-02 12:00:00+00:00,1.17333,1.17341,1.17021,1.17038,18719
2026-03-02 13:00:00+00:00,1.17039,1.17184,1.16954,1.16987,25615
2026-03-02 14:00:00+00:00,1.16985,1.1724,1.1695,1.17175,35009
2026-03-02 15:00:00+00:00,1.1717,1.17175,1.16799,1.16802,33239
2026-03-02 16:00:00+00:00,1.16801,1.16944,1.16718,1.16897,25189
2026-03-02 17:00:00+00:00,1.16898,1.17079,1.16868,1.17071,15909
2026-03-02 18:00:00+00:00,1.17072,1.17075,1.1687,1.16946,11080
2026-03-02 19:00:00+00:00,1.16945,1.17135,1.1694,1.17112,9953
2026-03-02 20:00:00+00:00,1.17113,1.17133,1.16785,1.16902,28557
2026-03-02 21:00:00+00:00,1.16902,1.16953,1.16881,1.16881,5869
2026-03-02 22:00:00+00:00,1.16878,1.16924,1.16848,1.16871,972
2026-03-02 23:00:00+00:00,1.1687,1.16983,1.1687,1.16947,3657
2026-03-03 00:00:00+00:00,1.16948,1.16958,1.16865,1.16953,7606
2026-03-03 01:00:00+00:00,1.16954,1.17071,1.16923,1.16969,13224
2026-03-03 02:00:00+00:00,1.16969,1.16992,1.1686,1.16944,14016
2026-03-03 03:00:00+00:00,1.16944,1.16976,1.16865,1.16904,6196
2026-03-03 04:00:00+00:00,1.16905,1.16937,1.16793,1.16811,5848
2026-03-03 05:00:00+00:00,1.16812,1.16851,1.16651,1.16667,14972
2026-03-03 06:00:00+00:00,1.16667,1.16718,1.16621,1.16693,15580
2026-03-03 07:00:00+00:00,1.16693,1.16693,1.16428,1.16437,19996
2026-03-03 08:00:00+00:00,1.16438,1.16463,1.16179,1.16229,30814
2026-03-03 09:00:00+00:00,1.1623,1.16291,1.15986,1.16056,33179
2026-03-03 10:00:00+00:00,1.16056,1.1613,1.15891,1.15919,26700
2026-03-03 11:00:00+00:00,1.1592,1.16036,1.15821,1.15975,33391
2026-03-03 12:00:00+00:00,1.15975,1.16155,1.15903,1.16129,31552
2026-03-03 13:00:00+00:00,1.16129,1.16152,1.15902,1.15906,26231
2026-03-03 14:00:00+00:00,1.15905,1.15997,1.1565,1.15677,43296
2026-03-03 15:00:00+00:00,1.15677,1.15837,1.15302,1.15807,53871
2026-03-03 16:00:00+00:00,1.15729,1.16061,1.15693,1.16032,55431
2026-03-03 17:00:00+00:00,1.16032,1.16036,1.15869,1.15906,34511
2026-03-03 18:00:00+00:00,1.15905,1.16223,1.159,1.16158,21219
2026-03-03 19:00:00+00:00,1.16158,1.1626,1.15998,1.16125,28955
2026-03-03 20:00:00+00:00,1.16126,1.16247,1.16112,1.16175,17495
2026-03-03 21:00:00+00:00,1.16176,1.16184,1.16097,1.16142,7641
2026-03-03 22:00:00+00:00,1.16138,1.16163,1.16112,1.16129,7427
2026-03-03 23:00:00+00:00,1.1613,1.16205,1.16089,1.1611,6089
2026-03-04 00:00:00+00:00,1.1611,1.16112,1.15923,1.1593,15429
2026-03-04 01:00:00+00:00,1.15931,1.15976,1.15748,1.15939,17846
2026-03-04 02:00:00+00:00,1.15939,1.16044,1.15915,1.15981,12691
2026-03-04 03:00:00+00:00,1.15981,1.16093,1.15953,1.16086,7974
2026-03-04 04:00:00+00:00,1.16087,1.16106,1.15902,1.15932,8120
2026-03-04 05:00:00+00:00,1.15931,1.1599,1.15871,1.15954,10400
2026-03-04 06:00:00+00:00,1.15954,1.16178,1.15898,1.16108,11460
2026-03-04 07:00:00+00:00,1.16107,1.16283,1.16107,1.16159,17168
2026-03-04 08:00:00+00:00,1.16159,1.16171,1.15951,1.15997,21873
2026-03-04 09:00:00+00:00,1.15997,1.16201,1.15921,1.16087,19756
2026-03-04 10:00:00+00:00,1.16088,1.16472,1.16086,1.16344,44256
2026-03-04 11:00:00+00:00,1.16344,1.16548,1.16309,1.16353,18816
2026-03-04 12:00:00+00:00,1.16352,1.16488,1.1626,1.16305,17343
2026-03-04 13:00:00+00:00,1.16304,1.16523,1.16303,1.16312,25722
2026-03-04 14:00:00+00:00,1.16312,1.16413,1.16207,1.16248,37019
2026-03-04 15:00:00+00:00,1.16249,1.16406,1.16167,1.16403,30311
2026-03-04 16:00:00+00:00,1.16403,1.16461,1.16287,1.16373,16037
2026-03-04 17:00:00+00:00,1.16372,1.16437,1.16264,1.1633,12041
2026-03-04 18:00:00+00:00,1.1633,1.16336,1.16235,1.16244,7909
2026-03-04 19:00:00+00:00,1.16245,1.16412,1.16244,1.16398,8953
2026-03-04 20:00:00+00:00,1.16399,1.16438,1.16384,1.16403,6349
2026-03-04 21:00:00+00:00,1.16403,1.16417,1.1633,1.16334,7197
2026-03-04 22:00:00+00:00,1.16318,1.16352,1.16292,1.16349,1631
2026-03-04 23:00:00+00:00,1.16348,1.16399,1.16338,1.16349,3495
2026-03-05 00:00:00+00:00,1.16349,1.16455,1.16321,1.16451,6296
2026-03-05 01:00:00+00:00,1.16451,1.16476,1.16272,1.16282,14389
2026-03-05 02:00:00+00:00,1.16281,1.1632,1.16226,1.16258,9122
2026-03-05 03:00:00+00:00,1.16258,1.16278,1.161,1.16133,9348
2026-03-05 04:00:00+00:00,1.16132,1.16149,1.16056,1.16084,6873
2026-03-05 05:00:00+00:00,1.16085,1.1614,1.15941,1.15946,8976
2026-03-05 06:00:00+00:00,1.15945,1.16163,1.15877,1.16068,22352
2026-03-05 07:00:00+00:00,1.16069,1.16161,1.15991,1.16049,18012
2026-03-05 08:00:00+00:00,1.1605,1.1605,1.15816,1.15987,24216
2026-03-05 09:00:00+00:00,1.15986,1.16447,1.15965,1.16228,61986
2026-03-05 10:00:00+00:00,1.16228,1.16318,1.16064,1.16109,17217
2026-03-05 11:00:00+00:00,1.1611,1.16175,1.16038,1.16114,14702
2026-03-05 12:00:00+00:00,1.16114,1.1625,1.16075,1.16206,16551
2026-03-05 13:00:00+00:00,1.16205,1.16245,1.15897,1.15975,24931
2026-03-05 14:00:00+00:00,1.15975,1.1609,1.15925,1.16028,29923
2026-03-05 15:00:00+00:00,1.16029,1.16094,1.15691,1.15831,34688
2026-03-05 16:00:00+00:00,1.15831,1.15869,1.15589,1.15839,37028
2026-03-05 17:00:00+00:00,1.15839,1.15921,1.15726,1.1588,37268
2026-03-05 18:00:00+00:00,1.15879,1.15917,1.15711,1.15861,28966
2026-03-05 19:00:00+00:00,1.1586,1.15881,1.157,1.1573,16586
2026-03-05 20:00:00+00:00,1.1573,1.16106,1.15703,1.16049,34636
2026-03-05 21:00:00+00:00,1.16048,1.16105,1.16019,1.1609,8336
2026-03-05 22:00:00+00:00,1.16079,1.16095,1.16071,1.1608,1029
2026-03-05 23:00:00+00:00,1.16076,1.16104,1.16033,1.16068,4424
2026-03-06 00:00:00+00:00,1.16068,1.16145,1.16054,1.16111,7333
2026-03-06 01:00:00+00:00,1.16111,1.16204,1.1607,1.1615,13131
2026-03-06 02:00:00+00:00,1.1615,1.16207,1.16144,1.16165,7099
2026-03-06 03:00:00+00:00,1.16164,1.16208,1.16162,1.16202,4586
2026-03-06 04:00:00+00:00,1.16202,1.16213,1.16131,1.16136,3948
2026-03-06 05:00:00+00:00,1.16136,1.16167,1.16057,1.16064,6803
2026-03-06 06:00:00+00:00,1.16064,1.16122,1.16018,1.16118,8120
2026-03-06 07:00:00+00:00,1.16118,1.16183,1.16065,1.16147,11801
2026-03-06 08:00:00+00:00,1.16147,1.16148,1.16017,1.1603,18219
2026-03-06 09:00:00+00:00,1.16029,1.16029,1.15719,1.15743,20235
2026-03-06 10:00:00+00:00,1.15743,1.15853,1.15729,1.15785,15478
2026-03-06 11:00:00+00:00,1.15785,1.15814,1.1561,1.15625,19030
2026-03-06 12:00:00+00:00,1.15626,1.15689,1.15523,1.1555,23601
2026-03-06 13:00:00+00:00,1.1555,1.15939,1.15505,1.15552,71974
2026-03-06 14:00:00+00:00,1.1555,1.15748,1.15461,1.15721,59194
2026-03-06 15:00:00+00:00,1.15721,1.15929,1.15705,1.15797,50570
2026-03-06 16:00:00+00:00,1.15798,1.16132,1.15789,1.16056,34925
2026-03-06 17:00:00+00:00,1.16055,1.16097,1.15946,1.15959,30006
2026-03-06 18:00:00+00:00,1.1596,1.16216,1.15929,1.15986,30692
2026-03-06 19:00:00+00:00,1.15986,1.16097,1.15968,1.16013,18685
2026-03-06 20:00:00+00:00,1.16014,1.161,1.15957,1.1606,16591
2026-03-06 21:00:00+00:00,1.16059,1.16191,1.16052,1.16184,33790
2026-03-08 21:00:00+00:00,1.1548,1.15565,1.15463,1.15476,3113
2026-03-08 22:00:00+00:00,1.15476,1.15526,1.15273,1.15358,34103
2026-03-08 23:00:00+00:00,1.15358,1.15403,1.15214,1.15244,21392
2026-03-09 00:00:00+00:00,1.15244,1.15316,1.15162,1.15173,20991
2026-03-09 01:00:00+00:00,1.15173,1.15241,1.15072,1.15093,22823
2026-03-09 02:00:00+00:00,1.15093,1.15284,1.15084,1.1525,21061
2026-03-09 03:00:00+00:00,1.1525,1.15291,1.15128,1.15167,13327
2026-03-09 04:00:00+00:00,1.15168,1.15297,1.15159,1.15259,9723
2026-03-09 05:00:00+00:00,1.1526,1.15715,1.15239,1.15676,40756
2026-03-09 06:00:00+00:00,1.15676,1.15694,1.15447,1.15449,30474
2026-03-09 07:00:00+00:00,1.15448,1.15652,1.15353,1.15636,37572
2026-03-09 08:00:00+00:00,1.15636,1.15654,1.15154,1.15347,44784
2026-03-09 09:00:00+00:00,1.15348,1.15733,1.15311,1.15541,46155
2026-03-09 10:00:00+00:00,1.15542,1.15651,1.15468,1.15604,35513
2026-03-09 11:00:00+00:00,1.15603,1.1568,1.15552,1.15615,26724
2026-03-09 12:00:00+00:00,1.15616,1.15686,1.15502,1.15533,26288
2026-03-09 13:00:00+00:00,1.15534,1.15879,1.15523,1.15761,44518
2026-03-09 14:00:00+00:00,1.15759,1.15782,1.15475,1.1573,63571
2026-03-09 15:00:00+00:00,1.15731,1.15938,1.15723,1.15916,33236
2026-03-09 16:00:00+00:00,1.15915,1.15994,1.15852,1.15877,23107
2026-03-09 17:00:00+00:00,1.15877,1.15896,1.15785,1.15788,17205
2026-03-09 18:00:00+00:00,1.15787,1.15844,1.15758,1.15765,10153
2026-03-09 19:00:00+00:00,1.15766,1.1634,1.15754,1.16089,79310
2026-03-09 20:00:00+00:00,1.1609,1.16379,1.16088,1.16359,20145
2026-03-09 21:00:00+00:00,1.16362,1.16374,1.1632,1.16373,1422
2026-03-09 22:00:00+00:00,1.16373,1.16458,1.16224,1.16298,12914
2026-03-09 23:00:00+00:00,1.16298,1.16315,1.16148,1.16166,9609
2026-03-10 00:00:00+00:00,1.16165,1.16357,1.16116,1.16263,17541
2026-03-10 01:00:00+00:00,1.16262,1.163,1.16118,1.16201,20844
2026-03-10 02:00:00+00:00,1.162,1.1627,1.16117,1.16132,12380
2026-03-10 03:00:00+00:00,1.16133,1.16158,1.1608,1.16096,6994
2026-03-10 04:00:00+00:00,1.16097,1.16143,1.1607,1.16118,4744
2026-03-10 05:00:00+00:00,1.16117,1.16204,1.16116,1.16204,7092
2026-03-10 06:00:00+00:00,1.16204,1.16377,1.16203,1.16326,9489
2026-03-10 07:00:00+00:00,1.16327,1.16637,1.16278,1.16606,21293
2026-03-10 08:00:00+00:00,1.16605,1.1662,1.16433,1.16459,24733
2026-03-10 09:00:00+00:00,1.16459,1.16591,1.16439,1.16515,15032
2026-03-10 10:00:00+00:00,1.16515,1.16518,1.16203,1.16396,19233
2026-03-10 11:00:00+00:00,1.16397,1.16532,1.16362,1.16384,22726
2026-03-10 12:00:00+00:00,1.16385,1.1641,1.16214,1.16346,24330
2026-03-10 13:00:00+00:00,1.16345,1.16489,1.16292,1.16326,30022
2026-03-10 14:00:00+00:00,1.16325,1.16504,1.16271,1.16484,23414
2026-03-10 15:00:00+00:00,1.16483,1.16553,1.16398,1.16476,18069
2026-03-10 16:00:00+00:00,1.16477,1.16546,1.16391,1.16518,15343
2026-03-10 17:00:00+00:00,1.16518,1.16674,1.16415,1.16453,25670
2026-03-10 18:00:00+00:00,1.16453,1.1646,1.16138,1.16245,58699
2026-03-10 19:00:00+00:00,1.16246,1.16287,1.16063,1.16144,24986
2026-03-10 20:00:00+00:00,1.16143,1.16154,1.16079,1.16113,6450
2026-03-10 21:00:00+00:00,1.16084,1.16121,1.16068,1.16107,1854
2026-03-10 22:00:00+00:00,1.16107,1.16131,1.1603,1.16051,3336
2026-03-10 23:00:00+00:00,1.16052,1.16121,1.1605,1.16115,3531
2026-03-11 00:00:00+00:00,1.16116,1.1625,1.16057,1.16179,14231
2026-03-11 01:00:00+00:00,1.16178,1.16283,1.16125,1.1627,9773
2026-03-11 02:00:00+00:00,1.1627,1.16294,1.16187,1.16261,6804
2026-03-11 03:00:00+00:00,1.1626,1.16319,1.16252,1.16304,3941
2026-03-11 04:00:00+00:00,1.16304,1.16354,1.16281,1.16337,5099
2026-03-11 05:00:00+00:00,1.16338,1.16362,1.16301,1.1633,6922
2026-03-11 06:00:00+00:00,1.1633,1.16409,1.16299,1.16334,8322
2026-03-11 07:00:00+00:00,1.16333,1.16456,1.16135,1.16171,27503
2026-03-11 08:00:00+00:00,1.1617,1.16215,1.16036,1.16127,21714
2026-03-11 09:00:00+00:00,1.16126,1.16141,1.15902,1.15921,28796
2026-03-11 10:00:00+00:00,1.15922,1.16118,1.1591,1.16071,15393
2026-03-11 11:00:00+00:00,1.16071,1.16109,1.15946,1.15946,19278
2026-03-11 12:00:00+00:00,1.15946,1.16059,1.15774,1.15826,34044
2026-03-11 13:00:00+00:00,1.15827,1.15936,1.15777,1.15917,26457
2026-03-11 14:00:00+00:00,1.15918,1.16129,1.15811,1.15819,57957
2026-03-11 15:00:00+00:00,1.1582,1.15843,1.15656,1.15663,19965
2026-03-11 16:00:00+00:00,1.15663,1.15768,1.15631,1.1571,16385
2026-03-11 17:00:00+00:00,1.1571,1.15766,1.15609,1.15713,20285
2026-03-11 18:00:00+00:00,1.15712,1.15745,1.15642,1.15717,11869
2026-03-11 19:00:00+00:00,1.15718,1.15763,1.15681,1.15732,7246
2026-03-11 20:00:00+00:00,1.15732,1.15738,1.15649,1.15673,4169
2026-03-11 21:00:00+00:00,1.15664,1.15751,1.15656,1.15749,2435
2026-03-11 22:00:00+00:00,1.15748,1.1575,1.15495,1.15503,6267
2026-03-11 23:00:00+00:00,1.15502,1.15538,1.15398,1.15428,5871
2026-03-12 00:00:00+00:00,1.15427,1.15501,1.15342,1.1546,9605
2026-03-12 01:00:00+00:00,1.15461,1.15557,1.15454,1.15509,8129
2026-03-12 02:00:00+00:00,1.1551,1.15543,1.15323,1.15389,8832
2026-03-12 03:00:00+00:00,1.1539,1.15404,1.15331,1.15385,5154
2026-03-12 04:00:00+00:00,1.15384,1.15401,1.15319,1.15332,4035
2026-03-12 05:00:00+00:00,1.15331,1.15453,1.15328,1.15396,10982
2026-03-12 06:00:00+00:00,1.15396,1.15516,1.15392,1.15479,10097
2026-03-12 07:00:00+00:00,1.1548,1.15529,1.15416,1.15512,13179
2026-03-12 08:00:00+00:00,1.15513,1.15561,1.15434,1.15474,13063
2026-03-12 09:00:00+00:00,1.15475,1.15614,1.15447,1.15597,8953
2026-03-12 10:00:00+00:00,1.15596,1.15631,1.15495,1.15579,9613
2026-03-12 11:00:00+00:00,1.15578,1.15664,1.15526,1.15563,11252
2026-03-12 12:00:00+00:00,1.15564,1.15576,1.15326,1.15393,16014
2026-03-12 13:00:00+00:00,1.15394,1.15504,1.15202,1.15262,32899
2026-03-12 14:00:00+00:00,1.15263,1.15333,1.15157,1.15207,31273
2026-03-12 15:00:00+00:00,1.15205,1.15287,1.15111,1.15221,36093
2026-03-12 16:00:00+00:00,1.1522,1.15327,1.15136,1.15222,25947
2026-03-12 17:00:00+00:00,1.1522,1.1532,1.15195,1.1522,18201
2026-03-12 18:00:00+00:00,1.15219,1.15244,1.15113,1.15122,11807
2026-03-12 19:00:00+00:00,1.15122,1.15187,1.15107,1.15151,10547
2026-03-12 20:00:00+00:00,1.15152,1.15163,1.15101,1.15118,6866
2026-03-12 21:00:00+00:00,1.15126,1.15133,1.15113,1.1512,1499
2026-03-12 22:00:00+00:00,1.1512,1.15217,1.1511,1.15191,8374
2026-03-12 23:00:00+00:00,1.15192,1.15233,1.15151,1.1521,5080
2026-03-13 00:00:00+00:00,1.15211,1.15285,1.15202,1.15235,8417
2026-03-13 01:00:00+00:00,1.15234,1.15298,1.15146,1.15165,5150
2026-03-13 02:00:00+00:00,1.15166,1.15224,1.15112,1.15138,6611
2026-03-13 03:00:00+00:00,1.15139,1.15159,1.15049,1.15093,6794
2026-03-13 04:00:00+00:00,1.15092,1.15093,1.15001,1.15033,4379
2026-03-13 05:00:00+00:00,1.15034,1.15066,1.14999,1.15008,4574
2026-03-13 06:00:00+00:00,1.1501,1.15035,1.14823,1.14828,8515
2026-03-13 07:00:00+00:00,1.14829,1.14837,1.14542,1.14579,19193
2026-03-13 08:00:00+00:00,1.14578,1.14593,1.1433,1.14452,25580
2026-03-13 09:00:00+00:00,1.14453,1.14616,1.14453,1.14533,17483
2026-03-13 10:00:00+00:00,1.14533,1.14722,1.14519,1.14584,13604
2026-03-13 11:00:00+00:00,1.14584,1.1471,1.14554,1.14685,20664
2026-03-13 12:00:00+00:00,1.14685,1.14886,1.14611,1.14779,34159
2026-03-13 13:00:00+00:00,1.1478,1.14902,1.14738,1.14789,24448
2026-03-13 14:00:00+00:00,1.1479,1.1485,1.14556,1.14573,27877
2026-03-13 15:00:00+00:00,1.14572,1.14612,1.14345,1.14432,29510
2026-03-13 16:00:00+00:00,1.14431,1.14507,1.14362,1.14421,25362
2026-03-13 17:00:00+00:00,1.14422,1.14463,1.14338,1.14423,16365
2026-03-13 18:00:00+00:00,1.14424,1.14429,1.14318,1.14361,13850
2026-03-13 19:00:00+00:00,1.14361,1.1437,1.142,1.14224,10349
2026-03-13 20:00:00+00:00,1.14223,1.14229,1.14109,1.14158,10916
2026-03-15 21:00:00+00:00,1.14234,1.14293,1.14213,1.14273,2163
2026-03-15 22:00:00+00:00,1.14272,1.1442,1.14191,1.143,16830
2026-03-15 23:00:00+00:00,1.14301,1.14359,1.1426,1.14357,10476
2026-03-16 00:00:00+00:00,1.14356,1.14556,1.14352,1.14549,10724
2026-03-16 01:00:00+00:00,1.1455,1.14567,1.14399,1.14495,10568
2026-03-16 02:00:00+00:00,1.14495,1.14516,1.14449,1.14481,6524
2026-03-16 03:00:00+00:00,1.14482,1.14541,1.14458,1.14507,4115
2026-03-16 04:00:00+00:00,1.14506,1.14515,1.14415,1.14416,3234
2026-03-16 05:00:00+00:00,1.14417,1.14436,1.14333,1.14346,5338
2026-03-16 06:00:00+00:00,1.14346,1.14367,1.14242,1.14318,8064
2026-03-16 07:00:00+00:00,1.14317,1.1435,1.14143,1.14258,12753
2026-03-16 08:00:00+00:00,1.14259,1.14454,1.14258,1.14449,19735
2026-03-16 09:00:00+00:00,1.14448,1.14528,1.14411,1.14501,13048
2026-03-16 10:00:00+00:00,1.14501,1.1478,1.14478,1.14755,19067
2026-03-16 11:00:00+00:00,1.14754,1.14873,1.14709,1.14795,14200
2026-03-16 12:00:00+00:00,1.14795,1.14879,1.14723,1.14738,16879
2026-03-16 13:00:00+00:00,1.14739,1.1501,1.14738,1.15003,16226
2026-03-16 14:00:00+00:00,1.15003,1.15022,1.14803,1.14889,21974
2026-03-16 15:00:00+00:00,1.14888,1.15003,1.14804,1.1487,14636
2026-03-16 16:00:00+00:00,1.14869,1.14993,1.14777,1.14936,15979
2026-03-16 17:00:00+00:00,1.14937,1.15041,1.14905,1.14923,16538
2026-03-16 18:00:00+00:00,1.14922,1.15238,1.14922,1.15186,14878
2026-03-16 19:00:00+00:00,1.15187,1.1525,1.15057,1.15081,13986
2026-03-16 20:00:00+00:00,1.15078,1.15106,1.15032,1.15047,8477
2026-03-16 21:00:00+00:00,1.15063,1.15087,1.15048,1.15067,7256
2026-03-16 22:00:00+00:00,1.15065,1.15078,1.1498,1.1499,3907
2026-03-16 23:00:00+00:00,1.14991,1.14999,1.14949,1.14984,3583
2026-03-17 00:00:00+00:00,1.14985,1.14985,1.14892,1.14926,6289
2026-03-17 01:00:00+00:00,1.14924,1.14957,1.14865,1.1493,7170
2026-03-17 02:00:00+00:00,1.1493,1.14987,1.14911,1.14952,3661
2026-03-17 03:00:00+00:00,1.14951,1.1503,1.14919,1.1492,5810
2026-03-17 04:00:00+00:00,1.14919,1.15,1.14893,1.1497,2187
2026-03-17 05:00:00+00:00,1.14971,1.14993,1.14781,1.14794,5855
2026-03-17 06:00:00+00:00,1.14795,1.14819,1.14661,1.14819,10631
2026-03-17 07:00:00+00:00,1.14819,1.15003,1.14798,1.1495,10151
2026-03-17 08:00:00+00:00,1.14951,1.15182,1.14877,1.15105,16284
2026-03-17 09:00:00+00:00,1.15106,1.15249,1.1508,1.15165,13367
2026-03-17 10:00:00+00:00,1.15164,1.15164,1.1504,1.15062,10532
2026-03-17 11:00:00+00:00,1.15063,1.15189,1.15046,1.15076,9008
2026-03-17 12:00:00+00:00,1.15075,1.15247,1.15044,1.15242,13545
2026-03-17 13:00:00+00:00,1.15242,1.15437,1.15242,1.15304,23718
2026-03-17 14:00:00+00:00,1.15305,1.15389,1.15207,1.15333,16224
2026-03-17 15:00:00+00:00,1.15333,1.1539,1.15207,1.1525,19200
2026-03-17 16:00:00+00:00,1.15249,1.15332,1.15183,1.1528,16039
2026-03-17 17:00:00+00:00,1.15281,1.15402,1.15265,1.15397,9639
2026-03-17 18:00:00+00:00,1.15397,1.15474,1.15385,1.15392,6169
2026-03-17 19:00:00+00:00,1.15392,1.15415,1.1534,1.15358,5021
2026-03-17 20:00:00+00:00,1.15357,1.15425,1.15352,1.154,4185
2026-03-17 21:00:00+00:00,1.15391,1.15391,1.15363,1.15367,2180
2026-03-17 22:00:00+00:00,1.15367,1.15448,1.15362,1.15402,7426
2026-03-17 23:00:00+00:00,1.15402,1.15413,1.15374,1.15391,27061
2026-03-18 00:00:00+00:00,1.15391,1.1544,1.15322,1.15327,13890
2026-03-18 01:00:00+00:00,1.15328,1.15403,1.15322,1.15339,4520
2026-03-18 02:00:00+00:00,1.1534,1.15382,1.15322,1.15327,3106
2026-03-18 03:00:00+00:00,1.15326,1.1537,1.15321,1.15361,1776
2026-03-18 04:00:00+00:00,1.15362,1.15425,1.15361,1.15417,2162
2026-03-18 05:00:00+00:00,1.15416,1.15469,1.15401,1.15455,3169
2026-03-18 06:00:00+00:00,1.15456,1.15495,1.15396,1.15424,4769
2026-03-18 07:00:00+00:00,1.15424,1.1546,1.15234,1.15265,6592
2026-03-18 08:00:00+00:00,1.15264,1.15344,1.15178,1.15325,9201
2026-03-18 09:00:00+00:00,1.15325,1.15398,1.15253,1.1539,7098
2026-03-18 10:00:00+00:00,1.15389,1.1544,1.15338,1.15399,6343
2026-03-18 11:00:00+00:00,1.15399,1.15554,1.15301,1.15467,15304
2026-03-18 12:00:00+00:00,1.15467,1.15482,1.15054,1.15074,34137
2026-03-18 13:00:00+00:00,1.15075,1.15157,1.14907,1.1515,29014
2026-03-18 14:00:00+00:00,1.1515,1.15276,1.15042,1.15166,25777
2026-03-18 15:00:00+00:00,1.15166,1.15297,1.15115,1.1513,19427
2026-03-18 16:00:00+00:00,1.1513,1.15223,1.15067,1.15108,13780
2026-03-18 17:00:00+00:00,1.15107,1.15173,1.15026,1.15167,12477
2026-03-18 18:00:00+00:00,1.15167,1.15254,1.14771,1.14773,42690
2026-03-18 19:00:00+00:00,1.14772,1.14827,1.14685,1.14695,18992
2026-03-18 20:00:00+00:00,1.14694,1.14705,1.14499,1.14522,11326
2026-03-18 21:00:00+00:00,1.14521,1.14739,1.14518,1.1468,7292
2026-03-18 22:00:00+00:00,1.14681,1.14681,1.14512,1.14569,6193
2026-03-18 23:00:00+00:00,1.14568,1.1466,1.14553,1.14634,7760
2026-03-19 00:00:00+00:00,1.14634,1.14744,1.14623,1.14742,8030
2026-03-19 01:00:00+00:00,1.14743,1.14837,1.14735,1.14761,6775
2026-03-19 02:00:00+00:00,1.14762,1.14914,1.14718,1.14822,10359
2026-03-19 03:00:00+00:00,1.14822,1.14836,1.14745,1.14745,3658
2026-03-19 04:00:00+00:00,1.14744,1.1475,1.14671,1.14689,3740
2026-03-19 05:00:00+00:00,1.14689,1.14711,1.14635,1.14661,3740
2026-03-19 06:00:00+00:00,1.14662,1.14769,1.14612,1.14653,8843
2026-03-19 07:00:00+00:00,1.14654,1.14755,1.14509,1.14526,22152
2026-03-19 08:00:00+00:00,1.14527,1.14594,1.1443,1.14511,24011
2026-03-19 09:00:00+00:00,1.14512,1.14882,1.14511,1.14804,37103
2026-03-19 10:00:00+00:00,1.14803,1.14803,1.14667,1.14739,14263
2026-03-19 11:00:00+00:00,1.14739,1.14815,1.14658,1.14797,15267
2026-03-19 12:00:00+00:00,1.14798,1.14901,1.14626,1.14873,41713
2026-03-19 13:00:00+00:00,1.14872,1.15274,1.14694,1.15177,80411
2026-03-19 14:00:00+00:00,1.15176,1.15284,1.15006,1.15165,64984
2026-03-19 15:00:00+00:00,1.15164,1.1539,1.14985,1.15143,38399
2026-03-19 16:00:00+00:00,1.15142,1.1538,1.1512,1.15359,39817
2026-03-19 17:00:00+00:00,1.15359,1.15676,1.15358,1.15603,20058
2026-03-19 18:00:00+00:00,1.15603,1.15842,1.15511,1.15838,20910
2026-03-19 19:00:00+00:00,1.15839,1.16164,1.15772,1.15848,66992
2026-03-19 20:00:00+00:00,1.15849,1.15903,1.15805,1.15885,6925
2026-03-19 21:00:00+00:00,1.15881,1.1589,1.1582,1.15828,4836
2026-03-19 22:00:00+00:00,1.15828,1.15953,1.15777,1.15785,7035
2026-03-19 23:00:00+00:00,1.15786,1.15819,1.15746,1.15765,6394
2026-03-20 00:00:00+00:00,1.15766,1.15802,1.15711,1.15738,6373
2026-03-20 01:00:00+00:00,1.15739,1.15771,1.15636,1.15652,6880
2026-03-20 02:00:00+00:00,1.15653,1.15682,1.15619,1.15637,3616
2026-03-20 03:00:00+00:00,1.15636,1.15637,1.15564,1.15568,2694
2026-03-20 04:00:00+00:00,1.15568,1.156,1.15551,1.15557,2083
2026-03-20 05:00:00+00:00,1.15557,1.15613,1.15525,1.15526,3370
2026-03-20 06:00:00+00:00,1.15527,1.15663,1.15526,1.15591,5395
2026-03-20 07:00:00+00:00,1.15591,1.15753,1.15559,1.15733,12635
2026-03-20 08:00:00+00:00,1.15734,1.15809,1.15678,1.15679,11714
2026-03-20 09:00:00+00:00,1.15678,1.1573,1.15478,1.15488,14795
2026-03-20 10:00:00+00:00,1.15489,1.15626,1.15352,1.15599,17167
2026-03-20 11:00:00+00:00,1.156,1.15801,1.15574,1.15715,13686
2026-03-20 12:00:00+00:00,1.15717,1.158,1.15622,1.15645,21993
2026-03-20 13:00:00+00:00,1.15645,1.15661,1.154,1.15413,28071
2026-03-20 14:00:00+00:00,1.15412,1.15439,1.15247,1.1535,33865
2026-03-20 15:00:00+00:00,1.15351,1.15578,1.15349,1.15422,33718
2026-03-20 16:00:00+00:00,1.15421,1.15667,1.15413,1.15594,20866
2026-03-20 17:00:00+00:00,1.15593,1.15707,1.15497,1.15579,26656
2026-03-20 18:00:00+00:00,1.1558,1.1572,1.15477,1.15506,24659
2026-03-20 19:00:00+00:00,1.15505,1.15621,1.15469,1.15586,18593
2026-03-20 20:00:00+00:00,1.15585,1.15732,1.15574,1.15732,13579
2026-03-22 21:00:00+00:00,1.15376,1.15456,1.15366,1.15416,1447
2026-03-22 22:00:00+00:00,1.15419,1.15627,1.15408,1.15583,10654
2026-03-22 23:00:00+00:00,1.15583,1.15649,1.15572,1.15622,8456
2026-03-23 00:00:00+00:00,1.15622,1.15643,1.15386,1.15443,15458
2026-03-23 01:00:00+00:00,1.15442,1.15617,1.15442,1.15544,16222
2026-03-23 02:00:00+00:00,1.15545,1.15574,1.15431,1.15467,8568
2026-03-23 03:00:00+00:00,1.15468,1.15505,1.15427,1.15471,5363
2026-03-23 04:00:00+00:00,1.15471,1.15516,1.15459,1.15506,4081
2026-03-23 05:00:00+00:00,1.15506,1.15526,1.15342,1.15342,5829
2026-03-23 06:00:00+00:00,1.15341,1.15344,1.15205,1.15306,14341
2026-03-23 07:00:00+00:00,1.15305,1.15404,1.15237,1.15272,20215
2026-03-23 08:00:00+00:00,1.15273,1.15463,1.15261,1.15298,31397
2026-03-23 09:00:00+00:00,1.15299,1.15346,1.14911,1.14949,23036
2026-03-23 10:00:00+00:00,1.14949,1.15016,1.14845,1.1486,21767
2026-03-23 11:00:00+00:00,1.14859,1.16203,1.14858,1.15566,188781
2026-03-23 12:00:00+00:00,1.15565,1.16147,1.15464,1.16127,91473
2026-03-23 13:00:00+00:00,1.16128,1.16155,1.158,1.15998,90464
2026-03-23 14:00:00+00:00,1.15999,1.164,1.15931,1.16154,77589
2026-03-23 15:00:00+00:00,1.16155,1.16313,1.15821,1.15861,64505
2026-03-23 16:00:00+00:00,1.1586,1.16007,1.15765,1.15911,57346
2026-03-23 17:00:00+00:00,1.15911,1.16097,1.15866,1.16018,31800
2026-03-23 18:00:00+00:00,1.16017,1.16375,1.15918,1.16351,30748
2026-03-23 19:00:00+00:00,1.1635,1.16356,1.16127,1.16134,15373
2026-03-23 20:00:00+00:00,1.16134,1.16154,1.16095,1.1613,6682
2026-03-23 21:00:00+00:00,1.16134,1.16157,1.16131,1.16152,1627
2026-03-23 22:00:00+00:00,1.16151,1.16178,1.16084,1.16146,6397
2026-03-23 23:00:00+00:00,1.16147,1.1616,1.16059,1.16082,6465
2026-03-24 00:00:00+00:00,1.16082,1.16088,1.15811,1.15884,23286
2026-03-24 01:00:00+00:00,1.15885,1.1596,1.15785,1.15847,17325
2026-03-24 02:00:00+00:00,1.15846,1.15925,1.15828,1.1586,11242
2026-03-24 03:00:00+00:00,1.15861,1.15894,1.15815,1.15832,7162
2026-03-24 04:00:00+00:00,1.15832,1.15835,1.15757,1.15802,5305
2026-03-24 05:00:00+00:00,1.15803,1.15893,1.15758,1.15837,10204
2026-03-24 06:00:00+00:00,1.15837,1.15924,1.15792,1.15919,14965
2026-03-24 07:00:00+00:00,1.15918,1.16179,1.1589,1.16088,27813
2026-03-24 08:00:00+00:00,1.16087,1.16095,1.15817,1.15885,29045
2026-03-24 09:00:00+00:00,1.15886,1.15971,1.15787,1.15949,17839
2026-03-24 10:00:00+00:00,1.1595,1.15965,1.15834,1.15922,13820
2026-03-24 11:00:00+00:00,1.15922,1.16009,1.1579,1.15894,18144
2026-03-24 12:00:00+00:00,1.15894,1.15995,1.15812,1.15848,22524
2026-03-24 13:00:00+00:00,1.15847,1.15908,1.15671,1.15776,41464
2026-03-24 14:00:00+00:00,1.15776,1.16072,1.15774,1.15897,50392
2026-03-24 15:00:00+00:00,1.15897,1.15974,1.15758,1.15778,33284
2026-03-24 16:00:00+00:00,1.15778,1.15925,1.15742,1.15826,20194
2026-03-24 17:00:00+00:00,1.15827,1.15841,1.15571,1.15761,54211
2026-03-24 18:00:00+00:00,1.15761,1.15926,1.15675,1.15823,33843
2026-03-24 19:00:00+00:00,1.15823,1.1593,1.15823,1.15857,13733
2026-03-24 20:00:00+00:00,1.15856,1.16285,1.15828,1.16071,49234
2026-03-24 21:00:00+00:00,1.16065,1.16134,1.16021,1.16114,5671
2026-03-24 22:00:00+00:00,1.16118,1.16192,1.16046,1.16142,9958
2026-03-24 23:00:00+00:00,1.16143,1.16184,1.16086,1.16139,9359
2026-03-25 00:00:00+00:00,1.16138,1.16309,1.16126,1.16234,17148
2026-03-25 01:00:00+00:00,1.16233,1.16245,1.16119,1.16121,12769
2026-03-25 02:00:00+00:00,1.16122,1.16132,1.16013,1.16043,7555
2026-03-25 03:00:00+00:00,1.16042,1.16058,1.16008,1.16038,5474
2026-03-25 04:00:00+00:00,1.16038,1.16042,1.15972,1.1598,3991
2026-03-25 05:00:00+00:00,1.15979,1.15983,1.15891,1.15922,6301
2026-03-25 06:00:00+00:00,1.15921,1.16,1.1587,1.15963,7837
2026-03-25 07:00:00+00:00,1.15963,1.16054,1.15884,1.15976,13722
2026-03-25 08:00:00+00:00,1.15976,1.16167,1.15906,1.16029,27117
2026-03-25 09:00:00+00:00,1.16028,1.16094,1.15914,1.15991,15969
2026-03-25 10:00:00+00:00,1.15992,1.16057,1.1596,1.16045,11580
2026-03-25 11:00:00+00:00,1.16044,1.16115,1.15942,1.16055,15942
2026-03-25 12:00:00+00:00,1.16055,1.16138,1.15865,1.15913,29444
2026-03-25 13:00:00+00:00,1.15913,1.1599,1.15717,1.15731,25503
2026-03-25 14:00:00+00:00,1.15731,1.1588,1.15664,1.1586,30675
2026-03-25 15:00:00+00:00,1.1586,1.15894,1.15627,1.15699,25613
2026-03-25 16:00:00+00:00,1.15699,1.15769,1.15553,1.15677,25711
2026-03-25 17:00:00+00:00,1.15676,1.15841,1.15646,1.15784,14604
2026-03-25 18:00:00+00:00,1.15784,1.1581,1.15609,1.15666,13457
2026-03-25 19:00:00+00:00,1.15665,1.15666,1.15592,1.15633,10887
2026-03-25 20:00:00+00:00,1.15633,1.15636,1.1556,1.15588,4812
2026-03-25 21:00:00+00:00,1.15591,1.15621,1.1559,1.15607,2176
2026-03-25 22:00:00+00:00,1.15607,1.15626,1.15561,1.15606,2075
2026-03-25 23:00:00+00:00,1.15607,1.15621,1.15589,1.15616,2016
2026-03-26 00:00:00+00:00,1.15615,1.15648,1.15541,1.15583,5811
2026-03-26 01:00:00+00:00,1.15582,1.15671,1.15581,1.15644,5272
2026-03-26 02:00:00+00:00,1.15644,1.15658,1.15548,1.1559,4163
2026-03-26 03:00:00+00:00,1.15589,1.15696,1.1558,1.15687,3735
2026-03-26 04:00:00+00:00,1.15687,1.15724,1.15675,1.15694,2735
2026-03-26 05:00:00+00:00,1.15695,1.15699,1.15578,1.15579,5309
2026-03-26 06:00:00+00:00,1.15578,1.15671,1.15518,1.15667,8083
2026-03-26 07:00:00+00:00,1.15668,1.15668,1.15507,1.15539,9964
2026-03-26 08:00:00+00:00,1.15538,1.15613,1.15477,1.15598,11737
2026-03-26 09:00:00+00:00,1.15598,1.1565,1.15526,1.15597,11517
2026-03-26 10:00:00+00:00,1.15598,1.15654,1.15545,1.15573,10677
2026-03-26 11:00:00+00:00,1.15573,1.15589,1.15234,1.15243,9478
2026-03-26 12:00:00+00:00,1.15244,1.15355,1.15224,1.15352,15547
2026-03-26 13:00:00+00:00,1.15352,1.15528,1.1535,1.15423,24531
2026-03-26 14:00:00+00:00,1.15424,1.15551,1.15369,1.15476,30493
2026-03-26 15:00:00+00:00,1.15476,1.15514,1.15312,1.15415,22865
2026-03-26 16:00:00+00:00,1.15415,1.15434,1.1531,1.15356,14286
2026-03-26 17:00:00+00:00,1.15356,1.15377,1.15255,1.1526,9842
2026-03-26 18:00:00+00:00,1.15259,1.15341,1.15252,1.15339,7187
2026-03-26 19:00:00+00:00,1.15339,1.15347,1.15218,1.15219,8166
2026-03-26 20:00:00+00:00,1.15219,1.1559,1.15196,1.1527,48283
2026-03-26 21:00:00+00:00,1.15327,1.15374,1.15296,1.15334,7873
2026-03-26 22:00:00+00:00,1.15333,1.15405,1.15319,1.15385,4695
2026-03-26 23:00:00+00:00,1.15386,1.154,1.1534,1.15344,2632
2026-03-27 00:00:00+00:00,1.15345,1.15381,1.15244,1.15306,8943
2026-03-27 01:00:00+00:00,1.15307,1.1541,1.15298,1.154,6968
2026-03-27 02:00:00+00:00,1.15402,1.15428,1.15363,1.15385,4343
2026-03-27 03:00:00+00:00,1.15386,1.15404,1.15339,1.1539,3579
2026-03-27 04:00:00+00:00,1.1539,1.15438,1.15372,1.1543,2727
2026-03-27 05:00:00+00:00,1.15429,1.15464,1.15373,1.15411,5179
2026-03-27 06:00:00+00:00,1.1541,1.1544,1.1534,1.15346,6099
2026-03-27 07:00:00+00:00,1.15345,1.1535,1.15169,1.15189,10455
2026-03-27 08:00:00+00:00,1.15189,1.15253,1.15159,1.15208,13128
2026-03-27 09:00:00+00:00,1.15207,1.15262,1.15146,1.15192,10870
2026-03-27 10:00:00+00:00,1.15192,1.15262,1.15104,1.1511,11152
2026-03-27 11:00:00+00:00,1.15111,1.15141,1.15048,1.15075,8617
2026-03-27 12:00:00+00:00,1.15075,1.15182,1.15019,1.15151,12001
2026-03-27 13:00:00+00:00,1.15151,1.15331,1.15141,1.15241,19654
2026-03-27 14:00:00+00:00,1.15241,1.15357,1.15233,1.15288,20150
2026-03-27 15:00:00+00:00,1.15289,1.15479,1.1518,1.15194,29219
2026-03-27 16:00:00+00:00,1.15195,1.15274,1.15147,1.15191,19417
2026-03-27 17:00:00+00:00,1.15192,1.15294,1.15064,1.15125,15576
2026-03-27 18:00:00+00:00,1.15125,1.15199,1.15071,1.15136,9213
2026-03-27 19:00:00+00:00,1.15135,1.15181,1.151,1.15172,7298
2026-03-27 20:00:00+00:00,1.15172,1.15211,1.15066,1.15084,20175
2026-03-29 21:00:00+00:00,1.1503,1.15039,1.14996,1.15006,1012
2026-03-29 22:00:00+00:00,1.15007,1.15027,1.1488,1.14886,12853
2026-03-29 23:00:00+00:00,1.14887,1.14945,1.14873,1.14917,7020
2026-03-30 00:00:00+00:00,1.14918,1.15128,1.14895,1.15068,15620
2026-03-30 01:00:00+00:00,1.1507,1.15111,1.1503,1.1505,7334
2026-03-30 02:00:00+00:00,1.1505,1.15152,1.15015,1.15114,5674
2026-03-30 03:00:00+00:00,1.15114,1.15188,1.15103,1.15158,4161
2026-03-30 04:00:00+00:00,1.15159,1.15213,1.15136,1.15136,3171
2026-03-30 05:00:00+00:00,1.15136,1.15183,1.15096,1.15159,4770
2026-03-30 06:00:00+00:00,1.15158,1.15202,1.15116,1.15128,8447
2026-03-30 07:00:00+00:00,1.15127,1.15129,1.1494,1.14979,10868
2026-03-30 08:00:00+00:00,1.14979,1.14989,1.14906,1.14962,9956
2026-03-30 09:00:00+00:00,1.14962,1.14985,1.14839,1.14946,9217
2026-03-30 10:00:00+00:00,1.14946,1.14974,1.14882,1.14892,6888
2026-03-30 11:00:00+00:00,1.14892,1.15008,1.1484,1.14849,19056
2026-03-30 12:00:00+00:00,1.1485,1.1489,1.1473,1.14828,15171
2026-03-30 13:00:00+00:00,1.14828,1.1488,1.14622,1.14642,18456
2026-03-30 14:00:00+00:00,1.14642,1.14706,1.14548,1.1465,22872
2026-03-30 15:00:00+00:00,1.1465,1.14659,1.14432,1.14539,15726
2026-03-30 16:00:00+00:00,1.14538,1.14614,1.14474,1.14601,10044
2026-03-30 17:00:00+00:00,1.146,1.14654,1.14559,1.14577,9178
2026-03-30 18:00:00+00:00,1.14576,1.14663,1.14569,1.1461,7020
2026-03-30 19:00:00+00:00,1.14609,1.14624,1.14539,1.14598,5693
2026-03-30 20:00:00+00:00,1.14597,1.14659,1.14571,1.14657,4303
2026-03-30 21:00:00+00:00,1.14592,1.14682,1.14581,1.14628,14586
2026-03-30 22:00:00+00:00,1.14629,1.14662,1.14595,1.14596,3153
2026-03-30 23:00:00+00:00,1.14596,1.14596,1.14523,1.14568,3402
2026-03-31 00:00:00+00:00,1.14567,1.14764,1.1447,1.1475,17907
2026-03-31 01:00:00+00:00,1.14749,1.14909,1.14735,1.14761,12943
2026-03-31 02:00:00+00:00,1.1476,1.14798,1.14732,1.14759,6904
2026-03-31 03:00:00+00:00,1.14758,1.14764,1.14664,1.14698,4419
2026-03-31 04:00:00+00:00,1.14699,1.1473,1.14691,1.14691,3813
2026-03-31 05:00:00+00:00,1.14692,1.14716,1.14624,1.14646,6862
2026-03-31 06:00:00+00:00,1.14645,1.14745,1.14609,1.14721,10588
2026-03-31 07:00:00+00:00,1.14721,1.14743,1.14629,1.14724,11699
2026-03-31 08:00:00+00:00,1.14723,1.14759,1.14642,1.14673,10358
2026-03-31 09:00:00+00:00,1.14673,1.14733,1.14621,1.14683,10332
2026-03-31 10:00:00+00:00,1.14683,1.14701,1.14581,1.1459,7195
2026-03-31 11:00:00+00:00,1.1459,1.14913,1.14577,1.14912,23311
2026-03-31 12:00:00+00:00,1.14911,1.15101,1.1487,1.1503,24693
2026-03-31 13:00:00+00:00,1.15031,1.15327,1.15005,1.15326,20020
2026-03-31 14:00:00+00:00,1.15326,1.15408,1.15112,1.15203,40881
2026-03-31 15:00:00+00:00,1.15205,1.1533,1.15118,1.15174,34383
2026-03-31 16:00:00+00:00,1.15173,1.15601,1.15141,1.15405,52054
2026-03-31 17:00:00+00:00,1.15405,1.15567,1.15389,1.15399,41613
2026-03-31 18:00:00+00:00,1.154,1.15509,1.15384,1.15447,17175
2026-03-31 19:00:00+00:00,1.15447,1.15598,1.15388,1.15592,12639
2026-03-31 20:00:00+00:00,1.15591,1.15636,1.1552,1.15533,10605
2026-03-31 21:00:00+00:00,1.15536,1.15565,1.15526,1.15565,2710
2026-03-31 22:00:00+00:00,1.15566,1.15597,1.15527,1.15588,5162
2026-03-31 23:00:00+00:00,1.15588,1.15746,1.15571,1.15739,4358
2026-04-01 00:00:00+00:00,1.15739,1.1579,1.15695,1.15745,8747
2026-04-01 01:00:00+00:00,1.15746,1.15757,1.15549,1.15618,13012
2026-04-01 02:00:00+00:00,1.15619,1.15712,1.15606,1.15688,5947
2026-04-01 03:00:00+00:00,1.15687,1.15687,1.15592,1.15609,4827
2026-04-01 04:00:00+00:00,1.15608,1.15665,1.15595,1.15654,2481
2026-04-01 05:00:00+00:00,1.15654,1.15765,1.15648,1.15678,6803
2026-04-01 06:00:00+00:00,1.15678,1.15929,1.1562,1.15914,26597
2026-04-01 07:00:00+00:00,1.15914,1.15988,1.15772,1.15822,29127
2026-04-01 08:00:00+00:00,1.15821,1.16108,1.15775,1.15967,23982
2026-04-01 09:00:00+00:00,1.15966,1.16027,1.15809,1.15954,18553
2026-04-01 10:00:00+00:00,1.15955,1.16037,1.15936,1.15997,11769
2026-04-01 11:00:00+00:00,1.15998,1.16101,1.1598,1.16076,12152
2026-04-01 12:00:00+00:00,1.16075,1.16238,1.15939,1.16046,37068
2026-04-01 13:00:00+00:00,1.16047,1.16239,1.15987,1.16121,34894
2026-04-01 14:00:00+00:00,1.16122,1.1627,1.16047,1.16227,33172
2026-04-01 15:00:00+00:00,1.16227,1.16273,1.16052,1.16138,17339
2026-04-01 16:00:00+00:00,1.16137,1.16193,1.16046,1.16192,12887
2026-04-01 17:00:00+00:00,1.16191,1.16236,1.15939,1.15941,11519
2026-04-01 18:00:00+00:00,1.1594,1.15945,1.15769,1.1579,15603
2026-04-01 19:00:00+00:00,1.15791,1.15872,1.15762,1.15839,12518
2026-04-01 20:00:00+00:00,1.15839,1.1592,1.15837,1.15889,4900
2026-04-01 21:00:00+00:00,1.1589,1.15915,1.1585,1.15903,11368
2026-04-01 22:00:00+00:00,1.15904,1.15945,1.15897,1.15911,3990
2026-04-01 23:00:00+00:00,1.15912,1.15948,1.1589,1.15899,2446
2026-04-02 00:00:00+00:00,1.15898,1.1598,1.1587,1.15957,7746
2026-04-02 01:00:00+00:00,1.15957,1.16057,1.15456,1.15527,63599
2026-04-02 02:00:00+00:00,1.15526,1.15606,1.1544,1.15469,18585
2026-04-02 03:00:00+00:00,1.15468,1.15491,1.15377,1.15398,7187
2026-04-02 04:00:00+00:00,1.15399,1.15421,1.15322,1.1537,6324
2026-04-02 05:00:00+00:00,1.1537,1.15391,1.15249,1.15254,9162
2026-04-02 06:00:00+00:00,1.15255,1.15356,1.15153,1.15345,15171
2026-04-02 07:00:00+00:00,1.15344,1.1538,1.15188,1.15326,16209
2026-04-02 08:00:00+00:00,1.15325,1.15359,1.15244,1.15255,8498
2026-04-02 09:00:00+00:00,1.15255,1.15321,1.15218,1.15263,7454
2026-04-02 10:00:00+00:00,1.15264,1.1527,1.15112,1.15123,8948
2026-04-02 11:00:00+00:00,1.15124,1.15195,1.15093,1.15176,10753
2026-04-02 12:00:00+00:00,1.15177,1.15315,1.15171,1.15246,15092
2026-04-02 13:00:00+00:00,1.15246,1.15327,1.15203,1.15313,19421
2026-04-02 14:00:00+00:00,1.15313,1.15641,1.15268,1.15513,49811
2026-04-02 15:00:00+00:00,1.15514,1.15588,1.15416,1.15452,25430
2026-04-02 16:00:00+00:00,1.15451,1.15481,1.1539,1.15393,14166
2026-04-02 17:00:00+00:00,1.15393,1.15493,1.15364,1.15377,8416
2026-04-02 18:00:00+00:00,1.15376,1.15401,1.15331,1.15363,7368
2026-04-02 19:00:00+00:00,1.15363,1.15439,1.15335,1.15347,6899
2026-04-02 20:00:00+00:00,1.15349,1.15398,1.15322,1.15387,3949
2026-04-02 21:00:00+00:00,1.15376,1.15429,1.15371,1.15425,2663
2026-04-02 22:00:00+00:00,1.1541,1.1541,1.15374,1.15401,1607
2026-04-02 23:00:00+00:00,1.154,1.15431,1.15396,1.15416,1145
2026-04-03 00:00:00+00:00,1.15415,1.15453,1.15382,1.15382,2706
2026-04-03 01:00:00+00:00,1.15382,1.15399,1.15337,1.15351,3660
2026-04-03 02:00:00+00:00,1.15352,1.15386,1.15321,1.15361,2749
2026-04-03 03:00:00+00:00,1.15361,1.15376,1.15343,1.15364,875
2026-04-03 04:00:00+00:00,1.15364,1.15364,1.15339,1.15339,3073
2026-04-03 05:00:00+00:00,1.1534,1.15383,1.15294,1.15381,2421
2026-04-03 06:00:00+00:00,1.15381,1.15407,1.15351,1.15397,2073
2026-04-03 07:00:00+00:00,1.15397,1.15466,1.15396,1.15429,2145
2026-04-03 08:00:00+00:00,1.15429,1.15454,1.15402,1.15431,1901
2026-04-03 09:00:00+00:00,1.15431,1.15456,1.15407,1.15432,1880
2026-04-03 10:00:00+00:00,1.15433,1.15493,1.15419,1.15449,1718
2026-04-03 11:00:00+00:00,1.15449,1.15468,1.1541,1.15444,2293
2026-04-03 12:00:00+00:00,1.15444,1.15461,1.15179,1.1531,21030
2026-04-03 13:00:00+00:00,1.15311,1.15384,1.15292,1.15371,2092
2026-04-05 21:00:00+00:00,1.1523,1.15236,1.152,1.15211,1172
2026-04-05 22:00:00+00:00,1.15211,1.15215,1.15051,1.1515,17856
2026-04-05 23:00:00+00:00,1.15151,1.15171,1.15085,1.15097,4463
2026-04-06 00:00:00+00:00,1.15098,1.15184,1.15094,1.15118,6061
2026-04-06 01:00:00+00:00,1.15119,1.15145,1.15064,1.15069,5255
2026-04-06 02:00:00+00:00,1.1507,1.1529,1.1507,1.15207,10471
2026-04-06 03:00:00+00:00,1.15206,1.15233,1.15173,1.15191,5219
2026-04-06 04:00:00+00:00,1.15191,1.15251,1.15186,1.15244,3403
2026-04-06 05:00:00+00:00,1.15244,1.15297,1.15231,1.15254,4699
2026-04-06 06:00:00+00:00,1.15254,1.15378,1.15221,1.15331,11430
2026-04-06 07:00:00+00:00,1.15331,1.15689,1.15254,1.15644,16273
2026-04-06 08:00:00+00:00,1.15643,1.15687,1.15539,1.15554,12431
2026-04-06 09:00:00+00:00,1.15553,1.15605,1.15473,1.15504,9697
2026-04-06 10:00:00+00:00,1.15504,1.15545,1.15374,1.15481,11814
2026-04-06 11:00:00+00:00,1.15482,1.15501,1.15403,1.15458,8998
2026-04-06 12:00:00+00:00,1.15457,1.15547,1.15427,1.15534,7976
2026-04-06 13:00:00+00:00,1.15534,1.15614,1.15495,1.15602,11845
2026-04-06 14:00:00+00:00,1.15602,1.15717,1.15425,1.15431,30757
2026-04-06 15:00:00+00:00,1.15431,1.15446,1.15356,1.15444,17549
2026-04-06 16:00:00+00:00,1.15444,1.15483,1.15425,1.15451,9057
2026-04-06 17:00:00+00:00,1.1545,1.15493,1.15341,1.15415,13604
2026-04-06 18:00:00+00:00,1.15416,1.15527,1.15397,1.15458,14284
2026-04-06 19:00:00+00:00,1.15459,1.15469,1.15407,1.15429,5333
2026-04-06 20:00:00+00:00,1.15429,1.15447,1.15405,1.15412,5316
2026-04-06 21:00:00+00:00,1.15416,1.15447,1.15409,1.15437,2848
2026-04-06 22:00:00+00:00,1.15436,1.15479,1.15423,1.15427,5039
2026-04-06 23:00:00+00:00,1.15426,1.15434,1.15389,1.15409,1723
2026-04-07 00:00:00+00:00,1.15409,1.1544,1.15367,1.15377,6123
2026-04-07 01:00:00+00:00,1.15376,1.15403,1.15275,1.15302,5551
2026-04-07 02:00:00+00:00,1.15302,1.15321,1.15241,1.153,4613
2026-04-07 03:00:00+00:00,1.15299,1.15348,1.15289,1.15345,3858
2026-04-07 04:00:00+00:00,1.15346,1.15389,1.1533,1.15384,2639
2026-04-07 05:00:00+00:00,1.15385,1.15398,1.15303,1.15355,5120
2026-04-07 06:00:00+00:00,1.15355,1.15456,1.15326,1.15447,9244
2026-04-07 07:00:00+00:00,1.15448,1.15462,1.15368,1.15429,10746
2026-04-07 08:00:00+00:00,1.15428,1.15757,1.1542,1.15737,29385
2026-04-07 09:00:00+00:00,1.15736,1.15755,1.15623,1.15629,11932
2026-04-07 10:00:00+00:00,1.1563,1.15638,1.15459,1.15544,29539
2026-04-07 11:00:00+00:00,1.15543,1.15621,1.15481,1.15601,10589
2026-04-07 12:00:00+00:00,1.15602,1.157,1.15537,1.15606,21603
2026-04-07 13:00:00+00:00,1.15607,1.15651,1.1556,1.15637,16589
2026-04-07 14:00:00+00:00,1.15636,1.15839,1.15586,1.15719,19926
2026-04-07 15:00:00+00:00,1.15719,1.15789,1.1566,1.15711,18619
2026-04-07 16:00:00+00:00,1.15712,1.15797,1.15697,1.15715,17858
2026-04-07 17:00:00+00:00,1.15715,1.15796,1.15665,1.15776,10394
2026-04-07 18:00:00+00:00,1.15777,1.15832,1.15715,1.15748,8317
2026-04-07 19:00:00+00:00,1.15747,1.1602,1.1573,1.15951,30250
2026-04-07 20:00:00+00:00,1.15952,1.16053,1.15926,1.15948,18154
2026-04-07 21:00:00+00:00,1.15952,1.16023,1.1595,1.15989,2532
2026-04-07 22:00:00+00:00,1.1599,1.16698,1.15893,1.16681,51738
2026-04-07 23:00:00+00:00,1.16681,1.16906,1.16615,1.16864,50209
2026-04-08 00:00:00+00:00,1.16865,1.1697,1.1666,1.16718,45972
2026-04-08 01:00:00+00:00,1.16718,1.16884,1.1671,1.16755,27193
2026-04-08 02:00:00+00:00,1.16755,1.16823,1.16688,1.16737,13881
2026-04-08 03:00:00+00:00,1.16738,1.16759,1.16662,1.16706,11216
2026-04-08 04:00:00+00:00,1.16707,1.16813,1.16707,1.16764,10939
2026-04-08 05:00:00+00:00,1.16763,1.17087,1.16722,1.16915,22477
2026-04-08 06:00:00+00:00,1.16915,1.17087,1.16846,1.16964,26045
2026-04-08 07:00:00+00:00,1.16963,1.17004,1.16789,1.16957,22098
2026-04-08 08:00:00+00:00,1.16957,1.16993,1.1669,1.16813,22394
2026-04-08 09:00:00+00:00,1.16813,1.16896,1.1678,1.16795,14224
2026-04-08 10:00:00+00:00,1.16795,1.16926,1.16775,1.16904,11966
2026-04-08 11:00:00+00:00,1.16903,1.17104,1.16855,1.17001,17084
2026-04-08 12:00:00+00:00,1.17002,1.17182,1.16881,1.17142,28297
2026-04-08 13:00:00+00:00,1.17141,1.17218,1.16871,1.16943,28365
2026-04-08 14:00:00+00:00,1.16943,1.17036,1.16895,1.16942,30451
2026-04-08 15:00:00+00:00,1.16942,1.16965,1.16843,1.16863,18846
2026-04-08 16:00:00+00:00,1.16863,1.16887,1.16773,1.16818,15293
2026-04-08 17:00:00+00:00,1.16818,1.16856,1.16689,1.16749,12101
2026-04-08 18:00:00+00:00,1.16749,1.16803,1.16499,1.16503,19509
2026-04-08 19:00:00+00:00,1.16503,1.16706,1.16435,1.16679,17798
2026-04-08 20:00:00+00:00,1.1668,1.16695,1.16605,1.16632,6515
2026-04-08 21:00:00+00:00,1.16594,1.16671,1.16594,1.16655,996
2026-04-08 22:00:00+00:00,1.16656,1.16677,1.16601,1.16623,4195
2026-04-08 23:00:00+00:00,1.16623,1.16634,1.16576,1.16592,2308
2026-04-09 00:00:00+00:00,1.16592,1.16611,1.16529,1.16572,7617
2026-04-09 01:00:00+00:00,1.16574,1.16636,1.16504,1.16619,6324
2026-04-09 02:00:00+00:00,1.16619,1.16674,1.16593,1.16654,4374
2026-04-09 03:00:00+00:00,1.16653,1.16669,1.16606,1.16624,4058
2026-04-09 04:00:00+00:00,1.16624,1.16711,1.16619,1.16664,2781
2026-04-09 05:00:00+00:00,1.16665,1.16678,1.16593,1.16609,4375
2026-04-09 06:00:00+00:00,1.1661,1.16644,1.16543,1.16644,7386
2026-04-09 07:00:00+00:00,1.16645,1.16694,1.16555,1.16631,7846
2026-04-09 08:00:00+00:00,1.16631,1.1675,1.16597,1.16722,6978
2026-04-09 09:00:00+00:00,1.16722,1.16793,1.16686,1.16747,5993
2026-04-09 10:00:00+00:00,1.16746,1.16796,1.16713,1.16713,6551
2026-04-09 11:00:00+00:00,1.16712,1.16896,1.16696,1.16885,7034
2026-04-09 12:00:00+00:00,1.16884,1.16903,1.16791,1.16862,10540
2026-04-09 13:00:00+00:00,1.16863,1.16954,1.16812,1.16819,11571
2026-04-09 14:00:00+00:00,1.16818,1.16883,1.16743,1.16848,14173
2026-04-09 15:00:00+00:00,1.16847,1.17073,1.16777,1.17055,25881
2026-04-09 16:00:00+00:00,1.17054,1.17141,1.17023,1.17107,12732
2026-04-09 17:00:00+00:00,1.17106,1.17236,1.17102,1.17143,8739
2026-04-09 18:00:00+00:00,1.17142,1.17149,1.16975,1.16993,11117
2026-04-09 19:00:00+00:00,1.16992,1.17086,1.16981,1.17007,6334
2026-04-09 20:00:00+00:00,1.17008,1.17009,1.16953,1.16992,4325
2026-04-09 21:00:00+00:00,1.17011,1.17023,1.16954,1.17023,10038
2026-04-09 22:00:00+00:00,1.17024,1.17026,1.16926,1.16943,4504
2026-04-09 23:00:00+00:00,1.16942,1.16962,1.16902,1.16916,2729
2026-04-10 00:00:00+00:00,1.16917,1.16917,1.16856,1.1688,4211
2026-04-10 01:00:00+00:00,1.16881,1.16947,1.16862,1.16924,3839
2026-04-10 02:00:00+00:00,1.16926,1.16943,1.16869,1.1691,2966
2026-04-10 03:00:00+00:00,1.1691,1.16968,1.16899,1.16958,1981
2026-04-10 04:00:00+00:00,1.16958,1.16967,1.16912,1.1692,2254
2026-04-10 05:00:00+00:00,1.16921,1.16928,1.16875,1.16901,3148
2026-04-10 06:00:00+00:00,1.169,1.16937,1.16831,1.16842,5957
2026-04-10 07:00:00+00:00,1.16842,1.16898,1.16791,1.16798,6931
2026-04-10 08:00:00+00:00,1.16797,1.16898,1.16775,1.1686,5819
2026-04-10 09:00:00+00:00,1.1686,1.17111,1.16847,1.17103,18042
2026-04-10 10:00:00+00:00,1.17104,1.17159,1.17059,1.17129,6729
2026-04-10 11:00:00+00:00,1.17128,1.17189,1.17108,1.1714,6276
2026-04-10 12:00:00+00:00,1.17141,1.17257,1.17096,1.17209,16495
2026-04-10 13:00:00+00:00,1.17209,1.17349,1.17187,1.17278,14224
2026-04-10 14:00:00+00:00,1.17277,1.17385,1.17202,1.17279,20008
2026-04-10 15:00:00+00:00,1.17278,1.17397,1.17218,1.17225,14624
2026-04-10 16:00:00+00:00,1.17224,1.17255,1.17136,1.17205,9080
2026-04-10 17:00:00+00:00,1.17206,1.17262,1.17189,1.17234,6178
2026-04-10 18:00:00+00:00,1.17233,1.17354,1.17188,1.17316,7952
2026-04-10 19:00:00+00:00,1.17315,1.17327,1.17272,1.17274,4762
2026-04-10 20:00:00+00:00,1.17275,1.1731,1.1721,1.17237,11881
2026-04-12 21:00:00+00:00,1.16659,1.16817,1.16655,1.16722,2520
2026-04-12 22:00:00+00:00,1.16721,1.16789,1.16658,1.16724,21965
2026-04-12 23:00:00+00:00,1.16724,1.16756,1.16642,1.1675,6938
2026-04-13 00:00:00+00:00,1.16751,1.16877,1.16712,1.16877,7508
2026-04-13 01:00:00+00:00,1.16878,1.16897,1.16804,1.16863,5644
2026-04-13 02:00:00+00:00,1.16864,1.16904,1.16852,1.16885,2518
2026-04-13 03:00:00+00:00,1.16886,1.16894,1.16859,1.16881,1999
2026-04-13 04:00:00+00:00,1.16882,1.16903,1.16858,1.16862,2409
2026-04-13 05:00:00+00:00,1.16863,1.16892,1.16832,1.16879,4609
2026-04-13 06:00:00+00:00,1.16879,1.16949,1.1678,1.16856,9817
2026-04-13 07:00:00+00:00,1.16856,1.17002,1.16856,1.16973,8851
2026-04-13 08:00:00+00:00,1.16973,1.16973,1.16836,1.16861,6288
2026-04-13 09:00:00+00:00,1.16862,1.16929,1.16838,1.16863,6567
2026-04-13 10:00:00+00:00,1.16863,1.16952,1.16826,1.16936,5296
2026-04-13 11:00:00+00:00,1.16936,1.16998,1.1681,1.16818,8385
2026-04-13 12:00:00+00:00,1.16819,1.16992,1.16807,1.16986,11115
2026-04-13 13:00:00+00:00,1.16986,1.17125,1.16965,1.17054,15457
2026-04-13 14:00:00+00:00,1.17055,1.17209,1.17005,1.17103,16323
2026-04-13 15:00:00+00:00,1.17102,1.17126,1.17026,1.17096,11202
2026-04-13 16:00:00+00:00,1.17097,1.17317,1.17071,1.17251,21627
2026-04-13 17:00:00+00:00,1.17252,1.1738,1.17248,1.17335,6799
2026-04-13 18:00:00+00:00,1.17336,1.17659,1.17336,1.17645,11498
2026-04-13 19:00:00+00:00,1.17644,1.17651,1.1754,1.17603,7018
2026-04-13 20:00:00+00:00,1.17602,1.17631,1.17568,1.17589,4457
2026-04-13 21:00:00+00:00,1.17575,1.17603,1.17543,1.17574,2100
2026-04-13 22:00:00+00:00,1.17573,1.17653,1.17571,1.17616,3289
2026-04-13 23:00:00+00:00,1.17617,1.1767,1.1761,1.17668,2869
2026-04-14 00:00:00+00:00,1.17669,1.17682,1.17611,1.17665,3499
2026-04-14 01:00:00+00:00,1.17664,1.17679,1.17595,1.17601,3237
2026-04-14 02:00:00+00:00,1.17601,1.17624,1.17563,1.17608,2819
2026-04-14 03:00:00+00:00,1.17608,1.17683,1.17591,1.1767,2024
2026-04-14 04:00:00+00:00,1.17669,1.177,1.17647,1.17669,1040
2026-04-14 05:00:00+00:00,1.17668,1.17697,1.17596,1.17643,4091
2026-04-14 06:00:00+00:00,1.17644,1.17784,1.17581,1.17781,8344
2026-04-14 07:00:00+00:00,1.17783,1.17968,1.17776,1.17801,16101
2026-04-14 08:00:00+00:00,1.178,1.17846,1.17751,1.17827,8231
2026-04-14 09:00:00+00:00,1.17828,1.17926,1.17819,1.17888,5956
2026-04-14 10:00:00+00:00,1.17887,1.1799,1.17882,1.17968,6748
2026-04-14 11:00:00+00:00,1.17967,1.18066,1.17955,1.17996,8447
2026-04-14 12:00:00+00:00,1.17997,1.18057,1.17928,1.18046,15038
2026-04-14 13:00:00+00:00,1.18046,1.18077,1.17935,1.17993,12588
2026-04-14 14:00:00+00:00,1.17993,1.18113,1.17934,1.18088,13079
2026-04-14 15:00:00+00:00,1.18088,1.18088,1.17875,1.17904,13214
2026-04-14 16:00:00+00:00,1.17905,1.17972,1.17883,1.17941,5741
2026-04-14 17:00:00+00:00,1.17941,1.17996,1.17919,1.17957,4455
2026-04-14 18:00:00+00:00,1.17958,1.1797,1.17906,1.1793,6460
2026-04-14 19:00:00+00:00,1.1793,1.17955,1.17906,1.17919,3732
2026-04-14 20:00:00+00:00,1.1792,1.17965,1.17914,1.1796,3746
2026-04-14 21:00:00+00:00,1.17968,1.17968,1.17904,1.1792,506
2026-04-14 22:00:00+00:00,1.1792,1.17996,1.1792,1.17952,3458
2026-04-14 23:00:00+00:00,1.17951,1.18019,1.17944,1.17985,3785
2026-04-15 00:00:00+00:00,1.17984,1.17989,1.17894,1.17942,6102
2026-04-15 01:00:00+00:00,1.17941,1.1797,1.17898,1.17909,5024
2026-04-15 02:00:00+00:00,1.17907,1.1791,1.17788,1.17834,4088
2026-04-15 03:00:00+00:00,1.17835,1.17894,1.17803,1.17873,3114
2026-04-15 04:00:00+00:00,1.17872,1.17897,1.17863,1.17886,1816
2026-04-15 05:00:00+00:00,1.17887,1.17984,1.17884,1.17921,6344
2026-04-15 06:00:00+00:00,1.1792,1.17994,1.17839,1.17843,6848
2026-04-15 07:00:00+00:00,1.17842,1.17906,1.17828,1.17857,7809
2026-04-15 08:00:00+00:00,1.17856,1.17955,1.17854,1.17895,6613
2026-04-15 09:00:00+00:00,1.17896,1.17915,1.17751,1.17816,13820
2026-04-15 10:00:00+00:00,1.17817,1.17867,1.1772,1.1777,14072
2026-04-15 11:00:00+00:00,1.1777,1.17848,1.17732,1.17831,10510
2026-04-15 12:00:00+00:00,1.17831,1.1793,1.17773,1.17881,10401
2026-04-15 13:00:00+00:00,1.17882,1.17976,1.17841,1.17879,11456
2026-04-15 14:00:00+00:00,1.1788,1.18003,1.17845,1.17966,12017
2026-04-15 15:00:00+00:00,1.17967,1.18081,1.17946,1.17981,11287
2026-04-15 16:00:00+00:00,1.17981,1.18029,1.17975,1.18009,8679
2026-04-15 17:00:00+00:00,1.1801,1.18021,1.17928,1.17949,4948
2026-04-15 18:00:00+00:00,1.1795,1.1802,1.17938,1.18005,8720
2026-04-15 19:00:00+00:00,1.18004,1.1805,1.17986,1.17999,3675
2026-04-15 20:00:00+00:00,1.17999,1.1801,1.17954,1.17989,4028
2026-04-15 21:00:00+00:00,1.18009,1.18033,1.17982,1.17983,1574
2026-04-15 22:00:00+00:00,1.17982,1.18034,1.17982,1.18026,2754
2026-04-15 23:00:00+00:00,1.18026,1.18079,1.18026,1.18068,1650
2026-04-16 00:00:00+00:00,1.18069,1.18086,1.18028,1.18075,3337
2026-04-16 01:00:00+00:00,1.18074,1.18094,1.17969,1.18026,3856
2026-04-16 02:00:00+00:00,1.18025,1.18177,1.18021,1.18172,5383
2026-04-16 03:00:00+00:00,1.18171,1.18239,1.18122,1.18131,4626
2026-04-16 04:00:00+00:00,1.1813,1.18132,1.18083,1.18095,1964
2026-04-16 05:00:00+00:00,1.18094,1.18102,1.1803,1.18044,3663
2026-04-16 06:00:00+00:00,1.18044,1.18071,1.17935,1.18033,7302
2026-04-16 07:00:00+00:00,1.18034,1.18049,1.1791,1.17916,9509
2026-04-16 08:00:00+00:00,1.17915,1.1794,1.17765,1.17863,8642
2026-04-16 09:00:00+00:00,1.17862,1.17877,1.1777,1.17797,6972
2026-04-16 10:00:00+00:00,1.17796,1.17805,1.17725,1.17799,4599
2026-04-16 11:00:00+00:00,1.178,1.17888,1.178,1.17841,6246
2026-04-16 12:00:00+00:00,1.17841,1.17848,1.1776,1.17816,10002
2026-04-16 13:00:00+00:00,1.17817,1.17837,1.17671,1.17726,11623
2026-04-16 14:00:00+00:00,1.17727,1.17822,1.17689,1.17717,16260
2026-04-16 15:00:00+00:00,1.17716,1.17822,1.17702,1.17822,12964
2026-04-16 16:00:00+00:00,1.17822,1.17874,1.17689,1.17749,10997
2026-04-16 17:00:00+00:00,1.1775,1.17756,1.17682,1.17736,6064
2026-04-16 18:00:00+00:00,1.17737,1.17811,1.17733,1.17797,6452
2026-04-16 19:00:00+00:00,1.17798,1.17858,1.17798,1.17812,5285
2026-04-16 20:00:00+00:00,1.17812,1.17834,1.17786,1.17804,2860
2026-04-16 21:00:00+00:00,1.17794,1.17825,1.17794,1.17811,239
2026-04-16 22:00:00+00:00,1.17809,1.17874,1.17802,1.17853,2743
2026-04-16 23:00:00+00:00,1.17852,1.17865,1.17809,1.17811,2716
2026-04-17 00:00:00+00:00,1.17809,1.17833,1.17771,1.1779,3681
2026-04-17 01:00:00+00:00,1.1779,1.17799,1.17746,1.17761,3057
2026-04-17 02:00:00+00:00,1.17762,1.17779,1.17731,1.17772,2094
2026-04-17 03:00:00+00:00,1.17771,1.17853,1.17756,1.17835,2485
2026-04-17 04:00:00+00:00,1.17834,1.17844,1.17816,1.17826,1723
2026-04-17 05:00:00+00:00,1.17826,1.17846,1.178,1.17806,3337
2026-04-17 06:00:00+00:00,1.17807,1.17833,1.17722,1.1775,6007
2026-04-17 07:00:00+00:00,1.17751,1.17833,1.1775,1.17823,7210
2026-04-17 08:00:00+00:00,1.17824,1.17957,1.17809,1.1794,5730
2026-04-17 09:00:00+00:00,1.1794,1.17995,1.17911,1.17935,4976
2026-04-17 10:00:00+00:00,1.17935,1.17962,1.17915,1.17945,4011
2026-04-17 11:00:00+00:00,1.17946,1.17995,1.17921,1.17937,5061
2026-04-17 12:00:00+00:00,1.17938,1.18376,1.17935,1.18353,30714
2026-04-17 13:00:00+00:00,1.18354,1.18493,1.18242,1.18337,45932
2026-04-17 14:00:00+00:00,1.18337,1.18361,1.18133,1.18137,25882
2026-04-17 15:00:00+00:00,1.18136,1.18167,1.17998,1.18008,22336
2026-04-17 16:00:00+00:00,1.18006,1.18049,1.17919,1.17988,10259
2026-04-17 17:00:00+00:00,1.17988,1.17988,1.17848,1.17955,12620
2026-04-17 18:00:00+00:00,1.17956,1.17979,1.17744,1.17799,10556
2026-04-17 19:00:00+00:00,1.17799,1.17838,1.17671,1.17691,7987
2026-04-17 20:00:00+00:00,1.17691,1.1772,1.17605,1.17635,9965
2026-04-19 21:00:00+00:00,1.17393,1.17425,1.17311,1.17316,2483
2026-04-19 22:00:00+00:00,1.17318,1.17402,1.17288,1.174,14226
2026-04-19 23:00:00+00:00,1.174,1.17457,1.17366,1.1739,6504
2026-04-20 00:00:00+00:00,1.1739,1.17571,1.1737,1.17546,8628
2026-04-20 01:00:00+00:00,1.17545,1.176,1.17508,1.17569,5941
2026-04-20 02:00:00+00:00,1.1757,1.17618,1.17547,1.1757,3052
2026-04-20 03:00:00+00:00,1.17569,1.17626,1.17547,1.17603,2535
2026-04-20 04:00:00+00:00,1.17602,1.17623,1.17563,1.17593,2782
2026-04-20 05:00:00+00:00,1.17592,1.1761,1.17471,1.17534,5136
2026-04-20 06:00:00+00:00,1.17533,1.17659,1.17476,1.1765,12217
2026-04-20 07:00:00+00:00,1.17651,1.1772,1.17537,1.17594,14439
2026-04-20 08:00:00+00:00,1.17594,1.17648,1.17569,1.17612,9211
2026-04-20 09:00:00+00:00,1.17611,1.17659,1.17553,1.17655,6553
2026-04-20 10:00:00+00:00,1.17655,1.17715,1.17624,1.17708,5882
2026-04-20 11:00:00+00:00,1.17708,1.17756,1.17654,1.17671,8376
2026-04-20 12:00:00+00:00,1.17671,1.17684,1.17559,1.17651,8722
2026-04-20 13:00:00+00:00,1.17652,1.17817,1.17612,1.17752,16276
2026-04-20 14:00:00+00:00,1.17752,1.17782,1.17625,1.17721,19430
2026-04-20 15:00:00+00:00,1.1772,1.17897,1.17684,1.17841,16979
2026-04-20 16:00:00+00:00,1.17842,1.17882,1.1782,1.17858,7107
2026-04-20 17:00:00+00:00,1.17858,1.17904,1.17814,1.17839,6333
2026-04-20 18:00:00+00:00,1.17839,1.17898,1.17788,1.17802,8790
2026-04-20 19:00:00+00:00,1.17801,1.17889,1.17797,1.17861,4892
2026-04-20 20:00:00+00:00,1.17862,1.17887,1.17836,1.17884,3381
2026-04-20 21:00:00+00:00,1.17868,1.17884,1.17851,1.1787,3353
2026-04-20 22:00:00+00:00,1.17869,1.17906,1.17856,1.17906,6356
2026-04-20 23:00:00+00:00,1.17905,1.17911,1.17833,1.17842,1843
2026-04-21 00:00:00+00:00,1.17843,1.17857,1.17807,1.17829,5868
2026-04-21 01:00:00+00:00,1.17829,1.17863,1.17796,1.17806,4540
2026-04-21 02:00:00+00:00,1.17807,1.17824,1.17771,1.17794,2970
2026-04-21 03:00:00+00:00,1.17794,1.17796,1.17733,1.17757,3035
2026-04-21 04:00:00+00:00,1.17757,1.17768,1.17742,1.17756,1667
2026-04-21 05:00:00+00:00,1.17757,1.17823,1.17753,1.17784,4509
2026-04-21 06:00:00+00:00,1.17783,1.17802,1.1772,1.17747,8308
2026-04-21 07:00:00+00:00,1.17747,1.17771,1.17635,1.17643,9055
2026-04-21 08:00:00+00:00,1.17642,1.17671,1.17569,1.17654,10420
2026-04-21 09:00:00+00:00,1.17654,1.17654,1.17566,1.17596,6680
2026-04-21 10:00:00+00:00,1.17596,1.17616,1.17567,1.17611,5344
2026-04-21 11:00:00+00:00,1.17611,1.17685,1.17563,1.17672,9242
2026-04-21 12:00:00+00:00,1.17673,1.17683,1.17542,1.17593,13580
2026-04-21 13:00:00+00:00,1.17593,1.17717,1.17579,1.17657,12068
2026-04-21 14:00:00+00:00,1.17658,1.17761,1.1752,1.17525,16242
2026-04-21 15:00:00+00:00,1.17525,1.17598,1.17412,1.17516,17005
2026-04-21 16:00:00+00:00,1.17516,1.17559,1.17404,1.17416,9210
2026-04-21 17:00:00+00:00,1.17415,1.17638,1.17203,1.1743,27393
2026-04-21 18:00:00+00:00,1.17429,1.17473,1.17294,1.17408,20640
2026-04-21 19:00:00+00:00,1.17409,1.17525,1.17189,1.17256,30855
2026-04-21 20:00:00+00:00,1.17255,1.17536,1.17235,1.17432,30562
2026-04-21 21:00:00+00:00,1.17478,1.1748,1.17345,1.17409,1918
2026-04-21 22:00:00+00:00,1.17408,1.17441,1.17388,1.17389,3912
2026-04-21 23:00:00+00:00,1.17389,1.17442,1.17374,1.17441,2345
2026-04-22 00:00:00+00:00,1.1744,1.17515,1.17432,1.17439,5458
2026-04-22 01:00:00+00:00,1.17438,1.17471,1.17387,1.17447,4198
2026-04-22 02:00:00+00:00,1.17448,1.17484,1.17398,1.17407,3259
2026-04-22 03:00:00+00:00,1.17406,1.17427,1.17377,1.17385,2553
2026-04-22 04:00:00+00:00,1.17385,1.17424,1.17384,1.17396,1820
2026-04-22 05:00:00+00:00,1.17396,1.17627,1.17391,1.17507,12608
2026-04-22 06:00:00+00:00,1.17507,1.17552,1.17449,1.17494,6792
2026-04-22 07:00:00+00:00,1.17493,1.17564,1.17461,1.17554,6746
2026-04-22 08:00:00+00:00,1.17554,1.17593,1.17475,1.17538,6927
2026-04-22 09:00:00+00:00,1.17537,1.17576,1.17465,1.17477,5562
2026-04-22 10:00:00+00:00,1.17478,1.17533,1.17439,1.17515,5804
2026-04-22 11:00:00+00:00,1.17516,1.17516,1.1732,1.17347,8428
2026-04-22 12:00:00+00:00,1.17347,1.17378,1.17248,1.17277,9608
2026-04-22 13:00:00+00:00,1.17278,1.17434,1.1724,1.17409,17672
2026-04-22 14:00:00+00:00,1.17409,1.17434,1.17185,1.17186,13125
2026-04-22 15:00:00+00:00,1.17186,1.17241,1.17125,1.17133,11394
2026-04-22 16:00:00+00:00,1.17133,1.17157,1.17101,1.17128,6762
2026-04-22 17:00:00+00:00,1.17127,1.1717,1.17101,1.17105,5415
2026-04-22 18:00:00+00:00,1.17104,1.17131,1.17077,1.1709,3631
2026-04-22 19:00:00+00:00,1.17091,1.17112,1.1705,1.17057,3820
2026-04-22 20:00:00+00:00,1.17058,1.17081,1.17031,1.17051,6199
2026-04-22 21:00:00+00:00,1.17063,1.17086,1.17043,1.17082,805
2026-04-22 22:00:00+00:00,1.17084,1.17092,1.17054,1.17065,1405
2026-04-22 23:00:00+00:00,1.17065,1.17073,1.17047,1.17057,1505
2026-04-23 00:00:00+00:00,1.17057,1.17138,1.16924,1.17116,18632
2026-04-23 01:00:00+00:00,1.17116,1.1713,1.17078,1.17092,5434
2026-04-23 02:00:00+00:00,1.17092,1.17106,1.16961,1.16975,4943
2026-04-23 03:00:00+00:00,1.16976,1.17018,1.1695,1.16957,6177
2026-04-23 04:00:00+00:00,1.16958,1.17008,1.16951,1.17002,3377
2026-04-23 05:00:00+00:00,1.17001,1.17072,1.16997,1.17071,4631
2026-04-23 06:00:00+00:00,1.17072,1.17092,1.17019,1.17037,5575
2026-04-23 07:00:00+00:00,1.17037,1.17121,1.16956,1.17026,12113
2026-04-23 08:00:00+00:00,1.17025,1.17054,1.16966,1.17016,8265
2026-04-23 09:00:00+00:00,1.17017,1.17024,1.16905,1.16937,8462
2026-04-23 10:00:00+00:00,1.16937,1.16962,1.16798,1.16824,8976
2026-04-23 11:00:00+00:00,1.16824,1.16979,1.16792,1.16906,10674
2026-04-23 12:00:00+00:00,1.16907,1.16983,1.16861,1.1692,19292
2026-04-23 13:00:00+00:00,1.16921,1.16969,1.16822,1.16912,15605
2026-04-23 14:00:00+00:00,1.16911,1.17166,1.1687,1.17109,13158
2026-04-23 15:00:00+00:00,1.17108,1.17156,1.17008,1.17034,12912
2026-04-23 16:00:00+00:00,1.17034,1.17057,1.16985,1.17023,6410
2026-04-23 17:00:00+00:00,1.17024,1.17029,1.16692,1.16929,40412
2026-04-23 18:00:00+00:00,1.16929,1.17002,1.1688,1.16893,20252
2026-04-23 19:00:00+00:00,1.16892,1.16903,1.16803,1.16867,9735
2026-04-23 20:00:00+00:00,1.16868,1.1687,1.16808,1.16833,4616
2026-04-23 21:00:00+00:00,1.16841,1.16911,1.16787,1.1686,14216
2026-04-23 22:00:00+00:00,1.16859,1.16867,1.16851,1.16861,1738
2026-04-23 23:00:00+00:00,1.1686,1.16861,1.16821,1.16837,1432
2026-04-24 00:00:00+00:00,1.16837,1.16887,1.16819,1.16855,6326
2026-04-24 01:00:00+00:00,1.16855,1.16887,1.16822,1.16887,3791
2026-04-24 02:00:00+00:00,1.16887,1.16896,1.16782,1.16791,2715
2026-04-24 03:00:00+00:00,1.16791,1.16801,1.16729,1.16781,2546
2026-04-24 04:00:00+00:00,1.16781,1.16817,1.16765,1.16791,2595
2026-04-24 05:00:00+00:00,1.16792,1.16832,1.16766,1.16821,3448
2026-04-24 06:00:00+00:00,1.16822,1.16838,1.16775,1.16786,5385
2026-04-24 07:00:00+00:00,1.16786,1.16939,1.16762,1.16912,6804
2026-04-24 08:00:00+00:00,1.1691,1.1696,1.1684,1.169,8318
2026-04-24 09:00:00+00:00,1.16901,1.1691,1.16841,1.16865,4561
2026-04-24 10:00:00+00:00,1.16866,1.17036,1.16856,1.17034,4646
2026-04-24 11:00:00+00:00,1.17034,1.17186,1.17028,1.17147,21580
2026-04-24 12:00:00+00:00,1.17149,1.17175,1.17027,1.17089,10760
2026-04-24 13:00:00+00:00,1.17089,1.17129,1.16986,1.17069,11174
2026-04-24 14:00:00+00:00,1.17069,1.17171,1.17002,1.17064,16717
2026-04-24 15:00:00+00:00,1.17063,1.172,1.17007,1.17177,17754
2026-04-24 16:00:00+00:00,1.17177,1.17198,1.17131,1.17192,6987
2026-04-24 17:00:00+00:00,1.17191,1.17213,1.17122,1.17135,6356
2026-04-24 18:00:00+00:00,1.17136,1.17198,1.17112,1.17177,4939
2026-04-24 19:00:00+00:00,1.17179,1.17211,1.17154,1.17186,4662
2026-04-24 20:00:00+00:00,1.17184,1.17236,1.17169,1.17206,7522
2026-04-26 21:00:00+00:00,1.16998,1.17095,1.16991,1.17091,1113
2026-04-26 22:00:00+00:00,1.17089,1.17125,1.17043,1.1708,4531
2026-04-26 23:00:00+00:00,1.1708,1.17097,1.17053,1.17056,1999
2026-04-27 00:00:00+00:00,1.17057,1.17174,1.17056,1.17161,3862
2026-04-27 01:00:00+00:00,1.17162,1.17269,1.17162,1.17246,8286
2026-04-27 02:00:00+00:00,1.17247,1.17283,1.17197,1.17266,2709
2026-04-27 03:00:00+00:00,1.17266,1.17327,1.17265,1.17295,2482
2026-04-27 04:00:00+00:00,1.17293,1.17317,1.17251,1.17268,2038
2026-04-27 05:00:00+00:00,1.17268,1.17281,1.17223,1.17225,2960
2026-04-27 06:00:00+00:00,1.17224,1.17298,1.17166,1.17298,5697
2026-04-27 07:00:00+00:00,1.17297,1.17455,1.17293,1.1744,6739
2026-04-27 08:00:00+00:00,1.17439,1.17509,1.17393,1.17486,8178
2026-04-27 09:00:00+00:00,1.17485,1.1751,1.1741,1.17423,3909
2026-04-27 10:00:00+00:00,1.17423,1.17479,1.1739,1.17461,3894
2026-04-27 11:00:00+00:00,1.17461,1.17472,1.17378,1.17414,4189
2026-04-27 12:00:00+00:00,1.17414,1.1755,1.17409,1.17445,8404
2026-04-27 13:00:00+00:00,1.17444,1.17541,1.17358,1.174,10336
2026-04-27 14:00:00+00:00,1.17401,1.17482,1.17332,1.17361,9192
2026-04-27 15:00:00+00:00,1.1736,1.17369,1.17293,1.17308,7036
2026-04-27 16:00:00+00:00,1.17307,1.1734,1.17252,1.17262,4366
2026-04-27 17:00:00+00:00,1.17261,1.17301,1.17202,1.17232,4681
2026-04-27 18:00:00+00:00,1.17232,1.17248,1.17189,1.172,3005
2026-04-27 19:00:00+00:00,1.17199,1.17261,1.17192,1.17207,3742
2026-04-27 20:00:00+00:00,1.17207,1.17233,1.17199,1.17213,2560
2026-04-27 21:00:00+00:00,1.17235,1.17235,1.17195,1.1722,819
2026-04-27 22:00:00+00:00,1.17219,1.17232,1.17193,1.17223,2800
2026-04-27 23:00:00+00:00,1.17223,1.17232,1.17214,1.17231,1410
2026-04-28 00:00:00+00:00,1.17232,1.1727,1.17172,1.1719,4227
2026-04-28 01:00:00+00:00,1.17189,1.17189,1.17124,1.17129,3368
2026-04-28 02:00:00+00:00,1.17128,1.17137,1.1708,1.17085,3041
2026-04-28 03:00:00+00:00,1.17085,1.1718,1.17081,1.17134,5590
2026-04-28 04:00:00+00:00,1.17135,1.17164,1.17118,1.17126,2188
2026-04-28 05:00:00+00:00,1.17125,1.17134,1.17054,1.17061,4076
2026-04-28 06:00:00+00:00,1.1706,1.17082,1.16872,1.16877,8576
2026-04-28 07:00:00+00:00,1.16876,1.17009,1.16859,1.16967,11278
2026-04-28 08:00:00+00:00,1.16967,1.17079,1.16949,1.17022,11278
2026-04-28 09:00:00+00:00,1.17021,1.17022,1.16864,1.16924,7734
2026-04-28 10:00:00+00:00,1.16924,1.16959,1.16905,1.16933,6885
2026-04-28 11:00:00+00:00,1.16932,1.16996,1.16822,1.1683,9703
2026-04-28 12:00:00+00:00,1.1683,1.17,1.16774,1.1697,16966
2026-04-28 13:00:00+00:00,1.16971,1.1704,1.16883,1.16975,15931
2026-04-28 14:00:00+00:00,1.16976,1.17034,1.16906,1.1701,16856
2026-04-28 15:00:00+00:00,1.1701,1.1716,1.1701,1.17138,11598
2026-04-28 16:00:00+00:00,1.17139,1.17171,1.17055,1.17107,7591
2026-04-28 17:00:00+00:00,1.17106,1.17179,1.17066,1.17137,6271
2026-04-28 18:00:00+00:00,1.17138,1.17163,1.17114,1.17117,4766
2026-04-28 19:00:00+00:00,1.17118,1.17153,1.17072,1.17099,4306
2026-04-28 20:00:00+00:00,1.17098,1.17152,1.17094,1.17121,3339
2026-04-28 21:00:00+00:00,1.17135,1.17147,1.17133,1.1714,288
2026-04-28 22:00:00+00:00,1.17141,1.17184,1.17136,1.17157,6312
2026-04-28 23:00:00+00:00,1.17157,1.17177,1.17153,1.17176,1171
2026-04-29 00:00:00+00:00,1.17177,1.17207,1.17147,1.17157,2579
2026-04-29 01:00:00+00:00,1.17157,1.17162,1.17071,1.1712,6910
2026-04-29 02:00:00+00:00,1.17121,1.17169,1.17072,1.17077,3502
2026-04-29 03:00:00+00:00,1.17078,1.17108,1.17052,1.1706,2111
2026-04-29 04:00:00+00:00,1.1706,1.17078,1.17045,1.17056,1951
2026-04-29 05:00:00+00:00,1.17056,1.1706,1.16982,1.17008,3592
2026-04-29 06:00:00+00:00,1.17008,1.17042,1.16964,1.16999,5240
2026-04-29 07:00:00+00:00,1.16999,1.17084,1.16982,1.17056,6824
2026-04-29 08:00:00+00:00,1.17056,1.17059,1.16937,1.17002,7621
2026-04-29 09:00:00+00:00,1.17001,1.17047,1.16961,1.16976,5415
2026-04-29 10:00:00+00:00,1.16975,1.17095,1.16964,1.17094,4434
2026-04-29 11:00:00+00:00,1.17094,1.17099,1.16997,1.17009,5713
2026-04-29 12:00:00+00:00,1.1701,1.17083,1.16934,1.16991,9563
2026-04-29 13:00:00+00:00,1.16991,1.17034,1.16825,1.1689,15682
2026-04-29 14:00:00+00:00,1.16888,1.17032,1.16838,1.17011,11173
2026-04-29 15:00:00+00:00,1.17011,1.17042,1.16874,1.16949,16877
2026-04-29 16:00:00+00:00,1.16948,1.16988,1.16838,1.16847,8130
2026-04-29 17:00:00+00:00,1.16848,1.16892,1.16799,1.16873,10374
2026-04-29 18:00:00+00:00,1.16873,1.16907,1.16612,1.16722,32253
2026-04-29 19:00:00+00:00,1.16722,1.16806,1.16671,1.16764,11146
2026-04-29 20:00:00+00:00,1.16763,1.16782,1.1671,1.16782,7547
2026-04-29 21:00:00+00:00,1.16779,1.16802,1.16722,1.16736,5199
2026-04-29 22:00:00+00:00,1.16745,1.16787,1.16712,1.16779,4317
2026-04-29 23:00:00+00:00,1.16778,1.16866,1.1676,1.16847,1907
2026-04-30 00:00:00+00:00,1.16847,1.16897,1.16792,1.16793,6887
2026-04-30 01:00:00+00:00,1.16793,1.16819,1.16733,1.16745,5656
2026-04-30 02:00:00+00:00,1.16745,1.16767,1.16625,1.16669,7498
2026-04-30 03:00:00+00:00,1.16669,1.16712,1.16648,1.1666,4276
2026-04-30 04:00:00+00:00,1.16659,1.16662,1.1655,1.16602,5040
2026-04-30 05:00:00+00:00,1.16602,1.16647,1.1659,1.16594,4821
2026-04-30 06:00:00+00:00,1.16593,1.16707,1.16579,1.16704,8511
2026-04-30 07:00:00+00:00,1.16703,1.1684,1.16701,1.16797,9676
2026-04-30 08:00:00+00:00,1.16796,1.16977,1.16741,1.16799,18707
2026-04-30 09:00:00+00:00,1.16798,1.16975,1.16733,1.16945,16155
2026-04-30 10:00:00+00:00,1.16945,1.17154,1.1689,1.17149,34401
2026-04-30 11:00:00+00:00,1.17148,1.17197,1.17032,1.1705,28446
2026-04-30 12:00:00+00:00,1.17049,1.17058,1.16895,1.16928,24642
2026-04-30 13:00:00+00:00,1.16927,1.1701,1.16819,1.16902,24117
2026-04-30 14:00:00+00:00,1.16903,1.17334,1.16877,1.17278,24978
2026-04-30 15:00:00+00:00,1.17279,1.17359,1.17229,1.17286,21653
2026-04-30 16:00:00+00:00,1.17287,1.17357,1.1723,1.17256,9350
2026-04-30 17:00:00+00:00,1.17255,1.17326,1.17222,1.1725,8579
2026-04-30 18:00:00+00:00,1.17251,1.17402,1.1725,1.17365,6912
2026-04-30 19:00:00+00:00,1.17364,1.17418,1.17323,1.17337,7881
2026-04-30 20:00:00+00:00,1.17338,1.17365,1.17295,1.17312,7076
2026-04-30 21:00:00+00:00,1.17305,1.17366,1.17304,1.17335,1367
2026-04-30 22:00:00+00:00,1.17335,1.17361,1.17294,1.17314,2717
2026-04-30 23:00:00+00:00,1.17315,1.17332,1.17284,1.17289,3204
2026-05-01 00:00:00+00:00,1.17289,1.17299,1.17243,1.17277,6335
2026-05-01 01:00:00+00:00,1.17278,1.17329,1.17252,1.17312,3512
2026-05-01 02:00:00+00:00,1.17311,1.17341,1.17295,1.17337,2784
2026-05-01 03:00:00+00:00,1.17338,1.17365,1.17307,1.17312,3045
2026-05-01 04:00:00+00:00,1.17313,1.17324,1.1726,1.17269,3227
2026-05-01 05:00:00+00:00,1.17268,1.17272,1.17219,1.17225,2930
2026-05-01 06:00:00+00:00,1.17226,1.17452,1.17189,1.17356,13890
2026-05-01 07:00:00+00:00,1.17355,1.17421,1.17315,1.17344,15324
2026-05-01 08:00:00+00:00,1.17345,1.17482,1.1732,1.17436,8966
2026-05-01 09:00:00+00:00,1.17436,1.1744,1.17309,1.17315,5499
2026-05-01 10:00:00+00:00,1.17314,1.1746,1.17309,1.17448,5923
2026-05-01 11:00:00+00:00,1.17449,1.17584,1.17441,1.17514,6694
2026-05-01 12:00:00+00:00,1.17515,1.1769,1.17483,1.17576,14202
2026-05-01 13:00:00+00:00,1.17575,1.17639,1.17439,1.17622,13015
2026-05-01 14:00:00+00:00,1.17621,1.17854,1.17602,1.17675,20805
2026-05-01 15:00:00+00:00,1.17675,1.17708,1.17534,1.17551,17040
2026-05-01 16:00:00+00:00,1.1755,1.17573,1.17378,1.17382,13578
2026-05-01 17:00:00+00:00,1.17383,1.17406,1.17292,1.17332,6919
2026-05-01 18:00:00+00:00,1.17333,1.17341,1.17196,1.17274,11151
2026-05-01 19:00:00+00:00,1.17274,1.17285,1.17178,1.17197,6475
2026-05-01 20:00:00+00:00,1.17198,1.17226,1.17155,1.17194,6887
2026-05-03 21:00:00+00:00,1.17481,1.17498,1.17401,1.17416,1139
2026-05-03 22:00:00+00:00,1.17415,1.17421,1.1727,1.17333,5800
2026-05-03 23:00:00+00:00,1.17334,1.17334,1.17251,1.17259,3134
2026-05-04 00:00:00+00:00,1.17259,1.1729,1.17216,1.17272,4920
2026-05-04 01:00:00+00:00,1.17271,1.17296,1.17202,1.17252,6469
2026-05-04 02:00:00+00:00,1.17253,1.17288,1.17226,1.17275,4763
2026-05-04 03:00:00+00:00,1.17275,1.17391,1.17246,1.17376,11299
2026-05-04 04:00:00+00:00,1.17376,1.17384,1.17277,1.17293,4060
2026-05-04 05:00:00+00:00,1.17292,1.17325,1.17258,1.17308,6287
2026-05-04 06:00:00+00:00,1.17308,1.17373,1.17216,1.1729,8737
2026-05-04 07:00:00+00:00,1.1729,1.17293,1.17154,1.17179,9651
2026-05-04 08:00:00+00:00,1.17179,1.17233,1.17114,1.17193,9095
2026-05-04 09:00:00+00:00,1.17194,1.17239,1.17158,1.17174,6622
2026-05-04 10:00:00+00:00,1.17175,1.17175,1.16889,1.17051,31813
2026-05-04 11:00:00+00:00,1.17051,1.17088,1.1693,1.16933,13347
2026-05-04 12:00:00+00:00,1.16932,1.17126,1.16921,1.17093,11191
2026-05-04 13:00:00+00:00,1.17094,1.17179,1.17021,1.1715,17933
2026-05-04 14:00:00+00:00,1.17149,1.17164,1.17045,1.17074,13408
2026-05-04 15:00:00+00:00,1.17073,1.17157,1.16941,1.16975,22225
2026-05-04 16:00:00+00:00,1.16976,1.17011,1.1681,1.16824,21441
2026-05-04 17:00:00+00:00,1.16825,1.16972,1.16815,1.16936,11090
2026-05-04 18:00:00+00:00,1.16935,1.16978,1.16883,1.16973,6779
2026-05-04 19:00:00+00:00,1.16971,1.17024,1.16935,1.16951,9523
2026-05-04 20:00:00+00:00,1.1695,1.16951,1.16872,1.16909,3948
2026-05-04 21:00:00+00:00,1.16907,1.16931,1.16884,1.16904,580
2026-05-04 22:00:00+00:00,1.16902,1.1693,1.16888,1.16902,1852
2026-05-04 23:00:00+00:00,1.16902,1.16931,1.16899,1.16918,1447
2026-05-05 00:00:00+00:00,1.16918,1.1694,1.1685,1.16865,3847
2026-05-05 01:00:00+00:00,1.16865,1.16884,1.16798,1.16868,3857
2026-05-05 02:00:00+00:00,1.16869,1.16916,1.16864,1.16876,2441
2026-05-05 03:00:00+00:00,1.16875,1.16883,1.16837,1.1684,1374
2026-05-05 04:00:00+00:00,1.16839,1.16875,1.16769,1.16778,2987
2026-05-05 05:00:00+00:00,1.16778,1.16847,1.16766,1.16832,4562
2026-05-05 06:00:00+00:00,1.16831,1.16897,1.16795,1.1686,7653
2026-05-05 07:00:00+00:00,1.16861,1.16969,1.16858,1.16891,8713
2026-05-05 08:00:00+00:00,1.1689,1.16969,1.1685,1.16888,7667
2026-05-05 09:00:00+00:00,1.16889,1.1693,1.16812,1.16904,10363
2026-05-05 10:00:00+00:00,1.16904,1.16978,1.1687,1.16896,5978
2026-05-05 11:00:00+00:00,1.16895,1.16947,1.16833,1.16892,7934
2026-05-05 12:00:00+00:00,1.16891,1.16981,1.16854,1.16925,10555
2026-05-05 13:00:00+00:00,1.16924,1.17047,1.16921,1.16978,10778
2026-05-05 14:00:00+00:00,1.16977,1.1706,1.16914,1.17058,20152
2026-05-05 15:00:00+00:00,1.17059,1.17137,1.17012,1.17066,10714
2026-05-05 16:00:00+00:00,1.17065,1.1709,1.16981,1.16995,6099
2026-05-05 17:00:00+00:00,1.16994,1.17043,1.16961,1.16988,6754
2026-05-05 18:00:00+00:00,1.16988,1.1701,1.16971,1.17,3080
2026-05-05 19:00:00+00:00,1.17001,1.17013,1.16943,1.16955,3064
2026-05-05 20:00:00+00:00,1.16954,1.16971,1.16923,1.16932,3271
2026-05-05 21:00:00+00:00,1.16934,1.16946,1.16931,1.16936,420
2026-05-05 22:00:00+00:00,1.16937,1.17096,1.16918,1.17057,6548
2026-05-05 23:00:00+00:00,1.17058,1.17256,1.17053,1.17148,6735
2026-05-06 00:00:00+00:00,1.17149,1.17216,1.17114,1.17203,7363
2026-05-06 01:00:00+00:00,1.17202,1.17262,1.17178,1.17214,5354
2026-05-06 02:00:00+00:00,1.17214,1.17249,1.17157,1.17175,3678
2026-05-06 03:00:00+00:00,1.17174,1.17232,1.17163,1.17179,3451
2026-05-06 04:00:00+00:00,1.17178,1.17429,1.17164,1.1737,16715
2026-05-06 05:00:00+00:00,1.1737,1.17383,1.17301,1.17331,7220
2026-05-06 06:00:00+00:00,1.17332,1.17357,1.17284,1.17335,8426
2026-05-06 07:00:00+00:00,1.17335,1.17384,1.17244,1.17376,10371
2026-05-06 08:00:00+00:00,1.17376,1.1771,1.17328,1.17624,24831
2026-05-06 09:00:00+00:00,1.17625,1.17773,1.17563,1.17752,15970
2026-05-06 10:00:00+00:00,1.17753,1.17969,1.17666,1.17891,16033
2026-05-06 11:00:00+00:00,1.1789,1.17919,1.17683,1.177,18302
2026-05-06 12:00:00+00:00,1.17701,1.17702,1.17516,1.17537,20302
2026-05-06 13:00:00+00:00,1.17536,1.17593,1.17465,1.17518,17256
2026-05-06 14:00:00+00:00,1.17517,1.1763,1.1745,1.17552,16213
2026-05-06 15:00:00+00:00,1.17551,1.17589,1.17486,1.17529,9346
2026-05-06 16:00:00+00:00,1.17528,1.17536,1.17419,1.17444,7561
2026-05-06 17:00:00+00:00,1.17444,1.17557,1.17429,1.17483,7045
2026-05-06 18:00:00+00:00,1.17483,1.17517,1.17448,1.17495,5603
2026-05-06 19:00:00+00:00,1.17494,1.17557,1.17475,1.17478,5163
2026-05-06 20:00:00+00:00,1.17477,1.17507,1.17449,1.17478,3077
2026-05-06 21:00:00+00:00,1.17449,1.1751,1.17449,1.17506,834
2026-05-06 22:00:00+00:00,1.17505,1.17514,1.17495,1.17507,1719
2026-05-06 23:00:00+00:00,1.17506,1.17521,1.17465,1.17481,1394
2026-05-07 00:00:00+00:00,1.1748,1.17542,1.17469,1.17487,6445
2026-05-07 01:00:00+00:00,1.17487,1.17636,1.17466,1.17591,6800
2026-05-07 02:00:00+00:00,1.1759,1.17611,1.17546,1.17566,3104
2026-05-07 03:00:00+00:00,1.17565,1.17568,1.17488,1.1749,2962
2026-05-07 04:00:00+00:00,1.17489,1.17537,1.17479,1.1751,2702
2026-05-07 05:00:00+00:00,1.1751,1.17539,1.175,1.17518,4393
2026-05-07 06:00:00+00:00,1.17519,1.1757,1.17451,1.17482,9297
2026-05-07 07:00:00+00:00,1.17482,1.17687,1.17481,1.1767,16855
2026-05-07 08:00:00+00:00,1.17671,1.17743,1.17631,1.17719,9283
2026-05-07 09:00:00+00:00,1.17718,1.17784,1.17657,1.17704,9917
2026-05-07 10:00:00+00:00,1.17703,1.17764,1.1765,1.17672,8349
2026-05-07 11:00:00+00:00,1.17673,1.17703,1.17624,1.177,9229
2026-05-07 12:00:00+00:00,1.177,1.17781,1.17673,1.1773,9447
2026-05-07 13:00:00+00:00,1.17729,1.17772,1.17667,1.17686,13488
2026-05-07 14:00:00+00:00,1.17685,1.17774,1.17641,1.17759,12961
2026-05-07 15:00:00+00:00,1.17759,1.17781,1.17631,1.17638,11308
2026-05-07 16:00:00+00:00,1.17638,1.17661,1.17565,1.17605,10007
2026-05-07 17:00:00+00:00,1.17605,1.17611,1.17358,1.17488,19173
2026-05-07 18:00:00+00:00,1.17489,1.17522,1.17398,1.17501,13462
2026-05-07 19:00:00+00:00,1.17502,1.17544,1.17336,1.17337,16251
2026-05-07 20:00:00+00:00,1.17338,1.1745,1.17229,1.17258,10834
2026-05-07 21:00:00+00:00,1.17285,1.17315,1.17245,1.17272,1143
2026-05-07 22:00:00+00:00,1.17268,1.17318,1.17229,1.17252,5220
2026-05-07 23:00:00+00:00,1.17253,1.17316,1.17246,1.17307,2268
2026-05-08 00:00:00+00:00,1.17308,1.17348,1.17266,1.17271,6512
2026-05-08 01:00:00+00:00,1.17272,1.17338,1.17272,1.17325,5029
2026-05-08 02:00:00+00:00,1.17325,1.17327,1.17246,1.17275,3968
2026-05-08 03:00:00+00:00,1.17276,1.17339,1.1727,1.17284,2947
2026-05-08 04:00:00+00:00,1.17285,1.1736,1.17271,1.17353,3744
2026-05-08 05:00:00+00:00,1.17354,1.17388,1.1733,1.17373,4387
2026-05-08 06:00:00+00:00,1.17373,1.17484,1.17371,1.17445,7929
2026-05-08 07:00:00+00:00,1.17444,1.17481,1.17419,1.17431,7606
2026-05-08 08:00:00+00:00,1.1743,1.17659,1.17421,1.17638,9417
2026-05-08 09:00:00+00:00,1.17639,1.17736,1.17633,1.17691,6847
2026-05-08 10:00:00+00:00,1.17691,1.17726,1.17614,1.17641,5127
2026-05-08 11:00:00+00:00,1.17643,1.17689,1.17621,1.17654,5014
2026-05-08 12:00:00+00:00,1.17655,1.1779,1.17571,1.17742,16357
2026-05-08 13:00:00+00:00,1.17741,1.17873,1.17664,1.1779,14590
2026-05-08 14:00:00+00:00,1.1779,1.17798,1.17673,1.17745,12405
2026-05-08 15:00:00+00:00,1.17744,1.17786,1.1767,1.17729,11686
2026-05-08 16:00:00+00:00,1.17729,1.17787,1.17709,1.17713,4679
2026-05-08 17:00:00+00:00,1.17712,1.17764,1.17706,1.17724,3034
2026-05-08 18:00:00+00:00,1.17723,1.17819,1.17709,1.17786,6879
2026-05-08 19:00:00+00:00,1.17786,1.17833,1.17767,1.17803,5068
2026-05-08 20:00:00+00:00,1.17803,1.17881,1.17791,1.17862,4698
2026-05-10 21:00:00+00:00,1.17526,1.17702,1.17483,1.17647,2769
2026-05-10 22:00:00+00:00,1.17648,1.17664,1.1758,1.1764,5313
2026-05-10 23:00:00+00:00,1.1764,1.17702,1.17638,1.17672,2196
2026-05-11 00:00:00+00:00,1.17673,1.17721,1.17656,1.177,4210
2026-05-11 01:00:00+00:00,1.17699,1.17713,1.17618,1.1763,4203
2026-05-11 02:00:00+00:00,1.1763,1.17664,1.17591,1.17594,2779
2026-05-11 03:00:00+00:00,1.17593,1.17594,1.17563,1.17567,2027
2026-05-11 04:00:00+00:00,1.17567,1.17574,1.17502,1.17505,1374
2026-05-11 05:00:00+00:00,1.17505,1.17548,1.17487,1.17501,2421
2026-05-11 06:00:00+00:00,1.17502,1.17682,1.17501,1.17677,6785
2026-05-11 07:00:00+00:00,1.17677,1.17748,1.17647,1.17722,6113
2026-05-11 08:00:00+00:00,1.17723,1.17823,1.17713,1.17715,6007
2026-05-11 09:00:00+00:00,1.17715,1.17745,1.17674,1.17675,4231
2026-05-11 10:00:00+00:00,1.17674,1.17742,1.17647,1.17692,4743
2026-05-11 11:00:00+00:00,1.17692,1.17748,1.17636,1.17685,5472
2026-05-11 12:00:00+00:00,1.17686,1.17747,1.17645,1.17745,7016
2026-05-11 13:00:00+00:00,1.17745,1.17878,1.17744,1.17854,9226
2026-05-11 14:00:00+00:00,1.17854,1.17878,1.17791,1.17796,10859
2026-05-11 15:00:00+00:00,1.17795,1.17855,1.17769,1.178,6573
2026-05-11 16:00:00+00:00,1.17801,1.17805,1.17724,1.17734,5132
2026-05-11 17:00:00+00:00,1.17734,1.17788,1.1771,1.17781,3778
2026-05-11 18:00:00+00:00,1.17782,1.17806,1.17745,1.17751,3288
2026-05-11 19:00:00+00:00,1.1775,1.17779,1.17745,1.17776,3469
2026-05-11 20:00:00+00:00,1.17775,1.17834,1.17739,1.17834,3189
2026-05-11 21:00:00+00:00,1.178,1.17847,1.17792,1.17847,1323
2026-05-11 22:00:00+00:00,1.17846,1.17878,1.17845,1.17854,1549
2026-05-11 23:00:00+00:00,1.17855,1.17855,1.17773,1.17786,1516
2026-05-12 00:00:00+00:00,1.17785,1.17785,1.17664,1.17671,3698
2026-05-12 01:00:00+00:00,1.17672,1.17691,1.17578,1.17616,7721
2026-05-12 02:00:00+00:00,1.17617,1.17647,1.17595,1.17625,3222
2026-05-12 03:00:00+00:00,1.17625,1.17631,1.17548,1.17565,2867
2026-05-12 04:00:00+00:00,1.17566,1.17599,1.17556,1.17572,2466
2026-05-12 05:00:00+00:00,1.17572,1.17683,1.17524,1.17625,6785
2026-05-12 06:00:00+00:00,1.17626,1.17662,1.17498,1.17505,9493
2026-05-12 07:00:00+00:00,1.17504,1.17535,1.17435,1.17479,9978
2026-05-12 08:00:00+00:00,1.17479,1.17506,1.17395,1.17446,8754
2026-05-12 09:00:00+00:00,1.17447,1.17518,1.17438,1.17477,7038
2026-05-12 10:00:00+00:00,1.17476,1.17492,1.17407,1.17408,4799
2026-05-12 11:00:00+00:00,1.17409,1.17484,1.17348,1.17439,7468
2026-05-12 12:00:00+00:00,1.1744,1.17501,1.17361,1.17479,14448
2026-05-12 13:00:00+00:00,1.17478,1.17501,1.1727,1.17301,12932
2026-05-12 14:00:00+00:00,1.17302,1.17362,1.17279,1.1736,13820
2026-05-12 15:00:00+00:00,1.17359,1.17367,1.17219,1.17327,12594
2026-05-12 16:00:00+00:00,1.17326,1.17388,1.17279,1.17284,6714
2026-05-12 17:00:00+00:00,1.17283,1.17337,1.17274,1.17334,5656
2026-05-12 18:00:00+00:00,1.17334,1.17413,1.1729,1.17406,4893
2026-05-12 19:00:00+00:00,1.17407,1.1747,1.17398,1.17403,3403
2026-05-12 20:00:00+00:00,1.17403,1.17411,1.17377,1.17383,2628
2026-05-12 21:00:00+00:00,1.17362,1.1741,1.17359,1.17384,1333
2026-05-12 22:00:00+00:00,1.17383,1.17402,1.17374,1.17394,1341
2026-05-12 23:00:00+00:00,1.17395,1.17414,1.17346,1.17351,1415
2026-05-13 00:00:00+00:00,1.17351,1.17387,1.1733,1.17382,4757
2026-05-13 01:00:00+00:00,1.17381,1.17419,1.1732,1.17389,3760
2026-05-13 02:00:00+00:00,1.17389,1.17418,1.17364,1.17372,2244
2026-05-13 03:00:00+00:00,1.17371,1.1738,1.17326,1.17346,2451
2026-05-13 04:00:00+00:00,1.17347,1.17353,1.17323,1.17346,1610
2026-05-13 05:00:00+00:00,1.17346,1.17372,1.17326,1.17341,2102
2026-05-13 06:00:00+00:00,1.17341,1.17346,1.17181,1.172,5704
2026-05-13 07:00:00+00:00,1.17201,1.17234,1.17071,1.17071,6198
2026-05-13 08:00:00+00:00,1.17071,1.17118,1.17004,1.17032,6106
2026-05-13 09:00:00+00:00,1.17032,1.17069,1.16954,1.17062,6554
2026-05-13 10:00:00+00:00,1.17063,1.17146,1.17019,1.17127,8265
2026-05-13 11:00:00+00:00,1.17128,1.17173,1.17113,1.17122,4780
2026-05-13 12:00:00+00:00,1.17121,1.17163,1.16973,1.17019,12073
2026-05-13 13:00:00+00:00,1.17019,1.17123,1.17012,1.17103,10445
2026-05-13 14:00:00+00:00,1.17102,1.17127,1.1703,1.17077,8777
2026-05-13 15:00:00+00:00,1.17075,1.17164,1.17075,1.17111,7729
2026-05-13 16:00:00+00:00,1.17111,1.1718,1.1708,1.17087,6501
2026-05-13 17:00:00+00:00,1.17086,1.17109,1.17041,1.17043,3752
2026-05-13 18:00:00+00:00,1.17043,1.17106,1.17041,1.17078,4940
2026-05-13 19:00:00+00:00,1.17078,1.17132,1.17075,1.17097,4235
2026-05-13 20:00:00+00:00,1.17097,1.17143,1.17091,1.1711,2674
2026-05-13 21:00:00+00:00,1.17103,1.17172,1.17095,1.17155,932
2026-05-13 22:00:00+00:00,1.17156,1.17187,1.17147,1.17177,1485
2026-05-13 23:00:00+00:00,1.17178,1.17184,1.17154,1.1716,1373
2026-05-14 00:00:00+00:00,1.17159,1.17186,1.17143,1.17172,3053
2026-05-14 01:00:00+00:00,1.17171,1.17179,1.17127,1.17139,3358
2026-05-14 02:00:00+00:00,1.17138,1.17154,1.17115,1.17124,3170
2026-05-14 03:00:00+00:00,1.17125,1.17153,1.17097,1.17124,3113
2026-05-14 04:00:00+00:00,1.17124,1.17174,1.17117,1.17146,2902
2026-05-14 05:00:00+00:00,1.17147,1.17164,1.17102,1.17104,3669
2026-05-14 06:00:00+00:00,1.17102,1.17216,1.17068,1.17183,6611
2026-05-14 07:00:00+00:00,1.17184,1.17187,1.1706,1.17076,7404
2026-05-14 08:00:00+00:00,1.17076,1.17139,1.17049,1.17111,5960
2026-05-14 09:00:00+00:00,1.17112,1.17134,1.17058,1.17075,5709
2026-05-14 10:00:00+00:00,1.17074,1.17131,1.17047,1.17087,6433
2026-05-14 11:00:00+00:00,1.17088,1.1709,1.16996,1.16998,5947
2026-05-14 12:00:00+00:00,1.16997,1.17056,1.16963,1.16973,7187
2026-05-14 13:00:00+00:00,1.16972,1.16997,1.16855,1.16897,15140
2026-05-14 14:00:00+00:00,1.16896,1.17002,1.16786,1.16788,14178
2026-05-14 15:00:00+00:00,1.16787,1.1681,1.16716,1.16775,10259
2026-05-14 16:00:00+00:00,1.16774,1.16816,1.16708,1.16765,7451
2026-05-14 17:00:00+00:00,1.16766,1.16809,1.1676,1.1678,5452
2026-05-14 18:00:00+00:00,1.16779,1.16786,1.16739,1.16775,3600
2026-05-14 19:00:00+00:00,1.16775,1.16792,1.16686,1.1671,4270
2026-05-14 20:00:00+00:00,1.16709,1.16722,1.16659,1.16695,2644
2026-05-14 21:00:00+00:00,1.16695,1.16739,1.16681,1.16703,4273
2026-05-14 22:00:00+00:00,1.16703,1.16713,1.16689,1.16698,2198
2026-05-14 23:00:00+00:00,1.16698,1.16698,1.16615,1.16619,2655
2026-05-15 00:00:00+00:00,1.1662,1.16637,1.16521,1.16555,5840
2026-05-15 01:00:00+00:00,1.16555,1.16566,1.16462,1.1647,6919
2026-05-15 02:00:00+00:00,1.16469,1.16577,1.16457,1.16536,4121
2026-05-15 03:00:00+00:00,1.16535,1.16551,1.16501,1.16522,3446
2026-05-15 04:00:00+00:00,1.16521,1.16527,1.16465,1.16474,2854
2026-05-15 05:00:00+00:00,1.16475,1.16481,1.16327,1.16328,8302
2026-05-15 06:00:00+00:00,1.16327,1.16437,1.16325,1.16352,12376
2026-05-15 07:00:00+00:00,1.16351,1.16491,1.1632,1.16368,9792
2026-05-15 08:00:00+00:00,1.16367,1.16385,1.16306,1.16331,9573
2026-05-15 09:00:00+00:00,1.16332,1.16337,1.16173,1.16281,11670
2026-05-15 10:00:00+00:00,1.16282,1.16555,1.16274,1.16492,11680
2026-05-15 11:00:00+00:00,1.16492,1.16502,1.16293,1.16317,9168
2026-05-15 12:00:00+00:00,1.16317,1.16323,1.1619,1.16264,10810
2026-05-15 13:00:00+00:00,1.16265,1.16324,1.16189,1.16235,14996
2026-05-15 14:00:00+00:00,1.16234,1.16379,1.16214,1.16295,14796
2026-05-15 15:00:00+00:00,1.16294,1.16311,1.16207,1.16265,11267
2026-05-15 16:00:00+00:00,1.16265,1.16314,1.16232,1.16301,8130
2026-05-15 17:00:00+00:00,1.163,1.16358,1.16268,1.16269,4893
2026-05-15 18:00:00+00:00,1.1627,1.16273,1.1617,1.1622,6518
2026-05-15 19:00:00+00:00,1.16221,1.16232,1.16192,1.16215,4201
2026-05-15 20:00:00+00:00,1.16214,1.16259,1.16194,1.16254,4346
2026-05-17 21:00:00+00:00,1.16203,1.16247,1.16194,1.16247,1124
2026-05-17 22:00:00+00:00,1.16242,1.16256,1.16205,1.1623,3690
2026-05-17 23:00:00+00:00,1.1623,1.16237,1.1612,1.16137,5705
2026-05-18 00:00:00+00:00,1.16138,1.16212,1.16085,1.16118,8726
2026-05-18 01:00:00+00:00,1.16117,1.16189,1.16085,1.16175,8611
2026-05-18 02:00:00+00:00,1.16174,1.16197,1.16132,1.16156,4959
2026-05-18 03:00:00+00:00,1.16156,1.16227,1.16155,1.1622,4504
2026-05-18 04:00:00+00:00,1.16219,1.16262,1.16192,1.16209,4674
2026-05-18 05:00:00+00:00,1.16209,1.16233,1.16169,1.16233,5425
2026-05-18 06:00:00+00:00,1.16232,1.16367,1.1622,1.16358,8291
2026-05-18 07:00:00+00:00,1.16359,1.16404,1.16314,1.16319,8759
2026-05-18 08:00:00+00:00,1.16319,1.16454,1.16291,1.16416,8148
2026-05-18 09:00:00+00:00,1.16416,1.16428,1.16351,1.16351,5226
2026-05-18 10:00:00+00:00,1.1635,1.16369,1.16265,1.1627,4185
2026-05-18 11:00:00+00:00,1.1627,1.16497,1.16266,1.16418,14213
2026-05-18 12:00:00+00:00,1.16419,1.16574,1.16411,1.16514,14844
2026-05-18 13:00:00+00:00,1.16515,1.16562,1.1644,1.16513,15997
2026-05-18 14:00:00+00:00,1.16514,1.16534,1.16414,1.16419,16342
2026-05-18 15:00:00+00:00,1.16419,1.16531,1.16334,1.16486,13969
2026-05-18 16:00:00+00:00,1.16485,1.16563,1.16442,1.16515,11454
2026-05-18 17:00:00+00:00,1.16513,1.16536,1.16482,1.16482,5033
2026-05-18 18:00:00+00:00,1.16483,1.16489,1.16289,1.16294,7764
2026-05-18 19:00:00+00:00,1.16295,1.16566,1.16293,1.16511,18706
2026-05-18 20:00:00+00:00,1.16513,1.16609,1.16513,1.16573,5037
2026-05-18 21:00:00+00:00,1.16547,1.16611,1.16518,1.16596,1279
2026-05-18 22:00:00+00:00,1.16596,1.16616,1.16577,1.16579,2459
2026-05-18 23:00:00+00:00,1.16578,1.16587,1.16548,1.16549,3576
2026-05-19 00:00:00+00:00,1.16549,1.16561,1.16439,1.16446,6427
2026-05-19 01:00:00+00:00,1.16446,1.16528,1.16432,1.16464,5692
2026-05-19 02:00:00+00:00,1.16464,1.16472,1.16409,1.16433,4677
2026-05-19 03:00:00+00:00,1.16432,1.16458,1.16407,1.16412,3247
2026-05-19 04:00:00+00:00,1.16412,1.16433,1.16353,1.16366,4063
2026-05-19 05:00:00+00:00,1.16366,1.16432,1.16337,1.16422,5450
2026-05-19 06:00:00+00:00,1.16422,1.16458,1.1636,1.16367,7661
2026-05-19 07:00:00+00:00,1.16367,1.16377,1.16301,1.16349,9144
2026-05-19 08:00:00+00:00,1.1635,1.16361,1.16223,1.16235,8885
2026-05-19 09:00:00+00:00,1.16234,1.16234,1.16149,1.16195,8326
2026-05-19 10:00:00+00:00,1.16195,1.16267,1.16111,1.16222,9700
2026-05-19 11:00:00+00:00,1.16223,1.16227,1.16164,1.16167,6988
2026-05-19 12:00:00+00:00,1.16166,1.1624,1.16152,1.16165,11515
2026-05-19 13:00:00+00:00,1.16165,1.16181,1.16016,1.16138,21736
2026-05-19 14:00:00+00:00,1.16138,1.1617,1.1595,1.15956,22262
2026-05-19 15:00:00+00:00,1.15956,1.16031,1.15921,1.1602,10482
2026-05-19 16:00:00+00:00,1.1602,1.16097,1.15959,1.16071,8899
2026-05-19 17:00:00+00:00,1.16071,1.16123,1.16067,1.16107,4303
2026-05-19 18:00:00+00:00,1.16108,1.16149,1.16027,1.16033,7025
2026-05-19 19:00:00+00:00,1.16033,1.16082,1.16027,1.16064,4512
2026-05-19 20:00:00+00:00,1.16065,1.1607,1.16034,1.16056,2512
2026-05-19 21:00:00+00:00,1.16037,1.16092,1.16033,1.16077,1565
2026-05-19 22:00:00+00:00,1.16075,1.16089,1.16064,1.16088,2036
2026-05-19 23:00:00+00:00,1.16088,1.1613,1.16063,1.16068,1716
2026-05-20 00:00:00+00:00,1.16067,1.16107,1.16009,1.16013,7483
2026-05-20 01:00:00+00:00,1.16013,1.16029,1.15936,1.15972,8349
2026-05-20 02:00:00+00:00,1.15974,1.1603,1.15944,1.15978,7467
2026-05-20 03:00:00+00:00,1.15979,1.16056,1.15954,1.16023,4236
2026-05-20 04:00:00+00:00,1.16023,1.16069,1.15971,1.15973,3996
2026-05-20 05:00:00+00:00,1.15972,1.16016,1.15918,1.15955,6271
2026-05-20 06:00:00+00:00,1.15955,1.16061,1.15932,1.15967,9061
2026-05-20 07:00:00+00:00,1.15967,1.16016,1.1592,1.15932,7867
2026-05-20 08:00:00+00:00,1.15931,1.15952,1.15835,1.15904,8243
2026-05-20 09:00:00+00:00,1.15904,1.15946,1.15882,1.15883,5023
2026-05-20 10:00:00+00:00,1.15882,1.1603,1.15873,1.16011,5580
2026-05-20 11:00:00+00:00,1.1601,1.16056,1.15964,1.16009,7608
2026-05-20 12:00:00+00:00,1.1601,1.16044,1.1594,1.15954,7224
2026-05-20 13:00:00+00:00,1.15954,1.15972,1.15892,1.1591,9833
2026-05-20 14:00:00+00:00,1.1591,1.16242,1.15828,1.16182,37518
2026-05-20 15:00:00+00:00,1.16183,1.16455,1.1613,1.16193,31533
2026-05-20 16:00:00+00:00,1.16192,1.16309,1.16189,1.16256,13213
2026-05-20 17:00:00+00:00,1.16257,1.16271,1.16182,1.16189,12103
2026-05-20 18:00:00+00:00,1.1619,1.16358,1.16161,1.1631,10962
2026-05-20 19:00:00+00:00,1.16311,1.16355,1.16277,1.16279,5316
2026-05-20 20:00:00+00:00,1.16279,1.16286,1.16231,1.16232,4744
2026-05-20 21:00:00+00:00,1.16233,1.16281,1.16233,1.16252,1891
2026-05-20 22:00:00+00:00,1.16253,1.16281,1.16242,1.16264,2108
2026-05-20 23:00:00+00:00,1.16265,1.16276,1.1623,1.16248,1267
2026-05-21 00:00:00+00:00,1.16248,1.16292,1.1622,1.16286,5241
2026-05-21 01:00:00+00:00,1.16286,1.16353,1.1623,1.16262,5962
2026-05-21 02:00:00+00:00,1.16262,1.16286,1.16157,1.16177,4714
2026-05-21 03:00:00+00:00,1.16177,1.16227,1.16176,1.16191,2309
2026-05-21 04:00:00+00:00,1.1619,1.16236,1.16185,1.16222,2026
2026-05-21 05:00:00+00:00,1.16223,1.16235,1.1618,1.16219,3729
2026-05-21 06:00:00+00:00,1.16219,1.16269,1.16158,1.16204,7021
2026-05-21 07:00:00+00:00,1.16203,1.16211,1.15942,1.16076,27617
2026-05-21 08:00:00+00:00,1.16075,1.16358,1.16062,1.16238,17164
2026-05-21 09:00:00+00:00,1.16237,1.16336,1.16208,1.16275,9643
2026-05-21 10:00:00+00:00,1.16274,1.16304,1.16,1.16074,18210
2026-05-21 11:00:00+00:00,1.16073,1.16162,1.1596,1.1599,8780
2026-05-21 12:00:00+00:00,1.15991,1.16092,1.15934,1.15974,13975
2026-05-21 13:00:00+00:00,1.15973,1.16012,1.15764,1.15948,20051
2026-05-21 14:00:00+00:00,1.15949,1.15967,1.15843,1.1593,18289
2026-05-21 15:00:00+00:00,1.15931,1.1594,1.15824,1.15885,14161
2026-05-21 16:00:00+00:00,1.15886,1.15965,1.15846,1.15954,7660
2026-05-21 17:00:00+00:00,1.15955,1.16302,1.15929,1.16249,23668
2026-05-21 18:00:00+00:00,1.16249,1.16302,1.1607,1.16114,18664
2026-05-21 19:00:00+00:00,1.16115,1.16243,1.16098,1.16213,11884
2026-05-21 20:00:00+00:00,1.16214,1.16229,1.1616,1.16191,4078
2026-05-21 21:00:00+00:00,1.16211,1.16237,1.16181,1.16192,2448
2026-05-21 22:00:00+00:00,1.16194,1.16198,1.16152,1.16174,1283
2026-05-21 23:00:00+00:00,1.16175,1.16192,1.1616,1.1618,1009
2026-05-22 00:00:00+00:00,1.16181,1.16181,1.16124,1.16145,3421
2026-05-22 01:00:00+00:00,1.16145,1.16159,1.16099,1.16101,3583
2026-05-22 02:00:00+00:00,1.161,1.16145,1.16096,1.16119,2165
2026-05-22 03:00:00+00:00,1.16118,1.16131,1.16087,1.1612,1982
2026-05-22 04:00:00+00:00,1.16121,1.16156,1.16113,1.16152,1618
2026-05-22 05:00:00+00:00,1.16151,1.1617,1.16072,1.16094,2831
2026-05-22 06:00:00+00:00,1.16094,1.16146,1.16054,1.16099,6988
2026-05-22 07:00:00+00:00,1.16099,1.161,1.16014,1.16084,5106
2026-05-22 08:00:00+00:00,1.16085,1.16159,1.16033,1.16079,8793
2026-05-22 09:00:00+00:00,1.16079,1.16081,1.15962,1.16043,5797
2026-05-22 10:00:00+00:00,1.16044,1.1608,1.15952,1.15974,4519
2026-05-22 11:00:00+00:00,1.15975,1.16023,1.15934,1.15965,6835
2026-05-22 12:00:00+00:00,1.15965,1.16072,1.15946,1.16043,13193
2026-05-22 13:00:00+00:00,1.16042,1.16185,1.15994,1.16038,16454
2026-05-22 14:00:00+00:00,1.16039,1.1604,1.15883,1.15978,14442
2026-05-22 15:00:00+00:00,1.15977,1.16056,1.15959,1.16028,10330
2026-05-22 16:00:00+00:00,1.16029,1.16112,1.15996,1.16112,7504
2026-05-22 17:00:00+00:00,1.16113,1.16193,1.16087,1.16134,13081
2026-05-22 18:00:00+00:00,1.16134,1.16156,1.16093,1.16119,5851
2026-05-22 19:00:00+00:00,1.16118,1.1614,1.16053,1.1606,5454
2026-05-22 20:00:00+00:00,1.1606,1.16067,1.15982,1.16027,4317
2026-05-24 21:00:00+00:00,1.16406,1.1641,1.16311,1.16341,1554
2026-05-24 22:00:00+00:00,1.16346,1.1645,1.16314,1.16432,4834
2026-05-24 23:00:00+00:00,1.16433,1.16462,1.16415,1.16419,2978
2026-05-25 00:00:00+00:00,1.16418,1.16491,1.16354,1.16368,6221
2026-05-25 01:00:00+00:00,1.16367,1.16471,1.16356,1.16392,7034
2026-05-25 02:00:00+00:00,1.16392,1.16427,1.16367,1.16377,2307
2026-05-25 03:00:00+00:00,1.16377,1.16399,1.16361,1.16373,3393
2026-05-25 04:00:00+00:00,1.16374,1.16439,1.16357,1.16422,2580
2026-05-25 05:00:00+00:00,1.16422,1.16454,1.16381,1.16392,3456
2026-05-25 06:00:00+00:00,1.16392,1.16448,1.16375,1.1641,4292
2026-05-25 07:00:00+00:00,1.16411,1.1642,1.16297,1.16374,9309
2026-05-25 08:00:00+00:00,1.16375,1.16444,1.1633,1.16439,5057
2026-05-25 09:00:00+00:00,1.16438,1.16453,1.16403,1.16416,2843
2026-05-25 10:00:00+00:00,1.16415,1.16444,1.16413,1.1643,2547
2026-05-25 11:00:00+00:00,1.16431,1.16508,1.16404,1.1644,5072
2026-05-25 12:00:00+00:00,1.1644,1.16529,1.16427,1.16483,6024
2026-05-25 13:00:00+00:00,1.16483,1.16499,1.16388,1.16388,4549
2026-05-25 14:00:00+00:00,1.16388,1.16465,1.16385,1.16421,3636
2026-05-25 15:00:00+00:00,1.16421,1.16487,1.16397,1.16421,4610
2026-05-25 16:00:00+00:00,1.16422,1.16428,1.16367,1.16411,3054
2026-05-25 17:00:00+00:00,1.16412,1.16444,1.16403,1.16433,1354
2026-05-25 18:00:00+00:00,1.16434,1.1644,1.16416,1.16435,1162
2026-05-25 19:00:00+00:00,1.16435,1.16438,1.16418,1.16421,794
2026-05-25 20:00:00+00:00,1.16422,1.16438,1.16416,1.16438,2197
2026-05-25 21:00:00+00:00,1.16412,1.16454,1.16376,1.16403,7170
2026-05-25 22:00:00+00:00,1.16404,1.1643,1.16385,1.16408,1783
2026-05-25 23:00:00+00:00,1.16409,1.16433,1.16358,1.16359,1961
2026-05-26 00:00:00+00:00,1.1636,1.16399,1.1634,1.16388,5090
2026-05-26 01:00:00+00:00,1.16387,1.16399,1.16303,1.1634,4308
2026-05-26 02:00:00+00:00,1.1634,1.16352,1.16312,1.1634,1929
2026-05-26 03:00:00+00:00,1.1634,1.16373,1.16338,1.1636,1586
2026-05-26 04:00:00+00:00,1.16359,1.16361,1.16294,1.16297,1379
2026-05-26 05:00:00+00:00,1.16297,1.16309,1.16276,1.16281,2777
2026-05-26 06:00:00+00:00,1.16279,1.16377,1.16273,1.16353,5928
2026-05-26 07:00:00+00:00,1.16353,1.16404,1.16241,1.16371,7706
2026-05-26 08:00:00+00:00,1.16372,1.16422,1.16343,1.16365,5722
2026-05-26 09:00:00+00:00,1.16365,1.16442,1.16325,1.16428,5241
2026-05-26 10:00:00+00:00,1.16427,1.16454,1.16378,1.16415,5668
2026-05-26 11:00:00+00:00,1.16416,1.16449,1.16335,1.16347,5873
2026-05-26 12:00:00+00:00,1.16348,1.16367,1.16312,1.1632,6279
2026-05-26 13:00:00+00:00,1.16319,1.16332,1.16173,1.1626,11284
2026-05-26 14:00:00+00:00,1.16258,1.16299,1.16214,1.16251,11295
2026-05-26 15:00:00+00:00,1.1625,1.16259,1.16163,1.16195,10011
2026-05-26 16:00:00+00:00,1.16196,1.16297,1.16196,1.16239,5546
2026-05-26 17:00:00+00:00,1.16241,1.16278,1.16214,1.16241,3908
2026-05-26 18:00:00+00:00,1.16241,1.16311,1.16234,1.16295,2796
2026-05-26 19:00:00+00:00,1.16295,1.16328,1.16275,1.1632,2914
2026-05-26 20:00:00+00:00,1.1632,1.16329,1.16305,1.16311,2008
2026-05-26 21:00:00+00:00,1.16296,1.16323,1.16278,1.16317,6292
2026-05-26 22:00:00+00:00,1.16315,1.16335,1.16313,1.16334,1505
2026-05-26 23:00:00+00:00,1.16335,1.16401,1.16332,1.16365,1005
2026-05-27 00:00:00+00:00,1.16365,1.16407,1.1636,1.1638,3871
2026-05-27 01:00:00+00:00,1.16381,1.16394,1.16327,1.1634,3518
2026-05-27 02:00:00+00:00,1.16341,1.16385,1.16339,1.16385,2907
2026-05-27 03:00:00+00:00,1.16384,1.16426,1.16369,1.16388,1644
2026-05-27 04:00:00+00:00,1.16387,1.16424,1.16384,1.16414,1521
2026-05-27 05:00:00+00:00,1.16413,1.16445,1.16388,1.16397,3832
2026-05-27 06:00:00+00:00,1.16396,1.16494,1.16373,1.16456,6702
2026-05-27 07:00:00+00:00,1.16457,1.16491,1.16402,1.16406,7213
2026-05-27 08:00:00+00:00,1.16406,1.16473,1.16383,1.1645,6732
2026-05-27 09:00:00+00:00,1.1645,1.16487,1.16425,1.16448,5069
2026-05-27 10:00:00+00:00,1.16447,1.16448,1.16361,1.16393,4936
2026-05-27 11:00:00+00:00,1.16394,1.1642,1.1633,1.16378,7391
2026-05-27 12:00:00+00:00,1.16378,1.16616,1.16346,1.16438,26064
2026-05-27 13:00:00+00:00,1.16438,1.16481,1.16377,1.16414,17944
2026-05-27 14:00:00+00:00,1.16415,1.16524,1.1625,1.16256,21001
2026-05-27 15:00:00+00:00,1.16256,1.16364,1.16225,1.16303,13553
2026-05-27 16:00:00+00:00,1.16302,1.16329,1.16242,1.16323,7665
2026-05-27 17:00:00+00:00,1.16324,1.16331,1.16223,1.16274,6399
2026-05-27 18:00:00+00:00,1.16273,1.16304,1.16227,1.16295,3910
2026-05-27 19:00:00+00:00,1.16295,1.16321,1.16269,1.1629,2906
2026-05-27 20:00:00+00:00,1.16289,1.16307,1.16255,1.16257,3118
2026-05-27 21:00:00+00:00,1.1629,1.16308,1.16263,1.16293,2909
2026-05-27 22:00:00+00:00,1.16292,1.16305,1.1626,1.16262,1756
2026-05-27 23:00:00+00:00,1.16261,1.16287,1.16161,1.16175,2686
2026-05-28 00:00:00+00:00,1.16176,1.16237,1.16166,1.16207,4847
2026-05-28 01:00:00+00:00,1.16206,1.16213,1.16093,1.16099,3684
2026-05-28 02:00:00+00:00,1.16101,1.16153,1.16095,1.16127,2968
2026-05-28 03:00:00+00:00,1.16126,1.1614,1.15873,1.15873,7854
2026-05-28 04:00:00+00:00,1.15871,1.15928,1.15864,1.15919,5945
2026-05-28 05:00:00+00:00,1.1592,1.16022,1.15891,1.15992,6834
2026-05-28 06:00:00+00:00,1.15993,1.16123,1.15987,1.16103,7108
2026-05-28 07:00:00+00:00,1.16104,1.16178,1.161,1.16119,8537
2026-05-28 08:00:00+00:00,1.16119,1.1617,1.16067,1.16157,5896
2026-05-28 09:00:00+00:00,1.16157,1.16193,1.16131,1.16132,4405
2026-05-28 10:00:00+00:00,1.16131,1.16157,1.16037,1.16037,6321
2026-05-28 11:00:00+00:00,1.16036,1.16228,1.16034,1.16171,7037
2026-05-28 12:00:00+00:00,1.1617,1.16385,1.16158,1.16366,12329
2026-05-28 13:00:00+00:00,1.16367,1.16432,1.16292,1.16307,12100
2026-05-28 14:00:00+00:00,1.16306,1.1658,1.1627,1.16476,35185
2026-05-28 15:00:00+00:00,1.16478,1.16569,1.16476,1.16482,11989
2026-05-28 16:00:00+00:00,1.16482,1.16614,1.16455,1.16569,9033
2026-05-28 17:00:00+00:00,1.16569,1.16575,1.1651,1.16535,4514
2026-05-28 18:00:00+00:00,1.16534,1.16555,1.16467,1.1648,5886
2026-05-28 19:00:00+00:00,1.16479,1.16517,1.16465,1.16478,4576
2026-05-28 20:00:00+00:00,1.16477,1.16515,1.1645,1.16512,2958
2026-05-28 21:00:00+00:00,1.16515,1.16536,1.1651,1.16521,2238
2026-05-28 22:00:00+00:00,1.1652,1.16522,1.16499,1.16502,1398
2026-05-28 23:00:00+00:00,1.16502,1.16533,1.16502,1.16525,1488
2026-05-29 00:00:00+00:00,1.16526,1.16558,1.16475,1.16488,4147
2026-05-29 01:00:00+00:00,1.16489,1.16566,1.16435,1.16447,4677
2026-05-29 02:00:00+00:00,1.16447,1.16494,1.16437,1.1645,2938
2026-05-29 03:00:00+00:00,1.1645,1.16452,1.16361,1.16373,3354
2026-05-29 04:00:00+00:00,1.16374,1.16394,1.16343,1.16392,2692
2026-05-29 05:00:00+00:00,1.16392,1.16438,1.16382,1.16422,2127
2026-05-29 06:00:00+00:00,1.16422,1.16545,1.16421,1.16536,6293
2026-05-29 07:00:00+00:00,1.16534,1.16534,1.16378,1.16421,7460
2026-05-29 08:00:00+00:00,1.1642,1.16421,1.1625,1.16283,9148
2026-05-29 09:00:00+00:00,1.16284,1.16429,1.16267,1.16417,7749
2026-05-29 10:00:00+00:00,1.16418,1.16452,1.1638,1.16432,4675
2026-05-29 11:00:00+00:00,1.16431,1.16483,1.164,1.16479,6135
2026-05-29 12:00:00+00:00,1.16479,1.16491,1.16414,1.1649,6955
2026-05-29 13:00:00+00:00,1.1649,1.16533,1.1645,1.16475,8121
2026-05-29 14:00:00+00:00,1.16476,1.16745,1.16405,1.16687,19777
2026-05-29 15:00:00+00:00,1.16687,1.16859,1.16674,1.16781,19673
2026-05-29 16:00:00+00:00,1.16781,1.16792,1.16666,1.16722,8396
2026-05-29 17:00:00+00:00,1.16722,1.16734,1.16622,1.16624,5866
2026-05-29 18:00:00+00:00,1.16623,1.16687,1.16605,1.16643,5540
2026-05-29 19:00:00+00:00,1.16643,1.16696,1.16639,1.16648,5109
2026-05-29 20:00:00+00:00,1.16648,1.1665,1.16575,1.16591,5057
2026-05-31 21:00:00+00:00,1.16537,1.16617,1.16537,1.16611,1112
2026-05-31 22:00:00+00:00,1.16608,1.16609,1.16517,1.16545,5987
2026-05-31 23:00:00+00:00,1.16545,1.16559,1.16486,1.16487,11260
2026-06-01 00:00:00+00:00,1.16486,1.16537,1.1645,1.16479,8762
2026-06-01 01:00:00+00:00,1.16478,1.16484,1.16419,1.16449,3474
2026-06-01 02:00:00+00:00,1.16449,1.1647,1.16437,1.16465,2059
2026-06-01 03:00:00+00:00,1.16465,1.16492,1.16417,1.16439,2963
2026-06-01 04:00:00+00:00,1.16439,1.16486,1.16435,1.16482,1711
2026-06-01 05:00:00+00:00,1.16483,1.16535,1.1648,1.16515,2775
2026-06-01 06:00:00+00:00,1.16516,1.16649,1.16502,1.16647,8397
2026-06-01 07:00:00+00:00,1.16647,1.16648,1.16519,1.16567,6597
2026-06-01 08:00:00+00:00,1.16566,1.16603,1.16535,1.1658,5105
2026-06-01 09:00:00+00:00,1.1658,1.16606,1.16484,1.16509,4794
2026-06-01 10:00:00+00:00,1.16509,1.16512,1.16462,1.16476,2996
2026-06-01 11:00:00+00:00,1.16475,1.16483,1.16418,1.16458,3424
2026-06-01 12:00:00+00:00,1.16459,1.16507,1.16452,1.16475,5646
2026-06-01 13:00:00+00:00,1.16474,1.16484,1.161,1.16101,26879
2026-06-01 14:00:00+00:00,1.161,1.16185,1.16068,1.16176,18690
2026-06-01 15:00:00+00:00,1.16177,1.16289,1.16154,1.16232,12805
2026-06-01 16:00:00+00:00,1.16233,1.16306,1.16166,1.16299,7645
2026-06-01 17:00:00+00:00,1.163,1.16379,1.16251,1.16347,10187
2026-06-01 18:00:00+00:00,1.16347,1.16353,1.16306,1.16308,2566
2026-06-01 19:00:00+00:00,1.16308,1.16338,1.16267,1.16318,3908
2026-06-01 20:00:00+00:00,1.16318,1.16339,1.16305,1.16308,2384
2026-06-01 21:00:00+00:00,1.16324,1.16371,1.16292,1.16355,758
2026-06-01 22:00:00+00:00,1.16354,1.16355,1.16325,1.1634,1292
2026-06-01 23:00:00+00:00,1.16341,1.16362,1.16329,1.16355,1314
2026-06-02 00:00:00+00:00,1.16355,1.16357,1.16294,1.16314,3687
2026-06-02 01:00:00+00:00,1.16315,1.1637,1.16286,1.16307,3441
2026-06-02 02:00:00+00:00,1.16307,1.16347,1.16303,1.16311,1641
2026-06-02 03:00:00+00:00,1.1631,1.16353,1.16309,1.16343,1978
2026-06-02 04:00:00+00:00,1.16342,1.16389,1.16342,1.16379,1646
2026-06-02 05:00:00+00:00,1.1638,1.16399,1.16363,1.16372,2221
2026-06-02 06:00:00+00:00,1.16372,1.16523,1.16372,1.16505,7238
2026-06-02 07:00:00+00:00,1.16505,1.16508,1.16449,1.16487,5524
2026-06-02 08:00:00+00:00,1.16488,1.16527,1.16421,1.16437,4280
2026-06-02 09:00:00+00:00,1.16436,1.16449,1.16403,1.16432,5393
2026-06-02 10:00:00+00:00,1.16433,1.16461,1.16385,1.16437,4570
2026-06-02 11:00:00+00:00,1.16438,1.16528,1.16437,1.16495,3759
2026-06-02 12:00:00+00:00,1.16496,1.16558,1.16475,1.16505,6125
2026-06-02 13:00:00+00:00,1.16505,1.16525,1.16396,1.16433,9184
2026-06-02 14:00:00+00:00,1.16433,1.165,1.16362,1.16437,10810
2026-06-02 15:00:00+00:00,1.16436,1.16453,1.16355,1.16406,7987
2026-06-02 16:00:00+00:00,1.16406,1.16412,1.16269,1.16284,4129
2026-06-02 17:00:00+00:00,1.16284,1.16299,1.16203,1.16216,3403
2026-06-02 18:00:00+00:00,1.16217,1.163,1.16135,1.16285,4522
2026-06-02 19:00:00+00:00,1.16286,1.16331,1.16286,1.16324,2888
2026-06-02 20:00:00+00:00,1.16322,1.16349,1.16301,1.16318,2643
2026-06-02 21:00:00+00:00,1.16317,1.1633,1.16292,1.16297,41333
2026-06-02 22:00:00+00:00,1.16299,1.16302,1.16265,1.16268,2209
2026-06-02 23:00:00+00:00,1.16267,1.16275,1.16198,1.16213,4027
2026-06-03 00:00:00+00:00,1.16212,1.16308,1.16205,1.16288,3872
2026-06-03 01:00:00+00:00,1.16289,1.16337,1.16262,1.16296,4153
2026-06-03 02:00:00+00:00,1.16296,1.16321,1.1625,1.16282,2486
2026-06-03 03:00:00+00:00,1.16283,1.16296,1.16264,1.16276,2364
2026-06-03 04:00:00+00:00,1.16276,1.16282,1.16245,1.16256,1831
2026-06-03 05:00:00+00:00,1.16257,1.16272,1.16187,1.16187,2957
2026-06-03 06:00:00+00:00,1.16188,1.16225,1.16123,1.16165,8440
2026-06-03 07:00:00+00:00,1.16164,1.16245,1.1613,1.16163,9561
2026-06-03 08:00:00+00:00,1.16164,1.16165,1.16103,1.16118,3190
2026-06-03 09:00:00+00:00,1.16117,1.1616,1.16099,1.16136,3527
2026-06-03 10:00:00+00:00,1.16137,1.16231,1.16128,1.16161,6533
2026-06-03 11:00:00+00:00,1.16161,1.16227,1.16155,1.16179,4302
2026-06-03 12:00:00+00:00,1.1618,1.16186,1.15966,1.16006,7413
2026-06-03 13:00:00+00:00,1.16005,1.16064,1.15974,1.1603,12271
2026-06-03 14:00:00+00:00,1.16031,1.16123,1.15949,1.16123,16348
2026-06-03 15:00:00+00:00,1.16124,1.16131,1.16026,1.16049,10086
2026-06-03 16:00:00+00:00,1.16051,1.16051,1.15952,1.16002,7385
2026-06-03 17:00:00+00:00,1.16003,1.16037,1.1597,1.15985,2862
2026-06-03 18:00:00+00:00,1.15986,1.16,1.15953,1.15985,3419
2026-06-03 19:00:00+00:00,1.15984,1.16011,1.15973,1.15982,2336
2026-06-03 20:00:00+00:00,1.15983,1.16007,1.15972,1.15979,2237
2026-06-03 21:00:00+00:00,1.16001,1.16013,1.15974,1.15985,1079
2026-06-03 22:00:00+00:00,1.15984,1.16125,1.15947,1.1606,3836
2026-06-03 23:00:00+00:00,1.16061,1.16109,1.16015,1.16091,3586
2026-06-04 00:00:00+00:00,1.16091,1.16128,1.16056,1.16068,4736
2026-06-04 01:00:00+00:00,1.16067,1.16103,1.16041,1.16097,3789
2026-06-04 02:00:00+00:00,1.16098,1.16113,1.16064,1.16102,2866
2026-06-04 03:00:00+00:00,1.16102,1.16102,1.16027,1.16062,1789
2026-06-04 04:00:00+00:00,1.16061,1.16131,1.1604,1.16098,3028
2026-06-04 05:00:00+00:00,1.16097,1.16106,1.16053,1.16099,2887
2026-06-04 06:00:00+00:00,1.161,1.16151,1.16072,1.16108,7326
2026-06-04 07:00:00+00:00,1.16109,1.16128,1.15986,1.1604,7546
2026-06-04 08:00:00+00:00,1.16039,1.16141,1.16037,1.16133,7202
2026-06-04 09:00:00+00:00,1.16134,1.16284,1.16134,1.16259,7481
2026-06-04 10:00:00+00:00,1.16258,1.16343,1.16254,1.16305,5683
2026-06-04 11:00:00+00:00,1.16304,1.16455,1.16304,1.16419,10635
2026-06-04 12:00:00+00:00,1.16418,1.16453,1.16346,1.1637,12506
2026-06-04 13:00:00+00:00,1.1637,1.164,1.1634,1.16361,8925
2026-06-04 14:00:00+00:00,1.16361,1.16399,1.16292,1.16306,8056
2026-06-04 15:00:00+00:00,1.16306,1.16317,1.16225,1.16284,8104
2026-06-04 16:00:00+00:00,1.16283,1.163,1.16233,1.16235,3703
2026-06-04 17:00:00+00:00,1.16234,1.16241,1.16196,1.16209,2395
2026-06-04 18:00:00+00:00,1.16208,1.16226,1.16134,1.16151,2820
2026-06-04 19:00:00+00:00,1.1615,1.16162,1.16106,1.16126,2481
2026-06-04 20:00:00+00:00,1.16126,1.16136,1.16081,1.16104,2569
2026-06-04 21:00:00+00:00,1.16125,1.16161,1.16115,1.1614,2205
2026-06-04 22:00:00+00:00,1.16142,1.16144,1.16109,1.16121,1007
2026-06-04 23:00:00+00:00,1.16121,1.16139,1.1612,1.16124,1227
2026-06-05 00:00:00+00:00,1.16125,1.16142,1.16111,1.16129,4619
2026-06-05 01:00:00+00:00,1.1613,1.1615,1.16098,1.16137,4652
2026-06-05 02:00:00+00:00,1.16138,1.16167,1.16125,1.16141,2724
2026-06-05 03:00:00+00:00,1.16141,1.16158,1.16137,1.16149,1850
2026-06-05 04:00:00+00:00,1.1615,1.16172,1.16139,1.16161,2850
2026-06-05 05:00:00+00:00,1.1616,1.16195,1.1615,1.16157,2506
2026-06-05 06:00:00+00:00,1.16156,1.16229,1.1613,1.16224,6024
2026-06-05 07:00:00+00:00,1.16223,1.16373,1.16217,1.16321,6623
2026-06-05 08:00:00+00:00,1.16321,1.16399,1.16319,1.16367,6120
2026-06-05 09:00:00+00:00,1.16366,1.16445,1.16346,1.16388,5297
2026-06-05 10:00:00+00:00,1.16388,1.16443,1.16386,1.16404,3019
2026-06-05 11:00:00+00:00,1.16403,1.16421,1.16344,1.16417,4537
2026-06-05 12:00:00+00:00,1.16418,1.1643,1.15864,1.15866,26497
2026-06-05 13:00:00+00:00,1.15867,1.15999,1.15718,1.15721,34622
2026-06-05 14:00:00+00:00,1.1572,1.15806,1.15496,1.15592,22656
2026-06-05 15:00:00+00:00,1.15591,1.15601,1.15316,1.15326,14537
2026-06-05 16:00:00+00:00,1.15326,1.15332,1.15225,1.15323,11581
2026-06-05 17:00:00+00:00,1.15324,1.15331,1.15194,1.15244,8271
2026-06-05 18:00:00+00:00,1.15245,1.15291,1.15195,1.1523,9035
2026-06-05 19:00:00+00:00,1.15229,1.15275,1.15184,1.15253,5976
2026-06-05 20:00:00+00:00,1.15253,1.15263,1.1518,1.15234,5008
2026-06-07 21:00:00+00:00,1.15116,1.15167,1.15094,1.1511,627
2026-06-07 22:00:00+00:00,1.1511,1.1519,1.15089,1.15133,7066
2026-06-07 23:00:00+00:00,1.15133,1.15229,1.15132,1.15221,3405
2026-06-08 00:00:00+00:00,1.1522,1.15337,1.1521,1.15335,4745
2026-06-08 01:00:00+00:00,1.15336,1.15349,1.15119,1.15266,12785
2026-06-08 02:00:00+00:00,1.15267,1.15317,1.15207,1.15287,6126
2026-06-08 03:00:00+00:00,1.15288,1.15326,1.15261,1.15325,3015
2026-06-08 04:00:00+00:00,1.15324,1.1534,1.15301,1.15314,2934
2026-06-08 05:00:00+00:00,1.15315,1.15399,1.15178,1.15193,8177
2026-06-08 06:00:00+00:00,1.15193,1.1525,1.15136,1.15153,12368
2026-06-08 07:00:00+00:00,1.15152,1.1527,1.15144,1.15167,12292
2026-06-08 08:00:00+00:00,1.15166,1.15235,1.15079,1.15083,11657
2026-06-08 09:00:00+00:00,1.15082,1.15146,1.14998,1.15126,11641
2026-06-08 10:00:00+00:00,1.15127,1.15324,1.15101,1.15246,12880
2026-06-08 11:00:00+00:00,1.15246,1.1544,1.15235,1.15366,13035
2026-06-08 12:00:00+00:00,1.15365,1.15438,1.15352,1.15422,10822
2026-06-08 13:00:00+00:00,1.15422,1.15549,1.15414,1.15415,17266
2026-06-08 14:00:00+00:00,1.15416,1.15447,1.15318,1.15428,13904
2026-06-08 15:00:00+00:00,1.15429,1.1548,1.15366,1.15442,10230
2026-06-08 16:00:00+00:00,1.15442,1.15462,1.1539,1.1539,5878
2026-06-08 17:00:00+00:00,1.15391,1.15417,1.15357,1.15381,4957
2026-06-08 18:00:00+00:00,1.15382,1.15421,1.15277,1.15285,5964
2026-06-08 19:00:00+00:00,1.15284,1.15344,1.15282,1.15308,8010
2026-06-08 20:00:00+00:00,1.15308,1.15354,1.15305,1.15348,2729
2026-06-08 21:00:00+00:00,1.15372,1.15393,1.15342,1.15371,1207
2026-06-08 22:00:00+00:00,1.1537,1.1537,1.15326,1.15337,1748
2026-06-08 23:00:00+00:00,1.15338,1.15343,1.1528,1.15282,1553
2026-06-09 00:00:00+00:00,1.15281,1.15317,1.15271,1.15315,4377
2026-06-09 01:00:00+00:00,1.15315,1.15398,1.15306,1.15398,3793
2026-06-09 02:00:00+00:00,1.15398,1.15405,1.15367,1.15377,2598
2026-06-09 03:00:00+00:00,1.15376,1.15401,1.1535,1.1538,3075
2026-06-09 04:00:00+00:00,1.1538,1.15483,1.15371,1.15455,2649
2026-06-09 05:00:00+00:00,1.15456,1.15477,1.15396,1.15449,6378
2026-06-09 06:00:00+00:00,1.1545,1.15536,1.15435,1.15442,8359
2026-06-09 07:00:00+00:00,1.15441,1.1547,1.15374,1.15393,7354
2026-06-09 08:00:00+00:00,1.15392,1.15528,1.15366,1.15507,8931
2026-06-09 09:00:00+00:00,1.15509,1.15639,1.15503,1.15614,5464
2026-06-09 10:00:00+00:00,1.15613,1.15696,1.15603,1.15655,5227
2026-06-09 11:00:00+00:00,1.15654,1.15743,1.15654,1.15727,4992
2026-06-09 12:00:00+00:00,1.15728,1.15751,1.15692,1.15736,7411
2026-06-09 13:00:00+00:00,1.15736,1.15783,1.15636,1.15664,12178
2026-06-09 14:00:00+00:00,1.15664,1.15735,1.15582,1.15624,17810
2026-06-09 15:00:00+00:00,1.15624,1.15675,1.15458,1.15552,15866
2026-06-09 16:00:00+00:00,1.15551,1.15576,1.15286,1.15409,27789
2026-06-09 17:00:00+00:00,1.1541,1.15532,1.15401,1.15482,19385
2026-06-09 18:00:00+00:00,1.15483,1.15532,1.15464,1.15499,12689
2026-06-09 19:00:00+00:00,1.15498,1.15504,1.15397,1.15415,8364
2026-06-09 20:00:00+00:00,1.15414,1.15457,1.15408,1.15427,3251
2026-06-09 21:00:00+00:00,1.15453,1.15455,1.1536,1.15384,998
2026-06-09 22:00:00+00:00,1.15383,1.15405,1.15362,1.15365,2576
2026-06-09 23:00:00+00:00,1.15366,1.15392,1.15332,1.15351,3228
2026-06-10 00:00:00+00:00,1.15351,1.15436,1.15334,1.15424,7905
2026-06-10 01:00:00+00:00,1.15424,1.1543,1.15355,1.15379,7216
2026-06-10 02:00:00+00:00,1.15379,1.15451,1.1537,1.15427,4733
2026-06-10 03:00:00+00:00,1.15427,1.15523,1.15424,1.15505,3977
2026-06-10 04:00:00+00:00,1.15504,1.15507,1.15446,1.15465,5084
2026-06-10 05:00:00+00:00,1.15466,1.15557,1.15454,1.15544,6009
2026-06-10 06:00:00+00:00,1.15545,1.15584,1.15484,1.15488,7203
2026-06-10 07:00:00+00:00,1.15489,1.15587,1.15467,1.15538,7086
2026-06-10 08:00:00+00:00,1.15539,1.15543,1.15482,1.15536,7246
2026-06-10 09:00:00+00:00,1.15537,1.15598,1.15508,1.1558,7523
2026-06-10 10:00:00+00:00,1.1558,1.15594,1.15503,1.15521,5636
2026-06-10 11:00:00+00:00,1.15522,1.15526,1.15356,1.15367,18667
2026-06-10 12:00:00+00:00,1.15369,1.15649,1.15361,1.15485,21641
2026-06-10 13:00:00+00:00,1.15484,1.15732,1.15476,1.15626,19238
2026-06-10 14:00:00+00:00,1.15627,1.15672,1.15502,1.15523,14600
2026-06-10 15:00:00+00:00,1.15525,1.15569,1.15347,1.15494,19152
2026-06-10 16:00:00+00:00,1.15494,1.15595,1.15486,1.1554,9680
2026-06-10 17:00:00+00:00,1.1554,1.15567,1.15447,1.15526,7841
2026-06-10 18:00:00+00:00,1.15527,1.15578,1.15483,1.15484,7091
2026-06-10 19:00:00+00:00,1.15483,1.15489,1.15412,1.15415,6135
2026-06-10 20:00:00+00:00,1.15415,1.15415,1.1535,1.15353,3646
2026-06-10 21:00:00+00:00,1.15373,1.15416,1.15356,1.15359,906
2026-06-10 22:00:00+00:00,1.1536,1.15368,1.15284,1.15298,5843
2026-06-10 23:00:00+00:00,1.15299,1.1538,1.15258,1.15353,9998
2026-06-11 00:00:00+00:00,1.15353,1.15431,1.15353,1.15424,10679
2026-06-11 01:00:00+00:00,1.15425,1.15562,1.15418,1.1554,5953
2026-06-11 02:00:00+00:00,1.15542,1.15543,1.15462,1.15481,5895
2026-06-11 03:00:00+00:00,1.1548,1.15492,1.15444,1.15454,3897
2026-06-11 04:00:00+00:00,1.15454,1.15504,1.15425,1.15484,3332
2026-06-11 05:00:00+00:00,1.15485,1.15514,1.15455,1.15475,5497
2026-06-11 06:00:00+00:00,1.15474,1.15475,1.15404,1.15418,5687
2026-06-11 07:00:00+00:00,1.15418,1.15556,1.15415,1.15451,8737
2026-06-11 08:00:00+00:00,1.15451,1.15455,1.15307,1.15322,7839
2026-06-11 09:00:00+00:00,1.15321,1.15373,1.15299,1.1534,5839
2026-06-11 10:00:00+00:00,1.1534,1.15346,1.15232,1.15314,6468
2026-06-11 11:00:00+00:00,1.15313,1.15418,1.15313,1.15382,7378
2026-06-11 12:00:00+00:00,1.15382,1.15437,1.15165,1.15398,29138
2026-06-11 13:00:00+00:00,1.15398,1.15406,1.15174,1.15295,21190
2026-06-11 14:00:00+00:00,1.15296,1.15306,1.15147,1.15193,12371
2026-06-11 15:00:00+00:00,1.15193,1.15244,1.15141,1.15145,15275
2026-06-11 16:00:00+00:00,1.15145,1.15162,1.15071,1.1509,8160
2026-06-11 17:00:00+00:00,1.15089,1.15666,1.1503,1.15512,46293
2026-06-11 18:00:00+00:00,1.15512,1.15668,1.15415,1.1558,28650
2026-06-11 19:00:00+00:00,1.1558,1.159,1.1558,1.15788,24611
2026-06-11 20:00:00+00:00,1.15789,1.15837,1.15765,1.15785,7984
2026-06-11 21:00:00+00:00,1.15781,1.15804,1.15763,1.15774,1030
2026-06-11 22:00:00+00:00,1.15775,1.1585,1.15732,1.15849,5544
2026-06-11 23:00:00+00:00,1.1585,1.15867,1.15744,1.15756,5453
2026-06-12 00:00:00+00:00,1.15757,1.15766,1.15662,1.15697,9926
2026-06-12 01:00:00+00:00,1.15698,1.15702,1.15616,1.15633,7133
2026-06-12 02:00:00+00:00,1.15633,1.15705,1.15628,1.15668,5135
2026-06-12 03:00:00+00:00,1.15668,1.15753,1.15651,1.15721,6516
2026-06-12 04:00:00+00:00,1.15722,1.15752,1.15687,1.15716,4085
2026-06-12 05:00:00+00:00,1.15717,1.1574,1.15574,1.15576,7462
2026-06-12 06:00:00+00:00,1.15577,1.15743,1.15576,1.15731,10006
2026-06-12 07:00:00+00:00,1.15732,1.15736,1.15572,1.15667,13692
2026-06-12 08:00:00+00:00,1.15667,1.15858,1.15655,1.15769,17352
2026-06-12 09:00:00+00:00,1.1577,1.15897,1.15735,1.15841,12527
2026-06-12 10:00:00+00:00,1.1584,1.15857,1.1569,1.1574,10279
2026-06-12 11:00:00+00:00,1.15741,1.15795,1.15706,1.15715,7335
2026-06-12 12:00:00+00:00,1.15716,1.15725,1.15602,1.15635,9140
2026-06-12 13:00:00+00:00,1.15636,1.15792,1.15618,1.15695,20207
2026-06-12 14:00:00+00:00,1.15696,1.15792,1.15662,1.15734,20683
2026-06-12 15:00:00+00:00,1.15733,1.15836,1.15716,1.15732,17214
2026-06-12 16:00:00+00:00,1.15731,1.1578,1.15696,1.15747,9569
2026-06-12 17:00:00+00:00,1.15748,1.15776,1.15718,1.15747,5227
2026-06-12 18:00:00+00:00,1.15747,1.15786,1.15724,1.15749,4138
2026-06-12 19:00:00+00:00,1.15748,1.15778,1.15687,1.15715,4474
2026-06-12 20:00:00+00:00,1.15714,1.15718,1.15658,1.15673,8231
2026-06-14 21:00:00+00:00,1.15758,1.16066,1.15732,1.16062,2069
2026-06-14 22:00:00+00:00,1.16063,1.16178,1.16018,1.16088,13533
2026-06-14 23:00:00+00:00,1.16087,1.16095,1.16023,1.1603,5011
2026-06-15 00:00:00+00:00,1.1603,1.1612,1.15982,1.15989,7452
2026-06-15 01:00:00+00:00,1.15988,1.16017,1.15941,1.15982,5252
2026-06-15 02:00:00+00:00,1.15981,1.16015,1.15943,1.15995,3156
2026-06-15 03:00:00+00:00,1.15995,1.16054,1.15985,1.16044,2469
2026-06-15 04:00:00+00:00,1.16043,1.16136,1.16032,1.16126,2055
2026-06-15 05:00:00+00:00,1.16127,1.16222,1.16126,1.1617,5240
2026-06-15 06:00:00+00:00,1.16169,1.1618,1.16007,1.16064,9299
2026-06-15 07:00:00+00:00,1.16065,1.16107,1.16015,1.16062,9934
2026-06-15 08:00:00+00:00,1.16061,1.16104,1.15972,1.16017,7083
2026-06-15 09:00:00+00:00,1.16017,1.16109,1.16007,1.1607,5823
2026-06-15 10:00:00+00:00,1.1607,1.16145,1.16033,1.16106,5033
2026-06-15 11:00:00+00:00,1.16107,1.16142,1.16058,1.16091,6906
2026-06-15 12:00:00+00:00,1.1609,1.16198,1.16043,1.16155,8916
2026-06-15 13:00:00+00:00,1.16154,1.16206,1.16121,1.16169,9727
2026-06-15 14:00:00+00:00,1.16168,1.16187,1.16056,1.16078,13652
2026-06-15 15:00:00+00:00,1.16078,1.16078,1.15967,1.15985,8730
2026-06-15 16:00:00+00:00,1.15986,1.16053,1.15975,1.16037,6607
2026-06-15 17:00:00+00:00,1.16038,1.16041,1.1598,1.15995,4424
2026-06-15 18:00:00+00:00,1.15995,1.16031,1.1594,1.15948,5485
2026-06-15 19:00:00+00:00,1.15949,1.15963,1.15845,1.15853,4926
2026-06-15 20:00:00+00:00,1.15853,1.15906,1.15837,1.15903,4074
2026-06-15 21:00:00+00:00,1.15926,1.15967,1.15875,1.15914,1586
2026-06-15 22:00:00+00:00,1.1591,1.15911,1.15856,1.15887,2802
2026-06-15 23:00:00+00:00,1.15888,1.15938,1.15887,1.15913,1923
2026-06-16 00:00:00+00:00,1.15913,1.15936,1.15879,1.15931,3244
2026-06-16 01:00:00+00:00,1.15931,1.15952,1.15869,1.15878,5097
2026-06-16 02:00:00+00:00,1.1588,1.15894,1.15829,1.15879,2589
2026-06-16 03:00:00+00:00,1.15878,1.15888,1.1584,1.15865,3277
2026-06-16 04:00:00+00:00,1.15865,1.15871,1.15758,1.15791,4369
2026-06-16 05:00:00+00:00,1.1579,1.1581,1.15754,1.15755,3401
2026-06-16 06:00:00+00:00,1.15754,1.15877,1.15748,1.15874,7348
2026-06-16 07:00:00+00:00,1.15875,1.15957,1.15852,1.15956,6361
2026-06-16 08:00:00+00:00,1.15958,1.16066,1.15933,1.16058,7190
2026-06-16 09:00:00+00:00,1.16058,1.16094,1.15999,1.16011,5798
2026-06-16 10:00:00+00:00,1.16012,1.16131,1.16006,1.1612,6504
2026-06-16 11:00:00+00:00,1.16119,1.16119,1.15972,1.15991,6372
2026-06-16 12:00:00+00:00,1.15992,1.16019,1.15914,1.15996,8633
2026-06-16 13:00:00+00:00,1.15996,1.16037,1.15913,1.15928,10691
2026-06-16 14:00:00+00:00,1.15928,1.16084,1.15879,1.16069,12365
2026-06-16 15:00:00+00:00,1.1607,1.16188,1.15998,1.16141,9922
2026-06-16 16:00:00+00:00,1.16142,1.16198,1.16116,1.16133,7204
2026-06-16 17:00:00+00:00,1.16134,1.16138,1.16107,1.16113,3171
2026-06-16 18:00:00+00:00,1.16114,1.16141,1.16064,1.16106,3603
2026-06-16 19:00:00+00:00,1.16107,1.16138,1.16059,1.16082,5615
2026-06-16 20:00:00+00:00,1.16082,1.16099,1.16066,1.16085,2648
2026-06-16 21:00:00+00:00,1.16109,1.16134,1.16083,1.16083,9772
2026-06-16 22:00:00+00:00,1.16082,1.16131,1.1608,1.16124,1064
2026-06-16 23:00:00+00:00,1.16123,1.16148,1.16091,1.16099,3885
2026-06-17 00:00:00+00:00,1.16098,1.16168,1.16088,1.16146,4435
2026-06-17 01:00:00+00:00,1.16147,1.16161,1.16104,1.16124,2598
2026-06-17 02:00:00+00:00,1.16123,1.16152,1.16093,1.16093,1074
2026-06-17 03:00:00+00:00,1.16094,1.16122,1.16084,1.16105,1362
2026-06-17 04:00:00+00:00,1.16104,1.16136,1.16101,1.16125,1096
2026-06-17 05:00:00+00:00,1.16124,1.16151,1.16106,1.16122,2116
2026-06-17 06:00:00+00:00,1.16122,1.16148,1.16038,1.1608,5960
2026-06-17 07:00:00+00:00,1.16079,1.16149,1.16045,1.16085,5523
2026-06-17 08:00:00+00:00,1.16085,1.16085,1.15981,1.1602,5721
2026-06-17 09:00:00+00:00,1.1602,1.1606,1.16008,1.1604,4191
2026-06-17 10:00:00+00:00,1.16039,1.16047,1.15956,1.15971,4503
2026-06-17 11:00:00+00:00,1.15972,1.15973,1.15854,1.15915,5370
2026-06-17 12:00:00+00:00,1.15916,1.16028,1.15906,1.16023,6345
2026-06-17 13:00:00+00:00,1.16022,1.16029,1.15957,1.15971,8075
2026-06-17 14:00:00+00:00,1.1597,1.15987,1.1581,1.15894,13502
2026-06-17 15:00:00+00:00,1.15894,1.15941,1.15871,1.15926,6603
2026-06-17 16:00:00+00:00,1.15927,1.15933,1.15889,1.15917,3519
2026-06-17 17:00:00+00:00,1.15917,1.15964,1.15878,1.1596,5496
2026-06-17 18:00:00+00:00,1.1596,1.15961,1.15356,1.15388,89131
2026-06-17 19:00:00+00:00,1.15387,1.15419,1.1478,1.14943,68218
2026-06-17 20:00:00+00:00,1.14942,1.15055,1.14871,1.15014,10116
2026-06-17 21:00:00+00:00,1.15012,1.15043,1.15008,1.15033,1087
2026-06-17 22:00:00+00:00,1.15034,1.15058,1.15009,1.15046,7123
2026-06-17 23:00:00+00:00,1.15045,1.15086,1.15039,1.1507,2900
2026-06-18 00:00:00+00:00,1.15069,1.15208,1.15069,1.15156,10066
2026-06-18 01:00:00+00:00,1.15155,1.15225,1.15153,1.15166,5515
2026-06-18 02:00:00+00:00,1.15167,1.15209,1.15131,1.15179,3699
2026-06-18 03:00:00+00:00,1.1518,1.15245,1.15178,1.15235,3603
2026-06-18 04:00:00+00:00,1.15236,1.15264,1.15208,1.15231,4013
2026-06-18 05:00:00+00:00,1.15231,1.1525,1.15103,1.15107,4024
2026-06-18 06:00:00+00:00,1.15106,1.15286,1.15104,1.15198,10983
2026-06-18 07:00:00+00:00,1.15196,1.15231,1.15066,1.15129,10801
2026-06-18 08:00:00+00:00,1.15129,1.1514,1.14821,1.14826,13446
2026-06-18 09:00:00+00:00,1.14827,1.1486,1.14748,1.14767,16101
2026-06-18 10:00:00+00:00,1.14766,1.14774,1.14595,1.14608,14308
2026-06-18 11:00:00+00:00,1.14609,1.1467,1.14543,1.14574,14452
2026-06-18 12:00:00+00:00,1.14575,1.14819,1.14534,1.14695,19125
2026-06-18 13:00:00+00:00,1.14694,1.14842,1.14631,1.14723,22757
2026-06-18 14:00:00+00:00,1.14721,1.14874,1.14678,1.14864,18798
2026-06-18 15:00:00+00:00,1.14865,1.14877,1.14691,1.14693,11861
2026-06-18 16:00:00+00:00,1.14693,1.14723,1.14615,1.14653,8925
2026-06-18 17:00:00+00:00,1.14654,1.14737,1.14624,1.14626,7246
2026-06-18 18:00:00+00:00,1.14627,1.14658,1.14591,1.14597,7097
2026-06-18 19:00:00+00:00,1.14597,1.1463,1.14514,1.14579,12573
2026-06-18 20:00:00+00:00,1.14579,1.14633,1.14557,1.14583,4838
2026-06-18 21:00:00+00:00,1.14621,1.14647,1.14586,1.14626,887
2026-06-18 22:00:00+00:00,1.1463,1.14639,1.1459,1.14633,3281
2026-06-18 23:00:00+00:00,1.14632,1.14633,1.14571,1.14584,2454
2026-06-19 00:00:00+00:00,1.14584,1.14658,1.14583,1.14619,5645
2026-06-19 01:00:00+00:00,1.1462,1.14635,1.14526,1.14532,6009
2026-06-19 02:00:00+00:00,1.14533,1.1458,1.14517,1.14547,3236
2026-06-19 03:00:00+00:00,1.14546,1.14549,1.14419,1.14423,4143
2026-06-19 04:00:00+00:00,1.14424,1.14435,1.14273,1.14288,5036
2026-06-19 05:00:00+00:00,1.14287,1.14339,1.1418,1.14309,12230
2026-06-19 06:00:00+00:00,1.14309,1.14425,1.14291,1.14421,10718
2026-06-19 07:00:00+00:00,1.14421,1.14493,1.14419,1.14465,9539
2026-06-19 08:00:00+00:00,1.14466,1.1466,1.14465,1.14644,8127
2026-06-19 09:00:00+00:00,1.14643,1.14648,1.14585,1.14596,4900
2026-06-19 10:00:00+00:00,1.14595,1.14635,1.14526,1.14625,7011
2026-06-19 11:00:00+00:00,1.14626,1.1468,1.14592,1.14612,5323
2026-06-19 12:00:00+00:00,1.14612,1.14749,1.14612,1.14711,10162
2026-06-19 13:00:00+00:00,1.14712,1.14726,1.14569,1.14631,10642
2026-06-19 14:00:00+00:00,1.1463,1.14703,1.1458,1.14686,8856
2026-06-19 15:00:00+00:00,1.14687,1.14763,1.14625,1.14649,7340
2026-06-19 16:00:00+00:00,1.1465,1.14695,1.1462,1.1469,3750
2026-06-19 17:00:00+00:00,1.14691,1.14768,1.1468,1.14751,7863
2026-06-19 18:00:00+00:00,1.1475,1.14808,1.14739,1.14767,6784
2026-06-19 19:00:00+00:00,1.14767,1.14788,1.14753,1.14761,3320
2026-06-19 20:00:00+00:00,1.1476,1.14775,1.14674,1.14755,11827
2026-06-21 21:00:00+00:00,1.14649,1.14706,1.14576,1.14627,713
2026-06-21 22:00:00+00:00,1.14618,1.14678,1.14574,1.14625,2865
2026-06-21 23:00:00+00:00,1.14624,1.14665,1.14581,1.14624,4044
2026-06-22 00:00:00+00:00,1.14625,1.14668,1.14578,1.14665,7589
2026-06-22 01:00:00+00:00,1.14666,1.14737,1.14637,1.14638,7983
2026-06-22 02:00:00+00:00,1.14639,1.14679,1.14602,1.14654,3366
2026-06-22 03:00:00+00:00,1.14655,1.1467,1.14544,1.14564,3184
2026-06-22 04:00:00+00:00,1.14563,1.14571,1.14528,1.14561,4565
2026-06-22 05:00:00+00:00,1.14562,1.1463,1.14543,1.14543,4407
2026-06-22 06:00:00+00:00,1.14543,1.14635,1.14524,1.14602,9768
2026-06-22 07:00:00+00:00,1.14602,1.14627,1.14443,1.1446,10417
2026-06-22 08:00:00+00:00,1.14459,1.14534,1.14416,1.14511,10785
2026-06-22 09:00:00+00:00,1.14511,1.14633,1.14505,1.1458,8630
2026-06-22 10:00:00+00:00,1.14579,1.14637,1.14546,1.14563,7349
2026-06-22 11:00:00+00:00,1.14564,1.14603,1.14475,1.14487,8168
2026-06-22 12:00:00+00:00,1.14487,1.1462,1.14478,1.1455,8921
2026-06-22 13:00:00+00:00,1.1455,1.14552,1.14285,1.14287,21969
2026-06-22 14:00:00+00:00,1.14287,1.14506,1.14259,1.14448,26865
2026-06-22 15:00:00+00:00,1.14449,1.14504,1.14304,1.14319,11773
2026-06-22 16:00:00+00:00,1.14319,1.14325,1.14255,1.14311,6802
2026-06-22 17:00:00+00:00,1.1431,1.14337,1.14272,1.14291,4239
2026-06-22 18:00:00+00:00,1.1429,1.14317,1.14224,1.14244,4750
2026-06-22 19:00:00+00:00,1.14244,1.14257,1.14191,1.1425,4640
2026-06-22 20:00:00+00:00,1.14251,1.14294,1.14248,1.14286,3343
2026-06-22 21:00:00+00:00,1.14281,1.14305,1.14261,1.14282,834
2026-06-22 22:00:00+00:00,1.14282,1.14291,1.14255,1.14275,4023
2026-06-22 23:00:00+00:00,1.14275,1.14293,1.14257,1.14269,1475
2026-06-23 00:00:00+00:00,1.1427,1.14279,1.14225,1.1427,4627
2026-06-23 01:00:00+00:00,1.14271,1.14284,1.14225,1.14268,4947
2026-06-23 02:00:00+00:00,1.14268,1.1432,1.14256,1.14259,2989
2026-06-23 03:00:00+00:00,1.14259,1.143,1.14187,1.14297,3485
2026-06-23 04:00:00+00:00,1.14298,1.14302,1.14197,1.1421,2691
2026-06-23 05:00:00+00:00,1.14209,1.14258,1.1419,1.14231,4462
2026-06-23 06:00:00+00:00,1.1423,1.14302,1.14195,1.14231,8698
2026-06-23 07:00:00+00:00,1.1423,1.14393,1.14098,1.14117,19426
2026-06-23 08:00:00+00:00,1.14118,1.14176,1.14046,1.14084,13139
2026-06-23 09:00:00+00:00,1.14084,1.14114,1.14061,1.1411,8047
2026-06-23 10:00:00+00:00,1.14111,1.14128,1.13956,1.14007,8812
2026-06-23 11:00:00+00:00,1.14007,1.14029,1.13843,1.13858,8999
2026-06-23 12:00:00+00:00,1.13857,1.13948,1.13825,1.13889,13434
2026-06-23 13:00:00+00:00,1.13889,1.14003,1.13852,1.13897,15690
2026-06-23 14:00:00+00:00,1.13898,1.13912,1.13759,1.13822,16672
2026-06-23 15:00:00+00:00,1.13821,1.13856,1.13756,1.1383,10677
2026-06-23 16:00:00+00:00,1.13831,1.1384,1.13786,1.13796,5446
2026-06-23 17:00:00+00:00,1.13795,1.13818,1.13766,1.13796,4829
2026-06-23 18:00:00+00:00,1.13797,1.13808,1.13762,1.13788,3958
2026-06-23 19:00:00+00:00,1.13788,1.1383,1.13787,1.1379,6370
2026-06-23 20:00:00+00:00,1.13791,1.13821,1.13781,1.13816,3467
2026-06-23 21:00:00+00:00,1.13839,1.13844,1.13832,1.13836,1034
2026-06-23 22:00:00+00:00,1.13835,1.13839,1.13786,1.13815,2504
2026-06-23 23:00:00+00:00,1.13815,1.13836,1.1379,1.13791,2539
2026-06-24 00:00:00+00:00,1.13791,1.13823,1.13733,1.13763,7228
2026-06-24 01:00:00+00:00,1.13764,1.13771,1.1371,1.13766,6159
2026-06-24 02:00:00+00:00,1.13765,1.1377,1.13667,1.13675,3837
2026-06-24 03:00:00+00:00,1.13674,1.13689,1.13615,1.13674,5648
2026-06-24 04:00:00+00:00,1.13675,1.13676,1.13612,1.13631,2689
2026-06-24 05:00:00+00:00,1.13632,1.13684,1.13628,1.1368,4137
2026-06-24 06:00:00+00:00,1.13681,1.13753,1.13576,1.13593,8410
2026-06-24 07:00:00+00:00,1.13593,1.13611,1.13514,1.13518,11027
2026-06-24 08:00:00+00:00,1.13516,1.1356,1.13379,1.13529,11743
2026-06-24 09:00:00+00:00,1.13528,1.13538,1.13445,1.1346,9147
2026-06-24 10:00:00+00:00,1.13459,1.13465,1.13386,1.13398,9465
2026-06-24 11:00:00+00:00,1.13398,1.13491,1.13371,1.13404,9597
2026-06-24 12:00:00+00:00,1.13403,1.13462,1.13253,1.13291,16766
2026-06-24 13:00:00+00:00,1.13292,1.13481,1.13245,1.13442,23047
2026-06-24 14:00:00+00:00,1.13442,1.13524,1.13359,1.13419,18426
2026-06-24 15:00:00+00:00,1.13419,1.13625,1.13402,1.13481,13017
2026-06-24 16:00:00+00:00,1.13481,1.13681,1.13468,1.13596,9223
2026-06-24 17:00:00+00:00,1.13597,1.13613,1.13491,1.13497,7713
2026-06-24 18:00:00+00:00,1.13497,1.1361,1.13497,1.13551,5943
2026-06-24 19:00:00+00:00,1.13552,1.13587,1.1351,1.13534,6849
2026-06-24 20:00:00+00:00,1.13534,1.13607,1.13523,1.13583,6242
2026-06-24 21:00:00+00:00,1.13611,1.13629,1.13548,1.13594,1990
2026-06-24 22:00:00+00:00,1.1359,1.13602,1.13548,1.13551,1688
2026-06-24 23:00:00+00:00,1.13551,1.13564,1.13529,1.1354,1379
2026-06-25 00:00:00+00:00,1.13541,1.13551,1.13477,1.13535,4082
2026-06-25 01:00:00+00:00,1.13535,1.13676,1.13534,1.13581,6206
2026-06-25 02:00:00+00:00,1.13581,1.13657,1.13566,1.13636,4102
2026-06-25 03:00:00+00:00,1.13636,1.13712,1.1363,1.13701,3441
2026-06-25 04:00:00+00:00,1.13701,1.1371,1.13661,1.13672,2557
2026-06-25 05:00:00+00:00,1.13671,1.13682,1.13599,1.13612,3684
2026-06-25 06:00:00+00:00,1.13612,1.13651,1.13523,1.13529,7964
2026-06-25 07:00:00+00:00,1.13529,1.13606,1.13447,1.13594,10780
2026-06-25 08:00:00+00:00,1.13595,1.13727,1.1359,1.13676,9406
2026-06-25 09:00:00+00:00,1.13676,1.13741,1.13617,1.13617,6004
2026-06-25 10:00:00+00:00,1.13618,1.1362,1.13429,1.13458,5860
2026-06-25 11:00:00+00:00,1.13459,1.1346,1.13334,1.13377,6990
2026-06-25 12:00:00+00:00,1.13378,1.13647,1.13364,1.13536,18623
2026-06-25 13:00:00+00:00,1.13536,1.13699,1.13492,1.13636,19391
2026-06-25 14:00:00+00:00,1.13637,1.13838,1.1363,1.1375,24569
2026-06-25 15:00:00+00:00,1.1375,1.13881,1.13735,1.13843,15779
2026-06-25 16:00:00+00:00,1.13843,1.13867,1.13733,1.13741,8965
2026-06-25 17:00:00+00:00,1.13741,1.13778,1.13715,1.13743,5451
2026-06-25 18:00:00+00:00,1.13744,1.13807,1.13698,1.1373,6801
2026-06-25 19:00:00+00:00,1.1373,1.13803,1.13687,1.13727,6703
2026-06-25 20:00:00+00:00,1.13726,1.13746,1.13694,1.13698,2647
2026-06-25 21:00:00+00:00,1.13724,1.13744,1.13681,1.13738,955
2026-06-25 22:00:00+00:00,1.1374,1.13745,1.13674,1.13694,2930
2026-06-25 23:00:00+00:00,1.13695,1.13706,1.13603,1.13615,4384
2026-06-26 00:00:00+00:00,1.13615,1.13671,1.13611,1.13649,5326
2026-06-26 01:00:00+00:00,1.13649,1.13692,1.13565,1.13597,5547
2026-06-26 02:00:00+00:00,1.13597,1.13629,1.13543,1.13592,4729
2026-06-26 03:00:00+00:00,1.13593,1.13717,1.13586,1.13717,5336
2026-06-26 04:00:00+00:00,1.13717,1.13773,1.13685,1.13771,5231
2026-06-26 05:00:00+00:00,1.13771,1.13824,1.13752,1.13783,4809
2026-06-26 06:00:00+00:00,1.13782,1.13826,1.13715,1.13753,7407
2026-06-26 07:00:00+00:00,1.13752,1.13889,1.13732,1.13868,8730
2026-06-26 08:00:00+00:00,1.13867,1.14078,1.1383,1.14014,12930
2026-06-26 09:00:00+00:00,1.14013,1.14122,1.13955,1.14069,9186
2026-06-26 10:00:00+00:00,1.14068,1.14084,1.14002,1.14049,6134
2026-06-26 11:00:00+00:00,1.1405,1.14064,1.13938,1.13983,8214
2026-06-26 12:00:00+00:00,1.13984,1.1434,1.13976,1.14273,11443
2026-06-26 13:00:00+00:00,1.14273,1.14299,1.14118,1.14252,20429
2026-06-26 14:00:00+00:00,1.14252,1.14285,1.13937,1.13942,18996
2026-06-26 15:00:00+00:00,1.13942,1.14081,1.13922,1.1403,14298
2026-06-26 16:00:00+00:00,1.1403,1.14035,1.1383,1.13899,8710
2026-06-26 17:00:00+00:00,1.139,1.13933,1.13848,1.13865,5170
2026-06-26 18:00:00+00:00,1.13865,1.13913,1.13854,1.1386,4522
2026-06-26 19:00:00+00:00,1.13859,1.13894,1.1381,1.13871,5039
2026-06-26 20:00:00+00:00,1.13871,1.1392,1.13814,1.13838,7144
2026-06-28 21:00:00+00:00,1.13913,1.13933,1.13821,1.1384,3575
2026-06-28 22:00:00+00:00,1.13839,1.1387,1.13816,1.13854,2312
2026-06-28 23:00:00+00:00,1.13854,1.13871,1.13822,1.13853,1978
2026-06-29 00:00:00+00:00,1.13853,1.13894,1.13835,1.13877,6250
2026-06-29 01:00:00+00:00,1.13878,1.1391,1.13847,1.13853,5078
2026-06-29 02:00:00+00:00,1.13854,1.13936,1.13847,1.13878,3611
2026-06-29 03:00:00+00:00,1.13879,1.13902,1.13834,1.13843,1925
2026-06-29 04:00:00+00:00,1.13844,1.13854,1.1381,1.13827,2125
2026-06-29 05:00:00+00:00,1.13828,1.13954,1.13826,1.13946,3098
2026-06-29 06:00:00+00:00,1.13945,1.1415,1.13928,1.14124,8795
2026-06-29 07:00:00+00:00,1.14123,1.14133,1.14001,1.14026,8730
2026-06-29 08:00:00+00:00,1.14026,1.14075,1.13926,1.1396,7576
2026-06-29 09:00:00+00:00,1.13961,1.14041,1.13945,1.14034,6274
2026-06-29 10:00:00+00:00,1.14035,1.14057,1.13997,1.14047,5307
2026-06-29 11:00:00+00:00,1.14046,1.14118,1.1399,1.1409,8081
2026-06-29 12:00:00+00:00,1.1409,1.1409,1.14006,1.14027,7932
2026-06-29 13:00:00+00:00,1.14027,1.14123,1.14007,1.14101,10086
2026-06-29 14:00:00+00:00,1.14102,1.14234,1.14047,1.1422,17716
2026-06-29 15:00:00+00:00,1.1422,1.14252,1.14166,1.14238,11179
2026-06-29 16:00:00+00:00,1.14238,1.14309,1.14233,1.14259,5464
2026-06-29 17:00:00+00:00,1.1426,1.14283,1.14214,1.14268,4668
2026-06-29 18:00:00+00:00,1.14268,1.14292,1.14251,1.14257,4160
2026-06-29 19:00:00+00:00,1.14256,1.1427,1.14221,1.14259,3210
2026-06-29 20:00:00+00:00,1.14258,1.14275,1.14216,1.14219,2384
2026-06-29 21:00:00+00:00,1.14233,1.14268,1.14223,1.1426,1181
2026-06-29 22:00:00+00:00,1.1426,1.14261,1.14225,1.14251,1946
2026-06-29 23:00:00+00:00,1.14251,1.14254,1.14191,1.14192,1522
2026-06-30 00:00:00+00:00,1.14191,1.14206,1.14125,1.14164,6243
2026-06-30 01:00:00+00:00,1.14165,1.14173,1.14021,1.14042,6714
2026-06-30 02:00:00+00:00,1.14043,1.14065,1.14018,1.14037,4546
2026-06-30 03:00:00+00:00,1.14036,1.14053,1.13971,1.13986,3333
2026-06-30 04:00:00+00:00,1.13985,1.13993,1.13891,1.13893,3126
2026-06-30 05:00:00+00:00,1.13894,1.13929,1.13827,1.13849,5409
2026-06-30 06:00:00+00:00,1.13848,1.14038,1.13836,1.1403,9842
2026-06-30 07:00:00+00:00,1.14031,1.14096,1.13971,1.13989,7300
2026-06-30 08:00:00+00:00,1.13988,1.13996,1.13836,1.13937,11338
2026-06-30 09:00:00+00:00,1.13938,1.13986,1.13892,1.13973,7111
2026-06-30 10:00:00+00:00,1.13972,1.14024,1.13926,1.1402,6369
2026-06-30 11:00:00+00:00,1.1402,1.1403,1.13863,1.13932,8818
2026-06-30 12:00:00+00:00,1.13931,1.1403,1.13887,1.13961,9860
2026-06-30 13:00:00+00:00,1.13962,1.14071,1.13944,1.13968,10208
2026-06-30 14:00:00+00:00,1.13968,1.1435,1.13911,1.1433,24367
2026-06-30 15:00:00+00:00,1.1433,1.14367,1.14151,1.14171,13917
2026-06-30 16:00:00+00:00,1.14172,1.14182,1.14123,1.14142,5113
2026-06-30 17:00:00+00:00,1.14141,1.14224,1.14141,1.14217,3945
2026-06-30 18:00:00+00:00,1.14216,1.14271,1.1419,1.14206,4478
2026-06-30 19:00:00+00:00,1.14205,1.14267,1.14155,1.14266,5091
2026-06-30 20:00:00+00:00,1.14266,1.14274,1.14206,1.14219,2794
2026-06-30 21:00:00+00:00,1.14235,1.14242,1.14177,1.14221,1088
2026-06-30 22:00:00+00:00,1.1422,1.14232,1.14187,1.142,1175
2026-06-30 23:00:00+00:00,1.142,1.14203,1.14125,1.14131,1430
2026-07-01 00:00:00+00:00,1.14132,1.14142,1.14086,1.14097,4876
2026-07-01 01:00:00+00:00,1.14096,1.14096,1.14027,1.14044,4735
2026-07-01 02:00:00+00:00,1.14045,1.14082,1.14027,1.14057,3941
2026-07-01 03:00:00+00:00,1.14056,1.14083,1.14018,1.14042,2880
2026-07-01 04:00:00+00:00,1.14042,1.14109,1.14025,1.14087,2851
2026-07-01 05:00:00+00:00,1.14086,1.14106,1.14031,1.14059,4585
2026-07-01 06:00:00+00:00,1.14058,1.14096,1.14004,1.14031,5952
2026-07-01 07:00:00+00:00,1.1403,1.14044,1.13932,1.14022,7556
2026-07-01 08:00:00+00:00,1.14021,1.14039,1.13941,1.13966,6051
2026-07-01 09:00:00+00:00,1.13965,1.13998,1.13853,1.1388,6980
2026-07-01 10:00:00+00:00,1.13881,1.14005,1.13863,1.13981,4240
2026-07-01 11:00:00+00:00,1.13981,1.13991,1.13849,1.13856,6944
2026-07-01 12:00:00+00:00,1.13857,1.1388,1.13691,1.13711,13802
2026-07-01 13:00:00+00:00,1.13712,1.14119,1.13619,1.13955,40847
2026-07-01 14:00:00+00:00,1.13955,1.14055,1.13847,1.13955,24105
2026-07-01 15:00:00+00:00,1.13956,1.13962,1.13789,1.13838,16794
2026-07-01 16:00:00+00:00,1.13839,1.13942,1.13799,1.13824,11458
2026-07-01 17:00:00+00:00,1.13825,1.1386,1.1379,1.13811,7433
2026-07-01 18:00:00+00:00,1.13811,1.1383,1.13754,1.13799,5829
2026-07-01 19:00:00+00:00,1.13799,1.13817,1.13776,1.13789,3310
2026-07-01 20:00:00+00:00,1.13788,1.13795,1.13739,1.1377,2884
2026-07-01 21:00:00+00:00,1.13774,1.13795,1.13769,1.13786,678
2026-07-01 22:00:00+00:00,1.13786,1.13797,1.13773,1.1379,965
2026-07-01 23:00:00+00:00,1.13789,1.13789,1.13772,1.13776,934
2026-07-02 00:00:00+00:00,1.13776,1.13834,1.13751,1.13767,3696
2026-07-02 01:00:00+00:00,1.13766,1.13859,1.13765,1.13817,3893
2026-07-02 02:00:00+00:00,1.13818,1.13886,1.13812,1.13822,2383
2026-07-02 03:00:00+00:00,1.13823,1.13835,1.13782,1.13824,2409
2026-07-02 04:00:00+00:00,1.13824,1.13884,1.13824,1.13868,2606
2026-07-02 05:00:00+00:00,1.13868,1.13888,1.13817,1.13859,3756
2026-07-02 06:00:00+00:00,1.13858,1.14045,1.13856,1.13948,10383
2026-07-02 07:00:00+00:00,1.13949,1.14095,1.13906,1.14078,9372
2026-07-02 08:00:00+00:00,1.14078,1.14213,1.14069,1.14202,12666
2026-07-02 09:00:00+00:00,1.14202,1.14213,1.14091,1.14097,7698
2026-07-02 10:00:00+00:00,1.14098,1.14114,1.14031,1.14105,6439
2026-07-02 11:00:00+00:00,1.14105,1.14148,1.14005,1.1404,5715
2026-07-02 12:00:00+00:00,1.14039,1.14728,1.13955,1.14515,54142
2026-07-02 13:00:00+00:00,1.14515,1.14555,1.14387,1.14509,29212
2026-07-02 14:00:00+00:00,1.1451,1.14584,1.14337,1.1444,24566
2026-07-02 15:00:00+00:00,1.14441,1.14498,1.14398,1.14475,17035
2026-07-02 16:00:00+00:00,1.14476,1.14483,1.14354,1.14379,10174
2026-07-02 17:00:00+00:00,1.14378,1.14378,1.14288,1.14307,9139
2026-07-02 18:00:00+00:00,1.14307,1.14371,1.14295,1.1433,7383
2026-07-02 19:00:00+00:00,1.14331,1.1434,1.14264,1.14309,5587
2026-07-02 20:00:00+00:00,1.14308,1.14358,1.14296,1.14319,2543
2026-07-02 22:00:00+00:00,1.14341,1.14355,1.14278,1.1429,2791
2026-07-02 23:00:00+00:00,1.14291,1.14307,1.14219,1.14225,2723
2026-07-03 00:00:00+00:00,1.14226,1.14309,1.14207,1.14308,5888
2026-07-03 01:00:00+00:00,1.14307,1.14447,1.14301,1.14371,10296
2026-07-03 02:00:00+00:00,1.14372,1.1445,1.14359,1.14398,3802
2026-07-03 03:00:00+00:00,1.14397,1.14416,1.1437,1.14412,3033
2026-07-03 04:00:00+00:00,1.14413,1.14463,1.14392,1.14461,2051
2026-07-03 05:00:00+00:00,1.14462,1.1455,1.14457,1.14489,4070
2026-07-03 06:00:00+00:00,1.14488,1.14624,1.14482,1.14541,11051
2026-07-03 07:00:00+00:00,1.14542,1.14581,1.14476,1.14547,7647
2026-07-03 08:00:00+00:00,1.14547,1.14578,1.14505,1.14529,7138
2026-07-03 09:00:00+00:00,1.14528,1.1453,1.14405,1.1441,4801
2026-07-03 10:00:00+00:00,1.14409,1.14503,1.14405,1.14468,3984
2026-07-03 11:00:00+00:00,1.14467,1.14573,1.14462,1.14505,6340
2026-07-03 12:00:00+00:00,1.14506,1.14529,1.14463,1.1447,5750
2026-07-03 13:00:00+00:00,1.14469,1.14482,1.14381,1.14405,5161
2026-07-03 14:00:00+00:00,1.14404,1.1448,1.14388,1.14417,6058
2026-07-03 15:00:00+00:00,1.14417,1.14446,1.14349,1.1437,4754
2026-07-03 16:00:00+00:00,1.1437,1.14397,1.14354,1.14377,1914
2026-07-03 17:00:00+00:00,1.14378,1.14423,1.14377,1.14403,8000
2026-07-03 18:00:00+00:00,1.14403,1.14413,1.14382,1.1439,8428
2026-07-03 19:00:00+00:00,1.14389,1.14407,1.14357,1.14366,5896
2026-07-03 20:00:00+00:00,1.14366,1.144,1.14336,1.14398,9042
2026-07-05 21:00:00+00:00,1.14399,1.14399,1.14362,1.1438,21956
2026-07-05 22:00:00+00:00,1.14379,1.14387,1.14349,1.14367,5705
2026-07-05 23:00:00+00:00,1.14367,1.14381,1.14332,1.14368,2505
2026-07-06 00:00:00+00:00,1.14368,1.14412,1.14328,1.14383,6416
2026-07-06 01:00:00+00:00,1.14383,1.14389,1.14284,1.14286,4749
2026-07-06 02:00:00+00:00,1.14286,1.14353,1.14275,1.14339,3872
2026-07-06 03:00:00+00:00,1.1434,1.14358,1.1428,1.14319,2873
2026-07-06 04:00:00+00:00,1.14318,1.14344,1.14317,1.14329,1992
2026-07-06 05:00:00+00:00,1.1433,1.14334,1.1423,1.14236,3764
2026-07-06 06:00:00+00:00,1.14237,1.14291,1.14199,1.1423,6568
2026-07-06 07:00:00+00:00,1.14231,1.14284,1.14166,1.14266,8965
2026-07-06 08:00:00+00:00,1.14267,1.14272,1.14153,1.14207,6570
2026-07-06 09:00:00+00:00,1.14205,1.14215,1.14111,1.14133,5277
2026-07-06 10:00:00+00:00,1.14132,1.14213,1.14097,1.14196,4614
2026-07-06 11:00:00+00:00,1.14196,1.14204,1.1412,1.14154,5934
2026-07-06 12:00:00+00:00,1.14155,1.142,1.14108,1.14132,6707
2026-07-06 13:00:00+00:00,1.14132,1.14228,1.14085,1.14128,8733
2026-07-06 14:00:00+00:00,1.14128,1.14203,1.14107,1.14172,9416
2026-07-06 15:00:00+00:00,1.14173,1.14264,1.14154,1.14254,6034
2026-07-06 16:00:00+00:00,1.14254,1.14322,1.14251,1.14308,4700
2026-07-06 17:00:00+00:00,1.14307,1.14395,1.14302,1.14363,3618
2026-07-06 18:00:00+00:00,1.14364,1.14451,1.14351,1.14431,3995
2026-07-06 19:00:00+00:00,1.1443,1.1443,1.1438,1.14411,3360
2026-07-06 20:00:00+00:00,1.1441,1.14421,1.14397,1.14415,2354
2026-07-06 21:00:00+00:00,1.14424,1.14463,1.14413,1.14457,2420
2026-07-06 22:00:00+00:00,1.1446,1.14463,1.14424,1.14452,1864
2026-07-06 23:00:00+00:00,1.14452,1.14482,1.14413,1.14416,2013
2026-07-07 00:00:00+00:00,1.14415,1.14425,1.14381,1.14386,4207
2026-07-07 01:00:00+00:00,1.14386,1.14476,1.14371,1.1444,6224
2026-07-07 02:00:00+00:00,1.1444,1.14462,1.14396,1.14397,3064
2026-07-07 03:00:00+00:00,1.14397,1.14429,1.14362,1.14369,2998
2026-07-07 04:00:00+00:00,1.1437,1.14394,1.14356,1.14357,2271
2026-07-07 05:00:00+00:00,1.14356,1.14375,1.14282,1.14319,5747
2026-07-07 06:00:00+00:00,1.1432,1.14324,1.14253,1.14299,5595
2026-07-07 07:00:00+00:00,1.143,1.14322,1.14249,1.14253,5736
2026-07-07 08:00:00+00:00,1.14252,1.14359,1.14251,1.1428,6351
2026-07-07 09:00:00+00:00,1.14281,1.14302,1.14247,1.14251,4642
2026-07-07 10:00:00+00:00,1.14251,1.14342,1.14235,1.14339,3494
2026-07-07 11:00:00+00:00,1.1434,1.14393,1.14253,1.14325,7383
2026-07-07 12:00:00+00:00,1.14326,1.14424,1.1431,1.14366,7952
2026-07-07 13:00:00+00:00,1.14367,1.1442,1.14305,1.14364,9414
2026-07-07 14:00:00+00:00,1.14363,1.1438,1.14238,1.14331,14255
2026-07-07 15:00:00+00:00,1.14332,1.1435,1.14222,1.14229,7429
2026-07-07 16:00:00+00:00,1.1423,1.14259,1.1418,1.14235,6475
2026-07-07 17:00:00+00:00,1.14234,1.14295,1.14223,1.14282,3431
2026-07-07 18:00:00+00:00,1.14283,1.143,1.14174,1.14185,7214
2026-07-07 19:00:00+00:00,1.14185,1.14195,1.14081,1.14168,8717
2026-07-07 20:00:00+00:00,1.14167,1.14173,1.14104,1.14123,3308
2026-07-07 21:00:00+00:00,1.14142,1.14159,1.14024,1.14074,3157
2026-07-07 22:00:00+00:00,1.1407,1.14088,1.14032,1.1407,2284
2026-07-07 23:00:00+00:00,1.1407,1.14085,1.14,1.14016,1749
2026-07-08 00:00:00+00:00,1.14015,1.14116,1.14001,1.1408,6178
2026-07-08 01:00:00+00:00,1.14081,1.14094,1.13985,1.14055,6643
2026-07-08 02:00:00+00:00,1.14055,1.14126,1.14049,1.14113,3831
2026-07-08 03:00:00+00:00,1.14114,1.14166,1.14114,1.14145,3200
2026-07-08 04:00:00+00:00,1.14144,1.14159,1.14111,1.14145,2561
2026-07-08 05:00:00+00:00,1.14145,1.14208,1.14125,1.14196,5225
2026-07-08 06:00:00+00:00,1.14197,1.14242,1.14172,1.14225,11804
2026-07-08 07:00:00+00:00,1.14226,1.14317,1.1417,1.14257,9563
2026-07-08 08:00:00+00:00,1.14257,1.14277,1.14005,1.14104,27526
2026-07-08 09:00:00+00:00,1.14103,1.14117,1.13961,1.14044,16574
2026-07-08 10:00:00+00:00,1.14045,1.14148,1.14012,1.14086,8000
2026-07-08 11:00:00+00:00,1.14085,1.14097,1.13932,1.13983,12456
2026-07-08 12:00:00+00:00,1.13982,1.14071,1.13956,1.13962,12213
2026-07-08 13:00:00+00:00,1.13961,1.14139,1.13958,1.141,15276
2026-07-08 14:00:00+00:00,1.14099,1.14134,1.14034,1.14076,12248
2026-07-08 15:00:00+00:00,1.14076,1.14119,1.13912,1.13952,12605
2026-07-08 16:00:00+00:00,1.13953,1.14149,1.13949,1.14143,9038
2026-07-08 17:00:00+00:00,1.14143,1.14271,1.14143,1.14191,8048
2026-07-08 18:00:00+00:00,1.1419,1.1429,1.14165,1.14255,5750
2026-07-08 19:00:00+00:00,1.14256,1.14304,1.14227,1.14276,4636
2026-07-08 20:00:00+00:00,1.14276,1.14279,1.14153,1.14168,3623
2026-07-08 21:00:00+00:00,1.14188,1.14223,1.1416,1.14182,846
2026-07-08 22:00:00+00:00,1.14181,1.14194,1.14162,1.14191,2067
2026-07-08 23:00:00+00:00,1.14192,1.14225,1.14173,1.14213,1274
2026-07-09 00:00:00+00:00,1.14215,1.14303,1.14213,1.14258,4724
2026-07-09 01:00:00+00:00,1.14258,1.14274,1.142,1.14257,3310
2026-07-09 02:00:00+00:00,1.14257,1.14284,1.14232,1.14244,2808
2026-07-09 03:00:00+00:00,1.14243,1.14304,1.1423,1.14269,3425
2026-07-09 04:00:00+00:00,1.14269,1.14275,1.14233,1.14268,1975
2026-07-09 05:00:00+00:00,1.14269,1.14342,1.14264,1.14308,5465
2026-07-09 06:00:00+00:00,1.14309,1.14494,1.14308,1.14421,9284
2026-07-09 07:00:00+00:00,1.14422,1.14423,1.14326,1.14356,6266
2026-07-09 08:00:00+00:00,1.14355,1.14383,1.14256,1.14268,6441
2026-07-09 09:00:00+00:00,1.14267,1.14316,1.14239,1.14309,5336
2026-07-09 10:00:00+00:00,1.14308,1.14318,1.14212,1.14234,6203
2026-07-09 11:00:00+00:00,1.14235,1.143,1.14221,1.14296,5732
2026-07-09 12:00:00+00:00,1.14297,1.1436,1.14227,1.1425,9705
2026-07-09 13:00:00+00:00,1.14249,1.14393,1.14239,1.14392,9316
2026-07-09 14:00:00+00:00,1.14393,1.1446,1.14314,1.1433,11918
2026-07-09 15:00:00+00:00,1.14329,1.14407,1.14292,1.14389,8789
2026-07-09 16:00:00+00:00,1.1439,1.14414,1.14351,1.14369,4236
2026-07-09 17:00:00+00:00,1.14368,1.14409,1.14342,1.14376,4995
2026-07-09 18:00:00+00:00,1.14376,1.14383,1.14315,1.14336,3516
2026-07-09 19:00:00+00:00,1.14336,1.14344,1.14257,1.14278,3324
2026-07-09 20:00:00+00:00,1.14276,1.14304,1.14274,1.143,3075
2026-07-09 21:00:00+00:00,1.14323,1.14326,1.14294,1.14306,2803
2026-07-09 22:00:00+00:00,1.143,1.14337,1.14293,1.14335,1082
2026-07-09 23:00:00+00:00,1.14336,1.14341,1.14315,1.14331,931
2026-07-10 00:00:00+00:00,1.14331,1.14422,1.14305,1.14403,4969
2026-07-10 01:00:00+00:00,1.14402,1.14499,1.14381,1.14474,8019
2026-07-10 02:00:00+00:00,1.14475,1.14609,1.14471,1.14583,9642
2026-07-10 03:00:00+00:00,1.14584,1.14594,1.14475,1.14495,4203
2026-07-10 04:00:00+00:00,1.14494,1.14494,1.14397,1.14428,2901
2026-07-10 05:00:00+00:00,1.14429,1.14446,1.14356,1.14398,4575
2026-07-10 06:00:00+00:00,1.14398,1.14476,1.1439,1.14421,7672
2026-07-10 07:00:00+00:00,1.14423,1.14425,1.14365,1.14373,6965
2026-07-10 08:00:00+00:00,1.14372,1.14423,1.14304,1.14306,8627
2026-07-10 09:00:00+00:00,1.14306,1.14344,1.14267,1.14272,6623
2026-07-10 10:00:00+00:00,1.14273,1.14355,1.14268,1.14334,5401
2026-07-10 11:00:00+00:00,1.14335,1.14354,1.14266,1.14311,6587
2026-07-10 12:00:00+00:00,1.14312,1.1442,1.14234,1.14293,12635
2026-07-10 13:00:00+00:00,1.14292,1.14296,1.14195,1.14207,9936
2026-07-10 14:00:00+00:00,1.14208,1.14285,1.14118,1.14225,17902
2026-07-10 15:00:00+00:00,1.14224,1.14391,1.14215,1.14378,12067
2026-07-10 16:00:00+00:00,1.14378,1.14413,1.14296,1.14296,9158
2026-07-10 17:00:00+00:00,1.14295,1.14313,1.14167,1.14177,6095
2026-07-10 18:00:00+00:00,1.14177,1.14182,1.14118,1.14166,6688
2026-07-10 19:00:00+00:00,1.14165,1.14172,1.1414,1.14159,3840
2026-07-10 20:00:00+00:00,1.1416,1.14183,1.14115,1.14156,5501
2026-07-12 21:00:00+00:00,1.1403,1.14082,1.14017,1.14039,599
2026-07-12 22:00:00+00:00,1.1404,1.1405,1.13885,1.13948,6393
2026-07-12 23:00:00+00:00,1.13947,1.14043,1.13931,1.14043,3197
2026-07-13 00:00:00+00:00,1.14043,1.14056,1.13948,1.13955,6562
2026-07-13 01:00:00+00:00,1.13956,1.13977,1.13843,1.13975,7815
2026-07-13 02:00:00+00:00,1.13976,1.13999,1.13935,1.13943,4224
2026-07-13 03:00:00+00:00,1.13942,1.13991,1.13907,1.13989,3332
2026-07-13 04:00:00+00:00,1.1399,1.14052,1.13969,1.14039,2402
2026-07-13 05:00:00+00:00,1.1404,1.14093,1.13969,1.13985,7060
2026-07-13 06:00:00+00:00,1.13986,1.14077,1.13958,1.1401,10406
2026-07-13 07:00:00+00:00,1.14011,1.14263,1.1401,1.14248,16781
2026-07-13 08:00:00+00:00,1.14247,1.14459,1.14242,1.1436,15102
2026-07-13 09:00:00+00:00,1.14361,1.14374,1.14274,1.14315,7283
2026-07-13 10:00:00+00:00,1.14315,1.14357,1.1426,1.14357,6347
2026-07-13 11:00:00+00:00,1.14356,1.14375,1.14252,1.14276,7297
2026-07-13 12:00:00+00:00,1.14275,1.14309,1.14205,1.14309,9329
2026-07-13 13:00:00+00:00,1.1431,1.14334,1.14144,1.14146,10258
2026-07-13 14:00:00+00:00,1.14145,1.14161,1.13982,1.14063,20825
2026-07-13 15:00:00+00:00,1.14062,1.14067,1.13965,1.14015,9286
2026-07-13 16:00:00+00:00,1.14016,1.14027,1.13828,1.13887,13851
2026-07-13 17:00:00+00:00,1.13887,1.13908,1.13854,1.13863,7189
2026-07-13 18:00:00+00:00,1.13864,1.1389,1.13848,1.13875,4869
2026-07-13 19:00:00+00:00,1.13876,1.1388,1.13818,1.13836,4430
2026-07-13 20:00:00+00:00,1.13835,1.13846,1.13774,1.13822,3242
2026-07-13 21:00:00+00:00,1.13837,1.13883,1.13813,1.1384,1707
2026-07-13 22:00:00+00:00,1.13842,1.13868,1.1381,1.13811,2848
2026-07-13 23:00:00+00:00,1.13811,1.1384,1.13801,1.13835,3211
2026-07-14 00:00:00+00:00,1.13836,1.13896,1.13782,1.13849,10943
2026-07-14 01:00:00+00:00,1.13848,1.13907,1.13846,1.13889,7775
2026-07-14 02:00:00+00:00,1.1389,1.13944,1.13889,1.13908,4514
2026-07-14 03:00:00+00:00,1.13909,1.13968,1.13884,1.13937,4408
2026-07-14 04:00:00+00:00,1.13938,1.13947,1.13875,1.13907,4748
2026-07-14 05:00:00+00:00,1.13908,1.1396,1.13906,1.13919,4647
2026-07-14 06:00:00+00:00,1.13918,1.1394,1.13847,1.13862,9070
2026-07-14 07:00:00+00:00,1.13863,1.13977,1.13842,1.1396,10219
2026-07-14 08:00:00+00:00,1.1396,1.1406,1.13933,1.13996,9113
2026-07-14 09:00:00+00:00,1.13997,1.14038,1.1395,1.14011,6275
2026-07-14 10:00:00+00:00,1.14011,1.14017,1.13911,1.13918,5989
2026-07-14 11:00:00+00:00,1.13918,1.14094,1.13898,1.14066,8557
2026-07-14 12:00:00+00:00,1.14067,1.14624,1.14039,1.14461,42359
2026-07-14 13:00:00+00:00,1.14462,1.14552,1.14416,1.14515,28909
2026-07-14 14:00:00+00:00,1.14514,1.1459,1.144,1.14452,22600
2026-07-14 15:00:00+00:00,1.14453,1.14537,1.14258,1.14271,18177
2026-07-14 16:00:00+00:00,1.14272,1.14345,1.14242,1.14319,7440
2026-07-14 17:00:00+00:00,1.14319,1.14333,1.14193,1.14234,7591
2026-07-14 18:00:00+00:00,1.14234,1.14263,1.14161,1.14234,6303
2026-07-14 19:00:00+00:00,1.14235,1.14262,1.14204,1.14204,6377
2026-07-14 20:00:00+00:00,1.14204,1.14226,1.14185,1.14201,2678
2026-07-14 21:00:00+00:00,1.14225,1.14243,1.14191,1.14194,2181
2026-07-14 22:00:00+00:00,1.14196,1.14228,1.14174,1.14206,2684
2026-07-14 23:00:00+00:00,1.14206,1.14249,1.142,1.14245,1888
2026-07-15 00:00:00+00:00,1.14245,1.14343,1.1424,1.14331,4807
2026-07-15 01:00:00+00:00,1.1433,1.14376,1.14324,1.14356,5906
2026-07-15 02:00:00+00:00,1.14356,1.14424,1.14333,1.14403,3517
2026-07-15 03:00:00+00:00,1.14404,1.14424,1.14332,1.14381,4535
2026-07-15 04:00:00+00:00,1.14381,1.14408,1.14366,1.14371,2816
2026-07-15 05:00:00+00:00,1.14372,1.14434,1.14352,1.14406,4831
2026-07-15 06:00:00+00:00,1.14407,1.14439,1.14281,1.14288,7347
2026-07-15 07:00:00+00:00,1.14288,1.1432,1.14199,1.14234,9290
2026-07-15 08:00:00+00:00,1.14236,1.14276,1.14211,1.14245,6166
2026-07-15 09:00:00+00:00,1.14246,1.1426,1.14166,1.1417,6505
2026-07-15 10:00:00+00:00,1.14169,1.14184,1.14108,1.14159,6520
2026-07-15 11:00:00+00:00,1.1416,1.14195,1.14101,1.14119,7786
2026-07-15 12:00:00+00:00,1.1412,1.14303,1.1406,1.14285,13279
2026-07-15 13:00:00+00:00,1.14286,1.14356,1.14236,1.14302,14749
2026-07-15 14:00:00+00:00,1.14302,1.14416,1.14301,1.14371,16039
2026-07-15 15:00:00+00:00,1.14371,1.14417,1.14318,1.14353,10955
2026-07-15 16:00:00+00:00,1.14354,1.14424,1.14304,1.14423,9120
2026-07-15 17:00:00+00:00,1.14424,1.14749,1.1442,1.14733,9989
2026-07-15 18:00:00+00:00,1.14734,1.14826,1.1466,1.14667,7890
2026-07-15 19:00:00+00:00,1.14666,1.14748,1.14616,1.1464,8071
2026-07-15 20:00:00+00:00,1.14639,1.14645,1.1461,1.14638,2544
2026-07-15 21:00:00+00:00,1.14662,1.14672,1.14625,1.14648,1935
2026-07-15 22:00:00+00:00,1.14641,1.14683,1.1464,1.14671,1828
2026-07-15 23:00:00+00:00,1.1467,1.14709,1.14667,1.14699,1685
2026-07-16 00:00:00+00:00,1.14699,1.14746,1.14673,1.14738,5101
2026-07-16 01:00:00+00:00,1.14737,1.14741,1.1465,1.1466,4463
2026-07-16 02:00:00+00:00,1.14659,1.14659,1.14602,1.14647,3293
2026-07-16 03:00:00+00:00,1.14648,1.14689,1.14634,1.14665,2276
2026-07-16 04:00:00+00:00,1.14666,1.14673,1.14632,1.14663,2622
2026-07-16 05:00:00+00:00,1.14663,1.14688,1.14623,1.14633,3914
2026-07-16 06:00:00+00:00,1.14633,1.1471,1.14633,1.14685,6269
2026-07-16 07:00:00+00:00,1.14686,1.14765,1.14667,1.14693,6748
2026-07-16 08:00:00+00:00,1.14692,1.1472,1.14626,1.14659,7848
2026-07-16 09:00:00+00:00,1.14658,1.14683,1.14607,1.14663,5384
2026-07-16 10:00:00+00:00,1.14662,1.14685,1.14595,1.146,4639
2026-07-16 11:00:00+00:00,1.14599,1.14691,1.14565,1.14686,9701
2026-07-16 12:00:00+00:00,1.14686,1.14707,1.14469,1.14476,13506
2026-07-16 13:00:00+00:00,1.14477,1.14593,1.14445,1.14497,14020
2026-07-16 14:00:00+00:00,1.14498,1.1454,1.144,1.1443,13491
2026-07-16 15:00:00+00:00,1.14429,1.14497,1.14366,1.14471,9454
2026-07-16 16:00:00+00:00,1.1447,1.14472,1.14342,1.14348,6921
2026-07-16 17:00:00+00:00,1.14348,1.14384,1.1431,1.14366,5208
2026-07-16 18:00:00+00:00,1.14367,1.14392,1.1435,1.14385,6094
2026-07-16 19:00:00+00:00,1.14385,1.14417,1.14344,1.14405,4615
2026-07-16 20:00:00+00:00,1.14404,1.14445,1.14385,1.14418,2526
2026-07-16 21:00:00+00:00,1.14415,1.14438,1.14412,1.14428,714
2026-07-16 22:00:00+00:00,1.14428,1.14451,1.14422,1.14434,1568
2026-07-16 23:00:00+00:00,1.14433,1.14465,1.14428,1.14452,1494
2026-07-17 00:00:00+00:00,1.14452,1.14469,1.14414,1.14469,5078
2026-07-17 01:00:00+00:00,1.14469,1.14481,1.14375,1.14392,3539
2026-07-17 02:00:00+00:00,1.14393,1.14416,1.14367,1.14369,2396
2026-07-17 03:00:00+00:00,1.1437,1.14403,1.14359,1.14394,2520
2026-07-17 04:00:00+00:00,1.14395,1.14395,1.14347,1.14362,1803
2026-07-17 05:00:00+00:00,1.14363,1.14436,1.14357,1.14398,3693
2026-07-17 06:00:00+00:00,1.14398,1.14523,1.14395,1.14499,7997
2026-07-17 07:00:00+00:00,1.145,1.14523,1.14443,1.14448,5552
2026-07-17 08:00:00+00:00,1.14449,1.1448,1.14358,1.14413,7811
2026-07-17 09:00:00+00:00,1.14413,1.14425,1.14364,1.14405,5805
2026-07-17 10:00:00+00:00,1.14404,1.14405,1.14262,1.14268,6161
2026-07-17 11:00:00+00:00,1.14267,1.14361,1.14246,1.14302,6594
2026-07-17 12:00:00+00:00,1.14302,1.14354,1.14249,1.14292,6617
2026-07-17 13:00:00+00:00,1.14293,1.14371,1.14245,1.14361,12268
2026-07-17 14:00:00+00:00,1.14361,1.14442,1.1433,1.14398,10962
2026-07-17 15:00:00+00:00,1.14398,1.14445,1.14372,1.14401,6898
2026-07-17 16:00:00+00:00,1.14401,1.14417,1.14341,1.14383,5866
2026-07-17 17:00:00+00:00,1.14384,1.14389,1.14334,1.14344,4130
2026-07-17 18:00:00+00:00,1.14344,1.14376,1.14337,1.14354,2729
2026-07-17 19:00:00+00:00,1.14353,1.14415,1.14338,1.1441,3258
2026-07-17 20:00:00+00:00,1.1441,1.14435,1.14363,1.14435,2603
2026-07-19 21:00:00+00:00,1.14268,1.14322,1.14268,1.14297,382
2026-07-19 22:00:00+00:00,1.14295,1.14315,1.14248,1.14265,7067
2026-07-19 23:00:00+00:00,1.14265,1.14277,1.14237,1.14275,3516
2026-07-20 00:00:00+00:00,1.14276,1.14336,1.14265,1.14334,4843
2026-07-20 01:00:00+00:00,1.14335,1.14365,1.14313,1.14361,6129
2026-07-20 02:00:00+00:00,1.14362,1.1443,1.14347,1.1441,3894
2026-07-20 03:00:00+00:00,1.14411,1.14427,1.14398,1.1442,1595
2026-07-20 04:00:00+00:00,1.14421,1.14452,1.14414,1.14445,1496
2026-07-20 05:00:00+00:00,1.14446,1.1445,1.14401,1.14401,2475
2026-07-20 06:00:00+00:00,1.14402,1.14422,1.14342,1.14352,6848
2026-07-20 07:00:00+00:00,1.14353,1.14497,1.14343,1.14442,10316
2026-07-20 08:00:00+00:00,1.14442,1.14457,1.14374,1.1439,5405
2026-07-20 09:00:00+00:00,1.14389,1.14397,1.14274,1.14301,4141
2026-07-20 10:00:00+00:00,1.14302,1.14364,1.14284,1.14312,4273
2026-07-20 11:00:00+00:00,1.14312,1.14406,1.14281,1.14294,10407
2026-07-20 12:00:00+00:00,1.14295,1.14303,1.1417,1.14238,10455
2026-07-20 13:00:00+00:00,1.14239,1.14248,1.14144,1.14152,7944
2026-07-20 14:00:00+00:00,1.14152,1.14178,1.14025,1.14066,9449
2026-07-20 15:00:00+00:00,1.14067,1.14125,1.14048,1.14113,7699
2026-07-20 16:00:00+00:00,1.14114,1.14172,1.14073,1.14116,6016
2026-07-20 17:00:00+00:00,1.14117,1.14155,1.14113,1.1414,4359
2026-07-20 18:00:00+00:00,1.14141,1.1419,1.14132,1.14154,3870
2026-07-20 19:00:00+00:00,1.14155,1.14183,1.14134,1.14158,4087
2026-07-20 20:00:00+00:00,1.14157,1.1417,1.14128,1.14157,2202
2026-07-20 21:00:00+00:00,1.14145,1.14172,1.14106,1.14119,1273
2026-07-20 22:00:00+00:00,1.14118,1.14138,1.14102,1.14132,2750
2026-07-20 23:00:00+00:00,1.14133,1.14161,1.14126,1.14159,1053
2026-07-21 00:00:00+00:00,1.14159,1.14184,1.14115,1.14133,3220
2026-07-21 01:00:00+00:00,1.14132,1.14167,1.14123,1.14147,3341
2026-07-21 02:00:00+00:00,1.14147,1.14163,1.14106,1.14112,1863
2026-07-21 03:00:00+00:00,1.14112,1.14155,1.1409,1.14125,2198
2026-07-21 04:00:00+00:00,1.14124,1.14182,1.14122,1.1418,1599
2026-07-21 05:00:00+00:00,1.14179,1.14219,1.14158,1.14179,2359
2026-07-21 06:00:00+00:00,1.14178,1.1424,1.14173,1.14213,4523
2026-07-21 07:00:00+00:00,1.14214,1.14277,1.14206,1.1423,6637
2026-07-21 08:00:00+00:00,1.1423,1.14264,1.14183,1.1421,5049
2026-07-21 09:00:00+00:00,1.14211,1.14289,1.14203,1.14225,4641
2026-07-21 10:00:00+00:00,1.14224,1.14286,1.14201,1.14203,5250
2026-07-21 11:00:00+00:00,1.14202,1.14231,1.14166,1.14192,4653
2026-07-21 12:00:00+00:00,1.14191,1.14206,1.14133,1.14173,6190
2026-07-21 13:00:00+00:00,1.14174,1.14182,1.14056,1.14114,9025
2026-07-21 14:00:00+00:00,1.14114,1.14197,1.14027,1.14059,9549
2026-07-21 15:00:00+00:00,1.14058,1.14118,1.14028,1.14074,6929
2026-07-21 16:00:00+00:00,1.14075,1.14109,1.1407,1.14082,3089
2026-07-21 17:00:00+00:00,1.14082,1.14105,1.14065,1.14069,2306
2026-07-21 18:00:00+00:00,1.14068,1.14071,1.13986,1.14031,4758
2026-07-21 19:00:00+00:00,1.14031,1.14042,1.14003,1.14017,3460
2026-07-21 20:00:00+00:00,1.14016,1.14031,1.13973,1.13987,2121
2026-07-21 21:00:00+00:00,1.13988,1.14028,1.13983,1.14011,453
2026-07-21 22:00:00+00:00,1.14011,1.14011,1.1399,1.13994,2122
2026-07-21 23:00:00+00:00,1.13993,1.14025,1.13982,1.14024,1002
2026-07-22 00:00:00+00:00,1.14023,1.14072,1.14012,1.1404,4560
2026-07-22 01:00:00+00:00,1.14041,1.14068,1.13986,1.1403,3382
2026-07-22 02:00:00+00:00,1.1403,1.14101,1.14012,1.14057,3280
2026-07-22 03:00:00+00:00,1.14056,1.14081,1.14044,1.14075,2789
2026-07-22 04:00:00+00:00,1.14074,1.14086,1.1405,1.14084,1692
2026-07-22 05:00:00+00:00,1.14085,1.14097,1.14055,1.14095,2234
2026-07-22 06:00:00+00:00,1.14095,1.14139,1.14071,1.1412,5759
2026-07-22 07:00:00+00:00,1.1412,1.14184,1.14035,1.14094,7889
2026-07-22 08:00:00+00:00,1.14094,1.14125,1.14039,1.14101,5604
2026-07-22 09:00:00+00:00,1.141,1.14135,1.14043,1.14049,5183
2026-07-22 10:00:00+00:00,1.1405,1.14077,1.14004,1.14037,5263
2026-07-22 11:00:00+00:00,1.14036,1.14074,1.14025,1.14069,5705
2026-07-22 12:00:00+00:00,1.1407,1.14138,1.14037,1.14079,7158
2026-07-22 13:00:00+00:00,1.14079,1.14217,1.14074,1.14135,9081
2026-07-22 14:00:00+00:00,1.14136,1.14185,1.14079,1.14093,9304
2026-07-22 15:00:00+00:00,1.14093,1.14142,1.14076,1.14138,5231
2026-07-22 16:00:00+00:00,1.14137,1.14141,1.14062,1.14093,4906
2026-07-22 17:00:00+00:00,1.14092,1.14128,1.14081,1.14101,2794
2026-07-22 18:00:00+00:00,1.14101,1.14114,1.1408,1.1411,2637
2026-07-22 19:00:00+00:00,1.14111,1.14123,1.14094,1.14114,1556
2026-07-22 20:00:00+00:00,1.14114,1.14129,1.14107,1.14117,2591
2026-07-22 21:00:00+00:00,1.14094,1.14096,1.1407,1.14095,952
2026-07-22 22:00:00+00:00,1.14095,1.141,1.14061,1.14082,2288
2026-07-22 23:00:00+00:00,1.14082,1.14118,1.14082,1.14116,922
2026-07-23 00:00:00+00:00,1.14117,1.14177,1.14105,1.14173,3074
2026-07-23 01:00:00+00:00,1.14174,1.14204,1.14161,1.14163,5679
2026-07-23 02:00:00+00:00,1.14163,1.14283,1.14162,1.14276,3938
2026-07-23 03:00:00+00:00,1.14277,1.14306,1.14233,1.14292,3061
2026-07-23 04:00:00+00:00,1.14292,1.14358,1.14283,1.14326,4584
2026-07-23 05:00:00+00:00,1.14325,1.14351,1.14286,1.14299,3722
2026-07-23 06:00:00+00:00,1.143,1.14331,1.14238,1.14255,5362
2026-07-23 07:00:00+00:00,1.14256,1.14276,1.14196,1.14245,7379
2026-07-23 08:00:00+00:00,1.14246,1.14252,1.1407,1.14107,7696
2026-07-23 09:00:00+00:00,1.14106,1.14153,1.14097,1.14131,5953
2026-07-23 10:00:00+00:00,1.1413,1.14134,1.14032,1.14045,5442
2026-07-23 11:00:00+00:00,1.14044,1.14067,1.13833,1.13948,11928
2026-07-23 12:00:00+00:00,1.13947,1.1396,1.13755,1.13852,13642
2026-07-23 13:00:00+00:00,1.13851,1.13864,1.13679,1.13725,17676
2026-07-23 14:00:00+00:00,1.13726,1.13761,1.13639,1.13715,14643
2026-07-23 15:00:00+00:00,1.13716,1.13762,1.13659,1.13728,12471
2026-07-23 16:00:00+00:00,1.13728,1.13804,1.13726,1.13801,7817
2026-07-23 17:00:00+00:00,1.13801,1.1381,1.13713,1.13715,4119
2026-07-23 18:00:00+00:00,1.13714,1.13765,1.13712,1.13762,3076
2026-07-23 19:00:00+00:00,1.13762,1.138,1.13739,1.13775,3612
2026-07-23 20:00:00+00:00,1.13776,1.138,1.13765,1.13768,2941
2026-07-23 21:00:00+00:00,1.13754,1.13804,1.1375,1.13769,778
2026-07-23 22:00:00+00:00,1.13765,1.13799,1.13765,1.13796,1227
2026-07-23 23:00:00+00:00,1.13797,1.13799,1.13758,1.13765,1299
2026-07-24 00:00:00+00:00,1.13765,1.13843,1.13752,1.13843,5005
2026-07-24 01:00:00+00:00,1.13844,1.13874,1.13819,1.1384,3834
2026-07-24 02:00:00+00:00,1.13841,1.13878,1.13809,1.13809,2787
2026-07-24 03:00:00+00:00,1.13809,1.13826,1.13779,1.13824,2899
2026-07-24 04:00:00+00:00,1.13824,1.1384,1.13768,1.13792,2228
2026-07-24 05:00:00+00:00,1.13792,1.13835,1.13765,1.1378,3377
2026-07-24 06:00:00+00:00,1.13779,1.1387,1.13774,1.13869,5991
2026-07-24 07:00:00+00:00,1.1387,1.14012,1.13864,1.139,8292
2026-07-24 08:00:00+00:00,1.13899,1.13906,1.13814,1.13836,6225
2026-07-24 09:00:00+00:00,1.13835,1.13893,1.13826,1.13892,5356
2026-07-24 10:00:00+00:00,1.13892,1.1393,1.1381,1.13831,4341
2026-07-24 11:00:00+00:00,1.1383,1.13882,1.13712,1.13747,6792
2026-07-24 12:00:00+00:00,1.13748,1.13783,1.13674,1.13698,8780
2026-07-24 13:00:00+00:00,1.13698,1.13769,1.13649,1.13767,10526
2026-07-24 14:00:00+00:00,1.13768,1.1381,1.13705,1.13783,9468
2026-07-24 15:00:00+00:00,1.13783,1.13908,1.13771,1.13847,10513
2026-07-24 16:00:00+00:00,1.13846,1.13865,1.13778,1.13778,4334
2026-07-24 17:00:00+00:00,1.13777,1.1378,1.13677,1.13696,4264
2026-07-24 18:00:00+00:00,1.13696,1.13713,1.13675,1.13699,3065
2026-07-24 19:00:00+00:00,1.137,1.13723,1.13681,1.13701,2917
2026-07-24 20:00:00+00:00,1.13702,1.13742,1.13656,1.13656,4198
2026-07-26 21:00:00+00:00,1.13955,1.1397,1.13892,1.13909,1207
2026-07-26 22:00:00+00:00,1.1391,1.14001,1.13882,1.13893,4506
2026-07-26 23:00:00+00:00,1.13894,1.13953,1.13884,1.13947,3386
2026-07-27 00:00:00+00:00,1.13948,1.14131,1.13948,1.14017,9440
2026-07-27 01:00:00+00:00,1.14018,1.14144,1.14018,1.14144,4723
2026-07-27 02:00:00+00:00,1.14144,1.14144,1.14056,1.14056,3160
2026-07-27 03:00:00+00:00,1.14055,1.14072,1.14013,1.14036,2697
2026-07-27 04:00:00+00:00,1.14037,1.14052,1.14021,1.14036,1511
2026-07-27 05:00:00+00:00,1.14037,1.14079,1.14026,1.14063,1977
2026-07-27 06:00:00+00:00,1.14062,1.14185,1.14057,1.14082,6977
2026-07-27 07:00:00+00:00,1.14082,1.14101,1.13961,1.13965,8837
2026-07-27 08:00:00+00:00,1.13964,1.14034,1.13947,1.14023,5344
2026-07-27 09:00:00+00:00,1.14022,1.14034,1.13946,1.13964,4498
2026-07-27 10:00:00+00:00,1.13964,1.14015,1.13935,1.13953,5071
2026-07-27 11:00:00+00:00,1.13954,1.1396,1.13852,1.13866,5613
2026-07-27 12:00:00+00:00,1.13867,1.13904,1.13764,1.13834,6543
2026-07-27 13:00:00+00:00,1.13833,1.13867,1.13724,1.13742,11140
2026-07-27 14:00:00+00:00,1.13743,1.13769,1.1369,1.13724,8837
2026-07-27 15:00:00+00:00,1.13723,1.13783,1.13685,1.13751,7052
2026-07-27 16:00:00+00:00,1.1375,1.13852,1.13737,1.13798,5547
2026-07-27 17:00:00+00:00,1.13798,1.13798,1.13688,1.13723,5053
2026-07-27 18:00:00+00:00,1.13723,1.13737,1.13674,1.13685,4511
2026-07-27 19:00:00+00:00,1.13686,1.13734,1.13674,1.137,4724
2026-07-27 20:00:00+00:00,1.13699,1.13723,1.1367,1.13688,1716
2026-07-27 21:00:00+00:00,1.1369,1.13745,1.13687,1.13726,8231
2026-07-27 22:00:00+00:00,1.13726,1.1373,1.13689,1.13693,2036
2026-07-27 23:00:00+00:00,1.13694,1.13705,1.13678,1.13692,1615
2026-07-28 00:00:00+00:00,1.13693,1.13746,1.13668,1.13744,2859
2026-07-28 01:00:00+00:00,1.13745,1.13773,1.13706,1.13732,3516
2026-07-28 02:00:00+00:00,1.13733,1.13788,1.13712,1.13772,2377
2026-07-28 03:00:00+00:00,1.13771,1.13803,1.13739,1.13746,3275
2026-07-28 04:00:00+00:00,1.13746,1.13746,1.13681,1.13686,2227
2026-07-28 05:00:00+00:00,1.13687,1.13689,1.13618,1.1366,4141
2026-07-28 06:00:00+00:00,1.13661,1.1373,1.1365,1.13687,6287
2026-07-28 07:00:00+00:00,1.13688,1.13736,1.13633,1.1365,5160
2026-07-28 08:00:00+00:00,1.13649,1.13728,1.13648,1.13727,4383
2026-07-28 09:00:00+00:00,1.13726,1.13732,1.1356,1.13565,3512
2026-07-28 10:00:00+00:00,1.13564,1.13631,1.13535,1.13608,5061
2026-07-28 11:00:00+00:00,1.13609,1.13679,1.13568,1.13654,5899
2026-07-28 12:00:00+00:00,1.13653,1.13686,1.13609,1.13659,4965
2026-07-28 13:00:00+00:00,1.1366,1.13742,1.1366,1.13725,7310
2026-07-28 14:00:00+00:00,1.13725,1.13866,1.1371,1.13858,9894
2026-07-28 15:00:00+00:00,1.13858,1.14022,1.1384,1.14005,14856
2026-07-28 16:00:00+00:00,1.14005,1.14053,1.13958,1.1396,6126
2026-07-28 17:00:00+00:00,1.13961,1.1398,1.13884,1.13892,4237
2026-07-28 18:00:00+00:00,1.13893,1.13916,1.13863,1.13868,3040
2026-07-28 19:00:00+00:00,1.13868,1.1392,1.13863,1.13874,2426
2026-07-28 20:00:00+00:00,1.13874,1.13893,1.13856,1.13875,2485
2026-07-28 21:00:00+00:00,1.13909,1.13932,1.139,1.13908,726
2026-07-28 22:00:00+00:00,1.13907,1.1391,1.13842,1.13852,2915
2026-07-28 23:00:00+00:00,1.13852,1.13865,1.13822,1.13861,1731
2026-07-29 00:00:00+00:00,1.13862,1.13915,1.13829,1.1391,3357
2026-07-29 01:00:00+00:00,1.13911,1.13926,1.13854,1.13916,4792
2026-07-29 02:00:00+00:00,1.13914,1.1396,1.13904,1.13949,3069
2026-07-29 03:00:00+00:00,1.13948,1.14008,1.13945,1.13971,2226
2026-07-29 04:00:00+00:00,1.1397,1.14038,1.13963,1.14012,3371
2026-07-29 05:00:00+00:00,1.14012,1.14031,1.13977,1.13983,2978
2026-07-29 06:00:00+00:00,1.13983,1.14009,1.13901,1.13921,4916
2026-07-29 07:00:00+00:00,1.1392,1.14011,1.13903,1.13979,5044
2026-07-29 08:00:00+00:00,1.1398,1.14006,1.13933,1.13965,4368
2026-07-29 09:00:00+00:00,1.13964,1.13971,1.13918,1.13919,3649
2026-07-29 10:00:00+00:00,1.13918,1.1393,1.13834,1.13854,4908
2026-07-29 11:00:00+00:00,1.13855,1.13885,1.13803,1.13821,3795
2026-07-29 12:00:00+00:00,1.13822,1.1383,1.13746,1.13783,7147
2026-07-29 13:00:00+00:00,1.13782,1.13925,1.13767,1.13919,7990
2026-07-29 14:00:00+00:00,1.1392,1.13971,1.13808,1.13809,9184
2026-07-29 15:00:00+00:00,1.13808,1.13856,1.13779,1.13829,7052
2026-07-29 16:00:00+00:00,1.1383,1.1386,1.13769,1.13852,4457
2026-07-29 17:00:00+00:00,1.13851,1.14,1.13846,1.13962,6477
2026-07-29 18:00:00+00:00,1.13958,1.14525,1.13868,1.1452,65520
2026-07-29 19:00:00+00:00,1.1452,1.14667,1.14398,1.14478,41336
2026-07-29 20:00:00+00:00,1.14479,1.14711,1.14469,1.14666,10094
2026-07-29 21:00:00+00:00,1.14619,1.1465,1.14568,1.14627,5059
2026-07-29 22:00:00+00:00,1.14627,1.14714,1.14611,1.14713,3478
2026-07-29 23:00:00+00:00,1.14714,1.1475,1.14644,1.14669,2608
2026-07-30 00:00:00+00:00,1.14669,1.14681,1.14559,1.1458,5459
2026-07-30 01:00:00+00:00,1.14581,1.14611,1.14524,1.14533,3826
2026-07-30 02:00:00+00:00,1.14532,1.14553,1.14513,1.14529,2564
2026-07-30 03:00:00+00:00,1.14528,1.14544,1.14478,1.14497,2407
2026-07-30 04:00:00+00:00,1.14498,1.14541,1.14491,1.1451,1639
2026-07-30 05:00:00+00:00,1.1451,1.14568,1.14491,1.14501,3215
2026-07-30 06:00:00+00:00,1.14501,1.14514,1.14433,1.14469,6173
2026-07-30 07:00:00+00:00,1.14471,1.14513,1.14344,1.14377,8503
2026-07-30 08:00:00+00:00,1.14377,1.14556,1.14371,1.14484,8731
2026-07-30 09:00:00+00:00,1.14483,1.14677,1.14481,1.14648,5726
2026-07-30 10:00:00+00:00,1.14648,1.14844,1.14614,1.14729,12906
2026-07-30 11:00:00+00:00,1.14729,1.14781,1.14651,1.1476,6090
2026-07-30 12:00:00+00:00,1.1476,1.14835,1.14695,1.14725,13350
2026-07-30 13:00:00+00:00,1.14726,1.15241,1.14695,1.15239,40090
2026-07-30 14:00:00+00:00,1.1524,1.15371,1.15025,1.1503,58088
2026-07-30 15:00:00+00:00,1.15029,1.1525,1.14986,1.15212,14583
2026-07-30 16:00:00+00:00,1.15212,1.15306,1.15211,1.15286,8719
2026-07-30 17:00:00+00:00,1.15287,1.1531,1.15139,1.15297,13363
2026-07-30 18:00:00+00:00,1.15298,1.15356,1.15275,1.15355,6366
2026-07-30 19:00:00+00:00,1.15355,1.15357,1.15278,1.15311,4566
2026-07-30 20:00:00+00:00,1.15312,1.15328,1.15264,1.15276,3210
2026-07-30 21:00:00+00:00,1.15274,1.15287,1.15244,1.15254,606
2026-07-30 22:00:00+00:00,1.15253,1.15313,1.15252,1.15287,4438
2026-07-30 23:00:00+00:00,1.15287,1.15309,1.15223,1.15231,3238
2026-07-31 00:00:00+00:00,1.15232,1.15265,1.15155,1.1518,8045
2026-07-31 01:00:00+00:00,1.15181,1.15215,1.15099,1.151,7594
2026-07-31 02:00:00+00:00,1.15101,1.15165,1.15101,1.15121,4037
2026-07-31 03:00:00+00:00,1.1512,1.15137,1.15064,1.15134,5255
2026-07-31 04:00:00+00:00,1.15134,1.15143,1.15044,1.15084,3256
2026-07-31 05:00:00+00:00,1.15084,1.15097,1.15047,1.15064,5750
2026-07-31 06:00:00+00:00,1.15065,1.15224,1.15054,1.15172,10795
2026-07-31 07:00:00+00:00,1.15171,1.1525,1.15117,1.15144,9054
2026-07-31 08:00:00+00:00,1.15145,1.15263,1.15045,1.15217,12589
2026-07-31 09:00:00+00:00,1.15217,1.15251,1.15033,1.15054,17297
2026-07-31 10:00:00+00:00,1.15054,1.15082,1.15011,1.15019,6431
2026-07-31 11:00:00+00:00,1.15018,1.15021,1.14846,1.14852,8662
2026-07-31 12:00:00+00:00,1.14852,1.1491,1.14815,1.14883,8534
2026-07-31 13:00:00+00:00,1.14882,1.15039,1.14551,1.14668,36988
2026-07-31 14:00:00+00:00,1.14669,1.15065,1.14625,1.15047,30682
2026-07-31 15:00:00+00:00,1.15047,1.15189,1.14972,1.15182,19080
2026-07-31 16:00:00+00:00,1.15182,1.15193,1.15125,1.15172,8631
2026-07-31 17:00:00+00:00,1.15173,1.15376,1.1517,1.15335,18177
2026-07-31 18:00:00+00:00,1.15334,1.15364,1.15243,1.15308,8832
2026-07-31 19:00:00+00:00,1.15309,1.15362,1.15271,1.15313,7403
2026-07-31 20:00:00+00:00,1.15313,1.15476,1.15225,1.15236,29010
2026-08-02 21:00:00+00:00,1.1549,1.15512,1.15453,1.15498,1627
2026-08-02 22:00:00+00:00,1.15499,1.1559,1.15466,1.15485,10301
2026-08-02 23:00:00+00:00,1.15484,1.15513,1.15421,1.15438,5760
2026-08-03 00:00:00+00:00,1.15437,1.15562,1.1535,1.15426,23602
2026-08-03 01:00:00+00:00,1.15425,1.1546,1.15301,1.15323,13074
2026-08-03 02:00:00+00:00,1.15322,1.15355,1.15285,1.15311,4683
2026-08-03 03:00:00+00:00,1.1531,1.15312,1.15269,1.15299,3620
2026-08-03 04:00:00+00:00,1.153,1.15361,1.15291,1.15343,3067
2026-08-03 05:00:00+00:00,1.15343,1.15376,1.15317,1.15371,3578
2026-08-03 06:00:00+00:00,1.15372,1.15389,1.15237,1.1527,8370
2026-08-03 07:00:00+00:00,1.1527,1.15323,1.15206,1.15262,9486
2026-08-03 08:00:00+00:00,1.15263,1.15278,1.1521,1.15228,5897
2026-08-03 09:00:00+00:00,1.15227,1.15305,1.15199,1.15222,6094
2026-08-03 10:00:00+00:00,1.15222,1.15248,1.15168,1.15221,5920
2026-08-03 11:00:00+00:00,1.15222,1.15327,1.15208,1.15326,5097
2026-08-03 12:00:00+00:00,1.15325,1.15352,1.15227,1.15281,6853
2026-08-03 13:00:00+00:00,1.15281,1.15351,1.15218,1.15276,11967
2026-08-03 14:00:00+00:00,1.15275,1.15276,1.15103,1.15141,14877
2026-08-03 15:00:00+00:00,1.1514,1.15143,1.15004,1.15096,10575
2026-08-03 16:00:00+00:00,1.15097,1.15105,1.15044,1.15069,5515
2026-08-03 17:00:00+00:00,1.15068,1.15069,1.15014,1.15021,3435
2026-08-03 18:00:00+00:00,1.15022,1.15148,1.15016,1.15137,3266
2026-08-03 19:00:00+00:00,1.15136,1.15148,1.15095,1.15104,3088
2026-08-03 20:00:00+00:00,1.15103,1.15109,1.15063,1.15088,2914
2026-08-03 21:00:00+00:00,1.15117,1.15123,1.15066,1.15117,3343
2026-08-03 22:00:00+00:00,1.15119,1.15119,1.15069,1.15089,1277
2026-08-03 23:00:00+00:00,1.1509,1.15104,1.15064,1.1507,1645
2026-08-04 00:00:00+00:00,1.15071,1.15151,1.15049,1.15056,5483
2026-08-04 01:00:00+00:00,1.15056,1.15147,1.15022,1.15124,5122
2026-08-04 02:00:00+00:00,1.15123,1.15139,1.15078,1.15081,4569
2026-08-04 03:00:00+00:00,1.1508,1.15142,1.15075,1.15081,3797
2026-08-04 04:00:00+00:00,1.1508,1.15111,1.15059,1.15104,1983
2026-08-04 05:00:00+00:00,1.15104,1.15105,1.15039,1.15074,2602
2026-08-04 06:00:00+00:00,1.15074,1.15106,1.15039,1.15075,6116
2026-08-04 07:00:00+00:00,1.15075,1.15172,1.15064,1.15109,5998
2026-08-04 08:00:00+00:00,1.1511,1.15145,1.15063,1.1508,5701
2026-08-04 09:00:00+00:00,1.1508,1.15113,1.15034,1.15081,4612
2026-08-04 10:00:00+00:00,1.15082,1.1519,1.15076,1.15139,6612
2026-08-04 11:00:00+00:00,1.1514,1.15235,1.15116,1.15163,8710
2026-08-04 12:00:00+00:00,1.15164,1.15234,1.15134,1.15149,6787
2026-08-04 13:00:00+00:00,1.15148,1.15262,1.15094,1.15237,12264
2026-08-04 14:00:00+00:00,1.15239,1.1531,1.15189,1.15231,9321
2026-08-04 15:00:00+00:00,1.15231,1.15266,1.15135,1.15263,7063
2026-08-04 16:00:00+00:00,1.15264,1.15267,1.15165,1.15187,3629
2026-08-04 17:00:00+00:00,1.15186,1.15265,1.15186,1.15242,2870
2026-08-04 18:00:00+00:00,1.15243,1.15339,1.15228,1.15329,3342
2026-08-04 19:00:00+00:00,1.1533,1.15336,1.15296,1.15308,2862
2026-08-04 20:00:00+00:00,1.15307,1.15342,1.15307,1.15315,2623
2026-08-04 21:00:00+00:00,1.15285,1.1532,1.15283,1.15297,1097
2026-08-04 22:00:00+00:00,1.15298,1.1533,1.15296,1.15328,2154
2026-08-04 23:00:00+00:00,1.15328,1.15333,1.153,1.15321,2479
2026-08-05 00:00:00+00:00,1.15322,1.15356,1.15298,1.15314,3353
2026-08-05 01:00:00+00:00,1.15315,1.15318,1.15269,1.15271,4415
2026-08-05 02:00:00+00:00,1.15272,1.15407,1.15268,1.15349,5904
2026-08-05 03:00:00+00:00,1.1535,1.15405,1.15347,1.15374,2637
2026-08-05 04:00:00+00:00,1.15373,1.15404,1.15346,1.15362,3291
2026-08-05 05:00:00+00:00,1.15362,1.15381,1.15318,1.15357,2710
2026-08-05 06:00:00+00:00,1.15358,1.15459,1.15324,1.15449,7389
2026-08-05 07:00:00+00:00,1.15448,1.15468,1.1534,1.15381,7839
2026-08-05 08:00:00+00:00,1.1538,1.15446,1.15312,1.15358,7285
2026-08-05 09:00:00+00:00,1.15358,1.15427,1.15336,1.15399,7539
2026-08-05 10:00:00+00:00,1.15398,1.1541,1.15351,1.15396,5148
2026-08-05 11:00:00+00:00,1.15398,1.15552,1.15398,1.15528,8636
2026-08-05 12:00:00+00:00,1.15528,1.15571,1.15449,1.15457,9451
2026-08-05 13:00:00+00:00,1.15457,1.1554,1.15402,1.15438,14550
2026-08-05 14:00:00+00:00,1.15437,1.1557,1.15422,1.15535,13237
2026-08-05 15:00:00+00:00,1.15536,1.15567,1.15428,1.15461,10896
2026-08-05 16:00:00+00:00,1.1546,1.15493,1.15428,1.15459,5956
2026-08-05 17:00:00+00:00,1.1546,1.15574,1.15428,1.15563,3724
2026-08-05 18:00:00+00:00,1.15563,1.15595,1.15532,1.15538,4667
2026-08-05 19:00:00+00:00,1.15539,1.15549,1.15476,1.15509,3056
2026-08-05 20:00:00+00:00,1.1551,1.15542,1.15493,1.15535,2331
2026-08-05 21:00:00+00:00,1.15548,1.1557,1.15522,1.15543,3338
2026-08-05 22:00:00+00:00,1.15545,1.15552,1.15508,1.15549,3646
2026-08-05 23:00:00+00:00,1.15549,1.15578,1.15542,1.1557,1306
2026-08-06 00:00:00+00:00,1.15572,1.15597,1.15547,1.15564,3848
2026-08-06 01:00:00+00:00,1.15565,1.15576,1.15536,1.1555,5249
2026-08-06 02:00:00+00:00,1.15551,1.1558,1.15527,1.15539,3017
2026-08-06 03:00:00+00:00,1.15538,1.1554,1.1547,1.15488,2574
2026-08-06 04:00:00+00:00,1.15487,1.15497,1.15471,1.15492,1695
2026-08-06 05:00:00+00:00,1.15492,1.15507,1.15446,1.15495,1940
2026-08-06 06:00:00+00:00,1.15494,1.15518,1.15431,1.15448,5010
2026-08-06 07:00:00+00:00,1.15448,1.15467,1.15412,1.15442,6307
2026-08-06 08:00:00+00:00,1.15443,1.15454,1.1539,1.15433,5033
2026-08-06 09:00:00+00:00,1.15433,1.1544,1.15365,1.15385,3761
2026-08-06 10:00:00+00:00,1.15384,1.15429,1.15365,1.15411,3866
2026-08-06 11:00:00+00:00,1.15412,1.1547,1.15377,1.15452,4794
2026-08-06 12:00:00+00:00,1.15453,1.15456,1.1537,1.15386,6521
2026-08-06 13:00:00+00:00,1.15386,1.15452,1.15357,1.15429,6318
2026-08-06 14:00:00+00:00,1.1543,1.15442,1.15306,1.15352,8965
2026-08-06 15:00:00+00:00,1.15353,1.15359,1.15191,1.15208,10129
2026-08-06 16:00:00+00:00,1.15209,1.15229,1.15147,1.15207,5689
2026-08-06 17:00:00+00:00,1.15208,1.1523,1.15175,1.15229,3767
2026-08-06 18:00:00+00:00,1.15229,1.15248,1.15217,1.15238,1952
2026-08-06 19:00:00+00:00,1.15239,1.15258,1.15172,1.15233,5152
2026-08-06 20:00:00+00:00,1.15231,1.1525,1.15188,1.1525,2562
2026-08-06 21:00:00+00:00,1.15238,1.15238,1.15199,1.15207,1006
2026-08-06 22:00:00+00:00,1.15209,1.1523,1.15205,1.15219,2157
2026-08-06 23:00:00+00:00,1.1522,1.15244,1.15219,1.15241,1123
2026-08-07 00:00:00+00:00,1.1524,1.15242,1.15182,1.15192,3599
2026-08-07 01:00:00+00:00,1.15193,1.15258,1.15185,1.15216,3720
2026-08-07 02:00:00+00:00,1.15216,1.15236,1.15207,1.15216,1938
2026-08-07 03:00:00+00:00,1.15216,1.15233,1.15198,1.15233,1694
2026-08-07 04:00:00+00:00,1.15232,1.15244,1.15217,1.15236,2178
2026-08-07 05:00:00+00:00,1.15236,1.15255,1.15208,1.15224,2443
2026-08-07 06:00:00+00:00,1.15223,1.15251,1.1521,1.15222,3837
2026-08-07 07:00:00+00:00,1.15221,1.15244,1.15179,1.15225,4786
2026-08-07 08:00:00+00:00,1.15225,1.15253,1.15181,1.15237,4308
2026-08-07 09:00:00+00:00,1.15236,1.15313,1.15232,1.15291,3757
2026-08-07 10:00:00+00:00,1.15289,1.15293,1.15258,1.15271,4103
2026-08-07 11:00:00+00:00,1.15271,1.15333,1.15264,1.15331,3650
2026-08-07 12:00:00+00:00,1.15331,1.1581,1.15266,1.15728,42181
2026-08-07 13:00:00+00:00,1.15729,1.15755,1.15566,1.15576,16548
2026-08-07 14:00:00+00:00,1.15576,1.15644,1.15505,1.15531,14711
2026-08-07 15:00:00+00:00,1.1553,1.15638,1.15502,1.15587,10236
2026-08-07 16:00:00+00:00,1.15586,1.15674,1.15575,1.1559,7388
2026-08-07 17:00:00+00:00,1.1559,1.15636,1.15576,1.15612,3574
2026-08-07 18:00:00+00:00,1.15613,1.15664,1.15589,1.15651,3870
2026-08-07 19:00:00+00:00,1.15652,1.15702,1.15609,1.15616,6703
2026-08-07 20:00:00+00:00,1.15616,1.15618,1.15556,1.15581,6535
2026-08-09 21:00:00+00:00,1.15656,1.15672,1.15607,1.15616,425
2026-08-09 22:00:00+00:00,1.15616,1.1562,1.15549,1.15555,3361
2026-08-09 23:00:00+00:00,1.15555,1.15583,1.15543,1.15555,2586
2026-08-10 00:00:00+00:00,1.15555,1.15592,1.1554,1.15582,4851
2026-08-10 01:00:00+00:00,1.15583,1.15591,1.1552,1.1554,6569
2026-08-10 02:00:00+00:00,1.1554,1.15552,1.1551,1.15516,2346
2026-08-10 03:00:00+00:00,1.15516,1.15529,1.15489,1.15491,2795
2026-08-10 04:00:00+00:00,1.15492,1.15526,1.15481,1.15515,1749
2026-08-10 05:00:00+00:00,1.15516,1.15564,1.15501,1.15548,2842
2026-08-10 06:00:00+00:00,1.15548,1.15577,1.15525,1.1555,4599
2026-08-10 07:00:00+00:00,1.1555,1.15657,1.15521,1.1561,6119
2026-08-10 08:00:00+00:00,1.15611,1.15658,1.15596,1.1561,4111
2026-08-10 09:00:00+00:00,1.15609,1.15638,1.15567,1.15569,4016
2026-08-10 10:00:00+00:00,1.15568,1.1558,1.15545,1.15554,4506
2026-08-10 11:00:00+00:00,1.15555,1.15565,1.15491,1.15524,3534
2026-08-10 12:00:00+00:00,1.15524,1.15552,1.15452,1.15471,6989
2026-08-10 13:00:00+00:00,1.15472,1.15538,1.15439,1.1545,8551
2026-08-10 14:00:00+00:00,1.15451,1.15558,1.15444,1.1552,8843
2026-08-10 15:00:00+00:00,1.15519,1.15535,1.15464,1.15518,6553
2026-08-10 16:00:00+00:00,1.15518,1.15543,1.15451,1.15471,5413
2026-08-10 17:00:00+00:00,1.1547,1.15477,1.15411,1.15429,3652
2026-08-10 18:00:00+00:00,1.15429,1.15449,1.15401,1.15422,3384
2026-08-10 19:00:00+00:00,1.15421,1.15432,1.15404,1.15416,2805
2026-08-10 20:00:00+00:00,1.15417,1.15441,1.15415,1.1544,1297
2026-08-10 21:00:00+00:00,1.15433,1.15442,1.15423,1.15431,497
2026-08-10 22:00:00+00:00,1.1543,1.15445,1.15424,1.15439,1980
2026-08-10 23:00:00+00:00,1.1544,1.15467,1.15423,1.15461,1406
2026-08-11 00:00:00+00:00,1.15462,1.15498,1.15453,1.15462,2915
2026-08-11 01:00:00+00:00,1.15462,1.15498,1.15431,1.15464,2905
2026-08-11 02:00:00+00:00,1.15463,1.15464,1.15387,1.15399,4989
2026-08-11 03:00:00+00:00,1.154,1.15452,1.15396,1.1543,1926
2026-08-11 04:00:00+00:00,1.15431,1.15454,1.15393,1.15429,3987
2026-08-11 05:00:00+00:00,1.1543,1.1543,1.15388,1.15411,3119
2026-08-11 06:00:00+00:00,1.15411,1.15435,1.15329,1.1537,5691
2026-08-11 07:00:00+00:00,1.15371,1.15402,1.15319,1.15321,6320
2026-08-11 08:00:00+00:00,1.1532,1.15388,1.15315,1.15363,4046
2026-08-11 09:00:00+00:00,1.15364,1.15375,1.15329,1.15372,3090
2026-08-11 10:00:00+00:00,1.15371,1.15386,1.15335,1.15366,4339
2026-08-11 11:00:00+00:00,1.15365,1.15437,1.15345,1.15365,8391
2026-08-11 12:00:00+00:00,1.15364,1.15442,1.15339,1.15415,6390
2026-08-11 13:00:00+00:00,1.15416,1.15486,1.15391,1.15442,5581
2026-08-11 14:00:00+00:00,1.15441,1.15442,1.15378,1.15427,5044
2026-08-11 15:00:00+00:00,1.15428,1.15448,1.15365,1.15431,4935
2026-08-11 16:00:00+00:00,1.15432,1.15438,1.15392,1.15396,3829
2026-08-11 17:00:00+00:00,1.15397,1.15403,1.15344,1.15381,2407
2026-08-11 18:00:00+00:00,1.15381,1.15423,1.15355,1.15405,2691
2026-08-11 19:00:00+00:00,1.15406,1.1543,1.154,1.1543,1821
2026-08-11 20:00:00+00:00,1.15429,1.15439,1.15394,1.15419,1471
2026-08-11 21:00:00+00:00,1.15411,1.15417,1.15394,1.15404,890
2026-08-11 22:00:00+00:00,1.15404,1.15435,1.15404,1.15435,1505
2026-08-11 23:00:00+00:00,1.15436,1.15437,1.15412,1.15436,802
2026-08-12 00:00:00+00:00,1.15437,1.15448,1.15397,1.15408,2254
2026-08-12 01:00:00+00:00,1.15408,1.1541,1.15367,1.15384,2620
2026-08-12 02:00:00+00:00,1.15382,1.15401,1.15352,1.15385,2466
2026-08-12 03:00:00+00:00,1.15384,1.15386,1.15351,1.15355,1404
2026-08-12 04:00:00+00:00,1.15355,1.15365,1.1533,1.15359,1027
2026-08-12 05:00:00+00:00,1.15358,1.15359,1.15323,1.15339,1958
2026-08-12 06:00:00+00:00,1.15338,1.15374,1.15333,1.15372,3368
2026-08-12 07:00:00+00:00,1.15372,1.15395,1.1536,1.15375,2837
2026-08-12 08:00:00+00:00,1.15375,1.15401,1.15347,1.15372,3396
2026-08-12 09:00:00+00:00,1.15373,1.15499,1.15348,1.15362,8103
2026-08-12 10:00:00+00:00,1.15361,1.15392,1.15325,1.1535,4714
2026-08-12 11:00:00+00:00,1.1535,1.15456,1.1534,1.15435,3929
2026-08-12 12:00:00+00:00,1.15436,1.15631,1.15327,1.15596,34043
2026-08-12 13:00:00+00:00,1.15597,1.15629,1.1546,1.15522,17270
2026-08-12 14:00:00+00:00,1.15523,1.15546,1.1539,1.15431,10317
2026-08-12 15:00:00+00:00,1.1543,1.1544,1.15352,1.15395,7248
2026-08-12 16:00:00+00:00,1.15395,1.15403,1.15246,1.15281,4538
2026-08-12 17:00:00+00:00,1.1528,1.15308,1.15214,1.15216,4348
2026-08-12 18:00:00+00:00,1.15215,1.1527,1.152,1.15211,2793
2026-08-12 19:00:00+00:00,1.15212,1.15247,1.152,1.15226,2629
2026-08-12 20:00:00+00:00,1.15226,1.15262,1.15216,1.15255,2082
2026-08-12 21:00:00+00:00,1.15246,1.15257,1.15224,1.15231,565
2026-08-12 22:00:00+00:00,1.15231,1.15269,1.15229,1.15268,1435
2026-08-12 23:00:00+00:00,1.15268,1.15281,1.15263,1.15279,790
2026-08-13 00:00:00+00:00,1.15279,1.15315,1.15267,1.1529,3323
2026-08-13 01:00:00+00:00,1.15289,1.15311,1.15236,1.15249,2959
2026-08-13 02:00:00+00:00,1.15248,1.15257,1.15198,1.15219,1490
2026-08-13 03:00:00+00:00,1.1522,1.15244,1.15201,1.15227,2753
2026-08-13 04:00:00+00:00,1.15226,1.1527,1.152,1.1526,2557
2026-08-13 05:00:00+00:00,1.15259,1.15272,1.15233,1.15251,2976
2026-08-13 06:00:00+00:00,1.15252,1.15262,1.15119,1.15182,5170
2026-08-13 07:00:00+00:00,1.15182,1.15278,1.1517,1.15258,4295
2026-08-13 08:00:00+00:00,1.15258,1.15287,1.15227,1.15241,3678
2026-08-13 09:00:00+00:00,1.15242,1.15349,1.15233,1.15345,3130
2026-08-13 10:00:00+00:00,1.15344,1.15386,1.15339,1.15359,2880
2026-08-13 11:00:00+00:00,1.15358,1.15388,1.15326,1.1534,4280
2026-08-13 12:00:00+00:00,1.15341,1.15445,1.15257,1.15439,12144
2026-08-13 13:00:00+00:00,1.15439,1.15454,1.15306,1.15344,10359
2026-08-13 14:00:00+00:00,1.15345,1.15456,1.15315,1.15439,11805
2026-08-13 15:00:00+00:00,1.1544,1.15457,1.15303,1.15307,7793
2026-08-13 16:00:00+00:00,1.15307,1.15329,1.15243,1.15296,4122
2026-08-13 17:00:00+00:00,1.15295,1.15317,1.15258,1.15279,3379
2026-08-13 18:00:00+00:00,1.1528,1.15324,1.15265,1.1529,3076
2026-08-13 19:00:00+00:00,1.1529,1.15316,1.15277,1.15289,3358
2026-08-13 20:00:00+00:00,1.15288,1.15301,1.15263,1.15281,1570
2026-08-13 21:00:00+00:00,1.1528,1.15317,1.15263,1.15285,533
2026-08-13 22:00:00+00:00,1.15283,1.15319,1.15283,1.15316,1162
2026-08-13 23:00:00+00:00,1.15316,1.15345,1.15316,1.1534,1022
2026-08-14 00:00:00+00:00,1.15339,1.15393,1.15336,1.15385,3428
2026-08-14 01:00:00+00:00,1.15384,1.15384,1.15321,1.15341,2578
2026-08-14 02:00:00+00:00,1.15341,1.15374,1.15337,1.15344,1774
2026-08-14 03:00:00+00:00,1.15344,1.15394,1.1534,1.15373,2317
2026-08-14 04:00:00+00:00,1.15372,1.15404,1.15369,1.15388,1346
2026-08-14 05:00:00+00:00,1.15388,1.15431,1.15383,1.15418,2934
2026-08-14 06:00:00+00:00,1.15418,1.15446,1.15389,1.15445,4247
2026-08-14 07:00:00+00:00,1.15446,1.15514,1.15432,1.1551,4142
2026-08-14 08:00:00+00:00,1.15509,1.15578,1.15504,1.15558,5116
2026-08-14 09:00:00+00:00,1.15558,1.1557,1.15511,1.15547,4283
2026-08-14 10:00:00+00:00,1.15547,1.15562,1.15522,1.15557,2768
2026-08-14 11:00:00+00:00,1.15558,1.15719,1.15557,1.15655,5671
2026-08-14 12:00:00+00:00,1.15656,1.15788,1.15627,1.15661,13295
2026-08-14 13:00:00+00:00,1.15662,1.15848,1.1562,1.15805,15292
2026-08-14 14:00:00+00:00,1.15805,1.15855,1.15771,1.15808,11345
2026-08-14 15:00:00+00:00,1.15807,1.15853,1.15771,1.15803,8831
2026-08-14 16:00:00+00:00,1.15802,1.1582,1.15702,1.15711,5208
2026-08-14 17:00:00+00:00,1.15712,1.15716,1.1563,1.15648,3773
2026-08-14 18:00:00+00:00,1.15649,1.1567,1.15632,1.15655,3322
2026-08-14 19:00:00+00:00,1.15656,1.15692,1.15644,1.15685,3492
2026-08-14 20:00:00+00:00,1.15685,1.15743,1.15671,1.15743,4397
2026-08-16 21:00:00+00:00,1.15662,1.15674,1.15647,1.15658,7622
2026-08-16 22:00:00+00:00,1.15665,1.15754,1.15658,1.15749,2430
2026-08-16 23:00:00+00:00,1.15749,1.15758,1.15726,1.15738,1226
2026-08-17 00:00:00+00:00,1.15738,1.1581,1.15738,1.15801,3828
2026-08-17 01:00:00+00:00,1.15802,1.15837,1.15782,1.15835,3202
2026-08-17 02:00:00+00:00,1.15835,1.15847,1.15791,1.15798,2251
2026-08-17 03:00:00+00:00,1.15798,1.15838,1.15786,1.15836,2360
2026-08-17 04:00:00+00:00,1.15836,1.15881,1.15828,1.15848,2237
2026-08-17 05:00:00+00:00,1.15849,1.15894,1.15828,1.15873,3488
2026-08-17 06:00:00+00:00,1.15874,1.15969,1.15836,1.15958,5572
2026-08-17 07:00:00+00:00,1.15957,1.1612,1.15928,1.16066,11695
2026-08-17 08:00:00+00:00,1.16066,1.16142,1.15955,1.1599,7865
2026-08-17 09:00:00+00:00,1.15989,1.16025,1.1596,1.1597,6695
2026-08-17 10:00:00+00:00,1.15969,1.15986,1.15896,1.15905,5475
2026-08-17 11:00:00+00:00,1.15906,1.15955,1.15877,1.15925,3097
2026-08-17 12:00:00+00:00,1.15924,1.15978,1.15872,1.15976,6483
2026-08-17 13:00:00+00:00,1.15977,1.15998,1.15877,1.15948,6649
2026-08-17 14:00:00+00:00,1.15949,1.15994,1.15861,1.15869,9012
2026-08-17 15:00:00+00:00,1.15868,1.15902,1.15818,1.15901,6411
2026-08-17 16:00:00+00:00,1.15902,1.15918,1.15852,1.15884,3098
2026-08-17 17:00:00+00:00,1.15883,1.15898,1.15761,1.15773,4601
2026-08-17 18:00:00+00:00,1.15774,1.15785,1.1571,1.15726,4169
2026-08-17 19:00:00+00:00,1.15727,1.15805,1.15722,1.1579,2617
2026-08-17 20:00:00+00:00,1.15789,1.15807,1.15773,1.15802,1657
2026-08-17 21:00:00+00:00,1.15847,1.15847,1.15778,1.15785,987
2026-08-17 22:00:00+00:00,1.15784,1.15803,1.15778,1.15789,1192
2026-08-17 23:00:00+00:00,1.15789,1.15837,1.15783,1.15828,988
2026-08-18 00:00:00+00:00,1.15828,1.1585,1.15778,1.15825,2558
2026-08-18 01:00:00+00:00,1.15826,1.15859,1.15789,1.15797,3843
2026-08-18 02:00:00+00:00,1.15797,1.15805,1.15753,1.15803,2549
2026-08-18 03:00:00+00:00,1.15802,1.15802,1.15716,1.15734,1896
2026-08-18 04:00:00+00:00,1.15733,1.15749,1.15698,1.15716,2695
2026-08-18 05:00:00+00:00,1.15717,1.15743,1.15693,1.15731,1903
2026-08-18 06:00:00+00:00,1.15732,1.15748,1.15667,1.15721,5568
2026-08-18 07:00:00+00:00,1.15722,1.15776,1.15694,1.15739,5370
2026-08-18 08:00:00+00:00,1.15739,1.15777,1.15692,1.15762,4054
2026-08-18 09:00:00+00:00,1.15762,1.158,1.15727,1.15793,3428
2026-08-18 10:00:00+00:00,1.15793,1.15794,1.1574,1.15761,3040
2026-08-18 11:00:00+00:00,1.15762,1.15769,1.15726,1.15767,2591
2026-08-18 12:00:00+00:00,1.15766,1.15795,1.15717,1.1574,5500
2026-08-18 13:00:00+00:00,1.15741,1.1585,1.15706,1.15807,11493
2026-08-18 14:00:00+00:00,1.15806,1.15884,1.15804,1.1581,12034
2026-08-18 15:00:00+00:00,1.1581,1.15863,1.15763,1.15792,8442
2026-08-18 16:00:00+00:00,1.15793,1.15856,1.15786,1.15797,3200
2026-08-18 17:00:00+00:00,1.15796,1.15803,1.15743,1.15766,2700
2026-08-18 18:00:00+00:00,1.15765,1.15789,1.15742,1.15758,2038
2026-08-18 19:00:00+00:00,1.15757,1.15808,1.1574,1.15748,3433
2026-08-18 20:00:00+00:00,1.15747,1.15766,1.15719,1.15759,2598
2026-08-18 21:00:00+00:00,1.15764,1.15784,1.15744,1.15754,1711
2026-08-18 22:00:00+00:00,1.15755,1.15768,1.15741,1.15763,1214
2026-08-18 23:00:00+00:00,1.15764,1.15784,1.15734,1.15762,1171
2026-08-19 00:00:00+00:00,1.15762,1.15818,1.15735,1.15742,5214
2026-08-19 01:00:00+00:00,1.15743,1.15779,1.15703,1.15772,4259
2026-08-19 02:00:00+00:00,1.15771,1.15873,1.15765,1.15824,5577
2026-08-19 03:00:00+00:00,1.15825,1.15849,1.15811,1.15813,2190
2026-08-19 04:00:00+00:00,1.15814,1.15869,1.15806,1.15859,1672
2026-08-19 05:00:00+00:00,1.15858,1.15896,1.15847,1.15886,2796
2026-08-19 06:00:00+00:00,1.15886,1.15988,1.15878,1.15945,5997
2026-08-19 07:00:00+00:00,1.15945,1.15978,1.15916,1.15967,4520
2026-08-19 08:00:00+00:00,1.15966,1.16054,1.15956,1.15981,6426
2026-08-19 09:00:00+00:00,1.15982,1.16083,1.15966,1.16065,4136
2026-08-19 10:00:00+00:00,1.16064,1.16119,1.16052,1.16067,3604
2026-08-19 11:00:00+00:00,1.16066,1.16086,1.15995,1.16029,5004
