time,open,high,low,close,volume
2015-11-21 00:00:00+00:00,11100.5,11100.5,11100.5,11100.5,0
2015-11-22 00:00:00+00:00,11100.5,11100.5,11100.5,11100.5,0
2015-11-23 00:00:00+00:00,11100.5,11133.8,11026.5,11064.3,0
2015-11-24 00:00:00+00:00,11064.3,11082.0,10869.8,10969.0,0
2015-11-25 00:00:00+00:00,10969.0,11188.3,10920.8,11152.5,0
2015-11-26 00:00:00+00:00,11152.5,11368.8,11152.5,11307.0,0
2015-11-27 00:00:00+00:00,11307.0,11355.3,11243.5,11298.8,0
2015-11-28 00:00:00+00:00,11298.8,11298.8,11298.8,11298.8,0
2015-11-29 00:00:00+00:00,11298.8,11298.8,11298.8,11298.8,0
2015-11-30 00:00:00+00:00,11298.8,11433.0,11253.3,11350.8,0
2015-12-01 00:00:00+00:00,11350.8,11418.3,11238.3,11294.8,0
2015-12-02 00:00:00+00:00,11294.8,11333.5,11079.0,11112.8,0
2015-12-03 00:00:00+00:00,11112.8,11322.0,10641.0,10679.0,0
2015-12-04 00:00:00+00:00,10679.0,10879.3,10630.5,10867.5,0
2015-12-05 00:00:00+00:00,10867.5,10867.5,10867.5,10867.5,0
2015-12-06 00:00:00+00:00,10867.5,10867.5,10867.5,10867.5,0
2015-12-07 00:00:00+00:00,10867.5,10992.3,10853.5,10923.8,0
2015-12-08 00:00:00+00:00,10923.8,10923.8,10613.0,10679.0,0
2015-12-09 00:00:00+00:00,10679.0,10719.0,10449.0,10515.3,0
2015-12-10 00:00:00+00:00,10515.3,10663.8,10498.8,10579.5,0
2015-12-11 00:00:00+00:00,10579.5,10605.5,10268.8,10284.8,0
2015-12-12 00:00:00+00:00,10284.8,10284.8,10284.8,10284.8,0
2015-12-13 00:00:00+00:00,10284.8,10284.8,10284.8,10284.8,0
2015-12-14 00:00:00+00:00,10284.8,10445.5,10120.3,10286.0,0
2015-12-15 00:00:00+00:00,10286.0,10487.0,10224.0,10449.3,0
2015-12-16 00:00:00+00:00,10449.3,10649.8,10421.8,10626.0,0
2015-12-17 00:00:00+00:00,10626.0,10832.0,10526.8,10707.0,0
2015-12-18 00:00:00+00:00,10707.0,10734.0,10620.0,10661.8,0
2015-12-19 00:00:00+00:00,10661.8,10661.8,10661.8,10661.8,0
2015-12-20 00:00:00+00:00,10661.8,10661.8,10661.8,10661.8,0
2015-12-21 00:00:00+00:00,10661.8,10803.3,10477.3,10554.0,0
2015-12-22 00:00:00+00:00,10554.0,10639.0,10402.0,10567.8,0
2015-12-23 00:00:00+00:00,10567.8,10767.5,10565.0,10765.8,0
2015-12-24 00:00:00+00:00,10765.8,10765.8,10765.8,10765.8,0
2015-12-25 00:00:00+00:00,10765.8,10765.8,10765.8,10765.8,0
2015-12-26 00:00:00+00:00,10765.8,10765.8,10765.8,10765.8,0
2015-12-27 00:00:00+00:00,10765.8,10765.8,10765.8,10765.8,0
2015-12-28 00:00:00+00:00,10765.8,10773.8,10629.3,10700.5,0
2015-12-29 00:00:00+00:00,10700.5,10882.5,10700.5,10864.5,0
2015-12-30 00:00:00+00:00,10864.5,10882.8,10694.5,10697.5,0
2015-12-31 00:00:00+00:00,10697.5,10697.5,10697.5,10697.5,0
2016-01-01 00:00:00+00:00,10697.5,10697.5,10697.5,10697.5,0
2016-01-02 00:00:00+00:00,10697.5,10697.5,10697.5,10697.5,0
2016-01-03 00:00:00+00:00,10697.5,10697.5,10697.5,10697.5,0
2016-01-04 00:00:00+00:00,10697.5,10697.5,10250.3,10361.3,0
2016-01-05 00:00:00+00:00,10361.3,10402.5,10172.0,10334.0,0
2016-01-06 00:00:00+00:00,10334.0,10334.0,10094.0,10177.0,0
2016-01-07 00:00:00+00:00,10177.0,10177.0,9812.0,9835.5,0
2016-01-08 00:00:00+00:00,9835.5,10124.8,9732.0,9756.8,0
2016-01-09 00:00:00+00:00,9756.8,9756.8,9756.8,9756.8,0
2016-01-10 00:00:00+00:00,9756.8,9756.8,9756.8,9756.8,0
2016-01-11 00:00:00+00:00,9756.8,9979.0,9659.8,9904.3,0
2016-01-12 00:00:00+00:00,9904.3,10093.3,9777.0,10048.0,0
2016-01-13 00:00:00+00:00,10048.0,10164.8,9736.0,9767.5,0
2016-01-14 00:00:00+00:00,9767.5,9943.3,9612.3,9889.3,0
2016-01-15 00:00:00+00:00,9889.3,9889.3,9410.8,9479.5,0
2016-01-16 00:00:00+00:00,9479.5,9479.5,9479.5,9479.5,0
2016-01-17 00:00:00+00:00,9479.5,9479.5,9479.5,9479.5,0
2016-01-18 00:00:00+00:00,9479.5,9660.0,9454.8,9526.5,0
2016-01-19 00:00:00+00:00,9526.5,9758.8,9525.8,9619.0,0
2016-01-20 00:00:00+00:00,9619.0,9619.0,9254.5,9468.5,0
2016-01-21 00:00:00+00:00,9468.5,9664.8,9334.8,9574.5,0
2016-01-22 00:00:00+00:00,9574.5,9839.3,9574.5,9822.3,0
2016-01-23 00:00:00+00:00,9822.3,9822.3,9822.3,9822.3,0
2016-01-24 00:00:00+00:00,9822.3,9822.3,9822.3,9822.3,0
2016-01-25 00:00:00+00:00,9822.3,9841.5,9670.5,9670.8,0
2016-01-26 00:00:00+00:00,9670.8,9870.0,9563.5,9867.5,0
2016-01-27 00:00:00+00:00,9867.5,9922.8,9711.8,9757.5,0
2016-01-28 00:00:00+00:00,9757.5,9901.0,9586.5,9663.0,0
2016-01-29 00:00:00+00:00,9663.0,9801.0,9649.5,9692.5,0
2016-01-30 00:00:00+00:00,9692.5,9692.5,9692.5,9692.5,0
2016-01-31 00:00:00+00:00,9692.5,9692.5,9692.5,9692.5,0
2016-02-01 00:00:00+00:00,9692.5,9834.5,9632.0,9760.5,0
2016-02-02 00:00:00+00:00,9760.5,9760.5,9477.5,9495.0,0
2016-02-03 00:00:00+00:00,9495.0,9573.0,9346.0,9518.0,0
2016-02-04 00:00:00+00:00,9518.0,9617.5,9260.8,9383.8,0
2016-02-05 00:00:00+00:00,9383.8,9467.3,9221.3,9243.3,0
2016-02-08 00:00:00+00:00,9243.3,9333.3,8916.3,8996.3,0
2016-02-09 00:00:00+00:00,8996.3,9037.5,8768.0,8897.5,0
2016-02-10 00:00:00+00:00,8897.5,9123.5,8869.5,8930.0,0
2016-02-11 00:00:00+00:00,8930.0,8930.0,8691.5,8839.0,0
2016-02-12 00:00:00+00:00,8839.0,8989.5,8806.5,8989.0,0
2016-02-15 00:00:00+00:00,8989.0,9244.5,8989.0,9191.0,0
2016-02-16 00:00:00+00:00,9191.0,9265.0,9074.0,9195.0,0
2016-02-17 00:00:00+00:00,9195.0,9417.5,9131.0,9401.5,0
2016-02-18 00:00:00+00:00,9402.0,9549.0,9342.5,9442.5,0
2016-02-19 00:00:00+00:00,9442.5,9474.5,9312.5,9373.5,0
2016-02-22 00:00:00+00:00,9373.5,9585.5,9373.5,9577.0,0
2016-02-23 00:00:00+00:00,9577.5,9577.5,9394.5,9402.0,0
2016-02-24 00:00:00+00:00,9401.5,9424.5,9122.5,9298.5,0
2016-02-25 00:00:00+00:00,9298.5,9397.5,9197.5,9396.5,0
2016-02-26 00:00:00+00:00,9396.5,9575.0,9396.5,9481.5,0
2016-02-29 00:00:00+00:00,9481.5,9506.5,9329.5,9404.5,0
2016-03-01 00:00:00+00:00,9404.5,9776.5,9404.5,9767.5,0
2016-03-02 00:00:00+00:00,9767.5,9836.0,9693.0,9778.5,0
2016-03-03 00:00:00+00:00,9778.5,9817.0,9706.0,9787.0,0
2016-03-04 00:00:00+00:00,9787.0,9899.0,9738.0,9786.0,0
2016-03-07 00:00:00+00:00,9786.0,9808.0,9686.0,9771.5,0
2016-03-08 00:00:00+00:00,9771.5,9785.0,9613.5,9677.5,0
2016-03-09 00:00:00+00:00,9677.5,9839.5,9677.5,9714.0,0
2016-03-10 00:00:00+00:00,9714.0,9996.0,9394.8,9510.8,0
2016-03-11 00:00:00+00:00,9650.0,9890.8,9624.0,9890.8,0
2016-03-14 00:00:00+00:00,9890.8,10040.0,9868.5,9997.5,0
2016-03-15 00:00:00+00:00,9997.5,9997.5,9888.5,9958.0,0
2016-03-16 00:00:00+00:00,9958.0,10022.0,9915.0,9997.0,0
2016-03-17 00:00:00+00:00,9997.0,10068.3,9747.5,9882.0,0
2016-03-18 00:00:00+00:00,9882.0,9960.8,9820.3,9941.3,0
2016-03-21 00:00:00+00:00,9941.3,10132.3,9893.3,9990.3,0
2016-03-22 00:00:00+00:00,9990.3,10037.3,9792.0,10023.8,0
2016-03-23 00:00:00+00:00,10023.8,10150.5,9999.0,10027.3,0
2016-03-24 00:00:00+00:00,10027.3,10027.3,9874.0,9932.3,0
2016-03-29 00:00:00+00:00,9932.3,9993.0,9845.5,9971.3,0
2016-03-30 00:00:00+00:00,9971.3,10136.5,9962.8,10076.3,0
2016-03-31 00:00:00+00:00,10076.3,10076.3,9966.0,9969.8,0
2016-04-01 00:00:00+00:00,9969.5,9969.5,9715.3,9858.3,0
2016-04-04 00:00:00+00:00,9858.3,9946.3,9767.0,9809.0,0
2016-04-05 00:00:00+00:00,9809.0,9809.0,9558.8,9562.8,0
2016-04-06 00:00:00+00:00,9562.8,9699.0,9538.0,9699.0,0
2016-04-07 00:00:00+00:00,9699.0,9735.5,9477.5,9511.3,0
2016-04-08 00:00:00+00:00,9511.3,9709.5,9511.3,9649.8,0
2016-04-11 00:00:00+00:00,9649.8,9785.8,9553.8,9678.8,0
2016-04-12 00:00:00+00:00,9678.8,9828.8,9645.5,9820.5,0
2016-04-13 00:00:00+00:00,9820.5,10072.8,9820.5,10051.5,0
2016-04-14 00:00:00+00:00,10051.5,10135.3,10046.0,10117.3,0
2016-04-15 00:00:00+00:00,10117.3,10123.3,10041.5,10070.5,0
2016-04-18 00:00:00+00:00,10070.5,10178.5,9934.8,10172.3,0
2016-04-19 00:00:00+00:00,10172.3,10406.8,10172.3,10399.3,0
2016-04-20 00:00:00+00:00,10399.3,10493.3,10312.5,10467.0,0
2016-04-21 00:00:00+00:00,10467.0,10521.1,10373.8,10439.5,0
2016-04-22 00:00:00+00:00,10439.5,10460.5,10357.0,10439.8,0
2016-04-25 00:00:00+00:00,10439.8,10439.8,10262.0,10354.0,0
2016-04-26 00:00:00+00:00,10354.0,10421.2,10243.8,10322.8,0
2016-04-27 00:00:00+00:00,10322.8,10379.5,10252.8,10361.3,0
2016-04-28 00:00:00+00:00,10361.3,10366.3,10155.0,10252.3,0
2016-04-29 00:00:00+00:00,10252.3,10282.6,10055.8,10093.3,0
2016-05-02 00:00:00+00:00,10093.3,10184.5,10079.5,10169.8,0
2016-05-03 00:00:00+00:00,10169.8,10169.8,9931.3,9954.3,0
2016-05-04 00:00:00+00:00,9954.3,9974.0,9820.0,9842.0,0
2016-05-05 00:00:00+00:00,9842.0,9928.8,9813.8,9856.5,0
2016-05-06 00:00:00+00:00,9856.5,9933.2,9739.8,9926.9,0
2016-05-09 00:00:00+00:00,9926.9,10075.5,9881.5,9991.5,0
2016-05-10 00:00:00+00:00,9991.5,10113.0,9991.5,10092.8,0
2016-05-11 00:00:00+00:00,10092.8,10092.8,9928.1,9939.6,0
2016-05-12 00:00:00+00:00,9940.6,10086.9,9837.7,9892.1,0
2016-05-13 00:00:00+00:00,9892.1,9978.7,9763.5,9882.4,0
2016-05-17 00:00:00+00:00,9882.4,10079.3,9813.7,9828.0,0
2016-05-18 00:00:00+00:00,9828.0,9959.8,9793.0,9927.6,0
2016-05-19 00:00:00+00:00,9927.8,9927.8,9767.0,9826.8,0
2016-05-20 00:00:00+00:00,9826.8,9921.1,9826.8,9911.8,0
2016-05-23 00:00:00+00:00,9912.1,9971.6,9806.6,9840.8,0
2016-05-24 00:00:00+00:00,9841.6,10122.8,9768.6,10104.7,0
2016-05-25 00:00:00+00:00,10103.1,10232.9,10103.1,10202.9,0
2016-05-26 00:00:00+00:00,10202.6,10287.9,10173.4,10262.9,0
2016-05-27 00:00:00+00:00,10262.9,10307.3,10241.5,10296.5,0
2016-05-30 00:00:00+00:00,10296.5,10348.7,10285.2,10343.5,0
2016-05-31 00:00:00+00:00,10343.5,10373.7,10228.9,10268.5,0
2016-06-01 00:00:00+00:00,10268.5,10287.2,10161.4,10212.5,0
2016-06-02 00:00:00+00:00,10212.5,10257.5,10152.9,10254.5,0
2016-06-03 00:00:00+00:00,10254.5,10285.0,10038.0,10110.2,0
2016-06-06 00:00:00+00:00,10110.2,10152.5,10091.4,10125.2,0
2016-06-07 00:00:00+00:00,10125.2,10317.3,10125.2,10252.8,0
2016-06-08 00:00:00+00:00,10252.8,10269.8,10176.1,10227.6,0
2016-06-09 00:00:00+00:00,10227.6,10227.6,10045.8,10091.8,0
2016-06-10 00:00:00+00:00,10091.8,10091.8,9773.3,9803.5,0
2016-06-13 00:00:00+00:00,9803.5,9803.5,9598.0,9621.0,0
2016-06-14 00:00:00+00:00,9621.0,9631.5,9505.5,9573.3,0
2016-06-15 00:00:00+00:00,9574.5,9666.8,9561.3,9582.8,0
2016-06-16 00:00:00+00:00,9583.3,9664.0,9430.3,9658.8,0
2016-06-17 00:00:00+00:00,9658.8,9712.5,9565.3,9698.0,0
2016-06-20 00:00:00+00:00,9698.0,9984.5,9698.0,9914.8,0
2016-06-21 00:00:00+00:00,9914.5,10111.0,9914.5,10052.5,0
2016-06-22 00:00:00+00:00,10052.3,10141.0,10033.0,10040.0,0
2016-06-23 00:00:00+00:00,10040.0,10337.5,10040.0,10313.3,0
2016-06-24 00:00:00+00:00,10310.8,10310.8,9152.8,9478.8,0
2016-06-27 00:00:00+00:00,9478.8,9580.3,9202.8,9336.8,0
2016-06-28 00:00:00+00:00,9336.5,9544.5,9336.5,9501.8,0
2016-06-29 00:00:00+00:00,9501.8,9630.3,9493.5,9604.3,0
2016-06-30 00:00:00+00:00,9604.8,9784.0,9501.5,9740.5,0
2016-07-01 00:00:00+00:00,9740.5,9794.8,9646.3,9740.5,0
2016-07-04 00:00:00+00:00,9739.3,9800.5,9687.0,9723.5,0
2016-07-05 00:00:00+00:00,9723.5,9723.5,9453.5,9479.0,0
2016-07-06 00:00:00+00:00,9479.0,9521.5,9291.3,9432.0,0
2016-07-07 00:00:00+00:00,9432.0,9496.5,9351.5,9387.0,0
2016-07-08 00:00:00+00:00,9387.0,9644.0,9357.5,9624.0,0
2016-07-11 00:00:00+00:00,9624.0,9834.0,9624.0,9772.0,0
2016-07-12 00:00:00+00:00,9772.0,10004.8,9772.0,9938.0,0
2016-07-13 00:00:00+00:00,9938.0,9992.3,9889.8,9916.8,0
2016-07-14 00:00:00+00:00,9916.3,10101.0,9916.3,10050.8,0
2016-07-15 00:00:00+00:00,10050.0,10091.5,9966.0,10054.3,0
2016-07-18 00:00:00+00:00,10055.3,10146.0,10001.0,10045.0,0
2016-07-19 00:00:00+00:00,10045.5,10045.5,9911.8,9976.0,0
2016-07-20 00:00:00+00:00,9975.5,10138.8,9975.5,10114.3,0
2016-07-21 00:00:00+00:00,10114.3,10189.0,10078.3,10113.5,0
2016-07-22 00:00:00+00:00,10113.5,10174.0,10060.0,10148.8,0
2016-07-25 00:00:00+00:00,10148.8,10256.5,10109.3,10181.5,0
2016-07-26 00:00:00+00:00,10181.5,10269.5,10139.0,10252.8,0
2016-07-27 00:00:00+00:00,10252.8,10345.5,10252.8,10286.0,0
2016-07-28 00:00:00+00:00,10286.0,10380.0,10258.8,10342.3,0
2016-07-29 00:00:00+00:00,10342.3,10354.0,10282.5,10333.8,0
2016-08-01 00:00:00+00:00,10333.8,10468.5,10271.0,10291.5,0
2016-08-02 00:00:00+00:00,10291.5,10336.0,10111.3,10142.8,0
2016-08-03 00:00:00+00:00,10142.5,10212.5,10089.0,10208.3,0
2016-08-04 00:00:00+00:00,10208.3,10279.8,10176.0,10232.8,0
2016-08-05 00:00:00+00:00,10232.8,10370.8,10209.0,10363.3,0
2016-08-08 00:00:00+00:00,10363.3,10476.0,10363.3,10428.5,0
2016-08-09 00:00:00+00:00,10428.5,10700.3,10409.3,10672.3,0
2016-08-10 00:00:00+00:00,10671.5,10706.8,10631.0,10639.8,0
2016-08-11 00:00:00+00:00,10639.8,10739.5,10630.5,10728.0,0
2016-08-12 00:00:00+00:00,10728.0,10734.0,10681.0,10701.0,0
2016-08-15 00:00:00+00:00,10701.0,10803.8,10701.0,10728.0,0
2016-08-16 00:00:00+00:00,10728.0,10737.5,10630.8,10656.8,0
2016-08-17 00:00:00+00:00,10656.8,10702.5,10512.5,10610.0,0
2016-08-18 00:00:00+00:00,10610.0,10626.0,10546.8,10599.0,0
2016-08-19 00:00:00+00:00,10599.0,10630.5,10489.0,10559.3,0
2016-08-22 00:00:00+00:00,10559.3,10657.0,10385.8,10510.8,0
2016-08-23 00:00:00+00:00,10508.8,10624.8,10508.8,10583.3,0
2016-08-24 00:00:00+00:00,10583.3,10651.5,10514.3,10586.8,0
2016-08-25 00:00:00+00:00,10586.8,10612.5,10466.0,10504.3,0
2016-08-26 00:00:00+00:00,10504.3,10613.5,10452.8,10523.3,0
2016-08-29 00:00:00+00:00,10523.5,10570.8,10436.8,10566.8,0
2016-08-30 00:00:00+00:00,10566.8,10687.5,10566.8,10649.0,0
2016-08-31 00:00:00+00:00,10649.0,10665.3,10551.3,10585.0,0
2016-09-01 00:00:00+00:00,10585.3,10677.0,10488.8,10566.3,0
2016-09-02 00:00:00+00:00,10566.3,10726.8,10513.0,10712.5,0
2016-09-05 00:00:00+00:00,10712.8,10750.8,10670.0,10684.0,0
2016-09-06 00:00:00+00:00,10684.0,10741.0,10655.0,10695.8,0
2016-09-07 00:00:00+00:00,10695.8,10777.0,10657.8,10745.0,0
2016-09-08 00:00:00+00:00,10745.0,10780.3,10568.3,10670.0,0
2016-09-09 00:00:00+00:00,10670.0,10671.5,10475.5,10478.3,0
2016-09-12 00:00:00+00:00,10475.5,10542.5,10320.8,10540.5,0
2016-09-13 00:00:00+00:00,10540.5,10540.5,10351.3,10412.8,0
2016-09-14 00:00:00+00:00,10412.8,10451.5,10348.0,10365.0,0
2016-09-15 00:00:00+00:00,10365.0,10475.5,10335.8,10458.0,0
2016-09-16 00:00:00+00:00,10458.5,10458.5,10249.0,10283.3,0
2016-09-19 00:00:00+00:00,10283.3,10376.5,10283.3,10337.3,0
2016-09-20 00:00:00+00:00,10337.0,10458.5,10337.0,10391.3,0
2016-09-21 00:00:00+00:00,10391.3,10526.5,10391.3,10500.0,0
2016-09-22 00:00:00+00:00,10500.3,10696.5,10483.3,10664.5,0
2016-09-23 00:00:00+00:00,10664.5,10669.5,10595.8,10604.5,0
2016-09-26 00:00:00+00:00,10604.5,10604.5,10370.0,10375.8,0
2016-09-27 00:00:00+00:00,10375.8,10455.8,10253.3,10389.5,0
2016-09-28 00:00:00+00:00,10389.5,10513.8,10361.5,10504.0,0
2016-09-29 00:00:00+00:00,10504.5,10567.5,10247.3,10278.3,0
2016-09-30 00:00:00+00:00,10278.3,10541.8,10177.0,10517.0,0
2016-10-04 00:00:00+00:00,10517.0,10637.5,10478.8,10548.5,0
2016-10-05 00:00:00+00:00,10548.5,10614.0,10475.3,10592.5,0
2016-10-06 00:00:00+00:00,10592.5,10635.0,10525.5,10588.0,0
2016-10-07 00:00:00+00:00,10588.0,10588.0,10442.3,10477.5,0
2016-10-10 00:00:00+00:00,10477.5,10640.8,10443.0,10611.0,0
2016-10-11 00:00:00+00:00,10611.0,10684.5,10536.8,10562.5,0
2016-10-12 00:00:00+00:00,10562.3,10595.0,10492.8,10537.5,0
2016-10-13 00:00:00+00:00,10537.5,10537.5,10338.0,10442.8,0
2016-10-14 00:00:00+00:00,10442.8,10609.0,10433.3,10579.5,0
2016-10-17 00:00:00+00:00,10579.5,10579.5,10479.3,10499.8,0
2016-10-18 00:00:00+00:00,10499.8,10648.3,10499.8,10621.3,0
2016-10-19 00:00:00+00:00,10620.8,10668.0,10581.5,10648.0,0
2016-10-20 00:00:00+00:00,10648.0,10744.3,10586.3,10707.3,0
2016-10-21 00:00:00+00:00,10707.5,10731.5,10664.8,10715.8,0
2016-10-24 00:00:00+00:00,10715.8,10817.5,10698.5,10770.3,0
2016-10-25 00:00:00+00:00,10770.3,10824.0,10735.8,10764.3,0
2016-10-26 00:00:00+00:00,10764.3,10766.3,10626.0,10690.3,0
2016-10-27 00:00:00+00:00,10690.3,10769.8,10641.5,10703.0,0
2016-10-28 00:00:00+00:00,10703.0,10712.3,10574.8,10645.8,0
2016-10-31 00:00:00+00:00,10645.8,10685.8,10628.0,10676.3,0
2016-11-01 00:00:00+00:00,10676.3,10738.3,10451.8,10492.3,0
2016-11-02 00:00:00+00:00,10492.3,10492.3,10329.5,10374.3,0
2016-11-03 00:00:00+00:00,10374.3,10403.3,10290.8,10296.3,0
2016-11-04 00:00:00+00:00,10296.3,10319.5,10197.3,10214.0,0
2016-11-07 00:00:00+00:00,10214.0,10464.8,10214.0,10464.3,0
2016-11-08 00:00:00+00:00,10464.3,10548.3,10407.8,10529.8,0
2016-11-09 00:00:00+00:00,10529.8,10678.5,10020.5,10654.0,0
2016-11-10 00:00:00+00:00,10654.0,10793.5,10571.0,10667.5,0
2016-11-11 00:00:00+00:00,10677.8,10709.5,10581.5,10683.0,0
2016-11-14 00:00:00+00:00,10766.3,10797.5,10664.8,10705.0,0
2016-11-15 00:00:00+00:00,10706.3,10756.5,10660.5,10754.8,0
2016-11-16 00:00:00+00:00,10779.8,10779.8,10607.0,10659.5,0
2016-11-17 00:00:00+00:00,10676.8,10729.3,10602.0,10729.3,0
2016-11-18 00:00:00+00:00,10731.5,10747.5,10646.0,10659.5,0
2016-11-21 00:00:00+00:00,10685.5,10725.8,10590.0,10710.3,0
2016-11-22 00:00:00+00:00,10771.0,10774.5,10698.5,10742.3,0
2016-11-23 00:00:00+00:00,10742.5,10744.5,10600.3,10677.8,0
2016-11-24 00:00:00+00:00,10676.5,10716.0,10651.0,10690.8,0
2016-11-25 00:00:00+00:00,10703.5,10714.5,10648.0,10701.5,0
2016-11-28 00:00:00+00:00,10675.5,10689.0,10551.5,10555.0,0
2016-11-29 00:00:00+00:00,10566.0,10644.8,10536.3,10621.3,0
2016-11-30 00:00:00+00:00,10628.5,10692.0,10602.0,10614.3,0
2016-12-01 00:00:00+00:00,10610.8,10625.0,10478.5,10485.5,0
2016-12-02 00:00:00+00:00,10471.5,10545.3,10400.3,10525.8,0
2016-12-05 00:00:00+00:00,10445.0,10737.3,10421.5,10708.8,0
2016-12-06 00:00:00+00:00,10718.5,10839.3,10664.5,10827.3,0
2016-12-07 00:00:00+00:00,10867.5,11085.8,10844.5,11044.0,0
2016-12-08 00:00:00+00:00,11030.8,11205.5,10986.5,11174.3,0
2016-12-09 00:00:00+00:00,11186.8,11238.3,11144.5,11230.5,0
2016-12-12 00:00:00+00:00,11245.0,11245.0,11141.5,11167.5,0
2016-12-13 00:00:00+00:00,11176.3,11308.3,11174.5,11277.8,0
2016-12-14 00:00:00+00:00,11276.0,11321.5,11221.8,11236.5,0
2016-12-15 00:00:00+00:00,11262.5,11398.8,11257.8,11377.3,0
2016-12-16 00:00:00+00:00,11371.3,11451.0,11353.0,11389.0,0
2016-12-19 00:00:00+00:00,11395.8,11430.8,11379.5,11397.8,0
2016-12-20 00:00:00+00:00,11413.5,11473.8,11408.8,11459.0,0
2016-12-21 00:00:00+00:00,11449.3,11482.5,11444.5,11464.8,0
2016-12-22 00:00:00+00:00,11445.5,11478.3,11428.0,11449.3,0
2016-12-23 00:00:00+00:00,11458.8,11486.0,11407.3,11456.0,0
2016-12-27 00:00:00+00:00,11429.0,11483.0,11426.3,11464.5,0
2016-12-28 00:00:00+00:00,11473.3,11481.0,11433.3,11440.8,0
2016-12-29 00:00:00+00:00,11447.8,11462.8,11412.8,11436.8,0
2016-12-30 00:00:00+00:00,11461.0,11486.0,11403.0,11447.8,0
2017-01-03 00:00:00+00:00,11613.0,11649.3,11551.3,11587.0,0
2017-01-04 00:00:00+00:00,11599.0,11617.0,11528.5,11584.5,0
2017-01-05 00:00:00+00:00,11548.5,11601.0,11530.0,11571.3,0
2017-01-06 00:00:00+00:00,11565.5,11617.5,11541.8,11602.5,0
2017-01-09 00:00:00+00:00,11628.3,11630.8,11519.5,11553.3,0
2017-01-10 00:00:00+00:00,11543.8,11602.5,11541.8,11566.8,0
2017-01-11 00:00:00+00:00,11572.3,11692.0,11520.5,11654.5,0
2017-01-12 00:00:00+00:00,11617.5,11624.8,11489.5,11563.3,0
2017-01-13 00:00:00+00:00,11575.3,11634.0,11553.5,11607.0,0
2017-01-16 00:00:00+00:00,11606.0,11606.0,11528.0,11555.0,0
2017-01-17 00:00:00+00:00,11554.0,11587.0,11424.0,11549.0,0
2017-01-18 00:00:00+00:00,11549.0,11622.0,11529.0,11611.0,0
2017-01-19 00:00:00+00:00,11612.0,11644.0,11559.0,11584.0,0
2017-01-20 00:00:00+00:00,11581.0,11634.0,11545.0,11618.0,0
2017-01-23 00:00:00+00:00,11617.0,11622.0,11507.0,11568.0,0
2017-01-24 00:00:00+00:00,11566.0,11644.0,11539.0,11632.0,0
2017-01-25 00:00:00+00:00,11633.0,11832.0,11624.0,11819.0,0
2017-01-26 00:00:00+00:00,11817.0,11894.0,11814.0,11843.0,0
2017-01-27 00:00:00+00:00,11839.0,11855.0,11801.0,11813.0,0
2017-01-30 00:00:00+00:00,11773.0,11796.0,11663.0,11715.0,0
2017-01-31 00:00:00+00:00,11714.0,11735.0,11536.0,11599.0,0
2017-02-01 00:00:00+00:00,11599.0,11725.0,11589.0,11662.0,0
2017-02-02 00:00:00+00:00,11663.0,11673.0,11599.0,11640.0,0
2017-02-03 00:00:00+00:00,11639.0,11690.0,11614.0,11656.0,0
2017-02-06 00:00:00+00:00,11661.0,11678.0,11477.0,11501.0,0
2017-02-07 00:00:00+00:00,11500.0,11603.0,11461.0,11544.0,0
2017-02-08 00:00:00+00:00,11544.0,11588.0,11476.0,11552.0,0
2017-02-09 00:00:00+00:00,11552.0,11658.0,11537.0,11643.0,0
2017-02-10 00:00:00+00:00,11643.0,11717.0,11640.0,11663.0,0
2017-02-13 00:00:00+00:00,11668.0,11809.0,11667.0,11777.0,0
2017-02-14 00:00:00+00:00,11777.0,11804.0,11748.0,11795.0,0
2017-02-15 00:00:00+00:00,11793.0,11845.0,11720.0,11806.0,0
2017-02-16 00:00:00+00:00,11805.0,11811.0,11724.0,11771.0,0
2017-02-17 00:00:00+00:00,11766.0,11796.0,11689.0,11785.0,0
2017-02-20 00:00:00+00:00,11779.0,11858.0,11767.0,11822.0,0
2017-02-21 00:00:00+00:00,11822.0,11995.0,11795.0,11978.0,0
2017-02-22 00:00:00+00:00,11977.0,12030.0,11965.0,12013.0,0
2017-02-23 00:00:00+00:00,12012.0,12014.0,11925.0,11955.0,0
2017-02-24 00:00:00+00:00,11951.0,11951.0,11719.0,11811.0,0
2017-02-27 00:00:00+00:00,11824.0,11864.0,11791.0,11839.0,0
2017-02-28 00:00:00+00:00,11839.0,11862.0,11779.0,11848.0,0
2017-03-01 00:00:00+00:00,11847.0,12099.0,11833.0,12061.0,0
2017-03-02 00:00:00+00:00,12060.0,12089.0,12035.0,12047.0,0
2017-03-03 00:00:00+00:00,12042.0,12056.0,11989.0,12015.0,0
2017-03-06 00:00:00+00:00,12007.0,12016.0,11918.0,11961.0,0
2017-03-07 00:00:00+00:00,11963.0,11995.0,11932.0,11950.0,0
2017-03-08 00:00:00+00:00,11948.0,12018.0,11912.0,11942.0,0
2017-03-09 00:00:00+00:00,11945.0,12025.0,11917.0,11999.0,0
2017-03-10 00:00:00+00:00,11998.0,12067.0,11931.0,11962.0,0
2017-03-12 00:00:00+00:00,11950.0,11962.0,11950.0,11961.0,0
2017-03-13 00:00:00+00:00,11960.0,12017.0,11932.0,12007.0,0
2017-03-14 00:00:00+00:00,12008.0,12017.0,11927.0,11992.0,0
2017-03-15 00:00:00+00:00,11991.0,12064.0,11977.0,12064.0,0
2017-03-16 00:00:00+00:00,12062.0,12179.0,12043.0,12076.0,0
2017-03-17 00:00:00+00:00,12077.0,12133.0,12020.0,12102.0,0
2017-03-19 00:00:00+00:00,12113.0,12116.0,12100.0,12106.0,0
2017-03-20 00:00:00+00:00,12105.0,12112.0,12019.0,12077.0,0
2017-03-21 00:00:00+00:00,12076.0,12141.0,11924.0,11935.0,0
2017-03-22 00:00:00+00:00,11934.0,11986.0,11879.0,11983.0,0
2017-03-23 00:00:00+00:00,11984.0,12075.0,11923.0,12055.0,0
2017-03-24 00:00:00+00:00,12053.0,12127.0,12037.0,12102.0,0
2017-03-27 00:00:00+00:00,12022.0,12075.0,11944.0,12067.0,0
2017-03-28 00:00:00+00:00,12069.0,12215.0,12063.0,12196.0,0
2017-03-29 00:00:00+00:00,12196.0,12266.0,12192.0,12231.0,0
2017-03-30 00:00:00+00:00,12230.0,12296.0,12224.0,12296.0,0
2017-03-31 00:00:00+00:00,12297.0,12367.0,12242.0,12343.0,0
2017-04-03 00:00:00+00:00,12357.0,12411.0,12234.0,12306.0,0
2017-04-04 00:00:00+00:00,12305.0,12333.0,12253.0,12333.0,0
2017-04-05 00:00:00+00:00,12333.0,12340.0,12177.0,12186.0,0
2017-04-06 00:00:00+00:00,12187.0,12270.0,12142.0,12254.0,0
2017-04-07 00:00:00+00:00,12254.0,12279.0,12146.0,12254.0,0
2017-04-10 00:00:00+00:00,12244.0,12304.0,12200.0,12216.0,0
2017-04-11 00:00:00+00:00,12216.0,12247.0,12073.0,12215.0,0
2017-04-12 00:00:00+00:00,12213.0,12268.0,12145.0,12149.0,0
2017-04-13 00:00:00+00:00,12153.0,12180.0,12090.0,12117.0,0
2017-04-17 00:00:00+00:00,12103.0,12185.0,12086.0,12175.0,0
2017-04-18 00:00:00+00:00,12174.0,12207.0,11981.0,12018.0,0
2017-04-19 00:00:00+00:00,12016.0,12064.0,11985.0,11986.0,0
2017-04-20 00:00:00+00:00,11989.0,12085.0,11965.0,12061.0,0
2017-04-21 00:00:00+00:00,12061.0,12114.0,12031.0,12101.0,0
2017-04-24 00:00:00+00:00,12369.0,12503.0,12239.0,12483.0,0
2017-04-25 00:00:00+00:00,12481.0,12535.0,12461.0,12495.0,0
2017-04-26 00:00:00+00:00,12491.0,12508.0,12444.0,12444.0,0
2017-04-27 00:00:00+00:00,12443.0,12496.0,12443.0,12476.0,0
2017-04-28 00:00:00+00:00,12471.0,12479.0,12427.0,12452.0,0
2017-05-01 00:00:00+00:00,12451.0,12451.0,12433.0,12438.0,0
2017-05-02 00:00:00+00:00,12482.0,12541.0,12444.0,12525.0,0
2017-05-03 00:00:00+00:00,12520.0,12548.0,12488.0,12539.0,0
2017-05-04 00:00:00+00:00,12536.0,12663.0,12532.0,12656.0,0
2017-05-05 00:00:00+00:00,12653.0,12840.0,12602.0,12827.0,0
2017-05-08 00:00:00+00:00,12880.0,12880.0,12667.0,12712.0,0
2017-05-09 00:00:00+00:00,12711.0,12793.0,12704.0,12753.0,0
2017-05-10 00:00:00+00:00,12748.0,12787.0,12714.0,12765.0,0
2017-05-11 00:00:00+00:00,12766.0,12781.0,12667.0,12734.0,0
2017-05-12 00:00:00+00:00,12736.0,12790.0,12715.0,12787.0,0
2017-05-15 00:00:00+00:00,12786.0,12843.0,12727.0,12809.0,0
2017-05-16 00:00:00+00:00,12805.0,12840.0,12772.0,12796.0,0
2017-05-17 00:00:00+00:00,12791.0,12791.0,12542.0,12547.0,0
2017-05-18 00:00:00+00:00,12543.0,12642.0,12492.0,12607.0,0
2017-05-19 00:00:00+00:00,12608.0,12655.0,12590.0,12626.0,0
2017-05-22 00:00:00+00:00,12635.0,12686.0,12565.0,12631.0,0
2017-05-23 00:00:00+00:00,12628.0,12702.0,12584.0,12665.0,0
2017-05-24 00:00:00+00:00,12661.0,12663.0,12612.0,12649.0,0
2017-05-25 00:00:00+00:00,12645.0,12709.0,12537.0,12615.0,0
2017-05-26 00:00:00+00:00,12614.0,12618.0,12526.0,12599.0,0
2017-05-29 00:00:00+00:00,12596.0,12645.0,12575.0,12624.0,0
2017-05-30 00:00:00+00:00,12624.0,12647.0,12563.0,12584.0,0
2017-05-31 00:00:00+00:00,12580.0,12709.0,12575.0,12645.0,0
2017-06-01 00:00:00+00:00,12641.0,12698.0,12616.0,12694.0,0
2017-06-02 00:00:00+00:00,12694.0,12879.0,12689.0,12842.0,0
2017-06-06 00:00:00+00:00,12817.0,12819.0,12653.0,12671.0,0
2017-06-07 00:00:00+00:00,12669.0,12746.0,12636.0,12689.0,0
2017-06-08 00:00:00+00:00,12688.0,12742.0,12672.0,12734.0,0
2017-06-09 00:00:00+00:00,12700.0,12824.0,12668.0,12773.0,0
2017-06-12 00:00:00+00:00,12773.0,12778.0,12663.0,12700.0,0
2017-06-13 00:00:00+00:00,12700.0,12810.0,12685.0,12803.0,0
2017-06-14 00:00:00+00:00,12803.0,12923.0,12779.0,12828.0,0
2017-06-15 00:00:00+00:00,12826.0,12826.0,12618.0,12700.0,0
2017-06-16 00:00:00+00:00,12697.0,12764.0,12690.0,12751.0,0
2017-06-19 00:00:00+00:00,12757.0,12909.0,12757.0,12889.0,0
2017-06-20 00:00:00+00:00,12889.0,12948.0,12775.0,12812.0,0
2017-06-21 00:00:00+00:00,12808.0,12813.0,12702.0,12754.0,0
2017-06-22 00:00:00+00:00,12751.0,12800.0,12709.0,12765.0,0
2017-06-23 00:00:00+00:00,12765.0,12788.0,12668.0,12728.0,0
2017-06-26 00:00:00+00:00,12708.0,12834.0,12694.0,12762.0,0
2017-06-27 00:00:00+00:00,12761.0,12771.0,12582.0,12594.0,0
2017-06-28 00:00:00+00:00,12591.0,12696.0,12529.0,12696.0,0
2017-06-29 00:00:00+00:00,12692.0,12727.0,12343.0,12413.0,0
2017-06-30 00:00:00+00:00,12412.0,12453.0,12303.0,12368.0,0
2017-07-03 00:00:00+00:00,12378.0,12480.0,12376.0,12437.0,0
2017-07-04 00:00:00+00:00,12433.0,12477.0,12407.0,12439.0,0
2017-07-05 00:00:00+00:00,12439.0,12492.0,12397.0,12471.0,0
2017-07-06 00:00:00+00:00,12467.0,12484.0,12308.0,12345.0,0
2017-07-07 00:00:00+00:00,12350.0,12417.0,12329.0,12411.0,0
2017-07-10 00:00:00+00:00,12415.0,12475.0,12395.0,12440.0,0
2017-07-11 00:00:00+00:00,12440.0,12532.0,12407.0,12485.0,0
2017-07-12 00:00:00+00:00,12484.0,12648.0,12445.0,12627.0,0
2017-07-13 00:00:00+00:00,12629.0,12670.0,12605.0,12652.0,0
2017-07-14 00:00:00+00:00,12651.0,12657.0,12568.0,12641.0,0
2017-07-17 00:00:00+00:00,12650.0,12666.0,12533.0,12591.0,0
2017-07-18 00:00:00+00:00,12591.0,12591.0,12374.0,12443.0,0
2017-07-19 00:00:00+00:00,12441.0,12481.0,12409.0,12474.0,0
2017-07-20 00:00:00+00:00,12471.0,12541.0,12380.8,12445.0,0
2017-07-21 00:00:00+00:00,12444.0,12457.0,12181.0,12245.0,0
2017-07-24 00:00:00+00:00,12245.0,12249.0,12234.0,12234.0,0
2017-07-25 00:00:00+00:00,12234.0,12294.0,12203.0,12263.0,0
2017-07-26 00:00:00+00:00,12260.0,12336.0,12236.0,12250.0,0
2017-07-27 00:00:00+00:00,12254.0,12288.0,12139.0,12181.0,0
2017-07-28 00:00:00+00:00,12179.0,12179.0,12088.0,12167.0,0
2017-07-31 00:00:00+00:00,12167.0,12168.0,12162.0,12168.0,0
2017-08-01 00:00:00+00:00,12195.0,12297.0,12195.0,12252.0,0
2017-08-02 00:00:00+00:00,12253.0,12274.0,12144.0,12177.0,0
2017-08-03 00:00:00+00:00,12175.0,12178.0,12089.0,12137.0,0
2017-08-04 00:00:00+00:00,12137.0,12317.0,12117.0,12291.0,0
2017-08-07 00:00:00+00:00,12261.0,12261.0,12227.0,12245.0,0
2017-08-08 00:00:00+00:00,12246.0,12325.0,12176.0,12227.0,0
2017-08-09 00:00:00+00:00,12220.0,12226.0,12091.0,12183.0,0
2017-08-10 00:00:00+00:00,12183.0,12183.0,11931.0,11936.0,0
2017-08-11 00:00:00+00:00,11937.0,12043.0,11916.0,11989.0,0
2017-08-14 00:00:00+00:00,12017.0,12191.0,12014.0,12167.0,0
2017-08-15 00:00:00+00:00,12168.0,12234.0,12150.0,12200.0,0
2017-08-16 00:00:00+00:00,12201.0,12295.0,12185.0,12228.0,0
2017-08-17 00:00:00+00:00,12226.0,12287.0,12090.0,12111.0,0
2017-08-18 00:00:00+00:00,12110.0,12194.0,12076.0,12160.0,0
2017-08-21 00:00:00+00:00,12179.0,12201.0,12013.0,12076.0,0
2017-08-22 00:00:00+00:00,12076.0,12266.0,12068.0,12260.0,0
2017-08-23 00:00:00+00:00,12258.0,12267.0,12150.0,12166.0,0
2017-08-24 00:00:00+00:00,12166.0,12254.0,12143.0,12195.0,0
2017-08-25 00:00:00+00:00,12194.0,12247.0,12127.0,12168.0,0
2017-08-28 00:00:00+00:00,12152.0,12178.0,12059.0,12130.0,0
2017-08-29 00:00:00+00:00,12130.0,12130.0,11863.0,11989.0,0
2017-08-30 00:00:00+00:00,11988.0,12038.0,11977.0,12014.0,0
2017-08-31 00:00:00+00:00,12012.0,12113.0,12012.0,12065.0,0
2017-09-01 00:00:00+00:00,12065.0,12190.0,12060.0,12147.0,0
2017-09-04 00:00:00+00:00,12042.0,12137.0,12031.0,12123.0,0
2017-09-05 00:00:00+00:00,12123.0,12209.0,12038.0,12084.0,0
2017-09-06 00:00:00+00:00,12081.0,12301.0,12048.0,12277.0,0
2017-09-07 00:00:00+00:00,12263.0,12365.0,12256.0,12322.0,0
2017-09-08 00:00:00+00:00,12322.0,12324.0,12244.0,12290.0,0
2017-09-11 00:00:00+00:00,12350.0,12508.0,12331.0,12504.0,0
2017-09-12 00:00:00+00:00,12504.0,12559.0,12486.0,12523.0,0
2017-09-13 00:00:00+00:00,12524.0,12567.0,12475.0,12549.0,0
2017-09-14 00:00:00+00:00,12547.0,12557.0,12498.0,12545.0,0
2017-09-15 00:00:00+00:00,12542.0,12552.0,12495.0,12524.0,0
2017-09-18 00:00:00+00:00,12535.0,12604.0,12523.0,12554.0,0
2017-09-19 00:00:00+00:00,12554.0,12566.0,12514.0,12537.0,0
2017-09-20 00:00:00+00:00,12536.0,12628.0,12504.0,12621.0,0
2017-09-21 00:00:00+00:00,12618.0,12631.0,12570.0,12592.0,0
2017-09-22 00:00:00+00:00,12592.0,12636.0,12543.0,12606.0,0
2017-09-25 00:00:00+00:00,12582.0,12624.0,12540.0,12580.0,0
2017-09-26 00:00:00+00:00,12581.0,12621.0,12541.0,12591.0,0
2017-09-27 00:00:00+00:00,12591.0,12693.0,12586.0,12668.0,0
2017-09-28 00:00:00+00:00,12664.0,12715.0,12654.0,12711.0,0
2017-09-29 00:00:00+00:00,12708.0,12838.0,12690.0,12832.0,0
2017-10-02 00:00:00+00:00,12840.0,12907.0,12834.0,12902.0,0
2017-10-04 00:00:00+00:00,12942.0,12973.0,12884.0,12935.0,0
2017-10-05 00:00:00+00:00,12933.0,12981.0,12924.0,12974.0,0
2017-10-06 00:00:00+00:00,12971.0,12992.0,12931.0,12960.0,0
2017-10-09 00:00:00+00:00,12949.0,12988.0,12927.0,12938.0,0
2017-10-10 00:00:00+00:00,12938.0,12974.0,12900.0,12953.0,0
2017-10-11 00:00:00+00:00,12951.0,12977.0,12916.0,12962.0,0
2017-10-12 00:00:00+00:00,12961.0,12995.0,12935.0,12968.0,0
2017-10-13 00:00:00+00:00,12964.0,13031.0,12956.0,12989.0,0
2017-10-16 00:00:00+00:00,12998.0,13020.0,12970.0,12992.0,0
2017-10-17 00:00:00+00:00,12993.0,13026.0,12959.0,12998.0,0
2017-10-18 00:00:00+00:00,13000.0,13088.0,12997.0,13051.0,0
2017-10-19 00:00:00+00:00,13051.0,13051.0,12903.0,12992.0,0
2017-10-20 00:00:00+00:00,12991.0,13062.0,12948.0,12982.0,0
2017-10-23 00:00:00+00:00,12994.0,13064.0,12966.0,12974.0,0
2017-10-24 00:00:00+00:00,12972.0,13050.0,12968.0,13001.0,0
2017-10-25 00:00:00+00:00,12999.0,13042.0,12907.0,12982.0,0
2017-10-26 00:00:00+00:00,12981.0,13177.0,12934.0,13172.0,0
2017-10-27 00:00:00+00:00,13169.0,13245.0,13148.0,13213.0,0
2017-10-29 00:00:00+00:00,13202.0,13218.0,13201.0,13217.0,0
2017-10-30 00:00:00+00:00,13202.0,13249.0,13195.0,13224.0,0
2017-10-31 00:00:00+00:00,13281.0,13286.0,13271.0,13275.0,0
2017-11-01 00:00:00+00:00,13281.0,13486.0,13271.0,13463.0,0
2017-11-02 00:00:00+00:00,13463.0,13467.0,13401.0,13465.0,0
2017-11-03 00:00:00+00:00,13463.0,13502.0,13425.0,13468.0,0
2017-11-06 00:00:00+00:00,13481.0,13495.0,13437.0,13471.0,0
2017-11-07 00:00:00+00:00,13471.0,13532.0,13336.0,13362.0,0
2017-11-08 00:00:00+00:00,13352.0,13417.0,13320.0,13387.0,0
2017-11-09 00:00:00+00:00,13387.0,13417.0,13104.0,13186.0,0
2017-11-10 00:00:00+00:00,13180.0,13215.0,13107.0,13124.0,0
2017-11-13 00:00:00+00:00,13128.0,13161.0,12957.0,13096.0,0
2017-11-14 00:00:00+00:00,13092.0,13136.0,12997.0,13036.0,0
2017-11-15 00:00:00+00:00,13031.0,13033.0,12844.0,12957.0,0
2017-11-16 00:00:00+00:00,12958.0,13094.0,12947.0,13086.0,0
2017-11-17 00:00:00+00:00,13079.0,13092.0,12964.0,12976.0,0
2017-11-20 00:00:00+00:00,12972.0,13084.0,12854.0,13055.0,0
2017-11-21 00:00:00+00:00,13053.0,13208.0,13021.0,13165.0,0
2017-11-22 00:00:00+00:00,13164.0,13189.0,12959.0,12962.0,0
2017-11-23 00:00:00+00:00,12961.0,13048.0,12901.0,13004.0,0
2017-11-24 00:00:00+00:00,13004.0,13160.0,12975.0,13064.0,0
2017-11-27 00:00:00+00:00,13071.0,13116.0,12986.0,13023.0,0
2017-11-28 00:00:00+00:00,13014.0,13128.0,12961.0,13117.0,0
2017-11-29 00:00:00+00:00,13117.0,13196.0,13029.0,13058.0,0
2017-11-30 00:00:00+00:00,13058.0,13177.0,13015.0,13029.0,0
2017-12-01 00:00:00+00:00,13024.0,13072.0,12807.0,12940.0,0
2017-12-04 00:00:00+00:00,13046.0,13118.0,12972.0,13019.0,0
2017-12-05 00:00:00+00:00,13022.0,13095.0,12958.0,12999.0,0
2017-12-06 00:00:00+00:00,13001.0,13035.0,12861.0,13011.0,0
2017-12-07 00:00:00+00:00,13007.0,13113.0,12986.0,13112.0,0
2017-12-08 00:00:00+00:00,13112.0,13243.0,13106.0,13163.0,0
2017-12-11 00:00:00+00:00,13177.0,13204.0,13112.0,13168.0,0
2017-12-12 00:00:00+00:00,13167.0,13186.0,13078.0,13175.0,0
2017-12-13 00:00:00+00:00,13174.0,13191.0,13070.0,13085.0,0
2017-12-14 00:00:00+00:00,13085.0,13162.0,13009.0,13017.0,0
2017-12-15 00:00:00+00:00,13020.0,13134.0,13007.0,13119.0,0
2017-12-18 00:00:00+00:00,13147.0,13331.0,13147.0,13314.0,0
2017-12-19 00:00:00+00:00,13313.0,13345.0,13201.0,13229.0,0
2017-12-20 00:00:00+00:00,13229.0,13267.0,13019.0,13062.0,0
2017-12-21 00:00:00+00:00,13062.0,13136.0,13008.0,13062.0,0
2017-12-22 00:00:00+00:00,13060.0,13104.0,13046.0,13073.0,0
2017-12-27 00:00:00+00:00,13056.0,13128.0,13013.0,13056.0,0
2017-12-28 00:00:00+00:00,13054.0,13066.0,12959.0,12980.0,0
2017-12-29 00:00:00+00:00,12979.0,12997.0,12825.0,12855.0,0
2018-01-02 00:00:00+00:00,12915.0,12940.0,12732.0,12877.0,0
2018-01-03 00:00:00+00:00,12875.0,13018.0,12868.0,12997.0,0
2018-01-04 00:00:00+00:00,13000.0,13203.0,12993.0,13168.0,0
2018-01-05 00:00:00+00:00,13169.0,13339.0,13166.0,13331.0,0
2018-01-08 00:00:00+00:00,13368.0,13409.0,13328.0,13369.0,0
2018-01-09 00:00:00+00:00,13368.0,13421.0,13345.0,13378.0,0
2018-01-10 00:00:00+00:00,13375.0,13388.0,13219.0,13268.0,0
2018-01-11 00:00:00+00:00,13264.0,13297.0,13143.0,13244.0,0
2018-01-12 00:00:00+00:00,13242.0,13259.0,13158.0,13233.0,0
2018-01-15 00:00:00+00:00,13273.0,13283.0,13164.0,13190.0,0
2018-01-16 00:00:00+00:00,13190.0,13345.0,13126.0,13159.0,0
2018-01-17 00:00:00+00:00,13158.0,13251.0,13128.0,13230.0,0
2018-01-18 00:00:00+00:00,13229.0,13300.0,13193.0,13265.0,0
2018-01-19 00:00:00+00:00,13264.0,13469.0,13240.0,13459.0,0
2018-01-22 00:00:00+00:00,13461.0,13514.0,13405.0,13502.0,0
2018-01-23 00:00:00+00:00,13501.0,13595.0,13499.0,13555.0,0
2018-01-24 00:00:00+00:00,13551.0,13573.0,13368.0,13422.0,0
2018-01-25 00:00:00+00:00,13417.0,13441.0,13217.0,13324.0,0
2018-01-26 00:00:00+00:00,13325.0,13385.0,13260.0,13384.0,0
2018-01-29 00:00:00+00:00,13386.0,13408.0,13267.0,13304.0,0
2018-01-30 00:00:00+00:00,13306.0,13327.0,13167.0,13194.0,0
2018-01-31 00:00:00+00:00,13195.0,13265.0,13155.0,13195.0,0
2018-02-01 00:00:00+00:00,13211.0,13294.0,12929.0,12968.0,0
2018-02-02 00:00:00+00:00,12985.0,13000.0,12690.0,12703.0,0
2018-02-05 00:00:00+00:00,12599.0,12747.0,12015.0,12165.0,0
2018-02-06 00:00:00+00:00,12190.0,12660.0,11688.0,12592.0,0
2018-02-07 00:00:00+00:00,12602.0,12660.0,12405.0,12491.0,0
2018-02-08 00:00:00+00:00,12486.0,12543.0,12121.0,12204.0,0
2018-02-09 00:00:00+00:00,12197.0,12290.0,11901.0,12210.0,0
2018-02-12 00:00:00+00:00,12251.0,12373.0,12212.0,12338.0,0
2018-02-13 00:00:00+00:00,12343.0,12369.0,12176.0,12255.0,0
2018-02-14 00:00:00+00:00,12252.0,12437.0,12065.0,12399.0,0
2018-02-15 00:00:00+00:00,12397.0,12476.0,12267.0,12373.0,0
2018-02-16 00:00:00+00:00,12369.0,12529.0,12356.0,12481.0,0
2018-02-19 00:00:00+00:00,12507.0,12547.0,12354.0,12388.0,0
2018-02-20 00:00:00+00:00,12388.0,12500.0,12327.0,12427.0,0
2018-02-21 00:00:00+00:00,12425.0,12506.0,12359.0,12385.0,0
2018-02-22 00:00:00+00:00,12388.0,12494.0,12275.0,12463.0,0
2018-02-23 00:00:00+00:00,12459.0,12546.0,12425.0,12539.0,0
2018-02-26 00:00:00+00:00,12572.0,12608.0,12477.0,12597.0,0
2018-02-27 00:00:00+00:00,12597.0,12608.0,12416.0,12439.0,0
2018-02-28 00:00:00+00:00,12437.0,12514.0,12358.0,12392.0,0
2018-03-01 00:00:00+00:00,12393.0,12397.0,12006.0,12083.0,0
2018-03-02 00:00:00+00:00,12084.0,12099.0,11871.0,12000.0,0
2018-03-05 00:00:00+00:00,11967.0,12179.0,11726.0,12166.0,0
2018-03-06 00:00:00+00:00,12170.0,12270.0,12101.0,12137.0,0
2018-03-07 00:00:00+00:00,11995.0,12275.0,11960.0,12239.0,0
2018-03-08 00:00:00+00:00,12240.0,12382.0,12173.0,12342.0,0
2018-03-09 00:00:00+00:00,12336.0,12409.0,12282.0,12371.0,0
2018-03-11 00:00:00+00:00,12371.0,12384.0,12369.0,12384.0,0
2018-03-12 00:00:00+00:00,12371.0,12475.0,12358.0,12399.0,0
2018-03-13 00:00:00+00:00,12397.0,12460.0,12115.0,12153.0,0
2018-03-14 00:00:00+00:00,12154.0,12323.0,12125.0,12256.0,0
2018-03-15 00:00:00+00:00,12256.0,12384.0,12211.0,12383.0,0
2018-03-16 00:00:00+00:00,12382.0,12461.0,12343.0,12403.0,0
2018-03-18 00:00:00+00:00,12398.0,12399.0,12389.0,12391.0,0
2018-03-19 00:00:00+00:00,12398.0,12408.0,12163.0,12251.0,0
2018-03-20 00:00:00+00:00,12251.0,12352.0,12193.0,12348.0,0
2018-03-21 00:00:00+00:00,12348.0,12375.0,12223.0,12266.0,0
2018-03-22 00:00:00+00:00,12266.0,12304.0,11976.0,11992.0,0
2018-03-23 00:00:00+00:00,11994.0,12008.0,11760.0,11788.0,0
2018-03-26 00:00:00+00:00,11809.0,11987.0,11707.0,11921.0,0
2018-03-27 00:00:00+00:00,11922.0,12047.0,11806.0,11845.0,0
2018-03-28 00:00:00+00:00,11845.0,12017.0,11773.0,11959.0,0
2018-03-29 00:00:00+00:00,11993.0,12167.0,11926.0,12116.0,0
2018-04-03 00:00:00+00:00,11992.0,12074.0,11914.0,12060.0,0
2018-04-04 00:00:00+00:00,12056.0,12091.0,11794.0,12075.0,0
2018-04-05 00:00:00+00:00,12082.0,12331.0,12076.0,12288.0,0
2018-04-06 00:00:00+00:00,12290.0,12298.0,12099.0,12189.0,0
2018-04-09 00:00:00+00:00,12215.0,12380.0,12196.0,12263.0,0
2018-04-10 00:00:00+00:00,12260.0,12434.0,12233.0,12378.0,0
2018-04-11 00:00:00+00:00,12379.0,12398.0,12261.0,12287.0,0
2018-04-12 00:00:00+00:00,12288.0,12445.0,12268.0,12441.0,0
2018-04-13 00:00:00+00:00,12421.0,12534.0,12395.0,12454.0,0
2018-04-16 00:00:00+00:00,12539.0,12563.0,12384.0,12425.0,0
2018-04-17 00:00:00+00:00,12425.0,12625.0,12420.0,12589.0,0
2018-04-18 00:00:00+00:00,12584.0,12649.0,12556.0,12610.7,0
2018-04-19 00:00:00+00:00,12615.4,12629.0,12535.0,12563.3,0
2018-04-20 00:00:00+00:00,12560.9,12596.8,12499.5,12535.3,0
2018-04-23 00:00:00+00:00,12596.3,12601.5,12473.5,12589.0,0
2018-04-24 00:00:00+00:00,12587.8,12659.3,12387.8,12462.6,0
2018-04-25 00:00:00+00:00,12462.6,12496.1,12322.5,12487.6,0
2018-04-26 00:00:00+00:00,12494.6,12616.1,12390.0,12590.6,0
2018-04-27 00:00:00+00:00,12601.2,12639.8,12527.5,12595.3,0
2018-04-30 00:00:00+00:00,12620.4,12642.2,12563.3,12577.0,0
2018-05-02 00:00:00+00:00,12620.0,12842.8,12591.0,12761.8,0
2018-05-03 00:00:00+00:00,12766.7,12813.5,12678.8,12778.4,0
2018-05-04 00:00:00+00:00,12779.6,12862.3,12718.5,12847.0,0
2018-05-07 00:00:00+00:00,12848.7,12971.8,12818.3,12928.2,0
2018-05-08 00:00:00+00:00,12926.9,12956.3,12860.8,12944.2,0
2018-05-09 00:00:00+00:00,12941.8,13002.8,12895.5,12983.0,0
2018-05-10 00:00:00+00:00,12984.3,13037.5,12928.8,13011.4,0
2018-05-11 00:00:00+00:00,13011.4,13046.0,12963.5,12989.8,0
2018-05-14 00:00:00+00:00,13018.9,13036.4,12927.0,12973.7,0
2018-05-15 00:00:00+00:00,12971.3,13014.0,12918.8,12991.2,0
2018-05-16 00:00:00+00:00,12995.9,13035.8,12961.8,13016.8,0
2018-05-17 00:00:00+00:00,13016.8,13126.8,12977.0,13103.7,0
2018-05-18 00:00:00+00:00,13104.9,13152.9,13047.5,13074.8,0
2018-05-22 00:00:00+00:00,13136.3,13205.8,13057.3,13161.1,0
2018-05-23 00:00:00+00:00,13156.3,13166.5,12926.5,12996.4,0
2018-05-24 00:00:00+00:00,12994.0,13006.0,12797.5,12887.4,0
2018-05-25 00:00:00+00:00,12885.0,12999.5,12850.0,12930.8,0
2018-05-28 00:00:00+00:00,12965.2,13036.5,12821.0,12857.8,0
2018-05-29 00:00:00+00:00,12857.2,12862.5,12572.3,12661.2,0
2018-05-30 00:00:00+00:00,12661.2,12829.8,12624.1,12800.3,0
2018-05-31 00:00:00+00:00,12789.7,12806.0,12540.5,12641.4,0
2018-06-01 00:00:00+00:00,12642.6,12797.0,12623.3,12747.0,0
2018-06-04 00:00:00+00:00,12750.0,12842.8,12707.5,12782.3,0
2018-06-05 00:00:00+00:00,12778.8,12924.8,12746.5,12774.3,0
2018-06-06 00:00:00+00:00,12773.1,12907.0,12725.3,12901.2,0
2018-06-07 00:00:00+00:00,12900.0,12916.0,12662.3,12733.0,0
2018-06-08 00:00:00+00:00,12726.7,12809.8,12605.5,12790.5,0
2018-06-11 00:00:00+00:00,12767.5,12894.3,12741.0,12878.0,0
2018-06-12 00:00:00+00:00,12874.0,12954.3,12811.8,12856.1,0
2018-06-13 00:00:00+00:00,12856.1,12907.0,12777.3,12860.0,0
2018-06-14 00:00:00+00:00,12849.6,13186.8,12799.0,13151.9,0
2018-06-15 00:00:00+00:00,13117.8,13153.3,12986.5,13048.0,0
2018-06-18 00:00:00+00:00,13033.0,13062.9,12764.5,12841.0,0
2018-06-19 00:00:00+00:00,12841.0,12846.4,12573.0,12708.1,0
2018-06-20 00:00:00+00:00,12704.7,12753.7,12650.5,12684.6,0
2018-06-21 00:00:00+00:00,12686.9,12746.9,12430.8,12459.2,0
2018-06-22 00:00:00+00:00,12456.9,12588.8,12451.8,12538.0,0
2018-06-25 00:00:00+00:00,12535.7,12549.4,12234.3,12290.8,0
2018-06-26 00:00:00+00:00,12287.4,12340.3,12170.5,12275.9,0
2018-06-27 00:00:00+00:00,12284.9,12427.5,12108.3,12277.4,0
2018-06-28 00:00:00+00:00,12277.4,12361.8,12088.0,12218.6,0
2018-06-29 00:00:00+00:00,12216.4,12369.3,12193.8,12270.5,0
2018-07-02 00:00:00+00:00,12286.3,12294.5,12116.0,12288.4,0
2018-07-03 00:00:00+00:00,12290.6,12415.5,12255.2,12295.0,0
2018-07-04 00:00:00+00:00,12277.2,12336.8,12268.3,12321.8,0
2018-07-05 00:00:00+00:00,12315.5,12504.5,12281.8,12467.3,0
2018-07-06 00:00:00+00:00,12458.8,12542.8,12412.8,12486.0,0
2018-07-09 00:00:00+00:00,12496.2,12563.0,12475.3,12557.8,0
2018-07-10 00:00:00+00:00,12558.9,12629.5,12516.8,12549.7,0
2018-07-11 00:00:00+00:00,12532.2,12559.3,12376.8,12406.6,0
2018-07-12 00:00:00+00:00,12412.2,12503.5,12395.0,12492.1,0
2018-07-13 00:00:00+00:00,12494.3,12572.5,12485.0,12535.8,0
2018-07-16 00:00:00+00:00,12553.4,12593.0,12491.5,12555.2,0
2018-07-17 00:00:00+00:00,12552.9,12722.8,12508.5,12704.6,0
2018-07-18 00:00:00+00:00,12703.5,12769.3,12690.0,12737.3,0
2018-07-19 00:00:00+00:00,12736.2,12757.4,12648.0,12669.0,0
2018-07-20 00:00:00+00:00,12671.2,12697.5,12454.5,12533.0,0
2018-07-23 00:00:00+00:00,12544.7,12585.8,12477.0,12577.9,0
2018-07-24 00:00:00+00:00,12576.8,12745.8,12572.3,12659.6,0
2018-07-25 00:00:00+00:00,12660.8,12735.8,12525.0,12709.2,0
2018-07-26 00:00:00+00:00,12666.8,12825.5,12654.4,12800.6,0
2018-07-27 00:00:00+00:00,12802.9,12880.3,12783.8,12815.0,0
2018-07-30 00:00:00+00:00,12798.0,12841.3,12758.8,12781.1,0
2018-07-31 00:00:00+00:00,12782.3,12854.0,12728.0,12844.6,0
2018-08-01 00:00:00+00:00,12834.1,12838.1,12690.3,12723.5,0
2018-08-02 00:00:00+00:00,12723.5,12728.0,12484.3,12610.8,0
2018-08-03 00:00:00+00:00,12612.0,12640.8,12552.5,12633.0,0
2018-08-06 00:00:00+00:00,12641.8,12711.3,12528.3,12592.8,0
2018-08-07 00:00:00+00:00,12592.8,12733.8,12587.3,12660.4,0
2018-08-08 00:00:00+00:00,12659.3,12699.8,12579.0,12584.4,0
2018-08-09 00:00:00+00:00,12585.5,12694.0,12567.5,12666.7,0
2018-08-10 00:00:00+00:00,12667.8,12671.4,12377.5,12406.3,0
2018-08-13 00:00:00+00:00,12404.1,12406.3,12296.3,12361.3,0
2018-08-14 00:00:00+00:00,12363.5,12457.0,12286.5,12413.0,0
2018-08-15 00:00:00+00:00,12413.0,12425.0,12105.0,12174.4,0
2018-08-16 00:00:00+00:00,12171.2,12267.0,12140.2,12226.9,0
2018-08-17 00:00:00+00:00,12224.8,12252.4,12127.8,12229.0,0
2018-08-20 00:00:00+00:00,12235.4,12368.8,12217.1,12306.4,0
2018-08-21 00:00:00+00:00,12305.4,12426.8,12286.4,12342.8,0
2018-08-22 00:00:00+00:00,12335.2,12435.3,12309.3,12364.0,0
2018-08-23 00:00:00+00:00,12364.0,12408.0,12343.6,12359.2,0
2018-08-24 00:00:00+00:00,12358.1,12441.8,12337.3,12396.3,0
2018-08-27 00:00:00+00:00,12401.6,12559.8,12401.6,12554.7,0
2018-08-28 00:00:00+00:00,12555.7,12593.3,12511.8,12531.7,0
2018-08-29 00:00:00+00:00,12535.0,12571.8,12494.0,12567.5,0
2018-08-30 00:00:00+00:00,12568.6,12576.3,12393.3,12432.5,0
2018-08-31 00:00:00+00:00,12426.2,12475.9,12306.0,12343.5,0
2018-09-03 00:00:00+00:00,12364.8,12364.8,12295.3,12334.5,0
2018-09-04 00:00:00+00:00,12329.4,12400.5,12157.8,12224.5,0
2018-09-05 00:00:00+00:00,12225.6,12228.4,12031.5,12059.9,0
2018-09-06 00:00:00+00:00,12054.7,12090.3,11933.5,11973.7,0
2018-09-07 00:00:00+00:00,11971.6,11987.3,11884.0,11938.3,0
2018-09-10 00:00:00+00:00,11939.3,12038.8,11925.3,12001.7,0
2018-09-11 00:00:00+00:00,12000.6,12022.0,11859.5,11998.4,0
2018-09-12 00:00:00+00:00,11995.9,12045.8,11948.0,12000.0,0
2018-09-13 00:00:00+00:00,12000.0,12128.0,11994.8,12080.7,0
2018-09-14 00:00:00+00:00,12078.6,12134.3,12072.8,12120.8,0
2018-09-17 00:00:00+00:00,12109.3,12124.8,12038.0,12058.4,0
2018-09-18 00:00:00+00:00,12056.3,12184.5,11983.9,12178.1,0
2018-09-19 00:00:00+00:00,12178.1,12240.8,12153.5,12231.9,0
2018-09-20 00:00:00+00:00,12232.9,12363.0,12202.8,12352.8,0
2018-09-21 00:00:00+00:00,12348.6,12444.3,12339.3,12392.3,0
2018-09-24 00:00:00+00:00,12372.7,12394.8,12326.3,12342.6,0
2018-09-25 00:00:00+00:00,12343.7,12404.0,12304.8,12367.7,0
2018-09-26 00:00:00+00:00,12366.7,12405.8,12313.6,12329.4,0
2018-09-27 00:00:00+00:00,12328.4,12446.6,12257.5,12412.9,0
2018-09-28 00:00:00+00:00,12413.9,12422.4,12175.0,12214.6,0
2018-10-01 00:00:00+00:00,12240.7,12359.8,12230.3,12301.7,0
2018-10-02 00:00:00+00:00,12300.7,12310.4,12187.5,12265.3,0
2018-10-04 00:00:00+00:00,12265.3,12337.3,12158.5,12234.4,0
2018-10-05 00:00:00+00:00,12233.4,12254.5,12041.6,12087.8,0
2018-10-08 00:00:00+00:00,12123.3,12123.8,11885.8,11973.4,0
2018-10-09 00:00:00+00:00,11973.4,11994.6,11787.8,11958.0,0
2018-10-10 00:00:00+00:00,11955.9,11983.5,11549.6,11556.2,0
2018-10-11 00:00:00+00:00,11573.9,11687.0,11383.1,11548.0,0
2018-10-12 00:00:00+00:00,11552.2,11696.5,11412.6,11555.6,0
2018-10-15 00:00:00+00:00,11556.8,11638.6,11429.0,11585.5,0
2018-10-16 00:00:00+00:00,11588.7,11824.6,11580.2,11813.1,0
2018-10-17 00:00:00+00:00,11813.1,11837.5,11656.8,11747.5,0
2018-10-18 00:00:00+00:00,11738.1,11780.5,11477.1,11529.8,0
2018-10-19 00:00:00+00:00,11527.7,11612.8,11488.5,11539.8,0
2018-10-22 00:00:00+00:00,11495.0,11669.0,11452.0,11519.2,0
2018-10-23 00:00:00+00:00,11513.9,11524.8,11216.5,11400.4,0
2018-10-24 00:00:00+00:00,11397.3,11422.0,11041.8,11121.5,0
2018-10-25 00:00:00+00:00,11120.5,11363.6,11048.2,11210.5,0
2018-10-26 00:00:00+00:00,11194.0,11280.6,11039.8,11189.3,0
2018-10-28 00:00:00+00:00,11232.9,11248.4,11225.2,11248.4,0
2018-10-29 00:00:00+00:00,11232.9,11438.5,11146.1,11247.8,0
2018-10-30 00:00:00+00:00,11244.6,11426.5,11201.0,11379.8,0
2018-10-31 00:00:00+00:00,11381.6,11493.0,11345.2,11419.8,0
2018-11-01 00:00:00+00:00,11419.5,11565.3,11398.8,11469.8,0
2018-11-02 00:00:00+00:00,11487.0,11682.5,11454.7,11544.6,0
2018-11-05 00:00:00+00:00,11539.9,11549.5,11466.1,11507.9,0
2018-11-06 00:00:00+00:00,11505.3,11547.6,11426.8,11530.4,0
2018-11-07 00:00:00+00:00,11525.1,11656.6,11474.4,11651.5,0
2018-11-08 00:00:00+00:00,11648.4,11654.6,11486.1,11503.3,0
2018-11-09 00:00:00+00:00,11498.2,11548.6,11408.5,11536.1,0
2018-11-12 00:00:00+00:00,11519.7,11607.8,11289.1,11311.4,0
2018-11-13 00:00:00+00:00,11316.6,11491.8,11261.9,11438.7,0
2018-11-14 00:00:00+00:00,11447.1,11561.0,11306.5,11394.0,0
2018-11-15 00:00:00+00:00,11396.1,11495.3,11246.0,11450.4,0
2018-11-16 00:00:00+00:00,11446.3,11446.3,11224.0,11360.8,0
2018-11-19 00:00:00+00:00,11344.4,11415.0,11186.6,11217.8,0
2018-11-20 00:00:00+00:00,11212.6,11216.9,11002.8,11041.0,0
2018-11-21 00:00:00+00:00,11049.4,11260.6,11021.2,11228.7,0
2018-11-22 00:00:00+00:00,11232.4,11266.4,11111.8,11143.3,0
2018-11-23 00:00:00+00:00,11157.2,11204.0,11086.8,11176.8,0
2018-11-26 00:00:00+00:00,11210.0,11391.9,11201.5,11333.0,0
2018-11-27 00:00:00+00:00,11333.0,11438.3,11260.5,11341.0,0
2018-11-28 00:00:00+00:00,11341.0,11417.6,11273.8,11396.2,0
2018-11-29 00:00:00+00:00,11383.8,11401.9,11271.5,11335.9,0
2018-11-30 00:00:00+00:00,11337.0,11337.0,11204.0,11313.8,0
2018-12-03 00:00:00+00:00,11453.8,11565.8,11428.3,11468.3,0
2018-12-04 00:00:00+00:00,11471.4,11473.4,11135.3,11161.0,0
2018-12-05 00:00:00+00:00,11151.7,11262.0,11145.5,11188.8,0
2018-12-06 00:00:00+00:00,11072.8,11087.8,10754.8,10928.4,0
2018-12-07 00:00:00+00:00,10926.4,10945.6,10677.6,10711.1,0
2018-12-10 00:00:00+00:00,10633.8,10756.8,10581.8,10726.0,0
2018-12-11 00:00:00+00:00,10730.1,10884.5,10679.0,10775.1,0
2018-12-12 00:00:00+00:00,10780.2,10970.0,10778.2,10923.6,0
2018-12-13 00:00:00+00:00,10931.9,10985.0,10883.0,10899.2,0
2018-12-14 00:00:00+00:00,10902.8,10912.1,10730.3,10825.1,0
2018-12-17 00:00:00+00:00,10846.2,10917.3,10669.8,10740.9,0
2018-12-18 00:00:00+00:00,10741.9,10842.5,10686.5,10700.1,0
2018-12-19 00:00:00+00:00,10698.0,10832.5,10601.8,10640.5,0
2018-12-20 00:00:00+00:00,10648.5,10700.0,10483.6,10616.6,0
2018-12-21 00:00:00+00:00,10605.9,10650.3,10486.6,10517.1,0
2018-12-27 00:00:00+00:00,10617.5,10629.3,10269.3,10462.9,0
2018-12-28 00:00:00+00:00,10472.9,10610.5,10408.0,10570.3,0
2019-01-02 00:00:00+00:00,10504.5,10639.1,10378.8,10557.9,0
2019-01-03 00:00:00+00:00,10519.8,10554.5,10391.3,10434.0,0
2019-01-04 00:00:00+00:00,10432.4,10827.3,10392.8,10801.1,0
2019-01-07 00:00:00+00:00,10822.8,10893.5,10673.0,10750.1,0
2019-01-08 00:00:00+00:00,10749.1,10904.5,10732.2,10817.8,0
2019-01-09 00:00:00+00:00,10816.7,10955.0,10813.0,10878.6,0
2019-01-10 00:00:00+00:00,10872.3,10974.8,10779.0,10954.8,0
2019-01-11 00:00:00+00:00,10944.2,10956.8,10822.3,10888.1,0
2019-01-14 00:00:00+00:00,10842.1,10882.5,10780.0,10867.7,0
2019-01-15 00:00:00+00:00,10864.6,10989.8,10807.3,10891.0,0
2019-01-16 00:00:00+00:00,10890.4,10941.3,10855.8,10925.0,0
2019-01-17 00:00:00+00:00,10922.9,10975.3,10814.8,10959.9,0
2019-01-18 00:00:00+00:00,10952.7,11253.6,10934.6,11230.8,0
2019-01-21 00:00:00+00:00,11238.1,11244.7,11120.8,11145.6,0
2019-01-22 00:00:00+00:00,11133.8,11150.2,11001.3,11021.2,0
2019-01-23 00:00:00+00:00,11009.7,11133.3,11002.0,11050.8,0
2019-01-24 00:00:00+00:00,11044.5,11157.6,11016.5,11138.6,0
2019-01-25 00:00:00+00:00,11131.8,11319.5,11126.5,11241.1,0
2019-01-28 00:00:00+00:00,11240.0,11273.3,11174.6,11227.8,0
2019-01-29 00:00:00+00:00,11223.6,11274.5,11156.5,11237.6,0
2019-01-30 00:00:00+00:00,11243.4,11251.9,11127.3,11223.7,0
2019-01-31 00:00:00+00:00,11223.7,11306.0,11040.8,11213.0,0
2019-02-01 00:00:00+00:00,11195.0,11213.5,11107.8,11184.1,0
2019-02-04 00:00:00+00:00,11180.4,11206.5,11091.5,11189.7,0
2019-02-05 00:00:00+00:00,11184.1,11384.1,11169.0,11352.1,0
2019-02-06 00:00:00+00:00,11350.0,11371.8,11291.8,11296.8,0
2019-02-07 00:00:00+00:00,11295.2,11306.0,10997.1,11020.6,0
2019-02-08 00:00:00+00:00,11018.1,11040.8,10857.0,10946.6,0
2019-02-11 00:00:00+00:00,10943.0,11037.5,10921.8,11001.7,0
2019-02-12 00:00:00+00:00,10998.6,11161.8,10994.1,11147.6,0
2019-02-13 00:00:00+00:00,11142.5,11217.8,11118.5,11168.4,0
2019-02-14 00:00:00+00:00,11168.6,11264.0,11071.5,11076.9,0
2019-02-15 00:00:00+00:00,11079.0,11322.3,11012.0,11320.8,0
2019-02-18 00:00:00+00:00,11335.7,11343.0,11250.3,11305.0,0
2019-02-19 00:00:00+00:00,11294.3,11368.8,11237.3,11309.5,0
2019-02-20 00:00:00+00:00,11304.0,11443.8,11291.8,11425.7,0
2019-02-21 00:00:00+00:00,11425.0,11481.0,11386.0,11403.6,0
2019-02-22 00:00:00+00:00,11401.8,11501.3,11395.9,11460.5,0
2019-02-25 00:00:00+00:00,11504.2,11542.8,11462.7,11466.8,0
2019-02-26 00:00:00+00:00,11466.7,11555.3,11421.8,11518.2,0
2019-02-27 00:00:00+00:00,11515.2,11545.8,11437.3,11502.9,0
2019-02-28 00:00:00+00:00,11498.0,11542.0,11397.5,11529.0,0
2019-03-01 00:00:00+00:00,11526.6,11675.8,11514.7,11633.5,0
2019-03-04 00:00:00+00:00,11665.8,11695.1,11522.8,11551.3,0
2019-03-05 00:00:00+00:00,11548.7,11633.8,11536.4,11618.6,0
2019-03-06 00:00:00+00:00,11611.6,11653.5,11560.8,11566.4,0
2019-03-07 00:00:00+00:00,11564.4,11613.8,11448.5,11494.5,0
2019-03-08 00:00:00+00:00,11491.2,11501.9,11404.3,11493.0,0
2019-03-11 00:00:00+00:00,11492.9,11597.0,11459.3,11597.0,0
2019-03-12 00:00:00+00:00,11587.9,11634.2,11496.5,11514.3,0
2019-03-13 00:00:00+00:00,11505.6,11610.8,11473.0,11607.3,0
2019-03-14 00:00:00+00:00,11606.3,11637.3,11537.8,11604.3,0
2019-03-15 00:00:00+00:00,11611.8,11735.8,11588.8,11705.3,0
2019-03-18 00:00:00+00:00,11698.6,11728.0,11648.8,11678.5,0
2019-03-19 00:00:00+00:00,11679.0,11839.3,11659.8,11763.5,0
2019-03-20 00:00:00+00:00,11760.9,11765.0,11587.3,11588.5,0
2019-03-21 00:00:00+00:00,11603.3,11652.0,11482.5,11600.0,0
2019-03-22 00:00:00+00:00,11593.8,11639.0,11325.8,11336.3,0
2019-03-25 00:00:00+00:00,11369.7,11409.0,11285.5,11381.8,0
2019-03-26 00:00:00+00:00,11383.2,11463.8,11316.5,11456.3,0
2019-03-27 00:00:00+00:00,11448.2,11521.5,11382.3,11460.8,0
2019-03-28 00:00:00+00:00,11465.4,11512.3,11404.5,11487.5,0
2019-03-29 00:00:00+00:00,11488.6,11569.8,11457.0,11564.8,0
2019-04-01 00:00:00+00:00,11616.0,11745.7,11600.9,11735.8,0
2019-04-02 00:00:00+00:00,11729.3,11829.0,11674.8,11799.6,0
2019-04-03 00:00:00+00:00,11798.5,11997.3,11789.3,11981.7,0
2019-04-04 00:00:00+00:00,11986.6,12052.8,11931.3,12010.8,0
2019-04-05 00:00:00+00:00,12010.0,12046.8,11989.8,12025.8,0
2019-04-08 00:00:00+00:00,12019.2,12027.5,11962.3,11977.9,0
2019-04-09 00:00:00+00:00,11976.5,12014.3,11866.8,11873.6,0
2019-04-10 00:00:00+00:00,11873.4,11970.8,11864.5,11947.8,0
2019-04-11 00:00:00+00:00,11944.1,11991.8,11871.3,11958.0,0
2019-04-12 00:00:00+00:00,11957.0,12058.5,11915.8,12042.3,0
2019-04-15 00:00:00+00:00,12044.2,12060.0,12006.8,12046.6,0
2019-04-16 00:00:00+00:00,12045.2,12142.5,12043.2,12118.5,0
2019-04-17 00:00:00+00:00,12114.3,12221.3,12109.4,12189.2,0
2019-04-18 00:00:00+00:00,12190.6,12292.0,12124.0,12279.9,0
2019-04-23 00:00:00+00:00,12288.4,12300.0,12207.0,12265.9,0
2019-04-24 00:00:00+00:00,12265.2,12377.3,12216.8,12322.6,0
2019-04-25 00:00:00+00:00,12334.7,12358.0,12261.3,12305.0,0
2019-04-26 00:00:00+00:00,12307.3,12349.3,12274.8,12346.0,0
2019-04-29 00:00:00+00:00,12339.9,12396.5,12284.0,12347.3,0
2019-04-30 00:00:00+00:00,12346.0,12394.8,12295.5,12375.3,0
2019-05-02 00:00:00+00:00,12316.6,12420.3,12276.0,12342.2,0
2019-05-03 00:00:00+00:00,12341.7,12460.8,12325.5,12459.3,0
2019-05-06 00:00:00+00:00,12298.6,12366.0,12144.0,12246.6,0
2019-05-07 00:00:00+00:00,12268.9,12330.8,12038.5,12091.2,0
2019-05-08 00:00:00+00:00,12087.8,12229.3,12057.9,12209.7,0
2019-05-09 00:00:00+00:00,12208.6,12212.8,11960.8,12078.2,0
2019-05-10 00:00:00+00:00,12073.3,12213.8,11971.0,12192.3,0
2019-05-13 00:00:00+00:00,12114.2,12132.8,11841.3,11856.9,0
2019-05-14 00:00:00+00:00,11852.2,12023.3,11817.9,11999.2,0
2019-05-15 00:00:00+00:00,12005.4,12134.3,11861.3,12099.5,0
2019-05-16 00:00:00+00:00,12096.0,12318.3,11993.3,12282.7,0
2019-05-17 00:00:00+00:00,12281.8,12303.3,12147.3,12198.3,0
2019-05-20 00:00:00+00:00,12216.4,12266.3,11987.8,12056.0,0
2019-05-21 00:00:00+00:00,12053.7,12176.3,12047.3,12153.6,0
2019-05-22 00:00:00+00:00,12152.5,12175.3,12132.0,12155.5,0
2019-05-23 00:00:00+00:00,12146.7,12149.7,11919.0,11940.6,0
2019-05-24 00:00:00+00:00,11945.5,12078.5,11934.7,12024.5,0
2019-05-27 00:00:00+00:00,12018.1,12120.0,12010.2,12064.8,0
2019-05-28 00:00:00+00:00,12058.9,12117.3,11963.0,11985.1,0
2019-05-29 00:00:00+00:00,11981.6,11989.4,11806.0,11851.0,0
2019-05-30 00:00:00+00:00,11847.8,11924.2,11846.7,11917.0,0
2019-05-31 00:00:00+00:00,11912.7,11921.2,11658.0,11703.8,0
2019-06-03 00:00:00+00:00,11646.0,11792.0,11595.0,11783.3,0
2019-06-04 00:00:00+00:00,11785.3,11999.4,11709.5,11995.2,0
2019-06-05 00:00:00+00:00,12008.2,12055.5,11925.0,11990.9,0
2019-06-06 00:00:00+00:00,11957.9,12074.8,11895.3,11966.5,0
2019-06-07 00:00:00+00:00,11963.4,12096.8,11957.0,12049.3,0
2019-06-10 00:00:00+00:00,12139.2,12143.9,12050.3,12100.1,0
2019-06-11 00:00:00+00:00,12100.1,12223.3,12076.0,12150.4,0
2019-06-12 00:00:00+00:00,12148.9,12154.5,12064.3,12110.1,0
2019-06-13 00:00:00+00:00,12112.2,12202.0,12061.0,12173.5,0
2019-06-14 00:00:00+00:00,12168.8,12184.3,12048.0,12113.5,0
2019-06-17 00:00:00+00:00,12128.6,12140.2,12057.8,12100.0,0
2019-06-18 00:00:00+00:00,12100.8,12360.0,11984.5,12341.3,0
2019-06-19 00:00:00+00:00,12339.2,12357.8,12281.8,12315.5,0
2019-06-20 00:00:00+00:00,12312.4,12439.3,12305.5,12354.1,0
2019-06-21 00:00:00+00:00,12352.1,12410.5,12256.0,12259.5,0
2019-06-24 00:00:00+00:00,12265.3,12326.0,12226.8,12238.1,0
2019-06-25 00:00:00+00:00,12234.9,12274.3,12158.5,12177.3,0
2019-06-26 00:00:00+00:00,12176.0,12301.8,12153.4,12220.4,0
2019-06-27 00:00:00+00:00,12221.4,12319.3,12191.5,12283.7,0
2019-06-28 00:00:00+00:00,12278.7,12398.5,12253.3,12388.3,0
2019-07-01 00:00:00+00:00,12508.0,12607.0,12455.5,12526.9,0
2019-07-02 00:00:00+00:00,12527.6,12548.3,12470.5,12541.2,0
2019-07-03 00:00:00+00:00,12544.0,12647.8,12505.8,12643.5,0
2019-07-04 00:00:00+00:00,12640.4,12649.9,12603.8,12625.8,0
2019-07-05 00:00:00+00:00,12620.9,12631.8,12508.5,12567.0,0
2019-07-08 00:00:00+00:00,12566.4,12576.8,12473.0,12490.6,0
2019-07-09 00:00:00+00:00,12490.1,12497.8,12353.3,12442.6,0
2019-07-10 00:00:00+00:00,12442.7,12464.3,12343.8,12368.9,0
2019-07-11 00:00:00+00:00,12366.9,12425.8,12295.3,12331.4,0
2019-07-12 00:00:00+00:00,12327.5,12377.5,12292.3,12315.5,0
2019-07-15 00:00:00+00:00,12317.5,12425.3,12282.0,12393.9,0
2019-07-16 00:00:00+00:00,12392.9,12454.3,12353.3,12403.4,0
2019-07-17 00:00:00+00:00,12405.5,12442.8,12264.1,12266.8,0
2019-07-18 00:00:00+00:00,12269.9,12291.8,12181.8,12255.5,0
2019-07-19 00:00:00+00:00,12261.8,12328.8,12199.3,12229.0,0
2019-07-22 00:00:00+00:00,12212.8,12338.8,12209.1,12302.2,0
2019-07-23 00:00:00+00:00,12301.4,12541.8,12292.9,12513.7,0
2019-07-24 00:00:00+00:00,12516.0,12569.5,12466.5,12548.6,0
2019-07-25 00:00:00+00:00,12551.0,12593.3,12285.8,12343.1,0
2019-07-26 00:00:00+00:00,12347.8,12438.8,12343.3,12422.8,0
2019-07-29 00:00:00+00:00,12416.5,12465.5,12371.5,12420.5,0
2019-07-30 00:00:00+00:00,12418.3,12451.5,12085.5,12117.1,0
2019-07-31 00:00:00+00:00,12122.3,12215.8,12035.8,12117.0,0
2019-08-01 00:00:00+00:00,12107.9,12259.3,12023.5,12042.8,0
2019-08-02 00:00:00+00:00,12053.4,12069.8,11825.8,11901.3,0
2019-08-05 00:00:00+00:00,11865.2,11897.8,11536.4,11545.6,0
2019-08-06 00:00:00+00:00,11506.0,11740.5,11329.9,11617.3,0
2019-08-07 00:00:00+00:00,11615.0,11736.5,11548.5,11701.9,0
2019-08-08 00:00:00+00:00,11697.7,11844.5,11643.5,11825.2,0
2019-08-09 00:00:00+00:00,11783.1,11852.5,11662.5,11724.8,0
2019-08-12 00:00:00+00:00,11754.4,11829.8,11607.5,11626.6,0
2019-08-13 00:00:00+00:00,11626.9,11831.8,11530.5,11798.6,0
2019-08-14 00:00:00+00:00,11794.5,11807.7,11410.2,11410.2,0
2019-08-15 00:00:00+00:00,11401.5,11538.8,11257.5,11423.1,0
2019-08-16 00:00:00+00:00,11422.7,11574.0,11416.2,11560.3,0
2019-08-19 00:00:00+00:00,11604.7,11754.0,11564.5,11689.3,0
2019-08-20 00:00:00+00:00,11684.8,11760.0,11590.1,11594.1,0
2019-08-21 00:00:00+00:00,11591.9,11818.5,11587.1,11807.0,0
2019-08-22 00:00:00+00:00,11798.8,11847.0,11705.0,11740.2,0
2019-08-23 00:00:00+00:00,11742.5,11818.8,11526.8,11531.5,0
2019-08-26 00:00:00+00:00,11415.9,11693.0,11406.6,11683.1,0
2019-08-27 00:00:00+00:00,11686.6,11775.0,11609.0,11700.5,0
2019-08-28 00:00:00+00:00,11696.7,11731.8,11566.0,11678.0,0
2019-08-29 00:00:00+00:00,11674.6,11868.5,11625.8,11853.4,0
2019-08-30 00:00:00+00:00,11850.4,11984.5,11837.5,11956.3,0
2019-09-02 00:00:00+00:00,11891.8,11991.5,11885.5,11941.8,0
2019-09-03 00:00:00+00:00,11937.3,11986.3,11862.0,11919.8,0
2019-09-04 00:00:00+00:00,11917.5,12076.0,11899.1,12031.3,0
2019-09-05 00:00:00+00:00,12031.4,12162.5,12026.7,12104.3,0
2019-09-06 00:00:00+00:00,12105.8,12202.8,12105.8,12172.8,0
2019-09-09 00:00:00+00:00,12189.6,12244.0,12182.2,12221.6,0
2019-09-10 00:00:00+00:00,12221.4,12311.3,12177.8,12296.1,0
2019-09-11 00:00:00+00:00,12293.6,12395.3,12271.0,12388.0,0
2019-09-12 00:00:00+00:00,12389.8,12474.8,12305.0,12404.9,0
2019-09-13 00:00:00+00:00,12410.1,12495.5,12403.0,12454.3,0
2019-09-16 00:00:00+00:00,12388.1,12423.6,12325.8,12408.3,0
2019-09-17 00:00:00+00:00,12407.1,12417.9,12302.8,12387.9,0
2019-09-18 00:00:00+00:00,12389.6,12432.9,12351.5,12418.3,0
2019-09-19 00:00:00+00:00,12423.6,12474.3,12350.0,12426.4,0
2019-09-20 00:00:00+00:00,12424.6,12474.3,12388.5,12390.5,0
2019-09-23 00:00:00+00:00,12432.7,12444.7,12248.3,12370.9,0
2019-09-24 00:00:00+00:00,12369.6,12411.0,12216.0,12245.9,0
2019-09-25 00:00:00+00:00,12243.8,12282.5,12127.8,12245.8,0
2019-09-26 00:00:00+00:00,12245.9,12329.0,12206.0,12310.0,0
2019-09-27 00:00:00+00:00,12310.7,12391.5,12267.5,12316.8,0
2019-09-30 00:00:00+00:00,12363.1,12439.7,12318.3,12433.3,0
2019-10-01 00:00:00+00:00,12430.9,12483.8,12207.8,12230.6,0
2019-10-02 00:00:00+00:00,12231.8,12255.4,11866.6,11896.1,0
2019-10-03 00:00:00+00:00,11894.6,11975.0,11808.0,11965.6,0
2019-10-04 00:00:00+00:00,11965.5,12056.0,11864.3,12051.3,0
2019-10-07 00:00:00+00:00,12004.8,12128.3,11954.3,12067.3,0
2019-10-08 00:00:00+00:00,12062.5,12140.5,11903.5,11962.5,0
2019-10-09 00:00:00+00:00,11962.4,12164.5,11940.8,12098.6,0
2019-10-10 00:00:00+00:00,12093.6,12208.7,11971.5,12188.7,0
2019-10-11 00:00:00+00:00,12185.0,12548.8,12152.3,12455.8,0
2019-10-14 00:00:00+00:00,12471.9,12510.8,12376.0,12469.6,0
2019-10-15 00:00:00+00:00,12471.5,12674.8,12470.5,12631.0,0
2019-10-16 00:00:00+00:00,12630.0,12692.0,12588.8,12664.9,0
2019-10-17 00:00:00+00:00,12663.1,12808.8,12613.8,12649.2,0
2019-10-18 00:00:00+00:00,12649.7,12692.5,12590.3,12651.0,0
2019-10-21 00:00:00+00:00,12642.7,12779.0,12637.0,12748.1,0
2019-10-22 00:00:00+00:00,12750.5,12788.3,12672.2,12680.0,0
2019-10-23 00:00:00+00:00,12687.4,12814.4,12641.5,12814.2,0
2019-10-24 00:00:00+00:00,12820.6,12907.3,12797.0,12845.2,0
2019-10-25 00:00:00+00:00,12850.8,12892.5,12823.8,12887.8,0
2019-10-28 00:00:00+00:00,12905.2,12978.8,12879.3,12952.0,0
2019-10-29 00:00:00+00:00,12955.2,12968.1,12889.3,12928.8,0
2019-10-30 00:00:00+00:00,12932.5,12944.8,12821.5,12935.0,0
2019-10-31 00:00:00+00:00,12932.8,12947.5,12786.5,12891.3,0
2019-11-01 00:00:00+00:00,12891.4,12986.0,12880.3,12969.0,0
2019-11-04 00:00:00+00:00,12988.2,13166.3,12970.5,13123.7,0
2019-11-05 00:00:00+00:00,13127.2,13169.5,13107.0,13135.5,0
2019-11-06 00:00:00+00:00,13127.9,13204.5,13103.5,13174.8,0
2019-11-07 00:00:00+00:00,13174.7,13297.8,13158.0,13271.5,0
2019-11-08 00:00:00+00:00,13272.7,13289.9,13190.5,13258.0,0
2019-11-11 00:00:00+00:00,13240.2,13243.7,13137.5,13221.6,0
2019-11-12 00:00:00+00:00,13219.6,13304.5,13183.0,13268.3,0
2019-11-13 00:00:00+00:00,13265.2,13267.6,13132.0,13249.0,0
2019-11-14 00:00:00+00:00,13246.7,13272.8,13153.8,13200.6,0
2019-11-15 00:00:00+00:00,13197.8,13278.3,13169.0,13237.8,0
2019-11-18 00:00:00+00:00,13225.3,13283.0,13133.0,13205.0,0
2019-11-19 00:00:00+00:00,13205.1,13373.5,13171.8,13190.1,0
2019-11-20 00:00:00+00:00,13190.6,13203.8,13066.3,13132.4,0
2019-11-21 00:00:00+00:00,13104.5,13177.3,13039.0,13166.0,0
2019-11-22 00:00:00+00:00,13167.8,13244.3,13116.0,13187.8,0
2019-11-25 00:00:00+00:00,13206.7,13269.0,13198.1,13258.1,0
2019-11-26 00:00:00+00:00,13256.2,13314.8,13188.8,13260.7,0
2019-11-27 00:00:00+00:00,13260.0,13314.3,13215.5,13300.2,0
2019-11-28 00:00:00+00:00,13306.3,13307.3,13211.0,13253.5,0
2019-11-29 00:00:00+00:00,13251.0,13291.5,13160.8,13227.8,0
2019-12-02 00:00:00+00:00,13240.8,13338.3,12948.8,12983.9,0
2019-12-03 00:00:00+00:00,12989.1,13085.3,12924.0,13050.4,0
2019-12-04 00:00:00+00:00,13049.7,13172.8,12993.0,13149.2,0
2019-12-05 00:00:00+00:00,13149.4,13190.8,13044.8,13077.4,0
2019-12-06 00:00:00+00:00,13077.5,13179.3,13048.0,13173.8,0
2019-12-09 00:00:00+00:00,13185.0,13189.9,13059.5,13064.7,0
2019-12-10 00:00:00+00:00,13068.5,13093.3,12881.5,13080.7,0
2019-12-11 00:00:00+00:00,13074.4,13171.3,13040.0,13147.3,0
2019-12-12 00:00:00+00:00,13147.4,13292.0,13103.5,13273.3,0
2019-12-13 00:00:00+00:00,13329.9,13458.8,13254.5,13308.8,0
2019-12-16 00:00:00+00:00,13327.8,13429.3,13317.5,13402.7,0
2019-12-17 00:00:00+00:00,13396.9,13410.5,13268.5,13281.0,0
2019-12-18 00:00:00+00:00,13280.2,13289.5,13205.8,13229.4,0
2019-12-19 00:00:00+00:00,13227.8,13251.0,13138.5,13239.2,0
2019-12-20 00:00:00+00:00,13238.2,13325.8,13195.8,13305.8,0
2019-12-23 00:00:00+00:00,13315.1,13333.5,13282.3,13295.0,0
2019-12-27 00:00:00+00:00,13351.6,13396.8,13279.3,13292.5,0
2019-12-30 00:00:00+00:00,13290.5,13310.8,13102.8,13118.6,0
2020-01-02 00:00:00+00:00,13168.0,13446.9,13167.5,13446.5,0
2020-01-03 00:00:00+00:00,13439.1,13449.3,13111.5,13170.0,0
2020-01-06 00:00:00+00:00,13110.9,13162.4,12939.3,13136.9,0
2020-01-07 00:00:00+00:00,13141.3,13277.5,13133.0,13177.6,0
2020-01-08 00:00:00+00:00,13164.7,13399.3,12964.8,13379.9,0
2020-01-09 00:00:00+00:00,13385.5,13521.5,13378.1,13506.2,0
2020-01-10 00:00:00+00:00,13508.3,13546.8,13427.0,13454.3,0
2020-01-13 00:00:00+00:00,13472.4,13527.0,13398.5,13469.6,0
2020-01-14 00:00:00+00:00,13473.8,13504.5,13357.3,13462.4,0
2020-01-15 00:00:00+00:00,13461.7,13461.7,13384.0,13415.3,0
2020-01-16 00:00:00+00:00,13419.2,13491.0,13377.0,13463.6,0
2020-01-17 00:00:00+00:00,13462.1,13553.8,13459.3,13534.0,0
2020-01-20 00:00:00+00:00,13514.7,13576.3,13483.0,13574.5,0
2020-01-21 00:00:00+00:00,13557.8,13568.3,13433.5,13525.1,0
2020-01-22 00:00:00+00:00,13528.8,13636.0,13449.7,13458.9,0
2020-01-23 00:00:00+00:00,13457.3,13495.3,13376.5,13484.8,0
2020-01-24 00:00:00+00:00,13480.7,13602.0,13473.0,13517.8,0
2020-01-27 00:00:00+00:00,13410.5,13433.8,13180.2,13196.4,0
2020-01-28 00:00:00+00:00,13185.6,13343.2,13160.5,13333.2,0
2020-01-29 00:00:00+00:00,13325.6,13373.5,13278.8,13312.3,0
2020-01-30 00:00:00+00:00,13316.9,13339.6,13115.0,13275.7,0
2020-01-31 00:00:00+00:00,13269.5,13274.8,12881.3,12930.3,0
2020-02-03 00:00:00+00:00,12952.5,13076.5,12941.1,13014.4,0
2020-02-04 00:00:00+00:00,13010.7,13316.2,12976.9,13302.1,0
2020-02-05 00:00:00+00:00,13304.9,13521.7,13219.5,13509.2,0
2020-02-06 00:00:00+00:00,13514.5,13601.3,13488.5,13575.7,0
2020-02-07 00:00:00+00:00,13578.5,13587.8,13455.3,13470.5,0
2020-02-10 00:00:00+00:00,13466.6,13539.0,13392.5,13531.4,0
2020-02-11 00:00:00+00:00,13526.5,13663.8,13518.5,13627.8,0
2020-02-12 00:00:00+00:00,13632.9,13783.4,13604.5,13779.4,0
2020-02-13 00:00:00+00:00,13785.7,13793.8,13572.3,13735.9,0
2020-02-14 00:00:00+00:00,13737.0,13788.3,13705.5,13747.3,0
2020-02-17 00:00:00+00:00,13776.1,13804.3,13747.3,13781.0,0
2020-02-18 00:00:00+00:00,13741.8,13749.7,13651.3,13701.0,0
2020-02-19 00:00:00+00:00,13706.7,13784.8,13704.2,13773.9,0
2020-02-20 00:00:00+00:00,13780.8,13825.2,13642.0,13705.1,0
2020-02-21 00:00:00+00:00,13704.9,13712.8,13492.8,13553.5,0
2020-02-24 00:00:00+00:00,13438.6,13439.7,12957.0,12988.1,0
2020-02-25 00:00:00+00:00,12976.0,13158.3,12605.4,12663.1,0
2020-02-26 00:00:00+00:00,12654.2,12848.0,12364.5,12533.6,0
2020-02-27 00:00:00+00:00,12534.8,12609.6,12034.2,12047.6,0
2020-02-28 00:00:00+00:00,12063.6,12156.8,11718.8,11924.8,0
2020-03-02 00:00:00+00:00,11653.6,12211.0,11618.3,11984.6,0
2020-03-03 00:00:00+00:00,12004.8,12268.0,11732.3,11775.4,0
2020-03-04 00:00:00+00:00,11769.6,12274.6,11725.2,12210.1,0
2020-03-05 00:00:00+00:00,12198.9,12219.3,11746.5,11791.3,0
2020-03-06 00:00:00+00:00,11793.6,11861.0,11417.0,11544.0,0
2020-03-09 00:00:00+00:00,11036.2,11093.3,10350.3,10351.3,0
2020-03-10 00:00:00+00:00,10259.8,11031.8,10158.0,10875.0,0
2020-03-11 00:00:00+00:00,10812.6,10819.7,10206.5,10300.5,0
2020-03-12 00:00:00+00:00,10274.5,10431.6,8968.8,8994.3,0
2020-03-13 00:00:00+00:00,9070.6,9989.5,8814.3,9610.8,0
2020-03-16 00:00:00+00:00,9329.4,9391.9,8228.8,8541.5,0
2020-03-17 00:00:00+00:00,8616.5,9164.3,8417.3,8863.0,0
2020-03-18 00:00:00+00:00,8862.0,8903.9,8186.0,8462.8,0
2020-03-19 00:00:00+00:00,8442.8,8816.5,7966.5,8570.8,0
2020-03-20 00:00:00+00:00,8544.2,9192.8,8463.5,8580.0,0
2020-03-23 00:00:00+00:00,8236.6,9083.0,8076.5,8776.0,0
2020-03-24 00:00:00+00:00,8931.3,9716.8,8855.5,9674.0,0
2020-03-25 00:00:00+00:00,9639.2,10116.8,9413.8,9781.8,0
2020-03-26 00:00:00+00:00,9784.8,10052.0,9493.5,10051.3,0
2020-03-27 00:00:00+00:00,10057.7,10091.1,9504.3,9520.8,0
2020-03-30 00:00:00+00:00,9343.7,9869.6,9336.6,9846.6,0
2020-03-31 00:00:00+00:00,9846.3,10071.3,9675.8,9756.7,0
2020-04-01 00:00:00+00:00,9749.8,9749.9,9300.4,9332.8,0
2020-04-02 00:00:00+00:00,9331.3,9629.6,9311.1,9590.5,0
2020-04-03 00:00:00+00:00,9590.7,9615.2,9416.4,9502.9,0
2020-04-06 00:00:00+00:00,9631.1,10247.3,9586.3,10190.1,0
2020-04-07 00:00:00+00:00,10183.6,10571.8,10081.3,10158.9,0
2020-04-08 00:00:00+00:00,10173.2,10407.8,10132.3,10387.8,0
2020-04-09 00:00:00+00:00,10379.9,10698.3,10294.5,10691.1,0
2020-04-14 00:00:00+00:00,10648.2,10811.5,10566.6,10738.7,0
2020-04-15 00:00:00+00:00,10742.1,10742.1,10227.3,10238.9,0
2020-04-16 00:00:00+00:00,10241.0,10445.8,10163.1,10442.0,0
2020-04-17 00:00:00+00:00,10539.0,10752.3,10496.4,10693.3,0
2020-04-20 00:00:00+00:00,10645.5,10767.3,10434.3,10538.0,0
2020-04-21 00:00:00+00:00,10528.8,10619.5,10224.5,10293.0,0
2020-04-22 00:00:00+00:00,10308.0,10466.5,10226.5,10434.9,0
2020-04-23 00:00:00+00:00,10431.4,10605.5,10315.3,10370.0,0
2020-04-24 00:00:00+00:00,10358.1,10482.8,10255.8,10464.3,0
2020-04-27 00:00:00+00:00,10494.6,10717.8,10413.9,10673.3,0
2020-04-28 00:00:00+00:00,10677.5,10896.5,10631.8,10732.5,0
2020-04-29 00:00:00+00:00,10775.4,11231.8,10737.4,11229.0,0
2020-04-30 00:00:00+00:00,11215.6,11336.5,10754.6,10767.2,0
2020-05-04 00:00:00+00:00,10477.8,10610.8,10370.3,10578.1,0
2020-05-05 00:00:00+00:00,10572.9,10752.5,10520.3,10637.5,0
2020-05-06 00:00:00+00:00,10638.1,10775.3,10522.2,10531.5,0
2020-05-07 00:00:00+00:00,10526.7,10799.5,10492.5,10755.9,0
2020-05-08 00:00:00+00:00,10752.6,10923.8,10745.5,10919.5,0
2020-05-11 00:00:00+00:00,10936.2,11029.8,10733.8,10861.7,0
2020-05-12 00:00:00+00:00,10864.8,10892.5,10588.5,10592.9,0
2020-05-13 00:00:00+00:00,10599.0,10703.0,10431.8,10529.4,0
2020-05-14 00:00:00+00:00,10544.6,10552.7,10159.3,10460.2,0
2020-05-15 00:00:00+00:00,10452.2,10544.3,10370.0,10526.3,0
2020-05-18 00:00:00+00:00,10508.3,11144.3,10483.9,11076.6,0
2020-05-19 00:00:00+00:00,11085.0,11228.8,10931.3,10963.0,0
2020-05-20 00:00:00+00:00,10952.6,11246.3,10943.1,11222.5,0
2020-05-21 00:00:00+00:00,11229.1,11232.2,11030.3,11049.9,0
2020-05-22 00:00:00+00:00,11053.1,11136.0,10860.0,11123.3,0
2020-05-25 00:00:00+00:00,11138.3,11399.3,11110.3,11394.3,0
2020-05-26 00:00:00+00:00,11384.0,11542.5,11351.3,11474.2,0
2020-05-27 00:00:00+00:00,11473.7,11746.2,11429.5,11739.5,0
2020-05-28 00:00:00+00:00,11731.5,11834.0,11652.8,11717.9,0
2020-05-29 00:00:00+00:00,11713.7,11728.8,11515.3,11674.0,0
2020-06-01 00:00:00+00:00,11595.0,11941.3,11525.2,11931.2,0
2020-06-02 00:00:00+00:00,11925.5,12083.5,11849.0,12080.2,0
2020-06-03 00:00:00+00:00,12088.4,12562.0,12065.9,12517.6,0
2020-06-04 00:00:00+00:00,12522.2,12565.5,12327.3,12434.8,0
2020-06-05 00:00:00+00:00,12431.8,12866.8,12398.0,12777.5,0
2020-06-08 00:00:00+00:00,12819.9,12933.3,12677.0,12916.4,0
2020-06-09 00:00:00+00:00,12922.6,12941.1,12503.8,12621.2,0
2020-06-10 00:00:00+00:00,12622.7,12768.8,12466.0,12485.9,0
2020-06-11 00:00:00+00:00,12482.3,12506.1,11757.3,11848.1,0
2020-06-12 00:00:00+00:00,11826.5,12175.3,11793.1,12017.8,0
2020-06-15 00:00:00+00:00,11871.3,12127.1,11589.8,12122.6,0
2020-06-16 00:00:00+00:00,12124.2,12438.8,12104.3,12306.5,0
2020-06-17 00:00:00+00:00,12286.7,12437.3,12221.5,12357.7,0
2020-06-18 00:00:00+00:00,12349.3,12490.5,12164.0,12244.9,0
2020-06-19 00:00:00+00:00,12240.6,12424.8,12165.9,12191.6,0
2020-06-22 00:00:00+00:00,12020.5,12382.6,11973.9,12333.7,0
2020-06-23 00:00:00+00:00,12339.4,12596.3,12139.1,12405.9,0
2020-06-24 00:00:00+00:00,12413.4,12498.2,12012.4,12168.1,0
2020-06-25 00:00:00+00:00,12153.7,12338.7,11934.4,12314.4,0
2020-06-26 00:00:00+00:00,12299.0,12346.0,12014.5,12041.5,0
2020-06-29 00:00:00+00:00,11993.2,12297.2,11936.7,12280.3,0
2020-06-30 00:00:00+00:00,12279.4,12386.3,12165.6,12330.2,0
2020-07-01 00:00:00+00:00,12332.4,12379.8,12060.6,12270.6,0
2020-07-02 00:00:00+00:00,12265.3,12637.8,12213.5,12552.4,0
2020-07-03 00:00:00+00:00,12553.9,12641.8,12452.6,12563.9,0
2020-07-06 00:00:00+00:00,12595.5,12825.4,12591.0,12723.4,0
2020-07-07 00:00:00+00:00,12725.1,12799.2,12498.3,12506.2,0
2020-07-08 00:00:00+00:00,12505.8,12653.2,12439.6,12586.5,0
2020-07-09 00:00:00+00:00,12594.8,12690.0,12425.3,12545.1,0
2020-07-10 00:00:00+00:00,12546.0,12699.1,12379.6,12688.6,0
2020-07-13 00:00:00+00:00,12744.3,12857.9,12515.6,12551.3,0
2020-07-14 00:00:00+00:00,12563.9,12777.8,12510.4,12738.2,0
2020-07-15 00:00:00+00:00,12818.7,12982.2,12750.9,12908.7,0
2020-07-16 00:00:00+00:00,12914.0,12937.2,12783.1,12850.0,0
2020-07-17 00:00:00+00:00,12857.2,12954.1,12842.6,12943.6,0
2020-07-20 00:00:00+00:00,12961.7,13089.3,12786.8,13069.5,0
2020-07-21 00:00:00+00:00,13070.4,13303.8,13062.9,13084.4,0
2020-07-22 00:00:00+00:00,13087.5,13190.3,13053.5,13127.6,0
2020-07-23 00:00:00+00:00,13133.6,13208.0,12941.0,12993.1,0
2020-07-24 00:00:00+00:00,12996.2,13023.5,12765.5,12820.8,0
2020-07-27 00:00:00+00:00,12836.0,12902.3,12750.5,12883.2,0
2020-07-28 00:00:00+00:00,12899.9,12972.0,12735.0,12781.7,0
2020-07-29 00:00:00+00:00,12781.5,12891.7,12741.8,12886.7,0
2020-07-30 00:00:00+00:00,12889.8,12889.8,12241.0,12521.2,0
2020-07-31 00:00:00+00:00,12516.7,12532.7,12199.8,12311.5,0
2020-08-03 00:00:00+00:00,12313.9,12692.5,12267.0,12653.9,0
2020-08-04 00:00:00+00:00,12660.8,12763.0,12518.8,12609.3,0
2020-08-05 00:00:00+00:00,12612.9,12754.0,12572.0,12607.8,0
2020-08-06 00:00:00+00:00,12605.5,12794.3,12510.5,12656.0,0
2020-08-07 00:00:00+00:00,12653.7,12700.8,12509.0,12700.8,0
2020-08-10 00:00:00+00:00,12681.9,12771.0,12594.3,12735.5,0
2020-08-11 00:00:00+00:00,12724.5,13043.5,12709.5,12858.0,0
2020-08-12 00:00:00+00:00,12866.8,13097.5,12822.3,13059.6,0
2020-08-13 00:00:00+00:00,13057.7,13086.3,12915.5,12968.3,0
2020-08-14 00:00:00+00:00,12967.6,13011.0,12785.8,12864.0,0
2020-08-17 00:00:00+00:00,12864.9,12957.5,12839.0,12921.9,0
2020-08-18 00:00:00+00:00,12922.5,13049.8,12797.8,12871.3,0
2020-08-19 00:00:00+00:00,12874.1,12990.3,12826.0,12925.1,0
2020-08-20 00:00:00+00:00,12933.1,12937.0,12746.5,12859.6,0
2020-08-21 00:00:00+00:00,12862.2,12935.5,12625.0,12790.5,0
2020-08-24 00:00:00+00:00,12809.3,13104.8,12779.8,13066.4,0
2020-08-25 00:00:00+00:00,13070.0,13220.8,13007.5,13098.0,0
2020-08-26 00:00:00+00:00,13101.1,13257.1,13005.5,13243.7,0
2020-08-27 00:00:00+00:00,13243.0,13244.9,13018.3,13084.8,0
2020-08-28 00:00:00+00:00,13091.2,13190.3,12943.8,13060.0,0
2020-08-31 00:00:00+00:00,13081.5,13151.8,12898.5,12932.3,0
2020-09-01 00:00:00+00:00,12929.8,13126.3,12845.0,12998.9,0
2020-09-02 00:00:00+00:00,12998.9,13354.0,12987.3,13338.5,0
2020-09-03 00:00:00+00:00,13340.6,13460.8,12930.5,13021.6,0
2020-09-04 00:00:00+00:00,12994.7,13125.8,12743.5,12962.5,0
2020-09-07 00:00:00+00:00,12898.1,13136.5,12814.2,13123.5,0
2020-09-08 00:00:00+00:00,13119.0,13162.3,12852.8,12923.8,0
2020-09-09 00:00:00+00:00,12869.1,13315.5,12780.1,13254.1,0
2020-09-10 00:00:00+00:00,13260.8,13315.5,13093.0,13124.7,0
2020-09-11 00:00:00+00:00,13134.2,13256.8,13110.5,13181.5,0
2020-09-14 00:00:00+00:00,13178.5,13339.3,13143.0,13161.9,0
2020-09-15 00:00:00+00:00,13165.8,13261.8,13134.0,13225.7,0
2020-09-16 00:00:00+00:00,13227.2,13278.5,13172.5,13209.7,0
2020-09-17 00:00:00+00:00,13215.2,13231.8,13032.0,13208.0,0
2020-09-18 00:00:00+00:00,13195.0,13246.5,13036.3,13100.0,0
2020-09-21 00:00:00+00:00,13125.8,13146.9,12479.0,12627.6,0
2020-09-22 00:00:00+00:00,12620.3,12679.3,12537.5,12660.3,0
2020-09-23 00:00:00+00:00,12662.9,12809.8,12506.3,12535.6,0
2020-09-24 00:00:00+00:00,12516.7,12674.8,12436.5,12620.3,0
2020-09-25 00:00:00+00:00,12630.8,12693.8,12319.3,12554.3,0
2020-09-28 00:00:00+00:00,12581.9,12891.4,12541.3,12876.7,0
2020-09-29 00:00:00+00:00,12877.3,12929.5,12717.8,12812.1,0
2020-09-30 00:00:00+00:00,12812.5,12881.8,12667.5,12696.6,0
2020-10-01 00:00:00+00:00,12719.8,12842.0,12650.5,12695.7,0
2020-10-02 00:00:00+00:00,12699.6,12723.3,12522.5,12693.3,0
2020-10-05 00:00:00+00:00,12718.7,12872.0,12709.8,12854.0,0
2020-10-06 00:00:00+00:00,12859.0,12949.5,12741.0,12757.8,0
2020-10-07 00:00:00+00:00,12774.2,12945.0,12746.2,12929.7,0
2020-10-08 00:00:00+00:00,12922.0,13087.3,12919.8,13069.0,0
2020-10-09 00:00:00+00:00,13069.4,13097.2,12992.8,13042.8,0
2020-10-12 00:00:00+00:00,13053.3,13170.0,13018.2,13154.2,0
2020-10-13 00:00:00+00:00,13161.5,13170.7,12940.8,12978.0,0
2020-10-14 00:00:00+00:00,12979.4,13052.5,12936.5,12952.8,0
2020-10-15 00:00:00+00:00,12955.4,12982.5,12581.3,12727.9,0
2020-10-16 00:00:00+00:00,12732.2,12944.0,12691.5,12887.3,0
2020-10-19 00:00:00+00:00,12870.7,13017.5,12708.0,12766.8,0
2020-10-20 00:00:00+00:00,12770.0,12837.0,12677.5,12707.1,0
2020-10-21 00:00:00+00:00,12737.0,12806.3,12521.5,12540.3,0
2020-10-22 00:00:00+00:00,12534.5,12592.0,12329.0,12580.8,0
2020-10-23 00:00:00+00:00,12600.1,12708.3,12493.5,12651.0,0
2020-10-26 00:00:00+00:00,12642.2,12642.2,12078.5,12195.8,0
2020-10-27 00:00:00+00:00,12190.6,12267.0,11928.5,11933.0,0
2020-10-28 00:00:00+00:00,11920.2,11950.8,11444.0,11514.5,0
2020-10-29 00:00:00+00:00,11513.2,11696.0,11442.8,11576.8,0
2020-10-30 00:00:00+00:00,11567.6,11630.3,11317.0,11621.3,0
2020-11-02 00:00:00+00:00,11573.8,11829.0,11495.6,11795.1,0
2020-11-03 00:00:00+00:00,11797.0,12179.0,11788.2,12147.9,0
2020-11-04 00:00:00+00:00,12161.7,12356.5,11773.8,12266.9,0
2020-11-05 00:00:00+00:00,12288.9,12582.0,12229.8,12541.0,0
2020-11-06 00:00:00+00:00,12529.3,12584.5,12359.8,12472.5,0
2020-11-09 00:00:00+00:00,12532.0,13289.5,12519.6,12989.4,0
2020-11-10 00:00:00+00:00,13002.3,13232.5,12867.0,13167.5,0
2020-11-11 00:00:00+00:00,13166.1,13249.5,13089.3,13236.0,0
2020-11-12 00:00:00+00:00,13238.6,13240.3,12931.5,12984.4,0
2020-11-13 00:00:00+00:00,12981.2,13134.5,12924.8,13117.5,0
2020-11-16 00:00:00+00:00,13146.9,13273.3,13068.5,13146.4,0
2020-11-17 00:00:00+00:00,13140.4,13162.0,13042.0,13121.4,0
2020-11-18 00:00:00+00:00,13133.8,13206.5,13065.8,13093.1,0
2020-11-19 00:00:00+00:00,13100.7,13147.5,13026.0,13082.1,0
2020-11-20 00:00:00+00:00,13081.3,13163.0,13032.8,13121.3,0
2020-11-23 00:00:00+00:00,13117.3,13308.3,13116.3,13182.3,0
2020-11-24 00:00:00+00:00,13188.2,13342.4,13180.6,13333.1,0
2020-11-25 00:00:00+00:00,13334.6,13369.0,13226.8,13292.3,0
2020-11-26 00:00:00+00:00,13295.7,13326.8,13243.0,13269.8,0
2020-11-27 00:00:00+00:00,13275.8,13362.5,13235.8,13361.8,0
2020-11-30 00:00:00+00:00,13388.5,13442.8,13221.0,13316.2,0
2020-12-01 00:00:00+00:00,13311.2,13432.0,13291.5,13375.5,0
2020-12-02 00:00:00+00:00,13379.4,13392.3,13265.0,13301.6,0
2020-12-03 00:00:00+00:00,13305.0,13323.8,13177.0,13203.6,0
2020-12-04 00:00:00+00:00,13212.1,13314.0,13199.3,13295.0,0
2020-12-07 00:00:00+00:00,13319.8,13323.4,13155.0,13242.4,0
2020-12-08 00:00:00+00:00,13245.8,13315.8,13195.0,13309.3,0
2020-12-09 00:00:00+00:00,13332.5,13455.8,13279.8,13340.0,0
2020-12-10 00:00:00+00:00,13333.0,13368.3,13207.3,13283.0,0
2020-12-11 00:00:00+00:00,13293.4,13311.0,13002.8,13143.5,0
2020-12-14 00:00:00+00:00,13201.6,13292.3,13143.5,13205.2,0
2020-12-15 00:00:00+00:00,13212.8,13434.1,13182.0,13417.1,0
2020-12-16 00:00:00+00:00,13423.5,13596.8,13380.8,13581.9,0
2020-12-17 00:00:00+00:00,13577.7,13735.3,13554.5,13685.5,0
2020-12-18 00:00:00+00:00,13679.9,13762.0,13588.0,13639.3,0
2020-12-21 00:00:00+00:00,13650.0,13652.6,13032.5,13354.3,0
2020-12-22 00:00:00+00:00,13357.1,13427.5,13219.5,13395.6,0
2020-12-23 00:00:00+00:00,13394.1,13608.5,13320.0,13602.6,0
2020-12-28 00:00:00+00:00,13639.2,13813.5,13602.5,13774.0,0
2020-12-29 00:00:00+00:00,13771.5,13896.0,13679.5,13716.4,0
2020-12-30 00:00:00+00:00,13716.8,13786.0,13641.9,13659.1,0
2020-12-31 00:00:00+00:00,13660.0,13671.7,13657.9,13668.4,0
2021-01-04 00:00:00+00:00,13715.9,13912.0,13579.5,13680.2,0
2021-01-05 00:00:00+00:00,13676.8,13757.5,13552.5,13685.7,0
2021-01-06 00:00:00+00:00,13687.1,13922.0,13603.0,13869.6,0
2021-01-07 00:00:00+00:00,13878.7,13996.0,13849.0,13980.4,0
2021-01-08 00:00:00+00:00,13982.5,14122.5,13967.2,14078.0,0
2021-01-11 00:00:00+00:00,14070.4,14089.2,13793.5,13926.2,0
2021-01-12 00:00:00+00:00,13935.8,13992.5,13829.5,13908.6,0
2021-01-13 00:00:00+00:00,13914.6,13966.5,13854.5,13944.4,0
2021-01-14 00:00:00+00:00,13949.1,14017.5,13928.0,13953.4,0
2021-01-15 00:00:00+00:00,13968.3,13984.4,13660.0,13757.0,0
2021-01-18 00:00:00+00:00,13746.6,13900.5,13680.5,13882.5,0
2021-01-19 00:00:00+00:00,13869.0,13950.5,13790.5,13848.5,0
2021-01-20 00:00:00+00:00,13853.1,13957.5,13786.0,13932.1,0
2021-01-21 00:00:00+00:00,13938.1,14016.0,13859.0,13928.9,0
2021-01-22 00:00:00+00:00,13927.5,13933.9,13730.5,13865.5,0
2021-01-25 00:00:00+00:00,13888.9,13945.5,13587.5,13714.8,0
2021-01-26 00:00:00+00:00,13710.8,13921.0,13579.0,13887.1,0
2021-01-27 00:00:00+00:00,13884.0,13908.1,13387.3,13488.4,0
2021-01-28 00:00:00+00:00,13508.2,13709.0,13299.5,13601.6,0
2021-01-29 00:00:00+00:00,13611.6,13630.0,13358.0,13412.5,0
2021-02-01 00:00:00+00:00,13352.6,13678.5,13265.9,13658.4,0
2021-02-02 00:00:00+00:00,13658.1,13889.9,13628.5,13879.9,0
2021-02-03 00:00:00+00:00,13885.0,13982.0,13853.5,13973.6,0
2021-02-04 00:00:00+00:00,13978.8,14072.1,13899.5,14060.6,0
2021-02-05 00:00:00+00:00,14057.9,14104.5,14001.5,14055.5,0
2021-02-08 00:00:00+00:00,14084.8,14182.5,14031.5,14077.4,0
2021-02-09 00:00:00+00:00,14053.7,14078.5,13949.0,14029.5,0
2021-02-10 00:00:00+00:00,14032.5,14090.5,13816.5,13926.1,0
2021-02-11 00:00:00+00:00,13927.2,14043.5,13893.5,14011.1,0
2021-02-12 00:00:00+00:00,14012.6,14068.5,13904.5,14063.0,0
2021-02-15 00:00:00+00:00,14092.5,14152.0,14066.5,14117.5,0
2021-02-16 00:00:00+00:00,14122.8,14153.5,14028.5,14052.2,0
2021-02-17 00:00:00+00:00,14050.2,14063.0,13875.5,13942.9,0
2021-02-18 00:00:00+00:00,13945.6,13970.5,13844.5,13918.6,0
2021-02-19 00:00:00+00:00,13919.1,14019.5,13844.0,13957.0,0
2021-02-22 00:00:00+00:00,13978.4,14029.0,13791.0,13927.1,0
2021-02-23 00:00:00+00:00,13927.6,14005.5,13655.5,13876.7,0
2021-02-24 00:00:00+00:00,13879.5,14028.7,13782.5,14013.7,0
2021-02-25 00:00:00+00:00,14012.9,14069.0,13738.0,13753.2,0
2021-02-26 00:00:00+00:00,13762.3,13875.5,13637.5,13785.5,0
2021-03-01 00:00:00+00:00,13811.9,14048.6,13811.3,14036.2,0
2021-03-02 00:00:00+00:00,14034.1,14097.5,13921.5,14030.5,0
2021-03-03 00:00:00+00:00,14038.0,14194.5,13972.0,14002.4,0
2021-03-04 00:00:00+00:00,14013.0,14093.0,13895.5,13964.0,0
2021-03-05 00:00:00+00:00,13960.4,14065.5,13860.5,14048.5,0
2021-03-08 00:00:00+00:00,14122.5,14408.5,13958.5,14380.4,0
2021-03-09 00:00:00+00:00,14389.2,14474.5,14304.0,14453.1,0
2021-03-10 00:00:00+00:00,14463.1,14587.3,14386.0,14586.6,0
2021-03-11 00:00:00+00:00,14585.5,14595.0,14514.0,14546.5,0
2021-03-12 00:00:00+00:00,14554.5,14579.8,14448.0,14562.0,0
2021-03-15 00:00:00+00:00,14583.6,14599.1,14406.5,14502.0,0
2021-03-16 00:00:00+00:00,14507.5,14601.5,14477.5,14561.5,0
2021-03-17 00:00:00+00:00,14564.4,14683.5,14530.0,14664.5,0
2021-03-18 00:00:00+00:00,14662.2,14805.3,14660.5,14695.5,0
2021-03-19 00:00:00+00:00,14706.7,14761.0,14574.5,14646.5,0
2021-03-22 00:00:00+00:00,14619.0,14693.5,14551.5,14671.0,0
2021-03-23 00:00:00+00:00,14670.2,14719.5,14526.5,14630.5,0
2021-03-24 00:00:00+00:00,14638.9,14638.9,14531.0,14567.0,0
2021-03-25 00:00:00+00:00,14564.4,14709.5,14430.5,14708.0,0
2021-03-26 00:00:00+00:00,14708.0,14866.0,14683.4,14863.0,0
2021-03-29 00:00:00+00:00,14858.3,14906.5,14733.5,14889.3,0
2021-03-30 00:00:00+00:00,14894.0,15043.5,14864.5,15001.3,0
2021-03-31 00:00:00+00:00,14997.2,15061.0,14968.0,15034.8,0
2021-04-01 00:00:00+00:00,15039.9,15208.5,15028.0,15196.2,0
2021-04-06 00:00:00+00:00,15342.3,15342.7,15181.0,15216.1,0
2021-04-07 00:00:00+00:00,15216.5,15256.5,15171.5,15237.9,0
2021-04-08 00:00:00+00:00,15238.0,15270.5,15160.5,15241.4,0
2021-04-09 00:00:00+00:00,15236.2,15277.5,15171.0,15275.0,0
2021-04-12 00:00:00+00:00,15240.3,15288.5,15203.0,15260.7,0
2021-04-13 00:00:00+00:00,15260.8,15297.5,15196.5,15273.7,0
2021-04-14 00:00:00+00:00,15273.8,15314.5,15180.5,15201.6,0
2021-04-15 00:00:00+00:00,15205.6,15305.2,15195.5,15293.4,0
2021-04-16 00:00:00+00:00,15293.3,15527.5,15275.0,15524.5,0
2021-04-19 00:00:00+00:00,15479.2,15516.5,15350.5,15398.7,0
2021-04-20 00:00:00+00:00,15399.0,15418.4,15121.5,15151.5,0
2021-04-21 00:00:00+00:00,15155.3,15282.5,15089.0,15255.7,0
2021-04-22 00:00:00+00:00,15262.9,15354.5,15228.5,15265.1,0
2021-04-23 00:00:00+00:00,15265.6,15327.0,15164.0,15288.5,0
2021-04-26 00:00:00+00:00,15305.1,15343.0,15250.0,15305.8,0
2021-04-27 00:00:00+00:00,15306.0,15327.5,15200.0,15288.5,0
2021-04-28 00:00:00+00:00,15292.0,15369.0,15248.5,15321.2,0
2021-04-29 00:00:00+00:00,15322.5,15346.5,15093.5,15192.5,0
2021-04-30 00:00:00+00:00,15192.8,15254.5,15105.5,15151.0,0
2021-05-03 00:00:00+00:00,15169.5,15279.5,15116.5,15260.5,0
2021-05-04 00:00:00+00:00,15262.8,15272.0,14834.5,14911.3,0
2021-05-05 00:00:00+00:00,14912.7,15197.0,14901.2,15167.8,0
2021-05-06 00:00:00+00:00,15173.3,15284.5,15094.0,15261.6,0
2021-05-07 00:00:00+00:00,15264.5,15416.0,15232.5,15407.5,0
2021-05-10 00:00:00+00:00,15394.7,15467.5,15272.1,15291.3,0
2021-05-11 00:00:00+00:00,15347.5,15354.8,15003.5,15104.5,0
2021-05-12 00:00:00+00:00,15104.4,15225.0,14995.5,15079.6,0
2021-05-13 00:00:00+00:00,15089.7,15264.8,14807.0,15263.2,0
2021-05-14 00:00:00+00:00,15257.8,15457.1,15206.6,15453.6,0
2021-05-17 00:00:00+00:00,15459.4,15495.6,15345.1,15428.2,0
2021-05-18 00:00:00+00:00,15426.4,15536.6,15283.7,15297.9,0
2021-05-19 00:00:00+00:00,15296.9,15333.1,14952.6,15153.8,0
2021-05-20 00:00:00+00:00,15151.5,15391.1,15094.6,15350.4,0
2021-05-21 00:00:00+00:00,15421.6,15460.6,15359.6,15428.1,0
2021-05-24 00:00:00+00:00,15412.0,15583.6,15394.4,15565.7,0
2021-05-25 00:00:00+00:00,15563.3,15599.6,15449.6,15485.3,0
2021-05-26 00:00:00+00:00,15482.7,15536.0,15397.6,15449.1,0
2021-05-27 00:00:00+00:00,15448.4,15485.6,15344.1,15468.0,0
2021-05-28 00:00:00+00:00,15458.3,15543.6,15426.6,15482.6,0
2021-05-31 00:00:00+00:00,15493.2,15519.5,15407.6,15431.1,0
2021-06-01 00:00:00+00:00,15466.3,15682.1,15428.0,15569.3,0
2021-06-02 00:00:00+00:00,15569.2,15626.6,15540.0,15589.2,0
2021-06-03 00:00:00+00:00,15593.5,15653.6,15468.6,15638.4,0
2021-06-04 00:00:00+00:00,15636.1,15703.1,15576.0,15694.6,0
2021-06-07 00:00:00+00:00,15687.5,15728.6,15606.6,15700.7,0
2021-06-08 00:00:00+00:00,15703.0,15725.6,15632.6,15663.2,0
2021-06-09 00:00:00+00:00,15664.8,15674.5,15499.6,15584.8,0
2021-06-10 00:00:00+00:00,15579.8,15638.1,15511.6,15589.7,0
2021-06-11 00:00:00+00:00,15590.4,15722.1,15546.1,15721.6,0
2021-06-14 00:00:00+00:00,15743.2,15804.6,15669.1,15714.7,0
2021-06-15 00:00:00+00:00,15714.8,15792.1,15705.9,15737.2,0
2021-06-16 00:00:00+00:00,15738.0,15759.6,15669.1,15673.7,0
2021-06-17 00:00:00+00:00,15676.8,15760.6,15615.5,15721.8,0
2021-06-18 00:00:00+00:00,15719.1,15734.1,15402.6,15426.1,0
2021-06-21 00:00:00+00:00,15401.6,15633.3,15253.0,15627.9,0
2021-06-22 00:00:00+00:00,15634.4,15640.3,15492.6,15610.3,0
2021-06-23 00:00:00+00:00,15611.3,15654.6,15432.6,15461.4,0
2021-06-24 00:00:00+00:00,15460.9,15596.4,15457.1,15593.6,0
2021-06-25 00:00:00+00:00,15590.8,15618.1,15512.6,15589.6,0
2021-06-28 00:00:00+00:00,15591.0,15650.6,15521.6,15557.8,0
2021-06-29 00:00:00+00:00,15554.1,15736.6,15512.5,15683.9,0
2021-06-30 00:00:00+00:00,15683.8,15709.7,15439.6,15565.2,0
2021-07-01 00:00:00+00:00,15564.3,15692.6,15472.1,15605.1,0
2021-07-02 00:00:00+00:00,15603.9,15691.6,15582.6,15647.6,0
2021-07-05 00:00:00+00:00,15642.5,15656.6,15513.6,15647.0,0
2021-07-06 00:00:00+00:00,15644.5,15676.0,15446.6,15487.2,0
2021-07-07 00:00:00+00:00,15483.3,15703.0,15459.0,15700.8,0
2021-07-08 00:00:00+00:00,15699.6,15700.4,15287.1,15388.7,0
2021-07-09 00:00:00+00:00,15390.6,15682.0,15340.5,15667.5,0
2021-07-12 00:00:00+00:00,15677.9,15791.1,15615.1,15774.5,0
2021-07-13 00:00:00+00:00,15777.5,15798.5,15731.6,15760.7,0
2021-07-14 00:00:00+00:00,15763.1,15795.1,15699.1,15754.7,0
2021-07-15 00:00:00+00:00,15757.5,15767.5,15573.0,15610.7,0
2021-07-16 00:00:00+00:00,15607.0,15686.1,15460.1,15487.5,0
2021-07-19 00:00:00+00:00,15486.3,15496.1,15031.6,15132.3,0
2021-07-20 00:00:00+00:00,15137.2,15286.1,15077.1,15251.8,0
2021-07-21 00:00:00+00:00,15248.7,15453.3,15181.6,15452.5,0
2021-07-22 00:00:00+00:00,15450.3,15566.1,15422.0,15551.4,0
2021-07-23 00:00:00+00:00,15548.2,15678.5,15527.1,15649.0,0
2021-07-26 00:00:00+00:00,15651.1,15662.5,15530.6,15612.7,0
2021-07-27 00:00:00+00:00,15615.4,15619.0,15407.1,15501.4,0
2021-07-28 00:00:00+00:00,15490.0,15574.0,15470.5,15536.8,0
2021-07-29 00:00:00+00:00,15542.0,15649.1,15493.0,15563.2,0
2021-07-30 00:00:00+00:00,15553.2,15600.1,15425.6,15534.0,0
2021-08-02 00:00:00+00:00,15551.6,15694.1,15498.6,15513.9,0
2021-08-03 00:00:00+00:00,15516.2,15595.1,15480.6,15554.7,0
2021-08-04 00:00:00+00:00,15558.9,15701.1,15540.0,15664.7,0
2021-08-05 00:00:00+00:00,15663.2,15744.5,15647.5,15735.1,0
2021-08-06 00:00:00+00:00,15732.4,15795.1,15709.0,15760.0,0
2021-08-09 00:00:00+00:00,15758.0,15788.1,15685.1,15751.2,0
2021-08-10 00:00:00+00:00,15749.7,15790.1,15706.0,15771.8,0
2021-08-11 00:00:00+00:00,15770.2,15878.6,15712.1,15845.4,0
2021-08-12 00:00:00+00:00,15839.7,15965.5,15803.0,15948.3,0
2021-08-13 00:00:00+00:00,15945.6,16023.1,15918.5,15977.5,0
2021-08-16 00:00:00+00:00,15958.9,15964.6,15841.1,15939.0,0
2021-08-17 00:00:00+00:00,15940.9,15940.9,15800.1,15882.3,0
2021-08-18 00:00:00+00:00,15879.2,15969.0,15843.2,15869.8,0
2021-08-19 00:00:00+00:00,15876.6,15895.3,15614.6,15793.5,0
2021-08-20 00:00:00+00:00,15793.8,15824.0,15646.6,15813.5,0
2021-08-23 00:00:00+00:00,15813.5,15933.0,15790.1,15853.7,0
2021-08-24 00:00:00+00:00,15852.3,15920.5,15846.6,15892.2,0
2021-08-25 00:00:00+00:00,15892.7,15927.6,15832.5,15842.1,0
2021-08-26 00:00:00+00:00,15842.7,15843.5,15690.1,15761.6,0
2021-08-27 00:00:00+00:00,15761.9,15869.5,15719.5,15851.0,0
2021-08-30 00:00:00+00:00,15852.6,15891.4,15809.0,15887.4,0
2021-08-31 00:00:00+00:00,15886.2,16003.6,15754.1,15831.5,0
2021-09-01 00:00:00+00:00,15832.2,15977.1,15766.6,15801.8,0
2021-09-02 00:00:00+00:00,15802.9,15873.1,15759.5,15812.8,0
2021-09-03 00:00:00+00:00,15813.8,15867.1,15682.1,15765.5,0
2021-09-06 00:00:00+00:00,15759.4,15957.6,15720.0,15926.0,0
2021-09-07 00:00:00+00:00,15918.1,15926.0,15804.0,15820.9,0
2021-09-08 00:00:00+00:00,15825.8,15843.5,15585.6,15607.0,0
2021-09-09 00:00:00+00:00,15609.7,15692.1,15448.1,15566.3,0
2021-09-10 00:00:00+00:00,15577.0,15701.6,15545.5,15551.0,0
2021-09-13 00:00:00+00:00,15568.6,15786.6,15552.0,15737.6,0
2021-09-14 00:00:00+00:00,15731.2,15763.1,15659.6,15690.4,0
2021-09-15 00:00:00+00:00,15689.2,15753.0,15611.6,15695.4,0
2021-09-16 00:00:00+00:00,15693.3,15747.1,15635.0,15675.6,0
2021-09-17 00:00:00+00:00,15680.0,15771.1,15407.5,15486.5,0
2021-09-20 00:00:00+00:00,15467.0,15490.0,14997.6,15089.6,0
2021-09-21 00:00:00+00:00,15085.6,15374.6,15075.2,15273.6,0
2021-09-22 00:00:00+00:00,15268.8,15529.5,15203.1,15488.8,0
2021-09-23 00:00:00+00:00,15487.3,15676.1,15486.3,15642.0,0
2021-09-24 00:00:00+00:00,15640.4,15736.0,15472.6,15528.5,0
2021-09-27 00:00:00+00:00,15543.9,15698.5,15530.1,15568.7,0
2021-09-28 00:00:00+00:00,15570.4,15607.0,15206.5,15247.3,0
2021-09-29 00:00:00+00:00,15257.5,15405.6,15216.5,15339.7,0
2021-09-30 00:00:00+00:00,15348.4,15454.0,15183.5,15211.6,0
2021-10-01 00:00:00+00:00,15224.8,15253.0,14963.1,15222.0,0
2021-10-04 00:00:00+00:00,15243.8,15278.0,14994.6,15057.7,0
2021-10-05 00:00:00+00:00,15066.4,15188.5,14972.0,15162.4,0
2021-10-06 00:00:00+00:00,15156.1,15174.5,14794.6,15044.9,0
2021-10-07 00:00:00+00:00,15043.8,15242.5,15043.8,15202.2,0
2021-10-08 00:00:00+00:00,15204.7,15251.0,15165.1,15180.0,0
2021-10-11 00:00:00+00:00,15193.2,15223.0,15071.6,15110.4,0
2021-10-12 00:00:00+00:00,15111.2,15163.0,14991.1,15100.2,0
2021-10-13 00:00:00+00:00,15107.2,15286.1,15092.1,15255.8,0
2021-10-14 00:00:00+00:00,15254.9,15502.4,15254.1,15498.1,0
2021-10-15 00:00:00+00:00,15491.0,15582.1,15447.1,15578.5,0
2021-10-18 00:00:00+00:00,15605.7,15613.3,15400.1,15467.7,0
2021-10-19 00:00:00+00:00,15465.8,15510.5,15438.1,15498.9,0
2021-10-20 00:00:00+00:00,15500.5,15554.1,15445.1,15490.7,0
2021-10-21 00:00:00+00:00,15492.7,15516.1,15380.1,15464.8,0
2021-10-22 00:00:00+00:00,15465.3,15597.1,15451.0,15555.5,0
2021-10-25 00:00:00+00:00,15520.0,15635.2,15505.3,15633.8,0
2021-10-26 00:00:00+00:00,15633.2,15767.1,15618.0,15712.6,0
2021-10-27 00:00:00+00:00,15712.4,15743.0,15654.1,15670.8,0
2021-10-28 00:00:00+00:00,15675.7,15701.5,15614.6,15648.7,0
2021-10-29 00:00:00+00:00,15645.7,15714.0,15482.1,15702.5,0
2021-11-01 00:00:00+00:00,15739.2,15837.1,15714.0,15808.5,0
2021-11-02 00:00:00+00:00,15806.2,15949.1,15757.0,15945.0,0
2021-11-03 00:00:00+00:00,15944.3,16020.5,15909.1,16019.5,0
2021-11-04 00:00:00+00:00,16025.8,16052.5,15984.6,16017.0,0
2021-11-05 00:00:00+00:00,16013.5,16077.1,15981.0,16037.5,0
2021-11-08 00:00:00+00:00,16029.9,16060.1,15999.5,16019.2,0
2021-11-09 00:00:00+00:00,16017.0,16097.1,15983.5,16018.3,0
2021-11-10 00:00:00+00:00,16017.8,16070.1,15978.1,16012.1,0
2021-11-11 00:00:00+00:00,16011.9,16109.1,15988.0,16082.7,0
2021-11-12 00:00:00+00:00,16085.8,16116.5,16058.1,16087.0,0
2021-11-15 00:00:00+00:00,16104.0,16144.5,16063.1,16132.5,0
2021-11-16 00:00:00+00:00,16130.4,16261.1,16109.5,16232.2,0
2021-11-17 00:00:00+00:00,16236.1,16278.1,16202.5,16244.6,0
2021-11-18 00:00:00+00:00,16245.0,16284.6,16186.1,16246.9,0
2021-11-19 00:00:00+00:00,16250.2,16291.5,16086.1,16144.0,0
2021-11-22 00:00:00+00:00,16169.7,16199.1,16048.9,16082.1,0
2021-11-23 00:00:00+00:00,16083.2,16092.0,15859.6,15983.7,0
2021-11-24 00:00:00+00:00,15980.8,16022.5,15735.1,15902.4,0
2021-11-25 00:00:00+00:00,15901.1,15960.5,15858.1,15919.5,0
2021-11-26 00:00:00+00:00,15907.7,15908.6,15019.5,15113.0,0
2021-11-29 00:00:00+00:00,15225.7,15458.5,15206.8,15338.6,0
2021-11-30 00:00:00+00:00,15346.0,15421.5,14907.5,15174.7,0
2021-12-01 00:00:00+00:00,15178.9,15504.6,15103.5,15166.6,0
2021-12-02 00:00:00+00:00,15181.7,15392.5,15165.1,15362.1,0
2021-12-03 00:00:00+00:00,15363.0,15433.1,15079.5,15176.5,0
2021-12-06 00:00:00+00:00,15169.8,15418.3,15143.6,15417.6,0
2021-12-07 00:00:00+00:00,15414.5,15864.5,15365.0,15854.5,0
2021-12-08 00:00:00+00:00,15854.3,15859.0,15675.5,15708.6,0
2021-12-09 00:00:00+00:00,15707.7,15752.0,15583.6,15609.4,0
2021-12-10 00:00:00+00:00,15610.1,15688.1,15524.5,15644.0,0
2021-12-13 00:00:00+00:00,15663.1,15794.1,15585.1,15618.6,0
2021-12-14 00:00:00+00:00,15618.3,15696.6,15425.5,15521.8,0
2021-12-15 00:00:00+00:00,15518.0,15657.7,15448.0,15634.9,0
2021-12-16 00:00:00+00:00,15634.2,15780.6,15527.5,15576.7,0
2021-12-17 00:00:00+00:00,15572.8,15600.5,15406.1,15460.0,0
2021-12-20 00:00:00+00:00,15491.1,15493.8,15046.6,15342.2,0
2021-12-21 00:00:00+00:00,15340.3,15507.2,15288.1,15504.9,0
2021-12-22 00:00:00+00:00,15500.1,15628.7,15408.1,15622.2,0
2021-12-23 00:00:00+00:00,15619.8,15763.5,15586.0,15734.3,0
2021-12-27 00:00:00+00:00,15727.2,15886.7,15652.0,15874.6,0
2021-12-28 00:00:00+00:00,15868.0,15965.1,15817.1,15924.3,0
2021-12-29 00:00:00+00:00,15927.5,15956.5,15787.1,15843.1,0
2021-12-30 00:00:00+00:00,15847.6,15916.1,15802.5,15833.1,0
2021-12-31 00:00:00+00:00,15835.3,15835.3,15834.3,15835.3,0
2022-01-03 00:00:00+00:00,15857.0,16055.3,15837.4,16041.9,0
2022-01-04 00:00:00+00:00,16044.5,16189.1,15993.5,16135.1,0
2022-01-05 00:00:00+00:00,16132.7,16273.6,16062.5,16082.9,0
2022-01-06 00:00:00+00:00,16083.9,16143.1,15950.5,16027.7,0
2022-01-07 00:00:00+00:00,16042.3,16067.0,15848.1,15939.0,0
2022-01-10 00:00:00+00:00,15938.1,16002.1,15711.1,15851.4,0
2022-01-11 00:00:00+00:00,15858.0,15998.8,15810.0,15983.0,0
2022-01-12 00:00:00+00:00,15985.8,16064.5,15938.1,15992.8,0
2022-01-13 00:00:00+00:00,15995.8,16077.1,15875.5,15899.4,0
2022-01-14 00:00:00+00:00,15909.3,15960.1,15820.1,15930.5,0
2022-01-17 00:00:00+00:00,15975.2,15975.2,15878.1,15925.5,0
2022-01-18 00:00:00+00:00,15934.4,15953.0,15656.1,15776.5,0
2022-01-19 00:00:00+00:00,15784.4,15890.1,15613.5,15763.5,0
2022-01-20 00:00:00+00:00,15767.4,15911.5,15634.2,15699.9,0
2022-01-21 00:00:00+00:00,15695.2,15742.6,15436.5,15444.0,0
2022-01-24 00:00:00+00:00,15442.8,15579.1,14829.0,15266.4,0
2022-01-25 00:00:00+00:00,15249.6,15263.5,14971.6,15027.9,0
2022-01-26 00:00:00+00:00,15043.9,15545.0,15042.3,15360.5,0
2022-01-28 00:00:00+00:00,15515.9,15529.9,15112.1,15434.0,0
2022-01-31 00:00:00+00:00,15408.2,15571.0,15329.6,15523.5,0
2022-02-01 00:00:00+00:00,15528.4,15718.1,15471.5,15698.7,0
2022-02-02 00:00:00+00:00,15705.8,15730.1,15521.2,15550.9,0
2022-02-03 00:00:00+00:00,15562.4,15595.1,15282.0,15425.1,0
2022-02-04 00:00:00+00:00,15418.1,15494.0,15050.6,15150.0,0
2022-02-07 00:00:00+00:00,15173.5,15254.5,15069.1,15201.6,0
2022-02-08 00:00:00+00:00,15202.1,15335.1,15151.6,15289.0,0
2022-02-09 00:00:00+00:00,15290.7,15539.7,15284.0,15527.6,0
2022-02-10 00:00:00+00:00,15533.2,15610.1,15350.5,15385.5,0
2022-02-11 00:00:00+00:00,15382.3,15501.6,15109.5,15161.0,0
2022-02-14 00:00:00+00:00,15171.3,15229.6,14830.6,15072.9,0
2022-02-15 00:00:00+00:00,15069.6,15426.5,14999.5,15407.5,0
2022-02-16 00:00:00+00:00,15410.1,15534.1,15314.5,15403.6,0
2022-02-17 00:00:00+00:00,15404.6,15429.2,15123.5,15157.2,0
2022-02-18 00:00:00+00:00,15155.7,15346.5,14976.6,15031.0,0
2022-02-21 00:00:00+00:00,14905.8,15225.5,14381.5,14459.0,0
2022-02-22 00:00:00+00:00,14440.3,14773.6,14295.5,14696.6,0
2022-02-23 00:00:00+00:00,14691.1,14892.1,14464.9,14475.5,0
2022-02-24 00:00:00+00:00,14479.5,14512.6,13783.0,14258.2,0
2022-02-25 00:00:00+00:00,14247.4,14661.0,14014.1,14657.0,0
2022-02-28 00:00:00+00:00,14194.9,14509.1,13928.0,14282.2,0
2022-03-01 00:00:00+00:00,14273.1,14468.5,13753.0,13845.7,0
2022-03-02 00:00:00+00:00,13840.1,14109.6,13702.1,13975.3,0
2022-03-03 00:00:00+00:00,13977.4,14062.0,13597.0,13668.9,0
2022-03-04 00:00:00+00:00,13675.7,13702.6,12952.5,13098.5,0
2022-03-07 00:00:00+00:00,12986.0,13142.1,12424.1,12590.6,0
2022-03-08 00:00:00+00:00,12594.0,13335.0,12459.5,12967.3,0
2022-03-09 00:00:00+00:00,12968.8,13987.0,12963.0,13841.2,0
2022-03-10 00:00:00+00:00,13843.2,13852.4,13334.6,13478.5,0
2022-03-11 00:00:00+00:00,13463.9,14095.1,13268.5,13534.0,0
2022-03-14 00:00:00+00:00,13606.2,14079.1,13605.7,13893.0,0
2022-03-15 00:00:00+00:00,13895.6,14007.5,13571.6,13981.0,0
2022-03-16 00:00:00+00:00,13980.4,14556.1,13921.5,14505.0,0
2022-03-17 00:00:00+00:00,14488.0,14529.0,14250.1,14398.0,0
2022-03-18 00:00:00+00:00,14402.7,14509.0,14116.6,14478.0,0
2022-03-21 00:00:00+00:00,14450.5,14477.8,14238.5,14327.0,0
2022-03-22 00:00:00+00:00,14317.3,14541.5,14242.0,14518.5,0
2022-03-23 00:00:00+00:00,14509.9,14595.5,14210.5,14213.5,0
2022-03-24 00:00:00+00:00,14218.1,14393.1,14202.0,14353.0,0
2022-03-25 00:00:00+00:00,14327.5,14445.1,14259.6,14403.0,0
2022-03-28 00:00:00+00:00,14399.6,14645.6,14314.5,14555.1,0
2022-03-29 00:00:00+00:00,14549.3,14943.6,14530.4,14844.3,0
2022-03-30 00:00:00+00:00,14840.2,14848.1,14542.5,14624.1,0
2022-03-31 00:00:00+00:00,14611.0,14748.1,14337.4,14392.4,0
2022-04-01 00:00:00+00:00,14388.5,14525.6,14373.0,14494.5,0
2022-04-04 00:00:00+00:00,14488.5,14584.0,14347.6,14562.3,0
2022-04-05 00:00:00+00:00,14567.1,14621.6,14352.5,14402.6,0
2022-04-06 00:00:00+00:00,14400.7,14454.6,14042.1,14137.6,0
2022-04-07 00:00:00+00:00,14144.5,14335.1,14051.0,14207.4,0
2022-04-08 00:00:00+00:00,14201.5,14341.1,14155.0,14245.0,0
2022-04-11 00:00:00+00:00,14284.1,14320.6,14063.4,14088.4,0
2022-04-12 00:00:00+00:00,14093.5,14198.1,13898.6,14033.9,0
2022-04-13 00:00:00+00:00,14044.1,14163.5,13975.6,14097.2,0
2022-04-14 00:00:00+00:00,14099.0,14219.6,14053.6,14109.0,0
2022-04-19 00:00:00+00:00,14195.5,14260.3,14005.1,14210.7,0
2022-04-20 00:00:00+00:00,14206.0,14396.0,14153.1,14384.5,0
2022-04-21 00:00:00+00:00,14379.4,14616.6,14318.5,14340.0,0
2022-04-22 00:00:00+00:00,14343.3,14390.1,14059.0,14077.0,0
2022-04-25 00:00:00+00:00,14053.7,14121.0,13870.5,14103.6,0
2022-04-26 00:00:00+00:00,14098.8,14179.5,13551.3,13561.4,0
2022-04-27 00:00:00+00:00,13596.4,13867.6,13577.1,13854.8,0
2022-04-28 00:00:00+00:00,13863.3,14139.0,13774.5,14051.8,0
2022-04-29 00:00:00+00:00,14028.8,14205.6,13894.5,13915.0,0
2022-05-02 00:00:00+00:00,13951.8,14043.1,13807.6,13948.0,0
2022-05-03 00:00:00+00:00,13947.8,14084.1,13922.1,14027.5,0
2022-05-04 00:00:00+00:00,14019.6,14270.5,13965.5,14227.6,0
2022-05-05 00:00:00+00:00,14239.1,14319.6,13792.0,13883.6,0
2022-05-06 00:00:00+00:00,13868.3,13899.0,13588.1,13675.5,0
2022-05-09 00:00:00+00:00,13580.1,13694.6,13341.5,13392.0,0
2022-05-10 00:00:00+00:00,13407.5,13722.1,13269.5,13568.0,0
2022-05-11 00:00:00+00:00,13563.2,13874.0,13506.6,13643.5,0
2022-05-12 00:00:00+00:00,13633.9,13805.1,13475.1,13648.0,0
2022-05-13 00:00:00+00:00,13672.9,14060.0,13671.1,14045.0,0
2022-05-16 00:00:00+00:00,14052.9,14123.7,13855.1,13981.5,0
2022-05-17 00:00:00+00:00,13986.8,14257.6,13985.5,14256.8,0
2022-05-18 00:00:00+00:00,14259.0,14271.1,13825.0,13848.4,0
2022-05-19 00:00:00+00:00,13856.2,13971.5,13671.6,13905.3,0
2022-05-20 00:00:00+00:00,13904.5,14149.1,13841.0,14025.5,0
2022-05-23 00:00:00+00:00,14110.5,14217.0,14012.6,14172.3,0
2022-05-24 00:00:00+00:00,14088.2,14128.0,13896.0,14023.0,0
2022-05-25 00:00:00+00:00,14023.2,14093.5,13858.6,14017.0,0
2022-05-26 00:00:00+00:00,14026.5,14284.5,13975.5,14244.4,0
2022-05-27 00:00:00+00:00,14237.3,14493.0,14212.5,14488.5,0
2022-05-30 00:00:00+00:00,14508.2,14600.0,14477.0,14575.5,0
2022-05-31 00:00:00+00:00,14565.7,14577.0,14348.5,14415.1,0
2022-06-01 00:00:00+00:00,14420.7,14492.6,14304.0,14350.4,0
2022-06-02 00:00:00+00:00,14353.8,14604.0,14315.8,14602.7,0
2022-06-03 00:00:00+00:00,14599.6,14635.0,14435.1,14481.5,0
2022-06-06 00:00:00+00:00,14501.0,14708.1,14471.8,14621.2,0
2022-06-07 00:00:00+00:00,14624.6,14631.5,14452.1,14573.3,0
2022-06-08 00:00:00+00:00,14576.7,14625.0,14349.0,14378.3,0
2022-06-09 00:00:00+00:00,14377.3,14421.1,14083.4,14110.2,0
2022-06-10 00:00:00+00:00,14112.2,14128.5,13737.5,13780.5,0
2022-06-13 00:00:00+00:00,13696.8,13710.6,13375.6,13459.9,0
2022-06-14 00:00:00+00:00,13465.3,13604.0,13217.5,13322.1,0
2022-06-15 00:00:00+00:00,13323.6,13619.5,13299.5,13545.0,0
2022-06-16 00:00:00+00:00,13571.1,13672.5,12918.5,12978.4,0
2022-06-17 00:00:00+00:00,12989.4,13213.6,12957.6,13122.5,0
2022-06-20 00:00:00+00:00,13175.5,13268.5,13032.5,13242.5,0
2022-06-21 00:00:00+00:00,13231.0,13419.6,13206.5,13233.5,0
2022-06-22 00:00:00+00:00,13226.8,13228.9,12944.1,13084.6,0
2022-06-23 00:00:00+00:00,13088.6,13134.5,12812.0,12896.6,0
2022-06-24 00:00:00+00:00,12900.4,13211.0,12882.1,13210.5,0
2022-06-27 00:00:00+00:00,13203.9,13364.1,13101.0,13136.9,0
2022-06-28 00:00:00+00:00,13139.4,13344.1,13082.3,13100.4,0
2022-06-29 00:00:00+00:00,13100.9,13153.0,12923.1,12975.9,0
2022-06-30 00:00:00+00:00,12979.9,12984.5,12597.1,12780.0,0
2022-07-01 00:00:00+00:00,12782.7,12908.5,12604.1,12902.0,0
2022-07-04 00:00:00+00:00,12892.8,12947.0,12721.1,12771.5,0
2022-07-05 00:00:00+00:00,12762.6,12889.5,12366.0,12531.1,0
2022-07-06 00:00:00+00:00,12540.0,12669.5,12434.5,12646.3,0
2022-07-07 00:00:00+00:00,12661.7,12858.5,12594.5,12837.5,0
2022-07-08 00:00:00+00:00,12831.5,13003.1,12747.1,12953.5,0
2022-07-11 00:00:00+00:00,12932.3,12954.0,12755.1,12826.2,0
2022-07-12 00:00:00+00:00,12818.3,12926.5,12635.1,12802.6,0
2022-07-13 00:00:00+00:00,12803.1,12850.5,12604.6,12741.8,0
2022-07-14 00:00:00+00:00,12744.8,12794.0,12417.6,12581.6,0
2022-07-15 00:00:00+00:00,12587.5,12866.5,12516.6,12848.0,0
2022-07-18 00:00:00+00:00,12882.7,13052.6,12820.5,12860.7,0
2022-07-19 00:00:00+00:00,12857.0,13356.2,12809.6,13346.2,0
2022-07-20 00:00:00+00:00,13345.5,13433.0,13111.6,13176.7,0
2022-07-21 00:00:00+00:00,13180.8,13355.0,13087.6,13206.2,0
2022-07-22 00:00:00+00:00,13197.5,13357.1,13141.0,13168.5,0
2022-07-25 00:00:00+00:00,13150.2,13329.1,13119.5,13194.6,0
2022-07-26 00:00:00+00:00,13179.9,13195.1,13021.6,13109.0,0
2022-07-27 00:00:00+00:00,13108.0,13251.0,13080.6,13225.3,0
2022-07-28 00:00:00+00:00,13224.8,13448.4,13084.1,13431.4,0
2022-07-29 00:00:00+00:00,13428.9,13543.5,13331.6,13541.0,0
2022-08-01 00:00:00+00:00,13522.6,13565.6,13411.5,13480.1,0
2022-08-02 00:00:00+00:00,13469.5,13501.0,13325.1,13427.7,0
2022-08-03 00:00:00+00:00,13427.6,13638.5,13373.5,13610.7,0
2022-08-04 00:00:00+00:00,13610.7,13788.6,13599.5,13644.3,0
2022-08-05 00:00:00+00:00,13648.2,13687.1,13550.0,13621.0,0
2022-08-08 00:00:00+00:00,13613.2,13742.1,13571.8,13657.6,0
2022-08-09 00:00:00+00:00,13664.0,13684.8,13506.0,13531.2,0
2022-08-10 00:00:00+00:00,13529.5,13721.6,13447.1,13714.8,0
2022-08-11 00:00:00+00:00,13715.0,13793.5,13624.5,13671.6,0
2022-08-12 00:00:00+00:00,13671.9,13879.0,13646.5,13879.0,0
2022-08-15 00:00:00+00:00,13862.2,13866.5,13729.1,13841.5,0
2022-08-16 00:00:00+00:00,13843.7,13969.5,13810.0,13941.1,0
2022-08-17 00:00:00+00:00,13934.5,13957.5,13599.5,13662.4,0
2022-08-18 00:00:00+00:00,13657.0,13778.1,13604.5,13695.5,0
2022-08-19 00:00:00+00:00,13691.1,13693.2,13503.5,13530.0,0
2022-08-22 00:00:00+00:00,13491.4,13526.0,13176.5,13207.3,0
2022-08-23 00:00:00+00:00,13208.8,13295.6,13116.5,13140.1,0
2022-08-24 00:00:00+00:00,13140.6,13238.0,13076.6,13202.7,0
2022-08-25 00:00:00+00:00,13198.7,13367.5,13183.1,13317.3,0
2022-08-26 00:00:00+00:00,13324.0,13373.6,12851.5,12855.0,0
2022-08-29 00:00:00+00:00,12756.4,12942.0,12699.5,12913.3,0
2022-08-30 00:00:00+00:00,12913.0,13154.1,12877.1,12922.7,0
2022-08-31 00:00:00+00:00,12926.7,13048.0,12793.5,12822.4,0
2022-09-01 00:00:00+00:00,12813.2,12825.3,12598.1,12773.0,0
2022-09-02 00:00:00+00:00,12770.7,13054.5,12631.5,12690.5,0
2022-09-05 00:00:00+00:00,12670.3,12794.1,12592.0,12738.0,0
2022-09-06 00:00:00+00:00,12741.8,12927.6,12720.5,12803.0,0
2022-09-07 00:00:00+00:00,12802.1,12991.5,12696.5,12976.9,0
2022-09-08 00:00:00+00:00,12979.8,13038.0,12684.6,12867.1,0
2022-09-09 00:00:00+00:00,12866.8,13136.0,12852.0,13124.5,0
2022-09-12 00:00:00+00:00,13129.7,13445.6,13129.7,13434.1,0
2022-09-13 00:00:00+00:00,13438.3,13571.1,13063.6,13092.7,0
2022-09-14 00:00:00+00:00,13101.8,13196.1,12950.6,13087.9,0
2022-09-15 00:00:00+00:00,13079.8,13111.6,12906.0,12926.5,0
2022-09-16 00:00:00+00:00,12906.7,12915.5,12709.5,12782.5,0
2022-09-19 00:00:00+00:00,12789.4,12920.2,12623.1,12910.6,0
2022-09-20 00:00:00+00:00,12906.5,12960.6,12557.0,12670.0,0
2022-09-21 00:00:00+00:00,12665.3,12880.5,12536.6,12600.1,0
2022-09-22 00:00:00+00:00,12592.6,12803.1,12465.0,12614.9,0
2022-09-23 00:00:00+00:00,12621.1,12641.6,12197.6,12321.5,0
2022-09-26 00:00:00+00:00,12280.2,12389.1,12181.5,12233.6,0
2022-09-27 00:00:00+00:00,12235.7,12433.6,12002.0,12125.5,0
2022-09-28 00:00:00+00:00,12130.6,12339.5,11878.6,12299.2,0
2022-09-29 00:00:00+00:00,12304.2,12325.7,11883.6,12029.0,0
2022-09-30 00:00:00+00:00,12029.7,12156.6,11935.0,11990.5,0
2022-10-03 00:00:00+00:00,11956.4,12291.0,11825.0,12251.5,0
2022-10-04 00:00:00+00:00,12257.5,12692.5,12224.9,12663.7,0
2022-10-05 00:00:00+00:00,12657.2,12681.1,12471.1,12604.3,0
2022-10-06 00:00:00+00:00,12600.3,12717.5,12434.1,12439.6,0
2022-10-07 00:00:00+00:00,12422.5,12515.1,12211.5,12258.5,0
2022-10-10 00:00:00+00:00,12197.5,12428.6,12136.0,12328.5,0
2022-10-11 00:00:00+00:00,12322.2,12356.6,12112.6,12184.1,0
2022-10-12 00:00:00+00:00,12178.9,12318.1,12117.6,12189.1,0
2022-10-13 00:00:00+00:00,12197.6,12512.0,12011.6,12477.8,0
2022-10-14 00:00:00+00:00,12477.6,12697.6,12371.5,12379.0,0
2022-10-17 00:00:00+00:00,12389.4,12736.1,12380.2,12693.3,0
2022-10-18 00:00:00+00:00,12721.7,12951.1,12668.5,12900.7,0
2022-10-19 00:00:00+00:00,12905.6,12961.5,12685.0,12755.3,0
2022-10-20 00:00:00+00:00,12750.2,12838.1,12643.6,12681.1,0
2022-10-21 00:00:00+00:00,12683.4,12865.5,12560.1,12865.0,0
2022-10-24 00:00:00+00:00,12954.0,13041.6,12761.1,12939.4,0
2022-10-25 00:00:00+00:00,12933.1,13117.0,12803.1,13067.4,0
2022-10-26 00:00:00+00:00,13036.7,13236.5,12999.5,13177.4,0
2022-10-27 00:00:00+00:00,13152.2,13279.1,13056.1,13131.3,0
2022-10-28 00:00:00+00:00,13155.4,13371.5,13067.1,13360.0,0
2022-10-31 00:00:00+00:00,13354.4,13366.1,13233.1,13272.0,0
2022-11-01 00:00:00+00:00,13280.7,13463.1,13279.0,13370.5,0
2022-11-02 00:00:00+00:00,13382.9,13434.5,13150.5,13163.0,0
2022-11-03 00:00:00+00:00,13144.9,13213.6,13036.1,13144.5,0
2022-11-04 00:00:00+00:00,13130.5,13563.6,13113.0,13504.0,0
2022-11-07 00:00:00+00:00,13436.0,13631.1,13404.6,13547.6,0
2022-11-08 00:00:00+00:00,13552.0,13719.5,13506.1,13659.4,0
2022-11-09 00:00:00+00:00,13656.5,13711.6,13574.1,13606.2,0
2022-11-10 00:00:00+00:00,13609.3,14244.5,13587.0,14243.9,0
2022-11-11 00:00:00+00:00,14247.5,14350.5,14164.5,14332.5,0
2022-11-14 00:00:00+00:00,14287.1,14452.1,14260.0,14288.4,0
2022-11-15 00:00:00+00:00,14287.9,14460.6,14141.0,14273.7,0
2022-11-16 00:00:00+00:00,14265.6,14402.1,14197.5,14266.3,0
2022-11-17 00:00:00+00:00,14278.9,14400.1,14162.6,14350.5,0
2022-11-18 00:00:00+00:00,14349.8,14473.1,14312.0,14459.0,0
2022-11-21 00:00:00+00:00,14476.6,14484.4,14334.6,14420.3,0
2022-11-22 00:00:00+00:00,14421.9,14500.6,14355.1,14492.5,0
2022-11-23 00:00:00+00:00,14495.0,14504.1,14373.1,14453.4,0
2022-11-24 00:00:00+00:00,14451.1,14588.1,14446.6,14567.5,0
2022-11-25 00:00:00+00:00,14555.8,14595.0,14509.1,14556.0,0
2022-11-28 00:00:00+00:00,14512.4,14527.9,14349.5,14367.6,0
2022-11-29 00:00:00+00:00,14369.5,14481.5,14336.1,14423.6,0
2022-11-30 00:00:00+00:00,14423.8,14595.5,14363.5,14594.5,0
2022-12-01 00:00:00+00:00,14595.6,14613.5,14426.1,14489.3,0
2022-12-02 00:00:00+00:00,14490.0,14593.1,14371.6,14553.5,0
2022-12-05 00:00:00+00:00,14556.0,14562.2,14397.1,14448.7,0
2022-12-06 00:00:00+00:00,14445.8,14481.1,14248.5,14300.9,0
2022-12-07 00:00:00+00:00,14301.6,14380.1,14221.6,14282.0,0
2022-12-08 00:00:00+00:00,14285.1,14308.5,14196.1,14287.9,0
2022-12-09 00:00:00+00:00,14290.3,14392.6,14215.6,14329.5,0
2022-12-12 00:00:00+00:00,14318.9,14371.6,14260.6,14351.2,0
2022-12-13 00:00:00+00:00,14357.9,14680.6,14301.1,14461.6,0
2022-12-14 00:00:00+00:00,14463.8,14496.5,14362.5,14400.8,0
2022-12-15 00:00:00+00:00,14398.0,14449.0,13962.0,14045.7,0
2022-12-16 00:00:00+00:00,14037.4,14115.0,13889.6,13985.5,0
2022-12-19 00:00:00+00:00,13981.4,14072.1,13944.5,13963.0,0
2022-12-20 00:00:00+00:00,13964.7,14019.5,13762.0,13996.9,0
2022-12-21 00:00:00+00:00,14009.8,14170.0,13979.1,14142.8,0
2022-12-22 00:00:00+00:00,14145.0,14227.1,13903.5,13992.8,0
2022-12-23 00:00:00+00:00,13998.5,14068.6,13935.1,14022.5,0
2022-12-27 00:00:00+00:00,14062.2,14127.6,14027.6,14038.7,0
2022-12-28 00:00:00+00:00,14041.3,14085.1,13933.2,13950.7,0
2022-12-29 00:00:00+00:00,13952.0,14144.5,13922.5,14109.1,0
2022-12-30 00:00:00+00:00,14111.7,14115.1,13879.5,13899.5,0
2023-01-02 00:00:00+00:00,13959.5,14158.1,13902.0,14116.0,0
2023-01-03 00:00:00+00:00,14131.1,14355.1,13959.5,14268.3,0
2023-01-04 00:00:00+00:00,14263.8,14569.0,14255.1,14539.5,0
2023-01-05 00:00:00+00:00,14537.4,14571.5,14462.6,14519.3,0
2023-01-06 00:00:00+00:00,14523.1,14742.0,14445.6,14724.5,0
2023-01-09 00:00:00+00:00,14745.5,14893.1,14685.6,14795.7,0
2023-01-10 00:00:00+00:00,14799.4,14911.9,14733.5,14906.2,0
2023-01-11 00:00:00+00:00,14909.4,15075.8,14856.1,15073.4,0
2023-01-12 00:00:00+00:00,15076.5,15187.0,15012.1,15154.7,0
2023-01-13 00:00:00+00:00,15152.5,15212.5,15097.6,15209.5,0
2023-01-16 00:00:00+00:00,15219.9,15255.5,15142.1,15170.5,0
2023-01-17 00:00:00+00:00,15186.1,15331.6,15139.6,15238.8,0
2023-01-18 00:00:00+00:00,15231.1,15326.5,15176.9,15186.3,0
2023-01-19 00:00:00+00:00,15180.2,15195.7,14961.1,15046.5,0
2023-01-20 00:00:00+00:00,15054.2,15155.5,14994.6,15152.5,0
2023-01-23 00:00:00+00:00,15135.4,15202.1,15075.1,15185.7,0
2023-01-24 00:00:00+00:00,15183.2,15212.5,15073.1,15169.3,0
2023-01-25 00:00:00+00:00,15178.6,15210.9,15018.1,15182.9,0
2023-01-26 00:00:00+00:00,15186.6,15271.0,15118.1,15205.3,0
2023-01-27 00:00:00+00:00,15195.7,15237.5,15124.1,15203.5,0
2023-01-30 00:00:00+00:00,15187.0,15212.1,15033.6,15163.7,0
2023-01-31 00:00:00+00:00,15161.1,15242.5,15038.6,15220.7,0
2023-02-01 00:00:00+00:00,15219.3,15365.0,15151.1,15335.6,0
2023-02-02 00:00:00+00:00,15341.5,15598.4,15301.5,15489.6,0
2023-02-03 00:00:00+00:00,15528.7,15552.0,15392.1,15470.0,0
2023-02-06 00:00:00+00:00,15426.1,15455.6,15320.1,15401.6,0
2023-02-07 00:00:00+00:00,15401.6,15482.0,15316.6,15459.4,0
2023-02-08 00:00:00+00:00,15461.2,15532.1,15412.1,15491.1,0
2023-02-09 00:00:00+00:00,15487.1,15699.1,15443.5,15491.2,0
2023-02-10 00:00:00+00:00,15493.4,15522.1,15280.1,15368.0,0
2023-02-13 00:00:00+00:00,15352.2,15467.9,15276.0,15464.3,0
2023-02-14 00:00:00+00:00,15465.0,15563.1,15394.6,15469.7,0
2023-02-15 00:00:00+00:00,15470.3,15603.8,15384.0,15595.3,0
2023-02-16 00:00:00+00:00,15591.2,15666.1,15441.1,15529.3,0
2023-02-17 00:00:00+00:00,15529.1,15559.0,15323.1,15551.5,0
2023-02-20 00:00:00+00:00,15535.2,15577.0,15460.6,15498.5,0
2023-02-21 00:00:00+00:00,15494.8,15511.5,15307.6,15394.3,0
2023-02-22 00:00:00+00:00,15391.6,15473.0,15267.1,15444.4,0
2023-02-23 00:00:00+00:00,15447.1,15578.6,15432.1,15542.2,0
2023-02-24 00:00:00+00:00,15544.2,15565.5,15203.5,15256.0,0
2023-02-27 00:00:00+00:00,15259.4,15503.6,15244.3,15437.7,0
2023-02-28 00:00:00+00:00,15436.5,15463.6,15304.1,15372.7,0
2023-03-01 00:00:00+00:00,15369.5,15498.6,15268.6,15344.8,0
2023-03-02 00:00:00+00:00,15339.6,15401.8,15160.1,15383.0,0
2023-03-03 00:00:00+00:00,15385.0,15649.5,15363.0,15641.5,0
2023-03-06 00:00:00+00:00,15624.4,15691.1,15595.1,15653.4,0
2023-03-07 00:00:00+00:00,15652.3,15719.1,15525.5,15544.7,0
2023-03-08 00:00:00+00:00,15542.5,15681.6,15500.5,15666.9,0
2023-03-09 00:00:00+00:00,15664.5,15676.1,15482.5,15507.8,0
2023-03-10 00:00:00+00:00,15507.4,15507.4,15277.5,15300.0,0
2023-03-13 00:00:00+00:00,15392.2,15491.0,14890.6,14976.5,0
2023-03-14 00:00:00+00:00,14992.0,15277.1,14912.5,15235.5,0
2023-03-15 00:00:00+00:00,15209.5,15258.0,14698.6,14879.5,0
2023-03-16 00:00:00+00:00,14890.2,15218.5,14661.1,15213.0,0
2023-03-17 00:00:00+00:00,15209.6,15314.6,14849.6,14924.0,0
2023-03-20 00:00:00+00:00,14988.4,15154.0,14616.6,15153.5,0
2023-03-21 00:00:00+00:00,15147.5,15424.5,15127.8,15423.5,0
2023-03-22 00:00:00+00:00,15405.2,15463.0,15227.0,15267.0,0
2023-03-23 00:00:00+00:00,15283.1,15401.1,15165.5,15300.0,0
2023-03-24 00:00:00+00:00,15265.5,15339.5,14956.6,15177.5,0
2023-03-27 00:00:00+00:00,15162.0,15344.7,15160.8,15342.2,0
2023-03-28 00:00:00+00:00,15329.3,15417.6,15233.0,15291.4,0
2023-03-29 00:00:00+00:00,15293.1,15527.0,15289.1,15511.9,0
2023-03-30 00:00:00+00:00,15515.6,15709.7,15489.0,15692.8,0
2023-03-31 00:00:00+00:00,15684.0,15815.1,15654.1,15800.0,0
2023-04-03 00:00:00+00:00,15785.0,15812.6,15705.1,15776.0,0
2023-04-04 00:00:00+00:00,15770.3,15891.1,15736.0,15775.4,0
2023-04-05 00:00:00+00:00,15774.5,15781.6,15627.1,15670.7,0
2023-04-06 00:00:00+00:00,15666.2,15808.5,15632.5,15783.0,0
2023-04-11 00:00:00+00:00,15848.5,15880.5,15767.1,15816.3,0
2023-04-12 00:00:00+00:00,15813.7,15975.6,15797.5,15820.5,0
2023-04-13 00:00:00+00:00,15824.6,15922.5,15797.0,15895.6,0
2023-04-14 00:00:00+00:00,15897.9,15984.1,15892.6,15945.0,0
2023-04-17 00:00:00+00:00,15967.0,16044.1,15901.1,15953.4,0
2023-04-18 00:00:00+00:00,15955.8,16056.6,15937.5,16036.2,0
2023-04-19 00:00:00+00:00,16029.0,16062.5,15965.1,16033.0,0
2023-04-20 00:00:00+00:00,16031.5,16038.5,15869.1,15917.6,0
2023-04-21 00:00:00+00:00,15916.0,16046.5,15839.1,16036.5,0
2023-04-24 00:00:00+00:00,16015.3,16051.1,15962.1,16002.0,0
2023-04-25 00:00:00+00:00,15997.1,16022.1,15909.4,15952.2,0
2023-04-26 00:00:00+00:00,15957.4,15973.0,15817.6,15879.3,0
2023-04-27 00:00:00+00:00,15880.3,16026.8,15825.6,15996.1,0
2023-04-28 00:00:00+00:00,15981.4,16076.0,15799.6,16066.0,0
2023-05-02 00:00:00+00:00,16046.5,16125.1,15810.5,15861.8,0
2023-05-03 00:00:00+00:00,15862.4,15997.0,15835.1,15842.1,0
2023-05-04 00:00:00+00:00,15818.0,15933.0,15753.6,15838.2,0
2023-05-05 00:00:00+00:00,15848.6,16086.0,15834.1,16064.5,0
2023-05-08 00:00:00+00:00,16077.7,16085.8,16007.5,16032.0,0
2023-05-09 00:00:00+00:00,16028.8,16054.5,15951.6,16020.3,0
2023-05-10 00:00:00+00:00,16015.3,16061.1,15890.0,15960.0,0
2023-05-11 00:00:00+00:00,15958.4,16038.1,15819.1,15907.3,0
2023-05-12 00:00:00+00:00,15902.1,15993.1,15900.5,15963.5,0
2023-05-15 00:00:00+00:00,15933.5,16034.1,15924.1,15982.5,0
2023-05-16 00:00:00+00:00,15980.3,16024.1,15908.1,15944.0,0
2023-05-17 00:00:00+00:00,15938.1,16073.5,15903.1,16064.9,0
2023-05-18 00:00:00+00:00,16066.6,16270.1,16044.5,16250.4,0
2023-05-19 00:00:00+00:00,16252.3,16374.6,16241.1,16331.0,0
2023-05-22 00:00:00+00:00,16289.7,16340.5,16230.6,16266.9,0
2023-05-23 00:00:00+00:00,16267.2,16300.1,16094.5,16112.9,0
2023-05-24 00:00:00+00:00,16107.9,16134.1,15836.1,15929.7,0
2023-05-25 00:00:00+00:00,15933.0,15936.5,15755.1,15860.4,0
2023-05-26 00:00:00+00:00,15854.8,16043.5,15753.1,16016.5,0
2023-05-29 00:00:00+00:00,16089.2,16112.1,15949.1,15976.0,0
2023-05-30 00:00:00+00:00,15964.3,16087.1,15908.5,15938.6,0
2023-05-31 00:00:00+00:00,15931.3,15951.7,15649.1,15722.0,0
2023-06-01 00:00:00+00:00,15722.8,15922.0,15714.5,15906.8,0
2023-06-02 00:00:00+00:00,15904.8,16093.1,15897.0,16077.5,0
2023-06-05 00:00:00+00:00,16068.2,16135.1,15937.0,15959.4,0
2023-06-06 00:00:00+00:00,15955.9,16060.4,15922.0,16053.4,0
2023-06-07 00:00:00+00:00,16055.2,16062.5,15920.1,15951.2,0
2023-06-08 00:00:00+00:00,15951.5,16031.1,15899.5,16019.8,0
2023-06-09 00:00:00+00:00,16015.3,16020.5,15929.6,15973.5,0
2023-06-12 00:00:00+00:00,15972.2,16160.5,15970.4,16159.2,0
2023-06-13 00:00:00+00:00,16153.3,16251.8,16092.6,16242.7,0
2023-06-14 00:00:00+00:00,16236.6,16344.1,16201.0,16300.7,0
2023-06-15 00:00:00+00:00,16292.7,16464.5,16163.1,16436.8,0
2023-06-16 00:00:00+00:00,16441.4,16571.1,16411.6,16471.5,0
2023-06-19 00:00:00+00:00,16485.1,16490.4,16326.6,16349.5,0
2023-06-20 00:00:00+00:00,16352.1,16358.6,16205.6,16258.4,0
2023-06-21 00:00:00+00:00,16257.1,16292.5,16120.4,16129.0,0
2023-06-22 00:00:00+00:00,16125.5,16143.6,15937.6,16111.6,0
2023-06-23 00:00:00+00:00,16113.4,16115.1,15855.1,15954.5,0
2023-06-26 00:00:00+00:00,15957.4,16003.1,15834.1,15950.4,0
2023-06-27 00:00:00+00:00,15952.4,16050.5,15878.1,16007.0,0
2023-06-28 00:00:00+00:00,16008.2,16120.1,15992.5,16092.2,0
2023-06-29 00:00:00+00:00,16094.0,16120.1,16038.6,16077.5,0
2023-06-30 00:00:00+00:00,16071.9,16307.0,16051.0,16306.0,0
2023-07-03 00:00:00+00:00,16305.2,16331.6,16188.6,16221.7,0
2023-07-04 00:00:00+00:00,16209.2,16222.6,16138.6,16149.5,0
2023-07-05 00:00:00+00:00,16154.9,16156.7,16016.1,16028.3,0
2023-07-06 00:00:00+00:00,16026.1,16028.5,15600.1,15646.1,0
2023-07-07 00:00:00+00:00,15640.6,15804.5,15558.6,15731.0,0
2023-07-10 00:00:00+00:00,15728.7,15828.6,15648.1,15786.7,0
2023-07-11 00:00:00+00:00,15783.6,15938.5,15760.1,15933.0,0
2023-07-12 00:00:00+00:00,15927.2,16150.1,15908.6,16114.7,0
2023-07-13 00:00:00+00:00,16112.7,16289.1,16098.1,16245.7,0
2023-07-14 00:00:00+00:00,16247.6,16260.1,16166.5,16178.0,0
2023-07-17 00:00:00+00:00,16157.7,16210.0,16091.1,16174.9,0
2023-07-18 00:00:00+00:00,16179.5,16253.5,16125.1,16223.9,0
2023-07-19 00:00:00+00:00,16226.0,16339.1,16167.1,16207.9,0
2023-07-20 00:00:00+00:00,16198.3,16321.5,16141.6,16228.7,0
2023-07-21 00:00:00+00:00,16224.5,16280.5,16193.0,16264.0,0
2023-07-24 00:00:00+00:00,16263.5,16299.6,16202.0,16276.5,0
2023-07-25 00:00:00+00:00,16271.7,16325.4,16221.1,16320.0,0
2023-07-26 00:00:00+00:00,16315.9,16331.5,16085.1,16213.0,0
2023-07-27 00:00:00+00:00,16225.5,16531.5,16213.1,16422.3,0
2023-07-28 00:00:00+00:00,16423.6,16576.1,16396.5,16546.0,0
2023-07-31 00:00:00+00:00,16557.1,16615.1,16502.0,16551.1,0
2023-08-01 00:00:00+00:00,16554.9,16558.5,16304.5,16323.2,0
2023-08-02 00:00:00+00:00,16252.6,16304.2,16030.1,16062.2,0
2023-08-03 00:00:00+00:00,16065.7,16120.5,15877.1,15976.7,0
2023-08-04 00:00:00+00:00,15972.2,16050.5,15850.1,15906.5,0
2023-08-07 00:00:00+00:00,15926.4,16065.5,15888.1,16060.0,0
2023-08-08 00:00:00+00:00,16057.9,16059.7,15768.1,15894.6,0
2023-08-09 00:00:00+00:00,15894.4,16048.1,15883.5,15962.5,0
2023-08-10 00:00:00+00:00,15961.3,16121.6,15933.6,16004.5,0
2023-08-11 00:00:00+00:00,16009.9,16030.0,15856.6,15910.5,0
2023-08-14 00:00:00+00:00,15924.4,15995.6,15804.0,15977.7,0
2023-08-15 00:00:00+00:00,15975.3,16015.5,15753.1,15782.5,0
2023-08-16 00:00:00+00:00,15791.3,15868.1,15720.0,15773.0,0
2023-08-17 00:00:00+00:00,15779.0,15842.1,15643.7,15649.4,0
2023-08-18 00:00:00+00:00,15659.7,15706.0,15511.1,15626.0,0
2023-08-21 00:00:00+00:00,15622.2,15754.6,15603.0,15681.8,0
2023-08-22 00:00:00+00:00,15679.4,15839.1,15656.1,15729.8,0
2023-08-23 00:00:00+00:00,15731.4,15864.1,15710.1,15829.9,0
2023-08-24 00:00:00+00:00,15811.0,15934.1,15578.0,15597.5,0
2023-08-25 00:00:00+00:00,15611.9,15774.6,15588.5,15720.5,0
2023-08-28 00:00:00+00:00,15739.4,15856.5,15703.6,15849.1,0
2023-08-29 00:00:00+00:00,15853.4,16004.7,15822.5,16004.3,0
2023-08-30 00:00:00+00:00,16001.1,16033.0,15851.6,15940.7,0
2023-08-31 00:00:00+00:00,15937.2,16070.1,15922.0,15975.2,0
2023-09-01 00:00:00+00:00,15972.4,16029.5,15845.5,15884.5,0
2023-09-04 00:00:00+00:00,15877.6,15982.1,15816.1,15845.5,0
2023-09-05 00:00:00+00:00,15843.0,15859.6,15709.1,15771.7,0
2023-09-06 00:00:00+00:00,15765.7,15801.6,15691.1,15745.8,0
2023-09-07 00:00:00+00:00,15746.0,15808.6,15666.1,15746.7,0
2023-09-08 00:00:00+00:00,15752.2,15799.1,15586.1,15746.0,0
2023-09-11 00:00:00+00:00,15746.4,15881.6,15726.5,15835.1,0
2023-09-12 00:00:00+00:00,15830.5,15845.5,15692.1,15707.8,0
2023-09-13 00:00:00+00:00,15710.4,15745.6,15568.1,15643.1,0
2023-09-14 00:00:00+00:00,15637.2,16040.9,15587.1,16024.9,0
2023-09-15 00:00:00+00:00,16022.1,16152.1,16006.5,16034.0,0
2023-09-18 00:00:00+00:00,16047.9,16060.5,15846.1,15877.3,0
2023-09-19 00:00:00+00:00,15880.9,15899.1,15782.6,15838.7,0
2023-09-20 00:00:00+00:00,15837.0,15962.1,15802.0,15849.6,0
2023-09-21 00:00:00+00:00,15865.0,15865.0,15617.5,15624.9,0
2023-09-22 00:00:00+00:00,15634.3,15734.6,15595.6,15645.0,0
2023-09-25 00:00:00+00:00,15658.6,15714.1,15466.6,15573.5,0
2023-09-26 00:00:00+00:00,15567.3,15567.3,15336.4,15355.9,0
2023-09-27 00:00:00+00:00,15363.8,15433.1,15264.5,15387.5,0
2023-09-28 00:00:00+00:00,15378.0,15497.5,15264.6,15479.3,0
2023-09-29 00:00:00+00:00,15482.9,15646.1,15418.5,15482.5,0
2023-10-02 00:00:00+00:00,15533.4,15605.1,15291.5,15329.0,0
2023-10-03 00:00:00+00:00,15337.1,15383.1,15179.0,15180.0,0
2023-10-04 00:00:00+00:00,15182.0,15296.1,15066.1,15246.6,0
2023-10-05 00:00:00+00:00,15251.2,15290.0,15161.1,15218.0,0
2023-10-06 00:00:00+00:00,15217.1,15408.5,15147.6,15393.5,0
2023-10-09 00:00:00+00:00,15304.0,15321.0,15189.1,15303.4,0
2023-10-10 00:00:00+00:00,15302.2,15557.6,15298.9,15507.0,0
2023-10-11 00:00:00+00:00,15509.0,15611.9,15472.1,15609.9,0
2023-10-12 00:00:00+00:00,15599.7,15683.1,15448.5,15486.2,0
2023-10-13 00:00:00+00:00,15484.6,15534.0,15233.5,15258.5,0
2023-10-16 00:00:00+00:00,15258.2,15375.1,15202.1,15360.8,0
2023-10-17 00:00:00+00:00,15361.2,15404.5,15216.1,15347.5,0
2023-10-18 00:00:00+00:00,15335.8,15387.0,15132.5,15153.2,0
2023-10-19 00:00:00+00:00,15149.5,15196.1,15021.6,15034.2,0
2023-10-20 00:00:00+00:00,15034.0,15069.5,14868.5,14872.0,0
2023-10-23 00:00:00+00:00,14880.3,14940.5,14713.6,14861.4,0
2023-10-24 00:00:00+00:00,14861.2,15026.8,14800.5,14982.6,0
2023-10-25 00:00:00+00:00,14984.2,15020.1,14871.1,14887.9,0
2023-10-26 00:00:00+00:00,14870.5,14876.8,14732.1,14762.4,0
2023-10-27 00:00:00+00:00,14794.5,14903.1,14665.5,14698.5,0
2023-10-30 00:00:00+00:00,14730.2,14876.1,14707.8,14832.5,0
2023-10-31 00:00:00+00:00,14824.9,14923.0,14763.5,14916.5,0
2023-11-01 00:00:00+00:00,14925.3,15061.6,14857.1,15059.1,0
2023-11-02 00:00:00+00:00,15072.7,15293.6,15059.5,15293.6,0
2023-11-03 00:00:00+00:00,15278.2,15337.1,15218.1,15266.0,0
2023-11-06 00:00:00+00:00,15272.8,15300.1,15166.5,15194.1,0
2023-11-07 00:00:00+00:00,15188.7,15261.1,15133.1,15217.9,0
2023-11-08 00:00:00+00:00,15211.0,15353.1,15138.5,15265.5,0
2023-11-09 00:00:00+00:00,15257.1,15425.1,15252.3,15336.3,0
2023-11-10 00:00:00+00:00,15322.2,15390.0,15227.1,15385.0,0
2023-11-13 00:00:00+00:00,15366.5,15425.7,15279.5,15424.1,0
2023-11-14 00:00:00+00:00,15420.9,15693.1,15384.5,15685.7,0
2023-11-15 00:00:00+00:00,15686.6,15816.6,15660.5,15783.4,0
2023-11-16 00:00:00+00:00,15784.1,15917.1,15758.0,15884.7,0
2023-11-17 00:00:00+00:00,15878.1,15997.1,15860.5,15992.5,0
2023-11-20 00:00:00+00:00,15995.2,16000.0,15902.1,15975.8,0
2023-11-21 00:00:00+00:00,15973.2,15994.1,15935.1,15948.7,0
2023-11-22 00:00:00+00:00,15945.7,16044.1,15936.8,15997.4,0
2023-11-23 00:00:00+00:00,15991.9,16044.1,15981.5,16035.5,0
2023-11-24 00:00:00+00:00,16031.2,16084.5,16011.1,16065.5,0
2023-11-27 00:00:00+00:00,16057.3,16076.1,15988.9,15998.8,0
2023-11-28 00:00:00+00:00,16002.0,16035.5,15948.1,16022.0,0
2023-11-29 00:00:00+00:00,16021.9,16244.1,16017.8,16212.2,0
2023-11-30 00:00:00+00:00,16209.5,16292.1,16196.1,16258.9,0
2023-12-01 00:00:00+00:00,16258.2,16467.5,16257.3,16458.0,0
2023-12-04 00:00:00+00:00,16458.6,16482.1,16406.1,16454.6,0
2023-12-05 00:00:00+00:00,16451.8,16575.6,16413.5,16545.3,0
2023-12-06 00:00:00+00:00,16540.9,16752.1,16539.1,16652.0,0
2023-12-07 00:00:00+00:00,16639.3,16685.5,16612.1,16651.4,0
2023-12-08 00:00:00+00:00,16658.9,16814.5,16644.6,16805.0,0
2023-12-11 00:00:00+00:00,16808.2,16840.5,16747.1,16829.1,0
2023-12-12 00:00:00+00:00,16826.8,16863.5,16765.1,16814.1,0
2023-12-13 00:00:00+00:00,16815.0,16909.7,16744.5,16889.1,0
2023-12-14 00:00:00+00:00,16902.0,17009.1,16671.1,16908.7,0
2023-12-15 00:00:00+00:00,16909.5,17077.1,16897.9,16909.0,0
2023-12-18 00:00:00+00:00,16923.0,16942.5,16811.1,16850.8,0
2023-12-19 00:00:00+00:00,16850.8,16965.5,16837.0,16949.2,0
2023-12-20 00:00:00+00:00,16950.3,16995.5,16782.3,16814.1,0
2023-12-21 00:00:00+00:00,16820.6,16914.0,16803.1,16907.8,0
2023-12-22 00:00:00+00:00,16902.5,16915.1,16829.6,16897.0,0
2023-12-27 00:00:00+00:00,16966.2,16976.8,16871.1,16932.6,0
2023-12-28 00:00:00+00:00,16927.0,16980.5,16851.1,16866.1,0
2023-12-29 00:00:00+00:00,16865.7,16953.1,16858.0,16924.5,0
2024-01-02 00:00:00+00:00,16933.8,17122.6,16798.1,16887.4,0
2024-01-03 00:00:00+00:00,16892.9,16937.1,16623.1,16674.0,0
2024-01-04 00:00:00+00:00,16683.3,16770.1,16640.0,16715.4,0
2024-01-05 00:00:00+00:00,16723.2,16787.6,16583.1,16725.5,0
2024-01-08 00:00:00+00:00,16730.1,16922.5,16653.6,16901.0,0
2024-01-09 00:00:00+00:00,16900.7,16910.5,16744.6,16804.7,0
2024-01-10 00:00:00+00:00,16802.0,16891.1,16752.5,16857.8,0
2024-01-11 00:00:00+00:00,16854.2,16971.6,16661.5,16749.1,0
2024-01-12 00:00:00+00:00,16742.0,16880.1,16732.6,16843.0,0
2024-01-15 00:00:00+00:00,16820.0,16917.0,16733.1,16754.5,0
2024-01-16 00:00:00+00:00,16740.8,16747.2,16594.1,16658.1,0
2024-01-17 00:00:00+00:00,16656.9,16662.1,16463.1,16529.5,11961
2024-01-18 00:00:00+00:00,16526.9,16729.9,16519.8,16721.4,71214
2024-01-19 00:00:00+00:00,16717.9,16769.5,16625.1,16744.0,66736
2024-01-22 00:00:00+00:00,16754.1,16819.1,16717.6,16776.2,54243
2024-01-23 00:00:00+00:00,16773.0,16870.1,16731.5,16787.7,52352
2024-01-24 00:00:00+00:00,16795.4,17037.1,16780.5,16978.0,67187
2024-01-25 00:00:00+00:00,16972.2,17022.1,16888.6,17004.2,68597
2024-01-26 00:00:00+00:00,16999.0,17072.1,16944.5,17041.0,56546
2024-01-29 00:00:00+00:00,17000.4,17105.0,16960.1,17084.2,41937
2024-01-30 00:00:00+00:00,17084.6,17115.6,17026.4,17027.4,44018
2024-01-31 00:00:00+00:00,17031.0,17091.6,16889.0,16910.7,74061
2024-02-01 00:00:00+00:00,16921.4,17108.6,16877.5,17089.9,70471
2024-02-02 00:00:00+00:00,17075.1,17094.1,16977.0,17025.5,69205
2024-02-05 00:00:00+00:00,17028.2,17059.1,16940.5,17005.9,56223
2024-02-06 00:00:00+00:00,17010.9,17137.6,16956.1,17111.9,56678
2024-02-07 00:00:00+00:00,17111.8,17149.0,16995.1,17024.6,52206
2024-02-08 00:00:00+00:00,17025.2,17107.6,16967.1,17042.4,45801
2024-02-09 00:00:00+00:00,17040.6,17062.1,16941.6,17028.0,41296
2024-02-12 00:00:00+00:00,17011.6,17108.5,17005.6,17061.4,35849
2024-02-13 00:00:00+00:00,17062.6,17071.5,16845.5,16893.0,62681
2024-02-14 00:00:00+00:00,16889.6,17063.0,16881.5,17043.3,49772
2024-02-15 00:00:00+00:00,17050.2,17176.5,17020.0,17163.3,49233
2024-02-16 00:00:00+00:00,17160.6,17254.1,17113.6,17131.5,53207
2024-02-19 00:00:00+00:00,17143.9,17161.0,17100.1,17136.0,24779
2024-02-20 00:00:00+00:00,17129.0,17135.6,17069.1,17115.6,50656
2024-02-21 00:00:00+00:00,17114.2,17247.1,17101.5,17229.3,59006
2024-02-22 00:00:00+00:00,17226.8,17477.1,17209.5,17454.9,60120
2024-02-23 00:00:00+00:00,17468.1,17489.1,17399.1,17457.5,45670
2024-02-26 00:00:00+00:00,17433.8,17501.1,17409.0,17451.9,35590
2024-02-27 00:00:00+00:00,17449.6,17636.4,17417.5,17626.9,40690
2024-02-28 00:00:00+00:00,17624.3,17659.5,17591.6,17616.3,42514
2024-02-29 00:00:00+00:00,17621.1,17780.6,17605.5,17765.7,54047
2024-03-01 00:00:00+00:00,17771.8,17846.6,17718.1,17779.0,52084
2024-03-04 00:00:00+00:00,17772.7,17791.5,17709.9,17713.3,36863
2024-03-05 00:00:00+00:00,17714.2,17772.6,17648.5,17708.3,46782
2024-03-06 00:00:00+00:00,17700.3,17768.1,17688.8,17739.3,61135
2024-03-07 00:00:00+00:00,17736.7,17903.5,17635.6,17875.2,52526
2024-03-08 00:00:00+00:00,17887.9,17920.0,17755.0,17771.5,64212
2024-03-11 00:00:00+00:00,17758.1,17800.5,17671.6,17797.5,54178
2024-03-12 00:00:00+00:00,17809.9,18002.0,17754.1,17998.5,60499
2024-03-13 00:00:00+00:00,17994.8,18023.0,17945.1,17978.0,46624
2024-03-14 00:00:00+00:00,17973.1,18220.5,17898.6,18204.5,60889
2024-03-15 00:00:00+00:00,18196.5,18328.1,18177.0,18274.0,59890
2024-03-18 00:00:00+00:00,18276.1,18297.7,18182.1,18199.5,40716
2024-03-19 00:00:00+00:00,18197.8,18288.5,18154.5,18287.5,50133
2024-03-20 00:00:00+00:00,18291.1,18431.5,18232.6,18425.5,51474
2024-03-21 00:00:00+00:00,18419.6,18483.0,18327.1,18441.5,48261
2024-03-22 00:00:00+00:00,18438.9,18534.5,18406.0,18504.0,40591
2024-03-25 00:00:00+00:00,18510.4,18563.1,18451.1,18537.5,34780
2024-03-26 00:00:00+00:00,18540.5,18687.6,18528.1,18650.0,31800
2024-03-27 00:00:00+00:00,18644.6,18801.5,18643.4,18794.0,34822
2024-03-28 00:00:00+00:00,18787.3,18808.0,18738.1,18771.5,37952
2024-04-02 00:00:00+00:00,18746.8,18836.1,18515.5,18567.2,57833
2024-04-03 00:00:00+00:00,18565.4,18636.5,18493.5,18617.3,59006
2024-04-04 00:00:00+00:00,18617.6,18677.6,18416.0,18434.2,61587
2024-04-05 00:00:00+00:00,18457.7,18470.1,18333.1,18432.5,80618
2024-04-08 00:00:00+00:00,18463.0,18572.6,18404.5,18545.0,50386
2024-04-09 00:00:00+00:00,18549.6,18555.7,18299.6,18373.6,54464
2024-04-10 00:00:00+00:00,18373.7,18477.6,18212.6,18318.4,83502
2024-04-11 00:00:00+00:00,18303.7,18342.5,18094.1,18270.3,80864
2024-04-12 00:00:00+00:00,18269.1,18394.1,18060.5,18081.5,79255
2024-04-15 00:00:00+00:00,18112.9,18422.6,18072.5,18112.3,86392
2024-04-16 00:00:00+00:00,18127.1,18129.9,17932.1,17989.5,97370
2024-04-17 00:00:00+00:00,18009.2,18124.6,17943.5,17987.0,95529
2024-04-18 00:00:00+00:00,18000.7,18075.1,17924.1,17956.3,83362
2024-04-19 00:00:00+00:00,17963.7,17978.6,17604.0,17924.5,96481
2024-04-22 00:00:00+00:00,17948.4,18185.5,17948.4,18145.5,69935
2024-04-23 00:00:00+00:00,18160.4,18387.0,18107.1,18383.4,52362
2024-04-24 00:00:00+00:00,18384.0,18438.5,18201.2,18210.8,53454
2024-04-25 00:00:00+00:00,18199.3,18277.1,17982.6,18253.8,92856
2024-04-26 00:00:00+00:00,18242.6,18382.1,18145.5,18357.0,66898
2024-04-29 00:00:00+00:00,18380.2,18418.5,18256.5,18297.3,47346
2024-04-30 00:00:00+00:00,18296.5,18322.0,18020.9,18032.7,71850
2024-05-02 00:00:00+00:00,18027.5,18145.6,18022.5,18136.8,65096
2024-05-03 00:00:00+00:00,18130.8,18265.6,18063.1,18178.6,68550
2024-05-06 00:00:00+00:00,18210.3,18368.1,18162.6,18359.9,32554
2024-05-07 00:00:00+00:00,18355.4,18598.6,18344.0,18582.5,45876
2024-05-08 00:00:00+00:00,18581.2,18690.6,18556.0,18644.7,41915
2024-05-09 00:00:00+00:00,18639.0,18866.0,18611.5,18852.5,40610
2024-05-10 00:00:00+00:00,18849.9,18965.6,18825.0,18890.0,38016
2024-05-13 00:00:00+00:00,18879.9,18917.5,18819.1,18834.7,29137
2024-05-14 00:00:00+00:00,18833.2,18888.5,18737.1,18882.7,36295
2024-05-15 00:00:00+00:00,18878.5,19001.6,18854.6,18978.3,42250
2024-05-16 00:00:00+00:00,18976.2,19025.4,18760.4,18763.3,45940
2024-05-17 00:00:00+00:00,18771.9,18813.5,18708.1,18804.0,35108
2024-05-20 00:00:00+00:00,18816.6,18886.1,18802.5,18816.9,23745
2024-05-21 00:00:00+00:00,18817.8,18828.6,18709.6,18817.5,28310
2024-05-22 00:00:00+00:00,18812.6,18835.0,18663.5,18725.0,38957
2024-05-23 00:00:00+00:00,18744.5,18832.6,18617.0,18644.7,52687
2024-05-24 00:00:00+00:00,18650.7,18774.1,18577.1,18765.0,40022
2024-05-27 00:00:00+00:00,18770.4,18860.0,18726.5,18854.5,15164
2024-05-28 00:00:00+00:00,18849.9,18915.6,18678.5,18723.6,45894
2024-05-29 00:00:00+00:00,18717.8,18733.0,18482.1,18492.6,48741
2024-05-30 00:00:00+00:00,18508.4,18587.5,18431.0,18526.3,45483
2024-05-31 00:00:00+00:00,18513.1,18642.0,18465.5,18637.5,54627
2024-06-03 00:00:00+00:00,18615.8,18745.6,18547.5,18619.5,67892
2024-06-04 00:00:00+00:00,18618.4,18634.0,18402.1,18503.8,68444
2024-06-05 00:00:00+00:00,18503.4,18685.2,18490.7,18678.9,43309
2024-06-06 00:00:00+00:00,18678.2,18818.1,18629.5,18658.7,48784
2024-06-07 00:00:00+00:00,18659.3,18683.5,18449.1,18576.0,62452
2024-06-10 00:00:00+00:00,18514.0,18555.0,18383.1,18537.5,47253
2024-06-11 00:00:00+00:00,18537.9,18574.0,18298.6,18406.0,51680
2024-06-12 00:00:00+00:00,18404.8,18671.9,18393.6,18668.7,60220
2024-06-13 00:00:00+00:00,18656.7,18663.9,18239.5,18292.0,61732
2024-06-14 00:00:00+00:00,18283.8,18355.5,17960.6,18014.5,60165
2024-06-17 00:00:00+00:00,18004.4,18171.5,17977.6,18158.9,47479
2024-06-18 00:00:00+00:00,18159.6,18220.1,18077.1,18159.4,41846
2024-06-19 00:00:00+00:00,18159.0,18176.8,18056.6,18087.5,24291
2024-06-20 00:00:00+00:00,18067.3,18447.5,18060.3,18429.0,48594
2024-06-21 00:00:00+00:00,18427.1,18441.6,18266.6,18363.5,39097
2024-06-24 00:00:00+00:00,18376.1,18537.6,18299.5,18398.9,38143
2024-06-25 00:00:00+00:00,18404.8,18432.0,18251.1,18366.1,38982
2024-06-26 00:00:00+00:00,18363.4,18542.1,18220.6,18320.5,41225
2024-06-27 00:00:00+00:00,18323.2,18436.1,18256.5,18408.1,39490
2024-06-28 00:00:00+00:00,18405.9,18525.6,18359.0,18420.5,45635
2024-07-01 00:00:00+00:00,18483.2,18632.1,18415.4,18487.8,49001
2024-07-02 00:00:00+00:00,18493.6,18497.4,18190.1,18334.0,46896
2024-07-03 00:00:00+00:00,18330.1,18579.9,18324.6,18569.6,36136
2024-07-04 00:00:00+00:00,18562.9,18627.6,18542.5,18610.5,21417
2024-07-05 00:00:00+00:00,18602.9,18821.1,18573.1,18663.5,42116
2024-07-08 00:00:00+00:00,18613.3,18784.6,18582.0,18621.4,42690
2024-07-09 00:00:00+00:00,18614.0,18654.5,18362.1,18396.3,47669
2024-07-10 00:00:00+00:00,18398.4,18609.5,18371.0,18594.4,34396
2024-07-11 00:00:00+00:00,18592.4,18722.1,18557.6,18660.1,53568
2024-07-12 00:00:00+00:00,18659.8,18927.1,18641.6,18856.5,47663
2024-07-15 00:00:00+00:00,18865.1,18889.1,18679.5,18711.8,52825
2024-07-16 00:00:00+00:00,18717.0,18731.8,18587.6,18712.6,48963
2024-07-17 00:00:00+00:00,18709.0,18719.7,18480.1,18588.4,66752
2024-07-18 00:00:00+00:00,18600.2,18667.6,18420.5,18462.4,81905
2024-07-19 00:00:00+00:00,18469.8,18487.5,18273.0,18297.0,80237
2024-07-22 00:00:00+00:00,18311.1,18608.3,18289.0,18607.2,67187
2024-07-23 00:00:00+00:00,18611.9,18773.1,18566.5,18664.8,68412
2024-07-24 00:00:00+00:00,18618.0,18641.0,18439.5,18479.3,79446
2024-07-25 00:00:00+00:00,18488.5,18506.0,18206.6,18383.7,110585
2024-07-26 00:00:00+00:00,18399.6,18588.0,18326.6,18577.0,86166
2024-07-29 00:00:00+00:00,18595.6,18655.6,18416.5,18467.7,65090
2024-07-30 00:00:00+00:00,18479.4,18579.1,18370.0,18510.9,77120
2024-07-31 00:00:00+00:00,18517.0,18682.5,18507.5,18600.9,91632
2024-08-01 00:00:00+00:00,18608.4,18652.6,18079.0,18147.0,103802
2024-08-02 00:00:00+00:00,18143.6,18144.6,17712.6,17814.0,121228
2024-08-05 00:00:00+00:00,17638.3,17739.0,17109.6,17487.8,162003
2024-08-06 00:00:00+00:00,17498.2,17655.0,17311.6,17387.4,127715
2024-08-07 00:00:00+00:00,17373.8,17751.1,17356.5,17425.3,111444
2024-08-08 00:00:00+00:00,17456.1,17817.5,17336.9,17803.9,103783
2024-08-09 00:00:00+00:00,17797.5,17861.6,17687.6,17848.5,83497
2024-08-12 00:00:00+00:00,17835.3,17900.6,17745.1,17770.7,69426
2024-08-13 00:00:00+00:00,17779.1,17936.5,17736.1,17921.5,61498
2024-08-14 00:00:00+00:00,17928.5,17993.1,17893.1,17971.6,64120
2024-08-15 00:00:00+00:00,17971.6,18278.0,17950.5,18264.6,51914
2024-08-16 00:00:00+00:00,18267.8,18422.0,18258.5,18390.0,52100
2024-08-19 00:00:00+00:00,18407.9,18520.6,18346.1,18491.6,42301
2024-08-20 00:00:00+00:00,18503.1,18560.6,18379.0,18408.5,42666
2024-08-21 00:00:00+00:00,18408.2,18541.8,18402.5,18525.7,46771
2024-08-22 00:00:00+00:00,18529.5,18608.1,18485.0,18509.8,47741
2024-08-23 00:00:00+00:00,18514.9,18729.1,18503.0,18683.0,61487
2024-08-26 00:00:00+00:00,18681.2,18696.5,18603.6,18666.7,44223
2024-08-27 00:00:00+00:00,18672.9,18781.1,18646.7,18738.1,51326
2024-08-28 00:00:00+00:00,18741.1,18911.1,18704.1,18811.9,61779
2024-08-29 00:00:00+00:00,18772.7,19017.0,18732.9,18902.4,76030
2024-08-30 00:00:00+00:00,18904.5,19013.6,18878.0,18988.5,55574
2024-09-02 00:00:00+00:00,18987.9,18991.9,18811.1,18987.5,28760
2024-09-03 00:00:00+00:00,18975.4,19033.6,18661.0,18679.8,72546
2024-09-04 00:00:00+00:00,18684.5,18690.1,18509.0,18595.3,79564
2024-09-05 00:00:00+00:00,18603.7,18708.1,18534.6,18618.1,76621
2024-09-06 00:00:00+00:00,18624.7,18638.1,18282.0,18289.5,82051
2024-09-09 00:00:00+00:00,18272.4,18530.4,18252.8,18522.2,73300
2024-09-10 00:00:00+00:00,18525.6,18531.3,18209.0,18340.9,73488
2024-09-11 00:00:00+00:00,18340.1,18518.2,18225.1,18499.1,89651
2024-09-12 00:00:00+00:00,18498.2,18610.1,18391.1,18565.7,77698
2024-09-13 00:00:00+00:00,18573.5,18737.6,18542.0,18699.5,61107
2024-09-16 00:00:00+00:00,18693.9,18736.0,18605.6,18707.9,54889
2024-09-17 00:00:00+00:00,18714.6,18815.6,18625.0,18699.9,67179
2024-09-18 00:00:00+00:00,18699.8,18923.5,18693.0,18750.5,71478
2024-09-19 00:00:00+00:00,18945.3,19225.6,18937.8,19136.9,53523
2024-09-20 00:00:00+00:00,19139.4,19149.9,18876.0,18909.5,71201
2024-09-23 00:00:00+00:00,18892.5,19058.0,18851.1,19039.5,58875
2024-09-24 00:00:00+00:00,19041.4,19199.1,19011.0,19159.9,63318
2024-09-25 00:00:00+00:00,19163.9,19168.7,19008.1,19083.6,55027
2024-09-26 00:00:00+00:00,19082.4,19461.5,19074.4,19446.9,63101
2024-09-27 00:00:00+00:00,19450.7,19660.1,19395.5,19566.0,66094
2024-09-30 00:00:00+00:00,19547.7,19642.5,19469.5,19521.0,67161
2024-10-01 00:00:00+00:00,19528.1,19609.6,19288.0,19359.1,87648
2024-10-02 00:00:00+00:00,19374.7,19425.5,19212.1,19326.2,73626
2024-10-03 00:00:00+00:00,19324.6,19337.1,19109.1,19120.2,77377
2024-10-04 00:00:00+00:00,19120.0,19347.5,19095.6,19346.0,72333
2024-10-07 00:00:00+00:00,19352.0,19374.0,19125.5,19178.7,69615
2024-10-08 00:00:00+00:00,19183.6,19259.5,19048.0,19234.5,62146
2024-10-09 00:00:00+00:00,19233.8,19423.0,19143.1,19399.8,53665
2024-10-10 00:00:00+00:00,19401.0,19439.5,19276.6,19358.5,59581
2024-10-11 00:00:00+00:00,19356.1,19530.5,19307.1,19521.5,48184
2024-10-14 00:00:00+00:00,19497.9,19681.9,19466.0,19677.0,33812
2024-10-15 00:00:00+00:00,19671.4,19767.6,19581.5,19592.2,45065
2024-10-16 00:00:00+00:00,19594.0,19639.6,19529.6,19594.4,36827
2024-10-17 00:00:00+00:00,19598.7,19801.1,19556.5,19689.4,40838
2024-10-18 00:00:00+00:00,19691.9,19788.6,19596.5,19765.5,32901
2024-10-21 00:00:00+00:00,19782.6,19799.5,19567.5,19653.4,46606
2024-10-22 00:00:00+00:00,19651.4,19705.1,19483.6,19541.4,53258
2024-10-23 00:00:00+00:00,19542.2,19587.5,19411.5,19463.5,46912
2024-10-24 00:00:00+00:00,19470.9,19665.1,19435.5,19548.2,42674
2024-10-25 00:00:00+00:00,19555.1,19621.6,19455.0,19518.0,48579
2024-10-28 00:00:00+00:00,19580.2,19684.0,19496.6,19636.0,62007
2024-10-29 00:00:00+00:00,19619.3,19745.6,19562.0,19577.5,61304
2024-10-30 00:00:00+00:00,19593.5,19604.1,19297.1,19335.0,65368
2024-10-31 00:00:00+00:00,19329.0,19333.4,19097.1,19175.0,69939
2024-11-01 00:00:00+00:00,19205.2,19387.6,19132.0,19318.5,63284
2024-11-04 00:00:00+00:00,19276.5,19382.0,19181.0,19232.4,57984
2024-11-05 00:00:00+00:00,19234.7,19398.1,19188.1,19394.7,58012
2024-11-06 00:00:00+00:00,19388.4,19648.6,19086.0,19220.9,78181
2024-11-07 00:00:00+00:00,19205.3,19530.0,19106.5,19514.6,61907
2024-11-08 00:00:00+00:00,19515.4,19527.5,19219.6,19319.5,52029
2024-11-11 00:00:00+00:00,19327.9,19620.6,19318.0,19478.5,46142
2024-11-12 00:00:00+00:00,19477.1,19489.5,19031.5,19136.1,58568
2024-11-13 00:00:00+00:00,19131.9,19194.6,18903.6,19061.6,64686
2024-11-14 00:00:00+00:00,19061.6,19370.6,18993.5,19276.1,70519
2024-11-15 00:00:00+00:00,19264.1,19353.6,19181.6,19300.5,74929
2024-11-18 00:00:00+00:00,19278.3,19355.0,19151.1,19194.0,62594
2024-11-19 00:00:00+00:00,19190.0,19309.0,18868.1,19109.2,78585
2024-11-20 00:00:00+00:00,19112.4,19260.6,19017.6,19146.3,70351
2024-11-21 00:00:00+00:00,19142.8,19250.5,18952.1,19216.0,78516
2024-11-22 00:00:00+00:00,19202.9,19420.0,19081.1,19402.0,74194
2024-11-25 00:00:00+00:00,19464.1,19518.1,19375.1,19436.8,64539
2024-11-26 00:00:00+00:00,19444.6,19457.8,19266.0,19373.3,68509
2024-11-27 00:00:00+00:00,19367.2,19386.0,19188.6,19318.3,62948
2024-11-28 00:00:00+00:00,19321.2,19479.1,19319.6,19476.0,36285
2024-11-29 00:00:00+00:00,19465.2,19721.0,19386.5,19684.5,48921
2024-12-02 00:00:00+00:00,19713.9,19990.5,19598.0,19961.1,61173
2024-12-03 00:00:00+00:00,19954.6,20086.4,19930.0,20070.6,54105
2024-12-04 00:00:00+00:00,20065.4,20300.6,20036.0,20257.9,52950
2024-12-05 00:00:00+00:00,20249.3,20409.6,20227.0,20363.9,49244
2024-12-06 00:00:00+00:00,20359.5,20458.1,20331.0,20408.5,45261
2024-12-09 00:00:00+00:00,20404.7,20504.6,20326.7,20339.9,50406
2024-12-10 00:00:00+00:00,20342.7,20423.1,20284.0,20347.9,47684
2024-12-11 00:00:00+00:00,20354.1,20452.0,20303.0,20428.0,43007
2024-12-12 00:00:00+00:00,20427.6,20476.6,20382.0,20424.7,47723
2024-12-13 00:00:00+00:00,20440.9,20543.6,20379.6,20429.5,47801
2024-12-16 00:00:00+00:00,20428.6,20487.0,20313.0,20326.1,41413
2024-12-17 00:00:00+00:00,20322.7,20370.1,20233.5,20248.7,48437
2024-12-18 00:00:00+00:00,20248.2,20342.1,19930.4,20040.1,67957
2024-12-19 00:00:00+00:00,20044.4,20110.6,19935.0,19964.3,59670
2024-12-20 00:00:00+00:00,20165.0,20168.4,19831.1,20061.0,77859
2024-12-23 00:00:00+00:00,20140.0,20144.7,19981.1,20066.9,61039
2024-12-27 00:00:00+00:00,20148.5,20166.5,19963.6,20112.5,60888
2024-12-30 00:00:00+00:00,20122.1,20152.5,19910.1,19979.1,62026
2025-01-02 00:00:00+00:00,19999.6,20178.5,19919.0,20096.8,97639
2025-01-03 00:00:00+00:00,20096.1,20172.1,20002.6,20048.0,61672
2025-01-06 00:00:00+00:00,20048.5,20385.5,20027.7,20280.8,56705
2025-01-07 00:00:00+00:00,20283.6,20532.1,20242.0,20432.1,59472
2025-01-08 00:00:00+00:00,20428.8,20621.1,20377.6,20466.6,71163
2025-01-09 00:00:00+00:00,20460.2,20492.6,20381.6,20465.0,29252
2025-01-10 00:00:00+00:00,20470.4,20533.6,20319.6,20379.5,71606
2025-01-13 00:00:00+00:00,20357.6,20388.5,20151.1,20342.6,60426
2025-01-14 00:00:00+00:00,20365.9,20489.1,20325.0,20410.6,55959
2025-01-15 00:00:00+00:00,20406.8,20758.1,20388.0,20741.6,45301
2025-01-16 00:00:00+00:00,20739.1,20828.0,20700.6,20748.8,48640
2025-01-17 00:00:00+00:00,20748.4,21049.6,20745.3,21016.0,37857
2025-01-20 00:00:00+00:00,21027.6,21176.6,20980.5,21140.5,41902
2025-01-21 00:00:00+00:00,21123.1,21259.3,20982.5,21257.4,52252
2025-01-22 00:00:00+00:00,21265.5,21454.1,21240.5,21364.0,47001
2025-01-23 00:00:00+00:00,21360.0,21612.5,21336.5,21597.7,30154
2025-01-24 00:00:00+00:00,21591.2,21641.0,21463.1,21483.0,31371
2025-01-27 00:00:00+00:00,21388.4,21524.6,21191.6,21502.8,87798
2025-01-28 00:00:00+00:00,21525.4,21625.5,21407.6,21582.8,61473
2025-01-29 00:00:00+00:00,21571.6,21783.6,21570.5,21760.9,50104
2025-01-30 00:00:00+00:00,21748.1,21898.0,21731.5,21814.1,43006
2025-01-31 00:00:00+00:00,21842.4,21904.5,21705.0,21733.5,44939
2025-02-03 00:00:00+00:00,21320.9,21635.5,21189.5,21609.8,95127
2025-02-04 00:00:00+00:00,21646.9,21650.7,21392.0,21540.8,57096
2025-02-05 00:00:00+00:00,21526.0,21743.5,21480.1,21737.1,49403
2025-02-06 00:00:00+00:00,21731.2,22015.1,21723.9,21971.9,51928
2025-02-07 00:00:00+00:00,21964.7,22037.1,21815.5,21830.5,62326
2025-02-10 00:00:00+00:00,21775.4,22035.5,21769.1,22030.7,43418
2025-02-11 00:00:00+00:00,22015.1,22200.5,21968.6,22175.8,46054
2025-02-12 00:00:00+00:00,22186.6,22410.8,22047.6,22406.8,63316
2025-02-13 00:00:00+00:00,22406.7,22708.6,22387.6,22566.7,70009
2025-02-14 00:00:00+00:00,22575.6,22677.1,22530.6,22569.0,40399
2025-02-17 00:00:00+00:00,22583.7,22947.5,22558.5,22930.5,34162
2025-02-18 00:00:00+00:00,22890.9,22947.0,22775.6,22920.0,51657
2025-02-19 00:00:00+00:00,22939.8,23000.1,22429.5,22469.9,48844
2025-02-20 00:00:00+00:00,22474.4,22634.1,22329.6,22360.6,55012
2025-02-21 00:00:00+00:00,22363.5,22448.6,22169.5,22233.0,82268
2025-02-24 00:00:00+00:00,22247.1,22636.5,22240.5,22364.4,77113
2025-02-25 00:00:00+00:00,22375.0,22638.5,22304.6,22585.0,84538
2025-02-26 00:00:00+00:00,22617.6,22880.6,22551.0,22737.9,68657
2025-02-27 00:00:00+00:00,22710.0,22742.5,22410.0,22452.7,92454
2025-02-28 00:00:00+00:00,22469.8,22611.5,22253.5,22584.0,88883
2025-03-03 00:00:00+00:00,22620.5,23350.6,22560.6,23105.9,116126
2025-03-04 00:00:00+00:00,23093.7,23131.2,22347.6,22817.4,174230
2025-03-05 00:00:00+00:00,22819.6,23262.0,22703.0,23208.0,120563
2025-03-06 00:00:00+00:00,23212.6,23505.6,23084.1,23273.9,135691
2025-03-07 00:00:00+00:00,23287.9,23313.5,22879.1,23236.0,137411
2025-03-10 00:00:00+00:00,23155.5,23235.5,22472.5,22609.5,123727
2025-03-11 00:00:00+00:00,22591.5,22860.1,22260.0,22446.5,111303
2025-03-12 00:00:00+00:00,22469.4,22833.1,22441.9,22663.0,82207
2025-03-13 00:00:00+00:00,22662.5,22770.1,22425.1,22528.0,69018
2025-03-14 00:00:00+00:00,22541.3,23095.5,22468.6,23091.5,74050
2025-03-17 00:00:00+00:00,23085.8,23264.5,22934.1,23249.0,66159
2025-03-18 00:00:00+00:00,23257.3,23485.1,23191.5,23359.0,69800
2025-03-19 00:00:00+00:00,23356.4,23436.0,23136.6,23320.5,63531
2025-03-20 00:00:00+00:00,23331.1,23375.8,22814.1,22958.5,72110
2025-03-21 00:00:00+00:00,23206.0,23251.5,22954.1,23130.5,82153
2025-03-24 00:00:00+00:00,23211.3,23373.6,23043.0,23123.0,96091
2025-03-25 00:00:00+00:00,23124.4,23421.1,23026.0,23383.0,80611
2025-03-26 00:00:00+00:00,23379.6,23460.5,22892.5,22948.5,89861
2025-03-27 00:00:00+00:00,22908.3,22969.6,22694.1,22890.5,103300
2025-03-28 00:00:00+00:00,22893.9,22904.0,22598.6,22685.5,109015
2025-03-31 00:00:00+00:00,22641.1,22660.1,22194.1,22490.5,112353
2025-04-01 00:00:00+00:00,22483.0,22797.1,22428.3,22718.2,111274
2025-04-02 00:00:00+00:00,22729.5,22859.5,22072.4,22188.8,114543
2025-04-03 00:00:00+00:00,21968.3,22359.6,21771.3,21819.9,143899
2025-04-04 00:00:00+00:00,21850.1,21911.0,20521.0,20532.5,151981
2025-04-07 00:00:00+00:00,20119.8,21022.6,19006.1,20149.0,96330
2025-04-08 00:00:00+00:00,20176.6,20651.1,19572.5,19813.1,109551
2025-04-09 00:00:00+00:00,19765.9,21700.0,19482.0,21664.4,132213
2025-04-10 00:00:00+00:00,21613.5,21711.8,20323.5,20860.7,107551
2025-04-11 00:00:00+00:00,20860.4,21081.5,20279.6,20868.0,93194
2025-04-14 00:00:00+00:00,20953.9,21224.6,20870.1,21106.5,78152
2025-04-15 00:00:00+00:00,21107.8,21493.0,21032.0,21425.3,88863
2025-04-16 00:00:00+00:00,21301.4,21483.0,21118.1,21252.2,88456
2025-04-17 00:00:00+00:00,21280.5,21604.1,21233.9,21366.5,86612
2025-04-22 00:00:00+00:00,21199.5,21656.4,21163.5,21627.8,99013
2025-04-23 00:00:00+00:00,21863.7,22230.6,21795.9,22112.8,118484
2025-04-24 00:00:00+00:00,22075.7,22351.1,21886.1,22298.2,116040
2025-04-25 00:00:00+00:00,22314.2,22513.5,22229.1,22509.0,106579
2025-04-28 00:00:00+00:00,22476.7,22597.6,22382.0,22463.3,93812
2025-04-29 00:00:00+00:00,22455.5,22681.0,22440.3,22657.3,94939
2025-04-30 00:00:00+00:00,22643.7,22855.4,22375.1,22828.2,121630
2025-05-02 00:00:00+00:00,22798.6,23292.5,22782.3,23248.0,98404
2025-05-05 00:00:00+00:00,23204.9,23533.0,23130.0,23465.8,67498
2025-05-06 00:00:00+00:00,23457.9,23552.6,22977.6,23272.9,91707
2025-05-07 00:00:00+00:00,23457.1,23518.6,23152.0,23275.6,105156
2025-05-08 00:00:00+00:00,23253.1,23580.0,23244.5,23472.2,98200
2025-05-09 00:00:00+00:00,23479.7,23633.6,23424.5,23601.0,73130
2025-05-12 00:00:00+00:00,23772.6,24013.6,23443.6,23742.6,107979
2025-05-13 00:00:00+00:00,23725.3,23748.8,23574.0,23671.3,72460
2025-05-14 00:00:00+00:00,23673.0,23785.6,23519.6,23558.2,76553
2025-05-15 00:00:00+00:00,23540.6,23809.1,23410.1,23783.5,70825
2025-05-16 00:00:00+00:00,23778.0,23953.6,23726.6,23874.0,58946
2025-05-19 00:00:00+00:00,23801.7,24108.0,23728.5,24105.9,65330
2025-05-20 00:00:00+00:00,24091.2,24141.9,23956.6,24085.1,61362
2025-05-21 00:00:00+00:00,24076.4,24216.1,23924.6,23969.5,88885
2025-05-22 00:00:00+00:00,23990.7,24137.0,23888.6,24107.8,85355
2025-05-23 00:00:00+00:00,24110.1,24190.6,23309.1,23649.0,110509
2025-05-26 00:00:00+00:00,23658.8,24082.6,23657.5,24047.0,47003
2025-05-27 00:00:00+00:00,24024.7,24351.1,23983.3,24340.8,63686
2025-05-28 00:00:00+00:00,24332.1,24364.6,24058.0,24164.6,68456
2025-05-29 00:00:00+00:00,24141.0,24420.5,23873.0,23959.7,97427
2025-05-30 00:00:00+00:00,23944.9,24215.6,23913.5,24058.0,106259
2025-06-02 00:00:00+00:00,24023.8,24121.4,23763.1,24108.4,105814
2025-06-03 00:00:00+00:00,24102.9,24170.0,23843.6,24159.2,79695
2025-06-04 00:00:00+00:00,24162.7,24371.1,24148.5,24276.5,85548
2025-06-05 00:00:00+00:00,24271.9,24510.6,24200.0,24234.8,98435
2025-06-06 00:00:00+00:00,24224.1,24372.6,24213.8,24323.5,74563
2025-06-09 00:00:00+00:00,24332.2,24349.3,24111.3,24168.1,56678
2025-06-10 00:00:00+00:00,24176.7,24268.5,23969.3,24009.5,74633
2025-06-11 00:00:00+00:00,24011.9,24189.8,23844.8,23874.5,89404
2025-06-12 00:00:00+00:00,23856.5,23897.3,23624.8,23750.2,66052
2025-06-13 00:00:00+00:00,23743.7,23744.1,23291.5,23444.3,99170
2025-06-16 00:00:00+00:00,23375.0,23721.8,23327.3,23588.8,82930
2025-06-17 00:00:00+00:00,23592.1,23597.2,23294.1,23305.9,102528
2025-06-18 00:00:00+00:00,23290.5,23510.8,23245.3,23436.9,89050
2025-06-19 00:00:00+00:00,23432.2,23452.7,23139.3,23170.3,53537
2025-06-20 00:00:00+00:00,23207.4,23608.3,23198.4,23404.3,90667
2025-06-23 00:00:00+00:00,23282.9,23555.8,23194.3,23535.8,98917
2025-06-24 00:00:00+00:00,23527.2,23936.8,23526.0,23823.3,73798
2025-06-25 00:00:00+00:00,23814.3,23877.3,23582.8,23617.9,61020
2025-06-26 00:00:00+00:00,23611.5,23851.8,23593.9,23841.3,56486
2025-06-27 00:00:00+00:00,23843.6,24216.3,23840.1,24192.3,67272
2025-06-30 00:00:00+00:00,24210.3,24287.2,23962.8,24030.6,58077
2025-07-01 00:00:00+00:00,24027.0,24104.5,23743.3,23819.2,65975
2025-07-02 00:00:00+00:00,23821.7,23964.0,23724.8,23923.0,67376
2025-07-03 00:00:00+00:00,23925.3,24057.8,23866.3,24031.3,46735
2025-07-04 00:00:00+00:00,24010.1,24034.0,23803.3,23855.3,44916
2025-07-07 00:00:00+00:00,23917.3,24230.8,23892.0,24053.6,55293
2025-07-08 00:00:00+00:00,24065.4,24380.3,24028.4,24346.5,80310
2025-07-09 00:00:00+00:00,24355.9,24739.3,24295.5,24724.1,75687
2025-07-10 00:00:00+00:00,24724.3,24748.0,24529.8,24539.6,69715
2025-07-11 00:00:00+00:00,24546.5,24578.5,24261.3,24320.8,81051
2025-07-14 00:00:00+00:00,24251.5,24330.8,24062.3,24315.4,61991
2025-07-15 00:00:00+00:00,24299.4,24384.0,24093.6,24100.0,69569
2025-07-16 00:00:00+00:00,24109.4,24302.3,24014.8,24272.9,75796
2025-07-17 00:00:00+00:00,24268.4,24512.3,24244.5,24491.2,57347
2025-07-18 00:00:00+00:00,24482.2,24587.8,24261.3,24294.3,59747
2025-07-21 00:00:00+00:00,24283.6,24421.8,24267.0,24338.1,55140
2025-07-22 00:00:00+00:00,24335.6,24355.7,24002.8,24154.8,76124
2025-07-23 00:00:00+00:00,24159.1,24627.1,24145.1,24611.1,89866
2025-07-24 00:00:00+00:00,24601.6,24648.0,24318.8,24350.6,80206
2025-07-25 00:00:00+00:00,24349.3,24400.3,24143.8,24391.3,66326
2025-07-28 00:00:00+00:00,24441.1,24643.8,24004.3,24053.2,69853
2025-07-29 00:00:00+00:00,24057.1,24392.8,24038.0,24291.6,69550
2025-07-30 00:00:00+00:00,24295.1,24414.5,24210.3,24380.7,78832
2025-07-31 00:00:00+00:00,24405.6,24509.3,24039.8,24091.0,85749
2025-08-01 00:00:00+00:00,24089.4,24101.0,23445.8,23512.8,134943
2025-08-04 00:00:00+00:00,23517.3,23908.4,23460.8,23906.7,71693
2025-08-05 00:00:00+00:00,23898.9,24049.8,23850.8,23932.9,75236
2025-08-06 00:00:00+00:00,23927.2,24103.8,23870.3,24008.8,73681
2025-08-07 00:00:00+00:00,23986.4,24455.3,23965.3,24276.4,103486
2025-08-08 00:00:00+00:00,24272.0,24366.0,24151.3,24286.3,61042
2025-08-11 00:00:00+00:00,24270.7,24343.0,24085.3,24133.9,57338
2025-08-12 00:00:00+00:00,24147.4,24250.5,24001.3,24198.0,72541
2025-08-13 00:00:00+00:00,24186.6,24309.8,24130.8,24257.4,56172
2025-08-14 00:00:00+00:00,24251.6,24491.8,24171.5,24481.8,59957
2025-08-15 00:00:00+00:00,24469.2,24593.3,24378.8,24432.3,58414
2025-08-18 00:00:00+00:00,24445.5,24497.3,24291.3,24396.3,48021
2025-08-19 00:00:00+00:00,24408.2,24493.3,24328.3,24396.6,53064
2025-08-20 00:00:00+00:00,24393.6,24418.8,24255.8,24344.7,65548
2025-08-21 00:00:00+00:00,24351.7,24369.0,24217.3,24325.1,56124
2025-08-22 00:00:00+00:00,24345.4,24492.3,24241.3,24395.8,58913
2025-08-25 00:00:00+00:00,24392.3,24418.8,24254.8,24315.5,47420
2025-08-26 00:00:00+00:00,24320.4,24333.1,24073.3,24263.5,61916
2025-08-27 00:00:00+00:00,24262.8,24288.5,24014.8,24065.5,41572
2025-08-28 00:00:00+00:00,24050.5,24240.8,24006.3,24080.4,53312
2025-08-29 00:00:00+00:00,24074.4,24098.8,23909.3,23966.8,56679
2025-09-01 00:00:00+00:00,23966.4,24081.3,23955.5,24075.3,30466
2025-09-02 00:00:00+00:00,24058.8,24125.0,23503.8,23680.2,91179
2025-09-03 00:00:00+00:00,23674.1,23736.3,23531.3,23625.9,61950
2025-09-04 00:00:00+00:00,23615.1,23859.9,23585.5,23844.3,58591
2025-09-05 00:00:00+00:00,23855.2,23913.0,23566.3,23674.3,91401
2025-09-08 00:00:00+00:00,23653.6,23851.3,23629.9,23811.9,63056
2025-09-09 00:00:00+00:00,23826.3,23878.3,23648.8,23820.7,52032
2025-09-10 00:00:00+00:00,23823.3,23899.8,23598.8,23603.8,57368
2025-09-11 00:00:00+00:00,23610.2,23802.8,23568.3,23760.8,67492
2025-09-12 00:00:00+00:00,23765.1,23805.8,23610.8,23717.8,57881
2025-09-15 00:00:00+00:00,23710.4,23864.8,23662.0,23734.4,60650
2025-09-16 00:00:00+00:00,23729.2,23795.3,23322.3,23399.8,66952
2025-09-17 00:00:00+00:00,23395.8,23541.5,23287.3,23530.6,92481
2025-09-18 00:00:00+00:00,23530.1,23858.8,23525.2,23845.0,62521
2025-09-19 00:00:00+00:00,23853.7,23925.3,23732.8,23789.3,72753
2025-09-22 00:00:00+00:00,23788.4,23822.5,23552.3,23709.9,63065
2025-09-23 00:00:00+00:00,23707.9,23860.3,23635.8,23679.8,62478
2025-09-24 00:00:00+00:00,23689.7,23871.3,23629.3,23835.7,71963
2025-09-25 00:00:00+00:00,23836.4,23861.3,23505.8,23700.8,91795
2025-09-26 00:00:00+00:00,23701.2,23888.8,23654.0,23877.3,72885
2025-09-29 00:00:00+00:00,23873.0,24006.8,23793.3,23873.2,63610
2025-09-30 00:00:00+00:00,23875.8,24082.8,23800.8,24027.5,65978
2025-10-01 00:00:00+00:00,24041.5,24393.3,23867.8,24347.6,71321
2025-10-02 00:00:00+00:00,24349.9,24628.3,24334.5,24588.7,70179
2025-10-03 00:00:00+00:00,24589.5,24662.5,24459.8,24513.3,55946
2025-10-06 00:00:00+00:00,24530.3,24605.3,24383.3,24568.5,66331
2025-10-07 00:00:00+00:00,24573.2,24575.3,24425.3,24497.5,52064
2025-10-08 00:00:00+00:00,24502.0,24757.8,24468.2,24743.0,46101
2025-10-09 00:00:00+00:00,24742.0,24889.3,24665.5,24729.8,50709
2025-10-10 00:00:00+00:00,24736.6,24807.8,24279.8,24288.3,102147
2025-10-13 00:00:00+00:00,24598.0,24601.4,24359.2,24527.1,94524
2025-10-14 00:00:00+00:00,24535.6,24588.0,24090.3,24393.7,115178
2025-10-15 00:00:00+00:00,24419.3,24471.3,24112.3,24249.3,79351
2025-10-16 00:00:00+00:00,24256.1,24391.3,24120.3,24159.1,111705
2025-10-17 00:00:00+00:00,24169.3,24183.4,23777.3,24076.8,136770
2025-10-20 00:00:00+00:00,24093.6,24449.1,24008.0,24449.0,64488
2025-10-21 00:00:00+00:00,24442.4,24485.3,24298.3,24422.9,48733
2025-10-22 00:00:00+00:00,24431.1,24459.3,24036.8,24226.7,85227
2025-10-23 00:00:00+00:00,24240.9,24322.8,24126.3,24300.5,64948
2025-10-24 00:00:00+00:00,24308.1,24393.3,24228.3,24295.8,53268
2025-10-27 00:00:00+00:00,24412.5,24491.5,24273.8,24405.8,47316
2025-10-28 00:00:00+00:00,24403.4,24433.3,24268.3,24341.3,43904
2025-10-29 00:00:00+00:00,24333.1,24407.3,24087.8,24221.3,75962
2025-10-30 00:00:00+00:00,24186.8,24340.5,24108.8,24212.3,113111
2025-10-31 00:00:00+00:00,24211.8,24223.5,23985.8,24051.8,79853
2025-11-03 00:00:00+00:00,24084.3,24330.3,24040.3,24205.8,66068
2025-11-04 00:00:00+00:00,24201.8,24203.9,23743.3,23961.2,77013
2025-11-05 00:00:00+00:00,23958.0,24192.8,23650.0,24163.1,79354
2025-11-06 00:00:00+00:00,24164.7,24181.9,23751.3,23829.6,89200
2025-11-07 00:00:00+00:00,23813.0,23902.8,23514.3,23828.3,92166
2025-11-10 00:00:00+00:00,23901.5,24157.2,23862.6,24142.0,63599
2025-11-11 00:00:00+00:00,24140.6,24262.4,24012.8,24253.1,63298
2025-11-12 00:00:00+00:00,24253.1,24512.8,24236.6,24474.6,51271
2025-11-13 00:00:00+00:00,24462.6,24566.5,23997.8,24115.6,69510
2025-11-14 00:00:00+00:00,24135.1,24181.0,23665.3,23900.8,76089
2025-11-17 00:00:00+00:00,23851.6,23988.3,23411.8,23514.1,69544
2025-11-18 00:00:00+00:00,23526.8,23539.8,23133.3,23223.4,86289
2025-11-19 00:00:00+00:00,23241.0,23425.8,23119.5,23355.1,74281
2025-11-20 00:00:00+00:00,23382.6,23557.3,22951.6,22970.6,82537
2025-11-21 00:00:00+00:00,22986.9,23345.3,22944.8,23265.8,92360
2025-11-24 00:00:00+00:00,23331.9,23438.3,23190.3,23286.8,65387
2025-11-25 00:00:00+00:00,23296.3,23622.3,23176.3,23604.2,59542
2025-11-26 00:00:00+00:00,23598.0,23807.3,23485.3,23785.0,47604
2025-11-27 00:00:00+00:00,23790.1,23874.8,23731.8,23817.3,27418
2025-11-28 00:00:00+00:00,23807.5,23921.3,23748.8,23874.8,24975
2025-12-01 00:00:00+00:00,23877.4,23904.4,23460.8,23589.6,57442
2025-12-02 00:00:00+00:00,23596.4,23827.8,23577.1,23763.3,50549
2025-12-03 00:00:00+00:00,23767.5,23871.3,23670.8,23804.7,44543
2025-12-04 00:00:00+00:00,23804.3,23954.3,23782.5,23905.4,44885
2025-12-05 00:00:00+00:00,23910.4,24153.8,23895.0,24052.3,40014
2025-12-08 00:00:00+00:00,24053.1,24138.3,24008.3,24057.2,41797
2025-12-09 00:00:00+00:00,24049.8,24206.3,24045.7,24138.1,41435
2025-12-10 00:00:00+00:00,24143.2,24244.8,24015.3,24219.3,51606
2025-12-11 00:00:00+00:00,24211.7,24422.6,23984.5,24412.9,56984
2025-12-12 00:00:00+00:00,24387.6,24488.8,24169.8,24247.8,53274
2025-12-15 00:00:00+00:00,24247.8,24344.3,24162.3,24204.5,54865
2025-12-16 00:00:00+00:00,24204.8,24209.4,24009.3,24116.4,59298
2025-12-17 00:00:00+00:00,24122.8,24196.3,23885.6,23908.1,61591
2025-12-18 00:00:00+00:00,24091.6,24390.3,24023.0,24286.2,79958
2025-12-19 00:00:00+00:00,24306.6,24507.3,24264.2,24443.3,61268
2025-12-22 00:00:00+00:00,24467.7,24523.3,24365.7,24458.3,46326
2025-12-23 00:00:00+00:00,24460.5,24526.3,24415.2,24477.6,37644
2025-12-29 00:00:00+00:00,24550.5,24588.7,24407.8,24522.3,47382
2025-12-30 00:00:00+00:00,24518.6,24800.8,24477.2,24730.9,36405
2026-01-02 00:00:00+00:00,24669.0,24828.8,24591.3,24702.3,78133
2026-01-05 00:00:00+00:00,24719.9,25023.7,24694.7,24997.9,67973
2026-01-06 00:00:00+00:00,25001.0,25123.3,24974.2,25102.1,48610
2026-01-07 00:00:00+00:00,25108.7,25287.7,25075.0,25247.8,54499
2026-01-08 00:00:00+00:00,25251.2,25353.2,25137.0,25327.7,59280
2026-01-09 00:00:00+00:00,25327.1,25411.8,25237.2,25408.7,54474
2026-01-12 00:00:00+00:00,25380.6,25586.2,25330.7,25558.1,44032
2026-01-13 00:00:00+00:00,25557.8,25640.7,25466.2,25507.0,48424
2026-01-14 00:00:00+00:00,25508.6,25590.8,25347.8,25422.1,57824
2026-01-15 00:00:00+00:00,25422.1,25514.0,25358.8,25375.0,43547
2026-01-16 00:00:00+00:00,25386.9,25474.3,25321.8,25444.7,41177
2026-01-19 00:00:00+00:00,25312.8,25325.0,25025.2,25065.7,68235
2026-01-20 00:00:00+00:00,25083.0,25085.5,24620.7,24710.2,96662
2026-01-21 00:00:00+00:00,24721.9,25008.8,24454.8,24960.6,118672
2026-01-22 00:00:00+00:00,24995.2,25048.0,24875.8,24914.2,73093
2026-01-23 00:00:00+00:00,24901.8,25035.3,24896.2,24989.3,67581
2026-01-26 00:00:00+00:00,24891.9,25090.8,24792.4,25016.9,69990
2026-01-27 00:00:00+00:00,25010.6,25119.8,24938.0,24953.5,55390
2026-01-28 00:00:00+00:00,24967.3,25042.0,24801.8,24970.6,90750
2026-01-29 00:00:00+00:00,24976.8,25011.5,24355.7,24552.8,139429
2026-01-30 00:00:00+00:00,24556.7,24675.2,24398.7,24577.7,111164
2026-02-02 00:00:00+00:00,24488.0,24945.2,24291.0,24932.4,107041
2026-02-03 00:00:00+00:00,24933.6,25188.8,24706.2,24824.2,120611
2026-02-04 00:00:00+00:00,24823.0,24963.3,24605.2,24764.0,146145
2026-02-05 00:00:00+00:00,24723.9,24804.2,24352.5,24472.5,961157
2026-02-06 00:00:00+00:00,24469.9,24861.5,24277.7,24852.4,687657
2026-02-09 00:00:00+00:00,24894.5,25115.8,24786.8,25108.8,85120
2026-02-10 00:00:00+00:00,25122.7,25157.3,25009.8,25089.6,77936
2026-02-11 00:00:00+00:00,25102.2,25119.0,24902.3,24990.4,98201
2026-02-12 00:00:00+00:00,25003.3,25308.2,24879.8,24981.1,112712
2026-02-13 00:00:00+00:00,24971.0,25039.2,24805.3,24960.2,142799
2026-02-16 00:00:00+00:00,24975.0,25072.7,24840.7,24881.8,49794
2026-02-17 00:00:00+00:00,24894.8,25103.3,24728.5,25080.5,95730
2026-02-18 00:00:00+00:00,25071.1,25369.8,25044.3,25270.5,62600
2026-02-19 00:00:00+00:00,25281.3,25315.5,25015.2,25049.4,73495
2026-02-20 00:00:00+00:00,25052.6,25381.2,25043.2,25281.7,88638
2026-02-23 00:00:00+00:00,25259.2,25266.4,24974.7,25032.8,76993
2026-02-24 00:00:00+00:00,25033.2,25133.8,24919.2,25061.5,93850
2026-02-25 00:00:00+00:00,25064.1,25305.4,25029.2,25272.7,77991
2026-02-26 00:00:00+00:00,25251.2,25388.2,25123.3,25331.3,121049
2026-02-27 00:00:00+00:00,25312.5,25440.8,25186.2,25218.3,143237
2026-03-02 00:00:00+00:00,25076.2,25116.2,24600.8,24622.9,214130
2026-03-03 00:00:00+00:00,24615.7,24683.0,23615.8,24009.6,252719
2026-03-04 00:00:00+00:00,24005.4,24316.2,23727.5,24290.7,212760
2026-03-05 00:00:00+00:00,24298.2,24386.2,23690.3,23819.5,224777
2026-03-06 00:00:00+00:00,23819.7,24044.8,23351.3,23659.8,230864
2026-03-09 00:00:00+00:00,23335.2,23960.7,22716.0,23812.8,284853
2026-03-10 00:00:00+00:00,23784.9,24120.8,23526.5,23825.3,218276
2026-03-11 00:00:00+00:00,23795.2,24005.0,23539.8,23637.2,165031
2026-03-12 00:00:00+00:00,23609.7,23710.7,23256.5,23519.3,198605
2026-03-13 00:00:00+00:00,23496.6,23771.7,23290.7,23382.8,184681
2026-03-16 00:00:00+00:00,23364.1,23708.3,23298.7,23620.2,156648
2026-03-17 00:00:00+00:00,23598.2,23826.7,23411.0,23706.8,123011
2026-03-18 00:00:00+00:00,23692.4,23960.8,23119.3,23147.3,156579
2026-03-19 00:00:00+00:00,23334.0,23482.0,22933.3,23213.2,157241
2026-03-20 00:00:00+00:00,23225.7,23381.3,22289.7,22423.8,202719
2026-03-23 00:00:00+00:00,22195.1,23691.3,22058.7,22982.9,595185
2026-03-24 00:00:00+00:00,22975.4,23135.2,22543.1,23053.5,1035268
2026-03-25 00:00:00+00:00,23060.3,23281.8,23001.2,23115.7,818868
2026-03-26 00:00:00+00:00,23098.2,23117.8,22695.6,22811.5,788277
2026-03-27 00:00:00+00:00,22822.7,22966.5,22331.2,22376.3,800492
2026-03-30 00:00:00+00:00,22312.9,22814.2,22119.0,22596.4,191961
2026-03-31 00:00:00+00:00,22634.9,23251.3,22476.0,23183.4,237586
2026-04-01 00:00:00+00:00,23182.5,23593.7,23174.5,23508.4,175853
2026-04-02 00:00:00+00:00,23482.5,23531.5,22847.7,23386.9,138509
2026-04-07 00:00:00+00:00,23451.5,23588.3,23016.2,23375.2,183373
2026-04-08 00:00:00+00:00,23553.1,24425.2,23395.5,24199.8,183115
2026-04-09 00:00:00+00:00,24198.1,24219.5,23851.7,24060.7,131225
2026-04-10 00:00:00+00:00,24052.8,24231.3,23890.3,23969.7,103538
2026-04-13 00:00:00+00:00,23724.3,24123.8,23575.9,24111.9,102570
2026-04-14 00:00:00+00:00,24132.8,24270.7,24037.0,24208.1,85060
2026-04-15 00:00:00+00:00,24219.7,24323.2,24151.5,24226.7,88701
2026-04-16 00:00:00+00:00,24236.5,24425.2,24216.2,24281.2,85080
2026-04-17 00:00:00+00:00,24284.8,24965.3,24263.0,24809.8,122914
2026-04-20 00:00:00+00:00,24586.7,24678.1,24444.7,24651.5,136458
2026-04-21 00:00:00+00:00,24666.7,24763.2,24175.3,24310.9,137627
2026-04-22 00:00:00+00:00,24330.3,24543.8,24222.0,24344.7,130767
2026-04-23 00:00:00+00:00,24332.7,24399.8,23979.3,24221.1,179000
2026-04-24 00:00:00+00:00,24308.3,24466.8,24123.7,24399.7,146781
2026-04-27 00:00:00+00:00,24345.0,24511.3,24175.2,24212.3,116555
2026-04-28 00:00:00+00:00,24233.3,24293.5,24021.2,24121.4,158305
2026-04-29 00:00:00+00:00,24139.0,24244.7,23849.4,23892.2,149981
2026-04-30 00:00:00+00:00,23934.6,24445.8,23726.2,24423.5,188187
2026-05-04 00:00:00+00:00,24496.0,24509.0,23940.7,23992.5,150162
2026-05-05 00:00:00+00:00,24017.7,24569.5,23971.0,24544.7,140165
2026-05-06 00:00:00+00:00,24549.1,25248.8,24539.1,25045.6,190540
2026-05-07 00:00:00+00:00,25026.0,25105.2,24478.5,24483.3,183676
2026-05-08 00:00:00+00:00,24466.3,24583.3,24332.3,24462.3,140170
2026-05-11 00:00:00+00:00,24349.0,24422.8,24256.6,24335.8,374558
2026-05-12 00:00:00+00:00,24346.0,24367.7,23982.0,24085.0,452668
2026-05-13 00:00:00+00:00,24093.7,24302.0,24042.3,24300.4,372079
2026-05-14 00:00:00+00:00,24291.9,24541.8,24235.4,24366.1,346710
2026-05-15 00:00:00+00:00,24381.7,24397.6,23902.3,23944.4,577773
2026-05-18 00:00:00+00:00,23932.3,24477.8,23671.3,24420.8,648957
2026-05-19 00:00:00+00:00,24436.3,24738.7,24237.2,24352.9,534569
2026-05-20 00:00:00+00:00,24372.3,24938.3,24198.2,24788.9,371343
2026-05-21 00:00:00+00:00,24761.7,24962.8,24567.6,24886.0,389242
2026-05-22 00:00:00+00:00,24904.1,24993.4,24705.4,24842.8,259643
2026-05-25 00:00:00+00:00,25000.8,25492.8,24993.8,25442.8,120740
2026-05-26 00:00:00+00:00,25315.1,25422.5,25205.9,25263.8,213864
2026-05-27 00:00:00+00:00,25274.9,25440.4,25148.0,25282.8,252871
2026-05-28 00:00:00+00:00,25293.3,25295.3,24948.4,25149.2,262950
2026-05-29 00:00:00+00:00,25152.5,25242.1,25060.4,25085.8,236077
2026-06-01 00:00:00+00:00,25058.1,25335.1,24927.5,25093.3,279397
2026-06-02 00:00:00+00:00,25073.3,25394.8,25005.4,25140.5,288593
2026-06-03 00:00:00+00:00,25128.8,25149.9,24687.7,24707.8,293252
2026-06-04 00:00:00+00:00,24702.4,25035.4,24673.9,24926.7,339703
2026-06-05 00:00:00+00:00,24924.1,25055.2,24528.0,24597.3,440211
2026-06-08 00:00:00+00:00,24457.9,24765.3,24355.5,24594.8,555565
2026-06-09 00:00:00+00:00,24595.6,24843.8,24251.4,24537.7,631476
2026-06-10 00:00:00+00:00,24479.7,24558.9,24046.2,24069.8,809035
2026-06-11 00:00:00+00:00,24032.1,24664.5,23955.0,24630.0,702112
2026-06-12 00:00:00+00:00,24642.1,24770.9,24426.6,24684.0,604551
2026-06-15 00:00:00+00:00,24949.5,25103.8,24846.8,24855.4,360476
2026-06-16 00:00:00+00:00,24860.8,25123.1,24752.6,24914.6,414883
2026-06-17 00:00:00+00:00,24931.4,25160.6,24927.2,25027.0,378681
2026-06-18 00:00:00+00:00,25020.5,25274.7,25008.6,25263.9,372200
2026-06-19 00:00:00+00:00,25267.7,25351.3,25061.0,25170.3,210375
2026-06-22 00:00:00+00:00,25162.3,25352.7,25021.3,25264.2,341967
2026-06-23 00:00:00+00:00,25280.1,25280.1,24894.8,25097.1,409936
2026-06-24 00:00:00+00:00,25104.4,25120.8,24755.5,24947.5,444860
2026-06-25 00:00:00+00:00,24963.4,25256.8,24844.4,25146.3,430564
2026-06-26 00:00:00+00:00,25122.6,25200.2,24712.5,24798.6,475245
2026-06-29 00:00:00+00:00,24926.7,24964.6,24717.2,24892.0,322247
2026-06-30 00:00:00+00:00,24887.7,25193.5,24830.5,25147.8,228762
2026-07-01 00:00:00+00:00,25151.6,25241.4,25027.2,25163.6,275564
2026-07-02 00:00:00+00:00,25174.9,25806.8,25098.8,25753.9,356830
2026-07-03 00:00:00+00:00,25766.9,25977.3,25747.4,25963.0,151979
2026-07-06 00:00:00+00:00,25956.4,26048.8,25834.0,25963.3,183240
2026-07-07 00:00:00+00:00,25967.2,25981.9,25548.8,25598.0,226769
2026-07-08 00:00:00+00:00,25567.5,25666.5,24957.3,25119.7,380546
2026-07-09 00:00:00+00:00,25126.2,25258.2,24984.1,25227.5,250390
2026-07-10 00:00:00+00:00,25227.5,25318.3,25043.9,25222.3,194549
2026-07-13 00:00:00+00:00,25113.2,25270.3,24884.9,25090.6,275969
2026-07-14 00:00:00+00:00,25118.9,25324.4,24896.0,25151.7,380688
2026-07-15 00:00:00+00:00,25154.7,25249.3,24942.1,25101.0,252508
2026-07-16 00:00:00+00:00,25109.3,25169.5,24791.5,24963.7,297882
2026-07-17 00:00:00+00:00,24974.6,24988.1,24713.0,24936.3,321434
2026-07-20 00:00:00+00:00,24939.6,25080.8,24778.4,24791.0,327615
2026-07-21 00:00:00+00:00,24790.7,25174.7,24761.1,25157.9,240698
2026-07-22 00:00:00+00:00,25157.3,25369.8,25050.5,25252.2,281309
2026-07-23 00:00:00+00:00,25213.7,25313.3,24782.5,24873.0,385640
2026-07-24 00:00:00+00:00,24852.0,25226.5,24783.0,25167.9,297435
2026-07-27 00:00:00+00:00,25370.9,25653.6,25266.0,25573.5,334879
2026-07-28 00:00:00+00:00,25572.6,25647.3,25395.0,25602.8,315335
2026-07-29 00:00:00+00:00,25600.7,25695.6,25360.1,25439.6,463919
2026-07-30 00:00:00+00:00,25464.5,25822.8,25378.1,25770.3,381888
2026-07-31 00:00:00+00:00,25776.9,25973.4,25627.8,25777.8,322327
2026-08-03 00:00:00+00:00,25926.0,26188.1,25887.6,26172.1,261804
2026-08-04 00:00:00+00:00,26175.4,26469.4,26146.6,26460.2,245440
2026-08-05 00:00:00+00:00,26455.4,26523.0,26206.9,26301.2,244402
2026-08-06 00:00:00+00:00,26305.0,26345.5,26165.8,26224.5,242596
2026-08-07 00:00:00+00:00,26230.5,26522.3,26201.0,26444.7,219164
2026-08-10 00:00:00+00:00,26419.0,26514.1,26356.3,26410.6,160622
2026-08-11 00:00:00+00:00,26424.4,26580.6,26318.9,26465.8,196200
2026-08-12 00:00:00+00:00,26465.5,26657.2,26388.2,26430.2,182410
2026-08-13 00:00:00+00:00,26438.6,26569.5,26351.0,26475.1,144888
2026-08-14 00:00:00+00:00,26479.1,26608.8,26452.6,26524.8,166367
2026-08-17 00:00:00+00:00,26544.2,26581.9,26353.2,26361.9,149865
2026-08-18 00:00:00+00:00,26370.6,26385.1,26182.8,26208.0,223611
2026-08-19 00:00:00+00:00,26208.6,26264.0,26116.8,26140.9,249352
2026-08-20 00:00:00+00:00,26154.7,26193.9,25965.6,26034.8,238022
