time,open,high,low,close,volume
2026-06-11 17:30:00+00:00,10398.0,10431.0,10395.0,10423.5,2120
2026-06-11 17:45:00+00:00,10423.8,10425.3,10401.3,10413.5,2373
2026-06-11 18:00:00+00:00,10413.8,10419.3,10397.8,10408.3,1985
2026-06-11 18:15:00+00:00,10408.0,10413.0,10395.3,10403.8,1427
2026-06-11 18:30:00+00:00,10403.3,10415.3,10402.0,10412.3,774
2026-06-11 18:45:00+00:00,10412.0,10419.3,10411.8,10415.3,690
2026-06-11 19:00:00+00:00,10416.0,10429.0,10415.0,10421.5,1142
2026-06-11 19:15:00+00:00,10421.8,10429.3,10419.5,10426.3,808
2026-06-11 19:30:00+00:00,10426.5,10453.8,10426.3,10447.8,1841
2026-06-11 19:45:00+00:00,10447.3,10447.3,10430.3,10437.3,1168
2026-06-11 20:00:00+00:00,10436.7,10449.0,10431.2,10447.3,1508
2026-06-11 20:30:00+00:00,10442.4,10444.3,10432.8,10433.5,563
2026-06-11 20:45:00+00:00,10432.7,10439.4,10432.7,10439.1,448
2026-06-11 22:00:00+00:00,10444.6,10454.5,10442.8,10454.0,610
2026-06-11 22:15:00+00:00,10454.1,10457.7,10449.8,10451.2,657
2026-06-11 22:30:00+00:00,10451.4,10452.5,10447.0,10449.6,529
2026-06-11 22:45:00+00:00,10449.7,10453.9,10449.5,10450.5,603
2026-06-11 23:00:00+00:00,10450.7,10451.2,10445.5,10448.5,525
2026-06-11 23:15:00+00:00,10448.6,10451.7,10441.7,10445.3,785
2026-06-11 23:30:00+00:00,10445.5,10452.6,10445.5,10452.0,642
2026-06-11 23:45:00+00:00,10452.2,10455.4,10451.0,10453.4,932
2026-06-12 00:00:00+00:00,10450.7,10450.7,10427.1,10432.6,1383
2026-06-12 00:15:00+00:00,10432.5,10440.5,10428.2,10436.4,1357
2026-06-12 00:30:00+00:00,10436.5,10439.9,10429.1,10429.9,1178
2026-06-12 00:45:00+00:00,10430.3,10436.4,10428.0,10434.1,1424
2026-06-12 01:00:00+00:00,10433.3,10434.1,10425.4,10430.3,2114
2026-06-12 01:15:00+00:00,10429.7,10432.5,10415.9,10417.5,2082
2026-06-12 01:30:00+00:00,10417.6,10429.1,10415.3,10425.2,2247
2026-06-12 01:45:00+00:00,10425.0,10442.9,10424.1,10440.9,1556
2026-06-12 02:00:00+00:00,10440.7,10445.2,10436.3,10442.3,1648
2026-06-12 02:15:00+00:00,10442.6,10444.1,10429.5,10429.8,1557
2026-06-12 02:30:00+00:00,10430.0,10435.8,10427.0,10432.9,1350
2026-06-12 02:45:00+00:00,10432.8,10435.7,10431.6,10433.5,1149
2026-06-12 03:00:00+00:00,10433.6,10434.8,10426.6,10427.6,1189
2026-06-12 03:15:00+00:00,10427.4,10429.4,10422.3,10425.3,1234
2026-06-12 03:30:00+00:00,10425.0,10430.3,10424.0,10428.3,1619
2026-06-12 03:45:00+00:00,10428.8,10429.7,10423.6,10428.4,1358
2026-06-12 04:00:00+00:00,10428.3,10428.4,10419.6,10422.8,1261
2026-06-12 04:15:00+00:00,10423.0,10430.7,10420.3,10429.8,943
2026-06-12 04:30:00+00:00,10429.5,10431.6,10428.0,10428.8,909
2026-06-12 04:45:00+00:00,10428.9,10431.8,10426.7,10428.8,892
2026-06-12 05:00:00+00:00,10428.6,10434.3,10422.6,10426.3,868
2026-06-12 05:15:00+00:00,10426.0,10427.3,10421.3,10424.3,1096
2026-06-12 05:30:00+00:00,10424.0,10424.0,10406.0,10414.8,1810
2026-06-12 05:45:00+00:00,10414.5,10416.0,10401.8,10408.0,1941
2026-06-12 06:00:00+00:00,10412.0,10423.5,10411.8,10418.3,1253
2026-06-12 06:15:00+00:00,10417.8,10419.8,10410.1,10418.5,789
2026-06-12 06:30:00+00:00,10418.3,10428.1,10408.8,10414.3,756
2026-06-12 06:45:00+00:00,10413.8,10419.6,10400.8,10401.8,714
2026-06-12 07:00:00+00:00,10404.0,10424.8,10401.0,10417.1,3193
2026-06-12 07:15:00+00:00,10416.8,10436.3,10411.3,10420.8,1607
2026-06-12 07:30:00+00:00,10421.3,10434.3,10419.8,10432.6,1296
2026-06-12 07:45:00+00:00,10432.3,10477.0,10432.3,10464.8,1489
2026-06-12 08:00:00+00:00,10465.8,10493.3,10461.3,10490.1,1597
2026-06-12 08:15:00+00:00,10490.6,10501.8,10479.8,10499.8,2116
2026-06-12 08:30:00+00:00,10500.3,10504.3,10472.1,10475.8,1469
2026-06-12 08:45:00+00:00,10475.6,10479.3,10466.8,10469.8,1145
2026-06-12 09:00:00+00:00,10470.3,10482.3,10467.6,10475.8,1077
2026-06-12 09:15:00+00:00,10476.1,10483.0,10468.3,10469.6,1149
2026-06-12 09:30:00+00:00,10469.8,10476.8,10463.1,10467.6,1073
2026-06-12 09:45:00+00:00,10467.3,10469.3,10459.3,10459.8,898
2026-06-12 10:00:00+00:00,10459.5,10464.8,10447.8,10453.6,927
2026-06-12 10:15:00+00:00,10453.3,10454.1,10432.3,10435.8,1308
2026-06-12 10:30:00+00:00,10436.1,10458.8,10435.3,10455.8,1052
2026-06-12 10:45:00+00:00,10455.6,10457.3,10445.8,10449.8,866
2026-06-12 11:00:00+00:00,10449.3,10458.8,10445.3,10457.8,1026
2026-06-12 11:15:00+00:00,10458.1,10469.8,10457.3,10468.6,933
2026-06-12 11:30:00+00:00,10468.3,10471.3,10451.3,10459.3,821
2026-06-12 11:45:00+00:00,10459.6,10462.3,10445.8,10447.6,773
2026-06-12 12:00:00+00:00,10447.8,10450.1,10437.6,10443.3,785
2026-06-12 12:15:00+00:00,10443.1,10444.3,10435.8,10437.3,868
2026-06-12 12:30:00+00:00,10436.6,10439.1,10424.3,10429.0,1094
2026-06-12 12:45:00+00:00,10429.3,10435.8,10420.1,10425.3,858
2026-06-12 13:00:00+00:00,10425.8,10450.3,10425.3,10449.8,1034
2026-06-12 13:15:00+00:00,10449.6,10460.3,10446.8,10457.8,986
2026-06-12 13:30:00+00:00,10458.3,10474.3,10443.5,10452.3,3099
2026-06-12 13:45:00+00:00,10452.1,10468.0,10444.8,10467.3,2350
2026-06-12 14:00:00+00:00,10467.6,10489.3,10467.0,10474.3,1689
2026-06-12 14:15:00+00:00,10473.8,10489.6,10472.8,10475.1,1463
2026-06-12 14:30:00+00:00,10475.6,10489.1,10473.3,10478.1,1406
2026-06-12 14:45:00+00:00,10477.8,10502.3,10466.8,10498.8,2621
2026-06-12 15:00:00+00:00,10499.3,10505.6,10491.8,10501.8,1732
2026-06-12 15:15:00+00:00,10501.1,10507.1,10492.1,10492.6,1565
2026-06-12 15:30:00+00:00,10492.3,10515.6,10488.3,10511.8,2297
2026-06-12 15:45:00+00:00,10512.1,10514.8,10490.8,10492.3,1591
2026-06-12 16:00:00+00:00,10491.8,10511.3,10479.8,10503.8,1873
2026-06-12 16:15:00+00:00,10504.1,10513.5,10500.6,10502.3,1411
2026-06-12 16:30:00+00:00,10502.1,10504.8,10496.3,10499.6,913
2026-06-12 16:45:00+00:00,10499.8,10503.3,10491.8,10496.6,916
2026-06-12 17:00:00+00:00,10496.8,10507.3,10495.3,10500.5,791
2026-06-12 17:15:00+00:00,10500.8,10509.3,10498.8,10507.1,552
2026-06-12 17:30:00+00:00,10507.5,10508.3,10499.8,10506.1,628
2026-06-12 17:45:00+00:00,10505.8,10508.8,10500.3,10502.8,560
2026-06-12 18:00:00+00:00,10502.6,10506.8,10499.6,10502.8,562
2026-06-12 18:15:00+00:00,10502.3,10505.8,10499.6,10503.3,594
2026-06-12 18:30:00+00:00,10503.1,10510.8,10503.1,10509.1,368
2026-06-12 18:45:00+00:00,10509.8,10511.3,10503.3,10503.8,388
2026-06-12 19:00:00+00:00,10504.3,10513.8,10502.8,10512.8,393
2026-06-12 19:15:00+00:00,10513.1,10519.8,10511.8,10513.8,479
2026-06-12 19:30:00+00:00,10514.0,10515.5,10505.0,10505.8,847
2026-06-12 19:45:00+00:00,10505.5,10506.0,10493.0,10502.8,745
2026-06-14 22:00:00+00:00,10568.6,10576.9,10564.1,10572.8,862
2026-06-14 22:15:00+00:00,10572.5,10576.4,10566.5,10567.7,1207
2026-06-14 22:30:00+00:00,10567.5,10569.6,10562.8,10564.1,1075
2026-06-14 22:45:00+00:00,10564.0,10570.9,10563.3,10566.7,776
2026-06-14 23:00:00+00:00,10567.0,10570.7,10562.0,10562.8,834
2026-06-14 23:15:00+00:00,10562.5,10563.5,10555.8,10562.6,802
2026-06-14 23:30:00+00:00,10562.8,10568.3,10562.3,10565.5,684
2026-06-14 23:45:00+00:00,10565.2,10569.2,10561.3,10565.8,1096
2026-06-15 00:00:00+00:00,10551.7,10551.9,10528.2,10539.8,1149
2026-06-15 00:15:00+00:00,10539.6,10572.7,10539.6,10572.6,1223
2026-06-15 00:30:00+00:00,10572.8,10572.8,10556.9,10559.9,770
2026-06-15 00:45:00+00:00,10559.8,10561.0,10555.2,10557.6,744
2026-06-15 01:00:00+00:00,10557.7,10561.5,10552.0,10558.1,959
2026-06-15 01:15:00+00:00,10558.0,10560.2,10553.2,10557.8,775
2026-06-15 01:30:00+00:00,10558.6,10560.3,10553.5,10559.6,610
2026-06-15 01:45:00+00:00,10559.3,10562.6,10553.8,10554.8,540
2026-06-15 02:00:00+00:00,10554.6,10555.5,10551.2,10552.8,579
2026-06-15 02:15:00+00:00,10553.0,10558.0,10553.0,10557.6,400
2026-06-15 02:30:00+00:00,10557.8,10561.1,10557.4,10559.3,377
2026-06-15 02:45:00+00:00,10559.2,10563.8,10559.1,10562.3,412
2026-06-15 03:00:00+00:00,10562.1,10564.8,10560.7,10564.1,360
2026-06-15 03:15:00+00:00,10564.2,10568.4,10564.0,10567.2,338
2026-06-15 03:30:00+00:00,10567.1,10568.0,10561.8,10563.6,532
2026-06-15 03:45:00+00:00,10564.1,10568.9,10562.2,10565.8,440
2026-06-15 04:00:00+00:00,10565.6,10569.1,10564.6,10568.6,416
2026-06-15 04:15:00+00:00,10568.7,10573.6,10568.7,10570.1,303
2026-06-15 04:30:00+00:00,10569.7,10569.8,10567.4,10568.4,291
2026-06-15 04:45:00+00:00,10568.3,10572.6,10568.0,10572.1,273
2026-06-15 05:00:00+00:00,10572.0,10576.0,10569.0,10572.5,215
2026-06-15 05:15:00+00:00,10572.8,10581.6,10571.8,10580.3,247
2026-06-15 05:30:00+00:00,10580.0,10581.8,10571.8,10573.8,340
2026-06-15 05:45:00+00:00,10574.1,10574.1,10567.0,10571.0,130
2026-06-15 06:00:00+00:00,10572.3,10578.3,10569.8,10577.6,504
2026-06-15 06:15:00+00:00,10577.3,10586.8,10572.3,10586.3,412
2026-06-15 06:30:00+00:00,10586.8,10596.6,10583.3,10593.8,487
2026-06-15 06:45:00+00:00,10594.6,10595.6,10587.6,10587.6,429
2026-06-15 07:00:00+00:00,10587.8,10604.8,10576.3,10590.1,2581
2026-06-15 07:15:00+00:00,10589.8,10596.1,10563.8,10574.8,1387
2026-06-15 07:30:00+00:00,10575.8,10584.1,10568.3,10572.6,961
2026-06-15 07:45:00+00:00,10572.3,10572.6,10554.3,10557.1,857
2026-06-15 08:00:00+00:00,10557.3,10563.6,10540.3,10542.3,1164
2026-06-15 08:15:00+00:00,10541.6,10549.3,10533.3,10546.3,912
2026-06-15 08:30:00+00:00,10546.8,10548.6,10537.8,10544.6,702
2026-06-15 08:45:00+00:00,10544.8,10545.6,10530.1,10534.6,581
2026-06-15 09:00:00+00:00,10534.8,10534.8,10523.8,10524.6,639
2026-06-15 09:15:00+00:00,10524.1,10528.1,10513.6,10521.8,762
2026-06-15 09:30:00+00:00,10522.1,10528.3,10508.8,10509.6,575
2026-06-15 09:45:00+00:00,10509.8,10525.1,10509.6,10520.3,596
2026-06-15 10:00:00+00:00,10520.1,10523.1,10518.1,10518.8,506
2026-06-15 10:15:00+00:00,10519.1,10523.8,10512.1,10518.3,438
2026-06-15 10:30:00+00:00,10518.8,10520.8,10512.1,10514.6,451
2026-06-15 10:45:00+00:00,10514.8,10519.8,10511.6,10516.3,405
2026-06-15 11:00:00+00:00,10516.6,10521.6,10513.3,10519.8,457
2026-06-15 11:15:00+00:00,10520.3,10522.6,10513.6,10514.1,482
2026-06-15 11:30:00+00:00,10514.8,10518.6,10510.1,10514.6,472
2026-06-15 11:45:00+00:00,10514.8,10518.3,10510.8,10512.3,507
2026-06-15 12:00:00+00:00,10512.6,10521.6,10511.8,10515.1,571
2026-06-15 12:15:00+00:00,10515.6,10515.8,10507.1,10508.6,548
2026-06-15 12:30:00+00:00,10509.6,10517.1,10506.1,10513.8,538
2026-06-15 12:45:00+00:00,10513.6,10518.6,10512.6,10513.6,595
2026-06-15 13:00:00+00:00,10513.8,10515.6,10503.6,10505.3,490
2026-06-15 13:15:00+00:00,10505.6,10507.6,10497.1,10501.3,640
2026-06-15 13:30:00+00:00,10501.1,10507.3,10477.1,10480.1,1897
2026-06-15 13:45:00+00:00,10479.8,10480.3,10459.6,10461.3,1342
2026-06-15 14:00:00+00:00,10461.8,10473.8,10454.6,10463.6,1500
2026-06-15 14:15:00+00:00,10464.1,10473.3,10463.3,10466.6,1083
2026-06-15 14:30:00+00:00,10467.3,10475.3,10464.6,10467.8,917
2026-06-15 14:45:00+00:00,10468.3,10472.6,10461.6,10468.8,923
2026-06-15 15:00:00+00:00,10469.1,10469.3,10452.6,10456.6,1053
2026-06-15 15:15:00+00:00,10455.8,10474.6,10453.8,10471.6,1374
2026-06-15 15:30:00+00:00,10472.3,10481.1,10458.1,10477.3,1494
2026-06-15 15:45:00+00:00,10477.6,10481.3,10468.1,10469.3,593
2026-06-15 16:00:00+00:00,10469.6,10470.3,10457.1,10462.6,480
2026-06-15 16:15:00+00:00,10462.1,10463.8,10454.1,10455.8,500
2026-06-15 16:30:00+00:00,10456.6,10465.6,10455.6,10464.3,359
2026-06-15 16:45:00+00:00,10464.6,10465.1,10455.1,10456.8,395
2026-06-15 17:00:00+00:00,10456.1,10457.8,10450.1,10454.8,311
2026-06-15 17:15:00+00:00,10454.6,10459.1,10453.6,10458.3,245
2026-06-15 17:30:00+00:00,10458.1,10458.3,10443.8,10443.8,239
2026-06-15 17:45:00+00:00,10444.3,10449.1,10443.3,10446.1,296
2026-06-15 18:00:00+00:00,10446.3,10449.6,10441.6,10444.1,418
2026-06-15 18:15:00+00:00,10443.8,10445.6,10438.3,10438.3,355
2026-06-15 18:30:00+00:00,10437.8,10446.8,10434.3,10445.1,316
2026-06-15 18:45:00+00:00,10445.3,10447.6,10443.1,10444.1,156
2026-06-15 19:00:00+00:00,10444.6,10447.6,10441.1,10447.6,228
2026-06-15 19:15:00+00:00,10447.8,10449.1,10436.3,10439.1,351
2026-06-15 19:30:00+00:00,10439.6,10443.1,10434.1,10439.3,332
2026-06-15 19:45:00+00:00,10440.3,10452.1,10437.6,10446.8,632
2026-06-15 20:00:00+00:00,10446.1,10446.5,10441.8,10443.4,571
2026-06-15 20:30:00+00:00,10441.0,10443.4,10441.0,10441.5,253
2026-06-15 20:45:00+00:00,10441.3,10444.1,10439.8,10440.3,312
2026-06-15 22:00:00+00:00,10441.3,10442.5,10434.3,10436.4,469
2026-06-15 22:15:00+00:00,10436.5,10436.7,10428.3,10432.6,626
2026-06-15 22:30:00+00:00,10432.8,10434.4,10431.2,10431.9,414
2026-06-15 22:45:00+00:00,10432.0,10435.2,10431.1,10433.2,402
2026-06-15 23:00:00+00:00,10433.1,10434.3,10431.0,10431.4,308
2026-06-15 23:15:00+00:00,10431.6,10437.3,10430.5,10436.7,401
2026-06-15 23:30:00+00:00,10436.6,10436.7,10432.5,10434.6,294
2026-06-15 23:45:00+00:00,10434.7,10437.2,10433.6,10437.0,499
2026-06-16 00:00:00+00:00,10437.5,10451.1,10437.1,10449.3,692
2026-06-16 00:15:00+00:00,10449.7,10454.3,10445.1,10453.6,862
2026-06-16 00:30:00+00:00,10453.5,10461.5,10452.6,10456.8,826
2026-06-16 00:45:00+00:00,10456.9,10459.6,10455.2,10457.6,1036
2026-06-16 01:00:00+00:00,10458.0,10458.0,10449.7,10454.3,1194
2026-06-16 01:15:00+00:00,10454.2,10461.8,10453.0,10459.5,901
2026-06-16 01:30:00+00:00,10459.1,10461.1,10446.8,10447.3,1014
2026-06-16 01:45:00+00:00,10446.9,10452.3,10446.9,10451.5,642
2026-06-16 02:00:00+00:00,10451.7,10455.4,10446.1,10448.0,658
2026-06-16 02:15:00+00:00,10447.8,10452.8,10447.2,10450.8,447
2026-06-16 02:30:00+00:00,10450.7,10454.3,10449.1,10449.8,493
2026-06-16 02:45:00+00:00,10449.9,10450.4,10446.4,10447.6,401
2026-06-16 03:00:00+00:00,10447.0,10453.8,10446.8,10449.1,378
2026-06-16 03:15:00+00:00,10449.0,10454.9,10448.1,10453.7,572
2026-06-16 03:30:00+00:00,10453.9,10460.2,10453.8,10458.3,542
2026-06-16 03:45:00+00:00,10458.1,10458.1,10450.0,10452.0,465
2026-06-16 04:00:00+00:00,10451.8,10452.8,10449.4,10451.6,450
2026-06-16 04:15:00+00:00,10451.8,10452.7,10448.6,10450.3,425
2026-06-16 04:30:00+00:00,10450.7,10457.7,10448.9,10457.2,430
2026-06-16 04:45:00+00:00,10457.3,10459.6,10455.9,10458.6,481
2026-06-16 05:00:00+00:00,10458.8,10468.3,10458.8,10466.3,265
2026-06-16 05:15:00+00:00,10466.1,10467.5,10456.8,10457.3,231
2026-06-16 05:30:00+00:00,10457.8,10458.0,10452.0,10456.8,444
2026-06-16 05:45:00+00:00,10457.3,10460.0,10455.5,10458.3,333
2026-06-16 06:00:00+00:00,10459.5,10469.1,10452.8,10469.1,412
2026-06-16 06:15:00+00:00,10468.3,10474.8,10466.1,10474.8,363
2026-06-16 06:30:00+00:00,10475.1,10477.8,10471.8,10474.1,500
2026-06-16 06:45:00+00:00,10473.6,10479.8,10467.3,10476.8,492
2026-06-16 07:00:00+00:00,10477.3,10491.1,10469.5,10489.6,1699
2026-06-16 07:15:00+00:00,10490.8,10491.6,10471.6,10476.6,941
2026-06-16 07:30:00+00:00,10477.1,10477.6,10463.6,10470.1,723
2026-06-16 07:45:00+00:00,10470.6,10483.6,10470.6,10477.1,571
2026-06-16 08:00:00+00:00,10477.3,10497.6,10476.1,10495.1,842
2026-06-16 08:15:00+00:00,10494.6,10521.8,10492.1,10520.8,660
2026-06-16 08:30:00+00:00,10521.1,10532.1,10515.6,10522.1,815
2026-06-16 08:45:00+00:00,10522.3,10528.1,10520.3,10521.6,579
2026-06-16 09:00:00+00:00,10520.8,10527.8,10520.3,10526.6,669
2026-06-16 09:15:00+00:00,10526.3,10535.3,10519.6,10532.8,526
2026-06-16 09:30:00+00:00,10533.1,10535.1,10521.6,10521.6,502
2026-06-16 09:45:00+00:00,10521.8,10534.8,10519.3,10532.1,373
2026-06-16 10:00:00+00:00,10532.3,10539.6,10527.8,10529.6,488
2026-06-16 10:15:00+00:00,10529.8,10532.3,10511.3,10512.3,388
2026-06-16 10:30:00+00:00,10512.1,10526.3,10512.1,10525.1,449
2026-06-16 10:45:00+00:00,10525.3,10525.6,10517.1,10524.6,427
2026-06-16 11:00:00+00:00,10524.8,10528.1,10518.1,10518.6,489
2026-06-16 11:15:00+00:00,10518.8,10521.3,10513.1,10519.3,544
2026-06-16 11:30:00+00:00,10519.6,10527.1,10518.5,10526.1,558
2026-06-16 11:45:00+00:00,10525.6,10529.6,10524.6,10528.3,358
2026-06-16 12:00:00+00:00,10528.1,10531.6,10524.1,10529.3,537
2026-06-16 12:15:00+00:00,10529.1,10531.3,10517.8,10527.8,597
2026-06-16 12:30:00+00:00,10527.1,10534.1,10521.1,10522.6,678
2026-06-16 12:45:00+00:00,10522.8,10532.8,10522.8,10531.6,530
2026-06-16 13:00:00+00:00,10532.1,10533.1,10525.3,10529.6,574
2026-06-16 13:15:00+00:00,10529.8,10544.8,10526.1,10544.1,553
2026-06-16 13:30:00+00:00,10543.8,10549.8,10530.8,10539.6,1562
2026-06-16 13:45:00+00:00,10539.8,10550.6,10535.8,10543.6,1243
2026-06-16 14:00:00+00:00,10543.1,10558.3,10541.3,10555.8,1147
2026-06-16 14:15:00+00:00,10555.6,10555.6,10537.8,10538.3,1163
2026-06-16 14:30:00+00:00,10538.6,10542.8,10526.3,10526.3,1182
2026-06-16 14:45:00+00:00,10526.6,10531.8,10523.1,10528.6,942
2026-06-16 15:00:00+00:00,10528.1,10533.3,10522.3,10531.1,1044
2026-06-16 15:15:00+00:00,10531.3,10543.1,10527.8,10538.6,1101
2026-06-16 15:30:00+00:00,10539.3,10542.1,10524.8,10528.1,1405
2026-06-16 15:45:00+00:00,10527.8,10537.6,10520.6,10530.1,1336
2026-06-16 16:00:00+00:00,10529.6,10536.6,10526.6,10536.1,708
2026-06-16 16:15:00+00:00,10536.3,10538.1,10533.3,10537.3,417
2026-06-16 16:30:00+00:00,10537.1,10539.6,10533.1,10535.1,403
2026-06-16 16:45:00+00:00,10534.3,10536.3,10530.8,10536.1,446
2026-06-16 17:00:00+00:00,10535.8,10537.8,10533.3,10535.6,400
2026-06-16 17:15:00+00:00,10535.1,10536.3,10526.1,10527.1,290
2026-06-16 17:30:00+00:00,10526.6,10530.3,10525.6,10529.6,277
2026-06-16 17:45:00+00:00,10529.3,10533.6,10528.1,10532.1,241
2026-06-16 18:00:00+00:00,10531.8,10531.8,10522.1,10522.6,246
2026-06-16 18:15:00+00:00,10522.3,10524.8,10522.1,10522.6,243
2026-06-16 18:30:00+00:00,10522.3,10522.8,10518.8,10520.1,185
2026-06-16 18:45:00+00:00,10520.3,10521.6,10512.1,10512.1,211
2026-06-16 19:00:00+00:00,10511.8,10512.1,10502.8,10503.6,403
2026-06-16 19:15:00+00:00,10503.8,10504.8,10498.3,10501.1,427
2026-06-16 19:30:00+00:00,10500.8,10503.3,10497.3,10499.8,455
2026-06-16 19:45:00+00:00,10499.1,10506.3,10497.3,10499.0,678
2026-06-16 20:00:00+00:00,10497.8,10498.0,10491.4,10492.4,800
2026-06-16 20:30:00+00:00,10493.0,10495.7,10492.1,10495.0,226
2026-06-16 20:45:00+00:00,10495.3,10495.7,10491.6,10493.3,217
2026-06-16 22:00:00+00:00,10496.5,10502.8,10496.2,10501.6,218
2026-06-16 22:15:00+00:00,10501.7,10505.1,10500.3,10503.4,333
2026-06-16 22:30:00+00:00,10503.6,10507.4,10503.3,10506.0,320
2026-06-16 22:45:00+00:00,10505.9,10509.7,10505.1,10508.9,264
2026-06-16 23:00:00+00:00,10508.7,10509.0,10503.2,10506.1,351
2026-06-16 23:15:00+00:00,10506.2,10506.2,10503.6,10504.5,240
2026-06-16 23:30:00+00:00,10504.8,10506.8,10502.8,10504.4,414
2026-06-16 23:45:00+00:00,10504.3,10506.6,10501.6,10503.8,657
2026-06-17 00:00:00+00:00,10505.6,10505.8,10492.2,10494.4,706
2026-06-17 00:15:00+00:00,10494.2,10504.7,10494.2,10502.3,854
2026-06-17 00:30:00+00:00,10502.1,10503.7,10499.3,10499.3,666
2026-06-17 00:45:00+00:00,10499.4,10501.8,10495.4,10500.5,570
2026-06-17 01:00:00+00:00,10500.6,10515.2,10495.7,10514.3,804
2026-06-17 01:15:00+00:00,10513.7,10518.0,10509.9,10515.9,591
2026-06-17 01:30:00+00:00,10516.7,10522.0,10515.3,10515.8,560
2026-06-17 01:45:00+00:00,10515.9,10523.6,10515.9,10523.4,461
2026-06-17 02:00:00+00:00,10523.6,10525.9,10522.4,10524.3,337
2026-06-17 02:15:00+00:00,10524.2,10524.3,10519.6,10520.8,257
2026-06-17 02:30:00+00:00,10520.6,10521.1,10518.0,10518.1,245
2026-06-17 02:45:00+00:00,10518.0,10519.4,10514.3,10516.9,292
2026-06-17 03:00:00+00:00,10516.8,10518.4,10510.1,10510.5,247
2026-06-17 03:15:00+00:00,10510.1,10513.5,10509.7,10512.5,392
2026-06-17 03:30:00+00:00,10512.8,10521.0,10511.5,10520.5,478
2026-06-17 03:45:00+00:00,10520.3,10524.0,10519.7,10522.0,328
2026-06-17 04:00:00+00:00,10522.3,10524.3,10520.2,10521.1,302
2026-06-17 04:15:00+00:00,10521.0,10522.8,10519.6,10519.9,327
2026-06-17 04:30:00+00:00,10520.0,10520.5,10513.1,10513.8,398
2026-06-17 04:45:00+00:00,10513.5,10520.2,10513.5,10518.6,499
2026-06-17 05:00:00+00:00,10518.0,10520.6,10516.8,10518.6,196
2026-06-17 05:15:00+00:00,10518.3,10521.8,10518.1,10520.8,214
2026-06-17 05:30:00+00:00,10521.0,10525.8,10519.8,10520.0,187
2026-06-17 05:45:00+00:00,10519.8,10521.6,10514.8,10516.0,330
2026-06-17 06:00:00+00:00,10517.3,10537.3,10516.3,10518.8,442
2026-06-17 06:15:00+00:00,10518.6,10526.1,10518.0,10525.6,290
2026-06-17 06:30:00+00:00,10525.3,10529.8,10519.1,10520.6,388
2026-06-17 06:45:00+00:00,10521.8,10526.3,10519.3,10525.1,323
2026-06-17 07:00:00+00:00,10524.8,10540.6,10522.3,10530.3,1450
2026-06-17 07:15:00+00:00,10531.1,10531.8,10515.6,10520.8,851
2026-06-17 07:30:00+00:00,10521.1,10523.6,10515.6,10522.1,664
2026-06-17 07:45:00+00:00,10521.8,10521.8,10506.6,10509.6,652
2026-06-17 08:00:00+00:00,10509.3,10509.6,10500.8,10505.3,722
2026-06-17 08:15:00+00:00,10503.8,10514.1,10503.1,10508.8,770
2026-06-17 08:30:00+00:00,10509.1,10509.8,10501.6,10505.8,720
2026-06-17 08:45:00+00:00,10506.1,10519.8,10505.8,10514.3,550
2026-06-17 09:00:00+00:00,10513.8,10521.3,10511.1,10521.1,556
2026-06-17 09:15:00+00:00,10521.3,10524.8,10515.8,10523.1,480
2026-06-17 09:30:00+00:00,10523.3,10525.8,10514.3,10517.6,454
2026-06-17 09:45:00+00:00,10517.8,10523.8,10517.8,10521.8,449
2026-06-17 10:00:00+00:00,10522.1,10526.1,10519.3,10526.1,477
2026-06-17 10:15:00+00:00,10526.6,10538.6,10525.1,10534.1,437
2026-06-17 10:30:00+00:00,10534.3,10540.6,10532.8,10537.6,402
2026-06-17 10:45:00+00:00,10537.3,10541.6,10533.8,10534.6,466
2026-06-17 11:00:00+00:00,10533.6,10534.1,10528.3,10528.6,504
2026-06-17 11:15:00+00:00,10527.3,10530.3,10521.8,10530.1,381
2026-06-17 11:30:00+00:00,10529.8,10531.3,10525.3,10527.3,326
2026-06-17 11:45:00+00:00,10527.6,10531.6,10522.8,10525.6,442
2026-06-17 12:00:00+00:00,10525.8,10533.8,10525.3,10526.6,461
2026-06-17 12:15:00+00:00,10526.8,10528.8,10515.6,10523.8,433
2026-06-17 12:30:00+00:00,10523.6,10527.6,10519.1,10519.8,529
2026-06-17 12:45:00+00:00,10519.3,10523.3,10516.3,10520.8,476
2026-06-17 13:00:00+00:00,10521.1,10524.6,10510.1,10511.8,568
2026-06-17 13:15:00+00:00,10511.6,10521.1,10511.1,10515.8,574
2026-06-17 13:30:00+00:00,10516.3,10520.1,10510.1,10513.6,1320
2026-06-17 13:45:00+00:00,10513.8,10530.3,10513.3,10528.0,946
2026-06-17 14:00:00+00:00,10528.6,10534.6,10521.3,10530.6,974
2026-06-17 14:15:00+00:00,10530.3,10537.8,10528.8,10537.3,728
2026-06-17 14:30:00+00:00,10537.6,10543.8,10533.3,10542.1,908
2026-06-17 14:45:00+00:00,10542.3,10544.1,10513.3,10530.6,2225
2026-06-17 15:00:00+00:00,10530.8,10535.6,10525.3,10533.6,1392
2026-06-17 15:15:00+00:00,10533.3,10550.1,10530.8,10549.8,1306
2026-06-17 15:30:00+00:00,10550.1,10555.8,10540.6,10550.1,1503
2026-06-17 15:45:00+00:00,10550.3,10553.3,10541.1,10541.1,960
2026-06-17 16:00:00+00:00,10541.3,10543.8,10536.1,10538.0,349
2026-06-17 16:15:00+00:00,10538.3,10540.5,10532.8,10535.1,365
2026-06-17 16:30:00+00:00,10534.3,10534.8,10528.1,10529.3,366
2026-06-17 16:45:00+00:00,10529.6,10532.3,10527.8,10531.1,368
2026-06-17 17:00:00+00:00,10530.6,10537.3,10522.6,10526.1,715
2026-06-17 17:15:00+00:00,10525.8,10526.1,10518.8,10519.8,699
2026-06-17 17:30:00+00:00,10520.1,10526.1,10518.0,10524.1,735
2026-06-17 17:45:00+00:00,10524.3,10535.3,10524.1,10534.8,605
2026-06-17 18:00:00+00:00,10535.0,10535.0,10495.0,10503.8,2690
2026-06-17 18:15:00+00:00,10504.1,10519.1,10504.1,10511.8,3649
2026-06-17 18:30:00+00:00,10512.1,10538.8,10510.1,10536.3,4643
2026-06-17 18:45:00+00:00,10536.6,10543.3,10515.3,10522.6,3524
2026-06-17 19:00:00+00:00,10522.8,10535.5,10515.8,10532.3,4811
2026-06-17 19:15:00+00:00,10532.6,10534.1,10492.3,10494.6,4363
2026-06-17 19:30:00+00:00,10494.3,10495.8,10477.3,10483.5,4568
2026-06-17 19:45:00+00:00,10484.0,10496.3,10476.0,10477.5,3224
2026-06-17 20:00:00+00:00,10478.7,10488.7,10475.0,10477.0,1400
2026-06-17 20:30:00+00:00,10491.7,10498.0,10489.2,10494.6,753
2026-06-17 20:45:00+00:00,10494.3,10495.0,10490.7,10493.7,652
2026-06-17 22:00:00+00:00,10491.7,10505.6,10491.7,10503.9,637
2026-06-17 22:15:00+00:00,10504.2,10510.8,10502.4,10507.3,717
2026-06-17 22:30:00+00:00,10507.1,10510.9,10506.4,10508.1,458
2026-06-17 22:45:00+00:00,10508.3,10511.6,10508.1,10509.5,358
2026-06-17 23:00:00+00:00,10509.7,10515.4,10508.3,10515.4,391
2026-06-17 23:15:00+00:00,10515.2,10521.3,10514.9,10520.0,292
2026-06-17 23:30:00+00:00,10520.2,10521.5,10515.4,10516.6,455
2026-06-17 23:45:00+00:00,10516.8,10519.2,10514.6,10518.5,585
2026-06-18 00:00:00+00:00,10523.7,10540.5,10523.1,10536.0,1018
2026-06-18 00:15:00+00:00,10536.1,10537.5,10496.1,10506.4,1422
2026-06-18 00:30:00+00:00,10506.3,10508.3,10497.5,10504.8,1124
2026-06-18 00:45:00+00:00,10504.9,10505.1,10480.7,10485.2,1260
2026-06-18 01:00:00+00:00,10485.2,10493.7,10482.1,10493.0,1238
2026-06-18 01:15:00+00:00,10493.1,10500.4,10487.4,10498.1,848
2026-06-18 01:30:00+00:00,10498.2,10499.8,10491.1,10494.5,925
2026-06-18 01:45:00+00:00,10494.4,10501.2,10491.8,10492.6,1005
2026-06-18 02:00:00+00:00,10492.7,10498.7,10489.3,10497.7,1042
2026-06-18 02:15:00+00:00,10497.8,10498.2,10492.3,10496.4,670
2026-06-18 02:30:00+00:00,10496.6,10498.8,10492.9,10498.2,839
2026-06-18 02:45:00+00:00,10498.6,10503.0,10494.6,10496.0,780
2026-06-18 03:00:00+00:00,10496.1,10497.4,10486.3,10490.2,433
2026-06-18 03:15:00+00:00,10490.0,10497.8,10489.2,10495.3,543
2026-06-18 03:30:00+00:00,10495.4,10498.6,10488.5,10492.3,568
2026-06-18 03:45:00+00:00,10492.4,10505.0,10492.3,10503.0,774
2026-06-18 04:00:00+00:00,10502.0,10509.2,10501.4,10502.7,769
2026-06-18 04:15:00+00:00,10502.8,10504.9,10495.9,10502.0,675
2026-06-18 04:30:00+00:00,10500.0,10503.2,10497.0,10497.7,612
2026-06-18 04:45:00+00:00,10497.6,10500.6,10493.9,10499.1,708
2026-06-18 05:00:00+00:00,10499.5,10502.1,10493.8,10502.1,561
2026-06-18 05:15:00+00:00,10502.3,10515.3,10501.8,10514.0,682
2026-06-18 05:30:00+00:00,10514.3,10519.3,10511.5,10512.6,529
2026-06-18 05:45:00+00:00,10512.8,10514.5,10500.0,10506.5,444
2026-06-18 06:00:00+00:00,10507.0,10509.8,10492.8,10504.3,1088
2026-06-18 06:15:00+00:00,10503.8,10508.3,10497.1,10502.6,895
2026-06-18 06:30:00+00:00,10501.8,10504.1,10486.1,10490.6,820
2026-06-18 06:45:00+00:00,10491.1,10510.8,10490.1,10506.1,695
2026-06-18 07:00:00+00:00,10505.8,10521.8,10477.3,10477.8,2877
2026-06-18 07:15:00+00:00,10477.3,10501.3,10467.3,10497.6,1834
2026-06-18 07:30:00+00:00,10497.3,10500.6,10489.6,10495.1,1521
2026-06-18 07:45:00+00:00,10494.8,10497.8,10478.1,10487.8,1338
2026-06-18 08:00:00+00:00,10487.6,10492.6,10475.1,10478.6,1502
2026-06-18 08:15:00+00:00,10478.3,10479.3,10457.3,10459.8,1226
2026-06-18 08:30:00+00:00,10459.6,10462.6,10449.1,10449.1,1209
2026-06-18 08:45:00+00:00,10449.3,10451.3,10434.8,10435.1,1198
2026-06-18 09:00:00+00:00,10434.8,10450.6,10429.3,10450.6,1201
2026-06-18 09:15:00+00:00,10450.3,10458.6,10447.6,10455.8,913
2026-06-18 09:30:00+00:00,10455.3,10459.8,10451.3,10457.3,753
2026-06-18 09:45:00+00:00,10457.6,10461.6,10453.8,10456.3,755
2026-06-18 10:00:00+00:00,10456.6,10459.1,10446.3,10453.6,966
2026-06-18 10:15:00+00:00,10453.3,10455.1,10445.3,10445.8,760
2026-06-18 10:30:00+00:00,10445.3,10446.3,10435.8,10436.1,927
2026-06-18 10:45:00+00:00,10436.6,10441.1,10433.3,10437.0,924
2026-06-18 11:00:00+00:00,10436.5,10443.8,10427.3,10432.3,1232
2026-06-18 11:15:00+00:00,10432.8,10439.6,10429.8,10439.1,1062
2026-06-18 11:30:00+00:00,10439.3,10441.3,10431.3,10440.1,986
2026-06-18 11:45:00+00:00,10439.8,10445.3,10435.8,10444.8,761
2026-06-18 12:00:00+00:00,10445.1,10457.3,10442.8,10457.1,1083
2026-06-18 12:15:00+00:00,10456.8,10462.1,10448.8,10451.3,891
2026-06-18 12:30:00+00:00,10451.6,10459.3,10446.3,10456.8,1007
2026-06-18 12:45:00+00:00,10457.1,10472.1,10454.3,10464.1,1005
2026-06-18 13:00:00+00:00,10464.3,10467.3,10458.1,10459.8,1267
2026-06-18 13:15:00+00:00,10459.6,10462.1,10452.8,10454.8,1196
2026-06-18 13:30:00+00:00,10455.6,10460.8,10432.3,10439.1,2754
2026-06-18 13:45:00+00:00,10438.8,10439.3,10421.3,10423.6,1936
2026-06-18 14:00:00+00:00,10423.3,10432.3,10418.6,10428.1,1929
2026-06-18 14:15:00+00:00,10428.3,10433.8,10421.8,10427.6,1672
2026-06-18 14:30:00+00:00,10427.3,10445.8,10421.6,10443.6,1455
2026-06-18 14:45:00+00:00,10443.3,10453.3,10441.1,10453.3,1202
2026-06-18 15:00:00+00:00,10453.6,10455.3,10434.6,10440.8,1424
2026-06-18 15:15:00+00:00,10441.1,10446.6,10432.6,10445.1,2077
2026-06-18 15:30:00+00:00,10443.8,10455.8,10432.8,10439.8,2850
2026-06-18 15:45:00+00:00,10439.6,10447.3,10435.6,10443.1,1150
2026-06-18 16:00:00+00:00,10443.8,10458.8,10443.6,10456.3,1016
2026-06-18 16:15:00+00:00,10456.6,10458.8,10449.8,10450.3,695
2026-06-18 16:30:00+00:00,10450.1,10454.6,10443.8,10450.1,525
2026-06-18 16:45:00+00:00,10449.8,10451.3,10444.8,10448.3,552
2026-06-18 17:00:00+00:00,10448.6,10457.3,10447.3,10456.3,524
2026-06-18 17:15:00+00:00,10455.8,10458.6,10441.1,10448.1,470
2026-06-18 17:30:00+00:00,10448.3,10456.8,10448.3,10456.3,369
2026-06-18 17:45:00+00:00,10456.8,10462.1,10454.1,10460.8,378
2026-06-18 18:00:00+00:00,10460.3,10462.3,10456.3,10460.3,532
2026-06-18 18:15:00+00:00,10460.6,10467.3,10459.8,10463.6,399
2026-06-18 18:30:00+00:00,10464.1,10464.6,10457.8,10458.8,476
2026-06-18 18:45:00+00:00,10459.1,10461.3,10454.1,10456.1,537
2026-06-18 19:00:00+00:00,10455.8,10455.8,10446.6,10450.3,526
2026-06-18 19:15:00+00:00,10450.6,10457.6,10446.8,10452.6,490
2026-06-18 19:30:00+00:00,10452.3,10458.8,10446.6,10454.1,553
2026-06-18 19:45:00+00:00,10453.8,10462.8,10449.3,10454.3,1005
2026-06-18 20:00:00+00:00,10455.0,10464.6,10450.1,10463.9,877
2026-06-18 20:30:00+00:00,10464.6,10466.6,10459.8,10460.5,217
2026-06-18 20:45:00+00:00,10460.7,10462.2,10458.1,10462.1,233
2026-06-18 22:00:00+00:00,10462.7,10462.9,10459.5,10460.6,413
2026-06-18 22:15:00+00:00,10460.5,10460.6,10452.6,10453.9,535
2026-06-18 22:30:00+00:00,10454.0,10454.0,10448.2,10449.4,380
2026-06-18 22:45:00+00:00,10449.5,10451.6,10447.4,10448.9,389
2026-06-18 23:00:00+00:00,10448.8,10451.8,10448.2,10449.3,390
2026-06-18 23:15:00+00:00,10449.1,10453.5,10449.1,10452.0,382
2026-06-18 23:30:00+00:00,10451.9,10454.7,10450.6,10453.3,328
2026-06-18 23:45:00+00:00,10453.4,10455.7,10452.3,10453.7,591
2026-06-19 00:00:00+00:00,10451.1,10452.8,10431.7,10433.4,837
2026-06-19 00:15:00+00:00,10433.7,10434.7,10427.5,10429.8,698
2026-06-19 00:30:00+00:00,10429.5,10434.1,10424.6,10428.6,611
2026-06-19 00:45:00+00:00,10428.4,10431.1,10427.0,10429.8,414
2026-06-19 01:00:00+00:00,10429.9,10432.6,10426.7,10427.4,464
2026-06-19 01:15:00+00:00,10428.7,10429.9,10426.9,10429.3,338
2026-06-19 01:30:00+00:00,10429.2,10429.2,10426.5,10427.7,488
2026-06-19 01:45:00+00:00,10428.1,10428.4,10424.9,10425.1,390
2026-06-19 02:00:00+00:00,10425.0,10425.8,10418.1,10420.1,371
2026-06-19 02:15:00+00:00,10419.9,10419.9,10414.4,10415.6,359
2026-06-19 02:30:00+00:00,10415.8,10419.1,10413.1,10419.0,256
2026-06-19 02:45:00+00:00,10419.1,10420.6,10417.2,10420.0,263
2026-06-19 03:00:00+00:00,10420.1,10422.4,10419.2,10420.3,253
2026-06-19 03:15:00+00:00,10420.0,10420.3,10410.7,10412.7,677
2026-06-19 03:30:00+00:00,10412.8,10414.2,10406.9,10413.0,990
2026-06-19 03:45:00+00:00,10413.1,10413.8,10410.4,10413.8,972
2026-06-19 04:00:00+00:00,10413.6,10415.1,10404.8,10413.6,849
2026-06-19 04:15:00+00:00,10413.3,10414.4,10406.8,10408.5,688
2026-06-19 04:30:00+00:00,10408.6,10409.3,10401.8,10403.3,668
2026-06-19 04:45:00+00:00,10402.9,10402.9,10396.0,10397.9,666
2026-06-19 05:00:00+00:00,10397.5,10408.5,10397.3,10407.5,317
2026-06-19 05:15:00+00:00,10407.8,10408.8,10404.1,10406.8,218
2026-06-19 05:30:00+00:00,10407.1,10411.8,10405.1,10411.1,201
2026-06-19 05:45:00+00:00,10411.8,10413.3,10407.8,10411.0,374
2026-06-19 06:00:00+00:00,10412.3,10420.6,10411.8,10418.6,443
2026-06-19 06:15:00+00:00,10418.8,10429.8,10418.1,10428.1,387
2026-06-19 06:30:00+00:00,10428.6,10429.6,10414.8,10417.1,408
2026-06-19 06:45:00+00:00,10416.8,10433.1,10416.3,10427.6,337
2026-06-19 07:00:00+00:00,10428.6,10440.6,10422.6,10435.1,1340
2026-06-19 07:15:00+00:00,10434.6,10444.6,10429.1,10437.8,770
2026-06-19 07:30:00+00:00,10438.3,10450.1,10435.1,10449.6,694
2026-06-19 07:45:00+00:00,10449.8,10460.1,10443.6,10456.6,584
2026-06-19 08:00:00+00:00,10456.3,10461.6,10438.6,10447.1,526
2026-06-19 08:15:00+00:00,10448.1,10455.1,10446.1,10447.6,444
2026-06-19 08:30:00+00:00,10447.8,10454.3,10444.1,10452.1,435
2026-06-19 08:45:00+00:00,10452.3,10453.6,10445.1,10452.1,409
2026-06-19 09:00:00+00:00,10452.3,10457.1,10414.6,10417.6,1009
2026-06-19 09:15:00+00:00,10417.1,10433.6,10415.8,10425.6,967
2026-06-19 09:30:00+00:00,10425.8,10436.1,10419.6,10431.3,527
2026-06-19 09:45:00+00:00,10431.6,10438.8,10423.1,10423.1,792
2026-06-19 10:00:00+00:00,10423.6,10424.1,10413.6,10418.3,524
2026-06-19 10:15:00+00:00,10418.6,10422.6,10414.1,10419.6,421
2026-06-19 10:30:00+00:00,10420.1,10421.3,10407.1,10417.6,576
2026-06-19 10:45:00+00:00,10417.1,10429.1,10414.1,10417.6,500
2026-06-19 11:00:00+00:00,10416.8,10418.1,10405.6,10408.1,730
2026-06-19 11:15:00+00:00,10408.6,10411.1,10401.1,10402.6,352
2026-06-19 11:30:00+00:00,10402.3,10406.6,10399.6,10402.3,383
2026-06-19 11:45:00+00:00,10402.1,10410.3,10400.6,10407.6,373
2026-06-19 12:00:00+00:00,10407.8,10410.1,10401.3,10406.8,371
2026-06-19 12:15:00+00:00,10406.3,10408.8,10401.1,10406.3,344
2026-06-19 12:30:00+00:00,10406.1,10407.1,10392.5,10406.1,558
2026-06-19 12:45:00+00:00,10406.3,10428.6,10404.6,10425.6,1207
2026-06-19 13:00:00+00:00,10425.8,10428.6,10414.3,10417.3,821
2026-06-19 13:15:00+00:00,10417.8,10426.1,10410.8,10423.6,461
2026-06-19 13:30:00+00:00,10424.1,10425.8,10412.1,10415.1,683
2026-06-19 13:45:00+00:00,10414.8,10417.6,10409.1,10417.1,586
2026-06-19 14:00:00+00:00,10417.6,10419.1,10409.6,10413.3,563
2026-06-19 14:15:00+00:00,10413.6,10415.1,10406.1,10410.6,439
2026-06-19 14:30:00+00:00,10410.3,10414.8,10404.3,10405.1,408
2026-06-19 14:45:00+00:00,10405.3,10408.3,10398.6,10399.1,502
2026-06-19 15:00:00+00:00,10399.3,10410.6,10399.3,10407.1,636
2026-06-19 15:15:00+00:00,10407.6,10407.6,10395.6,10397.1,1029
2026-06-19 15:30:00+00:00,10397.3,10408.8,10382.3,10399.3,1626
2026-06-19 15:45:00+00:00,10399.8,10416.8,10397.6,10415.1,348
2026-06-19 16:00:00+00:00,10414.6,10421.6,10409.6,10414.1,281
2026-06-19 16:15:00+00:00,10413.8,10423.1,10412.8,10415.3,216
2026-06-19 16:30:00+00:00,10415.8,10415.8,10408.6,10409.8,112
2026-06-19 16:45:00+00:00,10409.6,10409.6,10393.6,10396.1,268
2026-06-19 17:00:00+00:00,10396.6,10399.3,10395.6,10398.3,92
2026-06-19 17:15:00+00:00,10397.5,10398.3,10393.0,10395.8,62
2026-06-19 17:30:00+00:00,10395.3,10396.6,10395.0,10396.1,27
2026-06-19 17:45:00+00:00,10396.3,10396.6,10395.6,10396.5,29
2026-06-19 18:00:00+00:00,10397.0,10400.8,10397.0,10400.0,30
2026-06-19 18:15:00+00:00,10399.8,10400.3,10398.1,10398.1,42
2026-06-19 18:30:00+00:00,10398.3,10400.0,10398.1,10400.0,43
2026-06-19 18:45:00+00:00,10399.8,10400.0,10397.8,10398.6,29
2026-06-19 19:00:00+00:00,10398.3,10398.3,10396.5,10397.8,22
2026-06-19 19:15:00+00:00,10397.7,10400.3,10397.5,10398.3,48
2026-06-19 19:30:00+00:00,10398.6,10401.8,10397.1,10399.3,115
2026-06-19 19:45:00+00:00,10399.6,10403.0,10396.8,10398.5,305
2026-06-21 22:00:00+00:00,10394.3,10396.6,10375.6,10378.2,786
2026-06-21 22:15:00+00:00,10378.5,10388.9,10372.3,10386.7,877
2026-06-21 22:30:00+00:00,10386.5,10386.7,10376.1,10381.1,736
2026-06-21 22:45:00+00:00,10380.9,10382.1,10375.6,10376.6,524
2026-06-21 23:00:00+00:00,10376.7,10376.9,10364.4,10365.7,1166
2026-06-21 23:15:00+00:00,10365.9,10366.6,10361.3,10363.8,826
2026-06-21 23:30:00+00:00,10364.1,10364.7,10353.6,10357.5,1004
2026-06-21 23:45:00+00:00,10357.3,10358.9,10351.7,10353.5,1011
2026-06-22 00:00:00+00:00,10368.3,10396.8,10368.3,10384.5,1528
2026-06-22 00:15:00+00:00,10384.7,10393.7,10383.7,10392.6,1471
2026-06-22 00:30:00+00:00,10392.4,10404.4,10391.7,10404.3,1017
2026-06-22 00:45:00+00:00,10404.7,10412.8,10403.1,10411.3,906
2026-06-22 01:00:00+00:00,10411.4,10416.2,10406.1,10407.6,1617
2026-06-22 01:15:00+00:00,10407.4,10408.9,10401.7,10407.2,1157
2026-06-22 01:30:00+00:00,10407.0,10407.0,10399.4,10399.7,733
2026-06-22 01:45:00+00:00,10399.6,10400.1,10387.4,10389.6,902
2026-06-22 02:00:00+00:00,10389.8,10395.2,10387.4,10387.9,1043
2026-06-22 02:15:00+00:00,10388.0,10396.8,10388.0,10393.9,956
2026-06-22 02:30:00+00:00,10394.5,10394.5,10390.4,10392.1,881
2026-06-22 02:45:00+00:00,10391.9,10393.3,10387.6,10391.8,613
2026-06-22 03:00:00+00:00,10391.6,10391.9,10387.5,10388.4,833
2026-06-22 03:15:00+00:00,10388.3,10392.3,10388.1,10391.3,493
2026-06-22 03:30:00+00:00,10391.6,10394.5,10391.5,10394.1,431
2026-06-22 03:45:00+00:00,10393.9,10394.9,10390.3,10394.0,562
2026-06-22 04:00:00+00:00,10393.9,10402.0,10392.8,10399.1,652
2026-06-22 04:15:00+00:00,10398.7,10399.4,10392.6,10392.8,714
2026-06-22 04:30:00+00:00,10392.7,10394.7,10389.9,10392.6,893
2026-06-22 04:45:00+00:00,10392.8,10400.4,10392.5,10399.8,934
2026-06-22 05:00:00+00:00,10400.2,10403.0,10393.6,10402.0,513
2026-06-22 05:15:00+00:00,10401.8,10411.8,10401.6,10408.5,467
2026-06-22 05:30:00+00:00,10409.3,10409.6,10401.0,10401.8,661
2026-06-22 05:45:00+00:00,10402.3,10413.6,10401.3,10408.6,377
2026-06-22 06:00:00+00:00,10409.8,10412.3,10406.1,10411.6,407
2026-06-22 06:15:00+00:00,10411.3,10416.6,10407.1,10413.6,313
2026-06-22 06:30:00+00:00,10413.3,10427.6,10412.6,10427.3,290
2026-06-22 06:45:00+00:00,10427.1,10435.6,10417.3,10419.3,376
2026-06-22 07:00:00+00:00,10419.6,10425.1,10392.8,10399.6,1675
2026-06-22 07:15:00+00:00,10399.8,10406.1,10389.8,10404.6,845
2026-06-22 07:30:00+00:00,10404.3,10410.8,10393.3,10398.6,823
2026-06-22 07:45:00+00:00,10398.1,10403.1,10393.6,10401.8,661
2026-06-22 08:00:00+00:00,10402.6,10403.3,10390.6,10396.1,825
2026-06-22 08:15:00+00:00,10396.3,10405.1,10391.1,10399.6,763
2026-06-22 08:30:00+00:00,10399.8,10401.3,10390.8,10400.6,702
2026-06-22 08:45:00+00:00,10400.8,10401.6,10385.1,10388.1,564
2026-06-22 09:00:00+00:00,10387.8,10406.8,10383.3,10406.1,853
2026-06-22 09:15:00+00:00,10405.8,10407.8,10398.8,10406.6,637
2026-06-22 09:30:00+00:00,10407.1,10410.1,10393.1,10395.3,654
2026-06-22 09:45:00+00:00,10395.6,10401.8,10389.3,10391.1,570
2026-06-22 10:00:00+00:00,10390.8,10405.3,10390.8,10403.6,719
2026-06-22 10:15:00+00:00,10403.3,10425.6,10403.3,10425.6,520
2026-06-22 10:30:00+00:00,10425.8,10429.3,10420.6,10422.6,506
2026-06-22 10:45:00+00:00,10422.1,10434.1,10420.8,10429.6,525
2026-06-22 11:00:00+00:00,10430.1,10448.3,10429.6,10442.6,1221
2026-06-22 11:15:00+00:00,10442.8,10447.3,10440.1,10443.6,491
2026-06-22 11:30:00+00:00,10443.3,10452.6,10442.6,10452.6,493
2026-06-22 11:45:00+00:00,10452.1,10457.1,10445.3,10456.1,399
2026-06-22 12:00:00+00:00,10456.3,10457.8,10450.3,10457.6,446
2026-06-22 12:15:00+00:00,10457.3,10465.6,10455.8,10457.8,489
2026-06-22 12:30:00+00:00,10457.6,10457.8,10448.3,10455.1,584
2026-06-22 12:45:00+00:00,10455.6,10464.1,10455.6,10460.1,498
2026-06-22 13:00:00+00:00,10460.3,10477.3,10458.3,10461.8,1241
2026-06-22 13:15:00+00:00,10461.6,10470.8,10454.1,10468.6,667
2026-06-22 13:30:00+00:00,10468.8,10477.1,10457.8,10461.1,1575
2026-06-22 13:45:00+00:00,10460.8,10470.6,10457.1,10459.8,1301
2026-06-22 14:00:00+00:00,10459.6,10462.1,10448.1,10458.8,1233
2026-06-22 14:15:00+00:00,10458.6,10463.3,10450.6,10458.1,1066
2026-06-22 14:30:00+00:00,10458.6,10466.8,10452.6,10461.6,1099
2026-06-22 14:45:00+00:00,10462.1,10474.1,10458.3,10471.6,1216
2026-06-22 15:00:00+00:00,10471.8,10476.6,10463.8,10474.3,826
2026-06-22 15:15:00+00:00,10474.1,10481.3,10468.8,10480.8,1141
2026-06-22 15:30:00+00:00,10481.1,10485.1,10466.8,10482.8,1152
2026-06-22 15:45:00+00:00,10482.3,10486.8,10477.6,10479.3,628
2026-06-22 16:00:00+00:00,10480.1,10481.6,10472.3,10481.3,555
2026-06-22 16:15:00+00:00,10481.1,10483.8,10478.6,10481.1,329
2026-06-22 16:30:00+00:00,10480.8,10485.3,10478.6,10484.1,374
2026-06-22 16:45:00+00:00,10483.6,10485.1,10479.1,10483.1,454
2026-06-22 17:00:00+00:00,10483.6,10483.8,10476.3,10480.1,264
2026-06-22 17:15:00+00:00,10480.3,10482.3,10471.8,10472.1,246
2026-06-22 17:30:00+00:00,10471.8,10473.6,10462.6,10468.8,306
2026-06-22 17:45:00+00:00,10469.1,10472.6,10467.8,10468.8,217
2026-06-22 18:00:00+00:00,10468.3,10472.8,10465.8,10471.1,319
2026-06-22 18:15:00+00:00,10471.6,10474.1,10467.6,10468.6,278
2026-06-22 18:30:00+00:00,10468.8,10472.6,10464.6,10465.1,261
2026-06-22 18:45:00+00:00,10464.8,10469.1,10461.1,10462.1,329
2026-06-22 19:00:00+00:00,10462.6,10464.3,10459.6,10462.1,296
2026-06-22 19:15:00+00:00,10462.6,10468.1,10458.8,10460.8,392
2026-06-22 19:30:00+00:00,10461.1,10463.6,10455.1,10455.6,316
2026-06-22 19:45:00+00:00,10455.3,10466.3,10451.8,10465.0,561
2026-06-22 20:00:00+00:00,10464.8,10473.3,10464.8,10469.8,678
2026-06-22 20:30:00+00:00,10465.9,10467.1,10465.3,10466.9,163
2026-06-22 20:45:00+00:00,10466.8,10467.1,10464.6,10465.2,170
2026-06-22 22:00:00+00:00,10465.9,10467.3,10462.0,10464.3,388
2026-06-22 22:15:00+00:00,10464.5,10465.6,10460.7,10461.6,333
2026-06-22 22:30:00+00:00,10461.5,10461.6,10451.7,10452.0,664
2026-06-22 22:45:00+00:00,10452.1,10455.3,10451.3,10453.9,442
2026-06-22 23:00:00+00:00,10453.7,10454.9,10450.0,10450.4,460
2026-06-22 23:15:00+00:00,10450.5,10453.2,10448.1,10452.7,411
2026-06-22 23:30:00+00:00,10452.6,10453.2,10450.3,10452.6,302
2026-06-22 23:45:00+00:00,10452.7,10453.9,10448.6,10453.4,683
2026-06-23 00:00:00+00:00,10448.8,10454.3,10448.0,10448.6,813
2026-06-23 00:15:00+00:00,10449.4,10456.3,10448.3,10456.3,1085
2026-06-23 00:30:00+00:00,10456.4,10463.9,10454.0,10462.9,1179
2026-06-23 00:45:00+00:00,10463.0,10465.8,10454.2,10456.3,1355
2026-06-23 01:00:00+00:00,10456.4,10458.4,10445.9,10446.0,1349
2026-06-23 01:15:00+00:00,10445.7,10447.9,10438.9,10443.0,1242
2026-06-23 01:30:00+00:00,10443.1,10444.1,10428.8,10433.1,1140
2026-06-23 01:45:00+00:00,10433.0,10441.1,10431.0,10435.8,1323
2026-06-23 02:00:00+00:00,10436.1,10438.4,10416.8,10417.6,1252
2026-06-23 02:15:00+00:00,10417.4,10421.7,10415.6,10419.6,1286
2026-06-23 02:30:00+00:00,10419.8,10419.9,10413.9,10415.1,841
2026-06-23 02:45:00+00:00,10415.3,10415.6,10405.9,10406.6,877
2026-06-23 03:00:00+00:00,10407.1,10407.3,10392.8,10393.0,1034
2026-06-23 03:15:00+00:00,10392.8,10396.7,10391.8,10393.6,850
2026-06-23 03:30:00+00:00,10393.5,10393.8,10375.2,10383.2,1163
2026-06-23 03:45:00+00:00,10383.0,10396.9,10380.1,10396.6,917
2026-06-23 04:00:00+00:00,10396.7,10402.3,10393.4,10397.1,754
2026-06-23 04:15:00+00:00,10397.2,10397.2,10390.5,10393.8,742
2026-06-23 04:30:00+00:00,10393.7,10394.6,10390.2,10391.3,754
2026-06-23 04:45:00+00:00,10391.4,10393.6,10383.3,10387.9,835
2026-06-23 05:00:00+00:00,10388.1,10390.5,10380.1,10380.1,701
2026-06-23 05:15:00+00:00,10379.8,10386.1,10374.8,10376.8,627
2026-06-23 05:30:00+00:00,10377.0,10378.3,10368.8,10373.0,1081
2026-06-23 05:45:00+00:00,10373.3,10379.8,10367.1,10367.1,535
2026-06-23 06:00:00+00:00,10368.6,10380.8,10358.6,10366.6,1119
2026-06-23 06:15:00+00:00,10366.3,10370.6,10357.8,10359.6,737
2026-06-23 06:30:00+00:00,10359.1,10373.3,10357.1,10363.1,879
2026-06-23 06:45:00+00:00,10362.8,10373.1,10357.8,10367.6,620
2026-06-23 07:00:00+00:00,10366.8,10416.1,10366.8,10405.1,2811
2026-06-23 07:15:00+00:00,10404.8,10412.6,10392.8,10398.3,1167
2026-06-23 07:30:00+00:00,10397.1,10417.1,10395.1,10401.1,1065
2026-06-23 07:45:00+00:00,10400.1,10404.1,10373.1,10375.0,905
2026-06-23 08:00:00+00:00,10375.6,10383.3,10368.1,10381.1,1318
2026-06-23 08:15:00+00:00,10380.8,10389.6,10376.6,10380.6,856
2026-06-23 08:30:00+00:00,10381.3,10413.6,10379.8,10401.6,976
2026-06-23 08:45:00+00:00,10400.6,10414.3,10389.1,10413.6,884
2026-06-23 09:00:00+00:00,10414.1,10427.1,10412.6,10425.8,883
2026-06-23 09:15:00+00:00,10426.1,10439.1,10422.6,10435.1,672
2026-06-23 09:30:00+00:00,10435.6,10438.1,10426.3,10433.3,585
2026-06-23 09:45:00+00:00,10433.1,10444.6,10429.6,10441.6,599
2026-06-23 10:00:00+00:00,10441.1,10455.1,10440.6,10443.8,742
2026-06-23 10:15:00+00:00,10444.1,10459.8,10441.1,10449.1,571
2026-06-23 10:30:00+00:00,10448.6,10448.6,10432.1,10437.1,676
2026-06-23 10:45:00+00:00,10436.8,10442.1,10424.3,10426.1,687
2026-06-23 11:00:00+00:00,10426.6,10436.1,10417.3,10429.1,713
2026-06-23 11:15:00+00:00,10429.3,10433.5,10416.1,10424.1,819
2026-06-23 11:30:00+00:00,10423.6,10432.1,10415.6,10432.1,622
2026-06-23 11:45:00+00:00,10431.8,10433.6,10422.6,10429.1,573
2026-06-23 12:00:00+00:00,10430.1,10433.1,10422.3,10431.1,656
2026-06-23 12:15:00+00:00,10430.8,10436.1,10427.3,10434.6,565
2026-06-23 12:30:00+00:00,10434.3,10444.1,10423.1,10443.1,735
2026-06-23 12:45:00+00:00,10442.8,10443.1,10427.6,10433.3,748
2026-06-23 13:00:00+00:00,10433.6,10434.3,10421.1,10427.1,811
2026-06-23 13:15:00+00:00,10426.8,10443.6,10426.3,10442.1,838
2026-06-23 13:30:00+00:00,10442.6,10462.8,10439.3,10459.6,2103
2026-06-23 13:45:00+00:00,10458.6,10485.6,10457.1,10481.1,1438
2026-06-23 14:00:00+00:00,10481.3,10493.1,10476.1,10488.8,1283
2026-06-23 14:15:00+00:00,10489.1,10497.8,10485.6,10494.3,1206
2026-06-23 14:30:00+00:00,10494.6,10496.3,10480.1,10491.1,1045
2026-06-23 14:45:00+00:00,10490.8,10498.1,10483.3,10493.8,929
2026-06-23 15:00:00+00:00,10494.1,10500.1,10489.8,10498.6,931
2026-06-23 15:15:00+00:00,10498.3,10499.1,10487.8,10491.8,988
2026-06-23 15:30:00+00:00,10492.1,10496.1,10465.6,10472.6,1563
2026-06-23 15:45:00+00:00,10472.8,10489.6,10472.6,10488.3,615
2026-06-23 16:00:00+00:00,10488.8,10497.1,10486.8,10494.6,539
2026-06-23 16:15:00+00:00,10494.8,10496.6,10486.8,10492.1,419
2026-06-23 16:30:00+00:00,10491.8,10499.6,10490.6,10499.6,334
2026-06-23 16:45:00+00:00,10500.1,10500.8,10494.8,10500.8,317
2026-06-23 17:00:00+00:00,10500.6,10503.8,10496.1,10502.6,340
2026-06-23 17:15:00+00:00,10503.1,10509.1,10502.3,10506.8,290
2026-06-23 17:30:00+00:00,10506.6,10508.8,10503.6,10505.1,272
2026-06-23 17:45:00+00:00,10504.6,10506.6,10494.1,10495.1,331
2026-06-23 18:00:00+00:00,10494.8,10501.1,10488.6,10491.1,422
2026-06-23 18:15:00+00:00,10490.8,10492.1,10485.1,10487.6,305
2026-06-23 18:30:00+00:00,10487.3,10491.1,10476.1,10477.6,366
2026-06-23 18:45:00+00:00,10478.1,10485.6,10475.8,10483.1,629
2026-06-23 19:00:00+00:00,10482.8,10490.6,10479.6,10482.1,616
2026-06-23 19:15:00+00:00,10482.3,10482.6,10472.1,10480.6,612
2026-06-23 19:30:00+00:00,10480.3,10480.3,10469.8,10472.6,591
2026-06-23 19:45:00+00:00,10472.8,10476.6,10461.8,10462.8,1043
2026-06-23 20:00:00+00:00,10464.6,10470.5,10460.9,10467.5,856
2026-06-23 20:30:00+00:00,10469.2,10471.5,10467.0,10469.0,296
2026-06-23 20:45:00+00:00,10469.1,10475.2,10468.1,10474.2,269
2026-06-23 22:00:00+00:00,10474.7,10480.7,10473.3,10477.6,460
2026-06-23 22:15:00+00:00,10477.4,10480.6,10465.3,10465.5,876
2026-06-23 22:30:00+00:00,10465.8,10469.2,10457.9,10459.4,1000
2026-06-23 22:45:00+00:00,10459.3,10464.8,10459.1,10463.6,698
2026-06-23 23:00:00+00:00,10463.8,10466.6,10449.3,10465.4,1032
2026-06-23 23:15:00+00:00,10464.9,10470.3,10464.7,10468.1,562
2026-06-23 23:30:00+00:00,10468.3,10469.0,10459.9,10465.7,811
2026-06-23 23:45:00+00:00,10465.6,10482.7,10465.6,10471.2,1410
2026-06-24 00:00:00+00:00,10465.1,10478.5,10450.3,10469.2,1647
2026-06-24 00:15:00+00:00,10468.8,10474.9,10458.7,10465.1,2174
2026-06-24 00:30:00+00:00,10464.9,10469.3,10462.5,10465.3,1861
2026-06-24 00:45:00+00:00,10465.5,10468.8,10457.6,10463.4,1976
2026-06-24 01:00:00+00:00,10463.5,10471.3,10458.9,10470.8,2264
2026-06-24 01:15:00+00:00,10470.6,10471.7,10458.8,10468.5,2370
2026-06-24 01:30:00+00:00,10468.2,10469.8,10461.6,10466.1,1981
2026-06-24 01:45:00+00:00,10466.3,10468.3,10460.9,10463.9,1635
2026-06-24 02:00:00+00:00,10463.6,10464.4,10454.6,10457.9,1625
2026-06-24 02:15:00+00:00,10457.8,10457.8,10448.9,10454.2,1265
2026-06-24 02:30:00+00:00,10454.3,10456.8,10442.8,10448.7,1463
2026-06-24 02:45:00+00:00,10448.1,10449.6,10432.5,10432.5,1536
2026-06-24 03:00:00+00:00,10432.8,10450.1,10432.0,10448.3,1924
2026-06-24 03:15:00+00:00,10447.9,10448.6,10437.0,10448.4,1666
2026-06-24 03:30:00+00:00,10448.3,10453.8,10444.8,10446.6,1835
2026-06-24 03:45:00+00:00,10446.3,10446.9,10431.4,10432.4,1415
2026-06-24 04:00:00+00:00,10432.7,10433.7,10418.9,10419.8,1292
2026-06-24 04:15:00+00:00,10419.7,10420.4,10410.4,10419.3,1623
2026-06-24 04:30:00+00:00,10419.2,10435.0,10418.7,10433.2,1586
2026-06-24 04:45:00+00:00,10433.3,10438.0,10430.6,10434.0,1145
2026-06-24 05:00:00+00:00,10434.2,10442.1,10431.6,10441.3,1001
2026-06-24 05:15:00+00:00,10441.0,10450.3,10440.6,10448.3,870
2026-06-24 05:30:00+00:00,10448.8,10463.3,10448.3,10455.6,796
2026-06-24 05:45:00+00:00,10455.5,10458.3,10446.8,10450.1,811
2026-06-24 06:00:00+00:00,10452.1,10457.3,10442.6,10442.6,746
2026-06-24 06:15:00+00:00,10442.8,10449.8,10439.6,10449.6,524
2026-06-24 06:30:00+00:00,10450.6,10465.8,10450.1,10457.1,656
2026-06-24 06:45:00+00:00,10456.6,10469.3,10452.6,10459.8,513
2026-06-24 07:00:00+00:00,10460.6,10475.6,10450.8,10460.6,2853
2026-06-24 07:15:00+00:00,10460.8,10475.8,10459.8,10462.6,1678
2026-06-24 07:30:00+00:00,10462.8,10464.6,10437.8,10457.1,1568
2026-06-24 07:45:00+00:00,10457.6,10469.1,10445.8,10446.1,1173
2026-06-24 08:00:00+00:00,10445.8,10467.6,10443.8,10465.1,1332
2026-06-24 08:15:00+00:00,10464.6,10468.1,10456.6,10463.1,1199
2026-06-24 08:30:00+00:00,10462.6,10469.1,10456.6,10462.1,849
2026-06-24 08:45:00+00:00,10462.6,10463.8,10452.1,10463.1,731
2026-06-24 09:00:00+00:00,10462.8,10470.8,10459.8,10469.8,687
2026-06-24 09:15:00+00:00,10470.1,10470.1,10455.6,10460.1,612
2026-06-24 09:30:00+00:00,10460.3,10462.3,10448.6,10451.1,734
2026-06-24 09:45:00+00:00,10450.8,10462.1,10448.1,10461.6,625
2026-06-24 10:00:00+00:00,10461.8,10466.6,10456.1,10460.3,780
2026-06-24 10:15:00+00:00,10460.1,10476.6,10459.6,10475.1,780
2026-06-24 10:30:00+00:00,10475.3,10478.1,10465.1,10469.3,757
2026-06-24 10:45:00+00:00,10469.8,10472.6,10464.6,10466.6,597
2026-06-24 11:00:00+00:00,10467.1,10480.1,10466.6,10471.3,626
2026-06-24 11:15:00+00:00,10471.6,10471.8,10461.1,10461.3,661
2026-06-24 11:30:00+00:00,10461.6,10471.1,10461.6,10463.6,692
2026-06-24 11:45:00+00:00,10463.3,10474.1,10463.1,10472.1,812
2026-06-24 12:00:00+00:00,10472.3,10474.1,10465.3,10471.6,783
2026-06-24 12:15:00+00:00,10472.1,10482.3,10469.1,10478.6,706
2026-06-24 12:30:00+00:00,10479.1,10482.6,10470.8,10472.6,643
2026-06-24 12:45:00+00:00,10472.3,10476.3,10464.8,10467.6,704
2026-06-24 13:00:00+00:00,10467.8,10473.1,10454.6,10454.6,993
2026-06-24 13:15:00+00:00,10454.3,10466.1,10449.1,10464.1,1079
2026-06-24 13:30:00+00:00,10463.6,10473.8,10457.6,10472.6,2392
2026-06-24 13:45:00+00:00,10472.3,10498.6,10461.1,10498.1,2009
2026-06-24 14:00:00+00:00,10498.3,10502.6,10491.1,10492.8,1724
2026-06-24 14:15:00+00:00,10492.6,10505.3,10486.1,10499.3,1627
2026-06-24 14:30:00+00:00,10499.1,10505.8,10492.3,10498.6,1446
2026-06-24 14:45:00+00:00,10498.1,10500.1,10486.8,10490.6,1192
2026-06-24 15:00:00+00:00,10490.1,10490.6,10473.1,10474.8,1143
2026-06-24 15:15:00+00:00,10475.6,10492.8,10473.6,10492.6,1278
2026-06-24 15:30:00+00:00,10493.1,10502.8,10492.3,10501.3,1491
2026-06-24 15:45:00+00:00,10501.1,10502.6,10491.3,10496.6,733
2026-06-24 16:00:00+00:00,10496.3,10500.3,10491.1,10495.1,643
2026-06-24 16:15:00+00:00,10495.3,10501.6,10492.1,10496.6,531
2026-06-24 16:30:00+00:00,10496.3,10500.1,10483.3,10489.1,772
2026-06-24 16:45:00+00:00,10488.8,10491.6,10480.3,10481.1,590
2026-06-24 17:00:00+00:00,10481.3,10484.3,10473.3,10478.1,740
2026-06-24 17:15:00+00:00,10477.8,10479.8,10463.6,10464.8,998
2026-06-24 17:30:00+00:00,10464.6,10465.1,10452.3,10460.1,1268
2026-06-24 17:45:00+00:00,10459.6,10469.8,10456.6,10459.1,1059
2026-06-24 18:00:00+00:00,10459.3,10468.3,10456.6,10466.1,1014
2026-06-24 18:15:00+00:00,10466.6,10483.8,10466.6,10482.8,941
2026-06-24 18:30:00+00:00,10482.6,10486.3,10472.6,10474.3,787
2026-06-24 18:45:00+00:00,10474.1,10477.6,10458.1,10474.1,1106
2026-06-24 19:00:00+00:00,10474.6,10481.1,10463.1,10467.8,1215
2026-06-24 19:15:00+00:00,10467.6,10475.1,10464.3,10472.6,1013
2026-06-24 19:30:00+00:00,10472.3,10474.3,10462.6,10467.1,1020
2026-06-24 19:45:00+00:00,10466.6,10491.6,10465.8,10479.3,1496
2026-06-24 20:00:00+00:00,10478.0,10503.8,10470.8,10495.1,2447
2026-06-24 20:30:00+00:00,10501.9,10504.8,10491.5,10500.5,1182
2026-06-24 20:45:00+00:00,10500.6,10503.3,10496.1,10497.8,1100
2026-06-24 22:00:00+00:00,10502.4,10502.8,10497.2,10498.0,641
2026-06-24 22:15:00+00:00,10497.7,10499.9,10493.3,10493.3,812
2026-06-24 22:30:00+00:00,10493.4,10496.2,10492.3,10495.5,716
2026-06-24 22:45:00+00:00,10495.9,10495.9,10490.8,10491.3,520
2026-06-24 23:00:00+00:00,10491.2,10493.3,10489.1,10490.1,511
2026-06-24 23:15:00+00:00,10489.9,10495.6,10489.1,10493.3,432
2026-06-24 23:30:00+00:00,10493.4,10500.2,10493.0,10499.2,505
2026-06-24 23:45:00+00:00,10499.1,10505.4,10496.0,10496.2,895
2026-06-25 00:00:00+00:00,10487.5,10489.2,10471.0,10475.1,1415
2026-06-25 00:15:00+00:00,10475.2,10485.7,10475.1,10478.7,1643
2026-06-25 00:30:00+00:00,10477.8,10481.1,10473.0,10476.8,1406
2026-06-25 00:45:00+00:00,10476.7,10479.6,10471.4,10476.5,1498
2026-06-25 01:00:00+00:00,10477.1,10483.3,10473.3,10478.8,1647
2026-06-25 01:15:00+00:00,10478.9,10486.0,10477.4,10481.8,1305
2026-06-25 01:30:00+00:00,10481.9,10484.1,10475.4,10476.1,1465
2026-06-25 01:45:00+00:00,10475.9,10475.9,10466.6,10469.0,1227
2026-06-25 02:00:00+00:00,10469.2,10471.2,10455.1,10456.2,1457
2026-06-25 02:15:00+00:00,10456.3,10463.6,10454.8,10455.5,1206
2026-06-25 02:30:00+00:00,10455.2,10457.2,10451.3,10454.8,910
2026-06-25 02:45:00+00:00,10454.4,10464.2,10454.0,10463.3,733
2026-06-25 03:00:00+00:00,10463.5,10466.4,10460.0,10461.5,829
2026-06-25 03:15:00+00:00,10461.3,10468.2,10458.4,10463.8,768
2026-06-25 03:30:00+00:00,10463.6,10464.4,10452.5,10454.5,774
2026-06-25 03:45:00+00:00,10454.1,10459.0,10451.9,10458.6,696
2026-06-25 04:00:00+00:00,10458.7,10461.1,10453.8,10455.8,596
2026-06-25 04:15:00+00:00,10455.7,10457.1,10449.9,10456.8,628
2026-06-25 04:30:00+00:00,10456.6,10457.9,10451.1,10457.9,663
2026-06-25 04:45:00+00:00,10458.3,10461.6,10457.4,10459.3,401
2026-06-25 05:00:00+00:00,10459.1,10464.6,10456.1,10463.3,382
2026-06-25 05:15:00+00:00,10463.6,10465.8,10462.8,10465.3,267
2026-06-25 05:30:00+00:00,10465.6,10470.6,10462.1,10469.8,522
2026-06-25 05:45:00+00:00,10469.6,10473.1,10460.3,10464.0,385
2026-06-25 06:00:00+00:00,10464.8,10472.6,10458.3,10464.6,530
2026-06-25 06:15:00+00:00,10464.1,10464.6,10451.3,10454.6,436
2026-06-25 06:30:00+00:00,10453.8,10461.8,10453.8,10461.1,356
2026-06-25 06:45:00+00:00,10461.3,10467.3,10449.1,10467.3,446
2026-06-25 07:00:00+00:00,10467.6,10492.3,10453.6,10490.1,2285
2026-06-25 07:15:00+00:00,10490.3,10499.6,10486.8,10498.8,1028
2026-06-25 07:30:00+00:00,10499.1,10513.1,10498.6,10507.1,951
2026-06-25 07:45:00+00:00,10506.8,10506.8,10499.1,10504.1,706
2026-06-25 08:00:00+00:00,10504.3,10513.8,10499.8,10512.6,797
2026-06-25 08:15:00+00:00,10512.3,10515.8,10505.1,10513.8,682
2026-06-25 08:30:00+00:00,10514.1,10528.1,10514.1,10522.1,659
2026-06-25 08:45:00+00:00,10522.3,10531.1,10522.1,10526.3,622
2026-06-25 09:00:00+00:00,10527.1,10542.8,10526.8,10541.1,623
2026-06-25 09:15:00+00:00,10540.8,10542.3,10523.3,10525.6,633
2026-06-25 09:30:00+00:00,10526.1,10526.6,10519.1,10520.8,527
2026-06-25 09:45:00+00:00,10520.6,10530.1,10517.6,10528.1,437
2026-06-25 10:00:00+00:00,10527.8,10534.6,10525.1,10533.1,490
2026-06-25 10:15:00+00:00,10533.6,10538.3,10528.1,10533.3,425
2026-06-25 10:30:00+00:00,10533.1,10535.1,10529.1,10530.8,485
2026-06-25 10:45:00+00:00,10531.1,10540.3,10529.6,10537.6,520
2026-06-25 11:00:00+00:00,10537.3,10550.3,10537.1,10549.1,632
2026-06-25 11:15:00+00:00,10548.3,10551.1,10540.3,10549.8,558
2026-06-25 11:30:00+00:00,10550.1,10560.1,10549.6,10560.1,506
2026-06-25 11:45:00+00:00,10560.3,10569.6,10560.3,10565.6,558
2026-06-25 12:00:00+00:00,10565.8,10578.8,10561.8,10576.8,646
2026-06-25 12:15:00+00:00,10576.6,10588.8,10575.8,10577.3,696
2026-06-25 12:30:00+00:00,10577.3,10593.1,10577.3,10585.6,1301
2026-06-25 12:45:00+00:00,10585.8,10598.3,10584.3,10588.1,778
2026-06-25 13:00:00+00:00,10588.3,10595.3,10584.8,10588.6,823
2026-06-25 13:15:00+00:00,10588.3,10588.6,10572.6,10575.3,799
2026-06-25 13:30:00+00:00,10576.3,10581.3,10564.1,10570.1,1945
2026-06-25 13:45:00+00:00,10570.3,10577.6,10554.8,10565.1,2890
2026-06-25 14:00:00+00:00,10566.1,10603.6,10565.3,10594.6,2613
2026-06-25 14:15:00+00:00,10594.8,10617.1,10594.1,10604.1,2023
2026-06-25 14:30:00+00:00,10604.6,10608.6,10591.1,10591.6,1556
2026-06-25 14:45:00+00:00,10591.8,10597.8,10587.6,10595.3,1357
2026-06-25 15:00:00+00:00,10595.8,10597.6,10569.6,10574.6,1518
2026-06-25 15:15:00+00:00,10574.1,10582.1,10564.1,10577.6,2088
2026-06-25 15:30:00+00:00,10577.1,10588.6,10566.8,10584.3,2303
2026-06-25 15:45:00+00:00,10584.8,10594.3,10583.3,10585.1,1008
2026-06-25 16:00:00+00:00,10584.8,10593.1,10583.6,10593.1,826
2026-06-25 16:15:00+00:00,10592.8,10597.6,10582.6,10586.1,605
2026-06-25 16:30:00+00:00,10585.8,10586.1,10562.6,10564.8,696
2026-06-25 16:45:00+00:00,10564.6,10571.6,10560.1,10568.1,734
2026-06-25 17:00:00+00:00,10567.8,10571.6,10561.3,10566.1,558
2026-06-25 17:15:00+00:00,10566.6,10573.1,10562.1,10569.8,608
2026-06-25 17:30:00+00:00,10570.1,10573.1,10565.1,10566.1,568
2026-06-25 17:45:00+00:00,10566.3,10568.6,10555.8,10567.8,781
2026-06-25 18:00:00+00:00,10568.1,10568.6,10551.1,10556.6,1133
2026-06-25 18:15:00+00:00,10556.3,10572.1,10555.3,10570.8,669
2026-06-25 18:30:00+00:00,10570.6,10570.6,10552.6,10553.3,894
2026-06-25 18:45:00+00:00,10553.1,10560.1,10546.8,10557.1,611
2026-06-25 19:00:00+00:00,10556.8,10564.6,10553.6,10559.3,492
2026-06-25 19:15:00+00:00,10559.1,10562.1,10555.1,10559.8,553
2026-06-25 19:30:00+00:00,10559.6,10562.6,10555.3,10561.6,539
2026-06-25 19:45:00+00:00,10561.3,10563.3,10551.6,10563.0,689
2026-06-25 20:00:00+00:00,10562.3,10585.7,10562.1,10572.3,1592
2026-06-25 20:30:00+00:00,10581.0,10581.2,10574.3,10574.8,533
2026-06-25 20:45:00+00:00,10574.9,10575.3,10567.6,10568.9,383
2026-06-25 22:00:00+00:00,10560.6,10561.6,10551.1,10554.9,610
2026-06-25 22:15:00+00:00,10555.0,10559.8,10551.4,10551.5,873
2026-06-25 22:30:00+00:00,10551.4,10557.1,10550.4,10556.5,731
2026-06-25 22:45:00+00:00,10556.6,10560.3,10553.6,10559.6,560
2026-06-25 23:00:00+00:00,10559.5,10567.7,10558.8,10567.6,530
2026-06-25 23:15:00+00:00,10567.7,10588.2,10566.1,10583.7,1213
2026-06-25 23:30:00+00:00,10583.9,10585.5,10564.4,10564.8,921
2026-06-25 23:45:00+00:00,10564.7,10564.7,10551.6,10555.5,1205
2026-06-26 00:00:00+00:00,10552.6,10559.4,10542.5,10553.1,1559
2026-06-26 00:15:00+00:00,10553.2,10559.4,10548.6,10555.7,2460
2026-06-26 00:30:00+00:00,10554.8,10556.3,10547.2,10548.6,2645
2026-06-26 00:45:00+00:00,10548.5,10553.4,10542.2,10545.5,2149
2026-06-26 01:00:00+00:00,10545.8,10554.3,10543.9,10548.1,2411
2026-06-26 01:15:00+00:00,10548.3,10553.1,10535.3,10537.7,1826
2026-06-26 01:30:00+00:00,10537.9,10539.3,10527.9,10534.6,2341
2026-06-26 01:45:00+00:00,10534.8,10541.1,10528.2,10533.2,1923
2026-06-26 02:00:00+00:00,10533.3,10534.3,10513.1,10518.0,1924
2026-06-26 02:15:00+00:00,10518.2,10521.5,10498.6,10501.9,1919
2026-06-26 02:30:00+00:00,10502.3,10503.8,10485.3,10490.4,1754
2026-06-26 02:45:00+00:00,10490.0,10491.3,10478.3,10485.2,2122
2026-06-26 03:00:00+00:00,10485.7,10486.8,10477.4,10478.7,1806
2026-06-26 03:15:00+00:00,10478.8,10481.3,10474.7,10477.5,1147
2026-06-26 03:30:00+00:00,10477.2,10477.9,10465.3,10477.9,2306
2026-06-26 03:45:00+00:00,10478.1,10494.6,10475.8,10493.8,2477
2026-06-26 04:00:00+00:00,10494.0,10498.1,10491.2,10492.9,2404
2026-06-26 04:15:00+00:00,10493.3,10497.2,10485.0,10490.8,1907
2026-06-26 04:30:00+00:00,10491.4,10496.1,10489.0,10494.2,1531
2026-06-26 04:45:00+00:00,10494.1,10495.3,10488.7,10492.9,1332
2026-06-26 05:00:00+00:00,10493.1,10509.8,10492.5,10509.6,1231
2026-06-26 05:15:00+00:00,10509.8,10517.1,10509.1,10513.1,1139
2026-06-26 05:30:00+00:00,10513.8,10518.3,10505.8,10506.6,960
2026-06-26 05:45:00+00:00,10506.8,10514.8,10501.3,10509.6,1189
2026-06-26 06:00:00+00:00,10510.8,10517.6,10497.6,10511.1,849
2026-06-26 06:15:00+00:00,10511.8,10521.8,10511.6,10521.1,738
2026-06-26 06:30:00+00:00,10521.3,10536.3,10518.6,10535.8,786
2026-06-26 06:45:00+00:00,10535.6,10546.8,10532.1,10537.1,834
2026-06-26 07:00:00+00:00,10536.6,10551.1,10514.8,10536.6,2778
2026-06-26 07:15:00+00:00,10536.3,10538.6,10522.3,10534.1,1538
2026-06-26 07:30:00+00:00,10534.3,10544.8,10524.8,10529.6,1144
2026-06-26 07:45:00+00:00,10529.3,10532.1,10519.1,10529.1,1013
2026-06-26 08:00:00+00:00,10528.8,10537.8,10522.1,10523.6,1472
2026-06-26 08:15:00+00:00,10523.8,10526.8,10514.6,10522.6,1185
2026-06-26 08:30:00+00:00,10522.3,10522.8,10502.3,10506.6,1296
2026-06-26 08:45:00+00:00,10506.8,10509.6,10493.3,10503.1,1188
2026-06-26 09:00:00+00:00,10502.8,10503.3,10483.1,10498.3,1288
2026-06-26 09:15:00+00:00,10498.1,10498.3,10487.3,10490.3,1022
2026-06-26 09:30:00+00:00,10490.8,10506.6,10485.3,10501.3,1032
2026-06-26 09:45:00+00:00,10500.6,10507.1,10495.1,10495.6,1097
2026-06-26 10:00:00+00:00,10495.8,10496.3,10485.1,10488.1,1059
2026-06-26 10:15:00+00:00,10488.3,10490.3,10478.3,10487.8,783
2026-06-26 10:30:00+00:00,10487.3,10491.8,10484.3,10488.3,822
2026-06-26 10:45:00+00:00,10488.1,10491.1,10480.3,10484.1,706
2026-06-26 11:00:00+00:00,10484.3,10491.8,10481.6,10484.3,931
2026-06-26 11:15:00+00:00,10483.8,10484.3,10474.3,10480.1,758
2026-06-26 11:30:00+00:00,10479.8,10481.6,10470.8,10474.3,696
2026-06-26 11:45:00+00:00,10473.8,10477.3,10468.1,10469.1,823
2026-06-26 12:00:00+00:00,10469.3,10474.1,10465.1,10471.1,915
2026-06-26 12:15:00+00:00,10471.3,10476.8,10459.1,10462.6,1029
2026-06-26 12:30:00+00:00,10462.8,10467.3,10451.8,10452.6,962
2026-06-26 12:45:00+00:00,10453.1,10457.6,10444.1,10449.6,1076
2026-06-26 13:00:00+00:00,10450.1,10457.6,10445.3,10452.6,984
2026-06-26 13:15:00+00:00,10452.8,10467.1,10439.6,10465.1,1932
2026-06-26 13:30:00+00:00,10464.8,10476.6,10462.1,10472.8,2510
2026-06-26 13:45:00+00:00,10473.3,10499.3,10467.6,10496.6,2169
2026-06-26 14:00:00+00:00,10497.1,10524.3,10494.3,10517.3,2189
2026-06-26 14:15:00+00:00,10516.8,10533.3,10516.8,10528.8,1541
2026-06-26 14:30:00+00:00,10528.6,10530.3,10518.3,10524.6,1321
2026-06-26 14:45:00+00:00,10524.8,10535.6,10524.1,10532.1,1372
2026-06-26 15:00:00+00:00,10532.6,10538.3,10523.3,10524.1,1192
2026-06-26 15:15:00+00:00,10524.3,10554.6,10522.3,10554.1,1245
2026-06-26 15:30:00+00:00,10554.5,10565.1,10545.1,10560.1,1676
2026-06-26 15:45:00+00:00,10560.3,10564.1,10546.5,10557.8,1385
2026-06-26 16:00:00+00:00,10558.3,10558.8,10546.6,10548.1,782
2026-06-26 16:15:00+00:00,10548.3,10549.8,10525.8,10535.1,1057
2026-06-26 16:30:00+00:00,10535.3,10544.3,10534.6,10537.3,627
2026-06-26 16:45:00+00:00,10537.6,10541.6,10536.6,10540.1,511
2026-06-26 17:00:00+00:00,10540.3,10550.6,10539.3,10547.3,546
2026-06-26 17:15:00+00:00,10547.1,10548.8,10541.6,10545.6,604
2026-06-26 17:30:00+00:00,10546.1,10549.6,10538.6,10541.1,698
2026-06-26 17:45:00+00:00,10541.3,10545.1,10538.1,10538.8,513
2026-06-26 18:00:00+00:00,10539.1,10541.6,10533.6,10534.8,588
2026-06-26 18:15:00+00:00,10535.1,10537.1,10526.6,10527.1,673
2026-06-26 18:30:00+00:00,10527.3,10529.8,10524.1,10526.6,481
2026-06-26 18:45:00+00:00,10526.3,10526.6,10518.1,10521.8,659
2026-06-26 19:00:00+00:00,10522.3,10525.8,10516.1,10522.1,755
2026-06-26 19:15:00+00:00,10522.6,10523.6,10512.6,10513.6,626
2026-06-26 19:30:00+00:00,10513.3,10517.3,10504.1,10517.1,729
2026-06-26 19:45:00+00:00,10517.3,10523.3,10511.8,10515.0,1052
2026-06-28 22:00:00+00:00,10526.0,10530.8,10515.3,10523.9,860
2026-06-28 22:15:00+00:00,10524.0,10526.0,10515.5,10523.4,1103
2026-06-28 22:30:00+00:00,10523.5,10527.0,10522.9,10526.3,820
2026-06-28 22:45:00+00:00,10526.4,10527.0,10522.8,10523.0,585
2026-06-28 23:00:00+00:00,10522.9,10537.0,10521.5,10534.9,1026
2026-06-28 23:15:00+00:00,10535.0,10540.1,10532.9,10536.5,610
2026-06-28 23:30:00+00:00,10536.6,10540.6,10536.4,10539.3,490
2026-06-28 23:45:00+00:00,10539.0,10542.7,10534.3,10534.8,976
2026-06-29 00:00:00+00:00,10537.8,10545.0,10534.3,10540.9,1716
2026-06-29 00:15:00+00:00,10540.7,10548.3,10537.8,10540.2,1879
2026-06-29 00:30:00+00:00,10539.5,10543.4,10530.4,10542.4,2129
2026-06-29 00:45:00+00:00,10542.3,10542.3,10529.9,10539.4,1735
2026-06-29 01:00:00+00:00,10539.5,10542.8,10530.9,10539.0,2016
2026-06-29 01:15:00+00:00,10538.8,10540.0,10528.0,10528.4,1700
2026-06-29 01:30:00+00:00,10528.7,10534.5,10522.1,10531.6,2215
2026-06-29 01:45:00+00:00,10531.8,10538.5,10526.3,10535.1,1767
2026-06-29 02:00:00+00:00,10535.2,10540.3,10531.7,10532.8,1785
2026-06-29 02:15:00+00:00,10533.0,10553.5,10529.8,10552.3,1782
2026-06-29 02:30:00+00:00,10552.0,10554.2,10548.5,10552.8,1244
2026-06-29 02:45:00+00:00,10553.0,10559.0,10552.8,10556.3,1153
2026-06-29 03:00:00+00:00,10556.8,10560.7,10555.2,10556.3,981
2026-06-29 03:15:00+00:00,10556.7,10561.5,10555.3,10560.6,910
2026-06-29 03:30:00+00:00,10560.4,10561.7,10550.6,10551.7,1457
2026-06-29 03:45:00+00:00,10551.6,10561.7,10551.3,10558.7,1277
2026-06-29 04:00:00+00:00,10558.3,10558.8,10553.8,10554.5,753
2026-06-29 04:15:00+00:00,10554.3,10554.8,10549.8,10551.3,692
2026-06-29 04:30:00+00:00,10551.4,10553.2,10542.8,10545.3,834
2026-06-29 04:45:00+00:00,10545.4,10548.1,10543.8,10545.3,825
2026-06-29 05:00:00+00:00,10545.1,10550.8,10541.3,10550.6,815
2026-06-29 05:15:00+00:00,10550.8,10552.3,10542.6,10545.1,770
2026-06-29 05:30:00+00:00,10545.3,10557.1,10542.3,10555.8,771
2026-06-29 05:45:00+00:00,10555.6,10562.3,10552.8,10559.1,701
2026-06-29 06:00:00+00:00,10559.6,10566.8,10556.8,10558.3,676
2026-06-29 06:15:00+00:00,10558.6,10565.1,10558.6,10560.8,459
2026-06-29 06:30:00+00:00,10561.6,10562.8,10547.1,10547.6,375
2026-06-29 06:45:00+00:00,10547.3,10552.8,10538.1,10540.1,423
2026-06-29 07:00:00+00:00,10540.6,10546.3,10519.1,10523.6,2589
2026-06-29 07:15:00+00:00,10523.8,10538.1,10519.3,10534.6,1143
2026-06-29 07:30:00+00:00,10535.1,10538.3,10524.8,10534.6,932
2026-06-29 07:45:00+00:00,10534.3,10542.6,10528.3,10539.1,806
2026-06-29 08:00:00+00:00,10538.8,10556.8,10537.6,10555.8,902
2026-06-29 08:15:00+00:00,10555.6,10558.1,10536.6,10537.1,864
2026-06-29 08:30:00+00:00,10536.6,10541.6,10525.8,10527.8,797
2026-06-29 08:45:00+00:00,10528.3,10528.6,10514.3,10515.6,670
2026-06-29 09:00:00+00:00,10516.6,10523.1,10510.8,10520.1,740
2026-06-29 09:15:00+00:00,10519.6,10524.8,10515.8,10524.6,586
2026-06-29 09:30:00+00:00,10524.8,10525.6,10519.3,10522.6,436
2026-06-29 09:45:00+00:00,10522.8,10523.6,10509.6,10511.6,561
2026-06-29 10:00:00+00:00,10511.8,10516.6,10510.3,10512.8,488
2026-06-29 10:15:00+00:00,10513.1,10515.3,10506.3,10515.3,485
2026-06-29 10:30:00+00:00,10514.8,10524.6,10511.3,10523.1,446
2026-06-29 10:45:00+00:00,10523.6,10528.8,10519.8,10526.6,548
2026-06-29 11:00:00+00:00,10525.8,10529.3,10520.3,10522.1,544
2026-06-29 11:15:00+00:00,10522.3,10524.6,10509.1,10509.1,458
2026-06-29 11:30:00+00:00,10509.6,10530.8,10508.1,10530.1,746
2026-06-29 11:45:00+00:00,10529.3,10539.1,10529.3,10537.6,587
2026-06-29 12:00:00+00:00,10537.8,10541.6,10535.1,10535.3,605
2026-06-29 12:15:00+00:00,10535.6,10539.6,10531.1,10531.3,492
2026-06-29 12:30:00+00:00,10532.6,10535.1,10523.1,10526.1,526
2026-06-29 12:45:00+00:00,10526.3,10532.8,10525.6,10527.3,453
2026-06-29 13:00:00+00:00,10527.1,10542.3,10527.1,10541.6,537
2026-06-29 13:15:00+00:00,10541.3,10543.8,10535.6,10542.1,584
2026-06-29 13:30:00+00:00,10542.3,10550.3,10528.8,10546.1,1618
2026-06-29 13:45:00+00:00,10546.3,10546.3,10527.1,10535.6,1401
2026-06-29 14:00:00+00:00,10535.8,10536.1,10509.1,10509.1,1576
2026-06-29 14:15:00+00:00,10508.8,10542.3,10507.1,10533.1,1473
2026-06-29 14:30:00+00:00,10532.8,10534.8,10520.6,10525.1,1124
2026-06-29 14:45:00+00:00,10524.8,10527.6,10508.8,10513.1,896
2026-06-29 15:00:00+00:00,10512.8,10530.3,10502.6,10530.3,951
2026-06-29 15:15:00+00:00,10530.6,10533.8,10523.8,10532.1,940
2026-06-29 15:30:00+00:00,10531.6,10539.8,10517.6,10526.1,1590
2026-06-29 15:45:00+00:00,10525.8,10530.3,10524.1,10528.6,476
2026-06-29 16:00:00+00:00,10528.8,10537.6,10525.8,10537.6,394
2026-06-29 16:15:00+00:00,10537.3,10539.3,10534.3,10538.3,446
2026-06-29 16:30:00+00:00,10537.6,10539.1,10532.1,10538.8,236
2026-06-29 16:45:00+00:00,10538.6,10539.8,10535.1,10537.6,252
2026-06-29 17:00:00+00:00,10537.8,10543.1,10535.1,10541.1,209
2026-06-29 17:15:00+00:00,10540.6,10541.3,10534.6,10535.1,212
2026-06-29 17:30:00+00:00,10534.8,10535.8,10531.1,10533.6,145
2026-06-29 17:45:00+00:00,10533.3,10539.1,10532.8,10538.1,157
2026-06-29 18:00:00+00:00,10537.8,10546.8,10537.6,10543.3,265
2026-06-29 18:15:00+00:00,10543.1,10543.3,10537.1,10541.3,215
2026-06-29 18:30:00+00:00,10541.1,10544.3,10538.1,10542.3,242
2026-06-29 18:45:00+00:00,10542.6,10546.1,10540.8,10543.1,218
2026-06-29 19:00:00+00:00,10542.8,10544.1,10540.3,10541.6,241
2026-06-29 19:15:00+00:00,10541.8,10545.3,10540.1,10543.3,228
2026-06-29 19:30:00+00:00,10543.1,10544.3,10538.1,10540.1,275
2026-06-29 19:45:00+00:00,10539.6,10551.1,10534.3,10547.8,604
2026-06-29 20:00:00+00:00,10546.6,10547.2,10540.8,10546.4,832
2026-06-29 20:30:00+00:00,10546.2,10546.2,10541.5,10542.7,151
2026-06-29 20:45:00+00:00,10542.5,10544.3,10540.0,10542.2,220
2026-06-29 22:00:00+00:00,10542.7,10546.4,10540.5,10542.9,516
2026-06-29 22:15:00+00:00,10543.0,10545.4,10541.9,10542.9,369
2026-06-29 22:30:00+00:00,10543.0,10545.7,10540.3,10544.7,402
2026-06-29 22:45:00+00:00,10544.8,10545.0,10542.2,10543.5,253
2026-06-29 23:00:00+00:00,10543.4,10547.5,10542.7,10545.0,349
2026-06-29 23:15:00+00:00,10545.1,10546.2,10544.0,10545.0,262
2026-06-29 23:30:00+00:00,10544.8,10547.3,10544.0,10545.0,318
2026-06-29 23:45:00+00:00,10544.8,10545.4,10540.5,10545.0,573
2026-06-30 00:00:00+00:00,10541.1,10541.1,10531.3,10533.2,823
2026-06-30 00:15:00+00:00,10533.1,10540.1,10528.0,10528.5,1246
2026-06-30 00:30:00+00:00,10528.4,10530.5,10520.3,10523.8,1366
2026-06-30 00:45:00+00:00,10524.0,10526.8,10521.6,10526.8,1229
2026-06-30 01:00:00+00:00,10526.9,10528.0,10523.1,10527.8,1198
2026-06-30 01:15:00+00:00,10528.0,10536.8,10523.3,10536.8,1074
2026-06-30 01:30:00+00:00,10537.0,10542.9,10530.6,10535.5,1221
2026-06-30 01:45:00+00:00,10535.4,10536.8,10531.5,10535.5,956
2026-06-30 02:00:00+00:00,10535.6,10535.6,10525.5,10526.3,779
2026-06-30 02:15:00+00:00,10526.5,10530.1,10523.4,10529.5,805
2026-06-30 02:30:00+00:00,10529.4,10530.2,10526.8,10527.6,619
2026-06-30 02:45:00+00:00,10527.7,10531.6,10526.7,10527.3,548
2026-06-30 03:00:00+00:00,10527.4,10532.8,10526.8,10529.5,448
2026-06-30 03:15:00+00:00,10529.6,10532.6,10528.5,10530.0,416
2026-06-30 03:30:00+00:00,10530.2,10537.5,10529.6,10535.6,655
2026-06-30 03:45:00+00:00,10535.5,10537.8,10533.2,10533.5,564
2026-06-30 04:00:00+00:00,10534.3,10538.6,10533.3,10538.3,434
2026-06-30 04:15:00+00:00,10538.5,10543.7,10537.5,10543.5,308
2026-06-30 04:30:00+00:00,10543.7,10547.4,10542.5,10546.0,343
2026-06-30 04:45:00+00:00,10545.8,10546.7,10542.0,10543.1,485
2026-06-30 05:00:00+00:00,10543.5,10548.1,10541.1,10546.6,262
2026-06-30 05:15:00+00:00,10546.3,10547.6,10541.8,10542.3,264
2026-06-30 05:30:00+00:00,10542.1,10543.3,10536.3,10539.3,465
2026-06-30 05:45:00+00:00,10538.8,10543.6,10538.3,10540.6,300
2026-06-30 06:00:00+00:00,10541.3,10548.6,10534.8,10536.6,452
2026-06-30 06:15:00+00:00,10536.3,10537.8,10528.1,10535.1,327
2026-06-30 06:30:00+00:00,10535.8,10541.1,10528.1,10530.6,391
2026-06-30 06:45:00+00:00,10531.1,10542.8,10530.6,10542.3,358
2026-06-30 07:00:00+00:00,10540.8,10546.3,10526.6,10526.6,1933
2026-06-30 07:15:00+00:00,10527.1,10537.6,10523.1,10530.3,998
2026-06-30 07:30:00+00:00,10530.6,10556.6,10527.6,10555.6,924
2026-06-30 07:45:00+00:00,10555.3,10558.8,10538.6,10540.1,716
2026-06-30 08:00:00+00:00,10541.3,10552.1,10539.8,10542.1,883
2026-06-30 08:15:00+00:00,10542.3,10561.1,10537.1,10559.6,761
2026-06-30 08:30:00+00:00,10559.8,10563.3,10545.3,10549.1,779
2026-06-30 08:45:00+00:00,10549.6,10559.1,10548.6,10555.3,547
2026-06-30 09:00:00+00:00,10555.8,10577.3,10554.6,10577.1,715
2026-06-30 09:15:00+00:00,10577.3,10585.3,10576.6,10582.1,633
2026-06-30 09:30:00+00:00,10582.6,10596.1,10579.8,10593.3,565
2026-06-30 09:45:00+00:00,10593.6,10610.6,10592.8,10607.6,646
2026-06-30 10:00:00+00:00,10608.3,10622.6,10605.1,10620.8,706
2026-06-30 10:15:00+00:00,10621.1,10627.6,10616.1,10624.3,616
2026-06-30 10:30:00+00:00,10624.6,10630.8,10623.3,10628.1,664
2026-06-30 10:45:00+00:00,10627.6,10638.8,10627.6,10629.1,527
2026-06-30 11:00:00+00:00,10628.3,10637.6,10624.3,10633.6,567
2026-06-30 11:15:00+00:00,10633.1,10633.6,10627.6,10629.6,526
2026-06-30 11:30:00+00:00,10629.8,10640.3,10629.3,10640.1,491
2026-06-30 11:45:00+00:00,10639.3,10641.3,10633.8,10634.1,407
2026-06-30 12:00:00+00:00,10633.6,10634.6,10605.6,10605.8,728
2026-06-30 12:15:00+00:00,10606.1,10606.8,10588.3,10591.1,801
2026-06-30 12:30:00+00:00,10590.6,10599.8,10586.3,10598.3,760
2026-06-30 12:45:00+00:00,10598.8,10602.1,10586.8,10592.1,555
2026-06-30 13:00:00+00:00,10592.6,10593.1,10569.3,10579.6,832
2026-06-30 13:15:00+00:00,10579.3,10587.8,10575.8,10580.1,715
2026-06-30 13:30:00+00:00,10580.3,10587.3,10557.6,10567.3,1987
2026-06-30 13:45:00+00:00,10567.6,10579.3,10563.6,10567.1,1134
2026-06-30 14:00:00+00:00,10566.6,10571.3,10556.8,10558.3,1437
2026-06-30 14:15:00+00:00,10557.8,10561.1,10545.1,10549.1,1186
2026-06-30 14:30:00+00:00,10548.8,10552.6,10536.3,10539.3,1175
2026-06-30 14:45:00+00:00,10539.1,10541.8,10526.3,10527.6,1175
2026-06-30 15:00:00+00:00,10527.3,10555.8,10526.3,10551.3,1162
2026-06-30 15:15:00+00:00,10550.8,10551.1,10534.1,10535.1,1393
2026-06-30 15:30:00+00:00,10535.3,10540.1,10522.1,10525.3,1939
2026-06-30 15:45:00+00:00,10525.6,10531.3,10519.8,10523.1,575
2026-06-30 16:00:00+00:00,10522.6,10530.1,10519.6,10530.1,496
2026-06-30 16:15:00+00:00,10529.8,10531.8,10523.8,10526.6,296
2026-06-30 16:30:00+00:00,10526.3,10527.6,10521.8,10525.8,282
2026-06-30 16:45:00+00:00,10525.3,10525.6,10521.3,10521.8,228
2026-06-30 17:00:00+00:00,10521.6,10524.8,10519.6,10519.8,224
2026-06-30 17:15:00+00:00,10520.1,10523.8,10517.8,10523.3,223
2026-06-30 17:30:00+00:00,10523.8,10530.3,10523.8,10526.3,158
2026-06-30 17:45:00+00:00,10526.8,10533.3,10526.3,10532.8,155
2026-06-30 18:00:00+00:00,10532.3,10536.1,10530.8,10536.1,143
2026-06-30 18:15:00+00:00,10536.3,10538.8,10533.3,10534.1,153
2026-06-30 18:30:00+00:00,10533.6,10536.8,10531.1,10536.8,147
2026-06-30 18:45:00+00:00,10537.1,10545.6,10536.8,10544.6,200
2026-06-30 19:00:00+00:00,10544.3,10546.1,10540.1,10543.8,240
2026-06-30 19:15:00+00:00,10544.1,10547.6,10541.1,10541.3,262
2026-06-30 19:30:00+00:00,10541.6,10542.1,10532.1,10534.1,367
2026-06-30 19:45:00+00:00,10534.6,10543.6,10529.8,10543.5,869
2026-06-30 20:00:00+00:00,10542.3,10547.7,10536.9,10540.1,940
2026-06-30 20:30:00+00:00,10537.2,10538.4,10535.5,10535.5,111
2026-06-30 20:45:00+00:00,10535.2,10537.2,10533.4,10536.7,177
2026-06-30 22:00:00+00:00,10540.1,10541.8,10538.2,10541.1,313
2026-06-30 22:15:00+00:00,10541.2,10545.2,10541.1,10544.9,307
2026-06-30 22:30:00+00:00,10544.8,10544.8,10541.3,10542.1,263
2026-06-30 22:45:00+00:00,10541.8,10542.1,10536.7,10538.2,218
2026-06-30 23:00:00+00:00,10538.3,10540.6,10536.9,10538.5,313
2026-06-30 23:15:00+00:00,10538.4,10541.1,10537.4,10538.9,230
2026-06-30 23:30:00+00:00,10539.0,10541.6,10538.4,10539.6,305
2026-06-30 23:45:00+00:00,10539.9,10541.8,10536.7,10539.9,548
2026-07-01 00:00:00+00:00,10527.7,10533.8,10524.3,10527.8,890
2026-07-01 00:15:00+00:00,10527.9,10534.7,10526.8,10528.6,981
2026-07-01 00:30:00+00:00,10528.5,10533.0,10526.5,10531.6,695
2026-07-01 00:45:00+00:00,10531.7,10534.2,10528.3,10528.3,558
2026-07-01 01:00:00+00:00,10528.9,10531.5,10516.6,10519.6,998
2026-07-01 01:15:00+00:00,10519.7,10519.9,10509.4,10512.0,987
2026-07-01 01:30:00+00:00,10512.2,10513.8,10506.7,10508.3,843
2026-07-01 01:45:00+00:00,10507.9,10507.9,10494.7,10495.6,665
2026-07-01 02:00:00+00:00,10495.4,10496.2,10480.4,10482.4,961
2026-07-01 02:15:00+00:00,10482.3,10498.6,10478.0,10496.9,952
2026-07-01 02:30:00+00:00,10496.8,10504.9,10496.6,10503.9,586
2026-07-01 02:45:00+00:00,10504.1,10505.1,10498.2,10498.2,583
2026-07-01 03:00:00+00:00,10498.6,10503.3,10496.8,10502.8,488
2026-07-01 03:15:00+00:00,10502.6,10503.9,10499.5,10500.6,569
2026-07-01 03:30:00+00:00,10501.0,10504.8,10499.5,10501.1,806
2026-07-01 03:45:00+00:00,10501.3,10506.9,10500.1,10503.6,421
2026-07-01 04:00:00+00:00,10503.1,10503.3,10499.2,10499.9,648
2026-07-01 04:15:00+00:00,10499.8,10503.9,10499.0,10501.6,437
2026-07-01 04:30:00+00:00,10501.8,10506.1,10501.1,10505.8,644
2026-07-01 04:45:00+00:00,10505.6,10512.1,10505.2,10507.0,581
2026-07-01 05:00:00+00:00,10507.0,10508.8,10503.6,10504.6,307
2026-07-01 05:15:00+00:00,10504.8,10505.3,10501.8,10502.6,283
2026-07-01 05:30:00+00:00,10502.8,10505.6,10501.1,10503.8,400
2026-07-01 05:45:00+00:00,10504.0,10512.8,10502.8,10512.3,550
2026-07-01 06:00:00+00:00,10513.0,10521.1,10507.1,10507.6,556
2026-07-01 06:15:00+00:00,10507.1,10509.8,10504.1,10507.1,331
2026-07-01 06:30:00+00:00,10507.8,10514.6,10501.1,10511.6,446
2026-07-01 06:45:00+00:00,10511.8,10516.1,10503.1,10512.6,437
2026-07-01 07:00:00+00:00,10513.1,10516.1,10463.1,10472.8,2528
2026-07-01 07:15:00+00:00,10472.6,10509.1,10472.6,10508.8,1546
2026-07-01 07:30:00+00:00,10509.1,10525.6,10508.3,10518.8,957
2026-07-01 07:45:00+00:00,10519.1,10531.3,10512.1,10529.1,828
2026-07-01 08:00:00+00:00,10528.3,10529.6,10513.6,10515.1,851
2026-07-01 08:15:00+00:00,10514.8,10523.8,10507.6,10514.1,790
2026-07-01 08:30:00+00:00,10514.3,10514.8,10507.3,10513.1,680
2026-07-01 08:45:00+00:00,10513.3,10513.8,10502.1,10511.1,774
2026-07-01 09:00:00+00:00,10511.6,10513.6,10489.8,10496.3,774
2026-07-01 09:15:00+00:00,10496.8,10509.1,10496.8,10499.8,515
2026-07-01 09:30:00+00:00,10500.3,10501.6,10489.1,10493.6,499
2026-07-01 09:45:00+00:00,10493.3,10496.6,10487.3,10493.1,590
2026-07-01 10:00:00+00:00,10492.8,10495.6,10473.3,10478.6,723
2026-07-01 10:15:00+00:00,10478.8,10479.6,10471.6,10478.1,638
2026-07-01 10:30:00+00:00,10477.8,10480.1,10470.8,10475.1,536
2026-07-01 10:45:00+00:00,10475.3,10480.3,10470.3,10476.1,698
2026-07-01 11:00:00+00:00,10475.6,10487.6,10473.6,10482.1,571
2026-07-01 11:15:00+00:00,10482.3,10486.3,10476.1,10476.6,548
2026-07-01 11:30:00+00:00,10476.3,10477.1,10461.6,10464.3,663
2026-07-01 11:45:00+00:00,10464.6,10464.6,10455.1,10457.3,681
2026-07-01 12:00:00+00:00,10457.1,10458.8,10447.8,10451.8,783
2026-07-01 12:15:00+00:00,10452.5,10458.6,10446.8,10454.8,852
2026-07-01 12:30:00+00:00,10455.3,10462.8,10452.1,10462.1,1114
2026-07-01 12:45:00+00:00,10461.8,10472.8,10461.6,10463.1,850
2026-07-01 13:00:00+00:00,10462.6,10470.6,10453.1,10463.6,1204
2026-07-01 13:15:00+00:00,10463.8,10475.6,10459.3,10469.1,1329
2026-07-01 13:30:00+00:00,10469.3,10485.8,10463.1,10485.6,2482
2026-07-01 13:45:00+00:00,10485.1,10493.8,10474.3,10479.1,1790
2026-07-01 14:00:00+00:00,10479.3,10479.8,10465.8,10471.6,1667
2026-07-01 14:15:00+00:00,10471.1,10484.6,10468.8,10474.8,1376
2026-07-01 14:30:00+00:00,10475.1,10476.3,10458.6,10461.8,1346
2026-07-01 14:45:00+00:00,10462.3,10465.8,10458.8,10464.8,1323
2026-07-01 15:00:00+00:00,10465.1,10487.3,10465.1,10480.1,1250
2026-07-01 15:15:00+00:00,10479.3,10506.3,10477.8,10506.3,1307
2026-07-01 15:30:00+00:00,10506.1,10513.3,10494.8,10512.8,1738
2026-07-01 15:45:00+00:00,10512.3,10523.1,10511.3,10517.6,669
2026-07-01 16:00:00+00:00,10517.8,10518.8,10512.6,10518.8,554
2026-07-01 16:15:00+00:00,10518.3,10521.6,10512.3,10518.1,418
2026-07-01 16:30:00+00:00,10518.3,10522.8,10513.6,10517.1,364
2026-07-01 16:45:00+00:00,10516.8,10518.3,10499.6,10500.6,489
2026-07-01 17:00:00+00:00,10500.8,10504.1,10495.3,10498.3,556
2026-07-01 17:15:00+00:00,10498.8,10507.8,10498.1,10504.6,298
2026-07-01 17:30:00+00:00,10504.8,10507.6,10500.1,10503.3,337
2026-07-01 17:45:00+00:00,10502.6,10505.8,10500.8,10504.3,311
2026-07-01 18:00:00+00:00,10503.8,10508.8,10502.1,10502.1,336
2026-07-01 18:15:00+00:00,10501.6,10507.1,10499.3,10503.3,344
2026-07-01 18:30:00+00:00,10503.6,10503.6,10494.3,10497.6,310
2026-07-01 18:45:00+00:00,10497.8,10500.6,10494.1,10496.8,389
2026-07-01 19:00:00+00:00,10497.1,10502.3,10494.6,10501.1,384
2026-07-01 19:15:00+00:00,10500.8,10501.1,10491.1,10492.1,389
2026-07-01 19:30:00+00:00,10491.8,10498.3,10490.1,10493.8,400
2026-07-01 19:45:00+00:00,10493.6,10499.6,10488.1,10494.8,826
2026-07-01 20:00:00+00:00,10493.6,10493.8,10481.1,10487.0,1052
2026-07-01 20:30:00+00:00,10483.7,10484.7,10477.8,10482.2,361
2026-07-01 20:45:00+00:00,10482.7,10485.9,10480.8,10484.9,278
2026-07-01 22:00:00+00:00,10489.4,10494.0,10487.8,10487.8,396
2026-07-01 22:15:00+00:00,10487.9,10494.3,10487.7,10493.6,399
2026-07-01 22:30:00+00:00,10493.5,10495.5,10493.0,10494.5,285
2026-07-01 22:45:00+00:00,10494.7,10496.7,10491.6,10495.7,333
2026-07-01 23:00:00+00:00,10495.8,10496.0,10491.6,10492.1,367
2026-07-01 23:15:00+00:00,10491.6,10493.3,10491.1,10493.0,266
2026-07-01 23:30:00+00:00,10493.2,10493.5,10490.1,10493.3,335
2026-07-01 23:45:00+00:00,10493.2,10493.2,10485.0,10490.6,991
2026-07-02 00:00:00+00:00,10482.5,10489.7,10470.8,10484.5,1262
2026-07-02 00:15:00+00:00,10484.6,10489.8,10477.7,10489.5,1668
2026-07-02 00:30:00+00:00,10490.3,10494.0,10478.8,10482.0,1557
2026-07-02 00:45:00+00:00,10482.2,10499.5,10481.8,10496.4,1783
2026-07-02 01:00:00+00:00,10496.2,10504.8,10494.9,10503.8,1606
2026-07-02 01:15:00+00:00,10504.0,10507.0,10501.2,10505.5,1077
2026-07-02 01:30:00+00:00,10505.6,10517.6,10505.6,10517.5,1213
2026-07-02 01:45:00+00:00,10517.4,10519.0,10511.6,10512.5,890
2026-07-02 02:00:00+00:00,10512.7,10513.8,10509.4,10512.8,895
2026-07-02 02:15:00+00:00,10513.0,10515.0,10507.1,10507.4,876
2026-07-02 02:30:00+00:00,10508.0,10508.6,10504.0,10505.3,858
2026-07-02 02:45:00+00:00,10505.1,10508.4,10504.8,10506.0,569
2026-07-02 03:00:00+00:00,10506.3,10510.2,10505.1,10509.1,639
2026-07-02 03:15:00+00:00,10509.0,10509.8,10503.0,10506.8,611
2026-07-02 03:30:00+00:00,10507.2,10514.3,10506.9,10514.0,1019
2026-07-02 03:45:00+00:00,10513.9,10517.8,10510.6,10516.6,1089
2026-07-02 04:00:00+00:00,10516.9,10517.8,10506.6,10507.3,898
2026-07-02 04:15:00+00:00,10507.4,10507.5,10500.9,10503.0,1013
2026-07-02 04:30:00+00:00,10503.2,10503.4,10491.0,10492.3,1610
2026-07-02 04:45:00+00:00,10492.1,10499.8,10491.3,10497.3,790
2026-07-02 05:00:00+00:00,10497.1,10505.1,10493.8,10501.5,606
2026-07-02 05:15:00+00:00,10501.3,10502.6,10493.8,10494.6,457
2026-07-02 05:30:00+00:00,10494.8,10495.3,10483.8,10486.6,840
2026-07-02 05:45:00+00:00,10486.8,10491.0,10485.3,10489.3,571
2026-07-02 06:00:00+00:00,10490.5,10494.0,10478.8,10482.1,625
2026-07-02 06:15:00+00:00,10481.6,10483.8,10472.3,10474.6,510
2026-07-02 06:30:00+00:00,10474.3,10480.1,10470.1,10471.1,372
2026-07-02 06:45:00+00:00,10470.1,10471.3,10462.6,10464.8,580
2026-07-02 07:00:00+00:00,10464.3,10503.6,10455.6,10488.1,2406
2026-07-02 07:15:00+00:00,10487.8,10513.1,10486.6,10509.6,1324
2026-07-02 07:30:00+00:00,10509.8,10523.8,10504.1,10522.3,1057
2026-07-02 07:45:00+00:00,10522.8,10526.8,10516.8,10521.6,944
2026-07-02 08:00:00+00:00,10522.1,10552.1,10521.8,10542.8,1256
2026-07-02 08:15:00+00:00,10543.1,10554.3,10537.3,10551.1,924
2026-07-02 08:30:00+00:00,10550.6,10554.6,10544.3,10545.1,859
2026-07-02 08:45:00+00:00,10544.8,10553.6,10544.1,10545.1,772
2026-07-02 09:00:00+00:00,10545.8,10548.6,10538.8,10544.8,797
2026-07-02 09:15:00+00:00,10545.3,10551.8,10542.6,10550.3,631
2026-07-02 09:30:00+00:00,10550.1,10551.1,10546.3,10546.8,571
2026-07-02 09:45:00+00:00,10546.1,10550.3,10540.1,10550.1,567
2026-07-02 10:00:00+00:00,10550.3,10550.3,10536.1,10541.1,614
2026-07-02 10:15:00+00:00,10541.3,10546.3,10539.8,10541.8,481
2026-07-02 10:30:00+00:00,10542.6,10549.8,10542.6,10545.8,438
2026-07-02 10:45:00+00:00,10546.3,10553.1,10543.8,10550.3,446
2026-07-02 11:00:00+00:00,10550.1,10551.8,10544.1,10545.1,584
2026-07-02 11:15:00+00:00,10544.8,10548.3,10541.3,10541.6,389
2026-07-02 11:30:00+00:00,10541.8,10547.3,10538.8,10543.6,464
2026-07-02 11:45:00+00:00,10543.8,10554.3,10543.3,10551.6,467
2026-07-02 12:00:00+00:00,10551.3,10561.6,10549.6,10561.3,723
2026-07-02 12:15:00+00:00,10561.6,10575.3,10561.6,10573.5,942
2026-07-02 12:30:00+00:00,10575.0,10593.3,10572.6,10592.3,2148
2026-07-02 12:45:00+00:00,10592.1,10598.1,10577.8,10583.1,1157
2026-07-02 13:00:00+00:00,10583.3,10597.1,10580.6,10594.6,1047
2026-07-02 13:15:00+00:00,10594.8,10624.1,10592.1,10622.1,1071
2026-07-02 13:30:00+00:00,10622.6,10668.1,10620.1,10665.8,2846
2026-07-02 13:45:00+00:00,10665.6,10683.6,10659.8,10671.8,2131
2026-07-02 14:00:00+00:00,10671.6,10675.1,10654.1,10672.8,1932
2026-07-02 14:15:00+00:00,10673.1,10682.6,10669.8,10674.8,1940
2026-07-02 14:30:00+00:00,10675.3,10692.1,10673.6,10690.1,1867
2026-07-02 14:45:00+00:00,10689.6,10708.1,10689.1,10708.1,1649
2026-07-02 15:00:00+00:00,10708.3,10717.8,10696.3,10712.3,2037
2026-07-02 15:15:00+00:00,10712.1,10714.3,10683.6,10684.6,2190
2026-07-02 15:30:00+00:00,10684.8,10697.8,10673.8,10686.3,2508
2026-07-02 15:45:00+00:00,10686.1,10690.6,10666.3,10670.3,1268
2026-07-02 16:00:00+00:00,10670.6,10684.6,10664.6,10681.6,1013
2026-07-02 16:15:00+00:00,10681.3,10686.1,10669.6,10670.3,927
2026-07-02 16:30:00+00:00,10670.8,10671.3,10662.6,10668.6,991
2026-07-02 16:45:00+00:00,10668.8,10673.6,10664.6,10669.1,770
2026-07-02 17:00:00+00:00,10668.8,10671.3,10654.8,10656.6,1007
2026-07-02 17:15:00+00:00,10656.8,10662.1,10655.8,10657.6,633
2026-07-02 17:30:00+00:00,10657.1,10662.1,10648.1,10651.1,849
2026-07-02 17:45:00+00:00,10650.8,10653.6,10643.6,10645.1,754
2026-07-02 18:00:00+00:00,10644.6,10651.6,10641.6,10649.1,820
2026-07-02 18:15:00+00:00,10649.3,10656.3,10645.8,10650.8,531
2026-07-02 18:30:00+00:00,10650.6,10662.3,10647.6,10660.8,614
2026-07-02 18:45:00+00:00,10661.1,10667.1,10659.6,10665.3,417
2026-07-02 19:00:00+00:00,10665.8,10666.3,10649.8,10658.3,729
2026-07-02 19:15:00+00:00,10658.1,10661.1,10655.1,10659.3,487
2026-07-02 19:30:00+00:00,10659.6,10671.1,10659.3,10670.8,526
2026-07-02 19:45:00+00:00,10670.6,10698.6,10666.8,10696.8,1134
2026-07-02 20:00:00+00:00,10695.5,10695.5,10687.0,10693.3,910
2026-07-02 20:30:00+00:00,10690.5,10693.8,10688.5,10688.8,307
2026-07-02 20:45:00+00:00,10688.9,10693.5,10688.5,10692.5,309
2026-07-02 22:00:00+00:00,10695.5,10698.2,10693.3,10697.7,230
2026-07-02 22:15:00+00:00,10698.0,10700.5,10697.9,10698.2,241
2026-07-02 22:30:00+00:00,10698.1,10704.5,10696.5,10703.5,381
2026-07-02 22:45:00+00:00,10703.3,10703.8,10700.7,10703.5,256
2026-07-02 23:00:00+00:00,10703.3,10703.8,10697.6,10697.7,470
2026-07-02 23:15:00+00:00,10697.9,10704.9,10697.9,10704.2,531
2026-07-02 23:30:00+00:00,10704.1,10705.7,10700.7,10700.7,545
2026-07-02 23:45:00+00:00,10701.0,10704.7,10700.3,10703.6,873
2026-07-03 00:00:00+00:00,10708.2,10708.2,10690.5,10701.7,1480
2026-07-03 00:15:00+00:00,10701.6,10704.5,10688.3,10689.4,1919
2026-07-03 00:30:00+00:00,10689.5,10690.4,10680.8,10685.7,1545
2026-07-03 00:45:00+00:00,10685.5,10687.8,10682.4,10686.2,1300
2026-07-03 01:00:00+00:00,10686.9,10713.6,10686.6,10711.0,1598
2026-07-03 01:15:00+00:00,10711.1,10720.1,10708.4,10716.0,1335
2026-07-03 01:30:00+00:00,10715.8,10722.3,10712.7,10717.8,1141
2026-07-03 01:45:00+00:00,10718.1,10720.1,10713.5,10717.5,959
2026-07-03 02:00:00+00:00,10717.6,10721.4,10715.3,10715.8,843
2026-07-03 02:15:00+00:00,10715.6,10719.8,10712.6,10714.0,593
2026-07-03 02:30:00+00:00,10713.8,10714.0,10709.8,10710.3,539
2026-07-03 02:45:00+00:00,10710.4,10715.4,10710.3,10715.0,367
2026-07-03 03:00:00+00:00,10714.9,10719.4,10713.5,10719.3,545
2026-07-03 03:15:00+00:00,10719.4,10723.2,10717.7,10723.0,360
2026-07-03 03:30:00+00:00,10723.1,10727.5,10716.9,10716.9,765
2026-07-03 03:45:00+00:00,10717.1,10722.2,10716.4,10721.6,555
2026-07-03 04:00:00+00:00,10721.4,10722.8,10719.4,10721.1,414
2026-07-03 04:15:00+00:00,10721.3,10724.5,10720.3,10723.9,298
2026-07-03 04:30:00+00:00,10723.7,10723.7,10718.1,10720.6,323
2026-07-03 04:45:00+00:00,10721.0,10722.1,10713.5,10713.6,431
2026-07-03 05:00:00+00:00,10713.5,10715.1,10699.8,10700.6,416
2026-07-03 05:15:00+00:00,10701.3,10702.6,10697.3,10700.8,307
2026-07-03 05:30:00+00:00,10700.6,10707.1,10700.1,10702.6,285
2026-07-03 05:45:00+00:00,10702.8,10709.1,10700.1,10706.8,366
2026-07-03 06:00:00+00:00,10708.1,10721.6,10705.8,10716.1,434
2026-07-03 06:15:00+00:00,10716.3,10716.8,10706.1,10707.3,333
2026-07-03 06:30:00+00:00,10707.6,10718.3,10706.6,10715.1,384
2026-07-03 06:45:00+00:00,10714.8,10722.1,10706.6,10719.1,404
2026-07-03 07:00:00+00:00,10718.6,10721.8,10700.6,10709.1,1824
2026-07-03 07:15:00+00:00,10708.8,10715.6,10703.6,10706.6,973
2026-07-03 07:30:00+00:00,10706.1,10712.3,10695.3,10696.1,856
2026-07-03 07:45:00+00:00,10695.8,10697.1,10681.6,10682.1,656
2026-07-03 08:00:00+00:00,10682.3,10682.3,10670.8,10673.6,737
2026-07-03 08:15:00+00:00,10673.1,10678.3,10665.1,10665.8,570
2026-07-03 08:30:00+00:00,10666.1,10668.3,10646.6,10648.3,696
2026-07-03 08:45:00+00:00,10648.6,10650.1,10634.8,10638.8,760
2026-07-03 09:00:00+00:00,10639.1,10641.1,10627.8,10631.3,735
2026-07-03 09:15:00+00:00,10630.8,10634.6,10620.8,10622.8,721
2026-07-03 09:30:00+00:00,10623.1,10632.6,10620.1,10632.1,632
2026-07-03 09:45:00+00:00,10632.3,10640.8,10628.8,10639.6,618
2026-07-03 10:00:00+00:00,10640.3,10649.8,10639.8,10645.6,588
2026-07-03 10:15:00+00:00,10645.1,10645.1,10637.1,10639.6,408
2026-07-03 10:30:00+00:00,10640.1,10643.3,10634.1,10637.1,401
2026-07-03 10:45:00+00:00,10637.3,10641.1,10633.1,10637.3,384
2026-07-03 11:00:00+00:00,10637.6,10638.1,10624.8,10624.8,491
2026-07-03 11:15:00+00:00,10625.1,10631.3,10619.8,10622.8,390
2026-07-03 11:30:00+00:00,10622.6,10635.6,10622.3,10635.1,299
2026-07-03 11:45:00+00:00,10634.8,10647.6,10634.6,10647.1,280
2026-07-03 12:00:00+00:00,10647.6,10658.8,10647.6,10658.3,386
2026-07-03 12:15:00+00:00,10658.8,10659.6,10650.6,10654.1,396
2026-07-03 12:30:00+00:00,10653.8,10656.3,10648.8,10655.3,348
2026-07-03 12:45:00+00:00,10655.6,10661.1,10655.1,10660.3,345
2026-07-03 13:00:00+00:00,10660.6,10667.8,10660.1,10661.1,405
2026-07-03 13:15:00+00:00,10661.6,10670.3,10658.6,10666.3,326
2026-07-03 13:30:00+00:00,10666.6,10673.6,10662.3,10673.1,595
2026-07-03 13:45:00+00:00,10673.3,10684.1,10672.1,10683.8,553
2026-07-03 14:00:00+00:00,10683.3,10687.8,10677.1,10677.3,455
2026-07-03 14:15:00+00:00,10677.6,10681.3,10673.1,10675.6,426
2026-07-03 14:30:00+00:00,10675.3,10688.3,10675.3,10686.6,401
2026-07-03 14:45:00+00:00,10686.3,10698.8,10686.1,10693.8,442
2026-07-03 15:00:00+00:00,10694.1,10694.1,10682.6,10692.6,514
2026-07-03 15:15:00+00:00,10692.8,10695.1,10688.3,10690.6,423
2026-07-03 15:30:00+00:00,10690.8,10701.1,10684.3,10696.1,795
2026-07-03 15:45:00+00:00,10695.8,10697.8,10687.8,10688.8,210
2026-07-03 16:00:00+00:00,10689.1,10693.8,10687.8,10692.3,156
2026-07-03 16:15:00+00:00,10692.1,10692.3,10684.3,10684.8,203
2026-07-03 16:30:00+00:00,10684.3,10687.3,10682.1,10685.1,189
2026-07-03 16:45:00+00:00,10685.3,10685.6,10681.3,10681.6,152
2026-07-03 17:00:00+00:00,10681.3,10681.3,10677.8,10678.3,153
2026-07-03 17:15:00+00:00,10678.8,10678.8,10676.1,10676.1,211
2026-07-03 17:30:00+00:00,10676.3,10676.6,10675.3,10675.6,94
2026-07-03 17:45:00+00:00,10675.1,10677.1,10674.8,10676.3,27
2026-07-03 18:00:00+00:00,10675.6,10676.6,10674.7,10674.7,23
2026-07-03 18:15:00+00:00,10674.7,10676.1,10674.7,10675.1,78
2026-07-03 18:30:00+00:00,10675.3,10675.3,10672.7,10673.6,50
2026-07-03 18:45:00+00:00,10673.3,10673.3,10669.3,10670.1,43
2026-07-03 19:00:00+00:00,10669.8,10670.6,10668.1,10668.6,197
2026-07-03 19:15:00+00:00,10668.8,10670.1,10667.6,10669.3,83
2026-07-03 19:30:00+00:00,10669.6,10672.1,10666.3,10668.6,163
2026-07-03 19:45:00+00:00,10668.8,10669.6,10652.8,10654.0,351
2026-07-05 22:00:00+00:00,10666.5,10669.5,10664.0,10668.9,579
2026-07-05 22:15:00+00:00,10669.0,10673.8,10667.8,10673.1,617
2026-07-05 22:30:00+00:00,10673.2,10677.7,10673.2,10677.2,486
2026-07-05 22:45:00+00:00,10676.9,10679.4,10673.5,10674.2,370
2026-07-05 23:00:00+00:00,10674.3,10679.9,10672.5,10679.6,617
2026-07-05 23:15:00+00:00,10679.4,10680.4,10676.2,10676.9,350
2026-07-05 23:30:00+00:00,10676.4,10679.9,10659.4,10672.1,337
2026-07-05 23:45:00+00:00,10672.0,10677.3,10670.9,10676.1,812
2026-07-06 00:00:00+00:00,10677.8,10678.2,10664.4,10668.0,1104
2026-07-06 00:15:00+00:00,10667.9,10679.2,10667.9,10671.7,1381
2026-07-06 00:30:00+00:00,10671.6,10684.3,10670.2,10684.0,1044
2026-07-06 00:45:00+00:00,10684.1,10687.1,10684.1,10684.8,994
2026-07-06 01:00:00+00:00,10685.1,10686.2,10676.8,10682.7,1071
2026-07-06 01:15:00+00:00,10682.6,10690.7,10681.8,10686.4,1096
2026-07-06 01:30:00+00:00,10686.5,10695.0,10685.3,10689.2,1156
2026-07-06 01:45:00+00:00,10689.0,10689.0,10678.3,10687.6,1189
2026-07-06 02:00:00+00:00,10688.2,10690.5,10681.4,10684.4,1184
2026-07-06 02:15:00+00:00,10684.5,10689.6,10684.4,10685.5,1008
2026-07-06 02:30:00+00:00,10685.6,10686.4,10678.8,10679.4,953
2026-07-06 02:45:00+00:00,10679.3,10683.9,10679.0,10683.3,803
2026-07-06 03:00:00+00:00,10683.0,10684.4,10677.3,10678.3,851
2026-07-06 03:15:00+00:00,10678.6,10679.0,10672.8,10675.6,650
2026-07-06 03:30:00+00:00,10675.9,10678.8,10673.4,10673.6,893
2026-07-06 03:45:00+00:00,10673.7,10676.6,10670.4,10676.1,813
2026-07-06 04:00:00+00:00,10676.6,10679.8,10674.2,10679.5,714
2026-07-06 04:15:00+00:00,10679.3,10679.3,10674.6,10677.0,569
2026-07-06 04:30:00+00:00,10676.8,10680.8,10675.9,10679.4,581
2026-07-06 04:45:00+00:00,10679.3,10682.4,10678.0,10682.3,440
2026-07-06 05:00:00+00:00,10682.6,10683.8,10680.1,10681.3,380
2026-07-06 05:15:00+00:00,10681.1,10682.3,10678.3,10680.3,358
2026-07-06 05:30:00+00:00,10679.8,10689.1,10677.6,10686.8,358
2026-07-06 05:45:00+00:00,10686.5,10686.8,10678.6,10679.0,436
2026-07-06 06:00:00+00:00,10680.3,10687.6,10676.3,10678.6,425
2026-07-06 06:15:00+00:00,10679.1,10684.1,10675.1,10682.1,277
2026-07-06 06:30:00+00:00,10681.1,10681.6,10675.3,10678.1,311
2026-07-06 06:45:00+00:00,10678.6,10699.6,10673.6,10697.1,385
2026-07-06 07:00:00+00:00,10697.3,10726.1,10689.1,10723.8,1909
2026-07-06 07:15:00+00:00,10724.1,10736.3,10718.3,10735.3,949
2026-07-06 07:30:00+00:00,10735.6,10745.6,10729.8,10740.1,770
2026-07-06 07:45:00+00:00,10739.8,10747.1,10736.8,10745.1,628
2026-07-06 08:00:00+00:00,10745.3,10749.8,10741.3,10745.6,708
2026-07-06 08:15:00+00:00,10745.8,10752.1,10740.8,10750.6,455
2026-07-06 08:30:00+00:00,10751.1,10751.6,10730.3,10730.3,500
2026-07-06 08:45:00+00:00,10730.6,10731.6,10716.1,10716.6,464
2026-07-06 09:00:00+00:00,10716.1,10716.6,10691.1,10697.6,759
2026-07-06 09:15:00+00:00,10698.1,10705.8,10692.8,10700.1,515
2026-07-06 09:30:00+00:00,10700.3,10702.1,10692.1,10699.6,424
2026-07-06 09:45:00+00:00,10699.8,10700.6,10684.1,10684.6,487
2026-07-06 10:00:00+00:00,10684.8,10687.3,10678.1,10683.6,530
2026-07-06 10:15:00+00:00,10683.1,10687.1,10677.3,10680.1,402
2026-07-06 10:30:00+00:00,10680.3,10682.3,10672.3,10673.6,360
2026-07-06 10:45:00+00:00,10673.8,10675.8,10670.3,10670.6,384
2026-07-06 11:00:00+00:00,10671.1,10673.3,10667.1,10670.6,413
2026-07-06 11:15:00+00:00,10670.8,10672.8,10663.1,10664.1,368
2026-07-06 11:30:00+00:00,10663.6,10664.6,10657.6,10660.8,380
2026-07-06 11:45:00+00:00,10661.1,10661.3,10648.8,10651.8,415
2026-07-06 12:00:00+00:00,10652.1,10657.3,10650.8,10656.6,468
2026-07-06 12:15:00+00:00,10656.8,10665.8,10654.6,10655.1,536
2026-07-06 12:30:00+00:00,10654.8,10670.3,10653.8,10669.8,506
2026-07-06 12:45:00+00:00,10670.1,10673.1,10665.6,10671.6,440
2026-07-06 13:00:00+00:00,10671.1,10671.1,10659.1,10660.1,553
2026-07-06 13:15:00+00:00,10660.3,10670.6,10655.1,10670.1,570
2026-07-06 13:30:00+00:00,10670.6,10677.3,10652.1,10656.6,1834
2026-07-06 13:45:00+00:00,10655.8,10659.1,10642.8,10650.0,1304
2026-07-06 14:00:00+00:00,10649.8,10650.3,10634.6,10639.6,1358
2026-07-06 14:15:00+00:00,10639.3,10647.8,10633.3,10647.6,944
2026-07-06 14:30:00+00:00,10647.8,10652.3,10636.3,10652.1,886
2026-07-06 14:45:00+00:00,10651.8,10654.3,10644.6,10653.8,732
2026-07-06 15:00:00+00:00,10654.1,10656.3,10645.8,10652.3,719
2026-07-06 15:15:00+00:00,10651.8,10667.1,10651.8,10667.1,871
2026-07-06 15:30:00+00:00,10666.3,10669.6,10656.6,10662.1,1265
2026-07-06 15:45:00+00:00,10662.3,10663.6,10651.6,10651.8,494
2026-07-06 16:00:00+00:00,10651.6,10653.1,10646.8,10650.8,361
2026-07-06 16:15:00+00:00,10650.6,10656.8,10649.1,10656.8,243
2026-07-06 16:30:00+00:00,10656.6,10661.6,10655.1,10661.1,207
2026-07-06 16:45:00+00:00,10660.8,10667.3,10660.3,10666.6,206
2026-07-06 17:00:00+00:00,10666.8,10680.3,10666.1,10679.3,269
2026-07-06 17:15:00+00:00,10678.8,10681.6,10677.1,10680.3,209
2026-07-06 17:30:00+00:00,10680.6,10681.1,10669.1,10672.8,300
2026-07-06 17:45:00+00:00,10672.3,10676.6,10671.3,10673.1,270
2026-07-06 18:00:00+00:00,10673.6,10678.6,10671.8,10673.3,232
2026-07-06 18:15:00+00:00,10673.6,10678.1,10673.3,10676.8,159
2026-07-06 18:30:00+00:00,10676.6,10676.6,10670.6,10671.6,158
2026-07-06 18:45:00+00:00,10671.3,10676.8,10670.8,10676.6,182
2026-07-06 19:00:00+00:00,10676.8,10677.1,10670.1,10674.6,219
2026-07-06 19:15:00+00:00,10674.8,10683.6,10673.8,10683.1,204
2026-07-06 19:30:00+00:00,10682.8,10683.3,10678.8,10681.8,300
2026-07-06 19:45:00+00:00,10681.6,10688.6,10681.3,10688.3,559
2026-07-06 20:00:00+00:00,10687.6,10691.2,10685.3,10690.2,516
2026-07-06 20:30:00+00:00,10689.7,10690.7,10689.0,10690.5,97
2026-07-06 20:45:00+00:00,10690.2,10691.9,10688.0,10690.7,193
2026-07-06 22:00:00+00:00,10692.4,10693.3,10690.0,10693.2,244
2026-07-06 22:15:00+00:00,10693.3,10694.6,10692.3,10692.4,233
2026-07-06 22:30:00+00:00,10692.6,10694.4,10691.2,10692.7,234
2026-07-06 22:45:00+00:00,10692.6,10692.6,10686.8,10688.0,423
2026-07-06 23:00:00+00:00,10687.7,10691.7,10687.5,10689.6,349
2026-07-06 23:15:00+00:00,10689.5,10689.7,10685.5,10686.8,384
2026-07-06 23:30:00+00:00,10686.6,10687.7,10683.8,10684.1,301
2026-07-06 23:45:00+00:00,10683.8,10683.8,10678.4,10679.1,639
2026-07-07 00:00:00+00:00,10677.5,10686.5,10677.5,10686.1,847
2026-07-07 00:15:00+00:00,10686.2,10686.5,10676.6,10677.8,1157
2026-07-07 00:30:00+00:00,10677.6,10680.0,10670.3,10674.1,1141
2026-07-07 00:45:00+00:00,10673.3,10681.5,10671.6,10674.3,1041
2026-07-07 01:00:00+00:00,10674.6,10676.3,10670.9,10675.2,1023
2026-07-07 01:15:00+00:00,10675.3,10680.7,10675.1,10679.7,765
2026-07-07 01:30:00+00:00,10679.8,10695.8,10679.7,10693.3,1155
2026-07-07 01:45:00+00:00,10693.5,10697.9,10689.3,10690.0,912
2026-07-07 02:00:00+00:00,10690.2,10693.9,10687.7,10690.8,996
2026-07-07 02:15:00+00:00,10690.9,10691.9,10682.1,10682.1,768
2026-07-07 02:30:00+00:00,10681.9,10682.3,10677.9,10679.1,707
2026-07-07 02:45:00+00:00,10679.0,10680.0,10674.5,10676.0,464
2026-07-07 03:00:00+00:00,10676.1,10681.8,10676.1,10678.8,691
2026-07-07 03:15:00+00:00,10678.6,10678.9,10671.1,10671.5,516
2026-07-07 03:30:00+00:00,10671.7,10677.8,10669.2,10677.3,925
2026-07-07 03:45:00+00:00,10677.2,10677.2,10672.1,10675.3,826
2026-07-07 04:00:00+00:00,10675.4,10678.5,10673.7,10674.8,913
2026-07-07 04:15:00+00:00,10675.0,10675.3,10668.6,10671.3,612
2026-07-07 04:30:00+00:00,10671.7,10673.7,10668.5,10669.3,694
2026-07-07 04:45:00+00:00,10669.6,10670.9,10667.1,10668.8,378
2026-07-07 05:00:00+00:00,10668.6,10668.6,10655.8,10656.3,376
2026-07-07 05:15:00+00:00,10656.6,10670.6,10654.8,10670.6,624
2026-07-07 05:30:00+00:00,10670.8,10680.3,10670.8,10678.1,821
2026-07-07 05:45:00+00:00,10677.1,10686.1,10673.8,10683.1,546
2026-07-07 06:00:00+00:00,10682.8,10686.3,10668.1,10668.1,537
2026-07-07 06:15:00+00:00,10668.3,10675.6,10664.3,10673.1,443
2026-07-07 06:30:00+00:00,10672.8,10676.3,10671.6,10675.8,296
2026-07-07 06:45:00+00:00,10675.6,10682.1,10671.6,10682.1,300
2026-07-07 07:00:00+00:00,10681.8,10697.3,10663.1,10692.6,2651
2026-07-07 07:15:00+00:00,10692.8,10713.8,10690.6,10705.6,1289
2026-07-07 07:30:00+00:00,10705.3,10707.8,10700.1,10705.6,964
2026-07-07 07:45:00+00:00,10706.1,10716.3,10697.1,10714.6,828
2026-07-07 08:00:00+00:00,10714.3,10737.1,10712.1,10731.1,969
2026-07-07 08:15:00+00:00,10731.6,10740.6,10725.6,10725.6,846
2026-07-07 08:30:00+00:00,10725.8,10727.6,10711.8,10715.3,799
2026-07-07 08:45:00+00:00,10715.6,10720.6,10713.8,10713.8,600
2026-07-07 09:00:00+00:00,10713.6,10717.1,10709.8,10714.6,665
2026-07-07 09:15:00+00:00,10714.3,10723.6,10713.6,10718.1,484
2026-07-07 09:30:00+00:00,10718.3,10722.8,10711.8,10716.6,616
2026-07-07 09:45:00+00:00,10717.1,10718.6,10709.8,10712.1,647
2026-07-07 10:00:00+00:00,10712.3,10718.1,10704.6,10704.6,652
2026-07-07 10:15:00+00:00,10705.1,10712.8,10698.8,10699.6,511
2026-07-07 10:30:00+00:00,10699.1,10701.8,10691.3,10692.1,620
2026-07-07 10:45:00+00:00,10692.3,10694.1,10683.6,10686.1,586
2026-07-07 11:00:00+00:00,10686.6,10700.1,10685.1,10692.6,715
2026-07-07 11:15:00+00:00,10692.8,10702.1,10691.6,10696.1,530
2026-07-07 11:30:00+00:00,10696.3,10705.8,10693.3,10704.6,505
2026-07-07 11:45:00+00:00,10704.1,10710.8,10696.6,10709.3,754
2026-07-07 12:00:00+00:00,10709.8,10720.1,10707.6,10715.6,671
2026-07-07 12:15:00+00:00,10715.3,10734.3,10714.8,10732.1,734
2026-07-07 12:30:00+00:00,10732.6,10751.1,10726.1,10736.6,888
2026-07-07 12:45:00+00:00,10737.1,10737.1,10721.8,10729.6,743
2026-07-07 13:00:00+00:00,10730.1,10733.8,10721.8,10732.1,888
2026-07-07 13:15:00+00:00,10732.3,10751.3,10731.3,10750.3,963
2026-07-07 13:30:00+00:00,10750.1,10763.6,10745.6,10746.3,2167
2026-07-07 13:45:00+00:00,10745.8,10749.6,10725.8,10729.3,1701
2026-07-07 14:00:00+00:00,10729.6,10730.6,10704.3,10705.8,1918
2026-07-07 14:15:00+00:00,10706.1,10716.3,10703.3,10712.3,1697
2026-07-07 14:30:00+00:00,10712.6,10716.1,10700.6,10702.1,1495
2026-07-07 14:45:00+00:00,10702.3,10716.3,10698.6,10711.1,1191
2026-07-07 15:00:00+00:00,10711.3,10711.8,10699.3,10701.8,1122
2026-07-07 15:15:00+00:00,10702.3,10707.1,10696.8,10703.8,1202
2026-07-07 15:30:00+00:00,10704.1,10705.1,10675.1,10680.3,1566
2026-07-07 15:45:00+00:00,10680.6,10685.3,10672.6,10677.6,788
2026-07-07 16:00:00+00:00,10677.8,10684.8,10674.1,10676.1,614
2026-07-07 16:15:00+00:00,10676.3,10681.6,10671.6,10678.8,517
2026-07-07 16:30:00+00:00,10678.6,10683.1,10673.8,10679.6,389
2026-07-07 16:45:00+00:00,10679.8,10680.1,10672.8,10675.6,363
2026-07-07 17:00:00+00:00,10675.1,10679.1,10672.8,10676.6,313
2026-07-07 17:15:00+00:00,10676.8,10678.1,10671.1,10676.6,403
2026-07-07 17:30:00+00:00,10676.8,10682.1,10675.6,10678.1,352
2026-07-07 17:45:00+00:00,10677.8,10677.8,10672.3,10675.6,290
2026-07-07 18:00:00+00:00,10676.1,10677.1,10672.8,10677.1,289
2026-07-07 18:15:00+00:00,10677.6,10683.8,10676.3,10683.8,298
2026-07-07 18:30:00+00:00,10684.1,10687.3,10679.1,10684.1,350
2026-07-07 18:45:00+00:00,10684.3,10687.1,10673.6,10680.6,1008
2026-07-07 19:00:00+00:00,10680.8,10681.6,10669.1,10672.1,1000
2026-07-07 19:15:00+00:00,10671.8,10683.6,10664.6,10677.1,959
2026-07-07 19:30:00+00:00,10677.3,10681.3,10674.3,10680.6,598
2026-07-07 19:45:00+00:00,10681.3,10685.1,10669.8,10676.6,829
2026-07-07 20:00:00+00:00,10674.8,10676.0,10671.0,10673.8,643
2026-07-07 20:30:00+00:00,10672.5,10674.8,10671.8,10673.5,153
2026-07-07 20:45:00+00:00,10673.3,10674.5,10672.5,10673.3,123
2026-07-07 22:00:00+00:00,10666.6,10668.8,10664.9,10667.5,410
2026-07-07 22:15:00+00:00,10667.7,10669.2,10666.3,10668.1,337
2026-07-07 22:30:00+00:00,10668.2,10670.2,10666.6,10667.3,344
2026-07-07 22:45:00+00:00,10667.2,10670.5,10665.8,10669.1,365
2026-07-07 23:00:00+00:00,10668.9,10670.8,10666.3,10669.2,528
2026-07-07 23:15:00+00:00,10669.1,10674.8,10668.7,10673.3,370
2026-07-07 23:30:00+00:00,10673.4,10674.3,10665.6,10666.1,506
2026-07-07 23:45:00+00:00,10666.2,10668.3,10659.8,10660.2,918
2026-07-08 00:00:00+00:00,10662.1,10662.3,10637.9,10642.7,1737
2026-07-08 00:15:00+00:00,10642.6,10655.4,10642.6,10650.3,2105
2026-07-08 00:30:00+00:00,10650.1,10663.3,10645.3,10661.9,1713
2026-07-08 00:45:00+00:00,10662.1,10671.0,10661.0,10669.8,1361
2026-07-08 01:00:00+00:00,10670.0,10688.3,10668.0,10687.3,1509
2026-07-08 01:15:00+00:00,10686.8,10687.2,10678.7,10681.7,1459
2026-07-08 01:30:00+00:00,10681.3,10683.8,10671.0,10675.6,1476
2026-07-08 01:45:00+00:00,10675.8,10691.1,10675.8,10688.7,1685
2026-07-08 02:00:00+00:00,10689.1,10689.9,10674.2,10674.5,1494
2026-07-08 02:15:00+00:00,10674.7,10677.7,10669.3,10671.6,1261
2026-07-08 02:30:00+00:00,10671.8,10678.1,10668.3,10678.0,1092
2026-07-08 02:45:00+00:00,10677.8,10680.4,10671.5,10674.3,914
2026-07-08 03:00:00+00:00,10674.6,10682.5,10674.6,10682.0,808
2026-07-08 03:15:00+00:00,10682.1,10690.0,10680.3,10688.1,669
2026-07-08 03:30:00+00:00,10688.3,10693.0,10687.4,10690.1,894
2026-07-08 03:45:00+00:00,10690.2,10691.1,10689.0,10689.3,735
2026-07-08 04:00:00+00:00,10689.4,10690.0,10683.7,10686.9,747
2026-07-08 04:15:00+00:00,10687.1,10694.4,10686.4,10693.0,955
2026-07-08 04:30:00+00:00,10693.1,10694.4,10687.3,10691.0,926
2026-07-08 04:45:00+00:00,10690.8,10693.2,10682.3,10690.5,995
2026-07-08 05:00:00+00:00,10690.3,10696.1,10688.1,10691.6,892
2026-07-08 05:15:00+00:00,10691.3,10693.8,10688.1,10689.6,691
2026-07-08 05:30:00+00:00,10689.3,10690.1,10680.6,10683.8,807
2026-07-08 05:45:00+00:00,10684.1,10687.6,10679.3,10685.3,657
2026-07-08 06:00:00+00:00,10686.6,10687.6,10668.1,10669.6,742
2026-07-08 06:15:00+00:00,10669.8,10680.8,10669.3,10672.1,563
2026-07-08 06:30:00+00:00,10671.8,10674.1,10659.1,10659.8,590
2026-07-08 06:45:00+00:00,10660.3,10661.6,10647.3,10657.1,711
2026-07-08 07:00:00+00:00,10654.5,10659.6,10589.6,10607.1,3813
2026-07-08 07:15:00+00:00,10607.6,10619.1,10591.6,10605.6,2261
2026-07-08 07:30:00+00:00,10605.8,10615.8,10588.8,10614.6,2029
2026-07-08 07:45:00+00:00,10614.1,10619.1,10594.1,10596.1,1349
2026-07-08 08:00:00+00:00,10596.3,10598.3,10578.6,10580.8,1654
2026-07-08 08:15:00+00:00,10581.1,10583.3,10528.1,10536.1,4982
2026-07-08 08:30:00+00:00,10535.6,10543.8,10520.6,10527.8,3503
2026-07-08 08:45:00+00:00,10527.6,10533.6,10507.3,10511.1,2672
2026-07-08 09:00:00+00:00,10511.3,10518.3,10502.6,10504.1,2324
2026-07-08 09:15:00+00:00,10503.6,10519.8,10502.1,10510.1,2306
2026-07-08 09:30:00+00:00,10509.8,10525.3,10499.1,10507.1,1997
2026-07-08 09:45:00+00:00,10506.8,10510.6,10493.1,10498.1,1875
2026-07-08 10:00:00+00:00,10498.6,10503.3,10490.1,10499.6,1837
2026-07-08 10:15:00+00:00,10499.8,10507.8,10492.8,10506.6,1507
2026-07-08 10:30:00+00:00,10506.3,10530.6,10503.1,10528.3,1700
2026-07-08 10:45:00+00:00,10528.8,10531.8,10515.6,10527.1,1229
2026-07-08 11:00:00+00:00,10526.1,10536.3,10517.8,10529.8,1387
2026-07-08 11:15:00+00:00,10530.1,10533.1,10523.1,10532.1,964
2026-07-08 11:30:00+00:00,10531.8,10570.3,10526.6,10552.6,1769
2026-07-08 11:45:00+00:00,10552.1,10558.8,10543.1,10548.8,1509
2026-07-08 12:00:00+00:00,10549.1,10581.8,10540.8,10575.1,1719
2026-07-08 12:15:00+00:00,10575.6,10581.8,10564.6,10577.6,1252
2026-07-08 12:30:00+00:00,10577.3,10580.6,10567.8,10575.1,1456
2026-07-08 12:45:00+00:00,10575.3,10591.6,10574.3,10577.6,1786
2026-07-08 13:00:00+00:00,10577.3,10588.8,10572.1,10585.3,1512
2026-07-08 13:15:00+00:00,10585.6,10585.6,10556.1,10558.3,1247
2026-07-08 13:30:00+00:00,10558.6,10564.8,10546.6,10551.8,2645
2026-07-08 13:45:00+00:00,10552.1,10563.1,10551.6,10561.6,2068
2026-07-08 14:00:00+00:00,10561.3,10574.8,10553.1,10555.1,1704
2026-07-08 14:15:00+00:00,10554.8,10561.8,10544.1,10547.3,1991
2026-07-08 14:30:00+00:00,10547.1,10549.8,10532.1,10540.3,2014
2026-07-08 14:45:00+00:00,10540.8,10540.8,10510.6,10512.6,1822
2026-07-08 15:00:00+00:00,10513.1,10514.6,10492.8,10494.6,1796
2026-07-08 15:15:00+00:00,10494.1,10497.1,10477.1,10479.8,1997
2026-07-08 15:30:00+00:00,10479.3,10498.6,10478.1,10495.6,2524
2026-07-08 15:45:00+00:00,10494.8,10496.1,10483.3,10487.8,1183
2026-07-08 16:00:00+00:00,10488.1,10501.6,10482.1,10497.8,1194
2026-07-08 16:15:00+00:00,10498.3,10502.1,10495.3,10496.6,931
2026-07-08 16:30:00+00:00,10495.8,10508.3,10487.3,10506.3,1798
2026-07-08 16:45:00+00:00,10506.6,10516.1,10505.1,10514.8,893
2026-07-08 17:00:00+00:00,10515.1,10515.3,10499.6,10499.6,751
2026-07-08 17:15:00+00:00,10499.3,10504.3,10496.6,10498.1,773
2026-07-08 17:30:00+00:00,10498.3,10499.6,10489.3,10490.3,615
2026-07-08 17:45:00+00:00,10490.6,10493.8,10487.3,10490.6,559
2026-07-08 18:00:00+00:00,10490.1,10508.1,10486.6,10506.6,955
2026-07-08 18:15:00+00:00,10507.1,10507.3,10498.8,10501.1,530
2026-07-08 18:30:00+00:00,10500.8,10501.1,10493.1,10498.6,592
2026-07-08 18:45:00+00:00,10498.3,10503.8,10496.3,10503.1,512
2026-07-08 19:00:00+00:00,10503.3,10512.3,10502.3,10507.3,462
2026-07-08 19:15:00+00:00,10507.6,10513.3,10503.6,10507.3,499
2026-07-08 19:30:00+00:00,10507.1,10509.6,10501.6,10508.8,643
2026-07-08 19:45:00+00:00,10508.6,10520.8,10499.6,10512.5,1176
2026-07-08 20:00:00+00:00,10512.9,10513.3,10503.7,10508.6,876
2026-07-08 20:30:00+00:00,10502.6,10503.4,10493.3,10499.5,608
2026-07-08 20:45:00+00:00,10499.8,10503.4,10499.0,10502.0,410
2026-07-08 22:00:00+00:00,10506.4,10507.5,10502.2,10505.4,392
2026-07-08 22:15:00+00:00,10505.3,10507.3,10501.7,10504.0,442
2026-07-08 22:30:00+00:00,10504.2,10507.7,10501.8,10501.8,511
2026-07-08 22:45:00+00:00,10502.1,10504.4,10501.7,10503.9,274
2026-07-08 23:00:00+00:00,10503.8,10507.2,10503.6,10506.9,360
2026-07-08 23:15:00+00:00,10506.7,10507.0,10501.4,10505.1,458
2026-07-08 23:30:00+00:00,10504.9,10509.8,10502.5,10508.9,560
2026-07-08 23:45:00+00:00,10508.8,10513.0,10508.1,10512.5,897
2026-07-09 00:00:00+00:00,10518.7,10519.6,10498.7,10505.8,978
2026-07-09 00:15:00+00:00,10506.2,10510.5,10501.5,10510.2,1081
2026-07-09 00:30:00+00:00,10510.3,10513.5,10503.1,10509.5,1065
2026-07-09 00:45:00+00:00,10509.3,10515.3,10506.1,10511.6,1037
2026-07-09 01:00:00+00:00,10511.7,10515.9,10505.3,10512.8,1050
2026-07-09 01:15:00+00:00,10513.2,10524.8,10511.7,10516.7,897
2026-07-09 01:30:00+00:00,10516.9,10525.1,10511.0,10523.8,1481
2026-07-09 01:45:00+00:00,10523.9,10529.2,10521.3,10523.8,1121
2026-07-09 02:00:00+00:00,10524.0,10536.5,10519.6,10536.5,1200
2026-07-09 02:15:00+00:00,10536.4,10538.7,10529.4,10532.3,962
2026-07-09 02:30:00+00:00,10532.1,10533.2,10516.7,10516.8,816
2026-07-09 02:45:00+00:00,10517.2,10517.6,10509.1,10509.9,978
2026-07-09 03:00:00+00:00,10510.1,10512.8,10506.7,10509.1,940
2026-07-09 03:15:00+00:00,10509.2,10517.0,10507.3,10515.9,932
2026-07-09 03:30:00+00:00,10516.4,10523.5,10515.7,10522.2,1101
2026-07-09 03:45:00+00:00,10522.0,10523.1,10520.3,10521.3,721
2026-07-09 04:00:00+00:00,10521.2,10523.4,10519.4,10522.0,602
2026-07-09 04:15:00+00:00,10522.3,10525.8,10518.8,10519.0,617
2026-07-09 04:30:00+00:00,10519.1,10525.9,10518.5,10524.8,658
2026-07-09 04:45:00+00:00,10524.9,10529.6,10523.3,10527.1,505
2026-07-09 05:00:00+00:00,10526.6,10533.8,10515.8,10529.3,705
2026-07-09 05:15:00+00:00,10529.6,10530.5,10515.3,10520.3,897
2026-07-09 05:30:00+00:00,10520.8,10525.3,10513.6,10522.8,624
2026-07-09 05:45:00+00:00,10522.5,10539.8,10522.3,10539.8,455
2026-07-09 06:00:00+00:00,10541.1,10541.1,10507.3,10511.1,573
2026-07-09 06:15:00+00:00,10510.8,10514.8,10499.3,10500.1,466
2026-07-09 06:30:00+00:00,10500.8,10502.1,10482.6,10485.3,470
2026-07-09 06:45:00+00:00,10484.6,10497.6,10466.1,10466.1,478
2026-07-09 07:00:00+00:00,10466.8,10490.3,10459.0,10478.8,3485
2026-07-09 07:15:00+00:00,10478.3,10480.6,10448.6,10450.1,1886
2026-07-09 07:30:00+00:00,10449.8,10466.1,10445.1,10460.6,1477
2026-07-09 07:45:00+00:00,10461.1,10471.6,10441.8,10450.3,1294
2026-07-09 08:00:00+00:00,10450.6,10458.1,10444.8,10452.6,1441
2026-07-09 08:15:00+00:00,10452.3,10455.8,10443.8,10453.6,1123
2026-07-09 08:30:00+00:00,10453.8,10455.8,10443.6,10452.6,996
2026-07-09 08:45:00+00:00,10453.1,10459.3,10441.8,10450.3,1033
2026-07-09 09:00:00+00:00,10450.1,10457.6,10440.6,10441.1,956
2026-07-09 09:15:00+00:00,10440.6,10444.6,10432.1,10432.8,851
2026-07-09 09:30:00+00:00,10433.3,10433.3,10407.1,10410.8,1030
2026-07-09 09:45:00+00:00,10411.1,10432.3,10411.1,10430.1,866
2026-07-09 10:00:00+00:00,10429.8,10438.6,10425.8,10434.1,809
2026-07-09 10:15:00+00:00,10433.6,10441.3,10428.8,10430.6,639
2026-07-09 10:30:00+00:00,10430.3,10435.1,10421.1,10430.1,679
2026-07-09 10:45:00+00:00,10430.3,10431.8,10412.1,10421.3,1204
2026-07-09 11:00:00+00:00,10421.6,10434.6,10416.1,10433.1,1088
2026-07-09 11:15:00+00:00,10432.6,10434.1,10423.8,10431.6,813
2026-07-09 11:30:00+00:00,10431.8,10448.1,10431.8,10441.6,881
2026-07-09 11:45:00+00:00,10441.1,10447.1,10434.8,10438.1,712
2026-07-09 12:00:00+00:00,10438.3,10450.6,10437.3,10441.3,937
2026-07-09 12:15:00+00:00,10441.6,10442.3,10430.1,10436.3,669
2026-07-09 12:30:00+00:00,10436.5,10453.8,10433.6,10442.6,908
2026-07-09 12:45:00+00:00,10442.3,10446.6,10433.1,10439.6,781
2026-07-09 13:00:00+00:00,10439.8,10459.8,10439.8,10457.6,787
2026-07-09 13:15:00+00:00,10457.8,10461.3,10450.6,10451.6,973
2026-07-09 13:30:00+00:00,10451.1,10464.8,10445.6,10458.6,1963
2026-07-09 13:45:00+00:00,10458.3,10465.8,10455.1,10465.6,1219
2026-07-09 14:00:00+00:00,10465.8,10481.1,10454.6,10479.1,1435
2026-07-09 14:15:00+00:00,10479.6,10486.1,10474.6,10480.6,1401
2026-07-09 14:30:00+00:00,10480.3,10491.8,10476.1,10478.1,1068
2026-07-09 14:45:00+00:00,10478.3,10489.3,10473.3,10489.1,895
2026-07-09 15:00:00+00:00,10488.8,10495.6,10486.8,10490.1,854
2026-07-09 15:15:00+00:00,10489.8,10491.6,10478.6,10484.3,1005
2026-07-09 15:30:00+00:00,10483.8,10492.3,10473.8,10479.8,1385
2026-07-09 15:45:00+00:00,10480.1,10481.6,10473.1,10477.3,485
2026-07-09 16:00:00+00:00,10476.8,10494.6,10476.8,10491.6,395
2026-07-09 16:15:00+00:00,10491.1,10491.1,10486.1,10489.8,294
2026-07-09 16:30:00+00:00,10489.1,10492.8,10485.3,10487.6,250
2026-07-09 16:45:00+00:00,10487.3,10491.6,10485.6,10488.1,226
2026-07-09 17:00:00+00:00,10487.6,10494.1,10487.1,10489.6,301
2026-07-09 17:15:00+00:00,10489.3,10493.1,10488.1,10492.8,303
2026-07-09 17:30:00+00:00,10492.6,10498.6,10492.3,10496.3,179
2026-07-09 17:45:00+00:00,10496.1,10501.8,10494.8,10497.3,222
2026-07-09 18:00:00+00:00,10496.8,10499.1,10494.3,10494.3,207
2026-07-09 18:15:00+00:00,10494.8,10496.8,10482.6,10483.6,208
2026-07-09 18:30:00+00:00,10483.3,10484.1,10479.8,10481.1,234
2026-07-09 18:45:00+00:00,10480.8,10482.6,10477.3,10482.1,246
2026-07-09 19:00:00+00:00,10481.8,10485.1,10474.8,10476.1,297
2026-07-09 19:15:00+00:00,10476.3,10481.1,10475.6,10480.8,184
2026-07-09 19:30:00+00:00,10480.3,10484.1,10474.6,10483.6,308
2026-07-09 19:45:00+00:00,10483.1,10486.1,10475.3,10482.1,544
2026-07-09 20:00:00+00:00,10479.1,10482.2,10476.4,10481.0,390
2026-07-09 20:30:00+00:00,10477.1,10480.3,10477.1,10478.1,143
2026-07-09 20:45:00+00:00,10478.3,10478.6,10475.2,10476.4,125
2026-07-09 22:00:00+00:00,10478.1,10479.3,10475.0,10475.7,297
2026-07-09 22:15:00+00:00,10475.8,10477.1,10474.4,10475.1,321
2026-07-09 22:30:00+00:00,10475.0,10476.6,10475.0,10476.3,236
2026-07-09 22:45:00+00:00,10476.4,10477.6,10475.9,10477.3,189
2026-07-09 23:00:00+00:00,10477.4,10480.0,10475.4,10479.8,298
2026-07-09 23:15:00+00:00,10479.7,10482.0,10478.6,10481.7,231
2026-07-09 23:30:00+00:00,10482.0,10482.0,10479.8,10480.2,217
2026-07-09 23:45:00+00:00,10480.0,10481.5,10477.1,10479.7,520
2026-07-10 00:00:00+00:00,10481.9,10486.4,10465.5,10472.0,996
2026-07-10 00:15:00+00:00,10472.2,10475.6,10468.7,10470.4,910
2026-07-10 00:30:00+00:00,10470.5,10473.9,10463.6,10473.0,972
2026-07-10 00:45:00+00:00,10473.2,10473.4,10467.1,10471.5,638
2026-07-10 01:00:00+00:00,10471.7,10474.3,10465.9,10468.8,947
2026-07-10 01:15:00+00:00,10468.7,10481.4,10467.9,10481.4,862
2026-07-10 01:30:00+00:00,10481.2,10485.6,10479.8,10482.2,862
2026-07-10 01:45:00+00:00,10482.3,10492.1,10482.1,10488.1,714
2026-07-10 02:00:00+00:00,10488.3,10493.6,10486.0,10492.1,812
2026-07-10 02:15:00+00:00,10492.3,10494.5,10488.1,10488.8,899
2026-07-10 02:30:00+00:00,10489.0,10493.2,10487.7,10488.6,618
2026-07-10 02:45:00+00:00,10488.8,10495.0,10488.8,10493.1,640
2026-07-10 03:00:00+00:00,10493.3,10499.8,10493.0,10497.8,423
2026-07-10 03:15:00+00:00,10497.7,10498.0,10493.8,10494.6,402
2026-07-10 03:30:00+00:00,10494.7,10495.7,10489.1,10491.1,524
2026-07-10 03:45:00+00:00,10491.0,10494.0,10489.3,10493.8,530
2026-07-10 04:00:00+00:00,10493.4,10493.4,10489.9,10491.0,363
2026-07-10 04:15:00+00:00,10490.6,10492.2,10488.6,10489.8,395
2026-07-10 04:30:00+00:00,10490.0,10490.1,10486.1,10489.8,436
2026-07-10 04:45:00+00:00,10490.0,10492.0,10487.0,10488.4,508
2026-07-10 05:00:00+00:00,10488.6,10490.8,10486.1,10490.6,504
2026-07-10 05:15:00+00:00,10490.3,10492.1,10487.1,10488.6,303
2026-07-10 05:30:00+00:00,10488.3,10488.3,10485.1,10486.1,278
2026-07-10 05:45:00+00:00,10486.6,10491.1,10486.1,10488.8,231
2026-07-10 06:00:00+00:00,10490.3,10507.1,10490.3,10506.6,495
2026-07-10 06:15:00+00:00,10506.3,10517.3,10506.3,10511.8,447
2026-07-10 06:30:00+00:00,10511.3,10520.1,10509.6,10515.1,405
2026-07-10 06:45:00+00:00,10515.3,10524.1,10508.1,10515.6,498
2026-07-10 07:00:00+00:00,10516.1,10518.1,10496.8,10517.8,2450
2026-07-10 07:15:00+00:00,10518.1,10520.1,10492.8,10496.6,1115
2026-07-10 07:30:00+00:00,10496.1,10498.6,10488.3,10492.1,969
2026-07-10 07:45:00+00:00,10492.3,10494.1,10481.1,10493.6,1052
2026-07-10 08:00:00+00:00,10493.3,10516.6,10493.3,10508.6,1195
2026-07-10 08:15:00+00:00,10508.1,10509.1,10491.8,10494.6,877
2026-07-10 08:30:00+00:00,10495.1,10495.1,10484.6,10488.3,914
2026-07-10 08:45:00+00:00,10489.1,10489.1,10477.1,10484.8,673
2026-07-10 09:00:00+00:00,10485.1,10494.3,10484.6,10494.3,811
2026-07-10 09:15:00+00:00,10494.1,10501.3,10489.1,10493.1,599
2026-07-10 09:30:00+00:00,10493.3,10495.1,10481.6,10485.6,618
2026-07-10 09:45:00+00:00,10485.8,10500.1,10485.8,10496.6,625
2026-07-10 10:00:00+00:00,10496.8,10502.1,10494.3,10494.3,609
2026-07-10 10:15:00+00:00,10494.6,10501.8,10494.3,10498.1,474
2026-07-10 10:30:00+00:00,10499.1,10504.6,10490.8,10493.3,511
2026-07-10 10:45:00+00:00,10493.6,10495.3,10485.8,10490.1,593
2026-07-10 11:00:00+00:00,10489.1,10494.6,10486.8,10493.6,636
2026-07-10 11:15:00+00:00,10493.8,10501.1,10493.8,10495.1,520
2026-07-10 11:30:00+00:00,10495.6,10496.1,10482.3,10493.6,582
2026-07-10 11:45:00+00:00,10493.3,10498.3,10483.3,10488.3,460
2026-07-10 12:00:00+00:00,10488.6,10517.1,10481.6,10504.6,1088
2026-07-10 12:15:00+00:00,10505.1,10510.8,10495.8,10502.6,960
2026-07-10 12:30:00+00:00,10502.3,10508.8,10498.3,10503.6,838
2026-07-10 12:45:00+00:00,10503.8,10512.3,10500.6,10509.3,646
2026-07-10 13:00:00+00:00,10509.8,10516.8,10502.8,10516.6,701
2026-07-10 13:15:00+00:00,10516.3,10519.1,10510.3,10512.1,562
2026-07-10 13:30:00+00:00,10512.3,10520.1,10497.3,10511.8,1893
2026-07-10 13:45:00+00:00,10512.1,10521.1,10509.6,10515.8,1282
2026-07-10 14:00:00+00:00,10515.6,10522.8,10510.6,10520.6,1232
2026-07-10 14:15:00+00:00,10520.8,10530.3,10520.6,10523.3,1017
2026-07-10 14:30:00+00:00,10523.6,10525.8,10476.5,10509.6,2753
2026-07-10 14:45:00+00:00,10510.1,10516.6,10505.6,10511.1,1046
2026-07-10 15:00:00+00:00,10510.6,10511.6,10498.8,10503.1,1096
2026-07-10 15:15:00+00:00,10503.6,10515.8,10503.6,10512.3,1042
2026-07-10 15:30:00+00:00,10513.3,10517.8,10509.8,10515.3,1190
2026-07-10 15:45:00+00:00,10515.1,10533.8,10513.1,10533.3,716
2026-07-10 16:00:00+00:00,10533.8,10540.1,10532.1,10538.3,503
2026-07-10 16:15:00+00:00,10537.8,10540.8,10531.8,10534.8,355
2026-07-10 16:30:00+00:00,10535.1,10535.6,10528.1,10533.3,292
2026-07-10 16:45:00+00:00,10533.1,10543.6,10532.3,10543.6,237
2026-07-10 17:00:00+00:00,10543.8,10549.3,10543.3,10549.3,296
2026-07-10 17:15:00+00:00,10549.8,10556.3,10549.3,10552.8,266
2026-07-10 17:30:00+00:00,10553.1,10555.8,10549.8,10554.6,225
2026-07-10 17:45:00+00:00,10554.3,10558.1,10554.3,10554.3,150
2026-07-10 18:00:00+00:00,10554.8,10557.6,10553.1,10555.6,247
2026-07-10 18:15:00+00:00,10555.8,10558.3,10553.6,10557.6,217
2026-07-10 18:30:00+00:00,10557.8,10560.8,10556.8,10560.1,175
2026-07-10 18:45:00+00:00,10560.3,10562.8,10559.1,10560.1,179
2026-07-10 19:00:00+00:00,10559.8,10562.1,10555.3,10558.8,194
2026-07-10 19:15:00+00:00,10559.1,10560.8,10553.8,10554.8,212
2026-07-10 19:30:00+00:00,10554.6,10556.6,10549.8,10550.1,253
2026-07-10 19:45:00+00:00,10549.8,10552.3,10543.1,10543.1,397
2026-07-12 22:00:00+00:00,10524.3,10524.6,10515.1,10515.4,799
2026-07-12 22:15:00+00:00,10515.5,10519.7,10514.0,10518.1,707
2026-07-12 22:30:00+00:00,10518.3,10522.0,10517.8,10521.4,432
2026-07-12 22:45:00+00:00,10521.3,10523.5,10518.8,10522.6,301
2026-07-12 23:00:00+00:00,10522.5,10522.9,10520.0,10520.7,329
2026-07-12 23:15:00+00:00,10520.6,10520.9,10518.3,10519.7,233
2026-07-12 23:30:00+00:00,10519.6,10520.2,10517.9,10519.0,249
2026-07-12 23:45:00+00:00,10519.2,10522.2,10515.1,10521.9,853
2026-07-13 00:00:00+00:00,10521.2,10525.4,10515.9,10519.4,1300
2026-07-13 00:15:00+00:00,10519.3,10533.0,10517.2,10529.5,1172
2026-07-13 00:30:00+00:00,10529.6,10530.7,10517.7,10521.3,1083
2026-07-13 00:45:00+00:00,10521.5,10523.3,10507.7,10509.8,1285
2026-07-13 01:00:00+00:00,10510.2,10511.5,10500.8,10504.4,1368
2026-07-13 01:15:00+00:00,10504.3,10511.0,10499.9,10502.5,1142
2026-07-13 01:30:00+00:00,10502.3,10507.1,10499.2,10502.3,1312
2026-07-13 01:45:00+00:00,10502.5,10504.5,10492.8,10498.8,1084
2026-07-13 02:00:00+00:00,10498.9,10502.1,10493.8,10499.4,1102
2026-07-13 02:15:00+00:00,10499.6,10506.0,10498.0,10503.2,817
2026-07-13 02:30:00+00:00,10503.4,10504.6,10499.2,10501.1,803
2026-07-13 02:45:00+00:00,10501.0,10501.1,10491.8,10491.8,631
2026-07-13 03:00:00+00:00,10491.9,10492.7,10483.0,10485.3,549
2026-07-13 03:15:00+00:00,10485.5,10487.4,10482.6,10486.1,471
2026-07-13 03:30:00+00:00,10486.3,10487.3,10480.6,10483.1,683
2026-07-13 03:45:00+00:00,10483.3,10485.9,10482.7,10485.3,483
2026-07-13 04:00:00+00:00,10485.4,10485.6,10479.9,10483.8,542
2026-07-13 04:15:00+00:00,10483.5,10490.6,10482.6,10487.5,467
2026-07-13 04:30:00+00:00,10487.6,10488.8,10480.3,10480.4,351
2026-07-13 04:45:00+00:00,10480.0,10480.3,10476.1,10477.0,270
2026-07-13 05:00:00+00:00,10477.1,10491.8,10474.8,10490.8,523
2026-07-13 05:15:00+00:00,10491.1,10491.6,10471.1,10471.6,469
2026-07-13 05:30:00+00:00,10471.8,10487.8,10463.8,10481.5,869
2026-07-13 05:45:00+00:00,10481.8,10487.8,10476.0,10487.1,784
2026-07-13 06:00:00+00:00,10487.8,10497.8,10480.6,10484.1,904
2026-07-13 06:15:00+00:00,10483.8,10490.6,10483.6,10488.6,588
2026-07-13 06:30:00+00:00,10489.1,10496.1,10484.6,10494.1,481
2026-07-13 06:45:00+00:00,10493.6,10515.8,10493.1,10509.6,484
2026-07-13 07:00:00+00:00,10510.1,10547.6,10503.3,10539.8,2675
2026-07-13 07:15:00+00:00,10539.3,10541.1,10513.6,10513.6,1285
2026-07-13 07:30:00+00:00,10514.1,10515.6,10494.1,10498.6,1153
2026-07-13 07:45:00+00:00,10498.8,10503.3,10491.3,10500.6,935
2026-07-13 08:00:00+00:00,10500.8,10503.1,10488.6,10497.3,1231
2026-07-13 08:15:00+00:00,10497.6,10515.1,10496.3,10512.6,879
2026-07-13 08:30:00+00:00,10512.8,10517.8,10507.3,10516.6,740
2026-07-13 08:45:00+00:00,10516.1,10529.8,10515.6,10529.8,680
2026-07-13 09:00:00+00:00,10530.1,10532.8,10510.3,10511.6,507
2026-07-13 09:15:00+00:00,10511.8,10516.6,10507.1,10510.6,552
2026-07-13 09:30:00+00:00,10511.1,10512.1,10503.6,10512.1,497
2026-07-13 09:45:00+00:00,10512.8,10517.1,10508.3,10510.1,499
2026-07-13 10:00:00+00:00,10510.3,10511.3,10500.6,10505.3,582
2026-07-13 10:15:00+00:00,10505.6,10506.1,10487.1,10488.1,454
2026-07-13 10:30:00+00:00,10488.6,10489.8,10482.1,10488.8,561
2026-07-13 10:45:00+00:00,10489.1,10496.6,10487.1,10493.6,474
2026-07-13 11:00:00+00:00,10493.8,10508.8,10492.3,10497.1,725
2026-07-13 11:15:00+00:00,10497.3,10510.1,10494.3,10507.6,503
2026-07-13 11:30:00+00:00,10507.3,10514.1,10505.3,10509.6,542
2026-07-13 11:45:00+00:00,10509.8,10510.1,10486.6,10489.1,534
2026-07-13 12:00:00+00:00,10489.3,10493.8,10478.3,10480.6,973
2026-07-13 12:15:00+00:00,10481.1,10493.3,10480.3,10491.8,649
2026-07-13 12:30:00+00:00,10491.6,10493.8,10476.8,10482.6,772
2026-07-13 12:45:00+00:00,10482.8,10505.6,10482.8,10504.6,649
2026-07-13 13:00:00+00:00,10504.8,10506.6,10491.8,10499.1,771
2026-07-13 13:15:00+00:00,10498.8,10499.6,10488.1,10494.8,683
2026-07-13 13:30:00+00:00,10494.6,10515.1,10494.3,10514.1,1817
2026-07-13 13:45:00+00:00,10513.8,10535.1,10508.6,10529.6,1452
2026-07-13 14:00:00+00:00,10529.8,10531.1,10508.8,10516.1,1251
2026-07-13 14:15:00+00:00,10515.8,10519.6,10481.1,10505.6,2384
2026-07-13 14:30:00+00:00,10505.3,10511.3,10495.8,10499.8,1286
2026-07-13 14:45:00+00:00,10500.1,10519.6,10497.6,10518.3,1082
2026-07-13 15:00:00+00:00,10518.6,10519.6,10503.8,10510.1,917
2026-07-13 15:15:00+00:00,10509.6,10511.6,10498.6,10509.1,1165
2026-07-13 15:30:00+00:00,10508.8,10516.3,10499.3,10503.3,1445
2026-07-13 15:45:00+00:00,10503.1,10513.3,10502.1,10507.6,679
2026-07-13 16:00:00+00:00,10507.3,10515.6,10505.6,10510.6,475
2026-07-13 16:15:00+00:00,10511.1,10512.1,10490.8,10494.1,734
2026-07-13 16:30:00+00:00,10493.6,10504.6,10483.6,10504.6,1107
2026-07-13 16:45:00+00:00,10504.8,10508.1,10495.6,10502.1,830
2026-07-13 17:00:00+00:00,10502.6,10512.6,10502.1,10510.3,463
2026-07-13 17:15:00+00:00,10510.1,10515.8,10507.8,10508.6,401
2026-07-13 17:30:00+00:00,10508.8,10516.8,10506.1,10515.8,465
2026-07-13 17:45:00+00:00,10515.6,10520.3,10510.6,10510.8,590
2026-07-13 18:00:00+00:00,10511.1,10515.6,10506.1,10510.6,623
2026-07-13 18:15:00+00:00,10510.1,10510.6,10501.1,10502.6,583
2026-07-13 18:30:00+00:00,10503.1,10507.6,10502.1,10504.6,519
2026-07-13 18:45:00+00:00,10504.8,10512.8,10503.3,10510.3,451
2026-07-13 19:00:00+00:00,10510.8,10513.3,10506.1,10511.1,487
2026-07-13 19:15:00+00:00,10510.8,10514.3,10503.8,10504.1,504
2026-07-13 19:30:00+00:00,10504.3,10512.3,10502.1,10512.1,569
2026-07-13 19:45:00+00:00,10512.3,10515.6,10504.1,10514.6,611
2026-07-13 20:00:00+00:00,10510.6,10513.5,10508.1,10509.8,648
2026-07-13 20:30:00+00:00,10506.0,10506.0,10503.5,10504.7,160
2026-07-13 20:45:00+00:00,10504.5,10505.7,10502.8,10504.7,203
2026-07-13 22:00:00+00:00,10508.9,10512.4,10507.8,10508.0,440
2026-07-13 22:15:00+00:00,10508.3,10510.6,10505.8,10506.1,378
2026-07-13 22:30:00+00:00,10506.0,10507.9,10505.1,10507.5,288
2026-07-13 22:45:00+00:00,10507.7,10509.6,10501.6,10502.5,421
2026-07-13 23:00:00+00:00,10502.4,10502.7,10497.1,10498.4,513
2026-07-13 23:15:00+00:00,10498.7,10501.8,10497.7,10498.2,319
2026-07-13 23:30:00+00:00,10498.3,10498.9,10493.1,10493.5,489
2026-07-13 23:45:00+00:00,10493.2,10504.3,10492.6,10503.5,1155
2026-07-14 00:00:00+00:00,10510.3,10512.7,10476.4,10488.7,1804
2026-07-14 00:15:00+00:00,10488.9,10494.2,10464.2,10470.4,3047
2026-07-14 00:30:00+00:00,10471.6,10474.5,10439.1,10442.1,2481
2026-07-14 00:45:00+00:00,10441.9,10456.5,10441.9,10455.8,2040
2026-07-14 01:00:00+00:00,10456.3,10474.3,10453.3,10472.4,1719
2026-07-14 01:15:00+00:00,10472.6,10481.1,10469.2,10471.1,1477
2026-07-14 01:30:00+00:00,10470.9,10472.3,10451.0,10454.3,1698
2026-07-14 01:45:00+00:00,10454.5,10456.6,10442.4,10449.4,1385
2026-07-14 02:00:00+00:00,10449.6,10468.2,10448.8,10462.2,1427
2026-07-14 02:15:00+00:00,10462.4,10467.4,10457.0,10467.2,1329
2026-07-14 02:30:00+00:00,10467.3,10473.6,10461.4,10470.5,1347
2026-07-14 02:45:00+00:00,10470.6,10471.5,10459.1,10461.5,1025
2026-07-14 03:00:00+00:00,10461.8,10463.7,10450.3,10452.0,880
2026-07-14 03:15:00+00:00,10451.8,10458.0,10446.6,10457.8,1025
2026-07-14 03:30:00+00:00,10457.6,10461.6,10452.6,10458.1,1417
2026-07-14 03:45:00+00:00,10458.3,10471.0,10457.6,10470.6,1088
2026-07-14 04:00:00+00:00,10470.8,10474.3,10463.2,10464.9,949
2026-07-14 04:15:00+00:00,10464.8,10475.8,10463.3,10472.6,971
2026-07-14 04:30:00+00:00,10472.8,10493.2,10472.4,10489.6,886
2026-07-14 04:45:00+00:00,10489.5,10493.1,10486.8,10490.0,761
2026-07-14 05:00:00+00:00,10490.2,10501.1,10488.3,10500.1,549
2026-07-14 05:15:00+00:00,10499.8,10507.6,10496.1,10505.8,590
2026-07-14 05:30:00+00:00,10506.1,10512.8,10502.1,10505.1,661
2026-07-14 05:45:00+00:00,10505.6,10507.1,10501.6,10503.8,407
2026-07-14 06:00:00+00:00,10505.1,10515.8,10505.1,10509.3,646
2026-07-14 06:15:00+00:00,10509.6,10520.6,10505.1,10507.1,583
2026-07-14 06:30:00+00:00,10506.3,10510.6,10495.6,10498.6,648
2026-07-14 06:45:00+00:00,10498.1,10499.6,10477.6,10479.6,662
2026-07-14 07:00:00+00:00,10480.6,10508.3,10467.3,10501.6,3076
2026-07-14 07:15:00+00:00,10501.1,10503.3,10470.8,10475.1,1812
2026-07-14 07:30:00+00:00,10474.8,10477.1,10444.8,10446.6,1795
2026-07-14 07:45:00+00:00,10446.1,10460.6,10434.6,10456.6,1797
2026-07-14 08:00:00+00:00,10456.8,10471.6,10447.8,10453.1,1915
2026-07-14 08:15:00+00:00,10453.6,10455.6,10437.1,10453.6,1415
2026-07-14 08:30:00+00:00,10453.3,10455.1,10440.3,10443.6,1292
2026-07-14 08:45:00+00:00,10443.3,10444.6,10433.3,10434.6,1044
2026-07-14 09:00:00+00:00,10434.8,10460.6,10431.3,10458.8,1285
2026-07-14 09:15:00+00:00,10459.1,10459.8,10446.1,10448.1,910
2026-07-14 09:30:00+00:00,10448.6,10456.6,10443.1,10454.1,815
2026-07-14 09:45:00+00:00,10454.6,10470.3,10453.3,10465.1,778
2026-07-14 10:00:00+00:00,10465.3,10474.6,10461.6,10466.3,712
2026-07-14 10:15:00+00:00,10466.6,10473.1,10460.3,10464.1,658
2026-07-14 10:30:00+00:00,10463.6,10473.6,10458.6,10460.1,1088
2026-07-14 10:45:00+00:00,10460.6,10470.3,10459.1,10467.6,770
2026-07-14 11:00:00+00:00,10467.8,10473.6,10457.8,10472.1,1349
2026-07-14 11:15:00+00:00,10472.3,10488.1,10468.6,10486.6,1255
2026-07-14 11:30:00+00:00,10486.3,10495.1,10483.6,10484.6,1093
2026-07-14 11:45:00+00:00,10484.3,10487.8,10478.1,10486.6,765
2026-07-14 12:00:00+00:00,10486.8,10487.1,10461.6,10469.8,827
2026-07-14 12:15:00+00:00,10469.6,10477.5,10463.3,10477.5,907
2026-07-14 12:30:00+00:00,10478.0,10524.8,10478.0,10507.6,2942
2026-07-14 12:45:00+00:00,10508.1,10508.3,10497.1,10506.8,1276
2026-07-14 13:00:00+00:00,10507.1,10524.8,10499.3,10523.1,1294
2026-07-14 13:15:00+00:00,10523.3,10523.8,10508.3,10520.1,1004
2026-07-14 13:30:00+00:00,10520.3,10553.8,10517.1,10549.6,2183
2026-07-14 13:45:00+00:00,10549.3,10555.6,10540.8,10546.6,1662
2026-07-14 14:00:00+00:00,10546.3,10550.6,10538.8,10546.1,1597
2026-07-14 14:15:00+00:00,10545.8,10549.3,10532.8,10546.6,1646
2026-07-14 14:30:00+00:00,10546.8,10566.8,10532.8,10533.3,1811
2026-07-14 14:45:00+00:00,10533.1,10536.1,10524.1,10532.1,949
2026-07-14 15:00:00+00:00,10532.3,10542.3,10518.6,10536.3,1688
2026-07-14 15:15:00+00:00,10535.8,10537.6,10525.8,10527.1,1137
2026-07-14 15:30:00+00:00,10527.3,10539.1,10516.6,10524.1,1721
2026-07-14 15:45:00+00:00,10524.3,10531.6,10510.3,10512.8,919
2026-07-14 16:00:00+00:00,10513.1,10523.6,10506.8,10523.1,854
2026-07-14 16:15:00+00:00,10522.8,10525.3,10512.3,10515.3,635
2026-07-14 16:30:00+00:00,10515.1,10519.1,10511.8,10515.6,419
2026-07-14 16:45:00+00:00,10515.3,10516.1,10505.1,10516.1,387
2026-07-14 17:00:00+00:00,10516.6,10522.6,10511.3,10521.1,321
2026-07-14 17:15:00+00:00,10521.3,10523.1,10517.6,10519.8,354
2026-07-14 17:30:00+00:00,10519.6,10520.3,10504.1,10509.1,377
2026-07-14 17:45:00+00:00,10509.3,10513.6,10506.1,10509.3,256
2026-07-14 18:00:00+00:00,10509.6,10511.6,10505.6,10507.6,353
2026-07-14 18:15:00+00:00,10507.8,10510.1,10504.1,10510.1,252
2026-07-14 18:30:00+00:00,10510.3,10510.3,10501.1,10504.3,467
2026-07-14 18:45:00+00:00,10504.6,10505.8,10500.8,10502.6,254
2026-07-14 19:00:00+00:00,10502.3,10502.6,10495.8,10497.8,273
2026-07-14 19:15:00+00:00,10498.1,10501.1,10496.6,10500.1,236
2026-07-14 19:30:00+00:00,10500.6,10500.6,10491.1,10496.1,513
2026-07-14 19:45:00+00:00,10496.3,10505.6,10494.1,10494.3,597
2026-07-14 20:00:00+00:00,10493.8,10495.4,10491.1,10492.5,571
2026-07-14 20:30:00+00:00,10489.3,10492.5,10488.9,10491.8,152
2026-07-14 20:45:00+00:00,10491.9,10494.7,10490.2,10494.1,166
2026-07-14 22:00:00+00:00,10492.8,10493.0,10486.2,10487.3,345
2026-07-14 22:15:00+00:00,10487.4,10495.1,10487.3,10493.5,369
2026-07-14 22:30:00+00:00,10493.6,10495.4,10493.5,10493.7,195
2026-07-14 22:45:00+00:00,10493.9,10494.0,10491.4,10492.3,245
2026-07-14 23:00:00+00:00,10492.2,10494.5,10490.8,10493.7,271
2026-07-14 23:15:00+00:00,10493.6,10501.4,10492.6,10500.9,361
2026-07-14 23:30:00+00:00,10501.2,10504.8,10501.2,10502.9,447
2026-07-14 23:45:00+00:00,10502.8,10505.8,10502.2,10504.0,589
2026-07-15 00:00:00+00:00,10505.3,10510.3,10501.4,10501.4,790
2026-07-15 00:15:00+00:00,10501.3,10504.8,10497.6,10502.3,1010
2026-07-15 00:30:00+00:00,10501.9,10502.2,10489.3,10491.4,724
2026-07-15 00:45:00+00:00,10491.6,10501.3,10490.7,10499.7,885
2026-07-15 01:00:00+00:00,10499.9,10503.3,10497.1,10500.8,947
2026-07-15 01:15:00+00:00,10500.6,10504.5,10497.8,10500.6,1096
2026-07-15 01:30:00+00:00,10500.8,10501.2,10491.6,10492.1,1012
2026-07-15 01:45:00+00:00,10492.3,10503.7,10492.3,10503.7,838
2026-07-15 02:00:00+00:00,10504.0,10505.4,10499.8,10500.5,561
2026-07-15 02:15:00+00:00,10500.3,10501.8,10498.7,10501.5,483
2026-07-15 02:30:00+00:00,10501.3,10507.3,10501.1,10506.5,314
2026-07-15 02:45:00+00:00,10506.3,10507.6,10501.4,10502.7,341
2026-07-15 03:00:00+00:00,10503.1,10504.6,10500.6,10502.8,314
2026-07-15 03:15:00+00:00,10503.0,10506.1,10501.1,10504.0,389
2026-07-15 03:30:00+00:00,10503.8,10506.9,10502.4,10502.5,317
2026-07-15 03:45:00+00:00,10502.3,10508.1,10502.1,10505.8,290
2026-07-15 04:00:00+00:00,10506.0,10507.2,10503.8,10504.1,239
2026-07-15 04:15:00+00:00,10504.0,10504.4,10500.5,10500.8,211
2026-07-15 04:30:00+00:00,10500.6,10501.5,10497.7,10500.6,285
2026-07-15 04:45:00+00:00,10500.8,10502.6,10499.0,10500.1,242
2026-07-15 05:00:00+00:00,10501.1,10505.6,10491.8,10492.8,1167
2026-07-15 05:15:00+00:00,10492.5,10496.8,10487.3,10492.1,474
2026-07-15 05:30:00+00:00,10491.8,10498.3,10491.8,10492.6,584
2026-07-15 05:45:00+00:00,10493.1,10499.6,10491.1,10497.6,532
2026-07-15 06:00:00+00:00,10499.3,10500.6,10484.3,10484.6,552
2026-07-15 06:15:00+00:00,10484.3,10495.1,10484.1,10493.1,456
2026-07-15 06:30:00+00:00,10493.3,10494.1,10484.6,10488.3,499
2026-07-15 06:45:00+00:00,10488.6,10495.1,10477.3,10479.6,657
2026-07-15 07:00:00+00:00,10477.3,10490.1,10467.3,10473.1,2738
2026-07-15 07:15:00+00:00,10472.8,10482.6,10450.6,10456.1,1493
2026-07-15 07:30:00+00:00,10455.6,10469.6,10449.3,10469.6,1474
2026-07-15 07:45:00+00:00,10469.1,10480.8,10464.1,10476.3,1113
2026-07-15 08:00:00+00:00,10476.6,10497.6,10474.6,10497.6,1036
2026-07-15 08:15:00+00:00,10497.8,10513.1,10496.3,10510.8,1121
2026-07-15 08:30:00+00:00,10511.1,10523.3,10502.1,10514.1,941
2026-07-15 08:45:00+00:00,10513.6,10515.1,10507.1,10513.1,650
2026-07-15 09:00:00+00:00,10512.6,10526.1,10506.8,10525.3,685
2026-07-15 09:15:00+00:00,10524.8,10526.6,10513.6,10519.3,669
2026-07-15 09:30:00+00:00,10519.1,10528.8,10512.1,10527.6,682
2026-07-15 09:45:00+00:00,10528.1,10529.3,10511.3,10511.8,637
2026-07-15 10:00:00+00:00,10511.6,10529.3,10510.8,10525.1,631
2026-07-15 10:15:00+00:00,10524.8,10528.6,10512.6,10514.1,804
2026-07-15 10:30:00+00:00,10514.6,10519.1,10506.1,10515.3,663
2026-07-15 10:45:00+00:00,10514.8,10517.6,10503.3,10505.1,696
2026-07-15 11:00:00+00:00,10506.1,10513.6,10501.1,10507.6,789
2026-07-15 11:15:00+00:00,10507.8,10511.3,10504.1,10509.1,585
2026-07-15 11:30:00+00:00,10509.6,10515.3,10507.1,10514.6,493
2026-07-15 11:45:00+00:00,10515.1,10518.6,10510.6,10518.6,696
2026-07-15 12:00:00+00:00,10518.8,10529.1,10516.3,10527.1,664
2026-07-15 12:15:00+00:00,10527.3,10534.8,10524.6,10526.3,541
2026-07-15 12:30:00+00:00,10524.0,10538.6,10524.0,10537.6,1062
2026-07-15 12:45:00+00:00,10537.8,10538.6,10524.6,10527.3,664
2026-07-15 13:00:00+00:00,10528.3,10539.1,10525.8,10528.1,904
2026-07-15 13:15:00+00:00,10528.3,10538.1,10520.8,10524.8,942
2026-07-15 13:30:00+00:00,10525.1,10538.1,10524.1,10533.1,1757
2026-07-15 13:45:00+00:00,10532.1,10551.6,10521.1,10544.8,1711
2026-07-15 14:00:00+00:00,10545.1,10546.8,10524.6,10537.1,1433
2026-07-15 14:15:00+00:00,10536.6,10554.6,10536.3,10549.6,1271
2026-07-15 14:30:00+00:00,10549.8,10551.6,10530.6,10530.8,1382
2026-07-15 14:45:00+00:00,10531.1,10534.1,10523.6,10530.6,1237
2026-07-15 15:00:00+00:00,10530.8,10536.1,10520.6,10521.6,1078
2026-07-15 15:15:00+00:00,10521.8,10526.1,10515.3,10516.6,1345
2026-07-15 15:30:00+00:00,10515.1,10525.3,10512.1,10512.1,1514
2026-07-15 15:45:00+00:00,10511.3,10511.6,10500.1,10500.1,641
2026-07-15 16:00:00+00:00,10500.3,10501.8,10485.3,10486.1,759
2026-07-15 16:15:00+00:00,10485.8,10486.8,10472.8,10475.6,705
2026-07-15 16:30:00+00:00,10475.1,10476.8,10467.6,10473.1,623
2026-07-15 16:45:00+00:00,10473.3,10484.3,10470.3,10476.1,794
2026-07-15 17:00:00+00:00,10476.6,10481.8,10475.1,10478.1,383
2026-07-15 17:15:00+00:00,10478.6,10487.6,10476.6,10487.1,327
2026-07-15 17:30:00+00:00,10487.6,10495.1,10485.8,10492.1,368
2026-07-15 17:45:00+00:00,10492.6,10496.6,10490.1,10491.6,286
2026-07-15 18:00:00+00:00,10492.1,10495.1,10489.6,10494.3,272
2026-07-15 18:15:00+00:00,10494.1,10497.6,10491.8,10497.1,216
2026-07-15 18:30:00+00:00,10497.6,10503.1,10497.1,10500.1,233
2026-07-15 18:45:00+00:00,10499.8,10500.6,10495.6,10497.3,324
2026-07-15 19:00:00+00:00,10497.8,10504.6,10493.3,10503.1,308
2026-07-15 19:15:00+00:00,10502.8,10503.6,10493.3,10496.1,265
2026-07-15 19:30:00+00:00,10495.8,10500.6,10490.8,10498.8,618
2026-07-15 19:45:00+00:00,10498.6,10500.8,10487.8,10493.1,581
2026-07-15 20:00:00+00:00,10491.6,10494.0,10484.1,10489.4,477
2026-07-15 20:30:00+00:00,10491.7,10491.9,10489.7,10491.4,99
2026-07-15 20:45:00+00:00,10491.6,10492.3,10490.2,10490.2,82
2026-07-15 22:00:00+00:00,10495.3,10496.7,10493.3,10493.5,210
2026-07-15 22:15:00+00:00,10493.7,10493.7,10491.1,10491.6,196
2026-07-15 22:30:00+00:00,10491.7,10492.6,10489.9,10490.4,216
2026-07-15 22:45:00+00:00,10490.6,10494.3,10489.2,10493.1,360
2026-07-15 23:00:00+00:00,10492.9,10494.3,10492.1,10493.3,268
2026-07-15 23:15:00+00:00,10493.2,10494.7,10492.1,10494.3,226
2026-07-15 23:30:00+00:00,10494.4,10496.4,10493.3,10494.9,229
2026-07-15 23:45:00+00:00,10494.7,10495.5,10490.4,10491.0,525
2026-07-16 00:00:00+00:00,10492.2,10495.4,10484.0,10495.1,775
2026-07-16 00:15:00+00:00,10495.0,10498.7,10488.7,10489.3,810
2026-07-16 00:30:00+00:00,10489.1,10493.3,10482.0,10482.3,755
2026-07-16 00:45:00+00:00,10482.2,10485.0,10476.8,10477.6,883
2026-07-16 01:00:00+00:00,10477.4,10478.1,10470.8,10473.8,873
2026-07-16 01:15:00+00:00,10473.6,10474.7,10467.2,10471.6,795
2026-07-16 01:30:00+00:00,10471.5,10477.5,10469.8,10471.3,1001
2026-07-16 01:45:00+00:00,10471.6,10475.0,10465.3,10465.9,883
2026-07-16 02:00:00+00:00,10466.3,10466.3,10460.9,10462.8,679
2026-07-16 02:15:00+00:00,10463.0,10471.7,10461.1,10471.4,695
2026-07-16 02:30:00+00:00,10471.6,10475.1,10470.9,10473.1,645
2026-07-16 02:45:00+00:00,10473.5,10479.9,10473.0,10479.3,464
2026-07-16 03:00:00+00:00,10479.5,10488.2,10478.1,10485.3,344
2026-07-16 03:15:00+00:00,10485.5,10487.3,10483.3,10485.8,336
2026-07-16 03:30:00+00:00,10485.9,10491.8,10485.3,10489.5,527
2026-07-16 03:45:00+00:00,10489.9,10495.3,10488.1,10495.3,388
2026-07-16 04:00:00+00:00,10495.1,10495.8,10488.1,10492.5,354
2026-07-16 04:15:00+00:00,10492.3,10492.3,10483.2,10484.0,256
2026-07-16 04:30:00+00:00,10483.8,10484.5,10480.1,10480.3,257
2026-07-16 04:45:00+00:00,10480.2,10482.0,10477.0,10477.1,270
2026-07-16 05:00:00+00:00,10477.3,10485.3,10472.6,10485.3,315
2026-07-16 05:15:00+00:00,10485.1,10489.8,10484.3,10487.1,285
2026-07-16 05:30:00+00:00,10487.3,10489.8,10473.6,10480.3,660
2026-07-16 05:45:00+00:00,10480.8,10482.5,10471.3,10474.3,433
2026-07-16 06:00:00+00:00,10475.8,10481.3,10462.8,10467.6,822
2026-07-16 06:15:00+00:00,10468.1,10472.1,10460.1,10460.6,517
2026-07-16 06:30:00+00:00,10460.1,10460.1,10443.8,10451.1,525
2026-07-16 06:45:00+00:00,10450.6,10471.1,10447.8,10470.8,525
2026-07-16 07:00:00+00:00,10470.6,10482.3,10446.8,10464.1,2537
2026-07-16 07:15:00+00:00,10464.8,10483.1,10457.1,10479.6,1512
2026-07-16 07:30:00+00:00,10479.8,10485.8,10460.6,10475.8,1570
2026-07-16 07:45:00+00:00,10476.1,10479.1,10458.1,10469.1,1130
2026-07-16 08:00:00+00:00,10469.6,10477.1,10454.3,10454.8,1231
2026-07-16 08:15:00+00:00,10455.1,10481.8,10454.1,10478.6,1199
2026-07-16 08:30:00+00:00,10478.1,10490.6,10476.6,10479.3,915
2026-07-16 08:45:00+00:00,10479.6,10489.6,10476.8,10482.3,877
2026-07-16 09:00:00+00:00,10482.6,10490.6,10480.1,10485.6,900
2026-07-16 09:15:00+00:00,10485.8,10489.8,10472.6,10480.1,630
2026-07-16 09:30:00+00:00,10480.6,10487.1,10477.6,10480.1,696
2026-07-16 09:45:00+00:00,10479.6,10494.8,10477.1,10491.3,717
2026-07-16 10:00:00+00:00,10491.6,10497.3,10486.1,10489.8,738
2026-07-16 10:15:00+00:00,10490.1,10494.8,10482.8,10494.8,640
2026-07-16 10:30:00+00:00,10495.1,10501.6,10493.6,10496.6,783
2026-07-16 10:45:00+00:00,10496.8,10499.1,10484.1,10489.6,689
2026-07-16 11:00:00+00:00,10489.8,10495.6,10475.1,10487.3,920
2026-07-16 11:15:00+00:00,10487.6,10501.1,10482.3,10495.1,769
2026-07-16 11:30:00+00:00,10494.6,10495.1,10483.1,10485.1,756
2026-07-16 11:45:00+00:00,10484.6,10495.1,10459.3,10488.1,1221
2026-07-16 12:00:00+00:00,10488.3,10502.1,10483.1,10486.1,1186
2026-07-16 12:15:00+00:00,10486.6,10491.1,10474.3,10476.6,1089
2026-07-16 12:30:00+00:00,10477.6,10479.6,10459.3,10463.1,1286
2026-07-16 12:45:00+00:00,10463.3,10470.6,10459.6,10460.6,939
2026-07-16 13:00:00+00:00,10460.8,10468.3,10452.8,10467.8,993
2026-07-16 13:15:00+00:00,10467.3,10469.6,10459.8,10465.6,850
2026-07-16 13:30:00+00:00,10466.1,10477.6,10454.1,10476.1,1957
2026-07-16 13:45:00+00:00,10476.3,10493.3,10474.6,10493.3,1671
2026-07-16 14:00:00+00:00,10493.6,10517.1,10493.1,10509.6,1562
2026-07-16 14:15:00+00:00,10509.8,10523.1,10506.1,10521.6,1064
2026-07-16 14:30:00+00:00,10521.1,10521.8,10510.8,10521.6,993
2026-07-16 14:45:00+00:00,10521.3,10536.1,10517.3,10529.6,970
2026-07-16 15:00:00+00:00,10529.1,10550.8,10528.1,10549.3,881
2026-07-16 15:15:00+00:00,10548.8,10567.6,10545.3,10556.8,1121
2026-07-16 15:30:00+00:00,10557.1,10591.8,10556.3,10589.6,1418
2026-07-16 15:45:00+00:00,10589.3,10589.8,10563.8,10574.1,780
2026-07-16 16:00:00+00:00,10574.3,10577.6,10564.6,10571.1,679
2026-07-16 16:15:00+00:00,10570.8,10573.8,10558.8,10563.3,831
2026-07-16 16:30:00+00:00,10564.3,10575.6,10561.6,10573.1,517
2026-07-16 16:45:00+00:00,10573.6,10585.3,10569.6,10584.8,480
2026-07-16 17:00:00+00:00,10585.3,10594.1,10583.8,10584.3,353
2026-07-16 17:15:00+00:00,10583.8,10588.1,10582.6,10586.8,313
2026-07-16 17:30:00+00:00,10586.3,10590.1,10578.3,10581.6,392
2026-07-16 17:45:00+00:00,10581.3,10585.3,10578.1,10580.8,290
2026-07-16 18:00:00+00:00,10581.1,10582.6,10568.6,10579.3,469
2026-07-16 18:15:00+00:00,10579.6,10588.1,10575.8,10582.1,374
2026-07-16 18:30:00+00:00,10581.6,10582.1,10569.6,10574.3,409
2026-07-16 18:45:00+00:00,10574.1,10586.1,10572.8,10574.8,422
2026-07-16 19:00:00+00:00,10574.6,10580.1,10571.6,10575.6,404
2026-07-16 19:15:00+00:00,10575.3,10580.3,10570.6,10572.1,359
2026-07-16 19:30:00+00:00,10571.6,10571.6,10560.1,10567.6,537
2026-07-16 19:45:00+00:00,10567.1,10582.1,10559.3,10578.1,921
2026-07-16 20:00:00+00:00,10574.9,10577.5,10567.2,10567.5,915
2026-07-16 20:30:00+00:00,10569.1,10570.4,10567.0,10568.7,316
2026-07-16 20:45:00+00:00,10568.9,10570.2,10567.3,10569.4,240
2026-07-16 22:00:00+00:00,10573.8,10573.9,10569.7,10570.4,275
2026-07-16 22:15:00+00:00,10570.5,10570.6,10566.7,10567.2,352
2026-07-16 22:30:00+00:00,10567.3,10568.2,10565.3,10567.3,294
2026-07-16 22:45:00+00:00,10567.5,10567.5,10564.4,10566.5,339
2026-07-16 23:00:00+00:00,10566.7,10567.5,10562.1,10565.3,389
2026-07-16 23:15:00+00:00,10565.4,10565.5,10559.9,10562.1,391
2026-07-16 23:30:00+00:00,10562.2,10565.2,10558.3,10563.3,475
2026-07-16 23:45:00+00:00,10563.6,10564.8,10560.4,10561.7,745
2026-07-17 00:00:00+00:00,10561.2,10567.1,10548.1,10553.2,1438
2026-07-17 00:15:00+00:00,10553.3,10559.3,10549.5,10551.6,1420
2026-07-17 00:30:00+00:00,10551.7,10553.7,10543.2,10545.7,1034
2026-07-17 00:45:00+00:00,10545.5,10559.6,10545.3,10553.9,1127
2026-07-17 01:00:00+00:00,10554.1,10562.0,10552.8,10557.2,1605
2026-07-17 01:15:00+00:00,10557.4,10561.8,10547.9,10552.2,1413
2026-07-17 01:30:00+00:00,10552.0,10556.8,10544.1,10544.9,1426
2026-07-17 01:45:00+00:00,10544.7,10544.9,10534.1,10534.9,1233
2026-07-17 02:00:00+00:00,10535.0,10540.3,10530.5,10531.9,1237
2026-07-17 02:15:00+00:00,10531.5,10532.7,10525.2,10527.8,732
2026-07-17 02:30:00+00:00,10527.6,10530.3,10524.8,10530.3,790
2026-07-17 02:45:00+00:00,10530.1,10530.8,10522.9,10530.6,709
2026-07-17 03:00:00+00:00,10530.8,10541.2,10530.8,10538.6,622
2026-07-17 03:15:00+00:00,10539.1,10545.9,10538.6,10541.4,589
2026-07-17 03:30:00+00:00,10541.2,10541.8,10532.7,10534.3,1047
2026-07-17 03:45:00+00:00,10534.4,10534.6,10521.3,10521.7,828
2026-07-17 04:00:00+00:00,10521.8,10522.6,10517.6,10517.9,962
2026-07-17 04:15:00+00:00,10517.7,10517.7,10503.6,10506.6,884
2026-07-17 04:30:00+00:00,10506.3,10509.2,10502.2,10508.1,1164
2026-07-17 04:45:00+00:00,10508.3,10516.4,10507.3,10512.5,943
2026-07-17 05:00:00+00:00,10512.7,10514.8,10508.3,10512.8,848
2026-07-17 05:15:00+00:00,10513.1,10514.3,10509.3,10511.3,850
2026-07-17 05:30:00+00:00,10510.8,10515.3,10506.8,10509.8,860
2026-07-17 05:45:00+00:00,10509.5,10523.6,10506.8,10522.3,724
2026-07-17 06:00:00+00:00,10523.6,10540.1,10522.1,10532.6,1043
2026-07-17 06:15:00+00:00,10532.3,10550.6,10531.3,10549.6,623
2026-07-17 06:30:00+00:00,10549.1,10553.6,10540.8,10547.1,603
2026-07-17 06:45:00+00:00,10546.8,10553.6,10543.6,10550.1,669
2026-07-17 07:00:00+00:00,10550.6,10583.3,10545.6,10581.6,3002
2026-07-17 07:15:00+00:00,10581.8,10605.1,10581.8,10600.1,1694
2026-07-17 07:30:00+00:00,10599.8,10616.6,10592.6,10615.3,1365
2026-07-17 07:45:00+00:00,10615.8,10619.8,10606.3,10615.6,1207
2026-07-17 08:00:00+00:00,10615.8,10631.8,10600.1,10615.1,1837
2026-07-17 08:15:00+00:00,10614.8,10616.6,10591.8,10606.1,2195
2026-07-17 08:30:00+00:00,10606.6,10608.8,10571.3,10580.6,2364
2026-07-17 08:45:00+00:00,10580.8,10589.1,10564.6,10565.6,1678
2026-07-17 09:00:00+00:00,10565.3,10575.1,10549.6,10566.1,1936
2026-07-17 09:15:00+00:00,10565.8,10582.8,10561.3,10582.8,1540
2026-07-17 09:30:00+00:00,10583.1,10590.1,10566.8,10567.8,1236
2026-07-17 09:45:00+00:00,10567.6,10573.1,10555.1,10561.8,1426
2026-07-17 10:00:00+00:00,10562.3,10572.1,10559.6,10568.1,1284
2026-07-17 10:15:00+00:00,10568.6,10580.3,10567.1,10576.3,991
2026-07-17 10:30:00+00:00,10576.6,10587.8,10565.3,10570.1,1106
2026-07-17 10:45:00+00:00,10570.3,10575.8,10560.1,10561.1,973
2026-07-17 11:00:00+00:00,10560.3,10568.6,10547.1,10551.1,1094
2026-07-17 11:15:00+00:00,10551.8,10566.6,10551.3,10562.6,974
2026-07-17 11:30:00+00:00,10562.8,10572.8,10559.8,10565.1,854
2026-07-17 11:45:00+00:00,10565.3,10580.6,10562.3,10577.8,746
2026-07-17 12:00:00+00:00,10578.1,10580.3,10560.6,10565.3,943
2026-07-17 12:15:00+00:00,10565.6,10580.6,10561.3,10577.1,937
2026-07-17 12:30:00+00:00,10577.3,10584.6,10574.3,10583.6,1028
2026-07-17 12:45:00+00:00,10583.3,10583.8,10568.8,10573.8,913
2026-07-17 13:00:00+00:00,10574.1,10574.3,10543.6,10546.6,1385
2026-07-17 13:15:00+00:00,10546.1,10553.3,10530.6,10541.1,1500
2026-07-17 13:30:00+00:00,10540.6,10579.1,10537.3,10571.6,3100
2026-07-17 13:45:00+00:00,10572.1,10603.1,10570.8,10601.3,2237
2026-07-17 14:00:00+00:00,10601.1,10603.6,10574.8,10577.6,1993
2026-07-17 14:15:00+00:00,10578.1,10586.1,10571.3,10573.8,1583
2026-07-17 14:30:00+00:00,10573.6,10580.1,10567.3,10573.6,1512
2026-07-17 14:45:00+00:00,10573.3,10588.1,10572.3,10583.6,1322
2026-07-17 15:00:00+00:00,10584.1,10584.6,10568.6,10572.3,1248
2026-07-17 15:15:00+00:00,10572.6,10591.3,10568.1,10589.3,1376
2026-07-17 15:30:00+00:00,10589.6,10608.3,10582.3,10599.1,2129
2026-07-17 15:45:00+00:00,10599.6,10610.3,10592.6,10609.8,839
2026-07-17 16:00:00+00:00,10609.3,10610.1,10591.6,10596.1,1193
2026-07-17 16:15:00+00:00,10596.3,10599.6,10574.1,10575.8,805
2026-07-17 16:30:00+00:00,10576.6,10578.1,10563.6,10570.1,622
2026-07-17 16:45:00+00:00,10570.6,10575.3,10561.1,10566.8,669
2026-07-17 17:00:00+00:00,10567.1,10571.1,10562.6,10563.6,458
2026-07-17 17:15:00+00:00,10563.8,10572.8,10562.6,10570.6,464
2026-07-17 17:30:00+00:00,10570.3,10570.3,10561.8,10565.6,442
2026-07-17 17:45:00+00:00,10565.3,10566.8,10552.1,10554.3,508
2026-07-17 18:00:00+00:00,10554.1,10554.6,10546.8,10551.1,596
2026-07-17 18:15:00+00:00,10551.3,10553.8,10546.8,10548.8,531
2026-07-17 18:30:00+00:00,10548.6,10553.3,10545.6,10547.1,477
2026-07-17 18:45:00+00:00,10546.8,10557.1,10545.1,10553.8,477
2026-07-17 19:00:00+00:00,10554.1,10554.3,10544.3,10544.6,508
2026-07-17 19:15:00+00:00,10544.3,10548.1,10537.3,10544.3,758
2026-07-17 19:30:00+00:00,10544.6,10572.8,10544.1,10570.8,879
2026-07-17 19:45:00+00:00,10571.1,10591.8,10570.8,10580.8,1183
2026-07-19 22:30:00+00:00,10581.2,10584.8,10580.7,10582.6,100
2026-07-19 22:45:00+00:00,10582.7,10584.2,10576.8,10577.9,699
2026-07-19 23:00:00+00:00,10578.0,10580.5,10574.3,10577.6,727
2026-07-19 23:15:00+00:00,10578.0,10580.2,10574.1,10575.5,583
2026-07-19 23:30:00+00:00,10575.7,10584.6,10573.4,10584.4,738
2026-07-19 23:45:00+00:00,10584.7,10587.1,10577.4,10585.7,1154
2026-07-20 00:00:00+00:00,10577.5,10588.4,10554.9,10576.1,1315
2026-07-20 00:15:00+00:00,10575.9,10582.6,10572.3,10573.6,1247
2026-07-20 00:30:00+00:00,10573.2,10573.7,10564.2,10565.1,1258
2026-07-20 00:45:00+00:00,10564.8,10570.5,10561.3,10569.8,1168
2026-07-20 01:00:00+00:00,10570.7,10585.3,10570.6,10575.6,1573
2026-07-20 01:15:00+00:00,10575.8,10585.1,10573.9,10574.8,1711
2026-07-20 01:30:00+00:00,10574.5,10575.3,10559.7,10563.4,1591
2026-07-20 01:45:00+00:00,10563.9,10566.7,10557.6,10564.2,1301
2026-07-20 02:00:00+00:00,10564.3,10573.9,10563.9,10564.4,1427
2026-07-20 02:15:00+00:00,10564.7,10565.3,10552.7,10556.4,1109
2026-07-20 02:30:00+00:00,10556.3,10572.3,10556.2,10567.9,1435
2026-07-20 02:45:00+00:00,10568.3,10575.3,10567.8,10568.3,895
2026-07-20 03:00:00+00:00,10567.5,10569.6,10560.3,10565.0,976
2026-07-20 03:15:00+00:00,10564.9,10570.0,10564.0,10564.4,1019
2026-07-20 03:30:00+00:00,10564.3,10569.3,10563.0,10569.3,1048
2026-07-20 03:45:00+00:00,10569.2,10573.7,10564.9,10567.5,759
2026-07-20 04:00:00+00:00,10567.8,10571.0,10561.0,10561.6,811
2026-07-20 04:15:00+00:00,10561.4,10569.4,10559.8,10568.6,748
2026-07-20 04:30:00+00:00,10568.5,10576.8,10566.6,10574.2,865
2026-07-20 04:45:00+00:00,10574.3,10587.5,10573.7,10580.5,805
2026-07-20 05:00:00+00:00,10581.1,10584.3,10567.8,10576.0,688
2026-07-20 05:15:00+00:00,10575.8,10577.3,10571.3,10572.3,558
2026-07-20 05:30:00+00:00,10571.8,10573.8,10561.3,10561.6,666
2026-07-20 05:45:00+00:00,10561.1,10561.1,10547.8,10551.3,570
2026-07-20 06:00:00+00:00,10552.6,10557.5,10545.3,10549.8,843
2026-07-20 06:15:00+00:00,10549.6,10555.1,10546.1,10550.3,534
2026-07-20 06:30:00+00:00,10550.1,10555.1,10544.1,10551.8,560
2026-07-20 06:45:00+00:00,10552.1,10557.1,10545.8,10551.1,627
2026-07-20 07:00:00+00:00,10551.3,10571.3,10531.1,10533.8,2538
2026-07-20 07:15:00+00:00,10533.6,10548.3,10523.8,10544.6,1862
2026-07-20 07:30:00+00:00,10544.8,10573.1,10543.1,10573.1,1633
2026-07-20 07:45:00+00:00,10572.8,10577.6,10553.3,10568.1,1285
2026-07-20 08:00:00+00:00,10567.8,10576.8,10561.6,10571.3,1239
2026-07-20 08:15:00+00:00,10571.1,10581.1,10565.6,10576.8,1018
2026-07-20 08:30:00+00:00,10577.6,10579.8,10562.1,10563.1,891
2026-07-20 08:45:00+00:00,10563.3,10573.1,10554.1,10572.1,869
2026-07-20 09:00:00+00:00,10571.8,10572.6,10558.6,10561.1,829
2026-07-20 09:15:00+00:00,10560.8,10569.8,10556.6,10566.1,636
2026-07-20 09:30:00+00:00,10566.3,10577.6,10564.3,10572.6,669
2026-07-20 09:45:00+00:00,10572.3,10575.8,10561.1,10563.6,621
2026-07-20 10:00:00+00:00,10563.1,10565.1,10554.6,10554.8,655
2026-07-20 10:15:00+00:00,10554.3,10562.1,10547.3,10557.1,572
2026-07-20 10:30:00+00:00,10556.8,10557.1,10539.3,10548.1,777
2026-07-20 10:45:00+00:00,10547.8,10556.3,10542.3,10553.6,710
2026-07-20 11:00:00+00:00,10553.1,10569.8,10551.8,10563.3,804
2026-07-20 11:15:00+00:00,10562.8,10570.6,10562.6,10568.1,553
2026-07-20 11:30:00+00:00,10568.3,10601.1,10567.1,10591.1,2115
2026-07-20 11:45:00+00:00,10591.3,10592.6,10577.8,10587.6,776
2026-07-20 12:00:00+00:00,10587.8,10588.6,10556.6,10569.1,1815
2026-07-20 12:15:00+00:00,10568.8,10578.1,10567.1,10577.8,767
2026-07-20 12:30:00+00:00,10578.1,10583.3,10568.8,10572.1,907
2026-07-20 12:45:00+00:00,10571.8,10576.6,10546.6,10553.6,1064
2026-07-20 13:00:00+00:00,10553.3,10555.3,10536.1,10536.6,1137
2026-07-20 13:15:00+00:00,10536.8,10554.1,10534.1,10551.1,914
2026-07-20 13:30:00+00:00,10550.6,10564.3,10535.3,10537.3,2095
2026-07-20 13:45:00+00:00,10537.6,10540.1,10524.8,10530.1,1507
2026-07-20 14:00:00+00:00,10529.6,10540.1,10518.3,10527.6,1751
2026-07-20 14:15:00+00:00,10527.8,10532.8,10523.6,10524.6,1417
2026-07-20 14:30:00+00:00,10524.3,10533.3,10516.3,10530.8,1256
2026-07-20 14:45:00+00:00,10530.1,10544.8,10525.8,10532.8,1230
2026-07-20 15:00:00+00:00,10532.6,10533.3,10514.6,10525.6,1893
2026-07-20 15:15:00+00:00,10525.3,10547.3,10524.6,10547.1,1295
2026-07-20 15:30:00+00:00,10547.3,10547.6,10506.3,10518.1,1890
2026-07-20 15:45:00+00:00,10517.6,10531.8,10513.6,10526.8,754
2026-07-20 16:00:00+00:00,10527.1,10529.3,10520.3,10521.1,601
2026-07-20 16:15:00+00:00,10521.3,10524.8,10512.6,10516.1,476
2026-07-20 16:30:00+00:00,10516.3,10516.6,10496.0,10507.3,980
2026-07-20 16:45:00+00:00,10507.1,10513.6,10500.1,10500.1,600
2026-07-20 17:00:00+00:00,10500.6,10505.3,10495.8,10498.3,632
2026-07-20 17:15:00+00:00,10498.1,10500.6,10492.8,10496.1,428
2026-07-20 17:30:00+00:00,10496.3,10497.6,10485.6,10486.3,367
2026-07-20 17:45:00+00:00,10485.8,10490.8,10483.8,10488.8,341
2026-07-20 18:00:00+00:00,10489.1,10496.3,10487.1,10488.1,376
2026-07-20 18:15:00+00:00,10488.6,10490.3,10479.6,10482.3,438
2026-07-20 18:30:00+00:00,10481.6,10481.6,10467.1,10467.3,744
2026-07-20 18:45:00+00:00,10467.6,10473.6,10466.6,10470.3,566
2026-07-20 19:00:00+00:00,10470.1,10473.6,10457.1,10457.1,626
2026-07-20 19:15:00+00:00,10457.6,10465.3,10454.6,10465.1,736
2026-07-20 19:30:00+00:00,10465.3,10471.6,10461.3,10470.8,791
2026-07-20 19:45:00+00:00,10471.1,10477.6,10461.8,10465.6,984
2026-07-20 20:00:00+00:00,10466.8,10471.5,10459.9,10460.7,613
2026-07-20 20:30:00+00:00,10458.2,10462.1,10457.7,10460.7,194
2026-07-20 20:45:00+00:00,10460.9,10462.6,10459.4,10461.8,178
2026-07-20 22:00:00+00:00,10456.2,10457.3,10452.3,10456.5,379
2026-07-20 22:15:00+00:00,10456.3,10457.7,10455.2,10456.3,334
2026-07-20 22:30:00+00:00,10456.4,10457.3,10453.6,10456.5,294
2026-07-20 22:45:00+00:00,10456.8,10457.3,10454.3,10455.8,236
2026-07-20 23:00:00+00:00,10456.2,10463.4,10455.2,10463.1,391
2026-07-20 23:15:00+00:00,10463.4,10470.0,10462.9,10469.7,389
2026-07-20 23:30:00+00:00,10469.6,10471.0,10468.0,10469.0,268
2026-07-20 23:45:00+00:00,10468.8,10470.7,10460.9,10465.5,913
2026-07-21 00:00:00+00:00,10470.3,10472.9,10444.2,10459.5,1138
2026-07-21 00:15:00+00:00,10459.6,10462.2,10446.5,10458.5,1468
2026-07-21 00:30:00+00:00,10458.3,10472.1,10458.0,10469.3,1063
2026-07-21 00:45:00+00:00,10469.4,10470.7,10462.7,10462.7,780
2026-07-21 01:00:00+00:00,10462.5,10472.7,10456.8,10472.2,971
2026-07-21 01:15:00+00:00,10472.7,10478.0,10464.7,10469.1,1038
2026-07-21 01:30:00+00:00,10469.2,10481.4,10466.9,10467.8,853
2026-07-21 01:45:00+00:00,10468.3,10473.4,10464.6,10467.5,828
2026-07-21 02:00:00+00:00,10467.6,10474.7,10464.0,10464.6,842
2026-07-21 02:15:00+00:00,10464.5,10472.6,10461.7,10471.9,746
2026-07-21 02:30:00+00:00,10472.1,10476.0,10471.4,10472.8,576
2026-07-21 02:45:00+00:00,10473.0,10478.0,10471.7,10477.8,384
2026-07-21 03:00:00+00:00,10478.0,10481.1,10477.5,10480.1,294
2026-07-21 03:15:00+00:00,10480.3,10486.6,10479.1,10484.3,339
2026-07-21 03:30:00+00:00,10484.1,10485.0,10480.3,10481.6,329
2026-07-21 03:45:00+00:00,10481.8,10485.1,10480.6,10482.1,305
2026-07-21 04:00:00+00:00,10482.0,10484.5,10480.4,10481.5,366
2026-07-21 04:15:00+00:00,10481.3,10483.2,10480.8,10482.7,282
2026-07-21 04:30:00+00:00,10482.6,10482.9,10479.5,10480.9,297
2026-07-21 04:45:00+00:00,10481.1,10481.3,10477.0,10477.4,277
2026-07-21 05:00:00+00:00,10477.3,10478.1,10470.6,10471.3,163
2026-07-21 05:15:00+00:00,10471.1,10475.1,10468.1,10475.1,282
2026-07-21 05:30:00+00:00,10475.3,10492.1,10472.3,10482.6,525
2026-07-21 05:45:00+00:00,10482.1,10487.1,10479.3,10480.0,340
2026-07-21 06:00:00+00:00,10481.3,10489.6,10474.8,10482.3,608
2026-07-21 06:15:00+00:00,10482.8,10489.1,10477.6,10485.3,442
2026-07-21 06:30:00+00:00,10485.8,10491.6,10483.3,10483.3,497
2026-07-21 06:45:00+00:00,10483.6,10490.6,10477.3,10489.8,411
2026-07-21 07:00:00+00:00,10490.3,10530.8,10483.1,10502.8,2924
2026-07-21 07:15:00+00:00,10502.6,10515.3,10480.3,10492.1,1661
2026-07-21 07:30:00+00:00,10493.3,10515.3,10485.3,10504.3,1294
2026-07-21 07:45:00+00:00,10504.1,10509.8,10499.6,10509.1,990
2026-07-21 08:00:00+00:00,10509.6,10525.1,10507.8,10524.6,1132
2026-07-21 08:15:00+00:00,10524.8,10533.3,10522.6,10530.3,942
2026-07-21 08:30:00+00:00,10530.1,10537.6,10526.1,10535.3,773
2026-07-21 08:45:00+00:00,10535.1,10538.1,10525.1,10533.3,610
2026-07-21 09:00:00+00:00,10532.5,10555.8,10531.3,10555.6,679
2026-07-21 09:15:00+00:00,10556.1,10559.6,10543.1,10546.1,705
2026-07-21 09:30:00+00:00,10546.6,10553.6,10540.6,10542.6,614
2026-07-21 09:45:00+00:00,10542.3,10555.8,10541.3,10545.8,687
2026-07-21 10:00:00+00:00,10546.1,10561.6,10545.5,10558.3,935
2026-07-21 10:15:00+00:00,10558.6,10565.6,10556.8,10559.1,467
2026-07-21 10:30:00+00:00,10559.6,10567.1,10553.3,10558.6,506
2026-07-21 10:45:00+00:00,10558.3,10558.3,10547.1,10548.1,683
2026-07-21 11:00:00+00:00,10546.6,10548.6,10528.6,10534.1,662
2026-07-21 11:15:00+00:00,10534.6,10542.1,10532.3,10540.1,571
2026-07-21 11:30:00+00:00,10540.3,10545.6,10533.3,10541.6,548
2026-07-21 11:45:00+00:00,10541.3,10544.8,10537.1,10542.6,430
2026-07-21 12:00:00+00:00,10542.8,10548.6,10540.6,10546.6,579
2026-07-21 12:15:00+00:00,10546.8,10548.6,10530.6,10530.6,904
2026-07-21 12:30:00+00:00,10531.1,10548.1,10526.8,10533.6,1018
2026-07-21 12:45:00+00:00,10534.1,10545.6,10531.8,10545.6,862
2026-07-21 13:00:00+00:00,10546.3,10547.1,10536.1,10545.8,773
2026-07-21 13:15:00+00:00,10546.1,10548.8,10538.1,10543.1,705
2026-07-21 13:30:00+00:00,10543.8,10556.6,10508.3,10514.1,1973
2026-07-21 13:45:00+00:00,10513.6,10537.6,10513.6,10528.3,1652
2026-07-21 14:00:00+00:00,10527.6,10560.6,10526.1,10560.1,1409
2026-07-21 14:15:00+00:00,10559.8,10574.8,10558.1,10567.1,1226
2026-07-21 14:30:00+00:00,10567.3,10573.1,10558.8,10563.6,931
2026-07-21 14:45:00+00:00,10563.8,10574.8,10562.1,10565.6,911
2026-07-21 15:00:00+00:00,10565.8,10569.6,10556.8,10567.3,773
2026-07-21 15:15:00+00:00,10567.1,10584.3,10567.1,10582.1,967
2026-07-21 15:30:00+00:00,10581.8,10595.1,10577.1,10592.8,1378
2026-07-21 15:45:00+00:00,10593.3,10603.1,10590.6,10599.8,561
2026-07-21 16:00:00+00:00,10599.3,10606.8,10595.3,10606.1,442
2026-07-21 16:15:00+00:00,10605.3,10610.1,10604.3,10608.8,331
2026-07-21 16:30:00+00:00,10609.3,10610.3,10600.6,10603.8,214
2026-07-21 16:45:00+00:00,10603.6,10607.3,10601.3,10606.3,243
2026-07-21 17:00:00+00:00,10606.8,10607.1,10599.1,10600.3,208
2026-07-21 17:15:00+00:00,10600.8,10601.1,10596.3,10598.6,172
2026-07-21 17:30:00+00:00,10598.8,10600.8,10596.1,10599.8,210
2026-07-21 17:45:00+00:00,10600.1,10603.1,10597.8,10602.8,162
2026-07-21 18:00:00+00:00,10602.6,10605.3,10598.3,10601.8,237
2026-07-21 18:15:00+00:00,10601.3,10605.8,10598.6,10604.8,189
2026-07-21 18:30:00+00:00,10605.3,10611.1,10605.1,10610.6,322
2026-07-21 18:45:00+00:00,10610.3,10613.6,10607.3,10611.3,252
2026-07-21 19:00:00+00:00,10611.8,10611.8,10600.3,10604.1,193
2026-07-21 19:15:00+00:00,10603.1,10605.1,10600.1,10603.3,247
2026-07-21 19:30:00+00:00,10603.1,10603.6,10596.1,10600.6,285
2026-07-21 19:45:00+00:00,10600.3,10608.1,10597.6,10606.1,559
2026-07-21 20:00:00+00:00,10604.8,10606.0,10600.3,10603.3,414
2026-07-21 20:30:00+00:00,10600.6,10602.5,10600.6,10601.3,66
2026-07-21 20:45:00+00:00,10601.6,10601.8,10599.6,10601.6,102
2026-07-21 22:00:00+00:00,10602.3,10603.3,10600.3,10603.3,255
2026-07-21 22:15:00+00:00,10603.0,10604.3,10599.8,10600.6,244
2026-07-21 22:30:00+00:00,10600.3,10601.3,10599.1,10599.8,217
2026-07-21 22:45:00+00:00,10599.3,10599.6,10597.4,10599.6,229
2026-07-21 23:00:00+00:00,10599.3,10600.4,10598.6,10600.1,196
2026-07-21 23:15:00+00:00,10600.3,10602.5,10598.6,10601.3,215
2026-07-21 23:30:00+00:00,10601.1,10602.3,10598.1,10598.8,249
2026-07-21 23:45:00+00:00,10598.6,10602.3,10598.5,10602.0,620
2026-07-22 00:00:00+00:00,10598.6,10603.5,10594.0,10601.3,751
2026-07-22 00:15:00+00:00,10601.4,10604.5,10598.6,10602.4,1037
2026-07-22 00:30:00+00:00,10602.8,10613.9,10602.8,10612.2,753
2026-07-22 00:45:00+00:00,10612.4,10614.7,10609.5,10614.3,692
2026-07-22 01:00:00+00:00,10614.4,10617.1,10611.2,10611.9,721
2026-07-22 01:15:00+00:00,10612.1,10615.7,10610.4,10613.6,628
2026-07-22 01:30:00+00:00,10614.0,10616.2,10608.9,10614.1,873
2026-07-22 01:45:00+00:00,10614.2,10621.8,10613.3,10619.0,540
2026-07-22 02:00:00+00:00,10618.8,10619.3,10609.8,10610.8,622
2026-07-22 02:15:00+00:00,10610.6,10616.5,10609.6,10614.1,600
2026-07-22 02:30:00+00:00,10614.0,10616.0,10609.5,10614.8,670
2026-07-22 02:45:00+00:00,10615.1,10615.1,10611.5,10613.3,540
2026-07-22 03:00:00+00:00,10613.1,10614.0,10608.0,10608.1,511
2026-07-22 03:15:00+00:00,10607.9,10615.8,10607.7,10613.1,515
2026-07-22 03:30:00+00:00,10613.0,10614.7,10604.1,10605.3,718
2026-07-22 03:45:00+00:00,10605.1,10608.9,10600.8,10606.3,550
2026-07-22 04:00:00+00:00,10606.1,10608.6,10605.5,10605.8,564
2026-07-22 04:15:00+00:00,10605.9,10608.0,10602.5,10602.6,373
2026-07-22 04:30:00+00:00,10602.8,10605.8,10599.0,10604.6,518
2026-07-22 04:45:00+00:00,10604.5,10604.6,10598.0,10600.4,414
2026-07-22 05:00:00+00:00,10600.3,10600.8,10595.6,10598.8,318
2026-07-22 05:15:00+00:00,10598.6,10606.6,10596.8,10603.8,535
2026-07-22 05:30:00+00:00,10603.6,10607.3,10599.1,10599.6,538
2026-07-22 05:45:00+00:00,10599.3,10608.6,10599.3,10605.5,493
2026-07-22 06:00:00+00:00,10606.8,10617.1,10596.0,10614.6,539
2026-07-22 06:15:00+00:00,10614.3,10614.6,10596.1,10604.6,583
2026-07-22 06:30:00+00:00,10604.3,10612.6,10598.3,10610.6,557
2026-07-22 06:45:00+00:00,10610.3,10611.3,10587.3,10596.6,700
2026-07-22 07:00:00+00:00,10597.1,10598.3,10566.1,10578.1,3021
2026-07-22 07:15:00+00:00,10578.3,10602.8,10577.8,10597.6,1413
2026-07-22 07:30:00+00:00,10598.6,10599.6,10578.3,10589.8,1494
2026-07-22 07:45:00+00:00,10589.6,10609.1,10588.3,10606.6,1300
2026-07-22 08:00:00+00:00,10606.1,10647.8,10604.6,10645.3,1726
2026-07-22 08:15:00+00:00,10645.6,10670.3,10644.6,10668.1,1569
2026-07-22 08:30:00+00:00,10668.6,10689.8,10668.6,10681.8,1604
2026-07-22 08:45:00+00:00,10681.6,10706.8,10680.6,10704.1,1430
2026-07-22 09:00:00+00:00,10704.6,10725.3,10700.3,10723.1,1430
2026-07-22 09:15:00+00:00,10722.6,10737.8,10716.6,10719.1,1229
2026-07-22 09:30:00+00:00,10718.8,10721.3,10688.6,10689.6,1448
2026-07-22 09:45:00+00:00,10689.8,10696.3,10675.8,10684.8,1252
2026-07-22 10:00:00+00:00,10684.6,10691.6,10679.8,10682.8,1234
2026-07-22 10:15:00+00:00,10683.1,10705.6,10677.6,10705.1,1395
2026-07-22 10:30:00+00:00,10704.8,10715.3,10699.8,10705.1,1197
2026-07-22 10:45:00+00:00,10704.8,10722.6,10704.1,10715.6,881
2026-07-22 11:00:00+00:00,10716.1,10722.3,10701.6,10718.1,1340
2026-07-22 11:15:00+00:00,10718.3,10722.1,10710.8,10715.8,964
2026-07-22 11:30:00+00:00,10716.1,10729.1,10693.1,10707.8,1311
2026-07-22 11:45:00+00:00,10707.3,10732.6,10704.1,10724.6,1372
2026-07-22 12:00:00+00:00,10724.8,10742.6,10723.3,10739.3,1182
2026-07-22 12:15:00+00:00,10739.6,10742.8,10730.8,10737.8,997
2026-07-22 12:30:00+00:00,10738.1,10749.8,10737.3,10742.3,1053
2026-07-22 12:45:00+00:00,10741.8,10750.3,10724.3,10740.1,1350
2026-07-22 13:00:00+00:00,10740.3,10749.6,10737.8,10748.6,1110
2026-07-22 13:15:00+00:00,10747.6,10763.6,10746.8,10758.1,1145
2026-07-22 13:30:00+00:00,10758.8,10768.1,10725.6,10728.1,2362
2026-07-22 13:45:00+00:00,10729.1,10753.8,10728.1,10750.1,1549
2026-07-22 14:00:00+00:00,10751.1,10763.3,10743.8,10751.8,1677
2026-07-22 14:15:00+00:00,10752.1,10755.6,10746.6,10750.6,1479
2026-07-22 14:30:00+00:00,10750.8,10753.6,10739.1,10740.6,1312
2026-07-22 14:45:00+00:00,10740.8,10749.1,10733.8,10746.1,1264
2026-07-22 15:00:00+00:00,10746.3,10747.6,10731.3,10733.8,1190
2026-07-22 15:15:00+00:00,10733.1,10736.6,10721.8,10723.1,1249
2026-07-22 15:30:00+00:00,10722.8,10736.8,10715.8,10734.1,1744
2026-07-22 15:45:00+00:00,10734.3,10737.1,10728.1,10732.6,616
2026-07-22 16:00:00+00:00,10732.3,10735.8,10728.8,10732.8,388
2026-07-22 16:15:00+00:00,10732.1,10735.6,10725.6,10729.8,444
2026-07-22 16:30:00+00:00,10730.1,10740.6,10728.8,10739.6,348
2026-07-22 16:45:00+00:00,10739.3,10742.1,10735.6,10741.1,327
2026-07-22 17:00:00+00:00,10741.3,10743.8,10736.1,10742.6,354
2026-07-22 17:15:00+00:00,10742.1,10745.8,10740.8,10744.3,326
2026-07-22 17:30:00+00:00,10744.6,10749.6,10741.8,10743.3,286
2026-07-22 17:45:00+00:00,10742.8,10747.6,10741.8,10745.3,261
2026-07-22 18:00:00+00:00,10745.6,10746.1,10732.6,10736.6,353
2026-07-22 18:15:00+00:00,10736.1,10738.6,10731.8,10735.1,346
2026-07-22 18:30:00+00:00,10734.8,10734.8,10729.6,10732.1,270
2026-07-22 18:45:00+00:00,10732.6,10736.8,10728.3,10733.6,278
2026-07-22 19:00:00+00:00,10734.1,10734.6,10718.8,10718.8,233
2026-07-22 19:15:00+00:00,10718.3,10720.6,10714.8,10719.8,370
2026-07-22 19:30:00+00:00,10719.3,10721.3,10715.8,10718.6,374
2026-07-22 19:45:00+00:00,10717.8,10723.8,10705.8,10715.6,760
2026-07-22 20:00:00+00:00,10716.7,10727.1,10705.9,10726.8,2338
2026-07-22 20:30:00+00:00,10722.9,10723.3,10715.2,10716.6,672
2026-07-22 20:45:00+00:00,10716.3,10720.6,10713.1,10714.7,503
2026-07-22 22:00:00+00:00,10704.8,10707.2,10703.6,10705.9,502
2026-07-22 22:15:00+00:00,10706.2,10707.7,10702.4,10702.9,467
2026-07-22 22:30:00+00:00,10703.2,10703.7,10697.0,10698.5,357
2026-07-22 22:45:00+00:00,10698.6,10705.4,10697.6,10703.4,365
2026-07-22 23:00:00+00:00,10703.6,10703.7,10698.2,10702.2,435
2026-07-22 23:15:00+00:00,10702.1,10703.7,10698.5,10703.2,288
2026-07-22 23:30:00+00:00,10703.1,10706.9,10703.1,10706.7,272
2026-07-22 23:45:00+00:00,10706.4,10712.9,10705.9,10712.9,544
2026-07-23 00:00:00+00:00,10702.9,10721.3,10702.8,10714.6,764
2026-07-23 00:15:00+00:00,10714.5,10726.3,10711.2,10718.5,1022
2026-07-23 00:30:00+00:00,10718.7,10727.7,10717.3,10726.9,831
2026-07-23 00:45:00+00:00,10726.6,10732.3,10726.4,10728.2,734
2026-07-23 01:00:00+00:00,10728.0,10731.1,10721.4,10727.0,791
2026-07-23 01:15:00+00:00,10727.2,10727.8,10719.8,10720.4,731
2026-07-23 01:30:00+00:00,10720.5,10724.7,10711.7,10721.3,1120
2026-07-23 01:45:00+00:00,10721.1,10726.8,10718.7,10722.2,864
2026-07-23 02:00:00+00:00,10722.0,10725.5,10718.6,10720.7,801
2026-07-23 02:15:00+00:00,10721.1,10723.1,10714.2,10716.8,780
2026-07-23 02:30:00+00:00,10716.4,10721.8,10712.6,10714.5,674
2026-07-23 02:45:00+00:00,10714.6,10719.8,10713.8,10718.2,593
2026-07-23 03:00:00+00:00,10718.0,10718.5,10703.7,10707.1,703
2026-07-23 03:15:00+00:00,10707.2,10711.3,10705.1,10710.3,693
2026-07-23 03:30:00+00:00,10710.8,10718.3,10708.5,10718.1,928
2026-07-23 03:45:00+00:00,10718.0,10718.0,10714.1,10714.4,588
2026-07-23 04:00:00+00:00,10714.5,10715.0,10708.2,10714.6,686
2026-07-23 04:15:00+00:00,10714.8,10719.5,10712.7,10718.4,686
2026-07-23 04:30:00+00:00,10718.3,10718.9,10715.3,10715.3,624
2026-07-23 04:45:00+00:00,10714.9,10717.6,10708.3,10711.6,611
2026-07-23 05:00:00+00:00,10711.4,10718.1,10711.3,10717.8,620
2026-07-23 05:15:00+00:00,10718.1,10721.3,10712.8,10721.3,488
2026-07-23 05:30:00+00:00,10721.0,10724.8,10712.6,10713.8,473
2026-07-23 05:45:00+00:00,10714.3,10714.3,10704.6,10704.8,465
2026-07-23 06:00:00+00:00,10705.6,10706.6,10699.6,10702.6,566
2026-07-23 06:15:00+00:00,10702.3,10710.1,10702.1,10704.8,403
2026-07-23 06:30:00+00:00,10705.1,10706.6,10694.8,10698.1,408
2026-07-23 06:45:00+00:00,10698.3,10714.1,10697.1,10714.1,564
2026-07-23 07:00:00+00:00,10715.1,10718.1,10652.3,10671.6,4218
2026-07-23 07:15:00+00:00,10671.1,10707.6,10671.1,10706.6,2489
2026-07-23 07:30:00+00:00,10706.8,10709.6,10686.1,10698.3,1855
2026-07-23 07:45:00+00:00,10698.1,10713.8,10686.6,10710.6,1668
2026-07-23 08:00:00+00:00,10711.1,10717.8,10695.3,10706.6,1538
2026-07-23 08:15:00+00:00,10706.3,10719.8,10701.8,10718.6,1194
2026-07-23 08:30:00+00:00,10718.1,10719.6,10696.1,10697.3,991
2026-07-23 08:45:00+00:00,10697.1,10699.1,10680.1,10698.3,1004
2026-07-23 09:00:00+00:00,10698.6,10719.3,10698.6,10701.3,1352
2026-07-23 09:15:00+00:00,10701.6,10703.3,10691.6,10693.1,928
2026-07-23 09:30:00+00:00,10693.6,10702.6,10685.1,10700.1,964
2026-07-23 09:45:00+00:00,10700.3,10704.1,10690.8,10693.1,831
2026-07-23 10:00:00+00:00,10693.3,10699.6,10685.3,10688.6,899
2026-07-23 10:15:00+00:00,10688.3,10708.6,10687.8,10704.3,742
2026-07-23 10:30:00+00:00,10704.6,10714.8,10704.1,10709.6,859
2026-07-23 10:45:00+00:00,10709.8,10717.1,10704.6,10707.1,626
2026-07-23 11:00:00+00:00,10706.8,10710.8,10690.3,10697.3,792
2026-07-23 11:15:00+00:00,10697.6,10701.3,10689.3,10693.6,668
2026-07-23 11:30:00+00:00,10693.8,10695.6,10669.3,10682.1,1119
2026-07-23 11:45:00+00:00,10681.3,10708.8,10680.1,10700.1,998
2026-07-23 12:00:00+00:00,10700.6,10701.1,10680.6,10683.5,970
2026-07-23 12:15:00+00:00,10683.8,10692.3,10660.1,10662.5,1417
2026-07-23 12:30:00+00:00,10660.8,10669.1,10638.6,10640.6,1735
2026-07-23 12:45:00+00:00,10640.3,10654.3,10632.3,10637.1,1609
2026-07-23 13:00:00+00:00,10636.8,10641.1,10607.3,10615.6,2154
2026-07-23 13:15:00+00:00,10615.3,10626.6,10607.8,10612.1,1607
2026-07-23 13:30:00+00:00,10612.6,10652.1,10609.6,10644.6,2904
2026-07-23 13:45:00+00:00,10645.1,10649.6,10637.1,10639.3,1966
2026-07-23 14:00:00+00:00,10639.6,10660.1,10635.6,10655.6,2430
2026-07-23 14:15:00+00:00,10655.3,10658.6,10629.1,10641.6,1836
2026-07-23 14:30:00+00:00,10641.3,10644.1,10623.8,10636.1,1678
2026-07-23 14:45:00+00:00,10635.6,10649.3,10626.3,10647.8,1462
2026-07-23 15:00:00+00:00,10647.6,10653.6,10629.6,10632.8,1454
2026-07-23 15:15:00+00:00,10632.6,10637.8,10620.8,10628.3,1767
2026-07-23 15:30:00+00:00,10628.6,10641.8,10618.3,10633.1,2076
2026-07-23 15:45:00+00:00,10633.6,10635.1,10623.3,10633.1,947
2026-07-23 16:00:00+00:00,10633.8,10637.8,10630.6,10632.3,743
2026-07-23 16:15:00+00:00,10632.6,10644.3,10632.6,10642.1,605
2026-07-23 16:30:00+00:00,10641.8,10643.6,10627.8,10628.1,438
2026-07-23 16:45:00+00:00,10628.3,10628.8,10618.3,10624.6,432
2026-07-23 17:00:00+00:00,10625.1,10625.1,10600.6,10604.6,933
2026-07-23 17:15:00+00:00,10604.8,10618.3,10602.1,10610.8,626
2026-07-23 17:30:00+00:00,10610.1,10613.1,10605.1,10608.1,575
2026-07-23 17:45:00+00:00,10607.8,10613.1,10604.1,10604.8,520
2026-07-23 18:00:00+00:00,10604.3,10605.8,10596.8,10596.8,483
2026-07-23 18:15:00+00:00,10596.3,10608.1,10595.1,10606.8,483
2026-07-23 18:30:00+00:00,10606.6,10607.8,10598.3,10601.6,389
2026-07-23 18:45:00+00:00,10601.3,10605.1,10595.6,10597.1,322
2026-07-23 19:00:00+00:00,10597.3,10602.1,10593.6,10594.8,338
2026-07-23 19:15:00+00:00,10595.1,10605.1,10594.3,10602.8,380
2026-07-23 19:30:00+00:00,10603.1,10603.8,10595.8,10599.3,524
2026-07-23 19:45:00+00:00,10599.6,10609.1,10591.1,10608.6,940
2026-07-23 20:00:00+00:00,10607.0,10620.9,10607.0,10618.2,1509
2026-07-23 20:30:00+00:00,10620.1,10623.1,10617.7,10618.4,499
2026-07-23 20:45:00+00:00,10618.3,10621.1,10617.4,10620.6,349
2026-07-23 22:00:00+00:00,10611.2,10613.0,10608.2,10609.9,396
2026-07-23 22:15:00+00:00,10609.8,10614.9,10608.4,10611.9,501
2026-07-23 22:30:00+00:00,10612.2,10614.9,10611.4,10613.7,404
2026-07-23 22:45:00+00:00,10613.4,10618.9,10613.4,10618.4,385
2026-07-23 23:00:00+00:00,10618.5,10618.9,10612.9,10614.4,424
2026-07-23 23:15:00+00:00,10614.3,10616.2,10613.3,10615.3,316
2026-07-23 23:30:00+00:00,10615.2,10615.7,10609.7,10613.9,456
2026-07-23 23:45:00+00:00,10614.4,10617.3,10610.2,10615.0,956
2026-07-24 00:00:00+00:00,10617.1,10622.0,10604.3,10606.6,1119
2026-07-24 00:15:00+00:00,10606.9,10614.2,10598.9,10606.6,1488
2026-07-24 00:30:00+00:00,10606.4,10614.7,10602.1,10613.0,1308
2026-07-24 00:45:00+00:00,10612.9,10617.9,10607.3,10613.4,1391
2026-07-24 01:00:00+00:00,10613.6,10617.1,10604.7,10605.2,1188
2026-07-24 01:15:00+00:00,10605.4,10612.1,10604.4,10605.7,1079
2026-07-24 01:30:00+00:00,10605.9,10617.3,10605.7,10614.7,1185
2026-07-24 01:45:00+00:00,10614.4,10615.6,10605.4,10607.2,1004
2026-07-24 02:00:00+00:00,10606.6,10609.8,10602.3,10608.4,948
2026-07-24 02:15:00+00:00,10608.8,10610.5,10604.6,10608.4,739
2026-07-24 02:30:00+00:00,10608.3,10608.5,10596.3,10596.6,711
2026-07-24 02:45:00+00:00,10596.2,10596.7,10588.5,10588.7,946
2026-07-24 03:00:00+00:00,10588.8,10594.6,10588.1,10593.1,706
2026-07-24 03:15:00+00:00,10593.2,10601.6,10593.2,10598.7,863
2026-07-24 03:30:00+00:00,10598.9,10601.7,10595.2,10598.0,1003
2026-07-24 03:45:00+00:00,10597.7,10601.5,10592.0,10593.1,637
2026-07-24 04:00:00+00:00,10593.2,10597.2,10590.6,10591.5,698
2026-07-24 04:15:00+00:00,10591.4,10602.8,10591.0,10601.9,676
2026-07-24 04:30:00+00:00,10601.6,10602.7,10593.4,10597.2,674
2026-07-24 04:45:00+00:00,10597.0,10605.0,10595.1,10604.6,568
2026-07-24 05:00:00+00:00,10605.2,10611.3,10601.3,10609.8,549
2026-07-24 05:15:00+00:00,10609.3,10614.3,10608.3,10611.6,572
2026-07-24 05:30:00+00:00,10611.8,10613.3,10606.3,10612.3,564
2026-07-24 05:45:00+00:00,10612.1,10616.3,10602.3,10605.5,486
2026-07-24 06:00:00+00:00,10606.3,10606.3,10584.8,10597.8,649
2026-07-24 06:15:00+00:00,10598.3,10608.1,10590.6,10592.1,598
2026-07-24 06:30:00+00:00,10592.3,10594.8,10580.3,10580.6,662
2026-07-24 06:45:00+00:00,10581.1,10592.6,10575.1,10591.1,808
2026-07-24 07:00:00+00:00,10590.3,10645.8,10589.3,10645.6,2702
2026-07-24 07:15:00+00:00,10645.8,10673.1,10640.1,10667.1,1653
2026-07-24 07:30:00+00:00,10667.6,10670.6,10658.6,10667.6,1524
2026-07-24 07:45:00+00:00,10667.8,10673.1,10656.1,10663.6,1079
2026-07-24 08:00:00+00:00,10660.1,10678.6,10657.3,10670.6,1275
2026-07-24 08:15:00+00:00,10670.1,10681.8,10660.1,10681.3,1101
2026-07-24 08:30:00+00:00,10675.3,10697.1,10674.8,10682.6,1075
2026-07-24 08:45:00+00:00,10682.8,10688.8,10672.8,10678.6,971
2026-07-24 09:00:00+00:00,10678.8,10688.6,10671.1,10686.1,998
2026-07-24 09:15:00+00:00,10685.6,10685.6,10675.6,10679.6,837
2026-07-24 09:30:00+00:00,10679.3,10684.3,10670.8,10672.6,646
2026-07-24 09:45:00+00:00,10672.8,10678.6,10671.1,10675.8,680
2026-07-24 10:00:00+00:00,10676.3,10683.6,10671.3,10673.3,619
2026-07-24 10:15:00+00:00,10673.1,10675.8,10666.3,10671.6,546
2026-07-24 10:30:00+00:00,10671.8,10677.6,10667.1,10671.6,698
2026-07-24 10:45:00+00:00,10671.8,10674.3,10663.8,10667.1,565
2026-07-24 11:00:00+00:00,10666.8,10671.8,10644.8,10646.6,842
2026-07-24 11:15:00+00:00,10646.8,10649.1,10639.6,10648.6,601
2026-07-24 11:30:00+00:00,10648.8,10657.6,10644.3,10651.3,783
2026-07-24 11:45:00+00:00,10651.6,10669.8,10650.6,10666.1,984
2026-07-24 12:00:00+00:00,10667.1,10678.3,10661.8,10673.1,887
2026-07-24 12:15:00+00:00,10672.6,10679.6,10667.6,10673.6,755
2026-07-24 12:30:00+00:00,10673.3,10680.1,10668.1,10670.3,649
2026-07-24 12:45:00+00:00,10670.8,10675.8,10659.1,10662.6,694
2026-07-24 13:00:00+00:00,10662.1,10679.1,10661.6,10676.6,685
2026-07-24 13:15:00+00:00,10676.8,10704.3,10676.1,10703.6,743
2026-07-24 13:30:00+00:00,10703.8,10705.6,10679.1,10697.1,2006
2026-07-24 13:45:00+00:00,10695.1,10712.6,10694.1,10700.1,1436
2026-07-24 14:00:00+00:00,10699.8,10714.6,10695.6,10713.3,1526
2026-07-24 14:15:00+00:00,10713.1,10717.3,10694.3,10701.6,1418
2026-07-24 14:30:00+00:00,10702.1,10713.6,10702.1,10703.6,1258
2026-07-24 14:45:00+00:00,10703.1,10710.8,10695.6,10708.6,1169
2026-07-24 15:00:00+00:00,10709.1,10732.1,10705.1,10729.8,1490
2026-07-24 15:15:00+00:00,10729.6,10737.8,10726.8,10736.1,1574
2026-07-24 15:30:00+00:00,10735.6,10746.3,10731.8,10734.3,1988
2026-07-24 15:45:00+00:00,10734.1,10736.6,10723.1,10726.6,647
2026-07-24 16:00:00+00:00,10726.8,10737.1,10726.3,10732.3,492
2026-07-24 16:15:00+00:00,10732.1,10735.6,10729.1,10732.6,355
2026-07-24 16:30:00+00:00,10732.8,10733.1,10717.3,10718.1,485
2026-07-24 16:45:00+00:00,10718.6,10733.8,10716.6,10732.6,448
2026-07-24 17:00:00+00:00,10733.1,10736.3,10720.6,10729.3,938
2026-07-24 17:15:00+00:00,10729.6,10743.1,10728.8,10743.1,493
2026-07-24 17:30:00+00:00,10742.8,10742.8,10734.1,10734.6,416
2026-07-24 17:45:00+00:00,10734.1,10739.6,10733.6,10734.6,371
2026-07-24 18:00:00+00:00,10734.3,10739.3,10733.3,10733.6,365
2026-07-24 18:15:00+00:00,10733.3,10734.3,10726.8,10727.6,501
2026-07-24 18:30:00+00:00,10727.3,10729.1,10714.3,10718.6,836
2026-07-24 18:45:00+00:00,10719.1,10725.8,10718.6,10722.6,524
2026-07-24 19:00:00+00:00,10723.1,10724.6,10714.1,10714.1,646
2026-07-24 19:15:00+00:00,10714.3,10717.6,10711.1,10713.6,585
2026-07-24 19:30:00+00:00,10713.8,10725.6,10713.1,10725.6,749
2026-07-24 19:45:00+00:00,10725.1,10725.8,10715.8,10721.8,602
2026-07-26 22:00:00+00:00,10770.8,10778.3,10770.1,10773.8,456
2026-07-26 22:15:00+00:00,10774.0,10777.0,10771.7,10775.3,623
2026-07-26 22:30:00+00:00,10775.5,10778.8,10774.5,10775.8,512
2026-07-26 22:45:00+00:00,10775.6,10776.1,10772.0,10772.7,381
2026-07-26 23:00:00+00:00,10773.0,10779.3,10772.2,10779.0,480
2026-07-26 23:15:00+00:00,10779.4,10780.4,10777.8,10779.0,309
2026-07-26 23:30:00+00:00,10779.3,10784.9,10778.7,10783.8,297
2026-07-26 23:45:00+00:00,10783.3,10791.5,10781.3,10790.5,734
2026-07-27 00:00:00+00:00,10768.3,10771.0,10745.6,10748.0,1389
2026-07-27 00:15:00+00:00,10747.5,10757.9,10731.9,10743.5,1828
2026-07-27 00:30:00+00:00,10743.9,10747.4,10738.6,10739.4,1257
2026-07-27 00:45:00+00:00,10739.6,10744.7,10733.5,10733.8,1160
2026-07-27 01:00:00+00:00,10734.9,10743.0,10733.1,10736.8,1280
2026-07-27 01:15:00+00:00,10737.0,10739.6,10727.2,10730.8,1357
2026-07-27 01:30:00+00:00,10730.7,10747.1,10729.9,10742.5,1886
2026-07-27 01:45:00+00:00,10742.6,10746.4,10737.9,10746.4,1389
2026-07-27 02:00:00+00:00,10747.3,10747.5,10742.8,10745.4,1211
2026-07-27 02:15:00+00:00,10745.2,10751.2,10744.8,10747.3,868
2026-07-27 02:30:00+00:00,10747.4,10751.0,10742.4,10750.6,877
2026-07-27 02:45:00+00:00,10750.0,10752.0,10746.7,10750.5,684
2026-07-27 03:00:00+00:00,10750.7,10758.3,10750.4,10758.1,787
2026-07-27 03:15:00+00:00,10758.2,10759.5,10753.3,10753.3,424
2026-07-27 03:30:00+00:00,10753.4,10754.1,10748.9,10750.2,809
2026-07-27 03:45:00+00:00,10749.8,10751.2,10745.9,10749.2,770
2026-07-27 04:00:00+00:00,10749.6,10752.3,10747.8,10751.0,734
2026-07-27 04:15:00+00:00,10750.6,10755.2,10748.4,10750.7,677
2026-07-27 04:30:00+00:00,10750.5,10758.3,10748.1,10757.9,713
2026-07-27 04:45:00+00:00,10757.8,10762.9,10757.3,10761.6,513
2026-07-27 05:00:00+00:00,10762.4,10762.5,10750.8,10760.3,433
2026-07-27 05:15:00+00:00,10760.6,10765.1,10759.1,10762.8,321
2026-07-27 05:30:00+00:00,10763.1,10766.3,10758.6,10765.8,411
2026-07-27 05:45:00+00:00,10765.3,10767.8,10762.1,10763.6,177
2026-07-27 06:00:00+00:00,10764.8,10787.6,10764.8,10786.1,530
2026-07-27 06:15:00+00:00,10785.8,10799.3,10782.6,10797.1,434
2026-07-27 06:30:00+00:00,10796.8,10817.1,10794.6,10815.1,568
2026-07-27 06:45:00+00:00,10815.6,10831.1,10807.1,10808.0,938
2026-07-27 07:00:00+00:00,10807.6,10819.1,10779.3,10795.1,3375
2026-07-27 07:15:00+00:00,10795.3,10795.6,10767.6,10771.1,1636
2026-07-27 07:30:00+00:00,10771.3,10786.6,10767.8,10777.6,1271
2026-07-27 07:45:00+00:00,10777.8,10790.3,10771.1,10771.3,1244
2026-07-27 08:00:00+00:00,10771.1,10775.8,10751.3,10775.8,1604
2026-07-27 08:15:00+00:00,10775.6,10776.1,10757.3,10766.8,1228
2026-07-27 08:30:00+00:00,10767.3,10784.6,10761.6,10784.6,1090
2026-07-27 08:45:00+00:00,10784.8,10785.6,10774.8,10784.6,957
2026-07-27 09:00:00+00:00,10783.6,10786.1,10772.8,10775.1,954
2026-07-27 09:15:00+00:00,10775.6,10790.3,10773.1,10782.1,802
2026-07-27 09:30:00+00:00,10781.8,10785.8,10769.8,10776.3,788
2026-07-27 09:45:00+00:00,10776.1,10781.6,10772.6,10774.3,639
2026-07-27 10:00:00+00:00,10773.8,10784.1,10771.1,10782.8,799
2026-07-27 10:15:00+00:00,10783.1,10789.6,10781.1,10785.3,567
2026-07-27 10:30:00+00:00,10786.1,10788.8,10778.3,10785.3,537
2026-07-27 10:45:00+00:00,10785.6,10801.6,10785.6,10800.1,714
2026-07-27 11:00:00+00:00,10800.3,10811.8,10799.3,10809.3,716
2026-07-27 11:15:00+00:00,10809.6,10810.1,10797.3,10797.3,677
2026-07-27 11:30:00+00:00,10797.1,10803.6,10794.1,10798.1,829
2026-07-27 11:45:00+00:00,10797.6,10805.3,10796.6,10797.1,584
2026-07-27 12:00:00+00:00,10797.3,10805.6,10788.1,10788.3,828
2026-07-27 12:15:00+00:00,10788.8,10790.8,10777.1,10777.1,724
2026-07-27 12:30:00+00:00,10776.8,10782.3,10774.6,10777.8,785
2026-07-27 12:45:00+00:00,10777.3,10780.3,10769.8,10777.6,765
2026-07-27 13:00:00+00:00,10777.8,10785.3,10773.3,10783.3,986
2026-07-27 13:15:00+00:00,10784.1,10793.6,10784.1,10786.6,863
2026-07-27 13:30:00+00:00,10787.1,10808.8,10769.6,10798.8,2555
2026-07-27 13:45:00+00:00,10799.1,10817.1,10791.6,10796.6,1774
2026-07-27 14:00:00+00:00,10797.1,10820.6,10793.6,10811.6,1893
2026-07-27 14:15:00+00:00,10812.1,10817.1,10798.6,10798.8,1522
2026-07-27 14:30:00+00:00,10799.1,10810.8,10793.6,10801.6,2144
2026-07-27 14:45:00+00:00,10801.8,10819.6,10800.1,10819.1,1750
2026-07-27 15:00:00+00:00,10819.3,10819.3,10804.1,10814.8,1427
2026-07-27 15:15:00+00:00,10814.6,10817.3,10798.8,10799.6,1528
2026-07-27 15:30:00+00:00,10799.3,10800.3,10772.6,10777.8,1766
2026-07-27 15:45:00+00:00,10778.1,10781.6,10772.6,10778.6,949
2026-07-27 16:00:00+00:00,10778.8,10784.6,10771.1,10775.1,843
2026-07-27 16:15:00+00:00,10775.3,10788.1,10767.3,10782.3,1490
2026-07-27 16:30:00+00:00,10782.6,10791.6,10777.6,10780.6,780
2026-07-27 16:45:00+00:00,10781.1,10783.6,10765.6,10766.6,685
2026-07-27 17:00:00+00:00,10766.8,10767.6,10757.6,10762.3,720
2026-07-27 17:15:00+00:00,10762.1,10773.8,10759.6,10770.8,519
2026-07-27 17:30:00+00:00,10770.6,10774.1,10764.6,10768.1,541
2026-07-27 17:45:00+00:00,10768.6,10770.3,10762.8,10769.6,441
2026-07-27 18:00:00+00:00,10769.8,10770.3,10765.1,10765.6,387
2026-07-27 18:15:00+00:00,10765.3,10767.6,10760.1,10766.1,375
2026-07-27 18:30:00+00:00,10765.8,10768.6,10758.6,10768.1,669
2026-07-27 18:45:00+00:00,10768.6,10786.3,10767.8,10784.6,551
2026-07-27 19:00:00+00:00,10784.3,10789.8,10779.6,10787.3,467
2026-07-27 19:15:00+00:00,10786.8,10789.8,10784.6,10787.8,346
2026-07-27 19:30:00+00:00,10787.6,10795.6,10784.8,10794.3,466
2026-07-27 19:45:00+00:00,10794.8,10795.1,10786.8,10791.8,569
2026-07-27 20:00:00+00:00,10791.0,10795.8,10786.7,10789.7,445
2026-07-27 20:30:00+00:00,10790.4,10798.1,10789.5,10794.3,238
2026-07-27 20:45:00+00:00,10794.6,10794.8,10791.5,10794.6,184
2026-07-27 22:00:00+00:00,10792.4,10793.7,10788.2,10788.7,285
2026-07-27 22:15:00+00:00,10789.0,10790.2,10785.7,10786.2,363
2026-07-27 22:30:00+00:00,10786.3,10790.1,10786.2,10786.9,289
2026-07-27 22:45:00+00:00,10787.2,10788.6,10785.7,10786.1,235
2026-07-27 23:00:00+00:00,10786.2,10788.7,10781.6,10785.2,407
2026-07-27 23:15:00+00:00,10784.9,10790.5,10783.4,10790.2,403
2026-07-27 23:30:00+00:00,10790.1,10790.2,10786.4,10786.8,283
2026-07-27 23:45:00+00:00,10787.2,10792.2,10783.4,10790.2,1019
2026-07-28 00:00:00+00:00,10788.2,10790.5,10777.3,10777.7,906
2026-07-28 00:15:00+00:00,10777.8,10778.5,10765.4,10768.9,1155
2026-07-28 00:30:00+00:00,10768.7,10776.0,10763.3,10775.5,1057
2026-07-28 00:45:00+00:00,10775.4,10776.1,10766.2,10767.9,1091
2026-07-28 01:00:00+00:00,10768.1,10770.8,10763.0,10764.2,986
2026-07-28 01:15:00+00:00,10764.7,10774.7,10762.9,10771.9,740
2026-07-28 01:30:00+00:00,10771.5,10773.9,10763.9,10768.5,910
2026-07-28 01:45:00+00:00,10768.3,10771.6,10757.1,10760.5,989
2026-07-28 02:00:00+00:00,10760.7,10762.5,10758.2,10761.2,681
2026-07-28 02:15:00+00:00,10761.1,10770.9,10759.9,10764.8,700
2026-07-28 02:30:00+00:00,10764.7,10766.8,10760.3,10761.5,803
2026-07-28 02:45:00+00:00,10761.6,10768.2,10760.3,10762.8,873
2026-07-28 03:00:00+00:00,10763.0,10764.7,10758.1,10763.9,714
2026-07-28 03:15:00+00:00,10763.6,10775.3,10762.9,10765.9,780
2026-07-28 03:30:00+00:00,10765.3,10785.9,10761.9,10784.1,1067
2026-07-28 03:45:00+00:00,10784.3,10787.8,10781.6,10787.0,802
2026-07-28 04:00:00+00:00,10786.9,10786.9,10772.9,10773.1,770
2026-07-28 04:15:00+00:00,10773.0,10777.7,10770.8,10773.3,691
2026-07-28 04:30:00+00:00,10773.1,10775.8,10771.4,10775.4,645
2026-07-28 04:45:00+00:00,10775.0,10776.5,10768.0,10770.2,577
2026-07-28 05:00:00+00:00,10773.0,10778.3,10765.3,10768.6,461
2026-07-28 05:15:00+00:00,10768.3,10772.3,10764.6,10770.6,192
2026-07-28 05:30:00+00:00,10770.8,10770.8,10756.0,10759.1,407
2026-07-28 05:45:00+00:00,10758.8,10768.5,10758.6,10767.8,237
2026-07-28 06:00:00+00:00,10769.8,10795.8,10769.8,10788.3,437
2026-07-28 06:15:00+00:00,10788.8,10805.1,10788.8,10804.1,461
2026-07-28 06:30:00+00:00,10803.1,10822.8,10799.6,10821.1,546
2026-07-28 06:45:00+00:00,10820.8,10829.1,10798.8,10798.8,547
2026-07-28 07:00:00+00:00,10798.3,10817.6,10765.8,10784.6,2872
2026-07-28 07:15:00+00:00,10784.1,10816.6,10783.6,10809.1,1665
2026-07-28 07:30:00+00:00,10808.6,10809.6,10792.6,10792.8,1329
2026-07-28 07:45:00+00:00,10793.1,10805.3,10791.1,10792.3,1158
2026-07-28 08:00:00+00:00,10791.8,10810.8,10788.3,10791.8,1273
2026-07-28 08:15:00+00:00,10791.3,10797.3,10778.6,10796.8,1430
2026-07-28 08:30:00+00:00,10797.1,10827.1,10792.1,10825.8,1050
2026-07-28 08:45:00+00:00,10825.6,10836.1,10818.1,10826.1,1027
2026-07-28 09:00:00+00:00,10826.6,10842.1,10824.6,10835.6,824
2026-07-28 09:15:00+00:00,10836.1,10847.6,10834.8,10847.6,651
2026-07-28 09:30:00+00:00,10848.1,10848.3,10834.6,10834.6,669
2026-07-28 09:45:00+00:00,10835.6,10848.3,10835.1,10845.1,622
2026-07-28 10:00:00+00:00,10845.6,10854.6,10841.1,10850.1,821
2026-07-28 10:15:00+00:00,10850.3,10850.8,10834.1,10839.1,700
2026-07-28 10:30:00+00:00,10839.3,10839.6,10825.1,10832.1,983
2026-07-28 10:45:00+00:00,10833.1,10837.1,10830.3,10834.6,776
2026-07-28 11:00:00+00:00,10834.8,10838.1,10821.3,10827.3,1349
2026-07-28 11:15:00+00:00,10827.1,10848.3,10825.6,10830.1,1142
2026-07-28 11:30:00+00:00,10829.6,10838.8,10822.6,10825.3,937
2026-07-28 11:45:00+00:00,10825.1,10828.8,10820.1,10825.8,834
2026-07-28 12:00:00+00:00,10826.1,10840.8,10822.8,10833.6,883
2026-07-28 12:15:00+00:00,10833.8,10838.8,10830.8,10836.1,711
2026-07-28 12:30:00+00:00,10836.6,10839.1,10819.6,10821.6,791
2026-07-28 12:45:00+00:00,10821.8,10825.6,10805.6,10807.1,791
2026-07-28 13:00:00+00:00,10806.8,10810.1,10796.8,10807.1,834
2026-07-28 13:15:00+00:00,10806.8,10815.8,10806.1,10814.6,785
2026-07-28 13:30:00+00:00,10815.1,10839.1,10810.6,10834.6,2217
2026-07-28 13:45:00+00:00,10834.3,10857.8,10829.8,10855.1,1798
2026-07-28 14:00:00+00:00,10854.8,10878.6,10846.6,10878.1,1759
2026-07-28 14:15:00+00:00,10878.3,10881.8,10863.6,10876.1,1473
2026-07-28 14:30:00+00:00,10875.8,10875.8,10859.1,10868.6,1320
2026-07-28 14:45:00+00:00,10868.1,10873.1,10859.1,10859.8,1122
2026-07-28 15:00:00+00:00,10860.1,10872.1,10851.6,10870.1,1462
2026-07-28 15:15:00+00:00,10870.6,10881.1,10868.8,10877.6,1750
2026-07-28 15:30:00+00:00,10877.1,10895.3,10866.1,10892.1,1396
2026-07-28 15:45:00+00:00,10892.6,10902.3,10888.8,10900.1,626
2026-07-28 16:00:00+00:00,10900.3,10902.8,10893.6,10901.3,430
2026-07-28 16:15:00+00:00,10900.8,10902.1,10890.3,10890.8,336
2026-07-28 16:30:00+00:00,10890.6,10899.8,10890.3,10898.6,343
2026-07-28 16:45:00+00:00,10899.3,10911.6,10896.3,10909.8,327
2026-07-28 17:00:00+00:00,10910.1,10914.6,10901.8,10903.1,422
2026-07-28 17:15:00+00:00,10902.8,10903.1,10893.8,10894.1,392
2026-07-28 17:30:00+00:00,10893.8,10896.3,10886.1,10888.8,283
2026-07-28 17:45:00+00:00,10889.1,10892.3,10885.3,10890.1,289
2026-07-28 18:00:00+00:00,10890.6,10894.1,10888.1,10889.3,274
2026-07-28 18:15:00+00:00,10889.1,10894.6,10889.1,10892.8,277
2026-07-28 18:30:00+00:00,10893.1,10899.1,10892.3,10895.3,338
2026-07-28 18:45:00+00:00,10895.6,10901.3,10895.1,10897.8,309
2026-07-28 19:00:00+00:00,10897.6,10901.3,10896.3,10899.1,282
2026-07-28 19:15:00+00:00,10899.3,10908.1,10899.3,10906.8,305
2026-07-28 19:30:00+00:00,10906.6,10909.1,10902.1,10907.1,406
2026-07-28 19:45:00+00:00,10906.8,10906.8,10893.8,10894.8,426
2026-07-28 20:00:00+00:00,10893.8,10896.5,10885.4,10894.0,1027
2026-07-28 20:30:00+00:00,10899.5,10900.6,10893.2,10894.6,416
2026-07-28 20:45:00+00:00,10894.8,10896.3,10893.2,10895.3,230
2026-07-28 22:00:00+00:00,10898.0,10900.6,10892.0,10894.1,393
2026-07-28 22:15:00+00:00,10894.2,10895.5,10884.4,10889.4,728
2026-07-28 22:30:00+00:00,10888.9,10889.9,10877.6,10879.9,862
2026-07-28 22:45:00+00:00,10880.2,10883.9,10877.4,10879.7,1043
2026-07-28 23:00:00+00:00,10879.9,10894.1,10877.1,10892.2,1061
2026-07-28 23:15:00+00:00,10891.9,10899.3,10888.1,10897.4,806
2026-07-28 23:30:00+00:00,10897.3,10912.9,10896.3,10911.7,784
2026-07-28 23:45:00+00:00,10912.0,10925.4,10908.6,10918.6,1539
2026-07-29 00:00:00+00:00,10909.7,10909.9,10895.4,10899.5,1125
2026-07-29 00:15:00+00:00,10899.7,10913.3,10896.8,10904.3,1342
2026-07-29 00:30:00+00:00,10904.1,10906.7,10897.8,10900.9,1187
2026-07-29 00:45:00+00:00,10900.7,10902.3,10891.0,10891.8,1252
2026-07-29 01:00:00+00:00,10892.1,10894.3,10881.3,10883.3,1537
2026-07-29 01:15:00+00:00,10883.5,10893.5,10880.0,10889.6,1727
2026-07-29 01:30:00+00:00,10889.4,10892.2,10871.9,10874.6,1966
2026-07-29 01:45:00+00:00,10874.4,10877.0,10858.6,10858.6,1900
2026-07-29 02:00:00+00:00,10858.7,10869.4,10855.7,10867.2,2139
2026-07-29 02:15:00+00:00,10867.1,10869.8,10864.1,10867.9,1569
2026-07-29 02:30:00+00:00,10868.1,10875.1,10867.1,10869.5,1482
2026-07-29 02:45:00+00:00,10869.7,10870.0,10863.2,10867.4,1105
2026-07-29 03:00:00+00:00,10867.1,10868.6,10851.5,10851.5,1395
2026-07-29 03:15:00+00:00,10851.6,10855.7,10846.0,10852.8,882
2026-07-29 03:30:00+00:00,10852.5,10853.9,10846.1,10850.2,962
2026-07-29 03:45:00+00:00,10850.1,10854.3,10840.6,10844.9,776
2026-07-29 04:00:00+00:00,10845.3,10846.1,10838.6,10844.1,1274
2026-07-29 04:15:00+00:00,10843.9,10847.3,10840.5,10845.3,1335
2026-07-29 04:30:00+00:00,10845.2,10848.4,10830.6,10831.4,1150
2026-07-29 04:45:00+00:00,10831.7,10850.5,10828.4,10849.9,1293
2026-07-29 05:00:00+00:00,10850.3,10861.8,10839.5,10861.8,708
2026-07-29 05:15:00+00:00,10862.1,10862.1,10852.3,10860.3,663
2026-07-29 05:30:00+00:00,10860.6,10867.8,10858.8,10867.8,630
2026-07-29 05:45:00+00:00,10868.1,10870.1,10860.3,10870.1,684
2026-07-29 06:00:00+00:00,10870.8,10878.6,10862.3,10875.1,796
2026-07-29 06:15:00+00:00,10876.1,10889.8,10876.1,10885.6,568
2026-07-29 06:30:00+00:00,10885.8,10903.3,10885.8,10897.6,671
2026-07-29 06:45:00+00:00,10897.3,10908.6,10891.6,10897.8,658
2026-07-29 07:00:00+00:00,10897.6,10947.3,10897.3,10925.1,3659
2026-07-29 07:15:00+00:00,10925.6,10927.8,10914.1,10923.1,1758
2026-07-29 07:30:00+00:00,10923.6,10934.1,10910.1,10925.6,1453
2026-07-29 07:45:00+00:00,10925.1,10926.3,10912.6,10916.6,1443
2026-07-29 08:00:00+00:00,10916.3,10920.1,10894.1,10896.6,1663
2026-07-29 08:15:00+00:00,10896.3,10905.6,10878.8,10881.1,1623
2026-07-29 08:30:00+00:00,10881.3,10891.8,10871.6,10882.1,1566
2026-07-29 08:45:00+00:00,10882.3,10883.6,10870.1,10876.1,1193
2026-07-29 09:00:00+00:00,10876.6,10881.8,10868.1,10872.6,1138
2026-07-29 09:15:00+00:00,10873.1,10873.6,10857.1,10857.3,944
2026-07-29 09:30:00+00:00,10857.6,10872.6,10856.8,10864.8,998
2026-07-29 09:45:00+00:00,10865.1,10874.3,10862.8,10870.3,915
2026-07-29 10:00:00+00:00,10870.1,10882.1,10865.1,10879.1,1037
2026-07-29 10:15:00+00:00,10879.6,10892.1,10879.1,10890.8,838
2026-07-29 10:30:00+00:00,10891.1,10897.1,10883.6,10896.1,951
2026-07-29 10:45:00+00:00,10896.3,10897.6,10880.6,10884.6,951
2026-07-29 11:00:00+00:00,10884.8,10895.1,10880.8,10890.1,908
2026-07-29 11:15:00+00:00,10889.8,10901.1,10883.8,10898.3,747
2026-07-29 11:30:00+00:00,10898.6,10902.1,10885.6,10890.6,797
2026-07-29 11:45:00+00:00,10891.1,10897.1,10888.3,10895.6,731
2026-07-29 12:00:00+00:00,10896.1,10903.1,10891.1,10894.1,862
2026-07-29 12:15:00+00:00,10893.8,10894.6,10866.1,10881.1,2577
2026-07-29 12:30:00+00:00,10880.6,10899.3,10876.1,10892.1,1307
2026-07-29 12:45:00+00:00,10892.6,10900.1,10881.8,10898.6,1001
2026-07-29 13:00:00+00:00,10898.8,10901.6,10889.6,10891.6,1092
2026-07-29 13:15:00+00:00,10891.3,10900.6,10888.6,10899.3,1124
2026-07-29 13:30:00+00:00,10899.6,10906.6,10890.3,10892.3,2528
2026-07-29 13:45:00+00:00,10892.6,10906.1,10882.6,10893.1,2090
2026-07-29 14:00:00+00:00,10893.3,10897.6,10878.6,10884.1,1990
2026-07-29 14:15:00+00:00,10884.6,10902.8,10883.6,10892.1,1850
2026-07-29 14:30:00+00:00,10892.3,10893.6,10865.8,10870.1,1607
2026-07-29 14:45:00+00:00,10870.6,10879.3,10866.8,10871.8,1531
2026-07-29 15:00:00+00:00,10872.1,10900.3,10868.1,10895.1,1480
2026-07-29 15:15:00+00:00,10894.8,10901.1,10885.1,10889.3,1683
2026-07-29 15:30:00+00:00,10889.8,10907.1,10879.1,10882.1,1530
2026-07-29 15:45:00+00:00,10882.3,10897.1,10879.6,10890.1,865
2026-07-29 16:00:00+00:00,10890.8,10895.6,10867.8,10868.6,734
2026-07-29 16:15:00+00:00,10868.1,10874.1,10865.1,10873.6,816
2026-07-29 16:30:00+00:00,10873.3,10877.6,10869.3,10873.6,626
2026-07-29 16:45:00+00:00,10873.3,10876.6,10870.3,10874.8,627
2026-07-29 17:00:00+00:00,10875.1,10884.1,10873.1,10882.6,597
2026-07-29 17:15:00+00:00,10882.3,10887.8,10878.6,10880.1,527
2026-07-29 17:30:00+00:00,10879.8,10880.3,10870.1,10871.3,621
2026-07-29 17:45:00+00:00,10871.1,10879.3,10868.6,10874.3,532
2026-07-29 18:00:00+00:00,10881.0,10891.3,10873.8,10878.3,2193
2026-07-29 18:15:00+00:00,10878.6,10884.1,10870.1,10880.1,1212
2026-07-29 18:30:00+00:00,10880.3,10910.6,10871.8,10908.3,2715
2026-07-29 18:45:00+00:00,10908.6,10918.8,10906.6,10911.1,1951
2026-07-29 19:00:00+00:00,10910.8,10914.3,10872.1,10878.1,2191
2026-07-29 19:15:00+00:00,10877.8,10885.8,10845.6,10851.8,2504
2026-07-29 19:30:00+00:00,10851.6,10857.8,10816.8,10821.1,2606
2026-07-29 19:45:00+00:00,10821.6,10826.3,10815.0,10825.5,1757
2026-07-29 20:00:00+00:00,10824.5,10831.2,10801.0,10815.8,2917
2026-07-29 20:30:00+00:00,10810.8,10826.4,10804.2,10821.2,1425
2026-07-29 20:45:00+00:00,10821.1,10823.8,10814.8,10817.4,1100
2026-07-29 22:00:00+00:00,10827.2,10849.0,10827.2,10843.8,971
2026-07-29 22:15:00+00:00,10844.0,10851.1,10838.5,10843.3,1123
2026-07-29 22:30:00+00:00,10843.2,10845.3,10839.5,10844.6,752
2026-07-29 22:45:00+00:00,10844.7,10847.8,10839.4,10841.9,669
2026-07-29 23:00:00+00:00,10842.1,10852.0,10841.9,10845.5,828
2026-07-29 23:15:00+00:00,10846.0,10851.7,10844.4,10848.1,676
2026-07-29 23:30:00+00:00,10848.2,10852.9,10845.3,10847.9,625
2026-07-29 23:45:00+00:00,10847.6,10852.5,10844.9,10845.5,1490
2026-07-30 00:00:00+00:00,10843.2,10857.4,10836.7,10853.5,1538
2026-07-30 00:15:00+00:00,10853.4,10855.5,10844.1,10848.5,1707
2026-07-30 00:30:00+00:00,10848.6,10849.4,10823.0,10824.8,1448
2026-07-30 00:45:00+00:00,10827.9,10833.5,10824.8,10830.3,1644
2026-07-30 01:00:00+00:00,10830.5,10850.3,10830.4,10835.9,1746
2026-07-30 01:15:00+00:00,10835.8,10847.5,10835.8,10845.5,1590
2026-07-30 01:30:00+00:00,10844.7,10856.9,10844.7,10854.2,1000
2026-07-30 01:45:00+00:00,10854.6,10856.2,10847.3,10847.5,864
2026-07-30 02:00:00+00:00,10847.6,10853.3,10839.2,10839.4,922
2026-07-30 02:15:00+00:00,10839.6,10840.8,10834.5,10837.0,941
2026-07-30 02:30:00+00:00,10836.8,10837.3,10829.6,10834.7,936
2026-07-30 02:45:00+00:00,10834.5,10838.2,10825.6,10825.8,993
2026-07-30 03:00:00+00:00,10826.3,10830.7,10815.1,10817.7,1032
2026-07-30 03:15:00+00:00,10818.0,10819.3,10811.6,10812.7,1022
2026-07-30 03:30:00+00:00,10812.5,10821.5,10807.5,10812.3,1598
2026-07-30 03:45:00+00:00,10812.1,10820.7,10810.8,10816.0,1238
2026-07-30 04:00:00+00:00,10816.3,10817.1,10806.8,10807.0,1206
2026-07-30 04:15:00+00:00,10807.1,10815.8,10804.8,10814.2,1165
2026-07-30 04:30:00+00:00,10814.1,10815.7,10802.5,10804.1,1085
2026-07-30 04:45:00+00:00,10803.9,10812.5,10800.8,10801.9,1226
2026-07-30 05:00:00+00:00,10789.8,10790.8,10782.1,10788.0,712
2026-07-30 05:15:00+00:00,10787.5,10797.5,10787.5,10794.3,817
2026-07-30 05:30:00+00:00,10794.8,10806.3,10794.0,10805.6,769
2026-07-30 05:45:00+00:00,10805.8,10814.0,10796.6,10805.5,704
2026-07-30 06:00:00+00:00,10805.8,10833.6,10799.5,10829.6,953
2026-07-30 06:15:00+00:00,10829.8,10848.3,10820.8,10842.1,774
2026-07-30 06:30:00+00:00,10841.6,10845.6,10829.6,10829.6,748
2026-07-30 06:45:00+00:00,10829.3,10874.8,10828.6,10868.3,811
2026-07-30 07:00:00+00:00,10868.5,10900.8,10837.0,10900.6,3974
2026-07-30 07:15:00+00:00,10900.8,10922.8,10886.8,10922.6,2463
2026-07-30 07:30:00+00:00,10923.8,10923.8,10887.1,10921.1,2148
2026-07-30 07:45:00+00:00,10921.6,10944.6,10918.1,10931.8,1523
2026-07-30 08:00:00+00:00,10933.0,10968.8,10921.6,10956.1,1790
2026-07-30 08:15:00+00:00,10955.8,10967.3,10942.1,10961.1,1866
2026-07-30 08:30:00+00:00,10960.6,10962.1,10930.3,10933.6,1546
2026-07-30 08:45:00+00:00,10933.3,10947.1,10923.1,10935.8,1401
2026-07-30 09:00:00+00:00,10936.5,10963.8,10930.6,10960.1,1518
2026-07-30 09:15:00+00:00,10959.6,10969.6,10953.8,10957.6,1220
2026-07-30 09:30:00+00:00,10958.1,10959.1,10936.6,10942.1,1310
2026-07-30 09:45:00+00:00,10942.3,10949.6,10920.1,10920.6,1313
2026-07-30 10:00:00+00:00,10920.8,10928.6,10898.6,10904.6,1436
2026-07-30 10:15:00+00:00,10904.3,10923.8,10903.8,10917.3,1631
2026-07-30 10:30:00+00:00,10916.6,10918.1,10897.1,10898.6,1574
2026-07-30 10:45:00+00:00,10898.3,10909.6,10895.3,10902.8,1292
2026-07-30 11:00:00+00:00,10903.3,10924.1,10890.6,10917.6,1370
2026-07-30 11:15:00+00:00,10917.1,10945.6,10916.1,10943.6,1125
2026-07-30 11:30:00+00:00,10943.3,10950.6,10926.1,10933.6,1097
2026-07-30 11:45:00+00:00,10933.8,10943.1,10928.1,10935.1,840
2026-07-30 12:00:00+00:00,10935.6,10941.6,10925.1,10936.1,1005
2026-07-30 12:15:00+00:00,10936.3,10951.6,10935.6,10946.5,882
2026-07-30 12:30:00+00:00,10948.0,10949.8,10923.8,10939.6,1625
2026-07-30 12:45:00+00:00,10939.8,10946.3,10933.1,10943.1,1320
2026-07-30 13:00:00+00:00,10943.6,10967.1,10942.6,10954.1,1507
2026-07-30 13:15:00+00:00,10953.8,10962.8,10945.3,10959.3,1453
2026-07-30 13:30:00+00:00,10959.1,10960.3,10916.1,10917.6,3195
2026-07-30 13:45:00+00:00,10917.8,10946.1,10917.6,10936.6,2141
2026-07-30 14:00:00+00:00,10936.8,10937.6,10915.6,10919.6,2177
2026-07-30 14:15:00+00:00,10919.8,10926.3,10912.1,10922.8,1669
2026-07-30 14:30:00+00:00,10923.1,10930.1,10920.6,10925.6,1498
2026-07-30 14:45:00+00:00,10926.1,10929.6,10906.3,10917.6,1491
2026-07-30 15:00:00+00:00,10918.1,10919.1,10891.1,10891.1,1652
2026-07-30 15:15:00+00:00,10891.3,10896.8,10875.6,10876.1,1753
2026-07-30 15:30:00+00:00,10876.3,10908.3,10873.3,10905.8,1909
2026-07-30 15:45:00+00:00,10906.3,10911.8,10902.8,10908.6,805
2026-07-30 16:00:00+00:00,10908.8,10909.1,10901.6,10907.8,526
2026-07-30 16:15:00+00:00,10907.1,10910.3,10903.1,10908.6,460
2026-07-30 16:30:00+00:00,10908.3,10918.8,10905.6,10910.3,546
2026-07-30 16:45:00+00:00,10910.1,10915.8,10910.1,10912.3,368
2026-07-30 17:00:00+00:00,10913.6,10926.1,10913.1,10915.6,548
2026-07-30 17:15:00+00:00,10915.8,10918.6,10910.1,10912.6,348
2026-07-30 17:30:00+00:00,10912.8,10915.8,10906.3,10911.6,539
2026-07-30 17:45:00+00:00,10912.1,10914.8,10903.6,10903.6,280
2026-07-30 18:00:00+00:00,10903.8,10911.3,10901.8,10902.8,410
2026-07-30 18:15:00+00:00,10903.1,10910.8,10900.6,10910.6,389
2026-07-30 18:30:00+00:00,10910.1,10911.6,10905.3,10911.1,249
2026-07-30 18:45:00+00:00,10911.6,10914.1,10908.3,10913.6,217
2026-07-30 19:00:00+00:00,10913.8,10925.6,10913.8,10923.6,267
2026-07-30 19:15:00+00:00,10923.8,10926.6,10921.3,10924.6,282
2026-07-30 19:30:00+00:00,10924.8,10929.3,10923.1,10924.8,409
2026-07-30 19:45:00+00:00,10924.6,10937.3,10921.3,10928.5,531
2026-07-30 20:00:00+00:00,10927.5,10948.0,10926.7,10934.9,1801
2026-07-30 20:30:00+00:00,10940.3,10945.4,10927.4,10932.9,1423
2026-07-30 20:45:00+00:00,10933.0,10933.8,10924.3,10928.9,795
2026-07-30 22:00:00+00:00,10933.5,10934.9,10929.5,10931.2,454
2026-07-30 22:15:00+00:00,10931.0,10935.5,10927.8,10929.8,621
2026-07-30 22:30:00+00:00,10929.6,10936.3,10927.3,10936.3,617
2026-07-30 22:45:00+00:00,10936.6,10939.4,10935.8,10938.6,340
2026-07-30 23:00:00+00:00,10938.7,10943.5,10936.3,10936.8,496
2026-07-30 23:15:00+00:00,10937.1,10937.8,10934.3,10936.6,380
2026-07-30 23:30:00+00:00,10936.7,10941.9,10935.8,10941.7,492
2026-07-30 23:45:00+00:00,10941.4,10945.8,10935.2,10937.2,723
2026-07-31 00:00:00+00:00,10936.5,10937.3,10924.9,10928.1,832
2026-07-31 00:15:00+00:00,10928.3,10930.8,10923.5,10928.3,777
2026-07-31 00:30:00+00:00,10928.2,10931.5,10916.2,10919.3,637
2026-07-31 00:45:00+00:00,10919.4,10919.8,10913.4,10919.2,486
2026-07-31 01:00:00+00:00,10919.4,10924.9,10916.2,10918.8,635
2026-07-31 01:15:00+00:00,10918.6,10921.5,10915.5,10916.1,448
2026-07-31 01:30:00+00:00,10916.0,10916.1,10909.4,10914.6,689
2026-07-31 01:45:00+00:00,10914.5,10917.9,10913.0,10916.0,494
2026-07-31 02:00:00+00:00,10915.9,10921.0,10913.2,10913.7,628
2026-07-31 02:15:00+00:00,10913.6,10916.8,10909.6,10915.4,482
2026-07-31 02:30:00+00:00,10915.2,10920.1,10914.4,10919.8,431
2026-07-31 02:45:00+00:00,10920.2,10928.8,10920.2,10928.6,440
2026-07-31 03:00:00+00:00,10928.5,10928.5,10918.7,10921.8,527
2026-07-31 03:15:00+00:00,10921.4,10929.9,10921.0,10929.3,562
2026-07-31 03:30:00+00:00,10929.6,10934.8,10924.6,10927.0,631
2026-07-31 03:45:00+00:00,10926.9,10929.8,10922.5,10928.7,635
2026-07-31 04:00:00+00:00,10928.9,10929.5,10924.0,10929.0,448
2026-07-31 04:15:00+00:00,10928.8,10933.7,10926.8,10933.4,366
2026-07-31 04:30:00+00:00,10933.5,10942.2,10932.4,10942.2,297
2026-07-31 04:45:00+00:00,10942.3,10944.5,10940.8,10943.8,257
2026-07-31 05:00:00+00:00,10934.2,10934.6,10927.3,10930.0,181
2026-07-31 05:15:00+00:00,10930.3,10930.8,10925.6,10927.3,169
2026-07-31 05:30:00+00:00,10927.6,10930.3,10923.8,10928.6,402
2026-07-31 05:45:00+00:00,10928.3,10935.8,10928.3,10934.3,194
2026-07-31 06:00:00+00:00,10935.6,10936.1,10918.8,10920.6,316
2026-07-31 06:15:00+00:00,10920.1,10922.6,10913.6,10915.1,262
2026-07-31 06:30:00+00:00,10915.6,10918.1,10892.6,10896.1,524
2026-07-31 06:45:00+00:00,10894.6,10909.1,10882.8,10882.8,635
2026-07-31 07:00:00+00:00,10883.3,10948.6,10866.8,10947.6,3307
2026-07-31 07:15:00+00:00,10948.3,10970.3,10944.3,10964.6,1788
2026-07-31 07:30:00+00:00,10964.8,10974.1,10959.6,10971.1,1287
2026-07-31 07:45:00+00:00,10971.3,10976.8,10961.6,10972.1,984
2026-07-31 08:00:00+00:00,10971.6,10977.3,10952.6,10958.1,1542
2026-07-31 08:15:00+00:00,10957.3,10973.3,10957.1,10961.1,1188
2026-07-31 08:30:00+00:00,10960.8,10965.6,10949.6,10959.1,1160
2026-07-31 08:45:00+00:00,10959.3,10979.6,10954.3,10974.3,861
2026-07-31 09:00:00+00:00,10974.5,10976.6,10953.1,10968.3,1030
2026-07-31 09:15:00+00:00,10968.1,10970.1,10955.3,10957.3,766
2026-07-31 09:30:00+00:00,10957.1,10959.6,10937.1,10945.6,969
2026-07-31 09:45:00+00:00,10945.3,10951.1,10936.1,10937.1,873
2026-07-31 10:00:00+00:00,10936.6,10945.1,10927.1,10942.8,915
2026-07-31 10:15:00+00:00,10942.6,10948.6,10938.6,10940.8,724
2026-07-31 10:30:00+00:00,10940.6,10943.1,10933.1,10934.8,775
2026-07-31 10:45:00+00:00,10934.6,10936.6,10919.1,10919.6,669
2026-07-31 11:00:00+00:00,10919.8,10925.8,10904.6,10908.6,877
2026-07-31 11:15:00+00:00,10909.3,10922.6,10901.6,10909.1,1167
2026-07-31 11:30:00+00:00,10908.6,10910.3,10899.3,10905.1,906
2026-07-31 11:45:00+00:00,10904.6,10909.1,10899.3,10904.8,734
2026-07-31 12:00:00+00:00,10905.1,10911.8,10897.3,10903.1,866
2026-07-31 12:15:00+00:00,10902.8,10911.3,10899.6,10903.1,797
2026-07-31 12:30:00+00:00,10903.3,10911.1,10893.0,10901.3,931
2026-07-31 12:45:00+00:00,10902.1,10903.6,10890.6,10893.3,895
2026-07-31 13:00:00+00:00,10893.6,10903.1,10887.3,10893.6,835
2026-07-31 13:15:00+00:00,10893.8,10902.3,10887.8,10889.1,974
2026-07-31 13:30:00+00:00,10889.3,10893.1,10867.8,10875.6,2073
2026-07-31 13:45:00+00:00,10875.8,10875.8,10848.6,10849.1,1978
2026-07-31 14:00:00+00:00,10849.3,10855.6,10823.6,10824.3,2257
2026-07-31 14:15:00+00:00,10824.1,10855.8,10816.1,10855.3,2162
2026-07-31 14:30:00+00:00,10855.6,10862.8,10847.3,10862.6,1411
2026-07-31 14:45:00+00:00,10862.8,10875.1,10858.6,10874.8,1388
2026-07-31 15:00:00+00:00,10875.1,10878.8,10863.6,10876.6,1347
2026-07-31 15:15:00+00:00,10876.3,10878.8,10852.6,10864.6,2076
2026-07-31 15:30:00+00:00,10864.1,10874.8,10843.6,10865.8,2139
2026-07-31 15:45:00+00:00,10866.1,10870.6,10858.8,10869.1,840
2026-07-31 16:00:00+00:00,10869.3,10871.1,10853.6,10862.1,749
2026-07-31 16:15:00+00:00,10862.6,10870.1,10857.1,10867.6,569
2026-07-31 16:30:00+00:00,10867.3,10872.6,10866.6,10866.6,455
2026-07-31 16:45:00+00:00,10867.1,10869.1,10863.1,10864.6,337
2026-07-31 17:00:00+00:00,10865.1,10870.3,10860.3,10869.6,361
2026-07-31 17:15:00+00:00,10868.6,10876.1,10865.6,10875.1,438
2026-07-31 17:30:00+00:00,10874.8,10874.8,10864.8,10867.6,337
2026-07-31 17:45:00+00:00,10866.8,10871.1,10860.1,10861.8,403
2026-07-31 18:00:00+00:00,10862.1,10867.6,10860.1,10865.6,430
2026-07-31 18:15:00+00:00,10865.3,10873.1,10864.6,10870.8,201
2026-07-31 18:30:00+00:00,10870.6,10872.1,10865.1,10866.1,265
2026-07-31 18:45:00+00:00,10866.3,10866.6,10856.6,10858.1,234
2026-07-31 19:00:00+00:00,10858.3,10867.3,10852.6,10866.8,306
2026-07-31 19:15:00+00:00,10867.3,10874.6,10863.1,10872.3,287
2026-07-31 19:30:00+00:00,10872.6,10877.8,10867.6,10877.8,538
2026-07-31 19:45:00+00:00,10877.3,10877.3,10854.6,10859.3,1036
2026-08-02 22:00:00+00:00,10892.1,10900.2,10891.2,10898.0,640
2026-08-02 22:15:00+00:00,10898.1,10899.0,10891.7,10892.8,852
2026-08-02 22:30:00+00:00,10893.0,10894.2,10889.2,10889.2,444
2026-08-02 22:45:00+00:00,10888.9,10890.4,10884.5,10885.8,403
2026-08-02 23:00:00+00:00,10885.6,10890.1,10883.6,10885.1,511
2026-08-02 23:15:00+00:00,10885.4,10890.4,10885.4,10889.3,337
2026-08-02 23:30:00+00:00,10889.4,10892.0,10888.7,10890.8,377
2026-08-02 23:45:00+00:00,10890.9,10895.6,10887.4,10891.8,1049
2026-08-03 00:00:00+00:00,10878.3,10894.7,10866.5,10883.8,1066
2026-08-03 00:15:00+00:00,10883.6,10898.1,10882.6,10883.0,723
2026-08-03 00:30:00+00:00,10882.8,10896.3,10882.8,10894.4,835
2026-08-03 00:45:00+00:00,10894.3,10901.3,10891.5,10899.1,627
2026-08-03 01:00:00+00:00,10899.6,10899.6,10886.9,10888.4,743
2026-08-03 01:15:00+00:00,10888.3,10896.3,10886.1,10895.6,525
2026-08-03 01:30:00+00:00,10895.5,10898.9,10894.5,10898.9,515
2026-08-03 01:45:00+00:00,10899.1,10903.2,10898.8,10902.6,385
2026-08-03 02:00:00+00:00,10902.2,10903.1,10893.9,10894.9,270
2026-08-03 02:15:00+00:00,10894.7,10897.8,10891.8,10893.5,365
2026-08-03 02:30:00+00:00,10893.6,10895.0,10891.5,10892.6,395
2026-08-03 02:45:00+00:00,10892.7,10895.7,10892.5,10894.9,334
2026-08-03 03:00:00+00:00,10895.1,10898.0,10895.0,10897.5,322
2026-08-03 03:15:00+00:00,10897.3,10898.5,10895.2,10896.1,186
2026-08-03 03:30:00+00:00,10896.7,10900.1,10895.3,10900.1,288
2026-08-03 03:45:00+00:00,10900.3,10909.8,10899.6,10902.3,367
2026-08-03 04:00:00+00:00,10902.4,10903.7,10901.5,10902.3,196
2026-08-03 04:15:00+00:00,10902.5,10907.0,10901.9,10906.9,121
2026-08-03 04:30:00+00:00,10907.0,10907.0,10903.2,10906.4,137
2026-08-03 04:45:00+00:00,10906.5,10910.2,10902.1,10902.9,190
2026-08-03 05:00:00+00:00,10899.0,10902.0,10897.6,10900.3,119
2026-08-03 05:15:00+00:00,10899.8,10900.8,10895.6,10897.8,139
2026-08-03 05:30:00+00:00,10897.6,10898.5,10892.8,10893.3,146
2026-08-03 05:45:00+00:00,10893.8,10896.3,10887.6,10888.1,139
2026-08-03 06:00:00+00:00,10888.6,10891.6,10881.1,10882.1,258
2026-08-03 06:15:00+00:00,10882.6,10883.3,10876.8,10880.1,264
2026-08-03 06:30:00+00:00,10880.3,10893.3,10879.3,10890.1,335
2026-08-03 06:45:00+00:00,10889.8,10892.3,10849.6,10853.6,426
2026-08-03 07:00:00+00:00,10855.3,10868.8,10825.3,10847.6,3620
2026-08-03 07:15:00+00:00,10847.8,10867.8,10843.8,10853.1,1793
2026-08-03 07:30:00+00:00,10853.6,10867.8,10847.1,10849.3,1404
2026-08-03 07:45:00+00:00,10849.1,10871.1,10847.8,10869.6,1122
2026-08-03 08:00:00+00:00,10871.1,10875.6,10860.3,10870.6,1323
2026-08-03 08:15:00+00:00,10870.1,10870.3,10841.6,10847.6,1312
2026-08-03 08:30:00+00:00,10847.1,10857.6,10838.8,10854.1,1116
2026-08-03 08:45:00+00:00,10853.8,10858.6,10847.6,10851.6,938
2026-08-03 09:00:00+00:00,10851.8,10857.1,10845.3,10848.1,838
2026-08-03 09:15:00+00:00,10848.8,10854.1,10842.6,10845.1,810
2026-08-03 09:30:00+00:00,10844.1,10857.6,10842.6,10851.1,786
2026-08-03 09:45:00+00:00,10851.6,10862.8,10846.6,10846.6,729
2026-08-03 10:00:00+00:00,10846.1,10852.3,10839.6,10849.6,814
2026-08-03 10:15:00+00:00,10850.1,10854.8,10845.6,10854.6,740
2026-08-03 10:30:00+00:00,10854.1,10858.1,10848.1,10852.1,728
2026-08-03 10:45:00+00:00,10852.3,10856.8,10847.1,10855.1,670
2026-08-03 11:00:00+00:00,10854.8,10860.6,10852.3,10857.8,925
2026-08-03 11:15:00+00:00,10858.1,10879.6,10856.8,10879.1,674
2026-08-03 11:30:00+00:00,10879.3,10889.8,10877.6,10888.1,712
2026-08-03 11:45:00+00:00,10887.1,10890.1,10879.1,10882.8,654
2026-08-03 12:00:00+00:00,10881.8,10882.1,10865.6,10870.1,846
2026-08-03 12:15:00+00:00,10870.3,10871.6,10848.1,10848.1,901
2026-08-03 12:30:00+00:00,10848.3,10851.6,10843.3,10849.1,829
2026-08-03 12:45:00+00:00,10848.8,10858.8,10848.8,10858.1,961
2026-08-03 13:00:00+00:00,10858.3,10864.8,10841.6,10845.1,1037
2026-08-03 13:15:00+00:00,10845.6,10854.8,10841.6,10845.6,995
2026-08-03 13:30:00+00:00,10845.1,10854.1,10828.8,10841.1,2566
2026-08-03 13:45:00+00:00,10841.6,10851.6,10831.3,10837.0,1588
2026-08-03 14:00:00+00:00,10835.5,10858.3,10834.8,10857.8,1785
2026-08-03 14:15:00+00:00,10858.1,10859.3,10836.6,10840.6,1576
2026-08-03 14:30:00+00:00,10840.3,10852.1,10828.8,10830.6,1566
2026-08-03 14:45:00+00:00,10830.3,10833.1,10821.3,10830.3,1156
2026-08-03 15:00:00+00:00,10830.6,10838.6,10823.1,10828.1,1510
2026-08-03 15:15:00+00:00,10828.3,10845.3,10824.1,10841.3,1658
2026-08-03 15:30:00+00:00,10841.6,10864.8,10836.8,10860.8,1533
2026-08-03 15:45:00+00:00,10861.1,10866.1,10849.6,10851.6,528
2026-08-03 16:00:00+00:00,10851.3,10852.8,10842.3,10843.8,466
2026-08-03 16:15:00+00:00,10842.6,10844.1,10833.8,10836.6,356
2026-08-03 16:30:00+00:00,10836.8,10836.8,10825.8,10835.3,425
2026-08-03 16:45:00+00:00,10835.6,10836.8,10829.6,10836.1,318
2026-08-03 17:00:00+00:00,10836.3,10836.3,10830.8,10836.1,262
2026-08-03 17:15:00+00:00,10836.6,10838.1,10831.8,10836.3,233
2026-08-03 17:30:00+00:00,10835.8,10842.6,10834.3,10842.3,285
2026-08-03 17:45:00+00:00,10842.6,10845.3,10840.6,10844.3,216
2026-08-03 18:00:00+00:00,10844.6,10856.8,10842.8,10856.1,311
2026-08-03 18:15:00+00:00,10856.6,10862.6,10854.8,10855.6,333
2026-08-03 18:30:00+00:00,10855.1,10857.1,10849.6,10852.1,289
2026-08-03 18:45:00+00:00,10852.6,10853.1,10847.3,10848.6,330
2026-08-03 19:00:00+00:00,10849.1,10857.1,10848.8,10855.1,272
2026-08-03 19:15:00+00:00,10855.3,10857.3,10853.6,10854.1,201
2026-08-03 19:30:00+00:00,10854.3,10857.6,10852.1,10854.1,221
2026-08-03 19:45:00+00:00,10854.3,10863.6,10852.6,10861.3,464
2026-08-03 20:00:00+00:00,10860.3,10863.6,10856.2,10862.9,364
2026-08-03 20:30:00+00:00,10864.1,10867.4,10863.4,10866.1,143
2026-08-03 20:45:00+00:00,10866.4,10866.4,10861.3,10861.9,165
2026-08-03 22:00:00+00:00,10862.9,10866.1,10862.4,10863.1,295
2026-08-03 22:15:00+00:00,10863.4,10865.8,10863.4,10864.5,268
2026-08-03 22:30:00+00:00,10864.6,10867.4,10863.9,10866.8,294
2026-08-03 22:45:00+00:00,10866.6,10866.8,10865.1,10866.0,252
2026-08-03 23:00:00+00:00,10866.1,10866.4,10864.4,10865.1,170
2026-08-03 23:15:00+00:00,10865.3,10866.9,10864.9,10865.4,182
2026-08-03 23:30:00+00:00,10865.5,10866.9,10863.5,10863.6,233
2026-08-03 23:45:00+00:00,10863.8,10866.6,10863.4,10865.1,569
2026-08-04 00:00:00+00:00,10867.2,10871.0,10858.3,10866.0,761
2026-08-04 00:15:00+00:00,10867.0,10867.2,10860.2,10861.6,673
2026-08-04 00:30:00+00:00,10862.4,10866.8,10860.9,10863.8,657
2026-08-04 00:45:00+00:00,10863.9,10864.9,10854.2,10857.5,683
2026-08-04 01:00:00+00:00,10858.0,10864.3,10854.6,10861.8,1012
2026-08-04 01:15:00+00:00,10861.6,10867.8,10861.4,10865.7,609
2026-08-04 01:30:00+00:00,10865.6,10870.9,10863.4,10867.5,658
2026-08-04 01:45:00+00:00,10867.1,10879.1,10865.2,10877.1,551
2026-08-04 02:00:00+00:00,10877.5,10879.0,10865.5,10868.2,832
2026-08-04 02:15:00+00:00,10868.0,10871.1,10867.3,10869.1,781
2026-08-04 02:30:00+00:00,10869.3,10875.3,10869.3,10874.2,679
2026-08-04 02:45:00+00:00,10874.8,10875.1,10870.1,10872.0,490
2026-08-04 03:00:00+00:00,10871.7,10875.1,10868.9,10870.4,565
2026-08-04 03:15:00+00:00,10870.8,10874.6,10870.0,10873.7,503
2026-08-04 03:30:00+00:00,10873.5,10876.4,10869.4,10870.0,570
2026-08-04 03:45:00+00:00,10870.8,10873.2,10869.6,10872.4,455
2026-08-04 04:00:00+00:00,10872.6,10877.4,10872.2,10875.7,542
2026-08-04 04:15:00+00:00,10875.6,10879.6,10875.6,10879.2,350
2026-08-04 04:30:00+00:00,10879.3,10879.5,10872.0,10872.4,259
2026-08-04 04:45:00+00:00,10872.0,10875.5,10869.8,10870.8,418
2026-08-04 05:00:00+00:00,10871.4,10872.0,10860.8,10865.5,361
2026-08-04 05:15:00+00:00,10865.3,10869.8,10863.8,10869.8,237
2026-08-04 05:30:00+00:00,10869.3,10873.6,10867.8,10870.8,316
2026-08-04 05:45:00+00:00,10870.3,10872.3,10867.8,10870.8,334
2026-08-04 06:00:00+00:00,10871.6,10886.1,10864.6,10886.1,431
2026-08-04 06:15:00+00:00,10886.3,10887.1,10880.6,10883.1,306
2026-08-04 06:30:00+00:00,10883.3,10883.3,10869.8,10871.8,314
2026-08-04 06:45:00+00:00,10872.1,10878.1,10861.6,10872.6,466
2026-08-04 07:00:00+00:00,10872.3,10906.6,10857.1,10905.6,3360
2026-08-04 07:15:00+00:00,10905.3,10920.1,10898.8,10904.6,1557
2026-08-04 07:30:00+00:00,10904.8,10908.3,10885.6,10887.1,1404
2026-08-04 07:45:00+00:00,10887.3,10898.3,10881.3,10895.1,1189
2026-08-04 08:00:00+00:00,10894.1,10894.3,10880.8,10883.1,1288
2026-08-04 08:15:00+00:00,10883.3,10895.3,10881.6,10890.1,1190
2026-08-04 08:30:00+00:00,10890.3,10890.3,10875.3,10877.6,1022
2026-08-04 08:45:00+00:00,10877.8,10879.6,10869.6,10875.1,882
2026-08-04 09:00:00+00:00,10875.3,10877.8,10867.1,10872.6,1002
2026-08-04 09:15:00+00:00,10873.1,10876.6,10866.8,10870.6,759
2026-08-04 09:30:00+00:00,10870.8,10885.1,10868.8,10880.6,649
2026-08-04 09:45:00+00:00,10880.8,10881.6,10869.6,10874.1,582
2026-08-04 10:00:00+00:00,10874.3,10876.8,10866.3,10870.1,685
2026-08-04 10:15:00+00:00,10870.3,10872.3,10860.6,10870.6,688
2026-08-04 10:30:00+00:00,10871.3,10880.6,10868.6,10877.6,1035
2026-08-04 10:45:00+00:00,10877.1,10892.1,10876.3,10881.3,1461
2026-08-04 11:00:00+00:00,10881.6,10888.6,10877.3,10882.6,864
2026-08-04 11:15:00+00:00,10883.1,10891.1,10880.1,10890.1,736
2026-08-04 11:30:00+00:00,10890.6,10905.1,10885.1,10904.1,1088
2026-08-04 11:45:00+00:00,10904.6,10909.3,10895.6,10900.1,1650
2026-08-04 12:00:00+00:00,10899.8,10902.8,10890.1,10893.1,1045
2026-08-04 12:15:00+00:00,10893.3,10894.1,10882.1,10884.6,882
2026-08-04 12:30:00+00:00,10884.3,10886.6,10877.1,10878.3,857
2026-08-04 12:45:00+00:00,10878.6,10887.1,10878.3,10879.1,782
2026-08-04 13:00:00+00:00,10878.8,10882.6,10874.3,10882.1,755
2026-08-04 13:15:00+00:00,10881.6,10903.8,10881.3,10894.6,1387
2026-08-04 13:30:00+00:00,10894.3,10894.3,10869.3,10875.6,2569
2026-08-04 13:45:00+00:00,10876.1,10885.3,10864.1,10879.8,1572
2026-08-04 14:00:00+00:00,10879.0,10887.1,10867.1,10873.6,1615
2026-08-04 14:15:00+00:00,10873.3,10886.8,10868.6,10869.8,1286
2026-08-04 14:30:00+00:00,10869.6,10896.1,10868.1,10884.8,1441
2026-08-04 14:45:00+00:00,10885.1,10894.3,10882.8,10891.6,1258
2026-08-04 15:00:00+00:00,10891.8,10892.3,10875.6,10877.8,1196
2026-08-04 15:15:00+00:00,10878.1,10884.3,10873.3,10880.6,1158
2026-08-04 15:30:00+00:00,10879.6,10885.8,10867.6,10884.1,1832
2026-08-04 15:45:00+00:00,10883.1,10885.6,10877.1,10879.8,575
2026-08-04 16:00:00+00:00,10879.6,10889.8,10879.1,10886.3,469
2026-08-04 16:15:00+00:00,10885.8,10899.6,10885.8,10897.3,403
2026-08-04 16:30:00+00:00,10896.8,10901.3,10895.3,10898.1,368
2026-08-04 16:45:00+00:00,10897.8,10900.1,10893.6,10900.1,420
2026-08-04 17:00:00+00:00,10899.8,10899.8,10891.1,10895.6,413
2026-08-04 17:15:00+00:00,10895.8,10900.3,10893.3,10897.1,307
2026-08-04 17:30:00+00:00,10896.8,10899.1,10894.3,10897.1,213
2026-08-04 17:45:00+00:00,10897.3,10900.8,10889.6,10893.1,321
2026-08-04 18:00:00+00:00,10892.8,10904.6,10891.6,10903.1,423
2026-08-04 18:15:00+00:00,10903.3,10904.1,10899.3,10901.6,325
2026-08-04 18:30:00+00:00,10901.8,10901.8,10897.1,10899.1,282
2026-08-04 18:45:00+00:00,10899.3,10900.6,10895.8,10898.1,261
2026-08-04 19:00:00+00:00,10897.8,10904.1,10896.3,10896.6,372
2026-08-04 19:15:00+00:00,10896.8,10904.1,10896.8,10899.8,286
2026-08-04 19:30:00+00:00,10899.6,10900.3,10891.1,10895.6,400
2026-08-04 19:45:00+00:00,10894.1,10894.1,10883.6,10884.8,730
2026-08-04 20:00:00+00:00,10891.0,10902.5,10889.5,10894.2,1239
2026-08-04 20:30:00+00:00,10885.9,10892.0,10884.8,10890.3,984
2026-08-04 20:45:00+00:00,10890.2,10895.0,10889.6,10894.3,721
2026-08-04 22:00:00+00:00,10893.3,10897.9,10893.3,10897.8,378
2026-08-04 22:15:00+00:00,10897.6,10900.9,10897.0,10899.7,390
2026-08-04 22:30:00+00:00,10899.8,10902.6,10897.3,10897.7,400
2026-08-04 22:45:00+00:00,10898.1,10900.4,10897.1,10900.3,351
2026-08-04 23:00:00+00:00,10900.9,10902.4,10898.2,10901.9,312
2026-08-04 23:15:00+00:00,10902.1,10902.6,10899.2,10899.4,150
2026-08-04 23:30:00+00:00,10899.7,10900.2,10896.0,10899.3,400
2026-08-04 23:45:00+00:00,10899.4,10901.0,10896.7,10898.8,693
2026-08-05 00:00:00+00:00,10896.1,10906.0,10895.5,10902.3,579
2026-08-05 00:15:00+00:00,10902.4,10907.3,10901.0,10902.6,562
2026-08-05 00:30:00+00:00,10902.7,10903.9,10896.8,10896.8,418
2026-08-05 00:45:00+00:00,10896.3,10899.2,10894.4,10898.9,553
2026-08-05 01:00:00+00:00,10898.7,10898.7,10889.8,10892.3,584
2026-08-05 01:15:00+00:00,10892.4,10900.9,10889.9,10899.6,477
2026-08-05 01:30:00+00:00,10899.8,10904.8,10899.0,10902.7,479
2026-08-05 01:45:00+00:00,10902.8,10910.7,10902.8,10910.3,359
2026-08-05 02:00:00+00:00,10910.5,10917.0,10910.3,10913.1,566
2026-08-05 02:15:00+00:00,10913.3,10916.0,10910.1,10911.9,361
2026-08-05 02:30:00+00:00,10911.7,10913.2,10906.5,10911.3,355
2026-08-05 02:45:00+00:00,10911.1,10912.6,10908.0,10908.0,259
2026-08-05 03:00:00+00:00,10907.9,10913.0,10907.3,10912.1,282
2026-08-05 03:15:00+00:00,10912.2,10915.1,10909.9,10910.8,272
2026-08-05 03:30:00+00:00,10911.0,10915.3,10909.7,10915.0,295
2026-08-05 03:45:00+00:00,10915.2,10918.5,10915.0,10918.4,173
2026-08-05 04:00:00+00:00,10918.5,10921.4,10917.5,10917.5,224
2026-08-05 04:15:00+00:00,10916.7,10918.3,10915.2,10916.9,231
2026-08-05 04:30:00+00:00,10916.8,10920.3,10914.7,10915.9,261
2026-08-05 04:45:00+00:00,10916.1,10916.7,10911.0,10911.7,225
2026-08-05 05:00:00+00:00,10912.3,10912.5,10898.6,10906.3,206
2026-08-05 05:15:00+00:00,10906.5,10907.1,10900.6,10902.3,150
2026-08-05 05:30:00+00:00,10902.1,10910.1,10898.3,10906.3,279
2026-08-05 05:45:00+00:00,10905.8,10907.1,10900.6,10906.1,197
2026-08-05 06:00:00+00:00,10908.1,10915.8,10907.1,10912.6,356
2026-08-05 06:15:00+00:00,10912.1,10912.8,10906.6,10908.6,311
2026-08-05 06:30:00+00:00,10908.8,10914.8,10907.3,10908.6,303
2026-08-05 06:45:00+00:00,10909.1,10909.1,10895.6,10897.1,403
2026-08-05 07:00:00+00:00,10897.3,10931.1,10896.5,10910.6,2628
2026-08-05 07:15:00+00:00,10911.1,10915.6,10900.1,10903.6,1347
2026-08-05 07:30:00+00:00,10904.1,10909.3,10899.1,10900.1,1281
2026-08-05 07:45:00+00:00,10899.8,10907.1,10892.6,10897.1,1038
2026-08-05 08:00:00+00:00,10897.6,10899.1,10877.1,10878.1,1232
2026-08-05 08:15:00+00:00,10877.6,10890.6,10872.1,10889.6,967
2026-08-05 08:30:00+00:00,10889.3,10897.1,10880.1,10886.6,1024
2026-08-05 08:45:00+00:00,10886.3,10891.8,10878.1,10880.3,940
2026-08-05 09:00:00+00:00,10880.1,10887.8,10876.1,10886.1,898
2026-08-05 09:15:00+00:00,10886.6,10890.6,10878.3,10878.3,766
2026-08-05 09:30:00+00:00,10878.1,10885.1,10876.6,10878.1,636
2026-08-05 09:45:00+00:00,10878.6,10879.6,10872.3,10874.1,542
2026-08-05 10:00:00+00:00,10874.3,10885.1,10872.6,10882.3,655
2026-08-05 10:15:00+00:00,10882.6,10883.3,10872.6,10874.3,522
2026-08-05 10:30:00+00:00,10874.1,10876.3,10849.8,10850.6,809
2026-08-05 10:45:00+00:00,10851.1,10855.1,10827.3,10837.8,1846
2026-08-05 11:00:00+00:00,10838.1,10840.6,10824.6,10827.1,1366
2026-08-05 11:15:00+00:00,10826.8,10845.1,10826.1,10841.1,970
2026-08-05 11:30:00+00:00,10840.8,10857.1,10840.8,10841.8,893
2026-08-05 11:45:00+00:00,10841.3,10851.8,10837.6,10851.8,719
2026-08-05 12:00:00+00:00,10852.1,10899.3,10852.1,10893.6,2317
2026-08-05 12:15:00+00:00,10893.8,10919.3,10892.3,10916.1,1265
2026-08-05 12:30:00+00:00,10916.3,10931.6,10912.3,10923.6,1263
2026-08-05 12:45:00+00:00,10923.3,10940.1,10921.1,10929.1,978
2026-08-05 13:00:00+00:00,10930.3,10932.1,10909.6,10925.6,1164
2026-08-05 13:15:00+00:00,10926.1,10930.3,10914.6,10925.6,901
2026-08-05 13:30:00+00:00,10923.6,10926.6,10899.1,10900.1,2760
2026-08-05 13:45:00+00:00,10900.3,10907.1,10883.3,10901.0,1630
2026-08-05 14:00:00+00:00,10893.8,10906.1,10893.0,10900.6,1905
2026-08-05 14:15:00+00:00,10900.3,10907.8,10892.3,10898.6,1411
2026-08-05 14:30:00+00:00,10898.3,10910.8,10896.1,10898.1,1194
2026-08-05 14:45:00+00:00,10898.3,10899.8,10888.1,10893.3,1085
2026-08-05 15:00:00+00:00,10893.6,10903.6,10888.6,10893.3,1350
2026-08-05 15:15:00+00:00,10893.6,10895.1,10878.1,10881.6,1293
2026-08-05 15:30:00+00:00,10883.1,10890.8,10873.6,10885.3,1529
2026-08-05 15:45:00+00:00,10885.1,10892.6,10875.1,10875.6,821
2026-08-05 16:00:00+00:00,10875.3,10885.6,10874.6,10881.6,695
2026-08-05 16:15:00+00:00,10881.3,10893.3,10880.8,10892.3,525
2026-08-05 16:30:00+00:00,10892.1,10892.3,10887.3,10888.8,418
2026-08-05 16:45:00+00:00,10888.3,10889.6,10884.3,10887.1,409
2026-08-05 17:00:00+00:00,10886.8,10889.8,10884.6,10886.6,424
2026-08-05 17:15:00+00:00,10886.1,10888.1,10882.1,10885.1,347
2026-08-05 17:30:00+00:00,10884.8,10895.6,10883.6,10892.6,342
2026-08-05 17:45:00+00:00,10892.3,10896.1,10891.3,10893.6,244
2026-08-05 18:00:00+00:00,10893.3,10896.6,10886.3,10887.1,303
2026-08-05 18:15:00+00:00,10886.6,10890.1,10886.6,10888.1,221
2026-08-05 18:30:00+00:00,10888.3,10889.6,10882.8,10883.6,224
2026-08-05 18:45:00+00:00,10883.8,10888.6,10880.6,10881.1,231
2026-08-05 19:00:00+00:00,10880.6,10884.1,10878.1,10880.1,243
2026-08-05 19:15:00+00:00,10879.8,10880.3,10876.1,10880.3,218
2026-08-05 19:30:00+00:00,10880.1,10886.1,10877.1,10883.3,305
2026-08-05 19:45:00+00:00,10883.6,10886.3,10869.8,10874.5,520
2026-08-05 20:00:00+00:00,10873.8,10888.2,10873.2,10887.5,1163
2026-08-05 20:30:00+00:00,10885.1,10889.9,10884.5,10889.9,252
2026-08-05 20:45:00+00:00,10889.8,10890.4,10887.0,10887.1,241
2026-08-05 22:00:00+00:00,10885.0,10885.6,10882.8,10883.9,356
2026-08-05 22:15:00+00:00,10883.8,10893.1,10883.8,10892.6,502
2026-08-05 22:30:00+00:00,10891.9,10896.3,10891.9,10894.4,321
2026-08-05 22:45:00+00:00,10894.6,10896.3,10889.9,10890.0,376
2026-08-05 23:00:00+00:00,10889.9,10892.1,10888.8,10891.9,239
2026-08-05 23:15:00+00:00,10891.7,10893.5,10890.6,10891.4,248
2026-08-05 23:30:00+00:00,10891.6,10892.6,10887.4,10888.9,522
2026-08-05 23:45:00+00:00,10888.7,10889.2,10886.2,10887.2,649
2026-08-06 00:00:00+00:00,10897.1,10901.6,10890.1,10894.5,686
2026-08-06 00:15:00+00:00,10894.3,10894.4,10889.1,10889.9,596
2026-08-06 00:30:00+00:00,10890.0,10894.8,10890.0,10894.3,955
2026-08-06 00:45:00+00:00,10894.4,10894.6,10891.0,10892.5,472
2026-08-06 01:00:00+00:00,10892.2,10894.2,10890.0,10893.9,533
2026-08-06 01:15:00+00:00,10893.8,10893.8,10884.9,10888.4,418
2026-08-06 01:30:00+00:00,10888.1,10888.2,10880.0,10880.6,563
2026-08-06 01:45:00+00:00,10880.7,10883.9,10879.6,10882.6,400
2026-08-06 02:00:00+00:00,10882.7,10891.3,10882.4,10888.5,472
2026-08-06 02:15:00+00:00,10888.6,10889.3,10883.6,10884.0,418
2026-08-06 02:30:00+00:00,10883.9,10892.9,10882.9,10892.9,360
2026-08-06 02:45:00+00:00,10892.8,10895.2,10892.6,10895.2,389
2026-08-06 03:00:00+00:00,10895.1,10898.5,10894.8,10898.1,323
2026-08-06 03:15:00+00:00,10898.2,10899.3,10896.4,10898.4,277
2026-08-06 03:30:00+00:00,10898.5,10900.2,10895.5,10897.7,458
2026-08-06 03:45:00+00:00,10897.9,10899.6,10896.7,10897.8,408
2026-08-06 04:00:00+00:00,10898.5,10900.1,10895.2,10895.2,404
2026-08-06 04:15:00+00:00,10895.4,10896.4,10889.7,10893.9,306
2026-08-06 04:30:00+00:00,10893.7,10895.3,10887.9,10890.5,339
2026-08-06 04:45:00+00:00,10890.4,10895.1,10890.2,10894.5,360
2026-08-06 05:00:00+00:00,10894.7,10895.3,10885.0,10886.8,321
2026-08-06 05:15:00+00:00,10886.3,10889.1,10885.0,10887.3,181
2026-08-06 05:30:00+00:00,10887.5,10888.8,10883.6,10888.8,210
2026-08-06 05:45:00+00:00,10888.1,10897.1,10885.3,10896.8,200
2026-08-06 06:00:00+00:00,10897.6,10905.6,10894.1,10899.3,356
2026-08-06 06:15:00+00:00,10899.1,10909.1,10891.1,10906.8,321
2026-08-06 06:30:00+00:00,10907.1,10919.8,10901.6,10919.6,379
2026-08-06 06:45:00+00:00,10919.3,10924.3,10903.1,10905.6,570
2026-08-06 07:00:00+00:00,10905.1,10935.6,10903.1,10934.6,2870
2026-08-06 07:15:00+00:00,10934.1,10938.6,10923.1,10925.1,1230
2026-08-06 07:30:00+00:00,10925.3,10928.1,10911.6,10914.1,1119
2026-08-06 07:45:00+00:00,10913.8,10927.3,10905.6,10926.8,921
2026-08-06 08:00:00+00:00,10927.1,10927.1,10906.6,10912.1,1113
2026-08-06 08:15:00+00:00,10912.3,10919.6,10900.6,10919.1,900
2026-08-06 08:30:00+00:00,10919.3,10921.3,10908.1,10919.1,799
2026-08-06 08:45:00+00:00,10918.6,10945.8,10918.1,10943.8,878
2026-08-06 09:00:00+00:00,10943.6,10953.1,10926.1,10931.8,1035
2026-08-06 09:15:00+00:00,10931.6,10934.5,10925.1,10932.1,741
2026-08-06 09:30:00+00:00,10932.6,10934.3,10925.1,10925.1,694
2026-08-06 09:45:00+00:00,10925.6,10934.6,10921.3,10932.6,685
2026-08-06 10:00:00+00:00,10932.1,10945.1,10929.3,10929.3,1014
2026-08-06 10:15:00+00:00,10929.1,10934.6,10921.3,10929.1,624
2026-08-06 10:30:00+00:00,10928.8,10932.1,10918.3,10922.1,570
2026-08-06 10:45:00+00:00,10922.3,10922.3,10911.3,10915.1,583
2026-08-06 11:00:00+00:00,10915.6,10918.3,10900.3,10905.1,886
2026-08-06 11:15:00+00:00,10904.8,10911.6,10902.3,10909.6,636
2026-08-06 11:30:00+00:00,10910.1,10914.1,10900.6,10900.8,642
2026-08-06 11:45:00+00:00,10900.6,10914.1,10899.8,10910.8,664
2026-08-06 12:00:00+00:00,10910.6,10914.3,10901.1,10903.8,696
2026-08-06 12:15:00+00:00,10903.6,10917.1,10901.3,10913.1,520
2026-08-06 12:30:00+00:00,10912.5,10917.6,10908.8,10915.6,815
2026-08-06 12:45:00+00:00,10915.1,10919.6,10909.8,10916.6,647
2026-08-06 13:00:00+00:00,10917.3,10920.1,10908.1,10917.6,865
2026-08-06 13:15:00+00:00,10917.3,10923.6,10911.8,10918.1,791
2026-08-06 13:30:00+00:00,10918.6,10920.1,10884.3,10884.6,2060
2026-08-06 13:45:00+00:00,10885.1,10885.8,10873.3,10876.1,1402
2026-08-06 14:00:00+00:00,10875.6,10893.8,10873.1,10887.8,1321
2026-08-06 14:15:00+00:00,10887.6,10893.1,10881.8,10884.1,1263
2026-08-06 14:30:00+00:00,10883.8,10894.8,10880.8,10892.1,980
2026-08-06 14:45:00+00:00,10892.3,10900.1,10888.1,10889.1,903
2026-08-06 15:00:00+00:00,10888.6,10894.3,10885.3,10889.1,958
2026-08-06 15:15:00+00:00,10888.6,10891.3,10877.8,10880.6,1097
2026-08-06 15:30:00+00:00,10881.1,10895.1,10876.3,10889.1,1265
2026-08-06 15:45:00+00:00,10888.8,10891.1,10873.6,10875.6,772
2026-08-06 16:00:00+00:00,10875.8,10877.8,10859.6,10862.1,623
2026-08-06 16:15:00+00:00,10862.6,10873.6,10860.1,10872.6,420
2026-08-06 16:30:00+00:00,10872.8,10876.1,10868.8,10873.1,367
2026-08-06 16:45:00+00:00,10873.6,10873.6,10867.6,10870.1,249
2026-08-06 17:00:00+00:00,10870.6,10871.8,10863.6,10865.1,335
2026-08-06 17:15:00+00:00,10864.6,10869.1,10859.8,10860.1,212
2026-08-06 17:30:00+00:00,10861.1,10866.6,10859.8,10862.6,283
2026-08-06 17:45:00+00:00,10862.8,10865.3,10859.6,10863.8,230
2026-08-06 18:00:00+00:00,10864.3,10867.3,10860.6,10864.1,213
2026-08-06 18:15:00+00:00,10864.3,10872.3,10862.6,10870.6,212
2026-08-06 18:30:00+00:00,10870.1,10870.6,10866.6,10869.6,153
2026-08-06 18:45:00+00:00,10870.1,10872.3,10868.1,10871.3,166
2026-08-06 19:00:00+00:00,10871.1,10874.6,10870.6,10871.1,228
2026-08-06 19:15:00+00:00,10870.8,10872.1,10863.6,10865.6,288
2026-08-06 19:30:00+00:00,10866.1,10868.6,10862.3,10863.3,229
2026-08-06 19:45:00+00:00,10863.1,10871.1,10860.6,10867.5,643
2026-08-06 20:00:00+00:00,10866.5,10872.6,10866.5,10869.4,560
2026-08-06 20:30:00+00:00,10862.1,10863.5,10859.6,10862.1,243
2026-08-06 20:45:00+00:00,10862.3,10864.0,10861.6,10863.0,213
2026-08-06 22:00:00+00:00,10865.5,10872.9,10865.5,10872.4,226
2026-08-06 22:15:00+00:00,10872.7,10874.6,10870.1,10870.7,291
2026-08-06 22:30:00+00:00,10870.5,10871.2,10867.3,10871.0,286
2026-08-06 22:45:00+00:00,10871.1,10873.7,10870.6,10873.4,223
2026-08-06 23:00:00+00:00,10873.3,10874.2,10872.1,10872.3,222
2026-08-06 23:15:00+00:00,10872.4,10876.1,10872.4,10873.7,306
2026-08-06 23:30:00+00:00,10873.6,10875.4,10872.9,10874.7,320
2026-08-06 23:45:00+00:00,10874.9,10875.9,10873.4,10874.4,562
2026-08-07 00:00:00+00:00,10869.8,10869.9,10858.3,10862.3,604
2026-08-07 00:15:00+00:00,10862.7,10863.5,10853.3,10860.5,1175
2026-08-07 00:30:00+00:00,10860.4,10866.2,10852.2,10857.2,949
2026-08-07 00:45:00+00:00,10857.5,10863.5,10855.2,10862.4,984
2026-08-07 01:00:00+00:00,10862.6,10867.4,10856.4,10856.9,1035
2026-08-07 01:15:00+00:00,10857.1,10858.8,10852.8,10858.2,911
2026-08-07 01:30:00+00:00,10858.0,10861.1,10852.0,10854.3,1335
2026-08-07 01:45:00+00:00,10854.1,10856.4,10851.0,10854.1,1143
2026-08-07 02:00:00+00:00,10854.2,10854.9,10849.2,10852.5,885
2026-08-07 02:15:00+00:00,10852.1,10855.6,10851.8,10853.5,750
2026-08-07 02:30:00+00:00,10853.7,10856.1,10851.1,10855.9,689
2026-08-07 02:45:00+00:00,10855.8,10861.7,10854.7,10858.6,528
2026-08-07 03:00:00+00:00,10858.5,10861.3,10858.0,10858.3,464
2026-08-07 03:15:00+00:00,10858.4,10860.6,10856.0,10859.2,440
2026-08-07 03:30:00+00:00,10859.0,10860.6,10857.8,10858.9,589
2026-08-07 03:45:00+00:00,10858.6,10861.0,10857.9,10860.5,532
2026-08-07 04:00:00+00:00,10860.6,10860.6,10857.2,10858.0,429
2026-08-07 04:15:00+00:00,10858.1,10863.7,10854.3,10858.9,639
2026-08-07 04:30:00+00:00,10858.8,10862.1,10856.9,10857.8,671
2026-08-07 04:45:00+00:00,10857.6,10862.0,10857.6,10860.0,450
2026-08-07 05:00:00+00:00,10859.6,10864.6,10859.1,10864.1,450
2026-08-07 05:15:00+00:00,10863.8,10866.8,10862.3,10865.3,259
2026-08-07 05:30:00+00:00,10865.1,10868.3,10859.3,10868.3,376
2026-08-07 05:45:00+00:00,10868.6,10868.6,10864.6,10866.3,244
2026-08-07 06:00:00+00:00,10867.5,10875.3,10864.8,10874.6,407
2026-08-07 06:15:00+00:00,10874.3,10880.1,10872.6,10878.6,343
2026-08-07 06:30:00+00:00,10878.8,10882.8,10875.6,10882.6,370
2026-08-07 06:45:00+00:00,10882.3,10892.3,10879.6,10881.8,480
2026-08-07 07:00:00+00:00,10882.3,10900.8,10876.3,10899.6,2319
2026-08-07 07:15:00+00:00,10899.3,10906.6,10891.3,10895.1,1172
2026-08-07 07:30:00+00:00,10895.6,10899.6,10889.6,10892.6,1163
2026-08-07 07:45:00+00:00,10892.1,10894.3,10882.6,10890.8,901
2026-08-07 08:00:00+00:00,10891.3,10894.1,10880.1,10884.1,963
2026-08-07 08:15:00+00:00,10884.3,10890.8,10879.6,10890.3,882
2026-08-07 08:30:00+00:00,10890.6,10896.1,10888.6,10894.1,759
2026-08-07 08:45:00+00:00,10893.8,10897.3,10890.6,10895.3,745
2026-08-07 09:00:00+00:00,10895.6,10895.6,10885.3,10892.6,752
2026-08-07 09:15:00+00:00,10892.8,10910.3,10892.3,10905.8,708
2026-08-07 09:30:00+00:00,10905.3,10926.1,10903.6,10924.1,807
2026-08-07 09:45:00+00:00,10924.3,10937.3,10922.1,10936.1,940
2026-08-07 10:00:00+00:00,10936.3,10943.3,10933.3,10937.1,761
2026-08-07 10:15:00+00:00,10937.6,10940.6,10928.3,10932.3,508
2026-08-07 10:30:00+00:00,10932.6,10947.1,10930.8,10946.1,566
2026-08-07 10:45:00+00:00,10945.6,10959.1,10945.1,10957.3,517
2026-08-07 11:00:00+00:00,10957.6,10967.3,10950.1,10950.6,651
2026-08-07 11:15:00+00:00,10950.3,10957.1,10947.3,10953.8,466
2026-08-07 11:30:00+00:00,10954.1,10956.6,10950.6,10955.1,464
2026-08-07 11:45:00+00:00,10954.8,10956.6,10951.6,10955.6,455
2026-08-07 12:00:00+00:00,10955.3,10956.3,10945.1,10950.1,624
2026-08-07 12:15:00+00:00,10949.6,10956.3,10945.8,10952.0,729
2026-08-07 12:30:00+00:00,10951.8,10960.6,10935.0,10952.6,1957
2026-08-07 12:45:00+00:00,10952.3,10955.1,10940.6,10942.3,1026
2026-08-07 13:00:00+00:00,10942.6,10943.1,10934.1,10934.6,902
2026-08-07 13:15:00+00:00,10934.3,10939.8,10929.3,10936.8,825
2026-08-07 13:30:00+00:00,10936.6,10937.8,10913.6,10922.8,2207
2026-08-07 13:45:00+00:00,10923.1,10932.6,10915.1,10922.8,1318
2026-08-07 14:00:00+00:00,10924.1,10927.8,10909.6,10917.8,1545
2026-08-07 14:15:00+00:00,10917.6,10927.8,10916.6,10926.6,1111
2026-08-07 14:30:00+00:00,10927.1,10931.8,10922.1,10929.1,972
2026-08-07 14:45:00+00:00,10928.6,10932.1,10920.6,10927.1,789
2026-08-07 15:00:00+00:00,10926.8,10928.1,10914.8,10917.6,953
2026-08-07 15:15:00+00:00,10917.1,10917.8,10911.1,10911.6,897
2026-08-07 15:30:00+00:00,10912.1,10915.3,10899.3,10907.1,1184
2026-08-07 15:45:00+00:00,10906.8,10907.3,10893.3,10895.6,517
2026-08-07 16:00:00+00:00,10895.8,10906.6,10894.6,10902.1,418
2026-08-07 16:15:00+00:00,10901.1,10904.6,10893.1,10894.6,667
2026-08-07 16:30:00+00:00,10894.8,10901.6,10890.6,10900.1,485
2026-08-07 16:45:00+00:00,10900.3,10901.6,10895.1,10896.8,376
2026-08-07 17:00:00+00:00,10896.6,10900.1,10894.8,10896.1,318
2026-08-07 17:15:00+00:00,10895.8,10897.8,10895.3,10897.3,210
2026-08-07 17:30:00+00:00,10897.1,10899.1,10894.8,10897.8,242
2026-08-07 17:45:00+00:00,10898.1,10900.1,10897.1,10897.6,153
2026-08-07 18:00:00+00:00,10897.8,10897.8,10889.3,10890.1,246
2026-08-07 18:15:00+00:00,10889.8,10892.3,10887.3,10887.8,280
2026-08-07 18:30:00+00:00,10887.6,10887.8,10883.1,10883.3,172
2026-08-07 18:45:00+00:00,10883.6,10889.8,10883.1,10888.8,234
2026-08-07 19:00:00+00:00,10889.3,10898.8,10888.6,10898.3,574
2026-08-07 19:15:00+00:00,10898.6,10908.8,10898.6,10904.3,584
2026-08-07 19:30:00+00:00,10904.1,10904.8,10900.1,10900.1,483
2026-08-07 19:45:00+00:00,10900.6,10905.1,10894.3,10900.8,446
2026-08-09 22:00:00+00:00,10892.4,10895.3,10889.0,10889.9,491
2026-08-09 22:15:00+00:00,10890.1,10892.0,10885.6,10891.3,511
2026-08-09 22:30:00+00:00,10891.2,10892.1,10888.5,10890.4,417
2026-08-09 22:45:00+00:00,10890.7,10891.2,10889.7,10890.7,232
2026-08-09 23:00:00+00:00,10890.8,10894.1,10889.4,10893.4,277
2026-08-09 23:15:00+00:00,10893.1,10894.8,10892.9,10893.4,262
2026-08-09 23:30:00+00:00,10893.5,10893.6,10889.7,10893.1,274
2026-08-09 23:45:00+00:00,10892.9,10894.1,10888.7,10889.2,456
2026-08-10 00:00:00+00:00,10891.8,10891.8,10874.0,10874.1,592
2026-08-10 00:15:00+00:00,10874.5,10879.2,10872.0,10873.0,564
2026-08-10 00:30:00+00:00,10873.3,10878.3,10872.3,10874.5,845
2026-08-10 00:45:00+00:00,10874.6,10877.3,10871.1,10873.1,516
2026-08-10 01:00:00+00:00,10872.9,10874.7,10869.0,10874.2,522
2026-08-10 01:15:00+00:00,10874.3,10881.3,10873.9,10874.6,526
2026-08-10 01:30:00+00:00,10874.5,10876.0,10868.9,10875.1,617
2026-08-10 01:45:00+00:00,10875.2,10876.1,10872.3,10872.7,345
2026-08-10 02:00:00+00:00,10872.9,10875.1,10870.0,10870.6,332
2026-08-10 02:15:00+00:00,10870.7,10870.7,10864.9,10865.3,366
2026-08-10 02:30:00+00:00,10865.5,10869.1,10865.4,10868.9,252
2026-08-10 02:45:00+00:00,10868.7,10869.6,10866.1,10866.1,209
2026-08-10 03:00:00+00:00,10866.5,10872.6,10866.5,10872.6,207
2026-08-10 03:15:00+00:00,10872.4,10874.2,10871.9,10873.1,280
2026-08-10 03:30:00+00:00,10873.3,10875.6,10871.4,10874.8,298
2026-08-10 03:45:00+00:00,10874.7,10875.3,10872.1,10874.0,269
2026-08-10 04:00:00+00:00,10873.8,10876.8,10872.0,10876.8,279
2026-08-10 04:15:00+00:00,10877.0,10879.3,10876.7,10878.8,250
2026-08-10 04:30:00+00:00,10878.7,10878.8,10873.3,10877.1,293
2026-08-10 04:45:00+00:00,10876.9,10878.7,10875.8,10878.0,267
2026-08-10 05:00:00+00:00,10869.8,10876.8,10869.5,10870.6,170
2026-08-10 05:15:00+00:00,10870.8,10872.1,10869.8,10870.3,84
2026-08-10 05:30:00+00:00,10870.1,10881.3,10868.3,10876.3,110
2026-08-10 05:45:00+00:00,10876.0,10880.1,10875.6,10875.6,98
2026-08-10 06:00:00+00:00,10876.8,10876.8,10862.8,10864.1,230
2026-08-10 06:15:00+00:00,10863.3,10867.6,10856.1,10866.6,239
2026-08-10 06:30:00+00:00,10865.6,10868.6,10860.6,10867.3,198
2026-08-10 06:45:00+00:00,10867.6,10892.6,10867.6,10890.3,257
2026-08-10 07:00:00+00:00,10891.8,10904.3,10878.6,10892.1,1647
2026-08-10 07:15:00+00:00,10893.1,10896.1,10884.8,10889.1,858
2026-08-10 07:30:00+00:00,10889.3,10898.6,10887.1,10894.1,658
2026-08-10 07:45:00+00:00,10893.6,10897.6,10879.1,10884.6,623
2026-08-10 08:00:00+00:00,10884.8,10890.3,10879.1,10882.3,609
2026-08-10 08:15:00+00:00,10882.6,10887.1,10878.8,10880.1,589
2026-08-10 08:30:00+00:00,10880.3,10882.6,10873.3,10875.1,413
2026-08-10 08:45:00+00:00,10875.6,10878.6,10872.6,10875.3,390
2026-08-10 09:00:00+00:00,10875.6,10876.6,10860.3,10866.8,417
2026-08-10 09:15:00+00:00,10866.6,10873.6,10861.6,10872.8,406
2026-08-10 09:30:00+00:00,10872.6,10878.6,10867.8,10874.6,352
2026-08-10 09:45:00+00:00,10874.3,10883.6,10872.8,10879.6,313
2026-08-10 10:00:00+00:00,10879.3,10881.6,10872.6,10873.1,310
2026-08-10 10:15:00+00:00,10872.6,10877.6,10872.1,10872.6,252
2026-08-10 10:30:00+00:00,10873.1,10879.1,10872.6,10876.1,357
2026-08-10 10:45:00+00:00,10875.8,10878.1,10865.3,10868.6,420
2026-08-10 11:00:00+00:00,10868.3,10874.8,10865.6,10870.1,388
2026-08-10 11:15:00+00:00,10870.3,10877.1,10866.1,10875.1,278
2026-08-10 11:30:00+00:00,10875.3,10880.1,10874.3,10877.3,344
2026-08-10 11:45:00+00:00,10877.6,10888.3,10877.1,10882.1,377
2026-08-10 12:00:00+00:00,10882.3,10883.3,10876.3,10876.6,333
2026-08-10 12:15:00+00:00,10877.3,10880.1,10874.8,10876.1,383
2026-08-10 12:30:00+00:00,10875.6,10881.3,10861.6,10863.6,522
2026-08-10 12:45:00+00:00,10864.1,10866.6,10856.6,10861.1,462
2026-08-10 13:00:00+00:00,10861.6,10863.1,10854.8,10855.1,479
2026-08-10 13:15:00+00:00,10855.3,10856.1,10842.1,10846.1,561
2026-08-10 13:30:00+00:00,10845.6,10866.6,10837.1,10857.8,1555
2026-08-10 13:45:00+00:00,10858.1,10861.8,10838.1,10839.1,1169
2026-08-10 14:00:00+00:00,10840.1,10845.1,10829.1,10840.1,1052
2026-08-10 14:15:00+00:00,10840.6,10858.3,10839.1,10855.1,862
2026-08-10 14:30:00+00:00,10855.3,10858.8,10849.1,10854.1,726
2026-08-10 14:45:00+00:00,10853.8,10866.8,10852.1,10865.1,744
2026-08-10 15:00:00+00:00,10865.6,10868.6,10858.1,10859.8,810
2026-08-10 15:15:00+00:00,10859.6,10871.8,10857.3,10871.6,880
2026-08-10 15:30:00+00:00,10870.6,10873.3,10853.8,10854.1,977
2026-08-10 15:45:00+00:00,10854.3,10854.8,10847.1,10849.6,351
2026-08-10 16:00:00+00:00,10849.8,10857.3,10847.1,10853.8,256
2026-08-10 16:15:00+00:00,10854.1,10855.6,10850.1,10854.8,162
2026-08-10 16:30:00+00:00,10854.6,10856.6,10843.1,10854.6,510
2026-08-10 16:45:00+00:00,10854.1,10858.1,10851.8,10856.1,244
2026-08-10 17:00:00+00:00,10856.6,10856.8,10850.1,10852.6,143
2026-08-10 17:15:00+00:00,10852.1,10853.6,10847.3,10849.3,132
2026-08-10 17:30:00+00:00,10849.6,10854.8,10849.1,10851.1,129
2026-08-10 17:45:00+00:00,10850.6,10854.6,10849.3,10854.6,157
2026-08-10 18:00:00+00:00,10854.8,10861.6,10854.8,10858.6,123
2026-08-10 18:15:00+00:00,10858.8,10861.1,10855.6,10859.6,123
2026-08-10 18:30:00+00:00,10859.1,10862.3,10855.8,10861.1,166
2026-08-10 18:45:00+00:00,10861.3,10861.6,10858.3,10859.8,115
2026-08-10 19:00:00+00:00,10860.3,10862.1,10857.3,10861.6,136
2026-08-10 19:15:00+00:00,10861.3,10866.1,10860.3,10862.1,140
2026-08-10 19:30:00+00:00,10862.6,10868.3,10859.3,10865.6,169
2026-08-10 19:45:00+00:00,10864.8,10865.8,10855.8,10862.3,351
2026-08-10 20:00:00+00:00,10859.3,10861.2,10858.2,10858.5,263
2026-08-10 20:30:00+00:00,10859.0,10859.5,10858.0,10859.5,90
2026-08-10 20:45:00+00:00,10859.7,10861.4,10859.5,10860.2,99
2026-08-10 22:00:00+00:00,10862.2,10862.6,10860.0,10860.7,126
2026-08-10 22:15:00+00:00,10860.9,10860.9,10857.5,10858.5,166
2026-08-10 22:30:00+00:00,10858.8,10858.8,10855.6,10856.6,122
2026-08-10 22:45:00+00:00,10856.4,10857.8,10856.1,10857.5,81
2026-08-10 23:00:00+00:00,10857.8,10858.0,10856.3,10856.8,108
2026-08-10 23:15:00+00:00,10856.9,10856.9,10853.6,10854.1,119
2026-08-10 23:30:00+00:00,10854.2,10856.1,10853.1,10855.8,102
2026-08-10 23:45:00+00:00,10855.5,10857.0,10850.9,10854.4,400
2026-08-11 00:00:00+00:00,10851.6,10868.1,10851.2,10855.3,619
2026-08-11 00:15:00+00:00,10855.4,10858.8,10852.2,10858.0,571
2026-08-11 00:30:00+00:00,10858.6,10860.2,10856.7,10859.9,435
2026-08-11 00:45:00+00:00,10860.0,10861.3,10857.4,10858.2,388
2026-08-11 01:00:00+00:00,10858.1,10864.8,10852.8,10864.8,644
2026-08-11 01:15:00+00:00,10865.0,10869.6,10861.7,10869.2,452
2026-08-11 01:30:00+00:00,10869.1,10871.4,10866.4,10870.2,618
2026-08-11 01:45:00+00:00,10870.1,10872.9,10867.1,10868.1,383
2026-08-11 02:00:00+00:00,10868.5,10871.7,10866.8,10870.3,319
2026-08-11 02:15:00+00:00,10870.4,10871.8,10868.0,10871.3,289
2026-08-11 02:30:00+00:00,10871.5,10873.2,10867.4,10868.8,253
2026-08-11 02:45:00+00:00,10868.6,10868.6,10864.6,10865.4,205
2026-08-11 03:00:00+00:00,10865.5,10868.0,10864.2,10864.4,245
2026-08-11 03:15:00+00:00,10864.6,10870.6,10864.4,10869.6,226
2026-08-11 03:30:00+00:00,10869.8,10869.8,10864.1,10864.1,198
2026-08-11 03:45:00+00:00,10864.5,10865.5,10862.6,10863.1,149
2026-08-11 04:00:00+00:00,10863.5,10865.3,10862.5,10865.0,157
2026-08-11 04:15:00+00:00,10864.6,10866.7,10863.9,10865.9,88
2026-08-11 04:30:00+00:00,10866.1,10871.4,10863.3,10865.1,297
2026-08-11 04:45:00+00:00,10864.8,10866.6,10863.8,10864.4,150
2026-08-11 05:00:00+00:00,10862.1,10863.3,10858.8,10861.3,198
2026-08-11 05:15:00+00:00,10861.1,10861.6,10856.3,10858.6,151
2026-08-11 05:30:00+00:00,10858.3,10866.6,10853.6,10865.6,271
2026-08-11 05:45:00+00:00,10864.8,10865.3,10857.8,10858.3,260
2026-08-11 06:00:00+00:00,10859.6,10862.6,10854.6,10854.6,276
2026-08-11 06:15:00+00:00,10854.8,10858.3,10849.3,10850.1,368
2026-08-11 06:30:00+00:00,10849.1,10849.6,10839.1,10844.6,402
2026-08-11 06:45:00+00:00,10845.3,10864.3,10845.1,10860.6,449
2026-08-11 07:00:00+00:00,10861.1,10877.1,10851.1,10860.6,1876
2026-08-11 07:15:00+00:00,10860.3,10868.3,10844.1,10847.1,1042
2026-08-11 07:30:00+00:00,10847.6,10856.6,10837.1,10842.1,904
2026-08-11 07:45:00+00:00,10841.3,10846.6,10833.1,10836.1,786
2026-08-11 08:00:00+00:00,10835.8,10842.1,10825.3,10827.6,965
2026-08-11 08:15:00+00:00,10826.8,10840.6,10824.6,10837.1,705
2026-08-11 08:30:00+00:00,10837.3,10845.1,10833.6,10839.8,686
2026-08-11 08:45:00+00:00,10839.6,10842.8,10831.6,10831.6,607
2026-08-11 09:00:00+00:00,10830.1,10837.8,10828.1,10833.6,570
2026-08-11 09:15:00+00:00,10833.8,10846.3,10833.3,10837.6,569
2026-08-11 09:30:00+00:00,10837.8,10851.8,10837.8,10850.6,515
2026-08-11 09:45:00+00:00,10851.1,10854.3,10843.6,10852.6,462
2026-08-11 10:00:00+00:00,10853.1,10856.1,10843.8,10850.1,526
2026-08-11 10:15:00+00:00,10850.3,10863.1,10849.6,10858.6,723
2026-08-11 10:30:00+00:00,10858.1,10870.8,10857.1,10870.6,516
2026-08-11 10:45:00+00:00,10870.1,10873.3,10867.8,10873.1,449
2026-08-11 11:00:00+00:00,10871.6,10878.1,10863.1,10866.6,1432
2026-08-11 11:15:00+00:00,10866.8,10869.3,10855.3,10861.1,543
2026-08-11 11:30:00+00:00,10861.3,10870.6,10860.1,10869.6,497
2026-08-11 11:45:00+00:00,10869.8,10871.6,10864.1,10870.6,369
2026-08-11 12:00:00+00:00,10870.8,10872.8,10865.3,10872.6,534
2026-08-11 12:15:00+00:00,10872.3,10878.8,10868.6,10876.8,572
2026-08-11 12:30:00+00:00,10877.1,10886.6,10869.8,10885.8,484
2026-08-11 12:45:00+00:00,10885.6,10885.6,10876.1,10880.3,506
2026-08-11 13:00:00+00:00,10880.8,10889.6,10875.8,10876.1,689
2026-08-11 13:15:00+00:00,10876.3,10876.3,10866.6,10869.1,717
2026-08-11 13:30:00+00:00,10869.6,10889.1,10864.6,10888.1,1537
2026-08-11 13:45:00+00:00,10888.3,10897.1,10878.8,10880.6,1181
2026-08-11 14:00:00+00:00,10880.1,10882.3,10862.1,10867.6,1191
2026-08-11 14:15:00+00:00,10867.3,10868.6,10857.1,10857.6,914
2026-08-11 14:30:00+00:00,10857.8,10863.1,10856.1,10861.6,923
2026-08-11 14:45:00+00:00,10862.1,10869.1,10853.1,10855.6,815
2026-08-11 15:00:00+00:00,10856.1,10864.1,10854.6,10858.1,786
2026-08-11 15:15:00+00:00,10858.6,10858.6,10844.8,10851.1,911
2026-08-11 15:30:00+00:00,10851.6,10854.6,10842.6,10849.6,1246
2026-08-11 15:45:00+00:00,10849.8,10855.8,10844.1,10846.3,434
2026-08-11 16:00:00+00:00,10846.1,10853.1,10846.1,10850.1,368
2026-08-11 16:15:00+00:00,10849.8,10853.8,10846.1,10847.3,284
2026-08-11 16:30:00+00:00,10847.6,10848.1,10842.8,10844.1,328
2026-08-11 16:45:00+00:00,10843.8,10844.1,10838.1,10838.6,284
2026-08-11 17:00:00+00:00,10838.8,10842.1,10832.6,10832.6,338
2026-08-11 17:15:00+00:00,10832.3,10833.8,10828.3,10832.1,402
2026-08-11 17:30:00+00:00,10831.6,10832.1,10826.6,10826.8,179
2026-08-11 17:45:00+00:00,10827.1,10827.1,10823.1,10825.1,249
2026-08-11 18:00:00+00:00,10824.8,10826.1,10815.6,10818.8,465
2026-08-11 18:15:00+00:00,10819.3,10820.3,10812.6,10813.6,295
2026-08-11 18:30:00+00:00,10814.1,10823.1,10814.1,10819.1,348
2026-08-11 18:45:00+00:00,10818.6,10824.3,10818.6,10821.3,263
2026-08-11 19:00:00+00:00,10821.1,10829.3,10821.1,10827.3,206
2026-08-11 19:15:00+00:00,10827.1,10831.3,10825.6,10830.1,190
2026-08-11 19:30:00+00:00,10830.3,10832.1,10826.8,10831.3,244
2026-08-11 19:45:00+00:00,10831.8,10833.1,10824.1,10825.8,428
2026-08-11 20:00:00+00:00,10824.8,10827.8,10822.0,10827.1,304
2026-08-11 20:30:00+00:00,10831.7,10832.5,10830.8,10831.5,67
2026-08-11 20:45:00+00:00,10831.2,10831.2,10827.6,10828.3,142
2026-08-11 22:00:00+00:00,10827.1,10830.5,10826.6,10830.4,173
2026-08-11 22:15:00+00:00,10830.5,10830.6,10829.0,10829.3,90
2026-08-11 22:30:00+00:00,10829.4,10830.1,10826.7,10826.8,186
2026-08-11 22:45:00+00:00,10826.7,10828.6,10825.6,10827.8,155
2026-08-11 23:00:00+00:00,10827.6,10828.8,10826.8,10827.3,171
2026-08-11 23:15:00+00:00,10827.2,10829.0,10827.2,10828.8,106
2026-08-11 23:30:00+00:00,10828.7,10828.7,10826.8,10827.8,138
2026-08-11 23:45:00+00:00,10828.1,10830.6,10827.1,10830.3,471
2026-08-12 00:00:00+00:00,10818.0,10825.3,10817.9,10825.3,837
2026-08-12 00:15:00+00:00,10825.2,10829.6,10823.9,10828.8,493
2026-08-12 00:30:00+00:00,10828.6,10830.3,10827.3,10830.1,362
2026-08-12 00:45:00+00:00,10830.2,10830.3,10825.5,10827.5,340
2026-08-12 01:00:00+00:00,10827.2,10830.8,10825.9,10829.1,510
2026-08-12 01:15:00+00:00,10829.3,10829.5,10824.7,10826.5,410
2026-08-12 01:30:00+00:00,10826.3,10826.3,10822.6,10824.3,387
2026-08-12 01:45:00+00:00,10823.9,10824.3,10819.4,10820.8,354
2026-08-12 02:00:00+00:00,10821.2,10821.8,10819.2,10820.9,353
2026-08-12 02:15:00+00:00,10820.8,10822.0,10819.5,10821.5,274
2026-08-12 02:30:00+00:00,10821.3,10822.4,10820.4,10822.2,242
2026-08-12 02:45:00+00:00,10822.1,10822.8,10820.7,10822.6,100
2026-08-12 03:00:00+00:00,10822.7,10823.5,10821.2,10823.2,154
2026-08-12 03:15:00+00:00,10823.1,10823.9,10821.2,10823.6,105
2026-08-12 03:30:00+00:00,10823.5,10824.3,10821.0,10821.6,280
2026-08-12 03:45:00+00:00,10821.8,10824.8,10821.8,10824.8,305
2026-08-12 04:00:00+00:00,10824.6,10826.6,10824.3,10826.6,185
2026-08-12 04:15:00+00:00,10826.8,10827.6,10825.4,10827.0,153
2026-08-12 04:30:00+00:00,10826.8,10827.3,10825.4,10827.0,162
2026-08-12 04:45:00+00:00,10826.9,10830.1,10826.2,10829.1,172
2026-08-12 05:00:00+00:00,10827.6,10827.8,10821.1,10821.1,170
2026-08-12 05:15:00+00:00,10820.8,10824.3,10820.8,10823.8,94
2026-08-12 05:30:00+00:00,10823.6,10827.6,10823.3,10825.3,153
2026-08-12 05:45:00+00:00,10824.8,10825.3,10819.8,10820.3,98
2026-08-12 06:00:00+00:00,10821.6,10824.8,10819.1,10822.6,232
2026-08-12 06:15:00+00:00,10822.1,10825.8,10820.6,10825.1,178
2026-08-12 06:30:00+00:00,10824.8,10831.6,10824.1,10826.3,214
2026-08-12 06:45:00+00:00,10826.6,10840.3,10826.6,10840.1,293
2026-08-12 07:00:00+00:00,10842.1,10850.1,10832.1,10844.6,1662
2026-08-12 07:15:00+00:00,10844.1,10849.1,10829.6,10832.6,696
2026-08-12 07:30:00+00:00,10832.8,10843.6,10829.8,10836.1,726
2026-08-12 07:45:00+00:00,10836.8,10837.8,10820.3,10823.6,542
2026-08-12 08:00:00+00:00,10823.8,10831.3,10820.1,10829.1,719
2026-08-12 08:15:00+00:00,10828.8,10836.3,10824.8,10834.1,611
2026-08-12 08:30:00+00:00,10833.8,10836.6,10826.1,10831.6,515
2026-08-12 08:45:00+00:00,10831.1,10840.3,10828.6,10838.6,416
2026-08-12 09:00:00+00:00,10838.8,10841.1,10834.1,10836.6,442
2026-08-12 09:15:00+00:00,10836.8,10852.1,10836.1,10842.8,953
2026-08-12 09:30:00+00:00,10842.6,10857.6,10841.3,10855.3,557
2026-08-12 09:45:00+00:00,10855.1,10862.1,10851.1,10854.1,868
2026-08-12 10:00:00+00:00,10854.3,10855.6,10847.6,10848.1,424
2026-08-12 10:15:00+00:00,10848.3,10851.6,10845.1,10847.6,362
2026-08-12 10:30:00+00:00,10848.1,10854.1,10845.8,10854.1,316
2026-08-12 10:45:00+00:00,10853.8,10860.6,10843.1,10859.3,722
2026-08-12 11:00:00+00:00,10859.8,10862.6,10847.1,10848.6,497
2026-08-12 11:15:00+00:00,10848.3,10856.1,10847.1,10851.1,416
2026-08-12 11:30:00+00:00,10850.8,10850.8,10841.3,10849.1,343
2026-08-12 11:45:00+00:00,10848.8,10849.8,10837.6,10840.1,344
2026-08-12 12:00:00+00:00,10840.3,10841.6,10836.1,10839.6,420
2026-08-12 12:15:00+00:00,10839.3,10864.0,10839.1,10863.8,567
2026-08-12 12:30:00+00:00,10865.0,10865.0,10835.6,10835.6,1523
2026-08-12 12:45:00+00:00,10835.3,10838.6,10829.3,10831.8,724
2026-08-12 13:00:00+00:00,10832.3,10834.3,10818.8,10821.6,813
2026-08-12 13:15:00+00:00,10821.1,10826.6,10817.8,10821.1,716
2026-08-12 13:30:00+00:00,10820.6,10833.3,10808.6,10831.6,1823
2026-08-12 13:45:00+00:00,10832.1,10839.6,10822.8,10828.6,1191
2026-08-12 14:00:00+00:00,10828.8,10837.3,10823.6,10833.3,1209
2026-08-12 14:15:00+00:00,10833.6,10837.8,10826.3,10828.3,937
2026-08-12 14:30:00+00:00,10828.1,10836.1,10815.1,10824.8,1193
2026-08-12 14:45:00+00:00,10825.1,10825.8,10817.6,10821.3,772
2026-08-12 15:00:00+00:00,10821.1,10821.1,10809.3,10813.1,892
2026-08-12 15:15:00+00:00,10813.3,10827.8,10810.6,10827.1,791
2026-08-12 15:30:00+00:00,10826.3,10838.6,10823.8,10835.3,1125
2026-08-12 15:45:00+00:00,10835.8,10838.6,10831.6,10832.1,393
2026-08-12 16:00:00+00:00,10832.3,10838.6,10827.8,10829.1,299
2026-08-12 16:15:00+00:00,10829.3,10832.8,10827.6,10828.6,278
2026-08-12 16:30:00+00:00,10828.8,10830.3,10826.1,10828.1,178
2026-08-12 16:45:00+00:00,10828.3,10831.3,10826.8,10831.1,197
2026-08-12 17:00:00+00:00,10830.6,10839.6,10828.8,10839.6,206
2026-08-12 17:15:00+00:00,10839.3,10840.3,10837.1,10838.6,210
2026-08-12 17:30:00+00:00,10838.3,10842.6,10837.3,10841.6,191
2026-08-12 17:45:00+00:00,10841.8,10845.8,10840.6,10844.8,295
2026-08-12 18:00:00+00:00,10845.1,10848.8,10844.1,10847.6,254
2026-08-12 18:15:00+00:00,10847.3,10848.6,10844.8,10846.1,148
2026-08-12 18:30:00+00:00,10846.6,10847.3,10843.8,10846.6,146
2026-08-12 18:45:00+00:00,10847.1,10849.1,10845.1,10845.3,135
2026-08-12 19:00:00+00:00,10845.1,10849.3,10845.1,10847.6,150
2026-08-12 19:15:00+00:00,10848.1,10849.1,10845.6,10847.1,120
2026-08-12 19:30:00+00:00,10847.6,10852.8,10847.3,10850.1,241
2026-08-12 19:45:00+00:00,10850.6,10853.6,10842.1,10853.1,362
2026-08-12 20:00:00+00:00,10852.0,10859.6,10851.3,10854.2,462
2026-08-12 20:30:00+00:00,10849.8,10850.8,10849.3,10850.0,155
2026-08-12 20:45:00+00:00,10850.3,10850.8,10848.3,10848.6,144
2026-08-12 22:00:00+00:00,10853.8,10855.5,10852.7,10853.5,174
2026-08-12 22:15:00+00:00,10853.4,10854.0,10852.1,10853.3,180
2026-08-12 22:30:00+00:00,10853.2,10853.2,10851.3,10852.5,207
2026-08-12 22:45:00+00:00,10852.4,10853.4,10852.3,10853.0,100
2026-08-12 23:00:00+00:00,10852.8,10855.7,10852.8,10855.5,141
2026-08-12 23:15:00+00:00,10855.7,10856.0,10854.9,10855.2,60
2026-08-12 23:30:00+00:00,10855.0,10855.7,10853.8,10855.2,166
2026-08-12 23:45:00+00:00,10855.4,10855.4,10851.8,10852.5,372
2026-08-13 00:00:00+00:00,10846.0,10851.0,10844.7,10844.7,316
2026-08-13 00:15:00+00:00,10844.8,10850.8,10844.8,10848.5,452
2026-08-13 00:30:00+00:00,10848.6,10852.0,10845.8,10851.3,389
2026-08-13 00:45:00+00:00,10851.1,10852.5,10850.2,10852.3,421
2026-08-13 01:00:00+00:00,10852.5,10853.0,10839.9,10841.5,483
2026-08-13 01:15:00+00:00,10841.9,10844.1,10840.4,10841.5,455
2026-08-13 01:30:00+00:00,10841.3,10846.2,10841.1,10844.4,441
2026-08-13 01:45:00+00:00,10844.3,10849.8,10842.6,10846.3,369
2026-08-13 02:00:00+00:00,10846.9,10851.5,10846.7,10850.1,258
2026-08-13 02:15:00+00:00,10850.8,10852.3,10847.7,10848.5,186
2026-08-13 02:30:00+00:00,10848.2,10851.7,10845.3,10850.7,367
2026-08-13 02:45:00+00:00,10850.8,10851.9,10849.6,10850.2,181
2026-08-13 03:00:00+00:00,10850.0,10850.3,10848.0,10848.7,137
2026-08-13 03:15:00+00:00,10848.9,10850.0,10848.0,10849.4,110
2026-08-13 03:30:00+00:00,10849.6,10850.3,10847.9,10850.0,142
2026-08-13 03:45:00+00:00,10850.1,10852.8,10850.0,10851.6,77
2026-08-13 04:00:00+00:00,10851.8,10852.9,10849.8,10850.2,191
2026-08-13 04:15:00+00:00,10850.0,10851.0,10847.7,10850.3,192
2026-08-13 04:30:00+00:00,10850.5,10851.0,10847.9,10848.4,206
2026-08-13 04:45:00+00:00,10848.2,10852.1,10847.4,10850.0,212
2026-08-13 05:00:00+00:00,10848.1,10857.6,10848.1,10857.6,120
2026-08-13 05:15:00+00:00,10857.8,10857.8,10855.1,10856.3,89
2026-08-13 05:30:00+00:00,10855.8,10856.6,10848.8,10848.8,149
2026-08-13 05:45:00+00:00,10849.1,10850.1,10847.3,10847.6,126
2026-08-13 06:00:00+00:00,10847.5,10850.1,10839.6,10848.1,259
2026-08-13 06:15:00+00:00,10848.6,10855.1,10847.1,10855.1,196
2026-08-13 06:30:00+00:00,10855.3,10861.1,10854.3,10860.6,274
2026-08-13 06:45:00+00:00,10860.8,10868.6,10855.6,10858.8,437
2026-08-13 07:00:00+00:00,10860.3,10866.6,10827.3,10827.6,1971
2026-08-13 07:15:00+00:00,10828.1,10831.1,10806.6,10809.8,965
2026-08-13 07:30:00+00:00,10809.1,10832.6,10807.3,10826.1,791
2026-08-13 07:45:00+00:00,10826.6,10827.6,10816.6,10817.1,646
2026-08-13 08:00:00+00:00,10816.8,10827.1,10813.6,10822.6,750
2026-08-13 08:15:00+00:00,10823.1,10834.1,10818.8,10833.3,523
2026-08-13 08:30:00+00:00,10833.1,10836.1,10827.6,10832.3,542
2026-08-13 08:45:00+00:00,10832.6,10838.8,10831.1,10835.6,377
2026-08-13 09:00:00+00:00,10835.8,10840.1,10827.3,10835.1,484
2026-08-13 09:15:00+00:00,10834.8,10838.6,10830.1,10830.8,331
2026-08-13 09:30:00+00:00,10830.6,10831.8,10826.3,10828.3,351
2026-08-13 09:45:00+00:00,10828.1,10838.3,10827.1,10837.6,297
2026-08-13 10:00:00+00:00,10837.8,10839.3,10833.8,10834.3,420
2026-08-13 10:15:00+00:00,10834.1,10836.1,10826.6,10829.1,311
2026-08-13 10:30:00+00:00,10828.8,10837.6,10827.1,10837.3,331
2026-08-13 10:45:00+00:00,10836.8,10844.1,10836.3,10842.1,317
2026-08-13 11:00:00+00:00,10840.6,10847.3,10837.6,10838.3,420
2026-08-13 11:15:00+00:00,10838.6,10841.8,10832.8,10832.8,318
2026-08-13 11:30:00+00:00,10833.3,10839.8,10829.3,10838.8,347
2026-08-13 11:45:00+00:00,10838.6,10840.1,10830.6,10835.8,333
2026-08-13 12:00:00+00:00,10835.6,10835.8,10828.6,10830.6,469
2026-08-13 12:15:00+00:00,10830.8,10831.3,10826.3,10826.8,444
2026-08-13 12:30:00+00:00,10826.6,10831.1,10819.6,10826.1,814
2026-08-13 12:45:00+00:00,10825.6,10828.6,10813.3,10816.8,449
2026-08-13 13:00:00+00:00,10817.3,10825.1,10812.3,10823.3,689
2026-08-13 13:15:00+00:00,10823.8,10829.3,10820.3,10827.6,632
2026-08-13 13:30:00+00:00,10828.3,10833.1,10813.6,10829.6,1675
2026-08-13 13:45:00+00:00,10829.3,10831.3,10812.8,10813.3,1356
2026-08-13 14:00:00+00:00,10813.6,10823.3,10812.6,10814.8,1338
2026-08-13 14:15:00+00:00,10815.1,10818.1,10805.8,10813.1,1129
2026-08-13 14:30:00+00:00,10812.8,10817.6,10806.8,10815.1,879
2026-08-13 14:45:00+00:00,10815.6,10815.8,10799.8,10802.6,802
2026-08-13 15:00:00+00:00,10802.8,10806.1,10789.8,10790.1,919
2026-08-13 15:15:00+00:00,10789.8,10793.6,10783.8,10785.6,1154
2026-08-13 15:30:00+00:00,10786.1,10807.8,10782.8,10806.8,1453
2026-08-13 15:45:00+00:00,10806.3,10818.3,10805.8,10808.6,558
2026-08-13 16:00:00+00:00,10809.1,10814.1,10807.8,10808.8,273
2026-08-13 16:15:00+00:00,10808.6,10813.8,10808.6,10813.6,279
2026-08-13 16:30:00+00:00,10813.1,10821.6,10812.6,10819.1,203
2026-08-13 16:45:00+00:00,10819.6,10828.1,10819.3,10827.3,194
2026-08-13 17:00:00+00:00,10827.8,10829.6,10824.6,10828.1,232
2026-08-13 17:15:00+00:00,10828.3,10830.6,10825.1,10825.3,176
2026-08-13 17:30:00+00:00,10825.1,10827.6,10821.1,10824.8,276
2026-08-13 17:45:00+00:00,10824.6,10827.8,10823.1,10826.3,240
2026-08-13 18:00:00+00:00,10826.6,10830.6,10825.1,10828.8,189
2026-08-13 18:15:00+00:00,10829.6,10830.1,10827.6,10829.1,201
2026-08-13 18:30:00+00:00,10829.3,10830.1,10825.8,10828.1,167
2026-08-13 18:45:00+00:00,10828.6,10831.3,10825.8,10826.3,203
2026-08-13 19:00:00+00:00,10826.1,10826.3,10823.1,10825.1,172
2026-08-13 19:15:00+00:00,10824.8,10828.3,10824.6,10825.1,215
2026-08-13 19:30:00+00:00,10824.6,10827.8,10823.6,10823.6,206
2026-08-13 19:45:00+00:00,10823.3,10827.1,10822.8,10825.3,340
2026-08-13 20:00:00+00:00,10824.5,10825.5,10819.2,10822.8,412
2026-08-13 20:30:00+00:00,10821.6,10824.5,10821.4,10824.5,114
2026-08-13 20:45:00+00:00,10824.8,10826.2,10824.5,10826.2,72
2026-08-13 22:00:00+00:00,10826.7,10827.7,10825.0,10825.0,152
2026-08-13 22:15:00+00:00,10824.9,10826.7,10823.9,10825.0,137
2026-08-13 22:30:00+00:00,10825.1,10825.7,10825.0,10825.4,54
2026-08-13 22:45:00+00:00,10825.2,10825.5,10824.3,10824.9,70
2026-08-13 23:00:00+00:00,10825.0,10828.1,10824.5,10828.1,100
2026-08-13 23:15:00+00:00,10828.0,10828.1,10825.7,10826.6,188
2026-08-13 23:30:00+00:00,10826.4,10827.4,10826.0,10826.7,157
2026-08-13 23:45:00+00:00,10826.9,10827.7,10825.5,10826.2,316
2026-08-14 00:00:00+00:00,10826.5,10828.8,10823.0,10827.3,397
2026-08-14 00:15:00+00:00,10827.4,10830.3,10824.1,10824.8,381
2026-08-14 00:30:00+00:00,10825.2,10826.0,10820.8,10821.0,225
2026-08-14 00:45:00+00:00,10821.3,10822.4,10820.6,10821.0,168
2026-08-14 01:00:00+00:00,10820.9,10823.6,10818.4,10819.4,344
2026-08-14 01:15:00+00:00,10819.6,10823.8,10818.1,10822.5,298
2026-08-14 01:30:00+00:00,10822.6,10824.2,10820.8,10823.9,258
2026-08-14 01:45:00+00:00,10823.8,10826.1,10823.7,10824.4,187
2026-08-14 02:00:00+00:00,10824.8,10828.2,10824.4,10825.9,162
2026-08-14 02:15:00+00:00,10825.7,10827.5,10824.0,10824.3,123
2026-08-14 02:30:00+00:00,10824.7,10825.8,10823.3,10824.4,116
2026-08-14 02:45:00+00:00,10824.5,10825.1,10821.4,10822.2,120
2026-08-14 03:00:00+00:00,10822.1,10824.3,10821.9,10823.5,114
2026-08-14 03:15:00+00:00,10823.7,10825.9,10823.5,10825.7,78
2026-08-14 03:30:00+00:00,10825.9,10826.6,10824.7,10825.3,140
2026-08-14 03:45:00+00:00,10825.4,10825.8,10823.2,10823.2,92
2026-08-14 04:00:00+00:00,10823.6,10824.0,10822.3,10823.6,127
2026-08-14 04:15:00+00:00,10823.7,10824.3,10822.6,10823.3,106
2026-08-14 04:30:00+00:00,10822.9,10823.4,10820.6,10821.9,128
2026-08-14 04:45:00+00:00,10821.8,10821.9,10820.7,10821.1,116
2026-08-14 05:00:00+00:00,10820.8,10821.6,10816.6,10819.6,76
2026-08-14 05:15:00+00:00,10819.3,10820.1,10818.6,10820.1,40
2026-08-14 05:30:00+00:00,10819.8,10822.3,10817.8,10820.8,110
2026-08-14 05:45:00+00:00,10821.1,10822.0,10819.1,10819.1,83
2026-08-14 06:00:00+00:00,10819.6,10819.6,10809.8,10812.6,170
2026-08-14 06:15:00+00:00,10812.3,10819.6,10811.8,10817.6,167
2026-08-14 06:30:00+00:00,10818.1,10820.1,10814.6,10815.6,193
2026-08-14 06:45:00+00:00,10815.3,10819.1,10807.6,10813.1,250
2026-08-14 07:00:00+00:00,10812.8,10819.8,10787.1,10799.3,1985
2026-08-14 07:15:00+00:00,10798.6,10802.1,10784.1,10789.1,968
2026-08-14 07:30:00+00:00,10789.3,10793.6,10773.1,10778.1,710
2026-08-14 07:45:00+00:00,10777.6,10778.6,10769.6,10770.3,680
2026-08-14 08:00:00+00:00,10771.1,10776.1,10749.1,10765.1,873
2026-08-14 08:15:00+00:00,10764.3,10771.8,10753.8,10770.1,782
2026-08-14 08:30:00+00:00,10769.6,10774.1,10764.3,10766.1,661
2026-08-14 08:45:00+00:00,10765.8,10778.8,10764.8,10773.1,481
2026-08-14 09:00:00+00:00,10772.8,10786.6,10770.6,10781.6,466
2026-08-14 09:15:00+00:00,10782.6,10785.3,10777.3,10781.1,424
2026-08-14 09:30:00+00:00,10780.1,10794.1,10779.8,10793.6,380
2026-08-14 09:45:00+00:00,10793.8,10796.1,10789.6,10790.1,478
2026-08-14 10:00:00+00:00,10790.3,10799.1,10789.6,10795.6,441
2026-08-14 10:15:00+00:00,10795.3,10795.8,10790.1,10792.6,264
2026-08-14 10:30:00+00:00,10792.3,10796.1,10787.6,10794.1,295
2026-08-14 10:45:00+00:00,10794.6,10794.8,10790.6,10792.3,269
2026-08-14 11:00:00+00:00,10792.1,10792.1,10778.8,10785.6,373
2026-08-14 11:15:00+00:00,10785.8,10806.1,10785.1,10803.6,330
2026-08-14 11:30:00+00:00,10803.3,10804.6,10797.6,10799.8,405
2026-08-14 11:45:00+00:00,10799.6,10804.6,10793.6,10798.1,379
2026-08-14 12:00:00+00:00,10798.6,10802.6,10792.3,10799.6,656
2026-08-14 12:15:00+00:00,10800.1,10805.6,10798.3,10802.6,332
2026-08-14 12:30:00+00:00,10802.8,10807.3,10797.8,10802.6,562
2026-08-14 12:45:00+00:00,10802.8,10803.3,10797.6,10798.1,344
2026-08-14 13:00:00+00:00,10798.3,10804.1,10793.8,10794.1,467
2026-08-14 13:15:00+00:00,10794.6,10803.3,10790.8,10799.3,578
2026-08-14 13:30:00+00:00,10799.6,10801.6,10786.8,10792.3,1467
2026-08-14 13:45:00+00:00,10791.8,10799.1,10781.1,10798.1,846
2026-08-14 14:00:00+00:00,10798.3,10800.6,10781.3,10788.6,1018
2026-08-14 14:15:00+00:00,10788.8,10796.6,10785.8,10789.6,829
2026-08-14 14:30:00+00:00,10789.3,10792.1,10775.6,10775.8,705
2026-08-14 14:45:00+00:00,10776.3,10786.3,10773.8,10784.6,592
2026-08-14 15:00:00+00:00,10784.8,10791.8,10783.3,10784.8,680
2026-08-14 15:15:00+00:00,10784.1,10784.8,10777.6,10782.6,826
2026-08-14 15:30:00+00:00,10782.8,10783.3,10764.6,10765.3,1031
2026-08-14 15:45:00+00:00,10765.8,10768.3,10759.3,10763.8,366
2026-08-14 16:00:00+00:00,10763.6,10768.3,10761.6,10766.6,246
2026-08-14 16:15:00+00:00,10766.8,10771.3,10766.8,10770.6,180
2026-08-14 16:30:00+00:00,10770.3,10773.8,10768.1,10770.3,151
2026-08-14 16:45:00+00:00,10770.1,10774.6,10769.1,10772.1,151
2026-08-14 17:00:00+00:00,10772.3,10778.6,10772.1,10778.6,189
2026-08-14 17:15:00+00:00,10778.8,10783.8,10778.1,10781.3,144
2026-08-14 17:30:00+00:00,10781.6,10781.8,10773.1,10779.6,213
2026-08-14 17:45:00+00:00,10779.8,10781.1,10777.8,10779.3,99
2026-08-14 18:00:00+00:00,10779.6,10785.8,10778.3,10785.6,134
2026-08-14 18:15:00+00:00,10786.1,10791.1,10785.3,10791.1,94
2026-08-14 18:30:00+00:00,10790.6,10793.1,10789.8,10791.1,112
2026-08-14 18:45:00+00:00,10790.8,10794.1,10790.3,10792.6,127
2026-08-14 19:00:00+00:00,10792.3,10792.6,10787.6,10790.1,153
2026-08-14 19:15:00+00:00,10789.1,10793.1,10786.8,10791.1,134
2026-08-14 19:30:00+00:00,10790.6,10793.3,10786.1,10786.1,206
2026-08-14 19:45:00+00:00,10785.8,10786.1,10775.1,10785.8,426
2026-08-16 22:00:00+00:00,10787.4,10790.1,10786.9,10789.6,183
2026-08-16 22:15:00+00:00,10789.7,10789.8,10788.6,10788.9,105
2026-08-16 22:30:00+00:00,10789.1,10789.1,10787.7,10788.4,77
2026-08-16 22:45:00+00:00,10788.1,10789.8,10787.9,10789.3,81
2026-08-16 23:00:00+00:00,10789.2,10789.2,10788.1,10788.4,46
2026-08-16 23:15:00+00:00,10788.1,10789.1,10787.9,10788.6,46
2026-08-16 23:30:00+00:00,10788.9,10790.1,10787.9,10790.1,69
2026-08-16 23:45:00+00:00,10789.8,10792.0,10789.8,10791.3,117
2026-08-17 00:00:00+00:00,10789.1,10789.2,10780.6,10784.9,313
2026-08-17 00:15:00+00:00,10785.8,10786.5,10782.2,10785.4,221
2026-08-17 00:30:00+00:00,10785.2,10785.7,10781.4,10783.8,190
2026-08-17 00:45:00+00:00,10783.7,10785.1,10783.3,10784.9,96
2026-08-17 01:00:00+00:00,10785.1,10790.1,10784.1,10789.2,228
2026-08-17 01:15:00+00:00,10789.3,10796.5,10786.3,10795.3,280
2026-08-17 01:30:00+00:00,10795.7,10796.1,10790.1,10794.5,242
2026-08-17 01:45:00+00:00,10794.4,10794.4,10790.1,10791.8,190
2026-08-17 02:00:00+00:00,10792.0,10792.2,10786.6,10787.0,104
2026-08-17 02:15:00+00:00,10786.9,10790.4,10786.9,10789.0,128
2026-08-17 02:30:00+00:00,10788.8,10789.8,10788.4,10789.0,124
2026-08-17 02:45:00+00:00,10789.2,10791.1,10789.0,10789.8,104
2026-08-17 03:00:00+00:00,10789.9,10793.6,10789.9,10793.0,89
2026-08-17 03:15:00+00:00,10792.6,10793.8,10792.4,10793.4,54
2026-08-17 03:30:00+00:00,10793.5,10798.1,10793.0,10797.7,59
2026-08-17 03:45:00+00:00,10797.5,10801.3,10796.5,10800.9,95
2026-08-17 04:00:00+00:00,10801.1,10802.8,10799.2,10802.7,107
2026-08-17 04:15:00+00:00,10802.3,10802.7,10800.1,10800.5,68
2026-08-17 04:30:00+00:00,10800.4,10800.4,10797.9,10799.5,61
2026-08-17 04:45:00+00:00,10799.7,10799.9,10796.0,10796.7,116
2026-08-17 05:00:00+00:00,10796.6,10800.1,10796.2,10797.1,92
2026-08-17 05:15:00+00:00,10796.6,10797.3,10795.3,10796.8,72
2026-08-17 05:30:00+00:00,10796.6,10802.3,10796.6,10801.1,63
2026-08-17 05:45:00+00:00,10801.3,10806.8,10801.1,10806.6,91
2026-08-17 06:00:00+00:00,10806.6,10810.3,10800.6,10810.1,282
2026-08-17 06:15:00+00:00,10810.3,10813.6,10808.3,10813.1,170
2026-08-17 06:30:00+00:00,10812.6,10817.1,10808.3,10810.6,203
2026-08-17 06:45:00+00:00,10810.3,10820.8,10809.3,10816.6,316
2026-08-17 07:00:00+00:00,10817.3,10823.1,10800.8,10804.3,1726
2026-08-17 07:15:00+00:00,10804.1,10812.6,10801.8,10812.6,781
2026-08-17 07:30:00+00:00,10812.3,10812.8,10799.3,10808.6,679
2026-08-17 07:45:00+00:00,10808.3,10816.1,10804.1,10810.1,582
2026-08-17 08:00:00+00:00,10810.6,10810.6,10789.6,10800.3,681
2026-08-17 08:15:00+00:00,10800.1,10800.1,10786.1,10789.1,490
2026-08-17 08:30:00+00:00,10789.3,10797.3,10786.3,10792.6,503
2026-08-17 08:45:00+00:00,10792.8,10797.1,10786.6,10787.3,430
2026-08-17 09:00:00+00:00,10787.1,10793.1,10784.8,10787.1,476
2026-08-17 09:15:00+00:00,10786.8,10791.3,10784.6,10787.1,343
2026-08-17 09:30:00+00:00,10787.6,10789.3,10779.1,10784.3,366
2026-08-17 09:45:00+00:00,10783.8,10784.8,10773.6,10779.6,383
2026-08-17 10:00:00+00:00,10779.3,10781.1,10772.6,10777.6,428
2026-08-17 10:15:00+00:00,10778.1,10797.8,10776.8,10797.1,708
2026-08-17 10:30:00+00:00,10796.6,10797.6,10784.8,10791.6,636
2026-08-17 10:45:00+00:00,10791.8,10798.8,10789.1,10789.6,358
2026-08-17 11:00:00+00:00,10789.1,10793.3,10787.3,10792.1,371
2026-08-17 11:15:00+00:00,10792.3,10799.1,10789.8,10798.1,300
2026-08-17 11:30:00+00:00,10798.3,10800.3,10795.8,10798.1,369
2026-08-17 11:45:00+00:00,10798.3,10801.3,10784.3,10787.6,358
2026-08-17 12:00:00+00:00,10787.8,10787.8,10776.1,10778.1,418
2026-08-17 12:15:00+00:00,10778.8,10779.1,10761.1,10764.8,637
2026-08-17 12:30:00+00:00,10764.6,10771.3,10758.6,10765.1,572
2026-08-17 12:45:00+00:00,10765.3,10767.3,10761.3,10764.6,377
2026-08-17 13:00:00+00:00,10764.8,10766.3,10754.3,10755.3,487
2026-08-17 13:15:00+00:00,10755.6,10762.1,10750.6,10755.6,542
2026-08-17 13:30:00+00:00,10755.8,10770.1,10751.6,10760.1,1510
2026-08-17 13:45:00+00:00,10760.3,10770.6,10760.3,10769.6,789
2026-08-17 14:00:00+00:00,10769.3,10771.3,10759.8,10764.6,861
2026-08-17 14:15:00+00:00,10764.1,10768.8,10757.3,10765.8,749
2026-08-17 14:30:00+00:00,10765.6,10771.3,10760.8,10760.8,752
2026-08-17 14:45:00+00:00,10760.6,10764.8,10750.8,10753.6,609
2026-08-17 15:00:00+00:00,10754.3,10758.8,10741.8,10752.1,839
2026-08-17 15:15:00+00:00,10752.3,10753.8,10746.3,10752.6,808
2026-08-17 15:30:00+00:00,10754.1,10755.8,10737.3,10739.3,684
2026-08-17 15:45:00+00:00,10739.1,10743.8,10736.8,10743.1,280
2026-08-17 16:00:00+00:00,10743.3,10751.8,10743.3,10749.1,224
2026-08-17 16:15:00+00:00,10749.3,10755.1,10749.3,10754.6,169
2026-08-17 16:30:00+00:00,10754.3,10756.1,10751.3,10755.1,147
2026-08-17 16:45:00+00:00,10755.3,10755.3,10750.6,10752.3,130
2026-08-17 17:00:00+00:00,10752.1,10753.1,10750.3,10751.8,132
2026-08-17 17:15:00+00:00,10751.6,10753.1,10744.6,10748.3,262
2026-08-17 17:30:00+00:00,10748.6,10751.3,10743.8,10751.1,269
2026-08-17 17:45:00+00:00,10751.3,10751.3,10745.8,10746.8,163
2026-08-17 18:00:00+00:00,10746.6,10749.3,10742.8,10749.3,212
2026-08-17 18:15:00+00:00,10749.8,10753.8,10748.3,10752.6,211
2026-08-17 18:30:00+00:00,10752.8,10753.3,10748.1,10750.1,245
2026-08-17 18:45:00+00:00,10749.6,10751.1,10747.1,10748.8,133
2026-08-17 19:00:00+00:00,10749.3,10751.3,10746.3,10751.3,166
2026-08-17 19:15:00+00:00,10751.6,10755.3,10750.1,10754.6,199
2026-08-17 19:30:00+00:00,10754.8,10755.3,10749.6,10755.1,260
2026-08-17 19:45:00+00:00,10755.3,10761.6,10752.6,10759.3,430
2026-08-17 20:00:00+00:00,10758.3,10758.3,10754.4,10756.1,253
2026-08-17 20:30:00+00:00,10754.9,10754.9,10753.3,10753.4,125
2026-08-17 20:45:00+00:00,10753.3,10755.3,10752.7,10754.1,153
2026-08-17 22:00:00+00:00,10755.6,10756.8,10754.3,10754.9,155
2026-08-17 22:15:00+00:00,10755.0,10755.2,10751.7,10754.1,247
2026-08-17 22:30:00+00:00,10753.9,10754.4,10753.2,10753.8,153
2026-08-17 22:45:00+00:00,10753.9,10755.1,10753.6,10754.4,130
2026-08-17 23:00:00+00:00,10754.3,10754.9,10752.4,10754.4,100
2026-08-17 23:15:00+00:00,10754.1,10754.4,10752.7,10754.4,113
2026-08-17 23:30:00+00:00,10754.1,10757.0,10754.1,10756.3,151
2026-08-17 23:45:00+00:00,10756.2,10757.3,10753.6,10757.0,365
2026-08-18 00:00:00+00:00,10754.0,10760.1,10753.1,10760.0,268
2026-08-18 00:15:00+00:00,10759.9,10761.6,10758.4,10760.0,269
2026-08-18 00:30:00+00:00,10760.1,10762.7,10758.3,10761.2,208
2026-08-18 00:45:00+00:00,10761.1,10762.4,10759.3,10760.8,303
2026-08-18 01:00:00+00:00,10761.0,10766.9,10761.0,10766.9,414
2026-08-18 01:15:00+00:00,10767.3,10767.9,10762.8,10763.1,338
2026-08-18 01:30:00+00:00,10763.3,10766.7,10759.4,10760.4,515
2026-08-18 01:45:00+00:00,10760.2,10761.5,10753.3,10761.3,760
2026-08-18 02:00:00+00:00,10761.4,10761.8,10756.8,10756.9,502
2026-08-18 02:15:00+00:00,10756.5,10758.3,10751.4,10751.8,745
2026-08-18 02:30:00+00:00,10751.4,10757.6,10749.6,10752.0,651
2026-08-18 02:45:00+00:00,10751.6,10755.1,10749.2,10753.9,645
2026-08-18 03:00:00+00:00,10754.2,10755.9,10753.2,10755.6,413
2026-08-18 03:15:00+00:00,10755.4,10755.7,10749.2,10751.8,478
2026-08-18 03:30:00+00:00,10751.3,10753.7,10746.0,10749.8,643
2026-08-18 03:45:00+00:00,10749.7,10752.5,10749.2,10751.0,413
2026-08-18 04:00:00+00:00,10751.2,10751.2,10744.5,10748.0,463
2026-08-18 04:15:00+00:00,10748.2,10749.7,10745.4,10748.2,421
2026-08-18 04:30:00+00:00,10748.4,10750.8,10746.8,10746.8,386
2026-08-18 04:45:00+00:00,10746.6,10748.6,10745.9,10748.5,417
2026-08-18 05:00:00+00:00,10755.1,10755.1,10749.8,10752.3,334
2026-08-18 05:15:00+00:00,10752.1,10752.8,10748.8,10750.6,339
2026-08-18 05:30:00+00:00,10750.8,10756.8,10748.3,10755.3,307
2026-08-18 05:45:00+00:00,10754.8,10761.8,10754.0,10757.5,332
2026-08-18 06:00:00+00:00,10758.3,10765.1,10743.8,10763.1,701
2026-08-18 06:15:00+00:00,10762.8,10766.8,10760.1,10764.6,427
2026-08-18 06:30:00+00:00,10765.1,10769.6,10758.8,10767.1,385
2026-08-18 06:45:00+00:00,10766.8,10779.1,10764.1,10775.6,592
2026-08-18 07:00:00+00:00,10776.6,10776.6,10742.1,10749.6,2592
2026-08-18 07:15:00+00:00,10749.8,10769.6,10746.1,10760.6,1370
2026-08-18 07:30:00+00:00,10760.8,10769.1,10755.1,10758.3,1055
2026-08-18 07:45:00+00:00,10759.1,10760.1,10744.6,10747.6,961
2026-08-18 08:00:00+00:00,10747.3,10748.6,10728.8,10743.1,1510
2026-08-18 08:15:00+00:00,10742.6,10747.1,10730.6,10736.8,1095
2026-08-18 08:30:00+00:00,10736.6,10746.8,10733.8,10744.3,924
2026-08-18 08:45:00+00:00,10744.6,10745.8,10734.8,10740.8,710
2026-08-18 09:00:00+00:00,10740.0,10740.1,10728.6,10732.1,785
2026-08-18 09:15:00+00:00,10732.3,10739.1,10730.6,10734.6,679
2026-08-18 09:30:00+00:00,10734.3,10739.1,10730.1,10739.1,648
2026-08-18 09:45:00+00:00,10739.3,10744.1,10735.6,10742.1,660
2026-08-18 10:00:00+00:00,10742.3,10752.3,10741.8,10749.8,551
2026-08-18 10:15:00+00:00,10750.3,10752.3,10747.1,10751.1,490
2026-08-18 10:30:00+00:00,10751.3,10754.1,10748.3,10749.1,430
2026-08-18 10:45:00+00:00,10749.6,10755.6,10746.8,10755.1,454
2026-08-18 11:00:00+00:00,10754.6,10756.6,10750.6,10754.1,504
2026-08-18 11:15:00+00:00,10753.8,10759.3,10752.1,10754.1,426
2026-08-18 11:30:00+00:00,10753.8,10762.1,10749.1,10761.1,474
2026-08-18 11:45:00+00:00,10761.3,10766.6,10756.1,10760.3,478
2026-08-18 12:00:00+00:00,10760.1,10768.8,10756.1,10768.6,599
2026-08-18 12:15:00+00:00,10767.6,10782.3,10767.6,10774.6,633
2026-08-18 12:30:00+00:00,10773.8,10777.8,10772.1,10777.1,644
2026-08-18 12:45:00+00:00,10776.8,10786.1,10775.8,10785.8,494
2026-08-18 13:00:00+00:00,10785.6,10785.8,10775.3,10780.1,677
2026-08-18 13:15:00+00:00,10779.8,10783.8,10772.6,10782.6,873
2026-08-18 13:30:00+00:00,10783.1,10809.1,10772.6,10800.1,2056
2026-08-18 13:45:00+00:00,10800.6,10804.1,10790.8,10791.8,1274
2026-08-18 14:00:00+00:00,10792.1,10798.1,10783.1,10786.6,1193
2026-08-18 14:15:00+00:00,10786.8,10792.8,10785.1,10789.1,1054
2026-08-18 14:30:00+00:00,10789.3,10792.6,10773.1,10773.6,1010
2026-08-18 14:45:00+00:00,10773.3,10775.1,10755.3,10757.8,1332
2026-08-18 15:00:00+00:00,10757.6,10768.6,10755.3,10761.3,1112
2026-08-18 15:15:00+00:00,10761.6,10762.1,10754.6,10760.8,1129
2026-08-18 15:30:00+00:00,10760.1,10761.3,10742.3,10757.8,1368
2026-08-18 15:45:00+00:00,10758.6,10766.3,10758.1,10758.8,477
2026-08-18 16:00:00+00:00,10758.6,10759.1,10749.3,10749.8,357
2026-08-18 16:15:00+00:00,10750.1,10758.1,10749.8,10754.8,334
2026-08-18 16:30:00+00:00,10754.6,10761.1,10754.6,10759.1,264
2026-08-18 16:45:00+00:00,10759.3,10762.3,10756.1,10760.3,275
2026-08-18 17:00:00+00:00,10760.6,10766.1,10758.8,10764.8,242
2026-08-18 17:15:00+00:00,10765.1,10766.1,10761.3,10764.1,182
2026-08-18 17:30:00+00:00,10763.8,10765.3,10761.8,10763.6,205
2026-08-18 17:45:00+00:00,10763.3,10764.6,10759.6,10759.8,166
2026-08-18 18:00:00+00:00,10759.6,10763.6,10757.3,10763.6,222
2026-08-18 18:15:00+00:00,10763.8,10764.6,10761.3,10762.8,225
2026-08-18 18:30:00+00:00,10763.1,10765.3,10761.8,10762.6,186
2026-08-18 18:45:00+00:00,10762.3,10762.8,10757.1,10757.3,235
2026-08-18 19:00:00+00:00,10757.8,10759.1,10754.8,10758.1,253
2026-08-18 19:15:00+00:00,10758.3,10764.6,10758.3,10763.3,217
2026-08-18 19:30:00+00:00,10763.6,10766.1,10761.1,10762.6,309
2026-08-18 19:45:00+00:00,10762.3,10763.1,10750.1,10752.6,456
2026-08-18 20:00:00+00:00,10751.5,10752.1,10749.1,10751.3,249
2026-08-18 20:30:00+00:00,10752.0,10753.3,10751.3,10752.1,84
2026-08-18 20:45:00+00:00,10752.3,10753.6,10749.9,10751.6,214
2026-08-18 22:00:00+00:00,10752.2,10753.3,10751.0,10752.4,165
2026-08-18 22:15:00+00:00,10752.6,10756.3,10750.4,10750.4,219
2026-08-18 22:30:00+00:00,10750.5,10751.4,10748.7,10750.0,259
2026-08-18 22:45:00+00:00,10750.2,10750.2,10746.5,10746.8,239
2026-08-18 23:00:00+00:00,10746.9,10750.4,10746.0,10749.8,236
2026-08-18 23:15:00+00:00,10749.7,10753.1,10748.2,10750.4,230
2026-08-18 23:30:00+00:00,10750.5,10751.1,10749.9,10750.7,212
2026-08-18 23:45:00+00:00,10750.4,10753.1,10749.9,10749.9,507
2026-08-19 00:00:00+00:00,10750.4,10750.4,10742.1,10744.0,791
2026-08-19 00:15:00+00:00,10743.9,10751.5,10742.6,10751.0,642
2026-08-19 00:30:00+00:00,10751.1,10756.4,10750.9,10755.0,465
2026-08-19 00:45:00+00:00,10755.1,10755.7,10747.3,10747.6,442
2026-08-19 01:00:00+00:00,10747.4,10754.5,10747.3,10751.4,527
2026-08-19 01:15:00+00:00,10751.5,10751.7,10744.4,10747.0,509
2026-08-19 01:30:00+00:00,10746.8,10748.1,10741.6,10742.8,421
2026-08-19 01:45:00+00:00,10742.7,10742.8,10738.2,10741.1,395
2026-08-19 02:00:00+00:00,10740.8,10742.3,10738.7,10741.0,287
2026-08-19 02:15:00+00:00,10740.8,10749.3,10740.6,10747.8,507
2026-08-19 02:30:00+00:00,10747.7,10748.0,10744.1,10747.1,376
2026-08-19 02:45:00+00:00,10747.3,10749.7,10745.3,10747.7,390
2026-08-19 03:00:00+00:00,10747.8,10748.4,10742.9,10745.9,367
2026-08-19 03:15:00+00:00,10746.1,10747.5,10745.3,10747.3,230
2026-08-19 03:30:00+00:00,10747.1,10751.4,10746.9,10749.2,416
2026-08-19 03:45:00+00:00,10749.1,10749.4,10746.1,10747.4,345
2026-08-19 04:00:00+00:00,10747.3,10747.4,10744.8,10745.3,236
2026-08-19 04:15:00+00:00,10745.1,10746.8,10743.7,10744.9,324
2026-08-19 04:30:00+00:00,10745.3,10746.3,10741.5,10743.1,316
2026-08-19 04:45:00+00:00,10743.5,10744.4,10739.5,10743.3,339
2026-08-19 05:00:00+00:00,10743.5,10750.8,10741.8,10742.8,332
2026-08-19 05:15:00+00:00,10742.3,10745.3,10738.8,10745.1,148
2026-08-19 05:30:00+00:00,10743.8,10745.1,10739.8,10742.6,228
2026-08-19 05:45:00+00:00,10742.8,10742.8,10737.1,10741.1,175
2026-08-19 06:00:00+00:00,10740.5,10741.3,10728.6,10736.1,502
2026-08-19 06:15:00+00:00,10736.3,10757.1,10736.1,10753.3,377
2026-08-19 06:30:00+00:00,10753.1,10761.1,10751.6,10756.3,374
2026-08-19 06:45:00+00:00,10756.6,10768.6,10754.1,10767.6,461
2026-08-19 07:00:00+00:00,10767.3,10773.3,10750.6,10759.6,2300
2026-08-19 07:15:00+00:00,10759.8,10760.3,10746.6,10753.1,1129
2026-08-19 07:30:00+00:00,10753.3,10767.1,10750.1,10751.3,1027
2026-08-19 07:45:00+00:00,10751.1,10757.3,10745.1,10749.1,827
2026-08-19 08:00:00+00:00,10748.6,10758.1,10743.8,10746.1,941
2026-08-19 08:15:00+00:00,10746.6,10753.3,10741.1,10747.6,620
2026-08-19 08:30:00+00:00,10747.3,10748.1,10739.1,10741.1,611
2026-08-19 08:45:00+00:00,10741.6,10741.8,10732.1,10734.3,657
2026-08-19 09:00:00+00:00,10733.8,10740.3,10731.8,10735.6,582
2026-08-19 09:15:00+00:00,10735.1,10740.1,10731.3,10738.6,438
2026-08-19 09:30:00+00:00,10739.1,10742.1,10728.3,10732.6,485
2026-08-19 09:45:00+00:00,10732.3,10736.1,10727.1,10735.6,364
2026-08-19 10:00:00+00:00,10735.3,10739.6,10730.8,10736.6,500
2026-08-19 10:15:00+00:00,10736.3,10736.3,10726.3,10730.1,449
2026-08-19 10:30:00+00:00,10729.6,10731.1,10723.8,10731.1,446
2026-08-19 10:45:00+00:00,10730.8,10741.3,10727.1,10740.3,386
2026-08-19 11:00:00+00:00,10739.1,10746.6,10738.1,10741.1,590
2026-08-19 11:15:00+00:00,10741.3,10751.3,10740.6,10748.8,421
2026-08-19 11:30:00+00:00,10749.1,10753.3,10745.1,10748.1,426
2026-08-19 11:45:00+00:00,10747.8,10755.6,10745.6,10752.8,446
2026-08-19 12:00:00+00:00,10753.1,10753.8,10744.1,10748.8,511
2026-08-19 12:15:00+00:00,10748.6,10750.6,10739.8,10741.6,474
2026-08-19 12:30:00+00:00,10741.8,10783.6,10739.1,10776.6,1768
2026-08-19 12:45:00+00:00,10776.8,10779.6,10757.3,10759.3,1181
2026-08-19 13:00:00+00:00,10759.6,10764.1,10753.3,10754.1,912
2026-08-19 13:15:00+00:00,10754.3,10757.8,10746.6,10750.6,732
2026-08-19 13:30:00+00:00,10750.8,10771.6,10739.6,10768.6,1972
2026-08-19 13:45:00+00:00,10768.8,10778.8,10763.6,10769.1,1712
2026-08-19 14:00:00+00:00,10769.6,10780.1,10762.6,10773.1,1478
2026-08-19 14:15:00+00:00,10773.3,10783.1,10768.6,10775.1,1330
2026-08-19 14:30:00+00:00,10775.3,10790.6,10770.8,10781.1,1144
2026-08-19 14:45:00+00:00,10780.8,10782.8,10767.6,10777.1,943
2026-08-19 15:00:00+00:00,10777.6,10779.1,10770.3,10773.6,926
2026-08-19 15:15:00+00:00,10773.1,10774.1,10767.8,10772.8,919
2026-08-19 15:30:00+00:00,10772.6,10774.6,10762.3,10769.6,1300
2026-08-19 15:45:00+00:00,10769.3,10775.1,10761.8,10762.8,399
2026-08-19 16:00:00+00:00,10762.6,10772.6,10760.8,10770.6,433
2026-08-19 16:15:00+00:00,10770.8,10771.6,10765.1,10765.6,325
2026-08-19 16:30:00+00:00,10765.3,10766.1,10759.6,10762.1,339
2026-08-19 16:45:00+00:00,10761.8,10767.6,10760.8,10766.1,424
2026-08-19 17:00:00+00:00,10766.3,10771.1,10762.1,10764.8,353
2026-08-19 17:15:00+00:00,10765.1,10766.1,10762.6,10765.6,285
2026-08-19 17:30:00+00:00,10765.8,10768.6,10763.1,10766.6,327
2026-08-19 17:45:00+00:00,10766.8,10769.6,10765.1,10767.1,303
2026-08-19 18:00:00+00:00,10766.8,10773.6,10766.1,10768.6,594
2026-08-19 18:15:00+00:00,10768.8,10770.3,10766.1,10770.1,309
2026-08-19 18:30:00+00:00,10770.3,10773.3,10770.1,10771.1,368
2026-08-19 18:45:00+00:00,10770.6,10774.1,10770.3,10773.6,227
2026-08-19 19:00:00+00:00,10773.3,10776.6,10772.6,10775.1,219
2026-08-19 19:15:00+00:00,10775.3,10779.1,10774.1,10776.8,255
2026-08-19 19:30:00+00:00,10777.1,10779.1,10769.1,10773.1,319
2026-08-19 19:45:00+00:00,10772.6,10774.3,10768.1,10773.8,448
2026-08-19 20:00:00+00:00,10772.8,10774.3,10767.7,10770.1,321
2026-08-19 20:30:00+00:00,10770.6,10771.4,10769.2,10770.4,93
2026-08-19 20:45:00+00:00,10770.6,10772.8,10770.6,10771.6,113
2026-08-19 22:00:00+00:00,10778.9,10784.4,10776.2,10782.2,384
2026-08-19 22:15:00+00:00,10782.1,10782.1,10779.5,10780.1,238
2026-08-19 22:30:00+00:00,10780.0,10782.9,10779.2,10781.8,215
2026-08-19 22:45:00+00:00,10782.3,10783.8,10781.0,10783.3,170
2026-08-19 23:00:00+00:00,10783.4,10787.2,10781.4,10783.3,486
2026-08-19 23:15:00+00:00,10783.4,10784.3,10781.8,10782.8,140
2026-08-19 23:30:00+00:00,10783.1,10784.8,10781.6,10784.0,190
2026-08-19 23:45:00+00:00,10783.8,10784.8,10781.1,10781.6,368
2026-08-20 00:00:00+00:00,10777.8,10779.7,10773.7,10778.8,654
2026-08-20 00:15:00+00:00,10778.9,10782.0,10778.7,10780.5,630
2026-08-20 00:30:00+00:00,10780.7,10780.7,10776.3,10776.8,587
2026-08-20 00:45:00+00:00,10776.7,10779.2,10776.1,10777.1,436
2026-08-20 01:00:00+00:00,10776.8,10781.6,10774.6,10779.6,565
2026-08-20 01:15:00+00:00,10779.3,10785.6,10778.4,10780.7,748
2026-08-20 01:30:00+00:00,10780.5,10783.2,10776.0,10779.9,791
2026-08-20 01:45:00+00:00,10780.0,10780.2,10772.2,10772.8,480
2026-08-20 02:00:00+00:00,10772.9,10777.8,10772.0,10777.1,547
2026-08-20 02:15:00+00:00,10777.0,10777.1,10769.5,10769.5,545
2026-08-20 02:30:00+00:00,10769.3,10774.3,10766.9,10771.8,521
2026-08-20 02:45:00+00:00,10771.6,10773.0,10770.5,10771.8,404
2026-08-20 03:00:00+00:00,10772.5,10774.6,10769.9,10773.6,354
2026-08-20 03:15:00+00:00,10773.8,10776.1,10773.4,10773.7,260
2026-08-20 03:30:00+00:00,10773.6,10775.8,10771.4,10775.0,464
2026-08-20 03:45:00+00:00,10774.8,10776.4,10773.3,10775.6,335
2026-08-20 04:00:00+00:00,10775.4,10777.0,10774.4,10775.8,292
2026-08-20 04:15:00+00:00,10775.6,10776.6,10772.9,10773.9,233
2026-08-20 04:30:00+00:00,10773.7,10773.9,10770.7,10772.4,344
2026-08-20 04:45:00+00:00,10772.3,10775.1,10772.0,10773.4,271
2026-08-20 05:00:00+00:00,10773.6,10776.6,10770.6,10771.3,223
2026-08-20 05:15:00+00:00,10771.1,10774.6,10770.8,10772.6,211
2026-08-20 05:30:00+00:00,10772.8,10777.6,10771.6,10776.1,215
2026-08-20 05:45:00+00:00,10775.6,10775.6,10769.1,10769.6,171
2026-08-20 06:00:00+00:00,10770.3,10786.6,10769.8,10783.6,355
2026-08-20 06:15:00+00:00,10783.3,10785.1,10778.6,10781.8,273
2026-08-20 06:30:00+00:00,10781.6,10790.1,10778.6,10790.1,357
2026-08-20 06:45:00+00:00,10789.8,10790.3,10775.1,10776.1,469
2026-08-20 07:00:00+00:00,10775.8,10775.8,10743.8,10745.8,2254
2026-08-20 07:15:00+00:00,10745.3,10750.1,10734.8,10743.1,1286
2026-08-20 07:30:00+00:00,10743.8,10748.6,10731.3,10747.3,1143
2026-08-20 07:45:00+00:00,10747.6,10751.8,10737.1,10738.1,842
2026-08-20 08:00:00+00:00,10737.8,10746.8,10730.8,10739.8,955
2026-08-20 08:15:00+00:00,10739.6,10747.8,10732.1,10734.6,925
2026-08-20 08:30:00+00:00,10734.3,10745.1,10726.1,10737.3,908
2026-08-20 08:45:00+00:00,10737.6,10743.1,10735.8,10739.3,803
2026-08-20 09:00:00+00:00,10739.6,10749.8,10738.1,10746.6,703
2026-08-20 09:15:00+00:00,10746.1,10755.3,10743.1,10753.1,566
2026-08-20 09:30:00+00:00,10753.3,10755.1,10747.3,10750.1,657
2026-08-20 09:45:00+00:00,10749.8,10752.1,10743.3,10750.1,635
2026-08-20 10:00:00+00:00,10750.3,10755.8,10745.8,10753.1,694
2026-08-20 10:15:00+00:00,10752.6,10754.1,10739.3,10744.6,596
2026-08-20 10:30:00+00:00,10744.8,10745.3,10731.3,10733.1,640
2026-08-20 10:45:00+00:00,10732.8,10736.8,10729.8,10735.1,566
2026-08-20 11:00:00+00:00,10734.8,10751.1,10733.1,10750.3,777
2026-08-20 11:15:00+00:00,10750.1,10752.6,10744.8,10745.1,565
2026-08-20 11:30:00+00:00,10745.3,10748.8,10738.1,10744.6,740
2026-08-20 11:45:00+00:00,10744.8,10745.6,10727.1,10728.1,837
2026-08-20 12:00:00+00:00,10728.6,10728.8,10708.8,10717.6,1444
2026-08-20 12:15:00+00:00,10717.8,10721.3,10708.3,10713.0,891
2026-08-20 12:30:00+00:00,10712.8,10727.6,10710.1,10727.6,942
2026-08-20 12:45:00+00:00,10727.8,10740.8,10726.1,10738.8,714
2026-08-20 13:00:00+00:00,10739.1,10745.3,10731.1,10732.6,1004
