time,open,high,low,close,volume
2024-08-19 13:00:00+00:00,40817.8,40939.3,40805.8,40885.8,32574
2024-08-19 14:00:00+00:00,40885.3,41024.8,40853.3,41008.3,35144
2024-08-19 15:00:00+00:00,41007.3,41011.8,40914.3,40946.8,21410
2024-08-19 16:00:00+00:00,40947.3,41052.3,40929.8,41032.8,16149
2024-08-19 17:00:00+00:00,41033.3,41035.8,40951.8,40966.3,12280
2024-08-19 18:00:00+00:00,40966.8,40997.8,40931.3,40989.3,14428
2024-08-19 19:00:00+00:00,40988.8,41026.3,40938.3,41024.8,19600
2024-08-19 20:00:00+00:00,41026.6,41030.6,40976.5,40989.5,3727
2024-08-19 22:00:00+00:00,41007.0,41035.5,41001.5,41017.0,1137
2024-08-19 23:00:00+00:00,41016.5,41020.5,41006.0,41011.0,519
2024-08-20 00:00:00+00:00,41011.5,41014.0,40993.0,41004.0,921
2024-08-20 01:00:00+00:00,41005.0,41018.0,40987.0,41015.0,1246
2024-08-20 02:00:00+00:00,41016.0,41037.0,41012.0,41036.0,998
2024-08-20 03:00:00+00:00,41035.5,41035.5,41003.5,41006.5,677
2024-08-20 04:00:00+00:00,41007.0,41023.5,41005.5,41022.0,726
2024-08-20 05:00:00+00:00,41021.0,41029.0,41017.5,41025.0,895
2024-08-20 06:00:00+00:00,41023.8,41064.8,41007.8,41063.3,1531
2024-08-20 07:00:00+00:00,41063.8,41085.8,41053.3,41075.8,2847
2024-08-20 08:00:00+00:00,41075.3,41075.3,40990.3,41032.3,2997
2024-08-20 09:00:00+00:00,41032.8,41039.3,41001.3,41005.3,1836
2024-08-20 10:00:00+00:00,41004.8,41025.8,40988.8,41011.3,1920
2024-08-20 11:00:00+00:00,41011.8,41020.8,40996.8,41008.3,1733
2024-08-20 12:00:00+00:00,41008.8,41016.8,40973.8,40988.8,2364
2024-08-20 13:00:00+00:00,40989.3,41028.3,40916.3,40981.8,25935
2024-08-20 14:00:00+00:00,40982.3,41015.3,40922.3,40967.3,45858
2024-08-20 15:00:00+00:00,40966.8,40993.3,40876.3,40983.8,28734
2024-08-20 16:00:00+00:00,40984.3,40999.3,40929.8,40959.8,16787
2024-08-20 17:00:00+00:00,40960.3,40971.8,40904.8,40947.3,21742
2024-08-20 18:00:00+00:00,40946.8,41040.8,40943.3,40959.8,16599
2024-08-20 19:00:00+00:00,40960.3,40975.8,40916.8,40954.3,20352
2024-08-20 20:00:00+00:00,40955.1,40992.5,40952.5,40968.0,2982
2024-08-20 22:00:00+00:00,40966.5,40978.0,40952.0,40972.0,874
2024-08-20 23:00:00+00:00,40973.0,40989.0,40968.5,40982.0,801
2024-08-21 00:00:00+00:00,40981.5,41012.0,40980.0,41006.0,1400
2024-08-21 01:00:00+00:00,41005.0,41007.5,40980.0,40986.0,1401
2024-08-21 02:00:00+00:00,40986.5,41002.0,40980.5,41000.0,691
2024-08-21 03:00:00+00:00,40999.5,41017.5,40998.5,41007.0,590
2024-08-21 04:00:00+00:00,41007.5,41019.5,41003.5,41019.0,470
2024-08-21 05:00:00+00:00,41018.5,41024.5,41001.0,41005.0,1059
2024-08-21 06:00:00+00:00,41003.8,41020.8,40992.3,41016.3,1259
2024-08-21 07:00:00+00:00,41015.8,41027.3,40999.3,41007.3,2232
2024-08-21 08:00:00+00:00,41006.8,41006.8,40975.3,40984.8,2267
2024-08-21 09:00:00+00:00,40984.3,41013.8,40982.8,40996.3,1567
2024-08-21 10:00:00+00:00,40996.8,41020.8,40975.8,41018.3,1633
2024-08-21 11:00:00+00:00,41017.8,41032.3,40998.8,41020.3,2264
2024-08-21 12:00:00+00:00,41019.8,41034.8,41014.3,41019.3,1875
2024-08-21 13:00:00+00:00,41020.3,41073.8,40956.3,41019.3,26837
2024-08-21 14:00:00+00:00,41019.8,41097.8,40850.8,40909.8,66842
2024-08-21 15:00:00+00:00,40910.3,40990.3,40863.3,40904.3,41087
2024-08-21 16:00:00+00:00,40903.8,40989.8,40861.8,40975.3,24986
2024-08-21 17:00:00+00:00,40975.3,41003.3,40963.3,40965.3,15085
2024-08-21 18:00:00+00:00,40965.8,41045.3,40942.8,41011.8,34850
2024-08-21 19:00:00+00:00,41011.3,41032.3,40924.3,41000.3,34840
2024-08-21 20:00:00+00:00,41001.1,41025.5,40990.5,41014.0,4472
2024-08-21 22:00:00+00:00,41017.5,41037.5,41002.0,41029.5,831
2024-08-21 23:00:00+00:00,41030.0,41036.0,41020.0,41035.0,431
2024-08-22 00:00:00+00:00,41034.5,41047.5,41025.0,41027.0,1283
2024-08-22 01:00:00+00:00,41027.5,41030.0,41012.5,41024.0,963
2024-08-22 02:00:00+00:00,41024.5,41024.5,40978.5,40982.0,1305
2024-08-22 03:00:00+00:00,40981.0,40984.0,40964.5,40972.5,877
2024-08-22 04:00:00+00:00,40973.0,40980.0,40965.0,40975.0,539
2024-08-22 05:00:00+00:00,40975.5,40993.5,40972.0,40991.0,649
2024-08-22 06:00:00+00:00,40989.8,41016.8,40980.3,41012.3,974
2024-08-22 07:00:00+00:00,41013.3,41049.8,41008.3,41039.3,2222
2024-08-22 08:00:00+00:00,41038.8,41062.8,41031.3,41047.3,1468
2024-08-22 09:00:00+00:00,41047.8,41068.3,41029.8,41032.3,1018
2024-08-22 10:00:00+00:00,41031.8,41060.3,41029.8,41040.8,1372
2024-08-22 11:00:00+00:00,41040.3,41049.3,41017.8,41039.3,1999
2024-08-22 12:00:00+00:00,41038.8,41060.3,40990.8,41053.3,3784
2024-08-22 13:00:00+00:00,41053.8,41155.8,40967.8,41003.8,35111
2024-08-22 14:00:00+00:00,41004.3,41023.3,40881.3,40936.3,51435
2024-08-22 15:00:00+00:00,40936.8,40968.8,40797.8,40826.3,47010
2024-08-22 16:00:00+00:00,40826.8,40984.3,40799.3,40814.8,39226
2024-08-22 17:00:00+00:00,40815.3,40855.3,40684.8,40699.3,50389
2024-08-22 18:00:00+00:00,40700.3,40827.8,40688.3,40763.8,38052
2024-08-22 19:00:00+00:00,40764.3,40846.8,40752.3,40838.8,47564
2024-08-22 20:00:00+00:00,40840.6,40861.0,40817.5,40842.5,5703
2024-08-22 22:00:00+00:00,40841.5,40886.0,40840.0,40880.0,902
2024-08-22 23:00:00+00:00,40880.5,40887.5,40870.0,40887.0,749
2024-08-23 00:00:00+00:00,40887.5,40898.0,40876.0,40880.0,1604
2024-08-23 01:00:00+00:00,40880.5,40886.5,40869.0,40879.0,1298
2024-08-23 02:00:00+00:00,40880.0,40906.0,40870.0,40902.0,763
2024-08-23 03:00:00+00:00,40901.5,40919.0,40898.0,40904.0,613
2024-08-23 04:00:00+00:00,40903.5,40918.0,40903.0,40909.0,649
2024-08-23 05:00:00+00:00,40910.0,40921.0,40907.0,40919.0,746
2024-08-23 06:00:00+00:00,40917.8,40937.3,40916.8,40924.3,1020
2024-08-23 07:00:00+00:00,40924.8,40940.3,40910.8,40916.3,1824
2024-08-23 08:00:00+00:00,40914.8,40954.3,40904.8,40952.8,1824
2024-08-23 09:00:00+00:00,40952.3,40971.8,40935.8,40954.3,1433
2024-08-23 10:00:00+00:00,40953.8,40993.3,40944.8,40986.8,1891
2024-08-23 11:00:00+00:00,40986.3,40996.8,40967.8,40991.8,1806
2024-08-23 12:00:00+00:00,40991.3,41023.3,40982.3,41019.3,2499
2024-08-23 13:00:00+00:00,41018.8,41058.3,40935.8,41002.8,27614
2024-08-23 14:00:00+00:00,41003.8,41254.3,41003.8,41153.8,111175
2024-08-23 15:00:00+00:00,41153.3,41307.8,41114.8,41129.8,67992
2024-08-23 16:00:00+00:00,41130.3,41140.8,40927.8,41073.8,58455
2024-08-23 17:00:00+00:00,41074.3,41170.3,41056.3,41150.3,31920
2024-08-23 18:00:00+00:00,41150.8,41189.3,41133.8,41171.8,24805
2024-08-23 19:00:00+00:00,41172.3,41306.8,41148.3,41258.3,34130
2024-08-23 20:00:00+00:00,41261.6,41286.5,41247.5,41276.0,2847
2024-08-25 22:00:00+00:00,41280.5,41327.5,41243.0,41244.5,2805
2024-08-25 23:00:00+00:00,41245.5,41257.0,41233.0,41252.0,1843
2024-08-26 00:00:00+00:00,41252.5,41286.5,41233.0,41280.0,2007
2024-08-26 01:00:00+00:00,41280.5,41298.5,41265.5,41267.0,1592
2024-08-26 02:00:00+00:00,41266.5,41272.0,41253.0,41254.5,847
2024-08-26 03:00:00+00:00,41255.0,41269.0,41235.0,41239.0,1000
2024-08-26 04:00:00+00:00,41238.5,41249.5,41238.5,41246.0,486
2024-08-26 05:00:00+00:00,41246.5,41260.0,41235.0,41251.0,754
2024-08-26 06:00:00+00:00,41250.8,41263.3,41240.3,41250.3,1056
2024-08-26 07:00:00+00:00,41249.3,41288.3,41246.3,41287.3,2225
2024-08-26 08:00:00+00:00,41286.8,41327.8,41275.8,41310.3,2112
2024-08-26 09:00:00+00:00,41311.3,41313.3,41277.8,41291.3,1514
2024-08-26 10:00:00+00:00,41290.8,41315.3,41284.3,41315.3,1731
2024-08-26 11:00:00+00:00,41314.8,41325.8,41284.8,41316.3,2745
2024-08-26 12:00:00+00:00,41315.8,41352.3,41310.3,41349.3,3113
2024-08-26 13:00:00+00:00,41348.8,41490.3,41319.8,41465.3,35445
2024-08-26 14:00:00+00:00,41464.8,41523.3,41367.3,41393.3,55186
2024-08-26 15:00:00+00:00,41392.3,41396.8,41267.3,41289.3,39814
2024-08-26 16:00:00+00:00,41288.8,41389.8,41271.8,41382.3,26991
2024-08-26 17:00:00+00:00,41381.8,41407.3,41229.8,41264.3,32504
2024-08-26 18:00:00+00:00,41263.8,41341.8,41241.8,41325.3,29216
2024-08-26 19:00:00+00:00,41324.8,41346.3,41291.8,41345.8,27345
2024-08-26 20:00:00+00:00,41345.6,41348.6,41291.0,41302.0,3543
2024-08-26 22:00:00+00:00,41298.0,41320.0,41267.0,41280.0,1399
2024-08-26 23:00:00+00:00,41279.0,41321.5,41278.5,41317.0,1289
2024-08-27 00:00:00+00:00,41317.5,41333.0,41290.5,41295.5,2167
2024-08-27 01:00:00+00:00,41296.0,41317.5,41288.5,41311.0,1825
2024-08-27 02:00:00+00:00,41311.5,41332.5,41305.0,41325.0,1145
2024-08-27 03:00:00+00:00,41326.0,41328.5,41314.0,41317.0,792
2024-08-27 04:00:00+00:00,41317.5,41324.0,41308.5,41321.0,559
2024-08-27 05:00:00+00:00,41321.5,41335.5,41318.5,41333.0,680
2024-08-27 06:00:00+00:00,41331.8,41344.3,41317.8,41339.3,1266
2024-08-27 07:00:00+00:00,41338.8,41358.8,41324.3,41354.3,2756
2024-08-27 08:00:00+00:00,41355.3,41391.8,41353.3,41360.3,2266
2024-08-27 09:00:00+00:00,41360.8,41367.3,41332.8,41333.3,1390
2024-08-27 10:00:00+00:00,41332.3,41336.3,41267.3,41294.3,2776
2024-08-27 11:00:00+00:00,41294.8,41337.3,41283.3,41311.3,3389
2024-08-27 12:00:00+00:00,41311.8,41312.3,41214.8,41234.3,4547
2024-08-27 13:00:00+00:00,41233.8,41361.3,41182.8,41278.3,49000
2024-08-27 14:00:00+00:00,41279.8,41345.8,41232.8,41327.8,53473
2024-08-27 15:00:00+00:00,41327.3,41358.3,41215.3,41278.8,37885
2024-08-27 16:00:00+00:00,41278.3,41290.3,41193.3,41259.8,24791
2024-08-27 17:00:00+00:00,41260.3,41342.3,41257.8,41323.3,19376
2024-08-27 18:00:00+00:00,41322.8,41355.3,41312.3,41339.3,16524
2024-08-27 19:00:00+00:00,41339.8,41371.3,41313.8,41352.3,22560
2024-08-27 20:00:00+00:00,41353.1,41372.5,41345.5,41351.5,2943
2024-08-27 22:00:00+00:00,41359.0,41367.0,41305.0,41321.0,2327
2024-08-27 23:00:00+00:00,41320.0,41339.5,41300.0,41329.5,1361
2024-08-28 00:00:00+00:00,41330.0,41346.5,41326.0,41343.0,1616
2024-08-28 01:00:00+00:00,41343.5,41350.5,41327.0,41342.5,1565
2024-08-28 02:00:00+00:00,41342.0,41363.0,41334.5,41355.0,1246
2024-08-28 03:00:00+00:00,41354.5,41364.5,41352.0,41358.0,626
2024-08-28 04:00:00+00:00,41358.5,41372.5,41358.0,41364.0,504
2024-08-28 05:00:00+00:00,41363.5,41368.5,41354.5,41367.0,933
2024-08-28 06:00:00+00:00,41365.3,41380.8,41357.8,41379.3,1026
2024-08-28 07:00:00+00:00,41378.8,41380.8,41356.8,41375.3,1699
2024-08-28 08:00:00+00:00,41374.8,41375.3,41350.3,41357.3,1738
2024-08-28 09:00:00+00:00,41358.3,41364.3,41345.3,41362.3,936
2024-08-28 10:00:00+00:00,41362.8,41371.3,41344.8,41348.3,1239
2024-08-28 11:00:00+00:00,41349.8,41372.8,41323.8,41329.3,2253
2024-08-28 12:00:00+00:00,41328.8,41339.8,41304.8,41333.3,2780
2024-08-28 13:00:00+00:00,41333.8,41451.8,41255.8,41392.3,32349
2024-08-28 14:00:00+00:00,41393.3,41432.8,41322.3,41368.3,39635
2024-08-28 15:00:00+00:00,41367.8,41411.3,41188.8,41213.8,38328
2024-08-28 16:00:00+00:00,41214.8,41235.3,41096.3,41193.8,31709
2024-08-28 17:00:00+00:00,41194.3,41225.3,40944.8,40952.8,33341
2024-08-28 18:00:00+00:00,40953.3,41141.8,40920.8,41137.3,38522
2024-08-28 19:00:00+00:00,41136.8,41226.3,41040.3,41188.3,33289
2024-08-28 20:00:00+00:00,41189.6,41268.0,41117.5,41257.5,14735
2024-08-28 22:00:00+00:00,41259.0,41276.0,41154.5,41180.0,5488
2024-08-28 23:00:00+00:00,41179.0,41198.5,41164.0,41182.0,1847
2024-08-29 00:00:00+00:00,41181.5,41246.0,41175.5,41243.0,2920
2024-08-29 01:00:00+00:00,41244.0,41249.0,41219.0,41234.5,2081
2024-08-29 02:00:00+00:00,41234.0,41277.5,41229.5,41275.0,1588
2024-08-29 03:00:00+00:00,41275.5,41289.0,41269.0,41276.5,1044
2024-08-29 04:00:00+00:00,41277.0,41290.5,41275.0,41290.0,1018
2024-08-29 05:00:00+00:00,41289.0,41314.5,41284.5,41304.0,1714
2024-08-29 06:00:00+00:00,41302.8,41330.8,41287.3,41329.3,2316
2024-08-29 07:00:00+00:00,41329.8,41370.3,41322.3,41360.3,3737
2024-08-29 08:00:00+00:00,41361.3,41381.3,41320.8,41377.3,5100
2024-08-29 09:00:00+00:00,41378.3,41397.3,41360.8,41376.3,3824
2024-08-29 10:00:00+00:00,41376.8,41405.3,41369.3,41397.3,3271
2024-08-29 11:00:00+00:00,41396.8,41450.3,41385.8,41442.3,3799
2024-08-29 12:00:00+00:00,41441.8,41496.3,41416.8,41449.3,7879
2024-08-29 13:00:00+00:00,41449.8,41507.8,41173.3,41290.8,48405
2024-08-29 14:00:00+00:00,41290.8,41496.3,41288.8,41395.8,51786
2024-08-29 15:00:00+00:00,41395.3,41561.8,41395.3,41556.8,25286
2024-08-29 16:00:00+00:00,41557.3,41683.3,41552.8,41651.8,17967
2024-08-29 17:00:00+00:00,41652.3,41674.8,41585.8,41667.8,24784
2024-08-29 18:00:00+00:00,41668.3,41672.8,41356.8,41447.3,70024
2024-08-29 19:00:00+00:00,41446.8,41550.3,41396.8,41440.3,54926
2024-08-29 20:00:00+00:00,41440.6,41500.5,41439.1,41486.0,3672
2024-08-29 22:00:00+00:00,41482.0,41496.5,41440.5,41451.0,1908
2024-08-29 23:00:00+00:00,41450.5,41462.5,41436.0,41437.5,1131
2024-08-30 00:00:00+00:00,41437.0,41465.0,41406.5,41454.0,2740
2024-08-30 01:00:00+00:00,41453.5,41470.5,41438.5,41443.0,1838
2024-08-30 02:00:00+00:00,41442.5,41476.0,41439.5,41474.0,1272
2024-08-30 03:00:00+00:00,41473.5,41475.5,41436.0,41454.0,1036
2024-08-30 04:00:00+00:00,41454.5,41465.0,41442.0,41460.0,831
2024-08-30 05:00:00+00:00,41459.5,41471.5,41446.0,41454.5,1410
2024-08-30 06:00:00+00:00,41454.3,41484.3,41438.8,41440.3,2454
2024-08-30 07:00:00+00:00,41440.8,41515.8,41440.8,41502.3,3033
2024-08-30 08:00:00+00:00,41502.8,41533.8,41493.3,41495.3,2338
2024-08-30 09:00:00+00:00,41494.8,41522.3,41488.8,41522.3,1621
2024-08-30 10:00:00+00:00,41522.8,41541.3,41484.3,41540.3,1800
2024-08-30 11:00:00+00:00,41539.8,41549.8,41509.8,41530.8,2416
2024-08-30 12:00:00+00:00,41531.3,41559.8,41475.3,41478.8,5780
2024-08-30 13:00:00+00:00,41479.3,41598.3,41411.8,41489.3,42679
2024-08-30 14:00:00+00:00,41489.8,41546.8,41443.3,41444.8,65053
2024-08-30 15:00:00+00:00,41444.3,41482.8,41308.8,41350.8,46951
2024-08-30 16:00:00+00:00,41350.3,41393.3,41231.8,41349.8,30665
2024-08-30 17:00:00+00:00,41349.3,41397.8,41301.8,41341.3,17019
2024-08-30 18:00:00+00:00,41341.8,41451.8,41328.3,41424.8,14561
2024-08-30 19:00:00+00:00,41425.8,41675.3,41385.3,41636.8,28807
2024-08-30 20:00:00+00:00,41637.1,41656.5,41596.0,41641.0,4314
2024-09-01 22:00:00+00:00,41637.0,41647.0,41620.0,41622.0,1160
2024-09-01 23:00:00+00:00,41622.5,41639.5,41618.5,41625.5,893
2024-09-02 00:00:00+00:00,41626.0,41636.5,41615.5,41626.0,1518
2024-09-02 01:00:00+00:00,41626.5,41654.5,41624.0,41647.5,1013
2024-09-02 02:00:00+00:00,41648.0,41648.0,41614.0,41628.0,1080
2024-09-02 03:00:00+00:00,41627.5,41634.0,41608.5,41622.0,850
2024-09-02 04:00:00+00:00,41621.0,41628.5,41604.0,41628.0,839
2024-09-02 05:00:00+00:00,41628.5,41642.0,41619.5,41624.5,726
2024-09-02 06:00:00+00:00,41624.3,41630.8,41594.8,41596.3,1498
2024-09-02 07:00:00+00:00,41596.8,41606.3,41508.3,41566.3,4136
2024-09-02 08:00:00+00:00,41566.8,41611.3,41546.8,41602.3,2386
2024-09-02 09:00:00+00:00,41602.8,41620.8,41590.3,41611.3,1327
2024-09-02 10:00:00+00:00,41610.8,41614.3,41582.3,41584.3,974
2024-09-02 11:00:00+00:00,41585.3,41608.8,41585.3,41607.3,1042
2024-09-02 12:00:00+00:00,41606.8,41618.8,41600.3,41614.8,1387
2024-09-02 13:00:00+00:00,41615.3,41622.3,41590.8,41592.8,3555
2024-09-02 14:00:00+00:00,41593.3,41653.3,41556.8,41641.3,5230
2024-09-02 15:00:00+00:00,41642.3,41643.3,41607.3,41619.8,3065
2024-09-02 16:00:00+00:00,41620.3,41636.3,41600.3,41634.3,1816
2024-09-02 22:00:00+00:00,41637.5,41655.5,41583.0,41593.0,1411
2024-09-02 23:00:00+00:00,41594.0,41602.0,41567.0,41589.5,2259
2024-09-03 00:00:00+00:00,41590.0,41606.5,41577.5,41591.0,1664
2024-09-03 01:00:00+00:00,41591.5,41620.5,41591.5,41617.0,1441
2024-09-03 02:00:00+00:00,41617.5,41619.0,41580.0,41584.0,1033
2024-09-03 03:00:00+00:00,41583.5,41587.0,41549.0,41584.5,2120
2024-09-03 04:00:00+00:00,41584.0,41584.5,41568.5,41570.5,762
2024-09-03 05:00:00+00:00,41571.0,41596.5,41570.0,41595.0,1331
2024-09-03 06:00:00+00:00,41593.8,41607.3,41561.8,41590.3,2248
2024-09-03 07:00:00+00:00,41589.8,41624.8,41588.8,41615.3,2914
2024-09-03 08:00:00+00:00,41615.8,41619.3,41505.8,41507.3,4044
2024-09-03 09:00:00+00:00,41507.8,41523.3,41453.8,41456.3,5450
2024-09-03 10:00:00+00:00,41456.8,41461.3,41421.3,41455.3,4521
2024-09-03 11:00:00+00:00,41455.8,41474.8,41427.8,41447.3,3978
2024-09-03 12:00:00+00:00,41447.8,41462.3,41414.3,41418.3,4041
2024-09-03 13:00:00+00:00,41419.3,41530.3,41301.3,41392.3,59620
2024-09-03 14:00:00+00:00,41384.3,41390.8,41140.3,41193.3,84110
2024-09-03 15:00:00+00:00,41193.8,41269.8,41171.8,41199.3,44173
2024-09-03 16:00:00+00:00,41199.8,41248.3,41140.3,41148.3,38424
2024-09-03 17:00:00+00:00,41147.8,41232.3,41141.3,41145.8,27507
2024-09-03 18:00:00+00:00,41146.3,41146.8,41018.3,41033.8,24873
2024-09-03 19:00:00+00:00,41033.3,41084.3,40866.8,41032.8,39617
2024-09-03 20:00:00+00:00,41035.6,41048.0,40986.0,41035.0,5803
2024-09-03 22:00:00+00:00,41023.5,41029.0,40971.5,41003.0,3695
2024-09-03 23:00:00+00:00,41004.0,41021.0,40967.0,40998.5,2711
2024-09-04 00:00:00+00:00,40998.0,41031.0,40866.0,40883.0,8311
2024-09-04 01:00:00+00:00,40883.5,40969.0,40861.0,40937.0,8554
2024-09-04 02:00:00+00:00,40937.5,40959.0,40901.5,40913.5,5414
2024-09-04 03:00:00+00:00,40914.0,40937.0,40875.0,40893.5,3872
2024-09-04 04:00:00+00:00,40892.5,40922.5,40875.5,40883.5,2749
2024-09-04 05:00:00+00:00,40883.0,40900.5,40858.0,40869.0,4648
2024-09-04 06:00:00+00:00,40868.8,40920.8,40851.3,40855.8,5992
2024-09-04 07:00:00+00:00,40856.3,40977.3,40855.8,40958.3,9503
2024-09-04 08:00:00+00:00,40958.8,40998.3,40905.8,40934.3,5969
2024-09-04 09:00:00+00:00,40934.8,40970.3,40915.8,40940.3,3656
2024-09-04 10:00:00+00:00,40941.3,40956.8,40914.3,40934.3,3163
2024-09-04 11:00:00+00:00,40933.3,40979.8,40926.8,40941.3,4165
2024-09-04 12:00:00+00:00,40942.3,40989.8,40934.8,40975.3,5429
2024-09-04 13:00:00+00:00,40974.8,41163.3,40955.8,41131.3,39860
2024-09-04 14:00:00+00:00,41130.8,41233.8,41004.3,41232.3,54577
2024-09-04 15:00:00+00:00,41231.8,41261.3,41051.8,41078.8,30892
2024-09-04 16:00:00+00:00,41078.3,41116.8,41009.8,41035.8,25121
2024-09-04 17:00:00+00:00,41034.8,41039.3,40922.3,40952.8,22396
2024-09-04 18:00:00+00:00,40953.8,41039.3,40937.8,40955.8,21268
2024-09-04 19:00:00+00:00,40954.8,41095.3,40928.8,41041.8,25992
2024-09-04 20:00:00+00:00,41042.6,41056.0,40992.0,41033.0,4410
2024-09-04 22:00:00+00:00,41025.0,41055.0,41025.0,41039.5,1545
2024-09-04 23:00:00+00:00,41040.0,41044.0,40965.0,41014.0,2963
2024-09-05 00:00:00+00:00,41013.5,41090.5,41010.0,41070.0,4034
2024-09-05 01:00:00+00:00,41069.5,41096.0,41062.0,41075.0,2501
2024-09-05 02:00:00+00:00,41074.5,41081.5,41048.0,41071.0,2084
2024-09-05 03:00:00+00:00,41070.5,41073.5,41011.0,41018.5,3356
2024-09-05 04:00:00+00:00,41018.0,41032.0,41009.0,41021.5,1796
2024-09-05 05:00:00+00:00,41020.5,41052.0,41001.5,41032.0,2852
2024-09-05 06:00:00+00:00,41030.8,41046.3,40985.8,40994.3,3142
2024-09-05 07:00:00+00:00,40993.3,41120.3,40975.3,41117.3,6607
2024-09-05 08:00:00+00:00,41117.8,41122.3,41081.3,41108.3,3401
2024-09-05 09:00:00+00:00,41107.8,41114.3,41050.3,41073.3,4143
2024-09-05 10:00:00+00:00,41072.8,41092.3,41064.3,41091.3,3627
2024-09-05 11:00:00+00:00,41090.8,41113.3,41057.3,41065.3,4622
2024-09-05 12:00:00+00:00,41064.3,41124.8,41012.3,41057.3,13971
2024-09-05 13:00:00+00:00,41058.3,41169.8,40906.3,40956.3,51477
2024-09-05 14:00:00+00:00,40957.3,41084.8,40855.8,40877.8,72200
2024-09-05 15:00:00+00:00,40878.3,40900.3,40657.3,40663.8,41555
2024-09-05 16:00:00+00:00,40664.3,40783.3,40593.8,40750.8,25334
2024-09-05 17:00:00+00:00,40751.3,40902.3,40699.8,40902.3,24877
2024-09-05 18:00:00+00:00,40902.8,40954.3,40864.3,40885.8,20648
2024-09-05 19:00:00+00:00,40886.8,40896.3,40759.3,40846.3,34764
2024-09-05 20:00:00+00:00,40847.1,40889.5,40839.5,40874.5,5346
2024-09-05 22:00:00+00:00,40882.5,40889.0,40838.5,40871.0,1575
2024-09-05 23:00:00+00:00,40872.0,40878.0,40845.0,40875.0,1282
2024-09-06 00:00:00+00:00,40875.5,40879.5,40814.0,40814.5,4408
2024-09-06 01:00:00+00:00,40815.0,40870.0,40773.0,40863.0,4205
2024-09-06 02:00:00+00:00,40862.5,40878.5,40857.5,40871.0,1984
2024-09-06 03:00:00+00:00,40871.5,40881.5,40851.5,40852.5,1613
2024-09-06 04:00:00+00:00,40853.0,40867.0,40845.5,40860.5,1351
2024-09-06 05:00:00+00:00,40860.0,40864.0,40803.0,40843.0,2742
2024-09-06 06:00:00+00:00,40842.8,40860.3,40791.8,40796.3,3889
2024-09-06 07:00:00+00:00,40795.8,40801.3,40617.3,40687.3,11755
2024-09-06 08:00:00+00:00,40687.8,40736.3,40653.3,40681.3,5702
2024-09-06 09:00:00+00:00,40680.3,40712.3,40647.8,40708.3,5164
2024-09-06 10:00:00+00:00,40707.8,40716.3,40667.3,40676.3,3368
2024-09-06 11:00:00+00:00,40676.8,40703.3,40659.3,40697.3,4101
2024-09-06 12:00:00+00:00,40696.8,40890.8,40636.3,40826.8,27757
2024-09-06 13:00:00+00:00,40825.8,41080.8,40804.3,40955.8,78359
2024-09-06 14:00:00+00:00,40957.3,40969.3,40505.3,40533.3,94849
2024-09-06 15:00:00+00:00,40533.8,40699.9,40400.3,40430.8,47626
2024-09-06 16:00:00+00:00,40432.3,40486.8,40365.3,40421.8,59339
2024-09-06 17:00:00+00:00,40422.3,40517.8,40385.3,40446.8,54675
2024-09-06 18:00:00+00:00,40447.3,40463.8,40346.3,40427.3,38384
2024-09-06 19:00:00+00:00,40426.8,40504.3,40369.8,40415.8,42351
2024-09-06 20:00:00+00:00,40417.6,40420.0,40306.0,40310.0,4820
2024-09-08 22:00:00+00:00,40350.5,40401.0,40339.0,40386.0,3767
2024-09-08 23:00:00+00:00,40385.5,40418.0,40361.5,40403.0,3348
2024-09-09 00:00:00+00:00,40402.5,40460.5,40401.0,40441.0,4681
2024-09-09 01:00:00+00:00,40440.5,40493.0,40440.0,40475.5,3693
2024-09-09 02:00:00+00:00,40476.0,40492.5,40461.5,40481.0,1907
2024-09-09 03:00:00+00:00,40481.5,40501.0,40480.0,40497.0,1363
2024-09-09 04:00:00+00:00,40497.5,40549.0,40493.0,40529.0,2379
2024-09-09 05:00:00+00:00,40529.5,40531.5,40500.5,40511.5,3088
2024-09-09 06:00:00+00:00,40511.3,40549.8,40505.8,40547.3,3055
2024-09-09 07:00:00+00:00,40547.8,40619.8,40544.3,40617.3,5523
2024-09-09 08:00:00+00:00,40616.8,40619.8,40561.8,40590.3,4526
2024-09-09 09:00:00+00:00,40589.8,40654.3,40583.3,40652.3,3267
2024-09-09 10:00:00+00:00,40651.8,40688.8,40644.3,40674.3,3250
2024-09-09 11:00:00+00:00,40673.3,40716.8,40660.3,40678.3,3866
2024-09-09 12:00:00+00:00,40678.8,40693.8,40629.8,40687.3,4344
2024-09-09 13:00:00+00:00,40686.8,40751.3,40576.3,40712.3,41991
2024-09-09 14:00:00+00:00,40712.8,40863.8,40697.8,40773.8,52877
2024-09-09 15:00:00+00:00,40773.3,40984.3,40718.3,40944.3,37956
2024-09-09 16:00:00+00:00,40943.8,41066.3,40928.8,41042.3,21660
2024-09-09 17:00:00+00:00,41042.8,41052.3,40854.3,40863.3,25782
2024-09-09 18:00:00+00:00,40862.8,40883.8,40783.3,40834.3,31678
2024-09-09 19:00:00+00:00,40835.3,40916.8,40788.3,40879.3,33322
2024-09-09 20:00:00+00:00,40881.1,40923.0,40873.6,40896.0,4741
2024-09-09 22:00:00+00:00,40895.0,40920.0,40872.5,40880.0,1576
2024-09-09 23:00:00+00:00,40881.0,40907.0,40873.0,40883.0,1780
2024-09-10 00:00:00+00:00,40882.5,40891.5,40819.0,40881.0,4582
2024-09-10 01:00:00+00:00,40880.5,40887.0,40847.0,40874.5,2981
2024-09-10 02:00:00+00:00,40875.0,40875.0,40832.5,40857.0,2063
2024-09-10 03:00:00+00:00,40858.0,40860.5,40835.0,40848.0,1672
2024-09-10 04:00:00+00:00,40847.5,40858.0,40811.0,40820.0,1594
2024-09-10 05:00:00+00:00,40821.0,40836.5,40802.5,40823.5,2412
2024-09-10 06:00:00+00:00,40823.3,40833.8,40790.3,40827.3,2575
2024-09-10 07:00:00+00:00,40827.8,40915.8,40796.8,40912.3,5534
2024-09-10 08:00:00+00:00,40912.8,40945.8,40858.3,40864.3,4906
2024-09-10 09:00:00+00:00,40863.8,40887.3,40780.3,40870.3,5253
2024-09-10 10:00:00+00:00,40871.3,40905.3,40821.8,40845.8,5047
2024-09-10 11:00:00+00:00,40845.3,40879.3,40828.8,40868.3,5761
2024-09-10 12:00:00+00:00,40868.8,40935.8,40846.3,40932.3,4299
2024-09-10 13:00:00+00:00,40931.8,40990.8,40763.3,40787.8,40484
2024-09-10 14:00:00+00:00,40788.8,40795.8,40603.3,40694.8,50634
2024-09-10 15:00:00+00:00,40693.8,40781.3,40525.3,40528.8,37302
2024-09-10 16:00:00+00:00,40529.3,40643.8,40463.3,40596.3,32826
2024-09-10 17:00:00+00:00,40596.8,40726.3,40587.3,40693.8,23197
2024-09-10 18:00:00+00:00,40694.8,40781.8,40692.8,40776.8,19995
2024-09-10 19:00:00+00:00,40776.3,40808.3,40728.8,40788.8,21608
2024-09-10 20:00:00+00:00,40790.6,40829.5,40763.0,40800.0,3424
2024-09-10 22:00:00+00:00,40785.5,40790.0,40764.0,40782.0,767
2024-09-10 23:00:00+00:00,40781.0,40798.0,40756.0,40771.0,985
2024-09-11 00:00:00+00:00,40771.5,40779.0,40728.0,40733.0,2635
2024-09-11 01:00:00+00:00,40732.0,40752.0,40654.5,40676.5,7720
2024-09-11 02:00:00+00:00,40677.0,40687.0,40661.0,40672.0,3486
2024-09-11 03:00:00+00:00,40671.0,40680.5,40621.0,40644.0,2687
2024-09-11 04:00:00+00:00,40643.0,40648.0,40622.0,40636.0,1885
2024-09-11 05:00:00+00:00,40636.5,40637.0,40598.0,40624.0,3178
2024-09-11 06:00:00+00:00,40622.8,40690.8,40615.8,40661.8,3763
2024-09-11 07:00:00+00:00,40661.3,40713.3,40659.3,40681.8,6701
2024-09-11 08:00:00+00:00,40681.3,40690.3,40606.3,40612.8,4274
2024-09-11 09:00:00+00:00,40613.8,40652.3,40584.8,40648.3,4234
2024-09-11 10:00:00+00:00,40647.3,40665.8,40623.3,40646.3,3447
2024-09-11 11:00:00+00:00,40645.8,40702.8,40624.8,40690.3,3330
2024-09-11 12:00:00+00:00,40689.8,40699.8,40494.8,40629.3,17292
2024-09-11 13:00:00+00:00,40628.8,40685.8,40266.8,40272.8,61340
2024-09-11 14:00:00+00:00,40273.3,40304.8,40034.8,40150.3,81936
2024-09-11 15:00:00+00:00,40150.8,40374.3,40107.8,40306.3,54405
2024-09-11 16:00:00+00:00,40305.8,40532.3,40290.3,40517.3,52677
2024-09-11 17:00:00+00:00,40516.8,40732.3,40515.8,40660.8,41525
2024-09-11 18:00:00+00:00,40660.3,40849.3,40634.3,40761.8,41716
2024-09-11 19:00:00+00:00,40762.3,40951.3,40747.3,40879.8,48240
2024-09-11 20:00:00+00:00,40881.6,40911.5,40870.0,40878.5,5698
2024-09-11 22:00:00+00:00,40900.0,40900.0,40868.5,40884.5,1131
2024-09-11 23:00:00+00:00,40885.0,40889.5,40874.5,40882.0,973
2024-09-12 00:00:00+00:00,40882.5,40915.0,40875.5,40883.0,2519
2024-09-12 01:00:00+00:00,40883.5,40911.0,40868.0,40903.0,3459
2024-09-12 02:00:00+00:00,40902.5,40922.5,40891.5,40903.5,2233
2024-09-12 03:00:00+00:00,40903.0,40943.0,40893.5,40937.0,1678
2024-09-12 04:00:00+00:00,40936.0,40951.5,40930.5,40951.5,1291
2024-09-12 05:00:00+00:00,40952.0,40976.0,40945.0,40968.0,1649
2024-09-12 06:00:00+00:00,40968.3,40979.3,40922.8,40924.3,2495
2024-09-12 07:00:00+00:00,40923.8,41015.8,40923.8,40965.3,7377
2024-09-12 08:00:00+00:00,40962.8,40985.8,40928.8,40957.3,6230
2024-09-12 09:00:00+00:00,40956.8,41001.8,40949.3,40966.3,3543
2024-09-12 10:00:00+00:00,40966.8,40996.3,40961.8,40977.3,3193
2024-09-12 11:00:00+00:00,40976.8,40987.3,40958.3,40979.3,3390
2024-09-12 12:00:00+00:00,40980.3,41098.3,40928.8,40942.3,11400
2024-09-12 13:00:00+00:00,40941.8,41038.3,40732.3,40738.3,50723
2024-09-12 14:00:00+00:00,40737.8,40927.8,40701.3,40775.3,44386
2024-09-12 15:00:00+00:00,40775.8,40914.8,40754.3,40826.8,31921
2024-09-12 16:00:00+00:00,40827.3,41020.8,40811.3,41006.3,17082
2024-09-12 17:00:00+00:00,41005.8,41133.8,40999.3,41099.3,14140
2024-09-12 18:00:00+00:00,41100.8,41129.8,40921.8,41059.8,22411
2024-09-12 19:00:00+00:00,41060.3,41157.3,41030.8,41152.3,28575
2024-09-12 20:00:00+00:00,41154.1,41159.5,41116.0,41119.0,4192
2024-09-12 22:00:00+00:00,41137.5,41165.0,41128.5,41157.5,1009
2024-09-12 23:00:00+00:00,41158.0,41191.5,41158.0,41175.0,1509
2024-09-13 00:00:00+00:00,41175.5,41205.5,41173.5,41193.0,3311
2024-09-13 01:00:00+00:00,41193.5,41197.0,41166.5,41178.0,2340
2024-09-13 02:00:00+00:00,41177.5,41181.5,41143.5,41150.0,1747
2024-09-13 03:00:00+00:00,41150.5,41184.0,41149.5,41175.0,1652
2024-09-13 04:00:00+00:00,41176.0,41180.0,41166.5,41171.0,1066
2024-09-13 05:00:00+00:00,41171.5,41205.0,41155.5,41157.0,2292
2024-09-13 06:00:00+00:00,41156.8,41168.3,41145.8,41150.3,2409
2024-09-13 07:00:00+00:00,41150.8,41239.3,41150.3,41193.3,6386
2024-09-13 08:00:00+00:00,41192.8,41192.8,41143.3,41167.3,5953
2024-09-13 09:00:00+00:00,41166.8,41234.3,41163.3,41209.3,4250
2024-09-13 10:00:00+00:00,41208.8,41234.3,41203.8,41230.3,3117
2024-09-13 11:00:00+00:00,41233.3,41233.3,41174.3,41201.3,4002
2024-09-13 12:00:00+00:00,41202.3,41245.3,41170.3,41227.3,5436
2024-09-13 13:00:00+00:00,41227.8,41377.8,41169.3,41359.3,43991
2024-09-13 14:00:00+00:00,41358.8,41502.3,41271.8,41420.3,68809
2024-09-13 15:00:00+00:00,41420.8,41570.3,41378.8,41542.3,40565
2024-09-13 16:00:00+00:00,41541.3,41556.8,41381.8,41423.3,33234
2024-09-13 17:00:00+00:00,41424.3,41539.3,41419.3,41457.3,24207
2024-09-13 18:00:00+00:00,41457.8,41502.3,41363.8,41409.8,42493
2024-09-13 19:00:00+00:00,41409.3,41464.3,41374.3,41432.3,28318
2024-09-13 20:00:00+00:00,41433.1,41456.5,41417.5,41447.0,2847
2024-09-15 22:00:00+00:00,41423.5,41438.5,41405.0,41429.0,1945
2024-09-15 23:00:00+00:00,41428.5,41478.0,41427.5,41472.5,1394
2024-09-16 00:00:00+00:00,41473.0,41474.5,41452.5,41462.0,1949
2024-09-16 01:00:00+00:00,41462.5,41470.5,41432.5,41469.5,2170
2024-09-16 02:00:00+00:00,41469.0,41473.0,41458.0,41466.5,1074
2024-09-16 03:00:00+00:00,41467.0,41472.5,41458.0,41469.5,978
2024-09-16 04:00:00+00:00,41470.5,41471.5,41459.5,41460.5,666
2024-09-16 05:00:00+00:00,41461.0,41466.0,41445.5,41454.5,1147
2024-09-16 06:00:00+00:00,41454.8,41455.8,41410.8,41418.3,2670
2024-09-16 07:00:00+00:00,41418.8,41454.8,41401.3,41454.3,4589
2024-09-16 08:00:00+00:00,41453.8,41493.8,41438.8,41491.8,4504
2024-09-16 09:00:00+00:00,41491.3,41529.8,41488.8,41496.3,3072
2024-09-16 10:00:00+00:00,41496.8,41524.3,41485.8,41517.3,4242
2024-09-16 11:00:00+00:00,41517.8,41547.3,41504.8,41545.3,4549
2024-09-16 12:00:00+00:00,41545.8,41550.3,41506.8,41535.8,5547
2024-09-16 13:00:00+00:00,41535.3,41786.3,41517.3,41761.8,45134
2024-09-16 14:00:00+00:00,41761.3,41765.3,41501.8,41572.8,44811
2024-09-16 15:00:00+00:00,41573.3,41604.3,41496.8,41560.8,25401
2024-09-16 16:00:00+00:00,41561.3,41590.8,41505.8,41566.8,18372
2024-09-16 17:00:00+00:00,41567.3,41628.8,41538.3,41624.8,12906
2024-09-16 18:00:00+00:00,41625.3,41687.3,41606.8,41685.8,13228
2024-09-16 19:00:00+00:00,41684.3,41701.8,41622.8,41665.8,17862
2024-09-16 20:00:00+00:00,41666.1,41671.5,41638.0,41638.0,2766
2024-09-16 22:00:00+00:00,41645.5,41672.5,41639.0,41659.5,1681
2024-09-16 23:00:00+00:00,41660.0,41667.5,41635.5,41642.5,1651
2024-09-17 00:00:00+00:00,41643.0,41656.0,41617.5,41621.5,3205
2024-09-17 01:00:00+00:00,41621.0,41646.5,41617.0,41643.0,2492
2024-09-17 02:00:00+00:00,41642.5,41643.5,41621.0,41633.0,1980
2024-09-17 03:00:00+00:00,41633.5,41639.0,41619.5,41632.5,1528
2024-09-17 04:00:00+00:00,41632.0,41647.5,41625.5,41646.5,1441
2024-09-17 05:00:00+00:00,41646.0,41654.5,41639.0,41653.0,1807
2024-09-17 06:00:00+00:00,41652.8,41684.8,41651.3,41682.3,1944
2024-09-17 07:00:00+00:00,41682.8,41728.3,41675.3,41701.8,6344
2024-09-17 08:00:00+00:00,41702.3,41739.8,41700.8,41733.3,4504
2024-09-17 09:00:00+00:00,41733.8,41766.8,41730.8,41757.3,3499
2024-09-17 10:00:00+00:00,41756.8,41786.3,41752.3,41756.3,3745
2024-09-17 11:00:00+00:00,41756.8,41803.3,41726.8,41784.8,4923
2024-09-17 12:00:00+00:00,41785.8,41806.3,41763.3,41799.8,9351
2024-09-17 13:00:00+00:00,41800.3,41824.8,41677.8,41695.8,42606
2024-09-17 14:00:00+00:00,41696.3,41873.3,41682.3,41748.8,56700
2024-09-17 15:00:00+00:00,41749.3,41845.3,41745.8,41747.8,34658
2024-09-17 16:00:00+00:00,41748.3,41767.8,41501.8,41573.8,46822
2024-09-17 17:00:00+00:00,41573.3,41671.3,41517.3,41649.8,40019
2024-09-17 18:00:00+00:00,41648.3,41689.3,41535.8,41604.8,31531
2024-09-17 19:00:00+00:00,41604.3,41656.3,41546.8,41649.3,25041
2024-09-17 20:00:00+00:00,41651.6,41689.5,41638.5,41665.0,3071
2024-09-17 22:00:00+00:00,41684.5,41696.0,41645.5,41663.5,1025
2024-09-17 23:00:00+00:00,41663.0,41688.5,41655.5,41680.5,943
2024-09-18 00:00:00+00:00,41682.0,41687.0,41667.5,41683.5,2106
2024-09-18 01:00:00+00:00,41684.0,41701.0,41674.5,41697.0,1762
2024-09-18 02:00:00+00:00,41697.5,41702.5,41690.5,41697.0,1033
2024-09-18 03:00:00+00:00,41697.5,41699.0,41675.5,41679.0,1384
2024-09-18 04:00:00+00:00,41678.5,41696.5,41674.5,41682.0,1422
2024-09-18 05:00:00+00:00,41681.0,41702.0,41672.0,41699.0,2193
2024-09-18 06:00:00+00:00,41699.3,41726.3,41690.3,41703.8,2203
2024-09-18 07:00:00+00:00,41704.3,41713.3,41662.8,41663.3,4561
2024-09-18 08:00:00+00:00,41662.8,41694.8,41657.8,41690.3,4304
2024-09-18 09:00:00+00:00,41689.3,41718.3,41672.8,41710.8,2396
2024-09-18 10:00:00+00:00,41711.3,41719.3,41695.8,41697.3,2025
2024-09-18 11:00:00+00:00,41696.8,41704.3,41676.3,41676.8,2600
2024-09-18 12:00:00+00:00,41677.3,41710.3,41651.8,41697.3,4028
2024-09-18 13:00:00+00:00,41696.8,41704.8,41518.8,41540.3,31480
2024-09-18 14:00:00+00:00,41540.8,41605.3,41508.3,41558.8,32143
2024-09-18 15:00:00+00:00,41559.3,41607.8,41550.8,41554.8,19114
2024-09-18 16:00:00+00:00,41554.3,41665.8,41522.3,41656.8,14313
2024-09-18 17:00:00+00:00,41657.3,41720.8,41602.8,41627.8,14744
2024-09-18 18:00:00+00:00,41625.3,42028.3,41552.8,41664.8,62556
2024-09-18 19:00:00+00:00,41664.3,41800.8,41470.3,41525.8,68775
2024-09-18 20:00:00+00:00,41527.6,41613.5,41524.5,41588.5,6505
2024-09-18 22:00:00+00:00,41977.5,42029.0,41966.0,42006.0,2389
2024-09-18 23:00:00+00:00,42006.5,42108.0,41967.5,42108.0,3786
2024-09-19 00:00:00+00:00,42107.5,42159.5,42000.5,42013.0,8810
2024-09-19 01:00:00+00:00,42013.5,42055.5,41975.5,42054.0,4775
2024-09-19 02:00:00+00:00,42054.5,42173.0,42054.5,42159.0,4348
2024-09-19 03:00:00+00:00,42158.5,42189.5,42138.0,42185.0,3879
2024-09-19 04:00:00+00:00,42186.0,42189.0,42158.5,42172.0,1676
2024-09-19 05:00:00+00:00,42173.0,42176.0,42139.5,42163.0,2218
2024-09-19 06:00:00+00:00,42162.8,42204.3,42140.3,42184.3,3707
2024-09-19 07:00:00+00:00,42184.8,42260.3,42147.8,42258.8,6682
2024-09-19 08:00:00+00:00,42258.3,42322.8,42235.3,42312.3,6227
2024-09-19 09:00:00+00:00,42313.3,42400.8,42306.3,42378.3,4669
2024-09-19 10:00:00+00:00,42378.8,42418.3,42366.8,42395.3,3507
2024-09-19 11:00:00+00:00,42396.3,42440.8,42365.3,42403.3,4480
2024-09-19 12:00:00+00:00,42402.8,42437.3,42360.8,42365.3,5654
2024-09-19 13:00:00+00:00,42366.3,42514.8,42268.8,42393.8,49077
2024-09-19 14:00:00+00:00,42393.3,42471.3,42269.8,42302.8,70499
2024-09-19 15:00:00+00:00,42302.3,42368.3,42228.8,42322.3,44356
2024-09-19 16:00:00+00:00,42321.8,42497.3,42316.8,42437.3,26295
2024-09-19 17:00:00+00:00,42438.3,42583.3,42428.8,42547.8,23292
2024-09-19 18:00:00+00:00,42547.3,42571.3,42416.3,42501.8,33405
2024-09-19 19:00:00+00:00,42501.3,42525.8,42396.3,42440.8,41773
2024-09-19 20:00:00+00:00,42442.6,42489.0,42415.5,42468.0,4897
2024-09-19 22:00:00+00:00,42465.0,42474.0,42434.0,42455.0,1379
2024-09-19 23:00:00+00:00,42454.0,42468.5,42439.0,42443.0,902
2024-09-20 00:00:00+00:00,42442.5,42449.0,42415.0,42427.0,2011
2024-09-20 01:00:00+00:00,42427.5,42450.5,42424.5,42445.0,1172
2024-09-20 02:00:00+00:00,42444.5,42453.5,42420.5,42426.0,1006
2024-09-20 03:00:00+00:00,42426.5,42444.5,42415.0,42439.0,1212
2024-09-20 04:00:00+00:00,42439.5,42450.5,42432.5,42446.0,806
2024-09-20 05:00:00+00:00,42445.5,42446.5,42415.5,42431.5,1252
2024-09-20 06:00:00+00:00,42431.3,42445.3,42415.8,42417.3,1956
2024-09-20 07:00:00+00:00,42417.8,42447.8,42397.3,42436.3,4038
2024-09-20 08:00:00+00:00,42437.3,42447.8,42416.8,42432.8,3268
2024-09-20 09:00:00+00:00,42432.3,42452.3,42425.3,42446.3,2323
2024-09-20 10:00:00+00:00,42446.8,42487.3,42433.3,42466.3,2758
2024-09-20 11:00:00+00:00,42466.8,42467.8,42416.8,42432.8,2638
2024-09-20 12:00:00+00:00,42433.3,42475.8,42433.3,42470.8,4174
2024-09-20 13:00:00+00:00,42470.3,42471.3,42293.8,42317.8,37315
2024-09-20 14:00:00+00:00,42317.3,42397.3,42249.3,42339.8,46757
2024-09-20 15:00:00+00:00,42340.3,42380.8,42273.8,42343.3,36998
2024-09-20 16:00:00+00:00,42342.8,42498.3,42319.8,42471.3,22278
2024-09-20 17:00:00+00:00,42470.8,42536.3,42459.3,42486.3,19400
2024-09-20 18:00:00+00:00,42487.3,42488.8,42306.8,42387.8,30098
2024-09-20 19:00:00+00:00,42387.3,42515.8,42345.3,42445.3,36104
2024-09-20 20:00:00+00:00,42447.6,42450.6,42388.0,42401.0,3403
2024-09-22 22:00:00+00:00,42447.0,42447.0,42400.0,42437.0,987
2024-09-22 23:00:00+00:00,42436.5,42465.5,42432.5,42464.0,829
2024-09-23 00:00:00+00:00,42464.5,42510.0,42451.0,42501.0,1863
2024-09-23 01:00:00+00:00,42501.5,42521.0,42496.5,42508.5,1306
2024-09-23 02:00:00+00:00,42509.0,42520.0,42499.0,42512.0,1324
2024-09-23 03:00:00+00:00,42512.5,42526.0,42507.5,42509.0,745
2024-09-23 04:00:00+00:00,42508.5,42523.0,42508.5,42520.0,617
2024-09-23 05:00:00+00:00,42519.5,42526.0,42504.0,42507.5,868
2024-09-23 06:00:00+00:00,42508.3,42509.3,42460.3,42462.8,1404
2024-09-23 07:00:00+00:00,42462.3,42464.8,42322.3,42424.8,7733
2024-09-23 08:00:00+00:00,42425.3,42458.8,42407.8,42451.3,5569
2024-09-23 09:00:00+00:00,42450.8,42473.8,42414.3,42472.8,3203
2024-09-23 10:00:00+00:00,42472.3,42487.3,42457.8,42458.3,2092
2024-09-23 11:00:00+00:00,42459.3,42479.3,42438.3,42474.8,3100
2024-09-23 12:00:00+00:00,42474.3,42497.3,42451.3,42489.3,3342
2024-09-23 13:00:00+00:00,42488.8,42563.3,42392.8,42401.8,36483
2024-09-23 14:00:00+00:00,42401.3,42535.3,42381.3,42507.8,43386
2024-09-23 15:00:00+00:00,42508.8,42509.8,42425.8,42459.3,26298
2024-09-23 16:00:00+00:00,42458.8,42484.8,42404.3,42448.3,26005
2024-09-23 17:00:00+00:00,42447.8,42507.8,42411.8,42498.3,18823
2024-09-23 18:00:00+00:00,42497.8,42523.3,42473.3,42499.3,14302
2024-09-23 19:00:00+00:00,42498.8,42520.8,42467.8,42497.3,17443
2024-09-23 20:00:00+00:00,42498.1,42511.5,42477.0,42487.5,2355
2024-09-23 22:00:00+00:00,42484.5,42489.0,42452.0,42452.0,649
2024-09-23 23:00:00+00:00,42452.5,42466.5,42445.0,42460.5,743
2024-09-24 00:00:00+00:00,42460.0,42468.0,42424.0,42440.0,1810
2024-09-24 01:00:00+00:00,42440.5,42482.0,42421.0,42435.0,2707
2024-09-24 02:00:00+00:00,42434.5,42440.0,42414.0,42426.0,1427
2024-09-24 03:00:00+00:00,42427.0,42433.0,42411.0,42427.5,961
2024-09-24 04:00:00+00:00,42427.0,42458.5,42425.0,42456.0,804
2024-09-24 05:00:00+00:00,42458.5,42486.0,42458.5,42476.0,1505
2024-09-24 06:00:00+00:00,42474.8,42533.8,42467.8,42524.3,1936
2024-09-24 07:00:00+00:00,42525.8,42554.8,42485.8,42550.3,3533
2024-09-24 08:00:00+00:00,42549.8,42593.8,42541.3,42591.3,2911
2024-09-24 09:00:00+00:00,42590.3,42597.8,42553.8,42566.3,2330
2024-09-24 10:00:00+00:00,42566.8,42583.8,42529.8,42532.8,2184
2024-09-24 11:00:00+00:00,42533.3,42571.8,42472.3,42548.3,4665
2024-09-24 12:00:00+00:00,42548.8,42570.8,42528.8,42566.3,3542
2024-09-24 13:00:00+00:00,42565.8,42616.3,42486.3,42529.3,34307
2024-09-24 14:00:00+00:00,42529.8,42622.8,42447.3,42601.8,46312
2024-09-24 15:00:00+00:00,42601.3,42656.8,42489.3,42527.8,22440
2024-09-24 16:00:00+00:00,42528.8,42554.8,42473.8,42507.8,16175
2024-09-24 17:00:00+00:00,42506.8,42553.8,42483.3,42491.8,12853
2024-09-24 18:00:00+00:00,42493.3,42516.3,42417.3,42492.8,17291
2024-09-24 19:00:00+00:00,42491.8,42609.8,42486.8,42600.3,17127
2024-09-24 20:00:00+00:00,42602.1,42604.6,42494.0,42564.5,3174
2024-09-24 22:00:00+00:00,42536.5,42555.0,42536.5,42547.5,578
2024-09-24 23:00:00+00:00,42549.0,42556.5,42540.0,42544.0,485
2024-09-25 00:00:00+00:00,42544.5,42549.0,42510.0,42512.5,1257
2024-09-25 01:00:00+00:00,42512.0,42521.5,42495.5,42503.0,1826
2024-09-25 02:00:00+00:00,42502.5,42510.0,42493.0,42496.0,993
2024-09-25 03:00:00+00:00,42495.0,42521.0,42490.0,42511.0,1064
2024-09-25 04:00:00+00:00,42511.5,42517.5,42501.0,42503.0,633
2024-09-25 05:00:00+00:00,42502.5,42517.5,42464.0,42481.0,1416
2024-09-25 06:00:00+00:00,42479.8,42490.8,42463.3,42464.8,2068
2024-09-25 07:00:00+00:00,42465.3,42539.3,42465.3,42536.3,2855
2024-09-25 08:00:00+00:00,42536.8,42571.8,42536.8,42566.3,2748
2024-09-25 09:00:00+00:00,42565.8,42577.8,42545.8,42570.3,1836
2024-09-25 10:00:00+00:00,42570.8,42634.8,42570.8,42634.3,2142
2024-09-25 11:00:00+00:00,42637.8,42639.8,42575.3,42592.3,1982
2024-09-25 12:00:00+00:00,42591.3,42599.8,42567.8,42570.3,1909
2024-09-25 13:00:00+00:00,42570.8,42679.3,42473.3,42481.3,41295
2024-09-25 14:00:00+00:00,42483.3,42530.3,42371.3,42426.8,39403
2024-09-25 15:00:00+00:00,42427.3,42440.3,42333.3,42350.3,27203
2024-09-25 16:00:00+00:00,42349.8,42371.8,42293.8,42312.3,19919
2024-09-25 17:00:00+00:00,42312.8,42340.3,42207.3,42337.3,27963
2024-09-25 18:00:00+00:00,42336.8,42347.3,42251.8,42311.3,21265
2024-09-25 19:00:00+00:00,42311.8,42331.3,42249.3,42281.8,19802
2024-09-25 20:00:00+00:00,42283.6,42304.5,42245.0,42265.0,3240
2024-09-25 22:00:00+00:00,42258.0,42265.5,42232.5,42256.0,802
2024-09-25 23:00:00+00:00,42256.5,42291.0,42250.0,42287.0,947
2024-09-26 00:00:00+00:00,42286.5,42333.0,42285.5,42328.0,1458
2024-09-26 01:00:00+00:00,42327.5,42346.0,42318.0,42340.0,1263
2024-09-26 02:00:00+00:00,42340.5,42353.5,42335.5,42347.5,1015
2024-09-26 03:00:00+00:00,42347.0,42380.5,42347.0,42377.5,1302
2024-09-26 04:00:00+00:00,42378.0,42380.5,42367.5,42376.0,979
2024-09-26 05:00:00+00:00,42376.5,42425.5,42364.0,42416.0,1672
2024-09-26 06:00:00+00:00,42416.8,42453.8,42414.3,42430.8,2648
2024-09-26 07:00:00+00:00,42431.3,42453.3,42405.3,42452.3,4069
2024-09-26 08:00:00+00:00,42451.3,42493.3,42437.8,42489.3,3533
2024-09-26 09:00:00+00:00,42488.8,42488.8,42468.3,42480.8,2046
2024-09-26 10:00:00+00:00,42480.3,42497.3,42469.8,42493.3,1303
2024-09-26 11:00:00+00:00,42494.3,42505.3,42445.3,42449.8,2408
2024-09-26 12:00:00+00:00,42449.3,42486.3,42427.3,42465.3,4337
2024-09-26 13:00:00+00:00,42465.8,42562.8,42451.3,42489.8,40154
2024-09-26 14:00:00+00:00,42493.3,42572.8,42400.3,42487.8,50474
2024-09-26 15:00:00+00:00,42486.8,42572.3,42446.3,42553.8,24862
2024-09-26 16:00:00+00:00,42553.3,42562.8,42500.3,42513.8,19156
2024-09-26 17:00:00+00:00,42512.8,42545.3,42434.8,42535.3,19952
2024-09-26 18:00:00+00:00,42535.8,42595.3,42531.8,42558.8,14723
2024-09-26 19:00:00+00:00,42558.3,42581.8,42474.8,42543.3,15575
2024-09-26 20:00:00+00:00,42544.1,42566.0,42540.0,42543.5,2109
2024-09-26 22:00:00+00:00,42543.0,42600.0,42540.5,42568.0,1214
2024-09-26 23:00:00+00:00,42568.5,42574.0,42538.5,42552.0,982
2024-09-27 00:00:00+00:00,42552.5,42559.5,42527.5,42549.0,2414
2024-09-27 01:00:00+00:00,42548.5,42556.5,42515.0,42519.5,1788
2024-09-27 02:00:00+00:00,42520.0,42537.0,42513.0,42533.0,1599
2024-09-27 03:00:00+00:00,42532.5,42544.0,42523.5,42539.0,1149
2024-09-27 04:00:00+00:00,42538.5,42558.0,42537.0,42555.5,1220
2024-09-27 05:00:00+00:00,42556.0,42569.5,42529.0,42565.0,3040
2024-09-27 06:00:00+00:00,42565.3,42584.3,42511.8,42513.8,3028
2024-09-27 07:00:00+00:00,42514.3,42544.3,42490.8,42492.8,5217
2024-09-27 08:00:00+00:00,42493.3,42550.3,42492.8,42530.3,3074
2024-09-27 09:00:00+00:00,42529.3,42562.3,42519.3,42544.3,2687
2024-09-27 10:00:00+00:00,42543.3,42569.3,42529.8,42529.8,1842
2024-09-27 11:00:00+00:00,42530.3,42565.3,42524.8,42560.3,1952
2024-09-27 12:00:00+00:00,42559.8,42652.8,42558.3,42638.3,6164
2024-09-27 13:00:00+00:00,42637.3,42745.8,42589.3,42717.8,35440
2024-09-27 14:00:00+00:00,42718.3,42919.3,42675.8,42904.3,39657
2024-09-27 15:00:00+00:00,42904.8,43005.3,42892.8,42914.8,25798
2024-09-27 16:00:00+00:00,42914.3,42915.3,42721.3,42727.3,17184
2024-09-27 17:00:00+00:00,42728.3,42773.8,42687.8,42746.3,15138
2024-09-27 18:00:00+00:00,42745.8,42761.3,42604.8,42742.8,21795
2024-09-27 19:00:00+00:00,42741.8,42752.3,42648.3,42656.3,22442
2024-09-27 20:00:00+00:00,42656.6,42667.5,42632.5,42656.5,3274
2024-09-29 22:00:00+00:00,42637.5,42668.5,42585.5,42662.0,1627
2024-09-29 23:00:00+00:00,42661.5,42710.0,42654.0,42692.0,1457
2024-09-30 00:00:00+00:00,42693.0,42716.5,42676.0,42684.5,2401
2024-09-30 01:00:00+00:00,42684.0,42688.0,42633.5,42652.0,3171
2024-09-30 02:00:00+00:00,42652.5,42674.5,42637.0,42673.0,1626
2024-09-30 03:00:00+00:00,42673.5,42680.5,42666.0,42674.0,1304
2024-09-30 04:00:00+00:00,42674.5,42680.0,42659.5,42669.0,797
2024-09-30 05:00:00+00:00,42668.0,42675.5,42640.5,42646.0,1640
2024-09-30 06:00:00+00:00,42645.8,42652.3,42584.3,42592.3,2216
2024-09-30 07:00:00+00:00,42593.3,42641.3,42572.3,42615.3,3947
2024-09-30 08:00:00+00:00,42614.8,42648.3,42603.8,42631.3,3774
2024-09-30 09:00:00+00:00,42631.8,42657.8,42598.3,42636.3,2695
2024-09-30 10:00:00+00:00,42635.3,42649.3,42607.3,42617.3,2338
2024-09-30 11:00:00+00:00,42617.8,42625.8,42574.3,42603.3,3519
2024-09-30 12:00:00+00:00,42602.8,42610.3,42570.8,42576.3,2520
2024-09-30 13:00:00+00:00,42575.8,42609.3,42402.8,42461.3,37167
2024-09-30 14:00:00+00:00,42460.8,42647.3,42434.8,42572.3,33589
2024-09-30 15:00:00+00:00,42572.3,42601.3,42481.3,42534.8,22772
2024-09-30 16:00:00+00:00,42535.3,42573.3,42516.3,42538.8,14457
2024-09-30 17:00:00+00:00,42538.3,42545.8,42484.3,42517.8,14764
2024-09-30 18:00:00+00:00,42517.3,42519.8,42245.8,42443.8,54673
2024-09-30 19:00:00+00:00,42443.3,42673.8,42397.8,42655.3,38351
2024-09-30 20:00:00+00:00,42656.1,42657.1,42596.5,42600.0,4465
2024-09-30 22:00:00+00:00,42604.5,42611.5,42570.0,42598.0,1428
2024-09-30 23:00:00+00:00,42598.5,42602.0,42576.0,42600.0,858
2024-10-01 00:00:00+00:00,42599.0,42628.0,42579.5,42617.5,1816
2024-10-01 01:00:00+00:00,42618.0,42655.5,42616.0,42652.0,1572
2024-10-01 02:00:00+00:00,42652.5,42656.0,42630.0,42635.0,857
2024-10-01 03:00:00+00:00,42635.5,42639.0,42621.0,42631.0,917
2024-10-01 04:00:00+00:00,42631.5,42634.0,42619.0,42621.0,785
2024-10-01 05:00:00+00:00,42620.5,42626.0,42600.0,42604.5,1157
2024-10-01 06:00:00+00:00,42604.3,42642.3,42597.8,42614.3,1560
2024-10-01 07:00:00+00:00,42613.3,42613.8,42520.8,42585.3,5256
2024-10-01 08:00:00+00:00,42584.3,42588.3,42532.8,42541.3,4003
2024-10-01 09:00:00+00:00,42540.8,42542.3,42515.8,42532.3,2371
2024-10-01 10:00:00+00:00,42533.3,42547.3,42485.3,42542.3,2453
2024-10-01 11:00:00+00:00,42541.8,42579.8,42531.3,42540.3,2757
2024-10-01 12:00:00+00:00,42539.8,42558.8,42510.3,42531.3,2981
2024-10-01 13:00:00+00:00,42530.3,42602.8,42318.8,42422.8,47331
2024-10-01 14:00:00+00:00,42422.3,42473.3,42252.3,42423.8,83801
2024-10-01 15:00:00+00:00,42424.3,42545.3,42283.3,42512.8,46859
2024-10-01 16:00:00+00:00,42511.8,42561.8,42345.3,42471.8,45989
2024-10-01 17:00:00+00:00,42472.3,42534.8,42309.3,42530.3,53465
2024-10-01 18:00:00+00:00,42530.8,42657.3,42526.8,42611.8,35710
2024-10-01 19:00:00+00:00,42612.3,42617.3,42460.8,42488.8,35266
2024-10-01 20:00:00+00:00,42489.6,42522.5,42436.0,42444.0,5045
2024-10-01 22:00:00+00:00,42455.5,42476.0,42357.0,42384.0,2421
2024-10-01 23:00:00+00:00,42384.5,42413.5,42345.0,42385.5,2101
2024-10-02 00:00:00+00:00,42386.5,42437.5,42383.0,42407.5,2178
2024-10-02 01:00:00+00:00,42408.5,42448.5,42402.0,42443.0,2009
2024-10-02 02:00:00+00:00,42443.5,42457.0,42406.5,42415.5,1655
2024-10-02 03:00:00+00:00,42415.0,42438.0,42395.5,42421.5,1540
2024-10-02 04:00:00+00:00,42422.0,42423.5,42361.5,42378.0,1392
2024-10-02 05:00:00+00:00,42377.0,42391.0,42310.0,42361.5,3023
2024-10-02 06:00:00+00:00,42359.8,42365.3,42316.3,42333.8,3416
2024-10-02 07:00:00+00:00,42334.3,42394.3,42308.3,42362.8,5903
2024-10-02 08:00:00+00:00,42363.3,42402.8,42342.8,42353.3,3733
2024-10-02 09:00:00+00:00,42353.8,42356.3,42286.3,42317.8,3980
2024-10-02 10:00:00+00:00,42317.3,42385.3,42286.8,42376.3,4774
2024-10-02 11:00:00+00:00,42377.3,42390.3,42293.8,42374.8,5204
2024-10-02 12:00:00+00:00,42375.8,42437.8,42359.8,42434.3,6540
2024-10-02 13:00:00+00:00,42434.8,42520.8,42285.3,42452.3,42803
2024-10-02 14:00:00+00:00,42451.8,42572.8,42377.8,42478.8,44472
2024-10-02 15:00:00+00:00,42478.3,42581.8,42452.8,42550.8,23878
2024-10-02 16:00:00+00:00,42551.3,42551.3,42426.3,42427.3,17146
2024-10-02 17:00:00+00:00,42427.8,42523.8,42414.8,42517.8,16929
2024-10-02 18:00:00+00:00,42516.8,42549.3,42425.8,42523.8,14342
2024-10-02 19:00:00+00:00,42523.3,42552.3,42492.8,42511.8,13688
2024-10-02 20:00:00+00:00,42513.6,42565.0,42500.0,42543.0,2256
2024-10-02 22:00:00+00:00,42556.5,42576.5,42540.5,42545.0,872
2024-10-02 23:00:00+00:00,42544.5,42554.0,42529.0,42544.5,850
2024-10-03 00:00:00+00:00,42544.0,42544.0,42479.0,42504.0,2676
2024-10-03 01:00:00+00:00,42503.5,42520.5,42464.0,42490.0,2739
2024-10-03 02:00:00+00:00,42489.5,42502.0,42470.5,42471.0,1644
2024-10-03 03:00:00+00:00,42471.5,42487.0,42454.0,42463.0,1778
2024-10-03 04:00:00+00:00,42463.5,42470.0,42443.5,42446.0,673
2024-10-03 05:00:00+00:00,42446.5,42463.0,42437.0,42440.0,1323
2024-10-03 06:00:00+00:00,42439.8,42475.3,42432.8,42457.3,1831
2024-10-03 07:00:00+00:00,42456.8,42471.3,42276.3,42314.3,7534
2024-10-03 08:00:00+00:00,42314.8,42377.8,42299.8,42359.3,5759
2024-10-03 09:00:00+00:00,42359.8,42390.3,42335.8,42364.3,2914
2024-10-03 10:00:00+00:00,42363.8,42386.3,42337.3,42384.8,2753
2024-10-03 11:00:00+00:00,42384.3,42440.3,42364.8,42439.3,3146
2024-10-03 12:00:00+00:00,42439.8,42450.8,42353.8,42357.3,6443
2024-10-03 13:00:00+00:00,42357.8,42405.3,42143.3,42230.3,38667
2024-10-03 14:00:00+00:00,42231.3,42440.3,42204.8,42228.8,79035
2024-10-03 15:00:00+00:00,42228.3,42386.3,42194.3,42351.8,35393
2024-10-03 16:00:00+00:00,42352.3,42429.8,42174.3,42213.3,30257
2024-10-03 17:00:00+00:00,42212.8,42260.8,42158.8,42255.8,29990
2024-10-03 18:00:00+00:00,42256.3,42291.8,42228.8,42254.3,18196
2024-10-03 19:00:00+00:00,42254.8,42341.3,42205.3,42311.8,22880
2024-10-03 20:00:00+00:00,42314.1,42328.5,42285.5,42300.5,3237
2024-10-03 22:00:00+00:00,42298.5,42319.0,42262.5,42298.0,1115
2024-10-03 23:00:00+00:00,42297.5,42311.5,42275.5,42299.5,1520
2024-10-04 00:00:00+00:00,42300.5,42304.5,42257.5,42291.0,2742
2024-10-04 01:00:00+00:00,42291.5,42351.5,42270.0,42340.0,2934
2024-10-04 02:00:00+00:00,42339.0,42354.0,42325.5,42331.0,2170
2024-10-04 03:00:00+00:00,42331.5,42333.0,42307.0,42313.0,1556
2024-10-04 04:00:00+00:00,42313.5,42334.0,42295.5,42304.0,1322
2024-10-04 05:00:00+00:00,42304.5,42322.5,42300.0,42306.0,1733
2024-10-04 06:00:00+00:00,42305.8,42314.3,42265.3,42270.3,1574
2024-10-04 07:00:00+00:00,42269.8,42341.8,42253.3,42335.8,4728
2024-10-04 08:00:00+00:00,42336.8,42338.3,42269.3,42275.3,3767
2024-10-04 09:00:00+00:00,42275.8,42311.3,42269.8,42303.3,2683
2024-10-04 10:00:00+00:00,42302.8,42366.8,42299.8,42334.3,2512
2024-10-04 11:00:00+00:00,42334.8,42397.8,42333.3,42393.3,2943
2024-10-04 12:00:00+00:00,42392.3,42589.3,42370.3,42574.8,16410
2024-10-04 13:00:00+00:00,42575.3,42642.3,42462.8,42487.8,39644
2024-10-04 14:00:00+00:00,42487.3,42566.8,42266.8,42385.8,51417
2024-10-04 15:00:00+00:00,42385.3,42450.3,42272.8,42449.8,32055
2024-10-04 16:00:00+00:00,42450.3,42540.3,42393.3,42502.3,21512
2024-10-04 17:00:00+00:00,42502.8,42554.8,42408.8,42448.8,19821
2024-10-04 18:00:00+00:00,42449.3,42557.8,42405.8,42550.8,14458
2024-10-04 19:00:00+00:00,42550.3,42667.8,42524.8,42642.8,15873
2024-10-04 20:00:00+00:00,42645.1,42665.5,42634.5,42653.0,1850
2024-10-06 22:00:00+00:00,42675.5,42700.0,42669.0,42688.5,1962
2024-10-06 23:00:00+00:00,42689.0,42706.0,42673.5,42675.0,1162
2024-10-07 00:00:00+00:00,42674.5,42679.0,42639.5,42651.0,2280
2024-10-07 01:00:00+00:00,42651.5,42694.0,42637.0,42654.0,3194
2024-10-07 02:00:00+00:00,42653.5,42676.5,42634.0,42638.0,2205
2024-10-07 03:00:00+00:00,42638.5,42648.5,42619.5,42635.0,1323
2024-10-07 04:00:00+00:00,42634.5,42649.0,42628.5,42635.0,870
2024-10-07 05:00:00+00:00,42634.5,42637.0,42600.5,42608.0,1383
2024-10-07 06:00:00+00:00,42606.8,42619.8,42577.3,42607.8,2172
2024-10-07 07:00:00+00:00,42607.3,42607.3,42481.3,42500.3,6585
2024-10-07 08:00:00+00:00,42499.8,42538.8,42485.3,42486.8,4920
2024-10-07 09:00:00+00:00,42486.3,42486.3,42424.8,42458.3,5241
2024-10-07 10:00:00+00:00,42457.8,42483.8,42444.3,42476.8,3154
2024-10-07 11:00:00+00:00,42475.8,42488.3,42451.3,42480.3,2839
2024-10-07 12:00:00+00:00,42479.8,42502.3,42473.3,42490.3,2540
2024-10-07 13:00:00+00:00,42491.3,42566.8,42422.3,42526.3,37921
2024-10-07 14:00:00+00:00,42524.8,42594.8,42480.3,42485.8,34329
2024-10-07 15:00:00+00:00,42485.8,42545.8,42427.8,42429.3,24138
2024-10-07 16:00:00+00:00,42429.8,42440.3,42352.8,42418.3,18137
2024-10-07 17:00:00+00:00,42418.8,42444.3,42315.3,42345.3,14722
2024-10-07 18:00:00+00:00,42345.8,42347.8,42118.3,42132.3,42632
2024-10-07 19:00:00+00:00,42131.8,42312.3,42121.3,42254.8,41895
2024-10-07 20:00:00+00:00,42256.6,42282.5,42247.5,42262.5,3455
2024-10-07 22:00:00+00:00,42275.5,42281.0,42093.0,42212.0,5366
2024-10-07 23:00:00+00:00,42211.5,42254.5,42203.0,42226.0,2749
2024-10-08 00:00:00+00:00,42226.5,42284.0,42226.5,42265.5,2027
2024-10-08 01:00:00+00:00,42266.0,42269.5,42210.5,42235.5,3330
2024-10-08 02:00:00+00:00,42234.5,42244.5,42196.0,42234.5,4041
2024-10-08 03:00:00+00:00,42233.5,42242.5,42202.0,42217.0,2153
2024-10-08 04:00:00+00:00,42217.5,42237.0,42213.5,42229.5,827
2024-10-08 05:00:00+00:00,42229.0,42239.0,42195.0,42214.5,2490
2024-10-08 06:00:00+00:00,42214.3,42240.8,42187.8,42230.8,2856
2024-10-08 07:00:00+00:00,42231.8,42265.3,42165.3,42233.8,8286
2024-10-08 08:00:00+00:00,42234.3,42256.3,42187.8,42246.8,6104
2024-10-08 09:00:00+00:00,42247.3,42341.3,42247.3,42286.8,4366
2024-10-08 10:00:00+00:00,42286.3,42320.8,42267.8,42318.3,2916
2024-10-08 11:00:00+00:00,42317.8,42329.8,42277.8,42313.8,3331
2024-10-08 12:00:00+00:00,42314.3,42324.8,42284.3,42307.3,3444
2024-10-08 13:00:00+00:00,42307.8,42381.3,42162.3,42264.8,29974
2024-10-08 14:00:00+00:00,42265.3,42316.8,42183.8,42271.3,26509
2024-10-08 15:00:00+00:00,42271.8,42337.8,42250.3,42329.8,12711
2024-10-08 16:00:00+00:00,42328.8,42353.3,42297.8,42315.3,8400
2024-10-08 17:00:00+00:00,42314.8,42319.3,42222.8,42303.3,12173
2024-10-08 18:00:00+00:00,42302.8,42394.8,42301.3,42377.3,7139
2024-10-08 19:00:00+00:00,42377.8,42427.8,42352.3,42373.8,11349
2024-10-08 20:00:00+00:00,42375.6,42390.0,42357.0,42365.5,2297
2024-10-08 22:00:00+00:00,42369.5,42384.5,42359.5,42380.0,661
2024-10-08 23:00:00+00:00,42379.5,42388.5,42359.0,42362.0,664
2024-10-09 00:00:00+00:00,42363.5,42364.0,42337.5,42343.0,940
2024-10-09 01:00:00+00:00,42343.5,42363.5,42342.0,42356.5,1803
2024-10-09 02:00:00+00:00,42356.0,42356.0,42322.5,42334.0,1844
2024-10-09 03:00:00+00:00,42333.0,42341.5,42325.0,42337.0,1161
2024-10-09 04:00:00+00:00,42336.5,42342.0,42324.0,42329.0,404
2024-10-09 05:00:00+00:00,42329.5,42354.0,42317.5,42324.5,2163
2024-10-09 06:00:00+00:00,42323.3,42338.8,42301.3,42305.3,1818
2024-10-09 07:00:00+00:00,42306.8,42317.3,42265.3,42309.8,4287
2024-10-09 08:00:00+00:00,42309.3,42311.8,42255.3,42278.3,3251
2024-10-09 09:00:00+00:00,42276.8,42353.3,42276.3,42332.8,1910
2024-10-09 10:00:00+00:00,42332.3,42371.3,42325.8,42350.3,1807
2024-10-09 11:00:00+00:00,42349.8,42362.3,42327.8,42354.3,2102
2024-10-09 12:00:00+00:00,42354.8,42376.3,42315.8,42358.3,3219
2024-10-09 13:00:00+00:00,42357.8,42544.3,42288.8,42525.8,29964
2024-10-09 14:00:00+00:00,42525.3,42592.3,42433.3,42546.8,28101
2024-10-09 15:00:00+00:00,42547.3,42791.8,42543.3,42746.8,18749
2024-10-09 16:00:00+00:00,42747.3,42779.8,42686.8,42716.8,15665
2024-10-09 17:00:00+00:00,42716.3,42803.8,42655.8,42724.8,14982
2024-10-09 18:00:00+00:00,42725.3,42768.8,42691.3,42742.8,16660
2024-10-09 19:00:00+00:00,42743.8,42865.3,42718.3,42804.8,19976
2024-10-09 20:00:00+00:00,42806.6,42820.0,42779.5,42807.5,2965
2024-10-09 22:00:00+00:00,42804.0,42822.5,42792.5,42819.5,710
2024-10-09 23:00:00+00:00,42820.0,42835.5,42811.5,42826.0,937
2024-10-10 00:00:00+00:00,42826.5,42839.0,42813.0,42827.0,1371
2024-10-10 01:00:00+00:00,42826.5,42846.0,42825.0,42837.0,1840
2024-10-10 02:00:00+00:00,42836.5,42845.0,42822.5,42840.5,1353
2024-10-10 03:00:00+00:00,42840.0,42844.5,42822.0,42834.0,891
2024-10-10 04:00:00+00:00,42833.5,42836.0,42823.0,42824.5,403
2024-10-10 05:00:00+00:00,42824.0,42832.0,42795.0,42796.0,986
2024-10-10 06:00:00+00:00,42794.8,42806.3,42776.3,42792.3,1550
2024-10-10 07:00:00+00:00,42791.8,42807.8,42741.8,42744.8,2687
2024-10-10 08:00:00+00:00,42745.3,42770.3,42730.8,42756.3,1918
2024-10-10 09:00:00+00:00,42755.8,42776.8,42741.3,42773.3,1492
2024-10-10 10:00:00+00:00,42774.3,42787.3,42757.3,42758.3,1708
2024-10-10 11:00:00+00:00,42757.8,42785.8,42745.8,42782.3,1948
2024-10-10 12:00:00+00:00,42782.8,42840.3,42666.3,42715.3,13560
2024-10-10 13:00:00+00:00,42714.8,42794.3,42647.3,42701.8,39047
2024-10-10 14:00:00+00:00,42702.3,42782.8,42616.8,42644.3,32446
2024-10-10 15:00:00+00:00,42645.3,42758.3,42621.3,42729.3,17111
2024-10-10 16:00:00+00:00,42729.8,42795.3,42676.3,42699.8,17864
2024-10-10 17:00:00+00:00,42700.3,42715.3,42598.8,42704.8,20298
2024-10-10 18:00:00+00:00,42705.3,42706.8,42587.3,42629.8,16120
2024-10-10 19:00:00+00:00,42628.8,42760.3,42611.3,42747.3,15057
2024-10-10 20:00:00+00:00,42749.1,42778.5,42734.5,42755.5,2027
2024-10-10 22:00:00+00:00,42754.0,42773.0,42749.0,42758.0,625
2024-10-10 23:00:00+00:00,42759.0,42800.0,42759.0,42792.0,1046
2024-10-11 00:00:00+00:00,42792.5,42800.5,42764.0,42767.5,1346
2024-10-11 01:00:00+00:00,42768.0,42783.0,42762.0,42766.5,752
2024-10-11 02:00:00+00:00,42767.0,42768.5,42749.5,42755.0,566
2024-10-11 03:00:00+00:00,42755.5,42762.0,42743.5,42760.0,779
2024-10-11 04:00:00+00:00,42758.5,42760.5,42739.5,42741.0,433
2024-10-11 05:00:00+00:00,42740.0,42745.0,42723.5,42739.0,628
2024-10-11 06:00:00+00:00,42738.8,42739.3,42714.3,42716.3,969
2024-10-11 07:00:00+00:00,42716.8,42729.3,42683.3,42718.8,2779
2024-10-11 08:00:00+00:00,42719.3,42735.3,42682.3,42700.3,2858
2024-10-11 09:00:00+00:00,42700.8,42722.3,42667.8,42678.8,2342
2024-10-11 10:00:00+00:00,42678.3,42760.3,42670.8,42760.3,3354
2024-10-11 11:00:00+00:00,42759.8,42777.8,42729.3,42730.8,1903
2024-10-11 12:00:00+00:00,42731.3,42804.3,42715.3,42736.8,6626
2024-10-11 13:00:00+00:00,42737.3,42940.8,42727.8,42917.8,31510
2024-10-11 14:00:00+00:00,42917.3,43070.8,42883.8,43036.3,33157
2024-10-11 15:00:00+00:00,43035.8,43115.8,43018.3,43090.8,15935
2024-10-11 16:00:00+00:00,43090.3,43094.3,42976.8,43031.8,12684
2024-10-11 17:00:00+00:00,43032.3,43079.3,42988.8,43073.8,10433
2024-10-11 18:00:00+00:00,43073.3,43144.3,43051.8,43113.8,10403
2024-10-11 19:00:00+00:00,43113.3,43179.8,43103.8,43144.8,15435
2024-10-11 20:00:00+00:00,43145.6,43152.5,43129.0,43135.0,2290
2024-10-13 22:00:00+00:00,43097.4,43147.0,43094.6,43142.5,1062
2024-10-13 23:00:00+00:00,43142.0,43153.5,43115.0,43124.0,956
2024-10-14 00:00:00+00:00,43123.5,43143.0,43117.5,43134.0,1064
2024-10-14 01:00:00+00:00,43133.5,43149.5,43119.5,43129.5,2031
2024-10-14 02:00:00+00:00,43129.0,43146.0,43108.0,43145.0,1307
2024-10-14 03:00:00+00:00,43145.5,43155.0,43133.5,43146.0,746
2024-10-14 04:00:00+00:00,43145.5,43147.5,43132.0,43135.0,358
2024-10-14 05:00:00+00:00,43135.5,43143.5,43120.5,43126.5,913
2024-10-14 06:00:00+00:00,43126.3,43141.8,43117.3,43138.3,1104
2024-10-14 07:00:00+00:00,43138.8,43171.3,43117.8,43170.3,2244
2024-10-14 08:00:00+00:00,43169.3,43169.3,43096.8,43105.3,2696
2024-10-14 09:00:00+00:00,43105.8,43125.3,43103.3,43111.3,1468
2024-10-14 10:00:00+00:00,43110.8,43131.8,43073.8,43078.3,2296
2024-10-14 11:00:00+00:00,43078.8,43087.3,43058.3,43063.8,2074
2024-10-14 12:00:00+00:00,43064.3,43086.8,43060.3,43076.3,2137
2024-10-14 13:00:00+00:00,43075.8,43132.3,42986.8,43085.8,27374
2024-10-14 14:00:00+00:00,43086.3,43205.3,43062.8,43192.8,21181
2024-10-14 15:00:00+00:00,43192.3,43314.3,43161.8,43311.3,13226
2024-10-14 16:00:00+00:00,43310.8,43349.8,43298.3,43335.8,7245
2024-10-14 17:00:00+00:00,43335.3,43348.3,43281.3,43291.8,5431
2024-10-14 18:00:00+00:00,43291.3,43390.3,43268.3,43359.3,7738
2024-10-14 19:00:00+00:00,43359.8,43416.8,43333.3,43365.3,11819
2024-10-14 20:00:00+00:00,43367.1,43422.0,43352.0,43416.5,2673
2024-10-14 22:00:00+00:00,43406.0,43421.5,43396.0,43406.0,840
2024-10-14 23:00:00+00:00,43405.0,43429.0,43401.0,43419.0,587
2024-10-15 00:00:00+00:00,43419.5,43423.5,43392.0,43415.5,1603
2024-10-15 01:00:00+00:00,43415.0,43438.5,43409.5,43433.0,1195
2024-10-15 02:00:00+00:00,43432.5,43439.5,43425.5,43426.0,572
2024-10-15 03:00:00+00:00,43426.5,43433.5,43416.5,43423.0,561
2024-10-15 04:00:00+00:00,43422.5,43425.5,43418.0,43420.0,316
2024-10-15 05:00:00+00:00,43419.5,43420.5,43391.5,43396.0,925
2024-10-15 06:00:00+00:00,43394.8,43421.8,43390.8,43419.3,1046
2024-10-15 07:00:00+00:00,43419.8,43446.8,43397.8,43429.3,2164
2024-10-15 08:00:00+00:00,43428.8,43445.3,43402.8,43418.3,2636
2024-10-15 09:00:00+00:00,43418.8,43434.3,43356.8,43372.8,3131
2024-10-15 10:00:00+00:00,43373.3,43388.3,43324.3,43348.3,4478
2024-10-15 11:00:00+00:00,43348.8,43421.8,43332.3,43377.8,2863
2024-10-15 12:00:00+00:00,43377.3,43385.3,43315.8,43322.3,3046
2024-10-15 13:00:00+00:00,43322.8,43323.3,43022.8,43035.8,35764
2024-10-15 14:00:00+00:00,43036.8,43222.3,43031.8,43185.8,52699
2024-10-15 15:00:00+00:00,43186.3,43275.3,43147.8,43171.8,28990
2024-10-15 16:00:00+00:00,43172.3,43276.3,43154.3,43202.8,14552
2024-10-15 17:00:00+00:00,43203.8,43226.8,43112.8,43120.8,13294
2024-10-15 18:00:00+00:00,43121.3,43140.3,43044.8,43065.8,14389
2024-10-15 19:00:00+00:00,43066.3,43071.8,42967.3,43022.8,26965
2024-10-15 20:00:00+00:00,43027.1,43032.5,42982.5,43002.0,2842
2024-10-15 22:00:00+00:00,43020.0,43023.0,42967.5,43012.0,1380
2024-10-15 23:00:00+00:00,43011.5,43027.5,43004.0,43007.0,1179
2024-10-16 00:00:00+00:00,43007.5,43021.5,42997.5,43004.5,1677
2024-10-16 01:00:00+00:00,43004.0,43027.5,42992.0,43014.0,1322
2024-10-16 02:00:00+00:00,43014.5,43020.0,43008.0,43011.0,948
2024-10-16 03:00:00+00:00,43010.0,43022.5,43005.5,43017.0,719
2024-10-16 04:00:00+00:00,43016.5,43019.0,43003.5,43008.0,354
2024-10-16 05:00:00+00:00,43009.0,43010.0,42992.5,43004.0,848
2024-10-16 06:00:00+00:00,43002.8,43002.8,42977.3,42982.3,1665
2024-10-16 07:00:00+00:00,42983.3,43008.3,42938.3,42994.8,4725
2024-10-16 08:00:00+00:00,42993.8,43008.8,42971.3,42991.3,3388
2024-10-16 09:00:00+00:00,42991.8,43006.3,42974.8,43004.8,2251
2024-10-16 10:00:00+00:00,43005.3,43007.8,42984.8,43006.3,1827
2024-10-16 11:00:00+00:00,43006.8,43047.8,43004.3,43041.3,2099
2024-10-16 12:00:00+00:00,43040.3,43053.3,43015.8,43019.3,2815
2024-10-16 13:00:00+00:00,43019.8,43158.8,42948.3,43125.3,32904
2024-10-16 14:00:00+00:00,43125.8,43243.8,43123.3,43211.8,32963
2024-10-16 15:00:00+00:00,43212.3,43226.3,43169.3,43216.8,16220
2024-10-16 16:00:00+00:00,43216.3,43283.8,43216.3,43269.3,10295
2024-10-16 17:00:00+00:00,43270.3,43282.8,43225.3,43269.8,9015
2024-10-16 18:00:00+00:00,43268.3,43369.8,43267.3,43345.8,10237
2024-10-16 19:00:00+00:00,43345.3,43368.3,43312.3,43336.3,11168
2024-10-16 20:00:00+00:00,43337.1,43356.5,43321.0,43337.5,1785
2024-10-16 22:00:00+00:00,43334.5,43342.0,43312.0,43327.5,1034
2024-10-16 23:00:00+00:00,43328.0,43328.0,43300.0,43305.0,553
2024-10-17 00:00:00+00:00,43304.5,43319.0,43285.5,43310.0,1704
2024-10-17 01:00:00+00:00,43310.5,43322.5,43289.0,43305.5,1119
2024-10-17 02:00:00+00:00,43305.0,43311.5,43267.0,43294.0,1414
2024-10-17 03:00:00+00:00,43294.5,43300.5,43281.5,43284.0,725
2024-10-17 04:00:00+00:00,43284.5,43288.0,43274.0,43281.0,490
2024-10-17 05:00:00+00:00,43280.5,43311.0,43273.0,43294.0,1299
2024-10-17 06:00:00+00:00,43292.8,43314.8,43255.3,43313.3,3191
2024-10-17 07:00:00+00:00,43313.3,43362.3,43304.3,43352.8,3119
2024-10-17 08:00:00+00:00,43351.8,43360.8,43306.8,43357.3,3045
2024-10-17 09:00:00+00:00,43356.8,43386.3,43351.3,43379.3,2010
2024-10-17 10:00:00+00:00,43378.8,43405.3,43308.3,43384.8,3137
2024-10-17 11:00:00+00:00,43384.3,43428.3,43360.3,43367.3,3272
2024-10-17 12:00:00+00:00,43367.8,43459.8,43358.3,43436.3,5665
2024-10-17 13:00:00+00:00,43435.8,43542.8,43402.8,43484.3,36672
2024-10-17 14:00:00+00:00,43484.8,43498.8,43389.8,43430.8,36924
2024-10-17 15:00:00+00:00,43431.3,43516.8,43373.3,43486.8,19485
2024-10-17 16:00:00+00:00,43486.3,43535.3,43436.3,43534.8,12936
2024-10-17 17:00:00+00:00,43535.3,43550.3,43503.3,43542.8,9970
2024-10-17 18:00:00+00:00,43543.8,43547.3,43424.8,43516.8,18410
2024-10-17 19:00:00+00:00,43517.3,43536.3,43484.8,43502.8,14228
2024-10-17 20:00:00+00:00,43503.6,43528.5,43490.5,43493.0,2564
2024-10-17 22:00:00+00:00,43490.0,43529.0,43484.5,43517.0,975
2024-10-17 23:00:00+00:00,43517.5,43521.0,43508.5,43517.5,602
2024-10-18 00:00:00+00:00,43518.0,43519.5,43454.5,43492.0,2689
2024-10-18 01:00:00+00:00,43492.5,43513.0,43488.5,43504.0,1419
2024-10-18 02:00:00+00:00,43504.5,43511.5,43485.0,43488.0,1145
2024-10-18 03:00:00+00:00,43487.5,43495.5,43470.5,43480.0,815
2024-10-18 04:00:00+00:00,43479.0,43491.0,43476.0,43488.0,446
2024-10-18 05:00:00+00:00,43488.5,43496.0,43476.0,43494.0,885
2024-10-18 06:00:00+00:00,43494.3,43494.8,43450.3,43464.3,1202
2024-10-18 07:00:00+00:00,43463.3,43527.3,43456.8,43522.3,1724
2024-10-18 08:00:00+00:00,43521.3,43536.3,43512.3,43526.3,1868
2024-10-18 09:00:00+00:00,43526.8,43545.3,43513.8,43521.3,1768
2024-10-18 10:00:00+00:00,43520.3,43529.3,43498.3,43524.3,1880
2024-10-18 11:00:00+00:00,43523.8,43559.3,43440.3,43462.3,3069
2024-10-18 12:00:00+00:00,43462.8,43474.8,43419.3,43419.3,2725
2024-10-18 13:00:00+00:00,43418.8,43503.8,43286.8,43299.8,31849
2024-10-18 14:00:00+00:00,43300.3,43421.8,43289.8,43398.3,25430
2024-10-18 15:00:00+00:00,43397.8,43449.8,43381.8,43439.8,13708
2024-10-18 16:00:00+00:00,43440.3,43572.8,43432.3,43517.8,10319
2024-10-18 17:00:00+00:00,43517.3,43550.3,43497.8,43510.8,9950
2024-10-18 18:00:00+00:00,43510.3,43580.8,43447.8,43531.8,10164
2024-10-18 19:00:00+00:00,43530.8,43534.3,43484.3,43519.8,13176
2024-10-18 20:00:00+00:00,43520.6,43545.5,43509.5,43541.0,1400
2024-10-20 22:00:00+00:00,43557.5,43567.5,43547.0,43564.0,1014
2024-10-20 23:00:00+00:00,43565.0,43575.5,43560.0,43569.0,987
2024-10-21 00:00:00+00:00,43569.5,43577.5,43556.5,43573.5,1494
2024-10-21 01:00:00+00:00,43574.0,43580.0,43562.5,43564.5,1489
2024-10-21 02:00:00+00:00,43564.0,43568.0,43552.0,43555.5,935
2024-10-21 03:00:00+00:00,43556.0,43557.5,43546.5,43549.5,869
2024-10-21 04:00:00+00:00,43549.0,43550.5,43535.5,43540.0,687
2024-10-21 05:00:00+00:00,43539.5,43544.5,43529.0,43530.5,1371
2024-10-21 06:00:00+00:00,43530.3,43541.8,43524.3,43530.3,1538
2024-10-21 07:00:00+00:00,43530.8,43576.3,43528.3,43550.8,2588
2024-10-21 08:00:00+00:00,43549.8,43566.3,43534.8,43540.8,1960
2024-10-21 09:00:00+00:00,43540.3,43548.3,43461.3,43482.3,2837
2024-10-21 10:00:00+00:00,43482.8,43489.3,43412.8,43416.3,3519
2024-10-21 11:00:00+00:00,43415.8,43442.3,43405.8,43421.3,4443
2024-10-21 12:00:00+00:00,43421.8,43477.3,43412.3,43471.8,3078
2024-10-21 13:00:00+00:00,43472.3,43551.8,43409.3,43415.8,30344
2024-10-21 14:00:00+00:00,43415.3,43446.3,43288.3,43294.8,31302
2024-10-21 15:00:00+00:00,43295.3,43302.8,43111.3,43222.8,32248
2024-10-21 16:00:00+00:00,43222.3,43242.8,43165.8,43236.8,17098
2024-10-21 17:00:00+00:00,43237.3,43247.3,43181.3,43189.8,12160
2024-10-21 18:00:00+00:00,43190.3,43203.8,43131.8,43140.8,12383
2024-10-21 19:00:00+00:00,43141.3,43198.3,43125.3,43182.8,18171
2024-10-21 20:00:00+00:00,43183.6,43201.0,43167.0,43188.0,2655
2024-10-21 22:00:00+00:00,43198.5,43198.5,43164.0,43165.0,787
2024-10-21 23:00:00+00:00,43164.0,43169.5,43151.5,43154.0,781
2024-10-22 00:00:00+00:00,43154.5,43155.0,43119.5,43121.0,2289
2024-10-22 01:00:00+00:00,43120.0,43137.5,43111.0,43131.5,2819
2024-10-22 02:00:00+00:00,43130.5,43146.5,43117.0,43121.0,1593
2024-10-22 03:00:00+00:00,43120.0,43138.5,43113.0,43118.0,1070
2024-10-22 04:00:00+00:00,43118.5,43125.0,43103.0,43103.0,1005
2024-10-22 05:00:00+00:00,43103.5,43129.5,43099.5,43102.0,1433
2024-10-22 06:00:00+00:00,43102.8,43108.3,43077.8,43099.3,1643
2024-10-22 07:00:00+00:00,43099.8,43110.8,43072.8,43074.3,4267
2024-10-22 08:00:00+00:00,43075.3,43099.8,43044.3,43049.3,4554
2024-10-22 09:00:00+00:00,43048.8,43054.3,42952.3,42972.3,5249
2024-10-22 10:00:00+00:00,42972.8,43025.3,42957.8,43003.3,5506
2024-10-22 11:00:00+00:00,43004.3,43022.8,42979.8,43002.3,3677
2024-10-22 12:00:00+00:00,43002.8,43057.8,42996.8,43027.8,4590
2024-10-22 13:00:00+00:00,43028.3,43090.8,42956.3,42987.8,31162
2024-10-22 14:00:00+00:00,42987.3,43086.3,42947.3,43058.8,27269
2024-10-22 15:00:00+00:00,43059.3,43128.3,43032.3,43084.8,14809
2024-10-22 16:00:00+00:00,43083.8,43185.3,43069.8,43165.8,11628
2024-10-22 17:00:00+00:00,43166.3,43251.8,43138.8,43249.8,10846
2024-10-22 18:00:00+00:00,43250.3,43284.8,43170.8,43178.3,10576
2024-10-22 19:00:00+00:00,43178.8,43249.3,43162.8,43167.3,12290
2024-10-22 20:00:00+00:00,43169.1,43170.5,42977.0,42977.5,6415
2024-10-22 22:00:00+00:00,43035.0,43035.0,43000.0,43023.0,993
2024-10-22 23:00:00+00:00,43023.5,43061.5,43013.5,43059.0,1167
2024-10-23 00:00:00+00:00,43059.5,43063.0,43030.5,43034.5,969
2024-10-23 01:00:00+00:00,43034.0,43051.5,43028.5,43038.0,954
2024-10-23 02:00:00+00:00,43038.5,43050.0,43036.0,43040.0,1187
2024-10-23 03:00:00+00:00,43040.5,43055.0,43032.0,43035.0,969
2024-10-23 04:00:00+00:00,43034.5,43060.0,43030.5,43056.0,888
2024-10-23 05:00:00+00:00,43055.0,43059.0,43041.0,43045.5,877
2024-10-23 06:00:00+00:00,43045.3,43050.8,43016.8,43019.3,1139
2024-10-23 07:00:00+00:00,43020.3,43065.8,43017.8,43028.3,2936
2024-10-23 08:00:00+00:00,43028.8,43053.3,42998.3,43001.3,2262
2024-10-23 09:00:00+00:00,43000.8,43028.3,42992.3,42994.3,2322
2024-10-23 10:00:00+00:00,42994.8,42998.8,42943.8,42958.3,2578
2024-10-23 11:00:00+00:00,42957.3,42972.3,42920.8,42964.3,3218
2024-10-23 12:00:00+00:00,42963.8,42975.3,42904.8,42919.3,3581
2024-10-23 13:00:00+00:00,42919.8,42956.3,42848.3,42942.3,31367
2024-10-23 14:00:00+00:00,42941.3,43003.8,42857.3,42888.8,33850
2024-10-23 15:00:00+00:00,42889.3,42891.8,42747.3,42857.8,21300
2024-10-23 16:00:00+00:00,42858.3,42867.8,42715.3,42768.8,22213
2024-10-23 17:00:00+00:00,42769.3,42780.8,42636.3,42636.8,22679
2024-10-23 18:00:00+00:00,42636.3,42743.8,42512.3,42736.3,24482
2024-10-23 19:00:00+00:00,42736.8,42760.3,42687.8,42739.3,21005
2024-10-23 20:00:00+00:00,42741.1,42745.5,42596.0,42673.0,6490
2024-10-23 22:00:00+00:00,42662.5,42688.0,42662.5,42673.0,1125
2024-10-23 23:00:00+00:00,42672.5,42679.0,42653.0,42672.5,918
2024-10-24 00:00:00+00:00,42673.0,42716.5,42648.0,42712.0,2512
2024-10-24 01:00:00+00:00,42711.5,42717.5,42693.5,42711.0,2124
2024-10-24 02:00:00+00:00,42710.5,42710.5,42682.5,42699.0,1675
2024-10-24 03:00:00+00:00,42699.5,42706.0,42674.5,42676.0,1144
2024-10-24 04:00:00+00:00,42675.5,42684.0,42668.5,42673.0,979
2024-10-24 05:00:00+00:00,42673.5,42675.0,42662.0,42666.5,1299
2024-10-24 06:00:00+00:00,42665.8,42702.8,42664.3,42671.3,2116
2024-10-24 07:00:00+00:00,42671.8,42748.3,42670.3,42732.3,4409
2024-10-24 08:00:00+00:00,42731.3,42740.3,42695.3,42714.3,3450
2024-10-24 09:00:00+00:00,42713.8,42720.3,42683.3,42686.3,2127
2024-10-24 10:00:00+00:00,42685.8,42713.3,42633.3,42681.8,2669
2024-10-24 11:00:00+00:00,42681.3,42700.3,42659.3,42693.3,2467
2024-10-24 12:00:00+00:00,42693.8,42708.8,42654.3,42701.3,4521
2024-10-24 13:00:00+00:00,42700.8,42710.3,42566.3,42642.8,32354
2024-10-24 14:00:00+00:00,42642.3,42679.3,42572.3,42627.3,26610
2024-10-24 15:00:00+00:00,42626.8,42645.3,42448.8,42501.3,20762
2024-10-24 16:00:00+00:00,42501.8,42570.8,42410.8,42556.3,21208
2024-10-24 17:00:00+00:00,42555.8,42643.8,42547.8,42558.8,13740
2024-10-24 18:00:00+00:00,42559.3,42614.3,42524.8,42567.8,13661
2024-10-24 19:00:00+00:00,42567.3,42642.3,42538.3,42608.8,15523
2024-10-24 20:00:00+00:00,42610.6,42642.5,42596.6,42612.5,2304
2024-10-24 22:00:00+00:00,42619.0,42633.5,42598.0,42605.0,990
2024-10-24 23:00:00+00:00,42603.5,42620.5,42591.5,42617.5,886
2024-10-25 00:00:00+00:00,42618.0,42626.5,42602.0,42620.0,1772
2024-10-25 01:00:00+00:00,42619.5,42632.0,42604.5,42605.5,1665
2024-10-25 02:00:00+00:00,42606.0,42629.5,42602.5,42619.0,899
2024-10-25 03:00:00+00:00,42619.5,42621.5,42583.5,42587.0,966
2024-10-25 04:00:00+00:00,42587.5,42592.0,42576.0,42580.5,889
2024-10-25 05:00:00+00:00,42581.0,42600.5,42563.5,42595.0,1284
2024-10-25 06:00:00+00:00,42594.8,42617.8,42584.3,42585.3,1423
2024-10-25 07:00:00+00:00,42585.8,42647.3,42582.8,42647.3,3903
2024-10-25 08:00:00+00:00,42646.8,42660.3,42613.3,42652.3,3303
2024-10-25 09:00:00+00:00,42651.8,42700.8,42650.3,42687.3,2252
2024-10-25 10:00:00+00:00,42687.8,42714.8,42674.3,42678.3,1793
2024-10-25 11:00:00+00:00,42677.8,42713.8,42659.8,42692.3,2519
2024-10-25 12:00:00+00:00,42691.3,42734.8,42683.8,42726.3,3062
2024-10-25 13:00:00+00:00,42726.8,42804.8,42691.8,42732.3,24441
2024-10-25 14:00:00+00:00,42731.8,42812.3,42684.8,42692.8,27589
2024-10-25 15:00:00+00:00,42693.3,42715.3,42476.8,42514.8,20960
2024-10-25 16:00:00+00:00,42515.3,42567.3,42467.8,42509.8,13414
2024-10-25 17:00:00+00:00,42510.3,42511.8,42252.3,42306.3,29514
2024-10-25 18:00:00+00:00,42306.8,42416.3,42245.8,42398.8,27678
2024-10-25 19:00:00+00:00,42399.3,42410.8,42286.8,42319.3,22472
2024-10-25 20:00:00+00:00,42321.1,42329.5,42287.0,42296.0,2659
2024-10-27 22:00:00+00:00,42440.0,42491.0,42398.5,42470.0,2982
2024-10-27 23:00:00+00:00,42469.5,42486.0,42437.5,42450.0,1628
2024-10-28 00:00:00+00:00,42450.5,42539.0,42444.0,42501.0,3385
2024-10-28 01:00:00+00:00,42500.5,42526.5,42491.0,42497.5,2447
2024-10-28 02:00:00+00:00,42498.0,42512.0,42488.0,42509.0,1712
2024-10-28 03:00:00+00:00,42510.0,42519.5,42467.5,42482.0,1471
2024-10-28 04:00:00+00:00,42481.5,42514.5,42477.5,42512.0,1707
2024-10-28 05:00:00+00:00,42512.5,42515.0,42465.0,42467.5,1671
2024-10-28 06:00:00+00:00,42467.0,42496.5,42458.0,42483.0,1619
2024-10-28 07:00:00+00:00,42482.8,42544.8,42477.8,42503.3,2955
2024-10-28 08:00:00+00:00,42505.8,42543.3,42462.3,42520.3,6462
2024-10-28 09:00:00+00:00,42521.3,42536.8,42496.8,42535.8,4142
2024-10-28 10:00:00+00:00,42535.3,42554.3,42515.3,42525.3,3882
2024-10-28 11:00:00+00:00,42523.8,42525.3,42438.8,42439.3,4529
2024-10-28 12:00:00+00:00,42439.8,42507.3,42403.8,42499.3,5798
2024-10-28 13:00:00+00:00,42498.8,42674.3,42497.3,42600.8,28652
2024-10-28 14:00:00+00:00,42601.3,42684.3,42533.3,42641.8,26537
2024-10-28 15:00:00+00:00,42641.3,42690.8,42558.3,42558.8,22413
2024-10-28 16:00:00+00:00,42558.3,42640.8,42536.8,42586.8,17297
2024-10-28 17:00:00+00:00,42586.3,42658.3,42567.3,42651.8,12770
2024-10-28 18:00:00+00:00,42652.3,42673.3,42609.3,42619.8,13982
2024-10-28 19:00:00+00:00,42620.3,42671.8,42587.3,42607.3,15745
2024-10-28 20:00:00+00:00,42611.6,42635.5,42598.0,42628.5,2257
2024-10-28 22:00:00+00:00,42640.0,42641.0,42582.5,42590.0,1283
2024-10-28 23:00:00+00:00,42590.5,42602.5,42580.0,42589.0,995
2024-10-29 00:00:00+00:00,42589.5,42596.0,42565.0,42581.0,2085
2024-10-29 01:00:00+00:00,42582.0,42590.5,42561.0,42573.0,2995
2024-10-29 02:00:00+00:00,42574.0,42582.5,42557.5,42561.5,1821
2024-10-29 03:00:00+00:00,42562.0,42585.5,42516.5,42523.0,2183
2024-10-29 04:00:00+00:00,42523.5,42562.5,42519.0,42561.0,1535
2024-10-29 05:00:00+00:00,42560.5,42574.5,42547.5,42569.0,1771
2024-10-29 06:00:00+00:00,42568.5,42604.5,42568.5,42599.0,1445
2024-10-29 07:00:00+00:00,42597.8,42624.8,42580.8,42582.3,2579
2024-10-29 08:00:00+00:00,42581.8,42632.3,42527.8,42596.3,7481
2024-10-29 09:00:00+00:00,42596.8,42625.3,42572.8,42607.3,5561
2024-10-29 10:00:00+00:00,42606.8,42609.3,42542.3,42553.3,3979
2024-10-29 11:00:00+00:00,42553.8,42567.3,42450.8,42469.8,6170
2024-10-29 12:00:00+00:00,42469.3,42485.3,42410.3,42419.3,5410
2024-10-29 13:00:00+00:00,42418.8,42535.8,42365.3,42512.3,32570
2024-10-29 14:00:00+00:00,42512.8,42697.8,42473.3,42596.3,37226
2024-10-29 15:00:00+00:00,42595.8,42605.8,42486.3,42508.8,17038
2024-10-29 16:00:00+00:00,42509.3,42561.8,42456.3,42544.8,13824
2024-10-29 17:00:00+00:00,42545.3,42590.8,42464.3,42509.3,12647
2024-10-29 18:00:00+00:00,42509.8,42554.8,42482.3,42519.8,9058
2024-10-29 19:00:00+00:00,42518.8,42526.8,42430.3,42451.8,11947
2024-10-29 20:00:00+00:00,42452.6,42523.0,42426.0,42507.0,7034
2024-10-29 22:00:00+00:00,42518.0,42518.0,42485.5,42508.0,1401
2024-10-29 23:00:00+00:00,42507.5,42510.0,42476.5,42486.0,1267
2024-10-30 00:00:00+00:00,42485.5,42527.5,42482.5,42519.0,2191
2024-10-30 01:00:00+00:00,42518.5,42542.0,42509.5,42537.0,2250
2024-10-30 02:00:00+00:00,42536.5,42537.0,42485.5,42489.0,1662
2024-10-30 03:00:00+00:00,42488.5,42491.5,42454.0,42463.0,2083
2024-10-30 04:00:00+00:00,42462.5,42463.0,42433.0,42436.0,1345
2024-10-30 05:00:00+00:00,42435.5,42457.5,42428.0,42443.0,1806
2024-10-30 06:00:00+00:00,42444.0,42499.5,42435.0,42493.0,1767
2024-10-30 07:00:00+00:00,42491.8,42499.8,42467.3,42468.3,2190
2024-10-30 08:00:00+00:00,42467.8,42515.8,42446.8,42476.8,5015
2024-10-30 09:00:00+00:00,42475.3,42478.8,42444.8,42457.3,4464
2024-10-30 10:00:00+00:00,42457.8,42496.3,42308.8,42355.3,6344
2024-10-30 11:00:00+00:00,42356.3,42396.3,42344.8,42364.8,4082
2024-10-30 12:00:00+00:00,42364.3,42396.8,42351.3,42371.3,7254
2024-10-30 13:00:00+00:00,42371.8,42559.3,42331.8,42552.8,31741
2024-10-30 14:00:00+00:00,42553.3,42632.8,42538.3,42560.8,31036
2024-10-30 15:00:00+00:00,42561.3,42660.8,42529.8,42632.8,22406
2024-10-30 16:00:00+00:00,42633.3,42646.3,42498.3,42500.3,13602
2024-10-30 17:00:00+00:00,42499.8,42550.3,42422.8,42441.8,18868
2024-10-30 18:00:00+00:00,42441.3,42524.3,42441.3,42468.8,14308
2024-10-30 19:00:00+00:00,42469.3,42469.3,42332.8,42370.3,22526
2024-10-30 20:00:00+00:00,42372.1,42433.5,42295.0,42350.0,11075
2024-10-30 22:00:00+00:00,42321.5,42359.5,42283.5,42341.5,4045
2024-10-30 23:00:00+00:00,42342.0,42349.5,42322.5,42327.0,1864
2024-10-31 00:00:00+00:00,42326.5,42340.0,42310.0,42319.0,2491
2024-10-31 01:00:00+00:00,42318.5,42358.5,42317.5,42326.0,2103
2024-10-31 02:00:00+00:00,42325.5,42331.0,42297.5,42312.0,2122
2024-10-31 03:00:00+00:00,42312.5,42322.0,42294.0,42303.0,1776
2024-10-31 04:00:00+00:00,42303.5,42305.5,42289.0,42296.0,1466
2024-10-31 05:00:00+00:00,42295.5,42299.5,42277.5,42278.0,1836
2024-10-31 06:00:00+00:00,42278.5,42287.5,42203.0,42207.0,1717
2024-10-31 07:00:00+00:00,42206.8,42222.3,42165.3,42181.8,3930
2024-10-31 08:00:00+00:00,42182.3,42189.3,42133.3,42144.3,7449
2024-10-31 09:00:00+00:00,42143.3,42156.3,42102.3,42155.3,4345
2024-10-31 10:00:00+00:00,42155.8,42180.3,42139.3,42170.3,3820
2024-10-31 11:00:00+00:00,42170.8,42175.8,42137.8,42167.8,3878
2024-10-31 12:00:00+00:00,42167.3,42195.3,42122.3,42132.3,8131
2024-10-31 13:00:00+00:00,42131.8,42169.8,42026.3,42153.8,42357
2024-10-31 14:00:00+00:00,42153.3,42166.8,41928.8,41933.3,45476
2024-10-31 15:00:00+00:00,41933.8,41998.3,41873.3,41996.8,31549
2024-10-31 16:00:00+00:00,41995.8,42088.3,41973.8,42086.8,20492
2024-10-31 17:00:00+00:00,42086.3,42158.3,42035.3,42050.8,18080
2024-10-31 18:00:00+00:00,42051.3,42125.3,42016.8,42110.8,21362
2024-10-31 19:00:00+00:00,42111.3,42141.3,41927.8,41942.8,31566
2024-10-31 20:00:00+00:00,41944.6,42046.0,41929.5,41950.0,12182
2024-10-31 22:00:00+00:00,41965.0,42006.0,41930.0,41973.0,2457
2024-10-31 23:00:00+00:00,41972.5,41979.5,41932.0,41945.0,2462
2024-11-01 00:00:00+00:00,41945.5,41978.5,41911.5,41964.0,3158
2024-11-01 01:00:00+00:00,41964.5,41976.0,41935.0,41946.5,2938
2024-11-01 02:00:00+00:00,41947.0,41961.5,41894.5,41961.5,2932
2024-11-01 03:00:00+00:00,41962.0,41990.5,41957.0,41988.5,1741
2024-11-01 04:00:00+00:00,41989.0,41999.0,41980.0,41991.0,1240
2024-11-01 05:00:00+00:00,41991.5,42016.5,41987.0,42008.5,2209
2024-11-01 06:00:00+00:00,42009.0,42010.5,41966.5,41977.0,1884
2024-11-01 07:00:00+00:00,41975.8,41998.8,41939.3,41985.8,3366
2024-11-01 08:00:00+00:00,41985.3,42037.3,41968.3,42014.3,6426
2024-11-01 09:00:00+00:00,42015.3,42052.3,42014.8,42047.3,3653
2024-11-01 10:00:00+00:00,42047.8,42096.3,42045.8,42091.3,2868
2024-11-01 11:00:00+00:00,42091.8,42134.3,42083.3,42126.3,3155
2024-11-01 12:00:00+00:00,42127.3,42180.8,42054.8,42166.3,11592
2024-11-01 13:00:00+00:00,42166.8,42277.3,42090.8,42231.3,31542
2024-11-01 14:00:00+00:00,42231.8,42454.3,42194.3,42391.3,43137
2024-11-01 15:00:00+00:00,42392.3,42495.8,42354.8,42364.3,22582
2024-11-01 16:00:00+00:00,42363.8,42429.8,42281.8,42302.8,18725
2024-11-01 17:00:00+00:00,42303.3,42377.8,42196.8,42205.8,23108
2024-11-01 18:00:00+00:00,42205.3,42307.8,42171.8,42281.8,19092
2024-11-01 19:00:00+00:00,42281.3,42323.3,42155.8,42198.3,24435
2024-11-01 20:00:00+00:00,42199.1,42247.0,42190.6,42223.0,2423
2024-11-03 23:00:00+00:00,42092.5,42130.5,42067.5,42086.0,3783
2024-11-04 00:00:00+00:00,42087.0,42089.5,42044.5,42065.0,2435
2024-11-04 01:00:00+00:00,42065.5,42120.0,42057.0,42110.0,2502
2024-11-04 02:00:00+00:00,42111.0,42170.5,42100.0,42143.0,2592
2024-11-04 03:00:00+00:00,42144.0,42169.0,42138.5,42163.0,1547
2024-11-04 04:00:00+00:00,42162.5,42209.5,42159.0,42191.0,1355
2024-11-04 05:00:00+00:00,42190.5,42191.0,42164.5,42176.5,1325
2024-11-04 06:00:00+00:00,42176.0,42209.5,42174.0,42188.0,1430
2024-11-04 07:00:00+00:00,42186.8,42202.3,42111.3,42115.3,3012
2024-11-04 08:00:00+00:00,42115.8,42195.8,42110.3,42160.3,6990
2024-11-04 09:00:00+00:00,42159.3,42222.8,42152.3,42220.3,6069
2024-11-04 10:00:00+00:00,42219.3,42276.3,42213.8,42272.3,3640
2024-11-04 11:00:00+00:00,42272.8,42278.8,42233.3,42248.3,3213
2024-11-04 12:00:00+00:00,42247.8,42260.8,42169.8,42212.3,5131
2024-11-04 13:00:00+00:00,42212.8,42223.3,42165.3,42173.3,5008
2024-11-04 14:00:00+00:00,42174.3,42184.3,42008.3,42115.3,31878
2024-11-04 15:00:00+00:00,42115.8,42151.8,42048.8,42067.8,38442
2024-11-04 16:00:00+00:00,42068.3,42088.8,41792.3,41830.8,30942
2024-11-04 17:00:00+00:00,41831.3,42037.3,41803.3,42028.8,25472
2024-11-04 18:00:00+00:00,42029.3,42047.3,41919.8,41980.8,23523
2024-11-04 19:00:00+00:00,41981.3,42020.3,41940.8,41986.8,15336
2024-11-04 20:00:00+00:00,41987.3,41995.8,41915.3,41963.3,21157
2024-11-04 21:00:00+00:00,41965.1,41988.0,41942.0,41987.0,2794
2024-11-04 23:00:00+00:00,42012.0,42013.0,41955.5,41957.0,2163
2024-11-05 00:00:00+00:00,41956.5,41959.0,41937.0,41951.0,2165
2024-11-05 01:00:00+00:00,41950.0,41997.0,41919.5,41985.0,3864
2024-11-05 02:00:00+00:00,41984.5,42000.5,41951.5,41984.0,2244
2024-11-05 03:00:00+00:00,41983.0,41991.0,41966.0,41967.0,1476
2024-11-05 04:00:00+00:00,41966.5,41989.0,41959.0,41965.0,1017
2024-11-05 05:00:00+00:00,41966.0,42009.0,41966.0,42002.0,1485
2024-11-05 06:00:00+00:00,42002.5,42019.0,41992.0,42011.0,1183
2024-11-05 07:00:00+00:00,42010.8,42035.8,41977.3,42010.8,2139
2024-11-05 08:00:00+00:00,42010.3,42024.3,41948.3,42023.3,5719
2024-11-05 09:00:00+00:00,42024.3,42027.3,41991.8,41997.3,3903
2024-11-05 10:00:00+00:00,41996.8,42017.8,41961.3,42008.3,2783
2024-11-05 11:00:00+00:00,42007.8,42037.3,41999.8,42000.3,2263
2024-11-05 12:00:00+00:00,41999.8,42018.8,41958.8,41982.8,3111
2024-11-05 13:00:00+00:00,41983.3,42017.8,41968.8,41986.3,3984
2024-11-05 14:00:00+00:00,41985.8,42165.8,41917.8,42160.8,30134
2024-11-05 15:00:00+00:00,42161.8,42334.3,42136.8,42241.8,35672
2024-11-05 16:00:00+00:00,42240.8,42299.8,42210.8,42272.8,24790
2024-11-05 17:00:00+00:00,42273.3,42418.3,42251.3,42404.8,15764
2024-11-05 18:00:00+00:00,42405.3,42407.3,42250.3,42310.8,19366
2024-11-05 19:00:00+00:00,42310.3,42362.8,42264.3,42280.8,18235
2024-11-05 20:00:00+00:00,42281.3,42391.3,42261.8,42382.3,21611
2024-11-05 21:00:00+00:00,42384.1,42461.5,42377.5,42460.5,4077
2024-11-05 23:00:00+00:00,42442.0,42466.0,42418.0,42430.5,2548
2024-11-06 00:00:00+00:00,42430.0,42699.0,42426.0,42602.0,7344
2024-11-06 01:00:00+00:00,42601.5,42736.0,42597.5,42668.5,4532
2024-11-06 02:00:00+00:00,42668.0,42959.5,42648.5,42954.0,7286
2024-11-06 03:00:00+00:00,42954.5,43021.5,42862.0,42914.0,9330
2024-11-06 04:00:00+00:00,42911.5,42959.5,42849.0,42940.5,5524
2024-11-06 05:00:00+00:00,42939.5,42965.5,42847.5,42958.5,6244
2024-11-06 06:00:00+00:00,42958.0,43134.0,42912.0,43080.5,5519
2024-11-06 07:00:00+00:00,43080.3,43353.8,43078.8,43235.8,10540
2024-11-06 08:00:00+00:00,43235.3,43550.3,43215.3,43507.8,13090
2024-11-06 09:00:00+00:00,43509.8,43566.3,43462.8,43566.3,9584
2024-11-06 10:00:00+00:00,43566.8,43645.3,43538.8,43613.8,6544
2024-11-06 11:00:00+00:00,43613.3,43658.3,43534.3,43577.3,8621
2024-11-06 12:00:00+00:00,43577.8,43781.8,43537.8,43733.8,9393
2024-11-06 13:00:00+00:00,43733.3,43741.3,43586.3,43621.3,9390
2024-11-06 14:00:00+00:00,43620.8,43736.8,43525.3,43574.3,55161
2024-11-06 15:00:00+00:00,43575.3,43792.8,43555.8,43674.8,49730
2024-11-06 16:00:00+00:00,43675.3,43786.8,43629.8,43750.3,26082
2024-11-06 17:00:00+00:00,43749.8,43796.8,43706.3,43778.3,14653
2024-11-06 18:00:00+00:00,43779.3,43888.8,43770.3,43840.3,12788
2024-11-06 19:00:00+00:00,43840.8,43866.8,43805.8,43836.3,11480
2024-11-06 20:00:00+00:00,43835.8,43953.3,43833.3,43896.3,18581
2024-11-06 21:00:00+00:00,43898.1,43966.5,43879.0,43964.0,3829
2024-11-06 23:00:00+00:00,43957.5,43957.5,43905.5,43908.0,2034
2024-11-07 00:00:00+00:00,43908.5,43940.0,43875.0,43889.0,3074
2024-11-07 01:00:00+00:00,43889.5,43965.0,43884.5,43947.0,4196
2024-11-07 02:00:00+00:00,43946.5,43968.0,43932.5,43941.0,2762
2024-11-07 03:00:00+00:00,43941.5,44006.5,43941.0,43991.0,2020
2024-11-07 04:00:00+00:00,43991.5,44018.5,43979.5,44003.0,1282
2024-11-07 05:00:00+00:00,44004.0,44019.0,43989.5,44003.0,1775
2024-11-07 06:00:00+00:00,44003.5,44008.0,43969.0,43969.0,1737
2024-11-07 07:00:00+00:00,43967.8,43988.3,43926.8,43946.3,3233
2024-11-07 08:00:00+00:00,43947.3,44011.8,43943.3,43986.3,5727
2024-11-07 09:00:00+00:00,43985.8,44020.3,43953.8,43958.3,3612
2024-11-07 10:00:00+00:00,43958.8,44000.3,43958.3,43996.3,2238
2024-11-07 11:00:00+00:00,43996.8,44014.3,43952.3,44010.8,2342
2024-11-07 12:00:00+00:00,44010.3,44016.3,43955.3,43980.3,3667
2024-11-07 13:00:00+00:00,43981.3,44004.8,43865.3,43923.3,6626
2024-11-07 14:00:00+00:00,43922.8,43967.8,43806.8,43924.8,29085
2024-11-07 15:00:00+00:00,43925.3,43948.8,43876.8,43919.8,24747
2024-11-07 16:00:00+00:00,43920.8,43935.3,43843.8,43886.8,16078
2024-11-07 17:00:00+00:00,43887.3,43963.8,43877.8,43941.8,8929
2024-11-07 18:00:00+00:00,43942.3,43948.8,43849.3,43899.8,9643
2024-11-07 19:00:00+00:00,43902.3,43949.3,43806.8,43947.8,32231
2024-11-07 20:00:00+00:00,43948.3,43989.8,43882.3,43906.3,25340
2024-11-07 21:00:00+00:00,43907.1,43957.0,43900.5,43934.0,3195
2024-11-07 23:00:00+00:00,43946.0,43954.0,43906.5,43947.0,1812
2024-11-08 00:00:00+00:00,43946.5,43951.5,43912.5,43917.0,1768
2024-11-08 01:00:00+00:00,43917.5,43930.0,43907.0,43924.0,2172
2024-11-08 02:00:00+00:00,43923.5,43928.5,43891.0,43897.0,1848
2024-11-08 03:00:00+00:00,43898.0,43909.5,43896.5,43904.0,1097
2024-11-08 04:00:00+00:00,43903.5,43918.0,43891.0,43893.0,937
2024-11-08 05:00:00+00:00,43893.5,43933.5,43889.5,43923.0,1246
2024-11-08 06:00:00+00:00,43924.0,43930.5,43892.0,43905.0,1227
2024-11-08 07:00:00+00:00,43903.8,43948.3,43897.3,43938.8,1702
2024-11-08 08:00:00+00:00,43938.3,43941.3,43886.8,43900.3,5754
2024-11-08 09:00:00+00:00,43899.8,43925.3,43885.3,43892.3,3271
2024-11-08 10:00:00+00:00,43892.8,43906.8,43855.3,43891.3,4805
2024-11-08 11:00:00+00:00,43890.8,43923.3,43879.3,43905.3,3604
2024-11-08 12:00:00+00:00,43906.3,43941.8,43891.8,43935.3,3230
2024-11-08 13:00:00+00:00,43934.8,43950.3,43910.3,43929.8,4061
2024-11-08 14:00:00+00:00,43930.3,44039.8,43878.3,44017.3,22881
2024-11-08 15:00:00+00:00,44016.8,44170.8,43984.8,44146.8,28935
2024-11-08 16:00:00+00:00,44147.3,44187.3,44096.8,44110.3,17002
2024-11-08 17:00:00+00:00,44110.8,44155.8,44080.3,44137.8,13473
2024-11-08 18:00:00+00:00,44138.3,44196.8,44098.3,44183.8,12140
2024-11-08 19:00:00+00:00,44183.3,44300.3,44178.3,44211.8,12918
2024-11-08 20:00:00+00:00,44211.3,44233.3,44110.8,44149.8,20035
2024-11-08 21:00:00+00:00,44149.6,44173.5,44128.5,44151.0,2389
2024-11-10 23:00:00+00:00,44173.0,44196.0,44144.0,44194.0,1993
2024-11-11 00:00:00+00:00,44193.5,44199.0,44164.5,44166.0,1395
2024-11-11 01:00:00+00:00,44165.0,44177.5,44152.5,44169.0,1700
2024-11-11 02:00:00+00:00,44169.5,44184.5,44159.5,44162.5,1289
2024-11-11 03:00:00+00:00,44162.0,44171.5,44156.0,44169.0,739
2024-11-11 04:00:00+00:00,44169.5,44177.0,44165.0,44172.0,746
2024-11-11 05:00:00+00:00,44172.5,44185.5,44169.5,44173.0,726
2024-11-11 06:00:00+00:00,44173.5,44203.0,44169.5,44199.0,836
2024-11-11 07:00:00+00:00,44197.8,44223.8,44190.8,44223.3,1190
2024-11-11 08:00:00+00:00,44222.3,44252.3,44212.3,44243.3,2841
2024-11-11 09:00:00+00:00,44241.3,44270.3,44220.8,44264.3,2551
2024-11-11 10:00:00+00:00,44264.8,44309.8,44257.3,44297.8,2179
2024-11-11 11:00:00+00:00,44298.3,44343.8,44288.8,44337.3,1840
2024-11-11 12:00:00+00:00,44337.8,44354.8,44311.3,44341.3,2359
2024-11-11 13:00:00+00:00,44342.3,44348.8,44303.3,44306.3,3576
2024-11-11 14:00:00+00:00,44307.3,44625.8,44287.3,44624.8,27976
2024-11-11 15:00:00+00:00,44624.3,44625.8,44469.8,44528.8,24044
2024-11-11 16:00:00+00:00,44529.3,44564.8,44445.7,44508.7,8913
2024-11-11 17:00:00+00:00,44508.9,44508.9,44446.7,44448.4,7739
2024-11-11 18:00:00+00:00,44447.7,44471.4,44377.9,44450.7,8862
2024-11-11 19:00:00+00:00,44451.7,44476.9,44429.9,44460.7,7341
2024-11-11 20:00:00+00:00,44459.9,44459.9,44390.2,44440.9,8316
2024-11-11 21:00:00+00:00,44441.4,44443.9,44420.9,44423.1,3021
2024-11-11 23:00:00+00:00,44417.0,44422.5,44385.9,44412.1,1871
2024-11-12 00:00:00+00:00,44411.9,44415.1,44370.1,44386.4,3106
2024-11-12 01:00:00+00:00,44387.1,44421.1,44381.9,44399.1,3582
2024-11-12 02:00:00+00:00,44398.9,44405.6,44360.9,44372.9,3123
2024-11-12 03:00:00+00:00,44373.1,44397.6,44368.9,44377.9,1938
2024-11-12 04:00:00+00:00,44378.1,44390.6,44367.9,44389.9,1598
2024-11-12 05:00:00+00:00,44389.6,44390.1,44371.6,44381.9,2045
2024-11-12 06:00:00+00:00,44382.6,44389.4,44373.1,44387.1,1853
2024-11-12 07:00:00+00:00,44386.2,44397.3,44356.8,44396.3,2388
2024-11-12 08:00:00+00:00,44395.8,44426.3,44361.3,44414.3,3111
2024-11-12 09:00:00+00:00,44413.3,44423.3,44382.3,44391.3,3321
2024-11-12 10:00:00+00:00,44390.8,44415.3,44345.8,44357.3,4228
2024-11-12 11:00:00+00:00,44357.8,44446.3,44357.8,44403.8,3733
2024-11-12 12:00:00+00:00,44404.3,44416.3,44360.3,44399.3,3678
2024-11-12 13:00:00+00:00,44400.3,44532.8,44369.3,44506.3,5898
2024-11-12 14:00:00+00:00,44507.3,44557.3,44427.8,44438.8,21574
2024-11-12 15:00:00+00:00,44440.3,44440.8,44283.8,44319.8,20996
2024-11-12 16:00:00+00:00,44319.3,44324.8,44184.8,44188.8,16080
2024-11-12 17:00:00+00:00,44188.3,44206.8,44058.8,44067.8,14222
2024-11-12 18:00:00+00:00,44068.3,44268.3,44049.8,44246.8,15525
2024-11-12 19:00:00+00:00,44245.8,44292.8,44176.8,44183.8,12848
2024-11-12 20:00:00+00:00,44184.8,44204.8,44041.3,44074.3,14401
2024-11-12 21:00:00+00:00,44076.1,44110.0,44060.0,44084.5,2379
2024-11-12 23:00:00+00:00,44082.5,44084.0,44016.0,44058.0,2214
2024-11-13 00:00:00+00:00,44058.5,44061.0,44027.5,44042.0,2100
2024-11-13 01:00:00+00:00,44042.5,44051.5,44018.5,44029.0,2570
2024-11-13 02:00:00+00:00,44030.0,44042.5,44015.0,44037.0,1796
2024-11-13 03:00:00+00:00,44036.5,44052.0,44019.5,44023.0,1454
2024-11-13 04:00:00+00:00,44023.5,44029.0,44005.5,44015.0,1276
2024-11-13 05:00:00+00:00,44014.5,44021.5,43976.5,43979.0,1590
2024-11-13 06:00:00+00:00,43978.5,43986.0,43920.0,43929.0,2449
2024-11-13 07:00:00+00:00,43929.3,43944.8,43907.8,43918.3,2891
2024-11-13 08:00:00+00:00,43919.3,43983.8,43897.3,43977.3,4844
2024-11-13 09:00:00+00:00,43976.3,44002.8,43951.8,43992.3,2898
2024-11-13 10:00:00+00:00,43993.3,44035.3,43984.3,43988.3,2793
2024-11-13 11:00:00+00:00,43989.3,44001.3,43924.8,43927.3,2599
2024-11-13 12:00:00+00:00,43928.8,43995.8,43928.3,43977.3,4460
2024-11-13 13:00:00+00:00,43978.3,44175.3,43967.8,44079.3,10744
2024-11-13 14:00:00+00:00,44078.8,44160.8,44058.8,44127.8,33276
2024-11-13 15:00:00+00:00,44127.3,44192.3,43966.8,44170.8,39762
2024-11-13 16:00:00+00:00,44171.3,44262.8,44139.3,44216.8,21227
2024-11-13 17:00:00+00:00,44217.3,44280.3,44198.3,44269.8,16492
2024-11-13 18:00:00+00:00,44270.8,44279.8,44173.3,44181.8,12580
2024-11-13 19:00:00+00:00,44182.8,44208.3,44069.3,44081.8,17365
2024-11-13 20:00:00+00:00,44081.3,44181.3,44062.3,44106.8,22663
2024-11-13 21:00:00+00:00,44107.1,44170.0,44091.5,44139.0,2824
2024-11-13 23:00:00+00:00,44129.5,44156.5,44118.0,44146.0,1549
2024-11-14 00:00:00+00:00,44147.0,44154.0,44104.0,44134.0,1734
2024-11-14 01:00:00+00:00,44134.5,44134.5,44099.0,44100.0,2047
2024-11-14 02:00:00+00:00,44099.0,44103.0,44069.5,44073.0,1748
2024-11-14 03:00:00+00:00,44072.0,44100.5,44068.0,44084.0,1467
2024-11-14 04:00:00+00:00,44083.0,44108.0,44079.0,44080.0,1270
2024-11-14 05:00:00+00:00,44081.0,44085.0,44047.0,44061.0,1756
2024-11-14 06:00:00+00:00,44060.5,44070.5,44032.5,44035.0,1676
2024-11-14 07:00:00+00:00,44033.8,44123.8,44030.8,44115.3,2629
2024-11-14 08:00:00+00:00,44114.8,44169.8,44107.3,44132.3,4718
2024-11-14 09:00:00+00:00,44132.8,44178.8,44132.3,44149.3,4035
2024-11-14 10:00:00+00:00,44149.8,44170.8,44136.3,44141.3,2822
2024-11-14 11:00:00+00:00,44141.8,44226.3,44112.3,44219.3,3838
2024-11-14 12:00:00+00:00,44218.3,44222.3,44185.3,44189.3,3291
2024-11-14 13:00:00+00:00,44188.3,44251.3,44154.8,44191.3,8375
2024-11-14 14:00:00+00:00,44191.3,44218.8,44034.8,44086.3,32714
2024-11-14 15:00:00+00:00,44086.8,44124.3,43997.3,44073.8,30897
2024-11-14 16:00:00+00:00,44073.3,44115.3,43991.3,44016.8,19107
2024-11-14 17:00:00+00:00,44017.8,44020.8,43891.8,43969.8,24152
2024-11-14 18:00:00+00:00,43969.3,43999.8,43872.8,43881.3,16907
2024-11-14 19:00:00+00:00,43880.3,44026.8,43878.8,43998.8,15765
2024-11-14 20:00:00+00:00,43999.8,43999.8,43832.8,43899.8,37748
2024-11-14 21:00:00+00:00,43901.6,43907.5,43818.5,43889.0,4367
2024-11-14 23:00:00+00:00,43909.0,43911.5,43843.0,43859.0,2103
2024-11-15 00:00:00+00:00,43858.0,43859.0,43795.5,43817.5,3118
2024-11-15 01:00:00+00:00,43817.0,43820.5,43780.0,43789.0,3383
2024-11-15 02:00:00+00:00,43788.0,43803.0,43764.0,43795.0,1953
2024-11-15 03:00:00+00:00,43796.0,43821.0,43783.0,43799.0,1690
2024-11-15 04:00:00+00:00,43798.0,43809.0,43776.0,43796.0,1588
2024-11-15 05:00:00+00:00,43795.0,43811.5,43767.0,43774.0,1509
2024-11-15 06:00:00+00:00,43773.5,43775.0,43698.0,43732.0,3462
2024-11-15 07:00:00+00:00,43729.8,43729.8,43659.3,43663.3,3490
2024-11-15 08:00:00+00:00,43662.8,43726.8,43620.3,43724.3,7636
2024-11-15 09:00:00+00:00,43722.8,43734.3,43690.3,43692.3,3904
2024-11-15 10:00:00+00:00,43691.8,43722.3,43679.3,43717.8,3117
2024-11-15 11:00:00+00:00,43717.3,43739.8,43712.3,43723.3,2369
2024-11-15 12:00:00+00:00,43724.3,43780.3,43724.3,43768.3,2848
2024-11-15 13:00:00+00:00,43767.8,43798.3,43717.3,43727.3,9099
2024-11-15 14:00:00+00:00,43726.3,43782.3,43647.8,43660.3,32922
2024-11-15 15:00:00+00:00,43659.8,43668.8,43550.8,43567.3,44773
2024-11-15 16:00:00+00:00,43566.8,43680.3,43525.3,43563.8,30604
2024-11-15 17:00:00+00:00,43563.3,43571.3,43478.3,43531.8,23922
2024-11-15 18:00:00+00:00,43531.3,43594.8,43484.3,43528.8,21415
2024-11-15 19:00:00+00:00,43529.3,43608.3,43505.3,43554.8,18675
2024-11-15 20:00:00+00:00,43554.3,43647.8,43514.8,43576.3,25553
2024-11-15 21:00:00+00:00,43576.6,43625.0,43576.6,43596.5,2740
2024-11-17 23:00:00+00:00,43540.5,43588.5,43517.5,43559.5,2505
2024-11-18 00:00:00+00:00,43559.0,43614.0,43552.5,43609.5,1925
2024-11-18 01:00:00+00:00,43609.0,43621.5,43599.0,43608.0,1758
2024-11-18 02:00:00+00:00,43607.5,43608.0,43574.5,43578.0,1506
2024-11-18 03:00:00+00:00,43578.5,43582.0,43547.0,43552.0,1188
2024-11-18 04:00:00+00:00,43552.5,43585.5,43551.0,43572.0,989
2024-11-18 05:00:00+00:00,43572.5,43595.0,43552.0,43578.0,1254
2024-11-18 06:00:00+00:00,43577.5,43610.0,43565.0,43602.0,994
2024-11-18 07:00:00+00:00,43601.8,43603.3,43495.3,43508.3,2727
2024-11-18 08:00:00+00:00,43508.8,43539.3,43454.3,43479.3,6249
2024-11-18 09:00:00+00:00,43479.8,43519.3,43442.3,43477.3,7701
2024-11-18 10:00:00+00:00,43476.8,43500.8,43447.8,43490.3,2763
2024-11-18 11:00:00+00:00,43490.8,43497.8,43399.3,43429.3,2482
2024-11-18 12:00:00+00:00,43429.8,43539.3,43428.3,43512.3,3499
2024-11-18 13:00:00+00:00,43511.8,43528.3,43447.3,43518.3,5386
2024-11-18 14:00:00+00:00,43517.3,43569.3,43467.3,43495.8,23061
2024-11-18 15:00:00+00:00,43496.8,43594.3,43435.3,43592.8,22889
2024-11-18 16:00:00+00:00,43591.8,43654.3,43555.8,43581.8,16048
2024-11-18 17:00:00+00:00,43581.3,43616.3,43544.3,43610.8,15937
2024-11-18 18:00:00+00:00,43609.8,43616.8,43460.8,43542.8,14604
2024-11-18 19:00:00+00:00,43542.3,43561.8,43455.3,43523.8,15501
2024-11-18 20:00:00+00:00,43523.3,43548.8,43495.8,43539.3,12668
2024-11-18 21:00:00+00:00,43541.1,43541.6,43507.0,43524.5,1707
2024-11-18 23:00:00+00:00,43523.5,43523.5,43478.5,43512.0,1649
2024-11-19 00:00:00+00:00,43512.5,43547.0,43495.0,43514.0,2320
2024-11-19 01:00:00+00:00,43513.0,43537.0,43492.0,43534.0,2501
2024-11-19 02:00:00+00:00,43535.0,43564.5,43520.5,43563.0,2040
2024-11-19 03:00:00+00:00,43563.5,43609.5,43562.5,43602.5,1967
2024-11-19 04:00:00+00:00,43603.0,43625.0,43597.5,43604.5,1591
2024-11-19 05:00:00+00:00,43605.0,43606.5,43580.0,43594.0,1640
2024-11-19 06:00:00+00:00,43594.5,43594.5,43571.0,43572.0,1327
2024-11-19 07:00:00+00:00,43571.8,43597.8,43544.8,43573.8,2328
2024-11-19 08:00:00+00:00,43573.3,43614.3,43436.3,43498.3,10617
2024-11-19 09:00:00+00:00,43498.3,43526.8,43243.3,43276.3,21581
2024-11-19 10:00:00+00:00,43275.3,43321.8,43246.3,43300.3,11074
2024-11-19 11:00:00+00:00,43299.3,43323.8,43260.3,43289.3,6982
2024-11-19 12:00:00+00:00,43289.8,43353.8,43269.8,43352.3,6858
2024-11-19 13:00:00+00:00,43352.8,43353.3,43030.3,43036.3,11468
2024-11-19 14:00:00+00:00,43035.8,43216.8,42994.8,43162.3,40094
2024-11-19 15:00:00+00:00,43161.8,43367.3,43092.3,43324.8,39290
2024-11-19 16:00:00+00:00,43325.3,43424.8,43296.3,43406.8,18433
2024-11-19 17:00:00+00:00,43406.3,43456.8,43338.3,43412.8,15198
2024-11-19 18:00:00+00:00,43411.8,43528.8,43383.3,43517.8,12821
2024-11-19 19:00:00+00:00,43516.8,43522.8,43341.8,43369.3,14796
2024-11-19 20:00:00+00:00,43368.8,43412.3,43347.3,43399.8,12551
2024-11-19 21:00:00+00:00,43401.6,43432.5,43396.0,43400.5,2687
2024-11-19 23:00:00+00:00,43404.0,43468.0,43402.5,43460.0,1687
2024-11-20 00:00:00+00:00,43461.0,43519.0,43457.0,43478.0,2472
2024-11-20 01:00:00+00:00,43477.5,43489.0,43448.0,43460.0,2852
2024-11-20 02:00:00+00:00,43460.5,43505.0,43458.0,43497.0,1798
2024-11-20 03:00:00+00:00,43498.0,43502.5,43440.5,43452.0,1587
2024-11-20 04:00:00+00:00,43453.0,43490.0,43451.5,43489.5,1227
2024-11-20 05:00:00+00:00,43489.0,43496.0,43467.5,43481.0,1244
2024-11-20 06:00:00+00:00,43481.5,43542.5,43478.0,43524.0,1820
2024-11-20 07:00:00+00:00,43522.8,43552.3,43480.8,43529.3,3184
2024-11-20 08:00:00+00:00,43530.3,43556.3,43505.3,43514.3,6736
2024-11-20 09:00:00+00:00,43512.3,43546.8,43497.3,43520.3,4901
2024-11-20 10:00:00+00:00,43519.3,43521.8,43443.8,43477.8,4999
2024-11-20 11:00:00+00:00,43477.3,43503.3,43456.3,43489.8,5186
2024-11-20 12:00:00+00:00,43490.3,43548.8,43469.3,43543.3,4091
2024-11-20 13:00:00+00:00,43542.3,43564.3,43479.8,43483.3,4613
2024-11-20 14:00:00+00:00,43482.8,43484.3,43298.8,43329.8,27486
2024-11-20 15:00:00+00:00,43329.3,43372.3,43181.8,43357.8,36245
2024-11-20 16:00:00+00:00,43357.3,43410.3,43218.3,43374.8,25961
2024-11-20 17:00:00+00:00,43373.8,43387.8,43207.8,43303.3,20649
2024-11-20 18:00:00+00:00,43304.3,43347.8,43235.8,43272.3,17352
2024-11-20 19:00:00+00:00,43271.8,43374.8,43248.8,43344.3,14274
2024-11-20 20:00:00+00:00,43344.8,43589.3,43321.8,43523.3,21351
2024-11-20 21:00:00+00:00,43524.6,43588.5,43457.0,43575.0,10812
2024-11-20 23:00:00+00:00,43573.0,43576.0,43492.5,43559.0,2652
2024-11-21 00:00:00+00:00,43559.5,43568.5,43460.5,43467.0,4185
2024-11-21 01:00:00+00:00,43468.0,43496.0,43437.0,43448.0,4124
2024-11-21 02:00:00+00:00,43448.5,43485.0,43447.0,43452.5,2549
2024-11-21 03:00:00+00:00,43452.0,43506.0,43450.5,43473.0,1811
2024-11-21 04:00:00+00:00,43472.5,43503.0,43455.0,43499.0,1499
2024-11-21 05:00:00+00:00,43498.5,43528.0,43494.0,43514.0,1464
2024-11-21 06:00:00+00:00,43514.5,43544.0,43505.5,43541.0,1577
2024-11-21 07:00:00+00:00,43541.3,43577.8,43422.3,43501.3,8980
2024-11-21 08:00:00+00:00,43500.8,43540.3,43414.3,43475.3,14619
2024-11-21 09:00:00+00:00,43473.8,43474.3,43383.3,43443.3,11765
2024-11-21 10:00:00+00:00,43442.8,43496.8,43425.3,43483.3,5311
2024-11-21 11:00:00+00:00,43482.3,43616.8,43480.3,43599.3,7506
2024-11-21 12:00:00+00:00,43599.8,43723.3,43591.8,43666.8,7753
2024-11-21 13:00:00+00:00,43667.8,43750.8,43649.8,43679.3,8062
2024-11-21 14:00:00+00:00,43680.3,43719.3,43445.8,43576.8,42715
2024-11-21 15:00:00+00:00,43576.3,43879.8,43526.3,43851.8,48672
2024-11-21 16:00:00+00:00,43852.3,43959.3,43822.8,43908.3,29060
2024-11-21 17:00:00+00:00,43908.8,44095.8,43848.8,44069.8,18008
2024-11-21 18:00:00+00:00,44070.3,44147.3,44023.8,44059.8,14067
2024-11-21 19:00:00+00:00,44058.3,44092.8,44031.8,44077.8,12620
2024-11-21 20:00:00+00:00,44077.3,44099.8,43984.3,43984.3,12518
2024-11-21 21:00:00+00:00,43985.1,44016.0,43972.0,43990.5,2242
2024-11-21 23:00:00+00:00,43972.4,43982.0,43950.0,43967.0,2056
2024-11-22 00:00:00+00:00,43966.5,44000.0,43957.0,43969.0,3127
2024-11-22 01:00:00+00:00,43969.5,44005.5,43969.0,43987.0,2770
2024-11-22 02:00:00+00:00,43986.5,44011.5,43975.0,44004.0,2115
2024-11-22 03:00:00+00:00,44003.5,44031.0,43939.0,43976.5,3456
2024-11-22 04:00:00+00:00,43976.0,44006.0,43971.0,43993.0,2181
2024-11-22 05:00:00+00:00,43994.0,43999.0,43954.5,43957.0,2539
2024-11-22 06:00:00+00:00,43956.5,44014.0,43954.0,43993.0,2320
2024-11-22 07:00:00+00:00,43991.8,44053.3,43986.8,44004.3,3025
2024-11-22 08:00:00+00:00,44003.8,44047.3,43990.3,44013.3,7997
2024-11-22 09:00:00+00:00,44012.8,44012.8,43818.3,43920.3,12438
2024-11-22 10:00:00+00:00,43920.8,43929.3,43828.3,43911.3,7894
2024-11-22 11:00:00+00:00,43910.8,43953.8,43858.3,43948.3,5761
2024-11-22 12:00:00+00:00,43948.8,44032.8,43943.8,44024.3,5464
2024-11-22 13:00:00+00:00,44024.8,44053.3,43986.8,44012.8,5857
2024-11-22 14:00:00+00:00,44013.3,44309.8,43998.8,44291.8,33601
2024-11-22 15:00:00+00:00,44292.3,44307.8,44097.8,44264.8,48191
2024-11-22 16:00:00+00:00,44265.3,44271.8,44144.8,44265.8,27650
2024-11-22 17:00:00+00:00,44266.3,44353.8,44240.3,44326.8,17258
2024-11-22 18:00:00+00:00,44326.3,44363.8,44292.3,44328.8,15748
2024-11-22 19:00:00+00:00,44329.3,44380.3,44256.3,44353.8,15161
2024-11-22 20:00:00+00:00,44353.3,44435.3,44263.3,44390.3,20324
2024-11-22 21:00:00+00:00,44392.1,44431.0,44380.5,44425.0,2528
2024-11-24 23:00:00+00:00,44595.0,44634.0,44586.0,44604.0,1978
2024-11-25 00:00:00+00:00,44603.0,44640.0,44601.5,44639.0,1425
2024-11-25 01:00:00+00:00,44638.5,44657.5,44627.0,44642.0,2208
2024-11-25 02:00:00+00:00,44642.5,44659.0,44640.0,44657.5,1604
2024-11-25 03:00:00+00:00,44657.0,44662.5,44641.0,44650.5,1392
2024-11-25 04:00:00+00:00,44651.5,44656.5,44644.5,44650.0,928
2024-11-25 05:00:00+00:00,44649.5,44658.5,44641.5,44655.5,1391
2024-11-25 06:00:00+00:00,44655.0,44658.0,44641.5,44654.0,1544
2024-11-25 07:00:00+00:00,44652.8,44660.8,44615.3,44645.3,2231
2024-11-25 08:00:00+00:00,44645.8,44674.3,44635.3,44636.8,5112
2024-11-25 09:00:00+00:00,44635.8,44704.8,44625.8,44691.3,4071
2024-11-25 10:00:00+00:00,44691.8,44702.8,44677.3,44696.3,2751
2024-11-25 11:00:00+00:00,44696.8,44715.8,44687.8,44701.3,2602
2024-11-25 12:00:00+00:00,44701.8,44712.8,44640.3,44710.3,4407
2024-11-25 13:00:00+00:00,44709.8,44796.3,44700.8,44779.3,6013
2024-11-25 14:00:00+00:00,44778.8,44916.8,44721.3,44869.8,39829
2024-11-25 15:00:00+00:00,44869.3,44906.3,44756.8,44797.8,43156
2024-11-25 16:00:00+00:00,44797.3,44812.8,44680.3,44701.3,22968
2024-11-25 17:00:00+00:00,44700.8,44761.3,44609.8,44699.8,22585
2024-11-25 18:00:00+00:00,44700.8,44822.8,44699.3,44816.8,14814
2024-11-25 19:00:00+00:00,44817.3,44834.3,44767.3,44807.8,13348
2024-11-25 20:00:00+00:00,44807.3,44842.3,44760.3,44824.8,15151
2024-11-25 21:00:00+00:00,44825.6,44893.5,44808.0,44866.0,3348
2024-11-25 23:00:00+00:00,44873.0,44888.0,44690.5,44735.5,7880
2024-11-26 00:00:00+00:00,44735.0,44740.0,44681.5,44696.0,7746
2024-11-26 01:00:00+00:00,44697.0,44776.5,44654.0,44763.0,6695
2024-11-26 02:00:00+00:00,44762.5,44813.0,44762.0,44797.5,3222
2024-11-26 03:00:00+00:00,44797.0,44836.5,44794.0,44831.5,2014
2024-11-26 04:00:00+00:00,44831.0,44857.5,44824.5,44836.0,1677
2024-11-26 05:00:00+00:00,44835.5,44846.0,44812.5,44821.5,2183
2024-11-26 06:00:00+00:00,44822.0,44862.5,44818.0,44840.0,2089
2024-11-26 07:00:00+00:00,44838.8,44861.3,44800.3,44803.3,4313
2024-11-26 08:00:00+00:00,44802.3,44822.8,44780.3,44803.3,8781
2024-11-26 09:00:00+00:00,44801.3,44838.3,44788.8,44833.3,5742
2024-11-26 10:00:00+00:00,44833.8,44855.3,44786.8,44844.3,4324
2024-11-26 11:00:00+00:00,44845.3,44922.3,44833.3,44912.3,4255
2024-11-26 12:00:00+00:00,44911.8,44914.3,44704.8,44789.8,7371
2024-11-26 13:00:00+00:00,44790.3,44809.3,44636.8,44678.3,6296
2024-11-26 14:00:00+00:00,44678.8,44760.3,44620.8,44663.3,31541
2024-11-26 15:00:00+00:00,44672.3,44680.8,44533.8,44609.8,33491
2024-11-26 16:00:00+00:00,44610.8,44740.3,44590.3,44716.8,16465
2024-11-26 17:00:00+00:00,44717.8,44802.8,44671.8,44791.8,10160
2024-11-26 18:00:00+00:00,44792.3,44865.3,44781.8,44850.3,7470
2024-11-26 19:00:00+00:00,44849.8,44908.8,44790.3,44893.8,12784
2024-11-26 20:00:00+00:00,44893.3,45000.3,44888.3,44950.3,13249
2024-11-26 21:00:00+00:00,44951.1,45004.0,44945.5,44980.5,1867
2024-11-26 23:00:00+00:00,44978.0,44996.5,44954.0,44985.0,1407
2024-11-27 00:00:00+00:00,44984.5,44993.0,44964.5,44989.0,1456
2024-11-27 01:00:00+00:00,44988.5,45004.5,44983.0,45000.5,1189
2024-11-27 02:00:00+00:00,45000.0,45031.0,45000.0,45015.0,1241
2024-11-27 03:00:00+00:00,45014.5,45015.0,44981.5,45000.0,1090
2024-11-27 04:00:00+00:00,44999.5,44999.5,44962.5,44978.5,1059
2024-11-27 05:00:00+00:00,44979.0,44986.0,44963.0,44965.0,1137
2024-11-27 06:00:00+00:00,44966.0,44990.0,44965.5,44975.0,1224
2024-11-27 07:00:00+00:00,44974.8,45003.8,44960.3,44961.3,2110
2024-11-27 08:00:00+00:00,44962.3,44969.8,44907.8,44932.3,8296
2024-11-27 09:00:00+00:00,44931.3,44945.8,44892.3,44922.3,5529
2024-11-27 10:00:00+00:00,44921.8,44960.8,44900.8,44946.3,3294
2024-11-27 11:00:00+00:00,44945.8,44956.8,44899.3,44952.3,2705
2024-11-27 12:00:00+00:00,44952.8,44983.3,44944.8,44962.3,2920
2024-11-27 13:00:00+00:00,44961.8,45042.3,44956.8,45016.3,5036
2024-11-27 14:00:00+00:00,45015.8,45121.8,44971.8,45034.3,21908
2024-11-27 15:00:00+00:00,45032.3,45103.3,44985.8,44989.8,25221
2024-11-27 16:00:00+00:00,44989.3,45019.8,44921.3,44930.3,17317
2024-11-27 17:00:00+00:00,44930.8,44941.8,44855.8,44869.8,13794
2024-11-27 18:00:00+00:00,44870.3,44878.3,44813.8,44863.8,9170
2024-11-27 19:00:00+00:00,44864.3,44884.3,44826.3,44844.8,7657
2024-11-27 20:00:00+00:00,44845.3,44866.3,44790.8,44827.8,12399
2024-11-27 21:00:00+00:00,44829.6,44852.5,44820.0,44846.0,1755
2024-11-27 23:00:00+00:00,44833.5,44885.0,44833.5,44877.0,719
2024-11-28 00:00:00+00:00,44877.5,44890.5,44873.5,44878.0,926
2024-11-28 01:00:00+00:00,44878.5,44899.5,44869.0,44891.0,1476
2024-11-28 02:00:00+00:00,44891.5,44913.5,44890.0,44908.0,1113
2024-11-28 03:00:00+00:00,44908.5,44909.0,44886.5,44892.5,616
2024-11-28 04:00:00+00:00,44893.0,44893.5,44882.0,44885.0,623
2024-11-28 05:00:00+00:00,44885.5,44895.5,44881.5,44891.5,476
2024-11-28 06:00:00+00:00,44892.5,44894.0,44875.0,44877.5,505
2024-11-28 07:00:00+00:00,44876.3,44877.3,44822.3,44832.3,1329
2024-11-28 08:00:00+00:00,44834.8,44881.3,44834.3,44868.3,2464
2024-11-28 09:00:00+00:00,44867.3,44898.3,44865.3,44868.3,1570
2024-11-28 10:00:00+00:00,44869.3,44871.3,44848.3,44869.3,1783
2024-11-28 11:00:00+00:00,44869.8,44910.8,44865.8,44885.3,1695
2024-11-28 12:00:00+00:00,44886.8,44890.3,44846.8,44882.3,1657
2024-11-28 13:00:00+00:00,44881.8,44907.8,44879.8,44891.3,1739
2024-11-28 14:00:00+00:00,44892.3,44919.8,44873.8,44903.8,2404
2024-11-28 15:00:00+00:00,44903.3,44943.8,44889.8,44927.8,4236
2024-11-28 16:00:00+00:00,44927.3,44945.8,44925.3,44941.8,1721
2024-11-28 17:00:00+00:00,44941.3,44971.8,44936.3,44949.8,1311
2024-11-28 23:00:00+00:00,44948.5,44956.0,44919.0,44951.0,1226
2024-11-29 00:00:00+00:00,44951.5,44954.5,44878.5,44891.0,2856
2024-11-29 01:00:00+00:00,44890.5,44938.0,44881.0,44935.0,3097
2024-11-29 02:00:00+00:00,44934.5,44960.0,44934.0,44957.0,1627
2024-11-29 03:00:00+00:00,44957.5,44968.5,44948.0,44959.0,1473
2024-11-29 04:00:00+00:00,44959.5,44968.5,44950.0,44967.5,1075
2024-11-29 05:00:00+00:00,44967.0,44971.0,44947.0,44949.0,1619
2024-11-29 06:00:00+00:00,44948.5,44963.0,44934.5,44950.0,1621
2024-11-29 07:00:00+00:00,44949.8,44955.8,44917.3,44944.3,3406
2024-11-29 08:00:00+00:00,44944.8,44989.3,44928.8,44949.3,5200
2024-11-29 09:00:00+00:00,44948.8,44991.8,44931.8,44978.3,3558
2024-11-29 10:00:00+00:00,44977.8,44998.8,44953.3,44964.8,3103
2024-11-29 11:00:00+00:00,44964.3,45006.3,44944.8,45003.3,2737
2024-11-29 12:00:00+00:00,45002.8,45006.8,44944.8,44963.3,3821
2024-11-29 13:00:00+00:00,44962.3,44971.3,44878.8,44906.3,4697
2024-11-29 14:00:00+00:00,44906.8,44995.8,44854.8,44916.3,20175
2024-11-29 15:00:00+00:00,44915.3,45025.3,44910.8,45016.8,18978
2024-11-29 16:00:00+00:00,45017.3,45131.3,45005.8,45109.3,12474
2024-11-29 17:00:00+00:00,45108.8,45171.8,45036.3,45054.8,13814
2024-11-29 18:00:00+00:00,45054.3,45078.3,45036.8,45052.3,2066
2024-12-01 23:00:00+00:00,45058.5,45066.5,45002.0,45014.0,2296
2024-12-02 00:00:00+00:00,45014.5,45038.0,44997.0,45020.0,2477
2024-12-02 01:00:00+00:00,45020.5,45024.0,44987.0,44988.0,2028
2024-12-02 02:00:00+00:00,44987.0,44992.0,44972.0,44988.0,1226
2024-12-02 03:00:00+00:00,44987.5,44994.0,44966.0,44970.0,1042
2024-12-02 04:00:00+00:00,44970.5,44994.0,44966.0,44975.0,1096
2024-12-02 05:00:00+00:00,44975.5,44992.0,44969.0,44970.0,883
2024-12-02 06:00:00+00:00,44969.5,44977.0,44946.0,44976.0,1059
2024-12-02 07:00:00+00:00,44976.3,44980.3,44941.8,44954.8,1784
2024-12-02 08:00:00+00:00,44955.3,44988.8,44944.3,44984.3,2324
2024-12-02 09:00:00+00:00,44983.3,45010.8,44971.3,44998.3,2260
2024-12-02 10:00:00+00:00,44999.3,45031.3,44987.3,45003.3,2579
2024-12-02 11:00:00+00:00,45004.3,45047.3,45003.3,45019.3,2227
2024-12-02 12:00:00+00:00,45020.3,45057.8,45015.3,45028.3,3052
2024-12-02 13:00:00+00:00,45028.8,45056.8,45012.3,45033.3,3271
2024-12-02 14:00:00+00:00,45033.8,45137.8,44855.3,44887.3,24955
2024-12-02 15:00:00+00:00,44888.3,44942.8,44820.8,44875.8,24337
2024-12-02 16:00:00+00:00,44877.3,44947.3,44834.3,44909.8,13803
2024-12-02 17:00:00+00:00,44910.8,44929.8,44860.3,44874.8,8153
2024-12-02 18:00:00+00:00,44875.3,44949.8,44866.3,44941.8,7131
2024-12-02 19:00:00+00:00,44941.3,44965.8,44903.8,44953.8,7819
2024-12-02 20:00:00+00:00,44953.3,44971.8,44883.3,44906.3,11683
2024-12-02 21:00:00+00:00,44908.1,44935.0,44868.0,44881.5,2445
2024-12-02 23:00:00+00:00,44887.5,44909.5,44868.5,44887.0,1081
2024-12-03 00:00:00+00:00,44886.5,44897.0,44870.5,44881.0,1126
2024-12-03 01:00:00+00:00,44880.5,44880.5,44857.0,44859.0,1346
2024-12-03 02:00:00+00:00,44858.5,44867.0,44851.5,44864.5,758
2024-12-03 03:00:00+00:00,44865.5,44911.0,44864.0,44901.0,971
2024-12-03 04:00:00+00:00,44900.0,44911.0,44897.0,44897.0,600
2024-12-03 05:00:00+00:00,44896.5,44914.0,44887.5,44910.0,799
2024-12-03 06:00:00+00:00,44909.5,44916.0,44870.5,44873.5,745
2024-12-03 07:00:00+00:00,44872.3,44886.8,44857.8,44870.8,1106
2024-12-03 08:00:00+00:00,44870.3,44928.8,44863.3,44923.3,3942
2024-12-03 09:00:00+00:00,44922.8,44922.8,44876.3,44904.3,2563
2024-12-03 10:00:00+00:00,44903.8,44909.8,44873.3,44875.3,1580
2024-12-03 11:00:00+00:00,44876.3,44894.8,44846.3,44888.3,1985
2024-12-03 12:00:00+00:00,44889.3,44913.3,44880.3,44883.3,2312
2024-12-03 13:00:00+00:00,44884.3,44911.8,44871.8,44879.3,2757
2024-12-03 14:00:00+00:00,44880.3,44987.8,44760.3,44825.3,19329
2024-12-03 15:00:00+00:00,44823.8,44835.3,44726.8,44778.8,18824
2024-12-03 16:00:00+00:00,44779.3,44790.8,44681.8,44705.8,12557
2024-12-03 17:00:00+00:00,44706.8,44888.3,44703.8,44864.8,8466
2024-12-03 18:00:00+00:00,44865.3,44872.3,44790.3,44807.8,6909
2024-12-03 19:00:00+00:00,44808.3,44873.8,44771.3,44854.8,6753
2024-12-03 20:00:00+00:00,44853.8,44855.3,44796.8,44807.8,8590
2024-12-03 21:00:00+00:00,44809.6,44987.5,44730.0,44879.0,5324
2024-12-03 23:00:00+00:00,44917.5,44925.0,44873.5,44923.0,2041
2024-12-04 00:00:00+00:00,44922.0,44924.0,44889.5,44901.5,1857
2024-12-04 01:00:00+00:00,44902.0,44908.5,44887.0,44900.0,1954
2024-12-04 02:00:00+00:00,44901.0,44926.0,44900.0,44923.0,1501
2024-12-04 03:00:00+00:00,44923.5,44926.5,44907.0,44926.0,1329
2024-12-04 04:00:00+00:00,44926.5,44949.0,44924.5,44944.0,1064
2024-12-04 05:00:00+00:00,44944.5,44954.5,44934.5,44950.0,1103
2024-12-04 06:00:00+00:00,44949.5,44953.5,44924.0,44947.0,1121
2024-12-04 07:00:00+00:00,44945.8,44961.3,44916.3,44958.3,1781
2024-12-04 08:00:00+00:00,44958.8,44976.3,44935.3,44967.3,3994
2024-12-04 09:00:00+00:00,44965.8,45008.3,44950.3,45000.3,3620
2024-12-04 10:00:00+00:00,45001.3,45025.8,44994.3,45018.3,2620
2024-12-04 11:00:00+00:00,45017.8,45037.3,44983.8,45015.3,2909
2024-12-04 12:00:00+00:00,45014.8,45029.3,44971.3,44980.3,2904
2024-12-04 13:00:00+00:00,44979.8,45027.3,44874.8,44995.8,6548
2024-12-04 14:00:00+00:00,44995.3,45121.3,44977.3,45056.3,24298
2024-12-04 15:00:00+00:00,45045.8,45070.3,44913.8,44974.8,23460
2024-12-04 16:00:00+00:00,44975.3,45076.8,44958.8,45044.8,11933
2024-12-04 17:00:00+00:00,45044.3,45046.8,44961.3,45002.8,8679
2024-12-04 18:00:00+00:00,45003.8,45016.8,44887.8,44986.8,10171
2024-12-04 19:00:00+00:00,44985.3,45089.3,44957.8,45061.8,9633
2024-12-04 20:00:00+00:00,45061.3,45175.8,45052.8,45106.3,11058
2024-12-04 21:00:00+00:00,45108.1,45127.5,45091.0,45101.5,1939
2024-12-04 23:00:00+00:00,45101.0,45111.5,45084.0,45093.5,1223
2024-12-05 00:00:00+00:00,45093.0,45095.0,45079.5,45085.5,1403
2024-12-05 01:00:00+00:00,45086.0,45113.5,45082.0,45108.0,1576
2024-12-05 02:00:00+00:00,45107.5,45122.5,45096.0,45098.0,1208
2024-12-05 03:00:00+00:00,45097.5,45106.0,45091.0,45100.5,913
2024-12-05 04:00:00+00:00,45099.5,45100.5,45081.0,45089.5,886
2024-12-05 05:00:00+00:00,45090.0,45112.5,45088.0,45112.5,1063
2024-12-05 06:00:00+00:00,45113.0,45131.5,45111.0,45124.5,1065
2024-12-05 07:00:00+00:00,45122.8,45127.3,45109.8,45120.3,1724
2024-12-05 08:00:00+00:00,45121.8,45154.8,45114.3,45129.3,3778
2024-12-05 09:00:00+00:00,45128.3,45128.3,45092.8,45108.3,2604
2024-12-05 10:00:00+00:00,45107.3,45119.8,45061.3,45069.3,2078
2024-12-05 11:00:00+00:00,45069.8,45104.8,45064.3,45083.8,1965
2024-12-05 12:00:00+00:00,45083.3,45107.8,45080.8,45101.3,2363
2024-12-05 13:00:00+00:00,45101.8,45105.3,45027.3,45057.3,3646
2024-12-05 14:00:00+00:00,45057.8,45149.8,45007.8,45126.3,26537
2024-12-05 15:00:00+00:00,45125.8,45153.3,44948.8,45011.8,23859
2024-12-05 16:00:00+00:00,45011.3,45040.3,44968.3,44992.8,14181
2024-12-05 17:00:00+00:00,44993.3,45008.3,44931.3,45001.8,10481
2024-12-05 18:00:00+00:00,45001.3,45010.3,44895.8,44964.8,15109
2024-12-05 19:00:00+00:00,44965.3,44982.3,44912.3,44928.8,11631
2024-12-05 20:00:00+00:00,44927.8,44929.8,44841.8,44876.3,16337
2024-12-05 21:00:00+00:00,44878.1,44879.6,44814.0,44865.5,2631
2024-12-05 23:00:00+00:00,44861.5,44866.0,44831.5,44853.5,1190
2024-12-06 00:00:00+00:00,44854.0,44854.5,44828.0,44840.0,1113
2024-12-06 01:00:00+00:00,44839.5,44840.0,44815.5,44825.0,1250
2024-12-06 02:00:00+00:00,44825.5,44847.0,44820.0,44834.5,949
2024-12-06 03:00:00+00:00,44835.0,44836.0,44810.5,44812.0,904
2024-12-06 04:00:00+00:00,44811.5,44829.0,44797.5,44829.0,776
2024-12-06 05:00:00+00:00,44828.0,44829.0,44816.5,44827.0,614
2024-12-06 06:00:00+00:00,44826.5,44840.0,44825.5,44834.0,610
2024-12-06 07:00:00+00:00,44833.8,44847.8,44829.3,44846.3,935
2024-12-06 08:00:00+00:00,44847.3,44869.3,44837.3,44858.3,2181
2024-12-06 09:00:00+00:00,44857.3,44863.8,44824.3,44851.3,2278
2024-12-06 10:00:00+00:00,44851.8,44864.8,44825.3,44828.3,1528
2024-12-06 11:00:00+00:00,44827.8,44840.3,44806.3,44837.3,1880
2024-12-06 12:00:00+00:00,44836.8,44848.8,44821.8,44823.8,2040
2024-12-06 13:00:00+00:00,44824.3,44945.3,44783.3,44909.3,7631
2024-12-06 14:00:00+00:00,44908.3,44983.8,44885.3,44913.3,22033
2024-12-06 15:00:00+00:00,44912.3,44928.3,44845.8,44905.8,18909
2024-12-06 16:00:00+00:00,44904.3,44911.8,44746.8,44794.3,14107
2024-12-06 17:00:00+00:00,44794.8,44795.8,44694.8,44713.8,10757
2024-12-06 18:00:00+00:00,44714.3,44798.8,44709.3,44740.8,8726
2024-12-06 19:00:00+00:00,44739.8,44748.3,44661.3,44690.8,9078
2024-12-06 20:00:00+00:00,44690.3,44718.3,44675.8,44699.8,8956
2024-12-06 21:00:00+00:00,44701.6,44710.0,44683.5,44688.5,1148
2024-12-08 23:00:00+00:00,44698.0,44746.0,44686.0,44734.5,1687
2024-12-09 00:00:00+00:00,44734.0,44734.0,44693.0,44707.0,1874
2024-12-09 01:00:00+00:00,44707.5,44715.5,44685.5,44689.0,2031
2024-12-09 02:00:00+00:00,44689.5,44703.5,44673.0,44684.5,1405
2024-12-09 03:00:00+00:00,44685.0,44692.5,44663.5,44664.5,1026
2024-12-09 04:00:00+00:00,44665.0,44679.5,44653.5,44673.0,998
2024-12-09 05:00:00+00:00,44673.5,44682.5,44661.5,44670.0,977
2024-12-09 06:00:00+00:00,44669.5,44678.0,44663.5,44669.0,792
2024-12-09 07:00:00+00:00,44667.8,44710.8,44646.3,44704.3,2826
2024-12-09 08:00:00+00:00,44703.3,44722.3,44662.8,44669.3,4597
2024-12-09 09:00:00+00:00,44669.8,44725.8,44664.8,44701.3,4204
2024-12-09 10:00:00+00:00,44700.8,44710.8,44674.8,44708.3,2301
2024-12-09 11:00:00+00:00,44707.8,44740.3,44688.3,44734.8,3638
2024-12-09 12:00:00+00:00,44734.3,44735.3,44698.8,44723.3,2688
2024-12-09 13:00:00+00:00,44722.3,44759.3,44710.8,44752.3,2495
2024-12-09 14:00:00+00:00,44752.8,44809.3,44689.3,44714.8,22298
2024-12-09 15:00:00+00:00,44715.3,44765.3,44587.8,44618.8,26123
2024-12-09 16:00:00+00:00,44619.8,44729.3,44590.8,44720.3,19403
2024-12-09 17:00:00+00:00,44719.8,44721.8,44601.8,44604.8,11771
2024-12-09 18:00:00+00:00,44603.8,44672.3,44577.3,44619.8,11018
2024-12-09 19:00:00+00:00,44618.8,44635.8,44554.8,44585.8,12838
2024-12-09 20:00:00+00:00,44586.3,44589.8,44453.8,44480.8,14349
2024-12-09 21:00:00+00:00,44481.6,44485.1,44454.0,44466.0,2246
2024-12-09 23:00:00+00:00,44479.0,44482.5,44451.5,44468.0,1122
2024-12-10 00:00:00+00:00,44467.5,44468.0,44444.0,44464.0,1001
2024-12-10 01:00:00+00:00,44464.5,44467.0,44435.0,44451.0,1281
2024-12-10 02:00:00+00:00,44451.5,44458.0,44443.5,44448.0,511
2024-12-10 03:00:00+00:00,44448.5,44473.5,44447.5,44469.5,548
2024-12-10 04:00:00+00:00,44469.0,44472.5,44460.0,44464.0,404
2024-12-10 05:00:00+00:00,44463.5,44487.0,44462.5,44478.0,774
2024-12-10 06:00:00+00:00,44477.5,44490.0,44473.0,44475.5,604
2024-12-10 07:00:00+00:00,44475.3,44523.3,44474.8,44492.3,997
2024-12-10 08:00:00+00:00,44493.3,44510.3,44455.8,44456.8,2410
2024-12-10 09:00:00+00:00,44456.3,44473.8,44431.3,44447.3,2490
2024-12-10 10:00:00+00:00,44445.8,44479.3,44445.8,44471.3,1628
2024-12-10 11:00:00+00:00,44470.8,44489.8,44450.8,44472.3,1956
2024-12-10 12:00:00+00:00,44472.8,44483.3,44433.2,44435.2,1839
2024-12-10 13:00:00+00:00,44433.2,44433.9,44359.2,44394.7,2500
2024-12-10 14:00:00+00:00,44396.4,44431.4,44262.7,44400.9,5960
2024-12-10 15:00:00+00:00,44398.7,44519.9,44336.7,44499.9,6891
2024-12-10 16:00:00+00:00,44500.4,44553.2,44474.9,44502.7,5609
2024-12-10 17:00:00+00:00,44501.9,44526.9,44441.7,44443.7,4807
2024-12-10 18:00:00+00:00,44444.9,44501.7,44427.7,44458.9,3941
2024-12-10 19:00:00+00:00,44459.9,44508.9,44416.7,44491.7,4184
2024-12-10 20:00:00+00:00,44490.7,44496.4,44290.9,44340.4,5283
2024-12-10 21:00:00+00:00,44345.1,44390.4,44335.9,44364.6,1231
2024-12-10 23:00:00+00:00,44369.5,44384.6,44348.1,44354.9,596
2024-12-11 00:00:00+00:00,44353.9,44358.9,44335.4,44349.1,674
2024-12-11 01:00:00+00:00,44347.9,44353.9,44337.4,44340.1,661
2024-12-11 02:00:00+00:00,44340.6,44342.1,44325.9,44330.1,525
2024-12-11 03:00:00+00:00,44329.6,44332.4,44317.9,44329.4,485
2024-12-11 04:00:00+00:00,44329.1,44329.1,44300.6,44322.1,462
2024-12-11 05:00:00+00:00,44321.4,44338.4,44316.1,44333.9,504
2024-12-11 06:00:00+00:00,44334.9,44344.1,44332.4,44343.1,394
2024-12-11 07:00:00+00:00,44342.4,44344.9,44294.9,44302.4,1494
2024-12-11 08:00:00+00:00,44304.2,44331.2,44294.7,44322.7,1887
2024-12-11 09:00:00+00:00,44315.9,44320.2,44271.8,44274.8,1709
2024-12-11 10:00:00+00:00,44275.3,44284.8,44252.3,44261.3,1615
2024-12-11 11:00:00+00:00,44261.8,44307.3,44256.3,44301.3,1402
2024-12-11 12:00:00+00:00,44300.3,44342.3,44289.3,44335.8,1658
2024-12-11 13:00:00+00:00,44337.3,44443.8,44293.8,44435.3,5955
2024-12-11 14:00:00+00:00,44434.8,44443.3,44252.8,44252.8,26168
2024-12-11 15:00:00+00:00,44253.3,44341.8,44221.8,44291.8,25594
2024-12-11 16:00:00+00:00,44292.3,44395.8,44250.8,44361.3,13788
2024-12-11 17:00:00+00:00,44360.8,44383.8,44301.8,44372.8,10157
2024-12-11 18:00:00+00:00,44373.8,44407.8,44292.8,44296.8,8972
2024-12-11 19:00:00+00:00,44297.3,44344.3,44282.3,44301.8,9026
2024-12-11 20:00:00+00:00,44301.3,44314.3,44209.3,44221.3,9334
2024-12-11 21:00:00+00:00,44223.1,44226.0,44183.5,44184.0,1944
2024-12-11 23:00:00+00:00,44188.5,44191.0,44161.5,44168.0,1303
2024-12-12 00:00:00+00:00,44167.5,44172.5,44125.5,44146.0,1599
2024-12-12 01:00:00+00:00,44145.5,44163.5,44132.5,44138.0,1373
2024-12-12 02:00:00+00:00,44138.5,44146.0,44125.0,44131.0,1104
2024-12-12 03:00:00+00:00,44131.5,44135.5,44115.0,44123.5,975
2024-12-12 04:00:00+00:00,44123.0,44133.0,44121.0,44132.5,513
2024-12-12 05:00:00+00:00,44132.0,44150.5,44126.5,44150.0,779
2024-12-12 06:00:00+00:00,44150.5,44154.5,44107.5,44126.0,1003
2024-12-12 07:00:00+00:00,44126.3,44134.8,44099.8,44105.3,1447
2024-12-12 08:00:00+00:00,44104.8,44123.8,44096.8,44110.8,3531
2024-12-12 09:00:00+00:00,44111.3,44144.8,44107.8,44142.3,2437
2024-12-12 10:00:00+00:00,44141.3,44164.3,44130.3,44130.8,1840
2024-12-12 11:00:00+00:00,44130.3,44175.8,44120.8,44156.8,2671
2024-12-12 12:00:00+00:00,44157.3,44198.8,44143.8,44172.3,2563
2024-12-12 13:00:00+00:00,44171.8,44231.3,44152.3,44191.8,6798
2024-12-12 14:00:00+00:00,44191.3,44272.8,44148.8,44229.8,27019
2024-12-12 15:00:00+00:00,44229.3,44241.8,44100.8,44179.8,26122
2024-12-12 16:00:00+00:00,44179.3,44234.8,44095.8,44098.8,15466
2024-12-12 17:00:00+00:00,44099.3,44190.8,44059.3,44123.8,13741
2024-12-12 18:00:00+00:00,44123.3,44143.3,44032.3,44034.8,12496
2024-12-12 19:00:00+00:00,44034.3,44063.8,43960.8,43984.8,15485
2024-12-12 20:00:00+00:00,43983.3,44037.3,43958.3,43979.3,14329
2024-12-12 21:00:00+00:00,43980.1,43997.0,43944.0,43983.0,3646
2024-12-12 23:00:00+00:00,43979.5,43979.5,43922.0,43944.5,2108
2024-12-13 00:00:00+00:00,43945.0,43984.5,43932.5,43977.5,2016
2024-12-13 01:00:00+00:00,43976.5,43976.5,43947.0,43954.0,1804
2024-12-13 02:00:00+00:00,43953.5,43963.5,43920.0,43961.0,1978
2024-12-13 03:00:00+00:00,43960.5,43962.5,43939.0,43946.5,1196
2024-12-13 04:00:00+00:00,43947.0,43985.0,43942.5,43984.0,909
2024-12-13 05:00:00+00:00,43984.5,43988.5,43962.0,43965.0,951
2024-12-13 06:00:00+00:00,43965.5,43997.5,43963.5,43996.0,1132
2024-12-13 07:00:00+00:00,43994.8,44022.3,43978.8,44008.8,2321
2024-12-13 08:00:00+00:00,44007.8,44058.3,44004.3,44039.8,3466
2024-12-13 09:00:00+00:00,44039.3,44086.3,44022.3,44077.3,2707
2024-12-13 10:00:00+00:00,44077.8,44088.8,44068.3,44076.8,2100
2024-12-13 11:00:00+00:00,44077.8,44092.3,44052.8,44065.8,2237
2024-12-13 12:00:00+00:00,44065.3,44067.8,44019.8,44020.3,2241
2024-12-13 13:00:00+00:00,44019.8,44043.8,44003.3,44010.8,2856
2024-12-13 14:00:00+00:00,44011.3,44089.8,43903.8,43911.3,31837
2024-12-13 15:00:00+00:00,43912.3,43975.8,43864.8,43933.3,32223
2024-12-13 16:00:00+00:00,43933.8,44001.8,43908.3,43952.8,26399
2024-12-13 17:00:00+00:00,43952.3,43952.3,43824.8,43851.8,17865
2024-12-13 18:00:00+00:00,43851.3,43929.8,43823.3,43886.8,13379
2024-12-13 19:00:00+00:00,43886.3,43939.3,43866.3,43893.8,11343
2024-12-13 20:00:00+00:00,43894.3,43915.8,43849.3,43868.8,14097
2024-12-13 21:00:00+00:00,43869.6,43873.6,43813.0,43814.0,1960
2024-12-15 23:00:00+00:00,43860.5,43901.5,43859.5,43887.0,2139
2024-12-16 00:00:00+00:00,43887.5,43923.5,43887.5,43915.5,2274
2024-12-16 01:00:00+00:00,43915.0,43923.5,43902.5,43917.0,2009
2024-12-16 02:00:00+00:00,43916.5,43925.5,43910.0,43919.5,1139
2024-12-16 03:00:00+00:00,43920.0,43920.5,43901.5,43908.5,1079
2024-12-16 04:00:00+00:00,43909.0,43920.5,43906.0,43908.0,871
2024-12-16 05:00:00+00:00,43907.5,43910.5,43894.5,43896.0,1083
2024-12-16 06:00:00+00:00,43895.5,43912.0,43894.5,43906.0,1170
2024-12-16 07:00:00+00:00,43905.8,43907.8,43880.8,43887.8,1488
2024-12-16 08:00:00+00:00,43888.3,43922.3,43882.8,43885.8,4438
2024-12-16 09:00:00+00:00,43886.3,43900.3,43859.8,43896.8,2548
2024-12-16 10:00:00+00:00,43897.3,43920.3,43888.3,43888.3,2384
2024-12-16 11:00:00+00:00,43888.8,43928.3,43880.3,43913.3,2227
2024-12-16 12:00:00+00:00,43912.8,43954.3,43910.3,43946.3,2551
2024-12-16 13:00:00+00:00,43946.8,43950.8,43917.3,43948.8,3342
2024-12-16 14:00:00+00:00,43948.3,43965.3,43824.3,43889.8,26851
2024-12-16 15:00:00+00:00,43890.3,43993.8,43846.3,43916.8,28266
2024-12-16 16:00:00+00:00,43915.8,43918.8,43834.8,43865.3,17821
2024-12-16 17:00:00+00:00,43864.8,43870.8,43801.3,43819.3,14152
2024-12-16 18:00:00+00:00,43819.8,43869.8,43805.8,43855.8,11378
2024-12-16 19:00:00+00:00,43856.3,43878.3,43818.8,43871.3,8628
2024-12-16 20:00:00+00:00,43870.8,43871.8,43727.8,43766.8,17498
2024-12-16 21:00:00+00:00,43767.6,43779.5,43723.5,43742.0,2608
2024-12-16 23:00:00+00:00,43729.0,43734.5,43690.0,43712.5,1567
2024-12-17 00:00:00+00:00,43713.0,43724.5,43697.5,43717.5,1676
2024-12-17 01:00:00+00:00,43716.0,43754.5,43708.5,43751.5,2060
2024-12-17 02:00:00+00:00,43751.0,43774.5,43748.5,43758.0,1421
2024-12-17 03:00:00+00:00,43758.5,43760.0,43732.0,43736.5,1105
2024-12-17 04:00:00+00:00,43737.5,43758.0,43727.5,43730.0,1130
2024-12-17 05:00:00+00:00,43730.5,43737.5,43695.5,43699.5,1444
2024-12-17 06:00:00+00:00,43700.0,43706.5,43653.0,43669.0,1684
2024-12-17 07:00:00+00:00,43668.8,43672.3,43624.3,43630.8,2876
2024-12-17 08:00:00+00:00,43630.3,43637.8,43585.3,43592.3,5739
2024-12-17 09:00:00+00:00,43593.3,43635.3,43592.8,43629.8,5040
2024-12-17 10:00:00+00:00,43630.3,43645.8,43594.8,43609.8,3387
2024-12-17 11:00:00+00:00,43610.3,43640.3,43568.8,43583.8,3380
2024-12-17 12:00:00+00:00,43583.3,43617.3,43577.8,43580.8,4002
2024-12-17 13:00:00+00:00,43581.3,43582.3,43525.3,43568.8,7386
2024-12-17 14:00:00+00:00,43568.3,43595.3,43460.8,43562.3,35320
2024-12-17 15:00:00+00:00,43561.8,43561.8,43441.8,43493.3,33266
2024-12-17 16:00:00+00:00,43492.8,43561.8,43469.8,43556.3,24971
2024-12-17 17:00:00+00:00,43556.8,43566.3,43477.3,43491.8,17156
2024-12-17 18:00:00+00:00,43492.3,43495.3,43407.8,43471.8,14187
2024-12-17 19:00:00+00:00,43471.3,43483.8,43380.3,43400.8,14522
2024-12-17 20:00:00+00:00,43401.3,43526.3,43367.8,43477.3,20884
2024-12-17 21:00:00+00:00,43479.1,43506.5,43449.0,43471.5,4228
2024-12-17 23:00:00+00:00,43489.5,43497.5,43440.0,43485.0,2363
2024-12-18 00:00:00+00:00,43486.0,43520.0,43480.0,43514.0,1896
2024-12-18 01:00:00+00:00,43514.5,43556.5,43510.0,43549.5,2280
2024-12-18 02:00:00+00:00,43550.5,43562.5,43545.5,43554.0,1221
2024-12-18 03:00:00+00:00,43553.5,43558.5,43521.5,43527.5,1345
2024-12-18 04:00:00+00:00,43527.0,43567.0,43523.0,43566.0,1183
2024-12-18 05:00:00+00:00,43565.5,43566.0,43547.0,43563.0,1265
2024-12-18 06:00:00+00:00,43562.5,43572.0,43540.5,43557.0,1392
2024-12-18 07:00:00+00:00,43556.8,43575.8,43548.8,43548.8,1736
2024-12-18 08:00:00+00:00,43547.8,43573.3,43530.3,43541.3,4192
2024-12-18 09:00:00+00:00,43541.8,43549.8,43522.3,43541.8,3781
2024-12-18 10:00:00+00:00,43541.3,43588.3,43541.3,43583.3,2900
2024-12-18 11:00:00+00:00,43583.8,43605.8,43573.8,43596.3,2132
2024-12-18 12:00:00+00:00,43595.3,43639.3,43591.8,43630.8,2974
2024-12-18 13:00:00+00:00,43630.3,43666.3,43587.3,43599.3,5211
2024-12-18 14:00:00+00:00,43600.3,43621.8,43471.3,43618.8,30848
2024-12-18 15:00:00+00:00,43619.8,43724.8,43587.3,43682.8,24525
2024-12-18 16:00:00+00:00,43682.3,43713.8,43586.8,43644.8,18438
2024-12-18 17:00:00+00:00,43645.3,43715.8,43605.3,43643.8,13466
2024-12-18 18:00:00+00:00,43644.8,43661.3,43575.3,43634.3,10307
2024-12-18 19:00:00+00:00,43633.8,43633.8,42943.3,42963.3,57395
2024-12-18 20:00:00+00:00,42964.8,43017.8,42295.8,42299.8,59480
2024-12-18 21:00:00+00:00,42300.6,42414.5,42190.0,42374.0,20175
2024-12-18 23:00:00+00:00,42419.0,42444.5,42361.0,42369.5,6793
2024-12-19 00:00:00+00:00,42370.0,42447.0,42369.5,42426.0,6092
2024-12-19 01:00:00+00:00,42426.5,42462.5,42398.5,42451.5,6975
2024-12-19 02:00:00+00:00,42452.0,42459.5,42402.0,42419.0,4731
2024-12-19 03:00:00+00:00,42419.5,42446.0,42401.5,42433.5,3831
2024-12-19 04:00:00+00:00,42433.0,42442.0,42403.5,42416.0,2419
2024-12-19 05:00:00+00:00,42415.5,42432.5,42364.5,42366.0,3179
2024-12-19 06:00:00+00:00,42366.5,42417.0,42351.5,42383.5,3332
2024-12-19 07:00:00+00:00,42383.3,42480.3,42378.8,42468.8,6020
2024-12-19 08:00:00+00:00,42468.3,42490.8,42421.8,42483.3,7103
2024-12-19 09:00:00+00:00,42482.8,42485.8,42402.8,42474.8,7116
2024-12-19 10:00:00+00:00,42474.3,42519.3,42461.8,42462.8,5666
2024-12-19 11:00:00+00:00,42462.3,42511.8,42453.8,42496.3,5332
2024-12-19 12:00:00+00:00,42495.8,42616.8,42484.8,42614.3,7421
2024-12-19 13:00:00+00:00,42613.8,42678.3,42587.3,42607.3,7161
2024-12-19 14:00:00+00:00,42606.8,42791.3,42564.3,42615.8,45793
2024-12-19 15:00:00+00:00,42615.3,42636.8,42432.3,42544.3,60930
2024-12-19 16:00:00+00:00,42543.8,42652.8,42434.3,42534.8,51099
2024-12-19 17:00:00+00:00,42535.3,42585.3,42434.3,42525.8,36552
2024-12-19 18:00:00+00:00,42525.3,42702.3,42421.8,42700.8,31888
2024-12-19 19:00:00+00:00,42700.3,42703.8,42479.8,42481.8,33903
2024-12-19 20:00:00+00:00,42482.3,42587.3,42348.3,42361.3,29093
2024-12-19 21:00:00+00:00,42363.1,42437.5,42352.5,42415.5,3020
2024-12-19 23:00:00+00:00,42863.0,42863.0,42768.0,42770.5,2598
2024-12-20 00:00:00+00:00,42772.0,42796.5,42667.0,42679.5,6583
2024-12-20 01:00:00+00:00,42680.0,42713.0,42661.5,42670.0,4208
2024-12-20 02:00:00+00:00,42669.5,42672.5,42626.0,42664.5,3100
2024-12-20 03:00:00+00:00,42665.5,42678.0,42604.0,42627.0,2672
2024-12-20 04:00:00+00:00,42627.5,42692.0,42627.0,42687.0,2438
2024-12-20 05:00:00+00:00,42687.5,42717.0,42682.0,42717.0,1871
2024-12-20 06:00:00+00:00,42716.0,42778.5,42692.5,42778.0,2163
2024-12-20 07:00:00+00:00,42776.8,42789.8,42708.8,42752.8,3811
2024-12-20 08:00:00+00:00,42752.3,42757.8,42543.3,42626.8,10481
2024-12-20 09:00:00+00:00,42624.8,42632.8,42523.3,42575.3,9999
2024-12-20 10:00:00+00:00,42574.8,42593.8,42514.3,42573.3,8735
2024-12-20 11:00:00+00:00,42572.3,42637.3,42563.3,42594.8,6587
2024-12-20 12:00:00+00:00,42595.3,42606.8,42498.3,42596.3,8791
2024-12-20 13:00:00+00:00,42595.3,42732.8,42546.3,42656.3,18539
2024-12-20 14:00:00+00:00,42655.3,42857.8,42607.3,42758.8,51638
2024-12-20 15:00:00+00:00,42760.3,43191.3,42720.3,43127.8,59907
2024-12-20 16:00:00+00:00,43126.8,43567.8,43112.8,43548.8,43696
2024-12-20 17:00:00+00:00,43547.8,43664.3,43513.8,43576.8,33722
2024-12-20 18:00:00+00:00,43577.3,43578.8,43377.3,43395.3,34383
2024-12-20 19:00:00+00:00,43394.8,43536.8,43376.8,43416.8,30133
2024-12-20 20:00:00+00:00,43416.3,43450.3,43246.8,43314.3,45705
2024-12-20 21:00:00+00:00,43315.1,43421.5,43250.5,43250.5,9023
2024-12-22 23:00:00+00:00,43420.1,43482.1,43395.9,43429.9,3705
2024-12-23 00:00:00+00:00,43431.9,43438.1,43388.6,43403.4,3379
2024-12-23 01:00:00+00:00,43404.9,43443.9,43381.9,43433.9,2715
2024-12-23 02:00:00+00:00,43433.4,43441.4,43411.9,43438.4,2093
2024-12-23 03:00:00+00:00,43438.1,43443.6,43411.9,43416.9,1190
2024-12-23 04:00:00+00:00,43418.1,43458.1,43418.1,43453.9,873
2024-12-23 05:00:00+00:00,43454.4,43473.1,43445.4,43465.9,1107
2024-12-23 06:00:00+00:00,43465.4,43470.9,43451.1,43457.1,1122
2024-12-23 07:00:00+00:00,43456.4,43464.4,43416.2,43427.2,2831
2024-12-23 08:00:00+00:00,43428.2,43428.2,43337.4,43392.2,5867
2024-12-23 09:00:00+00:00,43391.9,43406.9,43338.8,43356.3,5727
2024-12-23 10:00:00+00:00,43355.8,43374.3,43286.8,43288.3,4696
2024-12-23 11:00:00+00:00,43288.8,43296.3,43176.3,43195.3,6199
2024-12-23 12:00:00+00:00,43196.3,43259.8,43192.3,43222.3,6019
2024-12-23 13:00:00+00:00,43221.8,43227.3,43062.3,43106.3,7204
2024-12-23 14:00:00+00:00,43106.8,43225.8,42991.8,43041.8,35819
2024-12-23 15:00:00+00:00,43040.8,43090.8,42928.8,42962.3,53818
2024-12-23 16:00:00+00:00,42961.8,43197.8,42951.8,43191.8,23245
2024-12-23 17:00:00+00:00,43190.8,43238.8,43118.8,43206.8,25089
2024-12-23 18:00:00+00:00,43207.8,43276.3,43189.3,43239.8,19212
2024-12-23 19:00:00+00:00,43238.8,43276.3,43191.8,43210.3,17619
2024-12-23 20:00:00+00:00,43209.3,43382.8,43182.3,43323.3,27735
2024-12-23 21:00:00+00:00,43325.1,43357.0,43291.0,43334.5,4001
2024-12-23 23:00:00+00:00,43342.5,43362.0,43318.5,43330.0,1905
2024-12-24 00:00:00+00:00,43331.0,43331.5,43295.0,43327.0,1973
2024-12-24 01:00:00+00:00,43327.5,43337.0,43309.0,43317.0,2219
2024-12-24 02:00:00+00:00,43317.5,43324.0,43304.0,43319.0,1505
2024-12-24 03:00:00+00:00,43318.5,43335.0,43299.0,43308.0,1174
2024-12-24 04:00:00+00:00,43308.5,43320.0,43295.5,43319.5,663
2024-12-24 05:00:00+00:00,43319.0,43322.5,43293.5,43303.0,744
2024-12-24 06:00:00+00:00,43303.5,43327.0,43293.0,43315.0,899
2024-12-24 07:00:00+00:00,43315.3,43336.3,43309.8,43311.3,1430
2024-12-24 08:00:00+00:00,43311.8,43316.3,43279.3,43301.3,2421
2024-12-24 09:00:00+00:00,43300.3,43353.3,43295.3,43348.3,2226
2024-12-24 10:00:00+00:00,43348.8,43350.8,43322.3,43329.8,1610
2024-12-24 11:00:00+00:00,43329.3,43342.8,43286.8,43303.3,1656
2024-12-24 12:00:00+00:00,43302.3,43316.8,43287.8,43314.3,2194
2024-12-24 13:00:00+00:00,43313.3,43316.3,43288.3,43304.8,2353
2024-12-24 14:00:00+00:00,43305.3,43342.3,43245.3,43314.8,21405
2024-12-24 15:00:00+00:00,43315.3,43529.3,43314.3,43521.8,20756
2024-12-24 16:00:00+00:00,43522.8,43563.8,43460.8,43501.8,14508
2024-12-24 17:00:00+00:00,43502.8,43663.8,43490.8,43647.3,18939
2024-12-24 18:00:00+00:00,43646.8,43654.8,43615.8,43642.3,2153
2024-12-25 23:00:00+00:00,43655.5,43667.5,43580.5,43621.5,1369
2024-12-26 00:00:00+00:00,43621.0,43631.5,43612.0,43613.0,692
2024-12-26 01:00:00+00:00,43613.5,43636.5,43599.0,43629.0,690
2024-12-26 02:00:00+00:00,43628.0,43633.0,43618.5,43625.0,507
2024-12-26 03:00:00+00:00,43624.0,43651.5,43624.0,43643.0,532
2024-12-26 04:00:00+00:00,43644.0,43644.0,43618.0,43620.5,520
2024-12-26 05:00:00+00:00,43621.5,43649.0,43618.0,43643.5,609
2024-12-26 06:00:00+00:00,43643.0,43646.5,43617.5,43619.0,573
2024-12-26 07:00:00+00:00,43617.8,43650.8,43614.3,43644.3,673
2024-12-26 08:00:00+00:00,43643.3,43643.3,43542.3,43552.8,3533
2024-12-26 09:00:00+00:00,43550.8,43557.3,43516.3,43528.3,3790
2024-12-26 10:00:00+00:00,43528.8,43529.3,43478.8,43491.3,2495
2024-12-26 11:00:00+00:00,43489.8,43498.3,43430.3,43491.3,2418
2024-12-26 12:00:00+00:00,43490.8,43508.3,43472.3,43504.3,2466
2024-12-26 13:00:00+00:00,43505.3,43532.3,43441.3,43487.3,3889
2024-12-26 14:00:00+00:00,43486.8,43594.8,43462.3,43582.3,25891
2024-12-26 15:00:00+00:00,43582.8,43627.3,43534.8,43625.8,18867
2024-12-26 16:00:00+00:00,43629.3,43725.3,43607.8,43708.8,10230
2024-12-26 17:00:00+00:00,43708.3,43746.8,43613.8,43645.8,14181
2024-12-26 18:00:00+00:00,43646.3,43728.8,43638.8,43684.8,15228
2024-12-26 19:00:00+00:00,43683.8,43701.8,43624.3,43691.8,12992
2024-12-26 20:00:00+00:00,43691.3,43743.8,43653.8,43704.8,12797
2024-12-26 21:00:00+00:00,43705.6,43716.0,43676.5,43686.0,2291
2024-12-26 23:00:00+00:00,43674.5,43712.0,43663.0,43711.0,1122
2024-12-27 00:00:00+00:00,43711.5,43712.0,43638.0,43657.0,2407
2024-12-27 01:00:00+00:00,43656.5,43662.5,43636.0,43658.0,2151
2024-12-27 02:00:00+00:00,43657.0,43662.5,43636.5,43637.0,1164
2024-12-27 03:00:00+00:00,43637.5,43646.5,43627.0,43642.0,1126
2024-12-27 04:00:00+00:00,43643.0,43653.5,43633.0,43639.0,834
2024-12-27 05:00:00+00:00,43637.5,43655.0,43633.0,43634.5,1006
2024-12-27 06:00:00+00:00,43634.0,43634.0,43607.5,43617.0,1372
2024-12-27 07:00:00+00:00,43615.8,43636.3,43585.3,43597.3,1679
2024-12-27 08:00:00+00:00,43596.8,43603.8,43555.8,43570.3,5140
2024-12-27 09:00:00+00:00,43571.3,43595.3,43563.8,43576.3,2988
2024-12-27 10:00:00+00:00,43576.8,43590.3,43556.8,43572.3,2311
2024-12-27 11:00:00+00:00,43572.8,43579.8,43559.3,43576.8,2146
2024-12-27 12:00:00+00:00,43577.3,43589.3,43546.8,43573.3,2320
2024-12-27 13:00:00+00:00,43572.8,43574.3,43509.3,43510.3,3927
2024-12-27 14:00:00+00:00,43509.3,43578.3,43383.3,43550.8,29471
2024-12-27 15:00:00+00:00,43549.3,43560.8,43201.3,43305.8,65951
2024-12-27 16:00:00+00:00,43305.3,43358.8,43125.3,43151.3,39161
2024-12-27 17:00:00+00:00,43150.8,43188.3,43076.8,43150.8,34999
2024-12-27 18:00:00+00:00,43149.3,43289.8,43144.8,43277.3,26171
2024-12-27 19:00:00+00:00,43277.8,43414.8,43256.3,43395.8,24528
2024-12-27 20:00:00+00:00,43395.3,43396.3,43201.3,43351.3,37222
2024-12-27 21:00:00+00:00,43353.1,43365.5,43331.0,43349.0,3051
2024-12-29 23:00:00+00:00,43378.0,43381.5,43266.5,43310.5,2757
2024-12-30 00:00:00+00:00,43310.0,43314.0,43272.5,43292.0,2940
2024-12-30 01:00:00+00:00,43291.0,43319.5,43269.5,43310.0,2072
2024-12-30 02:00:00+00:00,43309.0,43309.0,43276.0,43280.0,1580
2024-12-30 03:00:00+00:00,43279.5,43286.5,43254.5,43263.0,1565
2024-12-30 04:00:00+00:00,43265.0,43279.0,43250.0,43264.0,1281
2024-12-30 05:00:00+00:00,43264.5,43273.0,43235.5,43252.0,1871
2024-12-30 06:00:00+00:00,43253.0,43289.0,43240.0,43245.0,1809
2024-12-30 07:00:00+00:00,43243.8,43247.3,43190.8,43211.3,3892
2024-12-30 08:00:00+00:00,43209.3,43255.8,43190.8,43245.3,5879
2024-12-30 09:00:00+00:00,43244.3,43288.3,43229.3,43247.3,4242
2024-12-30 10:00:00+00:00,43246.3,43269.3,43240.3,43261.3,2187
2024-12-30 11:00:00+00:00,43261.8,43290.8,43260.8,43274.3,1621
2024-12-30 12:00:00+00:00,43274.8,43276.3,42952.3,43002.3,11886
2024-12-30 13:00:00+00:00,43001.3,43023.3,42845.3,42872.3,12813
2024-12-30 14:00:00+00:00,42872.8,42938.3,42653.8,42664.3,50972
2024-12-30 15:00:00+00:00,42663.3,42777.8,42583.8,42777.3,62018
2024-12-30 16:00:00+00:00,42777.8,42991.8,42743.3,42944.8,32207
2024-12-30 17:00:00+00:00,42944.3,43078.8,42942.3,43061.8,26513
2024-12-30 18:00:00+00:00,43061.3,43114.8,43004.8,43087.8,30571
2024-12-30 19:00:00+00:00,43088.3,43106.3,42977.3,43068.8,27417
2024-12-30 20:00:00+00:00,43067.8,43116.8,42916.3,42928.3,35925
2024-12-30 21:00:00+00:00,42929.1,42946.0,42896.0,42928.0,6535
2024-12-30 23:00:00+00:00,42930.5,42930.5,42872.0,42921.5,1751
2024-12-31 00:00:00+00:00,42922.0,42928.5,42874.0,42889.5,1462
2024-12-31 01:00:00+00:00,42890.0,42967.0,42890.0,42959.0,1912
2024-12-31 02:00:00+00:00,42959.5,42988.0,42946.0,42953.0,1901
2024-12-31 03:00:00+00:00,42952.0,42955.0,42915.5,42935.5,2229
2024-12-31 04:00:00+00:00,42936.0,42939.0,42893.0,42922.0,1602
2024-12-31 05:00:00+00:00,42921.5,42930.0,42904.5,42927.0,1508
2024-12-31 06:00:00+00:00,42926.5,42928.0,42880.5,42905.0,1591
2024-12-31 07:00:00+00:00,42903.3,42935.3,42892.3,42905.3,2783
2024-12-31 08:00:00+00:00,42906.3,42932.8,42891.8,42920.3,3740
2024-12-31 09:00:00+00:00,42918.3,43017.3,42907.8,43012.3,4555
2024-12-31 10:00:00+00:00,43011.8,43044.8,42997.3,43023.3,2239
2024-12-31 11:00:00+00:00,43023.8,43038.3,43009.3,43028.3,2601
2024-12-31 12:00:00+00:00,43027.8,43064.3,42997.3,43002.3,3086
2024-12-31 13:00:00+00:00,43002.8,43049.3,42987.8,43006.3,5015
2024-12-31 14:00:00+00:00,43006.8,43060.8,42948.8,43057.8,37908
2024-12-31 15:00:00+00:00,43056.8,43101.8,42937.3,42950.8,57115
2024-12-31 16:00:00+00:00,42950.3,42960.3,42807.8,42822.8,38845
2024-12-31 17:00:00+00:00,42823.3,42894.8,42730.3,42889.8,22508
2024-12-31 18:00:00+00:00,42889.3,42902.8,42723.8,42795.8,24068
2024-12-31 19:00:00+00:00,42796.8,42869.8,42730.8,42841.8,23560
2024-12-31 20:00:00+00:00,42840.8,42913.8,42777.8,42875.3,34287
2024-12-31 21:00:00+00:00,42876.1,42901.5,42847.0,42872.5,4950
2025-01-01 23:00:00+00:00,42936.0,42988.0,42828.5,42868.0,3843
2025-01-02 00:00:00+00:00,42868.5,42878.0,42710.5,42856.0,8457
2025-01-02 01:00:00+00:00,42856.5,42945.5,42856.5,42920.0,6032
2025-01-02 02:00:00+00:00,42919.5,42999.0,42913.0,42989.0,3420
2025-01-02 03:00:00+00:00,42989.5,43006.0,42958.0,42969.0,2228
2025-01-02 04:00:00+00:00,42968.5,42993.0,42944.0,42984.0,2147
2025-01-02 05:00:00+00:00,42985.0,43043.0,42977.5,43030.5,2152
2025-01-02 06:00:00+00:00,43031.0,43054.0,43025.0,43036.0,1729
2025-01-02 07:00:00+00:00,43035.8,43074.3,43016.8,43019.3,2881
2025-01-02 08:00:00+00:00,43019.8,43122.8,42965.3,43028.3,11389
2025-01-02 09:00:00+00:00,43028.8,43075.8,43007.8,43074.3,7856
2025-01-02 10:00:00+00:00,43074.8,43086.3,43033.8,43078.8,3988
2025-01-02 11:00:00+00:00,43079.3,43204.3,43049.3,43202.8,3775
2025-01-02 12:00:00+00:00,43203.3,43247.8,43132.3,43180.8,5659
2025-01-02 13:00:00+00:00,43179.8,43210.3,43135.3,43140.8,7046
2025-01-02 14:00:00+00:00,43141.3,43218.8,42973.8,43179.3,47278
2025-01-02 15:00:00+00:00,43179.8,43196.3,42863.3,42925.3,70141
2025-01-02 16:00:00+00:00,42925.8,42970.3,42748.3,42902.8,46987
2025-01-02 17:00:00+00:00,42902.3,42969.8,42492.8,42611.8,54758
2025-01-02 18:00:00+00:00,42612.8,42628.8,42463.8,42543.3,47316
2025-01-02 19:00:00+00:00,42542.8,42677.3,42511.8,42561.8,35101
2025-01-02 20:00:00+00:00,42562.3,42779.3,42561.3,42697.3,37385
2025-01-02 21:00:00+00:00,42700.1,42743.0,42691.6,42720.0,3624
2025-01-02 23:00:00+00:00,42713.5,42714.5,42656.0,42680.5,1613
2025-01-03 00:00:00+00:00,42680.0,42758.0,42671.5,42755.5,2619
2025-01-03 01:00:00+00:00,42756.5,42772.5,42714.0,42728.0,2354
2025-01-03 02:00:00+00:00,42727.5,42780.5,42727.0,42752.0,2069
2025-01-03 03:00:00+00:00,42752.5,42773.5,42750.0,42755.0,1439
2025-01-03 04:00:00+00:00,42755.5,42763.5,42732.5,42734.0,987
2025-01-03 05:00:00+00:00,42734.5,42740.0,42719.0,42728.5,1433
2025-01-03 06:00:00+00:00,42728.0,42770.0,42722.0,42753.0,1315
2025-01-03 07:00:00+00:00,42751.3,42781.8,42724.3,42757.3,3271
2025-01-03 08:00:00+00:00,42756.8,42799.8,42728.3,42754.3,7621
2025-01-03 09:00:00+00:00,42755.8,42855.3,42745.3,42837.8,4460
2025-01-03 10:00:00+00:00,42838.3,42839.3,42750.8,42758.3,2893
2025-01-03 11:00:00+00:00,42757.8,42768.8,42736.3,42756.3,2185
2025-01-03 12:00:00+00:00,42755.8,42811.8,42750.3,42806.3,2757
2025-01-03 13:00:00+00:00,42805.8,42844.3,42795.3,42797.3,3001
2025-01-03 14:00:00+00:00,42797.8,42994.8,42767.8,42782.3,27517
2025-01-03 15:00:00+00:00,42783.8,42953.3,42719.3,42939.8,44684
2025-01-03 16:00:00+00:00,42940.3,42972.3,42843.8,42920.8,21241
2025-01-03 17:00:00+00:00,42921.3,42984.8,42908.3,42947.3,14007
2025-01-03 18:00:00+00:00,42946.8,43034.3,42914.8,43003.8,9714
2025-01-03 19:00:00+00:00,43003.3,43078.3,42992.3,43019.8,8372
2025-01-03 20:00:00+00:00,43019.3,43038.8,42968.3,43014.8,14451
2025-01-03 21:00:00+00:00,43015.6,43026.5,42992.0,42998.0,1949
2025-01-05 23:00:00+00:00,43011.0,43034.5,42993.0,43019.0,2130
2025-01-06 00:00:00+00:00,43019.5,43035.5,42970.0,42990.5,2730
2025-01-06 01:00:00+00:00,42989.5,42999.5,42960.0,42973.0,1482
2025-01-06 02:00:00+00:00,42972.5,42988.5,42952.5,42978.0,1568
2025-01-06 03:00:00+00:00,42978.5,42980.0,42962.0,42965.0,739
2025-01-06 04:00:00+00:00,42964.5,42986.0,42962.5,42975.0,598
2025-01-06 05:00:00+00:00,42974.0,43014.5,42973.0,43003.0,978
2025-01-06 06:00:00+00:00,43002.5,43028.5,42998.0,43024.0,936
2025-01-06 07:00:00+00:00,43022.8,43050.3,43006.8,43033.3,1698
2025-01-06 08:00:00+00:00,43033.8,43069.3,43014.8,43060.3,3689
2025-01-06 09:00:00+00:00,43061.8,43098.3,43049.8,43087.3,3348
2025-01-06 10:00:00+00:00,43087.8,43090.3,43005.8,43020.3,3550
2025-01-06 11:00:00+00:00,43019.3,43178.8,42985.8,43178.3,10163
2025-01-06 12:00:00+00:00,43177.8,43214.3,43144.8,43185.3,6144
2025-01-06 13:00:00+00:00,43185.8,43270.8,43176.3,43260.3,5149
2025-01-06 14:00:00+00:00,43260.8,43270.8,43084.8,43257.3,51106
2025-01-06 15:00:00+00:00,43256.8,43345.8,43218.8,43263.8,43152
2025-01-06 16:00:00+00:00,43262.8,43408.8,43196.8,43403.3,21661
2025-01-06 17:00:00+00:00,43402.8,43403.3,43187.8,43223.8,23233
2025-01-06 18:00:00+00:00,43224.8,43229.8,43037.8,43066.8,32699
2025-01-06 19:00:00+00:00,43067.8,43097.8,42968.3,42977.8,32770
2025-01-06 20:00:00+00:00,42977.3,43002.8,42886.3,42989.8,31224
2025-01-06 21:00:00+00:00,42991.6,43034.5,42991.1,43032.0,3970
2025-01-06 23:00:00+00:00,43027.5,43050.0,43000.0,43004.0,1900
2025-01-07 00:00:00+00:00,43004.5,43014.5,42977.0,42987.5,2434
2025-01-07 01:00:00+00:00,42988.0,42991.0,42943.5,42974.0,2378
2025-01-07 02:00:00+00:00,42973.0,42993.0,42949.0,42954.0,2096
2025-01-07 03:00:00+00:00,42954.5,42981.5,42934.0,42981.0,2330
2025-01-07 04:00:00+00:00,42980.0,42982.5,42962.0,42962.5,1494
2025-01-07 05:00:00+00:00,42963.0,42967.0,42926.0,42961.0,3237
2025-01-07 06:00:00+00:00,42959.0,42970.0,42940.5,42965.5,2143
2025-01-07 07:00:00+00:00,42965.3,42981.3,42939.8,42980.3,3307
2025-01-07 08:00:00+00:00,42980.8,43040.3,42942.8,43020.3,6604
2025-01-07 09:00:00+00:00,43019.3,43025.8,42965.3,42983.3,4619
2025-01-07 10:00:00+00:00,42983.8,43031.3,42976.8,43013.3,3495
2025-01-07 11:00:00+00:00,43012.8,43049.8,43009.3,43017.3,3806
2025-01-07 12:00:00+00:00,43017.8,43087.8,43006.3,43049.3,4072
2025-01-07 13:00:00+00:00,43048.8,43114.3,43047.3,43111.8,4262
2025-01-07 14:00:00+00:00,43111.3,43212.8,43083.3,43175.3,33924
2025-01-07 15:00:00+00:00,43154.8,43154.8,42860.3,43056.8,86869
2025-01-07 16:00:00+00:00,43057.3,43095.8,42892.8,42906.3,63973
2025-01-07 17:00:00+00:00,42905.8,42992.8,42817.8,42889.8,36904
2025-01-07 18:00:00+00:00,42890.3,42984.8,42887.8,42928.8,25646
2025-01-07 19:00:00+00:00,42928.3,42969.8,42851.8,42858.8,21774
2025-01-07 20:00:00+00:00,42859.8,42864.8,42653.3,42806.8,38907
2025-01-07 21:00:00+00:00,42807.6,42818.0,42782.5,42783.5,3238
2025-01-07 23:00:00+00:00,42794.0,42815.5,42757.0,42813.5,1553
2025-01-08 00:00:00+00:00,42814.0,42849.5,42808.0,42840.0,1893
2025-01-08 01:00:00+00:00,42841.0,42877.5,42833.5,42876.0,1874
2025-01-08 02:00:00+00:00,42876.5,42896.0,42854.0,42876.0,1631
2025-01-08 03:00:00+00:00,42877.0,42881.0,42853.5,42877.5,2005
2025-01-08 04:00:00+00:00,42878.0,42896.0,42864.0,42872.0,1305
2025-01-08 05:00:00+00:00,42873.0,42910.5,42873.0,42908.5,1293
2025-01-08 06:00:00+00:00,42907.0,42909.0,42856.0,42857.5,1303
2025-01-08 07:00:00+00:00,42856.3,42870.3,42834.3,42867.3,2782
2025-01-08 08:00:00+00:00,42866.8,42905.3,42857.3,42877.3,4883
2025-01-08 09:00:00+00:00,42877.8,42917.3,42869.3,42910.3,3955
2025-01-08 10:00:00+00:00,42910.8,42940.8,42907.3,42932.3,2548
2025-01-08 11:00:00+00:00,42931.8,42941.3,42703.8,42814.8,17725
2025-01-08 12:00:00+00:00,42814.3,42817.3,42671.3,42701.3,19018
2025-01-08 13:00:00+00:00,42701.8,42849.8,42700.3,42834.3,20382
2025-01-08 14:00:00+00:00,42833.8,42849.8,42599.8,42603.8,43640
2025-01-08 15:00:00+00:00,42603.3,42779.8,42593.3,42778.8,54669
2025-01-08 16:00:00+00:00,42778.3,42875.3,42729.8,42823.8,25979
2025-01-08 17:00:00+00:00,42824.3,42837.8,42614.3,42689.8,28436
2025-01-08 18:00:00+00:00,42689.3,42844.3,42670.8,42718.8,26993
2025-01-08 19:00:00+00:00,42719.3,42925.8,42688.8,42803.3,38686
2025-01-08 20:00:00+00:00,42802.8,42920.3,42779.3,42875.8,24999
2025-01-08 21:00:00+00:00,42876.6,42915.0,42850.0,42884.0,3319
2025-01-08 23:00:00+00:00,42882.5,42885.5,42838.5,42842.5,1360
2025-01-09 00:00:00+00:00,42842.0,42855.0,42790.0,42820.5,2759
2025-01-09 01:00:00+00:00,42820.0,42827.0,42793.0,42796.0,2318
2025-01-09 02:00:00+00:00,42795.0,42842.0,42794.0,42838.0,1631
2025-01-09 03:00:00+00:00,42839.0,42846.0,42804.0,42808.0,1356
2025-01-09 04:00:00+00:00,42809.0,42816.5,42781.0,42800.0,1408
2025-01-09 05:00:00+00:00,42799.5,42836.0,42788.0,42834.0,1214
2025-01-09 06:00:00+00:00,42834.5,42839.0,42821.0,42833.0,1305
2025-01-09 07:00:00+00:00,42831.8,42832.3,42745.3,42755.3,3519
2025-01-09 08:00:00+00:00,42754.8,42873.8,42726.3,42861.3,6905
2025-01-09 09:00:00+00:00,42862.3,42904.3,42850.3,42874.3,4206
2025-01-09 10:00:00+00:00,42874.8,42907.3,42867.3,42876.3,2370
2025-01-09 11:00:00+00:00,42875.8,42876.3,42817.8,42843.8,4553
2025-01-09 12:00:00+00:00,42844.3,42874.3,42810.3,42869.3,4164
2025-01-09 13:00:00+00:00,42867.8,42887.8,42823.3,42833.3,4083
2025-01-09 14:00:00+00:00,42832.8,42832.8,42767.3,42825.8,3775
2025-01-09 23:00:00+00:00,42820.0,42820.0,42705.0,42739.5,4303
2025-01-10 00:00:00+00:00,42740.0,42746.5,42685.0,42693.5,4666
2025-01-10 01:00:00+00:00,42693.0,42759.5,42693.0,42752.0,3537
2025-01-10 02:00:00+00:00,42752.5,42780.5,42741.5,42773.0,2297
2025-01-10 03:00:00+00:00,42774.0,42803.0,42771.0,42790.0,1914
2025-01-10 04:00:00+00:00,42790.5,42812.5,42777.0,42809.5,1778
2025-01-10 05:00:00+00:00,42810.0,42836.5,42805.0,42831.5,1986
2025-01-10 06:00:00+00:00,42830.5,42835.0,42801.5,42812.0,2374
2025-01-10 07:00:00+00:00,42810.3,42864.8,42793.8,42843.8,3817
2025-01-10 08:00:00+00:00,42843.3,42894.3,42827.3,42852.3,6521
2025-01-10 09:00:00+00:00,42852.8,42861.3,42759.3,42814.8,6512
2025-01-10 10:00:00+00:00,42815.3,42857.3,42791.8,42838.3,4168
2025-01-10 11:00:00+00:00,42839.3,42905.8,42837.3,42844.3,4657
2025-01-10 12:00:00+00:00,42844.8,42860.3,42788.3,42858.3,6418
2025-01-10 13:00:00+00:00,42857.8,42864.3,42447.8,42554.8,29714
2025-01-10 14:00:00+00:00,42554.3,42676.8,42459.8,42482.8,68853
2025-01-10 15:00:00+00:00,42478.3,42478.3,42224.8,42266.8,76256
2025-01-10 16:00:00+00:00,42266.3,42282.3,42132.3,42146.8,48386
2025-01-10 17:00:00+00:00,42147.3,42274.8,42105.3,42259.8,31440
2025-01-10 18:00:00+00:00,42259.3,42417.3,42220.8,42412.3,27976
2025-01-10 19:00:00+00:00,42412.8,42416.3,42224.3,42262.8,35280
2025-01-10 20:00:00+00:00,42263.3,42290.8,42118.8,42164.3,39553
2025-01-10 21:00:00+00:00,42165.1,42272.0,42091.0,42225.5,4811
2025-01-12 23:00:00+00:00,42189.0,42247.5,42108.5,42177.0,3807
2025-01-13 00:00:00+00:00,42176.5,42221.0,42150.0,42167.0,3304
2025-01-13 01:00:00+00:00,42167.5,42172.5,42063.0,42088.5,5626
2025-01-13 02:00:00+00:00,42088.0,42118.0,42070.0,42082.0,2960
2025-01-13 03:00:00+00:00,42081.5,42095.5,42015.5,42055.0,3753
2025-01-13 04:00:00+00:00,42054.5,42087.0,42053.5,42085.5,1542
2025-01-13 05:00:00+00:00,42084.5,42087.5,42051.5,42072.5,1453
2025-01-13 06:00:00+00:00,42072.0,42126.5,42071.5,42101.5,1887
2025-01-13 07:00:00+00:00,42100.3,42112.3,42063.8,42086.8,4080
2025-01-13 08:00:00+00:00,42085.8,42120.3,42003.8,42010.8,10139
2025-01-13 09:00:00+00:00,42011.8,42059.3,41974.3,42003.3,11235
2025-01-13 10:00:00+00:00,42002.3,42040.8,41983.3,42005.3,4906
2025-01-13 11:00:00+00:00,42005.8,42053.8,41969.8,42042.3,5879
2025-01-13 12:00:00+00:00,42041.3,42127.8,42011.8,42102.3,9236
2025-01-13 13:00:00+00:00,42102.8,42158.8,42068.3,42123.3,9484
2025-01-13 14:00:00+00:00,42122.8,42366.8,42064.3,42364.3,45323
2025-01-13 15:00:00+00:00,42363.8,42414.3,42252.3,42364.8,60792
2025-01-13 16:00:00+00:00,42365.3,42376.3,42174.8,42187.8,44941
2025-01-13 17:00:00+00:00,42188.3,42417.8,42173.8,42414.8,37692
2025-01-13 18:00:00+00:00,42415.3,42486.3,42366.8,42445.8,29224
2025-01-13 19:00:00+00:00,42445.3,42499.8,42381.3,42460.8,31458
2025-01-13 20:00:00+00:00,42459.8,42557.8,42421.3,42528.8,35123
2025-01-13 21:00:00+00:00,42529.6,42568.0,42512.5,42561.5,3566
2025-01-13 23:00:00+00:00,42587.5,42659.0,42579.5,42612.0,2782
2025-01-14 00:00:00+00:00,42612.5,42619.0,42578.5,42594.0,2838
2025-01-14 01:00:00+00:00,42593.0,42594.5,42568.0,42586.0,2412
2025-01-14 02:00:00+00:00,42586.5,42591.5,42550.0,42585.0,2023
2025-01-14 03:00:00+00:00,42584.5,42588.5,42568.0,42574.0,1512
2025-01-14 04:00:00+00:00,42574.5,42597.5,42563.0,42594.0,934
2025-01-14 05:00:00+00:00,42594.5,42617.0,42589.5,42614.0,1159
2025-01-14 06:00:00+00:00,42615.0,42630.0,42586.0,42597.0,1523
2025-01-14 07:00:00+00:00,42596.8,42628.8,42563.8,42612.3,2663
2025-01-14 08:00:00+00:00,42613.3,42702.3,42603.3,42674.3,6073
2025-01-14 09:00:00+00:00,42677.3,42699.8,42654.8,42671.3,6066
2025-01-14 10:00:00+00:00,42671.8,42694.3,42653.3,42679.3,2992
2025-01-14 11:00:00+00:00,42678.8,42686.8,42633.3,42637.3,3632
2025-01-14 12:00:00+00:00,42636.8,42646.3,42572.3,42618.3,7930
2025-01-14 13:00:00+00:00,42619.3,42789.3,42532.8,42645.3,17819
2025-01-14 14:00:00+00:00,42645.8,42728.3,42568.8,42593.8,45526
2025-01-14 15:00:00+00:00,42594.3,42752.8,42592.8,42668.8,54319
2025-01-14 16:00:00+00:00,42668.3,42676.3,42388.3,42388.3,46839
2025-01-14 17:00:00+00:00,42388.8,42535.8,42373.8,42521.8,31167
2025-01-14 18:00:00+00:00,42520.8,42768.3,42512.8,42756.3,21770
2025-01-14 19:00:00+00:00,42756.8,42784.8,42588.8,42601.3,25900
2025-01-14 20:00:00+00:00,42601.8,42761.8,42512.8,42750.3,51106
2025-01-14 21:00:00+00:00,42752.1,42827.0,42746.1,42816.0,4343
2025-01-14 23:00:00+00:00,42831.0,42831.0,42782.5,42801.0,1457
2025-01-15 00:00:00+00:00,42800.5,42803.0,42784.5,42800.0,1062
2025-01-15 01:00:00+00:00,42801.0,42816.0,42795.5,42811.0,1060
2025-01-15 02:00:00+00:00,42810.0,42815.0,42786.5,42790.0,909
2025-01-15 03:00:00+00:00,42790.5,42790.5,42779.5,42781.0,580
2025-01-15 04:00:00+00:00,42782.0,42782.0,42768.0,42777.0,533
2025-01-15 05:00:00+00:00,42777.5,42778.0,42758.5,42758.5,739
2025-01-15 06:00:00+00:00,42759.0,42775.5,42754.5,42769.0,580
2025-01-15 07:00:00+00:00,42767.3,42788.8,42767.3,42787.3,1270
2025-01-15 08:00:00+00:00,42787.8,42796.8,42765.3,42783.3,3093
2025-01-15 09:00:00+00:00,42783.8,42826.3,42777.3,42804.3,2606
2025-01-15 10:00:00+00:00,42804.8,42847.3,42778.3,42847.3,2311
2025-01-15 11:00:00+00:00,42847.8,42987.8,42835.3,42974.3,4339
2025-01-15 12:00:00+00:00,42973.8,42990.8,42909.3,42946.3,5415
2025-01-15 13:00:00+00:00,42946.8,43445.8,42941.8,43434.8,22630
2025-01-15 14:00:00+00:00,43435.3,43490.8,43305.8,43473.8,43635
2025-01-15 15:00:00+00:00,43474.3,43515.8,43336.3,43390.8,41068
2025-01-15 16:00:00+00:00,43391.3,43438.8,43285.3,43332.8,36317
2025-01-15 17:00:00+00:00,43332.3,43437.3,43317.8,43368.8,22122
2025-01-15 18:00:00+00:00,43369.3,43498.8,43368.8,43483.8,14129
2025-01-15 19:00:00+00:00,43484.3,43547.8,43451.3,43536.8,12470
2025-01-15 20:00:00+00:00,43536.3,43569.3,43453.8,43464.3,18288
2025-01-15 21:00:00+00:00,43465.1,43494.0,43457.5,43483.5,2590
2025-01-15 23:00:00+00:00,43468.5,43524.5,43468.5,43508.0,1342
2025-01-16 00:00:00+00:00,43508.5,43564.5,43500.0,43539.0,1998
2025-01-16 01:00:00+00:00,43538.5,43539.0,43491.0,43494.5,2403
2025-01-16 02:00:00+00:00,43494.0,43500.0,43478.0,43497.0,1477
2025-01-16 03:00:00+00:00,43496.5,43518.0,43494.5,43505.0,1071
2025-01-16 04:00:00+00:00,43504.5,43517.0,43495.5,43500.0,667
2025-01-16 05:00:00+00:00,43500.5,43501.5,43458.0,43472.0,1714
2025-01-16 06:00:00+00:00,43472.5,43527.5,43467.0,43506.0,3787
2025-01-16 07:00:00+00:00,43503.8,43569.8,43493.3,43548.3,4959
2025-01-16 08:00:00+00:00,43547.8,43559.8,43443.8,43445.3,7350
2025-01-16 09:00:00+00:00,43445.8,43493.3,43438.3,43474.3,5999
2025-01-16 10:00:00+00:00,43475.3,43572.8,43436.8,43480.3,5723
2025-01-16 11:00:00+00:00,43481.3,43494.3,43336.8,43413.8,5475
2025-01-16 12:00:00+00:00,43414.3,43436.3,43342.3,43351.3,6494
2025-01-16 13:00:00+00:00,43351.8,43377.3,43286.8,43317.3,11214
2025-01-16 14:00:00+00:00,43316.8,43519.8,43312.3,43363.3,30516
2025-01-16 15:00:00+00:00,43362.8,43416.3,43312.3,43407.8,56347
2025-01-16 16:00:00+00:00,43408.3,43485.8,43342.8,43483.8,40786
2025-01-16 17:00:00+00:00,43482.8,43497.3,43414.8,43424.8,22881
2025-01-16 18:00:00+00:00,43425.3,43456.8,43315.3,43327.8,24926
2025-01-16 19:00:00+00:00,43327.3,43427.8,43300.3,43410.8,19290
2025-01-16 20:00:00+00:00,43411.3,43462.3,43360.8,43377.3,26072
2025-01-16 21:00:00+00:00,43378.1,43394.0,43300.0,43333.0,4693
2025-01-16 23:00:00+00:00,43346.5,43369.0,43318.0,43368.0,1759
2025-01-17 00:00:00+00:00,43367.5,43377.0,43350.0,43365.0,1566
2025-01-17 01:00:00+00:00,43365.5,43425.5,43365.0,43416.0,1573
2025-01-17 02:00:00+00:00,43416.5,43433.5,43385.5,43388.0,1608
2025-01-17 03:00:00+00:00,43388.5,43419.5,43379.0,43417.0,1187
2025-01-17 04:00:00+00:00,43416.5,43443.0,43415.0,43429.0,1188
2025-01-17 05:00:00+00:00,43429.5,43442.0,43414.5,43429.0,1345
2025-01-17 06:00:00+00:00,43428.5,43441.0,43417.0,43431.0,1371
2025-01-17 07:00:00+00:00,43431.3,43449.8,43400.3,43437.3,2739
2025-01-17 08:00:00+00:00,43437.8,43484.3,43433.3,43480.3,4376
2025-01-17 09:00:00+00:00,43479.8,43513.8,43465.3,43477.8,3442
2025-01-17 10:00:00+00:00,43478.3,43514.8,43467.3,43507.8,3232
2025-01-17 11:00:00+00:00,43507.3,43553.3,43507.3,43520.3,3272
2025-01-17 12:00:00+00:00,43520.8,43552.3,43492.3,43538.3,4471
2025-01-17 13:00:00+00:00,43537.8,43650.3,43536.3,43618.8,9226
2025-01-17 14:00:00+00:00,43619.3,43739.8,43616.8,43690.8,42275
2025-01-17 15:00:00+00:00,43691.3,43766.8,43655.8,43760.8,37277
2025-01-17 16:00:00+00:00,43760.3,43835.8,43735.3,43802.8,21529
2025-01-17 17:00:00+00:00,43802.3,43867.8,43772.3,43815.8,14063
2025-01-17 18:00:00+00:00,43816.3,43834.8,43749.8,43774.8,13938
2025-01-17 19:00:00+00:00,43775.8,43779.8,43715.3,43733.8,15032
2025-01-17 20:00:00+00:00,43733.3,43772.8,43685.8,43690.3,23223
2025-01-17 21:00:00+00:00,43691.1,43700.5,43666.0,43670.0,2444
2025-01-19 23:00:00+00:00,43699.0,43718.0,43627.0,43652.5,3230
2025-01-20 00:00:00+00:00,43652.0,43666.0,43636.0,43662.5,2192
2025-01-20 01:00:00+00:00,43662.0,43675.5,43643.0,43660.0,2318
2025-01-20 02:00:00+00:00,43659.5,43662.5,43647.0,43660.0,1657
2025-01-20 03:00:00+00:00,43659.5,43687.5,43655.5,43685.0,1291
2025-01-20 04:00:00+00:00,43684.5,43709.5,43679.0,43709.0,822
2025-01-20 05:00:00+00:00,43709.5,43714.0,43702.5,43708.0,734
2025-01-20 06:00:00+00:00,43708.5,43729.0,43690.5,43717.5,920
2025-01-20 07:00:00+00:00,43717.3,43759.8,43700.3,43756.3,1574
2025-01-20 08:00:00+00:00,43755.3,43760.3,43699.3,43721.3,3954
2025-01-20 09:00:00+00:00,43720.8,43740.8,43705.3,43718.3,2146
2025-01-20 10:00:00+00:00,43718.8,43728.3,43693.3,43716.3,2378
2025-01-20 11:00:00+00:00,43715.3,43748.8,43712.3,43718.3,2111
2025-01-20 12:00:00+00:00,43719.3,43721.3,43660.8,43680.3,3877
2025-01-20 13:00:00+00:00,43679.3,43886.3,43632.3,43878.8,12421
2025-01-20 14:00:00+00:00,43877.8,44001.3,43825.3,43949.3,12964
2025-01-20 15:00:00+00:00,43948.3,43948.3,43742.8,43814.8,11903
2025-01-20 16:00:00+00:00,43814.3,43885.8,43812.8,43854.3,5781
2025-01-20 17:00:00+00:00,43854.8,43893.8,43733.3,43856.3,6496
2025-01-20 23:00:00+00:00,43854.0,43961.5,43844.0,43957.5,2451
2025-01-21 00:00:00+00:00,43958.5,43982.0,43566.5,43593.5,11680
2025-01-21 01:00:00+00:00,43593.0,43832.5,43497.5,43771.5,12779
2025-01-21 02:00:00+00:00,43772.0,43827.5,43766.5,43803.5,4350
2025-01-21 03:00:00+00:00,43804.0,43866.0,43802.0,43839.5,2997
2025-01-21 04:00:00+00:00,43840.5,43845.5,43814.0,43820.5,1605
2025-01-21 05:00:00+00:00,43820.0,43834.5,43789.0,43799.0,1727
2025-01-21 06:00:00+00:00,43800.0,43818.0,43779.0,43796.0,1755
2025-01-21 07:00:00+00:00,43794.8,43842.3,43773.3,43825.8,3360
2025-01-21 08:00:00+00:00,43824.8,43871.3,43787.8,43830.3,5986
2025-01-21 09:00:00+00:00,43829.8,43872.3,43812.3,43871.3,4318
2025-01-21 10:00:00+00:00,43871.8,43929.8,43842.3,43845.8,3740
2025-01-21 11:00:00+00:00,43845.3,43868.3,43793.8,43849.3,3692
2025-01-21 12:00:00+00:00,43849.8,43910.3,43824.8,43894.8,4327
2025-01-21 13:00:00+00:00,43895.3,43910.8,43844.3,43880.8,4564
2025-01-21 14:00:00+00:00,43881.3,44047.8,43847.3,43990.8,34952
2025-01-21 15:00:00+00:00,43991.3,44058.8,43899.3,44043.8,41768
2025-01-21 16:00:00+00:00,44044.3,44151.3,44015.3,44135.3,22095
2025-01-21 17:00:00+00:00,44135.8,44189.8,44105.8,44155.8,15271
2025-01-21 18:00:00+00:00,44155.3,44187.8,44128.8,44174.8,11616
2025-01-21 19:00:00+00:00,44174.3,44191.8,44126.8,44165.8,12706
2025-01-21 20:00:00+00:00,44166.3,44269.8,44151.3,44244.8,12868
2025-01-21 21:00:00+00:00,44246.6,44278.5,44236.5,44254.5,2664
2025-01-21 23:00:00+00:00,44240.0,44269.0,44198.5,44250.0,4200
2025-01-22 00:00:00+00:00,44249.5,44266.5,44237.5,44264.0,1842
2025-01-22 01:00:00+00:00,44263.0,44264.5,44236.0,44259.0,1936
2025-01-22 02:00:00+00:00,44258.0,44278.5,44257.0,44261.0,1080
2025-01-22 03:00:00+00:00,44262.0,44266.0,44249.0,44255.5,805
2025-01-22 04:00:00+00:00,44255.0,44271.5,44244.5,44266.0,766
2025-01-22 05:00:00+00:00,44265.5,44265.5,44254.0,44258.0,644
2025-01-22 06:00:00+00:00,44257.0,44261.0,44229.5,44231.0,838
2025-01-22 07:00:00+00:00,44231.3,44250.8,44222.8,44234.8,1604
2025-01-22 08:00:00+00:00,44234.3,44315.8,44229.8,44304.3,3621
2025-01-22 09:00:00+00:00,44303.8,44327.3,44297.3,44307.3,3255
2025-01-22 10:00:00+00:00,44306.8,44316.3,44292.3,44303.3,1749
2025-01-22 11:00:00+00:00,44302.8,44340.3,44271.8,44339.3,2743
2025-01-22 12:00:00+00:00,44340.8,44410.3,44334.8,44360.3,3867
2025-01-22 13:00:00+00:00,44360.8,44404.8,44358.3,44404.3,3174
2025-01-22 14:00:00+00:00,44404.8,44409.8,44277.8,44355.8,24708
2025-01-22 15:00:00+00:00,44356.3,44408.3,44282.8,44306.8,19873
2025-01-22 16:00:00+00:00,44307.8,44374.8,44251.3,44349.8,12901
2025-01-22 17:00:00+00:00,44350.3,44361.8,44317.3,44324.3,7661
2025-01-22 18:00:00+00:00,44323.8,44400.3,44322.8,44341.8,7883
2025-01-22 19:00:00+00:00,44342.3,44401.3,44321.8,44397.8,8164
2025-01-22 20:00:00+00:00,44397.3,44416.8,44324.3,44350.3,11041
2025-01-22 21:00:00+00:00,44352.1,44364.5,44327.5,44356.0,1679
2025-01-22 23:00:00+00:00,44365.5,44368.0,44340.5,44342.0,1420
2025-01-23 00:00:00+00:00,44342.5,44364.5,44337.5,44362.0,1406
2025-01-23 01:00:00+00:00,44362.5,44373.5,44334.5,44338.5,1665
2025-01-23 02:00:00+00:00,44339.0,44347.0,44322.5,44337.0,1295
2025-01-23 03:00:00+00:00,44336.5,44348.0,44330.0,44337.0,953
2025-01-23 04:00:00+00:00,44335.5,44348.0,44335.5,44343.5,515
2025-01-23 05:00:00+00:00,44343.0,44349.0,44329.0,44330.5,805
2025-01-23 06:00:00+00:00,44331.5,44344.0,44325.5,44328.0,968
2025-01-23 07:00:00+00:00,44328.3,44335.8,44311.8,44332.3,1586
2025-01-23 08:00:00+00:00,44332.8,44348.3,44312.3,44319.3,3392
2025-01-23 09:00:00+00:00,44320.3,44352.8,44314.8,44346.3,2806
2025-01-23 10:00:00+00:00,44345.8,44382.8,44344.3,44349.3,2125
2025-01-23 11:00:00+00:00,44348.8,44405.8,44344.3,44393.3,2493
2025-01-23 12:00:00+00:00,44393.8,44427.8,44373.3,44423.3,2818
2025-01-23 13:00:00+00:00,44422.8,44424.8,44367.3,44402.8,4636
2025-01-23 14:00:00+00:00,44403.3,44487.8,44360.3,44463.8,20075
2025-01-23 15:00:00+00:00,44464.3,44533.3,44417.8,44533.3,17057
2025-01-23 16:00:00+00:00,44532.8,44640.8,44498.8,44620.8,19948
2025-01-23 17:00:00+00:00,44621.3,44703.8,44603.8,44701.8,9487
2025-01-23 18:00:00+00:00,44701.3,44740.3,44678.8,44701.8,8604
2025-01-23 19:00:00+00:00,44701.3,44720.8,44666.8,44699.8,9469
2025-01-23 20:00:00+00:00,44700.3,44757.3,44658.3,44751.3,15223
2025-01-23 21:00:00+00:00,44752.1,44754.5,44698.5,44733.0,3049
2025-01-23 23:00:00+00:00,44727.5,44739.0,44713.0,44734.0,1217
2025-01-24 00:00:00+00:00,44734.5,44738.0,44718.5,44729.0,1086
2025-01-24 01:00:00+00:00,44729.5,44740.0,44718.0,44730.0,1737
2025-01-24 02:00:00+00:00,44729.5,44772.5,44723.5,44767.0,2353
2025-01-24 03:00:00+00:00,44766.5,44775.5,44722.0,44731.0,1912
2025-01-24 04:00:00+00:00,44730.5,44739.0,44717.0,44725.0,1186
2025-01-24 05:00:00+00:00,44724.5,44729.0,44711.5,44723.0,744
2025-01-24 06:00:00+00:00,44724.0,44739.5,44714.0,44725.0,1079
2025-01-24 07:00:00+00:00,44724.8,44743.3,44721.3,44739.8,1681
2025-01-24 08:00:00+00:00,44739.3,44762.3,44726.3,44748.8,3338
2025-01-24 09:00:00+00:00,44748.3,44756.8,44698.3,44709.8,2760
2025-01-24 10:00:00+00:00,44709.3,44715.3,44665.3,44688.3,2491
2025-01-24 11:00:00+00:00,44688.8,44715.3,44682.3,44710.3,2058
2025-01-24 12:00:00+00:00,44709.8,44709.8,44608.3,44664.3,4020
2025-01-24 13:00:00+00:00,44664.8,44666.8,44625.3,44663.3,2927
2025-01-24 14:00:00+00:00,44662.8,44725.3,44593.3,44627.8,23125
2025-01-24 15:00:00+00:00,44628.8,44685.3,44585.8,44628.8,22583
2025-01-24 16:00:00+00:00,44628.3,44717.3,44622.8,44689.8,11503
2025-01-24 17:00:00+00:00,44689.3,44743.8,44658.8,44672.8,13119
2025-01-24 18:00:00+00:00,44672.3,44685.3,44593.8,44612.8,15600
2025-01-24 19:00:00+00:00,44613.3,44631.8,44571.8,44586.8,14529
2025-01-24 20:00:00+00:00,44586.3,44616.3,44523.3,44601.8,16371
2025-01-24 21:00:00+00:00,44603.6,44604.1,44548.0,44564.0,1899
2025-01-26 23:00:00+00:00,44481.5,44558.5,44473.5,44517.5,4681
2025-01-27 00:00:00+00:00,44517.0,44527.5,44437.5,44442.0,3128
2025-01-27 01:00:00+00:00,44441.5,44465.0,44374.0,44404.0,6006
2025-01-27 02:00:00+00:00,44402.5,44432.5,44384.5,44424.0,2838
2025-01-27 03:00:00+00:00,44423.5,44469.0,44413.0,44456.0,2290
2025-01-27 04:00:00+00:00,44457.0,44459.0,44413.0,44429.0,2178
2025-01-27 05:00:00+00:00,44428.5,44435.0,44333.0,44349.0,3998
2025-01-27 06:00:00+00:00,44350.0,44358.0,44213.5,44246.0,5229
2025-01-27 07:00:00+00:00,44245.8,44275.3,44152.3,44154.8,9542
2025-01-27 08:00:00+00:00,44154.3,44235.8,44009.8,44094.3,17530
2025-01-27 09:00:00+00:00,44095.3,44242.8,44077.8,44238.8,13371
2025-01-27 10:00:00+00:00,44238.3,44267.8,44124.8,44189.3,16442
2025-01-27 11:00:00+00:00,44188.8,44234.8,44170.8,44179.8,17779
2025-01-27 12:00:00+00:00,44180.8,44325.3,44144.8,44279.8,11385
2025-01-27 13:00:00+00:00,44280.3,44335.8,44252.8,44283.3,12573
2025-01-27 14:00:00+00:00,44282.8,44546.3,44219.8,44509.3,49965
2025-01-27 15:00:00+00:00,44508.8,44614.8,44439.3,44554.8,55662
2025-01-27 16:00:00+00:00,44554.3,44609.3,44512.8,44591.8,38207
2025-01-27 17:00:00+00:00,44592.3,44758.8,44573.8,44664.8,31975
2025-01-27 18:00:00+00:00,44665.3,44744.3,44636.3,44729.8,26758
2025-01-27 19:00:00+00:00,44730.3,44912.8,44730.3,44815.8,30988
2025-01-27 20:00:00+00:00,44815.3,44915.8,44735.3,44899.8,40671
2025-01-27 21:00:00+00:00,44901.6,44933.0,44888.0,44893.5,5741
2025-01-27 23:00:00+00:00,44888.0,44898.5,44788.0,44874.5,8069
2025-01-28 00:00:00+00:00,44874.0,44878.0,44805.0,44833.5,5258
2025-01-28 01:00:00+00:00,44834.0,44882.0,44780.0,44797.0,5371
2025-01-28 02:00:00+00:00,44796.5,44864.0,44781.5,44824.0,5740
2025-01-28 03:00:00+00:00,44823.5,44860.5,44817.0,44821.0,2745
2025-01-28 04:00:00+00:00,44820.5,44832.5,44800.5,44830.0,2218
2025-01-28 05:00:00+00:00,44829.5,44850.5,44771.5,44812.0,2216
2025-01-28 06:00:00+00:00,44813.0,44822.0,44758.0,44766.0,2576
2025-01-28 07:00:00+00:00,44764.8,44818.3,44743.3,44803.3,4994
2025-01-28 08:00:00+00:00,44803.8,44916.8,44781.3,44909.3,9572
2025-01-28 09:00:00+00:00,44905.8,44937.3,44891.3,44927.3,6296
2025-01-28 10:00:00+00:00,44927.8,44960.8,44912.8,44919.3,3061
2025-01-28 11:00:00+00:00,44919.8,44938.8,44896.3,44897.3,3567
2025-01-28 12:00:00+00:00,44898.8,44925.8,44838.8,44912.3,7730
2025-01-28 13:00:00+00:00,44910.8,44917.3,44833.3,44847.3,5802
2025-01-28 14:00:00+00:00,44846.8,44972.8,44796.8,44865.3,31884
2025-01-28 15:00:00+00:00,44864.8,45148.3,44856.8,45131.8,30525
2025-01-28 16:00:00+00:00,45132.3,45160.3,44893.3,44987.3,28708
2025-01-28 17:00:00+00:00,44987.8,45059.3,44954.8,45040.8,15775
2025-01-28 18:00:00+00:00,45041.3,45093.3,45001.3,45001.8,13140
2025-01-28 19:00:00+00:00,45002.3,45051.8,44956.8,45047.8,12690
2025-01-28 20:00:00+00:00,45047.3,45082.3,45021.8,45024.8,15135
2025-01-28 21:00:00+00:00,45025.6,45027.6,44995.0,45015.0,2713
2025-01-28 23:00:00+00:00,45013.5,45025.0,44985.5,44991.0,1393
2025-01-29 00:00:00+00:00,44991.5,45023.5,44985.5,45006.0,2113
2025-01-29 01:00:00+00:00,45005.5,45015.0,44996.0,44999.0,1090
2025-01-29 02:00:00+00:00,45000.0,45024.5,44996.5,45017.0,784
2025-01-29 03:00:00+00:00,45017.5,45020.0,44985.5,45008.5,880
2025-01-29 04:00:00+00:00,45009.0,45034.0,45009.0,45024.0,854
2025-01-29 05:00:00+00:00,45023.5,45026.0,45004.0,45006.0,708
2025-01-29 06:00:00+00:00,45007.0,45076.5,45007.0,45043.5,4769
2025-01-29 07:00:00+00:00,45043.3,45043.8,44988.3,45004.8,1814
2025-01-29 08:00:00+00:00,45005.3,45011.8,44976.3,44979.3,3014
2025-01-29 09:00:00+00:00,44978.8,44998.3,44950.8,44983.8,3887
2025-01-29 10:00:00+00:00,44984.3,45030.3,44984.3,45030.3,2539
2025-01-29 11:00:00+00:00,45029.8,45052.3,45014.3,45039.8,2165
2025-01-29 12:00:00+00:00,45040.3,45044.8,45000.3,45017.3,2692
2025-01-29 13:00:00+00:00,45016.8,45017.3,44928.8,44971.3,6580
2025-01-29 14:00:00+00:00,44970.8,45103.8,44958.3,45056.8,22140
2025-01-29 15:00:00+00:00,45057.3,45141.3,45033.8,45052.8,23656
2025-01-29 16:00:00+00:00,45053.3,45077.8,44983.8,44997.8,16865
2025-01-29 17:00:00+00:00,44998.3,45065.3,44949.8,44966.8,13189
2025-01-29 18:00:00+00:00,44967.3,44993.8,44842.3,44944.8,32200
2025-01-29 19:00:00+00:00,44944.3,45007.3,44748.8,44948.8,52837
2025-01-29 20:00:00+00:00,44949.3,45025.3,44837.8,44894.8,54610
2025-01-29 21:00:00+00:00,44896.6,45036.5,44759.0,44953.5,19363
2025-01-29 23:00:00+00:00,44904.5,44943.5,44860.5,44930.0,6472
2025-01-30 00:00:00+00:00,44931.0,44991.0,44916.5,44990.5,2496
2025-01-30 01:00:00+00:00,44990.0,45019.0,44966.0,44996.0,2333
2025-01-30 02:00:00+00:00,44996.5,45020.5,44987.0,44989.5,1309
2025-01-30 03:00:00+00:00,44990.0,45008.5,44980.0,45006.0,930
2025-01-30 04:00:00+00:00,45006.5,45014.5,44978.5,44980.0,860
2025-01-30 05:00:00+00:00,44980.5,44989.0,44963.0,44980.0,1054
2025-01-30 06:00:00+00:00,44980.5,44988.5,44963.5,44984.0,1134
2025-01-30 07:00:00+00:00,44982.3,45023.3,44965.8,45020.3,1730
2025-01-30 08:00:00+00:00,45019.8,45068.3,45016.3,45064.3,3164
2025-01-30 09:00:00+00:00,45063.8,45079.3,45042.8,45060.8,3440
2025-01-30 10:00:00+00:00,45060.3,45089.3,45053.3,45061.3,2450
2025-01-30 11:00:00+00:00,45060.8,45091.3,44942.8,44969.3,4736
2025-01-30 12:00:00+00:00,44970.8,44977.3,44820.3,44843.3,7552
2025-01-30 13:00:00+00:00,44842.3,44860.8,44782.8,44857.3,8342
2025-01-30 14:00:00+00:00,44857.8,45045.8,44784.8,44981.3,27276
2025-01-30 15:00:00+00:00,44981.8,45046.8,44892.3,44944.8,35777
2025-01-30 16:00:00+00:00,44944.3,45071.3,44876.8,45061.8,23959
2025-01-30 17:00:00+00:00,45061.3,45062.3,44931.3,45000.3,19281
2025-01-30 18:00:00+00:00,45000.8,45175.3,44997.3,45148.8,12109
2025-01-30 19:00:00+00:00,45149.8,45166.3,45100.8,45160.8,11126
2025-01-30 20:00:00+00:00,45159.8,45190.3,44805.3,45052.8,42222
2025-01-30 21:00:00+00:00,45054.6,45116.5,45010.0,45064.0,9113
2025-01-30 23:00:00+00:00,45107.0,45128.5,45070.0,45108.0,3078
2025-01-31 00:00:00+00:00,45109.0,45119.0,45077.0,45100.0,2961
2025-01-31 01:00:00+00:00,45099.5,45121.0,45031.0,45116.0,3416
2025-01-31 02:00:00+00:00,45117.0,45129.5,45096.5,45100.0,1639
2025-01-31 03:00:00+00:00,45099.5,45115.5,45094.0,45095.5,966
2025-01-31 04:00:00+00:00,45096.0,45112.0,45087.5,45096.0,944
2025-01-31 05:00:00+00:00,45096.5,45131.5,45095.5,45126.0,921
2025-01-31 06:00:00+00:00,45125.0,45149.0,45120.5,45135.0,928
2025-01-31 07:00:00+00:00,45133.3,45170.3,45128.3,45151.8,1510
2025-01-31 08:00:00+00:00,45151.8,45180.3,45134.3,45168.3,2443
2025-01-31 09:00:00+00:00,45169.3,45227.3,45165.3,45182.3,2890
2025-01-31 10:00:00+00:00,45180.8,45218.3,45179.3,45191.3,2068
2025-01-31 11:00:00+00:00,45192.3,45223.3,45192.3,45223.3,1572
2025-01-31 12:00:00+00:00,45222.8,45225.3,45185.8,45190.3,2745
2025-01-31 13:00:00+00:00,45190.8,45200.3,45141.8,45171.3,5399
2025-01-31 14:00:00+00:00,45170.8,45195.8,45035.3,45052.8,21706
2025-01-31 15:00:00+00:00,45052.3,45119.3,45023.8,45033.8,23588
2025-01-31 16:00:00+00:00,45034.8,45081.8,44994.8,45027.8,18999
2025-01-31 17:00:00+00:00,45028.3,45115.3,44977.8,45043.8,21343
2025-01-31 18:00:00+00:00,45044.3,45075.3,44753.3,44820.8,51108
2025-01-31 19:00:00+00:00,44819.8,44852.3,44672.8,44790.8,64243
2025-01-31 20:00:00+00:00,44790.3,44790.8,44656.8,44700.3,59569
2025-01-31 21:00:00+00:00,44701.1,44724.0,44667.5,44700.0,7202
2025-02-02 23:00:00+00:00,44198.5,44292.0,44054.5,44185.5,13574
2025-02-03 00:00:00+00:00,44185.0,44249.5,44133.0,44167.5,11058
2025-02-03 01:00:00+00:00,44167.0,44227.0,44104.5,44150.5,9429
2025-02-03 02:00:00+00:00,44151.0,44158.0,43995.5,44057.5,8244
2025-02-03 03:00:00+00:00,44058.0,44082.5,44019.0,44054.0,4528
2025-02-03 04:00:00+00:00,44054.5,44078.5,43966.5,44018.0,4430
2025-02-03 05:00:00+00:00,44018.5,44066.5,44000.5,44060.5,3247
2025-02-03 06:00:00+00:00,44059.5,44081.0,44014.5,44037.0,4935
2025-02-03 07:00:00+00:00,44035.8,44097.8,44034.3,44043.8,6764
2025-02-03 08:00:00+00:00,44044.3,44200.8,44032.3,44174.8,13394
2025-02-03 09:00:00+00:00,44177.3,44181.3,44049.3,44056.3,10577
2025-02-03 10:00:00+00:00,44055.8,44142.8,44043.3,44123.8,6608
2025-02-03 11:00:00+00:00,44124.3,44169.3,44076.8,44103.3,5378
2025-02-03 12:00:00+00:00,44104.3,44138.8,43999.8,44020.3,8751
2025-02-03 13:00:00+00:00,44021.3,44163.3,44018.8,44083.3,13541
2025-02-03 14:00:00+00:00,44082.8,44312.8,44024.3,44077.8,48468
2025-02-03 15:00:00+00:00,44077.3,44608.8,44009.3,44521.3,73854
2025-02-03 16:00:00+00:00,44521.8,44663.7,44412.3,44538.7,56404
2025-02-03 17:00:00+00:00,44539.4,44653.2,44463.2,44557.2,47363
2025-02-03 18:00:00+00:00,44556.9,44658.4,44472.9,44643.9,37278
2025-02-03 19:00:00+00:00,44639.4,44737.9,44631.7,44707.7,24998
2025-02-03 20:00:00+00:00,44708.7,44715.9,44551.7,44565.4,29180
2025-02-03 21:00:00+00:00,44564.4,44817.6,44562.6,44751.9,13521
2025-02-03 23:00:00+00:00,44826.0,44828.0,44726.6,44744.1,3235
2025-02-04 00:00:00+00:00,44743.6,44744.6,44695.1,44713.9,3157
2025-02-04 01:00:00+00:00,44714.4,44714.6,44624.9,44661.1,4517
2025-02-04 02:00:00+00:00,44661.9,44665.9,44602.9,44621.1,3602
2025-02-04 03:00:00+00:00,44621.6,44627.9,44567.9,44600.4,3247
2025-02-04 04:00:00+00:00,44600.1,44628.4,44580.9,44589.4,2238
2025-02-04 05:00:00+00:00,44589.9,44590.6,44350.9,44500.9,15833
2025-02-04 06:00:00+00:00,44501.6,44534.6,44445.4,44531.4,5959
2025-02-04 07:00:00+00:00,44529.9,44547.9,44490.2,44495.4,4752
2025-02-04 08:00:00+00:00,44495.9,44538.9,44363.9,44410.7,11905
2025-02-04 09:00:00+00:00,44411.4,44479.4,44411.4,44437.9,7084
2025-02-04 10:00:00+00:00,44436.9,44488.7,44425.7,44469.9,4936
2025-02-04 11:00:00+00:00,44470.4,44509.4,44418.7,44437.2,5809
2025-02-04 12:00:00+00:00,44436.9,44525.2,44436.9,44508.2,6281
2025-02-04 13:00:00+00:00,44506.7,44525.2,44458.9,44480.4,6112
2025-02-04 14:00:00+00:00,44480.7,44564.7,44460.7,44492.9,28165
2025-02-04 15:00:00+00:00,44492.2,44609.7,44491.4,44545.7,34278
2025-02-04 16:00:00+00:00,44546.4,44683.4,44546.4,44621.2,22248
2025-02-04 17:00:00+00:00,44620.9,44669.9,44533.2,44655.7,26545
2025-02-04 18:00:00+00:00,44656.2,44662.2,44595.2,44601.2,14685
2025-02-04 19:00:00+00:00,44601.7,44742.9,44595.9,44693.7,15450
2025-02-04 20:00:00+00:00,44695.7,44722.9,44646.9,44694.9,17448
2025-02-04 21:00:00+00:00,44696.6,44730.6,44623.9,44662.9,8472
2025-02-04 23:00:00+00:00,44647.5,44687.1,44636.0,44647.6,3007
2025-02-05 00:00:00+00:00,44647.9,44703.1,44633.1,44684.1,3664
2025-02-05 01:00:00+00:00,44682.9,44701.9,44633.9,44636.9,5030
2025-02-05 02:00:00+00:00,44636.6,44652.6,44601.1,44604.9,2962
2025-02-05 03:00:00+00:00,44605.4,44617.9,44589.9,44597.9,2054
2025-02-05 04:00:00+00:00,44598.6,44602.4,44576.9,44593.1,1678
2025-02-05 05:00:00+00:00,44593.6,44597.1,44561.4,44568.4,2101
2025-02-05 06:00:00+00:00,44568.9,44599.9,44556.9,44570.4,2414
2025-02-05 07:00:00+00:00,44569.4,44590.4,44545.7,44567.4,4381
2025-02-05 08:00:00+00:00,44566.4,44650.7,44564.4,44604.9,7745
2025-02-05 09:00:00+00:00,44603.2,44636.4,44537.7,44542.2,7061
2025-02-05 10:00:00+00:00,44541.7,44626.4,44527.2,44610.2,4170
2025-02-05 11:00:00+00:00,44610.9,44676.9,44606.2,44646.2,3921
2025-02-05 12:00:00+00:00,44646.9,44707.2,44626.7,44637.4,4342
2025-02-05 13:00:00+00:00,44637.9,44663.2,44596.4,44652.2,7359
2025-02-05 14:00:00+00:00,44651.4,44747.9,44551.9,44591.7,23028
2025-02-05 15:00:00+00:00,44591.9,44728.4,44468.7,44713.4,37492
2025-02-05 16:00:00+00:00,44712.4,44844.9,44666.9,44807.7,22334
2025-02-05 17:00:00+00:00,44806.7,44844.9,44778.7,44829.2,12853
2025-02-05 18:00:00+00:00,44829.7,44927.9,44817.7,44896.7,12027
2025-02-05 19:00:00+00:00,44895.7,44969.9,44887.2,44931.9,9551
2025-02-05 20:00:00+00:00,44931.4,45022.7,44930.7,45000.9,15092
2025-02-05 21:00:00+00:00,45002.4,45057.1,44991.1,45045.6,3895
2025-02-05 23:00:00+00:00,45044.0,45046.6,45008.6,45043.1,1376
2025-02-06 00:00:00+00:00,45043.6,45079.1,45041.1,45055.1,2400
2025-02-06 01:00:00+00:00,45055.4,45068.1,45044.9,45065.1,2239
2025-02-06 02:00:00+00:00,45063.9,45071.6,45051.9,45063.1,1466
2025-02-06 03:00:00+00:00,45063.4,45073.9,45056.1,45072.6,966
2025-02-06 04:00:00+00:00,45072.1,45090.9,45069.4,45087.1,739
2025-02-06 05:00:00+00:00,45085.9,45111.6,45083.9,45105.4,1131
2025-02-06 06:00:00+00:00,45106.1,45107.1,45081.9,45085.1,879
2025-02-06 07:00:00+00:00,45083.2,45107.4,45069.9,45073.2,1671
2025-02-06 08:00:00+00:00,45074.4,45135.4,45053.7,45126.2,3908
2025-02-06 09:00:00+00:00,45125.7,45126.4,45086.7,45097.2,3118
2025-02-06 10:00:00+00:00,45098.4,45179.4,45096.2,45121.4,3026
2025-02-06 11:00:00+00:00,45123.4,45125.2,44982.4,45011.7,5455
2025-02-06 12:00:00+00:00,45012.4,45082.4,45003.2,45064.4,4108
2025-02-06 13:00:00+00:00,45065.4,45084.2,45030.2,45072.4,4390
2025-02-06 14:00:00+00:00,45071.9,45117.4,44984.7,45007.9,21174
2025-02-06 15:00:00+00:00,45008.7,45018.9,44857.7,44871.4,28357
2025-02-06 16:00:00+00:00,44870.9,44944.4,44836.7,44857.9,18621
2025-02-06 17:00:00+00:00,44858.7,44911.4,44806.2,44894.9,10906
2025-02-06 18:00:00+00:00,44895.9,44903.9,44789.7,44799.9,11547
2025-02-06 19:00:00+00:00,44799.4,44852.7,44660.7,44754.9,21637
2025-02-06 20:00:00+00:00,44752.9,44880.9,44745.7,44867.2,21941
2025-02-06 21:00:00+00:00,44868.1,44874.1,44680.4,44794.9,8468
2025-02-06 23:00:00+00:00,44789.0,44854.1,44775.0,44846.4,2359
2025-02-07 00:00:00+00:00,44845.1,44866.1,44837.9,44865.1,1552
2025-02-07 01:00:00+00:00,44865.9,44880.6,44853.9,44868.9,1666
2025-02-07 02:00:00+00:00,44868.4,44875.1,44843.9,44855.9,1014
2025-02-07 03:00:00+00:00,44854.9,44866.1,44831.4,44833.1,1018
2025-02-07 04:00:00+00:00,44834.1,44836.6,44826.4,44828.9,595
2025-02-07 05:00:00+00:00,44829.4,44838.6,44814.9,44817.1,766
2025-02-07 06:00:00+00:00,44815.9,44834.1,44793.6,44833.9,1415
2025-02-07 07:00:00+00:00,44833.4,44843.7,44816.2,44816.2,1563
2025-02-07 08:00:00+00:00,44817.4,44866.9,44816.2,44843.9,3443
2025-02-07 09:00:00+00:00,44843.2,44897.7,44836.2,44896.2,2772
2025-02-07 10:00:00+00:00,44895.7,44899.7,44871.4,44881.2,1508
2025-02-07 11:00:00+00:00,44881.9,44918.4,44876.7,44903.4,1453
2025-02-07 12:00:00+00:00,44902.7,44909.7,44873.4,44875.4,1700
2025-02-07 13:00:00+00:00,44876.2,44929.4,44772.7,44914.4,15246
2025-02-07 14:00:00+00:00,44914.9,44959.7,44797.7,44957.9,26422
2025-02-07 15:00:00+00:00,44958.2,44962.4,44503.9,44623.4,62630
2025-02-07 16:00:00+00:00,44620.9,44746.4,44514.7,44552.4,58782
2025-02-07 17:00:00+00:00,44551.7,44631.4,44473.2,44525.9,45110
2025-02-07 18:00:00+00:00,44526.7,44623.4,44432.9,44442.9,26027
2025-02-07 19:00:00+00:00,44443.7,44473.7,44404.7,44428.7,20789
2025-02-07 20:00:00+00:00,44427.9,44457.7,44384.7,44425.4,25507
2025-02-07 21:00:00+00:00,44424.9,44447.6,44413.9,44429.9,2589
2025-02-09 23:00:00+00:00,44337.0,44484.1,44310.6,44468.9,5321
2025-02-10 00:00:00+00:00,44468.4,44526.1,44438.1,44517.1,4273
2025-02-10 01:00:00+00:00,44517.4,44524.6,44498.6,44502.6,2934
2025-02-10 02:00:00+00:00,44502.1,44512.6,44486.4,44498.9,1616
2025-02-10 03:00:00+00:00,44498.4,44504.9,44482.9,44503.1,805
2025-02-10 04:00:00+00:00,44503.4,44509.4,44488.1,44488.1,914
2025-02-10 05:00:00+00:00,44488.6,44516.6,44485.9,44489.1,1481
2025-02-10 06:00:00+00:00,44489.4,44500.1,44479.1,44498.9,1002
2025-02-10 07:00:00+00:00,44498.2,44502.9,44473.2,44480.4,1679
2025-02-10 08:00:00+00:00,44478.2,44516.4,44472.7,44513.2,3316
2025-02-10 09:00:00+00:00,44515.7,44557.4,44502.9,44541.2,2957
2025-02-10 10:00:00+00:00,44539.9,44569.7,44539.2,44565.9,2085
2025-02-10 11:00:00+00:00,44565.4,44596.7,44548.2,44595.7,2732
2025-02-10 12:00:00+00:00,44596.2,44642.9,44565.4,44631.2,3099
2025-02-10 13:00:00+00:00,44628.4,44684.4,44620.2,44683.4,3449
2025-02-10 14:00:00+00:00,44684.4,44734.9,44466.4,44536.9,19654
2025-02-10 15:00:00+00:00,44538.7,44609.9,44484.4,44530.7,22301
2025-02-10 16:00:00+00:00,44531.9,44546.9,44420.2,44493.9,20596
2025-02-10 17:00:00+00:00,44492.7,44518.9,44406.7,44513.9,15870
2025-02-10 18:00:00+00:00,44512.9,44585.9,44511.7,44561.7,10590
2025-02-10 19:00:00+00:00,44560.7,44608.9,44536.7,44550.2,11508
2025-02-10 20:00:00+00:00,44551.2,44602.9,44531.2,44577.2,14107
2025-02-10 21:00:00+00:00,44578.9,44588.4,44551.4,44587.9,2458
2025-02-10 23:00:00+00:00,44571.5,44574.0,44489.4,44520.4,2703
2025-02-11 00:00:00+00:00,44521.4,44544.1,44502.9,44526.6,1695
2025-02-11 01:00:00+00:00,44526.9,44531.9,44498.1,44509.9,1930
2025-02-11 02:00:00+00:00,44510.6,44512.4,44467.4,44480.1,2484
2025-02-11 03:00:00+00:00,44479.4,44514.1,44471.9,44513.4,1275
2025-02-11 04:00:00+00:00,44512.1,44520.1,44507.6,44509.1,658
2025-02-11 05:00:00+00:00,44509.4,44527.1,44509.4,44519.1,786
2025-02-11 06:00:00+00:00,44518.6,44519.1,44489.9,44492.9,846
2025-02-11 07:00:00+00:00,44492.4,44500.2,44459.2,44460.4,1872
2025-02-11 08:00:00+00:00,44459.9,44525.4,44448.7,44500.2,4825
2025-02-11 09:00:00+00:00,44499.4,44523.4,44471.2,44476.4,3007
2025-02-11 10:00:00+00:00,44476.9,44506.4,44466.4,44470.4,2373
2025-02-11 11:00:00+00:00,44469.4,44513.9,44469.4,44509.2,2420
2025-02-11 12:00:00+00:00,44511.2,44514.7,44470.7,44499.4,4270
2025-02-11 13:00:00+00:00,44500.4,44501.4,44429.2,44438.4,5597
2025-02-11 14:00:00+00:00,44437.7,44498.4,44397.2,44475.2,21211
2025-02-11 15:00:00+00:00,44475.9,44613.4,44416.7,44601.9,24757
2025-02-11 16:00:00+00:00,44602.9,44651.9,44585.7,44613.9,16427
2025-02-11 17:00:00+00:00,44613.4,44630.9,44568.2,44581.7,16566
2025-02-11 18:00:00+00:00,44580.9,44662.9,44551.7,44596.7,16436
2025-02-11 19:00:00+00:00,44596.2,44745.2,44591.7,44708.7,14877
2025-02-11 20:00:00+00:00,44709.4,44749.9,44670.7,44708.2,17049
2025-02-11 21:00:00+00:00,44708.6,44732.1,44694.9,44702.1,2684
2025-02-11 23:00:00+00:00,44705.0,44727.4,44674.9,44711.1,1701
2025-02-12 00:00:00+00:00,44710.4,44736.1,44703.9,44713.9,1839
2025-02-12 01:00:00+00:00,44713.4,44727.1,44690.9,44720.1,2249
2025-02-12 02:00:00+00:00,44720.9,44722.1,44704.9,44705.1,1134
2025-02-12 03:00:00+00:00,44705.6,44706.4,44681.6,44691.6,1052
2025-02-12 04:00:00+00:00,44690.9,44690.9,44676.4,44684.1,820
2025-02-12 05:00:00+00:00,44684.6,44689.1,44672.4,44674.1,742
2025-02-12 06:00:00+00:00,44674.6,44687.4,44664.9,44678.9,849
2025-02-12 07:00:00+00:00,44677.9,44689.4,44666.4,44668.9,1035
2025-02-12 08:00:00+00:00,44669.4,44700.9,44657.2,44661.4,2569
2025-02-12 09:00:00+00:00,44660.9,44661.4,44588.7,44643.2,3887
2025-02-12 10:00:00+00:00,44643.7,44652.4,44615.2,44652.4,2218
2025-02-12 11:00:00+00:00,44653.2,44659.2,44629.2,44643.4,2297
2025-02-12 12:00:00+00:00,44644.2,44675.9,44628.2,44674.4,2907
2025-02-12 13:00:00+00:00,44673.2,44704.9,44245.4,44306.4,20109
2025-02-12 14:00:00+00:00,44307.4,44366.2,44189.2,44343.9,33328
2025-02-12 15:00:00+00:00,44342.7,44475.7,44228.7,44439.9,47973
2025-02-12 16:00:00+00:00,44441.7,44494.4,44231.2,44486.4,34199
2025-02-12 17:00:00+00:00,44486.9,44565.2,44459.2,44559.7,28217
2025-02-12 18:00:00+00:00,44559.2,44571.4,44457.7,44475.9,20008
2025-02-12 19:00:00+00:00,44476.7,44526.9,44434.7,44497.9,17186
2025-02-12 20:00:00+00:00,44496.7,44502.9,44399.9,44458.2,19336
2025-02-12 21:00:00+00:00,44460.4,44518.4,44450.9,44512.4,4366
2025-02-12 23:00:00+00:00,44523.5,44545.9,44500.6,44535.4,2157
2025-02-13 00:00:00+00:00,44534.9,44554.6,44521.4,44542.1,1839
2025-02-13 01:00:00+00:00,44541.1,44545.1,44523.6,44535.4,1877
2025-02-13 02:00:00+00:00,44535.1,44536.1,44511.9,44532.1,1180
2025-02-13 03:00:00+00:00,44532.6,44556.1,44530.9,44546.4,976
2025-02-13 04:00:00+00:00,44545.9,44565.1,44542.9,44543.4,1034
2025-02-13 05:00:00+00:00,44544.4,44556.1,44538.6,44546.1,936
2025-02-13 06:00:00+00:00,44546.9,44559.1,44536.4,44536.9,1260
2025-02-13 07:00:00+00:00,44537.4,44552.4,44498.2,44505.4,2584
2025-02-13 08:00:00+00:00,44505.7,44510.4,44376.2,44393.2,8525
2025-02-13 09:00:00+00:00,44393.7,44457.4,44359.2,44446.9,6015
2025-02-13 10:00:00+00:00,44446.2,44489.4,44431.7,44486.4,3057
2025-02-13 11:00:00+00:00,44486.9,44519.2,44437.2,44478.4,6558
2025-02-13 12:00:00+00:00,44478.9,44497.9,44438.2,44470.9,5111
2025-02-13 13:00:00+00:00,44470.4,44578.9,44439.9,44566.4,14043
2025-02-13 14:00:00+00:00,44567.4,44630.4,44451.7,44506.7,26046
2025-02-13 15:00:00+00:00,44507.9,44595.9,44478.7,44556.9,33811
2025-02-13 16:00:00+00:00,44557.9,44630.7,44535.7,44553.7,22315
2025-02-13 17:00:00+00:00,44553.4,44619.4,44528.2,44551.9,17536
2025-02-13 18:00:00+00:00,44550.7,44674.2,44497.2,44671.4,31851
2025-02-13 19:00:00+00:00,44670.7,44851.9,44660.7,44800.9,21017
2025-02-13 20:00:00+00:00,44800.2,44874.9,44795.4,44807.7,18554
2025-02-13 21:00:00+00:00,44808.6,44845.1,44802.4,44827.9,3375
2025-02-13 23:00:00+00:00,44821.5,44849.0,44816.4,44833.9,2146
2025-02-14 00:00:00+00:00,44834.6,44849.6,44817.9,44830.9,2026
2025-02-14 01:00:00+00:00,44831.6,44877.1,44827.9,44872.9,2450
2025-02-14 02:00:00+00:00,44873.4,44880.1,44864.1,44872.6,1181
2025-02-14 03:00:00+00:00,44873.1,44875.9,44856.1,44866.9,806
2025-02-14 04:00:00+00:00,44866.1,44870.1,44861.9,44865.1,518
2025-02-14 05:00:00+00:00,44864.4,44868.6,44840.9,44843.1,928
2025-02-14 06:00:00+00:00,44842.1,44851.9,44836.4,44845.1,819
2025-02-14 07:00:00+00:00,44843.4,44875.2,44836.9,44838.4,2050
2025-02-14 08:00:00+00:00,44839.2,44839.4,44768.4,44784.4,3864
2025-02-14 09:00:00+00:00,44780.7,44799.9,44731.2,44739.2,3400
2025-02-14 10:00:00+00:00,44738.2,44739.4,44675.2,44684.2,3250
2025-02-14 11:00:00+00:00,44684.7,44691.9,44643.2,44688.4,3792
2025-02-14 12:00:00+00:00,44687.7,44717.9,44685.2,44715.7,3239
2025-02-14 13:00:00+00:00,44717.4,44752.2,44701.4,44749.7,4397
2025-02-14 14:00:00+00:00,44750.4,44837.7,44731.2,44816.9,17925
2025-02-14 15:00:00+00:00,44817.2,44865.9,44717.4,44750.2,24806
2025-02-14 16:00:00+00:00,44750.9,44806.7,44679.4,44748.7,19650
2025-02-14 17:00:00+00:00,44750.4,44752.9,44655.2,44702.7,12994
2025-02-14 18:00:00+00:00,44703.9,44754.4,44678.2,44730.7,8315
2025-02-14 19:00:00+00:00,44729.9,44739.4,44671.7,44696.7,10098
2025-02-14 20:00:00+00:00,44696.4,44696.4,44590.9,44635.9,15477
2025-02-14 21:00:00+00:00,44638.6,44642.1,44605.9,44628.1,2236
2025-02-16 23:00:00+00:00,44667.0,44669.1,44607.6,44643.4,1667
2025-02-17 00:00:00+00:00,44643.1,44657.6,44624.1,44653.4,1897
2025-02-17 01:00:00+00:00,44653.1,44668.1,44643.4,44655.9,1491
2025-02-17 02:00:00+00:00,44656.4,44670.1,44649.9,44666.4,774
2025-02-17 03:00:00+00:00,44666.1,44668.1,44653.4,44662.4,635
2025-02-17 04:00:00+00:00,44663.1,44678.6,44656.9,44676.9,459
2025-02-17 05:00:00+00:00,44677.6,44688.6,44674.4,44677.9,661
2025-02-17 06:00:00+00:00,44678.4,44683.1,44665.4,44674.9,645
2025-02-17 07:00:00+00:00,44674.2,44676.4,44645.4,44647.4,918
2025-02-17 08:00:00+00:00,44646.7,44664.9,44642.2,44650.2,1538
2025-02-17 09:00:00+00:00,44651.2,44696.4,44651.2,44692.4,1118
2025-02-17 10:00:00+00:00,44691.9,44693.4,44669.9,44681.7,862
2025-02-17 11:00:00+00:00,44682.4,44696.2,44678.4,44688.7,707
2025-02-17 12:00:00+00:00,44690.2,44720.2,44682.9,44712.2,806
2025-02-17 13:00:00+00:00,44713.4,44739.4,44710.7,44731.4,874
2025-02-17 14:00:00+00:00,44730.4,44745.4,44686.9,44709.7,3261
2025-02-17 15:00:00+00:00,44710.9,44715.9,44669.9,44681.7,2039
2025-02-17 16:00:00+00:00,44682.4,44741.9,44677.2,44722.7,1715
2025-02-17 17:00:00+00:00,44722.2,44759.9,44714.7,44744.7,1382
2025-02-17 23:00:00+00:00,44734.5,44745.0,44681.1,44719.1,1232
2025-02-18 00:00:00+00:00,44718.4,44725.1,44688.9,44704.1,1556
2025-02-18 01:00:00+00:00,44704.4,44713.9,44688.9,44693.1,1587
2025-02-18 02:00:00+00:00,44691.9,44700.1,44685.6,44693.4,916
2025-02-18 03:00:00+00:00,44694.1,44695.1,44681.1,44687.9,750
2025-02-18 04:00:00+00:00,44688.4,44689.1,44673.9,44680.9,467
2025-02-18 05:00:00+00:00,44681.6,44684.1,44670.9,44677.9,650
2025-02-18 06:00:00+00:00,44677.4,44735.9,44675.6,44734.1,1343
2025-02-18 07:00:00+00:00,44732.7,44754.4,44731.2,44747.4,1699
2025-02-18 08:00:00+00:00,44747.7,44748.4,44680.2,44707.4,3309
2025-02-18 09:00:00+00:00,44703.4,44722.9,44643.2,44645.9,3113
2025-02-18 10:00:00+00:00,44646.4,44687.7,44624.7,44686.2,2176
2025-02-18 11:00:00+00:00,44686.9,44703.2,44681.4,44688.2,1362
2025-02-18 12:00:00+00:00,44690.4,44725.4,44687.7,44714.9,2404
2025-02-18 13:00:00+00:00,44713.9,44735.4,44696.4,44706.2,2974
2025-02-18 14:00:00+00:00,44708.4,44710.9,44498.2,44498.9,25602
2025-02-18 15:00:00+00:00,44498.4,44655.4,44471.4,44645.9,28093
2025-02-18 16:00:00+00:00,44645.4,44648.9,44526.4,44562.9,18043
2025-02-18 17:00:00+00:00,44561.7,44601.2,44543.7,44575.7,12679
2025-02-18 18:00:00+00:00,44576.9,44608.7,44525.7,44534.4,15447
2025-02-18 19:00:00+00:00,44533.9,44550.7,44410.2,44529.9,21262
2025-02-18 20:00:00+00:00,44530.4,44651.4,44507.2,44645.2,15325
2025-02-18 21:00:00+00:00,44645.6,44678.6,44637.9,44645.6,3539
2025-02-18 23:00:00+00:00,44639.5,44680.5,44636.5,44656.9,1705
2025-02-19 00:00:00+00:00,44656.6,44684.1,44651.1,44682.4,1229
2025-02-19 01:00:00+00:00,44682.9,44696.9,44680.9,44691.1,1473
2025-02-19 02:00:00+00:00,44689.9,44696.9,44679.6,44688.9,1048
2025-02-19 03:00:00+00:00,44688.6,44700.1,44683.4,44696.1,492
2025-02-19 04:00:00+00:00,44695.4,44696.1,44675.4,44685.1,657
2025-02-19 05:00:00+00:00,44684.4,44693.1,44680.9,44688.1,734
2025-02-19 06:00:00+00:00,44688.6,44702.9,44683.9,44685.9,678
2025-02-19 07:00:00+00:00,44685.9,44695.2,44664.9,44664.9,1262
2025-02-19 08:00:00+00:00,44665.4,44679.4,44652.9,44672.7,2199
2025-02-19 09:00:00+00:00,44673.4,44689.4,44660.7,44673.4,1775
2025-02-19 10:00:00+00:00,44672.7,44675.4,44580.9,44587.2,2794
2025-02-19 11:00:00+00:00,44587.7,44590.4,44524.4,44558.2,3449
2025-02-19 12:00:00+00:00,44557.9,44598.2,44556.4,44564.4,3299
2025-02-19 13:00:00+00:00,44566.2,44593.7,44509.7,44531.4,4937
2025-02-19 14:00:00+00:00,44530.2,44553.9,44442.9,44499.7,22032
2025-02-19 15:00:00+00:00,44501.2,44545.4,44433.9,44446.9,25569
2025-02-19 16:00:00+00:00,44447.4,44558.7,44441.7,44544.7,16480
2025-02-19 17:00:00+00:00,44543.7,44565.4,44456.2,44485.9,12559
2025-02-19 18:00:00+00:00,44486.2,44517.9,44396.2,44506.2,13064
2025-02-19 19:00:00+00:00,44506.9,44678.4,44499.7,44655.4,16685
2025-02-19 20:00:00+00:00,44654.9,44723.9,44606.2,44710.4,21238
2025-02-19 21:00:00+00:00,44709.9,44711.1,44643.9,44663.9,2857
2025-02-19 23:00:00+00:00,44649.5,44681.0,44643.9,44667.1,1890
2025-02-20 00:00:00+00:00,44666.6,44685.4,44649.9,44684.9,1769
2025-02-20 01:00:00+00:00,44684.1,44686.1,44634.9,44636.6,2761
2025-02-20 02:00:00+00:00,44636.1,44654.9,44625.9,44648.4,1934
2025-02-20 03:00:00+00:00,44648.9,44655.1,44633.9,44633.9,905
2025-02-20 04:00:00+00:00,44633.1,44633.6,44608.4,44614.9,1065
2025-02-20 05:00:00+00:00,44616.1,44621.6,44606.9,44609.1,861
2025-02-20 06:00:00+00:00,44609.4,44627.9,44605.9,44622.9,1164
2025-02-20 07:00:00+00:00,44622.4,44637.4,44608.2,44613.4,1613
2025-02-20 08:00:00+00:00,44612.2,44635.9,44605.9,44630.9,2621
2025-02-20 09:00:00+00:00,44631.2,44663.4,44630.7,44656.9,1937
2025-02-20 10:00:00+00:00,44657.4,44675.4,44654.2,44654.2,1212
2025-02-20 11:00:00+00:00,44654.9,44654.9,44568.2,44571.4,2671
2025-02-20 12:00:00+00:00,44570.9,44615.4,44563.2,44584.2,3655
2025-02-20 13:00:00+00:00,44585.2,44592.4,44548.7,44565.9,3480
2025-02-20 14:00:00+00:00,44564.4,44606.2,44378.7,44380.9,23288
2025-02-20 15:00:00+00:00,44381.9,44385.4,44126.7,44161.4,41496
2025-02-20 16:00:00+00:00,44160.7,44196.2,44043.7,44055.7,27554
2025-02-20 17:00:00+00:00,44056.4,44173.4,44041.7,44091.9,20854
2025-02-20 18:00:00+00:00,44090.4,44119.2,44034.7,44108.7,18393
2025-02-20 19:00:00+00:00,44107.9,44235.9,44102.7,44213.9,18069
2025-02-20 20:00:00+00:00,44215.2,44284.9,44183.7,44275.4,22009
2025-02-20 21:00:00+00:00,44277.1,44285.1,44242.9,44253.1,3240
2025-02-20 23:00:00+00:00,44249.5,44302.1,44222.0,44288.1,1726
2025-02-21 00:00:00+00:00,44283.4,44295.1,44265.9,44278.6,1436
2025-02-21 01:00:00+00:00,44277.9,44284.1,44257.6,44266.9,2338
2025-02-21 02:00:00+00:00,44267.6,44281.6,44266.9,44275.9,1182
2025-02-21 03:00:00+00:00,44276.4,44277.4,44258.9,44259.9,792
2025-02-21 04:00:00+00:00,44260.9,44271.6,44257.9,44262.9,579
2025-02-21 05:00:00+00:00,44262.1,44267.1,44247.6,44257.9,1055
2025-02-21 06:00:00+00:00,44255.9,44276.9,44255.6,44272.9,512
2025-02-21 07:00:00+00:00,44273.4,44289.9,44262.2,44264.4,1525
2025-02-21 08:00:00+00:00,44266.4,44312.4,44250.2,44301.2,4940
2025-02-21 09:00:00+00:00,44299.4,44303.4,44274.2,44301.9,2217
2025-02-21 10:00:00+00:00,44302.4,44332.9,44294.2,44329.9,1799
2025-02-21 11:00:00+00:00,44330.2,44333.4,44305.2,44313.4,1552
2025-02-21 12:00:00+00:00,44312.7,44313.2,44060.2,44082.4,7208
2025-02-21 13:00:00+00:00,44081.9,44081.9,43997.7,44011.4,4698
2025-02-21 14:00:00+00:00,44010.4,44086.4,43850.4,43883.7,27892
2025-02-21 15:00:00+00:00,43884.2,43918.9,43826.7,43872.7,39437
2025-02-21 16:00:00+00:00,43872.4,43920.2,43830.7,43883.9,26915
2025-02-21 17:00:00+00:00,43882.9,43893.4,43660.2,43675.9,30353
2025-02-21 18:00:00+00:00,43677.7,43684.4,43515.7,43534.7,40506
2025-02-21 19:00:00+00:00,43536.9,43594.4,43419.9,43484.9,36678
2025-02-21 20:00:00+00:00,43482.9,43541.9,43458.7,43497.4,35988
2025-02-21 21:00:00+00:00,43499.1,43508.1,43478.9,43496.9,4121
2025-02-23 23:00:00+00:00,43528.6,43625.4,43512.9,43614.4,3944
2025-02-24 00:00:00+00:00,43615.6,43667.1,43611.1,43637.1,3930
2025-02-24 01:00:00+00:00,43635.6,43661.6,43625.4,43647.9,3571
2025-02-24 02:00:00+00:00,43648.9,43696.1,43645.9,43685.9,1961
2025-02-24 03:00:00+00:00,43686.4,43691.1,43678.1,43687.9,1097
2025-02-24 04:00:00+00:00,43688.9,43703.6,43685.9,43691.1,762
2025-02-24 05:00:00+00:00,43691.4,43715.1,43691.4,43710.1,1181
2025-02-24 06:00:00+00:00,43708.9,43734.4,43703.9,43709.9,1439
2025-02-24 07:00:00+00:00,43709.4,43718.2,43657.2,43689.2,3875
2025-02-24 08:00:00+00:00,43690.4,43717.4,43607.7,43705.4,8289
2025-02-24 09:00:00+00:00,43704.7,43813.2,43698.9,43773.9,6177
2025-02-24 10:00:00+00:00,43774.4,43809.7,43754.2,43789.2,2837
2025-02-24 11:00:00+00:00,43788.2,43826.9,43773.9,43812.7,3258
2025-02-24 12:00:00+00:00,43812.2,43818.9,43768.2,43781.4,3766
2025-02-24 13:00:00+00:00,43778.2,43783.4,43716.4,43718.2,3823
2025-02-24 14:00:00+00:00,43717.2,43738.4,43517.7,43520.9,30902
2025-02-24 15:00:00+00:00,43521.7,43607.4,43420.7,43508.7,54835
2025-02-24 16:00:00+00:00,43511.9,43694.7,43499.2,43628.9,41090
2025-02-24 17:00:00+00:00,43628.2,43750.2,43615.7,43694.9,29989
2025-02-24 18:00:00+00:00,43692.9,43767.9,43680.9,43718.9,25936
2025-02-24 19:00:00+00:00,43719.4,43777.4,43656.7,43678.7,25250
2025-02-24 20:00:00+00:00,43680.9,43694.9,43505.7,43542.9,30238
2025-02-24 21:00:00+00:00,43543.4,43602.1,43524.9,43572.9,5827
2025-02-24 23:00:00+00:00,43571.9,43613.4,43531.9,43559.6,3461
2025-02-25 00:00:00+00:00,43561.1,43617.1,43559.4,43609.6,3564
2025-02-25 01:00:00+00:00,43608.9,43642.9,43594.6,43641.1,3665
2025-02-25 02:00:00+00:00,43639.9,43648.1,43599.9,43642.9,2681
2025-02-25 03:00:00+00:00,43642.6,43658.4,43616.4,43616.9,1335
2025-02-25 04:00:00+00:00,43617.4,43638.1,43600.1,43600.6,1593
2025-02-25 05:00:00+00:00,43601.1,43614.1,43597.4,43608.1,1207
2025-02-25 06:00:00+00:00,43607.6,43613.4,43554.6,43567.9,1845
2025-02-25 07:00:00+00:00,43566.4,43568.9,43429.2,43430.2,5553
2025-02-25 08:00:00+00:00,43429.7,43595.9,43427.9,43495.9,8385
2025-02-25 09:00:00+00:00,43496.4,43579.9,43442.2,43445.2,8689
2025-02-25 10:00:00+00:00,43445.9,43531.2,43445.4,43473.4,4733
2025-02-25 11:00:00+00:00,43473.9,43541.9,43392.2,43515.4,6666
2025-02-25 12:00:00+00:00,43516.9,43608.2,43505.2,43600.4,6120
2025-02-25 13:00:00+00:00,43597.2,43655.7,43584.4,43634.4,5910
2025-02-25 14:00:00+00:00,43634.9,43806.9,43562.2,43626.2,35997
2025-02-25 15:00:00+00:00,43625.4,43626.4,43346.7,43548.9,67880
2025-02-25 16:00:00+00:00,43551.9,43585.9,43376.7,43539.9,52946
2025-02-25 17:00:00+00:00,43538.7,43696.7,43463.4,43694.9,36258
2025-02-25 18:00:00+00:00,43694.2,43777.9,43571.7,43660.7,36520
2025-02-25 19:00:00+00:00,43659.7,43763.4,43542.7,43718.7,40204
2025-02-25 20:00:00+00:00,43719.4,43843.7,43628.9,43693.7,48702
2025-02-25 21:00:00+00:00,43696.4,43775.6,43687.1,43748.9,6294
2025-02-25 23:00:00+00:00,43749.0,43785.9,43733.9,43770.1,1939
2025-02-26 00:00:00+00:00,43769.4,43785.6,43754.1,43779.1,2361
2025-02-26 01:00:00+00:00,43779.4,43781.1,43712.1,43719.6,2465
2025-02-26 02:00:00+00:00,43720.1,43742.9,43698.1,43737.9,2456
2025-02-26 03:00:00+00:00,43737.4,43775.1,43733.1,43750.1,2118
2025-02-26 04:00:00+00:00,43748.9,43767.6,43745.9,43764.9,852
2025-02-26 05:00:00+00:00,43764.6,43791.1,43764.6,43786.1,1010
2025-02-26 06:00:00+00:00,43785.6,43793.6,43764.9,43777.9,1117
2025-02-26 07:00:00+00:00,43777.9,43777.9,43744.2,43756.2,2157
2025-02-26 08:00:00+00:00,43756.9,43809.4,43747.7,43806.4,3815
2025-02-26 09:00:00+00:00,43805.2,43824.9,43774.2,43803.2,3442
2025-02-26 10:00:00+00:00,43803.7,43819.4,43778.7,43809.4,2230
2025-02-26 11:00:00+00:00,43808.9,43847.4,43792.7,43806.4,3058
2025-02-26 12:00:00+00:00,43805.7,43816.4,43764.4,43782.2,4401
2025-02-26 13:00:00+00:00,43781.9,43821.9,43737.9,43753.2,6005
2025-02-26 14:00:00+00:00,43752.2,43810.9,43617.7,43797.2,34430
2025-02-26 15:00:00+00:00,43796.9,43933.4,43775.2,43884.4,46461
2025-02-26 16:00:00+00:00,43887.4,43912.9,43727.7,43744.9,36932
2025-02-26 17:00:00+00:00,43745.7,43826.9,43507.7,43550.9,36970
2025-02-26 18:00:00+00:00,43551.4,43565.2,43371.4,43411.9,39089
2025-02-26 19:00:00+00:00,43410.9,43566.9,43371.7,43445.9,36185
2025-02-26 20:00:00+00:00,43448.2,43598.4,43428.4,43512.2,36515
2025-02-26 21:00:00+00:00,43515.9,43560.6,43330.9,43502.4,15094
2025-02-26 23:00:00+00:00,43455.1,43488.1,43390.1,43455.9,5917
2025-02-27 00:00:00+00:00,43455.4,43482.6,43415.1,43420.4,6450
2025-02-27 01:00:00+00:00,43423.1,43465.4,43410.1,43449.9,4027
2025-02-27 02:00:00+00:00,43449.4,43526.1,43441.9,43494.9,3163
2025-02-27 03:00:00+00:00,43496.9,43525.1,43485.4,43496.6,1820
2025-02-27 04:00:00+00:00,43497.4,43507.1,43486.6,43505.1,1954
2025-02-27 05:00:00+00:00,43505.6,43624.9,43495.4,43602.4,2753
2025-02-27 06:00:00+00:00,43603.6,43619.6,43540.4,43593.6,4205
2025-02-27 07:00:00+00:00,43592.7,43628.4,43576.7,43590.4,4367
2025-02-27 08:00:00+00:00,43590.9,43635.9,43568.2,43630.9,6080
2025-02-27 09:00:00+00:00,43630.2,43647.4,43591.7,43614.4,4884
2025-02-27 10:00:00+00:00,43613.7,43637.4,43588.9,43614.2,5074
2025-02-27 11:00:00+00:00,43614.9,43659.4,43597.4,43659.2,4085
2025-02-27 12:00:00+00:00,43658.2,43666.9,43610.9,43616.4,4474
2025-02-27 13:00:00+00:00,43615.7,43639.4,43400.2,43450.7,18152
2025-02-27 14:00:00+00:00,43450.2,43745.7,43434.7,43611.2,40314
2025-02-27 15:00:00+00:00,43610.7,43948.9,43521.2,43793.2,63145
2025-02-27 16:00:00+00:00,43795.2,43948.9,43668.2,43681.9,43124
2025-02-27 17:00:00+00:00,43683.7,43814.9,43601.7,43730.7,39942
2025-02-27 18:00:00+00:00,43731.7,43825.2,43715.2,43735.2,34978
2025-02-27 19:00:00+00:00,43735.9,43751.9,43381.9,43445.7,45290
2025-02-27 20:00:00+00:00,43446.9,43447.9,43278.7,43306.4,50266
2025-02-27 21:00:00+00:00,43307.1,43350.9,43282.6,43315.6,8788
2025-02-27 23:00:00+00:00,43328.5,43368.4,43306.4,43334.1,4436
2025-02-28 00:00:00+00:00,43333.1,43348.4,43261.9,43262.1,4738
2025-02-28 01:00:00+00:00,43264.9,43320.9,43168.9,43265.6,8883
2025-02-28 02:00:00+00:00,43264.9,43305.9,43216.4,43224.4,6832
2025-02-28 03:00:00+00:00,43225.9,43244.9,43180.9,43219.4,7526
2025-02-28 04:00:00+00:00,43220.1,43304.4,43207.9,43290.1,4631
2025-02-28 05:00:00+00:00,43289.6,43311.9,43275.9,43293.4,3799
2025-02-28 06:00:00+00:00,43293.1,43333.6,43281.1,43287.9,4388
2025-02-28 07:00:00+00:00,43287.9,43357.7,43260.2,43349.4,7394
2025-02-28 08:00:00+00:00,43348.7,43405.4,43332.7,43395.2,8479
2025-02-28 09:00:00+00:00,43395.7,43420.4,43383.2,43398.9,5557
2025-02-28 10:00:00+00:00,43398.4,43449.9,43397.2,43426.2,3836
2025-02-28 11:00:00+00:00,43426.9,43459.4,43419.2,43449.4,3318
2025-02-28 12:00:00+00:00,43446.2,43493.9,43429.2,43476.2,9038
2025-02-28 13:00:00+00:00,43475.9,43539.9,43467.7,43478.2,11966
2025-02-28 14:00:00+00:00,43479.2,43500.9,43298.7,43489.7,43151
2025-02-28 15:00:00+00:00,43490.9,43597.4,43443.7,43591.9,57161
2025-02-28 16:00:00+00:00,43590.9,43605.7,43403.9,43518.7,45684
2025-02-28 17:00:00+00:00,43519.7,43568.4,43252.7,43257.7,46195
2025-02-28 18:00:00+00:00,43258.4,43423.9,43155.4,43233.2,52837
2025-02-28 19:00:00+00:00,43235.9,43526.9,43228.7,43513.7,40246
2025-02-28 20:00:00+00:00,43512.9,43933.2,43502.7,43890.4,49709
2025-02-28 21:00:00+00:00,43890.9,43903.6,43820.9,43854.1,9543
2025-03-02 23:00:00+00:00,43886.9,43975.1,43884.4,43937.4,4350
2025-03-03 00:00:00+00:00,43936.9,43949.9,43798.9,43819.1,6433
2025-03-03 01:00:00+00:00,43819.9,43864.6,43799.9,43864.1,5991
2025-03-03 02:00:00+00:00,43864.6,43902.6,43831.1,43856.1,3573
2025-03-03 03:00:00+00:00,43855.4,43875.4,43820.1,43871.9,3138
2025-03-03 04:00:00+00:00,43870.9,43922.1,43865.9,43920.1,1884
2025-03-03 05:00:00+00:00,43918.9,43954.9,43908.4,43941.1,2197
2025-03-03 06:00:00+00:00,43940.6,43963.1,43911.4,43946.1,2903
2025-03-03 07:00:00+00:00,43949.4,43953.7,43884.7,43920.2,4175
2025-03-03 08:00:00+00:00,43919.4,43969.4,43820.4,43872.4,7228
2025-03-03 09:00:00+00:00,43867.4,43978.9,43812.2,43970.2,5075
2025-03-03 10:00:00+00:00,43969.9,43992.9,43937.2,43987.2,3839
2025-03-03 11:00:00+00:00,43986.9,44006.2,43971.7,44004.4,2749
2025-03-03 12:00:00+00:00,44001.4,44096.7,43996.9,44028.2,5349
2025-03-03 13:00:00+00:00,44031.4,44035.4,43962.2,43997.2,4953
2025-03-03 14:00:00+00:00,43996.2,44119.9,43950.2,43954.2,16935
2025-03-03 15:00:00+00:00,43979.7,44037.9,43832.7,43857.9,26228
2025-03-03 16:00:00+00:00,43858.9,43920.7,43692.2,43816.9,21853
2025-03-03 17:00:00+00:00,43817.7,43893.9,43733.4,43762.9,16208
2025-03-03 18:00:00+00:00,43763.7,43770.9,43457.9,43544.7,21426
2025-03-03 19:00:00+00:00,43545.9,43641.9,43354.7,43367.4,21332
2025-03-03 20:00:00+00:00,43368.4,43369.7,42988.9,43254.7,28549
2025-03-03 21:00:00+00:00,43255.6,43336.1,43247.1,43328.1,6238
2025-03-03 23:00:00+00:00,43351.9,43366.1,43281.1,43295.1,3969
2025-03-04 00:00:00+00:00,43297.1,43336.9,43252.9,43321.9,5059
2025-03-04 01:00:00+00:00,43324.1,43346.1,43227.9,43237.9,6997
2025-03-04 02:00:00+00:00,43238.9,43303.1,43222.6,43288.9,4676
2025-03-04 03:00:00+00:00,43290.1,43327.1,43267.9,43301.9,3720
2025-03-04 04:00:00+00:00,43303.1,43325.9,43264.9,43274.1,2949
2025-03-04 05:00:00+00:00,43275.1,43359.4,43208.4,43321.1,5367
2025-03-04 06:00:00+00:00,43318.9,43346.9,43277.6,43328.6,3865
2025-03-04 07:00:00+00:00,43328.2,43337.4,43223.9,43244.2,6284
2025-03-04 08:00:00+00:00,43242.2,43343.4,43207.9,43272.9,9072
2025-03-04 09:00:00+00:00,43269.2,43315.4,43221.2,43250.4,7054
2025-03-04 10:00:00+00:00,43249.9,43267.2,43166.4,43241.4,8410
2025-03-04 11:00:00+00:00,43239.7,43253.4,43182.4,43204.4,6033
2025-03-04 12:00:00+00:00,43196.4,43204.4,43056.7,43090.7,19347
2025-03-04 13:00:00+00:00,43089.7,43161.4,43054.7,43102.4,19202
2025-03-04 14:00:00+00:00,43101.7,43163.4,42654.7,42672.4,53411
2025-03-04 15:00:00+00:00,42671.9,42707.7,42471.2,42535.2,77451
2025-03-04 16:00:00+00:00,42535.9,42619.7,42422.4,42583.2,64443
2025-03-04 17:00:00+00:00,42584.7,42706.7,42539.2,42596.2,52893
2025-03-04 18:00:00+00:00,42597.9,42883.4,42584.9,42850.7,55209
2025-03-04 19:00:00+00:00,42850.2,43034.9,42842.7,43017.2,51312
2025-03-04 20:00:00+00:00,43016.2,43151.9,42483.7,42599.7,64681
2025-03-04 21:00:00+00:00,42603.4,42917.6,42601.6,42828.4,23691
2025-03-04 23:00:00+00:00,42869.9,42894.6,42784.5,42862.4,5685
2025-03-05 00:00:00+00:00,42861.1,42876.1,42771.9,42833.9,9676
2025-03-05 01:00:00+00:00,42836.1,42843.1,42703.6,42786.9,12565
2025-03-05 02:00:00+00:00,42787.4,42810.6,42727.4,42753.1,5211
2025-03-05 03:00:00+00:00,42750.9,42857.1,42713.4,42828.6,8233
2025-03-05 04:00:00+00:00,42827.6,42863.4,42812.6,42832.4,4884
2025-03-05 05:00:00+00:00,42832.9,42840.1,42772.4,42819.4,4289
2025-03-05 06:00:00+00:00,42818.6,42835.1,42764.1,42816.6,4467
2025-03-05 07:00:00+00:00,42814.9,42858.2,42775.7,42783.4,7616
2025-03-05 08:00:00+00:00,42783.2,42886.4,42761.2,42803.7,14757
2025-03-05 09:00:00+00:00,42803.2,42928.2,42762.4,42902.4,12224
2025-03-05 10:00:00+00:00,42902.9,42923.4,42817.9,42825.2,9957
2025-03-05 11:00:00+00:00,42825.7,42839.4,42660.9,42736.4,11804
2025-03-05 12:00:00+00:00,42737.4,42758.4,42635.7,42649.4,14241
2025-03-05 13:00:00+00:00,42653.4,42724.4,42544.7,42566.9,19224
2025-03-05 14:00:00+00:00,42567.2,42804.4,42521.7,42639.9,46558
2025-03-05 15:00:00+00:00,42638.7,42848.9,42618.7,42698.9,74060
2025-03-05 16:00:00+00:00,42695.7,42705.2,42474.2,42653.2,56329
2025-03-05 17:00:00+00:00,42654.4,42918.9,42649.7,42905.4,49076
2025-03-05 18:00:00+00:00,42905.9,42964.9,42722.2,42957.7,56809
2025-03-05 19:00:00+00:00,42956.9,43170.4,42920.2,43079.9,49843
2025-03-05 20:00:00+00:00,43078.7,43196.9,42930.9,43063.2,50768
2025-03-05 21:00:00+00:00,43065.4,43100.6,43039.6,43050.4,9525
2025-03-05 23:00:00+00:00,43065.1,43096.1,43036.1,43053.6,2938
2025-03-06 00:00:00+00:00,43053.1,43076.6,43007.9,43015.9,4455
2025-03-06 01:00:00+00:00,43017.1,43060.1,43008.9,43039.6,5374
2025-03-06 02:00:00+00:00,43039.1,43059.1,43012.4,43024.1,3952
2025-03-06 03:00:00+00:00,43024.6,43055.9,43004.1,43049.9,2907
2025-03-06 04:00:00+00:00,43049.6,43084.1,43048.4,43075.1,2427
2025-03-06 05:00:00+00:00,43074.6,43078.1,43030.4,43031.9,3114
2025-03-06 06:00:00+00:00,43031.4,43083.6,43023.4,43075.4,3073
2025-03-06 07:00:00+00:00,43075.4,43093.4,42905.4,42909.4,7088
2025-03-06 08:00:00+00:00,42908.2,42951.4,42760.2,42770.7,18829
2025-03-06 09:00:00+00:00,42767.4,42839.7,42689.7,42711.2,17784
2025-03-06 10:00:00+00:00,42713.2,42740.9,42613.2,42620.4,13663
2025-03-06 11:00:00+00:00,42619.7,42738.2,42584.2,42735.4,9156
2025-03-06 12:00:00+00:00,42735.7,42753.2,42649.2,42668.2,10783
2025-03-06 13:00:00+00:00,42670.4,42708.4,42586.7,42679.4,19618
2025-03-06 14:00:00+00:00,42678.9,42722.2,42440.9,42522.4,45069
2025-03-06 15:00:00+00:00,42522.7,42972.9,42513.7,42926.7,59287
2025-03-06 16:00:00+00:00,42928.7,43041.7,42653.7,42662.4,56102
2025-03-06 17:00:00+00:00,42661.9,42693.9,42442.7,42587.9,52362
2025-03-06 18:00:00+00:00,42588.2,42671.7,42426.4,42542.4,48422
2025-03-06 19:00:00+00:00,42543.2,42747.9,42439.7,42490.2,48901
2025-03-06 20:00:00+00:00,42493.2,42710.4,42453.2,42620.4,58105
2025-03-06 21:00:00+00:00,42623.1,42737.6,42604.4,42659.9,9310
2025-03-06 23:00:00+00:00,42651.1,42687.9,42634.6,42680.9,3321
2025-03-07 00:00:00+00:00,42681.6,42723.1,42648.9,42691.9,7548
2025-03-07 01:00:00+00:00,42692.4,42750.6,42678.9,42721.1,7711
2025-03-07 02:00:00+00:00,42721.6,42753.4,42686.9,42714.9,4750
2025-03-07 03:00:00+00:00,42715.6,42719.1,42669.1,42671.9,4416
2025-03-07 04:00:00+00:00,42671.6,42695.1,42644.4,42689.9,3213
2025-03-07 05:00:00+00:00,42689.6,42693.9,42637.4,42648.9,4404
2025-03-07 06:00:00+00:00,42650.1,42654.1,42603.9,42623.9,6012
2025-03-07 07:00:00+00:00,42623.2,42698.9,42615.2,42687.2,7148
2025-03-07 08:00:00+00:00,42686.9,42705.9,42620.4,42664.4,15409
2025-03-07 09:00:00+00:00,42662.7,42734.7,42653.2,42713.4,9392
2025-03-07 10:00:00+00:00,42713.9,42715.4,42635.2,42684.2,6862
2025-03-07 11:00:00+00:00,42684.9,42720.4,42660.4,42698.9,5911
2025-03-07 12:00:00+00:00,42699.4,42724.2,42597.2,42629.7,10676
2025-03-07 13:00:00+00:00,42629.4,42899.2,42474.7,42497.2,22756
2025-03-07 14:00:00+00:00,42496.4,42777.7,42411.7,42645.2,52629
2025-03-07 15:00:00+00:00,42644.7,42732.7,42368.2,42534.2,75231
2025-03-07 16:00:00+00:00,42532.7,42558.7,42212.9,42298.9,65662
2025-03-07 17:00:00+00:00,42297.9,42699.4,42208.7,42528.4,62738
2025-03-07 18:00:00+00:00,42528.7,42818.9,42518.7,42816.2,67043
2025-03-07 19:00:00+00:00,42816.9,42945.4,42756.7,42806.7,56766
2025-03-07 20:00:00+00:00,42805.7,42942.4,42662.7,42836.9,61760
2025-03-07 21:00:00+00:00,42840.4,42855.4,42768.4,42833.1,9268
2025-03-09 22:00:00+00:00,42602.4,42662.6,42512.4,42553.4,10469
2025-03-09 23:00:00+00:00,42553.9,42619.6,42436.9,42605.9,9193
2025-03-10 00:00:00+00:00,42605.1,42633.9,42547.4,42615.9,11153
2025-03-10 01:00:00+00:00,42616.6,42682.9,42610.9,42680.9,6504
2025-03-10 02:00:00+00:00,42680.4,42697.1,42656.9,42686.1,4692
2025-03-10 03:00:00+00:00,42685.6,42705.6,42645.9,42688.6,4200
2025-03-10 04:00:00+00:00,42688.1,42714.1,42657.6,42662.9,3183
2025-03-10 05:00:00+00:00,42662.4,42694.1,42635.9,42647.1,4235
2025-03-10 06:00:00+00:00,42648.9,42697.6,42646.9,42674.6,4270
2025-03-10 07:00:00+00:00,42674.2,42706.4,42635.4,42639.9,6778
2025-03-10 08:00:00+00:00,42639.7,42680.4,42370.7,42384.9,22415
2025-03-10 09:00:00+00:00,42384.4,42564.9,42365.2,42486.7,14721
2025-03-10 10:00:00+00:00,42486.4,42526.9,42415.2,42427.7,13066
2025-03-10 11:00:00+00:00,42426.4,42477.9,42380.2,42394.4,14891
2025-03-10 12:00:00+00:00,42397.4,42413.4,42307.4,42394.4,13786
2025-03-10 13:00:00+00:00,42396.2,42611.9,42327.9,42550.7,49732
2025-03-10 14:00:00+00:00,42548.7,42568.9,42381.7,42458.2,65519
2025-03-10 15:00:00+00:00,42459.2,42562.7,42343.7,42354.7,64918
2025-03-10 16:00:00+00:00,42355.9,42421.9,42254.4,42295.9,52097
2025-03-10 17:00:00+00:00,42294.7,42307.9,42030.7,42037.4,52674
2025-03-10 18:00:00+00:00,42037.7,42081.9,41781.4,41800.9,50462
2025-03-10 19:00:00+00:00,41797.7,42104.9,41666.7,41967.4,73263
2025-03-10 20:00:00+00:00,41968.1,42029.9,41908.6,42004.6,16414
2025-03-10 22:00:00+00:00,42038.1,42038.1,41893.9,41960.4,8226
2025-03-10 23:00:00+00:00,41960.9,41989.4,41850.1,41966.4,12127
2025-03-11 00:00:00+00:00,41966.9,41991.6,41671.9,41763.4,14806
2025-03-11 01:00:00+00:00,41763.1,41871.6,41660.4,41846.1,16511
2025-03-11 02:00:00+00:00,41845.4,42033.9,41836.4,41975.1,18187
2025-03-11 03:00:00+00:00,41977.6,42110.6,41977.6,42041.6,10573
2025-03-11 04:00:00+00:00,42040.9,42108.4,42017.9,42067.1,4774
2025-03-11 05:00:00+00:00,42066.4,42103.6,42044.6,42086.4,6339
2025-03-11 06:00:00+00:00,42087.1,42110.1,42049.9,42063.1,6381
2025-03-11 07:00:00+00:00,42061.9,42107.4,41992.7,42082.7,10400
2025-03-11 08:00:00+00:00,42084.7,42097.4,42029.2,42094.9,13135
2025-03-11 09:00:00+00:00,42095.4,42113.4,42045.7,42059.2,9401
2025-03-11 10:00:00+00:00,42058.9,42084.7,42011.7,42055.4,9168
2025-03-11 11:00:00+00:00,42056.4,42127.2,42000.4,42123.2,8812
2025-03-11 12:00:00+00:00,42122.9,42127.2,41908.2,41919.9,13058
2025-03-11 13:00:00+00:00,41918.9,41964.4,41655.7,41699.7,45325
2025-03-11 14:00:00+00:00,41694.2,41850.4,41364.7,41374.2,81970
2025-03-11 15:00:00+00:00,41373.9,41681.7,41327.9,41524.4,69550
2025-03-11 16:00:00+00:00,41522.4,41547.4,41272.7,41323.7,63412
2025-03-11 17:00:00+00:00,41322.7,41399.4,41220.7,41328.4,57474
2025-03-11 18:00:00+00:00,41327.7,41840.9,41316.9,41775.4,69826
2025-03-11 19:00:00+00:00,41774.7,41851.2,41458.7,41469.9,71422
2025-03-11 20:00:00+00:00,41471.6,41564.1,41452.4,41477.4,15198
2025-03-11 22:00:00+00:00,41499.1,41569.1,41454.1,41554.1,5132
2025-03-11 23:00:00+00:00,41553.4,41564.6,41509.4,41563.4,5552
2025-03-12 00:00:00+00:00,41566.1,41588.1,41528.1,41569.9,7255
2025-03-12 01:00:00+00:00,41569.1,41583.1,41513.9,41569.4,6944
2025-03-12 02:00:00+00:00,41569.9,41609.1,41552.4,41557.1,4238
2025-03-12 03:00:00+00:00,41557.6,41565.1,41514.9,41545.1,3703
2025-03-12 04:00:00+00:00,41544.6,41587.1,41535.9,41553.1,2915
2025-03-12 05:00:00+00:00,41554.6,41595.4,41551.1,41591.9,2916
2025-03-12 06:00:00+00:00,41591.6,41592.1,41488.6,41508.4,3900
2025-03-12 07:00:00+00:00,41508.2,41593.9,41478.9,41581.9,9498
2025-03-12 08:00:00+00:00,41583.4,41669.4,41510.2,41658.4,16468
2025-03-12 09:00:00+00:00,41660.4,41680.9,41626.2,41667.2,10192
2025-03-12 10:00:00+00:00,41668.7,41694.4,41611.2,41668.9,7097
2025-03-12 11:00:00+00:00,41668.4,41748.4,41665.9,41716.2,8788
2025-03-12 12:00:00+00:00,41717.9,42024.2,41647.9,41788.9,29510
2025-03-12 13:00:00+00:00,41789.4,41791.4,41326.2,41388.9,54692
2025-03-12 14:00:00+00:00,41388.2,41408.7,41121.9,41133.7,68937
2025-03-12 15:00:00+00:00,41133.4,41376.4,41046.7,41369.2,53885
2025-03-12 16:00:00+00:00,41367.9,41504.2,41311.9,41379.2,49745
2025-03-12 17:00:00+00:00,41383.4,41588.4,41359.2,41375.4,45584
2025-03-12 18:00:00+00:00,41375.9,41611.7,41363.2,41558.4,42755
2025-03-12 19:00:00+00:00,41556.7,41558.2,41382.2,41389.7,49830
2025-03-12 20:00:00+00:00,41387.9,41408.6,41343.4,41360.1,8906
2025-03-12 22:00:00+00:00,41356.5,41437.1,41343.9,41432.9,4324
2025-03-12 23:00:00+00:00,41432.1,41489.1,41427.6,41482.9,4301
2025-03-13 00:00:00+00:00,41485.1,41500.1,41421.9,41429.1,5660
2025-03-13 01:00:00+00:00,41428.1,41451.9,41389.4,41450.9,6425
2025-03-13 02:00:00+00:00,41450.4,41457.4,41397.9,41408.1,5112
2025-03-13 03:00:00+00:00,41408.6,41414.1,41306.6,41323.6,6055
2025-03-13 04:00:00+00:00,41322.9,41354.9,41267.9,41298.1,5814
2025-03-13 05:00:00+00:00,41297.4,41311.1,41236.4,41279.6,8359
2025-03-13 06:00:00+00:00,41280.1,41320.4,41203.9,41307.4,9479
2025-03-13 07:00:00+00:00,41306.4,41323.2,41187.7,41207.9,10617
2025-03-13 08:00:00+00:00,41210.7,41282.4,41150.9,41278.7,18261
2025-03-13 09:00:00+00:00,41279.4,41420.2,41231.7,41415.7,10792
2025-03-13 10:00:00+00:00,41415.2,41442.4,41365.2,41388.7,8913
2025-03-13 11:00:00+00:00,41389.7,41401.4,41269.2,41336.9,9880
2025-03-13 12:00:00+00:00,41331.9,41409.2,41231.2,41334.9,13848
2025-03-13 13:00:00+00:00,41335.2,41395.4,41161.9,41217.9,31604
2025-03-13 14:00:00+00:00,41217.2,41410.4,41171.7,41202.4,41888
2025-03-13 15:00:00+00:00,41204.7,41250.7,40919.2,40925.7,34176
2025-03-13 16:00:00+00:00,40928.4,41047.7,40853.2,40933.7,35510
2025-03-13 17:00:00+00:00,40934.4,40982.9,40708.2,40727.7,27615
2025-03-13 18:00:00+00:00,40726.9,41011.9,40718.2,40996.7,31100
2025-03-13 19:00:00+00:00,40995.9,41041.2,40803.9,40867.2,34713
2025-03-13 20:00:00+00:00,40868.9,40957.1,40863.1,40908.6,4854
2025-03-13 22:00:00+00:00,40910.5,41011.1,40910.5,40985.1,4922
2025-03-13 23:00:00+00:00,40984.4,41028.1,40979.9,41001.9,3721
2025-03-14 00:00:00+00:00,41000.9,41072.9,40965.4,41044.1,6363
2025-03-14 01:00:00+00:00,41044.9,41083.6,41023.9,41039.9,5004
2025-03-14 02:00:00+00:00,41039.1,41076.6,41038.6,41071.9,3592
2025-03-14 03:00:00+00:00,41071.4,41090.1,41065.9,41073.9,2836
2025-03-14 04:00:00+00:00,41072.6,41079.9,41052.4,41077.1,1936
2025-03-14 05:00:00+00:00,41076.6,41100.1,41052.9,41058.1,2645
2025-03-14 06:00:00+00:00,41057.6,41069.6,41017.9,41062.6,3337
2025-03-14 07:00:00+00:00,41062.7,41063.2,40987.2,41010.4,6087
2025-03-14 08:00:00+00:00,41012.9,41099.9,40983.7,41076.2,10597
2025-03-14 09:00:00+00:00,41078.7,41111.2,41069.4,41080.4,7053
2025-03-14 10:00:00+00:00,41080.7,41131.7,41007.4,41100.4,9464
2025-03-14 11:00:00+00:00,41099.4,41122.4,41045.2,41099.2,8712
2025-03-14 12:00:00+00:00,41100.4,41147.4,41068.2,41139.2,7647
2025-03-14 13:00:00+00:00,41140.4,41292.9,40949.9,41226.9,24339
2025-03-14 14:00:00+00:00,41217.7,41367.9,41028.7,41367.9,40915
2025-03-14 15:00:00+00:00,41368.2,41484.2,41325.9,41472.7,26872
2025-03-14 16:00:00+00:00,41473.4,41485.9,41321.2,41473.7,25972
2025-03-14 17:00:00+00:00,41468.7,41528.4,41358.2,41364.9,25740
2025-03-14 18:00:00+00:00,41366.9,41496.7,41364.7,41451.2,22228
2025-03-14 19:00:00+00:00,41450.9,41563.7,41418.9,41502.2,23586
2025-03-14 20:00:00+00:00,41505.4,41505.4,41410.1,41436.9,4696
2025-03-16 22:00:00+00:00,41449.4,41451.6,41303.9,41319.9,3297
2025-03-16 23:00:00+00:00,41319.6,41358.6,41292.9,41325.1,3023
2025-03-17 00:00:00+00:00,41324.6,41371.9,41298.4,41356.4,5157
2025-03-17 01:00:00+00:00,41355.9,41373.6,41338.9,41346.6,3391
2025-03-17 02:00:00+00:00,41345.9,41353.1,41321.9,41327.9,4622
2025-03-17 03:00:00+00:00,41327.4,41338.4,41303.6,41325.9,4244
2025-03-17 04:00:00+00:00,41325.4,41344.1,41315.1,41328.4,3857
2025-03-17 05:00:00+00:00,41328.9,41349.4,41323.6,41328.4,2612
2025-03-17 06:00:00+00:00,41327.4,41333.9,41273.4,41302.1,4169
2025-03-17 07:00:00+00:00,41300.9,41330.2,41256.9,41330.2,7310
2025-03-17 08:00:00+00:00,41330.7,41336.9,41253.2,41302.7,14682
2025-03-17 09:00:00+00:00,41302.4,41344.9,41288.2,41313.4,8937
2025-03-17 10:00:00+00:00,41312.9,41397.4,41296.2,41390.4,7505
2025-03-17 11:00:00+00:00,41389.7,41426.9,41332.9,41334.9,7624
2025-03-17 12:00:00+00:00,41334.2,41478.7,41287.4,41441.9,9266
2025-03-17 13:00:00+00:00,41442.9,41797.4,41409.7,41700.2,29103
2025-03-17 14:00:00+00:00,41698.9,41774.9,41595.2,41667.9,43210
2025-03-17 15:00:00+00:00,41668.9,41781.9,41635.9,41702.4,32883
2025-03-17 16:00:00+00:00,41702.7,41797.7,41662.7,41766.2,27168
2025-03-17 17:00:00+00:00,41766.9,41920.7,41724.4,41915.2,19884
2025-03-17 18:00:00+00:00,41914.9,42044.9,41912.9,42006.9,19603
2025-03-17 19:00:00+00:00,42007.7,42025.9,41869.2,41885.4,26322
2025-03-17 20:00:00+00:00,41886.9,41897.1,41844.9,41884.9,6336
2025-03-17 22:00:00+00:00,41872.0,41923.4,41865.4,41919.9,1854
2025-03-17 23:00:00+00:00,41919.1,41920.6,41875.1,41887.9,1619
2025-03-18 00:00:00+00:00,41886.4,41899.9,41853.9,41871.1,4514
2025-03-18 01:00:00+00:00,41871.6,41881.6,41804.4,41810.6,5941
2025-03-18 02:00:00+00:00,41810.1,41822.4,41784.9,41804.9,4008
2025-03-18 03:00:00+00:00,41805.4,41809.1,41769.9,41775.1,3163
2025-03-18 04:00:00+00:00,41774.4,41791.1,41754.1,41770.1,2588
2025-03-18 05:00:00+00:00,41770.4,41790.6,41766.6,41782.9,2767
2025-03-18 06:00:00+00:00,41782.4,41818.1,41771.1,41807.9,3097
2025-03-18 07:00:00+00:00,41806.7,41832.4,41784.9,41808.7,5173
2025-03-18 08:00:00+00:00,41809.9,41901.4,41791.4,41876.4,11760
2025-03-18 09:00:00+00:00,41877.2,41904.9,41847.7,41852.4,7189
2025-03-18 10:00:00+00:00,41851.9,41853.4,41695.4,41800.7,10074
2025-03-18 11:00:00+00:00,41801.7,41844.9,41748.7,41831.9,4808
2025-03-18 12:00:00+00:00,41831.4,41841.4,41739.4,41751.7,4378
2025-03-18 13:00:00+00:00,41750.7,41824.7,41619.4,41634.2,30651
2025-03-18 14:00:00+00:00,41633.9,41728.9,41591.4,41613.4,26968
2025-03-18 15:00:00+00:00,41611.7,41624.9,41477.2,41497.7,25879
2025-03-18 16:00:00+00:00,41498.7,41603.9,41434.7,41506.7,38388
2025-03-18 17:00:00+00:00,41507.4,41635.9,41435.4,41586.7,26919
2025-03-18 18:00:00+00:00,41587.2,41677.7,41528.7,41622.2,34711
2025-03-18 19:00:00+00:00,41619.2,41661.2,41557.7,41608.7,36329
2025-03-18 20:00:00+00:00,41613.6,41650.1,41592.4,41596.6,7883
2025-03-18 22:00:00+00:00,41539.5,41616.6,41538.5,41603.6,2369
2025-03-18 23:00:00+00:00,41604.1,41636.4,41599.4,41634.1,2381
2025-03-19 00:00:00+00:00,41634.6,41718.4,41631.1,41704.9,3879
2025-03-19 01:00:00+00:00,41705.4,41707.6,41657.9,41665.9,3346
2025-03-19 02:00:00+00:00,41666.6,41688.1,41648.4,41659.1,3028
2025-03-19 03:00:00+00:00,41659.4,41670.1,41640.4,41652.1,2056
2025-03-19 04:00:00+00:00,41651.6,41655.9,41625.1,41633.4,2190
2025-03-19 05:00:00+00:00,41634.1,41661.4,41621.4,41639.1,2808
2025-03-19 06:00:00+00:00,41639.6,41642.1,41604.9,41636.4,3190
2025-03-19 07:00:00+00:00,41635.4,41636.2,41529.7,41567.2,8117
2025-03-19 08:00:00+00:00,41565.9,41660.9,41560.7,41623.4,11580
2025-03-19 09:00:00+00:00,41622.9,41681.4,41575.9,41667.4,7488
2025-03-19 10:00:00+00:00,41667.7,41678.9,41623.4,41642.2,6512
2025-03-19 11:00:00+00:00,41641.7,41671.7,41607.2,41643.4,6589
2025-03-19 12:00:00+00:00,41642.7,41658.7,41595.7,41626.7,8620
2025-03-19 13:00:00+00:00,41627.4,41853.4,41624.2,41813.2,25283
2025-03-19 14:00:00+00:00,41812.7,41874.9,41793.2,41820.2,33059
2025-03-19 15:00:00+00:00,41819.4,41974.2,41788.7,41925.4,24121
2025-03-19 16:00:00+00:00,41925.9,41953.9,41835.7,41845.7,20218
2025-03-19 17:00:00+00:00,41846.2,41860.9,41679.2,41707.4,22564
2025-03-19 18:00:00+00:00,41706.9,42086.2,41615.7,42050.4,36412
2025-03-19 19:00:00+00:00,42049.4,42209.4,41963.2,42001.2,34739
2025-03-19 20:00:00+00:00,42003.1,42032.1,41987.9,41987.9,4763
2025-03-19 22:00:00+00:00,41992.0,42082.6,41992.0,42060.1,2644
2025-03-19 23:00:00+00:00,42059.6,42082.6,42045.1,42077.9,2370
2025-03-20 00:00:00+00:00,42078.6,42111.6,42059.9,42103.1,2647
2025-03-20 01:00:00+00:00,42102.4,42110.1,42074.9,42078.1,2363
2025-03-20 02:00:00+00:00,42077.4,42112.4,42069.1,42101.1,2170
2025-03-20 03:00:00+00:00,42102.1,42141.1,42102.1,42118.9,1877
2025-03-20 04:00:00+00:00,42119.4,42134.1,42110.4,42115.1,1726
2025-03-20 05:00:00+00:00,42115.4,42134.1,42108.9,42130.4,1293
2025-03-20 06:00:00+00:00,42130.1,42135.1,42097.9,42100.4,2129
2025-03-20 07:00:00+00:00,42099.2,42118.4,42075.2,42079.2,3469
2025-03-20 08:00:00+00:00,42076.9,42151.4,42074.2,42114.2,4984
2025-03-20 09:00:00+00:00,42113.9,42118.9,41967.7,41988.4,11145
2025-03-20 10:00:00+00:00,41989.4,41994.4,41702.2,41828.9,21646
2025-03-20 11:00:00+00:00,41828.4,41880.4,41801.7,41871.2,12111
2025-03-20 12:00:00+00:00,41872.2,41885.9,41809.7,41818.2,7549
2025-03-20 13:00:00+00:00,41817.7,41972.9,41704.7,41946.4,24212
2025-03-20 14:00:00+00:00,41948.9,42265.9,41943.9,42213.4,36880
2025-03-20 15:00:00+00:00,42213.9,42235.7,42101.4,42139.4,28984
2025-03-20 16:00:00+00:00,42138.9,42215.7,42002.7,42015.9,29951
2025-03-20 17:00:00+00:00,42015.4,42088.7,41907.9,41943.9,26403
2025-03-20 18:00:00+00:00,41944.2,42017.4,41853.4,41919.4,27135
2025-03-20 19:00:00+00:00,41916.9,42030.2,41906.4,41970.4,29496
2025-03-20 20:00:00+00:00,41969.6,42003.5,41963.5,41988.0,1852
2025-03-20 22:00:00+00:00,42290.5,42321.0,42286.5,42297.5,1269
2025-03-20 23:00:00+00:00,42297.0,42300.0,42239.0,42289.0,2441
2025-03-21 00:00:00+00:00,42288.5,42331.0,42279.5,42307.5,2857
2025-03-21 01:00:00+00:00,42307.0,42333.0,42283.0,42330.0,2918
2025-03-21 02:00:00+00:00,42329.5,42332.0,42290.5,42320.0,2676
2025-03-21 03:00:00+00:00,42320.5,42322.0,42283.0,42290.5,3206
2025-03-21 04:00:00+00:00,42290.0,42306.0,42254.0,42262.0,1795
2025-03-21 05:00:00+00:00,42261.5,42269.0,42195.0,42228.0,3070
2025-03-21 06:00:00+00:00,42228.5,42297.0,42219.0,42295.0,2971
2025-03-21 07:00:00+00:00,42294.8,42304.3,42173.3,42206.3,5224
2025-03-21 08:00:00+00:00,42206.8,42258.8,42072.8,42124.8,16439
2025-03-21 09:00:00+00:00,42125.3,42167.3,42093.8,42147.3,8731
2025-03-21 10:00:00+00:00,42147.8,42214.8,42131.8,42187.3,7426
2025-03-21 11:00:00+00:00,42186.8,42187.3,42123.3,42146.3,6879
2025-03-21 12:00:00+00:00,42145.8,42202.3,41964.8,41969.8,14598
2025-03-21 13:00:00+00:00,41970.3,41979.8,41790.8,41882.3,53504
2025-03-21 14:00:00+00:00,41882.8,42046.8,41751.8,42043.8,54176
2025-03-21 15:00:00+00:00,42043.3,42094.3,41923.3,41989.3,40791
2025-03-21 16:00:00+00:00,41989.8,42292.8,41956.8,42288.3,39091
2025-03-21 17:00:00+00:00,42288.8,42341.3,42158.8,42273.3,29526
2025-03-21 18:00:00+00:00,42275.3,42287.8,42176.8,42208.8,27070
2025-03-21 19:00:00+00:00,42208.3,42339.8,42150.8,42302.3,37048
2025-03-21 20:00:00+00:00,42303.1,42343.5,42290.1,42322.0,3750
2025-03-23 22:00:00+00:00,42490.6,42556.0,42468.0,42476.5,3541
2025-03-23 23:00:00+00:00,42477.5,42526.5,42464.5,42522.5,1809
2025-03-24 00:00:00+00:00,42523.0,42548.5,42506.5,42538.0,3291
2025-03-24 01:00:00+00:00,42537.5,42543.5,42517.0,42540.0,2404
2025-03-24 02:00:00+00:00,42539.5,42548.0,42526.0,42545.0,1305
2025-03-24 03:00:00+00:00,42544.5,42556.0,42533.5,42541.5,1014
2025-03-24 04:00:00+00:00,42541.0,42543.5,42527.5,42538.0,702
2025-03-24 05:00:00+00:00,42537.5,42558.0,42537.0,42550.0,822
2025-03-24 06:00:00+00:00,42549.5,42616.5,42546.0,42606.0,1438
2025-03-24 07:00:00+00:00,42606.3,42642.3,42596.3,42598.3,2656
2025-03-24 08:00:00+00:00,42597.8,42665.8,42590.8,42651.3,7212
2025-03-24 09:00:00+00:00,42651.8,42686.3,42603.8,42630.3,4673
2025-03-24 10:00:00+00:00,42629.8,42691.3,42615.3,42682.3,3350
2025-03-24 11:00:00+00:00,42681.8,42728.3,42675.3,42701.3,4746
2025-03-24 12:00:00+00:00,42700.8,42738.8,42685.3,42722.3,4278
2025-03-24 13:00:00+00:00,42722.8,42832.8,42615.8,42817.8,29049
2025-03-24 14:00:00+00:00,42818.3,42868.8,42781.8,42848.8,25980
2025-03-24 15:00:00+00:00,42849.8,42896.8,42818.3,42884.8,14782
2025-03-24 16:00:00+00:00,42883.8,42920.3,42784.8,42787.8,19282
2025-03-24 17:00:00+00:00,42786.8,42811.3,42733.3,42790.3,16778
2025-03-24 18:00:00+00:00,42790.8,42848.3,42705.8,42844.8,21105
2025-03-24 19:00:00+00:00,42846.3,42967.8,42830.8,42889.3,19423
2025-03-24 20:00:00+00:00,42891.1,42946.0,42886.6,42890.5,3395
2025-03-24 22:00:00+00:00,42895.0,42905.5,42861.0,42870.0,897
2025-03-24 23:00:00+00:00,42869.0,42891.0,42863.5,42879.0,691
2025-03-25 00:00:00+00:00,42879.5,42886.0,42841.0,42881.0,2370
2025-03-25 01:00:00+00:00,42880.5,42894.5,42870.0,42879.5,2026
2025-03-25 02:00:00+00:00,42879.0,42879.0,42846.5,42858.5,1434
2025-03-25 03:00:00+00:00,42858.0,42864.0,42835.0,42840.5,862
2025-03-25 04:00:00+00:00,42841.0,42845.0,42832.0,42833.0,652
2025-03-25 05:00:00+00:00,42833.5,42840.5,42825.0,42832.0,719
2025-03-25 06:00:00+00:00,42832.5,42835.0,42811.5,42834.5,878
2025-03-25 07:00:00+00:00,42832.8,42867.3,42813.8,42814.8,2228
2025-03-25 08:00:00+00:00,42815.3,42853.3,42808.3,42846.3,6643
2025-03-25 09:00:00+00:00,42846.8,42866.3,42823.8,42861.3,3643
2025-03-25 10:00:00+00:00,42860.8,42897.3,42826.3,42891.3,3212
2025-03-25 11:00:00+00:00,42890.8,42964.8,42871.8,42962.8,4897
2025-03-25 12:00:00+00:00,42963.3,43000.3,42954.8,42975.3,3947
2025-03-25 13:00:00+00:00,42974.8,43024.3,42851.3,42857.8,26624
2025-03-25 14:00:00+00:00,42865.8,43004.8,42816.8,42980.8,30360
2025-03-25 15:00:00+00:00,42981.3,43003.8,42854.3,42872.8,15695
2025-03-25 16:00:00+00:00,42873.8,42903.8,42832.3,42903.8,13742
2025-03-25 17:00:00+00:00,42902.8,42927.3,42826.3,42827.8,14263
2025-03-25 18:00:00+00:00,42828.8,42874.8,42789.8,42798.8,17180
2025-03-25 19:00:00+00:00,42797.8,42933.3,42766.3,42907.3,26996
2025-03-25 20:00:00+00:00,42908.1,42939.0,42905.5,42926.0,2489
2025-03-25 22:00:00+00:00,42904.5,42953.5,42904.0,42915.0,1268
2025-03-25 23:00:00+00:00,42916.5,42937.0,42911.5,42922.0,901
2025-03-26 00:00:00+00:00,42921.5,42964.0,42908.5,42952.0,1745
2025-03-26 01:00:00+00:00,42951.5,42951.5,42925.0,42931.0,1468
2025-03-26 02:00:00+00:00,42930.5,42933.5,42891.5,42915.0,1853
2025-03-26 03:00:00+00:00,42914.5,42916.0,42894.0,42912.0,1108
2025-03-26 04:00:00+00:00,42912.5,42917.5,42904.0,42916.0,625
2025-03-26 05:00:00+00:00,42916.5,42918.5,42867.5,42870.5,1266
2025-03-26 06:00:00+00:00,42871.0,42880.0,42854.0,42878.0,1356
2025-03-26 07:00:00+00:00,42876.3,42918.8,42874.3,42879.3,1894
2025-03-26 08:00:00+00:00,42878.8,42900.3,42846.8,42853.3,7152
2025-03-26 09:00:00+00:00,42853.8,42881.3,42832.8,42837.3,5043
2025-03-26 10:00:00+00:00,42836.8,42916.3,42830.3,42914.3,3755
2025-03-26 11:00:00+00:00,42914.8,42961.8,42903.3,42955.8,2725
2025-03-26 12:00:00+00:00,42955.3,42997.3,42925.3,42976.3,5090
2025-03-26 13:00:00+00:00,42975.8,43148.3,42920.8,43060.8,30849
2025-03-26 14:00:00+00:00,43060.3,43130.8,43021.8,43082.8,42943
2025-03-26 15:00:00+00:00,43082.3,43114.8,42810.8,42857.3,33599
2025-03-26 16:00:00+00:00,42857.8,42910.8,42785.8,42799.8,30929
2025-03-26 17:00:00+00:00,42799.3,42846.8,42673.8,42693.8,33373
2025-03-26 18:00:00+00:00,42694.3,42795.8,42639.3,42652.8,31253
2025-03-26 19:00:00+00:00,42652.3,42806.3,42636.3,42748.3,40647
2025-03-26 20:00:00+00:00,42748.6,42765.0,42702.5,42730.0,4192
2025-03-26 22:00:00+00:00,42639.0,42690.0,42544.0,42614.0,7413
2025-03-26 23:00:00+00:00,42614.5,42695.5,42591.5,42685.0,2952
2025-03-27 00:00:00+00:00,42684.5,42725.0,42664.0,42702.0,4233
2025-03-27 01:00:00+00:00,42702.5,42729.0,42691.0,42723.0,3706
2025-03-27 02:00:00+00:00,42723.5,42775.0,42723.0,42766.0,1802
2025-03-27 03:00:00+00:00,42765.5,42808.5,42762.0,42805.0,1777
2025-03-27 04:00:00+00:00,42804.5,42826.5,42800.0,42822.0,1203
2025-03-27 05:00:00+00:00,42821.0,42858.0,42807.5,42814.0,1995
2025-03-27 06:00:00+00:00,42815.0,42873.5,42808.5,42825.0,3296
2025-03-27 07:00:00+00:00,42823.8,42837.3,42763.3,42769.8,6229
2025-03-27 08:00:00+00:00,42770.3,42837.3,42704.3,42834.3,15801
2025-03-27 09:00:00+00:00,42833.8,42853.3,42795.3,42846.8,6726
2025-03-27 10:00:00+00:00,42846.3,42874.3,42776.3,42779.3,6410
2025-03-27 11:00:00+00:00,42779.8,42819.8,42729.8,42800.3,8368
2025-03-27 12:00:00+00:00,42799.3,42831.8,42756.3,42778.3,12190
2025-03-27 13:00:00+00:00,42778.8,42800.8,42460.8,42706.3,49877
2025-03-27 14:00:00+00:00,42704.8,42837.8,42658.8,42782.8,55862
2025-03-27 15:00:00+00:00,42782.3,42814.8,42605.3,42618.8,36985
2025-03-27 16:00:00+00:00,42619.3,42738.8,42537.8,42538.8,38646
2025-03-27 17:00:00+00:00,42539.3,42647.8,42513.8,42544.8,37030
2025-03-27 18:00:00+00:00,42543.8,42707.8,42539.3,42595.8,36628
2025-03-27 19:00:00+00:00,42595.3,42770.8,42588.8,42613.3,47098
2025-03-27 20:00:00+00:00,42614.1,42651.5,42609.0,42619.0,4739
2025-03-27 22:00:00+00:00,42606.0,42630.5,42592.5,42594.5,1926
2025-03-27 23:00:00+00:00,42594.0,42605.5,42552.5,42588.5,2543
2025-03-28 00:00:00+00:00,42589.0,42626.0,42544.5,42621.0,2661
2025-03-28 01:00:00+00:00,42620.5,42640.5,42608.0,42611.5,2338
2025-03-28 02:00:00+00:00,42612.0,42651.0,42609.0,42636.0,1522
2025-03-28 03:00:00+00:00,42637.0,42662.0,42623.5,42659.0,1202
2025-03-28 04:00:00+00:00,42658.5,42661.0,42632.0,42650.0,1154
2025-03-28 05:00:00+00:00,42650.5,42662.0,42627.0,42644.0,1452
2025-03-28 06:00:00+00:00,42643.5,42667.5,42570.0,42577.0,2227
2025-03-28 07:00:00+00:00,42576.8,42584.8,42454.8,42457.8,7854
2025-03-28 08:00:00+00:00,42457.3,42548.8,42454.3,42529.3,13736
2025-03-28 09:00:00+00:00,42530.3,42554.3,42501.3,42523.3,5902
2025-03-28 10:00:00+00:00,42523.8,42602.3,42523.8,42571.3,5933
2025-03-28 11:00:00+00:00,42572.3,42586.8,42528.3,42572.3,5444
2025-03-28 12:00:00+00:00,42572.8,42589.8,42450.8,42452.3,13649
2025-03-28 13:00:00+00:00,42452.8,42576.8,42299.8,42309.3,43349
2025-03-28 14:00:00+00:00,42308.8,42348.8,42018.8,42037.8,70930
2025-03-28 15:00:00+00:00,42036.8,42138.8,41986.3,42034.8,45446
2025-03-28 16:00:00+00:00,42034.3,42090.8,41912.3,41919.8,33093
2025-03-28 17:00:00+00:00,41919.3,41922.8,41815.3,41896.8,31965
2025-03-28 18:00:00+00:00,41896.3,41922.3,41820.8,41883.8,32474
2025-03-28 19:00:00+00:00,41883.3,41918.8,41816.8,41862.3,39294
2025-03-28 20:00:00+00:00,41864.1,41866.6,41749.0,41750.0,5086
2025-03-30 22:00:00+00:00,41597.9,41683.0,41561.5,41676.0,4677
2025-03-30 23:00:00+00:00,41676.5,41716.5,41634.0,41715.5,5764
2025-03-31 00:00:00+00:00,41715.0,41718.0,41636.5,41657.0,8983
2025-03-31 01:00:00+00:00,41658.0,41718.5,41656.0,41670.5,7396
2025-03-31 02:00:00+00:00,41671.0,41716.0,41639.0,41667.5,4071
2025-03-31 03:00:00+00:00,41668.0,41676.0,41627.0,41672.0,3619
2025-03-31 04:00:00+00:00,41671.5,41719.0,41659.5,41708.0,3061
2025-03-31 05:00:00+00:00,41707.5,41725.5,41674.0,41687.0,4121
2025-03-31 06:00:00+00:00,41685.8,41709.8,41628.3,41655.8,7121
2025-03-31 07:00:00+00:00,41653.8,41693.8,41582.3,41678.8,16146
2025-03-31 08:00:00+00:00,41677.8,41724.3,41598.3,41606.3,13085
2025-03-31 09:00:00+00:00,41605.8,41625.3,41553.3,41578.3,9379
2025-03-31 10:00:00+00:00,41577.8,41620.3,41569.3,41598.3,7831
2025-03-31 11:00:00+00:00,41599.8,41621.3,41516.8,41574.3,10766
2025-03-31 12:00:00+00:00,41573.3,41613.8,41522.8,41608.8,10723
2025-03-31 13:00:00+00:00,41608.3,41717.3,41429.8,41673.8,52708
2025-03-31 14:00:00+00:00,41674.3,41879.8,41652.3,41865.8,69525
2025-03-31 15:00:00+00:00,41866.3,42006.8,41856.3,41959.8,45681
2025-03-31 16:00:00+00:00,41960.3,42009.8,41849.8,41944.3,36517
2025-03-31 17:00:00+00:00,41944.8,42042.3,41877.8,41919.8,36369
2025-03-31 18:00:00+00:00,41920.3,42213.8,41908.8,42116.3,45857
2025-03-31 19:00:00+00:00,42115.8,42424.8,42112.8,42276.8,65256
2025-03-31 20:00:00+00:00,42277.6,42281.1,42190.0,42222.5,7105
2025-03-31 22:00:00+00:00,42228.0,42231.0,42118.5,42197.0,5127
2025-03-31 23:00:00+00:00,42196.0,42234.5,42162.0,42190.5,4822
2025-04-01 00:00:00+00:00,42191.0,42191.0,42090.5,42128.5,7723
2025-04-01 01:00:00+00:00,42129.0,42165.0,42096.5,42150.5,6095
2025-04-01 02:00:00+00:00,42151.0,42205.5,42136.5,42203.0,3213
2025-04-01 03:00:00+00:00,42202.5,42210.0,42147.0,42157.0,2633
2025-04-01 04:00:00+00:00,42156.5,42157.5,42122.5,42150.0,2187
2025-04-01 05:00:00+00:00,42149.0,42201.5,42136.5,42144.5,3351
2025-04-01 06:00:00+00:00,42142.3,42246.8,42132.3,42246.8,6773
2025-04-01 07:00:00+00:00,42245.8,42307.8,42176.8,42184.3,13641
2025-04-01 08:00:00+00:00,42183.8,42211.8,42117.3,42207.3,8181
2025-04-01 09:00:00+00:00,42206.8,42258.3,42195.3,42241.8,5996
2025-04-01 10:00:00+00:00,42241.3,42246.8,42015.8,42098.3,16644
2025-04-01 11:00:00+00:00,42097.8,42115.3,41973.3,42012.3,15696
2025-04-01 12:00:00+00:00,42011.8,42075.8,41994.8,42064.3,15045
2025-04-01 13:00:00+00:00,42065.3,42156.3,41922.8,42009.3,63711
2025-04-01 14:00:00+00:00,42024.3,42222.3,41776.8,42215.8,100448
2025-04-01 15:00:00+00:00,42215.3,42392.3,42189.8,42336.8,64042
2025-04-01 16:00:00+00:00,42337.3,42416.8,42188.8,42278.8,58091
2025-04-01 17:00:00+00:00,42279.3,42311.8,42139.3,42142.8,48778
2025-04-01 18:00:00+00:00,42142.3,42155.8,41953.3,42063.8,55434
2025-04-01 19:00:00+00:00,42063.3,42291.3,42048.8,42245.3,55395
2025-04-01 20:00:00+00:00,42247.1,42271.0,42190.5,42230.0,6726
2025-04-01 22:00:00+00:00,42225.0,42371.0,42223.0,42309.5,3713
2025-04-01 23:00:00+00:00,42309.0,42339.0,42285.5,42303.0,2952
2025-04-02 00:00:00+00:00,42303.5,42307.0,42186.0,42203.5,8130
2025-04-02 01:00:00+00:00,42203.0,42233.0,42192.5,42219.5,4432
2025-04-02 02:00:00+00:00,42219.0,42225.5,42200.5,42210.0,2829
2025-04-02 03:00:00+00:00,42210.5,42220.5,42193.0,42203.0,1436
2025-04-02 04:00:00+00:00,42202.5,42206.0,42183.0,42200.0,1332
2025-04-02 05:00:00+00:00,42200.5,42210.5,42173.0,42184.0,1920
2025-04-02 06:00:00+00:00,42182.8,42245.8,42169.3,42211.3,4150
2025-04-02 07:00:00+00:00,42210.8,42253.3,42146.3,42163.3,12379
2025-04-02 08:00:00+00:00,42164.3,42200.3,42124.3,42140.3,8209
2025-04-02 09:00:00+00:00,42139.8,42178.3,42113.3,42120.3,5705
2025-04-02 10:00:00+00:00,42120.8,42128.8,42020.3,42049.8,13300
2025-04-02 11:00:00+00:00,42049.3,42066.3,42013.3,42032.3,8546
2025-04-02 12:00:00+00:00,42032.8,42037.3,41879.3,41946.3,17441
2025-04-02 13:00:00+00:00,41945.8,42156.8,41888.8,42057.3,64843
2025-04-02 14:00:00+00:00,42057.8,42362.3,42041.8,42347.8,72950
2025-04-02 15:00:00+00:00,42347.3,42445.8,42250.8,42317.8,62256
2025-04-02 16:00:00+00:00,42316.8,42562.8,42302.8,42541.8,48473
2025-04-02 17:00:00+00:00,42541.3,42656.8,42362.3,42430.8,53829
2025-04-02 18:00:00+00:00,42430.3,42449.3,42217.8,42244.8,60395
2025-04-02 19:00:00+00:00,42245.3,42572.8,42245.3,42484.3,71488
2025-04-02 20:00:00+00:00,42486.1,42839.5,41892.0,42031.5,42928
2025-04-02 22:00:00+00:00,41869.0,41869.0,41308.0,41563.5,6848
2025-04-02 23:00:00+00:00,41560.5,41560.5,41403.5,41483.0,6631
2025-04-03 00:00:00+00:00,41482.5,41711.5,41481.5,41554.0,13808
2025-04-03 01:00:00+00:00,41554.5,41746.0,41553.0,41665.0,10810
2025-04-03 02:00:00+00:00,41665.5,41710.5,41631.5,41703.0,8093
2025-04-03 03:00:00+00:00,41704.0,41707.5,41605.5,41645.0,6075
2025-04-03 04:00:00+00:00,41645.5,41700.5,41613.5,41637.5,5400
2025-04-03 05:00:00+00:00,41639.0,41669.0,41518.0,41525.0,8225
2025-04-03 06:00:00+00:00,41524.8,41604.8,41427.3,41430.8,12987
2025-04-03 07:00:00+00:00,41429.8,41518.8,41373.8,41483.3,17459
2025-04-03 08:00:00+00:00,41482.3,41520.3,41431.3,41498.3,12613
2025-04-03 09:00:00+00:00,41497.8,41522.8,41385.3,41392.8,10694
2025-04-03 10:00:00+00:00,41392.3,41407.8,41200.3,41290.8,15346
2025-04-03 11:00:00+00:00,41291.3,41350.8,41215.8,41285.8,12539
2025-04-03 12:00:00+00:00,41285.3,41377.3,41199.8,41210.8,20542
2025-04-03 13:00:00+00:00,41210.3,41426.8,41064.8,41116.8,80209
2025-04-03 14:00:00+00:00,41107.8,41132.3,40869.3,40888.8,106086
2025-04-03 15:00:00+00:00,40888.3,41199.3,40862.3,41150.3,89825
2025-04-03 16:00:00+00:00,41150.8,41389.3,41139.8,41190.8,89620
2025-04-03 17:00:00+00:00,41191.8,41253.8,41101.3,41114.8,67986
2025-04-03 18:00:00+00:00,41114.3,41162.8,40973.8,41080.3,65123
2025-04-03 19:00:00+00:00,41080.8,41093.3,40757.8,40793.3,89739
2025-04-03 20:00:00+00:00,40793.1,40811.0,40657.5,40683.5,10468
2025-04-03 22:00:00+00:00,40701.0,40742.5,40600.0,40676.0,4857
2025-04-03 23:00:00+00:00,40677.5,40726.0,40631.0,40676.5,6035
2025-04-04 00:00:00+00:00,40677.0,40750.0,40638.0,40672.5,11727
2025-04-04 01:00:00+00:00,40672.0,40706.5,40598.0,40607.0,8682
2025-04-04 02:00:00+00:00,40607.5,40674.0,40601.5,40612.0,7044
2025-04-04 03:00:00+00:00,40612.5,40615.5,40481.5,40552.5,8844
2025-04-04 04:00:00+00:00,40553.0,40565.5,40460.0,40473.0,7122
2025-04-04 05:00:00+00:00,40473.5,40673.5,40447.5,40671.5,10233
2025-04-04 06:00:00+00:00,40669.8,40710.3,40564.3,40567.8,11001
2025-04-04 07:00:00+00:00,40568.3,40604.8,40497.3,40521.8,23176
2025-04-04 08:00:00+00:00,40521.3,40528.8,40342.3,40381.8,23570
2025-04-04 09:00:00+00:00,40382.3,40418.8,40303.3,40325.8,21002
2025-04-04 10:00:00+00:00,40326.8,40360.8,39547.8,39610.8,64130
2025-04-04 11:00:00+00:00,39611.3,39729.3,39188.3,39652.8,49749
2025-04-04 12:00:00+00:00,39651.8,39844.8,39468.8,39774.8,38315
2025-04-04 13:00:00+00:00,39774.3,39894.8,39522.3,39807.3,114767
2025-04-04 14:00:00+00:00,39806.8,39817.3,39041.3,39356.8,133531
2025-04-04 15:00:00+00:00,39356.3,39858.8,39245.3,39269.3,112476
2025-04-04 16:00:00+00:00,39269.8,39461.3,39076.3,39121.8,104745
2025-04-04 17:00:00+00:00,39122.3,39254.8,38822.3,39237.3,92752
2025-04-04 18:00:00+00:00,39236.8,39329.8,38567.3,38740.8,91616
2025-04-04 19:00:00+00:00,38742.3,39116.3,38473.8,38530.8,110954
2025-04-04 20:00:00+00:00,38532.6,38563.5,38305.5,38356.5,17572
2025-04-06 22:00:00+00:00,37203.0,37438.0,36711.5,37064.0,12991
2025-04-06 23:00:00+00:00,37062.5,37291.0,36819.0,37178.5,11041
2025-04-07 00:00:00+00:00,37179.5,37383.0,37049.0,37373.5,15924
2025-04-07 01:00:00+00:00,37372.5,37801.5,37337.0,37754.5,18635
2025-04-07 02:00:00+00:00,37756.0,37791.0,37584.5,37652.5,13147
2025-04-07 03:00:00+00:00,37653.5,37677.5,37396.5,37474.5,11793
2025-04-07 04:00:00+00:00,37473.5,37590.5,37279.5,37440.5,10632
2025-04-07 05:00:00+00:00,37446.0,37706.0,37342.5,37429.0,12692
2025-04-07 06:00:00+00:00,37427.8,37598.3,36927.8,36955.8,16830
2025-04-07 07:00:00+00:00,36956.8,37161.8,36824.8,36987.8,29259
2025-04-07 08:00:00+00:00,36985.8,37429.3,36962.3,37195.8,29547
2025-04-07 09:00:00+00:00,37196.8,37399.3,36989.3,37264.8,22993
2025-04-07 10:00:00+00:00,37263.8,37918.3,37197.8,37673.3,27664
2025-04-07 11:00:00+00:00,37674.3,37973.8,37618.3,37704.8,24196
2025-04-07 12:00:00+00:00,37703.3,37958.8,37465.8,37843.8,30759
2025-04-07 13:00:00+00:00,37844.8,37847.8,36818.8,37579.3,86949
2025-04-07 14:00:00+00:00,37578.3,39427.8,37407.8,38250.3,106237
2025-04-07 15:00:00+00:00,38251.3,38512.3,37369.3,37862.3,49237
2025-04-07 16:00:00+00:00,37862.3,37973.8,37497.8,37567.3,12562
2025-04-07 17:00:00+00:00,37568.3,38487.3,37549.3,38465.8,14544
2025-04-07 18:00:00+00:00,38474.3,38556.8,38017.3,38068.8,11154
2025-04-07 19:00:00+00:00,38069.3,38312.8,37881.3,38171.8,13601
2025-04-07 20:00:00+00:00,38171.5,38584.5,38127.6,38452.5,12090
2025-04-07 22:00:00+00:00,38498.1,38618.0,38467.0,38615.5,3161
2025-04-07 23:00:00+00:00,38614.5,38713.0,38605.5,38658.5,4840
2025-04-08 00:00:00+00:00,38657.5,38854.0,38603.5,38624.0,18224
2025-04-08 01:00:00+00:00,38623.5,38937.5,38538.5,38921.0,18968
2025-04-08 02:00:00+00:00,38920.5,38935.5,38841.5,38912.0,6177
2025-04-08 03:00:00+00:00,38911.0,38945.0,38797.5,38858.0,5746
2025-04-08 04:00:00+00:00,38858.5,38879.0,38723.0,38819.0,5197
2025-04-08 05:00:00+00:00,38814.5,38831.5,38667.5,38811.0,7008
2025-04-08 06:00:00+00:00,38809.8,38908.8,38742.8,38868.8,9714
2025-04-08 07:00:00+00:00,38868.3,38969.3,38780.3,38918.3,19178
2025-04-08 08:00:00+00:00,38917.3,38963.8,38796.3,38941.3,16438
2025-04-08 09:00:00+00:00,38941.8,38974.3,38820.8,38829.3,13123
2025-04-08 10:00:00+00:00,38828.8,38956.8,38785.3,38892.8,11128
2025-04-08 11:00:00+00:00,38893.3,39325.3,38858.3,39301.8,24312
2025-04-08 12:00:00+00:00,39301.3,39392.3,39169.3,39223.3,26896
2025-04-08 13:00:00+00:00,39222.3,39614.8,39183.3,39520.3,107401
2025-04-08 14:00:00+00:00,39519.8,39649.8,39150.3,39152.3,123338
2025-04-08 15:00:00+00:00,39151.8,39229.8,38881.3,39138.8,119681
2025-04-08 16:00:00+00:00,39139.3,39194.8,38531.3,38541.3,109444
2025-04-08 17:00:00+00:00,38540.3,38638.3,38154.8,38481.3,73187
2025-04-08 18:00:00+00:00,38482.8,38556.3,38108.3,38150.3,81678
2025-04-08 19:00:00+00:00,38150.8,38177.8,37296.8,37850.3,99044
2025-04-08 20:00:00+00:00,37852.1,37950.5,37657.5,37751.5,11327
2025-04-08 22:00:00+00:00,37734.5,37779.0,37395.5,37576.0,13151
2025-04-08 23:00:00+00:00,37574.5,37574.5,37272.5,37473.5,9764
2025-04-09 00:00:00+00:00,37474.0,37485.0,37248.0,37327.5,14839
2025-04-09 01:00:00+00:00,37328.5,37681.5,37177.0,37606.0,14706
2025-04-09 02:00:00+00:00,37607.0,37772.5,37447.5,37475.5,13979
2025-04-09 03:00:00+00:00,37474.5,37533.5,37189.5,37224.0,11733
2025-04-09 04:00:00+00:00,37224.5,37329.5,36971.0,37077.0,14006
2025-04-09 05:00:00+00:00,37078.0,37170.0,36884.5,37133.0,11238
2025-04-09 06:00:00+00:00,37134.8,37467.8,37127.3,37375.8,12642
2025-04-09 07:00:00+00:00,37375.3,38122.8,37344.8,37922.3,22902
2025-04-09 08:00:00+00:00,37921.3,38003.8,37458.3,37829.3,17231
2025-04-09 09:00:00+00:00,37830.8,37898.8,37596.3,37654.3,11814
2025-04-09 10:00:00+00:00,37655.8,37793.8,37392.8,37555.8,15403
2025-04-09 11:00:00+00:00,37559.8,37562.8,36924.8,37126.8,24673
2025-04-09 12:00:00+00:00,37129.8,37408.8,36919.3,37270.8,16607
2025-04-09 13:00:00+00:00,37268.3,38069.3,37267.3,37983.8,60665
2025-04-09 14:00:00+00:00,37984.8,38215.3,37497.3,37519.8,97260
2025-04-09 15:00:00+00:00,37519.3,38029.8,37514.8,37755.3,92325
2025-04-09 16:00:00+00:00,37754.3,38226.8,37663.3,38130.8,46956
2025-04-09 17:00:00+00:00,38130.3,40539.3,37826.8,40367.8,83773
2025-04-09 18:00:00+00:00,40367.3,40692.8,40043.8,40065.3,34709
2025-04-09 19:00:00+00:00,40062.8,41008.8,39998.8,40813.8,77934
2025-04-09 20:00:00+00:00,40813.6,41030.0,40766.5,41007.0,22982
2025-04-09 22:00:00+00:00,40937.0,41108.0,40885.0,41083.5,7423
2025-04-09 23:00:00+00:00,41083.0,41143.5,41044.5,41103.5,3858
2025-04-10 00:00:00+00:00,41102.0,41129.5,40895.5,41012.5,15857
2025-04-10 01:00:00+00:00,41012.0,41062.0,40787.5,40864.5,16698
2025-04-10 02:00:00+00:00,40864.0,40881.5,40774.0,40792.0,9245
2025-04-10 03:00:00+00:00,40791.5,40826.0,40691.0,40799.0,10442
2025-04-10 04:00:00+00:00,40798.5,40807.0,40676.0,40700.0,8301
2025-04-10 05:00:00+00:00,40700.5,40808.5,40635.5,40793.5,9813
2025-04-10 06:00:00+00:00,40794.3,40859.3,40672.8,40776.8,17329
2025-04-10 07:00:00+00:00,40777.3,40911.3,40254.3,40316.3,32392
2025-04-10 08:00:00+00:00,40317.3,40415.8,40097.3,40175.8,26152
2025-04-10 09:00:00+00:00,40175.3,40312.3,40076.3,40194.8,19928
2025-04-10 10:00:00+00:00,40196.3,40497.8,40185.3,40292.8,18502
2025-04-10 11:00:00+00:00,40293.3,40404.3,40223.3,40360.3,17699
2025-04-10 12:00:00+00:00,40359.3,40515.8,40100.8,40239.8,27062
2025-04-10 13:00:00+00:00,40239.3,40375.3,39858.8,39957.8,90579
2025-04-10 14:00:00+00:00,39958.3,40105.3,39726.3,39738.3,121524
2025-04-10 15:00:00+00:00,39737.8,39898.8,39221.8,39262.3,115478
2025-04-10 16:00:00+00:00,39261.3,39364.3,38632.3,39298.8,162628
2025-04-10 17:00:00+00:00,39296.8,39745.3,38843.8,39656.8,124154
2025-04-10 18:00:00+00:00,39657.8,40048.3,39421.3,39815.8,123215
2025-04-10 19:00:00+00:00,39816.8,40034.8,39308.8,39783.8,153501
2025-04-10 20:00:00+00:00,39786.1,39938.0,39707.5,39792.5,19932
2025-04-10 22:00:00+00:00,39771.5,39971.0,39755.0,39850.0,6346
2025-04-10 23:00:00+00:00,39851.5,39878.5,39561.0,39632.0,7591
2025-04-11 00:00:00+00:00,39630.0,39653.0,39214.0,39308.0,16783
2025-04-11 01:00:00+00:00,39310.0,39578.5,39268.5,39555.0,14342
2025-04-11 02:00:00+00:00,39554.5,39665.0,39400.5,39554.5,10729
2025-04-11 03:00:00+00:00,39556.5,39843.0,39555.5,39744.5,8740
2025-04-11 04:00:00+00:00,39745.0,39881.5,39745.0,39825.0,6208
2025-04-11 05:00:00+00:00,39826.0,40146.5,39743.5,40122.5,11639
2025-04-11 06:00:00+00:00,40122.3,40262.3,40021.8,40043.8,18132
2025-04-11 07:00:00+00:00,40044.3,40078.8,39795.3,39812.3,22654
2025-04-11 08:00:00+00:00,39813.3,39887.3,39466.8,39562.8,28593
2025-04-11 09:00:00+00:00,39561.8,40011.3,39524.8,40005.8,19915
2025-04-11 10:00:00+00:00,40004.8,40134.8,39929.3,40050.3,18918
2025-04-11 11:00:00+00:00,40050.8,40094.3,39740.3,39902.3,16865
2025-04-11 12:00:00+00:00,39901.3,40086.3,39834.8,39852.8,15647
2025-04-11 13:00:00+00:00,39853.8,40034.8,39462.8,39868.3,83402
2025-04-11 14:00:00+00:00,39867.8,40022.3,39452.3,39635.8,163193
2025-04-11 15:00:00+00:00,39635.3,39942.8,39462.3,39890.3,109192
2025-04-11 16:00:00+00:00,39890.8,40305.3,39823.8,40233.8,76917
2025-04-11 17:00:00+00:00,40234.3,40615.3,40059.3,40476.3,97698
2025-04-11 18:00:00+00:00,40475.8,40501.3,40257.3,40290.3,80807
2025-04-11 19:00:00+00:00,40290.8,40533.3,40283.3,40396.3,73723
2025-04-11 20:00:00+00:00,40397.1,40479.0,40380.6,40466.0,6444
2025-04-13 22:00:00+00:00,40784.5,40784.5,40454.0,40480.0,8326
2025-04-13 23:00:00+00:00,40482.0,40658.0,40453.5,40566.0,8660
2025-04-14 00:00:00+00:00,40566.5,40624.0,40488.5,40510.5,9191
2025-04-14 01:00:00+00:00,40511.0,40553.0,40431.5,40504.5,8800
2025-04-14 02:00:00+00:00,40505.0,40587.0,40496.0,40572.5,5138
2025-04-14 03:00:00+00:00,40573.0,40575.0,40024.5,40512.5,4390
2025-04-14 04:00:00+00:00,40513.0,40634.5,40499.0,40629.0,3673
2025-04-14 05:00:00+00:00,40629.5,40658.0,40590.5,40601.5,4039
2025-04-14 06:00:00+00:00,40599.3,40775.3,40571.8,40706.3,2771
2025-04-14 07:00:00+00:00,40705.8,40768.8,40612.8,40748.3,2509
2025-04-14 08:00:00+00:00,40749.8,40836.8,40718.8,40813.3,3287
2025-04-14 09:00:00+00:00,40812.8,40864.8,40681.8,40742.3,3175
2025-04-14 10:00:00+00:00,40743.3,40800.3,40703.3,40797.3,3551
2025-04-14 11:00:00+00:00,40797.8,40950.3,40673.3,40683.8,9007
2025-04-14 12:00:00+00:00,40684.3,40883.3,40667.8,40875.3,13657
2025-04-14 13:00:00+00:00,40875.8,40976.8,40659.8,40758.8,92306
2025-04-14 14:00:00+00:00,40759.3,40992.8,40679.8,40882.8,94281
2025-04-14 15:00:00+00:00,40881.8,40932.3,40454.3,40476.3,71378
2025-04-14 16:00:00+00:00,40476.8,40623.3,40356.8,40473.3,82168
2025-04-14 17:00:00+00:00,40474.3,40774.3,40463.3,40727.3,72399
2025-04-14 18:00:00+00:00,40727.8,40887.3,40700.3,40856.8,44106
2025-04-14 19:00:00+00:00,40856.3,40973.8,40705.8,40750.8,61733
2025-04-14 20:00:00+00:00,40752.6,40781.0,40529.0,40680.5,12290
2025-04-14 22:00:00+00:00,40668.5,40690.5,40565.0,40591.0,2909
2025-04-14 23:00:00+00:00,40593.5,40664.0,40580.0,40633.0,1573
2025-04-15 00:00:00+00:00,40632.0,40713.0,40632.0,40691.0,7018
2025-04-15 01:00:00+00:00,40690.0,40740.5,40683.0,40690.5,5769
2025-04-15 02:00:00+00:00,40690.0,40727.0,40665.5,40669.5,5278
2025-04-15 03:00:00+00:00,40670.5,40739.0,40658.0,40724.0,3161
2025-04-15 04:00:00+00:00,40724.5,40738.0,40694.0,40714.5,3410
2025-04-15 05:00:00+00:00,40714.0,40726.5,40671.0,40692.5,4872
2025-04-15 06:00:00+00:00,40691.3,40750.8,40662.3,40723.3,5675
2025-04-15 07:00:00+00:00,40722.3,40880.3,40717.3,40860.8,12804
2025-04-15 08:00:00+00:00,40860.3,40873.8,40729.3,40789.8,16783
2025-04-15 09:00:00+00:00,40790.3,40829.8,40705.3,40737.8,10241
2025-04-15 10:00:00+00:00,40738.3,40812.3,40691.3,40768.8,9196
2025-04-15 11:00:00+00:00,40770.3,40802.8,40577.8,40614.3,14876
2025-04-15 12:00:00+00:00,40615.8,40661.3,40535.8,40649.8,19592
2025-04-15 13:00:00+00:00,40650.3,40972.8,40650.3,40877.8,64132
2025-04-15 14:00:00+00:00,40878.3,41008.3,40692.3,40825.3,108939
2025-04-15 15:00:00+00:00,40824.8,40902.8,40733.8,40842.3,69791
2025-04-15 16:00:00+00:00,40842.8,40895.8,40693.8,40727.3,41340
2025-04-15 17:00:00+00:00,40726.8,40789.8,40607.8,40668.8,52361
2025-04-15 18:00:00+00:00,40668.3,40717.3,40570.3,40668.3,47847
2025-04-15 19:00:00+00:00,40668.8,40698.8,40553.8,40576.8,45928
2025-04-15 20:00:00+00:00,40577.6,40604.0,40525.5,40549.0,5319
2025-04-15 22:00:00+00:00,40511.0,40518.0,40338.0,40437.5,4313
2025-04-15 23:00:00+00:00,40436.5,40445.5,40380.5,40427.0,3219
2025-04-16 00:00:00+00:00,40426.5,40442.5,40331.0,40407.0,9153
2025-04-16 01:00:00+00:00,40406.5,40489.0,40406.5,40458.5,4622
2025-04-16 02:00:00+00:00,40460.0,40483.0,40430.0,40449.5,4586
2025-04-16 03:00:00+00:00,40450.0,40470.5,40432.5,40437.0,3058
2025-04-16 04:00:00+00:00,40439.0,40443.5,40403.0,40416.5,2372
2025-04-16 05:00:00+00:00,40417.0,40420.0,40203.5,40249.5,11953
2025-04-16 06:00:00+00:00,40248.3,40372.8,40242.3,40312.3,8011
2025-04-16 07:00:00+00:00,40311.8,40374.3,40190.8,40213.8,11800
2025-04-16 08:00:00+00:00,40211.8,40714.3,40203.8,40479.8,30131
2025-04-16 09:00:00+00:00,40481.8,40599.8,40453.8,40465.8,16516
2025-04-16 10:00:00+00:00,40465.3,40552.3,40452.8,40511.3,11697
2025-04-16 11:00:00+00:00,40510.8,40583.3,40470.8,40536.8,10998
2025-04-16 12:00:00+00:00,40535.3,40569.3,40448.8,40476.3,14553
2025-04-16 13:00:00+00:00,40476.8,40482.8,40232.3,40232.3,80298
2025-04-16 14:00:00+00:00,40231.8,40454.8,40215.3,40438.3,83819
2025-04-16 15:00:00+00:00,40437.8,40622.8,40364.8,40392.8,54335
2025-04-16 16:00:00+00:00,40392.3,40402.3,40277.3,40306.8,44958
2025-04-16 17:00:00+00:00,40307.3,40369.3,39831.8,39841.3,77053
2025-04-16 18:00:00+00:00,39840.8,40033.8,39772.3,39779.8,86387
2025-04-16 19:00:00+00:00,39780.8,39898.3,39585.3,39854.3,79785
2025-04-16 20:00:00+00:00,39856.1,39927.5,39794.0,39833.0,11687
2025-04-16 22:00:00+00:00,39899.0,39914.0,39819.0,39862.5,2654
2025-04-16 23:00:00+00:00,39863.5,39897.0,39766.0,39865.5,5881
2025-04-17 00:00:00+00:00,39866.0,40006.5,39823.0,39993.5,8625
2025-04-17 01:00:00+00:00,39993.0,40024.0,39964.0,40008.0,6091
2025-04-17 02:00:00+00:00,40007.5,40055.0,39977.0,40048.0,4595
2025-04-17 03:00:00+00:00,40049.0,40118.0,40046.5,40112.0,3283
2025-04-17 04:00:00+00:00,40111.5,40132.0,40107.5,40114.0,2212
2025-04-17 05:00:00+00:00,40114.5,40177.0,40106.0,40157.5,4645
2025-04-17 06:00:00+00:00,40155.3,40198.8,40096.3,40131.8,8264
2025-04-17 07:00:00+00:00,40132.3,40291.8,40120.8,40198.8,12914
2025-04-17 08:00:00+00:00,40198.3,40221.3,40115.8,40126.8,9834
2025-04-17 09:00:00+00:00,40127.3,40221.3,39922.8,39932.8,10484
2025-04-17 10:00:00+00:00,39931.3,39934.3,39317.8,39397.3,18405
2025-04-17 11:00:00+00:00,39397.8,39483.8,39196.3,39267.3,13687
2025-04-17 12:00:00+00:00,39266.8,39414.8,39235.8,39364.8,18622
2025-04-17 13:00:00+00:00,39365.8,39469.3,39288.8,39425.8,85655
2025-04-17 14:00:00+00:00,39426.8,39474.8,39130.3,39178.3,106796
2025-04-17 15:00:00+00:00,39178.8,39440.3,39173.3,39337.3,77994
2025-04-17 16:00:00+00:00,39337.8,39605.3,39290.8,39577.8,87082
2025-04-17 17:00:00+00:00,39578.3,39602.8,39391.3,39530.8,62987
2025-04-17 18:00:00+00:00,39531.3,39634.3,39449.3,39458.8,56683
2025-04-17 19:00:00+00:00,39458.3,39476.3,39276.8,39316.3,78857
2025-04-17 20:00:00+00:00,39318.1,39409.0,39303.5,39408.0,7674
2025-04-20 22:00:00+00:00,39209.0,39222.0,39088.0,39123.5,2325
2025-04-20 23:00:00+00:00,39122.5,39178.0,39110.5,39169.5,1063
2025-04-21 00:00:00+00:00,39168.0,39223.0,39112.0,39113.0,5760
2025-04-21 01:00:00+00:00,39113.5,39119.5,39027.0,39072.0,6858
2025-04-21 02:00:00+00:00,39072.5,39100.0,38942.0,38988.5,6247
2025-04-21 03:00:00+00:00,38989.5,39033.0,38957.5,39001.5,3846
2025-04-21 04:00:00+00:00,39001.0,39021.5,38989.5,39003.5,1972
2025-04-21 05:00:00+00:00,39004.0,39053.0,38992.0,39044.5,2434
2025-04-21 06:00:00+00:00,39043.3,39061.3,39001.8,39020.8,3375
2025-04-21 07:00:00+00:00,39020.3,39039.8,38928.8,38936.8,4421
2025-04-21 08:00:00+00:00,38936.3,38986.3,38907.8,38977.8,4748
2025-04-21 09:00:00+00:00,38979.3,38982.8,38929.8,38970.3,3859
2025-04-21 10:00:00+00:00,38969.8,39018.8,38946.3,39013.8,3465
2025-04-21 11:00:00+00:00,39014.3,39064.3,38847.8,38900.3,10639
2025-04-21 12:00:00+00:00,38899.8,39022.8,38890.3,38993.3,8654
2025-04-21 13:00:00+00:00,38992.3,39054.3,38697.8,38698.3,53763
2025-04-21 14:00:00+00:00,38697.8,38699.8,38427.3,38431.3,64131
2025-04-21 15:00:00+00:00,38431.8,38463.8,38193.3,38209.8,43155
2025-04-21 16:00:00+00:00,38209.3,38359.3,38203.8,38223.8,32084
2025-04-21 17:00:00+00:00,38224.8,38253.3,38042.3,38052.8,38842
2025-04-21 18:00:00+00:00,38053.3,38168.8,37998.3,38033.8,37244
2025-04-21 19:00:00+00:00,38033.3,38389.3,38027.8,38326.8,63897
2025-04-21 20:00:00+00:00,38327.1,38340.0,38255.5,38304.0,7429
2025-04-21 22:00:00+00:00,38314.0,38339.5,38247.5,38296.0,1483
2025-04-21 23:00:00+00:00,38297.5,38442.5,38297.5,38441.0,4582
2025-04-22 00:00:00+00:00,38441.5,38475.5,38423.0,38460.0,7016
2025-04-22 01:00:00+00:00,38460.5,38570.0,38455.0,38499.0,7441
2025-04-22 02:00:00+00:00,38498.5,38525.0,38474.5,38507.5,5284
2025-04-22 03:00:00+00:00,38508.0,38518.5,38420.5,38449.5,5966
2025-04-22 04:00:00+00:00,38449.0,38461.0,38430.5,38445.5,3220
2025-04-22 05:00:00+00:00,38445.0,38483.5,38430.0,38464.0,5098
2025-04-22 06:00:00+00:00,38463.8,38746.8,38438.8,38736.8,7891
2025-04-22 07:00:00+00:00,38737.8,38774.3,38614.3,38618.8,16050
2025-04-22 08:00:00+00:00,38619.3,38687.3,38587.8,38653.3,10586
2025-04-22 09:00:00+00:00,38652.8,38674.3,38607.8,38646.3,6813
2025-04-22 10:00:00+00:00,38645.3,38669.8,38608.3,38635.8,8501
2025-04-22 11:00:00+00:00,38636.3,38675.3,38580.3,38609.3,10073
2025-04-22 12:00:00+00:00,38609.8,38721.3,38596.8,38715.3,11045
2025-04-22 13:00:00+00:00,38714.8,38952.8,38685.3,38906.3,62472
2025-04-22 14:00:00+00:00,38906.8,39154.3,38896.8,39142.8,52597
2025-04-22 15:00:00+00:00,39141.3,39289.8,39093.8,39257.3,42449
2025-04-22 16:00:00+00:00,39257.8,39449.8,39257.8,39333.8,66812
2025-04-22 17:00:00+00:00,39332.8,39398.8,38955.3,38968.8,85889
2025-04-22 18:00:00+00:00,38969.3,39366.8,38964.3,39339.8,46418
2025-04-22 19:00:00+00:00,39340.3,39406.8,39187.8,39355.8,60455
2025-04-22 20:00:00+00:00,39356.1,39436.0,39347.0,39366.5,6643
2025-04-22 22:00:00+00:00,39757.0,40030.0,39705.5,40000.0,8614
2025-04-22 23:00:00+00:00,40001.0,40057.0,39912.0,39945.0,4011
2025-04-23 00:00:00+00:00,39945.5,39960.5,39787.0,39843.0,8579
2025-04-23 01:00:00+00:00,39842.0,39879.0,39721.0,39755.0,7898
2025-04-23 02:00:00+00:00,39754.5,39848.5,39728.5,39810.5,4827
2025-04-23 03:00:00+00:00,39809.0,39810.5,39763.5,39802.5,4468
2025-04-23 04:00:00+00:00,39803.0,39845.0,39799.0,39818.5,3430
2025-04-23 05:00:00+00:00,39818.0,39857.5,39748.5,39838.5,4915
2025-04-23 06:00:00+00:00,39838.3,39886.3,39813.3,39827.3,6305
2025-04-23 07:00:00+00:00,39826.8,39918.3,39770.8,39912.8,11992
2025-04-23 08:00:00+00:00,39913.3,40059.8,39908.3,40003.3,7977
2025-04-23 09:00:00+00:00,40003.8,40048.3,39945.8,40004.3,5946
2025-04-23 10:00:00+00:00,40003.3,40141.3,39974.8,40115.8,6856
2025-04-23 11:00:00+00:00,40115.3,40139.8,40007.8,40010.8,10238
2025-04-23 12:00:00+00:00,40011.3,40163.8,40001.3,40155.3,10960
2025-04-23 13:00:00+00:00,40154.3,40487.3,40048.8,40425.3,61503
2025-04-23 14:00:00+00:00,40431.8,40554.3,40204.3,40331.3,97184
2025-04-23 15:00:00+00:00,40331.8,40384.3,39841.8,39961.3,86736
2025-04-23 16:00:00+00:00,39960.8,39981.8,39714.3,39955.8,74219
2025-04-23 17:00:00+00:00,39956.3,40057.8,39820.3,39948.8,53296
2025-04-23 18:00:00+00:00,39948.3,39980.3,39752.8,39792.8,64080
2025-04-23 19:00:00+00:00,39792.3,39865.3,39653.8,39754.3,77200
2025-04-23 20:00:00+00:00,39756.6,39889.0,39715.5,39784.0,10684
2025-04-23 22:00:00+00:00,39788.0,39788.5,39625.0,39725.0,3222
2025-04-23 23:00:00+00:00,39722.0,39779.0,39706.5,39742.5,2128
2025-04-24 00:00:00+00:00,39742.0,39797.5,39719.5,39736.0,6627
2025-04-24 01:00:00+00:00,39736.5,39775.0,39679.0,39680.5,6636
2025-04-24 02:00:00+00:00,39681.5,39724.5,39642.5,39648.5,4714
2025-04-24 03:00:00+00:00,39648.0,39672.0,39627.0,39662.5,3073
2025-04-24 04:00:00+00:00,39662.0,39687.5,39612.5,39666.0,3634
2025-04-24 05:00:00+00:00,39667.0,39693.5,39509.5,39572.5,5555
2025-04-24 06:00:00+00:00,39570.3,39670.8,39544.3,39632.8,8197
2025-04-24 07:00:00+00:00,39633.3,39650.3,39514.8,39536.8,17476
2025-04-24 08:00:00+00:00,39536.3,39555.8,39407.3,39480.8,14098
2025-04-24 09:00:00+00:00,39480.3,39561.8,39469.8,39531.3,6545
2025-04-24 10:00:00+00:00,39531.8,39731.8,39530.8,39703.3,12273
2025-04-24 11:00:00+00:00,39703.8,39705.8,39532.3,39573.3,13810
2025-04-24 12:00:00+00:00,39572.8,39683.3,39547.3,39664.3,8912
2025-04-24 13:00:00+00:00,39663.3,39800.3,39539.3,39789.8,40545
2025-04-24 14:00:00+00:00,39791.3,40075.8,39744.8,40023.8,55794
2025-04-24 15:00:00+00:00,40023.3,40092.8,39955.8,40025.3,40874
2025-04-24 16:00:00+00:00,40025.8,40250.3,39999.8,40213.3,35614
2025-04-24 17:00:00+00:00,40212.8,40215.8,40105.8,40164.3,31564
2025-04-24 18:00:00+00:00,40165.3,40283.8,40127.3,40231.8,28595
2025-04-24 19:00:00+00:00,40231.3,40340.3,40118.8,40259.8,41935
2025-04-24 20:00:00+00:00,40262.1,40413.5,40232.5,40252.5,7322
2025-04-24 22:00:00+00:00,40251.0,40309.0,40205.5,40278.5,2043
2025-04-24 23:00:00+00:00,40279.0,40285.5,40229.5,40236.0,1099
2025-04-25 00:00:00+00:00,40235.5,40328.0,40217.5,40314.0,4337
2025-04-25 01:00:00+00:00,40313.5,40321.5,40224.0,40228.5,4231
2025-04-25 02:00:00+00:00,40227.5,40246.5,40194.0,40205.5,4516
2025-04-25 03:00:00+00:00,40205.0,40310.5,40190.5,40301.0,5222
2025-04-25 04:00:00+00:00,40300.5,40380.0,40253.5,40266.5,5775
2025-04-25 05:00:00+00:00,40265.5,40306.5,40261.5,40281.5,3895
2025-04-25 06:00:00+00:00,40282.3,40362.8,40250.8,40357.8,6527
2025-04-25 07:00:00+00:00,40358.8,40369.3,40180.3,40288.3,15136
2025-04-25 08:00:00+00:00,40288.8,40337.3,40244.8,40271.8,11998
2025-04-25 09:00:00+00:00,40271.3,40288.8,40214.8,40249.3,9463
2025-04-25 10:00:00+00:00,40249.8,40312.8,40002.8,40009.8,16431
2025-04-25 11:00:00+00:00,40011.3,40145.8,40000.3,40085.3,14924
2025-04-25 12:00:00+00:00,40084.8,40160.8,40047.8,40094.8,15999
2025-04-25 13:00:00+00:00,40094.3,40240.8,39989.3,39992.8,57061
2025-04-25 14:00:00+00:00,39998.3,40134.8,39860.8,40029.3,77187
2025-04-25 15:00:00+00:00,40028.8,40099.3,39950.3,40078.3,50526
2025-04-25 16:00:00+00:00,40079.3,40183.3,40073.8,40165.3,28173
2025-04-25 17:00:00+00:00,40165.8,40286.8,40017.3,40078.3,47824
2025-04-25 18:00:00+00:00,40077.8,40273.3,40052.8,40229.3,37725
2025-04-25 19:00:00+00:00,40228.8,40288.3,40158.8,40257.3,43528
2025-04-25 20:00:00+00:00,40258.1,40294.0,40232.0,40273.5,5308
2025-04-27 22:00:00+00:00,40209.0,40214.5,40134.0,40159.0,2244
2025-04-27 23:00:00+00:00,40156.0,40164.5,40120.0,40129.5,1158
2025-04-28 00:00:00+00:00,40130.0,40146.5,40085.0,40096.5,2439
2025-04-28 01:00:00+00:00,40096.0,40121.0,40079.0,40101.0,2742
2025-04-28 02:00:00+00:00,40100.5,40132.0,40088.0,40100.0,2296
2025-04-28 03:00:00+00:00,40100.5,40110.0,40069.0,40081.0,1920
2025-04-28 04:00:00+00:00,40080.5,40103.5,40080.0,40099.0,1308
2025-04-28 05:00:00+00:00,40099.5,40101.0,40055.0,40066.5,2276
2025-04-28 06:00:00+00:00,40065.3,40173.8,40065.3,40165.3,4154
2025-04-28 07:00:00+00:00,40166.3,40227.8,40134.3,40141.8,6887
2025-04-28 08:00:00+00:00,40142.8,40233.3,40133.3,40228.8,5233
2025-04-28 09:00:00+00:00,40229.3,40285.3,40211.8,40259.8,4713
2025-04-28 10:00:00+00:00,40260.3,40263.8,40158.8,40171.8,5775
2025-04-28 11:00:00+00:00,40171.3,40258.8,40153.3,40230.8,6458
2025-04-28 12:00:00+00:00,40231.3,40305.3,40166.3,40298.3,8494
2025-04-28 13:00:00+00:00,40297.8,40565.3,40291.8,40340.8,50186
2025-04-28 14:00:00+00:00,40340.3,40494.8,40317.8,40388.8,63443
2025-04-28 15:00:00+00:00,40387.8,40415.8,40172.3,40200.8,54967
2025-04-28 16:00:00+00:00,40200.3,40210.8,40083.8,40112.8,43795
2025-04-28 17:00:00+00:00,40112.3,40194.8,40012.8,40185.8,39003
2025-04-28 18:00:00+00:00,40186.8,40258.3,40153.3,40233.8,27173
2025-04-28 19:00:00+00:00,40233.3,40459.8,40229.3,40367.8,39117
2025-04-28 20:00:00+00:00,40368.6,40376.5,40322.5,40340.5,4239
2025-04-28 22:00:00+00:00,40331.0,40347.0,40293.5,40325.0,791
2025-04-28 23:00:00+00:00,40324.5,40400.0,40314.5,40394.5,2103
2025-04-29 00:00:00+00:00,40395.0,40409.0,40343.0,40400.0,3081
2025-04-29 01:00:00+00:00,40399.5,40446.0,40384.5,40441.5,2992
2025-04-29 02:00:00+00:00,40442.0,40472.5,40383.5,40405.5,3632
2025-04-29 03:00:00+00:00,40406.0,40427.0,40390.5,40421.5,2182
2025-04-29 04:00:00+00:00,40422.0,40464.5,40377.5,40398.5,2530
2025-04-29 05:00:00+00:00,40397.5,40423.5,40369.5,40388.0,3472
2025-04-29 06:00:00+00:00,40387.8,40424.3,40368.8,40384.8,3884
2025-04-29 07:00:00+00:00,40383.8,40489.8,40368.8,40464.8,6850
2025-04-29 08:00:00+00:00,40465.3,40486.8,40396.8,40468.3,6702
2025-04-29 09:00:00+00:00,40469.3,40496.8,40435.8,40467.8,5598
2025-04-29 10:00:00+00:00,40466.3,40569.8,40403.3,40478.3,10764
2025-04-29 11:00:00+00:00,40479.3,40555.3,40452.3,40518.3,8609
2025-04-29 12:00:00+00:00,40517.8,40546.8,40427.3,40436.3,9250
2025-04-29 13:00:00+00:00,40436.8,40584.8,40328.3,40504.3,54104
2025-04-29 14:00:00+00:00,40506.3,40652.8,40358.8,40650.8,65562
2025-04-29 15:00:00+00:00,40651.3,40664.8,40516.8,40550.8,48491
2025-04-29 16:00:00+00:00,40551.3,40674.8,40467.8,40499.3,40510
2025-04-29 17:00:00+00:00,40499.8,40760.3,40475.8,40733.8,36425
2025-04-29 18:00:00+00:00,40734.3,40776.8,40673.3,40690.8,30914
2025-04-29 19:00:00+00:00,40691.8,40763.8,40642.3,40652.3,36142
2025-04-29 20:00:00+00:00,40654.1,40759.5,40653.0,40725.5,5763
2025-04-29 22:00:00+00:00,40712.0,40731.5,40663.0,40665.5,1157
2025-04-29 23:00:00+00:00,40664.0,40680.5,40646.0,40655.5,1416
2025-04-30 00:00:00+00:00,40654.5,40680.5,40598.0,40609.0,3218
2025-04-30 01:00:00+00:00,40607.5,40623.5,40574.5,40588.0,2644
2025-04-30 02:00:00+00:00,40589.0,40601.0,40560.5,40561.0,1780
2025-04-30 03:00:00+00:00,40560.0,40571.0,40519.0,40562.0,1838
2025-04-30 04:00:00+00:00,40561.5,40587.0,40551.0,40575.0,1268
2025-04-30 05:00:00+00:00,40577.0,40587.0,40549.0,40585.0,1666
2025-04-30 06:00:00+00:00,40583.8,40650.8,40579.3,40648.3,2513
2025-04-30 07:00:00+00:00,40649.3,40681.8,40624.8,40665.8,3591
2025-04-30 08:00:00+00:00,40664.8,40709.3,40637.8,40638.3,3912
2025-04-30 09:00:00+00:00,40637.8,40700.3,40635.3,40675.8,2043
2025-04-30 10:00:00+00:00,40676.3,40725.3,40525.8,40719.3,4207
2025-04-30 11:00:00+00:00,40718.3,40750.8,40674.3,40695.3,4444
2025-04-30 12:00:00+00:00,40694.3,40712.8,40274.3,40340.3,9487
2025-04-30 13:00:00+00:00,40341.3,40373.8,39867.3,39896.3,70247
2025-04-30 14:00:00+00:00,39895.8,40294.8,39870.3,40259.3,93188
2025-04-30 15:00:00+00:00,40259.8,40454.3,40251.8,40437.3,61258
2025-04-30 16:00:00+00:00,40436.3,40497.8,40318.3,40462.3,47393
2025-04-30 17:00:00+00:00,40462.8,40551.3,40305.8,40517.3,45357
2025-04-30 18:00:00+00:00,40517.8,40682.3,40398.8,40415.3,64365
2025-04-30 19:00:00+00:00,40415.8,40910.8,40407.8,40751.8,62349
2025-04-30 20:00:00+00:00,40754.1,40932.5,40683.0,40841.0,10767
2025-04-30 22:00:00+00:00,40852.5,40965.0,40831.0,40902.5,4013
2025-04-30 23:00:00+00:00,40902.0,40930.5,40864.5,40924.5,4044
2025-05-01 00:00:00+00:00,40925.5,40988.0,40917.5,40953.5,5373
2025-05-01 01:00:00+00:00,40954.5,41006.5,40943.0,40989.0,3564
2025-05-01 02:00:00+00:00,40988.5,41016.0,40955.0,40959.5,2047
2025-05-01 03:00:00+00:00,40959.0,41019.0,40950.0,41015.0,3267
2025-05-01 04:00:00+00:00,41016.0,41024.5,40988.0,41014.0,1881
2025-05-01 05:00:00+00:00,41014.5,41059.0,40984.5,40991.5,3703
2025-05-01 06:00:00+00:00,40991.3,41017.8,40959.8,40962.8,3898
2025-05-01 07:00:00+00:00,40963.3,41001.3,40934.3,40969.3,4947
2025-05-01 08:00:00+00:00,40969.8,41047.8,40929.3,41045.8,5376
2025-05-01 09:00:00+00:00,41046.3,41126.8,41042.8,41116.8,4578
2025-05-01 10:00:00+00:00,41117.3,41142.3,41082.3,41106.3,5465
2025-05-01 11:00:00+00:00,41105.3,41132.3,41044.8,41094.3,7678
2025-05-01 12:00:00+00:00,41093.8,41119.3,40953.8,40953.8,13026
2025-05-01 13:00:00+00:00,40954.3,41073.8,40880.3,40928.8,56329
2025-05-01 14:00:00+00:00,41012.8,41169.8,40939.3,41163.3,57829
2025-05-01 15:00:00+00:00,41162.8,41221.8,40960.3,40999.8,39044
2025-05-01 16:00:00+00:00,40999.3,41054.8,40894.8,40918.3,50308
2025-05-01 17:00:00+00:00,40918.8,41076.8,40916.8,40974.8,36117
2025-05-01 18:00:00+00:00,40974.3,41095.8,40964.8,41032.3,32354
2025-05-01 19:00:00+00:00,41032.8,41106.8,40825.3,40871.8,43228
2025-05-01 20:00:00+00:00,40873.6,40945.0,40736.0,40812.0,7109
2025-05-01 22:00:00+00:00,40823.0,40852.0,40771.0,40828.0,1432
2025-05-01 23:00:00+00:00,40827.5,40869.5,40804.0,40830.5,3314
2025-05-02 00:00:00+00:00,40830.0,41179.5,40808.5,41162.5,12988
2025-05-02 01:00:00+00:00,41162.0,41260.0,41134.5,41200.5,10004
2025-05-02 02:00:00+00:00,41198.5,41239.5,41154.0,41216.0,5493
2025-05-02 03:00:00+00:00,41216.5,41230.0,41204.5,41213.5,2578
2025-05-02 04:00:00+00:00,41213.0,41255.0,41178.5,41212.0,3032
2025-05-02 05:00:00+00:00,41212.5,41220.0,41146.5,41164.0,3755
2025-05-02 06:00:00+00:00,41162.8,41167.8,41108.3,41125.3,7138
2025-05-02 07:00:00+00:00,41125.8,41205.8,41102.3,41106.3,11001
2025-05-02 08:00:00+00:00,41106.8,41127.8,40994.8,40996.8,9204
2025-05-02 09:00:00+00:00,40996.3,41077.8,40969.3,41055.8,6923
2025-05-02 10:00:00+00:00,41056.3,41093.8,41022.3,41037.8,6887
2025-05-02 11:00:00+00:00,41036.8,41075.8,41008.3,41034.8,6576
2025-05-02 12:00:00+00:00,41034.3,41318.3,41019.8,41315.8,10357
2025-05-02 13:00:00+00:00,41316.3,41378.3,41141.8,41205.3,51569
2025-05-02 14:00:00+00:00,41205.8,41375.8,41172.3,41325.8,57014
2025-05-02 15:00:00+00:00,41326.3,41364.3,41184.3,41357.3,32689
2025-05-02 16:00:00+00:00,41356.8,41506.8,41346.8,41476.8,38703
2025-05-02 17:00:00+00:00,41477.3,41490.3,41385.3,41421.8,29477
2025-05-02 18:00:00+00:00,41422.3,41491.8,41353.8,41410.3,23031
2025-05-02 19:00:00+00:00,41409.8,41486.3,41360.3,41410.3,42315
2025-05-02 20:00:00+00:00,41412.1,41460.5,41407.6,41436.0,3768
2025-05-04 22:00:00+00:00,41348.0,41371.0,41285.0,41304.5,3790
2025-05-04 23:00:00+00:00,41304.0,41318.5,41186.0,41234.5,4159
2025-05-05 00:00:00+00:00,41235.0,41251.0,41219.0,41228.5,4440
2025-05-05 01:00:00+00:00,41228.0,41230.5,41128.0,41133.0,4834
2025-05-05 02:00:00+00:00,41132.5,41168.5,41128.5,41154.0,2905
2025-05-05 03:00:00+00:00,41154.5,41177.5,41122.5,41165.5,2751
2025-05-05 04:00:00+00:00,41165.0,41167.5,41111.0,41116.0,2897
2025-05-05 05:00:00+00:00,41115.5,41171.5,41115.5,41152.5,3243
2025-05-05 06:00:00+00:00,41152.3,41228.8,41151.8,41191.3,4331
2025-05-05 07:00:00+00:00,41191.8,41195.8,41144.3,41188.3,6008
2025-05-05 08:00:00+00:00,41186.8,41223.3,41118.3,41136.8,6464
2025-05-05 09:00:00+00:00,41136.3,41178.3,41103.8,41156.8,5477
2025-05-05 10:00:00+00:00,41156.3,41194.8,41145.3,41186.3,4520
2025-05-05 11:00:00+00:00,41186.8,41195.8,41130.8,41159.8,4720
2025-05-05 12:00:00+00:00,41160.3,41197.3,41143.3,41193.3,5464
2025-05-05 13:00:00+00:00,41192.8,41287.8,41149.8,41279.3,36433
2025-05-05 14:00:00+00:00,41341.8,41470.3,41267.8,41463.8,49557
2025-05-05 15:00:00+00:00,41463.3,41494.3,41389.8,41486.8,30890
2025-05-05 16:00:00+00:00,41486.3,41543.8,41474.3,41516.8,20428
2025-05-05 17:00:00+00:00,41515.8,41547.8,41443.8,41512.8,17826
2025-05-05 18:00:00+00:00,41513.8,41554.3,41477.8,41492.8,12927
2025-05-05 19:00:00+00:00,41491.8,41493.8,41309.3,41333.8,33191
2025-05-05 20:00:00+00:00,41336.1,41346.6,41296.0,41325.5,3780
2025-05-05 22:00:00+00:00,41324.0,41349.0,41307.0,41320.5,724
2025-05-05 23:00:00+00:00,41319.5,41333.5,41306.5,41311.5,1429
2025-05-06 00:00:00+00:00,41311.0,41343.5,41296.0,41318.0,3226
2025-05-06 01:00:00+00:00,41317.5,41338.5,41275.0,41293.0,3915
2025-05-06 02:00:00+00:00,41292.5,41299.0,41267.0,41286.0,2405
2025-05-06 03:00:00+00:00,41285.5,41303.0,41253.5,41303.0,1690
2025-05-06 04:00:00+00:00,41302.5,41307.5,41266.0,41289.5,932
2025-05-06 05:00:00+00:00,41290.0,41290.0,41206.0,41222.5,1747
2025-05-06 06:00:00+00:00,41221.3,41293.8,41214.8,41291.8,3069
2025-05-06 07:00:00+00:00,41290.8,41299.8,41163.3,41167.8,6142
2025-05-06 08:00:00+00:00,41164.8,41164.8,41039.8,41095.3,9246
2025-05-06 09:00:00+00:00,41095.8,41102.3,41019.3,41073.3,7113
2025-05-06 10:00:00+00:00,41073.8,41135.8,41051.8,41132.8,4409
2025-05-06 11:00:00+00:00,41133.3,41160.3,40988.3,41037.8,8707
2025-05-06 12:00:00+00:00,41038.3,41076.8,41010.8,41064.3,7762
2025-05-06 13:00:00+00:00,41063.8,41077.3,40845.8,40928.3,39236
2025-05-06 14:00:00+00:00,40928.8,41196.8,40911.8,41151.8,47020
2025-05-06 15:00:00+00:00,41152.3,41198.3,41065.8,41072.3,30248
2025-05-06 16:00:00+00:00,41072.8,41273.3,40972.8,40979.8,42145
2025-05-06 17:00:00+00:00,40979.3,41067.8,40883.3,40888.3,37453
2025-05-06 18:00:00+00:00,40888.8,41049.3,40886.8,41048.3,29668
2025-05-06 19:00:00+00:00,41047.8,41056.8,40911.3,40916.8,31942
2025-05-06 20:00:00+00:00,40918.6,40930.0,40765.5,40830.0,6778
2025-05-06 22:00:00+00:00,40827.0,41331.5,40827.0,41200.0,11664
2025-05-06 23:00:00+00:00,41201.0,41216.5,41158.0,41199.5,5622
2025-05-07 00:00:00+00:00,41198.5,41264.5,41130.0,41227.5,8652
2025-05-07 01:00:00+00:00,41226.5,41256.5,41174.5,41198.5,6757
2025-05-07 02:00:00+00:00,41199.0,41201.0,41106.5,41137.5,6042
2025-05-07 03:00:00+00:00,41138.0,41170.0,41136.0,41146.5,3387
2025-05-07 04:00:00+00:00,41146.0,41189.0,41141.0,41149.5,2213
2025-05-07 05:00:00+00:00,41150.0,41153.0,41100.0,41111.5,3696
2025-05-07 06:00:00+00:00,41109.8,41134.8,41070.3,41094.3,5031
2025-05-07 07:00:00+00:00,41093.8,41147.8,41082.3,41135.8,6794
2025-05-07 08:00:00+00:00,41135.3,41160.8,41099.8,41150.3,5917
2025-05-07 09:00:00+00:00,41149.8,41169.3,41112.3,41129.3,4910
2025-05-07 10:00:00+00:00,41128.8,41229.8,41097.8,41206.8,5193
2025-05-07 11:00:00+00:00,41207.3,41235.3,41149.3,41187.3,4726
2025-05-07 12:00:00+00:00,41186.8,41194.8,41089.3,41108.8,11149
2025-05-07 13:00:00+00:00,41109.3,41175.8,41037.3,41164.3,49053
2025-05-07 14:00:00+00:00,41164.8,41172.3,41025.8,41074.3,41713
2025-05-07 15:00:00+00:00,41073.8,41185.8,41032.3,41182.3,50558
2025-05-07 16:00:00+00:00,41181.8,41304.8,41133.8,41297.8,31048
2025-05-07 17:00:00+00:00,41298.3,41336.3,41085.8,41130.8,25120
2025-05-07 18:00:00+00:00,41134.3,41296.3,40911.3,41273.3,69052
2025-05-07 19:00:00+00:00,41274.3,41375.3,41022.3,41196.8,79885
2025-05-07 20:00:00+00:00,41197.6,41262.5,41153.5,41184.0,9307
2025-05-07 22:00:00+00:00,41160.5,41181.5,41116.5,41173.0,1335
2025-05-07 23:00:00+00:00,41172.5,41203.5,41156.5,41166.0,1861
2025-05-08 00:00:00+00:00,41165.5,41309.0,41134.0,41272.0,7039
2025-05-08 01:00:00+00:00,41272.5,41369.5,41251.0,41282.0,10802
2025-05-08 02:00:00+00:00,41282.5,41357.5,41282.0,41349.5,3341
2025-05-08 03:00:00+00:00,41348.0,41459.0,41340.5,41449.5,3552
2025-05-08 04:00:00+00:00,41450.0,41470.0,41429.5,41456.0,2140
2025-05-08 05:00:00+00:00,41455.5,41466.5,41420.0,41428.0,2754
2025-05-08 06:00:00+00:00,41426.8,41426.8,41363.8,41385.3,3776
2025-05-08 07:00:00+00:00,41384.8,41472.8,41372.3,41405.8,6618
2025-05-08 08:00:00+00:00,41406.3,41513.3,41400.8,41512.3,3484
2025-05-08 09:00:00+00:00,41511.3,41579.8,41505.8,41564.8,2539
2025-05-08 10:00:00+00:00,41565.3,41611.3,41545.3,41611.3,3536
2025-05-08 11:00:00+00:00,41611.8,41617.3,41501.8,41515.3,5862
2025-05-08 12:00:00+00:00,41516.8,41539.3,41357.8,41430.8,14325
2025-05-08 13:00:00+00:00,41431.8,41473.8,41334.8,41382.8,43522
2025-05-08 14:00:00+00:00,41383.3,41486.3,41243.3,41312.3,62425
2025-05-08 15:00:00+00:00,41311.8,41809.3,41275.3,41744.3,51393
2025-05-08 16:00:00+00:00,41743.8,41873.8,41742.3,41856.8,34192
2025-05-08 17:00:00+00:00,41856.3,41865.3,41650.3,41655.3,30371
2025-05-08 18:00:00+00:00,41654.8,41767.8,41641.3,41718.8,29020
2025-05-08 19:00:00+00:00,41718.3,41781.8,41455.8,41481.8,50413
2025-05-08 20:00:00+00:00,41482.6,41534.5,41456.0,41463.5,5499
2025-05-08 22:00:00+00:00,41487.0,41494.0,41437.0,41455.0,1317
2025-05-08 23:00:00+00:00,41454.5,41469.0,41396.5,41415.0,2978
2025-05-09 00:00:00+00:00,41414.5,41418.0,41315.5,41376.0,5097
2025-05-09 01:00:00+00:00,41376.5,41452.0,41370.0,41449.0,3193
2025-05-09 02:00:00+00:00,41449.5,41520.0,41429.0,41447.5,3301
2025-05-09 03:00:00+00:00,41448.0,41488.5,41392.0,41482.5,4484
2025-05-09 04:00:00+00:00,41483.5,41502.0,41464.5,41491.0,2123
2025-05-09 05:00:00+00:00,41491.5,41494.5,41447.5,41487.5,4149
2025-05-09 06:00:00+00:00,41486.3,41493.3,41441.3,41458.3,4193
2025-05-09 07:00:00+00:00,41458.8,41500.3,41415.8,41439.8,7713
2025-05-09 08:00:00+00:00,41438.8,41439.8,41378.8,41412.3,6744
2025-05-09 09:00:00+00:00,41411.8,41459.8,41408.8,41457.3,3619
2025-05-09 10:00:00+00:00,41456.8,41535.3,41455.3,41507.3,3436
2025-05-09 11:00:00+00:00,41508.3,41619.3,41363.3,41517.8,14371
2025-05-09 12:00:00+00:00,41516.3,41619.3,41499.8,41564.3,9247
2025-05-09 13:00:00+00:00,41564.8,41613.3,41462.3,41542.8,40410
2025-05-09 14:00:00+00:00,41542.3,41574.8,41299.8,41373.3,58419
2025-05-09 15:00:00+00:00,41373.8,41432.8,41315.8,41427.3,41719
2025-05-09 16:00:00+00:00,41426.8,41431.3,41225.8,41246.3,35657
2025-05-09 17:00:00+00:00,41246.8,41399.8,41228.3,41390.8,28217
2025-05-09 18:00:00+00:00,41390.3,41396.3,41312.8,41371.3,23286
2025-05-09 19:00:00+00:00,41370.8,41437.8,41304.3,41320.8,32091
2025-05-09 20:00:00+00:00,41322.6,41359.0,41306.0,41337.0,3296
2025-05-11 22:00:00+00:00,41815.0,41863.0,41676.5,41700.5,4996
2025-05-11 23:00:00+00:00,41701.0,41778.0,41689.5,41731.5,4684
2025-05-12 00:00:00+00:00,41729.5,41772.0,41717.5,41735.5,6686
2025-05-12 01:00:00+00:00,41735.0,41790.5,41728.5,41751.5,5035
2025-05-12 02:00:00+00:00,41751.0,41758.0,41731.5,41747.5,2514
2025-05-12 03:00:00+00:00,41747.0,41793.5,41735.0,41788.0,1802
2025-05-12 04:00:00+00:00,41787.5,41800.5,41774.5,41779.0,1338
2025-05-12 05:00:00+00:00,41779.5,41801.0,41763.0,41782.0,1909
2025-05-12 06:00:00+00:00,41781.8,41817.3,41748.3,41798.3,4181
2025-05-12 07:00:00+00:00,41798.8,42339.8,41796.8,42116.3,17151
2025-05-12 08:00:00+00:00,42117.3,42210.3,42086.8,42145.8,17425
2025-05-12 09:00:00+00:00,42146.3,42229.8,42134.8,42229.3,7583
2025-05-12 10:00:00+00:00,42227.8,42396.3,42211.3,42381.3,11165
2025-05-12 11:00:00+00:00,42380.8,42409.8,42274.8,42323.3,16407
2025-05-12 12:00:00+00:00,42322.8,42457.3,42313.3,42368.3,11221
2025-05-12 13:00:00+00:00,42368.8,42441.3,42285.3,42329.8,58866
2025-05-12 14:00:00+00:00,42328.8,42405.8,42190.3,42314.3,55836
2025-05-12 15:00:00+00:00,42314.8,42355.3,42194.3,42199.3,40886
2025-05-12 16:00:00+00:00,42199.8,42376.8,42182.8,42369.8,24267
2025-05-12 17:00:00+00:00,42370.3,42464.3,42368.8,42400.8,25475
2025-05-12 18:00:00+00:00,42401.3,42504.8,42397.8,42442.8,22255
2025-05-12 19:00:00+00:00,42442.3,42502.8,42375.8,42491.8,34704
2025-05-12 20:00:00+00:00,42493.6,42565.0,42492.1,42531.5,5939
2025-05-12 22:00:00+00:00,42521.0,42533.0,42465.5,42475.5,2569
2025-05-12 23:00:00+00:00,42475.0,42537.0,42447.0,42447.0,2222
2025-05-13 00:00:00+00:00,42448.5,42449.0,42404.5,42411.5,5931
2025-05-13 01:00:00+00:00,42413.0,42439.0,42400.0,42430.5,4442
2025-05-13 02:00:00+00:00,42430.0,42457.0,42398.5,42419.0,3489
2025-05-13 03:00:00+00:00,42418.0,42425.0,42383.0,42384.0,2343
2025-05-13 04:00:00+00:00,42384.5,42394.5,42345.0,42376.0,2645
2025-05-13 05:00:00+00:00,42376.5,42408.5,42364.0,42401.0,2751
2025-05-13 06:00:00+00:00,42400.8,42433.3,42391.3,42394.8,4378
2025-05-13 07:00:00+00:00,42395.3,42423.3,42365.3,42376.3,7841
2025-05-13 08:00:00+00:00,42376.8,42441.3,42376.8,42400.3,5558
2025-05-13 09:00:00+00:00,42400.8,42467.8,42393.3,42467.3,3450
2025-05-13 10:00:00+00:00,42466.8,42470.3,42258.8,42281.3,8261
2025-05-13 11:00:00+00:00,42281.8,42311.8,42217.8,42271.8,6119
2025-05-13 12:00:00+00:00,42272.3,42448.3,42262.8,42316.3,16630
2025-05-13 13:00:00+00:00,42315.8,42391.3,42275.3,42352.8,39832
2025-05-13 14:00:00+00:00,42353.3,42470.3,42298.8,42325.8,44300
2025-05-13 15:00:00+00:00,42326.3,42421.8,42303.8,42339.8,27825
2025-05-13 16:00:00+00:00,42340.3,42344.3,42270.3,42295.3,21241
2025-05-13 17:00:00+00:00,42295.8,42419.3,42281.8,42330.8,19239
2025-05-13 18:00:00+00:00,42331.3,42353.3,42266.8,42336.3,19442
2025-05-13 19:00:00+00:00,42335.8,42387.8,42215.8,42220.8,26091
2025-05-13 20:00:00+00:00,42221.6,42242.0,42201.0,42234.5,4582
2025-05-13 22:00:00+00:00,42243.0,42273.5,42239.0,42259.5,1514
2025-05-13 23:00:00+00:00,42258.0,42284.5,42245.0,42261.0,2366
2025-05-14 00:00:00+00:00,42260.5,42267.5,42224.5,42239.0,3415
2025-05-14 01:00:00+00:00,42239.5,42255.0,42210.0,42234.0,3487
2025-05-14 02:00:00+00:00,42233.5,42239.0,42202.5,42223.0,2185
2025-05-14 03:00:00+00:00,42223.5,42252.5,42222.0,42243.0,1879
2025-05-14 04:00:00+00:00,42243.5,42273.0,42226.0,42256.0,1423
2025-05-14 05:00:00+00:00,42255.5,42272.0,42240.0,42244.5,2148
2025-05-14 06:00:00+00:00,42244.3,42264.3,42213.3,42250.3,3478
2025-05-14 07:00:00+00:00,42251.3,42288.8,42222.3,42267.3,6879
2025-05-14 08:00:00+00:00,42266.8,42294.3,42239.3,42266.3,7335
2025-05-14 09:00:00+00:00,42266.8,42272.3,42190.3,42208.8,7062
2025-05-14 10:00:00+00:00,42209.3,42240.3,42172.3,42221.3,3644
2025-05-14 11:00:00+00:00,42220.8,42276.3,42220.8,42240.3,6707
2025-05-14 12:00:00+00:00,42239.8,42322.3,42235.3,42278.3,6714
2025-05-14 13:00:00+00:00,42277.8,42339.8,42194.8,42270.8,37774
2025-05-14 14:00:00+00:00,42271.3,42330.8,42214.3,42232.3,47169
2025-05-14 15:00:00+00:00,42232.8,42268.8,42093.3,42229.8,34582
2025-05-14 16:00:00+00:00,42229.3,42261.8,42108.8,42144.3,22380
2025-05-14 17:00:00+00:00,42144.8,42156.3,42026.8,42131.3,29980
2025-05-14 18:00:00+00:00,42131.8,42191.8,42086.3,42165.3,27004
2025-05-14 19:00:00+00:00,42165.8,42210.3,42094.8,42124.8,33715
2025-05-14 20:00:00+00:00,42125.1,42154.5,42100.0,42110.0,4555
2025-05-14 22:00:00+00:00,42104.5,42105.5,42070.5,42077.5,1555
2025-05-14 23:00:00+00:00,42078.0,42079.0,41899.5,41930.0,4370
2025-05-15 00:00:00+00:00,41929.5,41981.0,41923.0,41967.0,2851
2025-05-15 01:00:00+00:00,41966.5,41978.0,41940.0,41953.0,2549
2025-05-15 02:00:00+00:00,41953.5,41976.5,41933.0,41967.0,1894
2025-05-15 03:00:00+00:00,41966.5,41975.0,41951.0,41961.0,1295
2025-05-15 04:00:00+00:00,41960.5,41968.0,41948.0,41960.0,943
2025-05-15 05:00:00+00:00,41959.5,41964.5,41882.5,41901.5,3312
2025-05-15 06:00:00+00:00,41900.3,41947.8,41894.3,41909.8,3523
2025-05-15 07:00:00+00:00,41909.3,41935.8,41842.8,41850.3,9182
2025-05-15 08:00:00+00:00,41851.3,41970.3,41848.8,41936.3,8186
2025-05-15 09:00:00+00:00,41935.3,42003.3,41933.8,42002.8,6273
2025-05-15 10:00:00+00:00,42002.3,42002.8,41949.8,41980.8,4199
2025-05-15 11:00:00+00:00,41980.3,42015.8,41953.3,41999.3,5528
2025-05-15 12:00:00+00:00,41998.3,42041.8,41928.8,41976.8,10699
2025-05-15 13:00:00+00:00,41976.3,42029.8,41899.8,41982.3,39944
2025-05-15 14:00:00+00:00,41982.8,42064.8,41967.8,42064.8,46678
2025-05-15 15:00:00+00:00,42065.3,42290.8,42052.8,42270.8,31894
2025-05-15 16:00:00+00:00,42270.3,42331.8,42226.8,42325.8,23189
2025-05-15 17:00:00+00:00,42326.3,42367.8,42272.8,42283.8,21209
2025-05-15 18:00:00+00:00,42284.3,42407.3,42257.8,42390.8,29968
2025-05-15 19:00:00+00:00,42391.3,42437.8,42343.8,42418.8,42206
2025-05-15 20:00:00+00:00,42419.6,42455.0,42391.5,42430.0,5533
2025-05-15 22:00:00+00:00,42440.5,42453.0,42414.0,42415.0,1712
2025-05-15 23:00:00+00:00,42416.0,42441.0,42409.5,42422.0,1451
2025-05-16 00:00:00+00:00,42422.5,42440.0,42373.0,42376.0,2957
2025-05-16 01:00:00+00:00,42375.5,42381.0,42354.0,42365.0,2504
2025-05-16 02:00:00+00:00,42364.5,42401.0,42357.0,42397.0,1550
2025-05-16 03:00:00+00:00,42396.5,42411.5,42389.0,42395.5,1035
2025-05-16 04:00:00+00:00,42396.0,42408.0,42387.0,42393.5,1012
2025-05-16 05:00:00+00:00,42393.0,42409.0,42389.0,42394.5,1081
2025-05-16 06:00:00+00:00,42394.3,42443.3,42390.3,42407.8,2359
2025-05-16 07:00:00+00:00,42408.3,42485.8,42398.3,42484.3,3822
2025-05-16 08:00:00+00:00,42483.8,42551.8,42479.3,42530.8,3934
2025-05-16 09:00:00+00:00,42531.3,42544.3,42512.3,42526.3,2921
2025-05-16 10:00:00+00:00,42525.3,42551.8,42514.3,42517.3,2638
2025-05-16 11:00:00+00:00,42516.8,42562.3,42493.8,42553.3,3232
2025-05-16 12:00:00+00:00,42552.8,42556.3,42494.8,42496.3,4750
2025-05-16 13:00:00+00:00,42495.8,42503.3,42331.8,42459.3,33368
2025-05-16 14:00:00+00:00,42458.8,42492.3,42354.8,42435.3,36348
2025-05-16 15:00:00+00:00,42435.8,42473.8,42405.8,42418.3,22898
2025-05-16 16:00:00+00:00,42417.8,42623.3,42409.8,42618.3,19422
2025-05-16 17:00:00+00:00,42618.8,42681.3,42605.8,42632.8,17061
2025-05-16 18:00:00+00:00,42632.3,42744.8,42623.8,42711.3,14328
2025-05-16 19:00:00+00:00,42710.8,42763.3,42680.3,42738.8,23414
2025-05-16 20:00:00+00:00,42739.6,42741.1,42699.0,42715.0,2303
2025-05-18 22:00:00+00:00,42466.0,42505.0,42417.5,42482.5,2508
2025-05-18 23:00:00+00:00,42483.0,42530.5,42462.0,42482.5,2920
2025-05-19 00:00:00+00:00,42483.0,42497.0,42443.0,42489.0,6110
2025-05-19 01:00:00+00:00,42489.5,42535.5,42483.0,42505.5,3913
2025-05-19 02:00:00+00:00,42505.0,42547.0,42487.0,42492.0,2916
2025-05-19 03:00:00+00:00,42491.5,42500.0,42399.5,42412.0,3784
2025-05-19 04:00:00+00:00,42411.5,42431.0,42395.0,42407.5,2701
2025-05-19 05:00:00+00:00,42407.0,42430.0,42392.5,42422.0,3317
2025-05-19 06:00:00+00:00,42420.8,42443.8,42353.8,42374.3,5366
2025-05-19 07:00:00+00:00,42375.3,42407.3,42348.8,42351.3,8153
2025-05-19 08:00:00+00:00,42351.8,42408.3,42345.8,42362.3,7742
2025-05-19 09:00:00+00:00,42361.8,42416.3,42337.8,42396.8,4441
2025-05-19 10:00:00+00:00,42397.3,42456.3,42360.3,42440.8,4986
2025-05-19 11:00:00+00:00,42441.8,42519.8,42432.3,42508.3,5766
2025-05-19 12:00:00+00:00,42507.8,42530.8,42464.3,42503.8,7009
2025-05-19 13:00:00+00:00,42504.3,42697.8,42416.8,42683.8,37443
2025-05-19 14:00:00+00:00,42682.8,42781.8,42646.3,42678.8,38636
2025-05-19 15:00:00+00:00,42679.3,42748.8,42619.8,42739.8,28983
2025-05-19 16:00:00+00:00,42740.3,42895.3,42726.3,42872.8,18689
2025-05-19 17:00:00+00:00,42872.3,42941.8,42842.8,42845.8,21594
2025-05-19 18:00:00+00:00,42846.3,42869.3,42779.8,42853.3,20170
2025-05-19 19:00:00+00:00,42852.8,42897.3,42779.3,42878.8,26291
2025-05-19 20:00:00+00:00,42880.6,42896.5,42825.0,42895.5,3830
2025-05-19 22:00:00+00:00,42889.5,42900.5,42862.5,42899.0,1583
2025-05-19 23:00:00+00:00,42899.5,42976.0,42892.0,42939.5,2686
2025-05-20 00:00:00+00:00,42939.0,42959.5,42909.5,42910.0,3256
2025-05-20 01:00:00+00:00,42909.5,42909.5,42800.5,42832.5,4468
2025-05-20 02:00:00+00:00,42833.0,42869.5,42827.0,42845.5,2482
2025-05-20 03:00:00+00:00,42845.0,42860.0,42830.0,42833.0,1836
2025-05-20 04:00:00+00:00,42833.5,42849.0,42827.0,42843.0,1776
2025-05-20 05:00:00+00:00,42842.5,42874.5,42793.5,42795.0,2546
2025-05-20 06:00:00+00:00,42794.8,42810.3,42773.8,42807.8,3872
2025-05-20 07:00:00+00:00,42807.3,42855.8,42777.3,42824.3,5781
2025-05-20 08:00:00+00:00,42823.8,42852.3,42806.3,42816.8,5102
2025-05-20 09:00:00+00:00,42817.3,42846.8,42786.8,42801.8,3316
2025-05-20 10:00:00+00:00,42802.3,42910.8,42767.3,42907.8,4387
2025-05-20 11:00:00+00:00,42908.3,42912.3,42869.8,42870.8,3444
2025-05-20 12:00:00+00:00,42870.3,42905.8,42837.3,42861.8,5333
2025-05-20 13:00:00+00:00,42862.3,42900.8,42730.8,42806.3,35228
2025-05-20 14:00:00+00:00,42806.8,42855.3,42748.8,42751.3,34318
2025-05-20 15:00:00+00:00,42750.8,42834.8,42719.3,42777.8,21763
2025-05-20 16:00:00+00:00,42777.3,42787.3,42703.3,42761.8,17227
2025-05-20 17:00:00+00:00,42763.3,42802.8,42755.8,42789.3,16732
2025-05-20 18:00:00+00:00,42788.8,42801.3,42603.3,42644.3,29896
2025-05-20 19:00:00+00:00,42643.8,42780.3,42569.3,42768.8,31168
2025-05-20 20:00:00+00:00,42769.6,42776.5,42721.5,42742.5,3918
2025-05-20 22:00:00+00:00,42731.0,42737.0,42614.0,42685.5,4774
2025-05-20 23:00:00+00:00,42686.5,42728.0,42682.0,42727.5,1707
2025-05-21 00:00:00+00:00,42728.0,42743.0,42694.5,42718.5,3495
2025-05-21 01:00:00+00:00,42718.0,42730.5,42666.0,42692.0,2977
2025-05-21 02:00:00+00:00,42692.5,42695.0,42652.5,42664.0,2473
2025-05-21 03:00:00+00:00,42664.5,42676.0,42641.0,42660.0,1773
2025-05-21 04:00:00+00:00,42659.5,42664.0,42623.5,42638.0,1469
2025-05-21 05:00:00+00:00,42638.5,42668.0,42599.0,42605.0,2269
2025-05-21 06:00:00+00:00,42603.8,42610.3,42553.3,42555.3,5722
2025-05-21 07:00:00+00:00,42555.8,42609.3,42555.3,42590.3,4889
2025-05-21 08:00:00+00:00,42589.3,42596.3,42489.8,42514.3,4436
2025-05-21 09:00:00+00:00,42514.8,42529.3,42433.3,42445.3,4590
2025-05-21 10:00:00+00:00,42444.8,42449.3,42326.3,42402.3,6863
2025-05-21 11:00:00+00:00,42401.8,42485.3,42379.3,42485.3,5922
2025-05-21 12:00:00+00:00,42485.8,42496.8,42381.3,42412.3,8813
2025-05-21 13:00:00+00:00,42411.8,42479.3,42311.8,42416.3,33069
2025-05-21 14:00:00+00:00,42415.8,42521.3,42305.8,42414.8,44137
2025-05-21 15:00:00+00:00,42414.3,42479.8,42383.3,42426.8,30283
2025-05-21 16:00:00+00:00,42426.3,42492.3,42402.8,42415.8,20615
2025-05-21 17:00:00+00:00,42415.3,42431.3,41908.8,42093.8,109291
2025-05-21 18:00:00+00:00,42094.3,42121.3,41965.3,41982.3,68948
2025-05-21 19:00:00+00:00,41982.8,42038.3,41869.3,41936.3,71389
2025-05-21 20:00:00+00:00,41937.1,41946.0,41854.5,41882.0,8150
2025-05-21 22:00:00+00:00,41877.0,41927.0,41836.5,41886.5,3011
2025-05-21 23:00:00+00:00,41885.5,41933.5,41873.0,41916.0,2509
2025-05-22 00:00:00+00:00,41915.5,41976.0,41903.5,41973.0,4269
2025-05-22 01:00:00+00:00,41972.5,41995.5,41935.0,41937.5,3012
2025-05-22 02:00:00+00:00,41938.0,41971.5,41918.0,41932.5,2117
2025-05-22 03:00:00+00:00,41933.0,41968.5,41931.5,41949.0,1479
2025-05-22 04:00:00+00:00,41948.5,41950.5,41915.5,41921.5,992
2025-05-22 05:00:00+00:00,41921.0,41961.0,41910.5,41954.0,2094
2025-05-22 06:00:00+00:00,41954.3,41988.3,41920.8,41942.8,3585
2025-05-22 07:00:00+00:00,41943.3,41995.8,41909.8,41939.8,7010
2025-05-22 08:00:00+00:00,41940.3,41956.8,41900.3,41928.3,5926
2025-05-22 09:00:00+00:00,41927.8,41949.3,41883.8,41904.3,3872
2025-05-22 10:00:00+00:00,41904.8,41938.3,41869.8,41909.3,4813
2025-05-22 11:00:00+00:00,41908.3,41971.8,41731.8,41731.8,10926
2025-05-22 12:00:00+00:00,41732.3,41850.3,41695.3,41844.3,17809
2025-05-22 13:00:00+00:00,41843.8,41972.8,41822.8,41951.8,51021
2025-05-22 14:00:00+00:00,41953.3,42015.8,41797.3,41890.3,64732
2025-05-22 15:00:00+00:00,41890.8,42021.3,41847.3,42010.8,50072
2025-05-22 16:00:00+00:00,42011.8,42108.8,41937.8,41940.8,36561
2025-05-22 17:00:00+00:00,41940.3,42134.8,41910.3,42106.8,33389
2025-05-22 18:00:00+00:00,42106.3,42152.8,42058.8,42121.8,27964
2025-05-22 19:00:00+00:00,42122.3,42177.3,41911.3,41939.8,38782
2025-05-22 20:00:00+00:00,41940.6,42005.5,41929.0,42001.5,6645
2025-05-22 22:00:00+00:00,42009.5,42030.5,41904.0,41908.0,2899
2025-05-22 23:00:00+00:00,41908.5,41955.0,41892.5,41948.0,2419
2025-05-23 00:00:00+00:00,41948.5,41984.0,41943.5,41984.0,3230
2025-05-23 01:00:00+00:00,41983.5,41984.0,41942.0,41951.0,3554
2025-05-23 02:00:00+00:00,41951.5,42019.5,41947.0,41977.0,2159
2025-05-23 03:00:00+00:00,41978.0,41994.5,41948.5,41963.5,2648
2025-05-23 04:00:00+00:00,41963.0,41963.5,41904.0,41915.0,1564
2025-05-23 05:00:00+00:00,41915.5,41954.5,41914.0,41924.5,2136
2025-05-23 06:00:00+00:00,41923.3,41924.8,41845.3,41897.3,5273
2025-05-23 07:00:00+00:00,41897.8,42028.3,41897.8,41985.8,5657
2025-05-23 08:00:00+00:00,41984.8,42011.3,41943.8,41947.3,5553
2025-05-23 09:00:00+00:00,41946.8,41947.3,41805.3,41910.3,7004
2025-05-23 10:00:00+00:00,41911.3,41925.8,41852.3,41898.3,5810
2025-05-23 11:00:00+00:00,41897.8,41910.3,41333.8,41384.3,38778
2025-05-23 12:00:00+00:00,41383.3,41470.8,41235.8,41400.8,43668
2025-05-23 13:00:00+00:00,41399.8,41601.8,41328.3,41551.3,75151
2025-05-23 14:00:00+00:00,41556.3,41693.3,41546.3,41553.8,71171
2025-05-23 15:00:00+00:00,41554.3,41740.8,41540.8,41605.8,51455
2025-05-23 16:00:00+00:00,41606.3,41713.8,41573.8,41668.8,38441
2025-05-23 17:00:00+00:00,41669.3,41839.3,41651.8,41792.3,30074
2025-05-23 18:00:00+00:00,41791.8,41856.8,41739.3,41795.3,32907
2025-05-23 19:00:00+00:00,41794.8,41842.3,41623.3,41672.8,43166
2025-05-23 20:00:00+00:00,41673.6,41675.1,41618.0,41640.5,4583
2025-05-25 22:00:00+00:00,41660.5,42046.5,41657.5,41927.5,3603
2025-05-25 23:00:00+00:00,41927.0,42016.0,41927.0,41962.5,4002
2025-05-26 00:00:00+00:00,41962.0,42026.0,41937.0,41978.0,6318
2025-05-26 01:00:00+00:00,41977.5,42024.5,41949.5,42018.0,3397
2025-05-26 02:00:00+00:00,42017.5,42049.0,41992.0,41995.5,3208
2025-05-26 03:00:00+00:00,41996.0,42059.5,41993.5,42045.0,2158
2025-05-26 04:00:00+00:00,42044.5,42072.5,42025.0,42064.5,1370
2025-05-26 05:00:00+00:00,42063.5,42067.5,42018.5,42023.5,1887
2025-05-26 06:00:00+00:00,42023.3,42111.3,41996.3,42085.8,5449
2025-05-26 07:00:00+00:00,42086.3,42153.8,42066.8,42141.3,5330
2025-05-26 08:00:00+00:00,42141.8,42173.8,42094.3,42102.3,3382
2025-05-26 09:00:00+00:00,42102.8,42132.8,42087.8,42103.8,2147
2025-05-26 10:00:00+00:00,42103.3,42132.3,42090.8,42104.3,1566
2025-05-26 11:00:00+00:00,42103.3,42136.3,42093.8,42127.8,1942
2025-05-26 12:00:00+00:00,42127.3,42159.8,42102.3,42108.8,2136
2025-05-26 13:00:00+00:00,42108.3,42168.8,42072.8,42112.8,4787
2025-05-26 14:00:00+00:00,42113.3,42119.8,42030.3,42039.3,5259
2025-05-26 15:00:00+00:00,42039.8,42137.8,42002.8,42135.8,4111
2025-05-26 16:00:00+00:00,42136.8,42149.3,42098.3,42133.8,2859
2025-05-26 22:00:00+00:00,42123.5,42141.0,42070.0,42083.5,662
2025-05-26 23:00:00+00:00,42083.0,42096.5,42047.0,42064.0,2061
2025-05-27 00:00:00+00:00,42064.5,42095.0,42033.0,42094.5,3439
2025-05-27 01:00:00+00:00,42093.5,42093.5,42016.5,42021.5,3304
2025-05-27 02:00:00+00:00,42021.0,42032.5,42004.5,42026.5,2268
2025-05-27 03:00:00+00:00,42026.0,42038.0,41989.0,42001.5,1932
2025-05-27 04:00:00+00:00,42001.0,42032.0,41995.0,42026.0,1400
2025-05-27 05:00:00+00:00,42025.5,42062.0,42006.5,42048.5,2648
2025-05-27 06:00:00+00:00,42047.3,42118.3,42044.8,42094.8,2760
2025-05-27 07:00:00+00:00,42095.3,42281.3,42081.3,42236.8,7715
2025-05-27 08:00:00+00:00,42235.8,42244.3,42181.8,42204.8,6454
2025-05-27 09:00:00+00:00,42205.3,42264.3,42197.3,42230.3,4688
2025-05-27 10:00:00+00:00,42230.8,42256.8,42194.8,42194.8,4314
2025-05-27 11:00:00+00:00,42194.3,42263.3,42174.8,42237.8,5132
2025-05-27 12:00:00+00:00,42236.8,42238.8,42124.8,42152.3,8442
2025-05-27 13:00:00+00:00,42152.8,42200.3,41947.3,42040.8,38369
2025-05-27 14:00:00+00:00,42040.3,42214.8,42039.8,42189.3,27572
2025-05-27 15:00:00+00:00,42188.8,42279.8,42157.8,42274.8,17714
2025-05-27 16:00:00+00:00,42275.3,42383.8,42270.3,42323.3,18378
2025-05-27 17:00:00+00:00,42323.8,42398.8,42305.8,42393.8,13399
2025-05-27 18:00:00+00:00,42394.3,42422.3,42368.3,42369.8,12731
2025-05-27 19:00:00+00:00,42369.3,42425.3,42351.3,42419.8,20350
2025-05-27 20:00:00+00:00,42421.6,42478.0,42407.0,42473.5,4205
2025-05-27 22:00:00+00:00,42468.0,42476.0,42436.5,42459.0,1392
2025-05-27 23:00:00+00:00,42458.5,42480.5,42445.0,42445.5,1633
2025-05-28 00:00:00+00:00,42444.5,42444.5,42422.0,42424.0,2256
2025-05-28 01:00:00+00:00,42424.5,42440.5,42407.0,42412.5,2099
2025-05-28 02:00:00+00:00,42413.0,42419.5,42396.0,42398.0,1343
2025-05-28 03:00:00+00:00,42398.5,42415.5,42384.0,42389.5,1319
2025-05-28 04:00:00+00:00,42389.0,42393.0,42374.5,42379.0,669
2025-05-28 05:00:00+00:00,42379.5,42399.0,42366.0,42379.0,1354
2025-05-28 06:00:00+00:00,42377.8,42392.8,42344.3,42354.8,2401
2025-05-28 07:00:00+00:00,42354.3,42375.3,42321.8,42326.3,4309
2025-05-28 08:00:00+00:00,42325.8,42347.8,42310.3,42315.3,3537
2025-05-28 09:00:00+00:00,42315.8,42332.8,42282.3,42330.8,3215
2025-05-28 10:00:00+00:00,42331.3,42437.3,42324.3,42434.3,3928
2025-05-28 11:00:00+00:00,42433.8,42437.3,42385.3,42405.3,4218
2025-05-28 12:00:00+00:00,42404.8,42442.3,42388.8,42391.3,4572
2025-05-28 13:00:00+00:00,42390.8,42514.8,42376.3,42418.8,29838
2025-05-28 14:00:00+00:00,42419.3,42437.3,42286.8,42301.8,35657
2025-05-28 15:00:00+00:00,42302.3,42344.8,42225.3,42246.8,23061
2025-05-28 16:00:00+00:00,42246.3,42320.8,42245.8,42299.3,15947
2025-05-28 17:00:00+00:00,42298.8,42342.8,42252.3,42262.3,14549
2025-05-28 18:00:00+00:00,42261.8,42308.3,42131.8,42255.8,23591
2025-05-28 19:00:00+00:00,42255.3,42319.8,42103.8,42170.8,41300
2025-05-28 20:00:00+00:00,42172.6,42256.5,42130.0,42196.5,12494
2025-05-28 22:00:00+00:00,42167.5,42350.5,42134.0,42336.5,5324
2025-05-28 23:00:00+00:00,42336.0,42705.0,42336.0,42658.0,28327
2025-05-29 00:00:00+00:00,42658.5,42701.5,42567.5,42685.0,13772
2025-05-29 01:00:00+00:00,42684.5,42716.0,42609.5,42712.0,8250
2025-05-29 02:00:00+00:00,42711.5,42759.5,42702.5,42724.5,5090
2025-05-29 03:00:00+00:00,42723.5,42775.0,42691.5,42702.5,3473
2025-05-29 04:00:00+00:00,42701.0,42747.0,42701.0,42742.0,2014
2025-05-29 05:00:00+00:00,42742.5,42777.0,42725.0,42741.5,2772
2025-05-29 06:00:00+00:00,42740.3,42740.8,42670.3,42680.8,4588
2025-05-29 07:00:00+00:00,42680.3,42735.8,42637.3,42730.8,6085
2025-05-29 08:00:00+00:00,42731.3,42746.3,42625.3,42638.3,6023
2025-05-29 09:00:00+00:00,42638.8,42648.8,42519.8,42524.3,5086
2025-05-29 10:00:00+00:00,42525.3,42526.8,42362.8,42412.3,8636
2025-05-29 11:00:00+00:00,42412.8,42417.3,42306.3,42310.8,8329
2025-05-29 12:00:00+00:00,42310.3,42349.3,42207.3,42256.3,12528
2025-05-29 13:00:00+00:00,42256.8,42328.8,42170.3,42244.8,40507
2025-05-29 14:00:00+00:00,42244.3,42272.3,42113.3,42222.8,62249
2025-05-29 15:00:00+00:00,42222.3,42233.3,41909.8,41952.8,48719
2025-05-29 16:00:00+00:00,41952.3,42180.8,41873.8,42158.8,45353
2025-05-29 17:00:00+00:00,42158.3,42215.8,42131.8,42136.8,35523
2025-05-29 18:00:00+00:00,42136.3,42243.8,42083.8,42201.8,32748
2025-05-29 19:00:00+00:00,42202.3,42325.8,42179.3,42272.8,37504
2025-05-29 20:00:00+00:00,42273.6,42293.5,42224.5,42240.0,4693
2025-05-29 22:00:00+00:00,42234.0,42265.0,42185.0,42223.0,3601
2025-05-29 23:00:00+00:00,42222.5,42246.0,42189.5,42192.5,3375
2025-05-30 00:00:00+00:00,42193.0,42236.0,42184.0,42198.5,4941
2025-05-30 01:00:00+00:00,42198.0,42221.5,42096.0,42218.5,6934
2025-05-30 02:00:00+00:00,42219.0,42243.5,42208.5,42230.5,2451
2025-05-30 03:00:00+00:00,42230.0,42235.0,42198.0,42222.0,1853
2025-05-30 04:00:00+00:00,42221.0,42235.0,42204.5,42222.5,1444
2025-05-30 05:00:00+00:00,42223.0,42283.0,42214.5,42257.0,2812
2025-05-30 06:00:00+00:00,42256.8,42271.8,42185.8,42187.8,5702
2025-05-30 07:00:00+00:00,42187.3,42258.3,42164.3,42237.3,8184
2025-05-30 08:00:00+00:00,42236.8,42272.8,42207.8,42225.8,5997
2025-05-30 09:00:00+00:00,42225.3,42269.3,42212.3,42213.8,4603
2025-05-30 10:00:00+00:00,42214.3,42265.3,42197.3,42244.8,4211
2025-05-30 11:00:00+00:00,42245.3,42274.3,42222.3,42228.3,4346
2025-05-30 12:00:00+00:00,42229.3,42271.3,41997.8,42135.3,25802
2025-05-30 13:00:00+00:00,42135.8,42260.8,42114.3,42204.3,43619
2025-05-30 14:00:00+00:00,42202.3,42344.8,42202.3,42229.8,42634
2025-05-30 15:00:00+00:00,42230.3,42294.8,42164.3,42213.8,38837
2025-05-30 16:00:00+00:00,42214.3,42284.8,41957.3,42040.8,65724
2025-05-30 17:00:00+00:00,42041.3,42185.8,42017.8,42124.3,40228
2025-05-30 18:00:00+00:00,42124.8,42311.3,42122.3,42297.3,34597
2025-05-30 19:00:00+00:00,42297.8,42439.8,42276.3,42288.8,53733
2025-05-30 20:00:00+00:00,42290.6,42351.0,42239.5,42275.5,9648
2025-06-01 22:00:00+00:00,42195.0,42241.0,42186.5,42191.5,2740
2025-06-01 23:00:00+00:00,42192.5,42196.0,42148.5,42185.5,2530
2025-06-02 00:00:00+00:00,42186.0,42231.0,42176.5,42197.0,4317
2025-06-02 01:00:00+00:00,42197.5,42222.0,42161.0,42180.5,3835
2025-06-02 02:00:00+00:00,42181.5,42205.0,42149.5,42181.0,2813
2025-06-02 03:00:00+00:00,42181.5,42183.5,42131.5,42141.5,3405
2025-06-02 04:00:00+00:00,42142.0,42171.0,42125.0,42137.5,1864
2025-06-02 05:00:00+00:00,42138.0,42160.0,42100.0,42118.5,2906
2025-06-02 06:00:00+00:00,42117.3,42124.8,42058.3,42077.8,5097
2025-06-02 07:00:00+00:00,42076.3,42150.8,41976.3,42071.8,13023
2025-06-02 08:00:00+00:00,42069.3,42157.8,42048.3,42124.8,10733
2025-06-02 09:00:00+00:00,42125.3,42132.8,42043.3,42083.8,8368
2025-06-02 10:00:00+00:00,42084.8,42164.8,42069.8,42147.3,6572
2025-06-02 11:00:00+00:00,42146.3,42225.3,42122.8,42179.8,6094
2025-06-02 12:00:00+00:00,42178.8,42228.3,42155.8,42201.3,6595
2025-06-02 13:00:00+00:00,42200.8,42218.8,42009.8,42017.3,42321
2025-06-02 14:00:00+00:00,41965.8,42189.3,41903.8,42176.3,60397
2025-06-02 15:00:00+00:00,42175.8,42191.8,42058.8,42165.8,32378
2025-06-02 16:00:00+00:00,42166.3,42180.3,42078.8,42177.8,23636
2025-06-02 17:00:00+00:00,42178.3,42204.8,42113.8,42162.8,20433
2025-06-02 18:00:00+00:00,42162.3,42312.8,42144.3,42311.3,20626
2025-06-02 19:00:00+00:00,42310.8,42387.3,42303.8,42374.8,20495
2025-06-02 20:00:00+00:00,42376.6,42418.0,42374.5,42380.5,4938
2025-06-02 22:00:00+00:00,42375.0,42380.5,42333.5,42334.0,642
2025-06-02 23:00:00+00:00,42334.5,42368.5,42274.5,42287.5,3882
2025-06-03 00:00:00+00:00,42288.0,42303.0,42275.5,42287.5,2551
2025-06-03 01:00:00+00:00,42287.0,42298.5,42268.5,42271.0,2410
2025-06-03 02:00:00+00:00,42271.5,42277.5,42203.0,42237.0,2435
2025-06-03 03:00:00+00:00,42236.0,42236.0,42196.0,42224.5,1648
2025-06-03 04:00:00+00:00,42224.0,42227.5,42198.5,42210.5,912
2025-06-03 05:00:00+00:00,42211.0,42237.5,42206.5,42236.0,1363
2025-06-03 06:00:00+00:00,42235.8,42244.3,42195.3,42220.3,2540
2025-06-03 07:00:00+00:00,42219.8,42237.8,42114.3,42167.8,8776
2025-06-03 08:00:00+00:00,42168.3,42193.3,42122.8,42192.3,6467
2025-06-03 09:00:00+00:00,42191.8,42229.8,42174.8,42216.8,3862
2025-06-03 10:00:00+00:00,42217.3,42248.3,42191.3,42245.3,4305
2025-06-03 11:00:00+00:00,42245.8,42289.8,42225.3,42284.3,4401
2025-06-03 12:00:00+00:00,42284.8,42321.3,42268.3,42293.8,6377
2025-06-03 13:00:00+00:00,42293.3,42430.8,42281.3,42284.3,29076
2025-06-03 14:00:00+00:00,42285.3,42427.3,42238.8,42417.8,33572
2025-06-03 15:00:00+00:00,42418.3,42539.3,42416.3,42537.8,18541
2025-06-03 16:00:00+00:00,42537.3,42577.8,42492.8,42562.8,12515
2025-06-03 17:00:00+00:00,42563.8,42631.3,42545.8,42577.8,13652
2025-06-03 18:00:00+00:00,42578.3,42637.8,42517.8,42602.8,23255
2025-06-03 19:00:00+00:00,42603.3,42625.3,42542.3,42596.8,22541
2025-06-03 20:00:00+00:00,42598.6,42601.0,42567.0,42591.5,3804
2025-06-03 22:00:00+00:00,42589.0,42637.5,42586.0,42612.5,972
2025-06-03 23:00:00+00:00,42612.0,42633.5,42594.5,42620.5,2551
2025-06-04 00:00:00+00:00,42620.0,42642.5,42600.5,42610.0,4205
2025-06-04 01:00:00+00:00,42609.5,42626.0,42574.5,42586.0,3006
2025-06-04 02:00:00+00:00,42586.5,42593.5,42562.0,42562.0,1783
2025-06-04 03:00:00+00:00,42561.5,42574.5,42551.5,42568.5,1127
2025-06-04 04:00:00+00:00,42569.0,42582.5,42557.0,42557.0,1035
2025-06-04 05:00:00+00:00,42556.5,42586.0,42554.0,42579.0,1323
2025-06-04 06:00:00+00:00,42578.8,42614.3,42562.3,42603.8,3064
2025-06-04 07:00:00+00:00,42603.3,42653.3,42575.8,42649.8,5007
2025-06-04 08:00:00+00:00,42649.3,42694.3,42640.8,42644.3,5168
2025-06-04 09:00:00+00:00,42645.3,42671.8,42633.8,42650.3,3263
2025-06-04 10:00:00+00:00,42650.8,42672.3,42634.3,42666.8,3414
2025-06-04 11:00:00+00:00,42665.3,42675.8,42634.8,42661.3,2869
2025-06-04 12:00:00+00:00,42662.3,42678.8,42541.3,42582.3,11626
2025-06-04 13:00:00+00:00,42582.8,42709.8,42572.3,42638.3,23585
2025-06-04 14:00:00+00:00,42551.3,42669.3,42546.3,42650.3,40206
2025-06-04 15:00:00+00:00,42650.8,42680.3,42571.8,42604.8,28388
2025-06-04 16:00:00+00:00,42604.3,42609.8,42541.3,42601.8,23477
2025-06-04 17:00:00+00:00,42602.8,42649.8,42600.3,42635.8,11382
2025-06-04 18:00:00+00:00,42636.3,42664.3,42565.3,42574.3,13640
2025-06-04 19:00:00+00:00,42574.8,42588.8,42485.3,42486.8,21289
2025-06-04 20:00:00+00:00,42487.6,42496.0,42466.5,42476.0,3482
2025-06-04 22:00:00+00:00,42473.5,42505.5,42460.5,42477.5,1698
2025-06-04 23:00:00+00:00,42478.0,42488.0,42455.0,42465.0,1601
2025-06-05 00:00:00+00:00,42465.5,42508.0,42463.0,42483.0,2309
2025-06-05 01:00:00+00:00,42482.5,42497.0,42467.0,42494.5,1855
2025-06-05 02:00:00+00:00,42495.0,42498.5,42459.0,42470.0,1312
2025-06-05 03:00:00+00:00,42470.5,42488.0,42465.0,42480.5,1250
2025-06-05 04:00:00+00:00,42480.0,42500.0,42475.5,42498.5,801
2025-06-05 05:00:00+00:00,42498.0,42500.0,42473.0,42491.5,1542
2025-06-05 06:00:00+00:00,42490.3,42493.8,42468.8,42479.3,1912
2025-06-05 07:00:00+00:00,42478.8,42580.3,42477.8,42572.8,5761
2025-06-05 08:00:00+00:00,42572.3,42610.8,42551.8,42571.3,5061
2025-06-05 09:00:00+00:00,42570.8,42582.3,42530.3,42541.3,4165
2025-06-05 10:00:00+00:00,42540.8,42564.3,42503.3,42518.8,3848
2025-06-05 11:00:00+00:00,42518.3,42536.8,42497.3,42516.8,4448
2025-06-05 12:00:00+00:00,42516.3,42739.3,42463.3,42585.3,15052
2025-06-05 13:00:00+00:00,42585.8,42612.8,42296.8,42317.8,53726
2025-06-05 14:00:00+00:00,42318.3,42561.3,42314.3,42534.8,59725
2025-06-05 15:00:00+00:00,42535.3,42645.8,42530.8,42631.8,27435
2025-06-05 16:00:00+00:00,42631.3,42669.8,42418.8,42460.8,42367
2025-06-05 17:00:00+00:00,42460.3,42628.3,42436.8,42548.8,28572
2025-06-05 18:00:00+00:00,42549.3,42569.8,42366.8,42536.8,38434
2025-06-05 19:00:00+00:00,42536.3,42556.8,42266.3,42384.8,82828
2025-06-05 20:00:00+00:00,42386.6,42444.0,42384.6,42404.5,7542
2025-06-05 22:00:00+00:00,42351.0,42430.0,42347.0,42429.5,2780
2025-06-05 23:00:00+00:00,42428.5,42452.5,42403.0,42432.0,3527
2025-06-06 00:00:00+00:00,42431.5,42496.0,42430.0,42478.5,4916
2025-06-06 01:00:00+00:00,42479.0,42508.0,42459.5,42479.5,3190
2025-06-06 02:00:00+00:00,42480.5,42485.5,42459.5,42473.0,2175
2025-06-06 03:00:00+00:00,42474.0,42503.5,42462.0,42491.0,1892
2025-06-06 04:00:00+00:00,42490.5,42519.0,42479.5,42518.5,1859
2025-06-06 05:00:00+00:00,42518.0,42537.5,42510.5,42521.5,2053
2025-06-06 06:00:00+00:00,42521.3,42561.8,42502.3,42560.3,3562
2025-06-06 07:00:00+00:00,42559.8,42581.3,42536.3,42542.3,5187
2025-06-06 08:00:00+00:00,42542.8,42551.8,42507.8,42533.3,4693
2025-06-06 09:00:00+00:00,42534.8,42543.3,42503.3,42516.3,3105
2025-06-06 10:00:00+00:00,42516.8,42526.8,42479.8,42485.3,2863
2025-06-06 11:00:00+00:00,42485.8,42513.3,42455.3,42504.3,5867
2025-06-06 12:00:00+00:00,42504.8,42694.3,42501.3,42679.3,15443
2025-06-06 13:00:00+00:00,42678.8,42979.8,42663.8,42929.8,38942
2025-06-06 14:00:00+00:00,42930.8,42938.8,42808.3,42809.8,35218
2025-06-06 15:00:00+00:00,42810.8,42886.3,42641.8,42736.8,41971
2025-06-06 16:00:00+00:00,42737.3,42782.8,42621.8,42675.3,28788
2025-06-06 17:00:00+00:00,42675.8,42749.3,42632.8,42733.8,20678
2025-06-06 18:00:00+00:00,42734.8,42852.8,42734.3,42804.8,19097
2025-06-06 19:00:00+00:00,42804.3,42856.8,42794.8,42803.8,22193
2025-06-06 20:00:00+00:00,42804.6,42843.0,42798.0,42829.0,2661
2025-06-08 22:00:00+00:00,42866.0,42871.5,42753.5,42765.0,4129
2025-06-08 23:00:00+00:00,42765.5,42810.0,42755.0,42797.0,2390
2025-06-09 00:00:00+00:00,42798.0,42812.0,42777.5,42785.0,2982
2025-06-09 01:00:00+00:00,42784.5,42786.0,42752.0,42763.5,1707
2025-06-09 02:00:00+00:00,42764.5,42779.5,42740.5,42757.0,1730
2025-06-09 03:00:00+00:00,42756.5,42756.5,42720.0,42742.5,1250
2025-06-09 04:00:00+00:00,42743.0,42760.0,42731.5,42754.0,1124
2025-06-09 05:00:00+00:00,42755.0,42756.0,42731.0,42753.0,1518
2025-06-09 06:00:00+00:00,42752.8,42803.3,42734.8,42800.8,2425
2025-06-09 07:00:00+00:00,42801.3,42840.8,42763.8,42840.3,5198
2025-06-09 08:00:00+00:00,42839.8,42869.3,42811.3,42863.8,4250
2025-06-09 09:00:00+00:00,42864.3,42870.3,42828.3,42830.8,2417
2025-06-09 10:00:00+00:00,42831.3,42846.3,42811.8,42825.8,2469
2025-06-09 11:00:00+00:00,42825.3,42886.8,42823.3,42862.8,4783
2025-06-09 12:00:00+00:00,42861.8,42872.3,42837.8,42838.8,3823
2025-06-09 13:00:00+00:00,42839.8,42857.8,42677.9,42683.4,26175
2025-06-09 14:00:00+00:00,42682.9,42735.4,42600.4,42687.4,25074
2025-06-09 15:00:00+00:00,42687.9,42787.9,42678.4,42767.4,15552
2025-06-09 16:00:00+00:00,42766.9,42871.9,42734.4,42836.4,12870
2025-06-09 17:00:00+00:00,42836.9,42922.4,42832.9,42899.9,12963
2025-06-09 18:00:00+00:00,42899.4,42936.9,42860.4,42892.4,10142
2025-06-09 19:00:00+00:00,42892.9,42908.9,42784.9,42794.9,17674
2025-06-09 20:00:00+00:00,42796.1,42814.5,42781.0,42809.0,3228
2025-06-09 22:00:00+00:00,42807.5,42836.0,42800.5,42810.5,1421
2025-06-09 23:00:00+00:00,42811.0,42821.5,42806.5,42815.0,907
2025-06-10 00:00:00+00:00,42814.5,42851.5,42780.0,42841.0,2245
2025-06-10 01:00:00+00:00,42840.5,42957.5,42839.0,42932.5,4790
2025-06-10 02:00:00+00:00,42932.0,42962.5,42905.0,42948.0,2187
2025-06-10 03:00:00+00:00,42947.5,42957.0,42922.0,42925.0,1065
2025-06-10 04:00:00+00:00,42924.5,42933.5,42896.0,42897.0,965
2025-06-10 05:00:00+00:00,42897.5,42913.5,42703.0,42801.0,12981
2025-06-10 06:00:00+00:00,42800.8,42817.8,42766.3,42780.3,7106
2025-06-10 07:00:00+00:00,42779.8,42804.8,42674.3,42756.8,12946
2025-06-10 08:00:00+00:00,42756.3,42763.3,42682.8,42745.3,8422
2025-06-10 09:00:00+00:00,42744.8,42767.3,42727.3,42754.3,3765
2025-06-10 10:00:00+00:00,42753.8,42793.8,42752.8,42790.8,4036
2025-06-10 11:00:00+00:00,42791.3,42810.3,42749.8,42807.8,5587
2025-06-10 12:00:00+00:00,42808.3,42830.3,42797.8,42803.3,4941
2025-06-10 13:00:00+00:00,42804.3,42844.4,42760.9,42791.4,23768
2025-06-10 14:00:00+00:00,42791.9,42872.4,42768.4,42828.4,20355
2025-06-10 15:00:00+00:00,42828.9,42865.4,42738.4,42825.4,25771
2025-06-10 16:00:00+00:00,42824.9,42923.4,42821.9,42916.9,12032
2025-06-10 17:00:00+00:00,42917.4,42968.9,42846.4,42852.4,13249
2025-06-10 18:00:00+00:00,42852.9,42910.4,42774.4,42885.4,22151
2025-06-10 19:00:00+00:00,42885.9,42952.4,42831.9,42916.4,23189
2025-06-10 20:00:00+00:00,42918.6,42920.5,42860.0,42885.5,3788
2025-06-10 22:00:00+00:00,42876.0,42920.5,42871.0,42910.5,1691
2025-06-10 23:00:00+00:00,42911.0,42947.5,42823.5,42890.0,5708
2025-06-11 00:00:00+00:00,42889.5,42901.5,42832.0,42835.0,5126
2025-06-11 01:00:00+00:00,42834.5,42850.5,42785.0,42813.0,3387
2025-06-11 02:00:00+00:00,42813.5,42820.5,42796.0,42803.5,1482
2025-06-11 03:00:00+00:00,42803.0,42817.0,42791.5,42814.0,1624
2025-06-11 04:00:00+00:00,42814.5,42839.5,42790.0,42795.0,1603
2025-06-11 05:00:00+00:00,42795.5,42829.5,42781.0,42810.5,2585
2025-06-11 06:00:00+00:00,42808.8,42827.8,42791.8,42818.8,3583
2025-06-11 07:00:00+00:00,42820.3,42850.8,42788.8,42838.8,5493
2025-06-11 08:00:00+00:00,42839.8,42885.8,42821.8,42864.8,3384
2025-06-11 09:00:00+00:00,42865.3,42869.8,42819.8,42821.8,2551
2025-06-11 10:00:00+00:00,42822.3,42850.8,42807.8,42833.8,2895
2025-06-11 11:00:00+00:00,42833.3,42841.3,42755.8,42829.8,4370
2025-06-11 12:00:00+00:00,42830.3,43184.8,42764.3,42968.8,27278
2025-06-11 13:00:00+00:00,42968.3,42991.4,42836.9,42972.9,40268
2025-06-11 14:00:00+00:00,42973.4,43095.9,42923.4,43057.4,25088
2025-06-11 15:00:00+00:00,43056.9,43090.4,43002.4,43044.4,26193
2025-06-11 16:00:00+00:00,43044.9,43068.9,42956.9,43051.9,28102
2025-06-11 17:00:00+00:00,43051.4,43160.9,43017.4,43028.4,22119
2025-06-11 18:00:00+00:00,43027.9,43044.4,42766.9,42880.4,64714
2025-06-11 19:00:00+00:00,42880.9,42923.4,42801.9,42909.9,50949
2025-06-11 20:00:00+00:00,42911.1,42925.0,42881.0,42898.5,4464
2025-06-11 22:00:00+00:00,42870.5,42918.0,42825.0,42840.5,3391
2025-06-11 23:00:00+00:00,42840.0,42879.0,42822.5,42846.0,3149
2025-06-12 00:00:00+00:00,42846.5,42856.0,42753.5,42771.0,6395
2025-06-12 01:00:00+00:00,42772.0,42811.5,42690.5,42744.5,5781
2025-06-12 02:00:00+00:00,42745.0,42758.0,42720.0,42730.5,2781
2025-06-12 03:00:00+00:00,42731.0,42782.5,42726.0,42761.5,1979
2025-06-12 04:00:00+00:00,42762.0,42783.0,42749.0,42781.0,1460
2025-06-12 05:00:00+00:00,42780.5,42793.0,42745.5,42779.0,2582
2025-06-12 06:00:00+00:00,42777.3,42813.3,42747.3,42812.8,4150
2025-06-12 07:00:00+00:00,42813.3,42848.3,42677.8,42693.3,8605
2025-06-12 08:00:00+00:00,42692.8,42717.3,42634.3,42689.8,10410
2025-06-12 09:00:00+00:00,42690.3,42708.8,42624.3,42624.3,5927
2025-06-12 10:00:00+00:00,42624.8,42662.8,42596.3,42636.8,6871
2025-06-12 11:00:00+00:00,42635.8,42664.3,42588.8,42606.3,7558
2025-06-12 12:00:00+00:00,42606.8,42766.8,42604.3,42761.8,9742
2025-06-12 13:00:00+00:00,42762.3,42811.3,42639.9,42746.9,28876
2025-06-12 14:00:00+00:00,42746.4,42932.9,42724.4,42874.4,27085
2025-06-12 15:00:00+00:00,42874.9,42936.4,42804.9,42879.4,30824
2025-06-12 16:00:00+00:00,42879.9,42952.4,42832.8,42902.4,25177
2025-06-12 17:00:00+00:00,42903.4,42982.4,42898.4,42962.9,14978
2025-06-12 18:00:00+00:00,42962.4,42992.4,42919.9,42985.4,14612
2025-06-12 19:00:00+00:00,42984.9,43002.4,42922.9,42998.9,17711
2025-06-12 20:00:00+00:00,43000.1,43002.6,42941.5,42948.5,3757
2025-06-12 22:00:00+00:00,42965.5,42965.5,42895.5,42923.5,3022
2025-06-12 23:00:00+00:00,42924.0,42928.0,42772.0,42775.5,4189
2025-06-13 00:00:00+00:00,42776.0,42783.5,42368.5,42434.0,51678
2025-06-13 01:00:00+00:00,42433.5,42459.0,42281.0,42454.5,26432
2025-06-13 02:00:00+00:00,42455.0,42455.5,42199.5,42340.0,17444
2025-06-13 03:00:00+00:00,42339.5,42427.5,42306.5,42416.0,10174
2025-06-13 04:00:00+00:00,42415.5,42420.0,42322.5,42376.0,7514
2025-06-13 05:00:00+00:00,42376.5,42437.0,42343.5,42436.0,9016
2025-06-13 06:00:00+00:00,42434.3,42490.3,42378.3,42485.8,13796
2025-06-13 07:00:00+00:00,42485.3,42520.8,42410.3,42502.3,18114
2025-06-13 08:00:00+00:00,42501.8,42541.8,42450.3,42480.8,14958
2025-06-13 09:00:00+00:00,42480.3,42535.8,42422.8,42482.3,16157
2025-06-13 10:00:00+00:00,42481.8,42540.8,42452.8,42529.8,11581
2025-06-13 11:00:00+00:00,42530.3,42590.3,42519.8,42577.3,13050
2025-06-13 12:00:00+00:00,42576.8,42617.3,42545.8,42547.8,11415
2025-06-13 13:00:00+00:00,42547.3,42600.4,42356.9,42357.3,50400
2025-06-13 14:00:00+00:00,42365.8,42442.9,42263.4,42431.4,62563
2025-06-13 15:00:00+00:00,42431.9,42627.4,42407.9,42576.4,37640
2025-06-13 16:00:00+00:00,42575.9,42612.9,42458.9,42508.9,24531
2025-06-13 17:00:00+00:00,42509.4,42516.4,42337.9,42374.4,36216
2025-06-13 18:00:00+00:00,42374.9,42407.9,42092.4,42194.4,64804
2025-06-13 19:00:00+00:00,42194.9,42223.4,42101.4,42214.4,63925
2025-06-13 20:00:00+00:00,42215.6,42238.0,42179.5,42219.0,8798
2025-06-15 22:00:00+00:00,42050.0,42215.0,42015.0,42175.5,3587
2025-06-15 23:00:00+00:00,42175.0,42256.5,42155.0,42241.5,4291
2025-06-16 00:00:00+00:00,42241.0,42266.0,42214.0,42260.0,6406
2025-06-16 01:00:00+00:00,42258.5,42270.0,42234.0,42246.0,5398
2025-06-16 02:00:00+00:00,42247.0,42286.0,42231.5,42266.5,4371
2025-06-16 03:00:00+00:00,42266.0,42271.5,42228.5,42233.5,2397
2025-06-16 04:00:00+00:00,42234.0,42243.5,42226.5,42232.0,2295
2025-06-16 05:00:00+00:00,42232.5,42301.5,42232.5,42282.0,4284
2025-06-16 06:00:00+00:00,42279.8,42363.3,42275.3,42354.8,8194
2025-06-16 07:00:00+00:00,42355.3,42445.8,42352.3,42431.3,12690
2025-06-16 08:00:00+00:00,42430.8,42430.8,42349.8,42401.3,10257
2025-06-16 09:00:00+00:00,42400.8,42410.8,42339.3,42357.3,7367
2025-06-16 10:00:00+00:00,42356.8,42413.3,42346.3,42413.3,5893
2025-06-16 11:00:00+00:00,42412.8,42460.8,42367.3,42451.8,8503
2025-06-16 12:00:00+00:00,42451.3,42504.8,42443.3,42475.3,7853
2025-06-16 13:00:00+00:00,42475.8,42669.8,42414.4,42645.4,34738
2025-06-16 14:00:00+00:00,42645.8,42747.9,42643.4,42697.8,32362
2025-06-16 15:00:00+00:00,42698.4,42704.4,42574.8,42594.4,23871
2025-06-16 16:00:00+00:00,42594.8,42648.8,42565.8,42587.8,16562
2025-06-16 17:00:00+00:00,42588.3,42653.4,42535.8,42547.4,18031
2025-06-16 18:00:00+00:00,42547.8,42589.4,42499.8,42540.4,14333
2025-06-16 19:00:00+00:00,42540.8,42556.4,42474.4,42552.4,29094
2025-06-16 20:00:00+00:00,42554.6,42596.1,42550.5,42561.5,6487
2025-06-16 22:00:00+00:00,42557.0,42583.5,42404.5,42437.0,3926
2025-06-16 23:00:00+00:00,42439.0,42481.5,42300.0,42300.5,7613
2025-06-17 00:00:00+00:00,42301.0,42416.0,42293.5,42408.5,5972
2025-06-17 01:00:00+00:00,42407.5,42431.0,42348.0,42394.5,4458
2025-06-17 02:00:00+00:00,42393.5,42447.0,42313.5,42440.5,4124
2025-06-17 03:00:00+00:00,42440.0,42443.5,42367.5,42405.5,3218
2025-06-17 04:00:00+00:00,42404.5,42426.0,42366.5,42386.0,3567
2025-06-17 05:00:00+00:00,42386.5,42405.5,42357.5,42387.5,5045
2025-06-17 06:00:00+00:00,42387.3,42426.8,42336.8,42346.8,5134
2025-06-17 07:00:00+00:00,42346.3,42385.3,42208.3,42261.8,9570
2025-06-17 08:00:00+00:00,42262.3,42339.8,42247.8,42308.8,4935
2025-06-17 09:00:00+00:00,42307.8,42342.3,42247.3,42281.3,3474
2025-06-17 10:00:00+00:00,42280.8,42323.8,42231.3,42294.8,4062
2025-06-17 11:00:00+00:00,42293.8,42367.3,42283.8,42364.3,2267
2025-06-17 12:00:00+00:00,42363.8,42390.8,42295.3,42305.8,2700
2025-06-17 13:00:00+00:00,42306.3,42441.4,42284.8,42431.3,28432
2025-06-17 14:00:00+00:00,42430.8,42523.4,42413.8,42458.4,28183
2025-06-17 15:00:00+00:00,42457.8,42563.4,42423.4,42460.4,22402
2025-06-17 16:00:00+00:00,42460.8,42525.4,42384.4,42404.4,24611
2025-06-17 17:00:00+00:00,42404.8,42442.4,42237.9,42267.4,34548
2025-06-17 18:00:00+00:00,42267.8,42269.8,42149.3,42236.4,38199
2025-06-17 19:00:00+00:00,42236.8,42275.8,42185.4,42226.8,29973
2025-06-17 20:00:00+00:00,42229.1,42259.5,42214.5,42233.0,10446
2025-06-17 22:00:00+00:00,42225.0,42225.0,42098.5,42107.0,4559
2025-06-17 23:00:00+00:00,42106.5,42161.0,42096.5,42132.0,4252
2025-06-18 00:00:00+00:00,42133.0,42253.0,42131.0,42236.5,4647
2025-06-18 01:00:00+00:00,42236.0,42270.0,42227.5,42240.0,2591
2025-06-18 02:00:00+00:00,42239.5,42280.0,42231.5,42248.0,1642
2025-06-18 03:00:00+00:00,42247.5,42256.5,42229.0,42234.5,1680
2025-06-18 04:00:00+00:00,42235.0,42253.1,42212.1,42240.0,2826
2025-06-18 05:00:00+00:00,42239.5,42266.5,42238.0,42254.5,2920
2025-06-18 06:00:00+00:00,42251.8,42337.3,42240.8,42275.3,4037
2025-06-18 07:00:00+00:00,42274.8,42331.3,42271.3,42300.3,3822
2025-06-18 08:00:00+00:00,42301.3,42315.3,42250.3,42293.8,3872
2025-06-18 09:00:00+00:00,42293.3,42347.3,42293.3,42315.8,4445
2025-06-18 10:00:00+00:00,42316.3,42319.3,42184.8,42193.3,8144
2025-06-18 11:00:00+00:00,42194.3,42306.8,42177.3,42275.8,6677
2025-06-18 12:00:00+00:00,42275.3,42293.3,42229.3,42231.3,6593
2025-06-18 13:00:00+00:00,42231.8,42356.8,42195.4,42333.8,25881
2025-06-18 14:00:00+00:00,42334.4,42534.9,42308.4,42502.4,28812
2025-06-18 15:00:00+00:00,42502.8,42513.9,42355.8,42370.8,22168
2025-06-18 16:00:00+00:00,42371.3,42424.8,42317.8,42335.4,19617
2025-06-18 17:00:00+00:00,42334.8,42390.4,42280.4,42354.3,18445
2025-06-18 18:00:00+00:00,42353.8,42460.3,42168.8,42198.8,50940
2025-06-18 19:00:00+00:00,42199.3,42287.8,42125.8,42198.8,49036
2025-06-18 20:00:00+00:00,42201.1,42238.5,42193.0,42199.5,5463
2025-06-18 22:00:00+00:00,42527.0,42527.0,42456.5,42482.5,1374
2025-06-18 23:00:00+00:00,42481.5,42511.5,42471.5,42503.5,1744
2025-06-19 00:00:00+00:00,42504.1,42509.0,42390.1,42449.6,4803
2025-06-19 01:00:00+00:00,42449.5,42450.6,42297.5,42394.5,7328
2025-06-19 02:00:00+00:00,42393.5,42441.6,42377.1,42415.1,2455
2025-06-19 03:00:00+00:00,42416.5,42470.1,42414.5,42463.5,1660
2025-06-19 04:00:00+00:00,42463.1,42481.5,42448.1,42477.1,1353
2025-06-19 05:00:00+00:00,42476.5,42478.1,42393.5,42399.5,1953
2025-06-19 06:00:00+00:00,42397.8,42417.3,42360.8,42415.8,5610
2025-06-19 07:00:00+00:00,42415.3,42417.3,42264.3,42282.3,8313
2025-06-19 08:00:00+00:00,42281.8,42390.3,42281.3,42346.3,5513
2025-06-19 09:00:00+00:00,42346.8,42376.3,42335.8,42342.8,3204
2025-06-19 10:00:00+00:00,42342.3,42385.3,42309.3,42366.8,3689
2025-06-19 11:00:00+00:00,42367.3,42375.3,42284.3,42306.3,4008
2025-06-19 12:00:00+00:00,42307.3,42326.3,42212.8,42231.3,5494
2025-06-19 13:00:00+00:00,42231.8,42268.8,42088.8,42139.8,10175
2025-06-19 14:00:00+00:00,42140.4,42201.8,42125.8,42175.8,8321
2025-06-19 15:00:00+00:00,42176.4,42210.4,42092.4,42098.8,8891
2025-06-19 16:00:00+00:00,42099.3,42178.8,42097.8,42117.8,5417
2025-06-19 22:00:00+00:00,42147.5,42395.5,42147.5,42361.5,6100
2025-06-19 23:00:00+00:00,42362.0,42380.6,42334.5,42356.1,3302
2025-06-20 00:00:00+00:00,42355.5,42426.5,42353.1,42383.1,4838
2025-06-20 01:00:00+00:00,42384.1,42399.1,42299.1,42331.6,5187
2025-06-20 02:00:00+00:00,42332.1,42378.1,42321.5,42365.1,2188
2025-06-20 03:00:00+00:00,42366.1,42416.6,42355.6,42400.1,2123
2025-06-20 04:00:00+00:00,42399.1,42424.1,42388.5,42410.6,1349
2025-06-20 05:00:00+00:00,42411.1,42434.1,42376.6,42433.1,2531
2025-06-20 06:00:00+00:00,42431.3,42468.3,42381.8,42390.8,4507
2025-06-20 07:00:00+00:00,42390.3,42461.8,42367.8,42447.3,5661
2025-06-20 08:00:00+00:00,42447.8,42515.8,42374.8,42380.3,6180
2025-06-20 09:00:00+00:00,42379.8,42469.3,42375.8,42455.3,4485
2025-06-20 10:00:00+00:00,42455.8,42463.8,42403.8,42442.8,4125
2025-06-20 11:00:00+00:00,42442.3,42616.8,42424.8,42534.8,11203
2025-06-20 12:00:00+00:00,42535.3,42673.8,42532.8,42645.3,11003
2025-06-20 13:00:00+00:00,42645.8,42761.4,42609.9,42633.8,37688
2025-06-20 14:00:00+00:00,42634.3,42686.4,42524.8,42539.8,56499
2025-06-20 15:00:00+00:00,42539.4,42673.9,42478.8,42561.4,36304
2025-06-20 16:00:00+00:00,42561.9,42618.4,42515.4,42586.4,27307
2025-06-20 17:00:00+00:00,42586.8,42631.4,42405.4,42458.8,29767
2025-06-20 18:00:00+00:00,42458.4,42558.9,42432.4,42461.4,21707
2025-06-20 19:00:00+00:00,42460.8,42576.8,42442.8,42515.8,34084
2025-06-20 20:00:00+00:00,42517.1,42605.6,42506.1,42554.1,6486
2025-06-22 22:00:00+00:00,42238.5,42457.5,42228.0,42405.0,4993
2025-06-22 23:00:00+00:00,42404.5,42410.0,42354.5,42390.5,3628
2025-06-23 00:00:00+00:00,42390.1,42397.5,42326.1,42344.1,6079
2025-06-23 01:00:00+00:00,42344.5,42375.1,42327.1,42365.1,3648
2025-06-23 02:00:00+00:00,42365.5,42391.5,42358.1,42378.1,2151
2025-06-23 03:00:00+00:00,42377.6,42398.1,42372.5,42386.1,1569
2025-06-23 04:00:00+00:00,42386.5,42400.1,42374.1,42381.1,1244
2025-06-23 05:00:00+00:00,42382.1,42445.5,42379.5,42426.1,3220
2025-06-23 06:00:00+00:00,42424.3,42450.3,42392.8,42416.8,4097
2025-06-23 07:00:00+00:00,42417.8,42556.8,42413.8,42546.3,8628
2025-06-23 08:00:00+00:00,42546.8,42611.3,42523.3,42573.8,6847
2025-06-23 09:00:00+00:00,42574.3,42584.8,42524.3,42555.8,4749
2025-06-23 10:00:00+00:00,42555.3,42592.8,42500.3,42504.8,6736
2025-06-23 11:00:00+00:00,42505.8,42513.8,42382.8,42442.8,8234
2025-06-23 12:00:00+00:00,42441.8,42548.3,42430.8,42544.3,6252
2025-06-23 13:00:00+00:00,42544.8,42655.8,42434.4,42654.3,29850
2025-06-23 14:00:00+00:00,42654.8,42746.9,42558.4,42560.4,32967
2025-06-23 15:00:00+00:00,42560.8,42655.4,42518.3,42537.4,25164
2025-06-23 16:00:00+00:00,42537.8,42559.4,42284.4,42386.8,63447
2025-06-23 17:00:00+00:00,42386.4,42833.8,42363.4,42798.9,51660
2025-06-23 18:00:00+00:00,42800.4,42846.9,42723.4,42798.4,25649
2025-06-23 19:00:00+00:00,42797.9,42932.8,42791.4,42903.4,24929
2025-06-23 20:00:00+00:00,42904.6,42924.6,42886.1,42918.1,4704
2025-06-23 22:00:00+00:00,42903.5,43081.5,42899.5,43048.5,6660
2025-06-23 23:00:00+00:00,43049.1,43111.5,43040.1,43086.5,3903
2025-06-24 00:00:00+00:00,43087.5,43117.5,43045.0,43099.5,5428
2025-06-24 01:00:00+00:00,43099.1,43145.1,43073.1,43142.1,3769
2025-06-24 02:00:00+00:00,43141.6,43142.1,43074.5,43092.1,3539
2025-06-24 03:00:00+00:00,43091.1,43130.5,43087.5,43123.1,1688
2025-06-24 04:00:00+00:00,43122.6,43128.5,43085.0,43119.1,1565
2025-06-24 05:00:00+00:00,43118.6,43213.6,43115.5,43199.1,2731
2025-06-24 06:00:00+00:00,43198.3,43309.8,43196.3,43295.3,5953
2025-06-24 07:00:00+00:00,43295.8,43340.3,43139.8,43228.8,12293
2025-06-24 08:00:00+00:00,43228.3,43235.3,43141.3,43208.3,9241
2025-06-24 09:00:00+00:00,43207.3,43259.8,43195.3,43214.8,3725
2025-06-24 10:00:00+00:00,43214.3,43234.3,43171.3,43198.3,4669
2025-06-24 11:00:00+00:00,43197.8,43211.8,43135.3,43181.3,6828
2025-06-24 12:00:00+00:00,43181.8,43199.8,43121.3,43176.3,7057
2025-06-24 13:00:00+00:00,43175.8,43307.4,43143.3,43168.3,28668
2025-06-24 14:00:00+00:00,43169.3,43286.9,43100.9,43266.4,25095
2025-06-24 15:00:00+00:00,43266.8,43365.9,43255.4,43347.4,14638
2025-06-24 16:00:00+00:00,43347.9,43443.9,43322.4,43396.4,13075
2025-06-24 17:00:00+00:00,43395.8,43440.4,43360.4,43422.4,12283
2025-06-24 18:00:00+00:00,43422.8,43444.9,43404.4,43442.4,9216
2025-06-24 19:00:00+00:00,43442.8,43516.4,43412.9,43415.9,15963
2025-06-24 20:00:00+00:00,43418.1,43432.5,43403.6,43410.5,3628
2025-06-24 22:00:00+00:00,43407.0,43411.0,43373.5,43397.1,2177
2025-06-24 23:00:00+00:00,43397.5,43427.1,43376.5,43419.1,1581
2025-06-25 00:00:00+00:00,43419.6,43450.1,43413.1,43442.1,2643
2025-06-25 01:00:00+00:00,43441.1,43441.5,43407.1,43413.5,1921
2025-06-25 02:00:00+00:00,43414.1,43423.1,43403.1,43412.1,963
2025-06-25 03:00:00+00:00,43412.5,43439.6,43412.5,43424.5,883
2025-06-25 04:00:00+00:00,43424.1,43451.6,43423.1,43451.1,450
2025-06-25 05:00:00+00:00,43450.5,43459.6,43444.1,43458.1,919
2025-06-25 06:00:00+00:00,43456.3,43468.8,43421.3,43423.8,1697
2025-06-25 07:00:00+00:00,43422.8,43459.3,43421.3,43435.3,3810
2025-06-25 08:00:00+00:00,43434.8,43439.3,43380.3,43436.8,4029
2025-06-25 09:00:00+00:00,43437.3,43452.3,43390.8,43400.8,2046
2025-06-25 10:00:00+00:00,43401.3,43406.8,43376.3,43392.8,2420
2025-06-25 11:00:00+00:00,43393.3,43440.3,43374.3,43428.8,3068
2025-06-25 12:00:00+00:00,43430.3,43440.3,43407.3,43426.8,3402
2025-06-25 13:00:00+00:00,43427.3,43429.8,43323.8,43379.3,21391
2025-06-25 14:00:00+00:00,43379.3,43399.9,43310.4,43352.4,22775
2025-06-25 15:00:00+00:00,43351.4,43354.4,43277.4,43309.4,17814
2025-06-25 16:00:00+00:00,43309.8,43360.4,43262.4,43264.4,13200
2025-06-25 17:00:00+00:00,43265.8,43284.4,43175.4,43228.8,17284
2025-06-25 18:00:00+00:00,43229.4,43247.4,43195.4,43241.4,12592
2025-06-25 19:00:00+00:00,43240.4,43320.9,43236.9,43310.4,18716
2025-06-25 20:00:00+00:00,43311.6,43319.1,43261.6,43292.5,3316
2025-06-25 22:00:00+00:00,43291.0,43326.5,43280.0,43308.1,993
2025-06-25 23:00:00+00:00,43308.5,43322.1,43275.0,43315.5,2340
2025-06-26 00:00:00+00:00,43315.1,43331.0,43301.5,43318.1,1868
2025-06-26 01:00:00+00:00,43318.5,43319.5,43289.6,43302.1,1392
2025-06-26 02:00:00+00:00,43302.5,43334.5,43302.5,43324.5,1017
2025-06-26 03:00:00+00:00,43325.1,43359.6,43325.1,43342.5,1208
2025-06-26 04:00:00+00:00,43343.1,43354.1,43328.6,43350.1,859
2025-06-26 05:00:00+00:00,43349.6,43363.1,43339.1,43360.5,1178
2025-06-26 06:00:00+00:00,43358.3,43400.3,43353.8,43382.8,2244
2025-06-26 07:00:00+00:00,43383.8,43424.8,43376.3,43378.8,3192
2025-06-26 08:00:00+00:00,43379.3,43430.3,43377.8,43404.3,3239
2025-06-26 09:00:00+00:00,43404.8,43409.8,43382.3,43388.8,2328
2025-06-26 10:00:00+00:00,43387.3,43435.8,43381.8,43401.8,2339
2025-06-26 11:00:00+00:00,43402.3,43444.3,43400.3,43416.8,2761
2025-06-26 12:00:00+00:00,43417.3,43423.3,43352.8,43420.8,5742
2025-06-26 13:00:00+00:00,43420.3,43559.4,43390.3,43461.8,22441
2025-06-26 14:00:00+00:00,43462.4,43603.4,43429.8,43592.4,20200
2025-06-26 15:00:00+00:00,43591.9,43630.4,43555.3,43579.4,14501
2025-06-26 16:00:00+00:00,43578.9,43673.4,43575.4,43649.4,9711
2025-06-26 17:00:00+00:00,43648.8,43706.4,43624.4,43660.4,9277
2025-06-26 18:00:00+00:00,43659.8,43723.4,43647.9,43686.4,9426
2025-06-26 19:00:00+00:00,43686.9,43753.4,43665.9,43726.4,15473
2025-06-26 20:00:00+00:00,43727.6,43733.1,43691.5,43725.5,3954
2025-06-26 22:00:00+00:00,43763.5,43821.0,43744.5,43790.1,3157
2025-06-26 23:00:00+00:00,43790.5,43798.1,43760.1,43768.1,1818
2025-06-27 00:00:00+00:00,43768.5,43792.1,43757.0,43763.5,2639
2025-06-27 01:00:00+00:00,43763.1,43790.6,43752.5,43778.1,1645
2025-06-27 02:00:00+00:00,43778.5,43806.5,43772.5,43803.5,951
2025-06-27 03:00:00+00:00,43804.1,43813.1,43796.5,43801.1,870
2025-06-27 04:00:00+00:00,43801.5,43803.1,43781.5,43782.1,634
2025-06-27 05:00:00+00:00,43781.6,43818.1,43781.1,43810.1,1015
2025-06-27 06:00:00+00:00,43809.8,43887.8,43802.3,43863.3,2548
2025-06-27 07:00:00+00:00,43862.8,43873.8,43841.8,43858.3,3664
2025-06-27 08:00:00+00:00,43858.8,43859.8,43817.3,43836.8,2762
2025-06-27 09:00:00+00:00,43837.3,43840.3,43811.8,43824.8,1804
2025-06-27 10:00:00+00:00,43825.3,43835.8,43809.8,43833.8,1866
2025-06-27 11:00:00+00:00,43834.8,43883.8,43830.3,43876.8,2493
2025-06-27 12:00:00+00:00,43877.3,43893.3,43835.3,43850.8,5164
2025-06-27 13:00:00+00:00,43850.3,43984.4,43826.4,43954.8,21333
2025-06-27 14:00:00+00:00,43956.8,44092.4,43956.8,44059.4,23336
2025-06-27 15:00:00+00:00,44059.9,44203.9,44046.4,44193.4,15142
2025-06-27 16:00:00+00:00,44193.9,44288.9,44180.4,44235.4,12206
2025-06-27 17:00:00+00:00,44236.4,44236.4,44005.8,44066.4,22128
2025-06-27 18:00:00+00:00,44065.8,44093.9,43873.4,43908.4,39953
2025-06-27 19:00:00+00:00,43908.9,44151.8,43891.4,44123.4,29792
2025-06-27 20:00:00+00:00,44124.6,44127.1,44079.1,44092.1,4260
2025-06-29 22:00:00+00:00,44243.1,44359.9,44241.9,44327.9,2516
2025-06-29 23:00:00+00:00,44327.4,44362.6,44309.4,44314.9,2293
2025-06-30 00:00:00+00:00,44316.1,44349.1,44308.6,44345.4,2201
2025-06-30 01:00:00+00:00,44344.1,44356.4,44327.6,44341.4,1636
2025-06-30 02:00:00+00:00,44340.9,44388.6,44336.4,44370.9,1742
2025-06-30 03:00:00+00:00,44370.4,44385.1,44363.1,44373.9,971
2025-06-30 04:00:00+00:00,44373.4,44385.1,44367.4,44370.9,725
2025-06-30 05:00:00+00:00,44370.6,44415.1,44364.9,44409.1,1264
2025-06-30 06:00:00+00:00,44407.7,44436.9,44389.8,44413.8,2224
2025-06-30 07:00:00+00:00,44413.3,44413.8,44358.3,44367.8,3681
2025-06-30 08:00:00+00:00,44368.3,44387.3,44338.8,44344.8,3255
2025-06-30 09:00:00+00:00,44345.8,44357.8,44308.3,44322.8,2050
2025-06-30 10:00:00+00:00,44321.8,44349.8,44320.8,44341.8,1563
2025-06-30 11:00:00+00:00,44341.3,44388.8,44340.8,44363.8,2235
2025-06-30 12:00:00+00:00,44363.3,44386.3,44317.8,44347.8,2984
2025-06-30 13:00:00+00:00,44347.3,44386.3,44266.4,44311.4,23100
2025-06-30 14:00:00+00:00,44311.8,44319.8,44218.4,44232.4,21626
2025-06-30 15:00:00+00:00,44231.8,44370.9,44199.4,44303.4,15241
2025-06-30 16:00:00+00:00,44304.4,44332.9,44257.4,44298.4,12023
2025-06-30 17:00:00+00:00,44298.8,44319.4,44188.8,44243.4,13486
2025-06-30 18:00:00+00:00,44243.9,44309.9,44220.4,44309.4,17287
2025-06-30 19:00:00+00:00,44309.8,44443.4,44294.4,44387.9,25918
2025-06-30 20:00:00+00:00,44378.6,44400.1,44336.1,44348.1,5131
2025-06-30 22:00:00+00:00,44346.5,44369.6,44329.0,44340.1,977
2025-06-30 23:00:00+00:00,44340.6,44383.5,44330.1,44383.1,1347
2025-07-01 00:00:00+00:00,44383.5,44435.1,44383.1,44428.1,2746
2025-07-01 01:00:00+00:00,44429.1,44436.1,44409.1,44433.1,1715
2025-07-01 02:00:00+00:00,44432.1,44432.5,44364.1,44366.1,1393
2025-07-01 03:00:00+00:00,44366.5,44377.1,44349.5,44353.5,1174
2025-07-01 04:00:00+00:00,44353.1,44368.1,44336.1,44338.1,1115
2025-07-01 05:00:00+00:00,44338.5,44366.1,44329.1,44349.1,1492
2025-07-01 06:00:00+00:00,44346.8,44359.3,44326.8,44349.8,2466
2025-07-01 07:00:00+00:00,44349.3,44402.3,44323.8,44362.3,4762
2025-07-01 08:00:00+00:00,44363.8,44379.3,44328.8,44362.8,4556
2025-07-01 09:00:00+00:00,44362.3,44367.8,44320.3,44359.8,3016
2025-07-01 10:00:00+00:00,44360.3,44372.3,44327.8,44346.8,1917
2025-07-01 11:00:00+00:00,44347.3,44369.3,44340.8,44362.8,2952
2025-07-01 12:00:00+00:00,44363.3,44368.8,44286.8,44344.8,5550
2025-07-01 13:00:00+00:00,44344.3,44546.8,44307.9,44484.8,21955
2025-07-01 14:00:00+00:00,44463.8,44683.4,44459.3,44661.4,33666
2025-07-01 15:00:00+00:00,44660.9,44856.4,44652.9,44828.4,34322
2025-07-01 16:00:00+00:00,44829.4,44917.4,44735.4,44736.4,26425
2025-07-01 17:00:00+00:00,44737.4,44881.9,44717.9,44874.4,19255
2025-07-01 18:00:00+00:00,44874.8,44898.4,44806.4,44873.4,13744
2025-07-01 19:00:00+00:00,44873.8,44905.9,44793.4,44813.9,32947
2025-07-01 20:00:00+00:00,44815.1,44837.1,44796.1,44832.5,4638
2025-07-01 22:00:00+00:00,44806.5,44835.5,44781.0,44834.5,1708
2025-07-01 23:00:00+00:00,44835.1,44838.5,44812.6,44824.1,1196
2025-07-02 00:00:00+00:00,44824.5,44844.1,44821.5,44828.1,1771
2025-07-02 01:00:00+00:00,44827.5,44832.6,44788.6,44794.1,1544
2025-07-02 02:00:00+00:00,44793.1,44861.1,44779.1,44859.1,1932
2025-07-02 03:00:00+00:00,44860.1,44880.6,44858.6,44872.5,1152
2025-07-02 04:00:00+00:00,44873.5,44925.1,44870.5,44903.5,1620
2025-07-02 05:00:00+00:00,44903.1,44903.6,44873.1,44893.6,1525
2025-07-02 06:00:00+00:00,44891.8,44960.8,44888.3,44958.8,2970
2025-07-02 07:00:00+00:00,44959.3,44962.3,44861.8,44879.3,4935
2025-07-02 08:00:00+00:00,44880.3,44893.8,44831.8,44858.3,5151
2025-07-02 09:00:00+00:00,44857.3,44882.8,44848.8,44878.8,2618
2025-07-02 10:00:00+00:00,44879.3,44907.3,44862.3,44892.8,2728
2025-07-02 11:00:00+00:00,44892.3,44923.3,44844.8,44864.8,3624
2025-07-02 12:00:00+00:00,44864.3,44877.8,44775.8,44788.8,12351
2025-07-02 13:00:00+00:00,44788.3,44813.4,44653.4,44704.4,28841
2025-07-02 14:00:00+00:00,44704.8,44778.4,44642.9,44745.4,28175
2025-07-02 15:00:00+00:00,44746.4,44850.4,44710.8,44789.4,18402
2025-07-02 16:00:00+00:00,44790.4,44796.4,44724.4,44762.4,13312
2025-07-02 17:00:00+00:00,44762.9,44767.9,44726.4,44734.4,10659
2025-07-02 18:00:00+00:00,44734.9,44786.9,44717.9,44768.4,10047
2025-07-02 19:00:00+00:00,44769.4,44791.4,44758.4,44779.4,13889
2025-07-02 20:00:00+00:00,44781.6,44811.5,44755.6,44794.1,2940
2025-07-02 22:00:00+00:00,44798.5,44806.5,44772.5,44802.1,1007
2025-07-02 23:00:00+00:00,44802.5,44816.5,44797.1,44816.1,827
2025-07-03 00:00:00+00:00,44815.1,44829.6,44797.1,44802.5,1486
2025-07-03 01:00:00+00:00,44802.1,44811.5,44786.6,44794.5,1493
2025-07-03 02:00:00+00:00,44794.1,44795.5,44753.6,44789.1,1236
2025-07-03 03:00:00+00:00,44788.1,44832.6,44785.5,44805.1,1501
2025-07-03 04:00:00+00:00,44805.5,44828.6,44804.1,44815.1,844
2025-07-03 05:00:00+00:00,44814.1,44825.1,44802.5,44820.6,1079
2025-07-03 06:00:00+00:00,44819.8,44841.3,44804.3,44822.8,1886
2025-07-03 07:00:00+00:00,44822.3,44844.3,44803.8,44809.3,2800
2025-07-03 08:00:00+00:00,44808.8,44813.3,44764.8,44764.8,2229
2025-07-03 09:00:00+00:00,44765.3,44810.8,44764.8,44805.3,2615
2025-07-03 10:00:00+00:00,44805.8,44822.3,44784.8,44819.8,1778
2025-07-03 11:00:00+00:00,44819.3,44831.8,44799.8,44821.8,2662
2025-07-03 12:00:00+00:00,44820.8,44932.3,44808.3,44823.8,9625
2025-07-03 13:00:00+00:00,44823.3,45051.9,44821.3,45004.8,21841
2025-07-03 14:00:00+00:00,45005.8,45172.4,45005.8,45130.4,21250
2025-07-03 15:00:00+00:00,45130.9,45166.9,45068.9,45131.4,14492
2025-07-03 16:00:00+00:00,45130.9,45177.9,45085.9,45094.8,15940
2025-07-03 17:00:00+00:00,45095.4,45142.4,45086.9,45109.4,2944
2025-07-03 22:00:00+00:00,45078.6,45115.0,45034.5,45046.5,1947
2025-07-03 23:00:00+00:00,45046.0,45054.1,45035.1,45042.5,882
2025-07-04 00:00:00+00:00,45042.1,45042.5,45012.1,45012.5,1702
2025-07-04 01:00:00+00:00,45013.1,45057.5,45010.1,45032.5,1379
2025-07-04 02:00:00+00:00,45033.1,45036.1,44997.5,45015.5,1452
2025-07-04 03:00:00+00:00,45015.1,45018.6,44984.6,44989.1,974
2025-07-04 04:00:00+00:00,44988.5,44997.5,44961.5,44972.6,1395
2025-07-04 05:00:00+00:00,44973.1,45003.1,44964.1,45002.1,1338
2025-07-04 06:00:00+00:00,45000.3,45002.8,44955.8,44960.8,2700
2025-07-04 07:00:00+00:00,44960.3,44981.3,44868.3,44870.3,4514
2025-07-04 08:00:00+00:00,44869.8,44892.3,44828.3,44856.8,4068
2025-07-04 09:00:00+00:00,44856.3,44888.3,44840.3,44876.8,4298
2025-07-04 10:00:00+00:00,44877.8,44889.8,44791.3,44822.3,3773
2025-07-04 11:00:00+00:00,44821.8,44873.3,44814.3,44864.8,4050
2025-07-04 12:00:00+00:00,44865.3,44879.8,44842.3,44862.8,2620
2025-07-04 13:00:00+00:00,44863.3,44903.9,44844.4,44901.4,5026
2025-07-04 14:00:00+00:00,44900.8,44920.4,44875.4,44904.8,3621
2025-07-04 15:00:00+00:00,44904.4,44916.4,44849.8,44863.8,3121
2025-07-04 16:00:00+00:00,44864.4,44893.9,44838.4,44848.8,3028
2025-07-06 22:00:00+00:00,45027.5,45058.5,44951.0,44958.5,2197
2025-07-06 23:00:00+00:00,44958.0,44997.1,44950.5,44966.5,2438
2025-07-07 00:00:00+00:00,44967.1,45016.1,44955.5,45005.1,2669
2025-07-07 01:00:00+00:00,45004.6,45014.5,44948.1,44967.5,4149
2025-07-07 02:00:00+00:00,44967.1,44986.5,44948.1,44954.5,2326
2025-07-07 03:00:00+00:00,44954.1,44981.1,44924.6,44976.5,1701
2025-07-07 04:00:00+00:00,44976.1,45004.1,44952.0,44960.1,1524
2025-07-07 05:00:00+00:00,44959.5,44993.6,44950.6,44977.5,1618
2025-07-07 06:00:00+00:00,44975.3,44977.8,44935.3,44958.8,3369
2025-07-07 07:00:00+00:00,44958.3,44981.8,44938.8,44972.3,4697
2025-07-07 08:00:00+00:00,44972.8,45054.8,44971.3,45010.3,4594
2025-07-07 09:00:00+00:00,45009.8,45111.3,45000.8,45109.8,2822
2025-07-07 10:00:00+00:00,45109.3,45120.3,45064.3,45065.8,3251
2025-07-07 11:00:00+00:00,45066.3,45111.8,45064.8,45106.8,2565
2025-07-07 12:00:00+00:00,45105.3,45133.3,45025.3,45034.8,3962
2025-07-07 13:00:00+00:00,45035.3,45073.9,44944.4,45031.8,24850
2025-07-07 14:00:00+00:00,45031.4,45041.4,44847.4,44875.4,25140
2025-07-07 15:00:00+00:00,44874.9,44884.4,44713.4,44765.4,18385
2025-07-07 16:00:00+00:00,44765.9,44801.9,44549.9,44583.4,45419
2025-07-07 17:00:00+00:00,44582.8,44701.8,44558.9,44588.4,27679
2025-07-07 18:00:00+00:00,44588.9,44626.8,44429.4,44618.4,30277
2025-07-07 19:00:00+00:00,44617.9,44692.4,44551.4,44679.9,24677
2025-07-07 20:00:00+00:00,44681.1,44682.6,44544.1,44571.1,4795
2025-07-07 22:00:00+00:00,44559.0,44592.5,44510.1,44557.5,2770
2025-07-07 23:00:00+00:00,44557.1,44604.6,44550.1,44603.1,2310
2025-07-08 00:00:00+00:00,44602.5,44636.5,44567.1,44622.5,3692
2025-07-08 01:00:00+00:00,44622.1,44649.6,44598.1,44612.5,2512
2025-07-08 02:00:00+00:00,44613.1,44660.1,44609.5,44655.6,1687
2025-07-08 03:00:00+00:00,44656.1,44657.6,44625.1,44634.1,1213
2025-07-08 04:00:00+00:00,44633.5,44661.6,44630.1,44640.5,1285
2025-07-08 05:00:00+00:00,44641.1,44679.1,44634.1,44676.5,1732
2025-07-08 06:00:00+00:00,44675.8,44692.3,44654.8,44680.3,2554
2025-07-08 07:00:00+00:00,44679.8,44716.8,44649.8,44705.3,4110
2025-07-08 08:00:00+00:00,44704.8,44705.3,44613.8,44638.8,3786
2025-07-08 09:00:00+00:00,44638.3,44651.8,44603.3,44613.8,2974
2025-07-08 10:00:00+00:00,44614.8,44652.8,44587.3,44638.8,3264
2025-07-08 11:00:00+00:00,44639.8,44687.8,44628.8,44659.3,3030
2025-07-08 12:00:00+00:00,44658.8,44658.8,44598.8,44627.8,4729
2025-07-08 13:00:00+00:00,44627.3,44709.4,44553.4,44614.4,22635
2025-07-08 14:00:00+00:00,44614.8,44647.4,44486.9,44531.4,39712
2025-07-08 15:00:00+00:00,44530.4,44634.4,44513.4,44611.4,22814
2025-07-08 16:00:00+00:00,44611.9,44659.9,44529.4,44542.4,25313
2025-07-08 17:00:00+00:00,44543.4,44577.4,44472.4,44562.4,23212
2025-07-08 18:00:00+00:00,44561.8,44572.4,44504.4,44532.4,13861
2025-07-08 19:00:00+00:00,44531.8,44564.3,44484.4,44505.9,18493
2025-07-08 20:00:00+00:00,44507.1,44530.6,44492.6,44511.1,2934
2025-07-08 22:00:00+00:00,44514.0,44537.0,44500.5,44512.5,618
2025-07-08 23:00:00+00:00,44514.0,44533.0,44479.6,44487.5,1235
2025-07-09 00:00:00+00:00,44486.5,44486.5,44435.1,44456.5,1953
2025-07-09 01:00:00+00:00,44456.1,44492.5,44424.1,44485.5,2583
2025-07-09 02:00:00+00:00,44486.1,44502.1,44473.5,44479.5,1441
2025-07-09 03:00:00+00:00,44480.1,44487.1,44460.1,44465.1,1284
2025-07-09 04:00:00+00:00,44464.5,44493.5,44459.6,44485.1,1064
2025-07-09 05:00:00+00:00,44484.1,44486.1,44450.1,44470.1,1388
2025-07-09 06:00:00+00:00,44469.3,44526.3,44438.8,44511.8,2851
2025-07-09 07:00:00+00:00,44512.3,44545.8,44480.8,44533.8,3497
2025-07-09 08:00:00+00:00,44533.3,44557.3,44523.8,44533.8,2994
2025-07-09 09:00:00+00:00,44534.8,44613.3,44534.8,44577.8,3583
2025-07-09 10:00:00+00:00,44577.3,44595.3,44555.3,44586.8,3054
2025-07-09 11:00:00+00:00,44586.3,44645.3,44580.3,44630.3,2685
2025-07-09 12:00:00+00:00,44629.8,44686.3,44608.8,44663.8,3879
2025-07-09 13:00:00+00:00,44664.3,44830.9,44651.8,44737.8,24078
2025-07-09 14:00:00+00:00,44738.4,44745.9,44520.4,44542.4,37200
2025-07-09 15:00:00+00:00,44541.9,44618.8,44491.4,44576.4,23581
2025-07-09 16:00:00+00:00,44575.8,44611.4,44525.4,44564.4,15316
2025-07-09 17:00:00+00:00,44563.8,44671.9,44543.8,44635.4,14941
2025-07-09 18:00:00+00:00,44634.8,44715.9,44631.4,44702.4,13446
2025-07-09 19:00:00+00:00,44702.8,44745.4,44662.8,44717.9,13817
2025-07-09 20:00:00+00:00,44719.1,44756.6,44699.5,44731.1,2870
2025-07-09 22:00:00+00:00,44721.5,44767.1,44708.0,44747.1,1067
2025-07-09 23:00:00+00:00,44747.5,44752.1,44700.1,44703.5,1305
2025-07-10 00:00:00+00:00,44703.1,44703.5,44653.1,44657.5,2832
2025-07-10 01:00:00+00:00,44658.1,44669.5,44627.1,44631.5,2369
2025-07-10 02:00:00+00:00,44632.1,44673.5,44632.1,44658.5,1287
2025-07-10 03:00:00+00:00,44658.1,44658.1,44599.1,44612.1,1234
2025-07-10 04:00:00+00:00,44610.5,44614.5,44597.6,44607.1,1074
2025-07-10 05:00:00+00:00,44607.5,44627.1,44601.1,44627.1,1460
2025-07-10 06:00:00+00:00,44625.3,44632.3,44578.3,44585.3,2485
2025-07-10 07:00:00+00:00,44585.8,44612.3,44567.3,44595.3,3981
2025-07-10 08:00:00+00:00,44595.8,44643.8,44587.8,44620.3,2327
2025-07-10 09:00:00+00:00,44620.8,44647.3,44605.3,44634.8,2165
2025-07-10 10:00:00+00:00,44634.3,44662.3,44627.3,44658.8,1978
2025-07-10 11:00:00+00:00,44658.3,44724.3,44653.3,44710.3,3041
2025-07-10 12:00:00+00:00,44709.8,44710.3,44632.8,44651.8,4260
2025-07-10 13:00:00+00:00,44651.3,44785.9,44624.8,44756.4,22413
2025-07-10 14:00:00+00:00,44756.9,44929.9,44745.4,44923.9,24925
2025-07-10 15:00:00+00:00,44923.4,45006.4,44922.9,44938.4,14458
2025-07-10 16:00:00+00:00,44937.9,44990.9,44928.8,44961.4,10939
2025-07-10 17:00:00+00:00,44962.4,45040.4,44956.9,45014.4,8938
2025-07-10 18:00:00+00:00,45013.9,45043.8,44950.4,44969.4,8436
2025-07-10 19:00:00+00:00,44968.9,44998.9,44883.4,44909.9,13466
2025-07-10 20:00:00+00:00,44911.1,44911.1,44870.1,44872.1,3184
2025-07-10 22:00:00+00:00,44889.0,44925.6,44876.5,44921.1,1414
2025-07-10 23:00:00+00:00,44921.5,44944.1,44908.0,44941.5,1059
2025-07-11 00:00:00+00:00,44942.1,44942.1,44636.5,44686.0,17516
2025-07-11 01:00:00+00:00,44685.5,44735.1,44653.6,44713.1,5387
2025-07-11 02:00:00+00:00,44712.5,44745.1,44707.5,44732.1,2288
2025-07-11 03:00:00+00:00,44731.5,44778.6,44731.5,44773.1,1723
2025-07-11 04:00:00+00:00,44773.6,44809.1,44745.6,44788.1,1929
2025-07-11 05:00:00+00:00,44787.6,44799.6,44715.1,44715.1,2063
2025-07-11 06:00:00+00:00,44715.8,44778.3,44713.3,44760.3,3883
2025-07-11 07:00:00+00:00,44759.3,44770.8,44637.3,44638.8,8218
2025-07-11 08:00:00+00:00,44639.3,44688.3,44630.8,44671.8,7208
2025-07-11 09:00:00+00:00,44672.3,44687.8,44577.8,44586.8,4907
2025-07-11 10:00:00+00:00,44585.8,44621.3,44546.3,44579.8,6386
2025-07-11 11:00:00+00:00,44580.3,44680.3,44580.3,44646.8,4920
2025-07-11 12:00:00+00:00,44646.3,44654.8,44604.3,44637.8,5875
2025-07-11 13:00:00+00:00,44637.3,44686.9,44511.9,44633.4,28685
2025-07-11 14:00:00+00:00,44634.4,44687.3,44601.9,44645.4,23975
2025-07-11 15:00:00+00:00,44644.4,44647.4,44539.4,44560.8,22253
2025-07-11 16:00:00+00:00,44560.4,44602.9,44511.4,44602.4,18154
2025-07-11 17:00:00+00:00,44601.4,44639.4,44576.9,44633.4,13150
2025-07-11 18:00:00+00:00,44632.8,44652.4,44570.8,44636.4,12313
2025-07-11 19:00:00+00:00,44635.9,44655.4,44551.9,44597.9,23867
2025-07-11 20:00:00+00:00,44600.1,44605.1,44551.1,44565.1,3134
2025-07-13 22:00:00+00:00,44418.5,44461.5,44368.0,44449.1,2693
2025-07-13 23:00:00+00:00,44449.5,44455.1,44385.5,44438.1,3090
2025-07-14 00:00:00+00:00,44439.1,44459.5,44403.1,44404.6,3471
2025-07-14 01:00:00+00:00,44404.1,44424.1,44379.1,44406.1,2374
2025-07-14 02:00:00+00:00,44405.5,44425.1,44389.6,44393.1,1403
2025-07-14 03:00:00+00:00,44392.6,44411.1,44380.6,44407.1,1189
2025-07-14 04:00:00+00:00,44406.6,44418.6,44391.6,44406.1,901
2025-07-14 05:00:00+00:00,44405.6,44432.6,44349.6,44359.1,1567
2025-07-14 06:00:00+00:00,44357.3,44384.3,44325.3,44366.8,3509
2025-07-14 07:00:00+00:00,44367.3,44465.3,44326.3,44455.8,6464
2025-07-14 08:00:00+00:00,44456.3,44457.8,44389.8,44441.8,4065
2025-07-14 09:00:00+00:00,44442.8,44483.8,44429.3,44464.8,2115
2025-07-14 10:00:00+00:00,44466.3,44484.8,44450.8,44478.8,2219
2025-07-14 11:00:00+00:00,44478.3,44503.3,44454.3,44475.8,3660
2025-07-14 12:00:00+00:00,44475.3,44491.8,44443.8,44455.3,3261
2025-07-14 13:00:00+00:00,44454.8,44678.4,44437.3,44576.4,26438
2025-07-14 14:00:00+00:00,44576.9,44634.4,44523.4,44586.4,29852
2025-07-14 15:00:00+00:00,44585.9,44663.4,44531.4,44612.4,18637
2025-07-14 16:00:00+00:00,44611.4,44653.9,44563.4,44620.4,12899
2025-07-14 17:00:00+00:00,44620.9,44683.4,44619.9,44656.9,8870
2025-07-14 18:00:00+00:00,44657.9,44698.4,44647.4,44672.4,7506
2025-07-14 19:00:00+00:00,44672.9,44706.9,44638.9,44689.9,11533
2025-07-14 20:00:00+00:00,44691.1,44698.1,44661.6,44677.5,1820
2025-07-14 22:00:00+00:00,44683.0,44683.0,44626.6,44632.1,1573
2025-07-14 23:00:00+00:00,44631.5,44660.5,44621.1,44650.6,950
2025-07-15 00:00:00+00:00,44650.1,44669.1,44632.1,44643.5,2100
2025-07-15 01:00:00+00:00,44644.1,44831.1,44625.5,44765.5,6615
2025-07-15 02:00:00+00:00,44766.0,44780.5,44641.1,44656.1,6616
2025-07-15 03:00:00+00:00,44655.5,44689.5,44634.1,44659.1,2210
2025-07-15 04:00:00+00:00,44659.6,44706.1,44651.1,44700.1,1531
2025-07-15 05:00:00+00:00,44699.6,44745.1,44695.1,44726.5,2918
2025-07-15 06:00:00+00:00,44725.8,44745.3,44697.3,44731.8,2679
2025-07-15 07:00:00+00:00,44732.3,44736.8,44690.8,44696.3,4639
2025-07-15 08:00:00+00:00,44695.8,44695.8,44603.8,44628.8,4794
2025-07-15 09:00:00+00:00,44628.3,44669.8,44624.3,44664.8,2102
2025-07-15 10:00:00+00:00,44663.8,44734.3,44652.3,44688.3,3256
2025-07-15 11:00:00+00:00,44687.8,44731.3,44638.3,44661.8,4133
2025-07-15 12:00:00+00:00,44662.3,44717.8,44594.8,44644.3,8678
2025-07-15 13:00:00+00:00,44644.8,44744.4,44519.4,44541.4,32469
2025-07-15 14:00:00+00:00,44541.9,44573.9,44356.9,44366.4,39980
2025-07-15 15:00:00+00:00,44366.9,44474.9,44357.8,44426.4,26172
2025-07-15 16:00:00+00:00,44426.9,44448.4,44302.4,44305.4,22472
2025-07-15 17:00:00+00:00,44305.8,44387.4,44292.4,44369.4,19243
2025-07-15 18:00:00+00:00,44369.9,44393.4,44281.9,44294.4,16562
2025-07-15 19:00:00+00:00,44293.9,44353.9,44237.9,44244.9,22829
2025-07-15 20:00:00+00:00,44246.1,44263.1,44186.1,44194.1,7343
2025-07-15 22:00:00+00:00,44186.0,44207.0,44129.1,44155.5,2261
2025-07-15 23:00:00+00:00,44156.1,44180.1,44121.1,44173.5,2189
2025-07-16 00:00:00+00:00,44174.1,44189.6,44130.5,44184.1,3537
2025-07-16 01:00:00+00:00,44184.6,44209.5,44176.5,44193.1,2143
2025-07-16 02:00:00+00:00,44193.6,44194.6,44166.1,44180.1,1397
2025-07-16 03:00:00+00:00,44180.5,44195.1,44171.1,44172.1,977
2025-07-16 04:00:00+00:00,44173.1,44199.1,44167.6,44179.1,912
2025-07-16 05:00:00+00:00,44180.5,44208.5,44148.1,44170.5,3261
2025-07-16 06:00:00+00:00,44168.3,44170.8,44123.8,44129.3,3125
2025-07-16 07:00:00+00:00,44128.8,44204.8,44095.3,44199.8,5491
2025-07-16 08:00:00+00:00,44200.3,44277.8,44188.8,44260.3,3585
2025-07-16 09:00:00+00:00,44259.8,44263.8,44221.8,44257.8,3217
2025-07-16 10:00:00+00:00,44258.3,44285.8,44244.8,44265.8,2806
2025-07-16 11:00:00+00:00,44266.3,44372.8,44256.8,44347.8,4305
2025-07-16 12:00:00+00:00,44349.3,44431.3,44320.8,44395.8,7727
2025-07-16 13:00:00+00:00,44396.3,44460.4,44267.4,44287.4,31281
2025-07-16 14:00:00+00:00,44288.4,44378.4,44238.4,44273.8,36820
2025-07-16 15:00:00+00:00,44273.4,44368.9,43975.4,44285.4,80090
2025-07-16 16:00:00+00:00,44284.8,44349.4,44204.4,44346.4,30847
2025-07-16 17:00:00+00:00,44346.8,44415.4,44337.4,44368.4,14727
2025-07-16 18:00:00+00:00,44368.9,44465.3,44332.9,44461.4,12889
2025-07-16 19:00:00+00:00,44461.8,44482.9,44423.4,44458.4,14910
2025-07-16 20:00:00+00:00,44460.6,44463.1,44415.1,44420.1,2436
2025-07-16 22:00:00+00:00,44421.0,44434.6,44377.1,44385.5,2067
2025-07-16 23:00:00+00:00,44386.1,44400.6,44378.1,44391.1,1254
2025-07-17 00:00:00+00:00,44390.1,44419.1,44374.1,44414.5,2437
2025-07-17 01:00:00+00:00,44414.1,44421.1,44362.1,44377.1,1911
2025-07-17 02:00:00+00:00,44377.5,44379.1,44361.1,44369.1,1126
2025-07-17 03:00:00+00:00,44370.1,44388.1,44358.6,44387.1,919
2025-07-17 04:00:00+00:00,44386.5,44400.1,44379.1,44394.1,736
2025-07-17 05:00:00+00:00,44393.1,44444.1,44392.6,44427.1,1929
2025-07-17 06:00:00+00:00,44426.3,44475.8,44424.3,44427.3,3813
2025-07-17 07:00:00+00:00,44427.8,44460.8,44410.8,44410.8,5788
2025-07-17 08:00:00+00:00,44411.3,44434.8,44385.3,44412.3,4604
2025-07-17 09:00:00+00:00,44412.8,44458.8,44411.8,44426.8,2399
2025-07-17 10:00:00+00:00,44426.3,44439.3,44388.3,44406.8,2818
2025-07-17 11:00:00+00:00,44407.3,44409.8,44354.8,44383.8,3730
2025-07-17 12:00:00+00:00,44382.8,44476.8,44356.3,44473.8,4787
2025-07-17 13:00:00+00:00,44473.3,44700.4,44407.8,44605.8,25093
2025-07-17 14:00:00+00:00,44606.3,44687.4,44461.4,44536.4,29308
2025-07-17 15:00:00+00:00,44536.9,44676.4,44514.4,44666.4,16545
2025-07-17 16:00:00+00:00,44667.4,44689.9,44567.4,44599.9,13499
2025-07-17 17:00:00+00:00,44599.4,44680.4,44575.8,44664.4,10527
2025-07-17 18:00:00+00:00,44664.9,44761.9,44661.4,44745.4,9561
2025-07-17 19:00:00+00:00,44745.9,44774.9,44692.4,44726.4,16130
2025-07-17 20:00:00+00:00,44729.1,44750.1,44709.1,44728.5,2477
2025-07-17 22:00:00+00:00,44737.0,44748.5,44706.0,44741.5,1042
2025-07-17 23:00:00+00:00,44741.1,44815.6,44739.1,44808.1,1899
2025-07-18 00:00:00+00:00,44807.5,44824.6,44786.1,44791.1,1774
2025-07-18 01:00:00+00:00,44790.1,44801.1,44770.1,44778.1,1226
2025-07-18 02:00:00+00:00,44777.5,44820.1,44767.1,44810.1,1038
2025-07-18 03:00:00+00:00,44809.6,44825.1,44794.1,44801.1,1111
2025-07-18 04:00:00+00:00,44800.6,44814.1,44794.6,44808.1,584
2025-07-18 05:00:00+00:00,44808.6,44840.1,44808.1,44835.1,1074
2025-07-18 06:00:00+00:00,44833.3,44854.3,44813.8,44852.8,1702
2025-07-18 07:00:00+00:00,44853.3,44860.3,44769.3,44773.3,3560
2025-07-18 08:00:00+00:00,44773.8,44800.3,44767.8,44781.8,2541
2025-07-18 09:00:00+00:00,44782.3,44800.8,44773.8,44778.8,1822
2025-07-18 10:00:00+00:00,44779.3,44798.3,44720.3,44734.8,3076
2025-07-18 11:00:00+00:00,44735.3,44768.8,44710.3,44748.8,3598
2025-07-18 12:00:00+00:00,44749.3,44806.3,44746.3,44793.8,4116
2025-07-18 13:00:00+00:00,44793.3,44821.8,44575.8,44617.8,26303
2025-07-18 14:00:00+00:00,44614.8,44666.8,44476.4,44482.4,30548
2025-07-18 15:00:00+00:00,44481.9,44564.4,44480.9,44548.4,19142
2025-07-18 16:00:00+00:00,44548.9,44555.9,44424.4,44437.4,19809
2025-07-18 17:00:00+00:00,44436.9,44508.4,44433.9,44480.4,14381
2025-07-18 18:00:00+00:00,44480.9,44506.9,44439.8,44504.4,10393
2025-07-18 19:00:00+00:00,44503.9,44562.4,44476.9,44540.4,13989
2025-07-18 20:00:00+00:00,44542.6,44557.1,44518.6,44526.1,1583
2025-07-20 22:00:00+00:00,44514.5,44566.1,44496.5,44555.5,992
2025-07-20 23:00:00+00:00,44555.1,44607.1,44550.5,44606.1,1181
2025-07-21 00:00:00+00:00,44606.1,44614.5,44596.1,44609.1,1106
2025-07-21 01:00:00+00:00,44608.5,44614.1,44582.1,44589.1,1265
2025-07-21 02:00:00+00:00,44588.5,44596.1,44568.1,44575.1,710
2025-07-21 03:00:00+00:00,44575.5,44587.0,44565.6,44571.1,513
2025-07-21 04:00:00+00:00,44571.6,44587.5,44569.1,44584.1,551
2025-07-21 05:00:00+00:00,44583.5,44588.1,44567.5,44569.1,656
2025-07-21 06:00:00+00:00,44568.3,44652.8,44564.8,44625.3,1592
2025-07-21 07:00:00+00:00,44625.8,44678.8,44625.8,44639.8,2601
2025-07-21 08:00:00+00:00,44638.8,44678.8,44636.3,44672.3,2591
2025-07-21 09:00:00+00:00,44671.8,44681.3,44641.3,44649.8,1454
2025-07-21 10:00:00+00:00,44650.8,44657.3,44616.8,44634.3,1801
2025-07-21 11:00:00+00:00,44634.8,44650.8,44623.8,44645.8,1810
2025-07-21 12:00:00+00:00,44646.3,44654.8,44603.8,44613.8,2077
2025-07-21 13:00:00+00:00,44612.8,44699.9,44564.4,44697.4,20922
2025-07-21 14:00:00+00:00,44697.8,44736.9,44627.4,44716.4,20988
2025-07-21 15:00:00+00:00,44716.9,44813.3,44707.4,44802.4,13278
2025-07-21 16:00:00+00:00,44802.9,44810.9,44756.4,44790.4,11318
2025-07-21 17:00:00+00:00,44791.4,44815.4,44761.9,44769.4,7591
2025-07-21 18:00:00+00:00,44768.9,44782.9,44683.4,44696.4,9827
2025-07-21 19:00:00+00:00,44696.9,44702.4,44524.4,44552.4,21925
2025-07-21 20:00:00+00:00,44553.6,44599.6,44548.6,44595.5,2439
2025-07-21 22:00:00+00:00,44595.5,44614.0,44583.6,44588.5,545
2025-07-21 23:00:00+00:00,44588.0,44600.6,44581.1,44595.1,741
2025-07-22 00:00:00+00:00,44594.6,44625.6,44593.5,44608.1,1592
2025-07-22 01:00:00+00:00,44607.5,44629.1,44596.1,44625.6,1296
2025-07-22 02:00:00+00:00,44626.1,44629.1,44588.1,44596.1,698
2025-07-22 03:00:00+00:00,44596.5,44606.1,44580.6,44589.1,980
2025-07-22 04:00:00+00:00,44588.6,44590.5,44564.1,44572.1,1071
2025-07-22 05:00:00+00:00,44571.5,44571.5,44545.5,44551.1,897
2025-07-22 06:00:00+00:00,44550.8,44560.8,44539.3,44546.8,1266
2025-07-22 07:00:00+00:00,44546.3,44576.8,44520.8,44533.8,3127
2025-07-22 08:00:00+00:00,44534.8,44578.8,44533.3,44567.8,3452
2025-07-22 09:00:00+00:00,44568.3,44568.8,44530.3,44546.8,2244
2025-07-22 10:00:00+00:00,44546.3,44558.8,44525.8,44536.8,1692
2025-07-22 11:00:00+00:00,44535.8,44535.8,44425.3,44511.8,4748
2025-07-22 12:00:00+00:00,44510.3,44531.3,44481.8,44524.3,3105
2025-07-22 13:00:00+00:00,44523.8,44671.9,44479.8,44612.9,33095
2025-07-22 14:00:00+00:00,44613.4,44620.8,44502.9,44565.4,37370
2025-07-22 15:00:00+00:00,44565.9,44594.9,44505.9,44560.4,20907
2025-07-22 16:00:00+00:00,44560.9,44620.9,44529.4,44589.9,18353
2025-07-22 17:00:00+00:00,44589.4,44684.9,44583.9,44612.4,13285
2025-07-22 18:00:00+00:00,44612.9,44717.9,44588.8,44685.4,14856
2025-07-22 19:00:00+00:00,44684.9,44750.9,44678.4,44703.4,14953
2025-07-22 20:00:00+00:00,44704.6,44748.6,44692.6,44746.6,3820
2025-07-22 22:00:00+00:00,44744.5,44769.0,44721.1,44732.1,1205
2025-07-22 23:00:00+00:00,44731.1,44853.1,44730.5,44832.1,5623
2025-07-23 00:00:00+00:00,44831.5,44838.6,44756.1,44766.1,4483
2025-07-23 01:00:00+00:00,44765.1,44822.1,44748.1,44821.1,2975
2025-07-23 02:00:00+00:00,44820.1,44826.6,44801.1,44822.5,1772
2025-07-23 03:00:00+00:00,44823.1,44848.6,44806.6,44827.1,1389
2025-07-23 04:00:00+00:00,44826.5,44852.1,44810.6,44849.1,1168
2025-07-23 05:00:00+00:00,44848.1,44865.1,44843.0,44848.5,1605
2025-07-23 06:00:00+00:00,44847.8,44854.8,44810.8,44842.8,2490
2025-07-23 07:00:00+00:00,44843.8,44871.8,44808.8,44829.8,5218
2025-07-23 08:00:00+00:00,44829.3,44920.8,44815.3,44915.8,3426
2025-07-23 09:00:00+00:00,44915.3,44946.8,44914.3,44941.8,2438
2025-07-23 10:00:00+00:00,44942.3,44957.3,44914.3,44918.8,2190
2025-07-23 11:00:00+00:00,44919.8,44943.8,44882.8,44942.8,3988
2025-07-23 12:00:00+00:00,44942.3,44955.3,44920.8,44948.8,3404
2025-07-23 13:00:00+00:00,44947.8,44992.8,44833.8,44887.3,24917
2025-07-23 14:00:00+00:00,44887.8,44938.4,44861.4,44898.4,22386
2025-07-23 15:00:00+00:00,44897.9,45102.3,44881.4,45065.9,25730
2025-07-23 16:00:00+00:00,45065.4,45138.9,45039.9,45081.4,28444
2025-07-23 17:00:00+00:00,45080.9,45193.4,45065.9,45140.4,18562
2025-07-23 18:00:00+00:00,45140.8,45193.9,45138.4,45168.9,12422
2025-07-23 19:00:00+00:00,45169.4,45233.4,45153.4,45229.9,13418
2025-07-23 20:00:00+00:00,45232.1,45237.1,45102.5,45109.1,8283
2025-07-23 22:00:00+00:00,45118.0,45134.0,45088.0,45097.5,1670
2025-07-23 23:00:00+00:00,45097.1,45124.1,45091.1,45115.1,1111
2025-07-24 00:00:00+00:00,45114.6,45115.5,45091.1,45095.1,1990
2025-07-24 01:00:00+00:00,45094.5,45124.1,45092.1,45118.1,1662
2025-07-24 02:00:00+00:00,45117.5,45134.1,45113.6,45117.1,898
2025-07-24 03:00:00+00:00,45116.5,45116.5,45084.1,45084.5,900
2025-07-24 04:00:00+00:00,45084.1,45097.0,45075.5,45095.1,746
2025-07-24 05:00:00+00:00,45096.1,45105.1,45080.6,45089.1,1018
2025-07-24 06:00:00+00:00,45086.8,45105.8,45058.8,45061.8,2053
2025-07-24 07:00:00+00:00,45060.8,45075.8,45038.3,45051.3,3507
2025-07-24 08:00:00+00:00,45050.8,45103.3,45048.8,45074.3,2739
2025-07-24 09:00:00+00:00,45074.8,45094.3,45065.3,45078.8,1901
2025-07-24 10:00:00+00:00,45091.8,45134.3,45023.8,45027.8,2912
2025-07-24 11:00:00+00:00,45028.3,45062.8,45013.8,45036.3,2325
2025-07-24 12:00:00+00:00,45035.8,45038.8,44870.8,44899.8,6285
2025-07-24 13:00:00+00:00,44899.3,44992.4,44866.3,44992.3,28392
2025-07-24 14:00:00+00:00,44991.8,45095.4,44968.4,45067.4,30653
2025-07-24 15:00:00+00:00,45067.8,45108.4,45007.9,45045.4,18772
2025-07-24 16:00:00+00:00,45044.8,45053.4,44942.9,44984.4,17638
2025-07-24 17:00:00+00:00,44983.9,45043.4,44974.4,45018.4,11418
2025-07-24 18:00:00+00:00,45016.9,45070.4,44929.9,44976.4,14354
2025-07-24 19:00:00+00:00,44975.9,45004.4,44888.4,44904.9,17171
2025-07-24 20:00:00+00:00,44906.1,44943.1,44884.1,44937.5,3323
2025-07-24 22:00:00+00:00,44941.5,44980.6,44928.5,44960.1,991
2025-07-24 23:00:00+00:00,44959.5,44984.1,44947.1,44979.6,948
2025-07-25 00:00:00+00:00,44979.1,44991.6,44971.1,44988.1,1394
2025-07-25 01:00:00+00:00,44988.6,45018.5,44985.1,45004.1,1109
2025-07-25 02:00:00+00:00,45004.6,45019.6,45003.1,45012.1,687
2025-07-25 03:00:00+00:00,45012.6,45039.1,45011.1,45026.6,732
2025-07-25 04:00:00+00:00,45026.1,45028.1,44975.1,44979.1,814
2025-07-25 05:00:00+00:00,44978.5,44987.6,44962.1,44970.1,896
2025-07-25 06:00:00+00:00,44968.3,44988.3,44938.3,44939.8,1413
2025-07-25 07:00:00+00:00,44940.3,44948.8,44902.8,44919.8,4600
2025-07-25 08:00:00+00:00,44920.3,44966.8,44917.3,44951.8,3073
2025-07-25 09:00:00+00:00,44951.3,44974.8,44937.8,44957.8,1740
2025-07-25 10:00:00+00:00,44958.3,44970.8,44936.8,44955.8,1679
2025-07-25 11:00:00+00:00,44955.3,44957.8,44912.3,44931.3,1926
2025-07-25 12:00:00+00:00,44931.8,44977.8,44921.8,44947.8,2670
2025-07-25 13:00:00+00:00,44948.3,44986.4,44884.4,44907.4,22236
2025-07-25 14:00:00+00:00,44907.9,45012.9,44819.4,44968.9,23391
2025-07-25 15:00:00+00:00,44968.4,44997.4,44910.9,44929.4,15407
2025-07-25 16:00:00+00:00,44928.9,45006.9,44916.9,45000.4,11376
2025-07-25 17:00:00+00:00,45000.9,45081.9,44989.4,45074.4,9021
2025-07-25 18:00:00+00:00,45074.9,45111.9,45062.4,45082.9,7838
2025-07-25 19:00:00+00:00,45082.4,45126.9,45062.9,45086.4,11970
2025-07-25 20:00:00+00:00,45088.6,45088.6,45058.6,45075.1,2094
2025-07-27 22:00:00+00:00,45265.0,45285.5,45219.5,45231.0,1216
2025-07-27 23:00:00+00:00,45230.0,45263.1,45217.5,45230.5,1628
2025-07-28 00:00:00+00:00,45231.1,45261.1,45214.5,45259.5,1807
2025-07-28 01:00:00+00:00,45259.1,45260.6,45230.1,45243.1,1177
2025-07-28 02:00:00+00:00,45242.6,45264.6,45232.1,45258.1,868
2025-07-28 03:00:00+00:00,45257.1,45261.1,45248.1,45259.1,467
2025-07-28 04:00:00+00:00,45258.6,45276.1,45258.6,45273.1,356
2025-07-28 05:00:00+00:00,45272.5,45286.6,45270.1,45281.1,719
2025-07-28 06:00:00+00:00,45279.3,45312.8,45235.8,45238.8,1957
2025-07-28 07:00:00+00:00,45239.3,45254.8,45187.3,45209.8,3610
2025-07-28 08:00:00+00:00,45209.3,45209.3,45164.3,45169.3,2682
2025-07-28 09:00:00+00:00,45168.8,45179.8,45147.3,45155.3,1812
2025-07-28 10:00:00+00:00,45154.8,45167.8,45113.3,45124.8,2629
2025-07-28 11:00:00+00:00,45124.3,45126.3,45096.8,45116.8,2617
2025-07-28 12:00:00+00:00,45116.3,45131.8,45073.3,45127.8,4005
2025-07-28 13:00:00+00:00,45128.3,45132.8,44959.9,44995.4,22438
2025-07-28 14:00:00+00:00,44995.9,45121.8,44982.9,45065.4,19786
2025-07-28 15:00:00+00:00,45064.9,45114.4,45017.8,45100.4,14975
2025-07-28 16:00:00+00:00,45099.9,45125.4,45024.9,45029.4,9832
2025-07-28 17:00:00+00:00,45029.9,45066.8,44953.4,44957.4,10327
2025-07-28 18:00:00+00:00,44957.9,44986.4,44911.9,44959.4,11642
2025-07-28 19:00:00+00:00,44959.9,45021.9,44929.4,45012.9,11600
2025-07-28 20:00:00+00:00,45014.1,45037.6,44993.5,45008.6,2811
2025-07-28 22:00:00+00:00,45009.5,45045.1,45009.0,45039.5,909
2025-07-28 23:00:00+00:00,45040.1,45045.1,45016.1,45026.1,754
2025-07-29 00:00:00+00:00,45026.5,45027.1,44988.1,45016.1,1460
2025-07-29 01:00:00+00:00,45016.6,45046.1,45010.5,45027.5,1005
2025-07-29 02:00:00+00:00,45027.1,45047.5,45019.5,45047.1,1186
2025-07-29 03:00:00+00:00,45046.1,45057.6,45031.1,45054.1,706
2025-07-29 04:00:00+00:00,45054.6,45079.6,45054.6,45072.5,566
2025-07-29 05:00:00+00:00,45073.1,45094.6,45069.1,45085.5,623
2025-07-29 06:00:00+00:00,45084.8,45098.8,45024.3,45031.8,1434
2025-07-29 07:00:00+00:00,45031.3,45092.3,45027.8,45088.8,3406
2025-07-29 08:00:00+00:00,45088.3,45088.3,45057.3,45069.8,3213
2025-07-29 09:00:00+00:00,45070.3,45122.8,44958.8,45057.8,3812
2025-07-29 10:00:00+00:00,45059.3,45077.3,44965.8,45050.8,4796
2025-07-29 11:00:00+00:00,45050.3,45110.3,45031.8,45086.8,3915
2025-07-29 12:00:00+00:00,45087.3,45096.3,45013.3,45036.3,4456
2025-07-29 13:00:00+00:00,45035.3,45062.8,44930.4,44974.8,22843
2025-07-29 14:00:00+00:00,44973.3,45011.4,44838.4,44849.4,22760
2025-07-29 15:00:00+00:00,44849.8,44882.9,44764.8,44806.4,24035
2025-07-29 16:00:00+00:00,44805.9,44872.9,44783.3,44870.4,15314
2025-07-29 17:00:00+00:00,44869.8,44917.4,44746.4,44801.8,14633
2025-07-29 18:00:00+00:00,44801.4,44810.9,44763.4,44783.4,10848
2025-07-29 19:00:00+00:00,44782.9,44827.4,44735.9,44822.4,15487
2025-07-29 20:00:00+00:00,44824.6,44845.1,44756.6,44776.5,3710
2025-07-29 22:00:00+00:00,44771.0,44807.1,44770.5,44802.6,1031
2025-07-29 23:00:00+00:00,44803.1,44819.5,44788.1,44799.1,792
2025-07-30 00:00:00+00:00,44798.5,44844.5,44793.5,44837.1,1403
2025-07-30 01:00:00+00:00,44836.5,44858.1,44812.1,44845.5,1501
2025-07-30 02:00:00+00:00,44845.1,44855.5,44836.6,44841.1,816
2025-07-30 03:00:00+00:00,44841.5,44861.6,44841.5,44851.1,662
2025-07-30 04:00:00+00:00,44851.6,44869.1,44851.6,44866.1,511
2025-07-30 05:00:00+00:00,44865.5,44873.5,44847.1,44861.1,1089
2025-07-30 06:00:00+00:00,44858.8,44870.8,44832.3,44833.8,1360
2025-07-30 07:00:00+00:00,44834.3,44844.3,44787.8,44837.8,3630
2025-07-30 08:00:00+00:00,44837.3,44851.8,44782.3,44807.3,3372
2025-07-30 09:00:00+00:00,44806.8,44831.3,44799.8,44827.8,2155
2025-07-30 10:00:00+00:00,44828.3,44839.8,44817.8,44837.3,2096
2025-07-30 11:00:00+00:00,44838.3,44846.3,44816.3,44839.3,2403
2025-07-30 12:00:00+00:00,44839.8,44858.8,44785.8,44824.8,7456
2025-07-30 13:00:00+00:00,44824.3,44874.3,44728.4,44825.3,23968
2025-07-30 14:00:00+00:00,44824.8,44903.9,44779.9,44827.4,23690
2025-07-30 15:00:00+00:00,44826.9,44831.9,44715.4,44804.4,18900
2025-07-30 16:00:00+00:00,44804.8,44858.9,44786.9,44809.4,10964
2025-07-30 17:00:00+00:00,44809.9,44869.4,44791.9,44822.8,9680
2025-07-30 18:00:00+00:00,44824.3,44910.4,44517.8,44531.8,41942
2025-07-30 19:00:00+00:00,44530.8,44666.9,44419.8,44636.4,61887
2025-07-30 20:00:00+00:00,44638.5,44839.0,44620.1,44659.5,6962
2025-07-30 22:00:00+00:00,44714.0,44725.1,44648.5,44711.5,3298
2025-07-30 23:00:00+00:00,44711.1,44763.1,44703.1,44703.1,1612
2025-07-31 00:00:00+00:00,44703.5,44720.5,44675.1,44712.5,2927
2025-07-31 01:00:00+00:00,44713.5,44735.5,44698.5,44724.1,1671
2025-07-31 02:00:00+00:00,44724.5,44761.1,44713.5,44753.1,1077
2025-07-31 03:00:00+00:00,44752.5,44758.0,44729.1,44753.5,931
2025-07-31 04:00:00+00:00,44754.5,44783.6,44750.1,44774.5,1182
2025-07-31 05:00:00+00:00,44775.1,44789.1,44750.1,44779.1,1543
2025-07-31 06:00:00+00:00,44777.3,44790.8,44749.3,44767.8,2721
2025-07-31 07:00:00+00:00,44768.8,44853.8,44748.8,44827.8,4788
2025-07-31 08:00:00+00:00,44827.3,44843.8,44784.3,44818.3,4034
2025-07-31 09:00:00+00:00,44818.8,44822.8,44759.3,44781.8,2693
2025-07-31 10:00:00+00:00,44781.3,44791.8,44720.3,44722.8,2881
2025-07-31 11:00:00+00:00,44722.3,44755.3,44692.8,44721.3,4469
2025-07-31 12:00:00+00:00,44722.3,44764.8,44713.8,44725.3,6111
2025-07-31 13:00:00+00:00,44724.8,44768.4,44588.4,44749.8,33014
2025-07-31 14:00:00+00:00,44750.4,44782.4,44578.8,44582.4,43698
2025-07-31 15:00:00+00:00,44582.8,44633.9,44450.4,44627.4,35520
2025-07-31 16:00:00+00:00,44626.8,44683.4,44588.9,44673.4,19769
2025-07-31 17:00:00+00:00,44673.8,44674.4,44409.4,44443.4,43344
2025-07-31 18:00:00+00:00,44442.8,44553.9,44311.9,44491.9,44005
2025-07-31 19:00:00+00:00,44492.4,44529.4,44208.4,44288.4,49253
2025-07-31 20:00:00+00:00,44290.5,44419.5,44222.5,44267.0,6735
2025-07-31 22:00:00+00:00,44265.0,44327.5,44202.6,44252.0,5585
2025-07-31 23:00:00+00:00,44253.0,44282.1,44222.5,44264.1,5031
2025-08-01 00:00:00+00:00,44264.5,44268.5,44149.6,44223.5,7276
2025-08-01 01:00:00+00:00,44222.5,44277.1,44216.5,44254.1,4344
2025-08-01 02:00:00+00:00,44254.5,44281.6,44240.5,44274.5,2250
2025-08-01 03:00:00+00:00,44275.5,44310.6,44241.5,44241.5,1907
2025-08-01 04:00:00+00:00,44242.1,44258.5,44221.0,44241.5,1931
2025-08-01 05:00:00+00:00,44241.0,44248.5,44184.1,44191.0,2508
2025-08-01 06:00:00+00:00,44189.3,44192.8,44119.8,44141.8,4911
2025-08-01 07:00:00+00:00,44141.3,44143.8,43850.8,43919.8,16313
2025-08-01 08:00:00+00:00,43919.3,43988.8,43848.8,43912.3,14675
2025-08-01 09:00:00+00:00,43911.8,43943.3,43873.8,43903.8,8271
2025-08-01 10:00:00+00:00,43902.8,43902.8,43786.8,43814.8,8952
2025-08-01 11:00:00+00:00,43815.3,43933.3,43808.3,43929.8,8799
2025-08-01 12:00:00+00:00,43930.3,44036.8,43824.3,43902.3,21776
2025-08-01 13:00:00+00:00,43902.8,43948.8,43583.4,43601.3,51465
2025-08-01 14:00:00+00:00,43596.8,43776.4,43464.8,43666.8,95510
2025-08-01 15:00:00+00:00,43666.4,43797.4,43603.4,43795.4,55378
2025-08-01 16:00:00+00:00,43795.9,43866.4,43643.4,43649.8,40218
2025-08-01 17:00:00+00:00,43649.4,43678.4,43587.9,43615.4,44019
2025-08-01 18:00:00+00:00,43614.9,43793.9,43542.3,43693.4,41101
2025-08-01 19:00:00+00:00,43692.4,43808.9,43656.8,43707.9,50310
2025-08-01 20:00:00+00:00,43710.1,43736.1,43691.1,43732.1,5138
2025-08-03 22:00:00+00:00,43729.0,43747.5,43635.5,43739.5,2043
2025-08-03 23:00:00+00:00,43740.1,43757.5,43680.5,43742.1,5759
2025-08-04 00:00:00+00:00,43742.5,43812.1,43732.5,43802.1,6684
2025-08-04 01:00:00+00:00,43802.5,43823.5,43772.1,43804.1,5328
2025-08-04 02:00:00+00:00,43804.6,43847.1,43800.1,43842.5,2899
2025-08-04 03:00:00+00:00,43843.1,43869.5,43833.1,43865.1,1942
2025-08-04 04:00:00+00:00,43863.1,43864.1,43803.1,43834.1,2314
2025-08-04 05:00:00+00:00,43835.1,43880.1,43828.1,43863.5,2438
2025-08-04 06:00:00+00:00,43861.8,43885.3,43787.8,43850.8,5376
2025-08-04 07:00:00+00:00,43850.3,43951.8,43826.3,43917.8,8860
2025-08-04 08:00:00+00:00,43918.3,43998.8,43888.3,43990.3,6350
2025-08-04 09:00:00+00:00,43990.8,44023.3,43986.8,43996.3,4166
2025-08-04 10:00:00+00:00,43996.8,44016.3,43944.8,43956.8,3877
2025-08-04 11:00:00+00:00,43956.3,43956.3,43885.8,43890.8,5389
2025-08-04 12:00:00+00:00,43891.3,43956.8,43882.8,43903.8,5356
2025-08-04 13:00:00+00:00,43902.8,44133.4,43889.8,44129.4,31452
2025-08-04 14:00:00+00:00,44129.9,44216.4,44065.9,44195.4,34427
2025-08-04 15:00:00+00:00,44195.9,44247.4,44137.4,44209.4,24562
2025-08-04 16:00:00+00:00,44209.8,44274.4,44170.8,44250.4,14651
2025-08-04 17:00:00+00:00,44249.9,44300.9,44180.9,44187.4,13199
2025-08-04 18:00:00+00:00,44187.8,44252.9,44181.9,44224.9,12797
2025-08-04 19:00:00+00:00,44224.4,44323.4,44220.4,44310.4,19221
2025-08-04 20:00:00+00:00,44312.6,44393.1,44306.5,44392.1,5086
2025-08-04 22:00:00+00:00,44388.0,44408.5,44348.1,44354.1,1521
2025-08-04 23:00:00+00:00,44353.5,44386.1,44340.5,44347.1,2084
2025-08-05 00:00:00+00:00,44346.6,44435.1,44320.5,44383.5,3797
2025-08-05 01:00:00+00:00,44384.1,44407.1,44345.5,44352.5,3315
2025-08-05 02:00:00+00:00,44352.1,44360.5,44339.5,44351.1,1443
2025-08-05 03:00:00+00:00,44350.5,44378.1,44336.1,44353.6,1544
2025-08-05 04:00:00+00:00,44354.1,44370.5,44339.6,44369.0,993
2025-08-05 05:00:00+00:00,44369.5,44382.1,44354.1,44373.1,1441
2025-08-05 06:00:00+00:00,44372.3,44399.8,44360.3,44399.8,2544
2025-08-05 07:00:00+00:00,44398.8,44422.3,44311.3,44320.3,5534
2025-08-05 08:00:00+00:00,44320.8,44357.3,44310.8,44327.8,4976
2025-08-05 09:00:00+00:00,44328.3,44377.8,44319.8,44358.3,2108
2025-08-05 10:00:00+00:00,44357.8,44408.3,44228.8,44310.3,5404
2025-08-05 11:00:00+00:00,44309.8,44355.8,44287.8,44353.3,4099
2025-08-05 12:00:00+00:00,44353.8,44407.3,44267.8,44292.8,7105
2025-08-05 13:00:00+00:00,44292.3,44424.4,44264.9,44290.3,25630
2025-08-05 14:00:00+00:00,44211.3,44264.4,44040.9,44110.4,56030
2025-08-05 15:00:00+00:00,44109.8,44209.4,44088.4,44204.4,46550
2025-08-05 16:00:00+00:00,44203.4,44310.4,44187.8,44293.4,28214
2025-08-05 17:00:00+00:00,44292.8,44370.9,44280.4,44320.4,16674
2025-08-05 18:00:00+00:00,44319.4,44329.4,44202.4,44244.4,27360
2025-08-05 19:00:00+00:00,44244.9,44300.4,44219.9,44239.9,23558
2025-08-05 20:00:00+00:00,44241.1,44275.1,44196.1,44262.6,6561
2025-08-05 22:00:00+00:00,44253.5,44283.0,44194.1,44258.5,3278
2025-08-05 23:00:00+00:00,44258.1,44278.1,44225.5,44226.1,2781
2025-08-06 00:00:00+00:00,44225.5,44278.1,44220.1,44249.5,4520
2025-08-06 01:00:00+00:00,44250.5,44326.1,44237.5,44322.5,3455
2025-08-06 02:00:00+00:00,44322.1,44366.1,44306.5,44352.5,2836
2025-08-06 03:00:00+00:00,44353.1,44358.1,44333.5,44354.1,1687
2025-08-06 04:00:00+00:00,44355.1,44370.6,44350.5,44367.1,1314
2025-08-06 05:00:00+00:00,44367.5,44431.6,44361.5,44411.1,2670
2025-08-06 06:00:00+00:00,44410.3,44450.8,44394.3,44419.8,3116
2025-08-06 07:00:00+00:00,44420.3,44484.8,44419.8,44474.8,5282
2025-08-06 08:00:00+00:00,44475.8,44476.8,44393.8,44403.3,5148
2025-08-06 09:00:00+00:00,44402.3,44414.8,44360.3,44380.8,4790
2025-08-06 10:00:00+00:00,44380.3,44412.8,44332.3,44380.3,6457
2025-08-06 11:00:00+00:00,44380.8,44427.8,44365.3,44376.8,5919
2025-08-06 12:00:00+00:00,44376.3,44393.8,44336.3,44386.3,6145
2025-08-06 13:00:00+00:00,44386.8,44417.8,44149.8,44197.9,38938
2025-08-06 14:00:00+00:00,44198.4,44356.4,44126.4,44336.4,46945
2025-08-06 15:00:00+00:00,44336.8,44388.4,44262.4,44369.4,30975
2025-08-06 16:00:00+00:00,44368.8,44390.4,44294.9,44329.9,19778
2025-08-06 17:00:00+00:00,44329.4,44368.4,44298.9,44354.4,14597
2025-08-06 18:00:00+00:00,44354.8,44414.9,44315.4,44323.4,11861
2025-08-06 19:00:00+00:00,44322.9,44380.4,44302.9,44314.4,16681
2025-08-06 20:00:00+00:00,44315.6,44327.1,44296.1,44318.5,3369
2025-08-06 22:00:00+00:00,44281.5,44378.5,44253.0,44357.5,3048
2025-08-06 23:00:00+00:00,44358.5,44387.1,44329.6,44339.1,1928
2025-08-07 00:00:00+00:00,44339.6,44361.1,44321.5,44348.1,3290
2025-08-07 01:00:00+00:00,44347.5,44381.1,44342.1,44364.5,2458
2025-08-07 02:00:00+00:00,44364.1,44382.1,44338.5,44347.1,1551
2025-08-07 03:00:00+00:00,44346.5,44371.1,44346.1,44354.5,1188
2025-08-07 04:00:00+00:00,44355.5,44367.1,44310.5,44325.1,1446
2025-08-07 05:00:00+00:00,44325.5,44327.5,44304.1,44320.1,2200
2025-08-07 06:00:00+00:00,44319.3,44365.8,44310.3,44317.8,3285
2025-08-07 07:00:00+00:00,44317.3,44396.3,44313.8,44390.8,5394
2025-08-07 08:00:00+00:00,44390.3,44478.8,44379.8,44452.8,6864
2025-08-07 09:00:00+00:00,44453.3,44565.3,44434.8,44551.8,5586
2025-08-07 10:00:00+00:00,44552.3,44600.8,44530.8,44561.3,6319
2025-08-07 11:00:00+00:00,44564.3,44589.8,44507.8,44511.8,6908
2025-08-07 12:00:00+00:00,44511.3,44541.8,44489.3,44516.8,6271
2025-08-07 13:00:00+00:00,44517.3,44616.4,44415.9,44472.4,34889
2025-08-07 14:00:00+00:00,44472.8,44498.4,44045.9,44063.4,60942
2025-08-07 15:00:00+00:00,44062.8,44088.4,43951.9,44003.4,43173
2025-08-07 16:00:00+00:00,44002.9,44083.9,43919.4,43977.4,35553
2025-08-07 17:00:00+00:00,43976.8,44021.9,43900.8,43993.4,42947
2025-08-07 18:00:00+00:00,43993.8,44025.4,43915.4,44000.8,28832
2025-08-07 19:00:00+00:00,44000.4,44088.9,43969.4,44084.4,27724
2025-08-07 20:00:00+00:00,44086.6,44134.1,44080.6,44120.5,5777
2025-08-07 22:00:00+00:00,44116.0,44183.5,44114.0,44154.5,2379
2025-08-07 23:00:00+00:00,44155.5,44169.1,44137.5,44148.5,1724
2025-08-08 00:00:00+00:00,44148.1,44224.6,44128.5,44199.5,3504
2025-08-08 01:00:00+00:00,44199.1,44208.1,44158.5,44184.1,2442
2025-08-08 02:00:00+00:00,44184.5,44210.1,44183.1,44207.5,1177
2025-08-08 03:00:00+00:00,44207.1,44210.1,44174.1,44175.1,1220
2025-08-08 04:00:00+00:00,44175.5,44181.1,44149.5,44155.1,1589
2025-08-08 05:00:00+00:00,44154.6,44172.1,44085.5,44093.5,2842
2025-08-08 06:00:00+00:00,44092.8,44159.8,44091.3,44129.8,2954
2025-08-08 07:00:00+00:00,44130.3,44181.3,44128.3,44152.8,4093
2025-08-08 08:00:00+00:00,44152.3,44157.3,44119.3,44127.8,3871
2025-08-08 09:00:00+00:00,44128.3,44165.3,44124.8,44161.3,2571
2025-08-08 10:00:00+00:00,44161.8,44194.8,44159.8,44194.8,1834
2025-08-08 11:00:00+00:00,44194.3,44221.3,44178.8,44209.8,2450
2025-08-08 12:00:00+00:00,44208.8,44212.8,44122.8,44144.8,6052
2025-08-08 13:00:00+00:00,44145.3,44269.4,44137.4,44252.4,25159
2025-08-08 14:00:00+00:00,44253.9,44385.8,44204.9,44213.4,33736
2025-08-08 15:00:00+00:00,44212.9,44242.9,44122.4,44230.4,27880
2025-08-08 16:00:00+00:00,44229.9,44334.4,44221.9,44273.4,17827
2025-08-08 17:00:00+00:00,44273.8,44330.4,44234.4,44309.4,16331
2025-08-08 18:00:00+00:00,44309.9,44346.4,44297.9,44307.9,11228
2025-08-08 19:00:00+00:00,44308.4,44341.9,44211.4,44282.9,17464
2025-08-08 20:00:00+00:00,44285.6,44352.6,44283.1,44352.1,3151
2025-08-10 22:00:00+00:00,44344.0,44368.5,44314.0,44338.1,1665
2025-08-10 23:00:00+00:00,44337.5,44352.5,44297.1,44314.5,1531
2025-08-11 00:00:00+00:00,44314.1,44377.6,44311.5,44373.1,2384
2025-08-11 01:00:00+00:00,44372.5,44415.6,44370.1,44404.1,2129
2025-08-11 02:00:00+00:00,44404.5,44409.1,44375.1,44382.1,1316
2025-08-11 03:00:00+00:00,44382.6,44392.6,44358.1,44362.1,1080
2025-08-11 04:00:00+00:00,44361.1,44378.1,44345.1,44350.1,1028
2025-08-11 05:00:00+00:00,44350.5,44368.5,44343.1,44366.1,1218
2025-08-11 06:00:00+00:00,44365.8,44405.8,44351.8,44401.8,2348
2025-08-11 07:00:00+00:00,44401.3,44401.8,44298.3,44310.8,3758
2025-08-11 08:00:00+00:00,44311.3,44372.8,44311.3,44343.3,5623
2025-08-11 09:00:00+00:00,44342.8,44386.8,44341.8,44379.3,1904
2025-08-11 10:00:00+00:00,44379.8,44399.8,44369.3,44393.8,1979
2025-08-11 11:00:00+00:00,44392.3,44414.8,44384.8,44410.3,2158
2025-08-11 12:00:00+00:00,44409.8,44410.8,44332.8,44347.8,3422
2025-08-11 13:00:00+00:00,44347.3,44375.9,44196.4,44276.4,27742
2025-08-11 14:00:00+00:00,44275.9,44306.4,44105.4,44123.4,26363
2025-08-11 15:00:00+00:00,44123.9,44186.4,44092.4,44182.4,17170
2025-08-11 16:00:00+00:00,44183.4,44284.9,44127.4,44139.4,18329
2025-08-11 17:00:00+00:00,44139.9,44146.4,44056.9,44102.4,16194
2025-08-11 18:00:00+00:00,44102.9,44117.4,44014.4,44080.4,17206
2025-08-11 19:00:00+00:00,44079.9,44109.9,44006.4,44087.4,20993
2025-08-11 20:00:00+00:00,44088.6,44098.6,44060.1,44069.0,3323
2025-08-11 22:00:00+00:00,44073.0,44091.5,44029.1,44077.1,2462
2025-08-11 23:00:00+00:00,44076.6,44084.5,44057.6,44070.1,1358
2025-08-12 00:00:00+00:00,44069.5,44133.5,44059.5,44105.1,3867
2025-08-12 01:00:00+00:00,44104.6,44125.1,44086.1,44115.1,2070
2025-08-12 02:00:00+00:00,44114.6,44139.6,44105.6,44128.1,2132
2025-08-12 03:00:00+00:00,44128.6,44140.6,44123.1,44129.1,768
2025-08-12 04:00:00+00:00,44128.6,44171.1,44124.1,44170.6,1397
2025-08-12 05:00:00+00:00,44170.1,44171.1,44060.6,44121.1,6997
2025-08-12 06:00:00+00:00,44120.3,44184.8,44107.3,44141.3,3840
2025-08-12 07:00:00+00:00,44141.8,44181.3,44140.3,44168.8,4536
2025-08-12 08:00:00+00:00,44168.3,44169.8,44125.8,44132.3,3299
2025-08-12 09:00:00+00:00,44132.8,44149.8,44118.8,44118.8,1993
2025-08-12 10:00:00+00:00,44118.3,44121.3,44085.8,44095.8,2504
2025-08-12 11:00:00+00:00,44096.3,44097.8,44044.3,44087.3,3397
2025-08-12 12:00:00+00:00,44088.8,44366.8,44078.8,44314.3,17715
2025-08-12 13:00:00+00:00,44313.8,44363.4,44195.4,44316.4,50649
2025-08-12 14:00:00+00:00,44316.8,44584.4,44298.8,44525.4,49024
2025-08-12 15:00:00+00:00,44524.9,44572.9,44491.4,44538.4,22026
2025-08-12 16:00:00+00:00,44537.8,44564.9,44519.8,44529.4,11071
2025-08-12 17:00:00+00:00,44529.9,44570.4,44510.4,44557.4,8888
2025-08-12 18:00:00+00:00,44557.9,44604.9,44518.4,44520.4,8934
2025-08-12 19:00:00+00:00,44519.9,44579.4,44513.4,44551.9,13294
2025-08-12 20:00:00+00:00,44554.1,44577.6,44550.1,44551.5,2572
2025-08-12 22:00:00+00:00,44561.5,44563.5,44536.1,44542.1,1320
2025-08-12 23:00:00+00:00,44541.6,44583.1,44540.1,44580.5,1658
2025-08-13 00:00:00+00:00,44579.5,44581.1,44540.6,44544.1,2548
2025-08-13 01:00:00+00:00,44544.5,44549.1,44508.6,44510.1,1215
2025-08-13 02:00:00+00:00,44511.1,44544.1,44507.1,44534.1,985
2025-08-13 03:00:00+00:00,44533.5,44554.1,44531.1,44550.1,903
2025-08-13 04:00:00+00:00,44550.5,44578.1,44549.1,44568.6,790
2025-08-13 05:00:00+00:00,44569.1,44570.1,44548.1,44550.1,831
2025-08-13 06:00:00+00:00,44549.3,44568.8,44513.8,44542.8,1662
2025-08-13 07:00:00+00:00,44542.3,44618.8,44541.3,44605.3,2963
2025-08-13 08:00:00+00:00,44604.8,44673.8,44599.3,44648.8,3399
2025-08-13 09:00:00+00:00,44649.8,44695.8,44642.8,44691.8,2004
2025-08-13 10:00:00+00:00,44691.3,44714.3,44680.8,44708.8,2148
2025-08-13 11:00:00+00:00,44708.3,44708.3,44673.8,44684.8,2160
2025-08-13 12:00:00+00:00,44685.8,44724.3,44673.8,44704.8,2618
2025-08-13 13:00:00+00:00,44705.8,44962.4,44686.4,44938.4,25031
2025-08-13 14:00:00+00:00,44938.9,44988.9,44780.4,44802.4,35352
2025-08-13 15:00:00+00:00,44801.4,44926.9,44796.4,44844.4,24977
2025-08-13 16:00:00+00:00,44844.9,44938.9,44836.4,44862.4,18749
2025-08-13 17:00:00+00:00,44863.4,44894.4,44812.4,44865.4,15237
2025-08-13 18:00:00+00:00,44864.9,45004.4,44850.4,44959.4,16367
2025-08-13 19:00:00+00:00,44959.9,45052.4,44954.9,45030.9,17787
2025-08-13 20:00:00+00:00,45032.1,45071.6,45014.6,45014.6,3178
2025-08-13 22:00:00+00:00,45034.5,45039.1,44980.1,45037.5,1129
2025-08-13 23:00:00+00:00,45038.1,45054.1,45024.1,45032.5,848
2025-08-14 00:00:00+00:00,45033.1,45045.1,45016.5,45022.1,2220
2025-08-14 01:00:00+00:00,45021.5,45032.1,45004.6,45026.1,1759
2025-08-14 02:00:00+00:00,45026.5,45039.6,45017.1,45037.5,832
2025-08-14 03:00:00+00:00,45037.1,45039.1,45014.5,45017.1,769
2025-08-14 04:00:00+00:00,45017.5,45043.6,45013.6,45041.6,549
2025-08-14 05:00:00+00:00,45041.1,45041.6,44980.6,44995.1,1487
2025-08-14 06:00:00+00:00,44993.3,44996.3,44962.8,44977.8,2181
2025-08-14 07:00:00+00:00,44977.3,45034.3,44976.3,45017.8,3067
2025-08-14 08:00:00+00:00,45018.8,45043.8,45017.3,45024.8,1960
2025-08-14 09:00:00+00:00,45024.3,45065.8,45017.3,45046.8,1824
2025-08-14 10:00:00+00:00,45046.3,45063.8,44992.3,45004.8,1828
2025-08-14 11:00:00+00:00,45003.3,45047.8,44989.8,45047.8,2194
2025-08-14 12:00:00+00:00,45047.3,45048.3,44812.3,44877.3,16238
2025-08-14 13:00:00+00:00,44877.8,44918.4,44802.9,44897.4,33105
2025-08-14 14:00:00+00:00,44897.8,44973.9,44842.4,44932.4,32952
2025-08-14 15:00:00+00:00,44933.4,44938.4,44813.9,44865.4,34496
2025-08-14 16:00:00+00:00,44865.9,44868.9,44770.8,44840.4,27119
2025-08-14 17:00:00+00:00,44840.9,44918.9,44834.4,44902.4,14367
2025-08-14 18:00:00+00:00,44903.4,44963.9,44883.4,44945.9,14497
2025-08-14 19:00:00+00:00,44945.4,45039.9,44934.4,44987.9,17871
2025-08-14 20:00:00+00:00,44990.1,45144.1,44952.1,45130.1,9667
2025-08-14 22:00:00+00:00,45133.5,45179.1,45130.5,45177.1,1423
2025-08-14 23:00:00+00:00,45177.5,45186.6,45156.1,45156.1,1071
2025-08-15 00:00:00+00:00,45156.5,45201.1,45137.1,45191.6,2104
2025-08-15 01:00:00+00:00,45192.1,45308.6,45184.5,45276.5,2105
2025-08-15 02:00:00+00:00,45276.1,45322.6,45276.1,45298.1,1468
2025-08-15 03:00:00+00:00,45298.6,45301.6,45268.0,45286.5,948
2025-08-15 04:00:00+00:00,45287.1,45324.5,45286.1,45320.1,976
2025-08-15 05:00:00+00:00,45318.5,45349.1,45307.1,45335.1,1209
2025-08-15 06:00:00+00:00,45332.3,45369.8,45325.8,45339.8,2056
2025-08-15 07:00:00+00:00,45339.3,45367.8,45314.3,45351.3,3495
2025-08-15 08:00:00+00:00,45350.8,45359.8,45294.3,45298.8,3946
2025-08-15 09:00:00+00:00,45299.3,45307.8,45255.3,45255.8,2742
2025-08-15 10:00:00+00:00,45256.3,45320.8,45245.3,45311.8,2494
2025-08-15 11:00:00+00:00,45312.3,45314.3,45263.8,45263.8,2164
2025-08-15 12:00:00+00:00,45264.8,45275.8,45214.3,45262.3,6221
2025-08-15 13:00:00+00:00,45261.8,45298.4,45108.9,45132.8,32336
2025-08-15 14:00:00+00:00,45088.8,45124.4,44982.4,45036.4,37689
2025-08-15 15:00:00+00:00,45034.4,45133.9,44991.4,45076.4,24892
2025-08-15 16:00:00+00:00,45075.4,45124.4,45062.9,45098.4,19645
2025-08-15 17:00:00+00:00,45098.9,45177.4,45076.9,45164.4,13812
2025-08-15 18:00:00+00:00,45163.9,45164.4,45079.8,45111.4,14772
2025-08-15 19:00:00+00:00,45110.9,45115.4,45021.9,45041.4,19957
2025-08-15 20:00:00+00:00,45043.6,45052.1,44994.6,44995.0,2684
2025-08-17 22:00:00+00:00,45053.0,45091.1,45052.1,45088.5,1193
2025-08-17 23:00:00+00:00,45087.5,45110.5,45082.5,45097.5,912
2025-08-18 00:00:00+00:00,45097.1,45113.1,45092.1,45099.6,1471
2025-08-18 01:00:00+00:00,45098.5,45118.1,45091.1,45115.1,915
2025-08-18 02:00:00+00:00,45113.6,45115.1,45095.1,45100.1,541
2025-08-18 03:00:00+00:00,45099.6,45111.1,45092.5,45100.6,508
2025-08-18 04:00:00+00:00,45100.1,45105.1,45084.5,45086.1,646
2025-08-18 05:00:00+00:00,45086.5,45095.6,45078.5,45082.1,722
2025-08-18 06:00:00+00:00,45080.3,45088.3,44940.8,44955.8,3173
2025-08-18 07:00:00+00:00,44955.3,44979.3,44900.3,44954.3,6962
2025-08-18 08:00:00+00:00,44954.3,45030.3,44904.8,45014.8,6245
2025-08-18 09:00:00+00:00,45014.3,45017.3,44962.3,44967.8,3667
2025-08-18 10:00:00+00:00,44967.3,44998.8,44958.3,44979.8,2327
2025-08-18 11:00:00+00:00,44980.8,45020.8,44966.8,45017.8,2703
2025-08-18 12:00:00+00:00,45016.3,45048.8,45002.8,45047.3,3522
2025-08-18 13:00:00+00:00,45046.8,45080.4,44945.4,44956.9,27254
2025-08-18 14:00:00+00:00,44956.4,45074.9,44941.9,45041.4,29843
2025-08-18 15:00:00+00:00,45040.9,45055.9,44988.4,44998.4,19477
2025-08-18 16:00:00+00:00,44997.4,45041.9,44969.9,45001.9,14708
2025-08-18 17:00:00+00:00,45002.4,45066.4,44967.9,44970.4,12198
2025-08-18 18:00:00+00:00,44970.9,45002.9,44939.4,44991.4,10576
2025-08-18 19:00:00+00:00,44990.9,45023.9,44950.4,44984.4,12956
2025-08-18 20:00:00+00:00,44986.6,45008.1,44969.1,44985.1,2334
2025-08-18 22:00:00+00:00,44996.5,45047.5,44989.5,45026.1,1102
2025-08-18 23:00:00+00:00,45025.1,45030.6,44995.6,45009.1,970
2025-08-19 00:00:00+00:00,45009.5,45010.1,44950.1,44970.5,2844
2025-08-19 01:00:00+00:00,44971.1,44998.1,44955.1,44955.1,2225
2025-08-19 02:00:00+00:00,44954.5,44977.6,44935.1,44938.1,1431
2025-08-19 03:00:00+00:00,44939.5,44977.6,44933.1,44951.1,1456
2025-08-19 04:00:00+00:00,44952.1,44953.1,44930.1,44939.1,957
2025-08-19 05:00:00+00:00,44939.6,44947.6,44909.6,44920.1,1322
2025-08-19 06:00:00+00:00,44918.3,44948.3,44913.8,44926.8,1380
2025-08-19 07:00:00+00:00,44927.8,44949.8,44916.8,44932.3,2614
2025-08-19 08:00:00+00:00,44931.8,44992.3,44931.3,44987.8,2150
2025-08-19 09:00:00+00:00,44988.3,45010.8,44985.8,44998.3,1652
2025-08-19 10:00:00+00:00,44998.8,44998.8,44835.8,44975.3,4227
2025-08-19 11:00:00+00:00,44974.8,45052.8,44968.8,45051.3,2602
2025-08-19 12:00:00+00:00,45050.8,45100.8,45026.8,45076.3,3368
2025-08-19 13:00:00+00:00,45076.8,45172.4,45024.4,45121.4,23455
2025-08-19 14:00:00+00:00,45119.4,45290.4,45118.4,45121.8,36025
2025-08-19 15:00:00+00:00,45121.4,45130.4,44964.9,44979.4,29350
2025-08-19 16:00:00+00:00,44979.9,45020.9,44948.4,44992.4,25537
2025-08-19 17:00:00+00:00,44991.9,45013.4,44923.4,44976.4,18354
2025-08-19 18:00:00+00:00,44976.9,44984.4,44893.4,44938.4,14211
2025-08-19 19:00:00+00:00,44937.8,45011.4,44908.4,44998.4,17223
2025-08-19 20:00:00+00:00,45000.6,45033.6,44999.6,45029.5,2784
2025-08-19 22:00:00+00:00,45032.5,45052.5,44995.0,45020.1,2708
2025-08-19 23:00:00+00:00,45020.5,45032.1,44985.1,45010.1,2563
2025-08-20 00:00:00+00:00,45011.1,45011.5,44974.1,44984.1,3685
2025-08-20 01:00:00+00:00,44983.6,45004.1,44933.1,44935.1,3818
2025-08-20 02:00:00+00:00,44935.5,44949.6,44905.6,44937.1,2036
2025-08-20 03:00:00+00:00,44936.5,44941.1,44858.1,44872.1,2545
2025-08-20 04:00:00+00:00,44871.6,44917.5,44869.5,44906.1,1814
2025-08-20 05:00:00+00:00,44905.6,44917.1,44879.1,44915.1,1885
2025-08-20 06:00:00+00:00,44912.8,44925.8,44877.8,44904.8,3222
2025-08-20 07:00:00+00:00,44904.3,44948.3,44899.8,44921.8,4199
2025-08-20 08:00:00+00:00,44922.3,44923.3,44867.8,44890.8,3950
2025-08-20 09:00:00+00:00,44891.3,44946.8,44874.8,44920.8,2574
2025-08-20 10:00:00+00:00,44921.8,44965.8,44916.8,44944.8,2239
2025-08-20 11:00:00+00:00,44944.3,44985.8,44942.8,44979.3,3734
2025-08-20 12:00:00+00:00,44978.8,45015.8,44971.3,44999.8,4890
2025-08-20 13:00:00+00:00,44999.3,45123.4,44922.4,44941.9,41041
2025-08-20 14:00:00+00:00,44941.4,44998.9,44830.9,44885.9,70505
2025-08-20 15:00:00+00:00,44885.4,45049.4,44873.4,44921.4,39980
2025-08-20 16:00:00+00:00,44920.9,45015.4,44901.4,44952.4,29458
2025-08-20 17:00:00+00:00,44951.9,45030.4,44930.9,45007.3,26201
2025-08-20 18:00:00+00:00,45006.8,45011.9,44867.9,44967.4,34081
2025-08-20 19:00:00+00:00,44967.8,45093.9,44967.8,44999.4,26012
2025-08-20 20:00:00+00:00,45001.6,45016.1,44984.1,45011.1,3763
2025-08-20 22:00:00+00:00,44995.5,45029.0,44962.1,44978.5,2333
2025-08-20 23:00:00+00:00,44978.1,44989.5,44951.5,44978.1,1577
2025-08-21 00:00:00+00:00,44977.5,44978.1,44924.6,44947.1,3668
2025-08-21 01:00:00+00:00,44946.1,44998.6,44929.1,44996.1,3219
2025-08-21 02:00:00+00:00,44995.6,45019.6,44986.1,45017.1,1782
2025-08-21 03:00:00+00:00,45016.5,45027.6,44988.5,44989.1,1234
2025-08-21 04:00:00+00:00,44988.1,44995.1,44963.5,44967.5,1045
2025-08-21 05:00:00+00:00,44968.1,44977.5,44932.5,44971.1,2048
2025-08-21 06:00:00+00:00,44970.3,45005.3,44969.8,44981.8,2694
2025-08-21 07:00:00+00:00,44981.3,44988.8,44930.3,44945.3,4711
2025-08-21 08:00:00+00:00,44945.8,44965.8,44873.8,44875.8,4618
2025-08-21 09:00:00+00:00,44876.3,44899.3,44859.8,44862.8,3545
2025-08-21 10:00:00+00:00,44862.3,44907.3,44796.3,44864.3,5379
2025-08-21 11:00:00+00:00,44863.8,44900.3,44828.3,44852.8,6575
2025-08-21 12:00:00+00:00,44852.3,44852.8,44790.3,44822.8,8739
2025-08-21 13:00:00+00:00,44822.3,44853.3,44642.4,44775.3,40530
2025-08-21 14:00:00+00:00,44774.8,44958.4,44750.8,44909.4,39437
2025-08-21 15:00:00+00:00,44908.4,44969.9,44795.4,44815.4,36576
2025-08-21 16:00:00+00:00,44815.8,44861.4,44775.9,44792.4,27343
2025-08-21 17:00:00+00:00,44791.8,44883.4,44725.4,44859.4,25868
2025-08-21 18:00:00+00:00,44858.4,44900.4,44813.4,44894.4,19974
2025-08-21 19:00:00+00:00,44893.9,44909.4,44821.9,44857.9,17373
2025-08-21 20:00:00+00:00,44860.1,44901.6,44848.1,44882.1,2818
2025-08-21 22:00:00+00:00,44897.5,44933.1,44891.6,44919.1,1603
2025-08-21 23:00:00+00:00,44918.5,44930.5,44900.1,44927.1,1105
2025-08-22 00:00:00+00:00,44926.5,44944.1,44861.1,44892.1,4753
2025-08-22 01:00:00+00:00,44893.1,44913.6,44875.5,44887.1,2811
2025-08-22 02:00:00+00:00,44887.5,44924.1,44881.6,44882.1,1714
2025-08-22 03:00:00+00:00,44881.5,44883.1,44855.1,44867.1,1622
2025-08-22 04:00:00+00:00,44867.5,44890.6,44864.5,44879.1,984
2025-08-22 05:00:00+00:00,44879.6,44886.5,44842.6,44860.1,1486
2025-08-22 06:00:00+00:00,44858.3,44858.8,44747.3,44819.8,5402
2025-08-22 07:00:00+00:00,44819.3,44919.3,44809.8,44916.3,4915
2025-08-22 08:00:00+00:00,44915.8,44985.8,44908.8,44981.8,4611
2025-08-22 09:00:00+00:00,44981.3,45008.8,44969.8,44996.8,2460
2025-08-22 10:00:00+00:00,44997.8,45019.3,44990.3,45006.8,2344
2025-08-22 11:00:00+00:00,45007.3,45013.3,44966.3,44979.8,2813
2025-08-22 12:00:00+00:00,44978.8,45012.8,44976.3,44986.8,3938
2025-08-22 13:00:00+00:00,44986.3,45246.4,44980.3,45195.3,30197
2025-08-22 14:00:00+00:00,45234.4,45774.4,45210.4,45747.4,114711
2025-08-22 15:00:00+00:00,45746.9,45821.4,45679.4,45783.4,41308
2025-08-22 16:00:00+00:00,45783.9,45841.9,45732.4,45753.4,30741
2025-08-22 17:00:00+00:00,45752.4,45803.9,45744.9,45750.4,19688
2025-08-22 18:00:00+00:00,45750.9,45768.9,45687.9,45723.4,16390
2025-08-22 19:00:00+00:00,45723.9,45743.4,45672.9,45716.4,23573
2025-08-22 20:00:00+00:00,45717.6,45757.1,45714.6,45733.6,3513
2025-08-24 22:00:00+00:00,45740.5,45743.0,45702.5,45716.1,1841
2025-08-24 23:00:00+00:00,45716.5,45739.5,45705.1,45718.5,2076
2025-08-25 00:00:00+00:00,45719.5,45736.1,45685.1,45695.1,3321
2025-08-25 01:00:00+00:00,45695.5,45700.6,45659.5,45663.1,1516
2025-08-25 02:00:00+00:00,45663.5,45679.1,45638.6,45640.1,1331
2025-08-25 03:00:00+00:00,45640.6,45670.1,45633.6,45667.1,1145
2025-08-25 04:00:00+00:00,45666.1,45684.1,45657.1,45680.1,738
2025-08-25 05:00:00+00:00,45679.1,45710.6,45671.1,45710.1,1160
2025-08-25 06:00:00+00:00,45709.3,45713.3,45652.3,45670.8,2003
2025-08-25 07:00:00+00:00,45672.8,45675.3,45643.8,45655.8,2715
2025-08-25 08:00:00+00:00,45655.3,45656.3,45629.8,45637.8,2080
2025-08-25 09:00:00+00:00,45636.8,45640.3,45612.8,45625.8,1458
2025-08-25 10:00:00+00:00,45625.3,45629.3,45602.3,45602.8,1703
2025-08-25 11:00:00+00:00,45603.8,45640.3,45600.3,45614.3,1770
2025-08-25 12:00:00+00:00,45613.8,45616.3,45548.8,45573.8,3835
2025-08-25 13:00:00+00:00,45574.3,45661.9,45566.8,45596.4,27697
2025-08-25 14:00:00+00:00,45595.4,45615.4,45470.8,45496.4,29437
2025-08-25 15:00:00+00:00,45495.9,45535.9,45441.9,45472.9,17487
2025-08-25 16:00:00+00:00,45472.4,45501.9,45454.4,45488.4,10214
2025-08-25 17:00:00+00:00,45487.4,45493.9,45408.9,45444.4,11078
2025-08-25 18:00:00+00:00,45444.9,45448.4,45403.8,45411.4,10679
2025-08-25 19:00:00+00:00,45411.9,45417.4,45340.9,45348.9,14398
2025-08-25 20:00:00+00:00,45350.1,45399.6,45339.1,45394.1,2918
2025-08-25 22:00:00+00:00,45386.0,45420.1,45386.0,45410.1,1022
2025-08-25 23:00:00+00:00,45411.1,45417.1,45387.1,45404.1,1228
2025-08-26 00:00:00+00:00,45403.5,45427.5,45206.5,45282.0,15014
2025-08-26 01:00:00+00:00,45282.5,45342.5,45268.0,45285.0,4694
2025-08-26 02:00:00+00:00,45285.5,45343.5,45283.5,45296.0,3045
2025-08-26 03:00:00+00:00,45296.5,45310.1,45282.5,45295.1,1782
2025-08-26 04:00:00+00:00,45294.5,45309.5,45282.1,45300.5,1488
2025-08-26 05:00:00+00:00,45301.1,45352.1,45299.5,45340.5,2041
2025-08-26 06:00:00+00:00,45339.8,45348.3,45279.3,45285.3,5624
2025-08-26 07:00:00+00:00,45284.8,45294.8,45184.3,45250.3,11763
2025-08-26 08:00:00+00:00,45250.8,45286.8,45232.8,45275.8,6486
2025-08-26 09:00:00+00:00,45276.3,45303.8,45260.8,45296.8,3015
2025-08-26 10:00:00+00:00,45297.3,45316.3,45282.3,45288.8,2892
2025-08-26 11:00:00+00:00,45289.3,45309.3,45267.3,45301.8,3255
2025-08-26 12:00:00+00:00,45301.3,45331.3,45269.3,45314.8,5047
2025-08-26 13:00:00+00:00,45314.3,45387.4,45285.4,45347.8,28695
2025-08-26 14:00:00+00:00,45346.8,45391.4,45297.4,45336.4,28023
2025-08-26 15:00:00+00:00,45335.4,45358.9,45289.9,45337.4,18576
2025-08-26 16:00:00+00:00,45336.8,45375.4,45322.9,45358.9,11603
2025-08-26 17:00:00+00:00,45359.4,45395.9,45328.4,45353.4,11366
2025-08-26 18:00:00+00:00,45354.4,45414.9,45344.4,45408.4,9067
2025-08-26 19:00:00+00:00,45408.9,45509.4,45384.4,45480.9,21556
2025-08-26 20:00:00+00:00,45482.1,45532.6,45473.6,45531.6,3004
2025-08-26 22:00:00+00:00,45514.5,45537.0,45510.1,45520.1,862
2025-08-26 23:00:00+00:00,45519.5,45528.0,45508.1,45508.1,567
2025-08-27 00:00:00+00:00,45508.6,45513.1,45494.6,45503.1,1189
2025-08-27 01:00:00+00:00,45504.1,45530.1,45503.1,45525.1,1041
2025-08-27 02:00:00+00:00,45525.5,45534.1,45515.0,45525.1,651
2025-08-27 03:00:00+00:00,45524.5,45538.1,45524.1,45535.1,490
2025-08-27 04:00:00+00:00,45535.6,45539.1,45526.6,45527.1,424
2025-08-27 05:00:00+00:00,45526.6,45528.1,45495.5,45500.5,718
2025-08-27 06:00:00+00:00,45498.8,45527.3,45488.8,45497.8,1451
2025-08-27 07:00:00+00:00,45496.8,45529.8,45460.8,45503.8,3605
2025-08-27 08:00:00+00:00,45503.3,45542.3,45466.3,45491.8,3564
2025-08-27 09:00:00+00:00,45491.3,45527.8,45489.8,45509.8,1806
2025-08-27 10:00:00+00:00,45511.3,45522.8,45497.3,45504.8,1432
2025-08-27 11:00:00+00:00,45504.3,45523.8,45498.8,45505.8,1488
2025-08-27 12:00:00+00:00,45505.3,45529.8,45469.8,45487.8,4666
2025-08-27 13:00:00+00:00,45487.3,45631.8,45448.4,45574.4,26733
2025-08-27 14:00:00+00:00,45574.9,45614.4,45544.9,45574.4,23716
2025-08-27 15:00:00+00:00,45573.9,45628.9,45573.9,45587.4,12896
2025-08-27 16:00:00+00:00,45588.4,45610.4,45549.4,45593.4,13020
2025-08-27 17:00:00+00:00,45592.4,45655.4,45563.4,45640.4,8925
2025-08-27 18:00:00+00:00,45639.4,45685.9,45617.9,45673.4,8791
2025-08-27 19:00:00+00:00,45672.9,45698.4,45619.4,45635.9,15965
2025-08-27 20:00:00+00:00,45638.1,45688.0,45506.5,45654.5,15726
2025-08-27 22:00:00+00:00,45667.0,45669.5,45606.0,45628.1,2843
2025-08-27 23:00:00+00:00,45629.0,45639.5,45605.6,45623.5,1763
2025-08-28 00:00:00+00:00,45623.1,45654.1,45592.1,45650.1,3769
2025-08-28 01:00:00+00:00,45650.5,45699.1,45640.1,45696.1,2118
2025-08-28 02:00:00+00:00,45696.5,45718.6,45690.6,45705.1,1409
2025-08-28 03:00:00+00:00,45705.5,45737.5,45701.5,45729.1,1285
2025-08-28 04:00:00+00:00,45728.6,45729.5,45701.1,45707.1,1067
2025-08-28 05:00:00+00:00,45706.1,45723.5,45690.1,45695.5,1483
2025-08-28 06:00:00+00:00,45694.8,45775.3,45691.8,45743.3,3498
2025-08-28 07:00:00+00:00,45742.8,45802.8,45737.3,45801.8,4611
2025-08-28 08:00:00+00:00,45800.8,45800.8,45728.8,45737.8,4032
2025-08-28 09:00:00+00:00,45737.3,45753.3,45717.3,45737.8,1723
2025-08-28 10:00:00+00:00,45737.3,45739.8,45677.8,45708.8,2114
2025-08-28 11:00:00+00:00,45708.3,45713.8,45685.3,45708.8,2843
2025-08-28 12:00:00+00:00,45708.3,45724.3,45670.3,45691.8,6491
2025-08-28 13:00:00+00:00,45690.8,45726.8,45526.4,45581.8,38221
2025-08-28 14:00:00+00:00,45581.4,45588.3,45502.4,45529.4,39748
2025-08-28 15:00:00+00:00,45529.9,45629.4,45506.9,45618.4,28901
2025-08-28 16:00:00+00:00,45618.9,45683.9,45611.9,45634.9,18023
2025-08-28 17:00:00+00:00,45635.9,45667.9,45612.9,45651.9,14797
2025-08-28 18:00:00+00:00,45652.4,45688.4,45620.9,45677.9,11618
2025-08-28 19:00:00+00:00,45678.4,45745.9,45669.9,45705.4,16297
2025-08-28 20:00:00+00:00,45707.6,45734.1,45649.6,45666.5,3917
2025-08-28 22:00:00+00:00,45658.0,45660.1,45629.5,45641.1,1293
2025-08-28 23:00:00+00:00,45640.5,45663.1,45635.6,45656.1,855
2025-08-29 00:00:00+00:00,45656.5,45682.6,45649.1,45657.1,1657
2025-08-29 01:00:00+00:00,45656.5,45664.6,45638.1,45646.5,1418
2025-08-29 02:00:00+00:00,45646.1,45648.1,45635.1,45642.1,781
2025-08-29 03:00:00+00:00,45642.5,45670.1,45640.0,45643.1,797
2025-08-29 04:00:00+00:00,45643.5,45649.1,45618.1,45622.5,550
2025-08-29 05:00:00+00:00,45623.1,45636.6,45618.5,45636.1,850
2025-08-29 06:00:00+00:00,45635.3,45645.8,45610.3,45611.3,1795
2025-08-29 07:00:00+00:00,45610.8,45636.8,45586.8,45589.3,3793
2025-08-29 08:00:00+00:00,45588.8,45595.3,45538.3,45543.3,5489
2025-08-29 09:00:00+00:00,45542.3,45565.8,45522.3,45552.8,3282
2025-08-29 10:00:00+00:00,45553.3,45568.8,45540.3,45563.8,2472
2025-08-29 11:00:00+00:00,45563.3,45578.8,45549.3,45560.3,2649
2025-08-29 12:00:00+00:00,45559.8,45628.3,45538.3,45607.3,8632
2025-08-29 13:00:00+00:00,45606.8,45688.9,45561.9,45585.3,32622
2025-08-29 14:00:00+00:00,45590.8,45610.4,45430.8,45507.4,57222
2025-08-29 15:00:00+00:00,45506.9,45567.4,45476.9,45495.8,30106
2025-08-29 16:00:00+00:00,45496.4,45592.9,45492.9,45572.4,16010
2025-08-29 17:00:00+00:00,45571.9,45627.9,45529.9,45597.4,17967
2025-08-29 18:00:00+00:00,45598.4,45600.9,45559.9,45582.4,11928
2025-08-29 19:00:00+00:00,45581.8,45639.4,45551.4,45611.4,22151
2025-08-29 20:00:00+00:00,45613.6,45641.1,45609.1,45631.1,3947
2025-08-31 22:00:00+00:00,45640.1,45713.1,45634.5,45712.5,1857
2025-08-31 23:00:00+00:00,45712.1,45737.1,45700.1,45711.1,1180
2025-09-01 00:00:00+00:00,45711.5,45751.5,45696.1,45729.5,2474
2025-09-01 01:00:00+00:00,45730.1,45730.1,45679.1,45684.1,2034
2025-09-01 02:00:00+00:00,45684.5,45686.1,45627.1,45643.1,2824
2025-09-01 03:00:00+00:00,45643.6,45665.1,45571.6,45603.5,3236
2025-09-01 04:00:00+00:00,45603.1,45627.6,45587.1,45607.5,2019
2025-09-01 05:00:00+00:00,45607.1,45616.1,45579.1,45592.5,2797
2025-09-01 06:00:00+00:00,45590.8,45634.8,45557.8,45602.3,5222
2025-09-01 07:00:00+00:00,45603.8,45636.3,45584.3,45623.3,6117
2025-09-01 08:00:00+00:00,45623.8,45689.8,45595.8,45665.8,4706
2025-09-01 09:00:00+00:00,45665.3,45665.3,45613.3,45624.3,2648
2025-09-01 10:00:00+00:00,45624.8,45641.3,45604.8,45621.8,2449
2025-09-01 11:00:00+00:00,45621.3,45627.3,45567.8,45577.3,2599
2025-09-01 12:00:00+00:00,45576.8,45584.3,45536.3,45564.3,2980
2025-09-01 13:00:00+00:00,45564.8,45619.9,45529.4,45612.4,4623
2025-09-01 14:00:00+00:00,45611.9,45627.4,45590.4,45625.4,2678
2025-09-01 15:00:00+00:00,45624.9,45662.9,45606.4,45628.9,2786
2025-09-01 16:00:00+00:00,45629.4,45649.4,45595.8,45639.3,1723
2025-09-01 22:00:00+00:00,45646.0,45649.5,45578.6,45585.5,843
2025-09-01 23:00:00+00:00,45586.5,45593.1,45548.5,45575.5,2018
2025-09-02 00:00:00+00:00,45576.1,45611.6,45567.0,45603.1,2861
2025-09-02 01:00:00+00:00,45602.6,45634.5,45588.1,45588.1,1768
2025-09-02 02:00:00+00:00,45589.5,45600.1,45549.5,45572.1,2511
2025-09-02 03:00:00+00:00,45571.5,45600.1,45559.1,45594.1,1379
2025-09-02 04:00:00+00:00,45594.5,45609.1,45583.1,45602.1,1101
2025-09-02 05:00:00+00:00,45602.5,45605.1,45553.1,45554.1,2509
2025-09-02 06:00:00+00:00,45553.3,45593.8,45546.8,45582.8,3001
2025-09-02 07:00:00+00:00,45582.3,45584.3,45296.3,45312.3,19969
2025-09-02 08:00:00+00:00,45312.8,45446.8,45302.8,45428.8,11796
2025-09-02 09:00:00+00:00,45428.3,45447.8,45407.8,45422.8,4959
2025-09-02 10:00:00+00:00,45423.3,45436.3,45311.3,45342.8,7901
2025-09-02 11:00:00+00:00,45343.3,45364.3,45325.8,45339.8,6706
2025-09-02 12:00:00+00:00,45339.3,45339.8,45108.3,45160.8,17294
2025-09-02 13:00:00+00:00,45160.3,45279.9,45002.4,45271.8,54312
2025-09-02 14:00:00+00:00,45269.3,45348.9,45192.4,45225.4,66065
2025-09-02 15:00:00+00:00,45225.8,45240.9,45050.9,45060.4,38648
2025-09-02 16:00:00+00:00,45059.9,45168.4,45041.4,45167.4,24378
2025-09-02 17:00:00+00:00,45167.9,45302.8,45161.9,45265.4,23899
2025-09-02 18:00:00+00:00,45264.4,45300.4,45159.9,45204.4,25552
2025-09-02 19:00:00+00:00,45203.8,45363.9,45201.8,45356.9,26043
2025-09-02 20:00:00+00:00,45358.1,45398.1,45310.1,45322.1,10790
2025-09-02 22:00:00+00:00,45322.5,45339.5,45280.1,45287.1,3107
2025-09-02 23:00:00+00:00,45288.1,45291.5,45264.1,45269.1,1484
2025-09-03 00:00:00+00:00,45268.6,45273.6,45244.1,45264.1,2266
2025-09-03 01:00:00+00:00,45263.1,45264.1,45213.6,45237.5,1966
2025-09-03 02:00:00+00:00,45237.1,45248.6,45212.5,45225.1,1447
2025-09-03 03:00:00+00:00,45224.5,45242.6,45192.6,45213.1,1785
2025-09-03 04:00:00+00:00,45213.5,45222.6,45204.5,45215.1,1033
2025-09-03 05:00:00+00:00,45214.1,45214.1,45165.6,45176.1,2086
2025-09-03 06:00:00+00:00,45174.3,45253.3,45172.3,45223.3,3308
2025-09-03 07:00:00+00:00,45222.8,45297.8,45180.3,45286.3,8040
2025-09-03 08:00:00+00:00,45286.8,45367.8,45284.8,45328.8,5693
2025-09-03 09:00:00+00:00,45329.8,45367.3,45301.3,45348.8,2994
2025-09-03 10:00:00+00:00,45347.8,45369.8,45339.8,45355.8,2869
2025-09-03 11:00:00+00:00,45355.3,45378.8,45312.8,45318.8,4372
2025-09-03 12:00:00+00:00,45319.3,45348.3,45234.8,45241.8,7348
2025-09-03 13:00:00+00:00,45241.3,45364.9,45159.4,45173.8,43478
2025-09-03 14:00:00+00:00,45176.8,45292.9,45130.8,45279.4,49276
2025-09-03 15:00:00+00:00,45278.9,45318.4,45175.9,45192.4,35563
2025-09-03 16:00:00+00:00,45191.9,45214.9,45105.9,45132.9,26395
2025-09-03 17:00:00+00:00,45133.4,45185.4,45036.4,45069.4,26443
2025-09-03 18:00:00+00:00,45070.4,45153.4,45051.9,45129.4,27638
2025-09-03 19:00:00+00:00,45128.9,45324.9,45094.4,45315.4,22891
2025-09-03 20:00:00+00:00,45316.6,45335.6,45243.1,45276.1,5827
2025-09-03 22:00:00+00:00,45248.5,45253.0,45229.1,45233.1,1440
2025-09-03 23:00:00+00:00,45233.5,45261.5,45227.1,45237.5,930
2025-09-04 00:00:00+00:00,45237.1,45325.1,45229.1,45295.1,4178
2025-09-04 01:00:00+00:00,45294.5,45302.5,45260.5,45276.5,2278
2025-09-04 02:00:00+00:00,45277.1,45314.5,45267.5,45276.0,2308
2025-09-04 03:00:00+00:00,45276.5,45287.5,45257.5,45267.5,1676
2025-09-04 04:00:00+00:00,45269.0,45316.5,45268.5,45309.5,1254
2025-09-04 05:00:00+00:00,45308.5,45325.6,45279.1,45292.5,1871
2025-09-04 06:00:00+00:00,45292.3,45313.8,45255.3,45256.8,3054
2025-09-04 07:00:00+00:00,45255.8,45331.3,45249.3,45307.3,5694
2025-09-04 08:00:00+00:00,45306.8,45306.8,45267.3,45280.3,3544
2025-09-04 09:00:00+00:00,45280.8,45317.8,45277.8,45314.8,2248
2025-09-04 10:00:00+00:00,45314.3,45351.3,45299.8,45318.8,3326
2025-09-04 11:00:00+00:00,45318.3,45353.3,45262.8,45279.8,3203
2025-09-04 12:00:00+00:00,45280.8,45323.3,45273.8,45312.3,6445
2025-09-04 13:00:00+00:00,45311.8,45402.9,45237.4,45396.3,29019
2025-09-04 14:00:00+00:00,45388.3,45479.9,45278.4,45467.4,35940
2025-09-04 15:00:00+00:00,45467.9,45567.9,45457.4,45537.9,21935
2025-09-04 16:00:00+00:00,45537.4,45575.9,45512.9,45531.4,15341
2025-09-04 17:00:00+00:00,45531.9,45652.4,45529.4,45644.4,12589
2025-09-04 18:00:00+00:00,45643.9,45687.3,45631.4,45646.4,10942
2025-09-04 19:00:00+00:00,45645.9,45710.9,45642.4,45686.9,17447
2025-09-04 20:00:00+00:00,45689.1,45720.6,45670.6,45702.0,4564
2025-09-04 22:00:00+00:00,45669.0,45703.0,45665.0,45700.1,1801
2025-09-04 23:00:00+00:00,45699.5,45705.1,45688.1,45691.5,938
2025-09-05 00:00:00+00:00,45691.1,45721.1,45686.1,45712.5,1696
2025-09-05 01:00:00+00:00,45712.1,45717.1,45694.1,45706.1,1129
2025-09-05 02:00:00+00:00,45706.6,45714.5,45698.1,45704.1,698
2025-09-05 03:00:00+00:00,45703.5,45704.1,45688.1,45703.1,496
2025-09-05 04:00:00+00:00,45703.5,45722.1,45701.1,45702.1,531
2025-09-05 05:00:00+00:00,45703.1,45748.1,45695.6,45738.1,1133
2025-09-05 06:00:00+00:00,45737.3,45764.8,45726.3,45737.8,2101
2025-09-05 07:00:00+00:00,45738.8,45751.3,45674.3,45709.8,4123
2025-09-05 08:00:00+00:00,45709.3,45715.8,45682.8,45685.8,2299
2025-09-05 09:00:00+00:00,45686.3,45692.8,45655.8,45656.8,1710
2025-09-05 10:00:00+00:00,45656.3,45680.3,45654.3,45665.8,1462
2025-09-05 11:00:00+00:00,45666.3,45686.8,45612.3,45612.3,2483
2025-09-05 12:00:00+00:00,45613.3,45701.3,45486.3,45694.8,20442
2025-09-05 13:00:00+00:00,45695.3,45833.4,45664.8,45760.4,49114
2025-09-05 14:00:00+00:00,45760.8,45765.4,45277.4,45297.4,93591
2025-09-05 15:00:00+00:00,45296.9,45479.4,45258.8,45402.4,59811
2025-09-05 16:00:00+00:00,45401.8,45477.9,45360.4,45455.4,42928
2025-09-05 17:00:00+00:00,45455.9,45463.9,45321.4,45349.9,36603
2025-09-05 18:00:00+00:00,45350.4,45465.9,45332.9,45454.4,23024
2025-09-05 19:00:00+00:00,45453.9,45518.4,45411.4,45467.4,28039
2025-09-05 20:00:00+00:00,45468.6,45472.1,45428.6,45446.1,2598
2025-09-07 22:00:00+00:00,45450.5,45538.1,45409.1,45522.5,3028
2025-09-07 23:00:00+00:00,45522.0,45563.6,45518.1,45546.5,3156
2025-09-08 00:00:00+00:00,45547.1,45562.1,45502.1,45503.1,3091
2025-09-08 01:00:00+00:00,45503.6,45527.6,45495.1,45510.6,2175
2025-09-08 02:00:00+00:00,45511.5,45513.5,45470.1,45491.5,1694
2025-09-08 03:00:00+00:00,45492.1,45523.5,45488.5,45508.1,1382
2025-09-08 04:00:00+00:00,45507.5,45511.5,45475.1,45482.5,1290
2025-09-08 05:00:00+00:00,45482.1,45506.5,45468.1,45475.5,1519
2025-09-08 06:00:00+00:00,45473.8,45533.8,45473.3,45510.8,3111
2025-09-08 07:00:00+00:00,45511.3,45578.8,45503.8,45530.8,4376
2025-09-08 08:00:00+00:00,45529.8,45559.3,45524.8,45539.8,3464
2025-09-08 09:00:00+00:00,45539.3,45544.8,45501.3,45531.8,2054
2025-09-08 10:00:00+00:00,45532.3,45542.3,45520.8,45532.3,2148
2025-09-08 11:00:00+00:00,45531.8,45550.3,45504.8,45505.8,2467
2025-09-08 12:00:00+00:00,45506.3,45549.3,45467.8,45538.3,3887
2025-09-08 13:00:00+00:00,45538.8,45569.3,45321.9,45373.9,36553
2025-09-08 14:00:00+00:00,45373.4,45523.4,45336.4,45512.4,35306
2025-09-08 15:00:00+00:00,45511.9,45560.9,45462.9,45498.4,21090
2025-09-08 16:00:00+00:00,45498.9,45504.4,45398.4,45462.4,20383
2025-09-08 17:00:00+00:00,45461.9,45477.4,45356.4,45382.4,16347
2025-09-08 18:00:00+00:00,45382.9,45522.4,45363.9,45510.4,14725
2025-09-08 19:00:00+00:00,45509.9,45587.9,45441.9,45576.4,20789
2025-09-08 20:00:00+00:00,45578.6,45594.1,45561.6,45587.5,2940
2025-09-08 22:00:00+00:00,45579.5,45633.1,45579.5,45631.1,1181
2025-09-08 23:00:00+00:00,45631.5,45641.0,45612.1,45613.5,889
2025-09-09 00:00:00+00:00,45614.1,45621.5,45585.1,45587.1,1793
2025-09-09 01:00:00+00:00,45586.1,45599.5,45561.1,45581.5,1803
2025-09-09 02:00:00+00:00,45582.1,45632.1,45582.1,45610.1,1380
2025-09-09 03:00:00+00:00,45610.6,45634.5,45608.1,45626.1,1025
2025-09-09 04:00:00+00:00,45626.5,45627.1,45606.6,45615.1,672
2025-09-09 05:00:00+00:00,45614.1,45622.6,45580.1,45610.1,1665
2025-09-09 06:00:00+00:00,45608.3,45646.3,45602.8,45629.8,2638
2025-09-09 07:00:00+00:00,45630.3,45668.3,45594.8,45601.8,3981
2025-09-09 08:00:00+00:00,45601.3,45614.8,45567.3,45580.3,4348
2025-09-09 09:00:00+00:00,45579.8,45597.3,45566.3,45579.8,2597
2025-09-09 10:00:00+00:00,45580.3,45593.8,45551.3,45561.3,2141
2025-09-09 11:00:00+00:00,45561.8,45642.8,45547.3,45624.8,3517
2025-09-09 12:00:00+00:00,45625.8,45635.3,45597.3,45622.3,3277
2025-09-09 13:00:00+00:00,45622.8,45626.8,45507.4,45556.8,34472
2025-09-09 14:00:00+00:00,45557.4,45629.4,45471.4,45591.4,52797
2025-09-09 15:00:00+00:00,45591.8,45735.9,45581.9,45603.4,27259
2025-09-09 16:00:00+00:00,45602.9,45686.9,45571.4,45663.9,17833
2025-09-09 17:00:00+00:00,45664.4,45783.4,45645.9,45763.4,15531
2025-09-09 18:00:00+00:00,45763.9,45807.9,45748.4,45751.4,12823
2025-09-09 19:00:00+00:00,45750.4,45808.9,45703.4,45755.4,16403
2025-09-09 20:00:00+00:00,45757.6,45762.1,45695.1,45704.1,6328
2025-09-09 22:00:00+00:00,45690.0,45715.6,45672.5,45699.1,2022
2025-09-09 23:00:00+00:00,45700.1,45701.1,45649.6,45657.1,1880
2025-09-10 00:00:00+00:00,45656.5,45701.1,45650.1,45687.6,2009
2025-09-10 01:00:00+00:00,45688.1,45724.1,45678.1,45709.1,1911
2025-09-10 02:00:00+00:00,45709.5,45716.5,45687.1,45711.1,1315
2025-09-10 03:00:00+00:00,45709.1,45717.6,45703.5,45712.5,687
2025-09-10 04:00:00+00:00,45713.1,45731.6,45711.1,45729.1,587
2025-09-10 05:00:00+00:00,45729.5,45729.6,45704.5,45716.1,1198
2025-09-10 06:00:00+00:00,45715.8,45719.8,45689.8,45699.8,2142
2025-09-10 07:00:00+00:00,45699.3,45747.8,45680.8,45727.3,4279
2025-09-10 08:00:00+00:00,45726.3,45749.3,45650.3,45665.8,4343
2025-09-10 09:00:00+00:00,45666.8,45676.8,45621.8,45673.3,3750
2025-09-10 10:00:00+00:00,45673.8,45707.3,45668.8,45705.8,2149
2025-09-10 11:00:00+00:00,45706.3,45714.8,45677.3,45688.3,2691
2025-09-10 12:00:00+00:00,45688.8,45845.3,45667.3,45757.8,13659
2025-09-10 13:00:00+00:00,45757.3,45792.3,45625.4,45669.4,45362
2025-09-10 14:00:00+00:00,45670.4,45731.4,45514.4,45514.9,40897
2025-09-10 15:00:00+00:00,45515.4,45571.9,45415.9,45540.4,29001
2025-09-10 16:00:00+00:00,45540.9,45594.4,45445.9,45532.9,20200
2025-09-10 17:00:00+00:00,45532.4,45585.4,45465.9,45505.4,19311
2025-09-10 18:00:00+00:00,45504.9,45568.4,45478.9,45554.9,20414
2025-09-10 19:00:00+00:00,45553.9,45574.9,45422.9,45536.9,29212
2025-09-10 20:00:00+00:00,45539.1,45555.1,45505.1,45526.6,4195
2025-09-10 22:00:00+00:00,45506.5,45582.1,45506.0,45561.5,1238
2025-09-10 23:00:00+00:00,45561.1,45593.1,45554.6,45571.1,1433
2025-09-11 00:00:00+00:00,45570.6,45584.1,45537.1,45574.1,2530
2025-09-11 01:00:00+00:00,45573.1,45589.1,45564.1,45588.1,1849
2025-09-11 02:00:00+00:00,45587.6,45591.1,45568.1,45579.1,1257
2025-09-11 03:00:00+00:00,45579.5,45582.1,45571.1,45574.1,886
2025-09-11 04:00:00+00:00,45573.5,45582.1,45543.1,45545.1,1333
2025-09-11 05:00:00+00:00,45546.6,45560.5,45520.1,45536.5,2025
2025-09-11 06:00:00+00:00,45534.8,45598.8,45525.3,45583.3,2503
2025-09-11 07:00:00+00:00,45583.8,45596.3,45557.8,45585.8,4647
2025-09-11 08:00:00+00:00,45584.8,45591.3,45559.8,45569.3,2716
2025-09-11 09:00:00+00:00,45569.8,45603.8,45560.3,45601.8,1717
2025-09-11 10:00:00+00:00,45602.8,45633.8,45598.3,45628.8,1914
2025-09-11 11:00:00+00:00,45630.8,45641.3,45606.3,45616.3,2250
2025-09-11 12:00:00+00:00,45614.8,45678.8,45533.3,45676.8,19473
2025-09-11 13:00:00+00:00,45676.3,45973.4,45600.9,45961.4,40747
2025-09-11 14:00:00+00:00,45961.9,46117.9,45951.4,46076.4,39493
2025-09-11 15:00:00+00:00,46075.9,46138.4,46040.9,46088.9,24513
2025-09-11 16:00:00+00:00,46088.4,46140.4,46079.9,46114.4,17444
2025-09-11 17:00:00+00:00,46114.9,46154.4,46094.9,46149.8,15649
2025-09-11 18:00:00+00:00,46150.4,46174.4,46109.9,46113.4,14129
2025-09-11 19:00:00+00:00,46112.9,46178.4,46103.9,46138.4,17973
2025-09-11 20:00:00+00:00,46139.6,46158.6,46127.1,46147.1,3014
2025-09-11 22:00:00+00:00,46162.5,46167.0,46144.6,46147.1,1635
2025-09-11 23:00:00+00:00,46147.5,46164.1,46141.6,46147.6,884
2025-09-12 00:00:00+00:00,46147.1,46164.6,46133.5,46152.1,1497
2025-09-12 01:00:00+00:00,46153.1,46154.5,46114.1,46118.1,1235
2025-09-12 02:00:00+00:00,46118.5,46148.6,46112.5,46141.1,1042
2025-09-12 03:00:00+00:00,46141.6,46155.1,46134.5,46150.1,689
2025-09-12 04:00:00+00:00,46151.1,46160.6,46138.1,46142.1,695
2025-09-12 05:00:00+00:00,46142.5,46153.5,46131.1,46147.6,891
2025-09-12 06:00:00+00:00,46146.8,46146.8,46078.3,46100.3,2161
2025-09-12 07:00:00+00:00,46100.8,46121.8,46060.3,46066.8,4071
2025-09-12 08:00:00+00:00,46067.3,46076.8,46011.3,46063.8,4067
2025-09-12 09:00:00+00:00,46063.3,46072.8,46040.3,46047.8,2234
2025-09-12 10:00:00+00:00,46048.3,46065.3,46038.8,46063.8,1594
2025-09-12 11:00:00+00:00,46063.3,46071.3,46019.8,46027.8,2053
2025-09-12 12:00:00+00:00,46028.3,46062.3,46019.8,46061.8,4375
2025-09-12 13:00:00+00:00,46061.3,46096.9,45992.4,46073.3,25492
2025-09-12 14:00:00+00:00,46074.8,46088.4,45934.4,45990.4,28180
2025-09-12 15:00:00+00:00,45989.9,45990.4,45907.9,45938.4,18512
2025-09-12 16:00:00+00:00,45938.9,45952.9,45907.4,45929.4,12732
2025-09-12 17:00:00+00:00,45930.3,45967.9,45911.8,45930.9,10343
2025-09-12 18:00:00+00:00,45930.4,45985.3,45918.4,45940.4,10192
2025-09-12 19:00:00+00:00,45940.9,45960.9,45831.9,45854.4,22674
2025-09-12 20:00:00+00:00,45855.6,45872.6,45844.1,45862.6,2558
2025-09-14 22:00:00+00:00,45874.5,45884.5,45844.5,45879.0,510
2025-09-14 23:00:00+00:00,45878.5,45882.6,45850.5,45864.0,1127
2025-09-15 00:00:00+00:00,45865.0,45869.0,45836.6,45864.0,2576
2025-09-15 01:00:00+00:00,45864.5,45888.5,45864.5,45886.0,1619
2025-09-15 02:00:00+00:00,45885.5,45894.5,45877.0,45892.5,667
2025-09-15 03:00:00+00:00,45893.1,45899.5,45879.5,45881.5,450
2025-09-15 04:00:00+00:00,45881.0,45897.5,45881.0,45897.5,486
2025-09-15 05:00:00+00:00,45896.5,45910.1,45884.1,45907.5,921
2025-09-15 06:00:00+00:00,45906.8,45936.3,45904.8,45925.8,2445
2025-09-15 07:00:00+00:00,45925.3,45944.8,45913.8,45941.8,3714
2025-09-15 08:00:00+00:00,45940.8,45973.8,45839.8,45952.8,7194
2025-09-15 09:00:00+00:00,45952.3,45967.8,45944.8,45953.3,4118
2025-09-15 10:00:00+00:00,45953.8,45964.3,45917.8,45941.3,2444
2025-09-15 11:00:00+00:00,45941.8,45943.3,45911.3,45940.8,3622
2025-09-15 12:00:00+00:00,45940.3,45975.3,45935.8,45964.8,4085
2025-09-15 13:00:00+00:00,45964.3,45977.9,45832.4,45955.8,26323
2025-09-15 14:00:00+00:00,45955.4,46009.4,45859.4,45973.4,27965
2025-09-15 15:00:00+00:00,45973.9,45978.4,45798.4,45838.8,19448
2025-09-15 16:00:00+00:00,45839.4,45915.8,45827.8,45866.4,14316
2025-09-15 17:00:00+00:00,45865.9,45918.4,45819.4,45902.4,13941
2025-09-15 18:00:00+00:00,45901.8,45906.4,45826.4,45886.4,18659
2025-09-15 19:00:00+00:00,45886.8,45931.9,45856.3,45922.9,22327
2025-09-15 20:00:00+00:00,45925.6,45926.6,45884.5,45890.5,4015
2025-09-15 22:00:00+00:00,45894.0,45898.5,45870.1,45874.0,988
2025-09-15 23:00:00+00:00,45873.5,45921.1,45873.5,45909.0,1199
2025-09-16 00:00:00+00:00,45909.5,45909.5,45884.0,45898.5,1430
2025-09-16 01:00:00+00:00,45899.5,45919.6,45890.5,45901.5,1358
2025-09-16 02:00:00+00:00,45900.5,45935.0,45897.5,45919.5,1460
2025-09-16 03:00:00+00:00,45920.0,45959.6,45917.5,45952.1,997
2025-09-16 04:00:00+00:00,45952.5,45952.5,45938.5,45948.0,645
2025-09-16 05:00:00+00:00,45947.0,45972.5,45939.5,45964.0,1310
2025-09-16 06:00:00+00:00,45962.3,45974.3,45917.3,45920.3,1898
2025-09-16 07:00:00+00:00,45920.8,45963.3,45911.3,45960.8,5342
2025-09-16 08:00:00+00:00,45960.3,45960.3,45911.8,45943.3,4181
2025-09-16 09:00:00+00:00,45943.8,45961.8,45900.3,45910.8,2434
2025-09-16 10:00:00+00:00,45910.3,45938.3,45896.8,45922.3,3064
2025-09-16 11:00:00+00:00,45921.8,45927.8,45900.3,45911.3,2269
2025-09-16 12:00:00+00:00,45911.8,45919.8,45853.8,45865.3,3646
2025-09-16 13:00:00+00:00,45865.8,45990.4,45759.3,45779.3,29087
2025-09-16 14:00:00+00:00,45779.8,45802.8,45681.9,45736.8,34655
2025-09-16 15:00:00+00:00,45737.8,45795.9,45697.4,45784.8,23121
2025-09-16 16:00:00+00:00,45785.4,45815.4,45765.4,45798.4,14434
2025-09-16 17:00:00+00:00,45797.8,45821.8,45763.4,45797.4,12431
2025-09-16 18:00:00+00:00,45796.9,45843.8,45766.8,45824.4,10856
2025-09-16 19:00:00+00:00,45824.8,45831.9,45738.4,45788.9,19285
2025-09-16 20:00:00+00:00,45791.1,45836.0,45789.1,45814.0,2722
2025-09-16 22:00:00+00:00,45800.0,45839.0,45793.0,45829.5,886
2025-09-16 23:00:00+00:00,45830.0,45837.5,45810.5,45827.1,709
2025-09-17 00:00:00+00:00,45826.5,45837.0,45802.1,45809.1,1626
2025-09-17 01:00:00+00:00,45808.5,45815.0,45776.5,45781.0,1893
2025-09-17 02:00:00+00:00,45780.5,45789.0,45741.5,45759.5,1243
2025-09-17 03:00:00+00:00,45759.0,45762.1,45749.0,45758.1,773
2025-09-17 04:00:00+00:00,45759.0,45771.5,45749.5,45764.5,950
2025-09-17 05:00:00+00:00,45765.0,45771.5,45746.0,45766.5,1159
2025-09-17 06:00:00+00:00,45765.8,45793.3,45739.8,45783.3,1629
2025-09-17 07:00:00+00:00,45782.8,45798.8,45755.3,45787.3,3098
2025-09-17 08:00:00+00:00,45786.8,45803.3,45742.3,45794.3,3755
2025-09-17 09:00:00+00:00,45795.8,45817.3,45784.3,45798.3,1165
2025-09-17 10:00:00+00:00,45797.8,45816.8,45780.8,45787.3,2648
2025-09-17 11:00:00+00:00,45786.8,45817.8,45769.3,45806.8,1895
2025-09-17 12:00:00+00:00,45807.3,45862.3,45800.3,45857.3,2248
2025-09-17 13:00:00+00:00,45857.8,46098.4,45828.3,46048.8,25735
2025-09-17 14:00:00+00:00,46049.3,46113.8,45965.4,46082.8,25541
2025-09-17 15:00:00+00:00,46083.3,46126.8,46055.9,46122.4,14310
2025-09-17 16:00:00+00:00,46121.4,46126.8,45963.8,45972.4,13892
2025-09-17 17:00:00+00:00,45971.8,46064.3,45970.4,46058.8,11301
2025-09-17 18:00:00+00:00,46063.3,46291.8,45703.8,45938.8,36263
2025-09-17 19:00:00+00:00,45937.8,46092.8,45890.8,46031.4,32999
2025-09-17 20:00:00+00:00,46033.5,46073.0,46006.5,46052.0,5398
2025-09-17 21:00:00+00:00,46393.0,46393.0,46393.0,46393.0,12
2025-09-17 22:00:00+00:00,46393.5,46504.6,46381.5,46488.1,1888
2025-09-17 23:00:00+00:00,46487.5,46536.0,46486.1,46500.1,1751
2025-09-18 00:00:00+00:00,46500.5,46500.5,46447.1,46455.1,2326
2025-09-18 01:00:00+00:00,46455.5,46494.5,46454.1,46489.1,1954
2025-09-18 02:00:00+00:00,46489.5,46514.6,46475.1,46502.1,1204
2025-09-18 03:00:00+00:00,46501.6,46529.1,46491.1,46503.5,1674
2025-09-18 04:00:00+00:00,46504.1,46525.1,46494.1,46522.1,1205
2025-09-18 05:00:00+00:00,46521.6,46526.6,46475.6,46502.1,1848
2025-09-18 06:00:00+00:00,46499.8,46527.8,46455.3,46521.8,3578
2025-09-18 07:00:00+00:00,46522.3,46600.8,46510.8,46592.3,5325
2025-09-18 08:00:00+00:00,46592.8,46709.3,46566.3,46694.3,6018
2025-09-18 09:00:00+00:00,46694.8,46723.3,46672.8,46686.8,4039
2025-09-18 10:00:00+00:00,46687.8,46704.8,46636.3,46661.3,2652
2025-09-18 11:00:00+00:00,46662.3,46703.8,46603.3,46619.8,5178
2025-09-18 12:00:00+00:00,46620.3,46626.3,46458.8,46458.8,6539
2025-09-18 13:00:00+00:00,46459.3,46460.8,46299.4,46428.4,54275
2025-09-18 14:00:00+00:00,46427.9,46681.4,46423.4,46496.8,45117
2025-09-18 15:00:00+00:00,46497.4,46569.4,46414.4,46458.4,31839
2025-09-18 16:00:00+00:00,46457.4,46633.4,46443.4,46627.4,21574
2025-09-18 17:00:00+00:00,46627.9,46643.9,46501.4,46519.4,20430
2025-09-18 18:00:00+00:00,46519.9,46562.4,46451.4,46543.4,15617
2025-09-18 19:00:00+00:00,46542.9,46569.4,46461.4,46509.9,22872
2025-09-18 20:00:00+00:00,46512.1,46556.5,46499.1,46553.1,3676
2025-09-18 22:00:00+00:00,46552.5,46612.1,46552.5,46595.5,1442
2025-09-18 23:00:00+00:00,46596.1,46607.6,46586.6,46588.1,1293
2025-09-19 00:00:00+00:00,46588.5,46611.1,46526.1,46550.1,3157
2025-09-19 01:00:00+00:00,46549.1,46582.6,46538.1,46574.5,2463
2025-09-19 02:00:00+00:00,46575.1,46583.5,46535.1,46547.1,1722
2025-09-19 03:00:00+00:00,46547.5,46597.1,46545.1,46563.1,3330
2025-09-19 04:00:00+00:00,46563.5,46566.5,46508.5,46556.5,4402
2025-09-19 05:00:00+00:00,46558.1,46562.5,46489.6,46506.1,2780
2025-09-19 06:00:00+00:00,46504.3,46516.8,46431.3,46442.8,6200
2025-09-19 07:00:00+00:00,46442.3,46492.8,46399.3,46481.8,8608
2025-09-19 08:00:00+00:00,46482.3,46534.8,46459.8,46515.3,4042
2025-09-19 09:00:00+00:00,46515.8,46531.8,46494.3,46499.8,3299
2025-09-19 10:00:00+00:00,46500.3,46512.8,46477.8,46502.8,3105
2025-09-19 11:00:00+00:00,46502.3,46539.3,46488.8,46535.8,3710
2025-09-19 12:00:00+00:00,46535.3,46588.8,46530.3,46567.8,5185
2025-09-19 13:00:00+00:00,46568.3,46688.8,46453.8,46539.4,36789
2025-09-19 14:00:00+00:00,46538.9,46598.4,46475.9,46513.4,36026
2025-09-19 15:00:00+00:00,46513.9,46551.4,46438.4,46513.9,23272
2025-09-19 16:00:00+00:00,46514.4,46629.4,46506.4,46606.4,16275
2025-09-19 17:00:00+00:00,46606.9,46660.9,46572.9,46652.9,11753
2025-09-19 18:00:00+00:00,46652.4,46657.4,46604.9,46654.4,11664
2025-09-19 19:00:00+00:00,46653.9,46739.9,46641.9,46652.9,23431
2025-09-19 20:00:00+00:00,46655.1,46664.1,46612.1,46619.1,3350
2025-09-21 22:00:00+00:00,46631.0,46638.0,46585.1,46602.6,1465
2025-09-21 23:00:00+00:00,46603.1,46607.5,46576.1,46581.1,936
2025-09-22 00:00:00+00:00,46580.5,46608.1,46548.1,46556.1,2970
2025-09-22 01:00:00+00:00,46556.5,46588.6,46552.1,46569.1,2204
2025-09-22 02:00:00+00:00,46569.5,46580.6,46559.5,46575.1,1091
2025-09-22 03:00:00+00:00,46574.6,46611.1,46564.1,46604.1,994
2025-09-22 04:00:00+00:00,46604.6,46611.1,46582.5,46583.5,711
2025-09-22 05:00:00+00:00,46584.1,46604.6,46583.1,46583.1,1043
2025-09-22 06:00:00+00:00,46582.3,46587.3,46554.8,46562.8,2284
2025-09-22 07:00:00+00:00,46562.3,46579.3,46461.8,46510.8,7216
2025-09-22 08:00:00+00:00,46509.8,46555.8,46488.3,46521.8,3795
2025-09-22 09:00:00+00:00,46522.3,46530.3,46487.8,46499.8,3245
2025-09-22 10:00:00+00:00,46499.3,46538.3,46496.3,46497.8,2232
2025-09-22 11:00:00+00:00,46497.3,46503.8,46469.8,46496.3,2801
2025-09-22 12:00:00+00:00,46495.8,46497.8,46439.8,46449.8,3290
2025-09-22 13:00:00+00:00,46449.3,46548.9,46363.9,46541.4,26578
2025-09-22 14:00:00+00:00,46541.8,46675.4,46489.4,46671.9,25771
2025-09-22 15:00:00+00:00,46672.4,46721.9,46645.4,46673.9,18447
2025-09-22 16:00:00+00:00,46674.4,46719.9,46646.9,46710.4,18023
2025-09-22 17:00:00+00:00,46709.9,46768.9,46686.4,46711.4,10563
2025-09-22 18:00:00+00:00,46710.9,46750.4,46682.9,46744.4,9816
2025-09-22 19:00:00+00:00,46744.9,46784.9,46717.9,46718.9,14760
2025-09-22 20:00:00+00:00,46721.1,46725.6,46686.1,46707.0,3050
2025-09-22 22:00:00+00:00,46704.0,46716.1,46688.5,46704.1,1205
2025-09-22 23:00:00+00:00,46703.5,46738.6,46698.1,46722.6,860
2025-09-23 00:00:00+00:00,46724.1,46742.1,46710.1,46728.1,1498
2025-09-23 01:00:00+00:00,46727.5,46755.1,46725.1,46734.6,1407
2025-09-23 02:00:00+00:00,46735.1,46751.1,46729.1,46731.1,1029
2025-09-23 03:00:00+00:00,46730.5,46745.1,46727.1,46727.1,583
2025-09-23 04:00:00+00:00,46727.5,46729.1,46699.1,46710.1,819
2025-09-23 05:00:00+00:00,46709.6,46762.6,46704.5,46735.1,1318
2025-09-23 06:00:00+00:00,46734.3,46754.3,46722.3,46750.8,1862
2025-09-23 07:00:00+00:00,46751.3,46753.8,46717.8,46731.3,4258
2025-09-23 08:00:00+00:00,46730.8,46782.3,46714.8,46779.8,2934
2025-09-23 09:00:00+00:00,46780.3,46797.8,46761.8,46782.8,1616
2025-09-23 10:00:00+00:00,46785.3,46789.8,46729.8,46761.8,1845
2025-09-23 11:00:00+00:00,46760.8,46778.3,46741.8,46772.8,2185
2025-09-23 12:00:00+00:00,46773.3,46783.8,46760.8,46773.8,2721
2025-09-23 13:00:00+00:00,46774.3,47032.4,46759.8,47028.4,31619
2025-09-23 14:00:00+00:00,47027.8,47056.4,46886.4,46924.4,35229
2025-09-23 15:00:00+00:00,46923.9,46939.4,46749.4,46750.4,23355
2025-09-23 16:00:00+00:00,46750.9,46797.4,46700.9,46725.4,23119
2025-09-23 17:00:00+00:00,46725.9,46743.4,46545.9,46607.4,42956
2025-09-23 18:00:00+00:00,46607.9,46636.4,46552.4,46575.4,29143
2025-09-23 19:00:00+00:00,46574.9,46684.9,46572.9,46640.4,26087
2025-09-23 20:00:00+00:00,46641.6,46659.1,46632.1,46652.1,2762
2025-09-23 22:00:00+00:00,46652.0,46681.5,46650.0,46666.5,895
2025-09-23 23:00:00+00:00,46667.1,46668.1,46655.5,46659.1,712
2025-09-24 00:00:00+00:00,46658.5,46682.1,46620.5,46673.5,2310
2025-09-24 01:00:00+00:00,46673.1,46677.6,46642.5,46659.1,2004
2025-09-24 02:00:00+00:00,46659.5,46681.1,46650.5,46678.1,1491
2025-09-24 03:00:00+00:00,46677.6,46687.6,46668.1,46687.1,883
2025-09-24 04:00:00+00:00,46686.5,46704.6,46681.1,46700.1,905
2025-09-24 05:00:00+00:00,46699.6,46714.1,46693.1,46714.1,900
2025-09-24 06:00:00+00:00,46713.3,46730.8,46701.8,46707.8,1822
2025-09-24 07:00:00+00:00,46708.3,46716.8,46623.3,46694.3,4552
2025-09-24 08:00:00+00:00,46694.8,46695.3,46627.3,46645.8,3205
2025-09-24 09:00:00+00:00,46646.3,46667.8,46632.8,46648.8,1804
2025-09-24 10:00:00+00:00,46649.3,46655.8,46616.8,46643.8,1849
2025-09-24 11:00:00+00:00,46644.3,46684.3,46644.3,46666.8,2344
2025-09-24 12:00:00+00:00,46666.3,46714.8,46662.8,46713.8,3335
2025-09-24 13:00:00+00:00,46713.3,46789.9,46639.9,46684.3,28348
2025-09-24 14:00:00+00:00,46684.8,46712.9,46635.4,46653.4,32770
2025-09-24 15:00:00+00:00,46652.9,46670.4,46452.9,46471.9,31176
2025-09-24 16:00:00+00:00,46472.4,46536.9,46433.9,46483.4,29875
2025-09-24 17:00:00+00:00,46483.8,46549.9,46434.9,46457.4,20726
2025-09-24 18:00:00+00:00,46457.9,46490.9,46415.9,46478.4,18488
2025-09-24 19:00:00+00:00,46477.9,46478.4,46428.9,46438.9,19720
2025-09-24 20:00:00+00:00,46441.1,46503.6,46440.1,46488.5,2893
2025-09-24 22:00:00+00:00,46484.5,46494.5,46465.5,46482.1,1031
2025-09-24 23:00:00+00:00,46481.5,46493.1,46465.1,46491.1,795
2025-09-25 00:00:00+00:00,46491.5,46521.1,46486.5,46510.1,2073
2025-09-25 01:00:00+00:00,46509.5,46530.6,46501.1,46515.5,1207
2025-09-25 02:00:00+00:00,46515.1,46527.1,46510.6,46526.1,801
2025-09-25 03:00:00+00:00,46525.5,46536.1,46517.1,46534.6,559
2025-09-25 04:00:00+00:00,46535.1,46542.1,46497.1,46504.6,819
2025-09-25 05:00:00+00:00,46505.1,46505.6,46477.1,46497.1,1342
2025-09-25 06:00:00+00:00,46496.3,46503.8,46432.3,46443.8,2205
2025-09-25 07:00:00+00:00,46444.3,46475.8,46385.8,46453.3,5898
2025-09-25 08:00:00+00:00,46452.8,46494.8,46439.3,46460.8,3708
2025-09-25 09:00:00+00:00,46460.3,46491.3,46453.3,46482.8,3790
2025-09-25 10:00:00+00:00,46483.3,46495.3,46437.8,46448.8,3784
2025-09-25 11:00:00+00:00,46448.3,46451.8,46353.8,46365.3,8232
2025-09-25 12:00:00+00:00,46364.8,46418.3,46273.3,46313.8,11187
2025-09-25 13:00:00+00:00,46313.3,46386.3,46199.9,46254.4,56415
2025-09-25 14:00:00+00:00,46253.8,46445.9,46234.4,46428.4,46805
2025-09-25 15:00:00+00:00,46427.9,46431.9,46265.9,46368.9,36002
2025-09-25 16:00:00+00:00,46368.4,46389.4,46304.9,46315.4,27181
2025-09-25 17:00:00+00:00,46315.8,46347.4,46159.4,46160.4,32847
2025-09-25 18:00:00+00:00,46160.9,46297.9,46099.4,46271.9,37568
2025-09-25 19:00:00+00:00,46272.4,46301.4,46213.4,46273.4,24947
2025-09-25 20:00:00+00:00,46275.6,46314.6,46262.6,46280.6,3875
2025-09-25 22:00:00+00:00,46277.1,46322.0,46260.5,46275.5,1057
2025-09-25 23:00:00+00:00,46275.1,46284.1,46249.1,46266.5,1917
2025-09-26 00:00:00+00:00,46265.1,46294.1,46246.6,46289.1,2944
2025-09-26 01:00:00+00:00,46288.6,46298.1,46255.1,46273.1,3439
2025-09-26 02:00:00+00:00,46274.1,46322.1,46269.1,46295.5,2279
2025-09-26 03:00:00+00:00,46295.1,46298.1,46249.1,46279.1,2221
2025-09-26 04:00:00+00:00,46278.5,46294.6,46237.1,46242.1,2616
2025-09-26 05:00:00+00:00,46243.1,46292.1,46238.1,46291.1,2510
2025-09-26 06:00:00+00:00,46290.8,46367.8,46283.8,46335.8,5021
2025-09-26 07:00:00+00:00,46335.3,46383.8,46308.8,46367.8,6543
2025-09-26 08:00:00+00:00,46367.3,46393.8,46339.8,46343.8,5071
2025-09-26 09:00:00+00:00,46344.8,46360.3,46319.8,46346.8,4917
2025-09-26 10:00:00+00:00,46347.3,46350.8,46315.3,46328.8,3228
2025-09-26 11:00:00+00:00,46328.3,46345.8,46299.8,46336.8,4033
2025-09-26 12:00:00+00:00,46336.3,46509.8,46329.3,46489.8,11198
2025-09-26 13:00:00+00:00,46490.3,46644.9,46415.4,46641.3,38924
2025-09-26 14:00:00+00:00,46639.3,46667.8,46345.4,46378.4,64147
2025-09-26 15:00:00+00:00,46378.9,46503.4,46348.4,46408.4,43559
2025-09-26 16:00:00+00:00,46408.8,46607.4,46398.8,46597.4,29830
2025-09-26 17:00:00+00:00,46597.9,46634.4,46556.8,46603.9,17094
2025-09-26 18:00:00+00:00,46603.4,46648.4,46566.4,46618.9,16091
2025-09-26 19:00:00+00:00,46618.4,46625.4,46528.4,46550.4,20302
2025-09-26 20:00:00+00:00,46551.6,46609.1,46550.1,46608.6,2529
2025-09-28 22:00:00+00:00,46572.0,46611.1,46564.0,46595.5,1337
2025-09-28 23:00:00+00:00,46595.1,46625.5,46592.5,46609.5,1348
2025-09-29 00:00:00+00:00,46610.1,46647.1,46596.1,46633.5,2840
2025-09-29 01:00:00+00:00,46633.1,46656.1,46614.6,46652.1,2489
2025-09-29 02:00:00+00:00,46651.6,46669.1,46641.1,46666.1,1426
2025-09-29 03:00:00+00:00,46665.1,46686.6,46658.6,46675.1,1105
2025-09-29 04:00:00+00:00,46674.6,46696.6,46670.1,46682.1,1090
2025-09-29 05:00:00+00:00,46683.1,46694.1,46663.1,46667.1,1383
2025-09-29 06:00:00+00:00,46666.3,46725.8,46659.8,46707.8,2954
2025-09-29 07:00:00+00:00,46708.3,46744.8,46667.8,46717.8,4598
2025-09-29 08:00:00+00:00,46717.3,46738.3,46688.8,46729.8,3769
2025-09-29 09:00:00+00:00,46730.3,46759.3,46720.8,46741.8,2473
2025-09-29 10:00:00+00:00,46743.3,46789.3,46740.3,46767.8,2318
2025-09-29 11:00:00+00:00,46768.3,46771.8,46699.3,46722.8,3887
2025-09-29 12:00:00+00:00,46723.3,46765.8,46709.8,46755.8,4254
2025-09-29 13:00:00+00:00,46755.3,46771.3,46472.9,46521.3,35445
2025-09-29 14:00:00+00:00,46521.8,46589.9,46479.4,46518.4,33884
2025-09-29 15:00:00+00:00,46518.9,46540.4,46443.4,46485.4,30428
2025-09-29 16:00:00+00:00,46484.9,46531.9,46462.4,46496.4,17878
2025-09-29 17:00:00+00:00,46496.9,46530.9,46448.9,46517.4,15453
2025-09-29 18:00:00+00:00,46517.9,46607.4,46514.9,46606.4,11515
2025-09-29 19:00:00+00:00,46606.9,46641.9,46486.4,46618.9,25551
2025-09-29 20:00:00+00:00,46620.1,46637.1,46575.1,46590.1,3244
2025-09-29 22:00:00+00:00,46575.5,46618.6,46575.5,46615.5,912
2025-09-29 23:00:00+00:00,46616.1,46631.1,46605.1,46608.1,832
2025-09-30 00:00:00+00:00,46607.6,46634.1,46575.6,46626.1,2895
2025-09-30 01:00:00+00:00,46625.1,46629.1,46579.6,46593.1,3069
2025-09-30 02:00:00+00:00,46592.6,46618.1,46580.1,46612.1,1836
2025-09-30 03:00:00+00:00,46612.5,46630.6,46599.5,46607.1,1798
2025-09-30 04:00:00+00:00,46607.5,46614.1,46578.1,46580.6,1419
2025-09-30 05:00:00+00:00,46580.1,46604.5,46571.1,46596.1,2108
2025-09-30 06:00:00+00:00,46595.3,46611.3,46541.3,46543.8,3468
2025-09-30 07:00:00+00:00,46544.3,46559.8,46482.3,46537.8,8315
2025-09-30 08:00:00+00:00,46533.3,46533.3,46485.3,46515.8,6096
2025-09-30 09:00:00+00:00,46515.3,46532.8,46497.8,46504.3,3507
2025-09-30 10:00:00+00:00,46503.8,46518.3,46456.8,46502.8,2985
2025-09-30 11:00:00+00:00,46502.3,46527.8,46478.8,46513.8,3340
2025-09-30 12:00:00+00:00,46513.3,46582.3,46494.8,46558.8,4552
2025-09-30 13:00:00+00:00,46559.3,46657.3,46533.3,46654.8,31152
2025-09-30 14:00:00+00:00,46654.3,46672.8,46411.4,46496.4,49149
2025-09-30 15:00:00+00:00,46495.9,46532.4,46389.4,46490.4,34216
2025-09-30 16:00:00+00:00,46490.8,46639.9,46474.4,46494.9,23390
2025-09-30 17:00:00+00:00,46494.4,46514.9,46426.4,46470.4,22478
2025-09-30 18:00:00+00:00,46469.9,46604.4,46459.4,46587.9,19934
2025-09-30 19:00:00+00:00,46588.4,46718.9,46580.4,46684.4,28365
2025-09-30 20:00:00+00:00,46685.6,46696.6,46589.1,46602.6,7239
2025-09-30 22:00:00+00:00,46628.5,46674.1,46596.6,46616.5,2739
2025-09-30 23:00:00+00:00,46616.1,46640.5,46591.1,46630.6,2284
2025-10-01 00:00:00+00:00,46631.1,46640.1,46559.6,46568.1,4457
2025-10-01 01:00:00+00:00,46568.6,46572.6,46536.1,46540.6,2723
2025-10-01 02:00:00+00:00,46539.5,46545.6,46511.1,46522.1,2175
2025-10-01 03:00:00+00:00,46522.5,46525.1,46487.6,46500.1,1782
2025-10-01 04:00:00+00:00,46500.6,46521.5,46492.1,46508.5,1629
2025-10-01 05:00:00+00:00,46508.1,46514.5,46467.1,46470.1,1877
2025-10-01 06:00:00+00:00,46469.3,46495.3,46346.8,46368.8,7721
2025-10-01 07:00:00+00:00,46369.3,46402.8,46337.3,46383.8,9788
2025-10-01 08:00:00+00:00,46382.8,46449.8,46358.8,46431.8,6447
2025-10-01 09:00:00+00:00,46431.3,46479.3,46424.8,46463.8,3984
2025-10-01 10:00:00+00:00,46464.8,46481.3,46444.3,46452.8,3563
2025-10-01 11:00:00+00:00,46453.3,46561.8,46447.8,46557.8,4900
2025-10-01 12:00:00+00:00,46557.3,46586.3,46490.3,46576.8,12966
2025-10-01 13:00:00+00:00,46577.3,46731.4,46533.8,46573.8,43143
2025-10-01 14:00:00+00:00,46575.3,46718.9,46561.8,46670.4,36614
2025-10-01 15:00:00+00:00,46671.4,46817.4,46648.4,46753.4,22170
2025-10-01 16:00:00+00:00,46753.9,46771.4,46619.4,46646.9,15737
2025-10-01 17:00:00+00:00,46647.4,46715.4,46632.9,46699.4,14506
2025-10-01 18:00:00+00:00,46699.8,46796.4,46699.4,46786.9,13729
2025-10-01 19:00:00+00:00,46787.4,46799.9,46719.9,46724.9,18153
2025-10-01 20:00:00+00:00,46726.1,46729.1,46684.6,46699.1,3625
2025-10-01 22:00:00+00:00,46713.5,46727.5,46692.5,46696.1,643
2025-10-01 23:00:00+00:00,46696.5,46728.1,46683.1,46712.1,1529
2025-10-02 00:00:00+00:00,46713.5,46754.1,46685.0,46739.1,3215
2025-10-02 01:00:00+00:00,46739.5,46770.6,46717.6,46757.1,2807
2025-10-02 02:00:00+00:00,46757.5,46759.5,46714.1,46722.1,1705
2025-10-02 03:00:00+00:00,46721.1,46735.1,46701.1,46715.1,1573
2025-10-02 04:00:00+00:00,46714.5,46749.1,46690.6,46726.1,1674
2025-10-02 05:00:00+00:00,46725.6,46746.1,46713.5,46723.1,1879
2025-10-02 06:00:00+00:00,46722.3,46734.8,46682.8,46702.8,3833
2025-10-02 07:00:00+00:00,46702.3,46731.8,46686.3,46698.8,7235
2025-10-02 08:00:00+00:00,46699.8,46731.8,46691.3,46719.8,4575
2025-10-02 09:00:00+00:00,46719.3,46721.8,46660.3,46690.3,3249
2025-10-02 10:00:00+00:00,46689.8,46710.8,46680.8,46692.8,2709
2025-10-02 11:00:00+00:00,46692.3,46709.3,46682.8,46690.8,2831
2025-10-02 12:00:00+00:00,46692.3,46727.3,46681.3,46684.8,3160
2025-10-02 13:00:00+00:00,46684.3,46859.4,46670.4,46824.8,40346
2025-10-02 14:00:00+00:00,46823.8,46828.4,46606.4,46629.9,41147
2025-10-02 15:00:00+00:00,46629.4,46672.4,46545.4,46666.4,32472
2025-10-02 16:00:00+00:00,46665.9,46725.4,46620.9,46700.9,18121
2025-10-02 17:00:00+00:00,46700.4,46788.9,46666.4,46784.9,12307
2025-10-02 18:00:00+00:00,46785.9,46869.8,46782.9,46825.9,12273
2025-10-02 19:00:00+00:00,46825.4,46840.9,46780.9,46803.9,15370
2025-10-02 20:00:00+00:00,46805.1,46820.1,46786.6,46803.6,2180
2025-10-02 22:00:00+00:00,46802.5,46812.5,46764.6,46808.1,1224
2025-10-02 23:00:00+00:00,46807.5,46817.5,46793.1,46814.1,992
2025-10-03 00:00:00+00:00,46813.5,46840.1,46790.1,46828.5,2070
2025-10-03 01:00:00+00:00,46828.1,46870.1,46820.1,46868.6,1782
2025-10-03 02:00:00+00:00,46869.1,46870.1,46837.6,46860.1,1258
2025-10-03 03:00:00+00:00,46860.5,46896.6,46860.1,46889.1,887
2025-10-03 04:00:00+00:00,46888.6,46905.6,46885.5,46903.1,729
2025-10-03 05:00:00+00:00,46902.1,46910.1,46884.6,46885.1,967
2025-10-03 06:00:00+00:00,46882.8,46911.8,46863.8,46895.8,2059
2025-10-03 07:00:00+00:00,46896.8,46926.8,46894.8,46917.8,3268
2025-10-03 08:00:00+00:00,46918.8,46933.3,46893.3,46902.3,2383
2025-10-03 09:00:00+00:00,46903.3,46952.8,46898.8,46947.8,1801
2025-10-03 10:00:00+00:00,46948.8,46948.8,46904.3,46906.8,1546
2025-10-03 11:00:00+00:00,46906.3,46914.8,46860.3,46889.8,3329
2025-10-03 12:00:00+00:00,46888.3,46899.8,46837.8,46861.8,3874
2025-10-03 13:00:00+00:00,46862.3,47087.9,46829.3,47022.8,26040
2025-10-03 14:00:00+00:00,47000.3,47273.4,46985.4,47203.4,38258
2025-10-03 15:00:00+00:00,47203.9,47258.9,47096.9,47249.4,21997
2025-10-03 16:00:00+00:00,47249.9,47324.9,47240.4,47308.4,15117
2025-10-03 17:00:00+00:00,47308.9,47309.4,47050.4,47097.4,39650
2025-10-03 18:00:00+00:00,47096.9,47172.9,47026.9,47110.4,36631
2025-10-03 19:00:00+00:00,47109.9,47128.4,47016.9,47034.9,24991
2025-10-03 20:00:00+00:00,47036.1,47050.1,47016.1,47043.1,3003
2025-10-05 22:00:00+00:00,47083.5,47123.6,47060.5,47109.1,2262
2025-10-05 23:00:00+00:00,47109.5,47161.6,47105.1,47123.1,2892
2025-10-06 00:00:00+00:00,47123.5,47128.5,47063.6,47082.6,3964
2025-10-06 01:00:00+00:00,47083.1,47098.6,47065.1,47096.6,1780
2025-10-06 02:00:00+00:00,47096.1,47123.1,47088.1,47118.1,858
2025-10-06 03:00:00+00:00,47117.1,47138.6,47117.1,47128.1,1147
2025-10-06 04:00:00+00:00,47129.1,47166.1,47104.5,47155.6,1783
2025-10-06 05:00:00+00:00,47154.1,47157.1,47119.1,47122.1,1657
2025-10-06 06:00:00+00:00,47121.3,47132.3,47103.3,47128.8,2681
2025-10-06 07:00:00+00:00,47128.3,47133.3,47049.8,47083.8,8363
2025-10-06 08:00:00+00:00,47084.8,47115.3,47080.3,47088.3,5204
2025-10-06 09:00:00+00:00,47088.8,47129.3,47082.8,47121.8,2436
2025-10-06 10:00:00+00:00,47122.3,47144.8,47100.8,47127.3,3156
2025-10-06 11:00:00+00:00,47126.8,47150.3,47099.8,47147.8,3945
2025-10-06 12:00:00+00:00,47145.8,47145.8,47102.3,47104.8,4689
2025-10-06 13:00:00+00:00,47103.8,47155.8,46795.4,46799.9,35068
2025-10-06 14:00:00+00:00,46799.4,46937.9,46694.4,46911.4,39746
2025-10-06 15:00:00+00:00,46910.4,46981.4,46908.9,46929.4,20922
2025-10-06 16:00:00+00:00,46928.9,46942.4,46869.9,46911.9,13948
2025-10-06 17:00:00+00:00,46912.4,47017.4,46886.9,46999.4,15151
2025-10-06 18:00:00+00:00,46998.8,47006.4,46946.9,46960.4,10715
2025-10-06 19:00:00+00:00,46959.4,46996.8,46929.9,46956.4,15304
2025-10-06 20:00:00+00:00,46958.6,46974.0,46943.1,46966.1,2612
2025-10-06 22:00:00+00:00,46961.0,46981.0,46877.1,46883.5,1221
2025-10-06 23:00:00+00:00,46884.1,46909.5,46873.1,46888.1,2278
2025-10-07 00:00:00+00:00,46887.1,46898.5,46869.1,46894.1,3347
2025-10-07 01:00:00+00:00,46893.6,46907.1,46869.1,46886.1,2013
2025-10-07 02:00:00+00:00,46886.6,46900.1,46873.1,46879.1,1058
2025-10-07 03:00:00+00:00,46878.6,46880.6,46853.6,46866.6,922
2025-10-07 04:00:00+00:00,46867.1,46898.6,46863.6,46895.1,1116
2025-10-07 05:00:00+00:00,46894.6,46897.6,46872.1,46874.5,1221
2025-10-07 06:00:00+00:00,46872.8,46880.8,46827.8,46871.8,3094
2025-10-07 07:00:00+00:00,46872.3,46879.8,46834.8,46845.3,5025
2025-10-07 08:00:00+00:00,46845.8,46875.8,46810.3,46872.8,3458
2025-10-07 09:00:00+00:00,46872.3,46899.8,46868.8,46887.3,1722
2025-10-07 10:00:00+00:00,46887.8,47008.3,46886.8,46970.8,3853
2025-10-07 11:00:00+00:00,46970.3,47001.3,46945.3,46976.8,2951
2025-10-07 12:00:00+00:00,46976.3,47036.3,46969.8,47032.8,2863
2025-10-07 13:00:00+00:00,47031.8,47137.4,46948.9,46952.4,32772
2025-10-07 14:00:00+00:00,46952.9,46970.4,46850.4,46887.4,34460
2025-10-07 15:00:00+00:00,46887.9,46913.9,46765.9,46778.4,56848
2025-10-07 16:00:00+00:00,46778.9,46851.4,46701.9,46778.4,33414
2025-10-07 17:00:00+00:00,46778.9,46855.4,46762.4,46777.4,23967
2025-10-07 18:00:00+00:00,46777.9,46821.9,46735.4,46812.4,20143
2025-10-07 19:00:00+00:00,46812.9,46869.4,46790.8,46859.4,18819
2025-10-07 20:00:00+00:00,46860.6,46896.6,46860.6,46885.1,2880
2025-10-07 22:00:00+00:00,46891.0,46904.5,46873.1,46896.1,803
2025-10-07 23:00:00+00:00,46895.5,46895.5,46828.1,46839.1,2084
2025-10-08 00:00:00+00:00,46838.5,46880.1,46822.1,46870.1,2804
2025-10-08 01:00:00+00:00,46869.6,46903.6,46869.6,46886.1,3022
2025-10-08 02:00:00+00:00,46887.5,46919.1,46881.6,46904.6,1511
2025-10-08 03:00:00+00:00,46905.1,46912.1,46893.0,46908.1,1116
2025-10-08 04:00:00+00:00,46908.5,46918.6,46890.6,46898.6,905
2025-10-08 05:00:00+00:00,46899.1,46899.1,46862.1,46866.1,1901
2025-10-08 06:00:00+00:00,46865.8,46881.8,46849.8,46876.3,3141
2025-10-08 07:00:00+00:00,46875.8,46947.3,46868.8,46931.3,5500
2025-10-08 08:00:00+00:00,46930.8,46938.3,46883.8,46915.8,2889
2025-10-08 09:00:00+00:00,46916.3,46940.3,46903.8,46915.3,2408
2025-10-08 10:00:00+00:00,46914.8,46967.8,46883.8,46964.8,2337
2025-10-08 11:00:00+00:00,46965.3,46985.8,46930.3,46973.8,3369
2025-10-08 12:00:00+00:00,46973.3,46983.3,46940.3,46980.3,3987
2025-10-08 13:00:00+00:00,46980.8,47009.3,46753.4,46777.4,30096
2025-10-08 14:00:00+00:00,46777.9,46977.4,46770.8,46958.4,29312
2025-10-08 15:00:00+00:00,46958.9,47082.9,46948.4,47048.4,17253
2025-10-08 16:00:00+00:00,47047.9,47064.9,46971.9,47009.4,11863
2025-10-08 17:00:00+00:00,47009.8,47023.9,46917.9,46927.3,10301
2025-10-08 18:00:00+00:00,46926.8,46954.4,46855.4,46875.9,14656
2025-10-08 19:00:00+00:00,46875.4,46899.4,46852.4,46869.9,15789
2025-10-08 20:00:00+00:00,46872.1,46903.6,46860.1,46878.1,2512
2025-10-08 22:00:00+00:00,46880.0,46915.1,46874.6,46903.1,1092
2025-10-08 23:00:00+00:00,46903.5,46933.5,46886.1,46906.1,1690
2025-10-09 00:00:00+00:00,46905.6,46908.1,46886.1,46906.1,1678
2025-10-09 01:00:00+00:00,46905.5,46915.1,46874.1,46882.6,2969
2025-10-09 02:00:00+00:00,46882.1,46883.6,46847.1,46854.1,1633
2025-10-09 03:00:00+00:00,46855.6,46873.1,46794.1,46816.1,2240
2025-10-09 04:00:00+00:00,46817.1,46852.1,46812.1,46851.1,926
2025-10-09 05:00:00+00:00,46852.1,46887.6,46842.1,46877.1,1482
2025-10-09 06:00:00+00:00,46876.3,46895.8,46850.3,46868.8,3094
2025-10-09 07:00:00+00:00,46868.3,46889.8,46859.3,46860.8,4968
2025-10-09 08:00:00+00:00,46860.3,46876.8,46847.3,46866.8,3226
2025-10-09 09:00:00+00:00,46866.3,46906.3,46855.8,46886.8,2001
2025-10-09 10:00:00+00:00,46887.8,46894.8,46860.8,46875.3,1947
2025-10-09 11:00:00+00:00,46875.8,46904.8,46866.8,46868.8,2582
2025-10-09 12:00:00+00:00,46869.3,46874.8,46839.3,46865.3,2952
2025-10-09 13:00:00+00:00,46865.8,46937.4,46697.9,46707.4,36985
2025-10-09 14:00:00+00:00,46706.9,46757.9,46607.9,46678.4,42629
2025-10-09 15:00:00+00:00,46677.9,46734.4,46608.4,46694.4,28209
2025-10-09 16:00:00+00:00,46694.9,46725.4,46577.9,46586.9,25112
2025-10-09 17:00:00+00:00,46587.4,46633.4,46538.4,46593.4,30557
2025-10-09 18:00:00+00:00,46592.4,46597.4,46508.4,46535.9,18619
2025-10-09 19:00:00+00:00,46536.9,46625.9,46519.4,46603.4,19293
2025-10-09 20:00:00+00:00,46604.1,46620.1,46586.1,46613.5,2914
2025-10-09 22:00:00+00:00,46615.0,46646.5,46609.5,46641.5,1309
2025-10-09 23:00:00+00:00,46641.1,46658.6,46628.5,46658.1,1201
2025-10-10 00:00:00+00:00,46658.6,46675.1,46625.5,46663.1,2309
2025-10-10 01:00:00+00:00,46664.1,46675.1,46650.6,46670.1,1309
2025-10-10 02:00:00+00:00,46669.5,46673.1,46644.6,46650.1,857
2025-10-10 03:00:00+00:00,46649.6,46665.1,46637.1,46646.1,1420
2025-10-10 04:00:00+00:00,46646.5,46658.6,46619.1,46626.6,1176
2025-10-10 05:00:00+00:00,46626.1,46667.1,46609.6,46665.1,1374
2025-10-10 06:00:00+00:00,46664.3,46683.8,46596.8,46620.3,5613
2025-10-10 07:00:00+00:00,46620.8,46663.8,46616.8,46659.8,5744
2025-10-10 08:00:00+00:00,46660.3,46662.8,46639.3,46648.8,3176
2025-10-10 09:00:00+00:00,46649.3,46659.8,46592.3,46601.8,4681
2025-10-10 10:00:00+00:00,46602.3,46654.3,46599.3,46648.8,2700
2025-10-10 11:00:00+00:00,46648.3,46666.8,46634.8,46662.3,2750
2025-10-10 12:00:00+00:00,46661.8,46686.8,46645.8,46661.8,3563
2025-10-10 13:00:00+00:00,46662.3,46884.4,46662.3,46740.8,33468
2025-10-10 14:00:00+00:00,46743.8,46797.4,46383.8,46472.8,48234
2025-10-10 15:00:00+00:00,46471.8,46490.4,45991.8,46093.4,178765
2025-10-10 16:00:00+00:00,46092.8,46178.9,45979.8,46011.4,93715
2025-10-10 17:00:00+00:00,46011.8,46106.9,45924.8,46039.8,70861
2025-10-10 18:00:00+00:00,46039.4,46063.4,45884.4,45906.4,52787
2025-10-10 19:00:00+00:00,45905.8,45968.4,45689.3,45707.4,68163
2025-10-10 20:00:00+00:00,45709.6,45783.6,45657.1,45771.1,9619
2025-10-12 22:00:00+00:00,46110.0,46146.0,45967.5,46022.1,7557
2025-10-12 23:00:00+00:00,46021.5,46082.1,45976.0,46062.5,10923
2025-10-13 00:00:00+00:00,46062.0,46089.5,45997.5,46084.1,11128
2025-10-13 01:00:00+00:00,46084.5,46111.5,46036.1,46105.1,7288
2025-10-13 02:00:00+00:00,46104.1,46141.6,46100.1,46110.6,3034
2025-10-13 03:00:00+00:00,46110.1,46135.1,46070.5,46089.1,4701
2025-10-13 04:00:00+00:00,46089.6,46118.6,46077.1,46110.1,3385
2025-10-13 05:00:00+00:00,46110.5,46148.6,46090.5,46135.5,3542
2025-10-13 06:00:00+00:00,46133.8,46163.8,46080.8,46156.3,6846
2025-10-13 07:00:00+00:00,46155.8,46264.3,46128.3,46206.8,10309
2025-10-13 08:00:00+00:00,46207.3,46256.8,46140.8,46168.8,8233
2025-10-13 09:00:00+00:00,46168.3,46186.3,46134.8,46144.8,4946
2025-10-13 10:00:00+00:00,46144.3,46172.8,46100.8,46136.3,5320
2025-10-13 11:00:00+00:00,46136.8,46193.3,45997.8,46051.3,17816
2025-10-13 12:00:00+00:00,46050.8,46128.8,46005.3,46103.8,10251
2025-10-13 13:00:00+00:00,46103.3,46230.9,46019.4,46221.4,70602
2025-10-13 14:00:00+00:00,46220.9,46253.4,46057.4,46124.4,69236
2025-10-13 15:00:00+00:00,46124.8,46349.9,46089.4,46286.8,32734
2025-10-13 16:00:00+00:00,46286.4,46365.9,46261.8,46359.4,23569
2025-10-13 17:00:00+00:00,46359.8,46386.4,46217.9,46281.4,20960
2025-10-13 18:00:00+00:00,46280.9,46366.9,46195.4,46207.4,16952
2025-10-13 19:00:00+00:00,46206.4,46346.4,46190.4,46297.9,24609
2025-10-13 20:00:00+00:00,46299.1,46318.6,46273.1,46293.5,3715
2025-10-13 22:00:00+00:00,46309.0,46351.1,46305.5,46342.1,2113
2025-10-13 23:00:00+00:00,46341.5,46345.1,46294.1,46316.1,2870
2025-10-14 00:00:00+00:00,46316.5,46471.1,46297.0,46429.1,9031
2025-10-14 01:00:00+00:00,46428.5,46430.5,46355.1,46415.5,7520
2025-10-14 02:00:00+00:00,46415.1,46427.5,46364.5,46369.1,4350
2025-10-14 03:00:00+00:00,46369.5,46375.5,46301.1,46323.5,5639
2025-10-14 04:00:00+00:00,46324.1,46333.1,46178.1,46228.1,16390
2025-10-14 05:00:00+00:00,46229.1,46232.1,46024.1,46114.1,16240
2025-10-14 06:00:00+00:00,46113.3,46142.8,46067.8,46089.3,14984
2025-10-14 07:00:00+00:00,46088.8,46111.8,45923.8,46046.8,23995
2025-10-14 08:00:00+00:00,46047.3,46110.8,45981.3,46099.3,15577
2025-10-14 09:00:00+00:00,46099.8,46132.8,46040.3,46043.3,7250
2025-10-14 10:00:00+00:00,46042.8,46057.8,45891.3,45939.8,18158
2025-10-14 11:00:00+00:00,45940.3,46121.3,45940.3,46026.8,15666
2025-10-14 12:00:00+00:00,46027.3,46050.3,45801.3,45912.8,14427
2025-10-14 13:00:00+00:00,45912.3,45991.8,45663.4,45921.8,67582
2025-10-14 14:00:00+00:00,45921.4,46251.4,45891.9,46245.4,59618
2025-10-14 15:00:00+00:00,46245.9,46491.4,46202.4,46461.4,49783
2025-10-14 16:00:00+00:00,46461.8,46658.4,46393.4,46586.4,40253
2025-10-14 17:00:00+00:00,46585.9,46744.4,46527.4,46704.4,30738
2025-10-14 18:00:00+00:00,46704.9,46724.4,46643.4,46689.4,25467
2025-10-14 19:00:00+00:00,46689.9,46724.4,46395.8,46495.4,52509
2025-10-14 20:00:00+00:00,46497.5,46552.6,46424.1,46480.0,6725
2025-10-14 22:00:00+00:00,46475.0,46563.5,46475.0,46516.5,3638
2025-10-14 23:00:00+00:00,46516.1,46577.1,46506.1,46516.1,3584
2025-10-15 00:00:00+00:00,46515.5,46563.5,46485.1,46556.1,7752
2025-10-15 01:00:00+00:00,46555.1,46574.6,46515.1,46546.1,4896
2025-10-15 02:00:00+00:00,46546.5,46598.1,46542.1,46560.6,3768
2025-10-15 03:00:00+00:00,46560.1,46579.1,46528.1,46563.1,3232
2025-10-15 04:00:00+00:00,46563.5,46606.5,46558.1,46600.1,2285
2025-10-15 05:00:00+00:00,46601.1,46630.1,46591.5,46602.5,5526
2025-10-15 06:00:00+00:00,46601.8,46628.8,46577.8,46626.8,5172
2025-10-15 07:00:00+00:00,46626.3,46658.3,46597.3,46634.8,6482
2025-10-15 08:00:00+00:00,46634.3,46674.3,46619.8,46636.8,5757
2025-10-15 09:00:00+00:00,46636.3,46699.8,46633.3,46692.8,5240
2025-10-15 10:00:00+00:00,46692.3,46709.8,46672.3,46689.3,3210
2025-10-15 11:00:00+00:00,46688.8,46736.8,46676.3,46726.8,4235
2025-10-15 12:00:00+00:00,46726.3,46764.3,46707.3,46732.8,7191
2025-10-15 13:00:00+00:00,46733.3,46860.4,46634.4,46821.4,40243
2025-10-15 14:00:00+00:00,46821.9,46916.8,46759.4,46785.9,43722
2025-10-15 15:00:00+00:00,46786.4,46797.4,46517.8,46591.4,54202
2025-10-15 16:00:00+00:00,46590.8,46652.9,46508.9,46528.4,49618
2025-10-15 17:00:00+00:00,46528.8,46563.4,46236.9,46551.4,80677
2025-10-15 18:00:00+00:00,46551.8,46569.4,46483.4,46540.4,35246
2025-10-15 19:00:00+00:00,46539.9,46549.4,46394.9,46492.4,34233
2025-10-15 20:00:00+00:00,46493.6,46549.6,46447.6,46482.1,6593
2025-10-15 22:00:00+00:00,46541.5,46601.6,46528.1,46575.5,2685
2025-10-15 23:00:00+00:00,46574.5,46574.5,46497.5,46523.1,3912
2025-10-16 00:00:00+00:00,46523.5,46538.1,46473.1,46505.5,8163
2025-10-16 01:00:00+00:00,46505.1,46540.5,46496.5,46515.1,4975
2025-10-16 02:00:00+00:00,46515.5,46529.5,46469.5,46506.1,3841
2025-10-16 03:00:00+00:00,46507.1,46519.1,46467.1,46476.1,2875
2025-10-16 04:00:00+00:00,46476.5,46507.1,46469.1,46499.1,2402
2025-10-16 05:00:00+00:00,46499.6,46529.1,46476.6,46505.5,4598
2025-10-16 06:00:00+00:00,46504.8,46566.8,46502.8,46560.8,4889
2025-10-16 07:00:00+00:00,46561.8,46615.3,46507.8,46586.8,10091
2025-10-16 08:00:00+00:00,46586.3,46622.8,46554.8,46580.8,6207
2025-10-16 09:00:00+00:00,46580.3,46652.3,46574.3,46648.8,3881
2025-10-16 10:00:00+00:00,46649.3,46705.3,46637.8,46677.8,3409
2025-10-16 11:00:00+00:00,46678.3,46700.8,46573.3,46588.3,4481
2025-10-16 12:00:00+00:00,46587.8,46619.8,46512.3,46589.8,6599
2025-10-16 13:00:00+00:00,46590.3,46633.8,46501.9,46541.8,51100
2025-10-16 14:00:00+00:00,46543.3,46635.4,46447.4,46527.4,75183
2025-10-16 15:00:00+00:00,46527.8,46639.9,46381.8,46418.4,69742
2025-10-16 16:00:00+00:00,46417.8,46465.4,46098.4,46354.4,94191
2025-10-16 17:00:00+00:00,46353.8,46418.9,46244.4,46280.8,75227
2025-10-16 18:00:00+00:00,46280.4,46289.4,45985.4,46183.9,81761
2025-10-16 19:00:00+00:00,46183.4,46215.9,46014.4,46167.4,66095
2025-10-16 20:00:00+00:00,46169.6,46192.1,46052.1,46122.5,8629
2025-10-16 22:00:00+00:00,46128.0,46178.0,46046.6,46048.6,4487
2025-10-16 23:00:00+00:00,46049.1,46098.6,46029.6,46097.1,8165
2025-10-17 00:00:00+00:00,46096.6,46125.1,46054.1,46067.1,9246
2025-10-17 01:00:00+00:00,46067.6,46127.6,46038.6,46067.1,8280
2025-10-17 02:00:00+00:00,46067.6,46084.1,46040.1,46062.1,6201
2025-10-17 03:00:00+00:00,46061.1,46078.6,46004.1,46042.1,5478
2025-10-17 04:00:00+00:00,46043.1,46053.1,45996.1,46005.1,4610
2025-10-17 05:00:00+00:00,46007.1,46009.6,45919.1,45969.1,8658
2025-10-17 06:00:00+00:00,45968.3,45999.3,45863.3,45879.8,13446
2025-10-17 07:00:00+00:00,45880.3,45889.8,45607.8,45713.8,34915
2025-10-17 08:00:00+00:00,45714.3,45797.8,45639.3,45756.8,21975
2025-10-17 09:00:00+00:00,45755.8,45879.3,45748.8,45778.3,12249
2025-10-17 10:00:00+00:00,45778.8,45910.3,45766.3,45907.3,17666
2025-10-17 11:00:00+00:00,45907.8,46188.8,45900.8,46136.8,30388
2025-10-17 12:00:00+00:00,46135.8,46271.3,46105.8,46185.8,20365
2025-10-17 13:00:00+00:00,46185.3,46393.9,46117.3,46251.9,72321
2025-10-17 14:00:00+00:00,46251.4,46418.9,46145.4,46151.9,104075
2025-10-17 15:00:00+00:00,46152.4,46359.9,46096.9,46325.4,60280
2025-10-17 16:00:00+00:00,46325.9,46419.4,46236.9,46279.9,39338
2025-10-17 17:00:00+00:00,46280.4,46349.9,46204.4,46335.4,40285
2025-10-17 18:00:00+00:00,46335.9,46475.4,46333.9,46451.4,24376
2025-10-17 19:00:00+00:00,46450.9,46519.4,46374.9,46383.4,27329
2025-10-17 20:00:00+00:00,46385.6,46447.6,46379.6,46428.6,2372
2025-10-19 22:00:00+00:00,46493.5,46494.0,46447.0,46462.1,1481
2025-10-19 23:00:00+00:00,46463.5,46465.1,46372.6,46390.6,4749
2025-10-20 00:00:00+00:00,46390.1,46450.1,46318.1,46438.6,8903
2025-10-20 01:00:00+00:00,46439.1,46478.6,46415.6,46435.6,5641
2025-10-20 02:00:00+00:00,46436.1,46456.1,46414.1,46449.1,3467
2025-10-20 03:00:00+00:00,46449.6,46498.6,46444.6,46486.6,2006
2025-10-20 04:00:00+00:00,46487.1,46513.1,46480.6,46511.6,2436
2025-10-20 05:00:00+00:00,46511.1,46545.6,46490.1,46532.6,3190
2025-10-20 06:00:00+00:00,46529.3,46553.3,46498.3,46532.8,5224
2025-10-20 07:00:00+00:00,46533.3,46584.3,46516.3,46543.8,6505
2025-10-20 08:00:00+00:00,46544.3,46545.8,46457.3,46476.8,6354
2025-10-20 09:00:00+00:00,46476.3,46511.8,46457.8,46485.8,5057
2025-10-20 10:00:00+00:00,46486.3,46503.3,46426.3,46430.8,5474
2025-10-20 11:00:00+00:00,46430.3,46488.3,46417.8,46486.8,5104
2025-10-20 12:00:00+00:00,46486.3,46549.8,46458.8,46548.8,4669
2025-10-20 13:00:00+00:00,46548.3,46688.9,46525.3,46573.4,41613
2025-10-20 14:00:00+00:00,46572.9,46837.9,46568.4,46815.4,40922
2025-10-20 15:00:00+00:00,46815.9,46818.9,46714.9,46739.4,28265
2025-10-20 16:00:00+00:00,46739.9,46841.4,46731.4,46837.4,20939
2025-10-20 17:00:00+00:00,46837.9,46933.4,46836.4,46918.9,13589
2025-10-20 18:00:00+00:00,46918.4,46958.9,46886.4,46922.4,11567
2025-10-20 19:00:00+00:00,46922.9,46963.4,46894.4,46910.4,17021
2025-10-20 20:00:00+00:00,46911.6,46962.1,46890.1,46961.6,2826
2025-10-20 22:00:00+00:00,46959.5,46964.6,46935.6,46940.6,1305
2025-10-20 23:00:00+00:00,46941.1,46966.6,46915.6,46921.1,2154
2025-10-21 00:00:00+00:00,46921.6,46956.1,46917.6,46949.1,3435
2025-10-21 01:00:00+00:00,46948.6,46966.1,46928.1,46938.1,2571
2025-10-21 02:00:00+00:00,46937.6,46961.6,46925.6,46930.6,2023
2025-10-21 03:00:00+00:00,46931.1,46941.1,46911.6,46920.1,2478
2025-10-21 04:00:00+00:00,46920.6,46923.1,46884.6,46900.1,2943
2025-10-21 05:00:00+00:00,46900.6,46913.6,46858.6,46880.1,3699
2025-10-21 06:00:00+00:00,46879.3,46881.3,46834.3,46849.3,3840
2025-10-21 07:00:00+00:00,46849.8,46855.8,46822.8,46848.8,5774
2025-10-21 08:00:00+00:00,46849.8,46850.8,46814.3,46818.3,4212
2025-10-21 09:00:00+00:00,46818.8,46863.8,46817.8,46847.8,2877
2025-10-21 10:00:00+00:00,46853.3,46908.8,46850.8,46900.3,3819
2025-10-21 11:00:00+00:00,46899.8,46951.3,46895.8,46933.8,4223
2025-10-21 12:00:00+00:00,46933.3,46945.8,46903.8,46911.8,3732
2025-10-21 13:00:00+00:00,46911.3,46994.9,46875.8,46964.9,41367
2025-10-21 14:00:00+00:00,46965.4,47239.4,46922.9,47236.9,51330
2025-10-21 15:00:00+00:00,47237.4,47335.9,47198.4,47205.4,36753
2025-10-21 16:00:00+00:00,47204.9,47278.9,47172.4,47180.4,26921
2025-10-21 17:00:00+00:00,47180.9,47246.4,47147.9,47219.4,33595
2025-10-21 18:00:00+00:00,47219.9,47254.4,47174.9,47190.4,16533
2025-10-21 19:00:00+00:00,47189.9,47212.9,47123.9,47130.4,17948
2025-10-21 20:00:00+00:00,47131.6,47168.1,47118.6,47159.1,6161
2025-10-21 22:00:00+00:00,47126.0,47164.1,47112.1,47163.1,2366
2025-10-21 23:00:00+00:00,47163.6,47163.6,47115.1,47117.1,2497
2025-10-22 00:00:00+00:00,47117.6,47140.6,47096.1,47101.1,5130
2025-10-22 01:00:00+00:00,47100.6,47138.1,47089.6,47133.6,2936
2025-10-22 02:00:00+00:00,47134.1,47147.6,47118.1,47134.1,1889
2025-10-22 03:00:00+00:00,47135.1,47156.6,47096.1,47151.1,2329
2025-10-22 04:00:00+00:00,47151.6,47199.6,47147.6,47190.1,3033
2025-10-22 05:00:00+00:00,47189.6,47199.6,47154.6,47165.1,2206
2025-10-22 06:00:00+00:00,47164.3,47202.8,47148.3,47185.8,4175
2025-10-22 07:00:00+00:00,47186.3,47188.3,47132.3,47163.8,6319
2025-10-22 08:00:00+00:00,47164.3,47167.3,47101.8,47124.8,5313
2025-10-22 09:00:00+00:00,47124.3,47147.8,47082.8,47139.8,3914
2025-10-22 10:00:00+00:00,47140.3,47159.3,47128.3,47132.8,2919
2025-10-22 11:00:00+00:00,47132.3,47135.8,47087.8,47098.8,7012
2025-10-22 12:00:00+00:00,47099.3,47162.8,47090.8,47145.8,5943
2025-10-22 13:00:00+00:00,47146.3,47150.3,46988.4,47013.4,37040
2025-10-22 14:00:00+00:00,47012.9,47064.4,46936.9,47028.4,61081
2025-10-22 15:00:00+00:00,47027.9,47054.4,46917.9,46992.4,52878
2025-10-22 16:00:00+00:00,46992.9,47006.4,46687.3,46914.4,65858
2025-10-22 17:00:00+00:00,46913.9,46928.4,46644.8,46717.4,50834
2025-10-22 18:00:00+00:00,46716.9,46780.9,46653.9,46767.9,47799
2025-10-22 19:00:00+00:00,46768.4,46826.9,46702.4,46782.4,26380
2025-10-22 20:00:00+00:00,46784.6,46841.1,46672.1,46723.1,3971
2025-10-22 22:00:00+00:00,46721.6,46721.6,46678.5,46706.1,2642
2025-10-22 23:00:00+00:00,46705.6,46734.6,46662.1,46669.1,3208
2025-10-23 00:00:00+00:00,46668.6,46700.6,46604.1,46695.1,7492
2025-10-23 01:00:00+00:00,46694.1,46750.6,46687.1,46744.1,5252
2025-10-23 02:00:00+00:00,46744.6,46771.1,46740.6,46758.6,2768
2025-10-23 03:00:00+00:00,46759.1,46785.6,46734.6,46746.1,2833
2025-10-23 04:00:00+00:00,46747.6,46757.1,46718.6,46733.1,2604
2025-10-23 05:00:00+00:00,46733.6,46754.6,46708.6,46749.1,3275
2025-10-23 06:00:00+00:00,46747.3,46762.3,46722.8,46756.3,4705
2025-10-23 07:00:00+00:00,46756.8,46766.8,46692.8,46750.3,6965
2025-10-23 08:00:00+00:00,46750.8,46757.8,46704.3,46714.3,4693
2025-10-23 09:00:00+00:00,46713.8,46730.8,46645.8,46677.3,5409
2025-10-23 10:00:00+00:00,46676.8,46761.3,46676.3,46746.8,4551
2025-10-23 11:00:00+00:00,46747.3,46756.8,46655.8,46685.8,7222
2025-10-23 12:00:00+00:00,46686.3,46725.3,46650.3,46718.3,8803
2025-10-23 13:00:00+00:00,46717.8,46910.4,46661.8,46827.3,38706
2025-10-23 14:00:00+00:00,46828.3,46853.9,46676.9,46818.4,49738
2025-10-23 15:00:00+00:00,46818.9,46863.9,46735.9,46813.4,38223
2025-10-23 16:00:00+00:00,46812.9,46923.9,46784.4,46905.4,19377
2025-10-23 17:00:00+00:00,46904.9,46974.4,46829.9,46960.4,22908
2025-10-23 18:00:00+00:00,46960.9,46993.9,46926.9,46967.4,13882
2025-10-23 19:00:00+00:00,46967.9,46983.4,46894.4,46922.4,16819
2025-10-23 20:00:00+00:00,46923.6,46925.1,46861.1,46886.1,3814
2025-10-23 22:00:00+00:00,46894.5,46925.0,46885.5,46914.6,1856
2025-10-23 23:00:00+00:00,46914.1,46923.6,46910.1,46919.1,1219
2025-10-24 00:00:00+00:00,46920.6,46926.1,46894.1,46923.1,2352
2025-10-24 01:00:00+00:00,46922.6,46953.1,46921.1,46951.1,2123
2025-10-24 02:00:00+00:00,46950.6,46965.1,46934.6,46948.1,1709
2025-10-24 03:00:00+00:00,46948.6,46978.6,46940.6,46976.1,1434
2025-10-24 04:00:00+00:00,46975.6,46981.1,46959.1,46974.6,1079
2025-10-24 05:00:00+00:00,46975.1,47003.6,46968.1,47002.1,1457
2025-10-24 06:00:00+00:00,47001.3,47035.3,46996.3,47014.8,2463
2025-10-24 07:00:00+00:00,47013.3,47020.8,46955.8,46961.3,4442
2025-10-24 08:00:00+00:00,46961.8,46967.8,46897.3,46935.8,4006
2025-10-24 09:00:00+00:00,46934.8,46992.3,46932.8,46967.8,2323
2025-10-24 10:00:00+00:00,46968.3,46992.8,46961.8,46968.8,1917
2025-10-24 11:00:00+00:00,46968.3,47019.3,46968.3,47007.8,2468
2025-10-24 12:00:00+00:00,47008.3,47269.3,46985.8,47116.3,13042
2025-10-24 13:00:00+00:00,47116.8,47330.4,47101.9,47320.8,43067
2025-10-24 14:00:00+00:00,47321.8,47357.4,47240.4,47305.4,48415
2025-10-24 15:00:00+00:00,47304.9,47509.9,47292.4,47464.4,29548
2025-10-24 16:00:00+00:00,47464.9,47490.4,47367.4,47418.4,19531
2025-10-24 17:00:00+00:00,47417.9,47499.3,47401.4,47451.4,15055
2025-10-24 18:00:00+00:00,47450.9,47487.4,47433.4,47482.4,13441
2025-10-24 19:00:00+00:00,47481.9,47494.4,47376.9,47398.4,18087
2025-10-24 20:00:00+00:00,47400.6,47422.6,47380.6,47394.6,2971
2025-10-26 22:00:00+00:00,47701.5,47722.5,47642.0,47675.5,2647
2025-10-26 23:00:00+00:00,47676.0,47706.5,47652.1,47662.6,2541
2025-10-27 00:00:00+00:00,47661.6,47693.1,47639.6,47662.1,4565
2025-10-27 01:00:00+00:00,47662.6,47666.1,47623.1,47625.1,2612
2025-10-27 02:00:00+00:00,47625.6,47651.1,47604.1,47646.6,1807
2025-10-27 03:00:00+00:00,47647.1,47684.1,47635.5,47666.1,2022
2025-10-27 04:00:00+00:00,47665.1,47687.6,47661.1,47679.1,1412
2025-10-27 05:00:00+00:00,47678.1,47700.1,47675.1,47694.6,1455
2025-10-27 06:00:00+00:00,47695.1,47736.1,47691.1,47717.6,2244
2025-10-27 07:00:00+00:00,47714.8,47737.8,47702.3,47703.8,3157
2025-10-27 08:00:00+00:00,47704.3,47709.8,47643.8,47662.3,4710
2025-10-27 09:00:00+00:00,47661.8,47680.3,47635.8,47669.3,2725
2025-10-27 10:00:00+00:00,47668.8,47668.8,47644.8,47660.8,1963
2025-10-27 11:00:00+00:00,47661.3,47672.8,47597.8,47602.8,2636
2025-10-27 12:00:00+00:00,47601.8,47639.3,47595.3,47632.8,3058
2025-10-27 13:00:00+00:00,47632.3,47698.4,47548.4,47644.4,35245
2025-10-27 14:00:00+00:00,47644.9,47705.4,47584.9,47613.4,32991
2025-10-27 15:00:00+00:00,47613.9,47653.4,47561.9,47637.4,17500
2025-10-27 16:00:00+00:00,47636.9,47656.4,47603.4,47632.4,12033
2025-10-27 17:00:00+00:00,47633.4,47637.4,47554.9,47613.9,9652
2025-10-27 18:00:00+00:00,47614.4,47635.4,47589.4,47623.9,8003
2025-10-27 19:00:00+00:00,47624.4,47741.4,47612.9,47712.9,15889
2025-10-27 20:00:00+00:00,47714.1,47772.6,47713.1,47751.6,3934
2025-10-27 22:00:00+00:00,47746.5,47750.1,47724.6,47728.1,972
2025-10-27 23:00:00+00:00,47728.6,47764.1,47715.1,47721.1,2243
2025-10-28 00:00:00+00:00,47720.1,47748.1,47712.6,47739.6,2746
2025-10-28 01:00:00+00:00,47739.1,47743.1,47715.6,47719.1,2621
2025-10-28 02:00:00+00:00,47720.1,47729.1,47702.6,47712.1,2056
2025-10-28 03:00:00+00:00,47712.6,47728.1,47702.6,47718.1,1808
2025-10-28 04:00:00+00:00,47717.6,47727.1,47694.6,47702.6,2080
2025-10-28 05:00:00+00:00,47703.6,47715.6,47691.6,47703.6,2016
2025-10-28 06:00:00+00:00,47704.1,47729.1,47695.1,47700.1,2620
2025-10-28 07:00:00+00:00,47699.3,47727.3,47692.8,47699.8,2758
2025-10-28 08:00:00+00:00,47700.3,47724.8,47687.3,47717.8,3849
2025-10-28 09:00:00+00:00,47717.3,47796.8,47693.3,47787.8,2455
2025-10-28 10:00:00+00:00,47788.3,47832.8,47749.8,47765.8,3712
2025-10-28 11:00:00+00:00,47766.8,47898.8,47766.8,47890.8,3836
2025-10-28 12:00:00+00:00,47891.8,47950.3,47890.8,47931.8,3639
2025-10-28 13:00:00+00:00,47932.3,48090.4,47857.4,47909.8,42014
2025-10-28 14:00:00+00:00,47911.3,48035.4,47891.4,47958.4,34926
2025-10-28 15:00:00+00:00,47958.9,47998.4,47857.9,47887.9,23106
2025-10-28 16:00:00+00:00,47887.4,48055.4,47884.4,48046.4,25828
2025-10-28 17:00:00+00:00,48045.9,48115.9,48027.4,48044.4,20075
2025-10-28 18:00:00+00:00,48045.4,48119.4,48006.9,48026.4,14950
2025-10-28 19:00:00+00:00,48025.9,48026.4,47865.3,47890.4,24511
2025-10-28 20:00:00+00:00,47892.6,47919.1,47830.1,47884.1,6673
2025-10-28 22:00:00+00:00,47871.0,47901.1,47863.1,47863.6,1213
2025-10-28 23:00:00+00:00,47864.1,47870.1,47844.0,47856.6,1449
2025-10-29 00:00:00+00:00,47857.1,47867.6,47824.6,47834.1,2679
2025-10-29 01:00:00+00:00,47833.1,47862.6,47815.1,47817.1,3655
2025-10-29 02:00:00+00:00,47817.6,47860.1,47816.1,47846.1,2319
2025-10-29 03:00:00+00:00,47846.6,47858.1,47834.1,47846.1,1774
2025-10-29 04:00:00+00:00,47845.6,47862.1,47830.1,47858.1,1339
2025-10-29 05:00:00+00:00,47858.6,47865.6,47839.6,47848.1,1467
2025-10-29 06:00:00+00:00,47848.6,47865.1,47840.6,47863.1,1654
2025-10-29 07:00:00+00:00,47861.3,47883.3,47847.8,47874.8,2544
2025-10-29 08:00:00+00:00,47875.8,47891.3,47773.8,47779.3,4737
2025-10-29 09:00:00+00:00,47778.8,47786.3,47738.3,47784.8,3984
2025-10-29 10:00:00+00:00,47784.3,47965.8,47774.8,47942.8,4431
2025-10-29 11:00:00+00:00,47942.3,48006.3,47923.3,47962.8,4117
2025-10-29 12:00:00+00:00,47962.3,48013.3,47938.8,48001.8,3797
2025-10-29 13:00:00+00:00,48001.3,48214.4,47949.4,48171.4,36921
2025-10-29 14:00:00+00:00,48172.3,48177.9,48061.9,48126.4,37023
2025-10-29 15:00:00+00:00,48125.9,48162.4,48095.4,48097.4,24413
2025-10-29 16:00:00+00:00,48096.9,48189.4,48083.9,48142.4,17761
2025-10-29 17:00:00+00:00,48142.9,48147.4,47983.9,47998.3,14826
2025-10-29 18:00:00+00:00,47997.8,48047.8,47629.9,47829.4,86079
2025-10-29 19:00:00+00:00,47828.9,47871.4,47616.9,47823.9,74523
2025-10-29 20:00:00+00:00,47825.1,47878.5,47659.5,47767.5,7828
2025-10-29 22:00:00+00:00,47718.0,47770.5,47687.0,47707.6,1638
2025-10-29 23:00:00+00:00,47706.6,47786.1,47692.1,47764.1,3861
2025-10-30 00:00:00+00:00,47764.6,47880.1,47758.1,47837.1,8251
2025-10-30 01:00:00+00:00,47837.6,47872.1,47796.1,47851.6,7687
2025-10-30 02:00:00+00:00,47852.1,47931.1,47845.6,47887.6,4897
2025-10-30 03:00:00+00:00,47888.1,47925.1,47869.6,47883.1,5080
2025-10-30 04:00:00+00:00,47882.6,47889.1,47653.1,47711.6,27113
2025-10-30 05:00:00+00:00,47712.1,47841.1,47701.1,47795.6,10291
2025-10-30 06:00:00+00:00,47796.1,47799.6,47718.6,47769.6,9847
2025-10-30 07:00:00+00:00,47768.8,47832.8,47721.3,47786.3,8956
2025-10-30 08:00:00+00:00,47785.8,47794.3,47683.8,47687.3,9520
2025-10-30 09:00:00+00:00,47687.8,47708.3,47599.8,47619.3,7249
2025-10-30 10:00:00+00:00,47619.8,47688.3,47616.3,47657.8,5887
2025-10-30 11:00:00+00:00,47659.3,47716.3,47638.8,47647.8,5194
2025-10-30 12:00:00+00:00,47647.3,47667.8,47563.3,47599.3,15173
2025-10-30 13:00:00+00:00,47598.8,48031.9,47551.8,48000.4,71837
2025-10-30 14:00:00+00:00,47999.9,48159.9,47943.9,48118.4,91110
2025-10-30 15:00:00+00:00,48117.9,48181.9,47951.9,48011.4,44369
2025-10-30 16:00:00+00:00,48010.9,48063.4,47944.4,47977.4,35314
2025-10-30 17:00:00+00:00,47976.9,47977.9,47880.4,47957.4,33209
2025-10-30 18:00:00+00:00,47957.9,47964.4,47794.4,47802.4,32337
2025-10-30 19:00:00+00:00,47802.9,47811.9,47655.9,47666.4,43368
2025-10-30 20:00:00+00:00,47668.6,47817.6,47647.1,47740.6,21731
2025-10-30 22:00:00+00:00,47777.1,47777.1,47702.1,47723.6,3180
2025-10-30 23:00:00+00:00,47724.1,47745.6,47673.6,47742.1,3480
2025-10-31 00:00:00+00:00,47741.6,47780.1,47705.1,47746.1,4737
2025-10-31 01:00:00+00:00,47745.6,47752.1,47700.1,47749.1,4270
2025-10-31 02:00:00+00:00,47750.1,47757.1,47658.1,47682.6,3307
2025-10-31 03:00:00+00:00,47682.1,47707.1,47661.1,47705.1,2977
2025-10-31 04:00:00+00:00,47706.1,47733.1,47703.1,47712.6,2022
2025-10-31 05:00:00+00:00,47712.1,47714.6,47674.1,47680.1,2857
2025-10-31 06:00:00+00:00,47679.6,47719.6,47677.6,47685.6,3426
2025-10-31 07:00:00+00:00,47684.8,47741.3,47677.3,47735.8,3462
2025-10-31 08:00:00+00:00,47734.3,47737.3,47687.3,47734.3,5813
2025-10-31 09:00:00+00:00,47734.8,47744.3,47676.8,47680.3,3151
2025-10-31 10:00:00+00:00,47679.8,47680.8,47622.8,47657.8,3274
2025-10-31 11:00:00+00:00,47658.3,47760.3,47652.3,47745.8,4027
2025-10-31 12:00:00+00:00,47745.3,47809.8,47709.3,47748.3,7780
2025-10-31 13:00:00+00:00,47747.8,47783.4,47621.4,47738.4,47628
2025-10-31 14:00:00+00:00,47737.4,47816.4,47634.4,47751.4,44539
2025-10-31 15:00:00+00:00,47751.9,47788.4,47613.9,47653.4,38178
2025-10-31 16:00:00+00:00,47652.9,47712.4,47546.4,47561.4,44260
2025-10-31 17:00:00+00:00,47560.9,47608.9,47488.9,47588.4,45446
2025-10-31 18:00:00+00:00,47588.9,47760.9,47583.9,47753.9,28929
2025-10-31 19:00:00+00:00,47753.4,47863.4,47710.9,47712.9,34660
2025-10-31 20:00:00+00:00,47715.1,47720.6,47668.6,47677.1,5353
2025-11-02 23:00:00+00:00,47756.9,47843.6,47756.9,47826.6,2795
2025-11-03 00:00:00+00:00,47827.1,47872.1,47823.1,47869.1,2454
2025-11-03 01:00:00+00:00,47869.6,47870.1,47811.6,47815.1,3155
2025-11-03 02:00:00+00:00,47814.6,47835.1,47790.1,47794.6,3425
2025-11-03 03:00:00+00:00,47795.1,47798.1,47749.1,47773.1,2947
2025-11-03 04:00:00+00:00,47772.6,47790.6,47757.1,47781.6,2006
2025-11-03 05:00:00+00:00,47782.1,47790.1,47746.6,47768.1,2695
2025-11-03 06:00:00+00:00,47769.1,47784.1,47720.1,47738.1,3275
2025-11-03 07:00:00+00:00,47737.8,47739.8,47695.8,47704.3,4259
2025-11-03 08:00:00+00:00,47704.8,47767.8,47690.3,47753.8,6398
2025-11-03 09:00:00+00:00,47754.3,47824.8,47751.8,47765.8,4647
2025-11-03 10:00:00+00:00,47766.3,47780.3,47741.3,47753.8,3339
2025-11-03 11:00:00+00:00,47754.3,47782.3,47736.8,47744.8,3013
2025-11-03 12:00:00+00:00,47745.3,47757.8,47695.3,47698.3,3377
2025-11-03 13:00:00+00:00,47697.8,47703.8,47653.8,47697.3,5492
2025-11-03 14:00:00+00:00,47697.8,47772.9,47494.4,47517.8,46816
2025-11-03 15:00:00+00:00,47519.3,47556.9,47264.9,47485.4,56713
2025-11-03 16:00:00+00:00,47485.9,47571.9,47459.9,47538.9,34274
2025-11-03 17:00:00+00:00,47539.4,47565.4,47453.9,47499.4,22443
2025-11-03 18:00:00+00:00,47499.9,47529.4,47461.4,47501.4,13630
2025-11-03 19:00:00+00:00,47501.9,47546.4,47467.4,47477.4,22168
2025-11-03 20:00:00+00:00,47477.9,47504.4,47425.4,47491.4,21978
2025-11-03 21:00:00+00:00,47492.6,47494.1,47438.1,47455.6,3269
2025-11-03 23:00:00+00:00,47460.5,47466.0,47411.1,47424.0,854
2025-11-04 00:00:00+00:00,47423.5,47426.1,47374.6,47424.1,4080
2025-11-04 01:00:00+00:00,47424.6,47428.1,47377.6,47400.1,5430
2025-11-04 02:00:00+00:00,47399.6,47405.6,47330.1,47333.1,4960
2025-11-04 03:00:00+00:00,47332.1,47388.6,47330.1,47348.1,5096
2025-11-04 04:00:00+00:00,47348.6,47357.1,47297.1,47309.1,4428
2025-11-04 05:00:00+00:00,47309.6,47314.6,47213.6,47233.6,8334
2025-11-04 06:00:00+00:00,47235.6,47252.1,47156.1,47184.1,13593
2025-11-04 07:00:00+00:00,47182.3,47200.3,47128.3,47162.8,9220
2025-11-04 08:00:00+00:00,47163.3,47164.3,47060.3,47129.8,13774
2025-11-04 09:00:00+00:00,47130.3,47140.8,47000.3,47005.8,10837
2025-11-04 10:00:00+00:00,47004.8,47143.8,46977.3,47138.8,8653
2025-11-04 11:00:00+00:00,47138.3,47166.3,47122.3,47143.3,5495
2025-11-04 12:00:00+00:00,47143.8,47220.3,47106.3,47192.3,7791
2025-11-04 13:00:00+00:00,47191.8,47224.8,47151.8,47208.8,8352
2025-11-04 14:00:00+00:00,47208.3,47280.9,47010.4,47275.4,58198
2025-11-04 15:00:00+00:00,47274.9,47404.4,47274.9,47320.4,44091
2025-11-04 16:00:00+00:00,47320.9,47357.9,47259.4,47346.4,39905
2025-11-04 17:00:00+00:00,47345.9,47346.4,47169.4,47183.4,38945
2025-11-04 18:00:00+00:00,47182.9,47229.4,47126.4,47173.9,35276
2025-11-04 19:00:00+00:00,47173.4,47224.9,47106.9,47148.4,37628
2025-11-04 20:00:00+00:00,47148.9,47273.9,47138.4,47223.4,39170
2025-11-04 21:00:00+00:00,47224.6,47326.1,47211.1,47299.1,8539
2025-11-04 23:00:00+00:00,47316.1,47337.5,47261.5,47273.1,4129
2025-11-05 00:00:00+00:00,47274.1,47275.1,47158.1,47162.1,10295
2025-11-05 01:00:00+00:00,47162.6,47254.6,47075.1,47095.1,21834
2025-11-05 02:00:00+00:00,47095.6,47179.6,47083.6,47168.1,15704
2025-11-05 03:00:00+00:00,47168.6,47261.1,47164.6,47260.6,12229
2025-11-05 04:00:00+00:00,47261.1,47262.1,47215.1,47245.6,7924
2025-11-05 05:00:00+00:00,47246.1,47289.6,47220.1,47252.1,7934
2025-11-05 06:00:00+00:00,47251.6,47298.6,47223.6,47287.1,7369
2025-11-05 07:00:00+00:00,47285.3,47290.8,47236.3,47238.8,5827
2025-11-05 08:00:00+00:00,47239.8,47311.8,47212.3,47285.3,9815
2025-11-05 09:00:00+00:00,47285.8,47289.8,47218.3,47233.8,7019
2025-11-05 10:00:00+00:00,47233.3,47270.8,47151.3,47153.8,7122
2025-11-05 11:00:00+00:00,47153.3,47243.8,47143.8,47224.3,6802
2025-11-05 12:00:00+00:00,47224.8,47240.8,47158.3,47226.3,7222
2025-11-05 13:00:00+00:00,47226.8,47269.3,47206.3,47258.8,8643
2025-11-05 14:00:00+00:00,47259.3,47389.4,47162.9,47344.8,46747
2025-11-05 15:00:00+00:00,47345.8,47394.4,47201.9,47261.4,68067
2025-11-05 16:00:00+00:00,47261.9,47393.9,47164.9,47366.4,39396
2025-11-05 17:00:00+00:00,47365.9,47583.9,47358.4,47499.9,24257
2025-11-05 18:00:00+00:00,47500.4,47537.9,47480.4,47495.9,17352
2025-11-05 19:00:00+00:00,47496.4,47538.4,47458.4,47492.4,16192
2025-11-05 20:00:00+00:00,47492.9,47561.4,47424.9,47433.9,24456
2025-11-05 21:00:00+00:00,47436.6,47484.1,47416.1,47468.6,5834
2025-11-05 23:00:00+00:00,47452.5,47496.6,47423.6,47494.6,2955
2025-11-06 00:00:00+00:00,47494.1,47495.1,47371.1,47430.1,8249
2025-11-06 01:00:00+00:00,47429.1,47429.1,47362.6,47394.1,8470
2025-11-06 02:00:00+00:00,47393.6,47419.1,47355.1,47417.1,5276
2025-11-06 03:00:00+00:00,47417.6,47425.6,47390.1,47414.1,3765
2025-11-06 04:00:00+00:00,47413.1,47439.6,47398.1,47432.6,2800
2025-11-06 05:00:00+00:00,47433.1,47439.1,47388.1,47394.1,3369
2025-11-06 06:00:00+00:00,47392.1,47416.1,47379.6,47385.1,3821
2025-11-06 07:00:00+00:00,47384.8,47412.3,47343.8,47352.8,4725
2025-11-06 08:00:00+00:00,47352.3,47371.3,47309.3,47359.8,9711
2025-11-06 09:00:00+00:00,47360.3,47431.3,47349.8,47409.3,4632
2025-11-06 10:00:00+00:00,47409.8,47448.3,47400.8,47420.3,3557
2025-11-06 11:00:00+00:00,47420.8,47444.8,47405.8,47419.3,3502
2025-11-06 12:00:00+00:00,47418.8,47469.3,47415.3,47463.8,4868
2025-11-06 13:00:00+00:00,47463.3,47497.8,47432.8,47436.8,4820
2025-11-06 14:00:00+00:00,47436.3,47464.4,47152.4,47157.4,53245
2025-11-06 15:00:00+00:00,47156.9,47269.9,47008.9,47064.9,86054
2025-11-06 16:00:00+00:00,47065.4,47095.9,46895.4,46901.4,67029
2025-11-06 17:00:00+00:00,46900.4,47058.9,46899.4,47006.4,54840
2025-11-06 18:00:00+00:00,47005.9,47128.4,46902.4,47099.4,46882
2025-11-06 19:00:00+00:00,47099.9,47201.9,47082.4,47166.4,40178
2025-11-06 20:00:00+00:00,47164.9,47207.4,47001.9,47042.9,48285
2025-11-06 21:00:00+00:00,47045.6,47135.1,47037.6,47099.6,8094
2025-11-06 23:00:00+00:00,47117.5,47152.6,47082.6,47129.0,1697
2025-11-07 00:00:00+00:00,47128.0,47162.6,47093.5,47124.6,7014
2025-11-07 01:00:00+00:00,47124.1,47127.1,47015.1,47075.1,15392
2025-11-07 02:00:00+00:00,47076.1,47079.1,47023.6,47066.1,8600
2025-11-07 03:00:00+00:00,47065.6,47073.1,47000.6,47030.6,6430
2025-11-07 04:00:00+00:00,47030.1,47066.1,46977.1,47062.1,6770
2025-11-07 05:00:00+00:00,47061.6,47122.5,47058.1,47117.6,5022
2025-11-07 06:00:00+00:00,47118.1,47132.1,47103.6,47120.1,3905
2025-11-07 07:00:00+00:00,47117.8,47145.8,47104.8,47129.8,4737
2025-11-07 08:00:00+00:00,47130.3,47144.8,47061.8,47093.8,9862
2025-11-07 09:00:00+00:00,47093.3,47123.8,47023.8,47044.8,8738
2025-11-07 10:00:00+00:00,47045.3,47062.8,46974.3,47007.8,8288
2025-11-07 11:00:00+00:00,47008.3,47010.3,46866.3,46971.3,14629
2025-11-07 12:00:00+00:00,46971.8,46971.8,46852.3,46861.8,12837
2025-11-07 13:00:00+00:00,46862.3,46942.8,46835.3,46910.8,15148
2025-11-07 14:00:00+00:00,46911.3,46944.8,46742.4,46916.8,65690
2025-11-07 15:00:00+00:00,46905.8,46977.4,46790.9,46792.4,92020
2025-11-07 16:00:00+00:00,46791.9,46816.9,46611.9,46648.9,54120
2025-11-07 17:00:00+00:00,46649.4,46757.4,46583.3,46753.4,49816
2025-11-07 18:00:00+00:00,46753.9,46848.4,46736.9,46828.4,40224
2025-11-07 19:00:00+00:00,46828.9,47069.4,46805.4,47061.4,42845
2025-11-07 20:00:00+00:00,47060.9,47094.9,46936.4,47081.9,57589
2025-11-07 21:00:00+00:00,47084.1,47154.6,47083.1,47122.6,5056
2025-11-09 23:00:00+00:00,47266.0,47289.5,47210.6,47229.6,2920
2025-11-10 00:00:00+00:00,47229.1,47230.6,47171.1,47210.6,8750
2025-11-10 01:00:00+00:00,47210.1,47211.6,47148.1,47187.1,7275
2025-11-10 02:00:00+00:00,47186.6,47210.6,47175.1,47180.1,3683
2025-11-10 03:00:00+00:00,47180.6,47204.1,47147.6,47148.1,3475
2025-11-10 04:00:00+00:00,47147.1,47180.1,47147.1,47161.1,2994
2025-11-10 05:00:00+00:00,47162.1,47218.1,47161.1,47192.1,2973
2025-11-10 06:00:00+00:00,47191.6,47211.6,47165.1,47167.1,3499
2025-11-10 07:00:00+00:00,47165.3,47184.8,47143.8,47171.8,4792
2025-11-10 08:00:00+00:00,47172.3,47235.8,47138.8,47234.8,5977
2025-11-10 09:00:00+00:00,47235.3,47302.8,47234.8,47288.8,5462
2025-11-10 10:00:00+00:00,47290.3,47305.8,47278.8,47282.8,3164
2025-11-10 11:00:00+00:00,47282.3,47299.8,47246.8,47294.8,3428
2025-11-10 12:00:00+00:00,47295.3,47309.3,47244.8,47259.3,4641
2025-11-10 13:00:00+00:00,47259.8,47279.3,47241.3,47275.8,4439
2025-11-10 14:00:00+00:00,47276.3,47422.9,47220.9,47223.4,42380
2025-11-10 15:00:00+00:00,47222.9,47289.9,47091.9,47101.9,43589
2025-11-10 16:00:00+00:00,47102.4,47145.4,47032.4,47141.4,43279
2025-11-10 17:00:00+00:00,47140.9,47339.4,47129.9,47325.9,25582
2025-11-10 18:00:00+00:00,47326.4,47400.9,47316.9,47391.4,13672
2025-11-10 19:00:00+00:00,47390.9,47505.4,47390.4,47468.4,12582
2025-11-10 20:00:00+00:00,47467.9,47511.4,47433.4,47463.9,20175
2025-11-10 21:00:00+00:00,47466.1,47514.1,47454.6,47462.1,3600
2025-11-10 23:00:00+00:00,47465.0,47497.1,47449.1,47495.6,3124
2025-11-11 00:00:00+00:00,47495.1,47521.1,47472.0,47478.6,5317
2025-11-11 01:00:00+00:00,47479.1,47491.6,47457.1,47473.1,5682
2025-11-11 02:00:00+00:00,47472.6,47509.6,47455.6,47481.6,4381
2025-11-11 03:00:00+00:00,47482.1,47506.6,47475.1,47499.1,2940
2025-11-11 04:00:00+00:00,47498.6,47498.6,47464.1,47472.1,3221
2025-11-11 05:00:00+00:00,47472.6,47486.6,47457.1,47468.1,5268
2025-11-11 06:00:00+00:00,47468.6,47495.6,47463.6,47475.1,3891
2025-11-11 07:00:00+00:00,47474.3,47485.8,47438.3,47440.8,3993
2025-11-11 08:00:00+00:00,47441.3,47458.3,47414.8,47421.3,5909
2025-11-11 09:00:00+00:00,47421.8,47448.3,47415.3,47434.3,4143
2025-11-11 10:00:00+00:00,47433.8,47467.8,47427.3,47460.8,2815
2025-11-11 11:00:00+00:00,47461.8,47482.3,47456.8,47480.8,3129
2025-11-11 12:00:00+00:00,47481.3,47496.8,47463.3,47480.8,3404
2025-11-11 13:00:00+00:00,47481.3,47509.8,47460.3,47489.8,5092
2025-11-11 14:00:00+00:00,47490.8,47594.4,47475.8,47586.4,36077
2025-11-11 15:00:00+00:00,47585.9,47667.9,47495.9,47631.4,44169
2025-11-11 16:00:00+00:00,47631.9,47784.4,47610.4,47771.4,33222
2025-11-11 17:00:00+00:00,47771.9,47930.9,47763.9,47925.4,24766
2025-11-11 18:00:00+00:00,47924.9,48027.4,47922.4,47974.4,24227
2025-11-11 19:00:00+00:00,47974.9,48047.3,47932.9,48034.4,17638
2025-11-11 20:00:00+00:00,48035.4,48083.9,47994.4,48039.9,21821
2025-11-11 21:00:00+00:00,48042.1,48081.1,48028.1,48050.6,4570
2025-11-11 23:00:00+00:00,48027.0,48056.1,48021.6,48035.6,2431
2025-11-12 00:00:00+00:00,48036.1,48071.6,48027.6,48054.1,3937
2025-11-12 01:00:00+00:00,48053.6,48077.1,48036.1,48073.1,4655
2025-11-12 02:00:00+00:00,48073.6,48093.0,48048.6,48059.1,3206
2025-11-12 03:00:00+00:00,48059.6,48070.1,48043.6,48059.1,2606
2025-11-12 04:00:00+00:00,48057.6,48068.1,48042.1,48065.1,2704
2025-11-12 05:00:00+00:00,48065.6,48094.1,48063.1,48081.1,2407
2025-11-12 06:00:00+00:00,48080.1,48096.1,48077.1,48090.6,1896
2025-11-12 07:00:00+00:00,48089.8,48118.8,48084.8,48092.8,2493
2025-11-12 08:00:00+00:00,48092.3,48120.8,48074.8,48079.8,4485
2025-11-12 09:00:00+00:00,48080.3,48123.3,48068.3,48109.8,3347
2025-11-12 10:00:00+00:00,48110.3,48119.8,48079.8,48095.3,2970
2025-11-12 11:00:00+00:00,48095.8,48133.8,48068.3,48080.8,3916
2025-11-12 12:00:00+00:00,48080.3,48162.3,48070.8,48148.8,4171
2025-11-12 13:00:00+00:00,48148.3,48156.8,48130.8,48145.8,3195
2025-11-12 14:00:00+00:00,48146.3,48529.9,48130.3,48518.4,37954
2025-11-12 15:00:00+00:00,48519.4,48522.4,48366.4,48411.4,47175
2025-11-12 16:00:00+00:00,48410.9,48438.4,48317.9,48355.4,41868
2025-11-12 17:00:00+00:00,48354.9,48478.9,48349.9,48439.4,38884
2025-11-12 18:00:00+00:00,48438.9,48460.4,48393.4,48425.4,23985
2025-11-12 19:00:00+00:00,48425.9,48430.9,48338.4,48377.4,23762
2025-11-12 20:00:00+00:00,48376.9,48454.4,48345.9,48371.9,28051
2025-11-12 21:00:00+00:00,48374.1,48441.6,48373.6,48387.6,5658
2025-11-12 23:00:00+00:00,48397.5,48400.5,48292.5,48335.6,5924
2025-11-13 00:00:00+00:00,48336.1,48390.1,48335.1,48375.6,6415
2025-11-13 01:00:00+00:00,48375.1,48474.6,48368.1,48445.1,12407
2025-11-13 02:00:00+00:00,48444.6,48461.1,48422.1,48434.1,4655
2025-11-13 03:00:00+00:00,48434.6,48484.1,48417.1,48452.6,3993
2025-11-13 04:00:00+00:00,48452.1,48481.6,48441.1,48479.1,2602
2025-11-13 05:00:00+00:00,48479.6,48495.1,48475.1,48481.1,2256
2025-11-13 06:00:00+00:00,48482.1,48505.6,48479.1,48482.6,2843
2025-11-13 07:00:00+00:00,48481.8,48498.8,48455.8,48457.8,4442
2025-11-13 08:00:00+00:00,48458.3,48475.3,48437.8,48460.3,7459
2025-11-13 09:00:00+00:00,48459.8,48463.8,48355.3,48376.3,7973
2025-11-13 10:00:00+00:00,48375.8,48419.3,48367.8,48390.8,4471
2025-11-13 11:00:00+00:00,48390.3,48403.3,48301.8,48342.3,6127
2025-11-13 12:00:00+00:00,48342.8,48357.3,48306.8,48328.8,5509
2025-11-13 13:00:00+00:00,48329.3,48331.3,48222.8,48273.8,9543
2025-11-13 14:00:00+00:00,48273.3,48328.9,48189.9,48230.4,59768
2025-11-13 15:00:00+00:00,48230.9,48324.9,47995.4,48033.4,71738
2025-11-13 16:00:00+00:00,48032.9,48048.4,47850.4,47919.4,60090
2025-11-13 17:00:00+00:00,47918.9,47984.9,47835.4,47846.4,65820
2025-11-13 18:00:00+00:00,47846.9,47885.4,47675.9,47718.9,52429
2025-11-13 19:00:00+00:00,47719.4,47755.9,47533.9,47602.4,56984
2025-11-13 20:00:00+00:00,47602.9,47647.4,47500.4,47558.4,67510
2025-11-13 21:00:00+00:00,47559.6,47666.1,47554.6,47591.1,7387
2025-11-13 23:00:00+00:00,47591.5,47646.6,47591.5,47609.6,5082
2025-11-14 00:00:00+00:00,47609.1,47646.6,47599.6,47625.6,6586
2025-11-14 01:00:00+00:00,47625.1,47644.1,47606.1,47620.6,7467
2025-11-14 02:00:00+00:00,47621.1,47632.6,47595.1,47607.6,4093
2025-11-14 03:00:00+00:00,47608.1,47611.1,47561.1,47586.1,3731
2025-11-14 04:00:00+00:00,47586.6,47593.1,47537.6,47552.1,6381
2025-11-14 05:00:00+00:00,47552.6,47595.1,47520.6,47566.1,7250
2025-11-14 06:00:00+00:00,47565.6,47569.1,47494.1,47542.6,7846
2025-11-14 07:00:00+00:00,47541.8,47541.8,47440.8,47483.8,12948
2025-11-14 08:00:00+00:00,47484.8,47524.3,47419.8,47518.3,16831
2025-11-14 09:00:00+00:00,47518.8,47548.3,47444.8,47453.3,10979
2025-11-14 10:00:00+00:00,47452.8,47495.8,47425.8,47443.8,8124
2025-11-14 11:00:00+00:00,47443.3,47443.3,47269.8,47307.8,13913
2025-11-14 12:00:00+00:00,47308.3,47327.8,47213.8,47275.8,17038
2025-11-14 13:00:00+00:00,47276.3,47289.8,47152.8,47228.8,17510
2025-11-14 14:00:00+00:00,47229.3,47281.3,46946.9,47082.4,77341
2025-11-14 15:00:00+00:00,47081.9,47260.4,46941.4,47232.4,97120
2025-11-14 16:00:00+00:00,47231.9,47408.9,47159.4,47397.9,58492
2025-11-14 17:00:00+00:00,47397.4,47461.9,47324.4,47380.9,55303
2025-11-14 18:00:00+00:00,47381.4,47393.4,47235.4,47341.4,59501
2025-11-14 19:00:00+00:00,47340.9,47403.4,47281.9,47385.4,47186
2025-11-14 20:00:00+00:00,47385.9,47412.9,47191.9,47245.4,45912
2025-11-14 21:00:00+00:00,47247.6,47283.1,47193.6,47267.1,5998
2025-11-16 23:00:00+00:00,47159.0,47239.6,47104.1,47221.1,5903
2025-11-17 00:00:00+00:00,47220.1,47259.1,47159.1,47240.1,9207
2025-11-17 01:00:00+00:00,47240.6,47253.6,47194.6,47207.1,6523
2025-11-17 02:00:00+00:00,47207.6,47265.1,47194.1,47254.1,4458
2025-11-17 03:00:00+00:00,47254.6,47274.5,47246.6,47264.1,3306
2025-11-17 04:00:00+00:00,47265.1,47288.1,47259.1,47277.1,2230
2025-11-17 05:00:00+00:00,47277.6,47294.1,47252.1,47254.1,2851
2025-11-17 06:00:00+00:00,47253.6,47283.1,47247.1,47269.6,3320
2025-11-17 07:00:00+00:00,47267.8,47328.3,47260.8,47311.8,4156
2025-11-17 08:00:00+00:00,47312.3,47370.3,47304.8,47339.3,6930
2025-11-17 09:00:00+00:00,47338.8,47345.8,47260.8,47296.8,8875
2025-11-17 10:00:00+00:00,47297.3,47299.3,47188.8,47199.8,8322
2025-11-17 11:00:00+00:00,47200.3,47272.8,47185.8,47237.8,7891
2025-11-17 12:00:00+00:00,47237.3,47241.3,47192.3,47217.8,9796
2025-11-17 13:00:00+00:00,47217.3,47233.3,47107.8,47160.3,12630
2025-11-17 14:00:00+00:00,47159.8,47290.4,47080.4,47189.4,54535
2025-11-17 15:00:00+00:00,47189.9,47255.9,47082.4,47133.4,81295
2025-11-17 16:00:00+00:00,47132.9,47231.9,46936.4,47231.9,54777
2025-11-17 17:00:00+00:00,47232.4,47247.4,47053.4,47057.4,46027
2025-11-17 18:00:00+00:00,47057.9,47064.4,46843.4,46844.4,49685
2025-11-17 19:00:00+00:00,46844.9,46859.4,46546.3,46549.9,55186
2025-11-17 20:00:00+00:00,46549.4,46692.9,46504.4,46677.9,62892
2025-11-17 21:00:00+00:00,46680.1,46732.1,46667.1,46709.6,7878
2025-11-17 23:00:00+00:00,46709.0,46742.6,46679.6,46723.1,5158
2025-11-18 00:00:00+00:00,46724.6,46739.6,46644.6,46669.6,10263
2025-11-18 01:00:00+00:00,46670.1,46760.1,46661.1,46736.1,10889
2025-11-18 02:00:00+00:00,46735.6,46758.1,46661.1,46663.6,8617
2025-11-18 03:00:00+00:00,46663.1,46671.1,46600.6,46609.6,10180
2025-11-18 04:00:00+00:00,46609.1,46609.1,46400.1,46524.1,17481
2025-11-18 05:00:00+00:00,46523.6,46548.6,46483.1,46497.6,11737
2025-11-18 06:00:00+00:00,46498.1,46539.6,46428.6,46442.1,11287
2025-11-18 07:00:00+00:00,46439.8,46531.8,46380.3,46490.3,13184
2025-11-18 08:00:00+00:00,46490.8,46621.3,46477.8,46558.8,20676
2025-11-18 09:00:00+00:00,46558.3,46576.3,46503.8,46560.8,12427
2025-11-18 10:00:00+00:00,46560.3,46566.8,46499.8,46544.3,8071
2025-11-18 11:00:00+00:00,46542.3,46542.3,46407.3,46447.8,9266
2025-11-18 12:00:00+00:00,46447.3,46459.8,46247.3,46277.8,15016
2025-11-18 13:00:00+00:00,46278.3,46358.8,46265.3,46322.8,17000
2025-11-18 14:00:00+00:00,46322.3,46403.4,46131.9,46168.8,81585
2025-11-18 15:00:00+00:00,46168.3,46218.9,46029.4,46038.4,130031
2025-11-18 16:00:00+00:00,46038.9,46310.4,45990.4,46205.4,90774
2025-11-18 17:00:00+00:00,46204.9,46390.4,45993.9,46349.9,76565
2025-11-18 18:00:00+00:00,46350.4,46450.4,46303.4,46320.9,67294
2025-11-18 19:00:00+00:00,46321.4,46440.9,46302.4,46409.4,61975
2025-11-18 20:00:00+00:00,46409.9,46445.4,46161.9,46174.4,65212
2025-11-18 21:00:00+00:00,46175.6,46182.6,46102.0,46118.5,12584
2025-11-18 23:00:00+00:00,46137.0,46239.6,46136.5,46228.1,5931
2025-11-19 00:00:00+00:00,46228.6,46238.1,46119.1,46197.6,16632
2025-11-19 01:00:00+00:00,46198.1,46248.6,46156.6,46175.6,15683
2025-11-19 02:00:00+00:00,46176.1,46259.6,46176.1,46241.1,8197
2025-11-19 03:00:00+00:00,46241.6,46252.6,46133.6,46135.1,7582
2025-11-19 04:00:00+00:00,46134.6,46150.1,46096.6,46117.6,7102
2025-11-19 05:00:00+00:00,46118.6,46157.6,46061.6,46141.1,8390
2025-11-19 06:00:00+00:00,46142.6,46173.6,46122.1,46162.1,7489
2025-11-19 07:00:00+00:00,46160.3,46220.8,46140.3,46198.8,7745
2025-11-19 08:00:00+00:00,46198.3,46234.8,46142.3,46159.8,12934
2025-11-19 09:00:00+00:00,46159.3,46242.8,46123.8,46241.8,9881
2025-11-19 10:00:00+00:00,46241.3,46262.8,46224.8,46245.8,5877
2025-11-19 11:00:00+00:00,46246.3,46282.3,46237.8,46243.8,6990
2025-11-19 12:00:00+00:00,46243.3,46298.8,46216.8,46270.8,7824
2025-11-19 13:00:00+00:00,46270.3,46283.8,46207.3,46230.8,9931
2025-11-19 14:00:00+00:00,46230.3,46279.9,46099.9,46271.4,59155
2025-11-19 15:00:00+00:00,46270.9,46377.9,46058.4,46070.9,60527
2025-11-19 16:00:00+00:00,46071.4,46118.4,45991.4,46107.4,67135
2025-11-19 17:00:00+00:00,46106.9,46158.9,45980.4,46110.4,79794
2025-11-19 18:00:00+00:00,46110.9,46242.3,46093.9,46210.8,62550
2025-11-19 19:00:00+00:00,46212.8,46222.9,45974.4,46085.4,60313
2025-11-19 20:00:00+00:00,46084.9,46296.4,46067.9,46207.4,66192
2025-11-19 21:00:00+00:00,46209.6,46313.0,46155.1,46223.1,22946
2025-11-19 23:00:00+00:00,46246.5,46418.1,46223.5,46411.6,8949
2025-11-20 00:00:00+00:00,46410.6,46476.1,46386.6,46438.6,7206
2025-11-20 01:00:00+00:00,46438.1,46478.6,46418.6,46458.1,5717
2025-11-20 02:00:00+00:00,46456.6,46497.1,46429.1,46489.6,3766
2025-11-20 03:00:00+00:00,46490.1,46517.1,46432.1,46465.1,4798
2025-11-20 04:00:00+00:00,46465.6,46519.1,46465.1,46515.1,3474
2025-11-20 05:00:00+00:00,46514.6,46536.1,46473.6,46484.1,3799
2025-11-20 06:00:00+00:00,46484.6,46502.1,46458.1,46501.1,4158
2025-11-20 07:00:00+00:00,46499.3,46556.3,46453.8,46458.3,5265
2025-11-20 08:00:00+00:00,46458.8,46549.3,46455.8,46479.3,9060
2025-11-20 09:00:00+00:00,46480.3,46491.8,46381.8,46405.8,9466
2025-11-20 10:00:00+00:00,46406.3,46508.8,46401.8,46497.8,6781
2025-11-20 11:00:00+00:00,46498.3,46498.8,46399.8,46425.8,8686
2025-11-20 12:00:00+00:00,46426.3,46513.8,46379.8,46506.8,7511
2025-11-20 13:00:00+00:00,46506.3,46676.8,46443.8,46666.8,19101
2025-11-20 14:00:00+00:00,46667.3,46893.9,46635.3,46864.8,67502
2025-11-20 15:00:00+00:00,46866.3,46937.9,46746.4,46776.9,70761
2025-11-20 16:00:00+00:00,46777.4,46782.4,46066.9,46097.9,128130
2025-11-20 17:00:00+00:00,46098.9,46212.9,45802.9,45922.9,163126
2025-11-20 18:00:00+00:00,45922.4,46222.4,45813.9,45854.9,111705
2025-11-20 19:00:00+00:00,45855.4,46115.9,45837.9,46108.4,96688
2025-11-20 20:00:00+00:00,46107.9,46109.9,45800.4,45831.4,95537
2025-11-20 21:00:00+00:00,45833.6,45866.1,45789.6,45830.5,13276
2025-11-20 23:00:00+00:00,45870.0,45942.1,45780.0,45916.6,12822
2025-11-21 00:00:00+00:00,45916.1,46014.1,45898.6,45996.1,12179
2025-11-21 01:00:00+00:00,45996.6,46054.1,45982.1,46027.1,12168
2025-11-21 02:00:00+00:00,46027.6,46064.6,46007.1,46030.6,9645
2025-11-21 03:00:00+00:00,46030.1,46097.1,46016.6,46030.6,9160
2025-11-21 04:00:00+00:00,46031.1,46039.1,45949.6,46023.1,9655
2025-11-21 05:00:00+00:00,46022.6,46056.6,45970.6,45982.1,9765
2025-11-21 06:00:00+00:00,45983.1,46031.6,45967.1,46004.6,7447
2025-11-21 07:00:00+00:00,46002.8,46008.8,45839.3,45856.8,10985
2025-11-21 08:00:00+00:00,45857.3,46070.3,45856.3,46053.8,20580
2025-11-21 09:00:00+00:00,46053.3,46058.3,45940.3,45976.8,16970
2025-11-21 10:00:00+00:00,45977.3,46002.3,45826.3,45998.3,25578
2025-11-21 11:00:00+00:00,45997.3,46054.8,45914.8,45957.8,15084
2025-11-21 12:00:00+00:00,45957.3,46164.8,45843.8,46132.3,34258
2025-11-21 13:00:00+00:00,46132.8,46158.8,46037.8,46082.8,21388
2025-11-21 14:00:00+00:00,46082.3,46104.9,45854.4,45959.8,91029
2025-11-21 15:00:00+00:00,45968.4,46158.4,45916.9,46023.4,164468
2025-11-21 16:00:00+00:00,46022.9,46480.4,45913.4,46477.4,115646
2025-11-21 17:00:00+00:00,46476.9,46566.4,46427.4,46478.9,74421
2025-11-21 18:00:00+00:00,46479.4,46656.9,46265.9,46549.4,84784
2025-11-21 19:00:00+00:00,46549.9,46637.4,46454.9,46493.4,65557
2025-11-21 20:00:00+00:00,46493.9,46524.9,46286.9,46334.9,76461
2025-11-21 21:00:00+00:00,46336.1,46394.6,46330.6,46346.6,7998
2025-11-23 23:00:00+00:00,46548.0,46548.0,46463.6,46478.1,4216
2025-11-24 00:00:00+00:00,46477.6,46477.6,46383.6,46436.6,5425
2025-11-24 01:00:00+00:00,46437.1,46446.1,46380.1,46403.6,7162
2025-11-24 02:00:00+00:00,46403.1,46478.6,46385.1,46477.1,6041
2025-11-24 03:00:00+00:00,46477.6,46488.1,46444.1,46453.1,3888
2025-11-24 04:00:00+00:00,46452.6,46456.1,46400.1,46404.6,4727
2025-11-24 05:00:00+00:00,46404.1,46452.6,46396.1,46439.1,4213
2025-11-24 06:00:00+00:00,46439.6,46443.1,46408.1,46423.1,2963
2025-11-24 07:00:00+00:00,46421.3,46488.8,46389.3,46468.3,4376
2025-11-24 08:00:00+00:00,46468.8,46506.8,46393.8,46500.3,11903
2025-11-24 09:00:00+00:00,46499.3,46506.8,46224.8,46315.8,18118
2025-11-24 10:00:00+00:00,46316.3,46340.8,46255.8,46294.3,13484
2025-11-24 11:00:00+00:00,46293.8,46368.8,46261.8,46362.3,10847
2025-11-24 12:00:00+00:00,46361.8,46455.3,46330.3,46449.3,10713
2025-11-24 13:00:00+00:00,46448.8,46500.8,46399.3,46407.3,9185
2025-11-24 14:00:00+00:00,46407.8,46491.8,46166.4,46356.9,80398
2025-11-24 15:00:00+00:00,46357.4,46599.4,46350.4,46561.9,77707
2025-11-24 16:00:00+00:00,46562.4,46655.9,46519.4,46528.4,33597
2025-11-24 17:00:00+00:00,46528.9,46597.9,46471.9,46584.4,28912
2025-11-24 18:00:00+00:00,46583.9,46644.9,46581.4,46616.4,17542
2025-11-24 19:00:00+00:00,46616.9,46637.9,46483.4,46509.4,20995
2025-11-24 20:00:00+00:00,46509.9,46586.9,46478.9,46510.4,30356
2025-11-24 21:00:00+00:00,46513.1,46555.6,46494.1,46527.6,5023
2025-11-24 23:00:00+00:00,46514.5,46540.1,46489.6,46501.6,3206
2025-11-25 00:00:00+00:00,46501.1,46504.1,46472.1,46501.1,4822
2025-11-25 01:00:00+00:00,46500.1,46508.1,46441.1,46446.1,4657
2025-11-25 02:00:00+00:00,46446.6,46477.1,46444.1,46474.1,3550
2025-11-25 03:00:00+00:00,46475.1,46478.1,46427.1,46435.1,3893
2025-11-25 04:00:00+00:00,46435.6,46483.1,46433.6,46475.6,2532
2025-11-25 05:00:00+00:00,46476.1,46500.1,46450.6,46464.1,3086
2025-11-25 06:00:00+00:00,46464.6,46481.6,46437.1,46450.1,2922
2025-11-25 07:00:00+00:00,46449.3,46510.8,46436.3,46482.8,3461
2025-11-25 08:00:00+00:00,46482.3,46505.3,46422.3,46440.8,8533
2025-11-25 09:00:00+00:00,46440.3,46498.8,46419.8,46443.8,8030
2025-11-25 10:00:00+00:00,46443.3,46480.3,46417.8,46468.8,6049
2025-11-25 11:00:00+00:00,46469.3,46470.3,46432.3,46461.3,4989
2025-11-25 12:00:00+00:00,46461.8,46597.3,46450.8,46489.3,14732
2025-11-25 13:00:00+00:00,46488.8,46578.3,46485.3,46544.8,12783
2025-11-25 14:00:00+00:00,46545.3,46857.4,46402.4,46655.3,60472
2025-11-25 15:00:00+00:00,46654.3,46929.4,46552.9,46823.4,109813
2025-11-25 16:00:00+00:00,46823.9,46952.9,46795.4,46943.4,49370
2025-11-25 17:00:00+00:00,46943.9,47100.9,46941.4,47057.4,29450
2025-11-25 18:00:00+00:00,47058.4,47094.4,47039.4,47068.4,22614
2025-11-25 19:00:00+00:00,47068.9,47149.4,47047.4,47127.9,22400
2025-11-25 20:00:00+00:00,47128.4,47251.4,47127.4,47176.9,24441
2025-11-25 21:00:00+00:00,47177.6,47222.1,47172.1,47197.1,3466
2025-11-25 23:00:00+00:00,47189.0,47224.1,47176.0,47220.1,2128
2025-11-26 00:00:00+00:00,47220.6,47245.1,47199.6,47237.1,3666
2025-11-26 01:00:00+00:00,47237.6,47274.6,47228.6,47269.1,4713
2025-11-26 02:00:00+00:00,47268.6,47286.1,47252.1,47265.1,2469
2025-11-26 03:00:00+00:00,47265.6,47277.6,47257.1,47268.1,1921
2025-11-26 04:00:00+00:00,47267.1,47273.6,47250.1,47265.1,1478
2025-11-26 05:00:00+00:00,47264.6,47292.6,47264.1,47278.6,1780
2025-11-26 06:00:00+00:00,47278.1,47297.1,47265.6,47285.6,1774
2025-11-26 07:00:00+00:00,47283.8,47328.3,47282.8,47304.8,2832
2025-11-26 08:00:00+00:00,47304.3,47321.8,47280.8,47290.3,6482
2025-11-26 09:00:00+00:00,47289.8,47291.8,47233.8,47264.8,5877
2025-11-26 10:00:00+00:00,47265.3,47296.3,47252.8,47271.8,3170
2025-11-26 11:00:00+00:00,47272.3,47273.8,47212.8,47226.3,5093
2025-11-26 12:00:00+00:00,47225.8,47234.8,47176.8,47225.3,10229
2025-11-26 13:00:00+00:00,47224.8,47293.3,47198.3,47287.8,7177
2025-11-26 14:00:00+00:00,47288.3,47464.4,47243.9,47324.4,43577
2025-11-26 15:00:00+00:00,47324.9,47485.4,47293.4,47483.4,52416
2025-11-26 16:00:00+00:00,47483.9,47603.4,47470.9,47590.4,23023
2025-11-26 17:00:00+00:00,47590.9,47632.9,47543.4,47596.4,20534
2025-11-26 18:00:00+00:00,47596.9,47621.4,47499.9,47546.4,30574
2025-11-26 19:00:00+00:00,47545.9,47608.4,47539.4,47556.4,19340
2025-11-26 20:00:00+00:00,47556.9,47594.4,47479.4,47484.9,21101
2025-11-26 21:00:00+00:00,47487.1,47519.1,47486.6,47509.1,3017
2025-11-26 23:00:00+00:00,47509.5,47540.1,47472.1,47483.6,1454
2025-11-27 00:00:00+00:00,47483.1,47539.1,47476.6,47529.1,2531
2025-11-27 01:00:00+00:00,47529.6,47533.1,47497.6,47527.1,3303
2025-11-27 02:00:00+00:00,47527.6,47531.1,47503.6,47507.1,1890
2025-11-27 03:00:00+00:00,47507.6,47516.6,47498.1,47516.1,1406
2025-11-27 04:00:00+00:00,47515.6,47521.6,47502.6,47517.6,1080
2025-11-27 05:00:00+00:00,47517.1,47533.6,47515.1,47520.6,1023
2025-11-27 06:00:00+00:00,47521.1,47522.1,47481.1,47484.1,1423
2025-11-27 07:00:00+00:00,47483.3,47506.8,47477.8,47501.3,1679
2025-11-27 08:00:00+00:00,47501.8,47525.8,47466.8,47483.8,4084
2025-11-27 09:00:00+00:00,47483.3,47505.8,47450.8,47451.8,2736
2025-11-27 10:00:00+00:00,47452.3,47489.3,47443.8,47483.8,2104
2025-11-27 11:00:00+00:00,47483.3,47490.8,47454.3,47478.8,1794
2025-11-27 12:00:00+00:00,47478.3,47501.8,47473.3,47480.8,1954
2025-11-27 13:00:00+00:00,47480.3,47506.8,47453.8,47487.3,2178
2025-11-27 14:00:00+00:00,47487.8,47518.8,47484.3,47506.4,2490
2025-11-27 15:00:00+00:00,47506.9,47520.4,47476.4,47484.4,1592
2025-11-27 16:00:00+00:00,47483.4,47496.9,47458.9,47482.4,1509
2025-11-27 17:00:00+00:00,47481.9,47491.9,47456.4,47481.4,1009
2025-11-27 23:00:00+00:00,47485.0,47562.6,47485.0,47559.1,1027
2025-11-28 00:00:00+00:00,47559.6,47576.6,47547.1,47556.1,1109
2025-11-28 01:00:00+00:00,47556.5,47580.6,47538.6,47543.5,395
2025-11-28 02:00:00+00:00,47543.1,47555.5,47535.0,47545.0,114
2025-11-28 13:00:00+00:00,47514.8,47593.3,47491.3,47538.3,249
2025-11-28 14:00:00+00:00,47534.3,47646.3,47514.8,47607.4,5572
2025-11-28 15:00:00+00:00,47607.9,47768.4,47600.9,47752.4,13377
2025-11-28 16:00:00+00:00,47751.9,47797.4,47710.9,47777.4,16064
2025-11-28 17:00:00+00:00,47777.9,47793.4,47691.4,47755.4,19406
2025-11-28 18:00:00+00:00,47754.9,47779.9,47728.9,47744.9,4415
2025-11-30 23:00:00+00:00,47776.6,47785.6,47685.6,47712.6,4271
2025-12-01 00:00:00+00:00,47714.1,47725.1,47597.6,47609.6,8847
2025-12-01 01:00:00+00:00,47609.1,47628.1,47545.6,47591.6,11644
2025-12-01 02:00:00+00:00,47591.1,47598.1,47543.6,47551.6,4848
2025-12-01 03:00:00+00:00,47551.1,47558.6,47524.6,47545.6,3864
2025-12-01 04:00:00+00:00,47545.1,47546.1,47492.6,47493.6,2509
2025-12-01 05:00:00+00:00,47494.1,47516.1,47468.1,47511.1,3468
2025-12-01 06:00:00+00:00,47510.1,47521.1,47491.1,47508.1,3032
2025-12-01 07:00:00+00:00,47507.3,47516.8,47463.8,47506.3,4085
2025-12-01 08:00:00+00:00,47505.8,47575.3,47478.3,47553.3,6585
2025-12-01 09:00:00+00:00,47552.8,47586.8,47504.8,47511.8,6229
2025-12-01 10:00:00+00:00,47512.3,47567.3,47507.8,47524.8,4547
2025-12-01 11:00:00+00:00,47524.3,47567.8,47509.8,47560.8,4948
2025-12-01 12:00:00+00:00,47561.3,47573.3,47498.3,47528.8,7287
2025-12-01 13:00:00+00:00,47529.3,47556.3,47503.3,47541.8,6167
2025-12-01 14:00:00+00:00,47542.3,47722.4,47435.8,47691.8,44342
2025-12-01 15:00:00+00:00,47700.4,47713.8,47377.4,47539.9,57732
2025-12-01 16:00:00+00:00,47540.4,47592.9,47466.9,47552.4,35700
2025-12-01 17:00:00+00:00,47552.9,47574.4,47490.9,47545.4,22569
2025-12-01 18:00:00+00:00,47545.9,47619.9,47543.4,47584.9,13403
2025-12-01 19:00:00+00:00,47585.4,47585.4,47381.4,47403.9,28514
2025-12-01 20:00:00+00:00,47404.4,47461.9,47319.9,47362.4,31024
2025-12-01 21:00:00+00:00,47364.6,47371.1,47339.1,47352.1,4210
2025-12-01 23:00:00+00:00,47357.5,47370.1,47321.6,47333.1,2772
2025-12-02 00:00:00+00:00,47333.6,47360.6,47317.1,47335.6,3682
2025-12-02 01:00:00+00:00,47335.1,47371.6,47327.6,47338.6,4075
2025-12-02 02:00:00+00:00,47339.1,47357.6,47316.1,47347.6,2792
2025-12-02 03:00:00+00:00,47347.1,47348.6,47282.1,47326.1,3493
2025-12-02 04:00:00+00:00,47325.6,47334.1,47302.1,47308.1,1731
2025-12-02 05:00:00+00:00,47308.6,47318.1,47301.1,47313.1,2098
2025-12-02 06:00:00+00:00,47312.6,47327.1,47273.6,47312.1,2384
2025-12-02 07:00:00+00:00,47311.3,47341.8,47302.8,47316.3,2578
2025-12-02 08:00:00+00:00,47316.8,47365.3,47269.3,47361.8,6245
2025-12-02 09:00:00+00:00,47361.3,47399.8,47358.8,47387.3,4108
2025-12-02 10:00:00+00:00,47388.8,47443.8,47375.8,47431.8,3411
2025-12-02 11:00:00+00:00,47432.3,47437.8,47400.3,47403.8,2865
2025-12-02 12:00:00+00:00,47403.3,47409.3,47360.8,47405.8,3530
2025-12-02 13:00:00+00:00,47405.3,47492.3,47389.8,47489.8,3969
2025-12-02 14:00:00+00:00,47489.3,47523.4,47328.9,47478.9,42708
2025-12-02 15:00:00+00:00,47478.4,47626.9,47385.4,47619.4,49756
2025-12-02 16:00:00+00:00,47619.9,47669.4,47399.4,47477.4,66271
2025-12-02 17:00:00+00:00,47476.4,47634.4,47431.4,47432.4,32988
2025-12-02 18:00:00+00:00,47431.4,47493.4,47375.4,47466.4,32895
2025-12-02 19:00:00+00:00,47465.9,47602.9,47463.9,47572.4,24182
2025-12-02 20:00:00+00:00,47572.9,47658.9,47534.9,47542.9,22788
2025-12-02 21:00:00+00:00,47545.1,47572.1,47530.1,47556.1,2854
2025-12-02 23:00:00+00:00,47557.0,47618.6,47536.1,47600.1,1867
2025-12-03 00:00:00+00:00,47600.6,47625.6,47543.6,47614.1,4178
2025-12-03 01:00:00+00:00,47614.6,47627.1,47604.6,47617.1,2794
2025-12-03 02:00:00+00:00,47616.6,47649.6,47612.1,47629.1,1945
2025-12-03 03:00:00+00:00,47629.6,47670.6,47623.6,47666.1,1351
2025-12-03 04:00:00+00:00,47665.6,47674.1,47656.6,47659.1,1006
2025-12-03 05:00:00+00:00,47658.6,47674.1,47640.6,47645.1,1126
2025-12-03 06:00:00+00:00,47644.6,47669.1,47610.6,47630.1,1998
2025-12-03 07:00:00+00:00,47629.3,47661.3,47618.3,47631.3,2248
2025-12-03 08:00:00+00:00,47631.8,47660.8,47602.3,47656.8,5056
2025-12-03 09:00:00+00:00,47657.3,47659.3,47616.8,47639.3,4322
2025-12-03 10:00:00+00:00,47639.8,47658.3,47598.8,47611.8,2826
2025-12-03 11:00:00+00:00,47612.3,47633.8,47597.8,47611.8,2664
2025-12-03 12:00:00+00:00,47611.3,47676.3,47588.8,47658.8,3227
2025-12-03 13:00:00+00:00,47658.3,47682.8,47618.3,47619.8,5294
2025-12-03 14:00:00+00:00,47620.3,47651.9,47430.8,47593.8,73506
2025-12-03 15:00:00+00:00,47591.8,47774.9,47590.3,47724.4,60025
2025-12-03 16:00:00+00:00,47723.9,47845.9,47711.4,47736.4,39753
2025-12-03 17:00:00+00:00,47736.9,47917.9,47736.4,47892.4,27561
2025-12-03 18:00:00+00:00,47892.9,47978.9,47871.9,47940.4,17842
2025-12-03 19:00:00+00:00,47939.9,48014.4,47934.4,47986.9,13571
2025-12-03 20:00:00+00:00,47987.4,48033.4,47945.4,47957.4,19801
2025-12-03 21:00:00+00:00,47958.6,48082.6,47934.6,48046.6,6890
2025-12-03 23:00:00+00:00,48000.5,48017.1,47985.5,48009.6,1461
2025-12-04 00:00:00+00:00,48010.1,48033.1,47979.6,47986.6,2517
2025-12-04 01:00:00+00:00,47986.1,48021.1,47984.1,48006.6,2794
2025-12-04 02:00:00+00:00,48007.1,48025.1,47987.6,48019.1,1792
2025-12-04 03:00:00+00:00,48018.1,48019.1,47982.1,48002.1,1463
2025-12-04 04:00:00+00:00,48002.6,48022.1,47997.6,48017.1,1329
2025-12-04 05:00:00+00:00,48016.6,48022.1,48004.1,48012.1,1546
2025-12-04 06:00:00+00:00,48012.6,48021.1,47996.1,48017.1,1461
2025-12-04 07:00:00+00:00,48016.3,48036.3,48009.3,48023.3,1538
2025-12-04 08:00:00+00:00,48023.8,48025.3,47960.3,47977.8,5195
2025-12-04 09:00:00+00:00,47977.3,48025.8,47956.8,48021.3,3814
2025-12-04 10:00:00+00:00,48021.8,48027.3,47977.3,47992.3,2461
2025-12-04 11:00:00+00:00,47992.8,48017.8,47981.8,48017.8,2871
2025-12-04 12:00:00+00:00,48016.8,48027.8,47990.8,47995.8,2688
2025-12-04 13:00:00+00:00,47994.8,48017.8,47957.3,47980.8,5140
2025-12-04 14:00:00+00:00,47981.3,48132.9,47855.9,47899.4,51330
2025-12-04 15:00:00+00:00,47899.9,48018.4,47860.9,47945.4,54666
2025-12-04 16:00:00+00:00,47944.9,47979.4,47866.9,47936.4,40030
2025-12-04 17:00:00+00:00,47936.9,47961.9,47840.9,47947.9,22595
2025-12-04 18:00:00+00:00,47948.4,48009.4,47912.4,47948.4,19063
2025-12-04 19:00:00+00:00,47949.4,47959.9,47758.4,47869.9,36454
2025-12-04 20:00:00+00:00,47869.9,47930.9,47808.4,47918.4,28259
2025-12-04 21:00:00+00:00,47920.6,47926.6,47901.6,47912.1,2750
2025-12-04 23:00:00+00:00,47910.5,47930.5,47882.6,47895.1,1487
2025-12-05 00:00:00+00:00,47894.6,47940.1,47884.1,47927.1,3212
2025-12-05 01:00:00+00:00,47926.6,47945.6,47922.1,47943.6,2340
2025-12-05 02:00:00+00:00,47943.1,47977.6,47930.6,47949.1,2252
2025-12-05 03:00:00+00:00,47948.6,47955.1,47930.0,47945.1,1313
2025-12-05 04:00:00+00:00,47944.6,47956.1,47921.6,47939.1,1722
2025-12-05 05:00:00+00:00,47939.6,47957.6,47938.6,47954.1,1202
2025-12-05 06:00:00+00:00,47953.6,47961.6,47928.6,47942.1,1391
2025-12-05 07:00:00+00:00,47941.3,47959.8,47930.8,47941.8,1861
2025-12-05 08:00:00+00:00,47942.3,47973.3,47907.3,47910.3,4386
2025-12-05 09:00:00+00:00,47909.8,47938.3,47896.8,47900.8,2898
2025-12-05 10:00:00+00:00,47901.3,47917.3,47896.3,47910.8,1827
2025-12-05 11:00:00+00:00,47911.3,47995.8,47904.8,47958.8,2388
2025-12-05 12:00:00+00:00,47959.3,47985.8,47944.3,47965.8,3077
2025-12-05 13:00:00+00:00,47965.3,47970.8,47818.8,47860.8,7635
2025-12-05 14:00:00+00:00,47861.3,48098.4,47858.8,48079.8,39087
2025-12-05 15:00:00+00:00,48081.8,48184.9,48041.4,48056.4,35645
2025-12-05 16:00:00+00:00,48055.9,48084.4,47920.9,47998.4,46169
2025-12-05 17:00:00+00:00,47997.9,48054.4,47916.4,48048.4,28318
2025-12-05 18:00:00+00:00,48047.9,48108.9,48006.4,48073.4,20047
2025-12-05 19:00:00+00:00,48074.4,48076.9,48020.4,48070.4,18838
2025-12-05 20:00:00+00:00,48070.9,48070.9,47930.4,47989.9,22787
2025-12-05 21:00:00+00:00,47991.1,48024.1,47983.1,48014.1,2469
2025-12-07 23:00:00+00:00,48029.5,48030.0,47992.5,48000.6,1862
2025-12-08 00:00:00+00:00,48001.1,48004.1,47956.6,48000.6,3725
2025-12-08 01:00:00+00:00,47999.6,48005.1,47974.6,47989.1,2550
2025-12-08 02:00:00+00:00,47990.1,48006.6,47986.1,48006.1,1623
2025-12-08 03:00:00+00:00,48005.6,48021.1,47997.6,48003.1,1193
2025-12-08 04:00:00+00:00,48003.6,48018.1,48003.1,48015.1,759
2025-12-08 05:00:00+00:00,48014.6,48032.6,48010.1,48023.1,918
2025-12-08 06:00:00+00:00,48024.1,48033.6,48008.6,48009.6,1176
2025-12-08 07:00:00+00:00,48007.8,48044.3,48002.3,48018.8,1749
2025-12-08 08:00:00+00:00,48019.3,48027.8,47977.8,47984.3,4031
2025-12-08 09:00:00+00:00,47983.8,48025.8,47981.8,47994.8,3146
2025-12-08 10:00:00+00:00,47994.3,48024.3,47978.3,48022.3,2731
2025-12-08 11:00:00+00:00,48021.8,48021.8,47990.3,48008.3,2467
2025-12-08 12:00:00+00:00,48008.8,48030.3,47992.3,48013.3,2777
2025-12-08 13:00:00+00:00,48013.8,48040.8,47990.8,48024.8,3744
2025-12-08 14:00:00+00:00,48025.8,48063.3,47825.9,47962.4,29237
2025-12-08 15:00:00+00:00,47961.9,47963.4,47821.4,47828.4,26649
2025-12-08 16:00:00+00:00,47827.9,47888.4,47755.9,47829.4,27687
2025-12-08 17:00:00+00:00,47829.9,47845.4,47745.9,47838.4,24806
2025-12-08 18:00:00+00:00,47837.9,47846.9,47664.4,47696.4,24545
2025-12-08 19:00:00+00:00,47696.9,47759.9,47678.9,47726.4,20444
2025-12-08 20:00:00+00:00,47726.9,47805.9,47722.4,47797.9,18010
2025-12-08 21:00:00+00:00,47800.1,47822.1,47778.1,47807.6,4766
2025-12-08 23:00:00+00:00,47791.0,47827.6,47766.0,47826.1,2824
2025-12-09 00:00:00+00:00,47825.6,47825.6,47797.1,47811.1,1992
2025-12-09 01:00:00+00:00,47810.6,47813.6,47775.6,47788.1,3427
2025-12-09 02:00:00+00:00,47788.6,47821.6,47780.6,47806.1,2177
2025-12-09 03:00:00+00:00,47805.1,47818.1,47798.6,47807.6,1737
2025-12-09 04:00:00+00:00,47808.1,47808.1,47793.1,47797.6,1133
2025-12-09 05:00:00+00:00,47798.1,47803.1,47789.6,47793.6,1412
2025-12-09 06:00:00+00:00,47794.1,47827.1,47776.6,47822.1,1730
2025-12-09 07:00:00+00:00,47821.3,47826.8,47806.3,47818.8,1824
2025-12-09 08:00:00+00:00,47818.3,47852.3,47800.8,47821.8,4264
2025-12-09 09:00:00+00:00,47821.3,47834.8,47802.8,47814.8,3764
2025-12-09 10:00:00+00:00,47813.8,47862.8,47720.8,47859.8,7357
2025-12-09 11:00:00+00:00,47860.3,47865.3,47825.8,47838.3,4774
2025-12-09 12:00:00+00:00,47838.8,47841.8,47778.8,47800.8,3576
2025-12-09 13:00:00+00:00,47800.3,47820.8,47745.8,47751.8,5481
2025-12-09 14:00:00+00:00,47752.3,48005.4,47737.8,47946.8,41591
2025-12-09 15:00:00+00:00,47946.3,47971.4,47847.4,47916.4,42309
2025-12-09 16:00:00+00:00,47915.9,47983.4,47888.4,47891.4,25963
2025-12-09 17:00:00+00:00,47891.9,47918.9,47654.9,47714.4,26986
2025-12-09 18:00:00+00:00,47712.9,47731.4,47599.9,47673.4,24707
2025-12-09 19:00:00+00:00,47673.9,47709.9,47628.9,47664.9,17859
2025-12-09 20:00:00+00:00,47664.4,47682.9,47585.4,47618.9,21210
2025-12-09 21:00:00+00:00,47621.1,47627.1,47578.6,47586.1,3448
2025-12-09 23:00:00+00:00,47603.5,47612.0,47579.5,47595.1,1450
2025-12-10 00:00:00+00:00,47594.6,47632.6,47591.1,47591.6,1746
2025-12-10 01:00:00+00:00,47590.6,47632.6,47585.1,47600.1,2735
2025-12-10 02:00:00+00:00,47599.6,47623.1,47598.1,47605.1,1329
2025-12-10 03:00:00+00:00,47604.1,47617.1,47598.1,47616.6,1141
2025-12-10 04:00:00+00:00,47617.1,47656.1,47617.1,47642.1,1250
2025-12-10 05:00:00+00:00,47641.6,47642.1,47610.1,47624.6,1635
2025-12-10 06:00:00+00:00,47624.1,47645.1,47621.1,47631.1,1543
2025-12-10 07:00:00+00:00,47630.3,47643.3,47613.8,47623.8,1597
2025-12-10 08:00:00+00:00,47624.3,47656.3,47607.3,47627.8,4616
2025-12-10 09:00:00+00:00,47628.3,47648.3,47597.8,47619.8,4081
2025-12-10 10:00:00+00:00,47618.8,47641.3,47524.8,47554.8,6981
2025-12-10 11:00:00+00:00,47553.8,47605.8,47552.8,47580.3,4760
2025-12-10 12:00:00+00:00,47579.8,47593.3,47562.8,47585.8,3655
2025-12-10 13:00:00+00:00,47585.3,47664.8,47570.3,47605.8,5566
2025-12-10 14:00:00+00:00,47606.3,47728.4,47504.4,47706.4,40972
2025-12-10 15:00:00+00:00,47705.9,47796.4,47649.9,47736.4,41680
2025-12-10 16:00:00+00:00,47735.9,47870.9,47680.4,47845.4,29760
2025-12-10 17:00:00+00:00,47845.9,47846.4,47757.9,47823.4,19379
2025-12-10 18:00:00+00:00,47822.9,47860.4,47737.4,47780.3,21281
2025-12-10 19:00:00+00:00,47782.8,48160.4,47772.8,48148.4,98539
2025-12-10 20:00:00+00:00,48147.9,48247.4,48085.4,48106.9,58016
2025-12-10 21:00:00+00:00,48109.1,48168.1,48108.1,48158.6,4962
2025-12-10 23:00:00+00:00,48149.5,48178.0,48143.1,48153.6,1095
2025-12-11 00:00:00+00:00,48154.1,48159.6,48106.1,48111.1,2533
2025-12-11 01:00:00+00:00,48110.6,48123.1,48090.1,48094.1,2950
2025-12-11 02:00:00+00:00,48093.6,48094.1,48011.6,48025.1,5456
2025-12-11 03:00:00+00:00,48025.6,48026.6,47862.6,47919.1,14212
2025-12-11 04:00:00+00:00,47919.6,47939.6,47899.1,47917.1,3804
2025-12-11 05:00:00+00:00,47916.6,47927.6,47871.1,47902.6,3748
2025-12-11 06:00:00+00:00,47902.1,47926.6,47867.6,47921.1,3588
2025-12-11 07:00:00+00:00,47919.3,47951.3,47876.3,47933.8,3933
2025-12-11 08:00:00+00:00,47933.3,47967.8,47876.8,47962.8,10578
2025-12-11 09:00:00+00:00,47962.3,48023.8,47943.3,48021.8,6265
2025-12-11 10:00:00+00:00,48022.3,48035.8,47991.8,47991.8,4812
2025-12-11 11:00:00+00:00,47992.3,48077.3,47981.8,48072.3,3985
2025-12-11 12:00:00+00:00,48072.8,48151.8,48067.3,48136.3,5360
2025-12-11 13:00:00+00:00,48135.8,48146.8,48093.8,48109.8,6546
2025-12-11 14:00:00+00:00,48110.3,48477.9,48109.3,48309.4,57154
2025-12-11 15:00:00+00:00,48309.9,48599.9,48265.4,48589.4,73149
2025-12-11 16:00:00+00:00,48589.9,48710.4,48539.4,48638.4,55170
2025-12-11 17:00:00+00:00,48638.9,48772.9,48632.9,48700.4,33797
2025-12-11 18:00:00+00:00,48700.9,48752.9,48680.9,48712.4,23696
2025-12-11 19:00:00+00:00,48713.4,48786.9,48690.4,48775.4,16778
2025-12-11 20:00:00+00:00,48775.9,48800.9,48729.9,48755.9,21734
2025-12-11 21:00:00+00:00,48757.1,48828.1,48755.6,48817.6,7627
2025-12-11 23:00:00+00:00,48837.1,48886.0,48799.6,48804.5,2203
2025-12-12 00:00:00+00:00,48803.5,48831.6,48775.6,48802.1,2918
2025-12-12 01:00:00+00:00,48802.6,48854.1,48800.1,48851.1,3298
2025-12-12 02:00:00+00:00,48850.6,48871.6,48844.6,48850.6,2390
2025-12-12 03:00:00+00:00,48851.1,48874.1,48830.6,48862.6,1969
2025-12-12 04:00:00+00:00,48862.1,48866.1,48838.1,48850.1,1669
2025-12-12 05:00:00+00:00,48849.6,48881.1,48846.6,48874.1,2092
2025-12-12 06:00:00+00:00,48874.6,48882.6,48846.6,48856.1,1813
2025-12-12 07:00:00+00:00,48854.3,48872.8,48844.8,48859.3,2081
2025-12-12 08:00:00+00:00,48859.8,48915.8,48845.3,48889.8,5027
2025-12-12 09:00:00+00:00,48888.8,48894.8,48818.8,48851.3,6587
2025-12-12 10:00:00+00:00,48851.8,48869.3,48821.3,48858.8,4244
2025-12-12 11:00:00+00:00,48859.3,48875.3,48798.8,48813.3,4398
2025-12-12 12:00:00+00:00,48813.8,48845.3,48792.8,48829.8,5421
2025-12-12 13:00:00+00:00,48829.3,48868.3,48819.8,48867.8,4634
2025-12-12 14:00:00+00:00,48867.3,48913.4,48775.8,48834.9,40880
2025-12-12 15:00:00+00:00,48835.4,48878.4,48532.9,48551.9,79107
2025-12-12 16:00:00+00:00,48551.4,48604.9,48355.9,48453.9,93403
2025-12-12 17:00:00+00:00,48453.4,48598.4,48439.4,48571.4,47863
2025-12-12 18:00:00+00:00,48571.9,48632.4,48521.9,48543.4,41506
2025-12-12 19:00:00+00:00,48543.9,48548.4,48457.9,48514.9,35958
2025-12-12 20:00:00+00:00,48514.4,48557.4,48397.4,48480.9,40493
2025-12-12 21:00:00+00:00,48482.1,48535.6,48475.1,48522.1,3638
2025-12-14 23:00:00+00:00,48516.0,48546.0,48452.5,48542.5,945
2025-12-15 00:00:00+00:00,48541.5,48600.0,48530.5,48592.0,2302
2025-12-15 01:00:00+00:00,48591.5,48609.1,48557.5,48605.1,3631
2025-12-15 02:00:00+00:00,48604.6,48627.6,48589.1,48603.5,3555
2025-12-15 03:00:00+00:00,48602.6,48620.1,48593.1,48612.1,2729
2025-12-15 04:00:00+00:00,48612.6,48650.1,48594.1,48645.1,2846
2025-12-15 05:00:00+00:00,48645.5,48651.1,48626.6,48630.6,2867
2025-12-15 06:00:00+00:00,48630.1,48632.6,48591.6,48623.6,3152
2025-12-15 07:00:00+00:00,48621.8,48637.8,48595.3,48608.8,4414
2025-12-15 08:00:00+00:00,48608.3,48677.8,48588.3,48657.3,8156
2025-12-15 09:00:00+00:00,48656.8,48694.8,48642.8,48688.3,6535
2025-12-15 10:00:00+00:00,48688.8,48717.3,48681.3,48716.3,3675
2025-12-15 11:00:00+00:00,48716.8,48722.8,48690.8,48709.3,2750
2025-12-15 12:00:00+00:00,48708.8,48719.3,48668.8,48701.8,5257
2025-12-15 13:00:00+00:00,48701.3,48728.3,48683.3,48722.3,5065
2025-12-15 14:00:00+00:00,48721.8,48746.3,48504.4,48505.8,44701
2025-12-15 15:00:00+00:00,48502.9,48539.9,48345.4,48428.9,67681
2025-12-15 16:00:00+00:00,48429.4,48518.9,48334.9,48377.9,48781
2025-12-15 17:00:00+00:00,48378.4,48445.9,48305.9,48377.9,39683
2025-12-15 18:00:00+00:00,48377.4,48423.9,48307.9,48393.4,32695
2025-12-15 19:00:00+00:00,48393.9,48484.9,48366.9,48477.4,26336
2025-12-15 20:00:00+00:00,48476.9,48496.9,48423.4,48451.4,30525
2025-12-15 21:00:00+00:00,48453.6,48484.6,48433.6,48477.1,5452
2025-12-15 23:00:00+00:00,48479.5,48493.6,48426.6,48458.5,2494
2025-12-16 00:00:00+00:00,48456.5,48473.5,48407.0,48417.0,4511
2025-12-16 01:00:00+00:00,48418.5,48450.1,48291.5,48334.0,9522
2025-12-16 02:00:00+00:00,48334.5,48359.6,48304.5,48332.5,3008
2025-12-16 03:00:00+00:00,48333.0,48357.1,48295.5,48348.5,1905
2025-12-16 04:00:00+00:00,48347.5,48363.5,48322.1,48355.5,1588
2025-12-16 05:00:00+00:00,48356.0,48361.6,48280.0,48285.5,1835
2025-12-16 06:00:00+00:00,48285.0,48320.0,48280.5,48320.0,1740
2025-12-16 07:00:00+00:00,48320.3,48334.8,48278.3,48320.8,2264
2025-12-16 08:00:00+00:00,48322.8,48386.3,48311.8,48383.3,3542
2025-12-16 09:00:00+00:00,48384.3,48386.8,48296.3,48311.3,6112
2025-12-16 10:00:00+00:00,48311.8,48405.8,48299.3,48387.3,7573
2025-12-16 11:00:00+00:00,48386.8,48442.3,48379.3,48437.3,4354
2025-12-16 12:00:00+00:00,48437.8,48469.8,48430.3,48446.8,5925
2025-12-16 13:00:00+00:00,48447.3,48544.8,48403.8,48430.3,10191
2025-12-16 14:00:00+00:00,48430.8,48486.8,48292.9,48397.4,50848
2025-12-16 15:00:00+00:00,48397.8,48428.4,48134.4,48300.8,92022
2025-12-16 16:00:00+00:00,48301.4,48319.4,48148.9,48199.9,58151
2025-12-16 17:00:00+00:00,48200.4,48250.9,48011.9,48021.4,46315
2025-12-16 18:00:00+00:00,48021.9,48198.9,47964.8,48137.4,39201
2025-12-16 19:00:00+00:00,48136.9,48137.4,47984.4,48077.4,43182
2025-12-16 20:00:00+00:00,48077.9,48249.4,48067.9,48128.4,39762
2025-12-16 21:00:00+00:00,48129.6,48149.1,48092.6,48100.0,8373
2025-12-16 23:00:00+00:00,48116.5,48135.1,48079.5,48083.5,1676
2025-12-17 00:00:00+00:00,48083.0,48083.0,48022.0,48059.5,5445
2025-12-17 01:00:00+00:00,48060.1,48129.5,48058.1,48127.5,6313
2025-12-17 02:00:00+00:00,48128.0,48131.0,48083.5,48116.0,2139
2025-12-17 03:00:00+00:00,48115.0,48124.5,48088.5,48099.0,1441
2025-12-17 04:00:00+00:00,48099.5,48119.5,48072.0,48076.0,1234
2025-12-17 05:00:00+00:00,48077.0,48115.1,48063.5,48115.1,1651
2025-12-17 06:00:00+00:00,48114.5,48155.5,48112.0,48140.0,1692
2025-12-17 07:00:00+00:00,48140.8,48184.8,48125.3,48150.3,2141
2025-12-17 08:00:00+00:00,48149.3,48204.3,48122.8,48175.3,4457
2025-12-17 09:00:00+00:00,48175.8,48224.3,48145.3,48213.3,3774
2025-12-17 10:00:00+00:00,48212.8,48247.3,48206.3,48243.8,6145
2025-12-17 11:00:00+00:00,48242.3,48246.3,48207.8,48228.3,4786
2025-12-17 12:00:00+00:00,48229.3,48248.8,48213.3,48237.3,5034
2025-12-17 13:00:00+00:00,48237.8,48285.8,48196.3,48244.3,9843
2025-12-17 14:00:00+00:00,48245.3,48393.8,48172.4,48373.3,48091
2025-12-17 15:00:00+00:00,48372.3,48405.9,48007.4,48039.4,72164
2025-12-17 16:00:00+00:00,48038.9,48117.4,47970.9,48061.9,71445
2025-12-17 17:00:00+00:00,48062.4,48108.9,47970.4,48012.9,53228
2025-12-17 18:00:00+00:00,48013.9,48075.4,47904.8,47945.4,42724
2025-12-17 19:00:00+00:00,47944.9,48005.9,47913.4,47996.4,38268
2025-12-17 20:00:00+00:00,47995.9,48011.9,47877.4,47900.9,37742
2025-12-17 21:00:00+00:00,47903.1,47968.1,47898.6,47943.5,5333
2025-12-17 23:00:00+00:00,48265.0,48290.0,48222.6,48235.1,3489
2025-12-18 00:00:00+00:00,48235.6,48279.1,48210.1,48279.1,10920
2025-12-18 01:00:00+00:00,48279.6,48281.6,48218.6,48228.1,8086
2025-12-18 02:00:00+00:00,48228.6,48280.1,48215.1,48227.1,7517
2025-12-18 03:00:00+00:00,48226.6,48229.1,48149.1,48184.6,6102
2025-12-18 04:00:00+00:00,48185.1,48223.1,48171.6,48217.1,3005
2025-12-18 05:00:00+00:00,48216.1,48216.1,48176.1,48190.1,3661
2025-12-18 06:00:00+00:00,48189.6,48208.1,48172.1,48194.1,3779
2025-12-18 07:00:00+00:00,48193.8,48222.3,48191.8,48214.8,4592
2025-12-18 08:00:00+00:00,48215.3,48247.8,48192.3,48240.8,8692
2025-12-18 09:00:00+00:00,48240.3,48304.8,48231.3,48302.8,5320
2025-12-18 10:00:00+00:00,48303.3,48321.3,48292.3,48300.8,3156
2025-12-18 11:00:00+00:00,48301.3,48380.8,48294.8,48374.3,2809
2025-12-18 12:00:00+00:00,48366.8,48373.8,48294.8,48304.8,4560
2025-12-18 13:00:00+00:00,48305.3,48514.3,48298.3,48445.3,18715
2025-12-18 14:00:00+00:00,48445.8,48658.4,48380.4,48548.4,62167
2025-12-18 15:00:00+00:00,48548.9,48729.4,48436.4,48662.4,71505
2025-12-18 16:00:00+00:00,48661.9,48725.9,48530.4,48543.9,37940
2025-12-18 17:00:00+00:00,48543.4,48550.4,48197.9,48418.4,76011
2025-12-18 18:00:00+00:00,48418.9,48543.9,48371.9,48414.4,39794
2025-12-18 19:00:00+00:00,48413.9,48423.4,48240.4,48282.9,49369
2025-12-18 20:00:00+00:00,48282.4,48446.4,48277.9,48311.9,43557
2025-12-18 21:00:00+00:00,48313.1,48324.6,48246.6,48257.1,5456
2025-12-18 23:00:00+00:00,48235.0,48261.0,48208.6,48260.1,3041
2025-12-19 00:00:00+00:00,48259.6,48272.1,48226.6,48263.1,4725
2025-12-19 01:00:00+00:00,48262.6,48266.6,48224.1,48254.1,5552
2025-12-19 02:00:00+00:00,48252.6,48263.6,48221.6,48225.1,4355
2025-12-19 03:00:00+00:00,48224.1,48260.6,48204.6,48240.1,6151
2025-12-19 04:00:00+00:00,48241.1,48254.1,48227.6,48236.1,3070
2025-12-19 05:00:00+00:00,48235.1,48240.1,48189.1,48193.1,2700
2025-12-19 06:00:00+00:00,48194.1,48207.1,48131.1,48174.1,3493
2025-12-19 07:00:00+00:00,48173.8,48257.3,48173.3,48253.8,4638
2025-12-19 08:00:00+00:00,48252.8,48350.3,48240.3,48329.8,8185
2025-12-19 09:00:00+00:00,48329.3,48377.8,48311.3,48375.8,5585
2025-12-19 10:00:00+00:00,48376.3,48385.8,48331.8,48342.8,4386
2025-12-19 11:00:00+00:00,48342.3,48345.8,48294.3,48308.8,5153
2025-12-19 12:00:00+00:00,48309.8,48335.8,48263.8,48273.3,6164
2025-12-19 13:00:00+00:00,48272.8,48338.8,48266.8,48295.8,7212
2025-12-19 14:00:00+00:00,48296.3,48559.9,48280.8,48551.3,44444
2025-12-19 15:00:00+00:00,48550.8,48634.9,48517.4,48548.4,56658
2025-12-19 16:00:00+00:00,48547.9,48624.9,48528.4,48571.9,32889
2025-12-19 17:00:00+00:00,48571.4,48616.4,48542.4,48576.4,19407
2025-12-19 18:00:00+00:00,48576.9,48622.9,48552.9,48559.4,14102
2025-12-19 19:00:00+00:00,48558.9,48597.9,48531.4,48548.4,12682
2025-12-19 20:00:00+00:00,48547.9,48564.9,48428.4,48470.9,26247
2025-12-19 21:00:00+00:00,48473.1,48500.6,48460.6,48485.1,2989
2025-12-21 23:00:00+00:00,48572.0,48572.6,48537.1,48562.1,1871
2025-12-22 00:00:00+00:00,48562.6,48566.1,48507.1,48508.1,2579
2025-12-22 01:00:00+00:00,48508.6,48539.6,48504.6,48511.1,2296
2025-12-22 02:00:00+00:00,48511.6,48522.1,48501.1,48519.6,1582
2025-12-22 03:00:00+00:00,48520.1,48528.6,48499.1,48503.1,1335
2025-12-22 04:00:00+00:00,48502.6,48514.1,48500.1,48501.1,937
2025-12-22 05:00:00+00:00,48501.6,48514.1,48484.1,48485.6,1065
2025-12-22 06:00:00+00:00,48486.1,48502.1,48485.1,48499.1,1062
2025-12-22 07:00:00+00:00,48498.3,48538.8,48496.8,48531.3,1742
2025-12-22 08:00:00+00:00,48530.8,48545.8,48491.8,48493.8,3757
2025-12-22 09:00:00+00:00,48492.8,48521.8,48489.3,48509.8,2735
2025-12-22 10:00:00+00:00,48510.3,48523.8,48503.8,48509.8,1533
2025-12-22 11:00:00+00:00,48510.3,48517.8,48459.8,48482.3,4904
2025-12-22 12:00:00+00:00,48481.8,48509.3,48474.3,48488.3,2441
2025-12-22 13:00:00+00:00,48487.8,48527.8,48470.8,48524.8,2693
2025-12-22 14:00:00+00:00,48525.3,48715.4,48514.3,48576.9,45609
2025-12-22 15:00:00+00:00,48576.4,48709.4,48550.4,48649.4,39800
2025-12-22 16:00:00+00:00,48649.9,48760.9,48645.4,48730.4,21285
2025-12-22 17:00:00+00:00,48730.9,48788.4,48698.4,48776.4,12697
2025-12-22 18:00:00+00:00,48776.9,48778.4,48682.9,48689.4,10688
2025-12-22 19:00:00+00:00,48688.9,48724.4,48662.4,48720.4,9613
2025-12-22 20:00:00+00:00,48719.9,48739.4,48678.4,48686.4,13267
2025-12-22 21:00:00+00:00,48688.6,48702.6,48673.1,48679.6,1815
2025-12-22 23:00:00+00:00,48677.5,48699.0,48673.5,48686.1,902
2025-12-23 00:00:00+00:00,48686.6,48692.6,48677.1,48691.1,1308
2025-12-23 01:00:00+00:00,48690.6,48706.1,48680.1,48695.1,1805
2025-12-23 02:00:00+00:00,48695.6,48715.1,48679.1,48688.1,1515
2025-12-23 03:00:00+00:00,48688.6,48693.6,48675.6,48680.1,903
2025-12-23 04:00:00+00:00,48679.6,48681.1,48646.6,48652.1,958
2025-12-23 05:00:00+00:00,48651.6,48658.6,48640.1,48654.1,1076
2025-12-23 06:00:00+00:00,48654.6,48662.6,48650.6,48657.1,1172
2025-12-23 07:00:00+00:00,48656.3,48672.8,48654.3,48662.8,1274
2025-12-23 08:00:00+00:00,48663.3,48701.8,48658.8,48680.8,2866
2025-12-23 09:00:00+00:00,48680.3,48720.3,48677.8,48717.8,2071
2025-12-23 10:00:00+00:00,48718.8,48730.3,48685.8,48687.8,1794
2025-12-23 11:00:00+00:00,48687.3,48704.3,48673.8,48673.8,1405
2025-12-23 12:00:00+00:00,48673.3,48685.8,48647.8,48658.8,2455
2025-12-23 13:00:00+00:00,48658.3,48671.8,48578.8,48589.3,6593
2025-12-23 14:00:00+00:00,48588.8,48704.9,48533.8,48667.3,31710
2025-12-23 15:00:00+00:00,48666.8,48793.9,48640.4,48766.4,29327
2025-12-23 16:00:00+00:00,48765.9,48782.9,48730.9,48758.4,14846
2025-12-23 17:00:00+00:00,48757.9,48798.9,48738.9,48773.4,8727
2025-12-23 18:00:00+00:00,48772.4,48854.4,48767.4,48805.4,7274
2025-12-23 19:00:00+00:00,48805.9,48812.4,48762.4,48763.4,6556
2025-12-23 20:00:00+00:00,48763.9,48791.9,48754.4,48759.4,10223
2025-12-23 21:00:00+00:00,48760.6,48767.6,48730.1,48739.6,2337
2025-12-23 23:00:00+00:00,48743.5,48749.1,48728.0,48735.1,1154
2025-12-24 00:00:00+00:00,48735.6,48752.6,48734.1,48740.1,1682
2025-12-24 01:00:00+00:00,48740.6,48754.6,48728.6,48732.1,1241
2025-12-24 02:00:00+00:00,48732.6,48736.6,48725.1,48729.1,975
2025-12-24 03:00:00+00:00,48728.6,48740.6,48720.6,48733.1,776
2025-12-24 04:00:00+00:00,48732.6,48740.1,48726.6,48731.1,552
2025-12-24 05:00:00+00:00,48731.6,48737.6,48719.6,48720.1,645
2025-12-24 06:00:00+00:00,48719.6,48726.1,48710.6,48724.1,547
2025-12-24 07:00:00+00:00,48721.8,48725.8,48703.8,48707.8,564
2025-12-24 08:00:00+00:00,48707.3,48722.3,48705.8,48711.8,1009
2025-12-24 09:00:00+00:00,48711.3,48736.8,48707.8,48731.8,887
2025-12-24 10:00:00+00:00,48731.3,48742.8,48721.8,48737.8,687
2025-12-24 11:00:00+00:00,48737.3,48739.8,48716.8,48723.8,664
2025-12-24 12:00:00+00:00,48724.3,48740.8,48720.8,48737.8,1087
2025-12-24 13:00:00+00:00,48738.3,48764.8,48712.3,48754.8,1846
2025-12-24 14:00:00+00:00,48754.3,48888.9,48682.4,48845.4,21701
2025-12-24 15:00:00+00:00,48845.9,48957.4,48838.9,48949.9,14712
2025-12-24 16:00:00+00:00,48949.4,49037.9,48945.4,49024.4,9684
2025-12-24 17:00:00+00:00,49024.9,49086.4,49017.9,49022.4,10851
2025-12-24 18:00:00+00:00,49022.9,49051.4,49006.9,49019.3,2611
2025-12-25 23:00:00+00:00,49041.0,49086.0,49035.6,49053.6,1156
2025-12-26 00:00:00+00:00,49052.6,49075.6,49043.6,49072.1,1483
2025-12-26 01:00:00+00:00,49071.6,49073.1,49018.1,49020.1,1564
2025-12-26 02:00:00+00:00,49021.1,49025.1,48996.6,49012.1,948
2025-12-26 03:00:00+00:00,49012.6,49020.1,48994.6,49003.6,644
2025-12-26 04:00:00+00:00,49004.1,49040.6,48998.5,49035.1,640
2025-12-26 05:00:00+00:00,49035.6,49038.1,49000.1,49005.1,670
2025-12-26 06:00:00+00:00,49005.6,49030.1,49002.1,49005.1,846
2025-12-26 07:00:00+00:00,49004.8,49007.8,48971.3,48972.8,1006
2025-12-26 08:00:00+00:00,48973.3,48992.3,48954.3,48983.8,1211
2025-12-26 09:00:00+00:00,48983.3,48997.3,48970.3,48978.8,1055
2025-12-26 10:00:00+00:00,48978.3,48992.8,48971.8,48976.3,802
2025-12-26 11:00:00+00:00,48976.8,48978.8,48918.8,48934.8,1052
2025-12-26 12:00:00+00:00,48936.3,48980.8,48935.8,48976.8,1287
2025-12-26 13:00:00+00:00,48977.8,49001.3,48960.8,48984.8,2405
2025-12-26 14:00:00+00:00,48985.8,49069.4,48961.4,49017.4,24796
2025-12-26 15:00:00+00:00,49017.9,49044.9,48941.4,48991.4,26284
2025-12-26 16:00:00+00:00,48990.9,49002.4,48914.4,48945.4,14079
2025-12-26 17:00:00+00:00,48944.4,48969.4,48899.9,48920.4,10864
2025-12-26 18:00:00+00:00,48920.9,48954.4,48873.4,48929.4,7815
2025-12-26 19:00:00+00:00,48928.9,48958.4,48910.4,48928.4,6343
2025-12-26 20:00:00+00:00,48927.9,49023.4,48925.4,49001.9,9334
2025-12-26 21:00:00+00:00,49003.1,49013.1,48984.1,49003.1,1546
2025-12-28 23:00:00+00:00,49016.0,49037.1,49001.0,49024.6,1322
2025-12-29 00:00:00+00:00,49024.1,49047.6,49011.1,49043.1,2243
2025-12-29 01:00:00+00:00,49042.6,49054.6,49009.1,49012.1,2304
2025-12-29 02:00:00+00:00,49011.6,49019.6,49003.6,49004.1,1412
2025-12-29 03:00:00+00:00,49003.6,49028.1,49003.1,49020.1,976
2025-12-29 04:00:00+00:00,49020.6,49025.1,48999.6,49001.1,635
2025-12-29 05:00:00+00:00,49000.6,49001.1,48982.1,48991.1,1614
2025-12-29 06:00:00+00:00,48990.6,49018.6,48985.1,48994.1,1493
2025-12-29 07:00:00+00:00,48992.3,49017.8,48977.3,49005.8,2090
2025-12-29 08:00:00+00:00,49006.3,49006.8,48948.8,48961.3,6010
2025-12-29 09:00:00+00:00,48963.3,49010.8,48961.8,49006.8,3552
2025-12-29 10:00:00+00:00,49006.3,49025.8,48994.8,48997.8,1982
2025-12-29 11:00:00+00:00,48997.3,49007.8,48983.8,49005.8,1959
2025-12-29 12:00:00+00:00,49004.8,49004.8,48919.3,48949.3,2687
2025-12-29 13:00:00+00:00,48948.8,48957.8,48874.8,48903.8,4773
2025-12-29 14:00:00+00:00,48904.3,48988.4,48807.4,48842.9,37827
2025-12-29 15:00:00+00:00,48843.4,48855.4,48732.9,48763.4,32561
2025-12-29 16:00:00+00:00,48762.9,48783.4,48699.9,48744.4,19873
2025-12-29 17:00:00+00:00,48743.9,48749.9,48666.4,48706.4,11566
2025-12-29 18:00:00+00:00,48705.9,48808.9,48701.4,48756.4,10326
2025-12-29 19:00:00+00:00,48755.9,48813.9,48712.4,48808.9,10185
2025-12-29 20:00:00+00:00,48809.4,48842.9,48726.4,48756.4,12400
2025-12-29 21:00:00+00:00,48757.6,48777.1,48734.1,48765.1,2064
2025-12-29 23:00:00+00:00,48766.1,48774.0,48739.6,48746.6,1650
2025-12-30 00:00:00+00:00,48747.1,48767.6,48741.6,48742.1,1478
2025-12-30 01:00:00+00:00,48742.6,48765.6,48737.1,48763.1,1865
2025-12-30 02:00:00+00:00,48763.6,48766.1,48734.6,48740.1,1467
2025-12-30 03:00:00+00:00,48740.6,48769.1,48740.1,48750.1,1384
2025-12-30 04:00:00+00:00,48749.6,48770.1,48742.6,48758.1,1024
2025-12-30 05:00:00+00:00,48758.6,48765.1,48741.1,48759.1,1238
2025-12-30 06:00:00+00:00,48758.6,48758.6,48732.1,48742.6,1250
2025-12-30 07:00:00+00:00,48740.8,48740.8,48687.3,48696.3,1829
2025-12-30 08:00:00+00:00,48696.8,48765.8,48696.8,48757.8,3032
2025-12-30 09:00:00+00:00,48757.3,48769.8,48740.8,48753.8,1752
2025-12-30 10:00:00+00:00,48754.8,48764.3,48737.3,48739.8,1619
2025-12-30 11:00:00+00:00,48739.3,48762.8,48707.8,48751.8,1673
2025-12-30 12:00:00+00:00,48752.3,48765.8,48728.8,48738.8,2199
2025-12-30 13:00:00+00:00,48738.3,48755.8,48722.8,48738.8,3277
2025-12-30 14:00:00+00:00,48739.8,48764.9,48573.4,48700.9,31586
2025-12-30 15:00:00+00:00,48700.4,48714.4,48594.9,48651.4,28718
2025-12-30 16:00:00+00:00,48650.9,48719.9,48625.4,48629.4,15553
2025-12-30 17:00:00+00:00,48628.9,48693.4,48591.9,48683.9,9091
2025-12-30 18:00:00+00:00,48683.4,48713.9,48661.4,48701.4,6541
2025-12-30 19:00:00+00:00,48700.9,48708.4,48648.4,48666.4,8522
2025-12-30 20:00:00+00:00,48665.9,48715.4,48641.9,48656.4,12687
2025-12-30 21:00:00+00:00,48658.6,48690.1,48644.1,48683.1,2604
2025-12-30 23:00:00+00:00,48684.5,48697.1,48655.1,48668.6,1280
2025-12-31 00:00:00+00:00,48668.1,48668.6,48610.6,48617.6,1588
2025-12-31 01:00:00+00:00,48617.1,48625.1,48586.6,48610.6,2774
2025-12-31 02:00:00+00:00,48610.1,48650.6,48607.6,48645.1,1790
2025-12-31 03:00:00+00:00,48644.1,48652.6,48631.1,48637.1,1094
2025-12-31 04:00:00+00:00,48637.6,48646.6,48628.1,48628.1,815
2025-12-31 05:00:00+00:00,48628.6,48633.6,48598.6,48604.6,1139
2025-12-31 06:00:00+00:00,48605.1,48610.6,48588.1,48603.1,1329
2025-12-31 07:00:00+00:00,48600.8,48617.8,48584.8,48603.8,1609
2025-12-31 08:00:00+00:00,48604.3,48609.3,48572.8,48577.8,2142
2025-12-31 09:00:00+00:00,48577.3,48599.3,48571.8,48578.8,1907
2025-12-31 10:00:00+00:00,48577.8,48589.3,48563.8,48571.8,1220
2025-12-31 11:00:00+00:00,48572.8,48593.3,48566.8,48584.8,1357
2025-12-31 12:00:00+00:00,48585.3,48624.8,48574.8,48619.8,1611
2025-12-31 13:00:00+00:00,48620.3,48668.8,48608.8,48654.8,2973
2025-12-31 14:00:00+00:00,48654.3,48677.8,48506.4,48567.9,24776
2025-12-31 15:00:00+00:00,48568.4,48571.4,48443.8,48447.4,27461
2025-12-31 16:00:00+00:00,48446.9,48528.4,48441.4,48515.4,14700
2025-12-31 17:00:00+00:00,48514.9,48517.4,48445.3,48460.4,10189
2025-12-31 18:00:00+00:00,48459.9,48562.4,48458.9,48550.4,8798
2025-12-31 19:00:00+00:00,48549.9,48574.4,48430.4,48436.4,13613
2025-12-31 20:00:00+00:00,48436.9,48441.4,48315.4,48340.9,26156
2025-12-31 21:00:00+00:00,48343.1,48381.1,48341.6,48355.6,4398
2026-01-01 23:00:00+00:00,48371.0,48431.6,48362.1,48408.6,2169
2026-01-02 00:00:00+00:00,48409.1,48421.1,48388.1,48410.1,1711
2026-01-02 01:00:00+00:00,48410.6,48443.6,48410.6,48424.1,2509
2026-01-02 02:00:00+00:00,48424.6,48451.1,48416.6,48446.1,1541
2026-01-02 03:00:00+00:00,48445.6,48469.1,48440.1,48469.1,1059
2026-01-02 04:00:00+00:00,48469.6,48478.6,48450.6,48452.1,1065
2026-01-02 05:00:00+00:00,48452.6,48474.1,48448.6,48471.1,943
2026-01-02 06:00:00+00:00,48470.6,48487.1,48462.1,48463.1,699
2026-01-02 07:00:00+00:00,48461.3,48461.8,48426.3,48427.8,1562
2026-01-02 08:00:00+00:00,48428.3,48465.8,48419.8,48452.8,3793
2026-01-02 09:00:00+00:00,48453.3,48525.8,48450.8,48522.8,3331
2026-01-02 10:00:00+00:00,48523.3,48531.8,48489.8,48529.8,2521
2026-01-02 11:00:00+00:00,48530.3,48557.8,48518.3,48548.8,2043
2026-01-02 12:00:00+00:00,48548.3,48570.8,48518.3,48523.8,2643
2026-01-02 13:00:00+00:00,48524.3,48528.8,48466.3,48489.8,3207
2026-01-02 14:00:00+00:00,48490.3,48510.3,48092.4,48338.4,49647
2026-01-02 15:00:00+00:00,48339.4,48427.9,48141.4,48358.4,79060
2026-01-02 16:00:00+00:00,48357.4,48507.4,48308.9,48361.9,64569
2026-01-02 17:00:00+00:00,48361.4,48524.4,48353.4,48384.4,36526
2026-01-02 18:00:00+00:00,48383.9,48433.4,48328.4,48398.4,25057
2026-01-02 19:00:00+00:00,48398.9,48652.4,48382.9,48617.4,29689
2026-01-02 20:00:00+00:00,48616.9,48653.4,48523.4,48618.4,28280
2026-01-02 21:00:00+00:00,48619.1,48636.6,48597.1,48622.1,2816
2026-01-04 23:00:00+00:00,48626.5,48645.5,48584.1,48614.6,4511
2026-01-05 00:00:00+00:00,48615.1,48627.1,48585.1,48623.1,5852
2026-01-05 01:00:00+00:00,48622.1,48642.1,48576.6,48610.1,5250
2026-01-05 02:00:00+00:00,48610.6,48648.1,48610.1,48638.1,2158
2026-01-05 03:00:00+00:00,48637.6,48638.1,48593.6,48594.1,1466
2026-01-05 04:00:00+00:00,48593.6,48644.1,48589.1,48636.1,1266
2026-01-05 05:00:00+00:00,48636.6,48645.1,48613.1,48643.1,1502
2026-01-05 06:00:00+00:00,48642.1,48681.1,48616.1,48677.6,2068
2026-01-05 07:00:00+00:00,48676.8,48688.8,48625.8,48652.8,2670
2026-01-05 08:00:00+00:00,48653.3,48688.8,48633.3,48664.8,7046
2026-01-05 09:00:00+00:00,48665.3,48675.3,48608.8,48633.8,4192
2026-01-05 10:00:00+00:00,48633.3,48661.3,48623.8,48628.3,2964
2026-01-05 11:00:00+00:00,48627.8,48655.8,48618.8,48651.3,2279
2026-01-05 12:00:00+00:00,48650.8,48669.3,48595.8,48620.8,3285
2026-01-05 13:00:00+00:00,48621.3,48676.3,48559.3,48660.8,6070
2026-01-05 14:00:00+00:00,48661.3,49200.4,48648.8,49148.3,67838
2026-01-05 15:00:00+00:00,49150.3,49328.9,49126.9,49282.4,59718
2026-01-05 16:00:00+00:00,49281.9,49377.9,49247.4,49369.4,29184
2026-01-05 17:00:00+00:00,49369.9,49424.9,49348.4,49395.4,22644
2026-01-05 18:00:00+00:00,49394.9,49460.9,49375.4,49447.4,16413
2026-01-05 19:00:00+00:00,49446.9,49464.4,49301.4,49320.4,15883
2026-01-05 20:00:00+00:00,49321.4,49360.9,49213.4,49237.9,21857
2026-01-05 21:00:00+00:00,49240.6,49256.6,49220.1,49222.1,2920
2026-01-05 23:00:00+00:00,49232.5,49253.1,49214.1,49216.1,1872
2026-01-06 00:00:00+00:00,49216.6,49231.6,49205.1,49216.1,2746
2026-01-06 01:00:00+00:00,49216.6,49274.1,49212.1,49255.1,3083
2026-01-06 02:00:00+00:00,49255.6,49263.1,49244.1,49261.1,1505
2026-01-06 03:00:00+00:00,49261.6,49261.6,49249.1,49257.1,970
2026-01-06 04:00:00+00:00,49257.6,49272.6,49242.1,49249.1,1039
2026-01-06 05:00:00+00:00,49248.6,49254.1,49228.6,49233.1,1154
2026-01-06 06:00:00+00:00,49232.6,49274.1,49217.6,49258.1,1587
2026-01-06 07:00:00+00:00,49256.3,49258.3,49225.8,49234.8,1217
2026-01-06 08:00:00+00:00,49234.3,49235.3,49103.8,49124.8,7256
2026-01-06 09:00:00+00:00,49125.3,49161.3,49100.8,49104.8,5511
2026-01-06 10:00:00+00:00,49104.3,49155.8,49097.8,49134.8,2811
2026-01-06 11:00:00+00:00,49135.3,49162.8,49128.8,49134.8,2036
2026-01-06 12:00:00+00:00,49134.3,49213.8,49130.3,49209.8,2761
2026-01-06 13:00:00+00:00,49209.3,49215.8,49156.3,49184.8,5472
2026-01-06 14:00:00+00:00,49185.3,49349.9,49140.4,49323.4,52402
2026-01-06 15:00:00+00:00,49323.9,49444.9,49310.4,49360.9,46208
2026-01-06 16:00:00+00:00,49360.4,49507.4,49339.9,49499.4,32536
2026-01-06 17:00:00+00:00,49498.9,49670.4,49494.4,49657.4,16462
2026-01-06 18:00:00+00:00,49657.9,49710.9,49634.9,49709.4,13594
2026-01-06 19:00:00+00:00,49709.9,49750.4,49683.9,49714.9,10870
2026-01-06 20:00:00+00:00,49714.4,49767.9,49710.4,49717.9,15697
2026-01-06 21:00:00+00:00,49719.1,49760.1,49710.6,49750.1,2875
2026-01-06 23:00:00+00:00,49750.0,49761.5,49731.1,49735.1,1511
2026-01-07 00:00:00+00:00,49735.6,49758.1,49731.1,49749.1,2492
2026-01-07 01:00:00+00:00,49749.6,49789.6,49741.6,49780.1,2862
2026-01-07 02:00:00+00:00,49779.1,49795.1,49768.1,49783.1,1424
2026-01-07 03:00:00+00:00,49783.6,49796.1,49768.6,49779.1,1495
2026-01-07 04:00:00+00:00,49779.6,49809.1,49772.1,49801.1,1282
2026-01-07 05:00:00+00:00,49800.6,49811.1,49783.6,49787.6,990
2026-01-07 06:00:00+00:00,49788.1,49798.1,49752.1,49753.1,1136
2026-01-07 07:00:00+00:00,49752.3,49774.3,49751.8,49755.8,1200
2026-01-07 08:00:00+00:00,49756.3,49772.3,49745.8,49758.8,3152
2026-01-07 09:00:00+00:00,49758.3,49789.3,49733.3,49745.3,3061
2026-01-07 10:00:00+00:00,49744.8,49752.8,49720.8,49746.8,2378
2026-01-07 11:00:00+00:00,49747.3,49757.3,49736.8,49750.8,1949
2026-01-07 12:00:00+00:00,49751.3,49767.8,49727.8,49766.3,2587
2026-01-07 13:00:00+00:00,49765.8,49800.8,49744.8,49788.8,4164
2026-01-07 14:00:00+00:00,49789.3,49876.4,49606.9,49626.3,42382
2026-01-07 15:00:00+00:00,49624.8,49641.8,49448.4,49526.9,47257
2026-01-07 16:00:00+00:00,49526.4,49625.4,49507.9,49616.4,22736
2026-01-07 17:00:00+00:00,49616.9,49647.4,49503.4,49519.4,17531
2026-01-07 18:00:00+00:00,49518.9,49518.9,49410.9,49476.9,18826
2026-01-07 19:00:00+00:00,49476.4,49484.9,49374.4,49400.4,19529
2026-01-07 20:00:00+00:00,49399.9,49405.4,49192.4,49244.4,30014
2026-01-07 21:00:00+00:00,49245.6,49246.6,49185.1,49236.1,4025
2026-01-07 23:00:00+00:00,49252.6,49269.6,49237.1,49263.1,2074
2026-01-08 00:00:00+00:00,49263.6,49275.6,49253.1,49270.1,1694
2026-01-08 01:00:00+00:00,49270.6,49271.6,49231.1,49255.1,2217
2026-01-08 02:00:00+00:00,49254.6,49267.1,49185.6,49193.1,3023
2026-01-08 03:00:00+00:00,49193.6,49196.6,49152.1,49175.1,2096
2026-01-08 04:00:00+00:00,49174.6,49178.1,49156.6,49160.6,1408
2026-01-08 05:00:00+00:00,49161.1,49166.1,49109.6,49112.1,1895
2026-01-08 06:00:00+00:00,49112.6,49114.6,49067.1,49101.1,4237
2026-01-08 07:00:00+00:00,49100.3,49139.3,49071.3,49112.8,5768
2026-01-08 08:00:00+00:00,49113.3,49150.3,49111.3,49119.8,4605
2026-01-08 09:00:00+00:00,49120.3,49142.3,49090.3,49097.8,3399
2026-01-08 10:00:00+00:00,49098.3,49104.3,49067.8,49092.8,2845
2026-01-08 11:00:00+00:00,49093.3,49112.8,49049.8,49068.8,3735
2026-01-08 12:00:00+00:00,49068.3,49079.8,49034.3,49057.8,3910
2026-01-08 13:00:00+00:00,49057.3,49103.8,49049.3,49064.8,5040
2026-01-08 14:00:00+00:00,49064.3,49326.4,49003.3,49286.9,57226
2026-01-08 15:00:00+00:00,49286.4,49458.4,49261.4,49454.4,57654
2026-01-08 16:00:00+00:00,49453.9,49546.9,49387.9,49526.4,41360
2026-01-08 17:00:00+00:00,49525.9,49587.4,49496.4,49554.4,23543
2026-01-08 18:00:00+00:00,49553.9,49567.4,49473.9,49486.4,21331
2026-01-08 19:00:00+00:00,49486.9,49526.9,49445.9,49468.4,19890
2026-01-08 20:00:00+00:00,49467.9,49536.9,49454.4,49486.4,21469
2026-01-08 21:00:00+00:00,49488.6,49605.1,49484.6,49573.1,3465
2026-01-08 23:00:00+00:00,49584.5,49593.1,49524.1,49533.1,1936
2026-01-09 00:00:00+00:00,49533.6,49546.1,49499.1,49503.1,2350
2026-01-09 01:00:00+00:00,49503.6,49513.6,49477.1,49490.1,3473
2026-01-09 02:00:00+00:00,49490.6,49516.6,49483.6,49500.1,2137
2026-01-09 03:00:00+00:00,49499.6,49508.6,49490.1,49500.1,1616
2026-01-09 04:00:00+00:00,49500.6,49509.1,49488.1,49503.6,1367
2026-01-09 05:00:00+00:00,49504.6,49511.1,49479.1,49499.1,1795
2026-01-09 06:00:00+00:00,49498.1,49513.1,49481.1,49498.1,1632
2026-01-09 07:00:00+00:00,49497.3,49499.8,49459.3,49488.8,2028
2026-01-09 08:00:00+00:00,49489.3,49512.8,49452.3,49461.8,4830
2026-01-09 09:00:00+00:00,49460.8,49517.8,49456.8,49516.3,3361
2026-01-09 10:00:00+00:00,49517.3,49522.8,49492.3,49493.8,2162
2026-01-09 11:00:00+00:00,49494.3,49511.8,49479.8,49491.8,2615
2026-01-09 12:00:00+00:00,49491.3,49531.8,49481.3,49528.8,2482
2026-01-09 13:00:00+00:00,49528.3,49676.3,49521.3,49644.8,10579
2026-01-09 14:00:00+00:00,49645.3,49675.4,49445.4,49589.3,64423
2026-01-09 15:00:00+00:00,49591.8,49693.9,49408.9,49588.4,79935
2026-01-09 16:00:00+00:00,49588.9,49778.9,49576.9,49751.9,35505
2026-01-09 17:00:00+00:00,49751.4,49794.9,49703.4,49703.4,18404
2026-01-09 18:00:00+00:00,49702.4,49760.9,49667.9,49705.9,15952
2026-01-09 19:00:00+00:00,49705.4,49758.9,49696.9,49746.4,12624
2026-01-09 20:00:00+00:00,49745.9,49775.9,49713.4,49728.4,17115
2026-01-09 21:00:00+00:00,49730.6,49735.1,49714.1,49716.6,2118
2026-01-11 23:00:00+00:00,49667.0,49696.6,49637.5,49663.6,3630
2026-01-12 00:00:00+00:00,49664.1,49665.1,49543.1,49567.1,7969
2026-01-12 01:00:00+00:00,49566.6,49581.6,49514.1,49557.1,9166
2026-01-12 02:00:00+00:00,49557.6,49558.1,49492.1,49500.1,4027
2026-01-12 03:00:00+00:00,49500.6,49504.1,49465.1,49476.1,2608
2026-01-12 04:00:00+00:00,49475.6,49496.1,49464.6,49481.6,1682
2026-01-12 05:00:00+00:00,49481.1,49497.6,49464.1,49485.1,2157
2026-01-12 06:00:00+00:00,49485.6,49514.1,49479.1,49502.1,1711
2026-01-12 07:00:00+00:00,49500.3,49525.8,49467.3,49495.8,2689
2026-01-12 08:00:00+00:00,49495.3,49514.8,49419.3,49424.8,7794
2026-01-12 09:00:00+00:00,49425.3,49433.3,49340.8,49382.8,7788
2026-01-12 10:00:00+00:00,49383.3,49385.8,49350.8,49353.3,2707
2026-01-12 11:00:00+00:00,49353.8,49392.8,49292.8,49358.8,3941
2026-01-12 12:00:00+00:00,49357.8,49410.3,49354.3,49392.8,3714
2026-01-12 13:00:00+00:00,49392.3,49428.8,49369.3,49409.8,4361
2026-01-12 14:00:00+00:00,49409.3,49567.9,49214.4,49549.4,49380
2026-01-12 15:00:00+00:00,49548.9,49642.4,49414.4,49636.4,43529
2026-01-12 16:00:00+00:00,49635.9,49714.4,49594.4,49647.4,22676
2026-01-12 17:00:00+00:00,49646.9,49685.4,49604.9,49670.9,13840
2026-01-12 18:00:00+00:00,49670.4,49764.9,49659.9,49755.4,11475
2026-01-12 19:00:00+00:00,49754.9,49802.9,49717.4,49784.9,11497
2026-01-12 20:00:00+00:00,49785.4,49856.9,49725.4,49808.9,16705
2026-01-12 21:00:00+00:00,49809.6,49811.1,49752.1,49764.1,2938
2026-01-12 23:00:00+00:00,49768.0,49780.0,49735.1,49753.1,2469
2026-01-13 00:00:00+00:00,49753.6,49769.1,49738.6,49744.1,2155
2026-01-13 01:00:00+00:00,49743.6,49782.1,49730.6,49767.6,2621
2026-01-13 02:00:00+00:00,49768.1,49793.6,49762.1,49790.1,2099
2026-01-13 03:00:00+00:00,49790.6,49804.6,49783.6,49788.1,1203
2026-01-13 04:00:00+00:00,49789.1,49804.6,49784.1,49801.1,1100
2026-01-13 05:00:00+00:00,49802.1,49805.1,49773.6,49785.1,1121
2026-01-13 06:00:00+00:00,49784.6,49787.6,49761.6,49775.1,1086
2026-01-13 07:00:00+00:00,49774.3,49781.3,49761.8,49769.8,1419
2026-01-13 08:00:00+00:00,49768.8,49769.8,49741.8,49763.8,3008
2026-01-13 09:00:00+00:00,49763.3,49765.3,49735.8,49749.8,2116
2026-01-13 10:00:00+00:00,49750.3,49753.3,49717.3,49745.8,1862
2026-01-13 11:00:00+00:00,49746.3,49830.8,49693.3,49798.8,3685
2026-01-13 12:00:00+00:00,49798.3,49799.8,49695.8,49697.3,2901
2026-01-13 13:00:00+00:00,49696.8,49902.3,49675.8,49767.8,14597
2026-01-13 14:00:00+00:00,49767.3,49824.8,49478.4,49516.8,53593
2026-01-13 15:00:00+00:00,49515.4,49620.9,49418.4,49505.4,61152
2026-01-13 16:00:00+00:00,49504.9,49556.4,49412.9,49505.9,35158
2026-01-13 17:00:00+00:00,49506.4,49542.9,49439.4,49455.9,28734
2026-01-13 18:00:00+00:00,49456.4,49517.9,49394.9,49461.4,27502
2026-01-13 19:00:00+00:00,49461.9,49480.4,49383.4,49416.9,26009
2026-01-13 20:00:00+00:00,49417.4,49419.9,49275.9,49405.9,25520
2026-01-13 21:00:00+00:00,49407.1,49426.1,49380.1,49389.1,3394
2026-01-13 23:00:00+00:00,49376.0,49391.6,49360.1,49363.6,1709
2026-01-14 00:00:00+00:00,49363.1,49385.1,49354.6,49364.1,2667
2026-01-14 01:00:00+00:00,49363.1,49366.6,49307.1,49310.1,2850
2026-01-14 02:00:00+00:00,49310.6,49326.1,49295.1,49323.1,2105
2026-01-14 03:00:00+00:00,49322.6,49342.6,49307.1,49326.1,1652
2026-01-14 04:00:00+00:00,49325.6,49332.6,49272.6,49281.1,1500
2026-01-14 05:00:00+00:00,49280.6,49291.6,49260.6,49267.1,2281
2026-01-14 06:00:00+00:00,49267.6,49295.6,49259.6,49295.6,2725
2026-01-14 07:00:00+00:00,49293.8,49306.3,49278.3,49289.8,2044
2026-01-14 08:00:00+00:00,49290.3,49313.8,49280.3,49308.8,4255
2026-01-14 09:00:00+00:00,49307.8,49344.8,49301.8,49333.8,2885
2026-01-14 10:00:00+00:00,49332.8,49332.8,49229.3,49242.8,7279
2026-01-14 11:00:00+00:00,49242.3,49265.3,49211.3,49248.8,4975
2026-01-14 12:00:00+00:00,49249.3,49316.8,49212.3,49275.3,5098
2026-01-14 13:00:00+00:00,49274.8,49293.8,49219.3,49241.3,8704
2026-01-14 14:00:00+00:00,49240.8,49401.4,49203.4,49219.8,64774
2026-01-14 15:00:00+00:00,49220.4,49365.4,49090.4,49156.4,86154
2026-01-14 16:00:00+00:00,49156.9,49348.4,49058.4,49099.9,46914
2026-01-14 17:00:00+00:00,49099.4,49185.9,49084.4,49135.4,40627
2026-01-14 18:00:00+00:00,49134.9,49247.4,49116.4,49237.4,33894
2026-01-14 19:00:00+00:00,49237.9,49260.9,49182.9,49241.4,28540
2026-01-14 20:00:00+00:00,49240.9,49380.4,49196.9,49369.4,45330
2026-01-14 21:00:00+00:00,49370.6,49390.6,49222.6,49305.6,7696
2026-01-14 23:00:00+00:00,49298.5,49321.6,49256.1,49297.1,3441
2026-01-15 00:00:00+00:00,49296.6,49301.6,49274.6,49291.6,2655
2026-01-15 01:00:00+00:00,49292.1,49339.6,49273.6,49336.6,6321
2026-01-15 02:00:00+00:00,49337.1,49344.6,49311.1,49325.1,2564
2026-01-15 03:00:00+00:00,49326.1,49340.6,49294.1,49302.1,3225
2026-01-15 04:00:00+00:00,49302.6,49314.1,49297.1,49305.1,2028
2026-01-15 05:00:00+00:00,49304.1,49371.1,49302.1,49339.1,3741
2026-01-15 06:00:00+00:00,49337.6,49389.1,49328.6,49345.1,5969
2026-01-15 07:00:00+00:00,49343.3,49352.3,49311.8,49326.8,3821
2026-01-15 08:00:00+00:00,49326.3,49348.3,49304.8,49347.3,5938
2026-01-15 09:00:00+00:00,49346.3,49422.8,49333.8,49401.8,4540
2026-01-15 10:00:00+00:00,49401.3,49420.3,49381.8,49413.3,2963
2026-01-15 11:00:00+00:00,49413.8,49427.8,49383.3,49391.8,2966
2026-01-15 12:00:00+00:00,49391.3,49510.3,49355.8,49373.8,6396
2026-01-15 13:00:00+00:00,49373.3,49384.8,49288.8,49326.8,7470
2026-01-15 14:00:00+00:00,49327.3,49595.9,49299.8,49533.4,55672
2026-01-15 15:00:00+00:00,49532.9,49694.4,49528.4,49681.4,51524
2026-01-15 16:00:00+00:00,49680.9,49771.9,49674.4,49730.4,27978
2026-01-15 17:00:00+00:00,49730.9,49774.4,49687.4,49687.4,21845
2026-01-15 18:00:00+00:00,49687.9,49791.9,49680.9,49756.9,16676
2026-01-15 19:00:00+00:00,49757.4,49790.4,49666.4,49682.4,27632
2026-01-15 20:00:00+00:00,49683.4,49702.4,49593.4,49650.9,34165
2026-01-15 21:00:00+00:00,49652.1,49662.1,49629.1,49646.6,3497
2026-01-15 23:00:00+00:00,49665.0,49688.1,49651.5,49674.6,1719
2026-01-16 00:00:00+00:00,49674.1,49685.1,49660.1,49675.6,1960
2026-01-16 01:00:00+00:00,49676.6,49689.1,49647.1,49677.1,2996
2026-01-16 02:00:00+00:00,49677.6,49716.1,49667.1,49711.6,1736
2026-01-16 03:00:00+00:00,49711.1,49734.1,49708.6,49727.1,1131
2026-01-16 04:00:00+00:00,49727.6,49753.1,49722.1,49750.1,1071
2026-01-16 05:00:00+00:00,49750.6,49751.6,49727.1,49731.1,1285
2026-01-16 06:00:00+00:00,49730.1,49733.1,49717.1,49729.1,1039
2026-01-16 07:00:00+00:00,49728.8,49738.3,49710.3,49714.3,1570
2026-01-16 08:00:00+00:00,49713.8,49733.8,49687.8,49695.8,3150
2026-01-16 09:00:00+00:00,49695.3,49716.8,49678.3,49684.8,2275
2026-01-16 10:00:00+00:00,49685.3,49712.8,49684.3,49687.8,1974
2026-01-16 11:00:00+00:00,49686.8,49712.8,49635.8,49639.8,2985
2026-01-16 12:00:00+00:00,49639.3,49664.3,49608.3,49628.3,4230
2026-01-16 13:00:00+00:00,49628.8,49670.8,49602.8,49645.8,5675
2026-01-16 14:00:00+00:00,49645.3,49800.4,49512.4,49519.4,51074
2026-01-16 15:00:00+00:00,49519.9,49608.9,49424.4,49545.4,53958
2026-01-16 16:00:00+00:00,49545.9,49668.4,49534.4,49595.4,34070
2026-01-16 17:00:00+00:00,49594.9,49628.4,49576.4,49598.9,23253
2026-01-16 18:00:00+00:00,49599.4,49685.4,49583.4,49639.4,17659
2026-01-16 19:00:00+00:00,49638.9,49715.4,49584.4,49609.4,22578
2026-01-16 20:00:00+00:00,49608.9,49619.9,49515.4,49548.4,26408
2026-01-16 21:00:00+00:00,49549.6,49563.6,49509.1,49542.6,3094
2026-01-18 23:00:00+00:00,49288.6,49316.6,49186.5,49290.6,4674
2026-01-19 00:00:00+00:00,49290.1,49290.1,49182.1,49228.6,8502
2026-01-19 01:00:00+00:00,49228.1,49250.1,49173.5,49176.1,5917
2026-01-19 02:00:00+00:00,49176.6,49218.6,49175.1,49209.6,3139
2026-01-19 03:00:00+00:00,49209.1,49213.1,49189.6,49202.1,2675
2026-01-19 04:00:00+00:00,49203.1,49205.6,49174.1,49178.1,1442
2026-01-19 05:00:00+00:00,49179.1,49202.6,49161.1,49187.1,1782
2026-01-19 06:00:00+00:00,49186.6,49217.0,49175.1,49177.1,1872
2026-01-19 07:00:00+00:00,49176.3,49181.8,49097.8,49117.8,5051
2026-01-19 08:00:00+00:00,49118.8,49253.8,49118.3,49233.3,8415
2026-01-19 09:00:00+00:00,49233.8,49241.8,49052.8,49077.8,10120
2026-01-19 10:00:00+00:00,49077.3,49146.8,49062.3,49069.8,5568
2026-01-19 11:00:00+00:00,49070.3,49115.8,49056.3,49104.3,4996
2026-01-19 12:00:00+00:00,49103.8,49223.3,49075.8,49165.3,4900
2026-01-19 13:00:00+00:00,49164.8,49213.3,49132.3,49188.8,4750
2026-01-19 14:00:00+00:00,49189.3,49208.3,49070.4,49135.4,8847
2026-01-19 15:00:00+00:00,49134.9,49149.9,49087.4,49116.4,7680
2026-01-19 16:00:00+00:00,49116.9,49206.4,49093.4,49130.4,6209
2026-01-19 17:00:00+00:00,49130.9,49166.4,49115.4,49146.4,3498
2026-01-19 23:00:00+00:00,49142.5,49184.1,49117.6,49127.6,1342
2026-01-20 00:00:00+00:00,49128.6,49130.1,49062.1,49094.1,4129
2026-01-20 01:00:00+00:00,49095.1,49150.6,49095.1,49122.1,4739
2026-01-20 02:00:00+00:00,49122.6,49123.6,49077.1,49115.1,2810
2026-01-20 03:00:00+00:00,49115.6,49132.1,49109.1,49125.1,1501
2026-01-20 04:00:00+00:00,49125.6,49128.1,49075.6,49083.6,1643
2026-01-20 05:00:00+00:00,49084.1,49118.1,49078.1,49100.6,2843
2026-01-20 06:00:00+00:00,49100.1,49102.1,48889.6,48959.1,8105
2026-01-20 07:00:00+00:00,48957.3,48967.3,48892.8,48932.8,7378
2026-01-20 08:00:00+00:00,48933.3,48937.8,48764.8,48809.8,17953
2026-01-20 09:00:00+00:00,48810.3,48833.8,48696.8,48723.3,15121
2026-01-20 10:00:00+00:00,48723.8,48831.3,48689.8,48820.3,9081
2026-01-20 11:00:00+00:00,48819.8,48930.8,48810.8,48916.3,7711
2026-01-20 12:00:00+00:00,48915.8,48969.8,48862.8,48938.8,10315
2026-01-20 13:00:00+00:00,48939.3,48960.8,48799.3,48825.8,19973
2026-01-20 14:00:00+00:00,48825.3,48970.9,48783.4,48857.9,84674
2026-01-20 15:00:00+00:00,48858.4,49095.9,48756.9,49050.4,79301
2026-01-20 16:00:00+00:00,49049.9,49058.9,48893.9,49022.9,58797
2026-01-20 17:00:00+00:00,49022.4,49057.4,48841.4,48864.4,48290
2026-01-20 18:00:00+00:00,48864.9,48916.9,48659.4,48699.4,36525
2026-01-20 19:00:00+00:00,48699.9,48736.4,48626.4,48655.4,41211
2026-01-20 20:00:00+00:00,48655.9,48723.4,48612.4,48687.4,44639
2026-01-20 21:00:00+00:00,48688.6,48747.1,48669.1,48732.1,5845
2026-01-20 23:00:00+00:00,48725.0,48756.5,48682.1,48693.1,3487
2026-01-21 00:00:00+00:00,48693.6,48750.1,48693.6,48740.6,3574
2026-01-21 01:00:00+00:00,48741.1,48781.6,48732.1,48768.1,3095
2026-01-21 02:00:00+00:00,48768.6,48778.6,48732.6,48738.1,3245
2026-01-21 03:00:00+00:00,48738.6,48790.1,48738.1,48761.1,3863
2026-01-21 04:00:00+00:00,48762.1,48782.6,48754.1,48765.1,2484
2026-01-21 05:00:00+00:00,48763.6,48779.1,48734.6,48755.1,2146
2026-01-21 06:00:00+00:00,48754.6,48764.6,48719.1,48721.1,2040
2026-01-21 07:00:00+00:00,48719.3,48790.3,48717.3,48768.8,2753
2026-01-21 08:00:00+00:00,48769.3,48794.8,48753.8,48772.8,6176
2026-01-21 09:00:00+00:00,48773.3,48785.8,48681.8,48686.3,5639
2026-01-21 10:00:00+00:00,48685.8,48753.8,48670.8,48717.3,5003
2026-01-21 11:00:00+00:00,48717.8,48722.8,48554.8,48558.3,7363
2026-01-21 12:00:00+00:00,48557.8,48645.8,48528.3,48578.8,9928
2026-01-21 13:00:00+00:00,48579.3,48590.8,48489.3,48547.3,13467
2026-01-21 14:00:00+00:00,48546.3,48991.4,48531.8,48984.9,91165
2026-01-21 15:00:00+00:00,48984.4,49207.4,48974.9,49149.9,66684
2026-01-21 16:00:00+00:00,49149.4,49158.4,48943.4,48947.4,60678
2026-01-21 17:00:00+00:00,48947.9,48982.4,48772.9,48935.4,75349
2026-01-21 18:00:00+00:00,48934.9,49036.9,48807.3,48998.4,60139
2026-01-21 19:00:00+00:00,48997.9,49484.4,48907.4,49455.4,79897
2026-01-21 20:00:00+00:00,49454.9,49479.9,49223.9,49269.4,63405
2026-01-21 21:00:00+00:00,49271.6,49317.1,49265.1,49281.1,6607
2026-01-21 23:00:00+00:00,49306.0,49354.6,49301.5,49323.1,2857
2026-01-22 00:00:00+00:00,49323.6,49348.6,49313.6,49338.1,3996
2026-01-22 01:00:00+00:00,49338.6,49376.6,49329.1,49370.1,3865
2026-01-22 02:00:00+00:00,49370.6,49395.6,49354.1,49369.6,2250
2026-01-22 03:00:00+00:00,49370.1,49391.6,49368.1,49377.1,1768
2026-01-22 04:00:00+00:00,49376.6,49378.1,49350.6,49357.1,1660
2026-01-22 05:00:00+00:00,49357.6,49367.1,49308.1,49312.6,1922
2026-01-22 06:00:00+00:00,49312.1,49325.6,49259.6,49306.1,4768
2026-01-22 07:00:00+00:00,49305.3,49355.8,49269.8,49330.3,5714
2026-01-22 08:00:00+00:00,49329.8,49442.3,49325.8,49418.8,10312
2026-01-22 09:00:00+00:00,49418.3,49476.8,49415.8,49461.8,5466
2026-01-22 10:00:00+00:00,49462.3,49470.8,49422.8,49466.8,4747
2026-01-22 11:00:00+00:00,49466.3,49474.8,49387.8,49401.8,7124
2026-01-22 12:00:00+00:00,49401.3,49432.3,49372.8,49413.8,5973
2026-01-22 13:00:00+00:00,49413.3,49519.3,49405.3,49515.3,9713
2026-01-22 14:00:00+00:00,49514.8,49765.4,49475.4,49523.4,63846
2026-01-22 15:00:00+00:00,49529.3,49650.9,49432.9,49612.4,68562
2026-01-22 16:00:00+00:00,49610.9,49728.9,49607.4,49667.4,33463
2026-01-22 17:00:00+00:00,49666.9,49795.9,49643.4,49774.9,29375
2026-01-22 18:00:00+00:00,49775.4,49781.9,49663.4,49682.4,23647
2026-01-22 19:00:00+00:00,49681.9,49759.4,49580.4,49580.9,23472
2026-01-22 20:00:00+00:00,49580.4,49645.9,49496.9,49562.9,35859
2026-01-22 21:00:00+00:00,49564.1,49576.1,49487.6,49507.1,6291
2026-01-22 23:00:00+00:00,49506.5,49544.6,49489.0,49530.1,2377
2026-01-23 00:00:00+00:00,49529.6,49576.1,49513.1,49574.1,2317
2026-01-23 01:00:00+00:00,49576.1,49612.1,49568.1,49609.1,3667
2026-01-23 02:00:00+00:00,49610.1,49610.1,49581.1,49583.1,1711
2026-01-23 03:00:00+00:00,49582.6,49610.1,49582.1,49604.1,1599
2026-01-23 04:00:00+00:00,49605.1,49605.1,49582.1,49600.6,1457
2026-01-23 05:00:00+00:00,49601.1,49613.6,49594.1,49611.1,1388
2026-01-23 06:00:00+00:00,49610.1,49624.1,49586.1,49592.1,1543
2026-01-23 07:00:00+00:00,49591.3,49607.3,49573.8,49585.8,2652
2026-01-23 08:00:00+00:00,49585.3,49588.8,49492.8,49510.3,7730
2026-01-23 09:00:00+00:00,49499.8,49532.3,49434.8,49458.8,7368
2026-01-23 10:00:00+00:00,49458.3,49459.3,49423.8,49448.8,5083
2026-01-23 11:00:00+00:00,49449.3,49487.3,49435.8,49445.3,6736
2026-01-23 12:00:00+00:00,49444.8,49478.8,49416.8,49462.8,4605
2026-01-23 13:00:00+00:00,49463.3,49469.3,49309.8,49323.8,7667
2026-01-23 14:00:00+00:00,49324.3,49385.4,49172.4,49300.8,42905
2026-01-23 15:00:00+00:00,49305.3,49359.4,49204.4,49327.4,43091
2026-01-23 16:00:00+00:00,49326.9,49367.9,49247.4,49291.4,29753
2026-01-23 17:00:00+00:00,49291.9,49346.4,49131.9,49150.4,31691
2026-01-23 18:00:00+00:00,49149.9,49210.4,49120.9,49205.4,31203
2026-01-23 19:00:00+00:00,49206.9,49305.4,49199.9,49259.9,21905
2026-01-23 20:00:00+00:00,49259.4,49293.4,49210.4,49263.9,26058
2026-01-23 21:00:00+00:00,49265.1,49265.6,49172.1,49172.1,3216
2026-01-25 23:00:00+00:00,48943.5,49116.1,48918.6,49098.6,7883
2026-01-26 00:00:00+00:00,49098.1,49191.1,49095.5,49154.1,8071
2026-01-26 01:00:00+00:00,49153.6,49214.6,49126.1,49143.1,9168
2026-01-26 02:00:00+00:00,49142.6,49171.6,49113.1,49141.1,6176
2026-01-26 03:00:00+00:00,49142.6,49175.1,49134.1,49145.6,5340
2026-01-26 04:00:00+00:00,49145.1,49167.1,49125.1,49137.6,3651
2026-01-26 05:00:00+00:00,49137.1,49182.1,49130.1,49178.1,3134
2026-01-26 06:00:00+00:00,49179.1,49212.6,49177.6,49191.1,4020
2026-01-26 07:00:00+00:00,49190.3,49252.8,49184.3,49243.8,3514
2026-01-26 08:00:00+00:00,49244.3,49287.3,49235.8,49282.3,6265
2026-01-26 09:00:00+00:00,49282.8,49302.8,49160.8,49195.3,7728
2026-01-26 10:00:00+00:00,49194.8,49255.8,49190.8,49226.8,6048
2026-01-26 11:00:00+00:00,49227.8,49281.3,49222.3,49238.8,3590
2026-01-26 12:00:00+00:00,49238.3,49278.8,49234.8,49264.8,4353
2026-01-26 13:00:00+00:00,49265.3,49327.3,49238.3,49322.8,7001
2026-01-26 14:00:00+00:00,49322.3,49484.9,49303.4,49402.4,42092
2026-01-26 15:00:00+00:00,49401.9,49528.4,49389.4,49440.4,39748
2026-01-26 16:00:00+00:00,49440.9,49446.4,49356.9,49391.4,29383
2026-01-26 17:00:00+00:00,49390.4,49504.4,49382.4,49490.4,16742
2026-01-26 18:00:00+00:00,49490.9,49620.9,49473.4,49523.4,17743
2026-01-26 19:00:00+00:00,49522.9,49613.4,49516.4,49579.4,15252
2026-01-26 20:00:00+00:00,49579.9,49645.4,49555.4,49561.4,18944
2026-01-26 21:00:00+00:00,49563.6,49574.6,49378.1,49379.1,7592
2026-01-26 23:00:00+00:00,49407.0,49429.1,49360.5,49407.1,2597
2026-01-27 00:00:00+00:00,49406.1,49421.1,49384.1,49418.1,2105
2026-01-27 01:00:00+00:00,49417.1,49449.6,49406.6,49439.1,2145
2026-01-27 02:00:00+00:00,49439.6,49495.6,49438.6,49495.1,2018
2026-01-27 03:00:00+00:00,49494.1,49511.1,49485.1,49504.1,1428
2026-01-27 04:00:00+00:00,49504.6,49537.1,49504.1,49520.1,1193
2026-01-27 05:00:00+00:00,49520.6,49539.6,49502.1,49535.6,1839
2026-01-27 06:00:00+00:00,49536.1,49557.6,49514.1,49517.1,1908
2026-01-27 07:00:00+00:00,49516.3,49544.8,49514.3,49537.3,2215
2026-01-27 08:00:00+00:00,49536.8,49545.8,49484.8,49512.3,5117
2026-01-27 09:00:00+00:00,49511.8,49533.8,49507.8,49510.8,3872
2026-01-27 10:00:00+00:00,49510.3,49566.8,49474.8,49476.8,2834
2026-01-27 11:00:00+00:00,49477.3,49495.3,49408.8,49415.8,3801
2026-01-27 12:00:00+00:00,49415.3,49437.3,49288.8,49302.8,5790
2026-01-27 13:00:00+00:00,49302.3,49334.8,49229.8,49233.8,5635
2026-01-27 14:00:00+00:00,49234.3,49271.9,49091.4,49159.3,47512
2026-01-27 15:00:00+00:00,49160.3,49180.4,49040.4,49177.4,40922
2026-01-27 16:00:00+00:00,49177.9,49319.4,49156.4,49225.4,22320
2026-01-27 17:00:00+00:00,49225.9,49228.4,49054.4,49070.4,20733
2026-01-27 18:00:00+00:00,49071.4,49137.9,49009.4,49119.9,17176
2026-01-27 19:00:00+00:00,49119.4,49160.4,49095.4,49136.4,12305
2026-01-27 20:00:00+00:00,49135.9,49171.9,49113.4,49165.9,16822
2026-01-27 21:00:00+00:00,49167.1,49170.6,49113.1,49131.1,4113
2026-01-27 23:00:00+00:00,49120.0,49149.1,49114.5,49136.1,1964
2026-01-28 00:00:00+00:00,49136.6,49193.1,49135.1,49173.1,2839
2026-01-28 01:00:00+00:00,49173.6,49175.6,49146.1,49155.1,2699
2026-01-28 02:00:00+00:00,49154.1,49168.6,49143.1,49157.1,1957
2026-01-28 03:00:00+00:00,49156.6,49177.1,49149.1,49149.6,1798
2026-01-28 04:00:00+00:00,49149.1,49153.1,49134.1,49150.1,1212
2026-01-28 05:00:00+00:00,49151.1,49181.1,49148.1,49175.6,1389
2026-01-28 06:00:00+00:00,49185.5,49228.6,49152.6,49179.1,7332
2026-01-28 07:00:00+00:00,49177.3,49203.8,49162.8,49201.8,3527
2026-01-28 08:00:00+00:00,49202.3,49215.3,49125.3,49130.8,6029
2026-01-28 09:00:00+00:00,49131.3,49188.3,49130.8,49179.8,4807
2026-01-28 10:00:00+00:00,49178.8,49202.3,49167.3,49197.8,2949
2026-01-28 11:00:00+00:00,49198.3,49199.3,49164.8,49173.8,3428
2026-01-28 12:00:00+00:00,49174.8,49193.8,49107.8,49116.8,7946
2026-01-28 13:00:00+00:00,49117.8,49161.8,49095.8,49116.8,6663
2026-01-28 14:00:00+00:00,49117.3,49291.4,49089.8,49144.4,47444
2026-01-28 15:00:00+00:00,49143.9,49206.4,49054.9,49136.4,50856
2026-01-28 16:00:00+00:00,49137.4,49228.9,49134.4,49160.4,31446
2026-01-28 17:00:00+00:00,49160.9,49231.9,49122.9,49144.4,23819
2026-01-28 18:00:00+00:00,49143.9,49186.4,49088.4,49115.3,16648
2026-01-28 19:00:00+00:00,49112.8,49277.9,49040.9,49089.4,66104
2026-01-28 20:00:00+00:00,49089.9,49207.4,49079.8,49167.9,34037
2026-01-28 21:00:00+00:00,49170.1,49223.6,48992.6,49122.1,19101
2026-01-28 23:00:00+00:00,49141.0,49154.1,49015.1,49022.1,8288
2026-01-29 00:00:00+00:00,49022.6,49048.1,48985.1,49045.6,11734
2026-01-29 01:00:00+00:00,49046.1,49049.6,49002.1,49028.1,9932
2026-01-29 02:00:00+00:00,49028.6,49094.6,49022.1,49076.1,5692
2026-01-29 03:00:00+00:00,49075.1,49115.1,49074.1,49101.6,3444
2026-01-29 04:00:00+00:00,49102.1,49129.1,49090.1,49124.1,2298
2026-01-29 05:00:00+00:00,49124.6,49154.1,49113.6,49146.1,2785
2026-01-29 06:00:00+00:00,49147.1,49181.1,49145.1,49156.1,2757
2026-01-29 07:00:00+00:00,49155.8,49220.3,49147.3,49206.8,4013
2026-01-29 08:00:00+00:00,49206.3,49230.8,49161.8,49212.8,8822
2026-01-29 09:00:00+00:00,49214.8,49277.3,49201.3,49203.8,5626
2026-01-29 10:00:00+00:00,49203.3,49230.8,49150.8,49160.8,5100
2026-01-29 11:00:00+00:00,49161.3,49430.3,49130.3,49224.8,11324
2026-01-29 12:00:00+00:00,49225.3,49247.8,49161.8,49197.8,6563
2026-01-29 13:00:00+00:00,49198.3,49221.8,49167.3,49178.8,7230
2026-01-29 14:00:00+00:00,49179.3,49444.4,49086.4,49105.4,72920
2026-01-29 15:00:00+00:00,49105.9,49143.4,48800.4,48861.4,114430
2026-01-29 16:00:00+00:00,48860.4,49076.9,48722.9,49041.9,85272
2026-01-29 17:00:00+00:00,49042.4,49205.9,48932.4,48938.4,50028
2026-01-29 18:00:00+00:00,48937.9,49098.4,48908.9,48997.4,50838
2026-01-29 19:00:00+00:00,48997.9,49158.4,48970.4,49042.4,37811
2026-01-29 20:00:00+00:00,49042.9,49205.4,49040.4,49158.4,34300
2026-01-29 21:00:00+00:00,49160.6,49194.1,49103.6,49111.1,11193
2026-01-29 23:00:00+00:00,49135.0,49135.5,48975.0,49095.1,8051
2026-01-30 00:00:00+00:00,49094.6,49125.1,49037.1,49046.1,8574
2026-01-30 01:00:00+00:00,49046.6,49058.1,48919.6,48963.1,12076
2026-01-30 02:00:00+00:00,48963.6,48975.1,48899.1,48946.1,15271
2026-01-30 03:00:00+00:00,48946.6,49007.1,48944.6,48980.1,8652
2026-01-30 04:00:00+00:00,48979.6,49007.1,48970.6,48979.1,4685
2026-01-30 05:00:00+00:00,48980.1,48999.6,48939.6,48940.1,5380
2026-01-30 06:00:00+00:00,48939.6,48948.1,48780.6,48788.6,8621
2026-01-30 07:00:00+00:00,48787.8,48860.8,48765.3,48772.8,9857
2026-01-30 08:00:00+00:00,48773.3,48851.3,48748.8,48826.8,16306
2026-01-30 09:00:00+00:00,48826.3,48864.8,48696.8,48752.8,14222
2026-01-30 10:00:00+00:00,48752.3,48838.8,48744.3,48818.8,9687
2026-01-30 11:00:00+00:00,48819.3,49048.8,48813.3,49039.3,10297
2026-01-30 12:00:00+00:00,49038.8,49082.8,48939.3,48966.8,11992
2026-01-30 13:00:00+00:00,48967.3,49016.8,48863.3,48905.8,17167
2026-01-30 14:00:00+00:00,48905.3,49170.4,48896.8,48987.4,76871
2026-01-30 15:00:00+00:00,48986.9,49105.9,48921.4,48924.4,90196
2026-01-30 16:00:00+00:00,48924.9,48933.9,48704.4,48775.4,67285
2026-01-30 17:00:00+00:00,48774.9,48817.4,48629.9,48684.4,72291
2026-01-30 18:00:00+00:00,48682.9,48947.9,48571.9,48900.4,70727
2026-01-30 19:00:00+00:00,48899.9,49026.4,48862.9,48905.9,67848
2026-01-30 20:00:00+00:00,48906.4,49089.9,48891.9,49023.4,55624
2026-01-30 21:00:00+00:00,49024.1,49058.1,48972.1,49001.6,6051
2026-02-01 23:00:00+00:00,48862.5,48996.6,48763.5,48977.1,9151
2026-02-02 00:00:00+00:00,48976.6,49043.1,48922.1,48999.6,11158
2026-02-02 01:00:00+00:00,49000.1,49036.1,48817.1,48824.1,25195
2026-02-02 02:00:00+00:00,48824.6,48853.1,48764.1,48771.1,18479
2026-02-02 03:00:00+00:00,48771.6,48796.6,48631.6,48644.1,15303
2026-02-02 04:00:00+00:00,48644.6,48668.1,48559.1,48652.1,14862
2026-02-02 05:00:00+00:00,48651.6,48668.6,48601.6,48624.1,12905
2026-02-02 06:00:00+00:00,48625.1,48643.1,48508.6,48558.6,14249
2026-02-02 07:00:00+00:00,48556.8,48647.8,48529.8,48645.3,13334
2026-02-02 08:00:00+00:00,48644.8,48824.3,48637.3,48813.8,15283
2026-02-02 09:00:00+00:00,48813.3,48884.8,48779.8,48868.3,12536
2026-02-02 10:00:00+00:00,48868.8,48911.3,48858.8,48873.8,9090
2026-02-02 11:00:00+00:00,48874.3,48998.3,48873.3,48970.8,7019
2026-02-02 12:00:00+00:00,48969.3,48992.8,48949.3,48960.8,7959
2026-02-02 13:00:00+00:00,48961.3,49035.8,48908.8,49017.8,10820
2026-02-02 14:00:00+00:00,49018.3,49319.4,48812.9,49201.8,70711
2026-02-02 15:00:00+00:00,49201.3,49457.4,49137.4,49437.4,64814
2026-02-02 16:00:00+00:00,49437.9,49500.4,49392.4,49460.4,38506
2026-02-02 17:00:00+00:00,49457.4,49535.9,49455.4,49509.9,21387
2026-02-02 18:00:00+00:00,49510.4,49542.4,49440.9,49511.9,17684
2026-02-02 19:00:00+00:00,49511.4,49595.4,49497.9,49532.9,18572
2026-02-02 20:00:00+00:00,49532.4,49602.9,49490.4,49523.9,35127
2026-02-02 21:00:00+00:00,49526.6,49543.6,49485.1,49485.1,5844
2026-02-02 23:00:00+00:00,49486.0,49577.6,49475.5,49535.6,3769
2026-02-03 00:00:00+00:00,49536.1,49571.1,49507.1,49561.6,4050
2026-02-03 01:00:00+00:00,49561.1,49566.1,49523.6,49539.1,4215
2026-02-03 02:00:00+00:00,49538.1,49543.1,49514.6,49529.6,3889
2026-02-03 03:00:00+00:00,49529.1,49558.1,49525.1,49546.1,3119
2026-02-03 04:00:00+00:00,49546.6,49571.1,49541.1,49570.1,1807
2026-02-03 05:00:00+00:00,49569.1,49569.1,49530.1,49557.1,2264
2026-02-03 06:00:00+00:00,49557.6,49583.1,49549.1,49558.6,2273
2026-02-03 07:00:00+00:00,49556.8,49576.8,49550.3,49563.3,2947
2026-02-03 08:00:00+00:00,49561.8,49597.3,49536.8,49547.8,6387
2026-02-03 09:00:00+00:00,49547.3,49557.3,49489.8,49506.3,5484
2026-02-03 10:00:00+00:00,49506.8,49532.8,49489.8,49495.3,3584
2026-02-03 11:00:00+00:00,49495.8,49498.8,49454.8,49487.8,4422
2026-02-03 12:00:00+00:00,49488.3,49556.8,49475.8,49541.3,4681
2026-02-03 13:00:00+00:00,49540.8,49540.8,49491.8,49505.3,6121
2026-02-03 14:00:00+00:00,49504.8,49768.9,49402.8,49541.8,81312
2026-02-03 15:00:00+00:00,49541.4,49658.4,49469.9,49564.4,112266
2026-02-03 16:00:00+00:00,49564.9,49591.4,49375.9,49412.4,75919
2026-02-03 17:00:00+00:00,49411.9,49430.4,49120.9,49126.4,75706
2026-02-03 18:00:00+00:00,49125.9,49199.9,48983.4,48988.9,61596
2026-02-03 19:00:00+00:00,48988.4,49170.9,48935.4,49155.4,90137
2026-02-03 20:00:00+00:00,49154.9,49388.9,49131.9,49344.4,55302
2026-02-03 21:00:00+00:00,49346.6,49420.1,49298.0,49370.1,11624
2026-02-03 23:00:00+00:00,49386.5,49416.6,49361.6,49401.1,3466
2026-02-04 00:00:00+00:00,49402.1,49407.1,49366.1,49367.1,5674
2026-02-04 01:00:00+00:00,49368.1,49401.6,49358.1,49370.1,5959
2026-02-04 02:00:00+00:00,49370.6,49409.6,49370.6,49396.1,4761
2026-02-04 03:00:00+00:00,49396.6,49429.1,49383.1,49414.1,4073
2026-02-04 04:00:00+00:00,49413.6,49422.6,49400.1,49408.1,2123
2026-02-04 05:00:00+00:00,49407.1,49425.1,49392.1,49422.1,2118
2026-02-04 06:00:00+00:00,49422.6,49487.1,49412.6,49467.6,3658
2026-02-04 07:00:00+00:00,49466.8,49487.8,49459.8,49475.8,3165
2026-02-04 08:00:00+00:00,49475.3,49509.8,49423.8,49443.8,10951
2026-02-04 09:00:00+00:00,49443.3,49461.3,49391.8,49444.8,11210
2026-02-04 10:00:00+00:00,49443.8,49520.8,49425.3,49490.8,7482
2026-02-04 11:00:00+00:00,49491.3,49546.8,49469.3,49531.3,6593
2026-02-04 12:00:00+00:00,49531.8,49559.3,49436.3,49457.8,7101
2026-02-04 13:00:00+00:00,49457.3,49533.3,49422.8,49430.8,12543
2026-02-04 14:00:00+00:00,49430.3,49732.4,49388.8,49457.8,78974
2026-02-04 15:00:00+00:00,49456.8,49759.9,49360.9,49700.9,109501
2026-02-04 16:00:00+00:00,49701.9,49750.4,49516.4,49644.4,84378
2026-02-04 17:00:00+00:00,49639.4,49684.4,49310.9,49388.9,76748
2026-02-04 18:00:00+00:00,49387.9,49461.9,49216.4,49391.9,65501
2026-02-04 19:00:00+00:00,49391.4,49690.9,49318.4,49680.9,56505
2026-02-04 20:00:00+00:00,49681.4,49714.4,49564.9,49588.8,38095
2026-02-04 21:00:00+00:00,49591.5,49701.6,49544.6,49550.6,15978
2026-02-04 23:00:00+00:00,49546.0,49629.6,49534.0,49566.6,3752
2026-02-05 00:00:00+00:00,49567.1,49604.1,49531.6,49574.6,5717
2026-02-05 01:00:00+00:00,49575.1,49667.1,49572.6,49664.1,7421
2026-02-05 02:00:00+00:00,49665.6,49672.6,49507.1,49515.6,16006
2026-02-05 03:00:00+00:00,49515.1,49569.1,49471.1,49480.1,13215
2026-02-05 04:00:00+00:00,49480.6,49547.6,49480.6,49533.6,7587
2026-02-05 05:00:00+00:00,49534.1,49542.6,49493.1,49520.1,7305
2026-02-05 06:00:00+00:00,49520.6,49556.1,49507.1,49547.1,6076
2026-02-05 07:00:00+00:00,49546.3,49578.8,49530.8,49535.8,6391
2026-02-05 08:00:00+00:00,49535.3,49591.3,49427.8,49448.8,15501
2026-02-05 09:00:00+00:00,49448.3,49533.8,49411.8,49496.3,13299
2026-02-05 10:00:00+00:00,49497.3,49573.3,49468.3,49517.8,8502
2026-02-05 11:00:00+00:00,49517.3,49644.8,49505.3,49634.3,9054
2026-02-05 12:00:00+00:00,49633.3,49692.8,49399.8,49450.3,29988
2026-02-05 13:00:00+00:00,49450.8,49479.8,49382.8,49388.3,25375
2026-02-05 14:00:00+00:00,49388.8,49452.3,49235.9,49300.4,97230
2026-02-05 15:00:00+00:00,49301.9,49354.8,48924.4,49006.4,104001
2026-02-05 16:00:00+00:00,49006.9,49250.9,48919.4,49244.4,80601
2026-02-05 17:00:00+00:00,49244.4,49358.4,49130.4,49236.9,76268
2026-02-05 18:00:00+00:00,49237.4,49277.4,49006.4,49040.9,47178
2026-02-05 19:00:00+00:00,49040.4,49243.4,49022.9,49121.9,37619
2026-02-05 20:00:00+00:00,49121.4,49191.9,48932.9,48985.9,42171
2026-02-05 21:00:00+00:00,48988.1,49026.0,48850.6,48888.1,19882
2026-02-05 23:00:00+00:00,48875.0,48904.6,48775.5,48806.1,11375
2026-02-06 00:00:00+00:00,48805.6,48863.1,48704.6,48860.1,19226
2026-02-06 01:00:00+00:00,48860.6,48927.1,48769.6,48924.1,16644
2026-02-06 02:00:00+00:00,48924.6,48969.6,48899.1,48943.1,10992
2026-02-06 03:00:00+00:00,48942.6,48957.1,48882.6,48936.1,9990
2026-02-06 04:00:00+00:00,48935.6,48936.6,48850.6,48877.6,7806
2026-02-06 05:00:00+00:00,48878.1,48971.1,48843.1,48955.1,8522
2026-02-06 06:00:00+00:00,48954.6,48988.1,48943.1,48952.6,5794
2026-02-06 07:00:00+00:00,48951.8,48976.3,48919.8,48975.8,7798
2026-02-06 08:00:00+00:00,48975.3,49021.8,48916.3,48999.8,16872
2026-02-06 09:00:00+00:00,49000.3,49125.8,48963.8,49077.8,14552
2026-02-06 10:00:00+00:00,49078.3,49133.8,49043.8,49116.8,6992
2026-02-06 11:00:00+00:00,49116.3,49283.3,49116.3,49270.8,7914
2026-02-06 12:00:00+00:00,49269.3,49295.8,49192.8,49208.3,9844
2026-02-06 13:00:00+00:00,49208.8,49293.8,49195.3,49258.8,12928
2026-02-06 14:00:00+00:00,49258.3,49743.9,49248.3,49720.8,84474
2026-02-06 15:00:00+00:00,49725.3,49907.4,49703.9,49814.4,127857
2026-02-06 16:00:00+00:00,49815.4,49976.9,49798.4,49951.4,53423
2026-02-06 17:00:00+00:00,49950.9,50070.9,49930.4,50036.9,36397
2026-02-06 18:00:00+00:00,50037.4,50087.9,50001.9,50035.4,24649
2026-02-06 19:00:00+00:00,50035.9,50119.9,50030.4,50095.4,20483
2026-02-06 20:00:00+00:00,50094.9,50264.9,50082.4,50189.9,28862
2026-02-06 21:00:00+00:00,50192.6,50215.1,50168.1,50190.1,5774
2026-02-08 23:00:00+00:00,50292.5,50341.6,50274.6,50306.6,8391
2026-02-09 00:00:00+00:00,50306.1,50328.6,50271.1,50297.1,9868
2026-02-09 01:00:00+00:00,50296.6,50315.6,50258.1,50288.1,8567
2026-02-09 02:00:00+00:00,50287.6,50325.1,50264.6,50273.1,5239
2026-02-09 03:00:00+00:00,50274.1,50282.1,50247.6,50252.6,4161
2026-02-09 04:00:00+00:00,50253.1,50289.6,50252.6,50286.6,2784
2026-02-09 05:00:00+00:00,50286.1,50296.6,50269.6,50285.6,2916
2026-02-09 06:00:00+00:00,50285.1,50292.1,50235.5,50262.1,8193
2026-02-09 07:00:00+00:00,50261.3,50267.8,50226.8,50249.8,4230
2026-02-09 08:00:00+00:00,50250.3,50325.3,50243.8,50276.8,8556
2026-02-09 09:00:00+00:00,50276.3,50298.8,50216.8,50230.3,6247
2026-02-09 10:00:00+00:00,50229.8,50234.8,50098.3,50168.8,10194
2026-02-09 11:00:00+00:00,50169.3,50178.3,50140.3,50142.8,7560
2026-02-09 12:00:00+00:00,50143.8,50177.8,50110.3,50174.8,7837
2026-02-09 13:00:00+00:00,50174.3,50200.8,50119.8,50129.3,8866
2026-02-09 14:00:00+00:00,50129.8,50151.9,49909.4,50011.4,44127
2026-02-09 15:00:00+00:00,50011.9,50300.9,49997.4,50257.4,49831
2026-02-09 16:00:00+00:00,50258.9,50268.9,50155.9,50214.4,24002
2026-02-09 17:00:00+00:00,50213.9,50234.9,50148.4,50154.4,16505
2026-02-09 18:00:00+00:00,50155.4,50230.4,50106.9,50200.4,25265
2026-02-09 19:00:00+00:00,50199.9,50267.4,50189.9,50257.4,13992
2026-02-09 20:00:00+00:00,50257.9,50284.9,50180.4,50206.9,24407
2026-02-09 21:00:00+00:00,50208.1,50218.6,50188.1,50200.6,4166
2026-02-09 23:00:00+00:00,50201.0,50225.6,50168.1,50181.1,3840
2026-02-10 00:00:00+00:00,50180.6,50201.1,50167.1,50193.1,3359
2026-02-10 01:00:00+00:00,50193.6,50234.1,50189.6,50225.1,4820
2026-02-10 02:00:00+00:00,50225.6,50227.6,50194.1,50211.6,3525
2026-02-10 03:00:00+00:00,50212.1,50235.1,50192.6,50228.1,2490
2026-02-10 04:00:00+00:00,50227.6,50247.6,50227.1,50240.6,1650
2026-02-10 05:00:00+00:00,50240.1,50248.1,50208.6,50230.1,2364
2026-02-10 06:00:00+00:00,50231.1,50233.1,50176.6,50195.1,2159
2026-02-10 07:00:00+00:00,50194.3,50242.3,50191.8,50229.8,2393
2026-02-10 08:00:00+00:00,50230.3,50256.8,50197.8,50247.3,6484
2026-02-10 09:00:00+00:00,50247.8,50297.3,50235.3,50256.8,4152
2026-02-10 10:00:00+00:00,50254.8,50278.8,50248.8,50256.3,4606
2026-02-10 11:00:00+00:00,50256.8,50265.8,50235.8,50244.8,3578
2026-02-10 12:00:00+00:00,50245.3,50252.8,50134.3,50134.8,6833
2026-02-10 13:00:00+00:00,50135.8,50216.8,50107.8,50203.8,12014
2026-02-10 14:00:00+00:00,50203.3,50610.9,50201.8,50597.4,55372
2026-02-10 15:00:00+00:00,50596.9,50600.4,50407.4,50456.4,50352
2026-02-10 16:00:00+00:00,50456.9,50519.9,50333.4,50504.4,44581
2026-02-10 17:00:00+00:00,50503.9,50537.4,50429.4,50454.4,24226
2026-02-10 18:00:00+00:00,50453.9,50465.4,50205.4,50275.4,35793
2026-02-10 19:00:00+00:00,50275.9,50348.9,50249.9,50347.4,26022
2026-02-10 20:00:00+00:00,50346.9,50377.4,50243.4,50273.9,27091
2026-02-10 21:00:00+00:00,50274.6,50336.6,50261.1,50335.6,4600
2026-02-10 23:00:00+00:00,50353.5,50363.6,50332.5,50357.6,1588
2026-02-11 00:00:00+00:00,50358.1,50385.1,50356.1,50382.6,1460
2026-02-11 01:00:00+00:00,50384.6,50409.1,50381.1,50397.1,2288
2026-02-11 02:00:00+00:00,50398.1,50408.1,50380.1,50392.1,1976
2026-02-11 03:00:00+00:00,50392.6,50408.6,50380.1,50403.1,1377
2026-02-11 04:00:00+00:00,50402.6,50423.6,50380.6,50397.6,1673
2026-02-11 05:00:00+00:00,50397.1,50411.1,50376.6,50378.1,2038
2026-02-11 06:00:00+00:00,50379.1,50399.1,50368.6,50379.1,2592
2026-02-11 07:00:00+00:00,50378.3,50385.3,50355.8,50369.3,2819
2026-02-11 08:00:00+00:00,50369.8,50389.8,50324.3,50365.8,7052
2026-02-11 09:00:00+00:00,50365.3,50395.8,50347.3,50348.8,6342
2026-02-11 10:00:00+00:00,50349.8,50351.3,50271.3,50339.8,10198
2026-02-11 11:00:00+00:00,50340.3,50364.3,50305.3,50306.8,6031
2026-02-11 12:00:00+00:00,50306.3,50336.8,50298.8,50309.3,7155
2026-02-11 13:00:00+00:00,50309.8,50553.8,50303.8,50538.8,23289
2026-02-11 14:00:00+00:00,50538.3,50585.4,50365.4,50395.9,76435
2026-02-11 15:00:00+00:00,50396.4,50415.4,49977.9,50064.4,120622
2026-02-11 16:00:00+00:00,50063.9,50333.4,50031.4,50250.9,73577
2026-02-11 17:00:00+00:00,50250.4,50319.4,50195.9,50214.4,48059
2026-02-11 18:00:00+00:00,50214.9,50235.9,50098.4,50142.4,41704
2026-02-11 19:00:00+00:00,50142.9,50270.4,50129.4,50204.4,29919
2026-02-11 20:00:00+00:00,50203.9,50258.9,50172.4,50202.4,26966
2026-02-11 21:00:00+00:00,50203.6,50267.1,50187.1,50203.1,6730
2026-02-11 23:00:00+00:00,50220.1,50241.0,50163.6,50187.1,4642
2026-02-12 00:00:00+00:00,50186.6,50237.1,50170.1,50230.1,4602
2026-02-12 01:00:00+00:00,50231.1,50305.1,50226.6,50283.1,6082
2026-02-12 02:00:00+00:00,50283.6,50297.1,50259.1,50294.1,3471
2026-02-12 03:00:00+00:00,50293.6,50335.1,50287.1,50335.1,2332
2026-02-12 04:00:00+00:00,50335.6,50380.1,50329.1,50353.1,2424
2026-02-12 05:00:00+00:00,50353.6,50373.1,50340.6,50353.6,2099
2026-02-12 06:00:00+00:00,50354.1,50359.1,50301.6,50316.1,4177
2026-02-12 07:00:00+00:00,50315.3,50358.8,50314.8,50352.8,3003
2026-02-12 08:00:00+00:00,50352.3,50365.8,50300.3,50337.3,7019
2026-02-12 09:00:00+00:00,50336.8,50388.3,50335.8,50385.8,4876
2026-02-12 10:00:00+00:00,50385.3,50397.8,50329.3,50348.8,3639
2026-02-12 11:00:00+00:00,50349.3,50374.3,50343.3,50367.3,2897
2026-02-12 12:00:00+00:00,50366.8,50368.3,50319.8,50326.8,4306
2026-02-12 13:00:00+00:00,50327.8,50402.3,50276.8,50371.8,9134
2026-02-12 14:00:00+00:00,50371.3,50521.9,50291.3,50398.3,74477
2026-02-12 15:00:00+00:00,50400.3,50472.4,50154.9,50161.9,88295
2026-02-12 16:00:00+00:00,50162.4,50174.4,49618.4,49691.9,119725
2026-02-12 17:00:00+00:00,49692.4,49699.9,49540.9,49546.4,93566
2026-02-12 18:00:00+00:00,49545.9,49737.9,49498.9,49682.9,67125
2026-02-12 19:00:00+00:00,49683.4,49850.4,49644.4,49816.4,52775
2026-02-12 20:00:00+00:00,49816.9,49869.9,49494.4,49524.4,52303
2026-02-12 21:00:00+00:00,49526.6,49579.1,49500.1,49558.6,8718
2026-02-12 23:00:00+00:00,49558.5,49574.6,49501.1,49548.6,7752
2026-02-13 00:00:00+00:00,49548.1,49589.1,49474.1,49500.1,11864
2026-02-13 01:00:00+00:00,49504.6,49565.6,49498.6,49529.1,8773
2026-02-13 02:00:00+00:00,49528.6,49571.1,49528.1,49549.1,4808
2026-02-13 03:00:00+00:00,49550.1,49563.6,49495.1,49499.6,3598
2026-02-13 04:00:00+00:00,49500.1,49546.6,49491.1,49500.1,4275
2026-02-13 05:00:00+00:00,49500.6,49504.6,49415.6,49433.1,7447
2026-02-13 06:00:00+00:00,49432.1,49445.1,49361.1,49430.6,7760
2026-02-13 07:00:00+00:00,49429.8,49478.3,49411.8,49449.8,6211
2026-02-13 08:00:00+00:00,49450.8,49489.3,49359.8,49433.8,18561
2026-02-13 09:00:00+00:00,49434.3,49483.3,49383.3,49426.3,11486
2026-02-13 10:00:00+00:00,49425.8,49472.8,49369.8,49374.8,8883
2026-02-13 11:00:00+00:00,49375.3,49385.8,49300.8,49384.8,16774
2026-02-13 12:00:00+00:00,49384.3,49462.8,49356.8,49414.3,15513
2026-02-13 13:00:00+00:00,49413.8,49594.8,49351.3,49544.8,32264
2026-02-13 14:00:00+00:00,49544.3,49583.8,49156.4,49400.9,100498
2026-02-13 15:00:00+00:00,49401.4,49687.4,49380.9,49563.4,133651
2026-02-13 16:00:00+00:00,49563.9,49767.9,49541.4,49714.4,72038
2026-02-13 17:00:00+00:00,49713.9,49794.4,49698.9,49732.4,41345
2026-02-13 18:00:00+00:00,49732.9,49818.4,49631.4,49653.4,46750
2026-02-13 19:00:00+00:00,49653.9,49740.9,49549.9,49557.4,46605
2026-02-13 20:00:00+00:00,49557.9,49637.4,49429.4,49569.9,60208
2026-02-13 21:00:00+00:00,49571.1,49591.6,49530.1,49540.6,3676
2026-02-15 23:00:00+00:00,49598.5,49600.5,49507.6,49595.6,4375
2026-02-16 00:00:00+00:00,49595.1,49624.6,49569.1,49619.1,4512
2026-02-16 01:00:00+00:00,49619.6,49679.1,49610.6,49675.1,2695
2026-02-16 02:00:00+00:00,49675.6,49685.6,49640.1,49648.6,2907
2026-02-16 03:00:00+00:00,49649.1,49653.1,49615.6,49639.1,2278
2026-02-16 04:00:00+00:00,49637.6,49666.1,49637.6,49642.6,2150
2026-02-16 05:00:00+00:00,49643.1,49651.1,49611.6,49617.1,1674
2026-02-16 06:00:00+00:00,49618.1,49659.1,49614.1,49653.1,1817
2026-02-16 07:00:00+00:00,49651.3,49707.3,49645.3,49704.8,2491
2026-02-16 08:00:00+00:00,49705.8,49766.8,49678.3,49757.8,7062
2026-02-16 09:00:00+00:00,49757.3,49820.8,49750.8,49800.3,3836
2026-02-16 10:00:00+00:00,49799.8,49804.8,49757.3,49773.3,3568
2026-02-16 11:00:00+00:00,49773.8,49792.8,49741.3,49774.8,3388
2026-02-16 12:00:00+00:00,49775.3,49806.8,49744.8,49753.8,3905
2026-02-16 13:00:00+00:00,49753.3,49784.3,49725.8,49770.3,4392
2026-02-16 14:00:00+00:00,49770.8,49773.3,49623.9,49706.4,16415
2026-02-16 15:00:00+00:00,49706.9,49738.9,49572.9,49578.4,14854
2026-02-16 16:00:00+00:00,49577.4,49664.9,49557.4,49613.4,14084
2026-02-16 17:00:00+00:00,49613.9,49643.4,49588.9,49605.4,6306
2026-02-16 23:00:00+00:00,49597.5,49694.1,49597.5,49665.1,2324
2026-02-17 00:00:00+00:00,49665.6,49671.6,49583.1,49590.1,4953
2026-02-17 01:00:00+00:00,49590.6,49619.6,49424.1,49445.1,8931
2026-02-17 02:00:00+00:00,49445.6,49496.1,49402.1,49478.1,9641
2026-02-17 03:00:00+00:00,49478.6,49480.6,49389.1,49420.6,7530
2026-02-17 04:00:00+00:00,49421.1,49442.1,49408.6,49429.1,3561
2026-02-17 05:00:00+00:00,49429.6,49431.1,49361.1,49381.1,6269
2026-02-17 06:00:00+00:00,49380.6,49443.6,49380.1,49434.1,3583
2026-02-17 07:00:00+00:00,49432.3,49478.8,49371.8,49473.8,5593
2026-02-17 08:00:00+00:00,49473.3,49605.8,49468.3,49538.3,13699
2026-02-17 09:00:00+00:00,49537.8,49593.3,49503.3,49581.3,8782
2026-02-17 10:00:00+00:00,49581.8,49597.3,49475.3,49478.3,6726
2026-02-17 11:00:00+00:00,49478.8,49553.8,49465.8,49540.3,8236
2026-02-17 12:00:00+00:00,49539.8,49570.8,49430.8,49446.8,10517
2026-02-17 13:00:00+00:00,49447.3,49592.3,49346.3,49482.8,24784
2026-02-17 14:00:00+00:00,49482.3,49794.9,49392.4,49401.8,99608
2026-02-17 15:00:00+00:00,49400.9,49487.4,49240.9,49405.9,136486
2026-02-17 16:00:00+00:00,49406.4,49723.9,49389.9,49650.4,85272
2026-02-17 17:00:00+00:00,49649.9,49659.9,49409.4,49537.9,72761
2026-02-17 18:00:00+00:00,49538.4,49762.4,49448.4,49719.4,63682
2026-02-17 19:00:00+00:00,49719.9,49734.4,49640.4,49661.9,41863
2026-02-17 20:00:00+00:00,49662.4,49686.9,49559.4,49623.4,34451
2026-02-17 21:00:00+00:00,49624.6,49651.1,49590.1,49620.5,6614
2026-02-17 23:00:00+00:00,49619.5,49632.5,49544.6,49549.1,3582
2026-02-18 00:00:00+00:00,49549.6,49602.1,49545.6,49564.1,3980
2026-02-18 01:00:00+00:00,49563.1,49593.1,49554.6,49591.1,4047
2026-02-18 02:00:00+00:00,49591.6,49610.1,49574.6,49587.1,2485
2026-02-18 03:00:00+00:00,49588.1,49637.6,49572.1,49628.1,2318
2026-02-18 04:00:00+00:00,49628.6,49658.1,49620.1,49652.6,2076
2026-02-18 05:00:00+00:00,49653.1,49671.6,49643.6,49654.6,1352
2026-02-18 06:00:00+00:00,49656.1,49687.6,49645.1,49661.1,1988
2026-02-18 07:00:00+00:00,49659.3,49694.3,49645.3,49680.3,2900
2026-02-18 08:00:00+00:00,49679.8,49819.3,49679.3,49813.3,6562
2026-02-18 09:00:00+00:00,49813.8,49874.3,49804.3,49828.8,5151
2026-02-18 10:00:00+00:00,49828.3,49875.8,49825.8,49862.8,3653
2026-02-18 11:00:00+00:00,49863.3,49866.8,49774.8,49785.8,3931
2026-02-18 12:00:00+00:00,49785.3,49806.3,49639.3,49706.8,9795
2026-02-18 13:00:00+00:00,49707.3,49764.8,49624.3,49641.8,9316
2026-02-18 14:00:00+00:00,49642.3,49873.9,49490.4,49816.4,66291
2026-02-18 15:00:00+00:00,49816.9,49967.4,49811.9,49924.9,47563
2026-02-18 16:00:00+00:00,49925.9,49954.9,49843.4,49861.4,27672
2026-02-18 17:00:00+00:00,49861.9,49952.4,49845.4,49899.9,21553
2026-02-18 18:00:00+00:00,49899.4,49930.4,49708.4,49762.8,25877
2026-02-18 19:00:00+00:00,49761.8,49805.4,49597.9,49646.4,44446
2026-02-18 20:00:00+00:00,49645.9,49792.9,49592.4,49725.4,36450
2026-02-18 21:00:00+00:00,49726.6,49737.6,49693.6,49715.6,3488
2026-02-18 23:00:00+00:00,49684.1,49758.1,49684.1,49718.6,2135
2026-02-19 00:00:00+00:00,49718.1,49724.1,49680.1,49685.6,3687
2026-02-19 01:00:00+00:00,49685.1,49745.1,49676.1,49730.1,4934
2026-02-19 02:00:00+00:00,49729.6,49753.1,49713.6,49739.1,2862
2026-02-19 03:00:00+00:00,49739.6,49755.1,49707.1,49725.1,2014
2026-02-19 04:00:00+00:00,49725.6,49737.1,49698.6,49701.1,1900
2026-02-19 05:00:00+00:00,49702.1,49751.1,49680.1,49741.6,2485
2026-02-19 06:00:00+00:00,49741.1,49769.6,49725.1,49769.1,2533
2026-02-19 07:00:00+00:00,49768.8,49790.3,49740.3,49743.8,2759
2026-02-19 08:00:00+00:00,49744.3,49788.3,49660.3,49672.3,8145
2026-02-19 09:00:00+00:00,49672.8,49695.8,49587.3,49630.8,9715
2026-02-19 10:00:00+00:00,49630.3,49630.3,49518.8,49544.3,10328
2026-02-19 11:00:00+00:00,49544.8,49590.8,49525.3,49585.3,5633
2026-02-19 12:00:00+00:00,49584.8,49639.8,49522.8,49612.8,8871
2026-02-19 13:00:00+00:00,49613.3,49618.3,49521.3,49552.3,11914
2026-02-19 14:00:00+00:00,49551.8,49624.4,49404.9,49543.3,78952
2026-02-19 15:00:00+00:00,49543.8,49673.9,49453.4,49591.4,89282
2026-02-19 16:00:00+00:00,49591.9,49604.9,49377.9,49441.4,54139
2026-02-19 17:00:00+00:00,49441.9,49526.4,49331.4,49354.9,49972
2026-02-19 18:00:00+00:00,49354.4,49416.4,49259.4,49406.4,37510
2026-02-19 19:00:00+00:00,49405.4,49454.4,49290.4,49334.4,34395
2026-02-19 20:00:00+00:00,49333.9,49465.9,49333.4,49462.9,29919
2026-02-19 21:00:00+00:00,49465.6,49496.6,49420.6,49424.6,4404
2026-02-19 23:00:00+00:00,49442.5,49486.1,49429.1,49469.1,2249
2026-02-20 00:00:00+00:00,49469.6,49499.6,49444.6,49494.1,3341
2026-02-20 01:00:00+00:00,49494.6,49530.1,49491.1,49501.1,3059
2026-02-20 02:00:00+00:00,49502.1,49530.6,49488.1,49516.1,3378
2026-02-20 03:00:00+00:00,49515.1,49526.1,49502.6,49507.1,1828
2026-02-20 04:00:00+00:00,49506.6,49529.1,49504.1,49521.1,1434
2026-02-20 05:00:00+00:00,49521.6,49557.1,49521.1,49553.1,1901
2026-02-20 06:00:00+00:00,49552.6,49567.1,49537.1,49548.6,1747
2026-02-20 07:00:00+00:00,49546.8,49550.8,49509.3,49528.8,2725
2026-02-20 08:00:00+00:00,49528.3,49569.8,49507.8,49561.3,6757
2026-02-20 09:00:00+00:00,49561.8,49605.8,49519.3,49524.8,4992
2026-02-20 10:00:00+00:00,49525.3,49540.3,49462.3,49462.8,4966
2026-02-20 11:00:00+00:00,49463.3,49463.3,49394.8,49404.8,9522
2026-02-20 12:00:00+00:00,49405.3,49426.8,49354.3,49395.3,10041
2026-02-20 13:00:00+00:00,49394.8,49456.8,49314.8,49371.8,16748
2026-02-20 14:00:00+00:00,49371.3,49413.8,49205.4,49409.3,82032
2026-02-20 15:00:00+00:00,49409.3,49771.4,49367.9,49576.4,134804
2026-02-20 16:00:00+00:00,49575.9,49599.4,49404.9,49554.9,74431
2026-02-20 17:00:00+00:00,49554.4,49576.9,49267.9,49485.4,77883
2026-02-20 18:00:00+00:00,49484.9,49676.9,49358.4,49652.4,79221
2026-02-20 19:00:00+00:00,49652.9,49682.4,49546.4,49578.4,37119
2026-02-20 20:00:00+00:00,49578.9,49686.9,49576.4,49677.9,29862
2026-02-20 21:00:00+00:00,49679.1,49721.6,49664.6,49682.1,3539
2026-02-22 23:00:00+00:00,49653.5,49672.1,49541.1,49583.1,5091
2026-02-23 00:00:00+00:00,49582.6,49584.1,49424.1,49427.6,6933
2026-02-23 01:00:00+00:00,49427.1,49447.1,49388.1,49392.1,9024
2026-02-23 02:00:00+00:00,49391.6,49414.6,49365.6,49376.1,4675
2026-02-23 03:00:00+00:00,49375.6,49387.1,49345.6,49349.1,2920
2026-02-23 04:00:00+00:00,49350.1,49371.6,49343.6,49359.1,1719
2026-02-23 05:00:00+00:00,49358.6,49384.1,49344.6,49381.1,1862
2026-02-23 06:00:00+00:00,49380.6,49411.6,49374.1,49405.1,1716
2026-02-23 07:00:00+00:00,49404.8,49473.8,49401.8,49462.8,3304
2026-02-23 08:00:00+00:00,49461.8,49485.3,49424.8,49480.8,5735
2026-02-23 09:00:00+00:00,49480.3,49555.3,49479.3,49542.3,5236
2026-02-23 10:00:00+00:00,49542.8,49572.3,49505.8,49548.8,4502
2026-02-23 11:00:00+00:00,49549.8,49588.8,49483.8,49508.8,3823
2026-02-23 12:00:00+00:00,49508.3,49529.8,49399.8,49407.3,7029
2026-02-23 13:00:00+00:00,49406.8,49499.8,49386.3,49475.3,8182
2026-02-23 14:00:00+00:00,49474.8,49765.9,49262.4,49273.3,70279
2026-02-23 15:00:00+00:00,49271.8,49306.4,48943.4,48979.4,85179
2026-02-23 16:00:00+00:00,48978.9,49008.9,48826.4,48940.4,69828
2026-02-23 17:00:00+00:00,48939.9,48966.9,48814.4,48920.9,45549
2026-02-23 18:00:00+00:00,48920.4,49063.4,48913.9,48923.9,35256
2026-02-23 19:00:00+00:00,48924.4,48948.4,48801.9,48866.4,36753
2026-02-23 20:00:00+00:00,48865.9,48902.9,48776.9,48863.4,36910
2026-02-23 21:00:00+00:00,48865.6,48896.1,48838.6,48891.6,5252
2026-02-23 23:00:00+00:00,48901.5,48924.6,48880.6,48891.6,3800
2026-02-24 00:00:00+00:00,48892.1,48913.6,48870.1,48903.6,4155
2026-02-24 01:00:00+00:00,48904.1,48907.6,48872.6,48894.1,5226
2026-02-24 02:00:00+00:00,48894.6,48936.1,48887.6,48925.1,3001
2026-02-24 03:00:00+00:00,48924.1,48933.6,48916.6,48926.1,1684
2026-02-24 04:00:00+00:00,48926.6,48941.1,48915.6,48938.1,1674
2026-02-24 05:00:00+00:00,48937.6,48954.6,48898.1,48910.6,2510
2026-02-24 06:00:00+00:00,48911.1,48934.1,48889.6,48933.1,2248
2026-02-24 07:00:00+00:00,48943.8,48959.3,48918.8,48922.3,3507
2026-02-24 08:00:00+00:00,48922.8,48924.3,48825.3,48857.8,12384
2026-02-24 09:00:00+00:00,48858.3,48938.8,48858.3,48935.8,6709
2026-02-24 10:00:00+00:00,48935.3,48950.8,48902.8,48920.8,3788
2026-02-24 11:00:00+00:00,48921.3,49015.8,48921.3,48983.3,5532
2026-02-24 12:00:00+00:00,48982.3,49010.8,48876.8,48909.8,8966
2026-02-24 13:00:00+00:00,48910.3,49023.3,48887.8,49009.8,8875
2026-02-24 14:00:00+00:00,49009.3,49313.4,48804.9,49097.3,74665
2026-02-24 15:00:00+00:00,49094.8,49300.9,49002.9,49213.4,64835
2026-02-24 16:00:00+00:00,49213.9,49289.4,49128.4,49202.4,32066
2026-02-24 17:00:00+00:00,49201.9,49290.4,49196.4,49273.4,17037
2026-02-24 18:00:00+00:00,49270.9,49344.9,49252.4,49302.4,13805
2026-02-24 19:00:00+00:00,49301.9,49317.9,49215.4,49253.4,15166
2026-02-24 20:00:00+00:00,49253.9,49298.4,49190.4,49234.4,17539
2026-02-24 21:00:00+00:00,49236.6,49243.1,49202.6,49205.1,2425
2026-02-24 23:00:00+00:00,49217.1,49236.6,49190.6,49228.1,1782
2026-02-25 00:00:00+00:00,49227.1,49252.1,49200.6,49243.6,2245
2026-02-25 01:00:00+00:00,49244.6,49280.6,49236.6,49276.1,3701
2026-02-25 02:00:00+00:00,49274.6,49293.1,49260.1,49278.6,2940
2026-02-25 03:00:00+00:00,49279.1,49280.1,49129.6,49250.6,6320
2026-02-25 04:00:00+00:00,49251.1,49252.1,49211.1,49234.6,3072
2026-02-25 05:00:00+00:00,49235.1,49257.6,49216.1,49222.1,2316
2026-02-25 06:00:00+00:00,49223.1,49257.6,49213.6,49231.1,2175
2026-02-25 07:00:00+00:00,49233.8,49242.8,49210.3,49218.8,3005
2026-02-25 08:00:00+00:00,49219.3,49300.8,49219.3,49277.8,6726
2026-02-25 09:00:00+00:00,49277.3,49311.8,49261.8,49305.3,3970
2026-02-25 10:00:00+00:00,49305.8,49322.3,49270.8,49291.8,2710
2026-02-25 11:00:00+00:00,49292.3,49372.3,49286.8,49370.8,2582
2026-02-25 12:00:00+00:00,49369.3,49400.8,49352.8,49383.8,4228
2026-02-25 13:00:00+00:00,49382.8,49418.3,49365.8,49410.8,4791
2026-02-25 14:00:00+00:00,49411.3,49493.3,49318.4,49331.4,51501
2026-02-25 15:00:00+00:00,49332.4,49361.4,49241.4,49338.4,46104
2026-02-25 16:00:00+00:00,49338.9,49490.9,49323.4,49465.9,23199
2026-02-25 17:00:00+00:00,49466.9,49533.4,49419.9,49525.4,12566
2026-02-25 18:00:00+00:00,49524.9,49543.4,49480.9,49493.4,8339
2026-02-25 19:00:00+00:00,49492.9,49537.9,49468.4,49519.4,7835
2026-02-25 20:00:00+00:00,49518.9,49565.9,49503.9,49534.4,12771
2026-02-25 21:00:00+00:00,49535.1,49584.1,49476.1,49498.1,10757
2026-02-25 23:00:00+00:00,49509.0,49532.6,49431.1,49431.1,5116
2026-02-26 00:00:00+00:00,49431.6,49467.1,49424.6,49444.1,3548
2026-02-26 01:00:00+00:00,49445.1,49475.6,49418.1,49470.1,4293
2026-02-26 02:00:00+00:00,49469.6,49475.1,49439.6,49459.1,2282
2026-02-26 03:00:00+00:00,49458.1,49472.1,49448.1,49458.1,1297
2026-02-26 04:00:00+00:00,49457.6,49465.1,49443.6,49447.1,1292
2026-02-26 05:00:00+00:00,49446.1,49448.1,49415.6,49426.1,1930
2026-02-26 06:00:00+00:00,49426.6,49441.1,49404.6,49414.1,2311
2026-02-26 07:00:00+00:00,49413.8,49437.3,49411.8,49412.8,2836
2026-02-26 08:00:00+00:00,49413.3,49456.3,49400.3,49428.3,6176
2026-02-26 09:00:00+00:00,49428.8,49507.3,49426.3,49475.8,3757
2026-02-26 10:00:00+00:00,49476.3,49496.8,49457.3,49476.8,2514
2026-02-26 11:00:00+00:00,49477.3,49517.8,49474.8,49515.3,2850
2026-02-26 12:00:00+00:00,49519.3,49614.3,49518.8,49591.8,3435
2026-02-26 13:00:00+00:00,49590.8,49664.8,49588.8,49635.8,5265
2026-02-26 14:00:00+00:00,49635.3,49871.3,49630.8,49662.4,65464
2026-02-26 15:00:00+00:00,49662.9,49689.4,49270.9,49594.4,105578
2026-02-26 16:00:00+00:00,49593.9,49606.4,49357.4,49377.4,61214
2026-02-26 17:00:00+00:00,49377.9,49397.4,49266.3,49289.4,40450
2026-02-26 18:00:00+00:00,49289.9,49554.4,49273.4,49472.9,37463
2026-02-26 19:00:00+00:00,49473.4,49589.4,49462.4,49542.4,28020
2026-02-26 20:00:00+00:00,49542.9,49599.9,49521.9,49537.9,25751
2026-02-26 21:00:00+00:00,49538.1,49568.6,49345.1,49351.6,6802
2026-02-26 23:00:00+00:00,49333.0,49337.5,49217.1,49263.1,6452
2026-02-27 00:00:00+00:00,49262.6,49296.6,49207.6,49251.1,5046
2026-02-27 01:00:00+00:00,49252.1,49269.6,49230.6,49255.6,6666
2026-02-27 02:00:00+00:00,49256.1,49291.1,49254.1,49290.1,3166
2026-02-27 03:00:00+00:00,49290.6,49300.1,49264.1,49286.6,2222
2026-02-27 04:00:00+00:00,49287.1,49307.6,49279.1,49295.1,1873
2026-02-27 05:00:00+00:00,49294.1,49336.6,49294.1,49296.1,2002
2026-02-27 06:00:00+00:00,49297.1,49311.1,49254.1,49289.1,3535
2026-02-27 07:00:00+00:00,49288.3,49338.8,49288.3,49329.8,2921
2026-02-27 08:00:00+00:00,49329.3,49345.8,49279.3,49341.3,7501
2026-02-27 09:00:00+00:00,49339.8,49397.3,49315.8,49329.8,6873
2026-02-27 10:00:00+00:00,49330.3,49334.8,49233.8,49259.8,8004
2026-02-27 11:00:00+00:00,49260.3,49265.8,49158.8,49185.8,9506
2026-02-27 12:00:00+00:00,49185.3,49244.8,49141.3,49158.3,9582
2026-02-27 13:00:00+00:00,49157.3,49180.8,48927.8,49034.8,22310
2026-02-27 14:00:00+00:00,49035.3,49124.9,48711.9,48718.4,73292
2026-02-27 15:00:00+00:00,48718.9,49004.4,48701.4,48938.4,72715
2026-02-27 16:00:00+00:00,48938.9,49074.4,48895.4,48907.4,44533
2026-02-27 17:00:00+00:00,48906.9,48992.4,48737.9,48869.4,43150
2026-02-27 18:00:00+00:00,48868.4,48923.4,48826.4,48917.4,32834
2026-02-27 19:00:00+00:00,48917.9,48944.9,48791.4,48804.4,25148
2026-02-27 20:00:00+00:00,48803.4,49025.9,48803.4,49001.4,35161
2026-02-27 21:00:00+00:00,49004.1,49004.6,48927.1,48931.1,5133
2026-03-01 23:00:00+00:00,48498.0,48579.5,48414.0,48432.6,10930
2026-03-02 00:00:00+00:00,48433.1,48524.1,48393.1,48516.1,12810
2026-03-02 01:00:00+00:00,48515.6,48730.6,48515.1,48708.1,15813
2026-03-02 02:00:00+00:00,48708.6,48733.6,48630.6,48649.1,9090
2026-03-02 03:00:00+00:00,48649.6,48658.1,48596.1,48616.1,6069
2026-03-02 04:00:00+00:00,48615.6,48663.1,48563.6,48580.6,6131
2026-03-02 05:00:00+00:00,48580.1,48597.1,48509.6,48513.6,5631
2026-03-02 06:00:00+00:00,48512.6,48533.1,48343.6,48414.6,10470
2026-03-02 07:00:00+00:00,48412.8,48427.8,48246.3,48262.8,15038
2026-03-02 08:00:00+00:00,48262.3,48376.8,48167.8,48319.8,26205
2026-03-02 09:00:00+00:00,48319.3,48458.8,48288.3,48433.3,13355
2026-03-02 10:00:00+00:00,48432.8,48536.3,48432.3,48468.8,9990
2026-03-02 11:00:00+00:00,48469.3,48562.8,48432.3,48484.8,9128
2026-03-02 12:00:00+00:00,48484.3,48519.3,48412.8,48476.3,11416
2026-03-02 13:00:00+00:00,48476.8,48584.3,48453.3,48464.3,14569
2026-03-02 14:00:00+00:00,48465.8,48763.9,48412.8,48733.3,90016
2026-03-02 15:00:00+00:00,48727.4,48972.9,48685.9,48857.9,87093
2026-03-02 16:00:00+00:00,48857.4,49022.4,48725.9,48945.4,52805
2026-03-02 17:00:00+00:00,48944.9,49047.9,48914.4,49006.4,29203
2026-03-02 18:00:00+00:00,49005.9,49039.4,48877.4,48879.4,25095
2026-03-02 19:00:00+00:00,48878.9,49122.4,48876.4,49059.4,23483
2026-03-02 20:00:00+00:00,49060.4,49072.4,48812.4,48944.4,62291
2026-03-02 21:00:00+00:00,48947.1,48959.1,48900.6,48926.0,6022
2026-03-02 23:00:00+00:00,48923.0,48942.0,48855.6,48886.6,5702
2026-03-03 00:00:00+00:00,48887.1,48907.6,48814.6,48821.6,6615
2026-03-03 01:00:00+00:00,48822.1,48864.6,48717.1,48720.1,13272
2026-03-03 02:00:00+00:00,48720.6,48734.1,48631.1,48699.1,18710
2026-03-03 03:00:00+00:00,48700.1,48725.6,48649.6,48684.1,10644
2026-03-03 04:00:00+00:00,48684.6,48705.1,48582.1,48598.6,9318
2026-03-03 05:00:00+00:00,48599.1,48622.6,48551.1,48578.1,11963
2026-03-03 06:00:00+00:00,48579.1,48611.5,48511.1,48528.6,10214
2026-03-03 07:00:00+00:00,48527.8,48554.8,48416.8,48439.3,11968
2026-03-03 08:00:00+00:00,48439.8,48444.8,48137.8,48150.3,36028
2026-03-03 09:00:00+00:00,48149.8,48281.8,48137.8,48158.8,30760
2026-03-03 10:00:00+00:00,48159.8,48190.8,48027.8,48097.3,28760
2026-03-03 11:00:00+00:00,48096.8,48163.3,47952.8,48109.8,29670
2026-03-03 12:00:00+00:00,48108.8,48316.8,48098.3,48282.3,26635
2026-03-03 13:00:00+00:00,48283.3,48296.8,48022.8,48079.3,27207
2026-03-03 14:00:00+00:00,48079.8,48198.4,47812.4,47855.9,103008
2026-03-03 15:00:00+00:00,47856.4,47956.9,47682.4,47759.9,139107
2026-03-03 16:00:00+00:00,47859.9,48316.9,47822.9,48276.9,102963
2026-03-03 17:00:00+00:00,48277.4,48406.9,48222.9,48360.9,76583
2026-03-03 18:00:00+00:00,48360.4,48658.4,48356.4,48614.4,58656
2026-03-03 19:00:00+00:00,48613.9,48755.9,48504.4,48673.4,73354
2026-03-03 20:00:00+00:00,48673.9,48718.9,48500.4,48568.9,64746
2026-03-03 21:00:00+00:00,48570.1,48577.1,48463.6,48494.1,7932
2026-03-03 23:00:00+00:00,48495.5,48554.1,48437.1,48469.1,7436
2026-03-04 00:00:00+00:00,48470.6,48597.1,48433.6,48511.6,19681
2026-03-04 01:00:00+00:00,48511.1,48547.6,48355.6,48425.6,32981
2026-03-04 02:00:00+00:00,48426.1,48460.6,48320.6,48397.6,23217
2026-03-04 03:00:00+00:00,48398.1,48399.6,48293.1,48382.6,22568
2026-03-04 04:00:00+00:00,48382.1,48428.6,48356.1,48395.6,19061
2026-03-04 05:00:00+00:00,48396.1,48433.1,48327.6,48363.6,19645
2026-03-04 06:00:00+00:00,48364.1,48411.1,48268.6,48372.6,14635
2026-03-04 07:00:00+00:00,48370.8,48475.8,48305.8,48445.3,15408
2026-03-04 08:00:00+00:00,48445.8,48472.3,48351.8,48380.8,33501
2026-03-04 09:00:00+00:00,48381.3,48515.8,48338.8,48510.3,19834
2026-03-04 10:00:00+00:00,48509.8,48677.8,48501.3,48651.3,26125
2026-03-04 11:00:00+00:00,48650.3,48724.3,48569.8,48570.8,18170
2026-03-04 12:00:00+00:00,48571.3,48630.3,48452.8,48533.8,22076
2026-03-04 13:00:00+00:00,48533.3,48743.3,48530.8,48686.3,23911
2026-03-04 14:00:00+00:00,48685.8,48814.9,48403.9,48559.8,85775
2026-03-04 15:00:00+00:00,48572.3,48902.9,48537.4,48854.9,85062
2026-03-04 16:00:00+00:00,48855.9,48917.4,48762.9,48861.4,58109
2026-03-04 17:00:00+00:00,48861.9,48911.4,48773.9,48884.4,36533
2026-03-04 18:00:00+00:00,48884.9,48905.4,48790.9,48824.4,28141
2026-03-04 19:00:00+00:00,48823.9,48890.9,48810.4,48861.4,17675
2026-03-04 20:00:00+00:00,48860.4,48888.4,48781.9,48786.4,26924
2026-03-04 21:00:00+00:00,48787.1,48833.6,48748.1,48816.6,8549
2026-03-04 23:00:00+00:00,48781.0,48830.1,48756.0,48806.1,4883
2026-03-05 00:00:00+00:00,48805.6,48889.6,48791.1,48836.1,6784
2026-03-05 01:00:00+00:00,48835.6,48839.1,48636.1,48665.1,17907
2026-03-05 02:00:00+00:00,48666.6,48715.1,48624.6,48671.6,14220
2026-03-05 03:00:00+00:00,48672.1,48687.6,48562.6,48604.1,14037
2026-03-05 04:00:00+00:00,48602.6,48685.6,48590.6,48676.6,8653
2026-03-05 05:00:00+00:00,48675.6,48680.1,48586.6,48590.6,6705
2026-03-05 06:00:00+00:00,48591.1,48665.6,48518.6,48663.6,13282
2026-03-05 07:00:00+00:00,48661.8,48673.3,48578.3,48630.3,10583
2026-03-05 08:00:00+00:00,48629.8,48639.3,48482.3,48604.8,28539
2026-03-05 09:00:00+00:00,48605.3,48879.8,48603.3,48709.3,33080
2026-03-05 10:00:00+00:00,48710.3,48741.8,48656.8,48676.8,14129
2026-03-05 11:00:00+00:00,48677.8,48760.3,48649.8,48658.3,11445
2026-03-05 12:00:00+00:00,48658.8,48731.3,48545.3,48581.3,17827
2026-03-05 13:00:00+00:00,48580.8,48593.8,48422.8,48433.3,21305
2026-03-05 14:00:00+00:00,48432.8,48557.4,48302.4,48520.4,78070
2026-03-05 15:00:00+00:00,48520.9,48538.4,48090.9,48165.9,105076
2026-03-05 16:00:00+00:00,48165.4,48191.4,47924.9,48015.4,79678
2026-03-05 17:00:00+00:00,48014.9,48099.9,47795.4,47818.4,77887
2026-03-05 18:00:00+00:00,47817.9,47864.9,47706.9,47739.4,75051
2026-03-05 19:00:00+00:00,47738.4,47775.9,47613.9,47717.9,62162
2026-03-05 20:00:00+00:00,47718.4,48006.4,47674.9,47987.9,72747
2026-03-05 21:00:00+00:00,47989.1,47990.1,47912.1,47942.6,7121
2026-03-05 23:00:00+00:00,47939.0,48075.6,47919.6,48062.6,5214
2026-03-06 00:00:00+00:00,48062.1,48121.6,48049.1,48068.6,7170
2026-03-06 01:00:00+00:00,48068.1,48093.6,48022.1,48068.1,14008
2026-03-06 02:00:00+00:00,48068.6,48108.6,48026.6,48026.6,7655
2026-03-06 03:00:00+00:00,48027.1,48103.1,48027.1,48099.1,5833
2026-03-06 04:00:00+00:00,48098.6,48121.1,48071.6,48084.1,3572
2026-03-06 05:00:00+00:00,48085.1,48126.1,48078.1,48088.1,5015
2026-03-06 06:00:00+00:00,48088.6,48103.1,48052.1,48066.6,4108
2026-03-06 07:00:00+00:00,48065.8,48097.8,48032.3,48075.3,5739
2026-03-06 08:00:00+00:00,48075.8,48093.8,47962.3,48025.8,19344
2026-03-06 09:00:00+00:00,48026.3,48043.3,47772.8,47813.3,28785
2026-03-06 10:00:00+00:00,47813.8,47932.8,47811.8,47883.8,18938
2026-03-06 11:00:00+00:00,47883.3,47910.3,47715.8,47736.3,25434
2026-03-06 12:00:00+00:00,47736.8,47782.8,47640.8,47667.8,23748
2026-03-06 13:00:00+00:00,47667.3,47759.3,47288.3,47335.3,47847
2026-03-06 14:00:00+00:00,47335.8,47371.4,47026.4,47083.9,121186
2026-03-06 15:00:00+00:00,47084.4,47496.9,47083.9,47471.4,129449
2026-03-06 16:00:00+00:00,47471.9,47552.9,47349.9,47431.4,95501
2026-03-06 17:00:00+00:00,47430.9,47488.4,47253.9,47358.4,79714
2026-03-06 18:00:00+00:00,47358.9,47582.9,47348.4,47408.9,80502
2026-03-06 19:00:00+00:00,47409.4,47575.4,47393.4,47543.4,52904
2026-03-06 20:00:00+00:00,47542.9,47604.4,47417.4,47508.4,63639
2026-03-06 21:00:00+00:00,47510.6,47529.1,47432.1,47456.1,6656
2026-03-08 22:00:00+00:00,46659.1,46705.1,46635.6,46705.1,1216
2026-03-08 23:00:00+00:00,46705.6,46755.9,46581.0,46654.1,12643
2026-03-09 00:00:00+00:00,46654.6,46762.6,46586.1,46632.6,19524
2026-03-09 01:00:00+00:00,46633.1,46668.6,46401.1,46403.6,17012
2026-03-09 02:00:00+00:00,46404.5,46515.6,46337.1,46473.6,22501
2026-03-09 03:00:00+00:00,46473.1,46535.1,46447.6,46495.6,15455
2026-03-09 04:00:00+00:00,46497.1,46584.6,46496.1,46504.6,8529
2026-03-09 05:00:00+00:00,46505.6,46742.1,46481.6,46723.6,17853
2026-03-09 06:00:00+00:00,46722.6,46803.6,46619.6,46646.5,16320
2026-03-09 07:00:00+00:00,46646.8,46776.8,46603.3,46743.8,23529
2026-03-09 08:00:00+00:00,46744.8,46853.3,46673.8,46829.8,38670
2026-03-09 09:00:00+00:00,46830.3,47168.8,46775.8,47043.3,36428
2026-03-09 10:00:00+00:00,47042.8,47077.3,46882.8,46946.3,30109
2026-03-09 11:00:00+00:00,46946.8,47032.3,46873.8,46921.3,26373
2026-03-09 12:00:00+00:00,46921.8,47088.8,46880.8,46946.3,26055
2026-03-09 13:00:00+00:00,46946.8,47125.4,46736.9,46830.9,102257
2026-03-09 14:00:00+00:00,46831.4,47076.3,46643.9,47021.9,135264
2026-03-09 15:00:00+00:00,47021.4,47207.4,47018.9,47125.4,65618
2026-03-09 16:00:00+00:00,47125.9,47310.4,47088.9,47244.4,52380
2026-03-09 17:00:00+00:00,47244.9,47252.9,47017.4,47067.4,50827
2026-03-09 18:00:00+00:00,47067.9,47243.9,47065.4,47157.4,41787
2026-03-09 19:00:00+00:00,47157.9,47924.4,47150.4,47775.4,108567
2026-03-09 20:00:00+00:00,47776.6,47814.1,47618.6,47733.1,15051
2026-03-09 22:00:00+00:00,47774.5,47774.5,47611.1,47632.6,13371
2026-03-09 23:00:00+00:00,47633.6,47650.6,47537.1,47581.6,7342
2026-03-10 00:00:00+00:00,47581.1,47723.1,47534.1,47659.1,18436
2026-03-10 01:00:00+00:00,47659.6,47739.6,47642.1,47719.1,17906
2026-03-10 02:00:00+00:00,47718.6,47726.6,47593.6,47599.1,10869
2026-03-10 03:00:00+00:00,47599.6,47673.6,47507.6,47557.1,15004
2026-03-10 04:00:00+00:00,47557.6,47613.1,47526.6,47597.6,9318
2026-03-10 05:00:00+00:00,47598.1,47699.1,47596.1,47689.1,11120
2026-03-10 06:00:00+00:00,47688.6,47721.6,47665.1,47694.1,8120
2026-03-10 07:00:00+00:00,47693.3,47910.8,47665.3,47907.8,19790
2026-03-10 08:00:00+00:00,47907.3,47991.8,47871.8,47889.8,28951
2026-03-10 09:00:00+00:00,47890.3,47993.8,47881.8,47938.3,18367
2026-03-10 10:00:00+00:00,47939.3,47944.8,47795.3,47877.3,20643
2026-03-10 11:00:00+00:00,47876.8,47992.8,47684.3,47705.3,23763
2026-03-10 12:00:00+00:00,47705.8,47714.3,47540.8,47651.8,25273
2026-03-10 13:00:00+00:00,47651.3,47817.4,47496.4,47530.8,92728
2026-03-10 14:00:00+00:00,47532.3,48041.4,47476.4,48033.4,90268
2026-03-10 15:00:00+00:00,48032.9,48089.4,47946.4,48040.4,45679
2026-03-10 16:00:00+00:00,48041.4,48100.4,47912.4,48067.9,44902
2026-03-10 17:00:00+00:00,48067.4,48267.4,48056.9,48159.4,53369
2026-03-10 18:00:00+00:00,48160.9,48174.9,47765.4,47872.9,126700
2026-03-10 19:00:00+00:00,47873.4,47952.4,47698.4,47749.9,73357
2026-03-10 20:00:00+00:00,47752.1,47812.1,47745.1,47769.1,6963
2026-03-10 22:00:00+00:00,47777.0,47787.0,47694.0,47711.6,3038
2026-03-10 23:00:00+00:00,47712.1,47799.6,47708.1,47787.1,3427
2026-03-11 00:00:00+00:00,47787.6,47908.1,47783.1,47873.1,10633
2026-03-11 01:00:00+00:00,47873.6,47949.1,47858.1,47926.1,7058
2026-03-11 02:00:00+00:00,47925.1,47953.6,47897.1,47930.1,4131
2026-03-11 03:00:00+00:00,47929.6,47973.6,47917.6,47963.1,2865
2026-03-11 04:00:00+00:00,47963.6,47965.1,47923.6,47928.1,2211
2026-03-11 05:00:00+00:00,47927.6,47936.6,47851.1,47856.1,6535
2026-03-11 06:00:00+00:00,47855.6,47891.0,47832.1,47873.6,6836
2026-03-11 07:00:00+00:00,47871.3,47884.3,47720.8,47770.3,11873
2026-03-11 08:00:00+00:00,47769.3,47804.3,47605.8,47657.3,21488
2026-03-11 09:00:00+00:00,47656.3,47663.3,47553.8,47568.3,15824
2026-03-11 10:00:00+00:00,47567.8,47841.8,47567.8,47840.8,15230
2026-03-11 11:00:00+00:00,47840.3,47882.3,47611.8,47663.3,19943
2026-03-11 12:00:00+00:00,47664.3,47773.8,47508.8,47557.8,23625
2026-03-11 13:00:00+00:00,47555.8,47748.4,47404.9,47533.9,81275
2026-03-11 14:00:00+00:00,47533.4,47719.9,47319.4,47604.4,121206
2026-03-11 15:00:00+00:00,47605.4,47661.4,47248.9,47258.9,77089
2026-03-11 16:00:00+00:00,47258.4,47433.4,47212.4,47432.4,52591
2026-03-11 17:00:00+00:00,47431.9,47496.9,47251.9,47364.4,60267
2026-03-11 18:00:00+00:00,47365.4,47438.4,47286.4,47376.4,45830
2026-03-11 19:00:00+00:00,47375.9,47479.4,47309.9,47457.4,32865
2026-03-11 20:00:00+00:00,47458.6,47466.1,47372.6,47382.6,5455
2026-03-11 22:00:00+00:00,47359.0,47389.0,47120.6,47157.1,8360
2026-03-11 23:00:00+00:00,47156.5,47170.6,46951.6,47065.6,11311
2026-03-12 00:00:00+00:00,47066.1,47078.1,46940.6,47024.6,12395
2026-03-12 01:00:00+00:00,47025.6,47075.1,46958.6,46996.6,10775
2026-03-12 02:00:00+00:00,46997.1,47021.6,46844.1,46893.6,9529
2026-03-12 03:00:00+00:00,46894.1,46934.6,46863.6,46904.6,5411
2026-03-12 04:00:00+00:00,46904.1,46954.1,46892.1,46893.6,4116
2026-03-12 05:00:00+00:00,46893.1,46982.6,46891.6,46960.1,8942
2026-03-12 06:00:00+00:00,46959.6,47042.1,46931.1,47031.6,6165
2026-03-12 07:00:00+00:00,47031.3,47154.8,47024.8,47153.8,7720
2026-03-12 08:00:00+00:00,47153.3,47249.3,47119.3,47194.8,15811
2026-03-12 09:00:00+00:00,47196.3,47250.8,47061.3,47233.8,13484
2026-03-12 10:00:00+00:00,47234.3,47253.8,47163.8,47172.3,10580
2026-03-12 11:00:00+00:00,47171.8,47254.3,47125.8,47126.8,11872
2026-03-12 12:00:00+00:00,47126.3,47138.3,47009.3,47070.8,18851
2026-03-12 13:00:00+00:00,47069.8,47105.3,46825.9,46851.9,92668
2026-03-12 14:00:00+00:00,46852.9,47050.4,46758.4,46872.4,108730
2026-03-12 15:00:00+00:00,46872.9,46966.9,46718.9,46903.4,91067
2026-03-12 16:00:00+00:00,46903.9,47115.9,46806.4,46920.9,79303
2026-03-12 17:00:00+00:00,46920.4,47042.4,46804.9,46853.9,58500
2026-03-12 18:00:00+00:00,46856.9,46938.4,46775.9,46787.4,41675
2026-03-12 19:00:00+00:00,46786.4,46905.9,46708.9,46714.9,40661
2026-03-12 20:00:00+00:00,46716.1,46790.1,46706.1,46775.1,6151
2026-03-12 22:00:00+00:00,46782.0,46839.1,46720.1,46825.1,6211
2026-03-12 23:00:00+00:00,46826.1,46848.6,46774.1,46778.6,5336
2026-03-13 00:00:00+00:00,46778.1,46980.1,46730.6,46943.6,15525
2026-03-13 01:00:00+00:00,46944.1,47002.1,46912.1,46923.6,10473
2026-03-13 02:00:00+00:00,46923.1,46951.1,46889.1,46899.1,7623
2026-03-13 03:00:00+00:00,46899.6,46939.1,46880.6,46929.1,6938
2026-03-13 04:00:00+00:00,46928.6,46935.1,46843.1,46870.6,5635
2026-03-13 05:00:00+00:00,46871.1,46902.1,46844.1,46884.1,6826
2026-03-13 06:00:00+00:00,46883.6,46891.6,46708.1,46712.6,10168
2026-03-13 07:00:00+00:00,46710.8,46721.8,46564.8,46598.8,18935
2026-03-13 08:00:00+00:00,46598.3,46694.8,46459.8,46679.3,29688
2026-03-13 09:00:00+00:00,46679.8,46765.8,46679.3,46721.3,19179
2026-03-13 10:00:00+00:00,46722.3,46860.8,46715.3,46857.8,16194
2026-03-13 11:00:00+00:00,46858.8,46935.8,46823.3,46929.3,18858
2026-03-13 12:00:00+00:00,46929.8,47054.8,46862.3,46941.3,27178
2026-03-13 13:00:00+00:00,46940.8,47162.4,46897.3,46987.3,74254
2026-03-13 14:00:00+00:00,46988.8,47046.4,46750.4,46773.4,99962
2026-03-13 15:00:00+00:00,46773.9,46863.4,46669.4,46684.9,83670
2026-03-13 16:00:00+00:00,46684.4,46778.9,46635.9,46664.9,70238
2026-03-13 17:00:00+00:00,46665.4,46780.4,46590.9,46638.9,58438
2026-03-13 18:00:00+00:00,46642.4,46763.4,46624.9,46711.9,42556
2026-03-13 19:00:00+00:00,46712.4,46717.9,46529.9,46595.9,39219
2026-03-13 20:00:00+00:00,46598.1,46609.1,46542.1,46572.1,4385
2026-03-15 22:00:00+00:00,46490.4,46735.5,46458.5,46715.0,5226
2026-03-15 23:00:00+00:00,46715.5,46764.0,46618.0,46677.0,9398
2026-03-16 00:00:00+00:00,46678.0,46789.0,46664.5,46771.5,15120
2026-03-16 01:00:00+00:00,46771.5,46817.0,46718.5,46804.5,16563
2026-03-16 02:00:00+00:00,46805.0,46806.1,46725.6,46740.5,9016
2026-03-16 03:00:00+00:00,46741.0,46816.0,46737.6,46806.1,4510
2026-03-16 04:00:00+00:00,46805.1,46826.0,46763.5,46763.5,4762
2026-03-16 05:00:00+00:00,46765.0,46836.5,46752.5,46828.0,4577
2026-03-16 06:00:00+00:00,46827.5,46839.0,46786.5,46829.6,3910
2026-03-16 07:00:00+00:00,46827.8,46847.3,46695.8,46722.8,11362
2026-03-16 08:00:00+00:00,46723.8,46808.8,46674.3,46704.8,22030
2026-03-16 09:00:00+00:00,46703.8,46718.3,46607.8,46626.3,20357
2026-03-16 10:00:00+00:00,46625.8,46843.3,46616.8,46834.8,20204
2026-03-16 11:00:00+00:00,46834.3,46873.8,46774.3,46864.3,18955
2026-03-16 12:00:00+00:00,46864.8,46992.3,46861.8,46922.8,20831
2026-03-16 13:00:00+00:00,46922.3,47179.9,46887.4,47175.4,61489
2026-03-16 14:00:00+00:00,47174.9,47221.9,46863.9,47084.4,68663
2026-03-16 15:00:00+00:00,47084.9,47124.4,46954.4,46961.3,25892
2026-03-16 16:00:00+00:00,46960.3,47031.3,46850.8,46942.8,11568
2026-03-16 17:00:00+00:00,46945.8,47019.4,46874.8,46934.8,10933
2026-03-16 18:00:00+00:00,46933.8,47080.8,46933.8,47017.8,6997
2026-03-16 19:00:00+00:00,47018.3,47132.3,46934.4,46975.9,19462
2026-03-16 20:00:00+00:00,46977.1,47009.1,46928.0,46964.0,4035
2026-03-16 22:00:00+00:00,46957.5,46979.1,46918.5,46929.5,4018
2026-03-16 23:00:00+00:00,46928.5,46974.0,46928.5,46961.5,3958
2026-03-17 00:00:00+00:00,46960.6,46961.5,46851.0,46858.1,9197
2026-03-17 01:00:00+00:00,46857.1,46914.5,46857.1,46902.0,7770
2026-03-17 02:00:00+00:00,46902.1,46903.1,46846.5,46847.0,4688
2026-03-17 03:00:00+00:00,46846.5,46889.0,46832.5,46847.5,5121
2026-03-17 04:00:00+00:00,46846.5,46913.1,46838.1,46897.0,4360
2026-03-17 05:00:00+00:00,46898.0,46912.5,46770.5,46772.5,6025
2026-03-17 06:00:00+00:00,46771.5,46781.5,46709.6,46748.5,11304
2026-03-17 07:00:00+00:00,46746.3,46844.3,46721.8,46791.3,9844
2026-03-17 08:00:00+00:00,46790.8,46877.3,46767.3,46834.3,18109
2026-03-17 09:00:00+00:00,46833.3,46982.8,46832.3,46965.3,12949
2026-03-17 10:00:00+00:00,46964.8,46974.8,46872.8,46934.3,10041
2026-03-17 11:00:00+00:00,46935.3,46993.8,46921.8,46934.8,11547
2026-03-17 12:00:00+00:00,46933.8,47160.8,46930.8,47136.3,17745
2026-03-17 13:00:00+00:00,47137.3,47459.4,47133.3,47368.3,54283
2026-03-17 14:00:00+00:00,47367.3,47367.3,47092.9,47237.9,63949
2026-03-17 15:00:00+00:00,47238.4,47251.9,47052.9,47082.4,60663
2026-03-17 16:00:00+00:00,47082.9,47136.9,47020.3,47084.9,56480
2026-03-17 17:00:00+00:00,47085.4,47156.8,47064.9,47109.9,30226
2026-03-17 18:00:00+00:00,47110.9,47154.9,47030.9,47083.9,31142
2026-03-17 19:00:00+00:00,47084.4,47103.4,47005.9,47033.4,27770
2026-03-17 20:00:00+00:00,47034.6,47061.1,47021.6,47032.0,5837
2026-03-17 22:00:00+00:00,47053.5,47053.5,46979.0,47014.1,2097
2026-03-17 23:00:00+00:00,47012.0,47027.5,46967.0,46976.0,2138
2026-03-18 00:00:00+00:00,46975.1,47073.1,46969.1,47067.1,4810
2026-03-18 01:00:00+00:00,47067.5,47119.1,47067.1,47111.5,5547
2026-03-18 02:00:00+00:00,47112.1,47182.1,47111.5,47170.1,3275
2026-03-18 03:00:00+00:00,47170.5,47216.5,47164.5,47209.0,2414
2026-03-18 04:00:00+00:00,47208.1,47266.5,47208.1,47248.5,2178
2026-03-18 05:00:00+00:00,47249.0,47277.5,47242.5,47266.5,2986
2026-03-18 06:00:00+00:00,47267.5,47332.5,47257.5,47298.5,4827
2026-03-18 07:00:00+00:00,47298.3,47311.3,47267.8,47271.8,4367
2026-03-18 08:00:00+00:00,47270.8,47319.8,47259.3,47292.8,9411
2026-03-18 09:00:00+00:00,47293.8,47308.8,47260.8,47276.3,6004
2026-03-18 10:00:00+00:00,47275.3,47294.3,47233.3,47238.3,4898
2026-03-18 11:00:00+00:00,47239.3,47280.3,47127.3,47176.3,14995
2026-03-18 12:00:00+00:00,47177.3,47187.3,46762.8,46778.8,29461
2026-03-18 13:00:00+00:00,46777.8,46912.9,46735.3,46848.3,60761
2026-03-18 14:00:00+00:00,46848.8,46858.3,46546.4,46626.9,77974
2026-03-18 15:00:00+00:00,46626.4,46711.9,46568.4,46587.9,48935
2026-03-18 16:00:00+00:00,46587.4,46659.4,46535.9,46613.8,36982
2026-03-18 17:00:00+00:00,46612.8,46624.4,46503.9,46597.3,34237
2026-03-18 18:00:00+00:00,46597.8,46637.8,46332.9,46343.8,57193
2026-03-18 19:00:00+00:00,46342.8,46425.9,46210.3,46243.3,16921
2026-03-18 20:00:00+00:00,46246.0,46252.0,46077.0,46106.5,3849
2026-03-18 22:00:00+00:00,46171.5,46192.0,46099.5,46130.0,2271
2026-03-18 23:00:00+00:00,46129.0,46204.5,46122.5,46176.0,3510
2026-03-19 00:00:00+00:00,46177.5,46217.0,46118.0,46168.0,8916
2026-03-19 01:00:00+00:00,46169.0,46232.5,46140.0,46189.0,7228
2026-03-19 02:00:00+00:00,46189.5,46330.5,46155.0,46291.5,7336
2026-03-19 03:00:00+00:00,46292.5,46320.5,46280.0,46280.5,3236
2026-03-19 04:00:00+00:00,46281.1,46281.5,46220.0,46245.5,5033
2026-03-19 05:00:00+00:00,46248.0,46267.5,46169.0,46195.0,6086
2026-03-19 06:00:00+00:00,46194.5,46277.0,46186.5,46233.5,6261
2026-03-19 07:00:00+00:00,46231.3,46265.3,46115.8,46149.8,12728
2026-03-19 08:00:00+00:00,46148.8,46211.3,46060.8,46131.8,21012
2026-03-19 09:00:00+00:00,46132.8,46296.8,46035.8,46264.3,24206
2026-03-19 10:00:00+00:00,46263.8,46264.3,46152.8,46168.3,12705
2026-03-19 11:00:00+00:00,46169.3,46211.3,46049.3,46132.8,17198
2026-03-19 12:00:00+00:00,46128.8,46159.8,45895.3,45937.3,23805
2026-03-19 13:00:00+00:00,45937.8,46099.9,45807.8,46037.3,60334
2026-03-19 14:00:00+00:00,46037.3,46084.3,45763.8,45873.3,72085
2026-03-19 15:00:00+00:00,45874.3,46040.3,45774.8,45879.8,39411
2026-03-19 16:00:00+00:00,45880.4,45987.3,45814.3,45850.8,11292
2026-03-19 17:00:00+00:00,45850.3,45924.4,45745.3,45859.3,7590
2026-03-19 18:00:00+00:00,45857.3,45985.8,45785.3,45968.8,7266
2026-03-19 19:00:00+00:00,45967.8,46268.3,45961.8,46040.8,17225
2026-03-19 20:00:00+00:00,46040.5,46140.0,46002.0,46104.5,2325
2026-03-19 22:00:00+00:00,46409.0,46479.6,46390.5,46457.1,2823
2026-03-19 23:00:00+00:00,46457.6,46489.6,46428.6,46443.6,3945
2026-03-20 00:00:00+00:00,46443.1,46486.1,46401.6,46426.6,6809
2026-03-20 01:00:00+00:00,46427.1,46548.6,46409.0,46479.1,8017
2026-03-20 02:00:00+00:00,46480.6,46502.1,46461.6,46468.6,4078
2026-03-20 03:00:00+00:00,46467.6,46475.6,46435.1,46450.1,3122
2026-03-20 04:00:00+00:00,46450.6,46465.1,46417.1,46418.6,2156
2026-03-20 05:00:00+00:00,46418.1,46450.6,46390.1,46429.1,4017
2026-03-20 06:00:00+00:00,46428.1,46445.6,46319.6,46335.1,4216
2026-03-20 07:00:00+00:00,46333.3,46460.3,46270.3,46451.8,9227
2026-03-20 08:00:00+00:00,46452.8,46482.8,46376.8,46383.3,15497
2026-03-20 09:00:00+00:00,46383.8,46415.3,46136.3,46172.8,22211
2026-03-20 10:00:00+00:00,46173.3,46189.8,46013.3,46130.3,26098
2026-03-20 11:00:00+00:00,46130.8,46247.3,46120.3,46208.3,18437
2026-03-20 12:00:00+00:00,46207.8,46273.3,46148.8,46230.8,22982
2026-03-20 13:00:00+00:00,46229.8,46369.9,46145.4,46174.9,78212
2026-03-20 14:00:00+00:00,46174.4,46223.4,45977.4,46016.4,88554
2026-03-20 15:00:00+00:00,46015.9,46227.9,45983.4,46089.4,72775
2026-03-20 16:00:00+00:00,46091.4,46170.4,46026.4,46133.4,47994
2026-03-20 17:00:00+00:00,46132.9,46197.4,46015.9,46079.4,46150
2026-03-20 18:00:00+00:00,46079.9,46105.4,45799.4,45836.9,45750
2026-03-20 19:00:00+00:00,45837.4,45928.4,45662.4,45903.4,53069
2026-03-20 20:00:00+00:00,45905.6,46070.6,45890.1,45997.1,7376
2026-03-22 22:00:00+00:00,45644.6,45965.5,45594.6,45862.6,10095
2026-03-22 23:00:00+00:00,45863.6,45922.6,45794.1,45830.1,9661
2026-03-23 00:00:00+00:00,45830.6,45946.1,45762.1,45771.1,26793
2026-03-23 01:00:00+00:00,45771.6,45939.6,45739.6,45910.1,25062
2026-03-23 02:00:00+00:00,45910.6,45948.1,45819.6,45846.1,13621
2026-03-23 03:00:00+00:00,45846.6,45874.1,45713.1,45718.1,10994
2026-03-23 04:00:00+00:00,45718.6,45781.6,45707.6,45771.1,7800
2026-03-23 05:00:00+00:00,45770.6,45812.1,45682.6,45744.1,11986
2026-03-23 06:00:00+00:00,45743.6,45749.6,45542.6,45590.1,16383
2026-03-23 07:00:00+00:00,45587.8,45671.8,45455.3,45532.8,28068
2026-03-23 08:00:00+00:00,45532.3,45721.3,45530.8,45676.8,43615
2026-03-23 09:00:00+00:00,45678.3,45724.8,45519.3,45562.3,30723
2026-03-23 10:00:00+00:00,45562.8,45654.8,45472.8,45574.8,28912
2026-03-23 11:00:00+00:00,45575.3,47213.8,45572.8,46502.8,68428
2026-03-23 12:00:00+00:00,46502.3,46935.8,46404.8,46877.3,59533
2026-03-23 13:00:00+00:00,46877.8,46927.3,46470.4,46816.8,116769
2026-03-23 14:00:00+00:00,46815.9,46934.4,46689.9,46891.9,101459
2026-03-23 15:00:00+00:00,46892.4,47029.4,46565.4,46572.4,83249
2026-03-23 16:00:00+00:00,46571.9,46647.3,46405.4,46521.9,89238
2026-03-23 17:00:00+00:00,46522.4,46733.4,46431.9,46720.9,61599
2026-03-23 18:00:00+00:00,46721.4,46824.9,46594.9,46752.9,46225
2026-03-23 19:00:00+00:00,46752.4,46756.9,46500.9,46512.4,35237
2026-03-23 20:00:00+00:00,46514.6,46547.6,46438.6,46514.0,7034
2026-03-23 22:00:00+00:00,46523.5,46636.6,46459.5,46625.1,5257
2026-03-23 23:00:00+00:00,46625.6,46625.6,46536.1,46581.6,6215
2026-03-24 00:00:00+00:00,46581.1,46581.6,46258.0,46370.6,25207
2026-03-24 01:00:00+00:00,46371.6,46377.6,46224.1,46273.1,24401
2026-03-24 02:00:00+00:00,46272.6,46344.1,46223.6,46277.1,17311
2026-03-24 03:00:00+00:00,46277.6,46322.1,46249.6,46321.1,10981
2026-03-24 04:00:00+00:00,46320.6,46351.6,46265.6,46284.6,7616
2026-03-24 05:00:00+00:00,46283.6,46364.5,46174.6,46278.6,13308
2026-03-24 06:00:00+00:00,46280.5,46499.6,46271.5,46473.6,11221
2026-03-24 07:00:00+00:00,46472.8,46650.3,46457.3,46590.8,22400
2026-03-24 08:00:00+00:00,46589.8,46647.3,46403.3,46426.3,33444
2026-03-24 09:00:00+00:00,46429.3,46502.3,46293.3,46480.3,25324
2026-03-24 10:00:00+00:00,46479.8,46502.3,46392.3,46469.3,20956
2026-03-24 11:00:00+00:00,46468.8,46505.3,46303.3,46465.3,25387
2026-03-24 12:00:00+00:00,46465.8,46490.3,46227.3,46251.8,29109
2026-03-24 13:00:00+00:00,46251.3,46281.3,46048.4,46197.9,85094
2026-03-24 14:00:00+00:00,46197.4,46623.3,46172.4,46502.9,113313
2026-03-24 15:00:00+00:00,46503.4,46707.4,46498.4,46547.4,74537
2026-03-24 16:00:00+00:00,46547.9,46655.9,46506.9,46593.9,56832
2026-03-24 17:00:00+00:00,46594.4,46608.9,46382.4,46525.9,73169
2026-03-24 18:00:00+00:00,46526.4,46683.4,46445.9,46550.9,50218
2026-03-24 19:00:00+00:00,46550.4,46616.9,46396.4,46421.9,35465
2026-03-24 20:00:00+00:00,46424.1,46909.6,46417.1,46690.0,28685
2026-03-24 22:00:00+00:00,46707.0,46785.5,46670.6,46755.1,5938
2026-03-24 23:00:00+00:00,46754.6,46784.6,46713.6,46739.1,5294
2026-03-25 00:00:00+00:00,46738.6,46895.1,46701.6,46826.6,14665
2026-03-25 01:00:00+00:00,46827.1,46859.6,46774.0,46781.1,14846
2026-03-25 02:00:00+00:00,46781.6,46788.1,46700.6,46702.1,11359
2026-03-25 03:00:00+00:00,46702.6,46743.1,46673.1,46743.1,7240
2026-03-25 04:00:00+00:00,46742.6,46830.1,46737.6,46813.6,5467
2026-03-25 05:00:00+00:00,46814.1,46820.1,46743.6,46756.6,7018
2026-03-25 06:00:00+00:00,46756.1,46786.1,46695.6,46753.6,8610
2026-03-25 07:00:00+00:00,46751.8,46821.8,46715.3,46802.3,12166
2026-03-25 08:00:00+00:00,46802.8,46968.8,46775.3,46793.8,26373
2026-03-25 09:00:00+00:00,46794.8,46861.8,46717.8,46790.8,18010
2026-03-25 10:00:00+00:00,46790.3,46857.8,46770.8,46801.8,14871
2026-03-25 11:00:00+00:00,46802.3,46936.8,46797.3,46897.8,17027
2026-03-25 12:00:00+00:00,46897.3,46959.3,46664.3,46835.8,34622
2026-03-25 13:00:00+00:00,46837.3,47038.4,46668.4,46676.9,67417
2026-03-25 14:00:00+00:00,46677.4,46842.9,46609.9,46813.9,81846
2026-03-25 15:00:00+00:00,46815.4,46855.4,46481.9,46718.9,76434
2026-03-25 16:00:00+00:00,46719.4,46811.4,46634.9,46763.4,55833
2026-03-25 17:00:00+00:00,46762.9,46881.4,46710.4,46764.4,44003
2026-03-25 18:00:00+00:00,46764.9,46837.4,46649.4,46722.4,33725
2026-03-25 19:00:00+00:00,46722.9,46774.4,46662.4,46723.4,35916
2026-03-25 20:00:00+00:00,46724.6,46757.1,46676.6,46711.1,5689
2026-03-25 22:00:00+00:00,46721.5,46726.0,46629.0,46646.6,3907
2026-03-25 23:00:00+00:00,46646.1,46668.6,46590.6,46647.6,4042
2026-03-26 00:00:00+00:00,46648.6,46746.6,46635.6,46659.1,7909
2026-03-26 01:00:00+00:00,46659.6,46699.5,46636.1,46666.6,11314
2026-03-26 02:00:00+00:00,46665.1,46689.1,46529.1,46573.6,10967
2026-03-26 03:00:00+00:00,46573.1,46726.6,46562.1,46687.6,7698
2026-03-26 04:00:00+00:00,46687.1,46693.6,46604.1,46612.1,5452
2026-03-26 05:00:00+00:00,46613.1,46633.1,46519.1,46522.1,8828
2026-03-26 06:00:00+00:00,46522.6,46581.6,46501.6,46574.1,9906
2026-03-26 07:00:00+00:00,46573.3,46580.8,46436.3,46536.3,11762
2026-03-26 08:00:00+00:00,46535.8,46604.3,46417.3,46477.3,21707
2026-03-26 09:00:00+00:00,46479.3,46503.3,46329.3,46392.8,19382
2026-03-26 10:00:00+00:00,46393.3,46477.3,46355.3,46403.3,14987
2026-03-26 11:00:00+00:00,46405.3,46436.3,46317.3,46319.3,13836
2026-03-26 12:00:00+00:00,46319.8,46414.3,46269.3,46363.8,18313
2026-03-26 13:00:00+00:00,46364.3,46805.4,46360.3,46798.9,72511
2026-03-26 14:00:00+00:00,46798.4,46843.3,46521.4,46612.4,95443
2026-03-26 15:00:00+00:00,46612.9,46675.9,46456.4,46500.9,63520
2026-03-26 16:00:00+00:00,46500.4,46528.9,46298.9,46384.4,44767
2026-03-26 17:00:00+00:00,46383.9,46425.4,46221.9,46234.9,35562
2026-03-26 18:00:00+00:00,46235.4,46344.9,46232.4,46322.4,32080
2026-03-26 19:00:00+00:00,46322.9,46328.9,46179.9,46221.9,31917
2026-03-26 20:00:00+00:00,46224.1,46764.0,46175.6,46313.5,29984
2026-03-26 22:00:00+00:00,46336.0,46414.6,46310.0,46391.5,7557
2026-03-26 23:00:00+00:00,46390.5,46456.1,46367.5,46445.6,4520
2026-03-27 00:00:00+00:00,46446.1,46488.6,46317.6,46328.1,14245
2026-03-27 01:00:00+00:00,46328.6,46414.1,46308.6,46403.6,10821
2026-03-27 02:00:00+00:00,46404.1,46422.5,46347.6,46351.6,6885
2026-03-27 03:00:00+00:00,46352.1,46412.6,46333.1,46410.1,5895
2026-03-27 04:00:00+00:00,46410.6,46431.6,46381.1,46425.1,4074
2026-03-27 05:00:00+00:00,46425.6,46507.6,46425.6,46460.6,7137
2026-03-27 06:00:00+00:00,46460.1,46500.6,46392.1,46409.6,7883
2026-03-27 07:00:00+00:00,46408.8,46411.3,46321.3,46356.8,9051
2026-03-27 08:00:00+00:00,46356.3,46384.3,46194.3,46206.3,22129
2026-03-27 09:00:00+00:00,46206.8,46250.3,46108.3,46139.3,19224
2026-03-27 10:00:00+00:00,46138.8,46200.3,46037.3,46049.3,16132
2026-03-27 11:00:00+00:00,46049.8,46123.3,45991.3,46074.3,16856
2026-03-27 12:00:00+00:00,46073.8,46083.8,46008.3,46017.3,17809
2026-03-27 13:00:00+00:00,46016.8,46039.3,45690.9,45744.3,71339
2026-03-27 14:00:00+00:00,45745.3,45894.4,45693.4,45863.4,89351
2026-03-27 15:00:00+00:00,45863.9,45996.3,45772.4,45819.4,74775
2026-03-27 16:00:00+00:00,45819.9,45830.9,45671.9,45733.4,46905
2026-03-27 17:00:00+00:00,45732.9,45826.4,45537.4,45543.4,41472
2026-03-27 18:00:00+00:00,45542.9,45570.4,45455.4,45490.4,36802
2026-03-27 19:00:00+00:00,45489.4,45509.4,45313.9,45399.9,44529
2026-03-27 20:00:00+00:00,45401.1,45427.5,45274.6,45318.1,9274
2026-03-29 22:00:00+00:00,45178.6,45216.1,45059.5,45196.1,10594
2026-03-29 23:00:00+00:00,45195.0,45233.6,45084.0,45122.5,12453
2026-03-30 00:00:00+00:00,45123.1,45284.1,45067.6,45125.5,30910
2026-03-30 01:00:00+00:00,45126.1,45229.6,45106.1,45224.1,19848
2026-03-30 02:00:00+00:00,45224.6,45346.1,45191.5,45316.6,13109
2026-03-30 03:00:00+00:00,45317.1,45404.1,45310.6,45373.1,9746
2026-03-30 04:00:00+00:00,45373.6,45426.1,45361.6,45373.1,6673
2026-03-30 05:00:00+00:00,45372.6,45446.1,45372.1,45424.6,9407
2026-03-30 06:00:00+00:00,45422.8,45551.8,45415.3,45504.8,11641
2026-03-30 07:00:00+00:00,45504.3,45594.3,45472.3,45579.8,15331
2026-03-30 08:00:00+00:00,45578.3,45646.8,45533.8,45636.3,14646
2026-03-30 09:00:00+00:00,45636.8,45648.3,45539.8,45580.8,12731
2026-03-30 10:00:00+00:00,45581.3,45645.3,45564.3,45644.8,10420
2026-03-30 11:00:00+00:00,45645.3,45918.3,45642.8,45699.8,23780
2026-03-30 12:00:00+00:00,45700.3,45794.8,45657.3,45775.3,15207
2026-03-30 13:00:00+00:00,45775.8,45871.9,45529.4,45564.4,63205
2026-03-30 14:00:00+00:00,45563.9,45798.4,45557.4,45781.9,95933
2026-03-30 15:00:00+00:00,45781.4,45881.9,45681.9,45817.4,63020
2026-03-30 16:00:00+00:00,45816.9,45823.9,45635.9,45655.9,39357
2026-03-30 17:00:00+00:00,45656.4,45696.9,45483.9,45569.4,41615
2026-03-30 18:00:00+00:00,45568.9,45615.4,45465.4,45490.9,31349
2026-03-30 19:00:00+00:00,45491.4,45524.9,45308.4,45463.9,47773
2026-03-30 20:00:00+00:00,45466.1,45471.1,45407.1,45456.1,5778
2026-03-30 22:00:00+00:00,45459.5,45518.1,45459.5,45478.5,3772
2026-03-30 23:00:00+00:00,45479.1,45479.1,45364.5,45404.1,8130
2026-03-31 00:00:00+00:00,45403.6,45780.5,45288.6,45692.6,37497
2026-03-31 01:00:00+00:00,45693.1,45945.6,45600.5,45858.1,38002
2026-03-31 02:00:00+00:00,45857.6,45983.6,45830.6,45926.6,19979
2026-03-31 03:00:00+00:00,45927.1,45967.6,45866.6,45869.1,11733
2026-03-31 04:00:00+00:00,45868.1,45904.6,45821.5,45836.6,9851
2026-03-31 05:00:00+00:00,45835.6,45900.1,45763.6,45868.1,14096
2026-03-31 06:00:00+00:00,45867.3,45871.8,45784.3,45819.8,18356
2026-03-31 07:00:00+00:00,45819.3,45978.3,45750.8,45973.3,23179
2026-03-31 08:00:00+00:00,45972.8,45976.3,45819.3,45848.3,20491
2026-03-31 09:00:00+00:00,45847.8,45924.8,45818.3,45844.8,17221
2026-03-31 10:00:00+00:00,45845.3,45898.3,45727.3,45823.8,16051
2026-03-31 11:00:00+00:00,45824.3,46069.8,45799.3,45953.8,33617
2026-03-31 12:00:00+00:00,45954.3,46055.8,45836.3,45933.8,29421
2026-03-31 13:00:00+00:00,45934.3,46111.9,45778.9,46109.8,70830
2026-03-31 14:00:00+00:00,46107.8,46135.4,45724.4,45769.4,95022
2026-03-31 15:00:00+00:00,45768.4,46081.4,45768.4,45881.4,79497
2026-03-31 16:00:00+00:00,45881.9,46578.8,45861.4,46329.9,116213
2026-03-31 17:00:00+00:00,46329.4,46483.4,46302.4,46376.4,100533
2026-03-31 18:00:00+00:00,46376.9,46529.9,46376.4,46501.4,54849
2026-03-31 19:00:00+00:00,46500.9,46643.9,46436.4,46577.4,54132
2026-03-31 20:00:00+00:00,46578.6,46641.6,46546.6,46561.1,16176
2026-03-31 22:00:00+00:00,46506.5,46588.0,46505.5,46559.1,4818
2026-03-31 23:00:00+00:00,46559.6,46656.6,46528.1,46641.6,5492
2026-04-01 00:00:00+00:00,46641.1,46686.6,46596.1,46684.6,13028
2026-04-01 01:00:00+00:00,46685.1,46695.6,46609.6,46628.1,13362
2026-04-01 02:00:00+00:00,46629.1,46656.1,46587.6,46611.6,6383
2026-04-01 03:00:00+00:00,46612.1,46635.6,46603.1,46615.1,4892
2026-04-01 04:00:00+00:00,46611.5,46652.6,46607.6,46640.6,3021
2026-04-01 05:00:00+00:00,46641.1,46725.6,46636.1,46703.6,5297
2026-04-01 06:00:00+00:00,46702.8,46909.3,46700.8,46892.8,14218
2026-04-01 07:00:00+00:00,46893.3,46918.3,46763.8,46777.3,17197
2026-04-01 08:00:00+00:00,46776.3,46849.3,46703.3,46810.3,20450
2026-04-01 09:00:00+00:00,46809.8,46844.3,46703.3,46819.8,16255
2026-04-01 10:00:00+00:00,46820.3,46913.3,46779.8,46898.8,13089
2026-04-01 11:00:00+00:00,46899.3,46987.8,46885.8,46962.3,12530
2026-04-01 12:00:00+00:00,46961.8,47087.3,46737.3,46760.3,25849
2026-04-01 13:00:00+00:00,46759.3,46984.4,46708.9,46864.3,85513
2026-04-01 14:00:00+00:00,46864.8,47026.9,46740.9,46986.9,95442
2026-04-01 15:00:00+00:00,46986.4,47051.4,46950.9,47025.4,42582
2026-04-01 16:00:00+00:00,47026.4,47043.9,46924.4,46994.4,26108
2026-04-01 17:00:00+00:00,46995.4,47044.9,46916.4,46918.9,21535
2026-04-01 18:00:00+00:00,46918.4,46930.4,46759.4,46821.9,56282
2026-04-01 19:00:00+00:00,46821.4,46938.4,46789.9,46813.4,41308
2026-04-01 20:00:00+00:00,46814.1,46854.1,46800.1,46824.1,8276
2026-04-01 22:00:00+00:00,46831.5,46844.5,46787.0,46800.1,4464
2026-04-01 23:00:00+00:00,46800.5,46835.6,46775.6,46804.1,4035
2026-04-02 00:00:00+00:00,46804.6,46927.1,46755.6,46918.6,17066
2026-04-02 01:00:00+00:00,46918.1,46928.0,46404.1,46452.5,37413
2026-04-02 02:00:00+00:00,46451.5,46479.6,46342.6,46400.1,21471
2026-04-02 03:00:00+00:00,46400.6,46405.1,46316.6,46326.6,11392
2026-04-02 04:00:00+00:00,46327.6,46353.1,46290.6,46301.1,8093
2026-04-02 05:00:00+00:00,46303.1,46350.6,46237.1,46240.6,9282
2026-04-02 06:00:00+00:00,46238.3,46291.3,46203.8,46275.3,12318
2026-04-02 07:00:00+00:00,46274.8,46396.8,46241.3,46391.3,15261
2026-04-02 08:00:00+00:00,46390.3,46420.3,46334.3,46368.3,12030
2026-04-02 09:00:00+00:00,46369.8,46398.3,46315.8,46355.3,9299
2026-04-02 10:00:00+00:00,46355.8,46368.8,46254.3,46308.8,11713
2026-04-02 11:00:00+00:00,46308.3,46322.8,46123.3,46123.8,14588
2026-04-02 12:00:00+00:00,46124.3,46210.3,46078.3,46154.3,18430
2026-04-02 13:00:00+00:00,46153.8,46364.9,46113.9,46354.4,78693
2026-04-02 14:00:00+00:00,46353.9,46987.4,46259.9,46768.9,125718
2026-04-02 15:00:00+00:00,46768.4,46809.9,46572.4,46650.9,92552
2026-04-02 16:00:00+00:00,46650.4,46726.4,46513.4,46597.4,60677
2026-04-02 17:00:00+00:00,46596.9,46696.4,46540.9,46588.4,42108
2026-04-02 18:00:00+00:00,46588.9,46716.9,46584.9,46682.4,35503
2026-04-02 19:00:00+00:00,46682.9,46762.4,46662.4,46736.9,32216
2026-04-02 20:00:00+00:00,46739.1,46774.6,46704.1,46750.5,6624
2026-04-02 22:00:00+00:00,46744.0,46764.5,46708.6,46751.1,2032
2026-04-02 23:00:00+00:00,46750.1,46758.6,46735.0,46745.1,1681
2026-04-03 00:00:00+00:00,46746.1,46785.1,46730.1,46737.6,4661
2026-04-03 01:00:00+00:00,46738.1,46741.1,46713.1,46714.6,2180
2026-04-03 02:00:00+00:00,46715.1,46724.1,46653.1,46677.6,3113
2026-04-03 03:00:00+00:00,46678.1,46695.6,46669.6,46679.6,1804
2026-04-03 04:00:00+00:00,46680.1,46695.1,46658.1,46669.1,1324
2026-04-03 05:00:00+00:00,46669.6,46703.6,46655.1,46686.6,1847
2026-04-03 06:00:00+00:00,46684.8,46687.3,46603.8,46628.3,2261
2026-04-03 07:00:00+00:00,46627.8,46668.3,46586.3,46628.8,2373
2026-04-03 08:00:00+00:00,46629.3,46646.8,46610.8,46629.3,1527
2026-04-03 09:00:00+00:00,46628.8,46647.8,46624.3,46629.3,1441
2026-04-03 10:00:00+00:00,46629.8,46643.3,46605.3,46640.3,1449
2026-04-03 11:00:00+00:00,46639.8,46683.3,46596.3,46663.3,2425
2026-04-03 12:00:00+00:00,46663.8,46888.3,46589.3,46613.3,9764
2026-04-03 13:00:00+00:00,46612.8,46648.3,46596.3,46633.3,806
2026-04-05 22:00:00+00:00,46429.0,46504.1,46367.0,46487.5,7967
2026-04-05 23:00:00+00:00,46489.0,46511.1,46427.1,46480.1,7791
2026-04-06 00:00:00+00:00,46480.6,46589.6,46469.6,46581.1,12877
2026-04-06 01:00:00+00:00,46581.6,46651.1,46576.6,46605.1,6671
2026-04-06 02:00:00+00:00,46604.6,46756.0,46597.6,46633.1,12002
2026-04-06 03:00:00+00:00,46632.6,46635.1,46495.1,46605.1,8843
2026-04-06 04:00:00+00:00,46604.5,46652.6,46595.5,46642.1,5011
2026-04-06 05:00:00+00:00,46641.6,46666.1,46595.6,46616.6,5357
2026-04-06 06:00:00+00:00,46614.8,46735.8,46600.8,46677.8,8394
2026-04-06 07:00:00+00:00,46678.3,46775.8,46611.3,46746.8,8300
2026-04-06 08:00:00+00:00,46745.8,46817.8,46736.8,46795.3,7988
2026-04-06 09:00:00+00:00,46795.8,46832.8,46724.3,46735.3,6473
2026-04-06 10:00:00+00:00,46735.8,46770.3,46614.3,46700.3,8050
2026-04-06 11:00:00+00:00,46700.8,46703.8,46654.8,46668.3,8527
2026-04-06 12:00:00+00:00,46669.3,46754.3,46649.8,46713.8,8787
2026-04-06 13:00:00+00:00,46713.3,46803.9,46568.9,46803.3,67254
2026-04-06 14:00:00+00:00,46757.8,46934.4,46659.9,46821.4,96254
2026-04-06 15:00:00+00:00,46821.9,46848.4,46744.4,46845.9,40474
2026-04-06 16:00:00+00:00,46845.4,46889.4,46811.4,46851.4,22556
2026-04-06 17:00:00+00:00,46851.9,46855.9,46682.9,46746.9,26854
2026-04-06 18:00:00+00:00,46747.4,46901.4,46736.4,46852.4,22038
2026-04-06 19:00:00+00:00,46852.9,46913.9,46815.9,46912.4,19175
2026-04-06 20:00:00+00:00,46913.6,47054.6,46884.6,47014.1,6354
2026-04-06 22:00:00+00:00,47005.1,47036.0,46937.5,46940.6,4931
2026-04-06 23:00:00+00:00,46940.1,46973.1,46925.6,46930.6,2494
2026-04-07 00:00:00+00:00,46924.6,47020.1,46913.6,46925.1,11428
2026-04-07 01:00:00+00:00,46925.6,46949.1,46719.1,46733.1,14969
2026-04-07 02:00:00+00:00,46733.6,46799.6,46703.6,46787.6,11370
2026-04-07 03:00:00+00:00,46788.1,46802.1,46748.6,46785.6,5620
2026-04-07 04:00:00+00:00,46786.1,46820.6,46743.1,46802.6,6831
2026-04-07 05:00:00+00:00,46803.6,46821.6,46745.6,46797.5,6491
2026-04-07 06:00:00+00:00,46797.8,46826.8,46766.8,46806.8,9914
2026-04-07 07:00:00+00:00,46806.3,46830.8,46770.8,46810.3,14731
2026-04-07 08:00:00+00:00,46810.8,47005.3,46808.3,46972.8,29443
2026-04-07 09:00:00+00:00,46972.3,47042.8,46957.3,46999.3,14857
2026-04-07 10:00:00+00:00,46998.8,47025.3,46672.8,46700.8,28095
2026-04-07 11:00:00+00:00,46701.3,46777.3,46644.3,46702.3,22423
2026-04-07 12:00:00+00:00,46702.8,46871.8,46591.8,46761.3,28294
2026-04-07 13:00:00+00:00,46761.8,46834.9,46543.4,46583.4,72459
2026-04-07 14:00:00+00:00,46582.9,46766.9,46455.4,46552.9,93517
2026-04-07 15:00:00+00:00,46552.4,46587.9,46426.4,46529.9,69926
2026-04-07 16:00:00+00:00,46529.4,46771.4,46527.9,46665.4,63040
2026-04-07 17:00:00+00:00,46665.9,46825.9,46626.9,46709.9,46260
2026-04-07 18:00:00+00:00,46709.4,46741.4,46486.4,46531.9,35645
2026-04-07 19:00:00+00:00,46531.4,46854.9,46472.4,46815.9,87419
2026-04-07 20:00:00+00:00,46818.6,46933.5,46772.6,46872.1,20996
2026-04-07 22:00:00+00:00,47024.0,47776.6,46831.1,47765.0,15482
2026-04-07 23:00:00+00:00,47766.5,47820.1,47687.0,47744.5,16862
2026-04-08 00:00:00+00:00,47744.6,47777.1,47645.1,47731.6,21877
2026-04-08 01:00:00+00:00,47731.1,47811.6,47708.6,47789.1,11580
2026-04-08 02:00:00+00:00,47790.1,47867.6,47789.1,47862.6,5419
2026-04-08 03:00:00+00:00,47863.1,47879.0,47820.1,47833.1,3605
2026-04-08 04:00:00+00:00,47833.6,47896.6,47833.6,47860.1,3939
2026-04-08 05:00:00+00:00,47861.1,47969.1,47842.1,47951.6,6822
2026-04-08 06:00:00+00:00,47949.8,47975.3,47919.8,47926.8,11291
2026-04-08 07:00:00+00:00,47927.3,47957.8,47849.8,47854.3,15760
2026-04-08 08:00:00+00:00,47853.8,47934.3,47841.3,47933.8,13716
2026-04-08 09:00:00+00:00,47933.3,48020.8,47914.3,47985.3,10195
2026-04-08 10:00:00+00:00,47984.8,48079.8,47952.3,48046.8,8693
2026-04-08 11:00:00+00:00,48047.3,48145.8,48001.3,48089.8,13040
2026-04-08 12:00:00+00:00,48090.8,48114.3,47939.8,48043.3,21599
2026-04-08 13:00:00+00:00,48042.8,48262.9,48032.8,48120.9,67542
2026-04-08 14:00:00+00:00,48119.9,48167.9,47791.4,47872.9,78827
2026-04-08 15:00:00+00:00,47873.4,48063.4,47836.4,48047.4,42723
2026-04-08 16:00:00+00:00,48046.9,48099.9,48009.4,48053.4,23950
2026-04-08 17:00:00+00:00,48052.9,48095.4,47988.4,48090.4,25667
2026-04-08 18:00:00+00:00,48077.9,48162.8,47911.4,47921.4,41553
2026-04-08 19:00:00+00:00,47920.4,48159.9,47912.4,48141.9,38677
2026-04-08 20:00:00+00:00,48144.1,48164.1,48091.6,48101.6,5905
2026-04-08 22:00:00+00:00,48086.0,48154.0,48084.6,48114.1,4417
2026-04-08 23:00:00+00:00,48114.6,48143.6,48087.6,48094.6,2898
2026-04-09 00:00:00+00:00,48095.1,48143.6,48048.1,48105.6,9979
2026-04-09 01:00:00+00:00,48106.1,48121.6,48055.6,48088.1,7555
2026-04-09 02:00:00+00:00,48088.6,48097.6,48065.1,48065.6,4538
2026-04-09 03:00:00+00:00,48066.1,48088.6,48049.0,48081.6,3276
2026-04-09 04:00:00+00:00,48082.1,48091.1,48058.1,48066.6,2546
2026-04-09 05:00:00+00:00,48067.1,48107.1,48037.6,48078.1,4619
2026-04-09 06:00:00+00:00,48077.3,48108.8,48025.3,48060.8,7376
2026-04-09 07:00:00+00:00,48060.3,48079.3,47948.3,47982.8,9682
2026-04-09 08:00:00+00:00,47983.3,47998.3,47934.3,47947.8,8976
2026-04-09 09:00:00+00:00,47947.3,47990.3,47928.3,47974.3,6495
2026-04-09 10:00:00+00:00,47975.3,47992.3,47930.3,47933.8,8400
2026-04-09 11:00:00+00:00,47933.3,47985.3,47903.3,47967.3,9383
2026-04-09 12:00:00+00:00,47966.8,48019.3,47935.3,47985.3,11760
2026-04-09 13:00:00+00:00,47985.8,48098.4,47924.3,48093.4,45713
2026-04-09 14:00:00+00:00,48092.9,48102.9,47972.9,48019.4,47349
2026-04-09 15:00:00+00:00,48019.9,48305.4,47957.4,48299.4,56736
2026-04-09 16:00:00+00:00,48298.9,48473.9,48298.4,48469.4,36971
2026-04-09 17:00:00+00:00,48469.9,48556.4,48454.9,48530.4,24666
2026-04-09 18:00:00+00:00,48530.9,48537.4,48387.9,48409.9,37392
2026-04-09 19:00:00+00:00,48410.4,48489.4,48397.4,48411.9,23299
2026-04-09 20:00:00+00:00,48413.1,48430.6,48385.1,48413.1,5171
2026-04-09 22:00:00+00:00,48394.0,48419.0,48364.0,48377.6,3531
2026-04-09 23:00:00+00:00,48378.1,48397.1,48362.6,48378.6,1699
2026-04-10 00:00:00+00:00,48379.1,48405.6,48356.1,48399.1,4520
2026-04-10 01:00:00+00:00,48398.1,48423.1,48375.1,48395.1,4234
2026-04-10 02:00:00+00:00,48395.6,48398.1,48353.6,48362.1,2646
2026-04-10 03:00:00+00:00,48362.6,48387.6,48353.1,48379.1,2077
2026-04-10 04:00:00+00:00,48378.6,48382.1,48356.1,48358.6,1472
2026-04-10 05:00:00+00:00,48359.1,48379.1,48357.6,48364.6,1962
2026-04-10 06:00:00+00:00,48362.8,48366.3,48324.3,48337.8,3457
2026-04-10 07:00:00+00:00,48339.8,48392.8,48325.8,48381.3,5416
2026-04-10 08:00:00+00:00,48381.8,48387.3,48284.8,48292.3,5350
2026-04-10 09:00:00+00:00,48292.8,48415.3,48292.3,48379.3,10608
2026-04-10 10:00:00+00:00,48378.8,48405.8,48341.3,48388.3,4947
2026-04-10 11:00:00+00:00,48388.8,48426.8,48373.3,48389.8,4732
2026-04-10 12:00:00+00:00,48390.3,48513.8,48381.8,48414.8,8901
2026-04-10 13:00:00+00:00,48415.3,48454.4,48156.4,48253.8,38919
2026-04-10 14:00:00+00:00,48247.8,48347.9,48204.4,48263.9,39840
2026-04-10 15:00:00+00:00,48264.9,48296.4,48147.4,48159.4,32987
2026-04-10 16:00:00+00:00,48159.9,48184.4,48074.4,48125.9,24930
2026-04-10 17:00:00+00:00,48126.4,48158.4,48077.4,48154.4,18769
2026-04-10 18:00:00+00:00,48153.9,48179.4,48116.4,48144.9,15529
2026-04-10 19:00:00+00:00,48145.4,48162.4,48075.4,48131.4,16790
2026-04-10 20:00:00+00:00,48132.6,48165.6,48097.1,48162.1,2855
2026-04-12 22:00:00+00:00,47668.5,47724.0,47537.6,47617.1,7761
2026-04-12 23:00:00+00:00,47616.6,47639.6,47573.6,47637.6,3619
2026-04-13 00:00:00+00:00,47638.6,47730.1,47601.6,47729.1,7737
2026-04-13 01:00:00+00:00,47728.6,47776.1,47728.1,47755.6,6311
2026-04-13 02:00:00+00:00,47756.1,47763.6,47728.6,47760.6,2687
2026-04-13 03:00:00+00:00,47761.6,47767.1,47734.6,47736.6,1908
2026-04-13 04:00:00+00:00,47736.1,47817.6,47726.1,47799.1,2240
2026-04-13 05:00:00+00:00,47798.6,47841.1,47789.1,47829.6,2903
2026-04-13 06:00:00+00:00,47828.8,47888.3,47828.3,47863.8,4961
2026-04-13 07:00:00+00:00,47864.3,47906.3,47858.3,47874.3,6200
2026-04-13 08:00:00+00:00,47873.8,47936.3,47853.3,47890.8,7238
2026-04-13 09:00:00+00:00,47891.3,47934.8,47865.3,47874.8,4635
2026-04-13 10:00:00+00:00,47875.3,47919.3,47866.8,47917.3,4216
2026-04-13 11:00:00+00:00,47916.8,47989.8,47616.8,47634.8,11579
2026-04-13 12:00:00+00:00,47635.3,47695.8,47617.8,47693.8,9635
2026-04-13 13:00:00+00:00,47694.3,47955.4,47686.8,47946.8,47935
2026-04-13 14:00:00+00:00,47948.3,47991.9,47829.4,47942.4,44451
2026-04-13 15:00:00+00:00,47942.9,47944.4,47828.9,47888.4,26179
2026-04-13 16:00:00+00:00,47887.9,48192.9,47872.4,48135.4,38429
2026-04-13 17:00:00+00:00,48134.9,48193.4,48129.4,48143.4,14298
2026-04-13 18:00:00+00:00,48143.9,48256.4,48143.9,48232.4,11417
2026-04-13 19:00:00+00:00,48231.9,48441.4,48228.9,48421.4,17476
2026-04-13 20:00:00+00:00,48422.6,48460.1,48409.1,48449.6,4338
2026-04-13 22:00:00+00:00,48440.0,48457.0,48427.0,48441.1,794
2026-04-13 23:00:00+00:00,48441.6,48460.6,48420.6,48425.1,1522
2026-04-14 00:00:00+00:00,48424.6,48449.6,48396.6,48436.6,3462
2026-04-14 01:00:00+00:00,48437.1,48453.1,48418.6,48435.1,2333
2026-04-14 02:00:00+00:00,48435.6,48457.6,48429.6,48434.6,1115
2026-04-14 03:00:00+00:00,48435.1,48435.1,48413.1,48427.6,1494
2026-04-14 04:00:00+00:00,48428.1,48433.1,48417.6,48421.1,940
2026-04-14 05:00:00+00:00,48420.1,48422.6,48397.1,48406.1,1128
2026-04-14 06:00:00+00:00,48405.3,48444.3,48393.8,48429.3,2393
2026-04-14 07:00:00+00:00,48428.8,48503.8,48418.8,48479.8,8854
2026-04-14 08:00:00+00:00,48479.3,48523.3,48465.3,48518.3,5549
2026-04-14 09:00:00+00:00,48518.8,48535.8,48439.3,48450.3,3859
2026-04-14 10:00:00+00:00,48450.8,48492.8,48345.3,48383.8,6687
2026-04-14 11:00:00+00:00,48383.3,48491.3,48375.8,48454.8,5825
2026-04-14 12:00:00+00:00,48455.3,48506.8,48428.3,48471.3,8826
2026-04-14 13:00:00+00:00,48470.8,48653.4,48390.4,48588.4,44074
2026-04-14 14:00:00+00:00,48587.9,48707.9,48580.4,48702.4,33660
2026-04-14 15:00:00+00:00,48701.9,48771.8,48638.4,48745.4,23334
2026-04-14 16:00:00+00:00,48745.9,48747.4,48659.9,48670.4,14309
2026-04-14 17:00:00+00:00,48670.9,48752.9,48670.4,48720.4,12089
2026-04-14 18:00:00+00:00,48720.9,48756.4,48643.9,48707.4,18657
2026-04-14 19:00:00+00:00,48705.9,48808.4,48701.4,48761.4,17753
2026-04-14 20:00:00+00:00,48763.6,48795.1,48744.1,48788.1,3863
2026-04-14 22:00:00+00:00,48740.5,48767.6,48724.6,48751.1,1745
2026-04-14 23:00:00+00:00,48750.6,48795.6,48748.6,48760.1,2219
2026-04-15 00:00:00+00:00,48758.6,48771.1,48749.1,48770.1,3074
2026-04-15 01:00:00+00:00,48769.1,48787.6,48758.1,48770.1,2241
2026-04-15 02:00:00+00:00,48769.6,48770.1,48726.6,48742.6,1481
2026-04-15 03:00:00+00:00,48742.1,48776.6,48738.1,48768.1,1126
2026-04-15 04:00:00+00:00,48768.6,48771.6,48747.1,48749.1,978
2026-04-15 05:00:00+00:00,48749.6,48799.1,48709.1,48739.6,4299
2026-04-15 06:00:00+00:00,48738.8,48791.8,48738.3,48765.8,2577
2026-04-15 07:00:00+00:00,48766.3,48767.8,48715.3,48739.8,3549
2026-04-15 08:00:00+00:00,48739.3,48757.3,48709.8,48741.3,3358
2026-04-15 09:00:00+00:00,48741.8,48755.8,48678.3,48716.8,5416
2026-04-15 10:00:00+00:00,48717.3,48755.3,48666.8,48717.8,7403
2026-04-15 11:00:00+00:00,48718.3,48837.3,48703.3,48769.3,6882
2026-04-15 12:00:00+00:00,48769.8,48814.8,48723.8,48806.3,6732
2026-04-15 13:00:00+00:00,48806.8,48911.4,48610.4,48668.8,37827
2026-04-15 14:00:00+00:00,48669.8,48670.8,48533.4,48541.4,31341
2026-04-15 15:00:00+00:00,48542.9,48609.4,48503.9,48510.4,20643
2026-04-15 16:00:00+00:00,48509.9,48545.9,48483.4,48533.4,19230
2026-04-15 17:00:00+00:00,48532.9,48606.4,48532.4,48586.4,11214
2026-04-15 18:00:00+00:00,48587.4,48684.9,48572.4,48679.9,16231
2026-04-15 19:00:00+00:00,48679.4,48706.9,48627.4,48667.4,15459
2026-04-15 20:00:00+00:00,48669.6,48721.6,48629.6,48705.1,2964
2026-04-15 22:00:00+00:00,48689.0,48736.6,48680.0,48728.6,1597
2026-04-15 23:00:00+00:00,48728.1,48745.1,48716.6,48739.1,923
2026-04-16 00:00:00+00:00,48739.6,48777.1,48728.1,48764.1,2396
2026-04-16 01:00:00+00:00,48763.6,48773.1,48736.0,48742.1,1916
2026-04-16 02:00:00+00:00,48743.1,48757.1,48731.6,48737.1,1302
2026-04-16 03:00:00+00:00,48736.1,48754.6,48714.1,48714.1,1254
2026-04-16 04:00:00+00:00,48713.6,48727.6,48706.6,48717.6,864
2026-04-16 05:00:00+00:00,48718.1,48731.1,48702.6,48723.1,1649
2026-04-16 06:00:00+00:00,48722.3,48743.3,48717.8,48733.8,2084
2026-04-16 07:00:00+00:00,48734.8,48737.8,48686.3,48695.8,3127
2026-04-16 08:00:00+00:00,48698.3,48704.8,48660.8,48685.8,4229
2026-04-16 09:00:00+00:00,48686.3,48696.8,48665.8,48682.8,2198
2026-04-16 10:00:00+00:00,48683.3,48726.3,48682.8,48703.3,2993
2026-04-16 11:00:00+00:00,48704.3,48758.8,48650.8,48753.3,3756
2026-04-16 12:00:00+00:00,48753.8,48802.3,48743.8,48786.8,3702
2026-04-16 13:00:00+00:00,48787.3,48872.4,48596.9,48651.9,36250
2026-04-16 14:00:00+00:00,48652.4,48661.4,48530.4,48622.4,39288
2026-04-16 15:00:00+00:00,48624.9,48773.4,48618.4,48756.4,28713
2026-04-16 16:00:00+00:00,48756.9,48788.4,48669.4,48678.9,21404
2026-04-16 17:00:00+00:00,48679.4,48736.4,48636.4,48708.9,20092
2026-04-16 18:00:00+00:00,48708.4,48776.9,48698.4,48738.4,18631
2026-04-16 19:00:00+00:00,48738.9,48807.4,48734.4,48765.9,13458
2026-04-16 20:00:00+00:00,48767.1,48836.1,48762.6,48829.1,2129
2026-04-16 22:00:00+00:00,48816.0,48853.6,48812.5,48850.6,884
2026-04-16 23:00:00+00:00,48850.1,48871.6,48846.1,48854.6,809
2026-04-17 00:00:00+00:00,48855.1,48855.1,48821.6,48844.6,2727
2026-04-17 01:00:00+00:00,48843.6,48854.1,48834.1,48849.6,1929
2026-04-17 02:00:00+00:00,48848.6,48851.6,48822.1,48834.1,1136
2026-04-17 03:00:00+00:00,48834.6,48837.1,48821.1,48828.6,798
2026-04-17 04:00:00+00:00,48829.1,48860.6,48825.6,48848.1,1040
2026-04-17 05:00:00+00:00,48847.6,48885.6,48825.1,48882.1,1631
2026-04-17 06:00:00+00:00,48881.3,48895.8,48846.8,48870.3,2439
2026-04-17 07:00:00+00:00,48872.3,48923.3,48871.8,48915.3,3328
2026-04-17 08:00:00+00:00,48914.8,48934.8,48899.3,48931.8,3122
2026-04-17 09:00:00+00:00,48931.3,48951.3,48912.8,48941.8,2924
2026-04-17 10:00:00+00:00,48942.3,48943.8,48915.8,48941.8,2730
2026-04-17 11:00:00+00:00,48941.3,49018.3,48938.8,49012.3,2788
2026-04-17 12:00:00+00:00,49013.3,49338.3,49000.8,49331.3,22028
2026-04-17 13:00:00+00:00,49331.8,49545.9,49243.9,49516.9,70837
2026-04-17 14:00:00+00:00,49517.4,49851.4,49493.4,49761.9,43932
2026-04-17 15:00:00+00:00,49762.4,49875.4,49704.4,49858.4,37098
2026-04-17 16:00:00+00:00,49857.4,49925.4,49822.9,49902.4,16333
2026-04-17 17:00:00+00:00,49901.9,49913.4,49662.4,49741.9,31652
2026-04-17 18:00:00+00:00,49742.4,49754.9,49637.4,49655.4,22057
2026-04-17 19:00:00+00:00,49655.9,49695.9,49606.9,49639.9,19403
2026-04-17 20:00:00+00:00,49640.6,49677.1,49629.6,49650.1,2476
2026-04-19 22:00:00+00:00,49118.5,49267.1,49112.0,49220.6,6665
2026-04-19 23:00:00+00:00,49221.1,49237.1,49147.6,49172.6,3256
2026-04-20 00:00:00+00:00,49173.1,49232.6,49143.6,49211.6,7645
2026-04-20 01:00:00+00:00,49212.1,49311.1,49212.1,49301.6,4088
2026-04-20 02:00:00+00:00,49302.1,49306.6,49280.6,49300.6,2114
2026-04-20 03:00:00+00:00,49300.1,49314.6,49272.6,49274.6,1787
2026-04-20 04:00:00+00:00,49274.1,49312.6,49266.6,49304.1,1710
2026-04-20 05:00:00+00:00,49305.1,49307.6,49247.1,49279.6,3548
2026-04-20 06:00:00+00:00,49277.8,49350.3,49270.8,49324.3,6123
2026-04-20 07:00:00+00:00,49339.8,49374.3,49247.3,49279.8,11456
2026-04-20 08:00:00+00:00,49281.3,49377.3,49248.8,49370.8,8010
2026-04-20 09:00:00+00:00,49371.3,49399.8,49339.8,49366.8,4515
2026-04-20 10:00:00+00:00,49367.8,49436.8,49359.3,49361.3,4045
2026-04-20 11:00:00+00:00,49360.8,49409.8,49320.8,49405.3,6832
2026-04-20 12:00:00+00:00,49405.8,49469.8,49383.3,49445.3,7920
2026-04-20 13:00:00+00:00,49445.8,49686.9,49426.3,49648.4,41708
2026-04-20 14:00:00+00:00,49648.9,49673.9,49435.9,49516.4,46645
2026-04-20 15:00:00+00:00,49516.9,49626.4,49487.4,49604.9,38996
2026-04-20 16:00:00+00:00,49605.4,49608.4,49516.4,49577.4,16628
2026-04-20 17:00:00+00:00,49576.9,49629.9,49538.4,49550.4,14746
2026-04-20 18:00:00+00:00,49550.9,49630.9,49523.9,49589.4,12450
2026-04-20 19:00:00+00:00,49589.9,49644.4,49566.4,49641.4,11806
2026-04-20 20:00:00+00:00,49643.6,49734.6,49626.1,49695.1,4644
2026-04-20 22:00:00+00:00,49686.5,49741.1,49682.5,49726.6,1485
2026-04-20 23:00:00+00:00,49726.1,49729.1,49702.6,49709.6,584
2026-04-21 00:00:00+00:00,49710.1,49719.6,49659.6,49718.1,4220
2026-04-21 01:00:00+00:00,49718.6,49752.6,49696.1,49728.1,2735
2026-04-21 02:00:00+00:00,49728.6,49753.1,49722.1,49729.6,1421
2026-04-21 03:00:00+00:00,49730.1,49733.1,49679.1,49699.6,1601
2026-04-21 04:00:00+00:00,49700.1,49730.1,49700.1,49722.6,980
2026-04-21 05:00:00+00:00,49722.1,49772.1,49721.6,49728.1,1760
2026-04-21 06:00:00+00:00,49727.3,49742.3,49713.8,49721.8,2644
2026-04-21 07:00:00+00:00,49722.3,49750.3,49669.3,49709.3,5573
2026-04-21 08:00:00+00:00,49708.8,49759.3,49682.3,49742.3,5524
2026-04-21 09:00:00+00:00,49742.8,49920.8,49713.8,49918.3,5079
2026-04-21 10:00:00+00:00,49919.3,49959.8,49882.3,49938.8,4674
2026-04-21 11:00:00+00:00,49937.8,49984.3,49880.8,49921.8,6779
2026-04-21 12:00:00+00:00,49922.3,49950.3,49844.8,49877.8,11421
2026-04-21 13:00:00+00:00,49878.3,50045.4,49826.9,49977.4,36973
2026-04-21 14:00:00+00:00,49976.8,50017.9,49621.4,49629.4,44903
2026-04-21 15:00:00+00:00,49629.9,49661.4,49492.4,49555.4,60021
2026-04-21 16:00:00+00:00,49555.9,49635.9,49482.4,49483.4,28405
2026-04-21 17:00:00+00:00,49484.4,49615.8,49348.4,49489.4,48970
2026-04-21 18:00:00+00:00,49488.9,49530.9,49382.4,49467.4,34133
2026-04-21 19:00:00+00:00,49467.9,49570.4,49230.4,49339.4,57878
2026-04-21 20:00:00+00:00,49341.6,49606.5,49296.1,49491.1,16919
2026-04-21 22:00:00+00:00,49506.0,49545.1,49497.1,49507.6,2157
2026-04-21 23:00:00+00:00,49507.1,49546.6,49493.6,49545.1,1444
2026-04-22 00:00:00+00:00,49545.6,49588.1,49545.6,49553.6,3993
2026-04-22 01:00:00+00:00,49554.1,49595.1,49552.1,49578.1,3125
2026-04-22 02:00:00+00:00,49578.6,49596.6,49573.6,49577.1,1709
2026-04-22 03:00:00+00:00,49577.6,49590.1,49547.1,49554.1,1456
2026-04-22 04:00:00+00:00,49555.1,49569.6,49527.6,49529.6,1657
2026-04-22 05:00:00+00:00,49529.1,49650.6,49525.1,49605.1,5328
2026-04-22 06:00:00+00:00,49604.8,49627.8,49559.3,49615.3,3717
2026-04-22 07:00:00+00:00,49616.8,49647.3,49588.3,49612.3,6051
2026-04-22 08:00:00+00:00,49611.3,49622.8,49500.8,49566.3,6845
2026-04-22 09:00:00+00:00,49566.8,49615.8,49533.3,49562.3,6552
2026-04-22 10:00:00+00:00,49562.8,49607.3,49527.3,49589.3,5925
2026-04-22 11:00:00+00:00,49588.3,49649.8,49562.3,49643.8,5649
2026-04-22 12:00:00+00:00,49644.3,49733.3,49611.3,49614.3,9123
2026-04-22 13:00:00+00:00,49613.8,49782.9,49600.8,49776.9,44352
2026-04-22 14:00:00+00:00,49776.4,49810.4,49664.4,49726.4,40806
2026-04-22 15:00:00+00:00,49726.9,49744.9,49625.4,49664.4,27607
2026-04-22 16:00:00+00:00,49665.4,49693.4,49574.9,49585.4,17730
2026-04-22 17:00:00+00:00,49585.9,49680.4,49577.4,49587.9,16353
2026-04-22 18:00:00+00:00,49587.4,49597.4,49516.4,49549.4,10620
2026-04-22 19:00:00+00:00,49548.4,49681.9,49522.4,49665.4,15922
2026-04-22 20:00:00+00:00,49668.1,49674.6,49421.5,49494.1,8720
2026-04-22 22:00:00+00:00,49493.5,49535.6,49473.5,49486.6,1637
2026-04-22 23:00:00+00:00,49486.1,49503.6,49479.1,49495.6,907
2026-04-23 00:00:00+00:00,49495.1,49495.1,49132.1,49460.6,21123
2026-04-23 01:00:00+00:00,49460.1,49461.1,49368.1,49378.6,7088
2026-04-23 02:00:00+00:00,49379.1,49393.6,49329.6,49338.6,8108
2026-04-23 03:00:00+00:00,49339.1,49367.1,49286.6,49320.6,6306
2026-04-23 04:00:00+00:00,49321.1,49363.6,49300.6,49357.6,3177
2026-04-23 05:00:00+00:00,49358.1,49375.1,49323.6,49368.6,3849
2026-04-23 06:00:00+00:00,49367.8,49406.3,49365.8,49391.3,3899
2026-04-23 07:00:00+00:00,49391.8,49447.3,49375.8,49421.3,6915
2026-04-23 08:00:00+00:00,49420.8,49456.3,49356.3,49370.3,7397
2026-04-23 09:00:00+00:00,49369.8,49415.3,49331.3,49372.3,7486
2026-04-23 10:00:00+00:00,49371.8,49371.8,49254.8,49357.3,7569
2026-04-23 11:00:00+00:00,49357.8,49450.3,49293.8,49444.8,10745
2026-04-23 12:00:00+00:00,49444.3,49543.3,49334.3,49413.3,12703
2026-04-23 13:00:00+00:00,49413.8,49544.9,49360.3,49489.4,30276
2026-04-23 14:00:00+00:00,49488.9,49704.4,49426.4,49674.9,35465
2026-04-23 15:00:00+00:00,49674.4,49691.4,49549.4,49598.9,24205
2026-04-23 16:00:00+00:00,49598.4,49608.4,49549.4,49585.9,16961
2026-04-23 17:00:00+00:00,49586.9,49597.9,49037.9,49342.4,87742
2026-04-23 18:00:00+00:00,49341.9,49528.4,49315.8,49418.9,47464
2026-04-23 19:00:00+00:00,49418.4,49519.4,49362.9,49484.9,34532
2026-04-23 20:00:00+00:00,49487.1,49488.1,49360.6,49388.1,6233
2026-04-23 22:00:00+00:00,49434.0,49454.6,49409.5,49439.5,2580
2026-04-23 23:00:00+00:00,49438.5,49469.6,49423.1,49467.1,1236
2026-04-24 00:00:00+00:00,49467.6,49497.1,49436.1,49446.6,5495
2026-04-24 01:00:00+00:00,49447.1,49452.1,49397.6,49426.1,5570
2026-04-24 02:00:00+00:00,49425.6,49428.6,49328.1,49336.1,4488
2026-04-24 03:00:00+00:00,49335.6,49369.1,49323.1,49348.6,4519
2026-04-24 04:00:00+00:00,49348.1,49391.6,49338.6,49383.1,3059
2026-04-24 05:00:00+00:00,49384.1,49430.6,49359.6,49425.1,2914
2026-04-24 06:00:00+00:00,49424.3,49435.3,49387.8,49407.8,4046
2026-04-24 07:00:00+00:00,49407.3,49452.3,49389.8,49429.3,5415
2026-04-24 08:00:00+00:00,49428.8,49438.3,49292.8,49306.8,9918
2026-04-24 09:00:00+00:00,49307.3,49345.3,49254.3,49321.3,7385
2026-04-24 10:00:00+00:00,49321.8,49365.3,49318.8,49343.8,5039
2026-04-24 11:00:00+00:00,49342.8,49600.3,49341.3,49476.3,23038
2026-04-24 12:00:00+00:00,49477.3,49508.8,49332.8,49390.3,13893
2026-04-24 13:00:00+00:00,49390.8,49516.9,49255.9,49316.8,47710
2026-04-24 14:00:00+00:00,49316.8,49376.9,49244.4,49306.4,50152
2026-04-24 15:00:00+00:00,49306.9,49467.4,49266.4,49411.9,38032
2026-04-24 16:00:00+00:00,49412.4,49430.4,49292.4,49344.4,20156
2026-04-24 17:00:00+00:00,49343.9,49416.4,49298.4,49352.4,15619
2026-04-24 18:00:00+00:00,49351.9,49373.4,49326.4,49368.9,11529
2026-04-24 19:00:00+00:00,49369.4,49422.9,49327.4,49389.4,15518
2026-04-24 20:00:00+00:00,49391.6,49415.6,49370.0,49380.6,2056
2026-04-26 22:00:00+00:00,49314.0,49329.0,49233.5,49308.1,2977
2026-04-26 23:00:00+00:00,49307.6,49312.1,49249.6,49283.1,1710
2026-04-27 00:00:00+00:00,49282.6,49317.0,49252.6,49299.6,5553
2026-04-27 01:00:00+00:00,49300.1,49387.6,49288.6,49380.1,7677
2026-04-27 02:00:00+00:00,49379.6,49385.1,49345.1,49349.1,2759
2026-04-27 03:00:00+00:00,49348.6,49377.6,49341.1,49349.1,2396
2026-04-27 04:00:00+00:00,49348.6,49358.1,49321.1,49327.1,1798
2026-04-27 05:00:00+00:00,49327.6,49330.6,49274.1,49284.1,3673
2026-04-27 06:00:00+00:00,49283.3,49320.8,49269.8,49301.3,5026
2026-04-27 07:00:00+00:00,49300.8,49328.3,49288.8,49309.3,5132
2026-04-27 08:00:00+00:00,49308.8,49340.3,49279.3,49335.3,5513
2026-04-27 09:00:00+00:00,49335.8,49352.3,49309.8,49313.8,2604
2026-04-27 10:00:00+00:00,49314.3,49358.8,49300.8,49346.8,2749
2026-04-27 11:00:00+00:00,49346.3,49359.8,49324.8,49343.8,2975
2026-04-27 12:00:00+00:00,49344.8,49364.3,49304.8,49318.3,6464
2026-04-27 13:00:00+00:00,49317.8,49524.4,49265.3,49406.9,45734
2026-04-27 14:00:00+00:00,49407.4,49421.4,49302.4,49302.4,32760
2026-04-27 15:00:00+00:00,49302.9,49308.4,49191.4,49285.9,18666
2026-04-27 16:00:00+00:00,49285.4,49351.4,49270.4,49326.4,8941
2026-04-27 17:00:00+00:00,49326.9,49362.9,49286.4,49300.4,9442
2026-04-27 18:00:00+00:00,49301.4,49368.9,49289.4,49349.4,6947
2026-04-27 19:00:00+00:00,49349.9,49390.9,49336.9,49347.9,10188
2026-04-27 20:00:00+00:00,49350.6,49356.1,49327.6,49349.1,1489
2026-04-27 22:00:00+00:00,49356.0,49432.1,49352.0,49405.1,2318
2026-04-27 23:00:00+00:00,49405.6,49416.1,49395.1,49399.6,1089
2026-04-28 00:00:00+00:00,49401.6,49442.1,49381.1,49382.1,5970
2026-04-28 01:00:00+00:00,49382.6,49431.6,49375.1,49388.1,4698
2026-04-28 02:00:00+00:00,49389.1,49405.6,49378.6,49389.1,3072
2026-04-28 03:00:00+00:00,49388.6,49417.6,49381.6,49401.6,2256
2026-04-28 04:00:00+00:00,49402.1,49414.1,49386.1,49403.1,1878
2026-04-28 05:00:00+00:00,49403.6,49407.1,49342.5,49354.1,4020
2026-04-28 06:00:00+00:00,49352.3,49384.3,49336.3,49349.8,4712
2026-04-28 07:00:00+00:00,49349.3,49399.3,49320.8,49393.3,7076
2026-04-28 08:00:00+00:00,49392.8,49453.8,49322.8,49429.8,8644
2026-04-28 09:00:00+00:00,49428.8,49514.8,49408.8,49482.8,6997
2026-04-28 10:00:00+00:00,49483.3,49507.8,49446.8,49462.8,4875
2026-04-28 11:00:00+00:00,49462.3,49550.8,49409.3,49447.8,14128
2026-04-28 12:00:00+00:00,49448.3,49505.3,49362.8,49502.8,18054
2026-04-28 13:00:00+00:00,49502.3,49548.9,49365.3,49366.3,49853
2026-04-28 14:00:00+00:00,49366.8,49387.4,49241.3,49347.9,52216
2026-04-28 15:00:00+00:00,49347.4,49414.9,49341.4,49403.9,30706
2026-04-28 16:00:00+00:00,49403.4,49446.4,49324.4,49350.9,17121
2026-04-28 17:00:00+00:00,49351.4,49376.9,49304.9,49335.4,13812
2026-04-28 18:00:00+00:00,49335.9,49349.9,49244.9,49279.4,11799
2026-04-28 19:00:00+00:00,49279.9,49321.4,49232.9,49297.4,13843
2026-04-28 20:00:00+00:00,49298.6,49363.1,49277.1,49356.1,3247
2026-04-28 22:00:00+00:00,49362.5,49386.1,49344.0,49371.1,1294
2026-04-28 23:00:00+00:00,49370.6,49385.1,49359.6,49383.6,437
2026-04-29 00:00:00+00:00,49384.1,49421.1,49384.1,49406.1,2288
2026-04-29 01:00:00+00:00,49406.6,49408.6,49344.1,49377.6,6231
2026-04-29 02:00:00+00:00,49378.1,49414.1,49378.1,49388.1,2275
2026-04-29 03:00:00+00:00,49388.6,49407.1,49374.1,49384.6,1280
2026-04-29 04:00:00+00:00,49384.1,49394.6,49381.1,49383.6,1089
2026-04-29 05:00:00+00:00,49384.6,49401.1,49372.1,49393.1,1329
2026-04-29 06:00:00+00:00,49391.3,49406.3,49368.8,49370.8,2575
2026-04-29 07:00:00+00:00,49370.3,49388.3,49319.8,49347.3,6019
2026-04-29 08:00:00+00:00,49352.3,49384.3,49274.8,49306.8,10260
2026-04-29 09:00:00+00:00,49307.3,49332.3,49249.8,49262.8,7100
2026-04-29 10:00:00+00:00,49263.3,49350.3,49248.8,49319.8,5157
2026-04-29 11:00:00+00:00,49319.3,49337.3,49273.3,49295.3,6447
2026-04-29 12:00:00+00:00,49295.8,49304.3,49203.8,49284.8,9083
2026-04-29 13:00:00+00:00,49285.3,49322.3,48996.4,49063.4,43897
2026-04-29 14:00:00+00:00,49062.9,49172.4,49031.4,49038.4,31893
2026-04-29 15:00:00+00:00,49038.9,49053.4,48880.9,48931.4,29576
2026-04-29 16:00:00+00:00,48931.9,49004.4,48919.4,48982.9,22049
2026-04-29 17:00:00+00:00,48982.4,49001.9,48934.4,48989.8,17642
2026-04-29 18:00:00+00:00,48990.8,48990.8,48847.9,48979.9,38203
2026-04-29 19:00:00+00:00,48980.4,49033.4,48933.4,49020.9,26892
2026-04-29 20:00:00+00:00,49024.1,49134.5,48792.6,48801.5,21097
2026-04-29 22:00:00+00:00,48816.6,48950.1,48778.5,48848.6,4007
2026-04-29 23:00:00+00:00,48849.1,48865.6,48832.1,48854.6,2555
2026-04-30 00:00:00+00:00,48855.1,48886.6,48841.1,48875.6,5080
2026-04-30 01:00:00+00:00,48876.1,48911.6,48861.1,48909.6,3585
2026-04-30 02:00:00+00:00,48908.6,48909.6,48736.5,48829.6,9706
2026-04-30 03:00:00+00:00,48829.1,48848.6,48766.6,48768.1,4931
2026-04-30 04:00:00+00:00,48766.6,48773.6,48683.1,48685.1,6796
2026-04-30 05:00:00+00:00,48685.6,48764.6,48684.1,48692.6,5322
2026-04-30 06:00:00+00:00,48690.8,48746.3,48608.3,48724.8,10078
2026-04-30 07:00:00+00:00,48724.3,48779.8,48696.3,48751.3,10295
2026-04-30 08:00:00+00:00,48750.8,48842.8,48749.3,48819.3,8520
2026-04-30 09:00:00+00:00,48819.8,48943.3,48768.3,48897.8,10857
2026-04-30 10:00:00+00:00,48898.3,49390.3,48898.3,49311.8,13515
2026-04-30 11:00:00+00:00,49313.3,49396.3,49277.3,49286.3,9941
2026-04-30 12:00:00+00:00,49285.8,49410.3,49261.8,49315.3,8861
2026-04-30 13:00:00+00:00,49315.8,49420.9,49185.9,49405.4,42319
2026-04-30 14:00:00+00:00,49405.9,49645.4,49372.4,49596.9,44452
2026-04-30 15:00:00+00:00,49596.4,49752.4,49524.4,49745.4,26530
2026-04-30 16:00:00+00:00,49747.8,49766.4,49663.9,49687.4,13816
2026-04-30 17:00:00+00:00,49688.4,49767.4,49670.9,49741.9,13846
2026-04-30 18:00:00+00:00,49742.4,49890.4,49736.9,49841.4,11721
2026-04-30 19:00:00+00:00,49840.4,49916.4,49815.4,49817.9,18199
2026-04-30 20:00:00+00:00,49819.1,49936.6,49776.5,49911.1,6315
2026-04-30 22:00:00+00:00,49923.5,49947.6,49883.1,49897.1,2753
2026-04-30 23:00:00+00:00,49897.5,49928.1,49884.6,49907.6,1838
2026-05-01 00:00:00+00:00,49908.1,49945.1,49888.1,49925.1,3824
2026-05-01 01:00:00+00:00,49924.1,49952.1,49907.6,49940.1,2037
2026-05-01 02:00:00+00:00,49939.6,49941.6,49908.6,49918.1,980
2026-05-01 03:00:00+00:00,49918.6,49930.1,49897.1,49899.1,1127
2026-05-01 04:00:00+00:00,49899.6,49908.6,49885.1,49904.1,993
2026-05-01 05:00:00+00:00,49903.6,49918.1,49896.6,49909.6,950
2026-05-01 06:00:00+00:00,49908.8,49914.3,49869.8,49880.3,1617
2026-05-01 07:00:00+00:00,49879.8,49909.3,49868.8,49872.3,2271
2026-05-01 08:00:00+00:00,49872.8,49895.3,49861.8,49892.3,2109
2026-05-01 09:00:00+00:00,49891.8,49942.8,49869.8,49939.8,1703
2026-05-01 10:00:00+00:00,49938.8,49986.3,49926.3,49973.8,1823
2026-05-01 11:00:00+00:00,49974.3,49981.8,49945.8,49963.8,2525
2026-05-01 12:00:00+00:00,49964.3,50093.8,49953.3,49974.3,7820
2026-05-01 13:00:00+00:00,49973.8,50074.4,49868.9,50066.8,36798
2026-05-01 14:00:00+00:00,50067.8,50138.4,49907.9,49915.4,39372
2026-05-01 15:00:00+00:00,49915.9,49927.4,49787.8,49809.4,23709
2026-05-01 16:00:00+00:00,49809.9,49823.9,49706.9,49738.9,19881
2026-05-01 17:00:00+00:00,49739.4,49845.4,49735.9,49810.4,10610
2026-05-01 18:00:00+00:00,49810.9,49824.4,49683.4,49702.4,13929
2026-05-01 19:00:00+00:00,49702.9,49766.9,49635.4,49642.4,13506
2026-05-01 20:00:00+00:00,49643.6,49661.6,49614.1,49615.1,1940
2026-05-03 22:00:00+00:00,49777.0,49782.5,49711.5,49731.6,2861
2026-05-03 23:00:00+00:00,49731.1,49742.6,49678.6,49702.6,2236
2026-05-04 00:00:00+00:00,49702.1,49709.1,49634.1,49676.6,6180
2026-05-04 01:00:00+00:00,49677.1,49681.6,49615.1,49625.1,5370
2026-05-04 02:00:00+00:00,49625.6,49630.1,49580.1,49593.1,3932
2026-05-04 03:00:00+00:00,49592.6,49613.1,49575.1,49603.6,2323
2026-05-04 04:00:00+00:00,49604.1,49621.6,49590.6,49604.1,1403
2026-05-04 05:00:00+00:00,49603.6,49653.6,49600.1,49636.6,2557
2026-05-04 06:00:00+00:00,49635.8,49650.3,49567.3,49583.8,4875
2026-05-04 07:00:00+00:00,49584.3,49642.3,49564.8,49584.8,5964
2026-05-04 08:00:00+00:00,49584.3,49586.3,49495.3,49539.3,7627
2026-05-04 09:00:00+00:00,49539.8,49568.3,49530.8,49553.3,3895
2026-05-04 10:00:00+00:00,49553.8,49566.3,49227.3,49443.3,29537
2026-05-04 11:00:00+00:00,49443.8,49487.3,49376.3,49447.3,13167
2026-05-04 12:00:00+00:00,49446.8,49531.8,49446.8,49484.3,10036
2026-05-04 13:00:00+00:00,49484.8,49515.3,49346.9,49440.9,44946
2026-05-04 14:00:00+00:00,49440.4,49563.4,49358.9,49428.4,34135
2026-05-04 15:00:00+00:00,49427.9,49448.4,49138.9,49195.4,56380
2026-05-04 16:00:00+00:00,49194.9,49207.4,49021.4,49074.9,42465
2026-05-04 17:00:00+00:00,49075.4,49231.9,49058.4,49156.4,23327
2026-05-04 18:00:00+00:00,49155.9,49212.4,49036.4,49060.4,15863
2026-05-04 19:00:00+00:00,49059.9,49110.9,49042.4,49087.4,19039
2026-05-04 20:00:00+00:00,49088.6,49089.1,49030.6,49080.6,2942
2026-05-04 22:00:00+00:00,49094.0,49125.1,49083.6,49095.6,1831
2026-05-04 23:00:00+00:00,49096.1,49105.1,49080.6,49094.6,1011
2026-05-05 00:00:00+00:00,49095.1,49136.1,49063.6,49098.6,3941
2026-05-05 01:00:00+00:00,49098.1,49112.6,49068.6,49098.6,3855
2026-05-05 02:00:00+00:00,49099.1,49136.1,49097.6,49109.6,2020
2026-05-05 03:00:00+00:00,49110.6,49135.6,49107.1,49129.6,930
2026-05-05 04:00:00+00:00,49129.1,49154.1,49123.6,49139.6,1151
2026-05-05 05:00:00+00:00,49138.6,49164.1,49124.6,49158.6,1734
2026-05-05 06:00:00+00:00,49156.8,49182.8,49105.3,49180.3,4609
2026-05-05 07:00:00+00:00,49180.8,49268.3,49174.3,49187.8,7378
2026-05-05 08:00:00+00:00,49188.3,49235.3,49185.3,49203.8,5657
2026-05-05 09:00:00+00:00,49204.8,49235.3,49169.8,49214.8,4203
2026-05-05 10:00:00+00:00,49215.3,49261.3,49193.3,49213.3,3499
2026-05-05 11:00:00+00:00,49213.8,49246.3,49144.8,49244.3,5583
2026-05-05 12:00:00+00:00,49243.3,49308.3,49227.8,49258.8,7462
2026-05-05 13:00:00+00:00,49259.3,49340.9,49122.9,49294.8,34728
2026-05-05 14:00:00+00:00,49296.3,49383.4,49235.4,49383.4,35033
2026-05-05 15:00:00+00:00,49383.9,49431.9,49286.4,49297.4,16766
2026-05-05 16:00:00+00:00,49297.9,49346.9,49296.9,49307.4,11146
2026-05-05 17:00:00+00:00,49307.9,49396.4,49295.4,49365.4,8256
2026-05-05 18:00:00+00:00,49365.9,49420.4,49353.4,49400.4,7194
2026-05-05 19:00:00+00:00,49400.9,49477.9,49387.4,49415.4,11324
2026-05-05 20:00:00+00:00,49417.6,49460.6,49355.6,49398.5,4400
2026-05-05 22:00:00+00:00,49398.0,49529.1,49355.1,49513.6,5531
2026-05-05 23:00:00+00:00,49513.1,49557.1,49486.6,49496.6,4254
2026-05-06 00:00:00+00:00,49496.1,49529.1,49487.6,49510.1,5635
2026-05-06 01:00:00+00:00,49509.6,49574.6,49509.6,49558.6,3708
2026-05-06 02:00:00+00:00,49559.1,49560.1,49510.1,49513.1,2422
2026-05-06 03:00:00+00:00,49513.6,49547.6,49511.1,49528.1,1838
2026-05-06 04:00:00+00:00,49528.6,49549.1,49509.6,49512.6,2463
2026-05-06 05:00:00+00:00,49512.1,49513.6,49476.6,49506.6,2016
2026-05-06 06:00:00+00:00,49505.8,49532.3,49462.3,49495.3,4134
2026-05-06 07:00:00+00:00,49495.8,49545.8,49481.8,49542.8,5883
2026-05-06 08:00:00+00:00,49543.3,49783.3,49506.3,49718.8,14589
2026-05-06 09:00:00+00:00,49719.3,49830.8,49654.3,49826.8,15116
2026-05-06 10:00:00+00:00,49827.3,50014.3,49825.3,49983.3,13386
2026-05-06 11:00:00+00:00,49982.8,50064.3,49891.3,49919.8,14774
2026-05-06 12:00:00+00:00,49920.3,49934.8,49735.8,49833.8,15864
2026-05-06 13:00:00+00:00,49834.3,49995.4,49768.8,49954.4,54818
2026-05-06 14:00:00+00:00,49955.4,50076.9,49843.9,50071.4,46709
2026-05-06 15:00:00+00:00,50072.4,50093.4,49929.9,49962.4,23197
2026-05-06 16:00:00+00:00,49961.9,49964.4,49898.4,49916.4,15144
2026-05-06 17:00:00+00:00,49916.9,49968.9,49886.4,49968.4,11238
2026-05-06 18:00:00+00:00,49967.4,50058.4,49955.4,50022.4,11258
2026-05-06 19:00:00+00:00,50021.9,50135.9,50021.4,50027.9,17458
2026-05-06 20:00:00+00:00,50029.1,50054.1,49998.1,50029.5,4436
2026-05-06 22:00:00+00:00,50038.0,50058.1,49994.1,49998.6,1782
2026-05-06 23:00:00+00:00,49998.1,50013.6,49987.1,49998.1,1454
2026-05-07 00:00:00+00:00,49997.6,50070.1,49995.6,50067.1,4904
2026-05-07 01:00:00+00:00,50066.1,50105.1,50049.1,50095.1,3269
2026-05-07 02:00:00+00:00,50093.6,50106.1,50069.1,50095.1,2979
2026-05-07 03:00:00+00:00,50094.6,50109.6,50078.6,50097.6,1455
2026-05-07 04:00:00+00:00,50098.1,50119.6,50092.1,50114.1,1113
2026-05-07 05:00:00+00:00,50115.1,50127.1,50096.1,50096.1,1371
2026-05-07 06:00:00+00:00,50094.3,50197.8,50079.3,50149.3,3803
2026-05-07 07:00:00+00:00,50149.8,50219.3,50105.8,50143.8,11611
2026-05-07 08:00:00+00:00,50144.8,50173.3,50063.3,50075.3,8495
2026-05-07 09:00:00+00:00,50074.8,50080.8,50019.8,50035.8,5154
2026-05-07 10:00:00+00:00,50035.3,50069.3,50018.8,50048.8,4509
2026-05-07 11:00:00+00:00,50049.3,50145.8,50049.3,50090.3,5421
2026-05-07 12:00:00+00:00,50089.8,50176.8,50087.3,50144.8,5289
2026-05-07 13:00:00+00:00,50144.3,50239.4,49957.4,49992.4,49370
2026-05-07 14:00:00+00:00,49991.9,50030.4,49821.9,49993.4,35008
2026-05-07 15:00:00+00:00,49994.4,50013.4,49890.4,49919.4,27633
2026-05-07 16:00:00+00:00,49919.9,49925.4,49720.4,49732.9,32033
2026-05-07 17:00:00+00:00,49733.4,49809.4,49607.3,49701.4,45012
2026-05-07 18:00:00+00:00,49701.9,49775.4,49584.4,49684.4,32709
2026-05-07 19:00:00+00:00,49684.9,49733.4,49631.4,49703.4,28351
2026-05-07 20:00:00+00:00,49705.6,49833.6,49636.6,49644.5,9704
2026-05-07 22:00:00+00:00,49593.5,49697.0,49586.1,49646.5,3929
2026-05-07 23:00:00+00:00,49648.5,49723.1,49640.6,49722.6,1700
2026-05-08 00:00:00+00:00,49723.1,49774.6,49709.1,49738.1,5463
2026-05-08 01:00:00+00:00,49737.6,49778.1,49733.5,49744.6,4228
2026-05-08 02:00:00+00:00,49745.1,49787.6,49706.1,49763.1,4695
2026-05-08 03:00:00+00:00,49763.6,49789.1,49748.6,49768.6,2886
2026-05-08 04:00:00+00:00,49769.1,49772.6,49727.1,49756.1,2440
2026-05-08 05:00:00+00:00,49757.6,49775.1,49748.6,49761.1,2854
2026-05-08 06:00:00+00:00,49760.3,49809.8,49740.8,49792.3,4586
2026-05-08 07:00:00+00:00,49791.8,49794.3,49735.3,49784.3,7972
2026-05-08 08:00:00+00:00,49784.8,49820.3,49749.8,49809.3,6421
2026-05-08 09:00:00+00:00,49809.8,49874.8,49793.8,49823.8,4703
2026-05-08 10:00:00+00:00,49824.8,49865.3,49809.3,49848.3,4246
2026-05-08 11:00:00+00:00,49852.3,49872.8,49833.3,49855.8,3874
2026-05-08 12:00:00+00:00,49855.3,49959.3,49825.8,49856.3,10149
2026-05-08 13:00:00+00:00,49855.8,49950.4,49737.8,49795.8,47423
2026-05-08 14:00:00+00:00,49783.8,49855.9,49728.4,49768.4,35057
2026-05-08 15:00:00+00:00,49767.9,49783.4,49669.4,49750.4,21713
2026-05-08 16:00:00+00:00,49750.9,49788.9,49659.4,49660.4,14349
2026-05-08 17:00:00+00:00,49659.4,49735.9,49657.4,49710.9,12435
2026-05-08 18:00:00+00:00,49710.4,49763.8,49586.4,49618.4,12659
2026-05-08 19:00:00+00:00,49618.9,49710.9,49600.4,49705.4,15280
2026-05-08 20:00:00+00:00,49706.6,49725.1,49686.1,49707.6,1920
2026-05-10 22:00:00+00:00,49587.0,49604.5,49475.5,49589.6,3589
2026-05-10 23:00:00+00:00,49589.1,49602.6,49554.1,49557.6,2238
2026-05-11 00:00:00+00:00,49558.1,49578.1,49480.1,49529.6,7796
2026-05-11 01:00:00+00:00,49529.1,49574.6,49525.6,49566.1,6486
2026-05-11 02:00:00+00:00,49565.6,49587.1,49555.6,49565.1,2816
2026-05-11 03:00:00+00:00,49563.6,49619.1,49544.6,49593.6,2822
2026-05-11 04:00:00+00:00,49594.1,49601.6,49575.1,49586.1,1534
2026-05-11 05:00:00+00:00,49586.6,49614.1,49585.1,49603.1,2065
2026-05-11 06:00:00+00:00,49602.3,49640.8,49597.3,49637.8,3295
2026-05-11 07:00:00+00:00,49637.3,49653.8,49603.3,49630.8,4569
2026-05-11 08:00:00+00:00,49630.3,49708.8,49623.8,49673.3,5378
2026-05-11 09:00:00+00:00,49672.8,49710.3,49659.8,49669.8,3576
2026-05-11 10:00:00+00:00,49669.3,49701.3,49662.3,49670.3,3325
2026-05-11 11:00:00+00:00,49669.8,49669.8,49596.8,49614.8,4426
2026-05-11 12:00:00+00:00,49615.3,49700.3,49601.3,49626.3,7071
2026-05-11 13:00:00+00:00,49625.8,49807.4,49562.9,49806.4,55673
2026-05-11 14:00:00+00:00,49805.9,49814.4,49648.4,49739.4,46693
2026-05-11 15:00:00+00:00,49738.9,49783.4,49683.4,49709.4,23976
2026-05-11 16:00:00+00:00,49708.9,49755.4,49661.9,49684.4,19215
2026-05-11 17:00:00+00:00,49684.9,49839.4,49673.9,49835.4,13495
2026-05-11 18:00:00+00:00,49834.9,49871.4,49710.9,49714.4,13458
2026-05-11 19:00:00+00:00,49714.9,49806.9,49692.4,49806.4,19162
2026-05-11 20:00:00+00:00,49808.6,49830.6,49763.1,49814.6,4267
2026-05-11 22:00:00+00:00,49791.5,49844.6,49791.5,49823.1,926
2026-05-11 23:00:00+00:00,49824.0,49826.6,49796.1,49808.6,650
2026-05-12 00:00:00+00:00,49808.1,49809.6,49751.1,49762.1,3787
2026-05-12 01:00:00+00:00,49762.6,49784.1,49716.1,49779.6,7623
2026-05-12 02:00:00+00:00,49779.1,49817.1,49762.6,49787.6,4561
2026-05-12 03:00:00+00:00,49787.1,49801.6,49767.1,49772.6,2340
2026-05-12 04:00:00+00:00,49772.1,49796.6,49768.6,49770.1,2367
2026-05-12 05:00:00+00:00,49769.6,49798.1,49754.1,49782.6,3564
2026-05-12 06:00:00+00:00,49781.8,49787.8,49687.3,49693.8,4668
2026-05-12 07:00:00+00:00,49694.3,49787.3,49644.8,49772.8,7533
2026-05-12 08:00:00+00:00,49773.3,49807.3,49736.3,49747.3,8021
2026-05-12 09:00:00+00:00,49746.3,49786.8,49710.8,49731.3,6620
2026-05-12 10:00:00+00:00,49732.3,49769.8,49726.3,49769.8,3741
2026-05-12 11:00:00+00:00,49768.8,49798.3,49722.8,49764.3,7250
2026-05-12 12:00:00+00:00,49765.3,49833.8,49720.8,49822.3,10376
2026-05-12 13:00:00+00:00,49821.8,49831.8,49397.4,49505.4,58571
2026-05-12 14:00:00+00:00,49505.9,49589.9,49441.9,49527.4,54508
2026-05-12 15:00:00+00:00,49527.9,49656.9,49490.4,49619.4,39194
2026-05-12 16:00:00+00:00,49619.9,49733.9,49579.9,49731.4,26614
2026-05-12 17:00:00+00:00,49731.9,49826.9,49715.9,49811.4,25104
2026-05-12 18:00:00+00:00,49810.9,49877.4,49771.9,49869.9,20252
2026-05-12 19:00:00+00:00,49870.4,49924.4,49855.4,49876.4,21911
2026-05-12 20:00:00+00:00,49877.6,49880.1,49839.6,49869.1,4082
2026-05-12 22:00:00+00:00,49846.1,49890.6,49846.1,49870.6,1984
2026-05-12 23:00:00+00:00,49871.1,49871.6,49816.1,49818.6,2081
2026-05-13 00:00:00+00:00,49818.1,49866.1,49817.6,49843.1,7598
2026-05-13 01:00:00+00:00,49842.6,49885.1,49828.1,49856.1,5095
2026-05-13 02:00:00+00:00,49855.6,49855.6,49831.6,49843.1,2154
2026-05-13 03:00:00+00:00,49842.6,49879.1,49821.6,49870.1,2228
2026-05-13 04:00:00+00:00,49871.1,49876.6,49843.6,49871.6,1369
2026-05-13 05:00:00+00:00,49870.6,49896.6,49865.6,49884.6,1964
2026-05-13 06:00:00+00:00,49882.8,49885.8,49830.8,49848.8,2637
2026-05-13 07:00:00+00:00,49849.3,49885.3,49828.8,49860.3,4182
2026-05-13 08:00:00+00:00,49860.8,49877.8,49780.3,49801.3,4507
2026-05-13 09:00:00+00:00,49800.8,49808.3,49718.8,49766.3,4473
2026-05-13 10:00:00+00:00,49765.8,49790.3,49699.3,49726.8,5015
2026-05-13 11:00:00+00:00,49726.3,49758.3,49715.8,49732.8,4538
2026-05-13 12:00:00+00:00,49732.3,49747.3,49592.8,49620.3,11200
2026-05-13 13:00:00+00:00,49620.8,49738.8,49535.9,49634.4,54702
2026-05-13 14:00:00+00:00,49633.9,49769.4,49571.4,49586.4,46650
2026-05-13 15:00:00+00:00,49587.4,49663.4,49541.9,49636.4,24694
2026-05-13 16:00:00+00:00,49635.9,49735.9,49603.4,49690.4,19121
2026-05-13 17:00:00+00:00,49690.9,49762.4,49678.9,49754.4,14305
2026-05-13 18:00:00+00:00,49753.9,49817.9,49738.9,49794.4,16470
2026-05-13 19:00:00+00:00,49794.9,49842.4,49771.4,49793.9,16628
2026-05-13 20:00:00+00:00,49796.1,49914.1,49779.6,49901.1,3822
2026-05-13 22:00:00+00:00,49862.5,49926.6,49862.5,49907.1,1890
2026-05-13 23:00:00+00:00,49907.6,49915.1,49890.1,49903.6,1475
2026-05-14 00:00:00+00:00,49903.1,49932.1,49882.1,49915.1,4337
2026-05-14 01:00:00+00:00,49916.1,49917.6,49875.1,49881.1,3009
2026-05-14 02:00:00+00:00,49881.6,49917.1,49879.1,49907.6,2274
2026-05-14 03:00:00+00:00,49907.1,49925.6,49898.6,49906.1,2158
2026-05-14 04:00:00+00:00,49906.6,49927.6,49898.6,49910.1,1902
2026-05-14 05:00:00+00:00,49909.6,49965.1,49897.6,49929.1,4576
2026-05-14 06:00:00+00:00,49928.3,49985.8,49927.3,49962.8,4182
2026-05-14 07:00:00+00:00,49963.3,49983.8,49905.3,49909.8,5035
2026-05-14 08:00:00+00:00,49909.3,50034.8,49898.8,50015.8,6093
2026-05-14 09:00:00+00:00,50016.3,50053.3,49966.3,50044.8,4869
2026-05-14 10:00:00+00:00,50044.3,50153.3,50032.3,50137.3,6806
2026-05-14 11:00:00+00:00,50136.8,50194.8,50126.8,50161.3,5378
2026-05-14 12:00:00+00:00,50161.8,50243.3,50160.3,50242.3,6671
2026-05-14 13:00:00+00:00,50241.8,50267.8,49982.9,50059.4,55008
2026-05-14 14:00:00+00:00,50059.9,50173.4,49955.4,50147.4,46052
2026-05-14 15:00:00+00:00,50147.9,50271.9,50133.4,50268.4,24869
2026-05-14 16:00:00+00:00,50267.9,50293.4,50064.8,50100.4,25478
2026-05-14 17:00:00+00:00,50100.9,50177.4,50061.9,50113.4,24489
2026-05-14 18:00:00+00:00,50112.9,50198.4,50070.4,50165.4,19926
2026-05-14 19:00:00+00:00,50165.9,50193.9,50132.9,50158.4,15730
2026-05-14 20:00:00+00:00,50160.6,50180.1,50116.6,50158.6,3315
2026-05-14 22:00:00+00:00,50142.5,50162.0,50128.6,50143.6,1475
2026-05-14 23:00:00+00:00,50144.1,50157.6,50109.1,50115.6,1294
2026-05-15 00:00:00+00:00,50115.1,50119.1,50055.1,50063.6,6205
2026-05-15 01:00:00+00:00,50063.1,50068.6,49956.1,49964.6,9580
2026-05-15 02:00:00+00:00,49965.1,50068.6,49960.1,50042.6,7103
2026-05-15 03:00:00+00:00,50042.1,50069.1,50018.1,50044.6,4667
2026-05-15 04:00:00+00:00,50045.6,50049.6,50020.1,50034.6,4033
2026-05-15 05:00:00+00:00,50035.1,50037.1,49932.1,49938.1,8662
2026-05-15 06:00:00+00:00,49935.8,50008.3,49926.3,49978.8,11184
2026-05-15 07:00:00+00:00,49979.3,49998.8,49925.8,49931.3,8332
2026-05-15 08:00:00+00:00,49931.8,49936.8,49746.8,49850.3,17548
2026-05-15 09:00:00+00:00,49850.8,49871.3,49776.3,49828.3,13851
2026-05-15 10:00:00+00:00,49828.8,49990.3,49800.8,49933.3,16698
2026-05-15 11:00:00+00:00,49932.8,49957.3,49803.3,49804.3,11158
2026-05-15 12:00:00+00:00,49803.8,49804.3,49664.3,49708.3,15903
2026-05-15 13:00:00+00:00,49708.8,49852.9,49619.3,49728.4,63627
2026-05-15 14:00:00+00:00,49727.9,49846.9,49673.4,49724.4,61606
2026-05-15 15:00:00+00:00,49723.9,49745.9,49587.9,49655.9,43861
2026-05-15 16:00:00+00:00,49656.4,49748.9,49598.9,49715.4,30128
2026-05-15 17:00:00+00:00,49716.4,49794.4,49695.4,49726.9,22285
2026-05-15 18:00:00+00:00,49727.4,49750.4,49625.9,49689.4,27896
2026-05-15 19:00:00+00:00,49689.9,49702.9,49606.9,49620.4,28596
2026-05-15 20:00:00+00:00,49621.6,49622.6,49438.1,49471.6,7890
2026-05-17 22:00:00+00:00,49486.0,49558.1,49486.0,49539.1,4611
2026-05-17 23:00:00+00:00,49540.1,49542.6,49376.1,49452.1,9198
2026-05-18 00:00:00+00:00,49451.6,49451.6,49305.1,49351.1,25529
2026-05-18 01:00:00+00:00,49351.6,49365.6,49205.6,49256.6,20016
2026-05-18 02:00:00+00:00,49256.1,49273.6,49170.6,49192.1,8932
2026-05-18 03:00:00+00:00,49194.6,49219.6,49164.1,49193.6,7219
2026-05-18 04:00:00+00:00,49194.1,49210.1,49154.6,49204.6,6568
2026-05-18 05:00:00+00:00,49204.1,49284.6,49192.1,49250.6,9264
2026-05-18 06:00:00+00:00,49248.8,49284.8,49199.3,49280.8,10827
2026-05-18 07:00:00+00:00,49281.8,49344.8,49217.8,49291.3,14526
2026-05-18 08:00:00+00:00,49291.8,49350.8,49281.3,49350.8,9496
2026-05-18 09:00:00+00:00,49350.3,49356.3,49280.3,49321.3,6722
2026-05-18 10:00:00+00:00,49321.8,49328.8,49235.8,49264.8,7946
2026-05-18 11:00:00+00:00,49264.3,49525.8,49193.8,49429.3,21734
2026-05-18 12:00:00+00:00,49430.3,49705.3,49420.8,49654.8,20659
2026-05-18 13:00:00+00:00,49655.3,49846.4,49525.9,49753.9,61119
2026-05-18 14:00:00+00:00,49752.9,49793.4,49629.9,49707.4,67673
2026-05-18 15:00:00+00:00,49707.9,49738.4,49489.4,49588.9,52245
2026-05-18 16:00:00+00:00,49588.4,49687.4,49539.4,49605.4,40010
2026-05-18 17:00:00+00:00,49604.9,49707.4,49577.4,49645.4,26521
2026-05-18 18:00:00+00:00,49645.9,49651.9,49428.4,49452.4,36039
2026-05-18 19:00:00+00:00,49451.9,49781.9,49443.4,49770.9,51984
2026-05-18 20:00:00+00:00,49772.1,49781.1,49718.6,49749.1,4922
2026-05-18 22:00:00+00:00,49738.0,49821.1,49736.5,49796.6,3176
2026-05-18 23:00:00+00:00,49795.0,49818.6,49751.6,49760.1,2453
2026-05-19 00:00:00+00:00,49760.6,49821.1,49739.6,49751.6,12823
2026-05-19 01:00:00+00:00,49751.1,49773.6,49696.1,49742.6,9660
2026-05-19 02:00:00+00:00,49742.1,49761.1,49695.6,49730.1,8077
2026-05-19 03:00:00+00:00,49728.6,49785.1,49706.6,49728.1,5111
2026-05-19 04:00:00+00:00,49728.6,49729.1,49640.6,49681.6,7401
2026-05-19 05:00:00+00:00,49683.6,49692.6,49609.0,49659.6,9084
2026-05-19 06:00:00+00:00,49658.8,49760.3,49627.3,49715.3,9618
2026-05-19 07:00:00+00:00,49715.8,49838.8,49700.8,49832.3,10273
2026-05-19 08:00:00+00:00,49831.3,49840.8,49692.3,49761.3,9351
2026-05-19 09:00:00+00:00,49760.8,49760.8,49599.8,49694.3,10993
2026-05-19 10:00:00+00:00,49693.3,49743.8,49616.3,49707.8,10977
2026-05-19 11:00:00+00:00,49707.3,49733.3,49611.3,49611.8,9624
2026-05-19 12:00:00+00:00,49612.3,49708.8,49589.3,49695.3,9841
2026-05-19 13:00:00+00:00,49694.8,49707.3,49324.9,49618.8,73652
2026-05-19 14:00:00+00:00,49616.3,49667.9,49493.4,49568.4,73816
2026-05-19 15:00:00+00:00,49567.9,49630.4,49482.4,49530.9,41106
2026-05-19 16:00:00+00:00,49531.4,49658.9,49460.4,49642.4,31045
2026-05-19 17:00:00+00:00,49641.9,49679.9,49612.9,49662.4,23356
2026-05-19 18:00:00+00:00,49662.9,49696.4,49495.9,49507.9,26817
2026-05-19 19:00:00+00:00,49507.4,49605.4,49404.4,49452.4,28086
2026-05-19 20:00:00+00:00,49455.1,49458.6,49401.1,49432.1,3581
2026-05-19 22:00:00+00:00,49439.5,49463.1,49414.1,49457.6,3079
2026-05-19 23:00:00+00:00,49457.1,49547.5,49453.1,49489.6,3170
2026-05-20 00:00:00+00:00,49489.1,49489.1,49348.1,49414.6,18936
2026-05-20 01:00:00+00:00,49415.1,49475.6,49316.6,49443.6,18695
2026-05-20 02:00:00+00:00,49444.6,49469.1,49330.5,49349.6,13532
2026-05-20 03:00:00+00:00,49348.6,49371.6,49296.6,49357.6,9187
2026-05-20 04:00:00+00:00,49358.6,49409.6,49349.6,49361.6,6742
2026-05-20 05:00:00+00:00,49361.1,49444.6,49359.6,49416.6,8974
2026-05-20 06:00:00+00:00,49415.8,49493.8,49409.8,49473.8,8926
2026-05-20 07:00:00+00:00,49473.3,49495.8,49427.8,49428.3,7947
2026-05-20 08:00:00+00:00,49428.8,49537.3,49406.3,49502.3,10022
2026-05-20 09:00:00+00:00,49501.8,49526.8,49466.8,49515.8,5874
2026-05-20 10:00:00+00:00,49515.3,49611.3,49510.3,49528.3,6052
2026-05-20 11:00:00+00:00,49527.8,49605.3,49521.3,49549.8,7220
2026-05-20 12:00:00+00:00,49550.3,49703.8,49544.3,49624.8,9863
2026-05-20 13:00:00+00:00,49624.3,49666.3,49302.9,49505.9,53461
2026-05-20 14:00:00+00:00,49506.4,49828.9,49336.4,49810.4,83910
2026-05-20 15:00:00+00:00,49810.9,50020.3,49754.9,49935.9,56096
2026-05-20 16:00:00+00:00,49936.4,50005.4,49874.9,49960.4,35513
2026-05-20 17:00:00+00:00,49960.9,50070.4,49916.9,49994.3,26399
2026-05-20 18:00:00+00:00,49994.8,50074.9,49957.3,50046.9,20458
2026-05-20 19:00:00+00:00,50047.4,50160.4,50033.4,50094.4,21286
2026-05-20 20:00:00+00:00,50095.6,50113.6,50040.1,50044.1,14104
2026-05-20 22:00:00+00:00,50029.5,50059.0,49946.5,49971.6,5117
2026-05-20 23:00:00+00:00,49972.1,49999.1,49955.1,49985.6,2538
2026-05-21 00:00:00+00:00,49985.1,49987.1,49922.0,49966.1,9133
2026-05-21 01:00:00+00:00,49966.6,50019.6,49964.1,50002.1,6326
2026-05-21 02:00:00+00:00,50002.6,50034.6,49995.1,50012.1,3666
2026-05-21 03:00:00+00:00,50013.1,50051.1,50010.6,50024.1,2597
2026-05-21 04:00:00+00:00,50023.6,50069.1,50020.6,50064.6,2023
2026-05-21 05:00:00+00:00,50065.1,50084.1,49962.1,50017.1,5626
2026-05-21 06:00:00+00:00,50015.3,50061.3,49952.8,49995.8,8107
2026-05-21 07:00:00+00:00,49996.3,50021.3,49961.8,50009.8,8118
2026-05-21 08:00:00+00:00,50009.3,50205.8,50008.3,50121.3,13711
2026-05-21 09:00:00+00:00,50120.8,50218.8,50116.3,50167.3,7786
2026-05-21 10:00:00+00:00,50166.3,50285.3,49897.8,49942.3,22262
2026-05-21 11:00:00+00:00,49942.8,50046.8,49906.3,50005.3,11713
2026-05-21 12:00:00+00:00,50005.8,50028.3,49909.8,49923.3,14888
2026-05-21 13:00:00+00:00,49922.8,50091.4,49775.9,50074.4,60268
2026-05-21 14:00:00+00:00,50073.9,50160.9,49966.4,50030.4,64357
2026-05-21 15:00:00+00:00,50030.9,50064.4,49919.4,50009.4,45317
2026-05-21 16:00:00+00:00,50009.9,50061.4,49938.4,50000.9,28024
2026-05-21 17:00:00+00:00,50001.9,50445.4,49984.9,50383.9,58173
2026-05-21 18:00:00+00:00,50384.4,50470.9,50223.9,50273.4,49944
2026-05-21 19:00:00+00:00,50273.9,50417.4,50265.4,50371.9,33988
2026-05-21 20:00:00+00:00,50374.1,50438.6,50370.1,50407.1,3908
2026-05-21 22:00:00+00:00,50409.0,50457.1,50407.5,50452.1,1965
2026-05-21 23:00:00+00:00,50451.5,50477.1,50439.6,50457.1,1220
2026-05-22 00:00:00+00:00,50456.6,50522.1,50437.6,50510.6,5481
2026-05-22 01:00:00+00:00,50510.1,50516.6,50469.6,50502.6,4537
2026-05-22 02:00:00+00:00,50503.1,50533.1,50497.6,50519.6,2771
2026-05-22 03:00:00+00:00,50519.1,50547.1,50501.6,50546.1,1918
2026-05-22 04:00:00+00:00,50545.6,50574.6,50545.6,50563.1,1861
2026-05-22 05:00:00+00:00,50562.6,50569.1,50482.1,50492.6,2584
2026-05-22 06:00:00+00:00,50490.8,50560.3,50472.8,50522.8,4948
2026-05-22 07:00:00+00:00,50523.8,50536.8,50466.3,50524.8,6034
2026-05-22 08:00:00+00:00,50524.3,50594.3,50463.3,50514.8,9193
2026-05-22 09:00:00+00:00,50514.3,50546.3,50454.3,50539.3,5915
2026-05-22 10:00:00+00:00,50539.8,50553.3,50444.8,50502.8,5043
2026-05-22 11:00:00+00:00,50503.8,50593.3,50496.3,50558.8,5561
2026-05-22 12:00:00+00:00,50558.3,50808.3,50550.3,50802.3,15233
2026-05-22 13:00:00+00:00,50802.8,50866.3,50612.4,50771.9,52564
2026-05-22 14:00:00+00:00,50772.4,50783.8,50606.4,50676.4,46234
2026-05-22 15:00:00+00:00,50676.9,50803.9,50646.9,50772.4,24027
2026-05-22 16:00:00+00:00,50771.4,50832.9,50722.4,50776.4,19024
2026-05-22 17:00:00+00:00,50776.9,50919.4,50724.8,50821.4,27961
2026-05-22 18:00:00+00:00,50821.9,50833.4,50757.4,50758.4,15119
2026-05-22 19:00:00+00:00,50757.9,50765.4,50646.9,50651.4,23165
2026-05-22 20:00:00+00:00,50653.6,50700.1,50646.6,50681.1,2040
2026-05-24 22:00:00+00:00,50894.5,50939.5,50867.0,50899.6,4025
2026-05-24 23:00:00+00:00,50900.5,50963.1,50897.5,50914.1,2453
2026-05-25 00:00:00+00:00,50915.1,50978.1,50909.1,50935.1,5660
2026-05-25 01:00:00+00:00,50934.6,50987.1,50925.1,50978.6,3841
2026-05-25 02:00:00+00:00,50979.1,51028.1,50978.6,51022.1,2076
2026-05-25 03:00:00+00:00,51022.6,51064.1,51022.1,51036.1,3506
2026-05-25 04:00:00+00:00,51037.1,51060.6,51035.6,51042.6,1485
2026-05-25 05:00:00+00:00,51042.1,51092.1,51041.1,51067.1,1827
2026-05-25 06:00:00+00:00,51065.3,51065.8,51034.3,51037.8,2974
2026-05-25 07:00:00+00:00,51038.3,51112.3,50987.8,51072.3,6188
2026-05-25 08:00:00+00:00,51071.8,51099.3,51040.8,51089.3,3157
2026-05-25 09:00:00+00:00,51089.8,51120.3,51079.3,51100.3,1813
2026-05-25 10:00:00+00:00,51099.8,51128.3,51086.8,51097.3,2198
2026-05-25 11:00:00+00:00,51096.8,51144.3,51066.8,51125.8,2306
2026-05-25 12:00:00+00:00,51125.3,51189.3,51110.3,51126.3,3489
2026-05-25 13:00:00+00:00,51125.8,51183.4,51088.9,51125.4,4188
2026-05-25 14:00:00+00:00,51124.9,51147.4,51100.9,51104.4,4126
2026-05-25 15:00:00+00:00,51103.4,51210.9,51060.9,51133.4,8783
2026-05-25 16:00:00+00:00,51133.9,51141.4,51072.9,51140.4,2820
2026-05-25 22:00:00+00:00,51064.0,51140.5,51011.0,51029.1,2154
2026-05-25 23:00:00+00:00,51028.6,51041.1,50991.1,51024.1,2609
2026-05-26 00:00:00+00:00,51024.6,51032.6,50950.1,50972.1,7131
2026-05-26 01:00:00+00:00,50972.6,50995.1,50942.6,50993.1,6077
2026-05-26 02:00:00+00:00,50993.6,51000.6,50948.1,50956.1,2830
2026-05-26 03:00:00+00:00,50956.6,50987.6,50946.1,50978.1,1862
2026-05-26 04:00:00+00:00,50978.6,50991.1,50963.1,50977.1,1593
2026-05-26 05:00:00+00:00,50975.6,51004.1,50965.1,50978.1,2421
2026-05-26 06:00:00+00:00,50977.3,51029.3,50966.3,50988.3,3271
2026-05-26 07:00:00+00:00,50989.3,51012.3,50917.8,50951.3,6920
2026-05-26 08:00:00+00:00,50951.8,50960.8,50890.8,50906.8,4444
2026-05-26 09:00:00+00:00,50907.3,50932.8,50867.8,50896.8,4133
2026-05-26 10:00:00+00:00,50897.3,50955.8,50866.3,50942.8,4627
2026-05-26 11:00:00+00:00,50943.3,50977.3,50878.8,50947.3,4880
2026-05-26 12:00:00+00:00,50946.8,50950.8,50888.3,50894.3,4140
2026-05-26 13:00:00+00:00,50893.8,50899.3,50685.9,50698.3,49005
2026-05-26 14:00:00+00:00,50699.3,50776.4,50548.4,50613.4,39705
2026-05-26 15:00:00+00:00,50613.9,50616.4,50508.4,50551.9,28985
2026-05-26 16:00:00+00:00,50550.9,50577.4,50463.4,50464.4,16344
2026-05-26 17:00:00+00:00,50463.9,50522.4,50437.4,50459.4,13368
2026-05-26 18:00:00+00:00,50458.9,50502.4,50430.9,50452.4,12675
2026-05-26 19:00:00+00:00,50451.4,50582.4,50425.9,50561.4,14469
2026-05-26 20:00:00+00:00,50563.6,50583.6,50517.6,50523.6,2067
2026-05-26 22:00:00+00:00,50529.0,50552.1,50501.5,50546.1,2268
2026-05-26 23:00:00+00:00,50547.6,50604.1,50537.6,50597.6,1608
2026-05-27 00:00:00+00:00,50597.1,50619.6,50576.0,50606.6,5322
2026-05-27 01:00:00+00:00,50606.1,50607.6,50571.5,50575.6,3074
2026-05-27 02:00:00+00:00,50576.1,50601.1,50576.1,50595.1,1715
2026-05-27 03:00:00+00:00,50596.1,50607.1,50582.1,50592.1,1207
2026-05-27 04:00:00+00:00,50591.6,50609.1,50571.1,50603.6,1783
2026-05-27 05:00:00+00:00,50603.1,50651.6,50600.6,50645.1,2620
2026-05-27 06:00:00+00:00,50644.3,50661.3,50618.3,50641.8,2779
2026-05-27 07:00:00+00:00,50642.3,50682.8,50640.8,50666.3,3136
2026-05-27 08:00:00+00:00,50666.8,50757.8,50659.3,50740.3,4056
2026-05-27 09:00:00+00:00,50740.8,50799.3,50738.8,50788.8,2545
2026-05-27 10:00:00+00:00,50788.3,50798.8,50764.3,50768.3,2236
2026-05-27 11:00:00+00:00,50768.8,50773.8,50569.8,50582.8,4786
2026-05-27 12:00:00+00:00,50582.3,50702.3,50509.3,50615.8,16639
2026-05-27 13:00:00+00:00,50615.3,50748.9,50544.8,50675.9,55806
2026-05-27 14:00:00+00:00,50676.4,50897.4,50645.4,50815.4,47721
2026-05-27 15:00:00+00:00,50814.9,50840.4,50656.4,50694.4,30851
2026-05-27 16:00:00+00:00,50694.9,50760.9,50659.9,50717.9,16613
2026-05-27 17:00:00+00:00,50717.4,50748.9,50660.9,50732.9,15964
2026-05-27 18:00:00+00:00,50732.4,50790.9,50670.4,50771.4,12384
2026-05-27 19:00:00+00:00,50770.9,50787.4,50683.9,50718.9,14194
2026-05-27 20:00:00+00:00,50720.1,50809.6,50659.5,50793.1,4503
2026-05-27 22:00:00+00:00,50779.5,50821.6,50757.0,50775.0,1646
2026-05-27 23:00:00+00:00,50774.5,50800.5,50715.0,50725.6,2775
2026-05-28 00:00:00+00:00,50725.1,50794.1,50718.6,50782.6,7889
2026-05-28 01:00:00+00:00,50782.1,50792.1,50751.6,50785.1,5755
2026-05-28 02:00:00+00:00,50785.6,50792.1,50688.6,50708.1,4801
2026-05-28 03:00:00+00:00,50708.6,50721.1,50620.1,50624.6,10823
2026-05-28 04:00:00+00:00,50624.1,50649.6,50596.6,50629.1,6140
2026-05-28 05:00:00+00:00,50630.1,50718.1,50615.6,50698.1,5391
2026-05-28 06:00:00+00:00,50697.8,50723.8,50679.3,50719.3,3435
2026-05-28 07:00:00+00:00,50718.8,50736.8,50655.3,50705.8,5601
2026-05-28 08:00:00+00:00,50706.3,50725.8,50648.8,50679.8,5238
2026-05-28 09:00:00+00:00,50679.3,50702.3,50666.3,50689.8,3545
2026-05-28 10:00:00+00:00,50689.3,50694.8,50579.3,50612.3,5611
2026-05-28 11:00:00+00:00,50611.8,50648.3,50606.8,50636.8,5634
2026-05-28 12:00:00+00:00,50638.3,50674.3,50577.8,50651.8,7464
2026-05-28 13:00:00+00:00,50652.3,50679.8,50387.4,50577.4,41765
2026-05-28 14:00:00+00:00,50576.8,50853.3,50502.9,50681.4,53303
2026-05-28 15:00:00+00:00,50681.9,50794.4,50661.4,50767.4,21543
2026-05-28 16:00:00+00:00,50767.9,50787.9,50721.4,50775.4,13918
2026-05-28 17:00:00+00:00,50774.9,50791.4,50688.4,50699.4,10475
2026-05-28 18:00:00+00:00,50698.4,50710.4,50637.9,50662.4,10918
2026-05-28 19:00:00+00:00,50661.4,50765.4,50659.4,50745.4,11952
2026-05-28 20:00:00+00:00,50747.6,50807.1,50742.6,50762.6,3633
2026-05-28 22:00:00+00:00,50740.5,50781.5,50740.5,50745.1,1465
2026-05-28 23:00:00+00:00,50745.5,50767.6,50732.6,50738.1,1304
2026-05-29 00:00:00+00:00,50738.6,50764.1,50717.1,50731.1,3647
2026-05-29 01:00:00+00:00,50731.6,50747.1,50705.1,50733.1,3542
2026-05-29 02:00:00+00:00,50732.6,50760.6,50727.6,50742.1,2068
2026-05-29 03:00:00+00:00,50742.6,50785.1,50741.1,50771.6,2155
2026-05-29 04:00:00+00:00,50772.1,50799.1,50772.1,50788.1,1564
2026-05-29 05:00:00+00:00,50787.6,50792.6,50756.6,50780.6,1303
2026-05-29 06:00:00+00:00,50778.8,50796.3,50751.8,50791.3,2912
2026-05-29 07:00:00+00:00,50791.8,50812.3,50746.3,50789.3,4047
2026-05-29 08:00:00+00:00,50789.8,50820.8,50767.3,50789.3,4198
2026-05-29 09:00:00+00:00,50789.8,50869.8,50786.8,50843.3,3949
2026-05-29 10:00:00+00:00,50843.8,50848.8,50800.3,50845.8,3091
2026-05-29 11:00:00+00:00,50845.3,50907.3,50832.8,50903.3,4201
2026-05-29 12:00:00+00:00,50903.8,50905.8,50840.3,50875.3,4886
2026-05-29 13:00:00+00:00,50875.8,50959.4,50731.4,50888.9,44871
2026-05-29 14:00:00+00:00,50889.4,51080.4,50850.4,51034.4,53678
2026-05-29 15:00:00+00:00,51033.9,51141.9,51033.9,51109.9,34060
2026-05-29 16:00:00+00:00,51110.4,51136.4,51029.4,51046.4,16629
2026-05-29 17:00:00+00:00,51045.9,51092.9,50969.9,50973.4,15323
2026-05-29 18:00:00+00:00,50972.9,51083.3,50968.9,51002.4,17574
2026-05-29 19:00:00+00:00,51001.9,51140.9,50991.9,51082.4,20732
2026-05-29 20:00:00+00:00,51084.6,51102.1,51040.6,51053.1,3201
2026-05-31 22:00:00+00:00,51055.5,51100.1,50999.5,51097.6,2801
2026-05-31 23:00:00+00:00,51095.6,51124.6,51087.1,51110.6,1221
2026-06-01 00:00:00+00:00,51111.6,51167.6,51103.6,51124.1,4760
2026-06-01 01:00:00+00:00,51124.6,51151.6,51093.1,51149.1,2568
2026-06-01 02:00:00+00:00,51148.6,51167.6,51144.6,51159.1,1368
2026-06-01 03:00:00+00:00,51159.6,51169.6,51112.6,51118.6,2030
2026-06-01 04:00:00+00:00,51119.1,51141.1,51113.1,51137.1,1037
2026-06-01 05:00:00+00:00,51136.6,51140.1,51118.6,51139.1,1346
2026-06-01 06:00:00+00:00,51138.3,51138.8,51090.8,51106.8,2084
2026-06-01 07:00:00+00:00,51107.3,51141.8,51087.3,51121.8,3714
2026-06-01 08:00:00+00:00,51121.3,51227.3,51120.3,51217.3,3640
2026-06-01 09:00:00+00:00,51217.8,51281.8,51194.3,51244.8,2762
2026-06-01 10:00:00+00:00,51245.8,51318.3,51241.8,51307.8,2285
2026-06-01 11:00:00+00:00,51308.3,51385.8,51297.8,51303.8,4527
2026-06-01 12:00:00+00:00,51304.3,51310.8,51185.8,51226.8,6678
2026-06-01 13:00:00+00:00,51225.3,51241.3,50859.4,51027.8,62446
2026-06-01 14:00:00+00:00,51028.3,51087.4,50825.9,50886.4,41336
2026-06-01 15:00:00+00:00,50886.9,51024.4,50845.4,50970.4,25469
2026-06-01 16:00:00+00:00,50970.9,51000.4,50868.4,50961.4,18401
2026-06-01 17:00:00+00:00,50961.9,51129.8,50900.8,51056.9,19735
2026-06-01 18:00:00+00:00,51055.9,51141.4,51055.9,51116.4,10214
2026-06-01 19:00:00+00:00,51115.9,51177.4,51086.4,51135.9,12833
2026-06-01 20:00:00+00:00,51138.1,51150.1,51108.1,51111.6,3469
2026-06-01 22:00:00+00:00,51073.6,51082.1,51003.1,51016.6,3898
2026-06-01 23:00:00+00:00,51017.1,51029.1,50969.6,50989.6,1836
2026-06-02 00:00:00+00:00,50989.1,51000.6,50882.1,50890.6,6533
2026-06-02 01:00:00+00:00,50891.1,50926.1,50874.6,50889.6,5421
2026-06-02 02:00:00+00:00,50890.1,50914.1,50889.6,50904.1,2343
2026-06-02 03:00:00+00:00,50903.1,50934.6,50895.1,50933.1,2286
2026-06-02 04:00:00+00:00,50932.1,50950.1,50917.1,50949.1,1636
2026-06-02 05:00:00+00:00,50950.1,50981.1,50937.6,50953.1,2174
2026-06-02 06:00:00+00:00,50951.3,51007.3,50945.8,50997.8,2537
2026-06-02 07:00:00+00:00,50998.3,51083.3,50996.8,51079.8,3541
2026-06-02 08:00:00+00:00,51079.3,51085.8,50990.3,51017.8,5056
2026-06-02 09:00:00+00:00,51016.8,51016.8,50908.3,50926.8,3248
2026-06-02 10:00:00+00:00,50927.3,50958.3,50904.3,50943.8,2498
2026-06-02 11:00:00+00:00,50943.3,50954.3,50892.8,50908.8,3011
2026-06-02 12:00:00+00:00,50907.8,50960.3,50866.8,50884.8,4883
2026-06-02 13:00:00+00:00,50885.3,51312.4,50843.3,50988.3,52773
2026-06-02 14:00:00+00:00,50990.3,51221.4,50943.4,51216.9,41902
2026-06-02 15:00:00+00:00,51217.4,51348.4,51201.4,51265.4,21412
2026-06-02 16:00:00+00:00,51266.4,51306.4,51212.9,51293.9,14662
2026-06-02 17:00:00+00:00,51293.4,51310.9,51255.4,51289.4,11462
2026-06-02 18:00:00+00:00,51289.9,51412.4,51284.4,51401.4,9865
2026-06-02 19:00:00+00:00,51401.9,51443.9,51361.4,51397.9,11398
2026-06-02 20:00:00+00:00,51400.1,51443.1,51399.1,51431.1,2563
2026-06-02 22:00:00+00:00,51411.5,51423.0,51372.6,51388.6,2477
2026-06-02 23:00:00+00:00,51389.1,51411.6,51276.6,51402.6,6210
2026-06-03 00:00:00+00:00,51402.1,51418.1,51373.1,51381.6,4538
2026-06-03 01:00:00+00:00,51381.1,51393.1,51361.6,51377.1,3150
2026-06-03 02:00:00+00:00,51377.6,51391.6,51371.1,51379.6,1195
2026-06-03 03:00:00+00:00,51379.1,51395.6,51374.1,51382.1,1042
2026-06-03 04:00:00+00:00,51381.1,51388.1,51365.1,51370.6,707
2026-06-03 05:00:00+00:00,51370.1,51383.1,51339.6,51341.1,1766
2026-06-03 06:00:00+00:00,51340.8,51350.3,51304.8,51323.8,3790
2026-06-03 07:00:00+00:00,51323.3,51326.8,51269.3,51282.8,4329
2026-06-03 08:00:00+00:00,51282.3,51286.3,51247.3,51261.8,5135
2026-06-03 09:00:00+00:00,51261.3,51265.3,51191.8,51196.3,3617
2026-06-03 10:00:00+00:00,51196.8,51278.8,51176.8,51231.8,6544
2026-06-03 11:00:00+00:00,51231.3,51288.8,51227.3,51253.8,3769
2026-06-03 12:00:00+00:00,51254.3,51262.8,51140.8,51182.8,6119
2026-06-03 13:00:00+00:00,51183.3,51265.9,51029.4,51082.3,54319
2026-06-03 14:00:00+00:00,51082.8,51126.9,50927.4,50999.4,43926
2026-06-03 15:00:00+00:00,50999.9,51012.4,50881.4,50943.4,28876
2026-06-03 16:00:00+00:00,50943.9,50970.4,50902.9,50937.4,21520
2026-06-03 17:00:00+00:00,50937.9,50975.9,50893.4,50952.4,15630
2026-06-03 18:00:00+00:00,50952.9,50976.4,50910.4,50920.4,12511
2026-06-03 19:00:00+00:00,50920.9,50924.4,50788.4,50806.9,19508
2026-06-03 20:00:00+00:00,50809.6,50824.6,50741.1,50761.6,10708
2026-06-03 22:00:00+00:00,50773.0,50856.0,50771.0,50845.6,4047
2026-06-03 23:00:00+00:00,50846.1,50849.5,50785.1,50817.1,3596
2026-06-04 00:00:00+00:00,50816.6,50852.1,50791.6,50822.6,8884
2026-06-04 01:00:00+00:00,50822.1,50847.6,50782.6,50805.1,6582
2026-06-04 02:00:00+00:00,50807.1,50810.6,50756.6,50791.6,5718
2026-06-04 03:00:00+00:00,50791.1,50809.1,50768.1,50802.6,3003
2026-06-04 04:00:00+00:00,50803.1,50823.6,50789.1,50815.1,2474
2026-06-04 05:00:00+00:00,50814.1,50819.1,50777.6,50807.6,4279
2026-06-04 06:00:00+00:00,50805.8,50866.8,50797.8,50859.8,5107
2026-06-04 07:00:00+00:00,50861.3,50937.8,50850.8,50912.8,5639
2026-06-04 08:00:00+00:00,50912.3,51010.8,50891.8,50908.8,9206
2026-06-04 09:00:00+00:00,50907.8,51050.8,50896.8,51030.3,6737
2026-06-04 10:00:00+00:00,51029.8,51069.3,50976.3,51000.3,5277
2026-06-04 11:00:00+00:00,51000.8,51220.8,50995.3,51209.8,11756
2026-06-04 12:00:00+00:00,51210.3,51325.8,51183.8,51283.3,10757
2026-06-04 13:00:00+00:00,51283.8,51546.4,51232.8,51535.4,58830
2026-06-04 14:00:00+00:00,51535.9,51576.9,51431.4,51523.4,46317
2026-06-04 15:00:00+00:00,51523.9,51678.4,51523.4,51626.4,26143
2026-06-04 16:00:00+00:00,51625.9,51728.9,51620.4,51680.4,16088
2026-06-04 17:00:00+00:00,51680.9,51686.9,51576.4,51606.4,14665
2026-06-04 18:00:00+00:00,51605.9,51686.4,51560.9,51678.9,13277
2026-06-04 19:00:00+00:00,51678.4,51753.4,51657.9,51662.9,18512
2026-06-04 20:00:00+00:00,51665.1,51691.1,51651.1,51673.6,4067
2026-06-04 22:00:00+00:00,51666.0,51684.6,51640.5,51681.6,2105
2026-06-04 23:00:00+00:00,51680.6,51683.1,51636.1,51639.1,1781
2026-06-05 00:00:00+00:00,51638.6,51639.1,51595.6,51626.6,7176
2026-06-05 01:00:00+00:00,51627.1,51649.6,51586.1,51621.1,7113
2026-06-05 02:00:00+00:00,51621.6,51651.6,51588.1,51600.6,3144
2026-06-05 03:00:00+00:00,51601.1,51623.6,51589.1,51609.1,3952
2026-06-05 04:00:00+00:00,51610.1,51640.6,51598.6,51634.1,3336
2026-06-05 05:00:00+00:00,51633.6,51658.6,51616.1,51639.1,3575
2026-06-05 06:00:00+00:00,51638.3,51688.3,51633.8,51663.8,5309
2026-06-05 07:00:00+00:00,51663.3,51707.3,51633.8,51662.3,7562
2026-06-05 08:00:00+00:00,51661.8,51714.8,51640.8,51699.8,7805
2026-06-05 09:00:00+00:00,51700.3,51818.3,51688.8,51729.8,10478
2026-06-05 10:00:00+00:00,51728.8,51763.3,51716.8,51733.8,3021
2026-06-05 11:00:00+00:00,51733.3,51772.8,51691.3,51715.3,5103
2026-06-05 12:00:00+00:00,51714.3,51838.8,51633.8,51698.3,14344
2026-06-05 13:00:00+00:00,51698.8,51761.3,51447.4,51472.4,64990
2026-06-05 14:00:00+00:00,51472.9,51585.4,51424.4,51503.9,67066
2026-06-05 15:00:00+00:00,51504.4,51531.4,51306.4,51306.4,39592
2026-06-05 16:00:00+00:00,51305.9,51338.9,51144.4,51257.4,43269
2026-06-05 17:00:00+00:00,51257.9,51272.9,51169.9,51240.9,39165
2026-06-05 18:00:00+00:00,51241.4,51250.9,50984.4,50994.4,45046
2026-06-05 19:00:00+00:00,50993.9,51043.9,50837.4,50934.4,66392
2026-06-05 20:00:00+00:00,50935.6,50939.6,50752.6,50778.6,15749
2026-06-07 22:00:00+00:00,50707.0,50910.5,50626.6,50713.5,10476
2026-06-07 23:00:00+00:00,50713.1,50887.1,50712.0,50861.6,8874
2026-06-08 00:00:00+00:00,50860.6,50916.6,50812.0,50876.1,10599
2026-06-08 01:00:00+00:00,50876.6,50893.6,50676.1,50801.6,20702
2026-06-08 02:00:00+00:00,50802.1,50857.1,50751.5,50833.6,10345
2026-06-08 03:00:00+00:00,50834.6,50869.6,50811.6,50861.6,4940
2026-06-08 04:00:00+00:00,50862.1,50873.6,50764.1,50771.1,7157
2026-06-08 05:00:00+00:00,50770.6,50811.6,50676.6,50709.6,12149
2026-06-08 06:00:00+00:00,50708.8,50796.8,50702.8,50744.8,12032
2026-06-08 07:00:00+00:00,50745.3,50875.3,50738.8,50825.8,13008
2026-06-08 08:00:00+00:00,50826.3,50842.3,50735.8,50775.8,12882
2026-06-08 09:00:00+00:00,50776.8,50918.3,50745.8,50888.8,8824
2026-06-08 10:00:00+00:00,50889.3,50967.8,50794.8,50907.8,10466
2026-06-08 11:00:00+00:00,50908.3,51113.3,50880.8,51050.8,17795
2026-06-08 12:00:00+00:00,51052.3,51129.3,51040.3,51041.8,12464
2026-06-08 13:00:00+00:00,51042.3,51332.9,50962.8,51031.4,72852
2026-06-08 14:00:00+00:00,51030.9,51164.4,50994.4,51163.4,74433
2026-06-08 15:00:00+00:00,51163.9,51188.4,50935.4,51008.4,46734
2026-06-08 16:00:00+00:00,51008.9,51071.9,50933.9,50944.4,39241
2026-06-08 17:00:00+00:00,50944.9,50950.4,50824.9,50881.4,42440
2026-06-08 18:00:00+00:00,50880.9,50993.9,50878.9,50914.9,29191
2026-06-08 19:00:00+00:00,50915.4,50942.9,50792.9,50853.4,38793
2026-06-08 20:00:00+00:00,50854.6,50873.1,50812.6,50828.6,4409
2026-06-08 22:00:00+00:00,50828.0,50848.5,50714.6,50825.1,5118
2026-06-08 23:00:00+00:00,50824.5,50844.6,50757.1,50803.1,4056
2026-06-09 00:00:00+00:00,50802.6,50810.6,50687.6,50718.1,17363
2026-06-09 01:00:00+00:00,50718.6,50888.6,50701.6,50843.1,17323
2026-06-09 02:00:00+00:00,50844.1,50879.6,50830.1,50862.1,9463
2026-06-09 03:00:00+00:00,50863.1,50912.6,50855.1,50898.1,7318
2026-06-09 04:00:00+00:00,50897.6,50935.1,50880.1,50914.1,4936
2026-06-09 05:00:00+00:00,50914.6,50954.1,50905.1,50913.1,6892
2026-06-09 06:00:00+00:00,50911.3,50922.8,50853.3,50870.3,7209
2026-06-09 07:00:00+00:00,50869.8,50962.3,50833.3,50876.3,12556
2026-06-09 08:00:00+00:00,50877.3,50979.8,50842.3,50935.3,11489
2026-06-09 09:00:00+00:00,50935.8,51000.3,50932.3,50962.8,5106
2026-06-09 10:00:00+00:00,50963.3,51042.3,50849.8,51000.3,7697
2026-06-09 11:00:00+00:00,51001.3,51020.8,50913.3,50920.8,5860
2026-06-09 12:00:00+00:00,50921.3,51075.8,50918.3,51071.3,8485
2026-06-09 13:00:00+00:00,51072.8,51315.9,51032.3,51239.8,55540
2026-06-09 14:00:00+00:00,51238.8,51278.9,50726.9,50983.9,128974
2026-06-09 15:00:00+00:00,50983.4,51009.4,50487.4,50508.9,120938
2026-06-09 16:00:00+00:00,50509.4,50648.4,50262.4,50421.9,129181
2026-06-09 17:00:00+00:00,50422.4,50825.4,50402.4,50751.4,85021
2026-06-09 18:00:00+00:00,50751.9,50954.4,50734.9,50935.4,59326
2026-06-09 19:00:00+00:00,50935.9,50966.9,50728.4,50900.9,76900
2026-06-09 20:00:00+00:00,50902.1,50930.1,50851.6,50875.6,11118
2026-06-09 22:00:00+00:00,50872.0,50903.0,50739.6,50768.1,4887
2026-06-09 23:00:00+00:00,50768.6,50811.6,50736.5,50806.1,5486
2026-06-10 00:00:00+00:00,50806.6,50871.6,50748.1,50843.6,16301
2026-06-10 01:00:00+00:00,50844.1,50910.6,50834.6,50871.6,13208
2026-06-10 02:00:00+00:00,50872.6,50889.6,50829.6,50837.1,8715
2026-06-10 03:00:00+00:00,50837.6,50884.6,50810.1,50822.6,7009
2026-06-10 04:00:00+00:00,50823.6,50830.1,50757.0,50761.6,6374
2026-06-10 05:00:00+00:00,50762.6,50849.6,50754.1,50837.6,9069
2026-06-10 06:00:00+00:00,50837.3,50867.8,50785.8,50793.3,6256
2026-06-10 07:00:00+00:00,50792.8,50817.3,50733.8,50759.3,10831
2026-06-10 08:00:00+00:00,50759.8,50764.8,50560.8,50592.3,16787
2026-06-10 09:00:00+00:00,50593.3,50606.8,50478.8,50584.3,15312
2026-06-10 10:00:00+00:00,50584.8,50606.3,50476.8,50568.3,12283
2026-06-10 11:00:00+00:00,50570.8,50594.3,50315.3,50484.3,30449
2026-06-10 12:00:00+00:00,50483.8,50748.3,50461.3,50665.8,35152
2026-06-10 13:00:00+00:00,50666.3,50827.9,50536.9,50732.9,80166
2026-06-10 14:00:00+00:00,50732.4,50798.9,50407.9,50437.4,94752
2026-06-10 15:00:00+00:00,50436.9,50547.4,50195.4,50372.4,110078
2026-06-10 16:00:00+00:00,50372.9,50410.4,50251.9,50314.4,71323
2026-06-10 17:00:00+00:00,50314.9,50361.9,50132.9,50290.9,69363
2026-06-10 18:00:00+00:00,50291.4,50383.9,50118.4,50160.4,55896
2026-06-10 19:00:00+00:00,50159.9,50165.4,49968.4,49975.4,58568
2026-06-10 20:00:00+00:00,49977.6,49989.6,49878.5,49924.1,10092
2026-06-10 22:00:00+00:00,49901.5,49946.5,49809.5,49811.1,9053
2026-06-10 23:00:00+00:00,49810.5,49918.6,49760.1,49837.5,14215
2026-06-11 00:00:00+00:00,49838.5,49979.6,49828.6,49944.6,31616
2026-06-11 01:00:00+00:00,49945.1,50106.1,49942.6,50005.6,19056
2026-06-11 02:00:00+00:00,50006.1,50058.6,49965.5,50024.6,16523
2026-06-11 03:00:00+00:00,50025.1,50114.6,49992.6,50106.1,12428
2026-06-11 04:00:00+00:00,50107.1,50185.1,50090.1,50159.6,9071
2026-06-11 05:00:00+00:00,50160.6,50164.6,50116.1,50149.1,9898
2026-06-11 06:00:00+00:00,50147.3,50188.3,50050.3,50181.3,11730
2026-06-11 07:00:00+00:00,50181.8,50322.8,50181.8,50291.8,13252
2026-06-11 08:00:00+00:00,50291.3,50346.3,50270.3,50339.8,10290
2026-06-11 09:00:00+00:00,50340.3,50407.3,50318.8,50382.8,6516
2026-06-11 10:00:00+00:00,50382.3,50398.8,50321.8,50341.3,6045
2026-06-11 11:00:00+00:00,50341.8,50399.8,50295.3,50391.8,10125
2026-06-11 12:00:00+00:00,50391.3,50398.3,50125.8,50266.3,31701
2026-06-11 13:00:00+00:00,50265.8,50450.9,50152.4,50344.4,78271
2026-06-11 14:00:00+00:00,50345.4,50390.4,50136.9,50168.4,114946
2026-06-11 15:00:00+00:00,50168.9,50373.9,50099.9,50285.9,87626
2026-06-11 16:00:00+00:00,50286.4,50418.4,50230.9,50232.9,61456
2026-06-11 17:00:00+00:00,50233.4,50876.4,50163.9,50767.9,95170
2026-06-11 18:00:00+00:00,50767.4,50844.4,50636.4,50809.4,63282
2026-06-11 19:00:00+00:00,50809.9,51017.9,50787.9,50872.9,49465
2026-06-11 20:00:00+00:00,50875.1,50968.0,50860.6,50918.6,10126
2026-06-11 22:00:00+00:00,50903.0,50994.6,50898.0,50949.0,7255
2026-06-11 23:00:00+00:00,50950.1,50986.5,50913.5,50963.5,6637
2026-06-12 00:00:00+00:00,50964.1,50970.0,50890.5,50914.0,14980
2026-06-12 01:00:00+00:00,50914.0,50934.5,50850.5,50926.5,12742
2026-06-12 02:00:00+00:00,50927.1,50950.5,50911.6,50926.5,10124
2026-06-12 03:00:00+00:00,50930.0,50935.0,50873.5,50923.5,8604
2026-06-12 04:00:00+00:00,50924.0,50944.5,50884.6,50934.5,6714
2026-06-12 05:00:00+00:00,50935.1,50947.1,50853.5,50893.5,13257
2026-06-12 06:00:00+00:00,50893.8,50953.8,50867.8,50885.8,13380
2026-06-12 07:00:00+00:00,50885.3,51040.3,50837.3,50976.8,16471
2026-06-12 08:00:00+00:00,50979.3,51214.3,50973.3,51140.8,20780
2026-06-12 09:00:00+00:00,51140.3,51351.3,51138.3,51275.8,14702
2026-06-12 10:00:00+00:00,51276.8,51301.8,51100.8,51141.3,15526
2026-06-12 11:00:00+00:00,51142.3,51279.8,51118.3,51246.3,15721
2026-06-12 12:00:00+00:00,51246.8,51257.3,51016.8,51039.3,20131
2026-06-12 13:00:00+00:00,51039.8,51260.3,50855.8,50918.8,62782
2026-06-12 14:00:00+00:00,50918.8,51378.3,50866.3,51355.4,76099
2026-06-12 15:00:00+00:00,51355.9,51446.4,51119.9,51137.4,52506
2026-06-12 16:00:00+00:00,51137.8,51299.4,51066.3,51223.8,44070
2026-06-12 17:00:00+00:00,51224.4,51325.9,51215.4,51236.8,31766
2026-06-12 18:00:00+00:00,51237.4,51329.8,51195.8,51254.8,27485
2026-06-12 19:00:00+00:00,51253.8,51306.4,51172.4,51228.4,33550
2026-06-12 20:00:00+00:00,51230.6,51294.1,51226.1,51274.1,5074
2026-06-14 22:00:00+00:00,51519.5,51613.5,51489.5,51528.0,10382
2026-06-14 23:00:00+00:00,51527.1,51565.6,51466.5,51561.0,8287
2026-06-15 00:00:00+00:00,51560.1,51621.6,51546.5,51609.0,12662
2026-06-15 01:00:00+00:00,51609.1,51656.0,51599.5,51626.0,9007
2026-06-15 02:00:00+00:00,51625.0,51689.5,51625.0,51686.5,6462
2026-06-15 03:00:00+00:00,51686.0,51691.5,51658.5,51671.5,4259
2026-06-15 04:00:00+00:00,51670.5,51727.0,51656.0,51724.0,4351
2026-06-15 05:00:00+00:00,51723.1,51774.1,51714.5,51756.5,6273
2026-06-15 06:00:00+00:00,51755.8,51775.8,51707.8,51718.8,8722
2026-06-15 07:00:00+00:00,51720.3,51775.8,51693.3,51712.3,10289
2026-06-15 08:00:00+00:00,51713.3,51748.3,51653.8,51697.8,10564
2026-06-15 09:00:00+00:00,51698.8,51733.3,51628.3,51637.8,7740
2026-06-15 10:00:00+00:00,51638.8,51680.8,51629.8,51671.8,6082
2026-06-15 11:00:00+00:00,51671.8,51772.3,51663.3,51713.3,9700
2026-06-15 12:00:00+00:00,51713.3,51796.3,51650.8,51796.3,12852
2026-06-15 13:00:00+00:00,51795.8,51927.4,51740.4,51864.8,49864
2026-06-15 14:00:00+00:00,51863.8,51910.4,51743.9,51890.4,52845
2026-06-15 15:00:00+00:00,51889.8,51981.9,51871.9,51959.4,27323
2026-06-15 16:00:00+00:00,51959.9,51996.9,51927.9,51955.9,19678
2026-06-15 17:00:00+00:00,51955.4,51996.9,51875.9,51890.4,17861
2026-06-15 18:00:00+00:00,51890.9,51896.4,51810.4,51837.4,17922
2026-06-15 19:00:00+00:00,51837.9,51883.4,51702.4,51763.4,25999
2026-06-15 20:00:00+00:00,51764.6,51784.1,51738.6,51754.1,7348
2026-06-15 22:00:00+00:00,51786.0,51786.0,51712.5,51724.0,1367
2026-06-15 23:00:00+00:00,51724.0,51739.5,51699.5,51727.5,992
2026-06-16 00:00:00+00:00,51725.5,51763.0,51711.0,51744.0,5703
2026-06-16 01:00:00+00:00,51744.0,51770.0,51735.0,51746.0,8915
2026-06-16 02:00:00+00:00,51745.5,51778.6,51735.5,51763.5,4759
2026-06-16 03:00:00+00:00,51763.0,51793.5,51758.5,51766.5,5686
2026-06-16 04:00:00+00:00,51765.5,51769.5,51733.5,51750.0,3863
2026-06-16 05:00:00+00:00,51750.5,51803.5,51740.0,51762.5,5010
2026-06-16 06:00:00+00:00,51760.8,51798.3,51751.8,51794.3,5610
2026-06-16 07:00:00+00:00,51793.3,51857.3,51793.3,51822.8,8075
2026-06-16 08:00:00+00:00,51822.8,51856.8,51771.3,51784.3,9693
2026-06-16 09:00:00+00:00,51784.3,51810.3,51750.3,51776.3,6122
2026-06-16 10:00:00+00:00,51777.3,51813.3,51776.3,51808.8,4436
2026-06-16 11:00:00+00:00,51809.3,51813.3,51770.3,51788.8,7089
2026-06-16 12:00:00+00:00,51788.3,51894.3,51779.3,51873.8,11746
2026-06-16 13:00:00+00:00,51873.3,52146.4,51857.3,51958.4,43740
2026-06-16 14:00:00+00:00,51959.4,52128.9,51941.9,52067.4,59939
2026-06-16 15:00:00+00:00,52067.9,52184.9,52013.9,52161.4,40410
2026-06-16 16:00:00+00:00,52160.4,52235.4,52158.9,52211.9,24197
2026-06-16 17:00:00+00:00,52211.4,52226.9,52137.4,52144.4,19512
2026-06-16 18:00:00+00:00,52143.9,52154.9,52102.4,52114.4,15922
2026-06-16 19:00:00+00:00,52114.9,52114.9,52019.9,52053.4,32796
2026-06-16 20:00:00+00:00,52055.6,52060.6,52005.5,52045.5,7604
2026-06-16 21:00:00+00:00,52461.1,52461.1,52461.1,52461.1,6
2026-06-16 22:00:00+00:00,52442.0,52527.6,52423.0,52525.6,1964
2026-06-16 23:00:00+00:00,52525.1,52531.6,52511.6,52517.1,1977
2026-06-17 00:00:00+00:00,52518.6,52545.6,52516.6,52530.1,5484
2026-06-17 01:00:00+00:00,52530.6,52571.6,52522.1,52550.1,3052
2026-06-17 02:00:00+00:00,52550.6,52555.1,52511.1,52526.1,1328
2026-06-17 03:00:00+00:00,52526.6,52547.6,52507.6,52542.1,1872
2026-06-17 04:00:00+00:00,52542.6,52547.6,52502.1,52518.6,1544
2026-06-17 05:00:00+00:00,52518.1,52523.1,52485.6,52493.1,1635
2026-06-17 06:00:00+00:00,52492.3,52524.8,52467.8,52510.8,3166
2026-06-17 07:00:00+00:00,52511.3,52537.3,52455.3,52464.8,5289
2026-06-17 08:00:00+00:00,52464.3,52473.8,52397.3,52460.8,7635
2026-06-17 09:00:00+00:00,52461.3,52494.8,52435.8,52445.3,5369
2026-06-17 10:00:00+00:00,52445.8,52490.3,52408.8,52438.8,6044
2026-06-17 11:00:00+00:00,52439.3,52481.3,52415.8,52436.3,5518
2026-06-17 12:00:00+00:00,52435.8,52467.8,52415.3,52456.3,6838
2026-06-17 13:00:00+00:00,52455.3,52664.4,52413.3,52637.3,41434
2026-06-17 14:00:00+00:00,52638.3,52734.4,52474.9,52557.4,61570
2026-06-17 15:00:00+00:00,52556.4,52728.9,52530.4,52670.4,34710
2026-06-17 16:00:00+00:00,52670.9,52702.4,52621.4,52657.9,15647
2026-06-17 17:00:00+00:00,52657.4,52658.4,52540.9,52639.8,17070
2026-06-17 18:00:00+00:00,52635.8,52635.8,52237.4,52328.9,126483
2026-06-17 19:00:00+00:00,52329.9,52393.4,51840.4,51939.4,120791
2026-06-17 20:00:00+00:00,51942.6,52068.1,51932.1,52049.6,13669
2026-06-17 22:00:00+00:00,52060.5,52084.5,52011.6,52073.6,4735
2026-06-17 23:00:00+00:00,52074.1,52180.1,52070.1,52180.1,3289
2026-06-18 00:00:00+00:00,52179.6,52276.1,52167.6,52207.1,13418
2026-06-18 01:00:00+00:00,52207.6,52263.1,52202.1,52231.1,8150
2026-06-18 02:00:00+00:00,52230.6,52249.1,52223.1,52243.6,4148
2026-06-18 03:00:00+00:00,52243.1,52256.1,52213.1,52247.6,4383
2026-06-18 04:00:00+00:00,52247.1,52257.1,52194.1,52194.1,5222
2026-06-18 05:00:00+00:00,52195.1,52218.1,52182.1,52186.1,4950
2026-06-18 06:00:00+00:00,52185.3,52251.8,52161.3,52250.3,8309
2026-06-18 07:00:00+00:00,52249.8,52258.3,52194.8,52237.3,8049
2026-06-18 08:00:00+00:00,52237.8,52284.8,52136.8,52152.3,9148
2026-06-18 09:00:00+00:00,52152.8,52264.8,52138.8,52250.3,7552
2026-06-18 10:00:00+00:00,52249.3,52261.8,52151.8,52157.3,6592
2026-06-18 11:00:00+00:00,52158.8,52163.8,52007.3,52048.8,13559
2026-06-18 12:00:00+00:00,52048.3,52234.8,52040.3,52210.3,13648
2026-06-18 13:00:00+00:00,52209.8,52378.9,52116.9,52152.8,65049
2026-06-18 14:00:00+00:00,52153.8,52229.4,52005.9,52212.4,72517
2026-06-18 15:00:00+00:00,52213.4,52220.4,52024.4,52084.4,49626
2026-06-18 16:00:00+00:00,52083.9,52104.9,52018.9,52061.4,26351
2026-06-18 17:00:00+00:00,52062.9,52203.4,52048.9,52077.4,18296
2026-06-18 18:00:00+00:00,52077.9,52082.4,52023.4,52036.4,19327
2026-06-18 19:00:00+00:00,52036.9,52087.4,51966.4,51983.9,33281
2026-06-18 20:00:00+00:00,51985.1,52091.6,51969.6,52055.6,7294
2026-06-18 22:00:00+00:00,52062.0,52075.0,51971.1,51978.6,3289
2026-06-18 23:00:00+00:00,51978.1,52021.1,51970.1,52008.1,1995
2026-06-19 00:00:00+00:00,52007.6,52009.6,51964.1,51972.6,6711
2026-06-19 01:00:00+00:00,51973.1,51983.6,51910.0,51912.6,3762
2026-06-19 02:00:00+00:00,51912.1,51917.6,51863.1,51891.1,2698
2026-06-19 03:00:00+00:00,51891.6,51902.6,51843.1,51887.6,3090
2026-06-19 04:00:00+00:00,51888.1,51894.6,51801.5,51819.1,2710
2026-06-19 05:00:00+00:00,51821.1,51845.6,51796.1,51841.6,2877
2026-06-19 06:00:00+00:00,51840.8,51896.3,51814.8,51883.8,3286
2026-06-19 07:00:00+00:00,51883.3,51959.8,51883.3,51958.3,2745
2026-06-19 08:00:00+00:00,51958.8,52005.8,51938.3,51976.3,2534
2026-06-19 09:00:00+00:00,51976.8,52003.8,51956.8,51976.8,2966
2026-06-19 10:00:00+00:00,51977.3,51979.3,51843.3,51877.8,3175
2026-06-19 11:00:00+00:00,51877.3,51879.3,51826.3,51868.8,3002
2026-06-19 12:00:00+00:00,51869.3,51985.3,51794.3,51947.3,8486
2026-06-19 13:00:00+00:00,51946.3,51964.4,51894.9,51899.4,8535
2026-06-19 14:00:00+00:00,51897.4,51947.9,51855.4,51934.9,6202
2026-06-19 15:00:00+00:00,51934.4,51973.9,51910.4,51944.9,5114
2026-06-19 16:00:00+00:00,51944.4,51961.4,51875.8,51884.8,1536
2026-06-21 22:00:00+00:00,51818.5,51873.6,51716.5,51848.6,4391
2026-06-21 23:00:00+00:00,51848.1,51849.1,51736.6,51766.6,6489
2026-06-22 00:00:00+00:00,51766.1,51923.6,51744.6,51915.6,14902
2026-06-22 01:00:00+00:00,51916.6,51967.6,51916.6,51945.6,9367
2026-06-22 02:00:00+00:00,51946.1,51951.6,51843.6,51858.1,4925
2026-06-22 03:00:00+00:00,51858.6,51877.1,51839.6,51847.1,4347
2026-06-22 04:00:00+00:00,51846.6,51848.6,51812.0,51823.6,4938
2026-06-22 05:00:00+00:00,51824.1,51907.6,51822.6,51899.6,5439
2026-06-22 06:00:00+00:00,51897.8,51983.8,51892.8,51978.3,5888
2026-06-22 07:00:00+00:00,51977.8,52003.8,51938.3,51953.8,6503
2026-06-22 08:00:00+00:00,51955.3,51974.8,51919.3,51967.8,8916
2026-06-22 09:00:00+00:00,51968.3,52038.8,51956.3,51967.8,6759
2026-06-22 10:00:00+00:00,51967.3,52032.8,51966.8,51996.3,5096
2026-06-22 11:00:00+00:00,51996.8,52100.8,51983.3,52047.8,10467
2026-06-22 12:00:00+00:00,52048.3,52125.8,52039.8,52045.3,7780
2026-06-22 13:00:00+00:00,52044.8,52299.4,52042.8,52255.9,52479
2026-06-22 14:00:00+00:00,52256.4,52307.4,52066.4,52138.4,70458
2026-06-22 15:00:00+00:00,52140.4,52200.4,52063.4,52169.4,45261
2026-06-22 16:00:00+00:00,52168.9,52203.4,52102.4,52169.9,28206
2026-06-22 17:00:00+00:00,52170.4,52180.9,52076.4,52112.4,17748
2026-06-22 18:00:00+00:00,52112.9,52176.4,52022.4,52028.4,17014
2026-06-22 19:00:00+00:00,52033.4,52138.9,52008.4,52114.4,24614
2026-06-22 20:00:00+00:00,52117.1,52201.1,52104.6,52174.1,5759
2026-06-22 22:00:00+00:00,52167.0,52208.0,52130.0,52145.1,3156
2026-06-22 23:00:00+00:00,52144.5,52156.6,52110.5,52154.1,1556
2026-06-23 00:00:00+00:00,52153.6,52262.1,52135.6,52253.6,9123
2026-06-23 01:00:00+00:00,52254.1,52264.1,52121.1,52177.6,11403
2026-06-23 02:00:00+00:00,52178.1,52197.6,52128.6,52137.1,9723
2026-06-23 03:00:00+00:00,52137.6,52142.6,52048.6,52103.1,8851
2026-06-23 04:00:00+00:00,52103.6,52126.6,51986.6,51993.6,6667
2026-06-23 05:00:00+00:00,51994.1,52031.6,51921.1,51946.6,11067
2026-06-23 06:00:00+00:00,51945.8,51966.3,51857.3,51862.8,14155
2026-06-23 07:00:00+00:00,51862.3,51867.8,51697.3,51733.8,15529
2026-06-23 08:00:00+00:00,51734.3,51824.8,51692.3,51781.8,16085
2026-06-23 09:00:00+00:00,51782.3,51879.3,51764.8,51870.3,9470
2026-06-23 10:00:00+00:00,51870.8,51944.3,51816.3,51843.8,9782
2026-06-23 11:00:00+00:00,51843.3,51967.8,51821.3,51925.3,12732
2026-06-23 12:00:00+00:00,51924.8,51948.8,51846.3,51891.8,12189
2026-06-23 13:00:00+00:00,51892.3,52090.4,51694.9,51933.4,63950
2026-06-23 14:00:00+00:00,51932.4,52207.4,51913.9,52167.9,73780
2026-06-23 15:00:00+00:00,52167.4,52178.9,52021.9,52143.4,45729
2026-06-23 16:00:00+00:00,52143.9,52268.4,52136.4,52231.4,26046
2026-06-23 17:00:00+00:00,52231.9,52282.4,52162.4,52179.4,24031
2026-06-23 18:00:00+00:00,52179.9,52216.4,52045.4,52089.4,26105
2026-06-23 19:00:00+00:00,52088.4,52162.4,52048.9,52069.9,40734
2026-06-23 20:00:00+00:00,52072.1,52130.6,52056.1,52129.6,6238
2026-06-23 22:00:00+00:00,52105.0,52120.1,52014.1,52042.6,5826
2026-06-23 23:00:00+00:00,52043.1,52120.1,51972.1,52094.6,8040
2026-06-24 00:00:00+00:00,52094.1,52132.1,52037.5,52063.1,17816
2026-06-24 01:00:00+00:00,52063.6,52083.1,52026.1,52063.1,14729
2026-06-24 02:00:00+00:00,52062.6,52088.1,52003.1,52003.6,9988
2026-06-24 03:00:00+00:00,52004.1,52092.1,51985.6,52078.6,9831
2026-06-24 04:00:00+00:00,52079.1,52091.1,52018.6,52051.6,8260
2026-06-24 05:00:00+00:00,52052.6,52061.1,52007.6,52036.6,6725
2026-06-24 06:00:00+00:00,52034.3,52037.3,51982.8,52013.8,6917
2026-06-24 07:00:00+00:00,52015.3,52040.8,51962.3,51985.8,11535
2026-06-24 08:00:00+00:00,51985.8,52041.3,51985.3,52016.3,10551
2026-06-24 09:00:00+00:00,52015.8,52041.8,51965.8,52006.3,8081
2026-06-24 10:00:00+00:00,52005.8,52083.3,51971.8,52020.3,7197
2026-06-24 11:00:00+00:00,52022.3,52177.3,52018.3,52173.3,9300
2026-06-24 12:00:00+00:00,52173.8,52178.8,52030.8,52046.3,11349
2026-06-24 13:00:00+00:00,52048.3,52259.4,51934.8,52148.3,64258
2026-06-24 14:00:00+00:00,52152.8,52510.9,52132.4,52509.4,73126
2026-06-24 15:00:00+00:00,52510.9,52676.4,52464.9,52576.4,41832
2026-06-24 16:00:00+00:00,52576.9,52609.4,52450.9,52469.4,35778
2026-06-24 17:00:00+00:00,52470.9,52492.4,52158.4,52205.9,59648
2026-06-24 18:00:00+00:00,52208.9,52418.4,52193.9,52305.9,53082
2026-06-24 19:00:00+00:00,52308.9,52375.4,52189.9,52286.4,54635
2026-06-24 20:00:00+00:00,52287.1,52421.1,52260.5,52392.6,16921
2026-06-24 22:00:00+00:00,52385.0,52405.5,52304.1,52311.1,5498
2026-06-24 23:00:00+00:00,52311.6,52361.1,52295.1,52331.6,3228
2026-06-25 00:00:00+00:00,52332.1,52337.6,52237.6,52249.1,11452
2026-06-25 01:00:00+00:00,52249.6,52304.6,52234.1,52259.6,9369
2026-06-25 02:00:00+00:00,52260.1,52295.6,52249.1,52281.1,5609
2026-06-25 03:00:00+00:00,52281.6,52302.6,52260.1,52301.1,4353
2026-06-25 04:00:00+00:00,52301.6,52305.6,52220.1,52231.6,3599
2026-06-25 05:00:00+00:00,52232.1,52288.6,52231.5,52270.6,3907
2026-06-25 06:00:00+00:00,52269.8,52366.3,52269.8,52332.8,5316
2026-06-25 07:00:00+00:00,52331.8,52364.8,52327.8,52348.3,6713
2026-06-25 08:00:00+00:00,52347.8,52364.8,52295.3,52305.3,6300
2026-06-25 09:00:00+00:00,52305.8,52359.3,52298.3,52339.8,5461
2026-06-25 10:00:00+00:00,52340.3,52464.3,52337.8,52425.8,5228
2026-06-25 11:00:00+00:00,52425.3,52430.8,52338.3,52339.8,6137
2026-06-25 12:00:00+00:00,52339.3,52465.8,52309.3,52406.3,15819
2026-06-25 13:00:00+00:00,52407.3,52683.4,52398.3,52464.9,75281
2026-06-25 14:00:00+00:00,52464.4,53094.8,52459.9,52904.9,109142
2026-06-25 15:00:00+00:00,52904.4,52937.4,52609.9,52669.4,78511
2026-06-25 16:00:00+00:00,52669.9,52747.4,52438.9,52466.9,55895
2026-06-25 17:00:00+00:00,52467.9,52521.9,52340.4,52439.9,45697
2026-06-25 18:00:00+00:00,52440.4,52569.8,52305.4,52393.9,56165
2026-06-25 19:00:00+00:00,52393.4,52428.4,52293.4,52372.4,44157
2026-06-25 20:00:00+00:00,52372.6,52531.5,52363.1,52454.5,10399
2026-06-25 22:00:00+00:00,52443.5,52454.5,52403.5,52430.1,4488
2026-06-25 23:00:00+00:00,52430.6,52530.6,52362.6,52396.6,7330
2026-06-26 00:00:00+00:00,52397.5,52475.1,52379.6,52435.6,19246
2026-06-26 01:00:00+00:00,52436.6,52463.1,52317.6,52341.1,15424
2026-06-26 02:00:00+00:00,52340.6,52348.6,52230.6,52239.6,14827
2026-06-26 03:00:00+00:00,52238.6,52281.1,52191.1,52278.6,11851
2026-06-26 04:00:00+00:00,52279.1,52287.6,52221.1,52227.6,10259
2026-06-26 05:00:00+00:00,52227.1,52284.6,52169.1,52221.6,9913
2026-06-26 06:00:00+00:00,52223.3,52425.3,52215.8,52399.8,10262
2026-06-26 07:00:00+00:00,52399.3,52448.3,52345.3,52434.3,9860
2026-06-26 08:00:00+00:00,52434.8,52458.3,52281.8,52319.3,12768
2026-06-26 09:00:00+00:00,52318.8,52341.3,52255.3,52290.8,13461
2026-06-26 10:00:00+00:00,52290.3,52302.3,52235.8,52285.3,9897
2026-06-26 11:00:00+00:00,52285.8,52316.3,52243.3,52278.8,11326
2026-06-26 12:00:00+00:00,52281.3,52395.3,52191.8,52248.3,15243
2026-06-26 13:00:00+00:00,52248.8,52255.3,52009.4,52200.3,93020
2026-06-26 14:00:00+00:00,52199.8,52434.9,52184.4,52289.4,83717
2026-06-26 15:00:00+00:00,52289.9,52544.4,52274.4,52504.4,61493
2026-06-26 16:00:00+00:00,52506.4,52508.9,52243.9,52376.9,45305
2026-06-26 17:00:00+00:00,52380.4,52476.4,52292.4,52311.9,35223
2026-06-26 18:00:00+00:00,52316.4,52370.9,52219.9,52240.9,33226
2026-06-26 19:00:00+00:00,52241.4,52322.9,52159.9,52180.9,46963
2026-06-26 20:00:00+00:00,52183.1,52307.1,52132.1,52289.6,15050
2026-06-28 22:00:00+00:00,52239.5,52356.5,52225.5,52338.6,4876
2026-06-28 23:00:00+00:00,52338.1,52453.6,52329.5,52406.5,5407
2026-06-29 00:00:00+00:00,52405.5,52409.1,52308.6,52369.6,17904
2026-06-29 01:00:00+00:00,52369.1,52378.6,52274.1,52330.1,14338
2026-06-29 02:00:00+00:00,52330.6,52374.1,52259.6,52363.6,8463
2026-06-29 03:00:00+00:00,52364.1,52403.1,52310.6,52387.6,6481
2026-06-29 04:00:00+00:00,52388.1,52388.1,52344.1,52362.6,5397
2026-06-29 05:00:00+00:00,52363.1,52443.1,52351.6,52434.1,6978
2026-06-29 06:00:00+00:00,52434.3,52434.8,52344.3,52353.8,5733
2026-06-29 07:00:00+00:00,52354.8,52421.8,52291.3,52413.3,8516
2026-06-29 08:00:00+00:00,52413.8,52468.3,52362.3,52366.8,8455
2026-06-29 09:00:00+00:00,52366.3,52424.3,52336.3,52374.3,6056
2026-06-29 10:00:00+00:00,52374.8,52454.8,52343.3,52451.3,5307
2026-06-29 11:00:00+00:00,52450.8,52497.3,52403.8,52465.8,7305
2026-06-29 12:00:00+00:00,52466.3,52474.3,52387.3,52463.8,7354
2026-06-29 13:00:00+00:00,52463.3,52685.4,52380.9,52552.9,69246
2026-06-29 14:00:00+00:00,52553.9,52696.9,52324.4,52597.4,101178
2026-06-29 15:00:00+00:00,52597.9,52602.9,52434.4,52490.4,40118
2026-06-29 16:00:00+00:00,52491.9,52543.9,52456.4,52492.9,19175
2026-06-29 17:00:00+00:00,52493.4,52630.4,52487.4,52615.4,16838
2026-06-29 18:00:00+00:00,52614.9,52657.4,52597.9,52614.4,13864
2026-06-29 19:00:00+00:00,52613.9,52628.9,52534.4,52556.4,17181
2026-06-29 20:00:00+00:00,52557.6,52583.6,52533.5,52537.6,3685
2026-06-29 22:00:00+00:00,52543.0,52563.6,52520.6,52533.1,3054
2026-06-29 23:00:00+00:00,52532.0,52557.5,52498.0,52520.1,2523
2026-06-30 00:00:00+00:00,52519.6,52532.1,52469.6,52520.1,8963
2026-06-30 01:00:00+00:00,52520.6,52562.1,52493.6,52550.6,5842
2026-06-30 02:00:00+00:00,52551.1,52551.6,52503.0,52511.6,3887
2026-06-30 03:00:00+00:00,52512.1,52591.1,52509.1,52567.1,3442
2026-06-30 04:00:00+00:00,52566.6,52610.1,52564.6,52581.6,2596
2026-06-30 05:00:00+00:00,52582.6,52604.6,52568.6,52592.6,3622
2026-06-30 06:00:00+00:00,52590.8,52605.8,52556.8,52605.8,4715
2026-06-30 07:00:00+00:00,52605.3,52640.8,52579.8,52589.8,5737
2026-06-30 08:00:00+00:00,52592.8,52623.3,52544.3,52596.3,7838
2026-06-30 09:00:00+00:00,52596.8,52700.8,52590.3,52668.3,5552
2026-06-30 10:00:00+00:00,52669.8,52691.3,52607.8,52673.8,5455
2026-06-30 11:00:00+00:00,52673.3,52714.8,52612.3,52616.3,5356
2026-06-30 12:00:00+00:00,52616.8,52617.8,52492.8,52546.8,9682
2026-06-30 13:00:00+00:00,52546.3,52664.3,52385.4,52613.3,46424
2026-06-30 14:00:00+00:00,52614.8,52733.4,52549.4,52613.4,41978
2026-06-30 15:00:00+00:00,52613.9,52727.9,52606.4,52680.4,24622
2026-06-30 16:00:00+00:00,52680.9,52763.4,52675.4,52745.4,13632
2026-06-30 17:00:00+00:00,52744.4,52765.4,52698.4,52702.4,10213
2026-06-30 18:00:00+00:00,52702.9,52739.4,52673.4,52714.4,10622
2026-06-30 19:00:00+00:00,52713.9,52756.4,52646.9,52676.8,20196
2026-06-30 20:00:00+00:00,52676.6,52709.6,52564.1,52573.1,5841
2026-06-30 22:00:00+00:00,52572.5,52612.6,52569.0,52579.6,2227
2026-06-30 23:00:00+00:00,52580.1,52589.1,52564.1,52575.6,1544
2026-07-01 00:00:00+00:00,52576.1,52629.6,52574.6,52608.1,5252
2026-07-01 01:00:00+00:00,52607.6,52617.6,52531.6,52537.6,7299
2026-07-01 02:00:00+00:00,52538.1,52549.1,52469.1,52495.1,5797
2026-07-01 03:00:00+00:00,52496.1,52512.6,52467.6,52505.6,3668
2026-07-01 04:00:00+00:00,52505.1,52533.6,52486.6,52513.1,4061
2026-07-01 05:00:00+00:00,52512.6,52522.6,52486.6,52502.6,4637
2026-07-01 06:00:00+00:00,52501.8,52534.8,52486.8,52515.3,5508
2026-07-01 07:00:00+00:00,52514.8,52535.8,52427.8,52498.3,7492
2026-07-01 08:00:00+00:00,52497.3,52573.8,52479.3,52561.3,6406
2026-07-01 09:00:00+00:00,52561.8,52565.3,52510.3,52547.8,4633
2026-07-01 10:00:00+00:00,52548.3,52574.3,52505.8,52556.3,4125
2026-07-01 11:00:00+00:00,52555.8,52586.8,52504.3,52520.3,4459
2026-07-01 12:00:00+00:00,52520.8,52553.3,52462.8,52529.8,10924
2026-07-01 13:00:00+00:00,52530.3,52654.9,52382.4,52633.3,59414
2026-07-01 14:00:00+00:00,52636.8,52808.4,52587.9,52805.9,41245
2026-07-01 15:00:00+00:00,52806.4,52989.9,52761.4,52986.4,26589
2026-07-01 16:00:00+00:00,52987.4,53106.4,52864.9,52867.4,18428
2026-07-01 17:00:00+00:00,52866.9,52898.4,52759.9,52769.4,18440
2026-07-01 18:00:00+00:00,52769.9,52792.9,52692.4,52724.9,14928
2026-07-01 19:00:00+00:00,52725.4,52747.9,52656.9,52665.4,19851
2026-07-01 20:00:00+00:00,52666.6,52669.6,52572.6,52602.6,6947
2026-07-01 22:00:00+00:00,52638.0,52638.0,52578.5,52621.5,2504
2026-07-01 23:00:00+00:00,52622.1,52631.1,52583.6,52610.6,2292
2026-07-02 00:00:00+00:00,52611.1,52618.6,52563.6,52613.6,10274
2026-07-02 01:00:00+00:00,52614.1,52698.6,52610.6,52683.1,4978
2026-07-02 02:00:00+00:00,52682.1,52723.6,52679.6,52720.1,2834
2026-07-02 03:00:00+00:00,52720.6,52738.6,52707.1,52724.1,3199
2026-07-02 04:00:00+00:00,52724.6,52726.1,52669.6,52688.1,3025
2026-07-02 05:00:00+00:00,52689.6,52707.1,52653.6,52655.6,4250
2026-07-02 06:00:00+00:00,52653.8,52666.3,52589.3,52591.8,5551
2026-07-02 07:00:00+00:00,52592.3,52655.3,52551.8,52633.3,7603
2026-07-02 08:00:00+00:00,52633.8,52722.3,52616.8,52687.3,8082
2026-07-02 09:00:00+00:00,52688.3,52713.8,52663.8,52700.8,4400
2026-07-02 10:00:00+00:00,52701.3,52773.8,52682.3,52759.8,4140
2026-07-02 11:00:00+00:00,52760.3,52783.8,52730.8,52732.3,4507
2026-07-02 12:00:00+00:00,52731.8,52948.3,52712.8,52871.3,19798
2026-07-02 13:00:00+00:00,52870.3,53128.4,52805.8,53036.3,59598
2026-07-02 14:00:00+00:00,53034.8,53142.9,52925.4,53118.4,90249
2026-07-02 15:00:00+00:00,53117.4,53120.9,52922.4,53010.9,76549
2026-07-02 16:00:00+00:00,53010.4,53040.4,52922.9,52959.4,42924
2026-07-02 17:00:00+00:00,52957.9,52962.4,52768.9,52786.9,43042
2026-07-02 18:00:00+00:00,52787.4,53039.9,52766.4,52999.9,30669
2026-07-02 19:00:00+00:00,53000.4,53219.9,52916.9,53171.4,33751
2026-07-02 20:00:00+00:00,53172.6,53182.6,53141.1,53172.6,6933
2026-07-02 22:00:00+00:00,53159.5,53196.6,53146.5,53195.6,1342
2026-07-02 23:00:00+00:00,53194.5,53230.6,53182.5,53222.6,2290
2026-07-03 00:00:00+00:00,53222.1,53282.6,53191.6,53265.6,8902
2026-07-03 01:00:00+00:00,53266.1,53403.1,53259.1,53357.6,6184
2026-07-03 02:00:00+00:00,53358.6,53374.6,53316.1,53338.6,2239
2026-07-03 03:00:00+00:00,53338.1,53344.6,53305.1,53339.6,1958
2026-07-03 04:00:00+00:00,53340.1,53346.1,53316.1,53318.1,1400
2026-07-03 05:00:00+00:00,53317.6,53321.6,53262.6,53266.6,2671
2026-07-03 06:00:00+00:00,53265.8,53324.8,53262.3,53308.8,3149
2026-07-03 07:00:00+00:00,53309.3,53346.8,53224.3,53224.3,3493
2026-07-03 08:00:00+00:00,53224.8,53230.3,53124.3,53128.8,2955
2026-07-03 09:00:00+00:00,53127.8,53162.3,53119.3,53120.3,2720
2026-07-03 10:00:00+00:00,53119.3,53164.8,53105.8,53122.8,1745
2026-07-03 11:00:00+00:00,53122.3,53122.3,53075.8,53106.8,2000
2026-07-03 12:00:00+00:00,53107.3,53126.3,53075.8,53118.3,2528
2026-07-03 13:00:00+00:00,53118.8,53155.9,53083.8,53128.9,6324
2026-07-03 14:00:00+00:00,53127.9,53248.4,53111.4,53241.4,5394
2026-07-03 15:00:00+00:00,53241.9,53243.4,53148.4,53180.4,4170
2026-07-03 16:00:00+00:00,53180.9,53185.9,53155.9,53161.3,2066
2026-07-05 22:00:00+00:00,53207.0,53211.5,53141.6,53182.6,1985
2026-07-05 23:00:00+00:00,53182.1,53261.6,53176.1,53259.1,2204
2026-07-06 00:00:00+00:00,53259.6,53299.6,53206.1,53276.6,10687
2026-07-06 01:00:00+00:00,53277.1,53280.1,53223.6,53242.6,7398
2026-07-06 02:00:00+00:00,53243.6,53251.6,53177.1,53195.6,5273
2026-07-06 03:00:00+00:00,53195.1,53195.1,53155.6,53167.1,4041
2026-07-06 04:00:00+00:00,53166.6,53195.6,53149.6,53185.1,2770
2026-07-06 05:00:00+00:00,53185.6,53214.1,53172.1,53183.1,3740
2026-07-06 06:00:00+00:00,53182.3,53201.8,53172.8,53197.3,3133
2026-07-06 07:00:00+00:00,53196.8,53300.8,53188.8,53295.3,4083
2026-07-06 08:00:00+00:00,53294.8,53312.3,53223.8,53243.3,4750
2026-07-06 09:00:00+00:00,53243.8,53244.3,53180.8,53206.8,3876
2026-07-06 10:00:00+00:00,53207.8,53242.8,53165.8,53186.8,3093
2026-07-06 11:00:00+00:00,53187.3,53206.8,53109.3,53119.8,4073
2026-07-06 12:00:00+00:00,53118.3,53165.8,53099.8,53135.8,5776
2026-07-06 13:00:00+00:00,53135.3,53383.4,53040.4,53066.8,47723
2026-07-06 14:00:00+00:00,53066.8,53194.4,52963.4,53193.4,45066
2026-07-06 15:00:00+00:00,53193.9,53228.9,53145.4,53181.4,23065
2026-07-06 16:00:00+00:00,53181.9,53244.4,53144.4,53209.4,12311
2026-07-06 17:00:00+00:00,53209.9,53280.9,53183.9,53224.4,14524
2026-07-06 18:00:00+00:00,53224.9,53332.4,53224.9,53332.4,11012
2026-07-06 19:00:00+00:00,53332.9,53380.9,53271.9,53379.4,16635
2026-07-06 20:00:00+00:00,53382.1,53422.1,53368.1,53421.5,3642
2026-07-06 22:00:00+00:00,53407.5,53441.6,53407.5,53427.6,1189
2026-07-06 23:00:00+00:00,53428.1,53443.1,53356.6,53367.1,1780
2026-07-07 00:00:00+00:00,53366.6,53421.6,53357.6,53396.1,6393
2026-07-07 01:00:00+00:00,53396.6,53473.6,53391.6,53442.6,3535
2026-07-07 02:00:00+00:00,53441.6,53452.1,53411.1,53411.1,1861
2026-07-07 03:00:00+00:00,53410.1,53446.6,53409.6,53424.6,2534
2026-07-07 04:00:00+00:00,53425.1,53438.1,53369.5,53381.6,1723
2026-07-07 05:00:00+00:00,53381.1,53412.1,53362.1,53409.6,2644
2026-07-07 06:00:00+00:00,53408.3,53413.8,53343.3,53389.3,2269
2026-07-07 07:00:00+00:00,53389.8,53478.3,53374.3,53444.3,3410
2026-07-07 08:00:00+00:00,53444.8,53521.3,53414.3,53463.3,4153
2026-07-07 09:00:00+00:00,53462.3,53503.8,53443.8,53489.3,2712
2026-07-07 10:00:00+00:00,53488.8,53501.8,53412.8,53439.8,3023
2026-07-07 11:00:00+00:00,53441.3,53533.8,53424.3,53519.8,3786
2026-07-07 12:00:00+00:00,53519.3,53623.3,53500.8,53592.3,5168
2026-07-07 13:00:00+00:00,53591.8,53656.3,53336.9,53370.4,45543
2026-07-07 14:00:00+00:00,53369.9,53405.9,53184.9,53188.4,55973
2026-07-07 15:00:00+00:00,53187.4,53193.4,53079.4,53180.9,30284
2026-07-07 16:00:00+00:00,53180.4,53223.9,53152.4,53200.4,16656
2026-07-07 17:00:00+00:00,53199.4,53252.4,53157.9,53216.9,11845
2026-07-07 18:00:00+00:00,53217.4,53264.9,53181.4,53201.4,15961
2026-07-07 19:00:00+00:00,53200.9,53266.9,53124.9,53212.4,27917
2026-07-07 20:00:00+00:00,53214.6,53217.6,53153.1,53203.1,3888
2026-07-07 22:00:00+00:00,53170.0,53196.0,53131.0,53173.1,3218
2026-07-07 23:00:00+00:00,53173.5,53200.6,53134.6,53139.6,3086
2026-07-08 00:00:00+00:00,53138.1,53199.6,53097.6,53199.1,11558
2026-07-08 01:00:00+00:00,53200.1,53211.1,53158.6,53169.6,6329
2026-07-08 02:00:00+00:00,53169.1,53176.6,53117.1,53141.6,4553
2026-07-08 03:00:00+00:00,53142.1,53175.1,53139.6,53142.1,2884
2026-07-08 04:00:00+00:00,53141.6,53171.6,53133.1,53158.6,3852
2026-07-08 05:00:00+00:00,53158.1,53168.6,53095.6,53118.1,5092
2026-07-08 06:00:00+00:00,53117.3,53119.8,53026.3,53057.3,5883
2026-07-08 07:00:00+00:00,53057.8,53062.3,52979.3,52996.8,10290
2026-07-08 08:00:00+00:00,52999.8,53011.3,52545.3,52553.8,36851
2026-07-08 09:00:00+00:00,52553.3,52576.8,52472.8,52502.3,19030
2026-07-08 10:00:00+00:00,52502.8,52662.3,52471.3,52624.8,13530
2026-07-08 11:00:00+00:00,52624.3,52772.3,52574.3,52692.3,16148
2026-07-08 12:00:00+00:00,52691.8,52818.8,52656.8,52698.8,15225
2026-07-08 13:00:00+00:00,52699.3,52795.4,52602.9,52660.9,65301
2026-07-08 14:00:00+00:00,52660.4,52748.4,52423.4,52467.4,79079
2026-07-08 15:00:00+00:00,52467.9,52477.4,52343.9,52385.9,47765
2026-07-08 16:00:00+00:00,52385.4,52613.4,52385.4,52588.4,36004
2026-07-08 17:00:00+00:00,52588.9,52692.4,52564.9,52599.9,22250
2026-07-08 18:00:00+00:00,52598.9,52680.9,52576.9,52656.4,20656
2026-07-08 19:00:00+00:00,52656.9,52669.4,52575.9,52625.4,21136
2026-07-08 20:00:00+00:00,52628.1,52629.1,52534.1,52568.6,6515
2026-07-08 22:00:00+00:00,52563.0,52595.1,52544.6,52574.6,1817
2026-07-08 23:00:00+00:00,52575.1,52606.6,52565.6,52599.1,2279
2026-07-09 00:00:00+00:00,52598.6,52664.6,52579.1,52660.6,7350
2026-07-09 01:00:00+00:00,52662.1,52687.6,52640.6,52673.6,5076
2026-07-09 02:00:00+00:00,52674.1,52698.1,52647.1,52660.1,4945
2026-07-09 03:00:00+00:00,52660.6,52702.6,52641.6,52695.6,3888
2026-07-09 04:00:00+00:00,52695.1,52727.1,52686.6,52720.1,2655
2026-07-09 05:00:00+00:00,52720.6,52757.1,52673.1,52755.6,5824
2026-07-09 06:00:00+00:00,52753.8,52762.3,52690.8,52705.3,4343
2026-07-09 07:00:00+00:00,52705.8,52738.8,52675.8,52698.8,6167
2026-07-09 08:00:00+00:00,52698.3,52715.8,52638.3,52671.3,6862
2026-07-09 09:00:00+00:00,52670.8,52675.3,52570.8,52626.3,5630
2026-07-09 10:00:00+00:00,52627.3,52639.8,52503.3,52562.8,7369
2026-07-09 11:00:00+00:00,52563.3,52597.3,52528.3,52591.3,8130
2026-07-09 12:00:00+00:00,52590.8,52687.3,52585.3,52650.3,8928
2026-07-09 13:00:00+00:00,52649.3,52750.8,52550.4,52678.9,46726
2026-07-09 14:00:00+00:00,52679.4,52779.4,52624.4,52776.9,56973
2026-07-09 15:00:00+00:00,52777.4,52854.9,52716.9,52775.4,21464
2026-07-09 16:00:00+00:00,52774.9,52866.9,52774.4,52802.9,12200
2026-07-09 17:00:00+00:00,52803.4,52849.4,52783.4,52818.4,10487
2026-07-09 18:00:00+00:00,52817.4,52854.4,52740.9,52757.4,10113
2026-07-09 19:00:00+00:00,52757.9,52774.4,52700.4,52772.9,14456
2026-07-09 20:00:00+00:00,52775.1,52789.6,52715.1,52716.5,3222
2026-07-09 22:00:00+00:00,52739.0,52760.6,52718.5,52750.6,1747
2026-07-09 23:00:00+00:00,52749.6,52770.6,52735.1,52751.1,1408
2026-07-10 00:00:00+00:00,52751.6,52756.1,52714.1,52734.6,3507
2026-07-10 01:00:00+00:00,52735.1,52747.6,52725.1,52734.1,2872
2026-07-10 02:00:00+00:00,52734.6,52749.6,52719.1,52747.1,1885
2026-07-10 03:00:00+00:00,52747.6,52766.1,52733.1,52740.1,1190
2026-07-10 04:00:00+00:00,52740.6,52744.1,52707.1,52712.1,1341
2026-07-10 05:00:00+00:00,52712.6,52749.6,52708.1,52747.1,1417
2026-07-10 06:00:00+00:00,52746.3,52820.3,52746.3,52788.8,3622
2026-07-10 07:00:00+00:00,52794.3,52849.8,52782.3,52808.3,4361
2026-07-10 08:00:00+00:00,52808.8,52870.8,52770.3,52797.8,5621
2026-07-10 09:00:00+00:00,52798.3,52850.8,52779.8,52819.3,3919
2026-07-10 10:00:00+00:00,52819.8,52897.3,52819.8,52884.8,3267
2026-07-10 11:00:00+00:00,52884.3,52889.3,52802.8,52824.8,4168
2026-07-10 12:00:00+00:00,52825.8,52953.8,52786.8,52887.3,10108
2026-07-10 13:00:00+00:00,52886.8,52939.8,52775.4,52815.9,39468
2026-07-10 14:00:00+00:00,52815.4,52860.9,52507.3,52786.4,51682
2026-07-10 15:00:00+00:00,52788.9,52924.4,52778.4,52868.4,29897
2026-07-10 16:00:00+00:00,52867.4,52911.9,52815.4,52902.9,13096
2026-07-10 17:00:00+00:00,52901.4,52936.4,52880.4,52906.4,8202
2026-07-10 18:00:00+00:00,52906.9,52957.4,52893.9,52947.4,7477
2026-07-10 19:00:00+00:00,52946.4,52986.4,52894.9,52918.9,10554
2026-07-10 20:00:00+00:00,52921.1,52973.1,52912.1,52968.1,1883
2026-07-12 22:00:00+00:00,52853.0,52865.5,52753.6,52819.6,1907
2026-07-12 23:00:00+00:00,52819.1,52823.1,52775.6,52809.6,1908
2026-07-13 00:00:00+00:00,52809.1,52845.6,52763.6,52781.1,9958
2026-07-13 01:00:00+00:00,52781.6,52782.1,52724.1,52740.6,7875
2026-07-13 02:00:00+00:00,52742.6,52748.6,52714.1,52720.6,4160
2026-07-13 03:00:00+00:00,52721.1,52722.6,52693.1,52699.1,2548
2026-07-13 04:00:00+00:00,52699.6,52715.6,52678.6,52689.1,2356
2026-07-13 05:00:00+00:00,52688.6,52726.6,52658.1,52710.6,5361
2026-07-13 06:00:00+00:00,52709.8,52831.8,52708.3,52828.3,6005
2026-07-13 07:00:00+00:00,52828.8,52895.3,52802.3,52853.8,6564
2026-07-13 08:00:00+00:00,52854.3,52949.8,52848.3,52948.3,6535
2026-07-13 09:00:00+00:00,52948.8,52983.8,52924.3,52926.3,3754
2026-07-13 10:00:00+00:00,52927.3,52928.3,52881.8,52896.3,3843
2026-07-13 11:00:00+00:00,52895.8,52913.8,52832.3,52845.8,5396
2026-07-13 12:00:00+00:00,52845.3,52884.8,52806.3,52883.3,8032
2026-07-13 13:00:00+00:00,52883.8,53112.4,52857.3,53090.4,48466
2026-07-13 14:00:00+00:00,53089.9,53114.4,52771.4,52831.4,57484
2026-07-13 15:00:00+00:00,52831.9,52849.8,52745.4,52754.4,22229
2026-07-13 16:00:00+00:00,52753.9,52769.4,52603.9,52711.4,27684
2026-07-13 17:00:00+00:00,52711.9,52791.4,52707.4,52717.9,19908
2026-07-13 18:00:00+00:00,52718.4,52785.8,52694.4,52752.4,17970
2026-07-13 19:00:00+00:00,52751.9,52786.4,52675.4,52765.9,20889
2026-07-13 20:00:00+00:00,52767.1,52768.1,52682.0,52722.6,5829
2026-07-13 22:00:00+00:00,52720.0,52759.5,52693.0,52697.1,2555
2026-07-13 23:00:00+00:00,52697.6,52697.6,52642.6,52696.6,3652
2026-07-14 00:00:00+00:00,52697.1,52721.1,52573.6,52648.6,22960
2026-07-14 01:00:00+00:00,52649.1,52680.6,52604.1,52618.6,11726
2026-07-14 02:00:00+00:00,52619.1,52657.6,52581.6,52589.1,8786
2026-07-14 03:00:00+00:00,52589.6,52611.6,52562.1,52599.1,7053
2026-07-14 04:00:00+00:00,52599.6,52693.1,52580.1,52685.1,5802
2026-07-14 05:00:00+00:00,52684.6,52746.6,52676.6,52719.1,5414
2026-07-14 06:00:00+00:00,52718.3,52739.8,52634.3,52635.8,5844
2026-07-14 07:00:00+00:00,52635.3,52695.8,52570.8,52633.3,13263
2026-07-14 08:00:00+00:00,52632.8,52649.8,52559.3,52585.3,11920
2026-07-14 09:00:00+00:00,52584.8,52670.8,52564.8,52643.3,9756
2026-07-14 10:00:00+00:00,52643.8,52768.8,52562.3,52583.8,10426
2026-07-14 11:00:00+00:00,52582.8,52607.8,52257.8,52464.3,20995
2026-07-14 12:00:00+00:00,52463.8,52896.8,52417.3,52629.8,26435
2026-07-14 13:00:00+00:00,52630.8,52888.9,52572.9,52820.4,63945
2026-07-14 14:00:00+00:00,52824.9,52976.8,52749.4,52763.9,70631
2026-07-14 15:00:00+00:00,52763.4,52876.8,52580.4,52664.4,39843
2026-07-14 16:00:00+00:00,52663.9,52704.4,52601.9,52675.4,22020
2026-07-14 17:00:00+00:00,52676.9,52732.4,52653.9,52682.9,13175
2026-07-14 18:00:00+00:00,52682.4,52750.4,52656.4,52741.4,12035
2026-07-14 19:00:00+00:00,52741.9,52825.9,52734.4,52781.4,15952
2026-07-14 20:00:00+00:00,52782.6,52814.1,52775.6,52809.0,3114
2026-07-14 22:00:00+00:00,52791.0,52818.5,52761.6,52792.6,1615
2026-07-14 23:00:00+00:00,52793.1,52872.6,52790.1,52866.6,2251
2026-07-15 00:00:00+00:00,52867.1,52873.6,52777.1,52828.1,4336
2026-07-15 01:00:00+00:00,52828.6,52842.6,52800.6,52825.1,3620
2026-07-15 02:00:00+00:00,52825.6,52850.6,52815.1,52829.6,1731
2026-07-15 03:00:00+00:00,52830.1,52851.6,52824.6,52846.6,1188
2026-07-15 04:00:00+00:00,52847.1,52867.1,52841.1,52852.6,933
2026-07-15 05:00:00+00:00,52856.6,52875.6,52818.6,52848.6,3336
2026-07-15 06:00:00+00:00,52843.3,52843.8,52787.3,52793.3,2336
2026-07-15 07:00:00+00:00,52793.8,52793.8,52699.8,52752.3,5469
2026-07-15 08:00:00+00:00,52753.3,52889.3,52746.8,52884.3,5924
2026-07-15 09:00:00+00:00,52883.8,52926.3,52870.8,52880.8,3332
2026-07-15 10:00:00+00:00,52880.3,52905.3,52773.8,52811.8,4540
2026-07-15 11:00:00+00:00,52811.3,52827.3,52742.8,52812.3,4763
2026-07-15 12:00:00+00:00,52812.8,52942.8,52767.3,52892.3,8206
2026-07-15 13:00:00+00:00,52891.8,53089.9,52764.8,52946.4,46425
2026-07-15 14:00:00+00:00,52946.9,53086.4,52904.4,52959.4,55458
2026-07-15 15:00:00+00:00,52959.9,52997.4,52882.4,52890.4,30599
2026-07-15 16:00:00+00:00,52891.4,52899.9,52681.4,52794.4,30917
2026-07-15 17:00:00+00:00,52792.9,52929.9,52763.9,52921.4,17402
2026-07-15 18:00:00+00:00,52921.9,52952.4,52857.9,52862.4,13157
2026-07-15 19:00:00+00:00,52861.9,52921.4,52836.4,52915.4,16836
2026-07-15 20:00:00+00:00,52916.6,52943.6,52885.1,52902.1,2738
2026-07-15 22:00:00+00:00,52908.5,52939.6,52902.0,52913.1,1389
2026-07-15 23:00:00+00:00,52912.5,52943.1,52909.1,52912.6,1244
2026-07-16 00:00:00+00:00,52911.6,52968.6,52910.1,52927.6,5543
2026-07-16 01:00:00+00:00,52928.1,52929.1,52877.1,52886.1,4710
2026-07-16 02:00:00+00:00,52886.6,52928.1,52856.6,52926.6,3390
2026-07-16 03:00:00+00:00,52927.1,52970.6,52922.1,52959.6,2418
2026-07-16 04:00:00+00:00,52960.1,52974.6,52941.1,52957.1,1550
2026-07-16 05:00:00+00:00,52957.6,52999.1,52929.1,52934.1,3834
2026-07-16 06:00:00+00:00,52933.3,52964.3,52898.8,52944.8,5099
2026-07-16 07:00:00+00:00,52944.3,52950.3,52834.8,52847.3,6958
2026-07-16 08:00:00+00:00,52846.3,52932.8,52841.3,52904.3,7972
2026-07-16 09:00:00+00:00,52904.8,53058.3,52835.8,53025.8,6306
2026-07-16 10:00:00+00:00,53026.8,53054.3,52968.3,52991.8,6827
2026-07-16 11:00:00+00:00,52991.3,53032.3,52860.8,52983.3,10595
2026-07-16 12:00:00+00:00,52982.3,53004.8,52882.3,52907.8,12189
2026-07-16 13:00:00+00:00,52908.3,53087.9,52852.4,52867.8,55471
2026-07-16 14:00:00+00:00,52868.3,53067.9,52857.4,53054.4,46779
2026-07-16 15:00:00+00:00,53053.9,53109.4,52987.4,53011.4,29018
2026-07-16 16:00:00+00:00,53010.9,53017.4,52825.9,52959.4,30878
2026-07-16 17:00:00+00:00,52958.4,52977.9,52771.4,52780.9,22781
2026-07-16 18:00:00+00:00,52780.4,52786.4,52687.4,52715.4,23596
2026-07-16 19:00:00+00:00,52714.4,52796.9,52611.4,52787.4,30271
2026-07-16 20:00:00+00:00,52788.6,52790.1,52728.5,52745.6,5663
2026-07-16 22:00:00+00:00,52773.5,52787.0,52722.1,52731.1,2419
2026-07-16 23:00:00+00:00,52732.0,52733.5,52686.1,52697.1,2302
2026-07-17 00:00:00+00:00,52697.6,52708.1,52599.1,52616.6,8381
2026-07-17 01:00:00+00:00,52617.1,52624.1,52504.6,52516.6,7581
2026-07-17 02:00:00+00:00,52516.1,52530.1,52469.6,52495.1,4599
2026-07-17 03:00:00+00:00,52494.6,52537.6,52449.1,52450.1,4531
2026-07-17 04:00:00+00:00,52449.6,52455.1,52363.1,52389.6,6754
2026-07-17 05:00:00+00:00,52390.1,52398.1,52325.1,52392.1,6967
2026-07-17 06:00:00+00:00,52390.3,52490.8,52389.3,52446.8,7858
2026-07-17 07:00:00+00:00,52446.3,52537.3,52431.3,52517.3,11272
2026-07-17 08:00:00+00:00,52516.8,52566.3,52397.8,52421.3,16468
2026-07-17 09:00:00+00:00,52421.8,52453.8,52369.8,52431.3,10247
2026-07-17 10:00:00+00:00,52432.3,52576.3,52411.3,52517.3,8587
2026-07-17 11:00:00+00:00,52516.8,52545.3,52442.8,52507.3,9578
2026-07-17 12:00:00+00:00,52506.8,52518.3,52356.8,52370.8,10795
2026-07-17 13:00:00+00:00,52371.3,52734.9,52175.4,52709.3,74705
2026-07-17 14:00:00+00:00,52710.3,52836.4,52679.4,52730.4,66150
2026-07-17 15:00:00+00:00,52730.9,52771.4,52614.4,52748.4,50031
2026-07-17 16:00:00+00:00,52747.9,52757.4,52567.9,52584.9,37982
2026-07-17 17:00:00+00:00,52585.4,52622.4,52466.9,52478.4,23720
2026-07-17 18:00:00+00:00,52478.9,52505.4,52388.4,52441.9,27820
2026-07-17 19:00:00+00:00,52442.4,52451.9,52334.4,52372.9,34702
2026-07-17 20:00:00+00:00,52376.1,52379.1,52319.6,52355.6,6080
2026-07-19 22:00:00+00:00,52306.6,52370.1,52243.5,52343.1,5522
2026-07-19 23:00:00+00:00,52344.1,52360.6,52310.1,52356.6,4759
2026-07-20 00:00:00+00:00,52357.1,52407.6,52336.1,52373.1,9398
2026-07-20 01:00:00+00:00,52373.6,52402.1,52285.6,52303.6,8914
2026-07-20 02:00:00+00:00,52304.1,52364.1,52290.6,52345.1,7386
2026-07-20 03:00:00+00:00,52344.6,52369.1,52315.1,52347.1,5164
2026-07-20 04:00:00+00:00,52347.6,52406.1,52315.6,52383.1,4424
2026-07-20 05:00:00+00:00,52382.6,52389.6,52311.6,52317.1,5276
2026-07-20 06:00:00+00:00,52316.8,52332.3,52270.8,52297.8,5645
2026-07-20 07:00:00+00:00,52297.3,52472.8,52297.3,52431.3,11452
2026-07-20 08:00:00+00:00,52430.8,52485.3,52430.8,52461.3,7556
2026-07-20 09:00:00+00:00,52462.3,52543.3,52456.3,52518.8,5310
2026-07-20 10:00:00+00:00,52519.3,52525.3,52445.3,52483.3,5088
2026-07-20 11:00:00+00:00,52483.8,52622.8,52472.3,52580.3,14752
2026-07-20 12:00:00+00:00,52580.8,52581.8,52430.3,52446.3,14620
2026-07-20 13:00:00+00:00,52446.8,52635.9,52320.8,52320.8,42791
2026-07-20 14:00:00+00:00,52321.4,52377.9,52164.3,52199.4,44482
2026-07-20 15:00:00+00:00,52199.9,52290.4,52138.9,52232.4,32193
2026-07-20 16:00:00+00:00,52231.9,52305.9,52157.3,52198.9,23862
2026-07-20 17:00:00+00:00,52200.4,52219.4,52118.9,52181.9,19485
2026-07-20 18:00:00+00:00,52182.4,52241.4,52026.4,52063.9,23947
2026-07-20 19:00:00+00:00,52064.4,52123.4,51999.4,52081.4,29799
2026-07-20 20:00:00+00:00,52083.6,52111.6,52047.1,52108.5,5268
2026-07-20 22:00:00+00:00,52108.5,52112.5,52053.1,52057.6,2139
2026-07-20 23:00:00+00:00,52058.1,52123.6,52055.6,52099.6,2732
2026-07-21 00:00:00+00:00,52099.1,52119.6,52037.6,52108.6,10252
2026-07-21 01:00:00+00:00,52109.1,52144.1,52080.1,52093.1,5894
2026-07-21 02:00:00+00:00,52093.6,52139.1,52077.6,52137.6,3802
2026-07-21 03:00:00+00:00,52137.1,52205.1,52137.1,52204.6,2107
2026-07-21 04:00:00+00:00,52205.1,52245.6,52204.1,52237.1,2387
2026-07-21 05:00:00+00:00,52238.6,52270.6,52207.1,52252.6,2516
2026-07-21 06:00:00+00:00,52250.8,52277.3,52212.8,52250.3,4076
2026-07-21 07:00:00+00:00,52249.8,52315.8,52189.3,52233.3,7044
2026-07-21 08:00:00+00:00,52235.8,52287.3,52200.3,52260.3,6702
2026-07-21 09:00:00+00:00,52259.3,52289.3,52216.8,52225.3,4644
2026-07-21 10:00:00+00:00,52224.8,52326.3,52216.8,52303.3,7931
2026-07-21 11:00:00+00:00,52303.8,52306.3,52187.8,52200.3,5852
2026-07-21 12:00:00+00:00,52200.8,52228.3,52118.3,52205.3,9474
2026-07-21 13:00:00+00:00,52205.8,52299.9,52089.9,52220.4,46564
2026-07-21 14:00:00+00:00,52220.9,52414.4,52213.9,52322.4,37915
2026-07-21 15:00:00+00:00,52321.9,52457.9,52293.4,52432.4,18078
2026-07-21 16:00:00+00:00,52431.4,52592.4,52428.9,52569.4,9811
2026-07-21 17:00:00+00:00,52569.9,52578.4,52460.4,52469.4,8428
2026-07-21 18:00:00+00:00,52468.9,52475.4,52412.9,52431.4,8514
2026-07-21 19:00:00+00:00,52431.9,52457.9,52414.4,52444.4,11863
2026-07-21 20:00:00+00:00,52446.6,52454.1,52413.1,52422.1,2132
2026-07-21 22:00:00+00:00,52427.0,52442.6,52411.5,52429.1,1737
2026-07-21 23:00:00+00:00,52428.1,52437.1,52415.6,52428.1,1632
2026-07-22 00:00:00+00:00,52427.1,52439.6,52407.1,52425.1,6950
2026-07-22 01:00:00+00:00,52425.6,52435.6,52377.6,52424.6,3880
2026-07-22 02:00:00+00:00,52424.1,52439.1,52395.6,52435.1,4117
2026-07-22 03:00:00+00:00,52434.6,52446.6,52385.1,52392.1,3342
2026-07-22 04:00:00+00:00,52392.6,52408.6,52386.6,52401.1,2270
2026-07-22 05:00:00+00:00,52402.1,52419.1,52387.1,52417.1,4013
2026-07-22 06:00:00+00:00,52415.3,52430.8,52310.3,52321.8,6327
2026-07-22 07:00:00+00:00,52322.8,52373.8,52267.8,52309.3,12457
2026-07-22 08:00:00+00:00,52308.8,52436.3,52308.3,52408.3,12015
2026-07-22 09:00:00+00:00,52406.8,52446.3,52364.8,52404.8,8292
2026-07-22 10:00:00+00:00,52405.8,52479.3,52389.3,52417.8,9609
2026-07-22 11:00:00+00:00,52417.3,52421.8,52282.8,52304.8,9656
2026-07-22 12:00:00+00:00,52305.3,52399.8,52265.3,52341.3,8954
2026-07-22 13:00:00+00:00,52341.8,52692.9,52337.3,52646.4,37667
2026-07-22 14:00:00+00:00,52645.4,52721.4,52472.4,52491.9,38716
2026-07-22 15:00:00+00:00,52492.4,52621.9,52474.9,52620.4,18590
2026-07-22 16:00:00+00:00,52620.9,52653.4,52595.4,52610.4,10403
2026-07-22 17:00:00+00:00,52609.4,52613.4,52495.9,52519.4,11836
2026-07-22 18:00:00+00:00,52518.9,52527.9,52474.4,52494.9,10433
2026-07-22 19:00:00+00:00,52495.4,52497.4,52414.9,52428.4,12783
2026-07-22 20:00:00+00:00,52429.6,52546.1,52424.0,52484.5,5770
2026-07-22 22:00:00+00:00,52445.5,52464.0,52355.1,52390.1,3119
2026-07-22 23:00:00+00:00,52390.6,52428.1,52371.6,52427.6,2006
2026-07-23 00:00:00+00:00,52428.1,52504.1,52405.6,52495.1,6346
2026-07-23 01:00:00+00:00,52496.1,52518.1,52467.1,52477.6,5009
2026-07-23 02:00:00+00:00,52478.1,52491.1,52433.6,52453.6,4298
2026-07-23 03:00:00+00:00,52454.1,52456.1,52378.1,52393.1,4157
2026-07-23 04:00:00+00:00,52392.6,52417.1,52353.1,52380.6,3661
2026-07-23 05:00:00+00:00,52382.1,52421.1,52339.1,52341.1,4473
2026-07-23 06:00:00+00:00,52340.3,52372.8,52299.3,52303.3,4884
2026-07-23 07:00:00+00:00,52303.8,52307.8,52132.3,52205.8,15727
2026-07-23 08:00:00+00:00,52204.8,52297.3,52173.3,52295.3,10022
2026-07-23 09:00:00+00:00,52295.8,52334.8,52213.8,52227.8,8049
2026-07-23 10:00:00+00:00,52228.8,52322.3,52203.8,52299.3,7848
2026-07-23 11:00:00+00:00,52298.3,52316.3,52097.3,52152.3,12034
2026-07-23 12:00:00+00:00,52151.8,52154.8,51876.8,51895.3,18726
2026-07-23 13:00:00+00:00,51894.8,52085.9,51736.4,51877.9,67926
2026-07-23 14:00:00+00:00,51877.4,51969.4,51815.4,51927.4,88820
2026-07-23 15:00:00+00:00,51927.9,51944.4,51732.4,51895.9,51725
2026-07-23 16:00:00+00:00,51895.4,52018.4,51867.4,51940.4,27161
2026-07-23 17:00:00+00:00,51940.9,51959.9,51789.4,51790.4,32385
2026-07-23 18:00:00+00:00,51789.9,51884.4,51776.4,51860.4,22894
2026-07-23 19:00:00+00:00,51859.9,51926.4,51787.9,51885.9,26564
2026-07-23 20:00:00+00:00,51887.1,51923.6,51869.6,51922.6,5133
2026-07-23 22:00:00+00:00,51896.5,51923.0,51873.6,51895.6,2836
2026-07-23 23:00:00+00:00,51895.1,51899.1,51855.0,51887.6,3422
2026-07-24 00:00:00+00:00,51888.1,51968.1,51876.6,51951.6,11220
2026-07-24 01:00:00+00:00,51951.1,51980.1,51933.1,51955.6,7330
2026-07-24 02:00:00+00:00,51955.1,51970.6,51911.1,51918.6,4936
2026-07-24 03:00:00+00:00,51919.1,51931.1,51886.6,51902.6,4914
2026-07-24 04:00:00+00:00,51903.1,51922.6,51882.6,51917.1,4636
2026-07-24 05:00:00+00:00,51919.1,51966.1,51913.1,51935.6,5631
2026-07-24 06:00:00+00:00,51935.3,51968.8,51905.8,51952.8,7054
2026-07-24 07:00:00+00:00,51954.8,52117.8,51944.8,52076.3,10113
2026-07-24 08:00:00+00:00,52077.3,52138.8,52045.3,52108.8,10123
2026-07-24 09:00:00+00:00,52109.3,52185.8,52104.3,52181.8,7544
2026-07-24 10:00:00+00:00,52181.3,52197.8,52149.8,52153.3,5291
2026-07-24 11:00:00+00:00,52153.8,52183.3,52056.3,52123.3,9988
2026-07-24 12:00:00+00:00,52122.3,52131.3,52013.8,52023.8,11419
2026-07-24 13:00:00+00:00,52024.3,52083.4,51905.4,51987.4,48167
2026-07-24 14:00:00+00:00,51988.3,52093.4,51877.4,52063.4,65948
2026-07-24 15:00:00+00:00,52062.4,52306.9,52026.4,52273.4,55396
2026-07-24 16:00:00+00:00,52274.4,52314.4,52142.4,52185.4,24302
2026-07-24 17:00:00+00:00,52185.9,52222.4,52104.9,52169.9,25091
2026-07-24 18:00:00+00:00,52170.4,52200.4,52013.4,52081.4,25876
2026-07-24 19:00:00+00:00,52081.9,52143.4,52041.4,52129.4,30021
2026-07-24 20:00:00+00:00,52130.6,52146.1,52083.1,52085.1,4387
2026-07-26 22:00:00+00:00,52445.0,52459.0,52339.5,52346.0,2779
2026-07-26 23:00:00+00:00,52347.5,52463.1,52347.5,52454.6,3391
2026-07-27 00:00:00+00:00,52455.1,52484.1,52371.1,52372.6,11055
2026-07-27 01:00:00+00:00,52372.1,52413.6,52340.6,52412.1,8144
2026-07-27 02:00:00+00:00,52412.6,52427.1,52387.6,52408.1,5064
2026-07-27 03:00:00+00:00,52408.6,52438.6,52407.1,52426.6,3303
2026-07-27 04:00:00+00:00,52427.1,52479.1,52424.1,52467.6,3425
2026-07-27 05:00:00+00:00,52468.1,52536.5,52464.1,52523.6,3263
2026-07-27 06:00:00+00:00,52521.8,52559.8,52519.3,52534.3,5090
2026-07-27 07:00:00+00:00,52533.3,52600.8,52516.3,52517.3,8149
2026-07-27 08:00:00+00:00,52516.8,52630.3,52506.8,52627.3,8467
2026-07-27 09:00:00+00:00,52627.8,52679.3,52605.3,52670.3,5083
2026-07-27 10:00:00+00:00,52669.8,52717.3,52635.3,52701.3,4076
2026-07-27 11:00:00+00:00,52700.8,52719.8,52654.3,52700.3,7123
2026-07-27 12:00:00+00:00,52700.8,52750.3,52650.3,52746.8,9081
2026-07-27 13:00:00+00:00,52747.3,52791.4,52578.9,52580.4,49021
2026-07-27 14:00:00+00:00,52581.9,52655.4,52294.4,52414.9,80801
2026-07-27 15:00:00+00:00,52415.4,52459.4,52187.4,52224.4,55531
2026-07-27 16:00:00+00:00,52224.9,52395.4,52197.9,52248.9,49266
2026-07-27 17:00:00+00:00,52249.4,52297.4,52174.4,52290.4,30502
2026-07-27 18:00:00+00:00,52290.9,52370.4,52241.9,52364.4,27073
2026-07-27 19:00:00+00:00,52366.4,52408.4,52315.4,52383.4,21014
2026-07-27 20:00:00+00:00,52384.6,52433.1,52356.6,52429.1,3814
2026-07-27 22:00:00+00:00,52413.5,52440.6,52397.1,52400.1,2031
2026-07-27 23:00:00+00:00,52399.6,52418.6,52373.6,52406.1,3721
2026-07-28 00:00:00+00:00,52406.6,52415.6,52308.6,52338.6,12244
2026-07-28 01:00:00+00:00,52339.1,52390.6,52291.6,52352.1,9698
2026-07-28 02:00:00+00:00,52351.6,52363.6,52321.6,52338.1,6874
2026-07-28 03:00:00+00:00,52338.6,52424.6,52320.6,52416.6,8284
2026-07-28 04:00:00+00:00,52416.1,52418.6,52357.1,52361.6,6003
2026-07-28 05:00:00+00:00,52362.6,52400.6,52357.6,52377.6,6681
2026-07-28 06:00:00+00:00,52377.8,52442.8,52372.3,52430.3,8380
2026-07-28 07:00:00+00:00,52429.8,52495.8,52417.8,52440.3,10484
2026-07-28 08:00:00+00:00,52440.8,52539.8,52412.3,52488.8,12866
2026-07-28 09:00:00+00:00,52488.3,52570.8,52479.8,52524.8,6382
2026-07-28 10:00:00+00:00,52524.3,52570.3,52482.8,52566.3,8484
2026-07-28 11:00:00+00:00,52566.8,52779.8,52555.3,52770.8,16836
2026-07-28 12:00:00+00:00,52769.8,52908.3,52760.8,52887.8,12904
2026-07-28 13:00:00+00:00,52886.8,52904.3,52614.4,52734.3,57603
2026-07-28 14:00:00+00:00,52734.3,52865.9,52719.4,52761.9,69092
2026-07-28 15:00:00+00:00,52762.4,53077.9,52724.4,53065.4,48020
2026-07-28 16:00:00+00:00,53065.9,53085.4,53018.4,53080.4,20141
2026-07-28 17:00:00+00:00,53080.9,53107.4,52979.4,53001.4,23786
2026-07-28 18:00:00+00:00,53001.9,53022.4,52938.9,53001.4,20665
2026-07-28 19:00:00+00:00,53000.9,53018.9,52926.4,52947.4,19887
2026-07-28 20:00:00+00:00,52948.6,52976.6,52908.5,52912.6,7412
2026-07-28 22:00:00+00:00,52924.0,52951.0,52830.5,52891.1,6909
2026-07-28 23:00:00+00:00,52891.6,53003.6,52865.5,52969.6,8145
2026-07-29 00:00:00+00:00,52969.1,53036.6,52955.1,53006.1,8593
2026-07-29 01:00:00+00:00,53006.6,53012.6,52897.6,52901.1,8754
2026-07-29 02:00:00+00:00,52901.6,52932.1,52886.6,52926.1,6972
2026-07-29 03:00:00+00:00,52925.6,52931.1,52820.1,52830.6,5231
2026-07-29 04:00:00+00:00,52830.1,52865.1,52811.6,52864.6,6676
2026-07-29 05:00:00+00:00,52865.1,52916.1,52861.6,52891.1,6265
2026-07-29 06:00:00+00:00,52889.3,52957.3,52873.3,52952.3,5831
2026-07-29 07:00:00+00:00,52953.3,53009.8,52927.8,52995.8,8395
2026-07-29 08:00:00+00:00,52995.3,53025.8,52932.8,52992.8,8835
2026-07-29 09:00:00+00:00,52993.3,52994.8,52840.3,52896.3,7372
2026-07-29 10:00:00+00:00,52897.3,52897.3,52788.8,52811.3,7627
2026-07-29 11:00:00+00:00,52812.3,52821.8,52750.3,52763.3,6759
2026-07-29 12:00:00+00:00,52763.8,52764.3,52546.3,52585.3,16931
2026-07-29 13:00:00+00:00,52585.8,52588.8,52291.4,52305.4,55574
2026-07-29 14:00:00+00:00,52305.9,52316.4,52043.9,52072.4,76034
2026-07-29 15:00:00+00:00,52072.9,52130.4,52018.4,52056.4,44137
2026-07-29 16:00:00+00:00,52056.9,52115.4,51957.4,52114.9,35298
2026-07-29 17:00:00+00:00,52114.4,52233.4,52108.9,52144.3,33224
2026-07-29 18:00:00+00:00,52148.8,52428.9,52023.4,52371.9,104613
2026-07-29 19:00:00+00:00,52372.4,52414.4,51699.9,51760.8,122741
2026-07-29 20:00:00+00:00,51761.5,51830.0,51632.6,51747.6,19023
2026-07-29 22:00:00+00:00,51765.0,51964.1,51751.5,51901.1,7399
2026-07-29 23:00:00+00:00,51901.6,51934.1,51891.1,51920.6,7147
2026-07-30 00:00:00+00:00,51921.1,51953.6,51850.5,51886.6,20556
2026-07-30 01:00:00+00:00,51887.1,51930.1,51856.1,51911.6,11370
2026-07-30 02:00:00+00:00,51912.1,51934.1,51858.6,51859.1,8492
2026-07-30 03:00:00+00:00,51859.6,51894.6,51811.5,51835.1,12067
2026-07-30 04:00:00+00:00,51836.1,51862.6,51800.1,51809.6,9778
2026-07-30 05:00:00+00:00,51810.1,51853.6,51780.6,51808.1,13580
2026-07-30 06:00:00+00:00,51806.3,51809.3,51733.8,51806.3,12894
2026-07-30 07:00:00+00:00,51806.8,51930.3,51754.8,51803.8,24837
2026-07-30 08:00:00+00:00,51804.8,51934.3,51776.8,51889.8,17910
2026-07-30 09:00:00+00:00,51890.8,51960.3,51840.3,51843.8,14299
2026-07-30 10:00:00+00:00,51844.3,51955.8,51833.8,51886.8,14470
2026-07-30 11:00:00+00:00,51895.3,52049.3,51885.8,52013.8,12062
2026-07-30 12:00:00+00:00,52013.3,52042.3,51920.8,51969.8,19405
2026-07-30 13:00:00+00:00,51969.3,52134.4,51877.9,52093.9,67366
2026-07-30 14:00:00+00:00,52094.4,52121.3,51888.9,51930.4,70991
2026-07-30 15:00:00+00:00,51929.9,52105.4,51800.4,52083.4,62264
2026-07-30 16:00:00+00:00,52083.9,52267.4,52062.4,52237.4,30603
2026-07-30 17:00:00+00:00,52237.9,52322.9,52236.9,52264.4,23689
2026-07-30 18:00:00+00:00,52264.9,52352.4,52264.9,52348.4,15857
2026-07-30 19:00:00+00:00,52348.9,52416.9,52330.4,52378.4,23717
2026-07-30 20:00:00+00:00,52380.6,52490.0,52367.1,52422.5,11059
2026-07-30 22:00:00+00:00,52394.5,52483.1,52387.5,52480.5,3324
2026-07-30 23:00:00+00:00,52481.1,52505.6,52466.1,52483.1,2642
2026-07-31 00:00:00+00:00,52482.6,52555.6,52464.1,52532.1,7602
2026-07-31 01:00:00+00:00,52531.6,52592.1,52530.6,52578.1,4707
2026-07-31 02:00:00+00:00,52578.6,52596.1,52542.1,52557.6,3414
2026-07-31 03:00:00+00:00,52557.1,52583.6,52531.1,52574.6,4539
2026-07-31 04:00:00+00:00,52575.1,52636.6,52556.1,52632.1,2546
2026-07-31 05:00:00+00:00,52631.6,52642.6,52610.1,52617.1,2368
2026-07-31 06:00:00+00:00,52615.3,52630.3,52552.8,52595.3,4854
2026-07-31 07:00:00+00:00,52594.3,52693.8,52571.3,52661.3,8770
2026-07-31 08:00:00+00:00,52661.8,52698.8,52638.3,52664.3,8607
2026-07-31 09:00:00+00:00,52663.8,52695.8,52618.3,52641.3,6989
2026-07-31 10:00:00+00:00,52641.8,52742.8,52620.3,52726.8,6540
2026-07-31 11:00:00+00:00,52727.3,52729.8,52597.8,52664.3,9373
2026-07-31 12:00:00+00:00,52664.8,52666.3,52530.3,52553.3,11232
2026-07-31 13:00:00+00:00,52552.3,52654.3,52341.4,52346.8,60388
2026-07-31 14:00:00+00:00,52342.9,52443.9,52124.4,52436.4,88315
2026-07-31 15:00:00+00:00,52436.9,52550.4,52358.4,52537.4,60444
2026-07-31 16:00:00+00:00,52537.9,52614.9,52492.4,52577.4,31344
2026-07-31 17:00:00+00:00,52578.9,52678.4,52561.9,52617.4,20435
2026-07-31 18:00:00+00:00,52618.9,52693.4,52610.9,52664.4,15742
2026-07-31 19:00:00+00:00,52663.9,52773.4,52618.4,52635.4,24064
2026-07-31 20:00:00+00:00,52637.6,52689.1,52637.6,52655.6,4865
2026-08-02 22:00:00+00:00,52852.0,52876.5,52789.1,52794.6,3981
2026-08-02 23:00:00+00:00,52794.1,52840.1,52787.1,52817.6,2859
2026-08-03 00:00:00+00:00,52817.1,52854.1,52780.1,52845.1,6732
2026-08-03 01:00:00+00:00,52846.6,52892.1,52824.6,52873.1,3396
2026-08-03 02:00:00+00:00,52872.6,52895.1,52860.6,52891.1,1744
2026-08-03 03:00:00+00:00,52892.1,52923.6,52875.1,52908.1,1534
2026-08-03 04:00:00+00:00,52909.1,52944.6,52903.6,52925.6,1128
2026-08-03 05:00:00+00:00,52926.1,52938.6,52907.1,52916.6,1305
2026-08-03 06:00:00+00:00,52914.8,52944.3,52884.3,52893.3,2542
2026-08-03 07:00:00+00:00,52892.8,52959.8,52848.3,52953.8,8183
2026-08-03 08:00:00+00:00,52950.3,52993.8,52920.8,52993.8,6676
2026-08-03 09:00:00+00:00,52994.3,53006.8,52950.3,52976.8,4586
2026-08-03 10:00:00+00:00,52977.3,53080.3,52964.3,53059.8,4188
2026-08-03 11:00:00+00:00,53060.3,53207.8,53059.8,53172.8,6640
2026-08-03 12:00:00+00:00,53173.3,53321.8,53148.8,53305.8,8342
2026-08-03 13:00:00+00:00,53307.3,53334.3,53124.9,53276.3,46896
2026-08-03 14:00:00+00:00,53273.3,53379.9,53186.4,53203.4,40931
2026-08-03 15:00:00+00:00,53202.4,53226.4,53143.4,53174.4,22243
2026-08-03 16:00:00+00:00,53174.9,53185.9,53088.4,53115.4,14343
2026-08-03 17:00:00+00:00,53115.9,53249.9,53079.4,53231.4,11401
2026-08-03 18:00:00+00:00,53232.4,53313.4,53226.4,53281.4,12916
2026-08-03 19:00:00+00:00,53281.9,53377.4,53281.4,53335.4,17037
2026-08-03 20:00:00+00:00,53337.6,53416.1,53336.6,53392.5,2877
2026-08-03 22:00:00+00:00,53386.5,53443.5,53373.5,53429.5,1383
2026-08-03 23:00:00+00:00,53430.5,53437.6,53401.6,53410.6,854
2026-08-04 00:00:00+00:00,53410.1,53466.1,53398.1,53444.1,4194
2026-08-04 01:00:00+00:00,53443.6,53477.6,53439.1,53460.6,2665
2026-08-04 02:00:00+00:00,53461.1,53492.1,53448.6,53476.1,2403
2026-08-04 03:00:00+00:00,53475.6,53494.6,53465.6,53485.1,2332
2026-08-04 04:00:00+00:00,53484.6,53485.6,53460.1,53462.6,1107
2026-08-04 05:00:00+00:00,53463.1,53470.1,53437.1,53442.1,1737
2026-08-04 06:00:00+00:00,53440.3,53475.3,53418.3,53426.3,2465
2026-08-04 07:00:00+00:00,53426.8,53457.8,53398.8,53427.3,5209
2026-08-04 08:00:00+00:00,53426.8,53437.3,53337.8,53361.3,6844
2026-08-04 09:00:00+00:00,53361.8,53415.8,53346.3,53408.3,5544
2026-08-04 10:00:00+00:00,53407.8,53695.8,53276.3,53645.3,13100
2026-08-04 11:00:00+00:00,53645.8,53944.8,53594.8,53910.3,16528
2026-08-04 12:00:00+00:00,53911.8,54031.8,53896.3,53950.3,9839
2026-08-04 13:00:00+00:00,53949.8,54118.4,53805.4,53861.8,48852
2026-08-04 14:00:00+00:00,53863.8,54158.4,53846.9,54131.4,43858
2026-08-04 15:00:00+00:00,54130.9,54257.9,54082.9,54195.4,25099
2026-08-04 16:00:00+00:00,54193.4,54319.4,54190.4,54299.9,15460
2026-08-04 17:00:00+00:00,54300.4,54423.9,54292.9,54329.4,18904
2026-08-04 18:00:00+00:00,54329.9,54356.4,54285.9,54327.4,20224
2026-08-04 19:00:00+00:00,54327.9,54388.9,54239.4,54255.4,22654
2026-08-04 20:00:00+00:00,54256.6,54389.1,54250.6,54380.1,9410
2026-08-04 22:00:00+00:00,54358.5,54390.1,54347.6,54380.1,1842
2026-08-04 23:00:00+00:00,54379.6,54388.5,54348.6,54352.1,1793
2026-08-05 00:00:00+00:00,54352.6,54401.1,54348.1,54401.1,3458
2026-08-05 01:00:00+00:00,54400.1,54400.1,54362.1,54394.6,2337
2026-08-05 02:00:00+00:00,54395.1,54466.6,54390.1,54451.1,2275
2026-08-05 03:00:00+00:00,54451.6,54496.1,54440.1,54493.1,1846
2026-08-05 04:00:00+00:00,54492.6,54504.1,54462.1,54463.1,1392
2026-08-05 05:00:00+00:00,54463.6,54502.1,54452.6,54478.1,1655
2026-08-05 06:00:00+00:00,54477.8,54478.8,54413.3,54439.3,3164
2026-08-05 07:00:00+00:00,54439.8,54441.8,54358.3,54405.8,5735
2026-08-05 08:00:00+00:00,54407.8,54437.3,54363.8,54394.3,6779
2026-08-05 09:00:00+00:00,54394.8,54426.3,54382.8,54397.8,3945
2026-08-05 10:00:00+00:00,54398.3,54476.8,54390.8,54463.8,4477
2026-08-05 11:00:00+00:00,54464.3,54516.3,54440.8,54509.3,4461
2026-08-05 12:00:00+00:00,54509.8,54552.8,54466.3,54478.3,7180
2026-08-05 13:00:00+00:00,54478.8,54877.9,54454.3,54873.8,42482
2026-08-05 14:00:00+00:00,54872.8,54884.9,54744.4,54787.4,57713
2026-08-05 15:00:00+00:00,54787.9,54859.4,54634.4,54638.4,37049
2026-08-05 16:00:00+00:00,54637.4,54698.9,54618.4,54682.4,27830
2026-08-05 17:00:00+00:00,54682.9,54736.9,54644.9,54696.4,20057
2026-08-05 18:00:00+00:00,54695.9,54725.4,54622.4,54628.9,14840
2026-08-05 19:00:00+00:00,54629.4,54646.4,54484.4,54487.4,18430
2026-08-05 20:00:00+00:00,54489.6,54580.5,54483.6,54562.5,6002
2026-08-05 22:00:00+00:00,54561.0,54596.6,54550.1,54570.6,1847
2026-08-05 23:00:00+00:00,54572.0,54605.6,54570.1,54586.6,1440
2026-08-06 00:00:00+00:00,54587.6,54599.6,54567.6,54594.1,5048
2026-08-06 01:00:00+00:00,54594.6,54600.1,54552.1,54587.1,3882
2026-08-06 02:00:00+00:00,54587.6,54628.6,54579.1,54602.6,3404
2026-08-06 03:00:00+00:00,54603.1,54624.6,54594.1,54613.1,2563
2026-08-06 04:00:00+00:00,54613.6,54623.6,54606.1,54619.1,2075
2026-08-06 05:00:00+00:00,54619.6,54638.6,54603.6,54637.6,2612
2026-08-06 06:00:00+00:00,54638.3,54638.3,54578.8,54631.3,4447
2026-08-06 07:00:00+00:00,54631.8,54663.3,54580.3,54634.3,5738
2026-08-06 08:00:00+00:00,54634.8,54669.3,54567.8,54668.3,6003
2026-08-06 09:00:00+00:00,54668.8,54680.3,54638.3,54670.8,4317
2026-08-06 10:00:00+00:00,54670.3,54671.8,54613.8,54643.8,3432
2026-08-06 11:00:00+00:00,54643.3,54652.8,54545.3,54585.8,7082
2026-08-06 12:00:00+00:00,54585.3,54636.3,54563.8,54597.3,7580
2026-08-06 13:00:00+00:00,54598.3,54659.4,54415.9,54440.4,45334
2026-08-06 14:00:00+00:00,54439.9,54489.9,54296.9,54315.4,41716
2026-08-06 15:00:00+00:00,54315.9,54331.4,54095.9,54125.4,34416
2026-08-06 16:00:00+00:00,54126.9,54173.9,54065.4,54151.4,25396
2026-08-06 17:00:00+00:00,54151.9,54157.4,54005.9,54063.9,18117
2026-08-06 18:00:00+00:00,54064.4,54107.4,54047.4,54054.4,14535
2026-08-06 19:00:00+00:00,54055.4,54097.9,53965.4,54020.4,20951
2026-08-06 20:00:00+00:00,54022.6,54043.6,53957.0,53982.6,5422
2026-08-06 22:00:00+00:00,54020.5,54032.5,53987.0,53992.1,1020
2026-08-06 23:00:00+00:00,53992.5,54011.6,53990.6,54003.1,1256
2026-08-07 00:00:00+00:00,54003.6,54008.6,53935.1,53958.6,7396
2026-08-07 01:00:00+00:00,53959.1,53973.1,53921.6,53930.1,6446
2026-08-07 02:00:00+00:00,53930.6,53933.1,53893.6,53909.1,3012
2026-08-07 03:00:00+00:00,53908.6,53920.6,53886.6,53902.1,2239
2026-08-07 04:00:00+00:00,53902.6,53912.6,53884.6,53910.6,2747
2026-08-07 05:00:00+00:00,53910.1,53933.6,53908.6,53914.6,2397
2026-08-07 06:00:00+00:00,53913.8,53976.3,53909.8,53970.8,3107
2026-08-07 07:00:00+00:00,53970.3,54000.8,53947.3,53957.3,5147
2026-08-07 08:00:00+00:00,53957.8,53989.8,53936.3,53987.3,5142
2026-08-07 09:00:00+00:00,53987.8,54027.8,53974.3,54021.3,3680
2026-08-07 10:00:00+00:00,54021.8,54062.3,54014.8,54048.3,3064
2026-08-07 11:00:00+00:00,54048.8,54097.3,54036.3,54053.3,4396
2026-08-07 12:00:00+00:00,54053.8,54205.3,54042.8,54163.3,16196
2026-08-07 13:00:00+00:00,54163.8,54166.3,53910.9,54074.9,47269
2026-08-07 14:00:00+00:00,54074.4,54200.4,54023.4,54157.4,50698
2026-08-07 15:00:00+00:00,54157.9,54158.9,54053.9,54061.4,23000
2026-08-07 16:00:00+00:00,54060.9,54112.3,54000.9,54061.4,21440
2026-08-07 17:00:00+00:00,54060.9,54114.4,54057.4,54086.4,12591
2026-08-07 18:00:00+00:00,54086.9,54096.4,54012.9,54065.4,11435
2026-08-07 19:00:00+00:00,54065.9,54189.4,54065.9,54147.4,19795
2026-08-07 20:00:00+00:00,54148.6,54165.1,54123.1,54124.6,2738
2026-08-09 22:00:00+00:00,54076.5,54084.5,54008.5,54039.6,2408
2026-08-09 23:00:00+00:00,54039.1,54053.1,54006.6,54006.6,1401
2026-08-10 00:00:00+00:00,54006.1,54062.1,54002.1,54058.6,5175
2026-08-10 01:00:00+00:00,54059.6,54089.1,54052.6,54071.1,3728
2026-08-10 02:00:00+00:00,54071.6,54099.0,54064.1,54087.1,1914
2026-08-10 03:00:00+00:00,54087.6,54110.1,54080.6,54096.6,1475
2026-08-10 04:00:00+00:00,54097.1,54139.1,54091.6,54134.6,1991
2026-08-10 05:00:00+00:00,54134.1,54152.6,54131.1,54142.1,1591
2026-08-10 06:00:00+00:00,54140.3,54154.8,54106.3,54144.3,3134
2026-08-10 07:00:00+00:00,54143.3,54172.8,54105.3,54135.3,5448
2026-08-10 08:00:00+00:00,54134.3,54144.3,54097.8,54109.8,4920
2026-08-10 09:00:00+00:00,54110.3,54147.8,54104.8,54117.8,2900
2026-08-10 10:00:00+00:00,54117.3,54152.3,54082.8,54093.8,3620
2026-08-10 11:00:00+00:00,54093.3,54100.8,54051.8,54084.3,5125
2026-08-10 12:00:00+00:00,54083.8,54127.8,54019.8,54066.8,6444
2026-08-10 13:00:00+00:00,54066.3,54131.4,53967.4,54052.9,40807
2026-08-10 14:00:00+00:00,54052.4,54158.9,53996.8,54099.4,29901
2026-08-10 15:00:00+00:00,54099.9,54168.4,54065.9,54123.4,19590
2026-08-10 16:00:00+00:00,54123.9,54127.4,53955.8,54043.4,16817
2026-08-10 17:00:00+00:00,54043.9,54048.4,53984.4,54003.4,10915
2026-08-10 18:00:00+00:00,54003.9,54021.4,53958.4,53997.4,8855
2026-08-10 19:00:00+00:00,53997.9,54078.4,53968.4,54066.9,11702
2026-08-10 20:00:00+00:00,54069.1,54069.6,54020.6,54059.6,3781
2026-08-10 22:00:00+00:00,54049.5,54078.1,54012.6,54024.6,1252
2026-08-10 23:00:00+00:00,54025.1,54031.6,54001.6,54026.6,1705
2026-08-11 00:00:00+00:00,54028.5,54044.1,54010.6,54032.6,2613
2026-08-11 01:00:00+00:00,54033.1,54059.6,54023.6,54031.1,1903
2026-08-11 02:00:00+00:00,54030.6,54058.1,54030.1,54051.6,930
2026-08-11 03:00:00+00:00,54051.1,54086.6,54050.1,54069.6,717
2026-08-11 04:00:00+00:00,54070.1,54088.1,54063.1,54069.1,719
2026-08-11 05:00:00+00:00,54068.6,54083.1,54039.1,54039.1,1144
2026-08-11 06:00:00+00:00,54040.3,54064.3,53960.3,54018.3,3764
2026-08-11 07:00:00+00:00,54017.8,54043.3,53982.8,54008.8,4709
2026-08-11 08:00:00+00:00,54008.3,54034.8,53971.8,54003.3,4631
2026-08-11 09:00:00+00:00,54002.8,54026.3,53977.3,54012.3,3450
2026-08-11 10:00:00+00:00,54012.8,54070.3,53993.3,54050.3,4729
2026-08-11 11:00:00+00:00,54049.8,54133.3,54036.8,54114.3,9311
2026-08-11 12:00:00+00:00,54113.8,54150.8,54069.3,54124.3,5622
2026-08-11 13:00:00+00:00,54123.3,54336.9,54106.4,54276.4,32142
2026-08-11 14:00:00+00:00,54276.9,54308.4,54057.4,54088.4,31396
2026-08-11 15:00:00+00:00,54089.4,54113.4,54009.9,54045.4,18901
2026-08-11 16:00:00+00:00,54047.4,54070.9,53983.9,53997.4,11823
2026-08-11 17:00:00+00:00,53997.9,54003.4,53959.4,53995.4,10033
2026-08-11 18:00:00+00:00,53995.9,53996.4,53910.4,53913.4,11091
2026-08-11 19:00:00+00:00,53914.4,53943.4,53855.9,53894.4,13363
2026-08-11 20:00:00+00:00,53896.6,53929.1,53884.6,53905.6,2538
2026-08-11 22:00:00+00:00,53901.5,53917.1,53887.1,53894.6,860
2026-08-11 23:00:00+00:00,53893.6,53911.6,53890.1,53903.6,773
2026-08-12 00:00:00+00:00,53903.1,53905.6,53858.1,53871.6,4563
2026-08-12 01:00:00+00:00,53871.1,53877.1,53856.6,53863.1,2675
2026-08-12 02:00:00+00:00,53864.1,53893.1,53864.1,53892.1,1365
2026-08-12 03:00:00+00:00,53891.6,53896.6,53877.1,53890.1,1349
2026-08-12 04:00:00+00:00,53890.6,53904.6,53882.1,53901.1,870
2026-08-12 05:00:00+00:00,53901.6,53914.1,53888.6,53899.1,1173
2026-08-12 06:00:00+00:00,53898.3,53918.3,53872.3,53915.3,2223
2026-08-12 07:00:00+00:00,53915.8,53915.8,53882.8,53893.8,3663
2026-08-12 08:00:00+00:00,53892.3,53907.3,53864.3,53878.3,3559
2026-08-12 09:00:00+00:00,53877.8,53987.3,53876.8,53945.3,6088
2026-08-12 10:00:00+00:00,53944.8,53968.3,53876.8,53938.3,4428
2026-08-12 11:00:00+00:00,53938.8,53996.8,53916.8,53976.8,3525
2026-08-12 12:00:00+00:00,53977.3,54146.3,53939.3,54043.3,14908
2026-08-12 13:00:00+00:00,54043.8,54086.3,53885.4,53888.9,41695
2026-08-12 14:00:00+00:00,53888.4,53973.4,53833.8,53884.4,35339
2026-08-12 15:00:00+00:00,53884.9,53923.4,53843.4,53908.4,18488
2026-08-12 16:00:00+00:00,53908.9,53947.4,53900.4,53916.9,10869
2026-08-12 17:00:00+00:00,53917.4,53939.9,53884.4,53911.4,8945
2026-08-12 18:00:00+00:00,53911.9,53957.9,53899.4,53927.4,7438
2026-08-12 19:00:00+00:00,53927.9,53959.4,53853.4,53866.9,11195
2026-08-12 20:00:00+00:00,53869.1,53947.5,53858.1,53866.1,5128
2026-08-12 22:00:00+00:00,53907.5,53907.5,53859.5,53882.6,1153
2026-08-12 23:00:00+00:00,53882.1,53905.1,53877.6,53879.1,1236
2026-08-13 00:00:00+00:00,53878.6,53887.6,53830.6,53847.6,3651
2026-08-13 01:00:00+00:00,53846.1,53849.1,53805.1,53828.6,2525
2026-08-13 02:00:00+00:00,53829.6,53848.1,53822.6,53838.1,1699
2026-08-13 03:00:00+00:00,53836.6,53855.1,53828.1,53849.1,1076
2026-08-13 04:00:00+00:00,53849.6,53869.6,53841.6,53861.1,1088
2026-08-13 05:00:00+00:00,53860.6,53880.6,53860.1,53874.1,1294
2026-08-13 06:00:00+00:00,53873.8,53911.8,53871.8,53908.8,1923
2026-08-13 07:00:00+00:00,53908.3,53941.8,53891.3,53924.3,3406
2026-08-13 08:00:00+00:00,53925.3,53987.3,53906.3,53981.3,3466
2026-08-13 09:00:00+00:00,53982.3,54021.8,53977.8,53987.8,2531
2026-08-13 10:00:00+00:00,53988.8,54022.3,53970.3,53988.8,1972
2026-08-13 11:00:00+00:00,53992.8,54044.8,53979.8,54008.8,2448
2026-08-13 12:00:00+00:00,54009.3,54058.8,53974.8,54058.3,6909
2026-08-13 13:00:00+00:00,54058.8,54083.9,53935.4,53997.9,33586
2026-08-13 14:00:00+00:00,53997.4,54148.4,53904.4,53939.4,33047
2026-08-13 15:00:00+00:00,53939.9,53967.4,53714.9,53759.4,27711
2026-08-13 16:00:00+00:00,53759.9,53837.9,53756.4,53822.4,13744
2026-08-13 17:00:00+00:00,53821.9,53864.4,53807.4,53842.9,9903
2026-08-13 18:00:00+00:00,53845.4,53919.3,53844.4,53874.4,9805
2026-08-13 19:00:00+00:00,53873.4,53953.4,53873.4,53935.4,12718
2026-08-13 20:00:00+00:00,53938.1,53970.1,53921.6,53964.1,2907
2026-08-13 22:00:00+00:00,53954.0,53976.0,53934.0,53947.5,968
2026-08-13 23:00:00+00:00,53946.0,53968.6,53941.9,53955.1,784
2026-08-14 00:00:00+00:00,53955.6,53967.6,53927.1,53964.1,1609
2026-08-14 01:00:00+00:00,53963.6,53993.1,53957.1,53989.1,1514
2026-08-14 02:00:00+00:00,53989.6,54002.6,53972.1,53977.1,1044
2026-08-14 03:00:00+00:00,53976.1,53996.1,53969.6,53972.1,703
2026-08-14 04:00:00+00:00,53971.1,53980.1,53966.1,53970.1,739
2026-08-14 05:00:00+00:00,53970.6,53973.1,53944.6,53945.1,889
2026-08-14 06:00:00+00:00,53944.3,53946.3,53897.8,53899.8,1271
2026-08-14 07:00:00+00:00,53898.8,53907.3,53850.8,53878.8,2913
2026-08-14 08:00:00+00:00,53877.8,53882.8,53825.8,53864.8,3360
2026-08-14 09:00:00+00:00,53864.3,53882.8,53835.3,53873.3,2361
2026-08-14 10:00:00+00:00,53872.8,53889.3,53846.3,53860.8,1955
2026-08-14 11:00:00+00:00,53860.3,53878.3,53800.3,53849.3,2685
2026-08-14 12:00:00+00:00,53848.8,53879.3,53794.3,53868.3,5007
2026-08-14 13:00:00+00:00,53867.3,53957.9,53758.9,53925.8,35378
2026-08-14 14:00:00+00:00,53929.3,53943.9,53799.9,53818.4,26784
2026-08-14 15:00:00+00:00,53820.9,53861.4,53757.4,53763.4,15931
2026-08-14 16:00:00+00:00,53764.4,53822.9,53745.9,53753.9,9921
2026-08-14 17:00:00+00:00,53754.4,53813.4,53753.4,53802.4,8853
2026-08-14 18:00:00+00:00,53802.9,53887.9,53793.4,53868.4,7524
2026-08-14 19:00:00+00:00,53868.9,53871.4,53780.4,53816.9,10266
2026-08-14 20:00:00+00:00,53818.1,53818.6,53778.5,53784.6,1481
2026-08-16 22:00:00+00:00,53801.0,53837.5,53785.0,53825.1,1441
2026-08-16 23:00:00+00:00,53825.6,53832.1,53812.6,53819.1,847
2026-08-17 00:00:00+00:00,53818.6,53831.6,53775.1,53789.6,1886
2026-08-17 01:00:00+00:00,53788.6,53793.1,53733.6,53737.1,2084
2026-08-17 02:00:00+00:00,53738.1,53742.6,53723.6,53725.1,1220
2026-08-17 03:00:00+00:00,53724.6,53751.6,53723.6,53751.6,992
2026-08-17 04:00:00+00:00,53751.1,53761.1,53741.6,53754.1,868
2026-08-17 05:00:00+00:00,53753.6,53775.6,53747.6,53774.6,907
2026-08-17 06:00:00+00:00,53774.3,53791.8,53755.3,53776.8,1854
2026-08-17 07:00:00+00:00,53776.3,53786.3,53728.3,53768.3,3188
2026-08-17 08:00:00+00:00,53772.3,53775.8,53692.8,53724.8,3361
2026-08-17 09:00:00+00:00,53723.3,53758.3,53709.8,53721.3,2477
2026-08-17 10:00:00+00:00,53722.3,53811.3,53705.3,53733.3,6351
2026-08-17 11:00:00+00:00,53732.8,53741.3,53683.8,53693.8,3699
2026-08-17 12:00:00+00:00,53694.3,53699.3,53606.3,53625.8,7364
2026-08-17 13:00:00+00:00,53625.3,53720.4,53566.3,53628.8,32372
2026-08-17 14:00:00+00:00,53630.4,53719.9,53554.9,53577.9,27073
2026-08-17 15:00:00+00:00,53577.4,53647.9,53558.4,53585.4,15716
2026-08-17 16:00:00+00:00,53585.9,53686.8,53572.4,53576.4,9721
2026-08-17 17:00:00+00:00,53575.9,53616.4,53466.4,53508.4,13764
2026-08-17 18:00:00+00:00,53507.9,53572.4,53498.9,53539.4,10981
2026-08-17 19:00:00+00:00,53539.9,53582.4,53510.4,53543.4,12713
2026-08-17 20:00:00+00:00,53544.6,53548.0,53507.1,53513.6,2853
2026-08-17 22:00:00+00:00,53510.5,53530.5,53490.1,53509.6,1218
2026-08-17 23:00:00+00:00,53510.1,53539.1,53501.1,53536.1,1556
2026-08-18 00:00:00+00:00,53535.6,53548.1,53506.6,53519.1,2130
2026-08-18 01:00:00+00:00,53519.6,53558.6,53515.6,53558.6,2718
2026-08-18 02:00:00+00:00,53559.1,53560.6,53503.1,53529.1,3885
2026-08-18 03:00:00+00:00,53530.1,53534.6,53483.1,53488.6,2615
2026-08-18 04:00:00+00:00,53489.1,53491.1,53458.6,53471.1,2289
2026-08-18 05:00:00+00:00,53470.1,53484.6,53443.6,53468.6,2544
2026-08-18 06:00:00+00:00,53467.8,53528.8,53425.3,53526.3,4981
2026-08-18 07:00:00+00:00,53525.8,53527.3,53393.8,53398.8,6956
2026-08-18 08:00:00+00:00,53399.3,53497.3,53384.3,53496.3,8763
2026-08-18 09:00:00+00:00,53495.8,53519.8,53474.3,53518.8,6570
2026-08-18 10:00:00+00:00,53517.8,53591.3,53517.3,53533.8,5025
2026-08-18 11:00:00+00:00,53533.3,53553.8,53483.3,53494.3,4373
2026-08-18 12:00:00+00:00,53493.8,53533.8,53450.3,53507.3,7334
2026-08-18 13:00:00+00:00,53506.8,53521.4,53312.4,53472.3,42605
2026-08-18 14:00:00+00:00,53473.8,53542.4,53432.4,53484.9,40826
2026-08-18 15:00:00+00:00,53485.4,53518.9,53364.9,53406.9,24418
2026-08-18 16:00:00+00:00,53407.4,53475.4,53402.4,53433.4,13168
2026-08-18 17:00:00+00:00,53433.9,53463.9,53394.9,53395.4,9814
2026-08-18 18:00:00+00:00,53394.9,53480.9,53388.9,53430.4,9993
2026-08-18 19:00:00+00:00,53430.9,53477.9,53383.9,53407.4,12718
2026-08-18 20:00:00+00:00,53408.6,53424.6,53391.1,53408.1,3018
2026-08-18 22:00:00+00:00,53414.0,53422.1,53393.6,53397.6,1428
2026-08-18 23:00:00+00:00,53398.1,53416.6,53392.6,53403.6,2302
2026-08-19 00:00:00+00:00,53403.1,53412.6,53366.1,53384.1,5797
2026-08-19 01:00:00+00:00,53383.6,53393.6,53360.1,53361.6,4795
2026-08-19 02:00:00+00:00,53362.1,53381.1,53351.1,53373.1,3432
2026-08-19 03:00:00+00:00,53373.6,53375.1,53353.1,53355.1,2485
2026-08-19 04:00:00+00:00,53355.6,53370.1,53339.6,53359.6,2599
2026-08-19 05:00:00+00:00,53360.1,53378.6,53344.1,53354.6,3534
2026-08-19 06:00:00+00:00,53352.3,53454.3,53337.8,53451.3,5574
2026-08-19 07:00:00+00:00,53450.8,53469.3,53418.3,53456.3,6153
2026-08-19 08:00:00+00:00,53456.8,53458.8,53389.3,53402.3,5596
2026-08-19 09:00:00+00:00,53401.8,53419.3,53372.8,53410.8,5248
2026-08-19 10:00:00+00:00,53410.3,53428.3,53390.8,53421.3,4022
2026-08-19 11:00:00+00:00,53421.8,53481.3,53421.8,53476.8,4245
2026-08-19 12:00:00+00:00,53476.3,53743.8,53442.8,53682.3,18171
2026-08-19 13:00:00+00:00,53681.8,53703.4,53464.4,53657.9,50224
2026-08-19 14:00:00+00:00,53657.4,53760.9,53624.4,53751.4,48894
2026-08-19 15:00:00+00:00,53751.9,53781.4,53549.4,53565.4,28167
2026-08-19 16:00:00+00:00,53563.4,53655.4,53482.4,53492.4,19184
2026-08-19 17:00:00+00:00,53491.9,53545.9,53484.4,53520.8,16410
2026-08-19 18:00:00+00:00,53521.3,53571.9,53496.9,53508.4,19250
2026-08-19 19:00:00+00:00,53506.4,53593.9,53489.4,53543.4,18813
2026-08-19 20:00:00+00:00,53544.6,53557.6,53522.1,53531.1,4757
