time,open,high,low,close,volume
2012-03-05 00:00:00+00:00,12977.3,12977.3,12883.9,12962.8,0
2012-03-06 00:00:00+00:00,12958.7,12958.8,12734.9,12759.2,0
2012-03-07 00:00:00+00:00,12756.1,12857.7,12751.5,12837.3,0
2012-03-08 00:00:00+00:00,12835.5,12937.2,12835.5,12907.9,0
2012-03-09 00:00:00+00:00,12908.6,12968.8,12906.4,12922.0,0
2012-03-12 00:00:00+00:00,12920.6,12976.4,12920.0,12959.7,0
2012-03-13 00:00:00+00:00,12953.2,13180.4,12953.1,13177.7,0
2012-03-14 00:00:00+00:00,13177.2,13221.3,13166.3,13194.2,0
2012-03-15 00:00:00+00:00,13193.0,13253.5,13170.2,13252.8,0
2012-03-16 00:00:00+00:00,13253.5,13289.1,13231.4,13232.6,0
2012-03-19 00:00:00+00:00,13231.9,13269.7,13208.6,13239.1,0
2012-03-20 00:00:00+00:00,13238.5,13238.5,13123.4,13170.2,0
2012-03-21 00:00:00+00:00,13170.8,13190.0,13112.9,13124.6,0
2012-03-22 00:00:00+00:00,13124.4,13124.5,13017.4,13046.1,0
2012-03-23 00:00:00+00:00,13046.0,13099.9,13002.8,13080.7,0
2012-03-26 00:00:00+00:00,13082.6,13243.8,13082.4,13241.6,0
2012-03-27 00:00:00+00:00,13242.1,13265.0,13194.3,13197.7,0
2012-03-28 00:00:00+00:00,13195.4,13212.7,13069.3,13126.2,0
2012-03-29 00:00:00+00:00,13126.0,13151.6,13032.7,13145.8,0
2012-03-30 00:00:00+00:00,13147.9,13224.5,13147.7,13212.0,0
2012-04-02 00:00:00+00:00,13211.4,13297.2,13153.7,13264.5,0
2012-04-03 00:00:00+00:00,13259.0,13265.4,13131.2,13199.6,0
2012-04-04 00:00:00+00:00,13198.2,13198.2,13020.9,13074.8,0
2012-04-05 00:00:00+00:00,13067.2,13088.1,13012.5,13060.2,0
2012-04-09 00:00:00+00:00,13057.6,13057.8,12903.8,12929.6,0
2012-04-10 00:00:00+00:00,12929.4,12929.6,12710.5,12715.9,0
2012-04-11 00:00:00+00:00,12716.9,12844.8,12716.9,12805.4,0
2012-04-12 00:00:00+00:00,12806.5,12987.0,12806.3,12986.6,0
2012-04-13 00:00:00+00:00,12986.2,12986.4,12845.3,12849.6,0
2012-04-16 00:00:00+00:00,12850.9,12986.8,12850.8,12921.4,0
2012-04-17 00:00:00+00:00,12921.8,13131.4,12921.8,13115.6,0
2012-04-18 00:00:00+00:00,13114.6,13114.6,13027.5,13032.8,0
2012-04-19 00:00:00+00:00,13028.7,13080.2,12896.8,12964.1,0
2012-04-20 00:00:00+00:00,12964.5,13082.6,12964.3,13029.3,0
2012-04-23 00:00:00+00:00,13028.2,13028.2,12845.6,12927.2,0
2012-04-24 00:00:00+00:00,12927.8,13050.3,12926.5,13001.6,0
2012-04-25 00:00:00+00:00,12997.7,13105.7,12993.6,13090.7,0
2012-04-26 00:00:00+00:00,13090.1,13227.8,13075.9,13204.6,0
2012-04-27 00:00:00+00:00,13204.7,13266.7,13192.2,13228.3,0
2012-04-30 00:00:00+00:00,13228.3,13228.8,13176.0,13213.6,0
2012-05-01 00:00:00+00:00,13214.2,13338.7,13174.7,13279.4,0
2012-05-02 00:00:00+00:00,13278.1,13278.1,13192.2,13268.6,0
2012-05-03 00:00:00+00:00,13267.6,13284.1,13175.6,13206.6,0
2012-05-04 00:00:00+00:00,13204.6,13205.0,13022.3,13038.2,0
2012-05-07 00:00:00+00:00,13035.9,13049.1,12970.0,13008.6,0
2012-05-08 00:00:00+00:00,13000.7,13000.7,12810.4,12932.1,0
2012-05-09 00:00:00+00:00,12921.8,12921.8,12748.5,12835.0,0
2012-05-10 00:00:00+00:00,12831.6,12931.7,12820.3,12855.1,0
2012-05-11 00:00:00+00:00,12851.8,12918.0,12779.3,12820.6,0
2012-05-14 00:00:00+00:00,12818.5,12818.9,12661.5,12695.4,0
2012-05-15 00:00:00+00:00,12695.1,12758.5,12608.2,12632.0,0
2012-05-16 00:00:00+00:00,12617.3,12722.6,12597.3,12598.5,0
2012-05-17 00:00:00+00:00,12598.3,12611.4,12440.5,12442.5,0
2012-05-18 00:00:00+00:00,12443.0,12493.0,12336.7,12369.4,0
2012-05-21 00:00:00+00:00,12369.2,12508.2,12367.8,12504.5,0
2012-05-22 00:00:00+00:00,12505.4,12576.0,12447.3,12502.8,0
2012-05-23 00:00:00+00:00,12501.5,12508.3,12311.5,12496.1,0
2012-05-24 00:00:00+00:00,12491.9,12539.6,12419.6,12529.7,0
2012-05-25 00:00:00+00:00,12530.7,12533.1,12421.5,12454.8,0
2012-05-29 00:00:00+00:00,12454.8,12611.6,12454.6,12580.7,0
2012-05-30 00:00:00+00:00,12579.0,12579.1,12396.4,12419.8,0
2012-05-31 00:00:00+00:00,12414.4,12489.9,12316.5,12393.4,0
2012-06-01 00:00:00+00:00,12391.6,12391.7,12107.5,12118.6,0
2012-06-04 00:00:00+00:00,12119.9,12143.7,12035.1,12101.5,0
2012-06-05 00:00:00+00:00,12101.1,12147.6,12072.2,12128.0,0
2012-06-06 00:00:00+00:00,12125.0,12414.8,12125.0,12414.8,0
2012-06-07 00:00:00+00:00,12416.5,12555.2,12416.5,12460.9,0
2012-06-08 00:00:00+00:00,12460.8,12554.2,12398.4,12554.2,0
2012-06-11 00:00:00+00:00,12553.8,12650.5,12398.5,12411.2,0
2012-06-12 00:00:00+00:00,12412.1,12577.1,12411.9,12573.8,0
2012-06-13 00:00:00+00:00,12566.4,12598.3,12453.7,12496.4,0
2012-06-14 00:00:00+00:00,12497.9,12698.7,12497.7,12651.9,0
2012-06-15 00:00:00+00:00,12652.2,12774.7,12651.4,12767.2,0
2012-06-18 00:00:00+00:00,12767.0,12781.9,12696.2,12741.8,0
2012-06-19 00:00:00+00:00,12744.6,12898.9,12744.4,12837.3,0
2012-06-20 00:00:00+00:00,12837.1,12877.2,12744.9,12824.4,0
2012-06-21 00:00:00+00:00,12823.1,12857.4,12561.5,12573.6,0
2012-06-22 00:00:00+00:00,12574.8,12674.1,12574.6,12640.8,0
2012-06-25 00:00:00+00:00,12639.8,12639.9,12458.0,12502.7,0
2012-06-26 00:00:00+00:00,12503.6,12576.4,12452.1,12534.7,0
2012-06-27 00:00:00+00:00,12532.9,12646.8,12532.7,12627.0,0
2012-06-28 00:00:00+00:00,12626.3,12626.3,12450.2,12602.3,0
2012-06-29 00:00:00+00:00,12604.6,12880.4,12604.5,12880.1,0
2012-07-02 00:00:00+00:00,12879.7,12902.1,12795.5,12871.4,0
2012-07-03 00:00:00+00:00,12868.1,12946.2,12845.3,12943.7,0
2012-07-05 00:00:00+00:00,12941.9,12961.4,12852.3,12896.7,0
2012-07-06 00:00:00+00:00,12889.4,12889.4,12703.0,12772.5,0
2012-07-09 00:00:00+00:00,12772.0,12772.0,12686.5,12736.3,0
2012-07-10 00:00:00+00:00,12733.9,12830.3,12606.9,12653.1,0
2012-07-11 00:00:00+00:00,12653.0,12661.9,12534.3,12604.5,0
2012-07-12 00:00:00+00:00,12602.7,12630.6,12492.2,12573.3,0
2012-07-13 00:00:00+00:00,12573.7,12784.7,12573.0,12777.1,0
2012-07-16 00:00:00+00:00,12776.3,12779.6,12690.0,12727.2,0
2012-07-17 00:00:00+00:00,12728.7,12829.2,12645.1,12805.5,0
2012-07-18 00:00:00+00:00,12797.0,12922.0,12754.6,12908.7,0
2012-07-19 00:00:00+00:00,12909.6,12977.6,12889.9,12943.4,0
2012-07-20 00:00:00+00:00,12942.7,12942.9,12810.4,12822.6,0
2012-07-23 00:00:00+00:00,12820.5,12820.5,12583.5,12721.5,0
2012-07-24 00:00:00+00:00,12720.9,12730.1,12521.8,12617.3,0
2012-07-25 00:00:00+00:00,12617.8,12732.8,12617.6,12676.1,0
2012-07-26 00:00:00+00:00,12680.6,12931.2,12680.6,12887.9,0
2012-07-27 00:00:00+00:00,12888.9,13117.7,12888.5,13075.7,0
2012-07-30 00:00:00+00:00,13075.4,13128.7,13042.9,13073.1,0
2012-07-31 00:00:00+00:00,13071.7,13082.6,13006.5,13008.7,0
2012-08-01 00:00:00+00:00,13007.5,13074.9,12951.2,12976.2,0
2012-08-02 00:00:00+00:00,12969.7,12969.9,12778.9,12878.9,0
2012-08-03 00:00:00+00:00,12884.8,13133.2,12884.8,13096.2,0
2012-08-06 00:00:00+00:00,13099.9,13187.3,13099.7,13117.5,0
2012-08-07 00:00:00+00:00,13118.7,13216.0,13118.5,13168.7,0
2012-08-08 00:00:00+00:00,13158.1,13202.7,13115.2,13175.6,0
2012-08-09 00:00:00+00:00,13174.7,13200.2,13125.1,13165.2,0
2012-08-10 00:00:00+00:00,13163.2,13208.3,13095.0,13208.0,0
2012-08-13 00:00:00+00:00,13204.9,13205.0,13112.9,13169.4,0
2012-08-14 00:00:00+00:00,13168.1,13223.0,13142.1,13172.1,0
2012-08-15 00:00:00+00:00,13157.5,13192.9,13138.3,13164.8,0
2012-08-16 00:00:00+00:00,13163.2,13269.3,13145.8,13250.1,0
2012-08-17 00:00:00+00:00,13251.2,13281.3,13244.8,13275.2,0
2012-08-20 00:00:00+00:00,13274.6,13276.2,13230.1,13271.7,0
2012-08-21 00:00:00+00:00,13272.1,13330.8,13186.6,13203.6,0
2012-08-22 00:00:00+00:00,13198.3,13205.1,13120.3,13172.7,0
2012-08-23 00:00:00+00:00,13171.4,13171.4,13046.5,13057.5,0
2012-08-24 00:00:00+00:00,13052.8,13175.5,13027.2,13158.0,0
2012-08-27 00:00:00+00:00,13157.7,13176.1,13115.4,13124.6,0
2012-08-28 00:00:00+00:00,13122.7,13147.3,13081.1,13102.9,0
2012-08-29 00:00:00+00:00,13103.5,13144.9,13081.3,13107.5,0
2012-08-30 00:00:00+00:00,13101.3,13101.4,12978.9,13000.7,0
2012-08-31 00:00:00+00:00,13002.7,13151.9,13002.6,13090.8,0
2012-09-04 00:00:00+00:00,13092.2,13092.4,12977.1,13036.0,0
2012-09-05 00:00:00+00:00,13036.1,13095.9,13018.7,13047.5,0
2012-09-06 00:00:00+00:00,13045.2,13294.1,13045.0,13292.0,0
2012-09-07 00:00:00+00:00,13289.5,13320.2,13266.2,13306.6,0
2012-09-10 00:00:00+00:00,13308.6,13324.1,13251.4,13254.3,0
2012-09-11 00:00:00+00:00,13254.6,13354.3,13253.2,13323.4,0
2012-09-12 00:00:00+00:00,13321.6,13373.6,13317.5,13333.3,0
2012-09-13 00:00:00+00:00,13329.7,13573.3,13325.1,13539.9,0
2012-09-14 00:00:00+00:00,13540.4,13653.2,13533.9,13593.4,0
2012-09-17 00:00:00+00:00,13588.6,13593.2,13526.7,13553.1,0
2012-09-18 00:00:00+00:00,13552.3,13582.1,13517.8,13564.6,0
2012-09-19 00:00:00+00:00,13565.4,13626.5,13556.7,13578.0,0
2012-09-20 00:00:00+00:00,13575.2,13599.1,13503.0,13597.0,0
2012-09-21 00:00:00+00:00,13597.2,13647.1,13571.5,13579.4,0
2012-09-24 00:00:00+00:00,13577.9,13602.0,13521.7,13559.0,0
2012-09-25 00:00:00+00:00,13559.9,13620.2,13457.2,13457.5,0
2012-09-26 00:00:00+00:00,13458.6,13480.3,13406.9,13413.5,0
2012-09-27 00:00:00+00:00,13413.5,13522.9,13413.5,13486.0,0
2012-09-28 00:00:00+00:00,13485.9,13487.7,13367.3,13437.1,0
2012-10-01 00:00:00+00:00,13437.7,13598.3,13437.7,13515.2,0
2012-10-02 00:00:00+00:00,13515.3,13567.1,13424.9,13482.4,0
2012-10-03 00:00:00+00:00,13479.2,13536.3,13439.1,13494.6,0
2012-10-04 00:00:00+00:00,13495.2,13594.4,13495.2,13575.4,0
2012-10-05 00:00:00+00:00,13569.2,13661.9,13568.8,13610.2,0
2012-10-08 00:00:00+00:00,13589.3,13610.4,13552.1,13583.7,0
2012-10-09 00:00:00+00:00,13582.9,13592.4,13473.3,13473.5,0
2012-10-10 00:00:00+00:00,13473.5,13478.8,13327.6,13344.9,0
2012-10-11 00:00:00+00:00,13346.3,13428.5,13326.1,13326.4,0
2012-10-12 00:00:00+00:00,13325.6,13401.3,13296.4,13328.8,0
2012-10-15 00:00:00+00:00,13329.5,13437.6,13325.9,13424.2,0
2012-10-16 00:00:00+00:00,13423.8,13556.3,13423.7,13551.7,0
2012-10-17 00:00:00+00:00,13539.6,13561.6,13468.9,13557.0,0
2012-10-18 00:00:00+00:00,13553.2,13588.7,13510.9,13548.9,0
2012-10-19 00:00:00+00:00,13545.3,13545.5,13312.2,13343.5,0
2012-10-22 00:00:00+00:00,13344.3,13368.6,13235.2,13345.9,0
2012-10-23 00:00:00+00:00,13344.9,13344.9,13083.3,13102.5,0
2012-10-24 00:00:00+00:00,13103.5,13155.2,13063.6,13077.3,0
2012-10-25 00:00:00+00:00,13079.6,13214.1,13017.3,13103.6,0
2012-10-26 00:00:00+00:00,13104.2,13151.7,13040.1,13107.2,0
2012-10-31 00:00:00+00:00,13107.4,13189.0,13052.0,13096.4,0
2012-11-01 00:00:00+00:00,13099.2,13273.7,13099.1,13232.6,0
2012-11-02 00:00:00+00:00,13232.6,13289.4,13076.5,13093.1,0
2012-11-05 00:00:00+00:00,13092.3,13140.6,13038.7,13112.5,0
2012-11-06 00:00:00+00:00,13112.9,13290.8,13112.9,13245.7,0
2012-11-07 00:00:00+00:00,13228.2,13228.3,12876.6,12932.7,0
2012-11-08 00:00:00+00:00,12932.8,12980.2,12811.2,12811.3,0
2012-11-09 00:00:00+00:00,12811.2,12890.2,12743.4,12815.4,0
2012-11-12 00:00:00+00:00,12815.9,12861.3,12783.0,12815.0,0
2012-11-13 00:00:00+00:00,12808.7,12898.2,12748.5,12756.2,0
2012-11-14 00:00:00+00:00,12746.5,12797.7,12542.6,12570.9,0
2012-11-15 00:00:00+00:00,12571.1,12600.6,12496.6,12542.4,0
2012-11-16 00:00:00+00:00,12542.3,12604.2,12471.5,12588.3,0
2012-11-19 00:00:00+00:00,12590.2,12796.2,12590.2,12795.9,0
2012-11-20 00:00:00+00:00,12790.9,12808.6,12701.1,12788.5,0
2012-11-21 00:00:00+00:00,12788.4,12846.0,12786.2,12836.9,0
2012-11-23 00:00:00+00:00,12833.1,13011.4,12832.9,13009.5,0
2012-11-26 00:00:00+00:00,13008.5,13008.5,12900.2,12967.4,0
2012-11-27 00:00:00+00:00,12963.4,12980.2,12868.3,12878.1,0
2012-11-28 00:00:00+00:00,12875.6,12989.1,12765.4,12985.2,0
2012-11-29 00:00:00+00:00,12977.4,13062.6,12962.0,13021.9,0
2012-11-30 00:00:00+00:00,13022.1,13053.8,12988.7,13025.6,0
2012-12-03 00:00:00+00:00,13027.7,13087.3,12959.4,12965.6,0
2012-12-04 00:00:00+00:00,12966.5,13022.6,12940.1,12951.8,0
2012-12-05 00:00:00+00:00,12949.0,13089.2,12923.5,13034.5,0
2012-12-06 00:00:00+00:00,13026.2,13076.9,13007.8,13074.1,0
2012-12-07 00:00:00+00:00,13072.9,13157.3,13072.9,13155.2,0
2012-12-10 00:00:00+00:00,13154.9,13195.4,13139.1,13169.9,0
2012-12-11 00:00:00+00:00,13170.3,13306.5,13170.3,13248.4,0
2012-12-12 00:00:00+00:00,13250.1,13329.5,13227.5,13245.5,0
2012-12-13 00:00:00+00:00,13241.4,13264.4,13147.2,13170.7,0
2012-12-14 00:00:00+00:00,13170.8,13190.4,13118.5,13135.0,0
2012-12-17 00:00:00+00:00,13135.2,13244.4,13134.7,13235.4,0
2012-12-18 00:00:00+00:00,13236.6,13365.9,13232.6,13351.0,0
2012-12-19 00:00:00+00:00,13351.0,13357.7,13251.7,13251.9,0
2012-12-20 00:00:00+00:00,13246.7,13314.7,13216.1,13311.8,0
2012-12-21 00:00:00+00:00,13310.0,13310.0,13122.6,13190.9,0
2012-12-24 00:00:00+00:00,13190.2,13190.4,13128.6,13139.0,0
2012-12-26 00:00:00+00:00,13138.9,13174.9,13076.9,13114.6,0
2012-12-27 00:00:00+00:00,13115.0,13141.8,12964.1,13096.3,0
2012-12-28 00:00:00+00:00,13095.1,13095.5,12926.9,12938.1,0
2012-12-31 00:00:00+00:00,12938.2,13109.1,12883.9,13104.2,0
2013-01-02 00:00:00+00:00,13104.3,13412.7,13104.3,13412.6,0
2013-01-03 00:00:00+00:00,13413.0,13430.6,13358.3,13391.3,0
2013-01-04 00:00:00+00:00,13391.1,13447.2,13376.3,13435.3,0
2013-01-07 00:00:00+00:00,13436.1,13436.1,13343.3,13384.3,0
2013-01-08 00:00:00+00:00,13377.4,13377.4,13293.1,13328.8,0
2013-01-09 00:00:00+00:00,13329.9,13416.5,13329.1,13390.5,0
2013-01-10 00:00:00+00:00,13391.8,13478.2,13382.3,13471.2,0
2013-01-11 00:00:00+00:00,13471.5,13496.7,13440.0,13488.5,0
2013-01-14 00:00:00+00:00,13488.4,13520.2,13459.8,13507.3,0
2013-01-15 00:00:00+00:00,13507.3,13546.4,13445.8,13534.9,0
2013-01-16 00:00:00+00:00,13534.9,13534.9,13469.0,13511.2,0
2013-01-17 00:00:00+00:00,13511.2,13633.9,13510.2,13596.0,0
2013-01-18 00:00:00+00:00,13596.0,13649.9,13571.8,13649.7,0
2013-01-22 00:00:00+00:00,13649.7,13712.2,13623.0,13712.2,0
2013-01-23 00:00:00+00:00,13712.2,13794.3,13710.1,13779.3,0
2013-01-24 00:00:00+00:00,13779.3,13879.6,13779.3,13825.3,0
2013-01-25 00:00:00+00:00,13825.3,13896.0,13825.3,13896.0,0
2013-01-28 00:00:00+00:00,13896.0,13915.7,13862.6,13881.9,0
2013-01-29 00:00:00+00:00,13881.9,13970.0,13880.0,13954.4,0
2013-01-30 00:00:00+00:00,13954.4,13966.1,13896.9,13910.4,0
2013-01-31 00:00:00+00:00,13910.4,13941.0,13860.6,13860.6,0
2013-02-01 00:00:00+00:00,13860.6,14019.8,13860.6,14009.8,0
2013-02-04 00:00:00+00:00,14009.8,14009.8,13866.8,13880.1,0
2013-02-05 00:00:00+00:00,13880.1,14013.6,13880.1,13979.3,0
2013-02-06 00:00:00+00:00,13979.3,13991.6,13913.2,13986.5,0
2013-02-07 00:00:00+00:00,13986.5,13988.0,13852.2,13944.0,0
2013-02-08 00:00:00+00:00,13944.1,14022.7,13944.1,13993.0,0
2013-02-11 00:00:00+00:00,13993.0,13993.0,13940.4,13971.3,0
2013-02-12 00:00:00+00:00,13971.2,14038.9,13968.9,14018.7,0
2013-02-13 00:00:00+00:00,14018.7,14029.4,13945.8,13982.9,0
2013-02-14 00:00:00+00:00,13982.9,13990.4,13921.9,13973.4,0
2013-02-15 00:00:00+00:00,13973.4,14001.9,13906.7,13981.8,0
2013-02-19 00:00:00+00:00,13981.8,14044.9,13977.9,14035.7,0
2013-02-20 00:00:00+00:00,14035.7,14058.3,13919.3,13927.6,0
2013-02-21 00:00:00+00:00,13927.5,13927.5,13834.4,13880.6,0
2013-02-22 00:00:00+00:00,13880.6,14001.2,13880.6,14000.6,0
2013-02-25 00:00:00+00:00,14000.6,14081.6,13784.0,13784.2,0
2013-02-26 00:00:00+00:00,13784.2,13918.5,13784.2,13900.2,0
2013-02-27 00:00:00+00:00,13900.1,14104.8,13880.2,14075.3,0
2013-02-28 00:00:00+00:00,14075.4,14149.2,14050.2,14054.5,0
2013-03-01 00:00:00+00:00,14054.5,14107.1,13937.6,14089.7,0
2013-03-04 00:00:00+00:00,14089.7,14128.3,14030.4,14127.9,0
2013-03-05 00:00:00+00:00,14127.8,14286.4,14127.8,14253.8,0
2013-03-06 00:00:00+00:00,14253.8,14320.7,14253.0,14296.3,0
2013-03-07 00:00:00+00:00,14296.2,14354.7,14296.2,14329.5,0
2013-03-08 00:00:00+00:00,14329.5,14413.2,14329.5,14397.1,0
2013-03-11 00:00:00+00:00,14397.1,14448.1,14373.3,14447.3,0
2013-03-12 00:00:00+00:00,14447.3,14478.8,14412.1,14450.1,0
2013-03-13 00:00:00+00:00,14450.1,14472.8,14411.7,14455.3,0
2013-03-14 00:00:00+00:00,14455.3,14539.3,14455.3,14539.2,0
2013-03-15 00:00:00+00:00,14539.1,14539.1,14470.5,14514.1,0
2013-03-18 00:00:00+00:00,14514.1,14521.6,14404.2,14452.0,0
2013-03-19 00:00:00+00:00,14452.1,14514.4,14382.1,14455.9,0
2013-03-20 00:00:00+00:00,14455.8,14546.8,14455.8,14511.7,0
2013-03-21 00:00:00+00:00,14511.7,14511.7,14383.0,14421.5,0
2013-03-22 00:00:00+00:00,14421.5,14520.0,14421.5,14512.0,0
2013-03-25 00:00:00+00:00,14512.0,14563.7,14395.0,14447.7,0
2013-03-26 00:00:00+00:00,14447.8,14561.6,14447.8,14559.7,0
2013-03-27 00:00:00+00:00,14559.7,14559.7,14439.6,14526.2,0
2013-03-28 00:00:00+00:00,14526.2,14585.1,14520.9,14578.6,0
2013-04-01 00:00:00+00:00,14578.5,14605.7,14531.4,14572.8,0
2013-04-02 00:00:00+00:00,14572.9,14684.5,14572.9,14662.1,0
2013-04-03 00:00:00+00:00,14662.0,14683.1,14525.3,14550.3,0
2013-04-04 00:00:00+00:00,14550.4,14625.3,14538.8,14606.2,0
2013-04-05 00:00:00+00:00,14606.1,14606.1,14434.4,14565.2,0
2013-04-08 00:00:00+00:00,14565.3,14613.5,14497.8,14613.5,0
2013-04-09 00:00:00+00:00,14613.5,14716.5,14598.5,14673.5,0
2013-04-10 00:00:00+00:00,14673.5,14826.7,14673.5,14802.3,0
2013-04-11 00:00:00+00:00,14802.2,14887.5,14785.3,14865.1,0
2013-04-12 00:00:00+00:00,14865.1,14865.2,14790.5,14865.0,0
2013-04-15 00:00:00+00:00,14865.1,14865.1,14598.6,14599.2,0
2013-04-16 00:00:00+00:00,14599.2,14761.7,14599.2,14756.8,0
2013-04-17 00:00:00+00:00,14756.8,14756.8,14560.8,14618.6,0
2013-04-18 00:00:00+00:00,14618.6,14650.3,14495.3,14537.1,0
2013-04-19 00:00:00+00:00,14537.1,14553.7,14444.0,14547.5,0
2013-04-22 00:00:00+00:00,14547.5,14588.8,14457.6,14567.2,0
2013-04-23 00:00:00+00:00,14567.2,14721.5,14554.3,14719.5,0
2013-04-24 00:00:00+00:00,14719.5,14747.5,14666.6,14676.3,0
2013-04-25 00:00:00+00:00,14676.3,14768.1,14665.4,14700.8,0
2013-04-26 00:00:00+00:00,14700.8,14743.5,14684.8,14712.6,0
2013-04-29 00:00:00+00:00,14712.6,14845.0,14712.6,14818.8,0
2013-04-30 00:00:00+00:00,14818.8,14839.9,14734.5,14839.9,0
2013-05-01 00:00:00+00:00,14839.8,14839.8,14687.0,14700.9,0
2013-05-02 00:00:00+00:00,14701.0,14834.7,14701.0,14831.6,0
2013-05-03 00:00:00+00:00,14831.6,15009.6,14831.6,14974.0,0
2013-05-06 00:00:00+00:00,14974.0,14988.9,14941.1,14968.9,0
2013-05-07 00:00:00+00:00,14968.9,15056.7,14968.9,15056.2,0
2013-05-08 00:00:00+00:00,15056.2,15106.8,15021.9,15105.1,0
2013-05-09 00:00:00+00:00,15105.1,15144.8,15046.8,15082.6,0
2013-05-10 00:00:00+00:00,15082.6,15118.5,15038.2,15118.5,0
2013-05-13 00:00:00+00:00,15113.4,15113.4,15053.4,15091.7,0
2013-05-14 00:00:00+00:00,15091.7,15219.6,15089.3,15215.3,0
2013-05-15 00:00:00+00:00,15211.9,15301.4,15175.4,15275.7,0
2013-05-16 00:00:00+00:00,15273.9,15302.5,15215.8,15233.2,0
2013-05-17 00:00:00+00:00,15234.8,15357.5,15234.8,15354.5,0
2013-05-20 00:00:00+00:00,15348.3,15391.8,15314.1,15335.2,0
2013-05-21 00:00:00+00:00,15335.0,15434.5,15325.7,15387.6,0
2013-05-22 00:00:00+00:00,15387.1,15542.4,15265.9,15307.1,0
2013-05-23 00:00:00+00:00,15300.6,15348.4,15180.3,15294.5,0
2013-05-24 00:00:00+00:00,15290.7,15306.7,15199.6,15303.1,0
2013-05-28 00:00:00+00:00,15307.3,15521.5,15307.3,15409.4,0
2013-05-29 00:00:00+00:00,15399.9,15400.2,15229.5,15302.8,0
2013-05-30 00:00:00+00:00,15306.0,15398.7,15281.0,15324.5,0
2013-05-31 00:00:00+00:00,15322.2,15392.4,15115.5,15115.5,0
2013-06-03 00:00:00+00:00,15123.6,15254.2,15123.6,15254.1,0
2013-06-04 00:00:00+00:00,15255.2,15305.0,15100.8,15177.5,0
2013-06-05 00:00:00+00:00,15168.1,15168.6,14945.6,14960.6,0
2013-06-06 00:00:00+00:00,14955.5,15040.7,14844.3,15040.7,0
2013-06-07 00:00:00+00:00,15044.5,15255.6,15044.5,15248.2,0
2013-06-10 00:00:00+00:00,15247.8,15300.6,15211.2,15238.6,0
2013-06-11 00:00:00+00:00,15231.4,15251.1,15086.1,15122.0,0
2013-06-12 00:00:00+00:00,15130.4,15241.3,14981.2,14995.2,0
2013-06-13 00:00:00+00:00,14992.5,15202.2,14953.4,15176.0,0
2013-06-14 00:00:00+00:00,15178.1,15205.9,15044.8,15070.2,0
2013-06-17 00:00:00+00:00,15078.7,15261.7,15078.7,15179.8,0
2013-06-18 00:00:00+00:00,15186.3,15340.1,15186.3,15318.2,0
2013-06-19 00:00:00+00:00,15315.5,15322.1,15112.1,15112.2,0
2013-06-20 00:00:00+00:00,15105.5,15105.5,14732.0,14758.3,0
2013-06-21 00:00:00+00:00,14760.6,14858.5,14688.4,14799.4,0
2013-06-24 00:00:00+00:00,14795.8,14795.8,14551.3,14659.6,0
2013-06-25 00:00:00+00:00,14669.7,14812.0,14669.7,14760.3,0
2013-06-26 00:00:00+00:00,14770.0,14939.0,14769.7,14910.2,0
2013-06-27 00:00:00+00:00,14921.3,15075.0,14921.3,15024.5,0
2013-06-28 00:00:00+00:00,15016.6,15034.7,14884.8,14909.6,0
2013-07-01 00:00:00+00:00,14911.6,15083.3,14911.6,14975.0,0
2013-07-02 00:00:00+00:00,14975.0,15049.3,14870.5,14932.4,0
2013-07-03 00:00:00+00:00,14923.7,15025.9,14858.9,14988.3,0
2013-07-05 00:00:00+00:00,14995.5,15137.6,14971.2,15135.9,0
2013-07-08 00:00:00+00:00,15137.2,15262.7,15137.2,15224.7,0
2013-07-09 00:00:00+00:00,15228.5,15320.5,15228.5,15300.4,0
2013-07-10 00:00:00+00:00,15298.0,15348.9,15258.9,15291.6,0
2013-07-11 00:00:00+00:00,15298.0,15483.6,15298.0,15460.9,0
2013-07-12 00:00:00+00:00,15460.7,15498.4,15410.3,15464.3,0
2013-07-15 00:00:00+00:00,15459.7,15509.5,15455.8,15484.3,0
2013-07-16 00:00:00+00:00,15485.0,15498.1,15415.7,15451.8,0
2013-07-17 00:00:00+00:00,15456.9,15502.0,15438.1,15470.5,0
2013-07-18 00:00:00+00:00,15465.9,15589.4,15465.9,15548.5,0
2013-07-19 00:00:00+00:00,15524.3,15544.6,15492.0,15543.8,0
2013-07-22 00:00:00+00:00,15544.0,15576.2,15516.2,15545.6,0
2013-07-23 00:00:00+00:00,15547.0,15604.2,15544.1,15567.7,0
2013-07-24 00:00:00+00:00,15576.7,15602.6,15496.8,15542.2,0
2013-07-25 00:00:00+00:00,15539.2,15560.4,15455.6,15555.6,0
2013-07-26 00:00:00+00:00,15547.9,15561.0,15405.2,15558.9,0
2013-07-29 00:00:00+00:00,15557.1,15557.1,15482.2,15521.9,0
2013-07-30 00:00:00+00:00,15534.5,15593.9,15479.1,15520.6,0
2013-07-31 00:00:00+00:00,15528.6,15634.4,15493.0,15499.6,0
2013-08-01 00:00:00+00:00,15503.9,15650.7,15503.9,15628.1,0
2013-08-02 00:00:00+00:00,15627.6,15658.5,15558.7,15658.4,0
2013-08-05 00:00:00+00:00,15652.0,15655.2,15584.8,15612.1,0
2013-08-06 00:00:00+00:00,15608.4,15608.4,15473.4,15518.7,0
2013-08-07 00:00:00+00:00,15516.2,15516.2,15421.7,15470.7,0
2013-08-08 00:00:00+00:00,15477.3,15557.2,15418.6,15498.4,0
2013-08-09 00:00:00+00:00,15496.6,15507.7,15346.6,15425.5,0
2013-08-12 00:00:00+00:00,15415.2,15441.7,15359.9,15419.7,0
2013-08-13 00:00:00+00:00,15420.7,15504.2,15342.4,15451.0,0
2013-08-14 00:00:00+00:00,15447.7,15453.1,15316.6,15337.6,0
2013-08-15 00:00:00+00:00,15332.7,15332.7,15094.0,15112.2,0
2013-08-16 00:00:00+00:00,15112.6,15139.8,15054.4,15081.5,0
2013-08-19 00:00:00+00:00,15076.8,15106.4,15005.4,15010.7,0
2013-08-20 00:00:00+00:00,15011.8,15074.9,14992.1,15003.0,0
2013-08-21 00:00:00+00:00,14993.8,15019.7,14880.8,14897.5,0
2013-08-22 00:00:00+00:00,14908.6,14989.1,14899.0,14963.7,0
2013-08-23 00:00:00+00:00,14988.8,15025.6,14931.3,15010.5,0
2013-08-26 00:00:00+00:00,15014.6,15050.0,14945.3,14946.5,0
2013-08-27 00:00:00+00:00,14939.3,14939.3,14765.5,14776.2,0
2013-08-28 00:00:00+00:00,14771.0,14867.4,14760.4,14824.5,0
2013-08-29 00:00:00+00:00,14817.9,14916.0,14792.1,14840.9,0
2013-08-30 00:00:00+00:00,14844.1,14848.2,14762.3,14810.3,0
2013-09-03 00:00:00+00:00,14801.6,14933.4,14777.5,14834.0,0
2013-09-04 00:00:00+00:00,14832.4,14956.7,14799.1,14930.9,0
2013-09-05 00:00:00+00:00,14929.5,14987.5,14923.3,14937.5,0
2013-09-06 00:00:00+00:00,14941.6,15009.9,14789.4,14922.5,0
2013-09-09 00:00:00+00:00,14927.2,15088.4,14927.2,15063.1,0
2013-09-10 00:00:00+00:00,15067.2,15192.1,15067.2,15191.0,0
2013-09-11 00:00:00+00:00,15194.1,15326.6,15194.1,15326.6,0
2013-09-12 00:00:00+00:00,15327.1,15345.3,15283.2,15300.6,0
2013-09-13 00:00:00+00:00,15312.9,15381.0,15312.9,15376.1,0
2013-09-16 00:00:00+00:00,15381.4,15549.9,15381.4,15494.8,0
2013-09-17 00:00:00+00:00,15503.2,15555.1,15503.2,15529.8,0
2013-09-18 00:00:00+00:00,15533.0,15709.6,15470.1,15676.9,0
2013-09-19 00:00:00+00:00,15677.9,15695.9,15625.5,15636.6,0
2013-09-20 00:00:00+00:00,15635.1,15654.8,15448.1,15451.1,0
2013-09-23 00:00:00+00:00,15452.3,15466.9,15368.2,15401.4,0
2013-09-24 00:00:00+00:00,15402.5,15433.7,15327.1,15334.5,0
2013-09-25 00:00:00+00:00,15339.0,15372.5,15253.1,15273.2,0
2013-09-26 00:00:00+00:00,15274.4,15387.2,15274.4,15328.3,0
2013-09-27 00:00:00+00:00,15317.5,15317.5,15211.9,15258.3,0
2013-09-30 00:00:00+00:00,15249.8,15249.8,15086.7,15129.6,0
2013-10-01 00:00:00+00:00,15132.5,15208.4,15110.3,15191.7,0
2013-10-02 00:00:00+00:00,15182.7,15182.7,15044.8,15133.2,0
2013-10-03 00:00:00+00:00,15127.2,15127.2,14947.0,14996.4,0
2013-10-04 00:00:00+00:00,14994.7,15084.0,14972.3,15072.6,0
2013-10-07 00:00:00+00:00,15069.3,15069.3,14920.8,14936.2,0
2013-10-08 00:00:00+00:00,14938.0,14938.0,14773.4,14776.5,0
2013-10-09 00:00:00+00:00,14778.2,14852.5,14719.4,14803.0,0
2013-10-10 00:00:00+00:00,14806.4,15126.1,14806.4,15126.1,0
2013-10-11 00:00:00+00:00,15126.5,15237.3,15100.1,15237.1,0
2013-10-14 00:00:00+00:00,15231.3,15309.5,15136.3,15301.2,0
2013-10-15 00:00:00+00:00,15300.3,15301.9,15161.3,15168.0,0
2013-10-16 00:00:00+00:00,15170.7,15374.2,15170.7,15373.8,0
2013-10-17 00:00:00+00:00,15369.5,15376.2,15229.1,15371.7,0
2013-10-18 00:00:00+00:00,15371.7,15413.0,15321.8,15399.6,0
2013-10-21 00:00:00+00:00,15401.3,15410.2,15362.6,15392.2,0
2013-10-22 00:00:00+00:00,15394.2,15518.1,15394.2,15467.6,0
2013-10-23 00:00:00+00:00,15465.3,15465.6,15366.1,15413.3,0
2013-10-24 00:00:00+00:00,15414.9,15528.7,15414.2,15509.2,0
2013-10-25 00:00:00+00:00,15523.7,15570.6,15512.9,15570.3,0
2013-10-28 00:00:00+00:00,15569.2,15599.1,15533.5,15568.9,0
2013-10-29 00:00:00+00:00,15572.2,15683.1,15572.2,15680.3,0
2013-10-30 00:00:00+00:00,15680.7,15721.0,15574.5,15618.7,0
2013-10-31 00:00:00+00:00,15619.9,15651.8,15544.7,15545.7,0
2013-11-01 00:00:00+00:00,15558.0,15649.4,15543.2,15615.5,0
2013-11-04 00:00:00+00:00,15621.2,15658.9,15588.5,15639.1,0
2013-11-05 00:00:00+00:00,15631.2,15651.9,15522.2,15618.2,0
2013-11-06 00:00:00+00:00,15628.7,15750.3,15628.7,15746.9,0
2013-11-07 00:00:00+00:00,15751.3,15797.7,15586.3,15594.0,0
2013-11-08 00:00:00+00:00,15591.5,15764.3,15579.3,15761.7,0
2013-11-11 00:00:00+00:00,15759.3,15791.5,15737.2,15783.1,0
2013-11-12 00:00:00+00:00,15773.2,15793.4,15708.3,15750.7,0
2013-11-13 00:00:00+00:00,15739.5,15823.0,15672.0,15821.6,0
2013-11-14 00:00:00+00:00,15806.2,15885.0,15798.7,15876.2,0
2013-11-15 00:00:00+00:00,15876.2,15963.0,15875.9,15961.7,0
2013-11-18 00:00:00+00:00,15962.7,16030.3,15942.1,15976.0,0
2013-11-19 00:00:00+00:00,15974.1,16025.9,15943.8,15967.1,0
2013-11-20 00:00:00+00:00,15971.2,16016.9,15865.4,15900.8,0
2013-11-21 00:00:00+00:00,15908.1,16016.1,15908.1,16010.0,0
2013-11-22 00:00:00+00:00,16008.7,16068.8,15976.3,16064.8,0
2013-11-25 00:00:00+00:00,16072.1,16109.6,16055.5,16072.6,0
2013-11-26 00:00:00+00:00,16070.9,16120.2,16070.9,16072.8,0
2013-11-27 00:00:00+00:00,16073.4,16108.0,16057.4,16097.4,0
2013-11-29 00:00:00+00:00,16105.2,16174.6,16074.2,16086.4,0
2013-12-02 00:00:00+00:00,16087.1,16098.0,15986.2,16008.7,0
2013-12-03 00:00:00+00:00,16004.7,16004.7,15859.7,15914.6,0
2013-12-04 00:00:00+00:00,15910.5,15960.4,15791.3,15889.8,0
2013-12-05 00:00:00+00:00,15886.5,15896.2,15809.4,15821.5,0
2013-12-06 00:00:00+00:00,15825.6,16022.4,15825.6,16020.3,0
2013-12-09 00:00:00+00:00,16019.5,16058.4,16015.3,16025.5,0
2013-12-10 00:00:00+00:00,16024.1,16029.0,15969.5,15973.1,0
2013-12-11 00:00:00+00:00,15970.8,15997.3,15827.7,15843.6,0
2013-12-12 00:00:00+00:00,15844.8,15845.1,15703.8,15739.4,0
2013-12-13 00:00:00+00:00,15745.7,15792.8,15718.0,15755.4,0
2013-12-16 00:00:00+00:00,15759.6,15930.3,15759.6,15884.6,0
2013-12-17 00:00:00+00:00,15884.1,15918.0,15836.5,15875.3,0
2013-12-18 00:00:00+00:00,15876.6,16173.1,15808.9,16168.0,0
2013-12-19 00:00:00+00:00,16162.5,16194.7,16121.5,16179.1,0
2013-12-20 00:00:00+00:00,16178.6,16287.9,16178.6,16221.2,0
2013-12-23 00:00:00+00:00,16225.3,16318.2,16225.3,16294.7,0
2013-12-24 00:00:00+00:00,16295.7,16360.6,16295.7,16357.6,0
2013-12-26 00:00:00+00:00,16371.0,16483.0,16371.0,16479.9,0
2013-12-27 00:00:00+00:00,16486.4,16529.0,16461.3,16478.4,0
2013-12-30 00:00:00+00:00,16484.5,16504.3,16476.9,16504.3,0
2013-12-31 00:00:00+00:00,16512.4,16588.3,16511.5,16576.7,0
2014-01-02 00:00:00+00:00,16572.2,16573.1,16416.5,16441.4,0
2014-01-03 00:00:00+00:00,16456.9,16518.8,16439.3,16470.0,0
2014-01-06 00:00:00+00:00,16474.0,16533.0,16405.5,16425.1,0
2014-01-07 00:00:00+00:00,16429.0,16562.3,16429.0,16530.9,0
2014-01-08 00:00:00+00:00,16527.7,16528.9,16416.7,16462.8,0
2014-01-09 00:00:00+00:00,16471.4,16525.3,16378.6,16444.7,0
2014-01-10 00:00:00+00:00,16453.6,16487.6,16379.0,16437.0,0
2014-01-13 00:00:00+00:00,16434.0,16453.1,16240.6,16257.9,0
2014-01-14 00:00:00+00:00,16262.0,16373.9,16260.8,16373.9,0
2014-01-15 00:00:00+00:00,16378.0,16505.3,16376.7,16481.9,0
2014-01-16 00:00:00+00:00,16477.7,16477.7,16375.6,16417.0,0
2014-01-17 00:00:00+00:00,16408.0,16495.2,16378.8,16458.5,0
2014-01-21 00:00:00+00:00,16459.3,16520.6,16316.3,16414.5,0
2014-01-22 00:00:00+00:00,16420.5,16453.5,16333.0,16373.4,0
2014-01-23 00:00:00+00:00,16372.0,16373.0,16140.6,16197.4,0
2014-01-24 00:00:00+00:00,16203.3,16203.3,15879.1,15879.1,0
2014-01-27 00:00:00+00:00,15879.1,15942.8,15783.6,15837.9,0
2014-01-28 00:00:00+00:00,15840.8,15945.9,15840.8,15928.5,0
2014-01-29 00:00:00+00:00,15927.1,15927.1,15709.0,15738.8,0
2014-01-30 00:00:00+00:00,15743.0,15907.5,15733.2,15848.6,0
2014-01-31 00:00:00+00:00,15847.2,15847.2,15617.6,15698.9,0
2014-02-03 00:00:00+00:00,15697.7,15708.6,15356.2,15372.8,0
2014-02-04 00:00:00+00:00,15372.9,15481.8,15356.6,15445.2,0
2014-02-05 00:00:00+00:00,15443.0,15478.2,15340.7,15440.2,0
2014-02-06 00:00:00+00:00,15443.8,15632.1,15443.0,15628.5,0
2014-02-07 00:00:00+00:00,15630.6,15798.5,15625.5,15794.0,0
2014-02-10 00:00:00+00:00,15793.6,15801.8,15733.7,15801.8,0
2014-02-11 00:00:00+00:00,15804.2,16027.2,15803.4,15994.8,0
2014-02-12 00:00:00+00:00,15993.0,16036.5,15928.7,15963.9,0
2014-02-13 00:00:00+00:00,15947.0,16039.4,15863.3,16027.6,0
2014-02-14 00:00:00+00:00,16018.1,16175.6,15985.4,16154.4,0
2014-02-18 00:00:00+00:00,16154.0,16167.4,16107.1,16130.4,0
2014-02-19 00:00:00+00:00,16126.2,16225.7,16031.6,16040.5,0
2014-02-20 00:00:00+00:00,16044.2,16161.7,16006.6,16133.3,0
2014-02-21 00:00:00+00:00,16135.9,16191.9,16093.8,16103.3,0
2014-02-24 00:00:00+00:00,16102.3,16300.1,16102.3,16207.2,0
2014-02-25 00:00:00+00:00,16207.3,16254.2,16147.2,16179.6,0
2014-02-26 00:00:00+00:00,16180.4,16252.4,16155.9,16198.5,0
2014-02-27 00:00:00+00:00,16197.7,16276.3,16159.8,16272.7,0
2014-02-28 00:00:00+00:00,16273.2,16398.9,16226.1,16321.7,0
2014-03-03 00:00:00+00:00,16321.7,16321.7,16071.2,16168.0,0
2014-03-04 00:00:00+00:00,16169.3,16419.5,16169.3,16395.9,0
2014-03-05 00:00:00+00:00,16395.9,16406.6,16344.0,16360.2,0
2014-03-06 00:00:00+00:00,16360.6,16450.2,16360.6,16421.9,0
2014-03-07 00:00:00+00:00,16424.5,16505.7,16398.8,16452.7,0
2014-03-10 00:00:00+00:00,16453.1,16453.1,16334.2,16418.7,0
2014-03-11 00:00:00+00:00,16419.4,16460.3,16325.2,16351.3,0
2014-03-12 00:00:00+00:00,16350.7,16364.8,16260.1,16340.1,0
2014-03-13 00:00:00+00:00,16341.6,16405.1,16084.1,16108.9,0
2014-03-14 00:00:00+00:00,16106.3,16165.0,16047.0,16065.6,0
2014-03-17 00:00:00+00:00,16066.4,16270.4,16066.4,16247.3,0
2014-03-18 00:00:00+00:00,16245.9,16369.9,16245.9,16336.2,0
2014-03-19 00:00:00+00:00,16335.7,16363.3,16126.3,16222.2,0
2014-03-20 00:00:00+00:00,16222.0,16354.0,16160.3,16331.1,0
2014-03-21 00:00:00+00:00,16332.7,16456.5,16290.8,16302.8,0
2014-03-24 00:00:00+00:00,16303.3,16380.5,16215.6,16276.7,0
2014-03-25 00:00:00+00:00,16279.2,16407.2,16279.2,16367.9,0
2014-03-26 00:00:00+00:00,16370.7,16466.0,16269.0,16269.0,0
2014-03-27 00:00:00+00:00,16268.7,16301.0,16191.8,16264.3,0
2014-03-28 00:00:00+00:00,16267.8,16414.9,16267.8,16323.1,0
2014-03-31 00:00:00+00:00,16324.2,16480.8,16324.2,16457.6,0
2014-04-01 00:00:00+00:00,16458.1,16565.8,16457.6,16532.7,0
2014-04-02 00:00:00+00:00,16532.8,16588.2,16506.6,16573.0,0
2014-04-03 00:00:00+00:00,16572.4,16604.2,16527.6,16572.6,0
2014-04-04 00:00:00+00:00,16576.0,16631.6,16392.7,16412.7,0
2014-04-07 00:00:00+00:00,16414.2,16421.4,16244.1,16245.9,0
2014-04-08 00:00:00+00:00,16245.2,16296.9,16180.3,16256.2,0
2014-04-09 00:00:00+00:00,16256.4,16438.9,16256.4,16437.2,0
2014-04-10 00:00:00+00:00,16437.2,16456.1,16153.3,16170.2,0
2014-04-11 00:00:00+00:00,16168.9,16168.9,16015.3,16026.8,0
2014-04-14 00:00:00+00:00,16028.3,16184.8,16028.3,16173.3,0
2014-04-15 00:00:00+00:00,16173.5,16273.0,16063.2,16262.6,0
2014-04-16 00:00:00+00:00,16266.2,16424.8,16266.2,16424.8,0
2014-04-17 00:00:00+00:00,16424.1,16460.5,16368.1,16408.5,0
2014-04-21 00:00:00+00:00,16408.9,16459.8,16402.1,16449.2,0
2014-04-22 00:00:00+00:00,16449.4,16565.7,16449.4,16514.4,0
2014-04-23 00:00:00+00:00,16513.7,16526.0,16477.2,16501.6,0
2014-04-24 00:00:00+00:00,16503.4,16541.3,16452.3,16501.7,0
2014-04-25 00:00:00+00:00,16503.3,16503.3,16333.8,16361.5,0
2014-04-28 00:00:00+00:00,16363.2,16500.4,16312.7,16448.7,0
2014-04-29 00:00:00+00:00,16451.2,16559.4,16451.2,16535.4,0
2014-04-30 00:00:00+00:00,16534.9,16592.3,16510.9,16580.9,0
2014-05-01 00:00:00+00:00,16580.3,16604.8,16525.3,16558.9,0
2014-05-02 00:00:00+00:00,16562.3,16620.0,16488.3,16512.8,0
2014-05-05 00:00:00+00:00,16509.8,16548.0,16377.1,16530.6,0
2014-05-06 00:00:00+00:00,16529.9,16529.9,16400.0,16401.1,0
2014-05-07 00:00:00+00:00,16401.7,16523.0,16357.4,16518.6,0
2014-05-08 00:00:00+00:00,16518.2,16623.0,16502.0,16551.0,0
2014-05-09 00:00:00+00:00,16551.2,16588.7,16498.7,16583.3,0
2014-05-12 00:00:00+00:00,16584.8,16704.8,16584.8,16695.5,0
2014-05-13 00:00:00+00:00,16695.9,16735.5,16695.9,16715.4,0
2014-05-14 00:00:00+00:00,16716.1,16717.6,16595.0,16614.0,0
2014-05-15 00:00:00+00:00,16613.5,16622.9,16397.4,16446.8,0
2014-05-16 00:00:00+00:00,16447.3,16499.0,16414.3,16491.3,0
2014-05-19 00:00:00+00:00,16490.4,16526.3,16442.2,16511.9,0
2014-05-20 00:00:00+00:00,16511.2,16511.2,16341.3,16374.3,0
2014-05-21 00:00:00+00:00,16376.2,16544.6,16376.2,16533.1,0
2014-05-22 00:00:00+00:00,16532.7,16565.4,16489.6,16543.0,0
2014-05-23 00:00:00+00:00,16544.5,16613.1,16544.5,16606.3,0
2014-05-27 00:00:00+00:00,16607.4,16688.7,16607.4,16675.5,0
2014-05-28 00:00:00+00:00,16675.0,16675.0,16620.2,16633.2,0
2014-05-29 00:00:00+00:00,16637.7,16698.7,16620.4,16698.7,0
2014-05-30 00:00:00+00:00,16697.3,16721.2,16648.8,16717.1,0
2014-06-02 00:00:00+00:00,16716.9,16756.7,16682.1,16743.7,0
2014-06-03 00:00:00+00:00,16736.7,16736.7,16690.0,16722.3,0
2014-06-04 00:00:00+00:00,16720.0,16742.9,16673.6,16737.5,0
2014-06-05 00:00:00+00:00,16739.1,16845.8,16709.9,16836.1,0
2014-06-06 00:00:00+00:00,16839.6,16924.2,16839.6,16924.2,0
2014-06-09 00:00:00+00:00,16926.1,16970.2,16912.9,16943.1,0
2014-06-10 00:00:00+00:00,16940.4,16946.3,16897.4,16945.9,0
2014-06-11 00:00:00+00:00,16943.2,16943.2,16821.9,16843.9,0
2014-06-12 00:00:00+00:00,16840.5,16841.6,16703.7,16734.2,0
2014-06-13 00:00:00+00:00,16734.6,16787.9,16718.6,16775.7,0
2014-06-16 00:00:00+00:00,16765.6,16802.2,16722.9,16781.1,0
2014-06-17 00:00:00+00:00,16779.2,16823.5,16732.9,16808.5,0
2014-06-18 00:00:00+00:00,16806.1,16911.4,16755.3,16906.6,0
2014-06-19 00:00:00+00:00,16909.9,16923.4,16858.9,16921.5,0
2014-06-20 00:00:00+00:00,16920.6,16978.0,16920.6,16947.1,0
2014-06-23 00:00:00+00:00,16946.5,16954.3,16896.1,16937.3,0
2014-06-24 00:00:00+00:00,16934.6,16969.7,16805.2,16818.1,0
2014-06-25 00:00:00+00:00,16817.7,16883.6,16799.4,16867.5,0
2014-06-26 00:00:00+00:00,16866.8,16872.5,16746.1,16846.1,0
2014-06-27 00:00:00+00:00,16846.9,16862.7,16773.8,16851.8,0
2014-06-30 00:00:00+00:00,16852.5,16871.3,16801.9,16826.6,0
2014-07-01 00:00:00+00:00,16828.5,16998.7,16828.5,16956.0,0
2014-07-02 00:00:00+00:00,16949.7,16986.6,16949.7,16976.2,0
2014-07-03 00:00:00+00:00,16979.0,17074.7,16979.0,17068.3,0
2014-07-07 00:00:00+00:00,17063.8,17063.8,16992.4,17024.2,0
2014-07-08 00:00:00+00:00,17022.1,17022.1,16874.8,16906.6,0
2014-07-09 00:00:00+00:00,16916.8,16998.9,16913.8,16985.6,0
2014-07-10 00:00:00+00:00,16980.4,16980.4,16805.4,16915.1,0
2014-07-11 00:00:00+00:00,16918.3,16949.5,16860.3,16943.8,0
2014-07-14 00:00:00+00:00,16950.9,17088.4,16950.9,17055.4,0
2014-07-15 00:00:00+00:00,17055.0,17120.3,17006.4,17060.7,0
2014-07-16 00:00:00+00:00,17061.9,17139.3,17061.9,17138.2,0
2014-07-17 00:00:00+00:00,17133.5,17151.6,16966.2,16976.9,0
2014-07-18 00:00:00+00:00,16978.2,17113.6,16977.6,17100.2,0
2014-07-21 00:00:00+00:00,17095.1,17095.1,16974.3,17051.7,0
2014-07-22 00:00:00+00:00,17055.0,17133.5,17040.2,17113.6,0
2014-07-23 00:00:00+00:00,17117.0,17121.0,17058.0,17086.6,0
2014-07-24 00:00:00+00:00,17092.0,17119.8,17061.0,17083.8,0
2014-07-25 00:00:00+00:00,17079.5,17082.3,16915.6,16960.6,0
2014-07-28 00:00:00+00:00,16956.9,17001.4,16877.7,16982.6,0
2014-07-29 00:00:00+00:00,16984.3,17056.4,16912.1,16912.1,0
2014-07-30 00:00:00+00:00,16920.1,16983.9,16817.1,16880.3,0
2014-07-31 00:00:00+00:00,16869.6,16869.6,16563.3,16563.3,0
2014-08-01 00:00:00+00:00,16561.7,16584.8,16437.1,16493.4,0
2014-08-04 00:00:00+00:00,16493.7,16596.2,16447.2,16569.3,0
2014-08-05 00:00:00+00:00,16560.0,16560.0,16369.6,16429.5,0
2014-08-06 00:00:00+00:00,16427.0,16493.0,16400.0,16439.0,0
2014-08-07 00:00:00+00:00,16439.5,16508.5,16332.5,16380.0,0
2014-08-08 00:00:00+00:00,16379.5,16553.5,16262.0,16528.5,0
2014-08-10 00:00:00+00:00,16524.1,16574.6,16523.6,16554.1,0
2014-08-11 00:00:00+00:00,16553.1,16628.0,16535.6,16577.0,0
2014-08-12 00:00:00+00:00,16577.5,16606.5,16514.0,16526.0,0
2014-08-13 00:00:00+00:00,16655.0,16672.5,16635.0,16658.0,0
2014-08-14 00:00:00+00:00,16657.5,16727.0,16637.5,16712.0,0
2014-08-15 00:00:00+00:00,16711.5,16775.0,16616.0,16656.0,0
2014-08-18 00:00:00+00:00,16747.5,16843.5,16725.5,16841.5,0
2014-08-19 00:00:00+00:00,16840.5,16929.0,16840.5,16906.0,0
2014-08-20 00:00:00+00:00,16906.5,16995.5,16879.0,16972.5,0
2014-08-21 00:00:00+00:00,16972.0,17076.0,16963.5,17037.0,0
2014-08-22 00:00:00+00:00,17037.5,17067.0,16984.0,17016.0,0
2014-08-25 00:00:00+00:00,17023.0,17124.0,17021.0,17072.5,0
2014-08-26 00:00:00+00:00,17073.5,17152.0,17057.5,17113.5,0
2014-08-27 00:00:00+00:00,17115.0,17134.0,17090.0,17101.8,0
2014-08-28 00:00:00+00:00,17101.3,17113.0,17017.8,17102.0,0
2014-08-29 00:00:00+00:00,17101.5,17143.0,17032.5,17085.0,0
2014-08-31 00:00:00+00:00,17079.0,17092.0,17079.0,17089.0,0
2014-09-01 00:00:00+00:00,17090.0,17100.0,17062.0,17084.5,0
2014-09-02 00:00:00+00:00,17085.0,17134.5,17009.0,17059.5,0
2014-09-03 00:00:00+00:00,17060.0,17158.5,17055.5,17078.5,0
2014-09-04 00:00:00+00:00,17077.5,17163.0,17028.0,17096.5,0
2014-09-05 00:00:00+00:00,17096.0,17134.0,17008.0,17126.5,0
2014-09-07 00:00:00+00:00,17124.5,17124.5,17110.5,17118.5,0
2014-09-08 00:00:00+00:00,17119.5,17137.0,17078.0,17100.5,0
2014-09-09 00:00:00+00:00,17100.0,17127.5,16993.0,17026.1,0
2014-09-10 00:00:00+00:00,17025.1,17080.0,16971.0,17050.5,0
2014-09-11 00:00:00+00:00,17051.0,17065.5,16971.5,17045.0,0
2014-09-12 00:00:00+00:00,17046.0,17054.5,16936.5,16987.0,0
2014-09-14 00:00:00+00:00,16952.0,16952.5,16926.5,16935.0,0
2014-09-15 00:00:00+00:00,16935.5,17052.0,16929.0,17033.0,0
2014-09-16 00:00:00+00:00,17032.5,17166.0,16973.5,17136.0,0
2014-09-17 00:00:00+00:00,17136.5,17219.0,17090.5,17160.0,0
2014-09-18 00:00:00+00:00,17159.5,17312.5,17152.5,17305.5,0
2014-09-19 00:00:00+00:00,17306.0,17361.5,17256.0,17281.0,0
2014-09-21 00:00:00+00:00,17280.5,17289.5,17270.5,17288.0,0
2014-09-22 00:00:00+00:00,17288.5,17292.0,17150.5,17171.0,0
2014-09-23 00:00:00+00:00,17170.5,17191.5,17009.5,17041.5,0
2014-09-24 00:00:00+00:00,17041.0,17229.0,17035.0,17216.0,0
2014-09-25 00:00:00+00:00,17216.5,17227.5,16944.0,16999.5,0
2014-09-26 00:00:00+00:00,17000.5,17151.0,16962.0,17111.0,0
2014-09-28 00:00:00+00:00,17110.5,17116.5,17091.0,17096.5,0
2014-09-29 00:00:00+00:00,17098.0,17115.5,16930.0,17057.5,0
2014-09-30 00:00:00+00:00,17058.0,17146.0,17007.5,17021.0,0
2014-10-01 00:00:00+00:00,17023.0,17064.5,16772.0,16823.0,0
2014-10-02 00:00:00+00:00,16822.5,16857.5,16673.0,16794.5,0
2014-10-03 00:00:00+00:00,16795.0,17029.0,16786.5,17006.0,0
2014-10-05 00:00:00+00:00,17006.0,17031.0,17006.0,17028.5,0
2014-10-06 00:00:00+00:00,17027.5,17102.0,16927.0,16964.0,0
2014-10-07 00:00:00+00:00,16965.5,16984.5,16694.1,16709.1,0
2014-10-08 00:00:00+00:00,16708.1,17005.0,16659.0,16975.5,0
2014-10-09 00:00:00+00:00,16975.0,17023.5,16611.5,16621.0,0
2014-10-10 00:00:00+00:00,16620.5,16758.0,16546.5,16546.5,0
2014-10-12 00:00:00+00:00,16498.5,16501.5,16413.5,16426.5,0
2014-10-13 00:00:00+00:00,16425.5,16603.0,16299.5,16331.0,0
2014-10-14 00:00:00+00:00,16332.5,16463.5,16275.5,16376.0,0
2014-10-15 00:00:00+00:00,16376.5,16406.5,15850.5,16073.0,0
2014-10-16 00:00:00+00:00,16071.5,16213.0,15860.5,16138.5,0
2014-10-17 00:00:00+00:00,16138.0,16424.0,16094.5,16378.0,0
2014-10-19 00:00:00+00:00,16418.5,16494.5,16416.0,16489.0,0
2014-10-20 00:00:00+00:00,16488.5,16495.5,16243.0,16418.5,0
2014-10-21 00:00:00+00:00,16418.0,16636.0,16287.0,16605.5,0
2014-10-22 00:00:00+00:00,16604.5,16671.0,16458.5,16522.0,0
2014-10-23 00:00:00+00:00,16521.5,16767.0,16477.5,16687.0,0
2014-10-24 00:00:00+00:00,16687.5,16809.0,16588.0,16802.0,0
2014-10-26 00:00:00+00:00,16818.5,16844.5,16811.5,16838.5,0
2014-10-27 00:00:00+00:00,16839.0,16870.0,16727.0,16835.5,0
2014-10-28 00:00:00+00:00,16836.0,17012.5,16827.5,16986.5,0
2014-10-29 00:00:00+00:00,16984.0,17066.0,16894.0,16978.0,0
2014-10-30 00:00:00+00:00,16977.0,17225.0,16903.5,17194.0,0
2014-10-31 00:00:00+00:00,17194.5,17427.0,17177.0,17364.5,0
2014-11-02 00:00:00+00:00,17379.0,17385.5,17362.5,17376.0,0
2014-11-03 00:00:00+00:00,17376.5,17412.5,17337.5,17339.0,0
2014-11-04 00:00:00+00:00,17338.5,17398.0,17279.0,17355.0,0
2014-11-05 00:00:00+00:00,17356.5,17486.5,17352.5,17462.0,0
2014-11-06 00:00:00+00:00,17463.5,17567.0,17422.5,17554.6,0
2014-11-07 00:00:00+00:00,17555.6,17597.6,17493.6,17565.5,0
2014-11-09 00:00:00+00:00,17544.5,17562.0,17541.5,17560.5,0
2014-11-10 00:00:00+00:00,17560.0,17621.0,17523.5,17591.0,0
2014-11-11 00:00:00+00:00,17590.5,17654.5,17584.0,17600.0,0
2014-11-12 00:00:00+00:00,17600.5,17627.0,17526.0,17601.5,0
2014-11-13 00:00:00+00:00,17602.0,17705.0,17587.0,17642.0,0
2014-11-14 00:00:00+00:00,17643.0,17674.5,17612.0,17635.5,0
2014-11-16 00:00:00+00:00,17636.5,17641.0,17614.5,17620.0,0
2014-11-17 00:00:00+00:00,17619.5,17676.5,17545.5,17644.0,0
2014-11-18 00:00:00+00:00,17643.5,17734.0,17631.5,17671.5,0
2014-11-19 00:00:00+00:00,17672.5,17712.0,17622.0,17686.0,0
2014-11-20 00:00:00+00:00,17686.5,17728.5,17588.5,17708.0,0
2014-11-21 00:00:00+00:00,17707.5,17895.0,17701.5,17805.5,0
2014-11-23 00:00:00+00:00,17804.5,17824.0,17802.0,17809.0,0
2014-11-24 00:00:00+00:00,17809.5,17855.5,17790.5,17819.0,0
2014-11-25 00:00:00+00:00,17818.5,17857.0,17788.5,17829.0,0
2014-11-26 00:00:00+00:00,17829.5,17864.0,17791.0,17831.0,0
2014-11-27 00:00:00+00:00,17831.5,17859.0,17803.5,17827.0,0
2014-11-28 00:00:00+00:00,17827.5,17891.5,17772.5,17822.0,0
2014-11-30 00:00:00+00:00,17797.0,17799.5,17736.5,17763.0,0
2014-12-01 00:00:00+00:00,17763.5,17823.0,17714.5,17770.5,0
2014-12-02 00:00:00+00:00,17771.0,17896.5,17767.5,17876.0,0
2014-12-03 00:00:00+00:00,17875.5,17925.0,17844.5,17904.0,0
2014-12-04 00:00:00+00:00,17904.5,17939.0,17809.5,17899.5,0
2014-12-05 00:00:00+00:00,17899.0,17991.0,17892.0,17957.0,0
2014-12-07 00:00:00+00:00,17957.0,17966.5,17952.5,17957.0,0
2014-12-08 00:00:00+00:00,17956.5,17968.5,17802.0,17872.5,0
2014-12-09 00:00:00+00:00,17873.0,17879.5,17632.0,17788.5,0
2014-12-10 00:00:00+00:00,17789.0,17809.5,17505.5,17534.0,0
2014-12-11 00:00:00+00:00,17536.5,17759.0,17508.0,17548.5,0
2014-12-12 00:00:00+00:00,17551.5,17564.5,17284.5,17288.5,0
2014-12-14 00:00:00+00:00,17254.5,17278.0,17222.0,17243.0,0
2014-12-15 00:00:00+00:00,17243.5,17402.0,17113.0,17221.0,0
2014-12-16 00:00:00+00:00,17221.5,17428.0,17034.0,17102.0,0
2014-12-17 00:00:00+00:00,17103.5,17388.5,17078.0,17343.0,0
2014-12-18 00:00:00+00:00,17343.5,17803.5,17327.0,17781.0,0
2014-12-19 00:00:00+00:00,17780.0,17902.0,17751.0,17808.0,0
2014-12-21 00:00:00+00:00,17793.0,17815.0,17789.5,17805.5,0
2014-12-22 00:00:00+00:00,17805.0,17960.5,17786.5,17937.5,0
2014-12-23 00:00:00+00:00,17937.0,18069.0,17929.5,18026.0,0
2014-12-24 00:00:00+00:00,18025.5,18081.0,18022.5,18037.5,0
2014-12-25 00:00:00+00:00,18046.5,18078.5,18046.0,18074.0,0
2014-12-26 00:00:00+00:00,18073.5,18105.0,18049.0,18051.0,0
2014-12-28 00:00:00+00:00,18074.0,18075.5,18058.0,18066.5,0
2014-12-29 00:00:00+00:00,18067.5,18086.5,17992.5,18055.0,0
2014-12-30 00:00:00+00:00,18055.5,18062.0,17953.0,18012.0,0
2014-12-31 00:00:00+00:00,18012.5,18047.5,17807.5,17825.0,0
2015-01-01 00:00:00+00:00,17863.0,17890.5,17861.0,17887.0,0
2015-01-02 00:00:00+00:00,17888.0,17949.5,17727.0,17819.0,0
2015-01-04 00:00:00+00:00,17792.0,17792.0,17742.5,17749.0,0
2015-01-05 00:00:00+00:00,17750.0,17814.5,17466.0,17561.5,0
2015-01-06 00:00:00+00:00,17561.0,17577.0,17254.0,17379.0,0
2015-01-07 00:00:00+00:00,17379.5,17610.0,17379.5,17599.0,0
2015-01-08 00:00:00+00:00,17600.0,17917.0,17592.5,17885.0,0
2015-01-09 00:00:00+00:00,17886.0,17932.0,17684.0,17733.5,0
2015-01-11 00:00:00+00:00,17715.0,17746.5,17696.0,17704.0,0
2015-01-12 00:00:00+00:00,17705.0,17822.5,17563.0,17663.5,0
2015-01-13 00:00:00+00:00,17663.0,17927.0,17488.0,17613.5,0
2015-01-14 00:00:00+00:00,17613.0,17639.0,17258.0,17461.5,0
2015-01-15 00:00:00+00:00,17460.5,17604.5,17265.5,17274.5,0
2015-01-16 00:00:00+00:00,17274.0,17529.5,17198.0,17504.0,0
2015-01-18 00:00:00+00:00,17507.5,17508.5,17463.0,17482.0,0
2015-01-19 00:00:00+00:00,17480.5,17594.0,17416.0,17474.5,0
2015-01-20 00:00:00+00:00,17474.0,17601.5,17343.0,17498.5,0
2015-01-21 00:00:00+00:00,17498.0,17602.0,17392.5,17560.0,0
2015-01-22 00:00:00+00:00,17561.5,17841.0,17479.0,17801.0,0
2015-01-23 00:00:00+00:00,17799.5,17859.5,17666.0,17670.5,0
2015-01-25 00:00:00+00:00,17575.5,17581.5,17498.0,17506.0,0
2015-01-26 00:00:00+00:00,17506.5,17699.0,17504.0,17678.5,0
2015-01-27 00:00:00+00:00,17678.0,17688.0,17285.0,17447.0,0
2015-01-28 00:00:00+00:00,17448.0,17555.0,17160.5,17224.5,0
2015-01-29 00:00:00+00:00,17225.0,17504.5,17132.0,17472.0,0
2015-01-30 00:00:00+00:00,17473.5,17475.5,17154.5,17171.0,0
2015-02-01 00:00:00+00:00,17192.0,17207.5,17136.5,17158.0,0
2015-02-02 00:00:00+00:00,17158.5,17386.5,17037.0,17351.5,0
2015-02-03 00:00:00+00:00,17352.0,17670.0,17286.5,17640.7,0
2015-02-04 00:00:00+00:00,17640.2,17783.0,17572.0,17573.5,0
2015-02-05 00:00:00+00:00,17574.5,17890.5,17562.0,17843.5,0
2015-02-06 00:00:00+00:00,17843.0,17951.0,17763.0,17822.5,0
2015-02-08 00:00:00+00:00,17791.5,17809.5,17761.0,17779.5,0
2015-02-09 00:00:00+00:00,17779.0,17807.0,17683.0,17758.0,0
2015-02-10 00:00:00+00:00,17759.0,17889.0,17715.5,17836.5,0
2015-02-11 00:00:00+00:00,17834.5,17984.5,17756.0,17869.5,0
2015-02-12 00:00:00+00:00,17868.5,17975.5,17807.0,17947.5,0
2015-02-13 00:00:00+00:00,17947.0,18037.5,17942.0,18017.0,0
2015-02-15 00:00:00+00:00,17999.5,18015.5,17987.0,17987.0,0
2015-02-16 00:00:00+00:00,17987.5,18027.0,17923.0,17950.0,0
2015-02-17 00:00:00+00:00,17948.5,18050.5,17920.5,18036.0,0
2015-02-18 00:00:00+00:00,18035.0,18052.5,17981.0,18008.5,0
2015-02-19 00:00:00+00:00,18009.0,18062.0,17922.5,17977.5,0
2015-02-20 00:00:00+00:00,17977.0,18143.5,17875.5,18135.5,0
2015-02-22 00:00:00+00:00,18128.5,18132.5,18118.0,18127.5,0
2015-02-23 00:00:00+00:00,18126.5,18128.0,18056.5,18099.5,0
2015-02-24 00:00:00+00:00,18099.0,18230.5,18098.0,18208.5,0
2015-02-25 00:00:00+00:00,18208.0,18241.0,18183.5,18198.0,0
2015-02-26 00:00:00+00:00,18198.5,18239.0,18156.0,18197.5,0
2015-02-27 00:00:00+00:00,18198.0,18212.5,18132.0,18133.0,0
2015-03-01 00:00:00+00:00,18154.5,18182.5,18152.0,18174.0,0
2015-03-02 00:00:00+00:00,18175.0,18284.0,18133.5,18262.5,0
2015-03-03 00:00:00+00:00,18262.0,18262.5,18134.0,18184.5,0
2015-03-04 00:00:00+00:00,18183.5,18194.5,18027.0,18090.0,0
2015-03-05 00:00:00+00:00,18090.5,18161.0,18083.5,18126.5,0
2015-03-06 00:00:00+00:00,18127.0,18160.0,17823.0,17853.5,0
2015-03-08 00:00:00+00:00,17899.0,17899.0,17853.5,17859.5,0
2015-03-09 00:00:00+00:00,17860.0,18032.0,17828.0,17966.0,0
2015-03-10 00:00:00+00:00,17966.5,17974.5,17664.0,17705.5,0
2015-03-11 00:00:00+00:00,17706.0,17737.5,17624.0,17647.5,0
2015-03-12 00:00:00+00:00,17649.0,17899.0,17636.5,17882.0,0
2015-03-13 00:00:00+00:00,17883.0,17900.5,17623.0,17754.0,0
2015-03-15 00:00:00+00:00,17738.5,17743.5,17698.5,17702.5,0
2015-03-16 00:00:00+00:00,17703.0,17989.0,17688.0,17922.5,0
2015-03-17 00:00:00+00:00,17923.5,17951.5,17778.0,17861.5,0
2015-03-18 00:00:00+00:00,17859.5,18103.5,17692.0,18091.5,0
2015-03-19 00:00:00+00:00,18093.0,18126.5,17931.5,17983.0,0
2015-03-20 00:00:00+00:00,17982.5,18198.0,17975.5,18132.5,0
2015-03-22 00:00:00+00:00,18110.5,18183.5,18109.5,18149.0,0
2015-03-23 00:00:00+00:00,18149.5,18208.0,18060.5,18111.0,0
2015-03-24 00:00:00+00:00,18112.0,18158.0,18008.0,18030.0,0
2015-03-25 00:00:00+00:00,18030.0,18046.0,17710.0,17745.0,0
2015-03-26 00:00:00+00:00,17745.0,17760.0,17544.0,17702.0,0
2015-03-27 00:00:00+00:00,17701.0,17765.0,17624.0,17710.5,0
2015-03-29 00:00:00+00:00,17715.0,17740.5,17698.5,17699.5,0
2015-03-30 00:00:00+00:00,17700.0,18009.5,17672.5,17949.9,0
2015-03-31 00:00:00+00:00,17950.9,17961.4,17756.3,17770.8,0
2015-04-01 00:00:00+00:00,17771.3,17807.8,17558.8,17713.0,0
2015-04-02 00:00:00+00:00,17714.0,17818.0,17638.5,17751.0,0
2015-04-03 00:00:00+00:00,17751.5,17786.5,17581.0,17594.5,0
2015-04-05 00:00:00+00:00,17597.5,17647.5,17591.5,17602.0,0
2015-04-06 00:00:00+00:00,17603.0,17944.0,17597.0,17874.5,0
2015-04-07 00:00:00+00:00,17875.5,17985.0,17849.0,17858.0,0
2015-04-08 00:00:00+00:00,17859.0,17979.0,17818.0,17922.5,0
2015-04-09 00:00:00+00:00,17923.0,17985.0,17819.0,17960.5,0
2015-04-10 00:00:00+00:00,17959.5,18068.0,17939.5,18054.0,0
2015-04-12 00:00:00+00:00,18050.0,18071.0,18047.0,18064.0,0
2015-04-13 00:00:00+00:00,18064.5,18109.0,17973.0,17994.0,0
2015-04-14 00:00:00+00:00,17993.5,18077.0,17902.5,18046.0,0
2015-04-15 00:00:00+00:00,18045.5,18162.0,18014.5,18107.5,0
2015-04-16 00:00:00+00:00,18108.5,18169.0,18023.5,18114.5,0
2015-04-17 00:00:00+00:00,18116.0,18117.5,17745.5,17846.0,0
2015-04-19 00:00:00+00:00,17891.5,17898.0,17871.0,17885.0,0
2015-04-20 00:00:00+00:00,17885.5,18095.0,17872.5,18013.5,0
2015-04-21 00:00:00+00:00,18012.5,18148.0,17926.0,17974.0,0
2015-04-22 00:00:00+00:00,17973.5,18054.0,17850.0,18019.8,0
2015-04-23 00:00:00+00:00,18020.8,18135.8,17896.8,18040.8,0
2015-04-24 00:00:00+00:00,18040.3,18109.5,18006.3,18092.5,0
2015-04-26 00:00:00+00:00,18103.0,18103.0,18083.5,18095.0,0
2015-04-27 00:00:00+00:00,18094.0,18183.5,18021.0,18064.0,0
2015-04-28 00:00:00+00:00,18064.5,18133.0,17912.0,18115.5,0
2015-04-29 00:00:00+00:00,18116.5,18138.0,17949.0,18016.0,0
2015-04-30 00:00:00+00:00,18015.5,18051.0,17765.5,17860.0,0
2015-05-01 00:00:00+00:00,17861.0,18030.0,17846.5,18014.0,0
2015-05-03 00:00:00+00:00,18015.0,18019.0,18003.0,18008.5,0
2015-05-04 00:00:00+00:00,18009.0,18134.0,17985.0,18067.0,0
2015-05-05 00:00:00+00:00,18067.5,18097.0,17901.5,17944.0,0
2015-05-06 00:00:00+00:00,17943.5,18032.5,17728.5,17828.5,0
2015-05-07 00:00:00+00:00,17829.0,17975.0,17682.5,17943.0,0
2015-05-08 00:00:00+00:00,17943.5,18207.0,17938.5,18175.5,0
2015-05-10 00:00:00+00:00,18183.5,18184.5,18168.5,18178.5,0
2015-05-11 00:00:00+00:00,18178.0,18201.0,18073.5,18093.5,0
2015-05-12 00:00:00+00:00,18094.0,18122.0,17921.0,18094.0,0
2015-05-13 00:00:00+00:00,18094.5,18161.5,18038.0,18074.5,0
2015-05-14 00:00:00+00:00,18074.0,18254.0,18029.0,18232.5,0
2015-05-15 00:00:00+00:00,18233.0,18283.5,18214.0,18274.0,0
2015-05-17 00:00:00+00:00,18268.0,18271.0,18250.5,18259.5,0
2015-05-18 00:00:00+00:00,18259.0,18325.0,18219.5,18296.8,0
2015-05-19 00:00:00+00:00,18297.8,18363.8,18259.3,18309.7,0
2015-05-20 00:00:00+00:00,18309.2,18349.5,18219.7,18242.2,0
2015-05-21 00:00:00+00:00,18243.2,18314.0,18232.2,18286.0,0
2015-05-22 00:00:00+00:00,18285.5,18314.5,18214.0,18249.0,0
2015-05-24 00:00:00+00:00,18251.0,18256.0,18238.5,18255.0,0
2015-05-25 00:00:00+00:00,18256.5,18275.5,18202.0,18226.5,0
2015-05-26 00:00:00+00:00,18227.0,18251.5,17988.5,18068.5,0
2015-05-27 00:00:00+00:00,18069.0,18190.0,18048.0,18155.5,0
2015-05-28 00:00:00+00:00,18156.0,18160.0,18066.5,18140.0,0
2015-05-29 00:00:00+00:00,18140.5,18156.0,17966.0,18036.5,0
2015-05-31 00:00:00+00:00,18032.0,18058.5,18023.5,18041.5,0
2015-06-01 00:00:00+00:00,18042.0,18119.0,17982.5,18042.5,0
2015-06-02 00:00:00+00:00,18043.0,18092.0,17913.0,18013.5,0
2015-06-03 00:00:00+00:00,18012.5,18169.0,18003.5,18100.0,0
2015-06-04 00:00:00+00:00,18101.5,18104.5,17873.0,17933.0,0
2015-06-05 00:00:00+00:00,17933.5,17959.0,17817.5,17855.5,0
2015-06-07 00:00:00+00:00,17846.0,17864.0,17840.5,17855.5,0
2015-06-08 00:00:00+00:00,17853.5,17866.5,17757.5,17792.5,0
2015-06-09 00:00:00+00:00,17793.0,17817.0,17701.5,17785.0,0
2015-06-10 00:00:00+00:00,17785.5,18046.0,17774.0,17998.0,0
2015-06-11 00:00:00+00:00,17998.5,18113.0,17992.5,18038.5,0
2015-06-12 00:00:00+00:00,18039.0,18042.0,17855.0,17901.0,0
2015-06-14 00:00:00+00:00,17851.0,17855.0,17793.5,17821.0,0
2015-06-15 00:00:00+00:00,17821.5,17866.5,17694.5,17783.5,0
2015-06-16 00:00:00+00:00,17782.0,17925.0,17689.0,17919.5,0
2015-06-17 00:00:00+00:00,17920.0,17999.5,17839.0,17908.2,0
2015-06-18 00:00:00+00:00,17907.7,18178.0,17861.2,18101.5,0
2015-06-19 00:00:00+00:00,18101.0,18156.0,17985.0,18005.0,0
2015-06-21 00:00:00+00:00,18045.5,18071.0,18039.0,18061.5,0
2015-06-22 00:00:00+00:00,18062.0,18181.0,18048.5,18129.0,0
2015-06-23 00:00:00+00:00,18128.5,18188.5,18106.0,18153.5,0
2015-06-24 00:00:00+00:00,18153.0,18155.0,17961.5,17985.5,0
2015-06-25 00:00:00+00:00,17986.0,18080.0,17884.0,17921.5,0
2015-06-26 00:00:00+00:00,17921.0,18010.0,17873.5,17966.5,0
2015-06-28 00:00:00+00:00,17645.0,17717.0,17622.5,17717.0,0
2015-06-29 00:00:00+00:00,17717.5,17846.5,17590.0,17642.5,0
2015-06-30 00:00:00+00:00,17643.5,17740.0,17573.0,17623.0,0
2015-07-01 00:00:00+00:00,17619.0,17805.5,17614.0,17760.5,0
2015-07-02 00:00:00+00:00,17762.0,17826.5,17685.0,17732.0,0
2015-07-03 00:00:00+00:00,17731.5,17761.5,17685.0,17714.5,0
2015-07-05 00:00:00+00:00,17481.0,17522.0,17446.5,17514.0,0
2015-07-06 00:00:00+00:00,17513.0,17782.0,17507.0,17771.5,0
2015-07-07 00:00:00+00:00,17771.0,17816.5,17464.0,17746.0,0
2015-07-08 00:00:00+00:00,17745.5,17746.0,17493.5,17558.5,0
2015-07-09 00:00:00+00:00,17559.0,17767.5,17514.0,17692.5,0
2015-07-10 00:00:00+00:00,17691.5,17800.0,17633.0,17767.5,0
2015-07-12 00:00:00+00:00,17647.0,17715.0,17638.0,17672.0,0
2015-07-13 00:00:00+00:00,17673.0,17990.0,17673.0,17977.5,0
2015-07-14 00:00:00+00:00,17977.0,18072.0,17952.5,18034.0,0
2015-07-15 00:00:00+00:00,18034.5,18097.5,18008.0,18091.0,0
2015-07-16 00:00:00+00:00,18090.5,18153.5,18065.5,18085.5,0
2015-07-17 00:00:00+00:00,18085.0,18102.0,18032.0,18076.5,0
2015-07-19 00:00:00+00:00,18069.5,18076.5,18065.0,18074.0,0
2015-07-20 00:00:00+00:00,18075.0,18138.0,18050.5,18058.0,0
2015-07-21 00:00:00+00:00,18058.5,18098.5,17867.0,17875.2,0
2015-07-22 00:00:00+00:00,17875.7,17913.7,17806.0,17869.0,0
2015-07-23 00:00:00+00:00,17869.5,17907.5,17705.0,17759.5,0
2015-07-24 00:00:00+00:00,17759.0,17786.5,17551.0,17605.5,0
2015-07-26 00:00:00+00:00,17603.5,17604.5,17587.0,17595.5,0
2015-07-27 00:00:00+00:00,17596.0,17622.5,17397.0,17483.0,0
2015-07-28 00:00:00+00:00,17482.5,17650.0,17448.5,17633.0,0
2015-07-29 00:00:00+00:00,17632.5,17776.0,17601.5,17732.5,0
2015-07-30 00:00:00+00:00,17734.5,17778.0,17635.0,17752.5,0
2015-07-31 00:00:00+00:00,17751.5,17799.0,17672.0,17720.5,0
2015-08-02 00:00:00+00:00,17708.5,17721.5,17699.5,17715.0,0
2015-08-03 00:00:00+00:00,17715.5,17735.5,17495.0,17586.0,0
2015-08-04 00:00:00+00:00,17584.5,17636.0,17471.5,17494.5,0
2015-08-05 00:00:00+00:00,17494.0,17662.0,17489.5,17527.0,0
2015-08-06 00:00:00+00:00,17526.5,17566.5,17362.0,17434.5,0
2015-08-07 00:00:00+00:00,17435.0,17453.0,17277.0,17370.0,0
2015-08-09 00:00:00+00:00,17364.5,17379.5,17355.0,17367.0,0
2015-08-10 00:00:00+00:00,17366.5,17631.0,17359.5,17594.0,0
2015-08-11 00:00:00+00:00,17594.5,17600.5,17352.0,17416.5,0
2015-08-12 00:00:00+00:00,17416.0,17442.0,17126.5,17392.5,0
2015-08-13 00:00:00+00:00,17393.0,17482.5,17339.5,17399.0,0
2015-08-14 00:00:00+00:00,17398.5,17493.5,17366.5,17489.5,0
2015-08-16 00:00:00+00:00,17478.5,17496.5,17477.5,17486.5,0
2015-08-17 00:00:00+00:00,17487.0,17554.5,17339.5,17539.2,0
2015-08-18 00:00:00+00:00,17540.7,17573.7,17475.2,17509.2,0
2015-08-19 00:00:00+00:00,17509.7,17542.7,17281.0,17328.0,0
2015-08-20 00:00:00+00:00,17329.0,17352.5,16938.7,16954.2,0
2015-08-21 00:00:00+00:00,16953.7,16966.7,16457.0,16477.0,0
2015-08-23 00:00:00+00:00,16435.5,16436.5,16331.5,16373.5,0
2015-08-24 00:00:00+00:00,16373.0,16407.0,15253.5,15857.5,0
2015-08-25 00:00:00+00:00,15856.5,16372.0,15621.0,15693.5,0
2015-08-26 00:00:00+00:00,15693.0,16326.0,15573.0,16300.0,0
2015-08-27 00:00:00+00:00,16298.5,16689.5,16249.0,16649.5,0
2015-08-28 00:00:00+00:00,16650.0,16705.5,16487.5,16653.0,0
2015-08-30 00:00:00+00:00,16654.0,16654.0,16447.5,16467.5,0
2015-08-31 00:00:00+00:00,16468.5,16627.0,16441.0,16473.0,0
2015-09-01 00:00:00+00:00,16473.5,16475.5,15978.0,16093.0,0
2015-09-02 00:00:00+00:00,16093.5,16431.5,16070.5,16402.5,0
2015-09-03 00:00:00+00:00,16402.0,16551.0,16315.5,16375.5,0
2015-09-04 00:00:00+00:00,16376.5,16380.0,16026.5,16116.5,0
2015-09-06 00:00:00+00:00,16042.5,16186.0,16035.5,16167.5,0
2015-09-07 00:00:00+00:00,16168.5,16292.5,16118.0,16202.5,0
2015-09-08 00:00:00+00:00,16203.5,16502.0,16193.0,16456.2,0
2015-09-09 00:00:00+00:00,16457.2,16694.2,16204.2,16225.7,0
2015-09-10 00:00:00+00:00,16225.2,16460.7,16160.7,16338.9,0
2015-09-11 00:00:00+00:00,16338.4,16450.9,16216.4,16447.4,0
2015-09-13 00:00:00+00:00,16458.4,16458.4,16438.9,16456.4,0
2015-09-14 00:00:00+00:00,16456.9,16531.4,16325.9,16387.0,0
2015-09-15 00:00:00+00:00,16387.5,16644.0,16308.0,16622.5,0
2015-09-16 00:00:00+00:00,16624.0,16772.0,16569.0,16756.0,0
2015-09-17 00:00:00+00:00,16756.5,16936.0,16616.0,16672.5,0
2015-09-18 00:00:00+00:00,16672.0,16702.5,16343.5,16400.0,0
2015-09-20 00:00:00+00:00,16416.0,16438.5,16390.0,16405.0,0
2015-09-21 00:00:00+00:00,16403.5,16580.0,16333.0,16549.5,0
2015-09-22 00:00:00+00:00,16550.0,16563.5,16220.0,16294.0,0
2015-09-23 00:00:00+00:00,16294.5,16425.0,16169.5,16311.0,0
2015-09-24 00:00:00+00:00,16311.5,16343.0,16014.0,16274.0,0
2015-09-25 00:00:00+00:00,16273.5,16473.5,16217.5,16274.0,0
2015-09-27 00:00:00+00:00,16266.5,16282.5,16206.0,16233.5,0
2015-09-28 00:00:00+00:00,16233.0,16389.5,15980.5,16052.5,0
2015-09-29 00:00:00+00:00,16053.0,16119.0,15903.0,16065.0,0
2015-09-30 00:00:00+00:00,16065.5,16297.0,16030.5,16238.5,0
2015-10-01 00:00:00+00:00,16238.0,16446.0,16071.0,16296.0,0
2015-10-02 00:00:00+00:00,16296.5,16482.0,16009.0,16477.5,0
2015-10-04 00:00:00+00:00,16460.5,16470.0,16428.0,16436.0,0
2015-10-05 00:00:00+00:00,16435.5,16796.0,16431.5,16753.5,0
2015-10-06 00:00:00+00:00,16754.0,16862.0,16678.0,16726.2,0
2015-10-07 00:00:00+00:00,16729.2,16964.0,16723.2,16905.0,0
2015-10-08 00:00:00+00:00,16905.5,17081.0,16776.0,17052.5,0
2015-10-09 00:00:00+00:00,17053.5,17121.5,17006.0,17077.0,0
2015-10-11 00:00:00+00:00,17055.5,17060.0,17043.0,17051.5,0
2015-10-12 00:00:00+00:00,17052.0,17161.0,17039.5,17132.5,0
2015-10-13 00:00:00+00:00,17132.0,17172.0,17015.5,17049.5,0
2015-10-14 00:00:00+00:00,17050.5,17113.0,16888.0,16945.5,0
2015-10-15 00:00:00+00:00,16945.0,17188.0,16935.5,17175.5,0
2015-10-16 00:00:00+00:00,17176.0,17217.0,17105.0,17209.5,0
2015-10-18 00:00:00+00:00,17196.0,17205.5,17188.5,17199.5,0
2015-10-19 00:00:00+00:00,17199.0,17240.5,17125.0,17183.5,0
2015-10-20 00:00:00+00:00,17184.5,17263.0,17138.0,17182.5,0
2015-10-21 00:00:00+00:00,17182.0,17316.0,17133.0,17145.5,0
2015-10-22 00:00:00+00:00,17145.0,17567.0,17130.0,17551.5,0
2015-10-23 00:00:00+00:00,17552.0,17680.0,17506.0,17625.5,0
2015-10-25 00:00:00+00:00,17623.0,17628.5,17602.0,17606.5,0
2015-10-26 00:00:00+00:00,17606.0,17661.0,17566.0,17618.0,0
2015-10-27 00:00:00+00:00,17618.5,17636.5,17541.5,17588.0,0
2015-10-28 00:00:00+00:00,17587.5,17785.5,17553.0,17752.0,0
2015-10-29 00:00:00+00:00,17752.5,17787.0,17685.0,17772.0,0
2015-10-30 00:00:00+00:00,17772.5,17848.5,17642.0,17677.5,0
2015-11-01 00:00:00+00:00,17654.0,17669.5,17622.0,17632.5,0
2015-11-02 00:00:00+00:00,17632.0,17843.5,17606.5,17808.5,0
2015-11-03 00:00:00+00:00,17809.0,17979.0,17768.5,17905.0,0
2015-11-04 00:00:00+00:00,17904.5,17977.5,17828.5,17846.0,0
2015-11-05 00:00:00+00:00,17845.5,17932.0,17779.0,17847.5,0
2015-11-06 00:00:00+00:00,17845.5,17915.0,17764.0,17899.5,0
2015-11-08 00:00:00+00:00,17883.0,17896.5,17880.0,17890.0,0
2015-11-09 00:00:00+00:00,17890.5,17924.0,17666.0,17724.5,0
2015-11-10 00:00:00+00:00,17725.0,17768.5,17658.0,17744.0,0
2015-11-11 00:00:00+00:00,17743.5,17842.5,17689.5,17698.0,0
2015-11-12 00:00:00+00:00,17699.5,17761.0,17434.0,17466.5,0
2015-11-13 00:00:00+00:00,17465.0,17491.5,17200.0,17208.0,0
2015-11-15 00:00:00+00:00,17149.0,17163.0,17094.0,17142.5,0
2015-11-16 00:00:00+00:00,17142.0,17485.5,17140.0,17456.5,0
2015-11-17 00:00:00+00:00,17456.0,17599.0,17439.0,17484.0,0
2015-11-18 00:00:00+00:00,17510.5,17755.0,17454.5,17728.5,0
2015-11-19 00:00:00+00:00,17728.5,17810.5,17687.5,17768.5,0
2015-11-20 00:00:00+00:00,17751.5,17916.0,17735.5,17823.0,0
2015-11-21 00:00:00+00:00,17823.0,17823.0,17823.0,17823.0,0
2015-11-22 00:00:00+00:00,17823.0,17823.0,17823.0,17823.0,0
2015-11-23 00:00:00+00:00,17823.0,17875.5,17754.0,17790.5,0
2015-11-24 00:00:00+00:00,17791.5,17867.0,17661.5,17798.5,0
2015-11-25 00:00:00+00:00,17798.5,17869.5,17781.5,17844.5,0
2015-11-26 00:00:00+00:00,17849.5,17911.5,17839.5,17884.0,0
2015-11-27 00:00:00+00:00,17869.5,17881.5,17751.0,17831.0,0
2015-11-28 00:00:00+00:00,17831.0,17831.0,17831.0,17831.0,0
2015-11-29 00:00:00+00:00,17831.0,17831.0,17831.0,17831.0,0
2015-11-30 00:00:00+00:00,17831.0,17872.5,17725.0,17784.5,0
2015-12-01 00:00:00+00:00,17780.5,17899.0,17774.0,17883.5,0
2015-12-02 00:00:00+00:00,17878.5,17920.5,17717.0,17750.5,0
2015-12-03 00:00:00+00:00,17750.5,17895.5,17435.0,17532.5,0
2015-12-04 00:00:00+00:00,17527.5,17880.0,17472.5,17855.0,0
2015-12-05 00:00:00+00:00,17855.0,17855.0,17855.0,17855.0,0
2015-12-06 00:00:00+00:00,17855.0,17855.0,17855.0,17855.0,0
2015-12-07 00:00:00+00:00,17880.5,17893.5,17652.0,17782.5,0
2015-12-08 00:00:00+00:00,17770.5,17782.5,17495.0,17568.5,0
2015-12-09 00:00:00+00:00,17569.5,17783.0,17409.0,17497.5,0
2015-12-10 00:00:00+00:00,17497.5,17710.0,17467.5,17591.5,0
2015-12-11 00:00:00+00:00,17591.5,17632.5,17230.5,17247.5,0
2015-12-12 00:00:00+00:00,17247.5,17247.5,17247.5,17247.5,0
2015-12-13 00:00:00+00:00,17247.5,17247.5,17247.5,17247.5,0
2015-12-14 00:00:00+00:00,17247.5,17409.5,17146.0,17369.5,0
2015-12-15 00:00:00+00:00,17380.5,17631.0,17350.5,17553.5,0
2015-12-16 00:00:00+00:00,17553.5,17784.0,17463.0,17709.5,0
2015-12-17 00:00:00+00:00,17709.5,17812.5,17424.5,17427.5,0
2015-12-18 00:00:00+00:00,17427.5,17475.5,17093.5,17094.5,0
2015-12-19 00:00:00+00:00,17094.5,17094.5,17094.5,17094.5,0
2015-12-20 00:00:00+00:00,17094.5,17094.5,17094.5,17094.5,0
2015-12-21 00:00:00+00:00,17094.5,17305.5,17094.5,17295.5,0
2015-12-22 00:00:00+00:00,17295.5,17474.5,17203.5,17451.5,0
2015-12-23 00:00:00+00:00,17451.5,17607.5,17418.5,17568.5,0
2015-12-24 00:00:00+00:00,17568.5,17606.0,17538.5,17557.0,0
2015-12-25 00:00:00+00:00,17557.0,17557.0,17557.0,17557.0,0
2015-12-26 00:00:00+00:00,17557.0,17557.0,17557.0,17557.0,0
2015-12-27 00:00:00+00:00,17557.0,17557.0,17557.0,17557.0,0
2015-12-28 00:00:00+00:00,17557.0,17569.5,17433.0,17545.5,0
2015-12-29 00:00:00+00:00,17545.5,17753.0,17522.5,17736.5,0
2015-12-30 00:00:00+00:00,17736.5,17746.5,17585.0,17611.5,0
2015-12-31 00:00:00+00:00,17611.5,17626.5,17446.0,17555.0,0
2016-01-01 00:00:00+00:00,17555.0,17555.0,17555.0,17555.0,0
2016-01-02 00:00:00+00:00,17555.0,17555.0,17555.0,17555.0,0
2016-01-03 00:00:00+00:00,17555.0,17555.0,17555.0,17555.0,0
2016-01-04 00:00:00+00:00,17555.0,17555.5,16946.0,17183.5,0
2016-01-05 00:00:00+00:00,17183.5,17245.5,17034.0,17162.5,0
2016-01-06 00:00:00+00:00,17162.5,17184.5,16813.0,16936.5,0
2016-01-07 00:00:00+00:00,16936.5,16973.5,16460.0,16518.5,0
2016-01-08 00:00:00+00:00,16518.5,16759.5,16315.5,16327.5,0
2016-01-09 00:00:00+00:00,16327.5,16327.5,16327.5,16327.5,0
2016-01-10 00:00:00+00:00,16327.5,16327.5,16327.5,16327.5,0
2016-01-11 00:00:00+00:00,16327.5,16464.0,16180.5,16368.5,0
2016-01-12 00:00:00+00:00,16368.5,16592.0,16260.5,16437.5,0
2016-01-13 00:00:00+00:00,16437.5,16626.5,16118.0,16164.5,0
2016-01-14 00:00:00+00:00,16164.5,16484.0,16075.0,16362.5,0
2016-01-15 00:00:00+00:00,16362.5,16420.5,15839.0,15998.5,0
2016-01-16 00:00:00+00:00,15998.5,15998.5,15998.5,15998.5,0
2016-01-17 00:00:00+00:00,15998.5,15998.5,15998.5,15998.5,0
2016-01-18 00:00:00+00:00,15998.5,16138.5,15883.5,16004.0,0
2016-01-19 00:00:00+00:00,15988.5,16278.5,15900.0,15993.5,0
2016-01-20 00:00:00+00:00,15974.5,16024.5,15449.0,15777.5,0
2016-01-21 00:00:00+00:00,15793.5,16042.0,15648.5,15860.5,0
2016-01-22 00:00:00+00:00,15860.5,16138.0,15813.5,16087.5,0
2016-01-23 00:00:00+00:00,16087.5,16087.5,16087.5,16087.5,0
2016-01-24 00:00:00+00:00,16087.5,16087.5,16087.5,16087.5,0
2016-01-25 00:00:00+00:00,16087.5,16123.5,15877.5,15903.5,0
2016-01-26 00:00:00+00:00,15903.5,16187.0,15726.5,16108.5,0
2016-01-27 00:00:00+00:00,16080.5,16236.0,15876.0,15950.5,0
2016-01-28 00:00:00+00:00,15951.5,16140.5,15854.5,16069.5,0
2016-01-29 00:00:00+00:00,16069.5,16458.5,16022.5,16435.5,0
2016-01-30 00:00:00+00:00,16435.5,16435.5,16435.5,16435.5,0
2016-01-31 00:00:00+00:00,16435.5,16435.5,16435.5,16435.5,0
2016-02-01 00:00:00+00:00,16450.5,16510.0,16295.0,16400.5,0
2016-02-02 00:00:00+00:00,16403.5,16411.5,16107.0,16169.5,0
2016-02-03 00:00:00+00:00,16169.5,16385.0,15959.0,16345.5,0
2016-02-04 00:00:00+00:00,16340.5,16486.0,16206.5,16392.5,0
2016-02-05 00:00:00+00:00,16385.5,16462.5,16127.0,16210.5,0
2016-02-08 00:00:00+00:00,16222.5,16267.5,15799.0,16050.5,0
2016-02-09 00:00:00+00:00,16038.5,16137.0,15840.5,15988.5,0
2016-02-10 00:00:00+00:00,16011.5,16203.0,15877.5,15881.5,0
2016-02-11 00:00:00+00:00,15881.5,15914.5,15503.0,15673.5,0
2016-02-12 00:00:00+00:00,15679.5,15973.0,15642.5,15964.5,0
2016-02-15 00:00:00+00:00,16018.5,16207.5,16007.5,16157.0,0
2016-02-16 00:00:00+00:00,16157.5,16242.5,16027.0,16175.5,0
2016-02-17 00:00:00+00:00,16167.5,16490.0,16111.5,16486.5,0
2016-02-18 00:00:00+00:00,16486.5,16550.5,16390.0,16438.5,0
2016-02-19 00:00:00+00:00,16428.5,16471.5,16276.0,16388.5,0
2016-02-22 00:00:00+00:00,16367.5,16664.0,16347.5,16551.5,0
2016-02-23 00:00:00+00:00,16552.5,16603.5,16403.0,16406.5,0
2016-02-24 00:00:00+00:00,16406.5,16533.5,16163.0,16533.5,0
2016-02-25 00:00:00+00:00,16526.5,16707.5,16427.5,16693.5,0
2016-02-26 00:00:00+00:00,16685.5,16845.5,16617.5,16626.5,0
2016-02-29 00:00:00+00:00,16626.5,16725.0,16496.5,16510.5,0
2016-03-01 00:00:00+00:00,16510.5,16869.5,16450.5,16863.5,0
2016-03-02 00:00:00+00:00,16863.5,16923.5,16764.0,16877.5,0
2016-03-03 00:00:00+00:00,16875.5,16953.5,16817.0,16946.5,0
2016-03-04 00:00:00+00:00,16942.5,17061.0,16897.0,16984.5,0
2016-03-07 00:00:00+00:00,16988.5,17097.0,16916.5,17070.5,0
2016-03-08 00:00:00+00:00,17062.5,17075.0,16921.0,16988.5,0
2016-03-09 00:00:00+00:00,16988.5,17082.5,16947.0,17015.5,0
2016-03-10 00:00:00+00:00,17017.5,17177.5,16821.0,17005.5,0
2016-03-11 00:00:00+00:00,16993.5,17222.0,16983.5,17186.5,0
2016-03-13 00:00:00+00:00,17178.5,17194.5,17169.5,17191.5,0
2016-03-14 00:00:00+00:00,17192.5,17275.0,17148.5,17220.5,0
2016-03-15 00:00:00+00:00,17220.5,17254.0,17118.5,17243.5,0
2016-03-16 00:00:00+00:00,17242.5,17380.0,17187.5,17322.5,0
2016-03-17 00:00:00+00:00,17323.5,17614.5,17242.5,17496.5,0
2016-03-18 00:00:00+00:00,17496.5,17617.0,17456.5,17591.0,0
2016-03-20 00:00:00+00:00,17579.5,17590.5,17577.5,17588.5,0
2016-03-21 00:00:00+00:00,17581.5,17649.5,17540.5,17632.5,0
2016-03-22 00:00:00+00:00,17632.5,17651.0,17531.5,17587.5,0
2016-03-23 00:00:00+00:00,17587.5,17617.5,17487.0,17518.5,0
2016-03-24 00:00:00+00:00,17518.5,17558.0,17396.5,17558.0,0
2016-03-27 00:00:00+00:00,17556.5,17569.5,17551.5,17565.5,0
2016-03-28 00:00:00+00:00,17566.5,17622.5,17489.0,17546.5,0
2016-03-29 00:00:00+00:00,17546.5,17649.5,17431.0,17643.5,0
2016-03-30 00:00:00+00:00,17643.5,17791.0,17634.5,17717.5,0
2016-03-31 00:00:00+00:00,17717.5,17756.0,17660.5,17708.5,0
2016-04-01 00:00:00+00:00,17708.5,17810.0,17566.0,17795.0,0
2016-04-03 00:00:00+00:00,17790.5,17791.5,17768.5,17774.5,0
2016-04-04 00:00:00+00:00,17774.5,17845.5,17703.5,17708.5,0
2016-04-05 00:00:00+00:00,17708.5,17720.5,17581.0,17645.5,0
2016-04-06 00:00:00+00:00,17645.5,17725.0,17538.0,17703.5,0
2016-04-07 00:00:00+00:00,17703.5,17730.5,17482.0,17525.5,0
2016-04-08 00:00:00+00:00,17525.5,17696.0,17508.5,17578.0,0
2016-04-10 00:00:00+00:00,17576.5,17577.5,17559.5,17567.5,0
2016-04-11 00:00:00+00:00,17566.5,17733.0,17501.5,17535.5,0
2016-04-12 00:00:00+00:00,17535.5,17744.0,17527.5,17721.5,0
2016-04-13 00:00:00+00:00,17721.5,17920.5,17716.5,17915.5,0
2016-04-14 00:00:00+00:00,17915.5,17967.0,17861.5,17926.5,0
2016-04-15 00:00:00+00:00,17925.5,17956.5,17869.0,17897.0,0
2016-04-17 00:00:00+00:00,17813.5,17818.5,17800.5,17806.5,0
2016-04-18 00:00:00+00:00,17806.5,18018.5,17775.5,17966.5,0
2016-04-19 00:00:00+00:00,17966.5,18102.0,17965.5,18044.5,0
2016-04-20 00:00:00+00:00,18044.5,18168.0,17976.5,18121.5,0
2016-04-21 00:00:00+00:00,18121.5,18163.5,17946.5,17952.5,0
2016-04-22 00:00:00+00:00,17951.5,18030.0,17906.0,18004.0,0
2016-04-24 00:00:00+00:00,18035.5,18038.5,18017.5,18020.5,0
2016-04-25 00:00:00+00:00,18020.5,18024.5,17851.0,17983.5,0
2016-04-26 00:00:00+00:00,17983.5,18048.5,17933.0,17953.5,0
2016-04-27 00:00:00+00:00,17952.5,18086.0,17919.0,18046.5,0
2016-04-28 00:00:00+00:00,18046.5,18065.5,17798.0,17838.5,0
2016-04-29 00:00:00+00:00,17838.5,17868.5,17649.0,17779.0,0
2016-05-01 00:00:00+00:00,17799.5,17799.5,17777.5,17789.5,0
2016-05-02 00:00:00+00:00,17788.5,17911.0,17745.5,17885.5,0
2016-05-03 00:00:00+00:00,17884.5,17893.5,17666.0,17768.5,0
2016-05-04 00:00:00+00:00,17766.5,17780.5,17608.0,17664.5,0
2016-05-05 00:00:00+00:00,17664.5,17759.5,17613.0,17634.5,0
2016-05-06 00:00:00+00:00,17634.5,17745.0,17543.5,17739.0,0
2016-05-08 00:00:00+00:00,17741.5,17761.5,17737.5,17757.5,0
2016-05-09 00:00:00+00:00,17757.5,17795.5,17664.0,17690.5,0
2016-05-10 00:00:00+00:00,17690.5,17934.0,17674.5,17877.5,0
2016-05-11 00:00:00+00:00,17877.5,17897.5,17704.5,17710.5,0
2016-05-12 00:00:00+00:00,17710.5,17801.5,17621.0,17716.5,0
2016-05-13 00:00:00+00:00,17716.5,17738.0,17508.0,17535.0,0
2016-05-15 00:00:00+00:00,17520.5,17521.5,17471.5,17489.5,0
2016-05-16 00:00:00+00:00,17489.5,17754.0,17487.5,17698.5,0
2016-05-17 00:00:00+00:00,17698.5,17760.5,17465.0,17528.5,0
2016-05-18 00:00:00+00:00,17529.5,17639.0,17416.0,17521.5,0
2016-05-19 00:00:00+00:00,17521.5,17533.5,17329.0,17442.5,0
2016-05-20 00:00:00+00:00,17442.5,17574.0,17429.5,17512.5,0
2016-05-22 00:00:00+00:00,17512.5,17538.5,17512.5,17519.5,0
2016-05-23 00:00:00+00:00,17519.5,17560.5,17458.5,17499.5,0
2016-05-24 00:00:00+00:00,17500.5,17745.0,17463.5,17707.5,0
2016-05-25 00:00:00+00:00,17707.5,17894.0,17707.5,17845.5,0
2016-05-26 00:00:00+00:00,17845.5,17891.0,17804.0,17840.5,0
2016-05-27 00:00:00+00:00,17839.5,17876.5,17821.5,17868.5,0
2016-05-29 00:00:00+00:00,17892.5,17895.5,17883.5,17889.5,0
2016-05-30 00:00:00+00:00,17889.5,17925.5,17889.5,17902.5,0
2016-05-31 00:00:00+00:00,17902.5,17921.5,17722.0,17784.5,0
2016-06-01 00:00:00+00:00,17784.5,17825.5,17663.0,17784.5,0
2016-06-02 00:00:00+00:00,17784.5,17842.5,17701.0,17828.5,0
2016-06-03 00:00:00+00:00,17829.5,17857.5,17687.0,17811.5,0
2016-06-05 00:00:00+00:00,17810.5,17825.5,17810.5,17822.5,0
2016-06-06 00:00:00+00:00,17821.5,17949.0,17789.5,17924.5,0
2016-06-07 00:00:00+00:00,17923.5,18004.0,17914.5,17937.5,0
2016-06-08 00:00:00+00:00,17938.5,18019.0,17911.5,18004.5,0
2016-06-09 00:00:00+00:00,18004.5,18007.5,17915.0,17974.5,0
2016-06-10 00:00:00+00:00,17973.5,17982.5,17812.0,17873.5,0
2016-06-12 00:00:00+00:00,17826.5,17838.5,17820.5,17825.5,0
2016-06-13 00:00:00+00:00,17825.5,17894.0,17708.5,17721.5,0
2016-06-14 00:00:00+00:00,17721.5,17761.5,17594.0,17648.5,0
2016-06-15 00:00:00+00:00,17649.5,17770.0,17621.5,17633.5,0
2016-06-16 00:00:00+00:00,17633.5,17756.0,17470.0,17733.5,0
2016-06-17 00:00:00+00:00,17734.5,17783.5,17538.5,17651.5,0
2016-06-19 00:00:00+00:00,17746.5,17791.5,17745.5,17782.5,0
2016-06-20 00:00:00+00:00,17782.5,17948.0,17774.5,17832.5,0
2016-06-21 00:00:00+00:00,17832.5,17888.5,17797.0,17814.5,0
2016-06-22 00:00:00+00:00,17814.5,17919.0,17767.0,17855.5,0
2016-06-23 00:00:00+00:00,17855.5,18098.5,17842.5,18098.5,0
2016-06-24 00:00:00+00:00,18098.5,18119.5,17277.5,17368.5,0
2016-06-26 00:00:00+00:00,17302.5,17316.5,17220.5,17240.5,0
2016-06-27 00:00:00+00:00,17240.5,17371.5,17057.0,17110.5,0
2016-06-28 00:00:00+00:00,17110.5,17407.5,17101.5,17378.5,0
2016-06-29 00:00:00+00:00,17378.5,17788.5,17350.5,17759.5,0
2016-06-30 00:00:00+00:00,17759.5,17929.0,17657.5,17900.5,0
2016-07-01 00:00:00+00:00,17900.5,18001.0,17859.5,17964.5,0
2016-07-03 00:00:00+00:00,17964.5,17964.5,17964.5,17964.5,0
2016-07-04 00:00:00+00:00,17964.5,18020.5,17950.0,17964.5,0
2016-07-05 00:00:00+00:00,17964.5,17970.5,17785.0,17851.5,0
2016-07-06 00:00:00+00:00,17851.5,17929.5,17711.0,17902.5,0
2016-07-07 00:00:00+00:00,17902.5,17983.0,17815.0,17891.5,0
2016-07-08 00:00:00+00:00,17891.5,18168.0,17869.5,18121.5,0
2016-07-10 00:00:00+00:00,18133.5,18135.5,18123.5,18125.5,0
2016-07-11 00:00:00+00:00,18125.5,18287.0,18122.5,18235.5,0
2016-07-12 00:00:00+00:00,18235.5,18375.0,18222.5,18346.5,0
2016-07-13 00:00:00+00:00,18346.5,18390.5,18310.5,18359.5,0
2016-07-14 00:00:00+00:00,18358.5,18560.5,18352.5,18508.5,0
2016-07-15 00:00:00+00:00,18508.5,18573.0,18464.5,18500.5,0
2016-07-17 00:00:00+00:00,18505.5,18531.5,18503.5,18526.5,0
2016-07-18 00:00:00+00:00,18526.5,18572.5,18491.0,18538.5,0
2016-07-19 00:00:00+00:00,18538.5,18573.5,18480.5,18561.5,0
2016-07-20 00:00:00+00:00,18561.5,18636.5,18531.5,18595.5,0
2016-07-21 00:00:00+00:00,18595.5,18619.5,18469.0,18517.5,0
2016-07-22 00:00:00+00:00,18517.5,18570.0,18492.0,18551.5,0
2016-07-24 00:00:00+00:00,18551.5,18564.5,18551.5,18556.5,0
2016-07-25 00:00:00+00:00,18556.5,18601.5,18453.0,18496.5,0
2016-07-26 00:00:00+00:00,18495.5,18521.5,18387.0,18483.5,0
2016-07-27 00:00:00+00:00,18483.5,18544.0,18426.0,18472.5,0
2016-07-28 00:00:00+00:00,18472.5,18527.5,18367.0,18454.5,0
2016-07-29 00:00:00+00:00,18454.5,18476.5,18370.0,18449.5,0
2016-07-31 00:00:00+00:00,18482.5,18508.5,18469.5,18478.5,0
2016-08-01 00:00:00+00:00,18478.5,18522.5,18353.0,18404.5,0
2016-08-02 00:00:00+00:00,18404.5,18447.5,18245.0,18313.5,0
2016-08-03 00:00:00+00:00,18314.5,18351.0,18258.5,18344.5,0
2016-08-04 00:00:00+00:00,18344.5,18404.5,18321.0,18346.5,0
2016-08-05 00:00:00+00:00,18345.5,18534.5,18344.5,18523.5,0
2016-08-07 00:00:00+00:00,18523.5,18533.5,18515.5,18530.5,0
2016-08-08 00:00:00+00:00,18530.5,18569.5,18498.0,18523.5,0
2016-08-09 00:00:00+00:00,18523.5,18584.0,18501.5,18501.5,0
2016-08-10 00:00:00+00:00,18501.5,18561.0,18466.0,18484.5,0
2016-08-11 00:00:00+00:00,18484.5,18640.0,18478.5,18617.5,0
2016-08-12 00:00:00+00:00,18617.5,18631.5,18533.0,18568.5,0
2016-08-14 00:00:00+00:00,18580.5,18580.5,18571.5,18575.5,0
2016-08-15 00:00:00+00:00,18575.5,18669.0,18574.5,18619.5,0
2016-08-16 00:00:00+00:00,18619.5,18629.5,18550.0,18557.5,0
2016-08-17 00:00:00+00:00,18557.5,18583.0,18468.0,18577.5,0
2016-08-18 00:00:00+00:00,18577.5,18599.0,18530.0,18585.5,0
2016-08-19 00:00:00+00:00,18585.5,18595.5,18490.0,18561.5,0
2016-08-21 00:00:00+00:00,18568.5,18568.5,18556.5,18559.5,0
2016-08-22 00:00:00+00:00,18559.5,18581.5,18464.0,18536.5,0
2016-08-23 00:00:00+00:00,18536.5,18637.0,18527.5,18554.5,0
2016-08-24 00:00:00+00:00,18554.5,18566.5,18451.0,18491.5,0
2016-08-25 00:00:00+00:00,18491.5,18507.5,18431.0,18475.5,0
2016-08-26 00:00:00+00:00,18475.5,18577.0,18332.0,18402.5,0
2016-08-28 00:00:00+00:00,18402.5,18404.5,18379.5,18386.5,0
2016-08-29 00:00:00+00:00,18386.5,18524.0,18374.5,18500.5,0
2016-08-30 00:00:00+00:00,18500.5,18522.0,18408.0,18454.5,0
2016-08-31 00:00:00+00:00,18454.5,18456.5,18330.0,18399.5,0
2016-09-01 00:00:00+00:00,18399.5,18466.5,18292.0,18406.5,0
2016-09-02 00:00:00+00:00,18406.5,18547.0,18386.5,18489.5,0
2016-09-04 00:00:00+00:00,18489.5,18489.5,18489.5,18489.5,0
2016-09-05 00:00:00+00:00,18489.5,18526.5,18472.0,18482.5,0
2016-09-06 00:00:00+00:00,18482.5,18553.0,18447.0,18530.5,0
2016-09-07 00:00:00+00:00,18530.5,18540.5,18470.0,18514.5,0
2016-09-08 00:00:00+00:00,18514.5,18547.5,18439.0,18452.5,0
2016-09-09 00:00:00+00:00,18452.5,18464.5,18042.5,18045.5,0
2016-09-11 00:00:00+00:00,18045.5,18050.5,18026.5,18029.5,0
2016-09-12 00:00:00+00:00,18029.5,18358.0,17904.5,18290.5,0
2016-09-13 00:00:00+00:00,18290.5,18304.5,18027.0,18094.5,0
2016-09-14 00:00:00+00:00,18094.5,18158.0,17987.0,18014.5,0
2016-09-15 00:00:00+00:00,18014.5,18248.0,17960.5,18183.5,0
2016-09-16 00:00:00+00:00,18183.5,18190.5,18062.0,18132.5,0
2016-09-18 00:00:00+00:00,18131.5,18139.5,18118.5,18135.5,0
2016-09-19 00:00:00+00:00,18135.5,18251.0,18085.0,18137.5,0
2016-09-20 00:00:00+00:00,18137.5,18230.0,18113.5,18128.5,0
2016-09-21 00:00:00+00:00,18128.5,18308.5,18096.5,18295.5,0
2016-09-22 00:00:00+00:00,18295.5,18449.5,18276.5,18379.5,0
2016-09-23 00:00:00+00:00,18379.5,18393.5,18252.0,18279.5,0
2016-09-25 00:00:00+00:00,18265.5,18280.5,18252.5,18278.5,0
2016-09-26 00:00:00+00:00,18278.5,18288.5,18080.0,18105.5,0
2016-09-27 00:00:00+00:00,18105.5,18242.0,18048.5,18218.5,0
2016-09-28 00:00:00+00:00,18218.5,18348.0,18180.0,18320.5,0
2016-09-29 00:00:00+00:00,18320.5,18367.5,18088.0,18160.5,0
2016-09-30 00:00:00+00:00,18160.5,18370.5,18077.5,18296.5,0
2016-10-02 00:00:00+00:00,18292.0,18302.5,18291.0,18291.5,0
2016-10-03 00:00:00+00:00,18291.5,18340.5,18195.5,18261.0,0
2016-10-04 00:00:00+00:00,18261.0,18314.5,18110.5,18167.0,0
2016-10-05 00:00:00+00:00,18167.0,18316.5,18136.5,18283.0,0
2016-10-06 00:00:00+00:00,18283.0,18305.5,18159.5,18275.5,0
2016-10-07 00:00:00+00:00,18276.0,18335.5,18146.5,18239.5,0
2016-10-09 00:00:00+00:00,18284.0,18298.0,18274.0,18288.0,0
2016-10-10 00:00:00+00:00,18288.0,18404.5,18256.0,18351.5,0
2016-10-11 00:00:00+00:00,18351.5,18360.0,18052.5,18140.5,0
2016-10-12 00:00:00+00:00,18140.5,18203.0,18076.5,18107.5,0
2016-10-13 00:00:00+00:00,18107.5,18136.5,17955.5,18099.5,0
2016-10-14 00:00:00+00:00,18099.5,18263.5,18074.5,18145.5,0
2016-10-16 00:00:00+00:00,18138.5,18164.5,18138.0,18146.5,0
2016-10-17 00:00:00+00:00,18146.5,18164.5,18059.5,18069.0,0
2016-10-18 00:00:00+00:00,18069.0,18200.5,18062.5,18144.0,0
2016-10-19 00:00:00+00:00,18144.0,18250.5,18113.5,18206.0,0
2016-10-20 00:00:00+00:00,18205.5,18255.5,18125.5,18170.0,0
2016-10-21 00:00:00+00:00,18170.5,18192.5,18045.5,18144.5,0
2016-10-23 00:00:00+00:00,18164.5,18183.5,18151.5,18182.0,0
2016-10-24 00:00:00+00:00,18181.5,18276.0,18138.5,18220.5,0
2016-10-25 00:00:00+00:00,18220.5,18253.5,18139.0,18149.0,0
2016-10-26 00:00:00+00:00,18149.5,18236.5,18057.5,18203.5,0
2016-10-27 00:00:00+00:00,18203.5,18263.5,18146.0,18189.0,0
2016-10-28 00:00:00+00:00,18189.0,18253.0,18091.5,18175.5,0
2016-10-30 00:00:00+00:00,18132.5,18165.5,18120.0,18165.0,0
2016-10-31 00:00:00+00:00,18165.0,18227.0,18129.0,18161.0,0
2016-11-01 00:00:00+00:00,18160.5,18207.5,17937.0,18009.0,0
2016-11-02 00:00:00+00:00,18009.5,18040.5,17924.5,17953.5,0
2016-11-03 00:00:00+00:00,17953.5,18015.5,17902.5,17930.5,0
2016-11-04 00:00:00+00:00,17930.5,17983.5,17882.5,17890.5,0
2016-11-07 00:00:00+00:00,18089.0,18293.5,18065.5,18287.0,0
2016-11-08 00:00:00+00:00,18251.0,18403.5,18189.5,18346.5,0
2016-11-09 00:00:00+00:00,18364.0,18648.0,17478.0,18588.5,0
2016-11-10 00:00:00+00:00,18588.0,18877.5,18546.5,18810.5,0
2016-11-11 00:00:00+00:00,18821.5,18890.5,18740.5,18848.5,0
2016-11-14 00:00:00+00:00,18864.0,18975.0,18816.5,18873.5,0
2016-11-15 00:00:00+00:00,18874.5,18936.5,18809.0,18930.5,0
2016-11-16 00:00:00+00:00,18905.5,18944.0,18822.4,18859.4,0
2016-11-17 00:00:00+00:00,18862.9,18907.4,18842.9,18905.4,0
2016-11-18 00:00:00+00:00,18896.0,18914.5,18849.5,18867.5,0
2016-11-21 00:00:00+00:00,18878.0,18954.5,18859.5,18944.5,0
2016-11-22 00:00:00+00:00,18944.0,19040.5,18939.5,19030.0,0
2016-11-23 00:00:00+00:00,19030.0,19089.0,19004.5,19089.0,0
2016-11-24 00:00:00+00:00,19092.5,19149.0,19062.5,19142.5,0
2016-11-25 00:00:00+00:00,19144.5,19152.5,19120.5,19150.5,0
2016-11-28 00:00:00+00:00,19155.0,19155.5,19071.5,19113.0,0
2016-11-29 00:00:00+00:00,19096.0,19144.5,19071.5,19126.5,0
2016-11-30 00:00:00+00:00,19126.5,19222.5,19108.5,19144.5,0
2016-12-01 00:00:00+00:00,19148.0,19210.5,19119.5,19199.5,0
2016-12-02 00:00:00+00:00,19194.5,19201.5,19142.5,19169.0,0
2016-12-05 00:00:00+00:00,19119.0,19284.5,19092.5,19222.5,0
2016-12-06 00:00:00+00:00,19224.5,19253.5,19186.5,19248.5,0
2016-12-07 00:00:00+00:00,19241.5,19558.5,19219.5,19521.0,0
2016-12-08 00:00:00+00:00,19517.5,19664.2,19494.7,19620.2,0
2016-12-09 00:00:00+00:00,19615.2,19771.5,19611.2,19765.5,0
2016-12-12 00:00:00+00:00,19772.5,19875.0,19750.5,19800.5,0
2016-12-13 00:00:00+00:00,19787.3,19954.3,19769.8,19914.3,0
2016-12-14 00:00:00+00:00,19917.3,19963.3,19744.8,19816.8,0
2016-12-15 00:00:00+00:00,19819.3,19952.3,19771.3,19870.0,0
2016-12-16 00:00:00+00:00,19869.0,19917.0,19818.0,19848.5,0
2016-12-19 00:00:00+00:00,19855.0,19915.5,19848.5,19893.5,0
2016-12-20 00:00:00+00:00,19894.0,19988.5,19889.5,19967.0,0
2016-12-21 00:00:00+00:00,19973.0,19985.5,19927.5,19929.0,0
2016-12-22 00:00:00+00:00,19932.0,19953.0,19885.0,19920.0,0
2016-12-23 00:00:00+00:00,19921.5,19944.0,19898.5,19928.0,0
2016-12-27 00:00:00+00:00,19924.0,19975.5,19914.5,19931.5,0
2016-12-28 00:00:00+00:00,19934.0,19978.5,19828.5,19836.0,0
2016-12-29 00:00:00+00:00,19838.0,19876.0,19787.5,19829.5,0
2016-12-30 00:00:00+00:00,19829.0,19876.0,19720.0,19767.5,0
2017-01-03 00:00:00+00:00,19838.5,19937.5,19762.5,19854.5,0
2017-01-04 00:00:00+00:00,19850.0,19943.5,19839.0,19925.5,0
2017-01-05 00:00:00+00:00,19928.0,19943.5,19804.5,19893.5,0
2017-01-06 00:00:00+00:00,19892.0,19997.0,19831.5,19966.0,0
2017-01-09 00:00:00+00:00,19958.0,19993.5,19890.5,19895.5,0
2017-01-10 00:00:00+00:00,19900.0,19959.5,19839.5,19871.5,0
2017-01-11 00:00:00+00:00,19872.0,19978.5,19831.5,19955.0,0
2017-01-12 00:00:00+00:00,19956.0,19956.0,19765.5,19888.5,0
2017-01-13 00:00:00+00:00,19880.0,19952.5,19847.5,19910.0,0
2017-01-16 00:00:00+00:00,19904.0,19904.0,19846.5,19859.5,0
2017-01-17 00:00:00+00:00,19856.5,19885.5,19774.5,19818.5,0
2017-01-18 00:00:00+00:00,19815.0,19858.5,19735.5,19790.0,0
2017-01-19 00:00:00+00:00,19794.0,19825.5,19675.5,19714.0,0
2017-01-20 00:00:00+00:00,19718.0,19846.5,19718.0,19820.0,0
2017-01-23 00:00:00+00:00,19814.5,19837.5,19733.5,19795.5,0
2017-01-24 00:00:00+00:00,19794.0,19948.5,19785.5,19920.0,0
2017-01-25 00:00:00+00:00,19918.0,20084.5,19913.5,20075.5,0
2017-01-26 00:00:00+00:00,20072.0,20137.5,20059.5,20120.0,0
2017-01-27 00:00:00+00:00,20118.0,20140.5,20073.5,20077.5,0
2017-01-30 00:00:00+00:00,20056.0,20061.5,19867.5,19954.5,0
2017-01-31 00:00:00+00:00,19950.0,19959.5,19782.5,19894.0,0
2017-02-01 00:00:00+00:00,19876.0,19964.5,19843.5,19892.0,0
2017-02-02 00:00:00+00:00,19896.0,19921.5,19804.5,19883.5,0
2017-02-03 00:00:00+00:00,19889.0,20077.5,19852.5,20060.0,0
2017-02-06 00:00:00+00:00,20063.0,20093.0,20004.5,20042.0,0
2017-02-07 00:00:00+00:00,20039.5,20159.5,20028.5,20075.5,0
2017-02-08 00:00:00+00:00,20055.5,20101.0,20014.5,20053.0,0
2017-02-09 00:00:00+00:00,20055.0,20203.5,20028.0,20180.5,0
2017-02-10 00:00:00+00:00,20178.0,20297.5,20172.0,20273.0,0
2017-02-13 00:00:00+00:00,20279.0,20441.5,20271.5,20434.0,0
2017-02-14 00:00:00+00:00,20415.0,20531.5,20381.5,20525.0,0
2017-02-15 00:00:00+00:00,20505.0,20652.5,20490.5,20646.5,0
2017-02-16 00:00:00+00:00,20638.0,20646.5,20558.0,20616.5,0
2017-02-17 00:00:00+00:00,20616.0,20627.5,20527.5,20607.0,0
2017-02-20 00:00:00+00:00,20604.0,20690.5,20588.5,20661.0,0
2017-02-21 00:00:00+00:00,20647.5,20753.5,20620.5,20707.5,0
2017-02-22 00:00:00+00:00,20712.0,20791.0,20688.5,20783.5,0
2017-02-23 00:00:00+00:00,20782.0,20838.5,20745.5,20823.0,0
2017-02-24 00:00:00+00:00,20801.5,20817.5,20714.5,20804.5,0
2017-02-27 00:00:00+00:00,20790.0,20844.5,20769.5,20814.5,0
2017-02-28 00:00:00+00:00,20815.0,20839.5,20775.5,20835.5,0
2017-03-01 00:00:00+00:00,20843.0,21169.5,20817.5,21098.0,0
2017-03-02 00:00:00+00:00,21081.0,21140.5,20982.5,20998.5,0
2017-03-03 00:00:00+00:00,20995.0,21045.5,20936.5,20988.5,0
2017-03-06 00:00:00+00:00,20984.0,20988.5,20903.5,20929.0,0
2017-03-07 00:00:00+00:00,20929.0,20969.5,20899.0,20917.5,0
2017-03-08 00:00:00+00:00,20905.5,20951.5,20832.5,20852.0,0
2017-03-09 00:00:00+00:00,20854.5,20902.5,20778.0,20877.0,0
2017-03-10 00:00:00+00:00,20872.5,20997.0,20826.0,20886.5,0
2017-03-12 00:00:00+00:00,20877.0,20894.0,20877.0,20892.0,0
2017-03-13 00:00:00+00:00,20892.0,20923.5,20847.5,20880.5,0
2017-03-14 00:00:00+00:00,20881.0,20883.0,20785.5,20855.0,0
2017-03-15 00:00:00+00:00,20855.0,20975.0,20847.5,20940.0,0
2017-03-16 00:00:00+00:00,20940.0,21023.5,20886.5,20921.5,0
2017-03-17 00:00:00+00:00,20921.5,20975.5,20900.5,20909.5,0
2017-03-19 00:00:00+00:00,20897.5,20908.5,20892.5,20901.5,0
2017-03-20 00:00:00+00:00,20901.5,20951.5,20871.5,20911.5,0
2017-03-21 00:00:00+00:00,20911.5,20969.5,20652.5,20658.0,0
2017-03-22 00:00:00+00:00,20658.0,20686.5,20578.5,20676.5,0
2017-03-23 00:00:00+00:00,20676.5,20756.5,20614.5,20675.5,0
2017-03-24 00:00:00+00:00,20675.5,20727.5,20530.5,20626.0,0
2017-03-27 00:00:00+00:00,20580.5,20581.5,20409.5,20569.5,0
2017-03-28 00:00:00+00:00,20579.0,20731.5,20513.5,20685.5,0
2017-03-29 00:00:00+00:00,20689.0,20720.5,20620.5,20649.0,0
2017-03-30 00:00:00+00:00,20648.0,20753.6,20631.0,20728.5,0
2017-03-31 00:00:00+00:00,20727.0,20731.0,20656.5,20669.5,0
2017-04-03 00:00:00+00:00,20659.5,20711.5,20514.5,20648.0,0
2017-04-04 00:00:00+00:00,20641.5,20712.0,20570.5,20711.0,0
2017-04-05 00:00:00+00:00,20714.0,20889.5,20617.5,20627.0,0
2017-04-06 00:00:00+00:00,20628.0,20746.5,20569.0,20676.0,0
2017-04-07 00:00:00+00:00,20677.0,20726.5,20519.5,20656.5,0
2017-04-10 00:00:00+00:00,20667.0,20748.5,20609.5,20667.5,0
2017-04-11 00:00:00+00:00,20665.5,20681.5,20509.5,20656.0,0
2017-04-12 00:00:00+00:00,20659.0,20702.5,20553.5,20566.5,0
2017-04-13 00:00:00+00:00,20561.0,20611.5,20450.5,20476.5,0
2017-04-17 00:00:00+00:00,20442.5,20645.5,20436.0,20632.5,0
2017-04-18 00:00:00+00:00,20627.0,20649.0,20458.5,20496.5,0
2017-04-19 00:00:00+00:00,20482.5,20547.5,20371.5,20382.0,0
2017-04-20 00:00:00+00:00,20393.0,20627.5,20388.5,20596.0,0
2017-04-21 00:00:00+00:00,20590.0,20613.5,20502.5,20549.5,0
2017-04-24 00:00:00+00:00,20659.5,20793.5,20659.5,20763.5,0
2017-04-25 00:00:00+00:00,20758.0,21029.0,20749.0,20999.5,0
2017-04-26 00:00:00+00:00,20992.0,21072.0,20962.0,20962.0,0
2017-04-27 00:00:00+00:00,20961.5,21008.0,20933.0,20966.5,0
2017-04-28 00:00:00+00:00,20955.5,20992.0,20921.5,20946.0,0
2017-05-01 00:00:00+00:00,20955.5,20985.5,20893.5,20936.5,0
2017-05-02 00:00:00+00:00,20934.5,20958.5,20901.5,20930.0,0
2017-05-03 00:00:00+00:00,20920.5,20971.5,20869.5,20938.5,0
2017-05-04 00:00:00+00:00,20936.0,21012.0,20842.5,20943.5,0
2017-05-05 00:00:00+00:00,20944.5,21029.0,20879.5,21025.5,0
2017-05-08 00:00:00+00:00,21060.5,21067.5,20963.5,21003.5,0
2017-05-09 00:00:00+00:00,21004.0,21048.5,20935.5,20952.5,0
2017-05-10 00:00:00+00:00,20921.5,20977.0,20883.0,20933.5,0
2017-05-11 00:00:00+00:00,20929.0,20932.0,20795.0,20903.5,0
2017-05-12 00:00:00+00:00,20908.5,20914.0,20862.0,20883.5,0
2017-05-15 00:00:00+00:00,20888.0,21000.0,20882.0,20987.5,0
2017-05-16 00:00:00+00:00,20975.5,21032.0,20932.0,20976.0,0
2017-05-17 00:00:00+00:00,20952.0,20952.0,20599.4,20607.9,0
2017-05-18 00:00:00+00:00,20596.4,20760.0,20494.0,20667.0,0
2017-05-19 00:00:00+00:00,20664.5,20859.0,20641.0,20810.0,0
2017-05-22 00:00:00+00:00,20809.5,20915.0,20788.0,20907.5,0
2017-05-23 00:00:00+00:00,20910.5,20963.0,20859.5,20935.5,0
2017-05-24 00:00:00+00:00,20931.0,21019.0,20916.5,21016.5,0
2017-05-25 00:00:00+00:00,21006.0,21113.5,21003.5,21080.5,0
2017-05-26 00:00:00+00:00,21077.5,21093.5,21037.5,21083.0,0
2017-05-29 00:00:00+00:00,21088.0,21108.5,21083.0,21087.0,0
2017-05-30 00:00:00+00:00,21077.5,21082.5,21005.5,21030.0,0
2017-05-31 00:00:00+00:00,21027.0,21067.3,20936.8,21039.8,0
2017-06-01 00:00:00+00:00,21028.5,21142.0,20988.0,21133.5,0
2017-06-02 00:00:00+00:00,21137.5,21229.0,21128.0,21205.5,0
2017-06-05 00:00:00+00:00,21186.5,21223.0,21168.0,21184.5,0
2017-06-06 00:00:00+00:00,21182.5,21188.5,21117.5,21149.5,0
2017-06-07 00:00:00+00:00,21143.5,21188.5,21108.5,21167.5,0
2017-06-08 00:00:00+00:00,21167.0,21271.0,21137.5,21197.0,0
2017-06-09 00:00:00+00:00,21142.5,21304.5,21131.5,21257.5,0
2017-06-12 00:00:00+00:00,21258.5,21275.5,21188.5,21239.0,0
2017-06-13 00:00:00+00:00,21232.5,21332.0,21221.5,21330.0,0
2017-06-14 00:00:00+00:00,21330.0,21388.0,21288.0,21368.0,0
2017-06-15 00:00:00+00:00,21359.0,21366.5,21256.5,21359.5,0
2017-06-16 00:00:00+00:00,21351.0,21407.5,21305.5,21377.0,0
2017-06-19 00:00:00+00:00,21406.0,21522.5,21390.5,21510.5,0
2017-06-20 00:00:00+00:00,21511.5,21538.0,21463.5,21484.0,0
2017-06-21 00:00:00+00:00,21473.5,21498.5,21389.5,21411.0,0
2017-06-22 00:00:00+00:00,21408.0,21454.0,21389.0,21397.0,0
2017-06-23 00:00:00+00:00,21394.5,21423.5,21329.0,21384.0,0
2017-06-26 00:00:00+00:00,21369.0,21506.0,21355.5,21419.0,0
2017-06-27 00:00:00+00:00,21414.5,21440.0,21316.0,21322.5,0
2017-06-28 00:00:00+00:00,21316.5,21488.5,21306.0,21485.0,0
2017-06-29 00:00:00+00:00,21479.5,21503.0,21194.0,21322.5,0
2017-06-30 00:00:00+00:00,21320.5,21423.5,21289.0,21376.0,0
2017-07-03 00:00:00+00:00,21365.0,21562.5,21365.0,21544.5,0
2017-07-04 00:00:00+00:00,21477.5,21527.5,21461.5,21485.5,0
2017-07-05 00:00:00+00:00,21473.5,21512.5,21401.5,21473.0,0
2017-07-06 00:00:00+00:00,21464.5,21485.0,21301.0,21333.0,0
2017-07-07 00:00:00+00:00,21326.0,21422.5,21309.5,21415.0,0
2017-07-10 00:00:00+00:00,21407.5,21446.5,21364.0,21408.5,0
2017-07-11 00:00:00+00:00,21403.0,21441.0,21277.0,21421.0,0
2017-07-12 00:00:00+00:00,21431.5,21582.0,21410.5,21540.5,0
2017-07-13 00:00:00+00:00,21534.5,21570.0,21510.5,21564.0,0
2017-07-14 00:00:00+00:00,21564.0,21680.0,21522.0,21648.5,0
2017-07-17 00:00:00+00:00,21648.5,21676.0,21615.0,21642.5,0
2017-07-18 00:00:00+00:00,21643.5,21658.0,21465.5,21568.5,0
2017-07-19 00:00:00+00:00,21561.5,21651.5,21547.5,21636.5,0
2017-07-20 00:00:00+00:00,21630.0,21673.5,21574.5,21633.5,0
2017-07-21 00:00:00+00:00,21628.0,21639.0,21501.0,21568.0,0
2017-07-24 00:00:00+00:00,21564.5,21576.5,21494.0,21540.0,0
2017-07-25 00:00:00+00:00,21543.0,21690.0,21536.0,21615.5,0
2017-07-26 00:00:00+00:00,21613.5,21738.5,21598.0,21690.5,0
2017-07-27 00:00:00+00:00,21687.0,21802.5,21686.0,21796.0,0
2017-07-28 00:00:00+00:00,21794.0,21839.0,21737.0,21834.0,0
2017-07-31 00:00:00+00:00,21830.5,21934.0,21799.0,21921.5,0
2017-08-01 00:00:00+00:00,21914.0,22019.2,21907.0,21989.5,0
2017-08-02 00:00:00+00:00,22047.0,22047.0,21967.5,22022.0,0
2017-08-03 00:00:00+00:00,22022.5,22043.5,21983.0,22029.0,0
2017-08-04 00:00:00+00:00,22036.0,22102.5,22011.5,22078.0,0
2017-08-07 00:00:00+00:00,22112.5,22125.5,22088.0,22121.5,0
2017-08-08 00:00:00+00:00,22113.5,22178.5,22056.5,22078.0,0
2017-08-09 00:00:00+00:00,22053.5,22066.0,21995.5,22062.5,0
2017-08-10 00:00:00+00:00,22055.0,22055.5,21825.5,21842.0,0
2017-08-11 00:00:00+00:00,21844.0,21910.5,21816.5,21868.5,0
2017-08-14 00:00:00+00:00,21878.0,22014.5,21878.0,21992.5,0
2017-08-15 00:00:00+00:00,21981.0,22058.0,21969.5,22014.5,0
2017-08-16 00:00:00+00:00,22001.0,22079.5,21981.5,22021.5,0
2017-08-17 00:00:00+00:00,22027.0,22031.5,21702.5,21724.5,0
2017-08-18 00:00:00+00:00,21724.5,21793.5,21642.5,21694.0,0
2017-08-21 00:00:00+00:00,21711.5,21740.0,21598.5,21720.0,0
2017-08-22 00:00:00+00:00,21718.5,21917.5,21713.5,21912.0,0
2017-08-23 00:00:00+00:00,21900.5,21911.5,21794.5,21800.5,0
2017-08-24 00:00:00+00:00,21796.5,21877.5,21760.5,21799.5,0
2017-08-25 00:00:00+00:00,21806.5,21905.5,21769.5,21821.0,0
2017-08-28 00:00:00+00:00,21818.0,21872.5,21763.5,21808.5,0
2017-08-29 00:00:00+00:00,21734.5,21881.5,21646.5,21871.0,0
2017-08-30 00:00:00+00:00,21872.5,21956.0,21832.4,21877.5,0
2017-08-31 00:00:00+00:00,21879.5,21989.5,21879.5,21970.0,0
2017-09-01 00:00:00+00:00,21977.5,22039.5,21971.5,21979.7,0
2017-09-04 00:00:00+00:00,21886.0,21946.5,21884.0,21932.5,0
2017-09-05 00:00:00+00:00,21916.5,21950.9,21706.0,21768.5,0
2017-09-06 00:00:00+00:00,21772.5,21848.5,21745.5,21812.5,0
2017-09-07 00:00:00+00:00,21791.0,21848.5,21743.0,21801.0,0
2017-09-08 00:00:00+00:00,21798.0,21843.0,21713.0,21810.7,0
2017-09-11 00:00:00+00:00,21865.0,22080.0,21865.0,22074.0,0
2017-09-12 00:00:00+00:00,22067.5,22139.5,22061.0,22134.5,0
2017-09-13 00:00:00+00:00,22139.0,22162.0,22093.5,22155.7,0
2017-09-14 00:00:00+00:00,22153.0,22220.0,22109.0,22214.7,0
2017-09-15 00:00:00+00:00,22211.3,22270.0,22167.0,22259.5,0
2017-09-18 00:00:00+00:00,22265.5,22360.0,22265.5,22347.0,0
2017-09-19 00:00:00+00:00,22349.5,22387.6,22342.0,22375.6,0
2017-09-20 00:00:00+00:00,22377.6,22432.6,22319.7,22421.6,0
2017-09-21 00:00:00+00:00,22416.1,22431.0,22360.0,22374.5,0
2017-09-22 00:00:00+00:00,22372.0,22376.4,22300.0,22340.0,0
2017-09-25 00:00:00+00:00,22340.0,22381.5,22218.1,22323.5,0
2017-09-26 00:00:00+00:00,22322.5,22366.5,22278.5,22292.5,0
2017-09-27 00:00:00+00:00,22288.5,22371.0,22253.5,22339.0,0
2017-09-28 00:00:00+00:00,22331.5,22390.5,22282.5,22371.0,0
2017-09-29 00:00:00+00:00,22364.5,22399.5,22330.5,22392.5,0
2017-10-02 00:00:00+00:00,22401.0,22576.0,22398.0,22573.0,0
2017-10-03 00:00:00+00:00,22568.0,22679.0,22556.5,22668.5,0
2017-10-04 00:00:00+00:00,22665.5,22685.7,22635.0,22660.0,0
2017-10-05 00:00:00+00:00,22648.5,22791.3,22644.0,22782.5,0
2017-10-06 00:00:00+00:00,22775.2,22787.0,22729.0,22743.0,0
2017-10-09 00:00:00+00:00,22736.0,22800.5,22735.5,22760.5,0
2017-10-10 00:00:00+00:00,22757.5,22848.5,22757.0,22840.0,0
2017-10-11 00:00:00+00:00,22835.0,22868.5,22808.5,22864.0,0
2017-10-12 00:00:00+00:00,22863.5,22884.2,22821.6,22846.0,0
2017-10-13 00:00:00+00:00,22839.5,22903.5,22831.5,22881.0,0
2017-10-16 00:00:00+00:00,22877.0,22957.1,22877.0,22950.0,0
2017-10-17 00:00:00+00:00,22948.5,23024.0,22939.6,23013.0,0
2017-10-18 00:00:00+00:00,23012.5,23176.0,23012.5,23173.0,0
2017-10-19 00:00:00+00:00,23159.5,23174.3,23001.0,23173.3,0
2017-10-20 00:00:00+00:00,23169.5,23331.5,23153.5,23326.0,0
2017-10-23 00:00:00+00:00,23317.8,23370.0,23263.5,23281.0,0
2017-10-24 00:00:00+00:00,23275.0,23487.4,23273.0,23440.0,0
2017-10-25 00:00:00+00:00,23439.0,23465.5,23252.5,23362.0,0
2017-10-26 00:00:00+00:00,23361.0,23454.0,23339.5,23402.0,0
2017-10-27 00:00:00+00:00,23406.5,23460.2,23351.5,23427.0,0
2017-10-29 00:00:00+00:00,23415.0,23434.5,23412.5,23433.5,0
2017-10-30 00:00:00+00:00,23415.0,23439.0,23328.0,23343.0,0
2017-10-31 00:00:00+00:00,23343.0,23405.0,23323.5,23385.5,0
2017-11-01 00:00:00+00:00,23387.0,23518.5,23373.6,23418.0,0
2017-11-02 00:00:00+00:00,23415.0,23528.5,23345.5,23512.0,0
2017-11-03 00:00:00+00:00,23513.0,23552.5,23475.5,23508.1,0
2017-11-06 00:00:00+00:00,23501.5,23568.5,23470.5,23560.5,0
2017-11-07 00:00:00+00:00,23563.0,23624.9,23481.0,23539.5,0
2017-11-08 00:00:00+00:00,23525.0,23573.5,23500.0,23556.5,0
2017-11-09 00:00:00+00:00,23537.5,23580.0,23304.0,23457.0,0
2017-11-10 00:00:00+00:00,23446.0,23485.3,23375.5,23417.5,0
2017-11-13 00:00:00+00:00,23436.0,23469.0,23328.5,23439.5,0
2017-11-14 00:00:00+00:00,23436.0,23462.6,23269.5,23407.5,0
2017-11-15 00:00:00+00:00,23399.5,23401.0,23242.0,23302.5,0
2017-11-16 00:00:00+00:00,23287.5,23487.5,23268.0,23447.5,0
2017-11-17 00:00:00+00:00,23441.5,23465.5,23340.0,23340.5,0
2017-11-20 00:00:00+00:00,23346.0,23454.5,23269.5,23428.0,0
2017-11-21 00:00:00+00:00,23429.5,23616.7,23407.5,23577.0,0
2017-11-22 00:00:00+00:00,23571.0,23622.6,23501.5,23505.0,0
2017-11-23 00:00:00+00:00,23501.0,23536.1,23459.5,23526.5,0
2017-11-24 00:00:00+00:00,23515.1,23597.6,23505.5,23545.5,0
2017-11-27 00:00:00+00:00,23535.0,23638.0,23498.0,23592.0,0
2017-11-28 00:00:00+00:00,23576.5,23848.5,23545.5,23827.0,0
2017-11-29 00:00:00+00:00,23820.0,23958.0,23803.0,23934.0,0
2017-11-30 00:00:00+00:00,23914.5,24326.5,23892.0,24240.0,0
2017-12-01 00:00:00+00:00,24233.8,24323.5,23923.0,24242.0,0
2017-12-04 00:00:00+00:00,24375.0,24533.5,24264.0,24296.5,0
2017-12-05 00:00:00+00:00,24294.0,24387.0,24153.5,24180.5,0
2017-12-06 00:00:00+00:00,24180.0,24230.5,24082.5,24171.5,0
2017-12-07 00:00:00+00:00,24162.0,24258.6,24070.5,24227.5,0
2017-12-08 00:00:00+00:00,24222.7,24325.0,24210.0,24309.9,0
2017-12-11 00:00:00+00:00,24317.0,24428.5,24314.5,24421.5,0
2017-12-12 00:00:00+00:00,24424.0,24549.6,24392.0,24517.5,0
2017-12-13 00:00:00+00:00,24520.5,24662.2,24459.5,24624.5,0
2017-12-14 00:00:00+00:00,24620.5,24678.5,24508.2,24512.7,0
2017-12-15 00:00:00+00:00,24514.5,24681.5,24514.5,24650.5,0
2017-12-18 00:00:00+00:00,24674.0,24871.5,24671.0,24799.0,0
2017-12-19 00:00:00+00:00,24797.5,24868.0,24707.0,24753.5,0
2017-12-20 00:00:00+00:00,24751.1,24858.0,24684.0,24724.0,0
2017-12-21 00:00:00+00:00,24713.5,24846.5,24700.0,24785.5,0
2017-12-22 00:00:00+00:00,24780.0,24833.5,24720.3,24756.3,0
2017-12-26 00:00:00+00:00,24740.5,24788.2,24696.5,24784.7,0
2017-12-27 00:00:00+00:00,24784.7,24809.5,24726.0,24778.5,0
2017-12-28 00:00:00+00:00,24768.7,24825.0,24751.5,24817.0,0
2017-12-29 00:00:00+00:00,24822.5,24887.5,24680.5,24712.5,0
2018-01-02 00:00:00+00:00,24745.5,24868.7,24727.0,24803.0,0
2018-01-03 00:00:00+00:00,24798.0,24936.0,24791.0,24906.0,0
2018-01-04 00:00:00+00:00,24908.5,25104.5,24901.5,25087.5,0
2018-01-05 00:00:00+00:00,25090.0,25296.0,25081.5,25287.0,0
2018-01-08 00:00:00+00:00,25295.0,25380.5,25237.5,25288.5,0
2018-01-09 00:00:00+00:00,25269.0,25437.5,25261.5,25382.0,0
2018-01-10 00:00:00+00:00,25377.0,25407.0,25244.0,25377.5,0
2018-01-11 00:00:00+00:00,25373.0,25586.5,25352.5,25573.0,0
2018-01-12 00:00:00+00:00,25565.0,25828.5,25557.5,25824.0,0
2018-01-15 00:00:00+00:00,25838.5,26002.0,25834.5,25962.5,0
2018-01-16 00:00:00+00:00,25963.5,26089.0,25709.5,25854.0,0
2018-01-17 00:00:00+00:00,25849.5,26132.0,25812.5,26105.0,0
2018-01-18 00:00:00+00:00,26093.0,26156.5,25922.5,25950.0,0
2018-01-19 00:00:00+00:00,25951.0,26093.5,25883.0,26053.0,0
2018-01-22 00:00:00+00:00,25988.0,26230.5,25954.5,26202.5,0
2018-01-23 00:00:00+00:00,26207.0,26320.5,26141.5,26201.0,0
2018-01-24 00:00:00+00:00,26191.0,26391.5,26092.5,26278.0,0
2018-01-25 00:00:00+00:00,26275.0,26450.5,26222.5,26404.0,0
2018-01-26 00:00:00+00:00,26395.5,26628.5,26395.0,26623.0,0
2018-01-29 00:00:00+00:00,26604.0,26703.5,26436.5,26448.5,0
2018-01-30 00:00:00+00:00,26437.0,26497.5,26025.5,26066.5,0
2018-01-31 00:00:00+00:00,26065.0,26330.0,26045.5,26179.0,0
2018-02-01 00:00:00+00:00,26184.0,26299.0,25940.5,26160.0,0
2018-02-02 00:00:00+00:00,26191.0,26234.5,25437.5,25454.5,0
2018-02-05 00:00:00+00:00,25457.0,25506.5,23700.0,24089.5,0
2018-02-06 00:00:00+00:00,24127.0,24930.5,23109.0,24778.5,0
2018-02-07 00:00:00+00:00,24789.0,25293.5,24549.5,24808.5,0
2018-02-08 00:00:00+00:00,24750.0,24958.0,23834.0,24031.5,0
2018-02-09 00:00:00+00:00,23997.0,24380.5,23354.0,24186.5,0
2018-02-12 00:00:00+00:00,24282.0,24768.5,24249.5,24599.0,0
2018-02-13 00:00:00+00:00,24607.0,24707.5,24405.5,24674.5,0
2018-02-14 00:00:00+00:00,24660.0,24927.5,24312.0,24879.0,0
2018-02-15 00:00:00+00:00,24866.0,25256.0,24800.0,25232.5,0
2018-02-16 00:00:00+00:00,25237.0,25432.5,25119.5,25239.0,0
2018-02-19 00:00:00+00:00,25237.0,25350.5,25065.5,25187.0,0
2018-02-20 00:00:00+00:00,25189.0,25236.5,24877.5,24965.5,0
2018-02-21 00:00:00+00:00,24963.0,25269.0,24736.5,24792.0,0
2018-02-22 00:00:00+00:00,24795.0,25152.5,24589.0,25046.0,0
2018-02-23 00:00:00+00:00,25035.5,25335.5,25011.0,25330.5,0
2018-02-26 00:00:00+00:00,25351.0,25788.5,25311.5,25774.0,0
2018-02-27 00:00:00+00:00,25766.5,25823.5,25399.5,25436.5,0
2018-02-28 00:00:00+00:00,25411.5,25576.0,25016.5,25088.5,0
2018-03-01 00:00:00+00:00,25089.0,25184.0,24432.0,24639.0,0
2018-03-02 00:00:00+00:00,24612.5,24670.0,24208.0,24541.0,0
2018-03-05 00:00:00+00:00,24495.0,24963.5,24316.5,24888.5,0
2018-03-06 00:00:00+00:00,24895.0,25056.5,24704.5,24862.0,0
2018-03-07 00:00:00+00:00,24673.0,24847.5,24412.5,24791.5,0
2018-03-08 00:00:00+00:00,24782.0,24948.5,24696.5,24875.5,0
2018-03-09 00:00:00+00:00,24871.0,25337.0,24832.5,25324.5,0
2018-03-11 00:00:00+00:00,25327.0,25390.0,25307.0,25390.0,0
2018-03-12 00:00:00+00:00,25327.0,25501.0,25146.0,25200.0,0
2018-03-13 00:00:00+00:00,25182.5,25375.0,24942.5,25005.0,0
2018-03-14 00:00:00+00:00,25034.5,25147.0,24664.0,24779.5,0
2018-03-15 00:00:00+00:00,24759.0,25054.0,24668.5,24930.5,0
2018-03-16 00:00:00+00:00,24875.0,25030.5,24828.5,24947.5,0
2018-03-18 00:00:00+00:00,24957.0,24958.5,24909.0,24924.5,0
2018-03-19 00:00:00+00:00,24957.0,24958.5,24443.0,24663.5,0
2018-03-20 00:00:00+00:00,24659.0,24801.5,24596.5,24763.0,0
2018-03-21 00:00:00+00:00,24757.0,24984.5,24649.5,24718.5,0
2018-03-22 00:00:00+00:00,24719.0,24792.0,23927.0,23992.0,0
2018-03-23 00:00:00+00:00,24004.0,24110.5,23507.5,23608.3,0
2018-03-26 00:00:00+00:00,23593.2,24233.3,23565.9,24215.7,0
2018-03-27 00:00:00+00:00,24212.3,24447.9,23706.8,23866.1,0
2018-03-28 00:00:00+00:00,23861.1,24093.1,23726.7,23888.8,0
2018-03-29 00:00:00+00:00,23912.7,24312.5,23818.8,24121.3,0
2018-04-02 00:00:00+00:00,24112.0,24178.2,23344.2,23661.0,0
2018-04-03 00:00:00+00:00,23653.1,24044.1,23587.8,24018.5,0
2018-04-04 00:00:00+00:00,24013.3,24312.8,23399.3,24279.4,0
2018-04-05 00:00:00+00:00,24275.2,24623.9,24260.8,24508.1,0
2018-04-06 00:00:00+00:00,24514.6,24532.1,23737.0,23949.5,0
2018-04-09 00:00:00+00:00,23989.6,24374.2,23945.1,24024.8,0
2018-04-10 00:00:00+00:00,23980.5,24510.2,23980.0,24385.1,0
2018-04-11 00:00:00+00:00,24386.2,24394.7,24093.6,24209.1,0
2018-04-12 00:00:00+00:00,24210.1,24592.1,24173.7,24504.6,0
2018-04-13 00:00:00+00:00,24486.2,24660.7,24243.7,24368.9,0
2018-04-16 00:00:00+00:00,24530.8,24677.8,24420.2,24593.6,0
2018-04-17 00:00:00+00:00,24592.1,24860.2,24585.2,24741.0,0
2018-04-18 00:00:00+00:00,24733.1,24844.5,24719.1,24781.0,0
2018-04-19 00:00:00+00:00,24775.6,24815.1,24554.5,24667.8,0
2018-04-20 00:00:00+00:00,24661.0,24699.2,24373.3,24472.8,0
2018-04-23 00:00:00+00:00,24584.9,24584.9,24328.1,24462.7,0
2018-04-24 00:00:00+00:00,24471.7,24639.0,23826.0,24034.2,0
2018-04-25 00:00:00+00:00,24038.8,24148.9,23825.2,24130.1,0
2018-04-26 00:00:00+00:00,24130.6,24404.3,24055.5,24336.6,0
2018-04-27 00:00:00+00:00,24354.1,24358.1,24192.6,24323.1,0
2018-04-30 00:00:00+00:00,24361.1,24502.9,24147.4,24159.4,0
2018-05-01 00:00:00+00:00,24166.4,24233.2,23805.7,24142.9,0
2018-05-02 00:00:00+00:00,24147.9,24187.9,23851.5,23867.0,0
2018-05-03 00:00:00+00:00,23875.0,23999.8,23529.7,23968.6,0
2018-05-04 00:00:00+00:00,23968.6,24335.4,23778.8,24289.0,0
2018-05-07 00:00:00+00:00,24286.3,24482.5,24263.0,24345.2,0
2018-05-08 00:00:00+00:00,24340.2,24414.8,24194.9,24358.0,0
2018-05-09 00:00:00+00:00,24341.3,24587.1,24315.5,24546.9,0
2018-05-10 00:00:00+00:00,24540.2,24795.4,24500.4,24706.1,0
2018-05-11 00:00:00+00:00,24695.0,24869.4,24695.0,24848.0,0
2018-05-14 00:00:00+00:00,24912.5,24995.1,24858.4,24892.8,0
2018-05-15 00:00:00+00:00,24886.4,24917.9,24628.6,24686.8,0
2018-05-16 00:00:00+00:00,24698.5,24801.7,24637.2,24759.6,0
2018-05-17 00:00:00+00:00,24739.3,24841.5,24636.5,24709.7,0
2018-05-18 00:00:00+00:00,24713.2,24807.7,24662.9,24727.6,0
2018-05-21 00:00:00+00:00,24899.0,25085.0,24899.0,25015.0,0
2018-05-22 00:00:00+00:00,25002.1,25073.3,24813.0,24843.2,0
2018-05-23 00:00:00+00:00,24842.2,24890.8,24634.9,24863.9,0
2018-05-24 00:00:00+00:00,24861.5,24879.9,24603.6,24819.4,0
2018-05-25 00:00:00+00:00,24811.2,24914.5,24686.9,24738.0,0
2018-05-28 00:00:00+00:00,24847.8,24854.4,24721.9,24790.5,0
2018-05-29 00:00:00+00:00,24792.8,24803.3,24246.6,24416.7,0
2018-05-30 00:00:00+00:00,24400.6,24715.8,24327.3,24655.2,0
2018-05-31 00:00:00+00:00,24637.8,24708.0,24348.9,24443.6,0
2018-06-01 00:00:00+00:00,24435.8,24676.3,24421.8,24625.1,0
2018-06-04 00:00:00+00:00,24610.1,24863.3,24588.6,24808.1,0
2018-06-05 00:00:00+00:00,24802.2,24861.0,24710.2,24826.4,0
2018-06-06 00:00:00+00:00,24824.5,25162.4,24814.6,25154.4,0
2018-06-07 00:00:00+00:00,25144.2,25325.4,25116.5,25277.1,0
2018-06-08 00:00:00+00:00,25258.1,25329.5,25078.0,25308.0,0
2018-06-11 00:00:00+00:00,25263.6,25402.4,25248.6,25330.0,0
2018-06-12 00:00:00+00:00,25325.6,25389.6,25245.0,25335.4,0
2018-06-13 00:00:00+00:00,25324.5,25365.8,25186.0,25200.9,0
2018-06-14 00:00:00+00:00,25178.1,25330.9,25124.8,25196.7,0
2018-06-15 00:00:00+00:00,25186.8,25186.8,24890.3,25088.3,0
2018-06-18 00:00:00+00:00,25048.0,25132.0,24821.5,24992.9,0
2018-06-19 00:00:00+00:00,24987.0,25000.5,24565.1,24720.9,0
2018-06-20 00:00:00+00:00,24712.0,24852.0,24627.7,24668.5,0
2018-06-21 00:00:00+00:00,24667.0,24787.4,24406.8,24468.8,0
2018-06-22 00:00:00+00:00,24458.7,24662.6,24448.3,24601.5,0
2018-06-25 00:00:00+00:00,24590.4,24616.9,24083.0,24286.7,0
2018-06-26 00:00:00+00:00,24288.2,24382.9,24225.4,24279.9,0
2018-06-27 00:00:00+00:00,24286.4,24571.7,24088.2,24151.5,0
2018-06-28 00:00:00+00:00,24144.1,24309.5,23993.9,24264.6,0
2018-06-29 00:00:00+00:00,24258.3,24510.6,24223.1,24297.5,0
2018-07-02 00:00:00+00:00,24288.7,24343.2,24047.0,24306.9,0
2018-07-03 00:00:00+00:00,24319.9,24467.9,24151.1,24183.3,0
2018-07-04 00:00:00+00:00,24168.1,24275.3,24148.7,24230.0,0
2018-07-05 00:00:00+00:00,24214.0,24377.5,24131.5,24356.1,0
2018-07-06 00:00:00+00:00,24330.6,24521.4,24254.2,24465.2,0
2018-07-09 00:00:00+00:00,24471.8,24799.8,24471.8,24791.3,0
2018-07-10 00:00:00+00:00,24787.9,24945.1,24756.7,24806.9,0
2018-07-11 00:00:00+00:00,24758.2,24815.2,24620.6,24720.8,0
2018-07-12 00:00:00+00:00,24723.8,24942.1,24694.0,24911.9,0
2018-07-13 00:00:00+00:00,24918.9,25045.2,24884.3,25020.0,0
2018-07-16 00:00:00+00:00,25059.1,25109.1,24979.7,25066.5,0
2018-07-17 00:00:00+00:00,25068.0,25157.6,24988.3,25130.5,0
2018-07-18 00:00:00+00:00,25135.1,25215.1,25099.0,25180.0,0
2018-07-19 00:00:00+00:00,25176.8,25213.4,25047.6,25067.9,0
2018-07-20 00:00:00+00:00,25066.0,25125.7,24926.5,25042.5,0
2018-07-23 00:00:00+00:00,25092.6,25098.6,24979.3,25048.8,0
2018-07-24 00:00:00+00:00,25041.4,25288.8,25041.4,25211.1,0
2018-07-25 00:00:00+00:00,25225.1,25465.6,25110.7,25464.6,0
2018-07-26 00:00:00+00:00,25456.7,25589.6,25413.5,25519.9,0
2018-07-27 00:00:00+00:00,25512.5,25591.2,25369.7,25431.4,0
2018-07-30 00:00:00+00:00,25436.9,25500.3,25287.8,25328.1,0
2018-07-31 00:00:00+00:00,25325.2,25511.3,25295.1,25496.8,0
2018-08-01 00:00:00+00:00,25487.9,25496.9,25277.6,25346.8,0
2018-08-02 00:00:00+00:00,25343.0,25361.8,25115.2,25356.8,0
2018-08-03 00:00:00+00:00,25361.3,25469.9,25292.3,25445.8,0
2018-08-06 00:00:00+00:00,25462.2,25541.3,25380.3,25494.7,0
2018-08-07 00:00:00+00:00,25505.8,25694.3,25494.3,25651.7,0
2018-08-08 00:00:00+00:00,25646.3,25666.6,25537.6,25540.1,0
2018-08-09 00:00:00+00:00,25518.9,25616.6,25474.8,25487.8,0
2018-08-10 00:00:00+00:00,25480.4,25493.5,25221.6,25339.4,0
2018-08-13 00:00:00+00:00,25316.4,25380.9,25153.4,25233.5,0
2018-08-14 00:00:00+00:00,25230.0,25341.9,25203.5,25319.3,0
2018-08-15 00:00:00+00:00,25318.5,25324.7,24966.8,25212.3,0
2018-08-16 00:00:00+00:00,25196.6,25606.9,25142.9,25584.8,0
2018-08-17 00:00:00+00:00,25573.9,25728.3,25503.1,25670.9,0
2018-08-20 00:00:00+00:00,25697.4,25792.2,25663.8,25753.9,0
2018-08-21 00:00:00+00:00,25750.9,25889.5,25723.4,25750.4,0
2018-08-22 00:00:00+00:00,25725.5,25839.6,25679.3,25732.6,0
2018-08-23 00:00:00+00:00,25725.5,25764.5,25607.4,25672.3,0
2018-08-24 00:00:00+00:00,25674.8,25826.7,25651.5,25794.1,0
2018-08-27 00:00:00+00:00,25810.4,26081.4,25805.4,26078.9,0
2018-08-28 00:00:00+00:00,26076.5,26150.6,26036.9,26081.3,0
2018-08-29 00:00:00+00:00,26073.0,26168.8,26033.9,26134.6,0
2018-08-30 00:00:00+00:00,26138.1,26148.7,25934.4,25970.8,0
2018-08-31 00:00:00+00:00,25948.7,26029.2,25878.5,26001.2,0
2018-09-03 00:00:00+00:00,26007.1,26066.5,25947.2,26011.9,0
2018-09-04 00:00:00+00:00,26014.3,26057.1,25802.0,25969.2,0
2018-09-05 00:00:00+00:00,25976.7,26011.3,25825.9,25971.2,0
2018-09-06 00:00:00+00:00,25958.2,26078.0,25879.3,25999.5,0
2018-09-07 00:00:00+00:00,25983.4,26016.6,25815.7,25942.6,0
2018-09-10 00:00:00+00:00,25938.0,26047.0,25858.0,25882.0,0
2018-09-11 00:00:00+00:00,25879.0,26020.4,25749.5,25995.7,0
2018-09-12 00:00:00+00:00,25990.8,26147.5,25929.0,25991.1,0
2018-09-13 00:00:00+00:00,25987.1,26191.7,25967.1,26150.6,0
2018-09-14 00:00:00+00:00,26143.9,26223.6,26067.5,26150.7,0
2018-09-17 00:00:00+00:00,26150.0,26184.4,26031.3,26067.1,0
2018-09-18 00:00:00+00:00,26066.7,26319.9,25955.0,26274.6,0
2018-09-19 00:00:00+00:00,26280.1,26464.2,26226.7,26436.4,0
2018-09-20 00:00:00+00:00,26437.9,26708.7,26418.7,26706.7,0
2018-09-21 00:00:00+00:00,26698.8,26782.2,26680.1,26724.3,0
2018-09-24 00:00:00+00:00,26687.7,26710.7,26549.3,26593.0,0
2018-09-25 00:00:00+00:00,26593.1,26674.7,26478.8,26501.1,0
2018-09-26 00:00:00+00:00,26498.7,26605.6,26348.2,26396.8,0
2018-09-27 00:00:00+00:00,26391.4,26560.1,26339.6,26478.0,0
2018-09-28 00:00:00+00:00,26482.5,26516.4,26330.6,26476.4,0
2018-10-01 00:00:00+00:00,26510.3,26736.9,26510.3,26663.3,0
2018-10-02 00:00:00+00:00,26661.9,26824.6,26540.9,26805.9,0
2018-10-03 00:00:00+00:00,26796.6,26951.2,26762.5,26812.1,0
2018-10-04 00:00:00+00:00,26808.3,26808.3,26471.4,26674.2,0
2018-10-05 00:00:00+00:00,26658.8,26722.7,26302.5,26481.7,0
2018-10-08 00:00:00+00:00,26521.5,26539.8,26219.3,26524.4,0
2018-10-09 00:00:00+00:00,26518.4,26543.0,26325.5,26458.6,0
2018-10-10 00:00:00+00:00,26456.7,26506.8,25422.6,25427.0,0
2018-10-11 00:00:00+00:00,25451.4,25672.3,24897.3,25206.9,0
2018-10-12 00:00:00+00:00,25215.4,25546.4,25003.0,25329.7,0
2018-10-15 00:00:00+00:00,25350.3,25484.2,25123.0,25195.5,0
2018-10-16 00:00:00+00:00,25179.7,25820.9,25179.7,25784.6,0
2018-10-17 00:00:00+00:00,25760.8,25862.1,25480.0,25760.1,0
2018-10-18 00:00:00+00:00,25724.5,25738.4,25237.0,25414.9,0
2018-10-19 00:00:00+00:00,25400.2,25610.3,25350.2,25439.3,0
2018-10-22 00:00:00+00:00,25353.9,25580.1,25233.8,25319.8,0
2018-10-23 00:00:00+00:00,25315.4,25322.9,24766.6,25261.4,0
2018-10-24 00:00:00+00:00,25258.9,25355.5,24532.5,24733.2,0
2018-10-25 00:00:00+00:00,24744.2,25106.1,24593.9,24863.3,0
2018-10-26 00:00:00+00:00,24829.0,24915.1,24445.1,24779.4,0
2018-10-28 00:00:00+00:00,24766.0,24797.4,24752.5,24797.4,0
2018-10-29 00:00:00+00:00,24766.0,25037.4,24120.6,24415.9,0
2018-10-30 00:00:00+00:00,24423.4,24931.8,24365.3,24922.4,0
2018-10-31 00:00:00+00:00,24917.0,25338.0,24858.4,25085.5,0
2018-11-01 00:00:00+00:00,25080.6,25397.0,25080.6,25321.2,0
2018-11-02 00:00:00+00:00,25361.9,25721.1,25077.6,25280.9,0
2018-11-05 00:00:00+00:00,25265.2,25508.2,25172.9,25490.3,0
2018-11-06 00:00:00+00:00,25484.3,25700.8,25407.9,25679.4,0
2018-11-07 00:00:00+00:00,25663.5,26236.4,25576.4,26224.0,0
2018-11-08 00:00:00+00:00,26189.1,26278.2,26080.0,26193.9,0
2018-11-09 00:00:00+00:00,26186.9,26241.7,25881.9,25967.6,0
2018-11-12 00:00:00+00:00,25978.9,26109.4,25341.9,25399.6,0
2018-11-13 00:00:00+00:00,25416.6,25574.9,25192.9,25347.8,0
2018-11-14 00:00:00+00:00,25386.1,25498.5,24934.3,25089.2,0
2018-11-15 00:00:00+00:00,25072.5,25355.9,24787.2,25325.4,0
2018-11-16 00:00:00+00:00,25323.0,25510.4,25103.6,25471.8,0
2018-11-19 00:00:00+00:00,25398.1,25500.8,24899.1,25047.7,0
2018-11-20 00:00:00+00:00,25037.3,25052.2,24366.0,24436.0,0
2018-11-21 00:00:00+00:00,24438.3,24666.0,24385.4,24481.0,0
2018-11-22 00:00:00+00:00,24485.1,24548.1,24299.5,24336.0,0
2018-11-23 00:00:00+00:00,24349.5,24435.0,24271.5,24287.3,0
2018-11-26 00:00:00+00:00,24343.8,24673.0,24317.3,24511.1,0
2018-11-27 00:00:00+00:00,24526.1,24785.8,24412.5,24782.6,0
2018-11-28 00:00:00+00:00,24780.2,25367.7,24728.4,25334.8,0
2018-11-29 00:00:00+00:00,25305.8,25479.6,25202.8,25367.4,0
2018-11-30 00:00:00+00:00,25355.0,25549.7,25205.1,25507.7,0
2018-12-03 00:00:00+00:00,25978.2,26073.9,25668.3,25817.3,0
2018-12-04 00:00:00+00:00,25822.9,25824.4,24990.5,25028.0,0
2018-12-05 00:00:00+00:00,25015.6,25173.0,24997.1,25147.5,0
2018-12-06 00:00:00+00:00,24839.0,24971.7,24246.3,24924.8,0
2018-12-07 00:00:00+00:00,24904.7,25095.7,24281.2,24387.6,0
2018-12-10 00:00:00+00:00,24188.8,24501.2,23878.0,24460.0,0
2018-12-11 00:00:00+00:00,24469.1,24808.4,24218.1,24319.5,0
2018-12-12 00:00:00+00:00,24335.5,24828.9,24323.0,24535.9,0
2018-12-13 00:00:00+00:00,24557.5,24738.4,24473.3,24568.9,0
2018-12-14 00:00:00+00:00,24575.7,24597.8,24029.6,24098.9,0
2018-12-17 00:00:00+00:00,24130.6,24218.5,23455.0,23687.9,0
2018-12-18 00:00:00+00:00,23679.5,23923.9,23515.8,23559.4,0
2018-12-19 00:00:00+00:00,23553.5,24060.5,23159.6,23300.5,0
2018-12-20 00:00:00+00:00,23307.1,23430.9,22641.7,23045.8,0
2018-12-21 00:00:00+00:00,23010.1,23250.6,22399.1,22431.1,0
2018-12-24 00:00:00+00:00,22424.3,22574.8,21791.6,21805.0,0
2018-12-26 00:00:00+00:00,21751.2,22978.6,21576.1,22879.7,0
2018-12-27 00:00:00+00:00,22863.4,23219.7,22264.4,23119.8,0
2018-12-28 00:00:00+00:00,23139.3,23393.5,22980.2,23065.3,0
2018-12-31 00:00:00+00:00,23201.1,23375.4,23114.8,23344.1,0
2019-01-02 00:00:00+00:00,23399.2,23431.9,22816.7,23132.4,0
2019-01-03 00:00:00+00:00,23063.5,23138.9,22636.3,22716.9,0
2019-01-04 00:00:00+00:00,22725.9,23522.0,22587.7,23428.0,0
2019-01-07 00:00:00+00:00,23502.9,23687.3,23297.3,23561.6,0
2019-01-08 00:00:00+00:00,23555.2,23868.3,23520.3,23752.6,0
2019-01-09 00:00:00+00:00,23734.6,23988.8,23734.6,23861.0,0
2019-01-10 00:00:00+00:00,23847.6,24024.0,23663.8,23990.2,0
2019-01-11 00:00:00+00:00,23979.8,24019.2,23797.0,23991.6,0
2019-01-14 00:00:00+00:00,23882.5,23964.9,23728.9,23901.6,0
2019-01-15 00:00:00+00:00,23898.7,24101.2,23855.8,24016.6,0
2019-01-16 00:00:00+00:00,24015.7,24289.7,23988.0,24199.3,0
2019-01-17 00:00:00+00:00,24187.0,24476.4,24038.5,24374.7,0
2019-01-18 00:00:00+00:00,24374.9,24748.4,24320.2,24704.3,0
2019-01-21 00:00:00+00:00,24704.7,24723.7,24550.1,24635.5,0
2019-01-22 00:00:00+00:00,24633.0,24667.3,24243.1,24444.3,0
2019-01-23 00:00:00+00:00,24413.0,24699.0,24302.8,24570.6,0
2019-01-24 00:00:00+00:00,24541.3,24635.7,24418.4,24526.7,0
2019-01-25 00:00:00+00:00,24512.3,24861.9,24492.9,24730.1,0
2019-01-28 00:00:00+00:00,24700.5,24726.4,24324.8,24499.3,0
2019-01-29 00:00:00+00:00,24494.9,24677.6,24389.5,24659.4,0
2019-01-30 00:00:00+00:00,24683.4,25108.4,24580.8,25017.7,0
2019-01-31 00:00:00+00:00,24967.9,25094.7,24838.4,25084.3,0
2019-02-01 00:00:00+00:00,25063.4,25191.2,24981.3,25048.6,0
2019-02-04 00:00:00+00:00,25035.8,25252.0,24972.6,25228.6,0
2019-02-05 00:00:00+00:00,25226.7,25428.0,25196.9,25375.9,0
2019-02-06 00:00:00+00:00,25376.3,25440.6,25310.1,25371.5,0
2019-02-07 00:00:00+00:00,25341.0,25358.0,24999.4,25152.6,0
2019-02-08 00:00:00+00:00,25136.6,25144.1,24883.9,25101.9,0
2019-02-11 00:00:00+00:00,25097.8,25249.0,25003.5,25045.1,0
2019-02-12 00:00:00+00:00,25035.7,25460.0,25027.2,25429.4,0
2019-02-13 00:00:00+00:00,25416.0,25627.3,25407.1,25505.5,0
2019-02-14 00:00:00+00:00,25482.1,25615.6,25301.7,25410.6,0
2019-02-15 00:00:00+00:00,25408.2,25896.2,25277.6,25886.3,0
2019-02-18 00:00:00+00:00,25911.2,25941.5,25848.5,25905.5,0
2019-02-19 00:00:00+00:00,25897.5,25963.8,25791.0,25886.5,0
2019-02-20 00:00:00+00:00,25881.0,25988.9,25829.1,25970.5,0
2019-02-21 00:00:00+00:00,25968.1,26088.4,25762.0,25843.4,0
2019-02-22 00:00:00+00:00,25842.0,26052.3,25814.6,26012.9,0
2019-02-25 00:00:00+00:00,26094.8,26240.2,26047.1,26087.2,0
2019-02-26 00:00:00+00:00,26093.3,26154.4,25959.3,26020.4,0
2019-02-27 00:00:00+00:00,26005.0,26053.6,25872.6,26035.1,0
2019-02-28 00:00:00+00:00,26025.3,26025.6,25875.3,25928.2,0
2019-03-01 00:00:00+00:00,25916.8,26142.2,25893.9,26035.9,0
2019-03-04 00:00:00+00:00,26122.3,26175.8,25609.4,25809.9,0
2019-03-05 00:00:00+00:00,25813.5,25895.0,25727.1,25804.9,0
2019-03-06 00:00:00+00:00,25795.0,25842.1,25632.0,25672.6,0
2019-03-07 00:00:00+00:00,25663.1,25711.6,25346.8,25473.9,0
2019-03-08 00:00:00+00:00,25458.7,25506.0,25217.5,25501.0,0
2019-03-11 00:00:00+00:00,25473.2,25700.2,25221.7,25670.8,0
2019-03-12 00:00:00+00:00,25672.3,25765.9,25519.2,25590.4,0
2019-03-13 00:00:00+00:00,25589.4,25779.0,25459.8,25754.3,0
2019-03-14 00:00:00+00:00,25754.8,25784.2,25619.0,25711.9,0
2019-03-15 00:00:00+00:00,25710.5,25928.1,25647.5,25866.0,0
2019-03-18 00:00:00+00:00,25840.1,25944.4,25779.6,25926.6,0
2019-03-19 00:00:00+00:00,25927.1,26112.3,25814.3,25878.7,0
2019-03-20 00:00:00+00:00,25877.2,25933.3,25665.0,25669.0,0
2019-03-21 00:00:00+00:00,25669.5,26009.9,25578.5,25954.5,0
2019-03-22 00:00:00+00:00,25954.5,26004.6,25503.4,25544.1,0
2019-03-25 00:00:00+00:00,25564.0,25624.6,25353.9,25557.9,0
2019-03-26 00:00:00+00:00,25555.4,25797.2,25536.2,25645.7,0
2019-03-27 00:00:00+00:00,25648.2,25759.6,25422.4,25612.6,0
2019-03-28 00:00:00+00:00,25610.1,25742.6,25507.8,25735.4,0
2019-03-29 00:00:00+00:00,25734.9,25948.8,25714.2,25937.9,0
2019-04-01 00:00:00+00:00,25995.6,26280.7,25995.6,26243.0,0
2019-04-02 00:00:00+00:00,26227.2,26273.6,26122.7,26141.5,0
2019-04-03 00:00:00+00:00,26139.1,26300.6,26131.3,26241.4,0
2019-04-04 00:00:00+00:00,26286.2,26399.7,26186.0,26388.2,0
2019-04-05 00:00:00+00:00,26374.9,26498.3,26352.6,26387.9,0
2019-04-08 00:00:00+00:00,26377.4,26405.4,26244.1,26337.4,0
2019-04-09 00:00:00+00:00,26335.9,26339.1,26098.1,26138.3,0
2019-04-10 00:00:00+00:00,26129.9,26223.0,26098.9,26169.7,0
2019-04-11 00:00:00+00:00,26173.3,26229.3,26060.7,26157.3,0
2019-04-12 00:00:00+00:00,26152.9,26442.0,26141.9,26407.4,0
2019-04-15 00:00:00+00:00,26426.6,26477.1,26313.1,26387.1,0
2019-04-16 00:00:00+00:00,26391.2,26554.5,26377.9,26434.6,0
2019-04-17 00:00:00+00:00,26423.1,26515.2,26381.0,26442.4,0
2019-04-18 00:00:00+00:00,26437.7,26602.6,26312.7,26578.7,0
2019-04-22 00:00:00+00:00,26563.8,26638.2,26452.0,26517.5,0
2019-04-23 00:00:00+00:00,26522.0,26694.9,26466.5,26650.6,0
2019-04-24 00:00:00+00:00,26654.2,26700.6,26526.2,26530.7,0
2019-04-25 00:00:00+00:00,26542.7,26585.2,26305.5,26439.0,0
2019-04-26 00:00:00+00:00,26427.5,26544.7,26360.5,26535.2,0
2019-04-29 00:00:00+00:00,26532.0,26603.3,26498.3,26580.6,0
2019-04-30 00:00:00+00:00,26580.6,26671.9,26413.8,26660.5,0
2019-05-01 00:00:00+00:00,26665.6,26709.9,26355.0,26361.0,0
2019-05-02 00:00:00+00:00,26360.6,26483.2,26177.2,26304.2,0
2019-05-03 00:00:00+00:00,26302.8,26536.3,26275.3,26525.4,0
2019-05-06 00:00:00+00:00,26093.5,26478.0,25963.0,26250.9,0
2019-05-07 00:00:00+00:00,26250.0,26425.1,25789.3,26007.2,0
2019-05-08 00:00:00+00:00,25986.3,26118.3,25836.6,26031.9,0
2019-05-09 00:00:00+00:00,25991.6,26003.2,25515.9,25820.0,0
2019-05-10 00:00:00+00:00,25794.1,26020.2,25470.0,25968.4,0
2019-05-13 00:00:00+00:00,25713.1,25824.3,25225.2,25303.5,0
2019-05-14 00:00:00+00:00,25288.6,25689.5,25230.3,25588.7,0
2019-05-15 00:00:00+00:00,25586.6,25726.3,25336.7,25680.4,0
2019-05-16 00:00:00+00:00,25663.7,25958.2,25551.3,25876.8,0
2019-05-17 00:00:00+00:00,25877.4,25950.4,25629.1,25784.1,0
2019-05-20 00:00:00+00:00,25770.9,25905.8,25560.1,25723.7,0
2019-05-21 00:00:00+00:00,25724.3,25898.7,25716.4,25863.8,0
2019-05-22 00:00:00+00:00,25863.8,25908.6,25841.6,25884.7,0
2019-05-23 00:00:00+00:00,25771.4,25775.9,25326.8,25500.1,0
2019-05-24 00:00:00+00:00,25494.2,25662.6,25455.9,25620.6,0
2019-05-27 00:00:00+00:00,25617.8,25700.1,25587.0,25648.0,0
2019-05-28 00:00:00+00:00,25639.5,25717.3,25329.6,25364.9,0
2019-05-29 00:00:00+00:00,25352.8,25370.8,24936.6,25111.5,0
2019-05-30 00:00:00+00:00,25102.8,25218.8,25054.6,25186.6,0
2019-05-31 00:00:00+00:00,25169.3,25182.4,24783.3,24799.3,0
2019-06-03 00:00:00+00:00,24721.4,24933.8,24607.7,24908.0,0
2019-06-04 00:00:00+00:00,24913.5,25361.4,24821.0,25359.0,0
2019-06-05 00:00:00+00:00,25346.8,25559.4,25333.9,25550.9,0
2019-06-06 00:00:00+00:00,25512.5,25800.3,25426.2,25694.1,0
2019-06-07 00:00:00+00:00,25682.1,26073.9,25670.1,25994.9,0
2019-06-10 00:00:00+00:00,26233.0,26272.5,26039.9,26084.2,0
2019-06-11 00:00:00+00:00,26089.8,26249.4,25999.0,26059.2,0
2019-06-12 00:00:00+00:00,26055.7,26089.0,25951.3,26008.4,0
2019-06-13 00:00:00+00:00,26010.8,26144.9,25881.3,26129.7,0
2019-06-14 00:00:00+00:00,26114.3,26162.5,25988.4,26109.9,0
2019-06-17 00:00:00+00:00,26117.8,26203.0,26048.4,26134.6,0
2019-06-18 00:00:00+00:00,26139.2,26529.6,26057.6,26480.1,0
2019-06-19 00:00:00+00:00,26467.3,26570.5,26414.3,26510.5,0
2019-06-20 00:00:00+00:00,26500.2,26801.4,26499.2,26750.3,0
2019-06-21 00:00:00+00:00,26748.4,26909.8,26674.8,26683.7,0
2019-06-24 00:00:00+00:00,26663.8,26806.4,26663.8,26740.4,0
2019-06-25 00:00:00+00:00,26744.9,26812.7,26526.2,26550.5,0
2019-06-26 00:00:00+00:00,26549.1,26690.8,26496.1,26511.3,0
2019-06-27 00:00:00+00:00,26506.9,26653.0,26434.7,26549.4,0
2019-06-28 00:00:00+00:00,26573.8,26669.3,26518.5,26665.9,0
2019-07-01 00:00:00+00:00,26821.8,26898.9,26615.7,26704.4,0
2019-07-02 00:00:00+00:00,26701.5,26815.6,26630.0,26808.8,0
2019-07-03 00:00:00+00:00,26796.8,26982.8,26750.9,26976.2,0
2019-07-04 00:00:00+00:00,27001.8,27001.8,26939.7,26990.1,0
2019-07-05 00:00:00+00:00,26985.8,26999.9,26730.6,26887.6,0
2019-07-08 00:00:00+00:00,26907.1,26932.5,26746.2,26797.8,0
2019-07-09 00:00:00+00:00,26794.3,26809.8,26658.7,26789.4,0
2019-07-10 00:00:00+00:00,26786.5,26981.0,26687.5,26856.4,0
2019-07-11 00:00:00+00:00,26854.5,27098.6,26850.5,27089.8,0
2019-07-12 00:00:00+00:00,27079.4,27333.2,27078.0,27308.0,0
2019-07-15 00:00:00+00:00,27312.1,27404.4,27271.8,27343.8,0
2019-07-16 00:00:00+00:00,27351.3,27403.9,27286.5,27328.0,0
2019-07-17 00:00:00+00:00,27325.6,27386.9,27194.7,27194.7,0
2019-07-18 00:00:00+00:00,27166.8,27314.4,27067.8,27307.5,0
2019-07-19 00:00:00+00:00,27310.0,27345.4,27133.8,27139.7,0
2019-07-22 00:00:00+00:00,27113.0,27226.8,27088.7,27178.9,0
2019-07-23 00:00:00+00:00,27185.5,27371.1,27170.7,27317.1,0
2019-07-24 00:00:00+00:00,27320.2,27359.3,27191.1,27255.6,0
2019-07-25 00:00:00+00:00,27258.2,27365.3,27060.3,27106.4,0
2019-07-26 00:00:00+00:00,27103.0,27214.2,27095.6,27169.7,0
2019-07-29 00:00:00+00:00,27166.9,27277.0,27137.6,27233.0,0
2019-07-30 00:00:00+00:00,27237.1,27271.4,27066.2,27224.9,0
2019-07-31 00:00:00+00:00,27231.0,27280.0,26722.0,26815.5,0
2019-08-01 00:00:00+00:00,26785.7,27176.6,26542.3,26549.7,0
2019-08-02 00:00:00+00:00,26556.3,26692.4,26248.1,26481.2,0
2019-08-05 00:00:00+00:00,26475.1,26501.2,25518.0,25554.2,0
2019-08-06 00:00:00+00:00,25497.8,26047.0,25078.3,25971.8,0
2019-08-07 00:00:00+00:00,25949.4,26086.1,25439.6,25985.3,0
2019-08-08 00:00:00+00:00,25952.4,26398.9,25865.9,26390.9,0
2019-08-09 00:00:00+00:00,26299.0,26416.0,26098.2,26279.9,0
2019-08-12 00:00:00+00:00,26287.2,26373.7,25820.5,25887.8,0
2019-08-13 00:00:00+00:00,25883.4,26427.5,25764.5,26333.4,0
2019-08-14 00:00:00+00:00,26320.4,26366.5,25435.2,25438.3,0
2019-08-15 00:00:00+00:00,25391.6,25718.3,25238.0,25610.5,0
2019-08-16 00:00:00+00:00,25611.5,25931.0,25577.5,25917.5,0
2019-08-19 00:00:00+00:00,25914.5,26242.2,25914.5,26120.4,0
2019-08-20 00:00:00+00:00,26121.5,26200.4,25890.0,25898.0,0
2019-08-21 00:00:00+00:00,25886.6,26270.8,25878.7,26262.9,0
2019-08-22 00:00:00+00:00,26243.7,26378.5,26098.2,26222.2,0
2019-08-23 00:00:00+00:00,26232.3,26357.7,25506.7,25687.6,0
2019-08-26 00:00:00+00:00,25467.7,25993.0,25279.0,25926.2,0
2019-08-27 00:00:00+00:00,25941.7,26078.2,25721.8,25774.6,0
2019-08-28 00:00:00+00:00,25767.2,26053.8,25633.9,26003.5,0
2019-08-29 00:00:00+00:00,25984.8,26409.4,25927.0,26366.9,0
2019-08-30 00:00:00+00:00,26356.6,26553.5,26293.5,26371.6,0
2019-09-02 00:00:00+00:00,26206.0,26366.8,26069.6,26172.8,0
2019-09-03 00:00:00+00:00,26174.8,26298.3,25972.8,26096.5,0
2019-09-04 00:00:00+00:00,26092.6,26379.3,26074.6,26367.4,0
2019-09-05 00:00:00+00:00,26364.3,26838.3,26348.3,26681.0,0
2019-09-06 00:00:00+00:00,26685.1,26862.8,26679.1,26804.2,0
2019-09-09 00:00:00+00:00,26801.3,26900.5,26760.3,26843.9,0
2019-09-10 00:00:00+00:00,26846.5,26910.1,26712.8,26896.7,0
2019-09-11 00:00:00+00:00,26892.2,27158.4,26840.6,27147.4,0
2019-09-12 00:00:00+00:00,27149.5,27313.1,27103.5,27175.4,0
2019-09-13 00:00:00+00:00,27172.7,27305.1,27172.7,27208.3,0
2019-09-16 00:00:00+00:00,27101.9,27171.6,27004.5,27106.2,0
2019-09-17 00:00:00+00:00,27107.3,27130.8,26979.5,27114.8,0
2019-09-18 00:00:00+00:00,27111.4,27178.8,26900.0,27156.0,0
2019-09-19 00:00:00+00:00,27159.5,27270.2,26993.9,27089.3,0
2019-09-20 00:00:00+00:00,27086.9,27191.1,26902.0,26907.9,0
2019-09-23 00:00:00+00:00,26979.7,27062.3,26825.7,27012.7,0
2019-09-24 00:00:00+00:00,27019.3,27117.3,26703.7,26865.7,0
2019-09-25 00:00:00+00:00,26860.8,27027.1,26735.0,26976.4,0
2019-09-26 00:00:00+00:00,26975.9,27061.8,26803.5,26909.4,0
2019-09-27 00:00:00+00:00,26912.0,27012.9,26714.4,26826.8,0
2019-09-30 00:00:00+00:00,26927.8,27000.6,26836.1,26988.8,0
2019-10-01 00:00:00+00:00,26983.4,27071.6,26551.4,26586.3,0
2019-10-02 00:00:00+00:00,26589.3,26652.7,25972.2,26048.3,0
2019-10-03 00:00:00+00:00,26036.0,26224.5,25742.1,26213.1,0
2019-10-04 00:00:00+00:00,26211.2,26589.1,26101.0,26557.7,0
2019-10-07 00:00:00+00:00,26406.2,26657.8,26387.7,26465.3,0
2019-10-08 00:00:00+00:00,26458.9,26591.1,26139.1,26186.5,0
2019-10-09 00:00:00+00:00,26176.4,26436.9,26124.2,26370.3,0
2019-10-10 00:00:00+00:00,26363.4,26644.1,26026.9,26605.3,0
2019-10-11 00:00:00+00:00,26602.9,27015.9,26543.7,26815.0,0
2019-10-14 00:00:00+00:00,26808.8,26938.4,26682.3,26795.8,0
2019-10-15 00:00:00+00:00,26792.9,27122.0,26792.4,27038.4,0
2019-10-16 00:00:00+00:00,27038.5,27060.9,26934.8,26973.1,0
2019-10-17 00:00:00+00:00,26970.6,27127.5,26915.0,27038.2,0
2019-10-18 00:00:00+00:00,27032.8,27061.9,26764.4,26791.3,0
2019-10-21 00:00:00+00:00,26765.3,26879.7,26740.9,26835.4,0
2019-10-22 00:00:00+00:00,26834.5,26948.5,26759.9,26778.3,0
2019-10-23 00:00:00+00:00,26789.9,26898.9,26634.4,26840.2,0
2019-10-24 00:00:00+00:00,26864.8,26918.7,26714.0,26802.3,0
2019-10-25 00:00:00+00:00,26819.3,27017.1,26763.2,26952.4,0
2019-10-28 00:00:00+00:00,26979.8,27167.9,26979.3,27094.9,0
2019-10-29 00:00:00+00:00,27094.9,27165.8,27023.8,27096.1,0
2019-10-30 00:00:00+00:00,27095.6,27282.5,27020.1,27240.2,0
2019-10-31 00:00:00+00:00,27241.2,27241.2,26916.0,27045.9,0
2019-11-01 00:00:00+00:00,27046.6,27345.4,27024.3,27325.9,0
2019-11-04 00:00:00+00:00,27347.6,27516.5,27347.6,27456.2,0
2019-11-05 00:00:00+00:00,27467.7,27560.9,27433.3,27488.5,0
2019-11-06 00:00:00+00:00,27485.4,27534.4,27408.6,27514.6,0
2019-11-07 00:00:00+00:00,27489.0,27775.2,27428.2,27720.1,0
2019-11-08 00:00:00+00:00,27704.2,27747.2,27576.6,27663.6,0
2019-11-11 00:00:00+00:00,27681.3,27713.0,27507.7,27702.3,0
2019-11-12 00:00:00+00:00,27697.4,27772.4,27635.9,27694.7,0
2019-11-13 00:00:00+00:00,27700.8,27813.1,27563.6,27813.1,0
2019-11-14 00:00:00+00:00,27801.7,27841.6,27673.3,27793.2,0
2019-11-15 00:00:00+00:00,27778.6,28002.3,27764.6,27980.4,0
2019-11-18 00:00:00+00:00,27991.9,28093.2,27961.0,28046.5,0
2019-11-19 00:00:00+00:00,28045.1,28161.9,27891.5,27915.2,0
2019-11-20 00:00:00+00:00,27910.6,27910.6,27674.3,27829.8,0
2019-11-21 00:00:00+00:00,27744.3,27867.1,27675.3,27769.9,0
2019-11-22 00:00:00+00:00,27776.0,27892.9,27746.1,27885.5,0
2019-11-25 00:00:00+00:00,27952.0,28067.2,27927.5,28052.2,0
2019-11-26 00:00:00+00:00,28046.8,28172.3,28021.8,28155.8,0
2019-11-27 00:00:00+00:00,28139.6,28192.6,28079.0,28173.7,0
2019-11-28 00:00:00+00:00,28176.8,28178.3,28067.3,28130.2,0
2019-11-29 00:00:00+00:00,28109.5,28125.5,28045.0,28068.8,0
2019-12-02 00:00:00+00:00,28086.5,28201.5,27775.6,27777.1,0
2019-12-03 00:00:00+00:00,27791.1,27850.4,27323.2,27500.1,0
2019-12-04 00:00:00+00:00,27483.5,27727.1,27399.6,27640.9,0
2019-12-05 00:00:00+00:00,27637.8,27768.6,27560.8,27682.6,0
2019-12-06 00:00:00+00:00,27674.0,28036.8,27663.5,28012.8,0
2019-12-09 00:00:00+00:00,28018.0,28040.0,27867.4,27881.4,0
2019-12-10 00:00:00+00:00,27887.5,27951.5,27716.6,27915.4,0
2019-12-11 00:00:00+00:00,27910.4,27970.4,27797.3,27926.1,0
2019-12-12 00:00:00+00:00,27925.6,28224.9,27853.5,28146.8,0
2019-12-13 00:00:00+00:00,28169.7,28288.8,28026.4,28156.9,0
2019-12-16 00:00:00+00:00,28187.7,28338.3,28151.5,28222.4,0
2019-12-17 00:00:00+00:00,28219.5,28328.1,28163.9,28250.0,0
2019-12-18 00:00:00+00:00,28250.2,28322.1,28226.3,28263.6,0
2019-12-19 00:00:00+00:00,28265.7,28404.5,28234.3,28394.1,0
2019-12-20 00:00:00+00:00,28396.2,28520.1,28360.4,28475.6,0
2019-12-23 00:00:00+00:00,28491.9,28581.5,28476.4,28562.6,0
2019-12-24 00:00:00+00:00,28564.2,28590.3,28502.2,28512.2,0
2019-12-26 00:00:00+00:00,28522.7,28637.2,28513.2,28617.4,0
2019-12-27 00:00:00+00:00,28615.5,28733.2,28606.6,28619.1,0
2019-12-30 00:00:00+00:00,28633.5,28674.7,28427.6,28463.3,0
2019-12-31 00:00:00+00:00,28455.0,28579.0,28368.1,28575.5,0
2020-01-02 00:00:00+00:00,28579.5,28904.8,28561.0,28902.3,0
2020-01-03 00:00:00+00:00,28872.4,28920.0,28464.5,28634.6,0
2020-01-06 00:00:00+00:00,28529.2,28733.8,28388.3,28661.7,0
2020-01-07 00:00:00+00:00,28668.7,28770.9,28485.1,28539.4,0
2020-01-08 00:00:00+00:00,28537.0,28866.7,28124.3,28799.4,0
2020-01-09 00:00:00+00:00,28802.7,28988.3,28774.7,28958.3,0
2020-01-10 00:00:00+00:00,28962.8,29055.5,28787.8,28810.5,0
2020-01-13 00:00:00+00:00,28821.4,28942.6,28818.5,28898.3,0
2020-01-14 00:00:00+00:00,28909.9,29052.9,28773.9,28964.4,0
2020-01-15 00:00:00+00:00,28971.0,29131.4,28875.6,29067.7,0
2020-01-16 00:00:00+00:00,29068.8,29309.1,29068.6,29305.2,0
2020-01-17 00:00:00+00:00,29287.8,29403.6,29283.3,29314.3,0
2020-01-20 00:00:00+00:00,29321.3,29357.7,29270.3,29335.0,0
2020-01-21 00:00:00+00:00,29335.5,29338.5,29147.4,29216.2,0
2020-01-22 00:00:00+00:00,29214.8,29347.9,29137.0,29153.6,0
2020-01-23 00:00:00+00:00,29146.4,29191.7,28962.6,29165.1,0
2020-01-24 00:00:00+00:00,29172.1,29283.7,28841.0,28979.4,0
2020-01-27 00:00:00+00:00,28770.3,28781.8,28457.1,28539.1,0
2020-01-28 00:00:00+00:00,28521.3,28824.8,28516.8,28799.6,0
2020-01-29 00:00:00+00:00,28779.7,28931.9,28702.1,28747.0,0
2020-01-30 00:00:00+00:00,28760.0,28896.1,28481.3,28886.2,0
2020-01-31 00:00:00+00:00,28882.2,28935.3,28164.7,28295.3,0
2020-02-03 00:00:00+00:00,28227.1,28631.7,28200.2,28422.4,0
2020-02-04 00:00:00+00:00,28418.9,28903.8,28341.2,28845.9,0
2020-02-05 00:00:00+00:00,28838.0,29335.5,28751.4,29308.1,0
2020-02-06 00:00:00+00:00,29309.9,29530.1,29247.5,29413.4,0
2020-02-07 00:00:00+00:00,29405.7,29415.7,29056.7,29096.0,0
2020-02-10 00:00:00+00:00,29063.9,29296.5,28898.3,29288.1,0
2020-02-11 00:00:00+00:00,29278.7,29442.3,29209.6,29290.9,0
2020-02-12 00:00:00+00:00,29309.4,29586.7,29257.2,29572.8,0
2020-02-13 00:00:00+00:00,29546.9,29558.9,29263.1,29466.5,0
2020-02-14 00:00:00+00:00,29457.8,29531.9,29280.1,29411.0,0
2020-02-17 00:00:00+00:00,29409.3,29492.7,29409.3,29468.2,0
2020-02-18 00:00:00+00:00,29419.5,29419.5,29116.2,29244.7,0
2020-02-19 00:00:00+00:00,29250.3,29411.0,29244.8,29358.0,0
2020-02-20 00:00:00+00:00,29379.0,29445.5,28950.5,29174.4,0
2020-02-21 00:00:00+00:00,29172.5,29192.9,28890.5,29005.3,0
2020-02-24 00:00:00+00:00,28748.2,28767.7,27902.6,27976.8,0
2020-02-25 00:00:00+00:00,27948.5,28247.2,26997.4,27171.3,0
2020-02-26 00:00:00+00:00,27154.9,27542.4,26713.6,26849.9,0
2020-02-27 00:00:00+00:00,26837.8,26991.6,25522.4,25558.8,0
2020-02-28 00:00:00+00:00,25524.3,25774.3,24682.3,25551.7,0
2020-03-02 00:00:00+00:00,25092.8,26728.3,24873.5,26559.5,0
2020-03-03 00:00:00+00:00,26581.0,27089.0,25703.3,25836.1,0
2020-03-04 00:00:00+00:00,25835.7,27096.8,25725.7,26972.0,0
2020-03-05 00:00:00+00:00,26953.5,26997.5,25942.0,26149.4,0
2020-03-06 00:00:00+00:00,26169.4,26305.8,25218.3,25821.5,0
2020-03-09 00:00:00+00:00,25364.8,25364.8,23573.5,23783.6,0
2020-03-10 00:00:00+00:00,23779.8,25056.3,23462.5,24983.4,0
2020-03-11 00:00:00+00:00,24987.9,24987.9,23328.5,23600.2,0
2020-03-12 00:00:00+00:00,23604.0,23875.1,20900.2,20940.8,0
2020-03-13 00:00:00+00:00,20939.3,23163.9,20401.0,23044.7,0
2020-03-16 00:00:00+00:00,22855.0,22907.5,20079.2,20420.5,0
2020-03-17 00:00:00+00:00,20412.0,21348.5,19903.8,20896.2,0
2020-03-18 00:00:00+00:00,20898.0,20985.0,18899.0,20062.9,0
2020-03-19 00:00:00+00:00,19975.3,20518.8,18964.8,19739.7,0
2020-03-20 00:00:00+00:00,19696.4,21023.4,19098.8,19151.1,0
2020-03-23 00:00:00+00:00,18349.8,19923.8,18191.8,18581.1,0
2020-03-24 00:00:00+00:00,18872.8,20839.2,18731.3,20802.5,0
2020-03-25 00:00:00+00:00,20766.7,22016.2,20415.2,21179.2,0
2020-03-26 00:00:00+00:00,21189.8,22590.0,20650.6,22586.7,0
2020-03-27 00:00:00+00:00,22660.9,22685.9,21457.9,21583.7,0
2020-03-30 00:00:00+00:00,21105.1,22392.3,21093.6,22334.2,0
2020-03-31 00:00:00+00:00,22339.3,22538.3,21790.9,21844.0,0
2020-04-01 00:00:00+00:00,21851.9,21851.9,20787.4,20932.1,0
2020-04-02 00:00:00+00:00,20952.0,21495.0,20634.0,21400.8,0
2020-04-03 00:00:00+00:00,21402.0,21482.0,20867.2,21068.1,0
2020-04-06 00:00:00+00:00,21304.2,22783.7,21263.7,22618.6,0
2020-04-07 00:00:00+00:00,22617.2,23595.7,22422.7,22558.8,0
2020-04-08 00:00:00+00:00,22598.8,23513.5,22368.8,23417.5,0
2020-04-09 00:00:00+00:00,23411.5,24002.0,23143.5,23794.0,0
2020-04-13 00:00:00+00:00,23974.0,24024.5,23088.8,23438.5,0
2020-04-14 00:00:00+00:00,23444.5,24041.0,23371.0,24034.0,0
2020-04-15 00:00:00+00:00,24039.5,24084.0,23224.3,23462.0,0
2020-04-16 00:00:00+00:00,23456.5,23896.0,23208.3,23888.5,0
2020-04-17 00:00:00+00:00,24217.5,24447.5,23826.4,24275.5,0
2020-04-20 00:00:00+00:00,24214.0,24322.5,23564.9,23636.4,0
2020-04-21 00:00:00+00:00,23583.9,23803.6,22938.1,23060.9,0
2020-04-22 00:00:00+00:00,23100.9,23619.8,22936.6,23484.8,0
2020-04-23 00:00:00+00:00,23483.4,23884.8,23346.5,23474.8,0
2020-04-24 00:00:00+00:00,23436.8,23828.5,23269.8,23767.9,0
2020-04-27 00:00:00+00:00,23778.8,24213.9,23649.4,24120.3,0
2020-04-28 00:00:00+00:00,24122.8,24550.2,23993.0,24110.8,0
2020-04-29 00:00:00+00:00,24133.8,24795.9,24083.4,24790.9,0
2020-04-30 00:00:00+00:00,24788.9,24905.3,24185.9,24239.5,0
2020-05-01 00:00:00+00:00,24163.5,24190.1,23643.9,23731.9,0
2020-05-04 00:00:00+00:00,23436.4,23771.0,23323.4,23712.3,0
2020-05-05 00:00:00+00:00,23701.4,24170.4,23688.4,23877.4,0
2020-05-06 00:00:00+00:00,23865.2,24107.7,23610.7,23630.2,0
2020-05-07 00:00:00+00:00,23592.2,24094.3,23522.2,23967.4,0
2020-05-08 00:00:00+00:00,23960.8,24384.9,23938.3,24373.4,0
2020-05-11 00:00:00+00:00,24302.8,24560.8,24063.6,24194.5,0
2020-05-12 00:00:00+00:00,24190.6,24379.0,23554.6,23562.6,0
2020-05-13 00:00:00+00:00,23573.6,23864.4,23064.8,23307.0,0
2020-05-14 00:00:00+00:00,23335.8,23677.4,22788.5,23627.9,0
2020-05-15 00:00:00+00:00,23605.4,23760.3,23329.8,23602.1,0
2020-05-18 00:00:00+00:00,23694.2,24709.5,23616.2,24553.3,0
2020-05-19 00:00:00+00:00,24564.7,24836.1,24194.6,24222.1,0
2020-05-20 00:00:00+00:00,24193.6,24651.5,24146.1,24610.8,0
2020-05-21 00:00:00+00:00,24602.7,24720.1,24358.9,24438.9,0
2020-05-22 00:00:00+00:00,24430.5,24560.6,24154.2,24479.4,0
2020-05-25 00:00:00+00:00,24458.1,24786.5,24440.1,24758.5,0
2020-05-26 00:00:00+00:00,24749.5,25176.5,24676.0,25066.3,0
2020-05-27 00:00:00+00:00,25060.9,25627.7,24969.7,25593.7,0
2020-05-28 00:00:00+00:00,25611.9,25843.3,25359.8,25505.9,0
2020-05-29 00:00:00+00:00,25470.1,25511.7,25031.8,25504.2,0
2020-06-01 00:00:00+00:00,25253.9,25547.8,25122.9,25493.3,0
2020-06-02 00:00:00+00:00,25486.3,25751.1,25324.3,25737.1,0
2020-06-03 00:00:00+00:00,25725.3,26342.3,25700.8,26278.6,0
2020-06-04 00:00:00+00:00,26269.6,26386.4,26076.4,26306.5,0
2020-06-05 00:00:00+00:00,26301.0,27338.9,26230.5,27087.7,0
2020-06-08 00:00:00+00:00,27136.1,27579.1,27047.1,27545.7,0
2020-06-09 00:00:00+00:00,27574.8,27633.9,27136.4,27270.1,0
2020-06-10 00:00:00+00:00,27254.1,27494.7,26908.8,26953.3,0
2020-06-11 00:00:00+00:00,26952.4,27005.4,25078.7,25216.8,0
2020-06-12 00:00:00+00:00,25211.8,25962.8,25074.9,25557.9,0
2020-06-15 00:00:00+00:00,25153.5,25893.1,24560.8,25856.9,0
2020-06-16 00:00:00+00:00,25854.5,26793.7,25816.1,26314.7,0
2020-06-17 00:00:00+00:00,26251.7,26631.7,26062.0,26167.0,0
2020-06-18 00:00:00+00:00,26137.5,26285.1,25754.2,26047.0,0
2020-06-19 00:00:00+00:00,26027.4,26447.4,25649.0,25668.5,0
2020-06-22 00:00:00+00:00,25483.7,26111.1,25363.8,26074.6,0
2020-06-23 00:00:00+00:00,26079.1,26420.5,25642.6,26098.8,0
2020-06-24 00:00:00+00:00,26095.9,26251.2,25292.2,25531.5,0
2020-06-25 00:00:00+00:00,25511.0,25790.8,25133.8,25707.9,0
2020-06-26 00:00:00+00:00,25665.4,25783.4,24968.3,25087.5,0
2020-06-29 00:00:00+00:00,24908.8,25676.7,24874.8,25620.5,0
2020-06-30 00:00:00+00:00,25606.3,25906.3,25433.6,25777.6,0
2020-07-01 00:00:00+00:00,25783.1,26025.6,25512.9,25675.9,0
2020-07-02 00:00:00+00:00,25676.9,26209.4,25640.4,25859.1,0
2020-07-03 00:00:00+00:00,25861.5,26002.5,25564.0,25753.0,0
2020-07-06 00:00:00+00:00,25846.0,26319.5,25846.0,26280.7,0
2020-07-07 00:00:00+00:00,26277.8,26404.3,25867.4,25906.2,0
2020-07-08 00:00:00+00:00,25895.9,26123.2,25786.9,26112.2,0
2020-07-09 00:00:00+00:00,26117.5,26147.9,25522.6,25703.1,0
2020-07-10 00:00:00+00:00,25710.6,26109.4,25418.3,26098.9,0
2020-07-13 00:00:00+00:00,26195.4,26641.8,26034.3,26091.8,0
2020-07-14 00:00:00+00:00,26105.7,26692.7,25994.0,26619.9,0
2020-07-15 00:00:00+00:00,26805.8,27180.8,26688.9,26900.4,0
2020-07-16 00:00:00+00:00,26921.9,26974.4,26587.8,26678.3,0
2020-07-17 00:00:00+00:00,26675.8,26837.1,26617.7,26625.6,0
2020-07-20 00:00:00+00:00,26656.2,26766.5,26442.2,26738.7,0
2020-07-21 00:00:00+00:00,26731.2,27029.8,26702.2,26837.8,0
2020-07-22 00:00:00+00:00,26840.8,27040.6,26639.5,26990.1,0
2020-07-23 00:00:00+00:00,26994.7,27163.2,26557.1,26653.6,0
2020-07-24 00:00:00+00:00,26652.7,26720.1,26397.7,26430.1,0
2020-07-27 00:00:00+00:00,26395.3,26626.4,26339.9,26611.7,0
2020-07-28 00:00:00+00:00,26620.2,26702.7,26358.8,26388.1,0
2020-07-29 00:00:00+00:00,26397.6,26606.1,26292.7,26573.7,0
2020-07-30 00:00:00+00:00,26562.6,26574.1,25988.7,26509.7,0
2020-07-31 00:00:00+00:00,26519.2,26562.7,26013.1,26439.8,0
2020-08-03 00:00:00+00:00,26518.8,26710.3,26308.3,26666.8,0
2020-08-04 00:00:00+00:00,26667.8,26848.2,26550.4,26832.7,0
2020-08-05 00:00:00+00:00,26856.7,27221.1,26771.3,27179.0,0
2020-08-06 00:00:00+00:00,27164.3,27406.0,27032.0,27391.5,0
2020-08-07 00:00:00+00:00,27377.2,27458.8,27197.4,27426.4,0
2020-08-10 00:00:00+00:00,27456.5,27804.5,27351.0,27778.5,0
2020-08-11 00:00:00+00:00,27762.1,28155.7,27623.9,27757.3,0
2020-08-12 00:00:00+00:00,27778.4,28045.9,27697.0,27957.2,0
2020-08-13 00:00:00+00:00,27934.2,28007.3,27788.0,27907.3,0
2020-08-14 00:00:00+00:00,27913.8,27988.4,27676.8,27871.4,0
2020-08-17 00:00:00+00:00,27903.6,28003.2,27812.9,27848.3,0
2020-08-18 00:00:00+00:00,27843.8,27970.3,27665.3,27798.2,0
2020-08-19 00:00:00+00:00,27806.7,27922.6,27647.1,27681.1,0
2020-08-20 00:00:00+00:00,27687.5,27783.5,27449.7,27751.0,0
2020-08-21 00:00:00+00:00,27749.5,27961.2,27527.9,27916.1,0
2020-08-24 00:00:00+00:00,27952.5,28318.7,27932.0,28288.7,0
2020-08-25 00:00:00+00:00,28298.7,28532.2,28093.5,28245.8,0
2020-08-26 00:00:00+00:00,28245.8,28390.0,28145.3,28366.5,0
2020-08-27 00:00:00+00:00,28364.0,28637.2,28233.0,28545.2,0
2020-08-28 00:00:00+00:00,28545.3,28758.8,28487.4,28638.1,0
2020-08-31 00:00:00+00:00,28698.6,28805.2,28360.9,28413.1,0
2020-09-01 00:00:00+00:00,28407.6,28677.6,28285.1,28672.6,0
2020-09-02 00:00:00+00:00,28657.8,29166.9,28632.3,29089.6,0
2020-09-03 00:00:00+00:00,29089.6,29197.8,28072.1,28374.5,0
2020-09-04 00:00:00+00:00,28320.5,28611.7,27661.0,28098.5,0
2020-09-07 00:00:00+00:00,28132.5,28356.3,27903.5,28310.2,0
2020-09-08 00:00:00+00:00,28321.0,28422.5,27464.1,27566.0,0
2020-09-09 00:00:00+00:00,27349.5,28207.7,27197.0,27954.3,0
2020-09-10 00:00:00+00:00,27956.3,28173.5,27444.4,27564.9,0
2020-09-11 00:00:00+00:00,27581.4,27831.0,27443.9,27620.4,0
2020-09-14 00:00:00+00:00,27703.4,28085.4,27703.4,27965.9,0
2020-09-15 00:00:00+00:00,27961.7,28242.8,27929.1,28028.7,0
2020-09-16 00:00:00+00:00,28042.4,28366.1,27965.3,28063.1,0
2020-09-17 00:00:00+00:00,28075.6,28111.0,27542.9,27907.0,0
2020-09-18 00:00:00+00:00,27895.4,27992.9,27486.6,27726.8,0
2020-09-21 00:00:00+00:00,27686.1,27781.5,26712.9,27162.8,0
2020-09-22 00:00:00+00:00,27148.8,27333.6,26988.7,27308.8,0
2020-09-23 00:00:00+00:00,27361.9,27518.4,26716.3,26821.1,0
2020-09-24 00:00:00+00:00,26803.1,27096.9,26535.8,26864.5,0
2020-09-25 00:00:00+00:00,26899.8,27241.8,26550.2,27174.7,0
2020-09-28 00:00:00+00:00,27194.3,27722.6,27191.8,27632.1,0
2020-09-29 00:00:00+00:00,27622.8,27741.4,27338.8,27495.5,0
2020-09-30 00:00:00+00:00,27476.9,28027.4,27162.5,27700.0,0
2020-10-01 00:00:00+00:00,27741.2,28082.2,27666.6,27806.0,0
2020-10-02 00:00:00+00:00,27803.4,27863.3,27240.4,27687.9,0
2020-10-05 00:00:00+00:00,27853.5,28163.4,27766.0,28124.2,0
2020-10-06 00:00:00+00:00,28131.4,28354.1,27652.7,27679.7,0
2020-10-07 00:00:00+00:00,27698.6,28370.2,27660.7,28312.5,0
2020-10-08 00:00:00+00:00,28292.3,28564.0,28263.3,28503.0,0
2020-10-09 00:00:00+00:00,28499.0,28675.5,28436.4,28637.1,0
2020-10-12 00:00:00+00:00,28632.7,28958.6,28547.8,28907.1,0
2020-10-13 00:00:00+00:00,28911.9,28932.1,28598.6,28677.8,0
2020-10-14 00:00:00+00:00,28684.7,28839.4,28457.6,28520.0,0
2020-10-15 00:00:00+00:00,28520.8,28565.5,28150.7,28497.8,0
2020-10-16 00:00:00+00:00,28519.1,28846.8,28443.0,28520.5,125775
2020-10-19 00:00:00+00:00,28601.6,28782.9,28139.5,28288.7,140393
2020-10-20 00:00:00+00:00,28278.0,28577.6,28160.1,28247.5,160910
2020-10-21 00:00:00+00:00,28327.7,28487.4,28191.5,28245.2,157647
2020-10-22 00:00:00+00:00,28230.1,28421.6,28002.2,28381.9,142987
2020-10-23 00:00:00+00:00,28429.4,28492.2,28148.1,28291.1,116201
2020-10-26 00:00:00+00:00,28248.8,28253.8,27365.2,27689.6,156972
2020-10-27 00:00:00+00:00,27682.5,27818.1,27335.5,27336.5,145819
2020-10-28 00:00:00+00:00,27352.8,27368.3,26499.4,26569.9,222736
2020-10-29 00:00:00+00:00,26603.1,26911.5,26278.8,26443.6,232550
2020-10-30 00:00:00+00:00,26419.0,26628.5,26065.2,26543.3,262427
2020-11-02 00:00:00+00:00,26481.6,27050.7,26286.1,26947.3,193657
2020-11-03 00:00:00+00:00,26953.7,27644.2,26917.5,27504.9,172151
2020-11-04 00:00:00+00:00,27511.2,28305.1,27021.7,27887.1,318903
2020-11-05 00:00:00+00:00,27950.7,28495.5,27754.9,28449.4,186744
2020-11-06 00:00:00+00:00,28424.2,28561.7,28073.2,28335.8,182446
2020-11-09 00:00:00+00:00,28458.5,30092.5,28421.0,29153.0,274844
2020-11-10 00:00:00+00:00,29181.5,29480.2,28868.5,29444.4,263629
2020-11-11 00:00:00+00:00,29450.2,29662.0,29277.8,29451.4,160471
2020-11-12 00:00:00+00:00,29445.9,29452.9,28901.4,29146.4,177255
2020-11-13 00:00:00+00:00,29128.5,29560.8,28934.1,29480.9,127025
2020-11-16 00:00:00+00:00,29534.8,30075.7,29531.3,29984.9,138481
2020-11-17 00:00:00+00:00,29962.4,29968.4,29520.0,29776.4,131386
2020-11-18 00:00:00+00:00,29769.7,29957.7,29393.0,29420.5,142401
2020-11-19 00:00:00+00:00,29421.6,29526.0,29232.4,29340.4,144209
2020-11-20 00:00:00+00:00,29324.4,29492.5,29178.5,29189.5,117744
2020-11-23 00:00:00+00:00,29179.2,29669.6,29165.7,29602.3,116495
2020-11-24 00:00:00+00:00,29604.4,30118.7,29602.9,30087.7,116021
2020-11-25 00:00:00+00:00,30074.2,30214.7,29807.6,29896.5,116301
2020-11-26 00:00:00+00:00,29903.0,29955.3,29780.6,29819.6,34288
2020-11-27 00:00:00+00:00,29849.9,30021.5,29739.5,29935.5,59752
2020-11-30 00:00:00+00:00,29950.0,30002.5,29461.9,29701.7,147518
2020-12-01 00:00:00+00:00,29687.5,30081.3,29637.0,29767.1,123568
2020-12-02 00:00:00+00:00,29775.1,29922.3,29603.7,29899.8,109539
2020-12-03 00:00:00+00:00,29910.0,30110.5,29770.6,29968.2,107421
2020-12-04 00:00:00+00:00,29957.9,30227.7,29945.7,30171.2,83778
2020-12-07 00:00:00+00:00,30224.9,30276.0,29967.4,29999.1,102048
2020-12-08 00:00:00+00:00,30007.4,30247.9,29864.6,30183.0,98159
2020-12-09 00:00:00+00:00,30225.3,30315.6,29953.1,30067.4,137538
2020-12-10 00:00:00+00:00,30066.6,30152.8,29871.8,30013.4,135900
2020-12-11 00:00:00+00:00,30051.0,30090.9,29722.6,30055.3,94673
2020-12-14 00:00:00+00:00,30198.2,30326.6,29851.5,29917.9,94821
2020-12-15 00:00:00+00:00,29914.4,30243.2,29842.0,30204.6,92869
2020-12-16 00:00:00+00:00,30223.5,30314.4,30079.0,30162.8,98156
2020-12-17 00:00:00+00:00,30175.5,30329.1,30143.9,30306.1,81808
2020-12-18 00:00:00+00:00,30300.9,30353.3,30031.5,30254.1,115726
2020-12-21 00:00:00+00:00,30403.5,30434.5,29423.4,30188.6,214521
2020-12-22 00:00:00+00:00,30198.6,30254.8,29984.9,30011.6,135717
2020-12-23 00:00:00+00:00,30014.8,30291.9,29841.1,30181.5,102249
2020-12-24 00:00:00+00:00,30179.9,30254.0,30103.5,30205.5,49691
2020-12-28 00:00:00+00:00,30130.0,30522.5,30079.5,30412.8,72514
2020-12-29 00:00:00+00:00,30429.8,30602.3,30272.4,30375.5,100428
2020-12-30 00:00:00+00:00,30383.5,30525.4,30318.3,30434.7,83069
2020-12-31 00:00:00+00:00,30437.3,30639.0,30343.5,30598.5,66401
2021-01-04 00:00:00+00:00,30600.1,30801.5,29873.7,30240.3,188597
2021-01-05 00:00:00+00:00,30230.1,30508.3,30089.2,30396.1,148954
2021-01-06 00:00:00+00:00,30398.7,31029.3,30267.8,30878.4,238886
2021-01-07 00:00:00+00:00,30903.1,31195.5,30800.5,31032.0,134594
2021-01-08 00:00:00+00:00,31045.0,31255.0,30795.8,31136.5,149521
2021-01-11 00:00:00+00:00,31081.9,31127.4,30746.6,31017.2,143748
2021-01-12 00:00:00+00:00,31030.1,31118.2,30886.7,31075.2,138078
2021-01-13 00:00:00+00:00,31077.3,31167.2,30977.1,31077.8,115936
2021-01-14 00:00:00+00:00,31103.8,31225.4,30977.9,30995.4,102674
2021-01-15 00:00:00+00:00,31003.4,31056.8,30609.3,30762.9,137347
2021-01-18 00:00:00+00:00,30738.6,30856.1,30710.6,30842.6,46415
2021-01-19 00:00:00+00:00,30838.8,31078.8,30833.8,30943.8,105710
2021-01-20 00:00:00+00:00,30948.9,31238.4,30878.9,31161.1,98836
2021-01-21 00:00:00+00:00,31168.7,31288.2,31121.4,31172.4,86002
2021-01-22 00:00:00+00:00,31160.4,31188.4,30894.4,31018.0,103207
2021-01-25 00:00:00+00:00,31015.1,31113.6,30562.2,30968.4,169712
2021-01-26 00:00:00+00:00,30947.7,31122.2,30773.7,30949.8,123255
2021-01-27 00:00:00+00:00,30944.1,30984.7,30153.8,30258.6,240406
2021-01-28 00:00:00+00:00,30280.5,30941.4,30050.8,30538.5,238914
2021-01-29 00:00:00+00:00,30545.1,30618.1,29857.8,29953.7,309938
2021-02-01 00:00:00+00:00,29898.3,30340.0,29660.3,30215.6,141372
2021-02-02 00:00:00+00:00,30213.8,30840.3,30170.8,30711.8,140975
2021-02-03 00:00:00+00:00,30712.2,30817.3,30519.2,30813.9,119514
2021-02-04 00:00:00+00:00,30792.3,31095.7,30649.3,31076.4,96300
2021-02-05 00:00:00+00:00,31066.7,31251.7,31029.7,31188.0,89572
2021-02-08 00:00:00+00:00,31214.5,31390.4,31155.0,31381.7,78551
2021-02-09 00:00:00+00:00,31388.4,31439.8,31240.8,31408.0,75067
2021-02-10 00:00:00+00:00,31416.0,31546.3,31216.8,31463.4,125670
2021-02-11 00:00:00+00:00,31446.1,31542.0,31243.5,31413.3,106662
2021-02-12 00:00:00+00:00,31410.9,31490.5,31290.0,31486.5,75183
2021-02-15 00:00:00+00:00,31537.2,31682.0,31503.7,31655.0,28426
2021-02-16 00:00:00+00:00,31642.9,31721.0,31442.0,31548.8,112114
2021-02-17 00:00:00+00:00,31543.2,31643.7,31333.8,31615.2,133304
2021-02-18 00:00:00+00:00,31620.6,31692.1,31287.4,31504.0,139605
2021-02-19 00:00:00+00:00,31500.4,31645.4,31361.7,31477.9,123488
2021-02-22 00:00:00+00:00,31540.9,31651.5,31245.2,31558.3,152100
2021-02-23 00:00:00+00:00,31557.8,31670.9,31155.8,31548.9,220121
2021-02-24 00:00:00+00:00,31552.3,32018.0,31378.1,31984.5,196200
2021-02-25 00:00:00+00:00,31980.1,32074.3,31291.3,31330.7,269772
2021-02-26 00:00:00+00:00,31349.4,31490.0,30838.8,30898.8,336145
2021-03-01 00:00:00+00:00,30998.4,31670.7,30963.8,31570.9,145743
2021-03-02 00:00:00+00:00,31568.6,31620.4,31311.0,31397.4,182872
2021-03-03 00:00:00+00:00,31404.2,31641.0,31247.6,31263.6,212979
2021-03-04 00:00:00+00:00,31286.3,31465.3,30541.1,30935.1,368157
2021-03-05 00:00:00+00:00,30929.5,31580.1,30673.2,31517.9,354128
2021-03-08 00:00:00+00:00,31666.5,32148.4,31322.0,31890.7,276439
2021-03-09 00:00:00+00:00,31901.7,32150.1,31820.4,31855.9,166111
2021-03-10 00:00:00+00:00,31884.8,32390.6,31744.0,32369.6,182620
2021-03-11 00:00:00+00:00,32375.4,32659.9,32270.5,32499.3,123645
2021-03-12 00:00:00+00:00,32495.1,32823.8,32389.5,32795.8,118547
2021-03-15 00:00:00+00:00,32822.7,32972.4,32628.8,32930.7,94425
2021-03-16 00:00:00+00:00,32945.2,32976.1,32776.5,32865.5,102968
2021-03-17 00:00:00+00:00,32867.4,33047.1,32780.7,33017.2,136513
2021-03-18 00:00:00+00:00,33005.0,33230.1,32833.4,32903.1,162868
2021-03-19 00:00:00+00:00,32907.6,32977.1,32509.3,32608.5,154613
2021-03-22 00:00:00+00:00,32586.3,32810.9,32434.8,32770.9,120933
2021-03-23 00:00:00+00:00,32764.0,32805.9,32357.0,32449.1,149362
2021-03-24 00:00:00+00:00,32469.1,32786.3,32352.5,32455.6,161728
2021-03-25 00:00:00+00:00,32455.1,32690.6,32069.0,32679.1,195851
2021-03-26 00:00:00+00:00,32681.6,33107.4,32619.2,33093.4,133913
2021-03-29 00:00:00+00:00,33068.7,33259.4,32872.2,33179.8,161165
2021-03-30 00:00:00+00:00,33206.2,33255.0,32988.0,33062.9,128215
2021-03-31 00:00:00+00:00,33061.1,33170.5,32990.8,33030.5,104507
2021-04-01 00:00:00+00:00,33026.5,33178.4,32961.1,33171.9,92358
2021-04-02 00:00:00+00:00,33170.4,33379.4,33130.0,33305.5,13714
2021-04-05 00:00:00+00:00,33291.5,33616.9,33267.0,33537.3,72928
2021-04-06 00:00:00+00:00,33524.8,33565.8,33379.6,33439.0,94819
2021-04-07 00:00:00+00:00,33443.6,33521.1,33345.3,33467.2,86962
2021-04-08 00:00:00+00:00,33457.1,33577.6,33338.5,33567.1,76761
2021-04-09 00:00:00+00:00,33567.7,33805.6,33485.9,33754.5,78654
2021-04-12 00:00:00+00:00,33771.3,33798.3,33663.1,33752.8,82795
2021-04-13 00:00:00+00:00,33764.3,33825.9,33547.1,33685.7,85683
2021-04-14 00:00:00+00:00,33691.0,33910.8,33629.2,33776.0,98170
2021-04-15 00:00:00+00:00,33766.6,34070.9,33759.6,34049.6,84775
2021-04-16 00:00:00+00:00,34049.1,34253.1,33990.6,34170.9,83268
2021-04-19 00:00:00+00:00,34124.4,34158.6,33978.1,34109.5,114121
2021-04-20 00:00:00+00:00,34111.5,34179.1,33686.9,33806.2,126911
2021-04-21 00:00:00+00:00,33818.4,34160.5,33740.5,34099.2,101100
2021-04-22 00:00:00+00:00,34097.0,34154.0,33714.8,33824.3,142477
2021-04-23 00:00:00+00:00,33817.5,34158.2,33710.8,34012.4,93323
2021-04-26 00:00:00+00:00,34045.3,34149.9,33940.4,33996.6,77931
2021-04-27 00:00:00+00:00,33996.2,34077.1,33868.2,33915.2,81395
2021-04-28 00:00:00+00:00,33919.7,33973.0,33793.7,33815.7,87619
2021-04-29 00:00:00+00:00,33819.7,34087.4,33737.4,34026.6,99358
2021-04-30 00:00:00+00:00,34016.6,34049.5,33786.0,33915.1,106240
2021-05-03 00:00:00+00:00,33931.5,34220.2,33930.0,34102.9,82673
2021-05-04 00:00:00+00:00,34102.9,34157.6,33764.5,34135.2,135544
2021-05-05 00:00:00+00:00,34134.2,34333.3,34037.1,34225.1,99482
2021-05-06 00:00:00+00:00,34222.2,34563.8,34178.3,34563.8,128367
2021-05-07 00:00:00+00:00,34546.1,34812.9,34462.0,34802.5,103467
2021-05-10 00:00:00+00:00,34803.9,35092.8,34699.3,34724.8,112810
2021-05-11 00:00:00+00:00,34765.3,34812.7,34071.4,34228.7,209631
2021-05-12 00:00:00+00:00,34236.7,34317.2,33555.7,33577.5,219345
2021-05-13 00:00:00+00:00,33565.2,34184.1,33287.6,34054.7,204857
2021-05-14 00:00:00+00:00,34043.6,34458.4,34000.6,34424.1,123468
2021-05-17 00:00:00+00:00,34399.6,34448.1,34169.1,34369.7,152645
2021-05-18 00:00:00+00:00,34364.4,34488.0,33979.5,33994.0,110736
2021-05-19 00:00:00+00:00,33965.8,34064.3,33474.6,33856.1,208315
2021-05-20 00:00:00+00:00,33839.3,34235.6,33640.0,34068.7,126270
2021-05-21 00:00:00+00:00,34088.7,34419.8,34071.2,34246.9,117855
2021-05-24 00:00:00+00:00,34196.9,34474.2,34148.9,34439.0,86714
2021-05-25 00:00:00+00:00,34443.1,34528.3,34268.4,34345.5,100647
2021-05-26 00:00:00+00:00,34338.5,34462.7,34272.3,34339.0,85164
2021-05-27 00:00:00+00:00,34341.0,34615.4,34211.2,34604.4,103566
2021-05-28 00:00:00+00:00,34583.4,34662.5,34521.0,34562.0,81350
2021-05-31 00:00:00+00:00,34593.0,34598.0,34433.5,34456.0,31028
2021-06-01 00:00:00+00:00,34530.5,34850.5,34501.0,34578.1,98657
2021-06-02 00:00:00+00:00,34565.3,34708.2,34499.3,34603.0,92178
2021-06-03 00:00:00+00:00,34613.5,34669.6,34329.6,34593.6,111370
2021-06-04 00:00:00+00:00,34587.1,34773.3,34486.3,34749.6,82354
2021-06-07 00:00:00+00:00,34779.8,34843.5,34575.3,34635.9,81406
2021-06-08 00:00:00+00:00,34636.9,34668.0,34449.8,34601.9,96938
2021-06-09 00:00:00+00:00,34598.8,34657.9,34433.7,34480.2,122117
2021-06-10 00:00:00+00:00,34483.3,34741.0,34399.1,34468.6,145377
2021-06-11 00:00:00+00:00,34473.1,34623.2,34325.2,34460.2,79572
2021-06-14 00:00:00+00:00,34469.0,34564.8,34209.2,34373.4,94831
2021-06-15 00:00:00+00:00,34374.5,34482.8,34200.2,34297.7,109744
2021-06-16 00:00:00+00:00,34302.2,34328.1,33908.8,33956.7,147854
2021-06-17 00:00:00+00:00,33966.2,34091.4,33624.6,33824.6,191261
2021-06-18 00:00:00+00:00,33827.1,33875.6,33252.3,33290.7,217667
2021-06-21 00:00:00+00:00,33213.4,33924.4,33032.4,33916.4,201186
2021-06-22 00:00:00+00:00,33922.4,34041.8,33745.4,33974.0,140373
2021-06-23 00:00:00+00:00,33971.5,34078.0,33868.1,33899.1,119622
2021-06-24 00:00:00+00:00,33903.1,34293.4,33890.6,34288.0,109125
2021-06-25 00:00:00+00:00,34325.9,34499.3,34249.2,34468.4,109002
2021-06-28 00:00:00+00:00,34513.9,34526.4,34183.4,34316.9,80057
2021-06-29 00:00:00+00:00,34302.9,34486.5,34238.5,34300.2,79085
2021-06-30 00:00:00+00:00,34299.3,34565.0,34125.7,34562.0,89221
2021-07-01 00:00:00+00:00,34571.2,34662.9,34488.0,34620.8,86619
2021-07-02 00:00:00+00:00,34616.4,34823.0,34601.2,34763.8,76310
2021-07-05 00:00:00+00:00,34776.9,34856.0,34698.5,34799.0,31329
2021-07-06 00:00:00+00:00,34797.5,34863.5,34354.6,34511.3,102509
2021-07-07 00:00:00+00:00,34514.3,34708.5,34434.9,34700.3,109961
2021-07-08 00:00:00+00:00,34695.2,34702.7,34115.0,34394.4,186800
2021-07-09 00:00:00+00:00,34400.9,34896.8,34255.1,34875.2,116030
2021-07-12 00:00:00+00:00,34876.2,35021.1,34661.5,35003.1,102476
2021-07-13 00:00:00+00:00,35009.6,35033.6,34866.6,34890.8,101732
2021-07-14 00:00:00+00:00,34893.8,35061.1,34783.1,34915.9,110194
2021-07-15 00:00:00+00:00,34914.9,35000.0,34710.2,34956.5,130777
2021-07-16 00:00:00+00:00,34956.1,35096.9,34645.8,34648.3,123600
2021-07-19 00:00:00+00:00,34679.6,34699.1,33740.7,34034.6,223789
2021-07-20 00:00:00+00:00,34045.6,34620.2,33962.8,34545.2,160428
2021-07-21 00:00:00+00:00,34542.2,34853.1,34478.8,34850.1,116938
2021-07-22 00:00:00+00:00,34841.9,34897.9,34666.6,34881.9,102432
2021-07-23 00:00:00+00:00,34884.9,35098.4,34851.4,35050.2,85627
2021-07-26 00:00:00+00:00,35044.1,35176.9,34761.1,35138.9,104803
2021-07-27 00:00:00+00:00,35143.9,35148.9,34874.8,34971.1,145518
2021-07-28 00:00:00+00:00,34954.6,35129.6,34872.4,34983.4,143596
2021-07-29 00:00:00+00:00,34985.9,35172.3,34882.5,35104.3,96614
2021-07-30 00:00:00+00:00,35086.8,35108.8,34868.1,34972.0,128442
2021-08-02 00:00:00+00:00,34985.5,35194.8,34808.5,34875.8,119883
2021-08-03 00:00:00+00:00,34879.8,35123.7,34715.3,35073.3,118223
2021-08-04 00:00:00+00:00,35076.6,35114.9,34788.9,34827.7,101241
2021-08-05 00:00:00+00:00,34830.4,35064.9,34779.0,35048.5,77909
2021-08-06 00:00:00+00:00,35046.5,35249.5,34999.6,35217.5,77432
2021-08-09 00:00:00+00:00,35205.9,35211.4,35044.2,35118.2,79063
2021-08-10 00:00:00+00:00,35120.8,35284.2,35029.4,35268.9,77315
2021-08-11 00:00:00+00:00,35267.9,35502.6,35215.0,35493.5,78313
2021-08-12 00:00:00+00:00,35472.7,35536.2,35350.0,35530.7,70820
2021-08-13 00:00:00+00:00,35526.2,35616.1,35475.8,35504.2,62755
2021-08-16 00:00:00+00:00,35459.3,35636.2,35231.9,35605.3,94858
2021-08-17 00:00:00+00:00,35601.8,35604.3,35118.7,35297.0,134785
2021-08-18 00:00:00+00:00,35268.0,35357.6,34865.0,34917.5,122995
2021-08-19 00:00:00+00:00,34923.4,35001.4,34560.6,34913.7,203161
2021-08-20 00:00:00+00:00,34906.0,35179.2,34630.1,35097.2,137311
2021-08-23 00:00:00+00:00,35091.2,35426.6,35075.2,35382.9,88249
2021-08-24 00:00:00+00:00,35375.5,35455.1,35345.2,35386.8,76980
2021-08-25 00:00:00+00:00,35381.3,35501.4,35281.0,35444.5,73738
2021-08-26 00:00:00+00:00,35456.5,35497.4,35204.5,35250.0,112700
2021-08-27 00:00:00+00:00,35238.7,35480.1,35169.3,35440.3,81113
2021-08-30 00:00:00+00:00,35469.8,35513.6,35377.1,35444.4,67433
2021-08-31 00:00:00+00:00,35413.2,35512.9,35287.6,35417.1,102807
2021-09-01 00:00:00+00:00,35412.3,35507.0,35286.0,35308.9,88168
2021-09-02 00:00:00+00:00,35307.9,35478.5,35237.8,35448.3,84247
2021-09-03 00:00:00+00:00,35445.3,35521.6,35267.9,35360.1,88510
2021-09-06 00:00:00+00:00,35368.2,35495.3,35283.7,35449.8,31369
2021-09-07 00:00:00+00:00,35454.8,35458.3,35057.8,35090.3,88976
2021-09-08 00:00:00+00:00,35089.4,35179.0,34901.6,35028.7,127323
2021-09-09 00:00:00+00:00,35023.9,35202.4,34788.1,34881.3,122825
2021-09-10 00:00:00+00:00,34863.7,35115.6,34601.7,34642.4,103167
2021-09-13 00:00:00+00:00,34655.9,34937.7,34607.5,34918.7,142945
2021-09-14 00:00:00+00:00,34907.2,35018.9,34508.4,34593.5,123839
2021-09-15 00:00:00+00:00,34602.6,34884.7,34498.2,34851.7,118209
2021-09-16 00:00:00+00:00,34855.2,34943.1,34535.2,34730.5,115452
2021-09-17 00:00:00+00:00,34738.0,34834.6,34511.7,34549.1,132226
2021-09-20 00:00:00+00:00,34523.9,34541.9,33611.8,33941.1,209174
2021-09-21 00:00:00+00:00,33934.6,34373.6,33855.9,33885.9,190469
2021-09-22 00:00:00+00:00,33889.9,34444.5,33768.0,34288.1,156535
2021-09-23 00:00:00+00:00,34282.6,34877.9,34278.1,34786.1,113496
2021-09-24 00:00:00+00:00,34773.1,34863.1,34589.0,34817.9,112967
2021-09-27 00:00:00+00:00,34822.8,35063.6,34782.4,34866.8,107106
2021-09-28 00:00:00+00:00,34863.3,34981.3,34252.3,34351.5,176133
2021-09-29 00:00:00+00:00,34365.0,34581.7,34300.1,34446.9,154250
2021-09-30 00:00:00+00:00,34457.9,34683.9,33824.2,33874.1,176502
2021-10-01 00:00:00+00:00,33889.6,34492.6,33520.6,34347.6,175453
2021-10-04 00:00:00+00:00,34371.3,34431.3,33818.1,34024.3,208783
2021-10-05 00:00:00+00:00,34023.7,34495.2,33818.9,34352.2,158968
2021-10-06 00:00:00+00:00,34334.7,34460.9,33852.9,34432.4,206026
2021-10-07 00:00:00+00:00,34429.4,34977.1,34429.4,34761.5,125402
2021-10-08 00:00:00+00:00,34762.0,34871.5,34652.0,34733.4,132662
2021-10-11 00:00:00+00:00,34752.1,34955.2,34445.8,34480.2,147866
2021-10-12 00:00:00+00:00,34480.7,34607.1,34246.9,34320.0,166672
2021-10-13 00:00:00+00:00,34311.6,34466.5,34111.1,34386.3,143992
2021-10-14 00:00:00+00:00,34383.3,34974.8,34379.8,34961.9,99079
2021-10-15 00:00:00+00:00,34952.9,35326.3,34917.9,35299.5,99953
2021-10-18 00:00:00+00:00,35335.2,35355.2,35034.8,35242.9,101310
2021-10-19 00:00:00+00:00,35246.4,35498.8,35199.0,35481.8,88364
2021-10-20 00:00:00+00:00,35487.8,35672.9,35406.0,35571.3,85037
2021-10-21 00:00:00+00:00,35568.1,35662.6,35436.7,35617.1,89272
2021-10-22 00:00:00+00:00,35596.9,35764.4,35530.8,35650.4,111590
2021-10-25 00:00:00+00:00,35613.0,35788.8,35572.1,35757.5,93040
2021-10-26 00:00:00+00:00,35759.0,35894.8,35734.7,35789.9,106046
2021-10-27 00:00:00+00:00,35752.4,35830.0,35497.2,35535.2,116995
2021-10-28 00:00:00+00:00,35536.2,35800.8,35501.5,35767.9,103539
2021-10-29 00:00:00+00:00,35758.4,35855.4,35605.1,35845.3,110729
2021-11-01 00:00:00+00:00,35916.0,36008.4,35798.3,35909.9,96080
2021-11-02 00:00:00+00:00,35913.4,36092.8,35814.6,36036.2,82967
2021-11-03 00:00:00+00:00,36044.2,36183.3,35889.9,36149.7,82906
2021-11-04 00:00:00+00:00,36146.9,36194.1,35985.7,36109.9,84266
2021-11-05 00:00:00+00:00,36112.0,36490.5,36068.6,36288.5,100538
2021-11-08 00:00:00+00:00,36247.2,36565.1,36242.7,36410.0,86757
2021-11-09 00:00:00+00:00,36403.7,36433.8,36172.3,36286.8,101687
2021-11-10 00:00:00+00:00,36279.4,36349.7,36009.1,36085.1,117905
2021-11-11 00:00:00+00:00,36078.6,36159.7,35917.7,35957.5,84678
2021-11-12 00:00:00+00:00,35959.9,36148.8,35933.0,36129.5,73014
2021-11-15 00:00:00+00:00,36149.3,36259.9,36032.8,36101.3,79329
2021-11-16 00:00:00+00:00,36103.4,36318.8,36026.6,36167.9,78640
2021-11-17 00:00:00+00:00,36147.0,36175.5,35892.3,35900.4,80362
2021-11-18 00:00:00+00:00,35882.1,36020.8,35655.5,35882.9,85306
2021-11-19 00:00:00+00:00,35889.4,36048.0,35547.9,35620.9,113155
2021-11-22 00:00:00+00:00,35659.9,35933.7,35586.1,35660.6,89698
2021-11-23 00:00:00+00:00,35670.1,35843.3,35423.5,35799.6,157062
2021-11-24 00:00:00+00:00,35809.1,35844.6,35583.7,35835.1,123760
2021-11-25 00:00:00+00:00,35829.2,35954.3,35811.0,35838.0,32177
2021-11-26 00:00:00+00:00,35861.5,35861.5,34690.5,34715.0,169245
2021-11-29 00:00:00+00:00,34955.5,35303.5,34896.4,35182.7,159065
2021-11-30 00:00:00+00:00,35182.9,35280.9,34427.5,34566.8,204353
2021-12-01 00:00:00+00:00,34554.2,35005.2,33952.6,34043.1,206307
2021-12-02 00:00:00+00:00,34074.1,34763.9,34043.1,34730.5,222300
2021-12-03 00:00:00+00:00,34723.4,34808.5,34264.1,34557.5,230991
2021-12-06 00:00:00+00:00,34604.5,35357.6,34597.0,35275.1,182734
2021-12-07 00:00:00+00:00,35266.6,35823.2,35211.1,35787.9,116843
2021-12-08 00:00:00+00:00,35785.4,35935.7,35599.2,35750.0,113447
2021-12-09 00:00:00+00:00,35745.1,35867.8,35572.8,35746.8,111917
2021-12-10 00:00:00+00:00,35755.8,35993.5,35710.9,35983.5,129214
2021-12-13 00:00:00+00:00,36005.2,36131.2,35607.2,35691.3,152282
2021-12-14 00:00:00+00:00,35690.2,35788.9,35437.2,35571.6,183444
2021-12-15 00:00:00+00:00,35568.1,35971.5,35383.6,35948.5,149966
2021-12-16 00:00:00+00:00,35949.0,36209.8,35777.0,35944.1,182766
2021-12-17 00:00:00+00:00,35947.1,35988.3,35279.1,35448.4,225531
2021-12-20 00:00:00+00:00,35387.7,35443.1,34666.4,35029.1,131135
2021-12-21 00:00:00+00:00,35024.1,35533.7,34978.7,35521.8,122810
2021-12-22 00:00:00+00:00,35525.8,35783.5,35405.8,35761.6,89202
2021-12-23 00:00:00+00:00,35772.1,36062.4,35747.1,35968.6,63588
2021-12-27 00:00:00+00:00,35975.4,36325.6,35878.4,36287.2,68882
2021-12-28 00:00:00+00:00,36287.7,36526.2,36235.4,36395.5,80107
2021-12-29 00:00:00+00:00,36402.5,36575.4,36367.2,36496.9,72051
2021-12-30 00:00:00+00:00,36510.9,36685.2,36374.3,36407.5,72318
2021-12-31 00:00:00+00:00,36420.0,36486.0,36242.8,36376.1,62349
2022-01-03 00:00:00+00:00,36429.9,36598.9,36241.5,36556.5,98823
2022-01-04 00:00:00+00:00,36564.6,36933.6,36535.1,36792.1,99696
2022-01-05 00:00:00+00:00,36775.0,36953.1,36404.6,36441.2,123779
2022-01-06 00:00:00+00:00,36428.4,36540.0,36198.8,36286.3,165897
2022-01-07 00:00:00+00:00,36290.1,36383.6,36109.2,36239.2,124870
2022-01-10 00:00:00+00:00,36265.3,36294.6,35641.5,36060.6,168032
2022-01-11 00:00:00+00:00,36070.6,36278.6,35767.3,36252.3,140195
2022-01-12 00:00:00+00:00,36256.0,36456.1,36167.1,36305.2,126081
2022-01-13 00:00:00+00:00,36303.7,36512.7,36044.9,36117.7,136676
2022-01-14 00:00:00+00:00,36133.6,36235.2,35640.4,35961.9,169760
2022-01-17 00:00:00+00:00,35987.9,36014.4,35830.6,35955.8,54496
2022-01-18 00:00:00+00:00,35957.5,35987.5,35261.4,35418.8,168765
2022-01-19 00:00:00+00:00,35419.0,35548.3,35001.5,35055.8,182416
2022-01-20 00:00:00+00:00,35052.1,35492.9,34525.1,34642.9,177837
2022-01-21 00:00:00+00:00,34667.4,34897.5,34220.0,34231.6,214158
2022-01-24 00:00:00+00:00,34313.5,34524.9,33145.3,34454.8,240830
2022-01-25 00:00:00+00:00,34411.3,34593.7,33542.7,34073.1,264211
2022-01-26 00:00:00+00:00,34080.6,34817.0,33864.2,34154.1,191768
2022-01-28 00:00:00+00:00,34365.1,34746.9,33736.4,34704.8,244547
2022-01-31 00:00:00+00:00,34714.2,35151.8,34440.3,35044.9,170902
2022-02-01 00:00:00+00:00,35062.9,35439.4,34962.0,35365.8,154567
2022-02-02 00:00:00+00:00,35361.8,35715.8,35291.4,35697.7,154949
2022-02-03 00:00:00+00:00,35673.7,35695.2,35071.9,35273.4,162343
2022-02-04 00:00:00+00:00,35245.1,35338.2,34793.9,35062.5,175396
2022-02-07 00:00:00+00:00,35135.1,35327.7,34934.5,35134.1,161233
2022-02-08 00:00:00+00:00,35127.6,35545.0,35053.5,35501.1,153058
2022-02-09 00:00:00+00:00,35516.6,35875.6,35493.0,35842.7,120211
2022-02-10 00:00:00+00:00,35840.9,35859.0,35099.6,35229.8,166485
2022-02-11 00:00:00+00:00,35230.8,35440.2,34619.5,34816.7,190746
2022-02-14 00:00:00+00:00,34769.8,34850.1,34304.7,34567.1,224147
2022-02-15 00:00:00+00:00,34563.8,35053.9,34436.6,34955.3,167552
2022-02-16 00:00:00+00:00,34962.0,35143.1,34646.3,34922.0,157470
2022-02-17 00:00:00+00:00,34916.0,34982.5,34246.7,34322.6,159319
2022-02-18 00:00:00+00:00,34316.1,34571.9,33974.3,34150.1,181076
2022-02-21 00:00:00+00:00,33995.8,34421.8,33745.8,33771.5,125892
2022-02-22 00:00:00+00:00,33661.4,34119.4,33361.2,33663.9,242502
2022-02-23 00:00:00+00:00,33657.9,33892.7,33088.0,33112.4,190925
2022-02-24 00:00:00+00:00,33114.5,33275.7,32231.8,33128.5,290813
2022-02-25 00:00:00+00:00,33107.5,34096.2,32831.0,34067.4,227101
2022-02-28 00:00:00+00:00,33530.8,33963.4,33377.1,33895.7,221671
2022-03-01 00:00:00+00:00,33867.1,34103.4,33107.8,33375.1,202992
2022-03-02 00:00:00+00:00,33377.1,34015.3,33159.2,33836.8,186617
2022-03-03 00:00:00+00:00,33838.8,34181.1,33639.5,33828.8,176898
2022-03-04 00:00:00+00:00,33832.2,33898.2,33250.0,33570.4,220601
2022-03-07 00:00:00+00:00,33393.0,33577.6,32722.2,32729.0,213406
2022-03-08 00:00:00+00:00,32755.3,33409.2,32341.5,32570.0,235337
2022-03-09 00:00:00+00:00,32551.7,33461.1,32548.2,33277.9,198981
2022-03-10 00:00:00+00:00,33274.9,33305.9,32817.9,33200.4,173756
2022-03-11 00:00:00+00:00,33190.9,33701.2,32912.8,32978.6,159633
2022-03-14 00:00:00+00:00,33023.3,33401.3,32817.9,32992.3,162683
2022-03-15 00:00:00+00:00,32992.5,33621.9,32682.7,33504.0,169265
2022-03-16 00:00:00+00:00,33520.9,34166.0,33386.5,34141.0,173493
2022-03-17 00:00:00+00:00,34132.0,34501.0,33867.8,34339.7,147055
2022-03-18 00:00:00+00:00,34352.3,34807.0,34210.9,34790.0,131067
2022-03-21 00:00:00+00:00,34776.5,34803.5,34339.7,34626.6,132511
2022-03-22 00:00:00+00:00,34605.3,34879.5,34438.9,34822.3,111866
2022-03-23 00:00:00+00:00,34813.5,34901.1,34326.1,34357.1,119757
2022-03-24 00:00:00+00:00,34360.8,34762.4,34323.6,34743.0,112611
2022-03-25 00:00:00+00:00,34718.7,34945.3,34629.0,34848.8,110981
2022-03-28 00:00:00+00:00,34849.1,34990.3,34549.1,34959.2,118014
2022-03-29 00:00:00+00:00,34954.1,35379.5,34930.7,35269.1,114861
2022-03-30 00:00:00+00:00,35264.3,35357.0,35058.2,35241.5,112867
2022-03-31 00:00:00+00:00,35224.0,35319.9,34691.6,34798.8,119293
2022-04-01 00:00:00+00:00,34789.7,34902.0,34535.0,34791.0,119905
2022-04-04 00:00:00+00:00,34806.0,34946.5,34612.5,34914.1,99546
2022-04-05 00:00:00+00:00,34902.7,35108.3,34563.0,34679.6,113264
2022-04-06 00:00:00+00:00,34678.4,34697.6,34275.4,34455.6,145391
2022-04-07 00:00:00+00:00,34450.0,34705.2,34182.0,34575.6,139177
2022-04-08 00:00:00+00:00,34584.2,34911.9,34465.3,34726.3,124614
2022-04-11 00:00:00+00:00,34744.7,34763.2,34274.5,34326.6,144850
2022-04-12 00:00:00+00:00,34323.6,34674.4,34099.0,34249.4,155303
2022-04-13 00:00:00+00:00,34261.9,34601.8,34141.3,34551.8,127081
2022-04-14 00:00:00+00:00,34551.4,34888.9,34435.7,34484.8,128648
2022-04-18 00:00:00+00:00,34441.0,34623.5,34273.5,34496.9,117099
2022-04-19 00:00:00+00:00,34489.4,34985.0,34325.2,34868.8,132058
2022-04-20 00:00:00+00:00,34862.8,35320.5,34819.0,35230.4,151557
2022-04-21 00:00:00+00:00,35214.7,35497.3,34723.8,34754.9,162892
2022-04-22 00:00:00+00:00,34758.6,34795.7,33686.0,33688.2,173889
2022-04-25 00:00:00+00:00,33742.5,34108.0,33318.8,34071.1,217045
2022-04-26 00:00:00+00:00,34064.5,34125.7,33173.1,33201.8,187576
2022-04-27 00:00:00+00:00,33232.8,33701.2,33108.3,33396.9,212683
2022-04-28 00:00:00+00:00,33378.6,34056.9,33245.1,33870.8,180841
2022-04-29 00:00:00+00:00,33820.3,33990.7,32911.1,33037.8,168727
2022-05-02 00:00:00+00:00,33057.5,33234.1,32448.3,33034.5,207946
2022-05-03 00:00:00+00:00,33050.2,33344.7,32897.0,33149.3,181603
2022-05-04 00:00:00+00:00,33145.2,34118.6,33019.3,33997.9,137420
2022-05-05 00:00:00+00:00,34015.3,34107.1,32681.5,33034.0,197314
2022-05-06 00:00:00+00:00,33024.5,33060.1,32471.6,32831.4,227437
2022-05-09 00:00:00+00:00,32749.1,32753.6,32120.1,32268.4,218789
2022-05-10 00:00:00+00:00,32307.5,32743.3,31888.4,32136.5,229566
2022-05-11 00:00:00+00:00,32152.0,32585.6,31800.3,31916.4,208387
2022-05-12 00:00:00+00:00,31892.8,31967.3,31226.5,31619.5,245419
2022-05-13 00:00:00+00:00,31645.6,32279.0,31643.6,32202.7,169851
2022-05-16 00:00:00+00:00,32206.9,32517.4,31931.8,32194.1,185944
2022-05-17 00:00:00+00:00,32194.6,32753.5,32194.6,32695.3,160076
2022-05-18 00:00:00+00:00,32680.9,32708.4,31359.0,31439.6,142855
2022-05-19 00:00:00+00:00,31442.5,31570.8,31005.0,31259.6,223162
2022-05-20 00:00:00+00:00,31264.7,31594.0,30635.5,31258.7,183194
2022-05-23 00:00:00+00:00,31400.6,31969.5,31351.5,31910.0,215362
2022-05-24 00:00:00+00:00,31837.6,32015.8,31359.6,31986.0,258221
2022-05-25 00:00:00+00:00,31991.5,32258.0,31729.8,32103.7,239214
2022-05-26 00:00:00+00:00,32131.2,32777.2,32041.8,32597.6,175072
2022-05-27 00:00:00+00:00,32567.1,33265.1,32527.6,33262.1,144443
2022-05-30 00:00:00+00:00,33264.4,33478.6,33215.4,33311.0,53150
2022-05-31 00:00:00+00:00,33295.5,33297.0,32754.5,33054.5,236503
2022-06-01 00:00:00+00:00,33082.0,33271.9,32583.5,32798.2,223298
2022-06-02 00:00:00+00:00,32812.3,33283.6,32512.5,33276.6,188477
2022-06-03 00:00:00+00:00,33261.1,33324.6,32836.2,32919.1,205118
2022-06-06 00:00:00+00:00,32961.3,33240.3,32816.8,32923.8,181307
2022-06-07 00:00:00+00:00,32931.4,33207.7,32616.3,33115.9,167096
2022-06-08 00:00:00+00:00,33124.2,33183.0,32821.5,32927.6,182830
2022-06-09 00:00:00+00:00,32914.0,33119.0,32263.8,32336.3,209230
2022-06-10 00:00:00+00:00,32353.4,32353.4,31380.5,31478.0,170989
2022-06-13 00:00:00+00:00,31262.3,31307.3,30375.7,30540.9,214376
2022-06-14 00:00:00+00:00,30563.6,30874.9,30141.2,30385.8,243636
2022-06-15 00:00:00+00:00,30395.4,31012.0,30178.5,30687.2,226909
2022-06-16 00:00:00+00:00,30710.3,30938.4,29739.8,29989.6,283955
2022-06-17 00:00:00+00:00,30018.5,30218.0,29649.6,29970.6,290286
2022-06-20 00:00:00+00:00,30003.9,30231.0,29760.5,30159.5,85002
2022-06-21 00:00:00+00:00,30158.0,30657.7,30126.5,30552.4,157262
2022-06-22 00:00:00+00:00,30537.6,30780.2,30019.0,30487.0,210660
2022-06-23 00:00:00+00:00,30486.1,30710.5,30260.5,30585.8,209390
2022-06-24 00:00:00+00:00,30586.3,31523.3,30559.8,31433.8,121599
2022-06-27 00:00:00+00:00,31518.0,31710.0,31347.0,31477.0,150719
2022-06-28 00:00:00+00:00,31483.5,31884.0,30922.5,30987.5,151831
2022-06-29 00:00:00+00:00,30979.0,31159.0,30879.0,31038.5,178702
2022-06-30 00:00:00+00:00,31031.5,31045.0,30418.5,30733.2,171363
2022-07-01 00:00:00+00:00,30741.2,31140.0,30450.8,31075.5,180186
2022-07-04 00:00:00+00:00,31066.5,31088.5,30832.5,30991.5,56622
2022-07-05 00:00:00+00:00,30983.5,31229.5,30352.0,30951.0,171534
2022-07-06 00:00:00+00:00,30983.5,31225.0,30762.0,31078.0,172587
2022-07-07 00:00:00+00:00,31072.5,31423.3,30916.5,31352.1,128472
2022-07-08 00:00:00+00:00,31331.8,31511.8,31208.3,31372.9,143070
2022-07-11 00:00:00+00:00,31311.5,31367.6,31071.1,31203.1,133844
2022-07-12 00:00:00+00:00,31210.7,31350.4,30858.1,30998.6,134948
2022-07-13 00:00:00+00:00,31015.2,31309.1,30508.0,30729.3,152273
2022-07-14 00:00:00+00:00,30727.4,30791.7,30129.5,30644.3,167514
2022-07-15 00:00:00+00:00,30656.8,31287.8,30526.2,31279.4,151633
2022-07-18 00:00:00+00:00,31343.0,31646.4,30979.9,31098.1,131818
2022-07-19 00:00:00+00:00,31085.2,31870.2,31056.7,31843.3,127518
2022-07-20 00:00:00+00:00,31841.4,32007.5,31645.7,31830.0,143121
2022-07-21 00:00:00+00:00,31820.1,32055.1,31526.6,32014.9,150584
2022-07-22 00:00:00+00:00,32009.0,32219.7,31731.0,31897.8,143508
2022-07-25 00:00:00+00:00,31875.1,32096.0,31805.4,31894.0,143643
2022-07-26 00:00:00+00:00,31863.2,31944.2,31696.7,31807.4,130206
2022-07-27 00:00:00+00:00,31792.1,32342.5,31791.1,32179.9,134977
2022-07-28 00:00:00+00:00,32192.9,32643.7,31979.0,32603.0,148448
2022-07-29 00:00:00+00:00,32606.5,32920.9,32490.1,32851.6,129873
2022-08-01 00:00:00+00:00,32824.2,32972.0,32636.0,32820.9,140378
2022-08-02 00:00:00+00:00,32809.1,32821.7,32388.9,32450.4,160038
2022-08-03 00:00:00+00:00,32453.0,32914.3,32383.7,32797.0,132651
2022-08-04 00:00:00+00:00,32793.2,32907.6,32643.8,32740.5,123346
2022-08-05 00:00:00+00:00,32746.5,32829.4,32472.7,32773.3,126313
2022-08-08 00:00:00+00:00,32789.0,33109.5,32717.3,32900.6,130822
2022-08-09 00:00:00+00:00,32882.9,32920.1,32698.4,32805.4,123960
2022-08-10 00:00:00+00:00,32801.1,33367.3,32718.9,33331.7,116354
2022-08-11 00:00:00+00:00,33324.7,33652.0,33287.4,33390.2,131115
2022-08-12 00:00:00+00:00,33390.8,33764.8,33327.6,33747.4,104834
2022-08-15 00:00:00+00:00,33743.3,33958.1,33516.6,33878.6,96395
2022-08-16 00:00:00+00:00,33880.1,34283.2,33822.6,34167.4,112622
2022-08-17 00:00:00+00:00,34143.2,34199.7,33826.9,34015.7,134430
2022-08-18 00:00:00+00:00,34006.3,34067.9,33840.7,34011.6,117857
2022-08-19 00:00:00+00:00,34003.9,34015.9,33626.9,33697.6,119648
2022-08-22 00:00:00+00:00,33622.8,33648.3,33008.9,33111.9,124803
2022-08-23 00:00:00+00:00,33107.6,33183.6,32855.7,32900.2,141227
2022-08-24 00:00:00+00:00,32897.8,33098.1,32763.0,32973.3,118927
2022-08-25 00:00:00+00:00,32971.0,33311.0,32887.8,33243.8,120788
2022-08-26 00:00:00+00:00,33263.9,33466.0,32220.2,32269.1,139675
2022-08-29 00:00:00+00:00,32084.4,32324.9,31955.5,32147.9,165813
2022-08-30 00:00:00+00:00,32139.9,32370.6,31643.7,31818.8,164071
2022-08-31 00:00:00+00:00,31761.5,31990.9,31494.5,31557.8,172568
2022-09-01 00:00:00+00:00,31553.9,31676.4,31220.4,31664.2,178155
2022-09-02 00:00:00+00:00,31649.7,32030.7,31181.8,31366.7,167225
2022-09-05 00:00:00+00:00,31357.6,31469.7,31282.1,31431.0,72381
2022-09-06 00:00:00+00:00,31437.0,31594.5,31043.0,31159.5,181018
2022-09-07 00:00:00+00:00,31150.5,31645.8,30978.0,31576.4,153659
2022-09-08 00:00:00+00:00,31574.3,31813.0,31301.8,31807.0,163060
2022-09-09 00:00:00+00:00,31800.7,32227.7,31763.3,32144.2,106877
2022-09-12 00:00:00+00:00,32245.4,32501.0,32140.4,32422.1,101268
2022-09-13 00:00:00+00:00,32428.8,32660.5,31019.9,31153.7,126188
2022-09-14 00:00:00+00:00,31154.8,31280.0,30880.5,31190.5,172401
2022-09-15 00:00:00+00:00,31179.6,31274.0,30877.2,30928.9,154993
2022-09-16 00:00:00+00:00,30886.9,30886.9,30543.3,30848.6,144520
2022-09-19 00:00:00+00:00,30851.7,31080.8,30488.0,31050.3,146252
2022-09-20 00:00:00+00:00,31053.8,31152.3,30466.4,30749.9,154323
2022-09-21 00:00:00+00:00,30740.9,31025.0,30114.0,30152.0,151086
2022-09-22 00:00:00+00:00,30139.5,30410.4,29960.0,30108.3,186978
2022-09-23 00:00:00+00:00,30122.3,30166.8,29243.0,29615.8,181228
2022-09-26 00:00:00+00:00,29553.1,29675.7,29161.5,29273.0,208333
2022-09-27 00:00:00+00:00,29276.0,29662.5,28953.0,29182.0,193599
2022-09-28 00:00:00+00:00,29197.0,29818.5,28823.0,29675.5,206298
2022-09-29 00:00:00+00:00,29694.0,29721.0,28995.7,29250.2,196412
2022-09-30 00:00:00+00:00,29218.6,29495.2,28714.5,28796.5,206408
2022-10-03 00:00:00+00:00,28728.0,29648.7,28588.0,29507.0,180978
2022-10-04 00:00:00+00:00,29522.4,30348.8,29448.1,30296.1,171526
2022-10-05 00:00:00+00:00,30281.8,30457.9,29877.1,30283.8,163338
2022-10-06 00:00:00+00:00,30272.1,30427.6,29856.5,29923.0,177130
2022-10-07 00:00:00+00:00,29890.8,30057.5,29141.6,29277.3,164538
2022-10-10 00:00:00+00:00,29214.8,29493.5,29012.0,29229.0,174999
2022-10-11 00:00:00+00:00,29219.5,29615.2,28903.5,29279.8,211733
2022-10-12 00:00:00+00:00,29277.4,29485.5,29138.4,29261.2,201542
2022-10-13 00:00:00+00:00,29274.8,30170.0,28627.0,30047.0,196929
2022-10-14 00:00:00+00:00,30042.5,30435.0,29614.2,29656.7,223368
2022-10-17 00:00:00+00:00,29662.2,30325.5,29656.3,30270.7,187019
2022-10-18 00:00:00+00:00,30297.7,30840.4,30297.7,30670.2,211468
2022-10-19 00:00:00+00:00,30673.8,30782.1,30226.2,30515.8,216652
2022-10-20 00:00:00+00:00,30483.5,30827.5,30260.5,30382.0,213917
2022-10-21 00:00:00+00:00,30374.5,31144.5,30068.5,31143.0,190841
2022-10-24 00:00:00+00:00,31210.0,31601.5,30884.5,31481.7,226107
2022-10-25 00:00:00+00:00,31472.9,31884.0,31311.0,31846.2,186599
2022-10-26 00:00:00+00:00,31780.8,32175.7,31713.9,31956.7,194009
2022-10-27 00:00:00+00:00,31916.1,32386.4,31842.3,32007.3,213021
2022-10-28 00:00:00+00:00,32019.4,32949.0,31855.3,32943.1,180010
2022-10-31 00:00:00+00:00,32861.0,32885.3,32588.0,32742.5,166844
2022-11-01 00:00:00+00:00,32748.0,32999.0,32480.3,32624.4,173797
2022-11-02 00:00:00+00:00,32651.5,33078.1,32101.4,32167.1,166068
2022-11-03 00:00:00+00:00,32108.8,32253.5,31716.5,31997.0,180739
2022-11-04 00:00:00+00:00,31946.0,32612.5,31854.0,32397.5,207354
2022-11-07 00:00:00+00:00,32177.0,32895.3,32164.5,32807.9,174754
2022-11-08 00:00:00+00:00,32814.1,33357.0,32757.5,33132.1,164065
2022-11-09 00:00:00+00:00,33106.6,33200.8,32478.5,32530.5,194241
2022-11-10 00:00:00+00:00,32526.7,33789.4,32509.8,33784.5,179254
2022-11-11 00:00:00+00:00,33787.6,33972.4,33394.5,33754.4,181869
2022-11-14 00:00:00+00:00,33656.2,33966.0,33535.0,33613.3,142973
2022-11-15 00:00:00+00:00,33609.5,34014.5,33317.1,33568.4,187627
2022-11-16 00:00:00+00:00,33537.9,33707.8,33447.8,33607.0,168789
2022-11-17 00:00:00+00:00,33633.8,33690.9,33150.3,33552.4,155433
2022-11-18 00:00:00+00:00,33555.1,33824.0,33440.4,33753.9,148475
2022-11-21 00:00:00+00:00,33781.7,33867.0,33555.0,33701.3,135897
2022-11-22 00:00:00+00:00,33696.0,34114.9,33630.7,34113.6,117755
2022-11-23 00:00:00+00:00,34105.3,34262.9,34004.2,34248.5,118986
2022-11-24 00:00:00+00:00,34238.0,34291.0,34213.5,34257.0,39626
2022-11-25 00:00:00+00:00,34253.5,34383.5,34194.0,34370.0,64264
2022-11-28 00:00:00+00:00,34277.0,34310.0,33798.2,33853.5,117749
2022-11-29 00:00:00+00:00,33865.1,33971.3,33659.5,33862.9,127992
2022-11-30 00:00:00+00:00,33814.2,34608.3,33579.3,34576.9,146167
2022-12-01 00:00:00+00:00,34590.0,34666.5,34121.0,34375.5,150677
2022-12-02 00:00:00+00:00,34377.0,34484.3,33894.8,34371.6,134654
2022-12-05 00:00:00+00:00,34393.8,34427.8,33847.8,33971.7,128115
2022-12-06 00:00:00+00:00,33970.9,34050.9,33419.8,33606.1,143132
2022-12-07 00:00:00+00:00,33608.8,33778.1,33435.8,33591.5,150344
2022-12-08 00:00:00+00:00,33585.8,33895.0,33448.9,33773.0,142824
2022-12-09 00:00:00+00:00,33772.2,33932.0,33460.7,33467.2,128594
2022-12-12 00:00:00+00:00,33490.6,34000.4,33408.7,33959.0,104885
2022-12-13 00:00:00+00:00,33968.4,34942.9,33882.9,34112.1,169744
2022-12-14 00:00:00+00:00,34110.3,34397.3,33693.4,34034.1,135358
2022-12-15 00:00:00+00:00,34020.5,34074.7,33010.8,33170.5,154616
2022-12-16 00:00:00+00:00,33152.5,33263.5,32650.1,32858.5,152014
2022-12-19 00:00:00+00:00,32891.0,33060.5,32578.0,32732.0,135671
2022-12-20 00:00:00+00:00,32748.0,32994.1,32478.9,32914.3,173565
2022-12-21 00:00:00+00:00,32943.2,33439.3,32939.6,33425.4,132815
2022-12-22 00:00:00+00:00,33439.6,33465.1,32575.1,33017.6,149159
2022-12-23 00:00:00+00:00,33024.7,33232.7,32812.9,33185.7,150445
2022-12-27 00:00:00+00:00,33221.2,33433.7,33063.2,33254.5,121678
2022-12-28 00:00:00+00:00,33265.1,33392.6,32858.3,32899.5,132256
2022-12-29 00:00:00+00:00,32905.7,33295.0,32836.3,33199.7,106916
2022-12-30 00:00:00+00:00,33195.5,33212.7,32839.0,33164.5,112815
2023-01-03 00:00:00+00:00,33341.5,33493.0,32842.4,33114.2,173447
2023-01-04 00:00:00+00:00,33104.9,33416.0,33028.1,33242.3,147204
2023-01-05 00:00:00+00:00,33229.9,33312.6,32807.9,32949.1,141517
2023-01-06 00:00:00+00:00,32947.7,33714.7,32899.1,33628.4,132174
2023-01-09 00:00:00+00:00,33683.0,33935.6,33487.1,33521.3,126530
2023-01-10 00:00:00+00:00,33524.0,33728.9,33346.5,33708.0,133953
2023-01-11 00:00:00+00:00,33711.1,33983.8,33688.0,33983.8,103499
2023-01-12 00:00:00+00:00,33983.5,34295.3,33722.9,34183.7,141052
2023-01-13 00:00:00+00:00,34190.9,34348.0,33887.7,34299.5,123007
2023-01-16 00:00:00+00:00,34336.9,34377.0,34191.0,34265.5,32895
2023-01-17 00:00:00+00:00,34271.0,34314.0,33861.2,33894.6,118519
2023-01-18 00:00:00+00:00,33892.4,34018.7,33271.6,33277.3,132981
2023-01-19 00:00:00+00:00,33266.6,33282.6,32962.5,33061.0,137422
2023-01-20 00:00:00+00:00,33088.5,33385.2,32938.6,33362.7,111934
2023-01-23 00:00:00+00:00,33377.6,33791.0,33311.5,33646.0,118620
2023-01-24 00:00:00+00:00,33640.5,33812.6,33381.0,33754.3,118762
2023-01-25 00:00:00+00:00,33757.0,33781.2,33268.4,33711.8,129830
2023-01-26 00:00:00+00:00,33730.4,33970.1,33631.9,33930.1,126571
2023-01-27 00:00:00+00:00,33923.3,34167.0,33831.1,33971.6,102880
2023-01-30 00:00:00+00:00,33944.3,34056.0,33695.0,33740.7,123278
2023-01-31 00:00:00+00:00,33744.3,34096.2,33517.1,34063.0,110653
2023-02-01 00:00:00+00:00,34075.6,34341.8,33569.8,34052.5,122287
2023-02-02 00:00:00+00:00,34061.2,34151.0,33807.5,33979.7,147987
2023-02-03 00:00:00+00:00,34000.3,34182.5,33784.0,33911.5,164542
2023-02-06 00:00:00+00:00,33856.0,33966.1,33640.5,33873.5,140030
2023-02-07 00:00:00+00:00,33878.1,34246.9,33629.7,34106.4,152058
2023-02-08 00:00:00+00:00,34110.1,34182.0,33896.7,34016.1,146176
2023-02-09 00:00:00+00:00,33995.0,34250.5,33604.9,33729.8,148624
2023-02-10 00:00:00+00:00,33734.0,33899.0,33520.1,33877.0,156365
2023-02-13 00:00:00+00:00,33865.0,34267.8,33735.5,34248.6,107477
2023-02-14 00:00:00+00:00,34238.7,34515.1,33823.5,34063.5,166915
2023-02-15 00:00:00+00:00,34044.1,34144.4,33829.3,34123.1,133575
2023-02-16 00:00:00+00:00,34112.9,34175.7,33674.4,33692.4,141786
2023-02-17 00:00:00+00:00,33682.1,33847.2,33472.3,33827.8,145659
2023-02-20 00:00:00+00:00,33814.8,33834.8,33695.8,33738.3,27979
2023-02-21 00:00:00+00:00,33738.3,33748.8,33112.7,33157.3,126959
2023-02-22 00:00:00+00:00,33155.0,33246.9,32948.6,33077.1,142325
2023-02-23 00:00:00+00:00,33063.5,33265.0,32795.9,33123.5,130598
2023-02-24 00:00:00+00:00,33125.5,33176.5,32632.5,32793.5,136866
2023-02-27 00:00:00+00:00,32792.5,33193.0,32779.0,32921.8,121425
2023-02-28 00:00:00+00:00,32907.5,32995.4,32590.5,32636.1,124975
2023-03-01 00:00:00+00:00,32608.3,32831.2,32497.9,32824.7,140733
2023-03-02 00:00:00+00:00,32812.9,33086.9,32608.2,32989.6,142713
2023-03-03 00:00:00+00:00,32985.5,33413.0,32934.3,33405.0,110963
2023-03-06 00:00:00+00:00,33352.5,33578.0,33339.0,33447.7,113686
2023-03-07 00:00:00+00:00,33443.0,33502.0,32837.2,32871.4,134581
2023-03-08 00:00:00+00:00,32847.8,32924.5,32612.0,32821.8,134407
2023-03-09 00:00:00+00:00,32810.9,32987.5,32184.5,32259.3,146480
2023-03-10 00:00:00+00:00,32248.1,32424.2,31780.9,31922.2,213822
2023-03-13 00:00:00+00:00,32106.0,32355.0,31520.0,31895.7,242902
2023-03-14 00:00:00+00:00,31931.0,32302.8,31797.5,32146.1,201376
2023-03-15 00:00:00+00:00,32105.2,32198.4,31427.3,31856.1,235406
2023-03-16 00:00:00+00:00,31871.1,32281.9,31563.5,32268.0,202647
2023-03-17 00:00:00+00:00,32237.4,32342.5,31727.3,31856.6,198543
2023-03-20 00:00:00+00:00,31997.6,32286.4,31437.0,32254.3,207852
2023-03-21 00:00:00+00:00,32252.8,32607.8,32221.0,32569.4,133279
2023-03-22 00:00:00+00:00,32551.0,32769.5,32015.3,32085.2,137297
2023-03-23 00:00:00+00:00,32104.4,32517.7,31856.6,32179.6,185387
2023-03-24 00:00:00+00:00,32137.0,32270.5,31738.5,32268.0,193291
2023-03-27 00:00:00+00:00,32291.0,32570.8,32222.0,32481.5,134518
2023-03-28 00:00:00+00:00,32467.8,32578.7,32291.9,32416.7,113358
2023-03-29 00:00:00+00:00,32427.7,32729.4,32419.9,32708.2,99156
2023-03-30 00:00:00+00:00,32703.4,32929.1,32672.4,32868.5,101021
2023-03-31 00:00:00+00:00,32850.9,33296.0,32820.3,33295.5,93928
2023-04-03 00:00:00+00:00,33273.0,33636.7,33255.5,33589.3,99959
2023-04-04 00:00:00+00:00,33583.1,33690.3,33275.6,33447.0,115990
2023-04-05 00:00:00+00:00,33440.6,33548.0,33316.6,33472.8,108224
2023-04-06 00:00:00+00:00,33461.8,33545.2,33317.3,33466.4,96040
2023-04-07 00:00:00+00:00,33462.2,33599.5,33405.0,33550.5,11791
2023-04-10 00:00:00+00:00,33528.5,33610.6,33333.5,33599.5,78573
2023-04-11 00:00:00+00:00,33597.7,33782.0,33558.4,33706.1,86997
2023-04-12 00:00:00+00:00,33696.3,33953.4,33593.2,33618.7,122707
2023-04-13 00:00:00+00:00,33620.8,34055.5,33582.4,34013.7,96855
2023-04-14 00:00:00+00:00,33969.8,34108.5,33726.2,33917.0,121009
2023-04-17 00:00:00+00:00,33947.0,34000.8,33796.9,33977.7,99231
2023-04-18 00:00:00+00:00,33977.9,34135.0,33784.3,33966.3,97558
2023-04-19 00:00:00+00:00,33945.7,33967.1,33801.9,33880.5,86236
2023-04-20 00:00:00+00:00,33873.0,33888.3,33666.5,33775.7,100047
2023-04-21 00:00:00+00:00,33765.1,33861.8,33685.0,33794.5,103949
2023-04-24 00:00:00+00:00,33772.5,33893.7,33638.0,33871.3,85176
2023-04-25 00:00:00+00:00,33878.4,33882.4,33525.0,33604.4,113371
2023-04-26 00:00:00+00:00,33604.1,33647.0,33234.0,33330.0,124521
2023-04-27 00:00:00+00:00,33325.2,33861.3,33309.9,33797.5,98377
2023-04-28 00:00:00+00:00,33766.0,34134.7,33648.0,34103.7,117630
2023-05-01 00:00:00+00:00,34098.7,34262.7,34008.9,34015.9,86534
2023-05-02 00:00:00+00:00,34012.2,34091.2,33434.1,33666.6,122321
2023-05-03 00:00:00+00:00,33672.4,33828.7,33324.2,33333.8,132997
2023-05-04 00:00:00+00:00,33313.6,33478.5,32937.7,33112.1,155270
2023-05-05 00:00:00+00:00,33148.6,33748.8,33106.4,33666.5,103839
2023-05-08 00:00:00+00:00,33682.5,33776.5,33506.6,33617.9,87799
2023-05-09 00:00:00+00:00,33603.7,33653.6,33467.9,33573.6,84761
2023-05-10 00:00:00+00:00,33567.9,33786.3,33235.6,33513.9,126113
2023-05-11 00:00:00+00:00,33506.9,33608.2,33116.9,33317.3,116062
2023-05-12 00:00:00+00:00,33311.9,33485.3,33107.8,33256.7,103604
2023-05-15 00:00:00+00:00,33256.2,33451.7,33163.0,33333.5,90623
2023-05-16 00:00:00+00:00,33330.2,33345.2,32988.7,33047.7,101223
2023-05-17 00:00:00+00:00,33026.4,33476.8,33000.7,33399.8,97707
2023-05-18 00:00:00+00:00,33386.5,33578.6,33210.5,33551.9,113814
2023-05-19 00:00:00+00:00,33556.1,33661.5,33327.4,33379.5,117308
2023-05-22 00:00:00+00:00,33341.5,33511.0,33197.0,33314.0,99641
2023-05-23 00:00:00+00:00,33314.8,33407.6,33009.8,33083.2,116143
2023-05-24 00:00:00+00:00,33081.0,33125.0,32753.3,32815.5,128193
2023-05-25 00:00:00+00:00,32801.8,32876.0,32584.2,32763.3,130363
2023-05-26 00:00:00+00:00,32757.6,33165.9,32689.0,33119.0,106904
2023-05-29 00:00:00+00:00,33243.0,33261.5,33122.8,33136.8,25198
2023-05-30 00:00:00+00:00,33151.0,33193.0,32888.5,33031.8,117457
2023-05-31 00:00:00+00:00,33004.3,33010.2,32735.9,32876.0,114426
2023-06-01 00:00:00+00:00,32847.4,33172.9,32683.7,33101.8,109402
2023-06-02 00:00:00+00:00,33089.8,33808.0,33066.8,33751.5,107019
2023-06-05 00:00:00+00:00,33776.7,33846.2,33552.3,33564.4,113594
2023-06-06 00:00:00+00:00,33561.2,33634.4,33403.9,33572.9,103046
2023-06-07 00:00:00+00:00,33573.7,33709.4,33501.7,33670.9,108738
2023-06-08 00:00:00+00:00,33667.1,33878.0,33597.3,33815.8,91178
2023-06-09 00:00:00+00:00,33807.5,33977.1,33715.5,33893.0,106183
2023-06-12 00:00:00+00:00,33870.0,34079.0,33870.0,34069.1,90394
2023-06-13 00:00:00+00:00,34062.5,34313.1,34009.5,34222.3,110436
2023-06-14 00:00:00+00:00,34140.4,34202.0,33779.2,33995.4,104837
2023-06-15 00:00:00+00:00,33975.3,34491.8,33855.3,34385.3,113113
2023-06-16 00:00:00+00:00,34393.4,34572.2,34283.3,34335.0,113222
2023-06-19 00:00:00+00:00,34318.5,34326.0,34170.8,34225.8,31161
2023-06-20 00:00:00+00:00,34232.0,34248.5,33911.8,34037.0,97660
2023-06-21 00:00:00+00:00,34042.7,34103.3,33873.1,33963.0,97321
2023-06-22 00:00:00+00:00,33963.7,34008.2,33826.7,33971.0,97607
2023-06-23 00:00:00+00:00,33990.0,33990.0,33631.2,33712.2,97261
2023-06-26 00:00:00+00:00,33726.5,33821.9,33606.8,33748.8,103105
2023-06-27 00:00:00+00:00,33750.5,33977.5,33656.6,33917.9,91983
2023-06-28 00:00:00+00:00,33919.6,33969.6,33754.7,33895.3,98437
2023-06-29 00:00:00+00:00,33899.0,34153.3,33811.4,34101.6,98387
2023-06-30 00:00:00+00:00,34099.8,34472.2,34084.3,34379.0,78428
2023-07-03 00:00:00+00:00,34405.5,34469.3,34290.0,34432.3,51722
2023-07-04 00:00:00+00:00,34417.0,34433.5,34365.8,34378.3,19932
2023-07-05 00:00:00+00:00,34372.5,34412.5,34220.8,34274.1,73608
2023-07-06 00:00:00+00:00,34270.9,34272.4,33771.3,33914.5,84264
2023-07-07 00:00:00+00:00,33899.1,34036.2,33710.3,33765.0,85710
2023-07-10 00:00:00+00:00,33738.5,33967.3,33606.8,33943.5,86564
2023-07-11 00:00:00+00:00,33947.1,34290.7,33860.0,34242.4,84775
2023-07-12 00:00:00+00:00,34238.1,34585.7,34209.4,34360.9,89246
2023-07-13 00:00:00+00:00,34367.5,34479.1,34352.5,34362.0,68061
2023-07-14 00:00:00+00:00,34357.3,34597.4,34307.2,34487.0,86367
2023-07-17 00:00:00+00:00,34492.9,34669.5,34408.8,34562.7,67151
2023-07-18 00:00:00+00:00,34568.8,34993.4,34517.5,34943.5,77469
2023-07-19 00:00:00+00:00,34928.3,35236.6,34923.4,35050.0,92576
2023-07-20 00:00:00+00:00,35045.5,35374.1,35005.1,35236.0,83365
2023-07-21 00:00:00+00:00,35241.7,35343.8,35184.1,35204.0,77463
2023-07-24 00:00:00+00:00,35220.5,35467.6,35182.5,35418.2,72469
2023-07-25 00:00:00+00:00,35414.4,35530.3,35363.0,35417.2,71718
2023-07-26 00:00:00+00:00,35413.4,35641.1,35314.3,35479.3,92266
2023-07-27 00:00:00+00:00,35474.1,35688.8,35215.7,35315.4,106310
2023-07-28 00:00:00+00:00,35305.7,35565.7,35243.3,35457.0,95132
2023-07-31 00:00:00+00:00,35471.0,35579.8,35379.5,35579.1,81338
2023-08-01 00:00:00+00:00,35573.9,35683.5,35443.3,35621.0,77838
2023-08-02 00:00:00+00:00,35534.5,35605.4,35223.5,35295.0,110284
2023-08-03 00:00:00+00:00,35280.4,35382.0,35117.0,35231.5,116474
2023-08-04 00:00:00+00:00,35208.6,35507.9,35030.3,35078.0,115253
2023-08-07 00:00:00+00:00,35092.5,35501.0,35091.0,35484.1,93409
2023-08-08 00:00:00+00:00,35484.9,35488.4,35005.3,35308.9,104216
2023-08-09 00:00:00+00:00,35297.2,35411.5,35056.7,35192.7,103568
2023-08-10 00:00:00+00:00,35188.4,35577.8,35110.5,35193.3,149177
2023-08-11 00:00:00+00:00,35188.4,35361.3,35045.3,35303.5,116918
2023-08-14 00:00:00+00:00,35323.5,35396.8,35165.8,35300.7,113409
2023-08-15 00:00:00+00:00,35287.5,35349.6,34905.9,34957.0,122562
2023-08-16 00:00:00+00:00,34950.8,35137.4,34752.1,34794.1,126996
2023-08-17 00:00:00+00:00,34773.4,34891.0,34439.5,34466.5,122430
2023-08-18 00:00:00+00:00,34454.1,34591.0,34263.7,34493.0,133914
2023-08-21 00:00:00+00:00,34499.0,34648.3,34247.8,34444.1,114772
2023-08-22 00:00:00+00:00,34445.9,34594.8,34254.3,34297.8,107991
2023-08-23 00:00:00+00:00,34291.5,34538.7,34290.2,34527.6,93472
2023-08-24 00:00:00+00:00,34503.0,34695.2,34067.1,34111.7,132189
2023-08-25 00:00:00+00:00,34108.1,34445.5,34025.1,34350.0,135681
2023-08-28 00:00:00+00:00,34392.5,34662.8,34374.5,34584.2,159940
2023-08-29 00:00:00+00:00,34579.9,34880.9,34496.8,34874.1,134835
2023-08-30 00:00:00+00:00,34831.9,35029.5,34788.1,34968.2,158485
2023-08-31 00:00:00+00:00,34965.4,35100.3,34721.0,34755.9,149674
2023-09-01 00:00:00+00:00,34751.4,34973.9,34718.8,34830.0,148908
2023-09-04 00:00:00+00:00,34840.5,34933.3,34754.3,34792.3,26222
2023-09-05 00:00:00+00:00,34795.5,34887.8,34633.5,34655.5,88875
2023-09-06 00:00:00+00:00,34648.3,34672.1,34289.4,34439.4,99800
2023-09-07 00:00:00+00:00,34433.1,34563.0,34332.7,34524.6,100014
2023-09-08 00:00:00+00:00,34510.9,34629.1,34413.0,34599.5,94490
2023-09-11 00:00:00+00:00,34584.0,34789.3,34557.5,34659.4,79549
2023-09-12 00:00:00+00:00,34656.8,34857.8,34538.6,34651.5,88338
2023-09-13 00:00:00+00:00,34644.9,34777.5,34507.9,34597.6,105756
2023-09-14 00:00:00+00:00,34588.1,34983.0,34568.4,34948.1,97710
2023-09-15 00:00:00+00:00,34942.4,35015.9,34572.5,34632.5,103454
2023-09-18 00:00:00+00:00,34646.9,34725.8,34540.9,34634.9,83897
2023-09-19 00:00:00+00:00,34640.5,34685.8,34311.9,34517.9,87748
2023-09-20 00:00:00+00:00,34520.6,34779.3,34429.9,34439.0,100145
2023-09-21 00:00:00+00:00,34445.1,34457.0,34033.2,34055.6,118977
2023-09-22 00:00:00+00:00,34065.7,34157.5,33946.3,33997.0,114429
2023-09-25 00:00:00+00:00,34003.0,34101.8,33781.2,34033.5,114451
2023-09-26 00:00:00+00:00,34033.8,34033.8,33569.1,33665.5,112356
2023-09-27 00:00:00+00:00,33672.1,33768.0,33305.5,33600.0,125829
2023-09-28 00:00:00+00:00,33610.6,33781.0,33466.5,33709.8,145347
2023-09-29 00:00:00+00:00,33714.9,33905.3,33404.8,33536.0,149769
2023-10-02 00:00:00+00:00,33670.5,33727.8,33221.1,33427.2,157263
2023-10-03 00:00:00+00:00,33422.4,33492.2,32914.2,32978.2,147631
2023-10-04 00:00:00+00:00,32982.4,33158.3,32821.1,33074.5,165222
2023-10-05 00:00:00+00:00,33065.4,33179.1,32940.3,33102.8,143283
2023-10-06 00:00:00+00:00,33102.1,33562.0,32844.6,33436.5,144047
2023-10-09 00:00:00+00:00,33221.5,33639.0,33109.8,33594.6,121454
2023-10-10 00:00:00+00:00,33596.8,33898.2,33579.8,33735.6,123263
2023-10-11 00:00:00+00:00,33732.9,33887.0,33610.9,33860.0,111778
2023-10-12 00:00:00+00:00,33855.8,33972.7,33454.3,33632.3,123639
2023-10-13 00:00:00+00:00,33628.0,33963.3,33550.1,33641.5,156368
2023-10-16 00:00:00+00:00,33697.5,34093.1,33670.5,34007.7,137749
2023-10-17 00:00:00+00:00,34014.3,34147.2,33812.4,33987.3,143817
2023-10-18 00:00:00+00:00,33980.6,34000.2,33598.8,33683.8,253204
2023-10-19 00:00:00+00:00,33680.8,33852.8,33363.5,33401.8,322329
2023-10-20 00:00:00+00:00,33384.6,33424.1,33089.5,33115.5,276734
2023-10-23 00:00:00+00:00,33179.0,33237.9,32886.3,32996.3,276514
2023-10-24 00:00:00+00:00,33003.0,33295.7,32929.4,33229.9,259971
2023-10-25 00:00:00+00:00,33206.4,33273.9,32986.5,33067.7,284657
2023-10-26 00:00:00+00:00,33061.5,33105.7,32739.8,32823.6,306407
2023-10-27 00:00:00+00:00,32831.8,32913.4,32325.7,32401.9,290130
2023-10-30 00:00:00+00:00,32469.7,33007.4,32436.4,32937.7,223590
2023-10-31 00:00:00+00:00,32935.9,33143.4,32788.2,33006.6,237382
2023-11-01 00:00:00+00:00,33007.3,33337.6,32909.9,33276.7,224059
2023-11-02 00:00:00+00:00,33277.9,33864.9,33263.7,33843.6,169179
2023-11-03 00:00:00+00:00,33835.4,34167.6,33818.5,34091.0,162100
2023-11-06 00:00:00+00:00,34117.0,34165.3,33990.0,34072.4,143630
2023-11-07 00:00:00+00:00,34073.1,34211.0,33975.3,34173.9,141566
2023-11-08 00:00:00+00:00,34173.2,34257.7,33996.0,34110.4,161438
2023-11-09 00:00:00+00:00,34088.1,34221.3,33859.8,33926.6,198912
2023-11-10 00:00:00+00:00,33921.8,34321.5,33858.1,34282.5,172597
2023-11-13 00:00:00+00:00,34254.5,34411.4,34152.0,34347.4,133194
2023-11-14 00:00:00+00:00,34343.7,34931.4,34289.5,34856.9,144195
2023-11-15 00:00:00+00:00,34860.2,35053.8,34841.9,34972.5,164115
2023-11-16 00:00:00+00:00,34944.3,35020.8,34811.6,34990.3,123251
2023-11-17 00:00:00+00:00,34989.0,35102.0,34881.7,34939.5,136689
2023-11-20 00:00:00+00:00,34930.5,35228.0,34892.3,35160.2,119810
2023-11-21 00:00:00+00:00,35149.5,35184.7,35038.7,35094.4,123346
2023-11-22 00:00:00+00:00,35088.7,35318.7,35065.8,35281.6,136411
2023-11-23 00:00:00+00:00,35267.3,35346.8,35242.8,35306.8,37490
2023-11-24 00:00:00+00:00,35319.0,35401.8,35286.8,35395.8,68696
2023-11-27 00:00:00+00:00,35374.0,35419.3,35280.7,35357.2,78278
2023-11-28 00:00:00+00:00,35352.4,35519.3,35292.5,35422.4,115581
2023-11-29 00:00:00+00:00,35389.2,35581.4,35389.2,35530.5,135980
2023-11-30 00:00:00+00:00,35514.3,35973.4,35496.5,35936.6,154780
2023-12-01 00:00:00+00:00,35920.5,36266.5,35899.8,36257.0,143510
2023-12-04 00:00:00+00:00,36252.0,36254.0,36028.3,36183.5,128770
2023-12-05 00:00:00+00:00,36181.3,36189.1,36007.8,36119.9,148133
2023-12-06 00:00:00+00:00,36117.8,36298.5,36022.8,36067.8,133965
2023-12-07 00:00:00+00:00,36052.8,36164.2,35978.8,36099.1,133716
2023-12-08 00:00:00+00:00,36100.4,36296.3,35962.4,36242.5,128221
2023-12-11 00:00:00+00:00,36255.0,36423.2,36205.8,36415.8,123506
2023-12-12 00:00:00+00:00,36418.1,36614.8,36366.7,36592.7,102032
2023-12-13 00:00:00+00:00,36589.3,37135.2,36529.4,37089.2,121743
2023-12-14 00:00:00+00:00,37090.3,37315.8,37047.3,37230.5,139051
2023-12-15 00:00:00+00:00,37225.5,37404.8,37142.5,37292.5,111952
2023-12-18 00:00:00+00:00,37296.0,37394.7,37276.4,37295.4,80798
2023-12-19 00:00:00+00:00,37288.2,37567.5,37270.7,37543.4,71521
2023-12-20 00:00:00+00:00,37543.7,37643.0,37025.0,37111.5,109787
2023-12-21 00:00:00+00:00,37102.4,37423.3,37102.4,37373.9,130262
2023-12-22 00:00:00+00:00,37341.1,37538.4,37252.0,37376.0,101872
2023-12-26 00:00:00+00:00,37363.0,37619.2,37358.5,37574.1,44342
2023-12-27 00:00:00+00:00,37574.9,37687.6,37483.0,37661.6,100019
2023-12-28 00:00:00+00:00,37664.8,37779.4,37605.8,37720.7,100738
2023-12-29 00:00:00+00:00,37722.9,37789.3,37537.4,37668.0,120763
2024-01-02 00:00:00+00:00,37678.5,37815.8,37461.8,37723.4,148164
2024-01-03 00:00:00+00:00,37725.1,37736.4,37398.1,37452.7,167654
2024-01-04 00:00:00+00:00,37446.6,37723.0,37432.6,37490.9,154270
2024-01-05 00:00:00+00:00,37487.7,37626.4,37246.7,37462.0,177450
2024-01-08 00:00:00+00:00,37424.0,37697.9,37215.8,37644.9,125708
2024-01-09 00:00:00+00:00,37640.8,37651.0,37361.3,37498.2,145155
2024-01-10 00:00:00+00:00,37502.0,37743.7,37460.0,37700.3,139012
2024-01-11 00:00:00+00:00,37683.3,37813.6,37422.4,37702.2,156723
2024-01-12 00:00:00+00:00,37698.5,37823.1,37448.2,37556.5,200388
2024-01-15 00:00:00+00:00,37559.5,37628.3,37493.8,37571.3,61383
2024-01-16 00:00:00+00:00,37569.5,37569.5,37200.6,37347.6,196892
2024-01-17 00:00:00+00:00,37356.8,37373.3,37131.8,37269.1,71325
2024-01-18 00:00:00+00:00,37247.5,37523.9,37122.3,37469.5,223234
2024-01-19 00:00:00+00:00,37460.2,37948.8,37406.9,37884.0,222321
2024-01-22 00:00:00+00:00,37907.0,38111.2,37872.8,37996.7,174344
2024-01-23 00:00:00+00:00,38002.9,38023.1,37800.5,37927.3,152553
2024-01-24 00:00:00+00:00,37927.5,38081.3,37773.9,37875.4,204818
2024-01-25 00:00:00+00:00,37907.5,38062.4,37756.3,38002.2,225911
2024-01-26 00:00:00+00:00,38002.9,38219.7,37900.0,38104.0,202743
2024-01-29 00:00:00+00:00,38035.5,38348.6,38008.0,38287.2,130179
2024-01-30 00:00:00+00:00,38285.0,38500.8,38240.3,38460.3,150434
2024-01-31 00:00:00+00:00,38448.7,38582.3,38124.4,38165.4,302155
2024-02-01 00:00:00+00:00,38171.3,38551.6,38104.9,38513.4,231551
2024-02-02 00:00:00+00:00,38484.9,38784.7,38326.9,38665.8,255530
2024-02-05 00:00:00+00:00,38660.8,38694.3,38212.3,38358.8,181839
2024-02-06 00:00:00+00:00,38362.2,38546.0,38278.8,38489.9,212146
2024-02-07 00:00:00+00:00,38496.2,38750.5,38458.0,38691.4,192659
2024-02-08 00:00:00+00:00,38699.0,38751.8,38542.1,38712.1,130956
2024-02-09 00:00:00+00:00,38704.8,38894.0,38565.4,38649.0,131543
2024-02-12 00:00:00+00:00,38635.0,38930.8,38600.3,38789.1,135074
2024-02-13 00:00:00+00:00,38779.4,38822.5,38038.6,38267.2,257021
2024-02-14 00:00:00+00:00,38274.0,38462.9,38192.9,38439.1,216010
2024-02-15 00:00:00+00:00,38420.5,38785.9,38374.5,38780.9,181177
2024-02-16 00:00:00+00:00,38764.2,38829.3,38572.2,38599.5,207584
2024-02-19 00:00:00+00:00,38625.5,38669.3,38600.3,38636.3,44740
2024-02-20 00:00:00+00:00,38631.5,38663.2,38450.8,38599.1,244122
2024-02-21 00:00:00+00:00,38579.5,38681.8,38335.9,38566.5,233591
2024-02-22 00:00:00+00:00,38596.1,39154.4,38580.6,39041.7,217090
2024-02-23 00:00:00+00:00,39042.9,39286.7,39028.5,39119.2,189761
2024-02-26 00:00:00+00:00,39117.2,39247.3,39029.1,39055.5,152952
2024-02-27 00:00:00+00:00,39065.8,39115.3,38878.0,38961.9,152827
2024-02-28 00:00:00+00:00,38936.1,38956.5,38740.5,38838.9,135800
2024-02-29 00:00:00+00:00,38861.5,39078.3,38792.8,38970.5,207598
2024-03-01 00:00:00+00:00,38955.9,39124.2,38847.9,39051.3,187246
2024-03-04 00:00:00+00:00,39073.8,39091.7,38862.8,38960.3,125846
2024-03-05 00:00:00+00:00,38953.6,38965.2,38454.7,38605.1,212155
2024-03-06 00:00:00+00:00,38581.1,38862.8,38548.5,38675.3,298631
2024-03-07 00:00:00+00:00,38689.5,38914.9,38522.3,38797.2,209632
2024-03-08 00:00:00+00:00,38779.7,38971.1,38597.1,38760.0,364890
2024-03-11 00:00:00+00:00,38758.0,38798.9,38480.2,38789.2,317386
2024-03-12 00:00:00+00:00,38792.1,39075.3,38642.7,38994.4,256039
2024-03-13 00:00:00+00:00,38987.4,39205.5,38933.9,39079.7,182573
2024-03-14 00:00:00+00:00,39089.9,39231.7,38703.2,38916.9,291240
2024-03-15 00:00:00+00:00,38915.2,38993.1,38618.3,38730.0,256547
2024-03-18 00:00:00+00:00,38690.0,38902.5,38659.3,38790.0,172866
2024-03-19 00:00:00+00:00,38811.9,39123.2,38686.9,39103.9,185033
2024-03-20 00:00:00+00:00,39106.6,39550.8,39000.6,39533.3,224713
2024-03-21 00:00:00+00:00,39549.9,39896.4,39522.9,39840.5,174033
2024-03-22 00:00:00+00:00,39801.2,39852.8,39426.5,39429.0,142127
2024-03-25 00:00:00+00:00,39452.7,39461.8,39295.6,39326.4,113564
2024-03-26 00:00:00+00:00,39325.6,39442.5,39277.6,39364.6,113586
2024-03-27 00:00:00+00:00,39396.7,39800.7,39376.2,39766.4,140937
2024-03-28 00:00:00+00:00,39761.8,39868.4,39708.0,39769.2,125617
2024-04-01 00:00:00+00:00,39870.7,39990.2,39372.2,39441.0,135750
2024-04-02 00:00:00+00:00,39438.8,39475.8,39050.3,39183.3,175162
2024-04-03 00:00:00+00:00,39186.4,39309.7,39011.8,39160.0,181519
2024-04-04 00:00:00+00:00,39168.5,39428.3,38560.3,38607.1,256640
2024-04-05 00:00:00+00:00,38605.4,39053.6,38551.3,38924.0,355169
2024-04-08 00:00:00+00:00,39015.0,39020.5,38800.8,38924.8,217777
2024-04-09 00:00:00+00:00,38928.1,38995.3,38566.3,38915.7,278260
2024-04-10 00:00:00+00:00,38911.4,39034.3,38301.0,38438.2,392561
2024-04-11 00:00:00+00:00,38438.7,38602.5,38196.0,38481.1,325915
2024-04-12 00:00:00+00:00,38480.4,38572.3,37873.7,37989.0,267339
2024-04-15 00:00:00+00:00,38008.0,38378.2,37658.5,37732.8,405189
2024-04-16 00:00:00+00:00,37734.1,38035.3,37589.5,37835.9,412979
2024-04-17 00:00:00+00:00,37838.7,38015.7,37608.9,37746.1,420880
2024-04-18 00:00:00+00:00,37751.8,38086.2,37676.5,37778.9,352405
2024-04-19 00:00:00+00:00,37776.1,38110.4,37240.6,37981.5,509491
2024-04-22 00:00:00+00:00,38062.5,38454.1,37986.0,38266.2,270395
2024-04-23 00:00:00+00:00,38263.5,38562.5,38206.9,38526.9,243306
2024-04-24 00:00:00+00:00,38511.9,38579.1,38307.0,38391.0,286277
2024-04-25 00:00:00+00:00,38379.0,38438.0,37750.3,38153.4,309690
2024-04-26 00:00:00+00:00,38175.0,38339.5,38055.3,38254.0,241689
2024-04-29 00:00:00+00:00,38298.4,38408.2,38209.0,38376.7,166444
2024-04-30 00:00:00+00:00,38389.9,38391.5,37756.1,37799.9,230403
2024-05-01 00:00:00+00:00,37813.1,38356.3,37703.7,37964.3,300190
2024-05-02 00:00:00+00:00,37980.5,38484.8,37893.7,38474.4,269186
2024-05-03 00:00:00+00:00,38487.0,38805.2,38434.8,38718.5,222448
2024-05-06 00:00:00+00:00,38740.5,38881.8,38687.4,38843.3,92620
2024-05-07 00:00:00+00:00,38842.6,38981.2,38829.7,38866.8,108782
2024-05-08 00:00:00+00:00,38872.1,39097.2,38800.8,39061.1,125442
2024-05-09 00:00:00+00:00,39070.0,39450.5,38950.8,39425.8,143938
2024-05-10 00:00:00+00:00,39421.0,39582.8,39399.6,39498.8,143964
2024-05-13 00:00:00+00:00,39468.0,39656.3,39400.8,39433.1,119302
2024-05-14 00:00:00+00:00,39417.5,39618.0,39292.8,39567.6,175786
2024-05-15 00:00:00+00:00,39551.3,39938.8,39535.4,39905.8,133550
2024-05-16 00:00:00+00:00,39888.0,40054.0,39842.2,39855.7,143574
2024-05-17 00:00:00+00:00,39861.5,40014.3,39821.6,40002.0,119631
2024-05-20 00:00:00+00:00,40025.0,40078.5,39783.9,39807.5,106103
2024-05-21 00:00:00+00:00,39806.8,39908.0,39778.7,39871.7,96678
2024-05-22 00:00:00+00:00,39869.5,39908.9,39554.6,39612.1,149676
2024-05-23 00:00:00+00:00,39629.4,39785.7,39025.1,39054.7,277960
2024-05-24 00:00:00+00:00,39057.4,39224.6,39016.6,39060.0,142821
2024-05-27 00:00:00+00:00,39068.0,39125.8,39005.5,39124.8,21881
2024-05-28 00:00:00+00:00,39130.0,39144.0,38699.6,38833.6,194326
2024-05-29 00:00:00+00:00,38833.5,38833.5,38148.4,38170.8,162023
2024-05-30 00:00:00+00:00,38172.0,38205.3,38008.3,38092.1,192361
2024-05-31 00:00:00+00:00,38127.0,38773.4,38031.8,38734.6,275120
2024-06-03 00:00:00+00:00,38746.5,38820.5,38243.8,38566.6,282599
2024-06-04 00:00:00+00:00,38573.9,38788.8,38339.5,38718.9,211763
2024-06-05 00:00:00+00:00,38728.6,38851.5,38547.1,38791.9,189311
2024-06-06 00:00:00+00:00,38790.7,39011.9,38730.6,38884.8,189369
2024-06-07 00:00:00+00:00,38892.5,39114.8,38650.8,38793.5,262049
2024-06-10 00:00:00+00:00,38776.0,38883.9,38660.3,38845.8,180814
2024-06-11 00:00:00+00:00,38841.1,38877.2,38435.4,38728.7,231960
2024-06-12 00:00:00+00:00,38725.0,39153.2,38617.0,38706.6,338589
2024-06-13 00:00:00+00:00,38704.9,38734.1,38404.5,38615.2,234932
2024-06-14 00:00:00+00:00,38620.5,38656.5,38286.8,38557.5,281164
2024-06-17 00:00:00+00:00,38574.5,38843.7,38424.8,38800.7,252518
2024-06-18 00:00:00+00:00,38807.7,38945.3,38727.5,38835.6,217435
2024-06-19 00:00:00+00:00,38822.2,38856.8,38760.3,38776.8,28211
2024-06-20 00:00:00+00:00,38784.5,39239.8,38749.5,39120.1,238434
2024-06-21 00:00:00+00:00,39146.5,39262.3,39055.3,39168.0,230109
2024-06-24 00:00:00+00:00,39177.0,39576.4,39048.0,39434.9,218022
2024-06-25 00:00:00+00:00,39431.7,39510.5,38994.5,39095.1,208411
2024-06-26 00:00:00+00:00,39074.2,39186.2,38913.9,39086.1,186401
2024-06-27 00:00:00+00:00,39079.0,39254.3,38998.7,39140.6,213758
2024-06-28 00:00:00+00:00,39137.0,39446.6,38932.9,39183.0,248362
2024-07-01 00:00:00+00:00,39145.5,39450.8,39037.3,39146.7,248360
2024-07-02 00:00:00+00:00,39154.8,39341.3,38996.3,39303.2,185417
2024-07-03 00:00:00+00:00,39309.8,39422.3,39227.3,39296.8,144228
2024-07-04 00:00:00+00:00,39313.0,39441.8,39283.8,39335.8,23376
2024-07-05 00:00:00+00:00,39340.3,39399.1,39163.0,39349.0,181159
2024-07-08 00:00:00+00:00,39316.5,39680.3,39272.3,39354.7,181372
2024-07-09 00:00:00+00:00,39347.6,39501.8,39141.4,39296.9,184513
2024-07-10 00:00:00+00:00,39279.4,39737.2,39253.3,39690.2,203895
2024-07-11 00:00:00+00:00,39682.1,39873.0,39623.5,39787.9,331584
2024-07-12 00:00:00+00:00,39808.5,40258.6,39720.6,40019.5,249485
2024-07-15 00:00:00+00:00,40047.5,40355.1,40032.5,40248.9,288962
2024-07-16 00:00:00+00:00,40250.2,40990.5,40162.5,40953.6,270917
2024-07-17 00:00:00+00:00,40954.8,41245.9,40793.2,41245.4,369161
2024-07-18 00:00:00+00:00,41238.8,41381.5,40594.3,40687.7,460978
2024-07-19 00:00:00+00:00,40690.0,40723.5,40202.2,40265.0,434158
2024-07-22 00:00:00+00:00,40311.5,40481.8,40220.3,40415.1,375699
2024-07-23 00:00:00+00:00,40425.7,40530.7,40304.8,40336.2,244921
2024-07-24 00:00:00+00:00,40310.8,40310.8,39806.4,39947.6,324716
2024-07-25 00:00:00+00:00,39965.7,40438.2,39816.3,39995.3,349862
2024-07-26 00:00:00+00:00,40029.2,40761.1,40000.7,40639.0,322699
2024-07-29 00:00:00+00:00,40655.5,40824.3,40391.4,40546.6,403246
2024-07-30 00:00:00+00:00,40549.9,40871.8,40426.0,40553.8,483383
2024-07-31 00:00:00+00:00,40563.5,41205.2,40534.3,40863.2,364889
2024-08-01 00:00:00+00:00,40881.9,41090.7,40095.7,40240.3,602330
2024-08-02 00:00:00+00:00,40256.5,40279.0,39357.9,39653.5,503887
2024-08-05 00:00:00+00:00,39502.5,39589.0,38391.8,38864.5,556583
2024-08-06 00:00:00+00:00,38881.2,39455.0,38629.3,38905.3,435923
2024-08-07 00:00:00+00:00,38907.6,39485.0,38622.3,38649.9,368243
2024-08-08 00:00:00+00:00,38698.8,39521.5,38562.2,39485.4,473154
2024-08-09 00:00:00+00:00,39479.7,39637.8,39227.8,39480.5,398835
2024-08-12 00:00:00+00:00,39510.5,39611.8,39243.8,39362.4,353186
2024-08-13 00:00:00+00:00,39360.7,39798.3,39228.3,39747.9,281798
2024-08-14 00:00:00+00:00,39750.6,40075.3,39675.9,40057.0,328515
2024-08-15 00:00:00+00:00,40049.3,40602.1,39996.3,40585.0,246109
2024-08-16 00:00:00+00:00,40569.5,40730.2,40418.8,40687.1,240072
2024-08-19 00:00:00+00:00,40689.7,40915.3,40611.3,40857.1,191832
2024-08-20 00:00:00+00:00,40869.3,40958.3,40755.1,40847.9,206047
2024-08-21 00:00:00+00:00,40857.2,40983.3,40739.0,40893.3,273115
2024-08-22 00:00:00+00:00,40898.6,41038.6,40578.6,40735.2,337229
2024-08-23 00:00:00+00:00,40750.0,41211.5,40749.0,41179.4,378931
2024-08-26 00:00:00+00:00,41183.0,41426.4,41138.0,41208.7,279339
2024-08-27 00:00:00+00:00,41203.6,41293.8,41087.5,41255.5,260406
2024-08-28 00:00:00+00:00,41260.7,41360.2,40837.2,41173.3,295176
2024-08-29 00:00:00+00:00,41175.6,41586.6,41058.4,41388.6,349983
2024-08-30 00:00:00+00:00,41380.4,41586.5,41142.7,41552.5,286052
2024-09-02 00:00:00+00:00,41546.5,41560.8,41418.8,41536.3,34523
2024-09-03 00:00:00+00:00,41523.0,41541.0,40778.9,40946.2,365972
2024-09-04 00:00:00+00:00,40937.0,41174.5,40766.2,40948.4,306919
2024-09-05 00:00:00+00:00,40937.7,41090.1,40515.4,40793.6,341584
2024-09-06 00:00:00+00:00,40818.7,41015.0,40244.6,40247.1,338444
2024-09-09 00:00:00+00:00,40287.6,41005.4,40276.1,40836.2,152127
2024-09-10 00:00:00+00:00,40842.6,40935.6,40410.5,40745.7,148452
2024-09-11 00:00:00+00:00,40746.7,40905.4,39989.8,40833.6,182240
2024-09-12 00:00:00+00:00,40852.1,41116.6,40659.1,41077.1,138504
2024-09-13 00:00:00+00:00,41103.8,41544.5,41092.4,41398.7,150658
2024-09-16 00:00:00+00:00,41375.5,41744.7,41360.2,41598.2,123079
2024-09-17 00:00:00+00:00,41618.6,41837.6,41459.9,41624.2,153334
2024-09-18 00:00:00+00:00,41627.9,41999.9,41442.8,41562.2,132770
2024-09-19 00:00:00+00:00,41577.4,42170.8,41563.9,42056.5,167519
2024-09-20 00:00:00+00:00,42056.0,42148.3,41860.7,42012.1,131538
2024-09-23 00:00:00+00:00,42057.6,42172.3,41933.8,42118.5,116962
2024-09-24 00:00:00+00:00,42110.5,42289.7,42042.4,42190.3,110717
2024-09-25 00:00:00+00:00,42172.6,42309.3,41839.1,41895.0,113029
2024-09-26 00:00:00+00:00,41908.8,42225.1,41870.7,42174.8,112677
2024-09-27 00:00:00+00:00,42185.1,42638.0,42135.3,42296.6,118030
2024-09-30 00:00:00+00:00,42283.5,42362.4,41914.3,42268.9,124871
2024-10-01 00:00:00+00:00,42283.4,42342.7,41937.5,42128.2,149732
2024-10-02 00:00:00+00:00,42141.8,42280.9,41985.4,42239.3,128705
2024-10-03 00:00:00+00:00,42247.1,42272.6,41839.3,41983.9,139995
2024-10-04 00:00:00+00:00,41973.6,42356.0,41950.9,42341.8,129313
2024-10-07 00:00:00+00:00,42365.5,42400.9,41822.0,41964.0,131343
2024-10-08 00:00:00+00:00,41976.6,42132.3,41804.1,42071.6,105407
2024-10-09 00:00:00+00:00,42085.1,42575.3,41967.1,42511.9,105576
2024-10-10 00:00:00+00:00,42513.6,42558.5,42301.8,42469.6,110901
2024-10-11 00:00:00+00:00,42476.1,42912.8,42400.8,42868.1,93985
2024-10-14 00:00:00+00:00,42850.1,43152.6,42719.8,43148.8,79959
2024-10-15 00:00:00+00:00,43132.6,43177.4,42699.0,42731.5,115688
2024-10-16 00:00:00+00:00,42755.0,43108.5,42677.0,43078.6,95617
2024-10-17 00:00:00+00:00,43076.7,43294.9,42999.9,43237.0,109347
2024-10-18 00:00:00+00:00,43243.0,43333.7,43039.7,43284.1,89195
2024-10-21 00:00:00+00:00,43300.3,43325.8,42870.6,42945.0,185605
2024-10-22 00:00:00+00:00,42946.0,43051.2,42713.2,42747.7,108553
2024-10-23 00:00:00+00:00,42796.4,42838.3,42290.2,42461.2,115039
2024-10-24 00:00:00+00:00,42456.5,42530.9,42193.9,42402.2,111013
2024-10-25 00:00:00+00:00,42388.7,42610.6,42046.8,42094.6,113386
2024-10-28 00:00:00+00:00,42240.0,42489.3,42198.5,42429.0,121994
2024-10-29 00:00:00+00:00,42440.6,42501.2,42170.2,42310.9,117916
2024-10-30 00:00:00+00:00,42327.6,42470.2,42106.3,42159.7,130850
2024-10-31 00:00:00+00:00,42146.3,42173.6,41700.1,41778.4,153445
2024-11-01 00:00:00+00:00,41790.6,42345.3,41745.6,42073.1,137275
2024-11-04 00:00:00+00:00,41943.1,42135.6,41649.6,41843.4,144323
2024-11-05 00:00:00+00:00,41864.5,42324.5,41780.2,42318.2,130725
2024-11-06 00:00:00+00:00,42308.7,43829.9,42284.7,43826.1,176279
2024-11-07 00:00:00+00:00,43824.4,43885.8,43672.3,43793.8,126692
2024-11-08 00:00:00+00:00,43809.5,44164.3,43721.7,44017.1,114310
2024-11-11 00:00:00+00:00,44039.1,44497.7,44010.1,44283.5,113807
2024-11-12 00:00:00+00:00,44265.9,44414.0,43894.9,43935.8,163527
2024-11-13 00:00:00+00:00,43938.6,44145.2,43748.9,43996.8,219732
2024-11-14 00:00:00+00:00,43991.1,44113.8,43675.5,43746.2,231356
2024-11-15 00:00:00+00:00,43766.8,43770.3,43349.4,43470.0,256872
2024-11-18 00:00:00+00:00,43389.5,43507.9,43250.5,43376.2,169976
2024-11-19 00:00:00+00:00,43376.0,43478.2,42851.9,43264.0,247616
2024-11-20 00:00:00+00:00,43271.3,43469.0,43063.9,43455.6,232837
2024-11-21 00:00:00+00:00,43446.3,44023.5,43264.9,43869.2,269178
2024-11-22 00:00:00+00:00,43856.4,44323.9,43713.3,44317.0,184167
2024-11-25 00:00:00+00:00,44487.0,44808.8,44478.0,44762.3,218771
2024-11-26 00:00:00+00:00,44752.5,44902.7,44427.8,44879.4,206644
2024-11-27 00:00:00+00:00,44862.9,45018.8,44685.8,44741.0,152188
2024-11-28 00:00:00+00:00,44728.0,44869.8,44717.3,44847.8,28367
2024-11-29 00:00:00+00:00,44856.2,45074.0,44763.5,44953.8,109419
2024-12-02 00:00:00+00:00,44930.5,45011.8,44705.5,44763.2,134440
2024-12-03 00:00:00+00:00,44770.0,44880.9,44577.6,44772.5,116201
2024-12-04 00:00:00+00:00,44812.7,45073.8,44767.4,45002.3,142441
2024-12-05 00:00:00+00:00,45002.0,45059.1,44721.3,44772.9,153060
2024-12-06 00:00:00+00:00,44792.6,44910.4,44595.3,44622.5,123773
2024-12-09 00:00:00+00:00,44619.0,44730.3,44381.4,44394.7,157648
2024-12-10 00:00:00+00:00,44403.0,44474.3,44190.7,44284.7,137129
2024-12-11 00:00:00+00:00,44298.0,44368.6,44109.8,44110.3,133876
2024-12-12 00:00:00+00:00,44122.2,44209.6,43889.3,43928.1,164468
2024-12-13 00:00:00+00:00,43944.0,44053.8,43773.9,43774.9,182884
2024-12-16 00:00:00+00:00,43817.5,43962.6,43680.4,43695.8,151412
2024-12-17 00:00:00+00:00,43689.3,43732.8,43327.4,43433.3,187424
2024-12-18 00:00:00+00:00,43440.0,43692.9,42176.4,42361.4,355854
2024-12-19 00:00:00+00:00,42405.5,42775.7,42334.5,42394.6,462086
2024-12-20 00:00:00+00:00,42427.5,43219.3,42060.3,42800.0,403147
2024-12-23 00:00:00+00:00,42964.5,43025.5,42504.8,42910.5,270477
2024-12-24 00:00:00+00:00,42919.2,43272.5,42826.6,43251.0,106222
2024-12-26 00:00:00+00:00,43264.8,43382.3,43039.0,43317.8,141216
2024-12-27 00:00:00+00:00,43321.0,43358.0,42755.5,43009.5,294810
2024-12-30 00:00:00+00:00,43038.5,43042.0,42257.8,42588.5,333497
2024-12-31 00:00:00+00:00,42590.7,42782.3,42416.2,42557.5,284876
2025-01-02 00:00:00+00:00,42621.5,42939.8,42176.8,42418.3,417118
2025-01-03 00:00:00+00:00,42422.5,42782.4,42361.0,42708.0,185766
2025-01-06 00:00:00+00:00,42714.0,43117.2,42609.1,42753.6,288541
2025-01-07 00:00:00+00:00,42748.9,42936.0,42385.9,42511.2,363211
2025-01-08 00:00:00+00:00,42522.3,42670.5,42326.1,42620.8,335294
2025-01-09 00:00:00+00:00,42619.5,42647.3,42467.9,42574.8,47492
2025-01-10 00:00:00+00:00,42579.0,42662.8,41857.8,41991.8,420241
2025-01-13 00:00:00+00:00,41955.8,42332.8,41736.5,42326.5,370592
2025-01-14 00:00:00+00:00,42351.1,42594.1,42152.7,42583.2,347124
2025-01-15 00:00:00+00:00,42598.9,43326.0,42524.4,43238.4,243468
2025-01-16 00:00:00+00:00,43223.9,43330.2,43047.6,43109.5,291650
2025-01-17 00:00:00+00:00,43140.5,43657.9,43112.0,43463.0,216024
2025-01-20 00:00:00+00:00,43492.0,43803.3,43420.0,43658.3,78776
2025-01-21 00:00:00+00:00,43646.5,44057.5,43290.5,44034.3,226398
2025-01-22 00:00:00+00:00,44020.7,44210.3,43980.6,44150.0,131501
2025-01-23 00:00:00+00:00,44161.7,44551.0,44109.1,44527.3,137209
2025-01-24 00:00:00+00:00,44535.5,44578.0,44333.5,44374.0,153384
2025-01-27 00:00:00+00:00,44291.5,44745.7,43819.8,44706.0,412236
2025-01-28 00:00:00+00:00,44712.2,44981.5,44559.1,44829.6,230369
2025-01-29 00:00:00+00:00,44831.4,44969.3,44578.9,44778.5,278475
2025-01-30 00:00:00+00:00,44734.0,45015.0,44613.9,44892.6,235239
2025-01-31 00:00:00+00:00,44956.0,45070.3,44505.1,44547.0,303897
2025-02-03 00:00:00+00:00,44045.5,44674.6,43813.5,44608.1,357663
2025-02-04 00:00:00+00:00,44690.6,44690.6,44214.1,44531.3,195450
2025-02-05 00:00:00+00:00,44532.6,44925.6,44337.3,44917.4,152273
2025-02-06 00:00:00+00:00,44912.2,45053.4,44534.9,44673.4,140831
2025-02-07 00:00:00+00:00,44672.2,44852.3,44279.4,44325.0,340974
2025-02-10 00:00:00+00:00,44220.0,44618.3,44191.5,44478.3,153845
2025-02-11 00:00:00+00:00,44458.5,44641.2,44288.8,44599.0,166428
2025-02-12 00:00:00+00:00,44595.8,44630.5,44093.3,44405.9,273333
2025-02-13 00:00:00+00:00,44428.9,44771.7,44265.1,44723.2,240834
2025-02-14 00:00:00+00:00,44714.0,44769.0,44492.4,44531.0,142046
2025-02-17 00:00:00+00:00,44570.0,44666.8,44503.0,44651.8,21195
2025-02-18 00:00:00+00:00,44641.0,44661.8,44315.1,44549.1,168047
2025-02-19 00:00:00+00:00,44545.5,44633.8,44311.1,44573.8,153349
2025-02-20 00:00:00+00:00,44568.0,44598.0,43947.0,44166.0,217006
2025-02-21 00:00:00+00:00,44143.0,44258.3,43349.3,43429.0,386495
2025-02-24 00:00:00+00:00,43468.0,43765.8,43349.3,43495.7,335825
2025-02-25 00:00:00+00:00,43515.5,43769.7,43275.8,43674.0,452168
2025-02-26 00:00:00+00:00,43668.5,43868.3,43266.6,43438.7,397152
2025-02-27 00:00:00+00:00,43396.4,43893.8,43220.8,43259.5,530097
2025-02-28 00:00:00+00:00,43281.0,43868.3,43091.8,43789.0,528927
2025-03-03 00:00:00+00:00,43813.0,44048.3,42918.4,43257.6,591938
2025-03-04 00:00:00+00:00,43291.5,43301.0,42351.3,42764.4,710107
2025-03-05 00:00:00+00:00,42781.5,43135.8,42411.6,42988.9,693761
2025-03-06 00:00:00+00:00,42998.8,43040.8,42376.9,42612.3,617364
2025-03-07 00:00:00+00:00,42613.0,42902.3,42169.5,42791.0,729743
2025-03-10 00:00:00+00:00,42551.5,42661.0,41611.2,41952.8,715169
2025-03-11 00:00:00+00:00,41956.5,42084.3,41176.8,41434.7,861936
2025-03-12 00:00:00+00:00,41461.5,41988.3,41003.2,41321.5,585499
2025-03-13 00:00:00+00:00,41296.5,41451.5,40657.2,40860.5,606927
2025-03-14 00:00:00+00:00,40890.0,41527.0,40879.0,41405.0,485165
2025-03-17 00:00:00+00:00,41412.5,42016.1,41226.3,41849.6,429601
2025-03-18 00:00:00+00:00,41853.2,41897.7,41413.4,41586.0,410084
2025-03-19 00:00:00+00:00,41584.5,42187.5,41511.3,41977.6,341042
2025-03-20 00:00:00+00:00,41976.5,42250.5,41681.3,41978.9,384485
2025-03-21 00:00:00+00:00,41958.8,42015.5,41420.5,41994.0,369095
2025-03-24 00:00:00+00:00,42169.5,42639.9,42144.5,42563.0,196713
2025-03-25 00:00:00+00:00,42575.6,42700.4,42449.2,42610.3,185906
2025-03-26 00:00:00+00:00,42590.0,42832.8,42327.2,42420.7,288077
2025-03-27 00:00:00+00:00,42338.4,42571.1,42157.6,42313.4,394724
2025-03-28 00:00:00+00:00,42312.5,42374.5,41466.0,41467.0,375097
2025-03-31 00:00:00+00:00,41297.0,42148.9,41154.3,41950.0,478956
2025-04-01 00:00:00+00:00,41964.5,42146.8,41509.8,41959.1,573798
2025-04-02 00:00:00+00:00,41960.0,42566.8,41611.3,41767.5,582812
2025-04-03 00:00:00+00:00,41609.4,41609.4,40411.3,40437.2,783386
2025-04-04 00:00:00+00:00,40451.8,40502.8,38093.0,38144.0,1128056
2025-04-07 00:00:00+00:00,36990.5,39215.3,36499.0,38240.3,681582
2025-04-08 00:00:00+00:00,38296.0,39440.4,37102.7,37546.2,476291
2025-04-09 00:00:00+00:00,37569.7,40808.2,36694.7,40780.9,476479
2025-04-10 00:00:00+00:00,40727.9,40925.9,38418.3,39577.2,530546
2025-04-11 00:00:00+00:00,39571.0,40412.8,39012.5,40262.6,479943
2025-04-14 00:00:00+00:00,40574.5,40784.7,39823.6,40473.4,336478
2025-04-15 00:00:00+00:00,40466.7,40804.9,40323.2,40345.8,333001
2025-04-16 00:00:00+00:00,40318.3,40523.6,39394.6,39637.2,374697
2025-04-17 00:00:00+00:00,39715.1,40126.3,38960.8,39238.0,395182
2025-04-21 00:00:00+00:00,39036.2,39049.2,37818.4,38122.6,258176
2025-04-22 00:00:00+00:00,38147.4,39279.8,38071.9,39198.0,315568
2025-04-23 00:00:00+00:00,39909.9,40378.8,39482.7,39604.6,355755
2025-04-24 00:00:00+00:00,39618.9,40236.2,39240.0,40083.1,274352
2025-04-25 00:00:00+00:00,40151.8,40218.9,39716.6,40124.8,291894
2025-04-28 00:00:00+00:00,40052.0,40422.5,39872.7,40200.3,240528
2025-04-29 00:00:00+00:00,40190.5,40631.7,40155.0,40589.0,251647
2025-04-30 00:00:00+00:00,40577.9,40802.5,39733.1,40709.1,293050
2025-05-01 00:00:00+00:00,40699.3,41098.9,40611.2,40688.1,255567
2025-05-02 00:00:00+00:00,40713.3,41390.0,40661.3,41325.2,262264
2025-05-05 00:00:00+00:00,41237.0,41450.6,40999.1,41224.7,196835
2025-05-06 00:00:00+00:00,41227.4,41254.9,40670.7,40739.1,220636
2025-05-07 00:00:00+00:00,40714.9,41284.0,40714.9,41087.6,280556
2025-05-08 00:00:00+00:00,41070.4,41777.4,41026.9,41358.6,244874
2025-05-09 00:00:00+00:00,41395.4,41527.4,41144.8,41252.1,231394
2025-05-12 00:00:00+00:00,41729.4,42473.1,41597.7,42436.9,258313
2025-05-13 00:00:00+00:00,42443.3,42448.9,42114.4,42152.3,202338
2025-05-14 00:00:00+00:00,42166.6,42259.3,41944.3,42018.0,207893
2025-05-15 00:00:00+00:00,42019.6,42368.6,41759.8,42343.6,242402
2025-05-16 00:00:00+00:00,42344.5,42665.6,42231.8,42622.8,208955
2025-05-19 00:00:00+00:00,42363.3,42842.7,42237.8,42798.9,269823
2025-05-20 00:00:00+00:00,42800.3,42886.3,42481.0,42652.6,245343
2025-05-21 00:00:00+00:00,42645.5,42658.0,41767.9,41795.2,451199
2025-05-22 00:00:00+00:00,41794.0,42092.4,41614.3,41920.0,385044
2025-05-23 00:00:00+00:00,41941.4,41963.9,41169.2,41574.5,475691
2025-05-26 00:00:00+00:00,41594.5,42105.3,41591.5,42063.8,64753
2025-05-27 00:00:00+00:00,42054.0,42404.9,41877.3,42400.9,213096
2025-05-28 00:00:00+00:00,42402.0,42448.8,42041.5,42133.4,242994
2025-05-29 00:00:00+00:00,42112.0,42721.0,41820.5,42182.8,429506
2025-05-30 00:00:00+00:00,42172.0,42379.4,41899.7,42217.5,413502
2025-06-02 00:00:00+00:00,42124.0,42351.7,41837.8,42315.0,309032
2025-06-03 00:00:00+00:00,42316.0,42573.2,42053.3,42528.9,213078
2025-06-04 00:00:00+00:00,42532.5,42653.8,42408.0,42417.6,218863
2025-06-05 00:00:00+00:00,42408.0,42673.3,42205.5,42342.5,395572
2025-06-06 00:00:00+00:00,42300.0,42932.3,42299.5,42780.5,275056
2025-06-09 00:00:00+00:00,42816.5,42899.4,42564.0,42773.7,169150
2025-06-10 00:00:00+00:00,42772.0,42929.4,42639.3,42842.9,221549
2025-06-11 00:00:00+00:00,42846.0,43150.3,42721.3,42862.1,336641
2025-06-12 00:00:00+00:00,42842.5,42973.1,42561.3,42918.5,246950
2025-06-13 00:00:00+00:00,42952.5,42952.5,42077.5,42201.4,575704
2025-06-16 00:00:00+00:00,42013.0,42715.5,41978.0,42528.9,259900
2025-06-17 00:00:00+00:00,42546.0,42565.0,42128.9,42216.7,321702
2025-06-18 00:00:00+00:00,42181.0,42517.0,42078.5,42183.7,305273
2025-06-19 00:00:00+00:00,42197.0,42197.0,41753.5,41782.5,91227
2025-06-20 00:00:00+00:00,41826.0,42434.0,41822.5,42235.3,326748
2025-06-23 00:00:00+00:00,41925.5,42613.2,41915.0,42595.6,333184
2025-06-24 00:00:00+00:00,42583.0,43185.2,42580.5,43079.5,205356
2025-06-25 00:00:00+00:00,43083.5,43144.3,42859.0,42981.4,159196
2025-06-26 00:00:00+00:00,42986.0,43435.9,42970.0,43405.7,140473
2025-06-27 00:00:00+00:00,43447.5,43968.1,43428.5,43777.5,204199
2025-06-30 00:00:00+00:00,43931.0,44139.1,43880.6,44045.1,173258
2025-07-01 00:00:00+00:00,44051.0,44606.4,43990.3,44522.3,226932
2025-07-02 00:00:00+00:00,44500.0,44658.8,44345.5,44495.7,176522
2025-07-03 00:00:00+00:00,44492.2,44882.9,44446.7,44820.4,111472
2025-07-04 00:00:00+00:00,44820.5,44829.0,44501.8,44557.5,51801
2025-07-07 00:00:00+00:00,44741.5,44851.8,44156.3,44295.2,247960
2025-07-08 00:00:00+00:00,44287.0,44446.3,44202.4,44238.7,213980
2025-07-09 00:00:00+00:00,44249.5,44565.5,44158.0,44463.3,182853
2025-07-10 00:00:00+00:00,44456.1,44779.9,44301.3,44606.8,143264
2025-07-11 00:00:00+00:00,44637.0,44692.0,44260.5,44325.0,223758
2025-07-14 00:00:00+00:00,44184.5,44472.3,44091.8,44442.6,163398
2025-07-15 00:00:00+00:00,44457.5,44602.5,43959.0,43967.4,244956
2025-07-16 00:00:00+00:00,43964.5,44258.8,43755.5,44197.1,274871
2025-07-17 00:00:00+00:00,44202.2,44560.1,44137.4,44512.6,167491
2025-07-18 00:00:00+00:00,44528.0,44651.8,44222.6,44323.0,169978
2025-07-21 00:00:00+00:00,44309.5,44605.3,44291.5,44384.8,133122
2025-07-22 00:00:00+00:00,44387.0,44543.6,44221.8,44539.1,187767
2025-07-23 00:00:00+00:00,44542.5,45026.7,44519.5,44900.3,200726
2025-07-24 00:00:00+00:00,44914.8,44931.6,44663.6,44742.4,176678
2025-07-25 00:00:00+00:00,44760.3,44941.7,44642.8,44892.8,131728
2025-07-28 00:00:00+00:00,45088.0,45136.3,44735.1,44831.4,134870
2025-07-29 00:00:00+00:00,44839.0,44952.3,44565.3,44603.9,165303
2025-07-30 00:00:00+00:00,44605.3,44742.7,44259.2,44494.4,231872
2025-07-31 00:00:00+00:00,44555.3,44696.0,44048.7,44106.3,319867
2025-08-01 00:00:00+00:00,44110.5,44181.5,43320.0,43597.9,357460
2025-08-04 00:00:00+00:00,43602.0,44263.6,43508.1,44261.1,197796
2025-08-05 00:00:00+00:00,44273.6,44311.2,43923.9,44143.9,219054
2025-08-06 00:00:00+00:00,44132.1,44364.3,44014.6,44204.9,203421
2025-08-07 00:00:00+00:00,44171.0,44504.0,43796.0,44012.1,267744
2025-08-08 00:00:00+00:00,44011.6,44280.6,43980.6,44248.5,196894
2025-08-11 00:00:00+00:00,44244.5,44316.0,43911.4,43972.8,184658
2025-08-12 00:00:00+00:00,43979.5,44502.5,43936.0,44448.7,228244
2025-08-13 00:00:00+00:00,44464.5,44970.5,44410.0,44914.2,187029
2025-08-14 00:00:00+00:00,44941.2,45055.1,44678.5,45041.3,222995
2025-08-15 00:00:00+00:00,45045.0,45283.3,44900.2,44907.3,203580
2025-08-18 00:00:00+00:00,44972.0,45037.0,44819.8,44910.3,168266
2025-08-19 00:00:00+00:00,44920.5,45204.9,44756.5,44950.1,381988
2025-08-20 00:00:00+00:00,44950.5,45055.0,44757.5,44935.2,943271
2025-08-21 00:00:00+00:00,44917.5,44957.0,44570.0,44810.6,798141
2025-08-22 00:00:00+00:00,44825.0,45771.5,44675.5,45650.0,969198
2025-08-25 00:00:00+00:00,45660.0,45662.5,45269.5,45324.5,156218
2025-08-26 00:00:00+00:00,45315.0,45460.8,45113.8,45459.8,203823
2025-08-27 00:00:00+00:00,45444.5,45624.5,45383.0,45580.5,153714
2025-08-28 00:00:00+00:00,45599.5,45736.3,45439.0,45602.2,215419
2025-08-29 00:00:00+00:00,45591.0,45623.5,45367.1,45565.0,231347
2025-09-01 00:00:00+00:00,45562.1,45691.5,45470.0,45580.0,56870
2025-09-02 00:00:00+00:00,45579.0,45582.5,44935.0,45256.6,359043
2025-09-03 00:00:00+00:00,45263.5,45320.3,44978.2,45216.0,290345
2025-09-04 00:00:00+00:00,45180.5,45645.2,45159.0,45626.9,194262
2025-09-05 00:00:00+00:00,45610.5,45776.0,45201.5,45391.2,380588
2025-09-08 00:00:00+00:00,45403.5,45547.2,45275.5,45540.9,210607
2025-09-09 00:00:00+00:00,45549.0,45770.3,45432.8,45664.6,220089
2025-09-10 00:00:00+00:00,45652.5,45807.3,45376.9,45487.0,256197
2025-09-11 00:00:00+00:00,45475.0,46138.8,45474.0,46107.7,223728
2025-09-12 00:00:00+00:00,46132.5,46147.0,45814.9,45843.8,160650
2025-09-15 00:00:00+00:00,45844.5,45977.9,45770.9,45857.0,175535
2025-09-16 00:00:00+00:00,45860.5,45967.7,45665.5,45787.6,144820
2025-09-17 00:00:00+00:00,45780.7,46278.9,45682.4,46032.0,224905
2025-09-18 00:00:00+00:00,46036.0,46367.6,45943.7,46209.7,212434
2025-09-19 00:00:00+00:00,46205.4,46395.2,46051.9,46276.9,189819
2025-09-22 00:00:00+00:00,46292.0,46447.7,46032.5,46373.2,153332
2025-09-23 00:00:00+00:00,46380.6,46724.2,46217.3,46317.4,193437
2025-09-24 00:00:00+00:00,46323.0,46461.3,46094.6,46169.4,179715
2025-09-25 00:00:00+00:00,46169.8,46226.0,45785.1,45966.3,237392
2025-09-26 00:00:00+00:00,45965.3,46362.5,45937.4,46299.0,296832
2025-09-29 00:00:00+00:00,46269.0,46486.8,46145.0,46293.6,214254
2025-09-30 00:00:00+00:00,46283.0,46430.5,46102.0,46313.5,262971
2025-10-01 00:00:00+00:00,46346.0,46538.5,46053.8,46418.3,236617
2025-10-02 00:00:00+00:00,46439.0,46600.5,46275.0,46533.5,216726
2025-10-03 00:00:00+00:00,46543.5,47055.5,46504.5,46771.0,233792
2025-10-06 00:00:00+00:00,46808.5,46891.0,46424.0,46701.0,200165
2025-10-07 00:00:00+00:00,46699.5,46879.0,46441.5,46629.0,259360
2025-10-08 00:00:00+00:00,46641.5,46828.5,46504.0,46621.3,169453
2025-10-09 00:00:00+00:00,46631.0,46687.0,46268.0,46372.5,238681
2025-10-10 00:00:00+00:00,46385.5,46648.5,45438.0,45552.0,594360
2025-10-13 00:00:00+00:00,45897.0,46166.0,45754.5,46069.5,377401
2025-10-14 00:00:00+00:00,46091.0,46529.0,45446.5,46264.0,506534
2025-10-15 00:00:00+00:00,46264.0,46703.5,46021.5,46263.4,416293
2025-10-16 00:00:00+00:00,46329.5,46493.3,45781.0,45916.5,594598
2025-10-17 00:00:00+00:00,45934.5,46326.0,45415.3,46234.5,575227
2025-10-20 00:00:00+00:00,46296.5,46762.0,46121.0,46759.5,246870
2025-10-21 00:00:00+00:00,46762.5,47136.0,46619.3,46954.5,279666
2025-10-22 00:00:00+00:00,46929.0,47005.3,46452.0,46531.5,402460
2025-10-23 00:00:00+00:00,46532.5,46805.2,46419.0,46698.8,275791
2025-10-24 00:00:00+00:00,46714.5,47326.5,46706.0,47208.5,233813
2025-10-27 00:00:00+00:00,47516.0,47594.6,47369.5,47573.6,174739
2025-10-28 00:00:00+00:00,47577.1,47942.5,47516.4,47706.6,231604
2025-10-29 00:00:00+00:00,47700.7,48047.0,47449.5,47597.5,333062
2025-10-30 00:00:00+00:00,47553.5,48021.5,47391.3,47578.0,502335
2025-10-31 00:00:00+00:00,47626.0,47721.0,47346.5,47534.5,346657
2025-11-03 00:00:00+00:00,47617.0,47733.0,47129.5,47320.5,274411
2025-11-04 00:00:00+00:00,47331.6,47337.6,46849.4,47169.0,412524
2025-11-05 00:00:00+00:00,47191.5,47460.2,46951.5,47347.9,384731
2025-11-06 00:00:00+00:00,47338.5,47386.3,46787.2,46987.3,481151
2025-11-07 00:00:00+00:00,47012.0,47064.5,46490.2,47025.1,538225
2025-11-10 00:00:00+00:00,47163.0,47414.9,46941.1,47363.4,275488
2025-11-11 00:00:00+00:00,47366.5,47976.9,47319.3,47943.3,271770
2025-11-12 00:00:00+00:00,47923.0,48426.5,47917.5,48280.8,298500
2025-11-13 00:00:00+00:00,48297.5,48405.5,47412.2,47501.3,529803
2025-11-14 00:00:00+00:00,47500.5,47555.5,46851.0,47182.0,593941
2025-11-17 00:00:00+00:00,47081.0,47292.8,46426.4,46631.4,511376
2025-11-18 00:00:00+00:00,46627.0,46678.0,45914.0,46039.2,768182
2025-11-19 00:00:00+00:00,46063.5,46305.5,45903.3,46151.3,618238
2025-11-20 00:00:00+00:00,46176.0,46861.9,45717.0,45758.4,855108
2025-11-21 00:00:00+00:00,45788.0,46582.8,45708.0,46272.8,907833
2025-11-24 00:00:00+00:00,46481.0,46587.5,46100.0,46459.0,414506
2025-11-25 00:00:00+00:00,46444.5,47184.6,46332.5,47129.6,411899
2025-11-26 00:00:00+00:00,47131.7,47571.7,47122.2,47450.0,277468
2025-11-27 00:00:00+00:00,47451.0,47481.0,47383.3,47421.0,37237
2025-11-28 00:00:00+00:00,47439.5,47758.0,47439.5,47705.5,47208
2025-12-01 00:00:00+00:00,47726.5,47735.5,47276.9,47305.5,186889
2025-12-02 00:00:00+00:00,47300.5,47604.9,47209.8,47495.5,175538
2025-12-03 00:00:00+00:00,47495.5,48021.5,47371.2,47979.0,165315
2025-12-04 00:00:00+00:00,47928.5,48066.0,47691.0,47847.0,160764
2025-12-05 00:00:00+00:00,47849.0,48135.9,47763.3,47966.0,145171
2025-12-08 00:00:00+00:00,47980.0,48010.3,47611.9,47756.5,133531
2025-12-09 00:00:00+00:00,47736.5,47954.9,47531.5,47537.0,150024
2025-12-10 00:00:00+00:00,47556.5,48199.5,47457.4,48112.0,191411
2025-12-11 00:00:00+00:00,48108.0,48784.0,47817.5,48772.5,204732
2025-12-12 00:00:00+00:00,48832.5,48879.9,48328.5,48495.0,215676
2025-12-15 00:00:00+00:00,48489.0,48719.8,48276.5,48452.0,659557
2025-12-16 00:00:00+00:00,48451.5,48522.2,47939.5,48094.5,937986
2025-12-17 00:00:00+00:00,48093.0,48387.0,47860.9,47920.5,901992
2025-12-18 00:00:00+00:00,47912.0,48381.9,47806.5,47911.0,740811
2025-12-19 00:00:00+00:00,47887.0,48296.4,47785.0,48143.5,519486
2025-12-22 00:00:00+00:00,48236.0,48454.5,48125.6,48346.3,1128276
2025-12-23 00:00:00+00:00,48359.5,48530.0,48207.3,48413.0,1000113
2025-12-24 00:00:00+00:00,48429.9,48777.8,48373.9,48713.1,563133
2025-12-26 00:00:00+00:00,48735.2,48779.2,48566.9,48696.9,832782
2025-12-29 00:00:00+00:00,48734.7,48773.5,48385.9,48482.8,1189632
2025-12-30 00:00:00+00:00,48477.5,48496.0,48299.6,48407.5,1049136
2025-12-31 00:00:00+00:00,48412.3,48424.5,48043.3,48080.6,1078551
2026-01-02 00:00:00+00:00,48115.6,48391.0,47831.3,48360.2,1491303
2026-01-05 00:00:00+00:00,48386.0,49219.0,48312.8,48976.4,1548861
2026-01-06 00:00:00+00:00,48994.2,49518.6,48847.7,49500.0,1335102
2026-01-07 00:00:00+00:00,49503.3,49631.5,48939.5,48991.5,1351936
2026-01-08 00:00:00+00:00,49022.1,49372.0,48769.3,49337.4,1584987
2026-01-09 00:00:00+00:00,49359.1,49567.0,49181.0,49488.4,1456599
2026-01-12 00:00:00+00:00,49447.0,49625.0,48983.1,49532.5,1443906
2026-01-13 00:00:00+00:00,49544.9,49678.4,49055.5,49166.9,1521561
2026-01-14 00:00:00+00:00,49159.8,49188.0,48844.9,49092.8,1813236
2026-01-15 00:00:00+00:00,49101.4,49595.9,49057.5,49450.3,1635027
2026-01-16 00:00:00+00:00,49462.8,49592.8,49217.7,49335.6,1460067
2026-01-19 00:00:00+00:00,49103.0,49121.0,48856.3,48950.7,843869
2026-01-20 00:00:00+00:00,48933.0,48983.0,48412.9,48531.9,2901828
2026-01-21 00:00:00+00:00,48543.4,49289.5,48301.5,49087.8,2823936
2026-01-22 00:00:00+00:00,49119.9,49612.1,49065.0,49325.3,2379548
2026-01-23 00:00:00+00:00,49339.4,49440.0,48934.9,48984.7,2233972
2026-01-26 00:00:00+00:00,48771.0,49473.7,48746.5,49205.8,2210608
2026-01-27 00:00:00+00:00,49239.0,49403.8,48846.7,48968.5,1869592
2026-01-28 00:00:00+00:00,48962.6,49134.3,48837.1,48968.7,2343244
2026-01-29 00:00:00+00:00,48990.0,49293.6,48572.5,48956.8,3264793
2026-01-30 00:00:00+00:00,48986.5,49021.7,48423.0,48852.5,3399104
2026-02-02 00:00:00+00:00,48731.0,49477.5,48381.9,49365.0,3265740
2026-02-03 00:00:00+00:00,49368.1,49644.9,48810.7,49246.0,2870556
2026-02-04 00:00:00+00:00,49272.9,49645.1,49101.8,49436.6,2817192
2026-02-05 00:00:00+00:00,49419.9,49579.3,48736.0,48766.5,3479287
2026-02-06 00:00:00+00:00,48778.4,50167.2,48604.1,50091.9,3070868
2026-02-09 00:00:00+00:00,50200.0,50250.2,49817.9,50108.8,2511695
2026-02-10 00:00:00+00:00,50113.1,50518.2,50014.0,50242.9,2422708
2026-02-11 00:00:00+00:00,50259.6,50499.6,49891.7,50118.5,2471988
2026-02-12 00:00:00+00:00,50133.4,50442.8,49416.7,49479.7,2734260
2026-02-13 00:00:00+00:00,49471.0,49731.5,49070.5,49453.6,3286424
2026-02-16 00:00:00+00:00,49535.1,49754.4,49440.0,49539.0,1091564
2026-02-17 00:00:00+00:00,49545.4,49728.0,49174.3,49554.9,2920820
2026-02-18 00:00:00+00:00,49550.0,49897.7,49423.1,49644.5,2266296
2026-02-19 00:00:00+00:00,49612.4,49720.0,49188.6,49353.2,2478980
2026-02-20 00:00:00+00:00,49378.1,49708.6,49143.0,49619.0,2608188
2026-02-23 00:00:00+00:00,49591.0,49711.2,48723.8,48837.7,2626126
2026-02-24 00:00:00+00:00,48859.4,49293.5,48753.8,49152.5,2371404
2026-02-25 00:00:00+00:00,49170.0,49534.1,49082.7,49449.5,2006116
2026-02-26 00:00:00+00:00,49464.4,49831.4,49228.2,49313.8,2485412
2026-02-27 00:00:00+00:00,49288.7,49353.3,48656.4,48886.4,2631432
2026-03-02 00:00:00+00:00,48445.0,49064.9,48108.4,48871.5,2610175
2026-03-03 00:00:00+00:00,48859.1,48875.8,47622.7,48432.0,2969847
2026-03-04 00:00:00+00:00,48433.8,48868.2,48219.0,48762.5,2719533
2026-03-05 00:00:00+00:00,48725.3,48832.6,47557.9,47885.5,2743107
2026-03-06 00:00:00+00:00,47903.6,48079.5,46980.5,47401.0,2729058
2026-03-09 00:00:00+00:00,46836.5,47877.9,46290.3,47686.8,2992377
2026-03-10 00:00:00+00:00,47706.9,48218.8,47427.9,47717.8,2839690
2026-03-11 00:00:00+00:00,47735.5,47929.5,47183.7,47347.1,2247034
2026-03-12 00:00:00+00:00,47315.5,47346.5,46658.7,46728.3,2024808
2026-03-13 00:00:00+00:00,46750.0,47131.0,46428.3,46536.9,2033277
2026-03-16 00:00:00+00:00,46466.1,47190.9,46424.3,46936.4,2355222
2026-03-17 00:00:00+00:00,46915.2,47413.2,46661.0,46997.8,2039316
2026-03-18 00:00:00+00:00,47019.8,47303.2,46038.5,46069.2,2082099
2026-03-19 00:00:00+00:00,46149.3,46301.9,45727.8,46093.9,2456970
2026-03-20 00:00:00+00:00,46099.7,46243.5,45358.2,45692.0,2247279
2026-03-23 00:00:00+00:00,45356.9,46928.3,45172.7,46227.0,2949300
2026-03-24 00:00:00+00:00,46222.5,46605.0,45745.2,46395.2,2686332
2026-03-25 00:00:00+00:00,46414.8,46735.0,46191.6,46418.3,2264046
2026-03-26 00:00:00+00:00,46428.0,46555.2,45889.9,46027.7,2229567
2026-03-27 00:00:00+00:00,46060.4,46239.0,45001.4,45044.7,2327172
2026-03-30 00:00:00+00:00,44932.5,45672.3,44813.9,45208.1,2308932
2026-03-31 00:00:00+00:00,45208.4,46387.1,45040.5,46308.3,2746132
2026-04-01 00:00:00+00:00,46226.4,46805.4,46226.4,46574.8,2244687
2026-04-02 00:00:00+00:00,46579.0,46738.0,45830.7,46501.0,2268537
2026-04-03 00:00:00+00:00,46508.2,46623.8,46350.8,46397.8,315162
2026-04-06 00:00:00+00:00,46184.5,46810.2,46122.5,46768.0,1660395
2026-04-07 00:00:00+00:00,46763.3,46810.8,46194.6,46641.4,2508741
2026-04-08 00:00:00+00:00,46809.3,48040.9,46614.5,47883.0,2108916
2026-04-09 00:00:00+00:00,47851.5,48323.1,47669.9,48184.7,1691187
2026-04-10 00:00:00+00:00,48157.3,48281.3,47842.5,47928.7,1401957
2026-04-13 00:00:00+00:00,47441.8,48238.1,47315.0,48229.7,1429836
2026-04-14 00:00:00+00:00,48222.2,48595.8,48129.6,48574.6,1255407
2026-04-15 00:00:00+00:00,48515.4,48697.3,48269.7,48492.1,1233180
2026-04-16 00:00:00+00:00,48496.2,48668.4,48326.7,48626.5,1276104
2026-04-17 00:00:00+00:00,48618.3,49733.8,48618.3,49457.5,1372503
2026-04-20 00:00:00+00:00,48908.7,49527.6,48903.0,49492.5,1360980
2026-04-21 00:00:00+00:00,49486.4,49844.3,49030.8,49285.8,1529394
2026-04-22 00:00:00+00:00,49308.5,49617.0,49227.8,49298.2,1306692
2026-04-23 00:00:00+00:00,49346.4,49524.4,48858.0,49209.7,1702311
2026-04-24 00:00:00+00:00,49255.1,49421.4,49065.7,49201.3,1463400
2026-04-27 00:00:00+00:00,49142.8,49359.0,49026.1,49182.4,1161585
2026-04-28 00:00:00+00:00,49192.2,49389.2,49071.5,49195.9,1284460
2026-04-29 00:00:00+00:00,49211.0,49268.1,48639.4,48646.5,1469004
2026-04-30 00:00:00+00:00,48672.9,49794.3,48466.8,49766.7,1498269
2026-05-01 00:00:00+00:00,49767.4,49981.9,49456.3,49458.0,1113639
2026-05-04 00:00:00+00:00,49627.6,49634.9,48872.7,48930.8,1518354
2026-05-05 00:00:00+00:00,48955.5,49343.3,48928.0,49263.5,1116081
2026-05-06 00:00:00+00:00,49267.3,50021.1,49228.3,49911.5,1553409
2026-05-07 00:00:00+00:00,49905.5,50121.5,49461.2,49519.0,1655103
2026-05-08 00:00:00+00:00,49492.7,49842.8,49469.7,49590.7,1360881
2026-05-11 00:00:00+00:00,49479.1,49763.4,49368.2,49706.2,1342524
2026-05-12 00:00:00+00:00,49696.6,49821.1,49294.5,49766.5,1632999
2026-05-13 00:00:00+00:00,49749.2,49816.5,49439.1,49801.4,1439481
2026-05-14 00:00:00+00:00,49802.2,50203.0,49783.8,50069.3,1548795
2026-05-15 00:00:00+00:00,50032.6,50053.0,49328.8,49362.7,1919511
2026-05-18 00:00:00+00:00,49396.4,49756.7,49064.1,49655.9,2253810
2026-05-19 00:00:00+00:00,49642.7,49747.6,49231.7,49340.6,2085612
2026-05-20 00:00:00+00:00,49356.1,50077.9,49213.6,49959.5,1969119
2026-05-21 00:00:00+00:00,49964.6,50379.7,49686.3,50316.5,1919088
2026-05-22 00:00:00+00:00,50313.2,50824.6,50312.7,50586.3,1475052
2026-05-25 00:00:00+00:00,50814.8,51130.1,50785.8,51059.6,558819
2026-05-26 00:00:00+00:00,51025.6,51052.6,50338.5,50433.3,1883814
2026-05-27 00:00:00+00:00,50438.7,50825.5,50430.0,50721.0,1939605
2026-05-28 00:00:00+00:00,50737.7,50784.2,50317.9,50696.5,1954521
2026-05-29 00:00:00+00:00,50690.7,51073.5,50635.9,50981.6,1978224
2026-06-01 00:00:00+00:00,50977.5,51308.9,50748.6,51032.5,1850565
2026-06-02 00:00:00+00:00,51009.1,51379.3,50778.6,51365.5,1900269
2026-06-03 00:00:00+00:00,51340.2,51350.6,50668.3,50689.4,2156922
2026-06-04 00:00:00+00:00,50712.6,51680.0,50681.9,51593.0,2396835
2026-06-05 00:00:00+00:00,51587.0,51755.8,50666.2,50692.4,3571560
2026-06-08 00:00:00+00:00,50645.5,51270.5,50564.3,50765.2,3911748
2026-06-09 00:00:00+00:00,50771.1,51257.3,50205.2,50820.6,4881609
2026-06-10 00:00:00+00:00,50808.1,50846.2,49814.0,49861.9,4952352
2026-06-11 00:00:00+00:00,49833.4,50957.3,49698.4,50854.5,4436756
2026-06-12 00:00:00+00:00,50857.5,51406.1,50794.5,51229.5,3057984
2026-06-15 00:00:00+00:00,51466.0,51943.6,51410.2,51697.4,2131663
2026-06-16 00:00:00+00:00,51715.6,52201.2,51643.2,52028.1,2513733
2026-06-17 00:00:00+00:00,51977.7,52282.3,51388.0,51596.5,3032610
2026-06-18 00:00:00+00:00,51619.5,51936.6,51524.3,51610.7,2939943
2026-06-19 00:00:00+00:00,51647.7,51654.8,51382.0,51476.5,682389
2026-06-22 00:00:00+00:00,51406.1,51894.6,51302.6,51760.5,2547009
2026-06-23 00:00:00+00:00,51766.7,51882.2,51288.4,51728.3,3327522
2026-06-24 00:00:00+00:00,51710.8,52282.9,51540.8,52003.4,3567903
2026-06-25 00:00:00+00:00,51971.2,52684.0,51806.4,52044.0,3458001
2026-06-26 00:00:00+00:00,52028.1,52128.3,51593.3,51872.5,3718362
2026-06-29 00:00:00+00:00,51838.5,52293.6,51819.9,52132.0,2781186
2026-06-30 00:00:00+00:00,52164.0,52369.0,51988.7,52175.3,1817862
2026-07-01 00:00:00+00:00,52213.6,52727.5,52003.8,52225.1,2094090
2026-07-02 00:00:00+00:00,52258.3,52855.5,52187.2,52803.0,3057489
2026-07-03 00:00:00+00:00,52829.0,53068.6,52741.1,52826.5,568983
2026-07-06 00:00:00+00:00,52863.1,53075.9,52617.3,53073.6,1815231
2026-07-07 00:00:00+00:00,53086.7,53335.9,52759.7,52882.6,1957188
2026-07-08 00:00:00+00:00,52872.7,52905.0,52038.3,52253.3,3040299
2026-07-09 00:00:00+00:00,52263.9,52571.3,52208.0,52420.0,1890657
2026-07-10 00:00:00+00:00,52452.1,52697.9,52218.7,52678.6,1642776
2026-07-13 00:00:00+00:00,52570.5,52832.1,52321.7,52441.5,2035611
2026-07-14 00:00:00+00:00,52461.8,52717.5,51995.8,52547.0,2682882
2026-07-15 00:00:00+00:00,52543.8,52832.3,52426.0,52645.5,1957665
2026-07-16 00:00:00+00:00,52651.7,52850.5,52353.2,52487.3,2301642
2026-07-17 00:00:00+00:00,52528.9,52585.0,51924.0,52103.5,2988906
2026-07-20 00:00:00+00:00,52066.3,52396.2,51760.2,51875.7,2313315
2026-07-21 00:00:00+00:00,51888.5,52373.1,51812.7,52196.5,1757238
2026-07-22 00:00:00+00:00,52201.7,52500.3,52046.1,52252.5,2159046
2026-07-23 00:00:00+00:00,52237.5,52301.2,51511.6,51701.5,3109068
2026-07-24 00:00:00+00:00,51708.5,52108.2,51649.8,51878.0,2944410
2026-07-27 00:00:00+00:00,52253.1,52596.9,51979.7,52238.6,2989110
2026-07-28 00:00:00+00:00,52236.6,52916.6,52099.9,52719.9,2856855
2026-07-29 00:00:00+00:00,52710.6,52832.3,51434.8,51531.8,3902793
2026-07-30 00:00:00+00:00,51613.0,52318.8,51566.5,52257.5,3424065
2026-07-31 00:00:00+00:00,52237.5,52622.2,51972.9,52503.5,2638200
2026-08-03 00:00:00+00:00,52708.5,53274.6,52637.4,53254.0,1853901
2026-08-04 00:00:00+00:00,53232.0,54281.3,53140.8,54231.8,2044569
2026-08-05 00:00:00+00:00,54213.4,54733.8,54195.3,54409.8,2021166
2026-08-06 00:00:00+00:00,54424.0,54537.7,53813.4,53843.0,2041575
2026-08-07 00:00:00+00:00,53881.3,54070.8,53749.9,53990.8,1801032
2026-08-10 00:00:00+00:00,53949.0,54046.6,53828.5,53935.0,1443081
2026-08-11 00:00:00+00:00,53948.8,54225.7,53744.5,53794.7,1404486
2026-08-12 00:00:00+00:00,53807.3,53993.8,53738.6,53761.0,1296925
