time,open,high,low,close,volume
2012-03-05 00:00:00+00:00,12977.3,12977.3,12883.9,12962.8,0
2012-03-06 00:00:00+00:00,12958.7,12958.8,12734.9,12759.2,0
2012-03-07 00:00:00+00:00,12756.1,12857.7,12751.5,12837.3,0
2012-03-08 00:00:00+00:00,12835.5,12937.2,12835.5,12907.9,0
2012-03-09 00:00:00+00:00,12908.6,12968.8,12906.4,12922.0,0
2012-03-12 00:00:00+00:00,12920.6,12976.4,12920.0,12959.7,0
2012-03-13 00:00:00+00:00,12953.2,13180.4,12953.1,13177.7,0
2012-03-14 00:00:00+00:00,13177.2,13221.3,13166.3,13194.2,0
2012-03-15 00:00:00+00:00,13193.0,13253.5,13170.2,13252.8,0
2012-03-16 00:00:00+00:00,13253.5,13289.1,13231.4,13232.6,0
2012-03-19 00:00:00+00:00,13231.9,13269.7,13208.6,13239.1,0
2012-03-20 00:00:00+00:00,13238.5,13238.5,13123.4,13170.2,0
2012-03-21 00:00:00+00:00,13170.8,13190.0,13112.9,13124.6,0
2012-03-22 00:00:00+00:00,13124.4,13124.5,13017.4,13046.1,0
2012-03-23 00:00:00+00:00,13046.0,13099.9,13002.8,13080.7,0
2012-03-26 00:00:00+00:00,13082.6,13243.8,13082.4,13241.6,0
2012-03-27 00:00:00+00:00,13242.1,13265.0,13194.3,13197.7,0
2012-03-28 00:00:00+00:00,13195.4,13212.7,13069.3,13126.2,0
2012-03-29 00:00:00+00:00,13126.0,13151.6,13032.7,13145.8,0
2012-03-30 00:00:00+00:00,13147.9,13224.5,13147.7,13212.0,0
2012-04-02 00:00:00+00:00,13211.4,13297.2,13153.7,13264.5,0
2012-04-03 00:00:00+00:00,13259.0,13265.4,13131.2,13199.6,0
2012-04-04 00:00:00+00:00,13198.2,13198.2,13020.9,13074.8,0
2012-04-05 00:00:00+00:00,13067.2,13088.1,13012.5,13060.2,0
2012-04-09 00:00:00+00:00,13057.6,13057.8,12903.8,12929.6,0
2012-04-10 00:00:00+00:00,12929.4,12929.6,12710.5,12715.9,0
2012-04-11 00:00:00+00:00,12716.9,12844.8,12716.9,12805.4,0
2012-04-12 00:00:00+00:00,12806.5,12987.0,12806.3,12986.6,0
2012-04-13 00:00:00+00:00,12986.2,12986.4,12845.3,12849.6,0
2012-04-16 00:00:00+00:00,12850.9,12986.8,12850.8,12921.4,0
2012-04-17 00:00:00+00:00,12921.8,13131.4,12921.8,13115.6,0
2012-04-18 00:00:00+00:00,13114.6,13114.6,13027.5,13032.8,0
2012-04-19 00:00:00+00:00,13028.7,13080.2,12896.8,12964.1,0
2012-04-20 00:00:00+00:00,12964.5,13082.6,12964.3,13029.3,0
2012-04-23 00:00:00+00:00,13028.2,13028.2,12845.6,12927.2,0
2012-04-24 00:00:00+00:00,12927.8,13050.3,12926.5,13001.6,0
2012-04-25 00:00:00+00:00,12997.7,13105.7,12993.6,13090.7,0
2012-04-26 00:00:00+00:00,13090.1,13227.8,13075.9,13204.6,0
2012-04-27 00:00:00+00:00,13204.7,13266.7,13192.2,13228.3,0
2012-04-30 00:00:00+00:00,13228.3,13228.8,13176.0,13213.6,0
2012-05-01 00:00:00+00:00,13214.2,13338.7,13174.7,13279.4,0
2012-05-02 00:00:00+00:00,13278.1,13278.1,13192.2,13268.6,0
2012-05-03 00:00:00+00:00,13267.6,13284.1,13175.6,13206.6,0
2012-05-04 00:00:00+00:00,13204.6,13205.0,13022.3,13038.2,0
2012-05-07 00:00:00+00:00,13035.9,13049.1,12970.0,13008.6,0
2012-05-08 00:00:00+00:00,13000.7,13000.7,12810.4,12932.1,0
2012-05-09 00:00:00+00:00,12921.8,12921.8,12748.5,12835.0,0
2012-05-10 00:00:00+00:00,12831.6,12931.7,12820.3,12855.1,0
2012-05-11 00:00:00+00:00,12851.8,12918.0,12779.3,12820.6,0
2012-05-14 00:00:00+00:00,12818.5,12818.9,12661.5,12695.4,0
2012-05-15 00:00:00+00:00,12695.1,12758.5,12608.2,12632.0,0
2012-05-16 00:00:00+00:00,12617.3,12722.6,12597.3,12598.5,0
2012-05-17 00:00:00+00:00,12598.3,12611.4,12440.5,12442.5,0
2012-05-18 00:00:00+00:00,12443.0,12493.0,12336.7,12369.4,0
2012-05-21 00:00:00+00:00,12369.2,12508.2,12367.8,12504.5,0
2012-05-22 00:00:00+00:00,12505.4,12576.0,12447.3,12502.8,0
2012-05-23 00:00:00+00:00,12501.5,12508.3,12311.5,12496.1,0
2012-05-24 00:00:00+00:00,12491.9,12539.6,12419.6,12529.7,0
2012-05-25 00:00:00+00:00,12530.7,12533.1,12421.5,12454.8,0
2012-05-29 00:00:00+00:00,12454.8,12611.6,12454.6,12580.7,0
2012-05-30 00:00:00+00:00,12579.0,12579.1,12396.4,12419.8,0
2012-05-31 00:00:00+00:00,12414.4,12489.9,12316.5,12393.4,0
2012-06-01 00:00:00+00:00,12391.6,12391.7,12107.5,12118.6,0
2012-06-04 00:00:00+00:00,12119.9,12143.7,12035.1,12101.5,0
2012-06-05 00:00:00+00:00,12101.1,12147.6,12072.2,12128.0,0
2012-06-06 00:00:00+00:00,12125.0,12414.8,12125.0,12414.8,0
2012-06-07 00:00:00+00:00,12416.5,12555.2,12416.5,12460.9,0
2012-06-08 00:00:00+00:00,12460.8,12554.2,12398.4,12554.2,0
2012-06-11 00:00:00+00:00,12553.8,12650.5,12398.5,12411.2,0
2012-06-12 00:00:00+00:00,12412.1,12577.1,12411.9,12573.8,0
2012-06-13 00:00:00+00:00,12566.4,12598.3,12453.7,12496.4,0
2012-06-14 00:00:00+00:00,12497.9,12698.7,12497.7,12651.9,0
2012-06-15 00:00:00+00:00,12652.2,12774.7,12651.4,12767.2,0
2012-06-18 00:00:00+00:00,12767.0,12781.9,12696.2,12741.8,0
2012-06-19 00:00:00+00:00,12744.6,12898.9,12744.4,12837.3,0
2012-06-20 00:00:00+00:00,12837.1,12877.2,12744.9,12824.4,0
2012-06-21 00:00:00+00:00,12823.1,12857.4,12561.5,12573.6,0
2012-06-22 00:00:00+00:00,12574.8,12674.1,12574.6,12640.8,0
2012-06-25 00:00:00+00:00,12639.8,12639.9,12458.0,12502.7,0
2012-06-26 00:00:00+00:00,12503.6,12576.4,12452.1,12534.7,0
2012-06-27 00:00:00+00:00,12532.9,12646.8,12532.7,12627.0,0
2012-06-28 00:00:00+00:00,12626.3,12626.3,12450.2,12602.3,0
2012-06-29 00:00:00+00:00,12604.6,12880.4,12604.5,12880.1,0
2012-07-02 00:00:00+00:00,12879.7,12902.1,12795.5,12871.4,0
2012-07-03 00:00:00+00:00,12868.1,12946.2,12845.3,12943.7,0
2012-07-05 00:00:00+00:00,12941.9,12961.4,12852.3,12896.7,0
2012-07-06 00:00:00+00:00,12889.4,12889.4,12703.0,12772.5,0
2012-07-09 00:00:00+00:00,12772.0,12772.0,12686.5,12736.3,0
2012-07-10 00:00:00+00:00,12733.9,12830.3,12606.9,12653.1,0
2012-07-11 00:00:00+00:00,12653.0,12661.9,12534.3,12604.5,0
2012-07-12 00:00:00+00:00,12602.7,12630.6,12492.2,12573.3,0
2012-07-13 00:00:00+00:00,12573.7,12784.7,12573.0,12777.1,0
2012-07-16 00:00:00+00:00,12776.3,12779.6,12690.0,12727.2,0
2012-07-17 00:00:00+00:00,12728.7,12829.2,12645.1,12805.5,0
2012-07-18 00:00:00+00:00,12797.0,12922.0,12754.6,12908.7,0
2012-07-19 00:00:00+00:00,12909.6,12977.6,12889.9,12943.4,0
2012-07-20 00:00:00+00:00,12942.7,12942.9,12810.4,12822.6,0
2012-07-23 00:00:00+00:00,12820.5,12820.5,12583.5,12721.5,0
2012-07-24 00:00:00+00:00,12720.9,12730.1,12521.8,12617.3,0
2012-07-25 00:00:00+00:00,12617.8,12732.8,12617.6,12676.1,0
2012-07-26 00:00:00+00:00,12680.6,12931.2,12680.6,12887.9,0
2012-07-27 00:00:00+00:00,12888.9,13117.7,12888.5,13075.7,0
2012-07-30 00:00:00+00:00,13075.4,13128.7,13042.9,13073.1,0
2012-07-31 00:00:00+00:00,13071.7,13082.6,13006.5,13008.7,0
2012-08-01 00:00:00+00:00,13007.5,13074.9,12951.2,12976.2,0
2012-08-02 00:00:00+00:00,12969.7,12969.9,12778.9,12878.9,0
2012-08-03 00:00:00+00:00,12884.8,13133.2,12884.8,13096.2,0
2012-08-06 00:00:00+00:00,13099.9,13187.3,13099.7,13117.5,0
2012-08-07 00:00:00+00:00,13118.7,13216.0,13118.5,13168.7,0
2012-08-08 00:00:00+00:00,13158.1,13202.7,13115.2,13175.6,0
2012-08-09 00:00:00+00:00,13174.7,13200.2,13125.1,13165.2,0
2012-08-10 00:00:00+00:00,13163.2,13208.3,13095.0,13208.0,0
2012-08-13 00:00:00+00:00,13204.9,13205.0,13112.9,13169.4,0
2012-08-14 00:00:00+00:00,13168.1,13223.0,13142.1,13172.1,0
2012-08-15 00:00:00+00:00,13157.5,13192.9,13138.3,13164.8,0
2012-08-16 00:00:00+00:00,13163.2,13269.3,13145.8,13250.1,0
2012-08-17 00:00:00+00:00,13251.2,13281.3,13244.8,13275.2,0
2012-08-20 00:00:00+00:00,13274.6,13276.2,13230.1,13271.7,0
2012-08-21 00:00:00+00:00,13272.1,13330.8,13186.6,13203.6,0
2012-08-22 00:00:00+00:00,13198.3,13205.1,13120.3,13172.7,0
2012-08-23 00:00:00+00:00,13171.4,13171.4,13046.5,13057.5,0
2012-08-24 00:00:00+00:00,13052.8,13175.5,13027.2,13158.0,0
2012-08-27 00:00:00+00:00,13157.7,13176.1,13115.4,13124.6,0
2012-08-28 00:00:00+00:00,13122.7,13147.3,13081.1,13102.9,0
2012-08-29 00:00:00+00:00,13103.5,13144.9,13081.3,13107.5,0
2012-08-30 00:00:00+00:00,13101.3,13101.4,12978.9,13000.7,0
2012-08-31 00:00:00+00:00,13002.7,13151.9,13002.6,13090.8,0
2012-09-04 00:00:00+00:00,13092.2,13092.4,12977.1,13036.0,0
2012-09-05 00:00:00+00:00,13036.1,13095.9,13018.7,13047.5,0
2012-09-06 00:00:00+00:00,13045.2,13294.1,13045.0,13292.0,0
2012-09-07 00:00:00+00:00,13289.5,13320.2,13266.2,13306.6,0
2012-09-10 00:00:00+00:00,13308.6,13324.1,13251.4,13254.3,0
2012-09-11 00:00:00+00:00,13254.6,13354.3,13253.2,13323.4,0
2012-09-12 00:00:00+00:00,13321.6,13373.6,13317.5,13333.3,0
2012-09-13 00:00:00+00:00,13329.7,13573.3,13325.1,13539.9,0
2012-09-14 00:00:00+00:00,13540.4,13653.2,13533.9,13593.4,0
2012-09-17 00:00:00+00:00,13588.6,13593.2,13526.7,13553.1,0
2012-09-18 00:00:00+00:00,13552.3,13582.1,13517.8,13564.6,0
2012-09-19 00:00:00+00:00,13565.4,13626.5,13556.7,13578.0,0
2012-09-20 00:00:00+00:00,13575.2,13599.1,13503.0,13597.0,0
2012-09-21 00:00:00+00:00,13597.2,13647.1,13571.5,13579.4,0
2012-09-24 00:00:00+00:00,13577.9,13602.0,13521.7,13559.0,0
2012-09-25 00:00:00+00:00,13559.9,13620.2,13457.2,13457.5,0
2012-09-26 00:00:00+00:00,13458.6,13480.3,13406.9,13413.5,0
2012-09-27 00:00:00+00:00,13413.5,13522.9,13413.5,13486.0,0
2012-09-28 00:00:00+00:00,13485.9,13487.7,13367.3,13437.1,0
2012-10-01 00:00:00+00:00,13437.7,13598.3,13437.7,13515.2,0
2012-10-02 00:00:00+00:00,13515.3,13567.1,13424.9,13482.4,0
2012-10-03 00:00:00+00:00,13479.2,13536.3,13439.1,13494.6,0
2012-10-04 00:00:00+00:00,13495.2,13594.4,13495.2,13575.4,0
2012-10-05 00:00:00+00:00,13569.2,13661.9,13568.8,13610.2,0
2012-10-08 00:00:00+00:00,13589.3,13610.4,13552.1,13583.7,0
2012-10-09 00:00:00+00:00,13582.9,13592.4,13473.3,13473.5,0
2012-10-10 00:00:00+00:00,13473.5,13478.8,13327.6,13344.9,0
2012-10-11 00:00:00+00:00,13346.3,13428.5,13326.1,13326.4,0
2012-10-12 00:00:00+00:00,13325.6,13401.3,13296.4,13328.8,0
2012-10-15 00:00:00+00:00,13329.5,13437.6,13325.9,13424.2,0
2012-10-16 00:00:00+00:00,13423.8,13556.3,13423.7,13551.7,0
2012-10-17 00:00:00+00:00,13539.6,13561.6,13468.9,13557.0,0
2012-10-18 00:00:00+00:00,13553.2,13588.7,13510.9,13548.9,0
2012-10-19 00:00:00+00:00,13545.3,13545.5,13312.2,13343.5,0
2012-10-22 00:00:00+00:00,13344.3,13368.6,13235.2,13345.9,0
2012-10-23 00:00:00+00:00,13344.9,13344.9,13083.3,13102.5,0
2012-10-24 00:00:00+00:00,13103.5,13155.2,13063.6,13077.3,0
2012-10-25 00:00:00+00:00,13079.6,13214.1,13017.3,13103.6,0
2012-10-26 00:00:00+00:00,13104.2,13151.7,13040.1,13107.2,0
2012-10-31 00:00:00+00:00,13107.4,13189.0,13052.0,13096.4,0
2012-11-01 00:00:00+00:00,13099.2,13273.7,13099.1,13232.6,0
2012-11-02 00:00:00+00:00,13232.6,13289.4,13076.5,13093.1,0
2012-11-05 00:00:00+00:00,13092.3,13140.6,13038.7,13112.5,0
2012-11-06 00:00:00+00:00,13112.9,13290.8,13112.9,13245.7,0
2012-11-07 00:00:00+00:00,13228.2,13228.3,12876.6,12932.7,0
2012-11-08 00:00:00+00:00,12932.8,12980.2,12811.2,12811.3,0
2012-11-09 00:00:00+00:00,12811.2,12890.2,12743.4,12815.4,0
2012-11-12 00:00:00+00:00,12815.9,12861.3,12783.0,12815.0,0
2012-11-13 00:00:00+00:00,12808.7,12898.2,12748.5,12756.2,0
2012-11-14 00:00:00+00:00,12746.5,12797.7,12542.6,12570.9,0
2012-11-15 00:00:00+00:00,12571.1,12600.6,12496.6,12542.4,0
2012-11-16 00:00:00+00:00,12542.3,12604.2,12471.5,12588.3,0
2012-11-19 00:00:00+00:00,12590.2,12796.2,12590.2,12795.9,0
2012-11-20 00:00:00+00:00,12790.9,12808.6,12701.1,12788.5,0
2012-11-21 00:00:00+00:00,12788.4,12846.0,12786.2,12836.9,0
2012-11-23 00:00:00+00:00,12833.1,13011.4,12832.9,13009.5,0
2012-11-26 00:00:00+00:00,13008.5,13008.5,12900.2,12967.4,0
2012-11-27 00:00:00+00:00,12963.4,12980.2,12868.3,12878.1,0
2012-11-28 00:00:00+00:00,12875.6,12989.1,12765.4,12985.2,0
2012-11-29 00:00:00+00:00,12977.4,13062.6,12962.0,13021.9,0
2012-11-30 00:00:00+00:00,13022.1,13053.8,12988.7,13025.6,0
2012-12-03 00:00:00+00:00,13027.7,13087.3,12959.4,12965.6,0
2012-12-04 00:00:00+00:00,12966.5,13022.6,12940.1,12951.8,0
2012-12-05 00:00:00+00:00,12949.0,13089.2,12923.5,13034.5,0
2012-12-06 00:00:00+00:00,13026.2,13076.9,13007.8,13074.1,0
2012-12-07 00:00:00+00:00,13072.9,13157.3,13072.9,13155.2,0
2012-12-10 00:00:00+00:00,13154.9,13195.4,13139.1,13169.9,0
2012-12-11 00:00:00+00:00,13170.3,13306.5,13170.3,13248.4,0
2012-12-12 00:00:00+00:00,13250.1,13329.5,13227.5,13245.5,0
2012-12-13 00:00:00+00:00,13241.4,13264.4,13147.2,13170.7,0
2012-12-14 00:00:00+00:00,13170.8,13190.4,13118.5,13135.0,0
2012-12-17 00:00:00+00:00,13135.2,13244.4,13134.7,13235.4,0
2012-12-18 00:00:00+00:00,13236.6,13365.9,13232.6,13351.0,0
2012-12-19 00:00:00+00:00,13351.0,13357.7,13251.7,13251.9,0
2012-12-20 00:00:00+00:00,13246.7,13314.7,13216.1,13311.8,0
2012-12-21 00:00:00+00:00,13310.0,13310.0,13122.6,13190.9,0
2012-12-24 00:00:00+00:00,13190.2,13190.4,13128.6,13139.0,0
2012-12-26 00:00:00+00:00,13138.9,13174.9,13076.9,13114.6,0
2012-12-27 00:00:00+00:00,13115.0,13141.8,12964.1,13096.3,0
2012-12-28 00:00:00+00:00,13095.1,13095.5,12926.9,12938.1,0
2012-12-31 00:00:00+00:00,12938.2,13109.1,12883.9,13104.2,0
2013-01-02 00:00:00+00:00,13104.3,13412.7,13104.3,13412.6,0
2013-01-03 00:00:00+00:00,13413.0,13430.6,13358.3,13391.3,0
2013-01-04 00:00:00+00:00,13391.1,13447.2,13376.3,13435.3,0
2013-01-07 00:00:00+00:00,13436.1,13436.1,13343.3,13384.3,0
2013-01-08 00:00:00+00:00,13377.4,13377.4,13293.1,13328.8,0
2013-01-09 00:00:00+00:00,13329.9,13416.5,13329.1,13390.5,0
2013-01-10 00:00:00+00:00,13391.8,13478.2,13382.3,13471.2,0
2013-01-11 00:00:00+00:00,13471.5,13496.7,13440.0,13488.5,0
2013-01-14 00:00:00+00:00,13488.4,13520.2,13459.8,13507.3,0
2013-01-15 00:00:00+00:00,13507.3,13546.4,13445.8,13534.9,0
2013-01-16 00:00:00+00:00,13534.9,13534.9,13469.0,13511.2,0
2013-01-17 00:00:00+00:00,13511.2,13633.9,13510.2,13596.0,0
2013-01-18 00:00:00+00:00,13596.0,13649.9,13571.8,13649.7,0
2013-01-22 00:00:00+00:00,13649.7,13712.2,13623.0,13712.2,0
2013-01-23 00:00:00+00:00,13712.2,13794.3,13710.1,13779.3,0
2013-01-24 00:00:00+00:00,13779.3,13879.6,13779.3,13825.3,0
2013-01-25 00:00:00+00:00,13825.3,13896.0,13825.3,13896.0,0
2013-01-28 00:00:00+00:00,13896.0,13915.7,13862.6,13881.9,0
2013-01-29 00:00:00+00:00,13881.9,13970.0,13880.0,13954.4,0
2013-01-30 00:00:00+00:00,13954.4,13966.1,13896.9,13910.4,0
2013-01-31 00:00:00+00:00,13910.4,13941.0,13860.6,13860.6,0
2013-02-01 00:00:00+00:00,13860.6,14019.8,13860.6,14009.8,0
2013-02-04 00:00:00+00:00,14009.8,14009.8,13866.8,13880.1,0
2013-02-05 00:00:00+00:00,13880.1,14013.6,13880.1,13979.3,0
2013-02-06 00:00:00+00:00,13979.3,13991.6,13913.2,13986.5,0
2013-02-07 00:00:00+00:00,13986.5,13988.0,13852.2,13944.0,0
2013-02-08 00:00:00+00:00,13944.1,14022.7,13944.1,13993.0,0
2013-02-11 00:00:00+00:00,13993.0,13993.0,13940.4,13971.3,0
2013-02-12 00:00:00+00:00,13971.2,14038.9,13968.9,14018.7,0
2013-02-13 00:00:00+00:00,14018.7,14029.4,13945.8,13982.9,0
2013-02-14 00:00:00+00:00,13982.9,13990.4,13921.9,13973.4,0
2013-02-15 00:00:00+00:00,13973.4,14001.9,13906.7,13981.8,0
2013-02-19 00:00:00+00:00,13981.8,14044.9,13977.9,14035.7,0
2013-02-20 00:00:00+00:00,14035.7,14058.3,13919.3,13927.6,0
2013-02-21 00:00:00+00:00,13927.5,13927.5,13834.4,13880.6,0
2013-02-22 00:00:00+00:00,13880.6,14001.2,13880.6,14000.6,0
2013-02-25 00:00:00+00:00,14000.6,14081.6,13784.0,13784.2,0
2013-02-26 00:00:00+00:00,13784.2,13918.5,13784.2,13900.2,0
2013-02-27 00:00:00+00:00,13900.1,14104.8,13880.2,14075.3,0
2013-02-28 00:00:00+00:00,14075.4,14149.2,14050.2,14054.5,0
2013-03-01 00:00:00+00:00,14054.5,14107.1,13937.6,14089.7,0
2013-03-04 00:00:00+00:00,14089.7,14128.3,14030.4,14127.9,0
2013-03-05 00:00:00+00:00,14127.8,14286.4,14127.8,14253.8,0
2013-03-06 00:00:00+00:00,14253.8,14320.7,14253.0,14296.3,0
2013-03-07 00:00:00+00:00,14296.2,14354.7,14296.2,14329.5,0
2013-03-08 00:00:00+00:00,14329.5,14413.2,14329.5,14397.1,0
2013-03-11 00:00:00+00:00,14397.1,14448.1,14373.3,14447.3,0
2013-03-12 00:00:00+00:00,14447.3,14478.8,14412.1,14450.1,0
2013-03-13 00:00:00+00:00,14450.1,14472.8,14411.7,14455.3,0
2013-03-14 00:00:00+00:00,14455.3,14539.3,14455.3,14539.2,0
2013-03-15 00:00:00+00:00,14539.1,14539.1,14470.5,14514.1,0
2013-03-18 00:00:00+00:00,14514.1,14521.6,14404.2,14452.0,0
2013-03-19 00:00:00+00:00,14452.1,14514.4,14382.1,14455.9,0
2013-03-20 00:00:00+00:00,14455.8,14546.8,14455.8,14511.7,0
2013-03-21 00:00:00+00:00,14511.7,14511.7,14383.0,14421.5,0
2013-03-22 00:00:00+00:00,14421.5,14520.0,14421.5,14512.0,0
2013-03-25 00:00:00+00:00,14512.0,14563.7,14395.0,14447.7,0
2013-03-26 00:00:00+00:00,14447.8,14561.6,14447.8,14559.7,0
2013-03-27 00:00:00+00:00,14559.7,14559.7,14439.6,14526.2,0
2013-03-28 00:00:00+00:00,14526.2,14585.1,14520.9,14578.6,0
2013-04-01 00:00:00+00:00,14578.5,14605.7,14531.4,14572.8,0
2013-04-02 00:00:00+00:00,14572.9,14684.5,14572.9,14662.1,0
2013-04-03 00:00:00+00:00,14662.0,14683.1,14525.3,14550.3,0
2013-04-04 00:00:00+00:00,14550.4,14625.3,14538.8,14606.2,0
2013-04-05 00:00:00+00:00,14606.1,14606.1,14434.4,14565.2,0
2013-04-08 00:00:00+00:00,14565.3,14613.5,14497.8,14613.5,0
2013-04-09 00:00:00+00:00,14613.5,14716.5,14598.5,14673.5,0
2013-04-10 00:00:00+00:00,14673.5,14826.7,14673.5,14802.3,0
2013-04-11 00:00:00+00:00,14802.2,14887.5,14785.3,14865.1,0
2013-04-12 00:00:00+00:00,14865.1,14865.2,14790.5,14865.0,0
2013-04-15 00:00:00+00:00,14865.1,14865.1,14598.6,14599.2,0
2013-04-16 00:00:00+00:00,14599.2,14761.7,14599.2,14756.8,0
2013-04-17 00:00:00+00:00,14756.8,14756.8,14560.8,14618.6,0
2013-04-18 00:00:00+00:00,14618.6,14650.3,14495.3,14537.1,0
2013-04-19 00:00:00+00:00,14537.1,14553.7,14444.0,14547.5,0
2013-04-22 00:00:00+00:00,14547.5,14588.8,14457.6,14567.2,0
2013-04-23 00:00:00+00:00,14567.2,14721.5,14554.3,14719.5,0
2013-04-24 00:00:00+00:00,14719.5,14747.5,14666.6,14676.3,0
2013-04-25 00:00:00+00:00,14676.3,14768.1,14665.4,14700.8,0
2013-04-26 00:00:00+00:00,14700.8,14743.5,14684.8,14712.6,0
2013-04-29 00:00:00+00:00,14712.6,14845.0,14712.6,14818.8,0
2013-04-30 00:00:00+00:00,14818.8,14839.9,14734.5,14839.9,0
2013-05-01 00:00:00+00:00,14839.8,14839.8,14687.0,14700.9,0
2013-05-02 00:00:00+00:00,14701.0,14834.7,14701.0,14831.6,0
2013-05-03 00:00:00+00:00,14831.6,15009.6,14831.6,14974.0,0
2013-05-06 00:00:00+00:00,14974.0,14988.9,14941.1,14968.9,0
2013-05-07 00:00:00+00:00,14968.9,15056.7,14968.9,15056.2,0
2013-05-08 00:00:00+00:00,15056.2,15106.8,15021.9,15105.1,0
2013-05-09 00:00:00+00:00,15105.1,15144.8,15046.8,15082.6,0
2013-05-10 00:00:00+00:00,15082.6,15118.5,15038.2,15118.5,0
2013-05-13 00:00:00+00:00,15113.4,15113.4,15053.4,15091.7,0
2013-05-14 00:00:00+00:00,15091.7,15219.6,15089.3,15215.3,0
2013-05-15 00:00:00+00:00,15211.9,15301.4,15175.4,15275.7,0
2013-05-16 00:00:00+00:00,15273.9,15302.5,15215.8,15233.2,0
2013-05-17 00:00:00+00:00,15234.8,15357.5,15234.8,15354.5,0
2013-05-20 00:00:00+00:00,15348.3,15391.8,15314.1,15335.2,0
2013-05-21 00:00:00+00:00,15335.0,15434.5,15325.7,15387.6,0
2013-05-22 00:00:00+00:00,15387.1,15542.4,15265.9,15307.1,0
2013-05-23 00:00:00+00:00,15300.6,15348.4,15180.3,15294.5,0
2013-05-24 00:00:00+00:00,15290.7,15306.7,15199.6,15303.1,0
2013-05-28 00:00:00+00:00,15307.3,15521.5,15307.3,15409.4,0
2013-05-29 00:00:00+00:00,15399.9,15400.2,15229.5,15302.8,0
2013-05-30 00:00:00+00:00,15306.0,15398.7,15281.0,15324.5,0
2013-05-31 00:00:00+00:00,15322.2,15392.4,15115.5,15115.5,0
2013-06-03 00:00:00+00:00,15123.6,15254.2,15123.6,15254.1,0
2013-06-04 00:00:00+00:00,15255.2,15305.0,15100.8,15177.5,0
2013-06-05 00:00:00+00:00,15168.1,15168.6,14945.6,14960.6,0
2013-06-06 00:00:00+00:00,14955.5,15040.7,14844.3,15040.7,0
2013-06-07 00:00:00+00:00,15044.5,15255.6,15044.5,15248.2,0
2013-06-10 00:00:00+00:00,15247.8,15300.6,15211.2,15238.6,0
2013-06-11 00:00:00+00:00,15231.4,15251.1,15086.1,15122.0,0
2013-06-12 00:00:00+00:00,15130.4,15241.3,14981.2,14995.2,0
2013-06-13 00:00:00+00:00,14992.5,15202.2,14953.4,15176.0,0
2013-06-14 00:00:00+00:00,15178.1,15205.9,15044.8,15070.2,0
2013-06-17 00:00:00+00:00,15078.7,15261.7,15078.7,15179.8,0
2013-06-18 00:00:00+00:00,15186.3,15340.1,15186.3,15318.2,0
2013-06-19 00:00:00+00:00,15315.5,15322.1,15112.1,15112.2,0
2013-06-20 00:00:00+00:00,15105.5,15105.5,14732.0,14758.3,0
2013-06-21 00:00:00+00:00,14760.6,14858.5,14688.4,14799.4,0
2013-06-24 00:00:00+00:00,14795.8,14795.8,14551.3,14659.6,0
2013-06-25 00:00:00+00:00,14669.7,14812.0,14669.7,14760.3,0
2013-06-26 00:00:00+00:00,14770.0,14939.0,14769.7,14910.2,0
2013-06-27 00:00:00+00:00,14921.3,15075.0,14921.3,15024.5,0
2013-06-28 00:00:00+00:00,15016.6,15034.7,14884.8,14909.6,0
2013-07-01 00:00:00+00:00,14911.6,15083.3,14911.6,14975.0,0
2013-07-02 00:00:00+00:00,14975.0,15049.3,14870.5,14932.4,0
2013-07-03 00:00:00+00:00,14923.7,15025.9,14858.9,14988.3,0
2013-07-05 00:00:00+00:00,14995.5,15137.6,14971.2,15135.9,0
2013-07-08 00:00:00+00:00,15137.2,15262.7,15137.2,15224.7,0
2013-07-09 00:00:00+00:00,15228.5,15320.5,15228.5,15300.4,0
2013-07-10 00:00:00+00:00,15298.0,15348.9,15258.9,15291.6,0
2013-07-11 00:00:00+00:00,15298.0,15483.6,15298.0,15460.9,0
2013-07-12 00:00:00+00:00,15460.7,15498.4,15410.3,15464.3,0
2013-07-15 00:00:00+00:00,15459.7,15509.5,15455.8,15484.3,0
2013-07-16 00:00:00+00:00,15485.0,15498.1,15415.7,15451.8,0
2013-07-17 00:00:00+00:00,15456.9,15502.0,15438.1,15470.5,0
2013-07-18 00:00:00+00:00,15465.9,15589.4,15465.9,15548.5,0
2013-07-19 00:00:00+00:00,15524.3,15544.6,15492.0,15543.8,0
2013-07-22 00:00:00+00:00,15544.0,15576.2,15516.2,15545.6,0
2013-07-23 00:00:00+00:00,15547.0,15604.2,15544.1,15567.7,0
2013-07-24 00:00:00+00:00,15576.7,15602.6,15496.8,15542.2,0
2013-07-25 00:00:00+00:00,15539.2,15560.4,15455.6,15555.6,0
2013-07-26 00:00:00+00:00,15547.9,15561.0,15405.2,15558.9,0
2013-07-29 00:00:00+00:00,15557.1,15557.1,15482.2,15521.9,0
2013-07-30 00:00:00+00:00,15534.5,15593.9,15479.1,15520.6,0
2013-07-31 00:00:00+00:00,15528.6,15634.4,15493.0,15499.6,0
2013-08-01 00:00:00+00:00,15503.9,15650.7,15503.9,15628.1,0
2013-08-02 00:00:00+00:00,15627.6,15658.5,15558.7,15658.4,0
2013-08-05 00:00:00+00:00,15652.0,15655.2,15584.8,15612.1,0
2013-08-06 00:00:00+00:00,15608.4,15608.4,15473.4,15518.7,0
2013-08-07 00:00:00+00:00,15516.2,15516.2,15421.7,15470.7,0
2013-08-08 00:00:00+00:00,15477.3,15557.2,15418.6,15498.4,0
2013-08-09 00:00:00+00:00,15496.6,15507.7,15346.6,15425.5,0
2013-08-12 00:00:00+00:00,15415.2,15441.7,15359.9,15419.7,0
2013-08-13 00:00:00+00:00,15420.7,15504.2,15342.4,15451.0,0
2013-08-14 00:00:00+00:00,15447.7,15453.1,15316.6,15337.6,0
2013-08-15 00:00:00+00:00,15332.7,15332.7,15094.0,15112.2,0
2013-08-16 00:00:00+00:00,15112.6,15139.8,15054.4,15081.5,0
2013-08-19 00:00:00+00:00,15076.8,15106.4,15005.4,15010.7,0
2013-08-20 00:00:00+00:00,15011.8,15074.9,14992.1,15003.0,0
2013-08-21 00:00:00+00:00,14993.8,15019.7,14880.8,14897.5,0
2013-08-22 00:00:00+00:00,14908.6,14989.1,14899.0,14963.7,0
2013-08-23 00:00:00+00:00,14988.8,15025.6,14931.3,15010.5,0
2013-08-26 00:00:00+00:00,15014.6,15050.0,14945.3,14946.5,0
2013-08-27 00:00:00+00:00,14939.3,14939.3,14765.5,14776.2,0
2013-08-28 00:00:00+00:00,14771.0,14867.4,14760.4,14824.5,0
2013-08-29 00:00:00+00:00,14817.9,14916.0,14792.1,14840.9,0
2013-08-30 00:00:00+00:00,14844.1,14848.2,14762.3,14810.3,0
2013-09-03 00:00:00+00:00,14801.6,14933.4,14777.5,14834.0,0
2013-09-04 00:00:00+00:00,14832.4,14956.7,14799.1,14930.9,0
2013-09-05 00:00:00+00:00,14929.5,14987.5,14923.3,14937.5,0
2013-09-06 00:00:00+00:00,14941.6,15009.9,14789.4,14922.5,0
2013-09-09 00:00:00+00:00,14927.2,15088.4,14927.2,15063.1,0
2013-09-10 00:00:00+00:00,15067.2,15192.1,15067.2,15191.0,0
2013-09-11 00:00:00+00:00,15194.1,15326.6,15194.1,15326.6,0
2013-09-12 00:00:00+00:00,15327.1,15345.3,15283.2,15300.6,0
2013-09-13 00:00:00+00:00,15312.9,15381.0,15312.9,15376.1,0
2013-09-16 00:00:00+00:00,15381.4,15549.9,15381.4,15494.8,0
2013-09-17 00:00:00+00:00,15503.2,15555.1,15503.2,15529.8,0
2013-09-18 00:00:00+00:00,15533.0,15709.6,15470.1,15676.9,0
2013-09-19 00:00:00+00:00,15677.9,15695.9,15625.5,15636.6,0
2013-09-20 00:00:00+00:00,15635.1,15654.8,15448.1,15451.1,0
2013-09-23 00:00:00+00:00,15452.3,15466.9,15368.2,15401.4,0
2013-09-24 00:00:00+00:00,15402.5,15433.7,15327.1,15334.5,0
2013-09-25 00:00:00+00:00,15339.0,15372.5,15253.1,15273.2,0
2013-09-26 00:00:00+00:00,15274.4,15387.2,15274.4,15328.3,0
2013-09-27 00:00:00+00:00,15317.5,15317.5,15211.9,15258.3,0
2013-09-30 00:00:00+00:00,15249.8,15249.8,15086.7,15129.6,0
2013-10-01 00:00:00+00:00,15132.5,15208.4,15110.3,15191.7,0
2013-10-02 00:00:00+00:00,15182.7,15182.7,15044.8,15133.2,0
2013-10-03 00:00:00+00:00,15127.2,15127.2,14947.0,14996.4,0
2013-10-04 00:00:00+00:00,14994.7,15084.0,14972.3,15072.6,0
2013-10-07 00:00:00+00:00,15069.3,15069.3,14920.8,14936.2,0
2013-10-08 00:00:00+00:00,14938.0,14938.0,14773.4,14776.5,0
2013-10-09 00:00:00+00:00,14778.2,14852.5,14719.4,14803.0,0
2013-10-10 00:00:00+00:00,14806.4,15126.1,14806.4,15126.1,0
2013-10-11 00:00:00+00:00,15126.5,15237.3,15100.1,15237.1,0
2013-10-14 00:00:00+00:00,15231.3,15309.5,15136.3,15301.2,0
2013-10-15 00:00:00+00:00,15300.3,15301.9,15161.3,15168.0,0
2013-10-16 00:00:00+00:00,15170.7,15374.2,15170.7,15373.8,0
2013-10-17 00:00:00+00:00,15369.5,15376.2,15229.1,15371.7,0
2013-10-18 00:00:00+00:00,15371.7,15413.0,15321.8,15399.6,0
2013-10-21 00:00:00+00:00,15401.3,15410.2,15362.6,15392.2,0
2013-10-22 00:00:00+00:00,15394.2,15518.1,15394.2,15467.6,0
2013-10-23 00:00:00+00:00,15465.3,15465.6,15366.1,15413.3,0
2013-10-24 00:00:00+00:00,15414.9,15528.7,15414.2,15509.2,0
2013-10-25 00:00:00+00:00,15523.7,15570.6,15512.9,15570.3,0
2013-10-28 00:00:00+00:00,15569.2,15599.1,15533.5,15568.9,0
2013-10-29 00:00:00+00:00,15572.2,15683.1,15572.2,15680.3,0
2013-10-30 00:00:00+00:00,15680.7,15721.0,15574.5,15618.7,0
2013-10-31 00:00:00+00:00,15619.9,15651.8,15544.7,15545.7,0
2013-11-01 00:00:00+00:00,15558.0,15649.4,15543.2,15615.5,0
2013-11-04 00:00:00+00:00,15621.2,15658.9,15588.5,15639.1,0
2013-11-05 00:00:00+00:00,15631.2,15651.9,15522.2,15618.2,0
2013-11-06 00:00:00+00:00,15628.7,15750.3,15628.7,15746.9,0
2013-11-07 00:00:00+00:00,15751.3,15797.7,15586.3,15594.0,0
2013-11-08 00:00:00+00:00,15591.5,15764.3,15579.3,15761.7,0
2013-11-11 00:00:00+00:00,15759.3,15791.5,15737.2,15783.1,0
2013-11-12 00:00:00+00:00,15773.2,15793.4,15708.3,15750.7,0
2013-11-13 00:00:00+00:00,15739.5,15823.0,15672.0,15821.6,0
2013-11-14 00:00:00+00:00,15806.2,15885.0,15798.7,15876.2,0
2013-11-15 00:00:00+00:00,15876.2,15963.0,15875.9,15961.7,0
2013-11-18 00:00:00+00:00,15962.7,16030.3,15942.1,15976.0,0
2013-11-19 00:00:00+00:00,15974.1,16025.9,15943.8,15967.1,0
2013-11-20 00:00:00+00:00,15971.2,16016.9,15865.4,15900.8,0
2013-11-21 00:00:00+00:00,15908.1,16016.1,15908.1,16010.0,0
2013-11-22 00:00:00+00:00,16008.7,16068.8,15976.3,16064.8,0
2013-11-25 00:00:00+00:00,16072.1,16109.6,16055.5,16072.6,0
2013-11-26 00:00:00+00:00,16070.9,16120.2,16070.9,16072.8,0
2013-11-27 00:00:00+00:00,16073.4,16108.0,16057.4,16097.4,0
2013-11-29 00:00:00+00:00,16105.2,16174.6,16074.2,16086.4,0
2013-12-02 00:00:00+00:00,16087.1,16098.0,15986.2,16008.7,0
2013-12-03 00:00:00+00:00,16004.7,16004.7,15859.7,15914.6,0
2013-12-04 00:00:00+00:00,15910.5,15960.4,15791.3,15889.8,0
2013-12-05 00:00:00+00:00,15886.5,15896.2,15809.4,15821.5,0
2013-12-06 00:00:00+00:00,15825.6,16022.4,15825.6,16020.3,0
2013-12-09 00:00:00+00:00,16019.5,16058.4,16015.3,16025.5,0
2013-12-10 00:00:00+00:00,16024.1,16029.0,15969.5,15973.1,0
2013-12-11 00:00:00+00:00,15970.8,15997.3,15827.7,15843.6,0
2013-12-12 00:00:00+00:00,15844.8,15845.1,15703.8,15739.4,0
2013-12-13 00:00:00+00:00,15745.7,15792.8,15718.0,15755.4,0
2013-12-16 00:00:00+00:00,15759.6,15930.3,15759.6,15884.6,0
2013-12-17 00:00:00+00:00,15884.1,15918.0,15836.5,15875.3,0
2013-12-18 00:00:00+00:00,15876.6,16173.1,15808.9,16168.0,0
2013-12-19 00:00:00+00:00,16162.5,16194.7,16121.5,16179.1,0
2013-12-20 00:00:00+00:00,16178.6,16287.9,16178.6,16221.2,0
2013-12-23 00:00:00+00:00,16225.3,16318.2,16225.3,16294.7,0
2013-12-24 00:00:00+00:00,16295.7,16360.6,16295.7,16357.6,0
2013-12-26 00:00:00+00:00,16371.0,16483.0,16371.0,16479.9,0
2013-12-27 00:00:00+00:00,16486.4,16529.0,16461.3,16478.4,0
2013-12-30 00:00:00+00:00,16484.5,16504.3,16476.9,16504.3,0
2013-12-31 00:00:00+00:00,16512.4,16588.3,16511.5,16576.7,0
2014-01-02 00:00:00+00:00,16572.2,16573.1,16416.5,16441.4,0
2014-01-03 00:00:00+00:00,16456.9,16518.8,16439.3,16470.0,0
2014-01-06 00:00:00+00:00,16474.0,16533.0,16405.5,16425.1,0
2014-01-07 00:00:00+00:00,16429.0,16562.3,16429.0,16530.9,0
2014-01-08 00:00:00+00:00,16527.7,16528.9,16416.7,16462.8,0
2014-01-09 00:00:00+00:00,16471.4,16525.3,16378.6,16444.7,0
2014-01-10 00:00:00+00:00,16453.6,16487.6,16379.0,16437.0,0
2014-01-13 00:00:00+00:00,16434.0,16453.1,16240.6,16257.9,0
2014-01-14 00:00:00+00:00,16262.0,16373.9,16260.8,16373.9,0
2014-01-15 00:00:00+00:00,16378.0,16505.3,16376.7,16481.9,0
2014-01-16 00:00:00+00:00,16477.7,16477.7,16375.6,16417.0,0
2014-01-17 00:00:00+00:00,16408.0,16495.2,16378.8,16458.5,0
2014-01-21 00:00:00+00:00,16459.3,16520.6,16316.3,16414.5,0
2014-01-22 00:00:00+00:00,16420.5,16453.5,16333.0,16373.4,0
2014-01-23 00:00:00+00:00,16372.0,16373.0,16140.6,16197.4,0
2014-01-24 00:00:00+00:00,16203.3,16203.3,15879.1,15879.1,0
2014-01-27 00:00:00+00:00,15879.1,15942.8,15783.6,15837.9,0
2014-01-28 00:00:00+00:00,15840.8,15945.9,15840.8,15928.5,0
2014-01-29 00:00:00+00:00,15927.1,15927.1,15709.0,15738.8,0
2014-01-30 00:00:00+00:00,15743.0,15907.5,15733.2,15848.6,0
2014-01-31 00:00:00+00:00,15847.2,15847.2,15617.6,15698.9,0
2014-02-03 00:00:00+00:00,15697.7,15708.6,15356.2,15372.8,0
2014-02-04 00:00:00+00:00,15372.9,15481.8,15356.6,15445.2,0
2014-02-05 00:00:00+00:00,15443.0,15478.2,15340.7,15440.2,0
2014-02-06 00:00:00+00:00,15443.8,15632.1,15443.0,15628.5,0
2014-02-07 00:00:00+00:00,15630.6,15798.5,15625.5,15794.0,0
2014-02-10 00:00:00+00:00,15793.6,15801.8,15733.7,15801.8,0
2014-02-11 00:00:00+00:00,15804.2,16027.2,15803.4,15994.8,0
2014-02-12 00:00:00+00:00,15993.0,16036.5,15928.7,15963.9,0
2014-02-13 00:00:00+00:00,15947.0,16039.4,15863.3,16027.6,0
2014-02-14 00:00:00+00:00,16018.1,16175.6,15985.4,16154.4,0
2014-02-18 00:00:00+00:00,16154.0,16167.4,16107.1,16130.4,0
2014-02-19 00:00:00+00:00,16126.2,16225.7,16031.6,16040.5,0
2014-02-20 00:00:00+00:00,16044.2,16161.7,16006.6,16133.3,0
2014-02-21 00:00:00+00:00,16135.9,16191.9,16093.8,16103.3,0
2014-02-24 00:00:00+00:00,16102.3,16300.1,16102.3,16207.2,0
2014-02-25 00:00:00+00:00,16207.3,16254.2,16147.2,16179.6,0
2014-02-26 00:00:00+00:00,16180.4,16252.4,16155.9,16198.5,0
2014-02-27 00:00:00+00:00,16197.7,16276.3,16159.8,16272.7,0
2014-02-28 00:00:00+00:00,16273.2,16398.9,16226.1,16321.7,0
2014-03-03 00:00:00+00:00,16321.7,16321.7,16071.2,16168.0,0
2014-03-04 00:00:00+00:00,16169.3,16419.5,16169.3,16395.9,0
2014-03-05 00:00:00+00:00,16395.9,16406.6,16344.0,16360.2,0
2014-03-06 00:00:00+00:00,16360.6,16450.2,16360.6,16421.9,0
2014-03-07 00:00:00+00:00,16424.5,16505.7,16398.8,16452.7,0
2014-03-10 00:00:00+00:00,16453.1,16453.1,16334.2,16418.7,0
2014-03-11 00:00:00+00:00,16419.4,16460.3,16325.2,16351.3,0
2014-03-12 00:00:00+00:00,16350.7,16364.8,16260.1,16340.1,0
2014-03-13 00:00:00+00:00,16341.6,16405.1,16084.1,16108.9,0
2014-03-14 00:00:00+00:00,16106.3,16165.0,16047.0,16065.6,0
2014-03-17 00:00:00+00:00,16066.4,16270.4,16066.4,16247.3,0
2014-03-18 00:00:00+00:00,16245.9,16369.9,16245.9,16336.2,0
2014-03-19 00:00:00+00:00,16335.7,16363.3,16126.3,16222.2,0
2014-03-20 00:00:00+00:00,16222.0,16354.0,16160.3,16331.1,0
2014-03-21 00:00:00+00:00,16332.7,16456.5,16290.8,16302.8,0
2014-03-24 00:00:00+00:00,16303.3,16380.5,16215.6,16276.7,0
2014-03-25 00:00:00+00:00,16279.2,16407.2,16279.2,16367.9,0
2014-03-26 00:00:00+00:00,16370.7,16466.0,16269.0,16269.0,0
2014-03-27 00:00:00+00:00,16268.7,16301.0,16191.8,16264.3,0
2014-03-28 00:00:00+00:00,16267.8,16414.9,16267.8,16323.1,0
2014-03-31 00:00:00+00:00,16324.2,16480.8,16324.2,16457.6,0
2014-04-01 00:00:00+00:00,16458.1,16565.8,16457.6,16532.7,0
2014-04-02 00:00:00+00:00,16532.8,16588.2,16506.6,16573.0,0
2014-04-03 00:00:00+00:00,16572.4,16604.2,16527.6,16572.6,0
2014-04-04 00:00:00+00:00,16576.0,16631.6,16392.7,16412.7,0
2014-04-07 00:00:00+00:00,16414.2,16421.4,16244.1,16245.9,0
2014-04-08 00:00:00+00:00,16245.2,16296.9,16180.3,16256.2,0
2014-04-09 00:00:00+00:00,16256.4,16438.9,16256.4,16437.2,0
2014-04-10 00:00:00+00:00,16437.2,16456.1,16153.3,16170.2,0
2014-04-11 00:00:00+00:00,16168.9,16168.9,16015.3,16026.8,0
2014-04-14 00:00:00+00:00,16028.3,16184.8,16028.3,16173.3,0
2014-04-15 00:00:00+00:00,16173.5,16273.0,16063.2,16262.6,0
2014-04-16 00:00:00+00:00,16266.2,16424.8,16266.2,16424.8,0
2014-04-17 00:00:00+00:00,16424.1,16460.5,16368.1,16408.5,0
2014-04-21 00:00:00+00:00,16408.9,16459.8,16402.1,16449.2,0
2014-04-22 00:00:00+00:00,16449.4,16565.7,16449.4,16514.4,0
2014-04-23 00:00:00+00:00,16513.7,16526.0,16477.2,16501.6,0
2014-04-24 00:00:00+00:00,16503.4,16541.3,16452.3,16501.7,0
2014-04-25 00:00:00+00:00,16503.3,16503.3,16333.8,16361.5,0
2014-04-28 00:00:00+00:00,16363.2,16500.4,16312.7,16448.7,0
2014-04-29 00:00:00+00:00,16451.2,16559.4,16451.2,16535.4,0
2014-04-30 00:00:00+00:00,16534.9,16592.3,16510.9,16580.9,0
2014-05-01 00:00:00+00:00,16580.3,16604.8,16525.3,16558.9,0
2014-05-02 00:00:00+00:00,16562.3,16620.0,16488.3,16512.8,0
2014-05-05 00:00:00+00:00,16509.8,16548.0,16377.1,16530.6,0
2014-05-06 00:00:00+00:00,16529.9,16529.9,16400.0,16401.1,0
2014-05-07 00:00:00+00:00,16401.7,16523.0,16357.4,16518.6,0
2014-05-08 00:00:00+00:00,16518.2,16623.0,16502.0,16551.0,0
2014-05-09 00:00:00+00:00,16551.2,16588.7,16498.7,16583.3,0
2014-05-12 00:00:00+00:00,16584.8,16704.8,16584.8,16695.5,0
2014-05-13 00:00:00+00:00,16695.9,16735.5,16695.9,16715.4,0
2014-05-14 00:00:00+00:00,16716.1,16717.6,16595.0,16614.0,0
2014-05-15 00:00:00+00:00,16613.5,16622.9,16397.4,16446.8,0
2014-05-16 00:00:00+00:00,16447.3,16499.0,16414.3,16491.3,0
2014-05-19 00:00:00+00:00,16490.4,16526.3,16442.2,16511.9,0
2014-05-20 00:00:00+00:00,16511.2,16511.2,16341.3,16374.3,0
2014-05-21 00:00:00+00:00,16376.2,16544.6,16376.2,16533.1,0
2014-05-22 00:00:00+00:00,16532.7,16565.4,16489.6,16543.0,0
2014-05-23 00:00:00+00:00,16544.5,16613.1,16544.5,16606.3,0
2014-05-27 00:00:00+00:00,16607.4,16688.7,16607.4,16675.5,0
2014-05-28 00:00:00+00:00,16675.0,16675.0,16620.2,16633.2,0
2014-05-29 00:00:00+00:00,16637.7,16698.7,16620.4,16698.7,0
2014-05-30 00:00:00+00:00,16697.3,16721.2,16648.8,16717.1,0
2014-06-02 00:00:00+00:00,16716.9,16756.7,16682.1,16743.7,0
2014-06-03 00:00:00+00:00,16736.7,16736.7,16690.0,16722.3,0
2014-06-04 00:00:00+00:00,16720.0,16742.9,16673.6,16737.5,0
2014-06-05 00:00:00+00:00,16739.1,16845.8,16709.9,16836.1,0
2014-06-06 00:00:00+00:00,16839.6,16924.2,16839.6,16924.2,0
2014-06-09 00:00:00+00:00,16926.1,16970.2,16912.9,16943.1,0
2014-06-10 00:00:00+00:00,16940.4,16946.3,16897.4,16945.9,0
2014-06-11 00:00:00+00:00,16943.2,16943.2,16821.9,16843.9,0
2014-06-12 00:00:00+00:00,16840.5,16841.6,16703.7,16734.2,0
2014-06-13 00:00:00+00:00,16734.6,16787.9,16718.6,16775.7,0
2014-06-16 00:00:00+00:00,16765.6,16802.2,16722.9,16781.1,0
2014-06-17 00:00:00+00:00,16779.2,16823.5,16732.9,16808.5,0
2014-06-18 00:00:00+00:00,16806.1,16911.4,16755.3,16906.6,0
2014-06-19 00:00:00+00:00,16909.9,16923.4,16858.9,16921.5,0
2014-06-20 00:00:00+00:00,16920.6,16978.0,16920.6,16947.1,0
2014-06-23 00:00:00+00:00,16946.5,16954.3,16896.1,16937.3,0
2014-06-24 00:00:00+00:00,16934.6,16969.7,16805.2,16818.1,0
2014-06-25 00:00:00+00:00,16817.7,16883.6,16799.4,16867.5,0
2014-06-26 00:00:00+00:00,16866.8,16872.5,16746.1,16846.1,0
2014-06-27 00:00:00+00:00,16846.9,16862.7,16773.8,16851.8,0
2014-06-30 00:00:00+00:00,16852.5,16871.3,16801.9,16826.6,0
2014-07-01 00:00:00+00:00,16828.5,16998.7,16828.5,16956.0,0
2014-07-02 00:00:00+00:00,16949.7,16986.6,16949.7,16976.2,0
2014-07-03 00:00:00+00:00,16979.0,17074.7,16979.0,17068.3,0
2014-07-07 00:00:00+00:00,17063.8,17063.8,16992.4,17024.2,0
2014-07-08 00:00:00+00:00,17022.1,17022.1,16874.8,16906.6,0
2014-07-09 00:00:00+00:00,16916.8,16998.9,16913.8,16985.6,0
2014-07-10 00:00:00+00:00,16980.4,16980.4,16805.4,16915.1,0
2014-07-11 00:00:00+00:00,16918.3,16949.5,16860.3,16943.8,0
2014-07-14 00:00:00+00:00,16950.9,17088.4,16950.9,17055.4,0
2014-07-15 00:00:00+00:00,17055.0,17120.3,17006.4,17060.7,0
2014-07-16 00:00:00+00:00,17061.9,17139.3,17061.9,17138.2,0
2014-07-17 00:00:00+00:00,17133.5,17151.6,16966.2,16976.9,0
2014-07-18 00:00:00+00:00,16978.2,17113.6,16977.6,17100.2,0
2014-07-21 00:00:00+00:00,17095.1,17095.1,16974.3,17051.7,0
2014-07-22 00:00:00+00:00,17055.0,17133.5,17040.2,17113.6,0
2014-07-23 00:00:00+00:00,17117.0,17121.0,17058.0,17086.6,0
2014-07-24 00:00:00+00:00,17092.0,17119.8,17061.0,17083.8,0
2014-07-25 00:00:00+00:00,17079.5,17082.3,16915.6,16960.6,0
2014-07-28 00:00:00+00:00,16956.9,17001.4,16877.7,16982.6,0
2014-07-29 00:00:00+00:00,16984.3,17056.4,16912.1,16912.1,0
2014-07-30 00:00:00+00:00,16920.1,16983.9,16817.1,16880.3,0
2014-07-31 00:00:00+00:00,16869.6,16869.6,16563.3,16563.3,0
2014-08-01 00:00:00+00:00,16561.7,16584.8,16437.1,16493.4,0
2014-08-04 00:00:00+00:00,16493.7,16596.2,16447.2,16569.3,0
2014-08-05 00:00:00+00:00,16560.0,16560.0,16369.6,16429.5,0
2014-08-06 00:00:00+00:00,16427.0,16493.0,16400.0,16439.0,0
2014-08-07 00:00:00+00:00,16439.5,16508.5,16332.5,16380.0,0
2014-08-08 00:00:00+00:00,16379.5,16553.5,16262.0,16528.5,0
2014-08-10 00:00:00+00:00,16524.1,16574.6,16523.6,16554.1,0
2014-08-11 00:00:00+00:00,16553.1,16628.0,16535.6,16577.0,0
2014-08-12 00:00:00+00:00,16577.5,16606.5,16514.0,16526.0,0
2014-08-13 00:00:00+00:00,16655.0,16672.5,16635.0,16658.0,0
2014-08-14 00:00:00+00:00,16657.5,16727.0,16637.5,16712.0,0
2014-08-15 00:00:00+00:00,16711.5,16775.0,16616.0,16656.0,0
2014-08-18 00:00:00+00:00,16747.5,16843.5,16725.5,16841.5,0
2014-08-19 00:00:00+00:00,16840.5,16929.0,16840.5,16906.0,0
2014-08-20 00:00:00+00:00,16906.5,16995.5,16879.0,16972.5,0
2014-08-21 00:00:00+00:00,16972.0,17076.0,16963.5,17037.0,0
2014-08-22 00:00:00+00:00,17037.5,17067.0,16984.0,17016.0,0
2014-08-25 00:00:00+00:00,17023.0,17124.0,17021.0,17072.5,0
2014-08-26 00:00:00+00:00,17073.5,17152.0,17057.5,17113.5,0
2014-08-27 00:00:00+00:00,17115.0,17134.0,17090.0,17101.8,0
2014-08-28 00:00:00+00:00,17101.3,17113.0,17017.8,17102.0,0
2014-08-29 00:00:00+00:00,17101.5,17143.0,17032.5,17085.0,0
2014-08-31 00:00:00+00:00,17079.0,17092.0,17079.0,17089.0,0
2014-09-01 00:00:00+00:00,17090.0,17100.0,17062.0,17084.5,0
2014-09-02 00:00:00+00:00,17085.0,17134.5,17009.0,17059.5,0
2014-09-03 00:00:00+00:00,17060.0,17158.5,17055.5,17078.5,0
2014-09-04 00:00:00+00:00,17077.5,17163.0,17028.0,17096.5,0
2014-09-05 00:00:00+00:00,17096.0,17134.0,17008.0,17126.5,0
2014-09-07 00:00:00+00:00,17124.5,17124.5,17110.5,17118.5,0
2014-09-08 00:00:00+00:00,17119.5,17137.0,17078.0,17100.5,0
2014-09-09 00:00:00+00:00,17100.0,17127.5,16993.0,17026.1,0
2014-09-10 00:00:00+00:00,17025.1,17080.0,16971.0,17050.5,0
2014-09-11 00:00:00+00:00,17051.0,17065.5,16971.5,17045.0,0
2014-09-12 00:00:00+00:00,17046.0,17054.5,16936.5,16987.0,0
2014-09-14 00:00:00+00:00,16952.0,16952.5,16926.5,16935.0,0
2014-09-15 00:00:00+00:00,16935.5,17052.0,16929.0,17033.0,0
2014-09-16 00:00:00+00:00,17032.5,17166.0,16973.5,17136.0,0
2014-09-17 00:00:00+00:00,17136.5,17219.0,17090.5,17160.0,0
2014-09-18 00:00:00+00:00,17159.5,17312.5,17152.5,17305.5,0
2014-09-19 00:00:00+00:00,17306.0,17361.5,17256.0,17281.0,0
2014-09-21 00:00:00+00:00,17280.5,17289.5,17270.5,17288.0,0
2014-09-22 00:00:00+00:00,17288.5,17292.0,17150.5,17171.0,0
2014-09-23 00:00:00+00:00,17170.5,17191.5,17009.5,17041.5,0
2014-09-24 00:00:00+00:00,17041.0,17229.0,17035.0,17216.0,0
2014-09-25 00:00:00+00:00,17216.5,17227.5,16944.0,16999.5,0
2014-09-26 00:00:00+00:00,17000.5,17151.0,16962.0,17111.0,0
2014-09-28 00:00:00+00:00,17110.5,17116.5,17091.0,17096.5,0
2014-09-29 00:00:00+00:00,17098.0,17115.5,16930.0,17057.5,0
2014-09-30 00:00:00+00:00,17058.0,17146.0,17007.5,17021.0,0
2014-10-01 00:00:00+00:00,17023.0,17064.5,16772.0,16823.0,0
2014-10-02 00:00:00+00:00,16822.5,16857.5,16673.0,16794.5,0
2014-10-03 00:00:00+00:00,16795.0,17029.0,16786.5,17006.0,0
2014-10-05 00:00:00+00:00,17006.0,17031.0,17006.0,17028.5,0
2014-10-06 00:00:00+00:00,17027.5,17102.0,16927.0,16964.0,0
2014-10-07 00:00:00+00:00,16965.5,16984.5,16694.1,16709.1,0
2014-10-08 00:00:00+00:00,16708.1,17005.0,16659.0,16975.5,0
2014-10-09 00:00:00+00:00,16975.0,17023.5,16611.5,16621.0,0
2014-10-10 00:00:00+00:00,16620.5,16758.0,16546.5,16546.5,0
2014-10-12 00:00:00+00:00,16498.5,16501.5,16413.5,16426.5,0
2014-10-13 00:00:00+00:00,16425.5,16603.0,16299.5,16331.0,0
2014-10-14 00:00:00+00:00,16332.5,16463.5,16275.5,16376.0,0
2014-10-15 00:00:00+00:00,16376.5,16406.5,15850.5,16073.0,0
2014-10-16 00:00:00+00:00,16071.5,16213.0,15860.5,16138.5,0
2014-10-17 00:00:00+00:00,16138.0,16424.0,16094.5,16378.0,0
2014-10-19 00:00:00+00:00,16418.5,16494.5,16416.0,16489.0,0
2014-10-20 00:00:00+00:00,16488.5,16495.5,16243.0,16418.5,0
2014-10-21 00:00:00+00:00,16418.0,16636.0,16287.0,16605.5,0
2014-10-22 00:00:00+00:00,16604.5,16671.0,16458.5,16522.0,0
2014-10-23 00:00:00+00:00,16521.5,16767.0,16477.5,16687.0,0
2014-10-24 00:00:00+00:00,16687.5,16809.0,16588.0,16802.0,0
2014-10-26 00:00:00+00:00,16818.5,16844.5,16811.5,16838.5,0
2014-10-27 00:00:00+00:00,16839.0,16870.0,16727.0,16835.5,0
2014-10-28 00:00:00+00:00,16836.0,17012.5,16827.5,16986.5,0
2014-10-29 00:00:00+00:00,16984.0,17066.0,16894.0,16978.0,0
2014-10-30 00:00:00+00:00,16977.0,17225.0,16903.5,17194.0,0
2014-10-31 00:00:00+00:00,17194.5,17427.0,17177.0,17364.5,0
2014-11-02 00:00:00+00:00,17379.0,17385.5,17362.5,17376.0,0
2014-11-03 00:00:00+00:00,17376.5,17412.5,17337.5,17339.0,0
2014-11-04 00:00:00+00:00,17338.5,17398.0,17279.0,17355.0,0
2014-11-05 00:00:00+00:00,17356.5,17486.5,17352.5,17462.0,0
2014-11-06 00:00:00+00:00,17463.5,17567.0,17422.5,17554.6,0
2014-11-07 00:00:00+00:00,17555.6,17597.6,17493.6,17565.5,0
2014-11-09 00:00:00+00:00,17544.5,17562.0,17541.5,17560.5,0
2014-11-10 00:00:00+00:00,17560.0,17621.0,17523.5,17591.0,0
2014-11-11 00:00:00+00:00,17590.5,17654.5,17584.0,17600.0,0
2014-11-12 00:00:00+00:00,17600.5,17627.0,17526.0,17601.5,0
2014-11-13 00:00:00+00:00,17602.0,17705.0,17587.0,17642.0,0
2014-11-14 00:00:00+00:00,17643.0,17674.5,17612.0,17635.5,0
2014-11-16 00:00:00+00:00,17636.5,17641.0,17614.5,17620.0,0
2014-11-17 00:00:00+00:00,17619.5,17676.5,17545.5,17644.0,0
2014-11-18 00:00:00+00:00,17643.5,17734.0,17631.5,17671.5,0
2014-11-19 00:00:00+00:00,17672.5,17712.0,17622.0,17686.0,0
2014-11-20 00:00:00+00:00,17686.5,17728.5,17588.5,17708.0,0
2014-11-21 00:00:00+00:00,17707.5,17895.0,17701.5,17805.5,0
2014-11-23 00:00:00+00:00,17804.5,17824.0,17802.0,17809.0,0
2014-11-24 00:00:00+00:00,17809.5,17855.5,17790.5,17819.0,0
2014-11-25 00:00:00+00:00,17818.5,17857.0,17788.5,17829.0,0
2014-11-26 00:00:00+00:00,17829.5,17864.0,17791.0,17831.0,0
2014-11-27 00:00:00+00:00,17831.5,17859.0,17803.5,17827.0,0
2014-11-28 00:00:00+00:00,17827.5,17891.5,17772.5,17822.0,0
2014-11-30 00:00:00+00:00,17797.0,17799.5,17736.5,17763.0,0
2014-12-01 00:00:00+00:00,17763.5,17823.0,17714.5,17770.5,0
2014-12-02 00:00:00+00:00,17771.0,17896.5,17767.5,17876.0,0
2014-12-03 00:00:00+00:00,17875.5,17925.0,17844.5,17904.0,0
2014-12-04 00:00:00+00:00,17904.5,17939.0,17809.5,17899.5,0
2014-12-05 00:00:00+00:00,17899.0,17991.0,17892.0,17957.0,0
2014-12-07 00:00:00+00:00,17957.0,17966.5,17952.5,17957.0,0
2014-12-08 00:00:00+00:00,17956.5,17968.5,17802.0,17872.5,0
2014-12-09 00:00:00+00:00,17873.0,17879.5,17632.0,17788.5,0
2014-12-10 00:00:00+00:00,17789.0,17809.5,17505.5,17534.0,0
2014-12-11 00:00:00+00:00,17536.5,17759.0,17508.0,17548.5,0
2014-12-12 00:00:00+00:00,17551.5,17564.5,17284.5,17288.5,0
2014-12-14 00:00:00+00:00,17254.5,17278.0,17222.0,17243.0,0
2014-12-15 00:00:00+00:00,17243.5,17402.0,17113.0,17221.0,0
2014-12-16 00:00:00+00:00,17221.5,17428.0,17034.0,17102.0,0
2014-12-17 00:00:00+00:00,17103.5,17388.5,17078.0,17343.0,0
2014-12-18 00:00:00+00:00,17343.5,17803.5,17327.0,17781.0,0
2014-12-19 00:00:00+00:00,17780.0,17902.0,17751.0,17808.0,0
2014-12-21 00:00:00+00:00,17793.0,17815.0,17789.5,17805.5,0
2014-12-22 00:00:00+00:00,17805.0,17960.5,17786.5,17937.5,0
2014-12-23 00:00:00+00:00,17937.0,18069.0,17929.5,18026.0,0
2014-12-24 00:00:00+00:00,18025.5,18081.0,18022.5,18037.5,0
2014-12-25 00:00:00+00:00,18046.5,18078.5,18046.0,18074.0,0
2014-12-26 00:00:00+00:00,18073.5,18105.0,18049.0,18051.0,0
2014-12-28 00:00:00+00:00,18074.0,18075.5,18058.0,18066.5,0
2014-12-29 00:00:00+00:00,18067.5,18086.5,17992.5,18055.0,0
2014-12-30 00:00:00+00:00,18055.5,18062.0,17953.0,18012.0,0
2014-12-31 00:00:00+00:00,18012.5,18047.5,17807.5,17825.0,0
2015-01-01 00:00:00+00:00,17863.0,17890.5,17861.0,17887.0,0
2015-01-02 00:00:00+00:00,17888.0,17949.5,17727.0,17819.0,0
2015-01-04 00:00:00+00:00,17792.0,17792.0,17742.5,17749.0,0
2015-01-05 00:00:00+00:00,17750.0,17814.5,17466.0,17561.5,0
2015-01-06 00:00:00+00:00,17561.0,17577.0,17254.0,17379.0,0
2015-01-07 00:00:00+00:00,17379.5,17610.0,17379.5,17599.0,0
2015-01-08 00:00:00+00:00,17600.0,17917.0,17592.5,17885.0,0
2015-01-09 00:00:00+00:00,17886.0,17932.0,17684.0,17733.5,0
2015-01-11 00:00:00+00:00,17715.0,17746.5,17696.0,17704.0,0
2015-01-12 00:00:00+00:00,17705.0,17822.5,17563.0,17663.5,0
2015-01-13 00:00:00+00:00,17663.0,17927.0,17488.0,17613.5,0
2015-01-14 00:00:00+00:00,17613.0,17639.0,17258.0,17461.5,0
2015-01-15 00:00:00+00:00,17460.5,17604.5,17265.5,17274.5,0
2015-01-16 00:00:00+00:00,17274.0,17529.5,17198.0,17504.0,0
2015-01-18 00:00:00+00:00,17507.5,17508.5,17463.0,17482.0,0
2015-01-19 00:00:00+00:00,17480.5,17594.0,17416.0,17474.5,0
2015-01-20 00:00:00+00:00,17474.0,17601.5,17343.0,17498.5,0
2015-01-21 00:00:00+00:00,17498.0,17602.0,17392.5,17560.0,0
2015-01-22 00:00:00+00:00,17561.5,17841.0,17479.0,17801.0,0
2015-01-23 00:00:00+00:00,17799.5,17859.5,17666.0,17670.5,0
2015-01-25 00:00:00+00:00,17575.5,17581.5,17498.0,17506.0,0
2015-01-26 00:00:00+00:00,17506.5,17699.0,17504.0,17678.5,0
2015-01-27 00:00:00+00:00,17678.0,17688.0,17285.0,17447.0,0
2015-01-28 00:00:00+00:00,17448.0,17555.0,17160.5,17224.5,0
2015-01-29 00:00:00+00:00,17225.0,17504.5,17132.0,17472.0,0
2015-01-30 00:00:00+00:00,17473.5,17475.5,17154.5,17171.0,0
2015-02-01 00:00:00+00:00,17192.0,17207.5,17136.5,17158.0,0
2015-02-02 00:00:00+00:00,17158.5,17386.5,17037.0,17351.5,0
2015-02-03 00:00:00+00:00,17352.0,17670.0,17286.5,17640.7,0
2015-02-04 00:00:00+00:00,17640.2,17783.0,17572.0,17573.5,0
2015-02-05 00:00:00+00:00,17574.5,17890.5,17562.0,17843.5,0
2015-02-06 00:00:00+00:00,17843.0,17951.0,17763.0,17822.5,0
2015-02-08 00:00:00+00:00,17791.5,17809.5,17761.0,17779.5,0
2015-02-09 00:00:00+00:00,17779.0,17807.0,17683.0,17758.0,0
2015-02-10 00:00:00+00:00,17759.0,17889.0,17715.5,17836.5,0
2015-02-11 00:00:00+00:00,17834.5,17984.5,17756.0,17869.5,0
2015-02-12 00:00:00+00:00,17868.5,17975.5,17807.0,17947.5,0
2015-02-13 00:00:00+00:00,17947.0,18037.5,17942.0,18017.0,0
2015-02-15 00:00:00+00:00,17999.5,18015.5,17987.0,17987.0,0
2015-02-16 00:00:00+00:00,17987.5,18027.0,17923.0,17950.0,0
2015-02-17 00:00:00+00:00,17948.5,18050.5,17920.5,18036.0,0
2015-02-18 00:00:00+00:00,18035.0,18052.5,17981.0,18008.5,0
2015-02-19 00:00:00+00:00,18009.0,18062.0,17922.5,17977.5,0
2015-02-20 00:00:00+00:00,17977.0,18143.5,17875.5,18135.5,0
2015-02-22 00:00:00+00:00,18128.5,18132.5,18118.0,18127.5,0
2015-02-23 00:00:00+00:00,18126.5,18128.0,18056.5,18099.5,0
2015-02-24 00:00:00+00:00,18099.0,18230.5,18098.0,18208.5,0
2015-02-25 00:00:00+00:00,18208.0,18241.0,18183.5,18198.0,0
2015-02-26 00:00:00+00:00,18198.5,18239.0,18156.0,18197.5,0
2015-02-27 00:00:00+00:00,18198.0,18212.5,18132.0,18133.0,0
2015-03-01 00:00:00+00:00,18154.5,18182.5,18152.0,18174.0,0
2015-03-02 00:00:00+00:00,18175.0,18284.0,18133.5,18262.5,0
2015-03-03 00:00:00+00:00,18262.0,18262.5,18134.0,18184.5,0
2015-03-04 00:00:00+00:00,18183.5,18194.5,18027.0,18090.0,0
2015-03-05 00:00:00+00:00,18090.5,18161.0,18083.5,18126.5,0
2015-03-06 00:00:00+00:00,18127.0,18160.0,17823.0,17853.5,0
2015-03-08 00:00:00+00:00,17899.0,17899.0,17853.5,17859.5,0
2015-03-09 00:00:00+00:00,17860.0,18032.0,17828.0,17966.0,0
2015-03-10 00:00:00+00:00,17966.5,17974.5,17664.0,17705.5,0
2015-03-11 00:00:00+00:00,17706.0,17737.5,17624.0,17647.5,0
2015-03-12 00:00:00+00:00,17649.0,17899.0,17636.5,17882.0,0
2015-03-13 00:00:00+00:00,17883.0,17900.5,17623.0,17754.0,0
2015-03-15 00:00:00+00:00,17738.5,17743.5,17698.5,17702.5,0
2015-03-16 00:00:00+00:00,17703.0,17989.0,17688.0,17922.5,0
2015-03-17 00:00:00+00:00,17923.5,17951.5,17778.0,17861.5,0
2015-03-18 00:00:00+00:00,17859.5,18103.5,17692.0,18091.5,0
2015-03-19 00:00:00+00:00,18093.0,18126.5,17931.5,17983.0,0
2015-03-20 00:00:00+00:00,17982.5,18198.0,17975.5,18132.5,0
2015-03-22 00:00:00+00:00,18110.5,18183.5,18109.5,18149.0,0
2015-03-23 00:00:00+00:00,18149.5,18208.0,18060.5,18111.0,0
2015-03-24 00:00:00+00:00,18112.0,18158.0,18008.0,18030.0,0
2015-03-25 00:00:00+00:00,18030.0,18046.0,17710.0,17745.0,0
2015-03-26 00:00:00+00:00,17745.0,17760.0,17544.0,17702.0,0
2015-03-27 00:00:00+00:00,17701.0,17765.0,17624.0,17710.5,0
2015-03-29 00:00:00+00:00,17715.0,17740.5,17698.5,17699.5,0
2015-03-30 00:00:00+00:00,17700.0,18009.5,17672.5,17949.9,0
2015-03-31 00:00:00+00:00,17950.9,17961.4,17756.3,17770.8,0
2015-04-01 00:00:00+00:00,17771.3,17807.8,17558.8,17713.0,0
2015-04-02 00:00:00+00:00,17714.0,17818.0,17638.5,17751.0,0
2015-04-03 00:00:00+00:00,17751.5,17786.5,17581.0,17594.5,0
2015-04-05 00:00:00+00:00,17597.5,17647.5,17591.5,17602.0,0
2015-04-06 00:00:00+00:00,17603.0,17944.0,17597.0,17874.5,0
2015-04-07 00:00:00+00:00,17875.5,17985.0,17849.0,17858.0,0
2015-04-08 00:00:00+00:00,17859.0,17979.0,17818.0,17922.5,0
2015-04-09 00:00:00+00:00,17923.0,17985.0,17819.0,17960.5,0
2015-04-10 00:00:00+00:00,17959.5,18068.0,17939.5,18054.0,0
2015-04-12 00:00:00+00:00,18050.0,18071.0,18047.0,18064.0,0
2015-04-13 00:00:00+00:00,18064.5,18109.0,17973.0,17994.0,0
2015-04-14 00:00:00+00:00,17993.5,18077.0,17902.5,18046.0,0
2015-04-15 00:00:00+00:00,18045.5,18162.0,18014.5,18107.5,0
2015-04-16 00:00:00+00:00,18108.5,18169.0,18023.5,18114.5,0
2015-04-17 00:00:00+00:00,18116.0,18117.5,17745.5,17846.0,0
2015-04-19 00:00:00+00:00,17891.5,17898.0,17871.0,17885.0,0
2015-04-20 00:00:00+00:00,17885.5,18095.0,17872.5,18013.5,0
2015-04-21 00:00:00+00:00,18012.5,18148.0,17926.0,17974.0,0
2015-04-22 00:00:00+00:00,17973.5,18054.0,17850.0,18019.8,0
2015-04-23 00:00:00+00:00,18020.8,18135.8,17896.8,18040.8,0
2015-04-24 00:00:00+00:00,18040.3,18109.5,18006.3,18092.5,0
2015-04-26 00:00:00+00:00,18103.0,18103.0,18083.5,18095.0,0
2015-04-27 00:00:00+00:00,18094.0,18183.5,18021.0,18064.0,0
2015-04-28 00:00:00+00:00,18064.5,18133.0,17912.0,18115.5,0
2015-04-29 00:00:00+00:00,18116.5,18138.0,17949.0,18016.0,0
2015-04-30 00:00:00+00:00,18015.5,18051.0,17765.5,17860.0,0
2015-05-01 00:00:00+00:00,17861.0,18030.0,17846.5,18014.0,0
2015-05-03 00:00:00+00:00,18015.0,18019.0,18003.0,18008.5,0
2015-05-04 00:00:00+00:00,18009.0,18134.0,17985.0,18067.0,0
2015-05-05 00:00:00+00:00,18067.5,18097.0,17901.5,17944.0,0
2015-05-06 00:00:00+00:00,17943.5,18032.5,17728.5,17828.5,0
2015-05-07 00:00:00+00:00,17829.0,17975.0,17682.5,17943.0,0
2015-05-08 00:00:00+00:00,17943.5,18207.0,17938.5,18175.5,0
2015-05-10 00:00:00+00:00,18183.5,18184.5,18168.5,18178.5,0
2015-05-11 00:00:00+00:00,18178.0,18201.0,18073.5,18093.5,0
2015-05-12 00:00:00+00:00,18094.0,18122.0,17921.0,18094.0,0
2015-05-13 00:00:00+00:00,18094.5,18161.5,18038.0,18074.5,0
2015-05-14 00:00:00+00:00,18074.0,18254.0,18029.0,18232.5,0
2015-05-15 00:00:00+00:00,18233.0,18283.5,18214.0,18274.0,0
2015-05-17 00:00:00+00:00,18268.0,18271.0,18250.5,18259.5,0
2015-05-18 00:00:00+00:00,18259.0,18325.0,18219.5,18296.8,0
2015-05-19 00:00:00+00:00,18297.8,18363.8,18259.3,18309.7,0
2015-05-20 00:00:00+00:00,18309.2,18349.5,18219.7,18242.2,0
2015-05-21 00:00:00+00:00,18243.2,18314.0,18232.2,18286.0,0
2015-05-22 00:00:00+00:00,18285.5,18314.5,18214.0,18249.0,0
2015-05-24 00:00:00+00:00,18251.0,18256.0,18238.5,18255.0,0
2015-05-25 00:00:00+00:00,18256.5,18275.5,18202.0,18226.5,0
2015-05-26 00:00:00+00:00,18227.0,18251.5,17988.5,18068.5,0
2015-05-27 00:00:00+00:00,18069.0,18190.0,18048.0,18155.5,0
2015-05-28 00:00:00+00:00,18156.0,18160.0,18066.5,18140.0,0
2015-05-29 00:00:00+00:00,18140.5,18156.0,17966.0,18036.5,0
2015-05-31 00:00:00+00:00,18032.0,18058.5,18023.5,18041.5,0
2015-06-01 00:00:00+00:00,18042.0,18119.0,17982.5,18042.5,0
2015-06-02 00:00:00+00:00,18043.0,18092.0,17913.0,18013.5,0
2015-06-03 00:00:00+00:00,18012.5,18169.0,18003.5,18100.0,0
2015-06-04 00:00:00+00:00,18101.5,18104.5,17873.0,17933.0,0
2015-06-05 00:00:00+00:00,17933.5,17959.0,17817.5,17855.5,0
2015-06-07 00:00:00+00:00,17846.0,17864.0,17840.5,17855.5,0
2015-06-08 00:00:00+00:00,17853.5,17866.5,17757.5,17792.5,0
2015-06-09 00:00:00+00:00,17793.0,17817.0,17701.5,17785.0,0
2015-06-10 00:00:00+00:00,17785.5,18046.0,17774.0,17998.0,0
2015-06-11 00:00:00+00:00,17998.5,18113.0,17992.5,18038.5,0
2015-06-12 00:00:00+00:00,18039.0,18042.0,17855.0,17901.0,0
2015-06-14 00:00:00+00:00,17851.0,17855.0,17793.5,17821.0,0
2015-06-15 00:00:00+00:00,17821.5,17866.5,17694.5,17783.5,0
2015-06-16 00:00:00+00:00,17782.0,17925.0,17689.0,17919.5,0
2015-06-17 00:00:00+00:00,17920.0,17999.5,17839.0,17908.2,0
2015-06-18 00:00:00+00:00,17907.7,18178.0,17861.2,18101.5,0
2015-06-19 00:00:00+00:00,18101.0,18156.0,17985.0,18005.0,0
2015-06-21 00:00:00+00:00,18045.5,18071.0,18039.0,18061.5,0
2015-06-22 00:00:00+00:00,18062.0,18181.0,18048.5,18129.0,0
2015-06-23 00:00:00+00:00,18128.5,18188.5,18106.0,18153.5,0
2015-06-24 00:00:00+00:00,18153.0,18155.0,17961.5,17985.5,0
2015-06-25 00:00:00+00:00,17986.0,18080.0,17884.0,17921.5,0
2015-06-26 00:00:00+00:00,17921.0,18010.0,17873.5,17966.5,0
2015-06-28 00:00:00+00:00,17645.0,17717.0,17622.5,17717.0,0
2015-06-29 00:00:00+00:00,17717.5,17846.5,17590.0,17642.5,0
2015-06-30 00:00:00+00:00,17643.5,17740.0,17573.0,17623.0,0
2015-07-01 00:00:00+00:00,17619.0,17805.5,17614.0,17760.5,0
2015-07-02 00:00:00+00:00,17762.0,17826.5,17685.0,17732.0,0
2015-07-03 00:00:00+00:00,17731.5,17761.5,17685.0,17714.5,0
2015-07-05 00:00:00+00:00,17481.0,17522.0,17446.5,17514.0,0
2015-07-06 00:00:00+00:00,17513.0,17782.0,17507.0,17771.5,0
2015-07-07 00:00:00+00:00,17771.0,17816.5,17464.0,17746.0,0
2015-07-08 00:00:00+00:00,17745.5,17746.0,17493.5,17558.5,0
2015-07-09 00:00:00+00:00,17559.0,17767.5,17514.0,17692.5,0
2015-07-10 00:00:00+00:00,17691.5,17800.0,17633.0,17767.5,0
2015-07-12 00:00:00+00:00,17647.0,17715.0,17638.0,17672.0,0
2015-07-13 00:00:00+00:00,17673.0,17990.0,17673.0,17977.5,0
2015-07-14 00:00:00+00:00,17977.0,18072.0,17952.5,18034.0,0
2015-07-15 00:00:00+00:00,18034.5,18097.5,18008.0,18091.0,0
2015-07-16 00:00:00+00:00,18090.5,18153.5,18065.5,18085.5,0
2015-07-17 00:00:00+00:00,18085.0,18102.0,18032.0,18076.5,0
2015-07-19 00:00:00+00:00,18069.5,18076.5,18065.0,18074.0,0
2015-07-20 00:00:00+00:00,18075.0,18138.0,18050.5,18058.0,0
2015-07-21 00:00:00+00:00,18058.5,18098.5,17867.0,17875.2,0
2015-07-22 00:00:00+00:00,17875.7,17913.7,17806.0,17869.0,0
2015-07-23 00:00:00+00:00,17869.5,17907.5,17705.0,17759.5,0
2015-07-24 00:00:00+00:00,17759.0,17786.5,17551.0,17605.5,0
2015-07-26 00:00:00+00:00,17603.5,17604.5,17587.0,17595.5,0
2015-07-27 00:00:00+00:00,17596.0,17622.5,17397.0,17483.0,0
2015-07-28 00:00:00+00:00,17482.5,17650.0,17448.5,17633.0,0
2015-07-29 00:00:00+00:00,17632.5,17776.0,17601.5,17732.5,0
2015-07-30 00:00:00+00:00,17734.5,17778.0,17635.0,17752.5,0
2015-07-31 00:00:00+00:00,17751.5,17799.0,17672.0,17720.5,0
2015-08-02 00:00:00+00:00,17708.5,17721.5,17699.5,17715.0,0
2015-08-03 00:00:00+00:00,17715.5,17735.5,17495.0,17586.0,0
2015-08-04 00:00:00+00:00,17584.5,17636.0,17471.5,17494.5,0
2015-08-05 00:00:00+00:00,17494.0,17662.0,17489.5,17527.0,0
2015-08-06 00:00:00+00:00,17526.5,17566.5,17362.0,17434.5,0
2015-08-07 00:00:00+00:00,17435.0,17453.0,17277.0,17370.0,0
2015-08-09 00:00:00+00:00,17364.5,17379.5,17355.0,17367.0,0
2015-08-10 00:00:00+00:00,17366.5,17631.0,17359.5,17594.0,0
2015-08-11 00:00:00+00:00,17594.5,17600.5,17352.0,17416.5,0
2015-08-12 00:00:00+00:00,17416.0,17442.0,17126.5,17392.5,0
2015-08-13 00:00:00+00:00,17393.0,17482.5,17339.5,17399.0,0
2015-08-14 00:00:00+00:00,17398.5,17493.5,17366.5,17489.5,0
2015-08-16 00:00:00+00:00,17478.5,17496.5,17477.5,17486.5,0
2015-08-17 00:00:00+00:00,17487.0,17554.5,17339.5,17539.2,0
2015-08-18 00:00:00+00:00,17540.7,17573.7,17475.2,17509.2,0
2015-08-19 00:00:00+00:00,17509.7,17542.7,17281.0,17328.0,0
2015-08-20 00:00:00+00:00,17329.0,17352.5,16938.7,16954.2,0
2015-08-21 00:00:00+00:00,16953.7,16966.7,16457.0,16477.0,0
2015-08-23 00:00:00+00:00,16435.5,16436.5,16331.5,16373.5,0
2015-08-24 00:00:00+00:00,16373.0,16407.0,15253.5,15857.5,0
2015-08-25 00:00:00+00:00,15856.5,16372.0,15621.0,15693.5,0
2015-08-26 00:00:00+00:00,15693.0,16326.0,15573.0,16300.0,0
2015-08-27 00:00:00+00:00,16298.5,16689.5,16249.0,16649.5,0
2015-08-28 00:00:00+00:00,16650.0,16705.5,16487.5,16653.0,0
2015-08-30 00:00:00+00:00,16654.0,16654.0,16447.5,16467.5,0
2015-08-31 00:00:00+00:00,16468.5,16627.0,16441.0,16473.0,0
2015-09-01 00:00:00+00:00,16473.5,16475.5,15978.0,16093.0,0
2015-09-02 00:00:00+00:00,16093.5,16431.5,16070.5,16402.5,0
2015-09-03 00:00:00+00:00,16402.0,16551.0,16315.5,16375.5,0
2015-09-04 00:00:00+00:00,16376.5,16380.0,16026.5,16116.5,0
2015-09-06 00:00:00+00:00,16042.5,16186.0,16035.5,16167.5,0
2015-09-07 00:00:00+00:00,16168.5,16292.5,16118.0,16202.5,0
2015-09-08 00:00:00+00:00,16203.5,16502.0,16193.0,16456.2,0
2015-09-09 00:00:00+00:00,16457.2,16694.2,16204.2,16225.7,0
2015-09-10 00:00:00+00:00,16225.2,16460.7,16160.7,16338.9,0
2015-09-11 00:00:00+00:00,16338.4,16450.9,16216.4,16447.4,0
2015-09-13 00:00:00+00:00,16458.4,16458.4,16438.9,16456.4,0
2015-09-14 00:00:00+00:00,16456.9,16531.4,16325.9,16387.0,0
2015-09-15 00:00:00+00:00,16387.5,16644.0,16308.0,16622.5,0
2015-09-16 00:00:00+00:00,16624.0,16772.0,16569.0,16756.0,0
2015-09-17 00:00:00+00:00,16756.5,16936.0,16616.0,16672.5,0
2015-09-18 00:00:00+00:00,16672.0,16702.5,16343.5,16400.0,0
2015-09-20 00:00:00+00:00,16416.0,16438.5,16390.0,16405.0,0
2015-09-21 00:00:00+00:00,16403.5,16580.0,16333.0,16549.5,0
2015-09-22 00:00:00+00:00,16550.0,16563.5,16220.0,16294.0,0
2015-09-23 00:00:00+00:00,16294.5,16425.0,16169.5,16311.0,0
2015-09-24 00:00:00+00:00,16311.5,16343.0,16014.0,16274.0,0
2015-09-25 00:00:00+00:00,16273.5,16473.5,16217.5,16274.0,0
2015-09-27 00:00:00+00:00,16266.5,16282.5,16206.0,16233.5,0
2015-09-28 00:00:00+00:00,16233.0,16389.5,15980.5,16052.5,0
2015-09-29 00:00:00+00:00,16053.0,16119.0,15903.0,16065.0,0
2015-09-30 00:00:00+00:00,16065.5,16297.0,16030.5,16238.5,0
2015-10-01 00:00:00+00:00,16238.0,16446.0,16071.0,16296.0,0
2015-10-02 00:00:00+00:00,16296.5,16482.0,16009.0,16477.5,0
2015-10-04 00:00:00+00:00,16460.5,16470.0,16428.0,16436.0,0
2015-10-05 00:00:00+00:00,16435.5,16796.0,16431.5,16753.5,0
2015-10-06 00:00:00+00:00,16754.0,16862.0,16678.0,16726.2,0
2015-10-07 00:00:00+00:00,16729.2,16964.0,16723.2,16905.0,0
2015-10-08 00:00:00+00:00,16905.5,17081.0,16776.0,17052.5,0
2015-10-09 00:00:00+00:00,17053.5,17121.5,17006.0,17077.0,0
2015-10-11 00:00:00+00:00,17055.5,17060.0,17043.0,17051.5,0
2015-10-12 00:00:00+00:00,17052.0,17161.0,17039.5,17132.5,0
2015-10-13 00:00:00+00:00,17132.0,17172.0,17015.5,17049.5,0
2015-10-14 00:00:00+00:00,17050.5,17113.0,16888.0,16945.5,0
2015-10-15 00:00:00+00:00,16945.0,17188.0,16935.5,17175.5,0
2015-10-16 00:00:00+00:00,17176.0,17217.0,17105.0,17209.5,0
2015-10-18 00:00:00+00:00,17196.0,17205.5,17188.5,17199.5,0
2015-10-19 00:00:00+00:00,17199.0,17240.5,17125.0,17183.5,0
2015-10-20 00:00:00+00:00,17184.5,17263.0,17138.0,17182.5,0
2015-10-21 00:00:00+00:00,17182.0,17316.0,17133.0,17145.5,0
2015-10-22 00:00:00+00:00,17145.0,17567.0,17130.0,17551.5,0
2015-10-23 00:00:00+00:00,17552.0,17680.0,17506.0,17625.5,0
2015-10-25 00:00:00+00:00,17623.0,17628.5,17602.0,17606.5,0
2015-10-26 00:00:00+00:00,17606.0,17661.0,17566.0,17618.0,0
2015-10-27 00:00:00+00:00,17618.5,17636.5,17541.5,17588.0,0
2015-10-28 00:00:00+00:00,17587.5,17785.5,17553.0,17752.0,0
2015-10-29 00:00:00+00:00,17752.5,17787.0,17685.0,17772.0,0
2015-10-30 00:00:00+00:00,17772.5,17848.5,17642.0,17677.5,0
2015-11-01 00:00:00+00:00,17654.0,17669.5,17622.0,17632.5,0
2015-11-02 00:00:00+00:00,17632.0,17843.5,17606.5,17808.5,0
2015-11-03 00:00:00+00:00,17809.0,17979.0,17768.5,17905.0,0
2015-11-04 00:00:00+00:00,17904.5,17977.5,17828.5,17846.0,0
2015-11-05 00:00:00+00:00,17845.5,17932.0,17779.0,17847.5,0
2015-11-06 00:00:00+00:00,17845.5,17915.0,17764.0,17899.5,0
2015-11-08 00:00:00+00:00,17883.0,17896.5,17880.0,17890.0,0
2015-11-09 00:00:00+00:00,17890.5,17924.0,17666.0,17724.5,0
2015-11-10 00:00:00+00:00,17725.0,17768.5,17658.0,17744.0,0
2015-11-11 00:00:00+00:00,17743.5,17842.5,17689.5,17698.0,0
2015-11-12 00:00:00+00:00,17699.5,17761.0,17434.0,17466.5,0
2015-11-13 00:00:00+00:00,17465.0,17491.5,17200.0,17208.0,0
2015-11-15 00:00:00+00:00,17149.0,17163.0,17094.0,17142.5,0
2015-11-16 00:00:00+00:00,17142.0,17485.5,17140.0,17456.5,0
2015-11-17 00:00:00+00:00,17456.0,17599.0,17439.0,17484.0,0
2015-11-18 00:00:00+00:00,17510.5,17755.0,17454.5,17728.5,0
2015-11-19 00:00:00+00:00,17728.5,17810.5,17687.5,17768.5,0
2015-11-20 00:00:00+00:00,17751.5,17916.0,17735.5,17823.0,0
2015-11-21 00:00:00+00:00,17823.0,17823.0,17823.0,17823.0,0
2015-11-22 00:00:00+00:00,17823.0,17823.0,17823.0,17823.0,0
2015-11-23 00:00:00+00:00,17823.0,17875.5,17754.0,17790.5,0
2015-11-24 00:00:00+00:00,17791.5,17867.0,17661.5,17798.5,0
2015-11-25 00:00:00+00:00,17798.5,17869.5,17781.5,17844.5,0
2015-11-26 00:00:00+00:00,17849.5,17911.5,17839.5,17884.0,0
2015-11-27 00:00:00+00:00,17869.5,17881.5,17751.0,17831.0,0
2015-11-28 00:00:00+00:00,17831.0,17831.0,17831.0,17831.0,0
2015-11-29 00:00:00+00:00,17831.0,17831.0,17831.0,17831.0,0
2015-11-30 00:00:00+00:00,17831.0,17872.5,17725.0,17784.5,0
2015-12-01 00:00:00+00:00,17780.5,17899.0,17774.0,17883.5,0
2015-12-02 00:00:00+00:00,17878.5,17920.5,17717.0,17750.5,0
2015-12-03 00:00:00+00:00,17750.5,17895.5,17435.0,17532.5,0
2015-12-04 00:00:00+00:00,17527.5,17880.0,17472.5,17855.0,0
2015-12-05 00:00:00+00:00,17855.0,17855.0,17855.0,17855.0,0
2015-12-06 00:00:00+00:00,17855.0,17855.0,17855.0,17855.0,0
2015-12-07 00:00:00+00:00,17880.5,17893.5,17652.0,17782.5,0
2015-12-08 00:00:00+00:00,17770.5,17782.5,17495.0,17568.5,0
2015-12-09 00:00:00+00:00,17569.5,17783.0,17409.0,17497.5,0
2015-12-10 00:00:00+00:00,17497.5,17710.0,17467.5,17591.5,0
2015-12-11 00:00:00+00:00,17591.5,17632.5,17230.5,17247.5,0
2015-12-12 00:00:00+00:00,17247.5,17247.5,17247.5,17247.5,0
2015-12-13 00:00:00+00:00,17247.5,17247.5,17247.5,17247.5,0
2015-12-14 00:00:00+00:00,17247.5,17409.5,17146.0,17369.5,0
2015-12-15 00:00:00+00:00,17380.5,17631.0,17350.5,17553.5,0
2015-12-16 00:00:00+00:00,17553.5,17784.0,17463.0,17709.5,0
2015-12-17 00:00:00+00:00,17709.5,17812.5,17424.5,17427.5,0
2015-12-18 00:00:00+00:00,17427.5,17475.5,17093.5,17094.5,0
2015-12-19 00:00:00+00:00,17094.5,17094.5,17094.5,17094.5,0
2015-12-20 00:00:00+00:00,17094.5,17094.5,17094.5,17094.5,0
2015-12-21 00:00:00+00:00,17094.5,17305.5,17094.5,17295.5,0
2015-12-22 00:00:00+00:00,17295.5,17474.5,17203.5,17451.5,0
2015-12-23 00:00:00+00:00,17451.5,17607.5,17418.5,17568.5,0
2015-12-24 00:00:00+00:00,17568.5,17606.0,17538.5,17557.0,0
2015-12-25 00:00:00+00:00,17557.0,17557.0,17557.0,17557.0,0
2015-12-26 00:00:00+00:00,17557.0,17557.0,17557.0,17557.0,0
2015-12-27 00:00:00+00:00,17557.0,17557.0,17557.0,17557.0,0
2015-12-28 00:00:00+00:00,17557.0,17569.5,17433.0,17545.5,0
2015-12-29 00:00:00+00:00,17545.5,17753.0,17522.5,17736.5,0
2015-12-30 00:00:00+00:00,17736.5,17746.5,17585.0,17611.5,0
2015-12-31 00:00:00+00:00,17611.5,17626.5,17446.0,17555.0,0
2016-01-01 00:00:00+00:00,17555.0,17555.0,17555.0,17555.0,0
2016-01-02 00:00:00+00:00,17555.0,17555.0,17555.0,17555.0,0
2016-01-03 00:00:00+00:00,17555.0,17555.0,17555.0,17555.0,0
2016-01-04 00:00:00+00:00,17555.0,17555.5,16946.0,17183.5,0
2016-01-05 00:00:00+00:00,17183.5,17245.5,17034.0,17162.5,0
2016-01-06 00:00:00+00:00,17162.5,17184.5,16813.0,16936.5,0
2016-01-07 00:00:00+00:00,16936.5,16973.5,16460.0,16518.5,0
2016-01-08 00:00:00+00:00,16518.5,16759.5,16315.5,16327.5,0
2016-01-09 00:00:00+00:00,16327.5,16327.5,16327.5,16327.5,0
2016-01-10 00:00:00+00:00,16327.5,16327.5,16327.5,16327.5,0
2016-01-11 00:00:00+00:00,16327.5,16464.0,16180.5,16368.5,0
2016-01-12 00:00:00+00:00,16368.5,16592.0,16260.5,16437.5,0
2016-01-13 00:00:00+00:00,16437.5,16626.5,16118.0,16164.5,0
2016-01-14 00:00:00+00:00,16164.5,16484.0,16075.0,16362.5,0
2016-01-15 00:00:00+00:00,16362.5,16420.5,15839.0,15998.5,0
2016-01-16 00:00:00+00:00,15998.5,15998.5,15998.5,15998.5,0
2016-01-17 00:00:00+00:00,15998.5,15998.5,15998.5,15998.5,0
2016-01-18 00:00:00+00:00,15998.5,16138.5,15883.5,16004.0,0
2016-01-19 00:00:00+00:00,15988.5,16278.5,15900.0,15993.5,0
2016-01-20 00:00:00+00:00,15974.5,16024.5,15449.0,15777.5,0
2016-01-21 00:00:00+00:00,15793.5,16042.0,15648.5,15860.5,0
2016-01-22 00:00:00+00:00,15860.5,16138.0,15813.5,16087.5,0
2016-01-23 00:00:00+00:00,16087.5,16087.5,16087.5,16087.5,0
2016-01-24 00:00:00+00:00,16087.5,16087.5,16087.5,16087.5,0
2016-01-25 00:00:00+00:00,16087.5,16123.5,15877.5,15903.5,0
2016-01-26 00:00:00+00:00,15903.5,16187.0,15726.5,16108.5,0
2016-01-27 00:00:00+00:00,16080.5,16236.0,15876.0,15950.5,0
2016-01-28 00:00:00+00:00,15951.5,16140.5,15854.5,16069.5,0
2016-01-29 00:00:00+00:00,16069.5,16458.5,16022.5,16435.5,0
2016-01-30 00:00:00+00:00,16435.5,16435.5,16435.5,16435.5,0
2016-01-31 00:00:00+00:00,16435.5,16435.5,16435.5,16435.5,0
2016-02-01 00:00:00+00:00,16450.5,16510.0,16295.0,16400.5,0
2016-02-02 00:00:00+00:00,16403.5,16411.5,16107.0,16169.5,0
2016-02-03 00:00:00+00:00,16169.5,16385.0,15959.0,16345.5,0
2016-02-04 00:00:00+00:00,16340.5,16486.0,16206.5,16392.5,0
2016-02-05 00:00:00+00:00,16385.5,16462.5,16127.0,16210.5,0
2016-02-08 00:00:00+00:00,16222.5,16267.5,15799.0,16050.5,0
2016-02-09 00:00:00+00:00,16038.5,16137.0,15840.5,15988.5,0
2016-02-10 00:00:00+00:00,16011.5,16203.0,15877.5,15881.5,0
2016-02-11 00:00:00+00:00,15881.5,15914.5,15503.0,15673.5,0
2016-02-12 00:00:00+00:00,15679.5,15973.0,15642.5,15964.5,0
2016-02-15 00:00:00+00:00,16018.5,16207.5,16007.5,16157.0,0
2016-02-16 00:00:00+00:00,16157.5,16242.5,16027.0,16175.5,0
2016-02-17 00:00:00+00:00,16167.5,16490.0,16111.5,16486.5,0
2016-02-18 00:00:00+00:00,16486.5,16550.5,16390.0,16438.5,0
2016-02-19 00:00:00+00:00,16428.5,16471.5,16276.0,16388.5,0
2016-02-22 00:00:00+00:00,16367.5,16664.0,16347.5,16551.5,0
2016-02-23 00:00:00+00:00,16552.5,16603.5,16403.0,16406.5,0
2016-02-24 00:00:00+00:00,16406.5,16533.5,16163.0,16533.5,0
2016-02-25 00:00:00+00:00,16526.5,16707.5,16427.5,16693.5,0
2016-02-26 00:00:00+00:00,16685.5,16845.5,16617.5,16626.5,0
2016-02-29 00:00:00+00:00,16626.5,16725.0,16496.5,16510.5,0
2016-03-01 00:00:00+00:00,16510.5,16869.5,16450.5,16863.5,0
2016-03-02 00:00:00+00:00,16863.5,16923.5,16764.0,16877.5,0
2016-03-03 00:00:00+00:00,16875.5,16953.5,16817.0,16946.5,0
2016-03-04 00:00:00+00:00,16942.5,17061.0,16897.0,16984.5,0
2016-03-07 00:00:00+00:00,16988.5,17097.0,16916.5,17070.5,0
2016-03-08 00:00:00+00:00,17062.5,17075.0,16921.0,16988.5,0
2016-03-09 00:00:00+00:00,16988.5,17082.5,16947.0,17015.5,0
2016-03-10 00:00:00+00:00,17017.5,17177.5,16821.0,17005.5,0
2016-03-11 00:00:00+00:00,16993.5,17222.0,16983.5,17186.5,0
2016-03-13 00:00:00+00:00,17178.5,17194.5,17169.5,17191.5,0
2016-03-14 00:00:00+00:00,17192.5,17275.0,17148.5,17220.5,0
2016-03-15 00:00:00+00:00,17220.5,17254.0,17118.5,17243.5,0
2016-03-16 00:00:00+00:00,17242.5,17380.0,17187.5,17322.5,0
2016-03-17 00:00:00+00:00,17323.5,17614.5,17242.5,17496.5,0
2016-03-18 00:00:00+00:00,17496.5,17617.0,17456.5,17591.0,0
2016-03-20 00:00:00+00:00,17579.5,17590.5,17577.5,17588.5,0
2016-03-21 00:00:00+00:00,17581.5,17649.5,17540.5,17632.5,0
2016-03-22 00:00:00+00:00,17632.5,17651.0,17531.5,17587.5,0
2016-03-23 00:00:00+00:00,17587.5,17617.5,17487.0,17518.5,0
2016-03-24 00:00:00+00:00,17518.5,17558.0,17396.5,17558.0,0
2016-03-27 00:00:00+00:00,17556.5,17569.5,17551.5,17565.5,0
2016-03-28 00:00:00+00:00,17566.5,17622.5,17489.0,17546.5,0
2016-03-29 00:00:00+00:00,17546.5,17649.5,17431.0,17643.5,0
2016-03-30 00:00:00+00:00,17643.5,17791.0,17634.5,17717.5,0
2016-03-31 00:00:00+00:00,17717.5,17756.0,17660.5,17708.5,0
2016-04-01 00:00:00+00:00,17708.5,17810.0,17566.0,17795.0,0
2016-04-03 00:00:00+00:00,17790.5,17791.5,17768.5,17774.5,0
2016-04-04 00:00:00+00:00,17774.5,17845.5,17703.5,17708.5,0
2016-04-05 00:00:00+00:00,17708.5,17720.5,17581.0,17645.5,0
2016-04-06 00:00:00+00:00,17645.5,17725.0,17538.0,17703.5,0
2016-04-07 00:00:00+00:00,17703.5,17730.5,17482.0,17525.5,0
2016-04-08 00:00:00+00:00,17525.5,17696.0,17508.5,17578.0,0
2016-04-10 00:00:00+00:00,17576.5,17577.5,17559.5,17567.5,0
2016-04-11 00:00:00+00:00,17566.5,17733.0,17501.5,17535.5,0
2016-04-12 00:00:00+00:00,17535.5,17744.0,17527.5,17721.5,0
2016-04-13 00:00:00+00:00,17721.5,17920.5,17716.5,17915.5,0
2016-04-14 00:00:00+00:00,17915.5,17967.0,17861.5,17926.5,0
2016-04-15 00:00:00+00:00,17925.5,17956.5,17869.0,17897.0,0
2016-04-17 00:00:00+00:00,17813.5,17818.5,17800.5,17806.5,0
2016-04-18 00:00:00+00:00,17806.5,18018.5,17775.5,17966.5,0
2016-04-19 00:00:00+00:00,17966.5,18102.0,17965.5,18044.5,0
2016-04-20 00:00:00+00:00,18044.5,18168.0,17976.5,18121.5,0
2016-04-21 00:00:00+00:00,18121.5,18163.5,17946.5,17952.5,0
2016-04-22 00:00:00+00:00,17951.5,18030.0,17906.0,18004.0,0
2016-04-24 00:00:00+00:00,18035.5,18038.5,18017.5,18020.5,0
2016-04-25 00:00:00+00:00,18020.5,18024.5,17851.0,17983.5,0
2016-04-26 00:00:00+00:00,17983.5,18048.5,17933.0,17953.5,0
2016-04-27 00:00:00+00:00,17952.5,18086.0,17919.0,18046.5,0
2016-04-28 00:00:00+00:00,18046.5,18065.5,17798.0,17838.5,0
2016-04-29 00:00:00+00:00,17838.5,17868.5,17649.0,17779.0,0
2016-05-01 00:00:00+00:00,17799.5,17799.5,17777.5,17789.5,0
2016-05-02 00:00:00+00:00,17788.5,17911.0,17745.5,17885.5,0
2016-05-03 00:00:00+00:00,17884.5,17893.5,17666.0,17768.5,0
2016-05-04 00:00:00+00:00,17766.5,17780.5,17608.0,17664.5,0
2016-05-05 00:00:00+00:00,17664.5,17759.5,17613.0,17634.5,0
2016-05-06 00:00:00+00:00,17634.5,17745.0,17543.5,17739.0,0
2016-05-08 00:00:00+00:00,17741.5,17761.5,17737.5,17757.5,0
2016-05-09 00:00:00+00:00,17757.5,17795.5,17664.0,17690.5,0
2016-05-10 00:00:00+00:00,17690.5,17934.0,17674.5,17877.5,0
2016-05-11 00:00:00+00:00,17877.5,17897.5,17704.5,17710.5,0
2016-05-12 00:00:00+00:00,17710.5,17801.5,17621.0,17716.5,0
2016-05-13 00:00:00+00:00,17716.5,17738.0,17508.0,17535.0,0
2016-05-15 00:00:00+00:00,17520.5,17521.5,17471.5,17489.5,0
2016-05-16 00:00:00+00:00,17489.5,17754.0,17487.5,17698.5,0
2016-05-17 00:00:00+00:00,17698.5,17760.5,17465.0,17528.5,0
2016-05-18 00:00:00+00:00,17529.5,17639.0,17416.0,17521.5,0
2016-05-19 00:00:00+00:00,17521.5,17533.5,17329.0,17442.5,0
2016-05-20 00:00:00+00:00,17442.5,17574.0,17429.5,17512.5,0
2016-05-22 00:00:00+00:00,17512.5,17538.5,17512.5,17519.5,0
2016-05-23 00:00:00+00:00,17519.5,17560.5,17458.5,17499.5,0
2016-05-24 00:00:00+00:00,17500.5,17745.0,17463.5,17707.5,0
2016-05-25 00:00:00+00:00,17707.5,17894.0,17707.5,17845.5,0
2016-05-26 00:00:00+00:00,17845.5,17891.0,17804.0,17840.5,0
2016-05-27 00:00:00+00:00,17839.5,17876.5,17821.5,17868.5,0
2016-05-29 00:00:00+00:00,17892.5,17895.5,17883.5,17889.5,0
2016-05-30 00:00:00+00:00,17889.5,17925.5,17889.5,17902.5,0
2016-05-31 00:00:00+00:00,17902.5,17921.5,17722.0,17784.5,0
2016-06-01 00:00:00+00:00,17784.5,17825.5,17663.0,17784.5,0
2016-06-02 00:00:00+00:00,17784.5,17842.5,17701.0,17828.5,0
2016-06-03 00:00:00+00:00,17829.5,17857.5,17687.0,17811.5,0
2016-06-05 00:00:00+00:00,17810.5,17825.5,17810.5,17822.5,0
2016-06-06 00:00:00+00:00,17821.5,17949.0,17789.5,17924.5,0
2016-06-07 00:00:00+00:00,17923.5,18004.0,17914.5,17937.5,0
2016-06-08 00:00:00+00:00,17938.5,18019.0,17911.5,18004.5,0
2016-06-09 00:00:00+00:00,18004.5,18007.5,17915.0,17974.5,0
2016-06-10 00:00:00+00:00,17973.5,17982.5,17812.0,17873.5,0
2016-06-12 00:00:00+00:00,17826.5,17838.5,17820.5,17825.5,0
2016-06-13 00:00:00+00:00,17825.5,17894.0,17708.5,17721.5,0
2016-06-14 00:00:00+00:00,17721.5,17761.5,17594.0,17648.5,0
2016-06-15 00:00:00+00:00,17649.5,17770.0,17621.5,17633.5,0
2016-06-16 00:00:00+00:00,17633.5,17756.0,17470.0,17733.5,0
2016-06-17 00:00:00+00:00,17734.5,17783.5,17538.5,17651.5,0
2016-06-19 00:00:00+00:00,17746.5,17791.5,17745.5,17782.5,0
2016-06-20 00:00:00+00:00,17782.5,17948.0,17774.5,17832.5,0
2016-06-21 00:00:00+00:00,17832.5,17888.5,17797.0,17814.5,0
2016-06-22 00:00:00+00:00,17814.5,17919.0,17767.0,17855.5,0
2016-06-23 00:00:00+00:00,17855.5,18098.5,17842.5,18098.5,0
2016-06-24 00:00:00+00:00,18098.5,18119.5,17277.5,17368.5,0
2016-06-26 00:00:00+00:00,17302.5,17316.5,17220.5,17240.5,0
2016-06-27 00:00:00+00:00,17240.5,17371.5,17057.0,17110.5,0
2016-06-28 00:00:00+00:00,17110.5,17407.5,17101.5,17378.5,0
2016-06-29 00:00:00+00:00,17378.5,17788.5,17350.5,17759.5,0
2016-06-30 00:00:00+00:00,17759.5,17929.0,17657.5,17900.5,0
2016-07-01 00:00:00+00:00,17900.5,18001.0,17859.5,17964.5,0
2016-07-03 00:00:00+00:00,17964.5,17964.5,17964.5,17964.5,0
2016-07-04 00:00:00+00:00,17964.5,18020.5,17950.0,17964.5,0
2016-07-05 00:00:00+00:00,17964.5,17970.5,17785.0,17851.5,0
2016-07-06 00:00:00+00:00,17851.5,17929.5,17711.0,17902.5,0
2016-07-07 00:00:00+00:00,17902.5,17983.0,17815.0,17891.5,0
2016-07-08 00:00:00+00:00,17891.5,18168.0,17869.5,18121.5,0
2016-07-10 00:00:00+00:00,18133.5,18135.5,18123.5,18125.5,0
2016-07-11 00:00:00+00:00,18125.5,18287.0,18122.5,18235.5,0
2016-07-12 00:00:00+00:00,18235.5,18375.0,18222.5,18346.5,0
2016-07-13 00:00:00+00:00,18346.5,18390.5,18310.5,18359.5,0
2016-07-14 00:00:00+00:00,18358.5,18560.5,18352.5,18508.5,0
2016-07-15 00:00:00+00:00,18508.5,18573.0,18464.5,18500.5,0
2016-07-17 00:00:00+00:00,18505.5,18531.5,18503.5,18526.5,0
2016-07-18 00:00:00+00:00,18526.5,18572.5,18491.0,18538.5,0
2016-07-19 00:00:00+00:00,18538.5,18573.5,18480.5,18561.5,0
2016-07-20 00:00:00+00:00,18561.5,18636.5,18531.5,18595.5,0
2016-07-21 00:00:00+00:00,18595.5,18619.5,18469.0,18517.5,0
2016-07-22 00:00:00+00:00,18517.5,18570.0,18492.0,18551.5,0
2016-07-24 00:00:00+00:00,18551.5,18564.5,18551.5,18556.5,0
2016-07-25 00:00:00+00:00,18556.5,18601.5,18453.0,18496.5,0
2016-07-26 00:00:00+00:00,18495.5,18521.5,18387.0,18483.5,0
2016-07-27 00:00:00+00:00,18483.5,18544.0,18426.0,18472.5,0
2016-07-28 00:00:00+00:00,18472.5,18527.5,18367.0,18454.5,0
2016-07-29 00:00:00+00:00,18454.5,18476.5,18370.0,18449.5,0
2016-07-31 00:00:00+00:00,18482.5,18508.5,18469.5,18478.5,0
2016-08-01 00:00:00+00:00,18478.5,18522.5,18353.0,18404.5,0
2016-08-02 00:00:00+00:00,18404.5,18447.5,18245.0,18313.5,0
2016-08-03 00:00:00+00:00,18314.5,18351.0,18258.5,18344.5,0
2016-08-04 00:00:00+00:00,18344.5,18404.5,18321.0,18346.5,0
2016-08-05 00:00:00+00:00,18345.5,18534.5,18344.5,18523.5,0
2016-08-07 00:00:00+00:00,18523.5,18533.5,18515.5,18530.5,0
2016-08-08 00:00:00+00:00,18530.5,18569.5,18498.0,18523.5,0
2016-08-09 00:00:00+00:00,18523.5,18584.0,18501.5,18501.5,0
2016-08-10 00:00:00+00:00,18501.5,18561.0,18466.0,18484.5,0
2016-08-11 00:00:00+00:00,18484.5,18640.0,18478.5,18617.5,0
2016-08-12 00:00:00+00:00,18617.5,18631.5,18533.0,18568.5,0
2016-08-14 00:00:00+00:00,18580.5,18580.5,18571.5,18575.5,0
2016-08-15 00:00:00+00:00,18575.5,18669.0,18574.5,18619.5,0
2016-08-16 00:00:00+00:00,18619.5,18629.5,18550.0,18557.5,0
2016-08-17 00:00:00+00:00,18557.5,18583.0,18468.0,18577.5,0
2016-08-18 00:00:00+00:00,18577.5,18599.0,18530.0,18585.5,0
2016-08-19 00:00:00+00:00,18585.5,18595.5,18490.0,18561.5,0
2016-08-21 00:00:00+00:00,18568.5,18568.5,18556.5,18559.5,0
2016-08-22 00:00:00+00:00,18559.5,18581.5,18464.0,18536.5,0
2016-08-23 00:00:00+00:00,18536.5,18637.0,18527.5,18554.5,0
2016-08-24 00:00:00+00:00,18554.5,18566.5,18451.0,18491.5,0
2016-08-25 00:00:00+00:00,18491.5,18507.5,18431.0,18475.5,0
2016-08-26 00:00:00+00:00,18475.5,18577.0,18332.0,18402.5,0
2016-08-28 00:00:00+00:00,18402.5,18404.5,18379.5,18386.5,0
2016-08-29 00:00:00+00:00,18386.5,18524.0,18374.5,18500.5,0
2016-08-30 00:00:00+00:00,18500.5,18522.0,18408.0,18454.5,0
2016-08-31 00:00:00+00:00,18454.5,18456.5,18330.0,18399.5,0
2016-09-01 00:00:00+00:00,18399.5,18466.5,18292.0,18406.5,0
2016-09-02 00:00:00+00:00,18406.5,18547.0,18386.5,18489.5,0
2016-09-04 00:00:00+00:00,18489.5,18489.5,18489.5,18489.5,0
2016-09-05 00:00:00+00:00,18489.5,18526.5,18472.0,18482.5,0
2016-09-06 00:00:00+00:00,18482.5,18553.0,18447.0,18530.5,0
2016-09-07 00:00:00+00:00,18530.5,18540.5,18470.0,18514.5,0
2016-09-08 00:00:00+00:00,18514.5,18547.5,18439.0,18452.5,0
2016-09-09 00:00:00+00:00,18452.5,18464.5,18042.5,18045.5,0
2016-09-11 00:00:00+00:00,18045.5,18050.5,18026.5,18029.5,0
2016-09-12 00:00:00+00:00,18029.5,18358.0,17904.5,18290.5,0
2016-09-13 00:00:00+00:00,18290.5,18304.5,18027.0,18094.5,0
2016-09-14 00:00:00+00:00,18094.5,18158.0,17987.0,18014.5,0
2016-09-15 00:00:00+00:00,18014.5,18248.0,17960.5,18183.5,0
2016-09-16 00:00:00+00:00,18183.5,18190.5,18062.0,18132.5,0
2016-09-18 00:00:00+00:00,18131.5,18139.5,18118.5,18135.5,0
2016-09-19 00:00:00+00:00,18135.5,18251.0,18085.0,18137.5,0
2016-09-20 00:00:00+00:00,18137.5,18230.0,18113.5,18128.5,0
2016-09-21 00:00:00+00:00,18128.5,18308.5,18096.5,18295.5,0
2016-09-22 00:00:00+00:00,18295.5,18449.5,18276.5,18379.5,0
2016-09-23 00:00:00+00:00,18379.5,18393.5,18252.0,18279.5,0
2016-09-25 00:00:00+00:00,18265.5,18280.5,18252.5,18278.5,0
2016-09-26 00:00:00+00:00,18278.5,18288.5,18080.0,18105.5,0
2016-09-27 00:00:00+00:00,18105.5,18242.0,18048.5,18218.5,0
2016-09-28 00:00:00+00:00,18218.5,18348.0,18180.0,18320.5,0
2016-09-29 00:00:00+00:00,18320.5,18367.5,18088.0,18160.5,0
2016-09-30 00:00:00+00:00,18160.5,18370.5,18077.5,18296.5,0
2016-10-02 00:00:00+00:00,18292.0,18302.5,18291.0,18291.5,0
2016-10-03 00:00:00+00:00,18291.5,18340.5,18195.5,18261.0,0
2016-10-04 00:00:00+00:00,18261.0,18314.5,18110.5,18167.0,0
2016-10-05 00:00:00+00:00,18167.0,18316.5,18136.5,18283.0,0
2016-10-06 00:00:00+00:00,18283.0,18305.5,18159.5,18275.5,0
2016-10-07 00:00:00+00:00,18276.0,18335.5,18146.5,18239.5,0
2016-10-09 00:00:00+00:00,18284.0,18298.0,18274.0,18288.0,0
2016-10-10 00:00:00+00:00,18288.0,18404.5,18256.0,18351.5,0
2016-10-11 00:00:00+00:00,18351.5,18360.0,18052.5,18140.5,0
2016-10-12 00:00:00+00:00,18140.5,18203.0,18076.5,18107.5,0
2016-10-13 00:00:00+00:00,18107.5,18136.5,17955.5,18099.5,0
2016-10-14 00:00:00+00:00,18099.5,18263.5,18074.5,18145.5,0
2016-10-16 00:00:00+00:00,18138.5,18164.5,18138.0,18146.5,0
2016-10-17 00:00:00+00:00,18146.5,18164.5,18059.5,18069.0,0
2016-10-18 00:00:00+00:00,18069.0,18200.5,18062.5,18144.0,0
2016-10-19 00:00:00+00:00,18144.0,18250.5,18113.5,18206.0,0
2016-10-20 00:00:00+00:00,18205.5,18255.5,18125.5,18170.0,0
2016-10-21 00:00:00+00:00,18170.5,18192.5,18045.5,18144.5,0
2016-10-23 00:00:00+00:00,18164.5,18183.5,18151.5,18182.0,0
2016-10-24 00:00:00+00:00,18181.5,18276.0,18138.5,18220.5,0
2016-10-25 00:00:00+00:00,18220.5,18253.5,18139.0,18149.0,0
2016-10-26 00:00:00+00:00,18149.5,18236.5,18057.5,18203.5,0
2016-10-27 00:00:00+00:00,18203.5,18263.5,18146.0,18189.0,0
2016-10-28 00:00:00+00:00,18189.0,18253.0,18091.5,18175.5,0
2016-10-30 00:00:00+00:00,18132.5,18165.5,18120.0,18165.0,0
2016-10-31 00:00:00+00:00,18165.0,18227.0,18129.0,18161.0,0
2016-11-01 00:00:00+00:00,18160.5,18207.5,17937.0,18009.0,0
2016-11-02 00:00:00+00:00,18009.5,18040.5,17924.5,17953.5,0
2016-11-03 00:00:00+00:00,17953.5,18015.5,17902.5,17930.5,0
2016-11-04 00:00:00+00:00,17930.5,17983.5,17882.5,17890.5,0
2016-11-07 00:00:00+00:00,18089.0,18293.5,18065.5,18287.0,0
2016-11-08 00:00:00+00:00,18251.0,18403.5,18189.5,18346.5,0
2016-11-09 00:00:00+00:00,18364.0,18648.0,17478.0,18588.5,0
2016-11-10 00:00:00+00:00,18588.0,18877.5,18546.5,18810.5,0
2016-11-11 00:00:00+00:00,18821.5,18890.5,18740.5,18848.5,0
2016-11-14 00:00:00+00:00,18864.0,18975.0,18816.5,18873.5,0
2016-11-15 00:00:00+00:00,18874.5,18936.5,18809.0,18930.5,0
2016-11-16 00:00:00+00:00,18905.5,18944.0,18822.4,18859.4,0
2016-11-17 00:00:00+00:00,18862.9,18907.4,18842.9,18905.4,0
2016-11-18 00:00:00+00:00,18896.0,18914.5,18849.5,18867.5,0
2016-11-21 00:00:00+00:00,18878.0,18954.5,18859.5,18944.5,0
2016-11-22 00:00:00+00:00,18944.0,19040.5,18939.5,19030.0,0
2016-11-23 00:00:00+00:00,19030.0,19089.0,19004.5,19089.0,0
2016-11-24 00:00:00+00:00,19092.5,19149.0,19062.5,19142.5,0
2016-11-25 00:00:00+00:00,19144.5,19152.5,19120.5,19150.5,0
2016-11-28 00:00:00+00:00,19155.0,19155.5,19071.5,19113.0,0
2016-11-29 00:00:00+00:00,19096.0,19144.5,19071.5,19126.5,0
2016-11-30 00:00:00+00:00,19126.5,19222.5,19108.5,19144.5,0
2016-12-01 00:00:00+00:00,19148.0,19210.5,19119.5,19199.5,0
2016-12-02 00:00:00+00:00,19194.5,19201.5,19142.5,19169.0,0
2016-12-05 00:00:00+00:00,19119.0,19284.5,19092.5,19222.5,0
2016-12-06 00:00:00+00:00,19224.5,19253.5,19186.5,19248.5,0
2016-12-07 00:00:00+00:00,19241.5,19558.5,19219.5,19521.0,0
2016-12-08 00:00:00+00:00,19517.5,19664.2,19494.7,19620.2,0
2016-12-09 00:00:00+00:00,19615.2,19771.5,19611.2,19765.5,0
2016-12-12 00:00:00+00:00,19772.5,19875.0,19750.5,19800.5,0
2016-12-13 00:00:00+00:00,19787.3,19954.3,19769.8,19914.3,0
2016-12-14 00:00:00+00:00,19917.3,19963.3,19744.8,19816.8,0
2016-12-15 00:00:00+00:00,19819.3,19952.3,19771.3,19870.0,0
2016-12-16 00:00:00+00:00,19869.0,19917.0,19818.0,19848.5,0
2016-12-19 00:00:00+00:00,19855.0,19915.5,19848.5,19893.5,0
2016-12-20 00:00:00+00:00,19894.0,19988.5,19889.5,19967.0,0
2016-12-21 00:00:00+00:00,19973.0,19985.5,19927.5,19929.0,0
2016-12-22 00:00:00+00:00,19932.0,19953.0,19885.0,19920.0,0
2016-12-23 00:00:00+00:00,19921.5,19944.0,19898.5,19928.0,0
2016-12-27 00:00:00+00:00,19924.0,19975.5,19914.5,19931.5,0
2016-12-28 00:00:00+00:00,19934.0,19978.5,19828.5,19836.0,0
2016-12-29 00:00:00+00:00,19838.0,19876.0,19787.5,19829.5,0
2016-12-30 00:00:00+00:00,19829.0,19876.0,19720.0,19767.5,0
2017-01-03 00:00:00+00:00,19838.5,19937.5,19762.5,19854.5,0
2017-01-04 00:00:00+00:00,19850.0,19943.5,19839.0,19925.5,0
2017-01-05 00:00:00+00:00,19928.0,19943.5,19804.5,19893.5,0
2017-01-06 00:00:00+00:00,19892.0,19997.0,19831.5,19966.0,0
2017-01-09 00:00:00+00:00,19958.0,19993.5,19890.5,19895.5,0
2017-01-10 00:00:00+00:00,19900.0,19959.5,19839.5,19871.5,0
2017-01-11 00:00:00+00:00,19872.0,19978.5,19831.5,19955.0,0
2017-01-12 00:00:00+00:00,19956.0,19956.0,19765.5,19888.5,0
2017-01-13 00:00:00+00:00,19880.0,19952.5,19847.5,19910.0,0
2017-01-16 00:00:00+00:00,19904.0,19904.0,19846.5,19859.5,0
2017-01-17 00:00:00+00:00,19856.5,19885.5,19774.5,19818.5,0
2017-01-18 00:00:00+00:00,19815.0,19858.5,19735.5,19790.0,0
2017-01-19 00:00:00+00:00,19794.0,19825.5,19675.5,19714.0,0
2017-01-20 00:00:00+00:00,19718.0,19846.5,19718.0,19820.0,0
2017-01-23 00:00:00+00:00,19814.5,19837.5,19733.5,19795.5,0
2017-01-24 00:00:00+00:00,19794.0,19948.5,19785.5,19920.0,0
2017-01-25 00:00:00+00:00,19918.0,20084.5,19913.5,20075.5,0
2017-01-26 00:00:00+00:00,20072.0,20137.5,20059.5,20120.0,0
2017-01-27 00:00:00+00:00,20118.0,20140.5,20073.5,20077.5,0
2017-01-30 00:00:00+00:00,20056.0,20061.5,19867.5,19954.5,0
2017-01-31 00:00:00+00:00,19950.0,19959.5,19782.5,19894.0,0
2017-02-01 00:00:00+00:00,19876.0,19964.5,19843.5,19892.0,0
2017-02-02 00:00:00+00:00,19896.0,19921.5,19804.5,19883.5,0
2017-02-03 00:00:00+00:00,19889.0,20077.5,19852.5,20060.0,0
2017-02-06 00:00:00+00:00,20063.0,20093.0,20004.5,20042.0,0
2017-02-07 00:00:00+00:00,20039.5,20159.5,20028.5,20075.5,0
2017-02-08 00:00:00+00:00,20055.5,20101.0,20014.5,20053.0,0
2017-02-09 00:00:00+00:00,20055.0,20203.5,20028.0,20180.5,0
2017-02-10 00:00:00+00:00,20178.0,20297.5,20172.0,20273.0,0
2017-02-13 00:00:00+00:00,20279.0,20441.5,20271.5,20434.0,0
2017-02-14 00:00:00+00:00,20415.0,20531.5,20381.5,20525.0,0
2017-02-15 00:00:00+00:00,20505.0,20652.5,20490.5,20646.5,0
2017-02-16 00:00:00+00:00,20638.0,20646.5,20558.0,20616.5,0
2017-02-17 00:00:00+00:00,20616.0,20627.5,20527.5,20607.0,0
2017-02-20 00:00:00+00:00,20604.0,20690.5,20588.5,20661.0,0
2017-02-21 00:00:00+00:00,20647.5,20753.5,20620.5,20707.5,0
2017-02-22 00:00:00+00:00,20712.0,20791.0,20688.5,20783.5,0
2017-02-23 00:00:00+00:00,20782.0,20838.5,20745.5,20823.0,0
2017-02-24 00:00:00+00:00,20801.5,20817.5,20714.5,20804.5,0
2017-02-27 00:00:00+00:00,20790.0,20844.5,20769.5,20814.5,0
2017-02-28 00:00:00+00:00,20815.0,20839.5,20775.5,20835.5,0
2017-03-01 00:00:00+00:00,20843.0,21169.5,20817.5,21098.0,0
2017-03-02 00:00:00+00:00,21081.0,21140.5,20982.5,20998.5,0
2017-03-03 00:00:00+00:00,20995.0,21045.5,20936.5,20988.5,0
2017-03-06 00:00:00+00:00,20984.0,20988.5,20903.5,20929.0,0
2017-03-07 00:00:00+00:00,20929.0,20969.5,20899.0,20917.5,0
2017-03-08 00:00:00+00:00,20905.5,20951.5,20832.5,20852.0,0
2017-03-09 00:00:00+00:00,20854.5,20902.5,20778.0,20877.0,0
2017-03-10 00:00:00+00:00,20872.5,20997.0,20826.0,20886.5,0
2017-03-12 00:00:00+00:00,20877.0,20894.0,20877.0,20892.0,0
2017-03-13 00:00:00+00:00,20892.0,20923.5,20847.5,20880.5,0
2017-03-14 00:00:00+00:00,20881.0,20883.0,20785.5,20855.0,0
2017-03-15 00:00:00+00:00,20855.0,20975.0,20847.5,20940.0,0
2017-03-16 00:00:00+00:00,20940.0,21023.5,20886.5,20921.5,0
2017-03-17 00:00:00+00:00,20921.5,20975.5,20900.5,20909.5,0
2017-03-19 00:00:00+00:00,20897.5,20908.5,20892.5,20901.5,0
2017-03-20 00:00:00+00:00,20901.5,20951.5,20871.5,20911.5,0
2017-03-21 00:00:00+00:00,20911.5,20969.5,20652.5,20658.0,0
2017-03-22 00:00:00+00:00,20658.0,20686.5,20578.5,20676.5,0
2017-03-23 00:00:00+00:00,20676.5,20756.5,20614.5,20675.5,0
2017-03-24 00:00:00+00:00,20675.5,20727.5,20530.5,20626.0,0
2017-03-27 00:00:00+00:00,20580.5,20581.5,20409.5,20569.5,0
2017-03-28 00:00:00+00:00,20579.0,20731.5,20513.5,20685.5,0
2017-03-29 00:00:00+00:00,20689.0,20720.5,20620.5,20649.0,0
2017-03-30 00:00:00+00:00,20648.0,20753.6,20631.0,20728.5,0
2017-03-31 00:00:00+00:00,20727.0,20731.0,20656.5,20669.5,0
2017-04-03 00:00:00+00:00,20659.5,20711.5,20514.5,20648.0,0
2017-04-04 00:00:00+00:00,20641.5,20712.0,20570.5,20711.0,0
2017-04-05 00:00:00+00:00,20714.0,20889.5,20617.5,20627.0,0
2017-04-06 00:00:00+00:00,20628.0,20746.5,20569.0,20676.0,0
2017-04-07 00:00:00+00:00,20677.0,20726.5,20519.5,20656.5,0
2017-04-10 00:00:00+00:00,20667.0,20748.5,20609.5,20667.5,0
2017-04-11 00:00:00+00:00,20665.5,20681.5,20509.5,20656.0,0
2017-04-12 00:00:00+00:00,20659.0,20702.5,20553.5,20566.5,0
2017-04-13 00:00:00+00:00,20561.0,20611.5,20450.5,20476.5,0
2017-04-17 00:00:00+00:00,20442.5,20645.5,20436.0,20632.5,0
2017-04-18 00:00:00+00:00,20627.0,20649.0,20458.5,20496.5,0
2017-04-19 00:00:00+00:00,20482.5,20547.5,20371.5,20382.0,0
2017-04-20 00:00:00+00:00,20393.0,20627.5,20388.5,20596.0,0
2017-04-21 00:00:00+00:00,20590.0,20613.5,20502.5,20549.5,0
2017-04-24 00:00:00+00:00,20659.5,20793.5,20659.5,20763.5,0
2017-04-25 00:00:00+00:00,20758.0,21029.0,20749.0,20999.5,0
2017-04-26 00:00:00+00:00,20992.0,21072.0,20962.0,20962.0,0
2017-04-27 00:00:00+00:00,20961.5,21008.0,20933.0,20966.5,0
2017-04-28 00:00:00+00:00,20955.5,20992.0,20921.5,20946.0,0
2017-05-01 00:00:00+00:00,20955.5,20985.5,20893.5,20936.5,0
2017-05-02 00:00:00+00:00,20934.5,20958.5,20901.5,20930.0,0
2017-05-03 00:00:00+00:00,20920.5,20971.5,20869.5,20938.5,0
2017-05-04 00:00:00+00:00,20936.0,21012.0,20842.5,20943.5,0
2017-05-05 00:00:00+00:00,20944.5,21029.0,20879.5,21025.5,0
2017-05-08 00:00:00+00:00,21060.5,21067.5,20963.5,21003.5,0
2017-05-09 00:00:00+00:00,21004.0,21048.5,20935.5,20952.5,0
2017-05-10 00:00:00+00:00,20921.5,20977.0,20883.0,20933.5,0
2017-05-11 00:00:00+00:00,20929.0,20932.0,20795.0,20903.5,0
2017-05-12 00:00:00+00:00,20908.5,20914.0,20862.0,20883.5,0
2017-05-15 00:00:00+00:00,20888.0,21000.0,20882.0,20987.5,0
2017-05-16 00:00:00+00:00,20975.5,21032.0,20932.0,20976.0,0
2017-05-17 00:00:00+00:00,20952.0,20952.0,20599.4,20607.9,0
2017-05-18 00:00:00+00:00,20596.4,20760.0,20494.0,20667.0,0
2017-05-19 00:00:00+00:00,20664.5,20859.0,20641.0,20810.0,0
2017-05-22 00:00:00+00:00,20809.5,20915.0,20788.0,20907.5,0
2017-05-23 00:00:00+00:00,20910.5,20963.0,20859.5,20935.5,0
2017-05-24 00:00:00+00:00,20931.0,21019.0,20916.5,21016.5,0
2017-05-25 00:00:00+00:00,21006.0,21113.5,21003.5,21080.5,0
2017-05-26 00:00:00+00:00,21077.5,21093.5,21037.5,21083.0,0
2017-05-29 00:00:00+00:00,21088.0,21108.5,21083.0,21087.0,0
2017-05-30 00:00:00+00:00,21077.5,21082.5,21005.5,21030.0,0
2017-05-31 00:00:00+00:00,21027.0,21067.3,20936.8,21039.8,0
2017-06-01 00:00:00+00:00,21028.5,21142.0,20988.0,21133.5,0
2017-06-02 00:00:00+00:00,21137.5,21229.0,21128.0,21205.5,0
2017-06-05 00:00:00+00:00,21186.5,21223.0,21168.0,21184.5,0
2017-06-06 00:00:00+00:00,21182.5,21188.5,21117.5,21149.5,0
2017-06-07 00:00:00+00:00,21143.5,21188.5,21108.5,21167.5,0
2017-06-08 00:00:00+00:00,21167.0,21271.0,21137.5,21197.0,0
2017-06-09 00:00:00+00:00,21142.5,21304.5,21131.5,21257.5,0
2017-06-12 00:00:00+00:00,21258.5,21275.5,21188.5,21239.0,0
2017-06-13 00:00:00+00:00,21232.5,21332.0,21221.5,21330.0,0
2017-06-14 00:00:00+00:00,21330.0,21388.0,21288.0,21368.0,0
2017-06-15 00:00:00+00:00,21359.0,21366.5,21256.5,21359.5,0
2017-06-16 00:00:00+00:00,21351.0,21407.5,21305.5,21377.0,0
2017-06-19 00:00:00+00:00,21406.0,21522.5,21390.5,21510.5,0
2017-06-20 00:00:00+00:00,21511.5,21538.0,21463.5,21484.0,0
2017-06-21 00:00:00+00:00,21473.5,21498.5,21389.5,21411.0,0
2017-06-22 00:00:00+00:00,21408.0,21454.0,21389.0,21397.0,0
2017-06-23 00:00:00+00:00,21394.5,21423.5,21329.0,21384.0,0
2017-06-26 00:00:00+00:00,21369.0,21506.0,21355.5,21419.0,0
2017-06-27 00:00:00+00:00,21414.5,21440.0,21316.0,21322.5,0
2017-06-28 00:00:00+00:00,21316.5,21488.5,21306.0,21485.0,0
2017-06-29 00:00:00+00:00,21479.5,21503.0,21194.0,21322.5,0
2017-06-30 00:00:00+00:00,21320.5,21423.5,21289.0,21376.0,0
2017-07-03 00:00:00+00:00,21365.0,21562.5,21365.0,21544.5,0
2017-07-04 00:00:00+00:00,21477.5,21527.5,21461.5,21485.5,0
2017-07-05 00:00:00+00:00,21473.5,21512.5,21401.5,21473.0,0
2017-07-06 00:00:00+00:00,21464.5,21485.0,21301.0,21333.0,0
2017-07-07 00:00:00+00:00,21326.0,21422.5,21309.5,21415.0,0
2017-07-10 00:00:00+00:00,21407.5,21446.5,21364.0,21408.5,0
2017-07-11 00:00:00+00:00,21403.0,21441.0,21277.0,21421.0,0
2017-07-12 00:00:00+00:00,21431.5,21582.0,21410.5,21540.5,0
2017-07-13 00:00:00+00:00,21534.5,21570.0,21510.5,21564.0,0
2017-07-14 00:00:00+00:00,21564.0,21680.0,21522.0,21648.5,0
2017-07-17 00:00:00+00:00,21648.5,21676.0,21615.0,21642.5,0
2017-07-18 00:00:00+00:00,21643.5,21658.0,21465.5,21568.5,0
2017-07-19 00:00:00+00:00,21561.5,21651.5,21547.5,21636.5,0
2017-07-20 00:00:00+00:00,21630.0,21673.5,21574.5,21633.5,0
2017-07-21 00:00:00+00:00,21628.0,21639.0,21501.0,21568.0,0
2017-07-24 00:00:00+00:00,21564.5,21576.5,21494.0,21540.0,0
2017-07-25 00:00:00+00:00,21543.0,21690.0,21536.0,21615.5,0
2017-07-26 00:00:00+00:00,21613.5,21738.5,21598.0,21690.5,0
2017-07-27 00:00:00+00:00,21687.0,21802.5,21686.0,21796.0,0
2017-07-28 00:00:00+00:00,21794.0,21839.0,21737.0,21834.0,0
2017-07-31 00:00:00+00:00,21830.5,21934.0,21799.0,21921.5,0
2017-08-01 00:00:00+00:00,21914.0,22019.2,21907.0,21989.5,0
2017-08-02 00:00:00+00:00,22047.0,22047.0,21967.5,22022.0,0
2017-08-03 00:00:00+00:00,22022.5,22043.5,21983.0,22029.0,0
2017-08-04 00:00:00+00:00,22036.0,22102.5,22011.5,22078.0,0
2017-08-07 00:00:00+00:00,22112.5,22125.5,22088.0,22121.5,0
2017-08-08 00:00:00+00:00,22113.5,22178.5,22056.5,22078.0,0
2017-08-09 00:00:00+00:00,22053.5,22066.0,21995.5,22062.5,0
2017-08-10 00:00:00+00:00,22055.0,22055.5,21825.5,21842.0,0
2017-08-11 00:00:00+00:00,21844.0,21910.5,21816.5,21868.5,0
2017-08-14 00:00:00+00:00,21878.0,22014.5,21878.0,21992.5,0
2017-08-15 00:00:00+00:00,21981.0,22058.0,21969.5,22014.5,0
2017-08-16 00:00:00+00:00,22001.0,22079.5,21981.5,22021.5,0
2017-08-17 00:00:00+00:00,22027.0,22031.5,21702.5,21724.5,0
2017-08-18 00:00:00+00:00,21724.5,21793.5,21642.5,21694.0,0
2017-08-21 00:00:00+00:00,21711.5,21740.0,21598.5,21720.0,0
2017-08-22 00:00:00+00:00,21718.5,21917.5,21713.5,21912.0,0
2017-08-23 00:00:00+00:00,21900.5,21911.5,21794.5,21800.5,0
2017-08-24 00:00:00+00:00,21796.5,21877.5,21760.5,21799.5,0
2017-08-25 00:00:00+00:00,21806.5,21905.5,21769.5,21821.0,0
2017-08-28 00:00:00+00:00,21818.0,21872.5,21763.5,21808.5,0
2017-08-29 00:00:00+00:00,21734.5,21881.5,21646.5,21871.0,0
2017-08-30 00:00:00+00:00,21872.5,21956.0,21832.4,21877.5,0
2017-08-31 00:00:00+00:00,21879.5,21989.5,21879.5,21970.0,0
2017-09-01 00:00:00+00:00,21977.5,22039.5,21971.5,21979.7,0
2017-09-04 00:00:00+00:00,21886.0,21946.5,21884.0,21932.5,0
2017-09-05 00:00:00+00:00,21916.5,21950.9,21706.0,21768.5,0
2017-09-06 00:00:00+00:00,21772.5,21848.5,21745.5,21812.5,0
2017-09-07 00:00:00+00:00,21791.0,21848.5,21743.0,21801.0,0
2017-09-08 00:00:00+00:00,21798.0,21843.0,21713.0,21810.7,0
2017-09-11 00:00:00+00:00,21865.0,22080.0,21865.0,22074.0,0
2017-09-12 00:00:00+00:00,22067.5,22139.5,22061.0,22134.5,0
2017-09-13 00:00:00+00:00,22139.0,22162.0,22093.5,22155.7,0
2017-09-14 00:00:00+00:00,22153.0,22220.0,22109.0,22214.7,0
2017-09-15 00:00:00+00:00,22211.3,22270.0,22167.0,22259.5,0
2017-09-18 00:00:00+00:00,22265.5,22360.0,22265.5,22347.0,0
2017-09-19 00:00:00+00:00,22349.5,22387.6,22342.0,22375.6,0
2017-09-20 00:00:00+00:00,22377.6,22432.6,22319.7,22421.6,0
2017-09-21 00:00:00+00:00,22416.1,22431.0,22360.0,22374.5,0
2017-09-22 00:00:00+00:00,22372.0,22376.4,22300.0,22340.0,0
2017-09-25 00:00:00+00:00,22340.0,22381.5,22218.1,22323.5,0
2017-09-26 00:00:00+00:00,22322.5,22366.5,22278.5,22292.5,0
2017-09-27 00:00:00+00:00,22288.5,22371.0,22253.5,22339.0,0
2017-09-28 00:00:00+00:00,22331.5,22390.5,22282.5,22371.0,0
2017-09-29 00:00:00+00:00,22364.5,22399.5,22330.5,22392.5,0
2017-10-02 00:00:00+00:00,22401.0,22576.0,22398.0,22573.0,0
2017-10-03 00:00:00+00:00,22568.0,22679.0,22556.5,22668.5,0
2017-10-04 00:00:00+00:00,22665.5,22685.7,22635.0,22660.0,0
2017-10-05 00:00:00+00:00,22648.5,22791.3,22644.0,22782.5,0
2017-10-06 00:00:00+00:00,22775.2,22787.0,22729.0,22743.0,0
2017-10-09 00:00:00+00:00,22736.0,22800.5,22735.5,22760.5,0
2017-10-10 00:00:00+00:00,22757.5,22848.5,22757.0,22840.0,0
2017-10-11 00:00:00+00:00,22835.0,22868.5,22808.5,22864.0,0
2017-10-12 00:00:00+00:00,22863.5,22884.2,22821.6,22846.0,0
2017-10-13 00:00:00+00:00,22839.5,22903.5,22831.5,22881.0,0
2017-10-16 00:00:00+00:00,22877.0,22957.1,22877.0,22950.0,0
2017-10-17 00:00:00+00:00,22948.5,23024.0,22939.6,23013.0,0
2017-10-18 00:00:00+00:00,23012.5,23176.0,23012.5,23173.0,0
2017-10-19 00:00:00+00:00,23159.5,23174.3,23001.0,23173.3,0
2017-10-20 00:00:00+00:00,23169.5,23331.5,23153.5,23326.0,0
2017-10-23 00:00:00+00:00,23317.8,23370.0,23263.5,23281.0,0
2017-10-24 00:00:00+00:00,23275.0,23487.4,23273.0,23440.0,0
2017-10-25 00:00:00+00:00,23439.0,23465.5,23252.5,23362.0,0
2017-10-26 00:00:00+00:00,23361.0,23454.0,23339.5,23402.0,0
2017-10-27 00:00:00+00:00,23406.5,23460.2,23351.5,23427.0,0
2017-10-29 00:00:00+00:00,23415.0,23434.5,23412.5,23433.5,0
2017-10-30 00:00:00+00:00,23415.0,23439.0,23328.0,23343.0,0
2017-10-31 00:00:00+00:00,23343.0,23405.0,23323.5,23385.5,0
2017-11-01 00:00:00+00:00,23387.0,23518.5,23373.6,23418.0,0
2017-11-02 00:00:00+00:00,23415.0,23528.5,23345.5,23512.0,0
2017-11-03 00:00:00+00:00,23513.0,23552.5,23475.5,23508.1,0
2017-11-06 00:00:00+00:00,23501.5,23568.5,23470.5,23560.5,0
2017-11-07 00:00:00+00:00,23563.0,23624.9,23481.0,23539.5,0
2017-11-08 00:00:00+00:00,23525.0,23573.5,23500.0,23556.5,0
2017-11-09 00:00:00+00:00,23537.5,23580.0,23304.0,23457.0,0
2017-11-10 00:00:00+00:00,23446.0,23485.3,23375.5,23417.5,0
2017-11-13 00:00:00+00:00,23436.0,23469.0,23328.5,23439.5,0
2017-11-14 00:00:00+00:00,23436.0,23462.6,23269.5,23407.5,0
2017-11-15 00:00:00+00:00,23399.5,23401.0,23242.0,23302.5,0
2017-11-16 00:00:00+00:00,23287.5,23487.5,23268.0,23447.5,0
2017-11-17 00:00:00+00:00,23441.5,23465.5,23340.0,23340.5,0
2017-11-20 00:00:00+00:00,23346.0,23454.5,23269.5,23428.0,0
2017-11-21 00:00:00+00:00,23429.5,23616.7,23407.5,23577.0,0
2017-11-22 00:00:00+00:00,23571.0,23622.6,23501.5,23505.0,0
2017-11-23 00:00:00+00:00,23501.0,23536.1,23459.5,23526.5,0
2017-11-24 00:00:00+00:00,23515.1,23597.6,23505.5,23545.5,0
2017-11-27 00:00:00+00:00,23535.0,23638.0,23498.0,23592.0,0
2017-11-28 00:00:00+00:00,23576.5,23848.5,23545.5,23827.0,0
2017-11-29 00:00:00+00:00,23820.0,23958.0,23803.0,23934.0,0
2017-11-30 00:00:00+00:00,23914.5,24326.5,23892.0,24240.0,0
2017-12-01 00:00:00+00:00,24233.8,24323.5,23923.0,24242.0,0
2017-12-04 00:00:00+00:00,24375.0,24533.5,24264.0,24296.5,0
2017-12-05 00:00:00+00:00,24294.0,24387.0,24153.5,24180.5,0
2017-12-06 00:00:00+00:00,24180.0,24230.5,24082.5,24171.5,0
2017-12-07 00:00:00+00:00,24162.0,24258.6,24070.5,24227.5,0
2017-12-08 00:00:00+00:00,24222.7,24325.0,24210.0,24309.9,0
2017-12-11 00:00:00+00:00,24317.0,24428.5,24314.5,24421.5,0
2017-12-12 00:00:00+00:00,24424.0,24549.6,24392.0,24517.5,0
2017-12-13 00:00:00+00:00,24520.5,24662.2,24459.5,24624.5,0
2017-12-14 00:00:00+00:00,24620.5,24678.5,24508.2,24512.7,0
2017-12-15 00:00:00+00:00,24514.5,24681.5,24514.5,24650.5,0
2017-12-18 00:00:00+00:00,24674.0,24871.5,24671.0,24799.0,0
2017-12-19 00:00:00+00:00,24797.5,24868.0,24707.0,24753.5,0
2017-12-20 00:00:00+00:00,24751.1,24858.0,24684.0,24724.0,0
2017-12-21 00:00:00+00:00,24713.5,24846.5,24700.0,24785.5,0
2017-12-22 00:00:00+00:00,24780.0,24833.5,24720.3,24756.3,0
2017-12-26 00:00:00+00:00,24740.5,24788.2,24696.5,24784.7,0
2017-12-27 00:00:00+00:00,24784.7,24809.5,24726.0,24778.5,0
2017-12-28 00:00:00+00:00,24768.7,24825.0,24751.5,24817.0,0
2017-12-29 00:00:00+00:00,24822.5,24887.5,24680.5,24712.5,0
2018-01-02 00:00:00+00:00,24745.5,24868.7,24727.0,24803.0,0
2018-01-03 00:00:00+00:00,24798.0,24936.0,24791.0,24906.0,0
2018-01-04 00:00:00+00:00,24908.5,25104.5,24901.5,25087.5,0
2018-01-05 00:00:00+00:00,25090.0,25296.0,25081.5,25287.0,0
2018-01-08 00:00:00+00:00,25295.0,25380.5,25237.5,25288.5,0
2018-01-09 00:00:00+00:00,25269.0,25437.5,25261.5,25382.0,0
2018-01-10 00:00:00+00:00,25377.0,25407.0,25244.0,25377.5,0
2018-01-11 00:00:00+00:00,25373.0,25586.5,25352.5,25573.0,0
2018-01-12 00:00:00+00:00,25565.0,25828.5,25557.5,25824.0,0
2018-01-15 00:00:00+00:00,25838.5,26002.0,25834.5,25962.5,0
2018-01-16 00:00:00+00:00,25963.5,26089.0,25709.5,25854.0,0
2018-01-17 00:00:00+00:00,25849.5,26132.0,25812.5,26105.0,0
2018-01-18 00:00:00+00:00,26093.0,26156.5,25922.5,25950.0,0
2018-01-19 00:00:00+00:00,25951.0,26093.5,25883.0,26053.0,0
2018-01-22 00:00:00+00:00,25988.0,26230.5,25954.5,26202.5,0
2018-01-23 00:00:00+00:00,26207.0,26320.5,26141.5,26201.0,0
2018-01-24 00:00:00+00:00,26191.0,26391.5,26092.5,26278.0,0
2018-01-25 00:00:00+00:00,26275.0,26450.5,26222.5,26404.0,0
2018-01-26 00:00:00+00:00,26395.5,26628.5,26395.0,26623.0,0
2018-01-29 00:00:00+00:00,26604.0,26703.5,26436.5,26448.5,0
2018-01-30 00:00:00+00:00,26437.0,26497.5,26025.5,26066.5,0
2018-01-31 00:00:00+00:00,26065.0,26330.0,26045.5,26179.0,0
2018-02-01 00:00:00+00:00,26184.0,26299.0,25940.5,26160.0,0
2018-02-02 00:00:00+00:00,26191.0,26234.5,25437.5,25454.5,0
2018-02-05 00:00:00+00:00,25457.0,25506.5,23700.0,24089.5,0
2018-02-06 00:00:00+00:00,24127.0,24930.5,23109.0,24778.5,0
2018-02-07 00:00:00+00:00,24789.0,25293.5,24549.5,24808.5,0
2018-02-08 00:00:00+00:00,24750.0,24958.0,23834.0,24031.5,0
2018-02-09 00:00:00+00:00,23997.0,24380.5,23354.0,24186.5,0
2018-02-12 00:00:00+00:00,24282.0,24768.5,24249.5,24599.0,0
2018-02-13 00:00:00+00:00,24607.0,24707.5,24405.5,24674.5,0
2018-02-14 00:00:00+00:00,24660.0,24927.5,24312.0,24879.0,0
2018-02-15 00:00:00+00:00,24866.0,25256.0,24800.0,25232.5,0
2018-02-16 00:00:00+00:00,25237.0,25432.5,25119.5,25239.0,0
2018-02-19 00:00:00+00:00,25237.0,25350.5,25065.5,25187.0,0
2018-02-20 00:00:00+00:00,25189.0,25236.5,24877.5,24965.5,0
2018-02-21 00:00:00+00:00,24963.0,25269.0,24736.5,24792.0,0
2018-02-22 00:00:00+00:00,24795.0,25152.5,24589.0,25046.0,0
2018-02-23 00:00:00+00:00,25035.5,25335.5,25011.0,25330.5,0
2018-02-26 00:00:00+00:00,25351.0,25788.5,25311.5,25774.0,0
2018-02-27 00:00:00+00:00,25766.5,25823.5,25399.5,25436.5,0
2018-02-28 00:00:00+00:00,25411.5,25576.0,25016.5,25088.5,0
2018-03-01 00:00:00+00:00,25089.0,25184.0,24432.0,24639.0,0
2018-03-02 00:00:00+00:00,24612.5,24670.0,24208.0,24541.0,0
2018-03-05 00:00:00+00:00,24495.0,24963.5,24316.5,24888.5,0
2018-03-06 00:00:00+00:00,24895.0,25056.5,24704.5,24862.0,0
2018-03-07 00:00:00+00:00,24673.0,24847.5,24412.5,24791.5,0
2018-03-08 00:00:00+00:00,24782.0,24948.5,24696.5,24875.5,0
2018-03-09 00:00:00+00:00,24871.0,25337.0,24832.5,25324.5,0
2018-03-11 00:00:00+00:00,25327.0,25390.0,25307.0,25390.0,0
2018-03-12 00:00:00+00:00,25327.0,25501.0,25146.0,25200.0,0
2018-03-13 00:00:00+00:00,25182.5,25375.0,24942.5,25005.0,0
2018-03-14 00:00:00+00:00,25034.5,25147.0,24664.0,24779.5,0
2018-03-15 00:00:00+00:00,24759.0,25054.0,24668.5,24930.5,0
2018-03-16 00:00:00+00:00,24875.0,25030.5,24828.5,24947.5,0
2018-03-18 00:00:00+00:00,24957.0,24958.5,24909.0,24924.5,0
2018-03-19 00:00:00+00:00,24957.0,24958.5,24443.0,24663.5,0
2018-03-20 00:00:00+00:00,24659.0,24801.5,24596.5,24763.0,0
2018-03-21 00:00:00+00:00,24757.0,24984.5,24649.5,24718.5,0
2018-03-22 00:00:00+00:00,24719.0,24792.0,23927.0,23992.0,0
2018-03-23 00:00:00+00:00,24004.0,24110.5,23507.5,23608.3,0
2018-03-26 00:00:00+00:00,23593.2,24233.3,23565.9,24215.7,0
2018-03-27 00:00:00+00:00,24212.3,24447.9,23706.8,23866.1,0
2018-03-28 00:00:00+00:00,23861.1,24093.1,23726.7,23888.8,0
2018-03-29 00:00:00+00:00,23912.7,24312.5,23818.8,24121.3,0
2018-04-02 00:00:00+00:00,24112.0,24178.2,23344.2,23661.0,0
2018-04-03 00:00:00+00:00,23653.1,24044.1,23587.8,24018.5,0
2018-04-04 00:00:00+00:00,24013.3,24312.8,23399.3,24279.4,0
2018-04-05 00:00:00+00:00,24275.2,24623.9,24260.8,24508.1,0
2018-04-06 00:00:00+00:00,24514.6,24532.1,23737.0,23949.5,0
2018-04-09 00:00:00+00:00,23989.6,24374.2,23945.1,24024.8,0
2018-04-10 00:00:00+00:00,23980.5,24510.2,23980.0,24385.1,0
2018-04-11 00:00:00+00:00,24386.2,24394.7,24093.6,24209.1,0
2018-04-12 00:00:00+00:00,24210.1,24592.1,24173.7,24504.6,0
2018-04-13 00:00:00+00:00,24486.2,24660.7,24243.7,24368.9,0
2018-04-16 00:00:00+00:00,24530.8,24677.8,24420.2,24593.6,0
2018-04-17 00:00:00+00:00,24592.1,24860.2,24585.2,24741.0,0
2018-04-18 00:00:00+00:00,24733.1,24844.5,24719.1,24781.0,0
2018-04-19 00:00:00+00:00,24775.6,24815.1,24554.5,24667.8,0
2018-04-20 00:00:00+00:00,24661.0,24699.2,24373.3,24472.8,0
2018-04-23 00:00:00+00:00,24584.9,24584.9,24328.1,24462.7,0
2018-04-24 00:00:00+00:00,24471.7,24639.0,23826.0,24034.2,0
2018-04-25 00:00:00+00:00,24038.8,24148.9,23825.2,24130.1,0
2018-04-26 00:00:00+00:00,24130.6,24404.3,24055.5,24336.6,0
2018-04-27 00:00:00+00:00,24354.1,24358.1,24192.6,24323.1,0
2018-04-30 00:00:00+00:00,24361.1,24502.9,24147.4,24159.4,0
2018-05-01 00:00:00+00:00,24166.4,24233.2,23805.7,24142.9,0
2018-05-02 00:00:00+00:00,24147.9,24187.9,23851.5,23867.0,0
2018-05-03 00:00:00+00:00,23875.0,23999.8,23529.7,23968.6,0
2018-05-04 00:00:00+00:00,23968.6,24335.4,23778.8,24289.0,0
2018-05-07 00:00:00+00:00,24286.3,24482.5,24263.0,24345.2,0
2018-05-08 00:00:00+00:00,24340.2,24414.8,24194.9,24358.0,0
2018-05-09 00:00:00+00:00,24341.3,24587.1,24315.5,24546.9,0
2018-05-10 00:00:00+00:00,24540.2,24795.4,24500.4,24706.1,0
2018-05-11 00:00:00+00:00,24695.0,24869.4,24695.0,24848.0,0
2018-05-14 00:00:00+00:00,24912.5,24995.1,24858.4,24892.8,0
2018-05-15 00:00:00+00:00,24886.4,24917.9,24628.6,24686.8,0
2018-05-16 00:00:00+00:00,24698.5,24801.7,24637.2,24759.6,0
2018-05-17 00:00:00+00:00,24739.3,24841.5,24636.5,24709.7,0
2018-05-18 00:00:00+00:00,24713.2,24807.7,24662.9,24727.6,0
2018-05-21 00:00:00+00:00,24899.0,25085.0,24899.0,25015.0,0
2018-05-22 00:00:00+00:00,25002.1,25073.3,24813.0,24843.2,0
2018-05-23 00:00:00+00:00,24842.2,24890.8,24634.9,24863.9,0
2018-05-24 00:00:00+00:00,24861.5,24879.9,24603.6,24819.4,0
2018-05-25 00:00:00+00:00,24811.2,24914.5,24686.9,24738.0,0
2018-05-28 00:00:00+00:00,24847.8,24854.4,24721.9,24790.5,0
2018-05-29 00:00:00+00:00,24792.8,24803.3,24246.6,24416.7,0
2018-05-30 00:00:00+00:00,24400.6,24715.8,24327.3,24655.2,0
2018-05-31 00:00:00+00:00,24637.8,24708.0,24348.9,24443.6,0
2018-06-01 00:00:00+00:00,24435.8,24676.3,24421.8,24625.1,0
2018-06-04 00:00:00+00:00,24610.1,24863.3,24588.6,24808.1,0
2018-06-05 00:00:00+00:00,24802.2,24861.0,24710.2,24826.4,0
2018-06-06 00:00:00+00:00,24824.5,25162.4,24814.6,25154.4,0
2018-06-07 00:00:00+00:00,25144.2,25325.4,25116.5,25277.1,0
2018-06-08 00:00:00+00:00,25258.1,25329.5,25078.0,25308.0,0
2018-06-11 00:00:00+00:00,25263.6,25402.4,25248.6,25330.0,0
2018-06-12 00:00:00+00:00,25325.6,25389.6,25245.0,25335.4,0
2018-06-13 00:00:00+00:00,25324.5,25365.8,25186.0,25200.9,0
2018-06-14 00:00:00+00:00,25178.1,25330.9,25124.8,25196.7,0
2018-06-15 00:00:00+00:00,25186.8,25186.8,24890.3,25088.3,0
2018-06-18 00:00:00+00:00,25048.0,25132.0,24821.5,24992.9,0
2018-06-19 00:00:00+00:00,24987.0,25000.5,24565.1,24720.9,0
2018-06-20 00:00:00+00:00,24712.0,24852.0,24627.7,24668.5,0
2018-06-21 00:00:00+00:00,24667.0,24787.4,24406.8,24468.8,0
2018-06-22 00:00:00+00:00,24458.7,24662.6,24448.3,24601.5,0
2018-06-25 00:00:00+00:00,24590.4,24616.9,24083.0,24286.7,0
2018-06-26 00:00:00+00:00,24288.2,24382.9,24225.4,24279.9,0
2018-06-27 00:00:00+00:00,24286.4,24571.7,24088.2,24151.5,0
2018-06-28 00:00:00+00:00,24144.1,24309.5,23993.9,24264.6,0
2018-06-29 00:00:00+00:00,24258.3,24510.6,24223.1,24297.5,0
2018-07-02 00:00:00+00:00,24288.7,24343.2,24047.0,24306.9,0
2018-07-03 00:00:00+00:00,24319.9,24467.9,24151.1,24183.3,0
2018-07-04 00:00:00+00:00,24168.1,24275.3,24148.7,24230.0,0
2018-07-05 00:00:00+00:00,24214.0,24377.5,24131.5,24356.1,0
2018-07-06 00:00:00+00:00,24330.6,24521.4,24254.2,24465.2,0
2018-07-09 00:00:00+00:00,24471.8,24799.8,24471.8,24791.3,0
2018-07-10 00:00:00+00:00,24787.9,24945.1,24756.7,24806.9,0
2018-07-11 00:00:00+00:00,24758.2,24815.2,24620.6,24720.8,0
2018-07-12 00:00:00+00:00,24723.8,24942.1,24694.0,24911.9,0
2018-07-13 00:00:00+00:00,24918.9,25045.2,24884.3,25020.0,0
2018-07-16 00:00:00+00:00,25059.1,25109.1,24979.7,25066.5,0
2018-07-17 00:00:00+00:00,25068.0,25157.6,24988.3,25130.5,0
2018-07-18 00:00:00+00:00,25135.1,25215.1,25099.0,25180.0,0
2018-07-19 00:00:00+00:00,25176.8,25213.4,25047.6,25067.9,0
2018-07-20 00:00:00+00:00,25066.0,25125.7,24926.5,25042.5,0
2018-07-23 00:00:00+00:00,25092.6,25098.6,24979.3,25048.8,0
2018-07-24 00:00:00+00:00,25041.4,25288.8,25041.4,25211.1,0
2018-07-25 00:00:00+00:00,25225.1,25465.6,25110.7,25464.6,0
2018-07-26 00:00:00+00:00,25456.7,25589.6,25413.5,25519.9,0
2018-07-27 00:00:00+00:00,25512.5,25591.2,25369.7,25431.4,0
2018-07-30 00:00:00+00:00,25436.9,25500.3,25287.8,25328.1,0
2018-07-31 00:00:00+00:00,25325.2,25511.3,25295.1,25496.8,0
2018-08-01 00:00:00+00:00,25487.9,25496.9,25277.6,25346.8,0
2018-08-02 00:00:00+00:00,25343.0,25361.8,25115.2,25356.8,0
2018-08-03 00:00:00+00:00,25361.3,25469.9,25292.3,25445.8,0
2018-08-06 00:00:00+00:00,25462.2,25541.3,25380.3,25494.7,0
2018-08-07 00:00:00+00:00,25505.8,25694.3,25494.3,25651.7,0
2018-08-08 00:00:00+00:00,25646.3,25666.6,25537.6,25540.1,0
2018-08-09 00:00:00+00:00,25518.9,25616.6,25474.8,25487.8,0
2018-08-10 00:00:00+00:00,25480.4,25493.5,25221.6,25339.4,0
2018-08-13 00:00:00+00:00,25316.4,25380.9,25153.4,25233.5,0
2018-08-14 00:00:00+00:00,25230.0,25341.9,25203.5,25319.3,0
2018-08-15 00:00:00+00:00,25318.5,25324.7,24966.8,25212.3,0
2018-08-16 00:00:00+00:00,25196.6,25606.9,25142.9,25584.8,0
2018-08-17 00:00:00+00:00,25573.9,25728.3,25503.1,25670.9,0
2018-08-20 00:00:00+00:00,25697.4,25792.2,25663.8,25753.9,0
2018-08-21 00:00:00+00:00,25750.9,25889.5,25723.4,25750.4,0
2018-08-22 00:00:00+00:00,25725.5,25839.6,25679.3,25732.6,0
2018-08-23 00:00:00+00:00,25725.5,25764.5,25607.4,25672.3,0
2018-08-24 00:00:00+00:00,25674.8,25826.7,25651.5,25794.1,0
2018-08-27 00:00:00+00:00,25810.4,26081.4,25805.4,26078.9,0
2018-08-28 00:00:00+00:00,26076.5,26150.6,26036.9,26081.3,0
2018-08-29 00:00:00+00:00,26073.0,26168.8,26033.9,26134.6,0
2018-08-30 00:00:00+00:00,26138.1,26148.7,25934.4,25970.8,0
2018-08-31 00:00:00+00:00,25948.7,26029.2,25878.5,26001.2,0
2018-09-03 00:00:00+00:00,26007.1,26066.5,25947.2,26011.9,0
2018-09-04 00:00:00+00:00,26014.3,26057.1,25802.0,25969.2,0
2018-09-05 00:00:00+00:00,25976.7,26011.3,25825.9,25971.2,0
2018-09-06 00:00:00+00:00,25958.2,26078.0,25879.3,25999.5,0
2018-09-07 00:00:00+00:00,25983.4,26016.6,25815.7,25942.6,0
2018-09-10 00:00:00+00:00,25938.0,26047.0,25858.0,25882.0,0
2018-09-11 00:00:00+00:00,25879.0,26020.4,25749.5,25995.7,0
2018-09-12 00:00:00+00:00,25990.8,26147.5,25929.0,25991.1,0
2018-09-13 00:00:00+00:00,25987.1,26191.7,25967.1,26150.6,0
2018-09-14 00:00:00+00:00,26143.9,26223.6,26067.5,26150.7,0
2018-09-17 00:00:00+00:00,26150.0,26184.4,26031.3,26067.1,0
2018-09-18 00:00:00+00:00,26066.7,26319.9,25955.0,26274.6,0
2018-09-19 00:00:00+00:00,26280.1,26464.2,26226.7,26436.4,0
2018-09-20 00:00:00+00:00,26437.9,26708.7,26418.7,26706.7,0
2018-09-21 00:00:00+00:00,26698.8,26782.2,26680.1,26724.3,0
2018-09-24 00:00:00+00:00,26687.7,26710.7,26549.3,26593.0,0
2018-09-25 00:00:00+00:00,26593.1,26674.7,26478.8,26501.1,0
2018-09-26 00:00:00+00:00,26498.7,26605.6,26348.2,26396.8,0
2018-09-27 00:00:00+00:00,26391.4,26560.1,26339.6,26478.0,0
2018-09-28 00:00:00+00:00,26482.5,26516.4,26330.6,26476.4,0
2018-10-01 00:00:00+00:00,26510.3,26736.9,26510.3,26663.3,0
2018-10-02 00:00:00+00:00,26661.9,26824.6,26540.9,26805.9,0
2018-10-03 00:00:00+00:00,26796.6,26951.2,26762.5,26812.1,0
2018-10-04 00:00:00+00:00,26808.3,26808.3,26471.4,26674.2,0
2018-10-05 00:00:00+00:00,26658.8,26722.7,26302.5,26481.7,0
2018-10-08 00:00:00+00:00,26521.5,26539.8,26219.3,26524.4,0
2018-10-09 00:00:00+00:00,26518.4,26543.0,26325.5,26458.6,0
2018-10-10 00:00:00+00:00,26456.7,26506.8,25422.6,25427.0,0
2018-10-11 00:00:00+00:00,25451.4,25672.3,24897.3,25206.9,0
2018-10-12 00:00:00+00:00,25215.4,25546.4,25003.0,25329.7,0
2018-10-15 00:00:00+00:00,25350.3,25484.2,25123.0,25195.5,0
2018-10-16 00:00:00+00:00,25179.7,25820.9,25179.7,25784.6,0
2018-10-17 00:00:00+00:00,25760.8,25862.1,25480.0,25760.1,0
2018-10-18 00:00:00+00:00,25724.5,25738.4,25237.0,25414.9,0
2018-10-19 00:00:00+00:00,25400.2,25610.3,25350.2,25439.3,0
2018-10-22 00:00:00+00:00,25353.9,25580.1,25233.8,25319.8,0
2018-10-23 00:00:00+00:00,25315.4,25322.9,24766.6,25261.4,0
2018-10-24 00:00:00+00:00,25258.9,25355.5,24532.5,24733.2,0
2018-10-25 00:00:00+00:00,24744.2,25106.1,24593.9,24863.3,0
2018-10-26 00:00:00+00:00,24829.0,24915.1,24445.1,24779.4,0
2018-10-28 00:00:00+00:00,24766.0,24797.4,24752.5,24797.4,0
2018-10-29 00:00:00+00:00,24766.0,25037.4,24120.6,24415.9,0
2018-10-30 00:00:00+00:00,24423.4,24931.8,24365.3,24922.4,0
2018-10-31 00:00:00+00:00,24917.0,25338.0,24858.4,25085.5,0
2018-11-01 00:00:00+00:00,25080.6,25397.0,25080.6,25321.2,0
2018-11-02 00:00:00+00:00,25361.9,25721.1,25077.6,25280.9,0
2018-11-05 00:00:00+00:00,25265.2,25508.2,25172.9,25490.3,0
2018-11-06 00:00:00+00:00,25484.3,25700.8,25407.9,25679.4,0
2018-11-07 00:00:00+00:00,25663.5,26236.4,25576.4,26224.0,0
2018-11-08 00:00:00+00:00,26189.1,26278.2,26080.0,26193.9,0
2018-11-09 00:00:00+00:00,26186.9,26241.7,25881.9,25967.6,0
2018-11-12 00:00:00+00:00,25978.9,26109.4,25341.9,25399.6,0
2018-11-13 00:00:00+00:00,25416.6,25574.9,25192.9,25347.8,0
2018-11-14 00:00:00+00:00,25386.1,25498.5,24934.3,25089.2,0
2018-11-15 00:00:00+00:00,25072.5,25355.9,24787.2,25325.4,0
2018-11-16 00:00:00+00:00,25323.0,25510.4,25103.6,25471.8,0
2018-11-19 00:00:00+00:00,25398.1,25500.8,24899.1,25047.7,0
2018-11-20 00:00:00+00:00,25037.3,25052.2,24366.0,24436.0,0
2018-11-21 00:00:00+00:00,24438.3,24666.0,24385.4,24481.0,0
2018-11-22 00:00:00+00:00,24485.1,24548.1,24299.5,24336.0,0
2018-11-23 00:00:00+00:00,24349.5,24435.0,24271.5,24287.3,0
2018-11-26 00:00:00+00:00,24343.8,24673.0,24317.3,24511.1,0
2018-11-27 00:00:00+00:00,24526.1,24785.8,24412.5,24782.6,0
2018-11-28 00:00:00+00:00,24780.2,25367.7,24728.4,25334.8,0
2018-11-29 00:00:00+00:00,25305.8,25479.6,25202.8,25367.4,0
2018-11-30 00:00:00+00:00,25355.0,25549.7,25205.1,25507.7,0
2018-12-03 00:00:00+00:00,25978.2,26073.9,25668.3,25817.3,0
2018-12-04 00:00:00+00:00,25822.9,25824.4,24990.5,25028.0,0
2018-12-05 00:00:00+00:00,25015.6,25173.0,24997.1,25147.5,0
2018-12-06 00:00:00+00:00,24839.0,24971.7,24246.3,24924.8,0
2018-12-07 00:00:00+00:00,24904.7,25095.7,24281.2,24387.6,0
2018-12-10 00:00:00+00:00,24188.8,24501.2,23878.0,24460.0,0
2018-12-11 00:00:00+00:00,24469.1,24808.4,24218.1,24319.5,0
2018-12-12 00:00:00+00:00,24335.5,24828.9,24323.0,24535.9,0
2018-12-13 00:00:00+00:00,24557.5,24738.4,24473.3,24568.9,0
2018-12-14 00:00:00+00:00,24575.7,24597.8,24029.6,24098.9,0
2018-12-17 00:00:00+00:00,24130.6,24218.5,23455.0,23687.9,0
2018-12-18 00:00:00+00:00,23679.5,23923.9,23515.8,23559.4,0
2018-12-19 00:00:00+00:00,23553.5,24060.5,23159.6,23300.5,0
2018-12-20 00:00:00+00:00,23307.1,23430.9,22641.7,23045.8,0
2018-12-21 00:00:00+00:00,23010.1,23250.6,22399.1,22431.1,0
2018-12-24 00:00:00+00:00,22424.3,22574.8,21791.6,21805.0,0
2018-12-26 00:00:00+00:00,21751.2,22978.6,21576.1,22879.7,0
2018-12-27 00:00:00+00:00,22863.4,23219.7,22264.4,23119.8,0
2018-12-28 00:00:00+00:00,23139.3,23393.5,22980.2,23065.3,0
2018-12-31 00:00:00+00:00,23201.1,23375.4,23114.8,23344.1,0
2019-01-02 00:00:00+00:00,23399.2,23431.9,22816.7,23132.4,0
2019-01-03 00:00:00+00:00,23063.5,23138.9,22636.3,22716.9,0
2019-01-04 00:00:00+00:00,22725.9,23522.0,22587.7,23428.0,0
2019-01-07 00:00:00+00:00,23502.9,23687.3,23297.3,23561.6,0
2019-01-08 00:00:00+00:00,23555.2,23868.3,23520.3,23752.6,0
2019-01-09 00:00:00+00:00,23734.6,23988.8,23734.6,23861.0,0
2019-01-10 00:00:00+00:00,23847.6,24024.0,23663.8,23990.2,0
2019-01-11 00:00:00+00:00,23979.8,24019.2,23797.0,23991.6,0
2019-01-14 00:00:00+00:00,23882.5,23964.9,23728.9,23901.6,0
2019-01-15 00:00:00+00:00,23898.7,24101.2,23855.8,24016.6,0
2019-01-16 00:00:00+00:00,24015.7,24289.7,23988.0,24199.3,0
2019-01-17 00:00:00+00:00,24187.0,24476.4,24038.5,24374.7,0
2019-01-18 00:00:00+00:00,24374.9,24748.4,24320.2,24704.3,0
2019-01-21 00:00:00+00:00,24704.7,24723.7,24550.1,24635.5,0
2019-01-22 00:00:00+00:00,24633.0,24667.3,24243.1,24444.3,0
2019-01-23 00:00:00+00:00,24413.0,24699.0,24302.8,24570.6,0
2019-01-24 00:00:00+00:00,24541.3,24635.7,24418.4,24526.7,0
2019-01-25 00:00:00+00:00,24512.3,24861.9,24492.9,24730.1,0
2019-01-28 00:00:00+00:00,24700.5,24726.4,24324.8,24499.3,0
2019-01-29 00:00:00+00:00,24494.9,24677.6,24389.5,24659.4,0
2019-01-30 00:00:00+00:00,24683.4,25108.4,24580.8,25017.7,0
2019-01-31 00:00:00+00:00,24967.9,25094.7,24838.4,25084.3,0
2019-02-01 00:00:00+00:00,25063.4,25191.2,24981.3,25048.6,0
2019-02-04 00:00:00+00:00,25035.8,25252.0,24972.6,25228.6,0
2019-02-05 00:00:00+00:00,25226.7,25428.0,25196.9,25375.9,0
2019-02-06 00:00:00+00:00,25376.3,25440.6,25310.1,25371.5,0
2019-02-07 00:00:00+00:00,25341.0,25358.0,24999.4,25152.6,0
2019-02-08 00:00:00+00:00,25136.6,25144.1,24883.9,25101.9,0
2019-02-11 00:00:00+00:00,25097.8,25249.0,25003.5,25045.1,0
2019-02-12 00:00:00+00:00,25035.7,25460.0,25027.2,25429.4,0
2019-02-13 00:00:00+00:00,25416.0,25627.3,25407.1,25505.5,0
2019-02-14 00:00:00+00:00,25482.1,25615.6,25301.7,25410.6,0
2019-02-15 00:00:00+00:00,25408.2,25896.2,25277.6,25886.3,0
2019-02-18 00:00:00+00:00,25911.2,25941.5,25848.5,25905.5,0
2019-02-19 00:00:00+00:00,25897.5,25963.8,25791.0,25886.5,0
2019-02-20 00:00:00+00:00,25881.0,25988.9,25829.1,25970.5,0
2019-02-21 00:00:00+00:00,25968.1,26088.4,25762.0,25843.4,0
2019-02-22 00:00:00+00:00,25842.0,26052.3,25814.6,26012.9,0
2019-02-25 00:00:00+00:00,26094.8,26240.2,26047.1,26087.2,0
2019-02-26 00:00:00+00:00,26093.3,26154.4,25959.3,26020.4,0
2019-02-27 00:00:00+00:00,26005.0,26053.6,25872.6,26035.1,0
2019-02-28 00:00:00+00:00,26025.3,26025.6,25875.3,25928.2,0
2019-03-01 00:00:00+00:00,25916.8,26142.2,25893.9,26035.9,0
2019-03-04 00:00:00+00:00,26122.3,26175.8,25609.4,25809.9,0
2019-03-05 00:00:00+00:00,25813.5,25895.0,25727.1,25804.9,0
2019-03-06 00:00:00+00:00,25795.0,25842.1,25632.0,25672.6,0
2019-03-07 00:00:00+00:00,25663.1,25711.6,25346.8,25473.9,0
2019-03-08 00:00:00+00:00,25458.7,25506.0,25217.5,25501.0,0
2019-03-11 00:00:00+00:00,25473.2,25700.2,25221.7,25670.8,0
2019-03-12 00:00:00+00:00,25672.3,25765.9,25519.2,25590.4,0
2019-03-13 00:00:00+00:00,25589.4,25779.0,25459.8,25754.3,0
2019-03-14 00:00:00+00:00,25754.8,25784.2,25619.0,25711.9,0
2019-03-15 00:00:00+00:00,25710.5,25928.1,25647.5,25866.0,0
2019-03-18 00:00:00+00:00,25840.1,25944.4,25779.6,25926.6,0
2019-03-19 00:00:00+00:00,25927.1,26112.3,25814.3,25878.7,0
2019-03-20 00:00:00+00:00,25877.2,25933.3,25665.0,25669.0,0
2019-03-21 00:00:00+00:00,25669.5,26009.9,25578.5,25954.5,0
2019-03-22 00:00:00+00:00,25954.5,26004.6,25503.4,25544.1,0
2019-03-25 00:00:00+00:00,25564.0,25624.6,25353.9,25557.9,0
2019-03-26 00:00:00+00:00,25555.4,25797.2,25536.2,25645.7,0
2019-03-27 00:00:00+00:00,25648.2,25759.6,25422.4,25612.6,0
2019-03-28 00:00:00+00:00,25610.1,25742.6,25507.8,25735.4,0
2019-03-29 00:00:00+00:00,25734.9,25948.8,25714.2,25937.9,0
2019-04-01 00:00:00+00:00,25995.6,26280.7,25995.6,26243.0,0
2019-04-02 00:00:00+00:00,26227.2,26273.6,26122.7,26141.5,0
2019-04-03 00:00:00+00:00,26139.1,26300.6,26131.3,26241.4,0
2019-04-04 00:00:00+00:00,26286.2,26399.7,26186.0,26388.2,0
2019-04-05 00:00:00+00:00,26374.9,26498.3,26352.6,26387.9,0
2019-04-08 00:00:00+00:00,26377.4,26405.4,26244.1,26337.4,0
2019-04-09 00:00:00+00:00,26335.9,26339.1,26098.1,26138.3,0
2019-04-10 00:00:00+00:00,26129.9,26223.0,26098.9,26169.7,0
2019-04-11 00:00:00+00:00,26173.3,26229.3,26060.7,26157.3,0
2019-04-12 00:00:00+00:00,26152.9,26442.0,26141.9,26407.4,0
2019-04-15 00:00:00+00:00,26426.6,26477.1,26313.1,26387.1,0
2019-04-16 00:00:00+00:00,26391.2,26554.5,26377.9,26434.6,0
2019-04-17 00:00:00+00:00,26423.1,26515.2,26381.0,26442.4,0
2019-04-18 00:00:00+00:00,26437.7,26602.6,26312.7,26578.7,0
2019-04-22 00:00:00+00:00,26563.8,26638.2,26452.0,26517.5,0
2019-04-23 00:00:00+00:00,26522.0,26694.9,26466.5,26650.6,0
2019-04-24 00:00:00+00:00,26654.2,26700.6,26526.2,26530.7,0
2019-04-25 00:00:00+00:00,26542.7,26585.2,26305.5,26439.0,0
2019-04-26 00:00:00+00:00,26427.5,26544.7,26360.5,26535.2,0
2019-04-29 00:00:00+00:00,26532.0,26603.3,26498.3,26580.6,0
2019-04-30 00:00:00+00:00,26580.6,26671.9,26413.8,26660.5,0
2019-05-01 00:00:00+00:00,26665.6,26709.9,26355.0,26361.0,0
2019-05-02 00:00:00+00:00,26360.6,26483.2,26177.2,26304.2,0
2019-05-03 00:00:00+00:00,26302.8,26536.3,26275.3,26525.4,0
2019-05-06 00:00:00+00:00,26093.5,26478.0,25963.0,26250.9,0
2019-05-07 00:00:00+00:00,26250.0,26425.1,25789.3,26007.2,0
2019-05-08 00:00:00+00:00,25986.3,26118.3,25836.6,26031.9,0
2019-05-09 00:00:00+00:00,25991.6,26003.2,25515.9,25820.0,0
2019-05-10 00:00:00+00:00,25794.1,26020.2,25470.0,25968.4,0
2019-05-13 00:00:00+00:00,25713.1,25824.3,25225.2,25303.5,0
2019-05-14 00:00:00+00:00,25288.6,25689.5,25230.3,25588.7,0
2019-05-15 00:00:00+00:00,25586.6,25726.3,25336.7,25680.4,0
2019-05-16 00:00:00+00:00,25663.7,25958.2,25551.3,25876.8,0
2019-05-17 00:00:00+00:00,25877.4,25950.4,25629.1,25784.1,0
2019-05-20 00:00:00+00:00,25770.9,25905.8,25560.1,25723.7,0
2019-05-21 00:00:00+00:00,25724.3,25898.7,25716.4,25863.8,0
2019-05-22 00:00:00+00:00,25863.8,25908.6,25841.6,25884.7,0
2019-05-23 00:00:00+00:00,25771.4,25775.9,25326.8,25500.1,0
2019-05-24 00:00:00+00:00,25494.2,25662.6,25455.9,25620.6,0
2019-05-27 00:00:00+00:00,25617.8,25700.1,25587.0,25648.0,0
2019-05-28 00:00:00+00:00,25639.5,25717.3,25329.6,25364.9,0
2019-05-29 00:00:00+00:00,25352.8,25370.8,24936.6,25111.5,0
2019-05-30 00:00:00+00:00,25102.8,25218.8,25054.6,25186.6,0
2019-05-31 00:00:00+00:00,25169.3,25182.4,24783.3,24799.3,0
2019-06-03 00:00:00+00:00,24721.4,24933.8,24607.7,24908.0,0
2019-06-04 00:00:00+00:00,24913.5,25361.4,24821.0,25359.0,0
2019-06-05 00:00:00+00:00,25346.8,25559.4,25333.9,25550.9,0
2019-06-06 00:00:00+00:00,25512.5,25800.3,25426.2,25694.1,0
2019-06-07 00:00:00+00:00,25682.1,26073.9,25670.1,25994.9,0
2019-06-10 00:00:00+00:00,26233.0,26272.5,26039.9,26084.2,0
2019-06-11 00:00:00+00:00,26089.8,26249.4,25999.0,26059.2,0
2019-06-12 00:00:00+00:00,26055.7,26089.0,25951.3,26008.4,0
2019-06-13 00:00:00+00:00,26010.8,26144.9,25881.3,26129.7,0
2019-06-14 00:00:00+00:00,26114.3,26162.5,25988.4,26109.9,0
2019-06-17 00:00:00+00:00,26117.8,26203.0,26048.4,26134.6,0
2019-06-18 00:00:00+00:00,26139.2,26529.6,26057.6,26480.1,0
2019-06-19 00:00:00+00:00,26467.3,26570.5,26414.3,26510.5,0
2019-06-20 00:00:00+00:00,26500.2,26801.4,26499.2,26750.3,0
2019-06-21 00:00:00+00:00,26748.4,26909.8,26674.8,26683.7,0
2019-06-24 00:00:00+00:00,26663.8,26806.4,26663.8,26740.4,0
2019-06-25 00:00:00+00:00,26744.9,26812.7,26526.2,26550.5,0
2019-06-26 00:00:00+00:00,26549.1,26690.8,26496.1,26511.3,0
2019-06-27 00:00:00+00:00,26506.9,26653.0,26434.7,26549.4,0
2019-06-28 00:00:00+00:00,26573.8,26669.3,26518.5,26665.9,0
2019-07-01 00:00:00+00:00,26821.8,26898.9,26615.7,26704.4,0
2019-07-02 00:00:00+00:00,26701.5,26815.6,26630.0,26808.8,0
2019-07-03 00:00:00+00:00,26796.8,26982.8,26750.9,26976.2,0
2019-07-04 00:00:00+00:00,27001.8,27001.8,26939.7,26990.1,0
2019-07-05 00:00:00+00:00,26985.8,26999.9,26730.6,26887.6,0
2019-07-08 00:00:00+00:00,26907.1,26932.5,26746.2,26797.8,0
2019-07-09 00:00:00+00:00,26794.3,26809.8,26658.7,26789.4,0
2019-07-10 00:00:00+00:00,26786.5,26981.0,26687.5,26856.4,0
2019-07-11 00:00:00+00:00,26854.5,27098.6,26850.5,27089.8,0
2019-07-12 00:00:00+00:00,27079.4,27333.2,27078.0,27308.0,0
2019-07-15 00:00:00+00:00,27312.1,27404.4,27271.8,27343.8,0
2019-07-16 00:00:00+00:00,27351.3,27403.9,27286.5,27328.0,0
2019-07-17 00:00:00+00:00,27325.6,27386.9,27194.7,27194.7,0
2019-07-18 00:00:00+00:00,27166.8,27314.4,27067.8,27307.5,0
2019-07-19 00:00:00+00:00,27310.0,27345.4,27133.8,27139.7,0
2019-07-22 00:00:00+00:00,27113.0,27226.8,27088.7,27178.9,0
2019-07-23 00:00:00+00:00,27185.5,27371.1,27170.7,27317.1,0
2019-07-24 00:00:00+00:00,27320.2,27359.3,27191.1,27255.6,0
2019-07-25 00:00:00+00:00,27258.2,27365.3,27060.3,27106.4,0
2019-07-26 00:00:00+00:00,27103.0,27214.2,27095.6,27169.7,0
2019-07-29 00:00:00+00:00,27166.9,27277.0,27137.6,27233.0,0
2019-07-30 00:00:00+00:00,27237.1,27271.4,27066.2,27224.9,0
2019-07-31 00:00:00+00:00,27231.0,27280.0,26722.0,26815.5,0
2019-08-01 00:00:00+00:00,26785.7,27176.6,26542.3,26549.7,0
2019-08-02 00:00:00+00:00,26556.3,26692.4,26248.1,26481.2,0
2019-08-05 00:00:00+00:00,26475.1,26501.2,25518.0,25554.2,0
2019-08-06 00:00:00+00:00,25497.8,26047.0,25078.3,25971.8,0
2019-08-07 00:00:00+00:00,25949.4,26086.1,25439.6,25985.3,0
2019-08-08 00:00:00+00:00,25952.4,26398.9,25865.9,26390.9,0
2019-08-09 00:00:00+00:00,26299.0,26416.0,26098.2,26279.9,0
2019-08-12 00:00:00+00:00,26287.2,26373.7,25820.5,25887.8,0
2019-08-13 00:00:00+00:00,25883.4,26427.5,25764.5,26333.4,0
2019-08-14 00:00:00+00:00,26320.4,26366.5,25435.2,25438.3,0
2019-08-15 00:00:00+00:00,25391.6,25718.3,25238.0,25610.5,0
2019-08-16 00:00:00+00:00,25611.5,25931.0,25577.5,25917.5,0
2019-08-19 00:00:00+00:00,25914.5,26242.2,25914.5,26120.4,0
2019-08-20 00:00:00+00:00,26121.5,26200.4,25890.0,25898.0,0
2019-08-21 00:00:00+00:00,25886.6,26270.8,25878.7,26262.9,0
2019-08-22 00:00:00+00:00,26243.7,26378.5,26098.2,26222.2,0
2019-08-23 00:00:00+00:00,26232.3,26357.7,25506.7,25687.6,0
2019-08-26 00:00:00+00:00,25467.7,25993.0,25279.0,25926.2,0
2019-08-27 00:00:00+00:00,25941.7,26078.2,25721.8,25774.6,0
2019-08-28 00:00:00+00:00,25767.2,26053.8,25633.9,26003.5,0
2019-08-29 00:00:00+00:00,25984.8,26409.4,25927.0,26366.9,0
2019-08-30 00:00:00+00:00,26356.6,26553.5,26293.5,26371.6,0
2019-09-02 00:00:00+00:00,26206.0,26366.8,26069.6,26172.8,0
2019-09-03 00:00:00+00:00,26174.8,26298.3,25972.8,26096.5,0
2019-09-04 00:00:00+00:00,26092.6,26379.3,26074.6,26367.4,0
2019-09-05 00:00:00+00:00,26364.3,26838.3,26348.3,26681.0,0
2019-09-06 00:00:00+00:00,26685.1,26862.8,26679.1,26804.2,0
2019-09-09 00:00:00+00:00,26801.3,26900.5,26760.3,26843.9,0
2019-09-10 00:00:00+00:00,26846.5,26910.1,26712.8,26896.7,0
2019-09-11 00:00:00+00:00,26892.2,27158.4,26840.6,27147.4,0
2019-09-12 00:00:00+00:00,27149.5,27313.1,27103.5,27175.4,0
2019-09-13 00:00:00+00:00,27172.7,27305.1,27172.7,27208.3,0
2019-09-16 00:00:00+00:00,27101.9,27171.6,27004.5,27106.2,0
2019-09-17 00:00:00+00:00,27107.3,27130.8,26979.5,27114.8,0
2019-09-18 00:00:00+00:00,27111.4,27178.8,26900.0,27156.0,0
2019-09-19 00:00:00+00:00,27159.5,27270.2,26993.9,27089.3,0
2019-09-20 00:00:00+00:00,27086.9,27191.1,26902.0,26907.9,0
2019-09-23 00:00:00+00:00,26979.7,27062.3,26825.7,27012.7,0
2019-09-24 00:00:00+00:00,27019.3,27117.3,26703.7,26865.7,0
2019-09-25 00:00:00+00:00,26860.8,27027.1,26735.0,26976.4,0
2019-09-26 00:00:00+00:00,26975.9,27061.8,26803.5,26909.4,0
2019-09-27 00:00:00+00:00,26912.0,27012.9,26714.4,26826.8,0
2019-09-30 00:00:00+00:00,26927.8,27000.6,26836.1,26988.8,0
2019-10-01 00:00:00+00:00,26983.4,27071.6,26551.4,26586.3,0
2019-10-02 00:00:00+00:00,26589.3,26652.7,25972.2,26048.3,0
2019-10-03 00:00:00+00:00,26036.0,26224.5,25742.1,26213.1,0
2019-10-04 00:00:00+00:00,26211.2,26589.1,26101.0,26557.7,0
2019-10-07 00:00:00+00:00,26406.2,26657.8,26387.7,26465.3,0
2019-10-08 00:00:00+00:00,26458.9,26591.1,26139.1,26186.5,0
2019-10-09 00:00:00+00:00,26176.4,26436.9,26124.2,26370.3,0
2019-10-10 00:00:00+00:00,26363.4,26644.1,26026.9,26605.3,0
2019-10-11 00:00:00+00:00,26602.9,27015.9,26543.7,26815.0,0
2019-10-14 00:00:00+00:00,26808.8,26938.4,26682.3,26795.8,0
2019-10-15 00:00:00+00:00,26792.9,27122.0,26792.4,27038.4,0
2019-10-16 00:00:00+00:00,27038.5,27060.9,26934.8,26973.1,0
2019-10-17 00:00:00+00:00,26970.6,27127.5,26915.0,27038.2,0
2019-10-18 00:00:00+00:00,27032.8,27061.9,26764.4,26791.3,0
2019-10-21 00:00:00+00:00,26765.3,26879.7,26740.9,26835.4,0
2019-10-22 00:00:00+00:00,26834.5,26948.5,26759.9,26778.3,0
2019-10-23 00:00:00+00:00,26789.9,26898.9,26634.4,26840.2,0
2019-10-24 00:00:00+00:00,26864.8,26918.7,26714.0,26802.3,0
2019-10-25 00:00:00+00:00,26819.3,27017.1,26763.2,26952.4,0
2019-10-28 00:00:00+00:00,26979.8,27167.9,26979.3,27094.9,0
2019-10-29 00:00:00+00:00,27094.9,27165.8,27023.8,27096.1,0
2019-10-30 00:00:00+00:00,27095.6,27282.5,27020.1,27240.2,0
2019-10-31 00:00:00+00:00,27241.2,27241.2,26916.0,27045.9,0
2019-11-01 00:00:00+00:00,27046.6,27345.4,27024.3,27325.9,0
2019-11-04 00:00:00+00:00,27347.6,27516.5,27347.6,27456.2,0
2019-11-05 00:00:00+00:00,27467.7,27560.9,27433.3,27488.5,0
2019-11-06 00:00:00+00:00,27485.4,27534.4,27408.6,27514.6,0
2019-11-07 00:00:00+00:00,27489.0,27775.2,27428.2,27720.1,0
2019-11-08 00:00:00+00:00,27704.2,27747.2,27576.6,27663.6,0
2019-11-11 00:00:00+00:00,27681.3,27713.0,27507.7,27702.3,0
2019-11-12 00:00:00+00:00,27697.4,27772.4,27635.9,27694.7,0
2019-11-13 00:00:00+00:00,27700.8,27813.1,27563.6,27813.1,0
2019-11-14 00:00:00+00:00,27801.7,27841.6,27673.3,27793.2,0
2019-11-15 00:00:00+00:00,27778.6,28002.3,27764.6,27980.4,0
2019-11-18 00:00:00+00:00,27991.9,28093.2,27961.0,28046.5,0
2019-11-19 00:00:00+00:00,28045.1,28161.9,27891.5,27915.2,0
2019-11-20 00:00:00+00:00,27910.6,27910.6,27674.3,27829.8,0
2019-11-21 00:00:00+00:00,27744.3,27867.1,27675.3,27769.9,0
2019-11-22 00:00:00+00:00,27776.0,27892.9,27746.1,27885.5,0
2019-11-25 00:00:00+00:00,27952.0,28067.2,27927.5,28052.2,0
2019-11-26 00:00:00+00:00,28046.8,28172.3,28021.8,28155.8,0
2019-11-27 00:00:00+00:00,28139.6,28192.6,28079.0,28173.7,0
2019-11-28 00:00:00+00:00,28176.8,28178.3,28067.3,28130.2,0
2019-11-29 00:00:00+00:00,28109.5,28125.5,28045.0,28068.8,0
2019-12-02 00:00:00+00:00,28086.5,28201.5,27775.6,27777.1,0
2019-12-03 00:00:00+00:00,27791.1,27850.4,27323.2,27500.1,0
2019-12-04 00:00:00+00:00,27483.5,27727.1,27399.6,27640.9,0
2019-12-05 00:00:00+00:00,27637.8,27768.6,27560.8,27682.6,0
2019-12-06 00:00:00+00:00,27674.0,28036.8,27663.5,28012.8,0
2019-12-09 00:00:00+00:00,28018.0,28040.0,27867.4,27881.4,0
2019-12-10 00:00:00+00:00,27887.5,27951.5,27716.6,27915.4,0
2019-12-11 00:00:00+00:00,27910.4,27970.4,27797.3,27926.1,0
2019-12-12 00:00:00+00:00,27925.6,28224.9,27853.5,28146.8,0
2019-12-13 00:00:00+00:00,28169.7,28288.8,28026.4,28156.9,0
2019-12-16 00:00:00+00:00,28187.7,28338.3,28151.5,28222.4,0
2019-12-17 00:00:00+00:00,28219.5,28328.1,28163.9,28250.0,0
2019-12-18 00:00:00+00:00,28250.2,28322.1,28226.3,28263.6,0
2019-12-19 00:00:00+00:00,28265.7,28404.5,28234.3,28394.1,0
2019-12-20 00:00:00+00:00,28396.2,28520.1,28360.4,28475.6,0
2019-12-23 00:00:00+00:00,28491.9,28581.5,28476.4,28562.6,0
2019-12-24 00:00:00+00:00,28564.2,28590.3,28502.2,28512.2,0
2019-12-26 00:00:00+00:00,28522.7,28637.2,28513.2,28617.4,0
2019-12-27 00:00:00+00:00,28615.5,28733.2,28606.6,28619.1,0
2019-12-30 00:00:00+00:00,28633.5,28674.7,28427.6,28463.3,0
2019-12-31 00:00:00+00:00,28455.0,28579.0,28368.1,28575.5,0
2020-01-02 00:00:00+00:00,28579.5,28904.8,28561.0,28902.3,0
2020-01-03 00:00:00+00:00,28872.4,28920.0,28464.5,28634.6,0
2020-01-06 00:00:00+00:00,28529.2,28733.8,28388.3,28661.7,0
2020-01-07 00:00:00+00:00,28668.7,28770.9,28485.1,28539.4,0
2020-01-08 00:00:00+00:00,28537.0,28866.7,28124.3,28799.4,0
2020-01-09 00:00:00+00:00,28802.7,28988.3,28774.7,28958.3,0
2020-01-10 00:00:00+00:00,28962.8,29055.5,28787.8,28810.5,0
2020-01-13 00:00:00+00:00,28821.4,28942.6,28818.5,28898.3,0
2020-01-14 00:00:00+00:00,28909.9,29052.9,28773.9,28964.4,0
2020-01-15 00:00:00+00:00,28971.0,29131.4,28875.6,29067.7,0
2020-01-16 00:00:00+00:00,29068.8,29309.1,29068.6,29305.2,0
2020-01-17 00:00:00+00:00,29287.8,29403.6,29283.3,29314.3,0
2020-01-20 00:00:00+00:00,29321.3,29357.7,29270.3,29335.0,0
2020-01-21 00:00:00+00:00,29335.5,29338.5,29147.4,29216.2,0
2020-01-22 00:00:00+00:00,29214.8,29347.9,29137.0,29153.6,0
2020-01-23 00:00:00+00:00,29146.4,29191.7,28962.6,29165.1,0
2020-01-24 00:00:00+00:00,29172.1,29283.7,28841.0,28979.4,0
2020-01-27 00:00:00+00:00,28770.3,28781.8,28457.1,28539.1,0
2020-01-28 00:00:00+00:00,28521.3,28824.8,28516.8,28799.6,0
2020-01-29 00:00:00+00:00,28779.7,28931.9,28702.1,28747.0,0
2020-01-30 00:00:00+00:00,28760.0,28896.1,28481.3,28886.2,0
2020-01-31 00:00:00+00:00,28882.2,28935.3,28164.7,28295.3,0
2020-02-03 00:00:00+00:00,28227.1,28631.7,28200.2,28422.4,0
2020-02-04 00:00:00+00:00,28418.9,28903.8,28341.2,28845.9,0
2020-02-05 00:00:00+00:00,28838.0,29335.5,28751.4,29308.1,0
2020-02-06 00:00:00+00:00,29309.9,29530.1,29247.5,29413.4,0
2020-02-07 00:00:00+00:00,29405.7,29415.7,29056.7,29096.0,0
2020-02-10 00:00:00+00:00,29063.9,29296.5,28898.3,29288.1,0
2020-02-11 00:00:00+00:00,29278.7,29442.3,29209.6,29290.9,0
2020-02-12 00:00:00+00:00,29309.4,29586.7,29257.2,29572.8,0
2020-02-13 00:00:00+00:00,29546.9,29558.9,29263.1,29466.5,0
2020-02-14 00:00:00+00:00,29457.8,29531.9,29280.1,29411.0,0
2020-02-17 00:00:00+00:00,29409.3,29492.7,29409.3,29468.2,0
2020-02-18 00:00:00+00:00,29419.5,29419.5,29116.2,29244.7,0
2020-02-19 00:00:00+00:00,29250.3,29411.0,29244.8,29358.0,0
2020-02-20 00:00:00+00:00,29379.0,29445.5,28950.5,29174.4,0
2020-02-21 00:00:00+00:00,29172.5,29192.9,28890.5,29005.3,0
2020-02-24 00:00:00+00:00,28748.2,28767.7,27902.6,27976.8,0
2020-02-25 00:00:00+00:00,27948.5,28247.2,26997.4,27171.3,0
2020-02-26 00:00:00+00:00,27154.9,27542.4,26713.6,26849.9,0
2020-02-27 00:00:00+00:00,26837.8,26991.6,25522.4,25558.8,0
2020-02-28 00:00:00+00:00,25524.3,25774.3,24682.3,25551.7,0
2020-03-02 00:00:00+00:00,25092.8,26728.3,24873.5,26559.5,0
2020-03-03 00:00:00+00:00,26581.0,27089.0,25703.3,25836.1,0
2020-03-04 00:00:00+00:00,25835.7,27096.8,25725.7,26972.0,0
2020-03-05 00:00:00+00:00,26953.5,26997.5,25942.0,26149.4,0
2020-03-06 00:00:00+00:00,26169.4,26305.8,25218.3,25821.5,0
2020-03-09 00:00:00+00:00,25364.8,25364.8,23573.5,23783.6,0
2020-03-10 00:00:00+00:00,23779.8,25056.3,23462.5,24983.4,0
2020-03-11 00:00:00+00:00,24987.9,24987.9,23328.5,23600.2,0
2020-03-12 00:00:00+00:00,23604.0,23875.1,20900.2,20940.8,0
2020-03-13 00:00:00+00:00,20939.3,23163.9,20401.0,23044.7,0
2020-03-16 00:00:00+00:00,22855.0,22907.5,20079.2,20420.5,0
2020-03-17 00:00:00+00:00,20412.0,21348.5,19903.8,20896.2,0
2020-03-18 00:00:00+00:00,20898.0,20985.0,18899.0,20062.9,0
2020-03-19 00:00:00+00:00,19975.3,20518.8,18964.8,19739.7,0
2020-03-20 00:00:00+00:00,19696.4,21023.4,19098.8,19151.1,0
2020-03-23 00:00:00+00:00,18349.8,19923.8,18191.8,18581.1,0
2020-03-24 00:00:00+00:00,18872.8,20839.2,18731.3,20802.5,0
2020-03-25 00:00:00+00:00,20766.7,22016.2,20415.2,21179.2,0
2020-03-26 00:00:00+00:00,21189.8,22590.0,20650.6,22586.7,0
2020-03-27 00:00:00+00:00,22660.9,22685.9,21457.9,21583.7,0
2020-03-30 00:00:00+00:00,21105.1,22392.3,21093.6,22334.2,0
2020-03-31 00:00:00+00:00,22339.3,22538.3,21790.9,21844.0,0
2020-04-01 00:00:00+00:00,21851.9,21851.9,20787.4,20932.1,0
2020-04-02 00:00:00+00:00,20952.0,21495.0,20634.0,21400.8,0
2020-04-03 00:00:00+00:00,21402.0,21482.0,20867.2,21068.1,0
2020-04-06 00:00:00+00:00,21304.2,22783.7,21263.7,22618.6,0
2020-04-07 00:00:00+00:00,22617.2,23595.7,22422.7,22558.8,0
2020-04-08 00:00:00+00:00,22598.8,23513.5,22368.8,23417.5,0
2020-04-09 00:00:00+00:00,23411.5,24002.0,23143.5,23794.0,0
2020-04-13 00:00:00+00:00,23974.0,24024.5,23088.8,23438.5,0
2020-04-14 00:00:00+00:00,23444.5,24041.0,23371.0,24034.0,0
2020-04-15 00:00:00+00:00,24039.5,24084.0,23224.3,23462.0,0
2020-04-16 00:00:00+00:00,23456.5,23896.0,23208.3,23888.5,0
2020-04-17 00:00:00+00:00,24217.5,24447.5,23826.4,24275.5,0
2020-04-20 00:00:00+00:00,24214.0,24322.5,23564.9,23636.4,0
2020-04-21 00:00:00+00:00,23583.9,23803.6,22938.1,23060.9,0
2020-04-22 00:00:00+00:00,23100.9,23619.8,22936.6,23484.8,0
2020-04-23 00:00:00+00:00,23483.4,23884.8,23346.5,23474.8,0
2020-04-24 00:00:00+00:00,23436.8,23828.5,23269.8,23767.9,0
2020-04-27 00:00:00+00:00,23778.8,24213.9,23649.4,24120.3,0
2020-04-28 00:00:00+00:00,24122.8,24550.2,23993.0,24110.8,0
2020-04-29 00:00:00+00:00,24133.8,24795.9,24083.4,24790.9,0
2020-04-30 00:00:00+00:00,24788.9,24905.3,24185.9,24239.5,0
2020-05-01 00:00:00+00:00,24163.5,24190.1,23643.9,23731.9,0
2020-05-04 00:00:00+00:00,23436.4,23771.0,23323.4,23712.3,0
2020-05-05 00:00:00+00:00,23701.4,24170.4,23688.4,23877.4,0
2020-05-06 00:00:00+00:00,23865.2,24107.7,23610.7,23630.2,0
2020-05-07 00:00:00+00:00,23592.2,24094.3,23522.2,23967.4,0
2020-05-08 00:00:00+00:00,23960.8,24384.9,23938.3,24373.4,0
2020-05-11 00:00:00+00:00,24302.8,24560.8,24063.6,24194.5,0
2020-05-12 00:00:00+00:00,24190.6,24379.0,23554.6,23562.6,0
2020-05-13 00:00:00+00:00,23573.6,23864.4,23064.8,23307.0,0
2020-05-14 00:00:00+00:00,23335.8,23677.4,22788.5,23627.9,0
2020-05-15 00:00:00+00:00,23605.4,23760.3,23329.8,23602.1,0
2020-05-18 00:00:00+00:00,23694.2,24709.5,23616.2,24553.3,0
2020-05-19 00:00:00+00:00,24564.7,24836.1,24194.6,24222.1,0
2020-05-20 00:00:00+00:00,24193.6,24651.5,24146.1,24610.8,0
2020-05-21 00:00:00+00:00,24602.7,24720.1,24358.9,24438.9,0
2020-05-22 00:00:00+00:00,24430.5,24560.6,24154.2,24479.4,0
2020-05-25 00:00:00+00:00,24458.1,24786.5,24440.1,24758.5,0
2020-05-26 00:00:00+00:00,24749.5,25176.5,24676.0,25066.3,0
2020-05-27 00:00:00+00:00,25060.9,25627.7,24969.7,25593.7,0
2020-05-28 00:00:00+00:00,25611.9,25843.3,25359.8,25505.9,0
2020-05-29 00:00:00+00:00,25470.1,25511.7,25031.8,25504.2,0
2020-06-01 00:00:00+00:00,25253.9,25547.8,25122.9,25493.3,0
2020-06-02 00:00:00+00:00,25486.3,25751.1,25324.3,25737.1,0
2020-06-03 00:00:00+00:00,25725.3,26342.3,25700.8,26278.6,0
2020-06-04 00:00:00+00:00,26269.6,26386.4,26076.4,26306.5,0
2020-06-05 00:00:00+00:00,26301.0,27338.9,26230.5,27087.7,0
2020-06-08 00:00:00+00:00,27136.1,27579.1,27047.1,27545.7,0
2020-06-09 00:00:00+00:00,27574.8,27633.9,27136.4,27270.1,0
2020-06-10 00:00:00+00:00,27254.1,27494.7,26908.8,26953.3,0
2020-06-11 00:00:00+00:00,26952.4,27005.4,25078.7,25216.8,0
2020-06-12 00:00:00+00:00,25211.8,25962.8,25074.9,25557.9,0
2020-06-15 00:00:00+00:00,25153.5,25893.1,24560.8,25856.9,0
2020-06-16 00:00:00+00:00,25854.5,26793.7,25816.1,26314.7,0
2020-06-17 00:00:00+00:00,26251.7,26631.7,26062.0,26167.0,0
2020-06-18 00:00:00+00:00,26137.5,26285.1,25754.2,26047.0,0
2020-06-19 00:00:00+00:00,26027.4,26447.4,25649.0,25668.5,0
2020-06-22 00:00:00+00:00,25483.7,26111.1,25363.8,26074.6,0
2020-06-23 00:00:00+00:00,26079.1,26420.5,25642.6,26098.8,0
2020-06-24 00:00:00+00:00,26095.9,26251.2,25292.2,25531.5,0
2020-06-25 00:00:00+00:00,25511.0,25790.8,25133.8,25707.9,0
2020-06-26 00:00:00+00:00,25665.4,25783.4,24968.3,25087.5,0
2020-06-29 00:00:00+00:00,24908.8,25676.7,24874.8,25620.5,0
2020-06-30 00:00:00+00:00,25606.3,25906.3,25433.6,25777.6,0
2020-07-01 00:00:00+00:00,25783.1,26025.6,25512.9,25675.9,0
2020-07-02 00:00:00+00:00,25676.9,26209.4,25640.4,25859.1,0
2020-07-03 00:00:00+00:00,25861.5,26002.5,25564.0,25753.0,0
2020-07-06 00:00:00+00:00,25846.0,26319.5,25846.0,26280.7,0
2020-07-07 00:00:00+00:00,26277.8,26404.3,25867.4,25906.2,0
2020-07-08 00:00:00+00:00,25895.9,26123.2,25786.9,26112.2,0
2020-07-09 00:00:00+00:00,26117.5,26147.9,25522.6,25703.1,0
2020-07-10 00:00:00+00:00,25710.6,26109.4,25418.3,26098.9,0
2020-07-13 00:00:00+00:00,26195.4,26641.8,26034.3,26091.8,0
2020-07-14 00:00:00+00:00,26105.7,26692.7,25994.0,26619.9,0
2020-07-15 00:00:00+00:00,26805.8,27180.8,26688.9,26900.4,0
2020-07-16 00:00:00+00:00,26921.9,26974.4,26587.8,26678.3,0
2020-07-17 00:00:00+00:00,26675.8,26837.1,26617.7,26625.6,0
2020-07-20 00:00:00+00:00,26656.2,26766.5,26442.2,26738.7,0
2020-07-21 00:00:00+00:00,26731.2,27029.8,26702.2,26837.8,0
2020-07-22 00:00:00+00:00,26840.8,27040.6,26639.5,26990.1,0
2020-07-23 00:00:00+00:00,26994.7,27163.2,26557.1,26653.6,0
2020-07-24 00:00:00+00:00,26652.7,26720.1,26397.7,26430.1,0
2020-07-27 00:00:00+00:00,26395.3,26626.4,26339.9,26611.7,0
2020-07-28 00:00:00+00:00,26620.2,26702.7,26358.8,26388.1,0
2020-07-29 00:00:00+00:00,26397.6,26606.1,26292.7,26573.7,0
2020-07-30 00:00:00+00:00,26562.6,26574.1,25988.7,26509.7,0
2020-07-31 00:00:00+00:00,26519.2,26562.7,26013.1,26439.8,0
2020-08-03 00:00:00+00:00,26518.8,26710.3,26308.3,26666.8,0
2020-08-04 00:00:00+00:00,26667.8,26848.2,26550.4,26832.7,0
2020-08-05 00:00:00+00:00,26856.7,27221.1,26771.3,27179.0,0
2020-08-06 00:00:00+00:00,27164.3,27406.0,27032.0,27391.5,0
2020-08-07 00:00:00+00:00,27377.2,27458.8,27197.4,27426.4,0
2020-08-10 00:00:00+00:00,27456.5,27804.5,27351.0,27778.5,0
2020-08-11 00:00:00+00:00,27762.1,28155.7,27623.9,27757.3,0
2020-08-12 00:00:00+00:00,27778.4,28045.9,27697.0,27957.2,0
2020-08-13 00:00:00+00:00,27934.2,28007.3,27788.0,27907.3,0
2020-08-14 00:00:00+00:00,27913.8,27988.4,27676.8,27871.4,0
2020-08-17 00:00:00+00:00,27903.6,28003.2,27812.9,27848.3,0
2020-08-18 00:00:00+00:00,27843.8,27970.3,27665.3,27798.2,0
2020-08-19 00:00:00+00:00,27806.7,27922.6,27647.1,27681.1,0
2020-08-20 00:00:00+00:00,27687.5,27783.5,27449.7,27751.0,0
2020-08-21 00:00:00+00:00,27749.5,27961.2,27527.9,27916.1,0
2020-08-24 00:00:00+00:00,27952.5,28318.7,27932.0,28288.7,0
2020-08-25 00:00:00+00:00,28298.7,28532.2,28093.5,28245.8,0
2020-08-26 00:00:00+00:00,28245.8,28390.0,28145.3,28366.5,0
2020-08-27 00:00:00+00:00,28364.0,28637.2,28233.0,28545.2,0
2020-08-28 00:00:00+00:00,28545.3,28758.8,28487.4,28638.1,0
2020-08-31 00:00:00+00:00,28698.6,28805.2,28360.9,28413.1,0
2020-09-01 00:00:00+00:00,28407.6,28677.6,28285.1,28672.6,0
2020-09-02 00:00:00+00:00,28657.8,29166.9,28632.3,29089.6,0
2020-09-03 00:00:00+00:00,29089.6,29197.8,28072.1,28374.5,0
2020-09-04 00:00:00+00:00,28320.5,28611.7,27661.0,28098.5,0
2020-09-07 00:00:00+00:00,28132.5,28356.3,27903.5,28310.2,0
2020-09-08 00:00:00+00:00,28321.0,28422.5,27464.1,27566.0,0
2020-09-09 00:00:00+00:00,27349.5,28207.7,27197.0,27954.3,0
2020-09-10 00:00:00+00:00,27956.3,28173.5,27444.4,27564.9,0
2020-09-11 00:00:00+00:00,27581.4,27831.0,27443.9,27620.4,0
2020-09-14 00:00:00+00:00,27703.4,28085.4,27703.4,27965.9,0
2020-09-15 00:00:00+00:00,27961.7,28242.8,27929.1,28028.7,0
2020-09-16 00:00:00+00:00,28042.4,28366.1,27965.3,28063.1,0
2020-09-17 00:00:00+00:00,28075.6,28111.0,27542.9,27907.0,0
2020-09-18 00:00:00+00:00,27895.4,27992.9,27486.6,27726.8,0
2020-09-21 00:00:00+00:00,27686.1,27781.5,26712.9,27162.8,0
2020-09-22 00:00:00+00:00,27148.8,27333.6,26988.7,27308.8,0
2020-09-23 00:00:00+00:00,27361.9,27518.4,26716.3,26821.1,0
2020-09-24 00:00:00+00:00,26803.1,27096.9,26535.8,26864.5,0
2020-09-25 00:00:00+00:00,26899.8,27241.8,26550.2,27174.7,0
2020-09-28 00:00:00+00:00,27194.3,27722.6,27191.8,27632.1,0
2020-09-29 00:00:00+00:00,27622.8,27741.4,27338.8,27495.5,0
2020-09-30 00:00:00+00:00,27476.9,28027.4,27162.5,27700.0,0
2020-10-01 00:00:00+00:00,27741.2,28082.2,27666.6,27806.0,0
2020-10-02 00:00:00+00:00,27803.4,27863.3,27240.4,27687.9,0
2020-10-05 00:00:00+00:00,27853.5,28163.4,27766.0,28124.2,0
2020-10-06 00:00:00+00:00,28131.4,28354.1,27652.7,27679.7,0
2020-10-07 00:00:00+00:00,27698.6,28370.2,27660.7,28312.5,0
2020-10-08 00:00:00+00:00,28292.3,28564.0,28263.3,28503.0,0
2020-10-09 00:00:00+00:00,28499.0,28675.5,28436.4,28637.1,0
2020-10-12 00:00:00+00:00,28632.7,28958.6,28547.8,28907.1,0
2020-10-13 00:00:00+00:00,28911.9,28932.1,28598.6,28677.8,0
2020-10-14 00:00:00+00:00,28684.7,28839.4,28457.6,28520.0,0
2020-10-15 00:00:00+00:00,28520.8,28565.5,28150.7,28497.8,0
2020-10-16 00:00:00+00:00,28519.1,28846.8,28443.0,28520.5,125775
2020-10-19 00:00:00+00:00,28601.6,28782.9,28139.5,28288.7,140393
2020-10-20 00:00:00+00:00,28278.0,28577.6,28160.1,28247.5,160910
2020-10-21 00:00:00+00:00,28327.7,28487.4,28191.5,28245.2,157647
2020-10-22 00:00:00+00:00,28230.1,28421.6,28002.2,28381.9,142987
2020-10-23 00:00:00+00:00,28429.4,28492.2,28148.1,28291.1,116201
2020-10-26 00:00:00+00:00,28248.8,28253.8,27365.2,27689.6,156972
2020-10-27 00:00:00+00:00,27682.5,27818.1,27335.5,27336.5,145819
2020-10-28 00:00:00+00:00,27352.8,27368.3,26499.4,26569.9,222736
2020-10-29 00:00:00+00:00,26603.1,26911.5,26278.8,26443.6,232550
2020-10-30 00:00:00+00:00,26419.0,26628.5,26065.2,26543.3,262427
2020-11-02 00:00:00+00:00,26481.6,27050.7,26286.1,26947.3,193657
2020-11-03 00:00:00+00:00,26953.7,27644.2,26917.5,27504.9,172151
2020-11-04 00:00:00+00:00,27511.2,28305.1,27021.7,27887.1,318903
2020-11-05 00:00:00+00:00,27950.7,28495.5,27754.9,28449.4,186744
2020-11-06 00:00:00+00:00,28424.2,28561.7,28073.2,28335.8,182446
2020-11-09 00:00:00+00:00,28458.5,30092.5,28421.0,29153.0,274844
2020-11-10 00:00:00+00:00,29181.5,29480.2,28868.5,29444.4,263629
2020-11-11 00:00:00+00:00,29450.2,29662.0,29277.8,29451.4,160471
2020-11-12 00:00:00+00:00,29445.9,29452.9,28901.4,29146.4,177255
2020-11-13 00:00:00+00:00,29128.5,29560.8,28934.1,29480.9,127025
2020-11-16 00:00:00+00:00,29534.8,30075.7,29531.3,29984.9,138481
2020-11-17 00:00:00+00:00,29962.4,29968.4,29520.0,29776.4,131386
2020-11-18 00:00:00+00:00,29769.7,29957.7,29393.0,29420.5,142401
2020-11-19 00:00:00+00:00,29421.6,29526.0,29232.4,29340.4,144209
2020-11-20 00:00:00+00:00,29324.4,29492.5,29178.5,29189.5,117744
2020-11-23 00:00:00+00:00,29179.2,29669.6,29165.7,29602.3,116495
2020-11-24 00:00:00+00:00,29604.4,30118.7,29602.9,30087.7,116021
2020-11-25 00:00:00+00:00,30074.2,30214.7,29807.6,29896.5,116301
2020-11-26 00:00:00+00:00,29903.0,29955.3,29780.6,29819.6,34288
2020-11-27 00:00:00+00:00,29849.9,30021.5,29739.5,29935.5,59752
2020-11-30 00:00:00+00:00,29950.0,30002.5,29461.9,29701.7,147518
2020-12-01 00:00:00+00:00,29687.5,30081.3,29637.0,29767.1,123568
2020-12-02 00:00:00+00:00,29775.1,29922.3,29603.7,29899.8,109539
2020-12-03 00:00:00+00:00,29910.0,30110.5,29770.6,29968.2,107421
2020-12-04 00:00:00+00:00,29957.9,30227.7,29945.7,30171.2,83778
2020-12-07 00:00:00+00:00,30224.9,30276.0,29967.4,29999.1,102048
2020-12-08 00:00:00+00:00,30007.4,30247.9,29864.6,30183.0,98159
2020-12-09 00:00:00+00:00,30225.3,30315.6,29953.1,30067.4,137538
2020-12-10 00:00:00+00:00,30066.6,30152.8,29871.8,30013.4,135900
2020-12-11 00:00:00+00:00,30051.0,30090.9,29722.6,30055.3,94673
2020-12-14 00:00:00+00:00,30198.2,30326.6,29851.5,29917.9,94821
2020-12-15 00:00:00+00:00,29914.4,30243.2,29842.0,30204.6,92869
2020-12-16 00:00:00+00:00,30223.5,30314.4,30079.0,30162.8,98156
2020-12-17 00:00:00+00:00,30175.5,30329.1,30143.9,30306.1,81808
2020-12-18 00:00:00+00:00,30300.9,30353.3,30031.5,30254.1,115726
2020-12-21 00:00:00+00:00,30403.5,30434.5,29423.4,30188.6,214521
2020-12-22 00:00:00+00:00,30198.6,30254.8,29984.9,30011.6,135717
2020-12-23 00:00:00+00:00,30014.8,30291.9,29841.1,30181.5,102249
2020-12-24 00:00:00+00:00,30179.9,30254.0,30103.5,30205.5,49691
2020-12-28 00:00:00+00:00,30130.0,30522.5,30079.5,30412.8,72514
2020-12-29 00:00:00+00:00,30429.8,30602.3,30272.4,30375.5,100428
2020-12-30 00:00:00+00:00,30383.5,30525.4,30318.3,30434.7,83069
2020-12-31 00:00:00+00:00,30437.3,30639.0,30343.5,30598.5,66401
2021-01-04 00:00:00+00:00,30600.1,30801.5,29873.7,30240.3,188597
2021-01-05 00:00:00+00:00,30230.1,30508.3,30089.2,30396.1,148954
2021-01-06 00:00:00+00:00,30398.7,31029.3,30267.8,30878.4,238886
2021-01-07 00:00:00+00:00,30903.1,31195.5,30800.5,31032.0,134594
2021-01-08 00:00:00+00:00,31045.0,31255.0,30795.8,31136.5,149521
2021-01-11 00:00:00+00:00,31081.9,31127.4,30746.6,31017.2,143748
2021-01-12 00:00:00+00:00,31030.1,31118.2,30886.7,31075.2,138078
2021-01-13 00:00:00+00:00,31077.3,31167.2,30977.1,31077.8,115936
2021-01-14 00:00:00+00:00,31103.8,31225.4,30977.9,30995.4,102674
2021-01-15 00:00:00+00:00,31003.4,31056.8,30609.3,30762.9,137347
2021-01-18 00:00:00+00:00,30738.6,30856.1,30710.6,30842.6,46415
2021-01-19 00:00:00+00:00,30838.8,31078.8,30833.8,30943.8,105710
2021-01-20 00:00:00+00:00,30948.9,31238.4,30878.9,31161.1,98836
2021-01-21 00:00:00+00:00,31168.7,31288.2,31121.4,31172.4,86002
2021-01-22 00:00:00+00:00,31160.4,31188.4,30894.4,31018.0,103207
2021-01-25 00:00:00+00:00,31015.1,31113.6,30562.2,30968.4,169712
2021-01-26 00:00:00+00:00,30947.7,31122.2,30773.7,30949.8,123255
2021-01-27 00:00:00+00:00,30944.1,30984.7,30153.8,30258.6,240406
2021-01-28 00:00:00+00:00,30280.5,30941.4,30050.8,30538.5,238914
2021-01-29 00:00:00+00:00,30545.1,30618.1,29857.8,29953.7,309938
2021-02-01 00:00:00+00:00,29898.3,30340.0,29660.3,30215.6,141372
2021-02-02 00:00:00+00:00,30213.8,30840.3,30170.8,30711.8,140975
2021-02-03 00:00:00+00:00,30712.2,30817.3,30519.2,30813.9,119514
2021-02-04 00:00:00+00:00,30792.3,31095.7,30649.3,31076.4,96300
2021-02-05 00:00:00+00:00,31066.7,31251.7,31029.7,31188.0,89572
2021-02-08 00:00:00+00:00,31214.5,31390.4,31155.0,31381.7,78551
2021-02-09 00:00:00+00:00,31388.4,31439.8,31240.8,31408.0,75067
2021-02-10 00:00:00+00:00,31416.0,31546.3,31216.8,31463.4,125670
2021-02-11 00:00:00+00:00,31446.1,31542.0,31243.5,31413.3,106662
2021-02-12 00:00:00+00:00,31410.9,31490.5,31290.0,31486.5,75183
2021-02-15 00:00:00+00:00,31537.2,31682.0,31503.7,31655.0,28426
2021-02-16 00:00:00+00:00,31642.9,31721.0,31442.0,31548.8,112114
2021-02-17 00:00:00+00:00,31543.2,31643.7,31333.8,31615.2,133304
2021-02-18 00:00:00+00:00,31620.6,31692.1,31287.4,31504.0,139605
2021-02-19 00:00:00+00:00,31500.4,31645.4,31361.7,31477.9,123488
2021-02-22 00:00:00+00:00,31540.9,31651.5,31245.2,31558.3,152100
2021-02-23 00:00:00+00:00,31557.8,31670.9,31155.8,31548.9,220121
2021-02-24 00:00:00+00:00,31552.3,32018.0,31378.1,31984.5,196200
2021-02-25 00:00:00+00:00,31980.1,32074.3,31291.3,31330.7,269772
2021-02-26 00:00:00+00:00,31349.4,31490.0,30838.8,30898.8,336145
2021-03-01 00:00:00+00:00,30998.4,31670.7,30963.8,31570.9,145743
2021-03-02 00:00:00+00:00,31568.6,31620.4,31311.0,31397.4,182872
2021-03-03 00:00:00+00:00,31404.2,31641.0,31247.6,31263.6,212979
2021-03-04 00:00:00+00:00,31286.3,31465.3,30541.1,30935.1,368157
2021-03-05 00:00:00+00:00,30929.5,31580.1,30673.2,31517.9,354128
2021-03-08 00:00:00+00:00,31666.5,32148.4,31322.0,31890.7,276439
2021-03-09 00:00:00+00:00,31901.7,32150.1,31820.4,31855.9,166111
2021-03-10 00:00:00+00:00,31884.8,32390.6,31744.0,32369.6,182620
2021-03-11 00:00:00+00:00,32375.4,32659.9,32270.5,32499.3,123645
2021-03-12 00:00:00+00:00,32495.1,32823.8,32389.5,32795.8,118547
2021-03-15 00:00:00+00:00,32822.7,32972.4,32628.8,32930.7,94425
2021-03-16 00:00:00+00:00,32945.2,32976.1,32776.5,32865.5,102968
2021-03-17 00:00:00+00:00,32867.4,33047.1,32780.7,33017.2,136513
2021-03-18 00:00:00+00:00,33005.0,33230.1,32833.4,32903.1,162868
2021-03-19 00:00:00+00:00,32907.6,32977.1,32509.3,32608.5,154613
2021-03-22 00:00:00+00:00,32586.3,32810.9,32434.8,32770.9,120933
2021-03-23 00:00:00+00:00,32764.0,32805.9,32357.0,32449.1,149362
2021-03-24 00:00:00+00:00,32469.1,32786.3,32352.5,32455.6,161728
2021-03-25 00:00:00+00:00,32455.1,32690.6,32069.0,32679.1,195851
2021-03-26 00:00:00+00:00,32681.6,33107.4,32619.2,33093.4,133913
2021-03-29 00:00:00+00:00,33068.7,33259.4,32872.2,33179.8,161165
2021-03-30 00:00:00+00:00,33206.2,33255.0,32988.0,33062.9,128215
2021-03-31 00:00:00+00:00,33061.1,33170.5,32990.8,33030.5,104507
2021-04-01 00:00:00+00:00,33026.5,33178.4,32961.1,33171.9,92358
2021-04-02 00:00:00+00:00,33170.4,33379.4,33130.0,33305.5,13714
2021-04-05 00:00:00+00:00,33291.5,33616.9,33267.0,33537.3,72928
2021-04-06 00:00:00+00:00,33524.8,33565.8,33379.6,33439.0,94819
2021-04-07 00:00:00+00:00,33443.6,33521.1,33345.3,33467.2,86962
2021-04-08 00:00:00+00:00,33457.1,33577.6,33338.5,33567.1,76761
2021-04-09 00:00:00+00:00,33567.7,33805.6,33485.9,33754.5,78654
2021-04-12 00:00:00+00:00,33771.3,33798.3,33663.1,33752.8,82795
2021-04-13 00:00:00+00:00,33764.3,33825.9,33547.1,33685.7,85683
2021-04-14 00:00:00+00:00,33691.0,33910.8,33629.2,33776.0,98170
2021-04-15 00:00:00+00:00,33766.6,34070.9,33759.6,34049.6,84775
2021-04-16 00:00:00+00:00,34049.1,34253.1,33990.6,34170.9,83268
2021-04-19 00:00:00+00:00,34124.4,34158.6,33978.1,34109.5,114121
2021-04-20 00:00:00+00:00,34111.5,34179.1,33686.9,33806.2,126911
2021-04-21 00:00:00+00:00,33818.4,34160.5,33740.5,34099.2,101100
2021-04-22 00:00:00+00:00,34097.0,34154.0,33714.8,33824.3,142477
2021-04-23 00:00:00+00:00,33817.5,34158.2,33710.8,34012.4,93323
2021-04-26 00:00:00+00:00,34045.3,34149.9,33940.4,33996.6,77931
2021-04-27 00:00:00+00:00,33996.2,34077.1,33868.2,33915.2,81395
2021-04-28 00:00:00+00:00,33919.7,33973.0,33793.7,33815.7,87619
2021-04-29 00:00:00+00:00,33819.7,34087.4,33737.4,34026.6,99358
2021-04-30 00:00:00+00:00,34016.6,34049.5,33786.0,33915.1,106240
2021-05-03 00:00:00+00:00,33931.5,34220.2,33930.0,34102.9,82673
2021-05-04 00:00:00+00:00,34102.9,34157.6,33764.5,34135.2,135544
2021-05-05 00:00:00+00:00,34134.2,34333.3,34037.1,34225.1,99482
2021-05-06 00:00:00+00:00,34222.2,34563.8,34178.3,34563.8,128367
2021-05-07 00:00:00+00:00,34546.1,34812.9,34462.0,34802.5,103467
2021-05-10 00:00:00+00:00,34803.9,35092.8,34699.3,34724.8,112810
2021-05-11 00:00:00+00:00,34765.3,34812.7,34071.4,34228.7,209631
2021-05-12 00:00:00+00:00,34236.7,34317.2,33555.7,33577.5,219345
2021-05-13 00:00:00+00:00,33565.2,34184.1,33287.6,34054.7,204857
2021-05-14 00:00:00+00:00,34039.6,34457.4,33996.6,34420.1,123468
2021-05-17 00:00:00+00:00,34395.6,34444.1,34168.1,34365.7,152645
2021-05-18 00:00:00+00:00,34360.4,34486.0,33975.5,33990.0,110736
2021-05-19 00:00:00+00:00,33961.8,34060.3,33473.6,33852.1,208315
2021-05-20 00:00:00+00:00,33835.3,34234.6,33638.0,34064.7,126270
2021-05-21 00:00:00+00:00,34084.7,34418.8,34067.2,34242.9,117855
2021-05-24 00:00:00+00:00,34192.9,34473.2,34144.9,34435.0,86714
2021-05-25 00:00:00+00:00,34439.1,34526.3,34267.4,34341.5,100647
2021-05-26 00:00:00+00:00,34334.5,34460.7,34271.3,34335.0,85164
2021-05-27 00:00:00+00:00,34337.0,34614.4,34209.2,34600.4,103566
2021-05-28 00:00:00+00:00,34579.4,34660.5,34520.0,34558.0,81350
2021-05-31 00:00:00+00:00,34589.0,34594.0,34432.5,34455.0,31028
2021-06-01 00:00:00+00:00,34526.5,34849.5,34497.0,34574.1,98657
2021-06-02 00:00:00+00:00,34561.3,34707.2,34495.3,34599.0,92178
2021-06-03 00:00:00+00:00,34609.5,34668.6,34328.6,34589.6,111370
2021-06-04 00:00:00+00:00,34583.1,34772.3,34482.3,34745.6,82354
2021-06-07 00:00:00+00:00,34775.8,34841.5,34574.3,34631.9,81406
2021-06-08 00:00:00+00:00,34632.9,34664.0,34448.8,34597.9,96938
2021-06-09 00:00:00+00:00,34594.8,34656.9,34432.7,34476.2,122117
2021-06-10 00:00:00+00:00,34479.3,34740.0,34397.1,34464.6,145377
2021-06-11 00:00:00+00:00,34469.1,34622.2,34324.2,34456.2,79572
2021-06-14 00:00:00+00:00,34465.0,34562.8,34208.2,34369.4,94831
2021-06-15 00:00:00+00:00,34370.5,34480.8,34199.2,34293.7,109744
2021-06-16 00:00:00+00:00,34298.2,34327.1,33907.8,33952.7,147854
2021-06-17 00:00:00+00:00,33962.2,34090.4,33623.6,33820.6,191261
2021-06-18 00:00:00+00:00,33823.1,33871.6,33248.3,33286.7,217667
2021-06-21 00:00:00+00:00,33209.4,33920.4,33028.4,33912.4,201186
2021-06-22 00:00:00+00:00,33918.4,34040.8,33744.4,33970.0,140373
2021-06-23 00:00:00+00:00,33967.5,34076.0,33867.1,33895.1,119622
2021-06-24 00:00:00+00:00,33899.1,34289.4,33886.6,34284.0,109125
2021-06-25 00:00:00+00:00,34321.9,34498.3,34247.2,34464.4,109002
2021-06-28 00:00:00+00:00,34509.9,34522.4,34182.4,34312.9,80057
2021-06-29 00:00:00+00:00,34298.9,34485.5,34234.5,34296.2,79085
2021-06-30 00:00:00+00:00,34295.3,34561.0,34123.7,34558.0,89221
2021-07-01 00:00:00+00:00,34567.2,34660.9,34487.0,34616.8,86619
2021-07-02 00:00:00+00:00,34612.4,34822.0,34599.2,34759.8,76310
2021-07-05 00:00:00+00:00,34772.9,34855.0,34694.5,34798.0,31329
2021-07-06 00:00:00+00:00,34793.5,34859.5,34353.6,34507.3,102509
2021-07-07 00:00:00+00:00,34510.3,34707.5,34433.9,34696.3,109961
2021-07-08 00:00:00+00:00,34691.2,34698.7,34113.0,34390.4,186800
2021-07-09 00:00:00+00:00,34396.9,34895.8,34251.1,34871.2,116030
2021-07-12 00:00:00+00:00,34872.2,35020.1,34659.5,34999.1,102476
2021-07-13 00:00:00+00:00,35005.6,35029.6,34864.6,34886.8,101732
2021-07-14 00:00:00+00:00,34889.8,35060.1,34781.1,34911.9,110194
2021-07-15 00:00:00+00:00,34910.9,34996.0,34708.2,34952.5,130777
2021-07-16 00:00:00+00:00,34952.1,35094.9,34641.8,34644.3,123600
2021-07-19 00:00:00+00:00,34675.6,34695.1,33739.7,34030.6,223789
2021-07-20 00:00:00+00:00,34041.6,34619.2,33958.8,34541.2,160428
2021-07-21 00:00:00+00:00,34538.2,34849.1,34474.8,34846.1,116938
2021-07-22 00:00:00+00:00,34837.9,34895.9,34665.6,34877.9,102432
2021-07-23 00:00:00+00:00,34880.9,35097.4,34847.4,35046.2,85627
2021-07-26 00:00:00+00:00,35040.1,35172.9,34759.1,35134.9,104803
2021-07-27 00:00:00+00:00,35139.9,35144.9,34873.8,34967.1,145518
2021-07-28 00:00:00+00:00,34950.6,35125.6,34871.4,34979.4,143596
2021-07-29 00:00:00+00:00,34981.9,35171.3,34878.5,35100.3,96614
2021-07-30 00:00:00+00:00,35082.8,35104.8,34867.1,34968.0,128442
2021-08-02 00:00:00+00:00,34981.5,35193.8,34807.5,34871.8,119883
2021-08-03 00:00:00+00:00,34875.8,35122.7,34714.3,35069.3,118223
2021-08-04 00:00:00+00:00,35072.6,35112.9,34787.9,34823.7,101241
2021-08-05 00:00:00+00:00,34826.4,35063.9,34777.0,35044.5,77909
2021-08-06 00:00:00+00:00,35042.5,35248.5,34995.6,35213.5,77432
2021-08-09 00:00:00+00:00,35201.9,35207.4,35043.2,35114.2,79063
2021-08-10 00:00:00+00:00,35116.8,35283.2,35025.4,35264.9,77315
2021-08-11 00:00:00+00:00,35263.9,35501.6,35213.0,35489.5,78313
2021-08-12 00:00:00+00:00,35468.7,35532.2,35349.0,35526.7,70820
2021-08-13 00:00:00+00:00,35522.2,35615.1,35474.8,35500.2,62755
2021-08-16 00:00:00+00:00,35455.3,35632.2,35230.9,35601.3,94858
2021-08-17 00:00:00+00:00,35597.8,35600.3,35117.7,35293.0,134785
2021-08-18 00:00:00+00:00,35264.0,35356.6,34861.0,34913.5,122995
2021-08-19 00:00:00+00:00,34919.4,34997.4,34558.6,34909.7,203161
2021-08-20 00:00:00+00:00,34902.0,35178.2,34628.1,35093.2,137311
2021-08-23 00:00:00+00:00,35087.2,35425.6,35071.2,35378.9,88249
2021-08-24 00:00:00+00:00,35371.5,35453.1,35343.2,35382.8,76980
2021-08-25 00:00:00+00:00,35377.3,35500.4,35280.0,35440.5,73738
2021-08-26 00:00:00+00:00,35452.5,35496.4,35203.5,35246.0,112700
2021-08-27 00:00:00+00:00,35234.7,35479.1,35165.3,35436.3,81113
2021-08-30 00:00:00+00:00,35465.8,35512.6,35376.1,35440.4,67433
2021-08-31 00:00:00+00:00,35409.2,35510.9,35286.6,35413.1,102807
2021-09-01 00:00:00+00:00,35408.3,35505.0,35285.0,35304.9,88168
2021-09-02 00:00:00+00:00,35303.9,35477.5,35233.8,35444.3,84247
2021-09-03 00:00:00+00:00,35441.3,35517.6,35266.9,35356.1,88510
2021-09-06 00:00:00+00:00,35364.2,35494.3,35279.7,35448.8,31369
2021-09-07 00:00:00+00:00,35450.8,35454.3,35056.8,35086.3,88976
2021-09-08 00:00:00+00:00,35085.4,35178.0,34899.6,35024.7,127323
2021-09-09 00:00:00+00:00,35019.9,35201.4,34786.1,34877.3,122825
2021-09-10 00:00:00+00:00,34859.7,35114.6,34600.7,34638.4,103167
2021-09-13 00:00:00+00:00,34651.9,34936.7,34603.5,34914.7,142945
2021-09-14 00:00:00+00:00,34903.2,35016.9,34507.4,34589.5,123839
2021-09-15 00:00:00+00:00,34598.6,34883.7,34496.2,34847.7,118209
2021-09-16 00:00:00+00:00,34851.2,34942.1,34534.2,34726.5,115452
2021-09-17 00:00:00+00:00,34734.0,34832.6,34507.7,34545.1,132226
2021-09-20 00:00:00+00:00,34519.9,34537.9,33610.8,33937.1,209174
2021-09-21 00:00:00+00:00,33930.6,34371.6,33851.9,33881.9,190469
2021-09-22 00:00:00+00:00,33885.9,34443.5,33764.0,34284.1,156535
2021-09-23 00:00:00+00:00,34278.6,34876.9,34274.1,34782.1,113496
2021-09-24 00:00:00+00:00,34769.1,34859.1,34587.0,34813.9,112967
2021-09-27 00:00:00+00:00,34818.8,35062.6,34780.4,34862.8,107106
2021-09-28 00:00:00+00:00,34859.3,34977.3,34251.3,34347.5,176133
2021-09-29 00:00:00+00:00,34361.0,34580.7,34299.1,34442.9,154250
2021-09-30 00:00:00+00:00,34453.9,34681.9,33823.2,33870.1,176502
2021-10-01 00:00:00+00:00,33885.6,34491.6,33518.6,34343.6,175453
2021-10-04 00:00:00+00:00,34367.3,34427.3,33817.1,34020.3,208783
2021-10-05 00:00:00+00:00,34019.7,34494.2,33814.9,34348.2,158968
2021-10-06 00:00:00+00:00,34330.7,34456.9,33851.9,34428.4,206026
2021-10-07 00:00:00+00:00,34425.4,34976.1,34425.4,34757.5,125402
2021-10-08 00:00:00+00:00,34758.0,34867.5,34651.0,34729.4,132662
2021-10-11 00:00:00+00:00,34748.1,34954.2,34441.8,34476.2,147866
2021-10-12 00:00:00+00:00,34476.7,34606.1,34244.9,34316.0,166672
2021-10-13 00:00:00+00:00,34307.6,34464.5,34110.1,34382.3,143992
2021-10-14 00:00:00+00:00,34379.3,34970.8,34375.8,34957.9,99079
2021-10-15 00:00:00+00:00,34948.9,35325.3,34913.9,35295.5,99953
2021-10-18 00:00:00+00:00,35331.2,35351.2,35033.8,35238.9,101310
2021-10-19 00:00:00+00:00,35242.4,35494.8,35195.0,35477.8,88364
2021-10-20 00:00:00+00:00,35483.8,35671.9,35404.0,35567.3,85037
2021-10-21 00:00:00+00:00,35564.1,35658.6,35435.7,35613.1,89272
2021-10-22 00:00:00+00:00,35592.9,35763.4,35529.8,35646.4,111590
2021-10-25 00:00:00+00:00,35609.0,35787.8,35568.1,35753.5,93040
2021-10-26 00:00:00+00:00,35755.0,35893.8,35733.7,35785.9,106046
2021-10-27 00:00:00+00:00,35748.4,35829.0,35493.2,35531.2,116995
2021-10-28 00:00:00+00:00,35532.2,35796.8,35499.5,35763.9,103539
2021-10-29 00:00:00+00:00,35754.4,35854.4,35603.1,35841.3,110729
2021-11-01 00:00:00+00:00,35912.0,36007.4,35797.3,35905.9,96080
2021-11-02 00:00:00+00:00,35909.4,36091.8,35810.6,36032.2,82967
2021-11-03 00:00:00+00:00,36040.2,36182.3,35888.9,36145.7,82906
2021-11-04 00:00:00+00:00,36142.9,36190.1,35984.7,36105.9,84266
2021-11-05 00:00:00+00:00,36108.0,36489.5,36066.6,36284.5,100538
2021-11-08 00:00:00+00:00,36243.2,36564.1,36238.7,36406.0,86757
2021-11-09 00:00:00+00:00,36399.7,36431.8,36171.3,36282.8,101687
2021-11-10 00:00:00+00:00,36275.4,36348.7,36008.1,36081.1,117905
2021-11-11 00:00:00+00:00,36074.6,36157.7,35916.7,35953.5,84678
2021-11-12 00:00:00+00:00,35955.9,36147.8,35932.0,36125.5,73014
2021-11-15 00:00:00+00:00,36145.3,36257.9,36031.8,36097.3,79329
2021-11-16 00:00:00+00:00,36099.4,36317.8,36024.6,36163.9,78640
2021-11-17 00:00:00+00:00,36143.0,36171.5,35888.3,35896.4,80362
2021-11-18 00:00:00+00:00,35878.1,36018.8,35654.5,35878.9,85306
2021-11-19 00:00:00+00:00,35885.4,36046.0,35546.9,35616.9,113155
2021-11-22 00:00:00+00:00,35655.9,35932.7,35582.1,35656.6,89698
2021-11-23 00:00:00+00:00,35666.1,35842.3,35421.5,35795.6,157062
2021-11-24 00:00:00+00:00,35805.1,35840.6,35582.7,35831.1,123760
2021-11-25 00:00:00+00:00,35825.2,35952.3,35809.0,35837.0,32177
2021-11-26 00:00:00+00:00,35857.5,35857.5,34689.5,34714.0,169245
2021-11-29 00:00:00+00:00,34951.5,35301.5,34895.4,35178.7,159065
2021-11-30 00:00:00+00:00,35178.9,35276.9,34426.5,34562.8,204353
2021-12-01 00:00:00+00:00,34550.2,35004.2,33948.6,34039.1,206307
2021-12-02 00:00:00+00:00,34070.1,34762.9,34039.1,34726.5,222300
2021-12-03 00:00:00+00:00,34719.4,34807.5,34263.1,34553.5,230991
2021-12-06 00:00:00+00:00,34600.5,35356.6,34593.0,35271.1,182734
2021-12-07 00:00:00+00:00,35262.6,35822.2,35207.1,35783.9,116843
2021-12-08 00:00:00+00:00,35781.4,35933.7,35598.2,35746.0,113447
2021-12-09 00:00:00+00:00,35741.1,35866.8,35570.8,35742.8,111917
2021-12-10 00:00:00+00:00,35751.8,35989.5,35706.9,35979.5,129214
2021-12-13 00:00:00+00:00,36001.2,36127.2,35606.2,35687.3,152282
2021-12-14 00:00:00+00:00,35686.2,35786.9,35436.2,35567.6,183444
2021-12-15 00:00:00+00:00,35564.1,35967.5,35382.6,35944.5,149966
2021-12-16 00:00:00+00:00,35945.0,36207.8,35776.0,35940.1,182766
2021-12-17 00:00:00+00:00,35943.1,35986.3,35278.1,35444.4,225531
2021-12-20 00:00:00+00:00,35383.7,35439.1,34665.4,35025.1,131135
2021-12-21 00:00:00+00:00,35020.1,35529.7,34974.7,35517.8,122810
2021-12-22 00:00:00+00:00,35521.8,35779.5,35403.8,35757.6,89202
2021-12-23 00:00:00+00:00,35768.1,36061.4,35743.1,35964.6,63588
2021-12-27 00:00:00+00:00,35971.4,36321.6,35876.4,36283.2,68882
2021-12-28 00:00:00+00:00,36283.7,36525.2,36231.4,36391.5,80107
2021-12-29 00:00:00+00:00,36398.5,36574.4,36363.2,36492.9,72051
2021-12-30 00:00:00+00:00,36506.9,36684.2,36373.3,36403.5,72318
2021-12-31 00:00:00+00:00,36416.0,36485.0,36238.8,36372.1,62349
2022-01-03 00:00:00+00:00,36425.9,36597.9,36240.5,36552.5,98823
2022-01-04 00:00:00+00:00,36560.6,36932.6,36531.1,36788.1,99696
2022-01-05 00:00:00+00:00,36771.0,36952.1,36400.6,36437.2,123779
2022-01-06 00:00:00+00:00,36424.4,36538.0,36197.8,36282.3,165897
2022-01-07 00:00:00+00:00,36286.1,36382.6,36108.2,36235.2,124870
2022-01-10 00:00:00+00:00,36261.3,36292.6,35640.5,36056.6,168032
2022-01-11 00:00:00+00:00,36066.6,36274.6,35766.3,36248.3,140195
2022-01-12 00:00:00+00:00,36252.0,36455.1,36166.1,36301.2,126081
2022-01-13 00:00:00+00:00,36299.7,36511.7,36043.9,36113.7,136676
2022-01-14 00:00:00+00:00,36129.6,36233.2,35639.4,35957.9,169760
2022-01-17 00:00:00+00:00,35983.9,36010.4,35826.6,35954.8,54496
2022-01-18 00:00:00+00:00,35953.5,35983.5,35260.4,35414.8,168765
2022-01-19 00:00:00+00:00,35415.0,35547.3,34997.5,35051.8,182416
2022-01-20 00:00:00+00:00,35048.1,35491.9,34521.1,34638.9,177837
2022-01-21 00:00:00+00:00,34663.4,34896.5,34216.0,34227.6,214158
2022-01-24 00:00:00+00:00,34309.5,34520.9,33144.3,34450.8,240830
2022-01-25 00:00:00+00:00,34407.3,34592.7,33541.7,34069.1,264211
2022-01-26 00:00:00+00:00,34076.6,34816.0,33863.2,34150.1,191768
2022-01-28 00:00:00+00:00,34361.1,34742.9,33734.4,34700.8,244547
2022-01-31 00:00:00+00:00,34710.2,35150.8,34438.3,35040.9,170902
2022-02-01 00:00:00+00:00,35058.9,35438.4,34958.0,35361.8,154567
2022-02-02 00:00:00+00:00,35357.8,35711.8,35290.4,35693.7,154949
2022-02-03 00:00:00+00:00,35669.7,35691.2,35070.9,35269.4,162343
2022-02-04 00:00:00+00:00,35241.1,35334.2,34792.9,35058.5,175396
2022-02-07 00:00:00+00:00,35131.1,35326.7,34930.5,35130.1,161233
2022-02-08 00:00:00+00:00,35123.6,35544.0,35049.5,35497.1,153058
2022-02-09 00:00:00+00:00,35512.6,35871.6,35489.0,35838.7,120211
2022-02-10 00:00:00+00:00,35836.9,35857.0,35098.6,35225.8,166485
2022-02-11 00:00:00+00:00,35226.8,35439.2,34618.5,34812.7,190746
2022-02-14 00:00:00+00:00,34765.8,34848.1,34303.7,34563.1,224147
2022-02-15 00:00:00+00:00,34559.8,35052.9,34432.6,34951.3,167552
2022-02-16 00:00:00+00:00,34958.0,35141.1,34645.3,34918.0,157470
2022-02-17 00:00:00+00:00,34912.0,34978.5,34245.7,34318.6,159319
2022-02-18 00:00:00+00:00,34312.1,34567.9,33973.3,34146.1,181076
2022-02-21 00:00:00+00:00,33991.8,34419.8,33744.8,33770.5,125892
2022-02-22 00:00:00+00:00,33657.4,34117.4,33360.2,33659.9,242502
2022-02-23 00:00:00+00:00,33653.9,33890.7,33084.5,33108.4,190925
2022-02-24 00:00:00+00:00,33110.5,33274.7,32229.8,33124.5,290813
2022-02-25 00:00:00+00:00,33103.5,34095.2,32829.0,34063.4,227101
2022-02-28 00:00:00+00:00,33526.8,33962.4,33373.1,33891.7,221671
2022-03-01 00:00:00+00:00,33863.1,34101.4,33106.8,33371.1,202992
2022-03-02 00:00:00+00:00,33373.1,34014.3,33157.2,33832.8,186617
2022-03-03 00:00:00+00:00,33834.8,34180.1,33638.5,33824.8,176898
2022-03-04 00:00:00+00:00,33828.2,33894.2,33249.0,33566.4,220601
2022-03-07 00:00:00+00:00,33389.0,33575.6,32718.2,32725.0,213406
2022-03-08 00:00:00+00:00,32751.3,33408.2,32337.5,32566.0,235337
2022-03-09 00:00:00+00:00,32547.7,33460.1,32544.2,33273.9,198981
2022-03-10 00:00:00+00:00,33270.9,33301.9,32816.9,33196.4,173756
2022-03-11 00:00:00+00:00,33186.9,33699.2,32911.8,32974.6,159633
2022-03-14 00:00:00+00:00,33019.3,33400.3,32816.9,32988.3,162683
2022-03-15 00:00:00+00:00,32988.5,33620.9,32680.7,33500.0,169265
2022-03-16 00:00:00+00:00,33516.9,34162.0,33385.5,34137.0,173493
2022-03-17 00:00:00+00:00,34128.0,34497.0,33865.8,34335.7,147055
2022-03-18 00:00:00+00:00,34348.3,34803.0,34208.9,34786.0,131067
2022-03-21 00:00:00+00:00,34772.5,34802.5,34338.7,34622.6,132511
2022-03-22 00:00:00+00:00,34601.3,34878.5,34434.9,34818.3,111866
2022-03-23 00:00:00+00:00,34809.5,34897.1,34322.1,34353.1,119757
2022-03-24 00:00:00+00:00,34356.8,34758.4,34319.6,34739.0,112611
2022-03-25 00:00:00+00:00,34714.7,34944.3,34628.0,34844.8,110981
2022-03-28 00:00:00+00:00,34845.1,34986.3,34548.1,34955.2,118014
2022-03-29 00:00:00+00:00,34950.1,35378.5,34926.7,35265.1,114861
2022-03-30 00:00:00+00:00,35260.3,35356.0,35057.2,35237.5,112867
2022-03-31 00:00:00+00:00,35220.0,35315.9,34688.2,34794.8,119293
2022-04-01 00:00:00+00:00,34785.7,34900.0,34534.0,34787.0,119905
2022-04-04 00:00:00+00:00,34802.0,34942.5,34611.5,34910.1,99546
2022-04-05 00:00:00+00:00,34898.7,35107.3,34562.0,34675.6,113264
2022-04-06 00:00:00+00:00,34674.4,34695.6,34274.4,34451.6,145391
2022-04-07 00:00:00+00:00,34446.0,34704.2,34181.0,34571.6,139177
2022-04-08 00:00:00+00:00,34580.2,34910.9,34464.3,34722.3,124614
2022-04-11 00:00:00+00:00,34740.7,34759.2,34273.5,34322.6,144850
2022-04-12 00:00:00+00:00,34319.6,34673.4,34098.0,34245.4,155303
2022-04-13 00:00:00+00:00,34257.9,34600.8,34139.3,34547.8,127081
2022-04-14 00:00:00+00:00,34547.4,34887.9,34431.7,34480.8,128648
2022-04-18 00:00:00+00:00,34437.0,34622.5,34272.5,34492.9,117099
2022-04-19 00:00:00+00:00,34485.4,34984.0,34323.2,34864.8,132058
2022-04-20 00:00:00+00:00,34858.8,35319.5,34817.0,35226.4,151557
2022-04-21 00:00:00+00:00,35210.7,35496.3,34722.8,34750.9,162892
2022-04-22 00:00:00+00:00,34754.6,34793.7,33682.0,33684.2,173889
2022-04-25 00:00:00+00:00,33738.5,34107.0,33317.8,34067.1,217045
2022-04-26 00:00:00+00:00,34060.5,34121.7,33169.1,33197.8,187576
2022-04-27 00:00:00+00:00,33228.8,33700.2,33107.3,33392.9,212683
2022-04-28 00:00:00+00:00,33374.6,34055.9,33244.1,33866.8,180841
2022-04-29 00:00:00+00:00,33816.3,33988.7,32910.1,33033.8,168727
2022-05-02 00:00:00+00:00,33053.5,33233.1,32447.3,33030.5,207946
2022-05-03 00:00:00+00:00,33046.2,33343.7,32895.0,33145.3,181603
2022-05-04 00:00:00+00:00,33141.2,34117.6,33018.3,33993.9,137420
2022-05-05 00:00:00+00:00,34011.3,34103.1,32680.5,33030.0,197314
2022-05-06 00:00:00+00:00,33020.5,33058.1,32470.6,32827.4,227437
2022-05-09 00:00:00+00:00,32745.1,32749.6,32119.1,32264.4,218789
2022-05-10 00:00:00+00:00,32303.5,32742.3,31887.4,32132.5,229566
2022-05-11 00:00:00+00:00,32148.0,32584.6,31799.3,31912.4,208387
2022-05-12 00:00:00+00:00,31888.8,31963.3,31225.5,31615.5,245419
2022-05-13 00:00:00+00:00,31641.6,32278.0,31639.6,32198.7,169851
2022-05-16 00:00:00+00:00,32202.9,32516.4,31930.8,32190.1,185944
2022-05-17 00:00:00+00:00,32190.6,32751.5,32190.6,32691.3,160076
2022-05-18 00:00:00+00:00,32676.9,32704.4,31355.0,31435.6,142855
2022-05-19 00:00:00+00:00,31438.5,31569.8,31003.0,31255.6,223162
2022-05-20 00:00:00+00:00,31260.7,31592.0,30634.5,31254.7,183194
2022-05-23 00:00:00+00:00,31396.6,31968.5,31349.5,31906.0,215362
2022-05-24 00:00:00+00:00,31833.6,32014.8,31358.6,31982.0,258221
2022-05-25 00:00:00+00:00,31987.5,32257.0,31727.8,32099.7,239214
2022-05-26 00:00:00+00:00,32127.2,32776.2,32039.8,32593.6,175072
2022-05-27 00:00:00+00:00,32563.1,33261.1,32523.6,33258.1,144443
2022-05-30 00:00:00+00:00,33260.4,33476.6,33211.4,33310.0,53150
2022-05-31 00:00:00+00:00,33291.5,33293.0,32753.5,33050.5,236503
2022-06-01 00:00:00+00:00,33078.0,33270.9,32582.5,32794.2,223298
2022-06-02 00:00:00+00:00,32808.3,33279.6,32511.5,33272.6,188477
2022-06-03 00:00:00+00:00,33257.1,33320.6,32835.2,32915.1,205118
2022-06-06 00:00:00+00:00,32957.3,33239.3,32815.8,32919.8,181307
2022-06-07 00:00:00+00:00,32927.4,33206.7,32614.3,33111.9,167096
2022-06-08 00:00:00+00:00,33120.2,33179.0,32820.5,32923.6,182830
2022-06-09 00:00:00+00:00,32910.0,33117.0,32259.8,32332.3,209230
2022-06-10 00:00:00+00:00,32349.4,32349.4,31376.5,31474.0,170989
2022-06-13 00:00:00+00:00,31258.3,31303.3,30374.7,30536.9,214376
2022-06-14 00:00:00+00:00,30559.6,30872.9,30140.2,30381.8,243636
2022-06-15 00:00:00+00:00,30391.4,31011.0,30177.5,30683.2,226909
2022-06-16 00:00:00+00:00,30706.3,30934.4,29738.8,29985.6,283955
2022-06-17 00:00:00+00:00,30014.5,30216.0,29648.6,29966.6,290286
2022-06-20 00:00:00+00:00,29999.9,30230.0,29756.5,30158.5,85002
2022-06-21 00:00:00+00:00,30154.0,30656.7,30122.5,30548.4,157262
2022-06-22 00:00:00+00:00,30533.6,30779.2,30017.0,30483.0,210660
2022-06-23 00:00:00+00:00,30482.1,30709.5,30258.5,30581.8,209390
2022-06-24 00:00:00+00:00,30582.3,31520.4,30555.8,31429.8,121599
2022-06-27 00:00:00+00:00,31514.0,31708.0,31346.0,31473.0,150719
2022-06-28 00:00:00+00:00,31479.5,31883.0,30918.5,30983.5,151831
2022-06-29 00:00:00+00:00,30975.0,31158.0,30877.0,31034.5,178702
2022-06-30 00:00:00+00:00,31027.5,31041.0,30417.5,30729.2,171363
2022-07-01 00:00:00+00:00,30737.2,31139.0,30448.8,31071.5,180186
2022-07-04 00:00:00+00:00,31062.5,31086.5,30828.5,30990.5,56622
2022-07-05 00:00:00+00:00,30979.5,31225.5,30351.0,30947.0,171534
2022-07-06 00:00:00+00:00,30979.5,31224.0,30760.0,31074.0,172587
2022-07-07 00:00:00+00:00,31068.5,31422.3,30912.5,31348.1,128472
2022-07-08 00:00:00+00:00,31327.8,31510.8,31207.3,31368.9,143070
2022-07-11 00:00:00+00:00,31307.5,31366.6,31069.1,31199.1,133844
2022-07-12 00:00:00+00:00,31206.7,31349.4,30857.1,30994.6,134948
2022-07-13 00:00:00+00:00,31011.2,31307.1,30507.0,30725.3,152273
2022-07-14 00:00:00+00:00,30723.4,30787.7,30128.5,30640.3,167514
2022-07-15 00:00:00+00:00,30652.8,31286.8,30524.2,31275.4,151633
2022-07-18 00:00:00+00:00,31339.0,31645.4,30978.9,31094.1,131818
2022-07-19 00:00:00+00:00,31081.2,31866.2,31052.7,31839.3,127518
2022-07-20 00:00:00+00:00,31837.4,32003.5,31644.7,31826.0,143121
2022-07-21 00:00:00+00:00,31816.1,32051.1,31525.6,32010.9,150584
2022-07-22 00:00:00+00:00,32005.0,32218.7,31730.0,31893.8,143508
2022-07-25 00:00:00+00:00,31871.1,32094.0,31801.4,31890.0,143643
2022-07-26 00:00:00+00:00,31859.2,31943.2,31692.7,31803.4,130206
2022-07-27 00:00:00+00:00,31788.1,32341.5,31787.1,32175.9,134977
2022-07-28 00:00:00+00:00,32188.9,32639.7,31978.0,32599.0,148448
2022-07-29 00:00:00+00:00,32602.5,32919.9,32489.1,32847.6,129873
2022-08-01 00:00:00+00:00,32820.2,32971.0,32635.0,32816.9,140378
2022-08-02 00:00:00+00:00,32805.1,32817.7,32387.9,32446.4,160038
2022-08-03 00:00:00+00:00,32449.0,32913.3,32379.7,32793.0,132651
2022-08-04 00:00:00+00:00,32789.2,32905.6,32642.8,32736.5,123346
2022-08-05 00:00:00+00:00,32742.5,32825.4,32470.7,32769.3,126313
2022-08-08 00:00:00+00:00,32785.0,33108.5,32713.3,32896.6,130822
2022-08-09 00:00:00+00:00,32878.9,32916.1,32697.4,32801.4,123960
2022-08-10 00:00:00+00:00,32797.1,33366.3,32716.9,33327.7,116354
2022-08-11 00:00:00+00:00,33320.7,33651.0,33284.8,33386.2,131115
2022-08-12 00:00:00+00:00,33386.8,33763.8,33323.6,33743.4,104834
2022-08-15 00:00:00+00:00,33739.3,33957.1,33514.6,33874.6,96395
2022-08-16 00:00:00+00:00,33876.1,34282.2,33820.6,34163.4,112622
2022-08-17 00:00:00+00:00,34139.2,34195.7,33825.9,34011.7,134430
2022-08-18 00:00:00+00:00,34002.3,34065.9,33839.7,34007.6,117857
2022-08-19 00:00:00+00:00,33999.9,34011.9,33625.9,33693.6,119648
2022-08-22 00:00:00+00:00,33618.8,33644.3,33007.9,33107.9,124803
2022-08-23 00:00:00+00:00,33103.6,33181.6,32854.7,32896.2,141227
2022-08-24 00:00:00+00:00,32893.8,33097.1,32761.0,32969.3,118927
2022-08-25 00:00:00+00:00,32967.0,33307.0,32886.8,33239.8,120788
2022-08-26 00:00:00+00:00,33259.9,33464.0,32216.2,32265.1,139675
2022-08-29 00:00:00+00:00,32080.4,32323.9,31951.5,32143.9,165813
2022-08-30 00:00:00+00:00,32135.9,32368.6,31642.7,31814.8,164071
2022-08-31 00:00:00+00:00,31757.5,31986.9,31490.5,31553.8,172568
2022-09-01 00:00:00+00:00,31549.9,31675.4,31219.4,31660.2,178155
2022-09-02 00:00:00+00:00,31645.7,32029.7,31180.8,31362.7,167225
2022-09-05 00:00:00+00:00,31353.6,31467.7,31278.1,31430.0,72381
2022-09-06 00:00:00+00:00,31433.0,31592.5,31042.0,31155.5,181018
2022-09-07 00:00:00+00:00,31146.5,31644.8,30974.0,31572.4,153659
2022-09-08 00:00:00+00:00,31570.3,31809.0,31300.8,31803.0,163060
2022-09-09 00:00:00+00:00,31796.7,32226.7,31759.3,32140.2,106877
2022-09-12 00:00:00+00:00,32241.4,32500.0,32136.4,32418.1,101268
2022-09-13 00:00:00+00:00,32424.8,32658.5,31018.9,31149.7,126188
2022-09-14 00:00:00+00:00,31150.8,31279.0,30879.5,31186.5,172401
2022-09-15 00:00:00+00:00,31175.6,31273.0,30876.2,30924.9,154993
2022-09-16 00:00:00+00:00,30882.9,30882.9,30542.3,30844.6,144520
2022-09-19 00:00:00+00:00,30847.7,31076.8,30486.0,31046.3,146252
2022-09-20 00:00:00+00:00,31049.8,31150.3,30465.4,30745.9,154323
2022-09-21 00:00:00+00:00,30736.9,31024.0,30110.0,30148.0,151086
2022-09-22 00:00:00+00:00,30135.5,30408.4,29956.0,30104.3,186978
2022-09-23 00:00:00+00:00,30118.3,30162.8,29242.0,29611.8,181228
2022-09-26 00:00:00+00:00,29549.1,29673.7,29160.5,29269.0,208333
2022-09-27 00:00:00+00:00,29272.0,29661.5,28952.0,29178.0,193599
2022-09-28 00:00:00+00:00,29193.0,29817.5,28821.0,29671.5,206298
2022-09-29 00:00:00+00:00,29690.0,29717.0,28994.7,29246.2,196412
2022-09-30 00:00:00+00:00,29214.6,29493.2,28713.5,28792.5,206408
2022-10-03 00:00:00+00:00,28724.0,29647.7,28584.0,29503.0,180978
2022-10-04 00:00:00+00:00,29518.4,30344.8,29444.1,30292.1,171526
2022-10-05 00:00:00+00:00,30277.8,30456.9,29876.1,30279.8,163338
2022-10-06 00:00:00+00:00,30268.1,30423.6,29855.5,29919.0,177130
2022-10-07 00:00:00+00:00,29886.8,30055.5,29140.6,29273.3,164538
2022-10-10 00:00:00+00:00,29210.8,29492.5,29011.0,29225.0,174999
2022-10-11 00:00:00+00:00,29215.5,29614.2,28901.5,29275.8,211733
2022-10-12 00:00:00+00:00,29273.4,29483.5,29137.4,29257.2,201542
2022-10-13 00:00:00+00:00,29270.8,30169.0,28625.0,30043.0,196929
2022-10-14 00:00:00+00:00,30038.5,30433.0,29613.2,29652.7,223368
2022-10-17 00:00:00+00:00,29658.2,30324.5,29652.3,30266.7,187019
2022-10-18 00:00:00+00:00,30293.7,30838.4,30293.7,30666.2,211468
2022-10-19 00:00:00+00:00,30669.8,30778.1,30225.2,30511.8,216652
2022-10-20 00:00:00+00:00,30479.5,30826.5,30259.5,30378.0,213917
2022-10-21 00:00:00+00:00,30370.5,31140.5,30066.5,31139.0,190841
2022-10-24 00:00:00+00:00,31206.0,31600.5,30882.5,31477.7,226107
2022-10-25 00:00:00+00:00,31468.9,31880.0,31309.0,31842.2,186599
2022-10-26 00:00:00+00:00,31776.8,32174.7,31709.9,31952.7,194009
2022-10-27 00:00:00+00:00,31912.1,32385.4,31838.3,32003.3,213021
2022-10-28 00:00:00+00:00,32015.4,32945.0,31853.3,32939.1,180010
2022-10-31 00:00:00+00:00,32857.0,32882.5,32587.0,32738.5,166844
2022-11-01 00:00:00+00:00,32744.0,32997.0,32479.3,32620.4,173797
2022-11-02 00:00:00+00:00,32647.5,33077.1,32097.4,32163.1,166068
2022-11-03 00:00:00+00:00,32104.8,32249.5,31715.5,31993.0,180739
2022-11-04 00:00:00+00:00,31942.0,32611.5,31852.0,32393.5,207354
2022-11-07 00:00:00+00:00,32173.0,32894.3,32160.5,32803.9,174754
2022-11-08 00:00:00+00:00,32810.1,33356.0,32755.5,33128.1,164065
2022-11-09 00:00:00+00:00,33102.6,33196.8,32477.5,32526.5,194241
2022-11-10 00:00:00+00:00,32522.7,33785.4,32505.8,33780.5,179254
2022-11-11 00:00:00+00:00,33783.6,33970.4,33393.5,33750.4,181869
2022-11-14 00:00:00+00:00,33652.2,33965.0,33534.0,33609.3,142973
2022-11-15 00:00:00+00:00,33605.5,34012.5,33316.1,33564.4,187627
2022-11-16 00:00:00+00:00,33533.9,33705.8,33443.8,33603.0,168789
2022-11-17 00:00:00+00:00,33629.8,33688.9,33148.3,33548.4,155433
2022-11-18 00:00:00+00:00,33551.1,33823.0,33437.0,33749.9,148475
2022-11-21 00:00:00+00:00,33777.7,33866.0,33554.0,33697.3,135897
2022-11-22 00:00:00+00:00,33692.0,34113.9,33628.7,34109.6,117755
2022-11-23 00:00:00+00:00,34101.3,34261.9,34003.2,34244.5,118986
2022-11-24 00:00:00+00:00,34234.0,34289.0,34211.5,34256.0,39626
2022-11-25 00:00:00+00:00,34249.5,34382.5,34192.0,34369.0,64264
2022-11-28 00:00:00+00:00,34273.0,34306.0,33797.2,33849.5,117749
2022-11-29 00:00:00+00:00,33861.1,33969.3,33658.5,33858.9,127992
2022-11-30 00:00:00+00:00,33810.2,34604.3,33578.3,34572.9,146167
2022-12-01 00:00:00+00:00,34586.0,34664.5,34120.0,34371.5,150677
2022-12-02 00:00:00+00:00,34373.0,34483.3,33892.8,34367.6,134654
2022-12-05 00:00:00+00:00,34389.8,34423.8,33846.8,33967.7,128115
2022-12-06 00:00:00+00:00,33966.9,34046.9,33418.8,33602.1,143132
2022-12-07 00:00:00+00:00,33604.8,33777.1,33433.8,33587.5,150344
2022-12-08 00:00:00+00:00,33581.8,33894.0,33444.9,33769.0,142824
2022-12-09 00:00:00+00:00,33768.2,33930.0,33456.7,33463.2,128594
2022-12-12 00:00:00+00:00,33486.6,33996.9,33404.7,33955.0,104885
2022-12-13 00:00:00+00:00,33964.4,34940.9,33881.9,34108.1,169744
2022-12-14 00:00:00+00:00,34106.3,34396.3,33692.4,34030.1,135358
2022-12-15 00:00:00+00:00,34016.5,34070.7,33009.8,33166.5,154616
2022-12-16 00:00:00+00:00,33148.5,33259.5,32649.1,32854.5,152014
2022-12-19 00:00:00+00:00,32887.0,33058.5,32577.0,32728.0,135671
2022-12-20 00:00:00+00:00,32744.0,32993.1,32474.9,32910.3,173565
2022-12-21 00:00:00+00:00,32939.2,33438.3,32935.6,33421.4,132815
2022-12-22 00:00:00+00:00,33435.6,33461.1,32574.1,33013.6,149159
2022-12-23 00:00:00+00:00,33020.7,33231.7,32811.9,33181.7,150445
2022-12-27 00:00:00+00:00,33217.2,33431.7,33062.2,33250.5,121678
2022-12-28 00:00:00+00:00,33261.1,33391.6,32854.3,32895.5,132256
2022-12-29 00:00:00+00:00,32901.7,33294.0,32832.3,33195.7,106916
2022-12-30 00:00:00+00:00,33191.5,33208.7,32838.0,33160.5,112815
2023-01-03 00:00:00+00:00,33337.5,33491.0,32841.4,33110.2,173447
2023-01-04 00:00:00+00:00,33100.9,33415.0,33027.1,33238.3,147204
2023-01-05 00:00:00+00:00,33225.9,33310.6,32806.9,32945.1,141517
2023-01-06 00:00:00+00:00,32943.7,33713.7,32897.1,33624.4,132174
2023-01-09 00:00:00+00:00,33679.0,33934.6,33486.1,33517.3,126530
2023-01-10 00:00:00+00:00,33520.0,33727.9,33344.5,33704.0,133953
2023-01-11 00:00:00+00:00,33707.1,33979.8,33686.0,33979.8,103499
2023-01-12 00:00:00+00:00,33979.5,34294.3,33720.9,34179.7,141052
2023-01-13 00:00:00+00:00,34186.9,34347.0,33885.7,34295.5,123007
2023-01-16 00:00:00+00:00,34332.9,34373.0,34189.0,34264.5,32895
2023-01-17 00:00:00+00:00,34267.0,34310.0,33860.2,33890.6,118519
2023-01-18 00:00:00+00:00,33888.4,34016.7,33270.6,33273.3,132981
2023-01-19 00:00:00+00:00,33262.6,33278.6,32960.5,33057.0,137422
2023-01-20 00:00:00+00:00,33084.5,33384.2,32937.6,33358.7,111934
2023-01-23 00:00:00+00:00,33373.6,33790.0,33310.5,33642.0,118620
2023-01-24 00:00:00+00:00,33636.5,33808.6,33380.0,33750.3,118762
2023-01-25 00:00:00+00:00,33753.0,33777.2,33267.4,33707.8,129830
2023-01-26 00:00:00+00:00,33726.4,33966.1,33630.9,33926.1,126571
2023-01-27 00:00:00+00:00,33919.3,34166.0,33830.1,33967.6,102880
2023-01-30 00:00:00+00:00,33940.3,34055.0,33694.0,33736.7,123278
2023-01-31 00:00:00+00:00,33740.3,34095.2,33515.1,34059.0,110653
2023-02-01 00:00:00+00:00,34071.6,34340.8,33568.8,34048.5,122287
2023-02-02 00:00:00+00:00,34057.2,34149.0,33806.5,33975.7,147987
2023-02-03 00:00:00+00:00,33996.3,34181.5,33782.0,33907.5,164542
2023-02-06 00:00:00+00:00,33852.0,33965.1,33638.5,33869.5,140030
2023-02-07 00:00:00+00:00,33874.1,34245.9,33628.7,34102.4,152058
2023-02-08 00:00:00+00:00,34106.1,34178.0,33895.7,34012.1,146176
2023-02-09 00:00:00+00:00,33991.0,34249.5,33603.9,33725.8,148624
2023-02-10 00:00:00+00:00,33730.0,33898.0,33518.1,33873.0,156365
2023-02-13 00:00:00+00:00,33861.0,34263.8,33731.5,34244.6,107477
2023-02-14 00:00:00+00:00,34234.7,34513.1,33822.5,34059.5,166915
2023-02-15 00:00:00+00:00,34040.1,34140.4,33828.3,34119.1,133575
2023-02-16 00:00:00+00:00,34108.9,34173.7,33670.4,33688.4,141786
2023-02-17 00:00:00+00:00,33678.1,33846.2,33470.3,33823.8,145659
2023-02-20 00:00:00+00:00,33810.8,33831.3,33694.8,33737.3,27979
2023-02-21 00:00:00+00:00,33734.3,33744.8,33111.7,33153.3,126959
2023-02-22 00:00:00+00:00,33151.0,33245.9,32947.6,33073.1,142325
2023-02-23 00:00:00+00:00,33059.5,33264.0,32794.9,33119.5,130598
2023-02-24 00:00:00+00:00,33121.5,33172.5,32631.5,32789.5,136866
2023-02-27 00:00:00+00:00,32788.5,33192.0,32775.0,32917.8,121425
2023-02-28 00:00:00+00:00,32903.5,32993.4,32586.5,32632.1,124975
2023-03-01 00:00:00+00:00,32604.3,32827.2,32496.9,32820.7,140733
2023-03-02 00:00:00+00:00,32808.9,33085.9,32606.2,32985.6,142713
2023-03-03 00:00:00+00:00,32981.5,33409.0,32932.3,33401.0,110963
2023-03-06 00:00:00+00:00,33348.5,33577.0,33335.0,33443.7,113686
2023-03-07 00:00:00+00:00,33439.0,33498.0,32836.2,32867.4,134581
2023-03-08 00:00:00+00:00,32843.8,32922.5,32611.0,32817.8,134407
2023-03-09 00:00:00+00:00,32806.9,32986.5,32183.5,32255.3,146480
2023-03-10 00:00:00+00:00,32244.1,32423.2,31779.9,31918.2,213822
2023-03-13 00:00:00+00:00,32102.0,32351.0,31518.0,31891.7,242902
2023-03-14 00:00:00+00:00,31927.0,32301.8,31793.5,32142.1,201376
2023-03-15 00:00:00+00:00,32101.2,32194.4,31426.3,31852.1,235406
2023-03-16 00:00:00+00:00,31867.1,32280.9,31562.5,32264.0,202647
2023-03-17 00:00:00+00:00,32233.4,32340.5,31726.3,31852.6,198543
2023-03-20 00:00:00+00:00,31993.6,32285.4,31435.0,32250.3,207852
2023-03-21 00:00:00+00:00,32248.8,32603.8,32217.0,32565.4,133279
2023-03-22 00:00:00+00:00,32547.0,32768.5,32014.3,32081.2,137297
2023-03-23 00:00:00+00:00,32100.4,32516.7,31855.6,32175.6,185387
2023-03-24 00:00:00+00:00,32133.0,32266.5,31736.5,32264.0,193291
2023-03-27 00:00:00+00:00,32287.0,32569.8,32220.0,32477.5,134518
2023-03-28 00:00:00+00:00,32463.8,32576.7,32290.9,32412.7,113358
2023-03-29 00:00:00+00:00,32423.7,32728.4,32415.9,32704.2,99156
2023-03-30 00:00:00+00:00,32699.4,32927.1,32668.4,32864.5,101021
2023-03-31 00:00:00+00:00,32846.9,33293.0,32818.3,33291.5,93928
2023-04-03 00:00:00+00:00,33269.0,33635.7,33251.5,33585.3,99959
2023-04-04 00:00:00+00:00,33579.1,33688.3,33274.6,33443.0,115990
2023-04-05 00:00:00+00:00,33436.6,33547.0,33314.6,33468.8,108224
2023-04-06 00:00:00+00:00,33457.8,33543.2,33316.3,33462.4,96040
2023-04-07 00:00:00+00:00,33458.2,33597.5,33403.0,33548.5,11791
2023-04-10 00:00:00+00:00,33524.5,33606.6,33332.5,33595.5,78573
2023-04-11 00:00:00+00:00,33593.7,33781.0,33556.4,33702.1,86997
2023-04-12 00:00:00+00:00,33692.3,33951.4,33592.2,33614.7,122707
2023-04-13 00:00:00+00:00,33616.8,34054.5,33578.4,34009.7,96855
2023-04-14 00:00:00+00:00,33965.8,34106.5,33725.2,33913.0,121009
2023-04-17 00:00:00+00:00,33943.0,33996.8,33795.9,33973.7,99231
2023-04-18 00:00:00+00:00,33973.9,34133.0,33783.3,33962.3,97558
2023-04-19 00:00:00+00:00,33941.7,33963.1,33799.9,33876.5,86236
2023-04-20 00:00:00+00:00,33869.0,33884.3,33665.5,33771.7,100047
2023-04-21 00:00:00+00:00,33761.1,33860.8,33683.8,33790.5,103949
2023-04-24 00:00:00+00:00,33768.5,33892.7,33636.0,33867.3,85176
2023-04-25 00:00:00+00:00,33874.4,33878.4,33524.0,33600.4,113371
2023-04-26 00:00:00+00:00,33600.1,33646.0,33233.0,33326.0,124521
2023-04-27 00:00:00+00:00,33321.2,33860.3,33305.9,33793.5,98377
2023-04-28 00:00:00+00:00,33762.0,34130.7,33646.0,34099.7,117630
2023-05-01 00:00:00+00:00,34094.7,34261.7,34004.9,34011.9,86534
2023-05-02 00:00:00+00:00,34008.2,34089.2,33433.1,33662.6,122321
2023-05-03 00:00:00+00:00,33668.4,33827.7,33320.2,33329.8,132997
2023-05-04 00:00:00+00:00,33309.6,33476.5,32936.7,33108.1,155270
2023-05-05 00:00:00+00:00,33144.6,33747.8,33102.4,33662.5,103839
2023-05-08 00:00:00+00:00,33678.5,33774.5,33505.6,33613.9,87799
2023-05-09 00:00:00+00:00,33599.7,33652.6,33465.9,33569.6,84761
2023-05-10 00:00:00+00:00,33563.9,33784.3,33234.6,33509.9,126113
2023-05-11 00:00:00+00:00,33502.9,33606.2,33115.9,33313.3,116062
2023-05-12 00:00:00+00:00,33307.9,33483.3,33106.8,33252.7,103604
2023-05-15 00:00:00+00:00,33252.2,33449.7,33162.0,33329.5,90623
2023-05-16 00:00:00+00:00,33326.2,33341.2,32984.7,33043.7,101223
2023-05-17 00:00:00+00:00,33022.4,33475.8,32996.7,33395.8,97707
2023-05-18 00:00:00+00:00,33382.5,33577.6,33209.5,33547.9,113814
2023-05-19 00:00:00+00:00,33552.1,33659.5,33326.4,33375.5,117308
2023-05-22 00:00:00+00:00,33337.5,33510.0,33196.0,33310.0,99641
2023-05-23 00:00:00+00:00,33310.8,33403.6,33008.8,33079.2,116143
2023-05-24 00:00:00+00:00,33077.0,33121.0,32752.3,32811.5,128193
2023-05-25 00:00:00+00:00,32797.8,32875.0,32583.2,32759.3,130363
2023-05-26 00:00:00+00:00,32753.6,33164.9,32685.0,33115.0,106904
2023-05-29 00:00:00+00:00,33239.0,33257.5,33121.3,33135.3,25198
2023-05-30 00:00:00+00:00,33147.0,33189.0,32887.0,33027.8,117457
2023-05-31 00:00:00+00:00,33000.3,33006.2,32734.4,32872.0,114426
2023-06-01 00:00:00+00:00,32843.4,33171.4,32682.2,33097.8,109402
2023-06-02 00:00:00+00:00,33085.8,33806.5,33062.8,33747.5,107019
2023-06-05 00:00:00+00:00,33772.7,33842.2,33550.8,33560.4,113594
2023-06-06 00:00:00+00:00,33557.2,33632.9,33402.4,33568.9,103046
2023-06-07 00:00:00+00:00,33569.7,33707.9,33499.2,33666.9,108738
2023-06-08 00:00:00+00:00,33663.1,33876.5,33593.3,33811.8,91178
2023-06-09 00:00:00+00:00,33803.5,33975.6,33713.0,33889.0,106183
2023-06-12 00:00:00+00:00,33866.0,34077.5,33866.0,34065.1,90394
2023-06-13 00:00:00+00:00,34058.5,34311.6,34007.0,34218.3,110436
2023-06-14 00:00:00+00:00,34136.4,34199.5,33777.7,33991.4,104837
2023-06-15 00:00:00+00:00,33971.3,34490.3,33852.8,34381.3,113113
2023-06-16 00:00:00+00:00,34389.4,34570.7,34281.8,34331.0,113222
2023-06-19 00:00:00+00:00,34314.5,34322.0,34169.3,34224.3,31161
2023-06-20 00:00:00+00:00,34228.0,34244.5,33910.3,34033.0,97660
2023-06-21 00:00:00+00:00,34038.7,34101.8,33871.6,33959.0,97321
2023-06-22 00:00:00+00:00,33959.7,34006.7,33824.2,33967.0,97607
2023-06-23 00:00:00+00:00,33986.0,33986.0,33629.7,33708.2,97261
2023-06-26 00:00:00+00:00,33722.5,33820.4,33605.3,33744.8,103105
2023-06-27 00:00:00+00:00,33746.5,33976.0,33654.1,33913.9,91983
2023-06-28 00:00:00+00:00,33915.6,33967.1,33753.2,33891.3,98437
2023-06-29 00:00:00+00:00,33895.0,34151.8,33809.9,34097.6,98387
2023-06-30 00:00:00+00:00,34095.8,34470.7,34080.3,34375.0,78428
2023-07-03 00:00:00+00:00,34401.5,34467.8,34288.5,34430.8,51722
2023-07-04 00:00:00+00:00,34413.0,34429.8,34363.3,34376.8,19932
2023-07-05 00:00:00+00:00,34368.5,34408.5,34218.3,34270.1,73608
2023-07-06 00:00:00+00:00,34266.9,34268.4,33769.8,33910.5,84264
2023-07-07 00:00:00+00:00,33895.1,34034.7,33708.8,33761.0,85710
2023-07-10 00:00:00+00:00,33734.5,33965.8,33604.3,33939.5,86564
2023-07-11 00:00:00+00:00,33943.1,34289.2,33857.5,34238.4,84775
2023-07-12 00:00:00+00:00,34234.1,34584.2,34205.4,34356.9,89246
2023-07-13 00:00:00+00:00,34363.5,34477.6,34348.5,34358.0,68061
2023-07-14 00:00:00+00:00,34353.3,34594.9,34304.7,34483.0,86367
2023-07-17 00:00:00+00:00,34488.9,34668.0,34406.3,34558.7,67151
2023-07-18 00:00:00+00:00,34564.8,34991.9,34516.0,34939.5,77469
2023-07-19 00:00:00+00:00,34924.3,35235.1,34920.9,35046.0,92576
2023-07-20 00:00:00+00:00,35041.5,35372.6,35001.1,35232.0,83365
2023-07-21 00:00:00+00:00,35237.7,35342.3,35182.6,35200.0,77463
2023-07-24 00:00:00+00:00,35216.5,35466.1,35178.5,35414.2,72469
2023-07-25 00:00:00+00:00,35410.4,35528.8,35361.5,35413.2,71718
2023-07-26 00:00:00+00:00,35409.4,35639.6,35311.8,35475.3,92266
2023-07-27 00:00:00+00:00,35470.1,35686.3,35214.2,35311.4,106310
2023-07-28 00:00:00+00:00,35301.7,35564.2,35239.3,35453.0,95132
2023-07-31 00:00:00+00:00,35467.0,35575.8,35375.5,35575.1,81338
2023-08-01 00:00:00+00:00,35569.9,35682.0,35440.8,35617.0,77838
2023-08-02 00:00:00+00:00,35530.5,35601.4,35222.0,35291.0,110284
2023-08-03 00:00:00+00:00,35276.4,35378.0,35115.5,35227.5,116474
2023-08-04 00:00:00+00:00,35204.6,35506.4,35028.8,35074.0,115253
2023-08-07 00:00:00+00:00,35088.5,35499.5,35087.0,35480.1,93409
2023-08-08 00:00:00+00:00,35480.9,35484.4,35003.8,35304.9,104216
2023-08-09 00:00:00+00:00,35293.2,35409.0,35055.2,35188.7,103568
2023-08-10 00:00:00+00:00,35184.4,35576.3,35109.0,35189.3,149177
2023-08-11 00:00:00+00:00,35184.4,35359.8,35043.8,35299.5,116918
2023-08-14 00:00:00+00:00,35319.5,35394.3,35164.3,35296.7,113409
2023-08-15 00:00:00+00:00,35283.5,35345.6,34904.4,34953.0,122562
2023-08-16 00:00:00+00:00,34946.8,35135.9,34748.1,34790.1,126996
2023-08-17 00:00:00+00:00,34769.4,34889.5,34438.0,34462.5,122430
2023-08-18 00:00:00+00:00,34450.1,34589.5,34262.2,34489.0,133914
2023-08-21 00:00:00+00:00,34495.0,34645.8,34246.3,34440.1,114772
2023-08-22 00:00:00+00:00,34441.9,34592.3,34252.8,34293.8,107991
2023-08-23 00:00:00+00:00,34287.5,34537.2,34287.5,34523.6,93472
2023-08-24 00:00:00+00:00,34499.0,34693.7,34063.1,34107.7,132189
2023-08-25 00:00:00+00:00,34104.1,34444.0,34023.6,34346.0,135681
2023-08-28 00:00:00+00:00,34388.5,34661.3,34370.5,34580.2,159940
2023-08-29 00:00:00+00:00,34575.9,34876.9,34494.3,34870.1,134835
2023-08-30 00:00:00+00:00,34827.9,35028.0,34785.6,34964.2,158485
2023-08-31 00:00:00+00:00,34961.4,35097.8,34717.7,34751.9,149674
2023-09-01 00:00:00+00:00,34747.4,34972.4,34717.3,34826.0,148908
2023-09-04 00:00:00+00:00,34836.5,34930.8,34752.8,34790.8,26222
2023-09-05 00:00:00+00:00,34791.5,34885.3,34632.0,34651.5,88875
2023-09-06 00:00:00+00:00,34644.3,34668.1,34287.9,34435.4,99800
2023-09-07 00:00:00+00:00,34429.1,34561.5,34330.2,34520.6,100014
2023-09-08 00:00:00+00:00,34506.9,34627.6,34410.5,34595.5,94490
2023-09-11 00:00:00+00:00,34580.0,34787.8,34553.5,34655.4,79549
2023-09-12 00:00:00+00:00,34652.8,34856.3,34536.1,34647.5,88338
2023-09-13 00:00:00+00:00,34640.9,34776.0,34506.4,34593.6,105756
2023-09-14 00:00:00+00:00,34584.1,34981.5,34564.4,34944.1,97710
2023-09-15 00:00:00+00:00,34938.4,35013.4,34571.0,34628.5,103454
2023-09-18 00:00:00+00:00,34642.9,34724.3,34539.4,34630.9,83897
2023-09-19 00:00:00+00:00,34636.5,34683.3,34310.4,34513.9,87748
2023-09-20 00:00:00+00:00,34516.6,34777.8,34425.9,34435.0,100145
2023-09-21 00:00:00+00:00,34441.1,34453.0,34029.2,34051.6,118977
2023-09-22 00:00:00+00:00,34061.7,34156.0,33944.8,33993.0,114429
2023-09-25 00:00:00+00:00,33999.0,34099.3,33779.7,34029.5,114451
2023-09-26 00:00:00+00:00,34029.8,34029.8,33567.6,33661.5,112356
2023-09-27 00:00:00+00:00,33668.1,33765.5,33304.0,33596.0,125829
2023-09-28 00:00:00+00:00,33606.6,33779.5,33465.0,33705.8,145347
2023-09-29 00:00:00+00:00,33710.9,33902.8,33403.3,33532.0,149769
2023-10-02 00:00:00+00:00,33666.5,33725.3,33219.6,33423.2,157263
2023-10-03 00:00:00+00:00,33418.4,33489.7,32912.7,32974.2,147631
2023-10-04 00:00:00+00:00,32978.4,33156.8,32818.6,33070.5,165222
2023-10-05 00:00:00+00:00,33061.4,33177.6,32938.8,33098.8,143283
2023-10-06 00:00:00+00:00,33098.1,33560.5,32843.1,33432.5,144047
2023-10-09 00:00:00+00:00,33217.5,33637.5,33107.3,33590.6,121454
2023-10-10 00:00:00+00:00,33592.8,33896.7,33577.3,33731.6,123263
2023-10-11 00:00:00+00:00,33728.9,33884.5,33609.4,33856.0,111778
2023-10-12 00:00:00+00:00,33851.8,33970.2,33452.8,33628.3,123639
2023-10-13 00:00:00+00:00,33624.0,33961.8,33548.6,33637.5,156368
2023-10-16 00:00:00+00:00,33693.5,34091.6,33666.5,34003.7,137749
2023-10-17 00:00:00+00:00,34010.3,34145.7,33809.9,33983.3,143817
2023-10-18 00:00:00+00:00,33976.6,33996.2,33597.3,33679.8,253204
2023-10-19 00:00:00+00:00,33676.8,33851.3,33359.5,33397.8,322329
2023-10-20 00:00:00+00:00,33380.6,33422.6,33085.5,33111.5,276734
2023-10-23 00:00:00+00:00,33175.0,33236.4,32884.8,32992.3,276514
2023-10-24 00:00:00+00:00,32999.0,33291.7,32925.4,33225.9,259971
2023-10-25 00:00:00+00:00,33202.4,33272.4,32985.0,33063.7,284657
2023-10-26 00:00:00+00:00,33057.5,33104.2,32738.3,32819.6,306407
2023-10-27 00:00:00+00:00,32827.8,32910.9,32324.2,32397.9,290130
2023-10-30 00:00:00+00:00,32465.7,33005.9,32432.4,32933.7,223590
2023-10-31 00:00:00+00:00,32931.9,33140.9,32786.7,33002.6,237382
2023-11-01 00:00:00+00:00,33003.3,33336.1,32907.4,33272.7,224059
2023-11-02 00:00:00+00:00,33273.9,33860.9,33259.7,33839.6,169179
2023-11-03 00:00:00+00:00,33831.4,34166.1,33814.5,34087.0,162100
2023-11-06 00:00:00+00:00,34113.0,34163.8,33988.5,34068.4,143630
2023-11-07 00:00:00+00:00,34069.1,34209.5,33972.8,34169.9,141566
2023-11-08 00:00:00+00:00,34169.2,34256.2,33994.5,34106.4,161438
2023-11-09 00:00:00+00:00,34084.1,34218.8,33858.3,33922.6,198912
2023-11-10 00:00:00+00:00,33917.8,34317.5,33854.1,34278.5,172597
2023-11-13 00:00:00+00:00,34250.5,34409.9,34148.0,34343.4,133194
2023-11-14 00:00:00+00:00,34339.7,34929.9,34287.0,34852.9,144195
2023-11-15 00:00:00+00:00,34856.2,35052.3,34837.9,34968.5,164115
2023-11-16 00:00:00+00:00,34940.3,35019.3,34810.1,34986.3,123251
2023-11-17 00:00:00+00:00,34985.0,35099.5,34880.2,34935.5,136689
2023-11-20 00:00:00+00:00,34926.5,35226.5,34889.8,35156.2,119810
2023-11-21 00:00:00+00:00,35145.5,35180.7,35037.2,35090.4,123346
2023-11-22 00:00:00+00:00,35084.7,35317.2,35061.8,35277.6,136411
2023-11-23 00:00:00+00:00,35263.3,35345.3,35238.8,35305.3,37490
2023-11-24 00:00:00+00:00,35315.0,35400.3,35284.3,35394.3,68696
2023-11-27 00:00:00+00:00,35370.0,35417.8,35279.2,35353.2,78278
2023-11-28 00:00:00+00:00,35348.4,35517.8,35290.0,35418.4,115581
2023-11-29 00:00:00+00:00,35385.2,35579.9,35385.2,35526.5,135980
2023-11-30 00:00:00+00:00,35510.3,35971.9,35492.5,35932.6,154780
2023-12-01 00:00:00+00:00,35916.5,36265.0,35897.3,36253.0,143510
2023-12-04 00:00:00+00:00,36248.0,36250.0,36025.8,36179.5,128770
2023-12-05 00:00:00+00:00,36177.3,36186.6,36006.3,36115.9,148133
2023-12-06 00:00:00+00:00,36113.8,36297.0,36021.3,36063.8,133965
2023-12-07 00:00:00+00:00,36048.8,36162.7,35976.3,36095.1,133716
2023-12-08 00:00:00+00:00,36096.4,36294.8,35959.9,36238.5,128221
2023-12-11 00:00:00+00:00,36251.0,36419.2,36203.3,36411.8,123506
2023-12-12 00:00:00+00:00,36414.1,36612.3,36365.2,36588.7,102032
2023-12-13 00:00:00+00:00,36585.3,37131.2,36527.9,37085.2,121743
2023-12-14 00:00:00+00:00,37086.3,37313.3,37045.8,37226.5,139051
2023-12-15 00:00:00+00:00,37221.5,37402.3,37141.0,37288.5,111952
2023-12-18 00:00:00+00:00,37292.0,37393.2,37272.4,37291.4,80798
2023-12-19 00:00:00+00:00,37284.2,37566.0,37266.7,37539.4,71521
2023-12-20 00:00:00+00:00,37539.7,37641.5,37021.0,37107.5,109787
2023-12-21 00:00:00+00:00,37098.4,37421.8,37098.4,37369.9,130262
2023-12-22 00:00:00+00:00,37337.1,37536.9,37249.5,37372.0,101872
2023-12-26 00:00:00+00:00,37359.0,37617.7,37354.5,37570.1,44342
2023-12-27 00:00:00+00:00,37570.9,37686.1,37481.5,37657.6,100019
2023-12-28 00:00:00+00:00,37660.8,37777.9,37603.3,37716.7,100738
2023-12-29 00:00:00+00:00,37718.9,37786.8,37535.9,37664.0,120763
2024-01-02 00:00:00+00:00,37674.5,37813.3,37459.3,37719.4,148164
2024-01-03 00:00:00+00:00,37721.1,37732.4,37396.6,37448.7,167654
2024-01-04 00:00:00+00:00,37442.6,37721.5,37428.6,37486.9,154270
2024-01-05 00:00:00+00:00,37483.7,37624.9,37244.2,37458.0,177450
2024-01-08 00:00:00+00:00,37420.0,37696.4,37213.3,37640.9,125708
2024-01-09 00:00:00+00:00,37636.8,37647.0,37359.8,37494.2,145155
2024-01-10 00:00:00+00:00,37498.0,37742.2,37456.0,37696.3,139012
2024-01-11 00:00:00+00:00,37679.3,37811.1,37420.9,37698.2,156723
2024-01-12 00:00:00+00:00,37694.5,37821.6,37445.7,37552.5,200388
2024-01-15 00:00:00+00:00,37555.5,37625.8,37491.3,37569.8,61383
2024-01-16 00:00:00+00:00,37565.5,37565.5,37199.1,37343.6,196892
2024-01-17 00:00:00+00:00,37352.8,37371.8,37130.3,37265.1,71325
2024-01-18 00:00:00+00:00,37243.5,37522.4,37120.8,37465.5,223234
2024-01-19 00:00:00+00:00,37456.2,37947.3,37402.9,37880.0,222321
2024-01-22 00:00:00+00:00,37903.0,38109.7,37870.3,37992.7,174344
2024-01-23 00:00:00+00:00,37998.9,38020.6,37799.0,37923.3,152553
2024-01-24 00:00:00+00:00,37923.5,38078.8,37769.9,37871.4,204818
2024-01-25 00:00:00+00:00,37903.5,38060.7,37753.8,37998.2,225911
2024-01-26 00:00:00+00:00,37998.9,38218.2,37896.0,38100.0,202743
2024-01-29 00:00:00+00:00,38031.5,38347.1,38004.0,38283.2,130179
2024-01-30 00:00:00+00:00,38281.0,38498.4,38237.8,38456.3,150434
2024-01-31 00:00:00+00:00,38444.7,38580.8,38120.4,38161.4,302155
2024-02-01 00:00:00+00:00,38167.3,38547.6,38103.4,38509.4,231551
2024-02-02 00:00:00+00:00,38480.9,38783.2,38325.4,38661.8,255530
2024-02-05 00:00:00+00:00,38656.8,38691.8,38210.8,38354.8,181839
2024-02-06 00:00:00+00:00,38358.2,38544.5,38276.3,38485.9,212146
2024-02-07 00:00:00+00:00,38492.2,38749.0,38455.5,38687.4,192659
2024-02-08 00:00:00+00:00,38695.0,38750.3,38540.6,38708.1,130956
2024-02-09 00:00:00+00:00,38700.8,38891.5,38563.9,38645.0,131543
2024-02-12 00:00:00+00:00,38631.0,38929.3,38597.8,38785.1,135074
2024-02-13 00:00:00+00:00,38775.4,38820.0,38037.1,38263.2,257021
2024-02-14 00:00:00+00:00,38270.0,38458.9,38191.4,38435.1,216010
2024-02-15 00:00:00+00:00,38416.5,38784.3,38370.5,38776.9,181177
2024-02-16 00:00:00+00:00,38760.2,38827.8,38570.7,38595.5,207584
2024-02-19 00:00:00+00:00,38621.5,38666.8,38597.8,38634.8,44740
2024-02-20 00:00:00+00:00,38627.5,38661.7,38448.3,38595.1,244122
2024-02-21 00:00:00+00:00,38575.5,38677.8,38334.4,38562.5,233591
2024-02-22 00:00:00+00:00,38592.1,39152.9,38576.6,39037.7,217090
2024-02-23 00:00:00+00:00,39038.9,39285.2,39024.5,39115.2,189761
2024-02-26 00:00:00+00:00,39113.2,39245.8,39027.6,39051.5,152952
2024-02-27 00:00:00+00:00,39061.8,39112.8,38876.5,38957.9,152827
2024-02-28 00:00:00+00:00,38932.1,38955.0,38739.0,38834.9,135800
2024-02-29 00:00:00+00:00,38857.5,39076.8,38790.3,38966.5,207598
2024-03-01 00:00:00+00:00,38951.9,39122.7,38846.4,39047.3,187246
2024-03-04 00:00:00+00:00,39069.8,39090.2,38860.3,38956.3,125846
2024-03-05 00:00:00+00:00,38949.6,38962.7,38453.2,38601.1,212155
2024-03-06 00:00:00+00:00,38577.1,38861.3,38544.5,38671.3,298631
2024-03-07 00:00:00+00:00,38685.5,38913.4,38519.8,38793.2,209632
2024-03-08 00:00:00+00:00,38775.7,38969.6,38594.6,38756.0,364890
2024-03-11 00:00:00+00:00,38754.0,38797.4,38478.7,38785.2,317386
2024-03-12 00:00:00+00:00,38788.1,39073.8,38640.2,38990.4,256039
2024-03-13 00:00:00+00:00,38983.4,39204.0,38932.4,39075.7,182573
2024-03-14 00:00:00+00:00,39085.9,39229.2,38701.7,38912.9,291240
2024-03-15 00:00:00+00:00,38911.2,38990.6,38616.8,38726.0,256547
2024-03-18 00:00:00+00:00,38686.0,38901.0,38656.8,38786.0,172866
2024-03-19 00:00:00+00:00,38807.9,39121.7,38684.4,39099.9,185033
2024-03-20 00:00:00+00:00,39102.6,39546.8,38999.1,39529.3,224713
2024-03-21 00:00:00+00:00,39545.9,39894.9,39518.9,39836.5,174033
2024-03-22 00:00:00+00:00,39797.2,39850.3,39422.5,39425.0,142127
2024-03-25 00:00:00+00:00,39448.7,39459.3,39294.1,39322.4,113564
2024-03-26 00:00:00+00:00,39321.6,39441.0,39276.1,39360.6,113586
2024-03-27 00:00:00+00:00,39392.7,39796.7,39372.2,39762.4,140937
2024-03-28 00:00:00+00:00,39757.8,39866.9,39704.0,39765.2,125617
2024-04-01 00:00:00+00:00,39866.7,39986.2,39368.2,39437.0,135750
2024-04-02 00:00:00+00:00,39434.8,39473.3,39048.8,39179.3,175162
2024-04-03 00:00:00+00:00,39182.4,39308.2,39010.3,39156.0,181519
2024-04-04 00:00:00+00:00,39164.5,39426.8,38558.8,38603.1,256640
2024-04-05 00:00:00+00:00,38601.4,39052.1,38547.3,38920.0,355169
2024-04-08 00:00:00+00:00,39011.0,39016.5,38798.3,38920.8,217777
2024-04-09 00:00:00+00:00,38924.1,38993.8,38564.8,38911.7,278260
2024-04-10 00:00:00+00:00,38907.4,39031.8,38299.5,38434.2,392561
2024-04-11 00:00:00+00:00,38434.7,38601.0,38194.5,38477.1,325915
2024-04-12 00:00:00+00:00,38476.4,38569.8,37872.2,37985.0,267339
2024-04-15 00:00:00+00:00,38004.0,38376.7,37657.0,37728.8,405189
2024-04-16 00:00:00+00:00,37730.1,38032.8,37585.5,37831.9,412979
2024-04-17 00:00:00+00:00,37834.7,38014.2,37607.4,37742.1,420880
2024-04-18 00:00:00+00:00,37747.8,38084.7,37675.0,37774.9,352405
2024-04-19 00:00:00+00:00,37772.1,38108.9,37236.6,37977.5,509491
2024-04-22 00:00:00+00:00,38058.5,38452.6,37984.5,38262.2,270395
2024-04-23 00:00:00+00:00,38259.5,38561.0,38202.9,38522.9,243306
2024-04-24 00:00:00+00:00,38507.9,38575.1,38305.5,38387.0,286277
2024-04-25 00:00:00+00:00,38375.0,38434.0,37748.8,38149.4,309690
2024-04-26 00:00:00+00:00,38171.0,38338.0,38052.8,38250.0,241689
2024-04-29 00:00:00+00:00,38294.4,38405.3,38207.5,38372.7,166444
2024-04-30 00:00:00+00:00,38385.9,38389.0,37752.1,37795.9,230403
2024-05-01 00:00:00+00:00,37809.1,38354.8,37701.2,37960.3,300190
2024-05-02 00:00:00+00:00,37976.5,38480.8,37892.2,38470.4,269186
2024-05-03 00:00:00+00:00,38483.0,38803.7,38432.3,38714.5,222448
2024-05-06 00:00:00+00:00,38736.5,38880.3,38685.9,38839.3,92620
2024-05-07 00:00:00+00:00,38838.6,38979.7,38825.7,38862.8,108782
2024-05-08 00:00:00+00:00,38868.1,39095.7,38798.3,39057.1,125442
2024-05-09 00:00:00+00:00,39066.0,39446.5,38948.3,39421.8,143938
2024-05-10 00:00:00+00:00,39417.0,39581.3,39398.1,39494.8,143964
2024-05-13 00:00:00+00:00,39464.0,39654.8,39399.3,39429.1,119302
2024-05-14 00:00:00+00:00,39413.5,39616.5,39290.3,39563.6,175786
2024-05-15 00:00:00+00:00,39547.3,39937.3,39532.9,39901.8,133550
2024-05-16 00:00:00+00:00,39884.0,40052.5,39838.2,39851.7,143574
2024-05-17 00:00:00+00:00,39857.5,40012.8,39819.1,39998.0,119631
2024-05-20 00:00:00+00:00,40021.0,40077.0,39779.9,39803.5,106103
2024-05-21 00:00:00+00:00,39802.8,39906.5,39777.2,39867.7,96678
2024-05-22 00:00:00+00:00,39865.5,39904.9,39553.1,39608.1,149676
2024-05-23 00:00:00+00:00,39625.4,39783.2,39023.6,39050.7,277960
2024-05-24 00:00:00+00:00,39053.4,39223.1,39015.1,39056.0,142821
2024-05-27 00:00:00+00:00,39064.0,39124.3,39001.5,39123.3,21881
2024-05-28 00:00:00+00:00,39126.0,39140.0,38698.1,38829.6,194326
2024-05-29 00:00:00+00:00,38829.5,38829.5,38144.4,38166.8,162023
2024-05-30 00:00:00+00:00,38168.0,38203.8,38006.8,38088.1,192361
2024-05-31 00:00:00+00:00,38123.0,38769.4,38029.3,38730.6,275120
2024-06-03 00:00:00+00:00,38742.5,38816.5,38242.3,38562.6,282599
2024-06-04 00:00:00+00:00,38569.9,38787.3,38337.0,38714.9,211763
2024-06-05 00:00:00+00:00,38724.6,38850.0,38545.6,38787.9,189311
2024-06-06 00:00:00+00:00,38786.7,39010.4,38729.1,38880.8,189369
2024-06-07 00:00:00+00:00,38888.5,39113.3,38648.3,38789.5,262049
2024-06-10 00:00:00+00:00,38772.0,38882.4,38658.8,38841.8,180814
2024-06-11 00:00:00+00:00,38837.1,38874.7,38433.9,38724.7,231960
2024-06-12 00:00:00+00:00,38721.0,39150.7,38615.5,38702.6,338589
2024-06-13 00:00:00+00:00,38700.9,38731.6,38403.0,38611.2,234932
2024-06-14 00:00:00+00:00,38616.5,38653.3,38284.3,38553.5,281164
2024-06-17 00:00:00+00:00,38570.5,38842.2,38423.3,38796.7,252518
2024-06-18 00:00:00+00:00,38803.7,38943.8,38726.0,38831.6,217435
2024-06-19 00:00:00+00:00,38818.2,38852.8,38758.8,38775.3,28211
2024-06-20 00:00:00+00:00,38780.5,39238.3,38745.5,39116.1,238434
2024-06-21 00:00:00+00:00,39142.5,39260.8,39052.8,39164.0,230109
2024-06-24 00:00:00+00:00,39173.0,39574.9,39044.0,39430.9,218022
2024-06-25 00:00:00+00:00,39427.7,39506.5,38993.0,39091.1,208411
2024-06-26 00:00:00+00:00,39070.2,39184.7,38912.4,39082.1,186401
2024-06-27 00:00:00+00:00,39075.0,39252.8,38994.7,39136.6,213758
2024-06-28 00:00:00+00:00,39133.0,39445.1,38931.4,39179.0,248362
2024-07-01 00:00:00+00:00,39141.5,39449.3,39035.8,39142.7,248360
2024-07-02 00:00:00+00:00,39150.8,39339.8,38993.8,39299.2,185417
2024-07-03 00:00:00+00:00,39305.8,39420.8,39225.8,39295.3,144228
2024-07-04 00:00:00+00:00,39309.0,39439.3,39281.8,39334.3,23376
2024-07-05 00:00:00+00:00,39336.3,39397.6,39161.5,39345.0,181159
2024-07-08 00:00:00+00:00,39312.5,39678.8,39269.8,39350.7,181372
2024-07-09 00:00:00+00:00,39343.6,39500.3,39139.9,39292.9,184513
2024-07-10 00:00:00+00:00,39275.4,39735.7,39250.8,39686.2,203895
2024-07-11 00:00:00+00:00,39678.1,39871.5,39622.0,39783.9,331584
2024-07-12 00:00:00+00:00,39804.5,40257.1,39718.1,40015.5,249485
2024-07-15 00:00:00+00:00,40043.5,40353.6,40028.5,40244.9,288962
2024-07-16 00:00:00+00:00,40246.2,40989.0,40160.0,40949.6,270917
2024-07-17 00:00:00+00:00,40950.8,41241.9,40790.7,41241.4,369161
2024-07-18 00:00:00+00:00,41234.8,41380.0,40592.8,40683.7,460978
2024-07-19 00:00:00+00:00,40686.0,40719.5,40200.7,40261.0,434158
2024-07-22 00:00:00+00:00,40307.5,40480.3,40218.8,40411.1,375699
2024-07-23 00:00:00+00:00,40421.7,40529.2,40300.8,40332.2,244921
2024-07-24 00:00:00+00:00,40306.8,40306.8,39804.9,39943.6,324716
2024-07-25 00:00:00+00:00,39961.7,40436.7,39813.8,39991.3,349862
2024-07-26 00:00:00+00:00,40025.2,40759.6,39996.7,40635.0,322699
2024-07-29 00:00:00+00:00,40651.5,40821.8,40389.9,40542.6,403246
2024-07-30 00:00:00+00:00,40545.9,40870.3,40422.0,40549.8,483383
2024-07-31 00:00:00+00:00,40559.5,41203.7,40530.3,40859.2,364889
2024-08-01 00:00:00+00:00,40877.9,41089.2,40094.2,40236.3,602330
2024-08-02 00:00:00+00:00,40252.5,40275.0,39356.4,39649.5,503887
2024-08-05 00:00:00+00:00,39498.5,39585.0,38389.3,38860.5,556583
2024-08-06 00:00:00+00:00,38877.2,39453.5,38627.8,38901.3,435923
2024-08-07 00:00:00+00:00,38903.6,39483.5,38618.3,38645.9,368243
2024-08-08 00:00:00+00:00,38694.8,39517.5,38558.2,39481.4,473154
2024-08-09 00:00:00+00:00,39475.7,39636.3,39226.3,39476.5,398835
2024-08-12 00:00:00+00:00,39506.5,39609.3,39242.3,39358.4,353186
2024-08-13 00:00:00+00:00,39356.7,39796.8,39225.8,39743.9,281798
2024-08-14 00:00:00+00:00,39746.6,40073.5,39673.4,40053.0,328515
2024-08-15 00:00:00+00:00,40045.3,40598.1,39992.3,40581.0,246109
2024-08-16 00:00:00+00:00,40565.5,40728.7,40416.3,40683.1,240072
2024-08-19 00:00:00+00:00,40685.7,40913.8,40608.8,40853.1,191832
2024-08-20 00:00:00+00:00,40865.3,40955.8,40753.6,40843.9,206047
2024-08-21 00:00:00+00:00,40853.2,40981.8,40737.5,40889.3,273115
2024-08-22 00:00:00+00:00,40894.6,41037.1,40577.1,40731.2,337229
2024-08-23 00:00:00+00:00,40746.0,41210.0,40745.0,41175.4,378931
2024-08-26 00:00:00+00:00,41179.0,41424.9,41134.0,41204.7,279339
2024-08-27 00:00:00+00:00,41199.6,41291.3,41085.0,41251.5,260406
2024-08-28 00:00:00+00:00,41256.7,41358.7,40835.7,41169.3,295176
2024-08-29 00:00:00+00:00,41171.6,41585.1,41054.4,41384.6,349983
2024-08-30 00:00:00+00:00,41376.4,41585.0,41141.2,41548.5,286052
2024-09-02 00:00:00+00:00,41542.5,41559.3,41416.3,41534.8,34523
2024-09-03 00:00:00+00:00,41519.0,41537.0,40777.4,40942.2,365972
2024-09-04 00:00:00+00:00,40933.0,41173.0,40763.7,40944.4,306919
2024-09-05 00:00:00+00:00,40933.7,41088.6,40513.9,40789.6,341584
2024-09-06 00:00:00+00:00,40814.7,41013.5,40240.6,40243.1,338444
2024-09-09 00:00:00+00:00,40283.6,41003.9,40272.1,40832.2,152127
2024-09-10 00:00:00+00:00,40838.6,40933.1,40409.0,40741.7,148452
2024-09-11 00:00:00+00:00,40742.7,40903.9,39988.3,40829.6,182240
2024-09-12 00:00:00+00:00,40848.1,41114.1,40657.6,41073.1,138504
2024-09-13 00:00:00+00:00,41099.8,41543.0,41088.4,41394.7,150658
2024-09-16 00:00:00+00:00,41371.5,41743.2,41357.7,41594.2,123079
2024-09-17 00:00:00+00:00,41614.6,41836.1,41458.4,41620.2,153334
2024-09-18 00:00:00+00:00,41623.9,41998.4,41441.3,41558.2,132770
2024-09-19 00:00:00+00:00,41573.4,42169.3,41559.9,42052.5,167519
2024-09-20 00:00:00+00:00,42052.0,42146.8,41859.2,42008.1,131538
2024-09-23 00:00:00+00:00,42053.6,42170.8,41931.3,42114.5,116962
2024-09-24 00:00:00+00:00,42106.5,42288.2,42038.4,42186.3,110717
2024-09-25 00:00:00+00:00,42168.6,42307.8,41837.6,41891.0,113029
2024-09-26 00:00:00+00:00,41904.8,42223.6,41866.7,42170.8,112677
2024-09-27 00:00:00+00:00,42181.1,42636.5,42132.8,42292.6,118030
2024-09-30 00:00:00+00:00,42279.5,42358.4,41912.8,42264.9,124871
2024-10-01 00:00:00+00:00,42279.4,42341.2,41936.0,42124.2,149732
2024-10-02 00:00:00+00:00,42137.8,42279.4,41982.9,42235.3,128705
2024-10-03 00:00:00+00:00,42243.1,42268.6,41837.8,41979.9,139995
2024-10-04 00:00:00+00:00,41969.6,42354.5,41948.4,42337.8,129313
2024-10-07 00:00:00+00:00,42361.5,42396.9,41820.5,41960.0,131343
2024-10-08 00:00:00+00:00,41972.6,42130.8,41800.1,42067.6,105407
2024-10-09 00:00:00+00:00,42081.1,42573.8,41964.6,42507.9,105576
2024-10-10 00:00:00+00:00,42509.6,42554.5,42300.3,42465.6,110901
2024-10-11 00:00:00+00:00,42472.1,42911.3,42398.3,42864.1,93985
2024-10-14 00:00:00+00:00,42846.1,43148.6,42718.3,43144.8,79959
2024-10-15 00:00:00+00:00,43128.6,43174.9,42697.5,42727.5,115688
2024-10-16 00:00:00+00:00,42751.0,43107.0,42674.5,43074.6,95617
2024-10-17 00:00:00+00:00,43072.7,43293.4,42997.4,43233.0,109347
2024-10-18 00:00:00+00:00,43239.0,43332.2,43038.2,43280.1,89195
2024-10-21 00:00:00+00:00,43296.3,43322.8,42869.1,42941.0,185605
2024-10-22 00:00:00+00:00,42942.0,43049.7,42711.7,42743.7,108553
2024-10-23 00:00:00+00:00,42792.4,42835.8,42288.7,42457.2,115039
2024-10-24 00:00:00+00:00,42452.5,42528.4,42192.4,42398.2,111013
2024-10-25 00:00:00+00:00,42384.7,42609.1,42045.3,42090.6,113386
2024-10-28 00:00:00+00:00,42236.0,42487.8,42194.5,42425.0,121994
2024-10-29 00:00:00+00:00,42436.6,42499.7,42168.7,42306.9,117916
2024-10-30 00:00:00+00:00,42323.6,42468.7,42102.3,42155.7,130850
2024-10-31 00:00:00+00:00,42142.3,42169.6,41698.6,41774.4,153445
2024-11-01 00:00:00+00:00,41786.6,42343.8,41741.6,42069.1,137275
2024-11-04 00:00:00+00:00,41939.1,42133.1,41648.1,41839.4,144323
2024-11-05 00:00:00+00:00,41860.5,42320.5,41778.0,42314.2,130725
2024-11-06 00:00:00+00:00,42304.7,43825.9,42280.7,43822.1,176279
2024-11-07 00:00:00+00:00,43820.4,43883.3,43670.8,43789.8,126692
2024-11-08 00:00:00+00:00,43805.5,44162.8,43719.2,44013.1,114310
2024-11-11 00:00:00+00:00,44035.1,44496.2,44006.1,44279.5,113807
2024-11-12 00:00:00+00:00,44261.9,44412.5,43893.4,43931.8,163527
2024-11-13 00:00:00+00:00,43934.6,44143.7,43746.4,43992.8,219732
2024-11-14 00:00:00+00:00,43987.1,44111.3,43671.5,43742.2,231356
2024-11-15 00:00:00+00:00,43762.8,43766.3,43347.9,43466.0,256872
2024-11-18 00:00:00+00:00,43385.5,43506.4,43248.0,43372.2,169976
2024-11-19 00:00:00+00:00,43372.0,43474.2,42849.4,43260.0,247616
2024-11-20 00:00:00+00:00,43267.3,43466.0,43062.4,43451.6,232837
2024-11-21 00:00:00+00:00,43442.3,44022.0,43262.4,43865.2,269178
2024-11-22 00:00:00+00:00,43852.4,44322.4,43710.8,44313.0,184167
2024-11-25 00:00:00+00:00,44483.0,44807.3,44474.0,44758.3,218771
2024-11-26 00:00:00+00:00,44748.5,44898.7,44426.3,44875.4,206644
2024-11-27 00:00:00+00:00,44858.9,45017.3,44684.3,44737.0,152188
2024-11-28 00:00:00+00:00,44724.0,44868.3,44714.8,44846.3,28367
2024-11-29 00:00:00+00:00,44852.2,45072.5,44761.0,44952.3,109419
2024-12-02 00:00:00+00:00,44926.5,45010.3,44704.0,44759.2,134440
2024-12-03 00:00:00+00:00,44766.0,44876.9,44576.1,44768.5,116201
2024-12-04 00:00:00+00:00,44808.7,45072.3,44763.4,44998.3,142441
2024-12-05 00:00:00+00:00,44998.0,45057.6,44717.3,44768.9,153060
2024-12-06 00:00:00+00:00,44788.6,44908.9,44593.8,44618.5,123773
2024-12-09 00:00:00+00:00,44615.0,44728.8,44377.4,44390.7,157648
2024-12-10 00:00:00+00:00,44399.0,44472.8,44189.2,44280.7,137129
2024-12-11 00:00:00+00:00,44294.0,44366.1,44105.8,44106.3,133876
2024-12-12 00:00:00+00:00,44118.2,44208.1,43885.3,43924.1,164468
2024-12-13 00:00:00+00:00,43940.0,44051.3,43769.9,43770.9,182884
2024-12-16 00:00:00+00:00,43813.5,43961.1,43676.4,43691.8,151412
2024-12-17 00:00:00+00:00,43685.3,43728.8,43325.9,43429.3,187424
2024-12-18 00:00:00+00:00,43436.0,43691.4,42172.4,42357.4,355854
2024-12-19 00:00:00+00:00,42401.5,42774.2,42331.3,42390.6,462086
2024-12-20 00:00:00+00:00,42423.5,43217.8,42057.8,42796.0,403147
2024-12-23 00:00:00+00:00,42960.5,43021.5,42503.3,42906.5,270477
2024-12-24 00:00:00+00:00,42915.2,43271.0,42825.1,43249.5,106222
2024-12-26 00:00:00+00:00,43260.8,43380.8,43036.5,43313.8,141216
2024-12-27 00:00:00+00:00,43317.0,43354.0,42754.0,43005.5,294810
2024-12-30 00:00:00+00:00,43034.5,43038.0,42256.3,42584.5,333497
2024-12-31 00:00:00+00:00,42586.7,42780.8,42414.7,42553.5,284876
2025-01-02 00:00:00+00:00,42617.5,42937.3,42175.3,42414.3,417118
2025-01-03 00:00:00+00:00,42418.5,42780.9,42357.0,42704.0,185766
2025-01-06 00:00:00+00:00,42710.0,43115.7,42607.6,42749.6,288541
2025-01-07 00:00:00+00:00,42744.9,42934.5,42384.4,42507.2,363211
2025-01-08 00:00:00+00:00,42518.3,42668.0,42324.6,42616.8,335294
2025-01-09 00:00:00+00:00,42615.5,42644.8,42465.4,42572.3,47492
2025-01-10 00:00:00+00:00,42575.0,42660.3,41853.8,41987.8,420241
2025-01-13 00:00:00+00:00,41951.8,42328.8,41734.0,42322.5,370592
2025-01-14 00:00:00+00:00,42347.1,42590.1,42151.2,42579.2,347124
2025-01-15 00:00:00+00:00,42594.9,43324.5,42520.4,43234.4,243468
2025-01-16 00:00:00+00:00,43219.9,43327.7,43045.1,43105.5,291650
2025-01-17 00:00:00+00:00,43136.5,43656.4,43108.0,43459.0,216024
2025-01-20 00:00:00+00:00,43488.0,43801.8,43416.0,43656.8,78776
2025-01-21 00:00:00+00:00,43642.5,44053.5,43286.5,44030.3,226398
2025-01-22 00:00:00+00:00,44016.7,44208.8,43976.6,44146.0,131501
2025-01-23 00:00:00+00:00,44157.7,44549.5,44106.6,44523.3,137209
2025-01-24 00:00:00+00:00,44531.5,44574.0,44332.0,44370.0,153384
2025-01-27 00:00:00+00:00,44287.5,44741.7,43817.3,44702.0,412236
2025-01-28 00:00:00+00:00,44708.2,44980.0,44556.6,44825.6,230369
2025-01-29 00:00:00+00:00,44827.4,44967.8,44577.4,44774.5,278475
2025-01-30 00:00:00+00:00,44730.0,45013.5,44611.4,44888.6,235239
2025-01-31 00:00:00+00:00,44952.0,45067.8,44503.6,44543.0,303897
2025-02-03 00:00:00+00:00,44041.5,44670.6,43809.5,44604.1,357663
2025-02-04 00:00:00+00:00,44686.6,44686.6,44210.1,44527.3,195450
2025-02-05 00:00:00+00:00,44528.6,44921.6,44335.8,44913.4,152273
2025-02-06 00:00:00+00:00,44908.2,45050.9,44533.4,44669.4,140831
2025-02-07 00:00:00+00:00,44668.2,44850.8,44277.9,44321.0,340974
2025-02-10 00:00:00+00:00,44216.0,44616.8,44187.5,44474.3,153845
2025-02-11 00:00:00+00:00,44454.5,44639.7,44286.3,44595.0,166428
2025-02-12 00:00:00+00:00,44591.8,44626.5,44091.8,44401.9,273333
2025-02-13 00:00:00+00:00,44424.9,44770.2,44262.6,44719.2,240834
2025-02-14 00:00:00+00:00,44710.0,44765.0,44490.9,44527.0,142046
2025-02-17 00:00:00+00:00,44566.0,44665.3,44499.0,44650.3,21195
2025-02-18 00:00:00+00:00,44637.0,44659.3,44313.6,44545.1,168047
2025-02-19 00:00:00+00:00,44541.5,44632.3,44309.6,44569.8,153349
2025-02-20 00:00:00+00:00,44564.0,44594.0,43945.5,44162.0,217006
2025-02-21 00:00:00+00:00,44139.0,44255.8,43347.8,43425.0,386495
2025-02-24 00:00:00+00:00,43464.0,43763.3,43347.8,43491.7,335825
2025-02-25 00:00:00+00:00,43511.5,43768.2,43274.3,43670.0,452168
2025-02-26 00:00:00+00:00,43664.5,43866.8,43262.6,43434.7,397152
2025-02-27 00:00:00+00:00,43392.4,43892.3,43219.3,43255.5,530097
2025-02-28 00:00:00+00:00,43277.0,43866.8,43090.3,43785.0,528927
2025-03-03 00:00:00+00:00,43809.0,44046.8,42916.9,43253.6,591938
2025-03-04 00:00:00+00:00,43287.5,43297.0,42349.8,42760.4,710107
2025-03-05 00:00:00+00:00,42777.5,43134.3,42410.1,42984.9,693761
2025-03-06 00:00:00+00:00,42994.8,43036.8,42375.4,42608.3,617364
2025-03-07 00:00:00+00:00,42609.0,42900.8,42168.0,42787.0,729743
2025-03-10 00:00:00+00:00,42547.5,42657.0,41609.7,41948.8,715169
2025-03-11 00:00:00+00:00,41952.5,42081.8,41175.3,41430.7,861936
2025-03-12 00:00:00+00:00,41457.5,41985.8,41001.7,41317.5,585499
2025-03-13 00:00:00+00:00,41292.5,41447.5,40655.7,40856.5,606927
2025-03-14 00:00:00+00:00,40886.0,41525.5,40875.0,41401.0,485165
2025-03-17 00:00:00+00:00,41408.5,42014.6,41223.8,41845.6,429601
2025-03-18 00:00:00+00:00,41849.2,41893.7,41411.9,41582.0,410084
2025-03-19 00:00:00+00:00,41580.5,42186.0,41508.8,41973.6,341042
2025-03-20 00:00:00+00:00,41972.5,42249.0,41678.8,41974.9,384485
2025-03-21 00:00:00+00:00,41954.8,42011.8,41419.0,41990.0,369095
2025-03-24 00:00:00+00:00,42165.5,42638.4,42140.5,42559.0,196713
2025-03-25 00:00:00+00:00,42571.6,42698.9,42447.7,42606.3,185906
2025-03-26 00:00:00+00:00,42586.0,42831.3,42325.7,42416.7,288077
2025-03-27 00:00:00+00:00,42334.4,42568.6,42156.1,42309.4,394724
2025-03-28 00:00:00+00:00,42308.5,42370.5,41462.0,41463.0,375097
2025-03-31 00:00:00+00:00,41293.0,42147.4,41152.8,41946.0,478956
2025-04-01 00:00:00+00:00,41960.5,42145.3,41508.3,41955.1,573798
2025-04-02 00:00:00+00:00,41956.0,42562.8,41608.8,41763.5,582812
2025-04-03 00:00:00+00:00,41605.4,41605.4,40407.3,40433.2,783386
2025-04-04 00:00:00+00:00,40447.8,40498.8,38089.0,38140.0,1128056
2025-04-07 00:00:00+00:00,36986.5,39213.8,36495.0,38236.3,681582
2025-04-08 00:00:00+00:00,38292.0,39438.9,37101.2,37542.2,476291
2025-04-09 00:00:00+00:00,37565.7,40804.2,36690.7,40776.9,476479
2025-04-10 00:00:00+00:00,40723.9,40921.9,38416.8,39573.2,530546
2025-04-11 00:00:00+00:00,39567.0,40411.3,39008.5,40258.6,479943
2025-04-14 00:00:00+00:00,40570.5,40783.2,39819.6,40469.4,336478
2025-04-15 00:00:00+00:00,40462.7,40803.4,40319.2,40341.8,333001
2025-04-16 00:00:00+00:00,40314.3,40521.1,39393.1,39633.2,374697
2025-04-17 00:00:00+00:00,39711.1,40123.8,38959.3,39234.0,395182
2025-04-21 00:00:00+00:00,39032.2,39045.2,37816.9,38118.6,258176
2025-04-22 00:00:00+00:00,38143.4,39278.3,38067.9,39194.0,315568
2025-04-23 00:00:00+00:00,39905.9,40377.3,39481.2,39600.6,355755
2025-04-24 00:00:00+00:00,39614.9,40232.2,39237.5,40079.1,274352
2025-04-25 00:00:00+00:00,40147.8,40214.9,39715.1,40120.8,291894
2025-04-28 00:00:00+00:00,40048.0,40421.0,39871.2,40196.3,240528
2025-04-29 00:00:00+00:00,40186.5,40630.2,40151.0,40585.0,251647
2025-04-30 00:00:00+00:00,40573.9,40798.5,39731.6,40705.1,293050
2025-05-01 00:00:00+00:00,40695.3,41097.4,40607.2,40684.1,255567
2025-05-02 00:00:00+00:00,40709.3,41388.5,40657.3,41321.2,262264
2025-05-05 00:00:00+00:00,41233.0,41449.1,40996.6,41220.7,196835
2025-05-06 00:00:00+00:00,41223.4,41250.9,40666.7,40735.1,220636
2025-05-07 00:00:00+00:00,40710.9,41282.5,40710.9,41083.6,280556
2025-05-08 00:00:00+00:00,41066.4,41775.9,41022.9,41354.6,244874
2025-05-09 00:00:00+00:00,41391.4,41524.9,41143.3,41248.1,231394
2025-05-12 00:00:00+00:00,41725.4,42469.1,41593.7,42432.9,258313
2025-05-13 00:00:00+00:00,42439.3,42444.9,42110.4,42148.3,202338
2025-05-14 00:00:00+00:00,42162.6,42257.8,41942.8,42014.0,207893
2025-05-15 00:00:00+00:00,42015.6,42364.6,41757.3,42339.6,242402
2025-05-16 00:00:00+00:00,42340.5,42664.1,42230.3,42618.8,208955
2025-05-19 00:00:00+00:00,42359.3,42841.2,42235.3,42794.9,269823
2025-05-20 00:00:00+00:00,42796.3,42882.3,42479.5,42648.6,245343
2025-05-21 00:00:00+00:00,42641.5,42654.0,41763.9,41791.2,451199
2025-05-22 00:00:00+00:00,41790.0,42090.9,41611.8,41916.0,385044
2025-05-23 00:00:00+00:00,41937.4,41959.9,41166.7,41570.5,475691
2025-05-26 00:00:00+00:00,41590.5,42102.8,41587.5,42062.3,64753
2025-05-27 00:00:00+00:00,42050.0,42400.9,41875.8,42396.9,213096
2025-05-28 00:00:00+00:00,42398.0,42447.3,42040.0,42129.4,242994
2025-05-29 00:00:00+00:00,42108.0,42717.0,41819.0,42178.8,429506
2025-05-30 00:00:00+00:00,42168.0,42377.9,41898.2,42213.5,413502
2025-06-02 00:00:00+00:00,42120.0,42347.7,41836.3,42311.0,309032
2025-06-03 00:00:00+00:00,42312.0,42571.7,42050.8,42524.9,213078
2025-06-04 00:00:00+00:00,42528.5,42652.3,42404.0,42413.6,218863
2025-06-05 00:00:00+00:00,42404.0,42670.8,42204.0,42338.5,395572
2025-06-06 00:00:00+00:00,42296.0,42930.8,42295.5,42776.5,275056
2025-06-09 00:00:00+00:00,42812.5,42897.5,42562.1,42769.7,169150
2025-06-10 00:00:00+00:00,42768.0,42927.5,42636.8,42838.9,221549
2025-06-11 00:00:00+00:00,42842.0,43147.8,42718.8,42858.1,336641
2025-06-12 00:00:00+00:00,42838.5,42971.2,42558.8,42914.5,246950
2025-06-13 00:00:00+00:00,42948.5,42948.5,42075.6,42197.4,575704
2025-06-16 00:00:00+00:00,42009.0,42713.6,41974.0,42524.9,259900
2025-06-17 00:00:00+00:00,42542.0,42561.0,42127.0,42212.7,321702
2025-06-18 00:00:00+00:00,42177.0,42515.1,42074.5,42179.7,305273
2025-06-19 00:00:00+00:00,42193.0,42193.0,41751.6,41780.6,91227
2025-06-20 00:00:00+00:00,41822.0,42432.1,41818.5,42231.3,326748
2025-06-23 00:00:00+00:00,41921.5,42611.3,41911.0,42591.6,333184
2025-06-24 00:00:00+00:00,42579.0,43183.3,42576.5,43075.5,205356
2025-06-25 00:00:00+00:00,43079.5,43141.8,42857.1,42977.4,159196
2025-06-26 00:00:00+00:00,42982.0,43434.0,42966.0,43401.7,140473
2025-06-27 00:00:00+00:00,43443.5,43966.2,43424.5,43773.5,204199
2025-06-30 00:00:00+00:00,43927.0,44137.2,43878.7,44041.1,173258
2025-07-01 00:00:00+00:00,44047.0,44604.5,43987.8,44518.3,226932
2025-07-02 00:00:00+00:00,44496.0,44656.3,44343.6,44491.7,176522
2025-07-03 00:00:00+00:00,44488.2,44881.0,44442.7,44818.5,111472
2025-07-04 00:00:00+00:00,44816.5,44825.0,44499.3,44555.6,51801
2025-07-07 00:00:00+00:00,44737.5,44849.3,44154.4,44291.2,247960
2025-07-08 00:00:00+00:00,44283.0,44443.8,44200.5,44234.7,213980
2025-07-09 00:00:00+00:00,44245.5,44563.6,44154.0,44459.3,182853
2025-07-10 00:00:00+00:00,44452.1,44778.0,44298.8,44602.8,143264
2025-07-11 00:00:00+00:00,44633.0,44688.0,44258.6,44321.0,223758
2025-07-14 00:00:00+00:00,44180.5,44470.4,44089.3,44438.6,163398
2025-07-15 00:00:00+00:00,44453.5,44598.5,43955.0,43963.4,244956
2025-07-16 00:00:00+00:00,43960.5,44256.9,43753.6,44193.1,274871
2025-07-17 00:00:00+00:00,44198.2,44558.2,44134.9,44508.6,167491
2025-07-18 00:00:00+00:00,44524.0,44649.3,44220.7,44319.0,169978
2025-07-21 00:00:00+00:00,44305.5,44603.4,44287.5,44380.8,133122
2025-07-22 00:00:00+00:00,44383.0,44541.7,44219.3,44535.1,187767
2025-07-23 00:00:00+00:00,44538.5,45022.7,44515.5,44896.3,200726
2025-07-24 00:00:00+00:00,44910.8,44929.1,44661.1,44738.4,176678
2025-07-25 00:00:00+00:00,44756.3,44939.8,44640.9,44888.8,131728
2025-07-28 00:00:00+00:00,45084.0,45133.8,44733.2,44827.4,134870
2025-07-29 00:00:00+00:00,44835.0,44949.8,44563.4,44599.9,165303
2025-07-30 00:00:00+00:00,44601.3,44740.8,44257.3,44490.4,231872
2025-07-31 00:00:00+00:00,44551.3,44693.5,44046.8,44102.3,319867
2025-08-01 00:00:00+00:00,44106.5,44177.5,43318.1,43593.9,357460
2025-08-04 00:00:00+00:00,43598.0,44259.6,43504.1,44257.1,197796
2025-08-05 00:00:00+00:00,44269.6,44307.2,43922.0,44139.9,219054
2025-08-06 00:00:00+00:00,44128.1,44361.8,44012.7,44200.9,203421
2025-08-07 00:00:00+00:00,44167.0,44502.1,43794.1,44008.1,267744
2025-08-08 00:00:00+00:00,44007.6,44278.7,43976.6,44244.5,196894
2025-08-11 00:00:00+00:00,44240.5,44313.3,43909.5,43968.8,184658
2025-08-12 00:00:00+00:00,43975.5,44500.6,43932.0,44444.7,228244
2025-08-13 00:00:00+00:00,44460.5,44966.5,44406.0,44910.2,187029
2025-08-14 00:00:00+00:00,44937.2,45051.1,44676.6,45037.3,222995
2025-08-15 00:00:00+00:00,45041.0,45280.8,44898.3,44903.3,203580
2025-08-18 00:00:00+00:00,44968.0,45033.0,44817.3,44906.3,168266
2025-08-19 00:00:00+00:00,44916.5,45203.0,44754.8,44946.1,381988
2025-08-20 00:00:00+00:00,44946.5,45049.1,44751.6,44931.2,943271
2025-08-21 00:00:00+00:00,44913.5,44950.0,44564.0,44806.6,798141
2025-08-22 00:00:00+00:00,44821.0,45765.6,44670.0,45646.0,969198
2025-08-25 00:00:00+00:00,45656.0,45658.5,45265.5,45320.5,156218
2025-08-26 00:00:00+00:00,45311.0,45456.8,45111.3,45455.8,203823
2025-08-27 00:00:00+00:00,45440.5,45622.6,45380.8,45576.5,153714
2025-08-28 00:00:00+00:00,45595.5,45733.8,45437.1,45598.2,215419
2025-08-29 00:00:00+00:00,45587.0,45621.6,45365.2,45561.0,231347
2025-09-01 00:00:00+00:00,45558.1,45687.5,45468.1,45578.1,56870
2025-09-02 00:00:00+00:00,45575.0,45578.5,44933.1,45252.6,359043
2025-09-03 00:00:00+00:00,45259.5,45317.8,44976.3,45212.0,290345
2025-09-04 00:00:00+00:00,45176.5,45641.2,45155.0,45622.9,194262
2025-09-05 00:00:00+00:00,45606.5,45774.1,45199.6,45387.2,380588
2025-09-08 00:00:00+00:00,45399.5,45543.2,45273.6,45536.9,210607
2025-09-09 00:00:00+00:00,45545.0,45768.4,45430.9,45660.6,220089
2025-09-10 00:00:00+00:00,45648.5,45804.8,45375.0,45483.0,256197
2025-09-11 00:00:00+00:00,45471.0,46136.9,45470.0,46103.7,223728
2025-09-12 00:00:00+00:00,46128.5,46143.0,45813.0,45839.8,160650
2025-09-15 00:00:00+00:00,45840.5,45976.0,45769.0,45853.0,175535
2025-09-16 00:00:00+00:00,45856.5,45965.8,45663.6,45783.6,144820
2025-09-17 00:00:00+00:00,45776.7,46277.0,45680.5,46028.0,224905
2025-09-18 00:00:00+00:00,46032.0,46365.1,45941.8,46205.7,212434
2025-09-19 00:00:00+00:00,46201.4,46393.3,46049.4,46272.9,189819
2025-09-22 00:00:00+00:00,46288.0,46445.8,46030.6,46369.2,153332
2025-09-23 00:00:00+00:00,46376.6,46722.3,46215.4,46313.4,193437
2025-09-24 00:00:00+00:00,46319.0,46459.4,46092.7,46165.4,179715
2025-09-25 00:00:00+00:00,46165.8,46222.0,45783.2,45962.3,237392
2025-09-26 00:00:00+00:00,45961.3,46360.6,45933.4,46295.0,296832
2025-09-29 00:00:00+00:00,46265.0,46484.3,46143.1,46289.6,214254
2025-09-30 00:00:00+00:00,46279.0,46428.6,46100.1,46309.5,262971
2025-10-01 00:00:00+00:00,46342.0,46536.6,46051.3,46414.3,236617
2025-10-02 00:00:00+00:00,46435.0,46598.6,46273.1,46529.5,216726
2025-10-03 00:00:00+00:00,46539.5,47053.6,46500.5,46767.0,233792
2025-10-06 00:00:00+00:00,46804.5,46887.0,46422.1,46697.0,200165
2025-10-07 00:00:00+00:00,46695.5,46877.1,46439.6,46625.0,259360
2025-10-08 00:00:00+00:00,46637.5,46826.6,46502.1,46617.3,169453
2025-10-09 00:00:00+00:00,46627.0,46685.1,46266.1,46368.5,238681
2025-10-10 00:00:00+00:00,46381.5,46646.6,45434.0,45548.0,594360
2025-10-13 00:00:00+00:00,45893.0,46164.1,45750.5,46065.5,377401
2025-10-14 00:00:00+00:00,46087.0,46527.1,45444.6,46260.0,506534
2025-10-15 00:00:00+00:00,46260.0,46701.6,46019.6,46259.4,416293
2025-10-16 00:00:00+00:00,46325.5,46490.8,45779.1,45912.5,594598
2025-10-17 00:00:00+00:00,45930.5,46324.1,45412.8,46230.5,575227
2025-10-20 00:00:00+00:00,46292.5,46760.1,46117.0,46755.5,246870
2025-10-21 00:00:00+00:00,46758.5,47134.1,46616.8,46950.5,279666
2025-10-22 00:00:00+00:00,46925.0,47002.8,46450.1,46527.5,402460
2025-10-23 00:00:00+00:00,46528.5,46803.3,46415.0,46694.8,275791
2025-10-24 00:00:00+00:00,46710.5,47324.6,46702.0,47204.5,233813
2025-10-27 00:00:00+00:00,47512.0,47590.6,47367.6,47569.6,174739
2025-10-28 00:00:00+00:00,47573.1,47940.6,47513.9,47702.6,231604
2025-10-29 00:00:00+00:00,47696.7,48045.1,47447.6,47593.5,333062
2025-10-30 00:00:00+00:00,47549.5,48019.6,47388.8,47574.0,502335
2025-10-31 00:00:00+00:00,47622.0,47719.1,47344.6,47530.5,346657
2025-11-03 00:00:00+00:00,47613.0,47729.0,47127.6,47316.5,274411
2025-11-04 00:00:00+00:00,47327.6,47333.6,46846.9,47165.0,412524
2025-11-05 00:00:00+00:00,47187.5,47458.3,46947.5,47343.9,384731
2025-11-06 00:00:00+00:00,47334.5,47383.8,46785.3,46983.3,481151
2025-11-07 00:00:00+00:00,47008.0,47060.5,46488.3,47021.1,538225
2025-11-10 00:00:00+00:00,47159.0,47410.9,46939.2,47359.4,275488
2025-11-11 00:00:00+00:00,47362.5,47975.0,47316.8,47939.3,271770
2025-11-12 00:00:00+00:00,47919.0,48424.6,47913.5,48276.8,298500
2025-11-13 00:00:00+00:00,48293.5,48401.5,47410.3,47497.3,529803
2025-11-14 00:00:00+00:00,47496.5,47551.5,46849.1,47178.0,593941
2025-11-17 00:00:00+00:00,47077.0,47290.3,46424.5,46627.4,511376
2025-11-18 00:00:00+00:00,46623.0,46674.0,45912.1,46035.2,768182
2025-11-19 00:00:00+00:00,46059.5,46303.6,45901.4,46147.3,618238
2025-11-20 00:00:00+00:00,46172.0,46860.0,45713.0,45754.4,855108
2025-11-21 00:00:00+00:00,45784.0,46580.9,45704.0,46268.8,907833
2025-11-24 00:00:00+00:00,46477.0,46585.6,46098.1,46455.0,414506
2025-11-25 00:00:00+00:00,46440.5,47182.7,46330.6,47125.6,411899
2025-11-26 00:00:00+00:00,47127.7,47569.8,47118.2,47446.0,277468
2025-11-27 00:00:00+00:00,47447.0,47477.0,47380.8,47419.1,37237
2025-11-28 00:00:00+00:00,47435.5,47756.1,47435.5,47703.6,47208
2025-12-01 00:00:00+00:00,47722.5,47731.5,47275.0,47301.5,186889
2025-12-02 00:00:00+00:00,47296.5,47603.0,47207.3,47491.5,175538
2025-12-03 00:00:00+00:00,47491.5,48017.5,47368.7,47975.0,165315
2025-12-04 00:00:00+00:00,47924.5,48064.1,47689.1,47843.0,160764
2025-12-05 00:00:00+00:00,47845.0,48134.0,47760.8,47962.0,145171
2025-12-08 00:00:00+00:00,47976.0,48007.8,47610.0,47752.5,133531
2025-12-09 00:00:00+00:00,47732.5,47953.0,47527.5,47533.0,150024
2025-12-10 00:00:00+00:00,47552.5,48197.6,47455.5,48108.0,191411
2025-12-11 00:00:00+00:00,48104.0,48780.0,47813.5,48768.5,204732
2025-12-12 00:00:00+00:00,48828.5,48878.0,48326.6,48491.0,215676
2025-12-15 00:00:00+00:00,48485.0,48718.0,48274.6,48448.0,659557
2025-12-16 00:00:00+00:00,48447.5,48520.5,47937.6,48090.5,937986
2025-12-17 00:00:00+00:00,48089.0,48385.1,47859.0,47916.5,901992
2025-12-18 00:00:00+00:00,47908.0,48380.0,47803.0,47907.0,740811
2025-12-19 00:00:00+00:00,47883.0,48294.5,47781.5,48139.5,519486
2025-12-22 00:00:00+00:00,48232.0,48452.6,48123.8,48342.3,1128276
2025-12-23 00:00:00+00:00,48356.5,48528.1,48205.6,48409.0,1000113
2025-12-24 00:00:00+00:00,48425.9,48775.9,48372.0,48711.2,563133
2025-12-26 00:00:00+00:00,48731.2,48775.7,48565.0,48692.9,832782
2025-12-29 00:00:00+00:00,48730.7,48770.0,48384.0,48478.8,1189632
2025-12-30 00:00:00+00:00,48473.5,48493.6,48297.7,48403.5,1049136
2025-12-31 00:00:00+00:00,48408.3,48421.0,48041.4,48076.6,1078551
2026-01-02 00:00:00+00:00,48111.6,48389.1,47829.4,48356.2,1491303
2026-01-05 00:00:00+00:00,48382.0,49217.1,48311.1,48972.4,1548861
2026-01-06 00:00:00+00:00,48990.2,49516.7,48845.9,49496.0,1335102
2026-01-07 00:00:00+00:00,49499.3,49629.6,48936.0,48987.5,1351936
2026-01-08 00:00:00+00:00,49018.1,49368.5,48767.5,49333.4,1584987
2026-01-09 00:00:00+00:00,49355.1,49565.1,49179.1,49484.4,1456599
2026-01-12 00:00:00+00:00,49443.0,49623.1,48981.2,49528.5,1443906
2026-01-13 00:00:00+00:00,49540.9,49676.6,49053.6,49162.9,1521561
2026-01-14 00:00:00+00:00,49155.8,49186.1,48843.0,49088.8,1813236
2026-01-15 00:00:00+00:00,49097.4,49594.0,49054.0,49446.3,1635027
2026-01-16 00:00:00+00:00,49458.8,49590.9,49215.8,49331.6,1460067
2026-01-19 00:00:00+00:00,49099.0,49117.5,48854.5,48948.8,843869
2026-01-20 00:00:00+00:00,48929.0,48979.5,48411.0,48527.9,2901828
2026-01-21 00:00:00+00:00,48539.4,49287.6,48299.8,49083.8,2823936
2026-01-22 00:00:00+00:00,49115.9,49610.2,49061.5,49321.3,2379548
2026-01-23 00:00:00+00:00,49335.4,49436.5,48933.0,48980.7,2233972
2026-01-26 00:00:00+00:00,48767.0,49471.8,48743.0,49201.8,2210608
2026-01-27 00:00:00+00:00,49235.0,49402.0,48844.8,48964.5,1869592
2026-01-28 00:00:00+00:00,48958.6,49132.4,48833.6,48964.7,2343244
2026-01-29 00:00:00+00:00,48986.0,49291.7,48570.6,48952.8,3264793
2026-01-30 00:00:00+00:00,48982.5,49019.8,48421.1,48848.5,3399104
2026-02-02 00:00:00+00:00,48727.0,49475.6,48378.4,49361.0,3265740
2026-02-03 00:00:00+00:00,49364.1,49643.0,48808.8,49242.0,2870556
2026-02-04 00:00:00+00:00,49268.9,49643.2,49099.9,49432.6,2817192
2026-02-05 00:00:00+00:00,49415.9,49577.5,48732.5,48762.5,3479287
2026-02-06 00:00:00+00:00,48774.4,50165.3,48600.6,50087.9,3070868
2026-02-09 00:00:00+00:00,50196.0,50246.7,49816.0,50104.8,2511695
2026-02-10 00:00:00+00:00,50109.1,50516.3,50012.3,50238.9,2422708
2026-02-11 00:00:00+00:00,50255.6,50497.7,49889.8,50114.5,2471988
2026-02-12 00:00:00+00:00,50129.4,50440.9,49414.8,49475.7,2734260
2026-02-13 00:00:00+00:00,49467.0,49729.6,49068.6,49449.6,3286424
2026-02-16 00:00:00+00:00,49531.1,49752.6,49436.5,49537.1,1091564
2026-02-17 00:00:00+00:00,49541.4,49726.1,49172.4,49550.9,2920820
2026-02-18 00:00:00+00:00,49547.0,49895.8,49421.2,49640.5,2266296
2026-02-19 00:00:00+00:00,49608.4,49718.2,49186.7,49349.2,2478980
2026-02-20 00:00:00+00:00,49374.1,49706.7,49141.1,49615.0,2608188
2026-02-23 00:00:00+00:00,49587.0,49709.3,48721.9,48833.7,2626126
2026-02-24 00:00:00+00:00,48855.4,49291.6,48751.9,49148.5,2371404
2026-02-25 00:00:00+00:00,49166.0,49530.6,49079.2,49445.5,2006116
2026-02-26 00:00:00+00:00,49460.4,49829.5,49226.3,49309.8,2485412
2026-02-27 00:00:00+00:00,49284.7,49351.5,48654.5,48882.4,2631432
2026-03-02 00:00:00+00:00,48441.0,49063.0,48106.6,48867.5,2610175
2026-03-03 00:00:00+00:00,48855.1,48872.3,47620.8,48429.0,2969847
2026-03-04 00:00:00+00:00,48430.8,48866.3,48215.5,48758.5,2719533
2026-03-05 00:00:00+00:00,48722.3,48829.1,47556.0,47882.5,2743107
2026-03-06 00:00:00+00:00,47900.6,48076.0,46978.6,47397.0,2729058
2026-03-09 00:00:00+00:00,46833.5,47876.0,46286.8,47683.8,2992377
2026-03-10 00:00:00+00:00,47702.9,48216.9,47426.0,47713.8,2839690
2026-03-11 00:00:00+00:00,47732.5,47926.0,47181.8,47343.1,2247034
2026-03-12 00:00:00+00:00,47312.5,47343.0,46655.2,46724.3,2024808
2026-03-13 00:00:00+00:00,46746.0,47129.1,46425.8,46532.9,2033277
2026-03-16 00:00:00+00:00,46462.1,47189.0,46420.8,46932.4,2355222
2026-03-17 00:00:00+00:00,46912.2,47411.3,46657.5,46993.8,2039316
2026-03-18 00:00:00+00:00,47016.8,47299.7,46035.0,46065.2,2082099
2026-03-19 00:00:00+00:00,46146.3,46298.4,45725.9,46089.9,2456970
2026-03-20 00:00:00+00:00,46096.7,46240.0,45356.3,45688.0,2247279
2026-03-23 00:00:00+00:00,45353.9,46925.8,45170.2,46223.0,2949300
2026-03-24 00:00:00+00:00,46219.5,46601.5,45743.3,46391.2,2686332
2026-03-25 00:00:00+00:00,46411.8,46733.1,46189.7,46415.3,2264046
2026-03-26 00:00:00+00:00,46425.0,46553.3,45886.4,46023.7,2229567
2026-03-27 00:00:00+00:00,46057.4,46235.5,44997.9,45041.7,2327172
2026-03-30 00:00:00+00:00,44928.5,45669.8,44810.4,45205.1,2308932
2026-03-31 00:00:00+00:00,45205.4,46385.2,45037.0,46304.3,2746132
2026-04-01 00:00:00+00:00,46223.4,46802.9,46222.9,46571.8,2244687
2026-04-02 00:00:00+00:00,46576.0,46736.1,45828.2,46497.0,2268537
2026-04-03 00:00:00+00:00,46504.2,46621.3,46348.3,46395.3,315162
2026-04-06 00:00:00+00:00,46181.5,46806.7,46119.0,46764.0,1660395
2026-04-07 00:00:00+00:00,46760.3,46808.3,46192.7,46638.4,2508741
2026-04-08 00:00:00+00:00,46806.3,48039.0,46611.0,47879.0,2108916
2026-04-09 00:00:00+00:00,47848.5,48321.2,47667.4,48180.7,1691187
2026-04-10 00:00:00+00:00,48153.3,48278.8,47840.6,47924.7,1401957
2026-04-13 00:00:00+00:00,47438.8,48234.6,47311.5,48226.7,1429836
2026-04-14 00:00:00+00:00,48218.2,48593.9,48127.1,48571.6,1255407
2026-04-15 00:00:00+00:00,48512.4,48695.4,48267.8,48489.1,1233180
2026-04-16 00:00:00+00:00,48493.2,48666.5,48324.8,48623.5,1276104
2026-04-17 00:00:00+00:00,48615.3,49731.9,48614.8,49454.5,1372503
2026-04-20 00:00:00+00:00,48905.7,49524.1,48899.5,49488.5,1360980
2026-04-21 00:00:00+00:00,49482.4,49842.4,49028.9,49282.8,1529394
2026-04-22 00:00:00+00:00,49304.5,49615.1,49224.3,49294.2,1306692
2026-04-23 00:00:00+00:00,49343.4,49522.5,48856.1,49205.7,1702311
2026-04-24 00:00:00+00:00,49251.1,49418.9,49063.8,49197.3,1463400
2026-04-27 00:00:00+00:00,49139.8,49357.1,49024.2,49178.4,1161585
2026-04-28 00:00:00+00:00,49188.2,49386.7,49069.6,49191.9,1284460
2026-04-29 00:00:00+00:00,49207.0,49264.6,48635.9,48643.5,1469004
2026-04-30 00:00:00+00:00,48668.9,49790.8,48464.3,49762.7,1498269
2026-05-01 00:00:00+00:00,49763.4,49980.0,49452.8,49454.0,1113639
2026-05-04 00:00:00+00:00,49623.6,49631.4,48870.8,48926.8,1518354
2026-05-05 00:00:00+00:00,48952.5,49341.4,48924.5,49259.5,1116081
2026-05-06 00:00:00+00:00,49263.3,50019.2,49224.8,49907.5,1553409
2026-05-07 00:00:00+00:00,49902.5,50119.6,49459.3,49515.0,1655103
2026-05-08 00:00:00+00:00,49489.7,49840.3,49467.8,49586.7,1360881
2026-05-11 00:00:00+00:00,49475.1,49761.5,49364.7,49703.2,1342524
2026-05-12 00:00:00+00:00,49692.6,49819.2,49292.6,49762.5,1632999
2026-05-13 00:00:00+00:00,49746.2,49813.0,49437.2,49797.4,1439481
2026-05-14 00:00:00+00:00,49799.2,50201.1,49780.3,50065.3,1548795
2026-05-15 00:00:00+00:00,50028.6,50049.5,49325.3,49358.7,1919511
2026-05-18 00:00:00+00:00,49392.4,49754.8,49060.6,49652.9,2253810
2026-05-19 00:00:00+00:00,49638.7,49745.1,49229.8,49336.6,2085612
2026-05-20 00:00:00+00:00,49352.1,50076.0,49210.1,49956.5,1969119
2026-05-21 00:00:00+00:00,49961.6,50377.8,49684.4,50312.5,1919088
2026-05-22 00:00:00+00:00,50309.2,50822.7,50309.2,50583.3,1475052
2026-05-25 00:00:00+00:00,50810.8,51128.2,50782.3,51057.7,558819
2026-05-26 00:00:00+00:00,51022.6,51049.1,50336.6,50429.3,1883814
2026-05-27 00:00:00+00:00,50434.7,50823.6,50426.5,50717.0,1939605
2026-05-28 00:00:00+00:00,50734.7,50782.3,50316.0,50693.5,1954521
2026-05-29 00:00:00+00:00,50687.7,51071.6,50632.4,50978.6,1978224
2026-06-01 00:00:00+00:00,50973.5,51306.4,50746.7,51028.5,1850565
2026-06-02 00:00:00+00:00,51005.1,51377.4,50776.1,51362.5,1900269
2026-06-03 00:00:00+00:00,51337.2,51347.1,50664.8,50686.4,2156922
2026-06-04 00:00:00+00:00,50709.6,51678.1,50678.4,51590.0,2396835
2026-06-05 00:00:00+00:00,51583.0,51753.3,50662.7,50688.4,3571560
2026-06-08 00:00:00+00:00,50642.5,51268.6,50560.8,50761.2,3911748
2026-06-09 00:00:00+00:00,50767.1,51255.4,50203.3,50817.6,4881609
2026-06-10 00:00:00+00:00,50805.1,50842.7,49810.5,49857.9,4952352
2026-06-11 00:00:00+00:00,49830.4,50955.4,49694.9,50850.5,4436756
2026-06-12 00:00:00+00:00,50854.5,51404.2,50792.0,51225.5,3057984
2026-06-15 00:00:00+00:00,51463.0,51941.7,51406.7,51694.4,2131663
2026-06-16 00:00:00+00:00,51711.6,52199.3,51639.7,52024.1,2513733
2026-06-17 00:00:00+00:00,51974.7,52280.4,51386.1,51593.5,3032610
2026-06-18 00:00:00+00:00,51615.5,51934.7,51522.4,51606.7,2939943
2026-06-19 00:00:00+00:00,51643.7,51651.3,51378.5,51474.6,682389
2026-06-22 00:00:00+00:00,51403.1,51892.7,51299.1,51756.5,2547009
2026-06-23 00:00:00+00:00,51762.7,51880.3,51285.9,51724.3,3327522
2026-06-24 00:00:00+00:00,51706.8,52281.0,51538.3,51999.4,3567903
2026-06-25 00:00:00+00:00,51967.2,52682.1,51802.9,52040.0,3458001
2026-06-26 00:00:00+00:00,52025.1,52126.4,51591.4,51868.5,3718362
2026-06-29 00:00:00+00:00,51834.5,52291.7,51816.4,52129.0,2781186
2026-06-30 00:00:00+00:00,52160.0,52367.1,51986.8,52171.3,1817862
2026-07-01 00:00:00+00:00,52209.6,52725.6,52001.9,52221.1,2094090
2026-07-02 00:00:00+00:00,52255.3,52853.6,52184.7,52799.0,3057489
2026-07-03 00:00:00+00:00,52825.0,53065.1,52738.6,52824.6,568983
2026-07-06 00:00:00+00:00,52859.1,53072.4,52615.4,53069.6,1815231
2026-07-07 00:00:00+00:00,53083.7,53333.4,52757.8,52879.6,1957188
2026-07-08 00:00:00+00:00,52869.7,52901.5,52036.4,52250.3,3040299
2026-07-09 00:00:00+00:00,52259.9,52569.4,52205.5,52417.0,1890657
2026-07-10 00:00:00+00:00,52449.1,52696.0,52216.8,52675.6,1642776
2026-07-13 00:00:00+00:00,52566.5,52830.2,52319.8,52437.5,2035611
2026-07-14 00:00:00+00:00,52457.8,52715.6,51993.3,52543.0,2682882
2026-07-15 00:00:00+00:00,52539.8,52830.4,52424.1,52642.5,1957665
2026-07-16 00:00:00+00:00,52647.7,52848.6,52351.3,52484.3,2301642
2026-07-17 00:00:00+00:00,52524.9,52583.1,51922.1,52099.5,2988906
2026-07-20 00:00:00+00:00,52062.3,52394.3,51758.3,51872.7,2313315
2026-07-21 00:00:00+00:00,51885.5,52371.2,51809.2,52193.5,1757238
2026-07-22 00:00:00+00:00,52197.7,52498.4,52043.6,52248.5,2159046
2026-07-23 00:00:00+00:00,52233.5,52297.7,51509.7,51697.5,3109068
2026-07-24 00:00:00+00:00,51705.5,52106.3,51646.3,51874.0,2944410
2026-07-27 00:00:00+00:00,52250.1,52595.0,51977.8,52234.6,2989110
2026-07-28 00:00:00+00:00,52232.6,52914.7,52096.4,52715.9,2856855
2026-07-29 00:00:00+00:00,52706.6,52828.8,51431.3,51527.8,3902793
2026-07-30 00:00:00+00:00,51609.0,52315.3,51564.0,52253.5,3424065
2026-07-31 00:00:00+00:00,52233.5,52620.3,51971.0,52499.5,2638200
2026-08-03 00:00:00+00:00,52704.5,53271.1,52633.9,53250.0,1853901
2026-08-04 00:00:00+00:00,53228.0,54279.4,53138.3,54228.8,2044569
2026-08-05 00:00:00+00:00,54209.4,54731.9,54191.8,54406.8,2021166
2026-08-06 00:00:00+00:00,54420.0,54535.2,53809.9,53839.0,2041575
2026-08-07 00:00:00+00:00,53877.3,54068.3,53746.4,53986.8,1801032
2026-08-10 00:00:00+00:00,53946.0,54044.1,53826.6,53932.0,1443081
2026-08-11 00:00:00+00:00,53944.8,54223.8,53742.6,53790.7,1404486
2026-08-12 00:00:00+00:00,53803.3,53991.3,53736.7,53757.0,1342353
2026-08-13 00:00:00+00:00,53771.5,54041.2,53607.4,53854.1,1325436
2026-08-14 00:00:00+00:00,53862.9,53898.6,53645.1,53680.4,1160829
2026-08-17 00:00:00+00:00,53715.0,53752.6,53382.8,53428.5,1215270
2026-08-18 00:00:00+00:00,53446.0,53516.3,53239.2,53332.3,1603509
2026-08-19 00:00:00+00:00,53346.2,53710.4,53265.5,53458.3,1978509
2026-08-20 00:00:00+00:00,53461.5,53511.3,52732.7,52778.5,1799491
